全国地方公共団体コード,ID,地方公共団体名,名称,名称_カナ,名称_英語,所在地_全国地方公共団体コード,町字ID,所在地_連結表記,所在地_都道府県,所在地_市区町村,所在地_町字,所在地_番地以下,建物名等(方書),設置位置,緯度,経度,高度の種別,高度の値,男性トイレ総数,男性トイレ数（小便器）,男性トイレ数（和式）,男性トイレ数（洋式）,女性トイレ総数,女性トイレ数（和式）,女性トイレ数（洋式）,男女共用トイレ総数,男女共用トイレ数（和式）,男女共用トイレ数（洋式）,バリアフリートイレ数,車椅子使用者用トイレ有無,乳幼児用設備設置トイレ有無,オストメイト設置トイレ有無,利用開始時間,利用終了時間,利用可能時間特記事項,画像,画像_ライセンス,備考
041009,000000000001,宮城県仙台市,仙台市公文書館,センダイシコウブンショカン,,041017,0012005,宮城県仙台市青葉区貝ケ森五丁目6-1,宮城県,仙台市,青葉区貝ケ森五丁目,6-1,,1階事務室前,38.286596,140.839212,,,4,2,0,2,4,0,4,,,,1,有,有,有,09:00,17:00,最終入館時間16:30,,,
041009,000000000002,宮城県仙台市,せんだい3.11メモリアル交流館,センダイサンテンイチイチメモリアルコウリュウカン,Sendai 3/11 Memorial Community Center,041033,0084112,宮城県仙台市若林区荒井字沓形85-4地下鉄東西線荒井駅舎内,宮城県,仙台市,若林区荒井字沓形,85-4,地下鉄東西線荒井駅舎内,１階階段横,38.24493,140.9481,階数,1,2,1,,1,1,,1,,,,,無,無,無,10:00,17:00,毎週月曜日、祝日の翌日、年末年始休館,,,
041009,000000000003,宮城県仙台市,せんだい3.11メモリアル交流館,センダイサンテンイチイチメモリアルコウリュウカン,Sendai 3/11 Memorial Community Center,041033,0084112,宮城県仙台市若林区荒井字沓形85-4地下鉄東西線荒井駅舎内,宮城県,仙台市,若林区荒井字沓形,85-4,地下鉄東西線荒井駅舎内,2階事務室横,38.244930,140.948100,階数,2,3,2,0,1,2,0,3,0,0,0,0,無,無,無,10:00,17:00,毎週月曜日、祝日の翌日、年末年始休館,,,
041009,000000000004,宮城県仙台市,せんだい3.11メモリアル交流館,センダイサンテンイチイチメモリアルコウリュウカン,Sendai 3/11 Memorial Community Center,041033,0084112,宮城県仙台市若林区荒井字沓形85-4地下鉄東西線荒井駅舎内,宮城県,仙台市,若林区荒井字沓形,85-4,地下鉄東西線荒井駅舎内,2階スタジオ横,38.24493,140.9481,階数,2,0,0,0,0,0,0,0,0,0,0,1,有,有,無,10:00,17:00,毎週月曜日、祝日の翌日、年末年始休館,,,
041009,000000000005,宮城県仙台市,震災遺構仙台市立荒浜小学校,シンサイイコウセンダイシリツアラハマショウガッコウ,Ruins of the Great East Japan Earthquake:Sendai Arahama Elementary School,041033,0083121,宮城県仙台市若林区荒浜字新堀端32-1,宮城県,仙台市,若林区荒浜字新堀端,32-1,,1階管理事務所,38.22224,140.9808,階数,1,5,4,,1,5,,5,,,,1,有,有,有,09:30,16:00,月曜日及び第4木曜日（祝日を除く）、年末年始休館,,,
041009,000000000006,宮城県仙台市,仙台市役所,センダイシヤクショ,,041017,0009003,宮城県仙台市青葉区国分町三丁目7-1,宮城県,仙台市,青葉区国分町三丁目,7-1,,1階階段横,38.27098,140.86934,階数,1,9,5,1,3,3,0,3,0,0,0,0,無,無,無,08:30,17:00,土曜日曜祝日及び年末年始は利用不可,,,
041009,000000000007,宮城県仙台市,仙台市役所,センダイシヤクショ,,041017,0009003,宮城県仙台市青葉区国分町三丁目7-1,宮城県,仙台市,青葉区国分町三丁目,7-1,,1階男女トイレ向い,38.27098,140.86934,階数,1,0,0,0,0,0,0,0,2,0,2,2,有,有,有,08:30,17:00,土曜日曜祝日及び年末年始は利用不可,,,
041009,000000000008,宮城県仙台市,仙台市役所,センダイシヤクショ,,041017,0009003,宮城県仙台市青葉区国分町三丁目7-1,宮城県,仙台市,青葉区国分町三丁目,7-1,,地下1階階段横,38.27098,140.86934,階数,-1,9,5,2,2,3,1,2,0,0,0,0,無,無,無,08:30,17:00,土曜日曜祝日及び年末年始は利用不可,,,
041009,000000000009,宮城県仙台市,仙台市役所,センダイシヤクショ,,041017,0009003,宮城県仙台市青葉区国分町三丁目7-1,宮城県,仙台市,青葉区国分町三丁目,7-1,,2階階段横,38.27098,140.86934,階数,2,9,5,2,2,3,1,2,0,0,0,0,無,無,無,08:30,17:00,土曜日曜祝日及び年末年始は利用不可,,,
041009,000000000010,宮城県仙台市,仙台市役所,センダイシヤクショ,,041017,0009003,宮城県仙台市青葉区国分町三丁目7-1,宮城県,仙台市,青葉区国分町三丁目,7-1,,3階階段横,38.27098,140.86934,階数,3,9,5,2,2,3,1,2,0,0,0,0,無,無,無,08:30,17:00,土曜日曜祝日及び年末年始は利用不可,,,
041009,000000000011,宮城県仙台市,仙台市役所,センダイシヤクショ,,041017,0009003,宮城県仙台市青葉区国分町三丁目7-1,宮城県,仙台市,青葉区国分町三丁目,7-1,,4階階段横,38.27098,140.86934,階数,4,9,5,2,2,3,1,2,0,0,0,0,無,無,無,08:30,17:00,土曜日曜祝日及び年末年始は利用不可,,,
041009,000000000012,宮城県仙台市,仙台市役所,センダイシヤクショ,,041017,0009003,宮城県仙台市青葉区国分町三丁目7-1,宮城県,仙台市,青葉区国分町三丁目,7-1,,5階階段横,38.27098,140.86934,階数,5,9,5,2,2,3,1,2,0,0,0,0,無,無,無,08:30,17:00,土曜日曜祝日及び年末年始は利用不可,,,
041009,000000000013,宮城県仙台市,仙台市役所,センダイシヤクショ,,041017,0009003,宮城県仙台市青葉区国分町三丁目7-1,宮城県,仙台市,青葉区国分町三丁目,7-1,,6階階段横,38.27098,140.86934,階数,6,9,5,2,2,3,1,2,0,0,0,0,無,無,無,08:30,17:00,土曜日曜祝日及び年末年始は利用不可,,,
041009,000000000014,宮城県仙台市,仙台市役所,センダイシヤクショ,,041017,0009003,宮城県仙台市青葉区国分町三丁目7-1,宮城県,仙台市,青葉区国分町三丁目,7-1,,7階階段横,38.27098,140.86934,階数,7,9,5,0,4,3,0,3,0,0,0,0,無,無,無,08:30,17:00,土曜日曜祝日及び年末年始は利用不可,,,
041009,000000000015,宮城県仙台市,仙台市役所,センダイシヤクショ,,041017,0009003,宮城県仙台市青葉区国分町三丁目7-1,宮城県,仙台市,青葉区国分町三丁目,7-1,,8階階段横,38.27098,140.86934,階数,8,8,5,0,3,3,0,3,1,0,1,1,有,有,無,08:30,17:00,土曜日曜祝日及び年末年始は利用不可,,,
041009,000000000016,宮城県仙台市,北庁舎,キタチョウシャ,,041017,0078000,宮城県仙台市青葉区二日町1-1,宮城県,仙台市,青葉区二日町,1-1,,1階階段横,38.26901,140.86956,階数,1,4,2,1,1,2,1,1,0,0,0,0,無,無,無,08:30,17:00,土曜日曜祝日及び年末年始は利用不可,,,
041009,000000000017,宮城県仙台市,北庁舎,キタチョウシャ,,041017,0078000,宮城県仙台市青葉区二日町1-1,宮城県,仙台市,青葉区二日町,1-1,,1階南側出入口横,38.26901,140.86956,階数,1,0,0,0,0,0,0,0,1,0,1,1,有,有,無,08:30,17:00,土曜日曜祝日及び年末年始は利用不可,,,
041009,000000000018,宮城県仙台市,北庁舎,キタチョウシャ,,041017,0078000,宮城県仙台市青葉区二日町1-1,宮城県,仙台市,青葉区二日町,1-1,,地下1階階段横,38.26901,140.86956,階数,-1,4,2,1,1,2,1,1,0,0,0,0,無,無,無,08:30,17:00,土曜日曜祝日及び年末年始は利用不可,,,
041009,000000000019,宮城県仙台市,北庁舎,キタチョウシャ,,041017,0078000,宮城県仙台市青葉区二日町1-1,宮城県,仙台市,青葉区二日町,1-1,,2階階段横,38.26901,140.86956,階数,2,4,2,1,1,2,1,1,0,0,0,0,無,無,無,08:30,17:00,土曜日曜祝日及び年末年始は利用不可,,,
041009,000000000020,宮城県仙台市,北庁舎,キタチョウシャ,,041017,0078000,宮城県仙台市青葉区二日町1-1,宮城県,仙台市,青葉区二日町,1-1,,3階階段横,38.26901,140.86956,階数,3,4,2,1,1,2,1,1,0,0,0,0,無,無,無,08:30,17:00,土曜日曜祝日及び年末年始は利用不可,,,
041009,000000000021,宮城県仙台市,北庁舎,キタチョウシャ,,041017,0078000,宮城県仙台市青葉区二日町1-1,宮城県,仙台市,青葉区二日町,1-1,,4階階段横,38.26901,140.86956,階数,4,4,2,1,1,2,1,1,0,0,0,0,無,無,無,08:30,17:00,土曜日曜祝日及び年末年始は利用不可,,,
041009,000000000022,宮城県仙台市,北庁舎,キタチョウシャ,,041017,0078000,宮城県仙台市青葉区二日町1-1,宮城県,仙台市,青葉区二日町,1-1,,5階階段横,38.26901,140.86956,階数,5,4,2,1,1,2,1,1,0,0,0,0,無,無,無,08:30,17:00,土曜日曜祝日及び年末年始は利用不可,,,
041009,000000000023,宮城県仙台市,二日町分庁舎,フツカマチブンチョウシャ,,041017,0078000,宮城県仙台市青葉区二日町4-3,宮城県,仙台市,青葉区二日町,4-3,,1階階段横,38.2683,140.86645,階数,1,3,2,1,0,2,2,0,1,0,1,1,有,無,無,08:30,17:00,土曜日曜祝日及び年末年始は利用不可,,,
041009,000000000024,宮城県仙台市,二日町分庁舎,フツカマチブンチョウシャ,,041017,0078000,宮城県仙台市青葉区二日町4-3,宮城県,仙台市,青葉区二日町,4-3,,2階階段横,38.2683,140.86645,階数,2,3,2,1,0,2,2,0,0,0,0,0,無,無,無,08:30,17:00,土曜日曜祝日及び年末年始は利用不可,,,
041009,000000000025,宮城県仙台市,二日町分庁舎,フツカマチブンチョウシャ,,041017,0078000,宮城県仙台市青葉区二日町4-3,宮城県,仙台市,青葉区二日町,4-3,,3階階段横,38.2683,140.86645,階数,3,3,2,0,1,2,0,2,0,0,0,0,無,無,無,08:30,17:00,土曜日曜祝日及び年末年始は利用不可,,,
041009,000000000026,宮城県仙台市,国分町分庁舎,コクブンチョウブンチョウシャ,,041017,0009003,宮城県仙台市青葉区国分町三丁目10-10,宮城県,仙台市,青葉区国分町三丁目,10-10,,1階階段向い,38.26773,140.86706,階数,1,3,2,0,1,2,0,2,0,0,0,0,無,無,無,08:30,17:00,土曜日曜祝日及び年末年始は利用不可,,,
041009,000000000027,宮城県仙台市,国分町分庁舎,コクブンチョウブンチョウシャ,,041017,0009003,宮城県仙台市青葉区国分町三丁目10-10,宮城県,仙台市,青葉区国分町三丁目,10-10,,2階西側階段向い,38.26773,140.86706,階数,2,3,2,0,1,2,0,2,0,0,0,0,無,無,無,08:30,17:00,土曜日曜祝日及び年末年始は利用不可,,,
041009,000000000028,宮城県仙台市,国分町分庁舎,コクブンチョウブンチョウシャ,,041017,0009003,宮城県仙台市青葉区国分町三丁目10-10,宮城県,仙台市,青葉区国分町三丁目,10-10,,3階西側階段向い,38.26773,140.86706,階数,3,3,2,0,1,2,0,2,0,0,0,0,無,無,無,08:30,17:00,土曜日曜祝日及び年末年始は利用不可,,,
041009,000000000029,宮城県仙台市,国分町分庁舎,コクブンチョウブンチョウシャ,,041017,0009003,宮城県仙台市青葉区国分町三丁目10-10,宮城県,仙台市,青葉区国分町三丁目,10-10,,4階西側階段向い,38.26773,140.86706,階数,4,3,2,0,1,2,0,2,0,0,0,0,無,無,無,08:30,17:00,土曜日曜祝日及び年末年始は利用不可,,,
041009,000000000030,宮城県仙台市,国分町分庁舎,コクブンチョウブンチョウシャ,,041017,0009003,宮城県仙台市青葉区国分町三丁目10-10,宮城県,仙台市,青葉区国分町三丁目,10-10,,4階東側階段横,38.26773,140.86706,階数,4,0,0,0,0,0,0,0,1,0,1,1,有,無,無,08:30,17:00,土曜日曜祝日及び年末年始は利用不可,,,
041009,000000000031,宮城県仙台市,国分町分庁舎,コクブンチョウブンチョウシャ,,041017,0009003,宮城県仙台市青葉区国分町三丁目10-10,宮城県,仙台市,青葉区国分町三丁目,10-10,,5階西側階段向い,38.26773,140.86706,階数,5,3,2,0,1,2,0,2,0,0,0,0,無,無,無,08:30,17:00,土曜日曜祝日及び年末年始は利用不可,,,
041009,000000000032,宮城県仙台市,錦町庁舎,ニシキチョウチョウシャ,,041017,0037001,宮城県仙台市青葉区錦町一丁目3-9,宮城県,仙台市,青葉区錦町一丁目,3-9,,1階階段横,38.26773,140.87631,階数,1,4,2,1,1,3,1,2,1,0,1,1,有,無,無,08:30,17:00,土曜日曜祝日及び年末年始は利用不可,,,
041009,000000000033,宮城県仙台市,錦町庁舎,ニシキチョウチョウシャ,,041017,0037001,宮城県仙台市青葉区錦町一丁目3-9,宮城県,仙台市,青葉区錦町一丁目,3-9,,2階階段横,38.26773,140.87631,階数,2,5,3,0,2,3,1,2,0,0,0,0,無,無,無,08:30,17:00,土曜日曜祝日及び年末年始は利用不可,,,
041009,000000000034,宮城県仙台市,錦町庁舎,ニシキチョウチョウシャ,,041017,0037001,宮城県仙台市青葉区錦町一丁目3-9,宮城県,仙台市,青葉区錦町一丁目,3-9,,3階階段横,38.26773,140.87631,階数,3,5,3,1,1,3,1,2,0,0,0,0,無,無,無,08:30,17:00,土曜日曜祝日及び年末年始は利用不可,,,
041009,000000000035,宮城県仙台市,上杉分庁舎,カミスギブンチョウシャ,,041017,0043001,宮城県仙台市青葉区上杉一丁目5-12,宮城県,仙台市,青葉区上杉一丁目,5-12,,1階玄関横,38.27018,140.86919,階数,1,1,0,0,1,1,0,1,0,0,0,2,有,有,有,08:30,17:00,土曜日曜祝日及び年末年始は利用不可,,,
041009,000000000036,宮城県仙台市,上杉分庁舎,カミスギブンチョウシャ,,041017,0043001,宮城県仙台市青葉区上杉一丁目5-12,宮城県,仙台市,青葉区上杉一丁目,5-12,,2階北側,38.27018,140.86919,階数,2,0,0,0,0,0,0,0,1,0,1,1,有,有,無,08:30,17:00,土曜日曜祝日及び年末年始は利用不可,,,
041009,000000000037,宮城県仙台市,上杉分庁舎,カミスギブンチョウシャ,,041017,0043001,宮城県仙台市青葉区上杉一丁目5-12,宮城県,仙台市,青葉区上杉一丁目,5-12,,2階北側,38.27018,140.86919,階数,2,4,2,0,2,2,0,2,0,0,0,0,無,無,無,08:30,17:00,土曜日曜祝日及び年末年始は利用不可,,,
041009,000000000038,宮城県仙台市,上杉分庁舎,カミスギブンチョウシャ,,041017,0043001,宮城県仙台市青葉区上杉一丁目5-12,宮城県,仙台市,青葉区上杉一丁目,5-12,,3階北側,38.27018,140.86919,階数,3,0,0,0,0,0,0,0,1,0,1,1,有,有,無,08:30,17:00,土曜日曜祝日及び年末年始は利用不可,,,
041009,000000000039,宮城県仙台市,上杉分庁舎,カミスギブンチョウシャ,,041017,0043001,宮城県仙台市青葉区上杉一丁目5-12,宮城県,仙台市,青葉区上杉一丁目,5-12,,3階北側,38.27018,140.86919,階数,3,4,2,0,2,2,0,2,0,0,0,0,無,無,無,08:30,17:00,土曜日曜祝日及び年末年始は利用不可,,,
041009,000000000040,宮城県仙台市,上杉分庁舎,カミスギブンチョウシャ,,041017,0043001,宮城県仙台市青葉区上杉一丁目5-12,宮城県,仙台市,青葉区上杉一丁目,5-12,,4階北側,38.27018,140.86919,階数,4,0,0,0,0,0,0,0,1,0,1,1,有,有,無,08:30,17:00,土曜日曜祝日及び年末年始は利用不可,,,
041009,000000000041,宮城県仙台市,上杉分庁舎,カミスギブンチョウシャ,,041017,0043001,宮城県仙台市青葉区上杉一丁目5-12,宮城県,仙台市,青葉区上杉一丁目,5-12,,4階北側,38.27018,140.86919,階数,4,4,2,0,2,2,0,2,0,0,0,0,無,無,無,08:30,17:00,土曜日曜祝日及び年末年始は利用不可,,,
041009,000000000042,宮城県仙台市,上杉分庁舎,カミスギブンチョウシャ,,041017,0043001,宮城県仙台市青葉区上杉一丁目5-12,宮城県,仙台市,青葉区上杉一丁目,5-12,,5階北側,38.27018,140.86919,階数,5,0,0,0,0,0,0,0,1,0,1,1,有,有,無,08:30,17:00,土曜日曜祝日及び年末年始は利用不可,,,
041009,000000000043,宮城県仙台市,上杉分庁舎,カミスギブンチョウシャ,,041017,0043001,宮城県仙台市青葉区上杉一丁目5-12,宮城県,仙台市,青葉区上杉一丁目,5-12,,5階北側,38.27018,140.86919,階数,5,4,2,0,2,2,0,2,0,0,0,0,無,無,無,08:30,17:00,土曜日曜祝日及び年末年始は利用不可,,,
041009,000000000044,宮城県仙台市,上杉分庁舎,カミスギブンチョウシャ,,041017,0043001,宮城県仙台市青葉区上杉一丁目5-12,宮城県,仙台市,青葉区上杉一丁目,5-12,,6階北側,38.27018,140.86919,階数,6,0,0,0,0,0,0,0,1,0,1,1,有,有,無,08:30,17:00,土曜日曜祝日及び年末年始は利用不可,,,
041009,000000000045,宮城県仙台市,上杉分庁舎,カミスギブンチョウシャ,,041017,0043001,宮城県仙台市青葉区上杉一丁目5-12,宮城県,仙台市,青葉区上杉一丁目,5-12,,6階北側,38.27018,140.86919,階数,6,4,2,0,2,2,0,2,0,0,0,0,無,無,無,08:30,17:00,土曜日曜祝日及び年末年始は利用不可,,,
041009,000000000046,宮城県仙台市,上杉分庁舎,カミスギブンチョウシャ,,041017,0043001,宮城県仙台市青葉区上杉一丁目5-12,宮城県,仙台市,青葉区上杉一丁目,5-12,,7階北側,38.27018,140.86919,階数,7,0,0,0,0,0,0,0,1,0,1,1,有,有,無,08:30,17:00,土曜日曜祝日及び年末年始は利用不可,,,
041009,000000000047,宮城県仙台市,上杉分庁舎,カミスギブンチョウシャ,,041017,0043001,宮城県仙台市青葉区上杉一丁目5-12,宮城県,仙台市,青葉区上杉一丁目,5-12,,7階北側,38.27018,140.86919,階数,7,4,2,0,2,2,0,2,0,0,0,0,無,無,無,08:30,17:00,土曜日曜祝日及び年末年始は利用不可,,,
041009,000000000048,宮城県仙台市,上杉分庁舎,カミスギブンチョウシャ,,041017,0043001,宮城県仙台市青葉区上杉一丁目5-12,宮城県,仙台市,青葉区上杉一丁目,5-12,,8階北側,38.27018,140.86919,階数,8,0,0,0,0,0,0,0,1,0,1,1,有,有,無,08:30,17:00,土曜日曜祝日及び年末年始は利用不可,,,
041009,000000000049,宮城県仙台市,上杉分庁舎,カミスギブンチョウシャ,,041017,0043001,宮城県仙台市青葉区上杉一丁目5-12,宮城県,仙台市,青葉区上杉一丁目,5-12,,8階北側,38.27018,140.86919,階数,8,4,2,0,2,2,0,2,0,0,0,0,無,無,無,08:30,17:00,土曜日曜祝日及び年末年始は利用不可,,,
041009,000000000050,宮城県仙台市,上杉分庁舎,カミスギブンチョウシャ,,041017,0043001,宮城県仙台市青葉区上杉一丁目5-12,宮城県,仙台市,青葉区上杉一丁目,5-12,,9階北側,38.27018,140.86919,階数,9,0,0,0,0,0,0,0,1,0,1,1,有,有,無,08:30,17:00,土曜日曜祝日及び年末年始は利用不可,,,
041009,000000000051,宮城県仙台市,上杉分庁舎,カミスギブンチョウシャ,,041017,0043001,宮城県仙台市青葉区上杉一丁目5-12,宮城県,仙台市,青葉区上杉一丁目,5-12,,9階北側,38.27018,140.86919,階数,9,4,2,0,2,2,0,2,0,0,0,0,無,無,無,08:30,17:00,土曜日曜祝日及び年末年始は利用不可,,,
041009,000000000052,宮城県仙台市,上杉分庁舎,カミスギブンチョウシャ,,041017,0043001,宮城県仙台市青葉区上杉一丁目5-12,宮城県,仙台市,青葉区上杉一丁目,5-12,,10階北側,38.27018,140.86919,階数,10,0,0,0,0,0,0,0,1,0,1,1,有,有,無,08:30,17:00,土曜日曜祝日及び年末年始は利用不可,,,
041009,000000000053,宮城県仙台市,上杉分庁舎,カミスギブンチョウシャ,,041017,0043001,宮城県仙台市青葉区上杉一丁目5-12,宮城県,仙台市,青葉区上杉一丁目,5-12,,10階北側,38.27018,140.86919,階数,10,4,2,0,2,2,0,2,0,0,0,0,無,無,無,08:30,17:00,土曜日曜祝日及び年末年始は利用不可,,,
041009,000000000054,宮城県仙台市,上杉分庁舎,カミスギブンチョウシャ,,041017,0043001,宮城県仙台市青葉区上杉一丁目5-12,宮城県,仙台市,青葉区上杉一丁目,5-12,,11階北側,38.27018,140.86919,階数,11,0,0,0,0,0,0,0,1,0,1,1,有,有,無,08:30,17:00,土曜日曜祝日及び年末年始は利用不可,,,
041009,000000000055,宮城県仙台市,上杉分庁舎,カミスギブンチョウシャ,,041017,0043001,宮城県仙台市青葉区上杉一丁目5-12,宮城県,仙台市,青葉区上杉一丁目,5-12,,11階北側,38.27018,140.86919,階数,11,4,2,0,2,2,0,2,0,0,0,0,無,無,無,08:30,17:00,土曜日曜祝日及び年末年始は利用不可,,,
041009,000000000056,宮城県仙台市,上杉分庁舎,カミスギブンチョウシャ,,041017,0043001,宮城県仙台市青葉区上杉一丁目5-12,宮城県,仙台市,青葉区上杉一丁目,5-12,,12階北側,38.27018,140.86919,階数,12,0,0,0,0,0,0,0,1,0,1,1,有,有,無,08:30,17:00,土曜日曜祝日及び年末年始は利用不可,,,
041009,000000000057,宮城県仙台市,上杉分庁舎,カミスギブンチョウシャ,,041017,0043001,宮城県仙台市青葉区上杉一丁目5-12,宮城県,仙台市,青葉区上杉一丁目,5-12,,12階北側,38.27018,140.86919,階数,12,4,2,0,2,2,0,2,0,0,0,0,無,無,無,08:30,17:00,土曜日曜祝日及び年末年始は利用不可,,,
041009,000000000058,宮城県仙台市,上杉分庁舎,カミスギブンチョウシャ,,041017,0043001,宮城県仙台市青葉区上杉一丁目5-12,宮城県,仙台市,青葉区上杉一丁目,5-12,,13階北側,38.27018,140.86919,階数,13,0,0,0,0,0,0,0,1,0,1,1,有,有,無,08:30,17:00,土曜日曜祝日及び年末年始は利用不可,,,
041009,000000000059,宮城県仙台市,上杉分庁舎,カミスギブンチョウシャ,,041017,0043001,宮城県仙台市青葉区上杉一丁目5-12,宮城県,仙台市,青葉区上杉一丁目,5-12,,13階北側,38.27018,140.86919,階数,13,4,2,0,2,2,0,2,0,0,0,0,無,無,無,08:30,17:00,土曜日曜祝日及び年末年始は利用不可,,,
041009,000000000060,宮城県仙台市,上杉分庁舎,カミスギブンチョウシャ,,041017,0043001,宮城県仙台市青葉区上杉一丁目5-12,宮城県,仙台市,青葉区上杉一丁目,5-12,,14階北側,38.27018,140.86919,階数,14,0,0,0,0,0,0,0,1,0,1,1,有,有,無,08:30,17:00,土曜日曜祝日及び年末年始は利用不可,,,
041009,000000000061,宮城県仙台市,上杉分庁舎,カミスギブンチョウシャ,,041017,0043001,宮城県仙台市青葉区上杉一丁目5-12,宮城県,仙台市,青葉区上杉一丁目,5-12,,14階北側,38.27018,140.86919,階数,14,4,2,0,2,2,0,2,0,0,0,0,無,無,無,08:30,17:00,土曜日曜祝日及び年末年始は利用不可,,,
041009,000000000062,宮城県仙台市,仙台市二日町駐車場,センダイシフツカマチチュウシャジョウ,,041017,0078000,宮城県仙台市青葉区二日町1-30,宮城県,仙台市,青葉区二日町,1-30,,1階エレベーター横,38.26923,140.86948,階数,1,0,0,0,0,0,0,0,1,0,1,0,無,無,無,07:30,22:30,1月1日は利用不可,,,
041009,000000000063,宮城県仙台市,仙台市二日町駐車場,センダイシフツカマチチュウシャジョウ,,041017,0078000,宮城県仙台市青葉区二日町1-30,宮城県,仙台市,青葉区二日町,1-30,,2階エレベーター横,38.26923,140.86948,階数,2,0,0,0,0,1,0,1,0,0,0,0,無,無,無,07:30,22:30,1月1日は利用不可,,,
041009,000000000064,宮城県仙台市,仙台市二日町駐車場,センダイシフツカマチチュウシャジョウ,,041017,0078000,宮城県仙台市青葉区二日町1-30,宮城県,仙台市,青葉区二日町,1-30,,3階エレベーター横,38.26923,140.86948,階数,3,0,0,0,0,0,0,0,1,0,1,0,無,無,無,07:30,22:30,1月1日は利用不可,,,
041009,000000000065,宮城県仙台市,仙台市二日町駐車場,センダイシフツカマチチュウシャジョウ,,041017,0078000,宮城県仙台市青葉区二日町1-30,宮城県,仙台市,青葉区二日町,1-30,,4階エレベーター横,38.26923,140.86948,階数,4,0,0,0,0,0,0,0,1,0,1,0,無,無,無,07:30,22:30,1月1日は利用不可,,,
041009,000000000066,宮城県仙台市,仙台市二日町駐車場,センダイシフツカマチチュウシャジョウ,,041017,0078000,宮城県仙台市青葉区二日町1-30,宮城県,仙台市,青葉区二日町,1-30,,5階エレベーター横,38.26923,140.86948,階数,5,0,0,0,0,0,0,0,1,0,1,0,無,無,無,07:30,22:30,1月1日は利用不可,,,
041009,000000000067,宮城県仙台市,仙台市勾当台公園地下駐車場,センダイシコウトウダイコウエンチカチュウシャジョウ,,041017,0009003,宮城県仙台市青葉区国分町三丁目7-1,宮城県,仙台市,青葉区国分町三丁目,7-1,,地下1階身障者用駐車区画横,38.26712,140.86968,階数,-1,5,3,1,1,2,1,1,1,0,1,1,有,有,無,07:30,22:30,1月1日は利用不可,,,
041009,000000000068,宮城県仙台市,青葉区役所,アオバクヤクショ,Aoba Ward Office,041017,0043001,宮城県仙台市青葉区上杉一丁目5-1,宮城県,仙台市,青葉区上杉一丁目,5-1,,9階西ラウンジ横,38.27032,140.87084,階数,9,8,5,0,3,4,0,4,1,0,1,1,有,有,無,08:30,17:00,,,,
041009,000000000069,宮城県仙台市,青葉区役所,アオバクヤクショ,Aoba Ward Office,041017,0043001,宮城県仙台市青葉区上杉一丁目5-1,宮城県,仙台市,青葉区上杉一丁目,5-1,,8階西ラウンジ横,38.27032,140.87084,階数,8,6,4,0,2,3,0,3,1,0,1,1,有,有,無,08:30,17:00,,,,
041009,000000000070,宮城県仙台市,青葉区役所,アオバクヤクショ,Aoba Ward Office,041017,0043001,宮城県仙台市青葉区上杉一丁目5-1,宮城県,仙台市,青葉区上杉一丁目,5-1,,7階西ラウンジ横,38.27032,140.87084,階数,7,6,4,0,2,3,0,3,1,0,1,1,有,有,無,08:30,17:00,,,,
041009,000000000071,宮城県仙台市,青葉区役所,アオバクヤクショ,Aoba Ward Office,041017,0043001,宮城県仙台市青葉区上杉一丁目5-1,宮城県,仙台市,青葉区上杉一丁目,5-1,,6階西ラウンジ横,38.27032,140.87084,階数,6,6,4,0,2,3,0,3,1,0,1,1,有,有,無,08:30,17:00,,,,
041009,000000000072,宮城県仙台市,青葉区役所,アオバクヤクショ,Aoba Ward Office,041017,0043001,宮城県仙台市青葉区上杉一丁目5-1,宮城県,仙台市,青葉区上杉一丁目,5-1,,5階西ラウンジ横,38.27032,140.87084,階数,5,6,4,0,2,3,0,3,1,0,1,1,有,有,無,08:30,17:00,,,,
041009,000000000073,宮城県仙台市,青葉区役所,アオバクヤクショ,Aoba Ward Office,041017,0043001,宮城県仙台市青葉区上杉一丁目5-1,宮城県,仙台市,青葉区上杉一丁目,5-1,,4階西ラウンジ横,38.27032,140.87084,階数,4,6,4,0,2,3,0,3,1,0,1,1,有,有,無,08:30,17:00,,,,
041009,000000000074,宮城県仙台市,青葉区役所,アオバクヤクショ,Aoba Ward Office,041017,0043001,宮城県仙台市青葉区上杉一丁目5-1,宮城県,仙台市,青葉区上杉一丁目,5-1,,3階西ラウンジ横,38.27032,140.87084,階数,3,6,4,0,2,3,0,3,1,0,1,1,有,有,無,08:30,17:00,,,,女性トイレ便房の1つに幼児用小便器1つあり
041009,000000000075,宮城県仙台市,青葉区役所,アオバクヤクショ,Aoba Ward Office,041017,0043001,宮城県仙台市青葉区上杉一丁目5-1,宮城県,仙台市,青葉区上杉一丁目,5-1,,2階西ラウンジ横,38.27032,140.87084,階数,2,6,4,0,2,3,0,3,1,0,1,1,有,有,無,08:30,17:00,,,,女性トイレ便房の1つに幼児用小便器1つあり
041009,000000000076,宮城県仙台市,青葉区役所,アオバクヤクショ,Aoba Ward Office,041017,0043001,宮城県仙台市青葉区上杉一丁目5-1,宮城県,仙台市,青葉区上杉一丁目,5-1,,1階正面玄関横,38.27032,140.87084,階数,1,9,5,0,4,5,0,5,1,0,1,1,有,有,有,08:30,17:00,,,,女性トイレに幼児用小便器1つあり
041009,000000000077,宮城県仙台市,青葉区役所,アオバクヤクショ,Aoba Ward Office,041017,0043001,宮城県仙台市青葉区上杉一丁目5-1,宮城県,仙台市,青葉区上杉一丁目,5-1,,地下1階会議室横,38.27032,140.87084,階数,-1,0,0,0,0,0,0,0,1,0,1,0,無,無,無,08:30,17:00,,,,男女共用トイレに小便器1つあり。大規模改修工事後は洋式1つのみとなる。
041009,000000000078,宮城県仙台市,宮城野区役所,ミヤギノクヤクショ,,041025,0034002,宮城県仙台市宮城野区五輪二丁目12-35,宮城県,仙台市,宮城野区五輪二丁目,12-35,,1階中央階段横,38.26643,140.90998,,,6,4,,,4,,,0,,,1,有,有,無,08:30,17:00,,,,
041009,000000000079,宮城県仙台市,宮城野区役所,ミヤギノクヤクショ,,041025,0034002,宮城県仙台市宮城野区五輪二丁目12-35,宮城県,仙台市,宮城野区五輪二丁目,12-35,,2階中央エレベーター横,38.26643,140.90998,,,5,3,,,2,,,0,,,1,有,有,無,08:30,17:00,,,,
041009,000000000080,宮城県仙台市,宮城野区役所,ミヤギノクヤクショ,,041025,0034002,宮城県仙台市宮城野区五輪二丁目12-35,宮城県,仙台市,宮城野区五輪二丁目,12-35,,3階中央エレベーター横,38.26643,140.90998,,,5,3,,,2,,,0,,,1,有,有,有,08:30,17:00,,,,
041009,000000000081,宮城県仙台市,宮城野区役所,ミヤギノクヤクショ,,041025,0034002,宮城県仙台市宮城野区五輪二丁目12-35,宮城県,仙台市,宮城野区五輪二丁目,12-35,,4階中央エレベーター横,38.26643,140.90998,,,5,3,,,2,,,0,,,0,無,無,無,08:30,17:00,,,,
041009,000000000082,宮城県仙台市,宮城野区役所,ミヤギノクヤクショ,,041025,0034002,宮城県仙台市宮城野区五輪二丁目12-35,宮城県,仙台市,宮城野区五輪二丁目,12-35,,5階中央エレベーター横,38.26643,140.90998,,,5,3,,,2,,,0,,,0,無,無,無,08:30,17:00,,,,
041009,000000000083,宮城県仙台市,宮城野区役所,ミヤギノクヤクショ,,041025,0034002,宮城県仙台市宮城野区五輪二丁目12-35,宮城県,仙台市,宮城野区五輪二丁目,12-35,,6階中央エレベーター横,38.26643,140.90998,,,8,5,,,5,,,0,,,1,有,有,無,08:30,17:00,,,,
041009,000000000084,宮城県仙台市,若林区役所,ワカバヤシクヤクショ,,041033,0041000,宮城県仙台市若林区保春院前丁3-1,宮城県,仙台市,若林区保春院前丁,3-1,,１階東側,38.24405,140.90088,,,5,3,,2,3,,3,1,,,1,有,有,無,08:30,17:00,,,,
041009,000000000085,宮城県仙台市,若林区役所,ワカバヤシクヤクショ,,041033,0041000,宮城県仙台市若林区保春院前丁3-1,宮城県,仙台市,若林区保春院前丁,3-1,,１階西側,38.24405,140.90088,階数,1,3,2,1,,2,1,1,,,,0,無,有,無,08:30,17:00,,,,
041009,000000000086,宮城県仙台市,若林区役所,ワカバヤシクヤクショ,,041033,0041000,宮城県仙台市若林区保春院前丁3-1,宮城県,仙台市,若林区保春院前丁,3-1,,２階東側,38.24405,140.90088,階数,2,5,3,,2,3,,3,1,,,1,有,有,無,08:30,17:00,,,,
041009,000000000087,宮城県仙台市,若林区役所,ワカバヤシクヤクショ,,041033,0041000,宮城県仙台市若林区保春院前丁3-1,宮城県,仙台市,若林区保春院前丁,3-1,,２階西側,38.24405,140.90088,階数,2,3,2,,1,2,,2,,,,0,無,有,無,08:30,17:00,,,,
041009,000000000088,宮城県仙台市,若林区役所,ワカバヤシクヤクショ,,041033,0041000,宮城県仙台市若林区保春院前丁3-1,宮城県,仙台市,若林区保春院前丁,3-1,,３階,38.24405,140.90088,階数,3,5,3,,2,3,,3,1,,,1,有,有,無,08:30,17:00,,,,
041009,000000000089,宮城県仙台市,若林区役所,ワカバヤシクヤクショ,,041033,0041000,宮城県仙台市若林区保春院前丁3-1,宮城県,仙台市,若林区保春院前丁,3-1,,４階,38.24405,140.90088,階数,4,5,3,,2,3,,3,,,,0,無,有,無,08:30,17:00,,,,
041009,000000000090,宮城県仙台市,若林区役所,ワカバヤシクヤクショ,,041033,0041000,宮城県仙台市若林区保春院前丁3-1,宮城県,仙台市,若林区保春院前丁,3-1,,５階,38.24405,140.90088,階数,5,5,3,,2,3,,3,,,,0,無,有,無,08:30,17:00,,,,
041009,000000000091,宮城県仙台市,若林区役所,ワカバヤシクヤクショ,,041033,0041000,宮城県仙台市若林区保春院前丁3-1,宮城県,仙台市,若林区保春院前丁,3-1,,６階,38.24405,140.90088,階数,6,5,3,,2,3,,3,1,,,1,有,有,無,08:30,17:00,,,,
041009,000000000092,宮城県仙台市,若林区ふるさと広場,ワカバヤシクフルサトヒロバ,,041033,0041000,宮城県仙台市若林区保春院前丁3-1,宮城県,仙台市,若林区保春院前丁,3-1,,ふるさと広場,38.243680,140.900581,,,1,,1,,1,1,,,,,0,無,無,無,,,,,,
041009,000000000093,宮城県仙台市,太白区役所,タイハククヤクショ,,041041,0023003,宮城県仙台市太白区長町南三丁目1-15,宮城県,仙台市,太白区長町南三丁目,1-15,,太白区役所庁舎、1階東側,38.22453,140.87729,,,７,4,0,3,３,0,3,0,0,0,1,有,有,無,08:30,17:00,,,,
041009,000000000094,宮城県仙台市,太白区役所,タイハククヤクショ,,041041,0023003,宮城県仙台市太白区長町南三丁目1-15,宮城県,仙台市,太白区長町南三丁目,1-15,,太白区役所庁舎、1階西側,38.22453,140.87729,,,7,4,1,2,3,1,2,0,0,0,0,無,無,無,08:30,17:00,,,,
041009,000000000095,宮城県仙台市,太白区役所,タイハククヤクショ,,041041,0023003,宮城県仙台市太白区長町南三丁目1-15,宮城県,仙台市,太白区長町南三丁目,1-15,,太白区役所庁舎、2階東側,38.22453,140.87729,,,7,4,0,3,3,0,3,0,0,0,1,有,無,有,08:30,17:00,,,,
041009,000000000096,宮城県仙台市,太白区役所,タイハククヤクショ,,041041,0023003,宮城県仙台市太白区長町南三丁目1-15,宮城県,仙台市,太白区長町南三丁目,1-15,,太白区役所庁舎、3階東側,38.22453,140.87729,,,7,4,0,3,4,0,4,0,0,0,1,有,有,無,08:30,17:00,,,,
041009,000000000097,宮城県仙台市,太白区役所,タイハククヤクショ,,041041,0023003,宮城県仙台市太白区長町南三丁目1-15,宮城県,仙台市,太白区長町南三丁目,1-15,,太白区役所庁舎、3階西側,38.22453,140.87729,,,0,0,0,0,0,0,0,0,0,0,1,有,有,無,08:30,17:00,,,,
041009,000000000098,宮城県仙台市,太白区役所,タイハククヤクショ,,041041,0023003,宮城県仙台市太白区長町南三丁目1-15,宮城県,仙台市,太白区長町南三丁目,1-15,,太白区役所庁舎、4階東側,38.22453,140.87729,,,7,4,0,3,3,0,3,0,0,0,0,無,無,無,08:30,17:00,,,,
041009,000000000099,宮城県仙台市,太白区役所,タイハククヤクショ,,041041,0023003,宮城県仙台市太白区長町南三丁目1-15,宮城県,仙台市,太白区長町南三丁目,1-15,,太白区役所庁舎、5階東側,38.22453,140.87729,,,7,4,0,3,3,0,3,0,0,0,1,有,有,無,08:30,17:00,,,,
041009,000000000100,宮城県仙台市,太白区役所,タイハククヤクショ,,041041,0023003,宮城県仙台市太白区長町南三丁目1-15,宮城県,仙台市,太白区長町南三丁目,1-15,,太白区役所庁舎、5階西側,38.22453,140.87729,,,8,5,0,3,3,0,3,0,0,0,0,無,無,無,08:30,17:00,,,,
041009,000000000101,宮城県仙台市,泉区役所本庁舎,イズミクヤクショ,,041050,0026002,宮城県仙台市泉区泉中央二丁目1-1,宮城県,仙台市,泉区泉中央二丁目,1-1,,地下1階,38.32648,140.88165,,,6,4,1,1,2,1,1,0,0,0,0,無,無,無,08:30,17:00,,,,
041009,000000000102,宮城県仙台市,泉区役所本庁舎,イズミクヤクショ,,041050,0026002,宮城県仙台市泉区泉中央二丁目1-1,宮城県,仙台市,泉区泉中央二丁目,1-1,,1階,38.32648,140.88165,,,6,4,1,1,3,2,1,0,0,0,1,有,有,有,08:30,17:00,,,,
041009,000000000103,宮城県仙台市,泉区役所本庁舎,イズミクヤクショ,,041050,0026002,宮城県仙台市泉区泉中央二丁目1-1,宮城県,仙台市,泉区泉中央二丁目,1-1,,2階,38.32648,140.88165,,,6,4,1,1,3,2,1,0,0,0,0,無,無,無,08:30,17:00,,,,
041009,000000000104,宮城県仙台市,泉区役所本庁舎,イズミクヤクショ,,041050,0026002,宮城県仙台市泉区泉中央二丁目1-1,宮城県,仙台市,泉区泉中央二丁目,1-1,,3階,38.32648,140.88165,,,6,4,1,1,3,2,1,0,0,0,0,無,無,無,08:30,17:00,,,,
041009,000000000105,宮城県仙台市,泉区役所本庁舎,イズミクヤクショ,,041050,0026002,宮城県仙台市泉区泉中央二丁目1-1,宮城県,仙台市,泉区泉中央二丁目,1-1,,4階,38.32648,140.88165,,,6,4,1,1,3,2,1,0,0,0,0,無,無,無,08:30,17:00,,,,
041009,000000000106,宮城県仙台市,泉区役所本庁舎,イズミクヤクショ,,041050,0026002,宮城県仙台市泉区泉中央二丁目1-1,宮城県,仙台市,泉区泉中央二丁目,1-1,,5階,38.32648,140.88165,,,6,4,1,1,3,2,1,0,0,0,0,無,無,無,08:30,17:00,,,,
041009,000000000107,宮城県仙台市,泉区役所東庁舎,イズミクヤクショ,,041050,0026002,宮城県仙台市泉区泉中央二丁目1-1,宮城県,仙台市,泉区泉中央二丁目,1-1,,地下1階,38.32648,140.88165,,,0,0,0,0,0,0,0,2,1,0,0,無,無,無,08:30,17:00,,,,小便器1
041009,000000000108,宮城県仙台市,泉区役所東庁舎,イズミクヤクショ,,041050,0026002,宮城県仙台市泉区泉中央二丁目1-1,宮城県,仙台市,泉区泉中央二丁目,1-1,,1階,38.32648,140.88165,,,5,3,1,1,2,1,1,0,0,0,1,有,有,無,08:30,17:00,,,,
041009,000000000109,宮城県仙台市,泉区役所東庁舎,イズミクヤクショ,,041050,0026002,宮城県仙台市泉区泉中央二丁目1-1,宮城県,仙台市,泉区泉中央二丁目,1-1,,2階,38.32648,140.88165,,,5,3,1,1,2,1,1,0,0,0,0,無,無,無,08:30,17:00,,,,
041009,000000000110,宮城県仙台市,泉区役所東庁舎,イズミクヤクショ,,041050,0026002,宮城県仙台市泉区泉中央二丁目1-1,宮城県,仙台市,泉区泉中央二丁目,1-1,,3階,38.32648,140.88165,,,5,3,1,1,2,1,1,0,0,0,0,無,無,無,08:30,17:00,,,,
041009,000000000111,宮城県仙台市,泉区役所東庁舎,イズミクヤクショ,,041050,0026002,宮城県仙台市泉区泉中央二丁目1-1,宮城県,仙台市,泉区泉中央二丁目,1-1,,4階,38.32648,140.88165,,,5,3,1,1,2,1,1,0,0,0,0,無,無,無,08:30,17:00,,,,
041009,000000000112,宮城県仙台市,泉区役所東庁舎,イズミクヤクショ,,041050,0026002,宮城県仙台市泉区泉中央二丁目1-1,宮城県,仙台市,泉区泉中央二丁目,1-1,,5階,38.32648,140.88165,,,5,3,1,1,2,1,1,0,0,0,1,有,有,無,08:30,17:00,,,,
041009,000000000113,宮城県仙台市,宮城総合支所,ミヤギソウゴウシショ,,041017,0108111,宮城県仙台市青葉区下愛子字観音堂5,宮城県,仙台市,青葉区下愛子字観音堂,5,,宮城総合支所１階エレベーター隣,38.26893,140.76402,,,5,,,,3,,,,,,1,有,有,有,08:30,17:00,,,,
041009,000000000114,宮城県仙台市,宮城総合支所,ミヤギソウゴウシショ,,041017,0108111,宮城県仙台市青葉区下愛子字観音堂5,宮城県,仙台市,青葉区下愛子字観音堂,5,,宮城総合支所２階エレベーター隣,38.26893,140.76402,,,5,,,,3,,,,,,0,無,無,無,08:30,17:00,,,,
041009,000000000115,宮城県仙台市,宮城総合支所,ミヤギソウゴウシショ,,041017,0108111,宮城県仙台市青葉区下愛子字観音堂5,宮城県,仙台市,青葉区下愛子字観音堂,5,,宮城総合支所３階エレベーター隣,38.26893,140.76402,,,5,,,,3,,,,,,0,無,無,無,08:30,17:00,,,,
041009,000000000116,宮城県仙台市,秋保総合支所,アキウソウゴウシショ,Akiu General Branch,041041,0084169,宮城県仙台市太白区秋保町長袋字大原45-1,宮城県,仙台市,太白区秋保町長袋字大原,45-1,,秋保総合支所庁舎、設置位置：1階,38.25837,140.67129,,,5,3,1,1,3,2,1,1,0,1,1,有,有,有,08:30,17:00,,,,
041009,000000000117,宮城県仙台市,秋保総合支所,アキウソウゴウシショ,Akiu General Branch,041041,0084169,宮城県仙台市太白区秋保町長袋字大原45-1,宮城県,仙台市,太白区秋保町長袋字大原,45-1,,秋保総合支所庁舎、設置位置：2階,38.25837,140.67129,,,5,3,1,1,3,2,1,0,0,0,0,無,無,無,08:30,17:00,,,,
041009,000000000118,宮城県仙台市,市民活動サポートセンター,シミンカツドウサポートセンター,,041017,0034004,宮城県仙台市青葉区一番町四丁目1-3,宮城県,仙台市,青葉区一番町四丁目,1-3,,3階エレベーター横,38.26345,140.87225,,,3,2,,1,2,,2,1,,1,1,有,有,有,09:00,22:00,日・祝日；9：00～18：00、休館日；毎月第2・第4水曜日・年末年始,https://sapo-sen.jp/about/map/,CC BY NC ND 4.0,
041009,000000000119,宮城県仙台市,市民活動サポートセンター,シミンカツドウサポートセンター,,041017,0034004,宮城県仙台市青葉区一番町四丁目1-3,宮城県,仙台市,青葉区一番町四丁目,1-3,,4階エレベーター横,38.26345,140.87225,,,3,2,,1,2,,2,,,,,,,,09:00,22:00,日・祝日；9：00～18：00、休館日；毎月第2・第4水曜日・年末年始,,,
041009,000000000120,宮城県仙台市,市民活動サポートセンター,シミンカツドウサポートセンター,,041017,0034004,宮城県仙台市青葉区一番町四丁目1-3,宮城県,仙台市,青葉区一番町四丁目,1-3,,5階エレベーター横,38.26345,140.87225,,,3,2,,1,2,,2,,,,,,,,09:00,22:00,日・祝日；9：00～18：00、休館日；毎月第2・第4水曜日・年末年始,,,
041009,000000000121,宮城県仙台市,市民活動サポートセンター,シミンカツドウサポートセンター,,041017,0034004,宮城県仙台市青葉区一番町四丁目1-3,宮城県,仙台市,青葉区一番町四丁目,1-3,,6階エレベーター横,38.26345,140.87225,,,3,2,,1,2,,2,,,,,,,,09:00,22:00,日・祝日；9：00～18：00、休館日；毎月第2・第4水曜日・年末年始,,,
041009,000000000122,宮城県仙台市,市民活動サポートセンター,シミンカツドウサポートセンター,,041017,0034004,宮城県仙台市青葉区一番町四丁目1-3,宮城県,仙台市,青葉区一番町四丁目,1-3,,7階エレベーター横,38.26345,140.87225,,,3,2,,1,2,,2,,,,,,,,09:00,22:00,日・祝日；9：00～18：00、休館日；毎月第2・第4水曜日・年末年始,,,
041009,000000000123,宮城県仙台市,国際センター駅舎上部施設「青葉の風テラス」,コクサイセンターエキシャジョウブシセツ「アオバノカゼテラス」,,041017,0054000,宮城県仙台市青葉区青葉山2-1外仙台市地下鉄東西線「国際センター駅」1F・2F,宮城県,仙台市,青葉区青葉山,2-1外,仙台市地下鉄東西線「国際センター駅」1F・2F,2階多目的スペース奥,38.26034,140.85692,,,4,3,,1,2,,2,1,,1,1,有,有,有,10:00,17:00,年末年始，施設点検日等,,,
041009,000000000124,宮城県仙台市,仙台市民会館,センダイシミンカイカン,TOHKNET HALL SENDAI (Sendai Civic Auditorium),041017,0093000,宮城県仙台市青葉区桜ケ岡公園4-1,宮城県,仙台市,青葉区桜ケ岡公園,4-1,,1階警備室脇,38.26566,140.86307,階数,1,7,5,0,2,2,0,2,0,0,0,2,有,無,無,09:00,21:30,,,,
041009,000000000125,宮城県仙台市,戦災復興記念館,センサイフッコウキネンカン,Sendai City War Reconstruction Memorial Hall,041017,0003002,宮城県仙台市青葉区大町二丁目12-1,宮城県,仙台市,青葉区大町二丁目,12-1,,1階,38.26082,140.86708,階数,1,6,4,0,2,3,0,3,0,0,0,1,有,有,有,09:00,21:30,,,,
041009,000000000126,宮城県仙台市,戦災復興記念館,センサイフッコウキネンカン,Sendai City War Reconstruction Memorial Hall,041017,0003002,宮城県仙台市青葉区大町二丁目12-1,宮城県,仙台市,青葉区大町二丁目,12-1,,地下1階,38.26082,140.86708,階数,-1,7,4,0,3,3,0,3,0,0,0,0,無,無,無,09:00,21:30,,,,
041009,000000000127,宮城県仙台市,戦災復興記念館,センサイフッコウキネンカン,Sendai City War Reconstruction Memorial Hall,041017,0003002,宮城県仙台市青葉区大町二丁目12-1,宮城県,仙台市,青葉区大町二丁目,12-1,,2階,38.26082,140.86708,階数,2,3,2,0,1,2,0,2,0,0,0,0,無,無,無,09:00,21:30,,,,
041009,000000000128,宮城県仙台市,戦災復興記念館,センサイフッコウキネンカン,Sendai City War Reconstruction Memorial Hall,041017,0003002,宮城県仙台市青葉区大町二丁目12-1,宮城県,仙台市,青葉区大町二丁目,12-1,,3階,38.26082,140.86708,階数,3,6,4,0,2,3,0,3,0,0,0,1,有,無,有,09:00,21:30,,,,
041009,000000000129,宮城県仙台市,戦災復興記念館,センサイフッコウキネンカン,Sendai City War Reconstruction Memorial Hall,041017,0003002,宮城県仙台市青葉区大町二丁目12-1,宮城県,仙台市,青葉区大町二丁目,12-1,,4階,38.26082,140.86708,階数,4,8,5,0,3,4,0,4,0,0,0,1,有,無,有,09:00,21:30,,,,
041009,000000000130,宮城県仙台市,戦災復興記念館,センサイフッコウキネンカン,Sendai City War Reconstruction Memorial Hall,041017,0003002,宮城県仙台市青葉区大町二丁目12-1,宮城県,仙台市,青葉区大町二丁目,12-1,,5階,38.26082,140.86708,階数,5,8,5,0,3,4,0,4,0,0,0,1,有,無,有,09:00,21:30,,,,
041009,000000000131,宮城県仙台市,広瀬文化センター,ヒロセブンカセンター,,041017,0108111,宮城県仙台市青葉区下愛子字観音堂5,宮城県,仙台市,青葉区下愛子字観音堂,5,仙台市広瀬文化センター,1階自販機向かい,38.26895,140.76264,階数,1,3,2,,1,2,,2,,,,1,有,有,無,09:00,21:30,,,,
041009,000000000132,宮城県仙台市,宮城野区文化センター,ミヤギノクブンカセンター,,041025,0034002,宮城県仙台市宮城野区五輪二丁目12-70,宮城県,仙台市,宮城野区五輪二丁目,12-70,,1階中央,38.26576,140.91024,階数,1,9,5,1,3,4,2,2,0,0,0,1,有,有,有,09:00,22:00,,,,
041009,000000000133,宮城県仙台市,宮城野区文化センター,ミヤギノクブンカセンター,,041025,0034002,宮城県仙台市宮城野区五輪二丁目12-70,宮城県,仙台市,宮城野区五輪二丁目,12-70,,2階中央,38.26576,140.91024,階数,2,6,4,1,1,8,2,6,0,0,0,1,有,有,有,09:00,22:00,,,,
041009,000000000135,宮城県仙台市,太白区文化センター,タイハククブンカセンター,,041041,0007005,宮城県仙台市太白区長町五丁目3-2,宮城県,仙台市,太白区長町五丁目,3-2,,1Fエントランスホール近傍,38.22783,140.88434,階数,1,5,3,,2,4,1,3,1,,1,1,有,有,有,09:00,22:00,,,,乳幼児設備は女子洋式トイレブース内おむつ交換台１台とひろびろトイレ内ユニバーサルベッド
041009,000000000136,宮城県仙台市,太白区文化センター,タイハククブンカセンター,,041041,0007005,宮城県仙台市太白区長町五丁目3-2,宮城県,仙台市,太白区長町五丁目,3-2,,B1Fエントランス近傍,38.22783,140.88434,階数,1,6,4,1,1,4,2,2,1,,1,1,有,有,無,09:00,22:00,,,,乳幼児設備はひろびろトイレ内おむつ交換台
041009,000000000137,宮城県仙台市,太白区文化センター,タイハククブンカセンター,,041041,0007005,宮城県仙台市太白区長町五丁目3-2,宮城県,仙台市,太白区長町五丁目,3-2,,B2Fエントランス近傍,38.22783,140.88434,階数,1,2,1,,1,1,,1,1,,1,1,有,無,無,09:00,22:00,,,,
041009,000000000138,宮城県仙台市,仙台市泉文化創造センター,センダイシイズミブンカソウゾウセンター,,041050,0026002,宮城県仙台市泉区泉中央二丁目18-1,宮城県,仙台市,泉区泉中央二丁目,18-1,,1階エントランスホール,38.32492,140.88398,階数,1,5,3,0,2,2,0,2,0,0,0,0,無,有,無,09:00,22:00,,,,
041009,000000000139,宮城県仙台市,青葉区中央市民センター,アオバクチュウオウシミンセンター,Aoba-ku Central Civic Center,041017,0034002,宮城県仙台市青葉区一番町二丁目1-4,宮城県,仙台市,青葉区一番町二丁目,1-4,,2階玄関ロビー脇,38.2596,140.87508,階数,2,3,2,0,1,2,1,1,0,0,0,1,無,無,無,09:00,21:00,,,,
041009,000000000140,宮城県仙台市,青葉区中央市民センター,アオバクチュウオウシミンセンター,Aoba-ku Central Civic Center,041017,0034002,宮城県仙台市青葉区一番町二丁目1-4,宮城県,仙台市,青葉区一番町二丁目,1-4,,3階ホール向かい,38.2596,140.87508,階数,3,5,3,1,1,3,1,2,0,0,0,0,無,無,無,09:00,21:00,,,,
041009,000000000141,宮城県仙台市,青葉区中央市民センター,アオバクチュウオウシミンセンター,Aoba-ku Central Civic Center,041017,0034002,宮城県仙台市青葉区一番町二丁目1-4,宮城県,仙台市,青葉区一番町二丁目,1-4,,4階階段脇,38.2596,140.87508,階数,4,2,1,1,0,2,2,0,0,0,0,0,無,無,無,09:00,21:00,,,,4階は小学校体育館と同じフロアで、通常立ち入りを禁止しているため掲載しない。
041009,000000000142,宮城県仙台市,柏木市民センター,カシワギシミンセンター,kasiwagi simin center,041017,0076003,宮城県仙台市青葉区柏木三丁目3-1,宮城県,仙台市,青葉区柏木三丁目,3-1,,1階ロビー横,38.27582,140.85623,,,5,3,1,1,4,2,2,1,,,1,無,無,無,09:00,21:00,,,,
041009,000000000143,宮城県仙台市,北山市民センター,キタヤマシミンセンター,,041017,0088000,宮城県仙台市青葉区新坂町8-4,宮城県,仙台市,青葉区新坂町,8-4,,1階,38.27877,140.85322,,,7,4,1,2,5,2,3,,,,1,有,有,無,09:00,21:00,,,,
041009,000000000144,宮城県仙台市,北山市民センター,キタヤマシミンセンター,,041017,0088000,宮城県仙台市青葉区新坂町8-4,宮城県,仙台市,青葉区新坂町,8-4,,2階,38.27877,140.85322,,,7,4,1,2,5,2,3,,,,1,有,有,無,09:00,21:00,,,,
041009,000000000145,宮城県仙台市,福沢市民センター,フクザワシミンセンター,,041017,0049000,宮城県仙台市青葉区福沢町9-9,宮城県,仙台市,青葉区福沢町,9-9,,1階,38.27426,140.88903,,,5,3,2,1,3,2,2,1,0,3,1,有,無,無,09:00,21:00,,,,
041009,000000000146,宮城県仙台市,福沢市民センター,フクザワシミンセンター,,041017,0049000,宮城県仙台市青葉区福沢町9-9,宮城県,仙台市,青葉区福沢町,9-9,,2階,38.27426,140.88903,,,5,3,1,1,2,1,1,1,0,1,1,有,無,無,09:00,21:00,,,,
041009,000000000147,宮城県仙台市,福沢市民センター,フクザワシミンセンター,,041017,0049000,宮城県仙台市青葉区福沢町9-9,宮城県,仙台市,青葉区福沢町,9-9,,3階,38.27426,140.88903,,,3,1,1,1,1,1,1,1,0,1,1,有,無,無,09:00,21:00,,,,
041009,000000000148,宮城県仙台市,旭ケ丘市民センター,アサヒガオカシミンセンター,,041017,0092003,宮城県仙台市青葉区旭ケ丘三丁目25-15,宮城県,仙台市,青葉区旭ケ丘三丁目,25-15,,2階エレベータ後,38.29551,140.88402,,,2,6,1,1,4,2,2,,,,1,有,有,無,09:00,21:00,,,,
041009,000000000149,宮城県仙台市,旭ケ丘市民センター,アサヒガオカシミンセンター,,041017,0092003,宮城県仙台市青葉区旭ケ丘三丁目25-15,宮城県,仙台市,青葉区旭ケ丘三丁目,25-15,,3階エレベータ後,38.29551,140.88402,,,2,6,1,1,4,2,2,,,,1,有,有,無,09:00,21:00,,,,
041009,000000000150,宮城県仙台市,旭ケ丘市民センター,アサヒガオカシミンセンター,,041017,0092003,宮城県仙台市青葉区旭ケ丘三丁目25-15,宮城県,仙台市,青葉区旭ケ丘三丁目,25-15,,4階エレベータ後,38.29551,140.88402,,,2,6,1,1,4,2,2,,,,1,有,有,無,09:00,21:00,,,,
041009,000000000151,宮城県仙台市,三本松市民センター,サンボンマツシミンセンター,,041017,0056003,宮城県仙台市青葉区堤町三丁目23-1,宮城県,仙台市,青葉区堤町三丁目,23-1,,1階ロビー内体育館入り口前,38.29011,140.86843,,,7,4,1,2,4,1,3,1,0,1,1,有,有,無,09:00,21:00,,,,
041009,000000000152,宮城県仙台市,片平市民センター,カタヒラシミンセンター,,041017,0029001,宮城県仙台市青葉区米ケ袋一丁目1-35,宮城県,仙台市,青葉区米ケ袋一丁目,1-35,,1階エレベーター裏,38.25407,140.87059,,,4,2,1,1,2,1,1,0,0,0,1,有,有,無,09:00,21:00,,,,
041009,000000000153,宮城県仙台市,片平市民センター,カタヒラシミンセンター,,041017,0029001,宮城県仙台市青葉区米ケ袋一丁目1-35,宮城県,仙台市,青葉区米ケ袋一丁目,1-35,,2階エレベーター裏,38.25407,140.87059,,,4,2,1,1,2,1,1,0,0,0,0,無,無,無,09:00,21:00,,,,
041009,000000000154,宮城県仙台市,片平市民センター,カタヒラシミンセンター,,041017,0029001,宮城県仙台市青葉区米ケ袋一丁目1-35,宮城県,仙台市,青葉区米ケ袋一丁目,1-35,,3階エレベーター裏,38.25407,140.87059,,,4,2,1,1,2,1,1,0,0,0,0,無,無,無,09:00,21:00,,,,
041009,000000000155,宮城県仙台市,水の森市民センター,ミズノモリシミンセンター,Mizunomori Shimin Center,041017,0064004,宮城県仙台市青葉区水の森四丁目1-1,宮城県,仙台市,青葉区水の森四丁目,1-1,,2階体育館隣,38.29725,140.85947,,,3,2,,1,2,,2,,,,0,無,無,無,09:00,21:00,,,,
041009,000000000156,宮城県仙台市,水の森市民センター,ミズノモリシミンセンター,Mizunomori Shimin Center,041017,0064004,宮城県仙台市青葉区水の森四丁目1-1,宮城県,仙台市,青葉区水の森四丁目,1-1,,2階給湯室隣,38.29725,140.85947,,,5,3,,2,2,,2,,,,1,有,有,無,09:00,21:00,,,,
041009,000000000157,宮城県仙台市,水の森市民センター,ミズノモリシミンセンター,Mizunomori Shimin Center,041017,0064004,宮城県仙台市青葉区水の森四丁目1-1,宮城県,仙台市,青葉区水の森四丁目,1-1,,3階廊下中央,38.29725,140.85947,,,4,3,,1,3,,3,,,,0,無,有,無,09:00,21:00,,,,
041009,000000000158,宮城県仙台市,貝ケ森市民センター,カイガモリシミンセンター,,041017,0012001,宮城県仙台市青葉区貝ケ森一丁目4-6,宮城県,仙台市,青葉区貝ケ森一丁目,4-6,,1階ロビー,38.28163,140.84247,階数,1,5,3,0,2,5,0,5,0,0,0,1,有,有,無,09:00,21:00,,,,
041009,000000000159,宮城県仙台市,中山市民センター,ナカヤマシミンセンター,,041017,0053003,宮城県仙台市青葉区中山三丁目13-1,宮城県,仙台市,青葉区中山三丁目,13-1,中山市民センター,1階給湯室となり,38.2918,140.83715,階数,1,6,5,0,2,6,4,2,0,0,0,1,有,有,無,09:00,21:00,,,,
041009,000000000160,宮城県仙台市,中山市民センター,ナカヤマシミンセンター,,041017,0053003,宮城県仙台市青葉区中山三丁目13-1,宮城県,仙台市,青葉区中山三丁目,13-1,中山市民センター,2階給湯室となり,38.2918,140.83715,階数,2,8,5,2,1,6,3,3,0,0,0,0,無,無,無,09:00,21:00,,,,
041009,000000000161,宮城県仙台市,折立市民センター,オリタテシミンセンター,,041017,0032003,宮城県仙台市青葉区折立三丁目20-1,宮城県,仙台市,青葉区折立三丁目,20-1,,1階エレベーター前,38.26293,140.80904,階数,1,1,3,0,1,3,1,2,1,0,1,1,有,有,無,09:00,21:00,,,,
041009,000000000162,宮城県仙台市,折立市民センター,オリタテシミンセンター,,041017,0032003,宮城県仙台市青葉区折立三丁目20-1,宮城県,仙台市,青葉区折立三丁目,20-1,,2階エレベーター前,38.26293,140.80904,階数,2,1,2,0,1,2,1,1,0,0,0,0,無,有,無,09:00,21:00,,,,
041009,000000000163,宮城県仙台市,折立市民センター,オリタテシミンセンター,,041017,0032003,宮城県仙台市青葉区折立三丁目20-1,宮城県,仙台市,青葉区折立三丁目,20-1,,3階エレベーター前,38.26293,140.80904,階数,3,1,2,0,1,2,1,1,0,0,0,0,無,有,無,09:00,21:00,,,,
041009,000000000164,宮城県仙台市,木町通市民センター,キマチドオリシミンセンター,,041017,0060001,宮城県仙台市青葉区木町通一丁目7-36,宮城県,仙台市,青葉区木町通一丁目,7-36,,5階,38.2712,140.86465,階数,5,6,4,1,1,4,1,3,1,0,1,1,有,有,無,09:00,21:00,,,,
041009,000000000165,宮城県仙台市,木町通市民センター,キマチドオリシミンセンター,,041017,0060001,宮城県仙台市青葉区木町通一丁目7-36,宮城県,仙台市,青葉区木町通一丁目,7-36,,5階,38.2712,140.86465,階数,6,6,4,1,1,4,1,3,1,0,1,1,有,無,無,09:00,21:00,,,,
041009,000000000166,宮城県仙台市,広瀬市民センター,ヒロセシミンセンター,,041017,0108111,宮城県仙台市青葉区下愛子字観音堂5,宮城県,仙台市,青葉区下愛子字観音堂,5,,2階階段横,38.26892,140.7626,,,4,3,0,1,3,2,1,0,0,0,1,有,無,無,09:00,21:00,,,,
041009,000000000167,宮城県仙台市,宮城西市民センター,ミヤギニシシミンセンター,,041017,0116108,宮城県仙台市青葉区熊ケ根字石積47,宮城県,仙台市,青葉区熊ケ根字石積,47,,1階奥,38.29886,140.68448,,,5,3,0,2,4,0,4,0,0,0,0,無,無,無,09:00,21:00,,,,
041009,000000000168,宮城県仙台市,宮城西市民センター,ミヤギニシシミンセンター,,041017,0116108,宮城県仙台市青葉区熊ケ根字石積47,宮城県,仙台市,青葉区熊ケ根字石積,47,,2階奥,38.29886,140.68448,,,5,3,0,2,4,0,4,0,0,0,0,無,無,無,09:00,21:00,,,,
041009,000000000169,宮城県仙台市,宮城西市民センター,ミヤギニシシミンセンター,,041017,0116108,宮城県仙台市青葉区熊ケ根字石積47,宮城県,仙台市,青葉区熊ケ根字石積,47,,1階エレベーター横,38.29886,140.68448,,,0,0,0,0,0,0,0,0,0,0,1,無,無,無,09:00,21:00,,,,
041009,000000000170,宮城県仙台市,宮城西市民センター,ミヤギニシシミンセンター,,041017,0116108,宮城県仙台市青葉区熊ケ根字石積47,宮城県,仙台市,青葉区熊ケ根字石積,47,,2階エレベーター横,38.29886,140.68448,,,0,0,0,0,0,0,0,0,0,0,1,無,無,無,09:00,21:00,,,,
041009,000000000171,宮城県仙台市,大沢市民センター,オオサワシミンセンター,,041017,0113294,宮城県仙台市青葉区芋沢字要害65,宮城県,仙台市,青葉区芋沢字要害,65,,体育館前,38.30382,140.77194,,,1,1,0,1,1,0,1,0,0,0,0,無,無,無,09:00,21:00,,,,
041009,000000000172,宮城県仙台市,大沢市民センター,オオサワシミンセンター,,041017,0113294,宮城県仙台市青葉区芋沢字要害65,宮城県,仙台市,青葉区芋沢字要害,65,,児童クラブ室前,38.30382,140.77194,,,2,3,0,2,3,0,3,0,0,0,1,有,有,無,09:00,21:00,,,,
041009,000000000173,宮城県仙台市,生涯学習支援センター,ショウガイガクシュウシエンセンター,,041025,0065004,宮城県仙台市宮城野区榴岡四丁目1-8,宮城県,仙台市,宮城野区榴岡四丁目,1-8,,5階,38.25928,140.88725,,,,,,,,,,,,,1,有,無,無,09:00,21:00,,,,
041009,000000000174,宮城県仙台市,落合市民センター,オチアイシミンセンター,,041017,0072002,宮城県仙台市青葉区落合二丁目15-15,宮城県,仙台市,青葉区落合二丁目,15-15,,1階ロビー,38.27301,140.78837,,,8,5,1,2,5,3,2,1,,1,1,有,有,無,09:00,21:00,,,,
041009,000000000175,宮城県仙台市,吉成市民センター,ヨシナリシミンセンター,,041017,0046002,宮城県仙台市青葉区国見ケ丘二丁目2-1,宮城県,仙台市,青葉区国見ケ丘二丁目,2-1,,1階児童館部分,38.29488,140.82475,,,7,5,1,1,6,3,3,0,0,0,1,有,有,無,09:00,21:00,,,,
041009,000000000176,宮城県仙台市,吉成市民センター,ヨシナリシミンセンター,,041017,0046002,宮城県仙台市青葉区国見ケ丘二丁目2-1,宮城県,仙台市,青葉区国見ケ丘二丁目,2-1,,2階,38.29488,140.82475,,,7,5,1,1,6,4,2,0,0,0,0,無,無,無,09:00,21:00,,,,
041009,000000000177,宮城県仙台市,生涯学習支援センター,ショウガイガクシュウシエンセンター,,041025,0065004,宮城県仙台市宮城野区榴岡四丁目1-8,宮城県,仙台市,宮城野区榴岡四丁目,1-8,,1階,38.25928,140.88725,,,,,,,,,,,,,1,有,無,無,09:00,21:00,,,,
041009,000000000178,宮城県仙台市,生涯学習支援センター,ショウガイガクシュウシエンセンター,,041025,0065004,宮城県仙台市宮城野区榴岡四丁目1-8,宮城県,仙台市,宮城野区榴岡四丁目,1-8,,6階,38.25928,140.88725,,,,,,,,,,,,,1,有,無,無,09:00,21:00,,,,
041009,000000000179,宮城県仙台市,生涯学習支援センター,ショウガイガクシュウシエンセンター,,041025,0065004,宮城県仙台市宮城野区榴岡四丁目1-8,宮城県,仙台市,宮城野区榴岡四丁目,1-8,,7階,38.25928,140.88725,,,,,,,,,,,,,1,有,無,無,09:00,21:00,,,,
041009,000000000180,宮城県仙台市,宮城野区中央市民センター,ミヤギノクチュウオウシミンセンター,,041025,0034002,宮城県仙台市宮城野区五輪二丁目12-70,宮城県,仙台市,宮城野区五輪二丁目,12-70,,3階中央,38.26579,140.91028,階数,3階,6,4,1,1,8,2,6,0,0,0,1,有,有,有,09:00,21:00,,,,
041009,000000000181,宮城県仙台市,宮城野区中央市民センター,ミヤギノクチュウオウシミンセンター,,041025,0034002,宮城県仙台市宮城野区五輪二丁目12-70,宮城県,仙台市,宮城野区五輪二丁目,12-70,,2階中央,38.26579,140.91028,階数,2階,2,4,1,1,8,2,6,,,,1,有,有,無,09:00,21:00,,,,
041009,000000000182,宮城県仙台市,宮城野区中央市民センター,ミヤギノクチュウオウシミンセンター,,041025,0034002,宮城県仙台市宮城野区五輪二丁目12-70,宮城県,仙台市,宮城野区五輪二丁目,12-70,,3階中央,38.26579,140.91028,階数,3階,2,4,1,1,8,2,6,,,,1,有,有,無,09:00,21:00,,,,
041009,000000000183,宮城県仙台市,高砂市民センター,タカサゴシミンセンター,,041025,0039001,宮城県仙台市宮城野区高砂一丁目24-9,宮城県,仙台市,宮城野区高砂一丁目,24-9,,１階,38.27032,140.97397,階数,1,6,4,1,1,5,3,2,2,,2,2,有,有,無,09:00,21:00,,,,
041009,000000000184,宮城県仙台市,高砂市民センター,タカサゴシミンセンター,,041025,0039001,宮城県仙台市宮城野区高砂一丁目24-9,宮城県,仙台市,宮城野区高砂一丁目,24-9,,2階,38.27032,140.97397,階数,2,4,3,1,0,3,2,1,0,,,0,無,無,無,09:00,21:00,,,,
041009,000000000185,宮城県仙台市,岩切市民センター,イワキリシミンセンター,,041025,0026124,宮城県仙台市宮城野区岩切字三所南88-2,宮城県,仙台市,宮城野区岩切字三所南,88-2,,1階体育館横,38.30092,140.94577,階数,1,6,4,1,1,3,1,2,,,,1,無,無,無,09:00,21:00,,,,大規模改修工事中のためトイレ数未確定
041009,000000000186,宮城県仙台市,岩切市民センター,イワキリシミンセンター,,041025,0026124,宮城県仙台市宮城野区岩切字三所南88-2,宮城県,仙台市,宮城野区岩切字三所南,88-2,,1階事務室横,38.30092,140.94577,階数,1,2,1,1,1,2,1,1,,,,0,無,無,無,09:00,21:00,,,,大規模改修工事中のためトイレ数未確定
041009,000000000187,宮城県仙台市,岩切市民センター,イワキリシミンセンター,,041025,0026124,宮城県仙台市宮城野区岩切字三所南88-2,宮城県,仙台市,宮城野区岩切字三所南,88-2,,2階体育館横,38.30092,140.94577,階数,2,6,4,1,1,3,1,2,,,,1,無,無,無,09:00,21:00,,,,大規模改修工事中のためトイレ数未確定
041009,000000000188,宮城県仙台市,岩切市民センター,イワキリシミンセンター,,041025,0026124,宮城県仙台市宮城野区岩切字三所南88-2,宮城県,仙台市,宮城野区岩切字三所南,88-2,,3階体育館横,38.30092,140.94577,階数,3,6,4,1,1,3,1,2,,,,1,無,無,無,09:00,21:00,,,,大規模改修工事中のためトイレ数未確定
041009,000000000189,宮城県仙台市,鶴ケ谷市民センター,ツルガヤシミンセンター,,041025,0027002,宮城県仙台市宮城野区鶴ケ谷二丁目1-7,宮城県,仙台市,宮城野区鶴ケ谷二丁目,1-7,,1階図書室向かい,38.28946,140.91458,階数,1,1,2,0,2,1,1,4,0,0,0,1,有,有,無,09:00,21:00,,,,
041009,000000000190,宮城県仙台市,鶴ケ谷市民センター,ツルガヤシミンセンター,,041025,0027002,宮城県仙台市宮城野区鶴ケ谷二丁目1-7,宮城県,仙台市,宮城野区鶴ケ谷二丁目,1-7,,2階第一会議室向かい,38.28946,140.91458,階数,2,1,2,0,2,1,1,4,0,0,0,1,有,有,有,09:00,21:00,,,,
041009,000000000191,宮城県仙台市,榴ケ岡市民センター,ツツジガオカシミンセンター,,041025,0034001,宮城県仙台市宮城野区五輪一丁目3-1,宮城県,仙台市,宮城野区五輪一丁目,3-1,,2階,38.25925,140.89538,,,5,3,1,1,3,2,1,0,,,0,無,無,無,09:00,21:00,,,,
041009,000000000192,宮城県仙台市,榴ケ岡市民センター,ツツジガオカシミンセンター,,041025,0034001,宮城県仙台市宮城野区五輪一丁目3-1,宮城県,仙台市,宮城野区五輪一丁目,3-1,,1階,38.25925,140.89538,,,6,3,1,2,4,2,2,,,,1,有,無,無,09:00,21:00,,,,
041009,000000000193,宮城県仙台市,東部市民センター,トウブシミンセンター,TOBU SIMINCENTER,041025,0030001,宮城県仙台市宮城野区平成一丁目3-27,宮城県,仙台市,宮城野区平成一丁目,3-27,東部市民センター,1階ロビー奥,38.27017,140.91596,階数,1,5,4,,1,2,1,1,,,,1,有,有,無,09:00,21:00,,,,
041009,000000000194,宮城県仙台市,東部市民センター,トウブシミンセンター,TOBU SIMINCENTER,041025,0030001,宮城県仙台市宮城野区平成一丁目3-27,宮城県,仙台市,宮城野区平成一丁目,3-27,,2階,38.270170,140.915960,階数,2,5,4,,1,2,1,1,,,,1,有,有,無,09:00,21:00,,,,
041009,000000000195,宮城県仙台市,幸町市民センター,サイワイチョウシミンセンター,,041025,0021003,宮城県仙台市宮城野区幸町三丁目13-13,宮城県,仙台市,宮城野区幸町三丁目,13-13,,1階,38.27683,140.90336,階数,1階,,,,,,,,1,,1,1,有,有,無,09:00,21:00,,,,
041009,000000000196,宮城県仙台市,幸町市民センター,サイワイチョウシミンセンター,,041025,0021003,宮城県仙台市宮城野区幸町三丁目13-13,宮城県,仙台市,宮城野区幸町三丁目,13-13,,2階,38.27683,140.90336,階数,1階,5,3,0,2,3,0,3,0,0,0,0,無,有,無,09:00,21:00,,,,
041009,000000000197,宮城県仙台市,幸町市民センター,サイワイチョウシミンセンター,,041025,0021003,宮城県仙台市宮城野区幸町三丁目13-13,宮城県,仙台市,宮城野区幸町三丁目,13-13,,3階,38.27683,140.90336,階数,2階,5,3,0,2,2,0,2,0,0,0,0,無,無,無,09:00,21:00,,,,
041009,000000000198,宮城県仙台市,田子市民センター,タゴシミンセンター,,041025,0049002,宮城県仙台市宮城野区田子二丁目4-25,宮城県,仙台市,宮城野区田子二丁目,4-25,,1階多目的ホール横,38.27954,140.96075,階数,1,4,3,0,1,3,1,2,0,0,0,1,有,無,無,09:00,21:00,,,,
041009,000000000199,宮城県仙台市,田子市民センター,タゴシミンセンター,,041025,0049002,宮城県仙台市宮城野区田子二丁目4-25,宮城県,仙台市,宮城野区田子二丁目,4-25,,2階第2会議室前,38.27954,140.96075,階数,2,4,3,0,1,3,1,2,0,0,0,1,有,無,無,09:00,21:00,,,,
041009,000000000200,宮城県仙台市,福室市民センター,フクムロシミンセンター,,041025,0025005,宮城県仙台市宮城野区福室五丁目9-36,宮城県,仙台市,宮城野区福室五丁目,9-36,,1階東側,38.27924,140.97103,,,5,,,,6,,,1,,,1,有,有,無,09:00,21:00,,,,
041009,000000000201,宮城県仙台市,福室市民センター,フクムロシミンセンター,,041025,0025005,宮城県仙台市宮城野区福室五丁目9-36,宮城県,仙台市,宮城野区福室五丁目,9-36,,2階東側,38.27924,140.97103,,,5,,,,6,,,1,,,1,有,有,無,09:00,21:00,,,,
041009,000000000202,宮城県仙台市,若林区文化センター,ワカバヤシクブンカセンター,,041033,0040001,宮城県仙台市若林区南小泉一丁目1-1,宮城県,仙台市,若林区南小泉一丁目,1-1,,1階ロビー,38.24252,140.90114,,,,,,,,,,,,,1,有,有,有,09:00,21:00,,,,
041009,000000000203,宮城県仙台市,若林区中央市民センター（別棟）,ワカバヤシクチュウオウシミンセンター（ベットウ）,,041033,0041000,宮城県仙台市若林区保春院前丁3-1,宮城県,仙台市,若林区保春院前丁,3-1,,1階エレベーター横,38.24426,140.90151,,,,,,,,,,,,,1,有,有,有,09:00,21:00,,,,
041009,000000000204,宮城県仙台市,若林区中央市民センター（別棟）,ワカバヤシクチュウオウシミンセンター（ベットウ）,,041033,0041000,宮城県仙台市若林区保春院前丁3-1,宮城県,仙台市,若林区保春院前丁,3-1,,2階エレベーター横,38.24426,140.90151,,,,,,,,,,,,,1,有,有,無,09:00,21:00,,,,
041009,000000000205,宮城県仙台市,若林区中央市民センター（別棟）,ワカバヤシクチュウオウシミンセンター（ベットウ）,,041033,0041000,宮城県仙台市若林区保春院前丁3-1,宮城県,仙台市,若林区保春院前丁,3-1,,3階エレベーター横,38.24426,140.90151,,,,,,,,,,,,,1,有,有,無,09:00,21:00,,,,
041009,000000000206,宮城県仙台市,七郷市民センター,シチゴウシミンセンター,,041033,0084003,宮城県仙台市若林区荒井三丁目7-2,宮城県,仙台市,若林区荒井三丁目,7-2,,1階和室入口横,38.24241,140.94112,,,1,3,1,1,1,1,2,,,,1,有,有,無,09:00,21:00,,,,
041009,000000000207,宮城県仙台市,七郷市民センター,シチゴウシミンセンター,,041033,0084003,宮城県仙台市若林区荒井三丁目7-2,宮城県,仙台市,若林区荒井三丁目,7-2,,2階保健センター西側,38.24241,140.94112,,,1,2,0,1,1,1,1,,,,1,有,有,無,09:00,21:00,,,,
041009,000000000208,宮城県仙台市,七郷市民センター,シチゴウシミンセンター,,041033,0084003,宮城県仙台市若林区荒井三丁目7-2,宮城県,仙台市,若林区荒井三丁目,7-2,,3階創作室西側,38.24241,140.94112,,,1,2,0,1,1,1,1,,,,1,有,有,無,09:00,21:00,,,,
041009,000000000209,宮城県仙台市,荒町市民センター,アラマチシミンセンター,,041033,0043000,宮城県仙台市若林区荒町86-2,宮城県,仙台市,若林区荒町,86-2,,1階,38.24928,140.88189,,,,,,,,,,,,,0,無,無,無,09:00,21:00,,,,
041009,000000000210,宮城県仙台市,六郷市民センター,ロクゴウシミンセンター,,041033,0058001,宮城県仙台市若林区今泉一丁目3-19,宮城県,仙台市,若林区今泉一丁目,3-19,,1階廊下,38.21481,140.92733,階数,1,5,4,0,1,3,0,3,0,0,0,1,有,有,無,09:00,21:00,,,,
041009,000000000211,宮城県仙台市,六郷市民センター,ロクゴウシミンセンター,,041033,0058001,宮城県仙台市若林区今泉一丁目3-19,宮城県,仙台市,若林区今泉一丁目,3-19,,体育館更衣室内,38.21481,140.92733,階数,1,2,1,0,1,2,0,2,0,0,0,0,無,無,無,09:00,21:00,,,,
041009,000000000212,宮城県仙台市,六郷市民センター,ロクゴウシミンセンター,,041033,0058001,宮城県仙台市若林区今泉一丁目3-19,宮城県,仙台市,若林区今泉一丁目,3-19,,2階廊下,38.21481,140.92733,階数,2,5,4,0,1,3,0,3,0,0,0,1,有,有,無,09:00,21:00,,,,
041009,000000000213,宮城県仙台市,六郷市民センター,ロクゴウシミンセンター,,041033,0058001,宮城県仙台市若林区今泉一丁目3-19,宮城県,仙台市,若林区今泉一丁目,3-19,,3階廊下,38.21481,140.92733,階数,3,5,4,0,1,3,0,3,0,0,0,1,有,有,無,09:00,21:00,,,,
041009,000000000214,宮城県仙台市,若林市民センター,ワカバヤシシミンセンター,,041033,0034003,宮城県仙台市若林区若林三丁目15-20,宮城県,仙台市,若林区若林三丁目,15-20,,1階図書室向い,38.23175,140.90203,,,6,4,0,2,5,0,5,1,0,1,1,有,有,無,09:00,21:00,,,,
041009,000000000215,宮城県仙台市,若林市民センター,ワカバヤシシミンセンター,,041033,0034003,宮城県仙台市若林区若林三丁目15-20,宮城県,仙台市,若林区若林三丁目,15-20,,2階会議室向い,38.23175,140.90203,,,6,4,0,2,5,0,5,0,0,0,0,無,無,無,09:00,21:00,,,,
041009,000000000216,宮城県仙台市,沖野市民センター,オキノシミンセンター,,041033,0021007,宮城県仙台市若林区沖野七丁目34-43,宮城県,仙台市,若林区沖野七丁目,34-43,沖野市民センター,建物1階北西側奥,38.22586,140.92228,階数,1,2,3,0,2,3,0,3,1,0,1,1,有,有,無,09:00,21:00,,,,
041009,000000000217,宮城県仙台市,沖野市民センター,オキノシミンセンター,,041033,0021007,宮城県仙台市若林区沖野七丁目34-43,宮城県,仙台市,若林区沖野七丁目,34-43,,建物2階北西側奥,38.22586,140.92228,階数,2,2,2,0,2,2,0,2,0,0,0,0,無,無,無,09:00,21:00,,,,
041009,000000000218,宮城県仙台市,太白区中央市民センター,タイハククチュウオウシミンセンター,,041041,0007005,宮城県仙台市太白区長町五丁目3-2,宮城県,仙台市,太白区長町五丁目,3-2,,文化センター棟３階,38.22771,140.88428,,,7,5,,2,4,1,3,1,,1,1,有,有,無,09:00,21:00,,,,乳幼児設備は洋式トイレブース内にベビーチェア男女それぞれ1台
041009,000000000219,宮城県仙台市,太白区中央市民センター,タイハククチュウオウシミンセンター,,041041,0007005,宮城県仙台市太白区長町五丁目3-2,宮城県,仙台市,太白区長町五丁目,3-2,,児童館棟3階,38.22771,140.88428,,,1,,,1,1,,1,,,,0,無,無,無,09:00,21:00,,,,女性トイレ内に男児用小便器1有
041009,000000000220,宮城県仙台市,太白区中央市民センター,タイハククチュウオウシミンセンター,,041041,0007005,宮城県仙台市太白区長町五丁目3-2,宮城県,仙台市,太白区長町五丁目,3-2,,文化センター棟4階,38.22771,140.88428,,,7,5,1,1,4,1,3,1,,1,1,有,有,無,09:00,21:00,,,,乳幼児設備は洋式トイレブース内にベビーチェア男女それぞれ1台
041009,000000000221,宮城県仙台市,太白区中央市民センター,タイハククチュウオウシミンセンター,,041041,0007005,宮城県仙台市太白区長町五丁目3-2,宮城県,仙台市,太白区長町五丁目,3-2,,児童館棟2階,38.22771,140.88428,,,3,2,,1,1,,1,1,,1,1,有,有,無,09:00,21:00,,,,
041009,000000000222,宮城県仙台市,太白区中央市民センター,タイハククチュウオウシミンセンター,,041041,0007005,宮城県仙台市太白区長町五丁目3-2,宮城県,仙台市,太白区長町五丁目,3-2,,児童館棟4階,38.22771,140.88428,,,,,,,,,,2,,2,1,有,有,無,09:00,21:00,,,,乳幼児設備はひろびろトイレ内おむつ替え台
041009,000000000223,宮城県仙台市,生出市民センター,オイデシミンセンター,OIDE Shimin Center,041041,0085002,宮城県仙台市太白区茂庭二丁目8-1,宮城県,仙台市,太白区茂庭二丁目,8-1,生出市民センター,1階給湯室横,38.22153,140.78984,階数,1,9,6,1,2,4,2,2,1,0,1,1,有,有,無,09:00,21:00,,,,男性小便器のうち一つは女性トイレ内に設置
041009,000000000224,宮城県仙台市,生出市民センター,オイデシミンセンター,OIDE Shimin Center,041041,0085002,宮城県仙台市太白区茂庭二丁目8-1,宮城県,仙台市,太白区茂庭二丁目,8-1,生出市民センター,2階給湯室横,38.22153,140.78984,階数,2,5,3,1,1,2,1,1,1,0,1,1,有,有,無,09:00,21:00,,,,
041009,000000000225,宮城県仙台市,中田市民センター,ナカタシミンセンター,Nakada,041041,0013004,宮城県仙台市太白区中田四丁目1-5,宮城県,仙台市,太白区中田四丁目,1-5,,1階給湯室横,38.19936,140.88767,,,5,,,,3,,,1,,,1,有,有,無,09:00,21:00,,,,
041009,000000000226,宮城県仙台市,中田市民センター,ナカタシミンセンター,Nakada,041041,0013004,宮城県仙台市太白区中田四丁目1-5,宮城県,仙台市,太白区中田四丁目,1-5,,2階給湯室横,38.19936,140.88767,,,5,,,,3,,,1,,,1,有,有,無,09:00,21:00,,,,
041009,000000000227,宮城県仙台市,中田市民センター,ナカタシミンセンター,Nakada,041041,0013004,宮城県仙台市太白区中田四丁目1-5,宮城県,仙台市,太白区中田四丁目,1-5,,体育館内,38.19936,140.88767,,,5,,,,4,,,1,,,1,有,有,無,09:00,21:00,,,,
041009,000000000228,宮城県仙台市,西多賀市民センター,ニシタガシミンセンター,,041041,0048003,宮城県仙台市太白区西多賀三丁目6-8,宮城県,仙台市,太白区西多賀三丁目,6-8,西多賀市民センター1階,1階事務室前,38.22251,140.85507,階数,1,0,0,0,0,0,0,0,1,0,1,1,有,有,無,09:00,21:00,,,,
041009,000000000229,宮城県仙台市,西多賀市民センター,ニシタガシミンセンター,,041041,0048003,宮城県仙台市太白区西多賀三丁目6-8,宮城県,仙台市,太白区西多賀三丁目,6-8,西多賀市民センター,1階左奥,38.22251,140.85507,階数,1,4,2,1,1,0,0,0,0,0,0,3,有,有,無,09:00,21:00,,,,
041009,000000000230,宮城県仙台市,西多賀市民センター,ニシタガシミンセンター,,041041,0048003,宮城県仙台市太白区西多賀三丁目6-8,宮城県,仙台市,太白区西多賀三丁目,6-8,西多賀市民センター,2階東側,38.22251,140.85507,階数,2,0,0,4,2,3,1,3,0,0,1,1,有,有,無,09:00,21:00,,,,
041009,000000000231,宮城県仙台市,西多賀市民センター,ニシタガシミンセンター,,041041,0048003,宮城県仙台市太白区西多賀三丁目6-8,宮城県,仙台市,太白区西多賀三丁目,6-8,西多賀市民センター,3階東側,38.22251,140.85507,階数,3,4,2,0,1,3,0,3,1,0,1,1,有,有,無,09:00,21:00,,,,
041009,000000000232,宮城県仙台市,八本松市民センター,ハチホンマツシミンセンター,,041041,0044002,宮城県仙台市太白区八本松二丁目4-20,宮城県,仙台市,太白区八本松二丁目,4-20,八本松市民センター,1階階段横,38.22886,140.89282,階数,1,6,4,0,2,4,1,3,,,,1,有,有,無,09:00,21:00,,,,
041009,000000000233,宮城県仙台市,八木山市民センター,ヤギヤマシミンセンター,,041041,0071001,宮城県仙台市太白区八木山本町一丁目43,宮城県,仙台市,太白区八木山本町一丁目,43,,1階廊下東端,38.24264,140.84234,,,7,4,1,2,5,1,4,,,,1,有,有,無,09:00,21:00,,,,
041009,000000000234,宮城県仙台市,八本松市民センター,ハチホンマツシミンセンター,,041041,0044002,宮城県仙台市太白区八本松二丁目4-20,宮城県,仙台市,太白区八本松二丁目,4-20,八本松市民センター,2階階段横,38.22886,140.89282,階数,2,6,4,0,2,4,1,3,,,,2,無,無,無,09:00,21:00,,,,
041009,000000000235,宮城県仙台市,八木山市民センター,ヤギヤマシミンセンター,,041041,0071001,宮城県仙台市太白区八木山本町一丁目43,宮城県,仙台市,太白区八木山本町一丁目,43,,2階廊下東端,38.24264,140.84234,,,7,4,1,2,5,1,4,,,,1,有,有,無,09:00,21:00,,,,
041009,000000000236,宮城県仙台市,八木山市民センター,ヤギヤマシミンセンター,,041041,0071001,宮城県仙台市太白区八木山本町一丁目43,宮城県,仙台市,太白区八木山本町一丁目,43,,3階廊下東端,38.24264,140.84234,,,5,3,1,1,4,1,3,,,,1,有,有,無,09:00,21:00,,,,
041009,000000000237,宮城県仙台市,山田市民センター,ヤマダシミンセンター,,041041,0070000,宮城県仙台市太白区山田北前町13-1,宮城県,仙台市,太白区山田北前町,13-1,,1階,38.22093,140.83012,階数,1,4,3,0,1,3,1,2,0,0,0,1,有,無,無,09:00,21:00,,,,
041009,000000000238,宮城県仙台市,山田市民センター,ヤマダシミンセンター,,041041,0070000,宮城県仙台市太白区山田北前町13-1,宮城県,仙台市,太白区山田北前町,13-1,,2階,38.22093,140.83012,階数,2,4,3,0,1,3,1,2,0,0,0,0,無,無,無,09:00,21:00,,,,
041009,000000000239,宮城県仙台市,茂庭台市民センター,モニワダイシミンセンター,,041041,0057004,宮城県仙台市太白区茂庭台四丁目1-10,宮城県,仙台市,太白区茂庭台四丁目,1-10,,1階事務室向かい,38.23573,140.78192,階数,1,2,3,0,2,3,0,3,0,0,0,1,有,有,無,09:00,21:00,,,,
041009,000000000240,宮城県仙台市,茂庭台市民センター,モニワダイシミンセンター,,041041,0057004,宮城県仙台市太白区茂庭台四丁目1-10,宮城県,仙台市,太白区茂庭台四丁目,1-10,,2階和室⑵向かい,38.23573,140.78192,階数,2,2,3,0,2,3,0,3,0,0,0,0,無,無,無,09:00,21:00,,,,
041009,000000000241,宮城県仙台市,東中田市民センター,ヒガシナカタシミンセンター,,041041,0080121,宮城県仙台市太白区四郎丸字吹上51,宮城県,仙台市,太白区四郎丸字吹上,51,,1階階段横,38.19299,140.91401,,,5,,,,4,,,0,,,1,有,無,無,09:00,21:00,,,,
041009,000000000242,宮城県仙台市,東中田市民センター,ヒガシナカタシミンセンター,,041041,0080121,宮城県仙台市太白区四郎丸字吹上51,宮城県,仙台市,太白区四郎丸字吹上,51,,2階階段横,38.19299,140.91401,,,5,,,,4,,,0,,,0,無,無,無,09:00,21:00,,,,
041009,000000000243,宮城県仙台市,柳生市民センター,ヤナギウシミンセンター,,041041,0002007,宮城県仙台市太白区柳生七丁目20-7,宮城県,仙台市,太白区柳生七丁目,20-7,,1階ロビー脇,38.19896,140.86732,,,5,3,1,1,3,2,1,1,0,1,1,有,有,無,09:00,21:00,,,,
041009,000000000244,宮城県仙台市,柳生市民センター,ヤナギウシミンセンター,,041041,0002007,宮城県仙台市太白区柳生七丁目20-7,宮城県,仙台市,太白区柳生七丁目,20-7,,2階廊下脇,38.19896,140.86732,,,5,3,1,1,3,2,1,1,0,1,1,有,有,無,09:00,21:00,,,,
041009,000000000245,宮城県仙台市,富沢市民センター,トミザワシミンセンター,,041041,0045001,宮城県仙台市太白区富沢南一丁目18-10,宮城県,仙台市,太白区富沢南一丁目,18-10,,1階階段横,38.21354,140.86639,階数,1,5,3,1,1,5,2,3,1,0,1,1,有,有,無,09:00,21:00,,,,
041009,000000000246,宮城県仙台市,富沢市民センター,トミザワシミンセンター,,041041,0045001,宮城県仙台市太白区富沢南一丁目18-10,宮城県,仙台市,太白区富沢南一丁目,18-10,,2階階段横,38.21354,140.86639,階数,2,5,3,1,1,5,2,3,1,0,1,1,有,有,無,09:00,21:00,,,,
041009,000000000247,宮城県仙台市,秋保市民センター,アキウシミンセンター,,041041,0084169,宮城県仙台市太白区秋保町長袋字大原44-1,宮城県,仙台市,太白区秋保町長袋字大原,44-1,,東棟1階,38.2595,140.6713,階数,1,6,4,1,1,6,2,3,0,0,0,1,無,有,無,09:00,21:00,,,,女性トイレに幼児男子小便器1あり
041009,000000000248,宮城県仙台市,秋保市民センター,アキウシミンセンター,,041041,0084169,宮城県仙台市太白区秋保町長袋字大原44-1,宮城県,仙台市,太白区秋保町長袋字大原,44-1,,西棟1階,38.2595,140.6713,階数,1,7,4,1,2,7,2,4,0,0,0,0,無,有,無,09:00,21:00,,,,
041009,000000000249,宮城県仙台市,馬場市民センター,ババシミンセンター,,041041,0086129,宮城県仙台市太白区秋保町馬場字竹林45-1,宮城県,仙台市,太白区秋保町馬場字竹林,45-1,,事務室向かい,38.27222,140.62788,,,4,3,0,1,2,0,2,,,,1,有,無,無,09:00,21:00,施設利用時のみ,,,
041009,000000000250,宮城県仙台市,湯元市民センター,ユモトシミンセンター,,041041,0053000,宮城県仙台市太白区秋保町湯向2-20,宮城県,仙台市,太白区秋保町湯向,2-20,,1階階段横,38.22782,140.72559,階数,1,4,3,0,1,3,2,1,0,0,0,1,無,無,無,09:00,21:00,職員不在時は利用不可,,,
041009,000000000251,宮城県仙台市,湯元市民センター,ユモトシミンセンター,,041041,0053000,宮城県仙台市太白区秋保町湯向2-20,宮城県,仙台市,太白区秋保町湯向,2-20,,2階階段横,38.22782,140.72559,階数,2,0,0,0,0,0,0,0,1,0,1,0,無,無,無,09:00,21:00,職員不在時は利用不可,,,男性用小便器2
041009,000000000252,宮城県仙台市,泉区中央市民センター,イズミクチュウオウシミンセンター,,041050,0046138,宮城県仙台市泉区市名坂字東裏53-1,宮城県,仙台市,泉区市名坂字東裏,53-1,,1階,38.32064,140.89027,階数,2,2,3,1,1,6,3,3,1,0,1,1,有,有,無,09:00,21:00,,,,
041009,000000000253,宮城県仙台市,泉区中央市民センター,イズミクチュウオウシミンセンター,,041050,0046138,宮城県仙台市泉区市名坂字東裏53-1,宮城県,仙台市,泉区市名坂字東裏,53-1,,2階,38.32064,140.89027,階数,2,2,3,1,1,6,3,3,1,0,1,1,有,有,無,09:00,21:00,,,,
041009,000000000254,宮城県仙台市,根白石市民センター,ネノシロイシシミンセンター,,041050,0051181,宮城県仙台市泉区根白石字杉下前24,宮城県,仙台市,泉区根白石字杉下前,24,,1階ロビー北側,38.34222,140.79565,,,7,5,1,1,4,1,3,0,0,0,1,有,有,無,09:00,21:00,,,,
041009,000000000255,宮城県仙台市,根白石市民センター,ネノシロイシシミンセンター,,041050,0051181,宮城県仙台市泉区根白石字杉下前24,宮城県,仙台市,泉区根白石字杉下前,24,,2階調理室隣り,38.34222,140.79565,,,6,4,0,2,3,0,3,0,0,0,0,無,無,無,09:00,21:00,,,,
041009,000000000256,宮城県仙台市,南光台市民センター,ナンコウダイシミンセンター,,041050,0031007,宮城県仙台市泉区南光台七丁目1-30,宮城県,仙台市,泉区南光台七丁目,1-30,,1階階段そば,38.29967,140.89924,,,5,3,1,1,3,1,2,,,,1,有,有,無,09:00,21:00,,,,
041009,000000000257,宮城県仙台市,南光台市民センター,ナンコウダイシミンセンター,,041050,0031007,宮城県仙台市泉区南光台七丁目1-30,宮城県,仙台市,泉区南光台七丁目,1-30,,2階階段そば,38.29967,140.89924,,,5,3,0,2,3,0,3,,,,1,有,有,無,09:00,21:00,,,,
041009,000000000258,宮城県仙台市,黒松市民センター,クロマツシミンセンター,,041050,0025001,宮城県仙台市泉区黒松一丁目33-40,宮城県,仙台市,泉区黒松一丁目,33-40,,1階奥,38.30277,140.88595,階数,1,5,3,0,2,3,0,3,1,0,1,1,有,無,無,09:00,21:00,,,,大規模修繕工事により休館中
041009,000000000259,宮城県仙台市,黒松市民センター,クロマツシミンセンター,,041050,0025001,宮城県仙台市泉区黒松一丁目33-40,宮城県,仙台市,泉区黒松一丁目,33-40,,2階奥,38.30277,140.88595,階数,2,5,3,0,2,3,0,3,0,0,0,0,無,無,無,09:00,21:00,,,,大規模修繕工事により休館中
041009,000000000260,宮城県仙台市,将監市民センター,ショウゲンシミンセンター,,041050,0009008,宮城県仙台市泉区将監八丁目1-18,宮城県,仙台市,泉区将監八丁目,1-18,,1階エレベーター横,38.33235,140.87952,,,6,4,0,2,5,0,5,0,0,0,0,無,無,無,09:00,21:00,,,,
041009,000000000261,宮城県仙台市,将監市民センター,ショウゲンシミンセンター,,041050,0009008,宮城県仙台市泉区将監八丁目1-18,宮城県,仙台市,泉区将監八丁目,1-18,,2階エレベーター横,38.332350,140.87952,,,3,2,0,1,3,0,3,0,0,0,1,有,無,無,09:00,21:00,,,,
041009,000000000262,宮城県仙台市,将監市民センター,ショウゲンシミンセンター,,041050,0009008,宮城県仙台市泉区将監八丁目1-18,宮城県,仙台市,泉区将監八丁目,1-18,,1階授乳室横,38.332350,140.87952,,,0,0,0,0,0,0,0,0,0,0,1,無,無,有,09:00,21:00,,,,
041009,000000000263,宮城県仙台市,将監市民センター,ショウゲンシミンセンター,,041050,0009008,宮城県仙台市泉区将監八丁目1-18,宮城県,仙台市,泉区将監八丁目,1-18,,1階公園側玄関横,38.33235,140.87952,,,1,1,0,0,0,0,0,1,0,1,0,無,無,無,09:00,21:00,,,,
041009,000000000264,宮城県仙台市,加茂市民センター,カモシミンセンター,,041050,0034004,宮城県仙台市泉区加茂四丁目2,宮城県,仙台市,泉区加茂四丁目,2,,1階,38.31391,140.85557,,,5,4,,1,3,,3,,,,1,有,有,無,09:00,21:00,,,,
041009,000000000265,宮城県仙台市,加茂市民センター,カモシミンセンター,,041050,0034004,宮城県仙台市泉区加茂四丁目2,宮城県,仙台市,泉区加茂四丁目,2,,2階階段脇,38.31391,140.85557,,,4,3,,1,3,,3,,,,0,無,無,無,09:00,21:00,,,,
041009,000000000266,宮城県仙台市,加茂市民センター,カモシミンセンター,,041050,0034004,宮城県仙台市泉区加茂四丁目2,宮城県,仙台市,泉区加茂四丁目,2,,別棟1階倉庫脇,38.31391,140.85557,,,3,2,,1,2,,2,,,,0,無,無,無,09:00,21:00,,,,
041009,000000000267,宮城県仙台市,高森市民センター,タカモリシミンセンター,,041050,0008006,宮城県仙台市泉区高森六丁目1-2,宮城県,仙台市,泉区高森六丁目,1-2,,1階,38.33931,140.85324,階数,1,6,4,,2,4,,4,1,,1,1,有,無,無,09:00,21:00,,,,
041009,000000000268,宮城県仙台市,高森市民センター,タカモリシミンセンター,,041050,0008006,宮城県仙台市泉区高森六丁目1-2,宮城県,仙台市,泉区高森六丁目,1-2,,2階,38.33931,140.85324,階数,2,6,4,,2,3,,3,,,,0,無,無,無,09:00,21:00,,,,
041009,000000000269,宮城県仙台市,松陵市民センター,ショウリョウシミンセンター,,041050,0029005,宮城県仙台市泉区松陵五丁目20-2,宮城県,仙台市,泉区松陵五丁目,20-2,,1階廊下,38.32812,140.91416,,,2,3,0,2,3,0,3,0,,,1,有,有,無,09:00,21:00,,,,
041009,000000000270,宮城県仙台市,松陵市民センター,ショウリョウシミンセンター,,041050,0029005,宮城県仙台市泉区松陵五丁目20-2,宮城県,仙台市,泉区松陵五丁目,20-2,,2階廊下,38.32812,140.91416,,,2,3,0,2,3,0,3,0,,,0,無,無,無,09:00,21:00,,,,
041009,000000000271,宮城県仙台市,寺岡市民センター,テラオカシミンセンター,,041050,0016002,宮城県仙台市泉区寺岡二丁目14-4,宮城県,仙台市,泉区寺岡二丁目,14-4,,1階ロビー,38.34132,140.82878,,,4,5,3,1,5,4,1,0,0,0,1,無,無,無,09:00,21:00,,,,大規模修繕工事により休館中
041009,000000000272,宮城県仙台市,長命ケ丘市民センター,チョウメイガオカシミンセンター,,041050,0030002,宮城県仙台市泉区長命ケ丘二丁目14-15,宮城県,仙台市,泉区長命ケ丘二丁目,14-15,,1階エレベーター奥,38.31109,140.84013,,,,,,,,,,,,,1,有,無,無,09:00,21:00,,,,大規模修繕工事により休館中
041009,000000000273,宮城県仙台市,長命ケ丘市民センター,チョウメイガオカシミンセンター,,041050,0030002,宮城県仙台市泉区長命ケ丘二丁目14-15,宮城県,仙台市,泉区長命ケ丘二丁目,14-15,,2階エレベーター奥,38.31109,140.84013,,,,,,,,,,,,,0,無,無,無,09:00,21:00,,,,大規模修繕工事により休館中
041009,000000000274,宮城県仙台市,松森市民センター,マツモリシミンセンター,,041050,0049128,宮城県仙台市泉区松森字城前9-2,宮城県,仙台市,泉区松森字城前,9-2,,1階,38.31457,140.91717,,,12,6,4,2,11,5,6,,,0,2,有,有,無,09:00,21:00,,,,
041009,000000000275,宮城県仙台市,松森市民センター,マツモリシミンセンター,,041050,0049128,宮城県仙台市泉区松森字城前9-2,宮城県,仙台市,泉区松森字城前,9-2,,1階和室正面,38.31457,140.91717,階数,1,6,3,2,1,5,1,4,,,0,1,有,有,無,09:00,21:00,,,,
041009,000000000276,宮城県仙台市,松森市民センター,マツモリシミンセンター,,041050,0049128,宮城県仙台市泉区松森字城前9-2,宮城県,仙台市,泉区松森字城前,9-2,,2階会議室横,38.31457,140.91717,階数,2,6,3,2,1,6,4,2,,,0,1,有,有,無,09:00,21:00,,,,
041009,000000000277,宮城県仙台市,桂市民センター,カツラシミンセンター,,041050,0035003,宮城県仙台市泉区桂三丁目19-1,宮城県,仙台市,泉区桂三丁目,19-1,,1階廊下突き当り,38.34034,140.86134,,,5,3,1,1,6,1,5,0,0,0,1,有,有,無,09:00,21:00,,,,
041009,000000000278,宮城県仙台市,桂市民センター,カツラシミンセンター,,041050,0035003,宮城県仙台市泉区桂三丁目19-1,宮城県,仙台市,泉区桂三丁目,19-1,,2階エレベーター横,38.34034,140.861340,,,4,3,0,1,4,1,3,0,0,0,1,有,有,無,09:00,21:00,,,,
041009,000000000279,宮城県仙台市,南中山市民センター,ミナミナカヤマシミンセンター,,041050,0014002,宮城県仙台市泉区南中山二丁目24-12,宮城県,仙台市,泉区南中山二丁目,24-12,,1階,38.30868,140.8245,,1,5,3,0,2,3,0,3,0,0,0,1,有,有,無,09:00,21:00,,,,
041009,000000000280,宮城県仙台市,南中山市民センター,ミナミナカヤマシミンセンター,,041050,0014002,宮城県仙台市泉区南中山二丁目24-12,宮城県,仙台市,泉区南中山二丁目,24-12,,2階,38.30868,140.8245,,2階,4,2,0,2,3,0,3,0,0,0,0,無,無,無,09:00,21:00,,,,
041009,000000000281,宮城県仙台市,仙台市民会館,センダイシミンカイカン,TOHKNET HALL SENDAI (Sendai Civic Auditorium),041017,0093000,宮城県仙台市青葉区桜ケ岡公園4-1,宮城県,仙台市,青葉区桜ケ岡公園,4-1,,1階主催者室脇,38.26566,140.86307,階数,1,6,4,0,2,4,0,4,0,0,0,0,無,無,無,09:00,21:30,,,,
041009,000000000282,宮城県仙台市,仙台市民会館,センダイシミンカイカン,TOHKNET HALL SENDAI (Sendai Civic Auditorium),041017,0093000,宮城県仙台市青葉区桜ケ岡公園4-1,宮城県,仙台市,青葉区桜ケ岡公園,4-1,,地下1階小ホール脇,38.26566,140.86307,階数,-1,8,6,0,2,4,0,4,0,0,0,1,有,無,無,09:00,21:30,,,,
041009,000000000283,宮城県仙台市,仙台市民会館,センダイシミンカイカン,TOHKNET HALL SENDAI (Sendai Civic Auditorium),041017,0093000,宮城県仙台市青葉区桜ケ岡公園4-1,宮城県,仙台市,青葉区桜ケ岡公園,4-1,,地下1階視聴覚室脇,38.26566,140.86307,階数,-1,7,5,0,2,2,0,2,0,0,0,2,有,無,無,09:00,21:30,,,,
041009,000000000284,宮城県仙台市,仙台市民会館,センダイシミンカイカン,TOHKNET HALL SENDAI (Sendai Civic Auditorium),041017,0093000,宮城県仙台市青葉区桜ケ岡公園4-1,宮城県,仙台市,青葉区桜ケ岡公園,4-1,,2階会議室3脇,38.26566,140.86307,階数,2,7,5,0,2,2,0,2,0,0,0,2,有,無,無,09:00,21:30,,,,
041009,000000000285,宮城県仙台市,蒲生日和山緑地トイレ,ガモウヒヨリヤマリョクチトイレ,,041025,0011004,宮城県仙台市宮城野区蒲生４丁目19,宮城県,仙台市,宮城野区蒲生四丁目,19,,駐車場北側,,,,,2,1,,1,1,,1,0,,,1,有,有,無,,,,,,所管は市民局地域政策課だが、管理は宮城野区まちづくり推進課
041009,000000000682,宮城県仙台市,貝ケ森市民センター,カイガモリシミンセンター,,041017,0012001,宮城県仙台市青葉区貝ケ森一丁目4-6,宮城県,仙台市,青葉区貝ケ森一丁目,4-6,,2階エレベーター前,38.28163,140.84247,階数,1,7,5,0,2,5,0,5,0,0,0,0,無,無,無,09:00,21:00,,,,
041009,000000000683,宮城県仙台市,若林区文化センター,ワカバヤシクブンカセンター,,041033,0040001,宮城県仙台市若林区南小泉一丁目1-1,宮城県,仙台市,若林区南小泉一丁目,1-1,,2階ロビー,38.24252,140.90114,,,,,,,,,,,,,1,有,有,無,09:00,21:00,,,,
041009,000000000684,宮城県仙台市,仙台市泉文化創造センター,センダイシイズミブンカソウゾウセンター,,041050,0026002,宮城県仙台市泉区泉中央二丁目18-1,宮城県,仙台市,泉区泉中央二丁目,18-1,,2階ロビー,38.324920,140.883980,階数,2,4,3,0,1,2,0,2,0,0,0,1,有,有,有,09:00,22:00,,,,
041009,000000000286,宮城県仙台市,仙台市福祉プラザ,センダイシフクシプラザ,,041017,0050002,宮城県仙台市青葉区五橋二丁目12-2,宮城県,仙台市,青葉区五橋二丁目,12-2,,1階ホワイエ隣,38.25059,140.88017,,,,,,,,,,,,,２,有,無,有,09:00,21:30,,,,
041009,000000000287,宮城県仙台市,仙台市福祉プラザ,センダイシフクシプラザ,,041017,0050002,宮城県仙台市青葉区五橋二丁目12-2,宮城県,仙台市,青葉区五橋二丁目,12-2,,1階控室隣,38.25059,140.88017,,,,,,,,,,,,,1,有,無,有,09:00,21:30,,,,
041009,000000000288,宮城県仙台市,仙台市福祉プラザ,センダイシフクシプラザ,,041017,0050002,宮城県仙台市青葉区五橋二丁目12-2,宮城県,仙台市,青葉区五橋二丁目,12-2,,1階控室隣,38.25059,140.88017,,,,,,,,,,,,,1,有,無,無,09:00,21:30,,,,
041009,000000000289,宮城県仙台市,仙台市福祉プラザ,センダイシフクシプラザ,,041017,0050002,宮城県仙台市青葉区五橋二丁目12-2,宮城県,仙台市,青葉区五橋二丁目,12-2,,２階ホワイエ隣,38.25059,140.88017,,,,,,,,,,,,,2,有,無,無,09:00,21:30,,,,
041009,000000000290,宮城県仙台市,仙台市福祉プラザ,センダイシフクシプラザ,,041017,0050002,宮城県仙台市青葉区五橋二丁目12-2,宮城県,仙台市,青葉区五橋二丁目,12-2,,２階ホワイエ隣,38.25059,140.88017,,,,,,,,,,,,,1,無,有,無,09:00,21:30,,,,
041009,000000000291,宮城県仙台市,仙台市福祉プラザ,センダイシフクシプラザ,,041017,0050002,宮城県仙台市青葉区五橋二丁目12-2,宮城県,仙台市,青葉区五橋二丁目,12-2,,３階非常階段隣,38.25059,140.88017,,,,,,,,,,,,,2,有,無,無,09:00,21:30,,,,
041009,000000000292,宮城県仙台市,仙台市福祉プラザ,センダイシフクシプラザ,,041017,0050002,宮城県仙台市青葉区五橋二丁目12-2,宮城県,仙台市,青葉区五橋二丁目,12-2,,４階非常階段隣,38.25059,140.88017,,,,,,,,,,,,,2,有,無,無,09:00,21:30,,,,
041009,000000000293,宮城県仙台市,仙台市福祉プラザ,センダイシフクシプラザ,,041017,0050002,宮城県仙台市青葉区五橋二丁目12-2,宮城県,仙台市,青葉区五橋二丁目,12-2,,５階非常階段隣,38.25059,140.88017,,,,,,,,,,,,,2,有,無,無,09:00,21:30,,,,
041009,000000000294,宮城県仙台市,仙台市福祉プラザ,センダイシフクシプラザ,,041017,0050002,宮城県仙台市青葉区五橋二丁目12-2,宮城県,仙台市,青葉区五橋二丁目,12-2,,６階非常階段隣,38.25059,140.88017,,,,,,,,,,,,,1,有,無,無,09:00,21:30,,,,
041009,000000000295,宮城県仙台市,仙台市福祉プラザ,センダイシフクシプラザ,,041017,0050002,宮城県仙台市青葉区五橋二丁目12-2,宮城県,仙台市,青葉区五橋二丁目,12-2,,７階非常階段隣,38.25059,140.88017,,,,,,,,,,,,,1,有,無,無,09:00,21:30,,,,
041009,000000000296,宮城県仙台市,仙台市福祉プラザ,センダイシフクシプラザ,,041017,0050002,宮城県仙台市青葉区五橋二丁目12-2,宮城県,仙台市,青葉区五橋二丁目,12-2,,８階非常階段隣,38.25059,140.88017,,,,,,,,,,,,,1,有,無,無,09:00,21:30,,,,
041009,000000000297,宮城県仙台市,仙台市福祉プラザ,センダイシフクシプラザ,,041017,0050002,宮城県仙台市青葉区五橋二丁目12-2,宮城県,仙台市,青葉区五橋二丁目,12-2,,９階非常階段隣,38.25059,140.88017,,,,,,,,,,,,,2,有,無,無,09:00,21:30,,,,
041009,000000000298,宮城県仙台市,仙台市福祉プラザ,センダイシフクシプラザ,,041017,0050002,宮城県仙台市青葉区五橋二丁目12-2,宮城県,仙台市,青葉区五橋二丁目,12-2,,１０階非常階段隣,38.25059,140.88017,,,,,,,,,,,,,2,有,無,無,09:00,21:30,,,,
041009,000000000299,宮城県仙台市,仙台市福祉プラザ,センダイシフクシプラザ,,041017,0050002,宮城県仙台市青葉区五橋二丁目12-2,宮城県,仙台市,青葉区五橋二丁目,12-2,,１１階非常階段隣,38.25059,140.88017,,,,,,,,,,,,,2,有,無,無,09:00,21:30,,,,
041009,000000000300,宮城県仙台市,仙台市福祉プラザ,センダイシフクシプラザ,,041017,0050002,宮城県仙台市青葉区五橋二丁目12-2,宮城県,仙台市,青葉区五橋二丁目,12-2,,１２階非常階段隣,38.25059,140.88017,,,,,,,,,,,,,1,有,有,無,09:00,21:30,,,,
041009,000000000301,宮城県仙台市,宮城社会福祉センター,ミヤギシャカイフクシセンター,,041017,0108111,宮城県仙台市青葉区下愛子字観音堂27-1,宮城県,仙台市,青葉区下愛子字観音堂,27-1,,,38.26795,140.76275,,,,,,,,,,,,,2,有,有,無,09:00,16:30,,,,
041009,000000000302,宮城県仙台市,泉社会福祉センター,イズミシャカイフクシセンター,,041050,0047167,宮城県仙台市泉区七北田字道48-12,宮城県,仙台市,泉区七北田字道,48-12,,,38.32944,140.87078,,,,,,,,,,,,,2,有,無,無,09:00,21:00,,,,
041009,000000000303,宮城県仙台市,仙台市シルバーセンター,センダイシシルバーセンター,,041017,0018001,宮城県仙台市青葉区花京院一丁目3-2,宮城県,仙台市,青葉区花京院一丁目,3-2,,B1階北側階段横,,,,,1,,,1,1,,1,,,,1,有,,有,09:00,21:30,施設点検日、年末年始は休館のため利用不可,,,
041009,000000000304,宮城県仙台市,仙台市シルバーセンター,センダイシシルバーセンター,,041017,0018001,宮城県仙台市青葉区花京院一丁目3-2,宮城県,仙台市,青葉区花京院一丁目,3-2,,1階北側階段横,,,,,3,2,,1,2,,2,,,,2,有,有,有,09:00,21:30,施設点検日、年末年始は休館のため利用不可,,,
041009,000000000305,宮城県仙台市,仙台市シルバーセンター,センダイシシルバーセンター,,041017,0018001,宮城県仙台市青葉区花京院一丁目3-2,宮城県,仙台市,青葉区花京院一丁目,3-2,,2階相談室1横,,,,,3,2,,1,2,,2,,,,2,有,,,09:00,17:00,施設点検日、年末年始は休館のため利用不可,,,
041009,000000000306,宮城県仙台市,仙台市シルバーセンター,センダイシシルバーセンター,,041017,0018001,宮城県仙台市青葉区花京院一丁目3-2,宮城県,仙台市,青葉区花京院一丁目,3-2,,3階男子ロッカー室横,,,,,3,2,,1,2,,2,,,,2,有,,,09:00,17:00,施設点検日、年末年始は休館のため利用不可,,,
041009,000000000307,宮城県仙台市,仙台市シルバーセンター,センダイシシルバーセンター,,041017,0018001,宮城県仙台市青葉区花京院一丁目3-2,宮城県,仙台市,青葉区花京院一丁目,3-2,,5階倉庫横,,,,,3,2,,1,2,,2,,,,2,有,,,09:00,21:30,施設点検日、年末年始は休館のため利用不可,,,
041009,000000000308,宮城県仙台市,仙台市シルバーセンター,センダイシシルバーセンター,,041017,0018001,宮城県仙台市青葉区花京院一丁目3-2,宮城県,仙台市,青葉区花京院一丁目,3-2,,6階ラウンジ横,,,,,3,2,,1,2,,2,,,,2,有,有,,09:00,21:30,施設点検日、年末年始は休館のため利用不可,,,
041009,000000000309,宮城県仙台市,仙台市シルバーセンター,センダイシシルバーセンター,,041017,0018001,宮城県仙台市青葉区花京院一丁目3-2,宮城県,仙台市,青葉区花京院一丁目,3-2,,7階EV・EPS横,,,,,3,2,,1,2,,2,,,,2,有,,,09:00,21:30,施設点検日、年末年始は休館のため利用不可,,,
041009,000000000310,宮城県仙台市,葛岡斎場,クズオカサイジョウ,,041017,0115103,宮城県仙台市青葉区郷六字葛岡10,宮城県,仙台市,青葉区郷六字葛岡,10,葛岡斎場1階西,1階西側中央,38.278283,140.820509,階数,1,4,3,0,1,3,2,1,1,0,1,1,有,有,無,08:30,17:00,"1/1,1/2斎場休場のため使用不可",,,女性トイレに男児用小便器あり
041009,000000000311,宮城県仙台市,葛岡斎場,クズオカサイジョウ,,041017,0115103,宮城県仙台市青葉区郷六字葛岡10,宮城県,仙台市,青葉区郷六字葛岡,10,葛岡斎場1階東,1階東側中央,38.278283,140.820509,階数,1,4,3,0,1,3,2,1,1,0,1,1,有,有,無,08:30,17:00,"1/1,1/2斎場休場のため使用不可",,,女性トイレに男児用小便器あり
041009,000000000312,宮城県仙台市,葛岡斎場,クズオカサイジョウ,,041017,0115103,宮城県仙台市青葉区郷六字葛岡10,宮城県,仙台市,青葉区郷六字葛岡,10,葛岡斎場2階西,2階西側中央,38.278283,140.820509,階数,2,8,5,1,2,7,2,5,0,0,0,2,有,有,無,08:30,17:00,"1/1,1/2斎場休場のため使用不可",,,
041009,000000000313,宮城県仙台市,葛岡斎場,クズオカサイジョウ,,041017,0115103,宮城県仙台市青葉区郷六字葛岡10,宮城県,仙台市,青葉区郷六字葛岡,10,葛岡斎場2階東,2階東側中央,38.278283,140.820509,階数,2,8,5,1,2,7,2,5,0,0,0,2,有,有,無,08:30,17:00,"1/1,1/2斎場休場のため使用不可",,,
041009,000000000314,宮城県仙台市,葛岡墓園,クズオカボエン,,041017,0115103,宮城県仙台市青葉区郷六字葛岡42,宮城県,仙台市,青葉区郷六字葛岡,42,葛岡墓園1号便所,入口ロータリー東側,38.269021,140.816691,,,3,2,0,1,2,1,1,0,0,0,0,無,有,無,,,24時間開放,,,
041009,000000000315,宮城県仙台市,葛岡墓園,クズオカボエン,,041017,0115103,宮城県仙台市青葉区郷六字葛岡42,宮城県,仙台市,青葉区郷六字葛岡,42,葛岡墓園2号便所,寺院墓地南側,38.269754,140.819883,,,2,1,1,0,1,1,0,0,0,0,1,有,有,無,,,24時間開放,,,
041009,000000000316,宮城県仙台市,葛岡墓園,クズオカボエン,,041017,0115103,宮城県仙台市青葉区郷六字葛岡42,宮城県,仙台市,青葉区郷六字葛岡,42,葛岡墓園3号便所,導仁寺北側,38.271474,140.818823,,,1,1,0,0,0,0,0,2,2,0,0,無,無,無,,,24時間開放,,,男子は壁式小便器
041009,000000000317,宮城県仙台市,葛岡墓園,クズオカボエン,,041017,0115103,宮城県仙台市青葉区郷六字葛岡42,宮城県,仙台市,青葉区郷六字葛岡,42,葛岡墓園5号便所,第一給水塔南側,38.272462,140.821282,,,2,1,1,0,1,1,0,0,0,0,1,有,有,無,,,24時間開放,,,
041009,000000000318,宮城県仙台市,葛岡墓園,クズオカボエン,,041017,0115103,宮城県仙台市青葉区郷六字葛岡42,宮城県,仙台市,青葉区郷六字葛岡,42,葛岡墓園6号便所,第一給水塔西側,38.273378,140.820377,,,1,1,0,0,0,0,0,2,2,0,0,無,無,無,,,24時間開放,,,男子は壁式小便器
041009,000000000319,宮城県仙台市,葛岡墓園,クズオカボエン,,041017,0115103,宮城県仙台市青葉区郷六字葛岡42,宮城県,仙台市,青葉区郷六字葛岡,42,葛岡墓園7号便所,久近寺南側,38.271709,140.823561,,,3,2,0,1,2,1,1,0,0,0,0,無,有,無,09:00,16:00,24時間開放,,,
041009,000000000320,宮城県仙台市,葛岡墓園,クズオカボエン,,041017,0115103,宮城県仙台市青葉区郷六字葛岡42,宮城県,仙台市,青葉区郷六字葛岡,42,葛岡墓園8号便所,見瑞寺南側,38.273737,140.824676,,,3,2,0,1,2,1,1,0,0,0,0,無,有,無,09:00,16:00,24時間開放,,,
041009,000000000321,宮城県仙台市,葛岡墓園,クズオカボエン,,041017,0115103,宮城県仙台市青葉区郷六字葛岡42,宮城県,仙台市,青葉区郷六字葛岡,42,葛岡墓園9号便所,Ｖ区画西側,38.276016,140.818689,,,3,2,0,1,2,1,1,0,0,0,0,無,有,無,09:00,16:00,24時間開放,,,
041009,000000000322,宮城県仙台市,葛岡墓園,クズオカボエン,,041017,0115103,宮城県仙台市青葉区郷六字葛岡42,宮城県,仙台市,青葉区郷六字葛岡,42,葛岡墓園10号便所,29区画南側,38.277307,140.818851,,,1,1,0,0,0,0,0,1,1,0,0,無,無,無,,,24時間開放,,,男子は壁式小便器
041009,000000000323,宮城県仙台市,葛岡墓園,クズオカボエン,,041017,0115103,宮城県仙台市青葉区郷六字葛岡42,宮城県,仙台市,青葉区郷六字葛岡,42,葛岡墓園12号便所,G区画南側,38.274868,140.814408,,,3,2,0,1,2,1,1,0,0,0,0,無,有,無,09:00,16:00,24時間開放,,,
041009,000000000324,宮城県仙台市,葛岡墓園,クズオカボエン,,041017,0115103,宮城県仙台市青葉区郷六字葛岡42,宮城県,仙台市,青葉区郷六字葛岡,42,葛岡墓園13号便所,Ｑ区画南側,38.272135,140.813154,,,3,2,0,1,2,0,2,0,0,0,0,無,有,無,09:00,16:00,24時間開放,,,
041009,000000000325,宮城県仙台市,葛岡墓園,クズオカボエン,,041017,0115103,宮城県仙台市青葉区郷六字葛岡42,宮城県,仙台市,青葉区郷六字葛岡,42,葛岡墓園14号便所,51区画南側,38.278557,140.817827,,,2,1,1,0,1,1,0,0,0,0,1,有,有,無,,,24時間開放,,,
041009,000000000326,宮城県仙台市,葛岡墓園管理事務所,クズオカボエンカンリジムショ,,041017,0115103,宮城県仙台市青葉区郷六字葛岡42,宮城県,仙台市,青葉区郷六字葛岡,42,葛岡墓園管理事務所2F,2F中央,38.270185,140.815408,階数,2,5,3,1,1,3,2,1,0,0,0,1,有,有,無,09:00,16:30,,,,
041009,000000000327,宮城県仙台市,北山霊園,キタヤマレイエン,,041017,0075002,宮城県仙台市青葉区北山二丁目10-1,宮城県,仙台市,青葉区北山二丁目,10-1,北山霊園東側便所,東門付近,38.284268,140.854785,,,2,1,0,1,2,1,1,0,0,0,0,無,有,無,,,24時間開放,,,
041009,000000000328,宮城県仙台市,北山霊園管理事務所,キタヤマレイエンカンリジムショ,,041017,0075002,宮城県仙台市青葉区北山二丁目10-1,宮城県,仙台市,青葉区北山二丁目,10-1,北山霊園管理事務所,管理事務所隣接,38.283979,140.852909,,,2,1,1,0,1,1,0,0,0,0,1,有,有,無,09:00,16:30,,,,
041009,000000000329,宮城県仙台市,いずみ墓園,イズミボエン,,041050,0053120,宮城県仙台市泉区朴沢字九ノ森1-1,宮城県,仙台市,泉区朴沢字九ノ森,1-1,いずみ墓園1号便所,11区画東側,38.369660,140.802287,,,3,2,0,1,4,0,4,0,0,0,1,有,有,無,09:00,16:30,,,,
041009,000000000330,宮城県仙台市,いずみ墓園管理事務所,イズミボエンカンリジムショ,,041050,0053120,宮城県仙台市泉区朴沢字九ノ森1-1,宮城県,仙台市,泉区朴沢字九ノ森,1-1,いずみ墓園管理事務所,管理事務所内,38.368135,140.798952,,,7,4,1,2,4,1,3,0,0,0,1,有,有,無,09:00,16:30,,,,
041009,000000000331,宮城県仙台市,いずみ墓園,イズミボエンカンリジムショ,,041050,0053120,宮城県仙台市泉区朴沢字九ノ森1-1,宮城県,仙台市,泉区朴沢字九ノ森,1-1,いずみ墓園3号便所,18区画東側,38.371411,140.799838,,,3,2,0,1,2,0,2,0,0,0,1,有,有,無,09:00,16:30,,,,
041009,000000000332,宮城県仙台市,仙台市健康増進センター,センダイシケンコウゾウシンセンター,Sendai City Health Promotion Center,041050,0026002,宮城県仙台市泉区泉中央二丁目24-1,宮城県,仙台市,泉区泉中央二丁目,24-1,,１階エントランスホール横,38.32747,140.87838,,,4,2,,2,3,,3,,,,2,有,有,有,10:00,18:00,12/29～1/3使用不可,,,
041009,000000000333,宮城県仙台市,仙台市動物管理センター,センダイシドウブツカンリセンター,,041025,0040006,宮城県仙台市宮城野区扇町六丁目3-3,宮城県,仙台市,宮城野区扇町六丁目,3-3,,ホール奥,38.26926,140.95635,,,2,3,1,1,3,1,2,1,0,1,1,有,無,無,08:30,17:00,,,,
041009,000000000334,宮城県仙台市,国見仏舎利塔公衆便所,クニミブッシャリトウコウシュウベンジョ,,041017,0109110,宮城県仙台市青葉区荒巻字仁田谷地42-3,宮城県,仙台市,青葉区荒巻字仁田谷地,42-3,,公衆トイレ単独で設置,,,,,1,0,0,1,1,0,1,0,0,0,2,有,無,無,,,,,,
041009,000000000335,宮城県仙台市,三居沢公衆便所,サンキョザワコウシュウベンジョ,,041017,0109107,宮城県仙台市青葉区荒巻字三居沢11-6,宮城県,仙台市,青葉区荒巻字三居沢,11-6,,公衆トイレ単独で設置,,,,,2,2,0,0,0,0,0,1,1,0,0,無,無,無,,,,,,
041009,000000000336,宮城県仙台市,大崎八幡宮鳥居脇公衆便所,オオサキハチマングウトリイワキコウシュウベンジョ,,041017,0073004,宮城県仙台市青葉区八幡四丁目4,宮城県,仙台市,青葉区八幡四丁目,4,,公衆トイレ単独で設置,,,,,3,3,0,0,0,0,0,2,1,1,0,無,無,無,,,,,,
041009,000000000337,宮城県仙台市,葛岡リサイクルプラザ,クズオカリサイクルプラザ,,041017,0115103,宮城県仙台市青葉区郷六字葛岡57-1,宮城県,仙台市,青葉区郷六字葛岡,57-1,,1階会議室横,38.27661,140.81371,階数,1,5,3,1,1,6,4,2,0,0,0,1,有,無,無,09:00,16:30,,,,
041009,000000000338,宮城県仙台市,今泉リサイクルプラザ,イマイズミリサイクルプラザ,,041033,0058111,宮城県仙台市若林区今泉字上新田103,宮城県,仙台市,若林区今泉字上新田,103,,1階事務室横,38.20356,140.92604,階数,1,4,3,0,1,3,0,3,0,0,0,1,有,無,無,09:00,16:30,,,,
041009,000000000339,宮城県仙台市,スポパーク松森,スポパークマツモリ,,041050,0049128,宮城県仙台市泉区松森字城前122-1,宮城県,仙台市,泉区松森字城前,122-1,屋外トイレ,本棟南東側,38.31035,140.92033,,,3,2,0,1,3,2,1,0,0,0,1,有,無,無,09:00,19:00,金曜日・本棟臨時休館日は16:00まで、12/30-1/2は利用不可,,,
041009,000000000340,宮城県仙台市,スポパーク松森,スポパークマツモリ,,041050,0049128,宮城県仙台市泉区松森字城前122-1,宮城県,仙台市,泉区松森字城前,122-1,フットサル棟,本棟北側,,,,,3,2,1,0,1,1,0,0,0,0,1,有,無,無,09:00,23:00,元旦は利用不可、臨時利用時間短縮日あり,,,
041009,000000000341,宮城県仙台市,せんだい農業園芸センター管理研修棟,センダイノウギョウエンゲイセンターカンリケンシュウトウ,,041033,0084144,宮城県仙台市若林区荒井字切新田13-1,宮城県,仙台市,若林区荒井字切新田,13-1,管理研修棟,1階,38.23741,140.96715,,,8,5,0,3,4,0,4,1,0,1,1,有,無,無,09:00,17:00,休園日：毎週月曜（祝日の場合翌平日）,,,
041009,000000000342,宮城県仙台市,せんだい農業園芸センターチェックインゲート棟,センダイノウギョウエンゲイセンターチェックインゲートトウ,,041033,0084144,宮城県仙台市若林区荒井字切新田13-1,宮城県,仙台市,若林区荒井字切新田,13-1,チェックインゲート棟,北棟,38.23741,140.96715,,,9,6,0,3,5,0,5,1,0,1,1,有,有,有,09:00,17:00,休園日：毎週月曜（祝日の場合翌平日）,,,
041009,000000000343,宮城県仙台市,せんだい農業園芸センター食堂棟,センダイノウギョウエンゲイセンターショクドウトウ,,041033,0084144,宮城県仙台市若林区荒井字切新田13-1,宮城県,仙台市,若林区荒井字切新田,13-1,食堂棟,,38.23741,140.96715,,,3,2,0,1,2,1,1,1,0,1,1,有,無,無,09:00,17:00,休園日：毎週月曜（祝日の場合翌平日）,,,
041009,000000000344,宮城県仙台市,せんだい農業園芸センター加工棟,センダイノウギョウエンゲイセンターカコウトウ,,041033,0084144,宮城県仙台市若林区荒井字切新田13-1,宮城県,仙台市,若林区荒井字切新田,13-1,加工棟,,38.23741,140.96715,,,0,0,0,0,0,0,0,1,0,1,1,有,無,無,09:00,17:00,休園日：毎週月曜（祝日の場合翌平日）,,,
041009,000000000345,宮城県仙台市,せんだい農業園芸センター屋外便所,センダイノウギョウエンゲイセンターオクガイベンジョ,,041033,0084144,宮城県仙台市若林区荒井字切新田13-1,宮城県,仙台市,若林区荒井字切新田,13-1,屋外便所,,38.23741,140.96715,,,4,3,1,0,3,3,0,0,0,0,0,無,無,無,09:00,17:00,休園日：毎週月曜（祝日の場合翌平日）,,,
041009,000000000346,宮城県仙台市,せんだい農業園芸センター市民農園休憩棟,センダイノウギョウエンゲイセンターシミンノウエンキュウケイトウ,,041033,0084144,宮城県仙台市若林区荒井字切新田43-1,宮城県,仙台市,若林区荒井字切新田,43-1,市民農園休憩棟,,38.23741,140.96715,,,5,3,1,1,4,3,1,1,0,1,1,有,無,無,09:00,17:00,休園日：毎週月曜（祝日の場合翌平日）,,,
041009,000000000347,宮城県仙台市,作並観光交流センター,サクナミカンコウコウリュウセンター,,041017,0112108,宮城県仙台市青葉区作並字元木2-7,宮城県,仙台市,青葉区作並字元木,2-7,,東側,38.330882,140.615797,,,5,３,２,０,３,１,２,０,０,０,１,有,有,有,09:00,17:00,10月~2月の期間は16時閉館,,,（通称）湯のまち作並観光交流館ラサンタ
041009,000000000348,宮城県仙台市,作並・定義地区観光案内所,サクナミ・ジョウギチクカンコウアンナイジョ,,041017,0112108,宮城県仙台市青葉区作並字元木2-7湯のまち作並観光交流ラサンタ内,宮城県,仙台市,青葉区作並字元木,2-7,作並観光交流センター内,観光交流センター東側,38.330882,140.615797,,,,,,,,,,,,,1,有,有,有,09:00,17:00,10月~2月の期間は16時閉館,,,
041009,000000000349,宮城県仙台市,秋保温泉郷観光案内所,アキウオンセンキョウカンコウアンナイショ,,041041,0082112,宮城県仙台市太白区秋保町湯元字寺田原40-7秋保温泉秋保･里センター内,宮城県,仙台市,太白区秋保町湯元字寺田原,40-7,秋保温泉秋保･里センター内,里センター南東角,38.225110,140.727100,,,,,,,,,,,,,1,有,有,無,09:30,18:00,,,,
041009,000000000350,宮城県仙台市,秋保ビジターセンター,アキウビジターセンター,,041041,0086145,宮城県仙台市太白区秋保町馬場字本小屋16-1,宮城県,仙台市,太白区秋保町馬場字本小屋,16-1,,北東側,38.272890,140.550930,,,４,３,０,１,２,０,２,０,０,０,１,有,有,有,00:00,00:00,24時間,,,
041009,000000000351,宮城県仙台市,羽山公衆便所,ハヤマコウシュウベンジョ,,041041,0081102,宮城県仙台市太白区秋保町境野字羽山地内,宮城県,仙台市,太白区秋保町境野字羽山,地内,,県道62号から131号へ1.8km,38.244203,140.692951,,,２,１,１,０,１,１,０,０,０,０,１,有,有,無,00:00,00:00,24時間,,,
041009,000000000352,宮城県仙台市,大滝公衆便所,オオタキコウシュウベンジョ,,041041,0086123,宮城県仙台市太白区秋保町馬場字大滝4-1,宮城県,仙台市,太白区秋保町馬場字大滝,4-1,,植物園南側,,,,,１０,６,１,３,８,１,７,０,０,０,１,有,有,無,00:00,00:00,24時間,,,
041009,000000000353,宮城県仙台市,中小屋公衆便所,ナカゴヤコウシュウベンジョ,,041041,0086131,宮城県仙台市太白区秋保町馬場字中小屋3-1,宮城県,仙台市,太白区秋保町馬場字中小屋,3-1,,中小屋駐車場西側,,,,,４,３,１,０,３,３,０,０,０,０,０,無,無,無,00:00,00:00,24時間：12月～3月は閉鎖,,,
041009,000000000354,宮城県仙台市,蕃山公衆便所,バンザンコウシュウベンジョ,,041017,0117105,宮城県仙台市青葉区茂庭字綱木裏山4,宮城県,仙台市,青葉区茂庭字綱木裏山,4,,大梅寺南側,,,,,２,２,０,０,０,０,０,１,０,１,０,無,無,無,00:00,00:00,24時間,,,
041009,000000000355,宮城県仙台市,せんだい秋保文化の里センター,センダイアキウブンカノサトセンター,,041041,0082112,宮城県仙台市太白区秋保町湯元字寺田原40-7,宮城県,仙台市,太白区秋保町湯元字寺田原,40-7,,北側,38.225110,140.727100,,,５,３,１,１,４,１,３,０,０,０,１,有,有,無,09:00,18:00,12/31～1/3は9:00～17:00,,,（通称）秋保・里センター
041009,000000000356,宮城県仙台市,せんだい秋保文化の里センター,センダイアキウブンカノサトセンター,,041041,0082112,宮城県仙台市太白区秋保町湯元字寺田原40-7,宮城県,仙台市,太白区秋保町湯元字寺田原,40-7,,バス停側,38.225110,140.727100,,,７,５,１,１,６,１,５,０,０,０,１,有,有,無,09:00,18:00,,,,（通称）秋保・里センター
041009,000000000357,宮城県仙台市,大滝れすとはうす,オオタキレストハウス,,041041,0086123,宮城県仙台市太白区秋保町馬場字大滝5-2,宮城県,仙台市,太白区秋保町馬場字大滝,5-2,,東側,,,,,５,３,１,１,３,１,２,０,０,０,１,有,有,無,,,,,,
041009,000000000358,宮城県仙台市,定義交流センター,ジョウギコウリュウセンター,,041017,0114128,宮城県仙台市青葉区大倉字久保10-1,宮城県,仙台市,青葉区大倉字久保,10-1,,西側,,,,,８,５,１,２,８,４,４,０,０,０,１,有,有,無,00:00,00:00,24時間,,,
041009,000000000359,宮城県仙台市,泉ケ岳駐車場便所,イズミガタケチュウシャジョウベンジョ,,041050,0054123,宮城県仙台市泉区福岡字岳山9-14,宮城県,仙台市,泉区福岡字岳山,9-14,,駐車場西側,,,,,７,５,１,１,６,０,６,０,０,０,１,有,有,無,00:00,00:00,24時間,,,
041009,000000000360,宮城県仙台市,秋保工芸の里公衆便所,アキウコウゲイノサトコウシュウベンジョ,,041041,0082115,宮城県仙台市太白区秋保町湯元字上原54-33,宮城県,仙台市,太白区秋保町湯元字上原,54-33,,東側,,,,,８,５,２,１,６,５,１,０,０,０,１,有,無,無,00:00,00:00,24時間,,,
041009,000000000361,宮城県仙台市,仙台国際センター,センダイコクサイセンター,SENDAI INTERNATIONAL CENTER,041017,0054000,宮城県仙台市青葉区青葉山,宮城県,仙台市,青葉区青葉山,,,1階事務室付近,38.25868,140.85775,階数,1,7,4,0,3,3,0,3,0,0,0,0,有,無,有,09:00,21:30,年末年始、及び月に1～3日程度休館日有。,https://www.city.sendai.jp/convention/shisetsu/sendai_international_center.html,CC BY 4.0,オストメイトは、簡易型オストメイト水洗器具のものである。大規模改修工事中：～R9.10.31（予定）
041009,000000000362,宮城県仙台市,仙台国際センター,センダイコクサイセンター,SENDAI INTERNATIONAL CENTER,041017,0054000,宮城県仙台市青葉区青葉山,宮城県,仙台市,青葉区青葉山,,,1階和室付近,38.25868,140.85775,階数,1,14,10,0,4,7,0,7,0,0,0,0,無,無,無,09:00,21:30,年末年始、及び月に1～3日程度休館日有。,https://www.city.sendai.jp/convention/shisetsu/sendai_international_center.html,CC BY 4.0,大規模改修工事中：～R9.10.31（予定）
041009,000000000685,宮城県仙台市,仙台市青葉体育館,センダイシアオバタイイクカン,,041017,0056001,宮城県仙台市青葉区堤町一丁目1-5,宮城県,仙台市,青葉区堤町一丁目,1-5,,地下１階入口前,38.28217,140.87065,階数,-1,3,2,1,0,2,1,1,0,0,0,1,有,有,無,09:00,21:00,開館日9：00～21：00保守点検日（月1回不定期）9：00～17：00年末年始休館日12/29～1/3（12/28と1/4は17：00まで）,,,
041009,000000000686,宮城県仙台市,仙台市青葉体育館,センダイシアオバタイイクカン,,041017,0056001,宮城県仙台市青葉区堤町一丁目1-5,宮城県,仙台市,青葉区堤町一丁目,1-5,,1階自販機向かい,38.28217,140.87065,階数,1,3,2,0,1,2,1,1,0,0,0,0,無,無,無,09:00,21:00,開館日9：00～21：00保守点検日（月1回不定期）9：00～17：00年末年始休館日12/29～1/3（12/28と1/4は17：00まで）,,,女性トイレに幼児用小便器1つあり
041009,000000000687,宮城県仙台市,仙台市青葉体育館,センダイシアオバタイイクカン,,041017,0056001,宮城県仙台市青葉区堤町一丁目1-5,宮城県,仙台市,青葉区堤町一丁目,1-5,,1階競技場脇,38.28217,140.87065,階数,1,15,11,3,1,6,4,2,0,0,0,1,有,有,有,09:00,21:00,開館日9：00～21：00保守点検日（月1回不定期）9：00～17：00年末年始休館日12/29～1/3（12/28と1/4は17：00まで）,,,女性トイレに幼児用小便器2つあり
041009,000000000688,宮城県仙台市,仙台市青葉体育館,センダイシアオバタイイクカン,,041017,0056001,宮城県仙台市青葉区堤町一丁目1-5,宮城県,仙台市,青葉区堤町一丁目,1-5,,1階会議室前,38.28217,140.87065,階数,1,8,5,2,1,5,3,2,0,0,0,0,無,無,無,09:00,21:00,開館日9：00～21：00保守点検日（月1回不定期）9：00～17：00年末年始休館日12/29～1/3（12/28と1/4は17：00まで）,,,
041009,000000000689,宮城県仙台市,仙台市武道館,センダイシブドウカン,,041017,0056001,宮城県仙台市青葉区堤町一丁目1-5,宮城県,仙台市,青葉区堤町一丁目,1-5,,2階,38.28217,140.87065,階数,2,10,7,2,1,5,3,2,0,0,0,1,有,有,無,09:00,21:00,開館日9：00～21：00保守点検日（月1回不定期）9：00～17：00年末年始休館日12/29～1/3（12/28と1/4は17：00まで）,,,女性トイレに幼児用小便器2つあり
041009,000000000690,宮城県仙台市,仙台市武道館,センダイシブドウカン,,041017,0056001,宮城県仙台市青葉区堤町一丁目1-5,宮城県,仙台市,青葉区堤町一丁目,1-5,,3階,38.28217,140.87065,階数,3,9,6,2,1,4,3,1,0,0,0,1,有,有,無,09:00,21:00,開館日9：00～21：00保守点検日（月1回不定期）9：00～17：00年末年始休館日12/29～1/3（12/28と1/4は17：00まで）,,,女性トイレに幼児用小便器2つあり
041009,000000000691,宮城県仙台市,仙台市武道館,センダイシブドウカン,,041017,0056001,宮城県仙台市青葉区堤町一丁目1-5,宮城県,仙台市,青葉区堤町一丁目,1-5,,4階,38.28217,140.87065,階数,4,7,5,1,1,3,2,1,0,0,0,1,有,有,無,09:00,21:00,開館日9：00～21：00保守点検日（月1回不定期）9：00～17：00年末年始休館日12/29～1/3（12/28と1/4は17：00まで）,,,原データ男女共用トイレ数（洋式）=0..
041009,000000000692,宮城県仙台市,仙台市泉総合運動場,センダイシイズミソウゴウウンドウジョウ,,041050,0048132,宮城県仙台市泉区野村字新桂島前60,宮城県,仙台市,泉区野村字新桂島前,60,,1階体育館棟,38.33232,140.86169,階数,1,9,7,0,2,5,0,5,0,0,0,1,有,有,有,09:00,21:00,,,,
041009,000000000693,宮城県仙台市,仙台市泉総合運動場,センダイシイズミソウゴウウンドウジョウ,,041050,0048132,宮城県仙台市泉区野村字新桂島前60,宮城県,仙台市,泉区野村字新桂島前,60,,2階体育館棟,38.33232,140.86169,階数,2,9,7,0,2,5,0,5,0,0,0,1,有,有,無,09:00,21:00,,,,
041009,000000000694,宮城県仙台市,仙台市泉総合運動場,センダイシイズミソウゴウウンドウジョウ,,041050,0048132,宮城県仙台市泉区野村字新桂島前60,宮城県,仙台市,泉区野村字新桂島前,60,,1階体育館棟南側,38.33232,140.86169,階数,1,2,1,0,1,3,0,3,0,0,0,0,無,有,無,09:00,21:00,,,,
041009,000000000695,宮城県仙台市,仙台市泉総合運動場,センダイシイズミソウゴウウンドウジョウ,,041050,0048132,宮城県仙台市泉区野村字新桂島前60,宮城県,仙台市,泉区野村字新桂島前,60,,1階武道館棟,38.33232,140.86169,階数,1,4,3,0,1,1,0,1,0,0,0,1,有,無,無,09:00,21:00,,,,
041009,000000000696,宮城県仙台市,仙台市泉総合運動場,センダイシイズミソウゴウウンドウジョウ,,041050,0048132,宮城県仙台市泉区野村字新桂島前60,宮城県,仙台市,泉区野村字新桂島前,60,,2階武道館棟,38.33232,140.86169,階数,2,5,3,0,2,2,0,2,0,0,0,0,無,有,無,09:00,21:00,,,,
041009,000000000697,宮城県仙台市,泉グラウンド,イズミグラウンド,,041050,0048132,宮城県仙台市泉区野村字新桂島前60,宮城県,仙台市,泉区野村字新桂島前,60,,外トイレ,38.32985,140.86455,階数,1,7,4,1,2,4,2,2,0,0,0,0,無,無,無,09:00,21:00,利用団体がいない時間帯は施錠している。,,,
041009,000000000698,宮城県仙台市,泉庭球場,イズミテイキュウジョウ,,041050,0048132,宮城県仙台市泉区野村字新桂島前60,宮城県,仙台市,泉区野村字新桂島前,60,,クラブハウス,38.32936,140.86447,階数,1,5,3,0,2,3,0,3,0,0,0,1,有,有,有,09:00,19:00,11月1日～3月31日は17:00閉館,,,
041009,000000000699,宮城県仙台市,泉庭球場,イズミテイキュウジョウ,,041050,0048132,宮城県仙台市泉区野村字新桂島前60,宮城県,仙台市,泉区野村字新桂島前,60,,外トイレ,38.32936,140.86447,階数,1,6,4,0,2,3,0,3,0,0,0,1,有,無,無,09:00,19:00,11月1日～3月31日は17:00閉館,,,
041009,000000000700,宮城県仙台市,泉サッカー場,イズミサッカー,,041050,0048132,宮城県仙台市泉区野村字小菅東5,宮城県,仙台市,泉区野村字小菅東,5,,クラブハウス,38.32936,140.86447,階数,1,10,6,0,4,5,0,5,0,0,0,1,有,有,無,09:00,17:00,,,,
041009,000000000701,宮城県仙台市,仙台市屋内グラウンド,センダイシオクナイグラウンド,,041050,0048132,宮城県仙台市泉区野村字新桂島前48,宮城県,仙台市,泉区野村字新桂島前,48,,1階ロビー,38.32887,140.86176,階数,1,11,7,2,2,10,6,4,0,0,0,2,有,無,無,06:00,22:00,12/1～3/31は9:00～,,,
041009,000000000702,宮城県仙台市,仙台市屋内グラウンド,センダイシオクナイグラウンド,,041050,0048132,宮城県仙台市泉区野村字新桂島前48,宮城県,仙台市,泉区野村字新桂島前,48,,1階更衣室,38.32887,140.86176,階数,1,4,2,1,1,4,2,2,0,0,0,2,有,無,無,06:00,22:00,12/1～3/31は9:00～,,,
041009,000000000703,宮城県仙台市,仙台市屋内グラウンド,センダイシオクナイグラウンド,,041050,0048132,宮城県仙台市泉区野村字新桂島前48,宮城県,仙台市,泉区野村字新桂島前,48,,2階東通路,38.32887,140.86176,階数,2,15,10,3,2,8,3,5,0,0,0,1,有,無,無,06:00,22:00,12/1～3/31は9:00～,,,
041009,000000000704,宮城県仙台市,仙台市屋内グラウンド,センダイシオクナイグラウンド,,041050,0048132,宮城県仙台市泉区野村字新桂島前48,宮城県,仙台市,泉区野村字新桂島前,48,,2階西通路,38.32887,140.86176,階数,2,15,10,3,2,8,3,5,0,0,0,1,有,無,無,06:00,22:00,12/1～3/31は9:00～,,,
041009,000000000705,宮城県仙台市,仙台市屋内グラウンド,センダイシオクナイグラウンド,,041050,0048132,宮城県仙台市泉区野村字新桂島前48,宮城県,仙台市,泉区野村字新桂島前,48,,3階東側,38.32887,140.86176,階数,3,3,2,0,1,3,2,1,0,0,0,1,有,無,無,06:00,22:00,12/1～3/31は9:00～,,,
041009,000000000706,宮城県仙台市,仙台市屋内グラウンド,センダイシオクナイグラウンド,,041050,0048132,宮城県仙台市泉区野村字新桂島前48,宮城県,仙台市,泉区野村字新桂島前,48,,3階西側,38.32887,140.86176,階数,3,3,2,0,1,3,2,1,0,0,0,1,有,無,無,06:00,22:00,12/1～3/31は9:00～,,,
041009,000000000707,宮城県仙台市,仙台市泉海洋センター,センダイシイズミカイヨウセンター,,041050,0047165,宮城県仙台市泉区七北田字田中1-2,宮城県,仙台市,泉区七北田字田中,1-2,,1階ロビー,38.31192,140.89429,階数,1,4,2,0,2,4,0,4,0,0,0,1,有,無,無,09:00,21:00,月1回保守点検日は17:00まで。12/28は17:00まで。12/29～1/3使用不可。1/4は17:00まで,,,
041009,000000000714,宮城県仙台市,仙台市秋保体育館,センダイシアキウタイイクカン,,041041,0084138,宮城県仙台市太白区秋保町長袋字上原21-3,宮城県,仙台市,太白区秋保町長袋字上原,21-3,,1階ロビー奥,38.26044,140.67461,階数,1,8,5,0,3,4,0,4,0,0,0,1,有,無,無,09:00,21:00,,,,
041009,000000000715,宮城県仙台市,仙台市新田東総合運動場,センダイシシンデンヒガシソウゴウウンドウジョウ,,041025,0014004,宮城県仙台市宮城野区新田東四丁目1-1,宮城県,仙台市,宮城野区新田東四丁目,1-1,,1階ロビー横,38.27806,140.93616,階数,1,15,10,1,4,8,2,6,0,0,0,4,有,有,有,09:00,21:00,休館日は利用不可,,,男女ともに男子小児用小便器1あり
041009,000000000716,宮城県仙台市,仙台市新田東総合運動場,センダイシシンデンヒガシソウゴウウンドウジョウ,,041025,0014004,宮城県仙台市宮城野区新田東四丁目1-1,宮城県,仙台市,宮城野区新田東四丁目,1-1,,2階ロビー横,38.27806,140.93616,階数,2,14,10,1,3,14,3,11,0,0,0,2,有,有,有,09:00,21:00,休館日は利用不可,,,
041009,000000000717,宮城県仙台市,仙台市新田東総合運動場,センダイシシンデンヒガシソウゴウウンドウジョウ,,041025,0014004,宮城県仙台市宮城野区新田東四丁目1-1,宮城県,仙台市,宮城野区新田東四丁目,1-1,,ボルダリング室下,38.27806,140.93616,階数,1,5,3,0,2,4,1,3,0,0,0,0,無,無,無,09:00,21:00,休館日は利用不可,,,
041009,000000000718,宮城県仙台市,宮城野体育館温水プール,ミヤギノタイイクカンオンスイプール,,041025,0014004,宮城県仙台市宮城野区新田東四丁目1-1,宮城県,仙台市,宮城野区新田東四丁目,1-1,,トレーニング室前,38.29165,140.91691,階数,1,7,5,1,1,4,1,3,0,0,0,1,有,有,有,09:00,21:00,休館日は利用不可,,,プールトイレは入場者のみ
041009,000000000719,宮城県仙台市,仙台市若林体育館,センダイシワカバヤシタイイクカン,,041033,0056002,宮城県仙台市若林区卸町東二丁目8-10,宮城県,仙台市,若林区卸町東二丁目,8-10,,1階廊下,38.25877,140.94777,階数,1,7,5,0,2,5,0,5,0,0,0,1,有,有,有,09:00,21:00,休館日：9：00～17：00,,,
041009,000000000720,宮城県仙台市,仙台市若林体育館,センダイシワカバヤシタイイクカン,,041033,0056002,宮城県仙台市若林区卸町東二丁目8-10,宮城県,仙台市,若林区卸町東二丁目,8-10,,2階廊下,38.25877,140.94777,階数,2,7,5,0,2,4,0,4,0,0,0,1,有,有,有,09:00,21:00,休館日：9：00～17：00,,,
041009,000000000721,宮城県仙台市,仙台市宮城広瀬総合運動場,センダイシミヤギヒロセソウゴウウンドウジョウ,,041017,0111139,宮城県仙台市青葉区上愛子字松原39-1,宮城県,仙台市,青葉区上愛子字松原,39-1,,1階更衣室横,38.27761,140.73761,階数,1,7,5,1,1,3,0,3,0,0,0,1,有,無,無,09:00,21:00,,,,
041009,000000000722,宮城県仙台市,宮城広瀬温水プール,ミヤギヒロセオンスイプール,,041017,0111139,宮城県仙台市青葉区上愛子字松原39-1,宮城県,仙台市,青葉区上愛子字松原,39-1,,受付正面,38.27687,140.74963,階数,1,2,1,0,1,2,0,2,0,0,0,1,有,無,有,09:00,21:00,,,,
041009,000000000723,宮城県仙台市,宮城広瀬庭球場,ミヤギヒロセテイキュウジョウ,,041017,0111139,宮城県仙台市青葉区上愛子字松原39-1,宮城県,仙台市,青葉区上愛子字松原,39-1,,コート脇,38.27505,140.74362,階数,1,0,0,0,0,0,0,0,1,0,1,0,無,無,無,09:00,19:00,,,,
041009,000000000724,宮城県仙台市,宮城広瀬球場,ミヤギヒロセキュウジョウ,,041017,0111139,宮城県仙台市青葉区上愛子字松原39-1,宮城県,仙台市,青葉区上愛子字松原,39-1,,管理棟1塁側,38.27363,140.73682,階数,1,4,2,1,1,2,1,1,0,0,0,1,無,無,無,06:00,19:00,,,,
041009,000000000725,宮城県仙台市,宮城広瀬球場,ミヤギヒロセキュウジョウ,,041017,0111139,宮城県仙台市青葉区上愛子字松原39-1,宮城県,仙台市,青葉区上愛子字松原,39-1,,管理棟3塁側,38.27363,140.73682,階数,1,4,2,1,1,2,1,1,0,0,0,1,有,無,無,06:00,19:00,施設利用予約があるときのみ使用可能,,,
041009,000000000726,宮城県仙台市,宮城広瀬グラウンド,ミヤギヒロセグラウンド,,041017,0111139,宮城県仙台市青葉区上愛子字松原39-1,宮城県,仙台市,青葉区上愛子字松原,39-1,,プール棟横,38.27429,140.73868,階数,1,2,1,0,1,2,1,1,0,0,0,1,有,無,無,09:00,19:00,,,,
041009,000000000727,宮城県仙台市,仙台市馬場グラウンド,センダイシババグラウンド,,041041,0086129,宮城県仙台市太白区秋保町馬場字竹林45,宮城県,仙台市,太白区秋保町馬場字竹林,45,,駐車場内,38.27199,140.62824,階数,1,1,1,0,0,0,0,0,1,0,1,0,無,無,無,09:00,17:00,,,,
041009,000000000728,宮城県仙台市,仙台市鈎取球場,センダイシカギトリキュウジョウ,,041041,0070000,宮城県仙台市太白区山田北前町3-98,宮城県,仙台市,太白区山田北前町,3-98,,１階東側入口付近,38.22164,140.82977,階数,1,2,2,0,0,0,0,0,2,1,0,1,有,無,無,08:00,17:00,保守点検日及び、令和8年12月29日～令和9年1月3日まで使用不可,,,
041009,000000000729,宮城県仙台市,仙台市今泉運動場,センダイシイマイズミウンドウジョウ,,041033,0058106,宮城県仙台市若林区今泉字鹿子穴140,宮城県,仙台市,若林区今泉字鹿子穴,140,,1階ラウンジ,38.20885,140.92489,階数,1,4,2,1,1,3,2,1,5,3,2,1,有,無,無,10:00,20:00,,,,
041009,000000000730,宮城県仙台市,今泉庭球場,イマイズミテイキュウジョウ,,041033,0058106,宮城県仙台市若林区今泉字鹿子穴140,宮城県,仙台市,若林区今泉字鹿子穴,140,,庭球場東側,38.20631,140.92586,階数,1,3,2,1,0,2,2,0,3,3,0,0,無,無,無,06:00,19:00,,,,
041009,000000000731,宮城県仙台市,今泉運動場野球場,イマイズミウンドウヤキュウジョウ,,041033,0058106,宮城県仙台市若林区今泉字鹿子穴140,宮城県,仙台市,若林区今泉字鹿子穴,140,,野球場東側,38.20885,140.92489,階数,1,3,2,1,0,2,2,0,3,3,0,0,無,無,無,06:00,19:00,,,,
041009,000000000732,宮城県仙台市,仙台市若林日辺グラウンド,センダイシワカバヤシニッペグラウンド,,041033,0078103,宮城県仙台市若林区日辺字沖田東15,宮城県,仙台市,若林区日辺字沖田東,15,,多目的広場前,38.21393,140.92089,階数,1,4,2,1,1,2,2,0,4,3,1,0,無,無,無,09:00,17:00,,,,
041009,000000000733,宮城県仙台市,仙台市北中山コミュニティグラウンド,センダイシキタナカヤマコミュニティグラウンド,,041050,0033004,宮城県仙台市泉区北中山四丁目26-14,宮城県,仙台市,泉区北中山四丁目,26-14,,1階ロビー横,38.31236,140.81,階数,1,5,3,0,2,3,0,3,0,0,0,1,有,有,無,09:00,21:00,,,,
041009,000000000734,宮城県仙台市,仙台市長袋グラウンド,センダイシナガフクログラウンド,,041041,0084169,宮城県仙台市太白区秋保町長袋字大原160-2,宮城県,仙台市,太白区秋保町長袋字大原,160-2,,グラウンド内南側,38.2588,140.67359,階数,1,3,2,0,1,2,0,2,0,0,0,0,無,無,無,09:00,17:00,冬期間閉鎖,,,
041009,000000000735,宮城県仙台市,仙台市川内庭球場,センダイシカワウチテイキュウジョウ,,041017,0099000,宮城県仙台市青葉区川内元支倉35-2,宮城県,仙台市,青葉区川内元支倉,35-2,,クラブハウス,38.26299,140.85389,階数,1,6,4,0,2,7,0,7,0,0,0,1,有,無,無,09:00,21:00,11月～3月冬季期間のため9：00～19：00,,,
041009,000000000736,宮城県仙台市,仙台市茂庭庭球場,センダイシモニワテイキュウジョウ,,041041,0085134,宮城県仙台市太白区茂庭字人来田西143-23,宮城県,仙台市,太白区茂庭字人来田西,143-23,,庭球場横,38.21726,140.81481,階数,1,2,1,0,1,1,0,1,0,0,0,1,無,無,無,06:00,19:00,,,,
041009,000000000737,宮城県仙台市,仙台市水の森温水プール,センダイシミズノモリオンスイプール,,041017,0064004,宮城県仙台市青葉区水の森四丁目1-1,宮城県,仙台市,青葉区水の森四丁目,1-1,,１階ロビー奥,38.30038,140.85846,階数,1,3,2,0,1,2,0,2,0,0,0,1,有,無,無,09:00,20:00,夏期早朝開館時は午前8時開館,,,
041009,000000000738,宮城県仙台市,仙台市中田温水プール,センダイシナカダオンスイプール,,041041,0088125,宮城県仙台市太白区中田町字二軒橋14-30,宮城県,仙台市,太白区中田町字二軒橋,14-30,,１階西側通路横,38.19735,140.89768,階数,1,2,1,0,1,2,0,2,1,0,1,0,有,無,無,10:00,21:00,夏期早朝開館時は午前9時開館,,,
041009,000000000739,宮城県仙台市,仙台市中田温水プール,センダイシナカダオンスイプール,,041041,0088125,宮城県仙台市太白区中田町字二軒橋14-30,宮城県,仙台市,太白区中田町字二軒橋,14-30,,２階西側ギャラリー横,38.19735,140.89768,階数,2,4,2,0,2,2,0,2,1,0,1,0,有,無,有,10:00,21:00,夏期早朝開館時は午前9時開館,,,
041009,000000000740,宮城県仙台市,仙台市根白石温水プール,センダイシネノシロイシオンスイプール,,041050,0051181,宮城県仙台市泉区根白石字杉下前18-2,宮城県,仙台市,泉区根白石字杉下前,18-2,,1階ホール東側,38.34583,140.80696,階数,1,4,3,0,1,3,2,1,0,0,0,0,無,無,無,09:30,20:00,火水木曜の延長営業日は夜21時（11～2月は20:30）まで（祝日を除く）,,,
041009,000000000741,宮城県仙台市,仙台市根白石温水プール,センダイシネノシロイシオンスイプール,,041050,0051181,宮城県仙台市泉区根白石字杉下前18-2,宮城県,仙台市,泉区根白石字杉下前,18-2,,1階ロビー脇,38.34583,140.80696,階数,1,1,1,0,0,0,0,0,1,0,1,1,有,無,無,09:30,20:00,火水木曜の延長営業日は夜21時（11～2月は20:30）まで（祝日を除く）,,,
041009,000000000742,宮城県仙台市,仙台市鶴ケ谷温水プール,センダイシツルガヤオンスイプール,,041025,0027008,宮城県仙台市宮城野区鶴ケ谷八丁目19-1,宮城県,仙台市,宮城野区鶴ケ谷八丁目,19-1,,ロビー内,38.29064,140.92043,階数,1,2,1,0,1,2,0,2,0,0,0,1,有,有,無,09:00,20:00,,,,
041009,000000000743,宮城県仙台市,仙台市葛岡温水プール,センダイシクズオカオンスイプール,,041017,0115103,宮城県仙台市青葉区郷六字葛岡57-1,宮城県,仙台市,青葉区郷六字葛岡,57-1,,2階プールロビー,38.27922,140.82052,階数,2,5,3,1,1,3,0,3,0,0,0,1,有,無,無,09:00,21:00,日祝は20:00まで,,,
041009,000000000744,宮城県仙台市,仙台市出花体育館,センダイシイデカタイイクカン,,041025,0009001,宮城県仙台市宮城野区出花一丁目13-7,宮城県,仙台市,宮城野区出花一丁目,13-7,,1階正面玄関横,38.276759,140.983649,階数,1,4,2,0,2,3,0,3,0,0,0,1,有,有,無,09:00,21:00,保守点検日17時閉館、年末年始休館(12/28-1/4),,,
041009,000000000746,宮城県仙台市,仙台市アリーナ,センダイシアリーナ,,041041,0014001,太白区あすと長町一丁目4-10,宮城県,仙台市,太白区あすと長町一丁目,4-10,,1階ホワイエ,38.230410,140.887214,階数,1,14,10,0,4,13,1,12,0,0,0,1,有,有,有,07:00,00:00,イベントの開場時間による,,,基本開放はしていないため、入場が自由な催しの場合かつ開場の時間のみ使用可能
041009,000000000747,宮城県仙台市,仙台市アリーナ,センダイシアリーナ,,041041,0014001,太白区あすと長町一丁目4-10,宮城県,仙台市,太白区あすと長町一丁目,4-10,,2階ホワイエ,38.230410,140.887214,階数,2,23,16,0,7,24,1,23,0,0,0,1,有,有,有,07:00,00:00,イベントの開場時間による,,,基本開放はしていないため、入場が自由な催しの場合かつ開場の時間のみ使用可能
041009,000000000748,宮城県仙台市,仙台市アリーナ,センダイシアリーナ,,041041,0014001,太白区あすと長町一丁目4-10,宮城県,仙台市,太白区あすと長町一丁目,4-10,,2階客席南側,38.230410,140.887214,階数,2,10,7,0,3,11,0,11,0,0,0,0,無,無,無,07:00,00:00,イベントの開場時間による,,,基本開放はしていないため、入場が自由な催しの場合かつ開場の時間のみ使用可能
041009,000000000749,宮城県仙台市,仙台市アリーナ,センダイシアリーナ,,041041,0014001,太白区あすと長町一丁目4-10,宮城県,仙台市,太白区あすと長町一丁目,4-10,,2階客席通路,38.230410,140.887214,階数,2,10,6,0,4,7,0,7,0,0,0,0,無,無,無,07:00,00:00,イベントの開場時間による,,,基本開放はしていないため、入場が自由な催しの場合かつ開場の時間のみ使用可能
041009,000000000750,宮城県仙台市,仙台市アリーナ,センダイシアリーナ,,041041,0014001,太白区あすと長町一丁目4-10,宮城県,仙台市,太白区あすと長町一丁目,4-10,,3階客席通路,38.230410,140.887214,階数,3,9,6,0,3,5,0,5,0,0,0,0,無,無,無,07:00,00:00,イベントの開場時間による,,,基本開放はしていないため、入場が自由な催しの場合かつ開場の時間のみ使用可能
041009,000000000363,宮城県仙台市,仙台市青年文化センター,センダイシセイネンブンカセンター,Hitachi Systems Hall Sendai (Sendai City Youth Cultural Center),041017,0092003,宮城県仙台市青葉区旭ケ丘三丁目27-5,宮城県,仙台市,青葉区旭ケ丘三丁目,27-5,,1Fエントランスホール奥(便所M),38.29624,140.88433,,1,5,3,0,2,3,0,3,,,,1,有,,有,09:00,22:00,,,,ベビーカー対応の広い個室でベビーチェア有 / 原データ男女共用トイレ総数=- / 原データ男女共用トイレ数（和式）=- / 原データ男女共用トイレ数（洋式）=- / 原データ乳幼児用設備設置トイレ有無=-
041009,000000000364,宮城県仙台市,仙台市青年文化センター,センダイシセイネンブンカセンター,Hitachi Systems Hall Sendai (Sendai City Youth Cultural Center),041017,0092003,宮城県仙台市青葉区旭ケ丘三丁目27-5,宮城県,仙台市,青葉区旭ケ丘三丁目,27-5,,3Fギャラリー奥(便所U),,,,3,4,3,0,1,3,0,3,,,,,,,,09:00,22:00,,,,原データ男女共用トイレ総数=- / 原データ男女共用トイレ数（和式）=- / 原データ男女共用トイレ数（洋式）=- / 原データバリアフリートイレ数=- / 原データ車椅子使用者用トイレ有無=- / 原データ乳幼児用設備設置トイレ有無=- / 原データオストメイト設置トイレ有無=-
041009,000000000365,宮城県仙台市,仙台市青年文化センター,センダイシセイネンブンカセンター,Hitachi Systems Hall Sendai (Sendai City Youth Cultural Center),041017,0092003,宮城県仙台市青葉区旭ケ丘三丁目27-5,宮城県,仙台市,青葉区旭ケ丘三丁目,27-5,,3F和室前通路奥(便所T),,,,3,3,2,0,1,2,0,2,,,,1,有,有,無,09:00,22:00,,,,原データ男女共用トイレ総数=- / 原データ男女共用トイレ数（和式）=- / 原データ男女共用トイレ数（洋式）=-
041009,000000000366,宮城県仙台市,仙台市青年文化センター,センダイシセイネンブンカセンター,Hitachi Systems Hall Sendai (Sendai City Youth Cultural Center),041017,0092003,宮城県仙台市青葉区旭ケ丘三丁目27-5,宮城県,仙台市,青葉区旭ケ丘三丁目,27-5,,2F会議室手前(便所R),,,,2,6,4,1,1,4,1,3,,,,1,有,,無,09:00,22:00,,,,ベビーカー対応の広い個室でベビーチェア有 / 原データ男女共用トイレ総数=- / 原データ男女共用トイレ数（和式）=- / 原データ男女共用トイレ数（洋式）=- / 原データ乳幼児用設備設置トイレ有無=-
041009,000000000367,宮城県仙台市,仙台市青年文化センター,センダイシセイネンブンカセンター,Hitachi Systems Hall Sendai (Sendai City Youth Cultural Center),041017,0092003,宮城県仙台市青葉区旭ケ丘三丁目27-5,宮城県,仙台市,青葉区旭ケ丘三丁目,27-5,,2F研修室通路奥(便所P),,,,2,3,2,0,1,2,0,2,,,,,,,,09:00,22:00,,,,原データ男女共用トイレ総数=- / 原データ男女共用トイレ数（和式）=- / 原データ男女共用トイレ数（洋式）=- / 原データバリアフリートイレ数=- / 原データ車椅子使用者用トイレ有無=- / 原データ乳幼児用設備設置トイレ有無=- / 原データオストメイト設置トイレ有無=-
041009,000000000368,宮城県仙台市,仙台市青年文化センター,センダイシセイネンブンカセンター,Hitachi Systems Hall Sendai (Sendai City Youth Cultural Center),041017,0092003,宮城県仙台市青葉区旭ケ丘三丁目27-5,宮城県,仙台市,青葉区旭ケ丘三丁目,27-5,,Ｂ1F駐車場入口横(便所C),,,,-1,4,3,0,1,3,0,3,,,,,,,,09:00,22:00,,,,原データ男女共用トイレ総数=- / 原データ男女共用トイレ数（和式）=- / 原データ男女共用トイレ数（洋式）=- / 原データバリアフリートイレ数=- / 原データ車椅子使用者用トイレ有無=- / 原データ乳幼児用設備設置トイレ有無=- / 原データオストメイト設置トイレ有無=-
041009,000000000369,宮城県仙台市,仙台市青年文化センター,センダイシセイネンブンカセンター,Hitachi Systems Hall Sendai (Sendai City Youth Cultural Center),041017,0092003,宮城県仙台市青葉区旭ケ丘三丁目27-5,宮城県,仙台市,青葉区旭ケ丘三丁目,27-5,,Ｂ1Fパフォーマンス広場内(便所Ｄ),,,,-1,6,4,0,2,4,0,4,,,,1,有,有,無,09:00,21:30,,,,原データ男女共用トイレ総数=- / 原データ男女共用トイレ数（和式）=- / 原データ男女共用トイレ数（洋式）=-
041009,000000000370,宮城県仙台市,仙台文学館,センダイブンガクカン,Sendai Literature Museum,041017,0040002,宮城県仙台市青葉区北根二丁目7-1,宮城県,仙台市,青葉区北根二丁目,7-1,,2F正面玄関横,38.29653,140.87631,,,6,4,1,1,4,2,2,,,,1,有,有,無,09:00,17:00,,,,
041009,000000000371,宮城県仙台市,仙台文学館,センダイブンガクカン,Sendai Literature Museum,041017,0040002,宮城県仙台市青葉区北根二丁目7-1,宮城県,仙台市,青葉区北根二丁目,7-1,,3F展示室前廊下奥,,,,,3,2,,1,2,1,1,,,,1,有,有,無,09:00,17:00,,,,
041009,000000000372,宮城県仙台市,仙台市泉中央駅前駐車場,センダイシイズミチュウオウエキマエチュウシャジョウ,,041050,0026001,宮城県仙台市泉区泉中央一丁目8-4,宮城県,仙台市,泉区泉中央一丁目,8-4,,1階,38.32196,140.88137,,,3,2,0,1,2,1,1,0,0,0,1,無,無,無,05:00,00:45,,,,
041009,000000000373,宮城県仙台市,仙台市泉中央駅前駐車場,センダイシイズミチュウオウエキマエチュウシャジョウ,,041050,0026001,宮城県仙台市泉区泉中央一丁目8-4,宮城県,仙台市,泉区泉中央一丁目,8-4,,3階,38.32196,140.88137,,,6,3,2,1,3,2,1,0,0,0,0,無,無,無,05:00,00:45,,,,
041009,000000000374,宮城県仙台市,荒浜公共広場,アラハマコウキョウヒロバ,,041033,0083123,宮城県仙台市若林区荒浜字西4-1,宮城県,仙台市,若林区荒浜字西,4-1,,震災遺構仙台市立荒浜小学校前,38.220930,140.980819,,,3,2,0,1,2,0,2,1,0,1,1,有,有,無,00:00,23:59,,,,
041009,000000000375,宮城県仙台市,荒浜公共広場,アラハマコウキョウヒロバ,,041033,0083131,宮城県仙台市若林区荒浜字中丁36-30,宮城県,仙台市,若林区荒浜字中丁,36-30,,深沼海水浴場前,38.218531,140.984823,,,2,1,0,1,1,1,1,1,0,1,1,有,有,無,00:00,23:59,,,,
041009,000000000376,宮城県仙台市,青葉の森緑地,アオバノモリリョクチ,,041017,0109101,宮城県仙台市青葉区荒巻字青葉92-1外,宮城県,仙台市,青葉区荒巻字青葉,92-1外,,三居沢入口,38.25255,140.82419,,,4,3,,1,3,,1,1,,1,1,,有,無,,,,,,
041009,000000000377,宮城県仙台市,青葉の森緑地,アオバノモリリョクチ,,041017,0109101,宮城県仙台市青葉区荒巻字青葉92-1外,宮城県,仙台市,青葉区荒巻字青葉,92-1外,,南入口,38.25255,140.82419,,,3,2,,1,2,1,1,0,,,,,無,無,,,,,,
041009,000000000378,宮城県仙台市,荒巻公園,アラマキコウエン,,041017,0091000,宮城県仙台市青葉区荒巻神明町249-97外,宮城県,仙台市,青葉区荒巻神明町,249-97外,,,38.286242,140.859051,,,0,,,,0,,,1,1,,,,無,無,,,,,,
041009,000000000379,宮城県仙台市,五橋公園,イツツバシコウエン,,041017,0050001,宮城県仙台市青葉区五橋一丁目1-7,宮城県,仙台市,青葉区五橋一丁目,1-7,,,38.254766,140.880967,,,3,2,1,,2,1,1,1,,1,1,,有,無,,,,,,
041009,000000000380,宮城県仙台市,うどう沼公園,ウドウヌマコウエン,,041017,0053003,宮城県仙台市青葉区中山三丁目1-2外,宮城県,仙台市,青葉区中山三丁目,1-2外,,,38.293525,140.832707,,,2,1,1,,1,1,,1,,1,1,,有,無,,,,,,
041009,000000000381,宮城県仙台市,貝ヶ森中央公園,カイガモリチュウオウコウエン,,041017,0012001,宮城県仙台市青葉区貝ケ森一丁目4-312,宮城県,仙台市,青葉区貝ケ森一丁目,4-312,,,38.282793,140.842841,,,3,2,1,,2,2,,1,,1,1,,無,無,,,,,,
041009,000000000382,宮城県仙台市,花京院緑地,カキョウインリョクチ,,041017,0018001,宮城県仙台市青葉区花京院一丁目195-10外,宮城県,仙台市,青葉区花京院一丁目,195-10外,,,38.264953,140.8809,,,2,1,1,,1,1,,1,,1,1,,無,無,,,,,,
041009,000000000383,宮城県仙台市,春日町公園,カスガマチコウエン,,041017,0026000,宮城県仙台市青葉区春日町7-11,宮城県,仙台市,青葉区春日町,7-11,,,38.26723,140.865747,,,0,,,,0,,,1,,1,1,,無,無,,,,,,
041009,000000000384,宮城県仙台市,勝山公園,カツヤマコウエン,,041017,0043002,宮城県仙台市青葉区上杉二丁目338-1外,宮城県,仙台市,青葉区上杉二丁目,338-1外,,,38.273368,140.873483,,,0,,,,0,,,2,1,1,1,,有,無,,,,,,
041009,000000000385,宮城県仙台市,勝山東公園,カツヤマヒガシコウエン,,041017,0022003,宮城県仙台市青葉区東勝山三丁目1-298,宮城県,仙台市,青葉区東勝山三丁目,1-298,,,38.297999,140.867078,,,0,,,,0,,,2,1,1,1,,有,無,,,,,,
041009,000000000386,宮城県仙台市,川平北公園,カワダイラキタコウエン,,041017,0028004,宮城県仙台市青葉区川平四丁目9,宮城県,仙台市,青葉区川平四丁目,9,,,38.30153,140.835411,,,0,,,,0,,,1,1,,,,無,無,,,,,,
041009,000000000387,宮城県仙台市,北三番丁公園,キタサンバンチョウコウエン,,041017,0060001,宮城県仙台市青葉区木町通一丁目343,宮城県,仙台市,青葉区木町通一丁目,343,,,38.270615,140.864368,,,0,,,,0,,,2,1,1,1,,無,無,,,,,,
041009,000000000388,宮城県仙台市,経ヶ峯公園,キョウガミネコウエン,,041017,0101000,宮城県仙台市青葉区霊屋下135外,宮城県,仙台市,青葉区霊屋下,135外,,,38.250457,140.866983,,,8,6,,2,6,,6,1,,1,1,,有,無,,,,,,
041009,000000000389,宮城県仙台市,小松島公園,コマツシマコウエン,,041017,0015004,宮城県仙台市青葉区小松島四丁目53-1,宮城県,仙台市,青葉区小松島四丁目,53-1,,,38.285347,140.88784,,,0,,,,0,,,2,1,1,1,,有,無,,,,,,
041009,000000000390,宮城県仙台市,肴町公園,サカナマチコウエン,,041017,0009001,宮城県仙台市青葉区国分町一丁目2-2,宮城県,仙台市,青葉区国分町一丁目,2-2,,,38.260789,140.86961,,,0,,,,0,,,1,1,,,,無,無,,,,,,
041009,000000000391,宮城県仙台市,桜ヶ丘公園,サクラガオカコウエン,,041017,0065008,宮城県仙台市青葉区桜ケ丘八丁目2-1,宮城県,仙台市,青葉区桜ケ丘八丁目,2-1,,野球場南側,38.306096,140.850037,,,0,,,,0,,,7,4,3,1,,有,無,,,,,,
041009,000000000392,宮城県仙台市,桜ヶ丘公園,サクラガオカコウエン,,041017,0065008,宮城県仙台市青葉区桜ケ丘八丁目2-1,宮城県,仙台市,青葉区桜ケ丘八丁目,2-1,,公園西側,38.306096,140.850037,,,0,,,,0,,,4,2,2,1,,有,無,,,,,,
041009,000000000393,宮城県仙台市,三居沢公園,サンキョザワコウエン,,041017,0109107,宮城県仙台市青葉区荒巻字三居沢15-3,宮城県,仙台市,青葉区荒巻字三居沢,15-3,,,38.266285,140.841587,,,3,2,1,,2,2,,1,,1,1,,有,無,,,,,,
041009,000000000394,宮城県仙台市,西花苑公園,セイカエンコウエン,,041017,0077001,宮城県仙台市青葉区西花苑一丁目6-264,宮城県,仙台市,青葉区西花苑一丁目,6-264,,,38.267605,140.801514,,,0,,,,0,,,1,1,,,,無,無,,,,,,
041009,000000000395,宮城県仙台市,台原公園,ダイノハラコウエン,,041017,0020001,宮城県仙台市青葉区台原一丁目6,宮城県,仙台市,青葉区台原一丁目,6,,,38.281962,140.874168,,,0,,,,0,,,1,1,,,,無,無,,,,,,
041009,000000000396,宮城県仙台市,台原森林公園,ダイノハラシンリンコウエン,,041017,0103000,宮城県仙台市青葉区台原森林公園302外,宮城県,仙台市,青葉区台原森林公園,302外,,北根入口,38.295049,140.880197,,,2,1,1,,1,,1,1,,1,1,,有,無,,,,,,
041009,000000000397,宮城県仙台市,台原森林公園,ダイノハラシンリンコウエン,,041017,0103000,宮城県仙台市青葉区台原森林公園302外,宮城県,仙台市,青葉区台原森林公園,302外,,台原入口,38.295049,140.880197,,,2,1,1,,1,,1,1,,1,1,,有,無,,,,,,
041009,000000000398,宮城県仙台市,台原森林公園,ダイノハラシンリンコウエン,,041017,0103000,宮城県仙台市青葉区台原森林公園302外,宮城県,仙台市,青葉区台原森林公園,302外,,旭ヶ丘駅北,38.295049,140.880197,,,0,,,,0,,,3,2,1,1,,有,無,,,,,,
041009,000000000399,宮城県仙台市,台原森林公園,ダイノハラシンリンコウエン,,041017,0103000,宮城県仙台市青葉区台原森林公園302外,宮城県,仙台市,青葉区台原森林公園,302外,,中央遊歩道,38.295049,140.880197,,,0,,,,0,,,1,1,,,,無,無,,,,,,
041009,000000000400,宮城県仙台市,台原森林公園,ダイノハラシンリンコウエン,,041017,0103000,宮城県仙台市青葉区台原森林公園302外,宮城県,仙台市,青葉区台原森林公園,302外,,ｱｽﾚﾁｯｸ広場前,38.295049,140.880197,,,0,,,,0,,,1,,1,1,,有,無,,,,,,
041009,000000000401,宮城県仙台市,台原森林公園,ダイノハラシンリンコウエン,,041017,0103000,宮城県仙台市青葉区台原森林公園302外,宮城県,仙台市,青葉区台原森林公園,302外,,野外音楽堂広場,38.295049,140.880197,,,0,,,,0,,,1,1,,,,無,無,,,,,,
041009,000000000402,宮城県仙台市,東照宮二丁目公園,トウショウグウニチョウメコウエン,,041017,0006002,宮城県仙台市青葉区東照宮二丁目301-45外,宮城県,仙台市,青葉区東照宮二丁目,301-45外,,,38.277749,140.8855,,,0,,,,0,,,1,1,,,,無,無,,,,,,
041009,000000000403,宮城県仙台市,通町公園,トオリチョウコウエン,,041017,0074000,宮城県仙台市青葉区青葉町183-2外,宮城県,仙台市,青葉区青葉町,183-2外,,,38.281052,140.863355,,,3,2,1,,2,1,1,1,,1,1,,無,無,,,,,,
041009,000000000404,宮城県仙台市,中江公園,ナカエコウエン,,041017,0051001,宮城県仙台市青葉区中江一丁目101-113,宮城県,仙台市,青葉区中江一丁目,101-113,,,38.273338,140.892776,,,1,1,,,0,,,1,,1,1,,有,無,,,,,,
041009,000000000405,宮城県仙台市,中江北公園,ナカエキタコウエン,,041017,0051001,宮城県仙台市青葉区中江一丁目3,宮城県,仙台市,青葉区中江一丁目,3,,,38.275071,140.89027,,,0,,,,0,,,1,1,,,,無,無,,,,,,
041009,000000000406,宮城県仙台市,中山公園,ナカヤマコウエン,,041017,0053007,宮城県仙台市青葉区中山七丁目16-324,宮城県,仙台市,青葉区中山七丁目,16-324,,,38.296631,140.834008,,,2,2,,,0,,,2,1,1,1,,無,無,,,,,,
041009,000000000407,宮城県仙台市,中山とびのこ公園,ナカヤマトビノココウエン,,041017,0053002,宮城県仙台市青葉区中山二丁目4-448外,宮城県,仙台市,青葉区中山二丁目,4-448外,,,38.288545,140.845951,,,2,1,1,,1,1,,1,,1,1,,有,無,,,,,,
041009,000000000408,宮城県仙台市,中山不動公園,ナカヤマフドウコウエン,,041017,0053006,宮城県仙台市青葉区中山六丁目16-325,宮城県,仙台市,青葉区中山六丁目,16-325,,,38.296404,140.840842,,,0,,,,0,,,1,1,,,,無,無,,,,,,
041009,000000000409,宮城県仙台市,西公園,ニシコウエン,,041017,0093000,宮城県仙台市青葉区桜ケ岡公園1-3外,宮城県,仙台市,青葉区桜ケ岡公園,1-3外,,北側歩道橋そば,38.259567,140.861647,,,2,1,,1,1,,1,1,,1,1,,有,無,,,,,,
041009,000000000410,宮城県仙台市,西公園,ニシコウエン,,041017,0093000,宮城県仙台市青葉区桜ケ岡公園1-3外,宮城県,仙台市,青葉区桜ケ岡公園,1-3外,,大町交番となり,38.259567,140.861647,,,4,3,,1,3,1,2,1,,1,1,,有,無,,,,,,
041009,000000000411,宮城県仙台市,西公園,ニシコウエン,,041017,0093000,宮城県仙台市青葉区桜ケ岡公園1-3外,宮城県,仙台市,青葉区桜ケ岡公園,1-3外,,お花見広場,38.259567,140.861647,,,3,2,1,,2,1,1,1,,1,1,,有,無,,,,,,
041009,000000000412,宮城県仙台市,西公園,ニシコウエン,,041017,0093000,宮城県仙台市青葉区桜ケ岡公園1-3外,宮城県,仙台市,青葉区桜ケ岡公園,1-3外,,遊具広場前,38.259567,140.861647,,,4,3,,1,3,1,2,1,,1,1,,有,無,,,,,,
041009,000000000413,宮城県仙台市,西公園,ニシコウエン,,041017,0093000,宮城県仙台市青葉区桜ケ岡公園1-3外,宮城県,仙台市,青葉区桜ケ岡公園,1-3外,,プール跡地,38.259567,140.861647,,,4,3,,1,3,1,2,1,,1,1,,有,無,,,,,,
041009,000000000414,宮城県仙台市,西勝山公園,ニシカツヤマコウエン,,041017,0102000,宮城県仙台市青葉区西勝山10-681,宮城県,仙台市,青葉区西勝山,10-681,,,38.298388,140.838089,,,0,,,,0,,,1,1,,,,無,無,,,,,,
041009,000000000415,宮城県仙台市,錦町公園,ニシキチョウコウエン,,041017,0061002,宮城県仙台市青葉区本町二丁目21-1,宮城県,仙台市,青葉区本町二丁目,21-1,,,38.265935,140.875169,,,3,2,1,,2,1,1,1,,1,1,,有,無,,,,,,
041009,000000000416,宮城県仙台市,評定河原公園,ヒョウジョウガワラコウエン,,041017,0097000,宮城県仙台市青葉区花壇70-6,宮城県,仙台市,青葉区花壇,70-6,,,38.256301,140.866253,,,3,2,,1,2,1,1,1,,1,1,,無,無,,,,,,
041009,000000000417,宮城県仙台市,柳町公園,ヤナギマチコウエン,,041017,0034001,宮城県仙台市青葉区一番町一丁目14-11,宮城県,仙台市,青葉区一番町一丁目,14-11,,,38.255698,140.872926,,,0,,,,0,,,1,,1,,,無,無,,,,,,
041009,000000000418,宮城県仙台市,良覚院丁公園,リョウガクインチョウコウエン,,041017,0044001,宮城県仙台市青葉区片平一丁目118,宮城県,仙台市,青葉区片平一丁目,118,,,38.257975,140.867741,,,2,1,1,,1,,1,1,,1,1,,有,無,,,,,,
041009,000000000419,宮城県仙台市,赤坂１号公園,アカサカイチゴウコウエン,,041017,0080002,宮城県仙台市青葉区赤坂二丁目8-11,宮城県,仙台市,青葉区赤坂二丁目,8-11,,,38.295496,140.741467,,,0,,,,0,,,1,1,,,,無,無,,,,,,
041009,000000000420,宮城県仙台市,赤坂２号公園,アカサカニゴウコウエン,,041017,0080002,宮城県仙台市青葉区赤坂二丁目17,宮城県,仙台市,青葉区赤坂二丁目,17,,,38.293382,140.743393,,,0,,,,0,,,1,1,,,,無,無,,,,,,
041009,000000000421,宮城県仙台市,赤坂３号公園,アカサカサンゴウコウエン,,041017,0080003,宮城県仙台市青葉区赤坂三丁目3-1,宮城県,仙台市,青葉区赤坂三丁目,3-1,,,38.292659,140.745799,,,0,,,,0,,,1,1,,,,無,無,,,,,,
041009,000000000422,宮城県仙台市,赤坂３号公園,アカサカサンゴウコウエン,,041017,0080003,宮城県仙台市青葉区赤坂三丁目3-1,宮城県,仙台市,青葉区赤坂三丁目,3-1,,,38.292659,140.745799,,,0,,,,0,,,1,,1,1,,有,無,,,,,,
041009,000000000423,宮城県仙台市,大倉ダム湖畔公園,オオクラダムコハンコウエン,,041017,0114232,宮城県仙台市青葉区大倉字名剣原7-2外,宮城県,仙台市,青葉区大倉字名剣原,7-2外,,,38.334677,140.696078,,,3,2,1,,3,2,1,1,,1,1,,有,無,,,,,,
041009,000000000424,宮城県仙台市,大倉ダム下公園,オオクラダムシタコウエン,,041017,0114127,宮城県仙台市青葉区大倉字岩下14-4外,宮城県,仙台市,青葉区大倉字岩下,14-4外,,,38.32084,140.705905,,,0,,,,0,,,2,2,,,,無,無,,,,,,
041009,000000000425,宮城県仙台市,葛岡下公園,クズオカシタコウエン,,041017,0115104,宮城県仙台市青葉区郷六字葛岡下49-11,宮城県,仙台市,青葉区郷六字葛岡下,49-11,,,38.2676,140.819514,,,0,,,,0,,,3,1,2,2,,有,無,,,,,,
041009,000000000426,宮城県仙台市,高野原三丁目公園,タカノハラサンチョウメコウエン,,041017,0068003,宮城県仙台市青葉区高野原三丁目5-1,宮城県,仙台市,青葉区高野原三丁目,5-1,,,38.289592,140.762367,,,4,3,1,,2,2,,1,,1,1,,有,無,,,,,,
041009,000000000427,宮城県仙台市,中山台一丁目公園,ナカヤマダイイッチョウメコウエン,,041017,0024001,宮城県仙台市青葉区中山台一丁目13,宮城県,仙台市,青葉区中山台一丁目,13,,,38.299278,140.812156,,,0,,,,0,,,2,1,1,1,,有,無,,,,,,
041009,000000000428,宮城県仙台市,錦ヶ丘中央公園,ニシキガオカチュウオウコウエン,,041017,0062002,宮城県仙台市青葉区錦ケ丘二丁目78-52外,宮城県,仙台市,青葉区錦ケ丘二丁目,78-52外,,,38.256095,140.76544,,,0,,,,0,,,1,1,,,,無,無,,,,,,
041009,000000000429,宮城県仙台市,南吉成六丁目公園,ミナミヨシナリロクチョウメコウエン,,041017,0025006,宮城県仙台市青葉区南吉成六丁目4-2外,宮城県,仙台市,青葉区南吉成六丁目,4-2外,,,38.284539,140.813386,,,0,,,,0,,,2,1,1,1,,有,無,,,,,,
041009,000000000430,宮城県仙台市,みやぎ台運動公園,ミヤギダイウンドウコウエン,,041017,0059005,宮城県仙台市青葉区みやぎ台128-191,宮城県,仙台市,青葉区みやぎ台,128-191,,,38.313079,140.761577,,,0,,,,0,,,1,1,,,,無,無,,,,,,
041009,000000000431,宮城県仙台市,扇町一丁目公園,オウギマチイッチョウメコウエン,,041025,0040001,宮城県仙台市宮城野区扇町一丁目4,宮城県,仙台市,宮城野区扇町一丁目,4,,,38.271324,140.942691,,,4,3,1,,3,1,2,1,,1,1,,有,無,,,,,,
041009,000000000432,宮城県仙台市,扇町四丁目公園,オウギマチヨンチョウメコウエン,,041025,0040004,宮城県仙台市宮城野区扇町四丁目9-1,宮城県,仙台市,宮城野区扇町四丁目,9-1,,,38.264886,140.952643,,,5,4,1,1,3,2,1,1,,1,1,,有,無,,,,,,
041009,000000000433,宮城県仙台市,扇町六丁目公園,オウギマチロクチョウメコウエン,,041025,0040006,宮城県仙台市宮城野区扇町六丁目5-1,宮城県,仙台市,宮城野区扇町六丁目,5-1,,,38.266232,140.958302,,,4,3,1,,3,2,1,1,,1,1,,有,無,,,,,,
041009,000000000434,宮城県仙台市,岡田西町公園,オカダニシマチコウエン,,041025,0031000,宮城県仙台市宮城野区岡田西町2,宮城県,仙台市,宮城野区岡田西町,2,,,38.254909,140.958598,,,0,,,,0,,,1,1,,,,無,無,,,,,,
041009,000000000435,宮城県仙台市,海岸公園（岡田地区）,カイガンコウエン（オカダチク）,,041025,0058000,宮城県仙台市宮城野区井土字砂崩1外,宮城県,仙台市,宮城野区井土字砂崩,1外,,北側駐車場,38.241602,140.997669,,,3,2,,1,6,1,5,1,,1,1,,有,無,,,,,,
041009,000000000436,宮城県仙台市,海岸公園（岡田地区）,カイガンコウエン（オカダチク）,,041025,0058000,宮城県仙台市宮城野区井土字砂崩1外,宮城県,仙台市,宮城野区井土字砂崩,1外,,岡田地区A棟(避難の丘北側),38.241602,140.997669,,,5,3,1,1,3,2,1,1,,1,1,,無,無,,,,,,
041009,000000000437,宮城県仙台市,海岸公園（岡田地区）,カイガンコウエン（オカダチク）,,041025,0058000,宮城県仙台市宮城野区井土字砂崩1外,宮城県,仙台市,宮城野区井土字砂崩,1外,,岡田地区B棟(避難の丘南側),38.241602,140.997669,,,5,3,1,1,3,2,1,1,,1,1,,無,無,,,,,,
041009,000000000438,宮城県仙台市,蒲生土手前公園,ガモウドテマエコウエン,,041025,0043001,宮城県仙台市宮城野区白鳥一丁目109-1,宮城県,仙台市,宮城野区白鳥一丁目,109-1,,,38.262932,140.98047,,,0,,,,0,,,1,1,,,,無,無,,,,,,
041009,000000000439,宮城県仙台市,清水沼公園,シミズヌマコウエン,,041025,0012001,宮城県仙台市宮城野区清水沼一丁目17-1,宮城県,仙台市,宮城野区清水沼一丁目,17-1,,,38.265974,140.898246,,,0,,,,0,,,2,1,1,1,,有,無,,,,,,
041009,000000000440,宮城県仙台市,志波北公園,シワキタコウエン,,041025,0015002,宮城県仙台市宮城野区萩野町二丁目7-1,宮城県,仙台市,宮城野区萩野町二丁目,7-1,,,38.254649,140.914165,,,2,1,1,,1,1,,1,,1,1,,有,無,,,,,,
041009,000000000441,宮城県仙台市,新田公園,シンデンコウエン,,041025,0029004,宮城県仙台市宮城野区新田四丁目12,宮城県,仙台市,宮城野区新田四丁目,12,,,38.273799,140.927723,,,0,,,,0,,,2,,2,2,,無,無,,,,,,
041009,000000000442,宮城県仙台市,新田東中央公園,シンデンヒガシチュウオウコウエン,,041025,0014001,宮城県仙台市宮城野区新田東一丁目11-1,宮城県,仙台市,宮城野区新田東一丁目,11-1,,,38.277897,140.933348,,,3,2,1,,2,1,1,1,,1,1,,有,無,,,,,,
041009,000000000443,宮城県仙台市,高砂一丁目公園,タカサゴイッチョウメコウエン,,041025,0039001,宮城県仙台市宮城野区高砂一丁目23-1,宮城県,仙台市,宮城野区高砂一丁目,23-1,,,38.270616,140.972637,,,4,3,1,,2,2,,0,,,,,無,無,,,,,,
041009,000000000444,宮城県仙台市,高砂中央公園,タカサゴチュウオウコウエン,,041025,0036004,宮城県仙台市宮城野区中野四丁目6,宮城県,仙台市,宮城野区中野四丁目,6,,エントランス広場,38.269904,140.981355,,,4,3,,1,2,1,1,1,,1,1,,有,無,,,,,,
041009,000000000445,宮城県仙台市,高砂中央公園,タカサゴチュウオウコウエン,,041025,0036004,宮城県仙台市宮城野区中野四丁目6,宮城県,仙台市,宮城野区中野四丁目,6,,見晴らしの丘,38.269904,140.981355,,,3,2,,1,2,,2,1,,1,1,,有,無,,,,,,
041009,000000000446,宮城県仙台市,高砂中央公園,タカサゴチュウオウコウエン,,041025,0036004,宮城県仙台市宮城野区中野四丁目6,宮城県,仙台市,宮城野区中野四丁目,6,,庭球場南側,38.269904,140.981355,,,3,2,,1,2,1,1,1,,1,1,,有,無,,,,,,R7供用予定
041009,000000000447,宮城県仙台市,高森山公園,タカモリヤマコウエン,,041025,0026165,宮城県仙台市宮城野区岩切字入山83-1外,宮城県,仙台市,宮城野区岩切字入山,83-1外,,,38.312809,140.940934,,,0,,,,0,,,1,,1,,,無,無,,,,,,
041009,000000000448,宮城県仙台市,田子二丁目公園,タゴニチョウメコウエン,,041025,0049002,宮城県仙台市宮城野区田子二丁目40-1,宮城県,仙台市,宮城野区田子二丁目,40-1,,,38.27984,140.96107,,,0,,,,0,,,2,1,1,1,,無,無,,,,,,
041009,000000000449,宮城県仙台市,榴岡三丁目公園,ツツジガオカサンチョウメコウエン,,041025,0065003,宮城県仙台市宮城野区榴岡三丁目3,宮城県,仙台市,宮城野区榴岡三丁目,3,,,38.26072,140.887556,,,2,1,1,,1,1,,0,,,,,無,無,,,,,,
041009,000000000450,宮城県仙台市,榴岡五丁目公園,ツツジガオカゴチョウメコウエン,,041025,0065005,宮城県仙台市宮城野区榴岡五丁目4-1,宮城県,仙台市,宮城野区榴岡五丁目,4-1,,,38.25768,140.892969,,,0,,,,0,,,1,1,,,,無,無,,,,,,
041009,000000000451,宮城県仙台市,燕沢中央公園,ツバメサワチュウオウコウエン,,041025,0016003,宮城県仙台市宮城野区燕沢東三丁目301-1外,宮城県,仙台市,宮城野区燕沢東三丁目,301-1外,,,38.289021,140.931128,,,3,2,1,,2,2,,1,,1,1,,有,無,,,,,,
041009,000000000452,宮城県仙台市,燕沢東一丁目きただ公園,ツバメサワヒガシイッチョウメキタダコウエン,,041025,0016001,宮城県仙台市宮城野区燕沢東一丁目475,宮城県,仙台市,宮城野区燕沢東一丁目,475,,,38.287438,140.93514,,,3,2,1,,0,,,1,,1,1,,有,無,,,,,,
041009,000000000453,宮城県仙台市,鶴ヶ谷四丁目東公園,ツルガヤヨンチョウメヒガシコウエン,,041025,0027004,宮城県仙台市宮城野区鶴ケ谷四丁目22,宮城県,仙台市,宮城野区鶴ケ谷四丁目,22,,,38.292587,140.910226,,,2,1,1,,1,1,,1,,1,1,,無,無,,,,,,
041009,000000000454,宮城県仙台市,鶴ヶ谷菖蒲沢公園,ツルガヤショウブサワコウエン,,041025,0017003,宮城県仙台市宮城野区鶴ケ谷東三丁目32-4,宮城県,仙台市,宮城野区鶴ケ谷東三丁目,32-4,,,38.293614,140.927913,,,0,,,,0,,,1,1,,,,無,無,,,,,,
041009,000000000455,宮城県仙台市,鶴ヶ谷中央公園,ツルガヤチュウオウコウエン,,041025,0027006,宮城県仙台市宮城野区鶴ケ谷六丁目1-2外,宮城県,仙台市,宮城野区鶴ケ谷六丁目,1-2外,,,38.292922,140.918986,,,3,2,1,,1,1,,1,,1,1,,有,無,,,,,,
041009,000000000456,宮城県仙台市,鶴ヶ谷中央公園,ツルガヤチュウオウコウエン,,041025,0027006,宮城県仙台市宮城野区鶴ケ谷六丁目1-2外,宮城県,仙台市,宮城野区鶴ケ谷六丁目,1-2外,,西側,38.292922,140.918986,,,0,,,,0,,,1,1,,,,無,無,,,,,,
041009,000000000457,宮城県仙台市,鶴巻一丁目西公園,ツルマキイッチョウメニシコウエン,,041025,0003001,宮城県仙台市宮城野区鶴巻一丁目1010-1,宮城県,仙台市,宮城野区鶴巻一丁目,1010-1,,,38.262814,140.963789,,,2,1,1,,1,1,,1,,1,1,,有,無,,,,,,
041009,000000000458,宮城県仙台市,鶴巻一丁目東公園,ツルマキイッチョウメヒガシコウエン,,041025,0003001,宮城県仙台市宮城野区鶴巻一丁目1006-1,宮城県,仙台市,宮城野区鶴巻一丁目,1006-1,,,38.264116,140.967848,,,0,,,,0,,,1,1,,,,無,無,,,,,,
041009,000000000459,宮城県仙台市,中野中央公園,ナカノチュウオウコウエン,,041025,0036003,宮城県仙台市宮城野区中野三丁目6,宮城県,仙台市,宮城野区中野三丁目,6,,,38.27342,140.988323,,,2,1,,1,1,,1,1,,1,1,,有,無,,,,,,
041009,000000000460,宮城県仙台市,七北田川岩切緑地,ナナキタガワイワキリリョクチ,,041025,0026158,宮城県仙台市宮城野区岩切字土手外東8-1外,宮城県,仙台市,宮城野区岩切字土手外東,8-1外,,,38.301742,140.949204,,,3,2,,1,0,,,1,,1,1,,無,無,,,,,,
041009,000000000461,宮城県仙台市,七北田川田子緑地,ナナキタガワタゴリョクチ,,041025,0049109,宮城県仙台市宮城野区田子字五平淵1-1外,宮城県,仙台市,宮城野区田子字五平淵,1-1外,,,38.291292,140.959153,,,2,1,1,,1,,1,1,,1,1,,無,無,,,,,,
041009,000000000462,宮城県仙台市,西田公園,ニシダコウエン,,041025,0029003,宮城県仙台市宮城野区新田三丁目261-1外,宮城県,仙台市,宮城野区新田三丁目,261-1外,,,38.279392,140.92589,,,0,,,,0,,,1,1,,,,無,無,,,,,,
041009,000000000463,宮城県仙台市,日の出町公園,ヒノデマチコウエン,,041025,0047003,宮城県仙台市宮城野区日の出町三丁目6,宮城県,仙台市,宮城野区日の出町三丁目,6,,,38.263512,140.933032,,,0,,,,0,,,1,1,,,,無,無,,,,,,
041009,000000000464,宮城県仙台市,福住町公園,フクズミマチコウエン,,041025,0038000,宮城県仙台市宮城野区福住町9-2,宮城県,仙台市,宮城野区福住町,9-2,,,38.273135,140.953009,,,0,,,,0,,,1,1,,,,無,無,,,,,,
041009,000000000465,宮城県仙台市,福田町砂押公園,フクダマチスナオシコウエン,,041025,0004002,宮城県仙台市宮城野区福田町二丁目1224,宮城県,仙台市,宮城野区福田町二丁目,1224,,,38.266347,140.9647,,,2,1,1,,1,1,,1,,1,1,,有,無,,,,,,
041009,000000000466,宮城県仙台市,福田町南一丁目公園,フクダマチミナミイッチョウメコウエン,,041025,0005001,宮城県仙台市宮城野区福田町南一丁目1007,宮城県,仙台市,宮城野区福田町南一丁目,1007,,,38.25931,140.960743,,,2,1,1,,1,1,,1,,1,1,,有,無,,,,,,
041009,000000000467,宮城県仙台市,南宮城野公園,ミナミミヤギノコウエン,,041025,0013001,宮城県仙台市宮城野区宮千代一丁目36-1,宮城県,仙台市,宮城野区宮千代一丁目,36-1,,,38.256206,140.910444,,,2,1,1,,1,1,,1,,1,1,,有,無,,,,,,
041009,000000000468,宮城県仙台市,谷地館公園,ヤチダテコウエン,,041025,0013003,宮城県仙台市宮城野区宮千代三丁目3,宮城県,仙台市,宮城野区宮千代三丁目,3,,,38.253302,140.917659,,,0,,,,0,,,1,1,,,,無,無,,,,,,
041009,000000000469,宮城県仙台市,与兵衛沼公園,ヨヘエヌマコウエン,,041025,0048000,宮城県仙台市宮城野区蟹沢20-1外,宮城県,仙台市,宮城野区蟹沢,20-1外,,枡江小学校前,38.283206,140.89986,,,1,1,,,0,,,1,,1,1,,有,無,,,,,,
041009,000000000470,宮城県仙台市,与兵衛沼公園,ヨヘエヌマコウエン,,041025,0048000,宮城県仙台市宮城野区蟹沢20-1外,宮城県,仙台市,宮城野区蟹沢,20-1外,,北側,38.283206,140.89986,,,3,2,,1,2,,2,2,,2,2,,有,無,,,,,,
041009,000000000471,宮城県仙台市,荒井七丁目公園,アライナナチョウメコウエン,,041033,0084007,宮城県仙台市若林区荒井七丁目14-1,宮城県,仙台市,若林区荒井七丁目,14-1,,,38.240165,140.946733,,,2,1,1,,1,1,,1,,1,1,,有,無,,,,,,
041009,000000000472,宮城県仙台市,荒井十文字公園,アライジュウモンジコウエン,,041033,0084001,宮城県仙台市若林区荒井一丁目17-1,宮城県,仙台市,若林区荒井一丁目,17-1,,,38.242173,140.936197,,,2,1,1,,1,1,,1,,1,1,,無,無,,,,,,
041009,000000000473,宮城県仙台市,荒町公園,アラマチコウエン,,041033,0043000,宮城県仙台市若林区荒町36-6外,宮城県,仙台市,若林区荒町,36-6外,,,38.248113,140.884294,,,0,,,,0,,,1,1,,,,無,無,,,,,,
041009,000000000474,宮城県仙台市,伊在二丁目公園,イザイニチョウメコウエン,,041033,0069002,宮城県仙台市若林区伊在二丁目21-1,宮城県,仙台市,若林区伊在二丁目,21-1,,,38.246263,140.938196,,,2,1,1,,1,1,,1,,1,1,,有,無,,,,,,
041009,000000000475,宮城県仙台市,卸町公園,オロシマチコウエン,,041033,0049002,宮城県仙台市若林区卸町二丁目13,宮城県,仙台市,若林区卸町二丁目,13,,,38.256246,140.926176,,,3,2,,1,2,,2,1,,1,1,,有,無,,,,,,
041009,000000000476,宮城県仙台市,卸町五丁目公園,オロシマチゴチョウメコウエン,,041033,0049005,宮城県仙台市若林区卸町五丁目4,宮城県,仙台市,若林区卸町五丁目,4,,,38.255662,140.931632,,,0,,,,0,,,2,1,1,1,,有,無,,,,,,
041009,000000000477,宮城県仙台市,卸町東二丁目公園,オロシマチヒガシニチョウメコウエン,,041033,0056002,宮城県仙台市若林区卸町東二丁目4-1,宮城県,仙台市,若林区卸町東二丁目,4-1,,,38.259254,140.947811,,,2,1,1,,1,1,,0,,,,,無,無,,,,,,
041009,000000000478,宮城県仙台市,海岸公園（荒浜地区）,カイガンコウエン（荒浜地区）,,041033,0082103,宮城県仙台市若林区荒浜,宮城県,仙台市,若林区荒浜,地内,,荒浜地区パークゴルフ場,38.215175,140.976597,,,2,1,1,,1,,1,1,,1,1,,有,無,,,,,,
041009,000000000479,宮城県仙台市,海岸公園（荒浜地区）,カイガンコウエン（荒浜地区）,,041033,0082103,宮城県仙台市若林区荒浜,宮城県,仙台市,若林区荒浜,地内,,荒浜地区センターハウス外,38.215175,140.976597,,,5,3,,2,3,1,2,1,,1,1,,有,無,,,,,,
041009,000000000480,宮城県仙台市,海岸公園（井土地区）,カイガンコウエン（イドチク）,,041033,0082000,宮城県仙台市若林区井土地内,宮城県,仙台市,若林区井土,地内,,井土地区ﾌﾟﾚｰﾘｰﾀﾞｰﾊｳｽ外,38.20541,140.967528,,,7,5,1,1,4,2,2,1,,1,1,,有,無,,,,,,
041009,000000000481,宮城県仙台市,海岸公園（井土地区）,カイガンコウエン（イドチク）,,041033,0082000,宮城県仙台市若林区井土地内,宮城県,仙台市,若林区井土,地内,,井土地区管理棟南側,38.20541,140.967528,,,2,1,1,,1,,1,1,,1,1,,無,無,,,,,,
041009,000000000482,宮城県仙台市,木ノ下公園,キノシタコウエン,,041033,0019002,宮城県仙台市若林区木ノ下二丁目69,宮城県,仙台市,若林区木ノ下二丁目,69,,,38.251328,140.901844,,,0,,,,0,,,2,1,1,1,,有,無,,,,,,
041009,000000000483,宮城県仙台市,七郷中央公園,シチゴウチュウオウコウエン,,041033,0090000,宮城県仙台市若林区蒲町東11-1,宮城県,仙台市,若林区蒲町東,11-1,,,38.245268,140.932744,,,4,3,1,,3,2,1,1,,1,1,,有,無,,,,,,
041009,000000000484,宮城県仙台市,柴田町公園,シバタマチコウエン,,041033,0017000,宮城県仙台市若林区表柴田町12-1,宮城県,仙台市,若林区表柴田町,12-1,,,38.248385,140.896724,,,0,,,,0,,,1,1,,,,無,無,,,,,,
041009,000000000485,宮城県仙台市,新寺三丁目公園,シンテラサンチョウメコウエン,,041033,0025003,宮城県仙台市若林区新寺三丁目6-1,宮城県,仙台市,若林区新寺三丁目,6-1,,,38.255102,140.888057,,,0,,,,0,,,2,1,1,1,,有,無,,,,,,
041009,000000000486,宮城県仙台市,新寺四丁目公園,シンテラヨンチョウメコウエン,,041033,0025004,宮城県仙台市若林区新寺四丁目2-2,宮城県,仙台市,若林区新寺四丁目,2-2,,,38.253905,140.89148,,,0,,,,0,,,1,1,,,,無,無,,,,,,
041009,000000000487,宮城県仙台市,新寺五丁目公園,シンテラゴチョウメコウエン,,041033,0025005,宮城県仙台市若林区新寺五丁目9-3,宮城県,仙台市,若林区新寺五丁目,9-3,,,38.256056,140.895958,,,2,1,1,,1,1,,1,,1,1,,有,無,,,,,,
041009,000000000488,宮城県仙台市,広瀬公園,ヒロセコウエン,,041033,0044001,宮城県仙台市若林区河原町一丁目7,宮城県,仙台市,若林区河原町一丁目,7,,,38.237243,140.889015,,,2,1,,1,1,,1,1,,1,1,,有,無,,,,,,
041009,000000000489,宮城県仙台市,松木公園,マツキコウエン,,041033,0036005,宮城県仙台市若林区大和町五丁目804-2,宮城県,仙台市,若林区大和町五丁目,804-2,,,38.250244,140.921795,,,0,,,,0,,,1,1,,,,無,無,,,,,,
041009,000000000490,宮城県仙台市,南小泉公園,ミナミコイズミコウエン,,041033,0029003,宮城県仙台市若林区古城三丁目209-7外,宮城県,仙台市,若林区古城三丁目,209-7外,,,38.232934,140.90691,,,3,2,,1,2,,2,1,,1,1,,有,無,,,,,,
041009,000000000491,宮城県仙台市,柳公園,ヤナギコウエン,,041033,0036003,宮城県仙台市若林区大和町三丁目6,宮城県,仙台市,若林区大和町三丁目,6,,,38.247786,140.918659,,,0,,,,0,,,1,1,,,,無,無,,,,,,
041009,000000000492,宮城県仙台市,連坊あづま公園,レンボウアヅマコウエン,,041033,0037002,宮城県仙台市若林区連坊二丁目328-1,宮城県,仙台市,若林区連坊二丁目,328-1,,,38.251501,140.894077,,,0,,,,0,,,1,1,,,,無,無,,,,,,
041009,000000000493,宮城県仙台市,六丁の目北町公園,ロクチョウノメキタマチコウエン,,041033,0064000,宮城県仙台市若林区六丁の目北町9-3,宮城県,仙台市,若林区六丁の目北町,9-3,,,38.251598,140.949523,,,0,,,,0,,,1,1,,,,無,無,,,,,,
041009,000000000494,宮城県仙台市,六丁の目中町公園,ロクチョウノメナカマチコウエン,,041033,0068000,宮城県仙台市若林区六丁の目中町29-1,宮城県,仙台市,若林区六丁の目中町,29-1,,,38.252921,140.944669,,,0,,,,0,,,1,1,,,,無,無,,,,,,
041009,000000000495,宮城県仙台市,六丁の目中町西公園,ロクチョウノメナカマチニシコウエン,,041033,0068000,宮城県仙台市若林区六丁の目中町9-1,宮城県,仙台市,若林区六丁の目中町,9-1,,,38.252949,140.939156,,,0,,,,0,,,1,1,,,,無,無,,,,,,
041009,000000000496,宮城県仙台市,六丁の目南町公園,ロクチョウノメミナミマチコウエン,,041033,0059000,宮城県仙台市若林区六丁の目南町6-2,宮城県,仙台市,若林区六丁の目南町,6-2,,,38.24941,140.941422,,,0,,,,0,,,1,1,,,,無,無,,,,,,
041009,000000000497,宮城県仙台市,若林公園,ワカバヤシコウエン,,041033,0034004,宮城県仙台市若林区若林四丁目43-74,宮城県,仙台市,若林区若林四丁目,43-74,,,38.228579,140.899927,,,2,1,1,,1,1,,1,,1,1,,有,無,,,,,,
041009,000000000498,宮城県仙台市,あすと長町中央公園,アストナガマチチュウオウコウエン,,041041,0014004,宮城県仙台市太白区あすと長町四丁目4-1,宮城県,仙台市,太白区あすと長町四丁目,4-1,,,38.222324,140.887507,,,3,2,,1,2,1,1,1,,1,1,,有,無,,,,,,
041009,000000000499,宮城県仙台市,天沼公園,アマヌマコウエン,,041041,0038002,宮城県仙台市太白区三神峯二丁目143外,宮城県,仙台市,太白区三神峯二丁目,143外,,,38.226778,140.850354,,,2,1,1,,1,1,,1,,1,1,,有,無,,,,,,
041009,000000000500,宮城県仙台市,安久東公園,アンキュウヒガシコウエン,,041041,0011004,宮城県仙台市太白区西中田四丁目4,宮城県,仙台市,太白区西中田四丁目,4,,,38.196606,140.881003,,,0,,,,0,,,1,1,,,,無,無,,,,,,
041009,000000000501,宮城県仙台市,泉崎二丁目公園,イズミザキニチョウメコウエン,,041041,0040002,宮城県仙台市太白区泉崎二丁目9,宮城県,仙台市,太白区泉崎二丁目,9,,,38.222687,140.866654,,,2,1,1,,1,1,,1,,1,1,,有,無,,,,,,
041009,000000000502,宮城県仙台市,おおとや公園,オオトヤコウエン,,041041,0052000,宮城県仙台市太白区大塒町161-3外,宮城県,仙台市,太白区大塒町,161-3外,,,38.23387,140.855293,,,2,1,1,,1,1,,1,,1,1,,有,無,,,,,,
041009,000000000503,宮城県仙台市,鈎取八幡公園,カギトリハチマンコウエン,,041041,0030001,宮城県仙台市太白区鈎取一丁目320-1外,宮城県,仙台市,太白区鈎取一丁目,320-1外,,,38.223409,140.843693,,,2,1,1,,1,1,,1,,1,1,,有,無,,,,,,
041009,000000000504,宮城県仙台市,鹿野公園,カノコウエン,,041041,0024001,宮城県仙台市太白区鹿野一丁目121-1,宮城県,仙台市,太白区鹿野一丁目,121-1,,,38.232009,140.876377,,,4,3,1,,2,2,,1,,1,1,,無,無,,,,,,
041009,000000000505,宮城県仙台市,鹿野三丁目公園,カノサンチョウメコウエン,,041041,0024003,宮城県仙台市太白区鹿野三丁目207-3,宮城県,仙台市,太白区鹿野三丁目,207-3,,,38.225694,140.869806,,,2,1,1,,1,1,,1,,1,1,,無,無,,,,,,
041009,000000000506,宮城県仙台市,太白公園,タイハクコウエン,,041041,0022001,宮城県仙台市太白区太白一丁目23-1,宮城県,仙台市,太白区太白一丁目,23-1,,,38.232955,140.818628,,,2,2,,,0,,,2,,2,1,,有,無,,,,,,
041009,000000000507,宮城県仙台市,富沢公園,トミザワコウエン,,041041,0026001,宮城県仙台市太白区富沢一丁目2-2,宮城県,仙台市,太白区富沢一丁目,2-2,,,38.217565,140.871301,,,1,,1,,2,2,,1,,1,1,,有,無,,,,,,
041009,000000000508,宮城県仙台市,富沢三丁目公園,トミザワサンチョウメコウエン,,041041,0026003,宮城県仙台市太白区富沢三丁目111-3,宮城県,仙台市,太白区富沢三丁目,111-3,,,38.217468,140.860217,,,2,1,1,,1,1,,1,,1,1,,有,無,,,,,,
041009,000000000509,宮城県仙台市,富沢南一丁目北公園,トミザワミナミイッチョウメキタコウエン,,041041,0045001,宮城県仙台市太白区富沢南一丁目10-5,宮城県,仙台市,太白区富沢南一丁目,10-5,,,38.214197,140.865844,,,2,1,1,,1,1,,1,,1,1,,無,無,,,,,,
041009,000000000510,宮城県仙台市,富沢南二丁目公園,トミザワミナミニチョウメコウエン,,041041,0045002,宮城県仙台市太白区富沢南二丁目15-1,宮城県,仙台市,太白区富沢南二丁目,15-1,,,38.211025,140.86696,,,2,1,1,,1,1,,1,,1,1,,有,無,,,,,,
041009,000000000511,宮城県仙台市,中田中央公園,ナカダチュウオウコウエン,,041041,0088101,宮城県仙台市太白区中田町字荒屋敷2-1外,宮城県,仙台市,太白区中田町字荒屋敷,2-1外,,,38.19841,140.899404,,,3,2,1,,2,2,,1,,1,1,,無,無,,,,,,
041009,000000000512,宮城県仙台市,長町二丁目公園,ナガマチニチョウメコウエン,,041041,0007002,宮城県仙台市太白区長町二丁目322-2外,宮城県,仙台市,太白区長町二丁目,322-2外,,,38.233699,140.884462,,,2,1,1,,1,1,,1,,1,1,,有,無,,,,,,
041009,000000000513,宮城県仙台市,長町南四丁目北公園,ナガマチミナミヨンチョウメキタコウエン,,041041,0023004,宮城県仙台市太白区長町南四丁目4,宮城県,仙台市,太白区長町南四丁目,4,,,38.223027,140.871571,,,0,,,,0,,,2,1,1,1,,有,無,,,,,,
041009,000000000514,宮城県仙台市,西中田公園,ニシナカダコウエン,,041041,0011007,宮城県仙台市太白区西中田七丁目1,宮城県,仙台市,太白区西中田七丁目,1,,,38.193493,140.878542,,,0,,,,0,,,2,1,1,1,,有,無,,,,,,
041009,000000000515,宮城県仙台市,はたとや公園,ハタトヤコウエン,,041041,0052000,宮城県仙台市太白区大塒町2-1,宮城県,仙台市,太白区大塒町,2-1,,,38.232257,140.859609,,,0,,,,0,,,1,1,,,,無,無,,,,,,
041009,000000000516,宮城県仙台市,八本松公園,ハッポンマツコウエン,,041041,0044002,宮城県仙台市太白区八本松二丁目1-64外,宮城県,仙台市,太白区八本松二丁目,1-64外,,,38.228304,140.892002,,,0,,,,0,,,3,2,1,1,,有,無,,,,,,
041009,000000000517,宮城県仙台市,ひより台公園,ヒヨリダイコウエン,,041041,0065000,宮城県仙台市太白区ひより台6-1,宮城県,仙台市,太白区ひより台,6-1,,,38.231519,140.822401,,,0,,,,0,,,0,,,,,無,無,,,,,,
041009,000000000518,宮城県仙台市,広瀬川八本松緑地,ヒロセガワハッポンマツリョクチ,,041041,0044001,宮城県仙台市太白区八本松一丁目地先,宮城県,仙台市,太白区八本松一丁目,地先,,,38.227839,140.897047,,,2,1,1,,1,,1,1,,1,1,,有,無,,,,,,
041009,000000000519,宮城県仙台市,三神峯公園,ミカミネコウエン,,041041,0038001,宮城県仙台市太白区三神峯一丁目1外,宮城県,仙台市,太白区三神峯一丁目,1外,,駐車場,38.224958,140.857727,,,2,1,1,,1,1,,2,,2,2,,有,無,,,,,,
041009,000000000520,宮城県仙台市,三神峯公園,ミカミネコウエン,,041041,0038001,宮城県仙台市太白区三神峯一丁目1外,宮城県,仙台市,太白区三神峯一丁目,1外,,広場西側,38.224958,140.857727,,,0,,,,0,,,2,2,,,,無,無,,,,,,
041009,000000000521,宮城県仙台市,三神峯公園,ミカミネコウエン,,041041,0038001,宮城県仙台市太白区三神峯一丁目1外,宮城県,仙台市,太白区三神峯一丁目,1外,,広場南側,38.224958,140.857727,,,3,3,,,0,,,3,,3,1,,有,無,,,,,,
041009,000000000522,宮城県仙台市,南大野田公園,ミナミオオノダコウエン,,041041,0050000,宮城県仙台市太白区南大野田53,宮城県,仙台市,太白区南大野田,53,,,38.210708,140.872437,,,0,,,,0,,,2,1,1,1,,有,無,,,,,,
041009,000000000523,宮城県仙台市,向山中央公園,ムカイヤマチュウオウコウエン,,041041,0027003,宮城県仙台市太白区向山三丁目15-4,宮城県,仙台市,太白区向山三丁目,15-4,,,38.241478,140.867335,,,4,3,1,,2,1,1,0,,,,,無,無,,,,,,
041009,000000000524,宮城県仙台市,茂庭公園,モニワコウエン,,041041,0057002,宮城県仙台市太白区茂庭台二丁目21-1外,宮城県,仙台市,太白区茂庭台二丁目,21-1外,,東側,38.233622,140.785019,,,2,,2,,2,2,,0,,,,,無,無,,,,,,
041009,000000000525,宮城県仙台市,茂庭公園,モニワコウエン,,041041,0057002,宮城県仙台市太白区茂庭台二丁目21-1外,宮城県,仙台市,太白区茂庭台二丁目,21-1外,,西側,38.233622,140.785019,,,2,,2,,2,2,,1,,1,1,,無,無,,,,,,
041009,000000000526,宮城県仙台市,杜の広場公園,モリノヒロバコウエン,,041041,0014001,宮城県仙台市太白区あすと長町一丁目2-3,宮城県,仙台市,太白区あすと長町一丁目,2-3,,,38.230393,140.8882,,,6,4,1,1,4,3,1,1,,1,1,,有,無,,,,,,
041009,000000000527,宮城県仙台市,柳生四丁目公園,ヤナギュウヨンチョウメコウエン,,041041,0002004,宮城県仙台市太白区柳生四丁目11,宮城県,仙台市,太白区柳生四丁目,11,,,38.19498,140.867475,,,2,1,1,,1,1,,1,,1,1,,有,無,,,,,,
041009,000000000528,宮城県仙台市,山田北前町緑地,ヤマダキタマエマチリョクチ,,041041,0070000,宮城県仙台市太白区山田北前町308-17,宮城県,仙台市,太白区山田北前町,308-17,,,38.222795,140.829833,,,2,1,,1,1,,1,1,,1,1,,有,無,,,,,,
041009,000000000529,宮城県仙台市,山田ふれあい公園,ヤマダフレアイコウエン,,041041,0056000,宮城県仙台市太白区山田上ノ台町26-25外,宮城県,仙台市,太白区山田上ノ台町,26-25外,,,38.219449,140.830197,,,2,1,1,,1,1,,1,,1,1,,有,無,,,,,,
041009,000000000530,宮城県仙台市,横森ひかり公園,ヨコモリヒカリコウエン,,041041,0038002,宮城県仙台市太白区三神峯二丁目343-2外,宮城県,仙台市,太白区三神峯二丁目,343-2外,,,38.22825,140.846793,,,0,,,,0,,,1,,1,1,,無,無,,,,,,
041009,000000000531,宮城県仙台市,湯元公園,ユモトコウエン,,041041,0082115,宮城県仙台市太白区秋保町湯元字上原54-19外,宮城県,仙台市,太白区秋保町湯元字上原,54-19外,,,38.219751,140.71918,,,4,3,,1,3,2,1,1,,1,1,,有,無,,,,,,
041009,000000000532,宮城県仙台市,明通四丁目公園,アケドオリヨンチョウメコウエン,,041050,0041004,宮城県仙台市泉区明通四丁目14-1外,宮城県,仙台市,泉区明通四丁目,14-1外,,,38.354561,140.863876,,,3,2,1,,2,2,,1,,1,1,,無,無,,,,,,
041009,000000000533,宮城県仙台市,泉中央公園,イズミチュウオウコウエン,,041050,0026002,宮城県仙台市泉区泉中央二丁目18-3,宮城県,仙台市,泉区泉中央二丁目,18-3,,北側,38.326746,140.878985,,,7,5,2,,4,4,,1,,1,1,,無,無,,,,,,
041009,000000000534,宮城県仙台市,泉中央公園,イズミチュウオウコウエン,,041050,0026002,宮城県仙台市泉区泉中央二丁目18-3,宮城県,仙台市,泉区泉中央二丁目,18-3,,南側,38.326746,140.878985,,,0,,,,0,,,2,2,,,,無,無,,,,,,
041009,000000000535,宮城県仙台市,市名坂楢町公園,イチナザカナラマチコウエン,,041050,0046141,宮城県仙台市泉区市名坂字楢町168外,宮城県,仙台市,泉区市名坂字楢町,168外,,,38.317512,140.901456,,,3,2,1,,2,2,,1,,1,1,,有,無,,,,,,
041009,000000000536,宮城県仙台市,桂島緑地,カツラシマリョクチ,,041050,0035001,宮城県仙台市泉区桂一丁目105-13,宮城県,仙台市,泉区桂一丁目,105-13,,,38.334676,140.863964,,,0,,,,0,,,2,1,1,1,,無,無,,,,,,
041009,000000000537,宮城県仙台市,桂中央公園,カツラチュウオウコウエン,,041050,0035002,宮城県仙台市泉区桂二丁目34-1,宮城県,仙台市,泉区桂二丁目,34-1,,,38.339542,140.860105,,,0,,,,0,,,3,2,1,1,,無,無,,,,,,
041009,000000000538,宮城県仙台市,上谷刈仮屋敷公園,カミヤガリカリヤシキコウエン,,041050,0005108,宮城県仙台市泉区上谷刈字仮屋敷640-28,宮城県,仙台市,泉区上谷刈字仮屋敷,640-28,,,38.318594,140.869446,,,0,,,,0,,,2,1,1,1,,無,無,,,,,,
041009,000000000539,宮城県仙台市,北河原公園,キタカワラコウエン,,041050,0005170,宮城県仙台市泉区上谷刈字北河原10-1外,宮城県,仙台市,泉区上谷刈字北河原,10-1外,,,38.323647,140.857276,,,3,2,,1,2,,2,1,,1,1,,有,無,,,,,,
041009,000000000540,宮城県仙台市,黒松二丁目公園,クロマツニチョウメコウエン,,041050,0025002,宮城県仙台市泉区黒松二丁目2-30外,宮城県,仙台市,泉区黒松二丁目,2-30外,,,38.308095,140.881942,,,2,1,1,,1,1,,1,,1,1,,有,無,,,,,,
041009,000000000541,宮城県仙台市,将監公園,ショウゲンコウエン,,041050,0009010,宮城県仙台市泉区将監十丁目28-117,宮城県,仙台市,泉区将監十丁目,28-117,,,38.334406,140.872084,,,5,3,2,,2,2,,1,,1,1,,有,無,,,,,,
041009,000000000542,宮城県仙台市,松陵公園,ショウリョウコウエン,,041050,0029002,宮城県仙台市泉区松陵二丁目4,宮城県,仙台市,泉区松陵二丁目,4,,,38.327187,140.912108,,,0,,,,0,,,4,3,1,1,,無,無,,,,,,
041009,000000000543,宮城県仙台市,住吉台西四丁目公園,スミヨシダイニシヨンチョウメコウエン,,041050,0013004,宮城県仙台市泉区住吉台西四丁目2-5,宮城県,仙台市,泉区住吉台西四丁目,2-5,,,38.331115,140.781377,,,3,2,1,,2,1,1,1,,1,1,,無,無,,,,,,
041009,000000000544,宮城県仙台市,高玉南公園,タカダマミナミコウエン,,041050,0032000,宮城県仙台市泉区高玉町9-1,宮城県,仙台市,泉区高玉町,9-1,,,38.318061,140.892221,,,2,1,1,,1,1,,1,,1,1,,有,無,,,,,,
041009,000000000545,宮城県仙台市,高森東公園,タカモリヒガシコウエン,,041050,0008006,宮城県仙台市泉区高森六丁目1-3,宮城県,仙台市,泉区高森六丁目,1-3,,,38.340124,140.851365,,,0,,,,0,,,2,1,1,1,,無,無,,,,,,
041009,000000000546,宮城県仙台市,長命ヶ丘公園,チョウメイガオカコウエン,,041050,0030005,宮城県仙台市泉区長命ケ丘五丁目14-2外,宮城県,仙台市,泉区長命ケ丘五丁目,14-2外,,,38.313502,140.834406,,,0,,,,0,,,3,2,1,1,,有,無,,,,,,
041009,000000000547,宮城県仙台市,長命館公園,チョウメイカンコウエン,,041050,0034002,宮城県仙台市泉区加茂二丁目20-4外,宮城県,仙台市,泉区加茂二丁目,20-4外,,,38.315873,140.857513,,,3,2,1,,2,1,1,1,,1,1,,有,無,,,,,,
041009,000000000548,宮城県仙台市,鶴が丘一丁目公園,ツルガオカイッチョウメコウエン,,041050,0038001,宮城県仙台市泉区鶴が丘一丁目5-43外,宮城県,仙台市,泉区鶴が丘一丁目,5-43外,,,38.318931,140.925641,,,4,3,1,,2,2,,0,,,,,無,無,,,,,,
041009,000000000549,宮城県仙台市,寺岡中央公園,テラオカチュウオウコウエン,,041050,0016002,宮城県仙台市泉区寺岡二丁目12-9外,宮城県,仙台市,泉区寺岡二丁目,12-9外,,,38.340439,140.83317,,,3,2,1,,2,2,,0,,,,,無,無,,,,,,
041009,000000000550,宮城県仙台市,七北田愛宕公園,ナナキタアタゴコウエン,,041050,0047171,宮城県仙台市泉区七北田字白水沢126,宮城県,仙台市,泉区七北田字白水沢,126,,,38.3281,140.888559,,,3,2,1,,1,1,,1,,1,1,,有,無,,,,,,
041009,000000000551,宮城県仙台市,南光台三丁目公園,ナンコウダイサンチョウメコウエン,,041050,0031003,宮城県仙台市泉区南光台三丁目1地内,宮城県,仙台市,泉区南光台三丁目,1地内,,,38.293631,140.889907,,,0,,,,2,2,,0,,,,,無,無,,,,,,
041009,000000000552,宮城県仙台市,虹の丘公園,ニジノオカコウエン,,041050,0010001,宮城県仙台市泉区虹の丘一丁目23-2外,宮城県,仙台市,泉区虹の丘一丁目,23-2外,,,38.30719,140.869582,,,0,,,,2,2,,0,,,,,無,無,,,,,,
041009,000000000553,宮城県仙台市,真美沢公園,マミサワコウエン,,041050,0019002,宮城県仙台市泉区旭丘堤二丁目1-590,宮城県,仙台市,泉区旭丘堤二丁目,1-590,,,38.304542,140.890121,,,4,1,3,,2,2,,0,,,,,無,無,,,,,,
041009,000000000554,宮城県仙台市,南中山公園,ミナミナカヤマコウエン,,041050,0014003,宮城県仙台市泉区南中山三丁目40-9外,宮城県,仙台市,泉区南中山三丁目,40-9外,,,38.314457,140.823554,,,0,,,,3,3,,0,,,,,無,無,,,,,,
041009,000000000555,宮城県仙台市,紫山公園,ムラサキヤマコウエン,,041050,0028005,宮城県仙台市泉区紫山五丁目12-2;12-3;12-4;12-5,宮城県,仙台市,泉区紫山五丁目,12-2;12-3;12-4;12-5,,,38.350422,140.824412,,,3,2,1,,2,2,,1,,1,1,,無,無,,,,,,
041009,000000000556,宮城県仙台市,八乙女中央公園,ヤオトメチュウオウコウエン,,041050,0004003,宮城県仙台市泉区八乙女三丁目13-7外,宮城県,仙台市,泉区八乙女三丁目,13-7外,,,38.308309,140.896129,,,3,2,1,,2,2,,1,,1,1,,無,無,,,,,,
041009,000000000557,宮城県仙台市,館さくら公園,ヤカタサクラコウエン,,041050,0017007,宮城県仙台市泉区館七丁目1-12,宮城県,仙台市,泉区館七丁目,1-12,,,38.313183,140.798407,,,3,2,1,,2,2,,0,,,,,無,無,,,,,,
041009,000000000558,宮城県仙台市,館中央公園,ヤカタチュウオウコウエン,,041050,0017006,宮城県仙台市泉区館六丁目17-2,宮城県,仙台市,泉区館六丁目,17-2,,,38.315796,140.798605,,,3,2,1,,2,2,,1,,1,1,,無,無,,,,,,
041009,000000000559,宮城県仙台市,青葉山公園,アオバヤマコウエン,,041017,0104000,宮城県仙台市青葉区川内1-2外,宮城県,仙台市,青葉区川内,1-2外,仙台城本丸跡・伊達政宗騎馬像西側,本丸広場（天守台）,38.2534,140.85585,,,8,6,,2,5,,5,1,,1,1,,有,無,09:00,17:00,,,,
041009,000000000560,宮城県仙台市,青葉山公園,アオバヤマコウエン,,041017,0104000,宮城県仙台市青葉区川内1-2外,宮城県,仙台市,青葉区川内,1-2外,,テニスコート北側,,,,,5,3,2,,3,3,,1,,1,1,,有,無,,,,,,
041009,000000000561,宮城県仙台市,青葉山公園,アオバヤマコウエン,,041017,0104000,宮城県仙台市青葉区川内1-2外,宮城県,仙台市,青葉区川内,1-2外,,テニスコート南側,,,,,5,3,2,,3,3,,0,,,,,無,無,,,,,,
041009,000000000562,宮城県仙台市,青葉山公園,アオバヤマコウエン,,041017,0104000,宮城県仙台市青葉区川内1-2外,宮城県,仙台市,青葉区川内,1-2外,,追廻地区,,,,,5,3,,2,3,,3,1,,1,1,,有,無,,,,,,
041009,000000000563,宮城県仙台市,元鍛治町公園,モトカジチョウコウエン,,041017,0009002,宮城県仙台市青葉区国分町二丁目9-13,宮城県,仙台市,青葉区国分町二丁目,9-13,,,,,,,3,2,1,,2,1,1,1,,1,1,,有,無,,,,,,
041009,000000000564,宮城県仙台市,なかの一丁目西公園,ナカンノイッチョウメニシコウエン,,041025,0025112,宮城県仙台市宮城野区福室字県道前58の一部外,宮城県,仙台市,宮城野区福室字県道前,58の一部外,,,,,,,1,,,,1,,,0,,,2,,無,無,,,,,,
041009,000000000565,宮城県仙台市,中山台西公園,ナカヤマダイニシコウエン,,041017,0033000,宮城県仙台市青葉区中山台西30-1外,宮城県,仙台市,青葉区中山台西,30-1外,,,,,,,2,1,,1,1,,1,1,,1,1,,有,無,,,,,,
041009,000000000566,宮城県仙台市,国見ヶ丘2号緑地,クニミガオカニゴウリョクチ,,041017,0046003,宮城県仙台市青葉区国見ケ丘三丁目74-3,宮城県,仙台市,青葉区国見ケ丘三丁目,74-3,,,,,,,2,1,1,,1,1,,1,,1,1,,有,無,,,,,,
041009,000000000567,宮城県仙台市,荒井三丁目公園,アライサンチョウメコウエン,,041033,0084003,宮城県仙台市若林区荒井三丁目7-6,宮城県,仙台市,若林区荒井三丁目,7-6,,,,,,,2,1,1,,1,1,,1,,1,1,,有,無,,,,,,
041009,000000000568,宮城県仙台市,荒井東1号公園,アライヒガシイチゴウコウエン,,041033,0089001,宮城県仙台市若林区荒井東一丁目7-1,宮城県,仙台市,若林区荒井東一丁目,7-1,,,,,,,2,1,,1,1,,1,1,,1,1,,有,無,,,,,,
041009,000000000569,宮城県仙台市,緑ヶ丘四丁目公園,ミドリガオカヨンチョウメコウエン,,041041,0018004,宮城県仙台市太白区緑ヶ丘四丁目25-4外,宮城県,仙台市,太白区緑ヶ丘四丁目,25-4外,,,,,,,3,2,,,2,,2,1,,1,2,,有,無,,,,,,
041009,000000000570,宮城県仙台市,鶴が丘公園,ツルガオカコウエン,,041050,0038003,宮城県仙台市泉区鶴が丘三丁目17-21,宮城県,仙台市,泉区鶴が丘三丁目,17-21,,,,,,,4,3,1,,2,2,,0,,,,,無,無,,,,,,
041009,000000000571,宮城県仙台市,水の森公園,ミズノモリコウエン,,041050,0005101,宮城野区仙台市泉区上谷刈字赤坂4外,宮城県,仙台市,泉区上谷刈字赤坂,4外,,,,,,,3,2,1,,2,1,1,1,,1,1,,有,無,,,,,,
041009,000000000572,宮城県仙台市,榴岡公園,ツツジガオカコウエン,,041025,0065005,宮城県仙台市宮城野区榴岡五丁目108-6,宮城県,仙台市,宮城野区榴岡五丁目,108-6,,南西部エントランス,,,,,3,2,1,,2,1,1,1,,1,1,,有,無,,,,,,
041009,000000000573,宮城県仙台市,榴岡公園,ツツジガオカコウエン,,041025,0065005,宮城県仙台市宮城野区榴岡五丁目108-6,宮城県,仙台市,宮城野区榴岡五丁目,108-6,,駐車場南側,,,,,5,1,1,,4,2,2,1,,1,1,,有,無,,,,,,
041009,000000000574,宮城県仙台市,榴岡公園,ツツジガオカコウエン,,041025,0065005,宮城県仙台市宮城野区榴岡五丁目108-6,宮城県,仙台市,宮城野区榴岡五丁目,108-6,,野外音楽堂南側,,,,,4,3,1,,3,3,,1,,1,1,,無,無,,,,,,
041009,000000000575,宮城県仙台市,榴岡公園,ツツジガオカコウエン,,041025,0065005,宮城県仙台市宮城野区榴岡五丁目108-6,宮城県,仙台市,宮城野区榴岡五丁目,108-6,,運動広場北側,,,,,4,3,,1,3,2,1,1,,1,1,,有,無,,,,,,
041009,000000000576,宮城県仙台市,榴岡公園,ツツジガオカコウエン,,041025,0065005,宮城県仙台市宮城野区榴岡五丁目108-6,宮城県,仙台市,宮城野区榴岡五丁目,108-6,,お花見広場北側,,,,,0,,,,0,,,1,1,,,,無,無,,,,,,
041009,000000000577,宮城県仙台市,榴岡公園,ツツジガオカコウエン,,041025,0065005,宮城県仙台市宮城野区榴岡五丁目108-6,宮城県,仙台市,宮城野区榴岡五丁目,108-6,,お花見広場南側,,,,,0,,,,0,,,1,1,,,,無,無,,,,,,
041009,000000000578,宮城県仙台市,大年寺山公園,ダイネンジコウエン,,041041,0010001,宮城県仙台市太白区茂ケ崎一丁目12-1外,宮城県,仙台市,太白区茂ヶ崎一丁目,12-1外,,野草園第二駐車場前,,,,,3,3,,,2,,2,1,,1,1,,有,無,,,,,,
041009,000000000579,宮城県仙台市,大年寺山公園,ダイネンジコウエン,,041041,0010001,宮城県仙台市太白区茂ケ崎一丁目12-1外,宮城県,仙台市,太白区茂ヶ崎一丁目,12-1外,,野草園芝生広場南側,,,,,4,3,1,,3,2,1,1,,1,1,,有,無,,,,,,
041009,000000000580,宮城県仙台市,大年寺山公園,ダイネンジコウエン,,041041,0010001,宮城県仙台市太白区茂ケ崎一丁目12-1外,宮城県,仙台市,太白区茂ヶ崎一丁目,12-1外,,バス停前,,,,,0,,,,0,,,2,1,1,1,,有,無,,,,,,
041009,000000000581,宮城県仙台市,大年寺山公園,ダイネンジコウエン,,041041,0010001,宮城県仙台市太白区茂ケ崎一丁目12-1外,宮城県,仙台市,太白区茂ヶ崎一丁目,12-1外,,彫刻広場南側,,,,,3,2,1,,2,2,,0,,,,,無,無,,,,,,
041009,000000000582,宮城県仙台市,七北田公園,ナナキタコウエン,,041050,0047129,宮城県仙台市泉区七北田字赤生津4外,宮城県,仙台市,泉区七北田字赤生津,4外,,泉が池東,,,,,5,3,2,,3,3,,1,,1,1,,無,無,,,,,,
041009,000000000583,宮城県仙台市,七北田公園,ナナキタコウエン,,041050,0047129,宮城県仙台市泉区七北田字赤生津4外,宮城県,仙台市,泉区七北田字赤生津,4外,,泉が池西,,,,,5,3,2,,3,3,,0,,,,,無,無,,,,,,
041009,000000000584,宮城県仙台市,七北田公園,ナナキタコウエン,,041050,0047129,宮城県仙台市泉区七北田字赤生津4外,宮城県,仙台市,泉区七北田字赤生津,4外,,湧水山西,,,,,5,3,2,,3,3,,0,,,,,無,無,,,,,,
041009,000000000585,宮城県仙台市,七北田公園,ナナキタコウエン,,041050,0047129,宮城県仙台市泉区七北田字赤生津4外,宮城県,仙台市,泉区七北田字赤生津,4外,,わんぱく広場北,,,,,5,3,2,,3,3,,0,,,,,無,無,,,,,,
041009,000000000751,宮城県仙台市,海岸公園（藤塚地区）,カイガンコウエン（フジツカチク）,Kaigan Park Fujitsuka,041033,0082000,宮城県仙台市若林区藤塚字松の西地内,宮城県,仙台市,若林区藤塚字松の西,地内,,西側,,,,,3,2,0,1,2,0,2,0,0,1,1,有,有,無,,,,,,
041009,000000000752,宮城県仙台市,広瀬川浄化センター屋上広場,ヒロセガワジョウカセンターオクジョウヒロバ,,041017,0032003,宮城県仙台市青葉区折立三丁目20-2,宮城県,仙台市,折立三丁目,20-2,,,38.265189,140.80698,,,3,2,1,0,2,1,1,0,0,0,1,有,無,無,,,,,,
041009,000000000586,宮城県仙台市,東六郷コミュニティ広場,ヒガシロクゴウコミュニティヒロバ,,041033,0081103,宮城県仙台市若林区種次字山王前2-6,宮城県,仙台市,若林区種次字山王前,2-6,,駐車場南側,,,,,3,2,,1,1,,,1,,,1,有,無,無,,,,,,
041009,000000000587,宮城県仙台市,八木山動物公園駅駐車場,ヤギヤマドウブツコウエンエキチュウシャジョウ,,041041,0071001,宮城県仙台市太白区八木山本町一丁目43,宮城県,仙台市,太白区八木山本町一丁目,43,,2階管理室横,38.24354,140.84188,,,3,2,,1,2,,2,,,,1,有,有,有,05:00,00:45,,,,
041009,000000000588,宮城県仙台市,八木山動物公園駅駐車場,ヤギヤマドウブツコウエンエキチュウシャジョウ,,041041,0071001,宮城県仙台市太白区八木山本町一丁目43,宮城県,仙台市,太白区八木山本町一丁目,43,,5階エレベーター横,38.24354,140.84188,,,3,2,,1,2,,2,,,,1,有,有,有,05:00,00:45,,,,
041009,000000000589,宮城県仙台市,仙台市消防局,センダイシショウボウキョク,Sendai City Fire Bureau,041017,0096000,宮城県仙台市青葉区堤通雨宮町2-15,宮城県,仙台市,青葉区堤通雨宮町,2-15,,1階階段横,38.275256,140.868567,階数,1,3,2,1,0,0,0,0,1,0,1,1,有,無,無,08:30,17:00,,,,
041009,000000000590,宮城県仙台市,仙台市泉岳自然ふれあい館,センダイシイズミガタケシゼンフレアイカン,,041050,0054123,宮城県仙台市泉区福岡字岳山9-8,宮城県,仙台市,泉区福岡字岳山,9-8,,,38.3909,140.71835,階数,1,6,4,0,2,3,0,3,1,0,1,1,有,有,有,09:00,17:00,,,,
041009,000000000591,宮城県仙台市,仙台市大倉ふるさとセンター,センダイシオオクラフルサトセンター,,041017,0114164,宮城県仙台市青葉区大倉字若林14-2,宮城県,仙台市,青葉区大倉字若林,14-2,,管理棟南東,38.33849,140.68596,階数,1,7,4,1,2,5,2,3,1,0,1,1,有,有,有,09:00,18:00,開館時間に利用できます。,,,
041009,000000000592,宮城県仙台市,せんだいメディアテーク,センダイメディアテーク,,041017,0026000,宮城県仙台市青葉区春日町2-1,宮城県,仙台市,青葉区春日町,2-1,,地下1階南側エレベーター付近,38.26545,140.8657,階数,-1,0,0,0,0,0,0,0,0,0,0,2,有,無,無,09:00,22:00,,,,
041009,000000000593,宮城県仙台市,せんだいメディアテーク,センダイメディアテーク,,041017,0026000,宮城県仙台市青葉区春日町2-1,宮城県,仙台市,青葉区春日町,2-1,,1階南側エレベーター付近,38.26545,140.8657,階数,1,6,4,1,1,11,2,9,0,0,0,2,有,有,無,09:00,22:00,,,,
041009,000000000594,宮城県仙台市,せんだいメディアテーク,センダイメディアテーク,,041017,0026000,宮城県仙台市青葉区春日町2-1,宮城県,仙台市,青葉区春日町,2-1,,2階エスカレーター付近,38.26545,140.8657,階数,2,5,3,0,2,4,0,4,0,0,0,2,有,無,有,09:00,18:00,図書館開館時間に利用できます。,,,
041009,000000000595,宮城県仙台市,せんだいメディアテーク,センダイメディアテーク,,041017,0026000,宮城県仙台市青葉区春日町2-1,宮城県,仙台市,青葉区春日町,2-1,,3階北側,38.26545,140.8657,階数,3,4,3,0,1,3,0,3,0,0,0,2,有,無,無,09:00,18:00,図書館開館時間に利用できます。,,,
041009,000000000596,宮城県仙台市,せんだいメディアテーク,センダイメディアテーク,,041017,0026000,宮城県仙台市青葉区春日町2-1,宮城県,仙台市,青葉区春日町,2-1,,5階北側,38.26545,140.8657,階数,5,6,5,0,1,4,0,4,0,0,0,2,有,無,無,09:00,17:00,ギャラリー開館時間に利用できます。,,,
041009,000000000597,宮城県仙台市,せんだいメディアテーク,センダイメディアテーク,,041017,0026000,宮城県仙台市青葉区春日町2-1,宮城県,仙台市,青葉区春日町,2-1,,6階北側,38.26545,140.8657,階数,6,4,3,0,1,3,0,3,0,0,0,2,有,無,無,09:00,17:00,ギャラリー開館時間に利用できます。,,,
041009,000000000598,宮城県仙台市,せんだいメディアテーク,センダイメディアテーク,,041017,0026000,宮城県仙台市青葉区春日町2-1,宮城県,仙台市,青葉区春日町,2-1,,,38.26545,140.8657,階数,7,7,5,0,2,6,0,6,0,0,0,2,有,無,無,09:00,22:00,,,,
041009,000000000599,宮城県仙台市,仙台市天文台,センダイシテンモンダイ,,041017,0062009,宮城県仙台市青葉区錦ケ丘九丁目29-32,宮城県,仙台市,青葉区錦ケ丘九丁目,29-32,,1-1トイレ（観測棟1F）,38.256890,140.755350,階数,1,3,2,0,1,2,0,2,0,0,0,1,有,無,有,09:00,17:00,土曜日は21:30まで,,,
041009,000000000600,宮城県仙台市,仙台市天文台,センダイシテンモンダイ,,041017,0062009,宮城県仙台市青葉区錦ケ丘九丁目29-32,宮城県,仙台市,青葉区錦ケ丘九丁目,29-32,,1-2トイレ（1Fプラネタリウム脇),38.256890,140.755350,階数,1,9,6,0,3,7,0,7,0,0,0,1,有,無,無,09:00,17:00,土曜日は21:30まで,,,
041009,000000000601,宮城県仙台市,仙台市天文台,センダイシテンモンダイ,,041017,0062009,宮城県仙台市青葉区錦ケ丘九丁目29-33,宮城県,仙台市,青葉区錦ケ丘九丁目,29-32,,1-3トイレ（管理棟1F）,38.256890,140.755350,階数,1,4,2,0,2,2,0,2,0,0,0,1,有,無,無,09:00,17:00,土曜日は21:30まで,,,
041009,000000000602,宮城県仙台市,仙台市天文台,センダイシテンモンダイ,,041017,0062009,宮城県仙台市青葉区錦ケ丘九丁目29-34,宮城県,仙台市,青葉区錦ケ丘九丁目,29-32,,2-1トイレ（観測棟2F）,38.256890,140.755350,階数,2,3,2,0,1,1,0,1,0,0,0,1,有,無,無,09:00,17:00,土曜日は21:30まで,,,
041009,000000000603,宮城県仙台市,仙台市天文台,センダイシテンモンダイ,,041017,0062009,宮城県仙台市青葉区錦ケ丘九丁目29-35,宮城県,仙台市,青葉区錦ケ丘九丁目,29-32,,2-2トイレ（管理棟2F),38.256890,140.755350,階数,2,3,2,0,1,1,0,1,0,0,0,0,無,無,無,09:00,17:00,土曜日は21:30まで,,,
041009,000000000604,宮城県仙台市,仙台市天文台,センダイシテンモンダイ,,041017,0062009,宮城県仙台市青葉区錦ケ丘九丁目29-36,宮城県,仙台市,青葉区錦ケ丘九丁目,29-32,,3-1トイレ（観測棟3F),38.256890,140.755350,階数,3,4,3,0,1,2,0,2,0,0,0,1,有,無,無,09:00,17:00,土曜日は21:30まで,,,
041009,000000000605,宮城県仙台市,地底の森ミュージアム,チテイノモリミュージアム,,041041,0023004,宮城県仙台市太白区長町南四丁目3-1,宮城県,仙台市,太白区長町南四丁目,3-1,,北西側来客用駐車場内,38.22312,140.87255,,,3,2,1,0,2,2,0,1,,1,1,有,無,無,09:00,16:45,休館日不可,,,
041009,000000000606,宮城県仙台市,縄文の森広場,ジョウモンノモリヒロバ,,041041,0056000,宮城県仙台市太白区山田上ノ台町10-1,宮城県,仙台市,太白区山田上ノ台町,10-1,仙台市縄文の森広場ガイダンス施設,施設１階東側,38.21892,140.83284,,,6,4,1,1,4,1,3,1,,,1,有,無,,09:00,16:45,休館日は利用不可（月曜日（休日にあたる日を除く）、休日の翌日（休日または土・日曜日にあたる日を除く）、毎月第4木曜日（休日及び12月を除く）、年末年始（12月28日～1月4日）,,,
041009,000000000607,宮城県仙台市,仙台市博物館,センダイシハクブツカン,sendai_cty_museum,041017,0104000,宮城県仙台市青葉区川内26仙台城三の丸跡,宮城県,仙台市,青葉区川内,26,仙台城三の丸跡,１階中央階段下,38.25618,140.85655,階数,1,6,4,0,2,7,0,7,1,0,1,1,有,無,有,09:00,16:45,開館時間に利用できます。,,,
041009,000000000610,宮城県仙台市,仙台市博物館,センダイシハクブツカン,sendai_cty_museum,041017,0104000,宮城県仙台市青葉区川内26仙台城三の丸跡,宮城県,仙台市,青葉区川内,26,仙台城三の丸跡,２階レストラン横,38.25618,140.85655,階数,2,3,2,0,1,1,0,1,0,0,0,0,無,無,無,09:00,16:45,開館時間に利用できます。,,,
041009,000000000611,宮城県仙台市,HOKUSHU仙台市科学館,ホクシュウセンダイシカガクカン,Sendai Science Museum,041017,0103000,宮城県仙台市青葉区台原森林公園4-1,宮城県,仙台市,青葉区台原森林公園,4-1,,1階エレベーター横,38.29906,140.8833,階数,1,7,4,2,1,4,3,1,0,0,0,1,有,無,無,09:00,16:45,,,,
041009,000000000612,宮城県仙台市,HOKUSHU仙台市科学館,ホクシュウセンダイシカガクカン,Sendai Science Museum,041017,0103000,宮城県仙台市青葉区台原森林公園4-1,宮城県,仙台市,青葉区台原森林公園,4-1,,2階エレベーター横,38.29906,140.8833,階数,2,7,4,1,2,4,1,3,0,0,0,1,有,有,無,09:00,16:45,,,,
041009,000000000613,宮城県仙台市,HOKUSHU仙台市科学館,ホクシュウセンダイシカガクカン,Sendai Science Museum,041017,0103000,宮城県仙台市青葉区台原森林公園4-1,宮城県,仙台市,青葉区台原森林公園,4-1,,2階北側,38.29906,140.8833,階数,2,8,4,2,2,4,1,3,0,0,0,0,無,無,無,09:00,16:45,,,,
041009,000000000614,宮城県仙台市,HOKUSHU仙台市科学館,ホクシュウセンダイシカガクカン,Sendai Science Museum,041017,0103000,宮城県仙台市青葉区台原森林公園4-1,宮城県,仙台市,青葉区台原森林公園,4-1,,3階エレベーター横,38.29906,140.8833,階数,3,7,4,1,2,3,1,2,0,0,0,1,有,有,無,09:00,16:45,,,,
041009,000000000615,宮城県仙台市,HOKUSHU仙台市科学館,ホクシュウセンダイシカガクカン,Sendai Science Museum,041017,0103000,宮城県仙台市青葉区台原森林公園4-1,宮城県,仙台市,青葉区台原森林公園,4-1,,4階エレベーター横,38.29906,140.8833,階数,4,7,4,1,2,3,1,2,0,0,0,1,有,有,無,09:00,16:45,,,,
041009,000000000616,宮城県仙台市,仙台市泉図書館,センダイシイズミトショカン,Sendai City Izumi Library,041050,0026001,宮城県仙台市泉区泉中央一丁目8-6,宮城県,仙台市,泉区泉中央一丁目,8-6,,1階,38.32262,140.88139,,,6,4,0,2,3,2,1,0,0,0,1,有,無,無,09:30,19:00,土日祝日は9:30から17:00までとなります。,,,
041009,000000000617,宮城県仙台市,仙台市泉図書館,センダイシイズミトショカン,Sendai City Izumi Library,041050,0026001,宮城県仙台市泉区泉中央一丁目8-6,宮城県,仙台市,泉区泉中央一丁目,8-6,,2階,38.32262,140.88139,,,6,4,0,2,3,0,1,0,0,0,1,有,無,無,09:30,19:00,土日祝日は9:30から17:00までとなります。,,,
041009,000000000618,宮城県仙台市,仙台市泉図書館,センダイシイズミトショカン,Sendai City Izumi Library,041050,0026001,宮城県仙台市泉区泉中央一丁目8-6,宮城県,仙台市,泉区泉中央一丁目,8-6,,3階,38.32262,140.88139,,,4,2,1,1,5,4,1,0,0,0,1,有,有,無,09:30,19:00,土日祝日は9:30から17:00までとなります。,,,
041009,000000000619,宮城県仙台市,水道局本庁舎,スイドウキョクホンチョウシャ,,041041,0050000,宮城県仙台市太白区南大野田29-1仙台市水道局本庁舎,宮城県,仙台市,太白区南大野田,29-1,仙台市水道局本庁舎,1階東側,38.209290,140.873220,,,1,3,0,2,1,0,2,1,,1,1,有,,無,08:30,17:00,土日祝日及び年末年始を除く,,,
041009,000000000620,宮城県仙台市,水道局本庁舎,スイドウキョクホンチョウシャ,,041041,0050000,宮城県仙台市太白区南大野田29-1仙台市水道局本庁舎,宮城県,仙台市,太白区南大野田,29-1,仙台市水道局本庁舎,1階西側,,,,,1,2,1,0,1,1,0,,,,,,,,08:30,17:00,土日祝日及び年末年始を除く,,,
041009,000000000621,宮城県仙台市,水道局本庁舎,スイドウキョクホンチョウシャ,,041041,0050000,宮城県仙台市太白区南大野田29-1仙台市水道局本庁舎,宮城県,仙台市,太白区南大野田,29-1,仙台市水道局本庁舎,2階東側,,,,,1,3,0,2,1,0,2,1,,1,1,有,,,08:30,17:00,土日祝日及び年末年始を除く,,,
041009,000000000622,宮城県仙台市,水道局本庁舎,スイドウキョクホンチョウシャ,,041041,0050000,宮城県仙台市太白区南大野田29-1仙台市水道局本庁舎,宮城県,仙台市,太白区南大野田,29-1,仙台市水道局本庁舎,2階西側,,,,,1,2,1,0,1,1,0,,,,,,,,08:30,17:00,土日祝日及び年末年始を除く,,,
041009,000000000623,宮城県仙台市,水道局本庁舎,スイドウキョクホンチョウシャ,,041041,0050000,宮城県仙台市太白区南大野田29-1仙台市水道局本庁舎,宮城県,仙台市,太白区南大野田,29-1,仙台市水道局本庁舎,3階東側,,,,,1,3,1,1,1,1,1,,,,,,,,08:30,17:00,土日祝日及び年末年始を除く,,,
041009,000000000624,宮城県仙台市,水道局本庁舎,スイドウキョクホンチョウシャ,,041041,0050000,宮城県仙台市太白区南大野田29-1仙台市水道局本庁舎,宮城県,仙台市,太白区南大野田,29-1,仙台市水道局本庁舎,4階東側,,,,,1,3,1,1,1,1,1,,,,,,,,08:30,17:00,土日祝日及び年末年始を除く,,,
041009,000000000625,宮城県仙台市,水道局本庁舎,スイドウキョクホンチョウシャ,,041041,0050000,宮城県仙台市太白区南大野田29-1仙台市水道局本庁舎,宮城県,仙台市,太白区南大野田,29-1,仙台市水道局本庁舎,5階東側,,,,,1,3,1,1,1,1,1,,,,,,,,08:30,17:00,土日祝日及び年末年始を除く,,,
041009,000000000626,宮城県仙台市,水道局本庁舎,スイドウキョクホンチョウシャ,,041041,0050000,宮城県仙台市太白区南大野田29-1仙台市水道局本庁舎,宮城県,仙台市,太白区南大野田,29-1,仙台市水道局本庁舎,附属棟2階,,,,,1,2,0,2,1,0,2,,,,,,,,08:30,17:00,土日祝日及び年末年始を除く,,,
041009,000000000627,宮城県仙台市,水道記念館,スイドウキネンカン,,041017,0116112,宮城県仙台市青葉区熊ケ根字大原道地内,宮城県,仙台市,青葉区熊ケ根字大原道,地内,,水道記念館1F,38.299340,140.694120,,,5,3,0,2,4,0,4,0,0,0,1,有,有,無,09:30,16:00,,,,
041009,000000000628,宮城県仙台市,交通局庁舎,コウツウキョクチョウシャ,,041017,0060001,宮城県仙台市青葉区木町通一丁目4-15,宮城県,仙台市,青葉区木町通一丁目,4-15,,1階,38.269304,140.862562,階数,1階,2,3,1,1,2,1,1,0,0,0,1,有,無,無,08:30,17:00,土日祝日、年末年始使用不可,,,
041009,000000000629,宮城県仙台市,川内営業所,カワウチエイギョウショ,,041017,0109107,宮城県仙台市青葉区荒巻字三居沢1,宮城県,仙台市,青葉区荒巻字三居沢,1,,営業所管理棟１階,38.26766,140.84089,,,0,0,0,0,0,0,0,0,0,0,1,有,有,無,08:30,19:00,,,,
041009,000000000630,宮城県仙台市,旭ケ丘バスターミナル,アサヒガオカバスターミナル,,041017,0092003,宮城県仙台市青葉区旭ケ丘三丁目25-15,宮城県,仙台市,青葉区旭ケ丘三丁目,25-15,,地下１階,38.29557,140.884136,,,7,5,1,1,1,2,1,0,0,0,1,有,有,有,05:15,22:45,平日は24時まで,,,
041009,000000000631,宮城県仙台市,実沢営業所,サネザワエイギョウショ,,041050,0050126,宮城県仙台市泉区実沢字宮西8,宮城県,仙台市,泉区実沢字宮西,8,,営業所１階待合室,38.32725,140.81566,,,1,1,0,0,0,0,0,1,1,0,0,無,無,無,08:30,19:00,,,,
041009,000000000632,宮城県仙台市,長町営業所,ナガマチエイギョウショ,,041041,0007005,宮城県仙台市太白区長町五丁目8-18,宮城県,仙台市,太白区長町五丁目,8-18,,営業所管理棟１階スロープ付近,38.22905,140.8824,,,0,0,0,0,0,0,0,0,0,0,1,有,有,無,08:30,19:00,,,,
041009,000000000633,宮城県仙台市,東仙台営業所,ヒガシセンダイエイギョウショ,,041025,0033001,宮城県仙台市宮城野区燕沢一丁目27-10,宮城県,仙台市,宮城野区燕沢一丁目,27-10,,営業所管理棟１階,38.28295,140.92468,,,10,4,4,2,2,1,1,0,0,0,0,無,無,無,08:30,19:00,,,,
041009,000000000634,宮城県仙台市,霞の目営業所,カスミノメエイギョウショ,,041033,0063000,宮城県仙台市若林区かすみ町9-1,宮城県,仙台市,若林区かすみ町,9-1,,営業所１階待合室,38.2404,140.92065,,,1,0,0,1,1,0,1,0,0,0,1,有,有,無,08:30,19:00,,,,
041009,000000000635,宮城県仙台市,白沢出張所,シラサワシュッチョウジョ,,041017,0111110,宮城県仙台市青葉区上愛子字下十三枚田30-1,宮城県,仙台市,青葉区上愛子字下十三枚田,30-1,,営業所管理棟１階公衆電話側,38.27541,140.71397,,,2,2,0,0,0,0,0,1,1,0,0,無,無,無,08:30,19:00,,,,
041009,000000000636,宮城県仙台市,泉中央駅,イズミチュウオウエキ,Izumi-chuo station,041050,0026001,宮城県仙台市泉区泉中央一丁目7-1,宮城県,仙台市,泉区泉中央一丁目,7-1,,東1出入口横,38.324499,140.880871,階数,1,10,6,,4,4,,4,,,,1,有,有,有,,,始発から終電まで,https://www.kotsu.city.sendai.jp/subway/setsubi.html,,
041009,000000000637,宮城県仙台市,八乙女駅,ヤオトメエキ,Yaotome station,041050,0006001,宮城県仙台市泉区八乙女中央一丁目4-10,宮城県,仙台市,泉区八乙女中央一丁目,4-10,,きっぷうりば横,38.314038,140.886500,階数,2,8,5,,3,4,,4,,,,1,有,有,有,,,始発から終電まで,https://www.kotsu.city.sendai.jp/subway/setsubi.html,,
041009,000000000638,宮城県仙台市,黒松駅,クロマツエキ,Kuromatsu station,041050,0019002,宮城県仙台市泉区旭丘堤二丁目22-1,宮城県,仙台市,泉区旭丘堤二丁目,22-1,,きっぷうりば横,38.303406,140.886904,階数,1,5,3,,2,3,,3,,,,1,有,有,有,,,始発から終電まで,https://www.kotsu.city.sendai.jp/subway/setsubi.html,,
041009,000000000639,宮城県仙台市,旭ヶ丘駅,アサヒガオカエキ,Asahigaoka station,041017,0092003,宮城県仙台市青葉区旭ケ丘三丁目2-15,宮城県,仙台市,青葉区旭ケ丘三丁目,25-15,,改札口前,38.295275,140.883646,階数,-1,8,5,,3,6,,6,,,,1,有,有,有,,,始発から終電まで,https://www.kotsu.city.sendai.jp/subway/setsubi.html,,
041009,000000000640,宮城県仙台市,台原駅,ダイノハラエキ,Dainohara station,041017,0103000,宮城県仙台市青葉区台原森林公園1-1先,宮城県,仙台市,青葉区台原森林公園,1-1,,南2出入口横,38.289385,140.878711,階数,-1,7,4,,3,6,,6,,,,1,有,有,有,,,始発から終電まで,https://www.kotsu.city.sendai.jp/subway/setsubi.html,,
041009,000000000641,宮城県仙台市,北仙台駅,キタセンダイエキ,Kita-Sendai station,041017,0057000,宮城県仙台市青葉区昭和町6-6先,宮城県,仙台市,青葉区昭和町,6-6,,北1出入口横,38.282400,140.868528,階数,-1,8,5,,3,5,,5,,,,1,有,有,有,,,始発から終電まで,https://www.kotsu.city.sendai.jp/subway/setsubi.html,,
041009,000000000642,宮城県仙台市,北四番丁駅,キタヨバンチョウエキ,Kita-Yobancho station,041017,0078000,宮城県仙台市青葉区二日町13-22先,宮城県,仙台市,青葉区二日町,13-22,,南2出入口横,38.272191,140.869141,階数,-1,8,5,,3,3,,3,,,,1,有,有,有,,,始発から終電まで,https://www.kotsu.city.sendai.jp/subway/setsubi.html,,
041009,000000000643,宮城県仙台市,勾当台公園駅,コウトウダイコウエンエキ,Kotodai-koen station,041017,0061003,宮城県仙台市青葉区本町三丁目9-2先,宮城県,仙台市,青葉区本町三丁目,9-2,,公園1出入口横,38.266405,140.871379,階数,-1,11,8,,3,4,,4,,,,1,有,有,有,,,始発から終電まで,https://www.kotsu.city.sendai.jp/subway/setsubi.html,,
041009,000000000644,宮城県仙台市,広瀬通駅,ヒロセドオリエキ,Hirose-dori station,041017,0035002,宮城県仙台市青葉区中央二丁目10-22先,宮城県,仙台市,青葉区中央二丁目,10-22,,きっぷうりば横,38.262950,140.875546,階数,-1,7,4,,3,5,,5,,,,1,有,有,有,,,始発から終電まで,https://www.kotsu.city.sendai.jp/subway/setsubi.html,,
041009,000000000645,宮城県仙台市,仙台駅,センダイエキ,Sendai station,041017,0035001,宮城県仙台市青葉区中央一丁目10-10先,宮城県,仙台市,青葉区中央一丁目,10-10,,北6出入口横,38.260170,140.882513,階数,-1,11,8,,3,6,,6,,,,1,有,有,有,,,始発から終電まで,https://www.kotsu.city.sendai.jp/subway/setsubi.html,,
041009,000000000646,宮城県仙台市,五橋駅,イツツバシエキ,Itsutsubashi station,041017,0050002,宮城県仙台市青葉区五橋二丁目1-10先,宮城県,仙台市,青葉区五橋二丁目,1-10,,きっぷうりば横,38.252172,140.881238,階数,-1,7,4,,3,4,,4,,,,1,有,有,有,,,始発から終電まで,https://www.kotsu.city.sendai.jp/subway/setsubi.html,,
041009,000000000647,宮城県仙台市,愛宕橋駅,アタゴバシエキ,Atago-bashi station,041033,0005001,宮城県仙台市若林区土樋一丁目11-10先,宮城県,仙台市,若林区土樋一丁目,11-10,,きっぷうりば横,38.247399,140.881831,階数,-1,5,3,,2,3,,3,,,,1,有,有,有,,,始発から終電まで,https://www.kotsu.city.sendai.jp/subway/setsubi.html,,
041009,000000000648,宮城県仙台市,河原町駅,カワラマチエキ,Kawaramachi station,041033,0044001,宮城県仙台市若林区河原町一丁目5-10先,宮城県,仙台市,若林区河原町一丁目,5-10,,きっぷうりば横,38.241231,140.887713,階数,-1,6,4,,2,4,,4,,,,1,有,有,有,,,始発から終電まで,https://www.kotsu.city.sendai.jp/subway/setsubi.html,,
041009,000000000649,宮城県仙台市,長町一丁目駅,ナガマチイッチョウメエキ,Nagamachi-Itchome station,041041,0007001,宮城県仙台市太白区長町一丁目2-12先,宮城県,仙台市,太白区長町一丁目,2-12,,きっぷうりば横,38.234287,140.887492,階数,-1,5,3,,2,3,,3,,,,1,有,有,有,,,始発から終電まで,https://www.kotsu.city.sendai.jp/subway/setsubi.html,,
041009,000000000650,宮城県仙台市,長町駅,ナガマチエキ,Nagamachi station,041041,0007005,宮城県仙台市太白区長町五丁目1-15先,宮城県,仙台市,太白区長町五丁目,1-15,,きっぷうりば横,38.226843,140.885582,階数,-1,6,3,,3,3,,3,,,,1,有,有,有,,,始発から終電まで,https://www.kotsu.city.sendai.jp/subway/setsubi.html,,
041009,000000000651,宮城県仙台市,長町南駅,ナガマチミナミエキ,Nagamachi-minami station,041041,0023003,宮城県仙台市太白区長町南三丁目1-60先,宮城県,仙台市,太白区長町南三丁目,1-60,,定期券発売所横,38.224671,140.876571,階数,-1,8,5,,3,4,,4,,,,1,有,有,有,,,始発から終電まで,https://www.kotsu.city.sendai.jp/subway/setsubi.html,,
041009,000000000652,宮城県仙台市,富沢駅,トミザワエキ,Tomizawa station,041041,0026004,宮城県仙台市太白区富沢四丁目2-22,宮城県,仙台市,太白区富沢四丁目,2-22,,西1出入口横,38.214476,140.870783,階数,1,7,4,,3,4,,4,,,,1,有,有,有,,,始発から終電まで,https://www.kotsu.city.sendai.jp/subway/setsubi.html,,
041009,000000000653,宮城県仙台市,八木山動物公園駅,ヤギヤマドウブツコウエンエキ,Yagiyama Zoological Park station,041041,0071001,宮城県仙台市太白区八木山本町一丁目43内,宮城県,仙台市,太白区八木山本町一丁目,43内,,きっぷうりば横,38.243285,140.843731,階数,-2,7,4,1,2,4,1,3,,,,2,有,有,有,,,始発から終電まで,https://www.kotsu.city.sendai.jp/subway/setsubi.html,,
041009,000000000654,宮城県仙台市,青葉山駅,アオバヤマエキ,Aobayama station,041017,0109101,宮城県仙台市青葉区荒巻字青葉468-39,宮城県,仙台市,青葉区荒巻字青葉,468-39,,きっぷうりば横,38.255691,140.835612,階数,-1,6,3,1,2,3,1,2,,,,2,有,有,有,,,始発から終電まで,https://www.kotsu.city.sendai.jp/subway/setsubi.html,,
041009,000000000655,宮城県仙台市,川内駅,カワウチエキ,Kawauchi station,041017,0104000,宮城県仙台市青葉区川内42,宮城県,仙台市,青葉区川内,42,,北1出入口横,38.260737,140.850217,階数,-2,6,3,1,2,3,1,2,,,,2,有,有,有,,,始発から終電まで,https://www.kotsu.city.sendai.jp/subway/setsubi.html,,
041009,000000000656,宮城県仙台市,国際センター駅,コクサイセンターエキ,International Center station,041017,0054000,宮城県仙台市青葉区青葉山2-6,宮城県,仙台市,青葉区青葉山,2-6,,東1出入口横,38.260267,140.856753,階数,1,6,3,1,2,3,1,2,,,,2,有,有,有,,,始発から終電まで,https://www.kotsu.city.sendai.jp/subway/setsubi.html,,
041009,000000000657,宮城県仙台市,大町西公園駅,オオマチニシコウエンエキ,Omachi Nishi-koen station,041017,0003002,宮城県仙台市青葉区大町二丁目3-14先,宮城県,仙台市,青葉区大町二丁目,3-14先,,コンコース東側,38.259057,140.863843,階数,-1,7,4,1,2,4,1,3,,,,2,有,有,有,,,始発から終電まで,https://www.kotsu.city.sendai.jp/subway/setsubi.html,,
041009,000000000658,宮城県仙台市,青葉通一番町駅,アオバドオリイチバンチョウエキ,Aoba-dori Ichibancho station,041017,0034003,宮城県仙台市青葉区一番町三丁目3-2先,宮城県,仙台市,青葉区一番町三丁目,3-2先,,コンコース西側,38.259667,140.872225,階数,-2,7,4,1,2,4,1,3,,,,2,有,有,有,,,始発から終電まで,https://www.kotsu.city.sendai.jp/subway/setsubi.html,,
041009,000000000659,宮城県仙台市,宮城野通駅,ミヤギノドオリエキ,Miyagino-dori station,041025,0065004,宮城県仙台市宮城野区榴岡四丁目6-1先,宮城県,仙台市,宮城野区榴岡四丁目,6-1先,,南1出入口横,38.258438,140.885879,階数,-1,6,3,1,2,3,1,2,,,,2,有,有,有,,,始発から終電まで,https://www.kotsu.city.sendai.jp/subway/setsubi.html,,
041009,000000000660,宮城県仙台市,連坊駅,レンボウエキ,Rembo station,041033,0037002,宮城県仙台市若林区連坊二丁目319-5先,宮城県,仙台市,若林区連坊二丁目,319-5先,,東1出入口横,38.251151,140.893154,階数,-1,6,3,1,2,3,1,2,,,,2,有,有,有,,,始発から終電まで,https://www.kotsu.city.sendai.jp/subway/setsubi.html,,
041009,000000000661,宮城県仙台市,薬師堂駅,ヤクシドウエキ,Yakushido station,041033,0050000,宮城県仙台市若林区白萩町401-2先,宮城県,仙台市,若林区白萩町,401-2先,,北1出入口横,38.249608,140.906016,階数,-1,6,3,1,2,3,1,2,,,,2,有,有,有,,,始発から終電まで,https://www.kotsu.city.sendai.jp/subway/setsubi.html,,
041009,000000000662,宮城県仙台市,卸町駅,オロシマチエキ,Oroshimachi station,041033,0049001,宮城県仙台市若林区卸町一丁目1-7先,宮城県,仙台市,若林区卸町一丁目,1-7先,,北1出入口横,38.251594,140.920562,階数,-1,6,3,1,2,3,1,2,,,,2,有,有,有,,,始発から終電まで,https://www.kotsu.city.sendai.jp/subway/setsubi.html,,
041009,000000000663,宮城県仙台市,六丁の目駅,ロクチョウノメエキ,Rokuchonome station,041033,0068000,宮城県仙台市若林区六丁の目中町1-34先,宮城県,仙台市,若林区六丁の目中町,1-34先,,北1出入口横,38.250952,140.935575,階数,-1,6,3,1,2,3,1,2,,,,2,有,有,有,,,始発から終電まで,https://www.kotsu.city.sendai.jp/subway/setsubi.html,,
041009,000000000664,宮城県仙台市,荒井駅,アライエキ,Arai station,041033,0084112,宮城県仙台市若林区荒井字沓形85-4,宮城県,仙台市,若林区荒井字沓形,85-4,,北1出入口横,38.244942,140.948384,階数,1,6,3,1,2,3,1,2,,,,2,有,有,有,,,始発から終電まで,https://www.kotsu.city.sendai.jp/subway/setsubi.html,,
041009,000000000665,宮城県仙台市,仙台駅,センダイエキ,Sendai station,041017,0035001,宮城県仙台市青葉区中央一丁目10-10先,宮城県,仙台市,青葉区中央一丁目,10-10先,,南改札口きっぷうりば横,38.260170,140.882513,階数,-1,11,7,,4,6,,6,,,,1,有,有,有,,,始発から終電まで,https://www.kotsu.city.sendai.jp/subway/setsubi.html,,
041009,000000000666,宮城県仙台市,仙台駅,センダイエキ,Sendai station,041017,0035001,宮城県仙台市青葉区中央一丁目10-10先,宮城県,仙台市,青葉区中央一丁目,10-10先,,乗車券発売所横,38.260170,140.882513,階数,-1,6,3,1,2,3,1,2,,,,2,有,有,有,,,始発から終電まで,https://www.kotsu.city.sendai.jp/subway/setsubi.html,,
041009,000000000667,宮城県仙台市,仙台駅,センダイエキ,Sendai station,041017,0035001,宮城県仙台市青葉区中央一丁目10-10先,宮城県,仙台市,青葉区中央一丁目,10-10先,,西1出入口横,38.260170,140.882513,階数,-1,4,2,,2,2,,2,,,,1,有,有,有,,,始発から終電まで,https://www.kotsu.city.sendai.jp/subway/setsubi.html,,
041009,000000000668,宮城県仙台市,ガス局（幸町）庁舎,ガスキョク（サイワイチョウ）チョウシャ,,041025,0021005,宮城県仙台市宮城野区幸町五丁目13-1,宮城県,仙台市,宮城野区幸町五丁目,13-1,,東庁舎：地下１階,38.27372,140.90699,,,5,3,1,1,3,1,2,0,0,0,0,無,無,無,08:30,17:00,開庁日に限る,,,
041009,000000000669,宮城県仙台市,ガス局（幸町）庁舎,ガスキョク（サイワイチョウ）チョウシャ,,041025,0021005,宮城県仙台市宮城野区幸町五丁目13-1,宮城県,仙台市,宮城野区幸町五丁目,13-1,,東庁舎：１階,38.27372,140.90699,,,5,3,1,1,3,1,2,0,0,0,0,無,無,無,08:30,17:00,開庁日に限る,,,
041009,000000000670,宮城県仙台市,ガス局（幸町）庁舎,ガスキョク（サイワイチョウ）チョウシャ,,041025,0021005,宮城県仙台市宮城野区幸町五丁目13-1,宮城県,仙台市,宮城野区幸町五丁目,13-1,,東庁舎：２階,38.27372,140.90699,,,5,3,1,1,3,1,2,0,0,0,0,無,無,無,08:30,17:00,開庁日に限る,,,
041009,000000000671,宮城県仙台市,ガス局（幸町）庁舎,ガスキョク（サイワイチョウ）チョウシャ,,041025,0021005,宮城県仙台市宮城野区幸町五丁目13-1,宮城県,仙台市,宮城野区幸町五丁目,13-1,,東庁舎：３階,38.27372,140.90699,,,5,3,1,1,3,1,2,0,0,0,0,無,無,無,08:30,17:00,開庁日に限る,,,
041009,000000000672,宮城県仙台市,ガス局（幸町）庁舎,ガスキョク（サイワイチョウ）チョウシャ,,041025,0021005,宮城県仙台市宮城野区幸町五丁目13-1,宮城県,仙台市,宮城野区幸町五丁目,13-1,,東庁舎：４階,38.27372,140.90699,,,5,3,1,1,3,1,2,0,0,0,0,無,無,無,08:30,17:00,開庁日に限る,,,
041009,000000000673,宮城県仙台市,ガス局（幸町）庁舎,ガスキョク（サイワイチョウ）チョウシャ,,041025,0021005,宮城県仙台市宮城野区幸町五丁目13-1,宮城県,仙台市,宮城野区幸町五丁目,13-1,,東庁舎：５階,38.27372,140.90699,,,5,3,1,1,3,1,2,0,0,0,0,無,無,無,08:30,17:00,開庁日に限る,,,
041009,000000000674,宮城県仙台市,ガス局（幸町）庁舎,ガスキョク（サイワイチョウ）チョウシャ,,041025,0021005,宮城県仙台市宮城野区幸町五丁目13-1,宮城県,仙台市,宮城野区幸町五丁目,13-1,,西庁舎：１階,38.27372,140.90699,,,4,2,0,2,2,0,2,0,0,0,1,有,有,有,08:30,17:00,開庁日に限る,,,
041009,000000000675,宮城県仙台市,ガス局（幸町）庁舎,ガスキョク（サイワイチョウ）チョウシャ,,041025,0021005,宮城県仙台市宮城野区幸町五丁目13-1,宮城県,仙台市,宮城野区幸町五丁目,13-1,,西庁舎：２階,38.27372,140.90699,,,5,3,0,2,2,0,2,0,0,0,0,無,無,無,08:30,17:00,開庁日に限る,,,
041009,000000000676,宮城県仙台市,ガス局（幸町）庁舎,ガスキョク（サイワイチョウ）チョウシャ,,041025,0021005,宮城県仙台市宮城野区幸町五丁目13-1,宮城県,仙台市,宮城野区幸町五丁目,13-1,,西庁舎：３階,38.27372,140.90699,,,5,3,0,2,2,0,2,0,0,0,0,無,無,無,08:30,17:00,開庁日に限る,,,
041009,000000000677,宮城県仙台市,ガス局（幸町）庁舎,ガスキョク（サイワイチョウ）チョウシャ,,041025,0021005,宮城県仙台市宮城野区幸町五丁目13-1,宮城県,仙台市,宮城野区幸町五丁目,13-1,,西庁舎：４階,38.27372,140.90699,,,5,3,0,2,2,0,2,0,0,0,0,無,無,無,08:30,17:00,開庁日に限る,,,
041009,000000000678,宮城県仙台市,ガス局（幸町）庁舎,ガスキョク（サイワイチョウ）チョウシャ,,041025,0021005,宮城県仙台市宮城野区幸町五丁目13-1,宮城県,仙台市,宮城野区幸町五丁目,13-1,,西庁舎：５階,38.27372,140.90699,,,5,3,0,2,2,0,2,0,0,0,1,有,有,有,08:30,17:00,開庁日に限る,,,
041009,000000000679,宮城県仙台市,西中田サービスセンター,ニシナカダサービスセンター,,041041,0011005,宮城県仙台市太白区西中田五丁目16-38,宮城県,仙台市,太白区西中田五丁目,16-38,,1階階段奥,38.195885,140.874258,,,4,3,0,1,2,1,1,1,0,1,1,有,無,無,08:45,17:00,開庁日に限る,,,
041009,000000000680,宮城県仙台市,GasSalon（ガスサロン）,ガスサロン,,041017,0035002,宮城県仙台市青葉区中央二丁目10-24,宮城県,仙台市,青葉区中央二丁目,10-24,,1階南西側,38.26242,140.8762,,,3,2,0,1,4,0,4,1,0,1,1,有,無,有,09:30,18:30,開庁日に限る,,,
041009,000000000681,宮城県仙台市,GasSalon（ガスサロン）,ガスサロン,,041017,0035002,宮城県仙台市青葉区中央二丁目10-24,宮城県,仙台市,青葉区中央二丁目,10-24,,2階南西側,38.26242,140.8762,,,3,2,0,1,3,0,3,0,0,0,0,無,無,無,09:30,18:30,開庁日に限る,,,
