全国地方公共団体コード,ID,地方公共団体名,名称,名称_カナ,名称_英語,所在地_全国地方公共団体コード,町字ID,所在地_連結表記,所在地_都道府県,所在地_市区町村,所在地_町字,所在地_番地以下,建物名等(方書),設置位置,緯度,経度,高度の種別,高度の値,男性トイレ総数,男性トイレ数（小便器）,男性トイレ数（和式）,男性トイレ数（洋式）,女性トイレ総数,女性トイレ数（和式）,女性トイレ数（洋式）,男女共用トイレ総数,男女共用トイレ数（和式）,男女共用トイレ数（洋式）,バリアフリートイレ数,車椅子使用者用トイレ有無,乳幼児用設備設置トイレ有無,オストメイト設置トイレ有無,利用開始時間,利用終了時間,利用可能時間特記事項,画像,画像_ライセンス,備考
401005,40100-81A65DC233512CE5,北九州市,大里公園門司球場１塁側トイレ,,,401005,,北九州市門司区不老町,福岡県,北九州市,,,,,,,,,,,,,,,,,,,,,,,,,,,,原データ区名=門司区 / 原データ町名=不老町 / 原データ建築年度=1992 / 原データ築年数=25 / 原データ延床面積（㎡）=27.00 / 原データ棟数=1 / 原データ主な構造=鉄骨鉄筋コンクリート造 / 原データ耐震診断=不要 / 原データ耐震補強=不要 / 原データ建物所有者=市 / 原データ所管局=建設局 / 原データ所管課=公園管理課 / 原データ管理形態=直営
401005,40100-5BA0E6EF64892062,北九州市,大里公園門司球場３塁側トイレ,,,401005,,北九州市門司区不老町,福岡県,北九州市,,,,,,,,,,,,,,,,,,,,,,,,,,,,原データ区名=門司区 / 原データ町名=不老町 / 原データ建築年度=1992 / 原データ築年数=25 / 原データ延床面積（㎡）=27.00 / 原データ棟数=1 / 原データ主な構造=鉄骨鉄筋コンクリート造 / 原データ耐震診断=不要 / 原データ耐震補強=不要 / 原データ建物所有者=市 / 原データ所管局=建設局 / 原データ所管課=公園管理課 / 原データ管理形態=直営
401005,40100-8CA00424645C4424,北九州市,大里公園児童（入口）トイレ,,,401005,,北九州市門司区不老町,福岡県,北九州市,,,,,,,,,,,,,,,,,,,,,,,,,,,,原データ区名=門司区 / 原データ町名=不老町 / 原データ建築年度=2004 / 原データ築年数=13 / 原データ延床面積（㎡）=17.63 / 原データ棟数=1 / 原データ主な構造=鉄筋コンクリート造 / 原データ耐震診断=不要 / 原データ耐震補強=不要 / 原データ建物所有者=市 / 原データ所管局=建設局 / 原データ所管課=公園管理課 / 原データ管理形態=直営
401005,40100-2149D68968A1FFDC,北九州市,和布刈公園山頂駐車場トイレ,,,401005,,北九州市門司区大字門司,福岡県,北九州市,,,,,,,,,,,,,,,,,,,,,,,,,,,,原データ区名=門司区 / 原データ町名=大字門司 / 原データ建築年度=1989 / 原データ築年数=28 / 原データ延床面積（㎡）=30.76 / 原データ棟数=1 / 原データ主な構造=鉄筋コンクリート造 / 原データ耐震診断=不要 / 原データ耐震補強=不要 / 原データ建物所有者=市 / 原データ所管局=建設局 / 原データ所管課=公園管理課 / 原データ管理形態=直営
401005,40100-4967959C843AEF29,北九州市,和布刈公園山頂遊戯広場トイレ,,,401005,,北九州市門司区大字門司,福岡県,北九州市,,,,,,,,,,,,,,,,,,,,,,,,,,,,原データ区名=門司区 / 原データ町名=大字門司 / 原データ建築年度=1989 / 原データ築年数=28 / 原データ延床面積（㎡）=5.40 / 原データ棟数=1 / 原データ主な構造=鉄筋コンクリート造 / 原データ耐震診断=不要 / 原データ耐震補強=不要 / 原データ建物所有者=市 / 原データ所管局=建設局 / 原データ所管課=公園管理課 / 原データ管理形態=直営
401005,40100-D8538F486FEF0CBF,北九州市,和布刈公園花見広場トイレ,,,401005,,北九州市門司区大字門司,福岡県,北九州市,,,,,,,,,,,,,,,,,,,,,,,,,,,,原データ区名=門司区 / 原データ町名=大字門司 / 原データ建築年度=1972 / 原データ築年数=45 / 原データ延床面積（㎡）=58.24 / 原データ棟数=1 / 原データ主な構造=コンクリートブロック造 / 原データ耐震診断=不要 / 原データ耐震補強=不要 / 原データ建物所有者=市 / 原データ所管局=建設局 / 原データ所管課=公園管理課 / 原データ管理形態=直営
401005,40100-D078113FD422CF9D,北九州市,和布刈公園レストラントイレ,,,401005,,北九州市門司区大字門司,福岡県,北九州市,,,,,,,,,,,,,,,,,,,,,,,,,,,,原データ区名=門司区 / 原データ町名=大字門司 / 原データ建築年度=1972 / 原データ築年数=45 / 原データ延床面積（㎡）=68.64 / 原データ棟数=1 / 原データ主な構造=コンクリートブロック造 / 原データ耐震診断=不要 / 原データ耐震補強=不要 / 原データ建物所有者=市 / 原データ所管局=建設局 / 原データ所管課=公園管理課 / 原データ管理形態=直営
401005,40100-15C5853B75D9DD65,北九州市,和布刈公園塩水プールトイレ,,,401005,,北九州市門司区大字門司,福岡県,北九州市,,,,,,,,,,,,,,,,,,,,,,,,,,,,原データ区名=門司区 / 原データ町名=大字門司 / 原データ建築年度=1995 / 原データ築年数=22 / 原データ延床面積（㎡）=1.75 / 原データ棟数=1 / 原データ主な構造=鉄筋コンクリート造 / 原データ耐震診断=不要 / 原データ耐震補強=不要 / 原データ建物所有者=市 / 原データ所管局=建設局 / 原データ所管課=公園管理課 / 原データ管理形態=直営
401005,40100-177AE091EC42513D,北九州市,和布刈公園橋脚横トイレ,,,401005,,北九州市門司区大字門司,福岡県,北九州市,,,,,,,,,,,,,,,,,,,,,,,,,,,,原データ区名=門司区 / 原データ町名=大字門司 / 原データ建築年度=1988 / 原データ築年数=29 / 原データ延床面積（㎡）=29.25 / 原データ棟数=1 / 原データ主な構造=鉄筋コンクリート造 / 原データ耐震診断=不要 / 原データ耐震補強=不要 / 原データ建物所有者=市 / 原データ所管局=建設局 / 原データ所管課=公園管理課 / 原データ管理形態=直営
401005,40100-5A80B46AB560A7AB,北九州市,和布刈公園ノーフォーク広場トイレ,,,401005,,北九州市門司区旧門司,福岡県,北九州市,,,,,,,,,,,,,,,,,,,,,,,,,,,,原データ区名=門司区 / 原データ町名=旧門司 / 原データ建築年度=1989 / 原データ築年数=28 / 原データ延床面積（㎡）=48.18 / 原データ棟数=1 / 原データ主な構造=鉄筋コンクリート造 / 原データ耐震診断=不要 / 原データ耐震補強=不要 / 原データ建物所有者=市 / 原データ所管局=建設局 / 原データ所管課=公園管理課 / 原データ管理形態=直営
401005,40100-2261130A829DC29D,北九州市,和布刈公園観潮広場トイレ,,,401005,,北九州市門司区旧門司,福岡県,北九州市,,,,,,,,,,,,,,,,,,,,,,,,,,,,原データ区名=門司区 / 原データ町名=旧門司 / 原データ建築年度=1972 / 原データ築年数=45 / 原データ延床面積（㎡）=8.40 / 原データ棟数=1 / 原データ主な構造=コンクリートブロック造 / 原データ耐震診断=不要 / 原データ耐震補強=不要 / 原データ建物所有者=市 / 原データ所管局=建設局 / 原データ所管課=公園管理課 / 原データ管理形態=直営
401005,40100-738CAAB691F5662E,北九州市,和布刈公園トイレ（潮風広場）,,,401005,,北九州市門司区大字門司,福岡県,北九州市,,,,,,,,,,,,,,,,,,,,,,,,,,,,原データ区名=門司区 / 原データ町名=大字門司 / 原データ建築年度=2009 / 原データ築年数=8 / 原データ延床面積（㎡）=36.68 / 原データ棟数=1 / 原データ主な構造=鉄筋コンクリート造 / 原データ耐震診断=不要 / 原データ耐震補強=不要 / 原データ建物所有者=市 / 原データ所管局=建設局 / 原データ所管課=公園管理課 / 原データ管理形態=直営
401005,40100-208D7DFA60A0487D,北九州市,浦中西公園トイレ,,,401005,,北九州市門司区大字恒見,福岡県,北九州市,,,,,,,,,,,,,,,,,,,,,,,,,,,,原データ区名=門司区 / 原データ町名=大字恒見 / 原データ建築年度=1995 / 原データ築年数=22 / 原データ延床面積（㎡）=1.70 / 原データ棟数=1 / 原データ主な構造=鉄筋コンクリート造 / 原データ耐震診断=不要 / 原データ耐震補強=不要 / 原データ建物所有者=市 / 原データ所管局=建設局 / 原データ所管課=公園管理課 / 原データ管理形態=直営
401005,40100-75FB67D0ADA2B400,北九州市,永黒公園トイレ,,,401005,,北九州市門司区永黒,福岡県,北九州市,,,,,,,,,,,,,,,,,,,,,,,,,,,,原データ区名=門司区 / 原データ町名=永黒 / 原データ建築年度=1970 / 原データ築年数=47 / 原データ延床面積（㎡）=3.40 / 原データ棟数=1 / 原データ主な構造=コンクリートブロック造 / 原データ耐震診断=不要 / 原データ耐震補強=不要 / 原データ建物所有者=市 / 原データ所管局=建設局 / 原データ所管課=公園管理課 / 原データ管理形態=直営
401005,40100-C819BA2A700BD535,北九州市,奥田公園トイレ,,,401005,,北九州市門司区奥田,福岡県,北九州市,,,,,,,,,,,,,,,,,,,,,,,,,,,,原データ区名=門司区 / 原データ町名=奥田 / 原データ建築年度=2003 / 原データ築年数=14 / 原データ延床面積（㎡）=8.55 / 原データ棟数=1 / 原データ主な構造=鉄筋コンクリート造 / 原データ耐震診断=不要 / 原データ耐震補強=不要 / 原データ建物所有者=市 / 原データ所管局=建設局 / 原データ所管課=公園管理課 / 原データ管理形態=直営
401005,40100-7FC324693C139408,北九州市,下吉志公園トイレ,,,401005,,北九州市門司区吉志,福岡県,北九州市,,,,,,,,,,,,,,,,,,,,,,,,,,,,原データ区名=門司区 / 原データ町名=吉志 / 原データ建築年度=1986 / 原データ築年数=31 / 原データ延床面積（㎡）=6.90 / 原データ棟数=1 / 原データ主な構造=コンクリートブロック造 / 原データ耐震診断=不要 / 原データ耐震補強=不要 / 原データ建物所有者=市 / 原データ所管局=建設局 / 原データ所管課=公園管理課 / 原データ管理形態=直営
401005,40100-DF4F0C51F838C207,北九州市,下吉志西公園トイレ,,,401005,,北九州市門司区吉志,福岡県,北九州市,,,,,,,,,,,,,,,,,,,,,,,,,,,,原データ区名=門司区 / 原データ町名=吉志 / 原データ建築年度=1975 / 原データ築年数=42 / 原データ延床面積（㎡）=5.00 / 原データ棟数=1 / 原データ主な構造=コンクリートブロック造 / 原データ耐震診断=不要 / 原データ耐震補強=不要 / 原データ建物所有者=市 / 原データ所管局=建設局 / 原データ所管課=公園管理課 / 原データ管理形態=直営
401005,40100-31282E3AC475ABF2,北九州市,葛葉南公園ﾄｲﾚ,,,401005,,北九州市門司区葛葉,福岡県,北九州市,,,,,,,,,,,,,,,,,,,,,,,,,,,,原データ区名=門司区 / 原データ町名=葛葉 / 原データ建築年度=1974 / 原データ築年数=43 / 原データ延床面積（㎡）=6.20 / 原データ棟数=1 / 原データ主な構造=コンクリートブロック造 / 原データ耐震診断=不要 / 原データ耐震補強=不要 / 原データ建物所有者=市 / 原データ所管局=建設局 / 原データ所管課=公園管理課 / 原データ管理形態=直営
401005,40100-21C741413483135C,北九州市,丸山東公園トイレ,,,401005,,北九州市門司区丸山,福岡県,北九州市,,,,,,,,,,,,,,,,,,,,,,,,,,,,原データ区名=門司区 / 原データ町名=丸山 / 原データ建築年度=1984 / 原データ築年数=33 / 原データ延床面積（㎡）=6.70 / 原データ棟数=1 / 原データ主な構造=鉄筋コンクリート造 / 原データ耐震診断=不要 / 原データ耐震補強=不要 / 原データ建物所有者=市 / 原データ所管局=建設局 / 原データ所管課=公園管理課 / 原データ管理形態=直営
401005,40100-E1780092CE49D8A5,北九州市,広石一丁目公園トイレ,,,401005,,北九州市門司区広石,福岡県,北九州市,,,,,,,,,,,,,,,,,,,,,,,,,,,,原データ区名=門司区 / 原データ町名=広石 / 原データ建築年度=1994 / 原データ築年数=23 / 原データ延床面積（㎡）=1.70 / 原データ棟数=1 / 原データ主な構造=鉄筋コンクリート造 / 原データ耐震診断=不要 / 原データ耐震補強=不要 / 原データ建物所有者=市 / 原データ所管局=建設局 / 原データ所管課=公園管理課 / 原データ管理形態=直営
401005,40100-8E80A8D7BEF4287D,北九州市,恒見公園トイレ,,,401005,,北九州市門司区恒見町,福岡県,北九州市,,,,,,,,,,,,,,,,,,,,,,,,,,,,原データ区名=門司区 / 原データ町名=恒見町 / 原データ建築年度=2012 / 原データ築年数=5 / 原データ延床面積（㎡）=7.48 / 原データ棟数=1 / 原データ主な構造=鉄筋コンクリート造 / 原データ耐震診断=不要 / 原データ耐震補強=不要 / 原データ建物所有者=市 / 原データ所管局=建設局 / 原データ所管課=公園管理課 / 原データ管理形態=直営
401005,40100-656C01C6D602240F,北九州市,高田公園トイレ,,,401005,,北九州市門司区大里原町,福岡県,北九州市,,,,,,,,,,,,,,,,,,,,,,,,,,,,原データ区名=門司区 / 原データ町名=大里原町 / 原データ建築年度=1995 / 原データ築年数=22 / 原データ延床面積（㎡）=15.82 / 原データ棟数=1 / 原データ主な構造=鉄筋コンクリート造 / 原データ耐震診断=不要 / 原データ耐震補強=不要 / 原データ建物所有者=市 / 原データ所管局=建設局 / 原データ所管課=公園管理課 / 原データ管理形態=直営
401005,40100-C859B260BF243637,北九州市,社ノ木公園トイレ,,,401005,,北九州市門司区社ノ木,福岡県,北九州市,,,,,,,,,,,,,,,,,,,,,,,,,,,,原データ区名=門司区 / 原データ町名=社ノ木 / 原データ建築年度=2001 / 原データ築年数=16 / 原データ延床面積（㎡）=12.80 / 原データ棟数=1 / 原データ主な構造=鉄筋コンクリート造 / 原データ耐震診断=不要 / 原データ耐震補強=不要 / 原データ建物所有者=市 / 原データ所管局=建設局 / 原データ所管課=公園管理課 / 原データ管理形態=直営
401005,40100-CF3684052F4A54F6,北九州市,小森江公園トイレ,,,401005,,北九州市門司区羽山,福岡県,北九州市,,,,,,,,,,,,,,,,,,,,,,,,,,,,原データ区名=門司区 / 原データ町名=羽山 / 原データ建築年度=1994 / 原データ築年数=23 / 原データ延床面積（㎡）=4.40 / 原データ棟数=1 / 原データ主な構造=鉄筋コンクリート造 / 原データ耐震診断=不要 / 原データ耐震補強=不要 / 原データ建物所有者=市 / 原データ所管局=建設局 / 原データ所管課=公園管理課 / 原データ管理形態=直営
401005,40100-8B283DDD24E7D9E2,北九州市,小森江子供のもり公園トイレ,,,401005,,北九州市門司区大字小森江,福岡県,北九州市,,,,,,,,,,,,,,,,,,,,,,,,,,,,原データ区名=門司区 / 原データ町名=大字小森江 / 原データ建築年度=2000 / 原データ築年数=17 / 原データ延床面積（㎡）=33.00 / 原データ棟数=1 / 原データ主な構造=鉄筋コンクリート造 / 原データ耐震診断=不要 / 原データ耐震補強=不要 / 原データ建物所有者=市 / 原データ所管局=建設局 / 原データ所管課=公園管理課 / 原データ管理形態=直営
401005,40100-215CA5BD0E3AF969,北九州市,春日町西公園トイレ,,,401005,,北九州市門司区春日,福岡県,北九州市,,,,,,,,,,,,,,,,,,,,,,,,,,,,原データ区名=門司区 / 原データ町名=春日 / 原データ建築年度=2003 / 原データ築年数=14 / 原データ延床面積（㎡）=1.70 / 原データ棟数=1 / 原データ主な構造=鉄筋コンクリート造 / 原データ耐震診断=不要 / 原データ耐震補強=不要 / 原データ建物所有者=市 / 原データ所管局=建設局 / 原データ所管課=公園管理課 / 原データ管理形態=直営
401005,40100-625CBEC63BBB8ADC,北九州市,松ケ江ふれあい公園トイレ,,,401005,,北九州市門司区大字畑,福岡県,北九州市,,,,,,,,,,,,,,,,,,,,,,,,,,,,原データ区名=門司区 / 原データ町名=大字畑 / 原データ建築年度=1992 / 原データ築年数=25 / 原データ延床面積（㎡）=7.10 / 原データ棟数=1 / 原データ主な構造=ユニット / 原データ耐震診断=不要 / 原データ耐震補強=不要 / 原データ建物所有者=市 / 原データ所管局=建設局 / 原データ所管課=公園管理課 / 原データ管理形態=直営
401005,40100-A286FA2BBDD130B8,北九州市,上馬寄公園トイレ,,,401005,,北九州市門司区上馬寄,福岡県,北九州市,,,,,,,,,,,,,,,,,,,,,,,,,,,,原データ区名=門司区 / 原データ町名=上馬寄 / 原データ建築年度=1975 / 原データ築年数=42 / 原データ延床面積（㎡）=6.20 / 原データ棟数=1 / 原データ主な構造=コンクリートブロック造 / 原データ耐震診断=不要 / 原データ耐震補強=不要 / 原データ建物所有者=市 / 原データ所管局=建設局 / 原データ所管課=公園管理課 / 原データ管理形態=直営
401005,40100-DE20A2A752D2A63B,北九州市,上馬寄北公園トイレ,,,401005,,北九州市門司区上馬寄,福岡県,北九州市,,,,,,,,,,,,,,,,,,,,,,,,,,,,原データ区名=門司区 / 原データ町名=上馬寄 / 原データ建築年度=2004 / 原データ築年数=13 / 原データ延床面積（㎡）=6.78 / 原データ棟数=1 / 原データ主な構造=鉄筋コンクリート造 / 原データ耐震診断=不要 / 原データ耐震補強=不要 / 原データ建物所有者=市 / 原データ所管局=建設局 / 原データ所管課=公園管理課 / 原データ管理形態=直営
401005,40100-CDA7C7BECDF5A09D,北九州市,上本町公園トイレ,,,401005,,北九州市門司区花月園,福岡県,北九州市,,,,,,,,,,,,,,,,,,,,,,,,,,,,原データ区名=門司区 / 原データ町名=花月園 / 原データ建築年度=1971 / 原データ築年数=46 / 原データ延床面積（㎡）=3.40 / 原データ棟数=1 / 原データ主な構造=コンクリートブロック造 / 原データ耐震診断=不要 / 原データ耐震補強=不要 / 原データ建物所有者=市 / 原データ所管局=建設局 / 原データ所管課=公園管理課 / 原データ管理形態=直営
401005,40100-326162D7D6C92932,北九州市,城山町公園トイレ,,,401005,,北九州市門司区城山町,福岡県,北九州市,,,,,,,,,,,,,,,,,,,,,,,,,,,,原データ区名=門司区 / 原データ町名=城山町 / 原データ建築年度=2006 / 原データ築年数=11 / 原データ延床面積（㎡）=7.20 / 原データ棟数=1 / 原データ主な構造=鉄筋コンクリート造 / 原データ耐震診断=不要 / 原データ耐震補強=不要 / 原データ建物所有者=市 / 原データ所管局=建設局 / 原データ所管課=公園管理課 / 原データ管理形態=直営
401005,40100-BEE99EA3A7263F13,北九州市,新九郎公園トイレ,,,401005,,北九州市門司区原町別院,福岡県,北九州市,,,,,,,,,,,,,,,,,,,,,,,,,,,,原データ区名=門司区 / 原データ町名=原町別院 / 原データ建築年度=2001 / 原データ築年数=16 / 原データ延床面積（㎡）=18.13 / 原データ棟数=1 / 原データ主な構造=鉄筋コンクリート造 / 原データ耐震診断=不要 / 原データ耐震補強=不要 / 原データ建物所有者=市 / 原データ所管局=建設局 / 原データ所管課=公園管理課 / 原データ管理形態=直営
401005,40100-BAB93491AAF71DE9,北九州市,新門司海浜公園トイレ,,,401005,,北九州市門司区大字猿喰,福岡県,北九州市,,,,,,,,,,,,,,,,,,,,,,,,,,,,原データ区名=門司区 / 原データ町名=大字猿喰 / 原データ建築年度=1998 / 原データ築年数=19 / 原データ延床面積（㎡）=11.79 / 原データ棟数=1 / 原データ主な構造=鉄筋コンクリート造 / 原データ耐震診断=不要 / 原データ耐震補強=不要 / 原データ建物所有者=市 / 原データ所管局=建設局 / 原データ所管課=公園管理課 / 原データ管理形態=直営
401005,40100-CAE394E63F93E60C,北九州市,新門司公園トイレ（1）,,,401005,,北九州市門司区新門司,福岡県,北九州市,,,,,,,,,,,,,,,,,,,,,,,,,,,,原データ区名=門司区 / 原データ町名=新門司 / 原データ建築年度=1975 / 原データ築年数=42 / 原データ延床面積（㎡）=10.60 / 原データ棟数=1 / 原データ主な構造=鉄筋コンクリート造 / 原データ耐震診断=不要 / 原データ耐震補強=不要 / 原データ建物所有者=市 / 原データ所管局=建設局 / 原データ所管課=公園管理課 / 原データ管理形態=直営
401005,40100-44A276B0C50E772F,北九州市,新門司公園トイレ（2）,,,401005,,北九州市門司区新門司,福岡県,北九州市,,,,,,,,,,,,,,,,,,,,,,,,,,,,原データ区名=門司区 / 原データ町名=新門司 / 原データ建築年度=1993 / 原データ築年数=24 / 原データ延床面積（㎡）=7.30 / 原データ棟数=1 / 原データ主な構造=鉄筋コンクリート造 / 原データ耐震診断=不要 / 原データ耐震補強=不要 / 原データ建物所有者=市 / 原データ所管局=建設局 / 原データ所管課=公園管理課 / 原データ管理形態=直営
401005,40100-40B275E8B0481281,北九州市,新門司公園トイレ（3）,,,401005,,北九州市門司区新門司,福岡県,北九州市,,,,,,,,,,,,,,,,,,,,,,,,,,,,原データ区名=門司区 / 原データ町名=新門司 / 原データ建築年度=2009 / 原データ築年数=8 / 原データ延床面積（㎡）=15.00 / 原データ棟数=1 / 原データ主な構造=鉄筋コンクリート造 / 原データ耐震診断=不要 / 原データ耐震補強=不要 / 原データ建物所有者=市 / 原データ所管局=建設局 / 原データ所管課=公園管理課 / 原データ管理形態=直営
401005,40100-ED98C6EEBBCFE1E5,北九州市,清見公園トイレ,,,401005,,北九州市門司区清見,福岡県,北九州市,,,,,,,,,,,,,,,,,,,,,,,,,,,,原データ区名=門司区 / 原データ町名=清見 / 原データ建築年度=1995 / 原データ築年数=22 / 原データ延床面積（㎡）=17.17 / 原データ棟数=1 / 原データ主な構造=鉄筋コンクリート造 / 原データ耐震診断=不要 / 原データ耐震補強=不要 / 原データ建物所有者=市 / 原データ所管局=建設局 / 原データ所管課=公園管理課 / 原データ管理形態=直営
401005,40100-5A364D74BA73022E,北九州市,清滝公園トイレ,,,401005,,北九州市門司区元清滝,福岡県,北九州市,,,,,,,,,,,,,,,,,,,,,,,,,,,,原データ区名=門司区 / 原データ町名=元清滝 / 原データ建築年度=2006 / 原データ築年数=11 / 原データ延床面積（㎡）=11.90 / 原データ棟数=1 / 原データ主な構造=鉄筋コンクリート造 / 原データ耐震診断=不要 / 原データ耐震補強=不要 / 原データ建物所有者=市 / 原データ所管局=建設局 / 原データ所管課=公園管理課 / 原データ管理形態=直営
401005,40100-6AB235E4B905BCB1,北九州市,西新町公園トイレ,,,401005,,北九州市門司区西新町,福岡県,北九州市,,,,,,,,,,,,,,,,,,,,,,,,,,,,原データ区名=門司区 / 原データ町名=西新町 / 原データ建築年度=1971 / 原データ築年数=46 / 原データ延床面積（㎡）=3.40 / 原データ棟数=1 / 原データ主な構造=コンクリートブロック造 / 原データ耐震診断=不要 / 原データ耐震補強=不要 / 原データ建物所有者=市 / 原データ所管局=建設局 / 原データ所管課=公園管理課 / 原データ管理形態=直営
401005,40100-B053841FCDEFF623,北九州市,青葉台公園トイレ,,,401005,,北九州市門司区青葉台,福岡県,北九州市,,,,,,,,,,,,,,,,,,,,,,,,,,,,原データ区名=門司区 / 原データ町名=青葉台 / 原データ建築年度=1990 / 原データ築年数=27 / 原データ延床面積（㎡）=1.70 / 原データ棟数=1 / 原データ主な構造=鉄筋コンクリート造 / 原データ耐震診断=不要 / 原データ耐震補強=不要 / 原データ建物所有者=市 / 原データ所管局=建設局 / 原データ所管課=公園管理課 / 原データ管理形態=直営
401005,40100-E70F66675E3ECBD9,北九州市,大里泉ヶ丘公園トイレ,,,401005,,北九州市門司区泉ケ丘,福岡県,北九州市,,,,,,,,,,,,,,,,,,,,,,,,,,,,原データ区名=門司区 / 原データ町名=泉ケ丘 / 原データ建築年度=2013 / 原データ築年数=4 / 原データ延床面積（㎡）=4.46 / 原データ棟数=1 / 原データ主な構造=鉄筋コンクリート造 / 原データ耐震診断=不要 / 原データ耐震補強=不要 / 原データ建物所有者=市 / 原データ所管局=建設局 / 原データ所管課=公園管理課 / 原データ管理形態=直営
401005,40100-4426B5F1323B6FCF,北九州市,大里東公園トイレ,,,401005,,北九州市門司区大里東,福岡県,北九州市,,,,,,,,,,,,,,,,,,,,,,,,,,,,原データ区名=門司区 / 原データ町名=大里東 / 原データ建築年度=1974 / 原データ築年数=43 / 原データ延床面積（㎡）=6.20 / 原データ棟数=1 / 原データ主な構造=コンクリートブロック造 / 原データ耐震診断=不要 / 原データ耐震補強=不要 / 原データ建物所有者=市 / 原データ所管局=建設局 / 原データ所管課=公園管理課 / 原データ管理形態=直営
401005,40100-084F7FB6A7D7373D,北九州市,大森公園トイレ,,,401005,,北九州市門司区大里東,福岡県,北九州市,,,,,,,,,,,,,,,,,,,,,,,,,,,,原データ区名=門司区 / 原データ町名=大里東 / 原データ建築年度=2012 / 原データ築年数=5 / 原データ延床面積（㎡）=16.82 / 原データ棟数=1 / 原データ主な構造=鉄筋コンクリート造 / 原データ耐震診断=不要 / 原データ耐震補強=不要 / 原データ建物所有者=市 / 原データ所管局=建設局 / 原データ所管課=公園管理課 / 原データ管理形態=直営
401005,40100-4BE2B574C3EB3F74,北九州市,大森公園トイレ（2）,,,401005,,北九州市門司区大里東,福岡県,北九州市,,,,,,,,,,,,,,,,,,,,,,,,,,,,原データ区名=門司区 / 原データ町名=大里東 / 原データ建築年度=2013 / 原データ築年数=4 / 原データ延床面積（㎡）=4.46 / 原データ棟数=1 / 原データ主な構造=鉄筋コンクリート造 / 原データ耐震診断=不要 / 原データ耐震補強=不要 / 原データ建物所有者=市 / 原データ所管局=建設局 / 原データ所管課=公園管理課 / 原データ管理形態=直営
401005,40100-937CF07A8AF8F7A6,北九州市,大川公園トイレ,,,401005,,北九州市門司区大里東,福岡県,北九州市,,,,,,,,,,,,,,,,,,,,,,,,,,,,原データ区名=門司区 / 原データ町名=大里東 / 原データ建築年度=2004 / 原データ築年数=13 / 原データ延床面積（㎡）=3.40 / 原データ棟数=1 / 原データ主な構造=鉄筋コンクリート造 / 原データ耐震診断=不要 / 原データ耐震補強=不要 / 原データ建物所有者=市 / 原データ所管局=建設局 / 原データ所管課=公園管理課 / 原データ管理形態=直営
401005,40100-7AE2D5A3065BA883,北九州市,藤松公園トイレ,,,401005,,北九州市門司区藤松,福岡県,北九州市,,,,,,,,,,,,,,,,,,,,,,,,,,,,原データ区名=門司区 / 原データ町名=藤松 / 原データ建築年度=不明 / 原データ築年数=不明 / 原データ延床面積（㎡）=5.70 / 原データ棟数=1 / 原データ主な構造=コンクリートブロック造 / 原データ耐震診断=不要 / 原データ耐震補強=不要 / 原データ建物所有者=市 / 原データ所管局=建設局 / 原データ所管課=公園管理課 / 原データ管理形態=直営
401005,40100-EF55913496B97D4A,北九州市,田野浦臨海公園トイレ（1）,,,401005,,北九州市門司区田野浦,福岡県,北九州市,,,,,,,,,,,,,,,,,,,,,,,,,,,,原データ区名=門司区 / 原データ町名=田野浦 / 原データ建築年度=1990 / 原データ築年数=27 / 原データ延床面積（㎡）=1.70 / 原データ棟数=1 / 原データ主な構造=鉄筋コンクリート造 / 原データ耐震診断=不要 / 原データ耐震補強=不要 / 原データ建物所有者=市 / 原データ所管局=建設局 / 原データ所管課=公園管理課 / 原データ管理形態=直営
401005,40100-A87545B2BCAF626C,北九州市,田野浦臨海公園トイレ（2）,,,401005,,北九州市門司区田野浦,福岡県,北九州市,,,,,,,,,,,,,,,,,,,,,,,,,,,,原データ区名=門司区 / 原データ町名=田野浦 / 原データ建築年度=1975 / 原データ築年数=42 / 原データ延床面積（㎡）=13.71 / 原データ棟数=1 / 原データ主な構造=コンクリートブロック造 / 原データ耐震診断=不要 / 原データ耐震補強=不要 / 原データ建物所有者=市 / 原データ所管局=建設局 / 原データ所管課=公園管理課 / 原データ管理形態=直営
401005,40100-20F126DC40E87975,北九州市,田野浦臨海公園トイレ（3）テニス,,,401005,,北九州市門司区新開,福岡県,北九州市,,,,,,,,,,,,,,,,,,,,,,,,,,,,原データ区名=門司区 / 原データ町名=新開 / 原データ建築年度=1998 / 原データ築年数=19 / 原データ延床面積（㎡）=1.70 / 原データ棟数=1 / 原データ主な構造=鉄筋コンクリート造 / 原データ耐震診断=不要 / 原データ耐震補強=不要 / 原データ建物所有者=市 / 原データ所管局=建設局 / 原データ所管課=公園管理課 / 原データ管理形態=直営
401005,40100-8C9D23C832787FA8,北九州市,東門司二丁目公園トイレ,,,401005,,北九州市門司区東門司,福岡県,北九州市,,,,,,,,,,,,,,,,,,,,,,,,,,,,原データ区名=門司区 / 原データ町名=東門司 / 原データ建築年度=1980 / 原データ築年数=37 / 原データ延床面積（㎡）=9.54 / 原データ棟数=1 / 原データ主な構造=コンクリートブロック造 / 原データ耐震診断=不要 / 原データ耐震補強=不要 / 原データ建物所有者=市 / 原データ所管局=建設局 / 原データ所管課=公園管理課 / 原データ管理形態=直営
401005,40100-033180AFA9C7A60E,北九州市,桃山町公園トイレ,,,401005,,北九州市門司区大里桃山町,福岡県,北九州市,,,,,,,,,,,,,,,,,,,,,,,,,,,,原データ区名=門司区 / 原データ町名=大里桃山町 / 原データ建築年度=2005 / 原データ築年数=12 / 原データ延床面積（㎡）=6.61 / 原データ棟数=1 / 原データ主な構造=鉄筋コンクリート造 / 原データ耐震診断=不要 / 原データ耐震補強=不要 / 原データ建物所有者=市 / 原データ所管局=建設局 / 原データ所管課=公園管理課 / 原データ管理形態=直営
401005,40100-B0105867458E296F,北九州市,藤松中央公園トイレ,,,401005,,北九州市門司区藤松,福岡県,北九州市,,,,,,,,,,,,,,,,,,,,,,,,,,,,原データ区名=門司区 / 原データ町名=藤松 / 原データ建築年度=1995 / 原データ築年数=22 / 原データ延床面積（㎡）=1.70 / 原データ棟数=1 / 原データ主な構造=鉄筋コンクリート造 / 原データ耐震診断=不要 / 原データ耐震補強=不要 / 原データ建物所有者=市 / 原データ所管局=建設局 / 原データ所管課=公園管理課 / 原データ管理形態=直営
401005,40100-8917B6DB6D0029A8,北九州市,萩ヶ丘公園トイレ,,,401005,,北九州市門司区大里戸ノ上,福岡県,北九州市,,,,,,,,,,,,,,,,,,,,,,,,,,,,原データ区名=門司区 / 原データ町名=大里戸ノ上 / 原データ建築年度=2002 / 原データ築年数=15 / 原データ延床面積（㎡）=22.84 / 原データ棟数=1 / 原データ主な構造=鉄筋コンクリート造 / 原データ耐震診断=不要 / 原データ耐震補強=不要 / 原データ建物所有者=市 / 原データ所管局=建設局 / 原データ所管課=公園管理課 / 原データ管理形態=直営
401005,40100-5BAF71CDD985EB2F,北九州市,白野江一丁目公園トイレ,,,401005,,北九州市門司区白野江,福岡県,北九州市,,,,,,,,,,,,,,,,,,,,,,,,,,,,原データ区名=門司区 / 原データ町名=白野江 / 原データ建築年度=1993 / 原データ築年数=24 / 原データ延床面積（㎡）=5.75 / 原データ棟数=1 / 原データ主な構造=鉄筋コンクリート造 / 原データ耐震診断=不要 / 原データ耐震補強=不要 / 原データ建物所有者=市 / 原データ所管局=建設局 / 原データ所管課=公園管理課 / 原データ管理形態=直営
401005,40100-EF0E8809DCE9FBC1,北九州市,畑田公園トイレ,,,401005,,北九州市門司区畑田町,福岡県,北九州市,,,,,,,,,,,,,,,,,,,,,,,,,,,,原データ区名=門司区 / 原データ町名=畑田町 / 原データ建築年度=1984 / 原データ築年数=33 / 原データ延床面積（㎡）=1.70 / 原データ棟数=1 / 原データ主な構造=鉄筋コンクリート造 / 原データ耐震診断=不要 / 原データ耐震補強=不要 / 原データ建物所有者=市 / 原データ所管局=建設局 / 原データ所管課=公園管理課 / 原データ管理形態=直営
401005,40100-BBAC349DDDE1C1AA,北九州市,片上公園トイレ,,,401005,,北九州市門司区片上,福岡県,北九州市,,,,,,,,,,,,,,,,,,,,,,,,,,,,原データ区名=門司区 / 原データ町名=片上 / 原データ建築年度=1971 / 原データ築年数=46 / 原データ延床面積（㎡）=6.61 / 原データ棟数=1 / 原データ主な構造=鉄筋コンクリート造 / 原データ耐震診断=不要 / 原データ耐震補強=不要 / 原データ建物所有者=市 / 原データ所管局=建設局 / 原データ所管課=公園管理課 / 原データ管理形態=直営
401005,40100-5CB223407078ED3C,北九州市,緑谷緑地トイレ,,,401005,,北九州市門司区稲積,福岡県,北九州市,,,,,,,,,,,,,,,,,,,,,,,,,,,,原データ区名=門司区 / 原データ町名=稲積 / 原データ建築年度=1988 / 原データ築年数=29 / 原データ延床面積（㎡）=1.70 / 原データ棟数=1 / 原データ主な構造=鉄筋コンクリート造 / 原データ耐震診断=不要 / 原データ耐震補強=不要 / 原データ建物所有者=市 / 原データ所管局=建設局 / 原データ所管課=公園管理課 / 原データ管理形態=直営
401005,40100-E09223711DCE8364,北九州市,老松公園トイレ（児童コーナー）,,,401005,,北九州市門司区東門司,福岡県,北九州市,,,,,,,,,,,,,,,,,,,,,,,,,,,,原データ区名=門司区 / 原データ町名=東門司 / 原データ建築年度=1996 / 原データ築年数=21 / 原データ延床面積（㎡）=20.30 / 原データ棟数=1 / 原データ主な構造=コンクリートブロック造 / 原データ耐震診断=不要 / 原データ耐震補強=不要 / 原データ建物所有者=市 / 原データ所管局=建設局 / 原データ所管課=公園管理課 / 原データ管理形態=直営
401005,40100-830F66A1A586191D,北九州市,老松公園トイレ（図書館駐車場横）,,,401005,,北九州市門司区老松町,福岡県,北九州市,,,,,,,,,,,,,,,,,,,,,,,,,,,,原データ区名=門司区 / 原データ町名=老松町 / 原データ建築年度=1970 / 原データ築年数=47 / 原データ延床面積（㎡）=7.40 / 原データ棟数=1 / 原データ主な構造=コンクリートブロック造 / 原データ耐震診断=不要 / 原データ耐震補強=不要 / 原データ建物所有者=市 / 原データ所管局=建設局 / 原データ所管課=公園管理課 / 原データ管理形態=直営
401005,40100-CEA418AB94D87B0C,北九州市,老松公園トイレ（すみれ広場）,,,401005,,北九州市門司区老松町,福岡県,北九州市,,,,,,,,,,,,,,,,,,,,,,,,,,,,原データ区名=門司区 / 原データ町名=老松町 / 原データ建築年度=1973 / 原データ築年数=44 / 原データ延床面積（㎡）=7.40 / 原データ棟数=1 / 原データ主な構造=コンクリートブロック造 / 原データ耐震診断=不要 / 原データ耐震補強=不要 / 原データ建物所有者=市 / 原データ所管局=建設局 / 原データ所管課=公園管理課 / 原データ管理形態=直営
401005,40100-70EDF21C04F3C29F,北九州市,老松公園トイレ（ウエルカムゲート横）,,,401005,,北九州市門司区老松町,福岡県,北九州市,,,,,,,,,,,,,,,,,,,,,,,,,,,,原データ区名=門司区 / 原データ町名=老松町 / 原データ建築年度=1973 / 原データ築年数=44 / 原データ延床面積（㎡）=6.20 / 原データ棟数=1 / 原データ主な構造=コンクリートブロック造 / 原データ耐震診断=不要 / 原データ耐震補強=不要 / 原データ建物所有者=市 / 原データ所管局=建設局 / 原データ所管課=公園管理課 / 原データ管理形態=直営
401005,40100-96FC43B161DF2C8C,北九州市,鎮西橋公園トイレ,,,401005,,北九州市門司区港町,福岡県,北九州市,,,,,,,,,,,,,,,,,,,,,,,,,,,,原データ区名=門司区 / 原データ町名=港町 / 原データ建築年度=2010 / 原データ築年数=7 / 原データ延床面積（㎡）=18.80 / 原データ棟数=1 / 原データ主な構造=鉄筋コンクリート造 / 原データ耐震診断=不要 / 原データ耐震補強=不要 / 原データ建物所有者=市 / 原データ所管局=建設局 / 原データ所管課=公園管理課 / 原データ管理形態=直営
401005,40100-7A8FD09394B51A27,北九州市,寺内公園トイレ,,,401005,,北九州市門司区寺内,福岡県,北九州市,,,,,,,,,,,,,,,,,,,,,,,,,,,,原データ区名=門司区 / 原データ町名=寺内 / 原データ建築年度=2013 / 原データ築年数=4 / 原データ延床面積（㎡）=4.96 / 原データ棟数=1 / 原データ主な構造=鉄筋コンクリート造 / 原データ耐震診断=不要 / 原データ耐震補強=不要 / 原データ建物所有者=市 / 原データ所管局=建設局 / 原データ所管課=公園管理課 / 原データ管理形態=直営
401005,40100-E19D668D8165AEAE,北九州市,吉志ゆめ公園トイレ,,,401005,,北九州市門司区吉志,福岡県,北九州市,,,,,,,,,,,,,,,,,,,,,,,,,,,,原データ区名=門司区 / 原データ町名=吉志 / 原データ建築年度=2013 / 原データ築年数=4 / 原データ延床面積（㎡）=4.46 / 原データ棟数=1 / 原データ主な構造=鉄筋コンクリート造 / 原データ耐震診断=不要 / 原データ耐震補強=不要 / 原データ建物所有者=市 / 原データ所管局=建設局 / 原データ所管課=公園管理課 / 原データ管理形態=直営
401005,40100-6F7A41CE1882BB55,北九州市,柄杓田みなと公園トイレ,,,401005,,北九州市門司区大字柄杓田,福岡県,北九州市,,,,,,,,,,,,,,,,,,,,,,,,,,,,原データ区名=門司区 / 原データ町名=大字柄杓田 / 原データ建築年度=1990 / 原データ築年数=27 / 原データ延床面積（㎡）=20.00 / 原データ棟数=1 / 原データ主な構造=鉄筋コンクリート造 / 原データ耐震診断=不要 / 原データ耐震補強=不要 / 原データ建物所有者=市 / 原データ所管局=産業経済局 / 原データ所管課=水産課 / 原データ管理形態=直営
401005,40100-15316D52AB100F44,北九州市,旧門司遊歩道緑地公衆便所,,,401005,,北九州市門司区旧門司,福岡県,北九州市,,,,,,,,,,,,,,,,,,,,,,,,,,,,原データ区名=門司区 / 原データ町名=旧門司 / 原データ建築年度=2005 / 原データ築年数=12 / 原データ延床面積（㎡）=9.91 / 原データ棟数=1 / 原データ主な構造=鉄筋コンクリート造 / 原データ耐震診断=不要 / 原データ耐震補強=不要 / 原データ建物所有者=市 / 原データ所管局=港湾空港局 / 原データ所管課=港営課 / 原データ管理形態=指定管理
401005,40100-A2FD130792F14DB8,北九州市,今津公園公衆便所,,,401005,,北九州市門司区大字今津,福岡県,北九州市,,,,,,,,,,,,,,,,,,,,,,,,,,,,原データ区名=門司区 / 原データ町名=大字今津 / 原データ建築年度=1991 / 原データ築年数=26 / 原データ延床面積（㎡）=39.69 / 原データ棟数=1 / 原データ主な構造=鉄筋コンクリート造 / 原データ耐震診断=不要 / 原データ耐震補強=不要 / 原データ建物所有者=市 / 原データ所管局=港湾空港局 / 原データ所管課=港営課 / 原データ管理形態=指定管理
401005,40100-BF81F8B1659D0BD6,北九州市,太刀浦東公園公衆便所,,,401005,,北九州市門司区太刀浦海岸,福岡県,北九州市,,,,,,,,,,,,,,,,,,,,,,,,,,,,原データ区名=門司区 / 原データ町名=太刀浦海岸 / 原データ建築年度=1994 / 原データ築年数=23 / 原データ延床面積（㎡）=14.85 / 原データ棟数=1 / 原データ主な構造=鉄筋コンクリート造 / 原データ耐震診断=不要 / 原データ耐震補強=不要 / 原データ建物所有者=市 / 原データ所管局=港湾空港局 / 原データ所管課=港営課 / 原データ管理形態=指定管理
401005,40100-5D5715B639314BA2,北九州市,太刀浦運動公園公衆便所,,,401005,,北九州市門司区太刀浦海岸,福岡県,北九州市,,,,,,,,,,,,,,,,,,,,,,,,,,,,原データ区名=門司区 / 原データ町名=太刀浦海岸 / 原データ建築年度=1990 / 原データ築年数=27 / 原データ延床面積（㎡）=12.39 / 原データ棟数=1 / 原データ主な構造=コンクリートブロック造 / 原データ耐震診断=不要 / 原データ耐震補強=不要 / 原データ建物所有者=市 / 原データ所管局=港湾空港局 / 原データ所管課=港営課 / 原データ管理形態=指定管理
401005,40100-4233F07720E87F94,北九州市,西海岸休憩所内公衆便所,,,401005,,北九州市門司区西海岸,福岡県,北九州市,,,,,,,,,,,,,,,,,,,,,,,,,,,,原データ区名=門司区 / 原データ町名=西海岸 / 原データ建築年度=1996 / 原データ築年数=22 / 原データ延床面積（㎡）=45.15 / 原データ棟数=1 / 原データ主な構造=鉄骨鉄筋コンクリート造 / 原データ耐震診断=不要 / 原データ耐震補強=不要 / 原データ建物所有者=市 / 原データ所管局=港湾空港局 / 原データ所管課=港営課 / 原データ管理形態=指定管理
401005,40100-82302CAF4531389B,北九州市,勝山公園弓道場横トイレ,,,401005,,北九州市小倉北区城内,福岡県,北九州市,,,,,,,,,,,,,,,,,,,,,,,,,,,,原データ区名=小倉北区 / 原データ町名=城内 / 原データ建築年度=2007 / 原データ築年数=10 / 原データ延床面積（㎡）=33.32 / 原データ棟数=1 / 原データ主な構造=鉄筋コンクリート造 / 原データ耐震診断=不要 / 原データ耐震補強=不要 / 原データ建物所有者=市 / 原データ所管局=建設局 / 原データ所管課=公園管理課 / 原データ管理形態=直営
401005,40100-D255F738599E733F,北九州市,勝山公園子どもの遊び場エリアトイレ,,,401005,,北九州市小倉北区城内,福岡県,北九州市,,,,,,,,,,,,,,,,,,,,,,,,,,,,原データ区名=小倉北区 / 原データ町名=城内 / 原データ建築年度=1989 / 原データ築年数=28 / 原データ延床面積（㎡）=17.67 / 原データ棟数=1 / 原データ主な構造=鉄筋コンクリート造 / 原データ耐震診断=不要 / 原データ耐震補強=不要 / 原データ建物所有者=市 / 原データ所管局=建設局 / 原データ所管課=公園管理課 / 原データ管理形態=直営
401005,40100-DA24A9A758F1C7BB,北九州市,勝山公園城内橋横トイレ,,,401005,,北九州市小倉北区城内,福岡県,北九州市,,,,,,,,,,,,,,,,,,,,,,,,,,,,原データ区名=小倉北区 / 原データ町名=城内 / 原データ建築年度=2007 / 原データ築年数=10 / 原データ延床面積（㎡）=20.15 / 原データ棟数=1 / 原データ主な構造=鉄筋コンクリート造 / 原データ耐震診断=不要 / 原データ耐震補強=不要 / 原データ建物所有者=市 / 原データ所管局=建設局 / 原データ所管課=公園管理課 / 原データ管理形態=直営
401005,40100-04877D75A6DC873C,北九州市,勝山公園城内広場（つき見亭横）トイレ,,,401005,,北九州市小倉北区城内,福岡県,北九州市,,,,,,,,,,,,,,,,,,,,,,,,,,,,原データ区名=小倉北区 / 原データ町名=城内 / 原データ建築年度=1990 / 原データ築年数=27 / 原データ延床面積（㎡）=27.52 / 原データ棟数=1 / 原データ主な構造=鉄筋コンクリート造 / 原データ耐震診断=不要 / 原データ耐震補強=不要 / 原データ建物所有者=市 / 原データ所管局=建設局 / 原データ所管課=公園管理課 / 原データ管理形態=直営
401005,40100-BBA58051D8DBF25D,北九州市,勝山公園駐車場横（子供の遊び場）トイレ,,,401005,,北九州市小倉北区城内,福岡県,北九州市,,,,,,,,,,,,,,,,,,,,,,,,,,,,原データ区名=小倉北区 / 原データ町名=城内 / 原データ建築年度=2007 / 原データ築年数=10 / 原データ延床面積（㎡）=47.67 / 原データ棟数=1 / 原データ主な構造=鉄筋コンクリート造 / 原データ耐震診断=不要 / 原データ耐震補強=不要 / 原データ建物所有者=市 / 原データ所管局=建設局 / 原データ所管課=公園管理課 / 原データ管理形態=直営
401005,40100-883D1EBAF774F5D3,北九州市,勝山公園駐車場松本清張記念館トイレ,,,401005,,北九州市小倉北区城内,福岡県,北九州市,,,,,,,,,,,,,,,,,,,,,,,,,,,,原データ区名=小倉北区 / 原データ町名=城内 / 原データ建築年度=1998 / 原データ築年数=19 / 原データ延床面積（㎡）=37.30 / 原データ棟数=1 / 原データ主な構造=鉄筋コンクリート造 / 原データ耐震診断=不要 / 原データ耐震補強=不要 / 原データ建物所有者=市 / 原データ所管局=建設局 / 原データ所管課=公園管理課 / 原データ管理形態=直営
401005,40100-0B66F5B57F44046B,北九州市,勝山公園本庁横（ヒマワリショップ）トイレ,,,401005,,北九州市小倉北区城内,福岡県,北九州市,,,,,,,,,,,,,,,,,,,,,,,,,,,,原データ区名=小倉北区 / 原データ町名=城内 / 原データ建築年度=1994 / 原データ築年数=23 / 原データ延床面積（㎡）=21.60 / 原データ棟数=1 / 原データ主な構造=鉄筋コンクリート造 / 原データ耐震診断=不要 / 原データ耐震補強=不要 / 原データ建物所有者=市 / 原データ所管局=建設局 / 原データ所管課=公園管理課 / 原データ管理形態=直営
401005,40100-381EA8F2A8BDA7AD,北九州市,勝山公園大芝生広場トイレ,,,401005,,北九州市小倉北区城内,福岡県,北九州市,,,,,,,,,,,,,,,,,,,,,,,,,,,,原データ区名=小倉北区 / 原データ町名=城内 / 原データ建築年度=2006 / 原データ築年数=11 / 原データ延床面積（㎡）=85.62 / 原データ棟数=1 / 原データ主な構造=鉄筋コンクリート造 / 原データ耐震診断=不要 / 原データ耐震補強=不要 / 原データ建物所有者=市 / 原データ所管局=建設局 / 原データ所管課=公園管理課 / 原データ管理形態=直営
401005,40100-A146161E2E94C26D,北九州市,グリーンエコハウス,,,401005,,北九州市小倉北区城内,福岡県,北九州市,,,,,,,,,,,,,,,,,,,,,,,,,,,,原データ区名=小倉北区 / 原データ町名=城内 / 原データ建築年度=2011 / 原データ築年数=6 / 原データ延床面積（㎡）=273.12 / 原データ棟数=1 / 原データ主な構造=鉄筋コンクリート造 / 原データ耐震診断=不要 / 原データ耐震補強=不要 / 原データ建物所有者=市 / 原データ所管局=建設局 / 原データ所管課=公園管理課 / 原データ管理形態=直営
401005,40100-13B913B926B34FD6,北九州市,三萩野公園ﾃﾆｽｺｰﾄトイレ,,,401005,,北九州市小倉北区三萩野,福岡県,北九州市,,,,,,,,,,,,,,,,,,,,,,,,,,,,原データ区名=小倉北区 / 原データ町名=三萩野 / 原データ建築年度=1976 / 原データ築年数=41 / 原データ延床面積（㎡）=27.00 / 原データ棟数=1 / 原データ主な構造=鉄筋コンクリート造 / 原データ耐震診断=不要 / 原データ耐震補強=不要 / 原データ建物所有者=市 / 原データ所管局=建設局 / 原データ所管課=公園管理課 / 原データ管理形態=直営
401005,40100-5A5B769C48F549C6,北九州市,三萩野公園トイレ,,,401005,,北九州市小倉北区三萩野,福岡県,北九州市,,,,,,,,,,,,,,,,,,,,,,,,,,,,原データ区名=小倉北区 / 原データ町名=三萩野 / 原データ建築年度=2000 / 原データ築年数=17 / 原データ延床面積（㎡）=41.25 / 原データ棟数=1 / 原データ主な構造=鉄筋コンクリート造 / 原データ耐震診断=不要 / 原データ耐震補強=不要 / 原データ建物所有者=市 / 原データ所管局=建設局 / 原データ所管課=公園管理課 / 原データ管理形態=直営
401005,40100-B8BF07C25E6D8FCB,北九州市,愛宕公園トイレ,,,401005,,北九州市小倉北区菜園場,福岡県,北九州市,,,,,,,,,,,,,,,,,,,,,,,,,,,,原データ区名=小倉北区 / 原データ町名=菜園場 / 原データ建築年度=1997 / 原データ築年数=20 / 原データ延床面積（㎡）=1.40 / 原データ棟数=1 / 原データ主な構造=鉄筋コンクリート造 / 原データ耐震診断=不要 / 原データ耐震補強=不要 / 原データ建物所有者=市 / 原データ所管局=建設局 / 原データ所管課=公園管理課 / 原データ管理形態=直営
401005,40100-6BB10C141736E711,北九州市,井堀１号公園トイレ,,,401005,,北九州市小倉北区井堀,福岡県,北九州市,,,,,,,,,,,,,,,,,,,,,,,,,,,,原データ区名=小倉北区 / 原データ町名=井堀 / 原データ建築年度=1993 / 原データ築年数=24 / 原データ延床面積（㎡）=18.00 / 原データ棟数=1 / 原データ主な構造=鉄筋コンクリート造 / 原データ耐震診断=不要 / 原データ耐震補強=不要 / 原データ建物所有者=市 / 原データ所管局=建設局 / 原データ所管課=公園管理課 / 原データ管理形態=直営
401005,40100-62E8CC6D1B3FDA5E,北九州市,延命寺臨海公園トイレ,,,401005,,北九州市小倉北区赤坂海岸,福岡県,北九州市,,,,,,,,,,,,,,,,,,,,,,,,,,,,原データ区名=小倉北区 / 原データ町名=赤坂海岸 / 原データ建築年度=1997 / 原データ築年数=20 / 原データ延床面積（㎡）=17.92 / 原データ棟数=1 / 原データ主な構造=鉄筋コンクリート造 / 原データ耐震診断=不要 / 原データ耐震補強=不要 / 原データ建物所有者=市 / 原データ所管局=建設局 / 原データ所管課=公園管理課 / 原データ管理形態=直営
401005,40100-F91AA7A188AC9880,北九州市,黄金公園トイレ,,,401005,,北九州市小倉北区黄金,福岡県,北九州市,,,,,,,,,,,,,,,,,,,,,,,,,,,,原データ区名=小倉北区 / 原データ町名=黄金 / 原データ建築年度=1975 / 原データ築年数=42 / 原データ延床面積（㎡）=6.19 / 原データ棟数=1 / 原データ主な構造=コンクリートブロック造 / 原データ耐震診断=不要 / 原データ耐震補強=不要 / 原データ建物所有者=市 / 原データ所管局=建設局 / 原データ所管課=公園管理課 / 原データ管理形態=直営
401005,40100-B67B1A077013C4BA,北九州市,下富野公園トイレ,,,401005,,北九州市小倉北区下富野,福岡県,北九州市,,,,,,,,,,,,,,,,,,,,,,,,,,,,原データ区名=小倉北区 / 原データ町名=下富野 / 原データ建築年度=1989 / 原データ築年数=28 / 原データ延床面積（㎡）=1.70 / 原データ棟数=1 / 原データ主な構造=鉄筋コンクリート造 / 原データ耐震診断=不要 / 原データ耐震補強=不要 / 原データ建物所有者=市 / 原データ所管局=建設局 / 原データ所管課=公園管理課 / 原データ管理形態=直営
401005,40100-8CF9DB631B4B5A9F,北九州市,菊ケ丘公園トイレ,,,401005,,北九州市小倉北区下富野,福岡県,北九州市,,,,,,,,,,,,,,,,,,,,,,,,,,,,原データ区名=小倉北区 / 原データ町名=下富野 / 原データ建築年度=1993 / 原データ築年数=24 / 原データ延床面積（㎡）=7.20 / 原データ棟数=1 / 原データ主な構造=軽量鉄骨造 / 原データ耐震診断=不要 / 原データ耐震補強=不要 / 原データ建物所有者=市 / 原データ所管局=建設局 / 原データ所管課=公園管理課 / 原データ管理形態=直営
401005,40100-C30CEDB2CA5F0C07,北九州市,境川公園トイレ,,,401005,,北九州市小倉北区中井,福岡県,北九州市,,,,,,,,,,,,,,,,,,,,,,,,,,,,原データ区名=小倉北区 / 原データ町名=中井 / 原データ建築年度=1994 / 原データ築年数=23 / 原データ延床面積（㎡）=11.88 / 原データ棟数=1 / 原データ主な構造=鉄筋コンクリート造 / 原データ耐震診断=不要 / 原データ耐震補強=不要 / 原データ建物所有者=市 / 原データ所管局=建設局 / 原データ所管課=公園管理課 / 原データ管理形態=直営
401005,40100-F80D44A9FE692BCA,北九州市,錦ケ丘公園トイレ,,,401005,,北九州市小倉北区中井,福岡県,北九州市,,,,,,,,,,,,,,,,,,,,,,,,,,,,原データ区名=小倉北区 / 原データ町名=中井 / 原データ建築年度=1971 / 原データ築年数=46 / 原データ延床面積（㎡）=1.70 / 原データ棟数=1 / 原データ主な構造=コンクリートブロック造 / 原データ耐震診断=不要 / 原データ耐震補強=不要 / 原データ建物所有者=市 / 原データ所管局=建設局 / 原データ所管課=公園管理課 / 原データ管理形態=直営
401005,40100-5C7A0CB1494270B9,北九州市,金鶏公園トイレ,,,401005,,北九州市小倉北区金鶏町,福岡県,北九州市,,,,,,,,,,,,,,,,,,,,,,,,,,,,原データ区名=小倉北区 / 原データ町名=金鶏町 / 原データ建築年度=1975 / 原データ築年数=42 / 原データ延床面積（㎡）=6.19 / 原データ棟数=1 / 原データ主な構造=コンクリートブロック造 / 原データ耐震診断=不要 / 原データ耐震補強=不要 / 原データ建物所有者=市 / 原データ所管局=建設局 / 原データ所管課=公園管理課 / 原データ管理形態=直営
401005,40100-58885308654F6ACB,北九州市,金田公園トイレ,,,401005,,北九州市小倉北区田町,福岡県,北九州市,,,,,,,,,,,,,,,,,,,,,,,,,,,,原データ区名=小倉北区 / 原データ町名=田町 / 原データ建築年度=1987 / 原データ築年数=30 / 原データ延床面積（㎡）=6.18 / 原データ棟数=1 / 原データ主な構造=コンクリートブロック造 / 原データ耐震診断=不要 / 原データ耐震補強=不要 / 原データ建物所有者=市 / 原データ所管局=建設局 / 原データ所管課=公園管理課 / 原データ管理形態=直営
401005,40100-D5545BC5721C919C,北九州市,熊谷４号公園トイレ,,,401005,,北九州市小倉北区熊谷,福岡県,北九州市,,,,,,,,,,,,,,,,,,,,,,,,,,,,原データ区名=小倉北区 / 原データ町名=熊谷 / 原データ建築年度=1982 / 原データ築年数=35 / 原データ延床面積（㎡）=6.61 / 原データ棟数=1 / 原データ主な構造=コンクリートブロック造 / 原データ耐震診断=不要 / 原データ耐震補強=不要 / 原データ建物所有者=市 / 原データ所管局=建設局 / 原データ所管課=公園管理課 / 原データ管理形態=直営
401005,40100-C372D83E84431015,北九州市,熊本公園トイレ,,,401005,,北九州市小倉北区熊本,福岡県,北九州市,,,,,,,,,,,,,,,,,,,,,,,,,,,,原データ区名=小倉北区 / 原データ町名=熊本 / 原データ建築年度=1970 / 原データ築年数=47 / 原データ延床面積（㎡）=6.00 / 原データ棟数=1 / 原データ主な構造=コンクリートブロック造 / 原データ耐震診断=不要 / 原データ耐震補強=不要 / 原データ建物所有者=市 / 原データ所管局=建設局 / 原データ所管課=公園管理課 / 原データ管理形態=直営
401005,40100-DE222D19FF0FA50D,北九州市,竪林公園トイレ,,,401005,,北九州市小倉北区弁天町,福岡県,北九州市,,,,,,,,,,,,,,,,,,,,,,,,,,,,原データ区名=小倉北区 / 原データ町名=弁天町 / 原データ建築年度=1983 / 原データ築年数=34 / 原データ延床面積（㎡）=5.25 / 原データ棟数=1 / 原データ主な構造=鉄筋コンクリート造 / 原データ耐震診断=不要 / 原データ耐震補強=不要 / 原データ建物所有者=市 / 原データ所管局=建設局 / 原データ所管課=公園管理課 / 原データ管理形態=直営
401005,40100-8E26CCA9A2A9F082,北九州市,古船場公園トイレ,,,401005,,北九州市小倉北区古船場町,福岡県,北九州市,,,,,,,,,,,,,,,,,,,,,,,,,,,,原データ区名=小倉北区 / 原データ町名=古船場町 / 原データ建築年度=1993 / 原データ築年数=24 / 原データ延床面積（㎡）=9.84 / 原データ棟数=1 / 原データ主な構造=鉄筋コンクリート造 / 原データ耐震診断=不要 / 原データ耐震補強=不要 / 原データ建物所有者=市 / 原データ所管局=建設局 / 原データ所管課=公園管理課 / 原データ管理形態=直営
401005,40100-2790F86130ADE867,北九州市,御幸公園トイレ,,,401005,,北九州市小倉北区下到津,福岡県,北九州市,,,,,,,,,,,,,,,,,,,,,,,,,,,,原データ区名=小倉北区 / 原データ町名=下到津 / 原データ建築年度=1983 / 原データ築年数=34 / 原データ延床面積（㎡）=5.25 / 原データ棟数=1 / 原データ主な構造=鉄筋コンクリート造 / 原データ耐震診断=不要 / 原データ耐震補強=不要 / 原データ建物所有者=市 / 原データ所管局=建設局 / 原データ所管課=公園管理課 / 原データ管理形態=直営
401005,40100-783E02D538D90F99,北九州市,くろずみ清張公園内トイレ,,,401005,,北九州市小倉北区黒住町,福岡県,北九州市,,,,,,,,,,,,,,,,,,,,,,,,,,,,原データ区名=小倉北区 / 原データ町名=黒住町 / 原データ建築年度=1998 / 原データ築年数=19 / 原データ延床面積（㎡）=14.58 / 原データ棟数=1 / 原データ主な構造=鉄筋コンクリート造 / 原データ耐震診断=不要 / 原データ耐震補強=不要 / 原データ建物所有者=市 / 原データ所管局=建設局 / 原データ所管課=公園管理課 / 原データ管理形態=直営
401005,40100-C759EF11C97C6097,北九州市,今町なかよし公園トイレ,,,401005,,北九州市小倉北区今町,福岡県,北九州市,,,,,,,,,,,,,,,,,,,,,,,,,,,,原データ区名=小倉北区 / 原データ町名=今町 / 原データ建築年度=1989 / 原データ築年数=28 / 原データ延床面積（㎡）=1.70 / 原データ棟数=1 / 原データ主な構造=コンクリートブロック造 / 原データ耐震診断=不要 / 原データ耐震補強=不要 / 原データ建物所有者=市 / 原データ所管局=建設局 / 原データ所管課=公園管理課 / 原データ管理形態=直営
401005,40100-932B3C62CED998B8,北九州市,今町河畔公園トイレ（１）,,,401005,,北九州市小倉北区今町,福岡県,北九州市,,,,,,,,,,,,,,,,,,,,,,,,,,,,原データ区名=小倉北区 / 原データ町名=今町 / 原データ建築年度=1995 / 原データ築年数=22 / 原データ延床面積（㎡）=17.10 / 原データ棟数=1 / 原データ主な構造=鉄筋コンクリート造 / 原データ耐震診断=不要 / 原データ耐震補強=不要 / 原データ建物所有者=市 / 原データ所管局=建設局 / 原データ所管課=公園管理課 / 原データ管理形態=直営
401005,40100-D4AED34E0A70C625,北九州市,今町河畔公園トイレ（２）,,,401005,,北九州市小倉北区今町,福岡県,北九州市,,,,,,,,,,,,,,,,,,,,,,,,,,,,原データ区名=小倉北区 / 原データ町名=今町 / 原データ建築年度=1995 / 原データ築年数=22 / 原データ延床面積（㎡）=1.95 / 原データ棟数=1 / 原データ主な構造=鉄筋コンクリート造 / 原データ耐震診断=不要 / 原データ耐震補強=不要 / 原データ建物所有者=市 / 原データ所管局=建設局 / 原データ所管課=公園管理課 / 原データ管理形態=直営
401005,40100-34EAE7DF8B887B6A,北九州市,堺町公園トイレ,,,401005,,北九州市小倉北区堺町,福岡県,北九州市,,,,,,,,,,,,,,,,,,,,,,,,,,,,原データ区名=小倉北区 / 原データ町名=堺町 / 原データ建築年度=2008 / 原データ築年数=9 / 原データ延床面積（㎡）=35.00 / 原データ棟数=1 / 原データ主な構造=鉄筋コンクリート造 / 原データ耐震診断=不要 / 原データ耐震補強=不要 / 原データ建物所有者=市 / 原データ所管局=建設局 / 原データ所管課=公園管理課 / 原データ管理形態=直営
401005,40100-FD284F706601F9D5,北九州市,三萩野北公園トイレ,,,401005,,北九州市小倉北区三萩野,福岡県,北九州市,,,,,,,,,,,,,,,,,,,,,,,,,,,,原データ区名=小倉北区 / 原データ町名=三萩野 / 原データ建築年度=1986 / 原データ築年数=31 / 原データ延床面積（㎡）=10.82 / 原データ棟数=1 / 原データ主な構造=強化セメントコンクリート / 原データ耐震診断=不要 / 原データ耐震補強=不要 / 原データ建物所有者=市 / 原データ所管局=建設局 / 原データ所管課=公園管理課 / 原データ管理形態=直営
401005,40100-16B1A681F1B2AB27,北九州市,三郎丸公園トイレ,,,401005,,北九州市小倉北区三郎丸,福岡県,北九州市,,,,,,,,,,,,,,,,,,,,,,,,,,,,原データ区名=小倉北区 / 原データ町名=三郎丸 / 原データ建築年度=1971 / 原データ築年数=46 / 原データ延床面積（㎡）=6.00 / 原データ棟数=1 / 原データ主な構造=コンクリートブロック造 / 原データ耐震診断=不要 / 原データ耐震補強=不要 / 原データ建物所有者=市 / 原データ所管局=建設局 / 原データ所管課=公園管理課 / 原データ管理形態=直営
401005,40100-DF20E478E7E74871,北九州市,山門町公園トイレ,,,401005,,北九州市小倉北区山門町,福岡県,北九州市,,,,,,,,,,,,,,,,,,,,,,,,,,,,原データ区名=小倉北区 / 原データ町名=山門町 / 原データ建築年度=1987 / 原データ築年数=30 / 原データ延床面積（㎡）=8.33 / 原データ棟数=1 / 原データ主な構造=鉄筋コンクリート造 / 原データ耐震診断=不要 / 原データ耐震補強=不要 / 原データ建物所有者=市 / 原データ所管局=建設局 / 原データ所管課=公園管理課 / 原データ管理形態=直営
401005,40100-6A19C67257717649,北九州市,紫水公園トイレ,,,401005,,北九州市小倉北区木町,福岡県,北九州市,,,,,,,,,,,,,,,,,,,,,,,,,,,,原データ区名=小倉北区 / 原データ町名=木町 / 原データ建築年度=1972 / 原データ築年数=45 / 原データ延床面積（㎡）=6.57 / 原データ棟数=1 / 原データ主な構造=コンクリートブロック造 / 原データ耐震診断=不要 / 原データ耐震補強=不要 / 原データ建物所有者=市 / 原データ所管局=建設局 / 原データ所管課=公園管理課 / 原データ管理形態=直営
401005,40100-C6A63CF86D9BB0A7,北九州市,篠崎西公園トイレ,,,401005,,北九州市小倉北区篠崎,福岡県,北九州市,,,,,,,,,,,,,,,,,,,,,,,,,,,,原データ区名=小倉北区 / 原データ町名=篠崎 / 原データ建築年度=1981 / 原データ築年数=36 / 原データ延床面積（㎡）=5.25 / 原データ棟数=1 / 原データ主な構造=鉄筋コンクリート造 / 原データ耐震診断=不要 / 原データ耐震補強=不要 / 原データ建物所有者=市 / 原データ所管局=建設局 / 原データ所管課=公園管理課 / 原データ管理形態=直営
401005,40100-F5B6029B8A87D785,北九州市,手向山公園トイレ,,,401005,,北九州市小倉北区赤坂,福岡県,北九州市,,,,,,,,,,,,,,,,,,,,,,,,,,,,原データ区名=小倉北区 / 原データ町名=赤坂 / 原データ建築年度=1993 / 原データ築年数=24 / 原データ延床面積（㎡）=9.40 / 原データ棟数=1 / 原データ主な構造=鉄筋コンクリート造 / 原データ耐震診断=不要 / 原データ耐震補強=不要 / 原データ建物所有者=市 / 原データ所管局=建設局 / 原データ所管課=公園管理課 / 原データ管理形態=直営
401005,40100-B6D0A42EB8EA02C3,北九州市,小熊野公園トイレ,,,401005,,北九州市小倉北区熊谷,福岡県,北九州市,,,,,,,,,,,,,,,,,,,,,,,,,,,,原データ区名=小倉北区 / 原データ町名=熊谷 / 原データ建築年度=1998 / 原データ築年数=19 / 原データ延床面積（㎡）=1.60 / 原データ棟数=1 / 原データ主な構造=鉄筋コンクリート造 / 原データ耐震診断=不要 / 原データ耐震補強=不要 / 原データ建物所有者=市 / 原データ所管局=建設局 / 原データ所管課=公園管理課 / 原データ管理形態=直営
401005,40100-BC0E9938257F98AE,北九州市,小倉藤松公園トイレ,,,401005,,北九州市小倉北区足原,福岡県,北九州市,,,,,,,,,,,,,,,,,,,,,,,,,,,,原データ区名=小倉北区 / 原データ町名=足原 / 原データ建築年度=1983 / 原データ築年数=34 / 原データ延床面積（㎡）=1.70 / 原データ棟数=1 / 原データ主な構造=鉄筋コンクリート造 / 原データ耐震診断=不要 / 原データ耐震補強=不要 / 原データ建物所有者=市 / 原データ所管局=建設局 / 原データ所管課=公園管理課 / 原データ管理形態=直営
401005,40100-4DA37D5209EA75B5,北九州市,上富野東公園トイレ,,,401005,,北九州市小倉北区上富野,福岡県,北九州市,,,,,,,,,,,,,,,,,,,,,,,,,,,,原データ区名=小倉北区 / 原データ町名=上富野 / 原データ建築年度=2007 / 原データ築年数=10 / 原データ延床面積（㎡）=1.70 / 原データ棟数=1 / 原データ主な構造=アルミ / 原データ耐震診断=不要 / 原データ耐震補強=不要 / 原データ建物所有者=市 / 原データ所管局=建設局 / 原データ所管課=公園管理課 / 原データ管理形態=直営
401005,40100-B8F9CABE9E9AC365,北九州市,新鶴公園トイレ,,,401005,,北九州市小倉北区真鶴,福岡県,北九州市,,,,,,,,,,,,,,,,,,,,,,,,,,,,原データ区名=小倉北区 / 原データ町名=真鶴 / 原データ建築年度=不明 / 原データ築年数=不明 / 原データ延床面積（㎡）=11.30 / 原データ棟数=1 / 原データ主な構造=コンクリートブロック造 / 原データ耐震診断=不要 / 原データ耐震補強=不要 / 原データ建物所有者=市 / 原データ所管局=建設局 / 原データ所管課=公園管理課 / 原データ管理形態=直営
401005,40100-5F98A974E4D472A4,北九州市,真鶴公園トイレ,,,401005,,北九州市小倉北区真鶴,福岡県,北九州市,,,,,,,,,,,,,,,,,,,,,,,,,,,,原データ区名=小倉北区 / 原データ町名=真鶴 / 原データ建築年度=2015 / 原データ築年数=2 / 原データ延床面積（㎡）=4.46 / 原データ棟数=1 / 原データ主な構造=鉄筋コンクリート造 / 原データ耐震診断=不要 / 原データ耐震補強=不要 / 原データ建物所有者=市 / 原データ所管局=建設局 / 原データ所管課=公園管理課 / 原データ管理形態=直営
401005,40100-139044F66B421A7A,北九州市,赤坂桜城公園トイレ,,,401005,,北九州市小倉北区赤坂,福岡県,北九州市,,,,,,,,,,,,,,,,,,,,,,,,,,,,原データ区名=小倉北区 / 原データ町名=赤坂 / 原データ建築年度=1997 / 原データ築年数=20 / 原データ延床面積（㎡）=1.40 / 原データ棟数=1 / 原データ主な構造=鉄筋コンクリート造 / 原データ耐震診断=不要 / 原データ耐震補強=不要 / 原データ建物所有者=市 / 原データ所管局=建設局 / 原データ所管課=公園管理課 / 原データ管理形態=直営
401005,40100-412F70D4664675D7,北九州市,泉ケ丘東公園トイレ,,,401005,,北九州市小倉北区泉台,福岡県,北九州市,,,,,,,,,,,,,,,,,,,,,,,,,,,,原データ区名=小倉北区 / 原データ町名=泉台 / 原データ建築年度=1987 / 原データ築年数=30 / 原データ延床面積（㎡）=5.44 / 原データ棟数=1 / 原データ主な構造=鉄筋コンクリート造 / 原データ耐震診断=不要 / 原データ耐震補強=不要 / 原データ建物所有者=市 / 原データ所管局=建設局 / 原データ所管課=公園管理課 / 原データ管理形態=直営
401005,40100-C568D49CC88A5527,北九州市,足立公園トイレ（桜馬場）,,,401005,,北九州市小倉北区妙見町,福岡県,北九州市,,,,,,,,,,,,,,,,,,,,,,,,,,,,原データ区名=小倉北区 / 原データ町名=妙見町 / 原データ建築年度=1998 / 原データ築年数=19 / 原データ延床面積（㎡）=22.23 / 原データ棟数=1 / 原データ主な構造=鉄筋コンクリート造 / 原データ耐震診断=不要 / 原データ耐震補強=不要 / 原データ建物所有者=市 / 原データ所管局=建設局 / 原データ所管課=公園管理課 / 原データ管理形態=直営
401005,40100-F789C7B9386647C7,北九州市,足立公園トイレ（森林公園）,,,401005,,北九州市小倉北区寿山町,福岡県,北九州市,,,,,,,,,,,,,,,,,,,,,,,,,,,,原データ区名=小倉北区 / 原データ町名=寿山町 / 原データ建築年度=1994 / 原データ築年数=23 / 原データ延床面積（㎡）=25.20 / 原データ棟数=1 / 原データ主な構造=鉄筋コンクリート造 / 原データ耐震診断=不要 / 原データ耐震補強=不要 / 原データ建物所有者=市 / 原データ所管局=建設局 / 原データ所管課=公園管理課 / 原データ管理形態=直営
401005,40100-4A109A1D286BC3DC,北九州市,足立公園トイレ（平和公園）,,,401005,,北九州市小倉北区黒原,福岡県,北九州市,,,,,,,,,,,,,,,,,,,,,,,,,,,,原データ区名=小倉北区 / 原データ町名=黒原 / 原データ建築年度=1999 / 原データ築年数=18 / 原データ延床面積（㎡）=22.23 / 原データ棟数=1 / 原データ主な構造=鉄筋コンクリート造 / 原データ耐震診断=不要 / 原データ耐震補強=不要 / 原データ建物所有者=市 / 原データ所管局=建設局 / 原データ所管課=公園管理課 / 原データ管理形態=直営
401005,40100-E248CB3EE53565BF,北九州市,足立公園トイレ（望玄荘下）,,,401005,,北九州市小倉北区小文字,福岡県,北九州市,,,,,,,,,,,,,,,,,,,,,,,,,,,,原データ区名=小倉北区 / 原データ町名=小文字 / 原データ建築年度=2002 / 原データ築年数=15 / 原データ延床面積（㎡）=14.64 / 原データ棟数=1 / 原データ主な構造=鉄筋コンクリート造 / 原データ耐震診断=不要 / 原データ耐震補強=不要 / 原データ建物所有者=市 / 原データ所管局=建設局 / 原データ所管課=公園管理課 / 原データ管理形態=直営
401005,40100-399AD23712025FEE,北九州市,足立三丁目公園トイレ,,,401005,,北九州市小倉北区足立,福岡県,北九州市,,,,,,,,,,,,,,,,,,,,,,,,,,,,原データ区名=小倉北区 / 原データ町名=足立 / 原データ建築年度=1982 / 原データ築年数=35 / 原データ延床面積（㎡）=6.61 / 原データ棟数=1 / 原データ主な構造=コンクリートブロック造 / 原データ耐震診断=不要 / 原データ耐震補強=不要 / 原データ建物所有者=市 / 原データ所管局=建設局 / 原データ所管課=公園管理課 / 原データ管理形態=直営
401005,40100-779D2DE1725A41AB,北九州市,大手町公園トイレ（１）北側,,,401005,,北九州市小倉北区大手町,福岡県,北九州市,,,,,,,,,,,,,,,,,,,,,,,,,,,,原データ区名=小倉北区 / 原データ町名=大手町 / 原データ建築年度=1990 / 原データ築年数=27 / 原データ延床面積（㎡）=11.42 / 原データ棟数=1 / 原データ主な構造=鉄筋コンクリート造 / 原データ耐震診断=不要 / 原データ耐震補強=不要 / 原データ建物所有者=市 / 原データ所管局=建設局 / 原データ所管課=公園管理課 / 原データ管理形態=直営
401005,40100-F3650B1EF29CEA5A,北九州市,大手町公園トイレ（２）高速道路側,,,401005,,北九州市小倉北区大手町,福岡県,北九州市,,,,,,,,,,,,,,,,,,,,,,,,,,,,原データ区名=小倉北区 / 原データ町名=大手町 / 原データ建築年度=2003 / 原データ築年数=14 / 原データ延床面積（㎡）=3.60 / 原データ棟数=1 / 原データ主な構造=ユニット / 原データ耐震診断=不要 / 原データ耐震補強=不要 / 原データ建物所有者=市 / 原データ所管局=建設局 / 原データ所管課=公園管理課 / 原データ管理形態=直営
401005,40100-BBB651F3F0E2F6C9,北九州市,中井２号公園トイレ,,,401005,,北九州市小倉北区中井,福岡県,北九州市,,,,,,,,,,,,,,,,,,,,,,,,,,,,原データ区名=小倉北区 / 原データ町名=中井 / 原データ建築年度=1989 / 原データ築年数=28 / 原データ延床面積（㎡）=1.70 / 原データ棟数=1 / 原データ主な構造=鉄筋コンクリート造 / 原データ耐震診断=不要 / 原データ耐震補強=不要 / 原データ建物所有者=市 / 原データ所管局=建設局 / 原データ所管課=公園管理課 / 原データ管理形態=直営
401005,40100-6D3853353FF87972,北九州市,中津口公園トイレ,,,401005,,北九州市小倉北区中津口,福岡県,北九州市,,,,,,,,,,,,,,,,,,,,,,,,,,,,原データ区名=小倉北区 / 原データ町名=中津口 / 原データ建築年度=不明 / 原データ築年数=不明 / 原データ延床面積（㎡）=6.19 / 原データ棟数=1 / 原データ主な構造=コンクリートブロック造 / 原データ耐震診断=不要 / 原データ耐震補強=不要 / 原データ建物所有者=市 / 原データ所管局=建設局 / 原データ所管課=公園管理課 / 原データ管理形態=直営
401005,40100-569384B430866C3D,北九州市,鋳物師西公園トイレ,,,401005,,北九州市小倉北区鋳物師町,福岡県,北九州市,,,,,,,,,,,,,,,,,,,,,,,,,,,,原データ区名=小倉北区 / 原データ町名=鋳物師町 / 原データ建築年度=2008 / 原データ築年数=9 / 原データ延床面積（㎡）=5.33 / 原データ棟数=1 / 原データ主な構造=鉄筋コンクリート造 / 原データ耐震診断=不要 / 原データ耐震補強=不要 / 原データ建物所有者=市 / 原データ所管局=建設局 / 原データ所管課=公園管理課 / 原データ管理形態=直営
401005,40100-5F502633236F6A90,北九州市,東港公園トイレ,,,401005,,北九州市小倉北区東港,福岡県,北九州市,,,,,,,,,,,,,,,,,,,,,,,,,,,,原データ区名=小倉北区 / 原データ町名=東港 / 原データ建築年度=1982 / 原データ築年数=35 / 原データ延床面積（㎡）=21.32 / 原データ棟数=1 / 原データ主な構造=鉄筋コンクリート造 / 原データ耐震診断=不要 / 原データ耐震補強=不要 / 原データ建物所有者=市 / 原データ所管局=建設局 / 原データ所管課=公園管理課 / 原データ管理形態=直営
401005,40100-121628F6EF363562,北九州市,東篠崎ふれあい公園トイレ,,,401005,,北九州市小倉北区東篠崎,福岡県,北九州市,,,,,,,,,,,,,,,,,,,,,,,,,,,,原データ区名=小倉北区 / 原データ町名=東篠崎 / 原データ建築年度=2011 / 原データ築年数=6 / 原データ延床面積（㎡）=6.91 / 原データ棟数=1 / 原データ主な構造=鉄筋コンクリート造 / 原データ耐震診断=不要 / 原データ耐震補強=不要 / 原データ建物所有者=市 / 原データ所管局=建設局 / 原データ所管課=公園管理課 / 原データ管理形態=直営
401005,40100-55D3E5FD23B1CE6A,北九州市,到津八幡公園トイレ,,,401005,,北九州市小倉北区上到津,福岡県,北九州市,,,,,,,,,,,,,,,,,,,,,,,,,,,,原データ区名=小倉北区 / 原データ町名=上到津 / 原データ建築年度=1996 / 原データ築年数=21 / 原データ延床面積（㎡）=24.18 / 原データ棟数=1 / 原データ主な構造=コンクリートブロック造 / 原データ耐震診断=不要 / 原データ耐震補強=不要 / 原データ建物所有者=市 / 原データ所管局=建設局 / 原データ所管課=公園管理課 / 原データ管理形態=直営
401005,40100-315E6399B8312222,北九州市,南ケ丘ｺﾐｭﾆﾃｨｰ公園トイレ,,,401005,,北九州市小倉北区南丘,福岡県,北九州市,,,,,,,,,,,,,,,,,,,,,,,,,,,,原データ区名=小倉北区 / 原データ町名=南丘 / 原データ建築年度=1983 / 原データ築年数=34 / 原データ延床面積（㎡）=5.25 / 原データ棟数=1 / 原データ主な構造=鉄筋コンクリート造 / 原データ耐震診断=不要 / 原データ耐震補強=不要 / 原データ建物所有者=市 / 原データ所管局=建設局 / 原データ所管課=公園管理課 / 原データ管理形態=直営
401005,40100-760F3F0D98BBEB5E,北九州市,南小倉公園トイレ,,,401005,,北九州市小倉北区新高田,福岡県,北九州市,,,,,,,,,,,,,,,,,,,,,,,,,,,,原データ区名=小倉北区 / 原データ町名=新高田 / 原データ建築年度=2010 / 原データ築年数=7 / 原データ延床面積（㎡）=11.88 / 原データ棟数=1 / 原データ主な構造=鉄筋コンクリート造 / 原データ耐震診断=不要 / 原データ耐震補強=不要 / 原データ建物所有者=市 / 原データ所管局=建設局 / 原データ所管課=公園管理課 / 原データ管理形態=直営
401005,40100-D5B11104C20F0EEA,北九州市,日明公園トイレ,,,401005,,北九州市小倉北区日明,福岡県,北九州市,,,,,,,,,,,,,,,,,,,,,,,,,,,,原データ区名=小倉北区 / 原データ町名=日明 / 原データ建築年度=1970 / 原データ築年数=47 / 原データ延床面積（㎡）=7.00 / 原データ棟数=1 / 原データ主な構造=コンクリートブロック造 / 原データ耐震診断=不要 / 原データ耐震補強=不要 / 原データ建物所有者=市 / 原データ所管局=建設局 / 原データ所管課=公園管理課 / 原データ管理形態=直営
401005,40100-93118D6D9C4317C5,北九州市,日明西公園トイレ,,,401005,,北九州市小倉北区日明,福岡県,北九州市,,,,,,,,,,,,,,,,,,,,,,,,,,,,原データ区名=小倉北区 / 原データ町名=日明 / 原データ建築年度=1998 / 原データ築年数=19 / 原データ延床面積（㎡）=1.60 / 原データ棟数=1 / 原データ主な構造=鉄筋コンクリート造 / 原データ耐震診断=不要 / 原データ耐震補強=不要 / 原データ建物所有者=市 / 原データ所管局=建設局 / 原データ所管課=公園管理課 / 原データ管理形態=直営
401005,40100-564A92D335DB9584,北九州市,日明臨海公園トイレ（１）,,,401005,,北九州市小倉北区西港町,福岡県,北九州市,,,,,,,,,,,,,,,,,,,,,,,,,,,,原データ区名=小倉北区 / 原データ町名=西港町 / 原データ建築年度=1995 / 原データ築年数=22 / 原データ延床面積（㎡）=6.70 / 原データ棟数=1 / 原データ主な構造=鉄筋コンクリート造 / 原データ耐震診断=不要 / 原データ耐震補強=不要 / 原データ建物所有者=市 / 原データ所管局=建設局 / 原データ所管課=公園管理課 / 原データ管理形態=直営
401005,40100-E1F41CAC99A7724B,北九州市,日明臨海公園トイレ（２）,,,401005,,北九州市小倉北区西港町,福岡県,北九州市,,,,,,,,,,,,,,,,,,,,,,,,,,,,原データ区名=小倉北区 / 原データ町名=西港町 / 原データ建築年度=2012 / 原データ築年数=5 / 原データ延床面積（㎡）=19.20 / 原データ棟数=1 / 原データ複合の状況=複数棟 / 原データ主たる施設名=日明臨海公園 / 原データ主な構造=鉄筋コンクリート造 / 原データ耐震診断=不要 / 原データ耐震補強=不要 / 原データ建物所有者=市 / 原データ所管局=建設局 / 原データ所管課=公園管理課 / 原データ管理形態=直営
401005,40100-A2FFF577E1E8FCF5,北九州市,米町公園トイレ,,,401005,,北九州市小倉北区京町,福岡県,北九州市,,,,,,,,,,,,,,,,,,,,,,,,,,,,原データ区名=小倉北区 / 原データ町名=京町 / 原データ建築年度=2014 / 原データ築年数=3 / 原データ延床面積（㎡）=18.87 / 原データ棟数=1 / 原データ主な構造=鉄筋コンクリート造 / 原データ耐震診断=不要 / 原データ耐震補強=不要 / 原データ建物所有者=市 / 原データ所管局=建設局 / 原データ所管課=公園管理課 / 原データ管理形態=直営
401005,40100-1CA048B9628A5F6A,北九州市,片野南公園トイレ,,,401005,,北九州市小倉北区片野,福岡県,北九州市,,,,,,,,,,,,,,,,,,,,,,,,,,,,原データ区名=小倉北区 / 原データ町名=片野 / 原データ建築年度=1992 / 原データ築年数=25 / 原データ延床面積（㎡）=1.70 / 原データ棟数=1 / 原データ主な構造=鉄筋コンクリート造 / 原データ耐震診断=不要 / 原データ耐震補強=不要 / 原データ建物所有者=市 / 原データ所管局=建設局 / 原データ所管課=公園管理課 / 原データ管理形態=直営
401005,40100-84A4A0FDBCD8E56E,北九州市,北小倉さざんか公園トイレ,,,401005,,北九州市小倉北区中井,福岡県,北九州市,,,,,,,,,,,,,,,,,,,,,,,,,,,,原データ区名=小倉北区 / 原データ町名=中井 / 原データ建築年度=2005 / 原データ築年数=12 / 原データ延床面積（㎡）=6.40 / 原データ棟数=1 / 原データ主な構造=鉄筋コンクリート造 / 原データ耐震診断=不要 / 原データ耐震補強=不要 / 原データ建物所有者=市 / 原データ所管局=建設局 / 原データ所管課=公園管理課 / 原データ管理形態=直営
401005,40100-8C4B374F799CCFA5,北九州市,霧ケ丘公園トイレ,,,401005,,北九州市小倉北区霧ケ丘,福岡県,北九州市,,,,,,,,,,,,,,,,,,,,,,,,,,,,原データ区名=小倉北区 / 原データ町名=霧ケ丘 / 原データ建築年度=1986 / 原データ築年数=31 / 原データ延床面積（㎡）=1.44 / 原データ棟数=1 / 原データ主な構造=鉄筋コンクリート造 / 原データ耐震診断=不要 / 原データ耐震補強=不要 / 原データ建物所有者=市 / 原データ所管局=建設局 / 原データ所管課=公園管理課 / 原データ管理形態=直営
401005,40100-A8DA357EE297B7F9,北九州市,霧ケ丘二丁目公園トイレ,,,401005,,北九州市小倉北区霧ケ丘,福岡県,北九州市,,,,,,,,,,,,,,,,,,,,,,,,,,,,原データ区名=小倉北区 / 原データ町名=霧ケ丘 / 原データ建築年度=2000 / 原データ築年数=17 / 原データ延床面積（㎡）=3.60 / 原データ棟数=1 / 原データ主な構造=ユニット / 原データ耐震診断=不要 / 原データ耐震補強=不要 / 原データ建物所有者=市 / 原データ所管局=建設局 / 原データ所管課=公園管理課 / 原データ管理形態=直営
401005,40100-1CE78142D5704084,北九州市,明和町公園トイレ,,,401005,,北九州市小倉北区明和町,福岡県,北九州市,,,,,,,,,,,,,,,,,,,,,,,,,,,,原データ区名=小倉北区 / 原データ町名=明和町 / 原データ建築年度=1995 / 原データ築年数=22 / 原データ延床面積（㎡）=8.80 / 原データ棟数=1 / 原データ主な構造=鉄筋コンクリート造 / 原データ耐震診断=不要 / 原データ耐震補強=不要 / 原データ建物所有者=市 / 原データ所管局=建設局 / 原データ所管課=公園管理課 / 原データ管理形態=直営
401005,40100-94BD8DF34847B316,北九州市,木町公園トイレ,,,401005,,北九州市小倉北区木町,福岡県,北九州市,,,,,,,,,,,,,,,,,,,,,,,,,,,,原データ区名=小倉北区 / 原データ町名=木町 / 原データ建築年度=1998 / 原データ築年数=19 / 原データ延床面積（㎡）=8.80 / 原データ棟数=1 / 原データ主な構造=鉄筋コンクリート造 / 原データ耐震診断=不要 / 原データ耐震補強=不要 / 原データ建物所有者=市 / 原データ所管局=建設局 / 原データ所管課=公園管理課 / 原データ管理形態=直営
401005,40100-CBA760E371F7CC24,北九州市,木町三丁目公園トイレ,,,401005,,北九州市小倉北区木町,福岡県,北九州市,,,,,,,,,,,,,,,,,,,,,,,,,,,,原データ区名=小倉北区 / 原データ町名=木町 / 原データ建築年度=2010 / 原データ築年数=7 / 原データ延床面積（㎡）=11.88 / 原データ棟数=1 / 原データ主な構造=コンクリートブロック造 / 原データ耐震診断=不要 / 原データ耐震補強=不要 / 原データ建物所有者=市 / 原データ所管局=建設局 / 原データ所管課=公園管理課 / 原データ管理形態=直営
401005,40100-AA96616FC8FD72BE,北九州市,櫓山荘公園トイレ,,,401005,,北九州市小倉北区中井浜,福岡県,北九州市,,,,,,,,,,,,,,,,,,,,,,,,,,,,原データ区名=小倉北区 / 原データ町名=中井浜 / 原データ建築年度=2007 / 原データ築年数=10 / 原データ延床面積（㎡）=24.70 / 原データ棟数=1 / 原データ主な構造=鉄筋コンクリート造 / 原データ耐震診断=不要 / 原データ耐震補強=不要 / 原データ建物所有者=市 / 原データ所管局=建設局 / 原データ所管課=公園管理課 / 原データ管理形態=直営
401005,40100-5C5B0AD814906052,北九州市,下到津公園トイレ,,,401005,,北九州市小倉北区下到津,福岡県,北九州市,,,,,,,,,,,,,,,,,,,,,,,,,,,,原データ区名=小倉北区 / 原データ町名=下到津 / 原データ建築年度=1972 / 原データ築年数=45 / 原データ延床面積（㎡）=6.18 / 原データ棟数=1 / 原データ主な構造=コンクリートブロック造 / 原データ耐震診断=不要 / 原データ耐震補強=不要 / 原データ建物所有者=市 / 原データ所管局=建設局 / 原データ所管課=公園管理課 / 原データ管理形態=直営
401005,40100-046FB66A144FC0BF,北九州市,浅野町緑地トイレ,,,401005,,北九州市小倉北区浅野,福岡県,北九州市,,,,,,,,,,,,,,,,,,,,,,,,,,,,原データ区名=小倉北区 / 原データ町名=浅野 / 原データ建築年度=2016 / 原データ築年数=1 / 原データ延床面積（㎡）=14.01 / 原データ棟数=1 / 原データ主な構造=鉄筋コンクリート造 / 原データ耐震診断=不要 / 原データ耐震補強=不要 / 原データ建物所有者=市 / 原データ所管局=建設局 / 原データ所管課=公園管理課 / 原データ管理形態=直営
401005,40100-09FA46F3989D6339,北九州市,文化記念公園トイレ（１）日本庭園,,,401005,,北九州市小倉南区田原,福岡県,北九州市,,,,,,,,,,,,,,,,,,,,,,,,,,,,原データ区名=小倉南区 / 原データ町名=田原 / 原データ建築年度=1988 / 原データ築年数=29 / 原データ延床面積（㎡）=31.60 / 原データ棟数=1 / 原データ主な構造=鉄筋コンクリート造 / 原データ耐震診断=不要 / 原データ耐震補強=不要 / 原データ建物所有者=市 / 原データ所管局=建設局 / 原データ所管課=公園管理課 / 原データ管理形態=直営
401005,40100-C182971386EE6DC8,北九州市,文化記念公園トイレ（２）グラウンド,,,401005,,北九州市小倉南区田原,福岡県,北九州市,,,,,,,,,,,,,,,,,,,,,,,,,,,,原データ区名=小倉南区 / 原データ町名=田原 / 原データ建築年度=1992 / 原データ築年数=25 / 原データ延床面積（㎡）=24.00 / 原データ棟数=1 / 原データ主な構造=鉄筋コンクリート造 / 原データ耐震診断=不要 / 原データ耐震補強=不要 / 原データ建物所有者=市 / 原データ所管局=建設局 / 原データ所管課=公園管理課 / 原データ管理形態=直営
401005,40100-24843B29352A37FA,北九州市,長野緑地トイレ（１）,,,401005,,北九州市小倉南区大字長野,福岡県,北九州市,,,,,,,,,,,,,,,,,,,,,,,,,,,,原データ区名=小倉南区 / 原データ町名=大字長野 / 原データ建築年度=2003 / 原データ築年数=14 / 原データ延床面積（㎡）=41.04 / 原データ棟数=1 / 原データ主な構造=鉄筋コンクリート造 / 原データ耐震診断=不要 / 原データ耐震補強=不要 / 原データ建物所有者=市 / 原データ所管局=建設局 / 原データ所管課=公園管理課 / 原データ管理形態=直営
401005,40100-FF40AB3BCF1697A9,北九州市,長野緑地トイレ（鉄）,,,401005,,北九州市小倉南区大字長野,福岡県,北九州市,,,,,,,,,,,,,,,,,,,,,,,,,,,,原データ区名=小倉南区 / 原データ町名=大字長野 / 原データ建築年度=2012 / 原データ築年数=5 / 原データ延床面積（㎡）=25.13 / 原データ棟数=1 / 原データ主な構造=鉄骨造 / 原データ耐震診断=不要 / 原データ耐震補強=不要 / 原データ建物所有者=市 / 原データ所管局=建設局 / 原データ所管課=公園管理課 / 原データ管理形態=直営
401005,40100-FC6545D59E5C45A2,北九州市,長野緑地トイレ（芝生広場）,,,401005,,北九州市小倉南区大字長野,福岡県,北九州市,,,,,,,,,,,,,,,,,,,,,,,,,,,,原データ区名=小倉南区 / 原データ町名=大字長野 / 原データ建築年度=2012 / 原データ築年数=5 / 原データ延床面積（㎡）=26.89 / 原データ棟数=1 / 原データ主な構造=鉄筋コンクリート造 / 原データ耐震診断=不要 / 原データ耐震補強=不要 / 原データ建物所有者=市 / 原データ所管局=建設局 / 原データ所管課=公園管理課 / 原データ管理形態=直営
401005,40100-AC9659EDCB63CD5A,北九州市,安部山公園トイレ,,,401005,,北九州市小倉南区安部山,福岡県,北九州市,,,,,,,,,,,,,,,,,,,,,,,,,,,,原データ区名=小倉南区 / 原データ町名=安部山 / 原データ建築年度=2009 / 原データ築年数=8 / 原データ延床面積（㎡）=26.86 / 原データ棟数=1 / 原データ主な構造=鉄筋コンクリート造 / 原データ耐震診断=不要 / 原データ耐震補強=不要 / 原データ建物所有者=市 / 原データ所管局=建設局 / 原データ所管課=公園管理課 / 原データ管理形態=直営
401005,40100-839024EF55EBBACB,北九州市,横代２号公園トイレ,,,401005,,北九州市小倉南区横代南町,福岡県,北九州市,,,,,,,,,,,,,,,,,,,,,,,,,,,,原データ区名=小倉南区 / 原データ町名=横代南町 / 原データ建築年度=1989 / 原データ築年数=28 / 原データ延床面積（㎡）=1.70 / 原データ棟数=1 / 原データ主な構造=鉄筋コンクリート造 / 原データ耐震診断=不要 / 原データ耐震補強=不要 / 原データ建物所有者=市 / 原データ所管局=建設局 / 原データ所管課=公園管理課 / 原データ管理形態=直営
401005,40100-44433D200D6D2A61,北九州市,横代公園トイレ,,,401005,,北九州市小倉南区横代南町,福岡県,北九州市,,,,,,,,,,,,,,,,,,,,,,,,,,,,原データ区名=小倉南区 / 原データ町名=横代南町 / 原データ建築年度=1991 / 原データ築年数=26 / 原データ延床面積（㎡）=1.70 / 原データ棟数=1 / 原データ主な構造=鉄筋コンクリート造 / 原データ耐震診断=不要 / 原データ耐震補強=不要 / 原データ建物所有者=市 / 原データ所管局=建設局 / 原データ所管課=公園管理課 / 原データ管理形態=直営
401005,40100-BC069CB7B4B08F16,北九州市,横代中央公園トイレ,,,401005,,北九州市小倉南区上石田,福岡県,北九州市,,,,,,,,,,,,,,,,,,,,,,,,,,,,原データ区名=小倉南区 / 原データ町名=上石田 / 原データ建築年度=1992 / 原データ築年数=25 / 原データ延床面積（㎡）=21.25 / 原データ棟数=1 / 原データ主な構造=鉄筋コンクリート造 / 原データ耐震診断=不要 / 原データ耐震補強=不要 / 原データ建物所有者=市 / 原データ所管局=建設局 / 原データ所管課=公園管理課 / 原データ管理形態=直営
401005,40100-D1E7B51B15952A44,北九州市,下曽根中公園トイレ,,,401005,,北九州市小倉南区下曽根,福岡県,北九州市,,,,,,,,,,,,,,,,,,,,,,,,,,,,原データ区名=小倉南区 / 原データ町名=下曽根 / 原データ建築年度=1989 / 原データ築年数=28 / 原データ延床面積（㎡）=1.70 / 原データ棟数=1 / 原データ主な構造=鉄筋コンクリート造 / 原データ耐震診断=不要 / 原データ耐震補強=不要 / 原データ建物所有者=市 / 原データ所管局=建設局 / 原データ所管課=公園管理課 / 原データ管理形態=直営
401005,40100-73DF45FE5E81AB8D,北九州市,葛原公園トイレ,,,401005,,北九州市小倉南区葛原本町,福岡県,北九州市,,,,,,,,,,,,,,,,,,,,,,,,,,,,原データ区名=小倉南区 / 原データ町名=葛原本町 / 原データ建築年度=1989 / 原データ築年数=28 / 原データ延床面積（㎡）=8.90 / 原データ棟数=1 / 原データ主な構造=鉄筋コンクリート造 / 原データ耐震診断=不要 / 原データ耐震補強=不要 / 原データ建物所有者=市 / 原データ所管局=建設局 / 原データ所管課=公園管理課 / 原データ管理形態=直営
401005,40100-C53E9CAEC917BCAF,北九州市,葛原東ふれあい公園トイレ,,,401005,,北九州市小倉南区葛原東,福岡県,北九州市,,,,,,,,,,,,,,,,,,,,,,,,,,,,原データ区名=小倉南区 / 原データ町名=葛原東 / 原データ建築年度=1991 / 原データ築年数=26 / 原データ延床面積（㎡）=8.00 / 原データ棟数=1 / 原データ主な構造=鉄筋コンクリート造 / 原データ耐震診断=不要 / 原データ耐震補強=不要 / 原データ建物所有者=市 / 原データ所管局=建設局 / 原データ所管課=公園管理課 / 原データ管理形態=直営
401005,40100-562D5B5C6EB2DEE5,北九州市,葛原本町五丁目公園トイレ,,,401005,,北九州市小倉南区葛原本町,福岡県,北九州市,,,,,,,,,,,,,,,,,,,,,,,,,,,,原データ区名=小倉南区 / 原データ町名=葛原本町 / 原データ建築年度=1987 / 原データ築年数=30 / 原データ延床面積（㎡）=1.70 / 原データ棟数=1 / 原データ主な構造=鉄筋コンクリート造 / 原データ耐震診断=不要 / 原データ耐震補強=不要 / 原データ建物所有者=市 / 原データ所管局=建設局 / 原データ所管課=公園管理課 / 原データ管理形態=直営
401005,40100-E69D1C6E7500C4EF,北九州市,貫中央公園トイレ,,,401005,,北九州市小倉南区貫弥生が丘,福岡県,北九州市,,,,,,,,,,,,,,,,,,,,,,,,,,,,原データ区名=小倉南区 / 原データ町名=貫弥生が丘 / 原データ建築年度=1989 / 原データ築年数=28 / 原データ延床面積（㎡）=11.50 / 原データ棟数=1 / 原データ主な構造=鉄筋コンクリート造 / 原データ耐震診断=不要 / 原データ耐震補強=不要 / 原データ建物所有者=市 / 原データ所管局=建設局 / 原データ所管課=公園管理課 / 原データ管理形態=直営
401005,40100-D8C82ABF79BE2ED7,北九州市,吉田公園トイレ,,,401005,,北九州市小倉南区下吉田,福岡県,北九州市,,,,,,,,,,,,,,,,,,,,,,,,,,,,原データ区名=小倉南区 / 原データ町名=下吉田 / 原データ建築年度=1995 / 原データ築年数=22 / 原データ延床面積（㎡）=9.90 / 原データ棟数=1 / 原データ主な構造=鉄筋コンクリート造 / 原データ耐震診断=不要 / 原データ耐震補強=不要 / 原データ建物所有者=市 / 原データ所管局=建設局 / 原データ所管課=公園管理課 / 原データ管理形態=直営
401005,40100-6D8697EEB622F46C,北九州市,吉田太陽の丘公園トイレ,,,401005,,北九州市小倉南区中吉田,福岡県,北九州市,,,,,,,,,,,,,,,,,,,,,,,,,,,,原データ区名=小倉南区 / 原データ町名=中吉田 / 原データ建築年度=1998 / 原データ築年数=19 / 原データ延床面積（㎡）=21.60 / 原データ棟数=1 / 原データ主な構造=鉄筋コンクリート造 / 原データ耐震診断=不要 / 原データ耐震補強=不要 / 原データ建物所有者=市 / 原データ所管局=建設局 / 原データ所管課=公園管理課 / 原データ管理形態=直営
401005,40100-F35479B501BC7841,北九州市,朽網中央公園トイレ,,,401005,,北九州市小倉南区朽網東,福岡県,北九州市,,,,,,,,,,,,,,,,,,,,,,,,,,,,原データ区名=小倉南区 / 原データ町名=朽網東 / 原データ建築年度=1991 / 原データ築年数=26 / 原データ延床面積（㎡）=6.25 / 原データ棟数=1 / 原データ主な構造=鉄筋コンクリート造 / 原データ耐震診断=不要 / 原データ耐震補強=不要 / 原データ建物所有者=市 / 原データ所管局=建設局 / 原データ所管課=公園管理課 / 原データ管理形態=直営
401005,40100-F898D8CFB0899BCF,北九州市,朽網東みどり公園トイレ,,,401005,,北九州市小倉南区朽網東,福岡県,北九州市,,,,,,,,,,,,,,,,,,,,,,,,,,,,原データ区名=小倉南区 / 原データ町名=朽網東 / 原データ建築年度=1994 / 原データ築年数=23 / 原データ延床面積（㎡）=1.70 / 原データ棟数=1 / 原データ主な構造=鉄筋コンクリート造 / 原データ耐震診断=不要 / 原データ耐震補強=不要 / 原データ建物所有者=市 / 原データ所管局=建設局 / 原データ所管課=公園管理課 / 原データ管理形態=直営
401005,40100-E9645BFD0B8D1FE4,北九州市,朽網南公園トイレ,,,401005,,北九州市小倉南区朽網東,福岡県,北九州市,,,,,,,,,,,,,,,,,,,,,,,,,,,,原データ区名=小倉南区 / 原データ町名=朽網東 / 原データ建築年度=1986 / 原データ築年数=31 / 原データ延床面積（㎡）=1.70 / 原データ棟数=1 / 原データ主な構造=鉄筋コンクリート造 / 原データ耐震診断=不要 / 原データ耐震補強=不要 / 原データ建物所有者=市 / 原データ所管局=建設局 / 原データ所管課=公園管理課 / 原データ管理形態=直営
401005,40100-139E4B1FC608573E,北九州市,合馬竹林公園トイレ,,,401005,,北九州市小倉南区大字合馬,福岡県,北九州市,,,,,,,,,,,,,,,,,,,,,,,,,,,,原データ区名=小倉南区 / 原データ町名=大字合馬 / 原データ建築年度=1996 / 原データ築年数=21 / 原データ延床面積（㎡）=28.00 / 原データ棟数=1 / 原データ主な構造=鉄筋コンクリート造 / 原データ耐震診断=不要 / 原データ耐震補強=不要 / 原データ建物所有者=市 / 原データ所管局=建設局 / 原データ所管課=公園管理課 / 原データ管理形態=直営
401005,40100-2CE95CEA73375657,北九州市,三岳梅林公園トイレ,,,401005,,北九州市小倉南区大字辻三,福岡県,北九州市,,,,,,,,,,,,,,,,,,,,,,,,,,,,原データ区名=小倉南区 / 原データ町名=大字辻三 / 原データ建築年度=1999 / 原データ築年数=18 / 原データ延床面積（㎡）=7.30 / 原データ棟数=1 / 原データ主な構造=鉄筋コンクリート造 / 原データ耐震診断=不要 / 原データ耐震補強=不要 / 原データ建物所有者=市 / 原データ所管局=建設局 / 原データ所管課=公園管理課 / 原データ管理形態=直営
401005,40100-94F410E951C4FEE6,北九州市,志井の森公園トイレ（1）,,,401005,,北九州市小倉南区大字志井,福岡県,北九州市,,,,,,,,,,,,,,,,,,,,,,,,,,,,原データ区名=小倉南区 / 原データ町名=大字志井 / 原データ建築年度=2007 / 原データ築年数=10 / 原データ延床面積（㎡）=32.19 / 原データ棟数=1 / 原データ主な構造=鉄筋コンクリート造 / 原データ耐震診断=不要 / 原データ耐震補強=不要 / 原データ建物所有者=市 / 原データ所管局=建設局 / 原データ所管課=公園管理課 / 原データ管理形態=直営
401005,40100-13349EE9F32ABE41,北九州市,志井の森公園トイレ（2）,,,401005,,北九州市小倉南区大字志井,福岡県,北九州市,,,,,,,,,,,,,,,,,,,,,,,,,,,,原データ区名=小倉南区 / 原データ町名=大字志井 / 原データ建築年度=2009 / 原データ築年数=8 / 原データ延床面積（㎡）=11.88 / 原データ棟数=1 / 原データ主な構造=鉄筋コンクリート造 / 原データ耐震診断=不要 / 原データ耐震補強=不要 / 原データ建物所有者=市 / 原データ所管局=建設局 / 原データ所管課=公園管理課 / 原データ管理形態=直営
401005,40100-672CA3E913ED61FC,北九州市,志徳公園トイレ,,,401005,,北九州市小倉南区山手,福岡県,北九州市,,,,,,,,,,,,,,,,,,,,,,,,,,,,原データ区名=小倉南区 / 原データ町名=山手 / 原データ建築年度=1984 / 原データ築年数=33 / 原データ延床面積（㎡）=5.50 / 原データ棟数=1 / 原データ主な構造=アルミ / 原データ耐震診断=不要 / 原データ耐震補強=不要 / 原データ建物所有者=市 / 原データ所管局=建設局 / 原データ所管課=公園管理課 / 原データ管理形態=直営
401005,40100-F581CC4A134D4C3C,北九州市,若園四丁目公園トイレ,,,401005,,北九州市小倉南区若園,福岡県,北九州市,,,,,,,,,,,,,,,,,,,,,,,,,,,,原データ区名=小倉南区 / 原データ町名=若園 / 原データ建築年度=2001 / 原データ築年数=16 / 原データ延床面積（㎡）=11.40 / 原データ棟数=1 / 原データ主な構造=鉄筋コンクリート造 / 原データ耐震診断=不要 / 原データ耐震補強=不要 / 原データ建物所有者=市 / 原データ所管局=建設局 / 原データ所管課=公園管理課 / 原データ管理形態=直営
401005,40100-2F2F4FDEC5442C90,北九州市,若園中央公園トイレ,,,401005,,北九州市小倉南区蜷田若園,福岡県,北九州市,,,,,,,,,,,,,,,,,,,,,,,,,,,,原データ区名=小倉南区 / 原データ町名=蜷田若園 / 原データ建築年度=1986 / 原データ築年数=31 / 原データ延床面積（㎡）=1.12 / 原データ棟数=1 / 原データ主な構造=強化プラスチック造 / 原データ耐震診断=不要 / 原データ耐震補強=不要 / 原データ建物所有者=市 / 原データ所管局=建設局 / 原データ所管課=公園管理課 / 原データ管理形態=直営
401005,40100-E1A2ABF8494F2C66,北九州市,重住南公園トイレ,,,401005,,北九州市小倉南区重住,福岡県,北九州市,,,,,,,,,,,,,,,,,,,,,,,,,,,,原データ区名=小倉南区 / 原データ町名=重住 / 原データ建築年度=1987 / 原データ築年数=30 / 原データ延床面積（㎡）=1.70 / 原データ棟数=1 / 原データ主な構造=鉄筋コンクリート造 / 原データ耐震診断=不要 / 原データ耐震補強=不要 / 原データ建物所有者=市 / 原データ所管局=建設局 / 原データ所管課=公園管理課 / 原データ管理形態=直営
401005,40100-C9B88D7B51E43E54,北九州市,小倉八幡公園トイレ,,,401005,,北九州市小倉南区八幡町,福岡県,北九州市,,,,,,,,,,,,,,,,,,,,,,,,,,,,原データ区名=小倉南区 / 原データ町名=八幡町 / 原データ建築年度=2006 / 原データ築年数=11 / 原データ延床面積（㎡）=1.60 / 原データ棟数=1 / 原データ主な構造=鉄筋コンクリート造 / 原データ耐震診断=不要 / 原データ耐震補強=不要 / 原データ建物所有者=市 / 原データ所管局=建設局 / 原データ所管課=公園管理課 / 原データ管理形態=直営
401005,40100-77A0D262C1A4BA39,北九州市,昭和池公園トイレ（1）,,,401005,,北九州市小倉南区大字朽網,福岡県,北九州市,,,,,,,,,,,,,,,,,,,,,,,,,,,,原データ区名=小倉南区 / 原データ町名=大字朽網 / 原データ建築年度=1989 / 原データ築年数=28 / 原データ延床面積（㎡）=2.30 / 原データ棟数=1 / 原データ主な構造=鉄筋コンクリート造 / 原データ耐震診断=不要 / 原データ耐震補強=不要 / 原データ建物所有者=市 / 原データ所管局=建設局 / 原データ所管課=公園管理課 / 原データ管理形態=直営
401005,40100-FFDD950DB07F748D,北九州市,昭和池公園トイレ（2）,,,401005,,北九州市小倉南区大字朽網,福岡県,北九州市,,,,,,,,,,,,,,,,,,,,,,,,,,,,原データ区名=小倉南区 / 原データ町名=大字朽網 / 原データ建築年度=1989 / 原データ築年数=28 / 原データ延床面積（㎡）=2.30 / 原データ棟数=1 / 原データ主な構造=鉄筋コンクリート造 / 原データ耐震診断=不要 / 原データ耐震補強=不要 / 原データ建物所有者=市 / 原データ所管局=建設局 / 原データ所管課=公園管理課 / 原データ管理形態=直営
401005,40100-B29210B1689BF948,北九州市,昭和池公園トイレ（3）,,,401005,,北九州市小倉南区大字朽網,福岡県,北九州市,,,,,,,,,,,,,,,,,,,,,,,,,,,,原データ区名=小倉南区 / 原データ町名=大字朽網 / 原データ建築年度=2013 / 原データ築年数=4 / 原データ延床面積（㎡）=4.46 / 原データ棟数=1 / 原データ主な構造=鉄筋コンクリート造 / 原データ耐震診断=不要 / 原データ耐震補強=不要 / 原データ建物所有者=市 / 原データ所管局=建設局 / 原データ所管課=公園管理課 / 原データ管理形態=直営
401005,40100-85DDAAF672821C66,北九州市,沼本町一丁目南公園トイレ,,,401005,,北九州市小倉南区沼本町,福岡県,北九州市,,,,,,,,,,,,,,,,,,,,,,,,,,,,原データ区名=小倉南区 / 原データ町名=沼本町 / 原データ建築年度=2009 / 原データ築年数=8 / 原データ延床面積（㎡）=13.86 / 原データ棟数=1 / 原データ主な構造=鉄筋コンクリート造 / 原データ耐震診断=不要 / 原データ耐震補強=不要 / 原データ建物所有者=市 / 原データ所管局=建設局 / 原データ所管課=公園管理課 / 原データ管理形態=直営
401005,40100-CA95D17FDDF2102B,北九州市,沼緑町五丁目北公園トイレ,,,401005,,北九州市小倉南区沼緑町,福岡県,北九州市,,,,,,,,,,,,,,,,,,,,,,,,,,,,原データ区名=小倉南区 / 原データ町名=沼緑町 / 原データ建築年度=1989 / 原データ築年数=28 / 原データ延床面積（㎡）=1.70 / 原データ棟数=1 / 原データ主な構造=鉄筋コンクリート造 / 原データ耐震診断=不要 / 原データ耐震補強=不要 / 原データ建物所有者=市 / 原データ所管局=建設局 / 原データ所管課=公園管理課 / 原データ管理形態=直営
401005,40100-AE74062AE96CDCFB,北九州市,上貫西公園トイレ,,,401005,,北九州市小倉南区上貫,福岡県,北九州市,,,,,,,,,,,,,,,,,,,,,,,,,,,,原データ区名=小倉南区 / 原データ町名=上貫 / 原データ建築年度=1997 / 原データ築年数=20 / 原データ延床面積（㎡）=1.70 / 原データ棟数=1 / 原データ主な構造=鉄筋コンクリート造 / 原データ耐震診断=不要 / 原データ耐震補強=不要 / 原データ建物所有者=市 / 原データ所管局=建設局 / 原データ所管課=公園管理課 / 原データ管理形態=直営
401005,40100-322F1471FAA2DA9F,北九州市,上長野公園トイレ,,,401005,,北九州市小倉南区長野東町,福岡県,北九州市,,,,,,,,,,,,,,,,,,,,,,,,,,,,原データ区名=小倉南区 / 原データ町名=長野東町 / 原データ建築年度=1995 / 原データ築年数=22 / 原データ延床面積（㎡）=1.70 / 原データ棟数=1 / 原データ主な構造=鉄筋コンクリート造 / 原データ耐震診断=不要 / 原データ耐震補強=不要 / 原データ建物所有者=市 / 原データ所管局=建設局 / 原データ所管課=公園管理課 / 原データ管理形態=直営
401005,40100-428C5E8E36E6F861,北九州市,石田西公園トイレ,,,401005,,北九州市小倉南区下石田,福岡県,北九州市,,,,,,,,,,,,,,,,,,,,,,,,,,,,原データ区名=小倉南区 / 原データ町名=下石田 / 原データ建築年度=1988 / 原データ築年数=29 / 原データ延床面積（㎡）=1.70 / 原データ棟数=1 / 原データ主な構造=鉄筋コンクリート造 / 原データ耐震診断=不要 / 原データ耐震補強=不要 / 原データ建物所有者=市 / 原データ所管局=建設局 / 原データ所管課=公園管理課 / 原データ管理形態=直営
401005,40100-F6B2A637EBA6726C,北九州市,石田南なかよし公園トイレ,,,401005,,北九州市小倉南区石田南,福岡県,北九州市,,,,,,,,,,,,,,,,,,,,,,,,,,,,原データ区名=小倉南区 / 原データ町名=石田南 / 原データ建築年度=1982 / 原データ築年数=35 / 原データ延床面積（㎡）=1.70 / 原データ棟数=1 / 原データ主な構造=鉄筋コンクリート造 / 原データ耐震診断=不要 / 原データ耐震補強=不要 / 原データ建物所有者=市 / 原データ所管局=建設局 / 原データ所管課=公園管理課 / 原データ管理形態=直営
401005,40100-C18603D803D7D389,北九州市,曽根公園トイレ（１）グラウンド,,,401005,,北九州市小倉南区中曽根東,福岡県,北九州市,,,,,,,,,,,,,,,,,,,,,,,,,,,,原データ区名=小倉南区 / 原データ町名=中曽根東 / 原データ建築年度=1979 / 原データ築年数=38 / 原データ延床面積（㎡）=14.40 / 原データ棟数=1 / 原データ主な構造=コンクリートブロック造 / 原データ耐震診断=不要 / 原データ耐震補強=不要 / 原データ建物所有者=市 / 原データ所管局=建設局 / 原データ所管課=公園管理課 / 原データ管理形態=直営
401005,40100-10BF176645D8E870,北九州市,曽根公園（広場）トイレ,,,401005,,北九州市小倉南区中曽根東,福岡県,北九州市,,,,,,,,,,,,,,,,,,,,,,,,,,,,原データ区名=小倉南区 / 原データ町名=中曽根東 / 原データ建築年度=1992 / 原データ築年数=25 / 原データ延床面積（㎡）=18.00 / 原データ棟数=1 / 原データ主な構造=鉄筋コンクリート造 / 原データ耐震診断=不要 / 原データ耐震補強=不要 / 原データ建物所有者=市 / 原データ所管局=建設局 / 原データ所管課=公園管理課 / 原データ管理形態=直営
401005,40100-6B55DB301F34C9B7,北九州市,曽根新田ふれあい公園トイレ,,,401005,,北九州市小倉南区曽根新田北,福岡県,北九州市,,,,,,,,,,,,,,,,,,,,,,,,,,,,原データ区名=小倉南区 / 原データ町名=曽根新田北 / 原データ建築年度=2004 / 原データ築年数=13 / 原データ延床面積（㎡）=6.00 / 原データ棟数=1 / 原データ主な構造=鉄筋コンクリート造 / 原データ耐震診断=不要 / 原データ耐震補強=不要 / 原データ建物所有者=市 / 原データ所管局=建設局 / 原データ所管課=公園管理課 / 原データ管理形態=直営
401005,40100-75E36BA0BE78C1B7,北九州市,中吉田五丁目公園トイレ,,,401005,,北九州市小倉南区中吉田,福岡県,北九州市,,,,,,,,,,,,,,,,,,,,,,,,,,,,原データ区名=小倉南区 / 原データ町名=中吉田 / 原データ建築年度=1991 / 原データ築年数=26 / 原データ延床面積（㎡）=1.70 / 原データ棟数=1 / 原データ主な構造=鉄筋コンクリート造 / 原データ耐震診断=不要 / 原データ耐震補強=不要 / 原データ建物所有者=市 / 原データ所管局=建設局 / 原データ所管課=公園管理課 / 原データ管理形態=直営
401005,40100-22AA2B2786C7CA4D,北九州市,中曽根中央公園トイレ,,,401005,,北九州市小倉南区中曽根,福岡県,北九州市,,,,,,,,,,,,,,,,,,,,,,,,,,,,原データ区名=小倉南区 / 原データ町名=中曽根 / 原データ建築年度=1992 / 原データ築年数=25 / 原データ延床面積（㎡）=1.70 / 原データ棟数=1 / 原データ主な構造=鉄筋コンクリート造 / 原データ耐震診断=不要 / 原データ耐震補強=不要 / 原データ建物所有者=市 / 原データ所管局=建設局 / 原データ所管課=公園管理課 / 原データ管理形態=直営
401005,40100-6199FE85AF6AF5D2,北九州市,長行台中央公園トイレ,,,401005,,北九州市小倉南区長行西,福岡県,北九州市,,,,,,,,,,,,,,,,,,,,,,,,,,,,原データ区名=小倉南区 / 原データ町名=長行西 / 原データ建築年度=1997 / 原データ築年数=20 / 原データ延床面積（㎡）=3.60 / 原データ棟数=1 / 原データ主な構造=ユニット / 原データ耐震診断=不要 / 原データ耐震補強=不要 / 原データ建物所有者=市 / 原データ所管局=建設局 / 原データ所管課=公園管理課 / 原データ管理形態=直営
401005,40100-8EEB853050112530,北九州市,長尾高野中央公園トイレ,,,401005,,北九州市小倉南区高野,福岡県,北九州市,,,,,,,,,,,,,,,,,,,,,,,,,,,,原データ区名=小倉南区 / 原データ町名=高野 / 原データ建築年度=1992 / 原データ築年数=25 / 原データ延床面積（㎡）=6.00 / 原データ棟数=1 / 原データ主な構造=鉄筋コンクリート造 / 原データ耐震診断=不要 / 原データ耐震補強=不要 / 原データ建物所有者=市 / 原データ所管局=建設局 / 原データ所管課=公園管理課 / 原データ管理形態=直営
401005,40100-3A1FDC885A21806E,北九州市,長尾六丁目公園トイレ,,,401005,,北九州市小倉南区長尾,福岡県,北九州市,,,,,,,,,,,,,,,,,,,,,,,,,,,,原データ区名=小倉南区 / 原データ町名=長尾 / 原データ建築年度=1993 / 原データ築年数=24 / 原データ延床面積（㎡）=6.00 / 原データ棟数=1 / 原データ主な構造=鉄筋コンクリート造 / 原データ耐震診断=不要 / 原データ耐震補強=不要 / 原データ建物所有者=市 / 原データ所管局=建設局 / 原データ所管課=公園管理課 / 原データ管理形態=直営
401005,40100-7B8006A889C3DD62,北九州市,長野一丁目西公園トイレ,,,401005,,北九州市小倉南区長野,福岡県,北九州市,,,,,,,,,,,,,,,,,,,,,,,,,,,,原データ区名=小倉南区 / 原データ町名=長野 / 原データ建築年度=1986 / 原データ築年数=31 / 原データ延床面積（㎡）=1.70 / 原データ棟数=1 / 原データ主な構造=アルミ / 原データ耐震診断=不要 / 原データ耐震補強=不要 / 原データ建物所有者=市 / 原データ所管局=建設局 / 原データ所管課=公園管理課 / 原データ管理形態=直営
401005,40100-251C1BD673F479C3,北九州市,津田三丁目北公園トイレ,,,401005,,北九州市小倉南区津田,福岡県,北九州市,,,,,,,,,,,,,,,,,,,,,,,,,,,,原データ区名=小倉南区 / 原データ町名=津田 / 原データ建築年度=1983 / 原データ築年数=34 / 原データ延床面積（㎡）=8.00 / 原データ棟数=1 / 原データ主な構造=コンクリートブロック造 / 原データ耐震診断=不要 / 原データ耐震補強=不要 / 原データ建物所有者=市 / 原データ所管局=建設局 / 原データ所管課=公園管理課 / 原データ管理形態=直営
401005,40100-28EBF111BA7F5697,北九州市,東谷公園トイレ,,,401005,,北九州市小倉南区大字新道寺,福岡県,北九州市,,,,,,,,,,,,,,,,,,,,,,,,,,,,原データ区名=小倉南区 / 原データ町名=大字新道寺 / 原データ建築年度=1987 / 原データ築年数=30 / 原データ延床面積（㎡）=1.70 / 原データ棟数=1 / 原データ主な構造=鉄筋コンクリート造 / 原データ耐震診断=不要 / 原データ耐震補強=不要 / 原データ建物所有者=市 / 原データ所管局=建設局 / 原データ所管課=公園管理課 / 原データ管理形態=直営
401005,40100-B21BBEC25316CBAA,北九州市,湯川新町一丁目公園トイレ,,,401005,,北九州市小倉南区湯川新町,福岡県,北九州市,,,,,,,,,,,,,,,,,,,,,,,,,,,,原データ区名=小倉南区 / 原データ町名=湯川新町 / 原データ建築年度=2005 / 原データ築年数=12 / 原データ延床面積（㎡）=1.70 / 原データ棟数=1 / 原データ主な構造=鉄筋コンクリート造 / 原データ耐震診断=不要 / 原データ耐震補強=不要 / 原データ建物所有者=市 / 原データ所管局=建設局 / 原データ所管課=公園管理課 / 原データ管理形態=直営
401005,40100-1A97A6E2F84D5DCD,北九州市,徳吉中央公園トイレ,,,401005,,北九州市小倉南区徳吉西,福岡県,北九州市,,,,,,,,,,,,,,,,,,,,,,,,,,,,原データ区名=小倉南区 / 原データ町名=徳吉西 / 原データ建築年度=1996 / 原データ築年数=21 / 原データ延床面積（㎡）=9.90 / 原データ棟数=1 / 原データ主な構造=鉄筋コンクリート造 / 原データ耐震診断=不要 / 原データ耐震補強=不要 / 原データ建物所有者=市 / 原データ所管局=建設局 / 原データ所管課=公園管理課 / 原データ管理形態=直営
401005,40100-632D05C68A8D8360,北九州市,徳光公園トイレ,,,401005,,北九州市小倉南区徳吉西,福岡県,北九州市,,,,,,,,,,,,,,,,,,,,,,,,,,,,原データ区名=小倉南区 / 原データ町名=徳吉西 / 原データ建築年度=1989 / 原データ築年数=28 / 原データ延床面積（㎡）=1.70 / 原データ棟数=1 / 原データ主な構造=鉄筋コンクリート造 / 原データ耐震診断=不要 / 原データ耐震補強=不要 / 原データ建物所有者=市 / 原データ所管局=建設局 / 原データ所管課=公園管理課 / 原データ管理形態=直営
401005,40100-96BF87A8B36F31AE,北九州市,湯川中央公園トイレ,,,401005,,北九州市小倉南区湯川新町,福岡県,北九州市,,,,,,,,,,,,,,,,,,,,,,,,,,,,原データ区名=小倉南区 / 原データ町名=湯川新町 / 原データ建築年度=1988 / 原データ築年数=29 / 原データ延床面積（㎡）=9.20 / 原データ棟数=1 / 原データ主な構造=鉄筋コンクリート造 / 原データ耐震診断=不要 / 原データ耐震補強=不要 / 原データ建物所有者=市 / 原データ所管局=建設局 / 原データ所管課=公園管理課 / 原データ管理形態=直営
401005,40100-680B9D36DB88006D,北九州市,南方しいのき公園トイレ,,,401005,,北九州市小倉南区南方,福岡県,北九州市,,,,,,,,,,,,,,,,,,,,,,,,,,,,原データ区名=小倉南区 / 原データ町名=南方 / 原データ建築年度=1998 / 原データ築年数=19 / 原データ延床面積（㎡）=1.70 / 原データ棟数=1 / 原データ主な構造=鉄筋コンクリート造 / 原データ耐震診断=不要 / 原データ耐震補強=不要 / 原データ建物所有者=市 / 原データ所管局=建設局 / 原データ所管課=公園管理課 / 原データ管理形態=直営
401005,40100-29057F20F14D9FE3,北九州市,南方たぶのき公園トイレ,,,401005,,北九州市小倉南区南方,福岡県,北九州市,,,,,,,,,,,,,,,,,,,,,,,,,,,,原データ区名=小倉南区 / 原データ町名=南方 / 原データ建築年度=1998 / 原データ築年数=19 / 原データ延床面積（㎡）=3.60 / 原データ棟数=1 / 原データ主な構造=ユニット / 原データ耐震診断=不要 / 原データ耐震補強=不要 / 原データ建物所有者=市 / 原データ所管局=建設局 / 原データ所管課=公園管理課 / 原データ管理形態=直営
401005,40100-CAED7EE46F2D1E48,北九州市,南方もみじ公園トイレ,,,401005,,北九州市小倉南区南方,福岡県,北九州市,,,,,,,,,,,,,,,,,,,,,,,,,,,,原データ区名=小倉南区 / 原データ町名=南方 / 原データ建築年度=2000 / 原データ築年数=17 / 原データ延床面積（㎡）=1.70 / 原データ棟数=1 / 原データ主な構造=鉄筋コンクリート造 / 原データ耐震診断=不要 / 原データ耐震補強=不要 / 原データ建物所有者=市 / 原データ所管局=建設局 / 原データ所管課=公園管理課 / 原データ管理形態=直営
401005,40100-980CC52E98E42C2C,北九州市,南方二丁目中央公園トイレ,,,401005,,北九州市小倉南区南方,福岡県,北九州市,,,,,,,,,,,,,,,,,,,,,,,,,,,,原データ区名=小倉南区 / 原データ町名=南方 / 原データ建築年度=1998 / 原データ築年数=19 / 原データ延床面積（㎡）=3.60 / 原データ棟数=1 / 原データ主な構造=ユニット / 原データ耐震診断=不要 / 原データ耐震補強=不要 / 原データ建物所有者=市 / 原データ所管局=建設局 / 原データ所管課=公園管理課 / 原データ管理形態=直営
401005,40100-5DE49A6F33005C28,北九州市,舞ケ丘３号公園トイレ,,,401005,,北九州市小倉南区舞ケ丘,福岡県,北九州市,,,,,,,,,,,,,,,,,,,,,,,,,,,,原データ区名=小倉南区 / 原データ町名=舞ケ丘 / 原データ建築年度=2007 / 原データ築年数=10 / 原データ延床面積（㎡）=1.70 / 原データ棟数=1 / 原データ主な構造=鉄筋コンクリート造 / 原データ耐震診断=不要 / 原データ耐震補強=不要 / 原データ建物所有者=市 / 原データ所管局=建設局 / 原データ所管課=公園管理課 / 原データ管理形態=直営
401005,40100-824D2B1CF85C84B4,北九州市,舞ケ丘中央公園トイレ,,,401005,,北九州市小倉南区舞ケ丘,福岡県,北九州市,,,,,,,,,,,,,,,,,,,,,,,,,,,,原データ区名=小倉南区 / 原データ町名=舞ケ丘 / 原データ建築年度=1992 / 原データ築年数=25 / 原データ延床面積（㎡）=6.00 / 原データ棟数=1 / 原データ主な構造=鉄筋コンクリート造 / 原データ耐震診断=不要 / 原データ耐震補強=不要 / 原データ建物所有者=市 / 原データ所管局=建設局 / 原データ所管課=公園管理課 / 原データ管理形態=直営
401005,40100-C4DFFB89CA17B92B,北九州市,北方１号公園トイレ,,,401005,,北九州市小倉南区若園,福岡県,北九州市,,,,,,,,,,,,,,,,,,,,,,,,,,,,原データ区名=小倉南区 / 原データ町名=若園 / 原データ建築年度=1989 / 原データ築年数=28 / 原データ延床面積（㎡）=2.20 / 原データ棟数=1 / 原データ主な構造=鉄筋コンクリート造 / 原データ耐震診断=不要 / 原データ耐震補強=不要 / 原データ建物所有者=市 / 原データ所管局=建設局 / 原データ所管課=公園管理課 / 原データ管理形態=直営
401005,40100-DBC293F853FA90DF,北九州市,北方さくら公園トイレ,,,401005,,北九州市小倉南区北方,福岡県,北九州市,,,,,,,,,,,,,,,,,,,,,,,,,,,,原データ区名=小倉南区 / 原データ町名=北方 / 原データ建築年度=2003 / 原データ築年数=14 / 原データ延床面積（㎡）=2.50 / 原データ棟数=1 / 原データ主な構造=鉄筋コンクリート造 / 原データ耐震診断=不要 / 原データ耐震補強=不要 / 原データ建物所有者=市 / 原データ所管局=建設局 / 原データ所管課=公園管理課 / 原データ管理形態=直営
401005,40100-1B14FAC46E42AB3C,北九州市,北方まきのき公園トイレ,,,401005,,北九州市小倉南区北方,福岡県,北九州市,,,,,,,,,,,,,,,,,,,,,,,,,,,,原データ区名=小倉南区 / 原データ町名=北方 / 原データ建築年度=1993 / 原データ築年数=24 / 原データ延床面積（㎡）=2.80 / 原データ棟数=1 / 原データ主な構造=鉄筋コンクリート造 / 原データ耐震診断=不要 / 原データ耐震補強=不要 / 原データ建物所有者=市 / 原データ所管局=建設局 / 原データ所管課=公園管理課 / 原データ管理形態=直営
401005,40100-5E1F6A3E3884D26A,北九州市,北方ゆりのき公園トイレ,,,401005,,北九州市小倉南区北方,福岡県,北九州市,,,,,,,,,,,,,,,,,,,,,,,,,,,,原データ区名=小倉南区 / 原データ町名=北方 / 原データ建築年度=1993 / 原データ築年数=24 / 原データ延床面積（㎡）=6.00 / 原データ棟数=1 / 原データ主な構造=鉄筋コンクリート造 / 原データ耐震診断=不要 / 原データ耐震補強=不要 / 原データ建物所有者=市 / 原データ所管局=建設局 / 原データ所管課=公園管理課 / 原データ管理形態=直営
401005,40100-BB4EFE5624573B6C,北九州市,北方平和公園トイレ,,,401005,,北九州市小倉南区北方,福岡県,北九州市,,,,,,,,,,,,,,,,,,,,,,,,,,,,原データ区名=小倉南区 / 原データ町名=北方 / 原データ建築年度=1978 / 原データ築年数=39 / 原データ延床面積（㎡）=2.00 / 原データ棟数=1 / 原データ主な構造=アルミ / 原データ耐震診断=不要 / 原データ耐震補強=不要 / 原データ建物所有者=市 / 原データ所管局=建設局 / 原データ所管課=公園管理課 / 原データ管理形態=直営
401005,40100-EE2981FFF1A9A421,北九州市,鱒渕公園トイレ,,,401005,,北九州市小倉南区大字頂吉,福岡県,北九州市,,,,,,,,,,,,,,,,,,,,,,,,,,,,原データ区名=小倉南区 / 原データ町名=大字頂吉 / 原データ建築年度=不明 / 原データ築年数=不明 / 原データ延床面積（㎡）=10.00 / 原データ棟数=1 / 原データ主な構造=コンクリートブロック造 / 原データ耐震診断=不要 / 原データ耐震補強=不要 / 原データ建物所有者=市 / 原データ所管局=建設局 / 原データ所管課=公園管理課 / 原データ管理形態=直営
401005,40100-95BB8450E1E18AF6,北九州市,葉山中央公園トイレ,,,401005,,北九州市小倉南区葉山町,福岡県,北九州市,,,,,,,,,,,,,,,,,,,,,,,,,,,,原データ区名=小倉南区 / 原データ町名=葉山町 / 原データ建築年度=1992 / 原データ築年数=25 / 原データ延床面積（㎡）=6.00 / 原データ棟数=1 / 原データ主な構造=鉄筋コンクリート造 / 原データ耐震診断=不要 / 原データ耐震補強=不要 / 原データ建物所有者=市 / 原データ所管局=建設局 / 原データ所管課=公園管理課 / 原データ管理形態=直営
401005,40100-F58BAE0AFCDC24D1,北九州市,蜷田公園トイレ,,,401005,,北九州市小倉南区蜷田若園,福岡県,北九州市,,,,,,,,,,,,,,,,,,,,,,,,,,,,原データ区名=小倉南区 / 原データ町名=蜷田若園 / 原データ建築年度=1984 / 原データ築年数=33 / 原データ延床面積（㎡）=1.70 / 原データ棟数=1 / 原データ主な構造=コンクリートブロック造 / 原データ耐震診断=不要 / 原データ耐震補強=不要 / 原データ建物所有者=市 / 原データ所管局=建設局 / 原データ所管課=公園管理課 / 原データ管理形態=直営
401005,40100-1B997490BB3DB276,北九州市,鷲峰公園トイレ,,,401005,,北九州市小倉南区大字蒲生,福岡県,北九州市,,,,,,,,,,,,,,,,,,,,,,,,,,,,原データ区名=小倉南区 / 原データ町名=大字蒲生 / 原データ建築年度=1996 / 原データ築年数=21 / 原データ延床面積（㎡）=10.32 / 原データ棟数=1 / 原データ主な構造=アルミ / 原データ耐震診断=不要 / 原データ耐震補強=不要 / 原データ建物所有者=市 / 原データ所管局=建設局 / 原データ所管課=公園管理課 / 原データ管理形態=直営
401005,40100-DB16E66777D6DF75,北九州市,朽網臨空公園トイレ,,,401005,,北九州市小倉南区大字朽網,福岡県,北九州市,,,,,,,,,,,,,,,,,,,,,,,,,,,,原データ区名=小倉南区 / 原データ町名=大字朽網 / 原データ建築年度=2001 / 原データ築年数=16 / 原データ延床面積（㎡）=20.28 / 原データ棟数=1 / 原データ主な構造=鉄筋コンクリート造 / 原データ耐震診断=不要 / 原データ耐震補強=不要 / 原データ建物所有者=市 / 原データ所管局=建設局 / 原データ所管課=公園管理課 / 原データ管理形態=直営
401005,40100-35DEB8C04F8D0197,北九州市,紫川河畔公園トイレ（１）,,,401005,,北九州市小倉南区徳力新町,福岡県,北九州市,,,,,,,,,,,,,,,,,,,,,,,,,,,,原データ区名=小倉南区 / 原データ町名=徳力新町 / 原データ建築年度=1995 / 原データ築年数=22 / 原データ延床面積（㎡）=13.30 / 原データ棟数=1 / 原データ主な構造=鉄筋コンクリート造 / 原データ耐震診断=不要 / 原データ耐震補強=不要 / 原データ建物所有者=市 / 原データ所管局=建設局 / 原データ所管課=公園管理課 / 原データ管理形態=直営
401005,40100-AF3D8BB83B4A7427,北九州市,紫川河畔公園トイレ（２）,,,401005,,北九州市小倉南区徳力新町,福岡県,北九州市,,,,,,,,,,,,,,,,,,,,,,,,,,,,原データ区名=小倉南区 / 原データ町名=徳力新町 / 原データ建築年度=1987 / 原データ築年数=30 / 原データ延床面積（㎡）=1.70 / 原データ棟数=1 / 原データ主な構造=鉄筋コンクリート造 / 原データ耐震診断=不要 / 原データ耐震補強=不要 / 原データ建物所有者=市 / 原データ所管局=建設局 / 原データ所管課=公園管理課 / 原データ管理形態=直営
401005,40100-D5FC52B57F678432,北九州市,紫川河畔公園トイレ（３）,,,401005,,北九州市小倉南区蒲生,福岡県,北九州市,,,,,,,,,,,,,,,,,,,,,,,,,,,,原データ区名=小倉南区 / 原データ町名=蒲生 / 原データ建築年度=1997 / 原データ築年数=20 / 原データ延床面積（㎡）=9.45 / 原データ棟数=1 / 原データ主な構造=鉄筋コンクリート造 / 原データ耐震診断=不要 / 原データ耐震補強=不要 / 原データ建物所有者=市 / 原データ所管局=建設局 / 原データ所管課=公園管理課 / 原データ管理形態=直営
401005,40100-8EF630D440BBE1C3,北九州市,上葛原中央公園トイレ,,,401005,,北九州市小倉南区上葛原,福岡県,北九州市,,,,,,,,,,,,,,,,,,,,,,,,,,,,原データ区名=小倉南区 / 原データ町名=上葛原 / 原データ建築年度=2006 / 原データ築年数=11 / 原データ延床面積（㎡）=15.16 / 原データ棟数=1 / 原データ主な構造=鉄筋コンクリート造 / 原データ耐震診断=不要 / 原データ耐震補強=不要 / 原データ建物所有者=市 / 原データ所管局=建設局 / 原データ所管課=公園管理課 / 原データ管理形態=直営
401005,40100-474C50C402A8CEF1,北九州市,沼新町中央公園トイレ,,,401005,,北九州市小倉南区沼新町,福岡県,北九州市,,,,,,,,,,,,,,,,,,,,,,,,,,,,原データ区名=小倉南区 / 原データ町名=沼新町 / 原データ建築年度=1998 / 原データ築年数=19 / 原データ延床面積（㎡）=16.50 / 原データ棟数=1 / 原データ主な構造=鉄筋コンクリート造 / 原データ耐震診断=不要 / 原データ耐震補強=不要 / 原データ建物所有者=市 / 原データ所管局=建設局 / 原データ所管課=公園管理課 / 原データ管理形態=直営
401005,40100-D7FC6118C165CBBE,北九州市,志井公園トイレ,,,401005,,北九州市小倉南区志井公園,福岡県,北九州市,,,,,,,,,,,,,,,,,,,,,,,,,,,,原データ区名=小倉南区 / 原データ町名=志井公園 / 原データ建築年度=1999 / 原データ築年数=18 / 原データ延床面積（㎡）=18.48 / 原データ棟数=1 / 原データ主な構造=鉄筋コンクリート造 / 原データ耐震診断=不要 / 原データ耐震補強=不要 / 原データ建物所有者=市 / 原データ所管局=建設局 / 原データ所管課=公園管理課 / 原データ管理形態=直営
401005,40100-B8AD713086B9C8FB,北九州市,下吉田公園トイレ,,,401005,,北九州市小倉南区大字吉田,福岡県,北九州市,,,,,,,,,,,,,,,,,,,,,,,,,,,,原データ区名=小倉南区 / 原データ町名=大字吉田 / 原データ建築年度=1995 / 原データ築年数=22 / 原データ延床面積（㎡）=5.30 / 原データ棟数=1 / 原データ主な構造=ユニット / 原データ耐震診断=不要 / 原データ耐震補強=不要 / 原データ建物所有者=市 / 原データ所管局=建設局 / 原データ所管課=公園管理課 / 原データ管理形態=直営
401005,40100-69FB706CB9297AB5,北九州市,守恒東公園トイレ,,,401005,,北九州市小倉南区守恒,福岡県,北九州市,,,,,,,,,,,,,,,,,,,,,,,,,,,,原データ区名=小倉南区 / 原データ町名=守恒 / 原データ建築年度=2011 / 原データ築年数=4 / 原データ延床面積（㎡）=4.47 / 原データ棟数=1 / 原データ主な構造=鉄筋コンクリート造 / 原データ耐震診断=不要 / 原データ耐震補強=不要 / 原データ建物所有者=市 / 原データ所管局=建設局 / 原データ所管課=公園管理課 / 原データ管理形態=直営
401005,40100-26FCE94CA0A17237,北九州市,吉田にれの木坂公園トイレ,,,401005,,北九州市小倉南区吉田にれのき坂,福岡県,北九州市,,,,,,,,,,,,,,,,,,,,,,,,,,,,原データ区名=小倉南区 / 原データ町名=吉田にれのき坂 / 原データ建築年度=2010 / 原データ築年数=7 / 原データ延床面積（㎡）=30.06 / 原データ棟数=1 / 原データ主な構造=ユニット / 原データ耐震診断=不要 / 原データ耐震補強=不要 / 原データ建物所有者=市 / 原データ所管局=建設局 / 原データ所管課=公園管理課 / 原データ管理形態=直営
401005,40100-800C72E49C3E346B,北九州市,長野緑地トイレ（横代ユニット）,,,401005,,北九州市小倉南区大字長野,福岡県,北九州市,,,,,,,,,,,,,,,,,,,,,,,,,,,,原データ区名=小倉南区 / 原データ町名=大字長野 / 原データ建築年度=2015 / 原データ築年数=2 / 原データ延床面積（㎡）=16.32 / 原データ棟数=1 / 原データ主な構造=ユニット / 原データ耐震診断=不要 / 原データ耐震補強=不要 / 原データ建物所有者=市 / 原データ所管局=建設局 / 原データ所管課=公園管理課 / 原データ管理形態=直営
401005,40100-AF882EB1AB782AA6,北九州市,高塔山公園トイレ（２）広場横,,,401005,,北九州市若松区大字修多羅,福岡県,北九州市,,,,,,,,,,,,,,,,,,,,,,,,,,,,原データ区名=若松区 / 原データ町名=大字修多羅 / 原データ建築年度=1991 / 原データ築年数=26 / 原データ延床面積（㎡）=17.20 / 原データ棟数=1 / 原データ主な構造=鉄筋コンクリート造 / 原データ耐震診断=不要 / 原データ耐震補強=不要 / 原データ建物所有者=市 / 原データ所管局=建設局 / 原データ所管課=公園管理課 / 原データ管理形態=直営
401005,40100-2AD324703F99AEB4,北九州市,高塔山公園トイレ（４）音楽堂広場,,,401005,,北九州市若松区大字修多羅,福岡県,北九州市,,,,,,,,,,,,,,,,,,,,,,,,,,,,原データ区名=若松区 / 原データ町名=大字修多羅 / 原データ建築年度=2010 / 原データ築年数=7 / 原データ延床面積（㎡）=30.38 / 原データ棟数=1 / 原データ主な構造=鉄筋コンクリート造 / 原データ耐震診断=不要 / 原データ耐震補強=不要 / 原データ建物所有者=市 / 原データ所管局=建設局 / 原データ所管課=公園管理課 / 原データ管理形態=直営
401005,40100-3CC23D3DC6D60D70,北九州市,高塔山公園トイレ（売店横）,,,401005,,北九州市若松区大字修多羅,福岡県,北九州市,,,,,,,,,,,,,,,,,,,,,,,,,,,,原データ区名=若松区 / 原データ町名=大字修多羅 / 原データ建築年度=1992 / 原データ築年数=25 / 原データ延床面積（㎡）=48.30 / 原データ棟数=1 / 原データ主な構造=鉄筋コンクリート造 / 原データ耐震診断=不要 / 原データ耐震補強=不要 / 原データ建物所有者=市 / 原データ所管局=建設局 / 原データ所管課=公園管理課 / 原データ管理形態=直営
401005,40100-269585D3C55DA98D,北九州市,ひびきの南公園トイレ,,,401005,,北九州市若松区小敷ひびきの,福岡県,北九州市,,,,,,,,,,,,,,,,,,,,,,,,,,,,原データ区名=若松区 / 原データ町名=小敷ひびきの / 原データ建築年度=2005 / 原データ築年数=12 / 原データ延床面積（㎡）=16.25 / 原データ棟数=1 / 原データ主な構造=鉄筋コンクリート造 / 原データ耐震診断=不要 / 原データ耐震補強=不要 / 原データ建物所有者=市 / 原データ所管局=建設局 / 原データ所管課=公園管理課 / 原データ管理形態=直営
401005,40100-3D21AEC843368DA7,北九州市,久岐の浜広場トイレ,,,401005,,北九州市若松区久岐の浜,福岡県,北九州市,,,,,,,,,,,,,,,,,,,,,,,,,,,,原データ区名=若松区 / 原データ町名=久岐の浜 / 原データ建築年度=1988 / 原データ築年数=29 / 原データ延床面積（㎡）=14.82 / 原データ棟数=1 / 原データ主な構造=鉄筋コンクリート造 / 原データ耐震診断=不要 / 原データ耐震補強=不要 / 原データ建物所有者=市 / 原データ所管局=建設局 / 原データ所管課=公園管理課 / 原データ管理形態=直営
401005,40100-D4E2248BA343B25C,北九州市,宮丸公園トイレ,,,401005,,北九州市若松区宮丸,福岡県,北九州市,,,,,,,,,,,,,,,,,,,,,,,,,,,,原データ区名=若松区 / 原データ町名=宮丸 / 原データ建築年度=1991 / 原データ築年数=26 / 原データ延床面積（㎡）=1.70 / 原データ棟数=1 / 原データ主な構造=鉄筋コンクリート造 / 原データ耐震診断=不要 / 原データ耐震補強=不要 / 原データ建物所有者=市 / 原データ所管局=建設局 / 原データ所管課=公園管理課 / 原データ管理形態=直営
401005,40100-D1DADEAB29EC9C60,北九州市,宮前町公園トイレ,,,401005,,北九州市若松区宮前町,福岡県,北九州市,,,,,,,,,,,,,,,,,,,,,,,,,,,,原データ区名=若松区 / 原データ町名=宮前町 / 原データ建築年度=1982 / 原データ築年数=35 / 原データ延床面積（㎡）=5.25 / 原データ棟数=1 / 原データ主な構造=鉄筋コンクリート造 / 原データ耐震診断=不要 / 原データ耐震補強=不要 / 原データ建物所有者=市 / 原データ所管局=建設局 / 原データ所管課=公園管理課 / 原データ管理形態=直営
401005,40100-34D69630770B509D,北九州市,金比羅公園トイレ,,,401005,,北九州市若松区修多羅,福岡県,北九州市,,,,,,,,,,,,,,,,,,,,,,,,,,,,原データ区名=若松区 / 原データ町名=修多羅 / 原データ建築年度=1995 / 原データ築年数=22 / 原データ延床面積（㎡）=5.76 / 原データ棟数=1 / 原データ主な構造=木造 / 原データ耐震診断=不要 / 原データ耐震補強=不要 / 原データ建物所有者=市 / 原データ所管局=建設局 / 原データ所管課=公園管理課 / 原データ管理形態=直営
401005,40100-578F96B45B833EC1,北九州市,原町公園トイレ,,,401005,,北九州市若松区原町,福岡県,北九州市,,,,,,,,,,,,,,,,,,,,,,,,,,,,原データ区名=若松区 / 原データ町名=原町 / 原データ建築年度=1994 / 原データ築年数=23 / 原データ延床面積（㎡）=3.60 / 原データ棟数=1 / 原データ主な構造=鉄筋コンクリート造 / 原データ耐震診断=不要 / 原データ耐震補強=不要 / 原データ建物所有者=市 / 原データ所管局=建設局 / 原データ所管課=公園管理課 / 原データ管理形態=直営
401005,40100-3733C538F4877415,北九州市,古前西公園トイレ,,,401005,,北九州市若松区古前,福岡県,北九州市,,,,,,,,,,,,,,,,,,,,,,,,,,,,原データ区名=若松区 / 原データ町名=古前 / 原データ建築年度=1991 / 原データ築年数=26 / 原データ延床面積（㎡）=1.70 / 原データ棟数=1 / 原データ主な構造=コンクリートブロック造 / 原データ耐震診断=不要 / 原データ耐震補強=不要 / 原データ建物所有者=市 / 原データ所管局=建設局 / 原データ所管課=公園管理課 / 原データ管理形態=直営
401005,40100-84F1D1C0B796C5D6,北九州市,古前東公園市民トイレ,,,401005,,北九州市若松区古前,福岡県,北九州市,,,,,,,,,,,,,,,,,,,,,,,,,,,,原データ区名=若松区 / 原データ町名=古前 / 原データ建築年度=2005 / 原データ築年数=12 / 原データ延床面積（㎡）=7.49 / 原データ棟数=1 / 原データ主な構造=鉄筋コンクリート造 / 原データ耐震診断=不要 / 原データ耐震補強=不要 / 原データ建物所有者=市 / 原データ所管局=建設局 / 原データ所管課=公園管理課 / 原データ管理形態=直営
401005,40100-3F1A1759C2EC65AB,北九州市,高須公園トイレ,,,401005,,北九州市若松区高須東,福岡県,北九州市,,,,,,,,,,,,,,,,,,,,,,,,,,,,原データ区名=若松区 / 原データ町名=高須東 / 原データ建築年度=1981 / 原データ築年数=36 / 原データ延床面積（㎡）=21.60 / 原データ棟数=1 / 原データ主な構造=鉄筋コンクリート造 / 原データ耐震診断=不要 / 原データ耐震補強=不要 / 原データ建物所有者=市 / 原データ所管局=建設局 / 原データ所管課=公園管理課 / 原データ管理形態=直営
401005,40100-2062F6E48463639E,北九州市,高須南一丁目公園トイレ,,,401005,,北九州市若松区高須南,福岡県,北九州市,,,,,,,,,,,,,,,,,,,,,,,,,,,,原データ区名=若松区 / 原データ町名=高須南 / 原データ建築年度=1994 / 原データ築年数=23 / 原データ延床面積（㎡）=6.46 / 原データ棟数=1 / 原データ主な構造=鉄筋コンクリート造 / 原データ耐震診断=不要 / 原データ耐震補強=不要 / 原データ建物所有者=市 / 原データ所管局=建設局 / 原データ所管課=公園管理課 / 原データ管理形態=直営
401005,40100-CB89A302311F684E,北九州市,今光西公園トイレ（１）プール横,,,401005,,北九州市若松区今光,福岡県,北九州市,,,,,,,,,,,,,,,,,,,,,,,,,,,,原データ区名=若松区 / 原データ町名=今光 / 原データ建築年度=1977 / 原データ築年数=40 / 原データ延床面積（㎡）=4.94 / 原データ棟数=1 / 原データ主な構造=鉄筋コンクリート造 / 原データ耐震診断=不要 / 原データ耐震補強=不要 / 原データ建物所有者=市 / 原データ所管局=建設局 / 原データ所管課=公園管理課 / 原データ管理形態=直営
401005,40100-4307BC683CDEC74D,北九州市,今光西公園トイレ（２）グラウンド,,,401005,,北九州市若松区今光,福岡県,北九州市,,,,,,,,,,,,,,,,,,,,,,,,,,,,原データ区名=若松区 / 原データ町名=今光 / 原データ建築年度=1993 / 原データ築年数=24 / 原データ延床面積（㎡）=1.70 / 原データ棟数=1 / 原データ主な構造=鉄筋コンクリート造 / 原データ耐震診断=不要 / 原データ耐震補強=不要 / 原データ建物所有者=市 / 原データ所管局=建設局 / 原データ所管課=公園管理課 / 原データ管理形態=直営
401005,40100-FB96D1511F52AAEF,北九州市,今光東公園トイレ,,,401005,,北九州市若松区今光,福岡県,北九州市,,,,,,,,,,,,,,,,,,,,,,,,,,,,原データ区名=若松区 / 原データ町名=今光 / 原データ建築年度=1970 / 原データ築年数=47 / 原データ延床面積（㎡）=7.00 / 原データ棟数=1 / 原データ主な構造=コンクリートブロック造 / 原データ耐震診断=不要 / 原データ耐震補強=不要 / 原データ建物所有者=市 / 原データ所管局=建設局 / 原データ所管課=公園管理課 / 原データ管理形態=直営
401005,40100-68B9673B0297EC12,北九州市,佐藤公園トイレ,,,401005,,北九州市若松区山手町,福岡県,北九州市,,,,,,,,,,,,,,,,,,,,,,,,,,,,原データ区名=若松区 / 原データ町名=山手町 / 原データ建築年度=1997 / 原データ築年数=20 / 原データ延床面積（㎡）=11.59 / 原データ棟数=1 / 原データ主な構造=鉄筋コンクリート造 / 原データ耐震診断=不要 / 原データ耐震補強=不要 / 原データ建物所有者=市 / 原データ所管局=建設局 / 原データ所管課=公園管理課 / 原データ管理形態=直営
401005,40100-ABD0761AF7F93FB5,北九州市,桜町南公園トイレ,,,401005,,北九州市若松区桜町,福岡県,北九州市,,,,,,,,,,,,,,,,,,,,,,,,,,,,原データ区名=若松区 / 原データ町名=桜町 / 原データ建築年度=1994 / 原データ築年数=23 / 原データ延床面積（㎡）=4.01 / 原データ棟数=1 / 原データ主な構造=ユニット / 原データ耐震診断=不要 / 原データ耐震補強=不要 / 原データ建物所有者=市 / 原データ所管局=建設局 / 原データ所管課=公園管理課 / 原データ管理形態=直営
401005,40100-C9718CE4E1DF688B,北九州市,若松市民公園トイレ,,,401005,,北九州市若松区本町,福岡県,北九州市,,,,,,,,,,,,,,,,,,,,,,,,,,,,原データ区名=若松区 / 原データ町名=本町 / 原データ建築年度=1991 / 原データ築年数=26 / 原データ延床面積（㎡）=23.75 / 原データ棟数=1 / 原データ主な構造=鉄筋コンクリート造 / 原データ耐震診断=不要 / 原データ耐震補強=不要 / 原データ建物所有者=市 / 原データ所管局=建設局 / 原データ所管課=公園管理課 / 原データ管理形態=直営
401005,40100-C80160995D11915A,北九州市,修多羅一丁目公園トイレ,,,401005,,北九州市若松区修多羅,福岡県,北九州市,,,,,,,,,,,,,,,,,,,,,,,,,,,,原データ区名=若松区 / 原データ町名=修多羅 / 原データ建築年度=1991 / 原データ築年数=26 / 原データ延床面積（㎡）=1.70 / 原データ棟数=1 / 原データ主な構造=鉄筋コンクリート造 / 原データ耐震診断=不要 / 原データ耐震補強=不要 / 原データ建物所有者=市 / 原データ所管局=建設局 / 原データ所管課=公園管理課 / 原データ管理形態=直営
401005,40100-50FD45BAD999C028,北九州市,菖蒲谷池自然公園トイレ（１）,,,401005,,北九州市若松区大字小石,福岡県,北九州市,,,,,,,,,,,,,,,,,,,,,,,,,,,,原データ区名=若松区 / 原データ町名=大字小石 / 原データ建築年度=1996 / 原データ築年数=21 / 原データ延床面積（㎡）=48.97 / 原データ棟数=1 / 原データ主な構造=鉄筋コンクリート造 / 原データ耐震診断=不要 / 原データ耐震補強=不要 / 原データ建物所有者=市 / 原データ所管局=建設局 / 原データ所管課=公園管理課 / 原データ管理形態=直営
401005,40100-D7C9971605E6E667,北九州市,菖蒲谷池自然公園トイレ（２）,,,401005,,北九州市若松区大字小石,福岡県,北九州市,,,,,,,,,,,,,,,,,,,,,,,,,,,,原データ区名=若松区 / 原データ町名=大字小石 / 原データ建築年度=1989 / 原データ築年数=28 / 原データ延床面積（㎡）=1.70 / 原データ棟数=1 / 原データ主な構造=鉄筋コンクリート造 / 原データ耐震診断=不要 / 原データ耐震補強=不要 / 原データ建物所有者=市 / 原データ所管局=建設局 / 原データ所管課=公園管理課 / 原データ管理形態=直営
401005,40100-C1FDE73D44CAAD53,北九州市,新大谷町東公園トイレ,,,401005,,北九州市若松区新大谷町,福岡県,北九州市,,,,,,,,,,,,,,,,,,,,,,,,,,,,原データ区名=若松区 / 原データ町名=新大谷町 / 原データ建築年度=1984 / 原データ築年数=33 / 原データ延床面積（㎡）=1.70 / 原データ棟数=1 / 原データ主な構造=コンクリートブロック造 / 原データ耐震診断=不要 / 原データ耐震補強=不要 / 原データ建物所有者=市 / 原データ所管局=建設局 / 原データ所管課=公園管理課 / 原データ管理形態=直営
401005,40100-989609B5B6466EA7,北九州市,深町二丁目公園トイレ,,,401005,,北九州市若松区深町,福岡県,北九州市,,,,,,,,,,,,,,,,,,,,,,,,,,,,原データ区名=若松区 / 原データ町名=深町 / 原データ建築年度=1972 / 原データ築年数=45 / 原データ延床面積（㎡）=11.80 / 原データ棟数=1 / 原データ主な構造=コンクリートブロック造 / 原データ耐震診断=不要 / 原データ耐震補強=不要 / 原データ建物所有者=市 / 原データ所管局=建設局 / 原データ所管課=公園管理課 / 原データ管理形態=直営
401005,40100-597FCA86766C994B,北九州市,正保寺公園トイレ,,,401005,,北九州市若松区白山,福岡県,北九州市,,,,,,,,,,,,,,,,,,,,,,,,,,,,原データ区名=若松区 / 原データ町名=白山 / 原データ建築年度=1984 / 原データ築年数=33 / 原データ延床面積（㎡）=5.25 / 原データ棟数=1 / 原データ主な構造=鉄筋コンクリート造 / 原データ耐震診断=不要 / 原データ耐震補強=不要 / 原データ建物所有者=市 / 原データ所管局=建設局 / 原データ所管課=公園管理課 / 原データ管理形態=直営
401005,40100-BC2AD11E10681F37,北九州市,青葉台中央公園トイレ,,,401005,,北九州市若松区青葉台西,福岡県,北九州市,,,,,,,,,,,,,,,,,,,,,,,,,,,,原データ区名=若松区 / 原データ町名=青葉台西 / 原データ建築年度=1993 / 原データ築年数=24 / 原データ延床面積（㎡）=9.00 / 原データ棟数=1 / 原データ主な構造=鉄筋コンクリート造 / 原データ耐震診断=不要 / 原データ耐震補強=不要 / 原データ建物所有者=市 / 原データ所管局=建設局 / 原データ所管課=公園管理課 / 原データ管理形態=直営
401005,40100-6C1FEA9534BA2411,北九州市,赤島町西公園トイレ,,,401005,,北九州市若松区赤島町,福岡県,北九州市,,,,,,,,,,,,,,,,,,,,,,,,,,,,原データ区名=若松区 / 原データ町名=赤島町 / 原データ建築年度=1993 / 原データ築年数=24 / 原データ延床面積（㎡）=1.70 / 原データ棟数=1 / 原データ主な構造=鉄筋コンクリート造 / 原データ耐震診断=不要 / 原データ耐震補強=不要 / 原データ建物所有者=市 / 原データ所管局=建設局 / 原データ所管課=公園管理課 / 原データ管理形態=直営
401005,40100-65AA2871336110E8,北九州市,赤島町東公園トイレ,,,401005,,北九州市若松区赤島町,福岡県,北九州市,,,,,,,,,,,,,,,,,,,,,,,,,,,,原データ区名=若松区 / 原データ町名=赤島町 / 原データ建築年度=1982 / 原データ築年数=35 / 原データ延床面積（㎡）=6.61 / 原データ棟数=1 / 原データ主な構造=コンクリートブロック造 / 原データ耐震診断=不要 / 原データ耐震補強=不要 / 原データ建物所有者=市 / 原データ所管局=建設局 / 原データ所管課=公園管理課 / 原データ管理形態=直営
401005,40100-C291535EE30990E2,北九州市,棚田町東公園トイレ,,,401005,,北九州市若松区棚田町,福岡県,北九州市,,,,,,,,,,,,,,,,,,,,,,,,,,,,原データ区名=若松区 / 原データ町名=棚田町 / 原データ建築年度=1970 / 原データ築年数=47 / 原データ延床面積（㎡）=7.00 / 原データ棟数=1 / 原データ主な構造=コンクリートブロック造 / 原データ耐震診断=不要 / 原データ耐震補強=不要 / 原データ建物所有者=市 / 原データ所管局=建設局 / 原データ所管課=公園管理課 / 原データ管理形態=直営
401005,40100-7DB9B99F7FD74015,北九州市,東二島一丁目１号公園トイレ,,,401005,,北九州市若松区東二島,福岡県,北九州市,,,,,,,,,,,,,,,,,,,,,,,,,,,,原データ区名=若松区 / 原データ町名=東二島 / 原データ建築年度=1991 / 原データ築年数=26 / 原データ延床面積（㎡）=1.70 / 原データ棟数=1 / 原データ主な構造=鉄筋コンクリート造 / 原データ耐震診断=不要 / 原データ耐震補強=不要 / 原データ建物所有者=市 / 原データ所管局=建設局 / 原データ所管課=公園管理課 / 原データ管理形態=直営
401005,40100-BC227E39CE87B4BE,北九州市,東二島二丁目公園トイレ,,,401005,,北九州市若松区東二島,福岡県,北九州市,,,,,,,,,,,,,,,,,,,,,,,,,,,,原データ区名=若松区 / 原データ町名=東二島 / 原データ建築年度=1986 / 原データ築年数=31 / 原データ延床面積（㎡）=1.70 / 原データ棟数=1 / 原データ主な構造=鉄筋コンクリート造 / 原データ耐震診断=不要 / 原データ耐震補強=不要 / 原データ建物所有者=市 / 原データ所管局=建設局 / 原データ所管課=公園管理課 / 原データ管理形態=直営
401005,40100-8A98551B6B6B5707,北九州市,東二島三丁目公園トイレ,,,401005,,北九州市若松区東二島,福岡県,北九州市,,,,,,,,,,,,,,,,,,,,,,,,,,,,原データ区名=若松区 / 原データ町名=東二島 / 原データ建築年度=1981 / 原データ築年数=36 / 原データ延床面積（㎡）=6.61 / 原データ棟数=1 / 原データ主な構造=コンクリートブロック造 / 原データ耐震診断=不要 / 原データ耐震補強=不要 / 原データ建物所有者=市 / 原データ所管局=建設局 / 原データ所管課=公園管理課 / 原データ管理形態=直営
401005,40100-89D3C618D7CF5D9A,北九州市,東二島五丁目公園トイレ,,,401005,,北九州市若松区東二島,福岡県,北九州市,,,,,,,,,,,,,,,,,,,,,,,,,,,,原データ区名=若松区 / 原データ町名=東二島 / 原データ建築年度=1983 / 原データ築年数=34 / 原データ延床面積（㎡）=5.25 / 原データ棟数=1 / 原データ主な構造=鉄筋コンクリート造 / 原データ耐震診断=不要 / 原データ耐震補強=不要 / 原データ建物所有者=市 / 原データ所管局=建設局 / 原データ所管課=公園管理課 / 原データ管理形態=直営
401005,40100-051A28460519502C,北九州市,東二島中公園トイレ,,,401005,,北九州市若松区東二島,福岡県,北九州市,,,,,,,,,,,,,,,,,,,,,,,,,,,,原データ区名=若松区 / 原データ町名=東二島 / 原データ建築年度=1996 / 原データ築年数=21 / 原データ延床面積（㎡）=4.00 / 原データ棟数=1 / 原データ主な構造=ユニット / 原データ耐震診断=不要 / 原データ耐震補強=不要 / 原データ建物所有者=市 / 原データ所管局=建設局 / 原データ所管課=公園管理課 / 原データ管理形態=直営
401005,40100-271DB5FEEF78B073,北九州市,童子丸二丁目西公園トイレ,,,401005,,北九州市若松区童子丸,福岡県,北九州市,,,,,,,,,,,,,,,,,,,,,,,,,,,,原データ区名=若松区 / 原データ町名=童子丸 / 原データ建築年度=1991 / 原データ築年数=26 / 原データ延床面積（㎡）=1.70 / 原データ棟数=1 / 原データ主な構造=鉄筋コンクリート造 / 原データ耐震診断=不要 / 原データ耐震補強=不要 / 原データ建物所有者=市 / 原データ所管局=建設局 / 原データ所管課=公園管理課 / 原データ管理形態=直営
401005,40100-FBF4363579291ED5,北九州市,二島五丁目南公園トイレ,,,401005,,北九州市若松区二島,福岡県,北九州市,,,,,,,,,,,,,,,,,,,,,,,,,,,,原データ区名=若松区 / 原データ町名=二島 / 原データ建築年度=1982 / 原データ築年数=35 / 原データ延床面積（㎡）=6.61 / 原データ棟数=1 / 原データ主な構造=コンクリートブロック造 / 原データ耐震診断=不要 / 原データ耐震補強=不要 / 原データ建物所有者=市 / 原データ所管局=建設局 / 原データ所管課=公園管理課 / 原データ管理形態=直営
401005,40100-C96E319CDEBC1091,北九州市,二島五丁目北公園トイレ,,,401005,,北九州市若松区二島,福岡県,北九州市,,,,,,,,,,,,,,,,,,,,,,,,,,,,原データ区名=若松区 / 原データ町名=二島 / 原データ建築年度=1986 / 原データ築年数=31 / 原データ延床面積（㎡）=6.61 / 原データ棟数=1 / 原データ主な構造=鉄筋コンクリート造 / 原データ耐震診断=不要 / 原データ耐震補強=不要 / 原データ建物所有者=市 / 原データ所管局=建設局 / 原データ所管課=公園管理課 / 原データ管理形態=直営
401005,40100-EFC942242D9BC8A5,北九州市,二島四丁目公園トイレ,,,401005,,北九州市若松区二島,福岡県,北九州市,,,,,,,,,,,,,,,,,,,,,,,,,,,,原データ区名=若松区 / 原データ町名=二島 / 原データ建築年度=1982 / 原データ築年数=35 / 原データ延床面積（㎡）=7.75 / 原データ棟数=1 / 原データ主な構造=コンクリートブロック造 / 原データ耐震診断=不要 / 原データ耐震補強=不要 / 原データ建物所有者=市 / 原データ所管局=建設局 / 原データ所管課=公園管理課 / 原データ管理形態=直営
401005,40100-1DE38EC5DDE9C00A,北九州市,二島西公園トイレ（１）児童公園,,,401005,,北九州市若松区鴨生田,福岡県,北九州市,,,,,,,,,,,,,,,,,,,,,,,,,,,,原データ区名=若松区 / 原データ町名=鴨生田 / 原データ建築年度=1980 / 原データ築年数=37 / 原データ延床面積（㎡）=24.53 / 原データ棟数=1 / 原データ主な構造=鉄筋コンクリート造 / 原データ耐震診断=不要 / 原データ耐震補強=不要 / 原データ建物所有者=市 / 原データ所管局=建設局 / 原データ所管課=公園管理課 / 原データ管理形態=直営
401005,40100-9DDFE5C485AC9AA5,北九州市,二島西公園トイレ（２）グランド,,,401005,,北九州市若松区鴨生田,福岡県,北九州市,,,,,,,,,,,,,,,,,,,,,,,,,,,,原データ区名=若松区 / 原データ町名=鴨生田 / 原データ建築年度=1980 / 原データ築年数=37 / 原データ延床面積（㎡）=26.00 / 原データ棟数=1 / 原データ主な構造=鉄筋コンクリート造 / 原データ耐震診断=不要 / 原データ耐震補強=不要 / 原データ建物所有者=市 / 原データ所管局=建設局 / 原データ所管課=公園管理課 / 原データ管理形態=直営
401005,40100-4C330B08647627B5,北九州市,二島東公園トイレ,,,401005,,北九州市若松区南二島,福岡県,北九州市,,,,,,,,,,,,,,,,,,,,,,,,,,,,原データ区名=若松区 / 原データ町名=南二島 / 原データ建築年度=1985 / 原データ築年数=32 / 原データ延床面積（㎡）=1.70 / 原データ棟数=1 / 原データ主な構造=鉄筋コンクリート造 / 原データ耐震診断=不要 / 原データ耐震補強=不要 / 原データ建物所有者=市 / 原データ所管局=建設局 / 原データ所管課=公園管理課 / 原データ管理形態=直営
401005,40100-4423DE0F95D2A1BC,北九州市,二島南公園トイレ,,,401005,,北九州市若松区南二島,福岡県,北九州市,,,,,,,,,,,,,,,,,,,,,,,,,,,,原データ区名=若松区 / 原データ町名=南二島 / 原データ建築年度=1994 / 原データ築年数=23 / 原データ延床面積（㎡）=1.70 / 原データ棟数=1 / 原データ主な構造=鉄筋コンクリート造 / 原データ耐震診断=不要 / 原データ耐震補強=不要 / 原データ建物所有者=市 / 原データ所管局=建設局 / 原データ所管課=公園管理課 / 原データ管理形態=直営
401005,40100-432EF8B36C73BDDC,北九州市,波打町公園トイレ,,,401005,,北九州市若松区波打町,福岡県,北九州市,,,,,,,,,,,,,,,,,,,,,,,,,,,,原データ区名=若松区 / 原データ町名=波打町 / 原データ建築年度=2002 / 原データ築年数=15 / 原データ延床面積（㎡）=9.00 / 原データ棟数=1 / 原データ主な構造=鉄筋コンクリート造 / 原データ耐震診断=不要 / 原データ耐震補強=不要 / 原データ建物所有者=市 / 原データ所管局=建設局 / 原データ所管課=公園管理課 / 原データ管理形態=直営
401005,40100-DEFE77C45C86042B,北九州市,白山一丁目公園トイレ,,,401005,,北九州市若松区白山,福岡県,北九州市,,,,,,,,,,,,,,,,,,,,,,,,,,,,原データ区名=若松区 / 原データ町名=白山 / 原データ建築年度=1973 / 原データ築年数=44 / 原データ延床面積（㎡）=7.00 / 原データ棟数=1 / 原データ主な構造=コンクリートブロック造 / 原データ耐震診断=不要 / 原データ耐震補強=不要 / 原データ建物所有者=市 / 原データ所管局=建設局 / 原データ所管課=公園管理課 / 原データ管理形態=直営
401005,40100-F09DA5CE7B2CDE98,北九州市,迫田町東公園トイレ,,,401005,,北九州市若松区迫田町,福岡県,北九州市,,,,,,,,,,,,,,,,,,,,,,,,,,,,原データ区名=若松区 / 原データ町名=迫田町 / 原データ建築年度=1998 / 原データ築年数=19 / 原データ延床面積（㎡）=1.70 / 原データ棟数=1 / 原データ主な構造=鉄筋コンクリート造 / 原データ耐震診断=不要 / 原データ耐震補強=不要 / 原データ建物所有者=市 / 原データ所管局=建設局 / 原データ所管課=公園管理課 / 原データ管理形態=直営
401005,40100-DBA16A7408AC2E3F,北九州市,畠田二丁目公園トイレ,,,401005,,北九州市若松区畠田,福岡県,北九州市,,,,,,,,,,,,,,,,,,,,,,,,,,,,原データ区名=若松区 / 原データ町名=畠田 / 原データ建築年度=1986 / 原データ築年数=31 / 原データ延床面積（㎡）=4.60 / 原データ棟数=1 / 原データ主な構造=鉄筋コンクリート造 / 原データ耐震診断=不要 / 原データ耐震補強=不要 / 原データ建物所有者=市 / 原データ所管局=建設局 / 原データ所管課=公園管理課 / 原データ管理形態=直営
401005,40100-F92653598F4AC3F3,北九州市,百合野町公園トイレ,,,401005,,北九州市若松区百合野町,福岡県,北九州市,,,,,,,,,,,,,,,,,,,,,,,,,,,,原データ区名=若松区 / 原データ町名=百合野町 / 原データ建築年度=1991 / 原データ築年数=26 / 原データ延床面積（㎡）=1.70 / 原データ棟数=1 / 原データ主な構造=鉄筋コンクリート造 / 原データ耐震診断=不要 / 原データ耐震補強=不要 / 原データ建物所有者=市 / 原データ所管局=建設局 / 原データ所管課=公園管理課 / 原データ管理形態=直営
401005,40100-01AFB55369CC028E,北九州市,浜町三丁目公園トイレ,,,401005,,北九州市若松区浜町,福岡県,北九州市,,,,,,,,,,,,,,,,,,,,,,,,,,,,原データ区名=若松区 / 原データ町名=浜町 / 原データ建築年度=1992 / 原データ築年数=25 / 原データ延床面積（㎡）=12.20 / 原データ棟数=1 / 原データ主な構造=アルミ / 原データ耐震診断=不要 / 原データ耐震補強=不要 / 原データ建物所有者=市 / 原データ所管局=建設局 / 原データ所管課=公園管理課 / 原データ管理形態=直営
401005,40100-4AA2F0947F69BD2D,北九州市,本町オアシス公園トイレ,,,401005,,北九州市若松区本町,福岡県,北九州市,,,,,,,,,,,,,,,,,,,,,,,,,,,,原データ区名=若松区 / 原データ町名=本町 / 原データ建築年度=1982 / 原データ築年数=35 / 原データ延床面積（㎡）=14.50 / 原データ棟数=1 / 原データ主な構造=鉄筋コンクリート造 / 原データ耐震診断=不要 / 原データ耐震補強=不要 / 原データ建物所有者=市 / 原データ所管局=建設局 / 原データ所管課=公園管理課 / 原データ管理形態=直営
401005,40100-6487276CEF43BFF1,北九州市,岬ノ山公園トイレ,,,401005,,北九州市若松区古前,福岡県,北九州市,,,,,,,,,,,,,,,,,,,,,,,,,,,,原データ区名=若松区 / 原データ町名=古前 / 原データ建築年度=2002 / 原データ築年数=15 / 原データ延床面積（㎡）=10.02 / 原データ棟数=1 / 原データ主な構造=鉄筋コンクリート造 / 原データ耐震診断=不要 / 原データ耐震補強=不要 / 原データ建物所有者=市 / 原データ所管局=建設局 / 原データ所管課=公園管理課 / 原データ管理形態=直営
401005,40100-4E6A826F28C9941F,北九州市,用勺町西公園トイレ,,,401005,,北九州市若松区用勺町,福岡県,北九州市,,,,,,,,,,,,,,,,,,,,,,,,,,,,原データ区名=若松区 / 原データ町名=用勺町 / 原データ建築年度=1991 / 原データ築年数=26 / 原データ延床面積（㎡）=1.70 / 原データ棟数=1 / 原データ主な構造=鉄筋コンクリート造 / 原データ耐震診断=不要 / 原データ耐震補強=不要 / 原データ建物所有者=市 / 原データ所管局=建設局 / 原データ所管課=公園管理課 / 原データ管理形態=直営
401005,40100-97DD1B5BD97F79D7,北九州市,用勺町東公園トイレ,,,401005,,北九州市若松区用勺町,福岡県,北九州市,,,,,,,,,,,,,,,,,,,,,,,,,,,,原データ区名=若松区 / 原データ町名=用勺町 / 原データ建築年度=1970 / 原データ築年数=47 / 原データ延床面積（㎡）=7.00 / 原データ棟数=1 / 原データ主な構造=コンクリートブロック造 / 原データ耐震診断=不要 / 原データ耐震補強=不要 / 原データ建物所有者=市 / 原データ所管局=建設局 / 原データ所管課=公園管理課 / 原データ管理形態=直営
401005,40100-38F8DE15CBAECD7E,北九州市,ひびきコスモス公園トイレ（管理棟）,,,401005,,北九州市若松区向洋町,福岡県,北九州市,,,,,,,,,,,,,,,,,,,,,,,,,,,,原データ区名=若松区 / 原データ町名=向洋町 / 原データ建築年度=2010 / 原データ築年数=7 / 原データ延床面積（㎡）=55.48 / 原データ棟数=1 / 原データ主な構造=鉄骨造 / 原データ耐震診断=不要 / 原データ耐震補強=不要 / 原データ建物所有者=市 / 原データ所管局=建設局 / 原データ所管課=公園管理課 / 原データ管理形態=直営
401005,40100-95084CF7640080D8,北九州市,ひびきコスモス公園トイレ（西側）,,,401005,,北九州市若松区向洋町,福岡県,北九州市,,,,,,,,,,,,,,,,,,,,,,,,,,,,原データ区名=若松区 / 原データ町名=向洋町 / 原データ建築年度=2010 / 原データ築年数=7 / 原データ延床面積（㎡）=35.77 / 原データ棟数=1 / 原データ主な構造=鉄骨造 / 原データ耐震診断=不要 / 原データ耐震補強=不要 / 原データ建物所有者=市 / 原データ所管局=建設局 / 原データ所管課=公園管理課 / 原データ管理形態=直営
401005,40100-250AAB55D87D6ABD,北九州市,ひびきコスモス公園トイレ（北側）,,,401005,,北九州市若松区向洋町,福岡県,北九州市,,,,,,,,,,,,,,,,,,,,,,,,,,,,原データ区名=若松区 / 原データ町名=向洋町 / 原データ建築年度=2014 / 原データ築年数=3 / 原データ延床面積（㎡）=17.97 / 原データ棟数=1 / 原データ主な構造=鉄筋コンクリート造 / 原データ耐震診断=不要 / 原データ耐震補強=不要 / 原データ建物所有者=市 / 原データ所管局=建設局 / 原データ所管課=公園管理課 / 原データ管理形態=直営
401005,40100-4CC295BEB3B26B2F,北九州市,脇之浦多目的広場トイレ,,,401005,,北九州市若松区大字小竹,福岡県,北九州市,,,,,,,,,,,,,,,,,,,,,,,,,,,,原データ区名=若松区 / 原データ町名=大字小竹 / 原データ建築年度=2005 / 原データ築年数=12 / 原データ延床面積（㎡）=35.00 / 原データ棟数=1 / 原データ主な構造=鉄筋コンクリート造 / 原データ耐震診断=不要 / 原データ耐震補強=不要 / 原データ建物所有者=市 / 原データ所管局=産業経済局 / 原データ所管課=水産課 / 原データ管理形態=直営
401005,40100-61671978753616D5,北九州市,脇田海岸トイレ,,,401005,,北九州市若松区大字安屋,福岡県,北九州市,,,,,,,,,,,,,,,,,,,,,,,,,,,,原データ区名=若松区 / 原データ町名=大字安屋 / 原データ建築年度=1995 / 原データ築年数=22 / 原データ延床面積（㎡）=78.95 / 原データ棟数=1 / 原データ主な構造=鉄筋コンクリート造 / 原データ耐震診断=不要 / 原データ耐震補強=不要 / 原データ建物所有者=市 / 原データ所管局=産業経済局 / 原データ所管課=水産課 / 原データ管理形態=直営
401005,40100-BF023610B09322DA,北九州市,脇田多目的広場トイレ,,,401005,,北九州市若松区大字安屋,福岡県,北九州市,,,,,,,,,,,,,,,,,,,,,,,,,,,,原データ区名=若松区 / 原データ町名=大字安屋 / 原データ建築年度=2000 / 原データ築年数=17 / 原データ延床面積（㎡）=56.67 / 原データ棟数=1 / 原データ主な構造=鉄筋コンクリート造 / 原データ耐震診断=不要 / 原データ耐震補強=不要 / 原データ建物所有者=市 / 原データ所管局=産業経済局 / 原データ所管課=水産課 / 原データ管理形態=直営
401005,40100-6AAEDF0110FB5F95,北九州市,響灘1号緑地公衆便所,,,401005,,北九州市若松区響町,福岡県,北九州市,,,,,,,,,,,,,,,,,,,,,,,,,,,,原データ区名=若松区 / 原データ町名=響町 / 原データ建築年度=1994 / 原データ築年数=23 / 原データ延床面積（㎡）=14.35 / 原データ棟数=1 / 原データ主な構造=コンクリートブロック造 / 原データ耐震診断=不要 / 原データ耐震補強=不要 / 原データ建物所有者=市 / 原データ所管局=港湾空港局 / 原データ所管課=港営課 / 原データ管理形態=直営
401005,40100-58E572E293BE3D4F,北九州市,響灘2号緑地公衆便所,,,401005,,北九州市若松区響町,福岡県,北九州市,,,,,,,,,,,,,,,,,,,,,,,,,,,,原データ区名=若松区 / 原データ町名=響町 / 原データ建築年度=1998 / 原データ築年数=19 / 原データ延床面積（㎡）=18.68 / 原データ棟数=1 / 原データ複合の状況=複数棟 / 原データ主たる施設名=響灘2号緑地 / 原データ主な構造=鉄筋コンクリート造 / 原データ耐震診断=不要 / 原データ耐震補強=不要 / 原データ建物所有者=市 / 原データ所管局=港湾空港局 / 原データ所管課=港営課 / 原データ管理形態=直営
401005,40100-92570B49AB4561B8,北九州市,響灘2号緑地中央公衆便所,,,401005,,北九州市若松区響町,福岡県,北九州市,,,,,,,,,,,,,,,,,,,,,,,,,,,,原データ区名=若松区 / 原データ町名=響町 / 原データ建築年度=2005 / 原データ築年数=12 / 原データ延床面積（㎡）=25.56 / 原データ棟数=1 / 原データ複合の状況=複数棟 / 原データ主たる施設名=響灘2号緑地 / 原データ主な構造=鉄筋コンクリート造 / 原データ耐震診断=不要 / 原データ耐震補強=不要 / 原データ建物所有者=市 / 原データ所管局=港湾空港局 / 原データ所管課=港営課 / 原データ管理形態=直営
401005,40100-4F77651631E6B0E0,北九州市,ふれあいの森林公衆便所,,,401005,,北九州市八幡東区大字大蔵,福岡県,北九州市,,,,,,,,,,,,,,,,,,,,,,,,,,,,原データ区名=八幡東区 / 原データ町名=大字大蔵 / 原データ建築年度=1986 / 原データ築年数=31 / 原データ延床面積（㎡）=9.00 / 原データ棟数=1 / 原データ複合の状況=複数棟 / 原データ主たる施設名=ふれあいの森林ログハウス / 原データ主な構造=鉄筋コンクリート造 / 原データ耐震診断=不要 / 原データ耐震補強=不要 / 原データ建物所有者=市 / 原データ所管局=建設局 / 原データ所管課=公園管理課 / 原データ管理形態=直営
401005,40100-62CFC41842C9F34E,北九州市,帆柱自然公園一般キャンプトイレ,,,401005,,北九州市八幡東区大字前田,福岡県,北九州市,,,,,,,,,,,,,,,,,,,,,,,,,,,,原データ区名=八幡東区 / 原データ町名=大字前田 / 原データ建築年度=1980 / 原データ築年数=37 / 原データ延床面積（㎡）=8.71 / 原データ棟数=1 / 原データ主な構造=コンクリートブロック造 / 原データ耐震診断=不要 / 原データ耐震補強=不要 / 原データ建物所有者=市 / 原データ所管局=建設局 / 原データ所管課=公園管理課 / 原データ管理形態=直営
401005,40100-39F589ABACA9E2B8,北九州市,帆柱自然公園森林植物園サクラ広場トイレ,,,401005,,北九州市八幡東区大字尾倉,福岡県,北九州市,,,,,,,,,,,,,,,,,,,,,,,,,,,,原データ区名=八幡東区 / 原データ町名=大字尾倉 / 原データ建築年度=不明 / 原データ築年数=不明 / 原データ延床面積（㎡）=16.99 / 原データ棟数=1 / 原データ主な構造=鉄筋コンクリート造 / 原データ耐震診断=不要 / 原データ耐震補強=不要 / 原データ建物所有者=市 / 原データ所管局=建設局 / 原データ所管課=公園管理課 / 原データ管理形態=直営
401005,40100-323A3022C653CF77,北九州市,帆柱自然公園森林植物園入口トイレ,,,401005,,北九州市八幡東区大字大蔵,福岡県,北九州市,,,,,,,,,,,,,,,,,,,,,,,,,,,,原データ区名=八幡東区 / 原データ町名=大字大蔵 / 原データ建築年度=2004 / 原データ築年数=13 / 原データ延床面積（㎡）=2.16 / 原データ棟数=1 / 原データ主な構造=木造 / 原データ耐震診断=不要 / 原データ耐震補強=不要 / 原データ建物所有者=市 / 原データ所管局=建設局 / 原データ所管課=公園管理課 / 原データ管理形態=直営
401005,40100-689C0509FFD6CC01,北九州市,高炉台公園トイレ（モニュメント広場）,,,401005,,北九州市八幡東区中央,福岡県,北九州市,,,,,,,,,,,,,,,,,,,,,,,,,,,,原データ区名=八幡東区 / 原データ町名=中央 / 原データ建築年度=1955 / 原データ築年数=62 / 原データ延床面積（㎡）=16.34 / 原データ棟数=1 / 原データ主な構造=鉄筋コンクリート造 / 原データ耐震診断=不要 / 原データ耐震補強=不要 / 原データ建物所有者=市 / 原データ所管局=建設局 / 原データ所管課=公園管理課 / 原データ管理形態=直営
401005,40100-10C5032C64F8E4BD,北九州市,高炉台公園トイレ（駐車場）,,,401005,,北九州市八幡東区中央,福岡県,北九州市,,,,,,,,,,,,,,,,,,,,,,,,,,,,原データ区名=八幡東区 / 原データ町名=中央 / 原データ建築年度=1995 / 原データ築年数=22 / 原データ延床面積（㎡）=29.65 / 原データ棟数=1 / 原データ主な構造=鉄筋コンクリート造 / 原データ耐震診断=不要 / 原データ耐震補強=不要 / 原データ建物所有者=市 / 原データ所管局=建設局 / 原データ所管課=公園管理課 / 原データ管理形態=直営
401005,40100-9E7B85DA60B694D7,北九州市,高炉台公園トイレ（野外音楽堂）,,,401005,,北九州市八幡東区中央,福岡県,北九州市,,,,,,,,,,,,,,,,,,,,,,,,,,,,原データ区名=八幡東区 / 原データ町名=中央 / 原データ建築年度=1995 / 原データ築年数=22 / 原データ延床面積（㎡）=17.26 / 原データ棟数=1 / 原データ主な構造=鉄筋コンクリート造 / 原データ耐震診断=不要 / 原データ耐震補強=不要 / 原データ建物所有者=市 / 原データ所管局=建設局 / 原データ所管課=公園管理課 / 原データ管理形態=直営
401005,40100-503F7DB22F02AA6F,北九州市,桃園公園トイレ（わんぱく広場）,,,401005,,北九州市八幡東区桃園,福岡県,北九州市,,,,,,,,,,,,,,,,,,,,,,,,,,,,原データ区名=八幡東区 / 原データ町名=桃園 / 原データ建築年度=1999 / 原データ築年数=18 / 原データ延床面積（㎡）=22.12 / 原データ棟数=1 / 原データ主な構造=鉄筋コンクリート造 / 原データ耐震診断=不要 / 原データ耐震補強=不要 / 原データ建物所有者=市 / 原データ所管局=建設局 / 原データ所管課=公園管理課 / 原データ管理形態=直営
401005,40100-07B777E1412A5CA8,北九州市,桃園公園トイレ（野球場東）,,,401005,,北九州市八幡東区桃園,福岡県,北九州市,,,,,,,,,,,,,,,,,,,,,,,,,,,,原データ区名=八幡東区 / 原データ町名=桃園 / 原データ建築年度=2004 / 原データ築年数=13 / 原データ延床面積（㎡）=23.06 / 原データ棟数=1 / 原データ主な構造=鉄筋コンクリート造 / 原データ耐震診断=不要 / 原データ耐震補強=不要 / 原データ建物所有者=市 / 原データ所管局=建設局 / 原データ所管課=公園管理課 / 原データ管理形態=直営
401005,40100-65FFADAB019D33F4,北九州市,桃園公園トイレ（桃園競技場西）,,,401005,,北九州市八幡東区桃園,福岡県,北九州市,,,,,,,,,,,,,,,,,,,,,,,,,,,,原データ区名=八幡東区 / 原データ町名=桃園 / 原データ建築年度=1990 / 原データ築年数=27 / 原データ延床面積（㎡）=33.30 / 原データ棟数=1 / 原データ主な構造=鉄筋コンクリート造 / 原データ耐震診断=不要 / 原データ耐震補強=不要 / 原データ建物所有者=市 / 原データ所管局=建設局 / 原データ所管課=公園管理課 / 原データ管理形態=直営
401005,40100-CD84EDDA71D6E107,北九州市,桃園公園トイレ（桃園競技場東）,,,401005,,北九州市八幡東区桃園,福岡県,北九州市,,,,,,,,,,,,,,,,,,,,,,,,,,,,原データ区名=八幡東区 / 原データ町名=桃園 / 原データ建築年度=1990 / 原データ築年数=27 / 原データ延床面積（㎡）=31.68 / 原データ棟数=1 / 原データ主な構造=鉄筋コンクリート造 / 原データ耐震診断=不要 / 原データ耐震補強=不要 / 原データ建物所有者=市 / 原データ所管局=建設局 / 原データ所管課=公園管理課 / 原データ管理形態=直営
401005,40100-1817F478B68C4318,北九州市,桃園公園トイレ（勤労青少年ホーム下）,,,401005,,北九州市八幡東区桃園,福岡県,北九州市,,,,,,,,,,,,,,,,,,,,,,,,,,,,原データ区名=八幡東区 / 原データ町名=桃園 / 原データ建築年度=2004 / 原データ築年数=13 / 原データ延床面積（㎡）=1.70 / 原データ棟数=1 / 原データ主な構造=鉄筋コンクリート造 / 原データ耐震診断=不要 / 原データ耐震補強=不要 / 原データ建物所有者=市 / 原データ所管局=建設局 / 原データ所管課=公園管理課 / 原データ管理形態=直営
401005,40100-A188C67048923D07,北九州市,中央公園総合体育館横トイレ,,,401005,,北九州市八幡東区高見,福岡県,北九州市,,,,,,,,,,,,,,,,,,,,,,,,,,,,原データ区名=八幡東区 / 原データ町名=高見 / 原データ建築年度=1990 / 原データ築年数=27 / 原データ延床面積（㎡）=18.52 / 原データ棟数=1 / 原データ主な構造=鉄筋コンクリート造 / 原データ耐震診断=不要 / 原データ耐震補強=不要 / 原データ建物所有者=市 / 原データ所管局=建設局 / 原データ所管課=公園管理課 / 原データ管理形態=直営
401005,40100-65E0718D28D2D130,北九州市,中央公園（福祉公園）トイレ,,,401005,,北九州市八幡東区高見,福岡県,北九州市,,,,,,,,,,,,,,,,,,,,,,,,,,,,原データ区名=八幡東区 / 原データ町名=高見 / 原データ建築年度=2008 / 原データ築年数=9 / 原データ延床面積（㎡）=28.00 / 原データ棟数=1 / 原データ主な構造=鉄筋コンクリート造 / 原データ耐震診断=不要 / 原データ耐震補強=不要 / 原データ建物所有者=市 / 原データ所管局=建設局 / 原データ所管課=公園管理課 / 原データ管理形態=直営
401005,40100-5569EFFD1676DF5B,北九州市,羽衣町中公園トイレ,,,401005,,北九州市八幡東区羽衣町,福岡県,北九州市,,,,,,,,,,,,,,,,,,,,,,,,,,,,原データ区名=八幡東区 / 原データ町名=羽衣町 / 原データ建築年度=2000 / 原データ築年数=17 / 原データ延床面積（㎡）=2.90 / 原データ棟数=1 / 原データ主な構造=ユニット / 原データ耐震診断=不要 / 原データ耐震補強=不要 / 原データ建物所有者=市 / 原データ所管局=建設局 / 原データ所管課=公園管理課 / 原データ管理形態=直営
401005,40100-2A0DEB9FE5002B3D,北九州市,祇園一丁目公園トイレ,,,401005,,北九州市八幡東区祇園,福岡県,北九州市,,,,,,,,,,,,,,,,,,,,,,,,,,,,原データ区名=八幡東区 / 原データ町名=祇園 / 原データ建築年度=1993 / 原データ築年数=24 / 原データ延床面積（㎡）=5.72 / 原データ棟数=1 / 原データ主な構造=鉄筋コンクリート造 / 原データ耐震診断=不要 / 原データ耐震補強=不要 / 原データ建物所有者=市 / 原データ所管局=建設局 / 原データ所管課=公園管理課 / 原データ管理形態=直営
401005,40100-3EE460C17A5C6819,北九州市,祇園原町公園トイレ,,,401005,,北九州市八幡東区祇園原町,福岡県,北九州市,,,,,,,,,,,,,,,,,,,,,,,,,,,,原データ区名=八幡東区 / 原データ町名=祇園原町 / 原データ建築年度=1998 / 原データ築年数=19 / 原データ延床面積（㎡）=6.96 / 原データ棟数=1 / 原データ主な構造=コンクリートブロック造 / 原データ耐震診断=不要 / 原データ耐震補強=不要 / 原データ建物所有者=市 / 原データ所管局=建設局 / 原データ所管課=公園管理課 / 原データ管理形態=直営
401005,40100-AC874C62A3002DC8,北九州市,宮の町公園トイレ,,,401005,,北九州市八幡東区宮の町,福岡県,北九州市,,,,,,,,,,,,,,,,,,,,,,,,,,,,原データ区名=八幡東区 / 原データ町名=宮の町 / 原データ建築年度=1972 / 原データ築年数=45 / 原データ延床面積（㎡）=6.00 / 原データ棟数=1 / 原データ主な構造=コンクリートブロック造 / 原データ耐震診断=不要 / 原データ耐震補強=不要 / 原データ建物所有者=市 / 原データ所管局=建設局 / 原データ所管課=公園管理課 / 原データ管理形態=直営
401005,40100-A8844857C6D130C6,北九州市,宮田町公園トイレ,,,401005,,北九州市八幡東区宮田町,福岡県,北九州市,,,,,,,,,,,,,,,,,,,,,,,,,,,,原データ区名=八幡東区 / 原データ町名=宮田町 / 原データ建築年度=1996 / 原データ築年数=21 / 原データ延床面積（㎡）=15.82 / 原データ棟数=1 / 原データ主な構造=鉄筋コンクリート造 / 原データ耐震診断=不要 / 原データ耐震補強=不要 / 原データ建物所有者=市 / 原データ所管局=建設局 / 原データ所管課=公園管理課 / 原データ管理形態=直営
401005,40100-91021B30B6525EE2,北九州市,荒手二丁目西公園トイレ,,,401005,,北九州市八幡東区荒手,福岡県,北九州市,,,,,,,,,,,,,,,,,,,,,,,,,,,,原データ区名=八幡東区 / 原データ町名=荒手 / 原データ建築年度=1986 / 原データ築年数=31 / 原データ延床面積（㎡）=1.70 / 原データ棟数=1 / 原データ主な構造=鉄筋コンクリート造 / 原データ耐震診断=不要 / 原データ耐震補強=不要 / 原データ建物所有者=市 / 原データ所管局=建設局 / 原データ所管課=公園管理課 / 原データ管理形態=直営
401005,40100-2D8E12E0049663D5,北九州市,荒生田一丁目西公園トイレ,,,401005,,北九州市八幡東区荒生田,福岡県,北九州市,,,,,,,,,,,,,,,,,,,,,,,,,,,,原データ区名=八幡東区 / 原データ町名=荒生田 / 原データ建築年度=2014 / 原データ築年数=3 / 原データ延床面積（㎡）=12.07 / 原データ棟数=1 / 原データ主な構造=鉄筋コンクリート造 / 原データ耐震診断=不要 / 原データ耐震補強=不要 / 原データ建物所有者=市 / 原データ所管局=建設局 / 原データ所管課=公園管理課 / 原データ管理形態=直営
401005,40100-4E67743FAD3806BC,北九州市,高見中央公園トイレ,,,401005,,北九州市八幡東区高見,福岡県,北九州市,,,,,,,,,,,,,,,,,,,,,,,,,,,,原データ区名=八幡東区 / 原データ町名=高見 / 原データ建築年度=1999 / 原データ築年数=18 / 原データ延床面積（㎡）=22.33 / 原データ棟数=1 / 原データ主な構造=鉄筋コンクリート造 / 原データ耐震診断=不要 / 原データ耐震補強=不要 / 原データ建物所有者=市 / 原データ所管局=建設局 / 原データ所管課=公園管理課 / 原データ管理形態=直営
401005,40100-8207F8C71122BA2A,北九州市,山王二丁目南公園トイレ,,,401005,,北九州市八幡東区山王,福岡県,北九州市,,,,,,,,,,,,,,,,,,,,,,,,,,,,原データ区名=八幡東区 / 原データ町名=山王 / 原データ建築年度=1983 / 原データ築年数=34 / 原データ延床面積（㎡）=7.75 / 原データ棟数=1 / 原データ主な構造=鉄筋コンクリート造 / 原データ耐震診断=不要 / 原データ耐震補強=不要 / 原データ建物所有者=市 / 原データ所管局=建設局 / 原データ所管課=公園管理課 / 原データ管理形態=直営
401005,40100-50069D934FD12343,北九州市,山路一丁目西公園トイレ,,,401005,,北九州市八幡東区山路,福岡県,北九州市,,,,,,,,,,,,,,,,,,,,,,,,,,,,原データ区名=八幡東区 / 原データ町名=山路 / 原データ建築年度=2001 / 原データ築年数=16 / 原データ延床面積（㎡）=1.70 / 原データ棟数=1 / 原データ主な構造=鉄筋コンクリート造 / 原データ耐震診断=不要 / 原データ耐震補強=不要 / 原データ建物所有者=市 / 原データ所管局=建設局 / 原データ所管課=公園管理課 / 原データ管理形態=直営
401005,40100-5D885144123EC34C,北九州市,枝光公園トイレ（１）東,,,401005,,北九州市八幡東区日の出,福岡県,北九州市,,,,,,,,,,,,,,,,,,,,,,,,,,,,原データ区名=八幡東区 / 原データ町名=日の出 / 原データ建築年度=2009 / 原データ築年数=8 / 原データ延床面積（㎡）=11.88 / 原データ棟数=1 / 原データ主な構造=鉄筋コンクリート造 / 原データ耐震診断=不要 / 原データ耐震補強=不要 / 原データ建物所有者=市 / 原データ所管局=建設局 / 原データ所管課=公園管理課 / 原データ管理形態=直営
401005,40100-FA4B367E9A2428C3,北九州市,枝光公園トイレ（２）西,,,401005,,北九州市八幡東区日の出,福岡県,北九州市,,,,,,,,,,,,,,,,,,,,,,,,,,,,原データ区名=八幡東区 / 原データ町名=日の出 / 原データ建築年度=1981 / 原データ築年数=36 / 原データ延床面積（㎡）=7.75 / 原データ棟数=1 / 原データ主な構造=鉄筋コンクリート造 / 原データ耐震診断=不要 / 原データ耐震補強=不要 / 原データ建物所有者=市 / 原データ所管局=建設局 / 原データ所管課=公園管理課 / 原データ管理形態=直営
401005,40100-D46329EF2462D73D,北九州市,祝町一丁目西公園トイレ,,,401005,,北九州市八幡東区祝町,福岡県,北九州市,,,,,,,,,,,,,,,,,,,,,,,,,,,,原データ区名=八幡東区 / 原データ町名=祝町 / 原データ建築年度=2012 / 原データ築年数=5 / 原データ延床面積（㎡）=8.28 / 原データ棟数=1 / 原データ主な構造=鉄筋コンクリート造 / 原データ耐震診断=不要 / 原データ耐震補強=不要 / 原データ建物所有者=市 / 原データ所管局=建設局 / 原データ所管課=公園管理課 / 原データ管理形態=直営
401005,40100-8EF271AC76FB184B,北九州市,春の町一丁目公園トイレ,,,401005,,北九州市八幡東区春の町,福岡県,北九州市,,,,,,,,,,,,,,,,,,,,,,,,,,,,原データ区名=八幡東区 / 原データ町名=春の町 / 原データ建築年度=2012 / 原データ築年数=5 / 原データ延床面積（㎡）=11.33 / 原データ棟数=1 / 原データ主な構造=鉄筋コンクリート造 / 原データ耐震診断=不要 / 原データ耐震補強=不要 / 原データ建物所有者=市 / 原データ所管局=建設局 / 原データ所管課=公園管理課 / 原データ管理形態=直営
401005,40100-7CE1547E9C9456E1,北九州市,勝田公園トイレ,,,401005,,北九州市八幡東区羽衣町,福岡県,北九州市,,,,,,,,,,,,,,,,,,,,,,,,,,,,原データ区名=八幡東区 / 原データ町名=羽衣町 / 原データ建築年度=1974 / 原データ築年数=43 / 原データ延床面積（㎡）=6.96 / 原データ棟数=1 / 原データ主な構造=コンクリートブロック造 / 原データ耐震診断=不要 / 原データ耐震補強=不要 / 原データ建物所有者=市 / 原データ所管局=建設局 / 原データ所管課=公園管理課 / 原データ管理形態=直営
401005,40100-B3FA0B97CE5A3374,北九州市,小伊藤山公園トイレ,,,401005,,北九州市八幡東区尾倉,福岡県,北九州市,,,,,,,,,,,,,,,,,,,,,,,,,,,,原データ区名=八幡東区 / 原データ町名=尾倉 / 原データ建築年度=1984 / 原データ築年数=33 / 原データ延床面積（㎡）=7.75 / 原データ棟数=1 / 原データ主な構造=コンクリートブロック造 / 原データ耐震診断=不要 / 原データ耐震補強=不要 / 原データ建物所有者=市 / 原データ所管局=建設局 / 原データ所管課=公園管理課 / 原データ管理形態=直営
401005,40100-84B5907781151E66,北九州市,松尾町公園トイレ,,,401005,,北九州市八幡東区松尾町,福岡県,北九州市,,,,,,,,,,,,,,,,,,,,,,,,,,,,原データ区名=八幡東区 / 原データ町名=松尾町 / 原データ建築年度=2008 / 原データ築年数=9 / 原データ延床面積（㎡）=9.84 / 原データ棟数=1 / 原データ主な構造=鉄筋コンクリート造 / 原データ耐震診断=不要 / 原データ耐震補強=不要 / 原データ建物所有者=市 / 原データ所管局=建設局 / 原データ所管課=公園管理課 / 原データ管理形態=直営
401005,40100-CF35934F903678BC,北九州市,松尾町公園内建物（子供と母の家）,,,401005,,北九州市八幡東区松尾町,福岡県,北九州市,,,,,,,,,,,,,,,,,,,,,,,,,,,,原データ区名=八幡東区 / 原データ町名=松尾町 / 原データ建築年度=1967 / 原データ築年数=50 / 原データ延床面積（㎡）=110.96 / 原データ棟数=1 / 原データ複合の状況=複合 / 原データ主たる施設名=松尾町公園内建物（子供と母の家） / 原データ主な構造=木造 / 原データ耐震診断=不要 / 原データ耐震補強=不要 / 原データ建物所有者=市 / 原データ所管局=建設局 / 原データ所管課=公園管理課 / 原データ管理形態=直営
401005,40100-13DB460E57F39815,北九州市,上本町一丁目公園トイレ,,,401005,,北九州市八幡東区上本町,福岡県,北九州市,,,,,,,,,,,,,,,,,,,,,,,,,,,,原データ区名=八幡東区 / 原データ町名=上本町 / 原データ建築年度=1976 / 原データ築年数=41 / 原データ延床面積（㎡）=5.52 / 原データ棟数=1 / 原データ主な構造=コンクリートブロック造 / 原データ耐震診断=不要 / 原データ耐震補強=不要 / 原データ建物所有者=市 / 原データ所管局=建設局 / 原データ所管課=公園管理課 / 原データ管理形態=直営
401005,40100-CFC098B0AA22F3CD,北九州市,諏訪一丁目公園トイレ,,,401005,,北九州市八幡東区諏訪,福岡県,北九州市,,,,,,,,,,,,,,,,,,,,,,,,,,,,原データ区名=八幡東区 / 原データ町名=諏訪 / 原データ建築年度=1974 / 原データ築年数=43 / 原データ延床面積（㎡）=5.50 / 原データ棟数=1 / 原データ主な構造=コンクリートブロック造 / 原データ耐震診断=不要 / 原データ耐震補強=不要 / 原データ建物所有者=市 / 原データ所管局=建設局 / 原データ所管課=公園管理課 / 原データ管理形態=直営
401005,40100-AC20B9E1A79E1E53,北九州市,西本町四丁目公園トイレ,,,401005,,北九州市八幡東区西本町,福岡県,北九州市,,,,,,,,,,,,,,,,,,,,,,,,,,,,原データ区名=八幡東区 / 原データ町名=西本町 / 原データ建築年度=1994 / 原データ築年数=23 / 原データ延床面積（㎡）=5.50 / 原データ棟数=1 / 原データ主な構造=鉄筋コンクリート造 / 原データ耐震診断=不要 / 原データ耐震補強=不要 / 原データ建物所有者=市 / 原データ所管局=建設局 / 原データ所管課=公園管理課 / 原データ管理形態=直営
401005,40100-EC6DAC3F7FD8C11B,北九州市,前田一丁目公園トイレ,,,401005,,北九州市八幡東区前田,福岡県,北九州市,,,,,,,,,,,,,,,,,,,,,,,,,,,,原データ区名=八幡東区 / 原データ町名=前田 / 原データ建築年度=1970 / 原データ築年数=47 / 原データ延床面積（㎡）=6.69 / 原データ棟数=1 / 原データ主な構造=コンクリートブロック造 / 原データ耐震診断=不要 / 原データ耐震補強=不要 / 原データ建物所有者=市 / 原データ所管局=建設局 / 原データ所管課=公園管理課 / 原データ管理形態=直営
401005,40100-1D719810B22E169D,北九州市,前田二丁目公園トイレ,,,401005,,北九州市八幡東区前田,福岡県,北九州市,,,,,,,,,,,,,,,,,,,,,,,,,,,,原データ区名=八幡東区 / 原データ町名=前田 / 原データ建築年度=1974 / 原データ築年数=43 / 原データ延床面積（㎡）=5.50 / 原データ棟数=1 / 原データ主な構造=コンクリートブロック造 / 原データ耐震診断=不要 / 原データ耐震補強=不要 / 原データ建物所有者=市 / 原データ所管局=建設局 / 原データ所管課=公園管理課 / 原データ管理形態=直営
401005,40100-7328C72909F42AA1,北九州市,大蔵公園トイレ,,,401005,,北九州市八幡東区大蔵,福岡県,北九州市,,,,,,,,,,,,,,,,,,,,,,,,,,,,原データ区名=八幡東区 / 原データ町名=大蔵 / 原データ建築年度=2009 / 原データ築年数=8 / 原データ延床面積（㎡）=13.86 / 原データ棟数=1 / 原データ主な構造=鉄筋コンクリート造 / 原データ耐震診断=不要 / 原データ耐震補強=不要 / 原データ建物所有者=市 / 原データ所管局=建設局 / 原データ所管課=公園管理課 / 原データ管理形態=直営
401005,40100-0600A5D647CF2661,北九州市,茶屋町公園トイレ,,,401005,,北九州市八幡東区茶屋町,福岡県,北九州市,,,,,,,,,,,,,,,,,,,,,,,,,,,,原データ区名=八幡東区 / 原データ町名=茶屋町 / 原データ建築年度=2012 / 原データ築年数=5 / 原データ延床面積（㎡）=11.33 / 原データ棟数=1 / 原データ主な構造=鉄筋コンクリート造 / 原データ耐震診断=不要 / 原データ耐震補強=不要 / 原データ建物所有者=市 / 原データ所管局=建設局 / 原データ所管課=公園管理課 / 原データ管理形態=直営
401005,40100-1006B0590036238C,北九州市,中央二丁目公園トイレ,,,401005,,北九州市八幡東区中央,福岡県,北九州市,,,,,,,,,,,,,,,,,,,,,,,,,,,,原データ区名=八幡東区 / 原データ町名=中央 / 原データ建築年度=1994 / 原データ築年数=23 / 原データ延床面積（㎡）=11.12 / 原データ棟数=1 / 原データ主な構造=鉄筋コンクリート造 / 原データ耐震診断=不要 / 原データ耐震補強=不要 / 原データ建物所有者=市 / 原データ所管局=建設局 / 原データ所管課=公園管理課 / 原データ管理形態=直営
401005,40100-BD14E7FE6CD8A62A,北九州市,中畑公園トイレ,,,401005,,北九州市八幡東区中畑,福岡県,北九州市,,,,,,,,,,,,,,,,,,,,,,,,,,,,原データ区名=八幡東区 / 原データ町名=中畑 / 原データ建築年度=2011 / 原データ築年数=6 / 原データ延床面積（㎡）=2.60 / 原データ棟数=1 / 原データ主な構造=ユニット / 原データ耐震診断=不要 / 原データ耐震補強=不要 / 原データ建物所有者=市 / 原データ所管局=建設局 / 原データ所管課=公園管理課 / 原データ管理形態=直営
401005,40100-B3FFBD1E24801E82,北九州市,東田大通り公園トイレ（北側）,,,401005,,北九州市八幡東区東田,福岡県,北九州市,,,,,,,,,,,,,,,,,,,,,,,,,,,,原データ区名=八幡東区 / 原データ町名=東田 / 原データ建築年度=1999 / 原データ築年数=18 / 原データ延床面積（㎡）=30.00 / 原データ棟数=1 / 原データ主な構造=鉄筋コンクリート造 / 原データ耐震診断=不要 / 原データ耐震補強=不要 / 原データ建物所有者=市 / 原データ所管局=建設局 / 原データ所管課=公園管理課 / 原データ管理形態=直営
401005,40100-D3BA640ABC829BF8,北九州市,東田大通り公園トイレ（南側）,,,401005,,北九州市八幡東区東田,福岡県,北九州市,,,,,,,,,,,,,,,,,,,,,,,,,,,,原データ区名=八幡東区 / 原データ町名=東田 / 原データ建築年度=1999 / 原データ築年数=18 / 原データ延床面積（㎡）=30.00 / 原データ棟数=1 / 原データ主な構造=鉄筋コンクリート造 / 原データ耐震診断=不要 / 原データ耐震補強=不要 / 原データ建物所有者=市 / 原データ所管局=建設局 / 原データ所管課=公園管理課 / 原データ管理形態=直営
401005,40100-B1F333F0F15FF451,北九州市,日の出二丁目公園トイレ,,,401005,,北九州市八幡東区日の出,福岡県,北九州市,,,,,,,,,,,,,,,,,,,,,,,,,,,,原データ区名=八幡東区 / 原データ町名=日の出 / 原データ建築年度=1984 / 原データ築年数=33 / 原データ延床面積（㎡）=1.70 / 原データ棟数=1 / 原データ主な構造=鉄筋コンクリート造 / 原データ耐震診断=不要 / 原データ耐震補強=不要 / 原データ建物所有者=市 / 原データ所管局=建設局 / 原データ所管課=公園管理課 / 原データ管理形態=直営
401005,40100-B8E3050C8ED4C26D,北九州市,尾倉一丁目公園トイレ,,,401005,,北九州市八幡東区尾倉,福岡県,北九州市,,,,,,,,,,,,,,,,,,,,,,,,,,,,原データ区名=八幡東区 / 原データ町名=尾倉 / 原データ建築年度=2012 / 原データ築年数=5 / 原データ延床面積（㎡）=11.33 / 原データ棟数=1 / 原データ主な構造=コンクリートブロック造 / 原データ耐震診断=不要 / 原データ耐震補強=不要 / 原データ建物所有者=市 / 原データ所管局=建設局 / 原データ所管課=公園管理課 / 原データ管理形態=直営
401005,40100-6A2FA12B4EB6A06D,北九州市,平野三丁目公園トイレ,,,401005,,北九州市八幡東区平野,福岡県,北九州市,,,,,,,,,,,,,,,,,,,,,,,,,,,,原データ区名=八幡東区 / 原データ町名=平野 / 原データ建築年度=1986 / 原データ築年数=31 / 原データ延床面積（㎡）=1.70 / 原データ棟数=1 / 原データ主な構造=鉄筋コンクリート造 / 原データ耐震診断=不要 / 原データ耐震補強=不要 / 原データ建物所有者=市 / 原データ所管局=建設局 / 原データ所管課=公園管理課 / 原データ管理形態=直営
401005,40100-11FF50367FC5E4F7,北九州市,豊町公園トイレ,,,401005,,北九州市八幡東区豊町,福岡県,北九州市,,,,,,,,,,,,,,,,,,,,,,,,,,,,原データ区名=八幡東区 / 原データ町名=豊町 / 原データ建築年度=1990 / 原データ築年数=27 / 原データ延床面積（㎡）=1.98 / 原データ棟数=1 / 原データ主な構造=鉄筋コンクリート造 / 原データ耐震診断=不要 / 原データ耐震補強=不要 / 原データ建物所有者=市 / 原データ所管局=建設局 / 原データ所管課=公園管理課 / 原データ管理形態=直営
401005,40100-863012CC279B12CE,北九州市,帆柱公園登山口トイレ,,,401005,,北九州市八幡東区帆柱町,福岡県,北九州市,,,,,,,,,,,,,,,,,,,,,,,,,,,,原データ区名=八幡東区 / 原データ町名=帆柱町 / 原データ建築年度=1998 / 原データ築年数=19 / 原データ延床面積（㎡）=15.96 / 原データ棟数=1 / 原データ主な構造=コンクリートブロック造 / 原データ耐震診断=不要 / 原データ耐震補強=不要 / 原データ建物所有者=市 / 原データ所管局=建設局 / 原データ所管課=公園管理課 / 原データ管理形態=直営
401005,40100-B8A0EC7065CB8CDE,北九州市,中央公園内福祉公園管理棟,,,401005,,北九州市八幡東区高見,福岡県,北九州市,,,,,,,,,,,,,,,,,,,,,,,,,,,,原データ区名=八幡東区 / 原データ町名=高見 / 原データ建築年度=1979 / 原データ築年数=38 / 原データ延床面積（㎡）=105.00 / 原データ棟数=1 / 原データ主な構造=鉄筋コンクリート造 / 原データ耐震診断=不要 / 原データ耐震補強=不要 / 原データ建物所有者=市 / 原データ所管局=建設局 / 原データ所管課=公園管理課 / 原データ管理形態=直営
401005,40100-8AFB1C0DEB273580,北九州市,勝山町二丁目公園トイレ,,,401005,,北九州市八幡東区勝山,福岡県,北九州市,,,,,,,,,,,,,,,,,,,,,,,,,,,,原データ区名=八幡東区 / 原データ町名=勝山 / 原データ建築年度=1978 / 原データ築年数=39 / 原データ延床面積（㎡）=6.96 / 原データ棟数=1 / 原データ主な構造=コンクリートブロック造 / 原データ耐震診断=不要 / 原データ耐震補強=不要 / 原データ建物所有者=市 / 原データ所管局=建設局 / 原データ所管課=公園管理課 / 原データ管理形態=直営
401005,40100-313ECC0C571074FE,北九州市,桃園一丁目さくら公園トイレ,,,401005,,北九州市八幡東区桃園,福岡県,北九州市,,,,,,,,,,,,,,,,,,,,,,,,,,,,原データ区名=八幡東区 / 原データ町名=桃園 / 原データ建築年度=2011 / 原データ築年数=6 / 原データ延床面積（㎡）=25.90 / 原データ棟数=1 / 原データ主な構造=鉄筋コンクリート造 / 原データ耐震診断=不要 / 原データ耐震補強=不要 / 原データ建物所有者=市 / 原データ所管局=建設局 / 原データ所管課=公園管理課 / 原データ管理形態=直営
401005,40100-CFCD18A7C44CF062,北九州市,本城公園（２）レフトトイレ,,,401005,,北九州市八幡西区御開,福岡県,北九州市,,,,,,,,,,,,,,,,,,,,,,,,,,,,原データ区名=八幡西区 / 原データ町名=御開 / 原データ建築年度=1989 / 原データ築年数=28 / 原データ延床面積（㎡）=15.60 / 原データ棟数=1 / 原データ主な構造=鉄筋コンクリート造 / 原データ耐震診断=不要 / 原データ耐震補強=不要 / 原データ建物所有者=市 / 原データ所管局=建設局 / 原データ所管課=公園管理課 / 原データ管理形態=直営
401005,40100-EAD8452ACEC6326A,北九州市,本城公園（３）運動場トイレ,,,401005,,北九州市八幡西区御開,福岡県,北九州市,,,,,,,,,,,,,,,,,,,,,,,,,,,,原データ区名=八幡西区 / 原データ町名=御開 / 原データ建築年度=1989 / 原データ築年数=28 / 原データ延床面積（㎡）=15.60 / 原データ棟数=1 / 原データ主な構造=鉄筋コンクリート造 / 原データ耐震診断=不要 / 原データ耐震補強=不要 / 原データ建物所有者=市 / 原データ所管局=建設局 / 原データ所管課=公園管理課 / 原データ管理形態=直営
401005,40100-F49310ECE4AF21C7,北九州市,本城公園（４）第２駐車場トイレ,,,401005,,北九州市八幡西区御開,福岡県,北九州市,,,,,,,,,,,,,,,,,,,,,,,,,,,,原データ区名=八幡西区 / 原データ町名=御開 / 原データ建築年度=1997 / 原データ築年数=20 / 原データ延床面積（㎡）=1.70 / 原データ棟数=1 / 原データ主な構造=鉄筋コンクリート造 / 原データ耐震診断=不要 / 原データ耐震補強=不要 / 原データ建物所有者=市 / 原データ所管局=建設局 / 原データ所管課=公園管理課 / 原データ管理形態=直営
401005,40100-14E7056BC9BCE05E,北九州市,本城公園（南）（５）スタンドトイレ,,,401005,,北九州市八幡西区御開,福岡県,北九州市,,,,,,,,,,,,,,,,,,,,,,,,,,,,原データ区名=八幡西区 / 原データ町名=御開 / 原データ建築年度=1989 / 原データ築年数=28 / 原データ延床面積（㎡）=16.20 / 原データ棟数=1 / 原データ主な構造=鉄筋コンクリート造 / 原データ耐震診断=不要 / 原データ耐震補強=不要 / 原データ建物所有者=市 / 原データ所管局=建設局 / 原データ所管課=公園管理課 / 原データ管理形態=直営
401005,40100-F146CA6FAACC4606,北九州市,本城公園トイレ（野球場ライト側）,,,401005,,北九州市八幡西区御開,福岡県,北九州市,,,,,,,,,,,,,,,,,,,,,,,,,,,,原データ区名=八幡西区 / 原データ町名=御開 / 原データ建築年度=1989 / 原データ築年数=28 / 原データ延床面積（㎡）=15.60 / 原データ棟数=1 / 原データ主な構造=鉄筋コンクリート造 / 原データ耐震診断=不要 / 原データ耐震補強=不要 / 原データ建物所有者=市 / 原データ所管局=建設局 / 原データ所管課=公園管理課 / 原データ管理形態=直営
401005,40100-02E705920FF65313,北九州市,城山緑地（グランド横）トイレ,,,401005,,北九州市八幡西区屋敷,福岡県,北九州市,,,,,,,,,,,,,,,,,,,,,,,,,,,,原データ区名=八幡西区 / 原データ町名=屋敷 / 原データ建築年度=1984 / 原データ築年数=33 / 原データ延床面積（㎡）=39.69 / 原データ棟数=1 / 原データ主な構造=鉄筋コンクリート造 / 原データ耐震診断=不要 / 原データ耐震補強=不要 / 原データ建物所有者=市 / 原データ所管局=建設局 / 原データ所管課=公園管理課 / 原データ管理形態=直営
401005,40100-5DC664E0B0215F10,北九州市,城山緑地（中腹）トイレ,,,401005,,北九州市八幡西区屋敷,福岡県,北九州市,,,,,,,,,,,,,,,,,,,,,,,,,,,,原データ区名=八幡西区 / 原データ町名=屋敷 / 原データ建築年度=1984 / 原データ築年数=33 / 原データ延床面積（㎡）=14.00 / 原データ棟数=1 / 原データ主な構造=鉄筋コンクリート造 / 原データ耐震診断=不要 / 原データ耐震補強=不要 / 原データ建物所有者=市 / 原データ所管局=建設局 / 原データ所管課=公園管理課 / 原データ管理形態=直営
401005,40100-0B3486790D0D567E,北九州市,城山緑地（頂上トイレ）,,,401005,,北九州市八幡西区屋敷,福岡県,北九州市,,,,,,,,,,,,,,,,,,,,,,,,,,,,原データ区名=八幡西区 / 原データ町名=屋敷 / 原データ建築年度=1983 / 原データ築年数=34 / 原データ延床面積（㎡）=15.14 / 原データ棟数=1 / 原データ主な構造=鉄筋コンクリート造 / 原データ耐震診断=不要 / 原データ耐震補強=不要 / 原データ建物所有者=市 / 原データ所管局=建設局 / 原データ所管課=公園管理課 / 原データ管理形態=直営
401005,40100-848F7A0A3FFD55F4,北九州市,奥洞海緑地南側（入口）トイレ,,,401005,,北九州市八幡西区洞北町,福岡県,北九州市,,,,,,,,,,,,,,,,,,,,,,,,,,,,原データ区名=八幡西区 / 原データ町名=洞北町 / 原データ建築年度=1981 / 原データ築年数=36 / 原データ延床面積（㎡）=18.25 / 原データ棟数=1 / 原データ主な構造=鉄筋コンクリート造 / 原データ耐震診断=不要 / 原データ耐震補強=不要 / 原データ建物所有者=市 / 原データ所管局=建設局 / 原データ所管課=公園管理課 / 原データ管理形態=直営
401005,40100-A47B07121609BB5C,北九州市,奥洞海緑地北側（奥）トイレ,,,401005,,北九州市八幡西区本城,福岡県,北九州市,,,,,,,,,,,,,,,,,,,,,,,,,,,,原データ区名=八幡西区 / 原データ町名=本城 / 原データ建築年度=1981 / 原データ築年数=36 / 原データ延床面積（㎡）=18.75 / 原データ棟数=1 / 原データ主な構造=鉄筋コンクリート造 / 原データ耐震診断=不要 / 原データ耐震補強=不要 / 原データ建物所有者=市 / 原データ所管局=建設局 / 原データ所管課=公園管理課 / 原データ管理形態=直営
401005,40100-500D9F5ABFF9A277,北九州市,くちなしの池公園トイレ,,,401005,,北九州市八幡西区東折尾町,福岡県,北九州市,,,,,,,,,,,,,,,,,,,,,,,,,,,,原データ区名=八幡西区 / 原データ町名=東折尾町 / 原データ建築年度=1994 / 原データ築年数=23 / 原データ延床面積（㎡）=1.70 / 原データ棟数=1 / 原データ主な構造=鉄筋コンクリート造 / 原データ耐震診断=不要 / 原データ耐震補強=不要 / 原データ建物所有者=市 / 原データ所管局=建設局 / 原データ所管課=公園管理課 / 原データ管理形態=直営
401005,40100-DF7A3DFDF22FFA3E,北九州市,さつき台中央公園トイレ,,,401005,,北九州市八幡西区さつき台,福岡県,北九州市,,,,,,,,,,,,,,,,,,,,,,,,,,,,原データ区名=八幡西区 / 原データ町名=さつき台 / 原データ建築年度=1999 / 原データ築年数=18 / 原データ延床面積（㎡）=14.50 / 原データ棟数=1 / 原データ主な構造=鉄筋コンクリート造 / 原データ耐震診断=不要 / 原データ耐震補強=不要 / 原データ建物所有者=市 / 原データ所管局=建設局 / 原データ所管課=公園管理課 / 原データ管理形態=直営
401005,40100-69B297FE163CAF77,北九州市,医生ケ丘公園トイレ,,,401005,,北九州市八幡西区医生ケ丘,福岡県,北九州市,,,,,,,,,,,,,,,,,,,,,,,,,,,,原データ区名=八幡西区 / 原データ町名=医生ケ丘 / 原データ建築年度=1994 / 原データ築年数=23 / 原データ延床面積（㎡）=1.70 / 原データ棟数=1 / 原データ主な構造=鉄筋コンクリート造 / 原データ耐震診断=不要 / 原データ耐震補強=不要 / 原データ建物所有者=市 / 原データ所管局=建設局 / 原データ所管課=公園管理課 / 原データ管理形態=直営
401005,40100-D519E9935062F2BC,北九州市,永犬丸の森公園トイレ,,,401005,,北九州市八幡西区鷹見台,福岡県,北九州市,,,,,,,,,,,,,,,,,,,,,,,,,,,,原データ区名=八幡西区 / 原データ町名=鷹見台 / 原データ建築年度=1999 / 原データ築年数=18 / 原データ延床面積（㎡）=15.90 / 原データ棟数=1 / 原データ主な構造=鉄筋コンクリート造 / 原データ耐震診断=不要 / 原データ耐震補強=不要 / 原データ建物所有者=市 / 原データ所管局=建設局 / 原データ所管課=公園管理課 / 原データ管理形態=直営
401005,40100-6D77730B538D7CCD,北九州市,永犬丸中央公園トイレ（芝生広場）,,,401005,,北九州市八幡西区北筑,福岡県,北九州市,,,,,,,,,,,,,,,,,,,,,,,,,,,,原データ区名=八幡西区 / 原データ町名=北筑 / 原データ建築年度=2000 / 原データ築年数=17 / 原データ延床面積（㎡）=13.50 / 原データ棟数=1 / 原データ主な構造=鉄筋コンクリート造 / 原データ耐震診断=不要 / 原データ耐震補強=不要 / 原データ建物所有者=市 / 原データ所管局=建設局 / 原データ所管課=公園管理課 / 原データ管理形態=直営
401005,40100-CD0CAF089443C3B3,北九州市,永犬丸中央公園トイレ（グラウンド側）,,,401005,,北九州市八幡西区北筑,福岡県,北九州市,,,,,,,,,,,,,,,,,,,,,,,,,,,,原データ区名=八幡西区 / 原データ町名=北筑 / 原データ建築年度=2001 / 原データ築年数=16 / 原データ延床面積（㎡）=17.30 / 原データ棟数=1 / 原データ主な構造=ユニット / 原データ耐震診断=不要 / 原データ耐震補強=不要 / 原データ建物所有者=市 / 原データ所管局=建設局 / 原データ所管課=公園管理課 / 原データ管理形態=直営
401005,40100-9005C32D8A3F07F1,北九州市,岡田公園トイレ,,,401005,,北九州市八幡西区岡田町,福岡県,北九州市,,,,,,,,,,,,,,,,,,,,,,,,,,,,原データ区名=八幡西区 / 原データ町名=岡田町 / 原データ建築年度=2012 / 原データ築年数=5 / 原データ延床面積（㎡）=16.82 / 原データ棟数=1 / 原データ主な構造=鉄筋コンクリート造 / 原データ耐震診断=不要 / 原データ耐震補強=不要 / 原データ建物所有者=市 / 原データ所管局=建設局 / 原データ所管課=公園管理課 / 原データ管理形態=直営
401005,40100-5DA6D7C3988E5FBE,北九州市,沖田南２号公園トイレ,,,401005,,北九州市八幡西区沖田,福岡県,北九州市,,,,,,,,,,,,,,,,,,,,,,,,,,,,原データ区名=八幡西区 / 原データ町名=沖田 / 原データ建築年度=1992 / 原データ築年数=25 / 原データ延床面積（㎡）=1.70 / 原データ棟数=1 / 原データ主な構造=鉄筋コンクリート造 / 原データ耐震診断=不要 / 原データ耐震補強=不要 / 原データ建物所有者=市 / 原データ所管局=建設局 / 原データ所管課=公園管理課 / 原データ管理形態=直営
401005,40100-DFE9D780E489AC36,北九州市,下上津役二丁目公園トイレ,,,401005,,北九州市八幡西区下上津役,福岡県,北九州市,,,,,,,,,,,,,,,,,,,,,,,,,,,,原データ区名=八幡西区 / 原データ町名=下上津役 / 原データ建築年度=1992 / 原データ築年数=25 / 原データ延床面積（㎡）=1.70 / 原データ棟数=1 / 原データ主な構造=不明 / 原データ耐震診断=不要 / 原データ耐震補強=不要 / 原データ建物所有者=市 / 原データ所管局=建設局 / 原データ所管課=公園管理課 / 原データ管理形態=直営
401005,40100-9291B79941E7CDE5,北九州市,蛎原公園トイレ,,,401005,,北九州市八幡西区黒崎,福岡県,北九州市,,,,,,,,,,,,,,,,,,,,,,,,,,,,原データ区名=八幡西区 / 原データ町名=黒崎 / 原データ建築年度=1993 / 原データ築年数=24 / 原データ延床面積（㎡）=9.00 / 原データ棟数=1 / 原データ主な構造=コンクリートブロック造 / 原データ耐震診断=不要 / 原データ耐震補強=不要 / 原データ建物所有者=市 / 原データ所管局=建設局 / 原データ所管課=公園管理課 / 原データ管理形態=直営
401005,40100-0C864951C177A494,北九州市,浅川学園台中央公園トイレ,,,401005,,北九州市八幡西区浅川学園台,福岡県,北九州市,,,,,,,,,,,,,,,,,,,,,,,,,,,,原データ区名=八幡西区 / 原データ町名=浅川学園台 / 原データ建築年度=1992 / 原データ築年数=25 / 原データ延床面積（㎡）=6.00 / 原データ棟数=1 / 原データ主な構造=鉄筋コンクリート造 / 原データ耐震診断=不要 / 原データ耐震補強=不要 / 原データ建物所有者=市 / 原データ所管局=建設局 / 原データ所管課=公園管理課 / 原データ管理形態=直営
401005,40100-67456D7E0FFFF1B6,北九州市,岩田公園トイレ,,,401005,,北九州市八幡西区東鳴水,福岡県,北九州市,,,,,,,,,,,,,,,,,,,,,,,,,,,,原データ区名=八幡西区 / 原データ町名=東鳴水 / 原データ建築年度=1996 / 原データ築年数=21 / 原データ延床面積（㎡）=7.56 / 原データ棟数=1 / 原データ主な構造=コンクリートブロック造 / 原データ耐震診断=不要 / 原データ耐震補強=不要 / 原データ建物所有者=市 / 原データ所管局=建設局 / 原データ所管課=公園管理課 / 原データ管理形態=直営
401005,40100-1449008CBA059709,北九州市,吉祥寺公園（２）（身ステン蓋なし）トイレ,,,401005,,北九州市八幡西区吉祥寺町,福岡県,北九州市,,,,,,,,,,,,,,,,,,,,,,,,,,,,原データ区名=八幡西区 / 原データ町名=吉祥寺町 / 原データ建築年度=1998 / 原データ築年数=19 / 原データ延床面積（㎡）=31.12 / 原データ棟数=1 / 原データ主な構造=木造 / 原データ耐震診断=不要 / 原データ耐震補強=不要 / 原データ建物所有者=市 / 原データ所管局=建設局 / 原データ所管課=公園管理課 / 原データ管理形態=直営
401005,40100-4F69CA77BE4D152A,北九州市,吉祥寺公園トイレ,,,401005,,北九州市八幡西区吉祥寺町,福岡県,北九州市,,,,,,,,,,,,,,,,,,,,,,,,,,,,原データ区名=八幡西区 / 原データ町名=吉祥寺町 / 原データ建築年度=1992 / 原データ築年数=25 / 原データ延床面積（㎡）=22.62 / 原データ棟数=1 / 原データ主な構造=鉄筋コンクリート造 / 原データ耐震診断=不要 / 原データ耐震補強=不要 / 原データ建物所有者=市 / 原データ所管局=建設局 / 原データ所管課=公園管理課 / 原データ管理形態=直営
401005,40100-E897CF85BB509E0D,北九州市,京良城公園トイレ,,,401005,,北九州市八幡西区京良城町,福岡県,北九州市,,,,,,,,,,,,,,,,,,,,,,,,,,,,原データ区名=八幡西区 / 原データ町名=京良城町 / 原データ建築年度=1989 / 原データ築年数=28 / 原データ延床面積（㎡）=1.70 / 原データ棟数=1 / 原データ主な構造=鉄筋コンクリート造 / 原データ耐震診断=不要 / 原データ耐震補強=不要 / 原データ建物所有者=市 / 原データ所管局=建設局 / 原データ所管課=公園管理課 / 原データ管理形態=直営
401005,40100-27FA85D6ED2C8557,北九州市,金剛中央公園トイレ,,,401005,,北九州市八幡西区金剛,福岡県,北九州市,,,,,,,,,,,,,,,,,,,,,,,,,,,,原データ区名=八幡西区 / 原データ町名=金剛 / 原データ建築年度=1998 / 原データ築年数=19 / 原データ延床面積（㎡）=9.10 / 原データ棟数=1 / 原データ主な構造=鉄筋コンクリート造 / 原データ耐震診断=不要 / 原データ耐震補強=不要 / 原データ建物所有者=市 / 原データ所管局=建設局 / 原データ所管課=公園管理課 / 原データ管理形態=直営
401005,40100-91FFA8BD4DA6C91D,北九州市,穴生公園トイレ,,,401005,,北九州市八幡西区萩原,福岡県,北九州市,,,,,,,,,,,,,,,,,,,,,,,,,,,,原データ区名=八幡西区 / 原データ町名=萩原 / 原データ建築年度=1997 / 原データ築年数=20 / 原データ延床面積（㎡）=21.50 / 原データ棟数=1 / 原データ主な構造=鉄筋コンクリート造 / 原データ耐震診断=不要 / 原データ耐震補強=不要 / 原データ建物所有者=市 / 原データ所管局=建設局 / 原データ所管課=公園管理課 / 原データ管理形態=直営
401005,40100-45DDD1660EBD5FBD,北九州市,元城公園トイレ,,,401005,,北九州市八幡西区元城町,福岡県,北九州市,,,,,,,,,,,,,,,,,,,,,,,,,,,,原データ区名=八幡西区 / 原データ町名=元城町 / 原データ建築年度=1989 / 原データ築年数=28 / 原データ延床面積（㎡）=1.70 / 原データ棟数=1 / 原データ主な構造=鉄筋コンクリート造 / 原データ耐震診断=不要 / 原データ耐震補強=不要 / 原データ建物所有者=市 / 原データ所管局=建設局 / 原データ所管課=公園管理課 / 原データ管理形態=直営
401005,40100-C1A90DA9472E4166,北九州市,元村公園トイレ,,,401005,,北九州市八幡西区楠橋西,福岡県,北九州市,,,,,,,,,,,,,,,,,,,,,,,,,,,,原データ区名=八幡西区 / 原データ町名=楠橋西 / 原データ建築年度=1975 / 原データ築年数=42 / 原データ延床面積（㎡）=6.96 / 原データ棟数=1 / 原データ主な構造=コンクリートブロック造 / 原データ耐震診断=不要 / 原データ耐震補強=不要 / 原データ建物所有者=市 / 原データ所管局=建設局 / 原データ所管課=公園管理課 / 原データ管理形態=直営
401005,40100-ABB4D3CDBBE98AA1,北九州市,御手洗公園トイレ,,,401005,,北九州市八幡西区山寺町,福岡県,北九州市,,,,,,,,,,,,,,,,,,,,,,,,,,,,原データ区名=八幡西区 / 原データ町名=山寺町 / 原データ建築年度=1983 / 原データ築年数=34 / 原データ延床面積（㎡）=6.70 / 原データ棟数=1 / 原データ主な構造=鉄筋コンクリート造 / 原データ耐震診断=不要 / 原データ耐震補強=不要 / 原データ建物所有者=市 / 原データ所管局=建設局 / 原データ所管課=公園管理課 / 原データ管理形態=直営
401005,40100-6208897AEE7BCFD0,北九州市,光貞池公園トイレ,,,401005,,北九州市八幡西区大字本城,福岡県,北九州市,,,,,,,,,,,,,,,,,,,,,,,,,,,,原データ区名=八幡西区 / 原データ町名=大字本城 / 原データ建築年度=1994 / 原データ築年数=23 / 原データ延床面積（㎡）=7.29 / 原データ棟数=1 / 原データ主な構造=鉄筋コンクリート造 / 原データ耐震診断=不要 / 原データ耐震補強=不要 / 原データ建物所有者=市 / 原データ所管局=建設局 / 原データ所管課=公園管理課 / 原データ管理形態=直営
401005,40100-73A2C492A6CF0E6F,北九州市,皇后崎公園トイレ（３）,,,401005,,北九州市八幡西区山寺町,福岡県,北九州市,,,,,,,,,,,,,,,,,,,,,,,,,,,,原データ区名=八幡西区 / 原データ町名=山寺町 / 原データ建築年度=1999 / 原データ築年数=18 / 原データ延床面積（㎡）=14.50 / 原データ棟数=1 / 原データ主な構造=鉄筋コンクリート造 / 原データ耐震診断=不要 / 原データ耐震補強=不要 / 原データ建物所有者=市 / 原データ所管局=建設局 / 原データ所管課=公園管理課 / 原データ管理形態=直営
401005,40100-6C2694CD4B9CC5CF,北九州市,皇后崎公園トイレ（１）,,,401005,,北九州市八幡西区青山,福岡県,北九州市,,,,,,,,,,,,,,,,,,,,,,,,,,,,原データ区名=八幡西区 / 原データ町名=青山 / 原データ建築年度=1994 / 原データ築年数=23 / 原データ延床面積（㎡）=8.70 / 原データ棟数=1 / 原データ主な構造=コンクリートブロック造 / 原データ耐震診断=不要 / 原データ耐震補強=不要 / 原データ建物所有者=市 / 原データ所管局=建設局 / 原データ所管課=公園管理課 / 原データ管理形態=直営
401005,40100-96A1BA43F5D913BB,北九州市,皇后崎公園トイレ（２）,,,401005,,北九州市八幡西区青山,福岡県,北九州市,,,,,,,,,,,,,,,,,,,,,,,,,,,,原データ区名=八幡西区 / 原データ町名=青山 / 原データ建築年度=2000 / 原データ築年数=17 / 原データ延床面積（㎡）=14.50 / 原データ棟数=1 / 原データ主な構造=鉄筋コンクリート造 / 原データ耐震診断=不要 / 原データ耐震補強=不要 / 原データ建物所有者=市 / 原データ所管局=建設局 / 原データ所管課=公園管理課 / 原データ管理形態=直営
401005,40100-FE938C5BBF187CD7,北九州市,香月公園トイレ,,,401005,,北九州市八幡西区香月中央,福岡県,北九州市,,,,,,,,,,,,,,,,,,,,,,,,,,,,原データ区名=八幡西区 / 原データ町名=香月中央 / 原データ建築年度=1991 / 原データ築年数=26 / 原データ延床面積（㎡）=11.40 / 原データ棟数=1 / 原データ主な構造=鉄筋コンクリート造 / 原データ耐震診断=不要 / 原データ耐震補強=不要 / 原データ建物所有者=市 / 原データ所管局=建設局 / 原データ所管課=公園管理課 / 原データ管理形態=直営
401005,40100-0DD6B1E10925C0F0,北九州市,香月中央公園（１）トイレ,,,401005,,北九州市八幡西区香月西,福岡県,北九州市,,,,,,,,,,,,,,,,,,,,,,,,,,,,原データ区名=八幡西区 / 原データ町名=香月西 / 原データ建築年度=1988 / 原データ築年数=29 / 原データ延床面積（㎡）=8.00 / 原データ棟数=1 / 原データ主な構造=鉄筋コンクリート造 / 原データ耐震診断=不要 / 原データ耐震補強=不要 / 原データ建物所有者=市 / 原データ所管局=建設局 / 原データ所管課=公園管理課 / 原データ管理形態=直営
401005,40100-DC890032AB5A7D4F,北九州市,香月中央公園（２）トイレ,,,401005,,北九州市八幡西区香月西,福岡県,北九州市,,,,,,,,,,,,,,,,,,,,,,,,,,,,原データ区名=八幡西区 / 原データ町名=香月西 / 原データ建築年度=1991 / 原データ築年数=26 / 原データ延床面積（㎡）=14.80 / 原データ棟数=1 / 原データ主な構造=鉄筋コンクリート造 / 原データ耐震診断=不要 / 原データ耐震補強=不要 / 原データ建物所有者=市 / 原データ所管局=建設局 / 原データ所管課=公園管理課 / 原データ管理形態=直営
401005,40100-85A33920F077FD77,北九州市,香月中央公園（３）トイレ,,,401005,,北九州市八幡西区香月西,福岡県,北九州市,,,,,,,,,,,,,,,,,,,,,,,,,,,,原データ区名=八幡西区 / 原データ町名=香月西 / 原データ建築年度=1996 / 原データ築年数=21 / 原データ延床面積（㎡）=40.00 / 原データ棟数=1 / 原データ主な構造=鉄筋コンクリート造 / 原データ耐震診断=不要 / 原データ耐震補強=不要 / 原データ建物所有者=市 / 原データ所管局=建設局 / 原データ所管課=公園管理課 / 原データ管理形態=直営
401005,40100-EF90F4B1AC1B483C,北九州市,香月南公園トイレ,,,401005,,北九州市八幡西区香月中央,福岡県,北九州市,,,,,,,,,,,,,,,,,,,,,,,,,,,,原データ区名=八幡西区 / 原データ町名=香月中央 / 原データ建築年度=2000 / 原データ築年数=17 / 原データ延床面積（㎡）=1.70 / 原データ棟数=1 / 原データ主な構造=鉄筋コンクリート造 / 原データ耐震診断=不要 / 原データ耐震補強=不要 / 原データ建物所有者=市 / 原データ所管局=建設局 / 原データ所管課=公園管理課 / 原データ管理形態=直営
401005,40100-95DA8A140201842E,北九州市,黒崎中央公園トイレ,,,401005,,北九州市八幡西区黒崎,福岡県,北九州市,,,,,,,,,,,,,,,,,,,,,,,,,,,,原データ区名=八幡西区 / 原データ町名=黒崎 / 原データ建築年度=1991 / 原データ築年数=26 / 原データ延床面積（㎡）=21.25 / 原データ棟数=1 / 原データ主な構造=鉄筋コンクリート造 / 原データ耐震診断=不要 / 原データ耐震補強=不要 / 原データ建物所有者=市 / 原データ所管局=建設局 / 原データ所管課=公園管理課 / 原データ管理形態=直営
401005,40100-DEE1EFC7507D13FA,北九州市,黒川河川公園トイレ,,,401005,,北九州市八幡西区高江,福岡県,北九州市,,,,,,,,,,,,,,,,,,,,,,,,,,,,原データ区名=八幡西区 / 原データ町名=高江 / 原データ建築年度=1978 / 原データ築年数=39 / 原データ延床面積（㎡）=1.08 / 原データ棟数=1 / 原データ主な構造=ユニット / 原データ耐震診断=不要 / 原データ耐震補強=不要 / 原データ建物所有者=市 / 原データ所管局=建設局 / 原データ所管課=公園管理課 / 原データ管理形態=直営
401005,40100-90F5227466803264,北九州市,笹尾公園トイレ,,,401005,,北九州市八幡西区大字木屋瀬,福岡県,北九州市,,,,,,,,,,,,,,,,,,,,,,,,,,,,原データ区名=八幡西区 / 原データ町名=大字木屋瀬 / 原データ建築年度=2004 / 原データ築年数=13 / 原データ延床面積（㎡）=19.80 / 原データ棟数=1 / 原データ主な構造=鉄筋コンクリート造 / 原データ耐震診断=不要 / 原データ耐震補強=不要 / 原データ建物所有者=市 / 原データ所管局=建設局 / 原データ所管課=公園管理課 / 原データ管理形態=直営
401005,40100-8FAD2AE98F7C7E6B,北九州市,笹尾川公園トイレ,,,401005,,北九州市八幡西区大字楠橋,福岡県,北九州市,,,,,,,,,,,,,,,,,,,,,,,,,,,,原データ区名=八幡西区 / 原データ町名=大字楠橋 / 原データ建築年度=不明 / 原データ築年数=不明 / 原データ延床面積（㎡）=2.16 / 原データ棟数=1 / 原データ主な構造=強化プラスチック造 / 原データ耐震診断=不要 / 原データ耐震補強=不要 / 原データ建物所有者=市 / 原データ所管局=建設局 / 原データ所管課=公園管理課 / 原データ管理形態=直営
401005,40100-47AB56735636846E,北九州市,山の谷公園トイレ,,,401005,,北九州市八幡西区浅川台,福岡県,北九州市,,,,,,,,,,,,,,,,,,,,,,,,,,,,原データ区名=八幡西区 / 原データ町名=浅川台 / 原データ建築年度=1983 / 原データ築年数=34 / 原データ延床面積（㎡）=1.70 / 原データ棟数=1 / 原データ主な構造=鉄筋コンクリート造 / 原データ耐震診断=不要 / 原データ耐震補強=不要 / 原データ建物所有者=市 / 原データ所管局=建設局 / 原データ所管課=公園管理課 / 原データ管理形態=直営
401005,40100-62EAF7F16E635049,北九州市,市瀬公園トイレ,,,401005,,北九州市八幡西区市瀬,福岡県,北九州市,,,,,,,,,,,,,,,,,,,,,,,,,,,,原データ区名=八幡西区 / 原データ町名=市瀬 / 原データ建築年度=1990 / 原データ築年数=27 / 原データ延床面積（㎡）=2.50 / 原データ棟数=1 / 原データ主な構造=鉄筋コンクリート造 / 原データ耐震診断=不要 / 原データ耐震補強=不要 / 原データ建物所有者=市 / 原データ所管局=建設局 / 原データ所管課=公園管理課 / 原データ管理形態=直営
401005,40100-34A20F25F124F25D,北九州市,芝原公園トイレ,,,401005,,北九州市八幡西区木屋瀬,福岡県,北九州市,,,,,,,,,,,,,,,,,,,,,,,,,,,,原データ区名=八幡西区 / 原データ町名=木屋瀬 / 原データ建築年度=2015 / 原データ築年数=2 / 原データ延床面積（㎡）=4.90 / 原データ棟数=1 / 原データ主な構造=ユニット / 原データ耐震診断=不要 / 原データ耐震補強=不要 / 原データ建物所有者=市 / 原データ所管局=建設局 / 原データ所管課=公園管理課 / 原データ管理形態=直営
401005,40100-B885EA97E647B55F,北九州市,春日台公園トイレ,,,401005,,北九州市八幡西区春日台,福岡県,北九州市,,,,,,,,,,,,,,,,,,,,,,,,,,,,原データ区名=八幡西区 / 原データ町名=春日台 / 原データ建築年度=1985 / 原データ築年数=32 / 原データ延床面積（㎡）=5.25 / 原データ棟数=1 / 原データ主な構造=鉄筋コンクリート造 / 原データ耐震診断=不要 / 原データ耐震補強=不要 / 原データ建物所有者=市 / 原データ所管局=建設局 / 原データ所管課=公園管理課 / 原データ管理形態=直営
401005,40100-B6C51333546BAAB0,北九州市,春日台北公園トイレ,,,401005,,北九州市八幡西区春日台,福岡県,北九州市,,,,,,,,,,,,,,,,,,,,,,,,,,,,原データ区名=八幡西区 / 原データ町名=春日台 / 原データ建築年度=1986 / 原データ築年数=31 / 原データ延床面積（㎡）=1.70 / 原データ棟数=1 / 原データ主な構造=鉄筋コンクリート造 / 原データ耐震診断=不要 / 原データ耐震補強=不要 / 原データ建物所有者=市 / 原データ所管局=建設局 / 原データ所管課=公園管理課 / 原データ管理形態=直営
401005,40100-3172072463C3F31A,北九州市,春日台六丁目公園トイレ,,,401005,,北九州市八幡西区春日台,福岡県,北九州市,,,,,,,,,,,,,,,,,,,,,,,,,,,,原データ区名=八幡西区 / 原データ町名=春日台 / 原データ建築年度=1986 / 原データ築年数=31 / 原データ延床面積（㎡）=7.15 / 原データ棟数=1 / 原データ主な構造=鉄筋コンクリート造 / 原データ耐震診断=不要 / 原データ耐震補強=不要 / 原データ建物所有者=市 / 原データ所管局=建設局 / 原データ所管課=公園管理課 / 原データ管理形態=直営
401005,40100-A6A32F76D6A58922,北九州市,小山公園トイレ,,,401005,,北九州市八幡西区穴生,福岡県,北九州市,,,,,,,,,,,,,,,,,,,,,,,,,,,,原データ区名=八幡西区 / 原データ町名=穴生 / 原データ建築年度=1998 / 原データ築年数=19 / 原データ延床面積（㎡）=17.00 / 原データ棟数=1 / 原データ主な構造=コンクリートブロック造 / 原データ耐震診断=不要 / 原データ耐震補強=不要 / 原データ建物所有者=市 / 原データ所管局=建設局 / 原データ所管課=公園管理課 / 原データ管理形態=直営
401005,40100-3EFCBB80A376471F,北九州市,小嶺台西公園トイレ,,,401005,,北九州市八幡西区小嶺台,福岡県,北九州市,,,,,,,,,,,,,,,,,,,,,,,,,,,,原データ区名=八幡西区 / 原データ町名=小嶺台 / 原データ建築年度=1982 / 原データ築年数=35 / 原データ延床面積（㎡）=1.23 / 原データ棟数=1 / 原データ主な構造=アルミ / 原データ耐震診断=不要 / 原データ耐震補強=不要 / 原データ建物所有者=市 / 原データ所管局=建設局 / 原データ所管課=公園管理課 / 原データ管理形態=直営
401005,40100-3C7F2B928E5B54EF,北九州市,小嶺台南１号公園トイレ,,,401005,,北九州市八幡西区小嶺台,福岡県,北九州市,,,,,,,,,,,,,,,,,,,,,,,,,,,,原データ区名=八幡西区 / 原データ町名=小嶺台 / 原データ建築年度=1982 / 原データ築年数=35 / 原データ延床面積（㎡）=1.23 / 原データ棟数=1 / 原データ主な構造=アルミ / 原データ耐震診断=不要 / 原データ耐震補強=不要 / 原データ建物所有者=市 / 原データ所管局=建設局 / 原データ所管課=公園管理課 / 原データ管理形態=直営
401005,40100-09EB1C2008A7FE69,北九州市,小嶺大池公園トイレ,,,401005,,北九州市八幡西区小嶺,福岡県,北九州市,,,,,,,,,,,,,,,,,,,,,,,,,,,,原データ区名=八幡西区 / 原データ町名=小嶺 / 原データ建築年度=2001 / 原データ築年数=16 / 原データ延床面積（㎡）=4.92 / 原データ棟数=1 / 原データ主な構造=鉄筋コンクリート造 / 原データ耐震診断=不要 / 原データ耐震補強=不要 / 原データ建物所有者=市 / 原データ所管局=建設局 / 原データ所管課=公園管理課 / 原データ管理形態=直営
401005,40100-9600400A29929F1C,北九州市,松寿山３号公園トイレ,,,401005,,北九州市八幡西区松寿山,福岡県,北九州市,,,,,,,,,,,,,,,,,,,,,,,,,,,,原データ区名=八幡西区 / 原データ町名=松寿山 / 原データ建築年度=1991 / 原データ築年数=26 / 原データ延床面積（㎡）=1.70 / 原データ棟数=1 / 原データ主な構造=不明 / 原データ耐震診断=不要 / 原データ耐震補強=不要 / 原データ建物所有者=市 / 原データ所管局=建設局 / 原データ所管課=公園管理課 / 原データ管理形態=直営
401005,40100-FB903C862D70753B,北九州市,松寿山公園トイレ,,,401005,,北九州市八幡西区松寿山,福岡県,北九州市,,,,,,,,,,,,,,,,,,,,,,,,,,,,原データ区名=八幡西区 / 原データ町名=松寿山 / 原データ建築年度=1986 / 原データ築年数=31 / 原データ延床面積（㎡）=1.70 / 原データ棟数=1 / 原データ主な構造=軽量鉄骨造 / 原データ耐震診断=不要 / 原データ耐震補強=不要 / 原データ建物所有者=市 / 原データ所管局=建設局 / 原データ所管課=公園管理課 / 原データ管理形態=直営
401005,40100-5F5DF28DB2AA1F6F,北九州市,上の原北公園トイレ,,,401005,,北九州市八幡西区上の原,福岡県,北九州市,,,,,,,,,,,,,,,,,,,,,,,,,,,,原データ区名=八幡西区 / 原データ町名=上の原 / 原データ建築年度=2002 / 原データ築年数=15 / 原データ延床面積（㎡）=1.70 / 原データ棟数=1 / 原データ主な構造=鉄筋コンクリート造 / 原データ耐震診断=不要 / 原データ耐震補強=不要 / 原データ建物所有者=市 / 原データ所管局=建設局 / 原データ所管課=公園管理課 / 原データ管理形態=直営
401005,40100-1F36D4192792F22E,北九州市,上津役公園トイレ,,,401005,,北九州市八幡西区上上津役,福岡県,北九州市,,,,,,,,,,,,,,,,,,,,,,,,,,,,原データ区名=八幡西区 / 原データ町名=上上津役 / 原データ建築年度=2016 / 原データ築年数=1 / 原データ延床面積（㎡）=11.33 / 原データ棟数=1 / 原データ主な構造=鉄筋コンクリート造 / 原データ耐震診断=不要 / 原データ耐震補強=不要 / 原データ建物所有者=市 / 原データ所管局=建設局 / 原データ所管課=公園管理課 / 原データ管理形態=直営
401005,40100-F170A860229F6E0A,北九州市,上保公園トイレ,,,401005,,北九州市八幡西区鷹の巣,福岡県,北九州市,,,,,,,,,,,,,,,,,,,,,,,,,,,,原データ区名=八幡西区 / 原データ町名=鷹の巣 / 原データ建築年度=1975 / 原データ築年数=42 / 原データ延床面積（㎡）=6.49 / 原データ棟数=1 / 原データ主な構造=コンクリートブロック造 / 原データ耐震診断=不要 / 原データ耐震補強=不要 / 原データ建物所有者=市 / 原データ所管局=建設局 / 原データ所管課=公園管理課 / 原データ管理形態=直営
401005,40100-8CC08A54B4892514,北九州市,陣原北公園トイレ,,,401005,,北九州市八幡西区陣原,福岡県,北九州市,,,,,,,,,,,,,,,,,,,,,,,,,,,,原データ区名=八幡西区 / 原データ町名=陣原 / 原データ建築年度=2003 / 原データ築年数=14 / 原データ延床面積（㎡）=1.70 / 原データ棟数=1 / 原データ主な構造=鉄筋コンクリート造 / 原データ耐震診断=不要 / 原データ耐震補強=不要 / 原データ建物所有者=市 / 原データ所管局=建設局 / 原データ所管課=公園管理課 / 原データ管理形態=直営
401005,40100-ADB995D214559649,北九州市,陣山公園トイレ,,,401005,,北九州市八幡西区陣山,福岡県,北九州市,,,,,,,,,,,,,,,,,,,,,,,,,,,,原データ区名=八幡西区 / 原データ町名=陣山 / 原データ建築年度=1975 / 原データ築年数=42 / 原データ延床面積（㎡）=1.21 / 原データ棟数=1 / 原データ主な構造=鋼製 / 原データ耐震診断=不要 / 原データ耐震補強=不要 / 原データ建物所有者=市 / 原データ所管局=建設局 / 原データ所管課=公園管理課 / 原データ管理形態=直営
401005,40100-471AF8216666455A,北九州市,須賀公園トイレ,,,401005,,北九州市八幡西区木屋瀬,福岡県,北九州市,,,,,,,,,,,,,,,,,,,,,,,,,,,,原データ区名=八幡西区 / 原データ町名=木屋瀬 / 原データ建築年度=2007 / 原データ築年数=10 / 原データ延床面積（㎡）=20.40 / 原データ棟数=1 / 原データ主な構造=鉄筋コンクリート造 / 原データ耐震診断=不要 / 原データ耐震補強=不要 / 原データ建物所有者=市 / 原データ所管局=建設局 / 原データ所管課=公園管理課 / 原データ管理形態=直営
401005,40100-31B63227153CF142,北九州市,瀬板の森公園（花の丘）トイレ,,,401005,,北九州市八幡西区大字陣原,福岡県,北九州市,,,,,,,,,,,,,,,,,,,,,,,,,,,,原データ区名=八幡西区 / 原データ町名=大字陣原 / 原データ建築年度=1997 / 原データ築年数=20 / 原データ延床面積（㎡）=17.80 / 原データ棟数=1 / 原データ主な構造=鉄筋コンクリート造 / 原データ耐震診断=不要 / 原データ耐震補強=不要 / 原データ建物所有者=市 / 原データ所管局=建設局 / 原データ所管課=公園管理課 / 原データ管理形態=直営
401005,40100-65BEFAD394FFFD57,北九州市,瀬板の森公園（子供の丘）トイレ,,,401005,,北九州市八幡西区大字陣原,福岡県,北九州市,,,,,,,,,,,,,,,,,,,,,,,,,,,,原データ区名=八幡西区 / 原データ町名=大字陣原 / 原データ建築年度=1998 / 原データ築年数=19 / 原データ延床面積（㎡）=4.50 / 原データ棟数=1 / 原データ主な構造=鉄筋コンクリート造 / 原データ耐震診断=不要 / 原データ耐震補強=不要 / 原データ建物所有者=市 / 原データ所管局=建設局 / 原データ所管課=公園管理課 / 原データ管理形態=直営
401005,40100-98FDD8C304CC26EC,北九州市,瀬板の森公園（南側）トイレ,,,401005,,北九州市八幡西区大字則松,福岡県,北九州市,,,,,,,,,,,,,,,,,,,,,,,,,,,,原データ区名=八幡西区 / 原データ町名=大字則松 / 原データ建築年度=1997 / 原データ築年数=20 / 原データ延床面積（㎡）=35.50 / 原データ棟数=1 / 原データ主な構造=鉄筋コンクリート造 / 原データ耐震診断=不要 / 原データ耐震補強=不要 / 原データ建物所有者=市 / 原データ所管局=建設局 / 原データ所管課=公園管理課 / 原データ管理形態=直営
401005,40100-BBE1B00C883CD782,北九州市,瀬板の森公園（北側）トイレ,,,401005,,北九州市八幡西区大字陣原,福岡県,北九州市,,,,,,,,,,,,,,,,,,,,,,,,,,,,原データ区名=八幡西区 / 原データ町名=大字陣原 / 原データ建築年度=1997 / 原データ築年数=20 / 原データ延床面積（㎡）=20.60 / 原データ棟数=1 / 原データ主な構造=鉄筋コンクリート造 / 原データ耐震診断=不要 / 原データ耐震補強=不要 / 原データ建物所有者=市 / 原データ所管局=建設局 / 原データ所管課=公園管理課 / 原データ管理形態=直営
401005,40100-6D6ABA7FF4CECD8B,北九州市,瀬板の森公園管理棟・中央休憩所（トイレ含む）,,,401005,,北九州市八幡西区大字陣原,福岡県,北九州市,,,,,,,,,,,,,,,,,,,,,,,,,,,,原データ区名=八幡西区 / 原データ町名=大字陣原 / 原データ建築年度=1997 / 原データ築年数=20 / 原データ延床面積（㎡）=318.20 / 原データ棟数=1 / 原データ主な構造=鉄筋コンクリート造 / 原データ耐震診断=不要 / 原データ耐震補強=不要 / 原データ建物所有者=市 / 原データ所管局=建設局 / 原データ所管課=公園管理課 / 原データ管理形態=直営
401005,40100-68D51913A730A61D,北九州市,瀬板中公園トイレ,,,401005,,北九州市八幡西区瀬板,福岡県,北九州市,,,,,,,,,,,,,,,,,,,,,,,,,,,,原データ区名=八幡西区 / 原データ町名=瀬板 / 原データ建築年度=1992 / 原データ築年数=25 / 原データ延床面積（㎡）=1.70 / 原データ棟数=1 / 原データ主な構造=鉄筋コンクリート造 / 原データ耐震診断=不要 / 原データ耐震補強=不要 / 原データ建物所有者=市 / 原データ所管局=建設局 / 原データ所管課=公園管理課 / 原データ管理形態=直営
401005,40100-B748B2F3A3C99C24,北九州市,星ケ丘中央公園トイレ,,,401005,,北九州市八幡西区星ケ丘,福岡県,北九州市,,,,,,,,,,,,,,,,,,,,,,,,,,,,原データ区名=八幡西区 / 原データ町名=星ケ丘 / 原データ建築年度=1995 / 原データ築年数=22 / 原データ延床面積（㎡）=10.60 / 原データ棟数=1 / 原データ主な構造=鉄筋コンクリート造 / 原データ耐震診断=不要 / 原データ耐震補強=不要 / 原データ建物所有者=市 / 原データ所管局=建設局 / 原データ所管課=公園管理課 / 原データ管理形態=直営
401005,40100-A26337D0145AAF38,北九州市,星和台公園トイレ,,,401005,,北九州市八幡西区星和町,福岡県,北九州市,,,,,,,,,,,,,,,,,,,,,,,,,,,,原データ区名=八幡西区 / 原データ町名=星和町 / 原データ建築年度=1983 / 原データ築年数=34 / 原データ延床面積（㎡）=1.70 / 原データ棟数=1 / 原データ主な構造=鉄筋コンクリート造 / 原データ耐震診断=不要 / 原データ耐震補強=不要 / 原データ建物所有者=市 / 原データ所管局=建設局 / 原データ所管課=公園管理課 / 原データ管理形態=直営
401005,40100-63CD6D81AD95F069,北九州市,清納公園トイレ,,,401005,,北九州市八幡西区清納,福岡県,北九州市,,,,,,,,,,,,,,,,,,,,,,,,,,,,原データ区名=八幡西区 / 原データ町名=清納 / 原データ建築年度=1986 / 原データ築年数=31 / 原データ延床面積（㎡）=1.70 / 原データ棟数=1 / 原データ主な構造=鉄筋コンクリート造 / 原データ耐震診断=不要 / 原データ耐震補強=不要 / 原データ建物所有者=市 / 原データ所管局=建設局 / 原データ所管課=公園管理課 / 原データ管理形態=直営
401005,40100-8419AF635B6F9779,北九州市,永犬丸南町一丁目公園トイレ,,,401005,,北九州市八幡西区永犬丸南町,福岡県,北九州市,,,,,,,,,,,,,,,,,,,,,,,,,,,,原データ区名=八幡西区 / 原データ町名=永犬丸南町 / 原データ建築年度=1982 / 原データ築年数=35 / 原データ延床面積（㎡）=1.23 / 原データ棟数=1 / 原データ主な構造=軽量鉄骨造 / 原データ耐震診断=不要 / 原データ耐震補強=不要 / 原データ建物所有者=市 / 原データ所管局=建設局 / 原データ所管課=公園管理課 / 原データ管理形態=直営
401005,40100-74DDEE6CFFDD94FE,北九州市,石畑公園トイレ,,,401005,,北九州市八幡西区藤田,福岡県,北九州市,,,,,,,,,,,,,,,,,,,,,,,,,,,,原データ区名=八幡西区 / 原データ町名=藤田 / 原データ建築年度=1997 / 原データ築年数=20 / 原データ延床面積（㎡）=1.70 / 原データ棟数=1 / 原データ主な構造=鉄筋コンクリート造 / 原データ耐震診断=不要 / 原データ耐震補強=不要 / 原データ建物所有者=市 / 原データ所管局=建設局 / 原データ所管課=公園管理課 / 原データ管理形態=直営
401005,40100-7045B3E7BF00C8ED,北九州市,折尾丸山公園トイレ,,,401005,,北九州市八幡西区丸尾町,福岡県,北九州市,,,,,,,,,,,,,,,,,,,,,,,,,,,,原データ区名=八幡西区 / 原データ町名=丸尾町 / 原データ建築年度=1995 / 原データ築年数=22 / 原データ延床面積（㎡）=1.70 / 原データ棟数=1 / 原データ主な構造=鉄筋コンクリート造 / 原データ耐震診断=不要 / 原データ耐震補強=不要 / 原データ建物所有者=市 / 原データ所管局=建設局 / 原データ所管課=公園管理課 / 原データ管理形態=直営
401005,40100-96173531C3127BB9,北九州市,折尾西公園トイレ,,,401005,,北九州市八幡西区折尾,福岡県,北九州市,,,,,,,,,,,,,,,,,,,,,,,,,,,,原データ区名=八幡西区 / 原データ町名=折尾 / 原データ建築年度=1979 / 原データ築年数=38 / 原データ延床面積（㎡）=6.00 / 原データ棟数=1 / 原データ主な構造=コンクリートブロック造 / 原データ耐震診断=不要 / 原データ耐震補強=不要 / 原データ建物所有者=市 / 原データ所管局=建設局 / 原データ所管課=公園管理課 / 原データ管理形態=直営
401005,40100-809CECBF6F4F48B8,北九州市,千代東公園トイレ（グラウンド側）,,,401005,,北九州市八幡西区千代,福岡県,北九州市,,,,,,,,,,,,,,,,,,,,,,,,,,,,原データ区名=八幡西区 / 原データ町名=千代 / 原データ建築年度=1986 / 原データ築年数=31 / 原データ延床面積（㎡）=1.70 / 原データ棟数=1 / 原データ主な構造=鉄筋コンクリート造 / 原データ耐震診断=不要 / 原データ耐震補強=不要 / 原データ建物所有者=市 / 原データ所管局=建設局 / 原データ所管課=公園管理課 / 原データ管理形態=直営
401005,40100-023E2C51D33108D4,北九州市,千代東公園トイレ（植栽側）,,,401005,,北九州市八幡西区千代,福岡県,北九州市,,,,,,,,,,,,,,,,,,,,,,,,,,,,原データ区名=八幡西区 / 原データ町名=千代 / 原データ建築年度=2002 / 原データ築年数=15 / 原データ延床面積（㎡）=1.70 / 原データ棟数=1 / 原データ主な構造=鉄筋コンクリート造 / 原データ耐震診断=不要 / 原データ耐震補強=不要 / 原データ建物所有者=市 / 原データ所管局=建設局 / 原データ所管課=公園管理課 / 原データ管理形態=直営
401005,40100-A68D29A0D8AF2C87,北九州市,扇天満公園トイレ,,,401005,,北九州市八幡西区木屋瀬,福岡県,北九州市,,,,,,,,,,,,,,,,,,,,,,,,,,,,原データ区名=八幡西区 / 原データ町名=木屋瀬 / 原データ建築年度=2007 / 原データ築年数=10 / 原データ延床面積（㎡）=6.11 / 原データ棟数=1 / 原データ主な構造=鉄筋コンクリート造 / 原データ耐震診断=不要 / 原データ耐震補強=不要 / 原データ建物所有者=市 / 原データ所管局=建設局 / 原データ所管課=公園管理課 / 原データ管理形態=直営
401005,40100-BD40B8BA6BD55733,北九州市,泉ヶ浦南２号公園トイレ,,,401005,,北九州市八幡西区泉ケ浦,福岡県,北九州市,,,,,,,,,,,,,,,,,,,,,,,,,,,,原データ区名=八幡西区 / 原データ町名=泉ケ浦 / 原データ建築年度=2004 / 原データ築年数=13 / 原データ延床面積（㎡）=5.39 / 原データ棟数=1 / 原データ主な構造=鉄筋コンクリート造 / 原データ耐震診断=不要 / 原データ耐震補強=不要 / 原データ建物所有者=市 / 原データ所管局=建設局 / 原データ所管課=公園管理課 / 原データ管理形態=直営
401005,40100-5099A0E67983C2E5,北九州市,相生公園トイレ,,,401005,,北九州市八幡西区相生町,福岡県,北九州市,,,,,,,,,,,,,,,,,,,,,,,,,,,,原データ区名=八幡西区 / 原データ町名=相生町 / 原データ建築年度=2011 / 原データ築年数=6 / 原データ延床面積（㎡）=6.25 / 原データ棟数=1 / 原データ主な構造=鉄筋コンクリート造 / 原データ耐震診断=不要 / 原データ耐震補強=不要 / 原データ建物所有者=市 / 原データ所管局=建設局 / 原データ所管課=公園管理課 / 原データ管理形態=直営
401005,40100-305C0CD145F08F5F,北九州市,則松公園トイレ,,,401005,,北九州市八幡西区則松,福岡県,北九州市,,,,,,,,,,,,,,,,,,,,,,,,,,,,原データ区名=八幡西区 / 原データ町名=則松 / 原データ建築年度=1979 / 原データ築年数=38 / 原データ延床面積（㎡）=5.30 / 原データ棟数=1 / 原データ主な構造=コンクリートブロック造 / 原データ耐震診断=不要 / 原データ耐震補強=不要 / 原データ建物所有者=市 / 原データ所管局=建設局 / 原データ所管課=公園管理課 / 原データ管理形態=直営
401005,40100-90194B1519474052,北九州市,大正区公園トイレ,,,401005,,北九州市八幡西区金剛,福岡県,北九州市,,,,,,,,,,,,,,,,,,,,,,,,,,,,原データ区名=八幡西区 / 原データ町名=金剛 / 原データ建築年度=1979 / 原データ築年数=38 / 原データ延床面積（㎡）=10.24 / 原データ棟数=1 / 原データ主な構造=コンクリートブロック造 / 原データ耐震診断=不要 / 原データ耐震補強=不要 / 原データ建物所有者=市 / 原データ所管局=建設局 / 原データ所管課=公園管理課 / 原データ管理形態=直営
401005,40100-7FEE8F9F6C7D9653,北九州市,大池公園トイレ,,,401005,,北九州市八幡西区鷹の巣,福岡県,北九州市,,,,,,,,,,,,,,,,,,,,,,,,,,,,原データ区名=八幡西区 / 原データ町名=鷹の巣 / 原データ建築年度=1996 / 原データ築年数=21 / 原データ延床面積（㎡）=20.50 / 原データ棟数=1 / 原データ主な構造=鉄筋コンクリート造 / 原データ耐震診断=不要 / 原データ耐震補強=不要 / 原データ建物所有者=市 / 原データ所管局=建設局 / 原データ所管課=公園管理課 / 原データ管理形態=直営
401005,40100-945B1EC71F45BA27,北九州市,大平台ひまわり公園トイレ,,,401005,,北九州市八幡西区大平台,福岡県,北九州市,,,,,,,,,,,,,,,,,,,,,,,,,,,,原データ区名=八幡西区 / 原データ町名=大平台 / 原データ建築年度=1992 / 原データ築年数=25 / 原データ延床面積（㎡）=1.70 / 原データ棟数=1 / 原データ主な構造=鉄筋コンクリート造 / 原データ耐震診断=不要 / 原データ耐震補強=不要 / 原データ建物所有者=市 / 原データ所管局=建設局 / 原データ所管課=公園管理課 / 原データ管理形態=直営
401005,40100-CFE8E59589D4D2F4,北九州市,鷹見公園トイレ,,,401005,,北九州市八幡西区北鷹見町,福岡県,北九州市,,,,,,,,,,,,,,,,,,,,,,,,,,,,原データ区名=八幡西区 / 原データ町名=北鷹見町 / 原データ建築年度=1988 / 原データ築年数=29 / 原データ延床面積（㎡）=1.70 / 原データ棟数=1 / 原データ主な構造=鉄筋コンクリート造 / 原データ耐震診断=不要 / 原データ耐震補強=不要 / 原データ建物所有者=市 / 原データ所管局=建設局 / 原データ所管課=公園管理課 / 原データ管理形態=直営
401005,40100-88E37D34055BEED0,北九州市,竹末公園トイレ,,,401005,,北九州市八幡西区竹末,福岡県,北九州市,,,,,,,,,,,,,,,,,,,,,,,,,,,,原データ区名=八幡西区 / 原データ町名=竹末 / 原データ建築年度=1979 / 原データ築年数=38 / 原データ延床面積（㎡）=15.32 / 原データ棟数=1 / 原データ主な構造=コンクリートブロック造 / 原データ耐震診断=不要 / 原データ耐震補強=不要 / 原データ建物所有者=市 / 原データ所管局=建設局 / 原データ所管課=公園管理課 / 原データ管理形態=直営
401005,40100-753DC223157B9A2D,北九州市,中の谷公園トイレ,,,401005,,北九州市八幡西区大字浅川,福岡県,北九州市,,,,,,,,,,,,,,,,,,,,,,,,,,,,原データ区名=八幡西区 / 原データ町名=大字浅川 / 原データ建築年度=1986 / 原データ築年数=31 / 原データ延床面積（㎡）=13.60 / 原データ棟数=1 / 原データ主な構造=鉄筋コンクリート造 / 原データ耐震診断=不要 / 原データ耐震補強=不要 / 原データ建物所有者=市 / 原データ所管局=建設局 / 原データ所管課=公園管理課 / 原データ管理形態=直営
401005,40100-E19305D622104638,北九州市,中須公園トイレ,,,401005,,北九州市八幡西区中須,福岡県,北九州市,,,,,,,,,,,,,,,,,,,,,,,,,,,,原データ区名=八幡西区 / 原データ町名=中須 / 原データ建築年度=1984 / 原データ築年数=33 / 原データ延床面積（㎡）=7.00 / 原データ棟数=1 / 原データ主な構造=鉄筋コンクリート造 / 原データ耐震診断=不要 / 原データ耐震補強=不要 / 原データ建物所有者=市 / 原データ所管局=建設局 / 原データ所管課=公園管理課 / 原データ管理形態=直営
401005,40100-3703DBC0B3D73EA8,北九州市,中道公園トイレ,,,401005,,北九州市八幡西区木屋瀬,福岡県,北九州市,,,,,,,,,,,,,,,,,,,,,,,,,,,,原データ区名=八幡西区 / 原データ町名=木屋瀬 / 原データ建築年度=2011 / 原データ築年数=6 / 原データ延床面積（㎡）=4.41 / 原データ棟数=1 / 原データ主な構造=ユニット / 原データ耐震診断=不要 / 原データ耐震補強=不要 / 原データ建物所有者=市 / 原データ所管局=建設局 / 原データ所管課=公園管理課 / 原データ管理形態=直営
401005,40100-8B0513427BD59F64,北九州市,町上津役公園トイレ,,,401005,,北九州市八幡西区町上津役東,福岡県,北九州市,,,,,,,,,,,,,,,,,,,,,,,,,,,,原データ区名=八幡西区 / 原データ町名=町上津役東 / 原データ建築年度=1984 / 原データ築年数=33 / 原データ延床面積（㎡）=1.70 / 原データ棟数=1 / 原データ主な構造=鉄筋コンクリート造 / 原データ耐震診断=不要 / 原データ耐震補強=不要 / 原データ建物所有者=市 / 原データ所管局=建設局 / 原データ所管課=公園管理課 / 原データ管理形態=直営
401005,40100-8F1BB521E91663FE,北九州市,長浦公園トイレ,,,401005,,北九州市八幡西区藤田,福岡県,北九州市,,,,,,,,,,,,,,,,,,,,,,,,,,,,原データ区名=八幡西区 / 原データ町名=藤田 / 原データ建築年度=1973 / 原データ築年数=44 / 原データ延床面積（㎡）=11.81 / 原データ棟数=1 / 原データ主な構造=コンクリートブロック造 / 原データ耐震診断=不要 / 原データ耐震補強=不要 / 原データ建物所有者=市 / 原データ所管局=建設局 / 原データ所管課=公園管理課 / 原データ管理形態=直営
401005,40100-E2A130548EE0B3AA,北九州市,田良原公園トイレ,,,401005,,北九州市八幡西区幸神,福岡県,北九州市,,,,,,,,,,,,,,,,,,,,,,,,,,,,原データ区名=八幡西区 / 原データ町名=幸神 / 原データ建築年度=1992 / 原データ築年数=25 / 原データ延床面積（㎡）=9.00 / 原データ棟数=1 / 原データ主な構造=鉄筋コンクリート造 / 原データ耐震診断=不要 / 原データ耐震補強=不要 / 原データ建物所有者=市 / 原データ所管局=建設局 / 原データ所管課=公園管理課 / 原データ管理形態=直営
401005,40100-D5D194D3039155CD,北九州市,東浜公園トイレ,,,401005,,北九州市八幡西区東浜町,福岡県,北九州市,,,,,,,,,,,,,,,,,,,,,,,,,,,,原データ区名=八幡西区 / 原データ町名=東浜町 / 原データ建築年度=1986 / 原データ築年数=31 / 原データ延床面積（㎡）=1.70 / 原データ棟数=1 / 原データ主な構造=鉄筋コンクリート造 / 原データ耐震診断=不要 / 原データ耐震補強=不要 / 原データ建物所有者=市 / 原データ所管局=建設局 / 原データ所管課=公園管理課 / 原データ管理形態=直営
401005,40100-BFB9C1AA87E40C9A,北九州市,東川頭公園トイレ,,,401005,,北九州市八幡西区東川頭町,福岡県,北九州市,,,,,,,,,,,,,,,,,,,,,,,,,,,,原データ区名=八幡西区 / 原データ町名=東川頭町 / 原データ建築年度=1992 / 原データ築年数=25 / 原データ延床面積（㎡）=1.70 / 原データ棟数=1 / 原データ主な構造=鉄筋コンクリート造 / 原データ耐震診断=不要 / 原データ耐震補強=不要 / 原データ建物所有者=市 / 原データ所管局=建設局 / 原データ所管課=公園管理課 / 原データ管理形態=直営
401005,40100-1337853A42578F6C,北九州市,洞北緑地（１）プロムナード横トイレ,,,401005,,北九州市八幡西区本城,福岡県,北九州市,,,,,,,,,,,,,,,,,,,,,,,,,,,,原データ区名=八幡西区 / 原データ町名=本城 / 原データ建築年度=1989 / 原データ築年数=28 / 原データ延床面積（㎡）=29.80 / 原データ棟数=1 / 原データ主な構造=鉄筋コンクリート造 / 原データ耐震診断=不要 / 原データ耐震補強=不要 / 原データ建物所有者=市 / 原データ所管局=建設局 / 原データ所管課=公園管理課 / 原データ管理形態=直営
401005,40100-6F53A428C1B5785F,北九州市,洞北緑地（２）運動広場横トイレ,,,401005,,北九州市八幡西区本城,福岡県,北九州市,,,,,,,,,,,,,,,,,,,,,,,,,,,,原データ区名=八幡西区 / 原データ町名=本城 / 原データ建築年度=1989 / 原データ築年数=28 / 原データ延床面積（㎡）=18.15 / 原データ棟数=1 / 原データ主な構造=鉄筋コンクリート造 / 原データ耐震診断=不要 / 原データ耐震補強=不要 / 原データ建物所有者=市 / 原データ所管局=建設局 / 原データ所管課=公園管理課 / 原データ管理形態=直営
401005,40100-E99821EDA26E32DD,北九州市,道永公園トイレ,,,401005,,北九州市八幡西区引野,福岡県,北九州市,,,,,,,,,,,,,,,,,,,,,,,,,,,,原データ区名=八幡西区 / 原データ町名=引野 / 原データ建築年度=2007 / 原データ築年数=10 / 原データ延床面積（㎡）=21.00 / 原データ棟数=1 / 原データ主な構造=鉄筋コンクリート造 / 原データ耐震診断=不要 / 原データ耐震補強=不要 / 原データ建物所有者=市 / 原データ所管局=建設局 / 原データ所管課=公園管理課 / 原データ管理形態=直営
401005,40100-09B3581D04802FAA,北九州市,縄手公園トイレ,,,401005,,北九州市八幡西区浅川台,福岡県,北九州市,,,,,,,,,,,,,,,,,,,,,,,,,,,,原データ区名=八幡西区 / 原データ町名=浅川台 / 原データ建築年度=1996 / 原データ築年数=21 / 原データ延床面積（㎡）=1.70 / 原データ棟数=1 / 原データ主な構造=鉄筋コンクリート造 / 原データ耐震診断=不要 / 原データ耐震補強=不要 / 原データ建物所有者=市 / 原データ所管局=建設局 / 原データ所管課=公園管理課 / 原データ管理形態=直営
401005,40100-587701066BF2FC09,北九州市,永犬丸南町二丁目公園トイレ,,,401005,,北九州市八幡西区永犬丸南町,福岡県,北九州市,,,,,,,,,,,,,,,,,,,,,,,,,,,,原データ区名=八幡西区 / 原データ町名=永犬丸南町 / 原データ建築年度=1983 / 原データ築年数=34 / 原データ延床面積（㎡）=1.70 / 原データ棟数=1 / 原データ主な構造=鉄筋コンクリート造 / 原データ耐震診断=不要 / 原データ耐震補強=不要 / 原データ建物所有者=市 / 原データ所管局=建設局 / 原データ所管課=公園管理課 / 原データ管理形態=直営
401005,40100-1004DC3BBCBA0C8F,北九州市,楠橋公園トイレ,,,401005,,北九州市八幡西区楠橋西,福岡県,北九州市,,,,,,,,,,,,,,,,,,,,,,,,,,,,原データ区名=八幡西区 / 原データ町名=楠橋西 / 原データ建築年度=1993 / 原データ築年数=24 / 原データ延床面積（㎡）=1.70 / 原データ棟数=1 / 原データ主な構造=鉄筋コンクリート造 / 原データ耐震診断=不要 / 原データ耐震補強=不要 / 原データ建物所有者=市 / 原データ所管局=建設局 / 原データ所管課=公園管理課 / 原データ管理形態=直営
401005,40100-EE564C37C28A16C9,北九州市,日の峯公園トイレ,,,401005,,北九州市八幡西区浅川日の峯,福岡県,北九州市,,,,,,,,,,,,,,,,,,,,,,,,,,,,原データ区名=八幡西区 / 原データ町名=浅川日の峯 / 原データ建築年度=1988 / 原データ築年数=29 / 原データ延床面積（㎡）=6.90 / 原データ棟数=1 / 原データ主な構造=鉄筋コンクリート造 / 原データ耐震診断=不要 / 原データ耐震補強=不要 / 原データ建物所有者=市 / 原データ所管局=建設局 / 原データ所管課=公園管理課 / 原データ管理形態=直営
401005,40100-B0D20D13E566FBCE,北九州市,日吉２号公園トイレ,,,401005,,北九州市八幡西区日吉台,福岡県,北九州市,,,,,,,,,,,,,,,,,,,,,,,,,,,,原データ区名=八幡西区 / 原データ町名=日吉台 / 原データ建築年度=2013 / 原データ築年数=4 / 原データ延床面積（㎡）=11.33 / 原データ棟数=1 / 原データ主な構造=鉄筋コンクリート造 / 原データ耐震診断=不要 / 原データ耐震補強=不要 / 原データ建物所有者=市 / 原データ所管局=建設局 / 原データ所管課=公園管理課 / 原データ管理形態=直営
401005,40100-F5E31784DB358052,北九州市,馬場山公園トイレ,,,401005,,北九州市八幡西区池田,福岡県,北九州市,,,,,,,,,,,,,,,,,,,,,,,,,,,,原データ区名=八幡西区 / 原データ町名=池田 / 原データ建築年度=1988 / 原データ築年数=29 / 原データ延床面積（㎡）=11.20 / 原データ棟数=1 / 原データ主な構造=鉄筋コンクリート造 / 原データ耐震診断=不要 / 原データ耐震補強=不要 / 原データ建物所有者=市 / 原データ所管局=建設局 / 原データ所管課=公園管理課 / 原データ管理形態=直営
401005,40100-50257100184781DD,北九州市,萩原北公園トイレ,,,401005,,北九州市八幡西区萩原,福岡県,北九州市,,,,,,,,,,,,,,,,,,,,,,,,,,,,原データ区名=八幡西区 / 原データ町名=萩原 / 原データ建築年度=2008 / 原データ築年数=9 / 原データ延床面積（㎡）=16.03 / 原データ棟数=1 / 原データ主な構造=鉄筋コンクリート造 / 原データ耐震診断=不要 / 原データ耐震補強=不要 / 原データ建物所有者=市 / 原データ所管局=建設局 / 原データ所管課=公園管理課 / 原データ管理形態=直営
401005,40100-CB4A23CB8C2FA412,北九州市,白岩池公園トイレ（白岩池側）,,,401005,,北九州市八幡西区白岩町,福岡県,北九州市,,,,,,,,,,,,,,,,,,,,,,,,,,,,原データ区名=八幡西区 / 原データ町名=白岩町 / 原データ建築年度=1990 / 原データ築年数=27 / 原データ延床面積（㎡）=9.10 / 原データ棟数=1 / 原データ主な構造=鉄筋コンクリート造 / 原データ耐震診断=不要 / 原データ耐震補強=不要 / 原データ建物所有者=市 / 原データ所管局=建設局 / 原データ所管課=公園管理課 / 原データ管理形態=直営
401005,40100-770FD7C240C473B1,北九州市,白岩池公園トイレ（グラウンド横）,,,401005,,北九州市八幡西区白岩町,福岡県,北九州市,,,,,,,,,,,,,,,,,,,,,,,,,,,,原データ区名=八幡西区 / 原データ町名=白岩町 / 原データ建築年度=1988 / 原データ築年数=29 / 原データ延床面積（㎡）=10.30 / 原データ棟数=1 / 原データ主な構造=鉄筋コンクリート造 / 原データ耐震診断=不要 / 原データ耐震補強=不要 / 原データ建物所有者=市 / 原データ所管局=建設局 / 原データ所管課=公園管理課 / 原データ管理形態=直営
401005,40100-663BDE914AD4611C,北九州市,波戸場公園トイレ,,,401005,,北九州市八幡西区陣原,福岡県,北九州市,,,,,,,,,,,,,,,,,,,,,,,,,,,,原データ区名=八幡西区 / 原データ町名=陣原 / 原データ建築年度=1983 / 原データ築年数=34 / 原データ延床面積（㎡）=1.70 / 原データ棟数=1 / 原データ主な構造=鉄筋コンクリート造 / 原データ耐震診断=不要 / 原データ耐震補強=不要 / 原データ建物所有者=市 / 原データ所管局=建設局 / 原データ所管課=公園管理課 / 原データ管理形態=直営
401005,40100-CEC27B376B0A85D0,北九州市,別所公園トイレ,,,401005,,北九州市八幡西区別所町,福岡県,北九州市,,,,,,,,,,,,,,,,,,,,,,,,,,,,原データ区名=八幡西区 / 原データ町名=別所町 / 原データ建築年度=1995 / 原データ築年数=22 / 原データ延床面積（㎡）=21.10 / 原データ棟数=1 / 原データ主な構造=鉄筋コンクリート造 / 原データ耐震診断=不要 / 原データ耐震補強=不要 / 原データ建物所有者=市 / 原データ所管局=建設局 / 原データ所管課=公園管理課 / 原データ管理形態=直営
401005,40100-6D35027CBEF866CF,北九州市,北浦公園トイレ,,,401005,,北九州市八幡西区泉ケ浦,福岡県,北九州市,,,,,,,,,,,,,,,,,,,,,,,,,,,,原データ区名=八幡西区 / 原データ町名=泉ケ浦 / 原データ建築年度=1994 / 原データ築年数=23 / 原データ延床面積（㎡）=1.70 / 原データ棟数=1 / 原データ主な構造=鉄筋コンクリート造 / 原データ耐震診断=不要 / 原データ耐震補強=不要 / 原データ建物所有者=市 / 原データ所管局=建設局 / 原データ所管課=公園管理課 / 原データ管理形態=直営
401005,40100-BB872A24E1410B0A,北九州市,本城一丁目公園トイレ,,,401005,,北九州市八幡西区本城,福岡県,北九州市,,,,,,,,,,,,,,,,,,,,,,,,,,,,原データ区名=八幡西区 / 原データ町名=本城 / 原データ建築年度=2003 / 原データ築年数=14 / 原データ延床面積（㎡）=1.70 / 原データ棟数=1 / 原データ主な構造=鉄筋コンクリート造 / 原データ耐震診断=不要 / 原データ耐震補強=不要 / 原データ建物所有者=市 / 原データ所管局=建設局 / 原データ所管課=公園管理課 / 原データ管理形態=直営
401005,40100-70ACC860D3369A1C,北九州市,本城西公園トイレ,,,401005,,北九州市八幡西区千代ケ崎,福岡県,北九州市,,,,,,,,,,,,,,,,,,,,,,,,,,,,原データ区名=八幡西区 / 原データ町名=千代ケ崎 / 原データ建築年度=1980 / 原データ築年数=37 / 原データ延床面積（㎡）=21.60 / 原データ棟数=1 / 原データ主な構造=鉄筋コンクリート造 / 原データ耐震診断=不要 / 原データ耐震補強=不要 / 原データ建物所有者=市 / 原データ所管局=建設局 / 原データ所管課=公園管理課 / 原データ管理形態=直営
401005,40100-5C22A77EFA149B69,北九州市,本城東公園トイレ,,,401005,,北九州市八幡西区本城東,福岡県,北九州市,,,,,,,,,,,,,,,,,,,,,,,,,,,,原データ区名=八幡西区 / 原データ町名=本城東 / 原データ建築年度=1983 / 原データ築年数=34 / 原データ延床面積（㎡）=16.80 / 原データ棟数=1 / 原データ主な構造=鉄筋コンクリート造 / 原データ耐震診断=不要 / 原データ耐震補強=不要 / 原データ建物所有者=市 / 原データ所管局=建設局 / 原データ所管課=公園管理課 / 原データ管理形態=直営
401005,40100-008BCA034B08849F,北九州市,本城東六丁目公園トイレ,,,401005,,北九州市八幡西区本城東,福岡県,北九州市,,,,,,,,,,,,,,,,,,,,,,,,,,,,原データ区名=八幡西区 / 原データ町名=本城東 / 原データ建築年度=1996 / 原データ築年数=21 / 原データ延床面積（㎡）=1.70 / 原データ棟数=1 / 原データ主な構造=鉄筋コンクリート造 / 原データ耐震診断=不要 / 原データ耐震補強=不要 / 原データ建物所有者=市 / 原データ所管局=建設局 / 原データ所管課=公園管理課 / 原データ管理形態=直営
401005,40100-60F6468F9AE5422C,北九州市,上の原四丁目公園トイレ,,,401005,,北九州市八幡西区上の原,福岡県,北九州市,,,,,,,,,,,,,,,,,,,,,,,,,,,,原データ区名=八幡西区 / 原データ町名=上の原 / 原データ建築年度=1987 / 原データ築年数=30 / 原データ延床面積（㎡）=9.02 / 原データ棟数=1 / 原データ主な構造=鉄筋コンクリート造 / 原データ耐震診断=不要 / 原データ耐震補強=不要 / 原データ建物所有者=市 / 原データ所管局=建設局 / 原データ所管課=公園管理課 / 原データ管理形態=直営
401005,40100-5FF878A3D56188E5,北九州市,鳴水公園トイレ,,,401005,,北九州市八幡西区東鳴水,福岡県,北九州市,,,,,,,,,,,,,,,,,,,,,,,,,,,,原データ区名=八幡西区 / 原データ町名=東鳴水 / 原データ建築年度=2014 / 原データ築年数=3 / 原データ延床面積（㎡）=11.33 / 原データ棟数=1 / 原データ主な構造=鉄筋コンクリート造 / 原データ耐震診断=不要 / 原データ耐震補強=不要 / 原データ建物所有者=市 / 原データ所管局=建設局 / 原データ所管課=公園管理課 / 原データ管理形態=直営
401005,40100-5456D306E7306B4B,北九州市,友田公園トイレ,,,401005,,北九州市八幡西区友田,福岡県,北九州市,,,,,,,,,,,,,,,,,,,,,,,,,,,,原データ区名=八幡西区 / 原データ町名=友田 / 原データ建築年度=1988 / 原データ築年数=29 / 原データ延床面積（㎡）=1.70 / 原データ棟数=1 / 原データ主な構造=鉄筋コンクリート造 / 原データ耐震診断=不要 / 原データ耐震補強=不要 / 原データ建物所有者=市 / 原データ所管局=建設局 / 原データ所管課=公園管理課 / 原データ管理形態=直営
401005,40100-EB13887FECA9303F,北九州市,友田北公園トイレ,,,401005,,北九州市八幡西区友田,福岡県,北九州市,,,,,,,,,,,,,,,,,,,,,,,,,,,,原データ区名=八幡西区 / 原データ町名=友田 / 原データ建築年度=1996 / 原データ築年数=21 / 原データ延床面積（㎡）=15.96 / 原データ棟数=1 / 原データ主な構造=コンクリートブロック造 / 原データ耐震診断=不要 / 原データ耐震補強=不要 / 原データ建物所有者=市 / 原データ所管局=建設局 / 原データ所管課=公園管理課 / 原データ管理形態=直営
401005,40100-AFD621DD6081389E,北九州市,立石池公園トイレ,,,401005,,北九州市八幡西区楠橋南,福岡県,北九州市,,,,,,,,,,,,,,,,,,,,,,,,,,,,原データ区名=八幡西区 / 原データ町名=楠橋南 / 原データ建築年度=2000 / 原データ築年数=17 / 原データ延床面積（㎡）=9.94 / 原データ棟数=1 / 原データ主な構造=鉄筋コンクリート造 / 原データ耐震診断=不要 / 原データ耐震補強=不要 / 原データ建物所有者=市 / 原データ所管局=建設局 / 原データ所管課=公園管理課 / 原データ管理形態=直営
401005,40100-7DEDB52EA491607C,北九州市,力丸東公園トイレ,,,401005,,北九州市八幡西区力丸町,福岡県,北九州市,,,,,,,,,,,,,,,,,,,,,,,,,,,,原データ区名=八幡西区 / 原データ町名=力丸町 / 原データ建築年度=1994 / 原データ築年数=23 / 原データ延床面積（㎡）=1.70 / 原データ棟数=1 / 原データ主な構造=鉄筋コンクリート造 / 原データ耐震診断=不要 / 原データ耐震補強=不要 / 原データ建物所有者=市 / 原データ所管局=建設局 / 原データ所管課=公園管理課 / 原データ管理形態=直営
401005,40100-EC14B77311ACDAD9,北九州市,割子川せせらぎ公園トイレ,,,401005,,北九州市八幡西区竹末,福岡県,北九州市,,,,,,,,,,,,,,,,,,,,,,,,,,,,原データ区名=八幡西区 / 原データ町名=竹末 / 原データ建築年度=1998 / 原データ築年数=19 / 原データ延床面積（㎡）=14.80 / 原データ棟数=1 / 原データ主な構造=鉄筋コンクリート造 / 原データ耐震診断=不要 / 原データ耐震補強=不要 / 原データ建物所有者=市 / 原データ所管局=建設局 / 原データ所管課=公園管理課 / 原データ管理形態=直営
401005,40100-21AA4BF1674203EC,北九州市,的場池公園トイレ,,,401005,,北九州市八幡西区的場町,福岡県,北九州市,,,,,,,,,,,,,,,,,,,,,,,,,,,,原データ区名=八幡西区 / 原データ町名=的場町 / 原データ建築年度=1995 / 原データ築年数=22 / 原データ延床面積（㎡）=18.00 / 原データ棟数=1 / 原データ主な構造=鉄筋コンクリート造 / 原データ耐震診断=不要 / 原データ耐震補強=不要 / 原データ建物所有者=市 / 原データ所管局=建設局 / 原データ所管課=公園管理課 / 原データ管理形態=直営
401005,40100-E8B9F9253AF77B01,北九州市,中の原東公園トイレ（グラウンド側）,,,401005,,北九州市八幡西区中の原,福岡県,北九州市,,,,,,,,,,,,,,,,,,,,,,,,,,,,原データ区名=八幡西区 / 原データ町名=中の原 / 原データ建築年度=1978 / 原データ築年数=39 / 原データ延床面積（㎡）=5.25 / 原データ棟数=1 / 原データ主な構造=コンクリートブロック造 / 原データ耐震診断=不要 / 原データ耐震補強=不要 / 原データ建物所有者=市 / 原データ所管局=建設局 / 原データ所管課=公園管理課 / 原データ管理形態=直営
401005,40100-F75F0A3F22C30FD8,北九州市,中の原東公園トイレ,,,401005,,北九州市八幡西区中の原,福岡県,北九州市,,,,,,,,,,,,,,,,,,,,,,,,,,,,原データ区名=八幡西区 / 原データ町名=中の原 / 原データ建築年度=1991 / 原データ築年数=26 / 原データ延床面積（㎡）=1.70 / 原データ棟数=1 / 原データ主な構造=鉄筋コンクリート造 / 原データ耐震診断=不要 / 原データ耐震補強=不要 / 原データ建物所有者=市 / 原データ所管局=建設局 / 原データ所管課=公園管理課 / 原データ管理形態=直営
401005,40100-5118F2180BDC1FAA,北九州市,下上津役三丁目公園トイレ,,,401005,,北九州市八幡西区下上津役,福岡県,北九州市,,,,,,,,,,,,,,,,,,,,,,,,,,,,原データ区名=八幡西区 / 原データ町名=下上津役 / 原データ建築年度=2008 / 原データ築年数=9 / 原データ延床面積（㎡）=4.41 / 原データ棟数=1 / 原データ主な構造=ユニット / 原データ耐震診断=不要 / 原データ耐震補強=不要 / 原データ建物所有者=市 / 原データ所管局=建設局 / 原データ所管課=公園管理課 / 原データ管理形態=直営
401005,40100-C7448655DCB623A0,北九州市,馬場山東三丁目公園トイレ,,,401005,,北九州市八幡西区馬場山東,福岡県,北九州市,,,,,,,,,,,,,,,,,,,,,,,,,,,,原データ区名=八幡西区 / 原データ町名=馬場山東 / 原データ建築年度=不明 / 原データ築年数=不明 / 原データ延床面積（㎡）=19.39 / 原データ棟数=1 / 原データ主な構造=鉄筋コンクリート造 / 原データ耐震診断=不要 / 原データ耐震補強=不要 / 原データ建物所有者=市 / 原データ所管局=建設局 / 原データ所管課=公園管理課 / 原データ管理形態=直営
401005,40100-FA71524436C46570,北九州市,福原公園トイレ,,,401005,,北九州市八幡西区馬場山東,福岡県,北九州市,,,,,,,,,,,,,,,,,,,,,,,,,,,,原データ区名=八幡西区 / 原データ町名=馬場山東 / 原データ建築年度=2012 / 原データ築年数=5 / 原データ延床面積（㎡）=4.92 / 原データ棟数=1 / 原データ主な構造=ユニット / 原データ耐震診断=不要 / 原データ耐震補強=不要 / 原データ建物所有者=市 / 原データ所管局=建設局 / 原データ所管課=公園管理課 / 原データ管理形態=直営
401005,40100-F4FA466319F3BC16,北九州市,龍戸公園トイレ,,,401005,,北九州市八幡西区泉ケ浦,福岡県,北九州市,,,,,,,,,,,,,,,,,,,,,,,,,,,,原データ区名=八幡西区 / 原データ町名=泉ケ浦 / 原データ建築年度=2012 / 原データ築年数=5 / 原データ延床面積（㎡）=4.92 / 原データ棟数=1 / 原データ主な構造=ユニット / 原データ耐震診断=不要 / 原データ耐震補強=不要 / 原データ建物所有者=市 / 原データ所管局=建設局 / 原データ所管課=公園管理課 / 原データ管理形態=直営
401005,40100-4A80D432D5742F0F,北九州市,夕原緑地トイレ,,,401005,,北九州市八幡西区夕原町,福岡県,北九州市,,,,,,,,,,,,,,,,,,,,,,,,,,,,原データ区名=八幡西区 / 原データ町名=夕原町 / 原データ建築年度=2013 / 原データ築年数=4 / 原データ延床面積（㎡）=4.92 / 原データ棟数=1 / 原データ主な構造=ユニット / 原データ耐震診断=不要 / 原データ耐震補強=不要 / 原データ建物所有者=市 / 原データ所管局=建設局 / 原データ所管課=公園管理課 / 原データ管理形態=直営
401005,40100-E9D1965C5785D600,北九州市,曲里の松並木公園トイレ,,,401005,,北九州市八幡西区岸の浦,福岡県,北九州市,,,,,,,,,,,,,,,,,,,,,,,,,,,,原データ区名=八幡西区 / 原データ町名=岸の浦 / 原データ建築年度=2012 / 原データ築年数=5 / 原データ延床面積（㎡）=50.73 / 原データ棟数=1 / 原データ主な構造=鉄筋コンクリート造 / 原データ耐震診断=不要 / 原データ耐震補強=不要 / 原データ建物所有者=市 / 原データ所管局=建設局 / 原データ所管課=公園管理課 / 原データ管理形態=直営
401005,40100-9B7C9993B6AC82BD,北九州市,夜宮公園トイレ（入口広場）,,,401005,,北九州市戸畑区夜宮,福岡県,北九州市,,,,,,,,,,,,,,,,,,,,,,,,,,,,原データ区名=戸畑区 / 原データ町名=夜宮 / 原データ建築年度=1998 / 原データ築年数=19 / 原データ延床面積（㎡）=14.87 / 原データ棟数=1 / 原データ主な構造=鉄筋コンクリート造 / 原データ耐震診断=不要 / 原データ耐震補強=不要 / 原データ建物所有者=市 / 原データ所管局=建設局 / 原データ所管課=公園管理課 / 原データ管理形態=直営
401005,40100-172AFA011E88CD21,北九州市,夜宮公園トイレ（こもれび広場）,,,401005,,北九州市戸畑区夜宮,福岡県,北九州市,,,,,,,,,,,,,,,,,,,,,,,,,,,,原データ区名=戸畑区 / 原データ町名=夜宮 / 原データ建築年度=2000 / 原データ築年数=17 / 原データ延床面積（㎡）=21.54 / 原データ棟数=1 / 原データ主な構造=鉄筋コンクリート造 / 原データ耐震診断=不要 / 原データ耐震補強=不要 / 原データ建物所有者=市 / 原データ所管局=建設局 / 原データ所管課=公園管理課 / 原データ管理形態=直営
401005,40100-1B215D2A2740F4C9,北九州市,夜宮公園トイレ（多目的広場・忠霊塔横）,,,401005,,北九州市戸畑区夜宮,福岡県,北九州市,,,,,,,,,,,,,,,,,,,,,,,,,,,,原データ区名=戸畑区 / 原データ町名=夜宮 / 原データ建築年度=1997 / 原データ築年数=20 / 原データ延床面積（㎡）=43.16 / 原データ棟数=1 / 原データ主な構造=鉄筋コンクリート造 / 原データ耐震診断=不要 / 原データ耐震補強=不要 / 原データ建物所有者=市 / 原データ所管局=建設局 / 原データ所管課=公園管理課 / 原データ管理形態=直営
401005,40100-A5E097E53A620D88,北九州市,夜宮公園トイレ（日本庭園）,,,401005,,北九州市戸畑区一枝,福岡県,北九州市,,,,,,,,,,,,,,,,,,,,,,,,,,,,原データ区名=戸畑区 / 原データ町名=一枝 / 原データ建築年度=2001 / 原データ築年数=16 / 原データ延床面積（㎡）=21.75 / 原データ棟数=1 / 原データ主な構造=鉄筋コンクリート造 / 原データ耐震診断=不要 / 原データ耐震補強=不要 / 原データ建物所有者=市 / 原データ所管局=建設局 / 原データ所管課=公園管理課 / 原データ管理形態=直営
401005,40100-27BA75310BC9221F,北九州市,夜宮公園トイレ（巡り坂池横）,,,401005,,北九州市戸畑区夜宮,福岡県,北九州市,,,,,,,,,,,,,,,,,,,,,,,,,,,,原データ区名=戸畑区 / 原データ町名=夜宮 / 原データ建築年度=1990 / 原データ築年数=27 / 原データ延床面積（㎡）=1.70 / 原データ棟数=1 / 原データ主な構造=鉄筋コンクリート造 / 原データ耐震診断=不要 / 原データ耐震補強=不要 / 原データ建物所有者=市 / 原データ所管局=建設局 / 原データ所管課=公園管理課 / 原データ管理形態=直営
401005,40100-1C7B8A6DC84925FF,北九州市,中央公園（キャンプ場）トイレ,,,401005,,北九州市戸畑区金比羅町,福岡県,北九州市,,,,,,,,,,,,,,,,,,,,,,,,,,,,原データ区名=戸畑区 / 原データ町名=金比羅町 / 原データ建築年度=1989 / 原データ築年数=28 / 原データ延床面積（㎡）=22.58 / 原データ棟数=1 / 原データ主な構造=鉄筋コンクリート造 / 原データ耐震診断=不要 / 原データ耐震補強=不要 / 原データ建物所有者=市 / 原データ所管局=建設局 / 原データ所管課=公園管理課 / 原データ管理形態=直営
401005,40100-2AEEBF7318E9F494,北九州市,中央公園（金比羅階段入口）トイレ,,,401005,,北九州市戸畑区金比羅町,福岡県,北九州市,,,,,,,,,,,,,,,,,,,,,,,,,,,,原データ区名=戸畑区 / 原データ町名=金比羅町 / 原データ建築年度=1995 / 原データ築年数=22 / 原データ延床面積（㎡）=23.60 / 原データ棟数=1 / 原データ主な構造=鉄筋コンクリート造 / 原データ耐震診断=不要 / 原データ耐震補強=不要 / 原データ建物所有者=市 / 原データ所管局=建設局 / 原データ所管課=公園管理課 / 原データ管理形態=直営
401005,40100-24EF49CBC682168F,北九州市,中央公園（金比羅中腹）トイレ,,,401005,,北九州市戸畑区金比羅町,福岡県,北九州市,,,,,,,,,,,,,,,,,,,,,,,,,,,,原データ区名=戸畑区 / 原データ町名=金比羅町 / 原データ建築年度=1994 / 原データ築年数=23 / 原データ延床面積（㎡）=7.00 / 原データ棟数=1 / 原データ主な構造=鉄筋コンクリート造 / 原データ耐震診断=不要 / 原データ耐震補強=不要 / 原データ建物所有者=市 / 原データ所管局=建設局 / 原データ所管課=公園管理課 / 原データ管理形態=直営
401005,40100-73DB168E0479BDC7,北九州市,中央公園トイレ（展望台横）,,,401005,,北九州市戸畑区金比羅町,福岡県,北九州市,,,,,,,,,,,,,,,,,,,,,,,,,,,,原データ区名=戸畑区 / 原データ町名=金比羅町 / 原データ建築年度=1996 / 原データ築年数=21 / 原データ延床面積（㎡）=25.80 / 原データ棟数=1 / 原データ主な構造=鉄筋コンクリート造 / 原データ耐震診断=不要 / 原データ耐震補強=不要 / 原データ建物所有者=市 / 原データ所管局=建設局 / 原データ所管課=公園管理課 / 原データ管理形態=直営
401005,40100-0D1C163E242ED3EE,北九州市,中央公園（遊具広場）トイレ,,,401005,,北九州市戸畑区金比羅町,福岡県,北九州市,,,,,,,,,,,,,,,,,,,,,,,,,,,,原データ区名=戸畑区 / 原データ町名=金比羅町 / 原データ建築年度=1979 / 原データ築年数=38 / 原データ延床面積（㎡）=4.50 / 原データ棟数=1 / 原データ主な構造=コンクリートブロック造 / 原データ耐震診断=不要 / 原データ耐震補強=不要 / 原データ建物所有者=市 / 原データ所管局=建設局 / 原データ所管課=公園管理課 / 原データ管理形態=直営
401005,40100-5D8B0A1E8490C337,北九州市,中央公園（金比羅山頂）トイレ,,,401005,,北九州市戸畑区金比羅町,福岡県,北九州市,,,,,,,,,,,,,,,,,,,,,,,,,,,,原データ区名=戸畑区 / 原データ町名=金比羅町 / 原データ建築年度=1994 / 原データ築年数=23 / 原データ延床面積（㎡）=10.00 / 原データ棟数=1 / 原データ主な構造=不明 / 原データ耐震診断=不要 / 原データ耐震補強=不要 / 原データ建物所有者=市 / 原データ所管局=建設局 / 原データ所管課=公園管理課 / 原データ管理形態=直営
401005,40100-B62C2E52E1E196C3,北九州市,猿渡公園トイレ,,,401005,,北九州市戸畑区菅原,福岡県,北九州市,,,,,,,,,,,,,,,,,,,,,,,,,,,,原データ区名=戸畑区 / 原データ町名=菅原 / 原データ建築年度=1998 / 原データ築年数=19 / 原データ延床面積（㎡）=8.00 / 原データ棟数=1 / 原データ主な構造=鉄筋コンクリート造 / 原データ耐震診断=不要 / 原データ耐震補強=不要 / 原データ建物所有者=市 / 原データ所管局=建設局 / 原データ所管課=公園管理課 / 原データ管理形態=直営
401005,40100-A2AD7ED46DC95981,北九州市,沖台公園トイレ,,,401005,,北九州市戸畑区新川町,福岡県,北九州市,,,,,,,,,,,,,,,,,,,,,,,,,,,,原データ区名=戸畑区 / 原データ町名=新川町 / 原データ建築年度=1995 / 原データ築年数=22 / 原データ延床面積（㎡）=13.23 / 原データ棟数=1 / 原データ主な構造=鉄筋コンクリート造 / 原データ耐震診断=不要 / 原データ耐震補強=不要 / 原データ建物所有者=市 / 原データ所管局=建設局 / 原データ所管課=公園管理課 / 原データ管理形態=直営
401005,40100-DC0A96AB00522B79,北九州市,岩ヶ鼻公園トイレ,,,401005,,北九州市戸畑区福柳木,福岡県,北九州市,,,,,,,,,,,,,,,,,,,,,,,,,,,,原データ区名=戸畑区 / 原データ町名=福柳木 / 原データ建築年度=1989 / 原データ築年数=28 / 原データ延床面積（㎡）=1.70 / 原データ棟数=1 / 原データ主な構造=鉄筋コンクリート造 / 原データ耐震診断=不要 / 原データ耐震補強=不要 / 原データ建物所有者=市 / 原データ所管局=建設局 / 原データ所管課=公園管理課 / 原データ管理形態=直営
401005,40100-AB403945392F1540,北九州市,岩ヶ鼻北公園トイレ,,,401005,,北九州市戸畑区一枝,福岡県,北九州市,,,,,,,,,,,,,,,,,,,,,,,,,,,,原データ区名=戸畑区 / 原データ町名=一枝 / 原データ建築年度=1994 / 原データ築年数=23 / 原データ延床面積（㎡）=2.30 / 原データ棟数=1 / 原データ主な構造=鉄筋コンクリート造 / 原データ耐震診断=不要 / 原データ耐震補強=不要 / 原データ建物所有者=市 / 原データ所管局=建設局 / 原データ所管課=公園管理課 / 原データ管理形態=直営
401005,40100-56A166F6D10570E7,北九州市,貴船公園トイレ,,,401005,,北九州市戸畑区浅生,福岡県,北九州市,,,,,,,,,,,,,,,,,,,,,,,,,,,,原データ区名=戸畑区 / 原データ町名=浅生 / 原データ建築年度=1977 / 原データ築年数=40 / 原データ延床面積（㎡）=8.45 / 原データ棟数=1 / 原データ主な構造=コンクリートブロック造 / 原データ耐震診断=不要 / 原データ耐震補強=不要 / 原データ建物所有者=市 / 原データ所管局=建設局 / 原データ所管課=公園管理課 / 原データ管理形態=直営
401005,40100-BCD5C77EE6B49CA7,北九州市,戸畑高峰２号公園トイレ,,,401005,,北九州市戸畑区高峰,福岡県,北九州市,,,,,,,,,,,,,,,,,,,,,,,,,,,,原データ区名=戸畑区 / 原データ町名=高峰 / 原データ建築年度=1979 / 原データ築年数=38 / 原データ延床面積（㎡）=4.50 / 原データ棟数=1 / 原データ主な構造=コンクリートブロック造 / 原データ耐震診断=不要 / 原データ耐震補強=不要 / 原データ建物所有者=市 / 原データ所管局=建設局 / 原データ所管課=公園管理課 / 原データ管理形態=直営
401005,40100-E2E7A2E356E0013C,北九州市,戸畑東本町公園トイレ,,,401005,,北九州市戸畑区小芝,福岡県,北九州市,,,,,,,,,,,,,,,,,,,,,,,,,,,,原データ区名=戸畑区 / 原データ町名=小芝 / 原データ建築年度=1997 / 原データ築年数=20 / 原データ延床面積（㎡）=8.16 / 原データ棟数=1 / 原データ主な構造=アルミ / 原データ耐震診断=不要 / 原データ耐震補強=不要 / 原データ建物所有者=市 / 原データ所管局=建設局 / 原データ所管課=公園管理課 / 原データ管理形態=直営
401005,40100-8CE916FEC8096051,北九州市,黒田公園トイレ,,,401005,,北九州市戸畑区小芝,福岡県,北九州市,,,,,,,,,,,,,,,,,,,,,,,,,,,,原データ区名=戸畑区 / 原データ町名=小芝 / 原データ建築年度=1983 / 原データ築年数=34 / 原データ延床面積（㎡）=11.04 / 原データ棟数=1 / 原データ主な構造=コンクリートブロック造 / 原データ耐震診断=不要 / 原データ耐震補強=不要 / 原データ建物所有者=市 / 原データ所管局=建設局 / 原データ所管課=公園管理課 / 原データ管理形態=直営
401005,40100-860F7303256D8939,北九州市,春日公園トイレ,,,401005,,北九州市戸畑区三六町,福岡県,北九州市,,,,,,,,,,,,,,,,,,,,,,,,,,,,原データ区名=戸畑区 / 原データ町名=三六町 / 原データ建築年度=1977 / 原データ築年数=40 / 原データ延床面積（㎡）=8.45 / 原データ棟数=1 / 原データ主な構造=コンクリートブロック造 / 原データ耐震診断=不要 / 原データ耐震補強=不要 / 原データ建物所有者=市 / 原データ所管局=建設局 / 原データ所管課=公園管理課 / 原データ管理形態=直営
401005,40100-7D59210DA4F88354,北九州市,初音公園トイレ,,,401005,,北九州市戸畑区初音町,福岡県,北九州市,,,,,,,,,,,,,,,,,,,,,,,,,,,,原データ区名=戸畑区 / 原データ町名=初音町 / 原データ建築年度=2011 / 原データ築年数=6 / 原データ延床面積（㎡）=24.00 / 原データ棟数=1 / 原データ主な構造=鉄筋コンクリート造 / 原データ耐震診断=不要 / 原データ耐震補強=不要 / 原データ建物所有者=市 / 原データ所管局=建設局 / 原データ所管課=公園管理課 / 原データ管理形態=直営
401005,40100-E8B5521C4497D717,北九州市,小芝公園トイレ,,,401005,,北九州市戸畑区天神,福岡県,北九州市,,,,,,,,,,,,,,,,,,,,,,,,,,,,原データ区名=戸畑区 / 原データ町名=天神 / 原データ建築年度=1970 / 原データ築年数=47 / 原データ延床面積（㎡）=6.00 / 原データ棟数=1 / 原データ主な構造=コンクリートブロック造 / 原データ耐震診断=不要 / 原データ耐震補強=不要 / 原データ建物所有者=市 / 原データ所管局=建設局 / 原データ所管課=公園管理課 / 原データ管理形態=直営
401005,40100-4F8C6401C242E004,北九州市,小沢見公園トイレ,,,401005,,北九州市戸畑区沢見,福岡県,北九州市,,,,,,,,,,,,,,,,,,,,,,,,,,,,原データ区名=戸畑区 / 原データ町名=沢見 / 原データ建築年度=1975 / 原データ築年数=42 / 原データ延床面積（㎡）=6.19 / 原データ棟数=1 / 原データ主な構造=コンクリートブロック造 / 原データ耐震診断=不要 / 原データ耐震補強=不要 / 原データ建物所有者=市 / 原データ所管局=建設局 / 原データ所管課=公園管理課 / 原データ管理形態=直営
401005,40100-D47D6E36D2096548,北九州市,鞘ヶ谷ほたる公園トイレ,,,401005,,北九州市戸畑区西鞘ケ谷町,福岡県,北九州市,,,,,,,,,,,,,,,,,,,,,,,,,,,,原データ区名=戸畑区 / 原データ町名=西鞘ケ谷町 / 原データ建築年度=1996 / 原データ築年数=21 / 原データ延床面積（㎡）=20.00 / 原データ棟数=1 / 原データ主な構造=鉄筋コンクリート造 / 原データ耐震診断=不要 / 原データ耐震補強=不要 / 原データ建物所有者=市 / 原データ所管局=建設局 / 原データ所管課=公園管理課 / 原データ管理形態=直営
401005,40100-25EA5E955848E5A0,北九州市,新堤公園トイレ,,,401005,,北九州市戸畑区中原西,福岡県,北九州市,,,,,,,,,,,,,,,,,,,,,,,,,,,,原データ区名=戸畑区 / 原データ町名=中原西 / 原データ建築年度=1998 / 原データ築年数=19 / 原データ延床面積（㎡）=13.52 / 原データ棟数=1 / 原データ主な構造=鉄筋コンクリート造 / 原データ耐震診断=不要 / 原データ耐震補強=不要 / 原データ建物所有者=市 / 原データ所管局=建設局 / 原データ所管課=公園管理課 / 原データ管理形態=直営
401005,40100-BACE6961F34F6EA8,北九州市,菅原公園トイレ,,,401005,,北九州市戸畑区菅原,福岡県,北九州市,,,,,,,,,,,,,,,,,,,,,,,,,,,,原データ区名=戸畑区 / 原データ町名=菅原 / 原データ建築年度=2012 / 原データ築年数=5 / 原データ延床面積（㎡）=17.96 / 原データ棟数=1 / 原データ主な構造=鉄筋コンクリート造 / 原データ耐震診断=不要 / 原データ耐震補強=不要 / 原データ建物所有者=市 / 原データ所管局=建設局 / 原データ所管課=公園管理課 / 原データ管理形態=直営
401005,40100-073031625992F324,北九州市,仙水公園内公衆便所・他,,,401005,,北九州市戸畑区中原西,福岡県,北九州市,,,,,,,,,,,,,,,,,,,,,,,,,,,,原データ区名=戸畑区 / 原データ町名=中原西 / 原データ建築年度=1964 / 原データ築年数=53 / 原データ延床面積（㎡）=11.88 / 原データ棟数=1 / 原データ複合の状況=複数棟 / 原データ主たる施設名=仙水公園内機械室 / 原データ主な構造=コンクリートブロック造 / 原データ耐震診断=不要 / 原データ耐震補強=不要 / 原データ建物所有者=市 / 原データ所管局=建設局 / 原データ所管課=公園管理課 / 原データ管理形態=直営
401005,40100-65661375BC2786BB,北九州市,仙水公園内公衆便所・他,,,401005,,北九州市戸畑区中原西,福岡県,北九州市,,,,,,,,,,,,,,,,,,,,,,,,,,,,原データ区名=戸畑区 / 原データ町名=中原西 / 原データ建築年度=1966 / 原データ築年数=51 / 原データ延床面積（㎡）=33.99 / 原データ棟数=1 / 原データ複合の状況=複数棟 / 原データ主たる施設名=仙水公園内更衣室 / 原データ主な構造=コンクリートブロック造 / 原データ耐震診断=不要 / 原データ耐震補強=不要 / 原データ建物所有者=市 / 原データ所管局=建設局 / 原データ所管課=公園管理課 / 原データ管理形態=直営
401005,40100-05DFC508D507D255,北九州市,仙水公園トイレ,,,401005,,北九州市戸畑区中原西,福岡県,北九州市,,,,,,,,,,,,,,,,,,,,,,,,,,,,原データ区名=戸畑区 / 原データ町名=中原西 / 原データ建築年度=1994 / 原データ築年数=23 / 原データ延床面積（㎡）=15.20 / 原データ棟数=1 / 原データ主な構造=煉瓦造 / 原データ耐震診断=不要 / 原データ耐震補強=不要 / 原データ建物所有者=市 / 原データ所管局=建設局 / 原データ所管課=公園管理課 / 原データ管理形態=直営
401005,40100-B85318A94F3FDBFB,北九州市,千防公園トイレ,,,401005,,北九州市戸畑区千防,福岡県,北九州市,,,,,,,,,,,,,,,,,,,,,,,,,,,,原データ区名=戸畑区 / 原データ町名=千防 / 原データ建築年度=1993 / 原データ築年数=24 / 原データ延床面積（㎡）=1.70 / 原データ棟数=1 / 原データ主な構造=鉄筋コンクリート造 / 原データ耐震診断=不要 / 原データ耐震補強=不要 / 原データ建物所有者=市 / 原データ所管局=建設局 / 原データ所管課=公園管理課 / 原データ管理形態=直営
401005,40100-C56AAB5E03934E48,北九州市,浅生２号公園トイレ（１）,,,401005,,北九州市戸畑区浅生,福岡県,北九州市,,,,,,,,,,,,,,,,,,,,,,,,,,,,原データ区名=戸畑区 / 原データ町名=浅生 / 原データ建築年度=1984 / 原データ築年数=33 / 原データ延床面積（㎡）=5.25 / 原データ棟数=1 / 原データ主な構造=鉄筋コンクリート造 / 原データ耐震診断=不要 / 原データ耐震補強=不要 / 原データ建物所有者=市 / 原データ所管局=建設局 / 原データ所管課=公園管理課 / 原データ管理形態=直営
401005,40100-2FA4AA2823958D2B,北九州市,浅生２号公園トイレ（２）ネット裏,,,401005,,北九州市戸畑区浅生,福岡県,北九州市,,,,,,,,,,,,,,,,,,,,,,,,,,,,原データ区名=戸畑区 / 原データ町名=浅生 / 原データ建築年度=1970 / 原データ築年数=47 / 原データ延床面積（㎡）=15.00 / 原データ棟数=1 / 原データ主な構造=コンクリートブロック造 / 原データ耐震診断=不要 / 原データ耐震補強=不要 / 原データ建物所有者=市 / 原データ所管局=建設局 / 原データ所管課=公園管理課 / 原データ管理形態=直営
401005,40100-70045BEF01E18275,北九州市,浅生２号公園トイレ（３）ネット裏,,,401005,,北九州市戸畑区浅生,福岡県,北九州市,,,,,,,,,,,,,,,,,,,,,,,,,,,,原データ区名=戸畑区 / 原データ町名=浅生 / 原データ建築年度=1984 / 原データ築年数=33 / 原データ延床面積（㎡）=5.67 / 原データ棟数=1 / 原データ主な構造=強化セメントコンクリート / 原データ耐震診断=不要 / 原データ耐震補強=不要 / 原データ建物所有者=市 / 原データ所管局=建設局 / 原データ所管課=公園管理課 / 原データ管理形態=直営
401005,40100-9C3532C011188764,北九州市,浅生一号公園トイレ,,,401005,,北九州市戸畑区新池,福岡県,北九州市,,,,,,,,,,,,,,,,,,,,,,,,,,,,原データ区名=戸畑区 / 原データ町名=新池 / 原データ建築年度=2008 / 原データ築年数=9 / 原データ延床面積（㎡）=22.87 / 原データ棟数=1 / 原データ主な構造=鉄筋コンクリート造 / 原データ耐震診断=不要 / 原データ耐震補強=不要 / 原データ建物所有者=市 / 原データ所管局=建設局 / 原データ所管課=公園管理課 / 原データ管理形態=直営
401005,40100-80ACE0605FC57985,北九州市,浅生一丁目公園トイレ,,,401005,,北九州市戸畑区浅生,福岡県,北九州市,,,,,,,,,,,,,,,,,,,,,,,,,,,,原データ区名=戸畑区 / 原データ町名=浅生 / 原データ建築年度=1977 / 原データ築年数=40 / 原データ延床面積（㎡）=8.45 / 原データ棟数=1 / 原データ主な構造=コンクリートブロック造 / 原データ耐震診断=不要 / 原データ耐震補強=不要 / 原データ建物所有者=市 / 原データ所管局=建設局 / 原データ所管課=公園管理課 / 原データ管理形態=直営
401005,40100-23E274E17092A378,北九州市,大谷１０号公園トイレ,,,401005,,北九州市戸畑区東大谷,福岡県,北九州市,,,,,,,,,,,,,,,,,,,,,,,,,,,,原データ区名=戸畑区 / 原データ町名=東大谷 / 原データ建築年度=1997 / 原データ築年数=20 / 原データ延床面積（㎡）=1.70 / 原データ棟数=1 / 原データ主な構造=鉄筋コンクリート造 / 原データ耐震診断=不要 / 原データ耐震補強=不要 / 原データ建物所有者=市 / 原データ所管局=建設局 / 原データ所管課=公園管理課 / 原データ管理形態=直営
401005,40100-C8AE2175C462FACB,北九州市,大谷６号公園トイレ,,,401005,,北九州市戸畑区東大谷,福岡県,北九州市,,,,,,,,,,,,,,,,,,,,,,,,,,,,原データ区名=戸畑区 / 原データ町名=東大谷 / 原データ建築年度=2011 / 原データ築年数=6 / 原データ延床面積（㎡）=13.20 / 原データ棟数=1 / 原データ主な構造=鉄筋コンクリート造 / 原データ耐震診断=不要 / 原データ耐震補強=不要 / 原データ建物所有者=市 / 原データ所管局=建設局 / 原データ所管課=公園管理課 / 原データ管理形態=直営
401005,40100-72D71A1EEC23A292,北九州市,中原公園トイレ,,,401005,,北九州市戸畑区中原東,福岡県,北九州市,,,,,,,,,,,,,,,,,,,,,,,,,,,,原データ区名=戸畑区 / 原データ町名=中原東 / 原データ建築年度=2014 / 原データ築年数=3 / 原データ延床面積（㎡）=22.76 / 原データ棟数=1 / 原データ主な構造=鉄筋コンクリート造 / 原データ耐震診断=不要 / 原データ耐震補強=不要 / 原データ建物所有者=市 / 原データ所管局=建設局 / 原データ所管課=公園管理課 / 原データ管理形態=直営
401005,40100-E267E5319A41C57B,北九州市,椎ﾉ木台公園トイレ,,,401005,,北九州市戸畑区椎の木町,福岡県,北九州市,,,,,,,,,,,,,,,,,,,,,,,,,,,,原データ区名=戸畑区 / 原データ町名=椎の木町 / 原データ建築年度=2000 / 原データ築年数=17 / 原データ延床面積（㎡）=4.00 / 原データ棟数=1 / 原データ主な構造=アルミ / 原データ耐震診断=不要 / 原データ耐震補強=不要 / 原データ建物所有者=市 / 原データ所管局=建設局 / 原データ所管課=公園管理課 / 原データ管理形態=直営
401005,40100-DEC1E1DB0BC98F21,北九州市,椎ﾉ木谷2号公園トイレ,,,401005,,北九州市戸畑区菅原,福岡県,北九州市,,,,,,,,,,,,,,,,,,,,,,,,,,,,原データ区名=戸畑区 / 原データ町名=菅原 / 原データ建築年度=2001 / 原データ築年数=16 / 原データ延床面積（㎡）=1.70 / 原データ棟数=1 / 原データ主な構造=鉄筋コンクリート造 / 原データ耐震診断=不要 / 原データ耐震補強=不要 / 原データ建物所有者=市 / 原データ所管局=建設局 / 原データ所管課=公園管理課 / 原データ管理形態=直営
401005,40100-1DA8DF047BC91BFD,北九州市,天籟寺公園トイレ,,,401005,,北九州市戸畑区天籟寺,福岡県,北九州市,,,,,,,,,,,,,,,,,,,,,,,,,,,,原データ区名=戸畑区 / 原データ町名=天籟寺 / 原データ建築年度=2009 / 原データ築年数=8 / 原データ延床面積（㎡）=9.84 / 原データ棟数=1 / 原データ主な構造=鉄筋コンクリート造 / 原データ耐震診断=不要 / 原データ耐震補強=不要 / 原データ建物所有者=市 / 原データ所管局=建設局 / 原データ所管課=公園管理課 / 原データ管理形態=直営
401005,40100-73FAF9C8215A6CBD,北九州市,都島展望公園トイレ(1)グラウンド横,,,401005,,北九州市戸畑区牧山,福岡県,北九州市,,,,,,,,,,,,,,,,,,,,,,,,,,,,原データ区名=戸畑区 / 原データ町名=牧山 / 原データ建築年度=2015 / 原データ築年数=2 / 原データ延床面積（㎡）=34.20 / 原データ棟数=1 / 原データ主な構造=鉄筋コンクリート造 / 原データ耐震診断=不要 / 原データ耐震補強=不要 / 原データ建物所有者=市 / 原データ所管局=建設局 / 原データ所管課=公園管理課 / 原データ管理形態=直営
401005,40100-FD6AE7CADAD1299A,北九州市,都島展望公園（２）芝生広場トイレ,,,401005,,北九州市戸畑区牧山,福岡県,北九州市,,,,,,,,,,,,,,,,,,,,,,,,,,,,原データ区名=戸畑区 / 原データ町名=牧山 / 原データ建築年度=1994 / 原データ築年数=23 / 原データ延床面積（㎡）=10.59 / 原データ棟数=1 / 原データ主な構造=鉄筋コンクリート造 / 原データ耐震診断=不要 / 原データ耐震補強=不要 / 原データ建物所有者=市 / 原データ所管局=建設局 / 原データ所管課=公園管理課 / 原データ管理形態=直営
401005,40100-D52DE78B27094575,北九州市,都島展望公園（３）牧山海岸トイレ,,,401005,,北九州市戸畑区牧山海岸,福岡県,北九州市,,,,,,,,,,,,,,,,,,,,,,,,,,,,原データ区名=戸畑区 / 原データ町名=牧山海岸 / 原データ建築年度=2001 / 原データ築年数=16 / 原データ延床面積（㎡）=22.12 / 原データ棟数=1 / 原データ主な構造=鉄筋コンクリート造 / 原データ耐震診断=不要 / 原データ耐震補強=不要 / 原データ建物所有者=市 / 原データ所管局=建設局 / 原データ所管課=公園管理課 / 原データ管理形態=直営
401005,40100-791BFB94B2E0A6DE,北九州市,美術の森公園トイレ,,,401005,,北九州市戸畑区西鞘ケ谷,福岡県,北九州市,,,,,,,,,,,,,,,,,,,,,,,,,,,,原データ区名=戸畑区 / 原データ町名=西鞘ケ谷 / 原データ建築年度=1998 / 原データ築年数=19 / 原データ延床面積（㎡）=22.12 / 原データ棟数=1 / 原データ主な構造=鉄筋コンクリート造 / 原データ耐震診断=不要 / 原データ耐震補強=不要 / 原データ建物所有者=市 / 原データ所管局=建設局 / 原データ所管課=公園管理課 / 原データ管理形態=直営
401005,40100-29E58B9546F62427,北九州市,美禄公園トイレ,,,401005,,北九州市戸畑区新池,福岡県,北九州市,,,,,,,,,,,,,,,,,,,,,,,,,,,,原データ区名=戸畑区 / 原データ町名=新池 / 原データ建築年度=1995 / 原データ築年数=22 / 原データ延床面積（㎡）=14.94 / 原データ棟数=1 / 原データ主な構造=鉄筋コンクリート造 / 原データ耐震診断=不要 / 原データ耐震補強=不要 / 原データ建物所有者=市 / 原データ所管局=建設局 / 原データ所管課=公園管理課 / 原データ管理形態=直営
401005,40100-B1116B69F51FD927,北九州市,福柳木公園トイレ,,,401005,,北九州市戸畑区福柳木,福岡県,北九州市,,,,,,,,,,,,,,,,,,,,,,,,,,,,原データ区名=戸畑区 / 原データ町名=福柳木 / 原データ建築年度=2012 / 原データ築年数=5 / 原データ延床面積（㎡）=11.33 / 原データ棟数=1 / 原データ主な構造=鉄筋コンクリート造 / 原データ耐震診断=不要 / 原データ耐震補強=不要 / 原データ建物所有者=市 / 原データ所管局=建設局 / 原データ所管課=公園管理課 / 原データ管理形態=直営
401005,40100-312770965C298476,北九州市,豊前坊公園トイレ,,,401005,,北九州市戸畑区高峰,福岡県,北九州市,,,,,,,,,,,,,,,,,,,,,,,,,,,,原データ区名=戸畑区 / 原データ町名=高峰 / 原データ建築年度=1999 / 原データ築年数=18 / 原データ延床面積（㎡）=3.60 / 原データ棟数=1 / 原データ主な構造=ユニット / 原データ耐震診断=不要 / 原データ耐震補強=不要 / 原データ建物所有者=市 / 原データ所管局=建設局 / 原データ所管課=公園管理課 / 原データ管理形態=直営
401005,40100-FEE211B81264704E,北九州市,牧山一号公園トイレ,,,401005,,北九州市戸畑区牧山,福岡県,北九州市,,,,,,,,,,,,,,,,,,,,,,,,,,,,原データ区名=戸畑区 / 原データ町名=牧山 / 原データ建築年度=2004 / 原データ築年数=13 / 原データ延床面積（㎡）=17.80 / 原データ棟数=1 / 原データ主な構造=鉄筋コンクリート造 / 原データ耐震診断=不要 / 原データ耐震補強=不要 / 原データ建物所有者=市 / 原データ所管局=建設局 / 原データ所管課=公園管理課 / 原データ管理形態=直営
401005,40100-F6E63104B4547B28,北九州市,牧山展望公園トイレ,,,401005,,北九州市戸畑区牧山,福岡県,北九州市,,,,,,,,,,,,,,,,,,,,,,,,,,,,原データ区名=戸畑区 / 原データ町名=牧山 / 原データ建築年度=2011 / 原データ築年数=6 / 原データ延床面積（㎡）=19.80 / 原データ棟数=1 / 原データ主な構造=鉄筋コンクリート造 / 原データ耐震診断=不要 / 原データ耐震補強=不要 / 原データ建物所有者=市 / 原データ所管局=建設局 / 原データ所管課=公園管理課 / 原データ管理形態=直営
401005,40100-C281A6224A6350B2,北九州市,本村公園トイレ,,,401005,,北九州市戸畑区中原東,福岡県,北九州市,,,,,,,,,,,,,,,,,,,,,,,,,,,,原データ区名=戸畑区 / 原データ町名=中原東 / 原データ建築年度=1970 / 原データ築年数=47 / 原データ延床面積（㎡）=1.70 / 原データ棟数=1 / 原データ主な構造=鉄筋コンクリート造 / 原データ耐震診断=不要 / 原データ耐震補強=不要 / 原データ建物所有者=市 / 原データ所管局=建設局 / 原データ所管課=公園管理課 / 原データ管理形態=直営
401005,40100-AC5642DA0773D11E,北九州市,本町公園トイレ,,,401005,,北九州市戸畑区北鳥旗町,福岡県,北九州市,,,,,,,,,,,,,,,,,,,,,,,,,,,,原データ区名=戸畑区 / 原データ町名=北鳥旗町 / 原データ建築年度=1970 / 原データ築年数=47 / 原データ延床面積（㎡）=6.00 / 原データ棟数=1 / 原データ主な構造=コンクリートブロック造 / 原データ耐震診断=不要 / 原データ耐震補強=不要 / 原データ建物所有者=市 / 原データ所管局=建設局 / 原データ所管課=公園管理課 / 原データ管理形態=直営
401005,40100-69B564E5EFD416B1,北九州市,末広公園トイレ,,,401005,,北九州市戸畑区新池,福岡県,北九州市,,,,,,,,,,,,,,,,,,,,,,,,,,,,原データ区名=戸畑区 / 原データ町名=新池 / 原データ建築年度=2002 / 原データ築年数=15 / 原データ延床面積（㎡）=14.50 / 原データ棟数=1 / 原データ主な構造=鉄筋コンクリート造 / 原データ耐震診断=不要 / 原データ耐震補強=不要 / 原データ建物所有者=市 / 原データ所管局=建設局 / 原データ所管課=公園管理課 / 原データ管理形態=直営
401005,40100-124E6D90E1F5A2E4,北九州市,大橋公園トイレ,,,401005,,北九州市戸畑区川代,福岡県,北九州市,,,,,,,,,,,,,,,,,,,,,,,,,,,,原データ区名=戸畑区 / 原データ町名=川代 / 原データ建築年度=2015 / 原データ築年数=2 / 原データ延床面積（㎡）=12.07 / 原データ棟数=1 / 原データ主な構造=鉄筋コンクリート造 / 原データ耐震診断=不要 / 原データ耐震補強=不要 / 原データ建物所有者=市 / 原データ所管局=建設局 / 原データ所管課=公園管理課 / 原データ管理形態=直営
401005,40100-73EA0AD917DF7483,北九州市,北九州市営九州鉄道記念館西駐車場トイレ,,,401005,,北九州市門司区清滝,福岡県,北九州市,,,,,,,,,,,,,,,,,,,,,,,,,,,,原データ区名=門司区 / 原データ町名=清滝 / 原データ建築年度=1998 / 原データ築年数=19 / 原データ延床面積（㎡）=123.48 / 原データ棟数=1 / 原データ主な構造=鉄骨造 / 原データ耐震診断=不要 / 原データ耐震補強=不要 / 原データ建物所有者=市 / 原データ所管局=建設局 / 原データ所管課=道路計画課 / 原データ管理形態=直営
401005,40100-476EE6A971983561,北九州市,門司港レトロ駐車場トイレ,,,401005,,北九州市門司区東港町,福岡県,北九州市,,,,,,,,,,,,,,,,,,,,,,,,,,,,原データ区名=門司区 / 原データ町名=東港町 / 原データ建築年度=2003 / 原データ築年数=14 / 原データ延床面積（㎡）=34.88 / 原データ棟数=1 / 原データ主な構造=鉄筋コンクリート造 / 原データ耐震診断=不要 / 原データ耐震補強=不要 / 原データ建物所有者=市 / 原データ所管局=産業経済局 / 原データ所管課=門司港レトロ課 / 原データ管理形態=指定管理
401005,40100-FD552960D9AEA985,北九州市,門司港レトロ駐車場市民トイレ,,,401005,,北九州市門司区東港町,福岡県,北九州市,,,,,,,,,,,,,,,,,,,,,,,,,,,,原データ区名=門司区 / 原データ町名=東港町 / 原データ建築年度=1995 / 原データ築年数=22 / 原データ延床面積（㎡）=53.67 / 原データ棟数=1 / 原データ主な構造=鉄筋コンクリート造 / 原データ耐震診断=不要 / 原データ耐震補強=不要 / 原データ建物所有者=市 / 原データ所管局=環境局 / 原データ所管課=施設課 / 原データ管理形態=直営
401005,40100-3808A3158E643835,北九州市,菜園場一丁目市民トイレ,,,401005,,北九州市小倉北区菜園場,福岡県,北九州市,,,,,,,,,,,,,,,,,,,,,,,,,,,,原データ区名=小倉北区 / 原データ町名=菜園場 / 原データ建築年度=1981 / 原データ築年数=36 / 原データ延床面積（㎡）=6.00 / 原データ棟数=1 / 原データ主な構造=コンクリートブロック造 / 原データ耐震診断=不要 / 原データ耐震補強=不要 / 原データ建物所有者=市 / 原データ所管局=環境局 / 原データ所管課=施設課 / 原データ管理形態=直営
401005,40100-14798C32DB07ED7B,北九州市,天神島市民トイレ,,,401005,,北九州市小倉北区古船場町,福岡県,北九州市,,,,,,,,,,,,,,,,,,,,,,,,,,,,原データ区名=小倉北区 / 原データ町名=古船場町 / 原データ建築年度=1981 / 原データ築年数=36 / 原データ延床面積（㎡）=40.16 / 原データ棟数=1 / 原データ主な構造=鉄筋コンクリート造 / 原データ耐震診断=不要 / 原データ耐震補強=不要 / 原データ建物所有者=市 / 原データ所管局=環境局 / 原データ所管課=施設課 / 原データ管理形態=直営
401005,40100-8738A8091EF5BF42,北九州市,菅生の滝市民トイレ,,,401005,,北九州市小倉南区大字道原,福岡県,北九州市,,,,,,,,,,,,,,,,,,,,,,,,,,,,原データ区名=小倉南区 / 原データ町名=大字道原 / 原データ建築年度=1989 / 原データ築年数=28 / 原データ延床面積（㎡）=20.00 / 原データ棟数=1 / 原データ主な構造=鉄筋コンクリート造 / 原データ耐震診断=不要 / 原データ耐震補強=不要 / 原データ建物所有者=市 / 原データ所管局=環境局 / 原データ所管課=施設課 / 原データ管理形態=直営
401005,40100-A6F0FECCE1128365,北九州市,頂吉市民トイレ,,,401005,,北九州市小倉南区大字頂吉,福岡県,北九州市,,,,,,,,,,,,,,,,,,,,,,,,,,,,原データ区名=小倉南区 / 原データ町名=大字頂吉 / 原データ建築年度=1984 / 原データ築年数=33 / 原データ延床面積（㎡）=12.00 / 原データ棟数=1 / 原データ主な構造=軽量鉄骨造 / 原データ耐震診断=不要 / 原データ耐震補強=不要 / 原データ建物所有者=市 / 原データ所管局=環境局 / 原データ所管課=施設課 / 原データ管理形態=直営
401005,40100-B72E063BAF9B2EE9,北九州市,平尾台市民トイレ,,,401005,,北九州市小倉南区大字新道寺,福岡県,北九州市,,,,,,,,,,,,,,,,,,,,,,,,,,,,原データ区名=小倉南区 / 原データ町名=大字新道寺 / 原データ建築年度=1992 / 原データ築年数=25 / 原データ延床面積（㎡）=48.57 / 原データ棟数=1 / 原データ主な構造=鉄筋コンクリート造 / 原データ耐震診断=不要 / 原データ耐震補強=不要 / 原データ建物所有者=市 / 原データ所管局=環境局 / 原データ所管課=施設課 / 原データ管理形態=直営
401005,40100-8C9E7D543B8AC737,北九州市,三ッ岳梅林入口市民トイレ,,,401005,,北九州市小倉南区大字合馬,福岡県,北九州市,,,,,,,,,,,,,,,,,,,,,,,,,,,,原データ区名=小倉南区 / 原データ町名=大字合馬 / 原データ建築年度=1994 / 原データ築年数=23 / 原データ延床面積（㎡）=1.76 / 原データ棟数=1 / 原データ主な構造=鉄筋コンクリート造 / 原データ耐震診断=不要 / 原データ耐震補強=不要 / 原データ建物所有者=市 / 原データ所管局=環境局 / 原データ所管課=施設課 / 原データ管理形態=直営
401005,40100-ED36B1913DC2E132,北九州市,岩屋海岸市民トイレ,,,401005,,北九州市若松区大字有毛,福岡県,北九州市,,,,,,,,,,,,,,,,,,,,,,,,,,,,原データ区名=若松区 / 原データ町名=大字有毛 / 原データ建築年度=1989 / 原データ築年数=28 / 原データ延床面積（㎡）=12.50 / 原データ棟数=1 / 原データ主な構造=鉄筋コンクリート造 / 原データ耐震診断=不要 / 原データ耐震補強=不要 / 原データ建物所有者=市 / 原データ所管局=環境局 / 原データ所管課=施設課 / 原データ管理形態=直営
401005,40100-846DC523F36CAD51,北九州市,岩屋バス停前市民トイレ,,,401005,,北九州市若松区大字有毛,福岡県,北九州市,,,,,,,,,,,,,,,,,,,,,,,,,,,,原データ区名=若松区 / 原データ町名=大字有毛 / 原データ建築年度=1982 / 原データ築年数=35 / 原データ延床面積（㎡）=4.51 / 原データ棟数=1 / 原データ主な構造=軽量鉄骨造 / 原データ耐震診断=不要 / 原データ耐震補強=不要 / 原データ建物所有者=市 / 原データ所管局=環境局 / 原データ所管課=施設課 / 原データ管理形態=直営
401005,40100-C10128EE1D2378F0,北九州市,早間海岸市民トイレ,,,401005,,北九州市若松区大字有毛,福岡県,北九州市,,,,,,,,,,,,,,,,,,,,,,,,,,,,原データ区名=若松区 / 原データ町名=大字有毛 / 原データ建築年度=2000 / 原データ築年数=17 / 原データ延床面積（㎡）=13.58 / 原データ棟数=1 / 原データ主な構造=鉄筋コンクリート造 / 原データ耐震診断=不要 / 原データ耐震補強=不要 / 原データ建物所有者=市 / 原データ所管局=環境局 / 原データ所管課=施設課 / 原データ管理形態=直営
401005,40100-85F6E26F90112F3F,北九州市,若松渡場横市民トイレ,,,401005,,北九州市若松区本町,福岡県,北九州市,,,,,,,,,,,,,,,,,,,,,,,,,,,,原データ区名=若松区 / 原データ町名=本町 / 原データ建築年度=1970 / 原データ築年数=47 / 原データ延床面積（㎡）=20.16 / 原データ棟数=1 / 原データ主な構造=鉄筋コンクリート造 / 原データ耐震診断=不要 / 原データ耐震補強=不要 / 原データ建物所有者=市 / 原データ所管局=環境局 / 原データ所管課=施設課 / 原データ管理形態=直営
401005,40100-82354C89B9354CF6,北九州市,浜町市民トイレ,,,401005,,北九州市若松区浜町,福岡県,北九州市,,,,,,,,,,,,,,,,,,,,,,,,,,,,原データ区名=若松区 / 原データ町名=浜町 / 原データ建築年度=1987 / 原データ築年数=30 / 原データ延床面積（㎡）=31.50 / 原データ棟数=1 / 原データ主な構造=鉄筋コンクリート造 / 原データ耐震診断=不要 / 原データ耐震補強=不要 / 原データ建物所有者=市 / 原データ所管局=環境局 / 原データ所管課=施設課 / 原データ管理形態=直営
401005,40100-BFF79975208CA5AB,北九州市,脇田公園横市民トイレ,,,401005,,北九州市若松区大字安屋,福岡県,北九州市,,,,,,,,,,,,,,,,,,,,,,,,,,,,原データ区名=若松区 / 原データ町名=大字安屋 / 原データ建築年度=1974 / 原データ築年数=43 / 原データ延床面積（㎡）=12.09 / 原データ棟数=1 / 原データ主な構造=コンクリートブロック造 / 原データ耐震診断=不要 / 原データ耐震補強=不要 / 原データ建物所有者=市 / 原データ所管局=環境局 / 原データ所管課=施設課 / 原データ管理形態=直営
401005,40100-38D0B17D8CB49C2E,北九州市,スペースワールド東田ゲート横市民トイレ,,,401005,,北九州市八幡東区中央,福岡県,北九州市,,,,,,,,,,,,,,,,,,,,,,,,,,,,原データ区名=八幡東区 / 原データ町名=中央 / 原データ建築年度=1990 / 原データ築年数=27 / 原データ延床面積（㎡）=11.64 / 原データ棟数=1 / 原データ主な構造=鉄筋コンクリート造 / 原データ耐震診断=不要 / 原データ耐震補強=不要 / 原データ建物所有者=市 / 原データ所管局=環境局 / 原データ所管課=施設課 / 原データ管理形態=直営
401005,40100-02CD76ADA058D815,北九州市,奥田川市民トイレ,,,401005,,北九州市八幡東区大字田代,福岡県,北九州市,,,,,,,,,,,,,,,,,,,,,,,,,,,,原データ区名=八幡東区 / 原データ町名=大字田代 / 原データ建築年度=1995 / 原データ築年数=22 / 原データ延床面積（㎡）=18.48 / 原データ棟数=1 / 原データ主な構造=鉄筋コンクリート造 / 原データ耐震診断=不要 / 原データ耐震補強=不要 / 原データ建物所有者=市 / 原データ所管局=環境局 / 原データ所管課=施設課 / 原データ管理形態=直営
401005,40100-D3BFF86A294232EC,北九州市,河内めがね橋横市民トイレ,,,401005,,北九州市八幡東区河内,福岡県,北九州市,,,,,,,,,,,,,,,,,,,,,,,,,,,,原データ区名=八幡東区 / 原データ町名=河内 / 原データ建築年度=1990 / 原データ築年数=27 / 原データ延床面積（㎡）=9.16 / 原データ棟数=1 / 原データ主な構造=鉄筋コンクリート造 / 原データ耐震診断=不要 / 原データ耐震補強=不要 / 原データ建物所有者=市 / 原データ所管局=環境局 / 原データ所管課=施設課 / 原データ管理形態=直営
401005,40100-CDD95288AB898A09,北九州市,河内温泉駐車場内トイレ,,,401005,,北九州市八幡東区河内,福岡県,北九州市,,,,,,,,,,,,,,,,,,,,,,,,,,,,原データ区名=八幡東区 / 原データ町名=河内 / 原データ建築年度=2000 / 原データ築年数=17 / 原データ延床面積（㎡）=30.00 / 原データ棟数=1 / 原データ主な構造=鉄筋コンクリート造 / 原データ耐震診断=不要 / 原データ耐震補強=不要 / 原データ建物所有者=市 / 原データ所管局=建設局 / 原データ所管課=公園管理課 / 原データ管理形態=直営
401005,40100-6E9E59924A8BDBFF,北九州市,河内宮前市民トイレ,,,401005,,北九州市八幡東区河内,福岡県,北九州市,,,,,,,,,,,,,,,,,,,,,,,,,,,,原データ区名=八幡東区 / 原データ町名=河内 / 原データ建築年度=1989 / 原データ築年数=28 / 原データ延床面積（㎡）=11.00 / 原データ棟数=1 / 原データ主な構造=鉄筋コンクリート造 / 原データ耐震診断=不要 / 原データ耐震補強=不要 / 原データ建物所有者=市 / 原データ所管局=環境局 / 原データ所管課=施設課 / 原データ管理形態=直営
401005,40100-B6B46B822E967412,北九州市,河内三本松市民トイレ,,,401005,,北九州市八幡東区河内,福岡県,北九州市,,,,,,,,,,,,,,,,,,,,,,,,,,,,原データ区名=八幡東区 / 原データ町名=河内 / 原データ建築年度=1989 / 原データ築年数=28 / 原データ延床面積（㎡）=17.00 / 原データ棟数=1 / 原データ主な構造=鉄筋コンクリート造 / 原データ耐震診断=不要 / 原データ耐震補強=不要 / 原データ建物所有者=市 / 原データ所管局=環境局 / 原データ所管課=施設課 / 原データ管理形態=直営
401005,40100-346695528639CA52,北九州市,河内小学校前市民トイレ,,,401005,,北九州市八幡東区河内,福岡県,北九州市,,,,,,,,,,,,,,,,,,,,,,,,,,,,原データ区名=八幡東区 / 原データ町名=河内 / 原データ建築年度=1992 / 原データ築年数=25 / 原データ延床面積（㎡）=7.14 / 原データ棟数=1 / 原データ主な構造=鉄筋コンクリート造 / 原データ耐震診断=不要 / 原データ耐震補強=不要 / 原データ建物所有者=市 / 原データ所管局=環境局 / 原データ所管課=施設課 / 原データ管理形態=直営
401005,40100-092CF1F0B5F9FDBD,北九州市,勤労者会館前市民トイレ,,,401005,,北九州市八幡東区中央,福岡県,北九州市,,,,,,,,,,,,,,,,,,,,,,,,,,,,原データ区名=八幡東区 / 原データ町名=中央 / 原データ建築年度=1973 / 原データ築年数=44 / 原データ延床面積（㎡）=29.22 / 原データ棟数=1 / 原データ主な構造=鉄筋コンクリート造 / 原データ耐震診断=不要 / 原データ耐震補強=不要 / 原データ建物所有者=市 / 原データ所管局=環境局 / 原データ所管課=施設課 / 原データ管理形態=直営
401005,40100-A45305039DE0417E,北九州市,皿倉山ビジターセンター横市民トイレ,,,401005,,北九州市八幡東区大字前田,福岡県,北九州市,,,,,,,,,,,,,,,,,,,,,,,,,,,,原データ区名=八幡東区 / 原データ町名=大字前田 / 原データ建築年度=1993 / 原データ築年数=24 / 原データ延床面積（㎡）=20.07 / 原データ棟数=1 / 原データ主な構造=鉄筋コンクリート造 / 原データ耐震診断=不要 / 原データ耐震補強=不要 / 原データ建物所有者=市 / 原データ所管局=環境局 / 原データ所管課=施設課 / 原データ管理形態=直営
401005,40100-E19BB2EFB7A1E493,北九州市,皿倉山頂市民トイレ,,,401005,,北九州市八幡東区大字大蔵,福岡県,北九州市,,,,,,,,,,,,,,,,,,,,,,,,,,,,原データ区名=八幡東区 / 原データ町名=大字大蔵 / 原データ建築年度=1995 / 原データ築年数=22 / 原データ延床面積（㎡）=16.40 / 原データ棟数=1 / 原データ主な構造=鉄筋コンクリート造 / 原データ耐震診断=不要 / 原データ耐震補強=不要 / 原データ建物所有者=市 / 原データ所管局=環境局 / 原データ所管課=施設課 / 原データ管理形態=直営
401005,40100-FD567B324AA9241B,北九州市,帆柱山８合目広場市民トイレ,,,401005,,北九州市八幡東区大字前田,福岡県,北九州市,,,,,,,,,,,,,,,,,,,,,,,,,,,,原データ区名=八幡東区 / 原データ町名=大字前田 / 原データ建築年度=1991 / 原データ築年数=26 / 原データ延床面積（㎡）=16.80 / 原データ棟数=1 / 原データ主な構造=鉄筋コンクリート造 / 原データ耐震診断=不要 / 原データ耐震補強=不要 / 原データ建物所有者=市 / 原データ所管局=環境局 / 原データ所管課=施設課 / 原データ管理形態=直営
401005,40100-68AA5DE75F99FA5D,北九州市,香月コミュニティセンター前市民トイレ,,,401005,,北九州市八幡西区香月中央,福岡県,北九州市,,,,,,,,,,,,,,,,,,,,,,,,,,,,原データ区名=八幡西区 / 原データ町名=香月中央 / 原データ建築年度=1971 / 原データ築年数=46 / 原データ延床面積（㎡）=16.00 / 原データ棟数=1 / 原データ主な構造=コンクリートブロック造 / 原データ耐震診断=不要 / 原データ耐震補強=不要 / 原データ建物所有者=市 / 原データ所管局=環境局 / 原データ所管課=施設課 / 原データ管理形態=直営
401005,40100-43AD0955A941B180,北九州市,香月電停横市民トイレ,,,401005,,北九州市八幡西区高江,福岡県,北九州市,,,,,,,,,,,,,,,,,,,,,,,,,,,,原データ区名=八幡西区 / 原データ町名=高江 / 原データ建築年度=2005 / 原データ築年数=12 / 原データ延床面積（㎡）=5.98 / 原データ棟数=1 / 原データ主な構造=鉄筋コンクリート造 / 原データ耐震診断=不要 / 原データ耐震補強=不要 / 原データ建物所有者=市 / 原データ所管局=環境局 / 原データ所管課=施設課 / 原データ管理形態=直営
401005,40100-FE66773CEC75C719,北九州市,黒崎駅前市民トイレ,,,401005,,北九州市八幡西区黒崎,福岡県,北九州市,,,,,,,,,,,,,,,,,,,,,,,,,,,,原データ区名=八幡西区 / 原データ町名=黒崎 / 原データ建築年度=2014 / 原データ築年数=3 / 原データ延床面積（㎡）=62.18 / 原データ棟数=1 / 原データ主な構造=鉄筋コンクリート造 / 原データ耐震診断=不要 / 原データ耐震補強=不要 / 原データ建物所有者=市 / 原データ所管局=環境局 / 原データ所管課=施設課 / 原データ管理形態=直営
401005,40100-F453C56477BEA73F,北九州市,東筑一丁目トイレ,,,401005,,北九州市八幡西区東筑,福岡県,北九州市,,,,,,,,,,,,,,,,,,,,,,,,,,,,原データ区名=八幡西区 / 原データ町名=東筑 / 原データ建築年度=1974 / 原データ築年数=43 / 原データ延床面積（㎡）=5.23 / 原データ棟数=1 / 原データ主な構造=コンクリートブロック造 / 原データ耐震診断=不要 / 原データ耐震補強=不要 / 原データ建物所有者=市 / 原データ所管局=環境局 / 原データ所管課=施設課 / 原データ管理形態=直営
401005,40100-6E696F11C2DDE025,北九州市,楠橋電停前トイレ,,,401005,,北九州市八幡西区楠橋下方,福岡県,北九州市,,,,,,,,,,,,,,,,,,,,,,,,,,,,原データ区名=八幡西区 / 原データ町名=楠橋下方 / 原データ建築年度=1971 / 原データ築年数=46 / 原データ延床面積（㎡）=6.70 / 原データ棟数=1 / 原データ主な構造=軽量鉄骨造 / 原データ耐震診断=不要 / 原データ耐震補強=不要 / 原データ建物所有者=市 / 原データ所管局=環境局 / 原データ所管課=施設課 / 原データ管理形態=直営
401005,40100-9D32DA0496A4CB86,北九州市,畑観音バス停横市民トイレ,,,401005,,北九州市八幡西区大字畑,福岡県,北九州市,,,,,,,,,,,,,,,,,,,,,,,,,,,,原データ区名=八幡西区 / 原データ町名=大字畑 / 原データ建築年度=1969 / 原データ築年数=48 / 原データ延床面積（㎡）=20.25 / 原データ棟数=1 / 原データ主な構造=コンクリートブロック造 / 原データ耐震診断=不要 / 原データ耐震補強=不要 / 原データ建物所有者=市 / 原データ所管局=環境局 / 原データ所管課=施設課 / 原データ管理形態=直営
401005,40100-3D444FF1ADE64CFF,北九州市,畑貯水池市民トイレ,,,401005,,北九州市八幡西区大字畑,福岡県,北九州市,,,,,,,,,,,,,,,,,,,,,,,,,,,,原データ区名=八幡西区 / 原データ町名=大字畑 / 原データ建築年度=1993 / 原データ築年数=24 / 原データ延床面積（㎡）=11.90 / 原データ棟数=1 / 原データ主な構造=鉄筋コンクリート造 / 原データ耐震診断=不要 / 原データ耐震補強=不要 / 原データ建物所有者=市 / 原データ所管局=環境局 / 原データ所管課=施設課 / 原データ管理形態=直営
401005,40100-60DB83DD1B7FA86F,北九州市,畑貯水池駐車場市民トイレ,,,401005,,北九州市八幡西区大字畑,福岡県,北九州市,,,,,,,,,,,,,,,,,,,,,,,,,,,,原データ区名=八幡西区 / 原データ町名=大字畑 / 原データ建築年度=1998 / 原データ築年数=19 / 原データ延床面積（㎡）=20.92 / 原データ棟数=1 / 原データ主な構造=鉄筋コンクリート造 / 原データ耐震診断=不要 / 原データ耐震補強=不要 / 原データ建物所有者=市 / 原データ所管局=環境局 / 原データ所管課=施設課 / 原データ管理形態=直営
401005,40100-C7F2B830904806EC,北九州市,畑親水公園駐車場市民トイレ,,,401005,,北九州市八幡西区大字畑,福岡県,北九州市,,,,,,,,,,,,,,,,,,,,,,,,,,,,原データ区名=八幡西区 / 原データ町名=大字畑 / 原データ建築年度=1998 / 原データ築年数=19 / 原データ延床面積（㎡）=16.20 / 原データ棟数=1 / 原データ主な構造=鉄筋コンクリート造 / 原データ耐震診断=不要 / 原データ耐震補強=不要 / 原データ建物所有者=市 / 原データ所管局=環境局 / 原データ所管課=施設課 / 原データ管理形態=直営
401005,40100-A2A01D2A69433504,北九州市,木屋瀬市民トイレ,,,401005,,北九州市八幡西区木屋瀬,福岡県,北九州市,,,,,,,,,,,,,,,,,,,,,,,,,,,,原データ区名=八幡西区 / 原データ町名=木屋瀬 / 原データ建築年度=1985 / 原データ築年数=32 / 原データ延床面積（㎡）=6.00 / 原データ棟数=1 / 原データ主な構造=鉄筋コンクリート造 / 原データ耐震診断=不要 / 原データ耐震補強=不要 / 原データ建物所有者=市 / 原データ所管局=環境局 / 原データ所管課=施設課 / 原データ管理形態=直営
401005,40100-4C086BB156863BDA,北九州市,折尾駅東口市民トイレ,,,401005,,北九州市八幡西区南鷹見町,福岡県,北九州市,,,,,,,,,,,,,,,,,,,,,,,,,,,,原データ区名=八幡西区 / 原データ町名=南鷹見町 / 原データ建築年度=2012 / 原データ築年数=5 / 原データ延床面積（㎡）=45.50 / 原データ棟数=1 / 原データ主な構造=鉄筋コンクリート造 / 原データ耐震診断=不要 / 原データ耐震補強=不要 / 原データ建物所有者=市 / 原データ所管局=建築都市局 / 原データ所管課=折尾総合整備事務所計画課 / 原データ管理形態=直営
401005,40100-08031288C7BED7A2,北九州市,暫定北口駅前広場トイレ,,,401005,,北九州市八幡西区折尾,福岡県,北九州市,,,,,,,,,,,,,,,,,,,,,,,,,,,,原データ区名=八幡西区 / 原データ町名=折尾 / 原データ建築年度=2015 / 原データ築年数=2 / 原データ延床面積（㎡）=4.37 / 原データ棟数=1 / 原データ主な構造=軽量鉄骨造 / 原データ耐震診断=不要 / 原データ耐震補強=不要 / 原データ建物所有者=市 / 原データ所管局=建築都市局 / 原データ所管課=折尾総合整備事務所計画課 / 原データ管理形態=直営
401005,40100-E8E490D61EC352A8,北九州市,九州工大前駅前市民トイレ,,,401005,,北九州市戸畑区中原西,福岡県,北九州市,,,,,,,,,,,,,,,,,,,,,,,,,,,,原データ区名=戸畑区 / 原データ町名=中原西 / 原データ建築年度=1990 / 原データ築年数=27 / 原データ延床面積（㎡）=16.14 / 原データ棟数=1 / 原データ主な構造=鉄筋コンクリート造 / 原データ耐震診断=不要 / 原データ耐震補強=不要 / 原データ建物所有者=市 / 原データ所管局=環境局 / 原データ所管課=施設課 / 原データ管理形態=直営
401005,40100-EEC18F9684695638,北九州市,戸畑渡船場市民トイレ,,,401005,,北九州市戸畑区北鳥旗町,福岡県,北九州市,,,,,,,,,,,,,,,,,,,,,,,,,,,,原データ区名=戸畑区 / 原データ町名=北鳥旗町 / 原データ建築年度=1964 / 原データ築年数=53 / 原データ延床面積（㎡）=12.60 / 原データ棟数=1 / 原データ主な構造=コンクリートブロック造 / 原データ耐震診断=不要 / 原データ耐震補強=不要 / 原データ建物所有者=市 / 原データ所管局=環境局 / 原データ所管課=施設課 / 原データ管理形態=直営
