prefecture_code,prefecture_name,municipality_code,municipality_name,ward_name,facility_name,formal_name,facility_category,postal_code,address,latitude,longitude,homepage_url,multipurpose_toilet,wheelchair_toilet,toilet_floor,unisex_toilet_count,male_toilet_count,female_toilet_count,washlet,adult_bed,ostomate,voice_guidance,baby_bed,baby_chair,child_toilet,child_chair,flush_type,emergency_call_type,male_urinal_with_rail,male_western_toilet,female_western_toilet,male_baby_bed,female_baby_bed,male_baby_chair,female_baby_chair,entrance_step,stroller_rental,nursing_space,diaper_changing_space,kids_room,source_dataset,source_name,source_url,source_updated_at,source_row,attribute_note,note
10,群馬県,10201,前橋市,,群馬県庁舎,,,,群馬県前橋市大手町1-1-1,,,,,,,,,,,yes,yes,,,,,,,,,,,,,,,,,,,,ostomate_universal_sheet_list,群馬県 オストメイト対応トイレ・ユニバーサルシート設置施設一覧,https://www.pref.gunma.jp/site/fukushinomachi/3013.html,2025,3,ostomate_location=1、32階 | universal_sheet_location=32階,"phone=027-226-2126 | opening_hours=平日8:30～22:00
土日祝9:00～22:00 | owner=県 | 入館は21:45まで"
10,群馬県,10201,前橋市,,群馬県昭和庁舎,,,,群馬県前橋市大手町1-1-1,,,,,,,,,,,yes,yes,,,,,,,,,,,,,,,,,,,,ostomate_universal_sheet_list,群馬県 オストメイト対応トイレ・ユニバーサルシート設置施設一覧,https://www.pref.gunma.jp/site/fukushinomachi/3013.html,2025,4,ostomate_location=1階 | universal_sheet_location=1階,phone=027-226-2119 | opening_hours=8:30～22:00 | owner=県
10,群馬県,10201,前橋市,,群馬会館,,,,群馬県前橋市大手町2-1-1,,,,,,,,,,,no,yes,,,,,,,,,,,,,,,,,,,,ostomate_universal_sheet_list,群馬県 オストメイト対応トイレ・ユニバーサルシート設置施設一覧,https://www.pref.gunma.jp/site/fukushinomachi/3013.html,2025,5,ostomate_location=1階,phone=027-226-4850 | opening_hours=8:30～21:30 | owner=県
10,群馬県,10201,前橋市,,ぐんま男女共同参画センター,,,,群馬県前橋市大手町1-13-12,,,,,,,,,,,no,yes,,,,,,,,,,,,,,,,,,,,ostomate_universal_sheet_list,群馬県 オストメイト対応トイレ・ユニバーサルシート設置施設一覧,https://www.pref.gunma.jp/site/fukushinomachi/3013.html,2025,6,ostomate_location=1階,phone=027-224-2211 | opening_hours=8:45～17:00 | owner=県
10,群馬県,10201,前橋市,,群馬県前橋合同庁舎,,,,群馬県前橋市上細井町2142-1,,,,,,,,,,,no,yes,,,,,,,,,,,,,,,,,,,,ostomate_universal_sheet_list,群馬県 オストメイト対応トイレ・ユニバーサルシート設置施設一覧,https://www.pref.gunma.jp/site/fukushinomachi/3013.html,2025,7,ostomate_location=1階、2階,phone=027-231-2765 | opening_hours=8:30～17:15 | owner=県 | department=前橋行政県税事務所
10,群馬県,10201,前橋市,,群馬県社会福祉総合センター,,,,群馬県前橋市新前橋町13-12,,,,,,,,,,,yes,yes,,,,,,,,,,,,,,,,,,,,ostomate_universal_sheet_list,群馬県 オストメイト対応トイレ・ユニバーサルシート設置施設一覧,https://www.pref.gunma.jp/site/fukushinomachi/3013.html,2025,8,ostomate_location=地下1階 | universal_sheet_location=3階、7階,phone=027-255-6270 | opening_hours=9:00～21:00 | owner=県
10,群馬県,10201,前橋市,,総合スポーツセンター,,,,前橋市関根町800,,,,,,,,,,,no,yes,,,,,,,,,,,,,,,,,,,,ostomate_universal_sheet_list,群馬県 オストメイト対応トイレ・ユニバーサルシート設置施設一覧,https://www.pref.gunma.jp/site/fukushinomachi/3013.html,2025,9,ostomate_location=1階（アーチェリー場）,phone=027-234-1200 | opening_hours=9:00～21:00 | owner=県
10,群馬県,10201,前橋市,,敷島公園（陸上競技場メインスタンド）,,,,群馬県前橋市敷島町66,,,,,,,,,,,no,yes,,,,,,,,,,,,,,,,,,,,ostomate_universal_sheet_list,群馬県 オストメイト対応トイレ・ユニバーサルシート設置施設一覧,https://www.pref.gunma.jp/site/fukushinomachi/3013.html,2025,10,ostomate_location=1階（審判更衣室トイレ）,phone=027-234-9338 | opening_hours=8:30～21:00 | owner=県 | 大会利用時のみ
10,群馬県,10201,前橋市,,敷島公園（陸上競技場メインスタンド）,,,,群馬県前橋市敷島町66,,,,,,,,,,,no,yes,,,,,,,,,,,,,,,,,,,,ostomate_universal_sheet_list,群馬県 オストメイト対応トイレ・ユニバーサルシート設置施設一覧,https://www.pref.gunma.jp/site/fukushinomachi/3013.html,2025,11,ostomate_location=1階（多目的トイレ（室内南側））,phone=027-234-9338 | opening_hours=8:30～21:00 | owner=県 | 大会利用時のみ
10,群馬県,10201,前橋市,,敷島公園（陸上競技場メインスタンド）,,,,群馬県前橋市敷島町66,,,,,,,,,,,no,yes,,,,,,,,,,,,,,,,,,,,ostomate_universal_sheet_list,群馬県 オストメイト対応トイレ・ユニバーサルシート設置施設一覧,https://www.pref.gunma.jp/site/fukushinomachi/3013.html,2025,12,ostomate_location=1階（多目的トイレ（屋外南側））,phone=027-234-9338 | opening_hours=8:30～21:00 | owner=県 | 大会利用時のみ
10,群馬県,10201,前橋市,,敷島公園（陸上競技場バックスタンド）,,,,群馬県前橋市敷島町66,,,,,,,,,,,yes,yes,,,,,,,,,,,,,,,,,,,,ostomate_universal_sheet_list,群馬県 オストメイト対応トイレ・ユニバーサルシート設置施設一覧,https://www.pref.gunma.jp/site/fukushinomachi/3013.html,2025,13,ostomate_location=1階（多目的トイレ） | universal_sheet_location=1階（多目的トイレ）,phone=027-234-9338 | opening_hours=8:30～21:00 | owner=県 | 大会利用時のみ
10,群馬県,10201,前橋市,,敷島公園（陸上競技場北サイドスタンド）,,,,群馬県前橋市敷島町66,,,,,,,,,,,no,yes,,,,,,,,,,,,,,,,,,,,ostomate_universal_sheet_list,群馬県 オストメイト対応トイレ・ユニバーサルシート設置施設一覧,https://www.pref.gunma.jp/site/fukushinomachi/3013.html,2025,14,ostomate_location=1階（多目的トイレ）,phone=027-234-9338 | opening_hours=8:30～21:00 | owner=県 | 大会利用時のみ
10,群馬県,10201,前橋市,,敷島公園（陸上競技場南サイドスタンド）,,,,群馬県前橋市敷島町66,,,,,,,,,,,no,yes,,,,,,,,,,,,,,,,,,,,ostomate_universal_sheet_list,群馬県 オストメイト対応トイレ・ユニバーサルシート設置施設一覧,https://www.pref.gunma.jp/site/fukushinomachi/3013.html,2025,15,ostomate_location=1階（多目的トイレ）,phone=027-234-9338 | opening_hours=8:30～21:00 | owner=県 | 大会利用時のみ
10,群馬県,10201,前橋市,,敷島公園（野球場内野スタンド）,,,,群馬県前橋市敷島町66,,,,,,,,,,,no,yes,,,,,,,,,,,,,,,,,,,,ostomate_universal_sheet_list,群馬県 オストメイト対応トイレ・ユニバーサルシート設置施設一覧,https://www.pref.gunma.jp/site/fukushinomachi/3013.html,2025,16,ostomate_location=1階（１塁側多目的トイレ）,phone=027-234-9338 | opening_hours=8:30～21:00 | owner=県 | 大会利用時のみ
10,群馬県,10201,前橋市,,敷島公園（野球場内野スタンド）,,,,群馬県前橋市敷島町66,,,,,,,,,,,no,yes,,,,,,,,,,,,,,,,,,,,ostomate_universal_sheet_list,群馬県 オストメイト対応トイレ・ユニバーサルシート設置施設一覧,https://www.pref.gunma.jp/site/fukushinomachi/3013.html,2025,17,ostomate_location=1階（３塁側多目的トイレ）,phone=027-234-9338 | opening_hours=8:30～21:00 | owner=県 | 大会利用時のみ
10,群馬県,10201,前橋市,,敷島公園（野球場外野スタンドＬゲート側）,,,,群馬県前橋市敷島町66,,,,,,,,,,,no,yes,,,,,,,,,,,,,,,,,,,,ostomate_universal_sheet_list,群馬県 オストメイト対応トイレ・ユニバーサルシート設置施設一覧,https://www.pref.gunma.jp/site/fukushinomachi/3013.html,2025,18,ostomate_location=1階（男性多目的トイレ）,phone=027-234-9338 | opening_hours=8:30～21:00 | owner=県 | 大会利用時のみ
10,群馬県,10201,前橋市,,敷島公園（野球場外野スタンドＬゲート側）,,,,群馬県前橋市敷島町66,,,,,,,,,,,no,yes,,,,,,,,,,,,,,,,,,,,ostomate_universal_sheet_list,群馬県 オストメイト対応トイレ・ユニバーサルシート設置施設一覧,https://www.pref.gunma.jp/site/fukushinomachi/3013.html,2025,19,ostomate_location=1階（女性多目的トイレ）,phone=027-234-9338 | opening_hours=8:30～21:00 | owner=県 | 大会利用時のみ
10,群馬県,10201,前橋市,,敷島公園（管理棟）,,,,群馬県前橋市敷島町66,,,,,,,,,,,no,yes,,,,,,,,,,,,,,,,,,,,ostomate_universal_sheet_list,群馬県 オストメイト対応トイレ・ユニバーサルシート設置施設一覧,https://www.pref.gunma.jp/site/fukushinomachi/3013.html,2025,20,ostomate_location=1階（多目的トイレ）,phone=027-234-9338 | opening_hours=8:30～17:00 | owner=県
10,群馬県,10201,前橋市,,群馬県馬事公苑,,,,群馬県前橋市富士見町小暮2425,,,,,,,,,,,yes,yes,,,,,,,,,,,,,,,,,,,,ostomate_universal_sheet_list,群馬県 オストメイト対応トイレ・ユニバーサルシート設置施設一覧,https://www.pref.gunma.jp/site/fukushinomachi/3013.html,2025,21,ostomate_location=室内乗馬施設の隣 | universal_sheet_location=室内乗馬施設の隣,phone=027-288-7002 | opening_hours=8:30～17:15 | owner=県 | 汚物流しにシャワーがありません。車は横付けできません。トイレに行くまでに、馬のそばを通ったり、馬糞が落ちている場合があります。足もとが悪い箇所があります。
10,群馬県,10201,前橋市,,前橋市本庁舎,,,,群馬県前橋市大手町2-12-1,,,,,,,,,,,no,yes,,,,,,,,,,,,,,,,,,,,ostomate_universal_sheet_list,群馬県 オストメイト対応トイレ・ユニバーサルシート設置施設一覧,https://www.pref.gunma.jp/site/fukushinomachi/3013.html,2025,22,ostomate_location=1階,phone=027-898-6653 | opening_hours=8:30～17:15 | owner=前橋市
10,群馬県,10201,前橋市,,前橋市議会庁舎,,,,群馬県前橋市大手町2-33-1,,,,,,,,,,,no,yes,,,,,,,,,,,,,,,,,,,,ostomate_universal_sheet_list,群馬県 オストメイト対応トイレ・ユニバーサルシート設置施設一覧,https://www.pref.gunma.jp/site/fukushinomachi/3013.html,2025,23,ostomate_location=1階,phone=027-898-6653 | opening_hours=8:30～17:15 | owner=前橋市
10,群馬県,10201,前橋市,,前橋市大胡支所,,,,群馬県前橋市堀越町1115-1,,,,,,,,,,,no,yes,,,,,,,,,,,,,,,,,,,,ostomate_universal_sheet_list,群馬県 オストメイト対応トイレ・ユニバーサルシート設置施設一覧,https://www.pref.gunma.jp/site/fukushinomachi/3013.html,2025,24,ostomate_location=1階,phone=027-283-1111 | opening_hours=8:30～17:15 | owner=前橋市 | 土日・祝日除く
10,群馬県,10201,前橋市,,アーツ前橋,,,,群馬県前橋市千代田町5-1-16,,,,,,,,,,,no,yes,,,,,,,,,,,,,,,,,,,,ostomate_universal_sheet_list,群馬県 オストメイト対応トイレ・ユニバーサルシート設置施設一覧,https://www.pref.gunma.jp/site/fukushinomachi/3013.html,2025,25,ostomate_location=1階、地下1階,phone=027-230-1144 | opening_hours=10:00～18:00 | owner=前橋市
10,群馬県,10201,前橋市,,大渡体育館,,,,群馬県前橋市大渡町2-3-11,,,,,,,,,,,no,yes,,,,,,,,,,,,,,,,,,,,ostomate_universal_sheet_list,群馬県 オストメイト対応トイレ・ユニバーサルシート設置施設一覧,https://www.pref.gunma.jp/site/fukushinomachi/3013.html,2025,26,ostomate_location=1階,phone=027-253-7811 | opening_hours=9:00～21:00 | owner=前橋市
10,群馬県,10201,前橋市,,前橋市民体育館,,,,群馬県前橋市上佐鳥町460-7,,,,,,,,,,,yes,yes,,,,,,,,,,,,,,,,,,,,ostomate_universal_sheet_list,群馬県 オストメイト対応トイレ・ユニバーサルシート設置施設一覧,https://www.pref.gunma.jp/site/fukushinomachi/3013.html,2025,27,ostomate_location=1階 | universal_sheet_location=1階,phone=027-265-0900 | opening_hours=9:00～21:00 | owner=前橋市
10,群馬県,10201,前橋市,,日吉体育館,,,,群馬県前橋市日吉町2-17-12,,,,,,,,,,,no,yes,,,,,,,,,,,,,,,,,,,,ostomate_universal_sheet_list,群馬県 オストメイト対応トイレ・ユニバーサルシート設置施設一覧,https://www.pref.gunma.jp/site/fukushinomachi/3013.html,2025,28,ostomate_location=1階,phone=027-231-1155 | opening_hours=9:00～21:00 | owner=前橋市
10,群馬県,10201,前橋市,,道の駅「まえばし赤城」,,,,群馬県前橋市田口町36番地,,,,,,,,,,,yes,yes,,,,,,,,,,,,,,,,,,,,ostomate_universal_sheet_list,群馬県 オストメイト対応トイレ・ユニバーサルシート設置施設一覧,https://www.pref.gunma.jp/site/fukushinomachi/3013.html,2025,29,ostomate_location=トイレ棟、ラウンジ1、2階 | universal_sheet_location=トイレ棟,"phone=027-233-0070 | opening_hours=トイレ棟は24時間
ラウンジ内トイレは
9時から21時まで使用可 | owner=前橋市"
10,群馬県,10201,前橋市,,前橋市ひろせ老人福祉センター,,,,群馬県前橋市広瀬町二丁目16,,,,,,,,,,,no,yes,,,,,,,,,,,,,,,,,,,,ostomate_universal_sheet_list,群馬県 オストメイト対応トイレ・ユニバーサルシート設置施設一覧,https://www.pref.gunma.jp/site/fukushinomachi/3013.html,2025,30,ostomate_location=1階,phone=027-261-0880 | opening_hours=9:30～17:00 | owner=前橋市
10,群馬県,10201,前橋市,,前橋市しきしま老人福祉センター,,,,群馬県前橋市荒牧町1154-1,,,,,,,,,,,no,yes,,,,,,,,,,,,,,,,,,,,ostomate_universal_sheet_list,群馬県 オストメイト対応トイレ・ユニバーサルシート設置施設一覧,https://www.pref.gunma.jp/site/fukushinomachi/3013.html,2025,31,ostomate_location=1階,phone=027-233-2121 | opening_hours=9:30～17:00 | owner=前橋市
10,群馬県,10201,前橋市,,前橋市障害者教養文化体育施設,,,,群馬県前橋市上佐鳥町539-2,,,,,,,,,,,no,yes,,,,,,,,,,,,,,,,,,,,ostomate_universal_sheet_list,群馬県 オストメイト対応トイレ・ユニバーサルシート設置施設一覧,https://www.pref.gunma.jp/site/fukushinomachi/3013.html,2025,32,ostomate_location=1階,"phone=027-265-4125 | opening_hours=10:00～21:00（平日及び土曜日）
9:00～17:00（日曜日及び祝日） | owner=前橋市"
10,群馬県,10201,前橋市,,前橋市総合福祉会館,,,,群馬県前橋市日吉町2-17-10,,,,,,,,,,,yes,yes,,,,,,,,,,,,,,,,,,,,ostomate_universal_sheet_list,群馬県 オストメイト対応トイレ・ユニバーサルシート設置施設一覧,https://www.pref.gunma.jp/site/fukushinomachi/3013.html,2025,33,ostomate_location=1階 | universal_sheet_location=1階、2階、3階,phone=027-237-0101 | opening_hours=9:00～22:00 | owner=前橋市
10,群馬県,10201,前橋市,,前橋市保健所,,,,群馬県前橋市朝日町3-36-17,,,,,,,,,,,no,yes,,,,,,,,,,,,,,,,,,,,ostomate_universal_sheet_list,群馬県 オストメイト対応トイレ・ユニバーサルシート設置施設一覧,https://www.pref.gunma.jp/site/fukushinomachi/3013.html,2025,34,ostomate_location=1階,phone=027-220-5781 | opening_hours=8:30～17:15 | owner=前橋市
10,群馬県,10201,前橋市,,保健センター,,,,群馬県前橋市朝日町三丁目36-17,,,,,,,,,,,no,yes,,,,,,,,,,,,,,,,,,,,ostomate_universal_sheet_list,群馬県 オストメイト対応トイレ・ユニバーサルシート設置施設一覧,https://www.pref.gunma.jp/site/fukushinomachi/3013.html,2025,35,ostomate_location=4階,phone=027-220-5783 | opening_hours=8:30～17:15 | owner=前橋市
10,群馬県,10201,前橋市,,ＪＲ前橋駅公衆便所,,,,群馬県前橋市表町315-1,,,,,,,,,,,no,yes,,,,,,,,,,,,,,,,,,,,ostomate_universal_sheet_list,群馬県 オストメイト対応トイレ・ユニバーサルシート設置施設一覧,https://www.pref.gunma.jp/site/fukushinomachi/3013.html,2025,36,ostomate_location=1階,opening_hours=24時間 | owner=前橋市
10,群馬県,10201,前橋市,,前橋プラザ元気２１,,,,群馬県前橋市本町2-12-1,,,,,,,,,,,no,yes,,,,,,,,,,,,,,,,,,,,ostomate_universal_sheet_list,群馬県 オストメイト対応トイレ・ユニバーサルシート設置施設一覧,https://www.pref.gunma.jp/site/fukushinomachi/3013.html,2025,37,ostomate_location=1階、地下1階,phone=027-210-2273 | opening_hours=8:30～22:00 | owner=前橋市
10,群馬県,10201,前橋市,,前橋プラザ元気２１（プレイルーム）,,,,群馬県前橋市本町2-12-1,,,,,,,,,,,no,yes,,,,,,,,,,,,,,,,,,,,ostomate_universal_sheet_list,群馬県 オストメイト対応トイレ・ユニバーサルシート設置施設一覧,https://www.pref.gunma.jp/site/fukushinomachi/3013.html,2025,38,ostomate_location=2階,phone=027-210-2258 | opening_hours=10:00～18:00 | owner=前橋市
10,群馬県,10201,前橋市,,前橋プラザ元気２１（中央公民館）,,,,群馬県前橋市本町2-12-1,,,,,,,,,,,no,yes,,,,,,,,,,,,,,,,,,,,ostomate_universal_sheet_list,群馬県 オストメイト対応トイレ・ユニバーサルシート設置施設一覧,https://www.pref.gunma.jp/site/fukushinomachi/3013.html,2025,39,ostomate_location=3階～5階,phone=027-210-2199 | opening_hours=8:30～22:00 | owner=前橋市
10,群馬県,10201,前橋市,,日本トーターグリーンドーム前橋（前橋競輪場）,,,,群馬県前橋市岩神町1-2-1,,,,,,,,,,,no,yes,,,,,,,,,,,,,,,,,,,,ostomate_universal_sheet_list,群馬県 オストメイト対応トイレ・ユニバーサルシート設置施設一覧,https://www.pref.gunma.jp/site/fukushinomachi/3013.html,2025,40,ostomate_location=2階,phone=027-235-2000 | opening_hours=10:00～16:30 | owner=前橋市 | 利用可能時間は各種イベント及び競輪開催時間に準ずる
10,群馬県,10201,前橋市,,荻窪公園,,,,群馬県前橋市荻窪町530-1,,,,,,,,,,,no,yes,,,,,,,,,,,,,,,,,,,,ostomate_universal_sheet_list,群馬県 オストメイト対応トイレ・ユニバーサルシート設置施設一覧,https://www.pref.gunma.jp/site/fukushinomachi/3013.html,2025,41,ostomate_location=管理センター,phone=027-269-0979 | opening_hours=8:30～15:00 | owner=前橋市
10,群馬県,10201,前橋市,,前橋公園,,,,群馬県前橋市大手町三丁目16-3,,,,,,,,,,,no,yes,,,,,,,,,,,,,,,,,,,,ostomate_universal_sheet_list,群馬県 オストメイト対応トイレ・ユニバーサルシート設置施設一覧,https://www.pref.gunma.jp/site/fukushinomachi/3013.html,2025,42,ostomate_location=管理センター,phone=027-231-0002 | opening_hours=8:30～17:00 | owner=前橋市
10,群馬県,10201,前橋市,,中央児童遊園,,,,群馬県前橋市大手町三丁目16-3,,,,,,,,,,,yes,no,,,,,,,,,,,,,,,,,,,,ostomate_universal_sheet_list,群馬県 オストメイト対応トイレ・ユニバーサルシート設置施設一覧,https://www.pref.gunma.jp/site/fukushinomachi/3013.html,2025,43,universal_sheet_location=公衆トイレ,"phone=027-231-6774 | opening_hours=3/1~7/19、9/1~10/31：9:30~17:00
7/20~8/31：9:30~18:00
11/1~2/28：9:30~16:00 | owner=前橋市"
10,群馬県,10201,前橋市,,前橋市東公民館,,,,群馬県前橋市箱田町543-1,,,,,,,,,,,no,yes,,,,,,,,,,,,,,,,,,,,ostomate_universal_sheet_list,群馬県 オストメイト対応トイレ・ユニバーサルシート設置施設一覧,https://www.pref.gunma.jp/site/fukushinomachi/3013.html,2025,44,ostomate_location=1階,phone=027-251-2598 | opening_hours=8:30～17:15 | owner=前橋市 | 土日・祝日除く
10,群馬県,10201,前橋市,,前橋市元総社公民館,,,,群馬県前橋市元総社町3-1-1,,,,,,,,,,,yes,no,,,,,,,,,,,,,,,,,,,,ostomate_universal_sheet_list,群馬県 オストメイト対応トイレ・ユニバーサルシート設置施設一覧,https://www.pref.gunma.jp/site/fukushinomachi/3013.html,2025,45,universal_sheet_location=1階,phone=027-251-2243 | opening_hours=8:30～17:15 | owner=前橋市 | 土日・祝日除く
10,群馬県,10201,前橋市,,前橋市総社公民館,,,,群馬県前橋市総社町総社1583-2,,,,,,,,,,,yes,no,,,,,,,,,,,,,,,,,,,,ostomate_universal_sheet_list,群馬県 オストメイト対応トイレ・ユニバーサルシート設置施設一覧,https://www.pref.gunma.jp/site/fukushinomachi/3013.html,2025,46,universal_sheet_location=1階,phone=027-251-4933 | opening_hours=8:30～17:15 | owner=前橋市 | 土日・祝日除く
10,群馬県,10201,前橋市,,前橋市南橘公民館,,,,群馬県前橋市日輪寺町158,,,,,,,,,,,no,yes,,,,,,,,,,,,,,,,,,,,ostomate_universal_sheet_list,群馬県 オストメイト対応トイレ・ユニバーサルシート設置施設一覧,https://www.pref.gunma.jp/site/fukushinomachi/3013.html,2025,47,ostomate_location=1階,phone=027-231-2376 | opening_hours=8:30～17:15 | owner=前橋市 | 土日・祝日除く
10,群馬県,10201,前橋市,,前橋市富士見公民館,,,,群馬県前橋市富士見町田島866-1,,,,,,,,,,,no,yes,,,,,,,,,,,,,,,,,,,,ostomate_universal_sheet_list,群馬県 オストメイト対応トイレ・ユニバーサルシート設置施設一覧,https://www.pref.gunma.jp/site/fukushinomachi/3013.html,2025,48,ostomate_location=1階,phone=027-288-6111 | opening_hours=8:30～17:15 | owner=前橋市 | 土日・祝日除く
10,群馬県,10201,前橋市,,前橋市第一コミュニティセンター,,,,群馬県前橋市大手町2-16-4,,,,,,,,,,,no,yes,,,,,,,,,,,,,,,,,,,,ostomate_universal_sheet_list,群馬県 オストメイト対応トイレ・ユニバーサルシート設置施設一覧,https://www.pref.gunma.jp/site/fukushinomachi/3013.html,2025,49,ostomate_location=1階,phone=027-289-4951 | opening_hours=9:00～18:30 | owner=前橋市
10,群馬県,10201,前橋市,,前橋市永明公民館,,,,前橋市上大島町930,,,,,,,,,,,yes,yes,,,,,,,,,,,,,,,,,,,,ostomate_universal_sheet_list,群馬県 オストメイト対応トイレ・ユニバーサルシート設置施設一覧,https://www.pref.gunma.jp/site/fukushinomachi/3013.html,2025,50,ostomate_location=1階 | universal_sheet_location=1階,phone=027-261-1550 | opening_hours=8:30～17:15 | owner=前橋市 | 土日・祝日除く
10,群馬県,10201,前橋市,,前橋市児童文化センター,,,,群馬県前橋市西片貝町5-8,,,,,,,,,,,no,yes,,,,,,,,,,,,,,,,,,,,ostomate_universal_sheet_list,群馬県 オストメイト対応トイレ・ユニバーサルシート設置施設一覧,https://www.pref.gunma.jp/site/fukushinomachi/3013.html,2025,51,ostomate_location=1階,phone=027-224-2548 | opening_hours=9:00～16:30 | owner=前橋市 | 月曜日・第２木曜日休館
10,群馬県,10201,前橋市,,まえばし医療センター,,,,群馬県前橋市朝日町3-21-13,,,,,,,,,,,no,yes,,,,,,,,,,,,,,,,,,,,ostomate_universal_sheet_list,群馬県 オストメイト対応トイレ・ユニバーサルシート設置施設一覧,https://www.pref.gunma.jp/site/fukushinomachi/3013.html,2025,52,ostomate_location=1階,"phone=027-220-5792 | opening_hours=20:00～23:00 | owner=前橋市 | 日曜・祝日・年末年始
9：00～16：00"
10,群馬県,10201,前橋市,,敷島公園ばら園,,,,群馬県前橋市敷島町262,,,,,,,,,,,yes,no,,,,,,,,,,,,,,,,,,,,ostomate_universal_sheet_list,群馬県 オストメイト対応トイレ・ユニバーサルシート設置施設一覧,https://www.pref.gunma.jp/site/fukushinomachi/3013.html,2025,53,universal_sheet_location=緑化相談所併設,phone=027-232-2891 | opening_hours=8:30～17:15 | owner=前橋市
10,群馬県,10201,前橋市,,馬場川遊歩道公園,,,,群馬県前橋市千代田町二丁目300-20,,,,,,,,,,,yes,yes,,,,,,,,,,,,,,,,,,,,ostomate_universal_sheet_list,群馬県 オストメイト対応トイレ・ユニバーサルシート設置施設一覧,https://www.pref.gunma.jp/site/fukushinomachi/3013.html,2025,54,ostomate_location=公衆トイレ | universal_sheet_location=公衆トイレ,phone=－ | opening_hours=24時間 | owner=前橋市
10,群馬県,10201,前橋市,,前橋市ローズタウンサッカー場,,,,群馬県前橋市富田町1674-8,,,,,,,,,,,no,yes,,,,,,,,,,,,,,,,,,,,ostomate_universal_sheet_list,群馬県 オストメイト対応トイレ・ユニバーサルシート設置施設一覧,https://www.pref.gunma.jp/site/fukushinomachi/3013.html,2025,55,ostomate_location=1階、2階,phone=027-225-2350 | opening_hours=10:00～21:30 | owner=前橋市
10,群馬県,10201,前橋市,,前橋市消防局西消防署,,,,群馬県前橋市大渡町2-3-5,,,,,,,,,,,yes,yes,,,,,,,,,,,,,,,,,,,,ostomate_universal_sheet_list,群馬県 オストメイト対応トイレ・ユニバーサルシート設置施設一覧,https://www.pref.gunma.jp/site/fukushinomachi/3013.html,2025,56,ostomate_location=1階 | universal_sheet_location=1階,phone=027-255-0119 | opening_hours=常時 | owner=前橋市 | 土日祝日・平日夜間は庁舎入口施錠、災害時職員不在の可能性あり。
10,群馬県,10201,前橋市,,前橋市消防局東消防署,,,,群馬県前橋市樋越町62-1,,,,,,,,,,,no,yes,,,,,,,,,,,,,,,,,,,,ostomate_universal_sheet_list,群馬県 オストメイト対応トイレ・ユニバーサルシート設置施設一覧,https://www.pref.gunma.jp/site/fukushinomachi/3013.html,2025,57,ostomate_location=1階,phone=027-283-5899 | opening_hours=常時 | owner=前橋市 | 土日祝日・平日夜間は庁舎入口施錠、災害時職員不在の可能性あり。
10,群馬県,10201,前橋市,,群馬総社駅,,,,群馬県前橋市総社町植野366,,,,,,,,,,,no,yes,,,,,,,,,,,,,,,,,,,,ostomate_universal_sheet_list,群馬県 オストメイト対応トイレ・ユニバーサルシート設置施設一覧,https://www.pref.gunma.jp/site/fukushinomachi/3013.html,2025,58,ostomate_location=公衆トイレ,phone=027-898-5939 | opening_hours=24時間 | owner=前橋市
10,群馬県,10202,高崎市,,高崎市立中央図書館,,,,群馬県高崎市高松町5-28,,,,,,,,,,,no,yes,,,,,,,,,,,,,,,,,,,,ostomate_universal_sheet_list,群馬県 オストメイト対応トイレ・ユニバーサルシート設置施設一覧,https://www.pref.gunma.jp/site/fukushinomachi/3013.html,2025,59,ostomate_location=5階、6階西側,"phone=027-322-7919 | opening_hours=10:00～20:00（火～金）
10:00～17:00（月、土、日、祝日） | owner=高崎市"
10,群馬県,10202,高崎市,,高崎市立新町図書館,,,,群馬県高崎市新町3126,,,,,,,,,,,no,yes,,,,,,,,,,,,,,,,,,,,ostomate_universal_sheet_list,群馬県 オストメイト対応トイレ・ユニバーサルシート設置施設一覧,https://www.pref.gunma.jp/site/fukushinomachi/3013.html,2025,60,ostomate_location=1階,"phone=0274-42-3100 | opening_hours=10:00～19:00（水～金）
10:00～17:00（月、土、日、祝日） | owner=高崎市"
10,群馬県,10202,高崎市,,高崎市総合保健センター,,,,群馬県高崎市高松町5-28,,,,,,,,,,,yes,yes,,,,,,,,,,,,,,,,,,,,ostomate_universal_sheet_list,群馬県 オストメイト対応トイレ・ユニバーサルシート設置施設一覧,https://www.pref.gunma.jp/site/fukushinomachi/3013.html,2025,61,ostomate_location=1階西側 | universal_sheet_location=1階西側,phone=027-381-6111 | opening_hours=7:30～23:30 | owner=高崎市
10,群馬県,10202,高崎市,,高崎市総合保健センター,,,,群馬県高崎市高松町5-28,,,,,,,,,,,no,yes,,,,,,,,,,,,,,,,,,,,ostomate_universal_sheet_list,群馬県 オストメイト対応トイレ・ユニバーサルシート設置施設一覧,https://www.pref.gunma.jp/site/fukushinomachi/3013.html,2025,62,ostomate_location=2階西側,phone=027-381-6111 | opening_hours=7:30～18:00 | owner=高崎市 | 立体駐車場連絡口閉鎖時間
10,群馬県,10202,高崎市,,高崎市総合保健センター,,,,群馬県高崎市高松町5-28,,,,,,,,,,,no,yes,,,,,,,,,,,,,,,,,,,,ostomate_universal_sheet_list,群馬県 オストメイト対応トイレ・ユニバーサルシート設置施設一覧,https://www.pref.gunma.jp/site/fukushinomachi/3013.html,2025,63,ostomate_location=3階西側,phone=027-381-6111 | opening_hours=7:30～20:00 | owner=高崎市 | 立体駐車場連絡口閉鎖時間
10,群馬県,10202,高崎市,,高崎市総合保健センター,,,,群馬県高崎市高松町5-28,,,,,,,,,,,no,yes,,,,,,,,,,,,,,,,,,,,ostomate_universal_sheet_list,群馬県 オストメイト対応トイレ・ユニバーサルシート設置施設一覧,https://www.pref.gunma.jp/site/fukushinomachi/3013.html,2025,64,ostomate_location=4階西側,phone=027-381-6111 | opening_hours=7:30～18:00 | owner=高崎市 | 立体駐車場連絡口閉鎖時間
10,群馬県,10202,高崎市,,道の駅くらぶち小栗の里,,,,群馬県高崎市三ノ倉296-1,,,,,,,,,,,yes,yes,,,,,,,,,,,,,,,,,,,,ostomate_universal_sheet_list,群馬県 オストメイト対応トイレ・ユニバーサルシート設置施設一覧,https://www.pref.gunma.jp/site/fukushinomachi/3013.html,2025,65,ostomate_location=1階 | universal_sheet_location=1階,phone=027-384-8282 | opening_hours=9:00～18:00 | owner=高崎市
10,群馬県,10202,高崎市,,高崎市市民活動センター,,,,群馬県高崎市足門町1669-2,,,,,,,,,,,yes,yes,,,,,,,,,,,,,,,,,,,,ostomate_universal_sheet_list,群馬県 オストメイト対応トイレ・ユニバーサルシート設置施設一覧,https://www.pref.gunma.jp/site/fukushinomachi/3013.html,2025,66,ostomate_location=1階 | universal_sheet_location=1階,phone=027-329-7114 | opening_hours=9:00～22:00 | owner=高崎市
10,群馬県,10202,高崎市,,高崎市下水道局阿久津水処理センター,,,,群馬県高崎市阿久津町730,,,,,,,,,,,no,yes,,,,,,,,,,,,,,,,,,,,ostomate_universal_sheet_list,群馬県 オストメイト対応トイレ・ユニバーサルシート設置施設一覧,https://www.pref.gunma.jp/site/fukushinomachi/3013.html,2025,67,ostomate_location=多目的グラウンド,phone=027-347-2892 | opening_hours=8:30～17:00 | owner=高崎市
10,群馬県,10202,高崎市,,三ツ寺公園,,,,群馬県高崎市三ツ寺町221,,,,,,,,,,,no,yes,,,,,,,,,,,,,,,,,,,,ostomate_universal_sheet_list,群馬県 オストメイト対応トイレ・ユニバーサルシート設置施設一覧,https://www.pref.gunma.jp/site/fukushinomachi/3013.html,2025,68,ostomate_location=ソフトボール場西北付近,phone=027-373-0818 | opening_hours=24時間 | owner=高崎市
10,群馬県,10202,高崎市,,高崎市教育センター,,,,群馬県高崎市足門町1678-1,,,,,,,,,,,no,yes,,,,,,,,,,,,,,,,,,,,ostomate_universal_sheet_list,群馬県 オストメイト対応トイレ・ユニバーサルシート設置施設一覧,https://www.pref.gunma.jp/site/fukushinomachi/3013.html,2025,69,ostomate_location=2階,phone=027-329-7111 | opening_hours=8:30～17:15 | owner=高崎市
10,群馬県,10202,高崎市,,観音山駐車場上段公衆トイレ,,,,群馬県高崎市石原町2394-3,,,,,,,,,,,no,yes,,,,,,,,,,,,,,,,,,,,ostomate_universal_sheet_list,群馬県 オストメイト対応トイレ・ユニバーサルシート設置施設一覧,https://www.pref.gunma.jp/site/fukushinomachi/3013.html,2025,70,ostomate_location=1階,"phone=なし | opening_hours=24時間 | owner=高崎市 | 管理：高崎市観光課
（027-321-1257）"
10,群馬県,10202,高崎市,,高崎市庁舎,,,,群馬県高崎市高松町35-1,,,,,,,,,,,yes,yes,,,,,,,,,,,,,,,,,,,,ostomate_universal_sheet_list,群馬県 オストメイト対応トイレ・ユニバーサルシート設置施設一覧,https://www.pref.gunma.jp/site/fukushinomachi/3013.html,2025,71,ostomate_location=地下2階 | universal_sheet_location=1階,phone=027-321-1111 | opening_hours=7:30～22:30 | owner=高崎市
10,群馬県,10202,高崎市,,城址公園（もてなし広場）,,,,群馬県高崎市高松町1-1,,,,,,,,,,,no,yes,,,,,,,,,,,,,,,,,,,,ostomate_universal_sheet_list,群馬県 オストメイト対応トイレ・ユニバーサルシート設置施設一覧,https://www.pref.gunma.jp/site/fukushinomachi/3013.html,2025,72,ostomate_location=広場内東側,phone=027-321-1272 | opening_hours=24時間利用可能 | owner=高崎市
10,群馬県,10202,高崎市,,八幡霊園,,,,群馬県高崎市若田町470,,,,,,,,,,,no,yes,,,,,,,,,,,,,,,,,,,,ostomate_universal_sheet_list,群馬県 オストメイト対応トイレ・ユニバーサルシート設置施設一覧,https://www.pref.gunma.jp/site/fukushinomachi/3013.html,2025,73,ostomate_location=八幡霊園管理事務所内,phone=027-343-3000 | opening_hours=24時間利用可能 | owner=高崎市
10,群馬県,10202,高崎市,,下之城公園,,,,群馬県高崎市下之城地内,,,,,,,,,,,no,yes,,,,,,,,,,,,,,,,,,,,ostomate_universal_sheet_list,群馬県 オストメイト対応トイレ・ユニバーサルシート設置施設一覧,https://www.pref.gunma.jp/site/fukushinomachi/3013.html,2025,74,ostomate_location=公園内北側,phone=027-321-1272 | opening_hours=24時間利用可能 | owner=高崎市
10,群馬県,10202,高崎市,,観音山公園,,,,群馬県高崎市石原町2740-2,,,,,,,,,,,no,yes,,,,,,,,,,,,,,,,,,,,ostomate_universal_sheet_list,群馬県 オストメイト対応トイレ・ユニバーサルシート設置施設一覧,https://www.pref.gunma.jp/site/fukushinomachi/3013.html,2025,75,ostomate_location=観音山公園第一駐車場北側,phone=027-386-9005 | opening_hours=24時間利用可能 | owner=高崎市
10,群馬県,10202,高崎市,,高崎アリーナ,,,,群馬県高崎市下和田町4-1-18,,,,,,,,,,,yes,yes,,,,,,,,,,,,,,,,,,,,ostomate_universal_sheet_list,群馬県 オストメイト対応トイレ・ユニバーサルシート設置施設一覧,https://www.pref.gunma.jp/site/fukushinomachi/3013.html,2025,76,ostomate_location=1階、2階、地下1階 | universal_sheet_location=1階、2階,phone=027-329-5447 | opening_hours=8:30～21:30 | owner=高崎市
10,群馬県,10202,高崎市,,高崎市ソフトボール場,,,,群馬県高崎市井出町926-2,,,,,,,,,,,no,yes,,,,,,,,,,,,,,,,,,,,ostomate_universal_sheet_list,群馬県 オストメイト対応トイレ・ユニバーサルシート設置施設一覧,https://www.pref.gunma.jp/site/fukushinomachi/3013.html,2025,77,ostomate_location=1階1塁側、2塁側,phone=027-393-6571 | opening_hours=9:00～17:00 | owner=高崎市
10,群馬県,10202,高崎市,,清水善造メモリアルテニスコート,,,,群馬県高崎市井出町903-1,,,,,,,,,,,yes,yes,,,,,,,,,,,,,,,,,,,,ostomate_universal_sheet_list,群馬県 オストメイト対応トイレ・ユニバーサルシート設置施設一覧,https://www.pref.gunma.jp/site/fukushinomachi/3013.html,2025,78,ostomate_location=1階 | universal_sheet_location=1階,"phone=027-393-6441 | opening_hours=8:30～21:00
8:30～17:00（土、日、休日） | owner=高崎市"
10,群馬県,10202,高崎市,,浜川競技場,,,,群馬県高崎市浜川町1486,,,,,,,,,,,no,yes,,,,,,,,,,,,,,,,,,,,ostomate_universal_sheet_list,群馬県 オストメイト対応トイレ・ユニバーサルシート設置施設一覧,https://www.pref.gunma.jp/site/fukushinomachi/3013.html,2025,79,ostomate_location=サブアリーナ内,phone=027-344-1855 | opening_hours=8:00～17:00 | owner=高崎市
10,群馬県,10202,高崎市,,金古運動運動広場,,,,群馬県高崎市金古町999-1,,,,,,,,,,,no,yes,,,,,,,,,,,,,,,,,,,,ostomate_universal_sheet_list,群馬県 オストメイト対応トイレ・ユニバーサルシート設置施設一覧,https://www.pref.gunma.jp/site/fukushinomachi/3013.html,2025,80,ostomate_location=スタンド1F中央,phone=027-372-9340 | opening_hours=8:00～17:00 | owner=高崎市
10,群馬県,10202,高崎市,,吉井中央公園,,,,群馬県高崎市吉井町下長根50-1,,,,,,,,,,,,yes,,,,,,,,,,,,,,,,,,,,ostomate_universal_sheet_list,群馬県 オストメイト対応トイレ・ユニバーサルシート設置施設一覧,https://www.pref.gunma.jp/site/fukushinomachi/3013.html,2025,81,ostomate_location=公園内,phone=027-386-4530 | opening_hours=なし | owner=高崎市
10,群馬県,10202,高崎市,,高崎駅,,,,群馬県高崎市八島町223-2,,,,,,,,,,,no,yes,,,,,,,,,,,,,,,,,,,,ostomate_universal_sheet_list,群馬県 オストメイト対応トイレ・ユニバーサルシート設置施設一覧,https://www.pref.gunma.jp/site/fukushinomachi/3013.html,2025,82,ostomate_location=1階,phone=なし | opening_hours=終日 | owner=高崎市 | 管理：高崎市道路維持課（027-321-1268）
10,群馬県,10202,高崎市,,高崎芸術劇場,,,,群馬県高崎市栄町9-1,,,,,,,,,,,yes,yes,,,,,,,,,,,,,,,,,,,,ostomate_universal_sheet_list,群馬県 オストメイト対応トイレ・ユニバーサルシート設置施設一覧,https://www.pref.gunma.jp/site/fukushinomachi/3013.html,2025,83,ostomate_location=1階、2階、3階、4階、5階 | universal_sheet_location=1階、2階、3階、4階、5階,phone=027-321-7301 | opening_hours=9:00～22:00 | owner=高崎市 | 5階は開放不定期
10,群馬県,10202,高崎市,,群馬音楽センター,,,,群馬県高崎市高松町28,,,,,,,,,,,no,yes,,,,,,,,,,,,,,,,,,,,ostomate_universal_sheet_list,群馬県 オストメイト対応トイレ・ユニバーサルシート設置施設一覧,https://www.pref.gunma.jp/site/fukushinomachi/3013.html,2025,84,ostomate_location=1階,phone=027-322-4527 | opening_hours=8:30～17:15 | owner=高崎市
10,群馬県,10202,高崎市,,高崎市文化会館,,,,群馬県高崎市末広町23-1,,,,,,,,,,,no,yes,,,,,,,,,,,,,,,,,,,,ostomate_universal_sheet_list,群馬県 オストメイト対応トイレ・ユニバーサルシート設置施設一覧,https://www.pref.gunma.jp/site/fukushinomachi/3013.html,2025,85,ostomate_location=1階,phone=027-325-0681 | opening_hours=8:30～17:15 | owner=高崎市
10,群馬県,10202,高崎市,,高崎シティギャラリー,,,,群馬県高崎市高松町35-1,,,,,,,,,,,no,yes,,,,,,,,,,,,,,,,,,,,ostomate_universal_sheet_list,群馬県 オストメイト対応トイレ・ユニバーサルシート設置施設一覧,https://www.pref.gunma.jp/site/fukushinomachi/3013.html,2025,86,ostomate_location=1階、2階,phone=027-328-5050 | opening_hours=8:30～17:15 | owner=高崎市
10,群馬県,10202,高崎市,,高崎市美術館,,,,群馬県高崎市八島町110-27,,,,,,,,,,,yes,yes,,,,,,,,,,,,,,,,,,,,ostomate_universal_sheet_list,群馬県 オストメイト対応トイレ・ユニバーサルシート設置施設一覧,https://www.pref.gunma.jp/site/fukushinomachi/3013.html,2025,87,ostomate_location=1階 | universal_sheet_location=1階,phone=027-324-6125 | opening_hours=10:00～18:00 | owner=高崎市 | 金曜日の利用可能時間は10:00～20:00
10,群馬県,10202,高崎市,,高崎市総合福祉センター,,,,群馬県高崎市末広町115-1,,,,,,,,,,,yes,yes,,,,,,,,,,,,,,,,,,,,ostomate_universal_sheet_list,群馬県 オストメイト対応トイレ・ユニバーサルシート設置施設一覧,https://www.pref.gunma.jp/site/fukushinomachi/3013.html,2025,88,ostomate_location=1階、2階、3階 | universal_sheet_location=1階（故障中）、2階、3階,phone=027-370-8822 | opening_hours=9:00～22:00 | owner=高崎市 | 1階のユニバーサルシート故障中
10,群馬県,10202,高崎市,,高崎市倉渕福祉センター,,,,群馬県高崎市倉渕町岩氷19-1,,,,,,,,,,,yes,yes,,,,,,,,,,,,,,,,,,,,ostomate_universal_sheet_list,群馬県 オストメイト対応トイレ・ユニバーサルシート設置施設一覧,https://www.pref.gunma.jp/site/fukushinomachi/3013.html,2025,89,ostomate_location=1階 | universal_sheet_location=1階,phone=027-378-3440 | opening_hours=10:00～17:00 | owner=高崎市
10,群馬県,10202,高崎市,,高崎市群馬福祉会館,,,,群馬県高崎市棟高町977-1,,,,,,,,,,,no,yes,,,,,,,,,,,,,,,,,,,,ostomate_universal_sheet_list,群馬県 オストメイト対応トイレ・ユニバーサルシート設置施設一覧,https://www.pref.gunma.jp/site/fukushinomachi/3013.html,2025,90,ostomate_location=1階、2階,phone=027-350-3200 | opening_hours=8:30～21:00 | owner=高崎市 | 汚物流しにシャワーなし
10,群馬県,10202,高崎市,,高崎市榛名福祉会館,,,,群馬県高崎市下室田町900-4,,,,,,,,,,,no,yes,,,,,,,,,,,,,,,,,,,,ostomate_universal_sheet_list,群馬県 オストメイト対応トイレ・ユニバーサルシート設置施設一覧,https://www.pref.gunma.jp/site/fukushinomachi/3013.html,2025,91,ostomate_location=1階,phone=027-340-5350 | opening_hours=9:00～19:00（火~金）9:00～17:00（土～月） | owner=高崎市
10,群馬県,10202,高崎市,,高崎市福祉会館内榛名地域活動支援センター,,,,群馬県高崎市下室田町900-4,,,,,,,,,,,yes,no,,,,,,,,,,,,,,,,,,,,ostomate_universal_sheet_list,群馬県 オストメイト対応トイレ・ユニバーサルシート設置施設一覧,https://www.pref.gunma.jp/site/fukushinomachi/3013.html,2025,92,universal_sheet_location=1階,phone=027-374-4895 | opening_hours=9:00～19:00（火~金）9:00～17:00（土～月） | owner=高崎市
10,群馬県,10202,高崎市,,高崎市吉井福祉センター,,,,群馬県高崎市吉井町吉井495,,,,,,,,,,,yes,yes,,,,,,,,,,,,,,,,,,,,ostomate_universal_sheet_list,群馬県 オストメイト対応トイレ・ユニバーサルシート設置施設一覧,https://www.pref.gunma.jp/site/fukushinomachi/3013.html,2025,93,ostomate_location=1階、2階 | universal_sheet_location=1階,phone=027-381-8330 | opening_hours=9:00～17:00 | owner=高崎市 | 2階多目的トイレにはオムツ交換台付き
10,群馬県,10202,高崎市,,高崎市シルバーセンター田町,,,,群馬県高崎市田町71　オアシス高崎1階,,,,,,,,,,,no,yes,,,,,,,,,,,,,,,,,,,,ostomate_universal_sheet_list,群馬県 オストメイト対応トイレ・ユニバーサルシート設置施設一覧,https://www.pref.gunma.jp/site/fukushinomachi/3013.html,2025,94,ostomate_location=1階,phone=027-393-6105 | opening_hours=9:00～17:00 | owner=高崎市 | オムツ交換台付き
10,群馬県,10202,高崎市,,高浜長寿センター,,,,群馬県高崎市高浜町351,,,,,,,,,,,no,yes,,,,,,,,,,,,,,,,,,,,ostomate_universal_sheet_list,群馬県 オストメイト対応トイレ・ユニバーサルシート設置施設一覧,https://www.pref.gunma.jp/site/fukushinomachi/3013.html,2025,95,ostomate_location=1階,phone=027-344-2255 | opening_hours=10:00～19:00 | owner=高崎市
10,群馬県,10202,高崎市,,新町駅バリアフリートイレ,,,,群馬県新町2150-35,,,,,,,,,,,yes,yes,,,,,,,,,,,,,,,,,,,,ostomate_universal_sheet_list,群馬県 オストメイト対応トイレ・ユニバーサルシート設置施設一覧,https://www.pref.gunma.jp/site/fukushinomachi/3013.html,2025,96,ostomate_location=1階 | universal_sheet_location=1階,phone=なし | opening_hours=24時間利用可能 | owner=高崎市
10,群馬県,10202,高崎市,,新町防災アリーナ,,,,群馬県高崎市新町2330-40,,,,,,,,,,,no,yes,,,,,,,,,,,,,,,,,,,,ostomate_universal_sheet_list,群馬県 オストメイト対応トイレ・ユニバーサルシート設置施設一覧,https://www.pref.gunma.jp/site/fukushinomachi/3013.html,2025,97,ostomate_location=1階,phone=0274-50-8401 | opening_hours=9:00～21:00 | owner=高崎市
10,群馬県,10202,高崎市,,吉井運動公園運動場,,,,群馬県高崎市吉井町池1660,,,,,,,,,,,no,yes,,,,,,,,,,,,,,,,,,,,ostomate_universal_sheet_list,群馬県 オストメイト対応トイレ・ユニバーサルシート設置施設一覧,https://www.pref.gunma.jp/site/fukushinomachi/3013.html,2025,98,ostomate_location=公園内,"phone=027-387-4372
（吉井体育施設管理事務所） | opening_hours=8:30～17:00 | owner=高崎市"
10,群馬県,10202,高崎市,,新町文化ホール,,,,群馬県高崎市新町3190-1,,,,,,,,,,,no,yes,,,,,,,,,,,,,,,,,,,,ostomate_universal_sheet_list,群馬県 オストメイト対応トイレ・ユニバーサルシート設置施設一覧,https://www.pref.gunma.jp/site/fukushinomachi/3013.html,2025,99,ostomate_location=1階,phone=0274-42-9133 | opening_hours=8:30～17:15 | owner=高崎市
10,群馬県,10202,高崎市,,巓嶺ヶ丘花咲く公園,,,,群馬県高崎市上室田町1690-1,,,,,,,,,,,no,yes,,,,,,,,,,,,,,,,,,,,ostomate_universal_sheet_list,群馬県 オストメイト対応トイレ・ユニバーサルシート設置施設一覧,https://www.pref.gunma.jp/site/fukushinomachi/3013.html,2025,100,"ostomate_location=敷地内
しびん洗浄水栓設備のみ",phone=なし | opening_hours=終日 | owner=高崎市 | 管理：エコパーク榛名(027-374-6555)
10,群馬県,10202,高崎市,,榛名体育館,,,,群馬県高崎市上里見町453,,,,,,,,,,,no,yes,,,,,,,,,,,,,,,,,,,,ostomate_universal_sheet_list,群馬県 オストメイト対応トイレ・ユニバーサルシート設置施設一覧,https://www.pref.gunma.jp/site/fukushinomachi/3013.html,2025,101,ostomate_location=1階、2階,phone=027-360-8111 | opening_hours=9:00～21:30 | owner=高崎市
10,群馬県,10202,高崎市,,下里見スポーツ広場,,,,群馬県高崎市下里見町1488-1,,,,,,,,,,,no,yes,,,,,,,,,,,,,,,,,,,,ostomate_universal_sheet_list,群馬県 オストメイト対応トイレ・ユニバーサルシート設置施設一覧,https://www.pref.gunma.jp/site/fukushinomachi/3013.html,2025,102,ostomate_location=施設内東側(駐車場横),phone=027-360-8111 | opening_hours=6:00～21:00 | owner=高崎市
10,群馬県,10202,高崎市,,鳴沢湖水湿植物園トイレ,,,,群馬県高崎市箕郷町富岡445-5,,,,,,,,,,,no,yes,,,,,,,,,,,,,,,,,,,,ostomate_universal_sheet_list,群馬県 オストメイト対応トイレ・ユニバーサルシート設置施設一覧,https://www.pref.gunma.jp/site/fukushinomachi/3013.html,2025,103,ostomate_location=駐車場内,phone=027-371-9057 | opening_hours=24時間 | owner=高崎市
10,群馬県,10202,高崎市,,みさと芝桜公園,,,,群馬県高崎市箕郷町松之沢12-1,,,,,,,,,,,yes,yes,,,,,,,,,,,,,,,,,,,,ostomate_universal_sheet_list,群馬県 オストメイト対応トイレ・ユニバーサルシート設置施設一覧,https://www.pref.gunma.jp/site/fukushinomachi/3013.html,2025,104,ostomate_location=公園内 | universal_sheet_location=公園内,phone=027-371-9065 | opening_hours=24時間 | owner=高崎市
10,群馬県,10202,高崎市,,吉井支所庁舎,,,,群馬県高崎市吉井町吉井川371,,,,,,,,,,,no,yes,,,,,,,,,,,,,,,,,,,,ostomate_universal_sheet_list,群馬県 オストメイト対応トイレ・ユニバーサルシート設置施設一覧,https://www.pref.gunma.jp/site/fukushinomachi/3013.html,2025,105,ostomate_location=2階,phone=027-387-3111 | opening_hours=8:30～17:15 | owner=高崎市
10,群馬県,10202,高崎市,,吉井東コミュニティセンター,,,,群馬県高崎市吉井町小串336,,,,,,,,,,,no,yes,,,,,,,,,,,,,,,,,,,,ostomate_universal_sheet_list,群馬県 オストメイト対応トイレ・ユニバーサルシート設置施設一覧,https://www.pref.gunma.jp/site/fukushinomachi/3013.html,2025,106,ostomate_location=1階,phone=027-387-2427 | opening_hours=利用者がいる時間に限る | owner=高崎市
10,群馬県,10202,高崎市,,吉井西コミュニティセンター,,,,群馬県高崎市吉井町長根525,,,,,,,,,,,no,yes,,,,,,,,,,,,,,,,,,,,ostomate_universal_sheet_list,群馬県 オストメイト対応トイレ・ユニバーサルシート設置施設一覧,https://www.pref.gunma.jp/site/fukushinomachi/3013.html,2025,107,ostomate_location=1階,phone=027-387-7885 | opening_hours=利用者がいる時間に限る | owner=高崎市
10,群馬県,10202,高崎市,,群馬県高崎合同庁舎,,,,群馬県高崎市台町4-3,,,,,,,,,,,yes,yes,,,,,,,,,,,,,,,,,,,,ostomate_universal_sheet_list,群馬県 オストメイト対応トイレ・ユニバーサルシート設置施設一覧,https://www.pref.gunma.jp/site/fukushinomachi/3013.html,2025,108,ostomate_location=1階 | universal_sheet_location=1階,phone=027-322-4681 | opening_hours=8:30～17:15 | owner=県 | department=高崎行政県税事務所
10,群馬県,10202,高崎市,,群馬県立近代美術館,,,,群馬県高崎市綿貫町992-1,,,,,,,,,,,no,yes,,,,,,,,,,,,,,,,,,,,ostomate_universal_sheet_list,群馬県 オストメイト対応トイレ・ユニバーサルシート設置施設一覧,https://www.pref.gunma.jp/site/fukushinomachi/3013.html,2025,109,ostomate_location=1階,phone=027-346-5560 | opening_hours=9:30～17:00 | owner=群馬県 | department=文化振興課
10,群馬県,10202,高崎市,,群馬県立歴史博物館,,,,群馬県高崎市綿貫町992-1,,,,,,,,,,,no,yes,,,,,,,,,,,,,,,,,,,,ostomate_universal_sheet_list,群馬県 オストメイト対応トイレ・ユニバーサルシート設置施設一覧,https://www.pref.gunma.jp/site/fukushinomachi/3013.html,2025,110,ostomate_location=1階,phone=027-346-5522 | opening_hours=9:30～17:00 | owner=県 | department=歴史博物館
10,群馬県,10202,高崎市,,Ｇメッセ群馬,,,,群馬県高崎市岩押町12-24,,,,,,,,,,,yes,yes,,,,,,,,,,,,,,,,,,,,ostomate_universal_sheet_list,群馬県 オストメイト対応トイレ・ユニバーサルシート設置施設一覧,https://www.pref.gunma.jp/site/fukushinomachi/3013.html,2025,111,"ostomate_location=1階(1箇所)、2階(2箇所)、
3階(1箇所)、4階(1箇所) | universal_sheet_location=2階(4箇所)",phone=027-322-2100 | opening_hours=8:30～22:00 | owner=県
10,群馬県,10202,高崎市,,観音山ファミリーパーク,,,,群馬県高崎市寺尾町1064-30,,,,,,,,,,,yes,no,,,,,,,,,,,,,,,,,,,,ostomate_universal_sheet_list,群馬県 オストメイト対応トイレ・ユニバーサルシート設置施設一覧,https://www.pref.gunma.jp/site/fukushinomachi/3013.html,2025,112,universal_sheet_location=クラフト工房,phone=027-328-8389 | opening_hours=8:00～16:00 | owner=県
10,群馬県,10202,高崎市,,観音山ファミリーパーク,,,,群馬県高崎市寺尾町1064-30,,,,,,,,,,,yes,no,,,,,,,,,,,,,,,,,,,,ostomate_universal_sheet_list,群馬県 オストメイト対応トイレ・ユニバーサルシート設置施設一覧,https://www.pref.gunma.jp/site/fukushinomachi/3013.html,2025,113,universal_sheet_location=交流室,phone=027-328-8389 | opening_hours=8:00～16:30 | owner=県
10,群馬県,10202,高崎市,,観音山ファミリーパーク,,,,群馬県高崎市寺尾町1064-30,,,,,,,,,,,yes,no,,,,,,,,,,,,,,,,,,,,ostomate_universal_sheet_list,群馬県 オストメイト対応トイレ・ユニバーサルシート設置施設一覧,https://www.pref.gunma.jp/site/fukushinomachi/3013.html,2025,114,universal_sheet_location=水と花の広場,phone=027-328-8389 | opening_hours=8:00～16:30 | owner=県
10,群馬県,10203,桐生市,,桐生市役所,,,,群馬県桐生市織姫町1-1,,,,,,,,,,,yes,yes,,,,,,,,,,,,,,,,,,,,ostomate_universal_sheet_list,群馬県 オストメイト対応トイレ・ユニバーサルシート設置施設一覧,https://www.pref.gunma.jp/site/fukushinomachi/3013.html,2025,115,ostomate_location=1階および2階　西側トイレ | universal_sheet_location=1階　西側トイレ,phone=0277-46-1111 | opening_hours=8:00～18:00 | owner=桐生市 | 左記時間以外でのご利用の場合は、職員通用口側にある警備室にお声掛けいただくか、夜間呼び出しボタンを押してください。
10,群馬県,10203,桐生市,,市民文化会館,,,,群馬県桐生市織姫町2-5,,,,,,,,,,,no,yes,,,,,,,,,,,,,,,,,,,,ostomate_universal_sheet_list,群馬県 オストメイト対応トイレ・ユニバーサルシート設置施設一覧,https://www.pref.gunma.jp/site/fukushinomachi/3013.html,2025,116,ostomate_location=地下1階,phone=0277-40-1500 | opening_hours=9:00～22:00 | owner=桐生市
10,群馬県,10203,桐生市,,総合福祉センター,,,,群馬県桐生市新宿3-3-19,,,,,,,,,,,no,yes,,,,,,,,,,,,,,,,,,,,ostomate_universal_sheet_list,群馬県 オストメイト対応トイレ・ユニバーサルシート設置施設一覧,https://www.pref.gunma.jp/site/fukushinomachi/3013.html,2025,117,ostomate_location=1階,"phone=0277-43-0183 | opening_hours=(月～土)9:00～22:00
(日)9:00～17:00 | owner=桐生市"
10,群馬県,10203,桐生市,,グリーン見来居ナンバー4公衆トイレ,,,,群馬県桐生市東6-82-1,,,,,,,,,,,no,yes,,,,,,,,,,,,,,,,,,,,ostomate_universal_sheet_list,群馬県 オストメイト対応トイレ・ユニバーサルシート設置施設一覧,https://www.pref.gunma.jp/site/fukushinomachi/3013.html,2025,118,ostomate_location=1階,phone=0277-74-1010 | opening_hours=24時間 | owner=桐生市
10,群馬県,10203,桐生市,,JR桐生駅南口高架下公衆トイレ,,,,群馬県桐生市宮前町2-1887-7,,,,,,,,,,,no,yes,,,,,,,,,,,,,,,,,,,,ostomate_universal_sheet_list,群馬県 オストメイト対応トイレ・ユニバーサルシート設置施設一覧,https://www.pref.gunma.jp/site/fukushinomachi/3013.html,2025,119,ostomate_location=1階,phone=0277-74-1010 | opening_hours=24時間 | owner=桐生市
10,群馬県,10203,桐生市,,東武新桐生駅前公衆トイレ,,,,群馬県桐生市広沢2-3001,,,,,,,,,,,no,yes,,,,,,,,,,,,,,,,,,,,ostomate_universal_sheet_list,群馬県 オストメイト対応トイレ・ユニバーサルシート設置施設一覧,https://www.pref.gunma.jp/site/fukushinomachi/3013.html,2025,120,ostomate_location=1階,phone=0277-74-1010 | opening_hours=24時間 | owner=桐生市
10,群馬県,10203,桐生市,,新里図書館,,,,群馬県桐生市新里町武井693-1,,,,,,,,,,,no,yes,,,,,,,,,,,,,,,,,,,,ostomate_universal_sheet_list,群馬県 オストメイト対応トイレ・ユニバーサルシート設置施設一覧,https://www.pref.gunma.jp/site/fukushinomachi/3013.html,2025,121,ostomate_location=2階,"phone=0277-74-8080 | opening_hours=(火～土)9:00～19:00
(日)9:00～17:00 | owner=桐生市"
10,群馬県,10203,桐生市,,新里総合センター,,,,群馬県桐生市新里町武井693-1,,,,,,,,,,,no,yes,,,,,,,,,,,,,,,,,,,,ostomate_universal_sheet_list,群馬県 オストメイト対応トイレ・ユニバーサルシート設置施設一覧,https://www.pref.gunma.jp/site/fukushinomachi/3013.html,2025,122,ostomate_location=1階,phone=0277-74-2211 | opening_hours=8:30～17:15 | owner=桐生市 | 土日・祝日除く
10,群馬県,10203,桐生市,,新里総合センター,,,,群馬県桐生市新里町武井693-1,,,,,,,,,,,no,yes,,,,,,,,,,,,,,,,,,,,ostomate_universal_sheet_list,群馬県 オストメイト対応トイレ・ユニバーサルシート設置施設一覧,https://www.pref.gunma.jp/site/fukushinomachi/3013.html,2025,123,ostomate_location=3階,phone=0277-74-2211 | opening_hours=9:00～21:30 | owner=桐生市
10,群馬県,10203,桐生市,,桐生市民体育館,,,,群馬県桐生市相生町3丁目300,,,,,,,,,,,no,yes,,,,,,,,,,,,,,,,,,,,ostomate_universal_sheet_list,群馬県 オストメイト対応トイレ・ユニバーサルシート設置施設一覧,https://www.pref.gunma.jp/site/fukushinomachi/3013.html,2025,124,ostomate_location=1階,phone=0277-54-5705 | opening_hours=9:00～21:00 | owner=桐生市
10,群馬県,10203,桐生市,,陸上競技場,,,,群馬県桐生市元宿町17-33,,,,,,,,,,,no,yes,,,,,,,,,,,,,,,,,,,,ostomate_universal_sheet_list,群馬県 オストメイト対応トイレ・ユニバーサルシート設置施設一覧,https://www.pref.gunma.jp/site/fukushinomachi/3013.html,2025,125,ostomate_location=1階,phone=0277-44-7436 | opening_hours=9:00～17:00 | owner=桐生市
10,群馬県,10203,桐生市,,桐生が岡遊園地駐車場トイレ,,,,群馬県桐生市宮本町4丁目1番1号,,,,,,,,,,,no,yes,,,,,,,,,,,,,,,,,,,,ostomate_universal_sheet_list,群馬県 オストメイト対応トイレ・ユニバーサルシート設置施設一覧,https://www.pref.gunma.jp/site/fukushinomachi/3013.html,2025,126,ostomate_location=1階,phone=0277-22-7580 | opening_hours=遊園地の開園時間に合わせて利用可能 | owner=桐生市
10,群馬県,10203,桐生市,,桐生が岡動物園レッサーパンダ舎トイレ,,,,群馬県桐生市宮本町3丁目8番13号,,,,,,,,,,,no,yes,,,,,,,,,,,,,,,,,,,,ostomate_universal_sheet_list,群馬県 オストメイト対応トイレ・ユニバーサルシート設置施設一覧,https://www.pref.gunma.jp/site/fukushinomachi/3013.html,2025,127,ostomate_location=2階,phone=0277-22-4442 | opening_hours=動物園の開園時間に合わせて利用可能 | owner=桐生市
10,群馬県,10203,桐生市,,上電西桐生駅前公衆トイレ,,,,群馬県桐生市宮前町2丁目1番33号,,,,,,,,,,,no,yes,,,,,,,,,,,,,,,,,,,,ostomate_universal_sheet_list,群馬県 オストメイト対応トイレ・ユニバーサルシート設置施設一覧,https://www.pref.gunma.jp/site/fukushinomachi/3013.html,2025,128,ostomate_location=1階,phone=0277-74-1010 | opening_hours=24時間 | owner=桐生市
10,群馬県,10203,桐生市,,重伝建地区等公衆トイレ,,,,群馬県桐生市東久方町2丁目67-1,,,,,,,,,,,no,yes,,,,,,,,,,,,,,,,,,,,ostomate_universal_sheet_list,群馬県 オストメイト対応トイレ・ユニバーサルシート設置施設一覧,https://www.pref.gunma.jp/site/fukushinomachi/3013.html,2025,129,ostomate_location=1階,phone=0277-32-3913 | opening_hours=24時間 | owner=桐生市
10,群馬県,10203,桐生市,,群馬県桐生合同庁舎,,,,群馬県桐生市相生町2-331,,,,,,,,,,,yes,yes,,,,,,,,,,,,,,,,,,,,ostomate_universal_sheet_list,群馬県 オストメイト対応トイレ・ユニバーサルシート設置施設一覧,https://www.pref.gunma.jp/site/fukushinomachi/3013.html,2025,130,ostomate_location=1階 | universal_sheet_location=1階,phone=0277-54-4482 | opening_hours=8:30～17:15 | owner=県 | department=桐生行政県税事務所
10,群馬県,10203,桐生市,,ぐんま昆虫の森,,,,群馬県桐生市新里町鶴ヶ谷460-1,,,,,,,,,,,yes,no,,,,,,,,,,,,,,,,,,,,ostomate_universal_sheet_list,群馬県 オストメイト対応トイレ・ユニバーサルシート設置施設一覧,https://www.pref.gunma.jp/site/fukushinomachi/3013.html,2025,131,"universal_sheet_location=昆虫観察館 本館1･3階
昆虫観察館 別館１階
南駐車場、かやぶき民家前、山頂トイレ","phone=0277-74-6441 | opening_hours=(４～10月)9:30～16:30
(11～3月)9:30～16:00 | owner=県 | department=ぐんま昆虫の森 | 休園日：月曜日（月曜日が祝日の場合は翌日）、年末年始"
10,群馬県,10203,桐生市,,教育センター,,,,群馬県桐生市小曾根町3-30,,,,,,,,,,,no,yes,,,,,,,,,,,,,,,,,,,,ostomate_universal_sheet_list,群馬県 オストメイト対応トイレ・ユニバーサルシート設置施設一覧,https://www.pref.gunma.jp/site/fukushinomachi/3013.html,2025,132,ostomate_location=4階,phone=0277-46-6399 | opening_hours=8:30～17:15 | owner=桐生市 | 土日・祝日除く
10,群馬県,10204,伊勢崎市,,伊勢崎市障害者センター,,,,群馬県伊勢崎市西田町71,,,,,,,,,,,yes,yes,,,,,,,,,,,,,,,,,,,,ostomate_universal_sheet_list,群馬県 オストメイト対応トイレ・ユニバーサルシート設置施設一覧,https://www.pref.gunma.jp/site/fukushinomachi/3013.html,2025,133,ostomate_location=1階、2階 | universal_sheet_location=1階、2階,phone=0270-75-5530 | opening_hours=8:30～17:15 | owner=伊勢崎市 | 貸館利用申請をしている場合は22：00まで利用可
10,群馬県,10204,伊勢崎市,,伊勢崎市民体育館,,,,群馬県伊勢崎市堤西町93,,,,,,,,,,,no,yes,,,,,,,,,,,,,,,,,,,,ostomate_universal_sheet_list,群馬県 オストメイト対応トイレ・ユニバーサルシート設置施設一覧,https://www.pref.gunma.jp/site/fukushinomachi/3013.html,2025,134,ostomate_location=1階、2階,phone=0270-23-7015 | opening_hours=9:00～22:00 | owner=伊勢崎市
10,群馬県,10204,伊勢崎市,,伊勢崎市消防本部　伊勢崎消防署,,,,群馬県伊勢崎市今泉町二丁目895,,,,,,,,,,,no,yes,,,,,,,,,,,,,,,,,,,,ostomate_universal_sheet_list,群馬県 オストメイト対応トイレ・ユニバーサルシート設置施設一覧,https://www.pref.gunma.jp/site/fukushinomachi/3013.html,2025,135,ostomate_location=1階、3階,phone=0270-25-3916 | opening_hours=8:30～17:15 | owner=伊勢崎市
10,群馬県,10204,伊勢崎市,,伊勢崎市健康管理センター,,,,群馬県伊勢崎市太田町1178,,,,,,,,,,,no,yes,,,,,,,,,,,,,,,,,,,,ostomate_universal_sheet_list,群馬県 オストメイト対応トイレ・ユニバーサルシート設置施設一覧,https://www.pref.gunma.jp/site/fukushinomachi/3013.html,2025,136,ostomate_location=1階,phone=0270-23-6675 | opening_hours=8:30～17:15 | owner=伊勢崎市
10,群馬県,10204,伊勢崎市,,倭文の郷公園,,,,群馬県伊勢崎市東上之宮町1634,,,,,,,,,,,no,yes,,,,,,,,,,,,,,,,,,,,ostomate_universal_sheet_list,群馬県 オストメイト対応トイレ・ユニバーサルシート設置施設一覧,https://www.pref.gunma.jp/site/fukushinomachi/3013.html,2025,137,ostomate_location=1階,phone=0270-24-5111 | opening_hours=24時間利用可能 | owner=伊勢崎市
10,群馬県,10204,伊勢崎市,,伊勢崎市役所本庁舎　本館,,,,群馬県伊勢崎市今泉町二丁目410,,,,,,,,,,,no,yes,,,,,,,,,,,,,,,,,,,,ostomate_universal_sheet_list,群馬県 オストメイト対応トイレ・ユニバーサルシート設置施設一覧,https://www.pref.gunma.jp/site/fukushinomachi/3013.html,2025,138,ostomate_location=1階,phone=0270-24-5111 | opening_hours=24時間 | owner=伊勢崎市
10,群馬県,10204,伊勢崎市,,伊勢崎市役所本庁舎　東館,,,,群馬県伊勢崎市今泉町二丁目410,,,,,,,,,,,yes,yes,,,,,,,,,,,,,,,,,,,,ostomate_universal_sheet_list,群馬県 オストメイト対応トイレ・ユニバーサルシート設置施設一覧,https://www.pref.gunma.jp/site/fukushinomachi/3013.html,2025,139,ostomate_location=1階、2階、3階、4階、5階 | universal_sheet_location=1階,phone=0270-24-5111 | opening_hours=8:30～17:15 | owner=伊勢崎市
10,群馬県,10204,伊勢崎市,,伊勢崎市ふくしプラザ,,,,群馬県伊勢崎市中央町26-22,,,,,,,,,,,no,yes,,,,,,,,,,,,,,,,,,,,ostomate_universal_sheet_list,群馬県 オストメイト対応トイレ・ユニバーサルシート設置施設一覧,https://www.pref.gunma.jp/site/fukushinomachi/3013.html,2025,140,ostomate_location=1階,phone=0270-26-7733 | opening_hours=9:00～22:00 | owner=伊勢崎市
10,群馬県,10204,伊勢崎市,,伊勢崎市絣の郷,,,,群馬県伊勢崎市昭和町1712-2,,,,,,,,,,,no,yes,,,,,,,,,,,,,,,,,,,,ostomate_universal_sheet_list,群馬県 オストメイト対応トイレ・ユニバーサルシート設置施設一覧,https://www.pref.gunma.jp/site/fukushinomachi/3013.html,2025,141,ostomate_location=市民交流館1階,phone=0270-61-6712 | opening_hours=8:30～22:00 | owner=伊勢崎市
10,群馬県,10204,伊勢崎市,,伊勢崎市民病院,,,,群馬県伊勢崎市連取本町12-1,,,,,,,,,,,no,yes,,,,,,,,,,,,,,,,,,,,ostomate_universal_sheet_list,群馬県 オストメイト対応トイレ・ユニバーサルシート設置施設一覧,https://www.pref.gunma.jp/site/fukushinomachi/3013.html,2025,142,ostomate_location=1階,phone=0270-25-5022 | opening_hours=24時間利用可能 | owner=伊勢崎市
10,群馬県,10204,伊勢崎市,,伊勢崎市上下水道局,,,,群馬県伊勢崎市連取元町170-3,,,,,,,,,,,no,yes,,,,,,,,,,,,,,,,,,,,ostomate_universal_sheet_list,群馬県 オストメイト対応トイレ・ユニバーサルシート設置施設一覧,https://www.pref.gunma.jp/site/fukushinomachi/3013.html,2025,143,ostomate_location=別棟,phone=0270-30-1230 | opening_hours=8:30～17:15 | owner=伊勢崎市
10,群馬県,10204,伊勢崎市,,伊勢崎市文化会館,,,,群馬県伊勢崎市昭和町3918,,,,,,,,,,,yes,yes,,,,,,,,,,,,,,,,,,,,ostomate_universal_sheet_list,群馬県 オストメイト対応トイレ・ユニバーサルシート設置施設一覧,https://www.pref.gunma.jp/site/fukushinomachi/3013.html,2025,144,ostomate_location=1階 | universal_sheet_location=1階,phone=0270-23-6070 | opening_hours=9:00～19:00 | owner=伊勢崎市 | イベント時は最長22:00まで利用可
10,群馬県,10204,伊勢崎市,,境赤レンガ倉庫,,,,群馬県伊勢崎市境765-1,,,,,,,,,,,no,yes,,,,,,,,,,,,,,,,,,,,ostomate_universal_sheet_list,群馬県 オストメイト対応トイレ・ユニバーサルシート設置施設一覧,https://www.pref.gunma.jp/site/fukushinomachi/3013.html,2025,145,ostomate_location=1階,phone=0270-61-8737 | opening_hours=9:00～17:00 | owner=伊勢崎市
10,群馬県,10204,伊勢崎市,,波志江沼環境ふれあい公園,,,,群馬県伊勢崎市波志江町3335-2,,,,,,,,,,,no,yes,,,,,,,,,,,,,,,,,,,,ostomate_universal_sheet_list,群馬県 オストメイト対応トイレ・ユニバーサルシート設置施設一覧,https://www.pref.gunma.jp/site/fukushinomachi/3013.html,2025,146,ostomate_location=南側・北側・東側（３か所）,phone=0270-24-5111 | opening_hours=24時間利用可能 | owner=伊勢崎市
10,群馬県,10204,伊勢崎市,,伊勢崎駅公衆トイレ,,,,群馬県伊勢崎市曲輪町3-1,,,,,,,,,,,no,yes,,,,,,,,,,,,,,,,,,,,ostomate_universal_sheet_list,群馬県 オストメイト対応トイレ・ユニバーサルシート設置施設一覧,https://www.pref.gunma.jp/site/fukushinomachi/3013.html,2025,147,ostomate_location=1階,phone=0270-32-3166 | opening_hours=24時間利用可能 | owner=伊勢崎市
10,群馬県,10204,伊勢崎市,,伊勢崎市赤堀支所,,,,群馬県伊勢崎市西久保町一丁目64-5,,,,,,,,,,,no,yes,,,,,,,,,,,,,,,,,,,,ostomate_universal_sheet_list,群馬県 オストメイト対応トイレ・ユニバーサルシート設置施設一覧,https://www.pref.gunma.jp/site/fukushinomachi/3013.html,2025,148,ostomate_location=1階,phone=0270-62-1151 | opening_hours=8:30～17:15 | owner=伊勢崎市
10,群馬県,10204,伊勢崎市,,境消防署,,,,群馬県伊勢崎市境木島907,,,,,,,,,,,no,yes,,,,,,,,,,,,,,,,,,,,ostomate_universal_sheet_list,群馬県 オストメイト対応トイレ・ユニバーサルシート設置施設一覧,https://www.pref.gunma.jp/site/fukushinomachi/3013.html,2025,149,ostomate_location=1階,phone=0270-27-9119 | opening_hours=24時間利用可能 | owner=伊勢崎市 | 災害出動時除く
10,群馬県,10204,伊勢崎市,,伊勢崎市勤労者会館,,,,群馬県伊勢崎市中央町30-4,,,,,,,,,,,no,yes,,,,,,,,,,,,,,,,,,,,ostomate_universal_sheet_list,群馬県 オストメイト対応トイレ・ユニバーサルシート設置施設一覧,https://www.pref.gunma.jp/site/fukushinomachi/3013.html,2025,150,ostomate_location=1階,phone=0270-27-2755 | opening_hours=9:00～22:00 | owner=伊勢崎市
10,群馬県,10204,伊勢崎市,,伊勢崎市民プラザ,,,,群馬県伊勢崎市富塚町220-13,,,,,,,,,,,no,yes,,,,,,,,,,,,,,,,,,,,ostomate_universal_sheet_list,群馬県 オストメイト対応トイレ・ユニバーサルシート設置施設一覧,https://www.pref.gunma.jp/site/fukushinomachi/3013.html,2025,151,ostomate_location=1階,phone=0270-32-9488 | opening_hours=9:00～22:00 | owner=伊勢崎市
10,群馬県,10204,伊勢崎市,,いせさき市民のもり公園,,,,群馬県伊勢崎市山王町2663,,,,,,,,,,,no,yes,,,,,,,,,,,,,,,,,,,,ostomate_universal_sheet_list,群馬県 オストメイト対応トイレ・ユニバーサルシート設置施設一覧,https://www.pref.gunma.jp/site/fukushinomachi/3013.html,2025,152,ostomate_location=南側,phone=0270-20-3333 | opening_hours=24時間利用可能 | owner=伊勢崎市
10,群馬県,10204,伊勢崎市,,伊勢崎市あずま支所,,,,群馬県伊勢崎市東町2668-1,,,,,,,,,,,yes,yes,,,,,,,,,,,,,,,,,,,,ostomate_universal_sheet_list,群馬県 オストメイト対応トイレ・ユニバーサルシート設置施設一覧,https://www.pref.gunma.jp/site/fukushinomachi/3013.html,2025,153,ostomate_location=1階 | universal_sheet_location=1階,phone=0270-62-1311 | opening_hours=8:30～17:15 | owner=伊勢崎市
10,群馬県,10204,伊勢崎市,,伊勢崎保健福祉事務所,,,,伊勢崎市下植木町499,,,,,,,,,,,no,yes,,,,,,,,,,,,,,,,,,,,ostomate_universal_sheet_list,群馬県 オストメイト対応トイレ・ユニバーサルシート設置施設一覧,https://www.pref.gunma.jp/site/fukushinomachi/3013.html,2025,154,ostomate_location=1階,phone=0270-25ｰ5570 | opening_hours=8:30～17:15 | owner=県 | department=伊勢崎保健福祉事務所
10,群馬県,10204,伊勢崎市,,総合教育センター,,,,群馬県伊勢崎市今泉町一丁目233-2,,,,,,,,,,,yes,yes,,,,,,,,,,,,,,,,,,,,ostomate_universal_sheet_list,群馬県 オストメイト対応トイレ・ユニバーサルシート設置施設一覧,https://www.pref.gunma.jp/site/fukushinomachi/3013.html,2025,155,ostomate_location=1階 | universal_sheet_location=1階,phone=0270-26-9211 | opening_hours=8:30～17:15 | owner=県 | department=総合教育センター | ストーマ洗浄位置が低い
10,群馬県,10204,伊勢崎市,,総合教育センター,,,,群馬県伊勢崎市今泉町一丁目233-2,,,,,,,,,,,yes,yes,,,,,,,,,,,,,,,,,,,,ostomate_universal_sheet_list,群馬県 オストメイト対応トイレ・ユニバーサルシート設置施設一覧,https://www.pref.gunma.jp/site/fukushinomachi/3013.html,2025,156,ostomate_location=3階 | universal_sheet_location=3階,phone=0270-26-9211 | opening_hours=8:30～17:15 | owner=県 | department=総合教育センター | ストーマ洗浄位置が低い
10,群馬県,10204,伊勢崎市,,群馬県伊勢崎合同庁舎,,,,群馬県伊勢崎市今泉町1-236,,,,,,,,,,,no,yes,,,,,,,,,,,,,,,,,,,,ostomate_universal_sheet_list,群馬県 オストメイト対応トイレ・ユニバーサルシート設置施設一覧,https://www.pref.gunma.jp/site/fukushinomachi/3013.html,2025,157,ostomate_location=1階,phone=0270-25-0782 | opening_hours=8:30～17:15 | owner=県 | department=伊勢崎行政県税事務所
10,群馬県,10205,太田市,,太田市野球場,,,,群馬県太田市飯塚町1059-1,,,,,,,,,,,no,yes,,,,,,,,,,,,,,,,,,,,ostomate_universal_sheet_list,群馬県 オストメイト対応トイレ・ユニバーサルシート設置施設一覧,https://www.pref.gunma.jp/site/fukushinomachi/3013.html,2025,158,ostomate_location=2階,phone=0276-45-8118 | opening_hours=9:00～21:00 | owner=太田市
10,群馬県,10205,太田市,,太田市陸上競技場,,,,群馬県太田市飯塚町1059-1,,,,,,,,,,,no,yes,,,,,,,,,,,,,,,,,,,,ostomate_universal_sheet_list,群馬県 オストメイト対応トイレ・ユニバーサルシート設置施設一覧,https://www.pref.gunma.jp/site/fukushinomachi/3013.html,2025,159,ostomate_location=1階、2階,phone=0276-45-8118 | opening_hours=9:00～21:00 | owner=太田市
10,群馬県,10205,太田市,,太田市尾島体育館,,,,群馬県太田市亀岡町656-1,,,,,,,,,,,no,yes,,,,,,,,,,,,,,,,,,,,ostomate_universal_sheet_list,群馬県 オストメイト対応トイレ・ユニバーサルシート設置施設一覧,https://www.pref.gunma.jp/site/fukushinomachi/3013.html,2025,160,ostomate_location=1階,phone=0276-61-3355 | opening_hours=9:00～21:00 | owner=太田市
10,群馬県,10205,太田市,,太田市総合体育館,,,,群馬県太田市飯塚町1059-1,,,,,,,,,,,no,yes,,,,,,,,,,,,,,,,,,,,ostomate_universal_sheet_list,群馬県 オストメイト対応トイレ・ユニバーサルシート設置施設一覧,https://www.pref.gunma.jp/site/fukushinomachi/3013.html,2025,161,ostomate_location=1階、2階、3階,phone=0276-45-8118 | opening_hours=9:00～21:00 | owner=太田市
10,群馬県,10205,太田市,,中央広場屋外トイレ,,,,群馬県太田市飯塚町1059-1,,,,,,,,,,,no,yes,,,,,,,,,,,,,,,,,,,,ostomate_universal_sheet_list,群馬県 オストメイト対応トイレ・ユニバーサルシート設置施設一覧,https://www.pref.gunma.jp/site/fukushinomachi/3013.html,2025,162,ostomate_location=1階,phone=0276-45-8118 | opening_hours=24時間 | owner=太田市
10,群馬県,10205,太田市,,エアリススケートパーク太田,,,,群馬県太田市新田金井町26-1,,,,,,,,,,,yes,yes,,,,,,,,,,,,,,,,,,,,ostomate_universal_sheet_list,群馬県 オストメイト対応トイレ・ユニバーサルシート設置施設一覧,https://www.pref.gunma.jp/site/fukushinomachi/3013.html,2025,163,ostomate_location=1階 | universal_sheet_location=1階,opening_hours=24時間 | owner=太田市 | 屋外・１基
10,群馬県,10205,太田市,,天神公園,,,,群馬県太田市浜町27-1,,,,,,,,,,,no,yes,,,,,,,,,,,,,,,,,,,,ostomate_universal_sheet_list,群馬県 オストメイト対応トイレ・ユニバーサルシート設置施設一覧,https://www.pref.gunma.jp/site/fukushinomachi/3013.html,2025,164,ostomate_location=公園内,phone=0276-32-6599 | opening_hours=24時間 | owner=太田市
10,群馬県,10205,太田市,,太田中央公園,,,,群馬県太田市飯田町819,,,,,,,,,,,yes,yes,,,,,,,,,,,,,,,,,,,,ostomate_universal_sheet_list,群馬県 オストメイト対応トイレ・ユニバーサルシート設置施設一覧,https://www.pref.gunma.jp/site/fukushinomachi/3013.html,2025,165,ostomate_location=公園内 | universal_sheet_location=公園内,phone=0276-32-6599 | opening_hours=24時間 | owner=太田市 | 令和６年４月供用開始
10,群馬県,10205,太田市,,太田市立中央図書館,,,,群馬県太田市飯塚町1549-2,,,,,,,,,,,no,yes,,,,,,,,,,,,,,,,,,,,ostomate_universal_sheet_list,群馬県 オストメイト対応トイレ・ユニバーサルシート設置施設一覧,https://www.pref.gunma.jp/site/fukushinomachi/3013.html,2025,166,ostomate_location=1階,phone=0276-48-6280 | opening_hours=9:00～21:00 | owner=太田市
10,群馬県,10205,太田市,,太田市役所南庁舎,,,,群馬県太田市浜町2番7号,,,,,,,,,,,no,yes,,,,,,,,,,,,,,,,,,,,ostomate_universal_sheet_list,群馬県 オストメイト対応トイレ・ユニバーサルシート設置施設一覧,https://www.pref.gunma.jp/site/fukushinomachi/3013.html,2025,167,ostomate_location=1階,phone=0276-47-1111 | opening_hours=8:30～17:15 | owner=太田市
10,群馬県,10205,太田市,,太田市役所本庁舎,,,,群馬県太田市浜町2番35号,,,,,,,,,,,yes,yes,,,,,,,,,,,,,,,,,,,,ostomate_universal_sheet_list,群馬県 オストメイト対応トイレ・ユニバーサルシート設置施設一覧,https://www.pref.gunma.jp/site/fukushinomachi/3013.html,2025,168,ostomate_location=1階 | universal_sheet_location=1階,phone=0276-47-1111 | opening_hours=8:00～18:00 | owner=太田市
10,群馬県,10205,太田市,,大光院観光トイレ,,,,群馬県太田市37-1,,,,,,,,,,,no,yes,,,,,,,,,,,,,,,,,,,,ostomate_universal_sheet_list,群馬県 オストメイト対応トイレ・ユニバーサルシート設置施設一覧,https://www.pref.gunma.jp/site/fukushinomachi/3013.html,2025,169,ostomate_location=境内（呑龍公園）,phone=0276-47-1833 | opening_hours=24時間 | owner=太田市
10,群馬県,10205,太田市,,強戸行政センター,,,,群馬県太田市菅塩町345,,,,,,,,,,,yes,yes,,,,,,,,,,,,,,,,,,,,ostomate_universal_sheet_list,群馬県 オストメイト対応トイレ・ユニバーサルシート設置施設一覧,https://www.pref.gunma.jp/site/fukushinomachi/3013.html,2025,170,ostomate_location=1階、2階 | universal_sheet_location=1階、2階,phone=0276-37-4979 | opening_hours=8:30～17:15 | owner=太田市
10,群馬県,10205,太田市,,九合行政センター,,,,群馬県太田市飯塚町591番地1,,,,,,,,,,,yes,no,,,,,,,,,,,,,,,,,,,,ostomate_universal_sheet_list,群馬県 オストメイト対応トイレ・ユニバーサルシート設置施設一覧,https://www.pref.gunma.jp/site/fukushinomachi/3013.html,2025,171,universal_sheet_location=1階、2階,phone=0276-45-6978 | opening_hours=8:30～17:15 | owner=太田市
10,群馬県,10205,太田市,,藪塚本町保健センター,,,,群馬県太田市大原町482-1,,,,,,,,,,,no,yes,,,,,,,,,,,,,,,,,,,,ostomate_universal_sheet_list,群馬県 オストメイト対応トイレ・ユニバーサルシート設置施設一覧,https://www.pref.gunma.jp/site/fukushinomachi/3013.html,2025,172,ostomate_location=1階,phone=0277-20-4400 | opening_hours=8:30～17:15 | owner=太田市
10,群馬県,10205,太田市,,多文化共生センターおおた,,,,群馬県太田市飯塚町69-3,,,,,,,,,,,no,yes,,,,,,,,,,,,,,,,,,,,ostomate_universal_sheet_list,群馬県 オストメイト対応トイレ・ユニバーサルシート設置施設一覧,https://www.pref.gunma.jp/site/fukushinomachi/3013.html,2025,173,ostomate_location=1階,phone=0276-47-1908 | opening_hours=8:30～17:15 | owner=太田市 | 年末年始・土日・祝日を除く
10,群馬県,10205,太田市,,福祉会館,,,,群馬県太田市飯塚町1549,,,,,,,,,,,no,yes,,,,,,,,,,,,,,,,,,,,ostomate_universal_sheet_list,群馬県 オストメイト対応トイレ・ユニバーサルシート設置施設一覧,https://www.pref.gunma.jp/site/fukushinomachi/3013.html,2025,174,ostomate_location=1階,phone=0276-46-6208 | opening_hours=9:00～17:15 | owner=太田市
10,群馬県,10205,太田市,,西部消防署,,,,群馬県太田市新田金井町607番地,,,,,,,,,,,no,yes,,,,,,,,,,,,,,,,,,,,ostomate_universal_sheet_list,群馬県 オストメイト対応トイレ・ユニバーサルシート設置施設一覧,https://www.pref.gunma.jp/site/fukushinomachi/3013.html,2025,175,ostomate_location=1階,phone=0276-56-8119 | opening_hours=24時間 | owner=太田市 | 災害対応により不在時は、使用不可
10,群馬県,10205,太田市,,太田市社会教育総合センター,,,,群馬県太田市熊野町23番19号,,,,,,,,,,,no,yes,,,,,,,,,,,,,,,,,,,,ostomate_universal_sheet_list,群馬県 オストメイト対応トイレ・ユニバーサルシート設置施設一覧,https://www.pref.gunma.jp/site/fukushinomachi/3013.html,2025,176,ostomate_location=1階,phone=0276-22-3442 | opening_hours=9:00～22:00 | owner=太田市
10,群馬県,10205,太田市,,エアリスベース,,,,群馬県太田市新田金井町6-1,,,,,,,,,,,no,yes,,,,,,,,,,,,,,,,,,,,ostomate_universal_sheet_list,群馬県 オストメイト対応トイレ・ユニバーサルシート設置施設一覧,https://www.pref.gunma.jp/site/fukushinomachi/3013.html,2025,177,ostomate_location=1階,"phone=0276-57-2676 | opening_hours=8:30～17:45(図書館休館日)
8:30～18:00(火～金)
9:00～17:45(土日祝) | owner=太田市"
10,群馬県,10205,太田市,,太田市役所新田庁舎,,,,群馬県太田市金井町29,,,,,,,,,,,no,yes,,,,,,,,,,,,,,,,,,,,ostomate_universal_sheet_list,群馬県 オストメイト対応トイレ・ユニバーサルシート設置施設一覧,https://www.pref.gunma.jp/site/fukushinomachi/3013.html,2025,178,ostomate_location=1階,phone=0276-20-9714 | opening_hours=8:30～17:15 | owner=太田市
10,群馬県,10205,太田市,,太田市美術館・図書館,,,,群馬県太田市東本町16-30,,,,,,,,,,,no,yes,,,,,,,,,,,,,,,,,,,,ostomate_universal_sheet_list,群馬県 オストメイト対応トイレ・ユニバーサルシート設置施設一覧,https://www.pref.gunma.jp/site/fukushinomachi/3013.html,2025,179,ostomate_location=1階,"phone=0276-55-3036 | opening_hours=10:00～20:00
（日祝は18:00まで） | owner=太田市"
10,群馬県,10205,太田市,,太田市民会館,,,,群馬県太田市飯塚町200-1,,,,,,,,,,,no,yes,,,,,,,,,,,,,,,,,,,,ostomate_universal_sheet_list,群馬県 オストメイト対応トイレ・ユニバーサルシート設置施設一覧,https://www.pref.gunma.jp/site/fukushinomachi/3013.html,2025,180,ostomate_location=1階,phone=0276-57-8577 | opening_hours=8:30～22:00 | owner=太田市
10,群馬県,10205,太田市,,史跡金山城跡ガイダンス施設,,,,群馬県太田市金山町40-30,,,,,,,,,,,no,yes,,,,,,,,,,,,,,,,,,,,ostomate_universal_sheet_list,群馬県 オストメイト対応トイレ・ユニバーサルシート設置施設一覧,https://www.pref.gunma.jp/site/fukushinomachi/3013.html,2025,181,ostomate_location=1階、2階,phone=0276-25-1067 | opening_hours=9:00～17:00 | owner=太田市
10,群馬県,10205,太田市,,太田市役所藪塚本町庁舎,,,,群馬県太田市大原町459-1,,,,,,,,,,,yes,yes,,,,,,,,,,,,,,,,,,,,ostomate_universal_sheet_list,群馬県 オストメイト対応トイレ・ユニバーサルシート設置施設一覧,https://www.pref.gunma.jp/site/fukushinomachi/3013.html,2025,182,ostomate_location=1階 | universal_sheet_location=1階,phone=0277-47-7604 | opening_hours=8:30～17:15 | owner=太田市
10,群馬県,10205,太田市,,群馬県太田合同庁舎本庁舎,,,,群馬県太田市西本町60-27,,,,,,,,,,,yes,yes,,,,,,,,,,,,,,,,,,,,ostomate_universal_sheet_list,群馬県 オストメイト対応トイレ・ユニバーサルシート設置施設一覧,https://www.pref.gunma.jp/site/fukushinomachi/3013.html,2025,183,ostomate_location=1階 | universal_sheet_location=1階,phone=0276-32-2215 | opening_hours=8:30～17:15 | owner=県 | department=太田行政県税事務所
10,群馬県,10205,太田市,,県立がんセンター,,,,群馬県太田市高林西町617-1,,,,,,,,,,,yes,no,,,,,,,,,,,,,,,,,,,,ostomate_universal_sheet_list,群馬県 オストメイト対応トイレ・ユニバーサルシート設置施設一覧,https://www.pref.gunma.jp/site/fukushinomachi/3013.html,2025,184,universal_sheet_location=1階,phone=0276-38-0771 | opening_hours=8:30～17:15 | owner=県
10,群馬県,10205,太田市,,県立がんセンター,,,,群馬県太田市高林西町617-1,,,,,,,,,,,yes,no,,,,,,,,,,,,,,,,,,,,ostomate_universal_sheet_list,群馬県 オストメイト対応トイレ・ユニバーサルシート設置施設一覧,https://www.pref.gunma.jp/site/fukushinomachi/3013.html,2025,185,universal_sheet_location=2階,phone=0276-38-0771 | opening_hours=8:30～17:15 | owner=県
10,群馬県,10205,太田市,,県立がんセンター,,,,群馬県太田市高林西町617-1,,,,,,,,,,,yes,no,,,,,,,,,,,,,,,,,,,,ostomate_universal_sheet_list,群馬県 オストメイト対応トイレ・ユニバーサルシート設置施設一覧,https://www.pref.gunma.jp/site/fukushinomachi/3013.html,2025,186,universal_sheet_location=2階,phone=0276-38-0771 | opening_hours=8:30～17:15 | owner=県
10,群馬県,10205,太田市,,道の駅おおた交流センター,,,,群馬県太田市粕川町701-1,,,,,,,,,,,no,yes,,,,,,,,,,,,,,,,,,,,ostomate_universal_sheet_list,群馬県 オストメイト対応トイレ・ユニバーサルシート設置施設一覧,https://www.pref.gunma.jp/site/fukushinomachi/3013.html,2025,187,ostomate_location=トイレ棟,phone=0276-56-9350 | opening_hours=24時間 | owner=国
10,群馬県,10205,太田市,,ぐんまこどもの国児童会館,,,,群馬県太田市長手町480,,,,,,,,,,,yes,yes,,,,,,,,,,,,,,,,,,,,ostomate_universal_sheet_list,群馬県 オストメイト対応トイレ・ユニバーサルシート設置施設一覧,https://www.pref.gunma.jp/site/fukushinomachi/3013.html,2025,188,ostomate_location=1階 | universal_sheet_location=1階,phone=0276-25-0055 | opening_hours=9:30～17:00 | owner=県 | 夏休み期間中9:00～17:00
10,群馬県,10206,沼田市,,群馬県利根沼田振興局庁舎,,,,群馬県沼田市薄根町4412,,,,,,,,,,,yes,yes,,,,,,,,,,,,,,,,,,,,ostomate_universal_sheet_list,群馬県 オストメイト対応トイレ・ユニバーサルシート設置施設一覧,https://www.pref.gunma.jp/site/fukushinomachi/3013.html,2025,189,ostomate_location=1階 | universal_sheet_location=1階,phone=0278-22-4338 | opening_hours=8:30～17:15 | owner=県
10,群馬県,10206,沼田市,,テラス沼田(本庁舎),,,,群馬県沼田市下之町888,,,,,,,,,,,no,yes,,,,,,,,,,,,,,,,,,,,ostomate_universal_sheet_list,群馬県 オストメイト対応トイレ・ユニバーサルシート設置施設一覧,https://www.pref.gunma.jp/site/fukushinomachi/3013.html,2025,190,ostomate_location=1階　公共トイレ多機能トイレ,phone=0278-23-2111 | opening_hours=7:30～22:00 | owner=沼田市
10,群馬県,10206,沼田市,,テラス沼田(本庁舎),,,,群馬県沼田市下之町888,,,,,,,,,,,no,yes,,,,,,,,,,,,,,,,,,,,ostomate_universal_sheet_list,群馬県 オストメイト対応トイレ・ユニバーサルシート設置施設一覧,https://www.pref.gunma.jp/site/fukushinomachi/3013.html,2025,191,ostomate_location=3階　ＷＣ１多機能トイレ,phone=0278-23-2111 | opening_hours=7:30～22:00 | owner=沼田市
10,群馬県,10206,沼田市,,テラス沼田(本庁舎),,,,群馬県沼田市下之町888,,,,,,,,,,,no,yes,,,,,,,,,,,,,,,,,,,,ostomate_universal_sheet_list,群馬県 オストメイト対応トイレ・ユニバーサルシート設置施設一覧,https://www.pref.gunma.jp/site/fukushinomachi/3013.html,2025,192,ostomate_location=6階　ＷＣ１多機能トイレ,phone=0278-23-2111 | opening_hours=7:30～22:00 | owner=沼田市
10,群馬県,10206,沼田市,,テラス沼田(本庁舎),,,,群馬県沼田市下之町888,,,,,,,,,,,no,yes,,,,,,,,,,,,,,,,,,,,ostomate_universal_sheet_list,群馬県 オストメイト対応トイレ・ユニバーサルシート設置施設一覧,https://www.pref.gunma.jp/site/fukushinomachi/3013.html,2025,193,ostomate_location=6階　ＷＣ２多機能トイレ,phone=0278-23-2111 | opening_hours=7:30～22:00 | owner=沼田市
10,群馬県,10206,沼田市,,道の駅白沢,,,,群馬県沼田市白沢町平出1297,,,,,,,,,,,no,yes,,,,,,,,,,,,,,,,,,,,ostomate_universal_sheet_list,群馬県 オストメイト対応トイレ・ユニバーサルシート設置施設一覧,https://www.pref.gunma.jp/site/fukushinomachi/3013.html,2025,194,ostomate_location=駐車場,phone=0278-53-3939 | opening_hours=24時間利用可能 | owner=沼田市
10,群馬県,10206,沼田市,,沼田市運動公園,,,,群馬県沼田市硯田町626,,,,,,,,,,,no,yes,,,,,,,,,,,,,,,,,,,,ostomate_universal_sheet_list,群馬県 オストメイト対応トイレ・ユニバーサルシート設置施設一覧,https://www.pref.gunma.jp/site/fukushinomachi/3013.html,2025,195,ostomate_location=運動公園トイレ,phone=0278-24-5884 | opening_hours=24時間 | owner=沼田市
10,群馬県,10206,沼田市,,利南運動公園,,,,群馬県沼田市沼須町407,,,,,,,,,,,no,yes,,,,,,,,,,,,,,,,,,,,ostomate_universal_sheet_list,群馬県 オストメイト対応トイレ・ユニバーサルシート設置施設一覧,https://www.pref.gunma.jp/site/fukushinomachi/3013.html,2025,196,ostomate_location=テニスコート側トイレ,phone=0278-25-8781 | opening_hours=24時間 | owner=沼田市
10,群馬県,10206,沼田市,,利南運動公園野球場,,,,群馬県沼田市沼須町407,,,,,,,,,,,no,yes,,,,,,,,,,,,,,,,,,,,ostomate_universal_sheet_list,群馬県 オストメイト対応トイレ・ユニバーサルシート設置施設一覧,https://www.pref.gunma.jp/site/fukushinomachi/3013.html,2025,197,ostomate_location=野球場1階,phone=0278-25-8781 | opening_hours=9:00～21:00 | owner=沼田市
10,群馬県,10206,沼田市,,沼田市民体育館,,,,群馬県沼田市東原新町1801-1,,,,,,,,,,,no,yes,,,,,,,,,,,,,,,,,,,,ostomate_universal_sheet_list,群馬県 オストメイト対応トイレ・ユニバーサルシート設置施設一覧,https://www.pref.gunma.jp/site/fukushinomachi/3013.html,2025,198,ostomate_location=1階,phone=0278-24-9444 | opening_hours=8:30～21:00 | owner=沼田市
10,群馬県,10206,沼田市,,沼田市ふれあい福祉センター,,,,群馬県沼田市白岩町189-11,,,,,,,,,,,yes,no,,,,,,,,,,,,,,,,,,,,ostomate_universal_sheet_list,群馬県 オストメイト対応トイレ・ユニバーサルシート設置施設一覧,https://www.pref.gunma.jp/site/fukushinomachi/3013.html,2025,199,universal_sheet_location=1階,phone=0278-23-3497 | opening_hours=9:30～19:00 | owner=沼田市
10,群馬県,10206,沼田市,,駅西公園,,,,群馬県沼田市薄根町4462-4,,,,,,,,,,,no,yes,,,,,,,,,,,,,,,,,,,,ostomate_universal_sheet_list,群馬県 オストメイト対応トイレ・ユニバーサルシート設置施設一覧,https://www.pref.gunma.jp/site/fukushinomachi/3013.html,2025,200,ostomate_location=歩道橋西公衆トイレ1階,phone=0278-23-2111 | opening_hours=24時間／通年使用可 | owner=沼田市
10,群馬県,10206,沼田市,,天狗プラザ,,,,群馬県沼田市上之町180-1,,,,,,,,,,,no,yes,,,,,,,,,,,,,,,,,,,,ostomate_universal_sheet_list,群馬県 オストメイト対応トイレ・ユニバーサルシート設置施設一覧,https://www.pref.gunma.jp/site/fukushinomachi/3013.html,2025,201,ostomate_location=北側公衆トイレ1階,phone=0278-23-2111 | opening_hours=24時間／通年使用可 | owner=沼田市
10,群馬県,10206,沼田市,,沼田市保健福祉センター,,,,群馬県沼田市東原新町1801-72,,,,,,,,,,,yes,yes,,,,,,,,,,,,,,,,,,,,ostomate_universal_sheet_list,群馬県 オストメイト対応トイレ・ユニバーサルシート設置施設一覧,https://www.pref.gunma.jp/site/fukushinomachi/3013.html,2025,202,ostomate_location=1階 | universal_sheet_location=1階,phone=0278-22-1990 | opening_hours=8:30～21:00 | owner=沼田市
10,群馬県,10206,沼田市,,利根地区ｺﾐｭﾆﾃｨｾﾝﾀｰ,,,,群馬県沼田市利根町追貝37,,,,,,,,,,,no,yes,,,,,,,,,,,,,,,,,,,,ostomate_universal_sheet_list,群馬県 オストメイト対応トイレ・ユニバーサルシート設置施設一覧,https://www.pref.gunma.jp/site/fukushinomachi/3013.html,2025,203,ostomate_location=1階,phone=0278-56-2111 | opening_hours=8:30～17:15 | owner=沼田市
10,群馬県,10207,館林市,,群馬県館林合同庁舎,,,,群馬県館林市仲町11-10,,,,,,,,,,,yes,yes,,,,,,,,,,,,,,,,,,,,ostomate_universal_sheet_list,群馬県 オストメイト対応トイレ・ユニバーサルシート設置施設一覧,https://www.pref.gunma.jp/site/fukushinomachi/3013.html,2025,204,ostomate_location=2階 | universal_sheet_location=2階,phone=0276-72-4415 | opening_hours=8:30～17:15 | owner=県 | department=館林行政県税事務所
10,群馬県,10207,館林市,,県立多々良沼公園　成島西駐車場トイレ,,,,群馬県館林市成島町1518-1,,,,,,,,,,,no,yes,,,,,,,,,,,,,,,,,,,,ostomate_universal_sheet_list,群馬県 オストメイト対応トイレ・ユニバーサルシート設置施設一覧,https://www.pref.gunma.jp/site/fukushinomachi/3013.html,2025,205,ostomate_location=1階,phone=0276-56-9978 | opening_hours=終日 | owner=県 | 尿瓶(しびん)洗浄水栓設備のみ
10,群馬県,10207,館林市,,館林市役所,,,,群馬県館林市城町1-1,,,,,,,,,,,no,yes,,,,,,,,,,,,,,,,,,,,ostomate_universal_sheet_list,群馬県 オストメイト対応トイレ・ユニバーサルシート設置施設一覧,https://www.pref.gunma.jp/site/fukushinomachi/3013.html,2025,206,ostomate_location=1階,phone=0276-72-4111 | opening_hours=8:30～17:15 | owner=館林市
10,群馬県,10207,館林市,,館林市総合福祉センター,,,,群馬県館林市苗木町2452-1,,,,,,,,,,,no,yes,,,,,,,,,,,,,,,,,,,,ostomate_universal_sheet_list,群馬県 オストメイト対応トイレ・ユニバーサルシート設置施設一覧,https://www.pref.gunma.jp/site/fukushinomachi/3013.html,2025,207,ostomate_location=1階,phone=0276-75-7111 | opening_hours=8:30～17:15 | owner=館林市
10,群馬県,10207,館林市,,館林市障がい者総合支援センター,,,,群馬県館林市成島町1565,,,,,,,,,,,yes,yes,,,,,,,,,,,,,,,,,,,,ostomate_universal_sheet_list,群馬県 オストメイト対応トイレ・ユニバーサルシート設置施設一覧,https://www.pref.gunma.jp/site/fukushinomachi/3013.html,2025,208,ostomate_location=1階 | universal_sheet_location=1階,phone=0276-61-3900 | opening_hours=8:30～17:15 | owner=館林市 | 土日・祝日除く
10,群馬県,10207,館林市,,館林市文化会館,,,,群馬県館林市城町3-1,,,,,,,,,,,no,yes,,,,,,,,,,,,,,,,,,,,ostomate_universal_sheet_list,群馬県 オストメイト対応トイレ・ユニバーサルシート設置施設一覧,https://www.pref.gunma.jp/site/fukushinomachi/3013.html,2025,209,ostomate_location=1階、2階,phone=0276-74-4111 | opening_hours=8:30～17:15 | owner=館林市
10,群馬県,10208,渋川市,,群馬県渋川合同庁舎,,,,群馬県渋川市金井395番地,,,,,,,,,,,yes,yes,,,,,,,,,,,,,,,,,,,,ostomate_universal_sheet_list,群馬県 オストメイト対応トイレ・ユニバーサルシート設置施設一覧,https://www.pref.gunma.jp/site/fukushinomachi/3013.html,2025,210,ostomate_location=1階 | universal_sheet_location=1階,phone=0279-22-0777 | opening_hours=8:30～17:15 | owner=県
10,群馬県,10208,渋川市,,渋川保健福祉事務所,,,,群馬県渋川市金井394,,,,,,,,,,,no,yes,,,,,,,,,,,,,,,,,,,,ostomate_universal_sheet_list,群馬県 オストメイト対応トイレ・ユニバーサルシート設置施設一覧,https://www.pref.gunma.jp/site/fukushinomachi/3013.html,2025,211,ostomate_location=1階,phone=0279-22-4166 | opening_hours=8:30～17:15 | owner=県
10,群馬県,10208,渋川市,,小児医療センター,,,,群馬県渋川市北橘町下箱田779,,,,,,,,,,,yes,yes,,,,,,,,,,,,,,,,,,,,ostomate_universal_sheet_list,群馬県 オストメイト対応トイレ・ユニバーサルシート設置施設一覧,https://www.pref.gunma.jp/site/fukushinomachi/3013.html,2025,212,ostomate_location=1階 | universal_sheet_location=1階,phone=0279-52-3551 | opening_hours=24時間 | owner=県
10,群馬県,10208,渋川市,,"社会福祉センター
（渋川ほっとプラザ）",,,,群馬県渋川市渋川1760番地1,,,,,,,,,,,yes,yes,,,,,,,,,,,,,,,,,,,,ostomate_universal_sheet_list,群馬県 オストメイト対応トイレ・ユニバーサルシート設置施設一覧,https://www.pref.gunma.jp/site/fukushinomachi/3013.html,2025,213,ostomate_location=1階 | universal_sheet_location=1階,phone=0279-30-0294 | opening_hours=8:30～21:30 | owner=渋川市 | 夜間救急：365日　19時～23時
10,群馬県,10208,渋川市,,渋川市役所本庁舎,,,,群馬県渋川市石原80番地,,,,,,,,,,,no,yes,,,,,,,,,,,,,,,,,,,,ostomate_universal_sheet_list,群馬県 オストメイト対応トイレ・ユニバーサルシート設置施設一覧,https://www.pref.gunma.jp/site/fukushinomachi/3013.html,2025,214,ostomate_location=1階,phone=0279-22-2111 | opening_hours=8:30～17:15 | owner=渋川市
10,群馬県,10208,渋川市,,渋川市役所第二庁舎,,,,群馬県渋川市石原6番地1,,,,,,,,,,,no,yes,,,,,,,,,,,,,,,,,,,,ostomate_universal_sheet_list,群馬県 オストメイト対応トイレ・ユニバーサルシート設置施設一覧,https://www.pref.gunma.jp/site/fukushinomachi/3013.html,2025,215,ostomate_location=1階、2階,phone=0279-22-2111 | opening_hours=8:30～17:15 | owner=渋川市
10,群馬県,10208,渋川市,,赤城公民館,,,,群馬県渋川市赤城町敷島568-1,,,,,,,,,,,no,yes,,,,,,,,,,,,,,,,,,,,ostomate_universal_sheet_list,群馬県 オストメイト対応トイレ・ユニバーサルシート設置施設一覧,https://www.pref.gunma.jp/site/fukushinomachi/3013.html,2025,216,ostomate_location=1階、2階,phone=0279-56-2214 | opening_hours=8:30～22:00 | owner=渋川市
10,群馬県,10208,渋川市,,渋川市環境学習多目的施設,,,,群馬県渋川市小野子3610番地,,,,,,,,,,,no,yes,,,,,,,,,,,,,,,,,,,,ostomate_universal_sheet_list,群馬県 オストメイト対応トイレ・ユニバーサルシート設置施設一覧,https://www.pref.gunma.jp/site/fukushinomachi/3013.html,2025,217,ostomate_location=1階,"phone=0279-22-2114 | opening_hours=8:30～12:00（午前）
13:00～17:00（午後）18:00～22:00（夜間） | owner=渋川市"
10,群馬県,10208,渋川市,,小野上公民館,,,,群馬県渋川市村上3756-3,,,,,,,,,,,no,yes,,,,,,,,,,,,,,,,,,,,ostomate_universal_sheet_list,群馬県 オストメイト対応トイレ・ユニバーサルシート設置施設一覧,https://www.pref.gunma.jp/site/fukushinomachi/3013.html,2025,218,ostomate_location=2階,phone=0279-59-7027 | opening_hours=8:30～22:00 | owner=渋川市
10,群馬県,10208,渋川市,,白井宿ふるさと物産館,,,,群馬県渋川市白井2318番地1,,,,,,,,,,,no,yes,,,,,,,,,,,,,,,,,,,,ostomate_universal_sheet_list,群馬県 オストメイト対応トイレ・ユニバーサルシート設置施設一覧,https://www.pref.gunma.jp/site/fukushinomachi/3013.html,2025,219,ostomate_location=1階,phone=0279-60-6600 | opening_hours=24時間 | owner=渋川市
10,群馬県,10208,渋川市,,渋川市民会館,,,,群馬県渋川市渋川2795番地,,,,,,,,,,,yes,yes,,,,,,,,,,,,,,,,,,,,ostomate_universal_sheet_list,群馬県 オストメイト対応トイレ・ユニバーサルシート設置施設一覧,https://www.pref.gunma.jp/site/fukushinomachi/3013.html,2025,220,ostomate_location=1階 | universal_sheet_location=1階,phone=0279-24-2261 | opening_hours=9:00～22:00 | owner=渋川市 | 17時以降に予約等利用がない場合は17:00に閉館となります。
10,群馬県,10208,渋川市,,"渋川すこやかプラザ
（子育て支援総合センター）",,,,群馬県渋川市渋川1338番地4,,,,,,,,,,,no,yes,,,,,,,,,,,,,,,,,,,,ostomate_universal_sheet_list,群馬県 オストメイト対応トイレ・ユニバーサルシート設置施設一覧,https://www.pref.gunma.jp/site/fukushinomachi/3013.html,2025,221,ostomate_location=1階,phone=0279-23-1877 | opening_hours=9:00～17:00 | owner=渋川市
10,群馬県,10208,渋川市,,観山広場トイレ,,,,群馬県渋川市伊香保町伊香保赤土93番1,,,,,,,,,,,no,yes,,,,,,,,,,,,,,,,,,,,ostomate_universal_sheet_list,群馬県 オストメイト対応トイレ・ユニバーサルシート設置施設一覧,https://www.pref.gunma.jp/site/fukushinomachi/3013.html,2025,222,ostomate_location=1階（建物南側）,phone=0279-22-2873 | opening_hours=24時間 | owner=渋川市
10,群馬県,10208,渋川市,,渋川中央公民館,,,,群馬県渋川市渋川908-21,,,,,,,,,,,no,yes,,,,,,,,,,,,,,,,,,,,ostomate_universal_sheet_list,群馬県 オストメイト対応トイレ・ユニバーサルシート設置施設一覧,https://www.pref.gunma.jp/site/fukushinomachi/3013.html,2025,223,ostomate_location=2階,phone=0279-22-4321 | opening_hours=8:30～22:00 | owner=渋川市
10,群馬県,10208,渋川市,,渋川市総合公園（野球場）,,,,群馬県渋川市渋川4272,,,,,,,,,,,no,yes,,,,,,,,,,,,,,,,,,,,ostomate_universal_sheet_list,群馬県 オストメイト対応トイレ・ユニバーサルシート設置施設一覧,https://www.pref.gunma.jp/site/fukushinomachi/3013.html,2025,224,ostomate_location=本部席裏トイレ,phone=0279-24-0535 | opening_hours=24時間（冬季閉鎖） | owner=渋川市 | 汚物流し無し。しびん洗浄水洗（シャワー）のみ。
10,群馬県,10208,渋川市,,渋川市総合公園（自由広場）,,,,群馬県渋川市渋川4272,,,,,,,,,,,no,yes,,,,,,,,,,,,,,,,,,,,ostomate_universal_sheet_list,群馬県 オストメイト対応トイレ・ユニバーサルシート設置施設一覧,https://www.pref.gunma.jp/site/fukushinomachi/3013.html,2025,225,ostomate_location=自由広場北トイレ,phone=0279-24-0535 | opening_hours=24時間 | owner=渋川市 | 汚物流し無し。しびん洗浄水洗（シャワー）のみ。
10,群馬県,10209,藤岡市,,本庁舎,,,,群馬県藤岡市中栗須327,,,,,,,,,,,no,yes,,,,,,,,,,,,,,,,,,,,ostomate_universal_sheet_list,群馬県 オストメイト対応トイレ・ユニバーサルシート設置施設一覧,https://www.pref.gunma.jp/site/fukushinomachi/3013.html,2025,226,ostomate_location=1階,phone=0274-22-1211 | opening_hours=8:30～17:15 | owner=藤岡市 | department=財政課
10,群馬県,10209,藤岡市,,ららん藤岡,,,,群馬県藤岡市中1131-8,,,,,,,,,,,no,yes,,,,,,,,,,,,,,,,,,,,ostomate_universal_sheet_list,群馬県 オストメイト対応トイレ・ユニバーサルシート設置施設一覧,https://www.pref.gunma.jp/site/fukushinomachi/3013.html,2025,227,ostomate_location=花の交流館内,phone=0274-24-8220 | opening_hours=10:00～18:00 | owner=藤岡市 | department=商業観光課
10,群馬県,10209,藤岡市,,藤岡市みかぼみらい館,,,,群馬県藤岡市藤岡2728,,,,,,,,,,,no,yes,,,,,,,,,,,,,,,,,,,,ostomate_universal_sheet_list,群馬県 オストメイト対応トイレ・ユニバーサルシート設置施設一覧,https://www.pref.gunma.jp/site/fukushinomachi/3013.html,2025,228,ostomate_location=1階小ホールホワイエ,phone=0274-22-5511 | opening_hours=9:00～17:00 | owner=藤岡市 | department=企画課 | 火曜休館
10,群馬県,10209,藤岡市,,藤岡市鬼石総合支所,,,,群馬県藤岡市鬼石170-1,,,,,,,,,,,no,yes,,,,,,,,,,,,,,,,,,,,ostomate_universal_sheet_list,群馬県 オストメイト対応トイレ・ユニバーサルシート設置施設一覧,https://www.pref.gunma.jp/site/fukushinomachi/3013.html,2025,229,ostomate_location=1階,phone=0274-52-3111 | opening_hours=8:30～17:15 | owner=藤岡市 | department=鬼石振興課
10,群馬県,10209,藤岡市,,教育庁舎,,,,群馬県藤岡市藤岡1485,,,,,,,,,,,no,yes,,,,,,,,,,,,,,,,,,,,ostomate_universal_sheet_list,群馬県 オストメイト対応トイレ・ユニバーサルシート設置施設一覧,https://www.pref.gunma.jp/site/fukushinomachi/3013.html,2025,230,ostomate_location=1階,phone=0274-50-8211 | opening_hours=8:30～17:15 | owner=藤岡市 | department=教育総務課
10,群馬県,10209,藤岡市,,藤岡市総合学習センター,,,,群馬県藤岡市藤岡1485,,,,,,,,,,,no,yes,,,,,,,,,,,,,,,,,,,,ostomate_universal_sheet_list,群馬県 オストメイト対応トイレ・ユニバーサルシート設置施設一覧,https://www.pref.gunma.jp/site/fukushinomachi/3013.html,2025,231,ostomate_location=1階,"phone=0274-50-8228 | opening_hours=平日9:00～22:00
日曜祝日9:00～17:00 | owner=藤岡市 | department=生涯学習課"
10,群馬県,10209,藤岡市,,藤岡市地域づくりセンター藤岡,,,,群馬県藤岡市藤岡1639-5,,,,,,,,,,,no,yes,,,,,,,,,,,,,,,,,,,,ostomate_universal_sheet_list,群馬県 オストメイト対応トイレ・ユニバーサルシート設置施設一覧,https://www.pref.gunma.jp/site/fukushinomachi/3013.html,2025,232,ostomate_location=1階,phone=0274-22-0534 | opening_hours=8:30～22:00 | owner=藤岡市 | department=地域づくり課
10,群馬県,10209,藤岡市,,藤岡市地域づくりセンター小野,,,,群馬県藤岡市森538,,,,,,,,,,,no,yes,,,,,,,,,,,,,,,,,,,,ostomate_universal_sheet_list,群馬県 オストメイト対応トイレ・ユニバーサルシート設置施設一覧,https://www.pref.gunma.jp/site/fukushinomachi/3013.html,2025,233,ostomate_location=1階,phone=0274-22-1239 | opening_hours=8:30～22:00 | owner=藤岡市 | department=地域づくり課 | 貸出がない場合は17:15まで
10,群馬県,10209,藤岡市,,藤岡市地域づくりセンター平井,,,,群馬県藤岡市緑埜738-1,,,,,,,,,,,no,yes,,,,,,,,,,,,,,,,,,,,ostomate_universal_sheet_list,群馬県 オストメイト対応トイレ・ユニバーサルシート設置施設一覧,https://www.pref.gunma.jp/site/fukushinomachi/3013.html,2025,234,ostomate_location=1階,phone=0274-22-1240 | opening_hours=8:30～22:00 | owner=藤岡市 | department=地域づくり課 | 貸出がない場合は17:15まで
10,群馬県,10209,藤岡市,,藤岡市地域づくりセンター神流,,,,群馬県藤岡市下戸塚184-1,,,,,,,,,,,no,yes,,,,,,,,,,,,,,,,,,,,ostomate_universal_sheet_list,群馬県 オストメイト対応トイレ・ユニバーサルシート設置施設一覧,https://www.pref.gunma.jp/site/fukushinomachi/3013.html,2025,235,ostomate_location=1階,phone=0274-24-0809 | opening_hours=8:30～22:00 | owner=藤岡市 | department=地域づくり課 | 貸出がない場合は17:15まで
10,群馬県,10209,藤岡市,,藤岡市地域づくりセンター美土里,,,,群馬県藤岡市下大塚16-1,,,,,,,,,,,no,yes,,,,,,,,,,,,,,,,,,,,ostomate_universal_sheet_list,群馬県 オストメイト対応トイレ・ユニバーサルシート設置施設一覧,https://www.pref.gunma.jp/site/fukushinomachi/3013.html,2025,236,ostomate_location=1階,phone=0274-22-1249 | opening_hours=8:30～22:00 | owner=藤岡市 | department=地域づくり課 | 貸出がない場合は17:15まで
10,群馬県,10209,藤岡市,,藤岡市地域づくりセンター美九里,,,,群馬県藤岡市神田1976-2,,,,,,,,,,,no,yes,,,,,,,,,,,,,,,,,,,,ostomate_universal_sheet_list,群馬県 オストメイト対応トイレ・ユニバーサルシート設置施設一覧,https://www.pref.gunma.jp/site/fukushinomachi/3013.html,2025,237,ostomate_location=1階,phone=0274-22-1334 | opening_hours=8:30～22:00 | owner=藤岡市 | department=地域づくり課 | 貸出がない場合は17:15まで
10,群馬県,10209,藤岡市,,藤岡市地域づくりセンター日野,,,,群馬県藤岡市下日野2271-3,,,,,,,,,,,no,yes,,,,,,,,,,,,,,,,,,,,ostomate_universal_sheet_list,群馬県 オストメイト対応トイレ・ユニバーサルシート設置施設一覧,https://www.pref.gunma.jp/site/fukushinomachi/3013.html,2025,238,ostomate_location=1階,phone=0274-28-0220 | opening_hours=8:30～22:00 | owner=藤岡市 | department=地域づくり課 | 貸出がない場合は17:15まで
10,群馬県,10209,藤岡市,,藤岡市防災公園,,,,群馬県藤岡市神田1547,,,,,,,,,,,no,yes,,,,,,,,,,,,,,,,,,,,ostomate_universal_sheet_list,群馬県 オストメイト対応トイレ・ユニバーサルシート設置施設一覧,https://www.pref.gunma.jp/site/fukushinomachi/3013.html,2025,239,ostomate_location=1階　防災倉庫,phone=0274-22-7444 | opening_hours=8:30～17:00 | owner=藤岡市 | department=地域安全課
10,群馬県,10209,藤岡市,,藤岡市防災公園,,,,群馬県藤岡市神田1547,,,,,,,,,,,no,yes,,,,,,,,,,,,,,,,,,,,ostomate_universal_sheet_list,群馬県 オストメイト対応トイレ・ユニバーサルシート設置施設一覧,https://www.pref.gunma.jp/site/fukushinomachi/3013.html,2025,240,ostomate_location=1階　公園内屋外トイレ,phone=0274-22-7444 | opening_hours=8:30～17:00 | owner=藤岡市 | department=地域安全課
10,群馬県,10209,藤岡市,,七輿の門,,,,藤岡市上落合805-3,,,,,,,,,,,no,yes,,,,,,,,,,,,,,,,,,,,ostomate_universal_sheet_list,群馬県 オストメイト対応トイレ・ユニバーサルシート設置施設一覧,https://www.pref.gunma.jp/site/fukushinomachi/3013.html,2025,241,ostomate_location=1階,phone=0274-23-9850 | opening_hours=24時間利用可能 | owner=藤岡市 | department=都市施設課
10,群馬県,10209,藤岡市,,群馬県藤岡合同庁舎,,,,群馬県藤岡市下栗須124-5,,,,,,,,,,,yes,yes,,,,,,,,,,,,,,,,,,,,ostomate_universal_sheet_list,群馬県 オストメイト対応トイレ・ユニバーサルシート設置施設一覧,https://www.pref.gunma.jp/site/fukushinomachi/3013.html,2025,242,ostomate_location=1階 | universal_sheet_location=1階,phone=0274-22-5101 | opening_hours=8:30～17:15 | owner=県 | department=藤岡行政県税事務所
10,群馬県,10209,藤岡市,,藤岡市複合施設ふじまる,,,,群馬県藤岡市藤岡942-1,,,,,,,,,,,yes,yes,,,,,,,,,,,,,,,,,,,,ostomate_universal_sheet_list,群馬県 オストメイト対応トイレ・ユニバーサルシート設置施設一覧,https://www.pref.gunma.jp/site/fukushinomachi/3013.html,2025,243,ostomate_location=託児エリア親子トイレ | universal_sheet_location=ホール前トイレ,phone=0274-22-0220 | opening_hours=9:00～21:00 | owner=藤岡市 | department=複合施設建設室
10,群馬県,10209,藤岡市,,藤岡市複合施設ふじまる,,,,群馬県藤岡市藤岡942-1,,,,,,,,,,,yes,yes,,,,,,,,,,,,,,,,,,,,ostomate_universal_sheet_list,群馬県 オストメイト対応トイレ・ユニバーサルシート設置施設一覧,https://www.pref.gunma.jp/site/fukushinomachi/3013.html,2025,244,ostomate_location=子育て・健康センター前トイレ | universal_sheet_location=子育て健康センター前トイレ,phone=0274-22-0220 | opening_hours=9:00～21:00 | owner=藤岡市 | department=複合施設建設室 | 図書館の休館日は、17:15まで
10,群馬県,10210,富岡市,,群馬県富岡合同庁舎,,,,群馬県富岡市田島343-1,,,,,,,,,,,no,yes,,,,,,,,,,,,,,,,,,,,ostomate_universal_sheet_list,群馬県 オストメイト対応トイレ・ユニバーサルシート設置施設一覧,https://www.pref.gunma.jp/site/fukushinomachi/3013.html,2025,245,ostomate_location=1階,phone=0274-62-9525 | opening_hours=8:30～17:15 | owner=県 | department=富岡行政県税事務所
10,群馬県,10210,富岡市,,富岡市役所庁舎,,,,群馬県富岡市富岡1460-1,,,,,,,,,,,no,yes,,,,,,,,,,,,,,,,,,,,ostomate_universal_sheet_list,群馬県 オストメイト対応トイレ・ユニバーサルシート設置施設一覧,https://www.pref.gunma.jp/site/fukushinomachi/3013.html,2025,246,ostomate_location=1階、2階,phone=0274-62-1511 | opening_hours=8:30～17:15 | owner=富岡市
10,群馬県,10210,富岡市,,仲町まちなか交流館,,,,群馬県富岡市富岡1025-1,,,,,,,,,,,no,yes,,,,,,,,,,,,,,,,,,,,ostomate_universal_sheet_list,群馬県 オストメイト対応トイレ・ユニバーサルシート設置施設一覧,https://www.pref.gunma.jp/site/fukushinomachi/3013.html,2025,247,ostomate_location=仲町まちなか交流館隣,"phone=0274-62-5439 | opening_hours=9:00～17:00
12月29日～31日のみ使用不可 | owner=富岡市"
10,群馬県,10210,富岡市,,上町駐車場トイレ,,,,群馬県富岡市富岡1469-1,,,,,,,,,,,yes,yes,,,,,,,,,,,,,,,,,,,,ostomate_universal_sheet_list,群馬県 オストメイト対応トイレ・ユニバーサルシート設置施設一覧,https://www.pref.gunma.jp/site/fukushinomachi/3013.html,2025,248,ostomate_location=上町駐車場内 | universal_sheet_location=上町駐車場内,phone=0274-62-5439 | opening_hours=24時間 | owner=富岡市
10,群馬県,10210,富岡市,,ひかり公園,,,,群馬県富岡市富岡1452-1,,,,,,,,,,,no,yes,,,,,,,,,,,,,,,,,,,,ostomate_universal_sheet_list,群馬県 オストメイト対応トイレ・ユニバーサルシート設置施設一覧,https://www.pref.gunma.jp/site/fukushinomachi/3013.html,2025,249,ostomate_location=公園内,phone=0274-62-1511 | opening_hours=24時間 | owner=富岡市
10,群馬県,10210,富岡市,,旧富岡倉庫広場トイレ,,,,群馬県富岡市富岡1450-1,,,,,,,,,,,no,yes,,,,,,,,,,,,,,,,,,,,ostomate_universal_sheet_list,群馬県 オストメイト対応トイレ・ユニバーサルシート設置施設一覧,https://www.pref.gunma.jp/site/fukushinomachi/3013.html,2025,250,ostomate_location=旧富岡倉庫広場内,"phone=0274-62-5439 | opening_hours=24時間
12月29日～31日のみ使用不可 | owner=富岡市"
10,群馬県,10210,富岡市,,富岡北部運動公園,,,,群馬県富岡市上黒岩1377-1,,,,,,,,,,,yes,no,,,,,,,,,,,,,,,,,,,,ostomate_universal_sheet_list,群馬県 オストメイト対応トイレ・ユニバーサルシート設置施設一覧,https://www.pref.gunma.jp/site/fukushinomachi/3013.html,2025,251,universal_sheet_location=公園内（体育館南側）,phone=0274-62-1511 | opening_hours=8:30～22:00 | owner=富岡市
10,群馬県,10210,富岡市,,富岡市子育て健康プラザ,,,,群馬県富岡市富岡1344,,,,,,,,,,,no,yes,,,,,,,,,,,,,,,,,,,,ostomate_universal_sheet_list,群馬県 オストメイト対応トイレ・ユニバーサルシート設置施設一覧,https://www.pref.gunma.jp/site/fukushinomachi/3013.html,2025,252,ostomate_location=1階、2階,phone=0274-64-1901 | opening_hours=平日8:30～18:00 土日9:00～18:00 | owner=富岡市
10,群馬県,10210,富岡市,,富岡製糸場,,,,群馬県富岡市富岡1-1,,,,,,,,,,,yes,yes,,,,,,,,,,,,,,,,,,,,ostomate_universal_sheet_list,群馬県 オストメイト対応トイレ・ユニバーサルシート設置施設一覧,https://www.pref.gunma.jp/site/fukushinomachi/3013.html,2025,253,ostomate_location=社宅76西側、繰糸所出口 | universal_sheet_location=繰糸所出口,phone=0274-64-0005 | opening_hours=9:00～17:00 | owner=富岡市
10,群馬県,10211,安中市,,あんなかスマイルパーク,,,,群馬県安中市原市1990-1,,,,,,,,,,,no,yes,,,,,,,,,,,,,,,,,,,,ostomate_universal_sheet_list,群馬県 オストメイト対応トイレ・ユニバーサルシート設置施設一覧,https://www.pref.gunma.jp/site/fukushinomachi/3013.html,2025,254,ostomate_location=スマイル棟内,phone=027-380-2525 | opening_hours=9:00～17:00 | owner=安中市
10,群馬県,10211,安中市,,磯部公園,,,,群馬県安中市磯部1-12-21（磯部温泉会館）,,,,,,,,,,,no,yes,,,,,,,,,,,,,,,,,,,,ostomate_universal_sheet_list,群馬県 オストメイト対応トイレ・ユニバーサルシート設置施設一覧,https://www.pref.gunma.jp/site/fukushinomachi/3013.html,2025,255,ostomate_location=磯部温泉会館前,phone=027-382-1111 | opening_hours=24時間 | owner=安中市
10,群馬県,10211,安中市,,安中市文化センター,,,,群馬県安中市安中3-9-63,,,,,,,,,,,no,yes,,,,,,,,,,,,,,,,,,,,ostomate_universal_sheet_list,群馬県 オストメイト対応トイレ・ユニバーサルシート設置施設一覧,https://www.pref.gunma.jp/site/fukushinomachi/3013.html,2025,256,ostomate_location=1階,phone=027-381-0586 | opening_hours=9:00～18:00 | owner=安中市
10,群馬県,10211,安中市,,簗瀬二子塚古墳ガイダンス棟,,,,群馬県安中市簗瀬756-1,,,,,,,,,,,yes,yes,,,,,,,,,,,,,,,,,,,,ostomate_universal_sheet_list,群馬県 オストメイト対応トイレ・ユニバーサルシート設置施設一覧,https://www.pref.gunma.jp/site/fukushinomachi/3013.html,2025,257,ostomate_location=ガイダンス棟内 | universal_sheet_location=ガイダンス棟内,phone=027-382-1111 | opening_hours=8:30～17:00 | owner=安中市
10,群馬県,10211,安中市,,公立碓氷病院,,,,群馬県安中市原市1-9-10,,,,,,,,,,,no,yes,,,,,,,,,,,,,,,,,,,,ostomate_universal_sheet_list,群馬県 オストメイト対応トイレ・ユニバーサルシート設置施設一覧,https://www.pref.gunma.jp/site/fukushinomachi/3013.html,2025,258,ostomate_location=1階,phone=027-385-8221 | opening_hours=8:30～16:30 | owner=安中市
10,群馬県,10211,安中市,,安中市本庁舎,,,,群馬県安中市1-23-13,,,,,,,,,,,yes,no,,,,,,,,,,,,,,,,,,,,ostomate_universal_sheet_list,群馬県 オストメイト対応トイレ・ユニバーサルシート設置施設一覧,https://www.pref.gunma.jp/site/fukushinomachi/3013.html,2025,259,universal_sheet_location=2階,phone=027-382-1111 | opening_hours=8:30～17:15 | owner=安中市
10,群馬県,10212,みどり市,,大間々駅前観光案内所,,,,群馬県みどり市大間々町大間々1358-4,,,,,,,,,,,no,yes,,,,,,,,,,,,,,,,,,,,ostomate_universal_sheet_list,群馬県 オストメイト対応トイレ・ユニバーサルシート設置施設一覧,https://www.pref.gunma.jp/site/fukushinomachi/3013.html,2025,260,ostomate_location=1階,phone=0277-76-1270 | opening_hours=9:00～16:00 | owner=みどり市
10,群馬県,10212,みどり市,,大間々博物館第二駐車場公衆トイレ,,,,群馬県みどり市大間々町大間々1026-3,,,,,,,,,,,no,yes,,,,,,,,,,,,,,,,,,,,ostomate_universal_sheet_list,群馬県 オストメイト対応トイレ・ユニバーサルシート設置施設一覧,https://www.pref.gunma.jp/site/fukushinomachi/3013.html,2025,261,ostomate_location=1階,phone=0277-76-1270 | opening_hours=24時間 | owner=みどり市
10,群馬県,10212,みどり市,,ながめ公園北駐車場公衆トイレ,,,,群馬県みどり市大間々町桐原1183-8,,,,,,,,,,,no,yes,,,,,,,,,,,,,,,,,,,,ostomate_universal_sheet_list,群馬県 オストメイト対応トイレ・ユニバーサルシート設置施設一覧,https://www.pref.gunma.jp/site/fukushinomachi/3013.html,2025,262,ostomate_location=1階,phone=0277-76-1270 | opening_hours=24時間 | owner=みどり市
10,群馬県,10212,みどり市,,まちなか交流館,,,,群馬県みどり市大間々町大間々1034-5,,,,,,,,,,,no,yes,,,,,,,,,,,,,,,,,,,,ostomate_universal_sheet_list,群馬県 オストメイト対応トイレ・ユニバーサルシート設置施設一覧,https://www.pref.gunma.jp/site/fukushinomachi/3013.html,2025,263,ostomate_location=1階,phone=0277-76-1270 | opening_hours=9:00～17:00 | owner=みどり市
10,群馬県,10212,みどり市,,はねたき広場,,,,群馬県みどり市大間々町大間々2239,,,,,,,,,,,no,yes,,,,,,,,,,,,,,,,,,,,ostomate_universal_sheet_list,群馬県 オストメイト対応トイレ・ユニバーサルシート設置施設一覧,https://www.pref.gunma.jp/site/fukushinomachi/3013.html,2025,264,ostomate_location=1階,phone=0277-76-1270 | opening_hours=0:00～24:00 | owner=みどり市
10,群馬県,10212,みどり市,,阿左美駅公衆トイレ,,,,群馬県みどり市笠懸町阿左美1032-2-5,,,,,,,,,,,yes,yes,,,,,,,,,,,,,,,,,,,,ostomate_universal_sheet_list,群馬県 オストメイト対応トイレ・ユニバーサルシート設置施設一覧,https://www.pref.gunma.jp/site/fukushinomachi/3013.html,2025,265,ostomate_location=1階 | universal_sheet_location=1階,phone=－ | opening_hours=0:00～24:00 | owner=みどり市
10,群馬県,10212,みどり市,,みどり市多世代交流館,,,,群馬県みどり市大間々町塩原363,,,,,,,,,,,yes,yes,,,,,,,,,,,,,,,,,,,,ostomate_universal_sheet_list,群馬県 オストメイト対応トイレ・ユニバーサルシート設置施設一覧,https://www.pref.gunma.jp/site/fukushinomachi/3013.html,2025,266,ostomate_location=1階、2階 | universal_sheet_location=1階、2階,phone=0277-72-1547 | opening_hours=9:00～22:00 | owner=みどり市
10,群馬県,10212,みどり市,,富弘美術館,,,,群馬県みどり市東町草木86,,,,,,,,,,,yes,yes,,,,,,,,,,,,,,,,,,,,ostomate_universal_sheet_list,群馬県 オストメイト対応トイレ・ユニバーサルシート設置施設一覧,https://www.pref.gunma.jp/site/fukushinomachi/3013.html,2025,267,ostomate_location=1階 | universal_sheet_location=1階,phone=0277-95-6333 | opening_hours=9:00～17:00 | owner=みどり市
10,群馬県,10212,みどり市,,みどり市介護予防複合施設,,,,群馬県みどり市大間々町大間々1378,,,,,,,,,,,yes,no,,,,,,,,,,,,,,,,,,,,ostomate_universal_sheet_list,群馬県 オストメイト対応トイレ・ユニバーサルシート設置施設一覧,https://www.pref.gunma.jp/site/fukushinomachi/3013.html,2025,268,universal_sheet_location=1階,phone=0277-72-1765 | opening_hours=9:00～16:00 | owner=みどり市
10,群馬県,10212,みどり市,,西鹿田中島遺跡ガイダンス施設,,,,群馬県みどり市笠懸町西鹿田885-1,,,,,,,,,,,no,yes,,,,,,,,,,,,,,,,,,,,ostomate_universal_sheet_list,群馬県 オストメイト対応トイレ・ユニバーサルシート設置施設一覧,https://www.pref.gunma.jp/site/fukushinomachi/3013.html,2025,269,ostomate_location=1階南側,phone=0277-32-3652 | opening_hours=24時間 | owner=みどり市
10,群馬県,10212,みどり市,,みどり市役所大間々庁舎,,,,群馬県みどり市大間々町大間々1511,,,,,,,,,,,no,yes,,,,,,,,,,,,,,,,,,,,ostomate_universal_sheet_list,群馬県 オストメイト対応トイレ・ユニバーサルシート設置施設一覧,https://www.pref.gunma.jp/site/fukushinomachi/3013.html,2025,270,ostomate_location=1階,phone=0277-76-2111 | opening_hours=8:30～17:15 | owner=みどり市
10,群馬県,10212,みどり市,,神戸駅ビジタートイレ,,,,群馬県みどり市東町神戸891,,,,,,,,,,,no,yes,,,,,,,,,,,,,,,,,,,,ostomate_universal_sheet_list,群馬県 オストメイト対応トイレ・ユニバーサルシート設置施設一覧,https://www.pref.gunma.jp/site/fukushinomachi/3013.html,2025,271,ostomate_location=1階,phone=0277-76-0984 | opening_hours=24時間 | owner=みどり市
10,群馬県,10212,みどり市,,東公民館,,,,群馬県みどり市東町花輪205-2,,,,,,,,,,,no,yes,,,,,,,,,,,,,,,,,,,,ostomate_universal_sheet_list,群馬県 オストメイト対応トイレ・ユニバーサルシート設置施設一覧,https://www.pref.gunma.jp/site/fukushinomachi/3013.html,2025,272,ostomate_location=3階,phone=0277-97-2721 | opening_hours=8:30～17:15 | owner=みどり市
10,群馬県,10344,榛東村,,榛東村役場庁舎,,,,群馬県北群馬郡榛東村大字新井790-1,,,,,,,,,,,yes,yes,,,,,,,,,,,,,,,,,,,,ostomate_universal_sheet_list,群馬県 オストメイト対応トイレ・ユニバーサルシート設置施設一覧,https://www.pref.gunma.jp/site/fukushinomachi/3013.html,2025,273,ostomate_location=1階南　2階南 | universal_sheet_location=1階南,phone=0279-54-2211 | opening_hours=8:30～17:15 | owner=榛東村
10,群馬県,10344,榛東村,,榛東村南部コミュニティセンター,,,,群馬県北群馬郡榛東村大字広馬場1088,,,,,,,,,,,no,yes,,,,,,,,,,,,,,,,,,,,ostomate_universal_sheet_list,群馬県 オストメイト対応トイレ・ユニバーサルシート設置施設一覧,https://www.pref.gunma.jp/site/fukushinomachi/3013.html,2025,274,ostomate_location=1階,phone=0279-54-0488 | opening_hours=8:30～22:00 | owner=榛東村
10,群馬県,10344,榛東村,,榛東村保健相談センター,,,,群馬県北群馬郡榛東村大字新井793-2,,,,,,,,,,,no,yes,,,,,,,,,,,,,,,,,,,,ostomate_universal_sheet_list,群馬県 オストメイト対応トイレ・ユニバーサルシート設置施設一覧,https://www.pref.gunma.jp/site/fukushinomachi/3013.html,2025,275,ostomate_location=1階,phone=0279-70-8052 | opening_hours=8:30～17:15 | owner=榛東村 | 多目的トイレ有
10,群馬県,10345,吉岡町,,吉岡町役場,,,,群馬県北群馬郡吉岡町大字下野田560,,,,,,,,,,,no,yes,,,,,,,,,,,,,,,,,,,,ostomate_universal_sheet_list,群馬県 オストメイト対応トイレ・ユニバーサルシート設置施設一覧,https://www.pref.gunma.jp/site/fukushinomachi/3013.html,2025,276,ostomate_location=1階,phone=0279-54-3111 | opening_hours=8:30～17:15 | owner=吉岡町
10,群馬県,10345,吉岡町,,吉岡町文化センター,,,,群馬県北群馬郡吉岡町大字下野田472,,,,,,,,,,,no,yes,,,,,,,,,,,,,,,,,,,,ostomate_universal_sheet_list,群馬県 オストメイト対応トイレ・ユニバーサルシート設置施設一覧,https://www.pref.gunma.jp/site/fukushinomachi/3013.html,2025,277,ostomate_location=1階,phone=0279-54-1161 | opening_hours=9:00～18:00 | owner=吉岡町
10,群馬県,10345,吉岡町,,道の駅よしおか温泉,,,,群馬県北群馬郡吉岡町大字漆原2004,,,,,,,,,,,yes,no,,,,,,,,,,,,,,,,,,,,ostomate_universal_sheet_list,群馬県 オストメイト対応トイレ・ユニバーサルシート設置施設一覧,https://www.pref.gunma.jp/site/fukushinomachi/3013.html,2025,278,universal_sheet_location=屋外トイレ棟,phone=0279-54-1221 | opening_hours=24時間 | owner=吉岡町
10,群馬県,10366,上野村,,道の駅　上野,,,,群馬県多野郡上野村勝山甲131,,,,,,,,,,,yes,yes,,,,,,,,,,,,,,,,,,,,ostomate_universal_sheet_list,群馬県 オストメイト対応トイレ・ユニバーサルシート設置施設一覧,https://www.pref.gunma.jp/site/fukushinomachi/3013.html,2025,279,ostomate_location=1階 | universal_sheet_location=1階,phone=0274-59-2665 | opening_hours=24時間利用可能 | owner=上野村
10,群馬県,10367,神流町,,道の駅「万葉の里」,,,,群馬県多野郡神流町大字黒田742-1,,,,,,,,,,,no,yes,,,,,,,,,,,,,,,,,,,,ostomate_universal_sheet_list,群馬県 オストメイト対応トイレ・ユニバーサルシート設置施設一覧,https://www.pref.gunma.jp/site/fukushinomachi/3013.html,2025,280,ostomate_location=1階,phone=0274-20-5555 | opening_hours=24時間利用可能 | owner=神流町 | ベビーシートのみ
10,群馬県,10367,神流町,,神流町図書館,,,,群馬県多野郡神流町大字万場140-5,,,,,,,,,,,yes,no,,,,,,,,,,,,,,,,,,,,ostomate_universal_sheet_list,群馬県 オストメイト対応トイレ・ユニバーサルシート設置施設一覧,https://www.pref.gunma.jp/site/fukushinomachi/3013.html,2025,281,universal_sheet_location=1階,phone=0274-57-2364 | opening_hours=9:00～17:00 | owner=神流町 | ベビーシートのみ
10,群馬県,10367,神流町,,フォレストベース,,,,群馬県多野郡神流町大字小平373-3,,,,,,,,,,,yes,no,,,,,,,,,,,,,,,,,,,,ostomate_universal_sheet_list,群馬県 オストメイト対応トイレ・ユニバーサルシート設置施設一覧,https://www.pref.gunma.jp/site/fukushinomachi/3013.html,2025,282,universal_sheet_location=1階,phone=なし | opening_hours=9:00～16:00 | owner=神流町 | ベビーシートのみ
10,群馬県,10384,甘楽町,,にこにこ甘楽（甘楽町多世代サポートセンター）,,,,群馬県甘楽郡甘楽町大字白倉1395-1,,,,,,,,,,,no,yes,,,,,,,,,,,,,,,,,,,,ostomate_universal_sheet_list,群馬県 オストメイト対応トイレ・ユニバーサルシート設置施設一覧,https://www.pref.gunma.jp/site/fukushinomachi/3013.html,2025,283,ostomate_location=1階,phone=0274-67-7655 | opening_hours=8:30～18:00 | owner=甘楽町 | 水曜日は19:15まで（祝日除く）
10,群馬県,10384,甘楽町,,道の駅　甘楽,,,,群馬県甘楽郡甘楽町大字小幡444-1,,,,,,,,,,,no,yes,,,,,,,,,,,,,,,,,,,,ostomate_universal_sheet_list,群馬県 オストメイト対応トイレ・ユニバーサルシート設置施設一覧,https://www.pref.gunma.jp/site/fukushinomachi/3013.html,2025,284,ostomate_location=外,phone=0274-74-5445 | opening_hours=24時間 | owner=甘楽町
10,群馬県,10384,甘楽町,,甘楽ふるさと館,,,,群馬県甘楽郡甘楽町大字小幡2014-1,,,,,,,,,,,no,yes,,,,,,,,,,,,,,,,,,,,ostomate_universal_sheet_list,群馬県 オストメイト対応トイレ・ユニバーサルシート設置施設一覧,https://www.pref.gunma.jp/site/fukushinomachi/3013.html,2025,285,ostomate_location=1階（もみじの間）,phone=0274-74-2660 | opening_hours=11:00～20:30 | owner=甘楽町
10,群馬県,10384,甘楽町,,長岡今朝吉記念ギャラリー,,,,群馬県甘楽郡甘楽町大字小幡544-2,,,,,,,,,,,no,yes,,,,,,,,,,,,,,,,,,,,ostomate_universal_sheet_list,群馬県 オストメイト対応トイレ・ユニバーサルシート設置施設一覧,https://www.pref.gunma.jp/site/fukushinomachi/3013.html,2025,286,ostomate_location=1階,phone=0274-74-7575 | opening_hours=9:00～17:00 | owner=甘楽町
10,群馬県,10421,中之条町,,王子原近藤児童公園,,,,群馬県吾妻郡中之条町大字中之条町1087-1,,,,,,,,,,,no,yes,,,,,,,,,,,,,,,,,,,,ostomate_universal_sheet_list,群馬県 オストメイト対応トイレ・ユニバーサルシート設置施設一覧,https://www.pref.gunma.jp/site/fukushinomachi/3013.html,2025,287,ostomate_location=1階,phone=なし | opening_hours=24時間 | owner=中之条町
10,群馬県,10421,中之条町,,道の駅霊山たけやま,,,,群馬県吾妻郡中之条町大字五反田222－1,,,,,,,,,,,no,yes,,,,,,,,,,,,,,,,,,,,ostomate_universal_sheet_list,群馬県 オストメイト対応トイレ・ユニバーサルシート設置施設一覧,https://www.pref.gunma.jp/site/fukushinomachi/3013.html,2025,288,ostomate_location=1階,phone=0279-75-7280 | opening_hours=24時間 | owner=中之条町
10,群馬県,10421,中之条町,,ふるさと交流センターつむじ,,,,群馬県吾妻郡中之条町大字中之条町938,,,,,,,,,,,no,yes,,,,,,,,,,,,,,,,,,,,ostomate_universal_sheet_list,群馬県 オストメイト対応トイレ・ユニバーサルシート設置施設一覧,https://www.pref.gunma.jp/site/fukushinomachi/3013.html,2025,289,ostomate_location=1階,phone=0279-26-3751 | opening_hours=24時間 | owner=中之条町
10,群馬県,10421,中之条町,,赤岩地区公衆トイレ,,,,群馬県吾妻郡中之条町大字赤岩607,,,,,,,,,,,no,yes,,,,,,,,,,,,,,,,,,,,ostomate_universal_sheet_list,群馬県 オストメイト対応トイレ・ユニバーサルシート設置施設一覧,https://www.pref.gunma.jp/site/fukushinomachi/3013.html,2025,290,ostomate_location=1階,phone=なし | opening_hours=24時間 | owner=中之条町
10,群馬県,10421,中之条町,,中之条町文化会館(バイテック文化ホール),,,,群馬県吾妻郡中之条町大字西中之条135,,,,,,,,,,,no,yes,,,,,,,,,,,,,,,,,,,,ostomate_universal_sheet_list,群馬県 オストメイト対応トイレ・ユニバーサルシート設置施設一覧,https://www.pref.gunma.jp/site/fukushinomachi/3013.html,2025,291,ostomate_location=1階,phone=0279-75-5174 | opening_hours=8:30～17:15 | owner=中之条町
10,群馬県,10421,中之条町,,中之条町六合支所,,,,群馬県吾妻郡中之条町大字小雨577-1,,,,,,,,,,,no,yes,,,,,,,,,,,,,,,,,,,,ostomate_universal_sheet_list,群馬県 オストメイト対応トイレ・ユニバーサルシート設置施設一覧,https://www.pref.gunma.jp/site/fukushinomachi/3013.html,2025,292,ostomate_location=1階,phone=0279-95-3111 | opening_hours=24時間 | owner=中之条町
10,群馬県,10421,中之条町,,中之条町道の駅六合,,,,群馬県吾妻郡中之条町大字小雨29,,,,,,,,,,,no,yes,,,,,,,,,,,,,,,,,,,,ostomate_universal_sheet_list,群馬県 オストメイト対応トイレ・ユニバーサルシート設置施設一覧,https://www.pref.gunma.jp/site/fukushinomachi/3013.html,2025,293,ostomate_location=1階,phone=0279-95-3219 | opening_hours=24時間 | owner=中之条町
10,群馬県,10421,中之条町,,群馬県中之条合同庁舎,,,,群馬県吾妻郡中之条町大字中之条町664,,,,,,,,,,,yes,yes,,,,,,,,,,,,,,,,,,,,ostomate_universal_sheet_list,群馬県 オストメイト対応トイレ・ユニバーサルシート設置施設一覧,https://www.pref.gunma.jp/site/fukushinomachi/3013.html,2025,294,ostomate_location=1階 | universal_sheet_location=1階,phone=0279-75-3301 | opening_hours=8:30～17:15 | owner=県 | department=吾妻行政県税事務所
10,群馬県,10421,中之条町,,吾妻保健福祉事務所,,,,群馬県吾妻郡中之条町西中之条183-1,,,,,,,,,,,no,yes,,,,,,,,,,,,,,,,,,,,ostomate_universal_sheet_list,群馬県 オストメイト対応トイレ・ユニバーサルシート設置施設一覧,https://www.pref.gunma.jp/site/fukushinomachi/3013.html,2025,295,ostomate_location=1階,phone=0279-75-3303 | opening_hours=8:30～17:15 | owner=県 | department=吾妻保健福祉事務所
10,群馬県,10424,長野原町,,長野原町役場（長野原町住民総合センター）,,,,群馬県吾妻郡長野原町長野原1340-1,,,,,,,,,,,no,yes,,,,,,,,,,,,,,,,,,,,ostomate_universal_sheet_list,群馬県 オストメイト対応トイレ・ユニバーサルシート設置施設一覧,https://www.pref.gunma.jp/site/fukushinomachi/3013.html,2025,296,"ostomate_location=エントランス１カ所
住民総合センター内１カ所",phone=0279-82-2244 | opening_hours=8:30～17:15 | owner=長野原町 | 時間外でも、住民総合センター内で行事等開催中は利用可
10,群馬県,10424,長野原町,,道の駅八ッ場ふるさと館,,,,群馬県吾妻郡長野原町林1567-4,,,,,,,,,,,no,yes,,,,,,,,,,,,,,,,,,,,ostomate_universal_sheet_list,群馬県 オストメイト対応トイレ・ユニバーサルシート設置施設一覧,https://www.pref.gunma.jp/site/fukushinomachi/3013.html,2025,297,ostomate_location=館内・外,phone=0279-83-8088 | opening_hours=店内は8:30～18:00（冬季17:00）、外は24時間利用可 | owner=長野原町 | 店内冬季第２・第４水曜休業
10,群馬県,10424,長野原町,,八ッ場湖の駅　丸岩,,,,群馬県吾妻郡長野原町横壁904-3,,,,,,,,,,,no,yes,,,,,,,,,,,,,,,,,,,,ostomate_universal_sheet_list,群馬県 オストメイト対応トイレ・ユニバーサルシート設置施設一覧,https://www.pref.gunma.jp/site/fukushinomachi/3013.html,2025,298,ostomate_location=1階,phone=0279-82-5056 | opening_hours=9:00～16:00 | owner=長野原町 | 水曜休業
10,群馬県,10424,長野原町,,やんば天明泥流ミュージアム,,,,群馬県吾妻郡長野原町林1464-3,,,,,,,,,,,no,yes,,,,,,,,,,,,,,,,,,,,ostomate_universal_sheet_list,群馬県 オストメイト対応トイレ・ユニバーサルシート設置施設一覧,https://www.pref.gunma.jp/site/fukushinomachi/3013.html,2025,299,ostomate_location=入館エリア内,phone=0279-82-5150 | opening_hours=9:00～16:30 | owner=長野原町 | 入館料有り、水曜休業
10,群馬県,10424,長野原町,,若人の館（体育館）,,,,群馬県吾妻郡長野原町与喜屋292,,,,,,,,,,,no,yes,,,,,,,,,,,,,,,,,,,,ostomate_universal_sheet_list,群馬県 オストメイト対応トイレ・ユニバーサルシート設置施設一覧,https://www.pref.gunma.jp/site/fukushinomachi/3013.html,2025,300,ostomate_location=1階,phone=0279-82-2248 | owner=長野原町 | 行事等開催中のみ利用可
10,群馬県,10424,長野原町,,オークワテラス,,,,群馬県吾妻郡長野原町応桑20-2,,,,,,,,,,,no,yes,,,,,,,,,,,,,,,,,,,,ostomate_universal_sheet_list,群馬県 オストメイト対応トイレ・ユニバーサルシート設置施設一覧,https://www.pref.gunma.jp/site/fukushinomachi/3013.html,2025,301,ostomate_location=1階共用エリア内,opening_hours=8:30～17:00 | owner=長野原町 | 休館日：日曜、祝日、第１・３・５土曜日
10,群馬県,10425,嬬恋村,,仙ノ入公衆トイレ,,,,嬬恋村大字今井1568-111,,,,,,,,,,,yes,yes,,,,,,,,,,,,,,,,,,,,ostomate_universal_sheet_list,群馬県 オストメイト対応トイレ・ユニバーサルシート設置施設一覧,https://www.pref.gunma.jp/site/fukushinomachi/3013.html,2025,302,ostomate_location=1階 | universal_sheet_location=1階,owner=県 | department=中之条土木事務所　　　(施設管理係)
10,群馬県,10425,嬬恋村,,鎌原観音堂前トイレ,,,,嬬恋村大字鎌原483-7,,,,,,,,,,,no,yes,,,,,,,,,,,,,,,,,,,,ostomate_universal_sheet_list,群馬県 オストメイト対応トイレ・ユニバーサルシート設置施設一覧,https://www.pref.gunma.jp/site/fukushinomachi/3013.html,2025,303,ostomate_location=1階,owner=嬬恋村
10,群馬県,10425,嬬恋村,,あさまのいぶき,,,,嬬恋村鎌原493-17,,,,,,,,,,,no,yes,,,,,,,,,,,,,,,,,,,,ostomate_universal_sheet_list,群馬県 オストメイト対応トイレ・ユニバーサルシート設置施設一覧,https://www.pref.gunma.jp/site/fukushinomachi/3013.html,2025,304,ostomate_location=1階,phone=0279-82-1283 | opening_hours=10:00～15:00 | owner=嬬恋村
10,群馬県,10425,嬬恋村,,水車横トイレ,,,,嬬恋村鎌原494-45,,,,,,,,,,,yes,yes,,,,,,,,,,,,,,,,,,,,ostomate_universal_sheet_list,群馬県 オストメイト対応トイレ・ユニバーサルシート設置施設一覧,https://www.pref.gunma.jp/site/fukushinomachi/3013.html,2025,305,ostomate_location=1階 | universal_sheet_location=1階,owner=嬬恋村
10,群馬県,10425,嬬恋村,,嬬恋村交流センター,,,,嬬恋村鎌原494-45,,,,,,,,,,,yes,no,,,,,,,,,,,,,,,,,,,,ostomate_universal_sheet_list,群馬県 オストメイト対応トイレ・ユニバーサルシート設置施設一覧,https://www.pref.gunma.jp/site/fukushinomachi/3013.html,2025,306,universal_sheet_location=1階,owner=嬬恋村
10,群馬県,10426,草津町,,草津温泉バスターミナル,,,,群馬県吾妻郡草津町大字草津28,,,,,,,,,,,no,yes,,,,,,,,,,,,,,,,,,,,ostomate_universal_sheet_list,群馬県 オストメイト対応トイレ・ユニバーサルシート設置施設一覧,https://www.pref.gunma.jp/site/fukushinomachi/3013.html,2025,307,ostomate_location=1階,phone=0279-88-3582 | opening_hours=6:00～21:00 | owner=草津町
10,群馬県,10426,草津町,,道の駅「草津運動茶屋公園」,,,,群馬県吾妻郡草津町大字草津2-1,,,,,,,,,,,no,yes,,,,,,,,,,,,,,,,,,,,ostomate_universal_sheet_list,群馬県 オストメイト対応トイレ・ユニバーサルシート設置施設一覧,https://www.pref.gunma.jp/site/fukushinomachi/3013.html,2025,308,ostomate_location=1階,phone=0279-88-0881 | opening_hours=24時間利用可能 | owner=草津町
10,群馬県,10428,高山村,,道の駅　中山盆地,,,,群馬県吾妻郡高山村大字中山2357-1,,,,,,,,,,,yes,no,,,,,,,,,,,,,,,,,,,,ostomate_universal_sheet_list,群馬県 オストメイト対応トイレ・ユニバーサルシート設置施設一覧,https://www.pref.gunma.jp/site/fukushinomachi/3013.html,2025,309,universal_sheet_location=外トイレ,phone=0279-63-2000 | opening_hours=24時間 | owner=高山村
10,群馬県,10428,高山村,,たかやま未来センター　さとのわ,,,,群馬県吾妻郡高山村大字中山2357-3,,,,,,,,,,,yes,no,,,,,,,,,,,,,,,,,,,,ostomate_universal_sheet_list,群馬県 オストメイト対応トイレ・ユニバーサルシート設置施設一覧,https://www.pref.gunma.jp/site/fukushinomachi/3013.html,2025,310,universal_sheet_location=1階,phone=0279-25-8833 | opening_hours=10:00～17:00 | owner=高山村
10,群馬県,10429,東吾妻町,,東吾妻町役場庁舎,,,,群馬県吾妻郡東吾妻町原町1046,,,,,,,,,,,no,yes,,,,,,,,,,,,,,,,,,,,ostomate_universal_sheet_list,群馬県 オストメイト対応トイレ・ユニバーサルシート設置施設一覧,https://www.pref.gunma.jp/site/fukushinomachi/3013.html,2025,311,ostomate_location=1階、2階、3階,phone=0279-68-2111 | opening_hours=8:30～17:15 | owner=東吾妻町
10,群馬県,10429,東吾妻町,,JR群馬原町駅公衆トイレ,,,,群馬県吾妻郡東吾妻町原町628-8,,,,,,,,,,,no,yes,,,,,,,,,,,,,,,,,,,,ostomate_universal_sheet_list,群馬県 オストメイト対応トイレ・ユニバーサルシート設置施設一覧,https://www.pref.gunma.jp/site/fukushinomachi/3013.html,2025,312,ostomate_location=1階,opening_hours=0:00～24:00 | owner=東吾妻町
10,群馬県,10429,東吾妻町,,JR岩島駅公衆トイレ,,,,群馬県吾妻郡東吾妻町岩下772-2,,,,,,,,,,,no,yes,,,,,,,,,,,,,,,,,,,,ostomate_universal_sheet_list,群馬県 オストメイト対応トイレ・ユニバーサルシート設置施設一覧,https://www.pref.gunma.jp/site/fukushinomachi/3013.html,2025,313,ostomate_location=1階,opening_hours=0:00～24:00 | owner=東吾妻町
10,群馬県,10429,東吾妻町,,平沢登山口トイレ,,,,群馬県吾妻郡東吾妻町原町1965-2,,,,,,,,,,,no,yes,,,,,,,,,,,,,,,,,,,,ostomate_universal_sheet_list,群馬県 オストメイト対応トイレ・ユニバーサルシート設置施設一覧,https://www.pref.gunma.jp/site/fukushinomachi/3013.html,2025,314,ostomate_location=1階,opening_hours=0:00～24:00 | owner=東吾妻町
10,群馬県,10429,東吾妻町,,吾妻渓谷パーキング,,,,群馬県吾妻郡東吾妻町松谷3859-1,,,,,,,,,,,no,yes,,,,,,,,,,,,,,,,,,,,ostomate_universal_sheet_list,群馬県 オストメイト対応トイレ・ユニバーサルシート設置施設一覧,https://www.pref.gunma.jp/site/fukushinomachi/3013.html,2025,315,ostomate_location=1階,opening_hours=0:00～24:00 | owner=東吾妻町
10,群馬県,10429,東吾妻町,,十二沢パーキング,,,,群馬県吾妻郡東吾妻町三島6679-1,,,,,,,,,,,no,yes,,,,,,,,,,,,,,,,,,,,ostomate_universal_sheet_list,群馬県 オストメイト対応トイレ・ユニバーサルシート設置施設一覧,https://www.pref.gunma.jp/site/fukushinomachi/3013.html,2025,316,ostomate_location=1階,opening_hours=0:00～24:00 | owner=東吾妻町 | 12月～3月冬期閉鎖
10,群馬県,10429,東吾妻町,,道の駅あがつま峡,,,,群馬県吾妻郡東吾妻町三島6441,,,,,,,,,,,no,yes,,,,,,,,,,,,,,,,,,,,ostomate_universal_sheet_list,群馬県 オストメイト対応トイレ・ユニバーサルシート設置施設一覧,https://www.pref.gunma.jp/site/fukushinomachi/3013.html,2025,317,ostomate_location=1階,phone=0279-67-3193 | opening_hours=0:00～24:00 | owner=東吾妻町
10,群馬県,10443,片品村,,片品村役場,,,,群馬県利根郡片品村鎌田3967-3,,,,,,,,,,,no,yes,,,,,,,,,,,,,,,,,,,,ostomate_universal_sheet_list,群馬県 オストメイト対応トイレ・ユニバーサルシート設置施設一覧,https://www.pref.gunma.jp/site/fukushinomachi/3013.html,2025,318,ostomate_location=1階,phone=0278-58-2111 | opening_hours=8:30～17:15 | owner=片品村
10,群馬県,10443,片品村,,尾瀬じどうかん(図書館）,,,,群馬県利根郡片品村鎌田4010-1,,,,,,,,,,,no,yes,,,,,,,,,,,,,,,,,,,,ostomate_universal_sheet_list,群馬県 オストメイト対応トイレ・ユニバーサルシート設置施設一覧,https://www.pref.gunma.jp/site/fukushinomachi/3013.html,2025,319,ostomate_location=1階,phone=0278-58-3985 | opening_hours=9:30～18:00 | owner=片品村
10,群馬県,10443,片品村,,道の駅「尾瀬かたしな」,,,,群馬県利根郡片品村鎌田3967-1,,,,,,,,,,,no,yes,,,,,,,,,,,,,,,,,,,,ostomate_universal_sheet_list,群馬県 オストメイト対応トイレ・ユニバーサルシート設置施設一覧,https://www.pref.gunma.jp/site/fukushinomachi/3013.html,2025,320,ostomate_location=1階,phone=0278-25-4644 | opening_hours=24時間利用可能 | owner=片品村
10,群馬県,10444,川場村,,kawabaBASE（川場村役場）,,,,群馬県利根郡川場村大字谷地3200番地,,,,,,,,,,,yes,yes,,,,,,,,,,,,,,,,,,,,ostomate_universal_sheet_list,群馬県 オストメイト対応トイレ・ユニバーサルシート設置施設一覧,https://www.pref.gunma.jp/site/fukushinomachi/3013.html,2025,321,ostomate_location=1階 | universal_sheet_location=1階,phone=0278-52-2111 | opening_hours=8:30～17:15 | owner=川場村
10,群馬県,10444,川場村,,kawabaBASE（防災トイレ）,,,,群馬県利根郡川場村大字谷地3203番地,,,,,,,,,,,no,yes,,,,,,,,,,,,,,,,,,,,ostomate_universal_sheet_list,群馬県 オストメイト対応トイレ・ユニバーサルシート設置施設一覧,https://www.pref.gunma.jp/site/fukushinomachi/3013.html,2025,322,ostomate_location=1階,phone=－ | opening_hours=24時間利用可能 | owner=川場村
10,群馬県,10444,川場村,,道の駅　川場田園プラザ,,,,群馬県利根郡川場村大字萩室385番地,,,,,,,,,,,yes,yes,,,,,,,,,,,,,,,,,,,,ostomate_universal_sheet_list,群馬県 オストメイト対応トイレ・ユニバーサルシート設置施設一覧,https://www.pref.gunma.jp/site/fukushinomachi/3013.html,2025,323,ostomate_location=1階 | universal_sheet_location=1階,phone=0278-52-3711 | opening_hours=24時間利用可能 | owner=川場村
10,群馬県,10448,昭和村,,昭和村役場,,,,群馬県利根郡昭和村大字糸井388,,,,,,,,,,,no,yes,,,,,,,,,,,,,,,,,,,,ostomate_universal_sheet_list,群馬県 オストメイト対応トイレ・ユニバーサルシート設置施設一覧,https://www.pref.gunma.jp/site/fukushinomachi/3013.html,2025,324,ostomate_location=1階、2階、3階,phone=0278-24-5111 | opening_hours=8:30～17:15 | owner=昭和村 | ベビー用オムツ交換台付き
10,群馬県,10449,みなかみ町,,みなかみ町役場本庁舎,,,,群馬県利根郡みなかみ町後閑318,,,,,,,,,,,no,yes,,,,,,,,,,,,,,,,,,,,ostomate_universal_sheet_list,群馬県 オストメイト対応トイレ・ユニバーサルシート設置施設一覧,https://www.pref.gunma.jp/site/fukushinomachi/3013.html,2025,325,ostomate_location=1階,phone=0278-62-2111 | opening_hours=8:30～17:15 | owner=みなかみ町 | 故障中のため使用不可
10,群馬県,10449,みなかみ町,,大穴地区公衆トイレ,,,,群馬県利根郡みなかみ町大穴136,,,,,,,,,,,no,yes,,,,,,,,,,,,,,,,,,,,ostomate_universal_sheet_list,群馬県 オストメイト対応トイレ・ユニバーサルシート設置施設一覧,https://www.pref.gunma.jp/site/fukushinomachi/3013.html,2025,326,ostomate_location=1階,phone=－ | opening_hours=24時間利用可能 | owner=みなかみ町
10,群馬県,10449,みなかみ町,,香りの家前公衆トイレ,,,,群馬県利根郡みなかみ町須川849-6,,,,,,,,,,,no,yes,,,,,,,,,,,,,,,,,,,,ostomate_universal_sheet_list,群馬県 オストメイト対応トイレ・ユニバーサルシート設置施設一覧,https://www.pref.gunma.jp/site/fukushinomachi/3013.html,2025,327,ostomate_location=1階,phone=－ | opening_hours=24時間利用可能 | owner=みなかみ町
10,群馬県,10449,みなかみ町,,総合運動公園,,,,群馬県利根郡みなかみ町月夜野16-1,,,,,,,,,,,no,yes,,,,,,,,,,,,,,,,,,,,ostomate_universal_sheet_list,群馬県 オストメイト対応トイレ・ユニバーサルシート設置施設一覧,https://www.pref.gunma.jp/site/fukushinomachi/3013.html,2025,328,ostomate_location=1階,phone=－ | opening_hours=24時間利用可能 | owner=みなかみ町
10,群馬県,10449,みなかみ町,,矢瀬親水公園トイレ,,,,群馬県利根郡みなかみ町月夜野936,,,,,,,,,,,yes,yes,,,,,,,,,,,,,,,,,,,,ostomate_universal_sheet_list,群馬県 オストメイト対応トイレ・ユニバーサルシート設置施設一覧,https://www.pref.gunma.jp/site/fukushinomachi/3013.html,2025,329,ostomate_location=1階 | universal_sheet_location=1階,phone=－ | opening_hours=24時間利用可能 | owner=みなかみ町
10,群馬県,10449,みなかみ町,,水紀行館,,,,群馬県利根郡みなかみ町湯原1681-1,,,,,,,,,,,no,yes,,,,,,,,,,,,,,,,,,,,ostomate_universal_sheet_list,群馬県 オストメイト対応トイレ・ユニバーサルシート設置施設一覧,https://www.pref.gunma.jp/site/fukushinomachi/3013.html,2025,330,ostomate_location=1階,phone=0278-72-1425 | opening_hours=9:00～17:00 | owner=みなかみ町
10,群馬県,10449,みなかみ町,,たくみの里豊楽館,,,,群馬県利根郡みなかみ町須川847,,,,,,,,,,,yes,yes,,,,,,,,,,,,,,,,,,,,ostomate_universal_sheet_list,群馬県 オストメイト対応トイレ・ユニバーサルシート設置施設一覧,https://www.pref.gunma.jp/site/fukushinomachi/3013.html,2025,331,ostomate_location=1階 | universal_sheet_location=1階,phone=0278-64-2210 | opening_hours=9:00～17:00 | owner=みなかみ町
10,群馬県,10464,玉村町,,道の駅玉村宿,,,,群馬県佐波郡玉村町上新田604-1,,,,,,,,,,,yes,yes,,,,,,,,,,,,,,,,,,,,ostomate_universal_sheet_list,群馬県 オストメイト対応トイレ・ユニバーサルシート設置施設一覧,https://www.pref.gunma.jp/site/fukushinomachi/3013.html,2025,332,ostomate_location=店内1階と外トイレ | universal_sheet_location=外トイレ,"phone=0270-27-6688 | opening_hours=店内は営業時間、
外トイレは24時間 | owner=玉村町 | 洗浄は装具のみ可能"
10,群馬県,10464,玉村町,,玉村町役場庁舎,,,,群馬県佐波郡玉村町下新田201,,,,,,,,,,,no,yes,,,,,,,,,,,,,,,,,,,,ostomate_universal_sheet_list,群馬県 オストメイト対応トイレ・ユニバーサルシート設置施設一覧,https://www.pref.gunma.jp/site/fukushinomachi/3013.html,2025,333,ostomate_location=1階,phone=0270-65-2511 | opening_hours=8:30～17:15 | owner=玉村町 | 土日祝年末年始9:00～17:00（日直対応）
10,群馬県,10464,玉村町,,社会体育館,,,,群馬県佐波郡玉村町上之手1517,,,,,,,,,,,yes,yes,,,,,,,,,,,,,,,,,,,,ostomate_universal_sheet_list,群馬県 オストメイト対応トイレ・ユニバーサルシート設置施設一覧,https://www.pref.gunma.jp/site/fukushinomachi/3013.html,2025,334,ostomate_location=1階 | universal_sheet_location=1階,phone=0270-65-6537 | opening_hours=施設の開館時間 | owner=玉村町
10,群馬県,10521,板倉町,,板倉町役場,,,,群馬県邑楽郡板倉町大字板倉2682-1,,,,,,,,,,,no,yes,,,,,,,,,,,,,,,,,,,,ostomate_universal_sheet_list,群馬県 オストメイト対応トイレ・ユニバーサルシート設置施設一覧,https://www.pref.gunma.jp/site/fukushinomachi/3013.html,2025,335,ostomate_location=1階、2階、3階,phone=0276-82-6133 | opening_hours=8:30～17:15 | owner=板倉町 | 水曜日は19:15まで
10,群馬県,10522,明和町,,明和町役場,,,,群馬県邑楽郡明和町新里250-1,,,,,,,,,,,no,yes,,,,,,,,,,,,,,,,,,,,ostomate_universal_sheet_list,群馬県 オストメイト対応トイレ・ユニバーサルシート設置施設一覧,https://www.pref.gunma.jp/site/fukushinomachi/3013.html,2025,336,ostomate_location=1、2、3階,phone=0276-84-3111 | opening_hours=8:30～17:15 | owner=明和町 | 月曜日のみ～19:15
10,群馬県,10524,大泉町,,保健福祉総合センター,,,,群馬県邑楽郡大泉町大字吉田2465,,,,,,,,,,,yes,yes,,,,,,,,,,,,,,,,,,,,ostomate_universal_sheet_list,群馬県 オストメイト対応トイレ・ユニバーサルシート設置施設一覧,https://www.pref.gunma.jp/site/fukushinomachi/3013.html,2025,337,ostomate_location=1階　入り口付近 | universal_sheet_location=2階　階段付近,phone=0276-62-2121 | opening_hours=8:30～17:15 | owner=大泉町
10,群馬県,10525,邑楽町,,県立多々良沼公園　ガバ沼駐車場トイレ,,,,群馬県邑楽郡邑楽町中野5582,,,,,,,,,,,no,yes,,,,,,,,,,,,,,,,,,,,ostomate_universal_sheet_list,群馬県 オストメイト対応トイレ・ユニバーサルシート設置施設一覧,https://www.pref.gunma.jp/site/fukushinomachi/3013.html,2025,338,ostomate_location=1階,phone=0276-56-9978 | opening_hours=終日 | owner=県 | 尿瓶(しびん)洗浄水栓設備のみ
10,群馬県,10525,邑楽町,,邑楽町役場庁舎,,,,群馬県邑楽郡邑楽町大字中野2570-1,,,,,,,,,,,yes,yes,,,,,,,,,,,,,,,,,,,,ostomate_universal_sheet_list,群馬県 オストメイト対応トイレ・ユニバーサルシート設置施設一覧,https://www.pref.gunma.jp/site/fukushinomachi/3013.html,2025,339,ostomate_location=1階西 | universal_sheet_location=1階西,phone=0276-88-5511 | opening_hours=8:30～17:30 | owner=邑楽町
10,群馬県,10525,邑楽町,,邑楽町保健センター,,,,群馬県邑楽郡邑楽町大字中野2570-3,,,,,,,,,,,yes,yes,,,,,,,,,,,,,,,,,,,,ostomate_universal_sheet_list,群馬県 オストメイト対応トイレ・ユニバーサルシート設置施設一覧,https://www.pref.gunma.jp/site/fukushinomachi/3013.html,2025,340,ostomate_location=1階（２カ所） | universal_sheet_location=1階（２カ所）,phone=0276-88-5533 | opening_hours=8:30～17:30 | owner=邑楽町
10,群馬県,10525,邑楽町,,邑楽町中央公民館,,,,群馬県邑楽郡邑楽町大字中野2569-1,,,,,,,,,,,no,yes,,,,,,,,,,,,,,,,,,,,ostomate_universal_sheet_list,群馬県 オストメイト対応トイレ・ユニバーサルシート設置施設一覧,https://www.pref.gunma.jp/site/fukushinomachi/3013.html,2025,341,ostomate_location=1階、2階、ホール,phone=0276-88-2111 | opening_hours=9:00～22:00 | owner=邑楽町
