prefecture_code,prefecture_name,municipality_code,municipality_name,ward_name,facility_name,formal_name,facility_category,postal_code,address,latitude,longitude,homepage_url,multipurpose_toilet,wheelchair_toilet,toilet_floor,unisex_toilet_count,male_toilet_count,female_toilet_count,washlet,adult_bed,ostomate,voice_guidance,baby_bed,baby_chair,child_toilet,child_chair,flush_type,emergency_call_type,male_urinal_with_rail,male_western_toilet,female_western_toilet,male_baby_bed,female_baby_bed,male_baby_chair,female_baby_chair,entrance_step,stroller_rental,nursing_space,diaper_changing_space,kids_room,source_dataset,source_name,source_url,source_updated_at,source_row,attribute_note,note
46,鹿児島県,46201,鹿児島市,,鹿児島市都市農村交流センターお茶の里,,娯楽・レジャー,,鹿児島市春山町1065-1,,,http://kago-greent.jp/effort/463/,yes,,,,,,,,yes,,,,,,,button,,,,,,,,,,,,,ostomate_facility_map,鹿児島県 かごしまバリアフリーマップ オストメイト対応施設,https://www.pref.kagoshima.jp/suisuinavi/30388.html,,30388,ふりがな=かごしましとしのうそんこうりゅうせんたーおちゃのさと | 個室内の寸法=扉開閉時の有効幅員100cm / 内寸210cm×240cm | 便座の高さ=床から50cm | 手すりの高さ=床から70cm | 扉の形状・開放幅=引戸 | 洗面台の高さ=床から75cm | 鍵の高さ=床から55cm | 水道形状=自動 | オストメイト対応状況=あり | 広いトイレ=あり | 非常呼び出しボタン=あり | その他の設備=汚物入れ、汚物流し、シャワー | ベビールームの有無=あり | 貸し出し車椅子・ベビーカー=車いす常時3台子ども対応カートあり | 障がい者駐車場スペース=あり | パーキング パーミット 駐車場=なし | 駐車場の有無=あり（無料） | 駐車場の形態=平面駐車場 | トイレまでのアプローチ=385cm | その他=駐車可能台数110台,phone=099-295-0310 | opening_hours=開館8時30分～閉館17時00分 | closed_days=12月31日～1月3日
46,鹿児島県,46201,鹿児島市,,仙巌園,,文化・歴史,,鹿児島県鹿児島市吉野町9700-1,,,http://www.senganen.jp/（外部サイトへリンク）,yes,,,,,,,,yes,,yes,,,,,button,,,,,,,,,,,,,ostomate_facility_map,鹿児島県 かごしまバリアフリーマップ オストメイト対応施設,https://www.pref.kagoshima.jp/suisuinavi/22861.html,,22861,ふりがな=せんがんえん | 個室内の寸法=230cm×210cm | 便座の高さ=40cm | 手すりの高さ=67cm | 扉の形状・開放幅=引き戸(91cm) | 洗面台の高さ=72cm | 鍵の高さ=87cm | 取っ手の高さ=78cm | 水道形状=自動 | オストメイト対応状況=汚物流し | 広いトイレ=あり | 非常呼び出しボタン=あり | その他の設備=ベビーベッド（女子トイレ）、汚物入れ | 貸し出し車椅子・ベビーカー=車いす有料貸出500円，ベビーカーなし | 障がい者駐車場スペース=9台 | 駐車場の有無=あり（有料） | 駐車場の形態=平面駐車場 | トイレまでのアプローチ=160cm | その他=駐車可能台数は100台で、大型バス等のスペースが13台あります。 | その他=庭園内はアスファルト、砂利道、坂道等です。 | その他=引き戸の開閉時の重さは1kgです。,phone=099-247-1551 | opening_hours=9時00分～17時00分（最終受付16時30分）
46,鹿児島県,46201,鹿児島市,,鹿児島中央駅前地下通路 つばめロード,,交通,,鹿児島県鹿児島市中央町,,,,yes,,,,,,,,yes,,yes,yes,,,,button,,,,,,,,,,,,,ostomate_facility_map,鹿児島県 かごしまバリアフリーマップ オストメイト対応施設,https://www.pref.kagoshima.jp/suisuinavi/22871.html,,22871,ふりがな=かごしまちゅうおうえきまえちかつうろ つばめろーど | 個室内の寸法=230cm×200cm | 便座の高さ=45cm | 手すりの高さ=73cm | 扉の形状・開放幅=自動ドア(97cm) | 洗面台の高さ=78cm | 鍵の高さ=83cm | オストメイト対応状況=汚物流し | 広いトイレ=あり | 非常呼び出しボタン=あり | その他の設備=ベビーベッド、ベビーキープ、汚物入れ | その他=非常呼び出しボタンは警備会社に繋がります。,"phone=鹿児島市役所道路管理課管理係 電話番号：099-216-1354
※キャンセビル前、中央ターミナルビル前のエレベーターに関することは鹿児島地域振興局土木建築課道路維持係にお問い合わせください 電話番号：099-805-7384"
46,鹿児島県,46201,鹿児島市,,鹿児島税務署,,官公庁,,鹿児島県鹿児島市荒田1丁目24番4号,,,,yes,,,,,,,,yes,,yes,yes,,,,,,,,,,,,,,,,,ostomate_facility_map,鹿児島県 かごしまバリアフリーマップ オストメイト対応施設,https://www.pref.kagoshima.jp/suisuinavi/22872.html,,22872,ふりがな=かごしまぜいむしょ | 個室内の寸法=200cm×210cm | 便座の高さ=40cm | 手すりの高さ=80cm | 扉の形状・開放幅=引き戸(85cm) | 洗面台の高さ=70cm | 鍵の高さ=60cm | 取っ手の高さ=80cm | 水道形状=自動 | オストメイト対応状況=汚物流し、シャワー | 広いトイレ=あり | その他の設備=ベビーベッド、ベビーキープ、汚物入れ | 貸し出し車椅子・ベビーカー=車いすあり(2台) | パーキング パーミット 駐車場=2台 | 駐車場の有無=あり（無料） | 駐車場の形態=平面駐車場 | トイレまでのアプローチ=135cm | その他=出入り口のスロープは幅230cm(手すりなし)です。,phone=099-255-8111 | opening_hours=8時30分～17時 | closed_days=土日、祝祭日、12月29日-1月3日
46,鹿児島県,46201,鹿児島市,,鹿児島市立美術館,,文化・歴史,,鹿児島県鹿児島市城山町4-36,,,https://www.city.kagoshima.lg.jp/artmuseum/（外部サイトへリンク）,,,,,,,,,yes,,,,,,,button,,,,,,,,,,,,,ostomate_facility_map,鹿児島県 かごしまバリアフリーマップ オストメイト対応施設,https://www.pref.kagoshima.jp/suisuinavi/22875.html,,22875,ふりがな=かごしましりつびじゅつかん | 個室内の寸法=164cm×182cm | 便座の高さ=44cm | 手すりの高さ=70cm | 扉の形状・開放幅=自動ドア(85cm) | 洗面台の高さ=76cm | 水道形状=自動 | オストメイト対応状況=パウチ・しびん洗浄水栓 | 非常呼び出しボタン=あり | ベビールームの有無=あり | 貸し出し車椅子・ベビーカー=車いすあり | 障がい者駐車場スペース=2台 | パーキング パーミット 駐車場=1台 | 駐車場の有無=あり（無料） | 駐車場の形態=平面駐車場 | トイレまでのアプローチ=107cm | その他=駐車可能台数は7台です。 | その他=施設入口まで5％の勾配があります。 / 玄関の階段は12段で踏込み45cm蹴上げ15cmです。 / 正面入口のスロープは長さ2400cm、幅170cm、勾配6％です。 / 地下入口へのスロープは長さ2000cm、幅170cm、勾配6％です。 | その他=非常呼び出しボタンは1階の事務所に繋がっています。,phone=099-224-3400 | opening_hours=9時30分～18時(入館受付は17時30分まで) | closed_days=月曜日(祝祭日の場合は翌日)、12月29日-1月1日
46,鹿児島県,46201,鹿児島市,,鹿児島市役所 吉野支所,,官公庁,,鹿児島県鹿児島市吉野町3256-3,,,http://www.city.kagoshima.lg.jp/,yes,,,,,,,,yes,,yes,yes,,,,button,,,,,,,,,,,,,ostomate_facility_map,鹿児島県 かごしまバリアフリーマップ オストメイト対応施設,https://www.pref.kagoshima.jp/suisuinavi/22876.html,,22876,ふりがな=かごしましやくしょ よしのししょ | 個室内の寸法=220cm×204cm | 便座の高さ=44cm | 手すりの高さ=70cm | 扉の形状・開放幅=引き戸(89cm)，全開固定：可 | 洗面台の高さ=76cm | 鍵の高さ=61cm | 取っ手の高さ=74cm | 水道形状=自動 | オストメイト対応状況=汚物流し（2階のみ設置） | 広いトイレ=あり | 非常呼び出しボタン=あり（1、2階の多目的トイレのみ設置，ボタンは壁にあり） | その他の設備=ベビーベッド(1・2階女性用トイレ、1階男性用トイレ)、ベビーキープ(男性用トイレは1階のみ)、汚物入れあり，1階多目的トイレにウォシュレットあり（操作盤：壁） | 貸し出し車椅子・ベビーカー=車いすあり(1台) | 障がい者駐車場スペース=あり | パーキング パーミット 駐車場=2台あり（幅3.5メートル） | 駐車場の有無=あり（無料） | 駐車場の形態=平面駐車場 | トイレまでのアプローチ=通路幅：120cm | その他=駐車可能台数は42台です。(パーキングパーミットを含む) | その他=スロープは長さ190cm、幅190cm、勾配3％，手すりあり。 / ・入り口段差：1段（高さ：10cm，幅：760cm，奥行き：260cm） | その他=引き戸の開閉時の重さは0.7kgです。 / 1、2階女性用トイレに男児用小便器があります。 | その他=非常呼び出しボタンは1階の事務所に繋がっています。 / 1・2階女性用トイレに男児用小便器があります。,phone=099-244-7111 | opening_hours=8時30分～17時15分 | closed_days=土日、祝祭日、年末年始
46,鹿児島県,46201,鹿児島市,,鹿児島市役所 伊敷支所,,官公庁,,鹿児島県鹿児島市伊敷5丁目15番1号,,,http://www.city.kagoshima.lg.jp/,yes,,,,,,,,yes,,yes,yes,,,,button,,,,,,,,,,,,,ostomate_facility_map,鹿児島県 かごしまバリアフリーマップ オストメイト対応施設,https://www.pref.kagoshima.jp/suisuinavi/22877.html,,22877,ふりがな=かごしましやくしょ いしきししょ | 個室内の寸法=234cm×210cm | 便座の高さ=44cm | 手すりの高さ=76cm | 扉の形状・開放幅=自動ドア | 洗面台の高さ=62cm | 鍵の高さ=81cm | 水道形状=自動 | オストメイト対応状況=汚物流し | 広いトイレ=あり | 非常呼び出しボタン=あり | その他の設備=ベビーベッド、ベビーキープ、汚物入れ | ベビールームの有無=あり | 貸し出し車椅子・ベビーカー=車いすあり | 障がい者駐車場スペース=あり | パーキング パーミット 駐車場=2台 | 駐車場の有無=あり（無料） | 駐車場の形態=立体駐車場 | トイレまでのアプローチ=131cm | その他=駐車可能台数は47台です。 | その他=玄関の階段は2段で踏込み30cm、蹴上げ12cmです。スロープは長さ550cm、幅90cm、勾配5％です。 | その他=非常用呼び出しボタンは3階の事務室に繋がっています。,phone=099-229-2111 | opening_hours=8時30分～17時15分 | closed_days=土日、祝祭日、年末年始
46,鹿児島県,46201,鹿児島市,,川商ホール（鹿児島市民文化ホール）,,文化・歴史,,鹿児島県鹿児島市与次郎2丁目3番1号,,,http://www.k-kb.or.jp/shibun/,yes,,,,,,,,yes,,yes,,,,,button,,,,,,,,,,,,,ostomate_facility_map,鹿児島県 かごしまバリアフリーマップ オストメイト対応施設,https://www.pref.kagoshima.jp/suisuinavi/22879.html,,22879,ふりがな=かわしょうほーる（かごしましみんぶんかほーる） | 個室内の寸法=220cm×287cm | 便座の高さ=37cm | 手すりの高さ=70cm | 扉の形状・開放幅=自動ドア | 洗面台の高さ=79cm | 鍵の高さ=96cm | 水道形状=自動 | オストメイト対応状況=汚物流し、シャワー | 広いトイレ=あり | 非常呼び出しボタン=あり（非常呼び出しボタンは中央監視室と繋がっています） | その他の設備=ベビーベッド、汚物入れ | 貸し出し車椅子・ベビーカー=車いすあり(2階正面入り口、1階北口) | 障がい者駐車場スペース=あり | パーキング パーミット 駐車場=6台 | 駐車場の有無=あり（有料） | 駐車場の形態=平面駐車場 | その他=駐車可能台数は365台です。 / 駐車料金は、前払い300円で、8時30分～22時の間利用可能です。障害者手帳等保持者が一般駐車場を利用する場合は、入り口ゲートで手帳提示することにより無料になります。 | その他=正面玄関の階段は32段で踏込み46cm、蹴上げ11cmです。 / 正面玄関スロープは長さ6700cm(内フラット部1700cm)、幅160cm、勾配5～9％です。 | その他=非常呼び出しボタンは中央監視室と繋がっています。,phone=099-257-8111 | opening_hours=9時～22時 | closed_days=水曜日、12月28日-1月4日、臨時休館あり
46,鹿児島県,46201,鹿児島市,,鹿児島県歴史資料センター黎明館,,文化・歴史,,鹿児島県鹿児島市城山町7番2号,,,http://www.pref.kagoshima.jp/reimeikan/,,,,,,,,,yes,,yes,yes,,,,button,,,,,,,,,,,,,ostomate_facility_map,鹿児島県 かごしまバリアフリーマップ オストメイト対応施設,https://www.pref.kagoshima.jp/suisuinavi/22885.html,,22885,ふりがな=かごしまけんれきししりょうせんたーれいめいかん | 個室内の寸法=250cm×190cm | 便座の高さ=44cm | 手すりの高さ=67cm | 扉の形状・開放幅=自動ドア(90cm) | 洗面台の高さ=77cm | 鍵の高さ=85cm | オストメイト対応状況=汚物流し(1階障害者優先トイレのみ) | 非常呼び出しボタン=あり | その他の設備=ベビーベッド、ベビーキープ、汚物入れ | ベビールームの有無=あり | 貸し出し車椅子・ベビーカー=車いすあり | 障がい者駐車場スペース=7台 | パーキング パーミット 駐車場=7台 | 駐車場の有無=あり（無料） | 駐車場の形態=平面駐車場 | トイレまでのアプローチ=120cm | その他=入館料(常設展示)は一般430円、高校・大学生270円、小・中学生160円です。(20名以上で団体割引あり) | その他=駐車可能台数は125台で、大型バス等のスペースが20台あります。 | その他=駐車場から建物までの路面は傾斜しています。(長さ3650cm、幅120cm、勾配6％) / 障害者対応入口(非常口)手前スロープは長さ240cm、幅160cm、勾配5％です。 | その他=非常呼び出しボタンは1階防災センター、3階総務課に繋がっています。 / 男児用小便器あり(1・2階女性用トイレ内),phone=099-222-5100 | opening_hours=9時～18時(入館は17時30分まで) | closed_days=月曜日(祝祭日の場合は翌日)、25日(土日、祝祭日の場合は開館)、12月31日-1月2日
46,鹿児島県,46201,鹿児島市,,鹿児島県立図書館,,文化・歴史,,鹿児島県鹿児島市城山町7番1号,,,http://www.library.pref.kagoshima.jp/,,,,,,,,,yes,,yes,yes,,,,button,,,,,,,,,,,,,ostomate_facility_map,鹿児島県 かごしまバリアフリーマップ オストメイト対応施設,https://www.pref.kagoshima.jp/suisuinavi/22887.html,,22887,ふりがな=かごしまけんりつとしょかん | 個室内の寸法=190cm×180cm | 便座の高さ=45cm | 手すりの高さ=66cm | 扉の形状・開放幅=引き戸(100cm) | 洗面台の高さ=81cm | 鍵の高さ=80cm | 取っ手の高さ=90cm | 水道形状=自動 | オストメイト対応状況=パウチ・しびん洗浄水栓 | 非常呼び出しボタン=あり | その他の設備=ベビーベッド(一般トイレ)、ベビーキープ(一般トイレ)、汚物入れ | ベビールームの有無=あり | 貸し出し車椅子・ベビーカー=車いすあり | 障がい者駐車場スペース=2台 | パーキング パーミット 駐車場=2台 | 駐車場の有無=あり（無料） | 駐車場の形態=平面駐車場 | その他=駐車可能台数は81台です。 / 駐車場は無料ですが、駐車券に検印が必要です。 | その他=玄関の階段は10段で踏込み62cm、蹴上げ16cmです。 / スロープは長さ2470cm、幅220cm、勾配8％です。 | その他=引き戸の開閉時の重さは1.8kgです。 | その他=非常呼び出しボタンは総合受付に繋がっています。,phone=099-224-9511 | opening_hours=9時～21時(日・祝日は9時～17時、児童文化室は19時まで) | closed_days=月曜日(祝日の場合は翌日)、25日(土日、祝日の場合は開館)、特別整理期間、年末年始
46,鹿児島県,46201,鹿児島市,,かごしま県民交流センター,,文化・歴史,,鹿児島県鹿児島市山下町14-50,,,http://www.kagoshima-pac.jp/,yes,,,,,,,,yes,,yes,yes,,,,button,,,,,,,,,,,,,ostomate_facility_map,鹿児島県 かごしまバリアフリーマップ オストメイト対応施設,https://www.pref.kagoshima.jp/suisuinavi/22888.html,,22888,ふりがな=かごしまけんみんこうりゅうせんたー | 個室内の寸法=290cm×209cm | 便座の高さ=46cm | 手すりの高さ=73cm | 扉の形状・開放幅=自動ドア(90cm) | 洗面台の高さ=73cm | 鍵の高さ=85cm | 水道形状=自動 | オストメイト対応状況=汚物流し、洗浄ノズル付き洋式便器(箇所によって異なります) | 広いトイレ=あり | 非常呼び出しボタン=あり | その他の設備=ベビーベッド、ベビーキープ、汚物入れ | ベビールームの有無=あり | 貸し出し車椅子・ベビーカー=車いすあり | パーキング パーミット 駐車場=15台(地下13台、屋外2台) | 駐車場の有無=あり（有料） | 駐車場の形態=立体駐車場(地下1階、2階) | その他=駐車可能台数は450台で、事前予約制の大型バス等のスペースが6台あります。 / 駐車場は有料で、30分150円ですが、施設利用者は駐車券を承認機に通すことで2時間まで無料になります。 | その他=西側1階の多目的トイレにはシャワー室が付設されていますが、1段の段差があります。使用の際は、2階事務室に連絡が必要です。 / 多目的トイレは施錠後30分が経過すると、表示ランプが点滅します。通報により警備員がインターホン等で確認し開錠するようになっています。 | その他=非常呼び出しボタンは警備室及び事務室に繋がっています。,phone=099-221-6600 | opening_hours=9時～22時 / 〔パスポート窓口〕 / 申請：8時45分～16時30分（月～金曜） / 受取：8時45分～17時（月～金・日曜） / 〔情報提供交流サロン・展示施設等〕 / 17時まで | closed_days=月曜日(祝祭日の場合は翌日)、12月29日-1月3日、パスポート窓口については土曜日、祝祭日(日曜日は交付のみ)
46,鹿児島県,46201,鹿児島市,,鹿児島県文化センター宝山ホール,,文化・歴史,,鹿児島県鹿児島市山下町5番3号,,,http://www.houzanhall.com/,,,,,,,,,yes,,yes,,,,,button,,,,,,,,,,,,,ostomate_facility_map,鹿児島県 かごしまバリアフリーマップ オストメイト対応施設,https://www.pref.kagoshima.jp/suisuinavi/22889.html,,22889,ふりがな=かごしまけんぶんかせんたーほうざんほーる | 個室内の寸法=170cm×195cm | 便座の高さ=44cm | 手すりの高さ=67cm | 扉の形状・開放幅=自動ドア(120cm) | 鍵の高さ=90cm | 水道形状=レバー | オストメイト対応状況=汚物流し | 非常呼び出しボタン=あり | その他の設備=ベビーベッド、汚物入れ | ベビールームの有無=あり | 貸し出し車椅子・ベビーカー=車いすあり | トイレまでのアプローチ=175cm | その他=非常呼び出しボタンは事務室につながっています。,phone=099-223-4221 | opening_hours=9時～19時(ホール貸し出しにより閉館時間に変更あり) | closed_days=月曜日(祝祭日の場合は翌日)、12月31日-1月2日
46,鹿児島県,46201,鹿児島市,,鹿児島県総合体育センター 体育館,,趣味・スポーツ,,鹿児島県鹿児島市下荒田4-47-1,,,,yes,,,,,,,,yes,,,,,,,button,,,,,,,,,,,,,ostomate_facility_map,鹿児島県 かごしまバリアフリーマップ オストメイト対応施設,https://www.pref.kagoshima.jp/suisuinavi/22891.html,,22891,ふりがな=かごしまけんそうごうたいいくせんたー たいいくかん | 個室内の寸法=390cm×200cm | 便座の高さ=40cm | 手すりの高さ=115cm | 扉の形状・開放幅=自動ドア(90cm) | 洗面台の高さ=70cm | 鍵の高さ=85cm | 取っ手の高さ=85cm | オストメイト対応状況=パウチ・しびん洗浄水栓 | 広いトイレ=あり | 非常呼び出しボタン=あり | 障がい者駐車場スペース=あり（無料） | パーキング パーミット 駐車場=2台 | 駐車場の有無=あり（無料）87台（パーキングパーミット制度駐車場を除く） | 駐車場の形態=平面駐車場 | トイレまでのアプローチ=150cm | その他=出入り口のスロープは長さ140cm、幅180cm、勾配7％です。 | その他=非常呼び出しボタンは事務所に繋がっています。,phone=099-254-5155 | opening_hours=8時30分～21時 | closed_days=年末年始
46,鹿児島県,46201,鹿児島市,,鹿児島地域振興局 本庁舎,,官公庁,,鹿児島県鹿児島市小川町3番56号,,,,,,,,,,,,yes,,yes,yes,,,,button,,,,,,,,,,,,,ostomate_facility_map,鹿児島県 かごしまバリアフリーマップ オストメイト対応施設,https://www.pref.kagoshima.jp/suisuinavi/22892.html,,22892,ふりがな=かごしまちいきしんこうきょくほんちょうしゃ | 個室内の寸法=211cm×180cm | 便座の高さ=45cm | 手すりの高さ=72cm | 扉の形状・開放幅=自動ドア(91cm) | 洗面台の高さ=76cm | 鍵の高さ=87cm | オストメイト対応状況=汚物流し | 非常呼び出しボタン=あり | その他の設備=ベビーベッド(衛生室)、ベビーキープ(女性用トイレ内)、汚物入れ | ベビールームの有無=あり | 貸し出し車椅子・ベビーカー=車いすあり | 障がい者駐車場スペース=2台 | パーキング パーミット 駐車場=2台 | 駐車場の有無=あり（有料） | 駐車場の形態=平面駐車場 | その他=駐車可能台数は1階14台、屋外31台です。 / 駐車場は2時間までは無料、検印を受けることで6時間までは無料となります。6時間を超える場合は警備員がゲートを開けて対応します。 | その他=正面玄関の階段は4段で踏込み45cm、蹴上げ12cmです。 / スロープは長さ1350cm、幅140cm、勾配5％です。 / 駐車場側入口スロープは幅130cm、勾配6％です。 / 正面玄関に体が不自由な方用の呼び出しインターホンがあります。(115cm)総務企画部総務企画課に繋がっており、そこから各課への対応ができるそうです。 | その他=非常呼び出しボタンは総務企画部総務企画課と警備員室に繋がっています。 / オストメイトはトイレとは別に衛生室があります。 / 男児用小便器あり(女性用トイレ内),phone=099-805-7202(総務企画部総務企画課) | opening_hours=8時30分～17時15分 | closed_days=土日、祝祭日、年末年始
46,鹿児島県,46201,鹿児島市,,鹿児島サンロイヤルホテル,,泊まる,,鹿児島県鹿児島市与次郎1丁目8番10号,,,https://www.sunroyal.co.jp/（外部サイトへリンク）,,,,,,,,,yes,,yes,,,,,,,,,,,,,,,,,,ostomate_facility_map,鹿児島県 かごしまバリアフリーマップ オストメイト対応施設,https://www.pref.kagoshima.jp/suisuinavi/22894.html,,22894,"ふりがな=かごしまさんろいやるほてる | 個室内の寸法=150cm×205cm | 便座の高さ=45cm | 手すりの高さ=56cm | 扉の形状・開放幅=引き戸(90cm) | 洗面台の高さ=75cm | 鍵の高さ=56cm | 取っ手の高さ=70cm | 水道形状=自動 | その他の設備=ベビーベッド、汚物入れ、パウダールーム | 貸し出し車椅子・ベビーカー=車いすあり(5台) | 障がい者駐車場スペース=4台 | 駐車場の有無=あり（有料） | 駐車場の形態=平面駐車場 | トイレまでのアプローチ=93cm | その他=駐車可能台数は200台で、大型バス等のスペースは設けてありませんが駐車可能です。 / <駐車料金について> / 24時間営業 / 一般利用30分100円（20分まで無料) / レストラン：3時間まで無料 / 宴会：3時間まで無料 / 会議：6時間まで無料 / 結婚式：6時間まで無料 / 宿泊（14時〜翌11時）：普通車1,000円、大型車・中型車2,000円 / 上記時間を超過した場合、30分ごとに100円。 / 駐車券を用件先に持って来て頂ければ、割引処理が行えます。 | その他=北玄関(駐車場側)の階段は2段で踏込み38cm、蹴上げ10cmです。 / 北玄関(駐車場側)のスロープは長さ280cm、幅137cm、勾配6％です。 | その他=引き戸の開閉時の重さは2kgです。",phone=099-253-2020 | opening_hours=チェックイン14時、チェックアウト11時
46,鹿児島県,46201,鹿児島市,,鹿児島市立図書館,,文化・歴史,,鹿児島県鹿児島市鴨池2丁目31-18,,,http://lib.kagoshima-city.jp/,,,,,,,,,yes,,yes,,,,,button,,,,,,,,,yes,,,,ostomate_facility_map,鹿児島県 かごしまバリアフリーマップ オストメイト対応施設,https://www.pref.kagoshima.jp/suisuinavi/22897.html,,22897,ふりがな=かごしましりつとしょかん | 個室内の寸法=180cm×120cm | 便座の高さ=40cm | 手すりの高さ=65cm | 扉の形状・開放幅=引き戸(90cm) | 洗面台の高さ=75cm | 鍵の高さ=70cm | 取っ手の高さ=100cm | オストメイト対応状況=パウチ・しびん洗浄水栓 | 非常呼び出しボタン=あり | その他の設備=ベビーベッド、汚物入れ | ベビールームの有無=あり | 貸し出し車椅子・ベビーカー=車いすあり、ベビーカーあり | 障がい者駐車場スペース=6台 | 駐車場の有無=あり（有料） | 駐車場の形態=平面駐車場 | トイレまでのアプローチ=100cm | その他=駐車可能台数は355台で、大型バス等のスペースが17台あります。 / 図書館専用の駐車場はなく、公園緑化課の管理する鴨池公園駐車場を利用します。図書館利用者は、 駐車券に検印で3時間まで無料になります。 | その他=施設入口にかけてなだらかな勾配（3％）があります。 | その他=引き戸の開閉時の重さは3kgです。 / 読み聞かせコーナー横には子ども専用トイレがあります。 | その他=非常呼び出しボタンは1階の貸し出し受付カウンターに繋がっています。,phone=099-250-8500 | opening_hours=開館時間：9時30分～21時（土日・祝祭日は18時まで） | closed_days=休館日：火曜日、12月29日-1月3日、特別整理期間
46,鹿児島県,46201,鹿児島市,,鹿児島市立科学館,,文化・歴史,,鹿児島県鹿児島市鴨池2丁目31-18,,,http://k-kb.or.jp/kagaku/,,,,,,,,,yes,,yes,,,,,button,,,,,,,,,yes,,,,ostomate_facility_map,鹿児島県 かごしまバリアフリーマップ オストメイト対応施設,https://www.pref.kagoshima.jp/suisuinavi/22898.html,,22898,ふりがな=かごしましりつかがくかん | 個室内の寸法=190cm×230cm | 便座の高さ=40cm | 手すりの高さ=85cm | 扉の形状・開放幅=引き戸(100cm) | 洗面台の高さ=78cm | 鍵の高さ=65cm | 取っ手の高さ=100cm | オストメイト対応状況=パウチ・しびん洗浄水栓 | 非常呼び出しボタン=あり | その他の設備=ベビーベッド、汚物入れ | ベビールームの有無=あり | 貸し出し車椅子・ベビーカー=車いすあり(3台)、ベビーカーあり(8台) | 障がい者駐車場スペース=6台 | 駐車場の有無=あり（有料） | 駐車場の形態=平面駐車場 | トイレまでのアプローチ=90cm | その他=駐車可能台数は381台で、大型バス等のスペースが17台あります。 / 科学館専用の駐車場はなく、公園緑化課の管理する鴨池公園駐車場を利用します。科学館利用者は、駐車券に検印で3時間まで無料になります。 | その他=正面玄関は2階にあり、階段があります。障害者対応の入口が1階にあり、入り口を入ったところに呼び出しインターホンがあります。 / また、2階に市立図書館との連絡通路があります。 / 施設入口にかけてなだらかな勾配（3％）があります。 | その他=引き戸の開閉時の重さは2.5kgです。 / 障害者優先トイレは、1階事務所横と、5階エレベーター近くにあります。,phone=099-250-8511 | opening_hours=9時30分～18時（入館は17時30分まで） | closed_days=火曜日、12月29日-1月1日（祝日、1月2日・3の場合は、その後の最初の平日）
46,鹿児島県,46201,鹿児島市,,共研公園,,公園,,鹿児島県鹿児島市中央町14,,,,yes,,,,,,,,yes,,yes,yes,,,,,,,,,,,,,,,,,ostomate_facility_map,鹿児島県 かごしまバリアフリーマップ オストメイト対応施設,https://www.pref.kagoshima.jp/suisuinavi/22909.html,,22909,ふりがな=きょうけんこうえん | 個室内の寸法=240cm×220cm | 便座の高さ=45cm | 手すりの高さ=67cm | 扉の形状・開放幅=引き戸(88cm) | 洗面台の高さ=70cm | 鍵の高さ=50cm | 取っ手の高さ=77cm | オストメイト対応状況=汚物流し | 広いトイレ=あり | その他の設備=ベビーベッド、ベビーキープ、汚物入れ | トイレまでのアプローチ=スロープあり(長さ235cm、勾配3％) | その他=<問い合わせ先> / 鹿児島市役所建設局建設管理部公園緑化課 / 住所：鹿児島県鹿児島市山下町11番1号 / 電話番号：099-281-5441 | その他=公園入口は6ヶ所あり、ほとんどがフラットなつくりですが、中には階段がある入口もあります。 | その他=引き戸の開閉時の重さは24kgです。,phone=099-281-5441
46,鹿児島県,46201,鹿児島市,,鹿児島県立吉野公園,,公園,,鹿児島県鹿児島市吉野町7955番地,,,,,,,,,,,,yes,,yes,,,,,button,,,,,,,,,yes,,,,ostomate_facility_map,鹿児島県 かごしまバリアフリーマップ オストメイト対応施設,https://www.pref.kagoshima.jp/suisuinavi/22911.html,,22911,ふりがな=かごしまけんりつよしのこうえん | 個室内の寸法=210cm×180cm | 便座の高さ=41cm | 手すりの高さ=70cm | 扉の形状・開放幅=引き戸(97cm) | 洗面台の高さ=73cm | 鍵の高さ=57cm | 水道形状=自動 | オストメイト対応状況=汚物流し、パウチ・しびん洗浄水栓 | 非常呼び出しボタン=あり | その他の設備=ベビーベッド | 貸し出し車椅子・ベビーカー=車いすあり(10台)、ベビーカーあり(2台) | 障がい者駐車場スペース=3台 | パーキング パーミット 駐車場=4台 | 駐車場の有無=あり（無料） | 駐車場の形態=平面駐車場 | その他=駐車可能台数は360台（臨時800台）で第二駐車場に大型バス等のスペースが15台あります。 | その他=公園内は傾斜が多くあります。 | その他=北門最寄トイレと売店横トイレ前のスロープは傾斜がかなり急(勾配13％)です。また、この2ヶ所のトイレには非常呼び出しボタン、扉の鍵(アコーディオンカーテン)がありません。トイレットペーパーが便器から少し離れたところに取り付けられています。 | その他=非常呼び出しボタンは管理事務所に繋がっています。 / 箇所によって設備が異なります。,phone=099-243-0155 | opening_hours=8時30分～17時(4月～9月：6時～20時、10月：6時～17時) | closed_days=12月29日-12月31日
46,鹿児島県,46201,鹿児島市,,白波スタジアム（鹿児島県立鴨池陸上競技場）,,趣味・スポーツ,,鹿児島県鹿児島市与次郎2-2-2,,,,yes,,,,,,,,yes,,yes,,,,,button,,,,,,,,,,,,,ostomate_facility_map,鹿児島県 かごしまバリアフリーマップ オストメイト対応施設,https://www.pref.kagoshima.jp/suisuinavi/22914.html,,22914,ふりがな=しらなみすたじあむ（かごしまけんりつかもいけりくじょうきょうぎじょう） | 個室内の寸法=260cm×210cm | 便座の高さ=38cm | 手すりの高さ=70cm | 扉の形状・開放幅=引き戸(90cm) | 洗面台の高さ=75cm | 鍵の高さ=70cm | 水道形状=自動 | オストメイト対応状況=汚物流し、シャワー | 広いトイレ=あり | 非常呼び出しボタン=あり | その他の設備=ベビーベッド、汚物入れ | ベビールームの有無=あり | 障がい者駐車場スペース=あり（無料） | パーキング パーミット 駐車場=5台（鴨池公園一般利用共通） | 駐車場の有無=あり（無料）40台（鴨池公園一般利用共通）パーキングパーミット制度駐車場を除く | 駐車場の形態=平面駐車場 | その他=引き戸の開閉時の重さは2.5kgです。 | その他=非常呼び出しボタンは事務所に繋がっています。 / 箇所によって設備が異なります。,phone=099-254-2161 | opening_hours=8時30分～21時 | closed_days=年末年始
46,鹿児島県,46201,鹿児島市,,鴨池港フェリーターミナル,,交通,,鹿児島県鹿児島市鴨池新町23-5,,,http://www.iwasaki-group.com/service/ferry.htm/,,,,,,,,,yes,,,,,,,button,,,,,,,,,,,,,ostomate_facility_map,鹿児島県 かごしまバリアフリーマップ オストメイト対応施設,https://www.pref.kagoshima.jp/suisuinavi/22916.html,,22916,ふりがな=かもいけこうふぇりーたーみなる | 個室内の寸法=195cm×240cm | 便座の高さ=43cm | 手すりの高さ=73cm | 扉の形状・開放幅=自動ドア(110cm) | 洗面台の高さ=77cm | 鍵の高さ=76cm | オストメイト対応状況=汚物流し、シャワー | 非常呼び出しボタン=あり | その他の設備=汚物入れ | ベビールームの有無=あり | 障がい者駐車場スペース=1台 | 駐車場の有無=あり（無料） | 駐車場の形態=平面駐車場 | その他=駐車可能台数は25台です。 / 身障者優先駐車エリアからはスロープ（駐車場横）→エレベーター前スロープ→エレベーター→フェリーターミナルとなります。 / 県所有の駐車場は、送迎用として設置されています。フェリー利用者の為の駐車場は別途設置しています。 / 駐車場からのアクセスで、スロープ入口に排水溝のふたがあります。車いすや杖を使用している方は足元に注意が必要です。 | その他=陸橋の階段踏込み29cm、蹴上げ15cmです。スロープは長さ7000cm、幅143cm、勾配7％です。 | その他=非常呼び出しボタンは事務室に繋がっています。,phone=099-256-1761 | opening_hours=4時30分～23時30分(フェリー運航時間に合わせて開館)
46,鹿児島県,46201,鹿児島市,,維新ふるさと館,,文化・歴史,,鹿児島県鹿児島市加治屋町23番1号,,,,yes,,,,,,,,yes,,yes,,,,,button,,,,,,,,,,,,,ostomate_facility_map,鹿児島県 かごしまバリアフリーマップ オストメイト対応施設,https://www.pref.kagoshima.jp/suisuinavi/22922.html,,22922,ふりがな=いしんふるさとかん | 個室内の寸法=205cm×254cm | 便座の高さ=44cm | 手すりの高さ=73cm | 扉の形状・開放幅=自動ドア(91cm) | 洗面台の高さ=77cm | 鍵の高さ=98cm | 広いトイレ=あり | 非常呼び出しボタン=あり | その他の設備=ベビーベッド、汚物入れ | 貸し出し車椅子・ベビーカー=車いすあり | 障がい者駐車場スペース=1台 | 駐車場の有無=あり（無料） | 駐車場の形態=平面駐車場 | トイレまでのアプローチ=114cm | その他=駐車可能台数は23台で大型バス等のスペースが4台あります。 / 駐車場は要検印で、退館20分以内に出ることになっています。また、駐車場入庫は16時30分までです。 / 駐車場からは、歩道(石畳)100mほど→横断歩道→(スロープまたは階段)→施設入口のルートになります。 | その他=玄関の階段は18段で踏込み50cm、蹴上げ14cmです。スロープは長さ4200cm、勾配6％です。 | その他=非常呼び出しボタンは事務所に繋がっています。,phone=099-239-7700 | opening_hours=9時～17時(入館は16時30分まで)
46,鹿児島県,46201,鹿児島市,,ヤマダ電機 テックランド鹿児島本店,,買い物,,鹿児島県鹿児島市新栄町13番8号,,,http://www.yamada-denki.jp/,yes,,,,,,,,yes,,yes,,,,,button,,,,,,,,,,,,,ostomate_facility_map,鹿児島県 かごしまバリアフリーマップ オストメイト対応施設,https://www.pref.kagoshima.jp/suisuinavi/22926.html,,22926,ふりがな=やまだでんき てっくらんどかごしまほんてん | 個室内の寸法=300cm×205cm | 便座の高さ=43cm | 手すりの高さ=70cm | 扉の形状・開放幅=引き戸(100cm) | 洗面台の高さ=68cm | 鍵の高さ=67cm | 取っ手の高さ=80cm | 水道形状=自動 | オストメイト対応状況=汚物流し、シャワー | 広いトイレ=あり | 非常呼び出しボタン=あり | その他の設備=ベビーベッド、汚物入れ | 貸し出し車椅子・ベビーカー=車いすあり(1台) | 障がい者駐車場スペース=3台 | 駐車場の有無=あり（無料） | 駐車場の形態=平面駐車場、施設までの屋根あり | トイレまでのアプローチ=180cm | その他=駐車可能台数は260台です。 | その他=非常呼び出しボタンは1階商品交換所に繋がっています。,phone=099-286-1220 | opening_hours=10時30分～21時(平日)、10時15分～21時(土日、祝祭日) | closed_days=1月1日
46,鹿児島県,46201,鹿児島市,,かごしま近代文学館・かごしまメルヘン館,,文化・歴史,,鹿児島県鹿児島市城山町5番1号,,,かごしま近代文学館・かごしまメルヘン館（外部サイトへリンク）,,,,,,,,,yes,,yes,,,,,button,,,,,,,,,,,,,ostomate_facility_map,鹿児島県 かごしまバリアフリーマップ オストメイト対応施設,https://www.pref.kagoshima.jp/suisuinavi/22964.html,,22964,ふりがな=かごしまきんだいぶんがくかん・かごしまめるへんかん | 個室内の寸法=195cm×200cm | 便座の高さ=44cm | 手すりの高さ=70cm | 扉の形状・開放幅=引き戸(85cm) | 洗面台の高さ=76cm | 鍵の高さ=70cm | 取っ手の高さ=90cm | 水道形状=自動 | オストメイト対応状況=パウチ・しびん洗浄水栓 | 非常呼び出しボタン=あり | その他の設備=ベビーベッド、汚物入れ | ベビールームの有無=あり | 貸し出し車椅子・ベビーカー=車いすあり | パーキング パーミット 駐車場=2台 | 駐車場の有無=あり（無料） | 駐車場の形態=平面駐車場 | トイレまでのアプローチ=160cm | その他=駐車可能台数は13台です。 | その他=玄関の階段は18段で踏込み45cm、蹴上げ18cm、手すりの高さ78cmです。スロープは長さ3500cm、幅120cm、勾配5％です。 / メルヘン館と近代文学館は入口が共通で、中でそれぞれに分かれています。メルヘン館は全体的にスロープになっており、エレベーターで上に上がり、スロープを下りながら館内を見ることが出来ます。 | その他=非常呼び出しボタンは1階の事務所に繋がっています。,phone=099-226-7771 | opening_hours=9時30分～18時(入館受付は17時30分まで) | closed_days=火曜日(祝祭日の場合は翌日)、12月29日-1月1日
46,鹿児島県,46201,鹿児島市,,ウォーターフロントパーク,,公園,,鹿児島県鹿児島市本港新町4-4,,,,,,,,,,,,yes,,,,,,,button,,,,,,,,,,,,,ostomate_facility_map,鹿児島県 かごしまバリアフリーマップ オストメイト対応施設,https://www.pref.kagoshima.jp/suisuinavi/22966.html,,22966,ふりがな=うぉーたーふろんとぱーく | 個室内の寸法=220cm×150cm | 便座の高さ=44cm | 手すりの高さ=72cm | 扉の形状・開放幅=自動ドア(140cm) | 洗面台の高さ=80cm | 鍵の高さ=77cm | オストメイト対応状況=汚物流し | 非常呼び出しボタン=あり | その他の設備=汚物入れ | その他=<問い合わせ先> / 鹿児島地域振興局建設部建設総務課 / 住所：鹿児島県鹿児島市小川町3-56 / 電話番号：099-805-7413 | その他=近隣の県営駐車場を利用できます。(1時間以内無料) | その他=北埠頭側、南埠頭側どちらもに障害者優先トイレがあります。 / 障害者優先トイレの扉は特殊なもので、ドアに開閉の仕方の説明書きがあります。中が無人の状態のまま施錠されることを防ぐ為、中の鍵をかけずに15分経つと扉が自動で開く設定になっています。中で鍵(引っ掛ける形状のもの)をしている場合は、それがロックになる為ドアは開きません。 | その他=非常呼び出しボタンはブザーと回転灯で外部に知らせます。 / 男児用小便器(南埠頭側女性用トイレ内),
46,鹿児島県,46201,鹿児島市,,アミュプラザ鹿児島,,買い物,,鹿児島県鹿児島市中央町1番1,,,,,,,,,,,,yes,,yes,yes,,,,button,,,,,,,,,yes,,,,ostomate_facility_map,鹿児島県 かごしまバリアフリーマップ オストメイト対応施設,https://www.pref.kagoshima.jp/suisuinavi/22968.html,,22968,ふりがな=あみゅぷらざかごしま | 個室内の寸法=190cm×234cm | 便座の高さ=42cm | 手すりの高さ=66cm | 扉の形状・開放幅=90cm | 洗面台の高さ=76cm | 鍵の高さ=66cm | 取っ手の高さ=88cm | 水道形状=ボタン | オストメイト対応状況=汚物入れ | 非常呼び出しボタン=あり | その他の設備=ベビーベッド、ベビーキープ、汚物入れ | ベビールームの有無=あり（1・2・5階） | 貸し出し車椅子・ベビーカー=貸し出し車いす：6台、ベビーカー：20台 | 障がい者駐車場スペース=あり（17台） | パーキング パーミット 駐車場=17台 | 駐車場の有無=あり（有料） | 駐車場の形態=立体駐車場 | その他=24時間営業 | その他=AMU広場前の入り口以外は段差があるため、スロープが設置されています。 | その他=便座の温水洗浄ボタンならびに洗面所の蛇口は、センサー式と押しボタン式が併用されています。 | その他=ベビーキープと介助用ユニバーサルベッド、着替えのためのチェンジングボードが併設されています。,phone=099-812-7700 | opening_hours=B1～4F（飲食・食品・ファッション・雑貨など）：10時～21時 / ・5・6F（レストラン）：11時～23時 / ・鹿児島ミッテ10（映画館）：9時～25時 / ・観覧車アミュラン：10時～22時45分（最終搭乗時間） / ※時期・業種によって営業時間の変更があります。 | closed_days=年中無休
46,鹿児島県,46201,鹿児島市,,鹿児島地方・簡易・家庭裁判所,,官公庁,,鹿児島市山下町13-47,,,http://www.courts.go.jp/,,,,,,,,,yes,,,,,,,button,,,,,,,,,yes,,,,ostomate_facility_map,鹿児島県 かごしまバリアフリーマップ オストメイト対応施設,https://www.pref.kagoshima.jp/suisuinavi/22979.html,,22979,ふりがな=かごしまちほう・かんい・かていさいばんしょ | 個室内の寸法=233cm×198cm | 便座の高さ=46cm | 手すりの高さ=高さ：72cm | 扉の形状・開放幅=幅：90cm引き戸で開閉時の重さ1.5kg | 洗面台の高さ=75cm | 鍵の高さ=高さ：65cm | 取っ手の高さ=高さ：77cm | 水道形状=自動 | オストメイト対応状況=汚物流し、シャワー(1階、4階) | 非常呼び出しボタン=あり | その他の設備=付属便器、ファミリー対応、汚物入れ | ベビールームの有無=あり | 貸し出し車椅子・ベビーカー=車いすあり(2台)、ベビーカーあり(2台) | 障がい者駐車場スペース=障害者・妊婦等優先エリアが3台 | 駐車場の有無=あり | 駐車場の形態=併設(73台) | トイレまでのアプローチ=下記写真で説明 | その他=裁判所に御用のない方の駐車は御遠慮願います | その他=バリアフリー、キッズルームあり | その他=非常呼び出しボタンは事務室に繋がっています,phone=099-222-7121 | opening_hours=8時30分～17時00分 | closed_days=土・日祝日、年末年始
46,鹿児島県,46201,鹿児島市,,山形屋,,買い物,,鹿児島県鹿児島市金生町3番1号,,,https://www.yamakataya.co.jp/（外部サイトへリンク）,,,,,,,,,yes,,yes,yes,,,,button,,,,,,,,,,,,,ostomate_facility_map,鹿児島県 かごしまバリアフリーマップ オストメイト対応施設,https://www.pref.kagoshima.jp/suisuinavi/22985.html,,22985,"ふりがな=やまかたや | 個室内の寸法=250cm×186cm | 便座の高さ=46cm | 手すりの高さ=68cm | 扉の形状・開放幅=自動ドア(90cm) | 洗面台の高さ=73cm | 鍵の高さ=90cm | 水道形状=自動 | オストメイト対応状況=汚物流し、シャワー | 非常呼び出しボタン=あり | その他の設備=ベビーベッド、ベビーキープ、パウダールーム、汚物入れ | ベビールームの有無=あり | 貸し出し車椅子・ベビーカー=車いすあり(1号館案内所) | 障がい者駐車場スペース=5台 | 駐車場の有無=あり（有料） | 駐車場の形態=立体駐車場 | その他=駐車場は直営駐車場と契約駐車場があります。直営駐車場の料金は1時間300円、超過30分毎に150円です。 / <駐車料金について> / 直営駐車場は山形屋での買い物が税込2,000円以上は1時間まで無料、税込3,000円以上は2時間まで無料、税込10,000円以上は3時間まで無料、税込50,000円以上は5時間まで無料です。 地下駐車場「セラ602」を利用の場合、土日祝日と特定日は、税込3,000円以上は1時間まで無料、税込10,000円以上は2時間まで無料，税込50,000円以上は3時間まで無料になります。平日は3,000円以上は30分まで駐車料金無料です。 | その他=館内入口付近などにロビーの休憩エリアがあります。 / 1・2号館地下の車いす・ベビーカー用地下連絡通路は幅131cm、手すり83cm、勾配10％です。 / 1号館7階スロープは勾配10％です。 / 1号館と2号館の間には地下、3階、5階に連絡通路があります。 / 地下の連絡通路は幅も狭く傾斜があるため、3階、5階を利用したほうが広くフラットです。 / 2号館4階にベビールーム（赤ちゃん休憩室）があります。 | その他=箇所により設備、寸法等異なります。",phone=099-227-6111 | opening_hours=10時～19時 | closed_days=元日・他不定休
46,鹿児島県,46201,鹿児島市,,JR九州ホテル鹿児島,,泊まる,,鹿児島県鹿児島市武1丁目1番2号,,,https://www.jrk-hotels.co.jp/Kagoshima/（外部サイトへリンク）,,,,,,,,,yes,,yes,,,,,button,,,,,,,,,,,,,ostomate_facility_map,鹿児島県 かごしまバリアフリーマップ オストメイト対応施設,https://www.pref.kagoshima.jp/suisuinavi/22989.html,,22989,ふりがな=じぇいあーるきゅうしゅうほてるかごしま | 個室内の寸法=210cm×195cm | 便座の高さ=40cm | 手すりの高さ=65cm | 扉の形状・開放幅=引き戸(90cm) | 洗面台の高さ=65cm | 鍵の高さ=65cm | 取っ手の高さ=80cm | 水道形状=自動 | オストメイト対応状況=汚物流し | 非常呼び出しボタン=あり | その他の設備=ベビーベッド、汚物入れ | 駐車場の有無=あり（有料） | 駐車場の形態=平面駐車場 | トイレまでのアプローチ=88cm | その他=駐車場は鹿児島中央駅駐車場を利用し、有料で1泊1000円です。 | その他=出入り口のスロープは、幅220cm、高さ65cmです。 | その他=非常呼び出しボタンはフロントに繋がっています。,phone=099-213-8000 | opening_hours=チェックイン14時、チェックアウト11時
46,鹿児島県,46201,鹿児島市,,南埠頭種子島・屋久島航路待合所,,交通,,鹿児島県鹿児島市本港新町6番地,,,,yes,,,,,,,,yes,,yes,yes,,,,button,,,,,,,,,,,,,ostomate_facility_map,鹿児島県 かごしまバリアフリーマップ オストメイト対応施設,https://www.pref.kagoshima.jp/suisuinavi/22998.html,,22998,ふりがな=みなみふとうたねがしま・やくしまこうろまちあいじょ | 個室内の寸法=230cm×228cm | 便座の高さ=45cm | 手すりの高さ=72cm | 扉の形状・開放幅=引き戸(93cm) | 洗面台の高さ=76cm | 鍵の高さ=58cm | 取っ手の高さ=70cm | オストメイト対応状況=あり | 広いトイレ=あり | 非常呼び出しボタン=あり | その他の設備=ベビーベッド、ベビーキープ、汚物入れ | ベビールームの有無=あり | 障がい者駐車場スペース=6台 | 駐車場の有無=あり（有料） | 駐車場の形態=平面駐車場 | その他=駐車可能台数は90台です。 / 駐車場は有料で、1時間までは無料です。 | その他=玄関の階段は4段で踏込み38cm、蹴上げ14cmです。 / スロープは長さ923cm、幅220cm、勾配6％です。 | その他=引き戸の開閉時の重さは1kgです。 | その他=非常呼び出しボタンは管理人室に繋がっています。 / 男児用小便器あり(女性用トイレ内),
46,鹿児島県,46201,鹿児島市,,西郷南洲顕彰館,,文化・歴史,,鹿児島県鹿児島市上竜尾町2-1,,,http://www.saigou.jp/,yes,,,,,,,,yes,,,,,,,button,,,,,,,,,yes,,,,ostomate_facility_map,鹿児島県 かごしまバリアフリーマップ オストメイト対応施設,https://www.pref.kagoshima.jp/suisuinavi/23003.html,,23003,ふりがな=さいごうなんしゅうけんしょうかん | 個室内の寸法=240cm×234cm | 便座の高さ=44cm | 手すりの高さ=70cm | 扉の形状・開放幅=引き戸(105cm) | 洗面台の高さ=74cm | 鍵の高さ=60cm | 取っ手の高さ=71cm | オストメイト対応状況=あり | 広いトイレ=あり | 非常呼び出しボタン=あり | その他の設備=汚物入れ | 貸し出し車椅子・ベビーカー=車いすあり(2台)、ベビーカーあり(1台) | 駐車場の有無=あり（無料） | 駐車場の形態=平面駐車場 | トイレまでのアプローチ=141cm | その他=駐車可能台数は48台で大型バス等のスペースが13台あります。 | その他=玄関の階段は5段で踏込み32cm、蹴上げ15.5cmです。スロープは長さ1040cm、幅150cm、勾配6％です。 / 本館から、別館への通路があります。（障害者優先トイレは別館内にあります） / 本館通用口ドア重さ3kg、幅員85cm→別館への通路スロープ幅151cm、勾配5％、長さ780cm、手すり高さ110cm / 別館入口ドア重さ3.5kg、スロープ幅151cm、手すり110cm、勾配6％ / 別館左入口スロープ 長さ440cm。別館右入口スロープ 長さ660cm、幅120cm、勾配3％ | その他=引き戸の開閉時の重さは1.5kgです。,phone=099-247-1100 | opening_hours=9時～17時 | closed_days=月曜日(祝祭日の場合は翌日)、12月29日-1月1日
46,鹿児島県,46201,鹿児島市,,JR鹿児島中央駅,,交通,,鹿児島県鹿児島市中央町1-1,,,http://www.jrkyushu.co.jp/,,,,,,,,,yes,,yes,yes,,,,button,,,,,,,,,,,,,ostomate_facility_map,鹿児島県 かごしまバリアフリーマップ オストメイト対応施設,https://www.pref.kagoshima.jp/suisuinavi/23009.html,,23009,ふりがな=じぇいあーるかごしまちゅうおうえき | 個室内の寸法=190cm×200cm | 便座の高さ=40cm | 手すりの高さ=64cm | 扉の形状・開放幅=引き戸(85cm) | 洗面台の高さ=70cm | 鍵の高さ=65cm | 取っ手の高さ=80cm | 水道形状=自動 | オストメイト対応状況=汚物流し | 非常呼び出しボタン=あり | その他の設備=ベビーベッド(女性用トイレ内)、ベビーキープ(女性用トイレ内)、汚物入れ | ベビールームの有無=あり | 貸し出し車椅子・ベビーカー=車いすあり | 障がい者駐車場スペース=あり | 駐車場の有無=あり（有料） | 駐車場の形態=平面駐車場、立体駐車場 | トイレまでのアプローチ=135cm,"phone=JR九州案内センター：0570-04-1717（きっぷ・運行状況のお問合せ）
JR九州あんしんサポートネット受付案内センター：0570-07-8787（介助のお問合せ） | opening_hours=5時～24時30分"
46,鹿児島県,46201,鹿児島市,,鹿児島県庁,,官公庁,,鹿児島県鹿児島市鴨池新町10番1号,,,http://www.pref.kagoshima.jp/,,,,,,,,,yes,,,,,,,button,,,,,,,,,,,,,ostomate_facility_map,鹿児島県 かごしまバリアフリーマップ オストメイト対応施設,https://www.pref.kagoshima.jp/suisuinavi/23010.html,,23010,ふりがな=かごしまけんちょう | 個室内の寸法=175cm×197cm | 便座の高さ=46cm | 手すりの高さ=53cm | 扉の形状・開放幅=自動ドア(90cm) | 洗面台の高さ=74cm | 鍵の高さ=91cm | 水道形状=自動 | オストメイト対応状況=衛生室あり | 非常呼び出しボタン=あり | その他の設備=汚物入れ | ベビールームの有無=あり | 貸し出し車椅子・ベビーカー=貸し出し車いす：あり(4台) | 障がい者駐車場スペース=あり | パーキング パーミット 駐車場=14台 | 駐車場の有無=あり（有料） | 駐車場の形態=立体駐車場 | トイレまでのアプローチ=115cm | その他=駐車可能台数は517台(北駐車場267台、南駐車場250台)で大型バス等のスペースが10台あります。 / 駐車場は原則2時間以内無料、閉庁日は有料です。 / <北駐車場エレベーター> / 24人乗り（扉開放幅：90cm） / 内寸：135cm×140cm / 操作盤外部：93cm，内部：100cm / 手すり：78cm / 点字表示：あり | その他=議会庁舎正面入口前スロープは長さ100cm、幅120cm、勾配6％です。 / バス停から庁舎までの間にあるスロープは長さ1170cm、幅290cm、勾配6％です。 | その他=非常呼び出しボタンは衛視室に繋がっています。,phone=099-286-2111 | opening_hours=【庁舎開放の時間】 / 月曜日～金曜日：午前7時～午後9時 / 土・日・祝日：午前10時～午後9時(展望ロビー等の一部のみ) | closed_days=<閉庁日>土日、祝日
46,鹿児島県,46201,鹿児島市,,南埠頭としま旅客待合所,,交通,,鹿児島県鹿児島市本港新町6番地,,,,,,,,,,,,yes,,yes,yes,,,,button,,,,,,,,,,,,,ostomate_facility_map,鹿児島県 かごしまバリアフリーマップ オストメイト対応施設,https://www.pref.kagoshima.jp/suisuinavi/23013.html,,23013,ふりがな=みなみふとうとしまりょかくまちあいじょ | 個室内の寸法=190cm×200cm | 便座の高さ=45cm | 手すりの高さ=70cm | 扉の形状・開放幅=引き戸(92cm) | 洗面台の高さ=76cm | 鍵の高さ=45cm | 取っ手の高さ=78cm | オストメイト対応状況=あり(洋式便器の後ろに蛇口あり) | 非常呼び出しボタン=あり | その他の設備=ベビーベッド、ベビーキープ(男女トイレ内)、汚物入れ | 障がい者駐車場スペース=2台 | 駐車場の有無=あり（無料） | 駐車場の形態=平面駐車場 | トイレまでのアプローチ=120cm | その他=駐車可能台数は6台です。 / 駐車場は待合所開館日のみ利用可能です。それ以外は施錠されています。 | その他=玄関の階段は2段で踏込み43cm、蹴上げ21cmです。 / すりつけスロープは長さ220cm、勾配11％です。 | その他=非常呼び出しボタンは事務所に繋がっています。,phone=099-219-1191 | opening_hours=9時～24時 | closed_days=出港日、入港日のみ開館
46,鹿児島県,46201,鹿児島市,,南埠頭みしま旅客待合所,,交通,,鹿児島県鹿児島市本港新町6番地,,,,yes,,,,,,,,yes,,yes,yes,,,,,,,,,,,,,,,,,ostomate_facility_map,鹿児島県 かごしまバリアフリーマップ オストメイト対応施設,https://www.pref.kagoshima.jp/suisuinavi/23014.html,,23014,ふりがな=みなみふとうみしまりょかくまちあいじょ | 個室内の寸法=245cm×245cm | 便座の高さ=45cm | 手すりの高さ=72cm | 扉の形状・開放幅=引き戸(93cm) | 洗面台の高さ=77cm | 鍵の高さ=45cm | 取っ手の高さ=80cm | オストメイト対応状況=あり(洋式便器の後ろに蛇口あり) | 広いトイレ=あり | その他の設備=ベビーベッド、ベビーキープ(男女トイレ内)、汚物入れ | 障がい者駐車場スペース=2台 | 駐車場の有無=あり（無料） | 駐車場の形態=平面駐車場 | トイレまでのアプローチ=165cm | その他=フェリーは9時30分鹿児島港出港、13時35分鹿児島港入港 | その他=駐車可能台数は10台です。 / 駐車場は待合所開館日のみ利用可能です。それ以外は施錠されています。 | その他=玄関の階段は4段で踏込み31cm、蹴上げ15cmです。スロープは長さ960cm、幅145cm、勾配8％です。 / 筆記台の高さは95cm、71cmです。 / カウンター高さは90cmです。 / 喫煙テーブル高さは70cmです。 | その他=引き戸の開閉時の重さは2.3kgです。 | その他=男児用小便器あり(女性用トイレ内),phone=099-227-1664 | closed_days=出港日、入港日のみ開館
46,鹿児島県,46201,鹿児島市,,ハローワークかごしま,,官公庁,,鹿児島県鹿児島市下荒田1-43-28,,,,yes,,,,,,,,yes,,,,,,,button,,,,,,,,,,,,,ostomate_facility_map,鹿児島県 かごしまバリアフリーマップ オストメイト対応施設,https://www.pref.kagoshima.jp/suisuinavi/23015.html,,23015,ふりがな=はろーわーくかごしま | 個室内の寸法=240cm×200cm | 便座の高さ=46cm | 手すりの高さ=68cm | 扉の形状・開放幅=引き戸(94cm) | 洗面台の高さ=68cm | 鍵の高さ=54cm | 取っ手の高さ=68cm | 水道形状=レバー | オストメイト対応状況=汚物流し | 広いトイレ=あり | 非常呼び出しボタン=あり | その他の設備=汚物入れ | ベビールームの有無=あり | 貸し出し車椅子・ベビーカー=車いすあり(1台) | 障がい者駐車場スペース=6台 | 駐車場の有無=あり（無料） | 駐車場の形態=平面駐車場 | トイレまでのアプローチ=143cm | その他=駐車可能台数は55台です。 | その他=正面玄関には段差が1段あり、蹴上げ14cmです。スロープは、長さ200cm、幅100cm、高さ24cmです。 | その他=非常呼び出しボタンは1階部長室に繋がっています。,phone=099-250-6060 | opening_hours=8時30分～17時15分 | closed_days=土日、祝祭日、12月29日-1月3日
46,鹿児島県,46201,鹿児島市,,平安祭典 鹿児島北会館,,冠婚葬祭,,鹿児島県鹿児島市下伊敷1-54-8,,,,yes,,,,,,,,yes,,yes,,,,,button,,,,,,,,,,,,,ostomate_facility_map,鹿児島県 かごしまバリアフリーマップ オストメイト対応施設,https://www.pref.kagoshima.jp/suisuinavi/23019.html,,23019,ふりがな=へいあんさいてん かごしまきたかいかん | 個室内の寸法=220cm×220cm | 便座の高さ=45cm | 手すりの高さ=73cm | 扉の形状・開放幅=引き戸(90cm) | 洗面台の高さ=75cm | 鍵の高さ=55cm | 取っ手の高さ=73cm | 水道形状=自動 | オストメイト対応状況=汚物流し、シャワー | 広いトイレ=あり | 非常呼び出しボタン=あり(80cm) | その他の設備=ベビーベッド、汚物入れ | ベビールームの有無=あり | 貸し出し車椅子・ベビーカー=車椅子あり(3台) | 障がい者駐車場スペース=1台 | 駐車場の有無=あり（無料） | 駐車場の形態=平面駐車場、立体駐車場 | トイレまでのアプローチ=170cm | その他=駐車可能台数は64台です。,phone=099-228-4194
46,鹿児島県,46201,鹿児島市,,NHK鹿児島放送局,,,,,,,,,,,,,,,,yes,,,,,,,,,,,,,,,,,,,,ostomate_facility_map,鹿児島県 かごしまバリアフリーマップ オストメイト対応施設,https://www.pref.kagoshima.jp/suisuinavi/setsubi_ostomate.html,,23028,,detail_page_404=https://www.pref.kagoshima.jp/suisuinavi/23028.html | index_region=鹿児島市北部 | detail page unavailable
46,鹿児島県,46201,鹿児島市,,イオン鹿児島,,買い物,,鹿児島県鹿児島市東開町7番,,,,yes,,,,,,,,yes,,yes,yes,,,,button,,,,,,,,,,,,,ostomate_facility_map,鹿児島県 かごしまバリアフリーマップ オストメイト対応施設,https://www.pref.kagoshima.jp/suisuinavi/23032.html,,23032,ふりがな=いおんかごしま | 個室内の寸法=340cm×250cm | 便座の高さ=40cm | 手すりの高さ=70cm | 扉の形状・開放幅=引き戸(100cm) | 洗面台の高さ=65cm | 鍵の高さ=60cm | 取っ手の高さ=70cm | 水道形状=自動、ボタン | オストメイト対応状況=汚物流し、シャワー | 広いトイレ=あり | 非常呼び出しボタン=あり | その他の設備=ベビーベッド、ベビーキープ、汚物入れ | ベビールームの有無=あり | 障がい者駐車場スペース=あり | パーキング パーミット 駐車場=40台 | 駐車場の有無=あり（無料） | 駐車場の形態=平面駐車場、立体駐車場 | トイレまでのアプローチ=160cm | その他=駐車可能台数は3500台です。 / 障害者手帳所持者が利用できる、ゲート式駐車場があります。ただし事前登録が必要で期限が定められています。 | その他=箇所によって異なります。 | その他=非常呼び出しボタンは防災センターに繋がっています。,phone=099-263-1800 | opening_hours=9時～23時
46,鹿児島県,46201,鹿児島市,,東横イン鹿児島中央駅西口,,泊まる,,鹿児島県鹿児島市西田2丁目28-10,,,,,,,,,,,,yes,,yes,yes,,,,button,,,,,,,,,,,,,ostomate_facility_map,鹿児島県 かごしまバリアフリーマップ オストメイト対応施設,https://www.pref.kagoshima.jp/suisuinavi/23037.html,,23037,ふりがな=とうよこいんかごしまちゅうおうえきにしぐち | 個室内の寸法=280cm×190cm | 便座の高さ=41cm | 手すりの高さ=62cm | 扉の形状・開放幅=引き戸(90cm) | 洗面台の高さ=70cm | 鍵の高さ=67cm | 取っ手の高さ=80cm | 水道形状=レバー | オストメイト対応状況=シャワー | 非常呼び出しボタン=あり | その他の設備=ベビーベッド、ベビーキープ、汚物入れ | 障がい者駐車場スペース=1台(要電話予約) | 駐車場の有無=あり（有料） | 駐車場の形態=立体駐車場 | トイレまでのアプローチ=障害者優先トイレ1ヶ所、男性用トイレ1ヶ所、女性用トイレ1ヶ所 | その他=駐車可能台数は60台です。 / 駐車場は有料で、1泊800円(16時～翌10時)です。 / 満車の場合は近隣駐車場を案内されます。 | その他=非常呼び出しボタンはフロントに繋がっています。,phone=099-814-1045 | opening_hours=チェックイン16時、チェックアウト10時
46,鹿児島県,46201,鹿児島市,,鹿児島南警察署,,官公庁,,鹿児島県鹿児島市東開町1,,,,yes,,,,,,,,yes,,yes,,,,,button,,,,,,,,,,,,,ostomate_facility_map,鹿児島県 かごしまバリアフリーマップ オストメイト対応施設,https://www.pref.kagoshima.jp/suisuinavi/23041.html,,23041,ふりがな=かごしまみなみけいさつしょ | 個室内の寸法=240cm×210cm | 便座の高さ=46cm | 手すりの高さ=73cm | 扉の形状・開放幅=引き戸(92cm) | 洗面台の高さ=74cm | 鍵の高さ=56cm | 取っ手の高さ=70cm | 水道形状=自動 | オストメイト対応状況=汚物流し、シャワー | 広いトイレ=あり | 非常呼び出しボタン=あり | その他の設備=ベビーベッド、汚物入れ | 貸し出し車椅子・ベビーカー=車いすあり(1台) | 障がい者駐車場スペース=3台 | パーキング パーミット 駐車場=3台 | 駐車場の有無=あり（無料） | 駐車場の形態=平面駐車場 | トイレまでのアプローチ=180cm | その他=駐車可能台数は21台です。 | その他=非常呼び出しボタンは、音が鳴ります。,phone=099-269-0110 | opening_hours=8時30分-17時15分(基本的には24時間体制)
46,鹿児島県,46201,鹿児島市,,赤水展望広場,,公園,,鹿児島県鹿児島市赤水町3629-3,,,,yes,,,,,,,,yes,,yes,yes,,,,button,,,,,,,,,,,,,ostomate_facility_map,鹿児島県 かごしまバリアフリーマップ オストメイト対応施設,https://www.pref.kagoshima.jp/suisuinavi/26393.html,,26393,ふりがな=あかみずてんぼうひろば | 個室内の寸法=200cm×230cm | 便座の高さ=45cm | 手すりの高さ=80cm | 洗面台の高さ=70cm | 鍵の高さ=66cm | 取っ手の高さ=135cm | オストメイト対応状況=あり | 広いトイレ=あり | 非常呼び出しボタン=あり | その他の設備=ベビーベッド、ベビーキープ | 障がい者駐車場スペース=あり | 駐車場の有無=あり（無料） | 駐車場の形態=平面駐車場 施設までの屋根なし | トイレまでのアプローチ=21.7m | その他=問い合わせ先 / 鹿児島市山下町11番1号 鹿児島市役所 / 電話： 099-224-1111（代表） / URL： http://www.city.kagoshima.lg.jp/ / 施設までのアクセス → 桜島港ターミナルより10km | その他=駐車可能台数は20台で大型バス等のスペースが3台あります。障害者・妊婦等優先エリアがあります。 | その他=展望所登り口からのスロープは長さ約1.5m／幅3m／勾配5～15％です。,
46,鹿児島県,46201,鹿児島市,,桜島溶岩なぎさ遊歩道,,公園,,鹿児島県鹿児島市桜島横山町,,,,,,,,,,,,yes,,yes,,,,,button,,,,,,,,,,,,,ostomate_facility_map,鹿児島県 かごしまバリアフリーマップ オストメイト対応施設,https://www.pref.kagoshima.jp/suisuinavi/24763.html,,24763,ふりがな=さくらじまようがんなぎさゆうほどう | 個室内の寸法=270×185 | 便座の高さ=43cm | 手すりの高さ=60cm | 扉の形状・開放幅=引き戸 | 洗面台の高さ=72cm | 鍵の高さ=66cm | 取っ手の高さ=120cm | オストメイト対応状況=あり | 非常呼び出しボタン=あり | その他の設備=ベビーベッド | ベビールームの有無=あり | 駐車場の有無=あり（無料） | 駐車場の形態=平面駐車場施設までの屋根なし | トイレまでのアプローチ=500cm | その他=問い合わせ先鹿児島市山下町11番1号鹿児島市役所電話：099-224-1111（代表）URL/http://www.city.kagoshima.lg.jp/_1010/kanko.html / 施設までのアクセス→桜島港ターミナルより500m | その他=施設までの路面状況は入口に近い為フラットになってます。駐車可能台数は30台で大型バス等のスペースはあります。,
46,鹿児島県,46201,鹿児島市,,烏島展望所,,公園,,鹿児島県鹿児島市桜島赤水町3629-12,,,,yes,,,,,,,,yes,,,,,,,button,,,,,,,,,,,,,ostomate_facility_map,鹿児島県 かごしまバリアフリーマップ オストメイト対応施設,https://www.pref.kagoshima.jp/suisuinavi/24766.html,,24766,ふりがな=からすじまてんぼうじょ | 個室内の寸法=240×220 | 便座の高さ=40cm | 手すりの高さ=55cm | 扉の形状・開放幅=引戸（開閉時の重さ1.5kg） | 洗面台の高さ=77cm | 鍵の高さ=66cm | 取っ手の高さ=120cm | オストメイト対応状況=あり | 広いトイレ=あり | 非常呼び出しボタン=あり | 障がい者駐車場スペース=あり | 駐車場の有無=あり（無料） | 駐車場の形態=平面駐車場 施設までの屋根なし | トイレまでのアプローチ=長さ8m50cm／幅1平方メートル6cm／勾配4％ | その他=問い合わせ先 鹿児島市山下町11番1号 鹿児島市役所 電話：099-224-1111（代表）099-216-1327（直通） URL/http://www.city.kagoshima.lg.jp/ 施設までのアクセス → 桜島港ターミナルより1.5km | その他=駐車可能台数は20台で大型バス等のスペースはありません。障害者・妊婦等優先エリアがあります。 | その他=展望所登り口からのスロープは長さ約350m／幅2m／勾配5～15％です。 | その他=おむつ交換台あり,
46,鹿児島県,46201,鹿児島市,,黒神埋没鳥居,,文化・歴史,,鹿児島県鹿児島市黒神町647,,,,yes,,,,,,,,yes,,yes,,,,,,,,,,,,,,,,,,ostomate_facility_map,鹿児島県 かごしまバリアフリーマップ オストメイト対応施設,https://www.pref.kagoshima.jp/suisuinavi/24776.html,,24776,ふりがな=くろかみまいぼつとりい | 個室内の寸法=256×210 | 便座の高さ=46cm | 手すりの高さ=68cm | 扉の形状・開放幅=引戸 | 洗面台の高さ=68cm | 鍵の高さ=64cm | 取っ手の高さ=78cm | 水道形状=自動 | オストメイト対応状況=汚物流し | 広いトイレ=あり | その他の設備=ベビーベッド | 駐車場の有無=あり（無料） | 駐車場の形態=平面駐車場施設までの屋根なし | トイレまでのアプローチ=90cm | その他=お問い合わせ先鹿児島市観光交流センター099-298-5111施設までのアクセス→桜島港ターミナルより北周りで16km、黒神中バス停より50m | その他=駐車可能台数は7台で大型バススペース1台あり。近くに有料100円パーキングあり。,
46,鹿児島県,46201,鹿児島市,,社会福祉法人寿康会,,保健・福祉,,鹿児島市本名町234,,,http://www3.ocn.ne.jp/~jukoen/index.htm,yes,,,,,,,,yes,,,,,,,button,,,,,,,,,,,,,ostomate_facility_map,鹿児島県 かごしまバリアフリーマップ オストメイト対応施設,https://www.pref.kagoshima.jp/suisuinavi/24717.html,,24717,ふりがな=しゃかいふくしほうじんじゅこうかい | 個室内の寸法=240cm×287cm | 便座の高さ=42cm | 洗面台の高さ=77cm | オストメイト対応状況=あり | 広いトイレ=あり | 非常呼び出しボタン=あり | 貸し出し車椅子・ベビーカー=貸出車いす | 駐車場の有無=あり（無料） | 駐車場の形態=平面駐車場 | トイレまでのアプローチ=118cm | その他=施設までのアクセス→薩摩吉田ICより3km | その他=駐車可能台数は20台で大型バス等のスペースはありません。ケアハウス前（施設利用者用）以外であればどこでも停められます。 | その他=土日は施錠されているため、インターホン（高さ117cm）で職員に開けてもらいます。自動ドアの室内からのスイッチは高い位置に設置されています。 | その他=個室扉の形式はカーテンです,phone=099-294-2510 | opening_hours=8時-18時 | closed_days=年中無休
46,鹿児島県,46201,鹿児島市,,輝楽里よしだ館,,買い物,,鹿児島市本城町1408,,,,,,,,,,,,yes,,,,,,,button,,,,,,,,,,,,,ostomate_facility_map,鹿児島県 かごしまバリアフリーマップ オストメイト対応施設,https://www.pref.kagoshima.jp/suisuinavi/24726.html,,24726,ふりがな=きらりよしだかん | 個室内の寸法=154cm×234cm | 便座の高さ=44cm | 手すりの高さ=72cm | 扉の形状・開放幅=90cm | 洗面台の高さ=72cm | 鍵の高さ=60cm | 取っ手の高さ=75cm | オストメイト対応状況=あり | 非常呼び出しボタン=あり | 障がい者駐車場スペース=2台 | 駐車場の有無=あり（無料） | 駐車場の形態=平面駐車場 | その他=施設までのアクセス→九州自動車道薩摩吉田ICより5km | その他=駐車可能台数は32台で大型バス等のスペースが1台分あります。,phone=099-294-4417 | opening_hours=8時～18時 | closed_days=毎週第1水曜日
46,鹿児島県,46201,鹿児島市,,鹿児島市松元公民館,,その他,,鹿児島市上谷口町3366番地1,,,,,,,,,,,,yes,,,,,,,button,,,,,,,,,,,,,ostomate_facility_map,鹿児島県 かごしまバリアフリーマップ オストメイト対応施設,https://www.pref.kagoshima.jp/suisuinavi/23089.html,,23089,ふりがな=かごしましまつもとこうみんかん | 個室内の寸法=190cm×187cm | 便座の高さ=45cm | 手すりの高さ=62cm | 扉の形状・開放幅=80cm | 洗面台の高さ=75cm | 鍵の高さ=70cm | 取っ手の高さ=70cm | オストメイト対応状況=シャワー | 非常呼び出しボタン=あり | パーキング パーミット 駐車場=1台 | 駐車場の有無=あり（無料） | 駐車場の形態=平面駐車場 | トイレまでのアプローチ=200cm | その他=施設までのアクセス→JR薩摩松元駅より1.5km | その他=駐車可能台数は60台で大型バス等のスペースはあります。 | その他=玄関アプローチのスロープ(車寄せ)は長さ5m10cm／幅4m50cm／勾配6％です。 / 玄関前に階段3段／踏込み30cm／蹴上げ14cmがあります。壇上へ上がるリフトが設置されています | その他=障害者優先トイレの個室扉は引き戸で開閉時の重さ1.5kgです | その他=天井までの高さ245cm,phone=099ー278ー1312 | opening_hours=8時30分～22時 | closed_days=12月28日～1月4日
46,鹿児島県,46201,鹿児島市,,鹿児島市役所 郡山支所,,官公庁,,鹿児島県鹿児島市郡山町141,,,https://www.city.kagoshima.lg.jp/shimin/koriyama/soum/shisetsu/shiyakusho/010.html（外部サイトへリンク）,,,,,,,,,yes,,,,,,,,,,,,,,,,,,,,ostomate_facility_map,鹿児島県 かごしまバリアフリーマップ オストメイト対応施設,https://www.pref.kagoshima.jp/suisuinavi/23101.html,,23101,ふりがな=かごしましやくしょこおりやまししょ | 個室内の寸法=180cm×210cm | 便座の高さ=45cm | 手すりの高さ=67cm | 扉の形状・開放幅=引き戸 | 洗面台の高さ=73cm | 鍵の高さ=70cm | 取っ手の高さ=80cm | 水道形状=自動 | オストメイト対応状況=あり | 貸し出し車椅子・ベビーカー=車いすあり | 障がい者駐車場スペース=あり | パーキング パーミット 駐車場=あり(3台) | 駐車場の有無=あり（無料） | 駐車場の形態=平面駐車場 | トイレまでのアプローチ=85cm | その他=施設までのアクセス→九州自動車道「鹿児島北IC」より9km | その他=駐車可能台数は77台で大型バス等のスペースはありません。 / 障害者・妊婦等優先エリアはあります。 | その他=水洗ペダルが床面にあります。,phone=099-298-2111 | opening_hours=8時30分～17時15分 | closed_days=土・日、祝、祭日、12月29日～1月3日
46,鹿児島県,46201,鹿児島市,,市電 谷山電停,,交通,,鹿児島県鹿児島市東谷山2丁目7-4,,,,,,,,,,,,yes,,yes,yes,,,,,,,,,,,,,,,,,ostomate_facility_map,鹿児島県 かごしまバリアフリーマップ オストメイト対応施設,https://www.pref.kagoshima.jp/suisuinavi/23111.html,,23111,ふりがな=しでん たにやまでんてい | 個室内の寸法=254cm×195cm | 便座の高さ=46cm | 手すりの高さ=69cm | 扉の形状・開放幅=引き戸(85cm) | 洗面台の高さ=77cm | 鍵の高さ=56cm | 取っ手の高さ=69cm | オストメイト対応状況=汚物流し | その他の設備=ベビーベッド、ベビーキープ、汚物入れ | その他=<問い合わせ先> / 鹿児島市上荒田町37-20 鹿児島市交通局 / 電話番号：099-257-2111 ファックス番号：099-258-6741 / URL：http://www.kotsu-city-kagoshima.jp/ / 施設までのアクセス ⇒ 市営バス、鹿児島交通「谷山電停」バス停 | その他=車いすでの乗降 可能 / 電停内の傾斜は勾配8～14％です。 / 電停の幅は、最も狭いところで90cmです。,
46,鹿児島県,46201,鹿児島市,,鴨池公園水泳プール,,趣味・スポーツ,,鹿児島市鴨池2丁目31番3号,,,https://ppp.seika-spc.co.jp/kamoike/（外部サイトへリンク）,,,,,,,,,yes,,,,,,,button,,,,,,,,,,,,,ostomate_facility_map,鹿児島県 かごしまバリアフリーマップ オストメイト対応施設,https://www.pref.kagoshima.jp/suisuinavi/30400.html,,30400,ふりがな=かもいけこうえんすいえいぷーる | 便座の高さ=46cm | 手すりの高さ=62cm 51.5cm 71.5cm | 扉の形状・開放幅=半手動ドア | 洗面台の高さ=76cm | 鍵の高さ=57cm | 水道形状=自動 | オストメイト対応状況=対応あり | 非常呼び出しボタン=あり | その他の設備=汚物入れ | ベビールームの有無=あり | 貸し出し車椅子・ベビーカー=車いす：あり（1台） | 障がい者駐車場スペース=あり | パーキング パーミット 駐車場=あり：4台 | 駐車場の有無=あり | 駐車場の形態=平面駐車場 | トイレまでのアプローチ=160cm | その他=一般駐車場は市営駐車場をご利用ください。 | その他=267cm×232cm | その他=非常呼び出しボタンは受付、事務所に繋がっています,phone=099-251-1288 | opening_hours=9時00分～21時00分 | closed_days=月曜日（祝日の場合は翌日）
46,鹿児島県,46201,鹿児島市,,鹿児島市観光農業公園（グリーンファーム）,,娯楽・レジャー,,鹿児島市喜入一倉町5809番地97,,,http://kankonogyo-park.jp/,yes,,,,,,,,yes,,,,,,,button,,,,,,,,,yes,,,,ostomate_facility_map,鹿児島県 かごしまバリアフリーマップ オストメイト対応施設,https://www.pref.kagoshima.jp/suisuinavi/30126.html,,30126,ふりがな=かごしましかんこうのうぎょうこうえん(ぐりーんふぁーむ) | 個室内の寸法=扉開閉時の有効幅員:90cm内寸254cm×229cm | 便座の高さ=床から46cm | 手すりの高さ=床から68cm | 扉の形状・開放幅=引戸 | 洗面台の高さ=床から80cm※便座横にも別に設置 | 鍵の高さ=床から55cm | 水道形状=自動 | オストメイト対応状況=あり | 広いトイレ=あり | 非常呼び出しボタン=あり | ベビールームの有無=あり | 貸し出し車椅子・ベビーカー=車いす常時2台ベビーカー・バギー常時1台 | 障がい者駐車場スペース=あり | パーキング パーミット 駐車場=あり（7台） | 駐車場の有無=あり（無料） | 駐車場の形態=平面駐車場 | トイレまでのアプローチ=通路幅165cm,phone=099-345-3337 | opening_hours=4月～10月（開館8時30分～閉館18時00分）11月～3月（開館9時～閉館17時00分） | closed_days=12月29日～1月1日
46,鹿児島県,46201,鹿児島市,,鹿児島赤十字病院,,病院,,鹿児島県鹿児島市平川町2545番地,,,http://www.kagoshima-med.jrc.or.jp/,yes,,,,,,,,yes,,,,,,,button,,,,,,,,,,,,,ostomate_facility_map,鹿児島県 かごしまバリアフリーマップ オストメイト対応施設,https://www.pref.kagoshima.jp/suisuinavi/25119.html,,25119,ふりがな=かごしませきじゅうじびょういん | 個室内の寸法=200cm×205cm | 便座の高さ=45cm | 手すりの高さ=72cm | 扉の形状・開放幅=引き戸(90cm) | 洗面台の高さ=74cm | 鍵の高さ=55cm | 取っ手の高さ=70cm | 広いトイレ=あり | 非常呼び出しボタン=あり | その他の設備=汚物入れ | 貸し出し車椅子・ベビーカー=車いすあり | 駐車場の有無=あり（無料） | 駐車場の形態=平面駐車場 | その他=駐車可能台数は50台です。駐車場自体が入り口へ向かって上り傾斜になっています。 | その他=引き戸の開閉時の重さは1.1kgです。 | その他=非常呼び出しボタンは各事務室に繋がっています。,phone=099-261-2111 | opening_hours=8時～17時（受付：8時～11時30分、13時30分～16時診療：8時30分～12時、14時～17時） | closed_days=土日、祝祭日、5月1日(日赤創立記念日)、年末年始
46,鹿児島県,46201,鹿児島市,,鹿児島市役所 谷山支所,,官公庁,,鹿児島県鹿児島市谷山中央4丁目4927,,,http://www.city.kagoshima.lg.jp/,,,,,,,,,yes,,yes,,,,,button,,,,,,,,,,yes,,,ostomate_facility_map,鹿児島県 かごしまバリアフリーマップ オストメイト対応施設,https://www.pref.kagoshima.jp/suisuinavi/25120.html,,25120,ふりがな=かごしましやくしょたにやまししょ | 個室内の寸法=208cm×190cm | 便座の高さ=44cm | 手すりの高さ=62cm | 扉の形状・開放幅=自動ドア(90cm) | 洗面台の高さ=80cm | 鍵の高さ=70cm | 水道形状=自動 | オストメイト対応状況=汚物流し | 非常呼び出しボタン=あり | その他の設備=ベビーベッド、汚物入れ | ベビールームの有無=使用中でなければ、申し出により相談室を授乳等に利用することができます。 | 貸し出し車椅子・ベビーカー=車いすあり | 障がい者駐車場スペース=あり | パーキング パーミット 駐車場=3台 | 駐車場の有無=あり（無料） | 駐車場の形態=平面駐車場 | トイレまでのアプローチ=115cm | その他=駐車可能台数は94台です。 / 駐車場は無料です。 | その他=入り口4ヶ所中、2ヶ所は手動ドアです。段差はありません。 / 待合ロビーに受付順番を知らせる電光掲示板が設置されています。 | その他=非常呼び出しボタンは2階の総務課に繋がっています。,phone=099-269-2111 | opening_hours=8時30分～17時15分 | closed_days=土日、祝祭日、年末年始
46,鹿児島県,46201,鹿児島市,,財団法人児玉美術館,,文化・歴史,,鹿児島県鹿児島市下福元町8251-1,,,http://www.kodama-art-museum.or.jp/,,,,,,,,,yes,,yes,,,,,button,,,,,,,,,,,,,ostomate_facility_map,鹿児島県 かごしまバリアフリーマップ オストメイト対応施設,https://www.pref.kagoshima.jp/suisuinavi/25122.html,,25122,ふりがな=ざいだんほうじんこだまびじゅつかん | 個室内の寸法=185cm×205cm | 便座の高さ=42cm | 手すりの高さ=70cm | 扉の形状・開放幅=引き戸 | 洗面台の高さ=60cm | 鍵の高さ=60cm | 取っ手の高さ=75cm | 水道形状=自動 | オストメイト対応状況=汚物流し、シャワー | 非常呼び出しボタン=あり | その他の設備=ベビーベッド、汚物入れ | 貸し出し車椅子・ベビーカー=車いすあり(3台) | 障がい者駐車場スペース=3台 | 駐車場の有無=あり（無料） | 駐車場の形態=平面駐車場 | その他=駐車可能台数は40台で、大型バス等のスペースが20台あります。 | その他=玄関まではスロープになっています。 | その他=非常呼び出しボタンは事務所に繋がっています。,phone=099-262-0050 | opening_hours=10時～16時 | closed_days=月曜日(祝祭日の場合は翌日)
46,鹿児島県,46201,鹿児島市,,平川動物公園,,娯楽・レジャー,,鹿児島県鹿児島市平川町5669-1,,,http://hirakawazoo.jp/,yes,,,,,,,,yes,,yes,yes,,,,button,,,,,,,,,yes,,,,ostomate_facility_map,鹿児島県 かごしまバリアフリーマップ オストメイト対応施設,https://www.pref.kagoshima.jp/suisuinavi/25125.html,,25125,ふりがな=ひらかわどうぶつこうえん | 個室内の寸法=225cm×200cm | 便座の高さ=45cm | 手すりの高さ=75cm | 扉の形状・開放幅=引き戸(90cm) | 洗面台の高さ=75cm | 鍵の高さ=65cm | 取っ手の高さ=80cm | 水道形状=自動 | オストメイト対応状況=汚物流し | 広いトイレ=あり | 非常呼び出しボタン=あり | その他の設備=ベビーベッド、ベビーキープ、汚物入れ | ベビールームの有無=あり | 貸し出し車椅子・ベビーカー=貸し出し車いす：あり(10台)、ベビーカー：あり(有料、50台以上) | 障がい者駐車場スペース=あり（14台） | パーキング パーミット 駐車場=14台 | 駐車場の有無=あり（有料） | 駐車場の形態=平面駐車場 | その他=駐車可能台数は630台で、大型バス等のスペースが28台あります。 / 駐車料金は、一般自動車200円、大型自動車・バスは400円です。 | その他=箇所によりサイズは多少異なります。 | その他=子ども用洋式便座あり,phone=099-261-2326 | opening_hours=9時～17時（夏休みなどに夜間開園あり） | closed_days=12月29日-1月1日
46,鹿児島県,46201,鹿児島市,,鹿児島市立ふるさと考古歴史館,,文化・歴史,,鹿児島県鹿児島市下福元町3763-1,,,http://www.k-kb.or.jp/koukokan/,,,,,,,,,yes,,yes,,,,,button,,,,,,,,,yes,,,,ostomate_facility_map,鹿児島県 かごしまバリアフリーマップ オストメイト対応施設,https://www.pref.kagoshima.jp/suisuinavi/17826.html,,17826,ふりがな=かごしましりつふるさとこうこれきしかん | 個室内の寸法=190cm×211cm | 便座の高さ=45cm | 手すりの高さ=72cm | 扉の形状・開放幅=引き戸(91cm) | 洗面台の高さ=75cm | 鍵の高さ=48cm | 取っ手の高さ=100cm | オストメイト対応状況=パウチ・しびん洗浄水栓 | 非常呼び出しボタン=あり | その他の設備=ベビーベッド、汚物入れ | ベビールームの有無=あり | 貸し出し車椅子・ベビーカー=車いすあり(3台)、ベビーカーあり(1台) | 障がい者駐車場スペース=あり | パーキング パーミット 駐車場=3台 | 駐車場の有無=あり（無料） | 駐車場の形態=平面駐車場 | その他=入館料は一般450円、小・中学生220円です。 | その他=駐車可能台数は120台で大型バス等のスペースが11台あります。 | その他=建物2階に入り口があります。 / 2階玄関への階段は踏込み30cm、蹴上げ15cmです。スロープは長さ6250cm、幅181cm、勾配5％で、正面入り口を見て左側にあります。または、エレベーターで2階に移動することができます。 / 館内には手すりがあり高さ80cmです。ロッカーが2階図書館横にあります。 / 移動は、フラットで館内のジオラマ展示への移動もスロープが比較的緩やかです。 | その他=引き戸の開閉時の重さは2kgです。 | その他=非常呼び出しボタンは事務室に繋がっています。 / 子ども用洋式便座あり、子ども用洋式便器あり(2階女性用トイレ内),phone=099-266-0696 | opening_hours=9時～17時 | closed_days=月曜日(祝祭日の場合は翌日)、12月29日-1月1日
46,鹿児島県,46201,鹿児島市,,ニシムタ N'sCITY 谷山店,,買い物,,鹿児島県鹿児島市卸本町5番35号,,,http://www.nishimuta.co.jp/,yes,,,,,,,,yes,,yes,yes,,,,button,,,,,,,,,,,,,ostomate_facility_map,鹿児島県 かごしまバリアフリーマップ オストメイト対応施設,https://www.pref.kagoshima.jp/suisuinavi/17833.html,,17833,ふりがな=にしむたえぬずしてぃたにやまてん | 個室内の寸法=250cm×230cm | 便座の高さ=46cm | 手すりの高さ=73cm | 扉の形状・開放幅=引き戸 | 洗面台の高さ=70cm | 鍵の高さ=64cm | 取っ手の高さ=78cm | 水道形状=自動 | オストメイト対応状況=汚物流し、シャワー | 広いトイレ=あり | 非常呼び出しボタン=あり | その他の設備=ベビーベッド、ベビーキープ、汚物入れ | ベビールームの有無=あり | 貸し出し車椅子・ベビーカー=貸し出し車いす：あり | 障がい者駐車場スペース=あり（15台） | パーキング パーミット 駐車場=15台 | 駐車場の有無=あり（無料） | 駐車場の形態=平面駐車場、立体駐車場 | トイレまでのアプローチ=120cm | その他=駐車可能台数は1200台です。,phone=099-268-1500 | opening_hours=食鮮館、ホームセンター館：24時間営業 / 資材館：7時～20時 / 2輪館、ペット館、及び2階テナントゾーン：10時～21時 / フードコート，アミューズメント：10時～24時
46,鹿児島県,46201,鹿児島市,,フレッシュ青果スポーツランド（鹿児島ふれあいスポーツランド）,,趣味・スポーツ,,鹿児島県鹿児島市中山町591番地1,,,フレッシュ青果スポーツランド（外部サイトへリンク）,yes,,,,,,,,yes,,yes,yes,,,,button,,,,,,,,,,,,,ostomate_facility_map,鹿児島県 かごしまバリアフリーマップ オストメイト対応施設,https://www.pref.kagoshima.jp/suisuinavi/17842.html,,17842,ふりがな=ふれっしゅせいかすぽーつらんど（かごしまふれあいすぽーつらんど） | 個室内の寸法=202cm×223cm | 便座の高さ=46cm | 手すりの高さ=71cm | 扉の形状・開放幅=自動ドア(95cm) | 洗面台の高さ=76cm | 鍵の高さ=95cm | オストメイト対応状況=汚物流し | 広いトイレ=あり | 非常呼び出しボタン=あり | その他の設備=ベビーベッド、ベビーキープ、汚物入れ | ベビールームの有無=あり | 貸し出し車椅子・ベビーカー=車いすあり | 障がい者駐車場スペース=あり | パーキング パーミット 駐車場=4台 | 駐車場の有無=あり（無料） | 駐車場の形態=平面駐車場 | トイレまでのアプローチ=115cm | その他=駐車可能台数は874台で大型バス等のスペースが25台あります。 | その他=合受付カウンターには低めの台があり、高さは70cmです。受付まで点字ブロック誘導があります。 / プールと屋内運動場の間に和室の休憩室があります。 | その他=非常呼び出しボタンは事務所及び総合警備室に繋がっています。,phone=099-275-7107 | opening_hours=8時30分～21時(プールは20時まで) | closed_days=12月30日-1月2日、水曜日(プールのみ)
46,鹿児島県,46201,鹿児島市,,南栄リース桜島アリーナ,,趣味・スポーツ,,鹿児島市桜島横山町1722-17,,,https://erg-sports.co.jp/sakurajima/（外部サイトへリンク）,,,,,,,,,yes,,,,,,,button,,,,,,,,,,,,,ostomate_facility_map,鹿児島県 かごしまバリアフリーマップ オストメイト対応施設,https://www.pref.kagoshima.jp/suisuinavi/30399.html,,30399,ふりがな=なんえいりーすさくらじまありーな | 個室内の寸法=150cm×107cm | 便座の高さ=41cm | 扉の形状・開放幅=54cm | 洗面台の高さ=74cm | 鍵の高さ=97cm | 水道形状=自動 | オストメイト対応状況=体育館・グラウンドのトイレで合計3カ所あり | 非常呼び出しボタン=非常呼び出しボタンは事務所に繋がっています | その他の設備=エチケットボックス全トイレに設置 | ベビールームの有無=あり | 貸し出し車椅子・ベビーカー=車いす1台 | 障がい者駐車場スペース=あり | 駐車場の有無=あり（無料） | 駐車場の形態=平面駐車場 | その他=駐車可能台数は518台 | その他=本館・補助館とも玄関に入るためのスロープあり,phone=099-293-2967 | opening_hours=8時30分～22時 | closed_days=毎週月曜日（月曜日が祝日の場合翌日）、12月29日～1月3日
46,鹿児島県,46201,鹿児島市,,鹿児島県立サッカー・ラグビー場,,趣味・スポーツ,,鹿児島市中山町433番地,,,https://ppp.seika-spc.co.jp/fure-sr/（外部サイトへリンク）,yes,,,,,,,,yes,,,,,,,button,,,,,,,,,,,,,ostomate_facility_map,鹿児島県 かごしまバリアフリーマップ オストメイト対応施設,https://www.pref.kagoshima.jp/suisuinavi/30402.html,,30402,ふりがな=かごしまけんりつさっかーらぐびーじょう | 個室内の寸法=240cm×220cm | 手すりの高さ=70cm | 扉の形状・開放幅=半自動引き戸（全開固定：可）・90cm | 洗面台の高さ=75cm | 鍵の高さ=60cm | 水道形状=自動 | オストメイト対応状況=あり（汚物流し，シャワー） | 広いトイレ=多目的トイレはベビーカーも一緒に入ることができます | 非常呼び出しボタン=非常呼出しボタンは事務所に繋がっています（ボタンの場所はトイレによって異なる） | 貸し出し車椅子・ベビーカー=車いす：1台 | 障がい者駐車場スペース=あり:5台（幅3.5m） | パーキング パーミット 駐車場=あり：5台 | 駐車場の有無=あり（無料） | 駐車場の形態=平面駐車場 | トイレまでのアプローチ=クラブハウス内トイレも外側出入口となっています。通路・勾配・段差はありません。 | その他=486台収容 / 大型バス等スペース：18台 | その他=男児用小便器あり / トイレ水洗：自動センサー・レバー（箇所によって異なる） / 汚物入れ：あり,phone=099-284-7201 | opening_hours=8時30分～21時00分 | closed_days=年末年始
46,鹿児島県,46215,薩摩川内市,,薩摩川内市立中央図書館,,文化・歴史,,鹿児島県薩摩川内市大小路町14-5,,,https://library-satsumasendai.com/（外部サイトへリンク）,,,,,,,,,yes,,,,,,,,,,,,,,,,,,,,ostomate_facility_map,鹿児島県 かごしまバリアフリーマップ オストメイト対応施設,https://www.pref.kagoshima.jp/suisuinavi/2926.html,,2926,ふりがな=さつませんだいしりつちゅうおうとしょかん | 個室内の寸法=120cm×250cm | 便座の高さ=46cm | 手すりの高さ=63cm | 扉の形状・開放幅=自動ドア（78cm） | 洗面台の高さ=74cm | 鍵の高さ=85cm | 水道形状=手動 | オストメイト対応状況=汚物流し・シャワー | その他の設備=汚物入れ | 貸し出し車椅子・ベビーカー=貸し出し車いす：1台 | 障がい者駐車場スペース=あり（1台） | 駐車場の有無=あり（無料） | 駐車場の形態=平面駐車場 | トイレまでのアプローチ=148cm | その他=駐車可能台数は100台で大型バス等のスペースはありません。 / 駐車場より右側が図書館、左側が公民館となります。 | その他=自動ドアは15秒で自動で閉まります。,phone=0996-22-3542 | opening_hours=8時45分-21時 | closed_days=毎月第4木曜日(17時-21時は開館)
46,鹿児島県,46215,薩摩川内市,,薩摩川内市産業振興センター,,その他,,鹿児島県薩摩川内市天辰町2211-1,,,,,,,,,,,,yes,,,,,,,button,,,,,,,,,,,,,ostomate_facility_map,鹿児島県 かごしまバリアフリーマップ オストメイト対応施設,https://www.pref.kagoshima.jp/suisuinavi/2932.html,,2932,ふりがな=さつませんだいしさんぎょうしんこうせんたー | 個室内の寸法=180cm×180cm | 便座の高さ=44cm | 手すりの高さ=71cm | 扉の形状・開放幅=自動ドア（90cm） | 洗面台の高さ=68cm | 水道形状=自動 | オストメイト対応状況=汚物流し・シャワー | 非常呼び出しボタン=あり | その他の設備=汚物入れ | パーキング パーミット 駐車場=2台 | 駐車場の有無=あり（無料） | 駐車場の形態=平面駐車場 | トイレまでのアプローチ=230cm | その他=駐車可能台数は250台で大型バス等のスペースはありません。 / 駐車場は「薩摩川内市国際交流センター」と共用です。 | その他=玄関前の階段は5段／踏込み26cm／蹴上げ14cmがあります。 / 玄関横のスロープは長さ700cm／幅148cm／勾配10％です。 | その他=非常呼び出しボタンは事務所に繋がっています。,phone=0996-22-7741 | opening_hours=8時30分-21時30分 | closed_days=毎月第1月曜日
46,鹿児島県,46215,薩摩川内市,,川内高城温泉,,温泉・お風呂,,鹿児島県薩摩川内市湯田町,,,,yes,,,,,,,,yes,,yes,yes,,,,button,,,,,,,,,,,,,ostomate_facility_map,鹿児島県 かごしまバリアフリーマップ オストメイト対応施設,https://www.pref.kagoshima.jp/suisuinavi/2933.html,,2933,ふりがな=せんだいたきおんせん | 個室内の寸法=220cm×237cm | 便座の高さ=45cm | 手すりの高さ=69cm | 扉の形状・開放幅=引き戸（88cm） | 洗面台の高さ=71cm | 鍵の高さ=56cm | 取っ手の高さ=62cm | 水道形状=自動 | オストメイト対応状況=汚物流し | 広いトイレ=あり | 非常呼び出しボタン=あり | その他の設備=ベビーベッドベビーキープ汚物入れ | 駐車場の有無=あり（無料） | 駐車場の形態=平面駐車場 | その他=問い合わせ先 / 鹿児島県薩摩川内市神田町3番22号 / 薩摩川内市役所（観光・物産課） / 電話番号0996-23-5111ファックス番号0996-20-5570 | その他=駐車可能台数は3台で大型バス等のスペースはありません。 / トイレ前の駐車場に案内の立看板があります。 | その他=個室扉の形式は引き戸で開閉時の重さは3kgです。 | その他=非常呼び出しボタンは外の回転灯が点灯します。,
46,鹿児島県,46215,薩摩川内市,,薩摩川内市国際交流センター,,その他,,鹿児島県薩摩川内市天辰町2211-1,,,,,,,,,,,,yes,,,,,,,button,,,,,,,,,,,,,ostomate_facility_map,鹿児島県 かごしまバリアフリーマップ オストメイト対応施設,https://www.pref.kagoshima.jp/suisuinavi/2944.html,,2944,ふりがな=さつませんだいしこくさいこうりゅうせんたー | 個室内の寸法=180cm×180cm | 便座の高さ=44cm | 手すりの高さ=71cm | 扉の形状・開放幅=自動ドア（90cm） | 洗面台の高さ=68cm | 水道形状=自動 | オストメイト対応状況=汚物流し・シャワー | 非常呼び出しボタン=あり | その他の設備=汚物入れ | パーキング パーミット 駐車場=2台 | 駐車場の有無=あり（無料） | 駐車場の形態=平面駐車場 | トイレまでのアプローチ=230cm | その他=駐車可能台数は174台で、大型バス5台のスペースがあります。 / 駐車場は「薩摩川内市産業振興センター」と共用です。 | その他=玄関前の階段は5段/踏込み30cm/蹴上げ14cmです。 / 玄関横のスロープは長さ700cm/幅148cm/勾配10％です。 | その他=非常呼び出しボタンは事務所に繋がっています。,phone=0996-22-7741 | opening_hours=8時30分-21時30分 | closed_days=毎月第1月曜日
46,鹿児島県,46215,薩摩川内市,,御陵下公園,,趣味・スポーツ,,鹿児島県薩摩川内市御陵下町25-8,,,http://satsumasendai.or.jp/,yes,,,,,,,,yes,,yes,yes,,,,button,,,,,,,,,,,,,ostomate_facility_map,鹿児島県 かごしまバリアフリーマップ オストメイト対応施設,https://www.pref.kagoshima.jp/suisuinavi/2946.html,,2946,ふりがな=ごりょうしたこうえん | 個室内の寸法=270cm×266cm | 便座の高さ=46cm | 手すりの高さ=71cm | 扉の形状・開放幅=引き戸（100cm） | 洗面台の高さ=77cm | 鍵の高さ=50cm | 取っ手の高さ=80cm | 水道形状=自動 | オストメイト対応状況=汚物流し | 広いトイレ=あり | 非常呼び出しボタン=あり | その他の設備=ベビーベッドベビーキープ汚物入れ | 駐車場の有無=あり（無料） | 駐車場の形態=平面駐車場 | トイレまでのアプローチ=226cm | その他=問い合わせ先 / 鹿児島県薩摩川内市神田町3番22号 / 薩摩川内市役所 / 電話番号0996-23-5111ファックス番号0996-20-5570 / URLhttp://www.satsumasendai.jp/ | その他=駐車可能台数は10台で大型バス等のスペースはありません。 | その他=個室扉の形式は引き戸で開閉時の重さは2.5kgです。 | その他=男児用小便器 / 非常呼び出しボタンは外の回転灯が点灯します。,
46,鹿児島県,46215,薩摩川内市,,サン・アビリティーズ川内,,趣味・スポーツ,,鹿児島県薩摩川内市永利町4107-2,,,,yes,,,,,,,,yes,,,yes,,,,button,,,,,,,,,,,,,ostomate_facility_map,鹿児島県 かごしまバリアフリーマップ オストメイト対応施設,https://www.pref.kagoshima.jp/suisuinavi/2952.html,,2952,ふりがな=さん・あびりてぃーずせんだい | 個室内の寸法=210cm×202cm | 便座の高さ=44cm | 手すりの高さ=68cm | 扉の形状・開放幅=自動ドア（85cm） | 洗面台の高さ=73cm | 鍵の高さ=75cm | 取っ手の高さ=70cm | 水道形状=手動 | オストメイト対応状況=汚物流し | 広いトイレ=あり | 非常呼び出しボタン=あり | その他の設備=ベビーキープ汚物入れ | 貸し出し車椅子・ベビーカー=車いすあり | 障がい者駐車場スペース=あり | パーキング パーミット 駐車場=6台 | 駐車場の有無=あり（無料） | 駐車場の形態=平面駐車場 | トイレまでのアプローチ=233cm | その他=駐車可能台数は50台で大型バス等のスペースはありません。 | その他=玄関横の階段は3段/踏込み27cm/蹴上げ19mです。 / 玄関前のスロープは長さ130cm/幅326cm/勾配7％です。 | その他=個室扉の形式は自動ドアです。 | その他=非常呼び出しボタンは事務所に繋がっています。,phone=0996-22-7938 | opening_hours=8時30分-22時 | closed_days=毎週月曜日、年末年始
46,鹿児島県,46215,薩摩川内市,,JR川内駅,,交通,,鹿児島県薩摩川内市平佐町2911,,,,,,,,,,,,yes,,,,,,,button,,,,,,,,,,,,,ostomate_facility_map,鹿児島県 かごしまバリアフリーマップ オストメイト対応施設,https://www.pref.kagoshima.jp/suisuinavi/2953.html,,2953,ふりがな=じぇいあーるせんだいえき | 個室内の寸法=170cm×227cm | 便座の高さ=45cm | 手すりの高さ=72cm | 扉の形状・開放幅=引き戸（90cm） | 洗面台の高さ=74cm | 鍵の高さ=56cm | 取っ手の高さ=70cm | 水道形状=手動 | オストメイト対応状況=汚物流し・シャワー | 非常呼び出しボタン=あり | その他の設備=汚物入れ | 貸し出し車椅子・ベビーカー=車いすあり | 障がい者駐車場スペース=あり | 駐車場の有無=あり（有料） | 駐車場の形態=平面駐車場施設までの屋根あり | トイレまでのアプローチ=175cm | その他=駐車場は有料（30分までは無料）で自動支払機があります。 / 大型バス等のスペースはありません。 | その他=自動切符販売機が設置されています。 | その他=個室扉の形式は引き戸で開閉時の重さは1kgです。 | その他=非常呼び出しボタンは1階事務所に繋がっています。,"phone=0570-04-1717（きっぷ・運行状況のお問合せ）
0570-07-8787（介助のお問合せ）"
46,鹿児島県,46215,薩摩川内市,,川薩保健所,,その他,,鹿児島県薩摩川内市隈之城町228-1,,,,yes,,,,,,,,yes,,yes,,,,,button,,,,,,,,,,,,,ostomate_facility_map,鹿児島県 かごしまバリアフリーマップ オストメイト対応施設,https://www.pref.kagoshima.jp/suisuinavi/2955.html,,2955,ふりがな=せんさつほけんじょ | 個室内の寸法=270cm×210cm | 便座の高さ=43cm | 手すりの高さ=70cm | 扉の形状・開放幅=引き戸（120cm） | 洗面台の高さ=70cm | 鍵の高さ=55cm | 取っ手の高さ=70cm | 水道形状=自動 | オストメイト対応状況=汚物流し | 広いトイレ=あり | 非常呼び出しボタン=あり | その他の設備=ベビーベッド汚物入れ | ベビールームの有無=あり | 貸し出し車椅子・ベビーカー=車いす4台（1階正面玄関2台2階入り口2台） | パーキング パーミット 駐車場=10台（1階5台2階5台） | 駐車場の有無=あり（無料） | 駐車場の形態=平面駐車場施設までの屋根あり | トイレまでのアプローチ=210cm | その他=駐車可能台数は170台で大型バス等のスペースはありません。 | その他=非常呼び出しボタンは事務所内に繋がっています。,phone=0996-23-3165 | opening_hours=8時30分-17時15分 | closed_days=土、日、祝日
46,鹿児島県,46215,薩摩川内市,,薩摩川内市樋脇保健センター,,保健・福祉,,鹿児島県薩摩川内市樋脇町市比野2926-2,,,,,,,,,,,,yes,,yes,,,,,button,,,,,,,,,,,,,ostomate_facility_map,鹿児島県 かごしまバリアフリーマップ オストメイト対応施設,https://www.pref.kagoshima.jp/suisuinavi/2958.html,,2958,ふりがな=さつませんだいしひわきほけんせんたー | 個室内の寸法=190cm×280cm | 便座の高さ=46cm | 手すりの高さ=70cm | 扉の形状・開放幅=引き戸 | 洗面台の高さ=68cm | 鍵の高さ=57cm | 取っ手の高さ=80cm | 水道形状=自動 | オストメイト対応状況=汚物流し | 非常呼び出しボタン=あり | その他の設備=ベビーベッド / 汚物入れ | ベビールームの有無=あり | 障がい者駐車場スペース=あり | パーキング パーミット 駐車場=2台 | 駐車場の有無=あり（無料） | 駐車場の形態=平面駐車場 | トイレまでのアプローチ=178cm | その他=駐車可能台数は100台で大型バス等のスペースはありません。 | その他=非常呼び出しボタンは社会福祉協議会へ繋がっています。,phone=0996-38-2211 | opening_hours=8時30分-17時15分 | closed_days=土、日、祝日、年末年始
46,鹿児島県,46215,薩摩川内市,,道の駅樋脇・遊湯館,,買い物,,鹿児島県薩摩川内市樋脇町市比野156,,,,yes,,,,,,,,yes,,yes,yes,,,,button,,,,,,,,,,,,,ostomate_facility_map,鹿児島県 かごしまバリアフリーマップ オストメイト対応施設,https://www.pref.kagoshima.jp/suisuinavi/2963.html,,2963,ふりがな=みちのえきひわきゆうゆかん | 個室内の寸法=270cm×205cm | 手すりの高さ=71cm | 扉の形状・開放幅=引き戸（90cm） | 洗面台の高さ=77cm | 鍵の高さ=65cm | 取っ手の高さ=78cm | 水道形状=レバー | オストメイト対応状況=汚物流し | 広いトイレ=あり | 非常呼び出しボタン=あり | その他の設備=ベビーベッド / ベビーキープ / 汚物入れ | 障がい者駐車場スペース=あり | パーキング パーミット 駐車場=2台 | 駐車場の有無=あり（無料） | 駐車場の形態=平面駐車場 | トイレまでのアプローチ=210cm | その他=駐車可能台数は67台で大型バス等のスペースがあります。 / スロープは長さ300cm/幅160cm/勾配11％です。 | その他=玄関の階段は3段/踏込み35cm/蹴上げ12.5cmです。 | その他=個室扉の形式は引き戸で開閉時の重さ1.5kgです。,phone=0996-38-2506 | opening_hours=8時30分-18時 / （日曜日は8時-18時） / （夏季4月-9月は8時30分-18時30分） | closed_days=毎月第1・3水曜日、1月1日
46,鹿児島県,46215,薩摩川内市,,鹿児島障害者職業能力開発校,,学ぶ,,鹿児島県薩摩川内市入来町浦之名1432,,,,yes,,,,,,,,yes,,,,,,,button,,,,,,,,,,,,,ostomate_facility_map,鹿児島県 かごしまバリアフリーマップ オストメイト対応施設,https://www.pref.kagoshima.jp/suisuinavi/2996.html,,2996,ふりがな=かごしましょうがいしゃしょくぎょうのうりょくかいはつこう | 個室内の寸法=210cm×210cm | 便座の高さ=45cm | 手すりの高さ=70cm | 扉の形状・開放幅=引き戸（110cm） | 洗面台の高さ=70cm | 鍵の高さ=55cm | 取っ手の高さ=70cm | 水道形状=自動(センサー) | オストメイト対応状況=汚物流し・シャワー | 広いトイレ=あり | 非常呼び出しボタン=あり | その他の設備=汚物入れ | 貸し出し車椅子・ベビーカー=車いす6台 | パーキング パーミット 駐車場=10台 | 駐車場の有無=あり（無料） | 駐車場の形態=平面駐車場施設までの屋根あり | トイレまでのアプローチ=120cm | その他=駐車可能台数は129台で大型バス等のスペースもあります。 | その他=館内全フラットです。手すりも設置してあります。,phone=0996-44-2206 | opening_hours=8時30分-17時15分 | closed_days=土、日、祝日、年末年始
46,鹿児島県,46215,薩摩川内市,,SPA HOTEL YUTTARIKAN,,泊まる,,鹿児島県薩摩川内市東郷町斧渕1940-1,,,,yes,,,,,,,,yes,,yes,,,,,button,,,,,,,,,,,,,ostomate_facility_map,鹿児島県 かごしまバリアフリーマップ オストメイト対応施設,https://www.pref.kagoshima.jp/suisuinavi/3003.html,,3003,ふりがな=すぱほてるゆったりかん | 個室内の寸法=290cm×200cm | 便座の高さ=45cm | 手すりの高さ=68cm | 扉の形状・開放幅=引き戸（88cm） | 洗面台の高さ=68cm | 鍵の高さ=56cm | 取っ手の高さ=70cm | 水道形状=自動 | オストメイト対応状況=汚物流し・シャワー | 広いトイレ=あり | 非常呼び出しボタン=あり | その他の設備=ベビーベッド | パーキング パーミット 駐車場=3台 | 駐車場の有無=あり（無料） | 駐車場の形態=平面駐車場 | トイレまでのアプローチ=120cm | その他=駐車可能台数は100台で大型バス等のスペースがあります。 | その他=個室扉の形式は開き戸で開閉時の重さ0.5kgです。 | その他=非常呼び出しボタンは事務所へ繋がっています。,phone=0996-42-2244 | opening_hours=7時30分～※日帰り入浴は7時30分～21時最終受付21時30分終了 | closed_days=第2月曜日
46,鹿児島県,46215,薩摩川内市,,薩摩川内警察署甑島幹部派出所,,官公庁,,鹿児島県薩摩川内市上甑町中甑490-2,,,,yes,,,,,,,,yes,,,,,,,button,,,,,,,,,,,,,ostomate_facility_map,鹿児島県 かごしまバリアフリーマップ オストメイト対応施設,https://www.pref.kagoshima.jp/suisuinavi/3046.html,,3046,ふりがな=さつませんだいけいさつしょこしきじまかんぶはしゅつしょ | 個室内の寸法=230cm×200cm | 便座の高さ=42cm | 手すりの高さ=72cm | 扉の形状・開放幅=引き戸（85cm） | 洗面台の高さ=75cm | 鍵の高さ=cm | 取っ手の高さ=70cm | オストメイト対応状況=あり | 広いトイレ=あり | 非常呼び出しボタン=あり | その他の設備=汚物入れ | 障がい者駐車場スペース=あり | 駐車場の有無=あり（無料） | 駐車場の形態=平面駐車場 | トイレまでのアプローチ=120cm | その他=駐車可能台数は6台で大型バス等のスペースはありません。 | その他=入口は自動ドアでプッシュ式、ボタンの高さは120cmです。 | その他=個室扉の形式は引き戸で開閉時の重さ1.5kgです。 | その他=非常呼び出しボタンは所内に繋がっています。,phone=0996-20-0110（薩摩川内警察署） | opening_hours=8時30分-17時15分(基本的には24時間体制)
46,鹿児島県,46203,鹿屋市,,アジア・太平洋農村研修センター,,学ぶ,,鹿児島県鹿屋市上高隈町3811-1,,,http://www3.synapse.ne.jp/kapic/,,,,,,,,,yes,,,,,,,button,,,,,,,,,,,,,ostomate_facility_map,鹿児島県 かごしまバリアフリーマップ オストメイト対応施設,https://www.pref.kagoshima.jp/suisuinavi/22521.html,,22521,ふりがな=あじあたいへいようのうそんけんしゅうせんたー | 個室内の寸法=230cm×180cm | 便座の高さ=45cm | 手すりの高さ=70cm | 扉の形状・開放幅=110cm | 洗面台の高さ=75cm | 鍵の高さ=60cm | 取っ手の高さ=75cm | 水道形状=自動 | オストメイト対応状況=あり | 非常呼び出しボタン=あり | その他の設備=障害者用トイレの開閉ボタン（内・外）あり。開閉ボタンの外側の上にあるボタンは、呼び出しボタンの解除ボタンです。 | 貸し出し車椅子・ベビーカー=貸出車いす：2台 | 障がい者駐車場スペース=2台 | パーキング パーミット 駐車場=2台 | 駐車場の有無=あり（無料） | 駐車場の形態=平面駐車場 | トイレまでのアプローチ=120cm | その他=施設までのアクセス：最寄りの交通機関→鹿屋ゴルフ場バス停より4km | その他=駐車可能台数は35台で大型バス等の専用スペースはありません。 | その他=研修のための宿泊施設も整備されています | その他=個室扉の形式は自動ドアです,phone=0994-45-3288 | opening_hours=9時～17時 | closed_days=月曜日（月曜祝日の場合は火曜日）
46,鹿児島県,46203,鹿屋市,,県民健康プラザ健康増進センター,,保健・福祉,,鹿児島県鹿屋市札元1-8-7,,,http://www.kenpura.com/,yes,,,,,,,,yes,,yes,,,,,button,,,,,,,,,,,,,ostomate_facility_map,鹿児島県 かごしまバリアフリーマップ オストメイト対応施設,https://www.pref.kagoshima.jp/suisuinavi/22547.html,,22547,ふりがな=けんみんけんこうぷらざけんこうぞうしんせんたー | 個室内の寸法=240cm×260cm | 便座の高さ=45cm | 手すりの高さ=70cm | 扉の形状・開放幅=110cm | 洗面台の高さ=76cm | 鍵の高さ=100cm | オストメイト対応状況=汚物流し | 広いトイレ=あり | 非常呼び出しボタン=あり | その他の設備=ベビーベッドあり | 貸し出し車椅子・ベビーカー=貸出車いす | パーキング パーミット 駐車場=13台 | 駐車場の有無=あり（無料） | 駐車場の形態=平面駐車場 | その他=施設までのアクセス→鹿屋バスセンターから5km | その他=駐車可能台数は301台。施設入口内にある屋根付駐車場は、受付で障害者手帳を提示すれば利用できます。 / 以後は許可書が発行されるので利用可能です。 / 障害者手帳がなくても場合によっては期限付き許可書が発行され、駐車可能です。 | その他=個室扉は自動ドアです。,phone=0994-52-0052 | opening_hours=火～土9時～21時 / 日祝9時～19時 | closed_days=毎週月曜日（月曜日が休日の場合はその翌日が休み）、12月29日～1月3日
46,鹿児島県,46203,鹿屋市,,鹿屋市立図書館,,文化・歴史,,鹿児島県鹿屋市北田町11107,,,,yes,,,,,,,,yes,,,,,,,button,,,,,,,,,,,,,ostomate_facility_map,鹿児島県 かごしまバリアフリーマップ オストメイト対応施設,https://www.pref.kagoshima.jp/suisuinavi/22556.html,,22556,ふりがな=かのやしりつとしょかん | 個室内の寸法=210cm×236cm | 便座の高さ=44cm | 手すりの高さ=87cm | 扉の形状・開放幅=86cm | 洗面台の高さ=80cm | 取っ手の高さ=89cm | オストメイト対応状況=シャワー | 広いトイレ=あり | 非常呼び出しボタン=あり | ベビールームの有無=あり | 障がい者駐車場スペース=2台 | パーキング パーミット 駐車場=2台 | 駐車場の有無=あり（無料） | 駐車場の形態=平面駐車場 | その他=施設までのアクセス最寄りの交通機関→鹿屋バスセンターより900m | その他=駐車可能台数は150台で大型バス等のスペース2台です。 | その他=個室扉の形式は引き戸で開閉時の重さ1.5kgです,phone=0994-43-9380 | opening_hours=9時～19時 | closed_days=毎週月曜日（祝日の場合は翌日）、12月29日～1月3日
46,鹿児島県,46203,鹿屋市,,鹿屋市役所,,官公庁,,鹿児島県鹿屋市共栄町20-1,,,http://www.e-kanoya.net/,yes,,,,,,,,yes,,,,,,,button,,,,,,,,,yes,,,,ostomate_facility_map,鹿児島県 かごしまバリアフリーマップ オストメイト対応施設,https://www.pref.kagoshima.jp/suisuinavi/22557.html,,22557,ふりがな=かのやしやくしょ | 個室内の寸法=215cm×205cm | 便座の高さ=47cm | 手すりの高さ=71cm | 扉の形状・開放幅=84cm | 洗面台の高さ=75cm | 鍵の高さ=60cm | 取っ手の高さ=70cm | オストメイト対応状況=シャワー | 広いトイレ=あり | 非常呼び出しボタン=あり | ベビールームの有無=あり | 貸し出し車椅子・ベビーカー=貸出車いす・貸出ベビーカー | 障がい者駐車場スペース=あり | パーキング パーミット 駐車場=7台 | 駐車場の有無=あり（無料） | 駐車場の形態=平面駐車場 | トイレまでのアプローチ=125cm | その他=施設までのアクセス最寄の交通機関→三州自動車バス停市役所前よりすぐ | その他=駐車可能台数は約100台です。 | その他=個室扉は引き戸で開閉時の重さ2kgです。,phone=0994-43-2111 | opening_hours=8時30分～17時15分 | closed_days=土日・祝日・年末年始
46,鹿児島県,46218,霧島市,,上野原縄文の森,,文化・歴史,,鹿児島県霧島市国分上野原縄文の森1番1号,,,http://www.jomon-no-mori.jp/,yes,,,,,,,,yes,,,,,,,button,,,,,,,,,,,,,ostomate_facility_map,鹿児島県 かごしまバリアフリーマップ オストメイト対応施設,https://www.pref.kagoshima.jp/suisuinavi/5717.html,,5717,ふりがな=うえのはらじょうもんのもり | 個室内の寸法=200cm×200cm | 便座の高さ=44cm | 手すりの高さ=72cm | 扉の形状・開放幅=引き戸(90cm) | 洗面台の高さ=76cm | 鍵の高さ=65cm | 取っ手の高さ=80cm | 水道形状=手動 | オストメイト対応状況=汚物流し(シャワー) | 広いトイレ=あり | 非常呼び出しボタン=あり(非常呼び出しボタンは入口のランプが点灯します。) | その他の設備=汚物入れ | 貸し出し車椅子・ベビーカー=あり | 障がい者駐車場スペース=あり(5台) | パーキング パーミット 駐車場=5台 | 駐車場の有無=あり（無料） | 駐車場の形態=平面駐車場 | トイレまでのアプローチ=120cm | その他=駐車可能台数は400台で大型バス等のスペースが20台あります。 | その他=玄関の階段は34段／踏込み31cm／蹴上げ15cmです。 | その他=引き戸の開閉時の重さは1kgです。,phone=0995-48-5701 | opening_hours=9時～17時（入館は16時30分まで） | closed_days=毎月曜日（祝日のときは翌日）、ただし、4月29日～5月5日、8月13日～8月15日は無休 / 年末年始（12月30日～1月1日） / 臨時休園有（ホームページでご確認ください）
46,鹿児島県,46218,霧島市,,国分シビックセンター,,その他,,鹿児島県霧島市国分中央3-45-1,,,http://www.city-kirishima.jp/,yes,,,,,,,,yes,,yes,yes,,,,button,,,,,,,,,,,,,ostomate_facility_map,鹿児島県 かごしまバリアフリーマップ オストメイト対応施設,https://www.pref.kagoshima.jp/suisuinavi/5736.html,,5736,ふりがな=こくぶしびっくせんたー | 個室内の寸法=200cm×200cm | 便座の高さ=44cm | 手すりの高さ=72cm | 扉の形状・開放幅=引き戸(90cm) | 洗面台の高さ=77cm | 鍵の高さ=41cm | 取っ手の高さ=87cm | 水道形状=手動 | オストメイト対応状況=汚物流し（シャワー） | 広いトイレ=あり | 非常呼び出しボタン=あり（非常呼び出しボタンは庶務に繋がっています。） | その他の設備=汚物入れ、ベビーベッド、ベビーキープ | 貸し出し車椅子・ベビーカー=あり | 障がい者駐車場スペース=あり（7台） | パーキング パーミット 駐車場=20台 | 駐車場の有無=あり（有料） | 駐車場の形態=平面駐車場 | トイレまでのアプローチ=115cm | その他=駐車可能台数は400台で大型バス等のスペースはありません。 | その他=玄関の階段は25段でです。 / スロープは長さ1200m／幅150cm／勾配6％です。 | その他=引き戸の開閉時の重さは2kgです。,phone=0995-45-5111 | opening_hours=8時30分～21時 | closed_days=年末年始
46,鹿児島県,46218,霧島市,,鹿児島空港（国内線ターミナルビル）,,交通,,鹿児島県霧島市溝辺町麓822番地,,,http://www.koj-ab.co.jp/（外部サイトへリンク）,yes,,,,,,,yes,yes,,yes,yes,,,,button,,,,,,,,,,,,,ostomate_facility_map,鹿児島県 かごしまバリアフリーマップ オストメイト対応施設,https://www.pref.kagoshima.jp/suisuinavi/5755.html,,5755,ふりがな=かごしまくうこう(こくないせんたーみなるびる) | 個室内の寸法=2000mm×2200mm | 便座の高さ=430mm | 手すりの高さ=650mm | 扉の形状・開放幅=引き戸(幅900mm) | 洗面台の高さ=760mm | 鍵の高さ=800mm | 水道形状=自動 | オストメイト対応状況=有 | 広いトイレ=あり | 非常呼び出しボタン=有 | その他の設備=ごみ箱、ベビーベッド、ベビーキープ、更衣台、介助用ベッド、手すり | ベビールームの有無=あり | 貸し出し車椅子・ベビーカー=あり | 障がい者駐車場スペース=あり | パーキング パーミット 駐車場=あり(29台) | 駐車場の有無=あり（有料） | 駐車場の形態=平面駐車 | トイレまでのアプローチ=2500mm | その他=駐車可能台数は1585台です。 / 一般駐車場近くに大型バス専用駐車場が20台分あります。 / 駐車場内に長さ550cm／幅250cm／勾配3％のスロープがあります。 | その他=入口スロープは長さ180cm／幅500cm／勾配4％です。 | その他=自動音声案内(多言語)あり / ※各トイレで設備等異なる場合がございます,phone=(ナビダイヤル)0570-200-403
46,鹿児島県,46218,霧島市,,鹿児島空港（国際線ターミナルビル）,,交通,,鹿児島県霧島市溝辺町麓1355-4,,,http://www.koj-ab.co.jp/,yes,,,,,,,,yes,,yes,,,,,button,,,,,,,,,,,,,ostomate_facility_map,鹿児島県 かごしまバリアフリーマップ オストメイト対応施設,https://www.pref.kagoshima.jp/suisuinavi/5756.html,,5756,ふりがな=かごしまくうこう(こくさいせんたーみなるびる) | 個室内の寸法=多目的トイレ寸法 | 便座の高さ=450mm | 手すりの高さ=660mm | 扉の形状・開放幅=引き戸(幅：860mm) | 洗面台の高さ=760mm | 鍵の高さ=620mm | 取っ手の高さ=750mm | 水道形状=自動 | オストメイト対応状況=有 | 広いトイレ=あり | 非常呼び出しボタン=有 | その他の設備=ごみ箱、ベビーベッド、更衣台、手すり | ベビールームの有無=あり | 貸し出し車椅子・ベビーカー=あり | トイレまでのアプローチ=2000mm | その他=各トイレで設備等異なる場合がございます,phone=(ナビダイヤル)0570-200-403
46,鹿児島県,46218,霧島市,,霧島国際音楽ホール（愛称：みやまコンセール）,,趣味・スポーツ,,鹿児島県霧島市牧園町高千穂3311-29,,,http://miyama-conseru.or.jp/,yes,,,,,,,,yes,,,,,,,button,,,,,,,,,,,,,ostomate_facility_map,鹿児島県 かごしまバリアフリーマップ オストメイト対応施設,https://www.pref.kagoshima.jp/suisuinavi/5780.html,,5780,ふりがな=きりしまこくさいおんがくほーる（みやまこんせーる） | 個室内の寸法=241cm×200cm | 便座の高さ=45cm | 手すりの高さ=66cm | 扉の形状・開放幅=自動ドア(91cm) | 洗面台の高さ=75cm | 鍵の高さ=65cm | 水道形状=自動 | オストメイト対応状況=汚物流し(シャワー) | 広いトイレ=あり | 非常呼び出しボタン=あり(非常呼び出しボタンは事務所に繋がっています。) | その他の設備=汚物入れ | ベビールームの有無=なし | 貸し出し車椅子・ベビーカー=車いす(一般)：あり…常時3台 | 障がい者駐車場スペース=あり | パーキング パーミット 駐車場=7台 | 駐車場の有無=あり（無料） | 駐車場の形態=平面駐車場 | その他=駐車可能台数は410台で大型バス等のスペースが13台あります。 / ※駐車場は，C駐車場：40台，B駐車場：120台，A駐車場：250台，身障者・高齢者駐車場：13台，駐車可能。 / なお，B及びA駐車場は，イベント開催時のみの開放となります。 / ※身障者・高齢者専用駐車場入口ゲートは，一般駐車場とは別に設けています。 / ※身障者用駐車場とパーキングパーミット制度駐車場は兼用としています。 / ※高齢者専用駐車場は，6台整備しています。 | その他=野外ステージ敷地内へのスロープは長さ300cm、勾配12％です。 / ※屋内にエレベーターはありますが、楽器などの搬送用としての利用です。 / スロープは長さ2000cm／幅240cm／勾配5％です。,phone=0995-78-8000 | opening_hours=9時～17時 | closed_days=月曜日（月曜が祝日の場合は翌日）、年末年始（12月28日～1月4日）
46,鹿児島県,46218,霧島市,,霧島保健福祉センター,,保健・福祉,,鹿児島県霧島市霧島田口500,,,,yes,,,,,,,,yes,,yes,,,,,button,,,,,,,,,,,,,ostomate_facility_map,鹿児島県 かごしまバリアフリーマップ オストメイト対応施設,https://www.pref.kagoshima.jp/suisuinavi/5810.html,,5810,ふりがな=きりしまほけんふくしせんたー | 個室内の寸法=228cm×300cm | 便座の高さ=42cm | 手すりの高さ=67cm | 扉の形状・開放幅=引き戸（100cm） | 洗面台の高さ=72cm | 鍵の高さ=60cm | 取っ手の高さ=73cm | 水道形状=自動 | オストメイト対応状況=汚物流し | 広いトイレ=あり | 非常呼び出しボタン=あり(非常呼び出しボタンは事務所に繋がっています。) | その他の設備=汚物入れ、ベビーベッド | ベビールームの有無=あり | 貸し出し車椅子・ベビーカー=あり | 障がい者駐車場スペース=2台(パーキングパーミット駐車場と兼用) | パーキング パーミット 駐車場=2台(障がい者駐車場スペースと兼用) | 駐車場の有無=あり（無料） | 駐車場の形態=平面駐車場 | トイレまでのアプローチ=100cm | その他=駐車可能台数は60台です。 | その他=スロープは長さ1000cm／幅157cm／勾配3％です。 | その他=引き戸の開閉時の重さは1.6kgです。,phone=0995-64-8086 | opening_hours=8時15分～17時 | closed_days=土・日祝祭日・年末年始
46,鹿児島県,46218,霧島市,,霧島市役所福山総合支所,,官公庁,,鹿児島県霧島市福山町福山5290-61,,,,yes,,,,,,,,yes,,yes,,,,,button,,,,,,,,,,,,,ostomate_facility_map,鹿児島県 かごしまバリアフリーマップ オストメイト対応施設,https://www.pref.kagoshima.jp/suisuinavi/5837.html,,5837,ふりがな=きりしましやくしょふくやまそうごうししょ | 個室内の寸法=270cm×230cm | 便座の高さ=40cm | 手すりの高さ=65cm | 扉の形状・開放幅=引き戸(85cm) | 洗面台の高さ=70cm | 鍵の高さ=65cm | 取っ手の高さ=80cm | 水道形状=自動 | オストメイト対応状況=汚物流し、シャワー | 広いトイレ=あり | 非常呼び出しボタン=あり(非常呼び出しボタンは警備員室に繋がっています。) | その他の設備=汚物入れ、ベビーベッド | ベビールームの有無=あり | 貸し出し車椅子・ベビーカー=あり(1台) | パーキング パーミット 駐車場=あり(2台) | 駐車場の有無=あり（無料） | 駐車場の形態=平面駐車場 | その他=駐車可能台数は50台で大型バス等のスペースはありません。 | その他=スロープは長さ260cm／高さ20cmです。,phone=0995-56-2111 | opening_hours=8時15分～17時(隣のグランド利用者のためロビーは21時まで解放) | closed_days=土曜日、日・祝日、年末年始
46,鹿児島県,46206,阿久根市,,阿久根市役所,,官公庁,,鹿児島県阿久根市鶴見町200,,,http://www.city.akune.kagoshima.jp/,yes,,,,,,,,yes,,yes,,,,,,,,,,,,,,,,,,ostomate_facility_map,鹿児島県 かごしまバリアフリーマップ オストメイト対応施設,https://www.pref.kagoshima.jp/suisuinavi/18089.html,,18089,ふりがな=あくねしやくしょ | 個室内の寸法=200cm×227cm | 便座の高さ=48cm | 手すりの高さ=68cm | 扉の形状・開放幅=引き戸（87cm） | 洗面台の高さ=68cm | 鍵の高さ=81cm | 取っ手の高さ=78cm | 水道形状=自動 | オストメイト対応状況=汚物流し | 広いトイレ=あり | その他の設備=ベビーベッド、汚物入れ | 貸し出し車椅子・ベビーカー=車いすあり（6台） | 障がい者駐車場スペース=あり（7台） | パーキング パーミット 駐車場=7台 | 駐車場の有無=あり（無料） | 駐車場の形態=平面駐車場 | トイレまでのアプローチ=幅110cm | その他=駐車可能台数：95台 / 大型バス等のスペース：5台 | その他=玄関の階段：3段/踏み込み53cm/蹴り上げ13cm / スロープ：長さ280cm/幅180cm/勾配8%,phone=0996-73-1211 | opening_hours=8時30分-17時15分 | closed_days=土日、祝祭日、年末年始
46,鹿児島県,46208,出水市,,出水市役所,,官公庁,,鹿児島県出水市緑町1番3号,,,http://www.city.izumi.kagoshima.jp/,,,,,,,,,yes,,,,,,,button,,,,,,,,,,yes,,,ostomate_facility_map,鹿児島県 かごしまバリアフリーマップ オストメイト対応施設,https://www.pref.kagoshima.jp/suisuinavi/18114.html,,18114,ふりがな=いずみしやくしょ | 個室内の寸法=240cm×200cm | 便座の高さ=40cm | 手すりの高さ=65cm | 扉の形状・開放幅=引き戸（90cm） | 洗面台の高さ=80cm | 鍵の高さ=60cm | 水道形状=自動 | オストメイト対応状況=あり | 非常呼び出しボタン=あり | その他の設備=汚物入れ | ベビールームの有無=あり（授乳室） | 貸し出し車椅子・ベビーカー=貸し出し車いす：4台，歩行器：2台，ベビーベッド：2台 | 障がい者駐車場スペース=あり（4台） | パーキング パーミット 駐車場=4台 | 駐車場の有無=あり（無料） | 駐車場の形態=平面駐車場 | トイレまでのアプローチ=200cm | その他=来庁者用駐車場88台 / 障がい者駐車場スペースとパーキングパーミット駐車場は共通 | その他=おむつ交換台，ベビーチェア,phone=0996-63-2111 | opening_hours=8時30分-17時15分 | closed_days=土日、祝祭日、年末年始
46,鹿児島県,46208,出水市,,出水市中央公民館,,その他,,鹿児島県出水市文化町23番地,,,http://www.toshihiro.co.jp/izumibunka/kouminkan/,,,,,,,,,yes,,yes,,,,,,,,,,,,,,,,,,ostomate_facility_map,鹿児島県 かごしまバリアフリーマップ オストメイト対応施設,https://www.pref.kagoshima.jp/suisuinavi/18117.html,,18117,ふりがな=いずみし ちゅうおうこうみんかん | 個室内の寸法=180cm×115cm | 便座の高さ=39cm | 手すりの高さ=60cm | 扉の形状・開放幅=アコーディオン（89cm） | 洗面台の高さ=69cm | 鍵の高さ=110cm | 取っ手の高さ=110cm | オストメイト対応状況=あり | その他の設備=ベビーベッド | 貸し出し車椅子・ベビーカー=車いすあり | パーキング パーミット 駐車場=3台 | 駐車場の有無=あり（無料） | 駐車場の形態=平面駐車場 | トイレまでのアプローチ=幅88cm | その他=駐車可能台数：120台 / 大型バス等のスペースあり | その他=階段：4段/踏み込み100cm/蹴り上げ14cm / スロープ：長さ430cm/幅150cm/勾配7%,phone=0996-63-2106 | opening_hours=8時30分-22時 | closed_days=原則第3月曜日、（月曜日が祝祭日の場合は翌日）、12月29日-1月3日
46,鹿児島県,46208,出水市,,出水市音楽ホール,,趣味・スポーツ,,鹿児島県出水市文化町23番地,,,http://www.toshihiro.co.jp/izumibunka/music,,,,,,,,,yes,,,,,,,,,,,,,,,,,,,,ostomate_facility_map,鹿児島県 かごしまバリアフリーマップ オストメイト対応施設,https://www.pref.kagoshima.jp/suisuinavi/18122.html,,18122,ふりがな=いずみし おんがくほーる | 個室内の寸法=210cm×136cm | 便座の高さ=45cm | 手すりの高さ=71cm | 扉の形状・開放幅=自動ドア（92cm） | 洗面台の高さ=76cm | オストメイト対応状況=あり | その他の設備=汚物入れ | パーキング パーミット 駐車場=3台 | 駐車場の有無=あり（無料） | 駐車場の形態=平面駐車場 | その他=駐車可能台数：120台 / 大型バス等のスペースあり | その他=階段：10段/踏み込み31cm/蹴り上げ14cm / スロープ：長さ170cm/幅180cm/勾配5%,phone=0996-63-2106 | opening_hours=9時-22時 | closed_days=原則第3月曜日、（月曜日が祝祭日の場合は翌日）、12月29日-1月3日
46,鹿児島県,46208,出水市,,JR出水駅,,交通,,鹿児島県出水市上鯖渕715番地6,,,,,,,,,,,,yes,,yes,,,,,button,,,,,,,,,,,,,ostomate_facility_map,鹿児島県 かごしまバリアフリーマップ オストメイト対応施設,https://www.pref.kagoshima.jp/suisuinavi/18134.html,,18134,ふりがな=じぇいあーるいずみえき | 個室内の寸法=193cm×230cm | 便座の高さ=45cm | 手すりの高さ=70cm | 扉の形状・開放幅=引き戸（85cm） | 洗面台の高さ=76cm | 鍵の高さ=66cm | 取っ手の高さ=74cm | オストメイト対応状況=あり | 非常呼び出しボタン=あり | その他の設備=ベビーベッド、汚物入れ | 貸し出し車椅子・ベビーカー=車いすあり | 障がい者駐車場スペース=あり | 駐車場の有無=あり（無料） | 駐車場の形態=平面駐車場 | その他=駐車可能台数：150台 | その他=コンコースへの階段：40段/踏み込み30cm/蹴り上げ15cm | その他=非常呼び出しボタンは、警備室（セコム）へ繋がっています。,"phone=0570-04-1717（きっぷ・運行状況のお問合せ）
0570-07-8787（介助のお問合せ） | opening_hours=16時-24時"
46,鹿児島県,46208,出水市,,高尾野農村環境改善センター,,その他,,鹿児島県出水市高尾野町大久保149番地1,,,,,,,,,,,,yes,,,,,,,button,,,,,,,,,,,,,ostomate_facility_map,鹿児島県 かごしまバリアフリーマップ オストメイト対応施設,https://www.pref.kagoshima.jp/suisuinavi/18159.html,,18159,ふりがな=たかおののうそんかんきょうかいぜんせんたー | 個室内の寸法=125cm×207cm | 便座の高さ=46cm | 手すりの高さ=65cm | 扉の形状・開放幅=引き戸（90cm） | 洗面台の高さ=73cm | 鍵の高さ=49cm | 取っ手の高さ=92cm | 水道形状=自動 | オストメイト対応状況=パウチ温水洗浄 | 非常呼び出しボタン=あり | 駐車場の有無=あり（無料） | 駐車場の形態=平面駐車場 | トイレまでのアプローチ=幅123cm | その他=駐車可能台数：50台,phone=0996-82-5451 | opening_hours=8時30分～22時（※ただし受付は平日8時30分～17時15分） | closed_days=12月28日～1月4日
46,鹿児島県,46404,長島町,,長島青少年旅行村（小浜海水浴場）,,娯楽・レジャー,,鹿児島県出水郡長島町蔵之元838番地,,,,,,,,,,,,yes,,yes,,,,,button,,,,,,,,,,,,,ostomate_facility_map,鹿児島県 かごしまバリアフリーマップ オストメイト対応施設,https://www.pref.kagoshima.jp/suisuinavi/18177.html,,18177,ふりがな=ながしませいしょうねんりょこうむら（こはまかいすいよくじょう） | 個室内の寸法=180cm×250cm | 便座の高さ=45cm | 手すりの高さ=70cm | 扉の形状・開放幅=引き戸（90cm） | 洗面台の高さ=68cm | 鍵の高さ=65cm | 取っ手の高さ=77cm | オストメイト対応状況=汚物流し | 非常呼び出しボタン=あり | その他の設備=ベビーベッド | 駐車場の有無=あり（無料） | 駐車場の形態=平面駐車場 | トイレまでのアプローチ=階段3段 | その他=【問い合わせ先】 / 鹿児島県出水郡長島町鷹の巣1875-1 / 長島町役場指江庁舎 / 電話番号：0996-86-1111ファックス番号：0996-86-0950 / URL：http://www.town.nagashima.lg.jp/ | その他=駐車可能台数：100台 / 大型バス等のスペースあり | その他=非常呼び出しボタンは、外でサイレンが鳴ります。,
46,鹿児島県,46404,長島町,,長崎鼻灯台公園,,公園,,鹿児島県出水郡長島町唐隅（長崎鼻）,,,,yes,,,,,,,,yes,,,,,,,button,,,,,,,,,,,,,ostomate_facility_map,鹿児島県 かごしまバリアフリーマップ オストメイト対応施設,https://www.pref.kagoshima.jp/suisuinavi/18179.html,,18179,ふりがな=ながさきばなとうだいこうえん | 個室内の寸法=208cm×278cm | 便座の高さ=45cm | 手すりの高さ=58cm | 扉の形状・開放幅=引き戸（90cm） | 洗面台の高さ=70cm | 鍵の高さ=65cm | 取っ手の高さ=78cm | オストメイト対応状況=洗浄ノズル付洋式便器 | 広いトイレ=あり | 非常呼び出しボタン=あり | 障がい者駐車場スペース=1台 | 駐車場の有無=あり（無料） | 駐車場の形態=平面駐車場 | トイレまでのアプローチ=幅120cm | その他=【問い合わせ先】 / 鹿児島県出水郡長島町鷹の巣1875-1 / 長島町役場 指江庁舎 / 電話番号：0996-86-1111 ファックス番号：0996-86-0950 / URL：http://www.town.nagashima.lg.jp/ | その他=駐車可能台数：30台 | その他=玄関の階段：10段/踏み込み27cm/蹴り上げ17cm,
46,鹿児島県,46392,さつま町,,鹿児島県立北薩広域公園 多目的管理棟,,公園,,鹿児島県薩摩郡さつま町虎居5470,,,http://www.synapse.ne.jp/hokusatu/,yes,,,,,,,,yes,,,,,,,button,,,,,,,,,,,,,ostomate_facility_map,鹿児島県 かごしまバリアフリーマップ オストメイト対応施設,https://www.pref.kagoshima.jp/suisuinavi/18199.html,,18199,ふりがな=かごしまけんほくさつこういきこうえんたもくてきかんりとう | 個室内の寸法=240cm×264cm | 便座の高さ=44cm | 手すりの高さ=71cm | 扉の形状・開放幅=引き戸（98cm） | 洗面台の高さ=76cm | 鍵の高さ=56cm | 取っ手の高さ=68cm | オストメイト対応状況=汚物流し・シャワー | 広いトイレ=あり | 非常呼び出しボタン=あり | その他の設備=汚物入れ | 貸し出し車椅子・ベビーカー=貸し出し車いすあり | パーキング パーミット 駐車場=4台 | 駐車場の有無=あり（無料） | 駐車場の形態=平面駐車場 | その他=駐車可能台数：150台 / 大型バス等のスペースあり,phone=0996-21-3939 | opening_hours=8時30分-17時（7、8月は8時30分-19時） | closed_days=12月29日-12月31日
46,鹿児島県,46392,さつま町,,鹿児島県立北薩広域公園 大型冒険遊具・幼児遊具広場,,公園,,鹿児島県薩摩郡さつま町虎居5470,,,http://www.synapse.ne.jp/hokusatu/,yes,,,,,,,,yes,,,,,,,button,,,,,,,,,,,,,ostomate_facility_map,鹿児島県 かごしまバリアフリーマップ オストメイト対応施設,https://www.pref.kagoshima.jp/suisuinavi/18200.html,,18200,ふりがな=かごしまけんほくさつこういきこうえんおおがたぼうけんゆうぐ・ようじゆうぐひろば | 個室内の寸法=270cm×260cm | 便座の高さ=44cm | 手すりの高さ=72cm | 扉の形状・開放幅=引き戸（85cm） | 洗面台の高さ=74cm | 鍵の高さ=70cm | 取っ手の高さ=81cm | 広いトイレ=あり | 非常呼び出しボタン=あり | その他の設備=汚物入れ | 貸し出し車椅子・ベビーカー=貸し出し車いすあり | パーキング パーミット 駐車場=4台 | 駐車場の有無=あり（無料） | 駐車場の形態=平面駐車場 | トイレまでのアプローチ=幅163cm | その他=駐車可能台数：150台 / 大型バス等のスペースあり | その他=ベビーベッド,phone=0996-21-3939 | opening_hours=8時30分-17時（7、8月は8時30分-19時） | closed_days=12月29日-12月31日
46,鹿児島県,46392,さつま町,,鹿児島県立北薩広域公園 桜園,,公園,,鹿児島県薩摩郡さつま町虎居5470,,,http://www.synapse.ne.jp/hokusatu/,yes,,,,,,,,yes,,,,,,,button,,,,,,,,,,,,,ostomate_facility_map,鹿児島県 かごしまバリアフリーマップ オストメイト対応施設,https://www.pref.kagoshima.jp/suisuinavi/18201.html,,18201,ふりがな=かごしまけんほくさつこういきこうえんさくらえん | 個室内の寸法=277cm×260cm | 便座の高さ=44cm | 手すりの高さ=73cm | 扉の形状・開放幅=引き戸 | 鍵の高さ=73cm | 取っ手の高さ=78cm | オストメイト対応状況=汚物流し・シャワー | 広いトイレ=あり | 非常呼び出しボタン=あり | その他の設備=汚物入れ | 貸し出し車椅子・ベビーカー=貸し出し車いすあり | パーキング パーミット 駐車場=4台 | 駐車場の有無=あり（無料） | 駐車場の形態=平面駐車場 | トイレまでのアプローチ=幅117cm | その他=駐車可能台数：150台 / 大型バス等のスペースあり | その他=ベビーベッド,phone=0996-21-3939 | opening_hours=8時30分-17時（7、8月は8時30分-19時） | closed_days=12月29日-12月31日
46,鹿児島県,46392,さつま町,,ハローワーク宮之城,,官公庁,,鹿児島県薩摩郡さつま町宮之城屋地2035-3,,,,yes,,,,,,,,yes,,,,,,,button,,,,,,,,,,,,,ostomate_facility_map,鹿児島県 かごしまバリアフリーマップ オストメイト対応施設,https://www.pref.kagoshima.jp/suisuinavi/18222.html,,18222,ふりがな=はろーわーくみやのじょう | 個室内の寸法=230cm×220cm | 便座の高さ=45cm | 手すりの高さ=70cm | 扉の形状・開放幅=引き戸（95cm） | 洗面台の高さ=65cm | 鍵の高さ=60cm | 取っ手の高さ=75cm | オストメイト対応状況=汚物流し | 広いトイレ=あり | 非常呼び出しボタン=あり | その他の設備=汚物入れ | 貸し出し車椅子・ベビーカー=車いす（1台） | 障がい者駐車場スペース=あり（1台） | 駐車場の有無=あり（無料） | 駐車場の形態=平面駐車場 | トイレまでのアプローチ=幅140cm | その他=駐車可能台数：26台 | その他=スロープ：長さ330cm,phone=0996-53-0153 | opening_hours=8時30分-17時15分 | closed_days=土日、祝祭日、年末年始
46,鹿児島県,46392,さつま町,,さつま町役場薩摩支所,,官公庁,,鹿児島県薩摩郡さつま町求名12837番地,,,http://www.satsuma-net.jp/index.cfm,yes,,,,,,,,yes,,,,,,,button,,,,,,,,,,,,,ostomate_facility_map,鹿児島県 かごしまバリアフリーマップ オストメイト対応施設,https://www.pref.kagoshima.jp/suisuinavi/25040.html,,25040,ふりがな=さつまちょうやくばさつまししょ | 個室内の寸法=210cm×205cm | 便座の高さ=46cm | 手すりの高さ=72cm | 扉の形状・開放幅=引き戸（89cm） | 洗面台の高さ=76cm | 鍵の高さ=65cm | 取っ手の高さ=78cm | オストメイト対応状況=汚物流し・シャワー | 広いトイレ=あり | 非常呼び出しボタン=あり | 貸し出し車椅子・ベビーカー=車いす2台 | パーキング パーミット 駐車場=2台 | 駐車場の有無=あり（無料） | 駐車場の形態=平面駐車場 | トイレまでのアプローチ=幅180cm | その他=駐車可能台数：125台,phone=0996-53-1111 | opening_hours=8時30分-17時15分 | closed_days=土日、祝祭日、年末年始
46,鹿児島県,46220,南さつま市,,県立薩南病院,,病院,,鹿児島県南さつま市加世田高橋1968-4,,,http://hospital.pref.kagoshima.jp/satsunan/,,,,,,,,,yes,,,,,,,button,,,,,,,,,,,,,ostomate_facility_map,鹿児島県 かごしまバリアフリーマップ オストメイト対応施設,https://www.pref.kagoshima.jp/suisuinavi/18410.html,,18410,ふりがな=けんりつさつなんびょういん | 個室内の寸法=192cm×325cm | 便座の高さ=45cm | 手すりの高さ=72cm | 扉の形状・開放幅=引き戸（88cm） | 洗面台の高さ=76cm | 鍵の高さ=70cm | 取っ手の高さ=80cm | 水道形状=自動 | オストメイト対応状況=あり（汚物流し、シャワー） | 非常呼び出しボタン=あり | その他の設備=汚物入れ | ベビールームの有無=あり | 貸し出し車椅子・ベビーカー=あり（貸し出し車いす） | パーキング パーミット 駐車場=あり(4台) | 駐車場の有無=あり（無料） | 駐車場の形態=平面駐車場施設までの屋根あり | その他=250台 | その他=スロープは、長さ1350cm／幅130cm／勾配2％です。 | その他=非常呼び出しボタンはトイレの前で鳴るので、外来の看護師が対応しています。,phone=0993-53-5300 | opening_hours=8時30分～11時 | closed_days=土、日曜日、祝日、年末年始（ただし、急患は随時受付）
46,鹿児島県,46220,南さつま市,,道の駅 きんぽう木花館,,買い物,,鹿児島県南さつま市金峰町池辺1383,,,http://www5.synapse.ne.jp/konohanakan/（外部サイトへリンク）,,,,,,,,,yes,,yes,,,,,button,,,,,,,,,,,,,ostomate_facility_map,鹿児島県 かごしまバリアフリーマップ オストメイト対応施設,https://www.pref.kagoshima.jp/suisuinavi/18466.html,,18466,ふりがな=みちのえき きんぽうこのはなかん | 個室内の寸法=180cm×195cm | 便座の高さ=40cm | 手すりの高さ=50cm | 扉の形状・開放幅=引き戸（95cm） | 洗面台の高さ=50cm | 鍵の高さ=55cm | 取っ手の高さ=70cm | オストメイト対応状況=汚物流し | 非常呼び出しボタン=あり | その他の設備=ベビーベット、汚物入れ | 貸し出し車椅子・ベビーカー=車いす：1台 | パーキング パーミット 駐車場=2台 | 駐車場の有無=あり（無料） | 駐車場の形態=平面駐車場 | トイレまでのアプローチ=95cm スロープあり | その他=130台 | その他=付属便器,phone=0993-77-3833 | opening_hours=9時00分～18時00分 / [11月〜2月：9:00〜17時00分] / レストラン 11時00分～14時30分 | closed_days=毎月第2火曜日
46,鹿児島県,46223,南九州市,,畑の郷水土利館,,文化・歴史,,鹿児島県南九州市頴娃町牧之内15025-8,,,,yes,,,,,,,,yes,,,,,,,button,,,,,,,,,,,yes,,ostomate_facility_map,鹿児島県 かごしまバリアフリーマップ オストメイト対応施設,https://www.pref.kagoshima.jp/suisuinavi/18507.html,,18507,ふりがな=はたのさとみどりかん | 個室内の寸法=280cm×215cm | 便座の高さ=45cm | 手すりの高さ=72cm | 扉の形状・開放幅=引き戸（85cm） | 洗面台の高さ=76cm | 鍵の高さ=65cm | 取っ手の高さ=80cm | 水道形状=自動 | オストメイト対応状況=あり（汚物流し） | 広いトイレ=あり | 非常呼び出しボタン=あり | その他の設備=おむつ交換台 | 障がい者駐車場スペース=あり（2台） | パーキング パーミット 駐車場=2台 | 駐車場の有無=あり（無料） | 駐車場の形態=平面駐車場 | トイレまでのアプローチ=180cm | その他=40台 | その他=館内に手すり(高さ80cm)があります。 / 短編映画エリアは手すり高68cm／通路巾81cm／客席15内3席車いす対応です。 | その他=開閉時の重さは1kgです。 | その他=非常呼び出しボタンは管理室に繋がっています。,opening_hours=9時～16時 / ※予約時のみ開館 / ※予約・問合せ先 / 南九州市農林整備課管理係 / 電話：0993-83-2511（代表） / FAX：0993-83-4658 / mail：koukanri@city.minamikyushu.lg.jp | closed_days=土日、祝祭日（10名以上の団体予約が7日前までにあった場合は除く） / 12月29日～1月3日
46,鹿児島県,46204,枕崎市,,医療法人厚生会 小原病院,,病院,,鹿児島県枕崎市折口町109,,,https://ko-seikai.jp/（外部サイトへリンク）,,,,,,,,,yes,,yes,,,,,button,,,,,,,,,,,,,ostomate_facility_map,鹿児島県 かごしまバリアフリーマップ オストメイト対応施設,https://www.pref.kagoshima.jp/suisuinavi/18533.html,,18533,ふりがな=いりょうほうじんこうせいかいおばらびょういん | 個室内の寸法=150cm×190cm | 便座の高さ=45cm | 手すりの高さ=60cm | 扉の形状・開放幅=引き戸（90cm） | 洗面台の高さ=70cm | 取っ手の高さ=75cm | 水道形状=自動 | オストメイト対応状況=汚物流し、シャワー | 非常呼び出しボタン=あり | その他の設備=ベビーベット、汚物入れ | 貸し出し車椅子・ベビーカー=車いす：10台 | 障がい者駐車場スペース=2台 | パーキング パーミット 駐車場=2台 | 駐車場の有無=あり（無料） | 駐車場の形態=平面駐車場施設までの屋根あり | トイレまでのアプローチ=90cm | その他=80台,phone=0993-72-2226 | opening_hours=診療時間9時～12時、14時～17時 / 受付時間8時～11時30分、13時～16時30分 | closed_days=土曜日午後、日曜日、祝日 / ※ただし、急患はこの限りではない
46,鹿児島県,46210,指宿市,,霧島錦江湾国立公園 指宿,,公園,,鹿児島県指宿市東方（指宿市民会館裏）,,,http://www.city.ibusuki.lg.jp/,yes,,,,,,,,yes,,,,,,,button,,,,,,,,,,,,,ostomate_facility_map,鹿児島県 かごしまバリアフリーマップ オストメイト対応施設,https://www.pref.kagoshima.jp/suisuinavi/18555.html,,18555,ふりがな=きりしまきんこうわんこくりつこうえんいぶすき | 個室内の寸法=230cm×200cm | 便座の高さ=41cm | 手すりの高さ=72cm | 扉の形状・開放幅=引き戸（84cm） | 洗面台の高さ=76cm | 取っ手の高さ=84cm | 水道形状=自動 | オストメイト対応状況=汚物流し | 広いトイレ=あり | 非常呼び出しボタン=あり | 障がい者駐車場スペース=あり | 駐車場の有無=あり（無料） | 駐車場の形態=平面駐車場 | トイレまでのアプローチ=135cmスロープあり | その他=所在地指宿市東方(指宿市民会館裏) / ■問い合わせ先 / 鹿児島県指宿市十町2424指宿市役所 / (電話番号)0993-22-2111（代表） / URL/http://www.city.ibusuki.kagoshima.jp/ | その他=25台,phone=0993-22-2111(指宿市役所）
46,鹿児島県,46210,指宿市,,指宿市役所指宿庁舎,,官公庁,,鹿児島県指宿市十町2424番地,,,http://www.city.ibusuki.lg.jp/,yes,,,,,,,,yes,,,,,,,button,,,,,,,,,,yes,yes,,ostomate_facility_map,鹿児島県 かごしまバリアフリーマップ オストメイト対応施設,https://www.pref.kagoshima.jp/suisuinavi/18560.html,,18560,ふりがな=いぶすきしやくしょいぶすきちょうしゃ | 個室内の寸法=155cm×370cm | 便座の高さ=42cm | 手すりの高さ=72cm | 扉の形状・開放幅=引き戸（100cm） | 洗面台の高さ=70cm | 鍵の高さ=42cm | 取っ手の高さ=58cm | 水道形状=自動 | オストメイト対応状況=汚物流し、シャワー | 広いトイレ=あり | 非常呼び出しボタン=あり | その他の設備=おむつ交換台 | ベビールームの有無=授乳室あり | 貸し出し車椅子・ベビーカー=車いす：あり | 障がい者駐車場スペース=9台 | 駐車場の有無=あり（無料） | 駐車場の形態=平面駐車場 | トイレまでのアプローチ=140cm | その他=役所内の階段は踏込み30cm／蹴上げ18cmです。 / ホールにベビーベットがあります。 | その他=トイレへのスロープの中央に誘導点字ブロックがあります。 / ※3階障害者トイレは男女1つづつ（男性用はトイレの水流しレバーがかなり高い位置にあります。女性用は水流しレバーにチェーンとリングがついています。スペースは十分、呼び出しボタンなし、小さめの手洗い場で蛇口は一般的なひねりタイプ）,phone=0993-22-2111 | opening_hours=月～金8時30分～17時15分 | closed_days=土・日・祝日
46,鹿児島県,46210,指宿市,,えぷろんはうす池田,,買い物,,鹿児島県指宿市池田3537番地,,,,yes,,,,,,,,yes,,yes,,,,,button,,,,,,,,,,,,,ostomate_facility_map,鹿児島県 かごしまバリアフリーマップ オストメイト対応施設,https://www.pref.kagoshima.jp/suisuinavi/18580.html,,18580,ふりがな=えぷろんはうすいけだ | 個室内の寸法=200cm×240cm | 便座の高さ=43cm | 手すりの高さ=73cm | 扉の形状・開放幅=引き戸（78cm） | 洗面台の高さ=75cm | 鍵の高さ=72cm | 取っ手の高さ=90cm | 水道形状=自動 | オストメイト対応状況=汚物流し | 広いトイレ=あり | 非常呼び出しボタン=あり | その他の設備=ベビーベッド、汚物入れ | 駐車場の有無=あり（無料） | 駐車場の形態=平面駐車場 | トイレまでのアプローチ=130cm | その他=100台 | その他=非常呼び出しボタンは管理室に繋がっています。,phone=0993-26-2799 | opening_hours=9時～17時 | closed_days=毎週月曜日
46,鹿児島県,46210,指宿市,,道の駅 いぶすき「彩花菜館」,,買い物,,鹿児島県指宿市小牧52-4,,,https://michinoeki-ibusuki.jp/（外部サイトへリンク）,yes,,,,,,,,yes,,yes,yes,,,,button,,,,,,,,,,,,,ostomate_facility_map,鹿児島県 かごしまバリアフリーマップ オストメイト対応施設,https://www.pref.kagoshima.jp/suisuinavi/18583.html,,18583,ふりがな=みちのえき いぶすき「さかなかん」 | 個室内の寸法=230cm×210cm | 便座の高さ=42cm | 手すりの高さ=67cm | 扉の形状・開放幅=引き戸（96cm） | 洗面台の高さ=73cm | 鍵の高さ=60cm | 取っ手の高さ=75cm | 水道形状=自動 | オストメイト対応状況=汚物流し | 広いトイレ=あり | 非常呼び出しボタン=あり | その他の設備=ベビーベット、ベビーキープ、汚物入れ | 貸し出し車椅子・ベビーカー=車いす：あり | 障がい者駐車場スペース=あり | 駐車場の有無=あり（無料） | 駐車場の形態=平面駐車場，施設までの屋根あり | トイレまでのアプローチ=150cm | その他=70台 | その他=開閉時の重さ2kg | その他=非常呼び出しボタンは事務所に繋がっています。,phone=0993-27-9022 | opening_hours=9時00分～17時30分
46,鹿児島県,46210,指宿市,,レジャーセンターかいもん,,温泉・お風呂,,鹿児島県指宿市開聞川尻5401-6,,,,yes,,,,,,,,yes,,,,,,,button,,,,,,,,,,,,,ostomate_facility_map,鹿児島県 かごしまバリアフリーマップ オストメイト対応施設,https://www.pref.kagoshima.jp/suisuinavi/18605.html,,18605,ふりがな=れじゃーせんたーかいもん | 個室内の寸法=280cm×270cm | 便座の高さ=44cm | 手すりの高さ=67cm | 扉の形状・開放幅=引き戸（81cm） | 洗面台の高さ=77cm | 鍵の高さ=60cm | 取っ手の高さ=71cm | 水道形状=自動 | オストメイト対応状況=汚物流し | 広いトイレ=あり | 非常呼び出しボタン=あり | 障がい者駐車場スペース=2台 | 駐車場の有無=あり（無料） | 駐車場の形態=平面駐車場 | その他=60台 | その他=スロープ長255cm／幅123cm／勾配9％です。 / 玄関前に階段2段／踏込み30cm／蹴上げ11cmがあります。 | その他=開閉時の重さ2.3kg | その他=非常呼び出しボタンは事務室に繋がっています。,phone=0993-32-5584 | opening_hours=10時～21時 / （受付終了20時） | closed_days=毎週水曜日祝日の場合翌日
46,鹿児島県,46225,姶良市,,白銀坂,,文化・歴史,,鹿児島県姶良市脇元3091,,,http://www.city.aira.lg.jp/bunkazai/gyosei/shisetsu/bunka/shirakane.html（外部サイトへリンク）,,,,,,,,,yes,,yes,,,,,button,,,,,,,,,,,,,ostomate_facility_map,鹿児島県 かごしまバリアフリーマップ オストメイト対応施設,https://www.pref.kagoshima.jp/suisuinavi/24944.html,,24944,ふりがな=しらかねざか | 個室内の寸法=174cm×182cm | 便座の高さ=45cm | 手すりの高さ=70cm | 扉の形状・開放幅=引き戸(82cm) | 洗面台の高さ=76cm | 鍵の高さ=60cm | 取っ手の高さ=70cm | オストメイト対応状況=あり | 非常呼び出しボタン=あり | その他の設備=ベビーベッド・汚物入れ | 障がい者駐車場スペース=1台 | 駐車場の有無=あり（無料） | 駐車場の形態=平面駐車場 | トイレまでのアプローチ=110cm | その他=【問い合わせ先】 / 姶良市役所教育委員会文化財係 / 〒899-5294鹿児島県姶良市加治木町本町253番地 / 電話番号：0995-62-2111（211） / ファックス番号：0995-62-3699 / URL：http://www.city.aira.lg.jp/ | その他=駐車可能台数：8台,phone=0995-62-2111
46,鹿児島県,46225,姶良市,,宮島東公園,,公園,,鹿児島県姶良市宮島町4,,,,yes,,,,,,,,yes,,yes,yes,,,,button,,,,,,,,,,,,,ostomate_facility_map,鹿児島県 かごしまバリアフリーマップ オストメイト対応施設,https://www.pref.kagoshima.jp/suisuinavi/24945.html,,24945,ふりがな=みやじまひがしこうえん | 個室内の寸法=220cm×250cm | 便座の高さ=45cm | 手すりの高さ=70cm | 扉の形状・開放幅=引き戸(90cm) | 洗面台の高さ=70cm | 鍵の高さ=67cm | 取っ手の高さ=80cm | 水道形状=自動 | オストメイト対応状況=汚物流し | 広いトイレ=あり | 非常呼び出しボタン=あり | その他の設備=ベビーベッド・ベビーキープ・汚物入れ | その他=【問い合わせ先】 / 鹿児島県姶良市宮島町25番地姶良市役所 / 電話番号：0995(66)3111 / ファックス番号：0995(65)7112 / URL：http://www.city.aira.lg.jp/,
46,鹿児島県,46225,姶良市,,鹿児島県運転免許試験場,,学ぶ,,鹿児島県姶良市東餅田3934,,,,yes,,,,,,,,yes,,yes,yes,,,,button,,,,,,,,,,,,,ostomate_facility_map,鹿児島県 かごしまバリアフリーマップ オストメイト対応施設,https://www.pref.kagoshima.jp/suisuinavi/24949.html,,24949,ふりがな=かごしまけんうんてんめんきょしけんじょう | 個室内の寸法=245cm×220cm | 便座の高さ=40cm | 手すりの高さ=67cm | 扉の形状・開放幅=引き戸(120cm） | 洗面台の高さ=70cm | 鍵の高さ=65cm | 取っ手の高さ=80cm | 水道形状=自動 | オストメイト対応状況=汚物流し | 広いトイレ=あり | 非常呼び出しボタン=あり | その他の設備=汚物入れ・ベビーベッド・ベビーキープ | ベビールームの有無=あり | 貸し出し車椅子・ベビーカー=1台 | パーキング パーミット 駐車場=1台 | 駐車場の有無=あり（無料） | 駐車場の形態=平面駐車場 | トイレまでのアプローチ=157cm | その他=駐車可能台数：133台 / 大型：6台 | その他=入口に10cmの段差あり。 / スロープ：長さ180cm/幅300cm | その他=呼び出しボタンは事務所につながっています。,phone=0995-65-2295 | opening_hours=8時30分-17時30分 | closed_days=土・日・祝・年末年始
46,鹿児島県,46225,姶良市,,思川公園,,公園,,鹿児島県姶良市西餅田3311-1,,,,yes,,,,,,,,yes,,yes,,,,,button,,,,,,,,,,,,,ostomate_facility_map,鹿児島県 かごしまバリアフリーマップ オストメイト対応施設,https://www.pref.kagoshima.jp/suisuinavi/24951.html,,24951,ふりがな=おもいがわこうえん | 個室内の寸法=270cm×220cm | 便座の高さ=40cm | 手すりの高さ=70cm | 扉の形状・開放幅=引き戸(85cm) | 洗面台の高さ=75cm | 鍵の高さ=60cm | 取っ手の高さ=70cm | 水道形状=自動 | オストメイト対応状況=汚物流し | 広いトイレ=あり | 非常呼び出しボタン=あり | その他の設備=汚物入れ・ベビーベッド | 駐車場の有無=あり（無料） | 駐車場の形態=平面駐車場 | トイレまでのアプローチ=150cm | その他=【問い合わせ先】 / 鹿児島県姶良市宮島町25番地姶良市役所 / 電話番号：0995(66)3111 / ファックス番号：0995(65)7112 / URL：http://www.city.aira.lg.jp/ | その他=各施設との共有駐車場あり。 | その他=スロープ：長さ35m/幅3m/勾配14% / 駐車場から公園まではゆるやかな坂が続きます。 | その他=呼び出しボタンを押すと、外のランプと音で周囲に知らせます。,
46,鹿児島県,46225,姶良市,,姶良市姶良高齢者福祉センター,,保健・福祉,,鹿児島県姶良市西餅田3311,,,,,,,,,,,,yes,,,,,,,button,,,,,,,,,,,,,ostomate_facility_map,鹿児島県 かごしまバリアフリーマップ オストメイト対応施設,https://www.pref.kagoshima.jp/suisuinavi/24956.html,,24956,ふりがな=あいらしあいらこうれいしゃふくしせんたー | 個室内の寸法=230cm×198cm | 便座の高さ=45cm | 手すりの高さ=65cm | 扉の形状・開放幅=引き戸・アコーディオン(80cm) | 洗面台の高さ=77cm | 鍵の高さ=40cm | 取っ手の高さ=67cm | 水道形状=レバー | オストメイト対応状況=専用ノズル付洋式 | 非常呼び出しボタン=あり | 貸し出し車椅子・ベビーカー=車いす：1台（申し出があれば準備） | 障がい者駐車場スペース=2台 | パーキング パーミット 駐車場=2台 | 駐車場の有無=あり（無料） | 駐車場の形態=平面駐車場 | トイレまでのアプローチ=185cm | その他=駐車可能台数：16台 | その他=スロープ：長さ200cm/幅130cm/勾配11% / 昇降リフトあり,phone=0995-65-3218 | opening_hours=9時-17時 | closed_days=祝日、年末年始
46,鹿児島県,46225,姶良市,,ビーラインスポーツパーク姶良（姶良市総合運動公園）,,趣味・スポーツ,,鹿児島県姶良市平松2392,,,,,,,,,,,,yes,,,,,,,button,,,,,,,,,,,,,ostomate_facility_map,鹿児島県 かごしまバリアフリーマップ オストメイト対応施設,https://www.pref.kagoshima.jp/suisuinavi/24962.html,,24962,ふりがな=びーらいんすぽーつぱーくあいら（あいらしそうごううんどうこうえん） | 個室内の寸法=175cm×245cm | 便座の高さ=45cm | 手すりの高さ=75cm | 扉の形状・開放幅=引き戸(95cm) | 洗面台の高さ=70cm | 鍵の高さ=65cm | 取っ手の高さ=85cm | 水道形状=ボタン | オストメイト対応状況=汚物流し | 非常呼び出しボタン=あり | ベビールームの有無=あり | 貸し出し車椅子・ベビーカー=車いす3台 | 障がい者駐車場スペース=あり（10台） | パーキング パーミット 駐車場=2台 | 駐車場の有無=あり（無料） | 駐車場の形態=平面駐車場 | トイレまでのアプローチ=170cm | その他=駐車可能台数は695台(うち身障者用10台)で大型バス等のスペースが11台あります。 | その他=駐車場のスロープ：長さ1350cm/幅180cm / 玄関に3cmの段差あり / 玄関スロープ：長さ35cm/幅200cm | その他=非常呼び出しボタンは受付に繋がっています。,phone=0995-66-4815 | opening_hours=8時30分～22時 | closed_days=月曜日、12月29日～1月3日
46,鹿児島県,46225,姶良市,,姶良市文化会館加音ホール,,文化・歴史,,鹿児島県姶良市加治木町木田5348-185,,,,,,,,,,,,yes,,,,,,,button,,,,,,,,,,,,,ostomate_facility_map,鹿児島県 かごしまバリアフリーマップ オストメイト対応施設,https://www.pref.kagoshima.jp/suisuinavi/24936.html,,24936,ふりがな=あいらしぶんかかいかんかのんほーる | 個室内の寸法=190cm×210cm | 便座の高さ=39cm | 手すりの高さ=62cm | 扉の形状・開放幅=引き戸(90cm） | 洗面台の高さ=75cm | 鍵の高さ=54cm | 取っ手の高さ=67cm | オストメイト対応状況=あり | 非常呼び出しボタン=あり | その他の設備=汚物入れ | 貸し出し車椅子・ベビーカー=あり | 障がい者駐車場スペース=4台 | パーキング パーミット 駐車場=4台 | 駐車場の有無=あり（無料） | 駐車場の形態=平面駐車場 | トイレまでのアプローチ=129cm | その他=駐車可能台数：211台 | その他=玄関の階段：6段/踏込み90cm/蹴上げ15cm | その他=非常呼び出しボタンは事務所に繋がっています。,phone=0995-62-6200 | opening_hours=8時30分-17時 | closed_days=毎週火曜日・12月28日-1月4日
46,鹿児島県,46225,姶良市,,ふれあいパークかじき,,公園,,鹿児島県姶良市加治木町反土,,,,,,,,,,,,yes,,,,,,,,,,,,,,,,,,,,ostomate_facility_map,鹿児島県 かごしまバリアフリーマップ オストメイト対応施設,https://www.pref.kagoshima.jp/suisuinavi/24939.html,,24939,ふりがな=ふれあいぱーくかじき | 個室内の寸法=162cm×210cm | 便座の高さ=46cm | 手すりの高さ=72cm | 扉の形状・開放幅=引き戸(83cm) | 洗面台の高さ=76cm | 鍵の高さ=70cm | 取っ手の高さ=78cm | オストメイト対応状況=汚物流し | 駐車場の有無=あり（無料） | 駐車場の形態=平面駐車場 | トイレまでのアプローチ=スロープあり | その他=【問い合わせ先】 / 鹿児島県姶良市加治木町本町253加治木総合支所 / 電話番号：0995-62-2111／ファックス番号：0995-62-3699 / URLhttp://www.city.aira.lg.jp/ | その他=駐車可能台数：8台,
46,鹿児島県,46225,姶良市,,蒲生物産館「くすくす館」,,買い物,,鹿児島県姶良市蒲生町上久徳2539-1,,,http://kusukusukan.com/,yes,,,,,,,,yes,,yes,,,,,button,,,,,,,,,,,,,ostomate_facility_map,鹿児島県 かごしまバリアフリーマップ オストメイト対応施設,https://www.pref.kagoshima.jp/suisuinavi/24979.html,,24979,ふりがな=かもうぶっさんかん「くすくすかん」 | 個室内の寸法=220cm×230cm | 便座の高さ=45cm | 手すりの高さ=69cm | 扉の形状・開放幅=引き戸（88cm） | 洗面台の高さ=72cm | 鍵の高さ=65cm | 取っ手の高さ=80cm | オストメイト対応状況=あり | 広いトイレ=あり | 非常呼び出しボタン=あり | その他の設備=ベビーベッド・汚物入れ | 貸し出し車椅子・ベビーカー=あり | 障がい者駐車場スペース=あり（2台） | パーキング パーミット 駐車場=2台 | 駐車場の有無=あり（無料） | 駐車場の形態=平面駐車場 | トイレまでのアプローチ=180cm | その他=駐車可能台数：25台 | その他=非常呼び出しボタンは事務所に繋がっています。,phone=0995-54-3099 | opening_hours=9時-18時 | closed_days=年末年始（12月31日～1月3日）
46,鹿児島県,46225,姶良市,,姶良市蒲生体育館,,趣味・スポーツ,,鹿児島県姶良市蒲生町北24-1,,,,yes,,,,,,,,yes,,,,,,,button,,,,,,,,,,,,,ostomate_facility_map,鹿児島県 かごしまバリアフリーマップ オストメイト対応施設,https://www.pref.kagoshima.jp/suisuinavi/24982.html,,24982,ふりがな=あいらしかもうたいいくかん | 個室内の寸法=210cm×210cm | 便座の高さ=45cm | 手すりの高さ=70cm | 扉の形状・開放幅=引き戸(85cm) | 洗面台の高さ=68cm | 鍵の高さ=55cm | 取っ手の高さ=60cm | 水道形状=手動 | 広いトイレ=あり | 非常呼び出しボタン=あり | その他の設備=汚物入れ | 貸し出し車椅子・ベビーカー=1台 | パーキング パーミット 駐車場=4台 | 駐車場の有無=あり（無料） | 駐車場の形態=平面駐車場 | トイレまでのアプローチ=160cm | その他=駐車可能台数：220台 / 大型：5台 / 中型：2台 | その他=入口段差あり / スロープ：長さ140cm/幅135cm / 手すり/75cm | その他=非常呼び出しボタンは受付に繋がっています。,phone=0995-54-3356 | opening_hours=8時30分-22時 | closed_days=12月28日-1月4日
46,鹿児島県,46224,伊佐市,,忠元公園,,公園,,鹿児島県伊佐市大口原田,,,,yes,,,,,,,,yes,,yes,,,,,button,,,,,,,,,,,,,ostomate_facility_map,鹿児島県 かごしまバリアフリーマップ オストメイト対応施設,https://www.pref.kagoshima.jp/suisuinavi/24996.html,,24996,ふりがな=ただもとこうえん | 個室内の寸法=250cm×225cm | 便座の高さ=45cm | 扉の形状・開放幅=引き戸（98cm） | 洗面台の高さ=77cm | 鍵の高さ=55cm | 取っ手の高さ=70cm | オストメイト対応状況=あり | 広いトイレ=あり | 非常呼び出しボタン=あり | その他の設備=ベビーベッド | 駐車場の有無=あり（無料） | 駐車場の形態=平面駐車場 | トイレまでのアプローチ=幅165cm | その他=駐車可能台数：200台,
46,鹿児島県,46224,伊佐市,,曽木の滝公園,,公園,,鹿児島県伊佐市大口宮人（曽木）,,,,yes,,,,,,,,yes,,yes,yes,,,,,,,,,,,,,,,,,ostomate_facility_map,鹿児島県 かごしまバリアフリーマップ オストメイト対応施設,https://www.pref.kagoshima.jp/suisuinavi/25013.html,,25013,ふりがな=そぎのたきこうえん | 個室内の寸法=220cm×220cm | 便座の高さ=40cm | 手すりの高さ=70cm | 扉の形状・開放幅=引き戸(90cm） | 洗面台の高さ=70cm | 鍵の高さ=62cm | 取っ手の高さ=75cm | 水道形状=ボタン | オストメイト対応状況=汚物流し | 広いトイレ=あり | その他の設備=ベビーベッド、ベビーキープ、汚物入れ | 障がい者駐車場スペース=2台 | 駐車場の有無=あり（無料） | 駐車場の形態=平面駐車場 | トイレまでのアプローチ=幅135cm | その他=駐車可能台数：120台 / 大型スペースあり,
46,鹿児島県,46452,湧水町,,霧島アートの森,,文化・歴史,,鹿児島県姶良郡湧水町木場6340-220,,,https://open-air-museum.org（外部サイトへリンク）,yes,,,,,,,,yes,,yes,,,,,button,,,,,,,,,yes,,,,ostomate_facility_map,鹿児島県 かごしまバリアフリーマップ オストメイト対応施設,https://www.pref.kagoshima.jp/suisuinavi/24906.html,,24906,ふりがな=きりしまあーとのもり | 個室内の寸法=200cm×250cm | 便座の高さ=45cm | 手すりの高さ=67cm | 扉の形状・開放幅=引き戸(95cm) | 洗面台の高さ=70cm | 鍵の高さ=60cm | 取っ手の高さ=80cm | 水道形状=自動 | オストメイト対応状況=汚物流し・シャワー | 広いトイレ=あり | 非常呼び出しボタン=あり | その他の設備=ベビーベッド・汚物入れ | ベビールームの有無=あり | 貸し出し車椅子・ベビーカー=車いす：3台ベビーカー・バギー：2台 | パーキング パーミット 駐車場=5台 | 駐車場の有無=あり（無料） | 駐車場の形態=平面駐車場 | トイレまでのアプローチ=120cm | その他=駐車可能台数：197台 / 大型：6台 | その他=いたるところにスロープあり。 / 駐車場から入口まで点字ブロックあり。 | その他=子ども用様式便座 / 非常呼び出しボタンは事務室に繋がっています。,phone=0995-74-5945 | opening_hours=9時-17時(7月20日-8月31日の土・日・祝は19時まで開園) | closed_days=月曜日（休日の場合は翌日）・12月29日-1月2日(臨時休園2月第3月曜-第4月曜)
46,鹿児島県,46216,日置市,,チェスト館,,買い物,,鹿児島県日置市伊集院町竹之山220-1,,,,,,,,,,,,yes,,yes,yes,,,,button,,,,,,,,,,,,,ostomate_facility_map,鹿児島県 かごしまバリアフリーマップ オストメイト対応施設,https://www.pref.kagoshima.jp/suisuinavi/10380.html,,10380,ふりがな=ちぇすとかん | 個室内の寸法=195cm×220cm | 便座の高さ=44cm | 手すりの高さ=72cm | 扉の形状・開放幅=引き戸(99cm） | 洗面台の高さ=75cm | 鍵の高さ=68cm | 取っ手の高さ=114cm | オストメイト対応状況=あり | 非常呼び出しボタン=あり | その他の設備=ベビーベッド・ベビーキープ・汚物入れ | 貸し出し車椅子・ベビーカー=あり | 障がい者駐車場スペース=6台 | パーキング パーミット 駐車場=2台 | 駐車場の有無=あり（無料） | 駐車場の形態=平面駐車場 | トイレまでのアプローチ=157cm | その他=駐車可能台数：200台 | その他=非常呼び出しボタンは事務室に繋がっています。,phone=099-273-9525 | opening_hours=8時30分～17時 | closed_days=1月1日、2日、3日及び / 毎月第2水曜日(祭日の場合は第2木曜日)
46,鹿児島県,46216,日置市,,みなみの風総合運動公園（日置市東市来総合運動公園）,,趣味・スポーツ,,鹿児島県日置市東市来町伊作田1037-2,,,,yes,,,,,,,,yes,,,,,,,button,,,,,,,,,,,,,ostomate_facility_map,鹿児島県 かごしまバリアフリーマップ オストメイト対応施設,https://www.pref.kagoshima.jp/suisuinavi/11183.html,,11183,ふりがな=みなみのかぜそうごううんどうこうえんひおきしひがしいちきそうごううんどうこうえん | 個室内の寸法=306cm×243cm | 便座の高さ=46cm | 手すりの高さ=70cm | 扉の形状・開放幅=引き戸(88cm) | 洗面台の高さ=75cm | 鍵の高さ=60cm | 取っ手の高さ=72cm | オストメイト対応状況=あり | 広いトイレ=あり | 非常呼び出しボタン=あり | その他の設備=汚物入れ | 障がい者駐車場スペース=あり（7台） | パーキング パーミット 駐車場=7台 | 駐車場の有無=あり（無料） | 駐車場の形態=平面駐車場 | トイレまでのアプローチ=274cm | その他=駐車可能台数:400台 / 大型：あり | その他=非常呼び出しボタンは、陸上競技場事務所に繋がっています。,phone=099-274-0405 | opening_hours=8時30分-22時 | closed_days=毎週月曜日（祝祭日と重なる場合は、振替で休みとする）、12月28日～1月4日
46,鹿児島県,46216,日置市,,下野建設文化ホール(日置市東市来文化交流センター),,その他,,鹿児島県日置市東市来町長里3253-3,,,,yes,,,,,,,,yes,,,,,,,button,,,,,,,,,,,,,ostomate_facility_map,鹿児島県 かごしまバリアフリーマップ オストメイト対応施設,https://www.pref.kagoshima.jp/suisuinavi/11199.html,,11199,ふりがな=しものけんせつひおきしひがしいちきぶんかこうりゅうせんたー | 個室内の寸法=220cm×270cm | 便座の高さ=46cm | 手すりの高さ=70cm | 扉の形状・開放幅=引き戸(90cm) | 洗面台の高さ=70cm | 鍵の高さ=56cm | 取っ手の高さ=75cm | 水道形状=自動 | オストメイト対応状況=シャワー | 広いトイレ=あり | 非常呼び出しボタン=あり | その他の設備=汚物入れ | ベビールームの有無=あり | パーキング パーミット 駐車場=2台 | 駐車場の有無=あり（無料） | 駐車場の形態=平面駐車場 | トイレまでのアプローチ=130cm | その他=駐車可能台数:140台 | その他=スロープ：長さ1500cm/幅215cm/手すりあり,phone=099-274-7701 | opening_hours=公民館：平日・土曜日8時30分～22時、日曜日・祝日8時30分～17時、ホール：9時～22時 | closed_days=公民館：12月29日から1月3日、ホール：月曜日、12月28日から1月4日
46,鹿児島県,46216,日置市,,日置市診療所,,病院,,鹿児島県日置市日吉町日置1150-1,,,,yes,,,,,,,,yes,,,,,,,button,,,,,,,,,,,,,ostomate_facility_map,鹿児島県 かごしまバリアフリーマップ オストメイト対応施設,https://www.pref.kagoshima.jp/suisuinavi/11202.html,,11202,ふりがな=ひおきししんりょうじょ | 個室内の寸法=234cm×234cm | 便座の高さ=46cm | 手すりの高さ=66cm | 扉の形状・開放幅=引き戸(115cm) | 洗面台の高さ=70cm | 鍵の高さ=67cm | 取っ手の高さ=80cm | 水道形状=自動 | オストメイト対応状況=シャワー | 広いトイレ=あり | 非常呼び出しボタン=あり | 貸し出し車椅子・ベビーカー=3台 | パーキング パーミット 駐車場=1台 | 駐車場の有無=あり（無料） | 駐車場の形態=平面駐車場 | トイレまでのアプローチ=130cm | その他=駐車可能台数:27台 | その他=スロープ:長さ230cm/幅280cm | その他=非常呼び出しボタンはナースステーションに繋がっています。,phone=099-292-2146 | opening_hours=月・火・水・金：9時-12時30分、14時-18時、木・土：9時-12時30分 | closed_days=日曜日・年末年始・祝祭日
46,鹿児島県,46219,いちき串木野市,,冠嶽園,,公園,,鹿児島県いちき串木野市冠嶽13511-2,,,,yes,,,,,,,,yes,,yes,yes,,,,button,,,,,,,,,,,,,ostomate_facility_map,鹿児島県 かごしまバリアフリーマップ オストメイト対応施設,https://www.pref.kagoshima.jp/suisuinavi/10525.html,,10525,ふりがな=かんがくえん | 個室内の寸法=225cm×300cm | 便座の高さ=40cm | 手すりの高さ=66cm | 扉の形状・開放幅=引き戸(96cm) | 洗面台の高さ=76cm | 鍵の高さ=68cm | 取っ手の高さ=68cm | オストメイト対応状況=あり | 広いトイレ=あり | 非常呼び出しボタン=あり | その他の設備=ベビーベッド・ベビーキープ・汚物入れ | 障がい者駐車場スペース=あり | 駐車場の有無=あり（無料） | 駐車場の形態=平面駐車場 | その他=【問い合わせ先】 / 鹿児島県いちき串木野市昭和通133番地1いちき串木野市役所 / (電話番号)0996-32-3111(ファックス番号)0996-32-3124 / URL/http://www.city.ichikikushikino.lg.jp/ | その他=駐車可能台数：20台 / 大型：あり | その他=入口の階段：13段/踏込み30cm/蹴上げ13cm / スロープ:長さ600cm/幅75cm/勾配20% | その他=非常呼び出しボタンは非常ランプが点灯します。,opening_hours=9時-17時 | closed_days=月曜日・12月29日-12月31日
46,鹿児島県,46219,いちき串木野市,,JR串木野駅,,交通,,鹿児島県いちき串木野市曙町11760,,,,yes,,,,,,,,yes,,,,,,,button,,,,,,,,,,,,,ostomate_facility_map,鹿児島県 かごしまバリアフリーマップ オストメイト対応施設,https://www.pref.kagoshima.jp/suisuinavi/10532.html,,10532,ふりがな=じぇいあーるくしきのえき | 個室内の寸法=235cm×233cm | 便座の高さ=45cm | 手すりの高さ=70cm | 扉の形状・開放幅=引き戸(90cm) | 洗面台の高さ=69cm | 鍵の高さ=66cm | 取っ手の高さ=81cm | 水道形状=手動 | オストメイト対応状況=汚物流し | 広いトイレ=あり | 非常呼び出しボタン=あり | その他の設備=汚物入れ | トイレまでのアプローチ=110cm | その他=非常呼び出しボタンは事務所に繋がっています。,phone=0996-32-2005
46,鹿児島県,46219,いちき串木野市,,いちき串木野市総合体育館,,趣味・スポーツ,,いちき串木野市生福5298番地3,,,いちき串木野市総合体育館（外部サイトへリンク）,,,,,,,,,yes,,,,,,,button,,,,,,,,,,,,,ostomate_facility_map,鹿児島県 かごしまバリアフリーマップ オストメイト対応施設,https://www.pref.kagoshima.jp/suisuinavi/30397.html,,30397,ふりがな=いちきくしきのしそうごうたいいくかん | オストメイト対応状況=あり | 非常呼び出しボタン=あり | ベビールームの有無=託児室あり | 貸し出し車椅子・ベビーカー=車いす：あり | 障がい者駐車場スペース=あり | パーキング パーミット 駐車場=あり：5台 | 駐車場の有無=あり | 駐車場の形態=自走式駐車場 | その他=駐車可能台数：約290台 | その他=汚物入れあり,phone=0996-32-8588 | opening_hours=8時30分-22時00分 | closed_days=月曜日（月曜日祝日の場合、その翌平日）12月29～1月3日
46,鹿児島県,46217,曽於市,,曽於市役所 大隅支所,,官公庁,,鹿児島県曽於市大隅町岩川5629番地,,,http://www.city.soo.kagoshima.jp/,,,,,,,,,yes,,,,,,,button,,,,,,,,,,,,,ostomate_facility_map,鹿児島県 かごしまバリアフリーマップ オストメイト対応施設,https://www.pref.kagoshima.jp/suisuinavi/5545.html,,5545,ふりがな=そおしやくしょおおすみししょ | 個室内の寸法=135cm×195cm | 便座の高さ=40cm | 手すりの高さ=70cm | 洗面台の高さ=40cm | 鍵の高さ=60cm | 取っ手の高さ=75cm | 水道形状=ボタン | オストメイト対応状況=あり | 非常呼び出しボタン=あり | 貸し出し車椅子・ベビーカー=あり | 障がい者駐車場スペース=あり | パーキング パーミット 駐車場=あり(1台) | 駐車場の有無=あり（無料） | 駐車場の形態=平面駐車場 | その他=施設までのアクセス最寄りの交通機関→鹿児島交通バス岩川郵便局前バス停より100m | その他=駐車可能台数は40台で大型バス等のスペースはありません。 | その他=汚物入れあり / 非常呼び出しボタンは外のランプに繋がっています。,phone=0994-82-1211 | opening_hours=8時30分～17時15分 | closed_days=土曜・日・祝日
46,鹿児島県,46217,曽於市,,曽於市役所財部支所,,官公庁,,鹿児島県曽於市財部町南俣11275,,,http://www.city.soo.kagoshima.jp/,,,,,,,,,yes,,yes,,,,,button,,,,,,,,,,,,,ostomate_facility_map,鹿児島県 かごしまバリアフリーマップ オストメイト対応施設,https://www.pref.kagoshima.jp/suisuinavi/5562.html,,5562,ふりがな=そおしやくしょたからべししょ | 個室内の寸法=205cm×190cm | 便座の高さ=45cm | 手すりの高さ=66cm | 扉の形状・開放幅=引き戸 | 鍵の高さ=65cm | 取っ手の高さ=80cm(長さ45cm) | オストメイト対応状況=あり | 非常呼び出しボタン=あり | その他の設備=ベビーベッド | 貸し出し車椅子・ベビーカー=あり(車いす1台) | 障がい者駐車場スペース=あり(4台) | パーキング パーミット 駐車場=あり(3台) | 駐車場の有無=あり（無料） | 駐車場の形態=平面駐車場 | トイレまでのアプローチ=110cm | その他=施設までのアクセス最寄の交通機関→JR財部駅から400m | その他=駐車可能台数は100台です。 / 障害者・妊婦等優先エリアがあります。 | その他=汚物入れ、ベビーシート,phone=0986-72-1111 | opening_hours=8時30分～17時15分 | closed_days=土、日・祝日
46,鹿児島県,46468,大崎町,,大崎町総合体育館,,趣味・スポーツ,,鹿児島県曽於郡大崎町神領2488ー1,,,,yes,,,,,,,,yes,,,,,,,button,,,,,,,,,,,,,ostomate_facility_map,鹿児島県 かごしまバリアフリーマップ オストメイト対応施設,https://www.pref.kagoshima.jp/suisuinavi/24683.html,,24683,ふりがな=おおさきちょうそうごうたいいくかん | 個室内の寸法=250cm×210cm | 便座の高さ=36cm | 手すりの高さ=72cm | 扉の形状・開放幅=引き戸(1.5kg) | 洗面台の高さ=77cm | 鍵の高さ=60cm | 取っ手の高さ=79cm | オストメイト対応状況=あり | 広いトイレ=あり | 非常呼び出しボタン=あり | 駐車場の有無=あり（無料） | 駐車場の形態=平面駐車場 | トイレまでのアプローチ=165cm | その他=施設までのアクセス→大崎町役場より3km | その他=駐車可能台数は300台で大型バス等のスペースもあります。障害者・妊婦等優先エリアはありません。 | その他=階段は6段で踏込み39cm、蹴上げ12cmです。 / 玄関スロープは長さ12m、幅4.6m、勾配8％です。 | その他=非常呼び出しボタンは管理人室に繋がっています。,phone=099-476-1111（代表） | opening_hours=8時30分～22時 | closed_days=毎週月曜日(月曜日が祭日の時は変更有り)、年末年始
46,鹿児島県,46214,垂水市,,宮脇海岸公園,,公園,,鹿児島県垂水市新城641番地,,,,yes,,,,,,,,yes,,,yes,,,,button,,,,,,,,,,,,,ostomate_facility_map,鹿児島県 かごしまバリアフリーマップ オストメイト対応施設,https://www.pref.kagoshima.jp/suisuinavi/5627.html,,5627,ふりがな=みやわきかいがんこうえん | 個室内の寸法=210cm×265cm | 便座の高さ=40cm | 手すりの高さ=54cm | 扉の形状・開放幅=引き戸（90cm） | 洗面台の高さ=68cm | 鍵の高さ=60cm | 取っ手の高さ=75cm | 水道形状=自動 | オストメイト対応状況=汚物流し | 広いトイレ=あり | 非常呼び出しボタン=あり | その他の設備=ベビーキープ汚物入れ | 駐車場の有無=あり（無料） | 駐車場の形態=平面駐車場 | トイレまでのアプローチ=90cm | その他=問い合わせ先 / 鹿児島県垂水市上町114番地 / 垂水市役所 / 電話番号0994-32-1111ファックス番号0994-32-6625 / URLhttp;//www.city.tarumizu.lg.jp/ | その他=駐車可能台数は13台で大型バス等のスペースはありません。,
46,鹿児島県,46482,東串良町,,東串良物産館「ルピノンの里」,,買い物,,鹿児島県肝属郡東串良町池之原2608-1,,,https://lupinon.com/（外部サイトへリンク）,yes,,,,,,,,yes,,yes,,,,,,,,,,,,,,,,,,ostomate_facility_map,鹿児島県 かごしまバリアフリーマップ オストメイト対応施設,https://www.pref.kagoshima.jp/suisuinavi/5651.html,,5651,ふりがな=ひがしくしらぶっさんかん「るぴのんのさと」 | 個室内の寸法=215cm×230cm | 便座の高さ=43cm | 手すりの高さ=75cm | 扉の形状・開放幅=引き戸（93cm） | 洗面台の高さ=76cm | 鍵の高さ=42cm | 取っ手の高さ=50cm | 水道形状=自動 | オストメイト対応状況=あり | 広いトイレ=あり | その他の設備=ベビーベッド / 汚物入れ | ベビールームの有無=あり | 障がい者駐車場スペース=あり | パーキング パーミット 駐車場=2台 | 駐車場の有無=あり（無料） | 駐車場の形態=平面駐車場:施設までの屋根あり | その他=駐車可能台数は40台で大型バス等のスペースはありません。 | その他=個室扉の形式は引き戸で開閉時の重さ1.5kgです。 / コンセントが2個所、床高15cmにあります。,phone=0994-62-8701 | opening_hours=11時-20時
46,鹿児島県,46213,西之表市,,種子島医療センター,,病院,,鹿児島県西之表市西之表7463,,,http://www.tanegashima-mc.jp/,yes,,,,,,,,yes,,,,,,,,,,,,,,,,,,,,ostomate_facility_map,鹿児島県 かごしまバリアフリーマップ オストメイト対応施設,https://www.pref.kagoshima.jp/suisuinavi/2807.html,,2807,ふりがな=たねがしまいりょうせんたー | 個室内の寸法=200cm×200cm | 便座の高さ=45cm | 手すりの高さ=70cm | 扉の形状・開放幅=引き戸(85cm) | 洗面台の高さ=73cm | 鍵の高さ=60cm | 取っ手の高さ=78cm | 水道形状=手動 | オストメイト対応状況=汚物流し | 広いトイレ=あり | その他の設備=汚物入れ | 貸し出し車椅子・ベビーカー=あり | 障がい者駐車場スペース=あり | 駐車場の有無=あり（無料） | 駐車場の形態=平面駐車場 | その他=駐車可能台数は60台で大型バス等のスペースはありません。 | その他=階段は踏込み30cm／蹴上げ19cm／手すりの高さ80cmです。 | その他=引き戸の開閉時の重さは1.5kgです。 | その他=子ども用洋式便座,phone=0997-22-0960 | opening_hours=受付時間8時～11時30分、13時～16時 / 診療時間9時～12時30分、14時～17時 | closed_days=日曜日・祝祭日
46,鹿児島県,46213,西之表市,,県営西之表港待合室,,交通,,鹿児島県西之表市西町49-1,,,,,,,,,,,,yes,,yes,,,,,,,,,,,,,,,,,,ostomate_facility_map,鹿児島県 かごしまバリアフリーマップ オストメイト対応施設,https://www.pref.kagoshima.jp/suisuinavi/2830.html,,2830,ふりがな=けんえいにしのおもてこうまちあいしつ | オストメイト対応状況=汚物流し | その他の設備=ベビーベッド | ベビールームの有無=あり | 障がい者駐車場スペース=あり | パーキング パーミット 駐車場=7台 | 駐車場の有無=あり（無料） | 駐車場の形態=平面駐車場 | その他=駐車可能台数は788台で大型バス等のスペースがあります。,opening_hours=種子島観光協会（電話番号0997-23-0111）：営業時間3月1日-9月30日8時-19時、10月1日-2月28日8時-18時 | closed_days=台風等の悪天候の場合は休み
46,鹿児島県,46213,西之表市,,ハローワーク熊毛,,官公庁,,鹿児島県西之表市西之表16314-6,,,,yes,,,,,,,,yes,,yes,,,,,,,,,,,,,,,,,,ostomate_facility_map,鹿児島県 かごしまバリアフリーマップ オストメイト対応施設,https://www.pref.kagoshima.jp/suisuinavi/2831.html,,2831,ふりがな=はろーわーくくまげ | 個室内の寸法=250cm×300cm | 便座の高さ=40cm | 手すりの高さ=60cm | 扉の形状・開放幅=引き戸 | 洗面台の高さ=70cm | 鍵の高さ=50cm | 取っ手の高さ=60cm | 水道形状=自動 | オストメイト対応状況=汚物流し | 広いトイレ=あり | その他の設備=ベビーベッド・汚物入れ | 貸し出し車椅子・ベビーカー=あり(1台) | 障がい者駐車場スペース=あり | 駐車場の有無=あり（無料） | 駐車場の形態=平面駐車場 | トイレまでのアプローチ=150cm | その他=駐車可能台数は58台で大型バス等のスペースはありません。,phone=0997-22-1318～9 | opening_hours=8時30分～17時15分 | closed_days=土日祝祭日・年末年始
46,鹿児島県,46501,中種子町,,種子島空港,,交通,,鹿児島県熊毛郡中種子町増田2692番地64,,,,yes,,,,,,,,yes,,,,,,,button,,,,,,,,,,,,,ostomate_facility_map,鹿児島県 かごしまバリアフリーマップ オストメイト対応施設,https://www.pref.kagoshima.jp/suisuinavi/2845.html,,2845,ふりがな=たねがしまくうこう | 個室内の寸法=210cm×200cm | 便座の高さ=50cm | 手すりの高さ=70cm | 扉の形状・開放幅=引き戸 | 洗面台の高さ=68cm | 鍵の高さ=50cm | 取っ手の高さ=68cm | 水道形状=自動 | オストメイト対応状況=汚物流し | 広いトイレ=あり | 非常呼び出しボタン=あり | その他の設備=汚物入れ | ベビールームの有無=あり | 貸し出し車椅子・ベビーカー=あり(車いす1台) | パーキング パーミット 駐車場=あり(5台) | 駐車場の有無=あり（無料） | 駐車場の形態=平面駐車場 | トイレまでのアプローチ=200cm | その他=駐車可能台数は240台で大型バス、タクシー専用駐車場があります。,phone=0997-27-5151 | opening_hours=7時30分～18時30分 | closed_days=なし
46,鹿児島県,46505,屋久島町,,ふれあいパーク屋久島,,公園,,鹿児島県熊毛郡屋久島町小瀬田,,,,,,,,,,,,yes,,,,,,,,,,,,,,,,,,,,ostomate_facility_map,鹿児島県 かごしまバリアフリーマップ オストメイト対応施設,https://www.pref.kagoshima.jp/suisuinavi/2868.html,,2868,ふりがな=ふれあいぱーくやくしま | 個室内の寸法=180cm×200cm | 便座の高さ=44cm | 手すりの高さ=72cm | 扉の形状・開放幅=引き戸(95cm) | 洗面台の高さ=75cm | 鍵の高さ=83cm | 取っ手の高さ=90cm | 水道形状=手動 | オストメイト対応状況=汚物流し | その他の設備=汚物入れ | 駐車場の有無=あり（無料） | 駐車場の形態=平面駐車場 | トイレまでのアプローチ=トイレまでのアプローチスロープは、長さ2m50cm、幅1立方メートル2cm、勾配3％です。 | その他=問い合わせ先 / 鹿児島県熊毛郡屋久島町宮之浦1593番地屋久島町役場宮之浦支所商工観光課 / 電話番号0997(42)0100ファックス番号0997(42)1505 / URLhttp://www.yakushima-town.jp/ | その他=駐車可能台数は10台で大型バス等のスペースがあります。 | その他=引き戸の開閉時の重さは1.0kgです。,
46,鹿児島県,46505,屋久島町,,永田いなか浜,,娯楽・レジャー,,鹿児島県熊毛郡屋久島町永田,,,,yes,,,,,,,,yes,,,yes,,,,button,,,,,,,,,,,,,ostomate_facility_map,鹿児島県 かごしまバリアフリーマップ オストメイト対応施設,https://www.pref.kagoshima.jp/suisuinavi/2876.html,,2876,ふりがな=ながたいなかはま | 個室内の寸法=210cm×220cm | 便座の高さ=43cm | 手すりの高さ=58cm | 扉の形状・開放幅=引き戸 | 洗面台の高さ=70cm | 取っ手の高さ=70cm | 水道形状=手動 | オストメイト対応状況=汚物流し | 広いトイレ=あり | 非常呼び出しボタン=あり | その他の設備=ベビーキープ | 障がい者駐車場スペース=1台 | 駐車場の有無=あり（無料） | 駐車場の形態=平面駐車場 | その他=問い合わせ先 / 鹿児島県熊毛郡屋久島町宮之浦1593番地屋久島町役場宮之浦支所商工観光課 / 電話番号0997(42)0100ファックス番号0997(42)1505 / URLhttp://www.yakushima-town.jp/ | その他=駐車可能台数は3台です。,
46,鹿児島県,46505,屋久島町,,ふれあいパーク安房公園,,,,,,,,,,,,,,,,yes,,,,,,,,,,,,,,,,,,,,ostomate_facility_map,鹿児島県 かごしまバリアフリーマップ オストメイト対応施設,https://www.pref.kagoshima.jp/suisuinavi/setsubi_ostomate.html,,2902,,detail_page_404=https://www.pref.kagoshima.jp/suisuinavi/2902.html | index_region=種子・屋久、三島・十島 | detail page unavailable
46,鹿児島県,46222,奄美市,,名瀬合同庁舎,,官公庁,,鹿児島県奄美市名瀬長浜町1-1,,,,,,,,,,,,yes,,,yes,,,,button,,,,,,,,,,,,,ostomate_facility_map,鹿児島県 かごしまバリアフリーマップ オストメイト対応施設,https://www.pref.kagoshima.jp/suisuinavi/1306.html,,1306,ふりがな=なぜごうどうちょうしゃ | 個室内の寸法=150cm×275cm | 便座の高さ=46cm | 手すりの高さ=68cm | 扉の形状・開放幅=引き戸 | 洗面台の高さ=68cm | 鍵の高さ=65cm | 取っ手の高さ=80cm | 水道形状=手動 | オストメイト対応状況=あり | 非常呼び出しボタン=あり | その他の設備=ベビーキープ | 貸し出し車椅子・ベビーカー=あり(車椅子1台) | パーキング パーミット 駐車場=あり(1台) | 駐車場の有無=あり（無料） | 駐車場の形態=平面駐車場 | トイレまでのアプローチ=100cm | その他=施設までのアクセス→奄美市役所より2km | その他=駐車可能台数は40台です。 | その他=汚物入れ,phone=0997-52-4321 | opening_hours=8時30分～17時 | closed_days=土、日祝・年末年始
46,鹿児島県,46222,奄美市,,名瀬港旅客待合所,,交通,,鹿児島県奄美市名瀬塩浜町2281,,,,,,,,,,,,yes,,yes,,,,,button,,,,,,,,,,,,,ostomate_facility_map,鹿児島県 かごしまバリアフリーマップ オストメイト対応施設,https://www.pref.kagoshima.jp/suisuinavi/1309.html,,1309,ふりがな=なぜこうりょきゃくまちあいじょ | 個室内の寸法=175cm×210cm | 便座の高さ=45cm | 手すりの高さ=70cm | 扉の形状・開放幅=自動ドア | 洗面台の高さ=75cm | 鍵の高さ=98cm | 水道形状=手動 | オストメイト対応状況=あり | 非常呼び出しボタン=あり | その他の設備=ベビーベッド | 障がい者駐車場スペース=あり | パーキング パーミット 駐車場=あり(2台) | 駐車場の有無=あり（無料） | 駐車場の形態=平面駐車場 | トイレまでのアプローチ=84cm | その他=施設までのアクセス → 奄美市役所より1.5km | その他=屋内の階段は踏込み28cm／蹴上げ18cm／手摺高85cmです(写真 上段右) / 待合所内に喫煙室(写真 下段左)と授乳室(写真 下段右3枚)があります。 | その他=汚物入れ,phone=0997-52-0739 | opening_hours=3時30分 ～ 24時 ※船の出入港時間に対応
46,鹿児島県,46222,奄美市,,鹿児島県立奄美図書館,,文化・歴史,,鹿児島県奄美市名瀬古田町1番1号,,,http://www.library.pref.kagoshima.jp/amami/,yes,,,,,,,,yes,,,,,,,button,,,,,,,,,,,yes,,ostomate_facility_map,鹿児島県 かごしまバリアフリーマップ オストメイト対応施設,https://www.pref.kagoshima.jp/suisuinavi/1337.html,,1337,ふりがな=かごしまけんりつあまみとしょかん | 個室内の寸法=180cm×215cm | 便座の高さ=40cm | 手すりの高さ=50cm | 扉の形状・開放幅=引き戸 | 洗面台の高さ=68cm | 鍵の高さ=56cm | 取っ手の高さ=70cm | 水道形状=自動 | オストメイト対応状況=あり | 広いトイレ=あり(多目的トイレ) | 非常呼び出しボタン=あり | その他の設備=オムツ替えシート | ベビールームの有無=あり | 貸し出し車椅子・ベビーカー=あり(車いす3台) | 障がい者駐車場スペース=あり(1台) | パーキング パーミット 駐車場=あり(1台) | 駐車場の有無=あり（無料） | 駐車場の形態=平面駐車場 | トイレまでのアプローチ=90cm | その他=施設までのアクセス→奄美市役所より1.3km | その他=駐車可能台数は37台で大型バス等のスペースはありません。 | その他=受付カウンターの高さは74cmです。 / 乳幼児を連れた方のための授乳室があります。 | その他=汚物入れ,phone=0997-52-0244 | opening_hours=火～土曜日：9時～19時、日・祝日：9時～17時 | closed_days=月曜日、整理研修日
46,鹿児島県,46222,奄美市,,ハローワーク名瀬,,官公庁,,鹿児島県奄美市名瀬長浜町1-1名瀬合同庁舎1階,,,,,,,,,,,,yes,,,yes,,,,button,,,,,,,,,,,,,ostomate_facility_map,鹿児島県 かごしまバリアフリーマップ オストメイト対応施設,https://www.pref.kagoshima.jp/suisuinavi/1350.html,,1350,ふりがな=はろーわーくなぜ | 個室内の寸法=150cm×275cm | 便座の高さ=46cm | 手すりの高さ=68cm | 扉の形状・開放幅=引き戸 | 洗面台の高さ=68cm | 鍵の高さ=65cm | 取っ手の高さ=80cm | 水道形状=手動 | オストメイト対応状況=あり | 非常呼び出しボタン=あり | その他の設備=ベビーキープ | 貸し出し車椅子・ベビーカー=あり(車いす1台) | パーキング パーミット 駐車場=あり(1台) | 駐車場の有無=あり（無料） | 駐車場の形態=平面駐車場 | トイレまでのアプローチ=100cm | その他=駐車可能台数は40台です。 | その他=汚物入れ,phone=0997-52-4611 | opening_hours=8時30分～17時15分 | closed_days=土、日、祝、年末年始
46,鹿児島県,46222,奄美市,,鹿児島県奄美パーク,,その他,,鹿児島県奄美市笠利町節田1834,,,http://www.amamipark.com/,yes,,,,,,,,yes,,,yes,,,,button,,,,,,,,,,,,,ostomate_facility_map,鹿児島県 かごしまバリアフリーマップ オストメイト対応施設,https://www.pref.kagoshima.jp/suisuinavi/1377.html,,1377,ふりがな=かごしまけんあまみぱーく | 個室内の寸法=230cm×220cm | 便座の高さ=45cm | 手すりの高さ=68cm | 扉の形状・開放幅=引き戸(3.4kg) | 洗面台の高さ=73cm | 鍵の高さ=70cm | 取っ手の高さ=78cm | オストメイト対応状況=あり | 広いトイレ=あり | 非常呼び出しボタン=あり | その他の設備=ベビーキープ | ベビールームの有無=1 | 貸し出し車椅子・ベビーカー=あり | 障がい者駐車場スペース=あり | パーキング パーミット 駐車場=5台 | 駐車場の有無=あり（無料） | 駐車場の形態=平面駐車場 | その他=施設までのアクセス→奄美空港からバスで約5分 | その他=駐車可能台数は240台で大型バス等のスペース・障害者・妊婦等優先エリアがあります。 | その他=非常呼び出しボタンは管理室に繋がっています。,phone=0997-55-2333 | opening_hours=9時～18時（入館は30分前）※7月・8月は9時～19時 | closed_days=毎月第1・3水曜日(祝日の場合は翌日)：4月29日～5月5日、7月21日～8月31日、12月30日～1月3日は開園
46,鹿児島県,46524,宇検村,,虹の園,,保健・福祉,,鹿児島県大島郡宇検村須古2-4,,,,,,,,,,,,yes,,,,,,,,,,,,,,,,,,,,ostomate_facility_map,鹿児島県 かごしまバリアフリーマップ オストメイト対応施設,https://www.pref.kagoshima.jp/suisuinavi/22333.html,,22333,ふりがな=にじのその | 個室内の寸法=95cm×95cm | 便座の高さ=40cm | 手すりの高さ=72cm | 扉の形状・開放幅=カーテン | 洗面台の高さ=75cm | 水道形状=手動 | オストメイト対応状況=あり | 貸し出し車椅子・ベビーカー=あり | 駐車場の有無=あり（無料） | 駐車場の形態=平面駐車場 | トイレまでのアプローチ=215cm | その他=施設までのアクセス→宇検村役場より1.5km | その他=駐車可能台数は50台で大型バス等のスペース・障害者・妊婦等優先エリアはありません。,phone=0997-67-2288 | opening_hours=8時30分～17時30分 | closed_days=日曜日
46,鹿児島県,46527,龍郷町,,大島養護学校,,学ぶ,,鹿児島県大島郡龍郷町芦徳1912-1,,,,,,,,,,,,yes,,,,,,,,,,,,,,,,,,,,ostomate_facility_map,鹿児島県 かごしまバリアフリーマップ オストメイト対応施設,https://www.pref.kagoshima.jp/suisuinavi/22247.html,,22247,ふりがな=おおしまようごがっこう | 個室内の寸法=195cm×195cm | 便座の高さ=41cm | 手すりの高さ=70cm | 扉の形状・開放幅=アコーディオン | 洗面台の高さ=74cm | 鍵の高さ=60cm | 取っ手の高さ=105cm | 水道形状=手動 | オストメイト対応状況=あり | 貸し出し車椅子・ベビーカー=あり | 駐車場の有無=あり（無料） | 駐車場の形態=平面駐車場 | その他=施設までのアクセス→龍郷町役場より500m | その他=駐車可能台数は50台で大型バス等のスペースはあります。 / 障害者・妊婦等優先エリアはありません。 | その他=玄関スロープは長さ70cm、幅1m90cm、勾配10％です。,phone=0997-62-3050 | opening_hours=8時20分～16時50分 | closed_days=土曜、日・祝日
46,鹿児島県,46529,喜界町,,喜界島空港,,交通,,鹿児島県大島郡喜界町中里201―9,,,,yes,,,,,,,,yes,,,,,,,button,,,,,,,,,,,,,ostomate_facility_map,鹿児島県 かごしまバリアフリーマップ オストメイト対応施設,https://www.pref.kagoshima.jp/suisuinavi/25160.html,,25160,ふりがな=きかいじまくうこう | 個室内の寸法=200×200 | 便座の高さ=43㎝ | 手すりの高さ=60㎝ | 扉の形状・開放幅=引戸（90㎝） | 洗面台の高さ=75㎝ | 鍵の高さ=55㎝ | 取っ手の高さ=70㎝ | 水道形状=自動 | オストメイト対応状況=汚物流し、シャワー | 広いトイレ=あり | 非常呼び出しボタン=あり | 貸し出し車椅子・ベビーカー=貸し出し車椅子（3台） | 障がい者駐車場スペース=あり | パーキング パーミット 駐車場=2台 | 駐車場の有無=あり（無料） | 駐車場の形態=平面駐車場 施設までの屋根なし | トイレまでのアプローチ=100㎝ | その他=施設までのアクセス → 喜界島町役場より1km | その他=駐車可能台数は82台で大型バス等のスペース、障害者・妊婦等優先エリアがあります。,phone=0997-65-4318 | opening_hours=8時30分～17時30分まで
46,鹿児島県,46530,徳之島町,,徳之島町役場,,官公庁,,大島郡徳之島町亀津7203番地,,,http://www.tokunoshima-town.org/,yes,,,,,,,,yes,,,,,,,,,,,,,,,,,,,,ostomate_facility_map,鹿児島県 かごしまバリアフリーマップ オストメイト対応施設,https://www.pref.kagoshima.jp/suisuinavi/22269.html,,22269,ふりがな=とくのしまちょうやくば | 個室内の寸法=220cm×220cm | 便座の高さ=44cm | 手すりの高さ=67cm | 扉の形状・開放幅=引戸(95cm) | 洗面台の高さ=75cm | 鍵の高さ=55cm | 取っ手の高さ=70cm | オストメイト対応状況=シャワー | 広いトイレ=あり | 貸し出し車椅子・ベビーカー=貸出車いす | 障がい者駐車場スペース=2台 | パーキング パーミット 駐車場=2台 | 駐車場の有無=あり（無料） | 駐車場の形態=平面駐車場 | トイレまでのアプローチ=160cm | その他=施設までのアクセス→役場前バス停より徒歩3分 | その他=駐車可能台数は80台で大型バス等のスペースはありません。 | その他=天井までの高さ240cm,phone=0997-82-1111 | opening_hours=8時30分～17時 | closed_days=土曜、日・祝日
46,鹿児島県,46531,天城町,,徳之島空港,,交通,,鹿児島県大島郡天城町浅間1-1,,,,yes,,,,,,,,yes,,yes,yes,,,,button,,,,,,,,,yes,,,,ostomate_facility_map,鹿児島県 かごしまバリアフリーマップ オストメイト対応施設,https://www.pref.kagoshima.jp/suisuinavi/22392.html,,22392,ふりがな=とくのしまくうこう | 個室内の寸法=190cm×205cm | 便座の高さ=床から45cm | 手すりの高さ=50cm | 扉の形状・開放幅=引戸 | 洗面台の高さ=床から80cm | 鍵の高さ=床から55cm | 取っ手の高さ=床から70cm | 水道形状=自動 | オストメイト対応状況=あり(汚物流し、シャワー、ノズル付洋式便器) | 広いトイレ=あり | 非常呼び出しボタン=あり | その他の設備=ベビーベッド，ベビーキープ | ベビールームの有無=あり | 貸し出し車椅子・ベビーカー=貸し出し車いす：7台，ベビーカー：4台 | 障がい者駐車場スペース=あり(4台) | パーキング パーミット 駐車場=4台 | 駐車場の有無=あり（無料） | 駐車場の形態=平面駐車場（施設までの屋根あり） | トイレまでのアプローチ=1m10cm | その他=天城町役場より2.8km | その他=駐車可能台数は224台で大型車等のスペースがあります。 | その他=スロープは長さ300cm／幅150cm／勾配2％で手すりがあります。,phone=0997-85-2271
46,鹿児島県,46531,天城町,,平土野港待合所,,交通,,鹿児島県大島郡天城町天城,,,,,,,,,,,,yes,,,,,,,button,,,,,,,,,,,,,ostomate_facility_map,鹿児島県 かごしまバリアフリーマップ オストメイト対応施設,https://www.pref.kagoshima.jp/suisuinavi/22397.html,,22397,ふりがな=へとのこうまちあいじょ | 個室内の寸法=333cm×174cm | 便座の高さ=床から40cm | 手すりの高さ=45cm | 扉の形状・開放幅=引き戸 | 洗面台の高さ=床から75cm | 鍵の高さ=床から55cm | 取っ手の高さ=床から65cm | 水道形状=自動 | オストメイト対応状況=あり | 非常呼び出しボタン=あり | その他の設備=パウダールーム | 貸し出し車椅子・ベビーカー=車いす1台 | 駐車場の有無=あり（無料） | 駐車場の形態=平面駐車場 | その他=天城町役場より800m | その他=障害者・妊婦等優先エリアはありません。,phone=0997-85-2555
46,鹿児島県,46531,天城町,,天城町総合運動公園,,趣味・スポーツ,,鹿児島県大島郡天城町浅間177-15,,,http://www.yui-amagi.com/,,,,,,,,,yes,,,yes,,,,,,,,,,,,,,,,,ostomate_facility_map,鹿児島県 かごしまバリアフリーマップ オストメイト対応施設,https://www.pref.kagoshima.jp/suisuinavi/22405.html,,22405,ふりがな=あまぎちょうそうごううんどうこうえん | 個室内の寸法=185cm×210cm | 便座の高さ=床から45cm | 手すりの高さ=45cm | 扉の形状・開放幅=引き戸 | 洗面台の高さ=床から45cm | 鍵の高さ=床から65cm | 取っ手の高さ=床から75cm | 水道形状=自動 | オストメイト対応状況=あり | その他の設備=ベビーキープパウダールーム | 駐車場の有無=あり（無料） | 駐車場の形態=平面駐車場 | トイレまでのアプローチ=150cm | その他=天城町役場より2.5km / ■問い合わせ先 / 鹿児島県大島郡天城町大字平土野2691-1天城町役場 / 電話番号：0997-85-5382ファックス番号：0997-85-3110 / URLhttp://www.yui-amagi.com/ | その他=駐車可能台数は100台 | その他=障害者・妊婦等優先エリアはありません。 | その他=障がい者優先トイレはありません。,
46,鹿児島県,46533,和泊町,,和泊港旅客待合所,,交通,,鹿児島県大島郡和泊町手々知名512-103,,,,yes,,,,,,,,yes,,,,,,,button,,,,,,,,,,,,,ostomate_facility_map,鹿児島県 かごしまバリアフリーマップ オストメイト対応施設,https://www.pref.kagoshima.jp/suisuinavi/22434.html,,22434,ふりがな=わどまりこうりょかくまちあいじょ | 個室内の寸法=210cm×250cm | 便座の高さ=44cm | 手すりの高さ=72cm | 扉の形状・開放幅=引き戸(0.8kg) | 洗面台の高さ=71cm | 鍵の高さ=60cm | 取っ手の高さ=75cm | オストメイト対応状況=あり | 広いトイレ=あり | 非常呼び出しボタン=あり | 貸し出し車椅子・ベビーカー=あり | パーキング パーミット 駐車場=2台 | 駐車場の有無=あり（無料） | 駐車場の形態=平面駐車場 | トイレまでのアプローチ=200cm | その他=和泊町役場より1.2km / ■問い合わせ先 / 和泊町役場(0997)92-1111 | その他=駐車可能台数は200台で大型バス等のスペースは10台あります。 | その他=非常呼び出しボタンは管理事務所に繋がっています。,
