prefecture_code,prefecture_name,municipality_code,municipality_name,ward_name,facility_name,formal_name,facility_category,postal_code,address,latitude,longitude,homepage_url,multipurpose_toilet,wheelchair_toilet,toilet_floor,unisex_toilet_count,male_toilet_count,female_toilet_count,washlet,adult_bed,ostomate,voice_guidance,baby_bed,baby_chair,child_toilet,child_chair,flush_type,emergency_call_type,male_urinal_with_rail,male_western_toilet,female_western_toilet,male_baby_bed,female_baby_bed,male_baby_chair,female_baby_chair,entrance_step,stroller_rental,nursing_space,diaper_changing_space,kids_room,source_dataset,source_name,source_url,source_updated_at,source_row,attribute_note,note
26,京都府,26203,綾部市,,二王公園,,,623-1131,睦寄町和上50,,,https://www.ayabeonsen.com/,no,no,,,,,no,no,no,no,no,no,,,none,none,yes,yes,yes,no,no,no,no,no,no,no,no,no,barrier_free_facility_list,京都府内のバリアフリー施設一覧,https://www.pref.kyoto.jp/f-machi/hitoyasa.html,2026-09,2,,
26,京都府,26203,綾部市,,あやべ山の家,,,623-1131,睦寄町今竹10,,,,,no,,,,,yes,no,no,no,no,no,,,lever,pull_cord,yes,yes,yes,no,no,no,no,yes,no,no,no,no,barrier_free_facility_list,京都府内のバリアフリー施設一覧,https://www.pref.kyoto.jp/f-machi/hitoyasa.html,2026-09,3,,
26,京都府,26203,綾部市,,綾部市天文館・パオ,,,623-0005,里町久田21-8,,,http://www.city.ayabe.lg.jp/shakaikyoiku/tenmonkan/index.html,yes,yes,1,1,,,no,no,no,no,yes,no,,,button,button,no,no,yes,no,no,no,no,yes,no,no,yes,no,barrier_free_facility_list,京都府内のバリアフリー施設一覧,https://www.pref.kyoto.jp/f-machi/hitoyasa.html,2026-09,4,,
26,京都府,26203,綾部市,,株式会社セレマ綾部シティーホール,,,623-0051,井倉新町瓜田１３番,,,,yes,no,,,,,,,no,,no,,,,,,,,,,,,,,,,,,barrier_free_facility_list,京都府内のバリアフリー施設一覧,https://www.pref.kyoto.jp/f-machi/hitoyasa.html,2026-09,5,,おむつ換え用のベビーシートがあります。（トイレ内） 職員が受付で筆談に応じます。 ファックス送信サービス（無料）あります。 外部との出入り口に点字ブロックがあります。
26,京都府,26203,綾部市,,京都府中丹文化会館,,,623-0005,里町久田21－20,,,http://chutan.or.jp,yes,yes,1,1,0,0,no,no,no,no,no,no,,,button,button,yes,yes,yes,no,no,no,no,no,no,unknown,unknown,no,barrier_free_facility_list,京都府内のバリアフリー施設一覧,https://www.pref.kyoto.jp/f-machi/hitoyasa.html,2026-09,6,,一般トイレの洋式トイレは男女各１か所。手すり付き便器は男女各１か所。 案内誘導の点状ブロックはあり、線状ブロックはなし。
26,京都府,26203,綾部市,,ゴダイドラッグ綾部店,,,623-0046,大島町畠田10-4,,,http://www.godai.net/,yes,yes,1,1,,,,,no,,yes,yes,,,lever,none,,,,,,,,no,no,no,yes,no,barrier_free_facility_list,京都府内のバリアフリー施設一覧,https://www.pref.kyoto.jp/f-machi/hitoyasa.html,2026-09,7,,
26,京都府,26203,綾部市,,株式会社ホンダ西京都,,,623-0045,高津町宇州6,,,http://dealer.honda.co.jp/hondacars-ayabechuo/,no,no,,,,,,,no,,no,,,,,,no,yes,yes,no,no,no,no,no,no,no,yes,yes,barrier_free_facility_list,京都府内のバリアフリー施設一覧,https://www.pref.kyoto.jp/f-machi/hitoyasa.html,2026-09,8,,
26,京都府,26203,綾部市,,綾部市総合運動公園　体育館,,,623-0102,上杉町大宝山10,,,,yes,yes,1,1,,,,,unknown,,unknown,,,,lever,button,yes,,,,yes,,,no,no,yes,yes,no,barrier_free_facility_list,京都府内のバリアフリー施設一覧,https://www.pref.kyoto.jp/f-machi/hitoyasa.html,2026-09,9,,
26,京都府,26203,綾部市,,綾部ルネス病院,,,623-0046,大島町二反田7-16,,,http://www.a-renaiss.jp/,yes,yes,,,,,,,no,,yes,,,,sensor,button,,yes,yes,,,,,no,no,no,yes,yes,barrier_free_facility_list,京都府内のバリアフリー施設一覧,https://www.pref.kyoto.jp/f-machi/hitoyasa.html,2026-09,10,,
26,京都府,26203,綾部市,,綾部工業団地・交流プラザ,,,623-0117,とよさか町4番地,,,http://www.ayabe-kougyou.sakura.ne.jp/,no,no,,0,,,yes,,no,,no,,,,button,button,,yes,yes,,,,,yes,no,no,no,no,barrier_free_facility_list,京都府内のバリアフリー施設一覧,https://www.pref.kyoto.jp/f-machi/hitoyasa.html,2026-09,11,,
26,京都府,26203,綾部市,,綾部市都市交流拠点施設（あやべ特産館）,,,623-0011,青野町亀無１－２,,,http://www.ayabe-gunze-square.com/tokusankan/,yes,yes,1,1,,,yes,no,yes,no,yes,yes,,,sensor,none,yes,yes,yes,no,no,no,no,no,no,yes,yes,no,barrier_free_facility_list,京都府内のバリアフリー施設一覧,https://www.pref.kyoto.jp/f-machi/hitoyasa.html,2026-09,12,,
26,京都府,26203,綾部市,,フレッシュバザール綾部幸通り店,,,623-0052,幸通り23番地,,,,no,no,,,,,,,unknown,,unknown,,,,,,,,,,,,,,,,,,barrier_free_facility_list,京都府内のバリアフリー施設一覧,https://www.pref.kyoto.jp/f-machi/hitoyasa.html,2026-09,13,,
26,京都府,26203,綾部市,,京都トヨタ自動車　(株)　中丹店,,,623-0045,高津町大橋10-1,,,,no,no,,0,,,yes,no,no,no,no,no,,,lever,none,no,yes,yes,no,no,no,no,no,no,no,yes,yes,barrier_free_facility_list,京都府内のバリアフリー施設一覧,https://www.pref.kyoto.jp/f-machi/hitoyasa.html,2026-09,14,,
26,京都府,26203,綾部市,,SKYマツモト内　メガネの三城綾部店,,,623-0053,宮代町宮ノ下１２−１　ＳＫＹマツモト内　１Ｆ,,,http://www.paris-miki.co.jp/,no,yes,1,1,,,,no,no,,no,no,,,,,,,,,,,,no,no,no,no,,barrier_free_facility_list,京都府内のバリアフリー施設一覧,https://www.pref.kyoto.jp/f-machi/hitoyasa.html,2026-09,15,,
26,京都府,26203,綾部市,,綾部市立病院,,,623-0011,青野町大塚20-1,,,http://www.ayabe-hsp.or.jp/index.html,yes,yes,全,18,,,yes,yes,yes,,yes,yes,,,button,button,yes,yes,yes,,,yes,yes,no,no,yes,yes,no,barrier_free_facility_list,京都府内のバリアフリー施設一覧,https://www.pref.kyoto.jp/f-machi/hitoyasa.html,2026-09,16,,
26,京都府,26203,綾部市,,グンゼ博物苑,,,623-0011,青野町亀無６,,,http://www.gunze.co.jp/gunzehakubutu/index.html,yes,yes,1,1,,,yes,,no,,no,,,,lever,none,yes,yes,yes,,,,,no,no,no,no,no,barrier_free_facility_list,京都府内のバリアフリー施設一覧,https://www.pref.kyoto.jp/f-machi/hitoyasa.html,2026-09,17,,土、日、祝日の電話番号　0773-43-1050 土、日、祝日のＦＡＸ　　0773-43-1090
26,京都府,26203,綾部市,,綾部市里山交流研修センター,,,623-0235,鍛冶屋町茅倉９番地,,,https://ayabesatoyama.net,yes,yes,1,1,,,yes,no,yes,no,yes,no,,,sensor,pull_cord,no,yes,yes,no,no,yes,yes,no,no,no,yes,no,barrier_free_facility_list,京都府内のバリアフリー施設一覧,https://www.pref.kyoto.jp/f-machi/hitoyasa.html,2026-09,18,,
26,京都府,26203,綾部市,,京都府立綾部高等学校東分校,,,623-0012,川糸町堀ノ内18,,,https://www.kyoto-be.ne.jp/higashi-ayabe-hs/,yes,yes,1,1,,,no,no,no,no,no,no,,,lever,none,yes,yes,yes,no,no,no,no,yes,no,no,no,no,barrier_free_facility_list,京都府内のバリアフリー施設一覧,https://www.pref.kyoto.jp/f-machi/hitoyasa.html,2026-09,19,,
26,京都府,26203,綾部市,,綾部市清山荘,,,623-0005,里町潜り9-1,,,http://www.ayabe-wf.net,yes,yes,1,1,,,no,no,no,no,no,no,,,button,button,yes,yes,yes,no,no,no,no,no,no,no,no,no,barrier_free_facility_list,京都府内のバリアフリー施設一覧,https://www.pref.kyoto.jp/f-machi/hitoyasa.html,2026-09,20,,
26,京都府,26203,綾部市,,綾部市保健福祉センター,,,623-0011,青野町東馬場下15-6,,,http://www.city.ayabe.lg.jp/,yes,yes,1,1,,,yes,yes,no,no,yes,no,,,button,button,yes,yes,yes,yes,yes,yes,yes,no,no,yes,yes,no,barrier_free_facility_list,京都府内のバリアフリー施設一覧,https://www.pref.kyoto.jp/f-machi/hitoyasa.html,2026-09,21,,
26,京都府,26203,綾部市,,綾部市クリーンセンター,,,623-0032,野田町須知山110-10,,,http://www.city.ayabe.lg.jp/,yes,yes,1,1,,,no,no,no,no,no,,,,button,button,yes,yes,yes,no,no,no,no,yes,no,no,no,no,barrier_free_facility_list,京都府内のバリアフリー施設一覧,https://www.pref.kyoto.jp/f-machi/hitoyasa.html,2026-09,22,,
26,京都府,26203,綾部市,,綾部市斎場,,,623-0034,田野町田野山1-15,,,,yes,yes,1,1,,,no,no,no,no,no,no,,,sensor,button,yes,yes,yes,no,no,no,no,no,no,no,no,no,barrier_free_facility_list,京都府内のバリアフリー施設一覧,https://www.pref.kyoto.jp/f-machi/hitoyasa.html,2026-09,23,,
26,京都府,26203,綾部市,,綾部市役所,,,623-0014,若竹町8-1,,,http://www.city.ayabe.lg.jp/,yes,yes,1,2,,,yes,no,yes,no,no,no,,,button,button,no,yes,yes,no,no,yes,yes,no,no,no,yes,yes,barrier_free_facility_list,京都府内のバリアフリー施設一覧,https://www.pref.kyoto.jp/f-machi/hitoyasa.html,2026-09,24,,・おむつ交換スペースは本庁舎１階にあります。 ・キッズルームは西庁舎２階民政児童課にあります。 ・本庁舎に、いす式階段昇降機もあります。 ・まちづくりセンターには、エレベーターがありませんので、来庁時にはご相談ください。 ・西庁舎（エレベーター有）及びまちづくりセンター（エレベーターなし）は２階建て。 ・※延長業務は、戸籍・国保関係の届出、各種証明書の発行、市税などの納入のみ。 ・介助専門の職員はりませんが、介助等の対応可能です。
26,京都府,26203,綾部市,,京都府立綾部高等学校,,,623-0042,岡町長田18,,,http://www.kyoto-be.ne.jp/ayabe-hs/,yes,yes,1,,1,1,yes,no,no,no,no,no,,,button,button,yes,no,yes,no,no,no,no,yes,no,no,no,no,barrier_free_facility_list,京都府内のバリアフリー施設一覧,https://www.pref.kyoto.jp/f-machi/hitoyasa.html,2026-09,25,,
26,京都府,26203,綾部市,,あやべ観光案内所,,,623-0066,駅前通り東石ヶ坪１１−４‎,,,http://info@ayabe-kankou.net,yes,yes,1,1,,,yes,no,yes,no,yes,no,,,button,button,yes,yes,yes,no,no,no,yes,no,no,no,no,no,barrier_free_facility_list,京都府内のバリアフリー施設一覧,https://www.pref.kyoto.jp/f-machi/hitoyasa.html,2026-09,26,,
26,京都府,26203,綾部市,,京都府総合教育センター北部研修所,,,623-0012,川糸町掘ノ内,,,http://www.kyoto-be.ne.jp/ed-center/,yes,yes,1,1,,,no,no,no,no,no,no,,,button,pull_cord,yes,yes,yes,no,no,no,no,no,no,no,no,no,barrier_free_facility_list,京都府内のバリアフリー施設一覧,https://www.pref.kyoto.jp/f-machi/hitoyasa.html,2026-09,27,,
26,京都府,26203,綾部市,,あやべ温泉,,,623-1131,睦寄町在ノ向１０番地,,,http://www.ayabeonsen.com/,yes,,,,,,,,no,,yes,,,,,,,,,,,,,,,,,,barrier_free_facility_list,京都府内のバリアフリー施設一覧,https://www.pref.kyoto.jp/f-machi/hitoyasa.html,2026-09,28,,おむつ換え用のベビーシートがあります。 浴場にシャワーシートがあります。 職員が受付で筆談に応じます。 ファックス送信サービス（有料）あります。 外部との出入り口に点字ブロックがあります。  あやべ温泉は高台にあり、露天風呂や宿泊部屋からの里山の風景は自信を持っておすすめします。 またお料理も地元でとれた季節の食材を京風の会席で提供しています。 山里での心休まる一時を是非ご堪能下さい。
26,京都府,26203,綾部市,,福知山公共職業安定所綾部出張所,,,623-0053,宮代町宮ノ下23,,,,yes,,,,,,,,no,,yes,,,,,,,,,,,,,,,,,,barrier_free_facility_list,京都府内のバリアフリー施設一覧,https://www.pref.kyoto.jp/f-machi/hitoyasa.html,2026-09,29,,
26,京都府,26203,綾部市,,京都府綾部警察署,,,623-0053,宮代町宮ノ下6・7・8合地,,,http://www.pref.kyoto.jp/fukei/,yes,yes,1,1,,,yes,no,no,no,no,no,,,lever,button,yes,yes,yes,no,no,no,no,no,no,no,no,no,barrier_free_facility_list,京都府内のバリアフリー施設一覧,https://www.pref.kyoto.jp/f-machi/hitoyasa.html,2026-09,30,,ベビーベッド、オストメイトの設備なし
26,京都府,26203,綾部市,,京都府農林水産技術センター　畜産センター,,,623-0221,位田町桧前,,,http://www.pref.kyoto.jp/chikken/index.html,yes,,,,,,,,no,,no,,,,,,,,,,,,,,,,,,barrier_free_facility_list,京都府内のバリアフリー施設一覧,https://www.pref.kyoto.jp/f-machi/hitoyasa.html,2026-09,31,,
26,京都府,26203,綾部市,,スカイマツモト内　宮脇書店綾部店,,,623-0053,宮代町宮ノ下１２−１,,,http://www.miyawakishoten.com/,no,,,,,,,,no,,no,,,,,,,,,,,,,,,,,,barrier_free_facility_list,京都府内のバリアフリー施設一覧,https://www.pref.kyoto.jp/f-machi/hitoyasa.html,2026-09,32,,
26,京都府,26203,綾部市,,医療法人社団恵心会　介護老人保健施設　綾部さくらホーム,,,623-0045,高津町遠所1-611,,,http://ayabesakura.jp/,no,,,,,,,,no,,no,,,,,,,,,,,,,,,,,,barrier_free_facility_list,京都府内のバリアフリー施設一覧,https://www.pref.kyoto.jp/f-machi/hitoyasa.html,2026-09,33,,
26,京都府,26203,綾部市,,あやべ・日東精工アリーナ(綾部市市民センター),,,623-0016,西町三丁目南大坪39番地の10,,,http://www.city.ayabe.lg.jp/bunkasports/kyoiku/bunka/citizencenter/index.html,yes,yes,"1,2",2,,,yes,no,yes,no,yes,no,,,sensor,button,yes,yes,yes,no,no,yes,yes,no,no,yes,yes,no,barrier_free_facility_list,京都府内のバリアフリー施設一覧,https://www.pref.kyoto.jp/f-machi/hitoyasa.html,2026-09,34,,バリアフリー対応のシャワールーム(男女各1)があります。 正面玄関、南側入口にそれぞれ車椅子、点字対応のインターフォンがあります。
26,京都府,26203,綾部市,,あやべ球場,,,623-0102,上杉町大宝山10,,,http://www.city.ayabe.kyoto.jp/view.rbz?nd=192&of=2&ik=1&pnp=16&pnp=187&pnp=192&cd=798,yes,,,,,,,,no,,no,,,,,,,,,,,,,,,,,,barrier_free_facility_list,京都府内のバリアフリー施設一覧,https://www.pref.kyoto.jp/f-machi/hitoyasa.html,2026-09,35,,
26,京都府,26203,綾部市,,特別養護老人ホーム第２松寿苑,,,623-0034,田野町田野山２番地169,,,http://www.asjn.jp,no,,,,,,,,no,,no,,,,,,,,,,,,,,,,,,barrier_free_facility_list,京都府内のバリアフリー施設一覧,https://www.pref.kyoto.jp/f-machi/hitoyasa.html,2026-09,36,,点字案内は玄関付近のみあります。
26,京都府,26203,綾部市,,ドラッグユタカ綾部店,,,623-0046,大島町南和田１１番地,,,http://www.d-yutaka.co.jp/,yes,,,,,,,,no,,yes,,,,,,,,,,,,,,,,,,barrier_free_facility_list,京都府内のバリアフリー施設一覧,https://www.pref.kyoto.jp/f-machi/hitoyasa.html,2026-09,37,,
26,京都府,26203,綾部市,,あやべ健康プラザ,,,623-0011,青野町西馬場下27-2,,,http://ayabe-suimu.com/,yes,,,,,,,,unknown,,yes,,,,,,,,,,,,,,,,,,barrier_free_facility_list,京都府内のバリアフリー施設一覧,https://www.pref.kyoto.jp/f-machi/hitoyasa.html,2026-09,38,,
26,京都府,26203,綾部市,,京都北都信用金庫　西町支店,,,623-0016,西町２丁目１１１－１,,,http://www.hokuto-shinkin.co.jp/,no,,,,,,,,no,,no,,,,,,,,,,,,,,,,,,barrier_free_facility_list,京都府内のバリアフリー施設一覧,https://www.pref.kyoto.jp/f-machi/hitoyasa.html,2026-09,39,,ブロック等の遊び場があります。 職員が筆談に応じます。 ファックス送信サービス（無料）あります。
26,京都府,26203,綾部市,,京都府立農業大学校,,,623-0221,位田町桧前30,,,http://www.pref.kyoto.jp/kyonodai/,no,,,,,,,,no,,no,,,,,,,,,,,,,,,,,,barrier_free_facility_list,京都府内のバリアフリー施設一覧,https://www.pref.kyoto.jp/f-machi/hitoyasa.html,2026-09,40,,
26,京都府,26203,綾部市,,スーパーマツモトあやべ店,,,623-0053,宮代町宮ノ下16-2,,,http://www.super-matsumoto.co.jp/,yes,,,,,,,,no,,yes,,,,,,,,,,,,,,,,,,barrier_free_facility_list,京都府内のバリアフリー施設一覧,https://www.pref.kyoto.jp/f-machi/hitoyasa.html,2026-09,41,,
26,京都府,26203,綾部市,,綾部郵便局,,,623-0052,幸通り5,,,http://map.japanpost.jp/pc/syousai.php?id=300144007000,no,,,,,,,,unknown,,unknown,,,,,,,,,,,,,,,,,,barrier_free_facility_list,京都府内のバリアフリー施設一覧,https://www.pref.kyoto.jp/f-machi/hitoyasa.html,2026-09,42,,
26,京都府,26203,綾部市,,ステーションホテル綾部,,,623-0051,井倉新町瓜田1-8,,,http://ayabe.r-inn.info,no,no,,,,,yes,,unknown,,unknown,,,,,,yes,yes,yes,,,,yes,no,no,no,no,no,barrier_free_facility_list,京都府内のバリアフリー施設一覧,https://www.pref.kyoto.jp/f-machi/hitoyasa.html,2026-09,43,,
26,京都府,26203,綾部市,,ドコモショップ綾部店,,,623-0066,駅前通72-2,,,,no,,,,,,,,unknown,,unknown,,,,,,,,,,,,,,,,,,barrier_free_facility_list,京都府内のバリアフリー施設一覧,https://www.pref.kyoto.jp/f-machi/hitoyasa.html,2026-09,44,,平成24年4月19日に綾部市駅前通72－2に移転いたします。
26,京都府,26203,綾部市,,京都府綾部総合庁舎,,,623-0012,川糸町丁畠10-2,,,,yes,,,,,,,,yes,,yes,,,,,,,,,,,,,,,,,,barrier_free_facility_list,京都府内のバリアフリー施設一覧,https://www.pref.kyoto.jp/f-machi/hitoyasa.html,2026-09,45,,
26,京都府,26203,綾部市,,バザールタウン綾部ＳＴＯＣＫ館,,,623-0016,西町3丁目,,,,no,,,,,,,,unknown,,unknown,,,,,,,,,,,,,,,,,,barrier_free_facility_list,京都府内のバリアフリー施設一覧,https://www.pref.kyoto.jp/f-machi/hitoyasa.html,2026-09,46,,
26,京都府,26203,綾部市,,バザールタウン綾部アスパ,,,623-0013,綾中町花ノ木30,,,,no,,,,,,,,unknown,,unknown,,,,,,,,,,,,,,,,,,barrier_free_facility_list,京都府内のバリアフリー施設一覧,https://www.pref.kyoto.jp/f-machi/hitoyasa.html,2026-09,47,,
26,京都府,26203,綾部市,,京都縦貫自動車道　綾部安国寺料金所,,,623-0000,安国寺地内,,,,no,,,,,,,,unknown,,unknown,,,,,,,,,,,,,,,,,,barrier_free_facility_list,京都府内のバリアフリー施設一覧,https://www.pref.kyoto.jp/f-machi/hitoyasa.html,2026-09,48,,
26,京都府,26203,綾部市,,ファミリーマート綾部下八田店,,,623-0116,下八田町大坪8,,,,no,,,,,,,,unknown,,unknown,,,,,,,,,,,,,,,,,,barrier_free_facility_list,京都府内のバリアフリー施設一覧,https://www.pref.kyoto.jp/f-machi/hitoyasa.html,2026-09,49,,
26,京都府,26203,綾部市,,京都協立病院,,,623-0045,高津町三反田１番地,,,http://www.kyoto-kyoritu.org/,yes,,,,,,,,no,,no,,,,,,,,,,,,,,,,,,barrier_free_facility_list,京都府内のバリアフリー施設一覧,https://www.pref.kyoto.jp/f-machi/hitoyasa.html,2026-09,50,,
26,京都府,26203,綾部市,,私市円山古墳公園,,,623-0226,私市町円山8番地の2,,,,yes,,,,,,,,no,,no,,,,,,,,,,,,,,,,,,barrier_free_facility_list,京都府内のバリアフリー施設一覧,https://www.pref.kyoto.jp/f-machi/hitoyasa.html,2026-09,51,,
26,京都府,26203,綾部市,,綾部ふれあい牧場,,,623-0221,位田町桧前,,,,no,,,,,,,,no,,no,,,,,,,,,,,,,,,,,,barrier_free_facility_list,京都府内のバリアフリー施設一覧,https://www.pref.kyoto.jp/f-machi/hitoyasa.html,2026-09,52,,
26,京都府,26203,綾部市,,綾部市図書館,,,623-0022,新町91,,,http://www.library.pref.kyoto.jp/mado/ay,yes,,,,,,,,no,,no,,,,,,,,,,,,,,,,,,barrier_free_facility_list,京都府内のバリアフリー施設一覧,https://www.pref.kyoto.jp/f-machi/hitoyasa.html,2026-09,53,,
26,京都府,26203,綾部市,,綾部市資料館,,,623-0005,里町久田21-20,,,http://www5.nkansai.ne.jp/off/a-siryouka,no,,,,,,,,no,,no,,,,,,,,,,,,,,,,,,barrier_free_facility_list,京都府内のバリアフリー施設一覧,https://www.pref.kyoto.jp/f-machi/hitoyasa.html,2026-09,54,,
26,京都府,26203,綾部市,,ＳＫＹマツモト内　シャトレーゼ工場直売店綾部店,,,623-0053,宮代町宮ノ下１２－１,,,http://www.chateraise.co.jp/,no,,,,,,,,no,,no,,,,,,,,,,,,,,,,,,barrier_free_facility_list,京都府内のバリアフリー施設一覧,https://www.pref.kyoto.jp/f-machi/hitoyasa.html,2026-09,55,,
26,京都府,26203,綾部市,,綾部市ハート交流センター,,,623-0022,新宮町91番地,,,https://www.city.ayabe.lg.jp/0000005059.html,yes,yes,1,1,,,yes,no,no,no,no,no,,,sensor,none,no,yes,yes,no,no,no,no,no,no,no,no,no,barrier_free_facility_list,京都府内のバリアフリー施設一覧,https://www.pref.kyoto.jp/f-machi/hitoyasa.html,2026-09,56,,
26,京都府,26463,伊根町,,伊根町観光交流施設　舟屋日和,,,,字平田593番地1,,,,,,,,,,,,,,,,,,,,,,,,,,,,,,,,barrier_free_facility_list,京都府内のバリアフリー施設一覧,https://www.pref.kyoto.jp/f-machi/hitoyasa.html,2026-09,57,,
26,京都府,26463,伊根町,,特別養護老人ホーム長寿苑,,,626-0414,字六万部小字ヤクシノ上154番地,,,http://yofuku.or.jp/chojuen/,yes,yes,1,1,,,no,no,no,no,no,no,,,lever,button,yes,yes,yes,no,no,no,no,no,no,no,no,no,barrier_free_facility_list,京都府内のバリアフリー施設一覧,https://www.pref.kyoto.jp/f-machi/hitoyasa.html,2026-09,58,,
26,京都府,26463,伊根町,,伊根町商工会,,,626-0424,字亀島429,,,http://ine.kyoto-fsci.or.jp,yes,,,,,,,,no,,yes,,,,,,,,,,,,,,,,,,barrier_free_facility_list,京都府内のバリアフリー施設一覧,https://www.pref.kyoto.jp/f-machi/hitoyasa.html,2026-09,59,,
26,京都府,26463,伊根町,,水の江里浦嶋公園,,,626-0403,字本庄浜１１１番地の１,,,,yes,,,,,,,,no,,yes,,,,,,,,,,,,,,,,,,barrier_free_facility_list,京都府内のバリアフリー施設一覧,https://www.pref.kyoto.jp/f-machi/hitoyasa.html,2026-09,60,,
26,京都府,26463,伊根町,,舟屋の里公園,,,626-0424,字亀島459番地,,,http://www.funaya.org/,yes,,,,,,,,no,,no,,,,,,,,,,,,,,,,,,barrier_free_facility_list,京都府内のバリアフリー施設一覧,https://www.pref.kyoto.jp/f-machi/hitoyasa.html,2026-09,61,,
26,京都府,26463,伊根町,,伊根郵便局,,,626-0499,亀島780-3,,,http://map.japanpost.jp/pc/syousai.php?id=300144102000,no,,,,,,,,no,,no,,,,,,,,,,,,,,,,,,barrier_free_facility_list,京都府内のバリアフリー施設一覧,https://www.pref.kyoto.jp/f-machi/hitoyasa.html,2026-09,62,,
26,京都府,26463,伊根町,,伊根町役場・伊根町コミュニティーセンター,,,626-0493,字日出651番地,,,http://www.town.ine.kyoto.jp/,yes,,,,,,,,no,,yes,,,,,,,,,,,,,,,,,,barrier_free_facility_list,京都府内のバリアフリー施設一覧,https://www.pref.kyoto.jp/f-machi/hitoyasa.html,2026-09,63,,
26,京都府,26463,伊根町,,伊根町老人福祉センター｢泊泉苑｣,,,626-0413,字泊１番地,,,http://ine-shakyo.jp/,yes,yes,1,1,,,yes,,unknown,,yes,,,,sensor,button,yes,yes,yes,,,,,no,no,no,yes,no,barrier_free_facility_list,京都府内のバリアフリー施設一覧,https://www.pref.kyoto.jp/f-machi/hitoyasa.html,2026-09,64,,
26,京都府,26463,伊根町,,本庄郵便局,,,626-0405,本庄上１２３５－１,,,http://map.japanpost.jp/pc/syousai.php?id=300144059000,no,,,,,,,,no,,no,,,,,,,,,,,,,,,,,,barrier_free_facility_list,京都府内のバリアフリー施設一覧,https://www.pref.kyoto.jp/f-machi/hitoyasa.html,2026-09,65,,職員が受付で筆談に応じます。
26,京都府,26463,伊根町,,道の駅　舟屋の里,,,626-0424,亀島４５９,,,,yes,,,,,,,,no,,yes,,,,,,,,,,,,,,,,,,barrier_free_facility_list,京都府内のバリアフリー施設一覧,https://www.pref.kyoto.jp/f-machi/hitoyasa.html,2026-09,66,,
26,京都府,26463,伊根町,,伊根町保健センター,,,626-0425,字日出６４６,,,,no,,,,,,,,unknown,,unknown,,,,,,,,,,,,,,,,,,barrier_free_facility_list,京都府内のバリアフリー施設一覧,https://www.pref.kyoto.jp/f-machi/hitoyasa.html,2026-09,67,,
26,京都府,26343,井手町,,テオテラスいで(井手町山吹ふれあいセンター1F),,,610-0302,大字井手小字東高月8番地,,,https://teoterasuide.jp/,no,no,,,,,,,,,,,,,,,yes,yes,yes,no,no,no,no,yes,no,no,no,no,barrier_free_facility_list,京都府内のバリアフリー施設一覧,https://www.pref.kyoto.jp/f-machi/hitoyasa.html,2026-09,68,,
26,京都府,26343,井手町,,JR　玉水駅,,,610-0302,大字井手小字北垣内21,,,http://www.jr-odekake.net/eki/top.php?id=0621603,no,no,,,,,,,unknown,,unknown,,,,,,,,,,,,,,,,,,barrier_free_facility_list,京都府内のバリアフリー施設一覧,https://www.pref.kyoto.jp/f-machi/hitoyasa.html,2026-09,69,,詳しくは上記ホームページをご参照ください。
26,京都府,26343,井手町,,JR 山城多賀駅,,,610-0301,大字多賀小字垣内49,,,http://www.jr-odekake.net/eki/top.php?id=0621604,no,no,,,,,,,unknown,,unknown,,,,,,,,,,,,,,,,,,barrier_free_facility_list,京都府内のバリアフリー施設一覧,https://www.pref.kyoto.jp/f-machi/hitoyasa.html,2026-09,70,,詳しくは上記ホームページをご参照ください。
26,京都府,26343,井手町,,京都府立山城勤労者福祉会館,,,610-0302,大字井手小字大塚９９番地の３５,,,http://www.nem-shiteikanri.jp/shisetsu/yamashiro_kinro/,yes,yes,1,1,1,,no,no,no,no,no,no,,,lever,button,yes,yes,yes,no,no,no,no,no,no,no,yes,yes,barrier_free_facility_list,京都府内のバリアフリー施設一覧,https://www.pref.kyoto.jp/f-machi/hitoyasa.html,2026-09,71,,
26,京都府,26343,井手町,,自然休養村管理センター（シゼンキュウヨウソンカンリセンター）,,,610-0302,大字井手小字二本松2-1,,,なし,yes,yes,1,1,,,no,no,no,no,no,no,,,lever,none,yes,yes,yes,no,no,no,no,yes,no,no,no,no,barrier_free_facility_list,京都府内のバリアフリー施設一覧,https://www.pref.kyoto.jp/f-machi/hitoyasa.html,2026-09,72,,当施設は、井手町の農林商工並びに社会教育振興発展と生活改善に寄与するための建物です。貸し館等については事前の相談をお願いします。
26,京都府,26343,井手町,,井手町立いづみ人権交流センター,,,610-0302,大字井手小字段ノ下37-1,,,http://www.town.ide.kyoto.jp/,yes,yes,1,2,,,no,no,no,no,no,no,,,lever,none,yes,yes,yes,no,no,no,no,yes,no,no,no,no,barrier_free_facility_list,京都府内のバリアフリー施設一覧,https://www.pref.kyoto.jp/f-machi/hitoyasa.html,2026-09,73,,平成30年度エレベータ設置計画
26,京都府,26343,井手町,,京都やましろ農業共同組合井手町支店,,,610-0301,多賀東松ヶ花５６-１,,,,yes,yes,1,1,,,yes,no,no,no,no,no,,,lever,button,yes,no,no,no,no,no,no,no,no,no,no,no,barrier_free_facility_list,京都府内のバリアフリー施設一覧,https://www.pref.kyoto.jp/f-machi/hitoyasa.html,2026-09,74,,
26,京都府,26343,井手町,,井手町立保健センター,,,610-0302,大字井手小字橋ノ本13,,,,yes,yes,1,1,,,yes,no,no,no,no,no,,,sensor,,no,yes,yes,no,no,no,no,yes,no,yes,yes,no,barrier_free_facility_list,京都府内のバリアフリー施設一覧,https://www.pref.kyoto.jp/f-machi/hitoyasa.html,2026-09,75,,
26,京都府,26343,井手町,,井手町役場,,,610-0302,大字井手小字東高月8,,,http://www.town.ide.kyoto.jp/index.html,yes,,,,,,,,unknown,,yes,,,,,,,,,,,,,,,,,,barrier_free_facility_list,京都府内のバリアフリー施設一覧,https://www.pref.kyoto.jp/f-machi/hitoyasa.html,2026-09,76,,
26,京都府,26343,井手町,,井手町山吹ふれあいセンター,,,610-0302,大字井出小字東高月８,,,なし,yes,,,,,,,,no,,yes,,,,,,,,,,,,,,,,,,barrier_free_facility_list,京都府内のバリアフリー施設一覧,https://www.pref.kyoto.jp/f-machi/hitoyasa.html,2026-09,77,,
26,京都府,26204,宇治市,,DCM宇治東店,,,611-0013,莵道平町42-2,,,https://www.dcm-hc.co.jp/,yes,yes,1,1,0,0,yes,no,yes,no,yes,no,,,button,pull_cord,yes,yes,yes,no,no,yes,yes,no,no,no,yes,no,barrier_free_facility_list,京都府内のバリアフリー施設一覧,https://www.pref.kyoto.jp/f-machi/hitoyasa.html,2026-09,78,,
26,京都府,26204,宇治市,,ファミリーマート　宇治槇島町目川店,,,611-0041,槇島町目川27,,,,,yes,1,1,,,yes,no,no,no,no,no,,,lever,pull_cord,yes,yes,yes,no,no,no,no,no,no,no,no,no,barrier_free_facility_list,京都府内のバリアフリー施設一覧,https://www.pref.kyoto.jp/f-machi/hitoyasa.html,2026-09,79,,
26,京都府,26204,宇治市,,木下アカデミー　京都アイスアリーナ,,,611-0021,宇治折居24,,,http://kyotouji-ice.jp/,,yes,1,1,,,yes,no,yes,no,no,yes,,,button,pull_cord,yes,yes,yes,no,,no,,no,no,no,yes,no,barrier_free_facility_list,京都府内のバリアフリー施設一覧,https://www.pref.kyoto.jp/f-machi/hitoyasa.html,2026-09,80,,
26,京都府,26204,宇治市,,宇治市産業会館,,,611-0021,宇治琵琶45-13,,,https://www.ujicci.or.jp/07annai/kaikanshiyo.htm,yes,no,1～3,1,,,no,no,no,no,no,no,,,button,button,no,no,no,no,no,no,no,yes,no,no,no,no,barrier_free_facility_list,京都府内のバリアフリー施設一覧,https://www.pref.kyoto.jp/f-machi/hitoyasa.html,2026-09,81,,
26,京都府,26204,宇治市,,宇治税務署,,,611-8588,大久保町井の尻60－3,,,http://www.nta.go.jp/osaka/guide/zeimusho/kyoto/uji/index.htm,yes,no,,,,,,,no,,yes,,,,,,,,,,,,,,,,,,barrier_free_facility_list,京都府内のバリアフリー施設一覧,https://www.pref.kyoto.jp/f-machi/hitoyasa.html,2026-09,82,,おもいやり駐車場は、混雑時には使用できない場合があります。 あらかじめご了承ください。
26,京都府,26204,宇治市,,メガネの三城　宇治槇島店,,,611-0041,槇島町一ノ坪33-2,,,http://www.paris-miki.co.jp,yes,no,1,1,,,unknown,unknown,unknown,unknown,unknown,unknown,,,none,none,unknown,unknown,unknown,unknown,unknown,unknown,unknown,yes,no,no,no,no,barrier_free_facility_list,京都府内のバリアフリー施設一覧,https://www.pref.kyoto.jp/f-machi/hitoyasa.html,2026-09,83,,
26,京都府,26204,宇治市,,JR　新田駅,,,611-0031,広野町東裏,,,http://www.jr-odekake.net/eki/top.php?id=0621608,no,no,,,,,,,unknown,,unknown,,,,,,,,,,,,,,,,,,barrier_free_facility_list,京都府内のバリアフリー施設一覧,https://www.pref.kyoto.jp/f-machi/hitoyasa.html,2026-09,84,,詳しくは上記ホームページをご参照ください。
26,京都府,26204,宇治市,,JR　宇治駅,,,611-0021,宇治宇文字16番地,,,http://www.jr-odekake.net/eki/top.php?id=0621609,no,no,,,,,,,unknown,,unknown,,,,,,,,,,,,,,,,,,barrier_free_facility_list,京都府内のバリアフリー施設一覧,https://www.pref.kyoto.jp/f-machi/hitoyasa.html,2026-09,85,,詳しくは上記ホームページをご参照ください。
26,京都府,26204,宇治市,,JR　黄檗駅,,,611-0011,五ケ庄新開18番地,,,http://www.jr-odekake.net/eki/top.php?id=0621610,no,no,,,,,,,unknown,,unknown,,,,,,,,,,,,,,,,,,barrier_free_facility_list,京都府内のバリアフリー施設一覧,https://www.pref.kyoto.jp/f-machi/hitoyasa.html,2026-09,86,,詳しくは上記ホームページをご参照ください。
26,京都府,26204,宇治市,,JR　小倉駅,,,611-0042,小倉町中畑48番地1号,,,http://www.jr-odekake.net/eki/top.php?id=0621617,no,no,,,,,,,unknown,,unknown,,,,,,,,,,,,,,,,,,barrier_free_facility_list,京都府内のバリアフリー施設一覧,https://www.pref.kyoto.jp/f-machi/hitoyasa.html,2026-09,87,,詳しくは上記ホームページをご参照ください。
26,京都府,26204,宇治市,,JR　木幡駅,,,611-0002,木幡町大瀬戸,,,http://www.jr-odekake.net/eki/top.php?id=0621611,no,no,,,,,,,unknown,,unknown,,,,,,,,,,,,,,,,,,barrier_free_facility_list,京都府内のバリアフリー施設一覧,https://www.pref.kyoto.jp/f-machi/hitoyasa.html,2026-09,88,,詳しくは上記ホームページをご参照ください。
26,京都府,26204,宇治市,,JR　六地蔵駅,,,611-0001,六地蔵奈良町77-1,,,http://www.jr-odekake.net/eki/top.php?id=0621615,no,no,,,,,,,unknown,,unknown,,,,,,,,,,,,,,,,,,barrier_free_facility_list,京都府内のバリアフリー施設一覧,https://www.pref.kyoto.jp/f-machi/hitoyasa.html,2026-09,89,,詳しくは上記ホームページをご参照ください。
26,京都府,26204,宇治市,,ビジョンメガネ　宇治小倉店,,,611-0042,小倉町久保119-4,,,http://www.vision-megane.co.jp/search/3/297,no,no,,,,,,no,no,no,no,no,,,,,,,,,,,,,no,no,no,no,barrier_free_facility_list,京都府内のバリアフリー施設一覧,https://www.pref.kyoto.jp/f-machi/hitoyasa.html,2026-09,90,,ＣＬ取り扱い有り
26,京都府,26204,宇治市,,特別養護老人ホームまごころ園,,,611-0013,菟道薮里１１番３,,,http://www.micro-fukushikai.or.jp/,yes,yes,1,1,,,yes,,no,,no,,,,button,pull_cord,yes,yes,yes,,,,,no,no,no,no,no,barrier_free_facility_list,京都府内のバリアフリー施設一覧,https://www.pref.kyoto.jp/f-machi/hitoyasa.html,2026-09,91,,
26,京都府,26204,宇治市,,宇治市斎場,,,611-0021,宇治金井戸7番地の37,,,http://ujishi-reienkousya.,yes,yes,1,1,,,yes,no,no,no,yes,no,,,button,button,yes,no,no,no,no,no,no,no,no,no,no,no,barrier_free_facility_list,京都府内のバリアフリー施設一覧,https://www.pref.kyoto.jp/f-machi/hitoyasa.html,2026-09,92,,
26,京都府,26204,宇治市,,宇治市天ヶ瀬墓地公園,,,611-0021,宇治金井戸7番地の44,,,http://ujishi-reienkousya.,yes,yes,1,1,,,no,no,no,no,no,no,,,button,button,no,no,no,no,no,no,no,no,no,no,no,no,barrier_free_facility_list,京都府内のバリアフリー施設一覧,https://www.pref.kyoto.jp/f-machi/hitoyasa.html,2026-09,93,,
26,京都府,26204,宇治市,,宇治市総合福祉会館,,,611-0021,宇治琵琶45,,,会館としてのホームページは無し,yes,yes,"1,2,3",3,,,yes,yes,yes,unknown,yes,yes,,,button,button,yes,yes,yes,no,yes,yes,yes,no,no,no,yes,no,barrier_free_facility_list,京都府内のバリアフリー施設一覧,https://www.pref.kyoto.jp/f-machi/hitoyasa.html,2026-09,94,,
26,京都府,26204,宇治市,,コミュニティワークうじ館,,,611-0021,宇治善法31,,,,yes,yes,"1,2",2,,,yes,no,no,no,yes,no,,,sensor,button,yes,yes,yes,no,no,no,no,no,no,yes,yes,no,barrier_free_facility_list,京都府内のバリアフリー施設一覧,https://www.pref.kyoto.jp/f-machi/hitoyasa.html,2026-09,95,,HPは「コミュニティワークうじ館」で検索
26,京都府,26204,宇治市,,宇治簡易裁判所,,,611-0021,宇治琵琶３３－３,,,https://www.courts.go.jp/kyoto/about_tiho/syozai/index.html,yes,yes,,,,,,,yes,,yes,,,,,,,,,,,yes,yes,,,yes,,,barrier_free_facility_list,京都府内のバリアフリー施設一覧,https://www.pref.kyoto.jp/f-machi/hitoyasa.html,2026-09,96,,オストメイト式トイレには簡易シャワーがございます。
26,京都府,26204,宇治市,,京都府立東宇治高等学校,,,611-0002,木幡平尾４３－２,,,http://www.kyoto-be.ne.jp/higashiuji-hs/cms,yes,yes,1,1,,,no,no,no,,no,no,,,,none,yes,yes,yes,no,no,no,no,yes,no,no,no,no,barrier_free_facility_list,京都府内のバリアフリー施設一覧,https://www.pref.kyoto.jp/f-machi/hitoyasa.html,2026-09,97,,
26,京都府,26204,宇治市,,宇治市植物公園,,,611-0031,広野町八軒屋谷２５－１,,,http://www.uji-citypark.jp/botanical/,yes,yes,"1,2",2,,,yes,no,yes,no,yes,yes,,,lever,button,yes,yes,yes,no,no,no,yes,no,yes,yes,yes,no,barrier_free_facility_list,京都府内のバリアフリー施設一覧,https://www.pref.kyoto.jp/f-machi/hitoyasa.html,2026-09,98,,授乳室あり
26,京都府,26204,宇治市,,京都府立洛南病院,,,611-0011,五ヶ庄広岡谷２,,,http://www.rakunan-hosp.jp/,yes,yes,1,1,,,yes,no,no,no,no,no,,,button,button,yes,yes,yes,no,no,no,no,no,no,no,no,no,barrier_free_facility_list,京都府内のバリアフリー施設一覧,https://www.pref.kyoto.jp/f-machi/hitoyasa.html,2026-09,99,,
26,京都府,26204,宇治市,,宇治市源氏物語ミュージアム,,,611-0021,宇治東内45-26,,,https://www.city.uji.kyoto.jp/soshiki/33/,yes,yes,1,1,,,yes,no,yes,no,yes,no,,,button,pull_cord,yes,yes,yes,no,no,no,no,no,yes,yes,yes,no,barrier_free_facility_list,京都府内のバリアフリー施設一覧,https://www.pref.kyoto.jp/f-machi/hitoyasa.html,2026-09,100,,観覧設備 　映像展示室（映画上映室） 　車いすスペース有り 　映画については、聴覚障害者用字幕表示ＤＶＤあり（別室にて対応）
26,京都府,26204,宇治市,,京都地方法務局宇治支局,,,611-0021,宇治琵琶３３－２,,,http://houmukyoku.moj.go.jp/kyoto/index.html,yes,yes,1,1,,,yes,no,yes,no,yes,no,,,button,button,no,no,no,no,no,no,no,no,no,no,yes,no,barrier_free_facility_list,京都府内のバリアフリー施設一覧,https://www.pref.kyoto.jp/f-machi/hitoyasa.html,2026-09,101,,
26,京都府,26204,宇治市,,宇治市文化センター,,,611-0023,折居台１丁目１番地,,,http://www.wao.or.jp/ujibunka,yes,yes,1.2,7,,,yes,no,no,no,yes,no,,,sensor,button,yes,yes,yes,no,no,yes,yes,no,no,yes,yes,yes,barrier_free_facility_list,京都府内のバリアフリー施設一覧,https://www.pref.kyoto.jp/f-machi/hitoyasa.html,2026-09,102,,職員が窓口で筆談に応じます。 ホールに磁気ループがあります。 視覚障害者誘導用のチャイムがあります。 外部との出入り口に点字ブロックがあります。 おむつ換え用のベビーシートがあります。 トイレ内にベビーキープがあります。 授乳コーナーがあります。 専用保育室があります。
26,京都府,26204,宇治市,,マツヤスーパー　伊勢田店,,,611-0043,伊勢田町中ノ田55番3号,,,,yes,yes,2,1,,,yes,no,yes,no,yes,yes,,,button,button,yes,yes,yes,no,yes,yes,yes,no,no,no,no,no,barrier_free_facility_list,京都府内のバリアフリー施設一覧,https://www.pref.kyoto.jp/f-machi/hitoyasa.html,2026-09,103,,
26,京都府,26204,宇治市,,宇治市総合野外活動センター「アクトパル宇治」,,,601-1392,西笠取辻出川西1番地,,,http://www.actpal-uji.com/riyou.html,yes,yes,2,1,5,5,,,no,,yes,yes,,,lever,button,yes,yes,yes,yes,yes,yes,yes,no,yes,yes,yes,no,barrier_free_facility_list,京都府内のバリアフリー施設一覧,https://www.pref.kyoto.jp/f-machi/hitoyasa.html,2026-09,104,,ＦＡＸのみ予約可能/アレルギー・きざみ食対応は事前の連絡が必要
26,京都府,26204,宇治市,,スーパーマツモト　宇治小倉店,,,611-0042,小倉町春日森88番1,,,,yes,yes,1,1,,,yes,no,yes,no,yes,no,,,button,button,yes,yes,yes,no,no,yes,yes,no,no,no,no,no,barrier_free_facility_list,京都府内のバリアフリー施設一覧,https://www.pref.kyoto.jp/f-machi/hitoyasa.html,2026-09,105,,
26,京都府,26204,宇治市,,スーパーマツモト　宇治西店,,,611-0041,槇島町十八47番,,,,yes,yes,1,1,,,yes,no,yes,no,yes,no,,,button,button,yes,yes,yes,no,yes,yes,no,no,no,no,no,no,barrier_free_facility_list,京都府内のバリアフリー施設一覧,https://www.pref.kyoto.jp/f-machi/hitoyasa.html,2026-09,106,,
26,京都府,26204,宇治市,,京都トヨタ自動車　(株)　宇治店,,,611-0021,宇治樋ノ尻52-1,,,http://kyoto.toyota.dealers.jp/,yes,yes,1,1,,,yes,no,no,no,unknown,yes,,,lever,pull_cord,yes,yes,yes,no,no,no,no,no,no,no,yes,yes,barrier_free_facility_list,京都府内のバリアフリー施設一覧,https://www.pref.kyoto.jp/f-machi/hitoyasa.html,2026-09,107,,
26,京都府,26204,宇治市,,宇治市役所,,,611-8501,宇治琵琶33番地,,,http://www.city.uji.kyoto.jp/,yes,yes,1，3，8,4,,,yes,no,yes,no,no,yes,,,sensor,button,yes,yes,yes,no,no,yes,yes,no,yes,yes,yes,yes,barrier_free_facility_list,京都府内のバリアフリー施設一覧,https://www.pref.kyoto.jp/f-machi/hitoyasa.html,2026-09,108,,トイレについては、本館棟、議会棟１階を記載しています。 手話対応は、障害福祉課に配置しています。 議会棟の傍聴席には、車いす用の観覧席があります。
26,京都府,26204,宇治市,,京都府立城南菱創高等学校,,,611-0042,小倉町南堀池,,,http://www.kyoto-be.ne.jp/jonanryoso-hs/mt/,yes,no,1,2,,,no,no,no,no,no,no,,,button,button,no,yes,yes,no,no,no,no,no,no,no,no,no,barrier_free_facility_list,京都府内のバリアフリー施設一覧,https://www.pref.kyoto.jp/f-machi/hitoyasa.html,2026-09,109,,主たる普通教室棟、特別教室棟にはエレベーターはない（４階及び５階） 新学習棟にはエレベーターがある。（２階）  車いすトイレは、主要建物である１棟（普通教室棟）、２棟（特別教室棟）にはない。新学習棟、屋外に各１個あり。  主要建物である１棟２階の来客用出入口は自動ドア。その他多くは引き戸、開き戸も若干あり。
26,京都府,26204,宇治市,,宇治市東消防署,,,611-0002,木幡南端5,,,,yes,yes,1,1,,,yes,no,no,no,yes,no,,,button,button,yes,no,no,no,no,no,no,no,no,no,yes,no,barrier_free_facility_list,京都府内のバリアフリー施設一覧,https://www.pref.kyoto.jp/f-machi/hitoyasa.html,2026-09,110,,
26,京都府,26204,宇治市,,京都やましろ農業協同組合西宇治支店,,,611-0042,小倉町久保５２,,,http://www.ja-yamasiro.com,yes,yes,"1,2,3",1,1,1,yes,no,no,no,no,no,,,lever,none,no,yes,yes,no,no,no,no,no,no,no,no,no,barrier_free_facility_list,京都府内のバリアフリー施設一覧,https://www.pref.kyoto.jp/f-machi/hitoyasa.html,2026-09,111,,
26,京都府,26204,宇治市,,京都府立莵道高等学校,,,611-0011,五ヶ庄五雲峰４－１,,,http://www.kyoto-be.ne.jp/todou-hs/,no,no,,,,,,,unknown,,unknown,,,,,,yes,yes,yes,no,no,no,no,yes,no,no,no,no,barrier_free_facility_list,京都府内のバリアフリー施設一覧,https://www.pref.kyoto.jp/f-machi/hitoyasa.html,2026-09,112,,
26,京都府,26204,宇治市,,京都府宇治総合庁舎,,,611-0021,宇治若森７－６,,,http://www.pref.kyoto.jp/yamashiro/,yes,yes,1,2,,,yes,no,no,no,no,yes,,,button,button,yes,yes,yes,no,no,no,no,yes,no,yes,yes,yes,barrier_free_facility_list,京都府内のバリアフリー施設一覧,https://www.pref.kyoto.jp/f-machi/hitoyasa.html,2026-09,113,,授乳室あり（ベビーベッドあり） オストメイトは同敷地内の山城北保健所にはあり  総務室にＵＤトークアプリが使用できるタブレット端末有。
26,京都府,26204,宇治市,,京都府立山城総合運動公園（太陽が丘）,,,611-0031,広野町八軒屋谷１,,,http://www.kyoto-park.or.jp,yes,yes,,7,2,2,no,no,yes,no,yes,yes,,,lever,button,yes,yes,yes,no,no,no,no,no,no,yes,yes,no,barrier_free_facility_list,京都府内のバリアフリー施設一覧,https://www.pref.kyoto.jp/f-machi/hitoyasa.html,2026-09,114,,多目的トイレの詳細は施設ホームページ「公園マップ」を参照ください。
26,京都府,26204,宇治市,,京都中央信用金庫　西小倉支店,,,611-0042,小倉町南浦43-9,,,http://www.chushin.co.jp,no,,,,,,,,no,,no,,,,,,,,,,,,,,,,,,barrier_free_facility_list,京都府内のバリアフリー施設一覧,https://www.pref.kyoto.jp/f-machi/hitoyasa.html,2026-09,115,,
26,京都府,26204,宇治市,,京都信用金庫西宇治支店,,,611-0042,小倉町久保１０６,,,http://www.kyoto-shinkin.co.jp/,no,,,,,,,,no,,no,,,,,,,,,,,,,,,,,,barrier_free_facility_list,京都府内のバリアフリー施設一覧,https://www.pref.kyoto.jp/f-machi/hitoyasa.html,2026-09,116,,多目的トイレは、入口が少し狭いため、大きな車椅子は入室が困難な可能性がございます。 音声案内は、ATM操作音声案内が1台ございます。インターフォンでお呼びくだされば付添いご案内いたします。 歩行者用点字ブロックがございます。
26,京都府,26204,宇治市,,京都中央信用金庫　神明支店,,,611-0025,神明東17番地の2,,,http://www.chushin.co.jp,no,,,,,,,,no,,no,,,,,,,,,,,,,,,,,,barrier_free_facility_list,京都府内のバリアフリー施設一覧,https://www.pref.kyoto.jp/f-machi/hitoyasa.html,2026-09,117,,
26,京都府,26204,宇治市,,京都中央信用金庫　三室戸支店,,,611-0013,莵道谷下り50番地1,,,http://www.chushin.co.jp,no,,,,,,,,no,,no,,,,,,,,,,,,,,,,,,barrier_free_facility_list,京都府内のバリアフリー施設一覧,https://www.pref.kyoto.jp/f-machi/hitoyasa.html,2026-09,118,,
26,京都府,26204,宇治市,,京都中央信用金庫　小倉支店,,,611-0042,小倉町神楽田7番3,,,http://www.chushin.co.jp,no,,,,,,,,no,,no,,,,,,,,,,,,,,,,,,barrier_free_facility_list,京都府内のバリアフリー施設一覧,https://www.pref.kyoto.jp/f-machi/hitoyasa.html,2026-09,119,,
26,京都府,26204,宇治市,,京都中央信用金庫　黄檗支店,,,611-0011,五ヶ庄芝ノ東48番地の8,,,http://www.chushin.co.jp,no,,,,,,,,no,,no,,,,,,,,,,,,,,,,,,barrier_free_facility_list,京都府内のバリアフリー施設一覧,https://www.pref.kyoto.jp/f-machi/hitoyasa.html,2026-09,120,,
26,京都府,26204,宇治市,,千原眼科医院,,,611-0043,伊勢田町南山50−1,,,http://www.chihara-ganka.or.jp/,no,,,,,,yes,,no,,no,,,,button,button,yes,yes,yes,,yes,,,,,,,,barrier_free_facility_list,京都府内のバリアフリー施設一覧,https://www.pref.kyoto.jp/f-machi/hitoyasa.html,2026-09,121,,
26,京都府,26204,宇治市,,京都府山城北保健所,,,611-0021,宇治若森7-6,,,http://www.pref.kyoto.jp/yamashiro/ho-kita/,yes,,,,,,,,yes,,no,,,,,,,,,,,,,,,,,,barrier_free_facility_list,京都府内のバリアフリー施設一覧,https://www.pref.kyoto.jp/f-machi/hitoyasa.html,2026-09,122,,ベビーチェアがあります。
26,京都府,26204,宇治市,,京都銀行大久保支店,,,611-0031,広野町茶屋裏１２－５,,,http://www.kyotobank.co.jp/,yes,,,,,,,,no,,no,,,,,,,,,,,,,,,,,,barrier_free_facility_list,京都府内のバリアフリー施設一覧,https://www.pref.kyoto.jp/f-machi/hitoyasa.html,2026-09,123,,ATMは全台、視覚障がい者が音声ガイダンスに従ってご利用できるものとなっています。
26,京都府,26204,宇治市,,京都銀行伊勢田支店,,,611-0027,羽拍子町８４－１４,,,http://www.kyotobank.co.jp/,yes,,,,,,,,no,,no,,,,,,,,,,,,,,,,,,barrier_free_facility_list,京都府内のバリアフリー施設一覧,https://www.pref.kyoto.jp/f-machi/hitoyasa.html,2026-09,124,,ATMは全台、視覚障がい者が音声ガイダンスに従ってご利用できるものとなっています。
26,京都府,26204,宇治市,,京都銀行六地蔵支店,,,611-0001,六地蔵奈良町39番地の22,,,http://www.kyotobank.co.jp/,no,,,,,,,,no,,no,,,,,,,,,,,,,,,,,,barrier_free_facility_list,京都府内のバリアフリー施設一覧,https://www.pref.kyoto.jp/f-machi/hitoyasa.html,2026-09,125,,ATMは全台、視覚障がい者が音声ガイダンスに従ってご利用できるものとなっています。
26,京都府,26204,宇治市,,京都生活協同組合　コープ宇治神明,,,611-0025,神明石塚54番地の16,,,,no,,,,,,,,no,,no,,,,,,,,,,,,,,,,,,barrier_free_facility_list,京都府内のバリアフリー施設一覧,https://www.pref.kyoto.jp/f-machi/hitoyasa.html,2026-09,126,,
26,京都府,26204,宇治市,,ファミリーマート　宇治槇島町店,,,611-0041,槇島町本屋敷7番地,,,,no,,,,,,,,no,,unknown,,,,,,,,,,,,,,,,,,barrier_free_facility_list,京都府内のバリアフリー施設一覧,https://www.pref.kyoto.jp/f-machi/hitoyasa.html,2026-09,127,,
26,京都府,26204,宇治市,,ファミリーマート　宇治中川原店,,,611-0041,槇島町石橋64番地,,,,no,,,,,,,,no,,unknown,,,,,,,,,,,,,,,,,,barrier_free_facility_list,京都府内のバリアフリー施設一覧,https://www.pref.kyoto.jp/f-machi/hitoyasa.html,2026-09,128,,
26,京都府,26204,宇治市,,ユタカ調剤薬局　宇治徳洲会病院前,,,611-0041,槇島町一ノ坪４８－３,,,,no,,,,,,,,unknown,,unknown,,,,,,,,,,,,,,,,,,barrier_free_facility_list,京都府内のバリアフリー施設一覧,https://www.pref.kyoto.jp/f-machi/hitoyasa.html,2026-09,129,,
26,京都府,26204,宇治市,,ドラッグユタカ宇治木幡南店,,,611-0002,木幡南端９番,,,http://www.d-yutaka.co.jp/,no,,,,,,,,unknown,,unknown,,,,,,,,,,,,,,,,,,barrier_free_facility_list,京都府内のバリアフリー施設一覧,https://www.pref.kyoto.jp/f-machi/hitoyasa.html,2026-09,130,,
26,京都府,26204,宇治市,,京都やましろ農業協同組合東宇治支店,,,611-0011,五ヶ庄西浦４１－１,,,,no,,,,,,,,unknown,,unknown,,,,,,,,,,,,,,,,,,barrier_free_facility_list,京都府内のバリアフリー施設一覧,https://www.pref.kyoto.jp/f-machi/hitoyasa.html,2026-09,131,,
26,京都府,26204,宇治市,,京都やましろ農業協同組合中宇治支店,,,611-0041,槇島町大町１３,,,,no,,,,,,,,unknown,,unknown,,,,,,,,,,,,,,,,,,barrier_free_facility_list,京都府内のバリアフリー施設一覧,https://www.pref.kyoto.jp/f-machi/hitoyasa.html,2026-09,132,,
26,京都府,26204,宇治市,,ハローワーク宇治(宇治公共職業 安定所),,,611-0021,宇治池森16-4,,,,yes,yes,1,1,,,yes,no,no,no,yes,no,,,sensor,button,yes,yes,yes,no,no,no,no,no,no,yes,yes,yes,barrier_free_facility_list,京都府内のバリアフリー施設一覧,https://www.pref.kyoto.jp/f-machi/hitoyasa.html,2026-09,133,,
26,京都府,26204,宇治市,,京都天が瀬　メモリアル公園,,,611-0021,宇治金井戸８－１,,,http//www.amagase.net,no,,,,,,,,no,,no,,,,,,,,,,,,,,,,,,barrier_free_facility_list,京都府内のバリアフリー施設一覧,https://www.pref.kyoto.jp/f-machi/hitoyasa.html,2026-09,134,,
26,京都府,26204,宇治市,,餃子の王将　槙島店,,,611-0041,槙島町十六３３－４,,,,no,,,,,,,,no,,no,,,,,,,,,,,,,,,,,,barrier_free_facility_list,京都府内のバリアフリー施設一覧,https://www.pref.kyoto.jp/f-machi/hitoyasa.html,2026-09,135,,
26,京都府,26204,宇治市,,宇治市西宇治公園,,,611-0042,小倉町蓮池２０－１,,,,no,,,,,,,,no,,no,,,,,,,,,,,,,,,,,,barrier_free_facility_list,京都府内のバリアフリー施設一覧,https://www.pref.kyoto.jp/f-machi/hitoyasa.html,2026-09,136,,
26,京都府,26204,宇治市,,宇治市生涯学習センター,,,611-0021,宇治琵琶45-14,,,http://www.city.uji.kyoto.jp,yes,,,,,,,,yes,,yes,,,,,,,,,,,,,,,,,,barrier_free_facility_list,京都府内のバリアフリー施設一覧,https://www.pref.kyoto.jp/f-machi/hitoyasa.html,2026-09,137,,
26,京都府,26204,宇治市,,社会福祉法人あじろぎ会　宇治病院,,,611-0011,五ケ庄芝ノ東５４番地の２,,,,no,,,,,,,,unknown,,unknown,,,,,,,,,,,,,,,,,,barrier_free_facility_list,京都府内のバリアフリー施設一覧,https://www.pref.kyoto.jp/f-machi/hitoyasa.html,2026-09,138,,
26,京都府,26204,宇治市,,京都中央信用金庫宇治支店,,,611-8660,宇治文字２－１８,,,http://www.chushin.co.jp/,no,,,,,,,,no,,no,,,,,,,,,,,,,,,,,,barrier_free_facility_list,京都府内のバリアフリー施設一覧,https://www.pref.kyoto.jp/f-machi/hitoyasa.html,2026-09,139,,
26,京都府,26204,宇治市,,京都市営地下鉄　六地蔵駅,,,611-0001,六地蔵奈良町,,,http://www.city.kyoto.lg.jp/kotsu/page/0000009857.html,yes,,,,,,,,yes,,yes,,,,,,,,,,,,,,,,,,barrier_free_facility_list,京都府内のバリアフリー施設一覧,https://www.pref.kyoto.jp/f-machi/hitoyasa.html,2026-09,140,,地下鉄東西線にはホームドアがあります。  身体障害者手帳をお持ちの方は駅職員に提示してください。  駅職員が筆談に応じます。
26,京都府,26204,宇治市,,来来亭　槙島店,,,611-0041,槙島町十八４４－４,,,,no,,,,,,,,unknown,,unknown,,,,,,,,,,,,,,,,,,barrier_free_facility_list,京都府内のバリアフリー施設一覧,https://www.pref.kyoto.jp/f-machi/hitoyasa.html,2026-09,141,,
26,京都府,26204,宇治市,,京都府宇治児童相談所,,,611-0033,大久保町井ノ尻１３－１,,,,no,,,,,,,,unknown,,unknown,,,,,,,,,,,,,,,,,,barrier_free_facility_list,京都府内のバリアフリー施設一覧,https://www.pref.kyoto.jp/f-machi/hitoyasa.html,2026-09,142,,
26,京都府,26204,宇治市,,株式会社セレマ槙島シティーホール,,,611-0041,槙島町目川１９０－１,,,,yes,,,,,,,,no,,no,,,,,,,,,,,,,,,,,,barrier_free_facility_list,京都府内のバリアフリー施設一覧,https://www.pref.kyoto.jp/f-machi/hitoyasa.html,2026-09,143,,
26,京都府,26204,宇治市,,株式会社セレマ宇治中央コミュニティ会館,,,611-0021,宇治半白１,,,,yes,,,,,,,,no,,yes,,,,,,,,,,,,,,,,,,barrier_free_facility_list,京都府内のバリアフリー施設一覧,https://www.pref.kyoto.jp/f-machi/hitoyasa.html,2026-09,144,,
26,京都府,26204,宇治市,,株式会社セレマ宇治伊勢田シティーホール,,,611-0026,開町５－１,,,,yes,,,,,,,,no,,no,,,,,,,,,,,,,,,,,,barrier_free_facility_list,京都府内のバリアフリー施設一覧,https://www.pref.kyoto.jp/f-machi/hitoyasa.html,2026-09,145,,
26,京都府,26204,宇治市,,ユニクロ大久保店,,,611-0033,大久保町北ノ山２４－１,,,,yes,,,,,,,,no,,yes,,,,,,,,,,,,,,,,,,barrier_free_facility_list,京都府内のバリアフリー施設一覧,https://www.pref.kyoto.jp/f-machi/hitoyasa.html,2026-09,146,,
26,京都府,26204,宇治市,,宇治ホール,,,611-0031,広野町西裏3,,,,no,,,,,,,,unknown,,unknown,,,,,,,,,,,,,,,,,,barrier_free_facility_list,京都府内のバリアフリー施設一覧,https://www.pref.kyoto.jp/f-machi/hitoyasa.html,2026-09,147,,
26,京都府,26204,宇治市,,スギドラッグ宇治店,,,611-0021,宇治弐番７８番地１,,,,no,,,,,,,,no,,no,,,,,,,,,,,,,,,,,,barrier_free_facility_list,京都府内のバリアフリー施設一覧,https://www.pref.kyoto.jp/f-machi/hitoyasa.html,2026-09,148,,
26,京都府,26204,宇治市,,ドラッグユタカ槇島店,,,611-0041,槇島町本屋敷１２番地,,,http://www.d-yutaka.co.jp/,yes,,,,,,,,no,,yes,,,,,,,,,,,,,,,,,,barrier_free_facility_list,京都府内のバリアフリー施設一覧,https://www.pref.kyoto.jp/f-machi/hitoyasa.html,2026-09,149,,
26,京都府,26204,宇治市,,ドラッグユタカ宇治御蔵山店,,,611-0002,木幡平尾４,,,http://www.d-yutaka.co.jp/,yes,,,,,,,,no,,yes,,,,,,,,,,,,,,,,,,barrier_free_facility_list,京都府内のバリアフリー施設一覧,https://www.pref.kyoto.jp/f-machi/hitoyasa.html,2026-09,150,,
26,京都府,26204,宇治市,,TSUTAYA小倉店,,,611-0042,小倉町老ノ木２９,,,http://store.tsutaya.co.jp/storelocator/detail/4705.html,yes,,,,,,,,no,,no,,,,,,,,,,,,,,,,,,barrier_free_facility_list,京都府内のバリアフリー施設一覧,https://www.pref.kyoto.jp/f-machi/hitoyasa.html,2026-09,151,,
26,京都府,26204,宇治市,,フレスコ宇治店,,,611-0042,小倉町老ノ木３８－２,,,,no,,,,,,,,no,,no,,,,,,,,,,,,,,,,,,barrier_free_facility_list,京都府内のバリアフリー施設一覧,https://www.pref.kyoto.jp/f-machi/hitoyasa.html,2026-09,152,,
26,京都府,26204,宇治市,,宇治川病院,,,611-0042,小倉町老ノ木３１,,,,no,,,,,,,,unknown,,unknown,,,,,,,,,,,,,,,,,,barrier_free_facility_list,京都府内のバリアフリー施設一覧,https://www.pref.kyoto.jp/f-machi/hitoyasa.html,2026-09,153,,
26,京都府,26204,宇治市,,宇治明星園　白川特別養護老人ホーム,,,611-0022,白川鍋倉山２２番地１０,,,http://www.myoujyo.or.jp/,no,,,,,,,,no,,no,,,,,,,,,,,,,,,,,,barrier_free_facility_list,京都府内のバリアフリー施設一覧,https://www.pref.kyoto.jp/f-machi/hitoyasa.html,2026-09,154,,
26,京都府,26204,宇治市,,カトリック宇治教会,,,611-0021,宇治又振３,,,,no,,,,,,,,unknown,,unknown,,,,,,,,,,,,,,,,,,barrier_free_facility_list,京都府内のバリアフリー施設一覧,https://www.pref.kyoto.jp/f-machi/hitoyasa.html,2026-09,155,,
26,京都府,26204,宇治市,,宇治郵便局,,,611-8799,宇治蔭山６,,,http://map.japanpost.jp/pc/syousai.php?id=300144182000,no,,,,,,,,no,,no,,,,,,,,,,,,,,,,,,barrier_free_facility_list,京都府内のバリアフリー施設一覧,https://www.pref.kyoto.jp/f-machi/hitoyasa.html,2026-09,156,,
26,京都府,26204,宇治市,,京都府宇治警察署,,,611-0021,宇治宇文字２－１２,,,http://www.pref.kyoto.jp/fukei/,yes,yes,1,2,,,yes,no,no,no,yes,no,,,lever,pull_cord,no,yes,yes,no,no,no,no,no,no,no,no,no,barrier_free_facility_list,京都府内のバリアフリー施設一覧,https://www.pref.kyoto.jp/f-machi/hitoyasa.html,2026-09,157,,
26,京都府,26204,宇治市,,ベルファ宇治ショッピングセンター,,,611-0041,槇島町清水４８,,,http://www.bellfa-uji.com/,yes,,,,,,,,no,,no,,,,,,,,,,,,,,,,,,barrier_free_facility_list,京都府内のバリアフリー施設一覧,https://www.pref.kyoto.jp/f-machi/hitoyasa.html,2026-09,158,,
26,京都府,26204,宇治市,,ドコモショップ宇治大久保店,,,611-0031,広野町西裏８７－１９,,,,no,,,,,,,,unknown,,unknown,,,,,,,,,,,,,,,,,,barrier_free_facility_list,京都府内のバリアフリー施設一覧,https://www.pref.kyoto.jp/f-machi/hitoyasa.html,2026-09,159,,
26,京都府,26204,宇治市,,ドコモショップ宇治槇島店,,,611-0041,槇島町本屋敷１００,,,,no,,,,,,,,unknown,,unknown,,,,,,,,,,,,,,,,,,barrier_free_facility_list,京都府内のバリアフリー施設一覧,https://www.pref.kyoto.jp/f-machi/hitoyasa.html,2026-09,160,,
26,京都府,26204,宇治市,,ネッツトヨタヤサカレクサス宇治,,,611-0041,槇島町十六２４－１０,,,,no,,,,,,,,unknown,,unknown,,,,,,,,,,,,,,,,,,barrier_free_facility_list,京都府内のバリアフリー施設一覧,https://www.pref.kyoto.jp/f-machi/hitoyasa.html,2026-09,161,,
26,京都府,26204,宇治市,,ネッツトヨタヤサカ大久保店,,,611-0033,大久保町田原２０－１,,,,no,,,,,,,,unknown,,unknown,,,,,,,,,,,,,,,,,,barrier_free_facility_list,京都府内のバリアフリー施設一覧,https://www.pref.kyoto.jp/f-machi/hitoyasa.html,2026-09,162,,
26,京都府,26204,宇治市,,ネッツトヨタヤサカ宇治店,,,611-0041,槇島町十六２４－５,,,,no,,,,,,,,unknown,,unknown,,,,,,,,,,,,,,,,,,barrier_free_facility_list,京都府内のバリアフリー施設一覧,https://www.pref.kyoto.jp/f-machi/hitoyasa.html,2026-09,163,,
26,京都府,26204,宇治市,,府立宇治支援学校,,,611-0031,広野町丸山１０,,,,no,,,,,,,,unknown,,unknown,,,,,,,,,,,,,,,,,,barrier_free_facility_list,京都府内のバリアフリー施設一覧,https://www.pref.kyoto.jp/f-machi/hitoyasa.html,2026-09,164,,
26,京都府,26204,宇治市,,京都府営水道事務所宇治浄水場,,,611-0021,宇治下居６４,,,,no,,,,,,,,unknown,,unknown,,,,,,,,,,,,,,,,,,barrier_free_facility_list,京都府内のバリアフリー施設一覧,https://www.pref.kyoto.jp/f-machi/hitoyasa.html,2026-09,165,,
26,京都府,26204,宇治市,,宇治木幡郵便局,,,611-0002,木幡大瀬戸４９,,,http://map.japanpost.jp/pc/syousai.php?id=300144090000,no,,,,,,,,no,,no,,,,,,,,,,,,,,,,,,barrier_free_facility_list,京都府内のバリアフリー施設一覧,https://www.pref.kyoto.jp/f-machi/hitoyasa.html,2026-09,166,,
26,京都府,26204,宇治市,,コパン宇治,,,611-0021,宇治弐番８８－７,,,http://www.copin.co.jp/shop/uji/index.html,yes,,,,,,,,no,,no,,,,,,,,,,,,,,,,,,barrier_free_facility_list,京都府内のバリアフリー施設一覧,https://www.pref.kyoto.jp/f-machi/hitoyasa.html,2026-09,167,,
26,京都府,26204,宇治市,,平等院ミュージアム鳳翔館,,,611-0021,宇治蓮華116,,,http://www.byodoin.or.jp/index.html,yes,,,,,,,,no,,yes,,,,,,,,,,,,,,,,,,barrier_free_facility_list,京都府内のバリアフリー施設一覧,https://www.pref.kyoto.jp/f-machi/hitoyasa.html,2026-09,168,,砂利専用車いす（自走不可）貸し出し有
26,京都府,26204,宇治市,,宇治市黄檗公園,,,611-0011,五ヶ庄三番割２５－１,,,http://uji-citypark.jp/oubaku/oubaku.htm,yes,,,,,,,,no,,no,,,,,,,,,,,,,,,,,,barrier_free_facility_list,京都府内のバリアフリー施設一覧,https://www.pref.kyoto.jp/f-machi/hitoyasa.html,2026-09,169,,
26,京都府,26204,宇治市,,平等院,,,611-0021,宇治蓮華116,,,http://www.byodoin.or.jp/,yes,,,,,,,,no,,yes,,,,,,,,,,,,,,,,,,barrier_free_facility_list,京都府内のバリアフリー施設一覧,https://www.pref.kyoto.jp/f-machi/hitoyasa.html,2026-09,170,,
26,京都府,26204,宇治市,,宇治市西宇治図書館,,,611-0042,小倉町山際63-1　西小倉地域福祉センター3階,,,http://library.city.uji.kyoto.jp/tmap.ht,yes,,,,,,,,no,,no,,,,,,,,,,,,,,,,,,barrier_free_facility_list,京都府内のバリアフリー施設一覧,https://www.pref.kyoto.jp/f-machi/hitoyasa.html,2026-09,171,,
26,京都府,26204,宇治市,,京阪　宇治駅,,,611-0021,乙方１８番５号,,,http://www.keihan.co.jp/,yes,,,,,,,,yes,,no,,,,,,,,,,,,,,,,,,barrier_free_facility_list,京都府内のバリアフリー施設一覧,https://www.pref.kyoto.jp/f-machi/hitoyasa.html,2026-09,172,,
26,京都府,26204,宇治市,,京阪　三室戸駅,,,611-0013,菟道田中１５番地,,,http://www.keihan.co.jp/,yes,,,,,,,,yes,,no,,,,,,,,,,,,,,,,,,barrier_free_facility_list,京都府内のバリアフリー施設一覧,https://www.pref.kyoto.jp/f-machi/hitoyasa.html,2026-09,173,,
26,京都府,26204,宇治市,,京阪　黄檗駅,,,611-0011,五ヶ庄西浦３７番地,,,http://www.keihan.co.jp/,yes,,,,,,,,yes,,no,,,,,,,,,,,,,,,,,,barrier_free_facility_list,京都府内のバリアフリー施設一覧,https://www.pref.kyoto.jp/f-machi/hitoyasa.html,2026-09,174,,
26,京都府,26204,宇治市,,京阪　木幡駅,,,611-0002,木幡西中２３番地,,,http://www.keihan.co.jp/,yes,,,,,,,,no,,no,,,,,,,,,,,,,,,,,,barrier_free_facility_list,京都府内のバリアフリー施設一覧,https://www.pref.kyoto.jp/f-machi/hitoyasa.html,2026-09,175,,
26,京都府,26204,宇治市,,平和堂100BAN店,,,611-0031,広野町西裏100番地,,,http://www.heiwado.jp/index.htm,yes,,,,,,,,no,,yes,,,,,,,,,,,,,,,,,,barrier_free_facility_list,京都府内のバリアフリー施設一覧,https://www.pref.kyoto.jp/f-machi/hitoyasa.html,2026-09,176,,
26,京都府,26344,宇治田原町,,ＪＡ京都やましろ農産物直売所田原店　宇治茶の郷,,,610-0255,大字郷之口小字中林１２,,,https://ja-yamasiro.com(JA京都やましろ公式ＨＰ)・http://uji-cha.kyoto(宇治茶ＨＰ),,,,,,,,,,,,,,,,,,,,,,,,yes,,,,,barrier_free_facility_list,京都府内のバリアフリー施設一覧,https://www.pref.kyoto.jp/f-machi/hitoyasa.html,2026-09,177,,
26,京都府,26344,宇治田原町,,宇治田原町立田原児童育成施設,,,610-0255,大字郷之口小字中林7番地,,,,yes,yes,1,1,,,yes,no,no,no,no,no,,,button,button,yes,yes,yes,no,no,no,no,no,no,no,no,no,barrier_free_facility_list,京都府内のバリアフリー施設一覧,https://www.pref.kyoto.jp/f-machi/hitoyasa.html,2026-09,178,,
26,京都府,26344,宇治田原町,,サンフレッシュ宇治田原店,,,610-0241,南亥子14-4,,,http://www.super-sunfresh.net/,no,,,,,,,,no,,no,,,,,,,,,,,,,,,,,,barrier_free_facility_list,京都府内のバリアフリー施設一覧,https://www.pref.kyoto.jp/f-machi/hitoyasa.html,2026-09,179,,
26,京都府,26344,宇治田原町,,京都やましろ農業協同組合宇治田原町支店,,,610-0231,立川宮ノ本２２,,,,no,,,,,,,,unknown,,unknown,,,,,,,,,,,,,,,,,,barrier_free_facility_list,京都府内のバリアフリー施設一覧,https://www.pref.kyoto.jp/f-machi/hitoyasa.html,2026-09,180,,
26,京都府,26344,宇治田原町,,宇治田原町浄化センター,,,610-0255,大字郷之口小字末山3-10,,,,yes,,,,,,,,no,,no,,,,,,,,,,,,,,,,,,barrier_free_facility_list,京都府内のバリアフリー施設一覧,https://www.pref.kyoto.jp/f-machi/hitoyasa.html,2026-09,181,,
26,京都府,26344,宇治田原町,,宇治田原町ふれあい福祉センター,,,610-0253,大字贄田小字船戸63,,,,no,,,,,,,,unknown,,unknown,,,,,,,,,,,,,,,,,,barrier_free_facility_list,京都府内のバリアフリー施設一覧,https://www.pref.kyoto.jp/f-machi/hitoyasa.html,2026-09,182,,
26,京都府,26344,宇治田原町,,宇治田原町立保育所,,,610-0255,大字郷之口小字紫坊３９－１,,,,no,,,,,,,,unknown,,unknown,,,,,,,,,,,,,,,,,,barrier_free_facility_list,京都府内のバリアフリー施設一覧,https://www.pref.kyoto.jp/f-machi/hitoyasa.html,2026-09,183,,
26,京都府,26344,宇治田原町,,宇治田原町立宇治田原児童育成施設,,,610-0261,大字岩山小字丸山３7,,,,no,yes,1,1,,,yes,no,no,no,no,no,,,button,button,yes,yes,yes,no,no,no,no,yes,no,no,no,no,barrier_free_facility_list,京都府内のバリアフリー施設一覧,https://www.pref.kyoto.jp/f-machi/hitoyasa.html,2026-09,184,,
26,京都府,26344,宇治田原町,,維孝館中学校,,,610-0261,大字岩山小字沼尻４,,,,no,,,,,,,,unknown,,unknown,,,,,,,,,,,,,,,,,,barrier_free_facility_list,京都府内のバリアフリー施設一覧,https://www.pref.kyoto.jp/f-machi/hitoyasa.html,2026-09,185,,
26,京都府,26344,宇治田原町,,宇治田原町住民体育館,,,610-0261,大字岩山小字沼尻３７－１,,,,no,,,,,,,,unknown,,unknown,,,,,,,,,,,,,,,,,,barrier_free_facility_list,京都府内のバリアフリー施設一覧,https://www.pref.kyoto.jp/f-machi/hitoyasa.html,2026-09,186,,
26,京都府,26344,宇治田原町,,宇治田原町役場,,,610-0252,大字荒木小字西出１８－１,,,,no,,,,,,,,unknown,,unknown,,,,,,,,,,,,,,,,,,barrier_free_facility_list,京都府内のバリアフリー施設一覧,https://www.pref.kyoto.jp/f-machi/hitoyasa.html,2026-09,187,,
26,京都府,26344,宇治田原町,,宇治田原町総合文化センター,,,610-0261,大字岩山小字沼尻４６番地の１,,,http://www.town.ujitawara.kyoto.jp/summary/index04.html,yes,,,,,,,,no,,no,,,,,,,,,,,,,,,,,,barrier_free_facility_list,京都府内のバリアフリー施設一覧,https://www.pref.kyoto.jp/f-machi/hitoyasa.html,2026-09,188,,職員が受付で筆談に応じます。 視覚障害者誘導用のチャイムがあります。 外部との出入り口に点字ブロックがあります。 女性トイレ内にベビーキープがあります。  町の花にちなんで名付けられたホールは、コンサートをはじめ、演劇、講演会、映画などにご利用いただけ、またホール自主事業も開催しています。お茶の資料室は、日本緑茶発祥の地として、お茶の文化・歴史を紹介しています。また、本町で採取した化石を展示したコーナーもあります。是非一度お立ち寄りいただき、ご覧ください。
26,京都府,26364,笠置町,,笠置町産業振興会館,,,619-1303,大字笠置小字佃４６番地,,,,yes,no,,,,,,,no,,no,,,,,,,,,,,,,,,,,,barrier_free_facility_list,京都府内のバリアフリー施設一覧,https://www.pref.kyoto.jp/f-machi/hitoyasa.html,2026-09,189,,職員が受付で筆談に応じます。
26,京都府,26364,笠置町,,わかさぎ温泉笠置いこいの館,,,619-1303,大字笠置小字隅田24,,,http://kasagi-ikoi.com/,yes,,,,,,,,no,,yes,,,,,,,,,,,,,,,,,,barrier_free_facility_list,京都府内のバリアフリー施設一覧,https://www.pref.kyoto.jp/f-machi/hitoyasa.html,2026-09,190,,
26,京都府,26364,笠置町,,笠置町役場第２庁舎,,,619-1303,笠置西通90-1,,,http://www.town.kasagi.lg.jp/chizu/kasagicho/marker2,yes,,,,,,,,no,,no,,,,,,,,,,,,,,,,,,barrier_free_facility_list,京都府内のバリアフリー施設一覧,https://www.pref.kyoto.jp/f-machi/hitoyasa.html,2026-09,191,,町内の方のみ車いす貸出可
26,京都府,26364,笠置町,,笠置会館,,,619-1301,有市羽根田４２,,,,no,,,,,,,,unknown,,unknown,,,,,,,,,,,,,,,,,,barrier_free_facility_list,京都府内のバリアフリー施設一覧,https://www.pref.kyoto.jp/f-machi/hitoyasa.html,2026-09,192,,
26,京都府,26206,亀岡市,,亀岡市立人権福祉センター,,,621-0033,薭田野町佐伯琴敷78-1,,,,,,,,,,,,,,,,,,,,,,,,,,,,,,,,barrier_free_facility_list,京都府内のバリアフリー施設一覧,https://www.pref.kyoto.jp/f-machi/hitoyasa.html,2026-09,193,,
26,京都府,26206,亀岡市,,亀岡市立東部文化センター,,,621-0822,篠町野条イカノ辻南76番地,,,,,,,,,,,,,,,,,,,,,,,,,,,,,,,,barrier_free_facility_list,京都府内のバリアフリー施設一覧,https://www.pref.kyoto.jp/f-machi/hitoyasa.html,2026-09,194,,
26,京都府,26206,亀岡市,,フレッシュバザール亀岡千代川店,,,621-0047,千代川町明晴1-2-4,,,,,,,,,,,,,,,,,,,,,,,,,,,,,,,,barrier_free_facility_list,京都府内のバリアフリー施設一覧,https://www.pref.kyoto.jp/f-machi/hitoyasa.html,2026-09,195,,
26,京都府,26206,亀岡市,,株式会社マツモト　亀岡東店　(スーパーマツモト　亀岡東店),,,621-0832,東つつじが丘都台3丁目23番1,,,,,yes,1,1,,,yes,no,yes,no,yes,yes,,,button,none,yes,yes,yes,no,no,yes,yes,no,no,no,yes,no,barrier_free_facility_list,京都府内のバリアフリー施設一覧,https://www.pref.kyoto.jp/f-machi/hitoyasa.html,2026-09,196,,
26,京都府,26206,亀岡市,,花ノ木医療福祉センター,,,621-0018,大井町小金岐北浦37番地の1,,,http://kyoto-hananoki.jp,yes,yes,"1,2,3",3,,,yes,yes,yes,no,yes,yes,,,sensor,button,yes,yes,yes,no,no,yes,yes,no,no,no,yes,no,barrier_free_facility_list,京都府内のバリアフリー施設一覧,https://www.pref.kyoto.jp/f-machi/hitoyasa.html,2026-09,197,,
26,京都府,26206,亀岡市,,しゅはら鍼灸整骨院,,,621-0043,千代川町小林西芝92-11,,,https://www.niconico-smile.com/,no,no,,,,,,,,,,,,,,,,yes,,,yes,,,no,,,,,barrier_free_facility_list,京都府内のバリアフリー施設一覧,https://www.pref.kyoto.jp/f-machi/hitoyasa.html,2026-09,198,,
26,京都府,26206,亀岡市,,メガネの三城　亀岡店,,,621-0835,篠町浄法寺松岡27番地,,,https://www.paris-miki.co.jp/store/6029.html,,no,1,,1,1,no,no,no,no,no,no,,,other,none,yes,yes,yes,no,no,no,no,no,no,no,no,no,barrier_free_facility_list,京都府内のバリアフリー施設一覧,https://www.pref.kyoto.jp/f-machi/hitoyasa.html,2026-09,199,,
26,京都府,26206,亀岡市,,イオン亀岡店,,,621-0815,古世町西内坪101番地,,,,,yes,1,1,,,yes,no,no,no,yes,yes,,,sensor,button,no,yes,yes,no,no,yes,yes,no,no,yes,yes,no,barrier_free_facility_list,京都府内のバリアフリー施設一覧,https://www.pref.kyoto.jp/f-machi/hitoyasa.html,2026-09,200,,
26,京都府,26206,亀岡市,,なごみの里　あさひ,,,621-0001,旭町仲田105,,,,,yes,1,1,,,yes,no,no,no,no,yes,,,sensor,button,no,yes,yes,no,no,no,no,no,no,no,no,no,barrier_free_facility_list,京都府内のバリアフリー施設一覧,https://www.pref.kyoto.jp/f-machi/hitoyasa.html,2026-09,201,,
26,京都府,26206,亀岡市,,ふるさと産品直売所　矢田の里,,,621-0854,下矢田町君塚16,,,,,no,,,,,,,,,,,,,,,no,yes,yes,no,no,no,no,yes,no,no,no,no,barrier_free_facility_list,京都府内のバリアフリー施設一覧,https://www.pref.kyoto.jp/f-machi/hitoyasa.html,2026-09,202,,
26,京都府,26206,亀岡市,,JR　千代川駅,,,621-0051,千代川町今津1丁目116番地5,,,http://www.jr-odekake.net/eki/top.php?id=0630704,no,no,,,,,,,unknown,,unknown,,,,,,,,,,,,,,,,,,barrier_free_facility_list,京都府内のバリアフリー施設一覧,https://www.pref.kyoto.jp/f-machi/hitoyasa.html,2026-09,203,,詳しくは上記ホームページをご参照ください。
26,京都府,26206,亀岡市,,JR　並河駅,,,621-0012,大井町土田2丁目57番地6,,,http://www.jr-odekake.net/eki/top.php?id=0630703,no,no,,,,,,,unknown,,unknown,,,,,,,,,,,,,,,,,,barrier_free_facility_list,京都府内のバリアフリー施設一覧,https://www.pref.kyoto.jp/f-machi/hitoyasa.html,2026-09,204,,詳しくは上記ホームページをご参照ください。
26,京都府,26206,亀岡市,,JR　亀岡駅,,,621-0804,追分町谷筋1番地1,,,http://www.jr-odekake.net/eki/top.php?id=0630702,no,no,,,,,,,unknown,,unknown,,,,,,,,,,,,,,,,,,barrier_free_facility_list,京都府内のバリアフリー施設一覧,https://www.pref.kyoto.jp/f-machi/hitoyasa.html,2026-09,205,,詳しくは上記ホームページをご参照ください。
26,京都府,26206,亀岡市,,JR 馬堀駅,,,621-0823,篠町馬堀六ノ坪29番地5,,,http://www.jr-odekake.net/eki/top.php?id=0630701,no,no,,,,,,,unknown,,unknown,,,,,,,,,,,,,,,,,,barrier_free_facility_list,京都府内のバリアフリー施設一覧,https://www.pref.kyoto.jp/f-machi/hitoyasa.html,2026-09,206,,詳しくは上記ホームページをご参照ください。
26,京都府,26206,亀岡市,,JR 保津峡駅,,,621-0005,保津町保津山3番地1434,,,http://www.jr-odekake.net/eki/top.php?id=0610705,no,no,,,,,,,unknown,,unknown,,,,,,,,,,,,,,,,,,barrier_free_facility_list,京都府内のバリアフリー施設一覧,https://www.pref.kyoto.jp/f-machi/hitoyasa.html,2026-09,207,,詳しくは上記ホームページをご参照ください。
26,京都府,26206,亀岡市,,ビジョンメガネ　亀岡店,,,621-0851,荒塚町1丁目13番2号,,,http://www.vision-megane.co.jp/,no,no,,,,,,no,no,no,no,no,,,,,,,,,,,,,no,no,no,no,barrier_free_facility_list,京都府内のバリアフリー施設一覧,https://www.pref.kyoto.jp/f-machi/hitoyasa.html,2026-09,208,,ＣＬ取り扱い有り
26,京都府,26206,亀岡市,,かしのき・ベーカリー＆カフェ　ぱすてる,,,621-0018,大井町小金岐北浦16番地,,,http://syokaen.jp/,yes,yes,1,1,,,no,no,no,no,no,no,,,lever,button,yes,yes,yes,no,no,no,no,yes,no,no,no,no,barrier_free_facility_list,京都府内のバリアフリー施設一覧,https://www.pref.kyoto.jp/f-machi/hitoyasa.html,2026-09,209,,喫茶、ベーカリー＆カフェぱすてる　その他事前にご相談ください。
26,京都府,26206,亀岡市,,亀岡運動公園競技場,,,621-0029,曽我部町穴太土淵33-1,,,,yes,yes,,,1,1,no,no,yes,no,no,no,,,lever,pull_cord,no,yes,yes,no,no,no,no,yes,no,no,yes,no,barrier_free_facility_list,京都府内のバリアフリー施設一覧,https://www.pref.kyoto.jp/f-machi/hitoyasa.html,2026-09,210,,
26,京都府,26206,亀岡市,,亀岡運動公園グリーンハウス（管理棟・プール）,,,621-0015,吉川町吉田上河原２４,,,,yes,yes,1,,1,1,no,no,yes,no,no,no,,,lever,pull_cord,yes,no,yes,no,no,no,no,yes,no,no,yes,no,barrier_free_facility_list,京都府内のバリアフリー施設一覧,https://www.pref.kyoto.jp/f-machi/hitoyasa.html,2026-09,211,,
26,京都府,26206,亀岡市,,亀岡運動公園体育館,,,621-0029,曽我部町穴太土渕３３－１,,,http://www.city.kameoka.kyoto.jp/,yes,yes,1,,1,1,no,no,yes,no,no,no,,,lever,pull_cord,yes,yes,yes,no,no,no,no,yes,no,no,yes,yes,barrier_free_facility_list,京都府内のバリアフリー施設一覧,https://www.pref.kyoto.jp/f-machi/hitoyasa.html,2026-09,212,,
26,京都府,26206,亀岡市,,介護老人保健施設　陽生苑,,,621-0826,篠町篠洗川４７番地１,,,http://youseien.sakura.ne.jp/,yes,yes,1～３,0,0,0,yes,no,no,no,no,no,,,sensor,button,no,yes,yes,no,no,no,no,no,no,no,no,no,barrier_free_facility_list,京都府内のバリアフリー施設一覧,https://www.pref.kyoto.jp/f-machi/hitoyasa.html,2026-09,213,,
26,京都府,26206,亀岡市,,特別養護老人ホーム　亀岡園,,,621-0007,河原林町河原尻上砂股100,,,http://www.rishoukai.com/,yes,yes,全,,,,yes,no,yes,no,no,no,,,button,button,no,yes,yes,no,no,no,no,no,yes,yes,yes,yes,barrier_free_facility_list,京都府内のバリアフリー施設一覧,https://www.pref.kyoto.jp/f-machi/hitoyasa.html,2026-09,214,,
26,京都府,26206,亀岡市,,特別養護老人ホーム　第二亀岡園,,,621-0035,薭田野町奥条古畑2番地,,,http://www.rishoukai.com/,yes,yes,3・2・1,16,0,0,yes,no,no,no,no,no,,,lever,button,yes,yes,yes,no,no,no,no,no,no,no,no,no,barrier_free_facility_list,京都府内のバリアフリー施設一覧,https://www.pref.kyoto.jp/f-machi/hitoyasa.html,2026-09,215,,
26,京都府,26206,亀岡市,,亀岡簡易裁判所,,,621-0805,安町野々神３１－１０,,,https://www.courts.go.jp/kyoto/about_tiho/syozai/index.html,yes,yes,,,,,,,yes,,no,,,,,,,,,,,no,no,,,no,,,barrier_free_facility_list,京都府内のバリアフリー施設一覧,https://www.pref.kyoto.jp/f-machi/hitoyasa.html,2026-09,216,,
26,京都府,26206,亀岡市,,亀岡市総合福祉センター,,,621-0864,内丸町45−1,,,http://k-fukusi-j.or.jp,yes,no,1，2,3,,,yes,no,yes,no,no,no,,,sensor,button,yes,yes,yes,no,no,no,no,no,no,yes,yes,no,barrier_free_facility_list,京都府内のバリアフリー施設一覧,https://www.pref.kyoto.jp/f-machi/hitoyasa.html,2026-09,217,,3階調理実習室：車いす使用者用上下可動式調理実習台1台あり
26,京都府,26206,亀岡市,,亀岡市保健センター,,,621-0805,安町釜ケ前８２番地,,,,yes,yes,1，2,2,0,0,yes,no,yes,no,yes,yes,,,other,button,yes,yes,yes,no,no,no,yes,no,no,yes,yes,no,barrier_free_facility_list,京都府内のバリアフリー施設一覧,https://www.pref.kyoto.jp/f-machi/hitoyasa.html,2026-09,218,,
26,京都府,26206,亀岡市,,京都府農林水産技術センター（農林センター）,,,621-0806,余部和久成９,,,http://www.pref.kyoto.jp/nougijyutsu/,no,no,,,,,,,no,,no,,,,,,no,yes,yes,no,no,no,no,yes,no,no,no,no,barrier_free_facility_list,京都府内のバリアフリー施設一覧,https://www.pref.kyoto.jp/f-machi/hitoyasa.html,2026-09,219,,
26,京都府,26206,亀岡市,,京都トヨタ自動車（株）亀岡店,,,621-0011,大井町土田3丁目154,,,http://kyoto.toyota-dealers.jp/,yes,yes,1,1,,,yes,no,no,no,no,no,,,button,button,yes,yes,yes,no,no,no,yes,no,no,no,yes,yes,barrier_free_facility_list,京都府内のバリアフリー施設一覧,https://www.pref.kyoto.jp/f-machi/hitoyasa.html,2026-09,220,,
26,京都府,26206,亀岡市,,亀岡市立図書館ガレリア分館,,,621-0806,余部町宝久保1-1（ガレリアかめおか内）,,,https://www.city.kameoka.kyoto.jp/site/library/,yes,yes,1,1,,,yes,no,no,no,yes,no,,,button,button,no,no,no,no,no,no,no,no,no,no,yes,no,barrier_free_facility_list,京都府内のバリアフリー施設一覧,https://www.pref.kyoto.jp/f-machi/hitoyasa.html,2026-09,221,,ガレリア分館内には設置されていないが、ガレリアかめおか内に 授乳スペース及びキッズルーム、貸出用車いす、Wi-Fi、点字による案内版は設置されている。  子供専用のトイレが設置されている。
26,京都府,26206,亀岡市,,亀岡市立図書館中央館,,,621-0864,内丸町26,,,https://www.city.kameoka.kyoto.jp/site/library/,yes,yes,1.2.3,3,,,yes,no,yes,no,yes,yes,,,button,pull_cord,yes,yes,yes,no,no,no,no,yes,no,yes,yes,no,barrier_free_facility_list,京都府内のバリアフリー施設一覧,https://www.pref.kyoto.jp/f-machi/hitoyasa.html,2026-09,222,,オスメイト設備は3階に設置あり
26,京都府,26206,亀岡市,,道の駅　ガレリアかめおか,,,621-0806,余部町宝久保１−１,,,http://www.galleria.or.jp,yes,yes,"1,2,3",9,2,2,yes,yes,yes,no,yes,no,,,button,button,no,yes,yes,yes,yes,yes,yes,no,no,yes,yes,yes,barrier_free_facility_list,京都府内のバリアフリー施設一覧,https://www.pref.kyoto.jp/f-machi/hitoyasa.html,2026-09,223,,身障者用エレベーターという表示はありませんが、車いすで入ったまま方向転換ができるエレベーターが建物中にありますので、ガレリアかめおか職員にお声かけください。
26,京都府,26206,亀岡市,,京都府立亀岡高等学校,,,621-0812,横町２３,,,http://www.kyoto-be.ne.jp/kameoka-hs/,yes,yes,1,1,,,no,no,no,no,no,no,,,button,button,yes,yes,yes,no,no,no,no,,no,no,no,no,barrier_free_facility_list,京都府内のバリアフリー施設一覧,https://www.pref.kyoto.jp/f-machi/hitoyasa.html,2026-09,224,,
26,京都府,26206,亀岡市,,京都府亀岡総合庁舎,,,621-0851,荒塚町１－４－１,,,http://www.pref.kyoto.jp/nantan/index.html,yes,yes,1,1,,,yes,no,yes,no,yes,yes,,,button,button,no,yes,yes,no,no,no,no,no,no,yes,yes,yes,barrier_free_facility_list,京都府内のバリアフリー施設一覧,https://www.pref.kyoto.jp/f-machi/hitoyasa.html,2026-09,225,,
26,京都府,26206,亀岡市,,亀岡市立学校給食センター,,,621-0054,千代川町川関森ヶ下７９－１,,,,no,,,,,,,,no,,no,,,,,,,,,,,,,,,,,,barrier_free_facility_list,京都府内のバリアフリー施設一覧,https://www.pref.kyoto.jp/f-machi/hitoyasa.html,2026-09,226,,
26,京都府,26206,亀岡市,,高齢者あんしんサポートハウス亀岡友愛園,,,621-0251,本梅町平松原谷24-2,,,http://www.yuaien.or.jp,yes,yes,1,1,,,yes,no,no,no,no,no,,,lever,button,yes,yes,yes,no,no,no,no,no,no,no,no,no,barrier_free_facility_list,京都府内のバリアフリー施設一覧,https://www.pref.kyoto.jp/f-machi/hitoyasa.html,2026-09,227,,
26,京都府,26206,亀岡市,,社会福祉法人　友愛会　特別養護老人ホーム亀岡友愛園,,,621-0251,本梅町平松ナベ倉12,,,http://yuaien.or.jp/,yes,yes,,,,,,,yes,,no,,,,,,,,,,,,,no,no,no,no,no,barrier_free_facility_list,京都府内のバリアフリー施設一覧,https://www.pref.kyoto.jp/f-machi/hitoyasa.html,2026-09,228,,
26,京都府,26206,亀岡市,,医療法人亀岡病院　介護医療院はたごまち,,,621-0866,旅籠町29,,,http://www.kameokahp.com/index.html,yes,yes,1　　1階男女共有1個,0,,,yes,,yes,,no,,,,sensor,button,yes,yes,yes,,,,,yes,no,no,no,no,barrier_free_facility_list,京都府内のバリアフリー施設一覧,https://www.pref.kyoto.jp/f-machi/hitoyasa.html,2026-09,229,,
26,京都府,26206,亀岡市,,里山の休日　京都・烟河,,,621-0251,本梅町平松泥ヶ渕１の１,,,http://www.oyadonet.com/keburikawa/,no,,,,,,,,unknown,,no,,,,,,,,,,,,,,,,,,barrier_free_facility_list,京都府内のバリアフリー施設一覧,https://www.pref.kyoto.jp/f-machi/hitoyasa.html,2026-09,230,,
26,京都府,26206,亀岡市,,亀岡旅籠郵便局,,,621-0866,旅籠町22-5,,,http://www.post.japanpost.jp/,no,no,,,,,,,no,,no,,,,,,,,,,,,,no,no,no,no,no,barrier_free_facility_list,京都府内のバリアフリー施設一覧,https://www.pref.kyoto.jp/f-machi/hitoyasa.html,2026-09,231,,
26,京都府,26206,亀岡市,,亀岡西別院郵便局,,,621-0124,西別院町柚原北谷10番地,,,,no,,,,,,,,unknown,,no,,,,,,,,,,,,,,,,,,barrier_free_facility_list,京都府内のバリアフリー施設一覧,https://www.pref.kyoto.jp/f-machi/hitoyasa.html,2026-09,232,,
26,京都府,26206,亀岡市,,介護老人保健施設こもれび,,,621-0046,千代川町北ノ庄向条24番地,,,http://www.osawa-komorebi.com,no,,,,,,,,no,,no,,,,,,,,,,,,,,,,,,barrier_free_facility_list,京都府内のバリアフリー施設一覧,https://www.pref.kyoto.jp/f-machi/hitoyasa.html,2026-09,233,,
26,京都府,26206,亀岡市,,京都銀行東亀岡支店,,,621-0835,篠町浄法寺中村１６－１,,,http://www.kyotobank.co.jp/,no,,,,,,,,no,,no,,,,,,,,,,,,,,,,,,barrier_free_facility_list,京都府内のバリアフリー施設一覧,https://www.pref.kyoto.jp/f-machi/hitoyasa.html,2026-09,234,,ATMは全台、視覚障がい者が音声ガイダンスに従ってご利用できるものとなっています。
26,京都府,26206,亀岡市,,京都銀行千代川支店,,,621-0041,千代川町小川２－５－４,,,http://www.kyotobank.co.jp/,no,,,,,,,,no,,no,,,,,,,,,,,,,,,,,,barrier_free_facility_list,京都府内のバリアフリー施設一覧,https://www.pref.kyoto.jp/f-machi/hitoyasa.html,2026-09,235,,ATMは全台、視覚障がい者が音声ガイダンスに従ってご利用できるものとなっています。
26,京都府,26206,亀岡市,,ファミリーマート　亀岡下矢田店,,,621-0854,下矢田大末2番地10,,,,yes,,,,,,,,no,,unknown,,,,,,,,,,,,,,,,,,barrier_free_facility_list,京都府内のバリアフリー施設一覧,https://www.pref.kyoto.jp/f-machi/hitoyasa.html,2026-09,236,,
26,京都府,26206,亀岡市,,ファミリーマート　亀岡篠町店,,,621-0823,篠町馬堀広道13-1,,,,no,,,,,,,,no,,unknown,,,,,,,,,,,,,,,,,,barrier_free_facility_list,京都府内のバリアフリー施設一覧,https://www.pref.kyoto.jp/f-machi/hitoyasa.html,2026-09,237,,
26,京都府,26206,亀岡市,,ファミリーマート　亀岡本梅町店,,,621-0252,本梅町中野大向8番4,,,,yes,,,,,,,,no,,unknown,,,,,,,,,,,,,,,,,,barrier_free_facility_list,京都府内のバリアフリー施設一覧,https://www.pref.kyoto.jp/f-machi/hitoyasa.html,2026-09,238,,
26,京都府,26206,亀岡市,,洛王セレモニー亀岡,,,621-0804,追分町八の坪５番地,,,,no,,,,,,,,unknown,,unknown,,,,,,,,,,,,,,,,,,barrier_free_facility_list,京都府内のバリアフリー施設一覧,https://www.pref.kyoto.jp/f-machi/hitoyasa.html,2026-09,239,,
26,京都府,26206,亀岡市,,高齢者あんしんサポートハウス　りしょう,,,621-0007,河原林町河原尻中垣内３９－１,,,,no,,,,,,,,unknown,,unknown,,,,,,,,,,,,,,,,,,barrier_free_facility_list,京都府内のバリアフリー施設一覧,https://www.pref.kyoto.jp/f-machi/hitoyasa.html,2026-09,240,,
26,京都府,26206,亀岡市,,ユニクロ　亀岡店,,,621-0822,篠町野条下川３１,,,http://www.uniqlo.com/jp/,no,,,,,,,,no,,no,,,,,,,,,,,,,,,,,,barrier_free_facility_list,京都府内のバリアフリー施設一覧,https://www.pref.kyoto.jp/f-machi/hitoyasa.html,2026-09,241,,
26,京都府,26206,亀岡市,,和らぎの道,,,621-0002,千歳町七谷川野外活動センター付近,,,,no,,,,,,,,no,,no,,,,,,,,,,,,,,,,,,barrier_free_facility_list,京都府内のバリアフリー施設一覧,https://www.pref.kyoto.jp/f-machi/hitoyasa.html,2026-09,242,,
26,京都府,26206,亀岡市,,亀岡市文化資料館,,,621-0815,古世町中内坪1,,,,yes,,,,,,,,yes,,yes,,,,,,,,,,,,,,,,,,barrier_free_facility_list,京都府内のバリアフリー施設一覧,https://www.pref.kyoto.jp/f-machi/hitoyasa.html,2026-09,243,,AED設置  展示室は1階のみです
26,京都府,26206,亀岡市,,水鳥のみち,,,621-0001,旭町福田,,,,no,,,,,,,,no,,no,,,,,,,,,,,,,,,,,,barrier_free_facility_list,京都府内のバリアフリー施設一覧,https://www.pref.kyoto.jp/f-machi/hitoyasa.html,2026-09,244,,
26,京都府,26206,亀岡市,,さくら公園,,,621-0003,千歳町国分後田１－１,,,http://city.kameoka.kyoto.jp/,yes,,,,,,,,no,,no,,,,,,,,,,,,,,,,,,barrier_free_facility_list,京都府内のバリアフリー施設一覧,https://www.pref.kyoto.jp/f-machi/hitoyasa.html,2026-09,245,,
26,京都府,26206,亀岡市,,亀岡市交流会館,,,621-0242,宮前町神前長野１５,,,,yes,,,,,,,,yes,,no,,,,,,,,,,,,,,,,,,barrier_free_facility_list,京都府内のバリアフリー施設一覧,https://www.pref.kyoto.jp/f-machi/hitoyasa.html,2026-09,246,,職員が受付で筆談に応じます。
26,京都府,26206,亀岡市,,餃子の王将　亀岡店,,,621-0011,大井町土田１－５４－１,,,,yes,,,,,,,,no,,yes,,,,,,,,,,,,,,,,,,barrier_free_facility_list,京都府内のバリアフリー施設一覧,https://www.pref.kyoto.jp/f-machi/hitoyasa.html,2026-09,247,,
26,京都府,26206,亀岡市,,亀岡市立病院,,,621-8585,篠町篠野田１番地１,,,http://www.city.kameoka.kyoto.jp/hospital/,yes,,,,,,,,yes,,yes,,,,,,,,,,,,,,,,,,barrier_free_facility_list,京都府内のバリアフリー施設一覧,https://www.pref.kyoto.jp/f-machi/hitoyasa.html,2026-09,248,,
26,京都府,26206,亀岡市,,エディオン亀岡店,,,621-0013,大井町並河2丁目758,,,http://my.edion.jp/pc/brand/shop/midori.php,yes,,,,,,,,yes,,yes,,,,,,,,,,,,,,,,,,barrier_free_facility_list,京都府内のバリアフリー施設一覧,https://www.pref.kyoto.jp/f-machi/hitoyasa.html,2026-09,249,,車イス貸し出しについては、テナントにございます。
26,京都府,26206,亀岡市,,来来亭　亀岡店,,,621-0011,大井町土田１丁目３５６－１１,,,,no,,,,,,,,unknown,,unknown,,,,,,,,,,,,,,,,,,barrier_free_facility_list,京都府内のバリアフリー施設一覧,https://www.pref.kyoto.jp/f-machi/hitoyasa.html,2026-09,250,,
26,京都府,26206,亀岡市,,株式会社セレマ大井シティーホール,,,621-0011,大井町土田１－２０４－１,,,,yes,,,,,,,,no,,yes,,,,,,,,,,,,,,,,,,barrier_free_facility_list,京都府内のバリアフリー施設一覧,https://www.pref.kyoto.jp/f-machi/hitoyasa.html,2026-09,251,,
26,京都府,26206,亀岡市,,株式会社セレマ亀岡シティーホール,,,621-0806,余部町清水町７１,,,,yes,,,,,,,,no,,no,,,,,,,,,,,,,,,,,,barrier_free_facility_list,京都府内のバリアフリー施設一覧,https://www.pref.kyoto.jp/f-machi/hitoyasa.html,2026-09,252,,
26,京都府,26206,亀岡市,,たわわ朝霧,,,621-0822,篠町野条上又１９－１,,,,no,,,,,,,,unknown,,unknown,,,,,,,,,,,,,,,,,,barrier_free_facility_list,京都府内のバリアフリー施設一覧,https://www.pref.kyoto.jp/f-machi/hitoyasa.html,2026-09,253,,
26,京都府,26206,亀岡市,,ドラッグユタカ千代川店,,,621-0041,千代川町小川１丁目２番地６,,,http://www.d-yutaka.co.jp/,yes,,,,,,,,no,,yes,,,,,,,,,,,,,,,,,,barrier_free_facility_list,京都府内のバリアフリー施設一覧,https://www.pref.kyoto.jp/f-machi/hitoyasa.html,2026-09,254,,
26,京都府,26206,亀岡市,,ドラッグユタカ亀岡中央店,,,621-0815,古世町２丁目１３５番地,,,http://www.d-yutaka.co.jp/,yes,,,,,,,,no,,yes,,,,,,,,,,,,,,,,,,barrier_free_facility_list,京都府内のバリアフリー施設一覧,https://www.pref.kyoto.jp/f-machi/hitoyasa.html,2026-09,255,,
26,京都府,26206,亀岡市,,亀岡市営火葬場,,,621-0854,下矢田町五反田３４－１,,,,no,,,,,,,,no,,no,,,,,,,,,,,,,,,,,,barrier_free_facility_list,京都府内のバリアフリー施設一覧,https://www.pref.kyoto.jp/f-machi/hitoyasa.html,2026-09,256,,
26,京都府,26206,亀岡市,,カトリック丹波教会亀岡聖堂,,,621-0805,安町小屋場５３,,,,yes,,,,,,,,no,,no,,,,,,,,,,,,,,,,,,barrier_free_facility_list,京都府内のバリアフリー施設一覧,https://www.pref.kyoto.jp/f-machi/hitoyasa.html,2026-09,257,,
26,京都府,26206,亀岡市,,亀岡郵便局,,,621-0804,追分町谷筋２５－１７,,,http://map.japanpost.jp/pc/syousai.php?id=300144177000,no,,,,,,,,unknown,,unknown,,,,,,,,,,,,,,,,,,barrier_free_facility_list,京都府内のバリアフリー施設一覧,https://www.pref.kyoto.jp/f-machi/hitoyasa.html,2026-09,258,,
26,京都府,26206,亀岡市,,エコトピア亀岡,,,621-0104,東別院町大野法華１番地,,,http://www.city.kameoka.kyoto.jp,yes,yes,1,1,,,no,no,no,no,no,no,,,button,button,yes,yes,yes,no,no,no,no,no,no,no,no,no,barrier_free_facility_list,京都府内のバリアフリー施設一覧,https://www.pref.kyoto.jp/f-machi/hitoyasa.html,2026-09,259,,
26,京都府,26206,亀岡市,,スーパーマツモトうまほり店,,,621-0823,篠町馬堀伊賀ノ辻８－２,,,,yes,,,,,,,,no,,yes,,,,,,,,,,,,,,,,,,barrier_free_facility_list,京都府内のバリアフリー施設一覧,https://www.pref.kyoto.jp/f-machi/hitoyasa.html,2026-09,260,,
26,京都府,26206,亀岡市,,スーパーマツモト中央店,,,621-0817,西竪町６１－１,,,,yes,,,,,,,,no,,yes,,,,,,,,,,,,,,,,,,barrier_free_facility_list,京都府内のバリアフリー施設一覧,https://www.pref.kyoto.jp/f-machi/hitoyasa.html,2026-09,261,,
26,京都府,26206,亀岡市,,スーパーマツモト荒塚店,,,621-0851,荒塚町鍛冶ヶ嶋6,,,http://www.super-matsumoto.co.jp/,yes,,,,,,,,no,,yes,,,,,,,,,,,,,,,,,,barrier_free_facility_list,京都府内のバリアフリー施設一覧,https://www.pref.kyoto.jp/f-machi/hitoyasa.html,2026-09,262,,
26,京都府,26206,亀岡市,,スーパーマツモト大井店,,,621-0011,大井町土田２－１５－８,,,,yes,,,,,,,,no,,yes,,,,,,,,,,,,,,,,,,barrier_free_facility_list,京都府内のバリアフリー施設一覧,https://www.pref.kyoto.jp/f-machi/hitoyasa.html,2026-09,263,,
26,京都府,26206,亀岡市,,スーパーマツモト千代川店,,,621-0041,千代川町小川2-114-1,,,http://www.super-matsumoto.co.jp/,yes,,,,,,,,no,,yes,,,,,,,,,,,,,,,,,,barrier_free_facility_list,京都府内のバリアフリー施設一覧,https://www.pref.kyoto.jp/f-machi/hitoyasa.html,2026-09,264,,
26,京都府,26206,亀岡市,,京都府亀岡警察署,,,621-0805,安町大池８番地,,,http://www.pref.kyoto.jp/fukei/,yes,yes,1,1,,,yes,no,yes,no,yes,no,,,button,button,no,yes,yes,no,no,no,no,yes,no,no,yes,no,barrier_free_facility_list,京都府内のバリアフリー施設一覧,https://www.pref.kyoto.jp/f-machi/hitoyasa.html,2026-09,265,,
26,京都府,26206,亀岡市,,フレッシュバザール亀岡店,,,621-0013,大井町並河板井６７,,,http://www.sato-kyoto.com/,yes,,,,,,,,no,,yes,,,,,,,,,,,,,,,,,,barrier_free_facility_list,京都府内のバリアフリー施設一覧,https://www.pref.kyoto.jp/f-machi/hitoyasa.html,2026-09,266,,
26,京都府,26206,亀岡市,,亀岡市農業公園,,,621-0007,河原林町河原尻(水町),,,,yes,,,,,,,,no,,no,,,,,,,,,,,,,,,,,,barrier_free_facility_list,京都府内のバリアフリー施設一覧,https://www.pref.kyoto.jp/f-machi/hitoyasa.html,2026-09,267,,
26,京都府,26206,亀岡市,,亀岡市役所　本庁舎,,,621-8501,安町野々神8,,,,yes,,,,,,,,yes,,yes,,,,,,,,,,,,,,,,,,barrier_free_facility_list,京都府内のバリアフリー施設一覧,https://www.pref.kyoto.jp/f-machi/hitoyasa.html,2026-09,268,,
26,京都府,26206,亀岡市,,ドコモショップ亀岡店,,,621-0851,荒塚町２丁目４－１６,,,,yes,,,,,,,,no,,yes,,,,,,,,,,,,,,,,,,barrier_free_facility_list,京都府内のバリアフリー施設一覧,https://www.pref.kyoto.jp/f-machi/hitoyasa.html,2026-09,269,,
26,京都府,26206,亀岡市,,東別院郵便局,,,621-0103,東別院町東掛室１－３,,,,no,,,,,,,,unknown,,unknown,,,,,,,,,,,,,,,,,,barrier_free_facility_list,京都府内のバリアフリー施設一覧,https://www.pref.kyoto.jp/f-machi/hitoyasa.html,2026-09,270,,
26,京都府,26206,亀岡市,,フレスコ亀岡店,,,621-0835,篠町浄法寺中村４５－１,,,,no,,,,,,,,unknown,,unknown,,,,,,,,,,,,,,,,,,barrier_free_facility_list,京都府内のバリアフリー施設一覧,https://www.pref.kyoto.jp/f-machi/hitoyasa.html,2026-09,271,,
26,京都府,26206,亀岡市,,京都北都信用金庫馬堀支店,,,621-0828,篠町馬堀駅前２丁目２－１２,,,,no,,,,,,,,unknown,,unknown,,,,,,,,,,,,,,,,,,barrier_free_facility_list,京都府内のバリアフリー施設一覧,https://www.pref.kyoto.jp/f-machi/hitoyasa.html,2026-09,272,,
26,京都府,26206,亀岡市,,府立丹波支援学校亀岡分校,,,621-0045,千代川町湯井巽筋３８,,,,no,,,,,,,,unknown,,unknown,,,,,,,,,,,,,,,,,,barrier_free_facility_list,京都府内のバリアフリー施設一覧,https://www.pref.kyoto.jp/f-machi/hitoyasa.html,2026-09,273,,
26,京都府,26206,亀岡市,,府立南丹高等学校,,,621-0008,馬路町中島１,,,,no,,,,,,,,unknown,,unknown,,,,,,,,,,,,,,,,,,barrier_free_facility_list,京都府内のバリアフリー施設一覧,https://www.pref.kyoto.jp/f-machi/hitoyasa.html,2026-09,274,,
26,京都府,26206,亀岡市,,亀岡南つつじケ丘郵便局,,,621-0846,南つつじケ丘大葉台２－４４－８,,,http://map.japanpost.jp/pc/syousai.php?id=300144460000,yes,,,,,,,,no,,no,,,,,,,,,,,,,,,,,,barrier_free_facility_list,京都府内のバリアフリー施設一覧,https://www.pref.kyoto.jp/f-machi/hitoyasa.html,2026-09,275,,
26,京都府,26206,亀岡市,,亀岡市桜塚クリーンセンター,,,621-0101,東別院町小泉桜塚６－６,,,,yes,,,,,,,,no,,no,,,,,,,,,,,,,,,,,,barrier_free_facility_list,京都府内のバリアフリー施設一覧,https://www.pref.kyoto.jp/f-machi/hitoyasa.html,2026-09,276,,
26,京都府,26206,亀岡市,,亀岡市農業協同組合西部支店,,,621-0243,宮前町宮川口小谷１０,,,,yes,,,,,,,,no,,no,,,,,,,,,,,,,,,,,,barrier_free_facility_list,京都府内のバリアフリー施設一覧,https://www.pref.kyoto.jp/f-machi/hitoyasa.html,2026-09,277,,職員が受付で筆談に応じます。 ファックス送信サービス（有料）があります。
26,京都府,26206,亀岡市,,亀岡市休日急病診療所,,,621-0805,安町釜ケ前８２番地(亀岡市保健センター内に併設),,,,yes,,,,,,,,no,,yes,,,,,,,,,,,,,,,,,,barrier_free_facility_list,京都府内のバリアフリー施設一覧,https://www.pref.kyoto.jp/f-machi/hitoyasa.html,2026-09,278,,
26,京都府,26206,亀岡市,,マツヤデンキテックランド亀岡店,,,621-0814,三宅町1-81,,,http://www.matsuyadenki.jp/,yes,,,,,,,,no,,no,,,,,,,,,,,,,,,,,,barrier_free_facility_list,京都府内のバリアフリー施設一覧,https://www.pref.kyoto.jp/f-machi/hitoyasa.html,2026-09,279,,
26,京都府,26206,亀岡市,,亀岡市七谷川野外活動センター,,,621-0002,千歳町千歳南山４０,,,,no,,,,,,,,no,,no,,,,,,,,,,,,,,,,,,barrier_free_facility_list,京都府内のバリアフリー施設一覧,https://www.pref.kyoto.jp/f-machi/hitoyasa.html,2026-09,280,,
26,京都府,26206,亀岡市,,亀岡シミズ居宅介護支援事業所,,,621-0834,篠町広田1丁目32-1 （亀岡シミズ病院横）,,,http://www.shimizu-hospital.or.jp/kameoka/,yes,,,,,,,,no,,no,,,,,,,,,,,,,,,,,,barrier_free_facility_list,京都府内のバリアフリー施設一覧,https://www.pref.kyoto.jp/f-machi/hitoyasa.html,2026-09,281,,
26,京都府,26206,亀岡市,,亀岡市地域包括支援センター　シミズ,,,621-0834,篠町広田1丁目32-1 （亀岡シミズ病院横）,,,http://www.shimizu-hospital.or.jp/kameoka/,yes,,,,,,,,no,,no,,,,,,,,,,,,,,,,,,barrier_free_facility_list,京都府内のバリアフリー施設一覧,https://www.pref.kyoto.jp/f-machi/hitoyasa.html,2026-09,282,,
26,京都府,26206,亀岡市,,平和堂　アル・プラザ亀岡,,,621-0822,篠町野条上又11番地の1,,,http://www.heiwado.jp/index.htm,yes,,,,,,,,no,,yes,,,,,,,,,,,,,,,,,,barrier_free_facility_list,京都府内のバリアフリー施設一覧,https://www.pref.kyoto.jp/f-machi/hitoyasa.html,2026-09,283,,
26,京都府,26206,亀岡市,,ファミリーレストラン　COCO\'S（ココス）アルプラザ亀岡前店,,,621-0822,篠町野条イカノ辻南111-1,,,http://menu.cocos-jpn.co.jp/index.html,yes,,,,,,,,no,,yes,,,,,,,,,,,,,,,,,,barrier_free_facility_list,京都府内のバリアフリー施設一覧,https://www.pref.kyoto.jp/f-machi/hitoyasa.html,2026-09,284,,
26,京都府,26322,久御山町,,ドコモショップ　久御山店,,,613-0024,森大内127,,,,yes,yes,1,1,,,yes,no,no,no,yes,no,,,button,none,unknown,unknown,unknown,unknown,unknown,unknown,unknown,no,no,no,yes,yes,barrier_free_facility_list,京都府内のバリアフリー施設一覧,https://www.pref.kyoto.jp/f-machi/hitoyasa.html,2026-09,285,,
26,京都府,26322,久御山町,,久御山町総合体育館,,,613-0022,市田新珠城３１３番地,,,http://kumiyama-bunka-sports.jp/,yes,yes,1,,1,1,yes,yes,no,no,no,no,,,button,pull_cord,no,yes,yes,no,no,no,no,no,no,no,yes,no,barrier_free_facility_list,京都府内のバリアフリー施設一覧,https://www.pref.kyoto.jp/f-machi/hitoyasa.html,2026-09,286,,
26,京都府,26322,久御山町,,久御山町役場,,,613-8585,島田ミスノ38番地,,,http://www.town.kumiyama.lg.jp/,yes,yes,各階,6,,,yes,no,no,no,yes,no,,,button,button,yes,yes,yes,no,no,no,yes,no,no,no,yes,no,barrier_free_facility_list,京都府内のバリアフリー施設一覧,https://www.pref.kyoto.jp/f-machi/hitoyasa.html,2026-09,287,,多目的トイレは、１階男女共用２、２～５階男女共用各１
26,京都府,26322,久御山町,,コカ・コーラボトラーズジャパン工場見学施設,,,613-0036,田井新荒見128,,,http://www.ccwest.co.jp/planttour/kyoto/,yes,,,,,,,,unknown,,yes,,,,,,,,,,,,,,,,,,barrier_free_facility_list,京都府内のバリアフリー施設一覧,https://www.pref.kyoto.jp/f-machi/hitoyasa.html,2026-09,288,,
26,京都府,26322,久御山町,,久御山町ふれあい交流館　ゆうホール・町立図書館,,,613-0031,佐古外屋敷２３５番地,,,http://kumiyama-bunka-sports.jp/,yes,,,,,,,,no,,yes,,,,,,,,,,,,,,,,,,barrier_free_facility_list,京都府内のバリアフリー施設一覧,https://www.pref.kyoto.jp/f-machi/hitoyasa.html,2026-09,289,,おむつ換え用のベビーシートがあります。 男女トイレ内にベビーキープがあります。 職員が受付で筆談に応じます。 ファックス送信サービスあります（応相談）。 外部との出入り口に点字ブロックがあります。 コスモドームの天体望遠鏡は、車椅子のままでもご覧いただけます。
26,京都府,26322,久御山町,,京都銀行久御山町支店,,,613-0034,佐山双栗４９－１,,,http://www.kyotobank.co.jp/,no,,,,,,,,no,,no,,,,,,,,,,,,,,,,,,barrier_free_facility_list,京都府内のバリアフリー施設一覧,https://www.pref.kyoto.jp/f-machi/hitoyasa.html,2026-09,290,,ATMは全台、視覚障がい者が音声ガイダンスに従ってご利用できるものとなっています。
26,京都府,26322,久御山町,,ファミリーマート　久御山森店,,,613-0023,野村村東313番地の1,,,,no,,,,,,,,no,,unknown,,,,,,,,,,,,,,,,,,barrier_free_facility_list,京都府内のバリアフリー施設一覧,https://www.pref.kyoto.jp/f-machi/hitoyasa.html,2026-09,291,,
26,京都府,26322,久御山町,,ファミリーマート　久御山もみいけ店,,,613-0034,佐山籾池36番2,,,,yes,,,,,,,,no,,unknown,,,,,,,,,,,,,,,,,,barrier_free_facility_list,京都府内のバリアフリー施設一覧,https://www.pref.kyoto.jp/f-machi/hitoyasa.html,2026-09,292,,
26,京都府,26322,久御山町,,ファミリーマート　京都久御山佐古店,,,613-0031,佐古外屋敷239番地1,,,,yes,,,,,,,,no,,unknown,,,,,,,,,,,,,,,,,,barrier_free_facility_list,京都府内のバリアフリー施設一覧,https://www.pref.kyoto.jp/f-machi/hitoyasa.html,2026-09,293,,
26,京都府,26322,久御山町,,京都やましろ農業協同組合久御山支店,,,613-0023,野村井ノ坪１６,,,,no,,,,,,,,no,,no,,,,,,,,,,,,,,,,,,barrier_free_facility_list,京都府内のバリアフリー施設一覧,https://www.pref.kyoto.jp/f-machi/hitoyasa.html,2026-09,294,,
26,京都府,26322,久御山町,,久御山町　中央公民館,,,613-0043,島田ミスノ３８番地,,,http://kumiyama-bunka-sports.jp/,yes,,,,,,,,no,,no,,,,,,,,,,,,,,,,,,barrier_free_facility_list,京都府内のバリアフリー施設一覧,https://www.pref.kyoto.jp/f-machi/hitoyasa.html,2026-09,295,,職員が受付で筆談に応じます。 ファックス送信サービスあります（応相談）。 視覚障害者誘導用のチャイムがあります。 外部との出入り口に点字ブロックがあります。  中央公民館では常時様々な講座を催しており、いろんな世代の人が参加しています。また、音楽や絵画、書道などの文化サークルの活動もさかんで、町民文化祭や音楽フェスティバルなどの発表の場として、日々活動をしています。１１月の町民文化祭は一大イベントで、ホールでの発表や作品展示、模擬店など楽しいイベントが盛りだくさんです。
26,京都府,26322,久御山町,,久御山町立図書館,,,613-0031,佐古外屋敷235,,,http://www.town.kumiyama.lg.jp,yes,,,,,,,,no,,yes,,,,,,,,,,,,,,,,,,barrier_free_facility_list,京都府内のバリアフリー施設一覧,https://www.pref.kyoto.jp/f-machi/hitoyasa.html,2026-09,296,,おむつ換え用のベビーシートがあります。 男女トイレ内にベビーキープがあります。 職員が受付で筆談に応じます。 外部との出入り口に点字ブロックがあります。 障害のある人などは、図書配送サービスが利用できます。
26,京都府,26322,久御山町,,久御山町保健・地域福祉総合センター,,,613-0043,島田ミスノ11,,,http://www.town.kumiyama.lg.jp/,yes,,,,,,,,no,,yes,,,,,,,,,,,,,,,,,,barrier_free_facility_list,京都府内のバリアフリー施設一覧,https://www.pref.kyoto.jp/f-machi/hitoyasa.html,2026-09,297,,ベビーベッドは保健センターのみあり
26,京都府,26322,久御山町,,西日本高速道路株式会社　関西支社　京都高速道路事務所,,,613-0024,森北大内２７,,,http://corp.w-nexco.co.jp/,no,,,,,,,,yes,,unknown,,,,,,,,,,,,,,,,,,barrier_free_facility_list,京都府内のバリアフリー施設一覧,https://www.pref.kyoto.jp/f-machi/hitoyasa.html,2026-09,298,,
26,京都府,26322,久御山町,,京都トヨペット株式会社　久御山店,,,613-0024,森川端103-3,,,http://www.kyoto-toyopet.jp/,yes,,,,,,,,no,,yes,,,,,,,,,,,,,,,,,,barrier_free_facility_list,京都府内のバリアフリー施設一覧,https://www.pref.kyoto.jp/f-machi/hitoyasa.html,2026-09,299,,
26,京都府,26322,久御山町,,府立久御山高等学校,,,613-0033,林,,,,no,,,,,,,,unknown,,unknown,,,,,,,,,,,,,,,,,,barrier_free_facility_list,京都府内のバリアフリー施設一覧,https://www.pref.kyoto.jp/f-machi/hitoyasa.html,2026-09,300,,
26,京都府,26322,久御山町,,久御山郵便局,,,613-0035,下津屋下ノ浜代１－１,,,,no,,,,,,,,unknown,,unknown,,,,,,,,,,,,,,,,,,barrier_free_facility_list,京都府内のバリアフリー施設一覧,https://www.pref.kyoto.jp/f-machi/hitoyasa.html,2026-09,301,,
26,京都府,26322,久御山町,,ローソン久御山佐古店,,,613-0031,佐古清水１１,,,,no,,,,,,,,unknown,,unknown,,,,,,,,,,,,,,,,,,barrier_free_facility_list,京都府内のバリアフリー施設一覧,https://www.pref.kyoto.jp/f-machi/hitoyasa.html,2026-09,302,,
26,京都府,26205,宮津市,,道の駅　海の京都　宮津,,,626-0012,字浜町3007,,,http://michinoeki-miyazu.jp/,,yes,1,1,,,yes,no,yes,no,yes,yes,,,lever,button,yes,yes,yes,no,yes,no,yes,yes,no,no,yes,no,barrier_free_facility_list,京都府内のバリアフリー施設一覧,https://www.pref.kyoto.jp/f-machi/hitoyasa.html,2026-09,303,,
26,京都府,26205,宮津市,,天橋立ユースホステル,,,629-2232,中野905,,,http://hashidate-yh.jp/,no,no,,,,,,,,,,,,,,,yes,yes,yes,no,no,no,no,yes,no,yes,yes,unknown,barrier_free_facility_list,京都府内のバリアフリー施設一覧,https://www.pref.kyoto.jp/f-machi/hitoyasa.html,2026-09,304,,
26,京都府,26205,宮津市,,Mercure Kyoto Miyazu Resort & Spa,,,626-8510,字田井小字岩本58,,,https://mercure-kyotomiyazu-resortandspa.jp/,yes,yes,1,1,,,yes,yes,yes,,yes,yes,,,lever,none,,yes,yes,,yes,,yes,yes,no,yes,yes,yes,barrier_free_facility_list,京都府内のバリアフリー施設一覧,https://www.pref.kyoto.jp/f-machi/hitoyasa.html,2026-09,305,,
26,京都府,26205,宮津市,,居宅介護支援事業所　青嵐荘,,,,字江尻２６７番地3,,,,,,,,,,,,,,,,,,,,,,,,,,,,,,,,barrier_free_facility_list,京都府内のバリアフリー施設一覧,https://www.pref.kyoto.jp/f-machi/hitoyasa.html,2026-09,306,,
26,京都府,26205,宮津市,,グループホーム　せいらん,,,,字小松下ヶ濱326-1,,,,,,,,,,,,,,,,,,,,,,,,,,,,,,,,barrier_free_facility_list,京都府内のバリアフリー施設一覧,https://www.pref.kyoto.jp/f-machi/hitoyasa.html,2026-09,307,,
26,京都府,26205,宮津市,,養護老人ホーム　成相山青嵐荘,,,,字国分200番地,,,,,,,,,,,,,,,,,,,,,,,,,,,,,,,,barrier_free_facility_list,京都府内のバリアフリー施設一覧,https://www.pref.kyoto.jp/f-machi/hitoyasa.html,2026-09,308,,
26,京都府,26205,宮津市,,京都府立青少年海洋センター（マリーンピア）,,,626-0068,字田井小字大池３８２番地,,,http://marinpia.jp/,yes,yes,1,2,,,no,no,no,no,no,yes,,,button,button,yes,yes,yes,no,no,no,no,yes,no,no,no,no,barrier_free_facility_list,京都府内のバリアフリー施設一覧,https://www.pref.kyoto.jp/f-machi/hitoyasa.html,2026-09,309,,
26,京都府,26205,宮津市,,社会福祉法人よつば会　特別養護老人ホーム夕凪の里,,,626-0061,字波路小字新町2433番地,,,http://yotsuba-lcn.or.jp,yes,yes,,,,,yes,no,yes,no,no,no,,,sensor,button,yes,yes,yes,no,no,no,no,no,no,no,no,no,barrier_free_facility_list,京都府内のバリアフリー施設一覧,https://www.pref.kyoto.jp/f-machi/hitoyasa.html,2026-09,310,,
26,京都府,26205,宮津市,,セレモニー三星社ホール,,,626-0035,字喜多2259-1,,,,yes,yes,1,1,,,yes,no,no,no,no,no,,,lever,none,yes,unknown,yes,no,no,no,no,no,no,no,no,no,barrier_free_facility_list,京都府内のバリアフリー施設一覧,https://www.pref.kyoto.jp/f-machi/hitoyasa.html,2026-09,311,,
26,京都府,26205,宮津市,,宮津税務署,,,626-8571,字鶴賀2070－14,,,http://www.nta.go.jp/osaka/guide/zeimusho/kyoto/miyazu/,yes,no,,,,,,,no,,yes,,,,,,,,,,,,,,,,,,barrier_free_facility_list,京都府内のバリアフリー施設一覧,https://www.pref.kyoto.jp/f-machi/hitoyasa.html,2026-09,312,,おむつ取り替え設備が多目的トイレ内にあります。 職員が筆談に応じます。 おもいやり駐車場は、混雑時には使用できない場合があります。 あらかじめご了承ください。
26,京都府,26205,宮津市,,ドコモショップ　宮津店,,,626-0025,木ノ部809番3,,,,yes,yes,1,1,,,yes,no,no,no,yes,yes,,,button,button,unknown,unknown,unknown,unknown,unknown,unknown,unknown,no,no,no,yes,yes,barrier_free_facility_list,京都府内のバリアフリー施設一覧,https://www.pref.kyoto.jp/f-machi/hitoyasa.html,2026-09,313,,
26,京都府,26205,宮津市,,ドラッグストア太陽堂　宮津店,,,626-0033,字宮村小字辻町1147,,,http://www.kusuri-taiyodo.co.jp/,yes,yes,1,1,,,yes,no,no,no,no,no,,,lever,none,,,,,,,,no,no,no,no,no,barrier_free_facility_list,京都府内のバリアフリー施設一覧,https://www.pref.kyoto.jp/f-machi/hitoyasa.html,2026-09,314,,
26,京都府,26205,宮津市,,特別養護老人ホーム　安寿の里,,,626-0071,由良751番地,,,http://www.kounankai.jp/,yes,yes,1,1,,,yes,no,yes,no,no,no,,,sensor,button,yes,yes,yes,no,no,no,no,no,no,no,no,no,barrier_free_facility_list,京都府内のバリアフリー施設一覧,https://www.pref.kyoto.jp/f-machi/hitoyasa.html,2026-09,315,,
26,京都府,26205,宮津市,,天橋立駐車場,,,626-0001,字文殊647番地,,,,no,no,,,,,,,unknown,,unknown,,,,,,,,,,,,,,,,,,barrier_free_facility_list,京都府内のバリアフリー施設一覧,https://www.pref.kyoto.jp/f-machi/hitoyasa.html,2026-09,316,,
26,京都府,26205,宮津市,,京都地方裁判所宮津支部,,,626-0017,字島崎２０４３－１,,,https://www.courts.go.jp/kyoto/about_tiho/syozai/index.html,yes,yes,,,,,,,yes,,no,,,,,,,,,,,yes,yes,,,no,,,barrier_free_facility_list,京都府内のバリアフリー施設一覧,https://www.pref.kyoto.jp/f-machi/hitoyasa.html,2026-09,317,,
26,京都府,26205,宮津市,,宮津市営宮津駅前駐車場,,,626-0041,字鶴賀2065-35番地,,,,no,no,,,,,,,unknown,,unknown,,,,,,,,,,,,,,,,,,barrier_free_facility_list,京都府内のバリアフリー施設一覧,https://www.pref.kyoto.jp/f-machi/hitoyasa.html,2026-09,318,,
26,京都府,26205,宮津市,,特別養護老人ホーム　天橋の郷,,,626-0066,字獅子190番地の4,,,http://www.hokuseikai.or.jp/tenkyonosato/,yes,yes,"1,2",6,,,yes,no,no,no,no,no,,,sensor,button,no,yes,yes,no,no,no,no,no,no,no,yes,no,barrier_free_facility_list,京都府内のバリアフリー施設一覧,https://www.pref.kyoto.jp/f-machi/hitoyasa.html,2026-09,319,,
26,京都府,26205,宮津市,,宮津会館,,,626-0041,字鶴賀２１６４番地,,,http://www.city.miyazu.kyoto.jp./www/outside/sunmac/sisetupage/kaikan/kaikan.htm,yes,yes,1,,1,1,no,no,no,no,yes,yes,,,lever,none,yes,yes,yes,no,yes,no,yes,yes,yes,no,no,no,barrier_free_facility_list,京都府内のバリアフリー施設一覧,https://www.pref.kyoto.jp/f-machi/hitoyasa.html,2026-09,320,,※案内・誘導について 　みやづ歴史の館共用玄関 　①線状ブロック　玄関前より１階ロビー内設置 　②点状ブロック設置　出入口階段・スロープ・ドア前設置
26,京都府,26205,宮津市,,宮津市民体育館,,,626-0012,字浜町３０００番地,,,https://miyazu-jissen.com/taikukan.html,yes,yes,1,1,,,no,no,no,no,yes,yes,,,lever,none,yes,yes,yes,no,no,no,no,yes,yes,no,yes,no,barrier_free_facility_list,京都府内のバリアフリー施設一覧,https://www.pref.kyoto.jp/f-machi/hitoyasa.html,2026-09,321,,
26,京都府,26205,宮津市,,みやづ歴史の館,,,626-0041,字鶴賀２１６４番地,,,http://www.city.miyazu.kyoto.jp/www/outside/sunmac/sisetupage/rekisi/rekisi.htm,yes,yes,1.2.3,2,1,1,no,no,yes,no,yes,yes,,,lever,button,yes,yes,yes,no,yes,no,yes,yes,yes,no,yes,no,barrier_free_facility_list,京都府内のバリアフリー施設一覧,https://www.pref.kyoto.jp/f-machi/hitoyasa.html,2026-09,322,,文化ホールに母子室があります。 職員が受付で筆談に応じます。
26,京都府,26205,宮津市,,特別養護老人ホーム　青嵐荘,,,626-0225,日置780番地,,,http://www.seiransou.jp,yes,yes,1,1,,,yes,no,no,no,no,no,,,lever,button,yes,yes,yes,no,no,no,no,no,no,no,no,no,barrier_free_facility_list,京都府内のバリアフリー施設一覧,https://www.pref.kyoto.jp/f-machi/hitoyasa.html,2026-09,323,,
26,京都府,26205,宮津市,,介護老人保健施設　リハ・ヴィラなぎさ苑,,,629-2251,字須津2268番地の1,,,http://www.hokuseikai.or.jp/nagisaen/,yes,no,,,,,,,no,,no,,,,,,,,,,,,,,,,,,barrier_free_facility_list,京都府内のバリアフリー施設一覧,https://www.pref.kyoto.jp/f-machi/hitoyasa.html,2026-09,324,,
26,京都府,26205,宮津市,,宮津運動公園,,,626-0074,字上司279番地,,,http://www.city.miyazu.kyoto.jp/www/outside/sunmac/sisetupage/undou/undou.htm,yes,yes,1,2,,,no,no,no,no,no,yes,,,lever,none,no,yes,yes,no,no,no,no,yes,no,no,no,no,barrier_free_facility_list,京都府内のバリアフリー施設一覧,https://www.pref.kyoto.jp/f-machi/hitoyasa.html,2026-09,325,,職員が受付で筆談に応じます。
26,京都府,26205,宮津市,,宮津まちなか地域振興拠点施設　立体駐車場,,,626-0012,字浜町3006番地,,,http://www.city.miyazu.kyoto.jp/www/info/detail.jsp?id=3440,yes,yes,1,2,,,no,no,no,no,no,no,,,lever,button,yes,no,yes,no,no,no,no,no,no,no,no,no,barrier_free_facility_list,京都府内のバリアフリー施設一覧,https://www.pref.kyoto.jp/f-machi/hitoyasa.html,2026-09,326,,立体駐車場横の道の駅にもバリアフリー対応の駐車区画やトイレがあるので、基本そちらに誘導しています。
26,京都府,26205,宮津市,,京都府流域下水道事務所 宮津湾浄化センター,,,626-0066,字獅子１０,,,http://www.pref.kyoto.jp/ryuiki/,yes,yes,1,1,,,yes,no,no,no,no,,,,lever,button,no,yes,yes,no,no,no,no,no,no,no,no,no,barrier_free_facility_list,京都府内のバリアフリー施設一覧,https://www.pref.kyoto.jp/f-machi/hitoyasa.html,2026-09,327,,
26,京都府,26205,宮津市,,京都府立宮津高等学校,,,626-0034,滝馬２３,,,http://www.kyoto-be.ne.jp/miyazu-hs/cms,yes,yes,1,1,,,no,no,no,no,no,no,,,button,none,yes,yes,yes,no,no,no,no,yes,no,no,no,no,barrier_free_facility_list,京都府内のバリアフリー施設一覧,https://www.pref.kyoto.jp/f-machi/hitoyasa.html,2026-09,328,,
26,京都府,26205,宮津市,,京都府立海洋高等学校,,,626-0074,字上司1567-1,,,http://www.kyoto-be.ne.jp/kaiyou-hs/cms/,yes,yes,1,1,,,yes,unknown,no,unknown,no,unknown,,,button,button,yes,no,unknown,no,no,no,no,no,no,no,no,no,barrier_free_facility_list,京都府内のバリアフリー施設一覧,https://www.pref.kyoto.jp/f-machi/hitoyasa.html,2026-09,329,,
26,京都府,26205,宮津市,,京都府立丹後海と星の見える丘公園,,,626-0211,字里波見,,,http:///www.eco-future-park.jp/,yes,yes,1,3,,,yes,yes,yes,no,yes,yes,,,button,button,yes,yes,yes,no,no,no,yes,no,no,no,no,no,barrier_free_facility_list,京都府内のバリアフリー施設一覧,https://www.pref.kyoto.jp/f-machi/hitoyasa.html,2026-09,330,,館内に段差がありますが、人的サポートが可能です。
26,京都府,26205,宮津市,,株式会社フクヤ　宮村店,,,626-0033,字宮村小字辻町1176-2,,,http://www.fukuya.info,yes,,,,,,,,no,,yes,,,,,,,,,,,,,,,,,,barrier_free_facility_list,京都府内のバリアフリー施設一覧,https://www.pref.kyoto.jp/f-machi/hitoyasa.html,2026-09,331,,
26,京都府,26205,宮津市,,宮津地方合同庁舎,,,626-0046,字中ノ丁2534,,,,yes,,,,,,,,no,,no,,,,,,,,,,,,,,,,,,barrier_free_facility_list,京都府内のバリアフリー施設一覧,https://www.pref.kyoto.jp/f-machi/hitoyasa.html,2026-09,332,,
26,京都府,26205,宮津市,,京都銀行宮津支店,,,626-0018,字本町１０１０,,,http://www.kyotobank.co.jp/,no,,,,,,,,no,,no,,,,,,,,,,,,,,,,,,barrier_free_facility_list,京都府内のバリアフリー施設一覧,https://www.pref.kyoto.jp/f-machi/hitoyasa.html,2026-09,333,,ATMは全台、視覚障がい者が音声ガイダンスに従ってご利用できるものとなっています。
26,京都府,26205,宮津市,,宮津市役所,,,626-8501,字柳縄手３４５番地の１,,,http://www.city.miyazu.kyoto.jp/,yes,,,,,,,,yes,,yes,,,,,,,,,,,,,,,,,,barrier_free_facility_list,京都府内のバリアフリー施設一覧,https://www.pref.kyoto.jp/f-machi/hitoyasa.html,2026-09,334,,
26,京都府,26205,宮津市,,峰山公共職業安定所　宮津出張所,,,626-0046,字中ノ丁２５３４　宮津地方合同庁舎,,,,no,,,,,,,,unknown,,unknown,,,,,,,,,,,,,,,,,,barrier_free_facility_list,京都府内のバリアフリー施設一覧,https://www.pref.kyoto.jp/f-machi/hitoyasa.html,2026-09,335,,
26,京都府,26205,宮津市,,京都府宮津総合庁舎,,,626-0044,吉原２５８６－２,,,http://www.pref.kyoto.jp/,yes,,,,,,,,no,,yes,,,,,,,,,,,,,,,,,,barrier_free_facility_list,京都府内のバリアフリー施設一覧,https://www.pref.kyoto.jp/f-machi/hitoyasa.html,2026-09,336,,・車いす対応トイレあり（本館１カ所、別棟１カ所） ・本館正面玄関を入って左側に総合案内があります。
26,京都府,26205,宮津市,,世屋農林漁業体験実習館「しおぎり荘」,,,626-0227,字上世屋２３８番地の１４,,,http://www.eportseya.jp/shiogiri.html,yes,,,,,,,,no,,no,,,,,,,,,,,,,,,,,,barrier_free_facility_list,京都府内のバリアフリー施設一覧,https://www.pref.kyoto.jp/f-machi/hitoyasa.html,2026-09,337,,職員が受付で筆談に応じます。
26,京都府,26205,宮津市,,ホテル北野屋,,,626-0001,字文珠１００番地,,,http://www.hotel-kitanoya.jp/,yes,,,,,,,,no,,no,,,,,,,,,,,,,,,,,,barrier_free_facility_list,京都府内のバリアフリー施設一覧,https://www.pref.kyoto.jp/f-machi/hitoyasa.html,2026-09,338,,
26,京都府,26205,宮津市,,天橋立宮津ロイヤルホテル,,,626-8510,字田井小字岩本58,,,http://www.daiwaresort.jp/miyazu/,yes,,,,,,,,no,,no,,,,,,,,,,,,,,,,,,barrier_free_facility_list,京都府内のバリアフリー施設一覧,https://www.pref.kyoto.jp/f-machi/hitoyasa.html,2026-09,339,,
26,京都府,26205,宮津市,,天橋立温泉　文殊荘,,,626-0001,天の橋立海岸,,,http://www.monjusou.com/monjusou/index.html,no,,,,,,,,no,,no,,,,,,,,,,,,,,,,,,barrier_free_facility_list,京都府内のバリアフリー施設一覧,https://www.pref.kyoto.jp/f-machi/hitoyasa.html,2026-09,340,,
26,京都府,26205,宮津市,,宮津武田病院,,,626-0041,字鶴賀2059-1,,,http://www.takedahp.or.jp/MIYAZU/index.html,yes,,,,,,,,no,,no,,,,,,,,,,,,,,,,,,barrier_free_facility_list,京都府内のバリアフリー施設一覧,https://www.pref.kyoto.jp/f-machi/hitoyasa.html,2026-09,341,,
26,京都府,26205,宮津市,,宮津市福祉センター,,,626-0041,字鶴賀2085,,,http://www.kyoshakyo.or.jp/miyazu/cat247/,yes,,,,,,,,yes,,yes,,,,,,,,,,,,,,,,,,barrier_free_facility_list,京都府内のバリアフリー施設一覧,https://www.pref.kyoto.jp/f-machi/hitoyasa.html,2026-09,342,,足の不自由な方が２階に上がるための昇降機。 スロープにより車いすで２階へ移動できます。
26,京都府,26205,宮津市,,はまなす苑通所介護事業所（デイサービス）,,,626-0071,字由良１２８９番地の１,,,http://www.hokuseikai.or.jp/tenkyonosato/hamanasu.html,yes,,,,,,,,no,,no,,,,,,,,,,,,,,,,,,barrier_free_facility_list,京都府内のバリアフリー施設一覧,https://www.pref.kyoto.jp/f-machi/hitoyasa.html,2026-09,343,,
26,京都府,26205,宮津市,,天橋園通所介護事業所（デイサービス）,,,626-0043,字惣４２０番地,,,http://www.hokuseikai.or.jp/tenkyoen/jigyo/day.html,yes,,,,,,,,no,,no,,,,,,,,,,,,,,,,,,barrier_free_facility_list,京都府内のバリアフリー施設一覧,https://www.pref.kyoto.jp/f-machi/hitoyasa.html,2026-09,344,,
26,京都府,26205,宮津市,,西宮津公園ゲートボール場,,,626-0002,字杉末,,,,no,,,,,,,,no,,no,,,,,,,,,,,,,,,,,,barrier_free_facility_list,京都府内のバリアフリー施設一覧,https://www.pref.kyoto.jp/f-machi/hitoyasa.html,2026-09,345,,
26,京都府,26205,宮津市,,さとう宮津店（ミップル）,,,626-0012,浜町3012,,,,yes,,,,,,,,no,,yes,,,,,,,,,,,,,,,,,,barrier_free_facility_list,京都府内のバリアフリー施設一覧,https://www.pref.kyoto.jp/f-machi/hitoyasa.html,2026-09,346,,
26,京都府,26205,宮津市,,フィッシングナカジマ,,,629-2251,須津６７−１,,,,yes,,,,,,,,no,,no,,,,,,,,,,,,,,,,,,barrier_free_facility_list,京都府内のバリアフリー施設一覧,https://www.pref.kyoto.jp/f-machi/hitoyasa.html,2026-09,347,,
26,京都府,26205,宮津市,,友夢想屋,,,629-2251,字須津２６６５－１６,,,,yes,,,,,,,,no,,no,,,,,,,,,,,,,,,,,,barrier_free_facility_list,京都府内のバリアフリー施設一覧,https://www.pref.kyoto.jp/f-machi/hitoyasa.html,2026-09,348,,
26,京都府,26205,宮津市,,宮津市立前尾記念文庫,,,626-0041,字鶴賀2164-2,,,http://www.city.miyazu.kyoto.jp/www/info/detail.jsp?id=973,yes,,,,,,,,no,,no,,,,,,,,,,,,,,,,,,barrier_free_facility_list,京都府内のバリアフリー施設一覧,https://www.pref.kyoto.jp/f-machi/hitoyasa.html,2026-09,349,,
26,京都府,26205,宮津市,,宮津市立図書館,,,626-0041,字鶴賀２１６４番地,,,,yes,,,,,,,,no,,yes,,,,,,,,,,,,,,,,,,barrier_free_facility_list,京都府内のバリアフリー施設一覧,https://www.pref.kyoto.jp/f-machi/hitoyasa.html,2026-09,350,,エレベーターがないので2階へは行くことができない。その際職員が要望を伺います。 ベビーカーあり（２台）
26,京都府,26205,宮津市,,京都府指定有形文化財三上家住宅,,,626-0014,字河原１８５０番地,,,http://www.geisya.or.jp/~daityoji/kankou,yes,,,,,,,,no,,no,,,,,,,,,,,,,,,,,,barrier_free_facility_list,京都府内のバリアフリー施設一覧,https://www.pref.kyoto.jp/f-machi/hitoyasa.html,2026-09,351,,建物敷地内では介助が必要
26,京都府,26205,宮津市,,宮津市休日応急診療所,,,629-2251,字須津413番地26（消防庁舎西側）,,,http://www.miyayo119.jp/,yes,,,,,,,,no,,no,,,,,,,,,,,,,,,,,,barrier_free_facility_list,京都府内のバリアフリー施設一覧,https://www.pref.kyoto.jp/f-machi/hitoyasa.html,2026-09,352,,
26,京都府,26205,宮津市,,関西電力宮津エネルギー研究所丹後魚っ知館,,,626-0052,小田宿野1001,,,http://www.kepco.co.jp/pr/miyazu/,yes,,,,,,,,no,,yes,,,,,,,,,,,,,,,,,,barrier_free_facility_list,京都府内のバリアフリー施設一覧,https://www.pref.kyoto.jp/f-machi/hitoyasa.html,2026-09,353,,
26,京都府,26205,宮津市,,京都府立丹後郷土資料館,,,629-2234,国分小字天王山６１１－１,,,http://www.kyoto-be.ne.jp/tango-m/cms/,no,,,,,,,,unknown,,unknown,,,,,,,,,,,,,,,,,,barrier_free_facility_list,京都府内のバリアフリー施設一覧,https://www.pref.kyoto.jp/f-machi/hitoyasa.html,2026-09,354,,
26,京都府,26205,宮津市,,農林水産技術センター海洋センター,,,626-0052,字小田宿野１０２９－３,,,http://www.pref.kyoto.jp/kaiyo/,yes,,,,,,,,no,,no,,,,,,,,,,,,,,,,,,barrier_free_facility_list,京都府内のバリアフリー施設一覧,https://www.pref.kyoto.jp/f-machi/hitoyasa.html,2026-09,355,,
26,京都府,26205,宮津市,,田井宮津ヨットハーバー,,,626-0068,字田井２７７－１,,,http://www.uminoeki.jp,yes,,,,,,,,no,,no,,,,,,,,,,,,,,,,,,barrier_free_facility_list,京都府内のバリアフリー施設一覧,https://www.pref.kyoto.jp/f-machi/hitoyasa.html,2026-09,356,,
26,京都府,26205,宮津市,,京都縦貫自動車道 宮津天橋立料金所,,,626-0035,字喜多,,,,no,,,,,,,,unknown,,unknown,,,,,,,,,,,,,,,,,,barrier_free_facility_list,京都府内のバリアフリー施設一覧,https://www.pref.kyoto.jp/f-machi/hitoyasa.html,2026-09,357,,
26,京都府,26205,宮津市,,カトリック宮津教会,,,626-0023,宮本５００,,,,no,,,,,,,,unknown,,unknown,,,,,,,,,,,,,,,,,,barrier_free_facility_list,京都府内のバリアフリー施設一覧,https://www.pref.kyoto.jp/f-machi/hitoyasa.html,2026-09,358,,
26,京都府,26205,宮津市,,京都縦貫自動車道 宮津天橋立本線料金所,,,626-0035,字喜多,,,,no,,,,,,,,unknown,,unknown,,,,,,,,,,,,,,,,,,barrier_free_facility_list,京都府内のバリアフリー施設一覧,https://www.pref.kyoto.jp/f-machi/hitoyasa.html,2026-09,359,,
26,京都府,26205,宮津市,,障害者生活支援センターかもめ,,,626-0043,字惣397番地,,,,yes,yes,,,,,no,no,no,no,no,no,,,none,none,no,no,no,no,no,no,no,no,no,no,no,no,barrier_free_facility_list,京都府内のバリアフリー施設一覧,https://www.pref.kyoto.jp/f-machi/hitoyasa.html,2026-09,360,,
26,京都府,26205,宮津市,,成相寺,,,629-2241,成相寺３３９,,,http://www.nariaiji.jp/,yes,,,,,,,,no,,no,,,,,,,,,,,,,,,,,,barrier_free_facility_list,京都府内のバリアフリー施設一覧,https://www.pref.kyoto.jp/f-machi/hitoyasa.html,2026-09,361,,
26,京都府,26205,宮津市,,宮津郵便局,,,626-0041,字鶴賀２０７０－９,,,http://map.japanpost.jp/pc/syousai.php?id=300144180000,no,,,,,,,,unknown,,unknown,,,,,,,,,,,,,,,,,,barrier_free_facility_list,京都府内のバリアフリー施設一覧,https://www.pref.kyoto.jp/f-machi/hitoyasa.html,2026-09,362,,
26,京都府,26205,宮津市,,京都府水産事務所,,,626-0041,字鶴賀２０６２,,,http://www.pref.kyoto.jp/suiji/,no,,,,,,,,no,,no,,,,,,,,,,,,,,,,,,barrier_free_facility_list,京都府内のバリアフリー施設一覧,https://www.pref.kyoto.jp/f-machi/hitoyasa.html,2026-09,363,,
26,京都府,26205,宮津市,,京都府宮津警察署,,,626-0041,字鶴賀２１５１,,,http://www.pref.kyoto.jp/fukei/,yes,yes,1,1,,,yes,no,yes,no,no,yes,,,sensor,button,yes,yes,yes,no,no,no,no,no,no,no,no,no,barrier_free_facility_list,京都府内のバリアフリー施設一覧,https://www.pref.kyoto.jp/f-machi/hitoyasa.html,2026-09,364,,
26,京都府,26205,宮津市,,京都北都信用金庫　本店営業部,,,626-0041,鶴賀２０５４－１,,,,no,,,,,,,,unknown,,unknown,,,,,,,,,,,,,,,,,,barrier_free_facility_list,京都府内のバリアフリー施設一覧,https://www.pref.kyoto.jp/f-machi/hitoyasa.html,2026-09,365,,
26,京都府,26205,宮津市,,Ｈａｉｒ　Ｓａｌｏｎ　Ｙａｍａｄａ,,,629-2251,字須津２６６５番地の１４,,,,no,,,,,,,,no,,no,,,,,,,,,,,,,,,,,,barrier_free_facility_list,京都府内のバリアフリー施設一覧,https://www.pref.kyoto.jp/f-machi/hitoyasa.html,2026-09,366,,スタッフが筆談に応じます。
26,京都府,26205,宮津市,,天橋立駅前郵便局,,,626-0001,文珠６４０－５１,,,http://map.japanpost.jp/pc/syousai.php?id=300144283000,no,,,,,,,,no,,no,,,,,,,,,,,,,,,,,,barrier_free_facility_list,京都府内のバリアフリー施設一覧,https://www.pref.kyoto.jp/f-machi/hitoyasa.html,2026-09,367,,職員が受付で筆談に応じます。 外部との出入り口に点字ブロックがあります。
26,京都府,26205,宮津市,,世屋高原家族旅行村レクリエーションセンター,,,626-0223,字松尾９６番地,,,http://www.eportseya.jp/,yes,,,,,,,,no,,no,,,,,,,,,,,,,,,,,,barrier_free_facility_list,京都府内のバリアフリー施設一覧,https://www.pref.kyoto.jp/f-machi/hitoyasa.html,2026-09,368,,職員が受付で筆談に応じます。
26,京都府,26212,京丹後市,,ダイナム　京都京丹後店,,,627-0042,峰山町長岡小字古川1710-1,,,,yes,yes,1,1,,,yes,no,no,no,no,no,,,button,button,yes,yes,yes,no,no,no,no,no,no,no,no,no,barrier_free_facility_list,京都府内のバリアフリー施設一覧,https://www.pref.kyoto.jp/f-machi/hitoyasa.html,2026-09,369,,
26,京都府,26212,京丹後市,,風のがっこう京都,,,627-0101,弥栄町野中2562,,,,yes,yes,1,1,,,no,no,no,no,no,no,,,lever,pull_cord,yes,yes,yes,no,no,no,no,no,no,no,no,no,barrier_free_facility_list,京都府内のバリアフリー施設一覧,https://www.pref.kyoto.jp/f-machi/hitoyasa.html,2026-09,370,,
26,京都府,26212,京丹後市,,かぶと山虹の家,,,629-3442,久美浜町向磯6,,,https://www.kabutocamp.com/,no,no,,,,,,,,,,,,,,,yes,yes,yes,no,no,no,no,no,no,no,no,no,barrier_free_facility_list,京都府内のバリアフリー施設一覧,https://www.pref.kyoto.jp/f-machi/hitoyasa.html,2026-09,371,,
26,京都府,26212,京丹後市,,障害者地域生活支援センター　もみの木,,,627-0005,峰山町新町2015-2,,,http://www.mineyama-fukusikai.jp,yes,yes,1,0,2,2,yes,no,no,no,no,,,,sensor,button,yes,yes,yes,no,no,no,no,no,no,no,no,no,barrier_free_facility_list,京都府内のバリアフリー施設一覧,https://www.pref.kyoto.jp/f-machi/hitoyasa.html,2026-09,372,,
26,京都府,26212,京丹後市,,京丹後市国民健康保険直営宇川診療所,,,627-0242,丹後町久憎417番地,,,http://www.ichigaoen.com/ukawa/,yes,yes,1,1,0,0,no,no,no,no,no,no,,,button,button,yes,yes,yes,no,no,no,no,yes,no,no,no,no,barrier_free_facility_list,京都府内のバリアフリー施設一覧,https://www.pref.kyoto.jp/f-machi/hitoyasa.html,2026-09,373,,
26,京都府,26212,京丹後市,,府立網野高等学校,,,,網野町網野2820番地,,,,,,,,,,,,,,,,,,,,,,,,,,,,,,,,barrier_free_facility_list,京都府内のバリアフリー施設一覧,https://www.pref.kyoto.jp/f-machi/hitoyasa.html,2026-09,374,,
26,京都府,26212,京丹後市,,道の駅　てんきてんき丹後,,,627-0221,丹後町竹野３１３-１番地,,,http://tenkitenki-mura.jp/,yes,yes,1,1,,,yes,no,yes,no,yes,no,,,lever,pull_cord,yes,yes,yes,no,no,no,no,no,no,no,no,no,barrier_free_facility_list,京都府内のバリアフリー施設一覧,https://www.pref.kyoto.jp/f-machi/hitoyasa.html,2026-09,375,,建物出入口から一番ちかい車いすトイレは、右側入口横３メートルにあります。  職員がレジで筆談に応じます。
26,京都府,26212,京丹後市,,ホテル丹後王国,,,627-0133,弥栄町鳥取123,,,http://tango-kingdom.com,,no,,,,,yes,no,no,no,no,no,,,button,pull_cord,yes,yes,yes,no,no,no,no,no,yes,no,no,no,barrier_free_facility_list,京都府内のバリアフリー施設一覧,https://www.pref.kyoto.jp/f-machi/hitoyasa.html,2026-09,376,,
26,京都府,26212,京丹後市,,峰山公共職業安定所,,,627-0012,峰山町杉谷147-13,,,,yes,yes,1,1,,,yes,no,no,no,no,no,,,sensor,button,yes,no,no,no,no,no,no,no,no,no,no,no,barrier_free_facility_list,京都府内のバリアフリー施設一覧,https://www.pref.kyoto.jp/f-machi/hitoyasa.html,2026-09,377,,
26,京都府,26212,京丹後市,,京丹後市国民健康保険直営大宮診療所,,,629-2502,大宮町河辺2342番地,,,https://omiyaclinic.net,yes,yes,1,1,,,yes,yes,no,no,no,no,,,sensor,pull_cord,yes,yes,yes,no,no,no,no,no,no,no,no,yes,barrier_free_facility_list,京都府内のバリアフリー施設一覧,https://www.pref.kyoto.jp/f-machi/hitoyasa.html,2026-09,378,,
26,京都府,26212,京丹後市,,メガネの三城　峰山店,,,629-2502,大宮町河辺3396-1,,,https://store.paris-miki.co.jp/map/1073,no,no,,,,,unknown,unknown,unknown,unknown,unknown,unknown,,,unknown,unknown,no,yes,yes,no,no,no,no,no,no,no,no,no,barrier_free_facility_list,京都府内のバリアフリー施設一覧,https://www.pref.kyoto.jp/f-machi/hitoyasa.html,2026-09,379,,
26,京都府,26212,京丹後市,,峰山税務署,,,627-0012,峰山町杉谷147番地12,,,http://www.nta.go.jp/osaka/guide/zeimusho/kyoto/mineyama/,yes,no,,,,,,,no,,yes,,,,,,,,,,,,,,,,,,barrier_free_facility_list,京都府内のバリアフリー施設一覧,https://www.pref.kyoto.jp/f-machi/hitoyasa.html,2026-09,380,,おもいやり駐車場は、混雑時には使用できない場合があります。 あらかじめご了承ください。
26,京都府,26212,京丹後市,,洋服の青山　峰山店,,,627-0005,峰山町新町1937番地1,,,http://y-aoyama.jp,yes,yes,1,1,,,yes,no,no,no,no,no,,,button,none,yes,yes,yes,no,no,no,no,no,no,no,no,no,barrier_free_facility_list,京都府内のバリアフリー施設一覧,https://www.pref.kyoto.jp/f-machi/hitoyasa.html,2026-09,381,,
26,京都府,26212,京丹後市,,にしがき久美浜店,,,629-3410,久美浜町3432,,,,no,no,,,,,unknown,unknown,unknown,unknown,unknown,unknown,,,none,button,unknown,yes,yes,unknown,unknown,unknown,unknown,no,no,no,no,no,barrier_free_facility_list,京都府内のバリアフリー施設一覧,https://www.pref.kyoto.jp/f-machi/hitoyasa.html,2026-09,382,,
26,京都府,26212,京丹後市,,にしがき　駅前店,,,627-0012,峰山町杉谷９８１,,,http://www.super-nishigaki.jp/,no,no,,,,,,,unknown,,unknown,,,,,,,,,,,,,no,no,no,no,no,barrier_free_facility_list,京都府内のバリアフリー施設一覧,https://www.pref.kyoto.jp/f-machi/hitoyasa.html,2026-09,383,,
26,京都府,26212,京丹後市,,にしがき　大宮バイパス店,,,629-2503,大宮町周枳１５３２,,,http://www.super-nishigaki.jp/,yes,yes,1,1,,,yes,,unknown,,yes,yes,,,button,none,yes,yes,yes,,,,,no,no,no,no,no,barrier_free_facility_list,京都府内のバリアフリー施設一覧,https://www.pref.kyoto.jp/f-machi/hitoyasa.html,2026-09,384,,
26,京都府,26212,京丹後市,,ゴダイドラッグ 網野店,,,629-3101,網野町網野61-4,,,http://www/godai.net/,yes,yes,1,1,,,,,yes,,yes,yes,,,lever,,yes,yes,yes,,yes,,,no,no,no,yes,no,barrier_free_facility_list,京都府内のバリアフリー施設一覧,https://www.pref.kyoto.jp/f-machi/hitoyasa.html,2026-09,385,,
26,京都府,26212,京丹後市,,ゴダイドラッグ 久美浜店,,,629-3410,久美浜町２６２,,,http://www.godai.net/,yes,yes,1,,1,1,,,unknown,,unknown,yes,,,lever,none,,yes,yes,,,,yes,no,no,no,yes,no,barrier_free_facility_list,京都府内のバリアフリー施設一覧,https://www.pref.kyoto.jp/f-machi/hitoyasa.html,2026-09,386,,
26,京都府,26212,京丹後市,,琴引浜鳴き砂文化館,,,629-3112,網野町掛津１２５０,,,http://www.nakisuna.jp,yes,yes,1,1,,,,,no,,no,,,,lever,none,yes,yes,yes,,,,,yes,no,no,no,no,barrier_free_facility_list,京都府内のバリアフリー施設一覧,https://www.pref.kyoto.jp/f-machi/hitoyasa.html,2026-09,387,,
26,京都府,26212,京丹後市,,弥栄あしぎぬ温泉,,,627-0132,弥栄町木橋５４８,,,http://www.ashiginu.com/,yes,yes,1,2,,,,,no,,no,,,,button,pull_cord,yes,yes,yes,,,,,yes,no,no,yes,no,barrier_free_facility_list,京都府内のバリアフリー施設一覧,https://www.pref.kyoto.jp/f-machi/hitoyasa.html,2026-09,388,,
26,京都府,26212,京丹後市,,京丹後簡易裁判所,,,627-0012,峰山町杉谷288-2,,,https://www.courts.go.jp/kyoto/about_tiho/syozai/index.html,yes,yes,,,,,,,yes,,no,yes,,,,,,,,,,,,,,no,,,barrier_free_facility_list,京都府内のバリアフリー施設一覧,https://www.pref.kyoto.jp/f-machi/hitoyasa.html,2026-09,389,,
26,京都府,26212,京丹後市,,京丹後市立網野中学校,,,629-3101,網野町網野２６９６,,,http://www.kyoto-be.ne.jp/amino--jhs/cms,yes,yes,1,1,,,yes,no,no,no,no,no,,,button,button,yes,yes,,no,no,no,no,yes,no,no,no,no,barrier_free_facility_list,京都府内のバリアフリー施設一覧,https://www.pref.kyoto.jp/f-machi/hitoyasa.html,2026-09,390,,
26,京都府,26212,京丹後市,,京丹後市弥栄総合運動公園（社会体育館）,,,627-0132,弥栄町木橋１１４６番地,,,,yes,yes,1,1,,,no,,no,,no,,,,lever,pull_cord,yes,,,no,no,no,no,yes,no,no,no,no,barrier_free_facility_list,京都府内のバリアフリー施設一覧,https://www.pref.kyoto.jp/f-machi/hitoyasa.html,2026-09,391,,
26,京都府,26212,京丹後市,,ゴダイドラッグ大宮店,,,629-2503,大宮町周枳2062-1,,,http://www.godai.net,yes,no,1,,1,1,yes,no,yes,no,yes,yes,,,button,button,yes,yes,no,no,no,no,no,no,no,no,yes,no,barrier_free_facility_list,京都府内のバリアフリー施設一覧,https://www.pref.kyoto.jp/f-machi/hitoyasa.html,2026-09,392,,
26,京都府,26212,京丹後市,,ゴダイドラッグ峰山杉谷店,,,627-0012,峰山町杉谷883,,,http://www.godai.net,no,no,1,0,1,1,no,no,no,no,no,no,,,none,none,no,no,no,no,no,no,no,no,no,no,yes,no,barrier_free_facility_list,京都府内のバリアフリー施設一覧,https://www.pref.kyoto.jp/f-machi/hitoyasa.html,2026-09,393,,
26,京都府,26212,京丹後市,,総合老人福祉施設　はごろも苑,,,627-0042,峰山町長岡2093,,,https://www.mineyama-fukusikai.jp/,yes,yes,1,1,,,no,no,no,no,no,no,,,button,button,no,yes,yes,no,no,no,no,no,no,no,yes,no,barrier_free_facility_list,京都府内のバリアフリー施設一覧,https://www.pref.kyoto.jp/f-machi/hitoyasa.html,2026-09,394,,
26,京都府,26212,京丹後市,,京丹後市久美浜中央運動公園,,,629-3551,久美浜町永留２４４番地の１,,,,yes,yes,1,2,,,no,no,no,no,no,no,,,lever,none,yes,no,no,no,no,no,no,no,no,no,no,no,barrier_free_facility_list,京都府内のバリアフリー施設一覧,https://www.pref.kyoto.jp/f-machi/hitoyasa.html,2026-09,395,,
26,京都府,26212,京丹後市,,京丹後市立久美浜病院,,,629-3410,久美浜町１６１,,,http://kyotango.lg.jp,no,yes,1.2.3,11,,,yes,no,no,no,no,no,,,lever,pull_cord,yes,yes,yes,no,yes,no,no,no,no,,no,no,barrier_free_facility_list,京都府内のバリアフリー施設一覧,https://www.pref.kyoto.jp/f-machi/hitoyasa.html,2026-09,396,,
26,京都府,26212,京丹後市,,丹後労働基準監督署,,,627-0012,峰山町杉谷１４７－１４,,,,yes,yes,1,1,,,yes,no,no,no,no,no,,,button,button,,yes,yes,,,,,no,,no,no,no,barrier_free_facility_list,京都府内のバリアフリー施設一覧,https://www.pref.kyoto.jp/f-machi/hitoyasa.html,2026-09,397,,
26,京都府,26212,京丹後市,,あゆみが丘学園,,,629-2513,大宮町延利200番地,,,http://www.ayumigaoka.jp/,yes,yes,1、2,2,2,1,no,no,no,no,no,no,,,button,none,yes,yes,yes,no,no,no,no,no,no,no,no,no,barrier_free_facility_list,京都府内のバリアフリー施設一覧,https://www.pref.kyoto.jp/f-machi/hitoyasa.html,2026-09,398,,
26,京都府,26212,京丹後市,,おおみや苑,,,629-2501,大宮町口大野295番地,,,http://oomiyaen.com,yes,yes,1，2，3,7,,,no,no,no,no,no,no,,,sensor,button,yes,yes,yes,no,no,no,no,yes,no,no,no,no,barrier_free_facility_list,京都府内のバリアフリー施設一覧,https://www.pref.kyoto.jp/f-machi/hitoyasa.html,2026-09,399,,
26,京都府,26212,京丹後市,,グループホームおおみや,,,629-2523,大宮町三坂132-3,,,http//oomiyaen.com,yes,yes,1,1,,,no,no,no,no,no,no,,,sensor,button,no,no,no,no,no,no,no,no,no,no,no,no,barrier_free_facility_list,京都府内のバリアフリー施設一覧,https://www.pref.kyoto.jp/f-machi/hitoyasa.html,2026-09,400,,
26,京都府,26212,京丹後市,,京丹後市役所久美浜庁舎,,,629-3410,久美浜町８１４,,,http://www.city.kyotango.lg.jp/,yes,yes,1,1,,,yes,no,no,no,no,no,,,button,button,yes,yes,yes,no,no,no,no,no,no,no,no,no,barrier_free_facility_list,京都府内のバリアフリー施設一覧,https://www.pref.kyoto.jp/f-machi/hitoyasa.html,2026-09,401,,
26,京都府,26212,京丹後市,,大宮市民局,,,629-2501,大宮町口大野２２６,,,https://www.city.kyotango.lg.jp/shiyakusho/bukyoku/shimin/omiya/index.html,yes,yes,1～4,4,0,0,yes,no,no,no,yes,no,,,button,button,yes,yes,yes,no,no,no,no,no,yes,,no,,barrier_free_facility_list,京都府内のバリアフリー施設一覧,https://www.pref.kyoto.jp/f-machi/hitoyasa.html,2026-09,402,,※多目的トイレは、１～４階に各１個 ※ベビーベッドは、１階多目的トイレのみ有り ※インターホンの設置は、夜間出入り口に設置
26,京都府,26212,京丹後市,,京都府立峰山高等学校　弥栄分校,,,627-0142,弥栄町黒部380,,,http://www.kyoto-be.ne.jp/yasaka-mineyama-hs/cms/,no,no,,,,,no,no,no,no,no,no,,,none,none,no,yes,yes,no,no,no,no,no,no,no,no,no,barrier_free_facility_list,京都府内のバリアフリー施設一覧,https://www.pref.kyoto.jp/f-machi/hitoyasa.html,2026-09,403,,
26,京都府,26212,京丹後市,,京都府立峰山高等学校,,,627-8688,峰山町古殿1185,,,http://www.kyoto-be.ne.jp/mineyama-hs/,yes,yes,1,1,0,0,no,no,no,no,no,no,,,button,button,yes,yes,yes,no,no,no,no,yes,no,no,no,no,barrier_free_facility_list,京都府内のバリアフリー施設一覧,https://www.pref.kyoto.jp/f-machi/hitoyasa.html,2026-09,404,,
26,京都府,26212,京丹後市,,京丹後市峰山途中ヶ丘公園,,,627-0042,峰山町長岡876番地,,,http://www.kyotango.net/ryokuka/pg13.html,yes,yes,1,1,,,no,no,no,no,no,no,,,button,button,yes,no,no,no,no,no,,no,no,no,no,no,barrier_free_facility_list,京都府内のバリアフリー施設一覧,https://www.pref.kyoto.jp/f-machi/hitoyasa.html,2026-09,405,,施設職員が受付で筆談に応じます。 ファックス送信サービス（有料）あります。 コピーサービス（有料）があります。
26,京都府,26212,京丹後市,,京丹後市やさか老人保健施設　ふくじゅ,,,627-0111,弥栄町溝谷５４２２−１,,,http://www.kyoshakyo.or.jp/kyotango/fukujyu.pdf,yes,yes,1～3,17,2,2,no,no,yes,no,no,no,,,,button,yes,yes,yes,no,no,no,no,no,,,,,barrier_free_facility_list,京都府内のバリアフリー施設一覧,https://www.pref.kyoto.jp/f-machi/hitoyasa.html,2026-09,406,,
26,京都府,26212,京丹後市,,京都府丹後広域振興局（峰山総合庁舎（本館））,,,627-8570,峰山町丹波８５５,,,http://www.pref.kyoto.jp/tango/,yes,yes,1,2,,,yes,no,no,no,yes,no,,,button,pull_cord,yes,yes,yes,no,no,yes,yes,yes,no,yes,yes,yes,barrier_free_facility_list,京都府内のバリアフリー施設一覧,https://www.pref.kyoto.jp/f-machi/hitoyasa.html,2026-09,407,,
26,京都府,26212,京丹後市,,アグリセンター大宮,,,629-2501,口大野２２８番地の１,,,,yes,,,,,,,,no,,no,,,,,,,,,,,,,,,,,,barrier_free_facility_list,京都府内のバリアフリー施設一覧,https://www.pref.kyoto.jp/f-machi/hitoyasa.html,2026-09,408,,職員が受付で筆談に応じます。 外部との出入り口に点字ブロックがあります。
26,京都府,26212,京丹後市,,京丹後市役所　弥栄庁舎,,,627-0111,弥栄町溝谷3464番地,,,http://www.city.kyotango.lg.jp,yes,yes,,,,,,,no,,yes,,,,,button,,yes,yes,,,,,,,,,,barrier_free_facility_list,京都府内のバリアフリー施設一覧,https://www.pref.kyoto.jp/f-machi/hitoyasa.html,2026-09,409,,
26,京都府,26212,京丹後市,,京丹後市峰山総合福祉センター,,,627-0012,峰山町杉谷６９１番地,,,http://www.city.kyotango.lg.jp,yes,yes,,,,,,,no,,yes,,,,,button,yes,yes,yes,,,yes,yes,,,yes,yes,yes,barrier_free_facility_list,京都府内のバリアフリー施設一覧,https://www.pref.kyoto.jp/f-machi/hitoyasa.html,2026-09,410,,
26,京都府,26212,京丹後市,,京都地方法務局京丹後支局,,,627-0021,峰山町吉原71,,,,yes,,,,,,,,no,,no,,,,,,,,,,,,,,,,,,barrier_free_facility_list,京都府内のバリアフリー施設一覧,https://www.pref.kyoto.jp/f-machi/hitoyasa.html,2026-09,411,,
26,京都府,26212,京丹後市,,外湯　花ゆうみ,,,629-3245,網野町浜詰256-1,,,hanayuumi.com,yes,,,,,,,,no,,yes,,,,,,,,,,,,,,,,,,barrier_free_facility_list,京都府内のバリアフリー施設一覧,https://www.pref.kyoto.jp/f-machi/hitoyasa.html,2026-09,412,,
26,京都府,26212,京丹後市,,セントラーレ・ホテル京丹後,,,629-2502,大宮町三坂105-15,,,http://www.centrale.co.jp/,yes,,,,,,,,no,,yes,,,,,,,,,,,,,,,,,,barrier_free_facility_list,京都府内のバリアフリー施設一覧,https://www.pref.kyoto.jp/f-machi/hitoyasa.html,2026-09,413,,
26,京都府,26212,京丹後市,,京都銀行久美浜支店,,,629-3404,久美浜町小字土居町３１１０－３,,,http://www.kyotobank.co.jp/,no,,,,,,,,no,,no,,,,,,,,,,,,,,,,,,barrier_free_facility_list,京都府内のバリアフリー施設一覧,https://www.pref.kyoto.jp/f-machi/hitoyasa.html,2026-09,414,,ATMは全台、視覚障がい者が音声ガイダンスに従ってご利用できるものとなっています。
26,京都府,26212,京丹後市,,京都銀行網野支店,,,629-3101,網野町網野小作り道367 丹後地域地場産業振興センター(アミティー丹後)1階,,,http://www.kyotobank.co.jp/,no,,,,,,,,no,,no,,,,,,,,,,,,,,,,,,barrier_free_facility_list,京都府内のバリアフリー施設一覧,https://www.pref.kyoto.jp/f-machi/hitoyasa.html,2026-09,415,,ATMは全台、視覚障がい者が音声ガイダンスに従ってご利用できるものとなっています。
26,京都府,26212,京丹後市,,丹後王国｢食のみやこ｣,,,627-0133,弥栄町鳥取１２３番地,,,http://tangooukoku.com/,yes,yes,1,6,,,yes,no,yes,no,yes,no,,,lever,pull_cord,yes,yes,yes,no,no,no,no,no,yes,yes,yes,no,barrier_free_facility_list,京都府内のバリアフリー施設一覧,https://www.pref.kyoto.jp/f-machi/hitoyasa.html,2026-09,416,,
26,京都府,26212,京丹後市,,ミニボートピア　京丹後,,,627-0005,峰山町新町1654,,,,no,,,,,,,,unknown,,unknown,,,,,,,,,,,,,,,,,,barrier_free_facility_list,京都府内のバリアフリー施設一覧,https://www.pref.kyoto.jp/f-machi/hitoyasa.html,2026-09,417,,
26,京都府,26212,京丹後市,,道の駅　くみはまＳＡＮＫＡＩＫＡＮ,,,629-3438,久美浜町浦明１７０９,,,http://www.sankaikan.net/index.html,yes,,,,,,,,no,,yes,,,,,,,,,,,,,,,,,,barrier_free_facility_list,京都府内のバリアフリー施設一覧,https://www.pref.kyoto.jp/f-machi/hitoyasa.html,2026-09,418,,貸し出し用の車いすは２台あります。
26,京都府,26212,京丹後市,,旅館　海舟,,,629-3245,網野町浜詰４６－４番地,,,http://www.kaisyu.co.jp/,yes,,,,,,,,no,,no,,,,,,,,,,,,,,,,,,barrier_free_facility_list,京都府内のバリアフリー施設一覧,https://www.pref.kyoto.jp/f-machi/hitoyasa.html,2026-09,419,,
26,京都府,26212,京丹後市,,みのり旅館,,,629-3245,網野町浜詰46-13,,,http://www.minoriryokan.com/,yes,,,,,,,,no,,no,,,,,,,,,,,,,,,,,,barrier_free_facility_list,京都府内のバリアフリー施設一覧,https://www.pref.kyoto.jp/f-machi/hitoyasa.html,2026-09,420,,
26,京都府,26212,京丹後市,,天女の里,,,627-0053,峰山町鱒留１６４２,,,http://tennyonosato.com,yes,,,,,,,,no,,no,,,,,,,,,,,,,,,,,,barrier_free_facility_list,京都府内のバリアフリー施設一覧,https://www.pref.kyoto.jp/f-machi/hitoyasa.html,2026-09,421,,外部との出入り口に車いす使用者が利用できるスロープがあります。 ゲートに施設職員と連絡できるインターホンがあります。 職員が受付で筆談に応じます。 ファックス送信サービス（有料）あります。 コピーサービス（有料）があります。
26,京都府,26212,京丹後市,,丹後温泉はしうど荘,,,627-0201,丹後町間人６３２－１,,,http://www.hashiudosou.com,yes,yes,1,1,,,,,yes,,no,,,,,,no,yes,yes,no,no,no,no,no,no,no,no,no,barrier_free_facility_list,京都府内のバリアフリー施設一覧,https://www.pref.kyoto.jp/f-machi/hitoyasa.html,2026-09,422,,外部との出入り口に自動ドアがあります。 職員が受付で筆談に応じます。 ファックス送信サービスあります。 外部との出入り口に点字ブロックがあります。浴室の入り口までがバリアフリーです。
26,京都府,26212,京丹後市,,京丹後市大宮社会体育館,,,629-2501,大宮町口大野２０８番地の１,,,,yes,,,,,,,,no,,no,,,,,,,,,,,,,,,,,,barrier_free_facility_list,京都府内のバリアフリー施設一覧,https://www.pref.kyoto.jp/f-machi/hitoyasa.html,2026-09,423,,
26,京都府,26212,京丹後市,,京丹後市網野高齢者すこやかセンター,,,629-3241,網野町木津８１９番地の１,,,,yes,,,,,,,,no,,no,,,,,,,,,,,,,,,,,,barrier_free_facility_list,京都府内のバリアフリー施設一覧,https://www.pref.kyoto.jp/f-machi/hitoyasa.html,2026-09,424,,
26,京都府,26212,京丹後市,,京丹後市丹後社会体育館,,,627-0211,丹後町大山８８番地,,,,yes,,,,,,,,no,,no,,,,,,,,,,,,,,,,,,barrier_free_facility_list,京都府内のバリアフリー施設一覧,https://www.pref.kyoto.jp/f-machi/hitoyasa.html,2026-09,425,,
26,京都府,26212,京丹後市,,京丹後市かぶと山公園,,,629-3442,久美浜町２６２５番地,,,なし,yes,,,,,,,,no,,no,,,,,,,,,,,,,,,,,,barrier_free_facility_list,京都府内のバリアフリー施設一覧,https://www.pref.kyoto.jp/f-machi/hitoyasa.html,2026-09,426,,
26,京都府,26212,京丹後市,,京丹後市峰山総合公園,,,627-0004,峰山町荒山248番地,,,http://www.kyotango.net/ryokuka/pg15.html,yes,,,,,,,,no,,yes,,,,,,,,,,,,,,,,,,barrier_free_facility_list,京都府内のバリアフリー施設一覧,https://www.pref.kyoto.jp/f-machi/hitoyasa.html,2026-09,427,,
26,京都府,26212,京丹後市,,京丹後市大宮自然運動公園,,,629-2504,大宮町善王寺３５４番地,,,,yes,,,,,,,,no,,no,,,,,,,,,,,,,,,,,,barrier_free_facility_list,京都府内のバリアフリー施設一覧,https://www.pref.kyoto.jp/f-machi/hitoyasa.html,2026-09,428,,
26,京都府,26212,京丹後市,,京丹後市マスタービレッジ～大宮ふれあい工房～,,,629-2523,大宮町三坂１０５－１２,,,,yes,,,,,,,,no,,no,,,,,,,,,,,,,,,,,,barrier_free_facility_list,京都府内のバリアフリー施設一覧,https://www.pref.kyoto.jp/f-machi/hitoyasa.html,2026-09,429,,外部との出入り口に車いす使用者が利用できるスロープがあります。 外部との出入り口に自動ドアがあります
26,京都府,26212,京丹後市,,ホームセンター　ジュンテンドーマイン峰山店,,,627-0005,峰山町新町1701番地,,,http://www.juntendo.co.jp/,yes,,,,,,,,no,,no,,,,,,,,,,,,,,,,,,barrier_free_facility_list,京都府内のバリアフリー施設一覧,https://www.pref.kyoto.jp/f-machi/hitoyasa.html,2026-09,430,,
26,京都府,26212,京丹後市,,峰山・大宮浄化センター,,,627-0011,峰山町丹波７５,,,,yes,,,,,,,,no,,no,,,,,,,,,,,,,,,,,,barrier_free_facility_list,京都府内のバリアフリー施設一覧,https://www.pref.kyoto.jp/f-machi/hitoyasa.html,2026-09,431,,職員が受付で筆談に応じます。 外部との出入り口に点字ブロックがあります。
26,京都府,26212,京丹後市,,京都府丹後保健所,,,627-8570,峰山町丹波８５５,,,http://www.pref.kyoto.jp/tango/ho-tango/,yes,,,,,,,,no,,yes,,,,,,,,,,,,,,,,,,barrier_free_facility_list,京都府内のバリアフリー施設一覧,https://www.pref.kyoto.jp/f-machi/hitoyasa.html,2026-09,432,,階段昇降機１台あり
26,京都府,26212,京丹後市,,京丹後市網野体育センター,,,629-3101,網野町網野４１８番地,,,https://g-kyoto.pref.kyoto.lg.jp/reserve_j/html2/212302.htm,yes,,,,,,,,no,,no,,,,,,,,,,,,,,,,,,barrier_free_facility_list,京都府内のバリアフリー施設一覧,https://www.pref.kyoto.jp/f-machi/hitoyasa.html,2026-09,433,,
26,京都府,26212,京丹後市,,公益財団法人丹後中央病院,,,627-8555,峰山町杉谷158番地の１,,,http://www.tangohp.com/,yes,,,,,,,,yes,,yes,,,,,,,,,,,,,,,,,,barrier_free_facility_list,京都府内のバリアフリー施設一覧,https://www.pref.kyoto.jp/f-machi/hitoyasa.html,2026-09,434,,
26,京都府,26212,京丹後市,,京丹後市役所,,,627-8567,峰山町杉谷889番地,,,http://www.city.kyotango.kyoto.jp/,yes,,,,,,,,no,,yes,,,,,,,,,,,,,,,,,,barrier_free_facility_list,京都府内のバリアフリー施設一覧,https://www.pref.kyoto.jp/f-machi/hitoyasa.html,2026-09,435,,
26,京都府,26212,京丹後市,,京丹後市峰山林業総合センター,,,627-0052,峰山町五箇44番地の1,,,,yes,,,,,,,,no,,no,,,,,,,,,,,,,,,,,,barrier_free_facility_list,京都府内のバリアフリー施設一覧,https://www.pref.kyoto.jp/f-machi/hitoyasa.html,2026-09,436,,"利用料 ●小会議室　午前600円（400円）午後800円（500円）夜間1,000円（600円） ●中会議室　午前800円（600円）午後1,100円（700円）夜間1,400円（800円） ●大会議室　午前1,200円（800円）午後1,600円（1,000円）夜間2,000円（1,200円） （　）は冷暖房料"
26,京都府,26212,京丹後市,,ＪＡ京都網野支店,,,629-3101,網野町網野２３８-２番地,,,http://www.jabankkyoto.or.jp/（JAバンク京都のホー,no,,,,,,,,no,,no,,,,,,,,,,,,,,,,,,barrier_free_facility_list,京都府内のバリアフリー施設一覧,https://www.pref.kyoto.jp/f-machi/hitoyasa.html,2026-09,437,,Ａコープ店前では地場の野菜など特産品も販売しております。 職員が受付で筆談に応じます。 ファックス送信サービス（有料）あります。 外部との出入り口に点字ブロックがあります。  地元密着の金融機関大きな駐車場と明るい施設内が自慢です。Ａコープでのお買い物もご利用ください。
26,京都府,26212,京丹後市,,宇川温泉　よし野の里,,,629-0242,丹後町大久僧１５６２番地,,,http://ukawaonsen.jp/,yes,,,,,,,,no,,no,,,,,,,,,,,,,,,,,,barrier_free_facility_list,京都府内のバリアフリー施設一覧,https://www.pref.kyoto.jp/f-machi/hitoyasa.html,2026-09,438,,職員が受付で筆談に応じます。 ファックス送信サービス（有料）あります。 おむつ換え用のベビーシートがあります。 外部との出入り口に点字ブロックがあります。
26,京都府,26212,京丹後市,,京丹後市立峰山図書館,,,627-0012,峰山町杉谷1030,,,http://www.city.kyotango.kyoto.jp/kurashi/kyoiku/toshokan/kyotango_city_library/,yes,,,,,,,,no,,yes,,,,,,,,,,,,,,,,,,barrier_free_facility_list,京都府内のバリアフリー施設一覧,https://www.pref.kyoto.jp/f-machi/hitoyasa.html,2026-09,439,,貸し出しの車いすは峰山地域公民館所有のものです
26,京都府,26212,京丹後市,,京丹後市立丹後古代の里資料館,,,627-0228,丹後町宮108,,,http://www.city.kyotango.kyoto.jp/museum,yes,,,,,,,,no,,no,,,,,,,,,,,,,,,,,,barrier_free_facility_list,京都府内のバリアフリー施設一覧,https://www.pref.kyoto.jp/f-machi/hitoyasa.html,2026-09,440,,
26,京都府,26212,京丹後市,,京丹後市立丹後地域公民館,,,627-0201,丹後間人2624　丹後地域公民館1階内,,,http://www.city.kyotango.kyoto.jp/kurash,yes,,,,,,,,no,,no,,,,,,,,,,,,,,,,,,barrier_free_facility_list,京都府内のバリアフリー施設一覧,https://www.pref.kyoto.jp/f-machi/hitoyasa.html,2026-09,441,,
26,京都府,26212,京丹後市,,京丹後市火葬場,,,627-0006,峰山町赤坂小字麦ヶ谷2番地の1,,,,no,,,,,,,,unknown,,unknown,,,,,,,,,,,,,,,,,,barrier_free_facility_list,京都府内のバリアフリー施設一覧,https://www.pref.kyoto.jp/f-machi/hitoyasa.html,2026-09,442,,
26,京都府,26212,京丹後市,,農林水産技術センター 畜産センター 碇高原牧場,,,627-0248,丹後町碇１,,,http://www.pref.kyoto.jp/chikken/,no,,,,,,,,no,,no,,,,,,,,,,,,,,,,,,barrier_free_facility_list,京都府内のバリアフリー施設一覧,https://www.pref.kyoto.jp/f-machi/hitoyasa.html,2026-09,443,,
26,京都府,26212,京丹後市,,農林水産技術センター 農林センター 丹後農業研究所,,,627-0142,弥栄町黒部４８８,,,http://www.pref.kyoto.jp/tango-noken/,no,,,,,,,,unknown,,unknown,,,,,,,,,,,,,,,,,,barrier_free_facility_list,京都府内のバリアフリー施設一覧,https://www.pref.kyoto.jp/f-machi/hitoyasa.html,2026-09,444,,
26,京都府,26212,京丹後市,,フレッシュバザール網野店,,,629-3101,網野町網野４６番地１,,,,no,,,,,,,,unknown,,unknown,,,,,,,,,,,,,,,,,,barrier_free_facility_list,京都府内のバリアフリー施設一覧,https://www.pref.kyoto.jp/f-machi/hitoyasa.html,2026-09,445,,
26,京都府,26212,京丹後市,,京丹後市網野庁舎,,,629-3101,網野町網野353番地の1,,,,no,,,,,,,,no,,no,,,,,,,,,,,,,,,,,,barrier_free_facility_list,京都府内のバリアフリー施設一覧,https://www.pref.kyoto.jp/f-machi/hitoyasa.html,2026-09,446,,
26,京都府,26212,京丹後市,,京丹後市網野健康福祉センター(網野市民局),,,629-3101,網野町網野３８５－１,,,,no,yes,"1,2",1,,,no,no,no,no,yes,no,,,button,pull_cord,yes,yes,yes,no,no,yes,yes,no,no,no,no,no,barrier_free_facility_list,京都府内のバリアフリー施設一覧,https://www.pref.kyoto.jp/f-machi/hitoyasa.html,2026-09,447,,
26,京都府,26212,京丹後市,,丹後・知恵のものづくりパーク,,,627-0004,峰山町荒山２２５,,,備考欄参照,yes,,,,,,,,yes,,no,,,,,,,,,,,,,,,,,,barrier_free_facility_list,京都府内のバリアフリー施設一覧,https://www.pref.kyoto.jp/f-machi/hitoyasa.html,2026-09,448,,＜お問い合わせ＞ 公益財団法人京都産業21 北部支援センター 電話番号　0772-69-3675 ＦＡＸ　　0772-69-3880 ホームページ　http://www.ki21.jp/hokubu/  京都府織物・機械金属振興センター 電話番号　0772-62-7400 ＦＡＸ　　0772-62-5240 ホームページ　http://www.silk.pref.kyoto.jp/
26,京都府,26212,京丹後市,,京丹後市立弥栄病院,,,627-0111,弥栄町溝谷3452番地の1,,,https://www.city.kyotango.lg.jp/yasaka_hospital/index.html,no,yes,,1,,,,,unknown,,unknown,,,,button,button,yes,yes,yes,,,,,no,,,,,barrier_free_facility_list,京都府内のバリアフリー施設一覧,https://www.pref.kyoto.jp/f-machi/hitoyasa.html,2026-09,449,,
26,京都府,26212,京丹後市,,丹後地域地場産業振興センター「アミティ丹後」,,,629-3101,網野町網野３６７番地,,,http://www.tango.jibasan.jp/,no,,,,,,,,no,,no,,,,,,,,,,,,,,,,,,barrier_free_facility_list,京都府内のバリアフリー施設一覧,https://www.pref.kyoto.jp/f-machi/hitoyasa.html,2026-09,450,,職員が窓口で筆談に応じます。（売店レジでも可）  毎週日曜日にはアミティ丹後特設会場でたんご朝市を開催しています。丹後の特産品や海の幸、里・山の恵みがいっぱいです。是非お越しください。
26,京都府,26212,京丹後市,,京丹後市竹野川衛生センター,,,627-0131,弥栄町和田野38-1,,,,no,,,,,,,,no,,no,,,,,,,,,,,,,,,,,,barrier_free_facility_list,京都府内のバリアフリー施設一覧,https://www.pref.kyoto.jp/f-machi/hitoyasa.html,2026-09,451,,
26,京都府,26212,京丹後市,,京丹後市網野保健センター,,,629-3101,網野町網野371番地,,,http://www.city.kyotango.lg.jp/kurashi/kenko/health_center/amino/index.html,yes,,,,,,,,no,,no,,,,,,,,,,,,,,,,,,barrier_free_facility_list,京都府内のバリアフリー施設一覧,https://www.pref.kyoto.jp/f-machi/hitoyasa.html,2026-09,452,,
26,京都府,26212,京丹後市,,京丹後市弥栄地域公民館,,,627-0111,弥栄町溝谷３４４３－２,,,,no,yes,,,,,,,unknown,,unknown,,,,,,,,,,,,,no,no,no,no,no,barrier_free_facility_list,京都府内のバリアフリー施設一覧,https://www.pref.kyoto.jp/f-machi/hitoyasa.html,2026-09,453,,
26,京都府,26212,京丹後市,,京丹後市峰山地域公民館,,,627-0012,峰山町杉谷1030番地,,,http://www.city.kyotango.lg.jp/,yes,yes,1・2 1階・2階　男女共同各1,2,,,no,no,no,no,no,no,,,button,button,yes,yes,yes,no,no,no,no,no,no,no,no,no,barrier_free_facility_list,京都府内のバリアフリー施設一覧,https://www.pref.kyoto.jp/f-machi/hitoyasa.html,2026-09,454,,職員が受付で筆談に応じます。 コピーサービス（有料）が有ります。 外部との出入り口に点字ブロックが有ります。 生涯学習の中核施設として、市民の幅広い層の生活・文化・教養の向上をはかるため、 各種教室・講座・会議・研修・レクリエーション・文化活動の場として利用してください。
26,京都府,26212,京丹後市,,森林公園スイス村,,,627-0101,弥栄町野中２５６２,,,http://www.swissmura-homepage.mints.ne.jp/swiss/,yes,,,,,,,,no,,no,,,,,,,,,,,,,,,,,,barrier_free_facility_list,京都府内のバリアフリー施設一覧,https://www.pref.kyoto.jp/f-machi/hitoyasa.html,2026-09,455,,
26,京都府,26212,京丹後市,,丹後浄化センター,,,627-0201,丹後町間人５０１,,,,no,,,,,,,,unknown,,unknown,,,,,,,,,,,,,,,,,,barrier_free_facility_list,京都府内のバリアフリー施設一覧,https://www.pref.kyoto.jp/f-machi/hitoyasa.html,2026-09,456,,
26,京都府,26212,京丹後市,,フレッシュバザール峰山パーク店,,,627-0004,峰山町荒山１８２,,,,yes,,,,,,,,yes,,no,,,,,,,,,,,,,,,,,,barrier_free_facility_list,京都府内のバリアフリー施設一覧,https://www.pref.kyoto.jp/f-machi/hitoyasa.html,2026-09,457,,
26,京都府,26212,京丹後市,,来来亭　京丹後店,,,629-2502,大宮町河辺７５０－５,,,,no,,,,,,,,unknown,,unknown,,,,,,,,,,,,,,,,,,barrier_free_facility_list,京都府内のバリアフリー施設一覧,https://www.pref.kyoto.jp/f-machi/hitoyasa.html,2026-09,458,,
26,京都府,26212,京丹後市,,カトリック丹後大宮教会,,,629-2503,大宮町周枳２１７６－１,,,,no,,,,,,,,unknown,,unknown,,,,,,,,,,,,,,,,,,barrier_free_facility_list,京都府内のバリアフリー施設一覧,https://www.pref.kyoto.jp/f-machi/hitoyasa.html,2026-09,459,,
26,京都府,26212,京丹後市,,京都府京丹後警察署　久美浜交番,,,629-3410,久美浜町3424－１,,,http://www.pref.kyoto.jp/fukei,yes,yes,1,1,,,no,no,no,no,no,no,,,button,button,no,no,no,no,no,no,no,yes,no,no,no,no,barrier_free_facility_list,京都府内のバリアフリー施設一覧,https://www.pref.kyoto.jp/f-machi/hitoyasa.html,2026-09,460,,
26,京都府,26212,京丹後市,,京都府京丹後警察署　網野交番,,,629-3101,網野町網野236,,,http://www.pref.kyoto.jp/fukei/,yes,yes,1,1,,,no,no,no,no,no,no,,,button,button,yes,no,no,no,no,no,no,yes,no,no,no,no,barrier_free_facility_list,京都府内のバリアフリー施設一覧,https://www.pref.kyoto.jp/f-machi/hitoyasa.html,2026-09,461,,
26,京都府,26212,京丹後市,,京都府京丹後警察署,,,627-0042,峰山町長岡469ー１,,,http://www.pref.kyoto.jp/fukei/,yes,yes,1,1,,,no,no,no,no,no,no,,,button,button,no,yes,yes,no,no,no,no,yes,no,no,no,no,barrier_free_facility_list,京都府内のバリアフリー施設一覧,https://www.pref.kyoto.jp/f-machi/hitoyasa.html,2026-09,462,,
26,京都府,26212,京丹後市,,峰山ショッピングセンター マイン,,,627-0005,峰山町新町１６０６－１,,,,no,,,,,,,,unknown,,unknown,,,,,,,,,,,,,,,,,,barrier_free_facility_list,京都府内のバリアフリー施設一覧,https://www.pref.kyoto.jp/f-machi/hitoyasa.html,2026-09,463,,
26,京都府,26212,京丹後市,,京都北都信用金庫　大宮支店,,,629-2503,大宮町周枳１９５７－１,,,,no,,,,,,,,unknown,,unknown,,,,,,,,,,,,,,,,,,barrier_free_facility_list,京都府内のバリアフリー施設一覧,https://www.pref.kyoto.jp/f-machi/hitoyasa.html,2026-09,464,,
26,京都府,26212,京丹後市,,京丹後市国民健康保険直営間人診療所,,,627-0201,丹後町間人１６９９,,,,no,,,,,,,,unknown,,unknown,,,,,,,,,,,,,,,,,,barrier_free_facility_list,京都府内のバリアフリー施設一覧,https://www.pref.kyoto.jp/f-machi/hitoyasa.html,2026-09,465,,
26,京都府,26212,京丹後市,,府立久美浜高等学校,,,629-3444,久美浜町橋爪６５,,,,no,,,,,,,,unknown,,unknown,,,,,,,,,,,,,,,,,,barrier_free_facility_list,京都府内のバリアフリー施設一覧,https://www.pref.kyoto.jp/f-machi/hitoyasa.html,2026-09,466,,
26,京都府,26212,京丹後市,,八丁浜シーサイドパーク,,,629-3104,網野町浅茂川３７７－８０８０,,,,no,,,,,,,,unknown,,unknown,,,,,,,,,,,,,,,,,,barrier_free_facility_list,京都府内のバリアフリー施設一覧,https://www.pref.kyoto.jp/f-machi/hitoyasa.html,2026-09,467,,
26,京都府,26212,京丹後市,,網野浄化センター,,,629-3104,網野町浅茂川４３－１,,,,no,,,,,,,,unknown,,unknown,,,,,,,,,,,,,,,,,,barrier_free_facility_list,京都府内のバリアフリー施設一覧,https://www.pref.kyoto.jp/f-machi/hitoyasa.html,2026-09,468,,
26,京都府,26212,京丹後市,,京丹後市丹後庁舎,,,627-0201,丹後町間人１７８０,,,,no,,,,,,,,unknown,,unknown,,,,,,,,,,,,,,,,,,barrier_free_facility_list,京都府内のバリアフリー施設一覧,https://www.pref.kyoto.jp/f-machi/hitoyasa.html,2026-09,469,,
26,京都府,26212,京丹後市,,ドコモショップ峰山店,,,627-0005,峰山町新町荒木ノ１７４０,,,,no,,,,,,,,unknown,,unknown,,,,,,,,,,,,,,,,,,barrier_free_facility_list,京都府内のバリアフリー施設一覧,https://www.pref.kyoto.jp/f-machi/hitoyasa.html,2026-09,470,,
26,京都府,26212,京丹後市,,ドコモショップ網野店,,,629-3101,網野町網野１３５－２,,,,no,,,,,,,,unknown,,unknown,,,,,,,,,,,,,,,,,,barrier_free_facility_list,京都府内のバリアフリー施設一覧,https://www.pref.kyoto.jp/f-machi/hitoyasa.html,2026-09,471,,
26,京都府,26212,京丹後市,,網野地域公民館,,,629-3101,網野町網野４１８,,,,no,,,,,,,,unknown,,unknown,,,,,,,,,,,,,,,,,,barrier_free_facility_list,京都府内のバリアフリー施設一覧,https://www.pref.kyoto.jp/f-machi/hitoyasa.html,2026-09,472,,
26,京都府,26212,京丹後市,,大宮地域公民館,,,629-2501,大宮町口大野２２８－１,,,,no,,,,,,,,unknown,,unknown,,,,,,,,,,,,,,,,,,barrier_free_facility_list,京都府内のバリアフリー施設一覧,https://www.pref.kyoto.jp/f-machi/hitoyasa.html,2026-09,473,,
26,京都府,26212,京丹後市,,橘野浄化センター,,,629-3245,網野町浜詰３２－３,,,,no,,,,,,,,unknown,,unknown,,,,,,,,,,,,,,,,,,barrier_free_facility_list,京都府内のバリアフリー施設一覧,https://www.pref.kyoto.jp/f-machi/hitoyasa.html,2026-09,474,,
26,京都府,26212,京丹後市,,京丹後市大宮庁舎,,,629-2501,大宮町口大野226,,,http://www.city.kyotango.kyoto.jp/shiyakusho/chosha/omiya.html,yes,,,,,,,,no,,no,,,,,,,,,,,,,,,,,,barrier_free_facility_list,京都府内のバリアフリー施設一覧,https://www.pref.kyoto.jp/f-machi/hitoyasa.html,2026-09,475,,
26,京都府,26407,京丹波町,,畑川浄水場,,,622-0201,下山クラベシ41番地,,,http://www.town.kiyotamba.kyoto.jp/,,yes,1,1,,,yes,,,,,,,,button,none,,yes,yes,,,,,no,no,no,no,no,barrier_free_facility_list,京都府内のバリアフリー施設一覧,https://www.pref.kyoto.jp/f-machi/hitoyasa.html,2026-09,476,,
26,京都府,26407,京丹波町,,京丹波町役場(新庁舎),,,622-0292,蒲生蒲生野487番地1,,,http://www.town.kyotamba.kyoto.jp/,yes,yes,"1,2",2,,,yes,yes,yes,no,yes,yes,,,button,button,yes,yes,yes,no,no,yes,yes,no,no,yes,yes,no,barrier_free_facility_list,京都府内のバリアフリー施設一覧,https://www.pref.kyoto.jp/f-machi/hitoyasa.html,2026-09,477,,
26,京都府,26407,京丹波町,,京都府立丹波自然運動公園（南駐車場）,,,622-0232,曽根崩下代110-7,,,http://www.kyoto-tanbapark.or.jp/,yes,yes,1,1,,,no,no,no,no,no,no,,,button,button,no,no,no,no,no,no,no,yes,no,no,no,no,barrier_free_facility_list,京都府内のバリアフリー施設一覧,https://www.pref.kyoto.jp/f-machi/hitoyasa.html,2026-09,478,,
26,京都府,26407,京丹波町,,京都府立丹波自然運動公園（中央駐車場）,,,622-0232,曽根崩下代110-7,,,http://www.kyoto-tanbapark.or.jp/,,,,,,,,,,,,,,,,,,,,,,,,,,,,,barrier_free_facility_list,京都府内のバリアフリー施設一覧,https://www.pref.kyoto.jp/f-machi/hitoyasa.html,2026-09,479,,
26,京都府,26407,京丹波町,,京都府立丹波自然運動公園（軟式野球場）,,,622-0232,曽根崩下代110-7,,,http://www.kyoto-tanbapark.or.jp/,yes,yes,1,,1,1,no,no,no,no,yes,no,,,button,button,yes,no,no,no,no,no,no,no,no,no,yes,no,barrier_free_facility_list,京都府内のバリアフリー施設一覧,https://www.pref.kyoto.jp/f-machi/hitoyasa.html,2026-09,480,,
26,京都府,26407,京丹波町,,道の駅　｢和｣,,,629-1131,坂原上モジリ11番地,,,,yes,yes,1,2,1,1,yes,no,yes,no,yes,no,,,lever,button,yes,,,no,yes,no,,no,no,yes,yes,no,barrier_free_facility_list,京都府内のバリアフリー施設一覧,https://www.pref.kyoto.jp/f-machi/hitoyasa.html,2026-09,481,,
26,京都府,26407,京丹波町,,道の駅　丹波マーケス,,,622-0213,須知色紙田3番地5,,,http://www.tamba-markeds.com/,yes,yes,1,2,,,,yes,yes,,yes,yes,,,none,button,yes,yes,yes,,yes,,,no,no,yes,yes,no,barrier_free_facility_list,京都府内のバリアフリー施設一覧,https://www.pref.kyoto.jp/f-machi/hitoyasa.html,2026-09,482,,授乳室があります。 大人用ベッドがあります。
26,京都府,26407,京丹波町,,道の駅｢京丹波味夢の里｣,,,622-0232,曽根深シノ65-1,,,http://ajim.info,yes,yes,1,2,,,yes,unknown,yes,unknown,unknown,unknown,,,sensor,button,yes,yes,yes,no,yes,yes,yes,no,yes,yes,yes,no,barrier_free_facility_list,京都府内のバリアフリー施設一覧,https://www.pref.kyoto.jp/f-machi/hitoyasa.html,2026-09,483,,
26,京都府,26407,京丹波町,,京都府立須知高等学校,,,622-0231,豊田下川原１６６－１,,,http://www.kyoto-be.ne.jp/syuuchi-hs/,yes,yes,1,1,,,no,no,no,no,no,no,,,button,pull_cord,yes,yes,yes,no,no,no,no,yes,no,no,no,no,barrier_free_facility_list,京都府内のバリアフリー施設一覧,https://www.pref.kyoto.jp/f-machi/hitoyasa.html,2026-09,484,,
26,京都府,26407,京丹波町,,京都府立丹波自然運動公園（体育館）,,,622-0232,曽根崩下代110-7,,,http://www.kyoto-tanbapark.or.jp,yes,yes,1,3,,,no,no,no,no,no,no,,,lever,none,yes,no,no,no,no,no,no,no,no,no,no,no,barrier_free_facility_list,京都府内のバリアフリー施設一覧,https://www.pref.kyoto.jp/f-machi/hitoyasa.html,2026-09,485,,
26,京都府,26407,京丹波町,,京都府立丹波自然運動公園(テニスコート・クラブハウス),,,622-0232,曽根崩下代110-7,,,http://www.kyoto-tanbapark.or.jp/,yes,yes,"1F,2F",2,,,no,no,no,no,yes,no,,,button,button,yes,no,no,no,no,no,no,no,no,no,yes,no,barrier_free_facility_list,京都府内のバリアフリー施設一覧,https://www.pref.kyoto.jp/f-machi/hitoyasa.html,2026-09,486,,
26,京都府,26407,京丹波町,,京都府立丹波自然運動公園（陸上競技場）,,,622-0232,曽根崩下代110-7,,,http://www.kyoto-tanbapark.or.jp/,yes,yes,1，2,5,,,no,no,no,no,yes,no,,,button,button,yes,no,no,no,no,no,no,no,no,no,yes,no,barrier_free_facility_list,京都府内のバリアフリー施設一覧,https://www.pref.kyoto.jp/f-machi/hitoyasa.html,2026-09,487,,
26,京都府,26407,京丹波町,,京都府立丹波自然運動公園（中央広場トイレ）,,,622-0232,曽根崩下代110-7,,,http://www.kyoto-tanbapark.or.jp/,yes,yes,1,,1,1,no,no,no,no,yes,no,,,button,button,no,no,no,no,no,no,no,no,no,no,yes,no,barrier_free_facility_list,京都府内のバリアフリー施設一覧,https://www.pref.kyoto.jp/f-machi/hitoyasa.html,2026-09,488,,
26,京都府,26407,京丹波町,,京都府立丹波自然運動公園（補助競技場）,,,622-0232,曽根崩下代110-7,,,http://www.kyoto-tanbapark.or.jp/,yes,yes,1,,1,1,no,no,no,no,yes,no,,,button,button,yes,yes,yes,no,no,no,no,no,no,no,yes,no,barrier_free_facility_list,京都府内のバリアフリー施設一覧,https://www.pref.kyoto.jp/f-machi/hitoyasa.html,2026-09,489,,
26,京都府,26407,京丹波町,,京都府立丹波自然運動公園（南門付近トイレ）,,,622-0232,曽根崩下代110-7,,,http://www.kyoto-tanbapark.or.jp/,yes,yes,1,,1,1,no,no,no,no,yes,no,,,button,button,yes,no,no,no,no,no,no,no,no,no,yes,no,barrier_free_facility_list,京都府内のバリアフリー施設一覧,https://www.pref.kyoto.jp/f-machi/hitoyasa.html,2026-09,490,,
26,京都府,26407,京丹波町,,丹波桜梅園,,,622-0331,中台桜梅37番地,,,http://www.ktb2.zaq.ne.jp/gfajp600/,no,yes,1,2,,,yes,,unknown,,unknown,,,,sensor,button,yes,yes,yes,no,no,no,no,no,no,no,no,no,barrier_free_facility_list,京都府内のバリアフリー施設一覧,https://www.pref.kyoto.jp/f-machi/hitoyasa.html,2026-09,491,,
26,京都府,26407,京丹波町,,国保京丹波町病院和知診療所,,,629-1121,本庄今福５,,,http://www.kyotamba-hospital.jp/branch/wachi.html,yes,yes,1,1,,,yes,no,yes,no,no,no,,,button,pull_cord,yes,yes,yes,no,no,no,no,no,no,no,no,no,barrier_free_facility_list,京都府内のバリアフリー施設一覧,https://www.pref.kyoto.jp/f-machi/hitoyasa.html,2026-09,492,,同敷地内の和知歯科診療所をご利用の方も、ご利用いただけます。
26,京都府,26407,京丹波町,,京丹波町和知ふれあいセンター,,,629-1121,本庄花ノ木1－4,,,http://www.town.kyotamba.kyoto.jp/,yes,yes,1、2,2,,,no,unknown,no,unknown,no,unknown,,,button,none,no,yes,yes,no,no,no,no,yes,yes,no,no,no,barrier_free_facility_list,京都府内のバリアフリー施設一覧,https://www.pref.kyoto.jp/f-machi/hitoyasa.html,2026-09,493,,
26,京都府,26407,京丹波町,,須知川水辺公園,,,622-0292,上野岼ノ下地内,,,,yes,yes,1,1,,,,,no,,no,,,,button,none,,,,,,,,yes,no,no,no,no,barrier_free_facility_list,京都府内のバリアフリー施設一覧,https://www.pref.kyoto.jp/f-machi/hitoyasa.html,2026-09,494,,外部との出入り口に車いす使用者が利用できるスロープがあります。 施設内を車いすで介護者と一緒に移動できます。
26,京都府,26407,京丹波町,,京丹波町瑞穂保健福祉センター,,,622-0311,和田田中6－1,,,http://www.town.kyotamba.kyoto.jp/,yes,yes,1,2,,,yes,,yes,,no,,,,button,button,yes,yes,yes,,,,,no,no,no,no,no,barrier_free_facility_list,京都府内のバリアフリー施設一覧,https://www.pref.kyoto.jp/f-machi/hitoyasa.html,2026-09,495,,
26,京都府,26407,京丹波町,,わち山野草の森,,,629-1131,坂原シヨガキ５,,,http://www.ktb.zaq.ne.jp/gfals309/,yes,yes,1,1,,,no,no,no,no,no,no,,,lever,button,yes,yes,yes,no,no,no,no,no,no,no,no,no,barrier_free_facility_list,京都府内のバリアフリー施設一覧,https://www.pref.kyoto.jp/f-machi/hitoyasa.html,2026-09,496,,
26,京都府,26407,京丹波町,,わちグラウンド,,,629-1141,安栖里寺田３７番地,,,,no,no,,,,,,,unknown,,unknown,,,,,,no,no,no,no,no,no,no,unknown,,,,,barrier_free_facility_list,京都府内のバリアフリー施設一覧,https://www.pref.kyoto.jp/f-machi/hitoyasa.html,2026-09,497,,
26,京都府,26407,京丹波町,,中部マスターズビレッジ　みずほガーデンロッジ,,,622-0324,八田市ノ山18,,,http://www.greenlandmizuho.co.jp/,yes,yes,1,1,,,yes,no,no,no,yes,,,,lever,button,yes,yes,,no,yes,no,yes,no,no,no,yes,no,barrier_free_facility_list,京都府内のバリアフリー施設一覧,https://www.pref.kyoto.jp/f-machi/hitoyasa.html,2026-09,498,,建物出入口から一番ちかい車いすトイレは、道の駅にあります。 ゲートに施設職員と連絡できるインターホンがあります。 施設内を車いすで移動できます。 ファックス送信サービス（有料）あります。 視覚障害者誘導用のチャイムがあります。
26,京都府,26407,京丹波町,,三ノ宮郵便局,,,622-0303,三ノ宮高尾１－７,,,,no,no,,,,,,,unknown,,unknown,,,,,,,,,,,,,no,no,no,no,no,barrier_free_facility_list,京都府内のバリアフリー施設一覧,https://www.pref.kyoto.jp/f-machi/hitoyasa.html,2026-09,499,,
26,京都府,26407,京丹波町,,京丹波ＰＡトイレ棟,,,622-0232,曽根深シノ66-2,,,http://www.kyo-miti.jp/,yes,yes,1,2,,,yes,yes,yes,no,yes,yes,,,sensor,pull_cord,yes,yes,yes,no,no,yes,yes,no,no,no,no,no,barrier_free_facility_list,京都府内のバリアフリー施設一覧,https://www.pref.kyoto.jp/f-machi/hitoyasa.html,2026-09,500,,オストメイト設備は、多目的トイレの他、専用個室ブースを設置しています。男子トイレ内１、女子トイレ内２あります。
26,京都府,26407,京丹波町,,京丹波町役場和知支所,,,629-1192,本庄ウエ16番地,,,http://www.town.kyotamba.kyoto.jp/,yes,yes,1,1,,,no,no,no,no,no,no,,,,button,no,no,no,no,no,no,no,no,no,no,no,no,barrier_free_facility_list,京都府内のバリアフリー施設一覧,https://www.pref.kyoto.jp/f-machi/hitoyasa.html,2026-09,501,,
26,京都府,26407,京丹波町,,京都府立丹波自然運動公園（球技場）,,,622-0232,曽根崩下代110-7,,,http://www.kyoto-tanbapark.or.jp/,yes,yes,1,,1,1,no,no,no,no,no,no,,,button,pull_cord,no,no,no,no,no,yes,no,yes,no,no,no,no,barrier_free_facility_list,京都府内のバリアフリー施設一覧,https://www.pref.kyoto.jp/f-machi/hitoyasa.html,2026-09,502,,
26,京都府,26407,京丹波町,,京都府立丹波自然運動公園（プール）,,,622-0232,曽根崩下代110-7,,,http://www.kyoto-tanbapark.or.jp/,yes,yes,1,1,,,no,no,no,no,no,no,,,button,button,no,yes,yes,no,no,no,no,no,no,yes,yes,no,barrier_free_facility_list,京都府内のバリアフリー施設一覧,https://www.pref.kyoto.jp/f-machi/hitoyasa.html,2026-09,503,,
26,京都府,26407,京丹波町,,京都府立丹波自然運動公園（京都トレーニングセンター・宿泊施設）,,,622-0232,曽根崩下代110-7,,,http://www.kyoto-tanbapark.or.jp/,yes,yes,地下・１F・2F,2,2,2,yes,no,no,no,yes,yes,,,button,button,yes,yes,yes,no,no,no,no,no,yes,yes,yes,no,barrier_free_facility_list,京都府内のバリアフリー施設一覧,https://www.pref.kyoto.jp/f-machi/hitoyasa.html,2026-09,504,,
26,京都府,26407,京丹波町,,京都府立丹波自然運動公園（こどもの広場）,,,622-0232,曽根崩下代110-7,,,http://www.kyoto-tanbapark.or.jp/,yes,yes,1,,1,1,no,no,yes,no,yes,no,,,button,button,yes,yes,yes,no,no,no,no,no,no,yes,yes,no,barrier_free_facility_list,京都府内のバリアフリー施設一覧,https://www.pref.kyoto.jp/f-machi/hitoyasa.html,2026-09,505,,
26,京都府,26407,京丹波町,,京都府立丹波自然運動公園（管理棟）,,,622-0232,曽根崩下代110－７,,,http://www.kyoto-tanbapark.or.jp/,no,no,,,,,,,unknown,,unknown,,,,,,no,no,no,no,no,no,no,yes,no,no,no,no,barrier_free_facility_list,京都府内のバリアフリー施設一覧,https://www.pref.kyoto.jp/f-machi/hitoyasa.html,2026-09,506,,
26,京都府,26407,京丹波町,,サンダイコー　下山店,,,622-0201,下山野丸10,,,,yes,,,,,,,,no,,yes,,,,,,,,,,,,,,,,,,barrier_free_facility_list,京都府内のバリアフリー施設一覧,https://www.pref.kyoto.jp/f-machi/hitoyasa.html,2026-09,507,,
26,京都府,26407,京丹波町,,サンダイコー　瑞穂店,,,622-0311,和田大下19-1,,,,no,,,,,,,,no,,no,,,,,,,,,,,,,,,,,,barrier_free_facility_list,京都府内のバリアフリー施設一覧,https://www.pref.kyoto.jp/f-machi/hitoyasa.html,2026-09,508,,
26,京都府,26407,京丹波町,,特別養護老人ホーム　長老苑,,,629-1116,市場丸ヶ野8番地2,,,http://www.tyorouen.com/,yes,,,,,,,,no,,no,,,,,,,,,,,,,,,,,,barrier_free_facility_list,京都府内のバリアフリー施設一覧,https://www.pref.kyoto.jp/f-machi/hitoyasa.html,2026-09,509,,
26,京都府,26407,京丹波町,,京都銀行須知支店,,,622-0213,須知天神４－１,,,http://www.kyotobank.co.jp/,no,,,,,,,,no,,no,,,,,,,,,,,,,,,,,,barrier_free_facility_list,京都府内のバリアフリー施設一覧,https://www.pref.kyoto.jp/f-machi/hitoyasa.html,2026-09,510,,ATMは全台、視覚障がい者が音声ガイダンスに従ってご利用できるものとなっています。
26,京都府,26407,京丹波町,,丹のまち広場　うるおい館,,,622-0213,須知色紙田1番地1,,,https://www.kyotamba.org/,yes,yes,1,1,,,yes,no,no,no,no,no,,,lever,button,yes,yes,yes,no,no,no,no,no,no,no,no,no,barrier_free_facility_list,京都府内のバリアフリー施設一覧,https://www.pref.kyoto.jp/f-machi/hitoyasa.html,2026-09,511,,
26,京都府,26407,京丹波町,,京都府農林水産技術センター　農林センター　森林技術センター,,,629-1121,本庄土屋,,,http://www.pref.kyoto.jp/rinshi/index.html,no,,,,,,,,no,,no,,,,,,,,,,,,,,,,,,barrier_free_facility_list,京都府内のバリアフリー施設一覧,https://www.pref.kyoto.jp/f-machi/hitoyasa.html,2026-09,512,,
26,京都府,26407,京丹波町,,京丹波町和知高齢者コミュ二ティセンター,,,629-1121,本庄今福13,,,http://www.town.kyotamba.kyoto.jp/,yes,,,,,,,,no,,no,,,,,,,,,,,,,,,,,,barrier_free_facility_list,京都府内のバリアフリー施設一覧,https://www.pref.kyoto.jp/f-machi/hitoyasa.html,2026-09,513,,
26,京都府,26407,京丹波町,,京丹波町立京丹波町中央公民館,,,622-0214,蒲生野口３８,,,http://www.town.kyotamba.kyoto.jp/,no,,,,,,,,no,,no,,,,,,,,,,,,,,,,,,barrier_free_facility_list,京都府内のバリアフリー施設一覧,https://www.pref.kyoto.jp/f-machi/hitoyasa.html,2026-09,514,,車いす貸し出しは１台（施設内のみ利用可）
26,京都府,26407,京丹波町,,道の駅｢和」道路情報センター,,,629-1131,坂原上モジリ１1番地,,,http://www.sky.sannet.ne.jp/w-island/nagomi.html,yes,,,,,,,,yes,,yes,,,,,,,,,,,,,,,,,,barrier_free_facility_list,京都府内のバリアフリー施設一覧,https://www.pref.kyoto.jp/f-machi/hitoyasa.html,2026-09,515,,建物出入口から一番近い車いすトイレは、右手の通路にあります。 貸し出し用車いすが道路情報センター入り口にあります。 外部との出入り口に車いす使用者が利用できるスロープがあります。 外部との出入り口に自動ドアがあります。 施設内を車いすで移動できます。 職員が受付で筆談に応じます。 外部との出入り口に点字ブロックがあります。 点字案内版があります。 駐車場・トイレは、２４時間利用できます。
26,京都府,26407,京丹波町,,京丹波町山村開発センターみずほ,,,622-0322,大朴乗次1,,,http://www.town.kyotamba.kyoto.jp/,yes,,,,,,,,no,,yes,,,,,,,,,,,,,,,,,,barrier_free_facility_list,京都府内のバリアフリー施設一覧,https://www.pref.kyoto.jp/f-machi/hitoyasa.html,2026-09,516,,ベビーベッドは女性用トイレ内にあります。
26,京都府,26407,京丹波町,,道の駅　瑞穂の里　さらびき,,,622-0322,大朴休石１０－１,,,https://www.greenlandmizuho.co.jp,no,yes,,,1,1,yes,,yes,,yes,yes,,,,button,yes,yes,yes,,,,,,,,,,barrier_free_facility_list,京都府内のバリアフリー施設一覧,https://www.pref.kyoto.jp/f-machi/hitoyasa.html,2026-09,517,,
26,京都府,26407,京丹波町,,京都北都信用金庫瑞穂支店,,,622-0322,大朴世戸垣内１８－１,,,,no,,,,,,,,no,,no,,,,,,,,,,,,,,,,,,barrier_free_facility_list,京都府内のバリアフリー施設一覧,https://www.pref.kyoto.jp/f-machi/hitoyasa.html,2026-09,518,,
26,京都府,26407,京丹波町,,京丹波町健康管理センター,,,622-0213,須知鍋倉1-1,,,http://www.town.kyotamba.kyoto.jp/,yes,,,,,,,,no,,no,,,,,,,,,,,,,,,,,,barrier_free_facility_list,京都府内のバリアフリー施設一覧,https://www.pref.kyoto.jp/f-machi/hitoyasa.html,2026-09,519,,
26,京都府,26407,京丹波町,,国保京丹波町病院,,,622-0311,和田大下28,,,http://www.town.kyotamba.kyoto.jp/,yes,,,,,,,,no,,yes,,,,,,,,,,,,,,,,,,barrier_free_facility_list,京都府内のバリアフリー施設一覧,https://www.pref.kyoto.jp/f-machi/hitoyasa.html,2026-09,520,,
26,京都府,26407,京丹波町,,丹波郵便局,,,622-0213,須知伏拝５－２,,,,no,,,,,,,,unknown,,unknown,,,,,,,,,,,,,,,,,,barrier_free_facility_list,京都府内のバリアフリー施設一覧,https://www.pref.kyoto.jp/f-machi/hitoyasa.html,2026-09,521,,
26,京都府,26407,京丹波町,,和知Ｂ＆Ｇ海洋センターカヌー艇庫,,,629-1131,シヨウガキ20,,,,no,,,,,,,,no,,no,,,,,,,,,,,,,,,,,,barrier_free_facility_list,京都府内のバリアフリー施設一覧,https://www.pref.kyoto.jp/f-machi/hitoyasa.html,2026-09,522,,
26,京都府,26407,京丹波町,,和知Ｂ＆Ｇ海洋センタープール,,,629-1141,安栖里,,,,no,,,,,,,,no,,no,,,,,,,,,,,,,,,,,,barrier_free_facility_list,京都府内のバリアフリー施設一覧,https://www.pref.kyoto.jp/f-machi/hitoyasa.html,2026-09,523,,
26,京都府,26407,京丹波町,,京都北都信用金庫　和知支店,,,629-1121,本庄キシ本２７番地の１０,,,http://www.hokuto-shinkin.co.jp（京都北都信用金庫のホームページ）,no,,,,,,,,no,,no,,,,,,,,,,,,,,,,,,barrier_free_facility_list,京都府内のバリアフリー施設一覧,https://www.pref.kyoto.jp/f-machi/hitoyasa.html,2026-09,524,,職員が受付で筆談に応じます。
26,京都府,26407,京丹波町,,わちカヌークラブハウス,,,629-1131,坂原シヨガキ２１,,,,yes,,,,,,,,no,,no,,,,,,,,,,,,,,,,,,barrier_free_facility_list,京都府内のバリアフリー施設一覧,https://www.pref.kyoto.jp/f-machi/hitoyasa.html,2026-09,525,,
26,京都府,26407,京丹波町,,和知郵便局,,,629-1199,本庄ノハタ１５,,,http://map.japanpost.jp/pc/syousai.php?id=300144021000,no,,,,,,,,no,,no,,,,,,,,,,,,,,,,,,barrier_free_facility_list,京都府内のバリアフリー施設一覧,https://www.pref.kyoto.jp/f-machi/hitoyasa.html,2026-09,526,,職員が窓口で筆談に応じます。 外部との出入り口に点字ブロックがあります。
26,京都府,26211,京田辺市,,DCM京田辺店,,,610-0311,草内大東47-1,,,https://www.dcm-hc.co.jp/,yes,yes,1,1,0,0,yes,no,no,no,yes,no,,,button,none,yes,yes,yes,no,no,yes,yes,no,no,no,yes,no,barrier_free_facility_list,京都府内のバリアフリー施設一覧,https://www.pref.kyoto.jp/f-machi/hitoyasa.html,2026-09,527,,
26,京都府,26211,京田辺市,,ドラッグユタカ　松井山手店,,,610-0355,山手西2丁目1番2,,,http://www.d-yutaka.co.jp/,yes,yes,1,1,0,1,yes,no,no,no,no,no,,,button,button,no,yes,yes,no,no,no,no,no,no,no,no,no,barrier_free_facility_list,京都府内のバリアフリー施設一覧,https://www.pref.kyoto.jp/f-machi/hitoyasa.html,2026-09,528,,
26,京都府,26211,京田辺市,,ドコモショップ　松井山手店,,,610-0354,山手南1-3-5,,,https://docomoshop.co.jp/matsuiyamate/,yes,yes,1,1,,,yes,unknown,unknown,unknown,yes,unknown,,,lever,none,unknown,yes,yes,yes,yes,unknown,unknown,no,no,no,yes,yes,barrier_free_facility_list,京都府内のバリアフリー施設一覧,https://www.pref.kyoto.jp/f-machi/hitoyasa.html,2026-09,529,,
26,京都府,26211,京田辺市,,JR　三山木駅,,,601-0313,三山木高飛4番地,,,http://www.jr-odekake.net/eki/top.php?id=0610904,no,no,,,,,,,unknown,,unknown,,,,,,,,,,,,,,,,,,barrier_free_facility_list,京都府内のバリアフリー施設一覧,https://www.pref.kyoto.jp/f-machi/hitoyasa.html,2026-09,530,,詳しくは上記ホームページをご参照ください。
26,京都府,26211,京田辺市,,JR　同志社前駅,,,610-0313,三山木垣ノ内61番地,,,http://www.jr-odekake.net/eki/top.php?id=0610921,no,no,,,,,,,unknown,,unknown,,,,,,,,,,,,,,,,,,barrier_free_facility_list,京都府内のバリアフリー施設一覧,https://www.pref.kyoto.jp/f-machi/hitoyasa.html,2026-09,531,,詳しくは上記ホームページをご参照ください。
26,京都府,26211,京田辺市,,JR　京田辺駅,,,610-0331,田辺久戸2-1,,,http://www.jr-odekake.net/eki/top.php?id=0610905,no,no,,,,,,,unknown,,unknown,,,,,,,,,,,,,,,,,,barrier_free_facility_list,京都府内のバリアフリー施設一覧,https://www.pref.kyoto.jp/f-machi/hitoyasa.html,2026-09,532,,詳しくは上記ホームページをご参照ください。
26,京都府,26211,京田辺市,,JR　大住駅,,,610-0343,大住丸山17番地,,,http://www.jr-odekake.net/eki/top.php?id=0610906,no,no,,,,,,,unknown,,unknown,,,,,,,,,,,,,,,,,,barrier_free_facility_list,京都府内のバリアフリー施設一覧,https://www.pref.kyoto.jp/f-machi/hitoyasa.html,2026-09,533,,詳しくは上記ホームページをご参照ください。
26,京都府,26211,京田辺市,,JR　松井山手駅,,,610-0356,山手中央70番地,,,http://www.jr-odekake.net/eki/top.php?id=0610922,no,no,,,,,,,unknown,,unknown,,,,,,,,,,,,,,,,,,barrier_free_facility_list,京都府内のバリアフリー施設一覧,https://www.pref.kyoto.jp/f-machi/hitoyasa.html,2026-09,534,,詳しくは上記ホームページをご参照ください。
26,京都府,26211,京田辺市,,ホームセンターコーナン京田辺店,,,610-0332,興戸町２８,,,https://www.hc-kohnan.com/,yes,yes,1,1,,,yes,no,no,no,yes,no,,,lever,button,yes,yes,yes,no,no,yes,yes,no,no,no,no,no,barrier_free_facility_list,京都府内のバリアフリー施設一覧,https://www.pref.kyoto.jp/f-machi/hitoyasa.html,2026-09,535,,
26,京都府,26211,京田辺市,,京田辺市立社会福祉センター,,,610-0332,興戸犬伏５－８,,,http://www.kyotanabesyakyou.com,yes,yes,1、2、3,3,,,yes,no,yes,no,no,yes,,,sensor,button,yes,yes,yes,no,no,no,yes,no,no,yes,yes,no,barrier_free_facility_list,京都府内のバリアフリー施設一覧,https://www.pref.kyoto.jp/f-machi/hitoyasa.html,2026-09,536,,ベビーベッド（おむつ交換台）は２階、３階にあります。 オストメイトは１階にあります。 地域交流スペースに喫茶「りあん」を運営、カウンター席、テープル席を設置。第1研修室、第2研修室のみループを設置。
26,京都府,26211,京田辺市,,京田辺市環境衛生センター甘南備園・リサイクルプラザ,,,610-0331,田辺ボケ谷５８,,,http://www.kyotanabe.jp/,yes,yes,2,1,,,yes,no,no,no,no,no,,,lever,button,no,yes,yes,no,no,no,no,no,no,no,no,no,barrier_free_facility_list,京都府内のバリアフリー施設一覧,https://www.pref.kyoto.jp/f-machi/hitoyasa.html,2026-09,537,,
26,京都府,26211,京田辺市,,田辺中央体育館,,,610-0331,田辺丸山19番地,,,http://www.kyotanabe-gym.jp,yes,yes,1,1,,,yes,yes,yes,no,unknown,unknown,,,sensor,pull_cord,yes,yes,yes,no,no,yes,yes,no,no,yes,yes,yes,barrier_free_facility_list,京都府内のバリアフリー施設一覧,https://www.pref.kyoto.jp/f-machi/hitoyasa.html,2026-09,538,,
26,京都府,26211,京田辺市,,田辺公園プール,,,610-0331,田辺丸山８,,,http://tanabekouenpool.ksc-kk.com/,no,no,,,,,,,yes,,no,,,,,,,,,,,,,yes,no,no,no,no,barrier_free_facility_list,京都府内のバリアフリー施設一覧,https://www.pref.kyoto.jp/f-machi/hitoyasa.html,2026-09,539,,
26,京都府,26211,京田辺市,,京田辺市地域包括支援センター　あんあん常磐苑,,,610-0311,草内五ノ坪６番地,,,http://www.kyotanabe.jp,yes,yes,1,1,,,yes,no,no,no,no,no,,,button,button,yes,yes,yes,no,no,no,no,no,unknown,unknown,unknown,unknown,barrier_free_facility_list,京都府内のバリアフリー施設一覧,https://www.pref.kyoto.jp/f-machi/hitoyasa.html,2026-09,540,,
26,京都府,26211,京田辺市,,京田辺市地域包括支援センター　あんあん市役所,,,610-0331,田辺８０番地,,,http://www.kyotanabe.jp,yes,yes,2,1,,,yes,no,yes,no,yes,yes,,,sensor,button,yes,yes,yes,no,no,no,yes,no,yes,yes,yes,no,barrier_free_facility_list,京都府内のバリアフリー施設一覧,https://www.pref.kyoto.jp/f-machi/hitoyasa.html,2026-09,541,,
26,京都府,26211,京田辺市,,京田辺市地域包括支援センター　あんあん宝生苑,,,610-0343,大住内山７番地,,,http://www.kyotanabe.jp,yes,yes,1,1,,,,,yes,,unknown,,,,,button,,yes,yes,yes,yes,yes,yes,no,no,yes,yes,yes,barrier_free_facility_list,京都府内のバリアフリー施設一覧,https://www.pref.kyoto.jp/f-machi/hitoyasa.html,2026-09,542,,
26,京都府,26211,京田辺市,,京都生活協同組合　コープ京田辺,,,610-0352,花住坂１丁目１３－６,,,http://www.kyoto.coop/,no,,,,,,,,no,,no,,,,,,,,,,,,,,,,,,barrier_free_facility_list,京都府内のバリアフリー施設一覧,https://www.pref.kyoto.jp/f-machi/hitoyasa.html,2026-09,543,,・京都コープ全店にて、相談インターホン、車いす専用レジ、高齢者・障がい者の買物介添えサービス、「認知症あんしんサポーター」の研修を受けた職員が配置されています。  ・個人宅配サービスでは、高齢者・障害者配達手数料割引きを実施。各自治体と配送時の「見守り協定」締結、「こども１１０番」活動にも参加しています。お問合せ先「組合員コールセンター０１２０－１１－２８００」
26,京都府,26211,京田辺市,,サンフレッシュ三山木店,,,610-0313,三山木中央4丁目7-6,,,http://www.super-sunfresh.net/,yes,,,,,,,,no,,no,,,,,,,,,,,,,,,,,,barrier_free_facility_list,京都府内のバリアフリー施設一覧,https://www.pref.kyoto.jp/f-machi/hitoyasa.html,2026-09,544,,
26,京都府,26211,京田辺市,,草内郵便局,,,610-0311,草内西垣内2-1,,,http://www.post.japanpost.jp,no,,,,,,,,no,,no,,,,,,,,,,,,,,,,,,barrier_free_facility_list,京都府内のバリアフリー施設一覧,https://www.pref.kyoto.jp/f-machi/hitoyasa.html,2026-09,545,,
26,京都府,26211,京田辺市,,京田辺松井山手郵便局,,,610-0354,山手南２－２－５,,,"http://map.japanpost.jp/p/search/dtl/300144459000/?&cond200=1&&his=ar,nm",no,,,,,,,,unknown,,no,,,,,,,,,,,,,,,,,,barrier_free_facility_list,京都府内のバリアフリー施設一覧,https://www.pref.kyoto.jp/f-machi/hitoyasa.html,2026-09,546,,
26,京都府,26211,京田辺市,,京都府山城北保健所綴喜分室,,,610-0331,田辺明田１,,,http://www.pref.kyoto.jp/yamashiro/ho-kita/,yes,,,,,,,,yes,,yes,,,,,,,,,,,,,,,,,,barrier_free_facility_list,京都府内のバリアフリー施設一覧,https://www.pref.kyoto.jp/f-machi/hitoyasa.html,2026-09,547,,授乳室にベビーベッドがあります。
26,京都府,26211,京田辺市,,京都田辺公共職業安定所(ハローワーク京都田辺),,,610-0334,田辺中央２丁目１－２３,,,,yes,yes,2,1,,,yes,no,yes,no,yes,no,,,button,button,yes,yes,yes,no,no,no,no,no,no,no,yes,no,barrier_free_facility_list,京都府内のバリアフリー施設一覧,https://www.pref.kyoto.jp/f-machi/hitoyasa.html,2026-09,548,,
26,京都府,26211,京田辺市,,京都銀行田辺支店,,,610-0334,田辺中央３－７－１,,,http://www.kyotobank.co.jp/,no,,,,,,,,no,,no,,,,,,,,,,,,,,,,,,barrier_free_facility_list,京都府内のバリアフリー施設一覧,https://www.pref.kyoto.jp/f-machi/hitoyasa.html,2026-09,549,,ATMは全台、視覚障がい者が音声ガイダンスに従ってご利用できるものとなっています。
26,京都府,26211,京田辺市,,京都銀行松井山手支店,,,610-0354,山手南２－２－１,,,http://www.kyotobank.co.jp/,no,,,,,,,,no,,no,,,,,,,,,,,,,,,,,,barrier_free_facility_list,京都府内のバリアフリー施設一覧,https://www.pref.kyoto.jp/f-machi/hitoyasa.html,2026-09,550,,ATMは全台、視覚障がい者が音声ガイダンスに従ってご利用できるものとなっています。
26,京都府,26211,京田辺市,,京田辺市役所庁舎,,,610-0393,田辺８０,,,http://www.kyotanabe.jp/,yes,,,,,,,,yes,,yes,,,,,,,,,,,,,,,,,,barrier_free_facility_list,京都府内のバリアフリー施設一覧,https://www.pref.kyoto.jp/f-machi/hitoyasa.html,2026-09,551,,
26,京都府,26211,京田辺市,,京都やましろ農業協同組合京田辺支店・本店,,,610-0331,田辺鳥本１－２,,,http://ja-yamasiro.com/,no,,,,,,,,unknown,,unknown,,,,,,,,,,,,,,,,,,barrier_free_facility_list,京都府内のバリアフリー施設一覧,https://www.pref.kyoto.jp/f-machi/hitoyasa.html,2026-09,552,,
26,京都府,26211,京田辺市,,京都府田辺警察署,,,610-0332,興戸小モ詰１,,,http://www.pref.kyoto.jp/fukei/,yes,yes,1,1,,,yes,no,no,no,yes,yes,,,button,pull_cord,no,yes,yes,no,no,no,no,yes,no,no,yes,no,barrier_free_facility_list,京都府内のバリアフリー施設一覧,https://www.pref.kyoto.jp/f-machi/hitoyasa.html,2026-09,553,,
26,京都府,26211,京田辺市,,京都府田辺地域総合庁舎,,,610-0331,田辺明田１,,,,yes,,,,,,,,yes,,no,,,,,,,,,,,,,,,,,,barrier_free_facility_list,京都府内のバリアフリー施設一覧,https://www.pref.kyoto.jp/f-machi/hitoyasa.html,2026-09,554,,
26,京都府,26211,京田辺市,,京田辺市立老人福祉センター常磐苑,,,610-0311,草内五ノ坪６番地,,,http://www.kyotanabe.jp/,yes,,,,,,,,no,,no,,,,,,,,,,,,,,,,,,barrier_free_facility_list,京都府内のバリアフリー施設一覧,https://www.pref.kyoto.jp/f-machi/hitoyasa.html,2026-09,555,,点字ブロックがございます。
26,京都府,26211,京田辺市,,京田辺市立老人福祉センター宝生苑・大住児童館,,,610-0343,大住内山７,,,http://www.kyotanabe.jp/,yes,,,,,,,,yes,,yes,,,,,,,,,,,,,,,,,,barrier_free_facility_list,京都府内のバリアフリー施設一覧,https://www.pref.kyoto.jp/f-machi/hitoyasa.html,2026-09,556,,
26,京都府,26211,京田辺市,,田辺公園,,,610-0331,田辺丸山19（体育館）8,,,,yes,,,,,,,,no,,no,,,,,,,,,,,,,,,,,,barrier_free_facility_list,京都府内のバリアフリー施設一覧,https://www.pref.kyoto.jp/f-machi/hitoyasa.html,2026-09,557,,
26,京都府,26211,京田辺市,,京田辺市一町田多目的広場,,,610-0311,草内一町田３２,,,http://www.kyotanabe.ed.jp/nc21/shakai_t/htdocs/,no,,,,,,,,no,,no,,,,,,,,,,,,,,,,,,barrier_free_facility_list,京都府内のバリアフリー施設一覧,https://www.pref.kyoto.jp/f-machi/hitoyasa.html,2026-09,558,,
26,京都府,26211,京田辺市,,京田辺市上下水道部事務所,,,610-0332,興戸犬伏１８－１,,,http://www.kyotanabe.jp/,yes,,,,,,,,no,,yes,,,,,,,,,,,,,,,,,,barrier_free_facility_list,京都府内のバリアフリー施設一覧,https://www.pref.kyoto.jp/f-machi/hitoyasa.html,2026-09,559,,いす式昇降機あり
26,京都府,26211,京田辺市,,同志社大学　京田辺校地,,,610-0394,多々羅都谷１－３,,,http://www.doshisha.ac.jp,yes,yes,,,,,yes,yes,yes,no,yes,yes,,,sensor,button,yes,yes,yes,no,no,no,no,,,,,,barrier_free_facility_list,京都府内のバリアフリー施設一覧,https://www.pref.kyoto.jp/f-machi/hitoyasa.html,2026-09,560,,
26,京都府,26211,京田辺市,,カトリック田辺教会,,,610-0334,田辺中央２－１－２０,,,,no,,,,,,,,unknown,,unknown,,,,,,,,,,,,,,,,,,barrier_free_facility_list,京都府内のバリアフリー施設一覧,https://www.pref.kyoto.jp/f-machi/hitoyasa.html,2026-09,561,,
26,京都府,26211,京田辺市,,アル・プラザ京田辺,,,610-0334,田辺中央５丁目２−１,,,http://www.heiwado.jp/,yes,,,,,,,,no,,yes,,,,,,,,,,,,,,,,,,barrier_free_facility_list,京都府内のバリアフリー施設一覧,https://www.pref.kyoto.jp/f-machi/hitoyasa.html,2026-09,562,,
26,京都府,26211,京田辺市,,フレスト松井山手店,,,610-0356,山手中央２－２,,,,yes,,,,,,,,yes,,yes,,,,,,,,,,,,,,,,,,barrier_free_facility_list,京都府内のバリアフリー施設一覧,https://www.pref.kyoto.jp/f-machi/hitoyasa.html,2026-09,563,,
26,京都府,26211,京田辺市,,京田辺市立中央公民館,,,610-0331,田辺丸山２１４,,,http://www.kyotanabe.ed.jp/nc21/shakai_k/htdocs/,yes,,,,,,,,yes,,no,,,,,,,,,,,,,,,,,,barrier_free_facility_list,京都府内のバリアフリー施設一覧,https://www.pref.kyoto.jp/f-machi/hitoyasa.html,2026-09,564,,
26,京都府,26211,京田辺市,,トヨタカローラ京都株式会社京田辺店,,,610-0311,草内大東３０番地１４,,,http://www.corolla-kyoto.com/,no,,,,,,,,no,,yes,,,,,,,,,,,,,,,,,,barrier_free_facility_list,京都府内のバリアフリー施設一覧,https://www.pref.kyoto.jp/f-machi/hitoyasa.html,2026-09,565,,
26,京都府,26211,京田辺市,,ローソン京田辺薪店,,,610-0341,薪西沢４-１,,,,no,,,,,,,,unknown,,unknown,,,,,,,,,,,,,,,,,,barrier_free_facility_list,京都府内のバリアフリー施設一覧,https://www.pref.kyoto.jp/f-machi/hitoyasa.html,2026-09,566,,
26,京都府,26211,京田辺市,,京都信用金庫　田辺支店,,,610-0334,田辺中央六丁目３番７,,,http//www.kyoto-shinkin.co.jp/,yes,,,,,,,,no,,no,,,,,,,,,,,,,,,,,,barrier_free_facility_list,京都府内のバリアフリー施設一覧,https://www.pref.kyoto.jp/f-machi/hitoyasa.html,2026-09,567,,
26,京都府,26211,京田辺市,,来来亭　京田辺店,,,610-0331,田辺深田５６－１,,,,no,,,,,,,,unknown,,unknown,,,,,,,,,,,,,,,,,,barrier_free_facility_list,京都府内のバリアフリー施設一覧,https://www.pref.kyoto.jp/f-machi/hitoyasa.html,2026-09,568,,
26,京都府,26211,京田辺市,,株式会社セレマ京田辺シティーホール,,,610-0334,田辺中央４丁目２－８,,,,yes,,,,,,,,yes,,no,,,,,,,,,,,,,,,,,,barrier_free_facility_list,京都府内のバリアフリー施設一覧,https://www.pref.kyoto.jp/f-machi/hitoyasa.html,2026-09,569,,
26,京都府,26211,京田辺市,,コメダ珈琲店,,,525-0048,三山木中央2丁目1-2,,,,no,,,,,,,,no,,no,,,,,,,,,,,,,,,,,,barrier_free_facility_list,京都府内のバリアフリー施設一覧,https://www.pref.kyoto.jp/f-machi/hitoyasa.html,2026-09,570,,
26,京都府,26211,京田辺市,,京都信用金庫松井山手支店,,,610-0356,山手中央１－８,,,http://www.kyoto-shinkin.co.jp/,yes,,,,,,,,no,,no,,,,,,,,,,,,,,,,,,barrier_free_facility_list,京都府内のバリアフリー施設一覧,https://www.pref.kyoto.jp/f-machi/hitoyasa.html,2026-09,571,,音声案内は、ATM操作音声案内が1台ございます。インターフォンでお呼びくだされば付添いご案内いたします。 歩行者用点字ブロックがございます
26,京都府,26211,京田辺市,,特別養護老人ホーム　つつきの郷,,,610-0313,三山木西ノ河原４３番２,,,,yes,,,,,,,,no,,no,,,,,,,,,,,,,,,,,,barrier_free_facility_list,京都府内のバリアフリー施設一覧,https://www.pref.kyoto.jp/f-machi/hitoyasa.html,2026-09,572,,
26,京都府,26211,京田辺市,,ドラッグユタカ京田辺店,,,610-0334,田辺中央３丁目４－１,,,http://www.d-yutaka.co.jp/,yes,,,,,,,,no,,yes,,,,,,,,,,,,,,,,,,barrier_free_facility_list,京都府内のバリアフリー施設一覧,https://www.pref.kyoto.jp/f-machi/hitoyasa.html,2026-09,573,,
26,京都府,26211,京田辺市,,ドラッグユタカ三山木店,,,610-0313,三山木中央7丁目1-4,,,http://www.d-yutaka.co.jp/,yes,,,,,,,,no,,yes,,,,,,,,,,,,,,,,,,barrier_free_facility_list,京都府内のバリアフリー施設一覧,https://www.pref.kyoto.jp/f-machi/hitoyasa.html,2026-09,574,,
26,京都府,26211,京田辺市,,特別養護老人ホーム　九十九園,,,610-0343,大住池平９９番１,,,http://www.tsukumo-en.or.jp/,yes,,,,,,,,no,,no,,,,,,,,,,,,,,,,,,barrier_free_facility_list,京都府内のバリアフリー施設一覧,https://www.pref.kyoto.jp/f-machi/hitoyasa.html,2026-09,575,,
26,京都府,26211,京田辺市,,田辺病院,,,610-0312,飯岡南原５５,,,,no,,,,,,,,unknown,,unknown,,,,,,,,,,,,,,,,,,barrier_free_facility_list,京都府内のバリアフリー施設一覧,https://www.pref.kyoto.jp/f-machi/hitoyasa.html,2026-09,576,,
26,京都府,26211,京田辺市,,京田辺市商工会,,,610-0334,田辺中央４丁目３−３,,,http://kyotanabe.kyoto-fsci.or.jp,yes,,,,,,,,no,,no,,,,,,,,,,,,,,,,,,barrier_free_facility_list,京都府内のバリアフリー施設一覧,https://www.pref.kyoto.jp/f-machi/hitoyasa.html,2026-09,577,,職員が受付で筆談に応じます。 ファックス送信サービスあります。（サービスコーナーにて有料） 外部との出入り口に点字ブロックがあります。 サービスコーナー(1階フロアー奥)に係員が常駐していますので、 介助などできる限りお手伝いいたします。 おむつ換え用のベビーシートがあります。
26,京都府,26211,京田辺市,,京田辺市立中央図書館,,,610-0331,田辺辻40,,,http://www.kyotanabe.ed.jp/nc3/c-lib,yes,yes,1・2,2,,,yes,no,yes,no,no,yes,,,button,button,no,no,yes,no,yes,no,no,no,yes,yes,yes,no,barrier_free_facility_list,京都府内のバリアフリー施設一覧,https://www.pref.kyoto.jp/f-machi/hitoyasa.html,2026-09,578,,目の不自由な方のために、テープ図書や点字図書を提供します。また、拡大読書器を用意してあります。対面朗読も実施しています。また耳の不自由な方には手話や筆談でお答えしますので、遠慮なくお申し出ください。身体が不自由で、図書館に直接来られない方には、ご希望の本をご自宅までお届けする宅配サービスも行っています。
26,京都府,26211,京田辺市,,京都田辺中央病院,,,610-0334,田辺中央6丁目1-6,,,http://www.sekitetsukai.or.jp,yes,,,,,,,,no,,yes,,,,,,,,,,,,,,,,,,barrier_free_facility_list,京都府内のバリアフリー施設一覧,https://www.pref.kyoto.jp/f-machi/hitoyasa.html,2026-09,579,,
26,京都府,26211,京田辺市,,山城田辺郵便局,,,610-0332,興戸犬伏５－３,,,http://map.japanpost.jp/pc/syousai.php?id=300144184000,no,,,,,,,,unknown,,unknown,,,,,,,,,,,,,,,,,,barrier_free_facility_list,京都府内のバリアフリー施設一覧,https://www.pref.kyoto.jp/f-machi/hitoyasa.html,2026-09,580,,
26,京都府,26211,京田辺市,,京田辺市立中部住民センター,,,610-0311,草内美泥２２－２,,,http://www.kyotanabe.ed.jp/info/chubu/index.html,yes,,,,,,,,yes,,yes,,,,,,,,,,,,,,,,,,barrier_free_facility_list,京都府内のバリアフリー施設一覧,https://www.pref.kyoto.jp/f-machi/hitoyasa.html,2026-09,581,,
26,京都府,26211,京田辺市,,京都田辺記念病院,,,610-0331,田辺戸絶１,,,http://www.sekitetsukai.or.jp/,yes,,,,,,,,no,,no,,,,,,,,,,,,,,,,,,barrier_free_facility_list,京都府内のバリアフリー施設一覧,https://www.pref.kyoto.jp/f-machi/hitoyasa.html,2026-09,582,,
26,京都府,26211,京田辺市,,京都信用金庫三山木支店,,,610-0313,三山木中央2丁目1-3,,,http://www.kyoto-shinkin.co.jp/,yes,,,,,,,,no,,yes,,,,,,,,,,,,,,,,,,barrier_free_facility_list,京都府内のバリアフリー施設一覧,https://www.pref.kyoto.jp/f-machi/hitoyasa.html,2026-09,583,,音声案内は、ATM操作音声案内が1台ございます。インターフォンでお呼びくだされば付添いご案内いたします。 歩行者用点字ブロックがございます。
26,京都府,26211,京田辺市,,ネッツトヨタヤサカＡＬＡＬ京田辺店,,,610-0311,草内大東1-14,,,http://www.yasaka.co.jp/,yes,,,,,,,,no,,yes,,,,,,,,,,,,,,,,,,barrier_free_facility_list,京都府内のバリアフリー施設一覧,https://www.pref.kyoto.jp/f-machi/hitoyasa.html,2026-09,584,,
26,京都府,26211,京田辺市,,府立田辺高等学校,,,610-0361,河原神谷２４,,,,no,,,,,,,,unknown,,unknown,,,,,,,,,,,,,,,,,,barrier_free_facility_list,京都府内のバリアフリー施設一覧,https://www.pref.kyoto.jp/f-machi/hitoyasa.html,2026-09,585,,
26,京都府,26211,京田辺市,,ネッツトヨタヤサカＵパークＡＬＡＬ京田辺店Ｕ・Car部,,,610-0311,草内大東１－２,,,,no,,,,,,,,unknown,,unknown,,,,,,,,,,,,,,,,,,barrier_free_facility_list,京都府内のバリアフリー施設一覧,https://www.pref.kyoto.jp/f-machi/hitoyasa.html,2026-09,586,,
26,京都府,26211,京田辺市,,ネッツトヨタヤサカ松井山手店,,,610-0356,山手中央４－３,,,,no,,,,,,,,unknown,,unknown,,,,,,,,,,,,,,,,,,barrier_free_facility_list,京都府内のバリアフリー施設一覧,https://www.pref.kyoto.jp/f-machi/hitoyasa.html,2026-09,587,,
26,京都府,26211,京田辺市,,マツヤデンキ京田辺店,,,610-0334,田辺中央６－７－５,,,https://matsuyadenki.jp/,no,no,,,,,,,unknown,,unknown,,,,,,,,,,,,,no,no,no,no,no,barrier_free_facility_list,京都府内のバリアフリー施設一覧,https://www.pref.kyoto.jp/f-machi/hitoyasa.html,2026-09,588,,
26,京都府,26211,京田辺市,,こども発達支援センター,,,610-0331,田辺茂ヶ谷186-1,,,http://www.ksj.or.jp/sisetu/kodomo/index.html,yes,,,,,,,,yes,,yes,,,,,,,,,,,,,,,,,,barrier_free_facility_list,京都府内のバリアフリー施設一覧,https://www.pref.kyoto.jp/f-machi/hitoyasa.html,2026-09,589,,
26,京都府,26211,京田辺市,,洛南寮,,,610-0343,大住仲ノ谷14-1,,,http://www.ksj.or.jp/sisetu/rakunan/index.html,yes,,,,,,,,no,,no,,,,,,,,,,,,,,,,,,barrier_free_facility_list,京都府内のバリアフリー施設一覧,https://www.pref.kyoto.jp/f-machi/hitoyasa.html,2026-09,590,,
26,京都府,26100,京都市,右京区,京都信用金庫　御室支店,,,616-8202,宇多野馬場町27番地1,,,http://www.kyoto.shinkin.co.jp,,,,,,,,,,,,,,,,,,,,,,,,,,,,,barrier_free_facility_list,京都府内のバリアフリー施設一覧,https://www.pref.kyoto.jp/f-machi/hitoyasa.html,2026-09,591,,
26,京都府,26100,京都市,右京区,京都府立聾学校,,,616-8092,御室大内4,,,https://www.kyoto-be.ne.jp/rou-s/cms/,,yes,1,1,,,no,no,no,no,no,no,,,button,button,no,no,yes,no,no,no,no,yes,no,no,no,no,barrier_free_facility_list,京都府内のバリアフリー施設一覧,https://www.pref.kyoto.jp/f-machi/hitoyasa.html,2026-09,592,,※利用は京都府立聾学校に御用のある方のみが対象
26,京都府,26100,京都市,右京区,京都銀行　嵯峨支店,,,616-8366,嵯峨天竜寺今掘町22-6,,,http://www.kyotobank.co.jp/,,,,,,,,,,,,,,,,,,,,,,,,,,,,,barrier_free_facility_list,京都府内のバリアフリー施設一覧,https://www.pref.kyoto.jp/f-machi/hitoyasa.html,2026-09,593,,
26,京都府,26100,京都市,右京区,京都銀行　常磐支店,,,616-8225,常盤馬塚町15-8,,,http://www.kyotobank.co.jp/,,,,,,,,,,,,,,,,,,,,,,,,,,,,,barrier_free_facility_list,京都府内のバリアフリー施設一覧,https://www.pref.kyoto.jp/f-machi/hitoyasa.html,2026-09,594,,
26,京都府,26100,京都市,右京区,京都銀行　西院支店,,,615-0014,西院巽町38-2,,,http://www.kyotobank.co.jp/,,,,,,,,,,,,,,,,,,,,,,,,,,,,,barrier_free_facility_list,京都府内のバリアフリー施設一覧,https://www.pref.kyoto.jp/f-machi/hitoyasa.html,2026-09,595,,
26,京都府,26100,京都市,右京区,ドラッグユタカ　右京梅津店,,,615-0902,梅津神田町6番地,,,http://www.d-yutaka.co.jp/,yes,yes,1,0,1,1,yes,yes,no,no,yes,yes,,,sensor,button,yes,yes,yes,no,yes,no,yes,no,no,no,yes,no,barrier_free_facility_list,京都府内のバリアフリー施設一覧,https://www.pref.kyoto.jp/f-machi/hitoyasa.html,2026-09,596,,
26,京都府,26100,京都市,右京区,花園会館　妙心寺第1駐車場,,,616-8034,花園木辻北町1-5,,,http://www.hanazonokaikan.com,yes,yes,"1,2",2,,,yes,no,yes,no,no,no,,,button,button,yes,yes,yes,no,no,no,yes,no,no,yes,yes,no,barrier_free_facility_list,京都府内のバリアフリー施設一覧,https://www.pref.kyoto.jp/f-machi/hitoyasa.html,2026-09,597,,
26,京都府,26100,京都市,右京区,(株)京都マツダ西五条店,,,615-0041,西院南高田町10番地,,,http://matsushima-hd.co.jp,yes,yes,1,1,,,yes,no,no,no,yes,no,,,sensor,none,no,yes,yes,no,yes,no,no,no,no,no,yes,yes,barrier_free_facility_list,京都府内のバリアフリー施設一覧,https://www.pref.kyoto.jp/f-machi/hitoyasa.html,2026-09,598,,
26,京都府,26100,京都市,右京区,あうる京北（京都府立ゼミナールハウス）,,,601-0533,京北下中町鳥谷２,,,http://kyosemi.or.jp/,yes,yes,1、3、4,3,,,yes,no,no,no,no,no,,,button,button,yes,yes,yes,no,no,no,no,no,no,no,no,no,barrier_free_facility_list,京都府内のバリアフリー施設一覧,https://www.pref.kyoto.jp/f-machi/hitoyasa.html,2026-09,599,,"ご宿泊をご利用の場合、シングル、ツインのシングルユースには各￥300、￥1,000の追加料金が必要です。  建物出入口(本館３階)から一番近い車いすトイレは、本館３階にあります。 外部との出入り口に車いす使用者が利用できるスロープがあります。 ゲートに施設職員と連絡できるインターホンがあります。 外部との出入り口に自動ドアがあります。 車いす使用者対応の宿泊室があります。  職員が受付で筆談に応じます。 ファックス送信サービス（有料）あります。 視覚障害者誘導用のチャイムがあります。"
26,京都府,26100,京都市,右京区,右京税務署,,,615-0007,西院上花田町10の1,,,http://www.nta.go.jp/osaka/guide/zeimusho/kyoto/ukyo/index.htm,yes,no,,,,,,,no,,yes,,,,,,,,,,,,,,,,,,barrier_free_facility_list,京都府内のバリアフリー施設一覧,https://www.pref.kyoto.jp/f-machi/hitoyasa.html,2026-09,600,,おもいやり駐車場は混雑時には使用できない場合があります。 あらかじめご了承ください。
26,京都府,26100,京都市,右京区,洋服の青山　京都四条葛野大路店,,,615-0071,山ノ内西裏町１番地,,,,yes,yes,2,1,,,yes,no,no,no,no,no,,,button,none,no,yes,yes,no,no,no,no,no,no,no,no,no,barrier_free_facility_list,京都府内のバリアフリー施設一覧,https://www.pref.kyoto.jp/f-machi/hitoyasa.html,2026-09,601,,入店にはエスカレータしかありませんので人的サポート致します。
26,京都府,26100,京都市,右京区,JR　太秦駅,,,616-8174,太秦上ノ段町6番地2,,,http://www.jr-odekake.net/eki/top.php?id=0610706,no,no,,,,,,,unknown,,unknown,,,,,,,,,,,,,,,,,,barrier_free_facility_list,京都府内のバリアフリー施設一覧,https://www.pref.kyoto.jp/f-machi/hitoyasa.html,2026-09,602,,詳しくは上記ホームページをご参照ください。
26,京都府,26100,京都市,右京区,JR　嵯峨嵐山駅,,,616-8355,嵯峨天竜寺車道町11番地1,,,http://www.jr-odekake.net/eki/top.php?id=0610704,no,no,,,,,,,unknown,,unknown,,,,,,,,,,,,,,,,,,barrier_free_facility_list,京都府内のバリアフリー施設一覧,https://www.pref.kyoto.jp/f-machi/hitoyasa.html,2026-09,603,,詳しくは上記ホームページをご参照ください。
26,京都府,26100,京都市,右京区,JR 花園駅,,,616-8043,花園寺ノ内5番地,,,http://www.jr-odekake.net/eki/top.php?id=0610703,no,no,,,,,,,unknown,,unknown,,,,,,,,,,,,,,,,,,barrier_free_facility_list,京都府内のバリアフリー施設一覧,https://www.pref.kyoto.jp/f-machi/hitoyasa.html,2026-09,604,,詳しくは上記ホームページをご参照ください。
26,京都府,26100,京都市,右京区,右京簡易裁判所,,,616-8162,太秦蜂岡町２９,,,https://www.courts.go.jp/kyoto/about_tiho/syozai/index.html,yes,yes,,,,,,,yes,,yes,,,,,,,,,,,yes,yes,,,no,,,barrier_free_facility_list,京都府内のバリアフリー施設一覧,https://www.pref.kyoto.jp/f-machi/hitoyasa.html,2026-09,605,,
26,京都府,26100,京都市,右京区,イオンモール京都五条,,,615-0035,西院追分町２５－１,,,https://kyotogojo.aeonmall.jp/,yes,yes,各,6,,,yes,yes,yes,no,no,no,,,button,pull_cord,yes,yes,yes,yes,yes,yes,yes,no,no,yes,yes,yes,barrier_free_facility_list,京都府内のバリアフリー施設一覧,https://www.pref.kyoto.jp/f-machi/hitoyasa.html,2026-09,606,,
26,京都府,26100,京都市,右京区,DCM嵯峨店,,,616-8304,嵯峨広沢南野町68,,,https://www.dcm-hc.co.jp/,yes,yes,1,1,,,yes,no,yes,no,yes,no,,,sensor,button,yes,yes,yes,no,no,yes,yes,no,no,no,yes,no,barrier_free_facility_list,京都府内のバリアフリー施設一覧,https://www.pref.kyoto.jp/f-machi/hitoyasa.html,2026-09,607,,
26,京都府,26100,京都市,右京区,陸上競技場兼球技場,,,615-0864,西京極新明町29,,,http://www.kyoto-sports.or.jp/,yes,yes,,10,,,yes,no,yes,no,yes,yes,,,sensor,button,yes,yes,yes,no,no,yes,yes,yes,no,yes,yes,no,barrier_free_facility_list,京都府内のバリアフリー施設一覧,https://www.pref.kyoto.jp/f-machi/hitoyasa.html,2026-09,608,,
26,京都府,26100,京都市,右京区,西京極陸上競技場(補助競技場),,,615-0864,西京極新明町29,,,http://www.kyoto-sports.or.jp/,yes,yes,1,1,,,no,no,no,no,no,no,,,button,pull_cord,yes,no,no,no,no,no,no,yes,no,no,no,no,barrier_free_facility_list,京都府内のバリアフリー施設一覧,https://www.pref.kyoto.jp/f-machi/hitoyasa.html,2026-09,609,,
26,京都府,26100,京都市,右京区,わかさスタジアム京都,,,615-0864,西京極新明町1番地,,,http://www.kyoto-sports.or.jp/,yes,yes,1・2,,4,4,no,no,no,no,no,no,,,lever,button,yes,yes,yes,yes,yes,yes,yes,no,no,yes,yes,no,barrier_free_facility_list,京都府内のバリアフリー施設一覧,https://www.pref.kyoto.jp/f-machi/hitoyasa.html,2026-09,610,,
26,京都府,26100,京都市,右京区,京都市市民スポーツ会館,,,615-0864,西京極新明町３２番地,,,http://www.kyoto-sports.or.jp/,yes,yes,1.2,,2,2,yes,no,no,no,yes,yes,,,lever,pull_cord,yes,yes,yes,yes,yes,no,yes,yes,no,no,yes,no,barrier_free_facility_list,京都府内のバリアフリー施設一覧,https://www.pref.kyoto.jp/f-machi/hitoyasa.html,2026-09,611,,
26,京都府,26100,京都市,右京区,ハンナリーズアリーナ(京都市体育館),,,615-0864,西京極新明町1番地,,,http://www.kyoto-sports.or.jp/,yes,yes,"1,2",4,,,yes,yes,yes,no,yes,yes,,,lever,pull_cord,yes,yes,yes,no,,yes,yes,no,no,yes,yes,no,barrier_free_facility_list,京都府内のバリアフリー施設一覧,https://www.pref.kyoto.jp/f-machi/hitoyasa.html,2026-09,612,,
26,京都府,26100,京都市,右京区,京都アクアリーナ,,,615-0846,西京極徳大寺団子田町64番地,,,http://www.kyoto-aquarena.com/,yes,yes,1,1,2,2,no,yes,yes,no,no,yes,,,lever,button,yes,yes,yes,no,no,no,no,no,no,yes,yes,no,barrier_free_facility_list,京都府内のバリアフリー施設一覧,https://www.pref.kyoto.jp/f-machi/hitoyasa.html,2026-09,613,,
26,京都府,26100,京都市,右京区,ドコモショップ常磐東店,,,616-8217,常盤東ノ町２６－３,,,,yes,yes,1,1,,,yes,,unknown,,yes,,,,sensor,none,,,,,,,,no,no,no,yes,yes,barrier_free_facility_list,京都府内のバリアフリー施設一覧,https://www.pref.kyoto.jp/f-machi/hitoyasa.html,2026-09,614,,
26,京都府,26100,京都市,右京区,嵯峨美術大学・嵯峨美術短期大学,,,616-8362,嵯峨五島町１番地,,,http://www.kyoto-saga.ac.jp,yes,yes,1~5,3,5,5,yes,,no,,no,,,,button,,yes,yes,yes,,,,,,,,,,barrier_free_facility_list,京都府内のバリアフリー施設一覧,https://www.pref.kyoto.jp/f-machi/hitoyasa.html,2026-09,615,,職員が筆談に応じます。
26,京都府,26100,京都市,右京区,京都市宇多野ユースホステル,,,616-8191,太秦中山町２９,,,http://www.yh-kyoto.or.jp/utano/,yes,yes,各,1,3,4,yes,no,yes,no,yes,yes,,,other,button,yes,yes,yes,no,no,no,no,no,no,no,yes,no,barrier_free_facility_list,京都府内のバリアフリー施設一覧,https://www.pref.kyoto.jp/f-machi/hitoyasa.html,2026-09,616,,※トイレの洗浄設備は各所により異なる ※多目的トイレ内にベビーベッドあり ※貸出用車いすは館内利用のみ ※ハラル対応は簡単なライトハラル（豚肉とアルコール除去）のみ
26,京都府,26100,京都市,右京区,ホテルビナリオ嵯峨嵐山（コミュニティ嵯峨野）,,,616-8372,嵯峨天龍寺広道町３－４,,,http://hotel-binario.jp/,yes,yes,"1,2,3",3,,,yes,no,no,no,yes,yes,,,button,button,yes,yes,yes,no,no,no,no,no,no,no,no,no,barrier_free_facility_list,京都府内のバリアフリー施設一覧,https://www.pref.kyoto.jp/f-machi/hitoyasa.html,2026-09,617,,①　平成２４年度バリアフリー・ユニバーサルデザイン推進功労者「内閣総理大臣表彰」を受賞  ②　聴覚障害者のバリアフリーとして下記の設備を備えています。 　・客室内：アラームクロック、フラッシュライト、 　　　　「目で聴くテレビ　アイドラゴン」 　　　　トイレ／浴室に「緊急通報装置」 　・館内、会議室：電光掲示板（時刻表示・非常時に文字情報の表示）
26,京都府,26100,京都市,右京区,天龍寺,,,616-8385,嵯峨天龍寺芒ノ馬場町６８,,,http://www.tenryuji.com/,yes,yes,1,1,0,0,no,no,no,no,yes,yes,,,button,none,yes,yes,yes,no,yes,no,yes,yes,no,no,no,no,barrier_free_facility_list,京都府内のバリアフリー施設一覧,https://www.pref.kyoto.jp/f-machi/hitoyasa.html,2026-09,618,,FAX、メール、電話で予約は可能。客室は全て畳なので車いすは不可。
26,京都府,26100,京都市,右京区,京都市右京中央図書館,,,616-8104,太秦下刑部町１２番地　サンサ右京３階,,,https://www2.kyotocitylib.jp/右京中央図書館/,yes,no,3,0,1,1,yes,yes,no,no,no,yes,,,sensor,button,yes,yes,yes,yes,yes,yes,yes,no,yes,yes,yes,no,barrier_free_facility_list,京都府内のバリアフリー施設一覧,https://www.pref.kyoto.jp/f-machi/hitoyasa.html,2026-09,619,,
26,京都府,26100,京都市,右京区,京都地方法務局嵯峨出張所,,,616-8373,嵯峨天龍寺車道町33-20,,,,yes,,,,,,,,no,,yes,,,,,,,,,,,,,,,,,,barrier_free_facility_list,京都府内のバリアフリー施設一覧,https://www.pref.kyoto.jp/f-machi/hitoyasa.html,2026-09,620,,
26,京都府,26100,京都市,右京区,京都信用金庫西京極支店,,,615-0805,西京極東池田町5番地,,,http://www.kyoto-shinkin.co.jp/,yes,,,,,,,,no,,yes,,,,,,,,,,,,,,,,,,barrier_free_facility_list,京都府内のバリアフリー施設一覧,https://www.pref.kyoto.jp/f-machi/hitoyasa.html,2026-09,621,,
26,京都府,26100,京都市,右京区,京都銀行太秦安井支店,,,616-8077,太秦安井馬塚町１８－８,,,http://www.kyotobank.co.jp/,yes,,,,,,,,no,,no,,,,,,,,,,,,,,,,,,barrier_free_facility_list,京都府内のバリアフリー施設一覧,https://www.pref.kyoto.jp/f-machi/hitoyasa.html,2026-09,622,,ATMは全台、視覚障がい者が音声ガイダンスに従ってご利用できるものとなっています。
26,京都府,26100,京都市,右京区,京都銀行帷子ノ辻支店,,,616-8151,太秦帷子ケ辻町３５－９,,,http://www.kyotobank.co.jp/,no,,,,,,,,no,,no,,,,,,,,,,,,,,,,,,barrier_free_facility_list,京都府内のバリアフリー施設一覧,https://www.pref.kyoto.jp/f-machi/hitoyasa.html,2026-09,623,,ATMは全台、視覚障がい者が音声ガイダンスに従ってご利用できるものとなっています。
26,京都府,26100,京都市,右京区,京都生活協同組合　コープさがの,,,616-0000,太秦開白町８－３,,,http://www.kyoto.coop/,yes,,,,,,,,no,,yes,,,,,,,,,,,,,,,,,,barrier_free_facility_list,京都府内のバリアフリー施設一覧,https://www.pref.kyoto.jp/f-machi/hitoyasa.html,2026-09,624,,・京都コープ全店にて、相談インターホン、車いす専用レジ、高齢者・障がい者の買物介添えサービス、「認知症あんしんサポーター」の研修を受けた職員が配置されています。  ・個人宅配サービスでは、高齢者・障害者配達手数料割引きを実施。各自治体と配送時の「見守り協定」締結、「こども１１０番」活動にも参加しています。お問合せ先「組合員コールセンター０１２０－１１－２８００」
26,京都府,26100,京都市,右京区,ファミリーマート　京都嵯峨広沢店,,,616-8305,嵯峨広沢御所ノ内町30番地,,,,no,,,,,,,,no,,unknown,,,,,,,,,,,,,,,,,,barrier_free_facility_list,京都府内のバリアフリー施設一覧,https://www.pref.kyoto.jp/f-machi/hitoyasa.html,2026-09,625,,
26,京都府,26100,京都市,右京区,ファミリーマート　西大路三条店,,,615-0001,西院上今田町25番地1,,,,no,,,,,,,,no,,unknown,,,,,,,,,,,,,,,,,,barrier_free_facility_list,京都府内のバリアフリー施設一覧,https://www.pref.kyoto.jp/f-machi/hitoyasa.html,2026-09,626,,
26,京都府,26100,京都市,右京区,東映太秦映画村,,,616-8586,太秦東蜂岡町１０番地,,,http://www.toei-eigamura.com/,yes,,,,,,,,yes,,yes,,,,,,,,,,,,,,,,,,barrier_free_facility_list,京都府内のバリアフリー施設一覧,https://www.pref.kyoto.jp/f-machi/hitoyasa.html,2026-09,627,,貸し出し用ベビーカーがあります。（貸出し場所：インフォメーション） おむつ換え用のベビーシートがあります。（パディオス１階授乳室） 授乳コーナーがあります。（同上）  職員がインフォメーションで筆談に応じます。
26,京都府,26100,京都市,右京区,京都信用金庫　梅津支店,,,615-0907,梅津段町23番地の9,,,http://www.kyoto-shinkin.co.jp/,yes,,,,,,,,no,,yes,,,,,,,,,,,,,,,,,,barrier_free_facility_list,京都府内のバリアフリー施設一覧,https://www.pref.kyoto.jp/f-machi/hitoyasa.html,2026-09,628,,
26,京都府,26100,京都市,右京区,嵐山観光駐車場トイレ,,,616-8384,嵯峨天龍寺造路町31番地の1,,,http://www.kyotopublic.or.jp/,yes,,,,,,,,no,,no,,,,,,,,,,,,,,,,,,barrier_free_facility_list,京都府内のバリアフリー施設一覧,https://www.pref.kyoto.jp/f-machi/hitoyasa.html,2026-09,629,,
26,京都府,26100,京都市,右京区,株式会社セレマ　天神川ホール,,,615-0057,西院東貝川町４６－３,,,,yes,,,,,,,,no,,no,,,,,,,,,,,,,,,,,,barrier_free_facility_list,京都府内のバリアフリー施設一覧,https://www.pref.kyoto.jp/f-machi/hitoyasa.html,2026-09,630,,
26,京都府,26100,京都市,右京区,高齢者福祉総合施設　健光園あらしやま,,,616-8363,嵯峨柳田町３６－５,,,http://www.kenkouen.jp/,no,,,,,,,,no,,no,,,,,,,,,,,,,,,,,,barrier_free_facility_list,京都府内のバリアフリー施設一覧,https://www.pref.kyoto.jp/f-machi/hitoyasa.html,2026-09,631,,
26,京都府,26100,京都市,右京区,一般財団法人仁風会　嵯峨野病院,,,616-8251,鳴滝宇多野谷９番地,,,http://www.jinpukai.or.jp/,yes,,,,,,,,no,,no,,,,,,,,,,,,,,,,,,barrier_free_facility_list,京都府内のバリアフリー施設一覧,https://www.pref.kyoto.jp/f-machi/hitoyasa.html,2026-09,632,,
26,京都府,26100,京都市,右京区,阪急　西院駅　　ＨＫ８３,,,615-0012,西院高山寺町３８番地の１,,,http://www.hankyu.co.jp/,yes,,,,,,,,yes,,no,,,,,,,,,,,,,,,,,,barrier_free_facility_list,京都府内のバリアフリー施設一覧,https://www.pref.kyoto.jp/f-machi/hitoyasa.html,2026-09,633,,ＡＥＤあり
26,京都府,26100,京都市,右京区,阪急　西京極駅　　ＨＫ８２,,,615-0851,西京極西池田町２番地,,,http://www.hankyu.co.jp/,no,,,,,,,,no,,no,,,,,,,,,,,,,,,,,,barrier_free_facility_list,京都府内のバリアフリー施設一覧,https://www.pref.kyoto.jp/f-machi/hitoyasa.html,2026-09,634,,ＡＥＤあり
26,京都府,26100,京都市,右京区,京都生活協同組合　コープパリティ,,,615-0805,西京極東池田町４２,,,http://www.kyoto.coop/,yes,,,,,,,,no,,no,,,,,,,,,,,,,,,,,,barrier_free_facility_list,京都府内のバリアフリー施設一覧,https://www.pref.kyoto.jp/f-machi/hitoyasa.html,2026-09,635,,・京都コープ全店にて、相談インターホン、車いす専用レジ、高齢者・障がい者の買物介添えサービス、「認知症あんしんサポーター」の研修を受けた職員が配置されています。  ・個人宅配サービスでは、高齢者・障害者配達手数料割引きを実施。各自治体と配送時の「見守り協定」締結、「こども１１０番」活動にも参加しています。お問合せ先「組合員コールセンター０１２０－１１－２８００」
26,京都府,26100,京都市,右京区,京都市地域特産物需要拡大センター（ウッディー京北）,,,601-0251,京北周山町上寺田１番地１,,,http://woody.fuw.jp/,yes,,,,,,,,no,,no,,,,,,,,,,,,,,,,,,barrier_free_facility_list,京都府内のバリアフリー施設一覧,https://www.pref.kyoto.jp/f-machi/hitoyasa.html,2026-09,636,,職員が受付で筆談に応じます。 外部との出入り口に点字ブロックがあります。
26,京都府,26100,京都市,右京区,京都市右京区役所京北出張所,,,601-0292,京北周山町上寺田1－1,,,http://www.city.kyoto.lg.jp/ukyo/,yes,,,,,,,,yes,,yes,,,,,,,,,,,,,,,,,,barrier_free_facility_list,京都府内のバリアフリー施設一覧,https://www.pref.kyoto.jp/f-machi/hitoyasa.html,2026-09,637,,
26,京都府,26100,京都市,右京区,京都市右京ふれあい文化会館,,,616-8065,太秦安井西裏町１１-６,,,http://www.kyotoconcerthall.org/ukyo/,yes,,,,,,,,no,,yes,,,,,,,,,,,,,,,,,,barrier_free_facility_list,京都府内のバリアフリー施設一覧,https://www.pref.kyoto.jp/f-machi/hitoyasa.html,2026-09,638,,おむつ換え用のベビーシートがあります。 職員が窓口で筆談に応じます。 覚障害者誘導用のチャイムがあります。 外部との出入り口に点字ブロックがあります。  地域における文化活動の拠点づくりとして日頃の芸術・文化活動の場として音楽・舞踊・演劇・映画会をはじめ会議や集会・サークル活動などにおおいにご利用ください。
26,京都府,26100,京都市,右京区,ぶらり嵐山,,,616-8374,嵯峨天龍寺北造路町18-1,,,https://plaza.kyoto-hotheart.jp/,yes,yes,1　1階男女共用1個,0,,,,,yes,,yes,,,,button,pull_cord,yes,yes,yes,,,,,no,no,no,yes,no,barrier_free_facility_list,京都府内のバリアフリー施設一覧,https://www.pref.kyoto.jp/f-machi/hitoyasa.html,2026-09,639,,車いす貸出は館内のみです。
26,京都府,26100,京都市,右京区,仁和寺,,,616-8092,御室大内３３,,,http://www.ninnaji.or.jp/,no,,,,,,,,no,,no,,,,,,,,,,,,,,,,,,barrier_free_facility_list,京都府内のバリアフリー施設一覧,https://www.pref.kyoto.jp/f-machi/hitoyasa.html,2026-09,640,,
26,京都府,26100,京都市,右京区,弓削郵便局,,,601-0533,京北下中町東石原１－２,,,http://map.japanpost.jp/pc/syousai.php?id=300144100000,no,,,,,,,,no,,no,,,,,,,,,,,,,,,,,,barrier_free_facility_list,京都府内のバリアフリー施設一覧,https://www.pref.kyoto.jp/f-machi/hitoyasa.html,2026-09,641,,職員が窓口で筆談に応じます。 外部との出入り口に点字ブロックがあります。 点字パンフレットがあります。
26,京都府,26100,京都市,右京区,京都常盤郵便局,,,616-8224,常盤窪町１５－１８,,,,no,,,,,,,,unknown,,unknown,,,,,,,,,,,,,,,,,,barrier_free_facility_list,京都府内のバリアフリー施設一覧,https://www.pref.kyoto.jp/f-machi/hitoyasa.html,2026-09,642,,
26,京都府,26100,京都市,右京区,はるやま　京都太秦店,,,616-8102,太秦森ヶ東町２２－１,,,,no,,,,,,,,unknown,,unknown,,,,,,,,,,,,,,,,,,barrier_free_facility_list,京都府内のバリアフリー施設一覧,https://www.pref.kyoto.jp/f-machi/hitoyasa.html,2026-09,643,,
26,京都府,26100,京都市,右京区,高雄観光駐車場トイレ,,,616-8295,梅ヶ畑栂尾町1番地の1,,,http://www.kyotopublic.or.jp/annai/parki,yes,,,,,,,,no,,no,,,,,,,,,,,,,,,,,,barrier_free_facility_list,京都府内のバリアフリー施設一覧,https://www.pref.kyoto.jp/f-machi/hitoyasa.html,2026-09,644,,
26,京都府,26100,京都市,右京区,京都市営地下鉄　太秦天神川駅,,,616-8104,太秦下刑部町,,,http://www.city.kyoto.lg.jp/kotsu/page/0000028930.html,yes,,,,,,,,yes,,yes,,,,,,,,,,,,,,,,,,barrier_free_facility_list,京都府内のバリアフリー施設一覧,https://www.pref.kyoto.jp/f-machi/hitoyasa.html,2026-09,645,,地下鉄東西線にはホームドアがあります。  浜大津行の京阪車両は4両編成です。ホーム終端部寄りに停車します。  六地蔵行の交通局車両は6両編成です。 身体障害者手帳をお持ちの方は駅職員に提示してください。  駅職員が筆談に応じます。
26,京都府,26100,京都市,右京区,京都市宇津峡公園,,,601-0266,京北下宇津町向ヒ山1,,,http://fuw.jp/utsukyoh/,yes,,,,,,,,no,,no,,,,,,,,,,,,,,,,,,barrier_free_facility_list,京都府内のバリアフリー施設一覧,https://www.pref.kyoto.jp/f-machi/hitoyasa.html,2026-09,646,,
26,京都府,26100,京都市,右京区,介護老人保健施設　ケア・スポット梅津,,,615-0924,梅津尻溝町６６－１,,,http://carespotumezu.jimdo.com/,yes,,,,,,,,unknown,,no,,,,,,,,,,,,,,,,,,barrier_free_facility_list,京都府内のバリアフリー施設一覧,https://www.pref.kyoto.jp/f-machi/hitoyasa.html,2026-09,647,,
26,京都府,26100,京都市,右京区,来来亭　四条葛野大路店,,,615-0057,西院東貝川町３６－１,,,,no,,,,,,,,unknown,,unknown,,,,,,,,,,,,,,,,,,barrier_free_facility_list,京都府内のバリアフリー施設一覧,https://www.pref.kyoto.jp/f-machi/hitoyasa.html,2026-09,648,,
26,京都府,26100,京都市,右京区,来来亭　太秦店,,,616-8185,太秦開日町８－１,,,,no,,,,,,,,unknown,,unknown,,,,,,,,,,,,,,,,,,barrier_free_facility_list,京都府内のバリアフリー施設一覧,https://www.pref.kyoto.jp/f-machi/hitoyasa.html,2026-09,649,,
26,京都府,26100,京都市,右京区,京都愛宕郵便局,,,616-8421,嵯峨釈迦堂門前瀬戸川町３－３,,,http://map.japanpost.jp/pc/syousai.php?id=300144378000,no,,,,,,,,no,,no,,,,,,,,,,,,,,,,,,barrier_free_facility_list,京都府内のバリアフリー施設一覧,https://www.pref.kyoto.jp/f-machi/hitoyasa.html,2026-09,650,,
26,京都府,26100,京都市,右京区,スギ薬局梅津店,,,615-0935,梅津徳丸町２番地,,,,no,,,,,,,,unknown,,unknown,,,,,,,,,,,,,,,,,,barrier_free_facility_list,京都府内のバリアフリー施設一覧,https://www.pref.kyoto.jp/f-machi/hitoyasa.html,2026-09,651,,
26,京都府,26100,京都市,右京区,スギ薬局山ノ内店,,,615-0082,山ノ内赤山町１５番地,,,,no,,,,,,,,unknown,,unknown,,,,,,,,,,,,,,,,,,barrier_free_facility_list,京都府内のバリアフリー施設一覧,https://www.pref.kyoto.jp/f-machi/hitoyasa.html,2026-09,652,,
26,京都府,26100,京都市,右京区,高齢者福祉総合施設　健光園,,,616-8417,嵯峨大覚寺門前六道町１２,,,,no,,,,,,,,unknown,,unknown,,,,,,,,,,,,,,,,,,barrier_free_facility_list,京都府内のバリアフリー施設一覧,https://www.pref.kyoto.jp/f-machi/hitoyasa.html,2026-09,653,,
26,京都府,26100,京都市,右京区,郵便事業株式会社　京都西支店,,,616-8799,嵯峨五島町１－６４,,,http://map.japanpost.jp/pc/syousai.php?id=300144298000,no,,,,,,,,no,,no,,,,,,,,,,,,,,,,,,barrier_free_facility_list,京都府内のバリアフリー施設一覧,https://www.pref.kyoto.jp/f-machi/hitoyasa.html,2026-09,654,,
26,京都府,26100,京都市,右京区,右京郵便局,,,615-8799,西院清水町１６,,,http://map.japanpost.jp/pc/syousai.php?id=300144004000,no,,,,,,,,unknown,,unknown,,,,,,,,,,,,,,,,,,barrier_free_facility_list,京都府内のバリアフリー施設一覧,https://www.pref.kyoto.jp/f-machi/hitoyasa.html,2026-09,655,,
26,京都府,26100,京都市,右京区,京都市建設局西部土木事務所,,,615-0056,西院西貝川町31,,,http://www.city.kyoto.lg.jp/kensetu/soshiki/10-2-9-0-0.html,no,,,,,,,,no,,no,,,,,,,,,,,,,,,,,,barrier_free_facility_list,京都府内のバリアフリー施設一覧,https://www.pref.kyoto.jp/f-machi/hitoyasa.html,2026-09,656,,
26,京都府,26100,京都市,右京区,スーパーマツモト新丸太町店,,,616-8217,常盤東ノ町２６－５,,,,yes,,,,,,,,yes,,yes,,,,,,,,,,,,,,,,,,barrier_free_facility_list,京都府内のバリアフリー施設一覧,https://www.pref.kyoto.jp/f-machi/hitoyasa.html,2026-09,657,,
26,京都府,26100,京都市,右京区,京都府右京警察署 京北交番,,,601-0251,京北周山町宮ノ下１３－１,,,http://www.pref.kyoto.jp/fukei/,yes,yes,1,1,,,yes,no,no,no,no,no,,,button,button,yes,no,no,no,no,no,no,no,no,no,no,no,barrier_free_facility_list,京都府内のバリアフリー施設一覧,https://www.pref.kyoto.jp/f-machi/hitoyasa.html,2026-09,658,,
26,京都府,26100,京都市,右京区,京都府右京警察署,,,616-8162,太秦蜂岡町３１,,,http://www.pref.kyoto.jp/fukei/,yes,yes,1,,1,1,yes,no,no,no,no,no,,,button,button,yes,yes,yes,no,no,no,no,no,no,no,no,no,barrier_free_facility_list,京都府内のバリアフリー施設一覧,https://www.pref.kyoto.jp/f-machi/hitoyasa.html,2026-09,659,,点字案内はトイレのみに設置しています。
26,京都府,26100,京都市,右京区,フレスコ梅津店,,,615-0923,梅津中倉町１７,,,http://www.super-fresco.co.jp/shop/umedu/,no,,,,,,,,no,,no,,,,,,,,,,,,,,,,,,barrier_free_facility_list,京都府内のバリアフリー施設一覧,https://www.pref.kyoto.jp/f-machi/hitoyasa.html,2026-09,660,,
26,京都府,26100,京都市,右京区,Ｄパーキング西京極総合運動公園第1駐車場,,,615-0864,西京極新明町１番地(京都市体育館地上),,,http://www.kyoto-sports.or.jp/accessmap/,yes,,,,,,,,no,,yes,,,,,,,,,,,,,,,,,,barrier_free_facility_list,京都府内のバリアフリー施設一覧,https://www.pref.kyoto.jp/f-machi/hitoyasa.html,2026-09,661,,
26,京都府,26100,京都市,右京区,Ｄパーキング西院公園駐車場,,,615-0051,西院安塚町37(西院公園内),,,,yes,,,,,,,,no,,no,,,,,,,,,,,,,,,,,,barrier_free_facility_list,京都府内のバリアフリー施設一覧,https://www.pref.kyoto.jp/f-machi/hitoyasa.html,2026-09,662,,
26,京都府,26100,京都市,右京区,ドコモショップ西大路五条店,,,615-0048,西院南寿町１０　１F,,,,no,,,,,,,,unknown,,unknown,,,,,,,,,,,,,,,,,,barrier_free_facility_list,京都府内のバリアフリー施設一覧,https://www.pref.kyoto.jp/f-machi/hitoyasa.html,2026-09,663,,
26,京都府,26100,京都市,右京区,ライフ太秦店,,,616-8081,太秦安井池田町６,,,,no,,,,,,,,unknown,,unknown,,,,,,,,,,,,,,,,,,barrier_free_facility_list,京都府内のバリアフリー施設一覧,https://www.pref.kyoto.jp/f-machi/hitoyasa.html,2026-09,664,,
26,京都府,26100,京都市,右京区,ドコモショップ四条外大前店,,,615-0057,西院東貝川町２,,,,no,,,,,,,,unknown,,unknown,,,,,,,,,,,,,,,,,,barrier_free_facility_list,京都府内のバリアフリー施設一覧,https://www.pref.kyoto.jp/f-machi/hitoyasa.html,2026-09,665,,
26,京都府,26100,京都市,右京区,ライフ梅津店,,,616-0000,梅津広町５０－１,,,,no,,,,,,,,unknown,,unknown,,,,,,,,,,,,,,,,,,barrier_free_facility_list,京都府内のバリアフリー施設一覧,https://www.pref.kyoto.jp/f-machi/hitoyasa.html,2026-09,666,,
26,京都府,26100,京都市,右京区,京都広沢郵便局,,,616-8304,嵯峨広沢南野町１２－１０,,,,no,,,,,,,,unknown,,unknown,,,,,,,,,,,,,,,,,,barrier_free_facility_list,京都府内のバリアフリー施設一覧,https://www.pref.kyoto.jp/f-machi/hitoyasa.html,2026-09,667,,
26,京都府,26100,京都市,右京区,府立北桑田高等学校,,,601-0534,京北下弓削町沢の奥１５,,,,no,,,,,,,,unknown,,unknown,,,,,,,,,,,,,,,,,,barrier_free_facility_list,京都府内のバリアフリー施設一覧,https://www.pref.kyoto.jp/f-machi/hitoyasa.html,2026-09,668,,
26,京都府,26100,京都市,右京区,府立北嵯峨高等学校,,,616-8353,嵯峨大沢柳井手町７,,,,no,,,,,,,,unknown,,unknown,,,,,,,,,,,,,,,,,,barrier_free_facility_list,京都府内のバリアフリー施設一覧,https://www.pref.kyoto.jp/f-machi/hitoyasa.html,2026-09,669,,
26,京都府,26100,京都市,右京区,やまごえ温水プール,,,616-8262,梅ヶ畑向ノ地町27番地1,,,,no,,,,,,,,unknown,,unknown,,,,,,,,,,,,,,,,,,barrier_free_facility_list,京都府内のバリアフリー施設一覧,https://www.pref.kyoto.jp/f-machi/hitoyasa.html,2026-09,670,,
26,京都府,26100,京都市,右京区,右京消防署,,,616-8162,太秦蜂岡町36,,,,yes,yes,1,1,,,,,unknown,,unknown,,,,button,pull_cord,yes,yes,yes,,,,,no,no,no,no,no,barrier_free_facility_list,京都府内のバリアフリー施設一覧,https://www.pref.kyoto.jp/f-machi/hitoyasa.html,2026-09,671,,
26,京都府,26100,京都市,右京区,サンサ右京,,,616-8104,太秦下刑部町12,,,,no,,,,,,,,unknown,,unknown,,,,,,,,,,,,,,,,,,barrier_free_facility_list,京都府内のバリアフリー施設一覧,https://www.pref.kyoto.jp/f-machi/hitoyasa.html,2026-09,672,,
26,京都府,26100,京都市,右京区,西京病院,,,615-0026,西院北矢掛町39-1,,,http://www.saikyohp.com/,yes,,,,,,,,no,,no,,,,,,,,,,,,,,,,,,barrier_free_facility_list,京都府内のバリアフリー施設一覧,https://www.pref.kyoto.jp/f-machi/hitoyasa.html,2026-09,673,,
26,京都府,26100,京都市,右京区,嵐山中ノ島公園東公衆トイレ,,,616-8383,右京区嵯峨中ノ島町,,,,no,,,,,,,,no,,yes,,,,,,,,,,,,,,,,,,barrier_free_facility_list,京都府内のバリアフリー施設一覧,https://www.pref.kyoto.jp/f-machi/hitoyasa.html,2026-09,674,,
26,京都府,26100,京都市,右京区,嵐山中ノ島公園西公衆トイレ,,,616-8383,嵯峨中ノ島町,,,,no,,,,,,,,no,,yes,,,,,,,,,,,,,,,,,,barrier_free_facility_list,京都府内のバリアフリー施設一覧,https://www.pref.kyoto.jp/f-machi/hitoyasa.html,2026-09,675,,
26,京都府,26100,京都市,右京区,竜安寺境内公衆トイレ,,,616-8001,龍安寺御陵ノ下町,,,http://raku.city.kyoto.jp/kanko_top/toilet/toilet_1.html,yes,,,,,,,,no,,yes,,,,,,,,,,,,,,,,,,barrier_free_facility_list,京都府内のバリアフリー施設一覧,https://www.pref.kyoto.jp/f-machi/hitoyasa.html,2026-09,676,,出入口に点字ブロックがあります
26,京都府,26100,京都市,右京区,嵯峨落柿舎北公衆トイレ,,,616-8391,小倉山二尊院東,,,http://raku.city.kyoto.jp/kanko_top/toilet/toilet_8.html,yes,,,,,,,,no,,yes,,,,,,,,,,,,,,,,,,barrier_free_facility_list,京都府内のバリアフリー施設一覧,https://www.pref.kyoto.jp/f-machi/hitoyasa.html,2026-09,677,,
26,京都府,26100,京都市,右京区,亀山公園下公衆トイレ,,,616-8385,渡月橋西２００ｍ,,,,yes,,,,,,,,no,,yes,,,,,,,,,,,,,,,,,,barrier_free_facility_list,京都府内のバリアフリー施設一覧,https://www.pref.kyoto.jp/f-machi/hitoyasa.html,2026-09,678,,
26,京都府,26100,京都市,右京区,御室仁和寺東公衆トイレ,,,616-8092,御室仁和寺駐車場入口,,,http://raku.city.kyoto.jp/kanko_top/toilet/toilet_1.html,yes,,,,,,,,no,,yes,,,,,,,,,,,,,,,,,,barrier_free_facility_list,京都府内のバリアフリー施設一覧,https://www.pref.kyoto.jp/f-machi/hitoyasa.html,2026-09,679,,
26,京都府,26100,京都市,右京区,京福　龍安寺駅,,,616-8001,龍安寺御陵下町13,,,http://randen.keifuku.co.jp/map/19.html,no,,,,,,,,no,,no,,,,,,,,,,,,,,,,,,barrier_free_facility_list,京都府内のバリアフリー施設一覧,https://www.pref.kyoto.jp/f-machi/hitoyasa.html,2026-09,680,,スロープあり。
26,京都府,26100,京都市,右京区,京福　妙心寺駅,,,616-8035,花園妙心寺町64,,,http://randen.keifuku.co.jp/map/18.html,no,,,,,,,,no,,no,,,,,,,,,,,,,,,,,,barrier_free_facility_list,京都府内のバリアフリー施設一覧,https://www.pref.kyoto.jp/f-machi/hitoyasa.html,2026-09,681,,スロープあり。
26,京都府,26100,京都市,右京区,京福　御室仁和寺駅,,,616-8092,御室大内33,,,http://randen.keifuku.co.jp/map/17.html,no,,,,,,,,no,,no,,,,,,,,,,,,,,,,,,barrier_free_facility_list,京都府内のバリアフリー施設一覧,https://www.pref.kyoto.jp/f-machi/hitoyasa.html,2026-09,682,,スロープあり。
26,京都府,26100,京都市,右京区,京福　宇多野駅,,,616-8208,宇多野福王子町52,,,http://randen.keifuku.co.jp/map/16.html,no,,,,,,,,no,,no,,,,,,,,,,,,,,,,,,barrier_free_facility_list,京都府内のバリアフリー施設一覧,https://www.pref.kyoto.jp/f-machi/hitoyasa.html,2026-09,683,,スロープあり。
26,京都府,26100,京都市,右京区,京福　鳴滝駅,,,616-8242,鳴滝本町83,,,http://randen.keifuku.co.jp/map/15.html,no,,,,,,,,no,,no,,,,,,,,,,,,,,,,,,barrier_free_facility_list,京都府内のバリアフリー施設一覧,https://www.pref.kyoto.jp/f-machi/hitoyasa.html,2026-09,684,,スロープあり。
26,京都府,26100,京都市,右京区,京福　常盤駅,,,616-8225,常盤馬塚町1,,,http://randen.keifuku.co.jp/map/14.html,no,,,,,,,,no,,no,,,,,,,,,,,,,,,,,,barrier_free_facility_list,京都府内のバリアフリー施設一覧,https://www.pref.kyoto.jp/f-machi/hitoyasa.html,2026-09,685,,スロープあり。
26,京都府,26100,京都市,右京区,京福　嵐山駅,,,616-8384,嵯峨天竜寺造路町,,,http://randen.keifuku.co.jp/map/13.html,yes,,,,,,,,no,,no,,,,,,,,,,,,,,,,,,barrier_free_facility_list,京都府内のバリアフリー施設一覧,https://www.pref.kyoto.jp/f-machi/hitoyasa.html,2026-09,686,,ゲートに施設職員と連絡できるインターホンがあります。 スロープあり。職員が受付で筆談に応じます。
26,京都府,26100,京都市,右京区,京福　嵐電嵯峨駅,,,616-8382,嵯峨天竜寺角倉町,,,http://randen.keifuku.co.jp/map/12.html,no,,,,,,,,no,,no,,,,,,,,,,,,,,,,,,barrier_free_facility_list,京都府内のバリアフリー施設一覧,https://www.pref.kyoto.jp/f-machi/hitoyasa.html,2026-09,687,,スロープあり。
26,京都府,26100,京都市,右京区,京福　鹿王院駅,,,616-8367,嵯峨北堀町24,,,http://randen.keifuku.co.jp/map/11.html,no,,,,,,,,no,,no,,,,,,,,,,,,,,,,,,barrier_free_facility_list,京都府内のバリアフリー施設一覧,https://www.pref.kyoto.jp/f-machi/hitoyasa.html,2026-09,688,,スロープあり。
26,京都府,26100,京都市,右京区,京福　車折神社駅,,,616-8343,嵯峨朝日町23,,,http://randen.keifuku.co.jp/map/10.html,no,,,,,,,,no,,no,,,,,,,,,,,,,,,,,,barrier_free_facility_list,京都府内のバリアフリー施設一覧,https://www.pref.kyoto.jp/f-machi/hitoyasa.html,2026-09,689,,スロープあり。
26,京都府,26100,京都市,右京区,京福　有栖川駅,,,616-8315,嵯峨野宮ノ元町34,,,http://randen.keifuku.co.jp/map/09.html,no,,,,,,,,no,,no,,,,,,,,,,,,,,,,,,barrier_free_facility_list,京都府内のバリアフリー施設一覧,https://www.pref.kyoto.jp/f-machi/hitoyasa.html,2026-09,690,,スロープあり。
26,京都府,26100,京都市,右京区,京福　帷子ノ辻駅,,,616-8151,太秦面影町,,,http://randen.keifuku.co.jp/map/08.html,no,,,,,,,,no,,no,,,,,,,,,,,,,,,,,,barrier_free_facility_list,京都府内のバリアフリー施設一覧,https://www.pref.kyoto.jp/f-machi/hitoyasa.html,2026-09,691,,スロープあり。
26,京都府,26100,京都市,右京区,京福　太秦広隆寺駅,,,616-8162,太秦峰岡町32,,,http://randen.keifuku.co.jp/map/07.html,no,,,,,,,,no,,no,,,,,,,,,,,,,,,,,,barrier_free_facility_list,京都府内のバリアフリー施設一覧,https://www.pref.kyoto.jp/f-machi/hitoyasa.html,2026-09,692,,スロープあり。
26,京都府,26100,京都市,右京区,京福　蚕ノ社駅,,,616-8125,太秦森ヶ前町13,,,http://randen.keifuku.co.jp/map/06.html,no,,,,,,,,no,,no,,,,,,,,,,,,,,,,,,barrier_free_facility_list,京都府内のバリアフリー施設一覧,https://www.pref.kyoto.jp/f-machi/hitoyasa.html,2026-09,693,,スロープあり。
26,京都府,26100,京都市,右京区,京福　嵐電天神川駅,,,616-8366,太秦下刑部町12番地,,,http://randen.keifuku.co.jp/map/05.html,no,,,,,,,,no,,no,,,,,,,,,,,,,,,,,,barrier_free_facility_list,京都府内のバリアフリー施設一覧,https://www.pref.kyoto.jp/f-machi/hitoyasa.html,2026-09,694,,スロープあり。
26,京都府,26100,京都市,右京区,京福　山ノ内駅,,,615-0093,山ノ内宮前町4,,,http://randen.keifuku.co.jp/map/04.html,no,,,,,,,,no,,no,,,,,,,,,,,,,,,,,,barrier_free_facility_list,京都府内のバリアフリー施設一覧,https://www.pref.kyoto.jp/f-machi/hitoyasa.html,2026-09,695,,上下線ともに車いす使用不可
26,京都府,26100,京都市,右京区,京福　西大路三条駅,,,615-0001,西院上今田町23,,,http://randen.keifuku.co.jp/map/03.html,no,,,,,,,,no,,no,,,,,,,,,,,,,,,,,,barrier_free_facility_list,京都府内のバリアフリー施設一覧,https://www.pref.kyoto.jp/f-machi/hitoyasa.html,2026-09,696,,嵐山方面のみスロープあり。四条方面車いす使用不可。
26,京都府,26100,京都市,下京区,ＰＣホスピタル　京都駅前店,,,600-8310,七条通西洞院東入ル夷之町694グランメリー1Ｆ,,,https://www.4900.co.jp,,no,,,,,,,,,,,,,,,,,,,,,,no,no,no,no,no,barrier_free_facility_list,京都府内のバリアフリー施設一覧,https://www.pref.kyoto.jp/f-machi/hitoyasa.html,2026-09,697,,
26,京都府,26100,京都市,下京区,京都駅前運転免許更新センター,,,600-8216,烏丸通七条下る東塩小路町707-2,,,https://www.pref.kyoto.jp/fukei/,,yes,1・地,2,,,yes,yes,yes,no,yes,yes,,,sensor,pull_cord,yes,yes,yes,no,no,yes,yes,yes,no,yes,yes,yes,barrier_free_facility_list,京都府内のバリアフリー施設一覧,https://www.pref.kyoto.jp/f-machi/hitoyasa.html,2026-09,698,,
26,京都府,26100,京都市,下京区,下京税務署,,,600-8181,間之町五条下ル大津町8,,,http://www.nta.go.jp/osaka/guide/zeimusho/kyoto/shimogyo/,yes,no,,,,,,,no,,yes,,,,,,,,,,,,,,,,,,barrier_free_facility_list,京都府内のバリアフリー施設一覧,https://www.pref.kyoto.jp/f-machi/hitoyasa.html,2026-09,699,,
26,京都府,26100,京都市,下京区,JR　丹波口駅,,,600-8813,中堂寺南町1番地,,,http://www.jr-odekake.net/eki/top.php?id=0610701,no,no,,,,,,,unknown,,unknown,,,,,,,,,,,,,,,,,,barrier_free_facility_list,京都府内のバリアフリー施設一覧,https://www.pref.kyoto.jp/f-machi/hitoyasa.html,2026-09,700,,詳しくは上記ホームページをご参照ください。
26,京都府,26100,京都市,下京区,JR　京都駅,,,600-8216,烏丸塩小路下ル東塩小路町,,,http://www.jr-odekake.net/eki/top.php?id=0610116,no,no,,,,,,,unknown,,unknown,,,,,,,,,,,,,,,,,,barrier_free_facility_list,京都府内のバリアフリー施設一覧,https://www.pref.kyoto.jp/f-machi/hitoyasa.html,2026-09,701,,詳しくは上記ホームページをご参照ください。
26,京都府,26100,京都市,下京区,リパーク京都タワー東,,,600-8212,塩小路町527-1,,,https://www.repark.jp/parking_user/time/result/detail/?park=REP0012839,no,no,,,,,no,no,no,no,no,no,,,none,none,no,no,no,no,no,no,no,no,no,no,no,no,barrier_free_facility_list,京都府内のバリアフリー施設一覧,https://www.pref.kyoto.jp/f-machi/hitoyasa.html,2026-09,702,,
26,京都府,26100,京都市,下京区,総合福祉施設　修徳,,,600-8449,新町通松原下る富永町１１０番地１,,,http://www.e-caretown.com/26/shuutoku/,yes,yes,1,,1,1,,,no,,yes,,,,button,pull_cord,yes,yes,yes,,,,,no,no,no,no,no,barrier_free_facility_list,京都府内のバリアフリー施設一覧,https://www.pref.kyoto.jp/f-machi/hitoyasa.html,2026-09,703,,
26,京都府,26100,京都市,下京区,高島屋京都店,,,600-8520,四条通河原町西入真町52番地,,,http://www.takashimaya.co.jp/index.html,yes,yes,各,11,,,yes,yes,yes,no,yes,yes,,,sensor,button,yes,yes,yes,yes,yes,yes,yes,yes,yes,yes,yes,no,barrier_free_facility_list,京都府内のバリアフリー施設一覧,https://www.pref.kyoto.jp/f-machi/hitoyasa.html,2026-09,704,,※駐車場入口にて、京都おもいやり駐車場を希望される旨をお伝えください。 タカシマヤ直営駐車場（自走式）棟５階に、車椅子等優先駐車スペースがありますが、満車の場合も多くございますので、空いている駐車可能なスペースをご案内します。  駐車台数は、高島屋京都店HP参照　直営駐車場４８４台　契約駐車場４４７台
26,京都府,26100,京都市,下京区,本願寺 （西本願寺）,,,600-8358,堀川通花屋町下ル,,,http://www.hongwanji.or.jp/,yes,yes,1,2,,,yes,yes,no,no,yes,yes,,,lever,button,yes,yes,yes,no,no,yes,yes,no,no,yes,yes,no,barrier_free_facility_list,京都府内のバリアフリー施設一覧,https://www.pref.kyoto.jp/f-machi/hitoyasa.html,2026-09,705,,下記の法要にて、一部手話通訳を実施 　１月１５日　　御正忌報恩講 　４月１５日　　立教開宗記念法要（春の法要） 　５月２１日　　宗祖降誕会 　１１月２３日　全国門徒総追悼法要（秋の法要）  【お車でのアクセス】 名神高速道路:京都南ICから　国道1号線を北へ約8㎞(約25分) 名神高速道路:京都東ICから　国道1号線(五条通)を西へ約10㎞(約30分）
26,京都府,26100,京都市,下京区,DCM七条店,,,600-8865,七条御所ノ内西町45,,,https://www.dcm-hc.co.jp/,yes,no,1,1,,,yes,no,no,no,yes,yes,,,lever,button,yes,yes,yes,no,yes,no,yes,no,no,no,yes,no,barrier_free_facility_list,京都府内のバリアフリー施設一覧,https://www.pref.kyoto.jp/f-machi/hitoyasa.html,2026-09,706,,
26,京都府,26100,京都市,下京区,京都中珠数屋町郵便局,,,600-8153,東洞院通正面上る廿人講町３０,,,http://www.post.japanpost.jp,no,no,,,,,,,no,,no,,,,,,,,,,,,,no,,,,,barrier_free_facility_list,京都府内のバリアフリー施設一覧,https://www.pref.kyoto.jp/f-machi/hitoyasa.html,2026-09,707,,
26,京都府,26100,京都市,下京区,エスペラント会館,,,600-8455,西洞院通五条上る八幡町537-6番地,,,www.maroon.dti.ne.jp/esperanto/esp.index.html,yes,yes,1,1,,,,,no,,no,,,,lever,none,,yes,yes,,,,,no,no,yes,yes,no,barrier_free_facility_list,京都府内のバリアフリー施設一覧,https://www.pref.kyoto.jp/f-machi/hitoyasa.html,2026-09,708,,駐輪場あり（屋根なし） 館内禁煙 飲食持ち込み可 授乳コーナーはありませんが、必要な場合、管理人室をお使いください。 ブルーシート、い草シートを無料で貸し出します。 職員が受付で筆談に応じます。 ファックスをお使いになりたいときは、受付にお申し出ください。（実費） 外部との出入り口に点字ブロックがあります。 エレベーターボタンに点字表示があります。  2006年に下京区に出来た、格安の貸会議室です。 敷地は小さいながらも、出来るだけバリアをつくらないように建てました。
26,京都府,26100,京都市,下京区,京都センチュリーホテル,,,600-8216,東洞院通塩小路下ル東塩小路町６８０番地,,,http://www.keihanhotels-resorts.co.jp/kyoto-centuryhotel/,yes,yes,1,1,,,yes,,no,,yes,,,,lever,button,,yes,yes,,,,,no,no,no,yes,no,barrier_free_facility_list,京都府内のバリアフリー施設一覧,https://www.pref.kyoto.jp/f-machi/hitoyasa.html,2026-09,709,,ご要望に応じて適宜対応いたします。詳しくはお問い合わせください。
26,京都府,26100,京都市,下京区,京都総合観光案内所,,,600-8216,京都駅ビル２階,,,https://ja.kyoto.travel/information/,no,no,,,,,unknown,unknown,unknown,unknown,unknown,unknown,,,,,,,,,,,,,no,no,no,no,barrier_free_facility_list,京都府内のバリアフリー施設一覧,https://www.pref.kyoto.jp/f-machi/hitoyasa.html,2026-09,710,,※車イスの貸出は３台あります。(貸出時に保証金5000円をお預かりします。保証金は返却時にお返しします。) ※外国語による案内表記あり（英語、中国語、韓国・朝鮮語） ※外国語対応あり（英語、中国語、韓国・朝鮮語他） ※筆談対応あり ※Wi-Fiあり
26,京都府,26100,京都市,下京区,ハローワーク京都七条（京都七条公共職業安定所）,,,600-8235,西洞院通塩小路下ル東油小路町803,,,https://jsite.mhlw.go.jp/kyoto-roudoukyoku/hw/kankathu_thiiki/antei03.html,yes,yes,"1,4",2,,,yes,no,no,no,no,no,,,lever,button,no,yes,yes,no,no,no,yes,no,no,no,yes,no,barrier_free_facility_list,京都府内のバリアフリー施設一覧,https://www.pref.kyoto.jp/f-machi/hitoyasa.html,2026-09,711,,※おむつ交換シートは多目的トイレ内
26,京都府,26100,京都市,下京区,京都市下京消防署,,,600-8191,五条通高倉西入堺町27番地,,,,yes,yes,"1,3",0,,,no,no,no,no,yes,yes,,,button,pull_cord,yes,yes,yes,no,no,no,no,no,no,no,yes,no,barrier_free_facility_list,京都府内のバリアフリー施設一覧,https://www.pref.kyoto.jp/f-machi/hitoyasa.html,2026-09,712,,※多目的トイレ内には、手洗い用シンクあり ※介添えサービスについては、勤務している職員が対応
26,京都府,26100,京都市,下京区,大学のまち交流センター（キャンパスプラザ京都）,,,600-8216,西洞院通塩小路下る東塩小路町９３９,,,http://www.consortium.or.jp/,yes,yes,1～6,8,,,yes,no,no,no,yes,no,,,sensor,button,yes,yes,yes,no,yes,no,yes,no,no,no,yes,no,barrier_free_facility_list,京都府内のバリアフリー施設一覧,https://www.pref.kyoto.jp/f-machi/hitoyasa.html,2026-09,713,,エントランスホールに設置したインターホンでご連絡ください、出入を職員が介助します。 視覚障害者誘導用のチャイムがあります。 建物出入口から一番ちかい車いすトイレは、１階事務室横(エレベーター裏側）にあります。 多目的トイレ：１，２，５階１室は温水洗浄便座ではありません。 女子トイレのうち、洋式便座の1室のみベビーチェアの設置があります。
26,京都府,26100,京都市,下京区,ひと・まち交流館　京都,,,600-8127,西木屋町通上ノ口上ル梅湊町83-1,,,http://www.hitomachi-kyoto.jp/,yes,yes,地下1～4,10,,,yes,yes,yes,no,yes,no,,,sensor,pull_cord,yes,yes,yes,no,no,yes,yes,no,no,yes,no,no,barrier_free_facility_list,京都府内のバリアフリー施設一覧,https://www.pref.kyoto.jp/f-machi/hitoyasa.html,2026-09,714,,会話サポート聴覚補助具「Sound Hub」設置 視覚障害者に対し、館内希望の場所までご案内が可能です。
26,京都府,26100,京都市,下京区,京都市下京図書館,,,600-8449,新町通松原下ル富永町１１０－１,,,https://www2.kyotocitylib.jp/下京図書館/,yes,yes,4,1,,,yes,no,no,no,no,no,,,other,pull_cord,yes,yes,yes,no,yes,no,no,no,no,yes,yes,no,barrier_free_facility_list,京都府内のバリアフリー施設一覧,https://www.pref.kyoto.jp/f-machi/hitoyasa.html,2026-09,715,,
26,京都府,26100,京都市,下京区,京都市下京青少年活動センター,,,600-8202,川端町１３,,,http://ys-kyoto.org/shimogyo/,yes,yes,地下1階、1、2,2,1,1,no,no,no,no,no,no,,,button,button,no,yes,yes,no,no,no,no,unknown,no,no,no,no,barrier_free_facility_list,京都府内のバリアフリー施設一覧,https://www.pref.kyoto.jp/f-machi/hitoyasa.html,2026-09,716,,車いすトイレは、地下１階男女別各１、１・２階各男女共用１
26,京都府,26100,京都市,下京区,京都春日郵便局,,,600-8886,西七条北月読町６６,,,http://map.japanpost.jp/pc/syousai.php?id=300144301000,no,no,,,,,no,no,no,no,no,no,,,none,none,no,no,no,no,no,no,no,no,,,,,barrier_free_facility_list,京都府内のバリアフリー施設一覧,https://www.pref.kyoto.jp/f-machi/hitoyasa.html,2026-09,717,,
26,京都府,26100,京都市,下京区,京都七条米浜郵便局,,,604-8412,三ノ宮町通正面下る上三之宮町２６０,,,http://map.japanpost.jp/pc/syousai.php?id=300144079000,no,no,,,,,,,no,,no,,,,,,,,,,,,,no,no,no,no,no,barrier_free_facility_list,京都府内のバリアフリー施設一覧,https://www.pref.kyoto.jp/f-machi/hitoyasa.html,2026-09,718,,
26,京都府,26100,京都市,下京区,下京区総合庁舎（下京区役所）,,,600-8588,西洞院通塩小路上る東塩小路町６０８－８,,,http://www.city.kyoto.lg.jp/shimogyo/,yes,yes,1～4,5,0,0,yes,no,yes,no,no,yes,,,sensor,button,yes,no,yes,no,no,no,no,no,no,yes,yes,no,barrier_free_facility_list,京都府内のバリアフリー施設一覧,https://www.pref.kyoto.jp/f-machi/hitoyasa.html,2026-09,719,,多目的トイレは、1階男女共用２、2～4階男女共用各1。ベビーチェアは１､2階多目的トイレに設置。おむつ交換スペースは多目的トイレ内に設置。 インターホンは閉庁時通用口に設置。 ベビーカー貸出は１階総合案内。授乳スペースは、1、4階。 エレベーターは、建物南側２台、北側１台（地下～2階） 手話対応は、火曜、木曜。
26,京都府,26100,京都市,下京区,京都大宮松原郵便局,,,600-8377,大宮通松原下る上五条町３８６－３,,,http://map.japanpost.jp/pc/syousai.php?id=300144158000,no,no,,,,,,,no,,no,,,,,,no,no,no,no,no,no,no,no,no,no,no,no,barrier_free_facility_list,京都府内のバリアフリー施設一覧,https://www.pref.kyoto.jp/f-machi/hitoyasa.html,2026-09,720,,
26,京都府,26100,京都市,下京区,セブンイレブン　京都西大路花屋町,,,600-8881,西七条掛越町６４,,,,no,,,,,,,,unknown,,unknown,,,,,,,,,,,,,,,,,,barrier_free_facility_list,京都府内のバリアフリー施設一覧,https://www.pref.kyoto.jp/f-machi/hitoyasa.html,2026-09,721,,
26,京都府,26100,京都市,下京区,セブンイレブン　京都七条大宮,,,600-8267,御器屋町５６,,,,no,,,,,,,,unknown,,unknown,,,,,,,,,,,,,,,,,,barrier_free_facility_list,京都府内のバリアフリー施設一覧,https://www.pref.kyoto.jp/f-machi/hitoyasa.html,2026-09,722,,
26,京都府,26100,京都市,下京区,京都銀行本店営業部,,,600-8652,烏丸通松原上ル薬師前町７００,,,http://www.kyotobank.co.jp/,yes,,,,,,,,no,,yes,,,,,,,,,,,,,,,,,,barrier_free_facility_list,京都府内のバリアフリー施設一覧,https://www.pref.kyoto.jp/f-machi/hitoyasa.html,2026-09,723,,音声案内：店舗入口に「音声誘導チャイム(店舗の場所をチャイムとアナウンスで知らせる装置)」が設置されています。 ATMは全台、視覚障がい者が音声ガイダンスに従ってご利用できるものとなっています。
26,京都府,26100,京都市,下京区,ファミリーマート　七条壬生店,,,600-8837,夷馬場町35番地18,,,,no,,,,,,,,no,,unknown,,,,,,,,,,,,,,,,,,barrier_free_facility_list,京都府内のバリアフリー施設一覧,https://www.pref.kyoto.jp/f-machi/hitoyasa.html,2026-09,724,,
26,京都府,26100,京都市,下京区,京都下労働基準監督署,,,600-8009,四条通室町東入函谷鉾町101アーバンネット四条烏丸ビル5階,,,,yes,,,,,,,,no,,no,,,,,,,,,,,,,,,,,,barrier_free_facility_list,京都府内のバリアフリー施設一覧,https://www.pref.kyoto.jp/f-machi/hitoyasa.html,2026-09,725,,
26,京都府,26100,京都市,下京区,梅小路公園,,,600-8835,観善寺町５６－３,,,,no,,,,,,,,no,,no,,,,,,,,,,,,,,,,,,barrier_free_facility_list,京都府内のバリアフリー施設一覧,https://www.pref.kyoto.jp/f-machi/hitoyasa.html,2026-09,726,,オムツ替え台があります。
26,京都府,26100,京都市,下京区,阪急　河原町駅　　ＨＫ８６,,,600-8001,四条通河原町西入ル真町５２番地先,,,http://www.hankyu.co.jp/,yes,,,,,,,,yes,,yes,,,,,,,,,,,,,,,,,,barrier_free_facility_list,京都府内のバリアフリー施設一覧,https://www.pref.kyoto.jp/f-machi/hitoyasa.html,2026-09,727,,ＡＥＤあり 音声案内は中央改札口のみ
26,京都府,26100,京都市,下京区,阪急　烏丸駅　　ＨＫ８５,,,604-8365,四条通烏丸東入ル長刀鉾町１７番地先,,,http://www.hankyu.co.jp/,yes,,,,,,,,yes,,yes,,,,,,,,,,,,,,,,,,barrier_free_facility_list,京都府内のバリアフリー施設一覧,https://www.pref.kyoto.jp/f-machi/hitoyasa.html,2026-09,728,,ＡＥＤあり
26,京都府,26100,京都市,下京区,京都市学校歴史博物館,,,600-8044,御幸町仏光寺下ル橘町437,,,http://kyo-gakurehaku.jp/,yes,,,,,,,,no,,no,,,,,,,,,,,,,,,,,,barrier_free_facility_list,京都府内のバリアフリー施設一覧,https://www.pref.kyoto.jp/f-machi/hitoyasa.html,2026-09,729,,第二展示室へ行くためには三段ほど段差がありますが事前に伝えておくとスロープを設置してくれます。
26,京都府,26100,京都市,下京区,損害保険ジャパン日本興亜株式会社　京都保険金サービス課,,,600-8102,五条通河原町西入本覚寺前町801,,,http://www.sjnk.co.jp/　（損保ジャパン日本興亜のホームページ）,yes,,,,,,,,no,,no,,,,,,,,,,,,,,,,,,barrier_free_facility_list,京都府内のバリアフリー施設一覧,https://www.pref.kyoto.jp/f-machi/hitoyasa.html,2026-09,730,,職員が筆談に応じます。 車いすトイレ内におむつ換え用のベビーシートがあります。 外部との出入口に点字ブロックがあります。
26,京都府,26100,京都市,下京区,ホテル日航プリンセス京都,,,600-8096,烏丸高辻東入ル,,,http://www.princess-kyoto.co.jp/,yes,,,,,,,,no,,yes,,,,,,,,,,,,,,,,,,barrier_free_facility_list,京都府内のバリアフリー施設一覧,https://www.pref.kyoto.jp/f-machi/hitoyasa.html,2026-09,731,,
26,京都府,26100,京都市,下京区,社会福祉法人京都福祉サービス協会　高齢者福祉施設西七条,,,600-8888,西七条八幡町２９番地,,,http://nishinana.jpn.org/,no,,,,,,,,no,,no,,,,,,,,,,,,,,,,,,barrier_free_facility_list,京都府内のバリアフリー施設一覧,https://www.pref.kyoto.jp/f-machi/hitoyasa.html,2026-09,732,,
26,京都府,26100,京都市,下京区,南部産婦人科医院,,,600-8894,西七条市部町132,,,https://nanbu-obgy.com,yes,yes,2,1,,,yes,no,no,no,no,no,,,button,button,no,yes,yes,no,yes,no,no,no,no,yes,yes,no,barrier_free_facility_list,京都府内のバリアフリー施設一覧,https://www.pref.kyoto.jp/f-machi/hitoyasa.html,2026-09,733,,
26,京都府,26100,京都市,下京区,京都ヨドバシ,,,600-0000,四条烏丸通七条下る東塩小路町５９０－２,,,,yes,,,,,,,,yes,,yes,,,,,,,,,,,,,,,,,,barrier_free_facility_list,京都府内のバリアフリー施設一覧,https://www.pref.kyoto.jp/f-machi/hitoyasa.html,2026-09,734,,
26,京都府,26100,京都市,下京区,リーガロイヤルホテル京都,,,600-8237,東堀川通り塩小路下ル松明町１番地,,,http://www.rihga.co.jp/kyoto/index.html,yes,,,,,,,,no,,yes,,,,,,,,,,,,,,,,,,barrier_free_facility_list,京都府内のバリアフリー施設一覧,https://www.pref.kyoto.jp/f-machi/hitoyasa.html,2026-09,735,,
26,京都府,26100,京都市,下京区,京都中央郵便局,,,600-8216,東塩小路町８４３－１２,,,http://map.japanpost.jp/pc/syousai.php?id=300144089000,yes,,,,,,,,no,,no,,,,,,,,,,,,,,,,,,barrier_free_facility_list,京都府内のバリアフリー施設一覧,https://www.pref.kyoto.jp/f-machi/hitoyasa.html,2026-09,736,,障がい者用駐車スペースはゆうちょ銀行と共用です。
26,京都府,26100,京都市,下京区,ホテルグランヴィア京都,,,600-8216,烏丸通塩小路下ル　JR京都駅烏丸中央口,,,http://www.granvia-kyoto.co.jp/index.html,yes,,,,,,,,no,,yes,,,,,,,,,,,,,,,,,,barrier_free_facility_list,京都府内のバリアフリー施設一覧,https://www.pref.kyoto.jp/f-machi/hitoyasa.html,2026-09,737,,
26,京都府,26100,京都市,下京区,ひふみ旅館,,,600-8216,不明門通り七条下ル東塩小路町７１１,,,,yes,,,,,,,,no,,no,,,,,,,,,,,,,,,,,,barrier_free_facility_list,京都府内のバリアフリー施設一覧,https://www.pref.kyoto.jp/f-machi/hitoyasa.html,2026-09,738,,建物出入口から一番ちかい車いすトイレは、３階にあります。 ゲートに施設職員と連絡できるインターホンがあります。 外部との出入り口に自動ドアがあります。  その他 職員がフロントで筆談に応じます。 ファックス送信サービスあります。（有料設置場所フロント）
26,京都府,26100,京都市,下京区,京都市営地下鉄　京都駅,,,600-8216,東塩小路町,,,http://www.city.kyoto.lg.jp/kotsu/page/0000009812.html,yes,,,,,,,,yes,,yes,,,,,,,,,,,,,,,,,,barrier_free_facility_list,京都府内のバリアフリー施設一覧,https://www.pref.kyoto.jp/f-machi/hitoyasa.html,2026-09,739,,改札口は4ヶ所あります。北から順に，北改札口・中央1改札口・中央2改札口・南改札口となっています。  中央2改札口・南改札口は無人ですが，インターホンとモニターテレビで駅職員と連絡できます。  身体障害者手帳をお持ちの方は駅職員に提示してください。  駅職員が筆談に応じます。
26,京都府,26100,京都市,下京区,京都市営地下鉄　五条駅,,,600-8177,大坂町,,,http://www.city.kyoto.lg.jp/kotsu/page/0000009779.html,yes,,,,,,,,no,,yes,,,,,,,,,,,,,,,,,,barrier_free_facility_list,京都府内のバリアフリー施設一覧,https://www.pref.kyoto.jp/f-machi/hitoyasa.html,2026-09,740,,改札口は北と南に2ヶ所あります。 南改札口は無人ですが，インターホンとモニターテレビで駅職員と連絡できます。  身体障害者手帳をお持ちの方は駅職員に提示してください。  駅職員が筆談に応じます。
26,京都府,26100,京都市,下京区,京都市営地下鉄　四条駅,,,600-8412,二帖半敷町,,,http://www.city.kyoto.lg.jp/kotsu/page/0000009769.html,yes,,,,,,,,yes,,yes,,,,,,,,,,,,,,,,,,barrier_free_facility_list,京都府内のバリアフリー施設一覧,https://www.pref.kyoto.jp/f-machi/hitoyasa.html,2026-09,741,,改札口は3ヶ所あります。北から順に北改札口・中央改札口・南改札口となっています。中央改札口は乗車専用です。 中央改札口・南改札口は無人ですが、インターホンとモニターテレビで駅職員と連絡できます。  身体障害者手帳をお持ちの方は駅職員に提示してください。コンコース階の北改札口前・中央改札口前に売店があります。  北改札口を出て右または南改札口を出て左の通路に 定期券発売所と京都市証明書発行コーナーがあります。    駅職員が筆談に応じます。
26,京都府,26100,京都市,下京区,京都信用金庫本店　地下1階駐車場,,,600-0000,四条通柳馬場東入立売東町７,,,http://www.kyoto-shinkin.co.jp/,yes,,,,,,,,no,,no,,,,,,,,,,,,,,,,,,barrier_free_facility_list,京都府内のバリアフリー施設一覧,https://www.pref.kyoto.jp/f-machi/hitoyasa.html,2026-09,742,,音声案内は、ATM操作に対応が1台ございます。インターフォンでお呼びくださればご案内いたします。 点字案内は、歩行者用点字ブロックがございます。 車いすの貸し出しは１台（介助型）ございます。
26,京都府,26100,京都市,下京区,聞法会館,,,600-8357,堀川通花屋町上る柿本町600-1,,,,no,yes,3階,,,,,,yes,,unknown,,,,,,,,,,,,,,,,,,barrier_free_facility_list,京都府内のバリアフリー施設一覧,https://www.pref.kyoto.jp/f-machi/hitoyasa.html,2026-09,743,,
26,京都府,26100,京都市,下京区,ユニクロ五条丹波口店,,,600-8813,中堂寺南町１２８,,,,no,,,,,,,,unknown,,unknown,,,,,,,,,,,,,,,,,,barrier_free_facility_list,京都府内のバリアフリー施設一覧,https://www.pref.kyoto.jp/f-machi/hitoyasa.html,2026-09,744,,
26,京都府,26100,京都市,下京区,浄土真宗本願寺派　京都教区教務所,,,600-8334,油小路通花屋町上る西若松町２４８　顕道会館,,,,no,,,,,,,,unknown,,unknown,,,,,,,,,,,,,,,,,,barrier_free_facility_list,京都府内のバリアフリー施設一覧,https://www.pref.kyoto.jp/f-machi/hitoyasa.html,2026-09,745,,
26,京都府,26100,京都市,下京区,京都府下京警察署,,,600-8413,烏丸通高辻上る大政所町６８２,,,http://www.pref.kyoto.jp/fukei/,yes,yes,1,1,,,yes,no,no,no,yes,no,,,button,button,yes,yes,yes,no,no,no,no,no,no,no,no,no,barrier_free_facility_list,京都府内のバリアフリー施設一覧,https://www.pref.kyoto.jp/f-machi/hitoyasa.html,2026-09,746,,
26,京都府,26100,京都市,下京区,京都信用金庫西大路支店,,,600-8884,西七条南衣田町８６,,,http://www.kyoto-shinkin.co.jp/,yes,,,,,,,,no,,no,,,,,,,,,,,,,,,,,,barrier_free_facility_list,京都府内のバリアフリー施設一覧,https://www.pref.kyoto.jp/f-machi/hitoyasa.html,2026-09,747,,音声案内は、ATM操作音声案内が1台ございます。インターフォンでお呼びくだされば付添いご案内いたします。 エレベーターはロビーにはございません。営業室内に着き、必要な方はお声掛けください。ご案内いたします。 歩行者用点字ブロックがございます。
26,京都府,26100,京都市,下京区,スーパーマツモト五条店,,,600-8811,中堂寺坊城町６０,,,,yes,,,,,,,,no,,yes,,,,,,,,,,,,,,,,,,barrier_free_facility_list,京都府内のバリアフリー施設一覧,https://www.pref.kyoto.jp/f-machi/hitoyasa.html,2026-09,748,,
26,京都府,26100,京都市,下京区,京都東本願寺前郵便局,,,600-8173,不明門通六条下る仏具屋町１５９,,,,no,,,,,,,,unknown,,unknown,,,,,,,,,,,,,,,,,,barrier_free_facility_list,京都府内のバリアフリー施設一覧,https://www.pref.kyoto.jp/f-machi/hitoyasa.html,2026-09,749,,
26,京都府,26100,京都市,下京区,レストラン・カラオケ　シダックス京都丹波口クラブ,,,600-8811,中堂寺坊城町３－１,,,http://www.shidax.co.jp/sc/,yes,,,,,,,,no,,no,,,,,,,,,,,,,,,,,,barrier_free_facility_list,京都府内のバリアフリー施設一覧,https://www.pref.kyoto.jp/f-machi/hitoyasa.html,2026-09,750,,ベビーベッドはありませんが個別対応可能
26,京都府,26100,京都市,下京区,産科婦人科福岡病院,,,600-8481,四条堀川町２５７,,,http://www.dr-fukuoka.com/,yes,,,,,,,,yes,,yes,,,,,,,,,,,,,,,,,,barrier_free_facility_list,京都府内のバリアフリー施設一覧,https://www.pref.kyoto.jp/f-machi/hitoyasa.html,2026-09,751,,産婦人科
26,京都府,26100,京都市,下京区,在宅総合ケアセンター京都武田,,,600-8884,西七条南衣田町１１番地,,,http://www.kyototakeda.jp/,yes,,,,,,,,no,,no,,,,,,,,,,,,,,,,,,barrier_free_facility_list,京都府内のバリアフリー施設一覧,https://www.pref.kyoto.jp/f-machi/hitoyasa.html,2026-09,752,,
26,京都府,26100,京都市,下京区,医療法人佐伯医院,,,600-8073,柳馬場通綾小路下る永原町１４９,,,http://www5.ocn.ne.jp/~saekiiin/,yes,,,,,,,,yes,,yes,,,,,,,,,,,,,,,,,,barrier_free_facility_list,京都府内のバリアフリー施設一覧,https://www.pref.kyoto.jp/f-machi/hitoyasa.html,2026-09,753,,
26,京都府,26100,京都市,下京区,三井ガーデンホテル京都四条,,,600-8472,西洞院通四条下ル妙伝寺町７０７－１,,,http://www.gardenhotels.co.jp/kyoto/,yes,,,,,,,,no,,yes,,,,,,,,,,,,,,,,,,barrier_free_facility_list,京都府内のバリアフリー施設一覧,https://www.pref.kyoto.jp/f-machi/hitoyasa.html,2026-09,754,,
26,京都府,26100,京都市,下京区,京福　四条大宮駅,,,604-8811,四条大宮町4,,,http://randen.keifuku.co.jp/map/01.html,yes,,,,,,,,no,,no,,,,,,,,,,,,,,,,,,barrier_free_facility_list,京都府内のバリアフリー施設一覧,https://www.pref.kyoto.jp/f-machi/hitoyasa.html,2026-09,755,,スロープあり 職員が筆談に応じます。
26,京都府,26100,京都市,下京区,富士火災海上保険株式会社京都支店,,,600-8372,五条通大宮南門前町４８０,,,http://www.fujikasai.co.jp/（富士火災のホームページ）,yes,,,,,,,,no,,no,,,,,,,,,,,,,,,,,,barrier_free_facility_list,京都府内のバリアフリー施設一覧,https://www.pref.kyoto.jp/f-machi/hitoyasa.html,2026-09,756,,職員が受付（１階・７階）で筆談に応じます。 外部との出入口に点字ブロックがあります。
26,京都府,26100,京都市,下京区,「京の道」京都国道事務所,,,600-8234,西洞院通塩小路下る南不動堂町８０８,,,http://www.kyoto.kkr.mlit.go.jp/,no,,,,,,,,no,,no,,,,,,,,,,,,,,,,,,barrier_free_facility_list,京都府内のバリアフリー施設一覧,https://www.pref.kyoto.jp/f-machi/hitoyasa.html,2026-09,757,,
26,京都府,26100,京都市,左京区,DCM川端店,,,606-8307,吉田上阿達町36-1,,,https://www.dcm-hc.co.jp/,yes,yes,1,1,0,0,yes,no,no,no,yes,no,,,lever,button,yes,yes,yes,no,no,yes,yes,no,no,no,no,no,barrier_free_facility_list,京都府内のバリアフリー施設一覧,https://www.pref.kyoto.jp/f-machi/hitoyasa.html,2026-09,758,,
26,京都府,26100,京都市,左京区,京都信用金庫修学院支店,,,606-8081,修学院大林町2-1,,,http://www.kyoto.shinkin.co.jp,,,,,,,,,,,,,,,,,,,,,,,,,,,,,barrier_free_facility_list,京都府内のバリアフリー施設一覧,https://www.pref.kyoto.jp/f-machi/hitoyasa.html,2026-09,759,,
26,京都府,26100,京都市,左京区,ファミリーマート　白川北大路店,,,606-8167,一乗寺樋ノ口町1,,,,,yes,1,1,0,0,yes,no,no,no,no,no,,,button,button,no,no,yes,no,no,no,no,no,no,no,no,no,barrier_free_facility_list,京都府内のバリアフリー施設一覧,https://www.pref.kyoto.jp/f-machi/hitoyasa.html,2026-09,760,,
26,京都府,26100,京都市,左京区,交流の森　翠峰荘,,,601-1103,花脊八桝町206,,,https://dobanzy.com/,no,no,,,,,no,no,no,no,no,no,,,none,none,yes,yes,yes,no,no,no,no,yes,no,no,no,no,barrier_free_facility_list,京都府内のバリアフリー施設一覧,https://www.pref.kyoto.jp/f-machi/hitoyasa.html,2026-09,761,,
26,京都府,26100,京都市,左京区,京都府立植物園,,,606-0823,下鴨半木町,,,http://www.pref.kyoto.jp/plant/,yes,yes,1,9,0,0,yes,yes,yes,no,yes,yes,,,button,button,yes,yes,yes,no,yes,yes,yes,no,yes,yes,yes,no,barrier_free_facility_list,京都府内のバリアフリー施設一覧,https://www.pref.kyoto.jp/f-machi/hitoyasa.html,2026-09,762,,
26,京都府,26100,京都市,左京区,京都民医連あすかい病院,,,606-8226,田中飛鳥井町８９,,,http://www.shinwakai-min.com/kyoto2hp/,no,no,,,,,,,no,,no,,,,,,,,,,,,,,,,,,barrier_free_facility_list,京都府内のバリアフリー施設一覧,https://www.pref.kyoto.jp/f-machi/hitoyasa.html,2026-09,763,,
26,京都府,26100,京都市,左京区,ドコモショップ　高野店,,,606-8103,高野西開町46-12,,,https:www.nttdocomo.co.jp,yes,yes,1,1,,,yes,no,no,no,yes,yes,,,lever,unknown,unknown,unknown,yes,unknown,yes,unknown,yes,no,no,no,no,yes,barrier_free_facility_list,京都府内のバリアフリー施設一覧,https://www.pref.kyoto.jp/f-machi/hitoyasa.html,2026-09,764,,
26,京都府,26100,京都市,左京区,洋服の青山　白川北大路店,,,606-8161,一乗寺木ノ本町５５番地,,,,yes,yes,2,1,,,no,no,no,no,yes,yes,,,lever,none,yes,yes,yes,no,yes,no,yes,no,no,no,no,no,barrier_free_facility_list,京都府内のバリアフリー施設一覧,https://www.pref.kyoto.jp/f-machi/hitoyasa.html,2026-09,765,,
26,京都府,26100,京都市,左京区,左京税務署,,,606-8555,聖護院円頓美町18,,,http://www.nta.go.jp/osaka/guide/zeimusho/kyoto/sakyo/,yes,no,,,,,,,yes,,yes,,,,,,,,,,,,,,,,,,barrier_free_facility_list,京都府内のバリアフリー施設一覧,https://www.pref.kyoto.jp/f-machi/hitoyasa.html,2026-09,766,,おもいやり駐車場は、混雑時には使用できない場合があります。 あらかじめご了承ください。
26,京都府,26100,京都市,左京区,京都府立陶板名画の庭,,,606-0823,下鴨半木町,,,http://kyoto-toban-hp.or.jp/,yes,yes,1,1,0,0,yes,no,no,no,yes,no,,,button,button,no,no,no,no,no,no,no,no,no,no,no,no,barrier_free_facility_list,京都府内のバリアフリー施設一覧,https://www.pref.kyoto.jp/f-machi/hitoyasa.html,2026-09,767,,段差あり（一部階段）
26,京都府,26100,京都市,左京区,京都府京都土木事務所,,,606-0821,賀茂今井町１０-４,,,http://www.pref.kyoto.jp/kyotodoboku/,no,no,,,,,,,no,,no,,,,,,yes,yes,yes,,,,,,,,,,barrier_free_facility_list,京都府内のバリアフリー施設一覧,https://www.pref.kyoto.jp/f-machi/hitoyasa.html,2026-09,768,,
26,京都府,26100,京都市,左京区,叡山電鉄　鞍馬駅,,,601-1111,鞍馬本町191,,,http://eizandensha.co.jp/,no,no,,,,,,,no,,no,,,,,,,,,,,,,,,,,,barrier_free_facility_list,京都府内のバリアフリー施設一覧,https://www.pref.kyoto.jp/f-machi/hitoyasa.html,2026-09,769,,※出町柳駅を除きましては無人駅（一部時間帯にて係員配置している場合があります。）です。ご利用日前日までにご連絡ください。  ※車椅子等で道路よりホームまで段差なくご利用いただける駅は、出町柳、修学院、宝ケ池（鞍馬行ホームのみ）、八瀬比叡山口、岩倉（スロープあり）、京都精華大前、鞍馬駅です。その他の駅は段差がございます。  ※トイレは出町柳、修学院、八瀬比叡山口、岩倉、二ノ瀬、貴船口、鞍馬駅にございますが、車椅子でご利用いただけるトイレは出町柳駅、岩倉駅です。
26,京都府,26100,京都市,左京区,叡山電鉄　貴船口駅,,,601-1112,鞍馬貴船町5-1,,,http://eizandensha.co.jp/,no,no,,,,,,,no,,no,,,,,,,,,,,,,,,,,,barrier_free_facility_list,京都府内のバリアフリー施設一覧,https://www.pref.kyoto.jp/f-machi/hitoyasa.html,2026-09,770,,※出町柳駅を除きましては無人駅（一部時間帯にて係員配置している場合があります。）です。ご利用日前日までにご連絡ください。  ※車椅子等で道路よりホームまで段差なくご利用いただける駅は、出町柳、修学院、宝ケ池（鞍馬行ホームのみ）、八瀬比叡山口、岩倉（スロープあり）、京都精華大前、鞍馬駅です。その他の駅は段差がございます。  ※トイレは出町柳、修学院、八瀬比叡山口、岩倉、二ノ瀬、貴船口、鞍馬駅にございますが、車椅子でご利用いただけるトイレは出町柳駅、岩倉駅です。
26,京都府,26100,京都市,左京区,叡山電鉄　二ノ瀬駅,,,601-1113,鞍馬二ノ瀬町160,,,http://eizandensha.co.jp/,no,no,,,,,,,no,,no,,,,,,,,,,,,,,,,,,barrier_free_facility_list,京都府内のバリアフリー施設一覧,https://www.pref.kyoto.jp/f-machi/hitoyasa.html,2026-09,771,,※出町柳駅を除きましては無人駅（一部時間帯にて係員配置している場合があります。）です。ご利用日前日までにご連絡ください。  ※車椅子等で道路よりホームまで段差なくご利用いただける駅は、出町柳、修学院、宝ケ池（鞍馬行ホームのみ）、八瀬比叡山口、岩倉（スロープあり）、京都精華大前、鞍馬駅です。その他の駅は段差がございます。  ※トイレは出町柳、修学院、八瀬比叡山口、岩倉、二ノ瀬、貴船口、鞍馬駅にございますが、車椅子でご利用いただけるトイレは出町柳駅、岩倉駅です。
26,京都府,26100,京都市,左京区,叡山電鉄　市原駅,,,601-1123,静原市原124,,,http://eizandensha.co.jp/,no,no,,,,,,,no,,no,,,,,,,,,,,,,,,,,,barrier_free_facility_list,京都府内のバリアフリー施設一覧,https://www.pref.kyoto.jp/f-machi/hitoyasa.html,2026-09,772,,※出町柳駅を除きましては無人駅（一部時間帯にて係員配置している場合があります。）です。ご利用日前日までにご連絡ください。  ※車椅子等で道路よりホームまで段差なくご利用いただける駅は、出町柳、修学院、宝ケ池（鞍馬行ホームのみ）、八瀬比叡山口、岩倉（スロープあり）、京都精華大前、鞍馬駅です。その他の駅は段差がございます。  ※トイレは出町柳、修学院、八瀬比叡山口、岩倉、二ノ瀬、貴船口、鞍馬駅にございますが、車椅子でご利用いただけるトイレは出町柳駅、岩倉駅です。
26,京都府,26100,京都市,左京区,叡山電鉄　二軒茶屋駅,,,601-1123,静原市原968,,,http://eizandensha.co.jp/,no,no,,,,,,,no,,no,,,,,,,,,,,,,,,,,,barrier_free_facility_list,京都府内のバリアフリー施設一覧,https://www.pref.kyoto.jp/f-machi/hitoyasa.html,2026-09,773,,※出町柳駅を除きましては無人駅（一部時間帯にて係員配置している場合があります。）です。ご利用日前日までにご連絡ください。  ※車椅子等で道路よりホームまで段差なくご利用いただける駅は、出町柳、修学院、宝ケ池（鞍馬行ホームのみ）、八瀬比叡山口、岩倉（スロープあり）、京都精華大前、鞍馬駅です。その他の駅は段差がございます。  ※トイレは出町柳、修学院、八瀬比叡山口、岩倉、二ノ瀬、貴船口、鞍馬駅にございますが、車椅子でご利用いただけるトイレは出町柳駅、岩倉駅です。
26,京都府,26100,京都市,左京区,叡山電鉄　京都精華大前駅,,,601-1123,静市市原871,,,http://eizandensha.co.jp/,no,no,,,,,,,no,,no,,,,,,,,,,,,,,,,,,barrier_free_facility_list,京都府内のバリアフリー施設一覧,https://www.pref.kyoto.jp/f-machi/hitoyasa.html,2026-09,774,,※出町柳駅を除きましては無人駅（一部時間帯にて係員配置している場合があります。）です。ご利用日前日までにご連絡ください。  ※車椅子等で道路よりホームまで段差なくご利用いただける駅は、出町柳、修学院、宝ケ池（鞍馬行ホームのみ）、八瀬比叡山口、岩倉（スロープあり）、京都精華大前、鞍馬駅です。その他の駅は段差がございます。  ※トイレは出町柳、修学院、八瀬比叡山口、岩倉、二ノ瀬、貴船口、鞍馬駅にございますが、車椅子でご利用いただけるトイレは出町柳駅、岩倉駅です。
26,京都府,26100,京都市,左京区,叡山電鉄　木野駅,,,606-0015,岩倉幡枝町45,,,http://eizandensha.co.jp/,no,no,,,,,,,no,,no,,,,,,,,,,,,,,,,,,barrier_free_facility_list,京都府内のバリアフリー施設一覧,https://www.pref.kyoto.jp/f-machi/hitoyasa.html,2026-09,775,,※出町柳駅を除きましては無人駅（一部時間帯にて係員配置している場合があります。）です。ご利用日前日までにご連絡ください。  ※車椅子等で道路よりホームまで段差なくご利用いただける駅は、出町柳、修学院、宝ケ池（鞍馬行ホームのみ）、八瀬比叡山口、岩倉（スロープあり）、京都精華大前、鞍馬駅です。その他の駅は段差がございます。  ※トイレは出町柳、修学院、八瀬比叡山口、岩倉、二ノ瀬、貴船口、鞍馬駅にございますが、車椅子でご利用いただけるトイレは出町柳駅、岩倉駅です。
26,京都府,26100,京都市,左京区,叡山電鉄　岩倉駅,,,606-0021,岩倉忠在地町300,,,http://eizandensha.co.jp/,yes,no,,,,,,,no,,no,,,,,,,,,,,,,,,,,,barrier_free_facility_list,京都府内のバリアフリー施設一覧,https://www.pref.kyoto.jp/f-machi/hitoyasa.html,2026-09,776,,※施設内を車いすで移動できます。  ※出町柳駅を除きましては無人駅（一部時間帯にて係員配置している場合があります。）です。ご利用日前日までにご連絡ください。  ※車椅子等で道路よりホームまで段差なくご利用いただける駅は、出町柳、修学院、宝ケ池（鞍馬行ホームのみ）、八瀬比叡山口、岩倉（スロープあり）、京都精華大前、鞍馬駅です。その他の駅は段差がございます。  ※トイレは出町柳、修学院、八瀬比叡山口、岩倉、二ノ瀬、貴船口、鞍馬駅にございますが、車椅子でご利用いただけるトイレは出町柳駅、岩倉駅です。
26,京都府,26100,京都市,左京区,叡山電鉄　八幡前駅,,,606-0047,岩倉三宅町25,,,http://eizandensha.co.jp/,no,no,,,,,,,no,,no,,,,,,,,,,,,,,,,,,barrier_free_facility_list,京都府内のバリアフリー施設一覧,https://www.pref.kyoto.jp/f-machi/hitoyasa.html,2026-09,777,,※出町柳駅を除きましては無人駅（一部時間帯にて係員配置している場合があります。）です。ご利用日前日までにご連絡ください。  ※車椅子等で道路よりホームまで段差なくご利用いただける駅は、出町柳、修学院、宝ケ池（鞍馬行ホームのみ）、八瀬比叡山口、岩倉（スロープあり）、京都精華大前、鞍馬駅です。その他の駅は段差がございます。  ※トイレは出町柳、修学院、八瀬比叡山口、岩倉、二ノ瀬、貴船口、鞍馬駅にございますが、車椅子でご利用いただけるトイレは出町柳駅、岩倉駅です。
26,京都府,26100,京都市,左京区,叡山電鉄　八瀬比叡山口駅,,,601-1254,八瀬野瀬町113,,,http://eizandensha.co.jp/,no,no,,,,,,,no,,no,,,,,,,,,,,,,,,,,,barrier_free_facility_list,京都府内のバリアフリー施設一覧,https://www.pref.kyoto.jp/f-machi/hitoyasa.html,2026-09,778,,※施設内を車いすで移動できます。  ※出町柳駅を除きましては無人駅（一部時間帯にて係員配置している場合があります。）です。ご利用日前日までにご連絡ください。  ※車椅子等で道路よりホームまで段差なくご利用いただける駅は、出町柳、修学院、宝ケ池（鞍馬行ホームのみ）、八瀬比叡山口、岩倉（スロープあり）、京都精華大前、鞍馬駅です。その他の駅は段差がございます。  ※トイレは出町柳、修学院、八瀬比叡山口、岩倉、二ノ瀬、貴船口、鞍馬駅にございますが、車椅子でご利用いただけるトイレは出町柳駅、岩倉駅です。
26,京都府,26100,京都市,左京区,叡山電鉄　三宅八幡駅,,,606-0084,高野木ノ下町20-3,,,http://eizandensha.co.jp/,no,no,,,,,,,no,,no,,,,,,,,,,,,,,,,,,barrier_free_facility_list,京都府内のバリアフリー施設一覧,https://www.pref.kyoto.jp/f-machi/hitoyasa.html,2026-09,779,,※出町柳駅を除きましては無人駅（一部時間帯にて係員配置している場合があります。）です。ご利用日前日までにご連絡ください。  ※車椅子等で道路よりホームまで段差なくご利用いただける駅は、出町柳、修学院、宝ケ池（鞍馬行ホームのみ）、八瀬比叡山口、岩倉（スロープあり）、京都精華大前、鞍馬駅です。その他の駅は段差がございます。  ※トイレは出町柳、修学院、八瀬比叡山口、岩倉、二ノ瀬、貴船口、鞍馬駅にございますが、車椅子でご利用いただけるトイレは出町柳駅、岩倉駅です。
26,京都府,26100,京都市,左京区,叡山電鉄　宝ヶ池駅,,,606-0093,上高野上荒蒔町5-4,,,http://eizandensha.co.jp/,no,no,,,,,,,no,,no,,,,,,,,,,,,,,,,,,barrier_free_facility_list,京都府内のバリアフリー施設一覧,https://www.pref.kyoto.jp/f-machi/hitoyasa.html,2026-09,780,,※出町柳駅を除きましては無人駅（一部時間帯にて係員配置している場合があります。）です。ご利用日前日までにご連絡ください。  ※車椅子等で道路よりホームまで段差なくご利用いただける駅は、出町柳、修学院、宝ケ池（鞍馬行ホームのみ）、八瀬比叡山口、岩倉（スロープあり）、京都精華大前、鞍馬駅です。その他の駅は段差がございます。  ※トイレは出町柳、修学院、八瀬比叡山口、岩倉、二ノ瀬、貴船口、鞍馬駅にございますが、車椅子でご利用いただけるトイレは出町柳駅、岩倉駅です。
26,京都府,26100,京都市,左京区,叡山電鉄　修学院駅,,,606-8007,山端壱町田町14-1,,,http://eizandensha.co.jp/,no,no,,,,,,,no,,no,,,,,,,,,,,,,,,,,,barrier_free_facility_list,京都府内のバリアフリー施設一覧,https://www.pref.kyoto.jp/f-machi/hitoyasa.html,2026-09,781,,※出町柳駅を除きましては無人駅（一部時間帯にて係員配置している場合があります。）です。ご利用日前日までにご連絡ください。  ※車椅子等で道路よりホームまで段差なくご利用いただける駅は、出町柳、修学院、宝ケ池（鞍馬行ホームのみ）、八瀬比叡山口、岩倉（スロープあり）、京都精華大前、鞍馬駅です。その他の駅は段差がございます。  ※トイレは出町柳、修学院、八瀬比叡山口、岩倉、二ノ瀬、貴船口、鞍馬駅にございますが、車椅子でご利用いただけるトイレは出町柳駅、岩倉駅です。
26,京都府,26100,京都市,左京区,叡山電鉄　一乗寺駅,,,606-8081,一乗寺里ノ西102,,,http://eizandensha.co.jp/,no,no,,,,,,,no,,no,,,,,,,,,,,,,,,,,,barrier_free_facility_list,京都府内のバリアフリー施設一覧,https://www.pref.kyoto.jp/f-machi/hitoyasa.html,2026-09,782,,※出町柳駅を除きましては無人駅（一部時間帯にて係員配置している場合があります。）です。ご利用日前日までにご連絡ください。  ※車椅子等で道路よりホームまで段差なくご利用いただける駅は、出町柳、修学院、宝ケ池（鞍馬行ホームのみ）、八瀬比叡山口、岩倉（スロープあり）、京都精華大前、鞍馬駅です。その他の駅は段差がございます。  ※トイレは出町柳、修学院、八瀬比叡山口、岩倉、二ノ瀬、貴船口、鞍馬駅にございますが、車椅子でご利用いただけるトイレは出町柳駅、岩倉駅です。
26,京都府,26100,京都市,左京区,叡山電鉄　茶山駅,,,606-8233,田中北春菜町38,,,http://eizandensha.co.jp/,no,no,,,,,,,no,,no,,,,,,,,,,,,,,,,,,barrier_free_facility_list,京都府内のバリアフリー施設一覧,https://www.pref.kyoto.jp/f-machi/hitoyasa.html,2026-09,783,,※出町柳駅を除きましては無人駅（一部時間帯にて係員配置している場合があります。）です。ご利用日前日までにご連絡ください。  ※車椅子等で道路よりホームまで段差なくご利用いただける駅は、出町柳、修学院、宝ケ池（鞍馬行ホームのみ）、八瀬比叡山口、岩倉（スロープあり）、京都精華大前、鞍馬駅です。その他の駅は段差がございます。  ※トイレは出町柳、修学院、八瀬比叡山口、岩倉、二ノ瀬、貴船口、鞍馬駅にございますが、車椅子でご利用いただけるトイレは出町柳駅、岩倉駅です。
26,京都府,26100,京都市,左京区,叡山電鉄　元田中駅,,,606-8236,田中南大久保町32-1,,,http://eizandensha.co.jp/,no,no,,,,,,,no,,no,,,,,,,,,,,,,,,,,,barrier_free_facility_list,京都府内のバリアフリー施設一覧,https://www.pref.kyoto.jp/f-machi/hitoyasa.html,2026-09,784,,※出町柳駅を除きましては無人駅（一部時間帯にて係員配置している場合があります。）です。ご利用日前日までにご連絡ください。  ※車椅子等で道路よりホームまで段差なくご利用いただける駅は、出町柳、修学院、宝ケ池（鞍馬行ホームのみ）、八瀬比叡山口、岩倉（スロープあり）、京都精華大前、鞍馬駅です。その他の駅は段差がございます。  ※トイレは出町柳、修学院、八瀬比叡山口、岩倉、二ノ瀬、貴船口、鞍馬駅にございますが、車椅子でご利用いただけるトイレは出町柳駅、岩倉駅です。
26,京都府,26100,京都市,左京区,叡山電鉄　出町柳駅,,,606-8205,田中上柳町32-1,,,http://eizandensha.co.jp/,yes,yes,1,1,,,yes,no,yes,no,yes,no,,,button,pull_cord,no,yes,yes,no,no,yes,yes,no,no,no,no,no,barrier_free_facility_list,京都府内のバリアフリー施設一覧,https://www.pref.kyoto.jp/f-machi/hitoyasa.html,2026-09,785,,※一般トイレのベビーチェアは男性用トイレ、女性用トイレ各１箇所のみ。  ※出町柳駅を除きましては無人駅（一部時間帯にて係員配置している場合があります。）です。ご利用日前日までにご連絡ください。  ※車椅子等で道路よりホームまで段差なくご利用いただける駅は、出町柳、修学院、宝ケ池（鞍馬行ホームのみ）、八瀬比叡山口、岩倉（スロープあり）、京都精華大前、鞍馬駅です。その他の駅は段差がございます。  ※トイレは出町柳、修学院、八瀬比叡山口、岩倉、二ノ瀬、貴船口、鞍馬駅にございますが、車椅子でご利用いた
26,京都府,26100,京都市,左京区,ビジョンメガネ　修学院店,,,606-8004,山端川端町4-4,,,http://www.vision-megane.co.jp/,no,no,,,,,,no,no,no,no,no,,,,,,,,,,,,,no,no,no,no,barrier_free_facility_list,京都府内のバリアフリー施設一覧,https://www.pref.kyoto.jp/f-machi/hitoyasa.html,2026-09,786,,ＣＬ取り扱い有り
26,京都府,26100,京都市,左京区,ビジョンメガネ　北白川店,,,606-8286,北白川下別当町28,,,http://www.vision-megane.co.jp/,no,no,,,,,unknown,no,no,no,no,no,,,,,,,,,,,,,no,no,no,no,barrier_free_facility_list,京都府内のバリアフリー施設一覧,https://www.pref.kyoto.jp/f-machi/hitoyasa.html,2026-09,787,,ＣＬ取り扱い有り
26,京都府,26100,京都市,左京区,岡崎公園,,,606-8342,岡崎最勝寺町124,,,http://www.kyoto-sports.or.jp/facilities/,yes,yes,1,,1,1,no,no,no,no,no,no,,,lever,none,yes,yes,yes,no,yes,no,yes,yes,no,no,no,no,barrier_free_facility_list,京都府内のバリアフリー施設一覧,https://www.pref.kyoto.jp/f-machi/hitoyasa.html,2026-09,788,,二条通神宮道東に岡崎公園駐車場があります。 施設内を車いすで移動できます。
26,京都府,26100,京都市,左京区,DCM川端店,,,606-8307,吉田上阿達町36-1,,,https://www.dcm-hc.co.jp/,yes,yes,1,1,,,yes,no,no,no,yes,yes,,,lever,button,yes,yes,yes,no,no,yes,yes,no,no,no,yes,no,barrier_free_facility_list,京都府内のバリアフリー施設一覧,https://www.pref.kyoto.jp/f-machi/hitoyasa.html,2026-09,789,,
26,京都府,26100,京都市,左京区,イズミヤ高野店,,,606-8107,高野東開町16,,,http://www.izumiya.co.jp/shop/kansai/kyoto/058_info.php,yes,no,,,,,unknown,unknown,no,unknown,unknown,unknown,,,none,button,unknown,unknown,unknown,unknown,unknown,unknown,unknown,unknown,unknown,unknown,unknown,unknown,barrier_free_facility_list,京都府内のバリアフリー施設一覧,https://www.pref.kyoto.jp/f-machi/hitoyasa.html,2026-09,790,,※赤ちゃんルーム　あり ※車いす対応エレベーター　あり
26,京都府,26100,京都市,左京区,Ｄパーキング岩倉東公園駐車場,,,606-0021,岩倉忠在地町345(岩倉東公園内),,,,yes,yes,1,2,,,no,yes,no,no,yes,no,,,button,button,yes,no,no,no,no,no,no,no,no,no,yes,no,barrier_free_facility_list,京都府内のバリアフリー施設一覧,https://www.pref.kyoto.jp/f-machi/hitoyasa.html,2026-09,791,,
26,京都府,26100,京都市,左京区,宝ヶ池公園運動施設,,,606-0932,松ヶ崎西池ノ内町2,,,http://www.kyoto-sports.or.jp/facilities/,yes,yes,1・2,1,1,1,yes,no,no,no,no,no,,,lever,button,yes,yes,yes,no,no,no,no,no,no,no,no,no,barrier_free_facility_list,京都府内のバリアフリー施設一覧,https://www.pref.kyoto.jp/f-machi/hitoyasa.html,2026-09,792,,
26,京都府,26100,京都市,左京区,京都市武道センター,,,606-8323,聖護院円頓美町４６番地の２,,,http://www.kyoto-sports.or.jp/facilities/,yes,yes,1,1,,,no,no,no,no,yes,yes,,,button,button,no,yes,yes,no,yes,no,yes,yes,no,yes,yes,no,barrier_free_facility_list,京都府内のバリアフリー施設一覧,https://www.pref.kyoto.jp/f-machi/hitoyasa.html,2026-09,793,,
26,京都府,26100,京都市,左京区,左京地域体育館,,,606-8201,田中玄京町44-2,,,http://www.kyoto-sports.or.jp/facilities/,yes,yes,1,1,,,no,no,no,no,no,unknown,,,lever,none,yes,no,no,no,no,no,no,yes,no,no,no,no,barrier_free_facility_list,京都府内のバリアフリー施設一覧,https://www.pref.kyoto.jp/f-machi/hitoyasa.html,2026-09,794,,
26,京都府,26100,京都市,左京区,京都国立近代美術館,,,606-8344,岡崎円勝寺町26-1,,,http://www.momak.go.jp/,yes,yes,1,1,,,yes,,yes,,yes,,,,button,button,yes,yes,yes,yes,yes,yes,yes,no,yes,yes,yes,no,barrier_free_facility_list,京都府内のバリアフリー施設一覧,https://www.pref.kyoto.jp/f-machi/hitoyasa.html,2026-09,795,,
26,京都府,26100,京都市,左京区,洛北阪急スクエア,,,606-8103,高野西開町３６番地,,,http://hankyu-square.jp/,yes,yes,地下・1・2,3,,,yes,,yes,,yes,yes,,,button,button,,,,,,yes,yes,yes,no,yes,yes,yes,barrier_free_facility_list,京都府内のバリアフリー施設一覧,https://www.pref.kyoto.jp/f-machi/hitoyasa.html,2026-09,796,,
26,京都府,26100,京都市,左京区,京都府立視力障害者福祉センター,,,606-0805,下鴨森本町21,,,http://ksj.or.jp/facility/fa04siry/,yes,yes,1,1,,,no,no,no,no,no,no,,,lever,button,yes,yes,yes,no,no,no,no,no,no,no,no,no,barrier_free_facility_list,京都府内のバリアフリー施設一覧,https://www.pref.kyoto.jp/f-machi/hitoyasa.html,2026-09,797,,
26,京都府,26100,京都市,左京区,京都市岩倉図書館,,,606-0013,岩倉下在地町16,,,https://www2.kyotocitylib.jp/岩倉図書館/,yes,yes,1,1,,,yes,no,no,no,yes,no,,,button,button,yes,yes,yes,no,yes,yes,yes,no,no,yes,yes,no,barrier_free_facility_list,京都府内のバリアフリー施設一覧,https://www.pref.kyoto.jp/f-machi/hitoyasa.html,2026-09,798,,
26,京都府,26100,京都市,左京区,三千院,,,601-1242,大原来迎院町５４０,,,http://www.sanzenin.or.jp/,yes,no,,2,,,yes,no,no,no,yes,no,,,button,button,yes,yes,yes,yes,yes,no,no,yes,no,no,yes,no,barrier_free_facility_list,京都府内のバリアフリー施設一覧,https://www.pref.kyoto.jp/f-machi/hitoyasa.html,2026-09,799,,
26,京都府,26100,京都市,左京区,京都府立北稜高等学校,,,606-0015,岩倉幡枝町2105,,,http://www.kyoto-be.ne.jp/hokuryou-hs/,yes,yes,1,1,,,yes,no,yes,no,no,no,,,button,none,yes,yes,yes,no,no,no,no,yes,no,no,no,no,barrier_free_facility_list,京都府内のバリアフリー施設一覧,https://www.pref.kyoto.jp/f-machi/hitoyasa.html,2026-09,800,,
26,京都府,26100,京都市,左京区,京都府立洛北高等学校,,,606-0851,下鴨梅ノ木町５９,,,http://wwwf.kyoto-be.ne.jp/rakuhoku-hs/,yes,yes,1,1,0,0,no,no,no,no,no,no,,,button,button,yes,yes,yes,no,no,no,no,no,no,no,no,no,barrier_free_facility_list,京都府内のバリアフリー施設一覧,https://www.pref.kyoto.jp/f-machi/hitoyasa.html,2026-09,801,,
26,京都府,26100,京都市,左京区,左京土木みどり事務所,,,606-8104,高野竹屋町4,,,http://www.city.kyoto.lg.jp/kensetu/,no,no,,,,,,,no,,no,,,,,,yes,yes,yes,no,no,no,no,yes,no,no,no,no,barrier_free_facility_list,京都府内のバリアフリー施設一覧,https://www.pref.kyoto.jp/f-machi/hitoyasa.html,2026-09,802,,
26,京都府,26100,京都市,左京区,京都府立図書館,,,606-8343,岡崎成勝寺町,,,http://www.library.pref.kyoto.jp/,yes,yes,地下1、1、2,3,,,no,no,yes,no,no,yes,,,button,pull_cord,yes,yes,yes,no,no,no,no,no,no,yes,yes,no,barrier_free_facility_list,京都府内のバリアフリー施設一覧,https://www.pref.kyoto.jp/f-machi/hitoyasa.html,2026-09,803,,その他障害者用サービスはHP参照
26,京都府,26100,京都市,左京区,京都府立京都学・歴彩館,,,606-0823,下鴨半木町1番地29,,,http://www.pref.kyoto.jp/rekisaikan/index.html,yes,yes,1,1,0,0,yes,no,yes,no,yes,no,,,button,button,yes,yes,yes,no,no,no,no,no,no,yes,yes,no,barrier_free_facility_list,京都府内のバリアフリー施設一覧,https://www.pref.kyoto.jp/f-machi/hitoyasa.html,2026-09,804,,館内ほっとスペースではお持ち込みの飲食が可能（30分を目安にご利用ください）。自動販売機あり。
26,京都府,26100,京都市,左京区,宝が池公園子どもの楽園,,,606-0037,高野流田町8,,,http://www.kyoto-ga.jp/kodomonorakuen/index.html,yes,,,,,,,,no,,yes,,,,,,,,,,,,,,,,,,barrier_free_facility_list,京都府内のバリアフリー施設一覧,https://www.pref.kyoto.jp/f-machi/hitoyasa.html,2026-09,805,,中学生以上の大人だけでの利用不可
26,京都府,26100,京都市,左京区,里の駅大原,,,601-1247,大原野村町1012,,,http://wｗw.satonoeki-ohara.com,yes,,,,,,,,no,,no,,,,,,,,,,,,,,,,,,barrier_free_facility_list,京都府内のバリアフリー施設一覧,https://www.pref.kyoto.jp/f-machi/hitoyasa.html,2026-09,806,,
26,京都府,26100,京都市,左京区,医療法人　寿尚会　洛陽病院,,,606-0017,岩倉上蔵町143番地,,,http://www.rakuyohp.or.jp/,yes,,,,,,,,no,,no,,,,,,,,,,,,,,,,,,barrier_free_facility_list,京都府内のバリアフリー施設一覧,https://www.pref.kyoto.jp/f-machi/hitoyasa.html,2026-09,807,,
26,京都府,26100,京都市,左京区,京都銀行三宅八幡支店,,,606-0022,岩倉三宅町３６４－２０,,,http://www.kyotobank.co.jp/,no,,,,,,,,no,,no,,,,,,,,,,,,,,,,,,barrier_free_facility_list,京都府内のバリアフリー施設一覧,https://www.pref.kyoto.jp/f-machi/hitoyasa.html,2026-09,808,,ATMは全台、視覚障がい者が音声ガイダンスに従ってご利用できるものとなっています。
26,京都府,26100,京都市,左京区,ファミリーマート　京都一乗寺店,,,606-8151,一乗寺花ノ木町1番地,,,,no,,,,,,,,no,,unknown,,,,,,,,,,,,,,,,,,barrier_free_facility_list,京都府内のバリアフリー施設一覧,https://www.pref.kyoto.jp/f-machi/hitoyasa.html,2026-09,809,,
26,京都府,26100,京都市,左京区,ファミリーマート　京都岩倉中町店,,,606-0025,岩倉中町324番地,,,,no,,,,,,,,no,,unknown,,,,,,,,,,,,,,,,,,barrier_free_facility_list,京都府内のバリアフリー施設一覧,https://www.pref.kyoto.jp/f-machi/hitoyasa.html,2026-09,810,,
26,京都府,26100,京都市,左京区,ファミリーマート　北白川店,,,606-0096,上高野山ノ橋町9－１,,,,no,,,,,,,,no,,unknown,,,,,,,,,,,,,,,,,,barrier_free_facility_list,京都府内のバリアフリー施設一覧,https://www.pref.kyoto.jp/f-machi/hitoyasa.html,2026-09,811,,
26,京都府,26100,京都市,左京区,京都生活協同組合　コープいわくら,,,606-0021,岩倉忠在地町５２６,,,http://www.kyoto.coop/,no,,,,,,,,unknown,,unknown,,,,,,,,,,,,,,,,,,barrier_free_facility_list,京都府内のバリアフリー施設一覧,https://www.pref.kyoto.jp/f-machi/hitoyasa.html,2026-09,812,,・京都コープ全店にて、相談インターホン、車いす専用レジ、高齢者・障がい者の買物介添えサービス、「認知症あんしんサポーター」の研修を受けた職員が配置されています。 ・個人宅配サービスでは、高齢者・障害者配達手数料割引きを実施。各自治体と配送時の「見守り協定」締結、「こども１１０番」活動にも参加しています。お問合せ先「組合員コールセンター０１２０－１１－２８００」
26,京都府,26100,京都市,左京区,餃子の王将　北白川店,,,606-0031,一乗寺築田町９８－１,,,,yes,,,,,,,,no,,yes,,,,,,,,,,,,,,,,,,barrier_free_facility_list,京都府内のバリアフリー施設一覧,https://www.pref.kyoto.jp/f-machi/hitoyasa.html,2026-09,813,,
26,京都府,26100,京都市,左京区,来来亭　一乗寺店,,,606-8175,一乗寺築田町２－１,,,,no,,,,,,,,unknown,,unknown,,,,,,,,,,,,,,,,,,barrier_free_facility_list,京都府内のバリアフリー施設一覧,https://www.pref.kyoto.jp/f-machi/hitoyasa.html,2026-09,814,,
26,京都府,26100,京都市,左京区,京都市左京図書館,,,606-8103,高野西開町５　左京合同福祉センター２階,,,https://www2.kyotocitylib.jp/左京図書館/,yes,yes,2,,1,1,yes,no,no,no,yes,no,,,button,button,yes,yes,yes,yes,yes,yes,yes,no,no,yes,yes,no,barrier_free_facility_list,京都府内のバリアフリー施設一覧,https://www.pref.kyoto.jp/f-machi/hitoyasa.html,2026-09,815,,
26,京都府,26100,京都市,左京区,京都市百井青少年村,,,601-1233,大原百井町３５６番地,,,,yes,,,,,,,,no,,yes,,,,,,,,,,,,,,,,,,barrier_free_facility_list,京都府内のバリアフリー施設一覧,https://www.pref.kyoto.jp/f-machi/hitoyasa.html,2026-09,816,,
26,京都府,26100,京都市,左京区,京都市動物園,,,606-8333,岡崎法勝寺町岡崎公園内,,,http://www5.city.kyoto.jp/zoo/,yes,,,,,,,,yes,,yes,,,,,,,,,,,,,,,,,,barrier_free_facility_list,京都府内のバリアフリー施設一覧,https://www.pref.kyoto.jp/f-machi/hitoyasa.html,2026-09,817,,動物とのふれあい施設「おとぎの国」 職員が、かならずいます。車いす入れます。ベビーカーは入れません。
26,京都府,26100,京都市,左京区,京都市京セラ美術館（京都市美術館）,,,606-8344,岡崎円勝寺町124,,,http://kyotocity-kyocera.museum/,yes,yes,各,3,,,yes,yes,yes,no,yes,yes,,,button,button,yes,yes,yes,no,no,no,yes,no,no,yes,yes,no,barrier_free_facility_list,京都府内のバリアフリー施設一覧,https://www.pref.kyoto.jp/f-machi/hitoyasa.html,2026-09,818,,介助者が必要とされるスロープ有
26,京都府,26100,京都市,左京区,京都市障害者スポーツセンター,,,606-8106,高野玉岡町5,,,http://www.kyoto-syospo.or.jp/,yes,,,,,,,,yes,,no,,,,,,,,,,,,,,,,,,barrier_free_facility_list,京都府内のバリアフリー施設一覧,https://www.pref.kyoto.jp/f-machi/hitoyasa.html,2026-09,819,,
26,京都府,26100,京都市,左京区,日図デザイン博物館,,,606-8343,岡崎成勝寺町9-1　みやこめっせ（京都市勧業館）内,,,http://www.nichizu.or.jp/?cat=5,yes,,,,,,,,no,,yes,,,,,,,,,,,,,,,,,,barrier_free_facility_list,京都府内のバリアフリー施設一覧,https://www.pref.kyoto.jp/f-machi/hitoyasa.html,2026-09,820,,点字案内が一部あります（トイレ表示のみ）
26,京都府,26100,京都市,左京区,京都市勧業館みやこめっせ,,,606-8343,岡崎成勝寺町９番地の１,,,https://www.miyakomesse.jp/,yes,yes,"3F,1F,B1,B2",8,6,6,yes,no,yes,no,yes,yes,,,sensor,button,yes,yes,yes,no,no,no,no,no,no,yes,yes,no,barrier_free_facility_list,京都府内のバリアフリー施設一覧,https://www.pref.kyoto.jp/f-machi/hitoyasa.html,2026-09,821,,職員が受付で筆談に応じます。 ファックス送信サービス（有料）あります。 視覚障害者誘導用のチャイムがあります。 外部との出入り口に点字ブロックがあります。  ※自家用車等利用でのアクセス 名神高速道路京都東インターチェンジ約６km（車で約20分）三条通、神宮道を北へ
26,京都府,26100,京都市,左京区,左京区総合庁舎,,,606-8511,松ケ崎堂ノ上町7－2,,,http://www.city.kyoto.lg.jp/sakyo/index.html,yes,,,,,,,,yes,,yes,,,,,,,,,,,,,,,,,,barrier_free_facility_list,京都府内のバリアフリー施設一覧,https://www.pref.kyoto.jp/f-machi/hitoyasa.html,2026-09,822,,駐車場について、手続き等で左京区総合庁舎にお越しになった方は、手続きをされた窓口に駐車券を提出いただくと、原則として60分間無料の処理を致します。
26,京都府,26100,京都市,左京区,吉田神社,,,606-8311,吉田神楽岡町３０番地,,,http://www.yoshidajinja.com/,no,,,,,,,,no,,no,,,,,,,,,,,,,,,,,,barrier_free_facility_list,京都府内のバリアフリー施設一覧,https://www.pref.kyoto.jp/f-machi/hitoyasa.html,2026-09,823,,
26,京都府,26100,京都市,左京区,京都市国際交流会館,,,606-8536,粟田口鳥居町２番地の１,,,http://www.kcif.or.jp/,yes,,,,,,,,no,,yes,,,,,,,,,,,,,,,,,,barrier_free_facility_list,京都府内のバリアフリー施設一覧,https://www.pref.kyoto.jp/f-machi/hitoyasa.html,2026-09,824,,館内、車いすでの使用しやすくなっています。 おむつ換え用のベビーシートがあります。（女子用全て、男子用は２階のみ） 職員が１階案内書で筆談に応じます。 ファックス送信サービス（有料）あります。（１階情報カウンター） 外部との出入り口に点字ブロックがあります。
26,京都府,26100,京都市,左京区,京都コンサートホール,,,606-0823,下鴨半木町１−２６番地,,,http://www.kyoto-ongeibun.jp/kyotoconcerthall/,yes,,,,,,,,no,,no,,,,,,,,,,,,,,,,,,barrier_free_facility_list,京都府内のバリアフリー施設一覧,https://www.pref.kyoto.jp/f-machi/hitoyasa.html,2026-09,825,,演奏会は基本的に、小学生以上が対象です。 演奏会によっては託児室が設けられる場合があります。 職員が受付で筆談に応じます。 視覚障害者誘導用のチャイムがあります。 外部との出入り口に点字ブロックがあります。 磁気ループがあります。（準備のため、主催者に前もって連絡必要） 大ホール３階へは階段での移動になります。
26,京都府,26100,京都市,左京区,国立京都国際会館,,,606-0001,宝ヶ池,,,http://www.icckyoto.or.jp/jp/,yes,,,,,,,,no,,no,,,,,,,,,,,,,,,,,,barrier_free_facility_list,京都府内のバリアフリー施設一覧,https://www.pref.kyoto.jp/f-machi/hitoyasa.html,2026-09,826,,受付で職員が筆談に応じます。 視覚障害者誘導用のチャイムがあります。 外部との出入り口に点字ブロックがあります。 点字パンフレットがあります。 エレベーターがあります。 メインホール車椅子席対応可能  会館は１９６６年に設立され、１９７２年、８６年、９８年に増築が行われました。本館は、スロープを増築し（介助必要）出来るだけ移動していただきやすいように考えておりますが、一部階段のみ移動手段のないところもあります。
26,京都府,26100,京都市,左京区,平安神宮,,,606-8341,岡崎西天王町,,,http://www.heianjingu.or.jp/,yes,,,,,,,,no,,no,,,,,,,,,,,,,,,,,,barrier_free_facility_list,京都府内のバリアフリー施設一覧,https://www.pref.kyoto.jp/f-machi/hitoyasa.html,2026-09,827,,
26,京都府,26100,京都市,左京区,医療法人稲門会　介護老人保健施設フェアウインドきの,,,606-0015,岩倉幡枝町２２５０,,,http://www.toumonkai.net/kaigo/kino_staff.html,yes,,,,,,,,no,,no,,,,,,,,,,,,,,,,,,barrier_free_facility_list,京都府内のバリアフリー施設一覧,https://www.pref.kyoto.jp/f-machi/hitoyasa.html,2026-09,828,,
26,京都府,26100,京都市,左京区,餃子の王将　宝ヶ池店,,,606-0031,岩倉南桑原町５１－２,,,,yes,,,,,,,,no,,yes,,,,,,,,,,,,,,,,,,barrier_free_facility_list,京都府内のバリアフリー施設一覧,https://www.pref.kyoto.jp/f-machi/hitoyasa.html,2026-09,829,,
26,京都府,26100,京都市,左京区,京都市営地下鉄　国際会館駅,,,606-0001,岩倉大鷺町,,,http://www.city.kyoto.lg.jp/kotsu/page/0000009329.html,yes,,,,,,,,yes,,yes,,,,,,,,,,,,,,,,,,barrier_free_facility_list,京都府内のバリアフリー施設一覧,https://www.pref.kyoto.jp/f-machi/hitoyasa.html,2026-09,830,,身体障害者手帳をお持ちの方は駅職員に提示してください。  駅職員が筆談に応じます。
26,京都府,26100,京都市,左京区,auショップ高野,,,606-8231,田中上古川町８－２,,,,yes,,,,,,,,no,,no,,,,,,,,,,,,,,,,,,barrier_free_facility_list,京都府内のバリアフリー施設一覧,https://www.pref.kyoto.jp/f-machi/hitoyasa.html,2026-09,831,,
26,京都府,26100,京都市,左京区,エディオン宝ヶ池店,,,606-0002,岩倉中大鷺町３,,,http//www.edion.com,no,,,,,,,,no,,no,,,,,,,,,,,,,,,,,,barrier_free_facility_list,京都府内のバリアフリー施設一覧,https://www.pref.kyoto.jp/f-machi/hitoyasa.html,2026-09,832,,
26,京都府,26100,京都市,左京区,介護老人保健施設　しずはうす,,,601-1121,静市市原町548,,,http://www.toumonkai.net/kaigo/shizu.htm,yes,,,,,,,,no,,no,,,,,,,,,,,,,,,,,,barrier_free_facility_list,京都府内のバリアフリー施設一覧,https://www.pref.kyoto.jp/f-machi/hitoyasa.html,2026-09,833,,
26,京都府,26100,京都市,左京区,京都市野外活動施設花背山の家,,,601-1105,花背別所町３９９,,,http://web.kyoto-inet.or.jp/org/hanasell/,yes,,,,,,,,no,,yes,,,,,,,,,,,,,,,,,,barrier_free_facility_list,京都府内のバリアフリー施設一覧,https://www.pref.kyoto.jp/f-machi/hitoyasa.html,2026-09,834,,
26,京都府,26100,京都市,左京区,京都市宝が池公園運動施設,,,606-0922,松ヶ崎西池ノ内町２,,,http://www.kyoto-sports.or.jp/shisetsu/detail/takara.html,yes,,,,,,,,yes,,yes,,,,,,,,,,,,,,,,,,barrier_free_facility_list,京都府内のバリアフリー施設一覧,https://www.pref.kyoto.jp/f-machi/hitoyasa.html,2026-09,835,,
26,京都府,26100,京都市,左京区,ドラッグユタカ三宅八幡店,,,606-0022,岩倉三宅町８番地２,,,http://www.d-yutaka.co.jp/,no,,,,,,,,no,,no,,,,,,,,,,,,,,,,,,barrier_free_facility_list,京都府内のバリアフリー施設一覧,https://www.pref.kyoto.jp/f-machi/hitoyasa.html,2026-09,836,,
26,京都府,26100,京都市,左京区,総合病院　日本バプテスト病院,,,606-8273,北白川山ノ元町４７,,,https://www.jbh.or.jp/,no,yes,B１・１・２・３・４・５,14,,,yes,no,no,no,yes,no,,,button,button,yes,yes,yes,no,no,yes,yes,no,no,yes,yes,no,barrier_free_facility_list,京都府内のバリアフリー施設一覧,https://www.pref.kyoto.jp/f-machi/hitoyasa.html,2026-09,837,,
26,京都府,26100,京都市,左京区,ライフ北白川店,,,606-8176,一乗寺塚本町１１１,,,,no,,,,,,,,unknown,,unknown,,,,,,,,,,,,,,,,,,barrier_free_facility_list,京都府内のバリアフリー施設一覧,https://www.pref.kyoto.jp/f-machi/hitoyasa.html,2026-09,838,,
26,京都府,26100,京都市,左京区,カトリック髙野教会,,,606-0866,下鴨東森ヶ前町７,,,http://takano-catholic.holy.jp/,yes,,,,,,,,no,,no,,,,,,,,,,,,,,,,,,barrier_free_facility_list,京都府内のバリアフリー施設一覧,https://www.pref.kyoto.jp/f-machi/hitoyasa.html,2026-09,839,,
26,京都府,26100,京都市,左京区,京都家庭裁判所,,,606-0801,下鴨宮河町１番地,,,http://www.courts.go.jp/kyoto/,yes,yes,"1,2",2,,,yes,no,yes,no,yes,no,,,button,button,yes,yes,yes,no,no,yes,yes,yes,yes,yes,yes,no,barrier_free_facility_list,京都府内のバリアフリー施設一覧,https://www.pref.kyoto.jp/f-machi/hitoyasa.html,2026-09,840,,
26,京都府,26100,京都市,左京区,カトリック北白川教会,,,606-8261,北白川西蔦町２２,,,,no,,,,,,,,unknown,,unknown,,,,,,,,,,,,,,,,,,barrier_free_facility_list,京都府内のバリアフリー施設一覧,https://www.pref.kyoto.jp/f-machi/hitoyasa.html,2026-09,841,,
26,京都府,26100,京都市,左京区,京都中央信用金庫銀閣寺支店,,,606-8416,浄土寺上馬場町９７,,,http://www.chushin.co.jp/,no,,,,,,,,no,,no,,,,,,,,,,,,,,,,,,barrier_free_facility_list,京都府内のバリアフリー施設一覧,https://www.pref.kyoto.jp/f-machi/hitoyasa.html,2026-09,842,,
26,京都府,26100,京都市,左京区,左京郵便局,,,606-8799,高野竹屋町１－１,,,http://map.japanpost.jp/pc/syousai.php?id=300144080000,no,,,,,,,,no,,no,,,,,,,,,,,,,,,,,,barrier_free_facility_list,京都府内のバリアフリー施設一覧,https://www.pref.kyoto.jp/f-machi/hitoyasa.html,2026-09,843,,
26,京都府,26100,京都市,左京区,京都府職員研修・研究支援センター,,,606-0823,下鴨半木町１－１０,,,,yes,,,,,,,,no,,no,,,,,,,,,,,,,,,,,,barrier_free_facility_list,京都府内のバリアフリー施設一覧,https://www.pref.kyoto.jp/f-machi/hitoyasa.html,2026-09,844,,
26,京都府,26100,京都市,左京区,京都山端郵便局,,,606-8003,山端川原町８－４,,,http://map.japanpost.jp/pc/syousai.php?id=300144107000,no,,,,,,,,no,,no,,,,,,,,,,,,,,,,,,barrier_free_facility_list,京都府内のバリアフリー施設一覧,https://www.pref.kyoto.jp/f-machi/hitoyasa.html,2026-09,845,,職員が受付で筆談に応じます。
26,京都府,26100,京都市,左京区,京都府下鴨警察署大原駐在所,,,601-1247,大原野村町139－３,,,,yes,,,,,,,,no,,no,,,,,,,,,,,,,,,,,,barrier_free_facility_list,京都府内のバリアフリー施設一覧,https://www.pref.kyoto.jp/f-machi/hitoyasa.html,2026-09,846,,
26,京都府,26100,京都市,左京区,京都府下鴨警察署上高野交番,,,606-0043,上高野古川町23,,,,no,,,,,,,,no,,no,,,,,,,,,,,,,,,,,,barrier_free_facility_list,京都府内のバリアフリー施設一覧,https://www.pref.kyoto.jp/f-machi/hitoyasa.html,2026-09,847,,
26,京都府,26100,京都市,左京区,京都信用金庫銀閣寺支店,,,606-8411,浄土寺東田町４３,,,http://www.kyoto-shinkin.co.jp/,yes,,,,,,,,yes,,no,,,,,,,,,,,,,,,,,,barrier_free_facility_list,京都府内のバリアフリー施設一覧,https://www.pref.kyoto.jp/f-machi/hitoyasa.html,2026-09,848,,音声案内は、ATM操作音声案内が2台ございます。インターフォンでお呼びくだされば付添いご案内いたします。 歩行者用点字ブロックがございます。
26,京都府,26100,京都市,左京区,フレスコ上高野店,,,606-0046,上高野諸木町３６－３,,,http://www.super-fresco.co.jp/shop/kamitakano/,no,,,,,,,,no,,no,,,,,,,,,,,,,,,,,,barrier_free_facility_list,京都府内のバリアフリー施設一覧,https://www.pref.kyoto.jp/f-machi/hitoyasa.html,2026-09,849,,
26,京都府,26100,京都市,左京区,京都府川端警察署,,,606-8351,岡崎徳成町１,,,http://www.pref.kyoto.jp/fukei/,yes,yes,1,1,,,yes,no,no,no,no,no,,,lever,none,no,yes,yes,no,no,no,no,yes,no,no,no,no,barrier_free_facility_list,京都府内のバリアフリー施設一覧,https://www.pref.kyoto.jp/f-machi/hitoyasa.html,2026-09,850,,
26,京都府,26100,京都市,左京区,京都府下鴨警察署,,,606-8206,田中馬場町６,,,http://www.pref.kyoto.jp/fukei/,yes,yes,1,1,,,no,no,no,no,no,no,,,button,button,yes,yes,yes,no,no,no,no,no,no,no,no,no,barrier_free_facility_list,京都府内のバリアフリー施設一覧,https://www.pref.kyoto.jp/f-machi/hitoyasa.html,2026-09,851,,筆談対応・車いす手押し介助・手引き介助可。点字ブロック、車いす対応トイレあり。
26,京都府,26100,京都市,左京区,ライフ宝ヶ池店,,,606-0007,岩倉東五田町６４,,,,no,,,,,,,,unknown,,unknown,,,,,,,,,,,,,,,,,,barrier_free_facility_list,京都府内のバリアフリー施設一覧,https://www.pref.kyoto.jp/f-machi/hitoyasa.html,2026-09,852,,
26,京都府,26100,京都市,左京区,京都市こども体育館,,,606-0921,松ケ崎平田町,,,http://www.city.kyoto.lg.jp/hagukumi/page/0000135508.html,yes,yes,1,1,,,yes,no,no,no,yes,no,,,sensor,button,yes,yes,yes,no,no,yes,yes,no,no,no,no,no,barrier_free_facility_list,京都府内のバリアフリー施設一覧,https://www.pref.kyoto.jp/f-machi/hitoyasa.html,2026-09,853,,
26,京都府,26100,京都市,左京区,京阪　神宮丸太町駅,,,606-8395,丸太町橋東詰,,,http://www.keihan.co.jp/,yes,,,,,,,,yes,,no,,,,,,,,,,,,,,,,,,barrier_free_facility_list,京都府内のバリアフリー施設一覧,https://www.pref.kyoto.jp/f-machi/hitoyasa.html,2026-09,854,,
26,京都府,26100,京都市,左京区,京阪　出町柳駅,,,606-8205,賀茂大橋東詰,,,http://www.keihan.co.jp/,yes,,,,,,,,yes,,no,,,,,,,,,,,,,,,,,,barrier_free_facility_list,京都府内のバリアフリー施設一覧,https://www.pref.kyoto.jp/f-machi/hitoyasa.html,2026-09,855,,
26,京都府,26100,京都市,左京区,日本聖公会　京都聖マリア教会,,,606-8322,岡崎入江町８４,,,http://nskk.org/kyoto/stmaria/,yes,,,,,,,,no,,no,,,,,,,,,,,,,,,,,,barrier_free_facility_list,京都府内のバリアフリー施設一覧,https://www.pref.kyoto.jp/f-machi/hitoyasa.html,2026-09,856,,
26,京都府,26100,京都市,左京区,京都大学総合博物館,,,606-8501,吉田本町,,,http://www.museum.kyoto-u.ac.jp/indexj.,yes,,,,,,,,no,,no,,,,,,,,,,,,,,,,,,barrier_free_facility_list,京都府内のバリアフリー施設一覧,https://www.pref.kyoto.jp/f-machi/hitoyasa.html,2026-09,857,,職員が受付で筆談に応じます。 ファックス送信サービス（無料）あります。 視覚障害者誘導用のチャイムがあります。 外部との出入り口に点字ブロックがあります。
26,京都府,26100,京都市,左京区,琵琶湖疏水記念館,,,606-8437,南禅寺草川町17,,,https://biwakososui-museum.city.kyoto.lg.jp/,yes,yes,1,1,,,yes,no,yes,no,yes,yes,,,button,button,yes,yes,yes,no,no,no,no,no,no,no,yes,no,barrier_free_facility_list,京都府内のバリアフリー施設一覧,https://www.pref.kyoto.jp/f-machi/hitoyasa.html,2026-09,858,,
26,京都府,26100,京都市,左京区,京都会館西公衆トイレ,,,606-8342,岡崎最勝寺町,,,http://raku.city.kyoto.jp/kanko_top/toilet/toilet_5.html,yes,,,,,,,,no,,yes,,,,,,,,,,,,,,,,,,barrier_free_facility_list,京都府内のバリアフリー施設一覧,https://www.pref.kyoto.jp/f-machi/hitoyasa.html,2026-09,859,,
26,京都府,26100,京都市,左京区,岡崎グラウンド西南角公衆トイレ,,,606-8342,岡崎最勝寺町,,,,yes,,,,,,,,no,,yes,,,,,,,,,,,,,,,,,,barrier_free_facility_list,京都府内のバリアフリー施設一覧,https://www.pref.kyoto.jp/f-machi/hitoyasa.html,2026-09,860,,
26,京都府,26100,京都市,左京区,京福出町柳駅前公衆トイレ,,,606-8205,田中上柳町,,,,yes,,,,,,,,yes,,yes,,,,,,,,,,,,,,,,,,barrier_free_facility_list,京都府内のバリアフリー施設一覧,https://www.pref.kyoto.jp/f-machi/hitoyasa.html,2026-09,861,,
26,京都府,26100,京都市,山科区,京都銀行 山科支店,,,607-8080,竹鼻竹の街道町24番地,,,http://www.kyotobank.co.jp/,,,,,,,,,,,,,,,,,,,,,,,,,,,,,barrier_free_facility_list,京都府内のバリアフリー施設一覧,https://www.pref.kyoto.jp/f-machi/hitoyasa.html,2026-09,862,,ATMは全台、視覚障がい者が音声ガイダンスに従ってご利用できるものとなっています。
26,京都府,26100,京都市,山科区,コープ　山科新十条,,,607-8305,西野山中臣町41-1,,,,,yes,1・2,2,,,yes,no,yes,no,yes,no,,,sensor,button,yes,yes,yes,yes,yes,yes,yes,no,no,no,yes,no,barrier_free_facility_list,京都府内のバリアフリー施設一覧,https://www.pref.kyoto.jp/f-machi/hitoyasa.html,2026-09,863,,
26,京都府,26100,京都市,山科区,メガネの三城　山科店,,,607-8160,椥辻東浦町20,,,,no,no,,1,,,yes,no,no,no,no,no,,,sensor,none,unknown,unknown,unknown,unknown,unknown,unknown,unknown,no,no,no,no,no,barrier_free_facility_list,京都府内のバリアフリー施設一覧,https://www.pref.kyoto.jp/f-machi/hitoyasa.html,2026-09,864,,
26,京都府,26100,京都市,山科区,JR　山科駅,,,606-8009,安朱北屋敷町,,,http://www.jr-odekake.net/eki/top.php?id=0610115,no,no,,,,,,,unknown,,unknown,,,,,,,,,,,,,,,,,,barrier_free_facility_list,京都府内のバリアフリー施設一覧,https://www.pref.kyoto.jp/f-machi/hitoyasa.html,2026-09,865,,詳しくは上記ホームページをご参照ください。
26,京都府,26100,京都市,山科区,マツヤスーパー山科三条店,,,607-8088,竹鼻地蔵寺南町９－１,,,http://www.matsuyasuper.co.jp,yes,yes,2,1,,,yes,no,yes,no,no,no,,,button,button,yes,yes,yes,no,no,yes,yes,no,no,no,no,no,barrier_free_facility_list,京都府内のバリアフリー施設一覧,https://www.pref.kyoto.jp/f-machi/hitoyasa.html,2026-09,866,,
26,京都府,26100,京都市,山科区,洛和会音羽病院,,,607-8062,音羽珍事町２,,,http://www.rakuwa.or.jp/otowa/,yes,yes,各,33,1,1,yes,no,yes,no,yes,yes,,,sensor,pull_cord,yes,yes,yes,no,no,no,no,no,no,yes,yes,no,barrier_free_facility_list,京都府内のバリアフリー施設一覧,https://www.pref.kyoto.jp/f-machi/hitoyasa.html,2026-09,867,,
26,京都府,26100,京都市,山科区,DCM山科店,,,607-8089,竹鼻西ノ口町83,,,https://www.dcm-hc.co.jp/,yes,yes,,1,,,yes,no,no,no,yes,no,,,button,button,yes,yes,yes,no,no,no,yes,no,no,no,yes,no,barrier_free_facility_list,京都府内のバリアフリー施設一覧,https://www.pref.kyoto.jp/f-machi/hitoyasa.html,2026-09,868,,
26,京都府,26100,京都市,山科区,阪急オアシス山科店,,,607-8164,椥辻西潰２０－１,,,,yes,yes,1,1,,,no,no,no,no,no,no,,,lever,button,yes,yes,yes,,,,,no,no,no,no,no,barrier_free_facility_list,京都府内のバリアフリー施設一覧,https://www.pref.kyoto.jp/f-machi/hitoyasa.html,2026-09,869,,
26,京都府,26100,京都市,山科区,京都トヨタ自動車（株）山科店,,,607-8345,東野北井ノ上町10-30,,,http://kyoto-toyota.jp,yes,yes,1,1,,,yes,no,no,no,yes,yes,,,lever,button,yes,yes,yes,no,no,no,no,no,no,no,yes,yes,barrier_free_facility_list,京都府内のバリアフリー施設一覧,https://www.pref.kyoto.jp/f-machi/hitoyasa.html,2026-09,870,,
26,京都府,26100,京都市,山科区,京都市生涯学習総合センター山科（アスニー山科）,,,607-8080,竹鼻竹ノ街道町９２　ラクト山科Ｃ棟２階,,,https://yamashina.asny.ne.jp/,yes,yes,2,1,,,no,no,no,no,yes,no,,,lever,button,yes,yes,yes,no,no,no,no,no,no,no,yes,yes,barrier_free_facility_list,京都府内のバリアフリー施設一覧,https://www.pref.kyoto.jp/f-machi/hitoyasa.html,2026-09,871,,一部研修室に、ヒアリングループ設備あります。 ファックス送信サービス（有料）あります。
26,京都府,26100,京都市,山科区,京都市山科図書館,,,607-8086,竹鼻四丁野町３４－１　山科合同福祉センター４階,,,https://www2.kyotocitylib.jp/山科図書館/,yes,yes,4,,1,1,yes,yes,no,no,yes,yes,,,button,button,yes,no,no,no,no,no,no,no,no,yes,yes,no,barrier_free_facility_list,京都府内のバリアフリー施設一覧,https://www.pref.kyoto.jp/f-machi/hitoyasa.html,2026-09,872,,
26,京都府,26100,京都市,山科区,京都市建設局東部土木事務所,,,607-8342,西野様子見町1-2,,,,no,no,,,,,,,no,,no,,,,,,,,,,,,,,no,no,no,no,barrier_free_facility_list,京都府内のバリアフリー施設一覧,https://www.pref.kyoto.jp/f-machi/hitoyasa.html,2026-09,873,,
26,京都府,26100,京都市,山科区,京都府立洛東高等学校,,,607-8017,安朱川向町１０,,,https://www.kyoto-be.ne.jp/rakutou-hs/,no,no,,,,,,,unknown,,unknown,,,,,,,,,,,,,,,,,,barrier_free_facility_list,京都府内のバリアフリー施設一覧,https://www.pref.kyoto.jp/f-machi/hitoyasa.html,2026-09,874,,
26,京都府,26100,京都市,山科区,京都市山科青少年活動センター,,,607-8086,竹鼻四丁野町４２,,,http://ys-kyoto.org/yamashina/,yes,yes,1,,1,1,no,no,no,no,no,no,,,lever,none,yes,yes,yes,no,no,no,no,yes,no,no,no,no,barrier_free_facility_list,京都府内のバリアフリー施設一覧,https://www.pref.kyoto.jp/f-machi/hitoyasa.html,2026-09,875,,建物出入口から一番ちかい車いすトイレは、一階右手にあります。 外部との出入口に車いすでも利用しやすいドアがあります。 一階部分のロビー、トイレ、会議室（中）、料理室はお一人でご利用出来ます。 一階テニスコートへは階段一段程度の段差があります。 二階へは階段しかないので、二階へ上がるのが困難です。視覚障害者誘導用のチャイムがあります。 外部との出入口に点字ブロックがあります。
26,京都府,26100,京都市,山科区,セブンイレブン　京都三条御陵店,,,607-8417,御陵別所町6-12,,,,no,,,,,,,,unknown,,unknown,,,,,,,,,,,,,,,,,,barrier_free_facility_list,京都府内のバリアフリー施設一覧,https://www.pref.kyoto.jp/f-machi/hitoyasa.html,2026-09,876,,
26,京都府,26100,京都市,山科区,マツヤスーパー　大塚店,,,607-8088,竹鼻地蔵寺南町9番地1,,,,no,,,,,,,,unknown,,unknown,,,,,,,,,,,,,,,,,,barrier_free_facility_list,京都府内のバリアフリー施設一覧,https://www.pref.kyoto.jp/f-machi/hitoyasa.html,2026-09,877,,
26,京都府,26100,京都市,山科区,京都銀行山科小野支店山科小野出張所,,,607-8261,小野鐘付田町１２２,,,http://www.kyotobank.co.jp/,no,,,,,,,,no,,no,,,,,,,,,,,,,,,,,,barrier_free_facility_list,京都府内のバリアフリー施設一覧,https://www.pref.kyoto.jp/f-machi/hitoyasa.html,2026-09,878,,ATMは全台、視覚障がい者が音声ガイダンスに従ってご利用できるものとなっています。
26,京都府,26100,京都市,山科区,京都信用金庫山科支店,,,607-8162,椥辻草海道町３８－２６,,,http://www.kyoto-shinkin.co.jp/,yes,,,,,,,,no,,yes,,,,,,,,,,,,,,,,,,barrier_free_facility_list,京都府内のバリアフリー施設一覧,https://www.pref.kyoto.jp/f-machi/hitoyasa.html,2026-09,879,,
26,京都府,26100,京都市,山科区,京都市山科駅前駐車場,,,607-8080,竹鼻竹ノ街道町９１(地下2階、地下3階),,,http://www.yamashina-parking.jp/,yes,yes,地下２,1,,,no,no,no,no,no,no,,,button,pull_cord,yes,yes,yes,no,no,no,no,no,no,no,no,no,barrier_free_facility_list,京都府内のバリアフリー施設一覧,https://www.pref.kyoto.jp/f-machi/hitoyasa.html,2026-09,880,,利用対象車両：高さ2.3m以内、長さ5.0m以内、幅1.8m以内 自転車、原動機付自転車、自動二輪車は利用不可  車いすの貸し出しは１台あります おもいやり駐車場にはインターホンを設置しています
26,京都府,26100,京都市,山科区,株式会社セレマ　シティホール山科　玉泉院,,,607-8041,四ノ宮垣ノ内町９,,,,no,,,,,,,,no,,no,,,,,,,,,,,,,,,,,,barrier_free_facility_list,京都府内のバリアフリー施設一覧,https://www.pref.kyoto.jp/f-machi/hitoyasa.html,2026-09,881,,
26,京都府,26100,京都市,山科区,株式会社セレマ　醍醐シティホール,,,607-8217,勧修寺寺閑林寺２０６,,,,yes,,,,,,,,no,,yes,,,,,,,,,,,,,,,,,,barrier_free_facility_list,京都府内のバリアフリー施設一覧,https://www.pref.kyoto.jp/f-machi/hitoyasa.html,2026-09,882,,
26,京都府,26100,京都市,山科区,株式会社セレマ　花山シティホール,,,607-8465,上花山坂尻１０６,,,,yes,,,,,,,,no,,no,,,,,,,,,,,,,,,,,,barrier_free_facility_list,京都府内のバリアフリー施設一覧,https://www.pref.kyoto.jp/f-machi/hitoyasa.html,2026-09,883,,
26,京都府,26100,京都市,山科区,株式会社セレマ　法宴会館,,,607-8464,上花山久保町１９－１,,,,yes,,,,,,,,no,,no,,,,,,,,,,,,,,,,,,barrier_free_facility_list,京都府内のバリアフリー施設一覧,https://www.pref.kyoto.jp/f-machi/hitoyasa.html,2026-09,884,,
26,京都府,26100,京都市,山科区,山科区総合庁舎,,,607-8168,椥辻池尻町１４－２,,,http://www.city.kyoto.lg.jp/yamasina/,no,,,,,,,,yes,,no,,,,,,,,,,,,,,,,,,barrier_free_facility_list,京都府内のバリアフリー施設一覧,https://www.pref.kyoto.jp/f-machi/hitoyasa.html,2026-09,885,,区役所駐車場を有料化しています。ただし区役所に用務のある来庁者は原則60分間無料です。入庫の際に発券される駐車券を用務先の窓口へご提示ください。
26,京都府,26100,京都市,山科区,一燈園資料館「香倉院」,,,607-8025,四ノ宮柳山町8一燈園内,,,http://www.kosoin.com/,yes,,,,,,,,no,,no,,,,,,,,,,,,,,,,,,barrier_free_facility_list,京都府内のバリアフリー施設一覧,https://www.pref.kyoto.jp/f-machi/hitoyasa.html,2026-09,886,,身体のご不自由な方は介助いたします 京阪京津線「四宮」駅下車、改札を出て左方面（山側）徒歩5分 メールアドレス　office☆kosoin.com（メール送信の際は、☆を@に変更してください）
26,京都府,26100,京都市,山科区,マツヤスーパービア店,,,607-8307,西野山射庭ノ上町３０１,,,http://www.matsuyasuper.co.jp/store/bia/,yes,,,,,,,,no,,yes,,,,,,,,,,,,,,,,,,barrier_free_facility_list,京都府内のバリアフリー施設一覧,https://www.pref.kyoto.jp/f-machi/hitoyasa.html,2026-09,887,,
26,京都府,26100,京都市,山科区,マツヤスーパー大宅店,,,607-8189,大宅細田町１,,,http://www.matsuyasuper.co.jp/store/oyake/,yes,,,,,,,,no,,yes,,,,,,,,,,,,,,,,,,barrier_free_facility_list,京都府内のバリアフリー施設一覧,https://www.pref.kyoto.jp/f-machi/hitoyasa.html,2026-09,888,,
26,京都府,26100,京都市,山科区,京都市営地下鉄　御陵駅,,,607-8424,御陵原西町17-4,,,http://www.city.kyoto.lg.jp/kotsu/page/0000009946.html,yes,,,,,,,,no,,yes,,,,,,,,,,,,,,,,,,barrier_free_facility_list,京都府内のバリアフリー施設一覧,https://www.pref.kyoto.jp/f-machi/hitoyasa.html,2026-09,889,,地下鉄東西線にはホームドアがあります。  太秦天神川方面行きのホームは地下2階，六地蔵・浜大津方面行きのホームは地下3階にあります  京都市役所前行，浜大津行の車両は京阪車両で4両編成です。ホーム前方に停車します。  太秦天神川行，六地蔵行の車両は交通局車両で6両編成です。  身体障害者手帳をお持ちの方は駅職員に提示してください。  駅職員が筆談に応じます。
26,京都府,26100,京都市,山科区,京都市営地下鉄　山科駅,,,607-8011,安朱南屋敷町29-2,,,http://www.city.kyoto.lg.jp/kotsu/page/0000009937.html,yes,,,,,,,,yes,,yes,,,,,,,,,,,,,,,,,,barrier_free_facility_list,京都府内のバリアフリー施設一覧,https://www.pref.kyoto.jp/f-machi/hitoyasa.html,2026-09,890,,地下鉄東西線にはホームドアがあります。  身体障害者手帳をお持ちの方は駅職員に提示してください。  駅職員が筆談に応じます。
26,京都府,26100,京都市,山科区,京都市営地下鉄　東野駅,,,607-8156,東野片下り町22-2,,,http://www.city.kyoto.lg.jp/kotsu/page/0000009925.html,yes,,,,,,,,no,,yes,,,,,,,,,,,,,,,,,,barrier_free_facility_list,京都府内のバリアフリー施設一覧,https://www.pref.kyoto.jp/f-machi/hitoyasa.html,2026-09,891,,地下鉄東西線にはホームドアがあります。  身体障害者手帳をお持ちの方は駅職員に提示してください。  駅職員が筆談に応じます。
26,京都府,26100,京都市,山科区,京都市営地下鉄　椥辻駅,,,607-8162,椥辻草海道町38-11,,,http://www.city.kyoto.lg.jp/kotsu/page/0000009911.html,yes,,,,,,,,no,,yes,,,,,,,,,,,,,,,,,,barrier_free_facility_list,京都府内のバリアフリー施設一覧,https://www.pref.kyoto.jp/f-machi/hitoyasa.html,2026-09,892,,地下鉄東西線にはホームドアがあります。  身体障害者手帳をお持ちの方は駅職員に提示してください。  駅職員が筆談に応じます。
26,京都府,26100,京都市,山科区,京都市営地下鉄　小野駅,,,607-8258,小野西浦6-3,,,http://www.city.kyoto.lg.jp/kotsu/page/0000009899.html,yes,,,,,,,,no,,yes,,,,,,,,,,,,,,,,,,barrier_free_facility_list,京都府内のバリアフリー施設一覧,https://www.pref.kyoto.jp/f-machi/hitoyasa.html,2026-09,893,,地下鉄東西線にはホームドアがあります。  身体障害者手帳をお持ちの方は駅職員に提示してください。  駅職員が筆談に応じます。
26,京都府,26100,京都市,山科区,来来亭　山科新十条店,,,607-8306,西野山中鳥井町６０－１,,,,no,,,,,,,,unknown,,unknown,,,,,,,,,,,,,,,,,,barrier_free_facility_list,京都府内のバリアフリー施設一覧,https://www.pref.kyoto.jp/f-machi/hitoyasa.html,2026-09,894,,
26,京都府,26100,京都市,山科区,山科御陵ホール,,,607-8432,御陵鴨戸町５１－１０,,,,no,,,,,,,,unknown,,unknown,,,,,,,,,,,,,,,,,,barrier_free_facility_list,京都府内のバリアフリー施設一覧,https://www.pref.kyoto.jp/f-machi/hitoyasa.html,2026-09,895,,
26,京都府,26100,京都市,山科区,洛和会音羽記念病院,,,607-8116,小山鎮守町２９番１,,,http://www.rakuwa.or.jp/kinen/,no,yes,"1,2,3,4",5,4,4,yes,no,no,no,no,no,,,button,pull_cord,yes,yes,yes,no,no,no,no,no,no,no,no,no,barrier_free_facility_list,京都府内のバリアフリー施設一覧,https://www.pref.kyoto.jp/f-machi/hitoyasa.html,2026-09,896,,
26,京都府,26100,京都市,山科区,京都市東部文化会館,,,607-8169,椥辻西浦町１番地８,,,https://www.kyoto-ongeibun.jp/toubu/,yes,yes,1,,2,2,no,no,no,no,no,yes,,,other,button,yes,yes,yes,no,no,no,no,yes,no,no,yes,no,barrier_free_facility_list,京都府内のバリアフリー施設一覧,https://www.pref.kyoto.jp/f-machi/hitoyasa.html,2026-09,897,,おむつ換え用のベビーシートが楽屋にあります。 職員が受付窓口で筆談に応じます。 磁気ループがホール後方にあります。事務所までお問い合わせ下さい。 視覚障害者誘導用チャイムがあります 外部との出入り口に点字ブロックがあります。 点字案内版があります。  地域における文化活動の拠点として日頃の芸術・文化活動の場として、音楽、舞踊、演劇、映画会をはじめ会議や集会、またサークル活動などに大いにお利用下さい。
26,京都府,26100,京都市,山科区,Ｄパーキング勧修寺公園駐車場,,,607-8213,勧修寺東金ヶ崎町55(勧修寺公園内),,,,yes,,,,,,,,yes,,yes,,,,,,,,,,,,,,,,,,barrier_free_facility_list,京都府内のバリアフリー施設一覧,https://www.pref.kyoto.jp/f-machi/hitoyasa.html,2026-09,898,,
26,京都府,26100,京都市,山科区,京都市山科地域体育館,,,607-8169,椥辻西浦１－１２,,,,yes,,,,,,,,yes,,yes,,,,,,,,,,,,,,,,,,barrier_free_facility_list,京都府内のバリアフリー施設一覧,https://www.pref.kyoto.jp/f-machi/hitoyasa.html,2026-09,899,,
26,京都府,26100,京都市,山科区,ドラッグユタカ山科西野店,,,607-8357,西野櫃川町４０－３,,,http://www.d-yutaka.co.jp/,yes,,,,,,,,no,,yes,,,,,,,,,,,,,,,,,,barrier_free_facility_list,京都府内のバリアフリー施設一覧,https://www.pref.kyoto.jp/f-machi/hitoyasa.html,2026-09,900,,
26,京都府,26100,京都市,山科区,ドラッグユタカ山科店,,,607-8080,竹鼻竹ノ街道町７３,,,http://www.d-yutaka.co.jp/,yes,,,,,,,,no,,yes,,,,,,,,,,,,,,,,,,barrier_free_facility_list,京都府内のバリアフリー施設一覧,https://www.pref.kyoto.jp/f-machi/hitoyasa.html,2026-09,901,,
26,京都府,26100,京都市,山科区,医療法人　社団　恵仁会　なぎ辻病院,,,607-8163,椥辻東潰５番地の１,,,,no,,,,,,,,unknown,,unknown,,,,,,,,,,,,,,,,,,barrier_free_facility_list,京都府内のバリアフリー施設一覧,https://www.pref.kyoto.jp/f-machi/hitoyasa.html,2026-09,902,,
26,京都府,26100,京都市,山科区,一般社団法人　愛生会山科病院,,,607-8086,竹鼻四丁野町１９番地の４,,,,no,,,,,,,,unknown,,unknown,,,,,,,,,,,,,,,,,,barrier_free_facility_list,京都府内のバリアフリー施設一覧,https://www.pref.kyoto.jp/f-machi/hitoyasa.html,2026-09,903,,
26,京都府,26100,京都市,山科区,カトリック山科教会,,,607-8415,御陵中筋町３,,,,no,,,,,,,,unknown,,unknown,,,,,,,,,,,,,,,,,,barrier_free_facility_list,京都府内のバリアフリー施設一覧,https://www.pref.kyoto.jp/f-machi/hitoyasa.html,2026-09,904,,
26,京都府,26100,京都市,山科区,特別養護老人ホーム長楽園,,,607-8226,勧修寺仁王堂町１３番地３,,,http://care-net.biz/26/kanshu1985/,yes,,,,,,,,no,,no,,,,,,,,,,,,,,,,,,barrier_free_facility_list,京都府内のバリアフリー施設一覧,https://www.pref.kyoto.jp/f-machi/hitoyasa.html,2026-09,905,,
26,京都府,26100,京都市,山科区,山科郵便局,,,607-8799,西野阿芸沢町１－５,,,http://map.japanpost.jp/pc/syousai.php?id=300144109000,no,,,,,,,,no,,no,,,,,,,,,,,,,,,,,,barrier_free_facility_list,京都府内のバリアフリー施設一覧,https://www.pref.kyoto.jp/f-machi/hitoyasa.html,2026-09,906,,
26,京都府,26100,京都市,山科区,フレスコ山科店,,,607-8075,音羽野田町２０,,,http://www.super-fresco.co.jp/shop/yamashina/,no,,,,,,,,no,,no,,,,,,,,,,,,,,,,,,barrier_free_facility_list,京都府内のバリアフリー施設一覧,https://www.pref.kyoto.jp/f-machi/hitoyasa.html,2026-09,907,,
26,京都府,26100,京都市,山科区,フレスコ勧修店,,,607-8212,勧修寺西栗栖野町２２５,,,http://www.super-fresco.co.jp/shop/kansyu/,yes,,,,,,,,no,,no,,,,,,,,,,,,,,,,,,barrier_free_facility_list,京都府内のバリアフリー施設一覧,https://www.pref.kyoto.jp/f-machi/hitoyasa.html,2026-09,908,,
26,京都府,26100,京都市,山科区,京都府山科警察署,,,607-8185,大宅神納町１６７,,,http://www.pref.kyoto.jp/fukei/,yes,yes,1,1,,,no,no,no,no,no,no,,,lever,button,no,yes,yes,no,no,no,no,no,no,no,no,no,barrier_free_facility_list,京都府内のバリアフリー施設一覧,https://www.pref.kyoto.jp/f-machi/hitoyasa.html,2026-09,909,,
26,京都府,26100,京都市,山科区,ドコモショップ山科店,,,607-8358,西野楳本町１１０－４,,,,no,,,,,,,,unknown,,unknown,,,,,,,,,,,,,,,,,,barrier_free_facility_list,京都府内のバリアフリー施設一覧,https://www.pref.kyoto.jp/f-machi/hitoyasa.html,2026-09,910,,
26,京都府,26100,京都市,山科区,ドコモショップ山科椥辻店,,,607-8160,椥辻東浦町３６,,,,no,,,,,,,,unknown,,unknown,,,,,,,,,,,,,,,,,,barrier_free_facility_list,京都府内のバリアフリー施設一覧,https://www.pref.kyoto.jp/f-machi/hitoyasa.html,2026-09,911,,
26,京都府,26100,京都市,山科区,ネッツトヨタヤサカ山科店,,,607-8141,東野北井ノ上町１０－４４,,,,no,,,,,,,,unknown,,unknown,,,,,,,,,,,,,,,,,,barrier_free_facility_list,京都府内のバリアフリー施設一覧,https://www.pref.kyoto.jp/f-machi/hitoyasa.html,2026-09,912,,
26,京都府,26100,京都市,山科区,京都市山科合同福祉センタ－,,,607-8086,竹鼻四丁野町３４－１,,,,no,,,,,,,,unknown,,unknown,,,,,,,,,,,,,,,,,,barrier_free_facility_list,京都府内のバリアフリー施設一覧,https://www.pref.kyoto.jp/f-machi/hitoyasa.html,2026-09,913,,
26,京都府,26100,京都市,上京区,京都府警察本部　110番指令センター,,,602-8550,衣棚出水下る常泉院町128外,,,https://www.pref.kyoto.jp/fukei/,,yes,1,1,,,yes,no,yes,no,no,yes,,,sensor,button,yes,yes,yes,no,no,no,no,no,no,no,no,no,barrier_free_facility_list,京都府内のバリアフリー施設一覧,https://www.pref.kyoto.jp/f-machi/hitoyasa.html,2026-09,914,,
26,京都府,26100,京都市,上京区,国家公務員共済組合連合会　京都宿泊所　くに荘,,,602-0858,河原町通荒神口上る東入東桜町27-3,,,,,yes,1,,,,yes,,,,yes,,,,button,pull_cord,,,,no,no,no,no,yes,no,no,no,no,barrier_free_facility_list,京都府内のバリアフリー施設一覧,https://www.pref.kyoto.jp/f-machi/hitoyasa.html,2026-09,915,,
26,京都府,26100,京都市,上京区,京都御苑,,,602-0881,京都御苑3,,,https://fng.or.jp/kyoto/,yes,no,1,,,,yes,yes,yes,yes,yes,yes,,,sensor,button,yes,yes,yes,no,yes,no,yes,yes,no,yes,yes,no,barrier_free_facility_list,京都府内のバリアフリー施設一覧,https://www.pref.kyoto.jp/f-machi/hitoyasa.html,2026-09,916,,烏丸通側の乾御門・出水口・下立売御門、寺町通側の石薬師御門・清和院御門・寺町御門の近くや、中立売北休憩所・富小路休憩所に車いすトイレがあります。職員が受付で筆談に応じます。飲食施設の予約は中立売休憩所の団体向けメニューのみ可能です。アレルギー対応などは、事前のお申し出があれば可能な限り対応いたします。
26,京都府,26100,京都市,上京区,京都信用金庫西陣支店,,,602-8474,千本通五辻下る上善寺町108番地,,,http://www.kyoto-shinkin.co.jp/,no,no,,,,,unknown,unknown,unknown,unknown,unknown,unknown,,,unknown,unknown,unknown,unknown,unknown,unknown,unknown,unknown,unknown,unknown,unknown,unknown,unknown,unknown,barrier_free_facility_list,京都府内のバリアフリー施設一覧,https://www.pref.kyoto.jp/f-machi/hitoyasa.html,2026-09,917,,
26,京都府,26100,京都市,上京区,ホームセンターコーナン西陣上七軒店,,,602-8382,今小路通七本松西入末之口町999番地,,,https://www.hc-kohnan.com/,yes,yes,1,1,,,yes,no,no,no,yes,no,,,lever,button,yes,yes,yes,no,yes,yes,yes,no,no,no,yes,no,barrier_free_facility_list,京都府内のバリアフリー施設一覧,https://www.pref.kyoto.jp/f-machi/hitoyasa.html,2026-09,918,,
26,京都府,26100,京都市,上京区,京都府庁,,,602-8570,下立売通新町西入薮ノ内町,,,http://www.pref.kyoto.jp/,yes,yes,"1号館は1～6階、2号館は1,2,6階、3号館は1,3",11,,,yes,no,yes,no,yes,yes,,,button,button,yes,yes,yes,no,no,no,no,no,no,yes,yes,no,barrier_free_facility_list,京都府内のバリアフリー施設一覧,https://www.pref.kyoto.jp/f-machi/hitoyasa.html,2026-09,919,,※車いす手押し介助・手引き介助可能ですので、お気軽にお申し付けください。 ※車いす対応公衆電話あります。 ※1号館南入口を入って直進すると総合案内があります。 ※正面入ってすぐ左と東門を入ってすぐ右に保安室があります。 ※１号館北入口の左と南入口のスロープ上口の右にインターフォンがあります。 ※構内には複数の建物があり、建物により状況が異なる場合があります。 ※オストメイト対応トイレは1号館1階、ベビーベッド・ベビーチェア対応トイレは2号館1階にあります。 ※授乳・おむつ交換スペースは1号館
26,京都府,26100,京都市,上京区,上京税務署,,,602-8555,一条通西洞院東入元真如堂町358,,,http://www.nta.go.jp/osaka/guide/zeimusho/kyoto/kamigyo/index.htm,yes,no,,,,,,,no,,yes,,,,,,,,,,,,,,,,,,barrier_free_facility_list,京都府内のバリアフリー施設一覧,https://www.pref.kyoto.jp/f-machi/hitoyasa.html,2026-09,920,,おもいやり駐車場は、混雑時には使用できない場合があります。 あらかじめご了承ください。
26,京都府,26100,京都市,上京区,西陣織会館,,,602-8216,堀川通今出川南入,,,http://www.nishijinori.jp/,yes,yes,1,1,,,,no,no,no,no,no,,,sensor,button,no,yes,yes,no,no,no,no,yes,no,no,yes,no,barrier_free_facility_list,京都府内のバリアフリー施設一覧,https://www.pref.kyoto.jp/f-machi/hitoyasa.html,2026-09,921,,車いす使用者用地下1階に2台有　　一般駐車場20台以外に大型バス7～8台
26,京都府,26100,京都市,上京区,近畿農政局,,,602-8054,西洞院通下長者町下ル丁子風呂町１０２,,,http://www.maff.go.jp/kinki/,yes,yes,1,1,,,yes,no,no,no,no,no,,,button,button,yes,yes,yes,no,no,no,no,no,no,no,no,no,barrier_free_facility_list,京都府内のバリアフリー施設一覧,https://www.pref.kyoto.jp/f-machi/hitoyasa.html,2026-09,922,,
26,京都府,26100,京都市,上京区,京都保護観察所,,,602-0032,烏丸通今出川上る西入岡松町255-4,,,http://www.moj.go.jp/hogo1/soumu/hogo_k_kyoto_kyoto.html,yes,yes,1,1,,,no,no,no,no,no,no,,,other,button,yes,yes,yes,no,no,no,no,no,no,no,no,no,barrier_free_facility_list,京都府内のバリアフリー施設一覧,https://www.pref.kyoto.jp/f-machi/hitoyasa.html,2026-09,923,,
26,京都府,26100,京都市,上京区,社会医療法人西陣健康会　堀川病院,,,602-0056,堀川通今出川上る北舟橋町８６５番地,,,http://www.horikawa-hp.or.jp,yes,yes,,,,,yes,yes,no,no,no,no,,,sensor,button,yes,yes,yes,no,no,no,yes,no,no,no,no,no,barrier_free_facility_list,京都府内のバリアフリー施設一覧,https://www.pref.kyoto.jp/f-machi/hitoyasa.html,2026-09,924,,
26,京都府,26100,京都市,上京区,デイリーカナートイズミヤ千本中立売店,,,602-8295,千本通一条下る東側東石橋町26,,,http://www.izumiya.co.jp/shop/kansai/kyoto/015_info.php,yes,no,,,,,unknown,unknown,unknown,unknown,unknown,unknown,,,none,button,unknown,unknown,unknown,unknown,unknown,unknown,unknown,unknown,unknown,unknown,unknown,no,barrier_free_facility_list,京都府内のバリアフリー施設一覧,https://www.pref.kyoto.jp/f-machi/hitoyasa.html,2026-09,925,,※赤ちゃんルーム　なし
26,京都府,26100,京都市,上京区,デイリーカナートイズミヤ　堀川丸太町店,,,602-8142,堀川通丸太町下る下堀川町１４６番,,,http://www.izumiya.co.jp/shop/kansai/kyoto/092_info.php,yes,no,,,,,,,yes,,unknown,,,,,,,,,,,,,,,,,yes,barrier_free_facility_list,京都府内のバリアフリー施設一覧,https://www.pref.kyoto.jp/f-machi/hitoyasa.html,2026-09,926,,※赤ちゃんルーム　あり ※車いす対応エレベーター　あり
26,京都府,26100,京都市,上京区,公益財団法人樂美術館,,,602-0923,油小路一条下る油橋詰町87-1,,,http://www.raku-yaki.or.jp/,yes,yes,1,1,,,,,no,,no,,,,lever,none,,yes,yes,,,,,no,no,no,no,no,barrier_free_facility_list,京都府内のバリアフリー施設一覧,https://www.pref.kyoto.jp/f-machi/hitoyasa.html,2026-09,927,,
26,京都府,26100,京都市,上京区,京都法務合同庁舎,,,602-8510,新町通下長者町下る両御霊町８２,,,,no,no,,,,,,,unknown,,unknown,,,,,,,,,,,,,,,,,,barrier_free_facility_list,京都府内のバリアフリー施設一覧,https://www.pref.kyoto.jp/f-machi/hitoyasa.html,2026-09,928,,
26,京都府,26100,京都市,上京区,府立鴨沂高等学校,,,602-0898,寺町通荒神口下ル松蔭町１３１,,,,no,,,,,,,,unknown,,unknown,,,,,,,,,,,,,,,,,,barrier_free_facility_list,京都府内のバリアフリー施設一覧,https://www.pref.kyoto.jp/f-machi/hitoyasa.html,2026-09,929,,
26,京都府,26100,京都市,上京区,京都府立文化芸術会館,,,602-0858,河原町広小路下る東桜町１,,,http://www.bungei.jp,yes,,,,,,,,yes,,yes,,,,,,,,,,,,,,,,,,barrier_free_facility_list,京都府内のバリアフリー施設一覧,https://www.pref.kyoto.jp/f-machi/hitoyasa.html,2026-09,930,,
26,京都府,26100,京都市,上京区,京都ブライトンホテル,,,602-8071,新町通中立売下る仕丁町330,,,https://www.brightonhotels.co.jp/kyoto/,no,,,,,,,,unknown,,unknown,,,,,,,,,,,,,,,,,,barrier_free_facility_list,京都府内のバリアフリー施設一覧,https://www.pref.kyoto.jp/f-machi/hitoyasa.html,2026-09,931,,
26,京都府,26100,京都市,上京区,上京消防署,,,602-8031,釜座通下立売下る東裏辻町398,,,,yes,,,,,,,,yes,,yes,,,,,,,,,,,,,,,,,,barrier_free_facility_list,京都府内のバリアフリー施設一覧,https://www.pref.kyoto.jp/f-machi/hitoyasa.html,2026-09,932,,
26,京都府,26100,京都市,上京区,上京区総合庁舎,,,602-8511,今出川通室町西入堀出シ町289,,,,no,,,,,,,,unknown,,unknown,,,,,,,,,,,,,,,,,,barrier_free_facility_list,京都府内のバリアフリー施設一覧,https://www.pref.kyoto.jp/f-machi/hitoyasa.html,2026-09,933,,
26,京都府,26100,京都市,上京区,京都銀行西陣支店,,,602-8466,千本通元誓願寺上る南辻町365,,,http://www.kyotobank.co.jp/,no,,,,,,,,no,,no,,,,,,,,,,,,,,,,,,barrier_free_facility_list,京都府内のバリアフリー施設一覧,https://www.pref.kyoto.jp/f-machi/hitoyasa.html,2026-09,934,,音声案内：店舗入口に「音声誘導チャイム(店舗の場所をチャイムとアナウンスで知らせる装置)」が設置されています。 ATMは全台、視覚障がい者が音声ガイダンスに従ってご利用できるものとなっています。
26,京都府,26100,京都市,上京区,京都ガーデンパレス,,,602-0912,烏丸通り下長者町上ル龍前町６０５番地,,,http://www.hotelgp-kyoto.com/,yes,,,,,,,,unknown,,yes,,,,,,,,,,,,,,,,,,barrier_free_facility_list,京都府内のバリアフリー施設一覧,https://www.pref.kyoto.jp/f-machi/hitoyasa.html,2026-09,935,,
26,京都府,26100,京都市,上京区,ハローワーク西陣（京都西陣公共職業安定所）,,,602-8258,大宮通中立売下ル和水町439-1,,,,yes,,,,,,,,no,,no,,,,,,,,,,,,,,,,,,barrier_free_facility_list,京都府内のバリアフリー施設一覧,https://www.pref.kyoto.jp/f-machi/hitoyasa.html,2026-09,936,,
26,京都府,26100,京都市,上京区,京都地方法務局本局庁舎,,,602-8577,荒神口通河原町東入上生洲町197,,,http://houmukyoku.moj.go.jp/kyoto/index.html,yes,,,,,,,,no,,yes,,,,,,,,,,,,,,,,,,barrier_free_facility_list,京都府内のバリアフリー施設一覧,https://www.pref.kyoto.jp/f-machi/hitoyasa.html,2026-09,937,,ベビーベッドは3階に設置 オムツ交換台は１階、２階に設置
26,京都府,26100,京都市,上京区,京都府警察本部　本館,,,602-8550,下長者町通新町西入薮之内町85-3,,,https://www.pref.kyoto.jp/fukei/,yes,yes,1,1,,,yes,no,yes,no,no,no,,,button,button,yes,yes,yes,no,no,yes,yes,no,no,no,yes,no,barrier_free_facility_list,京都府内のバリアフリー施設一覧,https://www.pref.kyoto.jp/f-machi/hitoyasa.html,2026-09,938,,
26,京都府,26100,京都市,上京区,京都市考古資料館,,,602-8435,今出川通大宮東入元伊佐町２６５番地の１,,,http://www.kyoto-arc.or.jp/museum,no,yes,,,,,,,no,,no,,,,,,yes,yes,yes,no,no,no,no,yes,no,no,no,no,barrier_free_facility_list,京都府内のバリアフリー施設一覧,https://www.pref.kyoto.jp/f-machi/hitoyasa.html,2026-09,939,,
26,京都府,26100,京都市,上京区,セレマあんしん祭典　西陣シティホール,,,602-0057,中立売通堀川西入役人町２４７,,,,yes,,,,,,,,no,,no,,,,,,,,,,,,,,,,,,barrier_free_facility_list,京都府内のバリアフリー施設一覧,https://www.pref.kyoto.jp/f-machi/hitoyasa.html,2026-09,940,,
26,京都府,26100,京都市,上京区,KBS京都,,,602-8588,烏丸通一条下ル龍前町６００番地１,,,http//www.kbs-kyoto.co.jp,yes,,,,,,,,no,,no,,,,,,,,,,,,,,,,,,barrier_free_facility_list,京都府内のバリアフリー施設一覧,https://www.pref.kyoto.jp/f-machi/hitoyasa.html,2026-09,941,,
26,京都府,26100,京都市,上京区,京都府京都林務事務所,,,602-0915,中立売通小川東入三丁町４４９,,,https://www.pref.kyoto.jp/kyotorinmu/,no,no,,,,,,,no,,no,,,,,,,yes,yes,,,,,yes,no,no,no,no,barrier_free_facility_list,京都府内のバリアフリー施設一覧,https://www.pref.kyoto.jp/f-machi/hitoyasa.html,2026-09,942,,
26,京都府,26100,京都市,上京区,京都市歴史資料館,,,602-0867,寺町通荒神口下ル松蔭町138-1,,,http://www.city.kyoto.lg.jp/gyozai/soshiki/3-11-0-0-0.html,yes,,,,,,,,no,,no,,,,,,,,,,,,,,,,,,barrier_free_facility_list,京都府内のバリアフリー施設一覧,https://www.pref.kyoto.jp/f-machi/hitoyasa.html,2026-09,943,,
26,京都府,26100,京都市,上京区,ＡＯＫＩ京都西陣店,,,602-8435,今出川通大宮東入元伊佐町２５８,,,http//www.aoki-style.com/,yes,,,,,,,,no,,yes,,,,,,,,,,,,,,,,,,barrier_free_facility_list,京都府内のバリアフリー施設一覧,https://www.pref.kyoto.jp/f-machi/hitoyasa.html,2026-09,944,,
26,京都府,26100,京都市,上京区,護王神社,,,602-8011,烏丸通下町者町下ル桜鶴円町３８５,,,http://www.gooujinja.or.jp/,yes,,,,,,,,no,,no,,,,,,,,,,,,,,,,,,barrier_free_facility_list,京都府内のバリアフリー施設一覧,https://www.pref.kyoto.jp/f-machi/hitoyasa.html,2026-09,945,,
26,京都府,26100,京都市,上京区,茶道資料館,,,602-0073,堀川通寺之内上る寺之内竪町682番地 裏千家センター内,,,http://www.urasenke.or.jp/textc/kon/gall,yes,,,,,,,,no,,yes,,,,,,,,,,,,,,,,,,barrier_free_facility_list,京都府内のバリアフリー施設一覧,https://www.pref.kyoto.jp/f-machi/hitoyasa.html,2026-09,946,,職員が受付で筆談に応じます。
26,京都府,26100,京都市,上京区,京都市営地下鉄　今出川駅,,,602-0032,岡松町,,,http://www.city.kyoto.lg.jp/kotsu/page/0000009419.html,yes,,,,,,,,yes,,yes,,,,,,,,,,,,,,,,,,barrier_free_facility_list,京都府内のバリアフリー施設一覧,https://www.pref.kyoto.jp/f-machi/hitoyasa.html,2026-09,947,,改札口は北と南に2ヶ所あります。北改札口は無人ですが，インターホンとモニターテレビで駅職員と連絡できます。  身体障害者手帳をお持ちの方は駅職員に提示してください。  駅職員が筆談に応じます。
26,京都府,26100,京都市,上京区,京都市営地下鉄　鞍馬口駅,,,602-0894,上御霊中町,,,http://www.city.kyoto.lg.jp/kotsu/page/0000009408.html,yes,,,,,,,,no,,yes,,,,,,,,,,,,,,,,,,barrier_free_facility_list,京都府内のバリアフリー施設一覧,https://www.pref.kyoto.jp/f-machi/hitoyasa.html,2026-09,948,,身体障害者手帳をお持ちの方は駅職員に提示してください。  駅職員が筆談に応じます。
26,京都府,26100,京都市,上京区,二条公園公衆トイレ,,,602-8155,主税町,,,http://raku.city.kyoto.jp/kanko_top/toilet/toilet_4.html,yes,,,,,,,,no,,no,,,,,,,,,,,,,,,,,,barrier_free_facility_list,京都府内のバリアフリー施設一覧,https://www.pref.kyoto.jp/f-machi/hitoyasa.html,2026-09,949,,
26,京都府,26100,京都市,上京区,カトリック西陣教会,,,602-0934,新町通一条上ル一条殿町５０２－１,,,,no,,,,,,,,unknown,,unknown,,,,,,,,,,,,,,,,,,barrier_free_facility_list,京都府内のバリアフリー施設一覧,https://www.pref.kyoto.jp/f-machi/hitoyasa.html,2026-09,950,,
26,京都府,26100,京都市,上京区,京都府上京警察署,,,602-8386,御前通今小路下る馬喰町692－1,,,http://www.pref.kyoto.jp/fukei/,yes,yes,1,1,,,yes,yes,no,no,no,no,,,none,,no,yes,yes,no,no,no,no,no,no,no,no,no,barrier_free_facility_list,京都府内のバリアフリー施設一覧,https://www.pref.kyoto.jp/f-machi/hitoyasa.html,2026-09,951,,
26,京都府,26100,京都市,上京区,京都市出町駐車場,,,602-0822,青龍町231,,,,no,yes,地下3,1,,,,,unknown,,unknown,,,,button,button,yes,yes,yes,,yes,yes,,no,no,no,no,no,barrier_free_facility_list,京都府内のバリアフリー施設一覧,https://www.pref.kyoto.jp/f-machi/hitoyasa.html,2026-09,952,,
26,京都府,26100,京都市,上京区,京都府立医科大学付属病院,,,602-8566,河原町通広小路上る梶井町４６５番地,,,http://www.h.kpu-m.ac.jp/,yes,,,,,,,,no,,yes,,,,,,,,,,,,,,,,,,barrier_free_facility_list,京都府内のバリアフリー施設一覧,https://www.pref.kyoto.jp/f-machi/hitoyasa.html,2026-09,953,,
26,京都府,26100,京都市,上京区,京福　北野白梅町駅,,,602-8386,馬喰町,,,http://randen.keifuku.co.jp/map/21.html,yes,,,,,,,,no,,no,,,,,,,,,,,,,,,,,,barrier_free_facility_list,京都府内のバリアフリー施設一覧,https://www.pref.kyoto.jp/f-machi/hitoyasa.html,2026-09,954,,スロープあり。職員が受付で筆談に応じます。
26,京都府,26100,京都市,上京区,スーパーほていや,,,602-8306,千本寺の内上ル西五辻北町４２９,,,,yes,,,,,,,,yes,,yes,,,,,,,,,,,,,,,,,,barrier_free_facility_list,京都府内のバリアフリー施設一覧,https://www.pref.kyoto.jp/f-machi/hitoyasa.html,2026-09,955,,バリアフリー情報等、後日
26,京都府,26100,京都市,西京区,ドコモショップ　桂店,,,,桂西滝川町65,,,,,,,,,,,,,,,,,,,,,,,,,,,,,,,,barrier_free_facility_list,京都府内のバリアフリー施設一覧,https://www.pref.kyoto.jp/f-machi/hitoyasa.html,2026-09,956,,
26,京都府,26100,京都市,西京区,ビジョンメガネ　桂・下津林店,,,615-8034,下津林東芝ノ宮町２０,,,http://www.vision-megane.co.jp/,no,no,,,,,,no,no,no,no,,,,,,,,,,,,,,no,no,no,no,barrier_free_facility_list,京都府内のバリアフリー施設一覧,https://www.pref.kyoto.jp/f-machi/hitoyasa.html,2026-09,957,,ＣＬ取り扱い有り
26,京都府,26100,京都市,西京区,医療法人清仁会　洛西ニュータウン病院,,,610-1142,大枝東新林町３丁目６番地,,,,no,no,,,,,,,unknown,,unknown,,,,,,,,,,,,,,,,,,barrier_free_facility_list,京都府内のバリアフリー施設一覧,https://www.pref.kyoto.jp/f-machi/hitoyasa.html,2026-09,958,,
26,京都府,26100,京都市,西京区,DCM洛西店,,,610-1111,大枝東長町1-127,,,https://www.dcm-hc.co.jp/,yes,yes,1,1,,,no,no,no,no,no,no,,,lever,button,yes,yes,yes,no,no,no,no,no,no,no,no,no,barrier_free_facility_list,京都府内のバリアフリー施設一覧,https://www.pref.kyoto.jp/f-machi/hitoyasa.html,2026-09,959,,
26,京都府,26100,京都市,西京区,幸楽苑・カレーハウスココ壱番屋,,,610-1104,大枝中山町１－１２６,,,,no,no,,,,,,,no,,no,,,,,,,,,,,,,,,,,,barrier_free_facility_list,京都府内のバリアフリー施設一覧,https://www.pref.kyoto.jp/f-machi/hitoyasa.html,2026-09,960,,
26,京都府,26100,京都市,西京区,デイリーカナートイズミヤ桂坂店,,,610-1102,御陵大枝山町５丁目２７－５,,,http://www.izumiya.co.jp/shop/kansai/kyoto/029_info.php,yes,no,,,,,unknown,unknown,no,unknown,unknown,unknown,,,,,,,,,,,,,,,,no,barrier_free_facility_list,京都府内のバリアフリー施設一覧,https://www.pref.kyoto.jp/f-machi/hitoyasa.html,2026-09,961,,※赤ちゃんルーム　なし
26,京都府,26100,京都市,西京区,ラクセーヌ専門店,,,610-1143,大原野東境谷町2丁目5ー8,,,http://rakuseinu.com/,yes,yes,"1,2",2,,,yes,no,yes,no,no,no,,,button,pull_cord,yes,yes,yes,no,yes,yes,yes,no,no,no,no,no,barrier_free_facility_list,京都府内のバリアフリー施設一覧,https://www.pref.kyoto.jp/f-machi/hitoyasa.html,2026-09,962,,※おもいやり駐車場については，車いす者用等駐車場１１台の内３台  ※女性用トイレに備え付けのベビーベッドは，１階に２ヶ所，２階に１ヶ所 　男児用小便器は，２階北側女子トイレに１ヶ所  ※点字による案内板は、出入口に設置
26,京都府,26100,京都市,西京区,京都市西文化会館ウエスティ,,,615-8225,上桂森下町31−1,,,http://www.kyotoconcerthall.org/westy/,yes,yes,1・2,2,1,1,no,no,no,no,yes,yes,,,button,button,yes,yes,yes,,,,,no,no,no,yes,no,barrier_free_facility_list,京都府内のバリアフリー施設一覧,https://www.pref.kyoto.jp/f-machi/hitoyasa.html,2026-09,963,,おむつ換え用のベビーシートがあります。（１階ホール奥、 ２階和室前） 職員が受付で筆談に応じます。 磁気ループがあります。（ホール内） 視覚障害者誘導用のチャイムがあります。 外部との出入り口に点字ブロックがあります。  地域における文化活動の拠点づくり、日頃の芸術・文化活動の場としておおいにご利用ください。
26,京都府,26100,京都市,西京区,洛西高島屋,,,610-1143,大原野東境谷町2丁目5番地の5,,,http://www.takashimaya.co.jp/rakusai/index.html,yes,yes,2001-02-03 00:00:00,3,,,yes,,yes,,yes,,,,sensor,none,,yes,yes,,yes,yes,yes,no,yes,yes,yes,no,barrier_free_facility_list,京都府内のバリアフリー施設一覧,https://www.pref.kyoto.jp/f-machi/hitoyasa.html,2026-09,964,,
26,京都府,26100,京都市,西京区,エディオン洛西店,,,615-8157,樫原芋峠１９−１,,,http://www.edion.com,yes,yes,45691,,1,1,yes,,no,,unknown,,,,other,button,yes,yes,yes,,yes,,yes,no,no,no,yes,no,barrier_free_facility_list,京都府内のバリアフリー施設一覧,https://www.pref.kyoto.jp/f-machi/hitoyasa.html,2026-09,965,,
26,京都府,26100,京都市,西京区,京都上里郵便局,,,610-1124,大原野上里紅葉町３－１,,,http://www.post.japanpost.jp/index.html,no,no,,,,,,,unknown,,unknown,,,,,,,,,,,,,no,no,no,no,no,barrier_free_facility_list,京都府内のバリアフリー施設一覧,https://www.pref.kyoto.jp/f-machi/hitoyasa.html,2026-09,966,,
26,京都府,26100,京都市,西京区,ホテル京都エミナース,,,610-1143,大原野東境谷町２－４,,,http://www.k-eminence.com/,yes,no,,,,,,,yes,,yes,,,,,,,,,,,,,no,no,no,yes,no,barrier_free_facility_list,京都府内のバリアフリー施設一覧,https://www.pref.kyoto.jp/f-machi/hitoyasa.html,2026-09,967,,身障者用のお風呂が1カ所あります。 温泉営業時間10:00～23:00
26,京都府,26100,京都市,西京区,京都府立洛西高等学校,,,610-1146,大原野西境谷町１丁目１２－１・２,,,,yes,yes,1,,1,1,no,no,no,no,no,no,,,lever,button,no,yes,yes,no,no,no,no,no,no,no,no,no,barrier_free_facility_list,京都府内のバリアフリー施設一覧,https://www.pref.kyoto.jp/f-machi/hitoyasa.html,2026-09,968,,
26,京都府,26100,京都市,西京区,京都市洛西図書館,,,610-1143,大原野 東境谷町２丁目１－２　洛西総合庁舎１階,,,https://www2.kyotocitylib.jp/洛西図書館/,yes,yes,1,1,,,no,no,no,no,yes,no,,,button,button,yes,yes,yes,no,no,no,no,no,no,no,no,no,barrier_free_facility_list,京都府内のバリアフリー施設一覧,https://www.pref.kyoto.jp/f-machi/hitoyasa.html,2026-09,969,,
26,京都府,26100,京都市,西京区,京都府立桂高等学校,,,615-8102,川島松ノ木本町２７,,,http://www.kyoto-be.ne.jp/katsura-hs/,yes,yes,1,1,,,no,no,no,no,no,no,,,button,button,yes,yes,yes,no,no,no,no,yes,no,no,no,no,barrier_free_facility_list,京都府内のバリアフリー施設一覧,https://www.pref.kyoto.jp/f-machi/hitoyasa.html,2026-09,970,,
26,京都府,26100,京都市,西京区,洛西郵便局,,,610-1199,大原野東境谷町２－３,,,http://www.post.japanpost.jp/,yes,yes,1,1,,,yes,no,no,no,no,no,,,lever,button,no,yes,yes,no,no,no,no,yes,no,no,,no,barrier_free_facility_list,京都府内のバリアフリー施設一覧,https://www.pref.kyoto.jp/f-machi/hitoyasa.html,2026-09,971,,一般の方へのトイレの貸出はおこなっておりません。
26,京都府,26100,京都市,西京区,医療法人清仁会　シミズ病院,,,615-8237,山田中吉見町１１の２,,,http://www.shimizu-hospital.or.jp/,yes,,,,,,,,no,,no,,,,,,,,,,,,,,,,,,barrier_free_facility_list,京都府内のバリアフリー施設一覧,https://www.pref.kyoto.jp/f-machi/hitoyasa.html,2026-09,972,,
26,京都府,26100,京都市,西京区,京都生活協同組合　コープらくさい,,,610-1111,大枝東長町１－１３９,,,http://www.kyoto.coop/,yes,,,,,,,,no,,no,,,,,,,,,,,,,,,,,,barrier_free_facility_list,京都府内のバリアフリー施設一覧,https://www.pref.kyoto.jp/f-machi/hitoyasa.html,2026-09,973,,・京都コープ全店にて、相談インターホン、車いす専用レジ、高齢者・障がい者の買物介添えサービス、「認知症あんしんサポーター」の研修を受けた職員が配置されています。  ・個人宅配サービスでは、高齢者・障害者配達手数料割引きを実施。各自治体と配送時の「見守り協定」締結、「こども１１０番」活動にも参加しています。お問合せ先「組合員コールセンター０１２０－１１－２８００」
26,京都府,26100,京都市,西京区,京都銀行松尾支店,,,616-0023,嵐山宮ノ前町４６－１２,,,http://www.kyotobank.co.jp/,no,,,,,,,,no,,no,,,,,,,,,,,,,,,,,,barrier_free_facility_list,京都府内のバリアフリー施設一覧,https://www.pref.kyoto.jp/f-machi/hitoyasa.html,2026-09,974,,ATMは全台、視覚障がい者が音声ガイダンスに従ってご利用できるものとなっています。
26,京都府,26100,京都市,西京区,株式会社セレマ　蓮昇庵,,,615-8236,西京区山田大吉見町６－５,,,,no,,,,,,,,unknown,,unknown,,,,,,,,,,,,,,,,,,barrier_free_facility_list,京都府内のバリアフリー施設一覧,https://www.pref.kyoto.jp/f-machi/hitoyasa.html,2026-09,975,,
26,京都府,26100,京都市,西京区,京都市西京図書館,,,615-8236,山田大吉見町２０－３,,,https://www2.kyotocitylib.jp/西京図書館/,yes,yes,1,1,,,yes,no,no,no,no,yes,,,sensor,button,yes,yes,yes,no,no,no,no,no,no,yes,yes,no,barrier_free_facility_list,京都府内のバリアフリー施設一覧,https://www.pref.kyoto.jp/f-machi/hitoyasa.html,2026-09,976,,
26,京都府,26100,京都市,西京区,京都府西京警察署,,,615-8236,山田大吉見町７・８合地,,,http://www.pref.kyoto.jp/fukei/,yes,yes,1,2,,,yes,yes,no,no,no,yes,,,button,none,yes,yes,yes,no,no,no,no,yes,no,no,no,no,barrier_free_facility_list,京都府内のバリアフリー施設一覧,https://www.pref.kyoto.jp/f-machi/hitoyasa.html,2026-09,977,,筆談対応・車いす手押し介助・手引き介助可。点字ブロック、FAXあり。
26,京都府,26100,京都市,西京区,京都市西京保健センター,,,615-8083,桂艮町１－２,,,http://www.city.kyoto.lg.jp/nisikyo/,no,,,,,,,,yes,,yes,,,,,,,,,,,,,,,,,,barrier_free_facility_list,京都府内のバリアフリー施設一覧,https://www.pref.kyoto.jp/f-machi/hitoyasa.html,2026-09,978,,
26,京都府,26100,京都市,西京区,阪急　嵐山駅　　ＨＫ９８,,,616-0002,嵐山東一川町７番地,,,http://www.hankyu.co.jp/,no,,,,,,,,no,,no,,,,,,,,,,,,,,,,,,barrier_free_facility_list,京都府内のバリアフリー施設一覧,https://www.pref.kyoto.jp/f-machi/hitoyasa.html,2026-09,979,,ＡＥＤあり
26,京都府,26100,京都市,西京区,阪急　松尾大社駅　　ＨＫ９７,,,616-0023,嵐山宮ノ前町４９番地,,,http://www.hankyu.co.jp/,no,,,,,,,,no,,no,,,,,,,,,,,,,,,,,,barrier_free_facility_list,京都府内のバリアフリー施設一覧,https://www.pref.kyoto.jp/f-machi/hitoyasa.html,2026-09,980,,ＡＥＤあり
26,京都府,26100,京都市,西京区,阪急　洛西口　　ＨＫ８０,,,600-8001,川島六ノ坪町59番地の2,,,http://www.hankyu.co.jp/,yes,,,,,,,,yes,,yes,,,,,,,,,,,,,,,,,,barrier_free_facility_list,京都府内のバリアフリー施設一覧,https://www.pref.kyoto.jp/f-machi/hitoyasa.html,2026-09,981,,ＡＥＤあり
26,京都府,26100,京都市,西京区,阪急　上桂駅　　ＨＫ９６,,,616-8227,上桂宮ノ後町３３番地の２,,,http://www.hankyu.co.jp/,no,,,,,,,,no,,no,,,,,,,,,,,,,,,,,,barrier_free_facility_list,京都府内のバリアフリー施設一覧,https://www.pref.kyoto.jp/f-machi/hitoyasa.html,2026-09,982,,ＡＥＤあり
26,京都府,26100,京都市,西京区,阪急　桂駅　　ＨＫ８１,,,615-8107,川島北裏町９７番地の２,,,http://www.hankyu.co.jp/,yes,,,,,,,,yes,,yes,,,,,,,,,,,,,,,,,,barrier_free_facility_list,京都府内のバリアフリー施設一覧,https://www.pref.kyoto.jp/f-machi/hitoyasa.html,2026-09,983,,ＡＥＤあり 音声案内は構内トイレのみ設置
26,京都府,26100,京都市,西京区,西京区役所,,,615-8225,上桂森下町25-1,,,http://www.city.kyoto.lg.jp/nisikyo/,yes,,,,,,,,yes,,yes,,,,,,,,,,,,,,,,,,barrier_free_facility_list,京都府内のバリアフリー施設一覧,https://www.pref.kyoto.jp/f-machi/hitoyasa.html,2026-09,984,,
26,京都府,26100,京都市,西京区,京都市洛西総合庁舎,,,610-1143,大原野東境谷町２－１－２,,,,yes,,,,,,,,yes,,yes,,,,,,,,,,,,,,,,,,barrier_free_facility_list,京都府内のバリアフリー施設一覧,https://www.pref.kyoto.jp/f-machi/hitoyasa.html,2026-09,985,,
26,京都府,26100,京都市,西京区,京都市桂川地域体育館,,,615-8201,上桂今井町１３１,,,,yes,,,,,,,,no,,no,,,,,,,,,,,,,,,,,,barrier_free_facility_list,京都府内のバリアフリー施設一覧,https://www.pref.kyoto.jp/f-machi/hitoyasa.html,2026-09,986,,
26,京都府,26100,京都市,西京区,京都市立芸術大学芸術資料館,,,610-1197,大枝沓掛町13-6京都市立芸術大学内,,,http://w3.kcua.ac.jp/muse/,no,,,,,,,,no,,no,,,,,,,,,,,,,,,,,,barrier_free_facility_list,京都府内のバリアフリー施設一覧,https://www.pref.kyoto.jp/f-machi/hitoyasa.html,2026-09,987,,介助が必要なスロープ、場所があります
26,京都府,26100,京都市,西京区,京都桂病院,,,615-8256,山田平尾町１７番地,,,http://www.katsura.com/,yes,,,,,,,,no,,no,,,,,,,,,,,,,,,,,,barrier_free_facility_list,京都府内のバリアフリー施設一覧,https://www.pref.kyoto.jp/f-machi/hitoyasa.html,2026-09,988,,
26,京都府,26100,京都市,西京区,京都府神社庁神社会館,,,616-0022,嵐山朝月町６８番地８,,,http://www.kyoto-jinjacho.or.jp/index.ht,yes,,,,,,,,no,,no,,,,,,,,,,,,,,,,,,barrier_free_facility_list,京都府内のバリアフリー施設一覧,https://www.pref.kyoto.jp/f-machi/hitoyasa.html,2026-09,989,,
26,京都府,26100,京都市,西京区,来来亭　桂川店,,,615-8071,桂春日町４番１,,,,no,,,,,,,,unknown,,unknown,,,,,,,,,,,,,,,,,,barrier_free_facility_list,京都府内のバリアフリー施設一覧,https://www.pref.kyoto.jp/f-machi/hitoyasa.html,2026-09,990,,
26,京都府,26100,京都市,西京区,洛王セレモニーらくさい,,,615-8164,樫原鴫谷４１－２３,,,,no,,,,,,,,unknown,,unknown,,,,,,,,,,,,,,,,,,barrier_free_facility_list,京都府内のバリアフリー施設一覧,https://www.pref.kyoto.jp/f-machi/hitoyasa.html,2026-09,991,,
26,京都府,26100,京都市,西京区,メガネの三城　桂店,,,615-8222,上桂御正町４－１,,,http://www.paris-miki.co.jp/store104961,no,,,,,,,,no,,no,,,,,,,,,,,,,,,,,,barrier_free_facility_list,京都府内のバリアフリー施設一覧,https://www.pref.kyoto.jp/f-machi/hitoyasa.html,2026-09,992,,
26,京都府,26100,京都市,西京区,フレスコ上桂店,,,615-8213,上桂北村町２５７,,,,no,,,,,,,,no,,no,,,,,,,,,,,,,,,,,,barrier_free_facility_list,京都府内のバリアフリー施設一覧,https://www.pref.kyoto.jp/f-machi/hitoyasa.html,2026-09,993,,
26,京都府,26100,京都市,西京区,京都信用金庫　桂支店,,,615-8191,川島有栖川町４－１,,,http://www.kyoto-shinkin.co.jp/,yes,,,,,,,,yes,,no,,,,,,,,,,,,,,,,,,barrier_free_facility_list,京都府内のバリアフリー施設一覧,https://www.pref.kyoto.jp/f-machi/hitoyasa.html,2026-09,994,,音声案内は、ATM操作音声案内が3台ございます。インターフォンでお呼びくだされば付添いご案内いたします。
26,京都府,26100,京都市,西京区,スギ薬局　上桂山田口店,,,615-8281,松尾木ノ曽町４７番地３,,,,no,,,,,,,,unknown,,unknown,,,,,,,,,,,,,,,,,,barrier_free_facility_list,京都府内のバリアフリー施設一覧,https://www.pref.kyoto.jp/f-machi/hitoyasa.html,2026-09,995,,
26,京都府,26100,京都市,西京区,スーパーマツモト上桂店,,,615-8213,桂畑ヶ田町67,,,http://www.super-matsumoto.co.jp/,yes,,,,,,,,no,,yes,,,,,,,,,,,,,,,,,,barrier_free_facility_list,京都府内のバリアフリー施設一覧,https://www.pref.kyoto.jp/f-machi/hitoyasa.html,2026-09,996,,
26,京都府,26100,京都市,西京区,ＳＨＯＥ ＰＬＡＺＡ桂店,,,615-8024,桂西滝川町１４,,,http://www.chiyodagrp.co.jp/top.html,yes,,,,,,,,no,,no,,,,,,,,,,,,,,,,,,barrier_free_facility_list,京都府内のバリアフリー施設一覧,https://www.pref.kyoto.jp/f-machi/hitoyasa.html,2026-09,997,,
26,京都府,26100,京都市,西京区,ドラッグユタカ上桂店,,,615-8212,上桂北ノ口町５４番地,,,http://www.d-yutaka.co.jp/,no,,,,,,,,no,,no,,,,,,,,,,,,,,,,,,barrier_free_facility_list,京都府内のバリアフリー施設一覧,https://www.pref.kyoto.jp/f-machi/hitoyasa.html,2026-09,998,,
26,京都府,26100,京都市,西京区,ドラッグユタカ桂店,,,615-8231,御陵溝浦町１９番１,,,http://www.d-yutaka.co.jp/,yes,,,,,,,,no,,yes,,,,,,,,,,,,,,,,,,barrier_free_facility_list,京都府内のバリアフリー施設一覧,https://www.pref.kyoto.jp/f-machi/hitoyasa.html,2026-09,999,,
26,京都府,26100,京都市,西京区,はるやま　京都桂店,,,615-8242,御陵鴫谷４－７,,,http://www.haruyama.co.jp/,yes,,,,,,,,no,,no,,,,,,,,,,,,,,,,,,barrier_free_facility_list,京都府内のバリアフリー施設一覧,https://www.pref.kyoto.jp/f-machi/hitoyasa.html,2026-09,1000,,
26,京都府,26100,京都市,西京区,スーパーマツモト桂東店,,,615-8101,川島東代町７６番地１,,,,no,,,,,,,,unknown,,unknown,,,,,,,,,,,,,,,,,,barrier_free_facility_list,京都府内のバリアフリー施設一覧,https://www.pref.kyoto.jp/f-machi/hitoyasa.html,2026-09,1001,,
26,京都府,26100,京都市,西京区,ユニクロ　上桂店,,,615-8005,桂上野南町２３,,,,no,,,,,,,,unknown,,unknown,,,,,,,,,,,,,,,,,,barrier_free_facility_list,京都府内のバリアフリー施設一覧,https://www.pref.kyoto.jp/f-machi/hitoyasa.html,2026-09,1002,,
26,京都府,26100,京都市,西京区,カトリック桂教会,,,615-8196,川島尻堀町３０,,,,no,,,,,,,,unknown,,unknown,,,,,,,,,,,,,,,,,,barrier_free_facility_list,京都府内のバリアフリー施設一覧,https://www.pref.kyoto.jp/f-machi/hitoyasa.html,2026-09,1003,,
26,京都府,26100,京都市,西京区,スーパーマツモト大原野店,,,610-1123,大原野上里南ノ町923-2,,,http://www.super-matsumoto.co.jp/,yes,,,,,,,,no,,yes,,,,,,,,,,,,,,,,,,barrier_free_facility_list,京都府内のバリアフリー施設一覧,https://www.pref.kyoto.jp/f-machi/hitoyasa.html,2026-09,1004,,
26,京都府,26100,京都市,西京区,西京土木みどり事務所,,,615-8086,桂乾町9,,,https://www.city.kyoto.lg.jp/kensetu/page/0000017038.html,no,,,,,,,,no,,no,,,,,,,,,,,,,,,,,,barrier_free_facility_list,京都府内のバリアフリー施設一覧,https://www.pref.kyoto.jp/f-machi/hitoyasa.html,2026-09,1005,,
26,京都府,26100,京都市,西京区,大原野神社,,,610-1153,大原野南春日町１１５２,,,http://www.oharano-jinja.jp,yes,,,,,,,,yes,,yes,,,,,,,,,,,,,,,,,,barrier_free_facility_list,京都府内のバリアフリー施設一覧,https://www.pref.kyoto.jp/f-machi/hitoyasa.html,2026-09,1006,,
26,京都府,26100,京都市,西京区,Ｄパーキング小畑川中央公園駐車場,,,610-1142,大枝東新林町２丁目１８(小畑川中央公園内),,,無し,yes,,,,,,,,no,,yes,,,,,,,,,,,,,,,,,,barrier_free_facility_list,京都府内のバリアフリー施設一覧,https://www.pref.kyoto.jp/f-machi/hitoyasa.html,2026-09,1007,,
26,京都府,26100,京都市,西京区,ドコモショップ洛西店,,,610-1104,大枝中山町2-422,,,,no,,,,,,,,unknown,,unknown,,,,,,,,,,,,,,,,,,barrier_free_facility_list,京都府内のバリアフリー施設一覧,https://www.pref.kyoto.jp/f-machi/hitoyasa.html,2026-09,1008,,
26,京都府,26100,京都市,西京区,介護老人保健施設　洛西けいゆうの里,,,610-1111,大枝東長町１－３６,,,http://www.keiyukai.org/KEIYUNOSATO/,yes,,,,,,,,no,,no,,,,,,,,,,,,,,,,,,barrier_free_facility_list,京都府内のバリアフリー施設一覧,https://www.pref.kyoto.jp/f-machi/hitoyasa.html,2026-09,1009,,
26,京都府,26100,京都市,西京区,ステーキのどん物集女店,,,615-8133,樫原井戸町14-1,,,http://www.steak-don.co.jp/index.html,no,,,,,,,,no,,no,,,,,,,,,,,,,,,,,,barrier_free_facility_list,京都府内のバリアフリー施設一覧,https://www.pref.kyoto.jp/f-machi/hitoyasa.html,2026-09,1010,,
26,京都府,26100,京都市,中京区,ANAクラウンプラザホテル京都,,,604-0055,堀川通二条ル土橋町10番地,,,http://www.anacpkyoto.com,,yes,1,1,0,0,yes,no,no,no,no,no,,,button,button,no,yes,yes,no,yes,no,yes,yes,no,no,no,no,barrier_free_facility_list,京都府内のバリアフリー施設一覧,https://www.pref.kyoto.jp/f-machi/hitoyasa.html,2026-09,1011,,
26,京都府,26100,京都市,中京区,京都信用金庫　壬生支店,,,604-8831,壬生森前町2番地,,,www.kyoto-shinkin.co.jp,,,,,,,,,,,,,,,,,,,,,,,,,,,,,barrier_free_facility_list,京都府内のバリアフリー施設一覧,https://www.pref.kyoto.jp/f-machi/hitoyasa.html,2026-09,1012,,
26,京都府,26100,京都市,中京区,京都市役所分庁舎,,,604-8571,寺町通御池上る上本能寺前町488番地,,,,yes,yes,,6,,,yes,no,yes,yes,yes,no,,,sensor,button,yes,yes,yes,no,no,no,yes,no,no,yes,yes,no,barrier_free_facility_list,京都府内のバリアフリー施設一覧,https://www.pref.kyoto.jp/f-machi/hitoyasa.html,2026-09,1013,,
26,京都府,26100,京都市,中京区,京都府京都文化博物館,,,604-8183,三条高倉,,,http://www.bunpaku.or.jp/,yes,yes,1,1,,,yes,no,yes,no,no,yes,,,sensor,pull_cord,yes,yes,yes,yes,yes,no,no,no,yes,yes,yes,no,barrier_free_facility_list,京都府内のバリアフリー施設一覧,https://www.pref.kyoto.jp/f-machi/hitoyasa.html,2026-09,1014,,
26,京都府,26100,京都市,中京区,JR　円町駅,,,604-8463,西ノ京円町42-1,,,http://www.jr-odekake.net/eki/top.php?id=0610707,no,no,,,,,,,unknown,,unknown,,,,,,,,,,,,,,,,,,barrier_free_facility_list,京都府内のバリアフリー施設一覧,https://www.pref.kyoto.jp/f-machi/hitoyasa.html,2026-09,1015,,詳しくは上記ホームページをご参照ください。
26,京都府,26100,京都市,中京区,JR　二条駅,,,604-8415,西ノ京栂尾町,,,http://www.jr-odekake.net/eki/top.php?id=0610702,no,no,,,,,,,unknown,,unknown,,,,,,,,,,,,,,,,,,barrier_free_facility_list,京都府内のバリアフリー施設一覧,https://www.pref.kyoto.jp/f-machi/hitoyasa.html,2026-09,1016,,詳しくは上記ホームページをご参照ください。
26,京都府,26100,京都市,中京区,医療法人社団洛和会　洛和会丸太町病院,,,604-8401,聚楽廻松下町9番7,,,http://www.rakuwa.or.jp/maruta/,yes,yes,B1～4,11,,,yes,no,yes,no,yes,no,,,sensor,button,yes,yes,yes,yes,yes,no,no,yes,no,yes,yes,no,barrier_free_facility_list,京都府内のバリアフリー施設一覧,https://www.pref.kyoto.jp/f-machi/hitoyasa.html,2026-09,1017,,
26,京都府,26100,京都市,中京区,京都市子育て支援総合センター　こどもみらい館,,,604-0883,間之町通竹屋町下る楠町601－1,,,https://www.kodomomirai.city.kyoto.lg.jp/,yes,yes,1～4,4,,,no,no,no,no,yes,,,,button,button,yes,yes,yes,yes,yes,yes,yes,no,no,yes,yes,no,barrier_free_facility_list,京都府内のバリアフリー施設一覧,https://www.pref.kyoto.jp/f-machi/hitoyasa.html,2026-09,1018,,館内は、線状ブロックはなし。 授乳スペースは、こども元気ランド内にあります。 事務室受付カウンターは、車いす対応可です。 ベビーチェアは、洋式トイレに設置している。  平日30分ごとに100円　土日祝30分ごとに200円　障害の等級により免除される場合があります。車いす使用料は、一般駐車場のうち2台であり、そのうち1台を｢京都おもいやり駐車場｣として登録しています。
26,京都府,26100,京都市,中京区,京都地方裁判所・簡易裁判所,,,604-8550,菊屋町,,,https://www.courts.go.jp/kyoto/,yes,yes,,,,,,,yes,,yes,,,,,,,,,,,yes,yes,,,no,,,barrier_free_facility_list,京都府内のバリアフリー施設一覧,https://www.pref.kyoto.jp/f-machi/hitoyasa.html,2026-09,1019,,
26,京都府,26100,京都市,中京区,京都労働局,,,604-0846,両替町通御池上ル金吹町451,,,http://jsite.mhlw.go.jp/kyoto-roudoukyoku/,yes,yes,2,2,,,yes,no,no,no,yes,no,,,button,button,yes,yes,yes,no,yes,yes,yes,no,no,no,yes,no,barrier_free_facility_list,京都府内のバリアフリー施設一覧,https://www.pref.kyoto.jp/f-machi/hitoyasa.html,2026-09,1020,,
26,京都府,26100,京都市,中京区,京都芸術センター,,,604-8156,室町通蛸薬師下る山伏山町546-2,,,http://www.kac.or.jp/,yes,yes,1・2,2,,,no,no,no,no,yes,no,,,button,button,no,yes,yes,no,no,no,no,no,no,no,yes,no,barrier_free_facility_list,京都府内のバリアフリー施設一覧,https://www.pref.kyoto.jp/f-machi/hitoyasa.html,2026-09,1021,,バリアフリーではない部分もあるので不都合があれば職員をお呼びください
26,京都府,26100,京都市,中京区,島津製作所　創業記念資料館,,,604-0921,木屋町二条南,,,https://www.shimadzu.co.jp/visionary/memorial-hall/,no,no,,,,,,,no,,no,,,,,,no,yes,yes,no,no,no,no,,no,no,no,no,barrier_free_facility_list,京都府内のバリアフリー施設一覧,https://www.pref.kyoto.jp/f-machi/hitoyasa.html,2026-09,1022,,展示品紹介のキャプションは日・英表記あり。
26,京都府,26100,京都市,中京区,法華宗大本山本能寺　大寶殿宝物館,,,604-8091,寺町通御池下る下本能寺前町,,,http://www.kyoto-honnouji.jp,yes,yes,1,1,,,no,,no,no,no,no,,,button,button,yes,yes,yes,no,no,no,no,no,no,no,no,no,barrier_free_facility_list,京都府内のバリアフリー施設一覧,https://www.pref.kyoto.jp/f-machi/hitoyasa.html,2026-09,1023,,
26,京都府,26100,京都市,中京区,元離宮二条城,,,604-8301,二条通堀川西入二条城町５４１,,,https://nijo-jocastle.city.kyoto.lg.jp/,yes,yes,1,,3,3,yes,yes,yes,no,no,yes,,,sensor,button,yes,yes,yes,no,no,yes,yes,yes,no,yes,yes,no,barrier_free_facility_list,京都府内のバリアフリー施設一覧,https://www.pref.kyoto.jp/f-machi/hitoyasa.html,2026-09,1024,,点字案内はトイレのみ
26,京都府,26100,京都市,中京区,京都市生涯学習総合センター（京都アスニー）,,,604-8401,聚楽廻松下町９－２,,,http://web.kyoto-inet.or.jp/org/asny1/,yes,yes,1.3.5,,3,3,yes,no,no,no,no,yes,,,sensor,button,yes,yes,yes,yes,yes,yes,yes,no,no,no,no,no,barrier_free_facility_list,京都府内のバリアフリー施設一覧,https://www.pref.kyoto.jp/f-machi/hitoyasa.html,2026-09,1025,,おむつ換え用のベビーシートがあります。（１階のトイレ内） １階の身障者用トイレ内にベビーキープがあります。 職員が受付で筆談に応じます。 ファックス送信サービス（有料）あります。（１階事務室） 視覚障害者誘導用のチャイムがあります。 外部との出入り口に点字ブロックがあります。 ヒアリングループを施設利用の際希望者に貸出ししています。（一部の部屋は常設配備）  ・経験豊富で親切なスタッフがたくさんおり、安心して声を掛けていただけます。 ・レストランは和食が中心で年配の方のお口に合うと思いま
26,京都府,26100,京都市,中京区,御池地下駐車場,,,604-8091,御池通寺町東入下本能寺前町４９２－１,,,http://www.zestoike.com,yes,yes,地下1・2,2,1,1,yes,no,no,no,yes,yes,,,sensor,button,yes,yes,yes,no,no,yes,yes,no,no,no,yes,no,barrier_free_facility_list,京都府内のバリアフリー施設一覧,https://www.pref.kyoto.jp/f-machi/hitoyasa.html,2026-09,1026,,
26,京都府,26100,京都市,中京区,京都市中央図書館,,,604-8401,聚楽廻松下町９-２,,,https://www2.kyotocitylib.jp/中央図書館/,yes,yes,1、2,2,,,no,no,no,no,yes,no,,,button,button,yes,yes,yes,no,no,no,yes,no,no,yes,yes,no,barrier_free_facility_list,京都府内のバリアフリー施設一覧,https://www.pref.kyoto.jp/f-machi/hitoyasa.html,2026-09,1027,,ヒアリングループ２台有。
26,京都府,26100,京都市,中京区,京都府立総合社会福祉会館（ハートピア京都）,,,604-0874,竹屋町通烏丸東入る清水町３７５番地,,,https://heartpia-kyoto.jp/,yes,yes,3,1,0,0,no,unknown,no,unknown,no,unknown,,,lever,button,yes,yes,yes,no,no,no,no,no,no,no,no,no,barrier_free_facility_list,京都府内のバリアフリー施設一覧,https://www.pref.kyoto.jp/f-machi/hitoyasa.html,2026-09,1028,,女性用トイレ内にベビーキープがあります。 職員が受付で筆談に応じます。 ファックス送信サービス（無料）あります。 視覚障害者誘導用のチャイムがあります。 外部との出入り口・エレベーター前・階段に点字ブロックがあります。 聴覚障害者の方のために会議室に磁気ループがあります。
26,京都府,26100,京都市,中京区,京都府中京警察署,,,604-8804,壬生坊城町48-16,,,http://www.pref.kyoto.jp/fukei/,yes,yes,1,1,,,yes,yes,yes,no,yes,yes,,,button,button,yes,yes,yes,no,no,yes,yes,no,no,no,yes,no,barrier_free_facility_list,京都府内のバリアフリー施設一覧,https://www.pref.kyoto.jp/f-machi/hitoyasa.html,2026-09,1029,,
26,京都府,26100,京都市,中京区,中京区役所地下駐車場,,,604-8588,西堀川通御池下る西三坊堀川町521,,,http://www.city.kyoto.lg.jp/nakagyo/index.html,yes,,,,,,,,yes,,yes,,,,,,,,,,,,,,,,,,barrier_free_facility_list,京都府内のバリアフリー施設一覧,https://www.pref.kyoto.jp/f-machi/hitoyasa.html,2026-09,1030,,
26,京都府,26100,京都市,中京区,ファミリーマート　堀川御池店,,,604-8312,岩上通御池下る上巴町415番地,,,,no,,,,,,,,no,,unknown,,,,,,,,,,,,,,,,,,barrier_free_facility_list,京都府内のバリアフリー施設一覧,https://www.pref.kyoto.jp/f-machi/hitoyasa.html,2026-09,1031,,
26,京都府,26100,京都市,中京区,ファミリーマート　西小路天神川店,,,604-8454,西ノ京小堀池町19番地5,,,,yes,,,,,,,,no,,unknown,,,,,,,,,,,,,,,,,,barrier_free_facility_list,京都府内のバリアフリー施設一覧,https://www.pref.kyoto.jp/f-machi/hitoyasa.html,2026-09,1032,,
26,京都府,26100,京都市,中京区,京都市立病院,,,604-8845,中京区壬生東高田町１－２,,,http://www.ｋｃｈ-org.jp,yes,,,,,,,,yes,,yes,,,,,,,,,,,,,,,,,,barrier_free_facility_list,京都府内のバリアフリー施設一覧,https://www.pref.kyoto.jp/f-machi/hitoyasa.html,2026-09,1033,,
26,京都府,26100,京都市,中京区,京都上労働基準監督署,,,604-8467,西ノ京大炊御門町19-19,,,,yes,,,,,,,,no,,yes,,,,,,,,,,,,,,,,,,barrier_free_facility_list,京都府内のバリアフリー施設一覧,https://www.pref.kyoto.jp/f-machi/hitoyasa.html,2026-09,1034,,
26,京都府,26100,京都市,中京区,株式会社セレマ　四条大宮ホール,,,604-8804,壬生坊城町３－１,,,,yes,,,,,,,,yes,,no,,,,,,,,,,,,,,,,,,barrier_free_facility_list,京都府内のバリアフリー施設一覧,https://www.pref.kyoto.jp/f-machi/hitoyasa.html,2026-09,1035,,
26,京都府,26100,京都市,中京区,株式会社セレマ　シティホール西ノ京　玉泉院,,,604-8466,西ノ京南大炊御門町１０,,,,yes,,,,,,,,no,,no,,,,,,,,,,,,,,,,,,barrier_free_facility_list,京都府内のバリアフリー施設一覧,https://www.pref.kyoto.jp/f-machi/hitoyasa.html,2026-09,1036,,
26,京都府,26100,京都市,中京区,ライフ二条駅前店,,,604-8416,西ノ京星池町,,,,no,,,,,,,,unknown,,unknown,,,,,,,,,,,,,,,,,,barrier_free_facility_list,京都府内のバリアフリー施設一覧,https://www.pref.kyoto.jp/f-machi/hitoyasa.html,2026-09,1037,,
26,京都府,26100,京都市,中京区,阪急　大宮駅　　ＨＫ８４,,,604-8365,四条通大宮西入ル錦大宮町１２７番地,,,http://www.hankyu.co.jp/,yes,,,,,,,,yes,,yes,,,,,,,,,,,,,,,,,,barrier_free_facility_list,京都府内のバリアフリー施設一覧,https://www.pref.kyoto.jp/f-machi/hitoyasa.html,2026-09,1038,,ＡＥＤあり
26,京都府,26100,京都市,中京区,京都市教育相談総合センター（こどもパトナ）,,,604-8187,姉小路通東洞院東入曇華院前町706－3,,,http://www.edu.city.kyoto.jp/patpna/,no,yes,1～5,5,,,no,no,no,no,yes,no,,,sensor,button,yes,yes,yes,no,no,yes,yes,no,no,no,yes,no,barrier_free_facility_list,京都府内のバリアフリー施設一覧,https://www.pref.kyoto.jp/f-machi/hitoyasa.html,2026-09,1039,,
26,京都府,26100,京都市,中京区,京都市役所本庁舎,,,604-8571,寺町通御池上る上本能寺前町488番地,,,http://www.city.kyoto.lg.jp/,yes,,,,,,,,yes,,yes,,,,,,,,,,,,,,,,,,barrier_free_facility_list,京都府内のバリアフリー施設一覧,https://www.pref.kyoto.jp/f-machi/hitoyasa.html,2026-09,1040,,筆談対応あり。 本庁舎正面玄関及び北庁舎東玄関に案内所あり。 構内には複数の建物があり、建物により状況が異なる場合があります。 車いす・オストメイト対応やベビーベッド、小児用小便器等の設備を備えた多機能トイレは、本庁舎東側１階・２階・４階にあります。
26,京都府,26100,京都市,中京区,京都市男女共同参画センター　ウィングス京都,,,604-8147,東洞院通六角下る御射山町２６２番地,,,http://www.wings-kyoto.jp/,yes,,,,,,,,no,,yes,,,,,,,,,,,,,,,,,,barrier_free_facility_list,京都府内のバリアフリー施設一覧,https://www.pref.kyoto.jp/f-machi/hitoyasa.html,2026-09,1041,,女子トイレ内に親子トイレがあります。 女子トイレ内におむつ換え用のベビーシート、ベビーキープがあります。 地下１階のフィットネスルーム前に授乳コーナーがあります。（総合受付カウンターで利用をご相談ください） 職員が総合受付カウンターで筆談に応じます。 イベントホールには、磁気ループがあります。 視覚障害者誘導用のチャイムがあります。 外部との出入り口に点字ブロックがあります。 授乳室には大人用ベッドがあり、成人おむつ換え台としてご利用いただけます。
26,京都府,26100,京都市,中京区,京都府社会福祉事業団本部事務局,,,604-0874,竹屋町通烏丸東入る清水町375番地　京都府立総合社会福祉会館6階,,,http://www.ksj.or.jp/index.php,yes,,,,,,,,yes,,yes,,,,,,,,,,,,,,,,,,barrier_free_facility_list,京都府内のバリアフリー施設一覧,https://www.pref.kyoto.jp/f-machi/hitoyasa.html,2026-09,1042,,
26,京都府,26100,京都市,中京区,京都ホテルオークラ,,,604-8558,河原町御池,,,http://okura.kyotohotel.co.jp/,yes,,,,,,,,no,,yes,,,,,,,,,,,,,,,,,,barrier_free_facility_list,京都府内のバリアフリー施設一覧,https://www.pref.kyoto.jp/f-machi/hitoyasa.html,2026-09,1043,,地下鉄東西線「京都市役所前駅」に地下２階で直結しており、段差なしで入館できます。
26,京都府,26100,京都市,中京区,スポーツ館ミツハシ京都烏丸御池本店,,,604-0835,高宮町194,,,http://www.3284.net/,yes,,,,,,,,no,,yes,,,,,,,,,,,,,,,,,,barrier_free_facility_list,京都府内のバリアフリー施設一覧,https://www.pref.kyoto.jp/f-machi/hitoyasa.html,2026-09,1044,,
26,京都府,26100,京都市,中京区,京都市営地下鉄　西大路御池駅,,,604-8437,西ノ京東中合町,,,http://www.city.kyoto.lg.jp/kotsu/page/0000028867.html,yes,,,,,,,,yes,,yes,,,,,,,,,,,,,,,,,,barrier_free_facility_list,京都府内のバリアフリー施設一覧,https://www.pref.kyoto.jp/f-machi/hitoyasa.html,2026-09,1045,,地下鉄東西線にはホームドアがあります。  太秦天神川行，浜大津行の京阪車両は4両編成です。ホーム前方に停車します。  太秦天神川行，六地蔵行の交通局車両は6両編成です。  身体障害者手帳をお持ちの方は駅職員に提示してください。  駅職員が筆談に応じます。
26,京都府,26100,京都市,中京区,京都市営地下鉄　二条駅,,,604-8416,西ノ京星池町,,,http://www.city.kyoto.lg.jp/kotsu/page/0000009997.html,yes,,,,,,,,yes,,yes,,,,,,,,,,,,,,,,,,barrier_free_facility_list,京都府内のバリアフリー施設一覧,https://www.pref.kyoto.jp/f-machi/hitoyasa.html,2026-09,1046,,地下鉄東西線にはホームドアがあります。  身体障害者手帳をお持ちの方は駅職員に提示してください。  駅職員が筆談に応じます。
26,京都府,26100,京都市,中京区,京都市営地下鉄　二条城前駅,,,604-8301,二条城町541,,,http://www.city.kyoto.lg.jp/kotsu/page/0000009992.html,yes,,,,,,,,no,,yes,,,,,,,,,,,,,,,,,,barrier_free_facility_list,京都府内のバリアフリー施設一覧,https://www.pref.kyoto.jp/f-machi/hitoyasa.html,2026-09,1047,,地下鉄東西線にはホームドアがあります。  身体障害者手帳をお持ちの方は駅職員に提示してください。  駅職員が筆談に応じます。
26,京都府,26100,京都市,中京区,京都市営地下鉄　京都市役所前駅,,,604-8006,下丸屋町392-1,,,http://www.city.kyoto.lg.jp/kotsu/page/0000009988.html,yes,,,,,,,,yes,,yes,,,,,,,,,,,,,,,,,,barrier_free_facility_list,京都府内のバリアフリー施設一覧,https://www.pref.kyoto.jp/f-machi/hitoyasa.html,2026-09,1048,,地下鉄東西線にはホームドアがあります。  浜大津行の車両は京阪車両で4両編成です。ホーム前方に停車します。  太秦天神川行，六地蔵行の車両は交通局車両で6両編成です。  身体障害者手帳をお持ちの方は駅職員に提示してください。  駅職員が筆談に応じます。
26,京都府,26100,京都市,中京区,京都市営地下鉄　烏丸御池駅,,,604-8171,虎屋町,,,http://www.city.kyoto.lg.jp/kotsu/page/0000009448.html,yes,,,,,,,,yes,,yes,,,,,,,,,,,,,,,,,,barrier_free_facility_list,京都府内のバリアフリー施設一覧,https://www.pref.kyoto.jp/f-machi/hitoyasa.html,2026-09,1049,,改札口は北と南に2ヶ所あります。南改札口は無人ですが，インターホンとモニターテレビで駅職員と連絡できます。  身体障害者手帳をお持ちの方は駅職員に提示してください。  駅職員が筆談に応じます。  地下鉄東西線にはホームドアがあります。  北改札口を出たところに市バス・地下鉄案内所と売店があります。
26,京都府,26100,京都市,中京区,京都市営地下鉄　丸太町駅,,,604-0861,大倉町,,,http://www.city.kyoto.lg.jp/kotsu/page/0000009434.html,yes,,,,,,,,yes,,yes,,,,,,,,,,,,,,,,,,barrier_free_facility_list,京都府内のバリアフリー施設一覧,https://www.pref.kyoto.jp/f-machi/hitoyasa.html,2026-09,1050,,改札口は北と南に2ヶ所あります。南改札口は無人ですが，インターホンとモニターテレビで駅職員と連絡できます。  身体障害者手帳をお持ちの方は駅職員に提示してください。  駅職員が筆談に応じます。
26,京都府,26100,京都市,中京区,二条城外壕公衆トイレ,,,604-8306,押小路神泉苑通,,,http://raku.city.kyoto.jp/kanko_top/toilet/toilet_4.html,yes,,,,,,,,no,,yes,,,,,,,,,,,,,,,,,,barrier_free_facility_list,京都府内のバリアフリー施設一覧,https://www.pref.kyoto.jp/f-machi/hitoyasa.html,2026-09,1051,,出入口に点字ブロックがあります。
26,京都府,26100,京都市,中京区,中京税務署,,,604-8482,西ノ京笠殿町38　京都地方合同庁舎,,,http://www.nta.go.jp/osaka/guide/zeimusho/kyoto/nakagyo/,yes,,,,,,,,yes,,yes,,,,,,,,,,,,,,,,,,barrier_free_facility_list,京都府内のバリアフリー施設一覧,https://www.pref.kyoto.jp/f-machi/hitoyasa.html,2026-09,1052,,
26,京都府,26100,京都市,中京区,京都府地球温暖化防止府民プラザ,,,604-8417,西ノ京内畑町４１－３,,,,yes,,,,,,,,no,,no,,,,,,,,,,,,,,,,,,barrier_free_facility_list,京都府内のバリアフリー施設一覧,https://www.pref.kyoto.jp/f-machi/hitoyasa.html,2026-09,1053,,
26,京都府,26100,京都市,中京区,エディオン円町店,,,604-8465,西ノ京西円町５５－１,,,http://standard.navitime.biz/edion/Spot.act?dnvSpt=S0043.0000011804,yes,,,,,,,,no,,yes,,,,,,,,,,,,,,,,,,barrier_free_facility_list,京都府内のバリアフリー施設一覧,https://www.pref.kyoto.jp/f-machi/hitoyasa.html,2026-09,1054,,階段のみ点字案内がございます。
26,京都府,26100,京都市,中京区,京都市中京青少年活動センター,,,604-8147,東洞院通六角下る御射山町２６２番地 総合センター３階,,,http://www.ys-kyoto.org/nakagyo/,yes,,,,,,,,no,,no,,,,,,,,,,,,,,,,,,barrier_free_facility_list,京都府内のバリアフリー施設一覧,https://www.pref.kyoto.jp/f-machi/hitoyasa.html,2026-09,1055,,女子用トイレ内にベビーキープがあります。 女子用トイレ内におむつ換え用のベビーシートがあります。 地下１階のフィットネスルーム前に授乳コーナーがあります。（総合受付カウンターで利用をご相談ください） 職員が３階受付で筆談に応じます。 ファックス送信サービスがあります。（有料、事務室） 視覚障害者誘導用のチャイムがあります。 外部との出入り口に点字ブロックがあります。 点字案内版があります。  青少年が、ここを拠点にさまざまな活動を行っています。 青少年の自立的活動を応援する施設です。
26,京都府,26100,京都市,中京区,スギ薬局二条店,,,604-8383,西ノ京小堀町１番地４,,,,no,,,,,,,,unknown,,unknown,,,,,,,,,,,,,,,,,,barrier_free_facility_list,京都府内のバリアフリー施設一覧,https://www.pref.kyoto.jp/f-machi/hitoyasa.html,2026-09,1056,,
26,京都府,26100,京都市,中京区,カトリック西院教会,,,604-8854,壬生仙念町２３,,,,no,,,,,,,,unknown,,unknown,,,,,,,,,,,,,,,,,,barrier_free_facility_list,京都府内のバリアフリー施設一覧,https://www.pref.kyoto.jp/f-machi/hitoyasa.html,2026-09,1057,,
26,京都府,26100,京都市,中京区,スーパーマツモト西小路御池店,,,604-8511,西ノ京桑原町３－１,,,,yes,,,,,,,,yes,,yes,,,,,,,,,,,,,,,,,,barrier_free_facility_list,京都府内のバリアフリー施設一覧,https://www.pref.kyoto.jp/f-machi/hitoyasa.html,2026-09,1058,,
26,京都府,26100,京都市,中京区,京都市御池駐車場,,,604-0835,御池通高倉西入高宮町,,,,no,,,,,,,,unknown,,unknown,,,,,,,,,,,,,,,,,,barrier_free_facility_list,京都府内のバリアフリー施設一覧,https://www.pref.kyoto.jp/f-machi/hitoyasa.html,2026-09,1059,,
26,京都府,26100,京都市,中京区,ライフ壬生店,,,604-8846,壬生西檜町２３,,,,no,,,,,,,,unknown,,unknown,,,,,,,,,,,,,,,,,,barrier_free_facility_list,京都府内のバリアフリー施設一覧,https://www.pref.kyoto.jp/f-machi/hitoyasa.html,2026-09,1060,,
26,京都府,26100,京都市,中京区,ネッツトヨタヤサカ四条店,,,604-8854,壬生仙念町５,,,,no,,,,,,,,unknown,,unknown,,,,,,,,,,,,,,,,,,barrier_free_facility_list,京都府内のバリアフリー施設一覧,https://www.pref.kyoto.jp/f-machi/hitoyasa.html,2026-09,1061,,
26,京都府,26100,京都市,中京区,介護老人保健施設　西の京,,,604-8454,西ノ京小堀池町16,,,http://www.khf.ne.jp/nisinokyo/,yes,,,,,,,,no,,no,,,,,,,,,,,,,,,,,,barrier_free_facility_list,京都府内のバリアフリー施設一覧,https://www.pref.kyoto.jp/f-machi/hitoyasa.html,2026-09,1062,,
26,京都府,26100,京都市,中京区,蛸薬師新京極公衆トイレ,,,604-8046,蛸薬師新京極東入,,,,yes,,,,,,,,no,,yes,,,,,,,,,,,,,,,,,,barrier_free_facility_list,京都府内のバリアフリー施設一覧,https://www.pref.kyoto.jp/f-machi/hitoyasa.html,2026-09,1063,,
26,京都府,26100,京都市,中京区,烏丸御池公衆トイレ,,,604-8171,烏丸御池西南角,,,http://raku.city.kyoto.jp/kanko_top/toilet/toilet_9.html,yes,,,,,,,,no,,yes,,,,,,,,,,,,,,,,,,barrier_free_facility_list,京都府内のバリアフリー施設一覧,https://www.pref.kyoto.jp/f-machi/hitoyasa.html,2026-09,1064,,
26,京都府,26100,京都市,中京区,ディオハウス西ノ京店,,,604-8425,西ノ京銅駝町49,,,http://www.ayahadio.com/nk/,yes,,,,,,,,no,,no,,,,,,,,,,,,,,,,,,barrier_free_facility_list,京都府内のバリアフリー施設一覧,https://www.pref.kyoto.jp/f-machi/hitoyasa.html,2026-09,1065,,
26,京都府,26100,京都市,中京区,京福　西院駅,,,604-8854,壬生仙念町19,,,http://randen.keifuku.co.jp/map/02.html,no,,,,,,,,no,,no,,,,,,,,,,,,,,,,,,barrier_free_facility_list,京都府内のバリアフリー施設一覧,https://www.pref.kyoto.jp/f-machi/hitoyasa.html,2026-09,1066,,スロープあり。
26,京都府,26100,京都市,東山区,JR　東福寺駅,,,605-0981,本町12丁目224番地,,,http://www.jr-odekake.net/eki/top.php?id=0621614,no,no,,,,,,,unknown,,unknown,,,,,,,,,,,,,,,,,,barrier_free_facility_list,京都府内のバリアフリー施設一覧,https://www.pref.kyoto.jp/f-machi/hitoyasa.html,2026-09,1067,,詳しくは上記ホームページをご参照ください。
26,京都府,26100,京都市,東山区,三井のリパーク　京都国立博物館前,,,605-0931,茶屋町527,,,https://www.repark.jp/parking_user/time/result/detail/?park=REP0016152,no,no,,,,,no,no,no,no,no,no,,,none,none,no,no,no,no,no,no,no,no,no,no,no,,barrier_free_facility_list,京都府内のバリアフリー施設一覧,https://www.pref.kyoto.jp/f-machi/hitoyasa.html,2026-09,1068,,
26,京都府,26100,京都市,東山区,京都第一赤十字病院,,,605-0981,本町十五丁目749番地,,,https://www.kyoto1.jrc.or.jp/,yes,no,地下1階~7階,33,,,yes,yes,yes,no,yes,no,,,sensor,button,yes,yes,yes,yes,yes,no,yes,no,no,yes,yes,no,barrier_free_facility_list,京都府内のバリアフリー施設一覧,https://www.pref.kyoto.jp/f-machi/hitoyasa.html,2026-09,1069,,
26,京都府,26100,京都市,東山区,京都国立博物館,,,605-0931,茶屋町527,,,https://www.kyohaku.go.jp/,yes,yes,地下1～地上3,3,,,yes,no,yes,no,no,yes,,,sensor,pull_cord,yes,yes,yes,no,no,yes,yes,no,yes,yes,yes,no,barrier_free_facility_list,京都府内のバリアフリー施設一覧,https://www.pref.kyoto.jp/f-machi/hitoyasa.html,2026-09,1070,,駐車場料金　　 　　　平常展 　　　　0：00～9：00　60分/100円　 　　　　9：00～21：00　20分/200円　 　　　　21：00～0：00　60分/100円入庫 　　　　当日24時まで最大1300円 　　　　0：00～7：00まで入出庫不可 手話のできるボランティアがいる場合は、「手話ができます」のバッチを装着し対応している。 本館については、出入り口に段差有り。スロープ有り。 南門から階段を上がったところに視覚障碍者用ブロック有り。
26,京都府,26100,京都市,東山区,京都市東山青少年活動センター,,,605-0862,清水５丁目１３０番地ー６,,,http://ys-kyoto.org/higashiyama/,yes,yes,各,,1,1,yes,no,unknown,unknown,unknown,unknown,,,sensor,button,yes,yes,yes,yes,yes,yes,unknown,yes,,,yes,,barrier_free_facility_list,京都府内のバリアフリー施設一覧,https://www.pref.kyoto.jp/f-machi/hitoyasa.html,2026-09,1071,,建物出入口から一番ちかい車いすトイレは、総合庁舎内１Ｆ入口右手のエレベーター左側にあります。 施設内を車いすで移動できます。（和室を除く）職員が青少年活動センターの事務室で筆談に応じます。 創造活動室には、演劇やダンスの練習から発表までができる設備が整っています。創造工作室には、陶芸や木工、染色などができる設備があります。 その他、ミーティング室でのグループ活動、音楽スタジオでのバンド練習などどなたでもご利用いただけますので、目的に応じて施設の予約をして活用してください。
26,京都府,26100,京都市,東山区,京都市東山いきいき市民活動センター,,,605-0018,三条通大橋東入2丁目下る巽町442番地の9,,,http://higashiyamacds.main.jp/,yes,,,,,,,,no,,no,,,,,,,,,,,,,,,,,,barrier_free_facility_list,京都府内のバリアフリー施設一覧,https://www.pref.kyoto.jp/f-machi/hitoyasa.html,2026-09,1072,,
26,京都府,26100,京都市,東山区,京都府家庭支援総合センター,,,605-0862,清水四丁目１８５－１,,,http://www.pref.kyoto.jp/kateisien-sogo/,yes,,,,,,,,yes,,yes,,,,,,,,,,,,,,,,,,barrier_free_facility_list,京都府内のバリアフリー施設一覧,https://www.pref.kyoto.jp/f-machi/hitoyasa.html,2026-09,1073,,家庭を取り巻く諸問題に的確かつ迅速に対応するため、京都児童相談所、婦人相談所、身体障害者更生相談所、知的障害者更生相談所を統合し、家庭問題に関する総合的な相談機関として開設
26,京都府,26100,京都市,東山区,清水坂観光駐車場トイレ,,,605-0862,清水四丁目161番地の5,,,http://www.kyotopublic.or.jp/,yes,,,,,,,,no,,no,,,,,,,,,,,,,,,,,,barrier_free_facility_list,京都府内のバリアフリー施設一覧,https://www.pref.kyoto.jp/f-machi/hitoyasa.html,2026-09,1074,,
26,京都府,26100,京都市,東山区,京都市円山駐車場,,,605-0073,祇園北側,,,http://kyotopublic.or.jp,no,,,,,,,,no,,no,,,,,,,,,,,,,,,,,,barrier_free_facility_list,京都府内のバリアフリー施設一覧,https://www.pref.kyoto.jp/f-machi/hitoyasa.html,2026-09,1075,,
26,京都府,26100,京都市,東山区,京都市東山図書館,,,605-0862,清水五丁目130-8  東山区総合庁舎南館２階,,,https://www2.kyotocitylib.jp/東山図書館/,yes,no,,,,,,,unknown,,unknown,,,,,,yes,yes,yes,no,yes,no,no,yes,no,no,no,no,barrier_free_facility_list,京都府内のバリアフリー施設一覧,https://www.pref.kyoto.jp/f-machi/hitoyasa.html,2026-09,1076,,
26,京都府,26100,京都市,東山区,東山区役所　北館地下駐車場,,,605-8511,清水５丁目１３０－６,,,http://www.city.kyoto.lg.jp/higasiyama/,yes,,,,,,,,yes,,yes,,,,,,,,,,,,,,,,,,barrier_free_facility_list,京都府内のバリアフリー施設一覧,https://www.pref.kyoto.jp/f-machi/hitoyasa.html,2026-09,1077,,
26,京都府,26100,京都市,東山区,八坂神社,,,605-0073,祇園町北側625番地,,,http://www.yasaka-jinja.or.jp/,yes,,,,,,,,no,,yes,,,,,,,,,,,,,,,,,,barrier_free_facility_list,京都府内のバリアフリー施設一覧,https://www.pref.kyoto.jp/f-machi/hitoyasa.html,2026-09,1078,,常磐新殿のみ
26,京都府,26100,京都市,東山区,京都市営地下鉄　三条京阪駅,,,605-0009,大橋町85-1,,,http://www.city.kyoto.lg.jp/kotsu/page/0000009980.html,yes,,,,,,,,yes,,yes,,,,,,,,,,,,,,,,,,barrier_free_facility_list,京都府内のバリアフリー施設一覧,https://www.pref.kyoto.jp/f-machi/hitoyasa.html,2026-09,1079,,地下鉄東西線にはホームドアがあります。  京都市役所前行，浜大津行の車両は京阪車両で4両編成です。ホーム前方に停車します。  太秦天神川行，六地蔵行の車両は交通局車両で6両編成です。  身体障害者手帳をお持ちの方は駅職員に提示してください。  駅職員が筆談に応じます。  京阪電車三条駅と地下通路で連絡しています。
26,京都府,26100,京都市,東山区,京都市営地下鉄　東山駅,,,605-0022,大井手町98-1,,,http://www.city.kyoto.lg.jp/kotsu/page/0000009969.html,yes,,,,,,,,yes,,yes,,,,,,,,,,,,,,,,,,barrier_free_facility_list,京都府内のバリアフリー施設一覧,https://www.pref.kyoto.jp/f-machi/hitoyasa.html,2026-09,1080,,地下鉄東西線にはホームドアがあります。  京都市役所前行，浜大津行の車両は京阪車両で4両編成です。ホーム前方に停車します。  太秦天神川行，六地蔵行の車両は交通局車両で6両編成です。  身体障害者手帳をお持ちの方は駅職員に提示してください。  駅職員が筆談に応じます。
26,京都府,26100,京都市,東山区,京都市営地下鉄　蹴上駅,,,605-0044,東小物座町339,,,http://www.city.kyoto.lg.jp/kotsu/page/0000009957.html,yes,,,,,,,,no,,yes,,,,,,,,,,,,,,,,,,barrier_free_facility_list,京都府内のバリアフリー施設一覧,https://www.pref.kyoto.jp/f-machi/hitoyasa.html,2026-09,1081,,地下鉄東西線にはホームドアがあります。  京都市役所前行，浜大津行の車両は京阪車両で4両編成です。ホーム前方に停車します。  太秦天神川行，六地蔵行の車両は交通局車両で6両編成です。  身体障害者手帳をお持ちの方は駅職員に提示してください。  駅職員が筆談に応じます。
26,京都府,26100,京都市,東山区,洛王セレモニー東山会館,,,605-0916,大和大路通七条上る２丁目上棟梁町１３２,,,,no,,,,,,,,unknown,,unknown,,,,,,,,,,,,,,,,,,barrier_free_facility_list,京都府内のバリアフリー施設一覧,https://www.pref.kyoto.jp/f-machi/hitoyasa.html,2026-09,1082,,
26,京都府,26100,京都市,東山区,東山税務署,,,605-0914,渋谷通大和大路東入下新シ町339－5,,,http://www.nta.go.jp/osaka/guide/zeimusho/kyoto/higashiyama/,yes,,,,,,,,no,,yes,,,,,,,,,,,,,,,,,,barrier_free_facility_list,京都府内のバリアフリー施設一覧,https://www.pref.kyoto.jp/f-machi/hitoyasa.html,2026-09,1083,,京都おもいやり駐車場は、混雑時には使用できない場合があります。 あらかじめご了承ください。
26,京都府,26100,京都市,東山区,高台寺公園公衆トイレ,,,605-0825,下河原町,,,,yes,,,,,,,,no,,no,,,,,,,,,,,,,,,,,,barrier_free_facility_list,京都府内のバリアフリー施設一覧,https://www.pref.kyoto.jp/f-machi/hitoyasa.html,2026-09,1084,,
26,京都府,26100,京都市,東山区,東山郵便局,,,605-0933,大和大路五条下ル石垣町西側４２,,,http://map.japanpost.jp/pc/syousai.php?id=300144015000,no,,,,,,,,unknown,,unknown,,,,,,,,,,,,,,,,,,barrier_free_facility_list,京都府内のバリアフリー施設一覧,https://www.pref.kyoto.jp/f-machi/hitoyasa.html,2026-09,1085,,
26,京都府,26100,京都市,東山区,京都府東山警察署,,,605-0862,清水四丁目１８５－６,,,http://www.pref.kyoto.jp/fukei/,yes,yes,1,1,,,yes,no,yes,no,yes,yes,,,button,pull_cord,no,yes,yes,no,no,no,no,no,no,no,no,no,barrier_free_facility_list,京都府内のバリアフリー施設一覧,https://www.pref.kyoto.jp/f-machi/hitoyasa.html,2026-09,1086,,
26,京都府,26100,京都市,東山区,京阪　鳥羽街道駅,,,605-0982,福稲下高松町4番地,,,http://www.keihan.co.jp/,no,,,,,,,,no,,no,,,,,,,,,,,,,,,,,,barrier_free_facility_list,京都府内のバリアフリー施設一覧,https://www.pref.kyoto.jp/f-machi/hitoyasa.html,2026-09,1087,,手すり付トイレ有り
26,京都府,26100,京都市,東山区,京阪　東福寺駅,,,605-0981,本町12丁目224番地,,,http://www.keihan.co.jp/,yes,,,,,,,,no,,no,,,,,,,,,,,,,,,,,,barrier_free_facility_list,京都府内のバリアフリー施設一覧,https://www.pref.kyoto.jp/f-machi/hitoyasa.html,2026-09,1088,,
26,京都府,26100,京都市,東山区,京阪　七条駅,,,605-0992,七条大橋東詰,,,http://www.keihan.co.jp/,yes,,,,,,,,yes,,no,,,,,,,,,,,,,,,,,,barrier_free_facility_list,京都府内のバリアフリー施設一覧,https://www.pref.kyoto.jp/f-machi/hitoyasa.html,2026-09,1089,,
26,京都府,26100,京都市,東山区,京阪　清水五条駅,,,605-0801,五条大橋東詰,,,http://www.keihan.co.jp/,yes,,,,,,,,yes,,no,,,,,,,,,,,,,,,,,,barrier_free_facility_list,京都府内のバリアフリー施設一覧,https://www.pref.kyoto.jp/f-machi/hitoyasa.html,2026-09,1090,,
26,京都府,26100,京都市,東山区,京阪　祇園四条駅,,,605-0801,四条大橋東詰,,,http://www.keihan.co.jp/,yes,,,,,,,,yes,,no,,,,,,,,,,,,,,,,,,barrier_free_facility_list,京都府内のバリアフリー施設一覧,https://www.pref.kyoto.jp/f-machi/hitoyasa.html,2026-09,1091,,
26,京都府,26100,京都市,東山区,京阪　三条駅,,,605-0006,三条大橋東詰,,,http://www.keihan.co.jp/,yes,,,,,,,,yes,,no,,,,,,,,,,,,,,,,,,barrier_free_facility_list,京都府内のバリアフリー施設一覧,https://www.pref.kyoto.jp/f-machi/hitoyasa.html,2026-09,1092,,
26,京都府,26100,京都市,東山区,京都市東山地域体育館,,,605-0862,清水5丁目130番地-6,,,,yes,,,,,,,,yes,,yes,,,,,,,,,,,,,,,,,,barrier_free_facility_list,京都府内のバリアフリー施設一覧,https://www.pref.kyoto.jp/f-machi/hitoyasa.html,2026-09,1093,,
26,京都府,26100,京都市,東山区,知恩院,,,605-8686,林下町４００,,,http://www.chion-in.or.jp/,yes,,,,,,,,no,,no,,,,,,,,,,,,,,,,,,barrier_free_facility_list,京都府内のバリアフリー施設一覧,https://www.pref.kyoto.jp/f-machi/hitoyasa.html,2026-09,1094,,
26,京都府,26100,京都市,東山区,三十三間堂バスプール公衆トイレ,,,605-0941,三十三間堂西側,,,http://raku.city.kyoto.jp/kanko_top/toilet/toilet_6.html,yes,,,,,,,,no,,yes,,,,,,,,,,,,,,,,,,barrier_free_facility_list,京都府内のバリアフリー施設一覧,https://www.pref.kyoto.jp/f-machi/hitoyasa.html,2026-09,1095,,
26,京都府,26100,京都市,東山区,円山公園一休庵前公衆トイレ,,,605-0074,祇園町,,,,yes,,,,,,,,no,,no,,,,,,,,,,,,,,,,,,barrier_free_facility_list,京都府内のバリアフリー施設一覧,https://www.pref.kyoto.jp/f-machi/hitoyasa.html,2026-09,1096,,
26,京都府,26100,京都市,南区,京都信用金庫　吉祥院支店,,,601-8328,吉祥院九条町25番地,,,http://www.kyoto.shinkin.co.jp,,,,,,,,,,,,,,,,,,,,,,,,,,,,,barrier_free_facility_list,京都府内のバリアフリー施設一覧,https://www.pref.kyoto.jp/f-machi/hitoyasa.html,2026-09,1097,,
26,京都府,26100,京都市,南区,京都信用金庫　九条支店,,,601-8016,東九条烏丸町5番地,,,http://www.kyoto.shinkin.co.jp,,,,,,,,,,,,,,,,,,,,,,,,,,,,,barrier_free_facility_list,京都府内のバリアフリー施設一覧,https://www.pref.kyoto.jp/f-machi/hitoyasa.html,2026-09,1098,,
26,京都府,26100,京都市,南区,ドコモショップ　西大路駅前店,,,,吉祥院清水町3,,,,,,,,,,,,,,,,,,,,,,,,,,,,,,,,barrier_free_facility_list,京都府内のバリアフリー施設一覧,https://www.pref.kyoto.jp/f-machi/hitoyasa.html,2026-09,1099,,
26,京都府,26100,京都市,南区,スーパーマツモト　桂川店,,,601-8203,久世築山町130番1,,,http://www.super-matsumoto.co.jp,,no,,,,,yes,no,yes,no,yes,yes,,,button,button,yes,yes,yes,no,no,yes,yes,no,no,no,yes,no,barrier_free_facility_list,京都府内のバリアフリー施設一覧,https://www.pref.kyoto.jp/f-machi/hitoyasa.html,2026-09,1100,,
26,京都府,26100,京都市,南区,京都府民総合交流プラザ（京都テルサ）,,,601-8047,東九条下殿田町７０番地,,,https://www.kyoto-terrsa.or.jp/,yes,yes,地下2階から地上3,2,6,6,yes,yes,yes,no,no,yes,,,none,button,yes,yes,yes,no,no,yes,yes,no,no,yes,yes,no,barrier_free_facility_list,京都府内のバリアフリー施設一覧,https://www.pref.kyoto.jp/f-machi/hitoyasa.html,2026-09,1101,,
26,京都府,26100,京都市,南区,洋服の青山　京都駅南店,,,601-8047,東九条下殿田町２－１,,,,yes,yes,,1,,,yes,no,no,no,yes,yes,,,button,none,yes,yes,no,no,no,no,no,no,no,no,yes,no,barrier_free_facility_list,京都府内のバリアフリー施設一覧,https://www.pref.kyoto.jp/f-machi/hitoyasa.html,2026-09,1102,,
26,京都府,26100,京都市,南区,JR　桂川駅,,,601-8211,久世高田町6-7,,,http://www.jr-odekake.net/eki/top.php?id=0610153,no,no,,,,,,,unknown,,unknown,,,,,,,,,,,,,,,,,,barrier_free_facility_list,京都府内のバリアフリー施設一覧,https://www.pref.kyoto.jp/f-machi/hitoyasa.html,2026-09,1103,,詳しくは上記ホームページをご参照ください。
26,京都府,26100,京都市,南区,JR　西大路駅,,,601-8469,唐橋平垣町,,,http://www.jr-odekake.net/eki/top.php?id=0610118,no,no,,,,,,,unknown,,unknown,,,,,,,,,,,,,,,,,,barrier_free_facility_list,京都府内のバリアフリー施設一覧,https://www.pref.kyoto.jp/f-machi/hitoyasa.html,2026-09,1104,,詳しくは上記ホームページをご参照ください。
26,京都府,26100,京都市,南区,総合福祉施設　塔南の園,,,601-8445,西九条管田町４番地の２,,,http://www.tounan-no-sono.or.jp/,yes,yes,1,3,,,yes,no,no,no,no,no,,,button,button,yes,yes,yes,no,no,no,no,no,no,no,no,no,barrier_free_facility_list,京都府内のバリアフリー施設一覧,https://www.pref.kyoto.jp/f-machi/hitoyasa.html,2026-09,1105,,
26,京都府,26100,京都市,南区,イオンモールKYOTO,,,601-8417,西九条鳥居口町１番地,,,http://kyoto-aeonmall.com/,yes,yes,1～5,15,,,yes,yes,yes,no,yes,yes,,,sensor,button,yes,yes,yes,yes,yes,yes,yes,no,yes,yes,yes,yes,barrier_free_facility_list,京都府内のバリアフリー施設一覧,https://www.pref.kyoto.jp/f-machi/hitoyasa.html,2026-09,1106,,
26,京都府,26100,京都市,南区,龍谷大学響都ホール校友会館,,,601-8003,東九条西山王町３１,,,https://www.ryukoku.ac.jp/ryudaihall/,yes,yes,9,,1,1,yes,no,no,no,yes,no,,,button,none,yes,yes,yes,no,yes,no,no,no,no,no,no,no,barrier_free_facility_list,京都府内のバリアフリー施設一覧,https://www.pref.kyoto.jp/f-machi/hitoyasa.html,2026-09,1107,,おむつ換え用のベビーシートがあります。 職員が受付で筆談に応じます。 視覚障害者誘導用のチャイムがあります。 ホールには補聴器磁気誘導ループ席があります。 外部との出入り口に点字ブロックがあります。 エレベーターがあります。 エントランスにＡＥＤがあります。 ＪＲ「京都駅」に近接し、交通の便がとっても良い立地にあり、小規模な音楽会や講演会などに、大いにご利用下さい。
26,京都府,26100,京都市,南区,京都トヨタ自動車(株)　本社店,,,601-8319,吉祥院三ノ宮町100番地,,,http://kyoto-toyota.jp,yes,yes,1,1,0,0,yes,no,no,no,yes,yes,,,button,button,yes,yes,yes,no,no,no,no,no,no,no,yes,yes,barrier_free_facility_list,京都府内のバリアフリー施設一覧,https://www.pref.kyoto.jp/f-machi/hitoyasa.html,2026-09,1108,,
26,京都府,26100,京都市,南区,エルイン京都,,,601-8004,東九条東山王町13,,,http://www.elinn-kyoto.com/,yes,yes,1,1,,,yes,,yes,,no,,,,lever,button,yes,yes,yes,,,,,no,no,no,no,no,barrier_free_facility_list,京都府内のバリアフリー施設一覧,https://www.pref.kyoto.jp/f-machi/hitoyasa.html,2026-09,1109,,
26,京都府,26100,京都市,南区,株式会社堀場製作所　本社,,,601-8510,吉祥院宮の東町2,,,http://www.horiba.com/jp/,yes,yes,1,1,,,yes,no,no,no,no,no,,,sensor,pull_cord,yes,yes,yes,no,no,no,no,yes,no,no,no,no,barrier_free_facility_list,京都府内のバリアフリー施設一覧,https://www.pref.kyoto.jp/f-machi/hitoyasa.html,2026-09,1110,,玄関受付担当者に、お気軽にお声をお掛け下さい。 職員が受付で筆談に応じます。 視覚障害者誘導用チャイムがあります。 施設内を車イスで移動できます。 外部との出入り口に点字ブロックがあります。  ※車いす使用者用トイレは、1階玄関ホール正面左側にあります。 ※通路の一部段差がある場所はスロープ取付け検討中。
26,京都府,26100,京都市,南区,東寺（教王護国寺）,,,601-8473,九条町１番地,,,http://www.toji.or.jp/,yes,yes,1,1,1,1,no,no,no,no,no,no,,,lever,none,no,yes,yes,no,no,no,no,yes,no,no,no,no,barrier_free_facility_list,京都府内のバリアフリー施設一覧,https://www.pref.kyoto.jp/f-machi/hitoyasa.html,2026-09,1111,,※金堂：スロープ　無し ※講堂基壇：スロープ　一部有り ※食堂出入口：スロープ　有り ※飲食施設：段差あり、出入り口狭し ※拝観受付所付近のみ公衆無線LANあり
26,京都府,26100,京都市,南区,京都市吉祥院図書館,,,601-8349,吉祥院池田町１ 塔南高校東館１階,,,https://www2.kyotocitylib.jp/吉祥院図書館/,yes,yes,1,1,,,yes,no,no,no,yes,yes,,,sensor,button,yes,yes,yes,yes,yes,yes,yes,yes,no,yes,yes,no,barrier_free_facility_list,京都府内のバリアフリー施設一覧,https://www.pref.kyoto.jp/f-machi/hitoyasa.html,2026-09,1112,,
26,京都府,26100,京都市,南区,京都市南図書館,,,601-8011,東九条南山王町５－５,,,https://www2.kyotocitylib.jp/南図書館/,yes,yes,1,1,0,0,yes,no,no,no,yes,no,,,lever,button,yes,yes,yes,no,no,no,no,no,no,no,yes,no,barrier_free_facility_list,京都府内のバリアフリー施設一覧,https://www.pref.kyoto.jp/f-machi/hitoyasa.html,2026-09,1113,,
26,京都府,26100,京都市,南区,京都市久世ふれあいセンター図書館,,,601-8203,久世築山町３２８　久世ふれあいセンター１階,,,https://www2.kyotocitylib.jp/久世ふれあいセンター図書館/,yes,yes,1,,1,1,no,yes,no,no,yes,no,,,lever,pull_cord,yes,no,yes,no,no,no,no,no,no,no,yes,no,barrier_free_facility_list,京都府内のバリアフリー施設一覧,https://www.pref.kyoto.jp/f-machi/hitoyasa.html,2026-09,1114,,
26,京都府,26100,京都市,南区,京都府立鳥羽高等学校,,,601-8449,西九条大国町１,,,http://www.kyoto-be.ne.jp/toba-hs/mt/,yes,yes,1,2,,,yes,no,no,no,no,no,,,other,button,yes,yes,yes,no,no,no,no,no,no,no,no,no,barrier_free_facility_list,京都府内のバリアフリー施設一覧,https://www.pref.kyoto.jp/f-machi/hitoyasa.html,2026-09,1115,,
26,京都府,26100,京都市,南区,京都市市民防災センター,,,601-8445,西九条菅田町７,,,http://kyotobousai-c.com/,yes,yes,1，3,2,,2,yes,no,yes,no,yes,yes,,,sensor,pull_cord,yes,yes,yes,no,yes,no,no,no,yes,yes,yes,no,barrier_free_facility_list,京都府内のバリアフリー施設一覧,https://www.pref.kyoto.jp/f-machi/hitoyasa.html,2026-09,1116,,
26,京都府,26100,京都市,南区,京都府南警察署,,,601-8444,西九条森本町39番地２,,,http://www.pref.kyoto.jp/fukei/,yes,yes,1,1,,,yes,yes,no,no,no,no,,,button,pull_cord,yes,yes,yes,no,no,no,yes,no,no,no,yes,no,barrier_free_facility_list,京都府内のバリアフリー施設一覧,https://www.pref.kyoto.jp/f-machi/hitoyasa.html,2026-09,1117,,
26,京都府,26100,京都市,南区,京都動物愛護センター,,,601-8103,上鳥羽仏現寺町１１番地,,,https://kyoto-ani-love.com/,yes,yes,1,1,,,yes,no,no,no,no,no,,,button,pull_cord,yes,yes,yes,no,no,yes,yes,no,no,yes,yes,no,barrier_free_facility_list,京都府内のバリアフリー施設一覧,https://www.pref.kyoto.jp/f-machi/hitoyasa.html,2026-09,1118,,
26,京都府,26100,京都市,南区,セブンイレブン　京都唐橋川久保店,,,601-8451,唐橋川久保町38-2,,,,no,,,,,,,,unknown,,unknown,,,,,,,,,,,,,,,,,,barrier_free_facility_list,京都府内のバリアフリー施設一覧,https://www.pref.kyoto.jp/f-machi/hitoyasa.html,2026-09,1119,,
26,京都府,26100,京都市,南区,セブンイレブン　京都上鳥羽南鉾立町店,,,601-8114,上鳥羽南鉾立町53,,,,no,,,,,,,,unknown,,unknown,,,,,,,,,,,,,,,,,,barrier_free_facility_list,京都府内のバリアフリー施設一覧,https://www.pref.kyoto.jp/f-machi/hitoyasa.html,2026-09,1120,,
26,京都府,26100,京都市,南区,京都銀行九条支店,,,601-8428,東寺東門前町１,,,http://www.kyotobank.co.jp/,no,,,,,,,,no,,no,,,,,,,,,,,,,,,,,,barrier_free_facility_list,京都府内のバリアフリー施設一覧,https://www.pref.kyoto.jp/f-machi/hitoyasa.html,2026-09,1121,,ATMは全台、視覚障がい者が音声ガイダンスに従ってご利用できるものとなっています。
26,京都府,26100,京都市,南区,京都銀行東九条支店,,,601-8043,東九条西札ノ辻町46,,,http://www.kyotobank.co.jp/,no,,,,,,,,no,,no,,,,,,,,,,,,,,,,,,barrier_free_facility_list,京都府内のバリアフリー施設一覧,https://www.pref.kyoto.jp/f-machi/hitoyasa.html,2026-09,1122,,ATMは全台、視覚障がい者が音声ガイダンスに従ってご利用できるものとなっています。
26,京都府,26100,京都市,南区,ファミリーマート　中久世一丁目店,,,601-8213,久世中久世町一丁目104番地2,,,,no,,,,,,,,no,,unknown,,,,,,,,,,,,,,,,,,barrier_free_facility_list,京都府内のバリアフリー施設一覧,https://www.pref.kyoto.jp/f-machi/hitoyasa.html,2026-09,1123,,
26,京都府,26100,京都市,南区,ファミリーマート　烏丸十条店,,,601-8031,東九条河辺町1番地1,,,,no,,,,,,,,no,,unknown,,,,,,,,,,,,,,,,,,barrier_free_facility_list,京都府内のバリアフリー施設一覧,https://www.pref.kyoto.jp/f-machi/hitoyasa.html,2026-09,1124,,
26,京都府,26100,京都市,南区,ファミリーマート　河原町十条店,,,601-8024,東九条東札辻町4番地1,,,,yes,,,,,,,,no,,unknown,,,,,,,,,,,,,,,,,,barrier_free_facility_list,京都府内のバリアフリー施設一覧,https://www.pref.kyoto.jp/f-machi/hitoyasa.html,2026-09,1125,,
26,京都府,26100,京都市,南区,洛王セレモニー株式会社,,,601-8211,久世高田町３５－３,,,,no,,,,,,,,unknown,,unknown,,,,,,,,,,,,,,,,,,barrier_free_facility_list,京都府内のバリアフリー施設一覧,https://www.pref.kyoto.jp/f-machi/hitoyasa.html,2026-09,1126,,
26,京都府,26100,京都市,南区,特別養護老人ホーム　ビハーラ十条,,,601-8326,吉祥院南落合町４０番地４,,,http://www.vhr10.jp,yes,yes,1,,1,1,yes,,no,,no,,,,button,button,yes,yes,yes,,,,,no,no,no,no,no,barrier_free_facility_list,京都府内のバリアフリー施設一覧,https://www.pref.kyoto.jp/f-machi/hitoyasa.html,2026-09,1127,,
26,京都府,26100,京都市,南区,株式会社セレマ　シティホール南　玉泉院,,,601-8434,西九条仏現寺町２－２,,,,yes,,,,,,,,no,,no,,,,,,,,,,,,,,,,,,barrier_free_facility_list,京都府内のバリアフリー施設一覧,https://www.pref.kyoto.jp/f-machi/hitoyasa.html,2026-09,1128,,
26,京都府,26100,京都市,南区,京都市久世ふれあいセンター,,,601-8203,久世築山町328番地,,,,yes,,,,,,,,no,,yes,,,,,,,,,,,,,,,,,,barrier_free_facility_list,京都府内のバリアフリー施設一覧,https://www.pref.kyoto.jp/f-machi/hitoyasa.html,2026-09,1129,,
26,京都府,26100,京都市,南区,京都市南青少年活動センター,,,601-8441,西九条南田町７２,,,http://ys-kyoto.org/minami/,yes,yes,1,1,,,yes,no,no,no,yes,no,,,lever,none,no,yes,yes,no,no,no,no,yes,no,no,no,no,barrier_free_facility_list,京都府内のバリアフリー施設一覧,https://www.pref.kyoto.jp/f-machi/hitoyasa.html,2026-09,1130,,職員ができうる限り筆談に応じます。  ※利用料適用のための年齢区分の判定にあたっては、介護者・介添者を必要とする青少年のために同伴する介護や介添えにあたる人は、利用者数に含めません。
26,京都府,26100,京都市,南区,京都久世郵便局,,,601-8205,久世殿城町４４７－１,,,http://map.japanpost.jp/pc/syousai.php?id=300144360000,no,,,,,,,,no,,no,,,,,,,,,,,,,,,,,,barrier_free_facility_list,京都府内のバリアフリー施設一覧,https://www.pref.kyoto.jp/f-machi/hitoyasa.html,2026-09,1131,,
26,京都府,26100,京都市,南区,京都市営地下鉄　十条駅,,,601-8033,東九条南石田町,,,http://www.city.kyoto.lg.jp/kotsu/page/0000009838.html,yes,,,,,,,,no,,yes,,,,,,,,,,,,,,,,,,barrier_free_facility_list,京都府内のバリアフリー施設一覧,https://www.pref.kyoto.jp/f-machi/hitoyasa.html,2026-09,1132,,身体障害者手帳をお持ちの方は駅職員に提示してください。  駅職員が筆談に応じます。
26,京都府,26100,京都市,南区,京都市営地下鉄　九条駅,,,601-8041,東九条南烏丸町,,,http://www.city.kyoto.lg.jp/kotsu/page/0000009829.html,yes,,,,,,,,no,,yes,,,,,,,,,,,,,,,,,,barrier_free_facility_list,京都府内のバリアフリー施設一覧,https://www.pref.kyoto.jp/f-machi/hitoyasa.html,2026-09,1133,,身体障害者手帳をお持ちの方は駅職員に提示してください。  駅職員が筆談に応じます。
26,京都府,26100,京都市,南区,ドコモショップ国道十条店,,,601-8446,西九条高畠町38,,,http://www.nttdocomo.co.jp/?action=shopdetail&shopid=105,yes,,,,,,,,no,,no,,,,,,,,,,,,,,,,,,barrier_free_facility_list,京都府内のバリアフリー施設一覧,https://www.pref.kyoto.jp/f-machi/hitoyasa.html,2026-09,1134,,
26,京都府,26100,京都市,南区,パケット十条店,,,601-8443,西九条東御幸田町３番地,,,,yes,yes,1,1,,,yes,,unknown,,yes,,,,sensor,pull_cord,,yes,,,yes,,,no,yes,yes,yes,no,barrier_free_facility_list,京都府内のバリアフリー施設一覧,https://www.pref.kyoto.jp/f-machi/hitoyasa.html,2026-09,1135,,
26,京都府,26100,京都市,南区,来来亭　十条竹田店,,,601-8033,東九条南石田町３８－１,,,,no,,,,,,,,unknown,,unknown,,,,,,,,,,,,,,,,,,barrier_free_facility_list,京都府内のバリアフリー施設一覧,https://www.pref.kyoto.jp/f-machi/hitoyasa.html,2026-09,1136,,
26,京都府,26100,京都市,南区,ドラッグユタカ久世店,,,601-8212,久世上久世町４４５－３,,,http://www.d-yutaka.co.jp/,yes,,,,,,,,no,,yes,,,,,,,,,,,,,,,,,,barrier_free_facility_list,京都府内のバリアフリー施設一覧,https://www.pref.kyoto.jp/f-machi/hitoyasa.html,2026-09,1137,,
26,京都府,26100,京都市,南区,NTT西日本京都病院,,,601-8441,西九条南田町１番地,,,http://www.ntt-west.co.jp/kyobyo/,no,,,,,,,,no,,no,,,,,,,,,,,,,,,,,,barrier_free_facility_list,京都府内のバリアフリー施設一覧,https://www.pref.kyoto.jp/f-machi/hitoyasa.html,2026-09,1138,,
26,京都府,26100,京都市,南区,洋服の青山　京都東土川店,,,601-8204,久世東土川町１２８番地の２,,,,no,,,,,,,,no,,no,,,,,,,,,,,,,,,,,,barrier_free_facility_list,京都府内のバリアフリー施設一覧,https://www.pref.kyoto.jp/f-machi/hitoyasa.html,2026-09,1139,,
26,京都府,26100,京都市,南区,地域福祉センター　希望の家,,,601-8006,東九条東岩本町３１,,,,yes,,,,,,,,yes,,yes,,,,,,,,,,,,,,,,,,barrier_free_facility_list,京都府内のバリアフリー施設一覧,https://www.pref.kyoto.jp/f-machi/hitoyasa.html,2026-09,1140,,
26,京都府,26100,京都市,南区,京都中央信用金庫十条支店,,,601-8033,東九条南石田町３８－２,,,http://www.chushin.co.jp/,no,,,,,,,,no,,no,,,,,,,,,,,,,,,,,,barrier_free_facility_list,京都府内のバリアフリー施設一覧,https://www.pref.kyoto.jp/f-machi/hitoyasa.html,2026-09,1141,,
26,京都府,26100,京都市,南区,スーパーマツモト洛南店,,,601-8348,吉祥院観音堂町１９,,,,yes,,,,,,,,yes,,yes,,,,,,,,,,,,,,,,,,barrier_free_facility_list,京都府内のバリアフリー施設一覧,https://www.pref.kyoto.jp/f-machi/hitoyasa.html,2026-09,1142,,
26,京都府,26100,京都市,南区,ネッツトヨタヤサカ十条店,,,601-8444,西九条森本町６４,,,,no,,,,,,,,unknown,,unknown,,,,,,,,,,,,,,,,,,barrier_free_facility_list,京都府内のバリアフリー施設一覧,https://www.pref.kyoto.jp/f-machi/hitoyasa.html,2026-09,1143,,
26,京都府,26100,京都市,南区,京都東九条郵便局,,,601-8027,東九条中御霊町４４－１,,,,no,,,,,,,,unknown,,unknown,,,,,,,,,,,,,,,,,,barrier_free_facility_list,京都府内のバリアフリー施設一覧,https://www.pref.kyoto.jp/f-machi/hitoyasa.html,2026-09,1144,,
26,京都府,26100,京都市,南区,南消防署,,,601-8445,西九条菅田町4-1,,,,no,,,,,,,,unknown,,unknown,,,,,,,,,,,,,,,,,,barrier_free_facility_list,京都府内のバリアフリー施設一覧,https://www.pref.kyoto.jp/f-machi/hitoyasa.html,2026-09,1145,,
26,京都府,26100,京都市,南区,消防活動総合センター,,,601-8166,上鳥羽塔ノ森下開ノ内21-3,,,,no,,,,,,,,unknown,,unknown,,,,,,,,,,,,,,,,,,barrier_free_facility_list,京都府内のバリアフリー施設一覧,https://www.pref.kyoto.jp/f-machi/hitoyasa.html,2026-09,1146,,
26,京都府,26100,京都市,南区,南部土木みどり事務所,,,601-8047,東九条下殿田町70-2,,,,no,,,,,,,,unknown,,unknown,,,,,,,,,,,,,,,,,,barrier_free_facility_list,京都府内のバリアフリー施設一覧,https://www.pref.kyoto.jp/f-machi/hitoyasa.html,2026-09,1147,,
26,京都府,26100,京都市,南区,京都市桂川緑地久我橋東詰公園,,,601-8155,塔ノ森上河原,,,,no,,,,,,,,no,,no,,,,,,,,,,,,,,,,,,barrier_free_facility_list,京都府内のバリアフリー施設一覧,https://www.pref.kyoto.jp/f-machi/hitoyasa.html,2026-09,1148,,
26,京都府,26100,京都市,南区,ステーキのどん十条新千本店,,,601-8108,上鳥羽唐戸町7-1,,,http://www.steak-don.co.jp/index.html,no,,,,,,,,no,,no,,,,,,,,,,,,,,,,,,barrier_free_facility_list,京都府内のバリアフリー施設一覧,https://www.pref.kyoto.jp/f-machi/hitoyasa.html,2026-09,1149,,
26,京都府,26100,京都市,南区,ジャパン京都十条店,,,601-8436,西九条西柳ノ内町６,,,http://www.japan-ds.com/index.html,yes,,,,,,,,no,,no,,,,,,,,,,,,,,,,,,barrier_free_facility_list,京都府内のバリアフリー施設一覧,https://www.pref.kyoto.jp/f-machi/hitoyasa.html,2026-09,1150,,
26,京都府,26100,京都市,南区,京都市吉祥院公園,,,601-8380,吉祥院新田下ノ向町,,,,yes,,,,,,,,no,,no,,,,,,,,,,,,,,,,,,barrier_free_facility_list,京都府内のバリアフリー施設一覧,https://www.pref.kyoto.jp/f-machi/hitoyasa.html,2026-09,1151,,
26,京都府,26100,京都市,南区,京都府消費生活安全センター,,,601-8047,新町通九条下ル 京都テルサ西館２階,,,http://www.pref.kyoto.jp/shohise/15400020.html,yes,,,,,,,,no,,yes,,,,,,,,,,,,,,,,,,barrier_free_facility_list,京都府内のバリアフリー施設一覧,https://www.pref.kyoto.jp/f-machi/hitoyasa.html,2026-09,1152,,０７５－６７１－００３０（事務専用）
26,京都府,26100,京都市,伏見区,京都信用金庫伏見支店,,,612-8362,西大手町318番地6,,,http://www.kyoto.shinkin.co.jp,,,,,,,,,,,,,,,,,,,,,,,,,,,,,barrier_free_facility_list,京都府内のバリアフリー施設一覧,https://www.pref.kyoto.jp/f-machi/hitoyasa.html,2026-09,1153,,
26,京都府,26100,京都市,伏見区,洋服の青山　京都伏見店,,,612-8377,島津町１２４,,,http://y-aoyama.jp,yes,yes,2,1,,,no,no,no,no,no,no,,,button,button,yes,yes,yes,no,no,yes,no,no,no,no,no,no,barrier_free_facility_list,京都府内のバリアフリー施設一覧,https://www.pref.kyoto.jp/f-machi/hitoyasa.html,2026-09,1154,,
26,京都府,26100,京都市,伏見区,伏見税務署,,,612-0084,鑓屋町,,,http://www.nta.go.jp/osaka/guide/zeimusho/kyoto/fushimi/,yes,no,,,,,,,no,,yes,,,,,,,,,,,,,,,,,,barrier_free_facility_list,京都府内のバリアフリー施設一覧,https://www.pref.kyoto.jp/f-machi/hitoyasa.html,2026-09,1155,,おもいやり駐車場は、混雑時には使用できない場合があります。 あらかじめご了承ください。
26,京都府,26100,京都市,伏見区,JR　桃山駅,,,612-8037,桃山町鍋島34番地,,,http://www.jr-odekake.net/eki/top.php?id=0621612,no,no,,,,,,,unknown,,unknown,,,,,,,,,,,,,,,,,,barrier_free_facility_list,京都府内のバリアフリー施設一覧,https://www.pref.kyoto.jp/f-machi/hitoyasa.html,2026-09,1156,,詳しくは上記ホームページをご参照ください。
26,京都府,26100,京都市,伏見区,JR　藤森駅,,,612-0847,深草大亀谷大山町99番地,,,http://www.jr-odekake.net/eki/top.php?id=0621616,no,no,,,,,,,unknown,,unknown,,,,,,,,,,,,,,,,,,barrier_free_facility_list,京都府内のバリアフリー施設一覧,https://www.pref.kyoto.jp/f-machi/hitoyasa.html,2026-09,1157,,詳しくは上記ホームページをご参照ください。
26,京都府,26100,京都市,伏見区,JR　稲荷駅,,,612-0081,深草稲荷御前町,,,http://www.jr-odekake.net/eki/top.php?id=0621613,no,no,,,,,,,unknown,,unknown,,,,,,,,,,,,,,,,,,barrier_free_facility_list,京都府内のバリアフリー施設一覧,https://www.pref.kyoto.jp/f-machi/hitoyasa.html,2026-09,1158,,詳しくは上記ホームページをご参照ください。
26,京都府,26100,京都市,伏見区,はるやま　京都伏見店,,,612-8379,南寝小屋町２８番地,,,,no,no,,,,,yes,,unknown,,unknown,,,,lever,none,,yes,yes,,,,,no,no,no,no,no,barrier_free_facility_list,京都府内のバリアフリー施設一覧,https://www.pref.kyoto.jp/f-machi/hitoyasa.html,2026-09,1159,,
26,京都府,26100,京都市,伏見区,ホームセンターコーナン六地蔵店,,,612-8002,桃山町山ノ下19番地6,,,https://www.hc-kohnan.com/,yes,yes,1,1,,,yes,no,no,no,no,yes,,,lever,button,yes,yes,yes,no,yes,yes,yes,no,no,no,no,no,barrier_free_facility_list,京都府内のバリアフリー施設一覧,https://www.pref.kyoto.jp/f-machi/hitoyasa.html,2026-09,1160,,
26,京都府,26100,京都市,伏見区,特別養護老人ホーム　ヴィラ向島,,,612-8152,向島新上林町１６,,,,yes,yes,1,1,,,no,no,no,no,no,no,,,sensor,button,yes,yes,yes,no,no,no,no,no,no,no,no,no,barrier_free_facility_list,京都府内のバリアフリー施設一覧,https://www.pref.kyoto.jp/f-machi/hitoyasa.html,2026-09,1161,,
26,京都府,26100,京都市,伏見区,特別養護老人ホーム　淀の里,,,613-0916,淀美豆町１０５５番地,,,http://yodosato.life.coocan.jp/,yes,yes,1,1,,,yes,,unknown,,unknown,,,,sensor,button,,,,,,,,no,no,no,no,no,barrier_free_facility_list,京都府内のバリアフリー施設一覧,https://www.pref.kyoto.jp/f-machi/hitoyasa.html,2026-09,1162,,
26,京都府,26100,京都市,伏見区,カナートモール　伏見,,,612-0088,深草出羽屋敷町23番地6号,,,,yes,yes,"1,2",2,,,yes,yes,yes,no,yes,yes,,,button,button,yes,yes,yes,yes,yes,yes,yes,no,unknown,yes,yes,unknown,barrier_free_facility_list,京都府内のバリアフリー施設一覧,https://www.pref.kyoto.jp/f-machi/hitoyasa.html,2026-09,1163,,
26,京都府,26100,京都市,伏見区,伏見岡本病院（入院棟）,,,612-8083,京町9丁目50,,,okamoto-hp.or.jp,yes,yes,2，4,2,,,yes,no,no,no,no,no,,,button,button,yes,yes,yes,no,no,no,no,no,no,no,no,no,barrier_free_facility_list,京都府内のバリアフリー施設一覧,https://www.pref.kyoto.jp/f-machi/hitoyasa.html,2026-09,1164,,外来棟の出入口と兼ねる　地下道で入院棟へ（裏に小出入口あり）
26,京都府,26100,京都市,伏見区,伏見岡本病院（外来棟）,,,612-8083,京町9丁目50,,,http://www.okamoto-hp.or.jp,yes,yes,1，2,2,,,yes,no,no,no,no,no,,,lever,button,yes,yes,yes,no,no,no,no,no,no,no,no,no,barrier_free_facility_list,京都府内のバリアフリー施設一覧,https://www.pref.kyoto.jp/f-machi/hitoyasa.html,2026-09,1165,,
26,京都府,26100,京都市,伏見区,伏見簡易裁判所,,,612-8034,桃山町泰長老,,,https://www.courts.go.jp/kyoto/about_tiho/syozai/index.html,yes,yes,,,,,,,yes,,yes,,,,,,,,,,,yes,yes,,,yes,,,barrier_free_facility_list,京都府内のバリアフリー施設一覧,https://www.pref.kyoto.jp/f-machi/hitoyasa.html,2026-09,1166,,
26,京都府,26100,京都市,伏見区,一般財団法人仁風会　京都南西病院,,,612-8494,久我東町8番地22,,,http://www.jinpukai.or.jp,yes,yes,1,3,,,yes,no,no,no,no,no,,,lever,button,yes,yes,yes,no,no,no,no,no,no,no,no,no,barrier_free_facility_list,京都府内のバリアフリー施設一覧,https://www.pref.kyoto.jp/f-machi/hitoyasa.html,2026-09,1167,,
26,京都府,26100,京都市,伏見区,MOMOテラス,,,612-8002,桃山町山ノ下３２,,,https://www.momo-t.jp/,yes,yes,1、2,2,,,yes,no,yes,no,yes,yes,,,button,pull_cord,yes,yes,yes,yes,yes,yes,yes,yes,yes,yes,yes,yes,barrier_free_facility_list,京都府内のバリアフリー施設一覧,https://www.pref.kyoto.jp/f-machi/hitoyasa.html,2026-09,1168,,
26,京都府,26100,京都市,伏見区,デイリーカナートイズミヤ羽束師店,,,612-8485,羽束師志水町111-1,,,http://www.izumiya.co.jp/shop/kansai/kyoto/021_info.php,yes,no,,,,,unknown,unknown,no,unknown,unknown,unknown,,,none,button,unknown,unknown,unknown,unknown,unknown,unknown,unknown,unknown,unknown,unknown,unknown,no,barrier_free_facility_list,京都府内のバリアフリー施設一覧,https://www.pref.kyoto.jp/f-machi/hitoyasa.html,2026-09,1169,,
26,京都府,26100,京都市,伏見区,イズミヤ六地蔵店,,,612-8003,桃山町西尾１２番地の１,,,http://www.izumiya.co.jp/shop/kansai/kyoto/066_info.php,yes,no,,,,,,,no,,unknown,,,,,,,,,,,,,,,,,yes,barrier_free_facility_list,京都府内のバリアフリー施設一覧,https://www.pref.kyoto.jp/f-machi/hitoyasa.html,2026-09,1170,,※赤ちゃんルーム　あり ※車いす対応エレベーター　あり
26,京都府,26100,京都市,伏見区,伏見醍醐総合庁舎（伏見区醍醐支所）,,,601-1366,醍醐大構町２８,,,http://www.city.kyoto.lg.jp/fushimi/soshiki_list.html,yes,no,,,,,,,no,,yes,,,,,,,,,,,,,,,,,,barrier_free_facility_list,京都府内のバリアフリー施設一覧,https://www.pref.kyoto.jp/f-machi/hitoyasa.html,2026-09,1171,,
26,京都府,26100,京都市,伏見区,老人保健施設桃寿苑,,,612-8154,向島津田町235−1,,,http://toujyuen.jp/,yes,yes,1.2.3,18,3,3,yes,no,no,no,no,no,,,button,button,yes,yes,yes,no,no,no,no,no,no,no,no,no,barrier_free_facility_list,京都府内のバリアフリー施設一覧,https://www.pref.kyoto.jp/f-machi/hitoyasa.html,2026-09,1172,,
26,京都府,26100,京都市,伏見区,Ｄパーキング下鳥羽公園駐車場,,,612-8394,下鳥羽西芹川町41-1(下鳥羽公園内),,,http://www.kyoto-sports.or.jp/facilities/,yes,yes,1,1,,,no,no,no,no,no,no,,,button,button,no,yes,yes,no,no,no,no,no,no,no,no,no,barrier_free_facility_list,京都府内のバリアフリー施設一覧,https://www.pref.kyoto.jp/f-machi/hitoyasa.html,2026-09,1173,,
26,京都府,26100,京都市,伏見区,京都市横大路運動公園,,,612-8263,横大路下ノ坪１番地,,,http://www.kyoto-sports.or.jp/facilities/,yes,yes,1.2,2,1,1,no,no,no,no,no,no,,,lever,button,no,yes,yes,no,no,no,no,yes,no,yes,yes,no,barrier_free_facility_list,京都府内のバリアフリー施設一覧,https://www.pref.kyoto.jp/f-machi/hitoyasa.html,2026-09,1174,,
26,京都府,26100,京都市,伏見区,介護老人保健施設　第二京しみず,,,612-8134,向島清水町45-1,,,http://www.fushimi-shimizu.jp/kyoshimizu_,yes,no,,,,,,,no,,no,,,,,,,,,,,,,,,,,,barrier_free_facility_list,京都府内のバリアフリー施設一覧,https://www.pref.kyoto.jp/f-machi/hitoyasa.html,2026-09,1175,,
26,京都府,26100,京都市,伏見区,京都市伏見北堀公園地域体育館,,,612-0852,深草大亀谷五郎太町23,,,http://www.kyoto-taiikukan.com/information/fushimi/index.html,yes,yes,,,1,1,no,no,no,no,no,no,,,button,pull_cord,yes,no,no,no,no,no,no,yes,no,no,no,no,barrier_free_facility_list,京都府内のバリアフリー施設一覧,https://www.pref.kyoto.jp/f-machi/hitoyasa.html,2026-09,1176,,職員が受付で筆談に応じます。 視覚障害者誘導用のチャイムがあります。 外部との出入り口に点字ブロックがあります。
26,京都府,26100,京都市,伏見区,Ｄパーキング伏見桃山城運動公園駐車場,,,612-0853,桃山町大蔵45(伏見桃山城運動公園内),,,http://www.kyoto-taiikukan.com/,yes,yes,,1,,,no,no,no,no,yes,no,,,sensor,button,yes,yes,,no,no,no,no,,,,,,barrier_free_facility_list,京都府内のバリアフリー施設一覧,https://www.pref.kyoto.jp/f-machi/hitoyasa.html,2026-09,1177,,
26,京都府,26100,京都市,伏見区,伏見北部地域体育館,,,612-8441,竹田醍醐田町17-6,,,http://www.kyoto-sports.or.jp/facilities/,yes,yes,1,1,,,no,no,no,no,no,no,,,other,none,yes,no,no,no,no,no,no,yes,no,no,no,no,barrier_free_facility_list,京都府内のバリアフリー施設一覧,https://www.pref.kyoto.jp/f-machi/hitoyasa.html,2026-09,1178,,
26,京都府,26100,京都市,伏見区,Ｄパーキング三栖公園駐車場,,,612-8206,島津町(三栖公園内),,,http://www.kyoto-sports.or.jp/facilities/,yes,yes,1,1,,,no,no,no,no,yes,no,,,lever,button,no,yes,yes,no,no,no,no,no,no,yes,yes,no,barrier_free_facility_list,京都府内のバリアフリー施設一覧,https://www.pref.kyoto.jp/f-machi/hitoyasa.html,2026-09,1179,,
26,京都府,26100,京都市,伏見区,京都トヨタ自動車(株)　乙訓店,,,612-8487,羽束師菱川町190-1,,,http://kyoto-toyota.jp,no,no,,,,,unknown,unknown,unknown,unknown,unknown,unknown,,,none,button,no,yes,yes,no,no,no,no,yes,no,no,no,no,barrier_free_facility_list,京都府内のバリアフリー施設一覧,https://www.pref.kyoto.jp/f-machi/hitoyasa.html,2026-09,1180,,
26,京都府,26100,京都市,伏見区,京都市醍醐駐車場,,,601-1375,醍醐高畑町30番地の1　パセオ・ダイゴロー西館　地下１階,,,,no,no,,,,,unknown,unknown,unknown,unknown,unknown,unknown,,,,,,,,,,,,no,no,no,no,no,barrier_free_facility_list,京都府内のバリアフリー施設一覧,https://www.pref.kyoto.jp/f-machi/hitoyasa.html,2026-09,1181,,※当駐車場の上階に、多目的トイレ及び一般トイレ有。 ※当駐車場の上階に、授乳スペース及びキッズルーム有。 ※建物の主要な出入口：開き戸、幅120㎝以上、段差なし ※道から建物出入口まで視覚障害者用誘導用ブロック有。 ※建物内に視覚障害者用誘導用ブロック有。 ※インターホンの設置有。
26,京都府,26100,京都市,伏見区,京都府精神保健福祉総合センター,,,612-8416,竹田流池町120,,,http://www.pref.kyoto.jp/health/,yes,yes,1,1,,,yes,no,yes,no,no,no,,,button,none,yes,unknown,unknown,no,no,no,no,yes,no,no,no,no,barrier_free_facility_list,京都府内のバリアフリー施設一覧,https://www.pref.kyoto.jp/f-machi/hitoyasa.html,2026-09,1182,,インターホンにて、職員を呼べます。
26,京都府,26100,京都市,伏見区,京都教育大学,,,612-8522,深草藤森町１番地,,,http://www.kyokyo-u.ac.jp/,yes,yes,1,1,,,yes,no,yes,no,yes,no,,,sensor,button,yes,yes,yes,no,no,no,no,yes,no,yes,yes,no,barrier_free_facility_list,京都府内のバリアフリー施設一覧,https://www.pref.kyoto.jp/f-machi/hitoyasa.html,2026-09,1183,,正門出入口から一番ちかい車いすトイレは、Ｆ棟にあります。 大学会館の出入り口には車いす使用者が利用できるスロープがあります。敷地は高低差がありますので、構内散歩は介助者が必要です。
26,京都府,26100,京都市,伏見区,京都市醍醐中央図書館,,,601-1375,醍醐高畑町３０－１　パセオ・ダイゴロー西館４階,,,https://www2.kyotocitylib.jp/醍醐中央図書館/,yes,yes,4,,1,1,yes,no,no,no,no,no,,,button,button,yes,yes,yes,no,yes,yes,yes,no,no,yes,yes,no,barrier_free_facility_list,京都府内のバリアフリー施設一覧,https://www.pref.kyoto.jp/f-machi/hitoyasa.html,2026-09,1184,,歩道から建物入口までの経路にスロープがあります。
26,京都府,26100,京都市,伏見区,近畿運輸局京都運輸支局,,,612-8418,竹田町向代町３７,,,http://wwwtb.mlit.go.jp/kinki/kyoto-honchosya/index.html,yes,yes,1,1,,,no,no,no,no,no,no,,,sensor,button,yes,yes,yes,no,no,no,no,no,no,no,no,no,barrier_free_facility_list,京都府内のバリアフリー施設一覧,https://www.pref.kyoto.jp/f-machi/hitoyasa.html,2026-09,1185,,
26,京都府,26100,京都市,伏見区,京都市立桃陽総合支援学校,,,612-0833,深草大亀谷岩山町48の1,,,,yes,no,1，2,0,1,2,yes,no,no,no,no,no,,,button,none,yes,yes,yes,no,no,no,no,no,no,no,no,no,barrier_free_facility_list,京都府内のバリアフリー施設一覧,https://www.pref.kyoto.jp/f-machi/hitoyasa.html,2026-09,1186,,
26,京都府,26100,京都市,伏見区,京都府伏見港公園,,,612-8225,葭島金井戸町,,,http://www.kyoto-park.or.jp/fushimi/index.html,yes,yes,地下1階から3階、屋外,5,,,no,no,yes,no,yes,yes,,,lever,button,yes,yes,yes,no,no,no,no,no,no,yes,yes,no,barrier_free_facility_list,京都府内のバリアフリー施設一覧,https://www.pref.kyoto.jp/f-machi/hitoyasa.html,2026-09,1187,,オストメイト用設備は、１階ロビーの多目的トイレにあります。 ベビーベッド、男児用小便器は、屋外駐車場の多目的トイレにあります。
26,京都府,26100,京都市,伏見区,京都府総合見本市会館（京都パルスプラザ）,,,612-8450,竹田鳥羽殿町５,,,http://www.pulseplaza.jp/,yes,yes,1.2.3.5,4,1,2,yes,no,yes,no,yes,yes,,,sensor,button,yes,yes,yes,no,yes,no,yes,no,yes,yes,yes,no,barrier_free_facility_list,京都府内のバリアフリー施設一覧,https://www.pref.kyoto.jp/f-machi/hitoyasa.html,2026-09,1188,,施設内を車いすで移動できます。 観覧設備は稲盛ホール内に限ります。 様々な催し物が開催されていますので、ぜひご来場ください。
26,京都府,26100,京都市,伏見区,京都府総合教育センター,,,612-0064,桃山毛利長門西町,,,http://www.kyoto-be.ne.jp/ed-center/,yes,yes,1,1,,,no,no,no,no,unknown,no,,,button,none,no,no,no,no,no,no,no,yes,no,no,no,no,barrier_free_facility_list,京都府内のバリアフリー施設一覧,https://www.pref.kyoto.jp/f-machi/hitoyasa.html,2026-09,1189,,別棟の講堂棟には、玄関スロープ、多目的トイレを設置しています。
26,京都府,26100,京都市,伏見区,伏見法務総合庁舎,,,612-0029,深草西浦町4-54,,,,yes,,,,,,,,no,,no,,,,,,,,,,,,,,,,,,barrier_free_facility_list,京都府内のバリアフリー施設一覧,https://www.pref.kyoto.jp/f-machi/hitoyasa.html,2026-09,1190,,
26,京都府,26100,京都市,伏見区,伏見郵便局,,,612-8799,撞木町1148,,,,no,,,,,,,,unknown,,unknown,,,,,,,,,,,,,,,,,,barrier_free_facility_list,京都府内のバリアフリー施設一覧,https://www.pref.kyoto.jp/f-machi/hitoyasa.html,2026-09,1191,,
26,京都府,26100,京都市,伏見区,医療法人社団　淀さんせん会　金井病院,,,613-0911,淀木津町612-12,,,www.kanaihospital.jp,yes,,,,,,,,no,,no,,,,,,,,,,,,,,,,,,barrier_free_facility_list,京都府内のバリアフリー施設一覧,https://www.pref.kyoto.jp/f-machi/hitoyasa.html,2026-09,1192,,
26,京都府,26100,京都市,伏見区,京都銀行墨染支店,,,612-0044,深草北新町６３３,,,http://www.kyotobank.co.jp/,no,,,,,,,,no,,no,,,,,,,,,,,,,,,,,,barrier_free_facility_list,京都府内のバリアフリー施設一覧,https://www.pref.kyoto.jp/f-machi/hitoyasa.html,2026-09,1193,,ATMは全台、視覚障がい者が音声ガイダンスに従ってご利用できるものとなっています。
26,京都府,26100,京都市,伏見区,京都銀行下鳥羽支店,,,612-8452,中島堀端町１０１,,,http://www.kyotobank.co.jp/,no,,,,,,,,no,,no,,,,,,,,,,,,,,,,,,barrier_free_facility_list,京都府内のバリアフリー施設一覧,https://www.pref.kyoto.jp/f-machi/hitoyasa.html,2026-09,1194,,ATMは全台、視覚障がい者が音声ガイダンスに従ってご利用できるものとなっています。
26,京都府,26100,京都市,伏見区,ファミリーマート　伏見深草西浦店,,,612-0029,深草西浦町八丁目1番地,,,,no,,,,,,,,no,,unknown,,,,,,,,,,,,,,,,,,barrier_free_facility_list,京都府内のバリアフリー施設一覧,https://www.pref.kyoto.jp/f-machi/hitoyasa.html,2026-09,1195,,
26,京都府,26100,京都市,伏見区,ファミリーマート　伏見小栗栖店,,,601-1462,小栗栖森本町6番地6,,,,no,,,,,,,,no,,unknown,,,,,,,,,,,,,,,,,,barrier_free_facility_list,京都府内のバリアフリー施設一覧,https://www.pref.kyoto.jp/f-machi/hitoyasa.html,2026-09,1196,,
26,京都府,26100,京都市,伏見区,ファミリーマート　伏見向島本丸店,,,612-8112,向島本丸町2番地,,,,no,,,,,,,,no,,unknown,,,,,,,,,,,,,,,,,,barrier_free_facility_list,京都府内のバリアフリー施設一覧,https://www.pref.kyoto.jp/f-machi/hitoyasa.html,2026-09,1197,,
26,京都府,26100,京都市,伏見区,ファミリーマート　竹田七瀬川店,,,612-8422,竹田七瀬川町154番地4,,,,no,,,,,,,,no,,unknown,,,,,,,,,,,,,,,,,,barrier_free_facility_list,京都府内のバリアフリー施設一覧,https://www.pref.kyoto.jp/f-machi/hitoyasa.html,2026-09,1198,,
26,京都府,26100,京都市,伏見区,ファミリーマート　伏見西丹波橋店,,,612-8338,舞台町9番,,,,no,,,,,,,,no,,unknown,,,,,,,,,,,,,,,,,,barrier_free_facility_list,京都府内のバリアフリー施設一覧,https://www.pref.kyoto.jp/f-machi/hitoyasa.html,2026-09,1199,,
26,京都府,26100,京都市,伏見区,ファミリーマート　横大路下三栖店,,,612-8241,横大路下三栖辻堂町22番地,,,,yes,,,,,,,,no,,unknown,,,,,,,,,,,,,,,,,,barrier_free_facility_list,京都府内のバリアフリー施設一覧,https://www.pref.kyoto.jp/f-machi/hitoyasa.html,2026-09,1200,,
26,京都府,26100,京都市,伏見区,ファミリーマート　伏見舞台町店,,,612-8338,舞台町49番地,,,,no,,,,,,,,no,,unknown,,,,,,,,,,,,,,,,,,barrier_free_facility_list,京都府内のバリアフリー施設一覧,https://www.pref.kyoto.jp/f-machi/hitoyasa.html,2026-09,1201,,
26,京都府,26100,京都市,伏見区,ファミリーマート　伏見桃山東店,,,612-8002,桃山町山ノ下19番地25,,,,yes,,,,,,,,no,,unknown,,,,,,,,,,,,,,,,,,barrier_free_facility_list,京都府内のバリアフリー施設一覧,https://www.pref.kyoto.jp/f-machi/hitoyasa.html,2026-09,1202,,
26,京都府,26100,京都市,伏見区,ファミリーマート　伏見出羽屋敷店,,,612-0088,深草出羽屋敷町23番地11,,,,yes,,,,,,,,no,,unknown,,,,,,,,,,,,,,,,,,barrier_free_facility_list,京都府内のバリアフリー施設一覧,https://www.pref.kyoto.jp/f-machi/hitoyasa.html,2026-09,1203,,
26,京都府,26100,京都市,伏見区,ファミリーマート　伏見墨染店,,,612-0081,深草大島屋敷町32番地,,,,no,,,,,,,,no,,unknown,,,,,,,,,,,,,,,,,,barrier_free_facility_list,京都府内のバリアフリー施設一覧,https://www.pref.kyoto.jp/f-machi/hitoyasa.html,2026-09,1204,,
26,京都府,26100,京都市,伏見区,ファミリーマート　師団街道深草店,,,612-0004,深草相深町19番地13,,,,no,,,,,,,,no,,unknown,,,,,,,,,,,,,,,,,,barrier_free_facility_list,京都府内のバリアフリー施設一覧,https://www.pref.kyoto.jp/f-machi/hitoyasa.html,2026-09,1205,,
26,京都府,26100,京都市,伏見区,日本年金機構　京都南年金事務所,,,612-8558,竹田七瀬川町8番地の１,,,http://www.nenkin.go.jp/,yes,,,,,,,,no,,no,,,,,,,,,,,,,,,,,,barrier_free_facility_list,京都府内のバリアフリー施設一覧,https://www.pref.kyoto.jp/f-machi/hitoyasa.html,2026-09,1206,,
26,京都府,26100,京都市,伏見区,京都市呉竹文化センター,,,612-8085,京町南七丁目３５番地の１,,,http://www.kyoto-ongeibun.jp/kuretake/,yes,yes,1・2,3,,,no,no,no,no,no,yes,,,button,pull_cord,yes,yes,yes,no,no,no,yes,no,no,yes,yes,no,barrier_free_facility_list,京都府内のバリアフリー施設一覧,https://www.pref.kyoto.jp/f-machi/hitoyasa.html,2026-09,1207,,おむつ換え用のベビーシートがあります。 職員が受付窓口で筆談に応じます。 視覚障害者誘導用のチャイムがあります。 外部との出入り口に点字ブロックがあります。  地域における文化活動の拠点づくりとして日頃の芸術・文化活動の場として、 音楽、舞踊、演劇、映画会をはじめ会議や集会、またサークル活動などに大いに御利用ください。
26,京都府,26100,京都市,伏見区,京都市桃陽病院,,,612-0833,深草大亀谷岩山町48-1,,,http://www.city.kyoto.lg.jp/hokenfukushi/page/0000003351.html,yes,,,,,,,,no,,yes,,,,,,,,,,,,,,,,,,barrier_free_facility_list,京都府内のバリアフリー施設一覧,https://www.pref.kyoto.jp/f-machi/hitoyasa.html,2026-09,1208,,
26,京都府,26100,京都市,伏見区,京都府府税事務自動車税管理事務所,,,612-8677,竹田向代町49-4 京都府自動車整備商工組合教育センター3階,,,,no,,,,,,,,no,,no,,,,,,,,,,,,,,,,,,barrier_free_facility_list,京都府内のバリアフリー施設一覧,https://www.pref.kyoto.jp/f-machi/hitoyasa.html,2026-09,1209,,
26,京都府,26100,京都市,伏見区,京都南労働基準監督署,,,612-8108,奉行前町６,,,,no,,,,,,,,no,,no,,,,,,,,,,,,,,,,,,barrier_free_facility_list,京都府内のバリアフリー施設一覧,https://www.pref.kyoto.jp/f-machi/hitoyasa.html,2026-09,1210,,
26,京都府,26100,京都市,伏見区,ハローワーク伏見,,,612-8058,風呂屋町232,,,,yes,,,,,,,,no,,no,,,,,,,,,,,,,,,,,,barrier_free_facility_list,京都府内のバリアフリー施設一覧,https://www.pref.kyoto.jp/f-machi/hitoyasa.html,2026-09,1211,,職員が受付及び各窓口で筆談に応じます。 ファックス送信サービス（無料）あります。 外部との出入り口に点字ブロックがあります。
26,京都府,26100,京都市,伏見区,京都府警察自動車運転免許試験場,,,612-8486,羽束師古川町647,,,https://www.pref.kyoto.jp/fukei/,yes,yes,別館2,1,,,no,no,no,no,yes,no,,,button,pull_cord,yes,yes,yes,no,yes,no,yes,no,no,yes,yes,no,barrier_free_facility_list,京都府内のバリアフリー施設一覧,https://www.pref.kyoto.jp/f-machi/hitoyasa.html,2026-09,1212,,音声案内は電話ガイダンスのみとなっております。
26,京都府,26100,京都市,伏見区,株式会社セレマ　稲荷シティホール,,,612-0007,深草下横縄町２５,,,,yes,,,,,,,,no,,yes,,,,,,,,,,,,,,,,,,barrier_free_facility_list,京都府内のバリアフリー施設一覧,https://www.pref.kyoto.jp/f-machi/hitoyasa.html,2026-09,1213,,
26,京都府,26100,京都市,伏見区,株式会社セレマ　伏見シティホール,,,612-8206,下鳥羽六反長町１２７,,,,yes,,,,,,,,no,,yes,,,,,,,,,,,,,,,,,,barrier_free_facility_list,京都府内のバリアフリー施設一覧,https://www.pref.kyoto.jp/f-machi/hitoyasa.html,2026-09,1214,,
26,京都府,26100,京都市,伏見区,府立桃山学園,,,612-8012,桃山町遠山50,,,http://www.ksj.or.jp/sisetu/momoyama/index.html,yes,,,,,,,,yes,,yes,,,,,,,,,,,,,,,,,,barrier_free_facility_list,京都府内のバリアフリー施設一覧,https://www.pref.kyoto.jp/f-machi/hitoyasa.html,2026-09,1215,,障害児入所施設（直通） 電話番号 075-602-2446 ＦＡＸ　 075-602-2448  児童養護施設（直通） 電話番号 075-602-4225 ＦＡＸ　 075-602-4227  総務課 電話番号 075-611-3136 ＦＡＸ　 075-611-5700
26,京都府,26100,京都市,伏見区,京都市久我のもり図書館,,,612-8494,久我東町２１６,,,https://www2.kyotocitylib.jp/久我のもり図書館/,yes,yes,1,1,,,yes,no,no,no,no,no,,,button,button,yes,yes,yes,no,no,no,no,no,no,no,yes,no,barrier_free_facility_list,京都府内のバリアフリー施設一覧,https://www.pref.kyoto.jp/f-machi/hitoyasa.html,2026-09,1216,,
26,京都府,26100,京都市,伏見区,京都市醍醐図書館,,,601-1436,石田西ノ坪１－２,,,https://www2.kyotocitylib.jp/醍醐図書館/,yes,yes,2,1,,,yes,no,no,no,yes,no,,,button,button,yes,yes,yes,no,no,no,no,no,no,no,yes,no,barrier_free_facility_list,京都府内のバリアフリー施設一覧,https://www.pref.kyoto.jp/f-machi/hitoyasa.html,2026-09,1217,,
26,京都府,26100,京都市,伏見区,京都市向島図書館,,,612-8141,向島二ノ丸町１５１－３５,,,https://www2.kyotocitylib.jp/向島図書館/,yes,yes,1,1,,,yes,no,no,no,yes,no,,,button,button,no,yes,yes,no,no,no,no,no,no,no,yes,no,barrier_free_facility_list,京都府内のバリアフリー施設一覧,https://www.pref.kyoto.jp/f-machi/hitoyasa.html,2026-09,1218,,
26,京都府,26100,京都市,伏見区,京都市伏見中央図書館,,,612-8051,今町６５９－１,,,https://www2.kyotocitylib.jp/伏見中央図書館/,yes,no,,,,,yes,no,no,no,yes,yes,,,button,button,yes,yes,yes,no,yes,no,yes,no,no,yes,yes,no,barrier_free_facility_list,京都府内のバリアフリー施設一覧,https://www.pref.kyoto.jp/f-machi/hitoyasa.html,2026-09,1219,,
26,京都府,26100,京都市,伏見区,京都生活協同組合　コープ醍醐石田,,,601-1365,醍醐新開１１－１３,,,http://www.kyoto.coop/,yes,,,,,,,,yes,,yes,,,,,,,,,,,,,,,,,,barrier_free_facility_list,京都府内のバリアフリー施設一覧,https://www.pref.kyoto.jp/f-machi/hitoyasa.html,2026-09,1220,,・京都コープ全店にて、相談インターホン、車いす専用レジ、高齢者・障がい者の買物介添えサービス、「認知症あんしんサポーター」の研修を受けた職員が配置されています。  ・個人宅配サービスでは、高齢者・障害者配達手数料割引きを実施。各自治体と配送時の「見守り協定」締結、「こども１１０番」活動にも参加しています。お問合せ先「組合員コールセンター０１２０－１１－２８００」
26,京都府,26100,京都市,伏見区,京都市青少年科学センター,,,612-0031,深草池ノ内町13番地,,,http://www.edu.city.kyoto.jp/science/,yes,,,,,,,,yes,,no,,,,,,,,,,,,,,,,,,barrier_free_facility_list,京都府内のバリアフリー施設一覧,https://www.pref.kyoto.jp/f-machi/hitoyasa.html,2026-09,1221,,プラネタリウム室内の身障者優先席：固定で４席分がございます。事前連絡をいただければストレッチャーのまま観覧できます。   ※オストメイトは３階展示場にあります。
26,京都府,26100,京都市,伏見区,京都市横大路福祉工場,,,612-8244,横大路千両松町４４７番地,,,,yes,,,,,,,,no,,no,,,,,,,,,,,,,,,,,,barrier_free_facility_list,京都府内のバリアフリー施設一覧,https://www.pref.kyoto.jp/f-machi/hitoyasa.html,2026-09,1222,,職員が受付で筆談に応じます。 外部との出入り口に点字ブロックがあります。
26,京都府,26100,京都市,伏見区,京都市伏見青少年活動センター,,,612-8511,鷹匠町39番地の2　伏見区総合庁舎 4階,,,http://ys-kyoto.org/fushimi/,yes,,,,,,,,no,,no,,,,,,,,,,,,,,,,,,barrier_free_facility_list,京都府内のバリアフリー施設一覧,https://www.pref.kyoto.jp/f-machi/hitoyasa.html,2026-09,1223,,語学講座や地域で出来る国際ボランティアセミナーなどを開催し、 青少年と地域での課題をつなぐきっかけ作りの場を提供しています。青少年の皆様、幅広い活動の出来るコミュニケーションスペースとしてご利用下さい。  ※車いすの貸し出しは総合庁舎用です。
26,京都府,26100,京都市,伏見区,ロイヤルホームセンター醍醐,,,601-1347,醍醐合場町23,,,http://www.royal-hc.co.jp,yes,,,,,,,,no,,yes,,,,,,,,,,,,,,,,,,barrier_free_facility_list,京都府内のバリアフリー施設一覧,https://www.pref.kyoto.jp/f-machi/hitoyasa.html,2026-09,1224,,
26,京都府,26100,京都市,伏見区,介護老人保健施設　ハーモニーこが,,,612-8495,久我森の宮町3-6,,,http://www.kurashino-harmony.or.jp/,yes,,,,,,,,no,,no,,,,,,,,,,,,,,,,,,barrier_free_facility_list,京都府内のバリアフリー施設一覧,https://www.pref.kyoto.jp/f-machi/hitoyasa.html,2026-09,1225,,
26,京都府,26100,京都市,伏見区,京セラ美術館1階/京セラファインセラミック館2階,,,612-8501,竹田鳥羽殿町6,,,http://www.kyocera.co.jp/company/csr/fac,yes,,,,,,,,no,,no,,,,,,,,,,,,,,,,,,barrier_free_facility_list,京都府内のバリアフリー施設一覧,https://www.pref.kyoto.jp/f-machi/hitoyasa.html,2026-09,1226,,2階でのIDカードセンサーの提示位置が高いため介助者が必要。 音声案内は日本語・英語・中国語があります。
26,京都府,26100,京都市,伏見区,種智院大学図書館・学術情報センター,,,612-8156,向島西定請70,,,http://www.shuchiin.ac.jp,yes,,,,,,,,no,,no,,,,,,,,,,,,,,,,,,barrier_free_facility_list,京都府内のバリアフリー施設一覧,https://www.pref.kyoto.jp/f-machi/hitoyasa.html,2026-09,1227,,希望者は、必ず事前にご連絡ください。 当センターでは、身障者対応のキャレルやお手洗い等を備えています。 また、書庫へは両開きエレベーターで入庫でき閲覧していただけます。
26,京都府,26100,京都市,伏見区,キザクラカッパカントリー,,,612-8046,塩屋町２２８番地,,,http://www.kizakura.co.jp/,no,,,,,,,,no,,no,,,,,,,,,,,,,,,,,,barrier_free_facility_list,京都府内のバリアフリー施設一覧,https://www.pref.kyoto.jp/f-machi/hitoyasa.html,2026-09,1228,,
26,京都府,26100,京都市,伏見区,アル・プラザ醍醐,,,601-1375,醍醐高畑町1の37,,,http://www.heiwado.jp/,yes,,,,,,,,no,,yes,,,,,,,,,,,,,,,,,,barrier_free_facility_list,京都府内のバリアフリー施設一覧,https://www.pref.kyoto.jp/f-machi/hitoyasa.html,2026-09,1229,,
26,京都府,26100,京都市,伏見区,特別養護老人ホーム　レーベン横大路,,,612-8295,横大路鍬ノ本３５,,,http://www.mukaijima.jp/,yes,,,,,,,,yes,,no,,,,,,,,,,,,,,,,,,barrier_free_facility_list,京都府内のバリアフリー施設一覧,https://www.pref.kyoto.jp/f-machi/hitoyasa.html,2026-09,1230,,
26,京都府,26100,京都市,伏見区,深草墓園,,,612-0883,深草石峰寺山町,,,,no,,,,,,,,unknown,,unknown,,,,,,,,,,,,,,,,,,barrier_free_facility_list,京都府内のバリアフリー施設一覧,https://www.pref.kyoto.jp/f-machi/hitoyasa.html,2026-09,1231,,
26,京都府,26100,京都市,伏見区,デイリーヤマザキ千本赤池店,,,612-8469,中島河原田町１１１,,,,no,,,,,,,,unknown,,unknown,,,,,,,,,,,,,,,,,,barrier_free_facility_list,京都府内のバリアフリー施設一覧,https://www.pref.kyoto.jp/f-machi/hitoyasa.html,2026-09,1232,,
26,京都府,26100,京都市,伏見区,京都向島郵便局,,,612-8112,向島本丸町７,,,http://map.japanpost.jp/pc/syousai.php?id=300144359000,no,,,,,,,,no,,no,,,,,,,,,,,,,,,,,,barrier_free_facility_list,京都府内のバリアフリー施設一覧,https://www.pref.kyoto.jp/f-machi/hitoyasa.html,2026-09,1233,,
26,京都府,26100,京都市,伏見区,ヤマダ電気　テックランド京都伏見店,,,612-8392,下鳥羽北ノ口町３４,,,,no,,,,,,,,unknown,,unknown,,,,,,,,,,,,,,,,,,barrier_free_facility_list,京都府内のバリアフリー施設一覧,https://www.pref.kyoto.jp/f-machi/hitoyasa.html,2026-09,1234,,
26,京都府,26100,京都市,伏見区,京都市営地下鉄　醍醐駅,,,601-1375,醍醐高畑町30-1,,,http://www.city.kyoto.lg.jp/kotsu/page/0000009871.html,yes,,,,,,,,yes,,yes,,,,,,,,,,,,,,,,,,barrier_free_facility_list,京都府内のバリアフリー施設一覧,https://www.pref.kyoto.jp/f-machi/hitoyasa.html,2026-09,1235,,地下鉄東西線にはホームドアがあります。  身体障害者手帳をお持ちの方は駅職員に提示してください。  駅職員が筆談に応じます。
26,京都府,26100,京都市,伏見区,京都市営地下鉄　石田駅,,,601-1439,石田森東町,,,http://www.city.kyoto.lg.jp/kotsu/page/0000009864.html,yes,,,,,,,,yes,,yes,,,,,,,,,,,,,,,,,,barrier_free_facility_list,京都府内のバリアフリー施設一覧,https://www.pref.kyoto.jp/f-machi/hitoyasa.html,2026-09,1236,,地下鉄東西線にはホームドアがあります。  身体障害者手帳をお持ちの方は駅職員に提示してください。  駅職員が筆談に応じます。
26,京都府,26100,京都市,伏見区,京都市営地下鉄　竹田駅,,,612-8421,竹田桶之井町,,,http://www.city.kyoto.lg.jp/kotsu/page/0000009853.html,yes,,,,,,,,yes,,yes,,,,,,,,,,,,,,,,,,barrier_free_facility_list,京都府内のバリアフリー施設一覧,https://www.pref.kyoto.jp/f-machi/hitoyasa.html,2026-09,1237,,身体障害者手帳をお持ちの方は駅職員に提示してください。  駅職員が筆談に応じます。  新田辺方面行のホームに売店があります。
26,京都府,26100,京都市,伏見区,京都市営地下鉄　くいな橋駅,,,612-8415,竹田中島町,,,http://www.city.kyoto.lg.jp/kotsu/page/0000009844.html,yes,,,,,,,,no,,yes,,,,,,,,,,,,,,,,,,barrier_free_facility_list,京都府内のバリアフリー施設一覧,https://www.pref.kyoto.jp/f-machi/hitoyasa.html,2026-09,1238,,身体障害者手帳をお持ちの方は駅職員に提示してください。  駅職員が筆談に応じます。
26,京都府,26100,京都市,伏見区,伏見力の湯,,,612-8426,竹田青池町１３０,,,https://chikara-u.com/,yes,,,,,,,,no,,yes,,,,,,,,,,,,,,,,,,barrier_free_facility_list,京都府内のバリアフリー施設一覧,https://www.pref.kyoto.jp/f-machi/hitoyasa.html,2026-09,1239,,
26,京都府,26100,京都市,伏見区,来来亭　六地蔵店,,,612-8002,桃山町山ノ下１９－１３,,,,no,,,,,,,,unknown,,unknown,,,,,,,,,,,,,,,,,,barrier_free_facility_list,京都府内のバリアフリー施設一覧,https://www.pref.kyoto.jp/f-machi/hitoyasa.html,2026-09,1240,,
26,京都府,26100,京都市,伏見区,来来亭　新堀川店,,,612-8209,下鳥羽南六反長町２２番地,,,,no,,,,,,,,unknown,,unknown,,,,,,,,,,,,,,,,,,barrier_free_facility_list,京都府内のバリアフリー施設一覧,https://www.pref.kyoto.jp/f-machi/hitoyasa.html,2026-09,1241,,
26,京都府,26100,京都市,伏見区,伏見桃山ホール,,,612-8015,桃山町和泉６－２,,,,no,,,,,,,,unknown,,unknown,,,,,,,,,,,,,,,,,,barrier_free_facility_list,京都府内のバリアフリー施設一覧,https://www.pref.kyoto.jp/f-machi/hitoyasa.html,2026-09,1242,,
26,京都府,26100,京都市,伏見区,洛王セレモニーふかくさ,,,612-8411,深草ヲカヤ町２２,,,,no,,,,,,,,unknown,,unknown,,,,,,,,,,,,,,,,,,barrier_free_facility_list,京都府内のバリアフリー施設一覧,https://www.pref.kyoto.jp/f-machi/hitoyasa.html,2026-09,1243,,
26,京都府,26100,京都市,伏見区,ＰＡＫＥＴ　新堀川店,,,612-8372,北端町７３,,,,no,,,,,,,,unknown,,unknown,,,,,,,,,,,,,,,,,,barrier_free_facility_list,京都府内のバリアフリー施設一覧,https://www.pref.kyoto.jp/f-machi/hitoyasa.html,2026-09,1244,,
26,京都府,26100,京都市,伏見区,京阪　伏見桃山駅,,,612-0073,両替町四丁目,,,http://www.keihan.co.jp/,yes,,,,,,,,yes,,no,,,,,,,,,,,,,,,,,,barrier_free_facility_list,京都府内のバリアフリー施設一覧,https://www.pref.kyoto.jp/f-machi/hitoyasa.html,2026-09,1245,,
26,京都府,26100,京都市,伏見区,京都市醍醐地域体育館,,,601-1375,醍醐高畑町３０番の１,,,http://www.kyoto-taiikukan.com/information/daigo/index.html,yes,,,,,,,,no,,no,,,,,,,,,,,,,,,,,,barrier_free_facility_list,京都府内のバリアフリー施設一覧,https://www.pref.kyoto.jp/f-machi/hitoyasa.html,2026-09,1246,,
26,京都府,26100,京都市,伏見区,京都市醍醐交流会館,,,601-1375,醍醐高畑町３０−１　パセオ・ダイゴロー西館２階,,,http://www.paseo-daigoro.co.jp/index.htm,yes,,,,,,,,no,,no,,,,,,,,,,,,,,,,,,barrier_free_facility_list,京都府内のバリアフリー施設一覧,https://www.pref.kyoto.jp/f-machi/hitoyasa.html,2026-09,1247,,おむつ換え用のベビーシートがあります。（女子用トイレ） ベビーキープがあります。（女子用トイレ） 幼児の遊び場があります。(ロビー内の幼児コーナー) 職員が受付で筆談に応じます。 視覚障害者誘導用のチャイムがあります。 外部との出入り口に点字ブロックがあります。
26,京都府,26100,京都市,伏見区,ドラッグユタカ向島店,,,612-8131,向島丸町１５－１,,,http://www.d-yutaka.co.jp/,yes,,,,,,,,no,,yes,,,,,,,,,,,,,,,,,,barrier_free_facility_list,京都府内のバリアフリー施設一覧,https://www.pref.kyoto.jp/f-machi/hitoyasa.html,2026-09,1248,,
26,京都府,26100,京都市,伏見区,ドラッグユタカ伏見西浦店,,,612-0029,深草西浦町五丁目４５番地３,,,http://www.d-yutaka.co.jp/,yes,,,,,,,,no,,yes,,,,,,,,,,,,,,,,,,barrier_free_facility_list,京都府内のバリアフリー施設一覧,https://www.pref.kyoto.jp/f-machi/hitoyasa.html,2026-09,1249,,
26,京都府,26100,京都市,伏見区,ドラッグユタカ醍醐店,,,601-1352,醍醐南里町12番地,,,http://www.d-yutaka.co.jp/,yes,,,,,,,,no,,yes,,,,,,,,,,,,,,,,,,barrier_free_facility_list,京都府内のバリアフリー施設一覧,https://www.pref.kyoto.jp/f-machi/hitoyasa.html,2026-09,1250,,
26,京都府,26100,京都市,伏見区,ドラッグユタカ伏見深草店,,,612-8436,深草新門丈町２５５,,,http://www.d-yutaka.co.jp/,yes,,,,,,,,no,,yes,,,,,,,,,,,,,,,,,,barrier_free_facility_list,京都府内のバリアフリー施設一覧,https://www.pref.kyoto.jp/f-machi/hitoyasa.html,2026-09,1251,,
26,京都府,26100,京都市,伏見区,京都府立京都高等技術専門校,,,612-8416,竹田流池町１２１－３,,,https://www.pref.kyoto.jp/kyokgs/,no,yes,各階,,,,yes,,yes,,,,,,,,,yes,yes,,,,,,,,,,barrier_free_facility_list,京都府内のバリアフリー施設一覧,https://www.pref.kyoto.jp/f-machi/hitoyasa.html,2026-09,1252,,
26,京都府,26100,京都市,伏見区,城南宮,,,612-8459,中島鳥羽離宮町７,,,http://www.jonangu.com/,yes,,,,,,,,no,,no,,,,,,,,,,,,,,,,,,barrier_free_facility_list,京都府内のバリアフリー施設一覧,https://www.pref.kyoto.jp/f-machi/hitoyasa.html,2026-09,1253,,
26,京都府,26100,京都市,伏見区,社会福祉法人　南山城学園,,,601-1426,日野西川頬４番地７,,,,no,,,,,,,,unknown,,unknown,,,,,,,,,,,,,,,,,,barrier_free_facility_list,京都府内のバリアフリー施設一覧,https://www.pref.kyoto.jp/f-machi/hitoyasa.html,2026-09,1254,,
26,京都府,26100,京都市,伏見区,京阪　墨染駅,,,612-0051,墨染町691番地,,,http://www.keihan.co.jp/,no,,,,,,,,no,,no,,,,,,,,,,,,,,,,,,barrier_free_facility_list,京都府内のバリアフリー施設一覧,https://www.pref.kyoto.jp/f-machi/hitoyasa.html,2026-09,1255,,手すり付トイレ有り
26,京都府,26100,京都市,伏見区,ユニクロ　伏見店,,,612-8454,竹田泓ノ川町１,,,,no,,,,,,,,unknown,,unknown,,,,,,,,,,,,,,,,,,barrier_free_facility_list,京都府内のバリアフリー施設一覧,https://www.pref.kyoto.jp/f-machi/hitoyasa.html,2026-09,1256,,
26,京都府,26100,京都市,伏見区,スーパーマツモト伏見店,,,612-8415,竹田中島町１００,,,,yes,,,,,,,,no,,yes,,,,,,,,,,,,,,,,,,barrier_free_facility_list,京都府内のバリアフリー施設一覧,https://www.pref.kyoto.jp/f-machi/hitoyasa.html,2026-09,1257,,
26,京都府,26100,京都市,伏見区,伏見東郵便局,,,601-1363,醍醐鍵尾町１－２,,,http://map.japanpost.jp/pc/syousai.php?id=300144014000,no,,,,,,,,unknown,,unknown,,,,,,,,,,,,,,,,,,barrier_free_facility_list,京都府内のバリアフリー施設一覧,https://www.pref.kyoto.jp/f-machi/hitoyasa.html,2026-09,1258,,
26,京都府,26100,京都市,伏見区,伏見土木事務所,,,612-8219,表町578,,,http://www.city.kyoto.lg.jp/kensetu/soshiki/10-2-11-0-0.html,no,,,,,,,,no,,no,,,,,,,,,,,,,,,,,,barrier_free_facility_list,京都府内のバリアフリー施設一覧,https://www.pref.kyoto.jp/f-machi/hitoyasa.html,2026-09,1259,,
26,京都府,26100,京都市,伏見区,深草総合庁舎（伏見区役所深草支所）,,,612-0861,深草向畑町９３－１,,,http://www.city.kyoto.lg.jp/fushimi/page/0000015501.html,yes,,,,,,,,yes,,yes,,,,,,,,,,,,,,,,,,barrier_free_facility_list,京都府内のバリアフリー施設一覧,https://www.pref.kyoto.jp/f-machi/hitoyasa.html,2026-09,1260,,
26,京都府,26100,京都市,伏見区,京都府伏見警察署,,,612-8384,下鳥羽浄春ヶ前町１０１,,,http://www.pref.kyoto.jp/fukei/,yes,yes,1,1,,,yes,no,no,no,yes,no,,,button,none,no,yes,yes,no,no,no,no,yes,no,no,no,no,barrier_free_facility_list,京都府内のバリアフリー施設一覧,https://www.pref.kyoto.jp/f-machi/hitoyasa.html,2026-09,1261,,筆談対応・車いす手押し介助・手引き介助・手話対応可。車いす対応トイレ・車いす対応公衆電話あり。
26,京都府,26100,京都市,伏見区,ドコモショップ伏見深草店,,,612-0022,深草綿森町３０－７,,,,no,,,,,,,,unknown,,unknown,,,,,,,,,,,,,,,,,,barrier_free_facility_list,京都府内のバリアフリー施設一覧,https://www.pref.kyoto.jp/f-machi/hitoyasa.html,2026-09,1262,,
26,京都府,26100,京都市,伏見区,コ・ス・パ桃山六地蔵,,,612-8002,桃山町山ノ下２４－８,,,,no,,,,,,,,unknown,,unknown,,,,,,,,,,,,,,,,,,barrier_free_facility_list,京都府内のバリアフリー施設一覧,https://www.pref.kyoto.jp/f-machi/hitoyasa.html,2026-09,1263,,
26,京都府,26100,京都市,伏見区,ネッツトヨタヤサカ桃山店,,,612-8015,桃山町和泉８－１,,,,no,,,,,,,,unknown,,unknown,,,,,,,,,,,,,,,,,,barrier_free_facility_list,京都府内のバリアフリー施設一覧,https://www.pref.kyoto.jp/f-machi/hitoyasa.html,2026-09,1264,,
26,京都府,26100,京都市,伏見区,伏見西浦郵便局,,,612-0029,深草西浦町３－６９,,,,no,,,,,,,,unknown,,unknown,,,,,,,,,,,,,,,,,,barrier_free_facility_list,京都府内のバリアフリー施設一覧,https://www.pref.kyoto.jp/f-machi/hitoyasa.html,2026-09,1265,,
26,京都府,26100,京都市,伏見区,府立京都すばる高等学校,,,612-8156,向島西定請１２０,,,,no,,,,,,,,unknown,,unknown,,,,,,,,,,,,,,,,,,barrier_free_facility_list,京都府内のバリアフリー施設一覧,https://www.pref.kyoto.jp/f-machi/hitoyasa.html,2026-09,1266,,
26,京都府,26100,京都市,伏見区,府立洛水高等学校,,,612-8283,横大路向ヒ１８,,,,no,,,,,,,,unknown,,unknown,,,,,,,,,,,,,,,,,,barrier_free_facility_list,京都府内のバリアフリー施設一覧,https://www.pref.kyoto.jp/f-machi/hitoyasa.html,2026-09,1267,,
26,京都府,26100,京都市,伏見区,府立東稜高等学校,,,601-1326,醍醐新町裏町２５－１,,,,no,,,,,,,,unknown,,unknown,,,,,,,,,,,,,,,,,,barrier_free_facility_list,京都府内のバリアフリー施設一覧,https://www.pref.kyoto.jp/f-machi/hitoyasa.html,2026-09,1268,,
26,京都府,26100,京都市,伏見区,府立桃山高等学校,,,612-0063,桃山毛利長門東町８,,,,no,,,,,,,,unknown,,unknown,,,,,,,,,,,,,,,,,,barrier_free_facility_list,京都府内のバリアフリー施設一覧,https://www.pref.kyoto.jp/f-machi/hitoyasa.html,2026-09,1269,,
26,京都府,26100,京都市,伏見区,伏見消防署,,,612-8422,竹田七瀬川町9-1,,,,no,,,,,,,,unknown,,unknown,,,,,,,,,,,,,,,,,,barrier_free_facility_list,京都府内のバリアフリー施設一覧,https://www.pref.kyoto.jp/f-machi/hitoyasa.html,2026-09,1270,,
26,京都府,26100,京都市,伏見区,伏見区総合庁舎,,,612-8062,鷹匠町３９－２,,,,no,,,,,,,,unknown,,unknown,,,,,,,,,,,,,,,,,,barrier_free_facility_list,京都府内のバリアフリー施設一覧,https://www.pref.kyoto.jp/f-machi/hitoyasa.html,2026-09,1271,,
26,京都府,26100,京都市,伏見区,伏見羽束師鴨川郵便局,,,612-8484,羽束師鴨川町１７－３,,,http://map.japanpost.jp/pc/syousai.php?id=300144410000,yes,,,,,,,,no,,no,,,,,,,,,,,,,,,,,,barrier_free_facility_list,京都府内のバリアフリー施設一覧,https://www.pref.kyoto.jp/f-machi/hitoyasa.html,2026-09,1272,,職員が筆談に応じます。 視覚障害者誘導用のチャイムがあります。 外部との出入り口に点字ブロックがあります。 点字パンフレットがあります。
26,京都府,26100,京都市,伏見区,醍醐寺霊宝館,,,601-1325,醍醐東大路町22,,,http://www.daigoji.or.jp/,yes,,,,,,,,no,,no,,,,,,,,,,,,,,,,,,barrier_free_facility_list,京都府内のバリアフリー施設一覧,https://www.pref.kyoto.jp/f-machi/hitoyasa.html,2026-09,1273,,
26,京都府,26100,京都市,伏見区,醍醐寺,,,601-1325,醍醐東大路町２２,,,http://www.daigoji.or.jp/,yes,,,,,,,,no,,no,,,,,,,,,,,,,,,,,,barrier_free_facility_list,京都府内のバリアフリー施設一覧,https://www.pref.kyoto.jp/f-machi/hitoyasa.html,2026-09,1274,,
26,京都府,26100,京都市,伏見区,醍醐三宝院,,,601-1325,醍醐東大路町２２,,,http://www.daigoji.or.jp/,yes,,,,,,,,no,,no,,,,,,,,,,,,,,,,,,barrier_free_facility_list,京都府内のバリアフリー施設一覧,https://www.pref.kyoto.jp/f-machi/hitoyasa.html,2026-09,1275,,
26,京都府,26100,京都市,伏見区,松ヶ崎記念病院,,,613-0916,淀美豆町1077番地,,,,yes,,,,,,,,no,,no,,,,,,,,,,,,,,,,,,barrier_free_facility_list,京都府内のバリアフリー施設一覧,https://www.pref.kyoto.jp/f-machi/hitoyasa.html,2026-09,1276,,
26,京都府,26100,京都市,伏見区,介護老人保健施設　京しみず,,,612-8486,羽束師古川町１１７番地,,,http://www.fushimi-shimizu.jp/,yes,,,,,,,,no,,yes,,,,,,,,,,,,,,,,,,barrier_free_facility_list,京都府内のバリアフリー施設一覧,https://www.pref.kyoto.jp/f-machi/hitoyasa.html,2026-09,1277,,
26,京都府,26100,京都市,伏見区,医療法人社団蘇生会　老人保健施設アールそせい,,,612-8473,下鳥羽広長町１０１番地,,,http://www.soseikai.or.jp/index.html,yes,,,,,,,,no,,no,,,,,,,,,,,,,,,,,,barrier_free_facility_list,京都府内のバリアフリー施設一覧,https://www.pref.kyoto.jp/f-machi/hitoyasa.html,2026-09,1278,,
26,京都府,26100,京都市,伏見区,医療法人社団蘇生会　老人保健施設第２アールそせい,,,612-8248,下鳥羽上三栖町１２９番,,,http://www.soseikai.or.jp/index.html,yes,,,,,,,,no,,no,,,,,,,,,,,,,,,,,,barrier_free_facility_list,京都府内のバリアフリー施設一覧,https://www.pref.kyoto.jp/f-machi/hitoyasa.html,2026-09,1279,,
26,京都府,26100,京都市,伏見区,京阪　六地蔵駅,,,612-8005,桃山町中島町２番地,,,http://www.keihan.co.jp/,no,,,,,,,,no,,no,,,,,,,,,,,,,,,,,,barrier_free_facility_list,京都府内のバリアフリー施設一覧,https://www.pref.kyoto.jp/f-machi/hitoyasa.html,2026-09,1280,,
26,京都府,26100,京都市,伏見区,京阪　桃山南口駅,,,612-8018,桃山町丹後１１番地,,,,yes,,,,,,,,yes,,no,,,,,,,,,,,,,,,,,,barrier_free_facility_list,京都府内のバリアフリー施設一覧,https://www.pref.kyoto.jp/f-machi/hitoyasa.html,2026-09,1281,,
26,京都府,26100,京都市,伏見区,京阪　観月橋駅,,,612-8106,豊後橋町７６１番地,,,http://www.keihan.co.jp/,yes,,,,,,,,no,,no,,,,,,,,,,,,,,,,,,barrier_free_facility_list,京都府内のバリアフリー施設一覧,https://www.pref.kyoto.jp/f-machi/hitoyasa.html,2026-09,1282,,
26,京都府,26100,京都市,伏見区,中書島蓬莱橋南詰公衆トイレ,,,612-8211,東柳町子楽園児童公園内,,,http://raku.city.kyoto.jp/kanko_top/toilet/toilet_10.html,yes,,,,,,,,no,,yes,,,,,,,,,,,,,,,,,,barrier_free_facility_list,京都府内のバリアフリー施設一覧,https://www.pref.kyoto.jp/f-machi/hitoyasa.html,2026-09,1283,,
26,京都府,26100,京都市,伏見区,ジョーシン電気伏見店,,,612-8208,下鳥羽但馬町101番地,,,http://shop.joshin.co.jp/,yes,,,,,,,,no,,yes,,,,,,,,,,,,,,,,,,barrier_free_facility_list,京都府内のバリアフリー施設一覧,https://www.pref.kyoto.jp/f-machi/hitoyasa.html,2026-09,1284,,
26,京都府,26100,京都市,伏見区,西友下鳥羽店,,,612-8393,下鳥羽渡瀬町101,,,http://www.seiyu.co.jp/,yes,,,,,,,,yes,,yes,,,,,,,,,,,,,,,,,,barrier_free_facility_list,京都府内のバリアフリー施設一覧,https://www.pref.kyoto.jp/f-machi/hitoyasa.html,2026-09,1285,,
26,京都府,26100,京都市,伏見区,ステーキハウスフォルクス伏見下鳥羽店,,,612-8471,下鳥羽長田町37,,,http://www.steak-don.co.jp/index.html,no,,,,,,,,no,,no,,,,,,,,,,,,,,,,,,barrier_free_facility_list,京都府内のバリアフリー施設一覧,https://www.pref.kyoto.jp/f-machi/hitoyasa.html,2026-09,1286,,
26,京都府,26100,京都市,伏見区,伏見墨染郵便局,,,612-0082,深草山村町１００６,,,http://map.japanpost.jp/pc/syousai.php?id=300144228000,no,,,,,,,,no,,no,,,,,,,,,,,,,,,,,,barrier_free_facility_list,京都府内のバリアフリー施設一覧,https://www.pref.kyoto.jp/f-machi/hitoyasa.html,2026-09,1287,,職員が窓口で筆談に応じます。
26,京都府,26100,京都市,伏見区,京阪　淀駅,,,613-0904,淀池上町174番地,,,http://www.keihan.co.jp/,yes,,,,,,,,yes,,no,,,,,,,,,,,,,,,,,,barrier_free_facility_list,京都府内のバリアフリー施設一覧,https://www.pref.kyoto.jp/f-machi/hitoyasa.html,2026-09,1288,,
26,京都府,26100,京都市,伏見区,京阪　中書島駅,,,612-8224,葭島矢倉町59番地,,,http://www.keihan.co.jp/,yes,,,,,,,,yes,,yes,,,,,,,,,,,,,,,,,,barrier_free_facility_list,京都府内のバリアフリー施設一覧,https://www.pref.kyoto.jp/f-machi/hitoyasa.html,2026-09,1289,,
26,京都府,26100,京都市,伏見区,京阪　丹波橋駅,,,612-0073,桃山筒井伊賀西町,,,http://www.keihan.co.jp/,yes,,,,,,,,yes,,yes,,,,,,,,,,,,,,,,,,barrier_free_facility_list,京都府内のバリアフリー施設一覧,https://www.pref.kyoto.jp/f-machi/hitoyasa.html,2026-09,1290,,
26,京都府,26100,京都市,伏見区,京阪　藤森駅,,,612-0027,深草極楽町764番地,,,http://www.keihan.co.jp/,yes,,,,,,,,yes,,no,,,,,,,,,,,,,,,,,,barrier_free_facility_list,京都府内のバリアフリー施設一覧,https://www.pref.kyoto.jp/f-machi/hitoyasa.html,2026-09,1291,,
26,京都府,26100,京都市,伏見区,京阪　深草駅,,,612-0015,深草ススハキ町38番地,,,http://www.keihan.co.jp/,no,,,,,,,,no,,no,,,,,,,,,,,,,,,,,,barrier_free_facility_list,京都府内のバリアフリー施設一覧,https://www.pref.kyoto.jp/f-machi/hitoyasa.html,2026-09,1292,,手すり付トイレ有り
26,京都府,26100,京都市,伏見区,京阪　伏見稲荷駅,,,612-0012,深草一坪町33番地,,,http://www.keihan.co.jp/,yes,,,,,,,,yes,,no,,,,,,,,,,,,,,,,,,barrier_free_facility_list,京都府内のバリアフリー施設一覧,https://www.pref.kyoto.jp/f-machi/hitoyasa.html,2026-09,1293,,
26,京都府,26100,京都市,北区,京都府立盲学校,,,603-8302,紫野花ノ坊町1,,,http://www.kyoto-be.ne.jp/mou-s/,,yes,1,1,,,yes,no,no,no,no,no,,,button,button,yes,yes,yes,no,no,no,no,,no,no,no,no,barrier_free_facility_list,京都府内のバリアフリー施設一覧,https://www.pref.kyoto.jp/f-machi/hitoyasa.html,2026-09,1294,,
26,京都府,26100,京都市,北区,京都信用金庫　鞍馬口支店,,,603-8151,小山下総町39番地4,,,http://www.kyoto-shinkin.co.jp,,,,,,,,,,,,,,,,,,,,,,,,,,,,,barrier_free_facility_list,京都府内のバリアフリー施設一覧,https://www.pref.kyoto.jp/f-machi/hitoyasa.html,2026-09,1295,,
26,京都府,26100,京都市,北区,メガネのアイガン　北山通小山店,,,603-8111,小山東元町25 鴨川北山橋ビル1F,,,http://www.aigan.co.jp,,no,,,,,,,,,,,,,,,no,yes,yes,no,no,no,no,no,no,no,no,no,barrier_free_facility_list,京都府内のバリアフリー施設一覧,https://www.pref.kyoto.jp/f-machi/hitoyasa.html,2026-09,1296,,
26,京都府,26100,京都市,北区,立命館大学国際平和ミュージアム,,,603-8577,等持院北町５６-1,,,https://www.ritsumeikan-wp-museum.jp/,yes,no,,,,,,,no,,no,,,,,,,,,,,,,,,,,,barrier_free_facility_list,京都府内のバリアフリー施設一覧,https://www.pref.kyoto.jp/f-machi/hitoyasa.html,2026-09,1297,,音声ガイドあり 展示解説は、英語、韓国語、中国語、韓国語の対応あり
26,京都府,26100,京都市,北区,洋服の青山　金閣寺店,,,603-8375,衣笠天神森町３６,,,,yes,yes,2,1,,,yes,no,no,no,no,no,,,button,none,yes,yes,yes,no,no,yes,no,no,no,no,no,no,barrier_free_facility_list,京都府内のバリアフリー施設一覧,https://www.pref.kyoto.jp/f-machi/hitoyasa.html,2026-09,1298,,登り用エスカレータ1台有り
26,京都府,26100,京都市,北区,ドコモショップ　北野白梅町店,,,603-8324,北野紅梅町88,,,https://www.nttdocomo.co.jp,yes,yes,1,,,,no,no,no,no,yes,no,,,button,none,unknown,unknown,unknown,unknown,unknown,unknown,unknown,no,no,no,yes,yes,barrier_free_facility_list,京都府内のバリアフリー施設一覧,https://www.pref.kyoto.jp/f-machi/hitoyasa.html,2026-09,1299,,
26,京都府,26100,京都市,北区,ビジョンメガネ　北山元町店,,,603-8112,小山元町49-3　セードル北山1Ｆ,,,http://www.vision-megane.co.jp/search/3/118,no,no,,,,,,,no,no,no,no,,,,,,,,,,,,,no,no,no,no,barrier_free_facility_list,京都府内のバリアフリー施設一覧,https://www.pref.kyoto.jp/f-machi/hitoyasa.html,2026-09,1300,,ＣＬ取り扱い有り
26,京都府,26100,京都市,北区,冨田病院,,,603-8132,小山下内河原町５６,,,http://www.kyoto-hakuaikai.or.jp/tomita/,yes,yes,1,1,,,yes,no,no,no,yes,no,,,sensor,button,yes,yes,yes,no,no,no,no,yes,no,no,no,no,barrier_free_facility_list,京都府内のバリアフリー施設一覧,https://www.pref.kyoto.jp/f-machi/hitoyasa.html,2026-09,1301,,
26,京都府,26100,京都市,北区,デイリーカナートイズミヤ千本北大路店,,,603-8234,紫野下若草町12-2,,,http://www.izumiya.co.jp/shop/kansai/kyoto/027_info.php,yes,no,,,,,unknown,unknown,unknown,unknown,unknown,unknown,,,none,button,unknown,unknown,unknown,unknown,unknown,unknown,unknown,unknown,unknown,unknown,unknown,no,barrier_free_facility_list,京都府内のバリアフリー施設一覧,https://www.pref.kyoto.jp/f-machi/hitoyasa.html,2026-09,1302,,※赤ちゃんルーム　なし
26,京都府,26100,京都市,北区,イズミヤ　白梅町店,,,603-8326,北野下白梅町６－１,,,http://www.izumiya.co.jp/shop/kansai/kyoto/076_info.php,yes,no,,,,,,,no,,unknown,,,,,,,,,,,,,,,,,yes,barrier_free_facility_list,京都府内のバリアフリー施設一覧,https://www.pref.kyoto.jp/f-machi/hitoyasa.html,2026-09,1303,,※赤ちゃんルーム　あり ※車いす対応エレベーター　あり
26,京都府,26100,京都市,北区,京都紫竹郵便局,,,603-8208,紫竹西桃ノ本町２－２,,,,no,no,,,,,,,unknown,,unknown,,,,,,,,,,,,,no,no,no,no,no,barrier_free_facility_list,京都府内のバリアフリー施設一覧,https://www.pref.kyoto.jp/f-machi/hitoyasa.html,2026-09,1304,,
26,京都府,26100,京都市,北区,スーパーマツモト　北山店,,,603-8433,紫築北栗栖町5番,,,,yes,yes,1,1,,,yes,unknown,yes,unknown,yes,yes,,,button,button,yes,unknown,unknown,unknown,unknown,unknown,unknown,no,no,no,no,no,barrier_free_facility_list,京都府内のバリアフリー施設一覧,https://www.pref.kyoto.jp/f-machi/hitoyasa.html,2026-09,1305,,
26,京都府,26100,京都市,北区,レクサス北大路,,,603-8302,紫野花ノ坊町15番地,,,http://lexus.jp/lexus-dealer/dc/info/2525/,yes,yes,1,1,,,yes,no,no,no,yes,yes,,,sensor,button,yes,yes,yes,no,no,no,no,no,no,no,yes,yes,barrier_free_facility_list,京都府内のバリアフリー施設一覧,https://www.pref.kyoto.jp/f-machi/hitoyasa.html,2026-09,1306,,
26,京都府,26100,京都市,北区,島津アリーナ京都（京都府立体育館）,,,603-8334,大将軍鷹司町,,,http://www.kyoto-furitutaiikukan.jp/,yes,yes,1.2,2,2,2,yes,no,yes,no,yes,yes,,,button,button,yes,yes,yes,no,yes,no,yes,no,no,no,yes,no,barrier_free_facility_list,京都府内のバリアフリー施設一覧,https://www.pref.kyoto.jp/f-machi/hitoyasa.html,2026-09,1307,,観客席に車いすスペースが１１席あります。  筆談対応・車いす介助（要事前連絡）・手引き介助（要事前連絡）可。 聴障者用緊急通報装置あり。 FAXの利用は有料。 スロープを上った右にドアがあり、そのドアを入って右側に受付窓口があります。
26,京都府,26100,京都市,北区,京都市北図書館,,,603-8214,紫野雲林院町４４-１　京都市北合同福祉センター２階,,,https://www2.kyotocitylib.jp/北図書館/,yes,yes,2,1,,,yes,no,no,no,yes,no,,,lever,button,yes,yes,yes,no,no,no,no,unknown,no,yes,yes,no,barrier_free_facility_list,京都府内のバリアフリー施設一覧,https://www.pref.kyoto.jp/f-machi/hitoyasa.html,2026-09,1308,,
26,京都府,26100,京都市,北区,公益社　北ブライトホール,,,603-8158,紫野宮西町34,,,http://www.koekisha-kyoto.com/,yes,yes,1,1,,,yes,no,no,no,yes,no,,,button,none,yes,yes,yes,no,yes,no,no,no,no,no,no,no,barrier_free_facility_list,京都府内のバリアフリー施設一覧,https://www.pref.kyoto.jp/f-machi/hitoyasa.html,2026-09,1309,,
26,京都府,26100,京都市,北区,京都府立山城高等学校,,,603-8335,大将軍坂田町29番地,,,http://www.kyoto-be.ne.jp/yamashiro-hs/mt/,yes,yes,,2,,,yes,no,no,no,no,no,,,sensor,button,yes,yes,yes,no,no,no,no,yes,unknown,unknown,unknown,unknown,barrier_free_facility_list,京都府内のバリアフリー施設一覧,https://www.pref.kyoto.jp/f-machi/hitoyasa.html,2026-09,1310,,
26,京都府,26100,京都市,北区,京都市北文化会館,,,603-8142,小山北上総町４９−２,,,https://www.kyoto-ongeibun.jp/kita/,yes,yes,"1,2,3",,3,3,no,no,no,no,no,yes,,,button,button,yes,yes,yes,no,yes,no,yes,no,no,no,yes,no,barrier_free_facility_list,京都府内のバリアフリー施設一覧,https://www.pref.kyoto.jp/f-machi/hitoyasa.html,2026-09,1311,,"・職員が窓口で筆談に応じます。磁気ループ設備があります。 ・車いすの方は通路で見ていただきます。 ・視覚障害者誘導用のチャイムがあります。各階案内図、階段手すり、各部屋の前に点字表示があります。 ・おむつ交換スペースは、1,2,3階女子トイレにあります。"
26,京都府,26100,京都市,北区,京都府立清明高等学校,,,603-8163,小山南大野町,,,,yes,yes,,3,0,0,yes,no,yes,no,no,yes,,,button,button,yes,yes,yes,no,no,no,no,no,no,no,no,no,barrier_free_facility_list,京都府内のバリアフリー施設一覧,https://www.pref.kyoto.jp/f-machi/hitoyasa.html,2026-09,1312,,
26,京都府,26100,京都市,北区,京都銀行紫野支店,,,603-8158,紫野宮西町１６－２,,,http://www.kyotobank.co.jp/,no,,,,,,,,no,,no,,,,,,,,,,,,,,,,,,barrier_free_facility_list,京都府内のバリアフリー施設一覧,https://www.pref.kyoto.jp/f-machi/hitoyasa.html,2026-09,1313,,音声案内：店舗入口に「音声誘導チャイム(店舗の場所をチャイムとアナウンスで知らせる装置)」が設置されています。 ATMは全台、視覚障がい者が音声ガイダンスに従ってご利用できるものとなっています。
26,京都府,26100,京都市,北区,京都銀行金閣寺支店,,,603-8376,衣笠北天神森町28番地,,,http://www.kyotobank.co.jp/,no,,,,,,,,no,,no,,,,,,,,,,,,,,,,,,barrier_free_facility_list,京都府内のバリアフリー施設一覧,https://www.pref.kyoto.jp/f-machi/hitoyasa.html,2026-09,1314,,ATMは全台、視覚障がい者が音声ガイダンスに従ってご利用できるものとなっています。
26,京都府,26100,京都市,北区,ファミリーマート　北山栗栖町店,,,603-8435,紫竹栗栖町49-3,,,,no,,,,,,,,no,,unknown,,,,,,,,,,,,,,,,,,barrier_free_facility_list,京都府内のバリアフリー施設一覧,https://www.pref.kyoto.jp/f-machi/hitoyasa.html,2026-09,1315,,
26,京都府,26100,京都市,北区,ファミリーマート　京都原谷店,,,603-8487,大北山原谷乾町207番地1,,,,no,,,,,,,,no,,unknown,,,,,,,,,,,,,,,,,,barrier_free_facility_list,京都府内のバリアフリー施設一覧,https://www.pref.kyoto.jp/f-machi/hitoyasa.html,2026-09,1316,,
26,京都府,26100,京都市,北区,ファミリ－マート　佛教大学前店,,,603-8245,京都市北区紫野西蓮台野町73,,,,yes,,,,,,,,no,,unknown,,,,,,,,,,,,,,,,,,barrier_free_facility_list,京都府内のバリアフリー施設一覧,https://www.pref.kyoto.jp/f-machi/hitoyasa.html,2026-09,1317,,
26,京都府,26100,京都市,北区,大宮交通公園,,,603-8432,大宮西脇台町17,,,http://www.kyotopublic.or.jp,no,,,,,,,,unknown,,unknown,,,,,,,,,,,,,,,,,,barrier_free_facility_list,京都府内のバリアフリー施設一覧,https://www.pref.kyoto.jp/f-machi/hitoyasa.html,2026-09,1318,,
26,京都府,26100,京都市,北区,セレマあんしん祭典　堀川家族葬ホール,,,603-8165,紫野西御所田町３９,,,,yes,,,,,,,,no,,no,,,,,,,,,,,,,,,,,,barrier_free_facility_list,京都府内のバリアフリー施設一覧,https://www.pref.kyoto.jp/f-machi/hitoyasa.html,2026-09,1319,,
26,京都府,26100,京都市,北区,京都府立堂本印象美術館,,,603-8355,平野上柳町26-3,,,https://insho-domoto.com,yes,yes,1,1,,,yes,no,yes,no,no,no,,,other,button,no,yes,yes,no,no,no,no,yes,yes,yes,no,yes,barrier_free_facility_list,京都府内のバリアフリー施設一覧,https://www.pref.kyoto.jp/f-machi/hitoyasa.html,2026-09,1320,,電動車いすOK、介護者があればゆっくり鑑賞できます
26,京都府,26100,京都市,北区,京都生活協同組合　コープきぬがさ,,,603-8352,平野宮北町２３番地,,,http://www.kyoto.coop/,yes,,,,,,,,no,,yes,,,,,,,,,,,,,,,,,,barrier_free_facility_list,京都府内のバリアフリー施設一覧,https://www.pref.kyoto.jp/f-machi/hitoyasa.html,2026-09,1321,,・京都コープ全店にて、相談インターホン、車いす専用レジ、高齢者・障がい者の買物介添えサービス、「認知症あんしんサポーター」の研修を受けた職員が配置されています。  ・個人宅配サービスでは、高齢者・障害者配達手数料割引きを実施。各自治体と配送時の「見守り協定」締結、「こども１１０番」活動にも参加しています。お問合せ先「組合員コールセンター０１２０－１１－２８００」
26,京都府,26100,京都市,北区,北部土木みどり事務所,,,603-8431,大宮東脇台町8,,,,no,,,,,,,,unknown,,unknown,,,,,,,,,,,,,,,,,,barrier_free_facility_list,京都府内のバリアフリー施設一覧,https://www.pref.kyoto.jp/f-machi/hitoyasa.html,2026-09,1322,,
26,京都府,26100,京都市,北区,京都市北青少年活動センター,,,603-8165,紫野西御所田町５６番地 北区総合庁舎西庁舎３・４階（京都市北区役所西隣）,,,http://www.ys-kyoto.org/kita,yes,,,,,,,,no,,no,,,,,,,,,,,,,,,,,,barrier_free_facility_list,京都府内のバリアフリー施設一覧,https://www.pref.kyoto.jp/f-machi/hitoyasa.html,2026-09,1323,,１階入口入って左のトイレ、車いす用、男子用、女子用トイレにおむつ換え用のベビーシートがあります。 女トイレ内にベビーキープがあります。 職員が受付で筆談に応じます。 ファックス送信サービス（有料）あります。 視覚障害者誘導用のチャイムがあります。 外部との出入り口に点字ブロックがあります。  防音・ドラムセット・アンプ・録音機材など、設備の整った 音楽スタジオを開設しました。バンド練習に最適。（有料）
26,京都府,26100,京都市,北区,鹿苑寺（通称　金閣寺）,,,603-8361,金閣寺町1,,,http://www.shokoku-ji.or.jp/kinkakuji/,no,,,,,,,,no,,no,,,,,,,,,,,,,,,,,,barrier_free_facility_list,京都府内のバリアフリー施設一覧,https://www.pref.kyoto.jp/f-machi/hitoyasa.html,2026-09,1324,,
26,京都府,26100,京都市,北区,ＪＡ京都市大宮支店,,,603-8217,紫野上門前町10,,,http://www.jabankkyoto.or.jp/（JAバンク京都のホームページ）,no,,,,,,,,no,,no,,,,,,,,,,,,,,,,,,barrier_free_facility_list,京都府内のバリアフリー施設一覧,https://www.pref.kyoto.jp/f-machi/hitoyasa.html,2026-09,1325,,職員がカウンター窓口で筆談に応じます。 外部との出入り口に点字ブロックがあります。
26,京都府,26100,京都市,北区,ドラッグひかり西賀茂店,,,621-0815,西賀茂大道口町８０−３,,,http://www.drug-hikari.co.jp/,no,,,,,,,,no,,no,,,,,,,,,,,,,,,,,,barrier_free_facility_list,京都府内のバリアフリー施設一覧,https://www.pref.kyoto.jp/f-machi/hitoyasa.html,2026-09,1326,,
26,京都府,26100,京都市,北区,船岡山公園（下）　公衆トイレ,,,603-8227,紫野北舟岡町,,,,yes,,,,,,,,no,,no,,,,,,,,,,,,,,,,,,barrier_free_facility_list,京都府内のバリアフリー施設一覧,https://www.pref.kyoto.jp/f-machi/hitoyasa.html,2026-09,1327,,
26,京都府,26100,京都市,北区,船岡山公園（上）　公衆トイレ,,,603-8227,紫野北舟岡町,,,,yes,,,,,,,,no,,no,,,,,,,,,,,,,,,,,,barrier_free_facility_list,京都府内のバリアフリー施設一覧,https://www.pref.kyoto.jp/f-machi/hitoyasa.html,2026-09,1328,,
26,京都府,26100,京都市,北区,京都市営地下鉄　北大路駅,,,603-8142,小山北上総町,,,http://www.city.kyoto.lg.jp/kotsu/page/0000009393.html,yes,,,,,,,,yes,,yes,,,,,,,,,,,,,,,,,,barrier_free_facility_list,京都府内のバリアフリー施設一覧,https://www.pref.kyoto.jp/f-machi/hitoyasa.html,2026-09,1329,,改札口は北と南に2ヶ所あります。北改札口は無人ですが，インターホンとモニターテレビで駅職員と連絡できます。  身体障害者手帳をお持ちの方は駅職員に提示してください。  駅職員が筆談に応じます。コンコース階の南改札口外に売店があります。  バスターミナル内に市バス・地下鉄案内所があります。
26,京都府,26100,京都市,北区,京都市営地下鉄　北山駅,,,603-8053,上賀茂岩ヶ垣内町,,,http://www.city.kyoto.lg.jp/kotsu/page/0000009363.html,yes,,,,,,,,no,,yes,,,,,,,,,,,,,,,,,,barrier_free_facility_list,京都府内のバリアフリー施設一覧,https://www.pref.kyoto.jp/f-machi/hitoyasa.html,2026-09,1330,,身体障害者手帳をお持ちの方は駅職員に提示してください。  コンコース階の改札口外に売店があります。  駅職員が筆談に応じます。
26,京都府,26100,京都市,北区,京都市営地下鉄　松ヶ崎駅,,,606-0915,松ヶ崎六ノ坪町,,,http://www.city.kyoto.lg.jp/kotsu/page/0000009347.html,yes,,,,,,,,no,,yes,,,,,,,,,,,,,,,,,,barrier_free_facility_list,京都府内のバリアフリー施設一覧,https://www.pref.kyoto.jp/f-machi/hitoyasa.html,2026-09,1331,,身体障害者手帳をお持ちの方は駅職員に提示してください。  駅職員が筆談に応じます。
26,京都府,26100,京都市,北区,北区役所西庁舎（北保健センター）,,,603-8165,紫野西御所田町56,,,http://www.city.kyoto.lg.jp/kita/,no,,,,,,,,no,,yes,,,,,,,,,,,,,,,,,,barrier_free_facility_list,京都府内のバリアフリー施設一覧,https://www.pref.kyoto.jp/f-machi/hitoyasa.html,2026-09,1332,,筆談対応・車いす手押し介助・手引き介助可。 車いす対応トイレあり。 正面入り口を入ってまっすぐに受付カウンターがあります。 ＊北青少年活動センター（http://www.ys-kyoto.org/kita/）が3階・4階にあります。
26,京都府,26100,京都市,北区,京都信用金庫　紫竹支店,,,603-8434,紫竹東栗栖町３５番地１,,,http://www.kyoto-shinkin.co.jp/,yes,,,,,,,,yes,,no,,,,,,,,,,,,,,,,,,barrier_free_facility_list,京都府内のバリアフリー施設一覧,https://www.pref.kyoto.jp/f-machi/hitoyasa.html,2026-09,1333,,
26,京都府,26100,京都市,北区,京都信用金庫　北大路支店,,,603-8214,紫野雲林院町４０番地,,,http://www.kyoto-shinkin.co.jp/,yes,,,,,,,,no,,yes,,,,,,,,,,,,,,,,,,barrier_free_facility_list,京都府内のバリアフリー施設一覧,https://www.pref.kyoto.jp/f-machi/hitoyasa.html,2026-09,1334,,
26,京都府,26100,京都市,北区,児童養護施設　京都聖嬰会,,,603-8456,衣笠西尊上院町２２,,,,no,,,,,,,,no,,no,,,,,,,,,,,,,,,,,,barrier_free_facility_list,京都府内のバリアフリー施設一覧,https://www.pref.kyoto.jp/f-machi/hitoyasa.html,2026-09,1335,,
26,京都府,26100,京都市,北区,カトリック衣笠教会,,,603-8378,衣笠御所ノ内町４,,,,no,,,,,,,,unknown,,unknown,,,,,,,,,,,,,,,,,,barrier_free_facility_list,京都府内のバリアフリー施設一覧,https://www.pref.kyoto.jp/f-machi/hitoyasa.html,2026-09,1336,,
26,京都府,26100,京都市,北区,京都北郵便局,,,603-8115,紫竹下本町３９,,,http://map.japanpost.jp/pc/syousai.php?id=300144299000,no,,,,,,,,no,,no,,,,,,,,,,,,,,,,,,barrier_free_facility_list,京都府内のバリアフリー施設一覧,https://www.pref.kyoto.jp/f-machi/hitoyasa.html,2026-09,1337,,正面入口を入って右に曲がり、自動扉を入って左に受付があります。 筆談対応可。
26,京都府,26100,京都市,北区,京都府北警察署,,,603-8202,紫竹東桃ノ本町25番地,,,http://www.pref.kyoto.jp/fukei/,no,yes,1,1,,,yes,no,no,no,no,no,,,button,button,yes,yes,yes,no,no,no,no,yes,no,no,no,no,barrier_free_facility_list,京都府内のバリアフリー施設一覧,https://www.pref.kyoto.jp/f-machi/hitoyasa.html,2026-09,1338,,インターホン、点字ブロックあり 筆談対応可、車いす手押し介助・手引き介助可
26,京都府,26100,京都市,北区,北区役所本庁舎,,,603-8511,紫野東御所田町33－1,,,http://www.city.kyoto.lg.jp/kita/,no,,,,,,,,yes,,yes,,,,,,,,,,,,,,,,,,barrier_free_facility_list,京都府内のバリアフリー施設一覧,https://www.pref.kyoto.jp/f-machi/hitoyasa.html,2026-09,1339,,筆談対応・車いす手押し介助・手引き介助可。車いす対応トイレ、車いす対応公衆電話あり。 中央入口を入って左に曲がり、すぐ右に市民窓口課の受付カウンターがあります。 ＊北福祉事務所は1階東側にあります。
26,京都府,26100,京都市,北区,京都小山初音郵便局,,,603-8172,小山初音町５０,,,http://map.japanpost.jp/pc/syousai.php?id=300144260000,yes,,,,,,,,no,,no,,,,,,,,,,,,,,,,,,barrier_free_facility_list,京都府内のバリアフリー施設一覧,https://www.pref.kyoto.jp/f-machi/hitoyasa.html,2026-09,1340,,
26,京都府,26100,京都市,北区,神山ホール,,,603-8555,上賀茂本山,,,,yes,,,,,,,,no,,no,,,,,,,,,,,,,,,,,,barrier_free_facility_list,京都府内のバリアフリー施設一覧,https://www.pref.kyoto.jp/f-machi/hitoyasa.html,2026-09,1341,,職員が受付で筆談に応じます。
26,京都府,26100,京都市,北区,介護老人保健施設　ライブリィきぬかけ,,,603-8487,大北山原谷乾町１２７番地１,,,http://www.nananokai.com/shisetsu/,yes,,,,,,,,no,,no,,,,,,,,,,,,,,,,,,barrier_free_facility_list,京都府内のバリアフリー施設一覧,https://www.pref.kyoto.jp/f-machi/hitoyasa.html,2026-09,1342,,
26,京都府,26100,京都市,北区,医療法人　明生会　賀茂病院,,,603-8434,紫竹東栗栖町43,,,https://www.kamo-hp.or.jp,yes,yes,1.2.3,3,0,0,yes,no,no,no,no,no,,,sensor,button,yes,yes,yes,no,no,no,no,yes,no,no,no,no,barrier_free_facility_list,京都府内のバリアフリー施設一覧,https://www.pref.kyoto.jp/f-machi/hitoyasa.html,2026-09,1343,,
26,京都府,26100,京都市,北区,京福　等持院駅,,,603-8346,等持院北町63,,,http://randen.keifuku.co.jp/map/20.html,no,,,,,,,,no,,no,,,,,,,,,,,,,,,,,,barrier_free_facility_list,京都府内のバリアフリー施設一覧,https://www.pref.kyoto.jp/f-machi/hitoyasa.html,2026-09,1344,,スロープあり。
26,京都府,26100,京都市,北区,ロイヤルホスト北山店,,,603-8053,上賀茂岩ヶ垣内町110-1,,,http://www.royalhost.jp/index.php,yes,,,,,,,,no,,yes,,,,,,,,,,,,,,,,,,barrier_free_facility_list,京都府内のバリアフリー施設一覧,https://www.pref.kyoto.jp/f-machi/hitoyasa.html,2026-09,1345,,
26,京都府,26100,京都市,北区,ステーキハウスフォルクス北山通店,,,603-8054,上賀茂桜井町34-1,,,http://www.steak-don.co.jp/index.html,no,,,,,,,,no,,yes,,,,,,,,,,,,,,,,,,barrier_free_facility_list,京都府内のバリアフリー施設一覧,https://www.pref.kyoto.jp/f-machi/hitoyasa.html,2026-09,1346,,
26,京都府,26208,向日市,,ドラッグユタカ　向日上植野店,,,617-0006,上植野町下川原1番8,,,http://www.d-yutaka.co.jp/,yes,yes,1,,1,1,yes,yes,no,no,yes,yes,,,sensor,button,yes,yes,yes,no,yes,no,yes,no,no,no,yes,no,barrier_free_facility_list,京都府内のバリアフリー施設一覧,https://www.pref.kyoto.jp/f-machi/hitoyasa.html,2026-09,1347,,
26,京都府,26208,向日市,,メガネの三城　上植野店,,,617-0006,上植野町南淀井9-1,,,http://store.paris-miki.co.jp,no,no,,,,,unknown,unknown,unknown,unknown,unknown,unknown,,,unknown,unknown,no,unknown,yes,no,no,no,no,no,no,no,no,no,barrier_free_facility_list,京都府内のバリアフリー施設一覧,https://www.pref.kyoto.jp/f-machi/hitoyasa.html,2026-09,1348,,
26,京都府,26208,向日市,,洋服の青山　京都桂川店,,,617-0002,寺戸町八ノ坪118番地,,,,yes,yes,1,1,,,yes,no,no,no,no,no,,,button,none,yes,yes,yes,no,no,no,no,no,no,no,no,no,barrier_free_facility_list,京都府内のバリアフリー施設一覧,https://www.pref.kyoto.jp/f-machi/hitoyasa.html,2026-09,1349,,
26,京都府,26208,向日市,,JR　向日町駅,,,617-0002,寺戸町久々相,,,http://www.jr-odekake.net/eki/top.php?id=0610119,no,no,,,,,,,unknown,,unknown,,,,,,,,,,,,,,,,,,barrier_free_facility_list,京都府内のバリアフリー施設一覧,https://www.pref.kyoto.jp/f-machi/hitoyasa.html,2026-09,1350,,詳しくは上記ホームページをご参照ください。
26,京都府,26208,向日市,,乙訓ひまわり園,,,617-0006,上植野町五ノ坪11-1,,,http://himawarien.net,yes,no,,,,,yes,,no,,yes,yes,,,button,none,yes,yes,yes,,,,,no,no,yes,yes,no,barrier_free_facility_list,京都府内のバリアフリー施設一覧,https://www.pref.kyoto.jp/f-machi/hitoyasa.html,2026-09,1351,,
26,京都府,26208,向日市,,向日町簡易裁判所,,,617-0004,鶏冠井町西金村５－２,,,https://www.courts.go.jp/kyoto/about_tiho/syozai/index.html,yes,yes,,,,,,,yes,,yes,,,,,,,,,,,yes,yes,,,no,,,barrier_free_facility_list,京都府内のバリアフリー施設一覧,https://www.pref.kyoto.jp/f-machi/hitoyasa.html,2026-09,1352,,
26,京都府,26208,向日市,,ネッツトヨタヤサカ　桂川店,,,617-0002,寺戸町寺田50-4,,,http://www.netz-yasaka.com,yes,yes,1,1,,,yes,no,no,no,yes,no,,,sensor,button,yes,yes,yes,no,no,yes,yes,no,no,yes,yes,yes,barrier_free_facility_list,京都府内のバリアフリー施設一覧,https://www.pref.kyoto.jp/f-machi/hitoyasa.html,2026-09,1353,,
26,京都府,26208,向日市,,上植野浄水場,,,617-0006,上植野町久我田１７－１,,,http://www.city.muko.kyoto.jp/,no,no,,,,,,,no,,no,,,,,,no,yes,yes,unknown,unknown,unknown,unknown,yes,no,no,no,no,barrier_free_facility_list,京都府内のバリアフリー施設一覧,https://www.pref.kyoto.jp/f-machi/hitoyasa.html,2026-09,1354,,
26,京都府,26208,向日市,,向日市老人福祉センター　琴の橋,,,617-0002,寺戸町三ノ坪20,,,https://www.city.muko.kyoto.jp/kurashi/kenko_hoken/fukushi/5/1449541364508.html,yes,yes,2,,1,1,yes,no,no,no,no,no,,,button,button,yes,yes,yes,no,no,no,no,yes,no,no,no,no,barrier_free_facility_list,京都府内のバリアフリー施設一覧,https://www.pref.kyoto.jp/f-machi/hitoyasa.html,2026-09,1355,,
26,京都府,26208,向日市,,向日市老人福祉センター　桜の径,,,617-0006,上植野町南開66-1,,,https://www.city.muko.kyoto.jp/kurashi/kenko_hoken/fukushi/5/1449541364508.html,yes,yes,1,0,,,yes,no,no,no,no,no,,,button,button,yes,yes,yes,no,no,no,no,yes,no,no,no,no,barrier_free_facility_list,京都府内のバリアフリー施設一覧,https://www.pref.kyoto.jp/f-machi/hitoyasa.html,2026-09,1356,,
26,京都府,26208,向日市,,京都トヨタ自動車　(株)　桂川洛西店,,,617-0002,寺戸町寺田50-3,,,http://kyoto-toyota.jp,yes,yes,1,1,1,1,yes,yes,yes,yes,yes,yes,,,sensor,button,yes,yes,yes,no,no,yes,yes,no,no,yes,yes,yes,barrier_free_facility_list,京都府内のバリアフリー施設一覧,https://www.pref.kyoto.jp/f-machi/hitoyasa.html,2026-09,1357,,
26,京都府,26208,向日市,,京都向日町競輪場（自転車競技事務所 ）,,,617-0002,寺戸町西ノ段５,,,http://www.mukomachikeirin.com/,yes,yes,,,,,no,no,no,no,yes,yes,,,sensor,none,no,yes,yes,no,no,no,no,no,no,no,yes,no,barrier_free_facility_list,京都府内のバリアフリー施設一覧,https://www.pref.kyoto.jp/f-machi/hitoyasa.html,2026-09,1358,,
26,京都府,26208,向日市,,向日市天文館,,,617-0005,向日町南山８２－１,,,http://www.city.muko.kyoto.jp/kurashi/tenmonkan/,yes,yes,1,1,,,no,no,no,no,no,no,,,button,button,yes,no,no,no,no,no,no,no,no,no,no,no,barrier_free_facility_list,京都府内のバリアフリー施設一覧,https://www.pref.kyoto.jp/f-machi/hitoyasa.html,2026-09,1359,,
26,京都府,26208,向日市,,京都府立向陽高等学校,,,617-0006,上植野町西大田,,,http://www.kyoto-be.ne.jp/kouyou-hs/,yes,yes,1,1,,,yes,,unknown,,unknown,,,,sensor,button,yes,yes,yes,,,,,no,no,no,no,no,barrier_free_facility_list,京都府内のバリアフリー施設一覧,https://www.pref.kyoto.jp/f-machi/hitoyasa.html,2026-09,1360,,
26,京都府,26208,向日市,,向日市民体育館,,,617-0003,森本町小柳23番地の１,,,https://mukosca.jp/,yes,yes,1，2,2,1,1,yes,no,no,no,yes,no,,,button,button,yes,yes,yes,no,no,yes,yes,no,no,no,yes,no,barrier_free_facility_list,京都府内のバリアフリー施設一覧,https://www.pref.kyoto.jp/f-machi/hitoyasa.html,2026-09,1361,,2階観覧席へは階段昇降機をご利用ください。 西入口（自動扉）右横に、インターホンの設置有。 多目的トイレは、１階男女共用２、２階男女別各１あります。
26,京都府,26208,向日市,,向日市福祉会館,,,617-0002,寺戸町西野辺１番地７,,,http://muko-shakyo.or.jp/,yes,yes,2，3,2,,,yes,no,yes,no,no,no,,,lever,button,yes,yes,yes,no,no,yes,no,yes,no,no,no,no,barrier_free_facility_list,京都府内のバリアフリー施設一覧,https://www.pref.kyoto.jp/f-machi/hitoyasa.html,2026-09,1362,,点字室名標示板、蝕知識館内案内板、磁気誘導ループ、音声アナウンス付避難設備 オストメイト設備は３階のみ。手すり付き男子用トイレは２階のみ。 駐車場は地下にあるため、エレベーターを使用ください。
26,京都府,26208,向日市,,向日市立図書館,,,617-0002,寺戸町南垣内40-1,,,http://www.library.muko.kyoto.jp/,yes,yes,1,1,,,no,no,no,no,no,no,,,lever,button,yes,no,no,no,no,no,no,no,no,no,no,no,barrier_free_facility_list,京都府内のバリアフリー施設一覧,https://www.pref.kyoto.jp/f-machi/hitoyasa.html,2026-09,1363,,ベビーベッドは、男性用トイレと女性用トイレ間の通路に１台あります。 自動ドアの誘導装置あり。 授乳スペースについては、申し出があった場合、空き部屋を使用いただきます。 一般駐車場は、市役所の駐車場をご利用ください。そのため、駐車場から建物入口までは、公道を歩いていただくことになります。
26,京都府,26208,向日市,,向日市健康増進センター(ゆめパレアむこう),,,617-0004,鶏冠井町上古8-1,,,http://www.ogsports.co.jp,yes,yes,1,,1,1,yes,no,no,no,yes,no,,,sensor,button,yes,yes,yes,no,no,no,no,no,no,no,no,no,barrier_free_facility_list,京都府内のバリアフリー施設一覧,https://www.pref.kyoto.jp/f-machi/hitoyasa.html,2026-09,1364,,
26,京都府,26208,向日市,,（株）スズキ自販京都アリーナ京都桂川,,,617-0002,寺戸町寺田50-2,,,,yes,,,,,,,,unknown,,yes,,,,,,,,,,,,,,,,,,barrier_free_facility_list,京都府内のバリアフリー施設一覧,https://www.pref.kyoto.jp/f-machi/hitoyasa.html,2026-09,1365,,
26,京都府,26208,向日市,,京都府乙訓総合庁舎,,,617-0006,上植野町馬立8,,,http://www.pref.kyoto.jp/yamashiro/,yes,,,,,,,,yes,,yes,,,,,,,,,,,,,,,,,,barrier_free_facility_list,京都府内のバリアフリー施設一覧,https://www.pref.kyoto.jp/f-machi/hitoyasa.html,2026-09,1366,,
26,京都府,26208,向日市,,社会福祉法人　向日市社会福祉協議会,,,617-0002,寺戸町西野辺１－７　向日市福祉会館内,,,http//www.muko-shakyo.or.jp,yes,,,,,,,,yes,,no,,,,,,,,,,,,,,,,,,barrier_free_facility_list,京都府内のバリアフリー施設一覧,https://www.pref.kyoto.jp/f-machi/hitoyasa.html,2026-09,1367,,
26,京都府,26208,向日市,,ドラッグユタカ東向日店,,,617-0002,寺戸町向畑６１番,,,http://www.d-yutaka.co.jp/,no,,,,,,,,unknown,,unknown,,,,,,,,,,,,,,,,,,barrier_free_facility_list,京都府内のバリアフリー施設一覧,https://www.pref.kyoto.jp/f-machi/hitoyasa.html,2026-09,1368,,
26,京都府,26208,向日市,,京都信用金庫　東向日支店,,,617-0002,寺戸町小佃12－3,,,http://www.kyoto-shinkin.co.jp/,no,,,,,,,,no,,no,,,,,,,,,,,,,,,,,,barrier_free_facility_list,京都府内のバリアフリー施設一覧,https://www.pref.kyoto.jp/f-machi/hitoyasa.html,2026-09,1369,,
26,京都府,26208,向日市,,阪急　西向日駅　　ＨＫ７８,,,617-0006,上植野町南開２３番地の１,,,http://www.hankyu.co.jp/,yes,,,,,,,,yes,,yes,,,,,,,,,,,,,,,,,,barrier_free_facility_list,京都府内のバリアフリー施設一覧,https://www.pref.kyoto.jp/f-machi/hitoyasa.html,2026-09,1370,,ＡＥＤあり
26,京都府,26208,向日市,,阪急　東向日駅　　ＨＫ７９,,,617-0006,寺戸町小佃５番地の２,,,http://www.hankyu.co.jp/,yes,,,,,,,,yes,,yes,,,,,,,,,,,,,,,,,,barrier_free_facility_list,京都府内のバリアフリー施設一覧,https://www.pref.kyoto.jp/f-machi/hitoyasa.html,2026-09,1371,,ＡＥＤあり
26,京都府,26208,向日市,,向日市文化資料館,,,617-0002,寺戸町南垣内40-1,,,https://www.city.muko.kyoto.jp/site/shiryokan/,yes,yes,1,1,,,yes,no,yes,no,yes,no,,,button,button,yes,yes,yes,yes,yes,yes,yes,no,no,no,no,no,barrier_free_facility_list,京都府内のバリアフリー施設一覧,https://www.pref.kyoto.jp/f-machi/hitoyasa.html,2026-09,1372,,
26,京都府,26208,向日市,,餃子の王将　国道１７１号店,,,617-0004,鶏冠井町清水１１,,,,yes,,,,,,,,no,,yes,,,,,,,,,,,,,,,,,,barrier_free_facility_list,京都府内のバリアフリー施設一覧,https://www.pref.kyoto.jp/f-machi/hitoyasa.html,2026-09,1373,,
26,京都府,26208,向日市,,来来亭　長岡京店,,,617-0006,上植野町桑原１５番地１,,,,no,,,,,,,,unknown,,unknown,,,,,,,,,,,,,,,,,,barrier_free_facility_list,京都府内のバリアフリー施設一覧,https://www.pref.kyoto.jp/f-machi/hitoyasa.html,2026-09,1374,,
26,京都府,26208,向日市,,京都信用金庫　桂川支店,,,617-0002,寺戸町八ノ坪１２６,,,http://www.kyoto-shinkin.co.jp/,yes,,,,,,,,yes,,yes,,,,,,,,,,,,,,,,,,barrier_free_facility_list,京都府内のバリアフリー施設一覧,https://www.pref.kyoto.jp/f-machi/hitoyasa.html,2026-09,1375,,
26,京都府,26208,向日市,,ケーズデンキ　向日町店,,,617-0006,上植野町尻引１－３,,,,yes,,,,,,,,no,,yes,,,,,,,,,,,,,,,,,,barrier_free_facility_list,京都府内のバリアフリー施設一覧,https://www.pref.kyoto.jp/f-machi/hitoyasa.html,2026-09,1376,,
26,京都府,26208,向日市,,フレスコ　向日市店,,,617-0002,寺戸町東野辺３１－８,,,,no,,,,,,,,unknown,,unknown,,,,,,,,,,,,,,,,,,barrier_free_facility_list,京都府内のバリアフリー施設一覧,https://www.pref.kyoto.jp/f-machi/hitoyasa.html,2026-09,1377,,
26,京都府,26208,向日市,,ドラッグユタカ向日森本店,,,617-0003,森本町高田１１番地,,,http://www.d-yutaka.co.jp/,yes,,,,,,,,no,,yes,,,,,,,,,,,,,,,,,,barrier_free_facility_list,京都府内のバリアフリー施設一覧,https://www.pref.kyoto.jp/f-machi/hitoyasa.html,2026-09,1378,,
26,京都府,26208,向日市,,京都西山高等学校,,,617-0002,寺戸町西野辺２５,,,https://kyotonishiyama.ed.jp,no,yes,1,1,,,yes,no,yes,no,no,no,,,button,button,no,no,yes,no,no,no,no,no,no,no,no,no,barrier_free_facility_list,京都府内のバリアフリー施設一覧,https://www.pref.kyoto.jp/f-machi/hitoyasa.html,2026-09,1379,,
26,京都府,26208,向日市,,スーパーマツモト向日店,,,617-0003,森本町高田５－１,,,,yes,,,,,,,,no,,yes,,,,,,,,,,,,,,,,,,barrier_free_facility_list,京都府内のバリアフリー施設一覧,https://www.pref.kyoto.jp/f-machi/hitoyasa.html,2026-09,1380,,
26,京都府,26208,向日市,,向日町郵便局,,,617-0006,上植野町馬立６－１,,,http://map.japanpost.jp/pc/syousai.php?id=300144201000,no,,,,,,,,unknown,,unknown,,,,,,,,,,,,,,,,,,barrier_free_facility_list,京都府内のバリアフリー施設一覧,https://www.pref.kyoto.jp/f-machi/hitoyasa.html,2026-09,1381,,
26,京都府,26208,向日市,,京都府向日町警察署,,,617-0006,上植野町上川原５,,,http://www.pref.kyoto.jp/fukei/,yes,yes,1,1,,,no,no,no,no,no,no,,,sensor,pull_cord,yes,yes,yes,no,no,no,no,yes,no,no,no,no,barrier_free_facility_list,京都府内のバリアフリー施設一覧,https://www.pref.kyoto.jp/f-machi/hitoyasa.html,2026-09,1382,,
26,京都府,26208,向日市,,ネッツトヨタヤサカ乙訓店,,,617-0006,上植野町桑原１２－７,,,,no,,,,,,,,unknown,,unknown,,,,,,,,,,,,,,,,,,barrier_free_facility_list,京都府内のバリアフリー施設一覧,https://www.pref.kyoto.jp/f-machi/hitoyasa.html,2026-09,1383,,
26,京都府,26208,向日市,,向日市役所,,,617-8665,寺戸町中野２０番地,,,http://www.city.muko.kyoto.jp,yes,,,,,,,,no,,yes,,,,,,,,,,,,,,,,,,barrier_free_facility_list,京都府内のバリアフリー施設一覧,https://www.pref.kyoto.jp/f-machi/hitoyasa.html,2026-09,1384,,職員が受付で筆談に応じます。 外部との出入り口に点字ブロックがあります。
26,京都府,26208,向日市,,向日市民温水プール,,,617-0004,鶏冠井町上古８番地の１,,,,yes,,,,,,,,yes,,yes,,,,,,,,,,,,,,,,,,barrier_free_facility_list,京都府内のバリアフリー施設一覧,https://www.pref.kyoto.jp/f-machi/hitoyasa.html,2026-09,1385,,
26,京都府,26208,向日市,,京都府乙訓保健所,,,617-0006,上植野町馬立８,,,,yes,,,,,,,,yes,,no,,,,,,,,,,,,,,,,,,barrier_free_facility_list,京都府内のバリアフリー施設一覧,https://www.pref.kyoto.jp/f-machi/hitoyasa.html,2026-09,1386,,
26,京都府,26207,城陽市,,京都銀行　城陽支店,,,610-0121,寺田袋尻21-2,,,http://www.kyotobank.co.jp/,,,,,,,,,,,,,,,,,,,,,,,,,,,,,barrier_free_facility_list,京都府内のバリアフリー施設一覧,https://www.pref.kyoto.jp/f-machi/hitoyasa.html,2026-09,1387,,ATMは全台、視覚障がい者が音声ガイダンスに従ってご利用できるものとなっています。
26,京都府,26207,城陽市,,フレッシュバザール城陽寺田店,,,610-0121,寺田塚本95-1,,,,,,,,,,yes,no,yes,no,yes,yes,,,sensor,button,yes,yes,yes,no,no,yes,yes,no,no,no,no,no,barrier_free_facility_list,京都府内のバリアフリー施設一覧,https://www.pref.kyoto.jp/f-machi/hitoyasa.html,2026-09,1388,,
26,京都府,26207,城陽市,,ロゴスランド　アイリスイン城陽,,,610-0121,寺田大川原26-8,,,http://logosland.jp,,yes,1,0,,,yes,no,no,no,yes,no,,,sensor,button,no,yes,yes,no,no,no,no,no,no,no,yes,no,barrier_free_facility_list,京都府内のバリアフリー施設一覧,https://www.pref.kyoto.jp/f-machi/hitoyasa.html,2026-09,1389,,障害のある方、外国語、アレルギーに関しまして、できる限り対応致しますので事前にお問い合わせ下さい。
26,京都府,26207,城陽市,,コメリホームセンター城陽店,,,,平川西六反1-1,,,,,,,,,,,,,,,,,,,,,,,,,,,,,,,,barrier_free_facility_list,京都府内のバリアフリー施設一覧,https://www.pref.kyoto.jp/f-machi/hitoyasa.html,2026-09,1390,,
26,京都府,26207,城陽市,,鴻ノ巣山運動公園（公財）城陽市民余暇活動センター,,,610-0121,寺田奥山１番地,,,http://www.kyuk.net/,yes,yes,1,,1,1,no,no,no,no,no,no,,,button,button,yes,yes,yes,yes,yes,no,yes,yes,no,yes,yes,no,barrier_free_facility_list,京都府内のバリアフリー施設一覧,https://www.pref.kyoto.jp/f-machi/hitoyasa.html,2026-09,1391,,車いすの貸し出しは、体育館内のみ２台あります。
26,京都府,26207,城陽市,,京都府立心身障害者福祉センター附属リハビリテーション病院,,,610-0113,中芦原,,,http://www.ksj.or.jp/,yes,yes,1～3,,3,3,yes,no,no,no,no,no,,,button,pull_cord,yes,yes,yes,no,no,no,no,no,no,no,no,no,barrier_free_facility_list,京都府内のバリアフリー施設一覧,https://www.pref.kyoto.jp/f-machi/hitoyasa.html,2026-09,1392,,
26,京都府,26207,城陽市,,JR　山城青谷駅,,,610-0114,市辺五島88番地,,,http://www.jr-odekake.net/eki/top.php?id=0621605,no,no,,,,,,,unknown,,unknown,,,,,,,,,,,,,,,,,,barrier_free_facility_list,京都府内のバリアフリー施設一覧,https://www.pref.kyoto.jp/f-machi/hitoyasa.html,2026-09,1393,,詳しくは上記ホームページをご参照ください。
26,京都府,26207,城陽市,,JR　長池駅,,,610-0112,長池北裏72番地,,,http://www.jr-odekake.net/eki/top.php?id=0621606,no,no,,,,,,,unknown,,unknown,,,,,,,,,,,,,,,,,,barrier_free_facility_list,京都府内のバリアフリー施設一覧,https://www.pref.kyoto.jp/f-machi/hitoyasa.html,2026-09,1394,,詳しくは上記ホームページをご参照ください。
26,京都府,26207,城陽市,,JR　城陽駅,,,610-0121,寺田林ノ口7番地,,,http://www.jr-odekake.net/eki/top.php?id=0621607,no,no,,,,,,,unknown,,unknown,,,,,,,,,,,,,,,,,,barrier_free_facility_list,京都府内のバリアフリー施設一覧,https://www.pref.kyoto.jp/f-machi/hitoyasa.html,2026-09,1395,,詳しくは上記ホームページをご参照ください。
26,京都府,26207,城陽市,,ビジョンメガネ　城陽店,,,610-0102,久世北垣内３１－１,,,http://www.vision-megane.co.jp/,no,no,,,,,,no,no,no,no,no,,,,,,,,,,,,,no,no,no,no,barrier_free_facility_list,京都府内のバリアフリー施設一覧,https://www.pref.kyoto.jp/f-machi/hitoyasa.html,2026-09,1396,,ＣＬ取り扱い有り
26,京都府,26207,城陽市,,コープ城陽,,,610-0121,寺田林の口11-436,,,http://www.kyoto.coop/,yes,yes,1,1,1,1,yes,no,no,no,unknown,no,,,lever,button,yes,yes,yes,no,yes,no,unknown,no,yes,no,yes,no,barrier_free_facility_list,京都府内のバリアフリー施設一覧,https://www.pref.kyoto.jp/f-machi/hitoyasa.html,2026-09,1397,,
26,京都府,26207,城陽市,,城陽市地域子育て支援センター,,,610-0121,寺田深谷16,,,http://www.city.joyo.kyoto.jp/0000001939.html,yes,yes,1,1,,,yes,no,yes,no,yes,yes,,,button,button,yes,yes,yes,no,no,no,no,no,no,yes,yes,yes,barrier_free_facility_list,京都府内のバリアフリー施設一覧,https://www.pref.kyoto.jp/f-machi/hitoyasa.html,2026-09,1398,,
26,京都府,26207,城陽市,,城陽市立総合老人福祉センター　陽寿苑,,,610-0116,奈島川原口２０番地,,,https://jyoshakyo.or.jp/,yes,yes,1,1,1,1,no,no,no,no,no,no,,,button,button,yes,yes,yes,no,no,no,no,yes,no,no,no,no,barrier_free_facility_list,京都府内のバリアフリー施設一覧,https://www.pref.kyoto.jp/f-machi/hitoyasa.html,2026-09,1399,,駐車場は満車の場合が多いので，できるだけ，徒歩・自転車・バイクでご来苑ください。また，来苑者用の送迎バスも運行していますので，どうぞご利用ください。（無料）
26,京都府,26207,城陽市,,城陽市立福祉センター,,,610-0121,寺田東ﾉ口１７,,,https://jyoshakyo.or.jp/,yes,yes,1,1,,,yes,,yes,,yes,,,,sensor,button,yes,yes,yes,,,,,no,no,no,no,no,barrier_free_facility_list,京都府内のバリアフリー施設一覧,https://www.pref.kyoto.jp/f-machi/hitoyasa.html,2026-09,1400,,
26,京都府,26207,城陽市,,京都トヨタ自動車　(株)　城陽店,,,610-0121,寺田新池38-9,,,http://kyoto-toyota.jp,no,no,,,,,unknown,unknown,unknown,unknown,unknown,unknown,,,none,button,no,yes,yes,no,yes,no,no,yes,no,no,yes,yes,barrier_free_facility_list,京都府内のバリアフリー施設一覧,https://www.pref.kyoto.jp/f-machi/hitoyasa.html,2026-09,1401,,
26,京都府,26207,城陽市,,府立西城陽高等学校,,,610-0117,枇杷庄京縄手４６－１,,,http://www.kyoto-be.ne.jp/nishijyouyou-hs/,yes,yes,1,1,1,,yes,no,no,no,no,no,,,button,button,yes,yes,yes,no,no,no,no,no,no,no,no,no,barrier_free_facility_list,京都府内のバリアフリー施設一覧,https://www.pref.kyoto.jp/f-machi/hitoyasa.html,2026-09,1402,,
26,京都府,26207,城陽市,,京都府立城陽支援学校,,,610-0113,中芦原1-4,,,http://www.kyoto-be.ne.jp/jyouyou-s/,no,,,,,,,,no,,no,,,,,,,,,,,,,,,,,,barrier_free_facility_list,京都府内のバリアフリー施設一覧,https://www.pref.kyoto.jp/f-machi/hitoyasa.html,2026-09,1403,,
26,京都府,26207,城陽市,,文化パルク城陽,,,610-0121,寺田今堀１番地,,,http://www.bunkaparcjoyo.net/,yes,,,,,,,,no,,yes,,,,,,,,,,,,,,,,,,barrier_free_facility_list,京都府内のバリアフリー施設一覧,https://www.pref.kyoto.jp/f-machi/hitoyasa.html,2026-09,1404,,おむつ換え用のベビーシートがあります。 男女トイレ内にベビーキープがあります。 職員が受付で筆談に応じます。 視覚障害者誘導用のチャイムがあります。 外部との出入口に点字ブロックがあります。  文化パルク城陽にお越しになられ、何かございましたら気軽に職員に声を掛けてください。
26,京都府,26207,城陽市,,京都中央信用金庫　寺田支店,,,610-0121,寺田樋尻54-2,,,http://www.chushin.co.jp,no,,,,,,,,no,,no,,,,,,,,,,,,,,,,,,barrier_free_facility_list,京都府内のバリアフリー施設一覧,https://www.pref.kyoto.jp/f-machi/hitoyasa.html,2026-09,1405,,
26,京都府,26207,城陽市,,介護老人保健施設萌木の村,,,610-0121,寺田奥山１－６,,,http://kyoto-keishinkai.or.jp/moegi/index.html,yes,,,,,,,,no,,no,,,,,,,,,,,,,,,,,,barrier_free_facility_list,京都府内のバリアフリー施設一覧,https://www.pref.kyoto.jp/f-machi/hitoyasa.html,2026-09,1406,,
26,京都府,26207,城陽市,,京都銀行久津川支店,,,610-0101,平川横道４１－１,,,http://www.kyotobank.co.jp/,no,,,,,,,,no,,no,,,,,,,,,,,,,,,,,,barrier_free_facility_list,京都府内のバリアフリー施設一覧,https://www.pref.kyoto.jp/f-machi/hitoyasa.html,2026-09,1407,,ATMは全台、視覚障がい者が音声ガイダンスに従ってご利用できるものとなっています。
26,京都府,26207,城陽市,,ファミリーマート　市辺南垣内店,,,610-0114,市辺南垣内57番地1,,,,yes,,,,,,,,no,,unknown,,,,,,,,,,,,,,,,,,barrier_free_facility_list,京都府内のバリアフリー施設一覧,https://www.pref.kyoto.jp/f-machi/hitoyasa.html,2026-09,1408,,
26,京都府,26207,城陽市,,ファミリーマート　城陽寺田店,,,610-0121,寺田樋尻29番7,,,,no,,,,,,,,no,,unknown,,,,,,,,,,,,,,,,,,barrier_free_facility_list,京都府内のバリアフリー施設一覧,https://www.pref.kyoto.jp/f-machi/hitoyasa.html,2026-09,1409,,
26,京都府,26207,城陽市,,ドラッグユタカ城陽寺田店,,,610-0121,寺田北山田21－1,,,http://www.d-yutaka.co.jp/,no,,,,,,,,unknown,,unknown,,,,,,,,,,,,,,,,,,barrier_free_facility_list,京都府内のバリアフリー施設一覧,https://www.pref.kyoto.jp/f-machi/hitoyasa.html,2026-09,1410,,
26,京都府,26207,城陽市,,京都やましろ農業協同組合城陽南支店,,,610-0111,富野北垣内５６・５９－１,,,,no,,,,,,,,unknown,,unknown,,,,,,,,,,,,,,,,,,barrier_free_facility_list,京都府内のバリアフリー施設一覧,https://www.pref.kyoto.jp/f-machi/hitoyasa.html,2026-09,1411,,
26,京都府,26207,城陽市,,京都やましろ農業協同組合城陽支店,,,610-0121,寺田中大小１３７,,,,no,,,,,,,,unknown,,unknown,,,,,,,,,,,,,,,,,,barrier_free_facility_list,京都府内のバリアフリー施設一覧,https://www.pref.kyoto.jp/f-machi/hitoyasa.html,2026-09,1412,,
26,京都府,26207,城陽市,,城陽市青谷コミュニティセンター,,,610-0114,市辺五島７番地の１,,,https://www.city.joyo.kyoto.jp/（城陽市のホームページ）,yes,,,,,,,,no,,no,,,,,,,,,,,,,,,,,,barrier_free_facility_list,京都府内のバリアフリー施設一覧,https://www.pref.kyoto.jp/f-machi/hitoyasa.html,2026-09,1413,,職員が受付で筆談に応じます。 視覚障がい者誘導用のチャイムがあります。 外部との出入口に点字ブロックがあります。
26,京都府,26207,城陽市,,城陽市今池コミュニティセンター,,,610-0117,枇杷庄知原１５番地の1,,,http://www.city.joyo.kyoto.jp/　(城陽市のホームページ),yes,,,,,,,,no,,no,,,,,,,,,,,,,,,,,,barrier_free_facility_list,京都府内のバリアフリー施設一覧,https://www.pref.kyoto.jp/f-machi/hitoyasa.html,2026-09,1414,,おむつ換え用のベビーシートがあります。 職員が受付で筆談に応じます。 視覚障がい者誘導用のチャイムがあります。 外部との出入口に点字ブロックがあります。
26,京都府,26207,城陽市,,城陽市立北公民館（北部コミュニティセンター）,,,610-0101,平川広田６７番地,,,https://www.city.joyo.kyoto.jp/ （城陽市のホームページ）,yes,,,,,,,,no,,no,,,,,,,,,,,,,,,,,,barrier_free_facility_list,京都府内のバリアフリー施設一覧,https://www.pref.kyoto.jp/f-machi/hitoyasa.html,2026-09,1415,,おむつ換え用のベビーシートがあります。 職員が窓口で筆談に応じます。 視覚障がい者誘導用のチャイムがあります。 外部との出入口に点字ブロックがあります。
26,京都府,26207,城陽市,,城陽市東部コミュニティセンター,,,610-0121,寺田正道１５２番地,,,https://www.city.joyo.kyoto.jp/（城陽市のホームページ）,yes,,,,,,,,no,,no,,,,,,,,,,,,,,,,,,barrier_free_facility_list,京都府内のバリアフリー施設一覧,https://www.pref.kyoto.jp/f-machi/hitoyasa.html,2026-09,1416,,おむつ換え用のベビーシートがあります。 職員が事務所で筆談に応じます。 視覚障がい者誘導用のチャイムがあります。 外部との出入口に点字ブロックがあります。
26,京都府,26207,城陽市,,城陽市役所,,,610-0121,寺田東ﾉ口１６・１７,,,http://www.city.joyo.kyoto.jp/,yes,,,,,,,,yes,,yes,,,,,,,,,,,,,,,,,,barrier_free_facility_list,京都府内のバリアフリー施設一覧,https://www.pref.kyoto.jp/f-machi/hitoyasa.html,2026-09,1417,,
26,京都府,26207,城陽市,,ほうゆうリハビリテーション病院,,,610-0121,寺田垣内後４３番地４,,,http://www.hoyu-hp.jp/,yes,yes,1,1,,,yes,no,no,no,no,no,,,button,button,no,yes,yes,no,no,no,no,yes,no,no,no,no,barrier_free_facility_list,京都府内のバリアフリー施設一覧,https://www.pref.kyoto.jp/f-machi/hitoyasa.html,2026-09,1418,,
26,京都府,26207,城陽市,,城陽市働く女性の家・城陽市コミュニティ防災センター（南部コミュニティセンター）,,,610-0111,富野東田部７０番地の１,,,https://www.city.joyo.kyoto.jp/（城陽市のホームページ）,yes,,,,,,,,no,,yes,,,,,,,,,,,,,,,,,,barrier_free_facility_list,京都府内のバリアフリー施設一覧,https://www.pref.kyoto.jp/f-machi/hitoyasa.html,2026-09,1419,,おむつ換え用のベビーシートがあります。（女子トイレ内） 職員が受付で筆談に応じます。 視覚障害者誘導用のチャイムがあります。 外部との出入り口に点字ブロックがあります。
26,京都府,26207,城陽市,,はるやま　城陽店,,,610-0101,平川西六反４７－１,,,,no,,,,,,,,unknown,,unknown,,,,,,,,,,,,,,,,,,barrier_free_facility_list,京都府内のバリアフリー施設一覧,https://www.pref.kyoto.jp/f-machi/hitoyasa.html,2026-09,1420,,
26,京都府,26207,城陽市,,マツヤスーパー久津川店,,,610-0101,平川山道１,,,http://www.matsuyasuper.co.jp/store/kutsukawa/,no,,,,,,,,unknown,,unknown,,,,,,,,,,,,,,,,,,barrier_free_facility_list,京都府内のバリアフリー施設一覧,https://www.pref.kyoto.jp/f-machi/hitoyasa.html,2026-09,1421,,
26,京都府,26207,城陽市,,株式会社セレマ城陽シティーホール,,,610-0121,寺田垣内後１５－１,,,,yes,,,,,,,,no,,no,,,,,,,,,,,,,,,,,,barrier_free_facility_list,京都府内のバリアフリー施設一覧,https://www.pref.kyoto.jp/f-machi/hitoyasa.html,2026-09,1422,,
26,京都府,26207,城陽市,,城陽会館,,,610-0101,平川横道５８－１,,,,no,,,,,,,,unknown,,unknown,,,,,,,,,,,,,,,,,,barrier_free_facility_list,京都府内のバリアフリー施設一覧,https://www.pref.kyoto.jp/f-machi/hitoyasa.html,2026-09,1423,,
26,京都府,26207,城陽市,,城陽市立東部デイサービスセンター,,,610-0102,久世芝ヶ原６－２,,,http://www.takedahp.or.jp/GROUP/HOMECARE/E_JOYO/index.html,yes,,,,,,,,no,,no,,,,,,,,,,,,,,,,,,barrier_free_facility_list,京都府内のバリアフリー施設一覧,https://www.pref.kyoto.jp/f-machi/hitoyasa.html,2026-09,1424,,
26,京都府,26207,城陽市,,ドラッグユタカ城陽店,,,610-0111,富野荒見田５０番地,,,http://www.d-yutaka.co.jp/,yes,,,,,,,,no,,yes,,,,,,,,,,,,,,,,,,barrier_free_facility_list,京都府内のバリアフリー施設一覧,https://www.pref.kyoto.jp/f-machi/hitoyasa.html,2026-09,1425,,
26,京都府,26207,城陽市,,城陽市立今池保育園,,,610-0111,富野高井４４－３,,,,no,,,,,,,,unknown,,unknown,,,,,,,,,,,,,,,,,,barrier_free_facility_list,京都府内のバリアフリー施設一覧,https://www.pref.kyoto.jp/f-machi/hitoyasa.html,2026-09,1426,,
26,京都府,26207,城陽市,,特別養護老人ホーム　梅林園,,,610-0113,中芦原５５番地,,,,yes,,,,,,,,yes,,no,,,,,,,,,,,,,,,,,,barrier_free_facility_list,京都府内のバリアフリー施設一覧,https://www.pref.kyoto.jp/f-machi/hitoyasa.html,2026-09,1427,,
26,京都府,26207,城陽市,,社会福祉法人　南山城学園法人本部,,,610-0111,長池五社ヶ谷１６，１６－１,,,,no,,,,,,,,unknown,,unknown,,,,,,,,,,,,,,,,,,barrier_free_facility_list,京都府内のバリアフリー施設一覧,https://www.pref.kyoto.jp/f-machi/hitoyasa.html,2026-09,1428,,
26,京都府,26207,城陽市,,南都銀行　城陽支店,,,610-0121,寺田袋尻７－１,,,,no,,,,,,,,unknown,,unknown,,,,,,,,,,,,,,,,,,barrier_free_facility_list,京都府内のバリアフリー施設一覧,https://www.pref.kyoto.jp/f-machi/hitoyasa.html,2026-09,1429,,
26,京都府,26207,城陽市,,京都府立心身障害者福祉センター,,,610-0113,中芦原,,,http://www.ksj.or.jp/sisetu/sinsin/index.html,yes,,,,,,,,no,,no,,,,,,,,,,,,,,,,,,barrier_free_facility_list,京都府内のバリアフリー施設一覧,https://www.pref.kyoto.jp/f-machi/hitoyasa.html,2026-09,1430,,
26,京都府,26207,城陽市,,洋服の青山　城陽大久保バイパス店,,,610-0101,平川西六反４５番地１,,,,no,,,,,,,,no,,no,,,,,,,,,,,,,,,,,,barrier_free_facility_list,京都府内のバリアフリー施設一覧,https://www.pref.kyoto.jp/f-machi/hitoyasa.html,2026-09,1431,,
26,京都府,26207,城陽市,,カトリック青谷教会,,,610-0113,中向河原１１,,,,no,,,,,,,,unknown,,unknown,,,,,,,,,,,,,,,,,,barrier_free_facility_list,京都府内のバリアフリー施設一覧,https://www.pref.kyoto.jp/f-machi/hitoyasa.html,2026-09,1432,,
26,京都府,26207,城陽市,,城陽郵便局,,,610-0199,寺田袋尻２７－２,,,http://map.japanpost.jp/pc/syousai.php?id=300144368000,no,,,,,,,,no,,no,,,,,,,,,,,,,,,,,,barrier_free_facility_list,京都府内のバリアフリー施設一覧,https://www.pref.kyoto.jp/f-machi/hitoyasa.html,2026-09,1433,,
26,京都府,26207,城陽市,,城陽市立西部デイサービスセンター,,,610-0121,寺田乾出北５５,,,https://jyoshakyo.or.jp/,yes,,,,,,,,no,,no,,,,,,,,,,,,,,,,,,barrier_free_facility_list,京都府内のバリアフリー施設一覧,https://www.pref.kyoto.jp/f-machi/hitoyasa.html,2026-09,1434,,
26,京都府,26207,城陽市,,京都信用金庫城陽駅前支店,,,610-0121,寺田水度坂１５－４９,,,http://www.kyoto-shinkin.co.jp/,no,,,,,,,,no,,no,,,,,,,,,,,,,,,,,,barrier_free_facility_list,京都府内のバリアフリー施設一覧,https://www.pref.kyoto.jp/f-machi/hitoyasa.html,2026-09,1435,,音声案内は、ATM操作音声案内が2台ございます。インターフォンでお呼びくだされば付添いご案内いたします。 歩行者用点字ブロックがございます。
26,京都府,26207,城陽市,,京都府城陽警察署,,,610-0121,寺田庭井25-1,,,http://www.pref.kyoto.jp/fukei/,no,yes,1,1,,,yes,no,yes,no,yes,yes,,,button,button,yes,yes,yes,no,no,no,no,no,no,no,yes,no,barrier_free_facility_list,京都府内のバリアフリー施設一覧,https://www.pref.kyoto.jp/f-machi/hitoyasa.html,2026-09,1436,,
26,京都府,26207,城陽市,,ドコモショップ城陽店,,,610-0112,長池北清水４８－１,,,,no,,,,,,,,unknown,,unknown,,,,,,,,,,,,,,,,,,barrier_free_facility_list,京都府内のバリアフリー施設一覧,https://www.pref.kyoto.jp/f-machi/hitoyasa.html,2026-09,1437,,
26,京都府,26207,城陽市,,府立城陽高等学校,,,610-0121,寺田宮ノ平１,,,,no,,,,,,,,unknown,,unknown,,,,,,,,,,,,,,,,,,barrier_free_facility_list,京都府内のバリアフリー施設一覧,https://www.pref.kyoto.jp/f-machi/hitoyasa.html,2026-09,1438,,
26,京都府,26207,城陽市,,ロゴスランド　プラムイン城陽,,,610-0121,寺田大川原２４－４,,,https://logosland.jp,yes,yes,1,1,,,no,no,no,no,yes,yes,,,button,button,yes,yes,yes,yes,yes,yes,yes,no,no,yes,yes,yes,barrier_free_facility_list,京都府内のバリアフリー施設一覧,https://www.pref.kyoto.jp/f-machi/hitoyasa.html,2026-09,1439,,建物出入口から一番ちかい車いすトイレは、１階フロントにあります 外部との出入り口は段差がありません。施設職員と連絡できるインターホンがあります。外部との出入り口に自動ドアがあります。
26,京都府,26207,城陽市,,サン・アビリティーズ城陽,,,610-0113,中芦原（京都府立心身障害者福祉センター内）,,,,yes,,,,,,,,yes,,yes,,,,,,,,,,,,,,,,,,barrier_free_facility_list,京都府内のバリアフリー施設一覧,https://www.pref.kyoto.jp/f-machi/hitoyasa.html,2026-09,1440,,
26,京都府,26366,精華町,,JR　祝園駅,,,619-0241,大字祝園小字長塚,,,http://www.jr-odekake.net/eki/top.php?id=0610902,no,no,,,,,,,unknown,,unknown,,,,,,,,,,,,,,,,,,barrier_free_facility_list,京都府内のバリアフリー施設一覧,https://www.pref.kyoto.jp/f-machi/hitoyasa.html,2026-09,1441,,詳しくは上記ホームページをご参照ください。
26,京都府,26366,精華町,,JR　下狛駅,,,619-0245,大字下狛小字下新庄,,,http://www.jr-odekake.net/eki/top.php?id=0610903,no,no,,,,,,,unknown,,unknown,,,,,,,,,,,,,,,,,,barrier_free_facility_list,京都府内のバリアフリー施設一覧,https://www.pref.kyoto.jp/f-machi/hitoyasa.html,2026-09,1442,,詳しくは上記ホームページをご参照ください。
26,京都府,26366,精華町,,ホームセンターコーナン　精華台店,,,619-0238,精華台六丁目2,,,https://www.hc-kohnan.com/,yes,yes,1,1,,,yes,no,no,no,no,no,,,lever,button,yes,yes,yes,yes,yes,yes,yes,no,no,no,yes,no,barrier_free_facility_list,京都府内のバリアフリー施設一覧,https://www.pref.kyoto.jp/f-machi/hitoyasa.html,2026-09,1443,,
26,京都府,26366,精華町,,特別養護老人ホーム　神の園,,,619-0243,南稲八妻笛竹４１,,,http://kami-home.jp/,yes,yes,,2,,2,yes,yes,no,no,yes,no,,,sensor,pull_cord,yes,yes,yes,no,no,no,no,no,no,no,yes,no,barrier_free_facility_list,京都府内のバリアフリー施設一覧,https://www.pref.kyoto.jp/f-machi/hitoyasa.html,2026-09,1444,,
26,京都府,26366,精華町,,国立国会図書館関西館,,,619-0287,精華台８－１－３,,,https://www.ndl.go.jp/,yes,yes,"B1,1,4",5,1,1,yes,no,yes,no,yes,no,,,button,pull_cord,yes,yes,yes,no,no,no,no,no,no,no,no,no,barrier_free_facility_list,京都府内のバリアフリー施設一覧,https://www.pref.kyoto.jp/f-machi/hitoyasa.html,2026-09,1445,,カフェテリアの営業時間は開館時間と異なります(11:00~13:30)。
26,京都府,26366,精華町,,精華町立図書館,,,619-0285,大字南稲八妻小字北尻70番地,,,http://www.town.seika.kyoto.jp/library/,yes,yes,1，2,2,,,yes,no,yes,no,yes,no,,,button,pull_cord,yes,yes,yes,yes,yes,yes,yes,no,no,no,yes,no,barrier_free_facility_list,京都府内のバリアフリー施設一覧,https://www.pref.kyoto.jp/f-machi/hitoyasa.html,2026-09,1446,,車いすの貸し出し及び音声案内は精華町役場内にあります。
26,京都府,26366,精華町,,京都府立南山城支援学校,,,619-0231,大字山田小字医王寺1,,,http://www.kyoto-be.ne.jp/minamiyamashiro-s/cms/,yes,no,"1,2,3",,3,3,yes,yes,no,no,no,no,,,lever,button,yes,yes,yes,no,no,no,no,no,no,no,no,no,barrier_free_facility_list,京都府内のバリアフリー施設一覧,https://www.pref.kyoto.jp/f-machi/hitoyasa.html,2026-09,1447,,エレベーターは高等部棟に設置しています。高等部棟と本館は2階渡り廊下で接続されています。
26,京都府,26366,精華町,,アピタ精華台店,,,619-0238,精華台9丁目2番地4号,,,http://www.uny.co.jp,yes,,,,,,,,yes,,yes,,,,,,,,,,,,,,,,,,barrier_free_facility_list,京都府内のバリアフリー施設一覧,https://www.pref.kyoto.jp/f-machi/hitoyasa.html,2026-09,1448,,
26,京都府,26366,精華町,,京都銀行精華町支店,,,619-0240,祝園西１－３２－４,,,http://www.kyotobank.co.jp/,no,,,,,,,,no,,no,,,,,,,,,,,,,,,,,,barrier_free_facility_list,京都府内のバリアフリー施設一覧,https://www.pref.kyoto.jp/f-machi/hitoyasa.html,2026-09,1449,,ATMは全台、視覚障がい者が音声ガイダンスに従ってご利用できるものとなっています。
26,京都府,26366,精華町,,ファミリーマート　精華学研都市店,,,619-0238,精華台2丁目10番地13,,,,no,,,,,,,,no,,unknown,,,,,,,,,,,,,,,,,,barrier_free_facility_list,京都府内のバリアフリー施設一覧,https://www.pref.kyoto.jp/f-machi/hitoyasa.html,2026-09,1450,,
26,京都府,26366,精華町,,京都府流域下水道事務所　木津川上流浄化センター,,,619-0245,下狛椋ノ木９７,,,http://www.pref.kyoto.jp/ryuiki,yes,,,,,,,,no,,no,,,,,,,,,,,,,,,,,,barrier_free_facility_list,京都府内のバリアフリー施設一覧,https://www.pref.kyoto.jp/f-machi/hitoyasa.html,2026-09,1451,,当センターは下水処理場です。普段、一般の方の入場はできませんが、団体等での施設見学は随時受け付けています。ご希望の方は事前にご連絡をお願いします。
26,京都府,26366,精華町,,京都やましろ農業協同組合精華町支店,,,619-0240,祝園西１－３１－５,,,,no,,,,,,,,unknown,,unknown,,,,,,,,,,,,,,,,,,barrier_free_facility_list,京都府内のバリアフリー施設一覧,https://www.pref.kyoto.jp/f-machi/hitoyasa.html,2026-09,1452,,
26,京都府,26366,精華町,,京都府農林水産技術センター（生物資源研究センター）,,,619-0244,北稲八間大路７４,,,http://www.pref.kyoto.jp/shigenken/,yes,,,,,,,,no,,no,,,,,,,,,,,,,,,,,,barrier_free_facility_list,京都府内のバリアフリー施設一覧,https://www.pref.kyoto.jp/f-machi/hitoyasa.html,2026-09,1453,,
26,京都府,26366,精華町,,精華町立体育館・コミュニティーセンター,,,619-0245,下狛神ノ木８,,,http://www.town.seika.kyoto.jp/category_list.php?frmCd=6-0-0-0-0,yes,,,,,,,,unknown,,unknown,,,,,,,,,,,,,,,,,,barrier_free_facility_list,京都府内のバリアフリー施設一覧,https://www.pref.kyoto.jp/f-machi/hitoyasa.html,2026-09,1454,,
26,京都府,26366,精華町,,精華町地域福祉センターかしのき苑,,,619-0243,大字南稲八妻小字砂留22番地1,,,https://www.town.seika.kyoto.jp/kakuka/kashinokien/index.html,yes,yes,"1,2",2,,,yes,no,yes,yes,yes,yes,,,button,button,yes,yes,yes,yes,yes,yes,yes,no,no,yes,yes,yes,barrier_free_facility_list,京都府内のバリアフリー施設一覧,https://www.pref.kyoto.jp/f-machi/hitoyasa.html,2026-09,1455,,
26,京都府,26366,精華町,,けいはんなプラザ,,,619-0237,光台一丁目７番地,,,http://www.keihanna-plaza.co.jp/,yes,,,,,,,,yes,,yes,,,,,,,,,,,,,,,,,,barrier_free_facility_list,京都府内のバリアフリー施設一覧,https://www.pref.kyoto.jp/f-machi/hitoyasa.html,2026-09,1456,,車いすの貸し出しは宿泊施設用が１台あります。
26,京都府,26366,精華町,,精華町立せいかだい保育所,,,619-0238,精華台2丁目１１－１,,,http://www.kinet-tv.ne.jp/~seika/,no,,,,,,,,unknown,,unknown,,,,,,,,,,,,,,,,,,barrier_free_facility_list,京都府内のバリアフリー施設一覧,https://www.pref.kyoto.jp/f-machi/hitoyasa.html,2026-09,1457,,
26,京都府,26366,精華町,,精華町立こまだ保育所,,,619-0245,下狛浄楽７６，７７，７８,,,,no,,,,,,,,unknown,,unknown,,,,,,,,,,,,,,,,,,barrier_free_facility_list,京都府内のバリアフリー施設一覧,https://www.pref.kyoto.jp/f-machi/hitoyasa.html,2026-09,1458,,
26,京都府,26366,精華町,,ドラッグユタカ祝園店,,,619-0240,祝園西１丁目１－２,,,http://www.d-yutaka.co.jp/,yes,,,,,,,,no,,yes,,,,,,,,,,,,,,,,,,barrier_free_facility_list,京都府内のバリアフリー施設一覧,https://www.pref.kyoto.jp/f-machi/hitoyasa.html,2026-09,1459,,
26,京都府,26366,精華町,,南都銀行　精華支店,,,619-0240,祝園西１－８－３,,,,no,,,,,,,,unknown,,unknown,,,,,,,,,,,,,,,,,,barrier_free_facility_list,京都府内のバリアフリー施設一覧,https://www.pref.kyoto.jp/f-machi/hitoyasa.html,2026-09,1460,,
26,京都府,26366,精華町,,関西文化学術研究都市記念公園,,,619-0237,精華台6丁目1番地,,,６０歳以上の方・障害者手帳所持の方(介護者を含む)は無料,yes,,,,,,,,yes,,yes,,,,,,,,,,,,,,,,,,barrier_free_facility_list,京都府内のバリアフリー施設一覧,https://www.pref.kyoto.jp/f-machi/hitoyasa.html,2026-09,1461,,
26,京都府,26366,精華町,,せいかガーデンシティ,,,619-0240,祝園西1丁目9番地46,,,,no,,,,,,,,unknown,,unknown,,,,,,,,,,,,,,,,,,barrier_free_facility_list,京都府内のバリアフリー施設一覧,https://www.pref.kyoto.jp/f-machi/hitoyasa.html,2026-09,1462,,
26,京都府,26366,精華町,,カトリック精華教会,,,619-0243,南稲八妻丸山２,,,,no,,,,,,,,unknown,,unknown,,,,,,,,,,,,,,,,,,barrier_free_facility_list,京都府内のバリアフリー施設一覧,https://www.pref.kyoto.jp/f-machi/hitoyasa.html,2026-09,1463,,
26,京都府,26366,精華町,,精華町役場,,,619-0285,大字南稲八妻小字北尻70番地,,,http://www.town.seika.kyoto.jp/,yes,,,,,,,,no,,yes,,,,,,,,,,,,,,,,,,barrier_free_facility_list,京都府内のバリアフリー施設一覧,https://www.pref.kyoto.jp/f-machi/hitoyasa.html,2026-09,1464,,
26,京都府,26366,精華町,,精華町立ひかりだい保育所,,,619-0237,光台4丁目５０－３,,,,no,,,,,,,,unknown,,unknown,,,,,,,,,,,,,,,,,,barrier_free_facility_list,京都府内のバリアフリー施設一覧,https://www.pref.kyoto.jp/f-machi/hitoyasa.html,2026-09,1465,,
26,京都府,26366,精華町,,精華町立いけたに保育所,,,619-0232,桜が丘3丁目２－２,,,,no,,,,,,,,unknown,,unknown,,,,,,,,,,,,,,,,,,barrier_free_facility_list,京都府内のバリアフリー施設一覧,https://www.pref.kyoto.jp/f-machi/hitoyasa.html,2026-09,1466,,
26,京都府,26366,精華町,,精華町立ほうその保育所,,,619-0241,祝園一ノ間３番地１,,,,yes,yes,1,1,,,yes,,yes,,yes,,,,lever,pull_cord,yes,yes,yes,,,,,no,no,no,yes,no,barrier_free_facility_list,京都府内のバリアフリー施設一覧,https://www.pref.kyoto.jp/f-machi/hitoyasa.html,2026-09,1467,,
26,京都府,26366,精華町,,精華町保健センター,,,619-0244,北稲八間井手ノ元２７－１,,,,no,,,,,,,,unknown,,unknown,,,,,,,,,,,,,,,,,,barrier_free_facility_list,京都府内のバリアフリー施設一覧,https://www.pref.kyoto.jp/f-machi/hitoyasa.html,2026-09,1468,,
26,京都府,26366,精華町,,精華町立打越台グラウンド,,,619-0244,大字北稲八間小字打越,,,,yes,,,,,,,,no,,no,,,,,,,,,,,,,,,,,,barrier_free_facility_list,京都府内のバリアフリー施設一覧,https://www.pref.kyoto.jp/f-machi/hitoyasa.html,2026-09,1469,,
26,京都府,26303,大山崎町,,JR　山崎駅,,,618-0071,大山崎西谷,,,http://www.jr-odekake.net/eki/top.php?id=0610121,no,no,,,,,,,unknown,,unknown,,,,,,,,,,,,,,,,,,barrier_free_facility_list,京都府内のバリアフリー施設一覧,https://www.pref.kyoto.jp/f-machi/hitoyasa.html,2026-09,1470,,詳しくは上記ホームページをご参照ください。
26,京都府,26303,大山崎町,,天王山夢ほたる公園,,,618-0091,字円明寺小字一丁田18－8,,,,yes,yes,1,1,,,no,no,no,no,yes,no,,,lever,button,yes,no,no,no,no,no,no,,,,,,barrier_free_facility_list,京都府内のバリアフリー施設一覧,https://www.pref.kyoto.jp/f-machi/hitoyasa.html,2026-09,1471,,
26,京都府,26303,大山崎町,,大山崎町福祉センター「なごみの郷」,,,618-0091,字円明寺小字百々10番地の２,,,http://oyamazaki-shakyo.or.jp/,yes,yes,1,1,,,yes,,no,,no,,,,lever,button,yes,,yes,,,,,no,no,no,no,no,barrier_free_facility_list,京都府内のバリアフリー施設一覧,https://www.pref.kyoto.jp/f-machi/hitoyasa.html,2026-09,1472,,
26,京都府,26303,大山崎町,,大山崎町体育館,,,618-0091,字円明寺小字一丁田50,,,http://www.town.oyamazaki.kyoto.jp/,yes,yes,"1,2",2,1,1,yes,yes,yes,,yes,,,,sensor,button,yes,yes,yes,,,,,no,no,yes,yes,no,barrier_free_facility_list,京都府内のバリアフリー施設一覧,https://www.pref.kyoto.jp/f-machi/hitoyasa.html,2026-09,1473,,
26,京都府,26303,大山崎町,,大山崎町保健センター,,,618-0091,字円明寺小字百々１２,,,http://www.town.oyamazaki.kyoto.jp/fukushikenko/kenkoiryo/hokencenter/index.html,yes,yes,1,1,,,no,no,no,no,no,no,,,none,none,yes,no,yes,no,no,no,yes,no,no,yes,yes,yes,barrier_free_facility_list,京都府内のバリアフリー施設一覧,https://www.pref.kyoto.jp/f-machi/hitoyasa.html,2026-09,1474,,観覧設備：スクリーンのみあります。
26,京都府,26303,大山崎町,,乙訓環境衛生組合,,,618-0081,字下植野小字南牧方32,,,http://www.cleanplaza-otokuni.jp/,yes,,,,,,,,no,,no,,,,,,,,,,,,,,,,,,barrier_free_facility_list,京都府内のバリアフリー施設一覧,https://www.pref.kyoto.jp/f-machi/hitoyasa.html,2026-09,1475,,職員が受付で筆談に応じます。 外部との出入り口に点字ブロックがあります。
26,京都府,26303,大山崎町,,大山崎ふるさとセンター（大山崎町歴史資料館）,,,618-0071,字大山崎小字竜光3,,,http://www.town.oyamazaki.kyoto.jp/conte,yes,,,,,,,,no,,yes,,,,,,,,,,,,,,,,,,barrier_free_facility_list,京都府内のバリアフリー施設一覧,https://www.pref.kyoto.jp/f-machi/hitoyasa.html,2026-09,1476,,
26,京都府,26303,大山崎町,,アサヒビール大山崎山荘美術館,,,618-0071,銭原5-3,,,http://asahibeer-oyamazaki.com,yes,,,,,,,,yes,,yes,,,,,,,,,,,,,,,,,,barrier_free_facility_list,京都府内のバリアフリー施設一覧,https://www.pref.kyoto.jp/f-machi/hitoyasa.html,2026-09,1477,,エレベーター新館のみ
26,京都府,26303,大山崎町,,阪急　大山崎駅　　ＨＫ７５,,,618-0071,字大山崎小字明島１３番地の２,,,http://www.hankyu.co.jp/,yes,,,,,,,,yes,,yes,,,,,,,,,,,,,,,,,,barrier_free_facility_list,京都府内のバリアフリー施設一覧,https://www.pref.kyoto.jp/f-machi/hitoyasa.html,2026-09,1478,,ＡＥＤあり
26,京都府,26303,大山崎町,,日本郵便(株)　山崎郵便局,,,618-8799,円明寺宝本９,,,http://www.post.japanpost.jp,no,no,,,,,,,no,,no,,,,,,,,,,,,,no,no,no,no,no,barrier_free_facility_list,京都府内のバリアフリー施設一覧,https://www.pref.kyoto.jp/f-machi/hitoyasa.html,2026-09,1479,,
26,京都府,26303,大山崎町,,大山崎町役場,,,618-8501,字円明寺小字夏目3,,,http://www.town.oyamazaki.kyoto.jp/,yes,,,,,,,,yes,,yes,,,,,,,,,,,,,,,,,,barrier_free_facility_list,京都府内のバリアフリー施設一覧,https://www.pref.kyoto.jp/f-machi/hitoyasa.html,2026-09,1480,,
26,京都府,26303,大山崎町,,円明寺郵便局,,,618-0091,円明寺葛原５１－２６,,,http://map.japanpost.jp/pc/syousai.php?id=300144387000,no,,,,,,,,no,,no,,,,,,,,,,,,,,,,,,barrier_free_facility_list,京都府内のバリアフリー施設一覧,https://www.pref.kyoto.jp/f-machi/hitoyasa.html,2026-09,1481,,
26,京都府,26303,大山崎町,,大山崎町老人福祉センター「長寿苑」,,,618-0091,字円明寺小字百々10-2,,,http://www.town.oyamazaki.kyoto.jp/soshiki_view.php?so_cd1=15&so_cd2=44&so_cd3=0&so_cd4=0&so_cd5=0,yes,,,,,,,,no,,no,,,,,,,,,,,,,,,,,,barrier_free_facility_list,京都府内のバリアフリー施設一覧,https://www.pref.kyoto.jp/f-machi/hitoyasa.html,2026-09,1482,,
26,京都府,26303,大山崎町,,円明寺ケ丘自治会館,,,618-0091,字円明寺小字脇山,,,,no,,,,,,,,no,,no,,,,,,,,,,,,,,,,,,barrier_free_facility_list,京都府内のバリアフリー施設一覧,https://www.pref.kyoto.jp/f-machi/hitoyasa.html,2026-09,1483,,職員が受付で筆談に応じます。
26,京都府,26209,長岡京市,,馬場診療所,,,617-0817,滝ノ町1丁目13番1号,,,http://www.babaclinic.jp,,no,,,,,,,,,,,,,unknown,none,,,,,,,,no,no,no,no,no,barrier_free_facility_list,京都府内のバリアフリー施設一覧,https://www.pref.kyoto.jp/f-machi/hitoyasa.html,2026-09,1484,,
26,京都府,26209,長岡京市,,長岡京市営長岡京駅西駐車場,,,617-0833,神足2丁目2番1号バンビオ2番館,,,http://www.nud.jp/park/,yes,yes,2～5階,4,,,yes,no,yes,no,yes,no,,,sensor,button,yes,yes,yes,no,no,no,no,no,no,no,yes,no,barrier_free_facility_list,京都府内のバリアフリー施設一覧,https://www.pref.kyoto.jp/f-machi/hitoyasa.html,2026-09,1485,,
26,京都府,26209,長岡京市,,乙訓福祉施設事務組合,,,617-0813,井ノ内西ノ口17-8,,,http://www.otsufuku.com/,,,,,,,,,,,,,,,,,,,,,,,,,,,,,barrier_free_facility_list,京都府内のバリアフリー施設一覧,https://www.pref.kyoto.jp/f-machi/hitoyasa.html,2026-09,1486,,
26,京都府,26209,長岡京市,,JR　長岡京駅,,,617-0833,神足2丁目4番-1,,,http://www.jr-odekake.net/eki/top.php?id=0610120,no,no,,,,,,,unknown,,unknown,,,,,,,,,,,,,,,,,,barrier_free_facility_list,京都府内のバリアフリー施設一覧,https://www.pref.kyoto.jp/f-machi/hitoyasa.html,2026-09,1487,,詳しくは上記ホームページをご参照ください。
26,京都府,26209,長岡京市,,ビジョンメガネ　長岡店,,,617-0826,開田4-8-1　長岡中央第一ビル1Ｆ,,,http://www.vision-megane.co.jp/,no,no,,,,,,no,no,no,no,no,,,,,,,,,,,,,no,no,no,no,barrier_free_facility_list,京都府内のバリアフリー施設一覧,https://www.pref.kyoto.jp/f-machi/hitoyasa.html,2026-09,1488,,ＣＬ取り扱い有り
26,京都府,26209,長岡京市,,乙訓消防組合　長岡京消防署,,,617-0824,天神４丁目２番１号,,,http//www.otokuni119-kyoto.jp,yes,yes,"1,3",2,,,yes,no,yes,no,yes,yes,,,sensor,button,yes,yes,yes,no,no,yes,yes,no,no,no,no,no,barrier_free_facility_list,京都府内のバリアフリー施設一覧,https://www.pref.kyoto.jp/f-machi/hitoyasa.html,2026-09,1489,,
26,京都府,26209,長岡京市,,イズミヤ長岡店,,,617-0826,開田４丁目７番１号,,,http://www.izumiya.co.jp/shop/kansai/kyoto/045_info.php,yes,no,,,,,,,no,,unknown,,,,,,,,,,,,,,,,,yes,barrier_free_facility_list,京都府内のバリアフリー施設一覧,https://www.pref.kyoto.jp/f-machi/hitoyasa.html,2026-09,1490,,※赤ちゃんルーム　あり ※車いす対応エレベーター　あり
26,京都府,26209,長岡京市,,スーパーマツモト　長岡京店,,,617-0828,馬場図所22番1,,,,yes,yes,2,1,,,yes,no,yes,no,yes,no,,,button,button,yes,yes,yes,no,yes,yes,yes,no,no,no,no,no,barrier_free_facility_list,京都府内のバリアフリー施設一覧,https://www.pref.kyoto.jp/f-machi/hitoyasa.html,2026-09,1491,,
26,京都府,26209,長岡京市,,京都信用金庫　長岡支店,,,617-0826,開田三丁目３番1号,,,http://www.kyoto-shinkin.co.jp/,yes,no,,,,,unknown,no,no,unknown,no,unknown,,,none,button,unknown,unknown,unknown,unknown,unknown,unknown,unknown,unknown,unknown,unknown,unknown,unknown,barrier_free_facility_list,京都府内のバリアフリー施設一覧,https://www.pref.kyoto.jp/f-machi/hitoyasa.html,2026-09,1492,,
26,京都府,26209,長岡京市,,長岡京市立埋蔵文化財調査センター,,,617-0853,奥海印寺東条10-1,,,http://www.city.nagaokakyo.lg.jp/0000000888.html,yes,yes,1,1,,,no,no,no,no,no,no,,,lever,button,no,yes,yes,no,no,no,no,no,no,no,no,no,barrier_free_facility_list,京都府内のバリアフリー施設一覧,https://www.pref.kyoto.jp/f-machi/hitoyasa.html,2026-09,1493,,
26,京都府,26209,長岡京市,,長岡京市立中山修一記念館,,,617-0853,久貝三丁目3-3,,,http://www.city.nagaokakyo.lg.jp/category/10-20-9-0-0.html,no,no,,,,,,,unknown,,unknown,,,,,,no,yes,yes,no,no,no,no,yes,no,no,no,no,barrier_free_facility_list,京都府内のバリアフリー施設一覧,https://www.pref.kyoto.jp/f-machi/hitoyasa.html,2026-09,1494,,※トイレは男女兼用が１基のみ
26,京都府,26209,長岡京市,,長岡京市立中央公民館,,,617-0824,天神４丁目１番地１号,,,http://www.city.nagaokakyo.lg.jp/,yes,yes,,3,,,yes,no,no,no,yes,no,,,button,button,yes,yes,yes,no,yes,no,yes,no,no,yes,yes,yes,barrier_free_facility_list,京都府内のバリアフリー施設一覧,https://www.pref.kyoto.jp/f-machi/hitoyasa.html,2026-09,1495,,建物出入口から一番ちかい車いすトイレは、１Ｆ通路中程にあります。 車いすトイレは各階に１あります。 おむつ換え用のベビーシート、ベビーチェアがあります。（１Ｆ、３Ｆ女子トイレ） 段差が無く緩やかなスロープのみで一人でも車いす移動可能。 磁気ループ貸出あり
26,京都府,26209,長岡京市,,長岡京市立スポーツセンター,,,617-0833,神足下八ノ坪１,,,http://www.sports-nagaokakyo.or.jp,yes,yes,1,2,,,yes,no,yes,no,yes,yes,,,sensor,button,yes,yes,yes,no,no,no,no,yes,no,yes,yes,no,barrier_free_facility_list,京都府内のバリアフリー施設一覧,https://www.pref.kyoto.jp/f-machi/hitoyasa.html,2026-09,1496,,
26,京都府,26209,長岡京市,,長岡京市西山公園体育館,,,617-0812,長法寺谷山１番地,,,http://www.sports-nagaokakyo.or.jp,yes,yes,1,1,1,1,yes,yes,yes,no,yes,yes,,,sensor,button,yes,yes,yes,no,no,yes,yes,yes,no,yes,yes,yes,barrier_free_facility_list,京都府内のバリアフリー施設一覧,https://www.pref.kyoto.jp/f-machi/hitoyasa.html,2026-09,1497,,多目的トイレ　1階男女共用２、2階男女別各１ 小児用トイレ有 建物の主要出入口のドアは、自動ドアと開き戸があります。
26,京都府,26209,長岡京市,,長岡京市立産業文化会館,,,617-0826,開田３丁目１０－１６,,,http://www.city.nagaokakyo.lg.jp/0000001317.html,yes,yes,1,1,,,yes,no,yes,no,yes,yes,,,button,button,yes,yes,yes,no,yes,yes,yes,no,no,no,no,no,barrier_free_facility_list,京都府内のバリアフリー施設一覧,https://www.pref.kyoto.jp/f-machi/hitoyasa.html,2026-09,1498,,"会館管理人が筆談に応じます。 1,2階トイレに、ベビーベッド、ベビーチェア有。３階は設備無。 飲食施設は、長岡京市公有財産管理規則に規定される行政財産の目的外使用許可を受けた民間喫茶店が営業しています。"
26,京都府,26209,長岡京市,,乙訓消防組合消防本部,,,617-0833,神足芝本９番地,,,https://www.otokuni119-kyoto.jp/,yes,yes,1,1,,,yes,no,no,no,yes,no,,,sensor,button,yes,yes,yes,no,no,no,no,no,no,no,,no,barrier_free_facility_list,京都府内のバリアフリー施設一覧,https://www.pref.kyoto.jp/f-machi/hitoyasa.html,2026-09,1499,,
26,京都府,26209,長岡京市,,京都府立洛西浄化センター公園,,,617-0836,勝竜寺山崎作２０－５,,,https://www.aquaparcorakusai.jp/,yes,yes,1,2,,,yes,yes,yes,no,no,yes,,,sensor,button,yes,yes,yes,no,no,no,yes,yes,no,no,yes,no,barrier_free_facility_list,京都府内のバリアフリー施設一覧,https://www.pref.kyoto.jp/f-machi/hitoyasa.html,2026-09,1500,,
26,京都府,26209,長岡京市,,西代里山公園,,,617-0853,奥海印寺西代地内,,,htttp://www.city.nagaokakyo.lg.jp/0000006195.html,yes,yes,1,1,,,yes,no,yes,no,yes,yes,,,button,button,yes,yes,yes,no,yes,yes,yes,no,no,no,no,no,barrier_free_facility_list,京都府内のバリアフリー施設一覧,https://www.pref.kyoto.jp/f-machi/hitoyasa.html,2026-09,1501,,
26,京都府,26209,長岡京市,,西山公園,,,617-0812,長法寺谷田9番地内,,,htttp://www.city.nagaokakyo.lg.jp/0000001198.html,yes,yes,1,1,,,yes,no,no,no,yes,no,,,lever,none,yes,yes,yes,no,no,yes,yes,no,no,no,no,no,barrier_free_facility_list,京都府内のバリアフリー施設一覧,https://www.pref.kyoto.jp/f-machi/hitoyasa.html,2026-09,1502,,
26,京都府,26209,長岡京市,,長岡京市立保健センター,,,617-0814,今里北ノ町39-5,,,http://www.city.nagaokakyo.lg.jp/0000002370.html,yes,,,,,,,,yes,,yes,,,,,,,,,,,,,,,,,,barrier_free_facility_list,京都府内のバリアフリー施設一覧,https://www.pref.kyoto.jp/f-machi/hitoyasa.html,2026-09,1503,,
26,京都府,26209,長岡京市,,京都職業能力開発促進センター （ポリテクセンター京都）,,,617-0843,友岡１丁目２番１号,,,http://www3.jeed.go.jp/kyoto/poly/,yes,,,,,,,,no,,no,,,,,,,,,,,,,,,,,,barrier_free_facility_list,京都府内のバリアフリー施設一覧,https://www.pref.kyoto.jp/f-machi/hitoyasa.html,2026-09,1504,,職員が１Ｆ事務室で筆談に応じます。 外部との出入り口に点字ブロックがあります。 公共職業訓練の施設です。 詳細は当センターのホームページをご覧下さい。
26,京都府,26209,長岡京市,,特別養護老人ホーム　竹の里ホーム,,,617-0853,奥海印寺走田1-1,,,http://takenosato-home.com/,yes,,,,,,,,no,,no,,,,,,,,,,,,,,,,,,barrier_free_facility_list,京都府内のバリアフリー施設一覧,https://www.pref.kyoto.jp/f-machi/hitoyasa.html,2026-09,1505,,
26,京都府,26209,長岡京市,,長岡京花山郵便局,,,617-0841,梅が岡１－７２－３,,,,no,,,,,,,,unknown,,unknown,,,,,,,,,,,,,,,,,,barrier_free_facility_list,京都府内のバリアフリー施設一覧,https://www.pref.kyoto.jp/f-machi/hitoyasa.html,2026-09,1506,,
26,京都府,26209,長岡京市,,長岡京市立多世代交流ふれあいセンター,,,617-0812,長法寺谷山１３の１,,,,yes,,,,,,,,yes,,yes,,,,,,,,,,,,,,,,,,barrier_free_facility_list,京都府内のバリアフリー施設一覧,https://www.pref.kyoto.jp/f-machi/hitoyasa.html,2026-09,1507,,
26,京都府,26209,長岡京市,,京都信用金庫西山天王山支店,,,617-0843,友岡4丁目22番43号,,,https://www.kyoto-shinkin.co.jp/,no,,,,,,,,no,,no,,,,,,,,,,,,,,,,,,barrier_free_facility_list,京都府内のバリアフリー施設一覧,https://www.pref.kyoto.jp/f-machi/hitoyasa.html,2026-09,1508,,
26,京都府,26209,長岡京市,,障害者支援施設晨光苑,,,617-0813,井ノ内朝日寺27番地2,,,,yes,,,,,,,,no,,no,,,,,,,,,,,,,,,,,,barrier_free_facility_list,京都府内のバリアフリー施設一覧,https://www.pref.kyoto.jp/f-machi/hitoyasa.html,2026-09,1509,,
26,京都府,26209,長岡京市,,京都銀行長岡今里支店,,,617-0814,今里３－３－１０,,,http://www.kyotobank.co.jp/,yes,,,,,,,,no,,no,,,,,,,,,,,,,,,,,,barrier_free_facility_list,京都府内のバリアフリー施設一覧,https://www.pref.kyoto.jp/f-machi/hitoyasa.html,2026-09,1510,,ATMは全台、視覚障がい者が音声ガイダンスに従ってご利用できるものとなっています。
26,京都府,26209,長岡京市,,京都銀行長岡京駅前支店長岡京駅前出張所,,,617-0833,神足2-7-25,,,http://www.kyotobank.co.jp/,no,,,,,,,,no,,no,,,,,,,,,,,,,,,,,,barrier_free_facility_list,京都府内のバリアフリー施設一覧,https://www.pref.kyoto.jp/f-machi/hitoyasa.html,2026-09,1511,,ATMは全台、視覚障がい者が音声ガイダンスに従ってご利用できるものとなっています。
26,京都府,26209,長岡京市,,京都生活協同組合　コープながおか,,,617-0843,友岡２丁目４番地２３,,,,yes,,,,,,,,yes,,yes,,,,,,,,,,,,,,,,,,barrier_free_facility_list,京都府内のバリアフリー施設一覧,https://www.pref.kyoto.jp/f-machi/hitoyasa.html,2026-09,1512,,
26,京都府,26209,長岡京市,,特別養護老人ホーム　第二天神の杜,,,617-0853,奥海印寺竹ノ下１９番地,,,http://tenjin-no-mori.or.jp/,yes,,,,,,,,yes,,no,,,,,,,,,,,,,,,,,,barrier_free_facility_list,京都府内のバリアフリー施設一覧,https://www.pref.kyoto.jp/f-machi/hitoyasa.html,2026-09,1513,,玄関のインターホンを押していただきますと、係の者がまいります。  オストメイトは２階多目的トイレにあります。
26,京都府,26209,長岡京市,,特別養護老人ホーム　天神の杜,,,617-0824,天神２丁目３番１０号,,,http://tenjin-no-mori.or.jp,yes,,,,,,,,no,,no,,,,,,,,,,,,,,,,,,barrier_free_facility_list,京都府内のバリアフリー施設一覧,https://www.pref.kyoto.jp/f-machi/hitoyasa.html,2026-09,1514,,玄関のインターホンを押していただきますと、係の者がまいります。
26,京都府,26209,長岡京市,,長岡京市役所,,,617-8501,開田一丁目1番1号,,,http://www.city.nagaokakyo.kyoto.jp/,yes,,,,,,,,yes,,yes,,,,,,,,,,,,,,,,,,barrier_free_facility_list,京都府内のバリアフリー施設一覧,https://www.pref.kyoto.jp/f-machi/hitoyasa.html,2026-09,1515,,手話通訳できる職員がいます。 職員が筆談に応じます。 ベビーカーの貸し出しがあります。
26,京都府,26209,長岡京市,,長岡京市役所分庁舎 ３,,,617-0826,開田３丁目３-３６,,,http://www.city.nagaokakyo.lg.jp/,yes,,,,,,,,yes,,no,,,,,,,,,,,,,,,,,,barrier_free_facility_list,京都府内のバリアフリー施設一覧,https://www.pref.kyoto.jp/f-machi/hitoyasa.html,2026-09,1516,,手話通訳できる職員がいます。 職員が筆談に応じます。
26,京都府,26209,長岡京市,,長岡京市立図書館,,,617-0824,天神四丁目１番１号,,,https://www.lics-saas.nexs-service.jp/nagaokakyo/,yes,yes,1・2・3,3,,,no,no,no,no,yes,no,,,lever,pull_cord,yes,yes,yes,no,no,yes,yes,no,no,yes,yes,no,barrier_free_facility_list,京都府内のバリアフリー施設一覧,https://www.pref.kyoto.jp/f-machi/hitoyasa.html,2026-09,1517,,おむつ換え用のベビーシートがあります。（1F身障者トイレ） ベビーキープがあります。（1F・2F女子トイレ、2F男子トイレ） 視覚障がい者誘導用のチャイムがあります。
26,京都府,26209,長岡京市,,阪急　長岡天神駅　　ＨＫ７７,,,617-0824,天神一丁目３０番１号,,,http://www.hankyu.co.jp/,yes,,,,,,,,yes,,yes,,,,,,,,,,,,,,,,,,barrier_free_facility_list,京都府内のバリアフリー施設一覧,https://www.pref.kyoto.jp/f-machi/hitoyasa.html,2026-09,1518,,ＡＥＤあり
26,京都府,26209,長岡京市,,阪急　西山天王山駅　　ＨＫ７６,,,617-0843,友岡4丁目22番1号,,,http://www.hankyu.co.jp/,yes,,,,,,,,yes,,yes,,,,,,,,,,,,,,,,,,barrier_free_facility_list,京都府内のバリアフリー施設一覧,https://www.pref.kyoto.jp/f-machi/hitoyasa.html,2026-09,1519,,ＡＥＤあり
26,京都府,26209,長岡京市,,長岡天満宮,,,617-0824,天神２-１５-１３,,,http://www.nagaokatenmangu.or.jp/,yes,,,,,,,,no,,no,,,,,,,,,,,,,,,,,,barrier_free_facility_list,京都府内のバリアフリー施設一覧,https://www.pref.kyoto.jp/f-machi/hitoyasa.html,2026-09,1520,,
26,京都府,26209,長岡京市,,（福）乙訓福祉会・ハイツ竹とんぼ,,,617-0856,金ヶ原平井２４,,,http://www.h2.dion.ne.jp/~otokunif/,yes,,,,,,,,no,,yes,,,,,,,,,,,,,,,,,,barrier_free_facility_list,京都府内のバリアフリー施設一覧,https://www.pref.kyoto.jp/f-machi/hitoyasa.html,2026-09,1521,,
26,京都府,26209,長岡京市,,（福）乙訓福祉会・乙訓の里・乙訓楽苑,,,617-0836,勝竜寺長黒１−３,,,http://www.h2.dion.ne.jp/~otokunif/,yes,,,,,,,,no,,yes,,,,,,,,,,,,,,,,,,barrier_free_facility_list,京都府内のバリアフリー施設一覧,https://www.pref.kyoto.jp/f-machi/hitoyasa.html,2026-09,1522,,
26,京都府,26209,長岡京市,,フレッシュバザール長岡京店,,,617-0833,神足大張１３,,,,yes,,,,,,,,yes,,yes,,,,,,,,,,,,,,,,,,barrier_free_facility_list,京都府内のバリアフリー施設一覧,https://www.pref.kyoto.jp/f-machi/hitoyasa.html,2026-09,1523,,
26,京都府,26209,長岡京市,,長岡京ホール,,,617-0814,今里更ノ町４０－３,,,,no,,,,,,,,unknown,,unknown,,,,,,,,,,,,,,,,,,barrier_free_facility_list,京都府内のバリアフリー施設一覧,https://www.pref.kyoto.jp/f-machi/hitoyasa.html,2026-09,1524,,
26,京都府,26209,長岡京市,,ドラッグユタカ長岡京店,,,617-0828,馬場図所２２－１,,,http://www.d-yutaka.co.jp/,yes,,,,,,,,no,,yes,,,,,,,,,,,,,,,,,,barrier_free_facility_list,京都府内のバリアフリー施設一覧,https://www.pref.kyoto.jp/f-machi/hitoyasa.html,2026-09,1525,,
26,京都府,26209,長岡京市,,長岡京市立北開田会館,,,617-0823,長岡１丁目３１－１５,,,https://www.city.nagaokakyo.lg.jp/0000000166.html,no,yes,1,1,,,yes,no,no,no,no,no,,,lever,button,yes,yes,yes,no,yes,no,no,yes,no,no,yes,no,barrier_free_facility_list,京都府内のバリアフリー施設一覧,https://www.pref.kyoto.jp/f-machi/hitoyasa.html,2026-09,1526,,
26,京都府,26209,長岡京市,,流域下水道事務所　洛西浄化センター,,,617-0836,勝竜寺樋ノ口町１,,,http://www.pref.kyoto.jp/ryuiki,yes,,,,,,,,no,,no,,,,,,,,,,,,,,,,,,barrier_free_facility_list,京都府内のバリアフリー施設一覧,https://www.pref.kyoto.jp/f-machi/hitoyasa.html,2026-09,1527,,その他参考ＵＲＬ　http://www.pref.kyoto.jp/gesuido/1203068624282.html
26,京都府,26209,長岡京市,,府立向日が丘支援学校,,,617-0813,井ノ内朝日寺１１,,,,no,,,,,,,,unknown,,unknown,,,,,,,,,,,,,,,,,,barrier_free_facility_list,京都府内のバリアフリー施設一覧,https://www.pref.kyoto.jp/f-machi/hitoyasa.html,2026-09,1528,,
26,京都府,26209,長岡京市,,府立西乙訓高等学校,,,617-0845,下海印寺西明寺４１,,,,no,,,,,,,,unknown,,unknown,,,,,,,,,,,,,,,,,,barrier_free_facility_list,京都府内のバリアフリー施設一覧,https://www.pref.kyoto.jp/f-machi/hitoyasa.html,2026-09,1529,,
26,京都府,26209,長岡京市,,府立乙訓高等学校,,,617-0843,友岡1丁目１－１,,,,no,,,,,,,,unknown,,unknown,,,,,,,,,,,,,,,,,,barrier_free_facility_list,京都府内のバリアフリー施設一覧,https://www.pref.kyoto.jp/f-machi/hitoyasa.html,2026-09,1530,,
26,京都府,26367,南山城村,,南山城村農林産物直売所,,,619-1411,大字北大河原小字久保1-3,,,,yes,yes,1,1,,,yes,no,no,no,no,no,,,lever,none,no,no,yes,no,no,no,no,no,no,no,no,no,barrier_free_facility_list,京都府内のバリアフリー施設一覧,https://www.pref.kyoto.jp/f-machi/hitoyasa.html,2026-09,1531,,
26,京都府,26367,南山城村,,道の駅　お茶の京都　みなみやましろ村,,,619-1411,大字北大河原小字殿田102,,,http://michinoeki.kyoto.jp,yes,yes,1,2,0,0,yes,yes,yes,no,yes,yes,,,sensor,button,yes,yes,yes,yes,yes,yes,yes,no,no,yes,yes,no,barrier_free_facility_list,京都府内のバリアフリー施設一覧,https://www.pref.kyoto.jp/f-machi/hitoyasa.html,2026-09,1532,,
26,京都府,26367,南山城村,,南山城村文化会館 やまなみホール,,,619-1411,大字北大河原小字久保８,,,http://www.vill.minamiyamashiro.lg.jp,yes,yes,1,1,,,yes,no,no,no,no,no,,,button,button,no,yes,yes,no,yes,no,yes,no,no,no,yes,no,barrier_free_facility_list,京都府内のバリアフリー施設一覧,https://www.pref.kyoto.jp/f-machi/hitoyasa.html,2026-09,1533,,
26,京都府,26367,南山城村,,南山城村立　南山城保育園,,,619-1411,大字北大河原小字中谷12-52,,,,yes,,,,,,,,no,,no,,,,,,,,,,,,,,,,,,barrier_free_facility_list,京都府内のバリアフリー施設一覧,https://www.pref.kyoto.jp/f-machi/hitoyasa.html,2026-09,1534,,
26,京都府,26367,南山城村,,南山城村農村婦人の家,,,619-1421,大字田山小字下フケ,,,,no,,,,,,,,no,,no,,,,,,,,,,,,,,,,,,barrier_free_facility_list,京都府内のバリアフリー施設一覧,https://www.pref.kyoto.jp/f-machi/hitoyasa.html,2026-09,1535,,
26,京都府,26367,南山城村,,南山城村自然の家,,,619-1421,大字田山小字ツルギ55-2,,,http://shizennoie.minamiyamashiro.org/,yes,,,,,,,,no,,no,,,,,,,,,,,,,,,,,,barrier_free_facility_list,京都府内のバリアフリー施設一覧,https://www.pref.kyoto.jp/f-machi/hitoyasa.html,2026-09,1536,,
26,京都府,26367,南山城村,,京都やましろ農業協同組合南山城村支店,,,619-1411,北大河原久保２４－２,,,,no,,,,,,,,unknown,,unknown,,,,,,,,,,,,,,,,,,barrier_free_facility_list,京都府内のバリアフリー施設一覧,https://www.pref.kyoto.jp/f-machi/hitoyasa.html,2026-09,1537,,
26,京都府,26367,南山城村,,南山城村総合グラウンド,,,619-1421,大字田山小字ツルギ５４の２,,,,yes,,,,,,,,no,,no,,,,,,,,,,,,,,,,,,barrier_free_facility_list,京都府内のバリアフリー施設一覧,https://www.pref.kyoto.jp/f-machi/hitoyasa.html,2026-09,1538,,
26,京都府,26367,南山城村,,南山城村保健福祉センター,,,619-1411,北大河原大稲葉４－１０,,,,no,,,,,,,,unknown,,unknown,,,,,,,,,,,,,,,,,,barrier_free_facility_list,京都府内のバリアフリー施設一覧,https://www.pref.kyoto.jp/f-machi/hitoyasa.html,2026-09,1539,,
26,京都府,26367,南山城村,,南山城村役場,,,619-1411,北大河原久保１４－１,,,,no,,,,,,,,unknown,,unknown,,,,,,,,,,,,,,,,,,barrier_free_facility_list,京都府内のバリアフリー施設一覧,https://www.pref.kyoto.jp/f-machi/hitoyasa.html,2026-09,1540,,
26,京都府,26367,南山城村,,レイクフォレストリゾート,,,619-1412,南大河原新林,,,,no,,,,,,,,unknown,,unknown,,,,,,,,,,,,,,,,,,barrier_free_facility_list,京都府内のバリアフリー施設一覧,https://www.pref.kyoto.jp/f-machi/hitoyasa.html,2026-09,1541,,
26,京都府,26213,南丹市,,京都るり渓温泉 for REST RESORT,,,622-0065,園部町大河内広谷1-14,,,http;//rurikei.jp/,,yes,"1,2",2,,,yes,no,no,no,yes,no,,,button,button,yes,yes,yes,no,no,no,no,no,no,no,yes,no,barrier_free_facility_list,京都府内のバリアフリー施設一覧,https://www.pref.kyoto.jp/f-machi/hitoyasa.html,2026-09,1542,,
26,京都府,26213,南丹市,,南丹市役所　本庁　４号庁舎,,,622-8651,園部町小桜町２８番地,,,https://www.city.nantan.kyoto.jp/www/,,yes,1,1,,,yes,no,no,no,no,no,,,button,button,yes,no,yes,yes,no,yes,no,no,no,no,no,no,barrier_free_facility_list,京都府内のバリアフリー施設一覧,https://www.pref.kyoto.jp/f-machi/hitoyasa.html,2026-09,1543,,
26,京都府,26213,南丹市,,南丹市役所　本庁　３号庁舎,,,622-8651,園部町小桜町４７番地,,,https://www.city.nantan.kyoto.jp/www/,,yes,1,1,,,yes,no,no,no,yes,no,,,button,button,yes,yes,yes,no,no,no,no,yes,no,no,no,no,barrier_free_facility_list,京都府内のバリアフリー施設一覧,https://www.pref.kyoto.jp/f-machi/hitoyasa.html,2026-09,1544,,
26,京都府,26213,南丹市,,南丹市役所　本庁　２号庁舎,,,622-8651,園部町小桜町４７番地,,,https://www.city.nantan.kyoto.jp/www/,yes,yes,1,1,,,yes,no,yes,no,no,no,,,lever,none,no,yes,,no,,no,,yes,no,no,no,no,barrier_free_facility_list,京都府内のバリアフリー施設一覧,https://www.pref.kyoto.jp/f-machi/hitoyasa.html,2026-09,1545,,
26,京都府,26213,南丹市,,ふるさと丹波路直売所,,,622-0056,園部町埴生中西123-1番地,,,,,,,,,,,,,,,,,,,,no,no,yes,no,no,no,no,yes,no,no,no,no,barrier_free_facility_list,京都府内のバリアフリー施設一覧,https://www.pref.kyoto.jp/f-machi/hitoyasa.html,2026-09,1546,,
26,京都府,26213,南丹市,,道の駅　美山ふれあい広場,,,601-0722,美山町安掛下23番地1,,,https://kyotomiyama.jp/sightseeing/fureaihiroba,,yes,1,0,,,no,no,no,no,no,no,,,button,button,yes,no,no,yes,yes,no,no,no,no,,no,,barrier_free_facility_list,京都府内のバリアフリー施設一覧,https://www.pref.kyoto.jp/f-machi/hitoyasa.html,2026-09,1547,,
26,京都府,26213,南丹市,,南丹市社会福祉協議会日吉支所,,,,日吉町保野田垣ノ内6－4,,,,,,,,,,,,,,,,,,,,,,,,,,,,,,,,barrier_free_facility_list,京都府内のバリアフリー施設一覧,https://www.pref.kyoto.jp/f-machi/hitoyasa.html,2026-09,1548,,
26,京都府,26213,南丹市,,南丹市社会福祉協議会八木支所,,,,八木町西田山崎17,,,,,,,,,,,,,,,,,,,,,,,,,,,,,,,,barrier_free_facility_list,京都府内のバリアフリー施設一覧,https://www.pref.kyoto.jp/f-machi/hitoyasa.html,2026-09,1549,,
26,京都府,26213,南丹市,,大野屋,,,601-0772,美山町大野広畑1番地2,,,,,yes,1,1,,,yes,yes,no,no,no,no,,,lever,button,yes,yes,yes,no,no,no,no,no,no,no,no,no,barrier_free_facility_list,京都府内のバリアフリー施設一覧,https://www.pref.kyoto.jp/f-machi/hitoyasa.html,2026-09,1550,,
26,京都府,26213,南丹市,,京都銀行園部支店,,,622-0002,園部町美園町6-128,,,http://www.kyotobank.co.jp/,no,no,,,,,,,no,,no,,,,none,none,,,,,,,,,,,,,barrier_free_facility_list,京都府内のバリアフリー施設一覧,https://www.pref.kyoto.jp/f-machi/hitoyasa.html,2026-09,1551,,ATMは全台、視覚障がい者が音声ガイダンスに従ってご利用できるものとなっています。
26,京都府,26213,南丹市,,京都信用金庫八木支店,,,629-0141,八木町八木杉ノ前45番地1,,,http://www.kyoto-shinkin.co.jp/,no,no,,,,,unknown,unknown,unknown,unknown,unknown,unknown,,,unknown,unknown,unknown,unknown,unknown,unknown,unknown,unknown,unknown,unknown,unknown,unknown,unknown,unknown,barrier_free_facility_list,京都府内のバリアフリー施設一覧,https://www.pref.kyoto.jp/f-machi/hitoyasa.html,2026-09,1552,,
26,京都府,26213,南丹市,,園部税務署,,,622-8501,園部町小山東町平成台1号11,,,http://www.nta.go.jp/osaka/guide/zeimusho/kyoto/sonobe/,yes,no,,,,,,,no,,yes,,,,,,,,,,,,,,,,,,barrier_free_facility_list,京都府内のバリアフリー施設一覧,https://www.pref.kyoto.jp/f-machi/hitoyasa.html,2026-09,1553,,
26,京都府,26213,南丹市,,JR　園部駅,,,622-0041,園部町小山東町溝辺無番地,,,http://www.jr-odekake.net/eki/top.php?id=0630707,no,no,,,,,,,unknown,,unknown,,,,,,,,,,,,,,,,,,barrier_free_facility_list,京都府内のバリアフリー施設一覧,https://www.pref.kyoto.jp/f-machi/hitoyasa.html,2026-09,1554,,詳しくは上記ホームページをご参照ください。
26,京都府,26213,南丹市,,JR　吉富駅,,,629-0165,八木町字木原小字ヒジガ坪16番地2,,,http://www.jr-odekake.net/eki/top.php?id=0630706,no,no,,,,,,,unknown,,unknown,,,,,,,,,,,,,,,,,,barrier_free_facility_list,京都府内のバリアフリー施設一覧,https://www.pref.kyoto.jp/f-machi/hitoyasa.html,2026-09,1555,,詳しくは上記ホームページをご参照ください。
26,京都府,26213,南丹市,,JR　八木駅,,,629-0141,八木町字八木小字上野34番地1,,,http://www.jr-odekake.net/eki/top.php?id=0630705,no,no,,,,,,,unknown,,unknown,,,,,,,,,,,,,,,,,,barrier_free_facility_list,京都府内のバリアフリー施設一覧,https://www.pref.kyoto.jp/f-machi/hitoyasa.html,2026-09,1556,,詳しくは上記ホームページをご参照ください。
26,京都府,26213,南丹市,,高齢者総合福祉施設　美山やすらぎホーム,,,601-0751,美山町島小栗栖山13番地1,,,http://www.hokusoukai.com/,yes,yes,1,1,,,yes,no,no,no,no,no,,,button,button,no,yes,yes,no,no,no,no,yes,no,no,no,no,barrier_free_facility_list,京都府内のバリアフリー施設一覧,https://www.pref.kyoto.jp/f-machi/hitoyasa.html,2026-09,1557,,京都おもいやり駐車場の1台スペースは車椅子使用者用と同じ場所に設置している
26,京都府,26213,南丹市,,社会福祉法人 京丹波福祉会 あしたーる工房,,,622-0051,園部町横田７号７番地,,,,yes,yes,1.2,2,,,no,yes,no,no,no,no,,,lever,pull_cord,yes,yes,yes,no,no,no,no,no,no,no,yes,no,barrier_free_facility_list,京都府内のバリアフリー施設一覧,https://www.pref.kyoto.jp/f-machi/hitoyasa.html,2026-09,1558,,飲食施設；施設内の給食での対応です。そのほか、毎週水曜日に工房内でパンの地域販売を行っています。
26,京都府,26213,南丹市,,ケアハウス美山,,,601-0751,美山町島小栗栖山13,,,http://www.hokusoukai.com/,yes,yes,1,2,,,yes,no,no,no,no,no,,,lever,button,no,yes,yes,no,no,no,no,no,no,no,no,no,barrier_free_facility_list,京都府内のバリアフリー施設一覧,https://www.pref.kyoto.jp/f-machi/hitoyasa.html,2026-09,1559,,
26,京都府,26213,南丹市,,道の駅　京都新光悦村,,,622-0025,園部町曽我谷縄手１５－３,,,http://www.cans.zaq.ne.jp/ekikouetsu/,yes,yes,1,,1,1,no,no,yes,no,yes,no,,,other,pull_cord,yes,yes,yes,no,yes,no,no,no,no,no,yes,no,barrier_free_facility_list,京都府内のバリアフリー施設一覧,https://www.pref.kyoto.jp/f-machi/hitoyasa.html,2026-09,1560,,
26,京都府,26213,南丹市,,特別養護老人ホームヴィラ多国山,,,629-0134,八木町西田早田3番地,,,,yes,no,,,,,,,yes,,no,,,,,,,,,,,,,,,,,,barrier_free_facility_list,京都府内のバリアフリー施設一覧,https://www.pref.kyoto.jp/f-machi/hitoyasa.html,2026-09,1561,,
26,京都府,26213,南丹市,,京都地方裁判所園部支部,,,622-0004,園部町小桜町３０,,,https//www.courts.go.jp/kyoto/about_tiho/syozai/index.html,yes,yes,,,,,,,yes,,yes,,,,,,,,,unknown,yes,yes,yes,,,no,,,barrier_free_facility_list,京都府内のバリアフリー施設一覧,https://www.pref.kyoto.jp/f-machi/hitoyasa.html,2026-09,1562,,
26,京都府,26213,南丹市,,京都府立府民の森ひよし,,,629-0334,日吉町天若上ノ所25,,,http://forest-hiyoshi.jp/,yes,yes,1,3,,,no,no,yes,no,yes,no,,,button,button,yes,no,no,no,no,no,no,no,no,no,no,,barrier_free_facility_list,京都府内のバリアフリー施設一覧,https://www.pref.kyoto.jp/f-machi/hitoyasa.html,2026-09,1563,,宿泊施設はメインキャビン、サブキャビンがあり、内サブキャビンの1棟が身障者対応になっています。
26,京都府,26213,南丹市,,南丹市国際交流会館,,,622-0004,園部町小桜町６２番地の１,,,https://nantan-joho.com/kokusaikouryukaikan/,yes,yes,1、3,2,,,,,no,,no,yes,,,lever,none,yes,yes,yes,,,yes,,no,no,no,no,no,barrier_free_facility_list,京都府内のバリアフリー施設一覧,https://www.pref.kyoto.jp/f-machi/hitoyasa.html,2026-09,1564,,職員が受付で筆談に応じます。 ファックス送信サービス（有料）あります。 外部との出入り口に点字ブロックがあります。
26,京都府,26213,南丹市,,鶴ヶ岡介護予防拠点施設,,,601-0762,美山町鶴ヶ岡新釈迦堂前１番地,,,,yes,yes,1,1,,,yes,yes,no,no,yes,no,,,button,none,yes,yes,yes,yes,yes,no,no,no,no,,yes,no,barrier_free_facility_list,京都府内のバリアフリー施設一覧,https://www.pref.kyoto.jp/f-machi/hitoyasa.html,2026-09,1565,,
26,京都府,26213,南丹市,,京都府立農芸高等学校,,,622-0059,園部町南大谷,,,http://www1.kyoto-be.ne.jp/nougei-hs/,yes,yes,1,1,,,no,no,no,no,no,no,,,button,button,yes,no,no,no,no,no,no,no,no,no,no,no,barrier_free_facility_list,京都府内のバリアフリー施設一覧,https://www.pref.kyoto.jp/f-machi/hitoyasa.html,2026-09,1566,,トイレは２棟のみ
26,京都府,26213,南丹市,,京都府立園部高等学校,,,622-0004,園部町小桜町９７,,,http://www.kyoto-be.ne.jp/sonobe-hs,yes,yes,1,1,,,no,no,no,no,no,no,,,sensor,button,yes,yes,yes,no,no,no,no,yes,no,no,no,no,barrier_free_facility_list,京都府内のバリアフリー施設一覧,https://www.pref.kyoto.jp/f-machi/hitoyasa.html,2026-09,1567,,手すり付き男子用小便器は管理棟１階にあります。
26,京都府,26213,南丹市,,京都府立口丹波勤労者福祉会館,,,629-0134,八木町西田金井畠９,,,http://www.quaspokuchitan.com/,yes,yes,1,1,,,no,no,yes,no,yes,no,,,button,button,yes,yes,yes,no,no,no,no,no,no,no,yes,no,barrier_free_facility_list,京都府内のバリアフリー施設一覧,https://www.pref.kyoto.jp/f-machi/hitoyasa.html,2026-09,1568,,
26,京都府,26213,南丹市,,るり渓少年自然の家,,,622-0065,園部町大河内小米阪１番地９,,,http://www.kyoto-rurikei.jp/,yes,yes,1,1,,,yes,no,no,no,no,no,,,button,none,yes,yes,yes,no,no,no,no,yes,unknown,unknown,unknown,unknown,barrier_free_facility_list,京都府内のバリアフリー施設一覧,https://www.pref.kyoto.jp/f-machi/hitoyasa.html,2026-09,1569,,飲食施設：刻み食、減塩、ハラル対応については、要相談。
26,京都府,26213,南丹市,,道の駅スプリングスひよし,,,629-0335,日吉町中宮ノ向８番地,,,http://www.springs-hiyoshi.co.jp/,yes,yes,1,2,,,yes,no,no,,yes,no,,,button,button,no,yes,yes,no,no,no,no,no,no,yes,yes,no,barrier_free_facility_list,京都府内のバリアフリー施設一覧,https://www.pref.kyoto.jp/f-machi/hitoyasa.html,2026-09,1570,,車いす使用者用トイレは、館内と屋外に各１個あります。  快適なプールと天然温泉で心身ともにリフレッシュ！ 野外ジャグジーや屋内サンデッキがある年中利用ＯＫのプールゾーン、天然温泉(露天風呂、サウナ、内湯)や地域産品を使った料理を楽しめ、清らかな小川の流れる芝生広場での散歩が楽しめます。また家族揃ってのＢＢＱなども楽しめる施設も充実。近くには日吉ダム・府民の森ひよし・天若湖と自然の満喫には絶好。ぜひお越し下さい。
26,京都府,26213,南丹市,,京都府立北桑田高等学校美山分校,,,601-0721,美山町上平屋梁ヶ瀬9番地2,,,http://www.kyoto-be.ne.jp/miyama-kitakuwada-hs/,no,no,,,,,unknown,unknown,unknown,unknown,unknown,unknown,,,none,button,yes,yes,yes,no,no,no,no,yes,no,no,no,no,barrier_free_facility_list,京都府内のバリアフリー施設一覧,https://www.pref.kyoto.jp/f-machi/hitoyasa.html,2026-09,1571,,
26,京都府,26213,南丹市,,南丹市園部文化会館,,,622-8651,園部町上本町南2番地22,,,https://www.city.nantan.kyoto.jp/www/life/112/014/index.html,yes,yes,1,0,,,yes,no,yes,no,yes,yes,,,lever,button,yes,yes,yes,yes,yes,yes,yes,yes,no,no,yes,no,barrier_free_facility_list,京都府内のバリアフリー施設一覧,https://www.pref.kyoto.jp/f-machi/hitoyasa.html,2026-09,1572,,
26,京都府,26213,南丹市,,美山中郵便局,,,601-0713,美山町中上前５５－１,,,,no,,,,,,,,unknown,,unknown,,,,,,,,,,,,,,,,,,barrier_free_facility_list,京都府内のバリアフリー施設一覧,https://www.pref.kyoto.jp/f-machi/hitoyasa.html,2026-09,1573,,
26,京都府,26213,南丹市,,健楽憩の園,,,622-0021,園部町瓜生野新光悦村30,,,,no,,,,,,,,no,,no,,,,,,,,,,,,,,,,,,barrier_free_facility_list,京都府内のバリアフリー施設一覧,https://www.pref.kyoto.jp/f-machi/hitoyasa.html,2026-09,1574,,
26,京都府,26213,南丹市,,園部公園（小桜駐車場）,,,622-0004,園部町小桜町95番地・96番地,,,,no,,,,,,,,no,,no,,,,,,,,,,,,,,,,,,barrier_free_facility_list,京都府内のバリアフリー施設一覧,https://www.pref.kyoto.jp/f-machi/hitoyasa.html,2026-09,1575,,
26,京都府,26213,南丹市,,南丹市役所美山支所,,,601-0797,美山町島島台51番地,,,,no,,,,,,,,no,,no,,,,,,,,,,,,,,,,,,barrier_free_facility_list,京都府内のバリアフリー施設一覧,https://www.pref.kyoto.jp/f-machi/hitoyasa.html,2026-09,1576,,
26,京都府,26213,南丹市,,京都地方法務局園部支局,,,622-0041,園部町小山東町平成台一号17,,,,yes,,,,,,,,yes,,no,,,,,,,,,,,,,,,,,,barrier_free_facility_list,京都府内のバリアフリー施設一覧,https://www.pref.kyoto.jp/f-machi/hitoyasa.html,2026-09,1577,,
26,京都府,26213,南丹市,,社会福祉法人　あけぼの学園八木寮,,,629-0141,八木町八木奥山1番地15,,,http://www.cans.zaq.ne.jp/akebonogakuen/,no,,,,,,,,unknown,,unknown,,,,,,,,,,,,,,,,,,barrier_free_facility_list,京都府内のバリアフリー施設一覧,https://www.pref.kyoto.jp/f-machi/hitoyasa.html,2026-09,1578,,
26,京都府,26213,南丹市,,社会福祉法人　あけぼの学園るりけい寮,,,622-0066,園部町南八田ノ田20番地,,,http://www.cans.zaq.ne.jp/akebonogakuen/index.html,no,,,,,,,,unknown,,unknown,,,,,,,,,,,,,,,,,,barrier_free_facility_list,京都府内のバリアフリー施設一覧,https://www.pref.kyoto.jp/f-machi/hitoyasa.html,2026-09,1579,,
26,京都府,26213,南丹市,,ハローワーク園部（京都西陣公共職業安定所園部出張所）,,,622-0001,園部町宮町71,,,,yes,,,,,,,,no,,yes,,,,,,,,,,,,,,,,,,barrier_free_facility_list,京都府内のバリアフリー施設一覧,https://www.pref.kyoto.jp/f-machi/hitoyasa.html,2026-09,1580,,
26,京都府,26213,南丹市,,ドラッグユタカ園部店,,,622-0011,園部町上木崎町四辻１５－１,,,http://www.d-yutaka.co.jp/,no,yes,1,,1,,yes,no,no,no,unknown,yes,,,lever,button,yes,yes,yes,yes,yes,yes,yes,no,yes,no,no,no,barrier_free_facility_list,京都府内のバリアフリー施設一覧,https://www.pref.kyoto.jp/f-machi/hitoyasa.html,2026-09,1581,,
26,京都府,26213,南丹市,,明治国際医療大学附属病院Ａ駐車場,,,629-0392,日吉町保野田ヒノ谷６番地１,,,,no,,,,,,,,unknown,,unknown,,,,,,,,,,,,,,,,,,barrier_free_facility_list,京都府内のバリアフリー施設一覧,https://www.pref.kyoto.jp/f-machi/hitoyasa.html,2026-09,1582,,
26,京都府,26213,南丹市,,園部労働基準監督署,,,622-0003,園部町新町118-13,,,,no,,,,,,,,no,,no,,,,,,,,,,,,,,,,,,barrier_free_facility_list,京都府内のバリアフリー施設一覧,https://www.pref.kyoto.jp/f-machi/hitoyasa.html,2026-09,1583,,
26,京都府,26213,南丹市,,公立南丹病院,,,629-0197,八木町八木上野25,,,http://www.nantanhosp.or.jp,yes,,,,,,,,no,,yes,,,,,,,,,,,,,,,,,,barrier_free_facility_list,京都府内のバリアフリー施設一覧,https://www.pref.kyoto.jp/f-machi/hitoyasa.html,2026-09,1584,,
26,京都府,26213,南丹市,,南丹市美山文化ホール,,,601-0797,美山町島島台５１番地,,,,yes,,,,,,,,no,,no,,,,,,,,,,,,,,,,,,barrier_free_facility_list,京都府内のバリアフリー施設一覧,https://www.pref.kyoto.jp/f-machi/hitoyasa.html,2026-09,1585,,おむつ換え用のベビーシートが女性用便所内にあります。 職員が事務室で筆談に応じます。 外部との出入り口に点字ブロックがあります。 図書室の貸し出しは、市内に住所を有するか勤務されている方のみです。 閲覧はどなたでも可能です。
26,京都府,26213,南丹市,,南丹市役所美山支社,,,601-0751,美山町島島台５１番地,,,,no,,,,,,,,unknown,,unknown,,,,,,,,,,,,,,,,,,barrier_free_facility_list,京都府内のバリアフリー施設一覧,https://www.pref.kyoto.jp/f-machi/hitoyasa.html,2026-09,1586,,
26,京都府,26213,南丹市,,南丹市社会福祉協議会,,,629-0301,日吉町保野田垣ノ内11,,,http://care-net.biz/26/nantanshakyo/index.php,no,,,,,,,,unknown,,unknown,,,,,,,,,,,,,,,,,,barrier_free_facility_list,京都府内のバリアフリー施設一覧,https://www.pref.kyoto.jp/f-machi/hitoyasa.html,2026-09,1587,,おもいやり駐車場は各支所にもあります。 八木支所　車いすマーク駐車場２台 日吉支所　車いすマーク駐車場１台 美山支所　車いすマーク駐車場１台
26,京都府,26213,南丹市,,（有）かやぶきの里,,,601-0712,美山町北揚石２１－１,,,http://www.kayabukinosato.com,yes,,,,,,,,no,,yes,,,,,,,,,,,,,,,,,,barrier_free_facility_list,京都府内のバリアフリー施設一覧,https://www.pref.kyoto.jp/f-machi/hitoyasa.html,2026-09,1588,,かやぶきの里・北村 「重要伝統的建造物群保存地区」
26,京都府,26213,南丹市,,南丹市日吉町郷土資料館,,,629-0334,日吉町天若登地谷7番地,,,http://www.be.city.nantan.kyoto.jp/hiyoshi-shiryokan/,yes,,,,,,,,no,,no,,,,,,,,,,,,,,,,,,barrier_free_facility_list,京都府内のバリアフリー施設一覧,https://www.pref.kyoto.jp/f-machi/hitoyasa.html,2026-09,1589,,身障者用おむつ交換台あり
26,京都府,26213,南丹市,,日吉ダムインフォギャラリー&ビジターセンター,,,629-0335,日吉町中神子ヶ谷６８番地,,,http://www.water.go.jp/kansai/hiyoshi/in,yes,,,,,,,,no,,no,,,,,,,,,,,,,,,,,,barrier_free_facility_list,京都府内のバリアフリー施設一覧,https://www.pref.kyoto.jp/f-machi/hitoyasa.html,2026-09,1590,,
26,京都府,26213,南丹市,,株式会社セレマ園部シティーホール,,,622-0041,園部町小山東町後谷１－１,,,,yes,,,,,,,,no,,no,,,,,,,,,,,,,,,,,,barrier_free_facility_list,京都府内のバリアフリー施設一覧,https://www.pref.kyoto.jp/f-machi/hitoyasa.html,2026-09,1591,,
26,京都府,26213,南丹市,,南丹市役所　本庁1号庁舎,,,622-8651,園部町小桜町47番地,,,https://www.city.nantan.kyoto.jp/www/,no,yes,1,1,,,yes,no,no,no,no,yes,,,lever,button,no,yes,yes,no,no,no,no,yes,no,no,yes,no,barrier_free_facility_list,京都府内のバリアフリー施設一覧,https://www.pref.kyoto.jp/f-machi/hitoyasa.html,2026-09,1592,,
26,京都府,26213,南丹市,,南丹市日吉胡麻基幹集落センター,,,629-0311,日吉町胡麻才ノ本10番地1,,,,no,,,,,,,,unknown,,unknown,,,,,,,,,,,,,,,,,,barrier_free_facility_list,京都府内のバリアフリー施設一覧,https://www.pref.kyoto.jp/f-machi/hitoyasa.html,2026-09,1593,,
26,京都府,26213,南丹市,,日吉郵便局,,,629-0399,日吉町保野田市野６－８,,,http://map.japanpost.jp/pc/syousai.php?id=300144035000,no,,,,,,,,no,,no,,,,,,,,,,,,,,,,,,barrier_free_facility_list,京都府内のバリアフリー施設一覧,https://www.pref.kyoto.jp/f-machi/hitoyasa.html,2026-09,1594,,
26,京都府,26213,南丹市,,南丹市役所日吉支所,,,629-0398,日吉町保野田市野3番地1,,,,no,,,,,,,,no,,no,,,,,,,,,,,,,,,,,,barrier_free_facility_list,京都府内のバリアフリー施設一覧,https://www.pref.kyoto.jp/f-machi/hitoyasa.html,2026-09,1595,,
26,京都府,26213,南丹市,,カトリック丹波教会園部聖堂,,,622-0003,園部町新町１１８,,,,no,,,,,,,,unknown,,unknown,,,,,,,,,,,,,,,,,,barrier_free_facility_list,京都府内のバリアフリー施設一覧,https://www.pref.kyoto.jp/f-machi/hitoyasa.html,2026-09,1596,,
26,京都府,26213,南丹市,,園部郵便局,,,622-0014,園部町上本町南２－１０,,,http://map.japanpost.jp/pc/syousai.php?id=300144178000,no,,,,,,,,unknown,,unknown,,,,,,,,,,,,,,,,,,barrier_free_facility_list,京都府内のバリアフリー施設一覧,https://www.pref.kyoto.jp/f-machi/hitoyasa.html,2026-09,1597,,
26,京都府,26213,南丹市,,スーパーマツモト新そのべ店,,,622-0011,園部町上木崎町寺ノ下１４－５,,,,yes,,,,,,,,no,,yes,,,,,,,,,,,,,,,,,,barrier_free_facility_list,京都府内のバリアフリー施設一覧,https://www.pref.kyoto.jp/f-machi/hitoyasa.html,2026-09,1598,,
26,京都府,26213,南丹市,,京都府南丹警察署,,,622-0014,園部町上本町南２-５,,,http://www.pref.kyoto.jp/fukei/,yes,yes,1,0,,,no,no,yes,no,no,no,,,button,button,no,yes,yes,no,no,no,no,yes,no,no,yes,no,barrier_free_facility_list,京都府内のバリアフリー施設一覧,https://www.pref.kyoto.jp/f-machi/hitoyasa.html,2026-09,1599,,
26,京都府,26213,南丹市,,フレッシュバザール園部店,,,622-0015,園部町木崎町藪中３１－１,,,http://www.sato-kyoto.com/,yes,,,,,,,,yes,,yes,,,,,,,,,,,,,,,,,,barrier_free_facility_list,京都府内のバリアフリー施設一覧,https://www.pref.kyoto.jp/f-machi/hitoyasa.html,2026-09,1600,,
26,京都府,26213,南丹市,,南丹市保健福祉センター（美山分室）,,,601-0722,美山町安掛下8,,,,yes,,,,,,,,no,,yes,,,,,,,,,,,,,,,,,,barrier_free_facility_list,京都府内のバリアフリー施設一覧,https://www.pref.kyoto.jp/f-machi/hitoyasa.html,2026-09,1601,,
26,京都府,26213,南丹市,,南丹市保健福祉センター,,,622-0004,園部町小桜町61－5,,,,yes,,,,,,,,no,,yes,,,,,,,,yes,,yes,,yes,,,,,,barrier_free_facility_list,京都府内のバリアフリー施設一覧,https://www.pref.kyoto.jp/f-machi/hitoyasa.html,2026-09,1602,,
26,京都府,26213,南丹市,,南丹市役所八木支所　来客駐車場,,,629-0198,八木町八木東久保29番地1,,,http://www.city.nantan.kyoto.jp/,no,,,,,,,,yes,,yes,,,,,,,,,,,,,,,,,,barrier_free_facility_list,京都府内のバリアフリー施設一覧,https://www.pref.kyoto.jp/f-machi/hitoyasa.html,2026-09,1603,,職員が窓口で筆談に応じます。 外部との出入り口に点字ブロックがあります。
26,京都府,26213,南丹市,,京都信用金庫園部支店,,,622-0013,園部町本町４１,,,http://www.kyoto-shinkin.co.jp/,yes,,,,,,,,yes,,yes,,,,,,,,,,,,,,,,,,barrier_free_facility_list,京都府内のバリアフリー施設一覧,https://www.pref.kyoto.jp/f-machi/hitoyasa.html,2026-09,1604,,音声案内は、ATM操作音声案内が3台ございます。インターフォンでお呼びくだされば付添いご案内いたします。 歩行者用点字ブロックがございます。
26,京都府,26213,南丹市,,平屋郵便局,,,601-0722,美山町安掛中野２３－１,,,,no,,,,,,,,unknown,,unknown,,,,,,,,,,,,,,,,,,barrier_free_facility_list,京都府内のバリアフリー施設一覧,https://www.pref.kyoto.jp/f-machi/hitoyasa.html,2026-09,1605,,
26,京都府,26213,南丹市,,美山虹の湖郵便局,,,601-0772,美山町大野道ノ間１６番地２,,,,no,,,,,,,,unknown,,unknown,,,,,,,,,,,,,,,,,,barrier_free_facility_list,京都府内のバリアフリー施設一覧,https://www.pref.kyoto.jp/f-machi/hitoyasa.html,2026-09,1606,,
26,京都府,26213,南丹市,,府立丹波支援学校,,,629-0154,八木町柴山坊田１１８,,,,no,,,,,,,,unknown,,unknown,,,,,,,,,,,,,,,,,,barrier_free_facility_list,京都府内のバリアフリー施設一覧,https://www.pref.kyoto.jp/f-machi/hitoyasa.html,2026-09,1607,,
26,京都府,26213,南丹市,,京都府園部総合庁舎,,,622-0041,園部町小山東町藤ノ木２１,,,,no,,,,,,,,unknown,,unknown,,,,,,,,,,,,,,,,,,barrier_free_facility_list,京都府内のバリアフリー施設一覧,https://www.pref.kyoto.jp/f-machi/hitoyasa.html,2026-09,1608,,
26,京都府,26213,南丹市,,南丹市立文化博物館,,,622-0004,園部町小桜町63番地,,,http://www.be.city.nantan.kyoto.jp/hakub,yes,,,,,,,,no,,no,,,,,,,,,,,,,,,,,,barrier_free_facility_list,京都府内のバリアフリー施設一覧,https://www.pref.kyoto.jp/f-machi/hitoyasa.html,2026-09,1609,,
26,京都府,26213,南丹市,,南丹市立中央図書館,,,622-0004,園部町小桜町６３番地,,,https://www.lics-saas.nexs-service.jp/nantan/,yes,yes,1,1,,,no,no,no,no,no,no,,,button,button,yes,yes,yes,no,no,yes,yes,no,no,no,yes,no,barrier_free_facility_list,京都府内のバリアフリー施設一覧,https://www.pref.kyoto.jp/f-machi/hitoyasa.html,2026-09,1610,,
26,京都府,26213,南丹市,,医療法人社団菫会　園部病院,,,622-0002,園部町美園町5号8番地7,,,https://sonobe-hp.site,yes,yes,1,1,,,yes,no,no,no,no,no,,,lever,button,yes,yes,yes,no,no,no,no,no,no,no,no,no,barrier_free_facility_list,京都府内のバリアフリー施設一覧,https://www.pref.kyoto.jp/f-machi/hitoyasa.html,2026-09,1611,,
26,京都府,26213,南丹市,,医療法人川西診療所,,,622-0001,園部町宮町３６,,,,yes,,,,,,,,no,,no,,,,,,,,,,,,,,,,,,barrier_free_facility_list,京都府内のバリアフリー施設一覧,https://www.pref.kyoto.jp/f-machi/hitoyasa.html,2026-09,1612,,
26,京都府,26213,南丹市,,南丹市美山長谷運動公園,,,601-0752,美山町長谷中西通り,,,,yes,,,,,,,,no,,no,,,,,,,,,,,,,,,,,,barrier_free_facility_list,京都府内のバリアフリー施設一覧,https://www.pref.kyoto.jp/f-machi/hitoyasa.html,2026-09,1613,,利用するにあたり申込が必要です。 申込は、利用日の６ヶ月前から受付けます
26,京都府,26213,南丹市,,南丹市八木文覚ふれあい公園,,,629-0102,八木室橋山田７,,,,yes,,,,,,,,no,,no,,,,,,,,,,,,,,,,,,barrier_free_facility_list,京都府内のバリアフリー施設一覧,https://www.pref.kyoto.jp/f-machi/hitoyasa.html,2026-09,1614,,
26,京都府,26213,南丹市,,総合老人福祉の園　はぎの里,,,629-0311,日吉町胡麻萩原15番地,,,http://www.cans.zaq.ne.jp/haginosato/,yes,,,,,,,,yes,,no,,,,,,,,,,,,,,,,,,barrier_free_facility_list,京都府内のバリアフリー施設一覧,https://www.pref.kyoto.jp/f-machi/hitoyasa.html,2026-09,1615,,
26,京都府,26213,南丹市,,京都府南丹保健所,,,622-0041,園部町小山東町藤ノ木21,,,http://www.pref.kyoto.jp/nantan/ho-kikaku/,yes,,,,,,,,no,,yes,,,,,,,,,,,,,,,,,,barrier_free_facility_list,京都府内のバリアフリー施設一覧,https://www.pref.kyoto.jp/f-machi/hitoyasa.html,2026-09,1616,,
26,京都府,26210,八幡市,,ドラッグユタカ　八幡軸店,,,614-8073,八幡軸35番1,,,http://www.d-yutaka.co.jp/,yes,yes,1,1,0,1,yes,no,no,no,no,no,,,button,button,no,yes,yes,no,no,no,no,no,no,no,no,no,barrier_free_facility_list,京都府内のバリアフリー施設一覧,https://www.pref.kyoto.jp/f-machi/hitoyasa.html,2026-09,1617,,
26,京都府,26210,八幡市,,洋服の青山　松井山手店,,,614-8297,欽明台西48,,,,yes,no,,,,,unknown,unknown,unknown,unknown,unknown,unknown,,,unknown,unknown,yes,yes,yes,no,yes,no,no,no,no,no,yes,no,barrier_free_facility_list,京都府内のバリアフリー施設一覧,https://www.pref.kyoto.jp/f-machi/hitoyasa.html,2026-09,1618,,
26,京都府,26210,八幡市,,ドコモショップ　京都八幡店,,,614-8041,八幡吉原9-5　松花堂ショッピングモール内,,,https://www.nttdocomo.co.jp,yes,yes,1,1,,,yes,no,no,no,yes,no,,,button,none,no,no,yes,no,no,no,no,no,no,no,yes,yes,barrier_free_facility_list,京都府内のバリアフリー施設一覧,https://www.pref.kyoto.jp/f-machi/hitoyasa.html,2026-09,1619,,
26,京都府,26210,八幡市,,社会医療法人美杉会　男山病院,,,614-8366,男山泉19番地,,,http://www.misugikai.jp/otokoyama/,yes,yes,,,,,,,yes,,yes,,,,,,,,,,,,,no,no,no,yes,yes,barrier_free_facility_list,京都府内のバリアフリー施設一覧,https://www.pref.kyoto.jp/f-machi/hitoyasa.html,2026-09,1620,,
26,京都府,26210,八幡市,,八幡市立子ども・子育て支援センター,,,614-8296,欽明台東2-1,,,http://www.city.yawata.kyoto.jp/,yes,yes,1,1,,,yes,no,no,no,yes,yes,,,button,button,yes,yes,yes,no,no,yes,yes,no,no,yes,yes,yes,barrier_free_facility_list,京都府内のバリアフリー施設一覧,https://www.pref.kyoto.jp/f-machi/hitoyasa.html,2026-09,1621,,
26,京都府,26210,八幡市,,DCM八幡店,,,614-8042,八幡盛戸94,,,https://www.dcm-hc.co.jp/,yes,no,1,1,,,yes,no,no,no,no,no,,,button,button,yes,yes,yes,no,yes,no,yes,no,no,no,no,no,barrier_free_facility_list,京都府内のバリアフリー施設一覧,https://www.pref.kyoto.jp/f-machi/hitoyasa.html,2026-09,1622,,
26,京都府,26210,八幡市,,八幡市地域包括ケア複合施設YMBT,,,614-8374,男山石城1番地４,,,http://ymbt-ds.jp/yamabato_day/kourei.html,yes,yes,1,1,,,yes,no,yes,no,no,no,,,sensor,pull_cord,yes,yes,yes,no,no,no,no,no,no,no,no,no,barrier_free_facility_list,京都府内のバリアフリー施設一覧,https://www.pref.kyoto.jp/f-machi/hitoyasa.html,2026-09,1623,,
26,京都府,26210,八幡市,,介護老人保健施設　梨の里,,,614-8036,八幡柿木垣内25番地1,,,http://www.iseikai.jp,yes,yes,1,2,,,yes,no,no,no,no,no,,,sensor,pull_cord,,yes,yes,yes,yes,no,yes,no,no,no,yes,no,barrier_free_facility_list,京都府内のバリアフリー施設一覧,https://www.pref.kyoto.jp/f-machi/hitoyasa.html,2026-09,1624,,
26,京都府,26210,八幡市,,イズミヤスーパーセンター八幡店,,,614-8043,八幡一ノ坪２３－１,,,http://www.izumiya.co.jp/shop/kansai/kyoto/101_info.php,yes,no,,,,,,,yes,,unknown,,,,,,,,,,,,,,,,,yes,barrier_free_facility_list,京都府内のバリアフリー施設一覧,https://www.pref.kyoto.jp/f-machi/hitoyasa.html,2026-09,1625,,※赤ちゃんルーム　あり ※車いす対応エレベーター　あり
26,京都府,26210,八幡市,,やわた流れ橋交流プラザ四季彩館,,,614-8173,上津屋里垣内56番地の1,,,http://www.shikisaikan.co.jp/,yes,yes,"1,2",2,,,no,yes,no,no,yes,no,,,lever,button,yes,yes,yes,no,no,no,no,yes,no,no,yes,no,barrier_free_facility_list,京都府内のバリアフリー施設一覧,https://www.pref.kyoto.jp/f-machi/hitoyasa.html,2026-09,1626,,
26,京都府,26210,八幡市,,八幡市立川口コミュニティセンター,,,614-8113,川口萩原24-1,,,http://www.city.yawata.kyoto.jp/,yes,yes,,,,,unknown,unknown,no,unknown,no,unknown,,,none,button,unknown,unknown,unknown,unknown,unknown,unknown,unknown,unknown,unknown,unknown,unknown,unknown,barrier_free_facility_list,京都府内のバリアフリー施設一覧,https://www.pref.kyoto.jp/f-machi/hitoyasa.html,2026-09,1627,,
26,京都府,26210,八幡市,,八幡市立山柴公民館,,,614-8004,"八幡山柴48,49番合地",,,http://www.city.yawata.kyoto.jp/,yes,yes,,,,,unknown,unknown,no,unknown,yes,unknown,,,none,button,unknown,unknown,unknown,unknown,unknown,unknown,unknown,unknown,unknown,unknown,unknown,unknown,barrier_free_facility_list,京都府内のバリアフリー施設一覧,https://www.pref.kyoto.jp/f-machi/hitoyasa.html,2026-09,1628,,
26,京都府,26210,八幡市,,八幡市立志水公民館,,,614-8063,八幡岸本35番地4,,,http://www.city.yawata.kyoto.jp/,yes,yes,,,,,unknown,unknown,yes,unknown,yes,unknown,,,none,button,unknown,unknown,unknown,unknown,unknown,unknown,unknown,unknown,unknown,unknown,unknown,unknown,barrier_free_facility_list,京都府内のバリアフリー施設一覧,https://www.pref.kyoto.jp/f-machi/hitoyasa.html,2026-09,1629,,
26,京都府,26210,八幡市,,八幡市立橋本公民館,,,614-8344,橋本堂ヶ原36番地,,,http://www.city.yawata.kyoto.jp/,yes,yes,,,,,unknown,unknown,yes,unknown,yes,unknown,,,none,button,unknown,unknown,unknown,unknown,unknown,unknown,unknown,no,unknown,unknown,unknown,unknown,barrier_free_facility_list,京都府内のバリアフリー施設一覧,https://www.pref.kyoto.jp/f-machi/hitoyasa.html,2026-09,1630,,
26,京都府,26210,八幡市,,八幡市立男山公民館,,,614-8004,男山八望3番地4,,,http://www.city.yawata/kyoto.jp/,yes,yes,,,,,unknown,unknown,no,unknown,yes,unknown,,,none,button,unknown,unknown,unknown,unknown,unknown,unknown,unknown,unknown,unknown,unknown,unknown,unknown,barrier_free_facility_list,京都府内のバリアフリー施設一覧,https://www.pref.kyoto.jp/f-machi/hitoyasa.html,2026-09,1631,,
26,京都府,26210,八幡市,,八幡市立生涯学習センター,,,614-8376,男山竹園２番地３,,,http://www.cithttp://www.city.yawata.kyoto.jp/learn-enjoy/shogai/shogaigakushu （八幡市のホームページ）,yes,yes,,,,,,,yes,,yes,,,,,,,,,,,,,,,,,,barrier_free_facility_list,京都府内のバリアフリー施設一覧,https://www.pref.kyoto.jp/f-machi/hitoyasa.html,2026-09,1632,,おむつ換え用のベビーシートがあります。（１階、３階トイレ） 職員が筆談に応じます。 外部との出入り口に点字ブロックがあります。 磁気ループがあります。（必要時に使用）  生涯学習センターでは、障害者学習支援事業やリカレント教育推進講座を行っておりますので、みなさまのご参加をお待ちしております。
26,京都府,26210,八幡市,,八幡市立松花堂庭園・美術館,,,614-8077,八幡女郎花43番地の1,,,http://www.yawata-bunka.jp/syokado/,yes,yes,1,1,,,yes,no,no,no,no,no,,,other,button,yes,yes,yes,no,yes,no,yes,no,no,no,no,no,barrier_free_facility_list,京都府内のバリアフリー施設一覧,https://www.pref.kyoto.jp/f-machi/hitoyasa.html,2026-09,1633,,
26,京都府,26210,八幡市,,山城八幡郵便局,,,614-8799,八幡五反田５,,,http://map.japanpost.jp/pc/syousai.php?id=300144030000,no,no,,,,,,,unknown,,unknown,,,,,,,,,,,,,no,,,,,barrier_free_facility_list,京都府内のバリアフリー施設一覧,https://www.pref.kyoto.jp/f-machi/hitoyasa.html,2026-09,1634,,
26,京都府,26210,八幡市,,八幡市立八幡市民図書館,,,614-8082,八幡菖蒲池１２番地,,,https://yawata-lib.jp/,yes,yes,2,1,,,yes,no,yes,no,no,no,,,sensor,button,no,yes,yes,no,no,no,yes,no,yes,yes,yes,no,barrier_free_facility_list,京都府内のバリアフリー施設一覧,https://www.pref.kyoto.jp/f-machi/hitoyasa.html,2026-09,1635,,
26,京都府,26210,八幡市,,八幡市商工会,,,614-8093,八幡三本橋59番地9,,,http://yawatakyoto-fsci.or.jp,yes,no,1，2,2,,,yes,no,no,no,yes,yes,,,sensor,button,yes,yes,yes,no,no,no,no,no,no,no,no,no,barrier_free_facility_list,京都府内のバリアフリー施設一覧,https://www.pref.kyoto.jp/f-machi/hitoyasa.html,2026-09,1636,,
26,京都府,26210,八幡市,,八幡市民スポーツ公園,,,614-8196,野尻正畑１２番地,,,http://www.yawatataiikukan.jp/spkou.htm,yes,no,,,,,,,no,,yes,,,,,,,,,,,,,,,,,,barrier_free_facility_list,京都府内のバリアフリー施設一覧,https://www.pref.kyoto.jp/f-machi/hitoyasa.html,2026-09,1637,,
26,京都府,26210,八幡市,,八幡市文化センター,,,614-8037,八幡高畑５番地の３,,,http://www.yawata-bunka.jp/center/index.htm,yes,,,,,,,,no,,yes,,,,,,,,,,,,,,,,,,barrier_free_facility_list,京都府内のバリアフリー施設一覧,https://www.pref.kyoto.jp/f-machi/hitoyasa.html,2026-09,1638,,職員が筆談に応じます。 ファックス送信サービス（有料）あります。（１Ｆ事務所内） 外部との出入り口に点字ブロックがあります。 点字案内はエレベーター及び階段手すりのみあります。 昭和58年に開館し31年を経過した会館ですが、会館正面の出入口、多目的トイレの扉を自動ドアへ更新しました。 館内へは段差もなく、車椅子で各階へお入りいただけ、ホールの他、展示・会議・練習室などがございます。 また、大ホールには、１１列目の一番お奨めのところに車椅子席がございますので、是非一度コンサートにお越し下さい。
26,京都府,26210,八幡市,,社会福祉法人　八幡市社会福祉協議会,,,614-8022,八幡東浦5番地,,,http://www.yawata-shakyo.or.jp,yes,,,,,,,,yes,,no,,,,,,,,,,,,,,,,,,barrier_free_facility_list,京都府内のバリアフリー施設一覧,https://www.pref.kyoto.jp/f-machi/hitoyasa.html,2026-09,1639,,
26,京都府,26210,八幡市,,八幡市男山レクリエーションセンター,,,614-8006,八幡大谷85-21,,,http://www.yawatataiikukan.jp,yes,,,,,,,,no,,no,,,,,,,,,,,,,,,,,,barrier_free_facility_list,京都府内のバリアフリー施設一覧,https://www.pref.kyoto.jp/f-machi/hitoyasa.html,2026-09,1640,,
26,京都府,26210,八幡市,,八幡市消防本部（署）,,,614-8076,八幡植松19番地の1,,,,yes,,,,,,,,no,,no,,,,,,,,,,,,,,,,,,barrier_free_facility_list,京都府内のバリアフリー施設一覧,https://www.pref.kyoto.jp/f-machi/hitoyasa.html,2026-09,1641,,
26,京都府,26210,八幡市,,社会医療法人美杉会　みのやま病院,,,614-8294,欽明台北4-2,,,http://misugikai.jp/minoyama/,no,,,,,,,,unknown,,unknown,,,,,,,,,,,,,,,,,,barrier_free_facility_list,京都府内のバリアフリー施設一覧,https://www.pref.kyoto.jp/f-machi/hitoyasa.html,2026-09,1642,,
26,京都府,26210,八幡市,,京都銀行八幡中央支店,,,614-8095,八幡沓田１０－５,,,http://www.kyotobank.co.jp/,no,,,,,,,,no,,no,,,,,,,,,,,,,,,,,,barrier_free_facility_list,京都府内のバリアフリー施設一覧,https://www.pref.kyoto.jp/f-machi/hitoyasa.html,2026-09,1643,,ATMは全台、視覚障がい者が音声ガイダンスに従ってご利用できるものとなっています。
26,京都府,26210,八幡市,,ファミリーマート　八幡月夜田店,,,614-8047,八幡月夜田91番地,,,,yes,,,,,,,,no,,unknown,,,,,,,,,,,,,,,,,,barrier_free_facility_list,京都府内のバリアフリー施設一覧,https://www.pref.kyoto.jp/f-machi/hitoyasa.html,2026-09,1644,,
26,京都府,26210,八幡市,,京都やましろ農業協同組合八幡市支店,,,614-8221,内里蜻蛉尻２０,,,,no,,,,,,,,unknown,,unknown,,,,,,,,,,,,,,,,,,barrier_free_facility_list,京都府内のバリアフリー施設一覧,https://www.pref.kyoto.jp/f-machi/hitoyasa.html,2026-09,1645,,
26,京都府,26210,八幡市,,特別養護老人ホーム　京都ひまわり園,,,614-8062,八幡清水井３１番地,,,http://ws-kyoto.jp,yes,,,,,,,,unknown,,unknown,,,,,,,,,,,,,,,,,,barrier_free_facility_list,京都府内のバリアフリー施設一覧,https://www.pref.kyoto.jp/f-machi/hitoyasa.html,2026-09,1646,,
26,京都府,26210,八幡市,,ケアハウス　ポポロ２１,,,614-8062,八幡清水井２４番地,,,http://ws-kyoto.jp,yes,,,,,,,,unknown,,unknown,,,,,,,,,,,,,,,,,,barrier_free_facility_list,京都府内のバリアフリー施設一覧,https://www.pref.kyoto.jp/f-machi/hitoyasa.html,2026-09,1647,,
26,京都府,26210,八幡市,,石清水八幡宮,,,614-8005,八幡高坊３０,,,,yes,,,,,,,,no,,no,,,,,,,,,,,,,,,,,,barrier_free_facility_list,京都府内のバリアフリー施設一覧,https://www.pref.kyoto.jp/f-machi/hitoyasa.html,2026-09,1648,,職員の介助可 車いす可トイレ１箇所あり おむつ交換台あり
26,京都府,26210,八幡市,,餃子の王将　八幡店,,,614-8212,戸津中代６０－１,,,,yes,,,,,,,,no,,no,,,,,,,,,,,,,,,,,,barrier_free_facility_list,京都府内のバリアフリー施設一覧,https://www.pref.kyoto.jp/f-machi/hitoyasa.html,2026-09,1649,,
26,京都府,26210,八幡市,,はるやま　京都松井山手店,,,614-8297,欽明台西23,,,,no,,,,,,,,unknown,,unknown,,,,,,,,,,,,,,,,,,barrier_free_facility_list,京都府内のバリアフリー施設一覧,https://www.pref.kyoto.jp/f-machi/hitoyasa.html,2026-09,1650,,
26,京都府,26210,八幡市,,株式会社セレマ南八幡シティーホール,,,614-8054,八幡南山４５,,,,yes,,,,,,,,no,,no,,,,,,,,,,,,,,,,,,barrier_free_facility_list,京都府内のバリアフリー施設一覧,https://www.pref.kyoto.jp/f-machi/hitoyasa.html,2026-09,1651,,
26,京都府,26210,八幡市,,株式会社セレマ八幡シティーホール,,,614-8095,八幡沓田５－６,,,,no,,,,,,,,no,,no,,,,,,,,,,,,,,,,,,barrier_free_facility_list,京都府内のバリアフリー施設一覧,https://www.pref.kyoto.jp/f-machi/hitoyasa.html,2026-09,1652,,
26,京都府,26210,八幡市,,ドラッグユタカ男山店,,,614-8364,男山松里１５－５,,,http://www.d-yutaka.co.jp/,yes,,,,,,,,no,,yes,,,,,,,,,,,,,,,,,,barrier_free_facility_list,京都府内のバリアフリー施設一覧,https://www.pref.kyoto.jp/f-machi/hitoyasa.html,2026-09,1653,,
26,京都府,26210,八幡市,,スギ薬局八幡男山店,,,614-8067,八幡中ノ山１９４番地１,,,,no,,,,,,,,unknown,,unknown,,,,,,,,,,,,,,,,,,barrier_free_facility_list,京都府内のバリアフリー施設一覧,https://www.pref.kyoto.jp/f-machi/hitoyasa.html,2026-09,1654,,
26,京都府,26210,八幡市,,特別養護老人ホーム　有智の郷,,,614-8229,内里北ノ口５－１,,,,no,,,,,,,,unknown,,unknown,,,,,,,,,,,,,,,,,,barrier_free_facility_list,京都府内のバリアフリー施設一覧,https://www.pref.kyoto.jp/f-machi/hitoyasa.html,2026-09,1655,,
26,京都府,26210,八幡市,,ケーズデンキ京都八幡店,,,614-8143,下奈良一丁地３番,,,,no,,,,,,,,unknown,,unknown,,,,,,,,,,,,,,,,,,barrier_free_facility_list,京都府内のバリアフリー施設一覧,https://www.pref.kyoto.jp/f-machi/hitoyasa.html,2026-09,1656,,
26,京都府,26210,八幡市,,特別養護老人ホーム　京都八勝館,,,614-8346,橋本塩釜２１,,,http://www.hassyoukan.jp/,yes,,,,,,,,unknown,,unknown,,,,,,,,,,,,,,,,,,barrier_free_facility_list,京都府内のバリアフリー施設一覧,https://www.pref.kyoto.jp/f-machi/hitoyasa.html,2026-09,1657,,
26,京都府,26210,八幡市,,京都中央信用金庫八幡支店,,,614-8093,八幡三本橋３５－３,,,http://www.chushin.co.jp/,no,,,,,,,,no,,no,,,,,,,,,,,,,,,,,,barrier_free_facility_list,京都府内のバリアフリー施設一覧,https://www.pref.kyoto.jp/f-machi/hitoyasa.html,2026-09,1658,,
26,京都府,26210,八幡市,,ホームセンタームサシ京都八幡店,,,614-8294,欽明台北３－１,,,http://www.hc-musashi.jp/musashi/shop/kyoto_yawata.html,yes,,,,,,,,no,,yes,,,,,,,,,,,,,,,,,,barrier_free_facility_list,京都府内のバリアフリー施設一覧,https://www.pref.kyoto.jp/f-machi/hitoyasa.html,2026-09,1659,,
26,京都府,26210,八幡市,,京都府八幡警察署,,,614-8071,八幡五反田37－８,,,http://www.pref.kyoto.jp/fukei/,yes,yes,1,1,,,yes,no,no,no,no,no,,,button,pull_cord,no,yes,yes,no,no,no,no,yes,no,no,no,no,barrier_free_facility_list,京都府内のバリアフリー施設一覧,https://www.pref.kyoto.jp/f-machi/hitoyasa.html,2026-09,1660,,
26,京都府,26210,八幡市,,府立京都八幡高等学校　南キャンパス,,,614-8236,内里柿谷１６－１,,,,no,,,,,,,,unknown,,unknown,,,,,,,,,,,,,,,,,,barrier_free_facility_list,京都府内のバリアフリー施設一覧,https://www.pref.kyoto.jp/f-machi/hitoyasa.html,2026-09,1661,,
26,京都府,26210,八幡市,,ライフ男山,,,614-8363,男山吉井２－４,,,,no,,,,,,,,unknown,,unknown,,,,,,,,,,,,,,,,,,barrier_free_facility_list,京都府内のバリアフリー施設一覧,https://www.pref.kyoto.jp/f-machi/hitoyasa.html,2026-09,1662,,
26,京都府,26210,八幡市,,ファミリーマート上奈良工業団地店,,,614-8159,上奈良大門３０ー１,,,,no,,,,,,,,unknown,,unknown,,,,,,,,,,,,,,,,,,barrier_free_facility_list,京都府内のバリアフリー施設一覧,https://www.pref.kyoto.jp/f-machi/hitoyasa.html,2026-09,1663,,
26,京都府,26210,八幡市,,セブンイレブン八幡市民体育館前店,,,614-8181,上津屋浜垣内１０４－１,,,,no,,,,,,,,unknown,,unknown,,,,,,,,,,,,,,,,,,barrier_free_facility_list,京都府内のバリアフリー施設一覧,https://www.pref.kyoto.jp/f-machi/hitoyasa.html,2026-09,1664,,
26,京都府,26210,八幡市,,府立京都八幡高等学校,,,614-8363,男山吉井７,,,,no,,,,,,,,unknown,,unknown,,,,,,,,,,,,,,,,,,barrier_free_facility_list,京都府内のバリアフリー施設一覧,https://www.pref.kyoto.jp/f-machi/hitoyasa.html,2026-09,1665,,
26,京都府,26210,八幡市,,京阪　橋本駅,,,614-8341,橋本中ノ町３７番地,,,http://www.keihan.co.jp/,no,,,,,,,,no,,no,,,,,,,,,,,,,,,,,,barrier_free_facility_list,京都府内のバリアフリー施設一覧,https://www.pref.kyoto.jp/f-machi/hitoyasa.html,2026-09,1666,,手すり付トイレ有り
26,京都府,26210,八幡市,,京阪　八幡市駅,,,614-8001,八幡科手１番地,,,http://www.keihan.co.jp/,no,,,,,,,,no,,no,,,,,,,,,,,,,,,,,,barrier_free_facility_list,京都府内のバリアフリー施設一覧,https://www.pref.kyoto.jp/f-machi/hitoyasa.html,2026-09,1667,,手すり付トイレ有り
26,京都府,26210,八幡市,,男山,,,614-8588,八幡高坊30,,,http://www.iwashimizu.or.jp,yes,,,,,,,,no,,no,,,,,,,,,,,,,,,,,,barrier_free_facility_list,京都府内のバリアフリー施設一覧,https://www.pref.kyoto.jp/f-machi/hitoyasa.html,2026-09,1668,,
26,京都府,26202,舞鶴市,,(株)さとう　フレッシュバザール舞鶴京田店,,,624-0823,京田15-4,,,http://www.sato-kyoto.com/,yes,yes,1,,1,1,yes,no,yes,no,yes,no,,,sensor,button,yes,yes,yes,no,no,yes,yes,no,no,no,yes,no,barrier_free_facility_list,京都府内のバリアフリー施設一覧,https://www.pref.kyoto.jp/f-machi/hitoyasa.html,2026-09,1669,,
26,京都府,26202,舞鶴市,,白鳥シティーホール,,,,字森421-3,,,,,,,,,,,,,,,,,,,,,,,,,,,,,,,,barrier_free_facility_list,京都府内のバリアフリー施設一覧,https://www.pref.kyoto.jp/f-machi/hitoyasa.html,2026-09,1670,,
26,京都府,26202,舞鶴市,,ファッションセンター　しまむら　西舞鶴店,,,624-0906,字倉谷1904-1,,,,yes,no,,,,,,,no,,no,,,,,,,,,,,,,,,,,,barrier_free_facility_list,京都府内のバリアフリー施設一覧,https://www.pref.kyoto.jp/f-machi/hitoyasa.html,2026-09,1671,,
26,京都府,26202,舞鶴市,,三星社ゆら川ホール,,,624-0102,字志高112-1,,,,yes,yes,1,1,,,yes,no,no,no,no,no,,,lever,none,yes,unknown,yes,no,no,no,no,no,no,no,no,no,barrier_free_facility_list,京都府内のバリアフリー施設一覧,https://www.pref.kyoto.jp/f-machi/hitoyasa.html,2026-09,1672,,
26,京都府,26202,舞鶴市,,三星社セレモニーホール,,,624-0815,字堺谷129-2,,,,yes,yes,1,1,,,yes,no,no,no,no,no,,,lever,none,yes,unknown,yes,no,no,no,no,no,no,no,no,no,barrier_free_facility_list,京都府内のバリアフリー施設一覧,https://www.pref.kyoto.jp/f-machi/hitoyasa.html,2026-09,1673,,
26,京都府,26202,舞鶴市,,舞鶴税務署,,,624-0913,字上安久240,,,http://www.nta.go.jp/osaka/guide/zeimusho/kyoto/maizuru/index.htm,yes,no,,,,,,,no,,yes,,,,,,,,,,,,,,,,,,barrier_free_facility_list,京都府内のバリアフリー施設一覧,https://www.pref.kyoto.jp/f-machi/hitoyasa.html,2026-09,1674,,おむつ取り替え設備が車いすトイレ内にあります。 職員が筆談に応じます。
26,京都府,26202,舞鶴市,,洋服の青山　舞鶴店,,,624-0913,字上安久381番地15,,,,yes,yes,1,1,,,yes,no,no,no,no,no,,,button,none,no,unknown,yes,no,no,no,no,no,no,no,no,no,barrier_free_facility_list,京都府内のバリアフリー施設一覧,https://www.pref.kyoto.jp/f-machi/hitoyasa.html,2026-09,1675,,
26,京都府,26202,舞鶴市,,メガネの三城　東舞鶴店,,,625-0050,北浜町5-1,,,,no,no,,,,,no,no,no,no,no,no,,,button,none,yes,yes,unknown,no,unknown,yes,unknown,unknown,no,no,no,no,barrier_free_facility_list,京都府内のバリアフリー施設一覧,https://www.pref.kyoto.jp/f-machi/hitoyasa.html,2026-09,1676,,
26,京都府,26202,舞鶴市,,にしがき下福井店,,,624-0946,下福井35,,,,yes,yes,1,1,,,unknown,unknown,unknown,unknown,unknown,yes,,,lever,none,yes,yes,yes,unknown,unknown,unknown,unknown,no,no,no,no,no,barrier_free_facility_list,京都府内のバリアフリー施設一覧,https://www.pref.kyoto.jp/f-machi/hitoyasa.html,2026-09,1677,,
26,京都府,26202,舞鶴市,,舞鶴市立赤れんが博物館,,,625-0036,字浜2011番地,,,https://www.city.maizuru.kyoto.jp/kyouiku/category/6-1-23-0-0-0-0-0-0-0.html,yes,yes,1,1,,,yes,no,no,no,no,no,,,sensor,button,yes,yes,yes,no,no,yes,yes,no,yes,no,yes,no,barrier_free_facility_list,京都府内のバリアフリー施設一覧,https://www.pref.kyoto.jp/f-machi/hitoyasa.html,2026-09,1678,,点字パンフレットがございます。
26,京都府,26202,舞鶴市,,舞鶴市大浦会館,,,651-0132,字中田４５９番地,,,http://www.city.maizuru.kyoto.jp,yes,yes,1,1,,,no,no,no,no,no,no,,,button,none,yes,yes,yes,no,no,no,no,no,no,no,no,no,barrier_free_facility_list,京都府内のバリアフリー施設一覧,https://www.pref.kyoto.jp/f-machi/hitoyasa.html,2026-09,1679,,
26,京都府,26202,舞鶴市,,舞鶴自然文化園,,,625-0152,字多祢寺地27-4,,,http://maizuru-hanamidori.com/modules/info/index.php/shizenbunka/index.html,yes,yes,1,4,,,no,no,yes,no,yes,yes,,,sensor,button,yes,yes,yes,no,no,no,no,yes,no,no,no,no,barrier_free_facility_list,京都府内のバリアフリー施設一覧,https://www.pref.kyoto.jp/f-machi/hitoyasa.html,2026-09,1680,,
26,京都府,26202,舞鶴市,,はるやま　舞鶴店,,,624-0906,倉谷１０５３－１,,,https://www.haruyama.co.jp/,no,no,,,,,,,unknown,,unknown,,,,,,,yes,yes,,,,,no,no,no,no,yes,barrier_free_facility_list,京都府内のバリアフリー施設一覧,https://www.pref.kyoto.jp/f-machi/hitoyasa.html,2026-09,1681,,
26,京都府,26202,舞鶴市,,東舞鶴公園,,,625-0052,字行永、森地内,,,http://www.mizuno.jp/facility/kyoto/higashimaizuru.aspx,yes,yes,1,1,,,,,no,,yes,yes,,,lever,none,,yes,yes,,,,,no,no,no,no,no,barrier_free_facility_list,京都府内のバリアフリー施設一覧,https://www.pref.kyoto.jp/f-machi/hitoyasa.html,2026-09,1682,,
26,京都府,26202,舞鶴市,,舞鶴東体育館,,,625-0080,字北吸1054番地,,,http://www.mizuno.jp/facility/kyoto/higashimaizuru.aspx,yes,yes,1,,1,1,,,yes,,yes,yes,,,lever,button,yes,yes,yes,,,,,no,no,no,yes,yes,barrier_free_facility_list,京都府内のバリアフリー施設一覧,https://www.pref.kyoto.jp/f-machi/hitoyasa.html,2026-09,1683,,
26,京都府,26202,舞鶴市,,ドラッグストアー太陽堂市場店,,,625-0025,字市場16,,,http://www.kusuri-taiyodo.co.jp/,yes,yes,1,1,,,yes,no,no,no,no,no,,,lever,none,,,,,,,,no,no,no,no,no,barrier_free_facility_list,京都府内のバリアフリー施設一覧,https://www.pref.kyoto.jp/f-machi/hitoyasa.html,2026-09,1684,,
26,京都府,26202,舞鶴市,,まつえ歯科クリニック,,,624-0822,七日市西庄尺339-1,,,http://www.matsue-shika.jp/,yes,yes,1,1,,,yes,,unknown,,unknown,,,,sensor,none,,,,,,,,no,no,no,no,no,barrier_free_facility_list,京都府内のバリアフリー施設一覧,https://www.pref.kyoto.jp/f-machi/hitoyasa.html,2026-09,1685,,
26,京都府,26202,舞鶴市,,舞鶴市中央公民館,,,625-0087,余部下１１６７,,,http://www.city.maizuru.kyoto.jp,yes,yes,1～5,5,,,yes,no,yes,no,yes,yes,,,sensor,button,yes,yes,yes,no,no,yes,yes,no,yes,yes,yes,yes,barrier_free_facility_list,京都府内のバリアフリー施設一覧,https://www.pref.kyoto.jp/f-machi/hitoyasa.html,2026-09,1686,,
26,京都府,26202,舞鶴市,,舞鶴市総合文化会館,,,625-0036,字浜２０２１,,,http://www.mai-bunka.jp/,yes,yes,1,2,,,yes,no,yes,no,yes,yes,,,sensor,button,yes,yes,yes,no,no,yes,yes,no,no,no,yes,no,barrier_free_facility_list,京都府内のバリアフリー施設一覧,https://www.pref.kyoto.jp/f-machi/hitoyasa.html,2026-09,1687,,職員が受付で筆談に応じます。 ファックス送信サービス（有料）あります。 視覚障害者誘導用のチャイムがあります。 外部との出入り口と館内に点字ブロックがあります。 おむつ交換用ベビーシートがあります。 オストメイトは大ホール側にあります。 エレベータは東ｺﾆｭﾆﾃｨｾﾝﾀｰのみ。
26,京都府,26202,舞鶴市,,舞鶴工業高等専門学校,,,625-0016,字白屋234,,,http://www.maizuru-ct.ac.jp/,yes,yes,1.2,2,1,,yes,no,no,no,no,no,,,sensor,button,no,yes,yes,no,no,no,no,yes,no,no,no,no,barrier_free_facility_list,京都府内のバリアフリー施設一覧,https://www.pref.kyoto.jp/f-machi/hitoyasa.html,2026-09,1688,,青葉会館1階に食堂が設置、昼食のみのサービス。 学校全体の案内として本館棟2階に総務係、学生寮の案内として学生寮1号館に寮務係がある。 エレベータの設置場所：本館B棟、選考科棟、図書館棟、地域共同研究センター
26,京都府,26202,舞鶴市,,道の駅　舞鶴港とれとれセンター,,,624-0946,下福井905番地,,,http://www.toretore.org/,no,yes,1,1,2,2,yes,no,yes,no,no,yes,,,lever,none,yes,yes,yes,no,no,no,no,no,no,no,yes,no,barrier_free_facility_list,京都府内のバリアフリー施設一覧,https://www.pref.kyoto.jp/f-machi/hitoyasa.html,2026-09,1689,,休憩スペースにて飲食可能。 駐車場：普通車200台、大型車8台。 建物入口に点字ブロックあり。
26,京都府,26202,舞鶴市,,京都地方裁判所舞鶴支部,,,624-0853,字南田辺小字南裏町149,,,https://www.courts.go.jp/kyoto/about_tiho/syozai/index.html,yes,yes,,,,,,,yes,,yes,,,,,,,,,,,yes,yes,,,no,,,barrier_free_facility_list,京都府内のバリアフリー施設一覧,https://www.pref.kyoto.jp/f-machi/hitoyasa.html,2026-09,1690,,
26,京都府,26202,舞鶴市,,スーパードーム舞鶴店,,,624-0905,字福来213,,,http://www.p-world.co.jp/kyoto/sd.htm,yes,yes,1,1,,,no,no,no,no,no,no,,,button,button,yes,yes,yes,no,no,no,no,unknown,no,no,no,no,barrier_free_facility_list,京都府内のバリアフリー施設一覧,https://www.pref.kyoto.jp/f-machi/hitoyasa.html,2026-09,1691,,車いす使用者使用トイレ有り
26,京都府,26202,舞鶴市,,ハローワーク舞鶴（舞鶴公共職業安定所）,,,624-0937,字西小字西町107-4,,,,yes,yes,1,1,,,yes,no,no,yes,yes,no,,,sensor,button,yes,yes,yes,no,no,no,no,no,no,no,yes,no,barrier_free_facility_list,京都府内のバリアフリー施設一覧,https://www.pref.kyoto.jp/f-machi/hitoyasa.html,2026-09,1692,,玄関に設置したインターホンでご連絡ください、出入りを職員が介助します。 外部との出入り口に自動ドアがあります。 建物出入口から一番ちかい車いすトイレは、１階玄関奥にあります。 1.3階各1個。１階は南側入口の受付横に多目的トイレがあります。 職員が筆談による相談に応じます。 玄関入口右側に、障害者用インターホンがあります。 外部との出入り口に点字ブロックがあります。
26,京都府,26202,舞鶴市,,舞鶴21　 中央駐車場,,,642-0945,字喜多１１０５−１,,,https://maizuru21.com/,yes,yes,2,2,,,yes,no,no,no,no,no,,,sensor,,yes,yes,yes,no,no,no,no,no,no,no,no,no,barrier_free_facility_list,京都府内のバリアフリー施設一覧,https://www.pref.kyoto.jp/f-machi/hitoyasa.html,2026-09,1693,,建物出入口から一番ちかい車いすトイレは、２階にあります。 外部との出入り口に自動ドアがあります。 職員が筆談に応じます。 外部との出入り口に点字ブロックがあります。
26,京都府,26202,舞鶴市,,ドラッグユタカ　白鳥店,,,624-0905,福来1111－2,,,http://www.d-yutaka.co.jp/,yes,yes,1,1,,,yes,no,no,no,no,no,,,lever,,no,yes,yes,no,no,no,no,no,no,no,no,no,barrier_free_facility_list,京都府内のバリアフリー施設一覧,https://www.pref.kyoto.jp/f-machi/hitoyasa.html,2026-09,1694,,
26,京都府,26202,舞鶴市,,京都府立舞鶴こども療育センター,,,625-0052,字行永2410番地37,,,http://maizuru-ryouiku.jp,yes,yes,1,3,1,1,yes,yes,yes,no,yes,yes,,,sensor,button,yes,yes,yes,no,no,no,no,no,no,yes,yes,no,barrier_free_facility_list,京都府内のバリアフリー施設一覧,https://www.pref.kyoto.jp/f-machi/hitoyasa.html,2026-09,1695,,多目的トイレ　一般トイレともに1階外来にかんするものです。 　　　　　　　便器洗浄　センサーの他にボタン式あり 　　　　　　　非常呼出し装置　ボタン式の他に引っ張り式有り 介助者、介添えサービス、コミュニケーション支援等は、事前連絡で対応可能。 建物内の視覚障害者用誘導用ブロック、点字による案内板は、トイレ前のみ。 キッズルームは無いですが、キッズコーナ有  2階は入所施設となっています。
26,京都府,26202,舞鶴市,,株式会社ホリグチ,,,625-0132,字中田４５０,,,http://www.maizuru-horiguchi.com,no,no,,,,,,,no,,no,,,,,,,,,,,,,,,,,,barrier_free_facility_list,京都府内のバリアフリー施設一覧,https://www.pref.kyoto.jp/f-machi/hitoyasa.html,2026-09,1696,,
26,京都府,26202,舞鶴市,,ゴダイドラッグ西舞鶴店,,,624-0815,境谷48,,,http://www.godai.net,yes,yes,1,1,1,,yes,no,yes,no,no,yes,,,button,button,yes,yes,no,no,no,no,no,no,no,no,yes,no,barrier_free_facility_list,京都府内のバリアフリー施設一覧,https://www.pref.kyoto.jp/f-machi/hitoyasa.html,2026-09,1697,,
26,京都府,26202,舞鶴市,,南公民館,,,625-0062,字森１００５－３,,,,no,no,,,,,,,unknown,,unknown,,,,,,,,,,,,,,,,,,barrier_free_facility_list,京都府内のバリアフリー施設一覧,https://www.pref.kyoto.jp/f-machi/hitoyasa.html,2026-09,1698,,
26,京都府,26202,舞鶴市,,五老ヶ岳公園,,,624-0912,字上安２３７,,,http://goro-sky.jp/,yes,no,,,,,,,no,,yes,,,,,,,,,,,,,,,,,,barrier_free_facility_list,京都府内のバリアフリー施設一覧,https://www.pref.kyoto.jp/f-machi/hitoyasa.html,2026-09,1699,,
26,京都府,26202,舞鶴市,,舞鶴市東消防署・舞鶴市防災センター,,,625-0036,字浜80番地の4,,,http://www.maizuru119.com/,yes,yes,1、2、3,3,,,yes,no,no,no,yes,no,,,button,pull_cord,yes,yes,yes,no,no,yes,yes,no,no,no,no,no,barrier_free_facility_list,京都府内のバリアフリー施設一覧,https://www.pref.kyoto.jp/f-machi/hitoyasa.html,2026-09,1700,,各トイレ、多目的トイレにベビーベッドを設置しています。
26,京都府,26202,舞鶴市,,舞鶴市立西図書館,,,624-0854,字円満寺100-8,,,https://ilisod001.apsel.jp/maizuru-lib/wopc/pc/pages/TopPage.jsp,yes,yes,1,1,,,,,no,,yes,yes,,,sensor,none,yes,yes,yes,,,,,no,yes,yes,yes,no,barrier_free_facility_list,京都府内のバリアフリー施設一覧,https://www.pref.kyoto.jp/f-machi/hitoyasa.html,2026-09,1701,,
26,京都府,26202,舞鶴市,,荒木クリニック,,,624-0823,字京田１８－１,,,http://arakiccc.sharepoint.com,yes,yes,1,3,,,yes,,no,,no,,,,lever,button,yes,yes,yes,,,,,no,no,no,no,no,barrier_free_facility_list,京都府内のバリアフリー施設一覧,https://www.pref.kyoto.jp/f-machi/hitoyasa.html,2026-09,1702,,
26,京都府,26202,舞鶴市,,舞鶴市立東図書館,,,625-0035,字溝尻2５,,,https://ilisod001.apsel.jp/maizuru-lib/wopc/pc/pages/TopPage.jsp,yes,yes,1,1,,,no,no,yes,no,yes,yes,,,sensor,none,yes,no,no,no,no,no,no,no,yes,no,yes,no,barrier_free_facility_list,京都府内のバリアフリー施設一覧,https://www.pref.kyoto.jp/f-machi/hitoyasa.html,2026-09,1703,,※人的サービスの「外国語対応」「介助者・介添えサービス」は可能な範囲では対応。 ※キッズルームはないが、児童書・絵本のコーナーがある。
26,京都府,26202,舞鶴市,,京都縦貫自動車道由良川ＰＡ　トイレ棟,,,624-0122,字地頭小字平迫１３４番地,,,http://www.kyo-miti.jp/,yes,no,,,,,,,yes,,yes,,,,,,,,,,,,,,,,,,barrier_free_facility_list,京都府内のバリアフリー施設一覧,https://www.pref.kyoto.jp/f-machi/hitoyasa.html,2026-09,1704,,オストメイト設備は、別途ブースに設置しています。（上下線とも男子２、女子２）
26,京都府,26202,舞鶴市,,京都府立西舞鶴高等学校,,,624-0841,字引土145,,,http://www.kyoto-be.ne.jp/nishimaizuru-hs/,yes,yes,1,1,,1,yes,no,no,no,no,no,,,button,button,yes,yes,yes,no,no,no,no,yes,no,no,no,no,barrier_free_facility_list,京都府内のバリアフリー施設一覧,https://www.pref.kyoto.jp/f-machi/hitoyasa.html,2026-09,1705,,上記の他、トイレ棟があります（正面玄関から入り校舎の中を通っていく必要があり）トイレ棟には、車いす使用者用トイレがあります。（１階女子１）
26,京都府,26202,舞鶴市,,舞鶴市役所西支所,,,624-0853,字南田辺1番地（舞鶴西総合会館内）,,,http://city.maizuru.kyoto.jp,yes,yes,各,1,,,yes,no,yes,no,no,yes,,,button,button,yes,yes,yes,no,yes,no,yes,yes,yes,no,yes,no,barrier_free_facility_list,京都府内のバリアフリー施設一覧,https://www.pref.kyoto.jp/f-machi/hitoyasa.html,2026-09,1706,,オストメイト設備、温水洗浄便座は１階多目的トイレのみ。ベビーベッドは１階女性用トイレ、ベビーチェアは１階女性用トイレ、全階多目的トイレに設置しています。
26,京都府,26202,舞鶴市,,舞鶴市役所本庁舎,,,625-8555,字北吸1044番地,,,http://www.city.maizuru.kyoto.jp/,yes,yes,1,2,,,yes,no,yes,no,no,yes,,,button,button,yes,yes,yes,no,no,yes,yes,yes,yes,yes,yes,no,barrier_free_facility_list,京都府内のバリアフリー施設一覧,https://www.pref.kyoto.jp/f-machi/hitoyasa.html,2026-09,1707,,
26,京都府,26202,舞鶴市,,京都府中丹東保健所,,,624-0906,字倉谷１３５０－２３,,,http://www.pref.kyoto.jp/chutan/ehoken/,yes,yes,各,2,,,yes,no,yes,no,yes,yes,,,button,button,yes,yes,yes,no,no,no,no,no,no,no,yes,no,barrier_free_facility_list,京都府内のバリアフリー施設一覧,https://www.pref.kyoto.jp/f-machi/hitoyasa.html,2026-09,1708,,
26,京都府,26202,舞鶴市,,舞鶴赤れんがパーク（市政記念館）,,,625-0080,字北吸1039番地の２,,,http://akarenga-park.com/,yes,yes,1,1,,,yes,no,unknown,no,yes,yes,,,button,button,yes,yes,yes,no,no,no,,no,no,no,yes,no,barrier_free_facility_list,京都府内のバリアフリー施設一覧,https://www.pref.kyoto.jp/f-machi/hitoyasa.html,2026-09,1709,,
26,京都府,26202,舞鶴市,,JAセレモニーホールやすらぎ,,,625-0062,字森小字峠55-4,,,,yes,,,,,,,,no,,no,,,,,,,,,,,,,,,,,,barrier_free_facility_list,京都府内のバリアフリー施設一覧,https://www.pref.kyoto.jp/f-machi/hitoyasa.html,2026-09,1710,,
26,京都府,26202,舞鶴市,,京都府立舞鶴支援学校　行永分校,,,625-0052,字行永2510-17,,,http://www.kyoto-be.ne.jp/maizuru-yukinaga-s/,yes,,,,,,,,no,,no,,,,,,,,,,,,,,,,,,barrier_free_facility_list,京都府内のバリアフリー施設一覧,https://www.pref.kyoto.jp/f-machi/hitoyasa.html,2026-09,1711,,
26,京都府,26202,舞鶴市,,舞鶴市七条海岸駐車場,,,625-0036,字浜1575番地の２,,,https://www.city.maizuru.kyoto.jp/kankou/0000001160.html,no,,,,,,,,no,,no,,,,,,,,,,,,,,,,,,barrier_free_facility_list,京都府内のバリアフリー施設一覧,https://www.pref.kyoto.jp/f-machi/hitoyasa.html,2026-09,1712,,商工観光センターご利用の場合、利用証明をすれば１時間無料
26,京都府,26202,舞鶴市,,舞鶴市西舞鶴駅駐車場,,,624-0853,字南田辺25番地の7,,,https://www.city.maizuru.kyoto.jp/kankou/0000001160.html,no,,,,,,,,no,,no,,,,,,,,,,,,,,,,,,barrier_free_facility_list,京都府内のバリアフリー施設一覧,https://www.pref.kyoto.jp/f-machi/hitoyasa.html,2026-09,1713,,西総合会館、西市民プラザ、西公民館、西駅交流センター、郷土資料館ご利用の場合、利用証明をすれば１時間無料
26,京都府,26202,舞鶴市,,引揚記念公園,,,625-0133,字平,,,http://m-hikiage-museum.jp/,no,,,,,,,,no,,no,,,,,,,,,,,,,,,,,,barrier_free_facility_list,京都府内のバリアフリー施設一覧,https://www.pref.kyoto.jp/f-machi/hitoyasa.html,2026-09,1714,,※舞鶴引揚記念館内には多目的トイレがあります。
26,京都府,26202,舞鶴市,,株式会社フクヤ　東舞鶴店,,,625-0036,浜88-4,,,http://www.fukuya.info,yes,,,,,,,,no,,no,,,,,,,,,,,,,,,,,,barrier_free_facility_list,京都府内のバリアフリー施設一覧,https://www.pref.kyoto.jp/f-machi/hitoyasa.html,2026-09,1715,,
26,京都府,26202,舞鶴市,,株式会社フクヤ　白鳥店,,,625-0062,森小字大田野540,,,http://www.fukuya.info,yes,,,,,,,,no,,no,,,,,,,,,,,,,,,,,,barrier_free_facility_list,京都府内のバリアフリー施設一覧,https://www.pref.kyoto.jp/f-machi/hitoyasa.html,2026-09,1716,,
26,京都府,26202,舞鶴市,,舞鶴共済病院,,,625-0036,字浜1035番地,,,,no,,,,,,,,unknown,,unknown,,,,,,,,,,,,,,,,,,barrier_free_facility_list,京都府内のバリアフリー施設一覧,https://www.pref.kyoto.jp/f-machi/hitoyasa.html,2026-09,1717,,
26,京都府,26202,舞鶴市,,舞鶴法務合同庁舎,,,624-0854,字円満寺小字八丁127番地,,,http://www.kensatsu.go.jp/kakuchou/kyoto/,no,,,,,,,,no,,no,,,,,,,,,,,,,,,,,,barrier_free_facility_list,京都府内のバリアフリー施設一覧,https://www.pref.kyoto.jp/f-machi/hitoyasa.html,2026-09,1718,,
26,京都府,26202,舞鶴市,,京都銀行東舞鶴支店,,,625-0036,大字浜小字浜630-1,,,http://www.kyotobank.co.jp/,no,,,,,,,,no,,no,,,,,,,,,,,,,,,,,,barrier_free_facility_list,京都府内のバリアフリー施設一覧,https://www.pref.kyoto.jp/f-machi/hitoyasa.html,2026-09,1719,,ATMは全台、視覚障がい者が音声ガイダンスに従ってご利用できるものとなっています。
26,京都府,26202,舞鶴市,,京都銀行西舞鶴支店,,,624-0923,字魚屋小字魚屋町65,,,http://www.kyotobank.co.jp/,no,,,,,,,,no,,no,,,,,,,,,,,,,,,,,,barrier_free_facility_list,京都府内のバリアフリー施設一覧,https://www.pref.kyoto.jp/f-machi/hitoyasa.html,2026-09,1720,,ATMは全台、視覚障がい者が音声ガイダンスに従ってご利用できるものとなっています。
26,京都府,26202,舞鶴市,,舞鶴文化公園,,,624-0913,字上安久地内,,,http://www.mizuno.co.jp/school,yes,,,,,,,,no,,yes,,,,,,,,,,,,,,,,,,barrier_free_facility_list,京都府内のバリアフリー施設一覧,https://www.pref.kyoto.jp/f-machi/hitoyasa.html,2026-09,1721,,
26,京都府,26202,舞鶴市,,ドラッグユタカ西舞鶴伊佐津店,,,624-0816,字伊佐津小字大長瀬55－1,,,http://www.d-yutaka.co.jp/,no,,,,,,,,unknown,,unknown,,,,,,,,,,,,,,,,,,barrier_free_facility_list,京都府内のバリアフリー施設一覧,https://www.pref.kyoto.jp/f-machi/hitoyasa.html,2026-09,1722,,
26,京都府,26202,舞鶴市,,ドラッグユタカ東舞鶴駅前店,,,625-0057,南浜町２０－９,,,http://www.d-yutaka.co.jp/,no,,,,,,,,unknown,,unknown,,,,,,,,,,,,,,,,,,barrier_free_facility_list,京都府内のバリアフリー施設一覧,https://www.pref.kyoto.jp/f-machi/hitoyasa.html,2026-09,1723,,
26,京都府,26202,舞鶴市,,京都地方法務局　舞鶴支局,,,624-0937,字西１１０－５,,,,yes,,,,,,,,no,,yes,,,,,,,,,,,,,,,,,,barrier_free_facility_list,京都府内のバリアフリー施設一覧,https://www.pref.kyoto.jp/f-machi/hitoyasa.html,2026-09,1724,,
26,京都府,26202,舞鶴市,,加佐公民館,,,624-0102,字志高1005番地,,,https://www.city.maizuru.kyoto.jp/0000005549.html,no,yes,１階,1,,,yes,,yes,,unknown,yes,,,button,button,yes,yes,yes,no,no,yes,yes,,no,no,no,no,barrier_free_facility_list,京都府内のバリアフリー施設一覧,https://www.pref.kyoto.jp/f-machi/hitoyasa.html,2026-09,1725,,
26,京都府,26202,舞鶴市,,城南会館,,,624-0831,女布４０６－３,,,,no,,,,,,,,unknown,,unknown,,,,,,,,,,,,,,,,,,barrier_free_facility_list,京都府内のバリアフリー施設一覧,https://www.pref.kyoto.jp/f-machi/hitoyasa.html,2026-09,1726,,
26,京都府,26202,舞鶴市,,グリーンパーク愛宕,,,625-0033,愛宕浜町3-5,,,http://www.hakuaien.jp/,no,,,,,,,,no,,no,,,,,,,,,,,,,,,,,,barrier_free_facility_list,京都府内のバリアフリー施設一覧,https://www.pref.kyoto.jp/f-machi/hitoyasa.html,2026-09,1727,,車いすの貸し出しは、可能な範囲で可
26,京都府,26202,舞鶴市,,舞鶴市南田辺駐車場,,,624-0853,字南田辺2番地の5,,,https://www.city.maizuru.kyoto.jp/kankou/0000001160.html,no,,,,,,,,no,,no,,,,,,,,,,,,,,,,,,barrier_free_facility_list,京都府内のバリアフリー施設一覧,https://www.pref.kyoto.jp/f-machi/hitoyasa.html,2026-09,1728,,西総合会館、西市民プラザ、西公民館、西駅交流センター、郷土資料館ご利用の場合、利用証明をすれば１時間無料
26,京都府,26202,舞鶴市,,舞鶴市東舞鶴駅駐車場,,,625-0037,浜町1番地の1,,,https://www.city.maizuru.kyoto.jp/kankou/0000001160.html,no,,,,,,,,no,,no,,,,,,,,,,,,,,,,,,barrier_free_facility_list,京都府内のバリアフリー施設一覧,https://www.pref.kyoto.jp/f-machi/hitoyasa.html,2026-09,1729,,
26,京都府,26202,舞鶴市,,鹿原公園,,,625-0014,字鹿原地内,,,http://www.city.maizuru.kyoto.jp/modules/kensetsup/index.php?content_id=62,yes,,,,,,,,no,,no,,,,,,,,,,,,,,,,,,barrier_free_facility_list,京都府内のバリアフリー施設一覧,https://www.pref.kyoto.jp/f-machi/hitoyasa.html,2026-09,1730,,
26,京都府,26202,舞鶴市,,共楽公園,,,625-0087,余部下地内,,,http://www.city.maizuru.kyoto.jp/modules/kensetsup/index.php?content_id=61,yes,,,,,,,,no,,yes,,,,,,,,,,,,,,,,,,barrier_free_facility_list,京都府内のバリアフリー施設一覧,https://www.pref.kyoto.jp/f-machi/hitoyasa.html,2026-09,1731,,
26,京都府,26202,舞鶴市,,匂崎公園,,,624-0914,字下安久地内,,,http://www.city.maizuru.kyoto.jp/modules/kensetsup/index.php?content_id=59,yes,,,,,,,,no,,yes,,,,,,,,,,,,,,,,,,barrier_free_facility_list,京都府内のバリアフリー施設一覧,https://www.pref.kyoto.jp/f-machi/hitoyasa.html,2026-09,1732,,
26,京都府,26202,舞鶴市,,中舞鶴公園,,,625-0087,余部下地内,,,http://www.city.maizuru.kyoto.jp/modules/kensetsup/index.php?content_id=64,yes,,,,,,,,no,,yes,,,,,,,,,,,,,,,,,,barrier_free_facility_list,京都府内のバリアフリー施設一覧,https://www.pref.kyoto.jp/f-machi/hitoyasa.html,2026-09,1733,,
26,京都府,26202,舞鶴市,,舞鶴市商工観光センター,,,625-0036,浜６６番地,,,http://www.maizuru-bay.com,yes,,,,,,,,no,,no,,,,,,,,,,,,,,,,,,barrier_free_facility_list,京都府内のバリアフリー施設一覧,https://www.pref.kyoto.jp/f-machi/hitoyasa.html,2026-09,1734,,おむつ換え用のベビーシートがあります。 女性トイレ内にベビーキープがあります。 職員が受付で筆談に応じます。 視覚障害者誘導用のチャイムがあります。 外部との出入り口に点字ブロックがあります。
26,京都府,26202,舞鶴市,,舞鶴市政記念館,,,625-0080,字北吸１０３９−２,,,http://www.redbrick.jp/shiseikinenkan/,yes,,,,,,,,no,,no,,,,,,,,,,,,,,,,,,barrier_free_facility_list,京都府内のバリアフリー施設一覧,https://www.pref.kyoto.jp/f-machi/hitoyasa.html,2026-09,1735,,職員が受付で筆談に応じます。
26,京都府,26202,舞鶴市,,舞鶴市西市民プラザ,,,624-0854,字円満寺158番地6,,,http://maizuru-plaza.jimdo.com/,no,,,,,,,,no,,no,,,,,,,,,,,,,,,,,,barrier_free_facility_list,京都府内のバリアフリー施設一覧,https://www.pref.kyoto.jp/f-machi/hitoyasa.html,2026-09,1736,,おむつ交換専用台があります。
26,京都府,26202,舞鶴市,,青葉山ろく公園,,,625-0015,字岡安地内,,,http://aoba36.go-m.org/,yes,,,,,,,,yes,,yes,,,,,,,,,,,,,,,,,,barrier_free_facility_list,京都府内のバリアフリー施設一覧,https://www.pref.kyoto.jp/f-machi/hitoyasa.html,2026-09,1737,,
26,京都府,26202,舞鶴市,,新日本海フェリー　舞鶴フェリーターミナル,,,625-0036,字浜2025-1,,,https://www.snf.jp/,yes,yes,1,0,,,yes,no,yes,no,yes,no,,,lever,button,yes,yes,yes,no,yes,no,no,no,no,yes,yes,no,barrier_free_facility_list,京都府内のバリアフリー施設一覧,https://www.pref.kyoto.jp/f-machi/hitoyasa.html,2026-09,1738,,
26,京都府,26202,舞鶴市,,市立舞鶴市民病院加佐診療所,,,624-0954,字八田962,,,,yes,,,,,,,,no,,no,,,,,,,,,,,,,,,,,,barrier_free_facility_list,京都府内のバリアフリー施設一覧,https://www.pref.kyoto.jp/f-machi/hitoyasa.html,2026-09,1739,,
26,京都府,26202,舞鶴市,,舞鶴赤十字病院,,,624-0906,字倉谷４２７,,,http://www.maizuru.jrc.or.jp,yes,yes,,,,,,,unknown,,unknown,,,,,,,,,,,,,no,no,yes,yes,no,barrier_free_facility_list,京都府内のバリアフリー施設一覧,https://www.pref.kyoto.jp/f-machi/hitoyasa.html,2026-09,1740,,点字案内は、階段にございます。
26,京都府,26202,舞鶴市,,舞鶴市大丹生コミュニティセンター,,,625-0136,大丹生212番地,,,,yes,yes,,,,,yes,no,no,no,yes,no,,,button,button,,,,,,,,,,,,,barrier_free_facility_list,京都府内のバリアフリー施設一覧,https://www.pref.kyoto.jp/f-machi/hitoyasa.html,2026-09,1741,,
26,京都府,26202,舞鶴市,,医療法人医誠会　東舞鶴医誠会病院,,,625-0007,字大波下小字前田７６５－１６,,,http://www.higashimaizuruhp.or.jp/,yes,,,,,,,,no,,no,,,,,,,,,,,,,,,,,,barrier_free_facility_list,京都府内のバリアフリー施設一覧,https://www.pref.kyoto.jp/f-machi/hitoyasa.html,2026-09,1742,,
26,京都府,26202,舞鶴市,,ファミリーマート舞鶴行永店,,,625-0052,行永字永田寺2440-11,,,,no,,,,,,,,no,,no,,,,,,,,,,,,,,,,,,barrier_free_facility_list,京都府内のバリアフリー施設一覧,https://www.pref.kyoto.jp/f-machi/hitoyasa.html,2026-09,1743,,
26,京都府,26202,舞鶴市,,舞鶴市南デイサービス・在宅介護支援センター,,,625-0960,行永1090-30,,,http://www10.ocn.ne.jp/~yasuragi/,no,,,,,,,,no,,no,,,,,,,,,,,,,,,,,,barrier_free_facility_list,京都府内のバリアフリー施設一覧,https://www.pref.kyoto.jp/f-machi/hitoyasa.html,2026-09,1744,,
26,京都府,26202,舞鶴市,,ケーズデンキ　東舞鶴店,,,625-0037,浜町６－１,,,,yes,,,,,,,,no,,yes,,,,,,,,,,,,,,,,,,barrier_free_facility_list,京都府内のバリアフリー施設一覧,https://www.pref.kyoto.jp/f-machi/hitoyasa.html,2026-09,1745,,
26,京都府,26202,舞鶴市,,舞鶴志楽郵便局,,,625-0022,安岡町20-2,,,,no,,,,,,,,unknown,,unknown,,,,,,,,,,,,,,,,,,barrier_free_facility_list,京都府内のバリアフリー施設一覧,https://www.pref.kyoto.jp/f-machi/hitoyasa.html,2026-09,1746,,
26,京都府,26202,舞鶴市,,舞鶴常郵便局,,,625-0077,亀岩町１３０－１,,,http://map.japanpost.jp/pc/syousai.php?id=300144339000,no,,,,,,,,no,,no,,,,,,,,,,,,,,,,,,barrier_free_facility_list,京都府内のバリアフリー施設一覧,https://www.pref.kyoto.jp/f-machi/hitoyasa.html,2026-09,1747,,職員が窓口で筆談に応じます。 外部との出入り口に点字ブロックがあります。
26,京都府,26202,舞鶴市,,フレッシュバザール舞鶴浮島店,,,625-0035,字溝尻６０番４,,,sato051@sato-kyoto.co.jp,yes,,,,,,,,no,,yes,,,,,,,,,,,,,,,,,,barrier_free_facility_list,京都府内のバリアフリー施設一覧,https://www.pref.kyoto.jp/f-machi/hitoyasa.html,2026-09,1748,,
26,京都府,26202,舞鶴市,,舞鶴北吸郵便局,,,625-0080,北吸７５０－１,,,http://map.japanpost.jp/pc/syousai.php?id=300144142000,no,,,,,,,,no,,no,,,,,,,,,,,,,,,,,,barrier_free_facility_list,京都府内のバリアフリー施設一覧,https://www.pref.kyoto.jp/f-machi/hitoyasa.html,2026-09,1749,,職員が受付で筆談に応じます。 外部との出入口に点字ブロックがあります。 点字パンフレットがあります。
26,京都府,26202,舞鶴市,,ファミリーマート　舞鶴引土店,,,624-0841,引土１１６－４,,,,no,,,,,,,,no,,no,,,,,,,,,,,,,,,,,,barrier_free_facility_list,京都府内のバリアフリー施設一覧,https://www.pref.kyoto.jp/f-machi/hitoyasa.html,2026-09,1750,,
26,京都府,26202,舞鶴市,,ファミリーマート　舞鶴円満寺店,,,624-0854,円満寺１４２－１,,,,no,,,,,,,,no,,no,,,,,,,,,,,,,,,,,,barrier_free_facility_list,京都府内のバリアフリー施設一覧,https://www.pref.kyoto.jp/f-machi/hitoyasa.html,2026-09,1751,,
26,京都府,26202,舞鶴市,,ファミリーマート　舞鶴七条店,,,625-0050,北浜町10－6,,,https://www.facebook.com/familymart.maizuru7jyo,yes,,,,,,,,no,,no,,,,,,,,,,,,,,,,,,barrier_free_facility_list,京都府内のバリアフリー施設一覧,https://www.pref.kyoto.jp/f-machi/hitoyasa.html,2026-09,1752,,
26,京都府,26202,舞鶴市,,日本年金機構　舞鶴年金事務所,,,624-0853,南田辺50-8,,,http://www.nenkin.go.jp/n/www/section/detail.jsp?id=606&part_id=251,yes,,,,,,,,no,,no,,,,,,,,,,,,,,,,,,barrier_free_facility_list,京都府内のバリアフリー施設一覧,https://www.pref.kyoto.jp/f-machi/hitoyasa.html,2026-09,1753,,
26,京都府,26202,舞鶴市,,モンファミーユ舞鶴,,,625-0085,大字和田小字中田1065,,,http://www.seihoukai.com/,yes,,,,,,,,no,,no,,,,,,,,,,,,,,,,,,barrier_free_facility_list,京都府内のバリアフリー施設一覧,https://www.pref.kyoto.jp/f-machi/hitoyasa.html,2026-09,1754,,
26,京都府,26202,舞鶴市,,アザレア舞鶴,,,625-0085,大字和田小字中田1055-1,,,http://www.seihoukai.com/,yes,,,,,,,,no,,no,,,,,,,,,,,,,,,,,,barrier_free_facility_list,京都府内のバリアフリー施設一覧,https://www.pref.kyoto.jp/f-machi/hitoyasa.html,2026-09,1755,,
26,京都府,26202,舞鶴市,,ドラッグささき西舞鶴店,,,624-0816,伊佐津200-17,,,,no,,,,,,,,no,,no,,,,,,,,,,,,,,,,,,barrier_free_facility_list,京都府内のバリアフリー施設一覧,https://www.pref.kyoto.jp/f-machi/hitoyasa.html,2026-09,1756,,
26,京都府,26202,舞鶴市,,養護老人ホーム　安岡園,,,625-0021,安岡1076番地の1,,,http://daijukai.jp/,no,no,,,,,,,no,,no,,,,,,,,,,,,,no,no,no,no,no,barrier_free_facility_list,京都府内のバリアフリー施設一覧,https://www.pref.kyoto.jp/f-machi/hitoyasa.html,2026-09,1757,,
26,京都府,26202,舞鶴市,,舞鶴市身体障害者福祉センターひまわり,,,625-0087,字余部下１１８３−９,,,,no,yes,,3,,,yes,,yes,,no,,,,,button,yes,yes,yes,,,,,,,,,,barrier_free_facility_list,京都府内のバリアフリー施設一覧,https://www.pref.kyoto.jp/f-machi/hitoyasa.html,2026-09,1758,,
26,京都府,26202,舞鶴市,,特別養護老人ホーム真愛の家寿荘,,,624-0912,字上安1697-36,,,http://www.sinainoie.org,yes,,,,,,,,no,,no,,,,,,,,,,,,,,,,,,barrier_free_facility_list,京都府内のバリアフリー施設一覧,https://www.pref.kyoto.jp/f-machi/hitoyasa.html,2026-09,1759,,
26,京都府,26202,舞鶴市,,株式会社舞鶴ホンダ,,,624-0946,下福井882-20,,,,yes,,,,,,,,no,,yes,,,,,,,,,,,,,,,,,,barrier_free_facility_list,京都府内のバリアフリー施設一覧,https://www.pref.kyoto.jp/f-machi/hitoyasa.html,2026-09,1760,,
26,京都府,26202,舞鶴市,,ミニストップ東舞鶴鹿原店,,,625-0014,字鹿原13-1,,,,no,,,,,,,,no,,no,,,,,,,,,,,,,,,,,,barrier_free_facility_list,京都府内のバリアフリー施設一覧,https://www.pref.kyoto.jp/f-machi/hitoyasa.html,2026-09,1761,,
26,京都府,26202,舞鶴市,,ドコモショップ東舞鶴店,,,625-0037,浜町4の12,,,,yes,,,,,,,,no,,unknown,,,,,,,,,,,,,,,,,,barrier_free_facility_list,京都府内のバリアフリー施設一覧,https://www.pref.kyoto.jp/f-machi/hitoyasa.html,2026-09,1762,,
26,京都府,26202,舞鶴市,,中丹広域振興局　舞鶴総合庁舎,,,625-0036,字浜2020,,,http://pref.kyoto.lg.jp,yes,yes,1,1,,,yes,,unknown,,yes,yes,,,lever,,yes,yes,yes,yes,yes,yes,yes,,,,,,barrier_free_facility_list,京都府内のバリアフリー施設一覧,https://www.pref.kyoto.jp/f-machi/hitoyasa.html,2026-09,1763,,
26,京都府,26202,舞鶴市,,ホテルマーレたかた,,,625-0036,字浜2002-3,,,http://www.h-mare.co.jp,yes,,,,,,,,no,,no,,,,,,,,,,,,,,,,,,barrier_free_facility_list,京都府内のバリアフリー施設一覧,https://www.pref.kyoto.jp/f-machi/hitoyasa.html,2026-09,1764,,
26,京都府,26202,舞鶴市,,京都府舞鶴警察署（東庁舎）,,,625-0036,字浜2014,,,http://www.pref.kyoto.jp/fukei/,yes,yes,1,1,,,no,no,no,no,no,no,,,button,button,no,yes,yes,no,no,no,no,yes,no,no,no,no,barrier_free_facility_list,京都府内のバリアフリー施設一覧,https://www.pref.kyoto.jp/f-machi/hitoyasa.html,2026-09,1765,,
26,京都府,26202,舞鶴市,,京都府舞鶴警察署（本庁舎）,,,624-0853,字南田辺9,,,http://www.pref.kyoto.jp/fukei/,yes,yes,別館1,1,,,no,no,no,no,no,no,,,sensor,none,no,yes,yes,no,no,no,no,yes,no,no,no,no,barrier_free_facility_list,京都府内のバリアフリー施設一覧,https://www.pref.kyoto.jp/f-machi/hitoyasa.html,2026-09,1766,,
26,京都府,26202,舞鶴市,,バザールタウン舞鶴,,,624-0816,伊佐津200-5,,,,no,,,,,,,,unknown,,unknown,,,,,,,,,,,,,,,,,,barrier_free_facility_list,京都府内のバリアフリー施設一覧,https://www.pref.kyoto.jp/f-machi/hitoyasa.html,2026-09,1767,,
26,京都府,26202,舞鶴市,,１００満ボルト　舞鶴店,,,624-0906,字倉谷小字森安1070-1,,,,no,,,,,,,,unknown,,unknown,,,,,,,,,,,,,,,,,,barrier_free_facility_list,京都府内のバリアフリー施設一覧,https://www.pref.kyoto.jp/f-machi/hitoyasa.html,2026-09,1768,,
26,京都府,26202,舞鶴市,,らぽーる,,,625-0057,南浜町27－5,,,,no,,,,,,,,unknown,,unknown,,,,,,,,,,,,,,,,,,barrier_free_facility_list,京都府内のバリアフリー施設一覧,https://www.pref.kyoto.jp/f-machi/hitoyasa.html,2026-09,1769,,
26,京都府,26202,舞鶴市,,株式会社　京滋マツダ　舞鶴店,,,624-0821,字公文名小字宮ノ下5-1,,,,no,,,,,,,,unknown,,unknown,,,,,,,,,,,,,,,,,,barrier_free_facility_list,京都府内のバリアフリー施設一覧,https://www.pref.kyoto.jp/f-machi/hitoyasa.html,2026-09,1770,,
26,京都府,26202,舞鶴市,,京都トヨタ自動車株式会社舞鶴店,,,624-0823,京田小字大角134,,,,no,,,,,,,,unknown,,unknown,,,,,,,,,,,,,,,,,,barrier_free_facility_list,京都府内のバリアフリー施設一覧,https://www.pref.kyoto.jp/f-machi/hitoyasa.html,2026-09,1771,,
26,京都府,26202,舞鶴市,,株式会社ホンダカーズ京都舞鶴西店,,,624-0823,京田356,,,,no,,,,,,,,unknown,,unknown,,,,,,,,,,,,,,,,,,barrier_free_facility_list,京都府内のバリアフリー施設一覧,https://www.pref.kyoto.jp/f-machi/hitoyasa.html,2026-09,1772,,
26,京都府,26202,舞鶴市,,ギフト館　藤善　東舞鶴店,,,625-0050,北浜町6－5,,,,no,,,,,,,,unknown,,unknown,,,,,,,,,,,,,,,,,,barrier_free_facility_list,京都府内のバリアフリー施設一覧,https://www.pref.kyoto.jp/f-machi/hitoyasa.html,2026-09,1773,,
26,京都府,26202,舞鶴市,,京都縦貫自動車道　由良川パーキングエリア,,,624-0122,地頭地内,,,,no,,,,,,,,unknown,,unknown,,,,,,,,,,,,,,,,,,barrier_free_facility_list,京都府内のバリアフリー施設一覧,https://www.pref.kyoto.jp/f-machi/hitoyasa.html,2026-09,1774,,
26,京都府,26202,舞鶴市,,京都北都信用金庫　余内支店,,,624-0906,字倉谷1535,,,,no,,,,,,,,unknown,,unknown,,,,,,,,,,,,,,,,,,barrier_free_facility_list,京都府内のバリアフリー施設一覧,https://www.pref.kyoto.jp/f-machi/hitoyasa.html,2026-09,1775,,
26,京都府,26202,舞鶴市,,京都北都信用金庫　舞鶴中央支店,,,624-0854,字円満寺145,,,,no,,,,,,,,unknown,,unknown,,,,,,,,,,,,,,,,,,barrier_free_facility_list,京都府内のバリアフリー施設一覧,https://www.pref.kyoto.jp/f-machi/hitoyasa.html,2026-09,1776,,
26,京都府,26202,舞鶴市,,京都北都信用金庫　東舞鶴中央支店,,,625-0036,字浜225,,,,no,,,,,,,,unknown,,unknown,,,,,,,,,,,,,,,,,,barrier_free_facility_list,京都府内のバリアフリー施設一覧,https://www.pref.kyoto.jp/f-machi/hitoyasa.html,2026-09,1777,,
26,京都府,26202,舞鶴市,,舞鶴万代橋郵便局,,,625-0036,字浜145,,,,no,,,,,,,,unknown,,unknown,,,,,,,,,,,,,,,,,,barrier_free_facility_list,京都府内のバリアフリー施設一覧,https://www.pref.kyoto.jp/f-machi/hitoyasa.html,2026-09,1778,,
26,京都府,26202,舞鶴市,,舞鶴中筋郵便局,,,624-0816,字伊佐津344－1,,,,no,,,,,,,,unknown,,unknown,,,,,,,,,,,,,,,,,,barrier_free_facility_list,京都府内のバリアフリー施設一覧,https://www.pref.kyoto.jp/f-machi/hitoyasa.html,2026-09,1779,,
26,京都府,26202,舞鶴市,,岡田郵便局,,,624-0117,字岡田由里17の5,,,,no,,,,,,,,unknown,,unknown,,,,,,,,,,,,,,,,,,barrier_free_facility_list,京都府内のバリアフリー施設一覧,https://www.pref.kyoto.jp/f-machi/hitoyasa.html,2026-09,1780,,
26,京都府,26202,舞鶴市,,ライフ・ステージ　舞夢,,,624-0125,字桑飼上1088－1,,,,no,,,,,,,,unknown,,unknown,,,,,,,,,,,,,,,,,,barrier_free_facility_list,京都府内のバリアフリー施設一覧,https://www.pref.kyoto.jp/f-machi/hitoyasa.html,2026-09,1781,,
26,京都府,26202,舞鶴市,,ワークショップほのぼの屋,,,625-0007,大字大波下小字滝ヶ浦202－56,,,,no,,,,,,,,unknown,,unknown,,,,,,,,,,,,,,,,,,barrier_free_facility_list,京都府内のバリアフリー施設一覧,https://www.pref.kyoto.jp/f-machi/hitoyasa.html,2026-09,1782,,
26,京都府,26202,舞鶴市,,おおえ乳腺クリニック,,,624-0906,倉谷向ノ丁1904-10,,,,no,,,,,,,,unknown,,unknown,,,,,,,,,,,,,,,,,,barrier_free_facility_list,京都府内のバリアフリー施設一覧,https://www.pref.kyoto.jp/f-machi/hitoyasa.html,2026-09,1783,,
26,京都府,26202,舞鶴市,,府立東舞鶴高等学校　浮島分校,,,625-0035,字溝尻150－13,,,,no,,,,,,,,unknown,,unknown,,,,,,,,,,,,,,,,,,barrier_free_facility_list,京都府内のバリアフリー施設一覧,https://www.pref.kyoto.jp/f-machi/hitoyasa.html,2026-09,1784,,
26,京都府,26202,舞鶴市,,ファミリーマート舞鶴南田辺店,,,624-0853,南田辺70-12,,,,no,,,,,,,,unknown,,unknown,,,,,,,,,,,,,,,,,,barrier_free_facility_list,京都府内のバリアフリー施設一覧,https://www.pref.kyoto.jp/f-machi/hitoyasa.html,2026-09,1785,,
26,京都府,26202,舞鶴市,,ローソン東舞鶴駅前店,,,625-0037,浜町7-13,,,,no,,,,,,,,unknown,,unknown,,,,,,,,,,,,,,,,,,barrier_free_facility_list,京都府内のバリアフリー施設一覧,https://www.pref.kyoto.jp/f-machi/hitoyasa.html,2026-09,1786,,
26,京都府,26202,舞鶴市,,有限会社黒鯛釣具,,,625-0027,田園町1丁目1,,,,no,,,,,,,,unknown,,unknown,,,,,,,,,,,,,,,,,,barrier_free_facility_list,京都府内のバリアフリー施設一覧,https://www.pref.kyoto.jp/f-machi/hitoyasa.html,2026-09,1787,,
26,京都府,26202,舞鶴市,,舞鶴八雲郵便局,,,624-0968,字上東43-9,,,,no,,,,,,,,unknown,,unknown,,,,,,,,,,,,,,,,,,barrier_free_facility_list,京都府内のバリアフリー施設一覧,https://www.pref.kyoto.jp/f-machi/hitoyasa.html,2026-09,1788,,
26,京都府,26202,舞鶴市,,西舞鶴郵便局,,,624-0855,字北田辺160,,,,no,,,,,,,,unknown,,unknown,,,,,,,,,,,,,,,,,,barrier_free_facility_list,京都府内のバリアフリー施設一覧,https://www.pref.kyoto.jp/f-machi/hitoyasa.html,2026-09,1789,,
26,京都府,26202,舞鶴市,,特別養護老人ホーム　グリーンプラザ博愛苑,,,625-0025,字市場390番地,,,,no,,,,,,,,unknown,,unknown,,,,,,,,,,,,,,,,,,barrier_free_facility_list,京都府内のバリアフリー施設一覧,https://www.pref.kyoto.jp/f-machi/hitoyasa.html,2026-09,1790,,
26,京都府,26202,舞鶴市,,府立東舞鶴高等学校,,,625-0026,字泉源寺766,,,,no,,,,,,,,unknown,,unknown,,,,,,,,,,,,,,,,,,barrier_free_facility_list,京都府内のバリアフリー施設一覧,https://www.pref.kyoto.jp/f-machi/hitoyasa.html,2026-09,1791,,
26,京都府,26202,舞鶴市,,近畿財務局京都財務事務所舞鶴出張所,,,625-0036,字浜3－１,,,,no,,,,,,,,unknown,,unknown,,,,,,,,,,,,,,,,,,barrier_free_facility_list,京都府内のバリアフリー施設一覧,https://www.pref.kyoto.jp/f-machi/hitoyasa.html,2026-09,1792,,
26,京都府,26202,舞鶴市,,ベルマートいいだ旬工房,,,625-0021,安岡小字中山１００３番地,,,http://www.bellmart-iida.com/,yes,,,,,,,,no,,no,,,,,,,,,,,,,,,,,,barrier_free_facility_list,京都府内のバリアフリー施設一覧,https://www.pref.kyoto.jp/f-machi/hitoyasa.html,2026-09,1793,,
26,京都府,26202,舞鶴市,,舞鶴かね和,,,624-0823,京田555-1,,,http://kanewa-m.com/,yes,,,,,,,,no,,no,,,,,,,,,,,,,,,,,,barrier_free_facility_list,京都府内のバリアフリー施設一覧,https://www.pref.kyoto.jp/f-machi/hitoyasa.html,2026-09,1794,,
26,京都府,26202,舞鶴市,,京都北都信用金庫　らぽーる出張所,,,625-0057,南浜町１２番地８,,,http://www.hokuto-shinkin.co.jp（京都北都信用金庫のホームページ）,yes,,,,,,,,no,,no,,,,,,,,,,,,,,,,,,barrier_free_facility_list,京都府内のバリアフリー施設一覧,https://www.pref.kyoto.jp/f-machi/hitoyasa.html,2026-09,1795,,
26,京都府,26202,舞鶴市,,京都北都信用金庫　南浜支店,,,625-0057,南浜町７番地６,,,http://www.hokuto-shinkin.co.jp（京都北都信用金庫のホームページ）,no,,,,,,,,no,,no,,,,,,,,,,,,,,,,,,barrier_free_facility_list,京都府内のバリアフリー施設一覧,https://www.pref.kyoto.jp/f-machi/hitoyasa.html,2026-09,1796,,職員が受付で筆談に応じます。 外部との出入口に点字ブロックがあります。  舞鶴信用金庫南浜支店は、平成8年12月17日オープンしました。 建物は南向きで明るい日ざしが入ってきます。窓口職員は、いつも明るい笑顔で心のこもった対応を心がけています。 ロビーはゆったりしたスペースがあり金融機関の「くつろぎ」の場所として、お客様をお待ち致しております 是非一度御来店下さい。
26,京都府,26202,舞鶴市,,京都北都信用金庫　舞鶴西総合会館出張所,,,624-0853,字南名田辺１番地,,,http://www.hokuto-shinkin.co.jp（京都北都信用金庫のホームページ）,no,,,,,,,,no,,no,,,,,,,,,,,,,,,,,,barrier_free_facility_list,京都府内のバリアフリー施設一覧,https://www.pref.kyoto.jp/f-machi/hitoyasa.html,2026-09,1797,,外部との出入口に点字ブロックがあります。
26,京都府,26202,舞鶴市,,京都北都信用金庫　舞鶴市役所出張所,,,625-0080,字北吸１０４４番地,,,http://www.hokuto-shinkin.co.jp（京都北都信用金庫のホームページ）,no,,,,,,,,no,,no,,,,,,,,,,,,,,,,,,barrier_free_facility_list,京都府内のバリアフリー施設一覧,https://www.pref.kyoto.jp/f-machi/hitoyasa.html,2026-09,1798,,外部との出入口に点字ブロックがあります。
26,京都府,26202,舞鶴市,,京都北都信用金庫　ファミリー出張所,,,625-0062,字森４９４番地１,,,http://www.hokuto-shinkin.co.jp（京都北都信用金庫のホームページ）,no,,,,,,,,no,,no,,,,,,,,,,,,,,,,,,barrier_free_facility_list,京都府内のバリアフリー施設一覧,https://www.pref.kyoto.jp/f-machi/hitoyasa.html,2026-09,1799,,
26,京都府,26202,舞鶴市,,舞鶴市西駅交流センター,,,624-0816,字伊佐津２１３-８,,,http://www.city.maizuru.kyoto.jp/yoyaku/shisetu/14nishieki.htm,yes,,,,,,,,no,,no,,,,,,,,,,,,,,,,,,barrier_free_facility_list,京都府内のバリアフリー施設一覧,https://www.pref.kyoto.jp/f-machi/hitoyasa.html,2026-09,1800,,職員が受付で筆談に応じます。 外部との出入口に点字ブロックがあります。
26,京都府,26202,舞鶴市,,舞鶴市中総合会館,,,625-0087,字余部下1167番地,,,http://www.city.maizuru.kyoto.jp/yoyaku/shisetu/09nkomisen.htm,yes,,,,,,,,no,,no,,,,,,,,,,,,,,,,,,barrier_free_facility_list,京都府内のバリアフリー施設一覧,https://www.pref.kyoto.jp/f-machi/hitoyasa.html,2026-09,1801,,おむつ換え用のベビーシートがあります。 男女トイレ内にベビーキープがあります。 授乳コーナーがあります。 職員が受付で筆談に応じます。 ファックス送信サービス（有料）あります。 視覚障害者誘導用のチャイムがあります。 外部との出入り口に点字ブロックがあります。
26,京都府,26201,福知山市,,福知山市総合福祉会館,,,620-0035,字内記10番地の18,,,http://www.fukuchiyama-shakyo.org,,yes,1・2・3,3,,,yes,yes,yes,no,yes,yes,,,button,button,yes,yes,yes,no,no,no,no,no,no,no,yes,no,barrier_free_facility_list,京都府内のバリアフリー施設一覧,https://www.pref.kyoto.jp/f-machi/hitoyasa.html,2026-09,1802,,
26,京都府,26201,福知山市,,(株)さとう　フレッシュフロンティア　ミニフレッシュ三和店,,,620-1442,三和町千束870-1,,,,,yes,1,1,,,yes,no,no,yes,yes,no,,,lever,button,no,yes,yes,no,no,yes,yes,no,no,no,yes,no,barrier_free_facility_list,京都府内のバリアフリー施設一覧,https://www.pref.kyoto.jp/f-machi/hitoyasa.html,2026-09,1803,,
26,京都府,26201,福知山市,,ミニフレッシュ大江店,,,620-0301,大江町河守1833,,,http://www.sato-kyoto.com,,yes,1,1,,,yes,no,no,no,yes,no,,,sensor,button,yes,yes,yes,no,no,no,yes,no,no,no,no,no,barrier_free_facility_list,京都府内のバリアフリー施設一覧,https://www.pref.kyoto.jp/f-machi/hitoyasa.html,2026-09,1804,,
26,京都府,26201,福知山市,,フレッシュバザール福知山お城通り店,,,620-0045,駅前町213,,,,,yes,1,1,,,yes,yes,yes,no,yes,no,,,sensor,button,yes,yes,yes,no,no,yes,yes,no,no,no,no,no,barrier_free_facility_list,京都府内のバリアフリー施設一覧,https://www.pref.kyoto.jp/f-machi/hitoyasa.html,2026-09,1805,,
26,京都府,26201,福知山市,,フレッシュメゾン福知山和久市店,,,620-0062,和久市町214,,,http://www.sato-kyoto.com/,,no,,,,,,,,,,,,,,,no,yes,yes,no,no,yes,yes,no,yes,no,no,no,barrier_free_facility_list,京都府内のバリアフリー施設一覧,https://www.pref.kyoto.jp/f-machi/hitoyasa.html,2026-09,1806,,
26,京都府,26201,福知山市,,(株)さとうフレッシュフロンティア　ミニフレッシュ夜久野店,,,629-1304,夜久野町額田1392番地1,,,,,yes,1,1,,,yes,no,no,no,no,yes,,,sensor,button,yes,yes,yes,no,no,yes,yes,no,no,no,no,no,barrier_free_facility_list,京都府内のバリアフリー施設一覧,https://www.pref.kyoto.jp/f-machi/hitoyasa.html,2026-09,1807,,
26,京都府,26201,福知山市,,社会福祉法人　一成保育園,,,620-0926,字新庄小字牛伏1-3,,,http://www.isseihoikuen.com/,yes,yes,,1,,,yes,no,no,no,yes,no,,,button,button,no,yes,yes,no,no,no,no,no,no,yes,yes,yes,barrier_free_facility_list,京都府内のバリアフリー施設一覧,https://www.pref.kyoto.jp/f-machi/hitoyasa.html,2026-09,1808,,
26,京都府,26201,福知山市,,ファッションセンターしまむら福知山店,,,620-0000,字篠尾小字羽合1227-2,,,,no,no,,,,,,,unknown,,unknown,,,,,,,,,,,,,,,,,,barrier_free_facility_list,京都府内のバリアフリー施設一覧,https://www.pref.kyoto.jp/f-machi/hitoyasa.html,2026-09,1809,,
26,京都府,26201,福知山市,,人権ふれあいセンター堀会館,,,620-0874,堀2539,,,,yes,yes,1,1,,,yes,yes,yes,no,no,no,,,sensor,button,yes,yes,yes,no,no,no,no,yes,no,no,no,no,barrier_free_facility_list,京都府内のバリアフリー施設一覧,https://www.pref.kyoto.jp/f-machi/hitoyasa.html,2026-09,1810,,
26,京都府,26201,福知山市,,福知山税務署,,,620-0055,篠尾新町1丁目37番地,,,http://www.nta.go.jp/osaka/guide/zeimusho/kyoto/fukuchiyama/,yes,no,,,,,,,no,,yes,,,,,,,,,,,,,,,,,,barrier_free_facility_list,京都府内のバリアフリー施設一覧,https://www.pref.kyoto.jp/f-machi/hitoyasa.html,2026-09,1811,,おもいやり駐車場は、混雑時には使用できない場合があります。 あらかじめご了承ください。
26,京都府,26201,福知山市,,洋服の青山　福知山店,,,620-0931,駅南町三丁目137番,,,,yes,no,,,,,yes,no,no,no,no,no,,,lever,none,no,yes,yes,no,no,no,no,no,no,unknown,no,unknown,barrier_free_facility_list,京都府内のバリアフリー施設一覧,https://www.pref.kyoto.jp/f-machi/hitoyasa.html,2026-09,1812,,
26,京都府,26201,福知山市,,メガネの三城　福知山店,,,620-0059,厚東町30番地,,,,yes,yes,1,1,,,yes,no,no,no,no,no,,,lever,none,no,yes,yes,no,no,no,no,no,no,no,no,no,barrier_free_facility_list,京都府内のバリアフリー施設一覧,https://www.pref.kyoto.jp/f-machi/hitoyasa.html,2026-09,1813,,
26,京都府,26201,福知山市,,大江河東公園,,,620-0351,大江町千原,,,,yes,yes,1,1,,,no,no,no,no,yes,no,,,lever,button,yes,no,yes,no,no,no,no,,no,no,no,no,barrier_free_facility_list,京都府内のバリアフリー施設一覧,https://www.pref.kyoto.jp/f-machi/hitoyasa.html,2026-09,1814,,
26,京都府,26201,福知山市,,市ノ谷公園,,,620-0853,長田野町2丁目59番地,,,http://www.city.fukuchiyama.kyoto.jp,yes,yes,1,1,,,no,no,no,no,no,yes,,,lever,button,yes,no,yes,no,no,no,no,,no,no,no,no,barrier_free_facility_list,京都府内のバリアフリー施設一覧,https://www.pref.kyoto.jp/f-machi/hitoyasa.html,2026-09,1815,,
26,京都府,26201,福知山市,,ホームセンターコーナン福知山店,,,620-0045,字駅前町352番地,,,https://www.hc-kohnan.com/,yes,yes,1,1,,,yes,no,yes,no,yes,no,,,button,button,yes,yes,yes,yes,yes,yes,yes,no,no,yes,yes,no,barrier_free_facility_list,京都府内のバリアフリー施設一覧,https://www.pref.kyoto.jp/f-machi/hitoyasa.html,2026-09,1816,,
26,京都府,26201,福知山市,,福知山城公園観光駐車場,,,620-0000,字堀１番地,,,,yes,yes,1,1,,,yes,no,yes,no,yes,yes,,,sensor,,yes,yes,yes,yes,yes,yes,yes,no,no,no,no,no,barrier_free_facility_list,京都府内のバリアフリー施設一覧,https://www.pref.kyoto.jp/f-machi/hitoyasa.html,2026-09,1817,,
26,京都府,26201,福知山市,,福知山駅南口広場駐車場,,,620-0000,駅前町1037番地,,,http://f-ekimae.sakura.ne.jp/,no,no,,,,,,,no,,no,,,,,,,,,,,,,,,,,,barrier_free_facility_list,京都府内のバリアフリー施設一覧,https://www.pref.kyoto.jp/f-machi/hitoyasa.html,2026-09,1818,,
26,京都府,26201,福知山市,,福知山駅北口広場駐車場,,,620-0045,駅前町1021番地,,,http://f-ekimae.sakura.ne.jp/,no,no,,,,,,,no,,no,,,,,,,,,,,,,,,,,,barrier_free_facility_list,京都府内のバリアフリー施設一覧,https://www.pref.kyoto.jp/f-machi/hitoyasa.html,2026-09,1819,,
26,京都府,26201,福知山市,,大江桜づつみ緑地,,,620-0301,大江町河守他,,,,no,no,,,,,,,unknown,,unknown,,,,,,,,,,,,,,no,no,no,no,barrier_free_facility_list,京都府内のバリアフリー施設一覧,https://www.pref.kyoto.jp/f-machi/hitoyasa.html,2026-09,1820,,
26,京都府,26201,福知山市,,TSUTAYA AVIX 福知山,,,620-0933,東羽合町149,,,http://www.avix.ne.jp,yes,yes,1,1,,,yes,,unknown,,yes,yes,,,sensor,none,,yes,yes,,,yes,yes,no,no,no,yes,no,barrier_free_facility_list,京都府内のバリアフリー施設一覧,https://www.pref.kyoto.jp/f-machi/hitoyasa.html,2026-09,1821,,
26,京都府,26201,福知山市,,福知山生野郵便局,,,620-0823,字生野９５,,,http;//www.post.japanpost.jp/,no,no,,,,,,,unknown,,unknown,,,,,,no,yes,yes,no,no,no,no,no,no,no,no,no,barrier_free_facility_list,京都府内のバリアフリー施設一覧,https://www.pref.kyoto.jp/f-machi/hitoyasa.html,2026-09,1822,,
26,京都府,26201,福知山市,,特別養護老人ホーム　みわの里,,,620-1424,京都府福知山市三和町友渕79-132,,,http://www.shimizu-hospital.or.jp/kaigo/care/miwa/index.php,yes,yes,1,1,,,yes,,unknown,,unknown,yes,,,button,pull_cord,,,,,,,,no,no,no,no,no,barrier_free_facility_list,京都府内のバリアフリー施設一覧,https://www.pref.kyoto.jp/f-machi/hitoyasa.html,2026-09,1823,,
26,京都府,26201,福知山市,,福知山温泉　養老の湯,,,620-0846,字長田小字宿81-13,,,http://www.fukuchiyamaonsen.com/index.html,no,no,,,,,,,unknown,,unknown,,,,,,yes,yes,yes,,,,,no,no,yes,yes,no,barrier_free_facility_list,京都府内のバリアフリー施設一覧,https://www.pref.kyoto.jp/f-machi/hitoyasa.html,2026-09,1824,,
26,京都府,26201,福知山市,,フレッシュバザール福知山篠尾新町店,,,620-0000,篠尾新町２－１０３,,,,no,no,,,,,,,unknown,,unknown,,,,,,,,,,,,,,,,,,barrier_free_facility_list,京都府内のバリアフリー施設一覧,https://www.pref.kyoto.jp/f-machi/hitoyasa.html,2026-09,1825,,
26,京都府,26201,福知山市,,京都地方裁判所福知山支部,,,620-0035,字内記９,,,https://www.courts.go.jp/kyoto/about_tiho/syozai/index.html,yes,yes,,,,,,,yes,,yes,,,,,,,,,,,yes,yes,,,no,,,barrier_free_facility_list,京都府内のバリアフリー施設一覧,https://www.pref.kyoto.jp/f-machi/hitoyasa.html,2026-09,1826,,
26,京都府,26201,福知山市,,福知山市治水記念館,,,620-0022,字下柳39番地,,,,yes,no,1,1,,,no,no,no,no,no,no,,,button,button,yes,yes,yes,no,no,no,no,yes,no,no,no,no,barrier_free_facility_list,京都府内のバリアフリー施設一覧,https://www.pref.kyoto.jp/f-machi/hitoyasa.html,2026-09,1827,,
26,京都府,26201,福知山市,,福知山市立惇明小学校,,,620-0035,字内記２１番地(内記5丁目),,,http//www.kyoto-be.ne.jp/junmei-es/cms,yes,no,,2,,,no,no,yes,no,no,no,,,lever,button,yes,yes,yes,no,no,no,no,no,no,no,no,no,barrier_free_facility_list,京都府内のバリアフリー施設一覧,https://www.pref.kyoto.jp/f-machi/hitoyasa.html,2026-09,1828,,
26,京都府,26201,福知山市,,井ノ奥公園,,,620-1442,三和町千束8049,,,https://www.city.fukuchiyama.lg.jp/,yes,yes,1,2,,,no,no,no,no,no,no,,,lever,,no,no,no,no,no,no,no,,no,no,no,no,barrier_free_facility_list,京都府内のバリアフリー施設一覧,https://www.pref.kyoto.jp/f-machi/hitoyasa.html,2026-09,1829,,
26,京都府,26201,福知山市,,市立福知山市民病院大江分院,,,620-0301,大江町河守180番地,,,http://www.fukuchiyama-hosp.jp/ooebunin/ooebranch.htm,yes,yes,"1,2",5,,,yes,no,yes,no,yes,no,,,sensor,button,yes,yes,yes,no,no,no,no,no,no,no,yes,no,barrier_free_facility_list,京都府内のバリアフリー施設一覧,https://www.pref.kyoto.jp/f-machi/hitoyasa.html,2026-09,1830,,
26,京都府,26201,福知山市,,福知山市芦田均記念館,,,620-0833,字宮３６番地,,,,yes,yes,1,1,,,yes,no,no,no,no,no,,,button,button,yes,yes,yes,no,no,no,no,no,no,no,no,no,barrier_free_facility_list,京都府内のバリアフリー施設一覧,https://www.pref.kyoto.jp/f-machi/hitoyasa.html,2026-09,1831,,※飲食施設は、コーヒー、ジュースなど飲み物中心です。
26,京都府,26201,福知山市,,大江町総合会館,,,620-0301,大江町河守285番地,,,http://www.city.fukuchiyama.kyoto.jp/modules/weblinks/singlelink.php?lid=38（福知山市のホームページ）,yes,yes,1，2,2,,,yes,no,no,no,no,no,,,,button,no,yes,yes,no,no,no,no,no,no,no,yes,no,barrier_free_facility_list,京都府内のバリアフリー施設一覧,https://www.pref.kyoto.jp/f-machi/hitoyasa.html,2026-09,1832,,職員が管理室受付で筆談に応じます。 館内に、「天田地方聴言センター」があります。 外部との出入り口に点字ブロックがあります。  大江駅下車、徒歩１分 大江町の行政、産業、文化の拠点として気軽にご活用いただける、コミュニティーセンター、図書館、役場からなる多目的複合施設です。 イベントホールは、目的に合わせて多様に変化できる電動壁面収納いすで、ハイグレードなホールです。
26,京都府,26201,福知山市,,福知山市立図書館中央館,,,620-0045,駅前町400（市民交流プラザふくちやま1、2階）,,,https://www.city-fukuchiyama.lib.nexs-service.jp/,yes,yes,1，2,2,,,,,no,,no,yes,,,,,yes,yes,yes,yes,,,yes,,yes,yes,yes,no,barrier_free_facility_list,京都府内のバリアフリー施設一覧,https://www.pref.kyoto.jp/f-machi/hitoyasa.html,2026-09,1833,,音声案内は市民プラザふくちやま内にあります。 飲食設備は、図書館中央館内には、ありません。
26,京都府,26201,福知山市,,福知山市児童科学館,,,620-0017,字猪崎３７７－１,,,https://www.sandanike-kouen.or.jp/science-museum/,yes,yes,1,1,,,no,no,no,no,yes,no,,,button,button,yes,yes,yes,no,no,yes,yes,no,yes,yes,yes,yes,barrier_free_facility_list,京都府内のバリアフリー施設一覧,https://www.pref.kyoto.jp/f-machi/hitoyasa.html,2026-09,1834,,
26,京都府,26201,福知山市,,福知山市厚生会館,,,620-0038,字中ノ１７０番地-５,,,http://www.city.fukuchiyama.kyoto.jp/,yes,yes,1,1,,,yes,no,yes,no,no,no,,,button,button,yes,yes,yes,no,no,no,no,no,no,no,no,no,barrier_free_facility_list,京都府内のバリアフリー施設一覧,https://www.pref.kyoto.jp/f-machi/hitoyasa.html,2026-09,1835,,授乳・おむつ交換等スペースは、必要に応じてスペース確保が可能です。 視覚障害者誘導用ブロック（建物内）は、ロビーの自動ドアを入った部分のみ エレベーターは２階まで
26,京都府,26201,福知山市,,府立福知山高等学校,,,620-0857,字土師６５０,,,,no,no,,,,,,,unknown,,unknown,,,,,,,,,,,,,,,,,,barrier_free_facility_list,京都府内のバリアフリー施設一覧,https://www.pref.kyoto.jp/f-machi/hitoyasa.html,2026-09,1836,,
26,京都府,26201,福知山市,,京都府立福知山高等学校　三和分校,,,620-1442,三和町千束３５－１,,,,no,no,,,,,,,unknown,,unknown,,,,,,,,,,,,,,,,,,barrier_free_facility_list,京都府内のバリアフリー施設一覧,https://www.pref.kyoto.jp/f-machi/hitoyasa.html,2026-09,1837,,
26,京都府,26201,福知山市,,福知山市斎場,,,620-0853,長田野町二丁目１番地の２,,,http://www.city.fukuchiyama.kyoto.jp/life/entries/001299.html,yes,yes,1,2,,,yes,no,yes,no,yes,no,,,lever,button,yes,yes,yes,no,no,no,no,no,no,yes,yes,no,barrier_free_facility_list,京都府内のバリアフリー施設一覧,https://www.pref.kyoto.jp/f-machi/hitoyasa.html,2026-09,1838,,点字案内は施設外のみあり
26,京都府,26201,福知山市,,府立大江高等学校,,,620-0303,大江町金谷５７８,,,,yes,yes,1,1,,,yes,no,no,no,no,no,,,button,button,yes,yes,yes,no,no,no,no,yes,no,yes,yes,no,barrier_free_facility_list,京都府内のバリアフリー施設一覧,https://www.pref.kyoto.jp/f-machi/hitoyasa.html,2026-09,1839,,車いすトイレは、管理棟１階職員用便所のみ 視覚障害者誘導用ブロックは、管理棟１階事務室（受付）までのみ設置 英語科教員で外国語対応可能 授乳スペース、おむつ交換スペースは申し出により、管理棟応接室、特別棟保健室で対応可能
26,京都府,26201,福知山市,,夜久野町生涯学習センター（夜久野ふれあいプラザ）,,,629-1304,夜久野町額田19－2,,,http://www.city.fukuchiyama.kyoto.jp/life/facilities/entries/000596.html,yes,yes,1,2,,,yes,yes,yes,no,yes,yes,,,sensor,button,yes,yes,yes,no,no,yes,yes,no,no,no,no,no,barrier_free_facility_list,京都府内のバリアフリー施設一覧,https://www.pref.kyoto.jp/f-machi/hitoyasa.html,2026-09,1840,,
26,京都府,26201,福知山市,,日新地域公民館・体育館,,,620-0804,字石原4番地の1,,,www.city.fukuchiyama.kyoto.jp/,no,no,,,,,,,no,,no,,,,,,yes,yes,yes,no,no,no,no,yes,no,no,no,no,barrier_free_facility_list,京都府内のバリアフリー施設一覧,https://www.pref.kyoto.jp/f-machi/hitoyasa.html,2026-09,1841,,
26,京都府,26201,福知山市,,福知山市上下水道部庁舎,,,620-0876,字堀（水内）945,,,http://www.city.fukuchiyama.lg.jp/site/suido,yes,yes,1,1,,,no,no,no,no,no,no,,,sensor,button,yes,yes,yes,no,no,no,no,yes,no,no,no,no,barrier_free_facility_list,京都府内のバリアフリー施設一覧,https://www.pref.kyoto.jp/f-machi/hitoyasa.html,2026-09,1842,,
26,京都府,26201,福知山市,,佐藤太清記念美術館,,,620-0035,字岡ノ（内記一丁目）32-64,,,,yes,yes,1,1,,,yes,no,no,no,no,,,,other,none,no,yes,yes,no,no,no,,yes,no,no,no,no,barrier_free_facility_list,京都府内のバリアフリー施設一覧,https://www.pref.kyoto.jp/f-machi/hitoyasa.html,2026-09,1843,,
26,京都府,26201,福知山市,,福知山市役所　大江支所,,,620-0301,大江町河守285,,,http://www.city.fukuchiyama.kyoto.jp/,no,no,,,,,,,unknown,,unknown,,,,,,no,yes,yes,no,no,no,no,yes,no,no,no,no,barrier_free_facility_list,京都府内のバリアフリー施設一覧,https://www.pref.kyoto.jp/f-machi/hitoyasa.html,2026-09,1844,,
26,京都府,26201,福知山市,,京都府立中丹支援学校,,,620-0003,大字私市小字内滝８,,,http://www.kyoto-be.ne.jp/tyuutan-s/,no,yes,1，2,,6,6,yes,no,no,no,no,no,,,button,button,yes,yes,yes,no,no,no,no,yes,no,no,no,no,barrier_free_facility_list,京都府内のバリアフリー施設一覧,https://www.pref.kyoto.jp/f-machi/hitoyasa.html,2026-09,1845,,
26,京都府,26201,福知山市,,京都府中丹家畜保健衛生所,,,620-0954,字半田371-1,,,http://www.pref.kyoto.jp/chutan-kaho/,yes,yes,1,1,,,no,yes,yes,no,no,no,,,button,button,yes,yes,yes,no,no,no,no,no,no,no,no,no,barrier_free_facility_list,京都府内のバリアフリー施設一覧,https://www.pref.kyoto.jp/f-machi/hitoyasa.html,2026-09,1846,,
26,京都府,26201,福知山市,,京都府福知山総合庁舎（中丹広域振興局）,,,620-0055,篠尾新町１－９１,,,http://www.pref.kyoto.jp/chutan/f_access.html,yes,yes,1,2,,,yes,no,yes,no,no,yes,,,lever,,yes,yes,yes,no,no,no,no,no,no,yes,no,no,barrier_free_facility_list,京都府内のバリアフリー施設一覧,https://www.pref.kyoto.jp/f-machi/hitoyasa.html,2026-09,1847,,
26,京都府,26201,福知山市,,福知山市役所三和支所,,,620-1492,三和町千束５１５番地,,,http://city.fukuchiyama.kyoto.jp/soshiki/63/20390.html,yes,yes,1,0,,,yes,no,no,no,yes,no,,,sensor,button,yes,yes,yes,no,yes,yes,yes,no,no,no,yes,no,barrier_free_facility_list,京都府内のバリアフリー施設一覧,https://www.pref.kyoto.jp/f-machi/hitoyasa.html,2026-09,1848,,職員が受付で筆談に応じます。 外部との出入り口に点字ブロックがあります。 ゲートに施設職員と連絡できるインターホンがあります。 視覚障害者誘導用のチャイムがあります。 外部との出入り口に点字ブロックがあります。
26,京都府,26201,福知山市,,福知山市立大江地域公民館,,,620-0356,大江町尾藤1211番地の1,,,www.city.fukuchiyama.kyoto.jp/,yes,,,,,,,,no,,no,,,,,,,,,,,,,,,,,,barrier_free_facility_list,京都府内のバリアフリー施設一覧,https://www.pref.kyoto.jp/f-machi/hitoyasa.html,2026-09,1849,,
26,京都府,26201,福知山市,,福知山市立成和地域公民館,,,620-0955,字拝師446番地,,,www.city.fukuchiyama.kyoto.jp/,yes,,,,,,,,no,,no,,,,,,,,,,,,,,,,,,barrier_free_facility_list,京都府内のバリアフリー施設一覧,https://www.pref.kyoto.jp/f-machi/hitoyasa.html,2026-09,1850,,
26,京都府,26201,福知山市,,福知山市立北陵地域公民館,,,620-0211,字下野条135番地,,,www.city.fukuchiyama.kyoto.jp/,no,,,,,,,,no,,no,,,,,,,,,,,,,,,,,,barrier_free_facility_list,京都府内のバリアフリー施設一覧,https://www.pref.kyoto.jp/f-machi/hitoyasa.html,2026-09,1851,,
26,京都府,26201,福知山市,,福知山市立川口地域公民館,,,620-0917,字野花870番地,,,www.city.fukuchiyama.kyoto.jp/,no,,,,,,,,no,,no,,,,,,,,,,,,,,,,,,barrier_free_facility_list,京都府内のバリアフリー施設一覧,https://www.pref.kyoto.jp/f-machi/hitoyasa.html,2026-09,1852,,
26,京都府,26201,福知山市,,福知山市丹波生活衣館,,,620-0035,字内記10,,,http://www.city.fukuchiyama.kyoto.jp,yes,,,,,,,,no,,no,,,,,,,,,,,,,,,,,,barrier_free_facility_list,京都府内のバリアフリー施設一覧,https://www.pref.kyoto.jp/f-machi/hitoyasa.html,2026-09,1853,,
26,京都府,26201,福知山市,,福知山市企業交流プラザ,,,620-0853,長田野町三丁目1番地1,,,http://www.osadano.or.jp/kouryuu.html,yes,,,,,,,,no,,no,,,,,,,,,,,,,,,,,,barrier_free_facility_list,京都府内のバリアフリー施設一覧,https://www.pref.kyoto.jp/f-machi/hitoyasa.html,2026-09,1854,,
26,京都府,26201,福知山市,,日本の鬼の交流博物館,,,620-0321,大江町字佛性寺909番地,,,http://www.nohmask21.com/oni/ooe_j.html,yes,,,,,,,,no,,yes,,,,,,,,,,,,,,,,,,barrier_free_facility_list,京都府内のバリアフリー施設一覧,https://www.pref.kyoto.jp/f-machi/hitoyasa.html,2026-09,1855,,
26,京都府,26201,福知山市,,三和荘,,,620-1443,三和町寺尾8004番地の丙,,,https://www.miwaso.com,yes,yes,"1,2",5,0,0,yes,yes,yes,no,yes,yes,,,button,pull_cord,yes,yes,yes,no,no,no,no,no,no,yes,yes,yes,barrier_free_facility_list,京都府内のバリアフリー施設一覧,https://www.pref.kyoto.jp/f-machi/hitoyasa.html,2026-09,1856,,デラックスツインルームは、浴室段差18.5cmあるものの、引き戸タイプで幅80cmです。トイレは段差なしで、引き戸で幅85cmです。
26,京都府,26201,福知山市,,福知山地方合同庁舎,,,620-0035,字内記10-29,,,,yes,,,,,,,,no,,no,,,,,,,,,,,,,,,,,,barrier_free_facility_list,京都府内のバリアフリー施設一覧,https://www.pref.kyoto.jp/f-machi/hitoyasa.html,2026-09,1857,,
26,京都府,26201,福知山市,,京都地方検察庁福知山支部・福知山区検察庁,,,620-0035,字内記9番地の2,,,http://www.kensatsu.go.jp/kakuchou/kyoto/,no,,,,,,,,no,,no,,,,,,,,,,,,,,,,,,barrier_free_facility_list,京都府内のバリアフリー施設一覧,https://www.pref.kyoto.jp/f-machi/hitoyasa.html,2026-09,1858,,
26,京都府,26201,福知山市,,社会福祉法人　みつみ福祉会　三愛荘,,,620-0017,字猪崎25番地の1,,,www.mitsumi.or.jp,yes,,,,,,,,no,,no,,,,,,,,,,,,,,,,,,barrier_free_facility_list,京都府内のバリアフリー施設一覧,https://www.pref.kyoto.jp/f-machi/hitoyasa.html,2026-09,1859,,
26,京都府,26201,福知山市,,社会福祉法人　成光苑　岩戸ホーム,,,620-0984,字猪野々31番地の1,,,www.iwato-home.jp/,yes,,,,,,,,yes,,no,,,,,,,,,,,,,,,,,,barrier_free_facility_list,京都府内のバリアフリー施設一覧,https://www.pref.kyoto.jp/f-machi/hitoyasa.html,2026-09,1860,,
26,京都府,26201,福知山市,,介護老人福祉施設　グリーンビラ夜久野,,,629-1322,夜久野町平野1030番地,,,green-@mxc.nkansai.ne.jp,yes,,,,,,,,no,,no,,,,,,,,,,,,,,,,,,barrier_free_facility_list,京都府内のバリアフリー施設一覧,https://www.pref.kyoto.jp/f-machi/hitoyasa.html,2026-09,1861,,
26,京都府,26201,福知山市,,京都銀行福知山支店,,,620-0054,末広町１－２１,,,http://www.kyotobank.co.jp/,no,,,,,,,,no,,no,,,,,,,,,,,,,,,,,,barrier_free_facility_list,京都府内のバリアフリー施設一覧,https://www.pref.kyoto.jp/f-machi/hitoyasa.html,2026-09,1862,,ATMは全台、視覚障がい者が音声ガイダンスに従ってご利用できるものとなっています。
26,京都府,26201,福知山市,,京都銀行福知山駅南支店福知山駅南出張所,,,620-0940,駅南町1-291,,,http://www.kyotobank.co.jp/,no,,,,,,,,no,,no,,,,,,,,,,,,,,,,,,barrier_free_facility_list,京都府内のバリアフリー施設一覧,https://www.pref.kyoto.jp/f-machi/hitoyasa.html,2026-09,1863,,ATMは全台、視覚障がい者が音声ガイダンスに従ってご利用できるものとなっています。
26,京都府,26201,福知山市,,医療法人福冨士会　京都ルネス病院,,,620-0054,末広町1-38,,,,no,,,,,,,,unknown,,unknown,,,,,,,,,,,,,,,,,,barrier_free_facility_list,京都府内のバリアフリー施設一覧,https://www.pref.kyoto.jp/f-machi/hitoyasa.html,2026-09,1864,,
26,京都府,26201,福知山市,,福知山市立図書館大江分館,,,620-0301,大江町河守285（大江町総合会館１階）,,,https://www.city-fukuchiyama.lib.nexs-service.jp/,yes,,,,,,,,yes,,unknown,,,,,,,,,,,,,,,,,,barrier_free_facility_list,京都府内のバリアフリー施設一覧,https://www.pref.kyoto.jp/f-machi/hitoyasa.html,2026-09,1865,,多目的トイレ、エレベーターは大江町総合会館と併用、 車いす貸し出しは大江支所と併用です。
26,京都府,26201,福知山市,,あしぎぬ大雲の里,,,620-0341,大江町北有路１９３６,,,http://www.tango.or.jp/okumo/ookumo-top.html,yes,,,,,,,,no,,no,,,,,,,,,,,,,,,,,,barrier_free_facility_list,京都府内のバリアフリー施設一覧,https://www.pref.kyoto.jp/f-machi/hitoyasa.html,2026-09,1866,,
26,京都府,26201,福知山市,,鬼瓦公園,,,620-0301,大江町河守２８５,,,,no,,,,,,,,no,,no,,,,,,,,,,,,,,,,,,barrier_free_facility_list,京都府内のバリアフリー施設一覧,https://www.pref.kyoto.jp/f-machi/hitoyasa.html,2026-09,1867,,
26,京都府,26201,福知山市,,大江町和紙伝承館,,,602-0324,大江町二俣1883,,,http://www.tango.or.jp/okumo/wasi.html,yes,,,,,,,,no,,no,,,,,,,,,,,,,,,,,,barrier_free_facility_list,京都府内のバリアフリー施設一覧,https://www.pref.kyoto.jp/f-machi/hitoyasa.html,2026-09,1868,,必要があれば職員が介助します
26,京都府,26201,福知山市,,福知山市丘児童センター,,,620-0947,旭が丘５０６,,,,yes,,,,,,,,no,,no,,,,,,,,,,,,,,,,,,barrier_free_facility_list,京都府内のバリアフリー施設一覧,https://www.pref.kyoto.jp/f-machi/hitoyasa.html,2026-09,1869,,
26,京都府,26201,福知山市,,たなかスポーツ鍼灸整骨院,,,620-0804,石原2丁目304,,,,no,,,,,,,,unknown,,unknown,,,,,,,,,,,,,,,,,,barrier_free_facility_list,京都府内のバリアフリー施設一覧,https://www.pref.kyoto.jp/f-machi/hitoyasa.html,2026-09,1870,,
26,京都府,26201,福知山市,,京都府立福知山高等技術専門校,,,620-0813,南平野町９０,,,http://www.pref.kyoto.jp/fukukgs/,yes,,,,,,,,no,,no,,,,,,,,,,,,,,,,,,barrier_free_facility_list,京都府内のバリアフリー施設一覧,https://www.pref.kyoto.jp/f-machi/hitoyasa.html,2026-09,1871,,
26,京都府,26201,福知山市,,ハローワーク福知山（福知山公共職業安定所）,,,620-0933,東羽合町37,,,,no,,,,,,,,no,,no,,,,,,,,,,,,,,,,,,barrier_free_facility_list,京都府内のバリアフリー施設一覧,https://www.pref.kyoto.jp/f-machi/hitoyasa.html,2026-09,1872,,
26,京都府,26201,福知山市,,福知山労働基準監督署,,,620-0035,内記1丁目10-29福知山地方合同庁舎４階,,,,yes,,,,,,,,no,,no,,,,,,,,,,,,,,,,,,barrier_free_facility_list,京都府内のバリアフリー施設一覧,https://www.pref.kyoto.jp/f-machi/hitoyasa.html,2026-09,1873,,職員が窓口で筆談に応じます。 外部との出入り口に点字ブロックがあります。
26,京都府,26201,福知山市,,京都府緑化センター,,,629-1322,夜久野町平野1906,,,http://www.pref.kyoto.jp/rinshi/index.html,yes,yes,1,1,,,yes,,no,,no,,,,lever,none,yes,yes,yes,,,,,no,no,no,no,no,barrier_free_facility_list,京都府内のバリアフリー施設一覧,https://www.pref.kyoto.jp/f-machi/hitoyasa.html,2026-09,1874,,
26,京都府,26201,福知山市,,市民交流プラザふくちやま・中央公民館,,,620-0045,駅前町400番地,,,備考欄参照,yes,,,,,,,,no,,no,,,,,,,,,,,,,,,,,,barrier_free_facility_list,京都府内のバリアフリー施設一覧,https://www.pref.kyoto.jp/f-machi/hitoyasa.html,2026-09,1875,,職員が受付で筆談に応じます。 出入り口に視覚障害者誘導用ブロックがあります。  料金 交流プラザ福知山http://www.city.fukuchiyama.kyoto.jp/life/facilities/entries/004539.html 中央公民館http://www.city.fukuchiyama.kyoto.jp/life/facilities/entries/004538.html ※諸条件により使用料が変わります。詳細はホームページより参照ください。
26,京都府,26201,福知山市,,福知山市立図書館三和分館,,,620-1442,三和町千束383（三和会館１階）,,,https://www.city-fukuchiyama.lib.nexs-service.jp/,yes,,,,,,,,unknown,,unknown,,,,,,,,,,,,,,,,,,barrier_free_facility_list,京都府内のバリアフリー施設一覧,https://www.pref.kyoto.jp/f-machi/hitoyasa.html,2026-09,1876,,多目的トイレ、車いす貸し出し、エレベーターは三和会館と併用です。
26,京都府,26201,福知山市,,スーパーマーケットニシヤマ荒河店,,,620-0061,荒河東町133,,,,no,,,,,,,,unknown,,yes,,,,,,,,,,,,,,,,,,barrier_free_facility_list,京都府内のバリアフリー施設一覧,https://www.pref.kyoto.jp/f-machi/hitoyasa.html,2026-09,1877,,
26,京都府,26201,福知山市,,六人部地域公民館,,,620-0844,字多保市162-2,,,http://www.city.fukuchiyama.kyoto.jp/life/facilities/entries/000481.html,no,,,,,,,,unknown,,yes,,,,,,,,,,,,,,,,,,barrier_free_facility_list,京都府内のバリアフリー施設一覧,https://www.pref.kyoto.jp/f-machi/hitoyasa.html,2026-09,1878,,
26,京都府,26201,福知山市,,福知山市立図書館夜久野分館,,,620-1304,夜久野町額田19-2（夜久野ふれあいプラザ内）,,,https://www.city-fukuchiyama.lib.nexs-service.jp/,yes,,,,,,,,yes,,yes,,,,,,,,,,,,,,,,,,barrier_free_facility_list,京都府内のバリアフリー施設一覧,https://www.pref.kyoto.jp/f-machi/hitoyasa.html,2026-09,1879,,多目的トイレ、車いす貸し出しは夜久野ふれあいプラザと併用です。
26,京都府,26201,福知山市,,ペッツパーク福知山,,,620-0922,岩井８５－１,,,,no,,,,,,,,unknown,,unknown,,,,,,,,,,,,,,,,,,barrier_free_facility_list,京都府内のバリアフリー施設一覧,https://www.pref.kyoto.jp/f-machi/hitoyasa.html,2026-09,1880,,駐車場が傾斜になっております。
26,京都府,26201,福知山市,,三和荘　体育館,,,620-1443,三和町寺尾8004番地の丙,,,https://www.miwaso.com,yes,yes,1,1,0,0,yes,no,no,no,no,yes,,,button,none,yes,yes,yes,no,no,no,no,yes,,,,,barrier_free_facility_list,京都府内のバリアフリー施設一覧,https://www.pref.kyoto.jp/f-machi/hitoyasa.html,2026-09,1881,,三和荘本館にレストラン、宿泊施設、多目的トイレあり。
26,京都府,26201,福知山市,,福知山シティーホール,,,620-0045,駅前町168-7,,,http://www.cerema.co.jp/,no,,,,,,,,unknown,,unknown,,,,,,,,,,,,,,,,,,barrier_free_facility_list,京都府内のバリアフリー施設一覧,https://www.pref.kyoto.jp/f-machi/hitoyasa.html,2026-09,1882,,
26,京都府,26201,福知山市,,福知山市都市緑化植物園,,,620-0017,字猪崎377番地の1,,,http://www.sandanike-kouen.or.jp/garden.php,yes,,,,,,,,no,,no,,,,,,,,,,,,,,,,,,barrier_free_facility_list,京都府内のバリアフリー施設一覧,https://www.pref.kyoto.jp/f-machi/hitoyasa.html,2026-09,1883,,
26,京都府,26201,福知山市,,三和町高齢者福祉センター,,,620-1442,三和町千束（千束）375,,,http://www.city.fukuchiyama.kyoto.jp/,yes,,,,,,,,yes,,no,,,,,,,,,,,,,,,,,,barrier_free_facility_list,京都府内のバリアフリー施設一覧,https://www.pref.kyoto.jp/f-machi/hitoyasa.html,2026-09,1884,,
26,京都府,26201,福知山市,,福知山市環境パーク,,,620-0913,牧285,,,,yes,yes,"1,2,3階 1階男女共用1個、2階男女共用3個、3階男女共用1個",5,0,0,yes,,unknown,,yes,,,,sensor,button,yes,yes,yes,,,yes,yes,no,no,no,no,no,barrier_free_facility_list,京都府内のバリアフリー施設一覧,https://www.pref.kyoto.jp/f-machi/hitoyasa.html,2026-09,1885,,
26,京都府,26201,福知山市,,西日本高速道路株式会社　関西支社　福知山高速道路事務所,,,620-0853,長田野町３－５－１,,,http://corp.w-nexco.co.jp,no,,,,,,,,no,,no,,,,,,,,,,,,,,,,,,barrier_free_facility_list,京都府内のバリアフリー施設一覧,https://www.pref.kyoto.jp/f-machi/hitoyasa.html,2026-09,1886,,
26,京都府,26201,福知山市,,福知山篠尾郵便局,,,620-0055,篠尾新町１丁目４３－１,,,,no,,,,,,,,unknown,,unknown,,,,,,,,,,,,,,,,,,barrier_free_facility_list,京都府内のバリアフリー施設一覧,https://www.pref.kyoto.jp/f-machi/hitoyasa.html,2026-09,1887,,
26,京都府,26201,福知山市,,三和郵便局,,,620-1499,三和町菟原中８８６－５,,,,no,,,,,,,,unknown,,unknown,,,,,,,,,,,,,,,,,,barrier_free_facility_list,京都府内のバリアフリー施設一覧,https://www.pref.kyoto.jp/f-machi/hitoyasa.html,2026-09,1888,,
26,京都府,26201,福知山市,,福知山石原郵便局,,,620-0804,石原１丁目５５,,,,no,,,,,,,,unknown,,unknown,,,,,,,,,,,,,,,,,,barrier_free_facility_list,京都府内のバリアフリー施設一覧,https://www.pref.kyoto.jp/f-machi/hitoyasa.html,2026-09,1889,,
26,京都府,26201,福知山市,,はるやま福知山店,,,620-0931,篠尾北羽合１２２０,,,,no,,,,,,,,unknown,,unknown,,,,,,,,,,,,,,,,,,barrier_free_facility_list,京都府内のバリアフリー施設一覧,https://www.pref.kyoto.jp/f-machi/hitoyasa.html,2026-09,1890,,
26,京都府,26201,福知山市,,来来亭　福知山店,,,620-0921,字荒河小字声田和１２番３０,,,,no,,,,,,,,unknown,,unknown,,,,,,,,,,,,,,,,,,barrier_free_facility_list,京都府内のバリアフリー施設一覧,https://www.pref.kyoto.jp/f-machi/hitoyasa.html,2026-09,1891,,
26,京都府,26201,福知山市,,ドラッグユタカ福知山前田店,,,620-0867,字前田小字佳屋野１８７８番１７２,,,http://www.d-yutaka.co.jp/,no,,,,,,,,no,,no,,,,,,,,,,,,,,,,,,barrier_free_facility_list,京都府内のバリアフリー施設一覧,https://www.pref.kyoto.jp/f-machi/hitoyasa.html,2026-09,1892,,
26,京都府,26201,福知山市,,社会福祉法人　みつみ福祉会　敬愛荘,,,620-0017,字猪崎31番地,,,,no,,,,,,,,unknown,,unknown,,,,,,,,,,,,,,,,,,barrier_free_facility_list,京都府内のバリアフリー施設一覧,https://www.pref.kyoto.jp/f-machi/hitoyasa.html,2026-09,1893,,
26,京都府,26201,福知山市,,福島文新堂,,,620-0940,駅南町２－２０,,,,no,,,,,,,,unknown,,unknown,,,,,,,,,,,,,,,,,,barrier_free_facility_list,京都府内のバリアフリー施設一覧,https://www.pref.kyoto.jp/f-machi/hitoyasa.html,2026-09,1894,,
26,京都府,26201,福知山市,,国民健康保険新大江病院,,,620-0301,大江町河守１８０,,,,no,,,,,,,,unknown,,unknown,,,,,,,,,,,,,,,,,,barrier_free_facility_list,京都府内のバリアフリー施設一覧,https://www.pref.kyoto.jp/f-machi/hitoyasa.html,2026-09,1895,,
26,京都府,26201,福知山市,,フレッシュバザール福知山東野パーク,,,620-0808,字土東野1117番594,,,,no,,,,,,,,unknown,,unknown,,,,,,,,,,,,,,,,,,barrier_free_facility_list,京都府内のバリアフリー施設一覧,https://www.pref.kyoto.jp/f-machi/hitoyasa.html,2026-09,1896,,
26,京都府,26201,福知山市,,福知山中六人部郵便局,,,620-0836,大内１３５,,,,no,,,,,,,,unknown,,unknown,,,,,,,,,,,,,,,,,,barrier_free_facility_list,京都府内のバリアフリー施設一覧,https://www.pref.kyoto.jp/f-machi/hitoyasa.html,2026-09,1897,,
26,京都府,26201,福知山市,,福知山郵便局,,,620-8799,天田（北本町一区）１１２－４,,,http://map.japanpost.jp/pc/syousai.php?id=300144179000,no,,,,,,,,unknown,,unknown,,,,,,,,,,,,,,,,,,barrier_free_facility_list,京都府内のバリアフリー施設一覧,https://www.pref.kyoto.jp/f-machi/hitoyasa.html,2026-09,1898,,
26,京都府,26201,福知山市,,SUPER CENTER PLANT-3福知山店（PLANT3・プラント3）,,,620-0844,字多保市小字毛次114-13,,,,yes,,,,,,,,no,,yes,,,,,,,,,,,,,,,,,,barrier_free_facility_list,京都府内のバリアフリー施設一覧,https://www.pref.kyoto.jp/f-machi/hitoyasa.html,2026-09,1899,,
26,京都府,26201,福知山市,,インテルナモリイ福知山店,,,620-0922,字岩井54,,,http://www.i-morii.com/,no,,,,,,,,no,,no,,,,,,,,,,,,,,,,,,barrier_free_facility_list,京都府内のバリアフリー施設一覧,https://www.pref.kyoto.jp/f-machi/hitoyasa.html,2026-09,1900,,
26,京都府,26201,福知山市,,福知山メモリー駅南ホール,,,620-0945,広峯町18,,,http://f-memory.jp,yes,,,,,,,,no,,no,,,,,,,,,,,,,,,,,,barrier_free_facility_list,京都府内のバリアフリー施設一覧,https://www.pref.kyoto.jp/f-machi/hitoyasa.html,2026-09,1901,,1階平屋建てです。
26,京都府,26201,福知山市,,福知山パーキング（福知山まちづくり株式会社）,,,620-0014,字中ノ205-1,,,http://www.fukuchi-machi.com,yes,yes,,,,,yes,,no,,no,,,,,button,yes,yes,yes,,,,,,,,,,barrier_free_facility_list,京都府内のバリアフリー施設一覧,https://www.pref.kyoto.jp/f-machi/hitoyasa.html,2026-09,1902,,
26,京都府,26201,福知山市,,京都北都信用金庫岡ノ町支店,,,620-0871,字岡ノ１５７,,,,no,,,,,,,,no,,no,,,,,,,,,,,,,,,,,,barrier_free_facility_list,京都府内のバリアフリー施設一覧,https://www.pref.kyoto.jp/f-machi/hitoyasa.html,2026-09,1903,,
26,京都府,26201,福知山市,,農匠の郷やくの駐車場,,,629-1322,夜久野町平野２１５０番地,,,,no,,,,,,,,no,,no,,,,,,,,,,,,,,,,,,barrier_free_facility_list,京都府内のバリアフリー施設一覧,https://www.pref.kyoto.jp/f-machi/hitoyasa.html,2026-09,1904,,
26,京都府,26201,福知山市,,市立福知山市民病院,,,620-8505,字厚中町231,,,http://www.fukuchiyama-hosp.jp,yes,,,,,,,,yes,,yes,,,,,,,,,,,,,,,,,,barrier_free_facility_list,京都府内のバリアフリー施設一覧,https://www.pref.kyoto.jp/f-machi/hitoyasa.html,2026-09,1905,,
26,京都府,26201,福知山市,,三段池公園,,,620-0017,字猪崎377の1,,,http://www.sandanike-kouen.or.jp/,yes,,,,,,,,yes,,yes,,,,,,,,,,,,,,,,,,barrier_free_facility_list,京都府内のバリアフリー施設一覧,https://www.pref.kyoto.jp/f-machi/hitoyasa.html,2026-09,1906,,
26,京都府,26201,福知山市,,福知山市役所,,,620-8501,字内記13-1,,,http://www.city.fukuchiyama.kyoto.jp,yes,,,,,,,,yes,,yes,,,,,,,,,,,,,,,,,,barrier_free_facility_list,京都府内のバリアフリー施設一覧,https://www.pref.kyoto.jp/f-machi/hitoyasa.html,2026-09,1907,,
26,京都府,26201,福知山市,,京都府福知山警察署,,,620-0882,字堀小字上高田２１０８－３,,,http://www.pref.kyoto.jp/fukei/,yes,yes,1,1,,,yes,no,no,no,yes,yes,,,button,button,yes,yes,yes,no,no,no,no,yes,no,no,yes,no,barrier_free_facility_list,京都府内のバリアフリー施設一覧,https://www.pref.kyoto.jp/f-machi/hitoyasa.html,2026-09,1908,,点字ブロックがございます。
26,京都府,26201,福知山市,,株式会社ニトリ福知山店,,,620-0922,岩井80-12,,,,yes,,,,,,,,yes,,yes,,,,,,,,,,,,,,,,,,barrier_free_facility_list,京都府内のバリアフリー施設一覧,https://www.pref.kyoto.jp/f-machi/hitoyasa.html,2026-09,1909,,
26,京都府,26201,福知山市,,ニコニコプラザ,,,620-0945,広峯町２２,,,http://www.npojp.com,yes,,,,,,,,no,,yes,,,,,,,,,,,,,,,,,,barrier_free_facility_list,京都府内のバリアフリー施設一覧,https://www.pref.kyoto.jp/f-machi/hitoyasa.html,2026-09,1910,,
26,京都府,26201,福知山市,,バザールタウン福知山,,,620-0000,字小字上高田2155-1,,,http://www.sato-kyoto.com/,yes,,,,,,,,no,,yes,,,,,,,,,,,,,,,,,,barrier_free_facility_list,京都府内のバリアフリー施設一覧,https://www.pref.kyoto.jp/f-machi/hitoyasa.html,2026-09,1911,,
26,京都府,26201,福知山市,,福知山市中央保健福祉センター,,,620-0000,字天田35－1,,,,yes,,,,,,,,yes,,yes,,,,,,,,,,,,,,,,,,barrier_free_facility_list,京都府内のバリアフリー施設一覧,https://www.pref.kyoto.jp/f-machi/hitoyasa.html,2026-09,1912,,点字案内は、点字ブロックと手すりのみです。
26,京都府,26201,福知山市,,長田野公園,,,620-0853,長田野町2丁目1,,,,yes,,,,,,,,no,,yes,,,,,,,,,,,,,,,,,,barrier_free_facility_list,京都府内のバリアフリー施設一覧,https://www.pref.kyoto.jp/f-machi/hitoyasa.html,2026-09,1913,,
26,京都府,26201,福知山市,,福知山市役所来庁者駐車場,,,620-0035,字内記100－1･2･3,,,http://www.city.fukuchiyama.kyoto.jp,yes,,,,,,,,yes,,yes,,,,,,,,,,,,,,,,,,barrier_free_facility_list,京都府内のバリアフリー施設一覧,https://www.pref.kyoto.jp/f-machi/hitoyasa.html,2026-09,1914,,
26,京都府,26201,福知山市,,長田郵便局,,,620-0000,字長田７０７－３,,,,no,,,,,,,,unknown,,unknown,,,,,,,,,,,,,,,,,,barrier_free_facility_list,京都府内のバリアフリー施設一覧,https://www.pref.kyoto.jp/f-machi/hitoyasa.html,2026-09,1915,,
26,京都府,26201,福知山市,,中夜久野郵便局,,,629-1313,夜久野町高内１９９－３,,,,no,,,,,,,,unknown,,unknown,,,,,,,,,,,,,,,,,,barrier_free_facility_list,京都府内のバリアフリー施設一覧,https://www.pref.kyoto.jp/f-machi/hitoyasa.html,2026-09,1916,,
26,京都府,26201,福知山市,,夜久野郵便局,,,629-1304,夜久野町額田新枠１２８９－１,,,,no,,,,,,,,unknown,,unknown,,,,,,,,,,,,,,,,,,barrier_free_facility_list,京都府内のバリアフリー施設一覧,https://www.pref.kyoto.jp/f-machi/hitoyasa.html,2026-09,1917,,
26,京都府,26201,福知山市,,直見郵便局,,,629-1321,夜久野町直見１９－１,,,,no,,,,,,,,unknown,,unknown,,,,,,,,,,,,,,,,,,barrier_free_facility_list,京都府内のバリアフリー施設一覧,https://www.pref.kyoto.jp/f-machi/hitoyasa.html,2026-09,1918,,
26,京都府,26201,福知山市,,三岳郵便局,,,620-0907,字一ノ宮５６５－２,,,,no,,,,,,,,unknown,,unknown,,,,,,,,,,,,,,,,,,barrier_free_facility_list,京都府内のバリアフリー施設一覧,https://www.pref.kyoto.jp/f-machi/hitoyasa.html,2026-09,1919,,
26,京都府,26201,福知山市,,立原郵便局,,,620-0917,字野花６５７－２,,,,no,,,,,,,,unknown,,unknown,,,,,,,,,,,,,,,,,,barrier_free_facility_list,京都府内のバリアフリー施設一覧,https://www.pref.kyoto.jp/f-machi/hitoyasa.html,2026-09,1920,,
26,京都府,26201,福知山市,,府立工業高等学校,,,620-0804,字石原小字上野４５,,,,no,,,,,,,,unknown,,unknown,,,,,,,,,,,,,,,,,,barrier_free_facility_list,京都府内のバリアフリー施設一覧,https://www.pref.kyoto.jp/f-machi/hitoyasa.html,2026-09,1921,,
26,京都府,26201,福知山市,,京都府公営企業管理事務所,,,620-0804,字石原１１５８,,,,no,,,,,,,,unknown,,unknown,,,,,,,,,,,,,,,,,,barrier_free_facility_list,京都府内のバリアフリー施設一覧,https://www.pref.kyoto.jp/f-machi/hitoyasa.html,2026-09,1922,,
26,京都府,26201,福知山市,,マリアージュ福知山,,,620-0940,駅南町3丁目52,,,,no,,,,,,,,unknown,,unknown,,,,,,,,,,,,,,,,,,barrier_free_facility_list,京都府内のバリアフリー施設一覧,https://www.pref.kyoto.jp/f-machi/hitoyasa.html,2026-09,1923,,
26,京都府,26201,福知山市,,ジャパン福知山東店,,,620-0808,字土1,,,,no,,,,,,,,unknown,,unknown,,,,,,,,,,,,,,,,,,barrier_free_facility_list,京都府内のバリアフリー施設一覧,https://www.pref.kyoto.jp/f-machi/hitoyasa.html,2026-09,1924,,
26,京都府,26201,福知山市,,ヒマラヤ福知山店,,,620-0000,字天田109-3,,,,no,,,,,,,,unknown,,unknown,,,,,,,,,,,,,,,,,,barrier_free_facility_list,京都府内のバリアフリー施設一覧,https://www.pref.kyoto.jp/f-machi/hitoyasa.html,2026-09,1925,,
26,京都府,26201,福知山市,,ウェルシア福知山店,,,620-0061,荒河東町197,,,,no,,,,,,,,unknown,,unknown,,,,,,,,,,,,,,,,,,barrier_free_facility_list,京都府内のバリアフリー施設一覧,https://www.pref.kyoto.jp/f-machi/hitoyasa.html,2026-09,1926,,
26,京都府,26201,福知山市,,ドコモショップ福知山店,,,620-0055,篠尾新町１－７４－１,,,,no,,,,,,,,unknown,,unknown,,,,,,,,,,,,,,,,,,barrier_free_facility_list,京都府内のバリアフリー施設一覧,https://www.pref.kyoto.jp/f-machi/hitoyasa.html,2026-09,1927,,
26,京都府,26201,福知山市,,ミツ丸ストアー福知山堀店,,,620-0000,字堀２６４１,,,,no,,,,,,,,unknown,,unknown,,,,,,,,,,,,,,,,,,barrier_free_facility_list,京都府内のバリアフリー施設一覧,https://www.pref.kyoto.jp/f-machi/hitoyasa.html,2026-09,1928,,
26,京都府,26201,福知山市,,フレッシュバザールフレスポ福知山店,,,620-0000,篠尾長ヶ坪115-40,,,,no,,,,,,,,unknown,,unknown,,,,,,,,,,,,,,,,,,barrier_free_facility_list,京都府内のバリアフリー施設一覧,https://www.pref.kyoto.jp/f-machi/hitoyasa.html,2026-09,1929,,
26,京都府,26201,福知山市,,イオン福知山店,,,620-0922,岩井７９－８,,,,no,,,,,,,,unknown,,unknown,,,,,,,,,,,,,,,,,,barrier_free_facility_list,京都府内のバリアフリー施設一覧,https://www.pref.kyoto.jp/f-machi/hitoyasa.html,2026-09,1930,,
26,京都府,26201,福知山市,,福知山駅南郵便局,,,620-0940,駅南町１丁目１８９,,,,no,,,,,,,,unknown,,unknown,,,,,,,,,,,,,,,,,,barrier_free_facility_list,京都府内のバリアフリー施設一覧,https://www.pref.kyoto.jp/f-machi/hitoyasa.html,2026-09,1931,,
26,京都府,26201,福知山市,,ドラッグユタカ福知山厚中店,,,620-0056,厚中町166,,,http://www.d-yutaka.co.jp/,no,,,,,,,,unknown,,unknown,,,,,,,,,,,,,,,,,,barrier_free_facility_list,京都府内のバリアフリー施設一覧,https://www.pref.kyoto.jp/f-machi/hitoyasa.html,2026-09,1932,,
26,京都府,26201,福知山市,,和食さと福知山店,,,620-0933,東羽合町1,,,,no,,,,,,,,unknown,,unknown,,,,,,,,,,,,,,,,,,barrier_free_facility_list,京都府内のバリアフリー施設一覧,https://www.pref.kyoto.jp/f-machi/hitoyasa.html,2026-09,1933,,
26,京都府,26201,福知山市,,グリーンホームセンター福知山店,,,620-0856,土師宮町1丁目76,,,,no,,,,,,,,unknown,,unknown,,,,,,,,,,,,,,,,,,barrier_free_facility_list,京都府内のバリアフリー施設一覧,https://www.pref.kyoto.jp/f-machi/hitoyasa.html,2026-09,1934,,
26,京都府,26201,福知山市,,大江郵便局,,,620-0301,大江町河守３１４－１,,,,no,,,,,,,,unknown,,unknown,,,,,,,,,,,,,,,,,,barrier_free_facility_list,京都府内のバリアフリー施設一覧,https://www.pref.kyoto.jp/f-machi/hitoyasa.html,2026-09,1935,,
26,京都府,26201,福知山市,,福知山内記郵便局,,,620-0035,字内記６３－３１,,,,no,,,,,,,,unknown,,unknown,,,,,,,,,,,,,,,,,,barrier_free_facility_list,京都府内のバリアフリー施設一覧,https://www.pref.kyoto.jp/f-machi/hitoyasa.html,2026-09,1936,,
26,京都府,26201,福知山市,,福知山市動物園,,,620-0017,字猪崎377番地の1,,,http://www.sandanike-kouen.or.jp/zoo.php,yes,,,,,,,,yes,,no,,,,,,,,,,,,,,,,,,barrier_free_facility_list,京都府内のバリアフリー施設一覧,https://www.pref.kyoto.jp/f-machi/hitoyasa.html,2026-09,1937,,
26,京都府,26201,福知山市,,細見地域公民館（三和会館）,,,620-1442,三和町千束３８３,,,,yes,,,,,,,,no,,no,,,,,,,,,,,,,,,,,,barrier_free_facility_list,京都府内のバリアフリー施設一覧,https://www.pref.kyoto.jp/f-machi/hitoyasa.html,2026-09,1938,,外部との出入り口に点字ブロックがあります。 階段に手すりがあります。（手すりに点字表記がしてあります。）
26,京都府,26201,福知山市,,京都府中丹西保健所,,,620-0055,篠尾新町１丁目９１,,,http://www.pref.kyoto.jp/chutan/whoken/,no,,,,,,,,no,,no,,,,,,,,,,,,,,,,,,barrier_free_facility_list,京都府内のバリアフリー施設一覧,https://www.pref.kyoto.jp/f-machi/hitoyasa.html,2026-09,1939,,
26,京都府,26214,木津川市,,山城町森林公園,,,619-0203,山城町神童子三上山１番地,,,http://www.rest-village.com,yes,yes,1,1,,,yes,no,no,no,no,no,,,lever,button,no,yes,yes,no,no,no,no,yes,no,no,no,no,barrier_free_facility_list,京都府内のバリアフリー施設一覧,https://www.pref.kyoto.jp/f-machi/hitoyasa.html,2026-09,1940,,宿泊には寝具使用料（１人200円）が必要です。
26,京都府,26214,木津川市,,ルナホール阪口,,,619-1154,加茂町駅東２−６−８,,,http://luna-hall.jp/,yes,no,,,,,,,no,,yes,,,,,,,,,,,,,,,,,,barrier_free_facility_list,京都府内のバリアフリー施設一覧,https://www.pref.kyoto.jp/f-machi/hitoyasa.html,2026-09,1941,,電話、ＦＡＸは２４時間対応 職員が受付で筆談に応じます。 外部との出入り口に点字ブロックがあります。
26,京都府,26214,木津川市,,JR　西木津駅,,,619-0222,相楽川ノ尻55番,,,http://www.jr-odekake.net/eki/top.php?id=0610901,no,no,,,,,,,unknown,,unknown,,,,,,,,,,,,,,,,,,barrier_free_facility_list,京都府内のバリアフリー施設一覧,https://www.pref.kyoto.jp/f-machi/hitoyasa.html,2026-09,1942,,詳しくは上記ホームページをご参照ください。
26,京都府,26214,木津川市,,JR　加茂駅,,,619-1152,加茂町西1丁目6-3,,,http://www.jr-odekake.net/eki/top.php?id=0620814,no,no,,,,,,,unknown,,unknown,,,,,,,,,,,,,,,,,,barrier_free_facility_list,京都府内のバリアフリー施設一覧,https://www.pref.kyoto.jp/f-machi/hitoyasa.html,2026-09,1943,,詳しくは上記ホームページをご参照ください。
26,京都府,26214,木津川市,,JR　木津駅,,,619-0214,木津池田116-2,,,http://www.jr-odekake.net/eki/top.php?id=0620815,no,no,,,,,,,unknown,,unknown,,,,,,,,,,,,,,,,,,barrier_free_facility_list,京都府内のバリアフリー施設一覧,https://www.pref.kyoto.jp/f-machi/hitoyasa.html,2026-09,1944,,詳しくは上記ホームページをご参照ください。
26,京都府,26214,木津川市,,JR　上狛駅,,,619-0204,山城町上狛北野田芝,,,http://www.jr-odekake.net/eki/top.php?id=0621601,no,no,,,,,,,unknown,,unknown,,,,,,,,,,,,,,,,,,barrier_free_facility_list,京都府内のバリアフリー施設一覧,https://www.pref.kyoto.jp/f-machi/hitoyasa.html,2026-09,1945,,詳しくは上記ホームページをご参照ください。
26,京都府,26214,木津川市,,JR　棚倉駅,,,619-0202,山城町平尾里屋敷,,,http://www.jr-odekake.net/eki/top.php?id=0621602,no,no,,,,,,,unknown,,unknown,,,,,,,,,,,,,,,,,,barrier_free_facility_list,京都府内のバリアフリー施設一覧,https://www.pref.kyoto.jp/f-machi/hitoyasa.html,2026-09,1946,,詳しくは上記ホームページをご参照ください。
26,京都府,26214,木津川市,,ホームセンターコーナン木津店,,,619-0213,市坂宮ノ内19番地,,,http://www.hc-kohnan.com/,yes,yes,1,1,,,no,no,no,no,no,no,,,lever,none,yes,yes,yes,no,no,no,no,no,no,no,no,no,barrier_free_facility_list,京都府内のバリアフリー施設一覧,https://www.pref.kyoto.jp/f-machi/hitoyasa.html,2026-09,1947,,
26,京都府,26214,木津川市,,ふるさとミュージアム山城（京都府立山城郷土資料館）,,,619-0204,山城町上狛千両岩,,,http://www.kyoto-be.ne.jp/yamasiro-m/cms/,yes,no,,0,,,yes,no,no,no,yes,yes,,,lever,none,no,yes,yes,no,no,no,no,no,no,no,yes,no,barrier_free_facility_list,京都府内のバリアフリー施設一覧,https://www.pref.kyoto.jp/f-machi/hitoyasa.html,2026-09,1948,,通用口設置のインターホンから呼び出しをしていただくと」エレベータの利用が可能です。 京都府子育てパスポートの提示で、小学生同伴の保護者1名無料。
26,京都府,26214,木津川市,,きっづ光科学館ふぉとん,,,619-0215,梅美台8丁目1番6,,,http://www.qst.go.jp/site/kids-photon/,yes,yes,1,1,,,yes,no,no,no,no,no,,,button,button,yes,yes,yes,no,no,no,no,no,yes,yes,yes,no,barrier_free_facility_list,京都府内のバリアフリー施設一覧,https://www.pref.kyoto.jp/f-machi/hitoyasa.html,2026-09,1949,,授乳室あり
26,京都府,26214,木津川市,,木津川市立中央図書館,,,619-0217,木津町内垣外36,,,http://library.city.kizugawa.lg.jp,yes,yes,1．2．,2,,,no,no,no,no,no,no,,,lever,pull_cord,yes,yes,yes,no,yes,no,no,no,yes,yes,yes,no,barrier_free_facility_list,京都府内のバリアフリー施設一覧,https://www.pref.kyoto.jp/f-machi/hitoyasa.html,2026-09,1950,,駐車場側の職員通用口にインターホンを設置。車いすの方には介助して館内にご案内します。  男性用トイレの手すりつき小便器・女性用トイレのベビーベッドは1階のみ設置。
26,京都府,26214,木津川市,,木津簡易裁判所,,,619-0214,木津南垣外１１０,,,https://www.courts.go.jp/kyoto/about_tiho/syozai/index.html,yes,yes,,,,,,,yes,,yes,,,,,,,,,,,yes,yes,,,no,,,barrier_free_facility_list,京都府内のバリアフリー施設一覧,https://www.pref.kyoto.jp/f-machi/hitoyasa.html,2026-09,1951,,
26,京都府,26214,木津川市,,木津川市山城保健センター,,,619-0205,山城町椿井北代102番地,,,,yes,yes,1,1,,,no,no,no,no,no,no,,,,pull_cord,yes,yes,yes,no,no,no,no,no,no,no,no,no,barrier_free_facility_list,京都府内のバリアフリー施設一覧,https://www.pref.kyoto.jp/f-machi/hitoyasa.html,2026-09,1952,,
26,京都府,26214,木津川市,,山城ぬくもりの里,,,619-0204,山城町上狛天竺堂1-1,,,http://cere-net.biz/26/nukumori/,yes,yes,1,10,,,yes,no,no,no,no,no,,,button,button,no,yes,yes,no,no,no,no,no,no,no,no,no,barrier_free_facility_list,京都府内のバリアフリー施設一覧,https://www.pref.kyoto.jp/f-machi/hitoyasa.html,2026-09,1953,,
26,京都府,26214,木津川市,,木津川市西部交流会館,,,619-0222,相楽高下4番地9,,,http://www.bunspo-shinko.or.jp/,yes,yes,2,1,,,yes,,no,,no,,,,button,,,,,,,,,no,no,no,no,no,barrier_free_facility_list,京都府内のバリアフリー施設一覧,https://www.pref.kyoto.jp/f-machi/hitoyasa.html,2026-09,1954,,職員が受付で筆談に応じます。
26,京都府,26214,木津川市,,木津川市東部交流会館,,,619-0214,木津宮ノ堀149番地,,,,yes,yes,1、2,2,,,yes,no,no,no,no,no,,,lever,,,,,,,,,yes,no,no,no,no,barrier_free_facility_list,京都府内のバリアフリー施設一覧,https://www.pref.kyoto.jp/f-machi/hitoyasa.html,2026-09,1955,,職員が受付で筆談に応じます。
26,京都府,26214,木津川市,,木津川市立加茂図書館,,,619-1152,加茂町里南古田156番地（加茂支所庁舎1階）,,,http://library.city.kizugawa.lg.jp,yes,yes,1,1,,,yes,no,no,no,no,,,,sensor,button,yes,yes,yes,no,no,no,no,yes,no,no,yes,no,barrier_free_facility_list,京都府内のバリアフリー施設一覧,https://www.pref.kyoto.jp/f-machi/hitoyasa.html,2026-09,1956,,
26,京都府,26214,木津川市,,京都山城総合医療センター,,,619-0214,木津駅前1丁目27番地,,,http://www.yamashiro-hp.jp,yes,yes,1・2・5～8・9,13,,,yes,no,yes,no,yes,no,,,button,button,yes,yes,yes,no,yes,no,yes,no,no,yes,yes,yes,barrier_free_facility_list,京都府内のバリアフリー施設一覧,https://www.pref.kyoto.jp/f-machi/hitoyasa.html,2026-09,1957,,
26,京都府,26214,木津川市,,京都やましろ農業協同組合山城支店,,,619-0205,山城町椿井柳田１－１,,,,no,no,,,,,yes,no,no,no,no,no,,,lever,none,no,no,yes,no,no,no,no,no,no,no,no,no,barrier_free_facility_list,京都府内のバリアフリー施設一覧,https://www.pref.kyoto.jp/f-machi/hitoyasa.html,2026-09,1958,,
26,京都府,26214,木津川市,,平和堂　アル・プラザ木津,,,619-0222,相楽城西15番地,,,http://www.heiwado.jp/index.html,yes,yes,各,2,,,yes,,no,,yes,yes,,,button,button,yes,yes,yes,,yes,yes,yes,no,no,yes,yes,yes,barrier_free_facility_list,京都府内のバリアフリー施設一覧,https://www.pref.kyoto.jp/f-machi/hitoyasa.html,2026-09,1959,,各テナント飲食店で個別の対応となります。
26,京都府,26214,木津川市,,京都トヨタ自動車　(株)　木津店,,,619-0223,相楽台３丁目３,,,http://kyoto.toyota-dealers.jp/,yes,yes,1,1,,,yes,no,no,no,no,yes,,,lever,button,yes,yes,yes,no,no,no,yes,no,no,no,yes,no,barrier_free_facility_list,京都府内のバリアフリー施設一覧,https://www.pref.kyoto.jp/f-machi/hitoyasa.html,2026-09,1960,,京都トヨタで唯一のウェルキャブステーションです。 サービス介助士２級の資格を持ったウェルキャブコンサルタントがご来店をお待ちしております。
26,京都府,26214,木津川市,,加茂駅前東口駐車場,,,619-1154,加茂町駅東1丁目2-1,,,,yes,yes,1,,1,1,no,no,no,no,no,no,,,lever,button,yes,yes,yes,no,no,no,no,yes,no,no,no,no,barrier_free_facility_list,京都府内のバリアフリー施設一覧,https://www.pref.kyoto.jp/f-machi/hitoyasa.html,2026-09,1961,,
26,京都府,26214,木津川市,,木津川市役所（本庁）,,,619-0214,木津南垣外１１０－９,,,http://www.city.kizugawa.lg.jp/,yes,yes,全,2,5,5,yes,yes,yes,no,no,yes,,,sensor,button,yes,yes,yes,no,no,yes,yes,no,no,yes,yes,yes,barrier_free_facility_list,京都府内のバリアフリー施設一覧,https://www.pref.kyoto.jp/f-machi/hitoyasa.html,2026-09,1962,,
26,京都府,26214,木津川市,,木津川市役所（加茂支所）,,,619-1195,加茂町里南古田156番地（支所庁舎２階）,,,,yes,yes,"1,2",2,,,yes,no,no,no,no,yes,,,sensor,button,yes,yes,yes,no,no,no,no,no,no,no,yes,no,barrier_free_facility_list,京都府内のバリアフリー施設一覧,https://www.pref.kyoto.jp/f-machi/hitoyasa.html,2026-09,1963,,
26,京都府,26214,木津川市,,京都府立南陽高等学校,,,619-0224,兜台６丁目２,,,http://www.kyoto-be.ne.jp/nannyou-hs/mt/,yes,yes,1,1,,,no,no,no,no,no,no,,,button,button,yes,yes,yes,no,no,no,no,no,no,no,no,no,barrier_free_facility_list,京都府内のバリアフリー施設一覧,https://www.pref.kyoto.jp/f-machi/hitoyasa.html,2026-09,1964,,
26,京都府,26214,木津川市,,京都府木津川市役所（山城支所）,,,619-0204,山城町上狛北的場3-1,,,,yes,no,1,1,,,yes,no,no,no,no,yes,,,button,button,yes,yes,yes,no,no,no,no,no,no,no,yes,no,barrier_free_facility_list,京都府内のバリアフリー施設一覧,https://www.pref.kyoto.jp/f-machi/hitoyasa.html,2026-09,1965,,
26,京都府,26214,木津川市,,京都府山城南保健所,,,619-0214,木津上戸18-1,,,http://www.pref.kyoto.jp/yamashiro/ho-minami/,yes,yes,1,1,,,yes,no,yes,no,no,no,,,button,button,yes,no,no,no,no,no,no,yes,no,no,no,no,barrier_free_facility_list,京都府内のバリアフリー施設一覧,https://www.pref.kyoto.jp/f-machi/hitoyasa.html,2026-09,1966,,
26,京都府,26214,木津川市,,京都府山城広域振興局木津総合庁舎,,,619-0214,木津上戸１８－１,,,http://www.pref.kyoto.jp/yamashiro/ki-kikaku/1307351621577.html,yes,yes,1,1,,,yes,yes,yes,no,yes,yes,,,sensor,button,yes,no,no,no,no,no,no,no,no,yes,yes,no,barrier_free_facility_list,京都府内のバリアフリー施設一覧,https://www.pref.kyoto.jp/f-machi/hitoyasa.html,2026-09,1967,,
26,京都府,26214,木津川市,,木津川市　木津老人福祉センター,,,619-0214,木津川端19,,,http://www.kyoshakyo.or.jp/kizugawa/,yes,,,,,,,,no,,no,,,,,,,,,,,,,,,,,,barrier_free_facility_list,京都府内のバリアフリー施設一覧,https://www.pref.kyoto.jp/f-machi/hitoyasa.html,2026-09,1968,,
26,京都府,26214,木津川市,,浄瑠璃寺,,,619-1135,加茂町西小札場４０,,,なし,no,,,,,,,,no,,no,,,,,,,,,,,,,,,,,,barrier_free_facility_list,京都府内のバリアフリー施設一覧,https://www.pref.kyoto.jp/f-machi/hitoyasa.html,2026-09,1969,,車いす貸し出しは本堂内専用です
26,京都府,26214,木津川市,,木津川市木津老人憩の家,,,619-0214,木津清水97番地１．97番地２,,,,no,,,,,,,,no,,no,,,,,,,,,,,,,,,,,,barrier_free_facility_list,京都府内のバリアフリー施設一覧,https://www.pref.kyoto.jp/f-machi/hitoyasa.html,2026-09,1970,,
26,京都府,26214,木津川市,,木津川市木津保健センター,,,619-0214,木津清水27-24,,,,yes,,,,,,,,no,,yes,,,,,,,,,,,,,,,,,,barrier_free_facility_list,京都府内のバリアフリー施設一覧,https://www.pref.kyoto.jp/f-machi/hitoyasa.html,2026-09,1971,,
26,京都府,26214,木津川市,,木津川市山城老人福祉センター（やすらぎ苑）,,,619-0205,山城町椿井北代100,,,,no,,,,,,,,no,,no,,,,,,,,,,,,,,,,,,barrier_free_facility_list,京都府内のバリアフリー施設一覧,https://www.pref.kyoto.jp/f-machi/hitoyasa.html,2026-09,1972,,職員が受付で筆談に応じます。 ファックス送信サービス（有料）あります。 外部との出入り口に点字ブロックがあります。
26,京都府,26214,木津川市,,サンフレッシュ加茂店,,,619-1154,加茂町駅東１丁目７番地３,,,http://www.super-sunfresh.net/,yes,,,,,,,,no,,no,,,,,,,,,,,,,,,,,,barrier_free_facility_list,京都府内のバリアフリー施設一覧,https://www.pref.kyoto.jp/f-machi/hitoyasa.html,2026-09,1973,,
26,京都府,26214,木津川市,,涌出ぬくもりの里,,,619-0202,山城町平尾里屋敷69番4,,,http://care-net.biz/26/nukumori/,no,,,,,,,,unknown,,unknown,,,,,,,,,,,,,,,,,,barrier_free_facility_list,京都府内のバリアフリー施設一覧,https://www.pref.kyoto.jp/f-machi/hitoyasa.html,2026-09,1974,,
26,京都府,26214,木津川市,,加茂ぬくもりの里,,,619-1152,加茂町里宇留志40番地,,,,no,,,,,,,,unknown,,unknown,,,,,,,,,,,,,,,,,,barrier_free_facility_list,京都府内のバリアフリー施設一覧,https://www.pref.kyoto.jp/f-machi/hitoyasa.html,2026-09,1975,,
26,京都府,26214,木津川市,,西木津ぬくもりの里,,,619-0214,木津南後背30-5,,,http://care-net.biz/26/nukumori/,no,,,,,,,,unknown,,unknown,,,,,,,,,,,,,,,,,,barrier_free_facility_list,京都府内のバリアフリー施設一覧,https://www.pref.kyoto.jp/f-machi/hitoyasa.html,2026-09,1976,,
26,京都府,26214,木津川市,,木津川市女性センター・相楽老人福祉センター,,,619-0223,相楽台4丁目3番地,,,"http://www.city.kizugawa.lg.jp/index.cfm/8,440,40,181,html",yes,,,,,,,,no,,no,,,,,,,,,,,,,,,,,,barrier_free_facility_list,京都府内のバリアフリー施設一覧,https://www.pref.kyoto.jp/f-machi/hitoyasa.html,2026-09,1977,,
26,京都府,26214,木津川市,,木津地方合同庁舎,,,619-0214,木津駅前一丁目50番地,,,,yes,,,,,,,,no,,yes,,,,,,,,,,,,,,,,,,barrier_free_facility_list,京都府内のバリアフリー施設一覧,https://www.pref.kyoto.jp/f-machi/hitoyasa.html,2026-09,1978,,
26,京都府,26214,木津川市,,京都銀行木津支店,,,619-0214,木津駅前一丁目15番地,,,http://www.kyotobank.co.jp/,yes,,,,,,,,no,,no,,,,,,,,,,,,,,,,,,barrier_free_facility_list,京都府内のバリアフリー施設一覧,https://www.pref.kyoto.jp/f-machi/hitoyasa.html,2026-09,1979,,ATMは全台、視覚障がい者が音声ガイダンスに従ってご利用できるものとなっています。
26,京都府,26214,木津川市,,加茂文化センター〜あじさいホール,,,619-1152,加茂町里南古田156番地,,,http://www.nem-shiteikanri.jp/shisetsu/ajisai/,yes,,,,,,,,no,,no,,,,,,,,,,,,,,,,,,barrier_free_facility_list,京都府内のバリアフリー施設一覧,https://www.pref.kyoto.jp/f-machi/hitoyasa.html,2026-09,1980,,おむつ換え用のベビーシートがあります。 職員が受付で筆談に応じます。 外部との出入り口に点字ブロックがあります。  加茂文化センターは、創造（人、文化を創るまち）・交流（人々が広く集うまち）、人間環境（人がいきいきと暮らすまち）を深める施設です。あなたを待っています。
26,京都府,26214,木津川市,,山城総合文化センター（アスピアやましろ）,,,619-0202,山城町平尾前田２４,,,http://www.nem-shiteikanri.jp/shisetsu/aspia/,yes,,,,,,,,yes,,yes,,,,,,,,,,,,,,,,,,barrier_free_facility_list,京都府内のバリアフリー施設一覧,https://www.pref.kyoto.jp/f-machi/hitoyasa.html,2026-09,1981,,オムツ替え用のベビーシートがあります。 女性用トイレ内にベビーキープがあります。 職員が受付で筆談に応じます。 外部との出入り口に点字ブロックがあります。
26,京都府,26214,木津川市,,ファミリーマート　木津大谷店,,,619-0214,木津八後35番地1,,,,no,,,,,,,,no,,unknown,,,,,,,,,,,,,,,,,,barrier_free_facility_list,京都府内のバリアフリー施設一覧,https://www.pref.kyoto.jp/f-machi/hitoyasa.html,2026-09,1982,,
26,京都府,26214,木津川市,,ファミリーマート　木津梅美台店,,,619-0215,梅美台一丁目1番地3,,,,no,,,,,,,,no,,unknown,,,,,,,,,,,,,,,,,,barrier_free_facility_list,京都府内のバリアフリー施設一覧,https://www.pref.kyoto.jp/f-machi/hitoyasa.html,2026-09,1983,,
26,京都府,26214,木津川市,,京都やましろ農業協同組合加茂支店,,,619-1152,加茂町里南古田８１,,,,no,,,,,,,,unknown,,unknown,,,,,,,,,,,,,,,,,,barrier_free_facility_list,京都府内のバリアフリー施設一覧,https://www.pref.kyoto.jp/f-machi/hitoyasa.html,2026-09,1984,,
26,京都府,26214,木津川市,,京都やましろ農業協同組合木津支店,,,619-0214,木津八色１８－７,,,,no,,,,,,,,unknown,,unknown,,,,,,,,,,,,,,,,,,barrier_free_facility_list,京都府内のバリアフリー施設一覧,https://www.pref.kyoto.jp/f-machi/hitoyasa.html,2026-09,1985,,
26,京都府,26214,木津川市,,京都田辺公共職業安定所　木津出張所,,,619-0214,木津駅前一丁目５０　木津地方合同庁舎,,,,no,,,,,,,,unknown,,unknown,,,,,,,,,,,,,,,,,,barrier_free_facility_list,京都府内のバリアフリー施設一覧,https://www.pref.kyoto.jp/f-machi/hitoyasa.html,2026-09,1986,,
26,京都府,26214,木津川市,,木津川市中央交流会館（いずみホール）,,,619-0214,木津宮ノ内92番地,,,http://www.bunspo-shinko.or.jp/,yes,,,,,,,,yes,,yes,,,,,,,,,,,,,,,,,,barrier_free_facility_list,京都府内のバリアフリー施設一覧,https://www.pref.kyoto.jp/f-machi/hitoyasa.html,2026-09,1987,,職員が受付で筆談に応じます。 外部との出入り口に点字ブロックがあります。
26,京都府,26214,木津川市,,木津川市立山城図書館,,,619-0202,山城町平尾前田24,,,http://library.city.kizugawa.lg.jp/,yes,,,,,,,,no,,yes,,,,,,,,,,,,,,,,,,barrier_free_facility_list,京都府内のバリアフリー施設一覧,https://www.pref.kyoto.jp/f-machi/hitoyasa.html,2026-09,1988,,
26,京都府,26214,木津川市,,国立研究開発法人量子科学技術研究開発機構　関西光科学研究所,,,619-0215,梅美台 8丁目1番地7,,,https://www.qst.go.jp/site/kansai/,no,,,,,,,,no,,no,,,,,,,,,,,,,,,,,,barrier_free_facility_list,京都府内のバリアフリー施設一覧,https://www.pref.kyoto.jp/f-machi/hitoyasa.html,2026-09,1989,,
26,京都府,26214,木津川市,,イオンモール高の原,,,619-0223,相楽台１丁目１－１,,,,yes,,,,,,,,yes,,yes,,,,,,,,,,,,,,,,,,barrier_free_facility_list,京都府内のバリアフリー施設一覧,https://www.pref.kyoto.jp/f-machi/hitoyasa.html,2026-09,1990,,
26,京都府,26214,木津川市,,南都銀行　加茂支店,,,619-1154,加茂町駅東２－５－１,,,,no,,,,,,,,unknown,,unknown,,,,,,,,,,,,,,,,,,barrier_free_facility_list,京都府内のバリアフリー施設一覧,https://www.pref.kyoto.jp/f-machi/hitoyasa.html,2026-09,1991,,
26,京都府,26214,木津川市,,山城木津郵便局,,,619-0222,相楽丸塚４－１,,,http://map.japanpost.jp/pc/syousai.php?id=300144176000,no,,,,,,,,unknown,,unknown,,,,,,,,,,,,,,,,,,barrier_free_facility_list,京都府内のバリアフリー施設一覧,https://www.pref.kyoto.jp/f-machi/hitoyasa.html,2026-09,1992,,
26,京都府,26214,木津川市,,京都府木津警察署,,,619-0214,木津南垣内15,,,http://www.pref.kyoto.jp/fukei/,yes,yes,1,1,,,yes,no,no,no,no,no,,,button,button,yes,yes,yes,no,no,no,no,yes,no,no,no,no,barrier_free_facility_list,京都府内のバリアフリー施設一覧,https://www.pref.kyoto.jp/f-machi/hitoyasa.html,2026-09,1993,,
26,京都府,26214,木津川市,,ドコモショップ木津山田川店,,,619-0222,相楽城西２５－３,,,,no,,,,,,,,unknown,,unknown,,,,,,,,,,,,,,,,,,barrier_free_facility_list,京都府内のバリアフリー施設一覧,https://www.pref.kyoto.jp/f-machi/hitoyasa.html,2026-09,1994,,
26,京都府,26214,木津川市,,ネッツトヨタヤサカ木津店,,,619-0214,木津奈良道６５－１,,,,no,,,,,,,,unknown,,unknown,,,,,,,,,,,,,,,,,,barrier_free_facility_list,京都府内のバリアフリー施設一覧,https://www.pref.kyoto.jp/f-machi/hitoyasa.html,2026-09,1995,,
26,京都府,26214,木津川市,,府立木津高等学校,,,619-0214,木津内田山３４,,,,no,,,,,,,,unknown,,unknown,,,,,,,,,,,,,,,,,,barrier_free_facility_list,京都府内のバリアフリー施設一覧,https://www.pref.kyoto.jp/f-machi/hitoyasa.html,2026-09,1996,,
26,京都府,26214,木津川市,,木津川市中央体育館,,,619-0214,木津石塚147,,,,yes,,,,,,,,no,,no,,,,,,,,,,,,,,,,,,barrier_free_facility_list,京都府内のバリアフリー施設一覧,https://www.pref.kyoto.jp/f-machi/hitoyasa.html,2026-09,1997,,
26,京都府,26214,木津川市,,ハーベス（食品専門館）木津川台店,,,619-0225,木津川台１−１２−１,,,http://www.kinshostore.co.jp,yes,,,,,,,,no,,yes,,,,,,,,,,,,,,,,,,barrier_free_facility_list,京都府内のバリアフリー施設一覧,https://www.pref.kyoto.jp/f-machi/hitoyasa.html,2026-09,1998,,
26,京都府,26214,木津川市,,不動川公園,,,619-0202,山城町平尾大谷1,,,,yes,,,,,,,,no,,no,,,,,,,,,,,,,,,,,,barrier_free_facility_list,京都府内のバリアフリー施設一覧,https://www.pref.kyoto.jp/f-machi/hitoyasa.html,2026-09,1999,,
26,京都府,26214,木津川市,,木津町中央体育館,,,619-0214,木津石塚147,,,,yes,,,,,,,,no,,no,,,,,,,,,,,,,,,,,,barrier_free_facility_list,京都府内のバリアフリー施設一覧,https://www.pref.kyoto.jp/f-machi/hitoyasa.html,2026-09,2000,,
26,京都府,26465,与謝野町,,特別養護老人ホーム　与謝の園,,,629-2411,字明石80番地,,,http://hokuseikai.on.jp/yosanoen,yes,yes,1,2,,,no,no,yes,no,no,no,,,lever,pull_cord,yes,yes,yes,no,no,no,no,yes,no,no,no,no,barrier_free_facility_list,京都府内のバリアフリー施設一覧,https://www.pref.kyoto.jp/f-machi/hitoyasa.html,2026-09,2001,,
26,京都府,26465,与謝野町,,特別養護老人ホームやすら苑,,,629-2403,字加悦802番地7,,,http://www.yasuraen.jp,yes,yes,1,1,,,yes,unknown,yes,unknown,unknown,unknown,,,button,button,yes,yes,yes,unknown,unknown,yes,yes,no,no,no,no,yes,barrier_free_facility_list,京都府内のバリアフリー施設一覧,https://www.pref.kyoto.jp/f-machi/hitoyasa.html,2026-09,2002,,
26,京都府,26465,与謝野町,,ゴダイドラッグ 岩滝店,,,629-2261,男山１４２－１,,,http://www/godai.net/,yes,yes,1,1,,,,,unknown,,yes,yes,,,lever,none,,,,,,,,no,no,no,yes,no,barrier_free_facility_list,京都府内のバリアフリー施設一覧,https://www.pref.kyoto.jp/f-machi/hitoyasa.html,2026-09,2003,,
26,京都府,26465,与謝野町,,ゴダイドラッグ 加悦店,,,629-2411,明石８１３－１,,,http://www.godai.net/,no,no,,,,,,,unknown,,unknown,,,,,,,,,,,,,no,no,no,no,no,barrier_free_facility_list,京都府内のバリアフリー施設一覧,https://www.pref.kyoto.jp/f-machi/hitoyasa.html,2026-09,2004,,
26,京都府,26465,与謝野町,,道の駅シルクのまち かや,,,629-2422,字滝９８番地,,,https://www.michi-no-eki.jp/stations/views/19425,yes,yes,1,1,,,yes,no,no,no,no,no,,,button,pull_cord,yes,yes,yes,no,yes,no,no,yes,no,no,yes,no,barrier_free_facility_list,京都府内のバリアフリー施設一覧,https://www.pref.kyoto.jp/f-machi/hitoyasa.html,2026-09,2005,,職員が受付で筆談に応じます。 ファックス送信サービス（有料）あります。 外部との出入り口に点字ブロックがあります。
26,京都府,26465,与謝野町,,ゴダイドラッグ野田川店,,,629-2301,上山田684,,,http://www.godai.net,yes,yes,1,1,1,,yes,no,yes,no,no,yes,,,button,button,yes,yes,no,no,no,no,no,no,no,no,yes,no,barrier_free_facility_list,京都府内のバリアフリー施設一覧,https://www.pref.kyoto.jp/f-machi/hitoyasa.html,2026-09,2006,,
26,京都府,26465,与謝野町,,特別養護老人ホーム　岩滝あじさい苑,,,629-2263,字弓木13番地の6,,,http://iwataki-ajisaien.jp/,no,no,,,,,unknown,unknown,unknown,unknown,unknown,unknown,,,none,button,unknown,unknown,unknown,unknown,unknown,unknown,unknown,unknown,unknown,unknown,unknown,unknown,barrier_free_facility_list,京都府内のバリアフリー施設一覧,https://www.pref.kyoto.jp/f-machi/hitoyasa.html,2026-09,2007,,
26,京都府,26465,与謝野町,,野田川森林公園(フォレストパーク),,,629-2313,字三河内小字梅谷28番地,,,,yes,yes,1,1,,,,,no,,no,,,,lever,none,,,,,,,,yes,no,no,no,no,barrier_free_facility_list,京都府内のバリアフリー施設一覧,https://www.pref.kyoto.jp/f-machi/hitoyasa.html,2026-09,2008,,
26,京都府,26465,与謝野町,,加悦地域公民館,,,629-2403,字加悦451-2,,,https://www.town.yosano.lg.jp/facility-info/social-educational-facilities/public-hall/entry_24/index.html,yes,yes,1,1,,,yes,yes,no,no,yes,yes,,,button,none,yes,yes,yes,no,no,no,yes,no,no,no,yes,no,barrier_free_facility_list,京都府内のバリアフリー施設一覧,https://www.pref.kyoto.jp/f-machi/hitoyasa.html,2026-09,2009,,
26,京都府,26465,与謝野町,,高齢者総合福祉施設　虹ヶ丘,,,629-2314,字岩屋６００−３,,,http://yofuku.or.jp/nijigaoka/,yes,yes,1,,1,1,yes,no,no,no,no,no,,,button,button,yes,yes,yes,no,no,no,no,no,no,no,no,no,barrier_free_facility_list,京都府内のバリアフリー施設一覧,https://www.pref.kyoto.jp/f-machi/hitoyasa.html,2026-09,2010,,
26,京都府,26465,与謝野町,,与謝野町勤労者総合福祉センター,,,629-2312,字四辻１６１番地,,,https://www.town.yosano.lg.jp/facility-info/other-facilities/408445/index.html,yes,no,,,,,,,no,,no,,,,,,,,,,,,,,,,,,barrier_free_facility_list,京都府内のバリアフリー施設一覧,https://www.pref.kyoto.jp/f-machi/hitoyasa.html,2026-09,2011,,授乳コーナーはありませんが必要な場合は事務所にお申し出ください。 職員が受付で筆談に応じます。 コピーサービス（有料）があります。  「野田川わーくぱる」は、文化・余暇活動や交流の場として、いつでもだれでも気軽に利用できる公共の施設です。 地域に密着した魅力ある、いつまでも「愛され、利用される施設」を目指した管理運営に努めています。 職員一同、皆様のご利用をお待ちしております。
26,京都府,26465,与謝野町,,お菓子の館　はしだて,,,629-2261,字男山８０１−４,,,http://www.asita.co.jp/okashi/okashinoyakata-hashidate.html,yes,yes,1　1階1個,1,,,no,no,no,no,no,no,,,button,button,yes,no,yes,no,yes,no,yes,no,no,no,no,no,barrier_free_facility_list,京都府内のバリアフリー施設一覧,https://www.pref.kyoto.jp/f-machi/hitoyasa.html,2026-09,2012,,
26,京都府,26465,与謝野町,,京都府野田川ユースセンター,,,629-2313,字三河内小字梅谷４８番地１,,,https://www.town.yosano.lg.jp/facility-info/leisure-sightseeing-hotel/hotel/entry_198/index.html,yes,yes,1,1,,,no,no,no,no,no,no,,,lever,button,yes,yes,yes,no,no,no,no,yes,,,,,barrier_free_facility_list,京都府内のバリアフリー施設一覧,https://www.pref.kyoto.jp/f-machi/hitoyasa.html,2026-09,2013,,建物出入口から一番ちかい車いすトイレは、廊下の左にあります。 貸し出し用車いすがあります。  玄関に施設職員と連絡できるインターホンがあります。 車いす使用者対応の宿泊室があります。  その他 職員が受付で筆談に応じます。 外部との出入り口に点字ブロックがあります。
26,京都府,26465,与謝野町,,株式会社フクヤ　男山店,,,629-2261,男山121-1,,,http://www.fukuya.info,yes,,,,,,,,no,,yes,,,,,,,,,,,,,,,,,,barrier_free_facility_list,京都府内のバリアフリー施設一覧,https://www.pref.kyoto.jp/f-machi/hitoyasa.html,2026-09,2014,,
26,京都府,26465,与謝野町,,クアハウス岩滝,,,629-2262,字岩滝470番地,,,http://www.dolphin-group.co.jp/kurhaus-iwataki/,yes,,,,,,,,unknown,,yes,,,,,,,,,,,,,,,,,,barrier_free_facility_list,京都府内のバリアフリー施設一覧,https://www.pref.kyoto.jp/f-machi/hitoyasa.html,2026-09,2015,,※トレーニングルームの利用は高校生以上の方といたします。  職員が受付で筆談に応じます。  京都府下で最高温(58.8度)の天の橋立岩滝温泉をちょっと贅沢に活用した「クアハウス岩滝」は日本古来の温泉浴法にドイツの近代的温泉浴法を取り入れた温泉保養施設。 温泉プール、箱むし、ウォータースライダー、圧注気泡浴などの各種施設があります。 また、温泉スタンドで湧出温度58.5度の高温泉、天の橋立岩滝温泉の湯を販売。家庭で気楽に温泉気分が楽しめます。 専用コイン1枚(100円)で100リットルです。
26,京都府,26465,与謝野町,,橋立ベイホテル,,,629-2262,字岩滝68番地,,,https.//www.hashidate-bay-hotel.com.,yes,yes,1,1,,,yes,yes,no,,yes,yes,,,button,button,,yes,yes,,,,,no,yes,yes,yes,no,barrier_free_facility_list,京都府内のバリアフリー施設一覧,https://www.pref.kyoto.jp/f-machi/hitoyasa.html,2026-09,2016,,
26,京都府,26465,与謝野町,,京都府立医科大学附属北部医療センター,,,629-2261,字男山481,,,http://www.pref.kyoto.jp/yosanoumihp/,yes,,,,,,,,no,,yes,,,,,,,,,,,,,,,,,,barrier_free_facility_list,京都府内のバリアフリー施設一覧,https://www.pref.kyoto.jp/f-machi/hitoyasa.html,2026-09,2017,,
26,京都府,26465,与謝野町,,野田川老人憩の家,,,629-2311,字幾地９０８番地,,,,yes,,,,,,,,no,,no,,,,,,,,,,,,,,,,,,barrier_free_facility_list,京都府内のバリアフリー施設一覧,https://www.pref.kyoto.jp/f-machi/hitoyasa.html,2026-09,2018,,
26,京都府,26465,与謝野町,,障害者福祉センター　夢織りの郷,,,629-2314,字岩屋６００番地の６,,,,yes,,,,,,,,no,,no,,,,,,,,,,,,,,,,,,barrier_free_facility_list,京都府内のバリアフリー施設一覧,https://www.pref.kyoto.jp/f-machi/hitoyasa.html,2026-09,2019,,
26,京都府,26465,与謝野町,,板列公園木造トイレ,,,629-2262,字岩滝５８０,,,,yes,,,,,,,,yes,,yes,,,,,,,,,,,,,,,,,,barrier_free_facility_list,京都府内のバリアフリー施設一覧,https://www.pref.kyoto.jp/f-machi/hitoyasa.html,2026-09,2020,,
26,京都府,26465,与謝野町,,（株）西新　古代の丘ＳＳ,,,629-2402,字加悦５８７−１,,,,yes,,,,,,,,no,,no,,,,,,,,,,,,,,,,,,barrier_free_facility_list,京都府内のバリアフリー施設一覧,https://www.pref.kyoto.jp/f-machi/hitoyasa.html,2026-09,2021,,条例で定める整備基準適合証を交付されたガソリンスタンドの府内第１号店です。
26,京都府,26465,与謝野町,,野田川体育館,,,629-2312,字四辻１４５番地,,,https://www.town.yosano.lg.jp/facility-info/social-educational-facilities/gymnasium/398/index.html,yes,,,,,,,,no,,no,,,,,,,,,,,,,,,,,,barrier_free_facility_list,京都府内のバリアフリー施設一覧,https://www.pref.kyoto.jp/f-machi/hitoyasa.html,2026-09,2022,,
26,京都府,26465,与謝野町,,生涯学習センター 知遊館（岩滝地域公民館）,,,629-2262,字岩滝2271番地,,,https://www.town.yosano.lg.jp/facility-info/social-educational-facilities/public-hall/408/index.html,yes,,,,,,,,no,,yes,,,,,,,,,,,,,,,,,,barrier_free_facility_list,京都府内のバリアフリー施設一覧,https://www.pref.kyoto.jp/f-machi/hitoyasa.html,2026-09,2023,,ベビーベッドはトイレ内の洗面所にあります。
26,京都府,26465,与謝野町,,古墳公園･はにわ資料館,,,629-2411,字明石2341,,,https://www.town.yosano.lg.jp/facility-info/leisure-sightseeing-hotel/tourist-facility/403/,yes,,,,,,,,no,,no,,,,,,,,,,,,,,,,,,barrier_free_facility_list,京都府内のバリアフリー施設一覧,https://www.pref.kyoto.jp/f-machi/hitoyasa.html,2026-09,2024,,
26,京都府,26465,与謝野町,,与謝野町立江山文庫,,,629-2421,字金屋1682,,,http://kozan-bunko.sakura.ne.jp/,yes,,,,,,,,no,,no,,,,,,,,,,,,,,,,,,barrier_free_facility_list,京都府内のバリアフリー施設一覧,https://www.pref.kyoto.jp/f-machi/hitoyasa.html,2026-09,2025,,音声案内に関しては職員が対応。靴を脱いであがるため介助犬等は要相談。
26,京都府,26465,与謝野町,,加悦椿文化資料館,,,629-2422,字滝1986,,,https://www.town.yosano.lg.jp/facility-info/leisure-sightseeing-hotel/tourist-facility/414/,yes,,,,,,,,no,,no,,,,,,,,,,,,,,,,,,barrier_free_facility_list,京都府内のバリアフリー施設一覧,https://www.pref.kyoto.jp/f-machi/hitoyasa.html,2026-09,2026,,職員一人での管理となっていて対応はそのときの状況次第です
26,京都府,26465,与謝野町,,フレッシュバザール与謝野石川店,,,629-2303,石川１５６６番１,,,,no,,,,,,,,unknown,,unknown,,,,,,,,,,,,,,,,,,barrier_free_facility_list,京都府内のバリアフリー施設一覧,https://www.pref.kyoto.jp/f-machi/hitoyasa.html,2026-09,2027,,
26,京都府,26465,与謝野町,,京都府立与謝の海支援学校,,,629-2261,男山９４５,,,,no,,,,,,,,unknown,,unknown,,,,,,,,,,,,,,,,,,barrier_free_facility_list,京都府内のバリアフリー施設一覧,https://www.pref.kyoto.jp/f-machi/hitoyasa.html,2026-09,2028,,
26,京都府,26465,与謝野町,,加悦保健センター（元気館）,,,629-2498,加悦433番地,,,https://www.town.yosano.lg.jp/,yes,yes,1,1,,,no,no,no,no,no,no,,,button,button,yes,yes,yes,no,no,no,no,no,no,no,no,no,barrier_free_facility_list,京都府内のバリアフリー施設一覧,https://www.pref.kyoto.jp/f-machi/hitoyasa.html,2026-09,2029,,
26,京都府,26465,与謝野町,,協同組合加悦谷ショッピングセンター（ウイル）,,,629-2413,字温江仲縄５,,,,no,,,,,,,,unknown,,unknown,,,,,,,,,,,,,,,,,,barrier_free_facility_list,京都府内のバリアフリー施設一覧,https://www.pref.kyoto.jp/f-machi/hitoyasa.html,2026-09,2030,,
26,京都府,26465,与謝野町,,野田川郵便局,,,629-2399,三河内７３５－５,,,http://map.japanpost.jp/pc/syousai.php?id=300144065000,no,,,,,,,,no,,no,,,,,,,,,,,,,,,,,,barrier_free_facility_list,京都府内のバリアフリー施設一覧,https://www.pref.kyoto.jp/f-machi/hitoyasa.html,2026-09,2031,,
26,京都府,26465,与謝野町,,地域共生型福祉施設やすらの里,,,629-2403,字加悦８０２－７,,,,no,,,,,,,,unknown,,unknown,,,,,,,,,,,,,,,,,,barrier_free_facility_list,京都府内のバリアフリー施設一覧,https://www.pref.kyoto.jp/f-machi/hitoyasa.html,2026-09,2032,,
26,京都府,26465,与謝野町,,フレッシュバザール野田川店,,,629-2313,字三河内６２２－１,,,,no,,,,,,,,unknown,,unknown,,,,,,,,,,,,,,,,,,barrier_free_facility_list,京都府内のバリアフリー施設一覧,https://www.pref.kyoto.jp/f-machi/hitoyasa.html,2026-09,2033,,
26,京都府,26465,与謝野町,,岩滝保健センター,,,629-2262,字岩滝２０４６,,,https://www.town.yosano.lg.jp/facility-info/other-facilities/427/index.html,no,,,,,,,,unknown,,unknown,,,,,,,,,,,,,,,,,,barrier_free_facility_list,京都府内のバリアフリー施設一覧,https://www.pref.kyoto.jp/f-machi/hitoyasa.html,2026-09,2034,,
26,京都府,26465,与謝野町,,与謝野町加悦庁舎,,,629-2403,字加悦４３３,,,,no,,,,,,,,unknown,,unknown,,,,,,,,,,,,,,,,,,barrier_free_facility_list,京都府内のバリアフリー施設一覧,https://www.pref.kyoto.jp/f-machi/hitoyasa.html,2026-09,2035,,
26,京都府,26465,与謝野町,,京都北都信用金庫加悦支店,,,629-2403,字加悦４５６－１,,,,no,,,,,,,,unknown,,unknown,,,,,,,,,,,,,,,,,,barrier_free_facility_list,京都府内のバリアフリー施設一覧,https://www.pref.kyoto.jp/f-machi/hitoyasa.html,2026-09,2036,,
26,京都府,26465,与謝野町,,京都北都信用金庫野田川支店,,,629-2311,字幾地３６９－１,,,,no,,,,,,,,unknown,,unknown,,,,,,,,,,,,,,,,,,barrier_free_facility_list,京都府内のバリアフリー施設一覧,https://www.pref.kyoto.jp/f-machi/hitoyasa.html,2026-09,2037,,
26,京都府,26465,与謝野町,,京都北都信用金庫岩滝中央支店,,,629-2262,字岩滝２２７３－１,,,,no,,,,,,,,unknown,,unknown,,,,,,,,,,,,,,,,,,barrier_free_facility_list,京都府内のバリアフリー施設一覧,https://www.pref.kyoto.jp/f-machi/hitoyasa.html,2026-09,2038,,
26,京都府,26465,与謝野町,,与謝野町役場,,,629-2262,字岩滝１７９８－１,,,,no,,,,,,,,unknown,,unknown,,,,,,,,,,,,,,,,,,barrier_free_facility_list,京都府内のバリアフリー施設一覧,https://www.pref.kyoto.jp/f-machi/hitoyasa.html,2026-09,2039,,
26,京都府,26465,与謝野町,,与謝野町野田川庁舎,,,629-2392,字四辻65番地,,,https://www.town.yosano.lg.jp/,yes,,,,,,,,no,,no,,,,,,,,,,,,,,,,,,barrier_free_facility_list,京都府内のバリアフリー施設一覧,https://www.pref.kyoto.jp/f-machi/hitoyasa.html,2026-09,2040,,職員が受付で筆談に応じます。
26,京都府,26365,和束町,,和束町商工会,,,619-1212,大字釜塚小字京町19番地,,,,yes,yes,1,1,1,1,yes,no,yes,no,yes,no,,,button,button,yes,yes,yes,no,no,no,no,unknown,no,no,yes,no,barrier_free_facility_list,京都府内のバリアフリー施設一覧,https://www.pref.kyoto.jp/f-machi/hitoyasa.html,2026-09,2041,,
26,京都府,26365,和束町,,和束町観光案内所,,,619-1212,釜塚京町19番地,,,https://kyotowazuka.com/,yes,yes,1,1,0,0,yes,no,yes,no,yes,no,,,button,button,yes,yes,yes,no,unknown,no,no,no,no,no,yes,no,barrier_free_facility_list,京都府内のバリアフリー施設一覧,https://www.pref.kyoto.jp/f-machi/hitoyasa.html,2026-09,2042,,
26,京都府,26365,和束町,,和束山の家,,,619-1222,大字白栖小字猪ヶ口24番地の3,,,http://wazukaso.com/,yes,,,,,,,,yes,,no,,,,,,,,,,,,,,,,,,barrier_free_facility_list,京都府内のバリアフリー施設一覧,https://www.pref.kyoto.jp/f-machi/hitoyasa.html,2026-09,2043,,
26,京都府,26365,和束町,,グリンティ和束,,,619-1222,大字白栖小字大狭間35番地,,,http://wazukanko.com/,no,,,,,,,,no,,no,,,,,,,,,,,,,,,,,,barrier_free_facility_list,京都府内のバリアフリー施設一覧,https://www.pref.kyoto.jp/f-machi/hitoyasa.html,2026-09,2044,,
26,京都府,26365,和束町,,和束保育園,,,619-1205,大字中小字市場19,,,,no,,,,,,,,no,,yes,,,,,,,,,,,,,,,,,,barrier_free_facility_list,京都府内のバリアフリー施設一覧,https://www.pref.kyoto.jp/f-machi/hitoyasa.html,2026-09,2045,,
26,京都府,26365,和束町,,和束町老人福祉センター,,,619-1222,大字白栖小字南半田68番地の1,,,,yes,,,,,,,,no,,unknown,,,,,,,,,,,,,,,,,,barrier_free_facility_list,京都府内のバリアフリー施設一覧,https://www.pref.kyoto.jp/f-machi/hitoyasa.html,2026-09,2046,,
26,京都府,26365,和束町,,和束町共同浴場,,,619-1212,大字釜塚小字前田46-2,,,,no,,,,,,,,no,,no,,,,,,,,,,,,,,,,,,barrier_free_facility_list,京都府内のバリアフリー施設一覧,https://www.pref.kyoto.jp/f-machi/hitoyasa.html,2026-09,2047,,
26,京都府,26365,和束町,,和束町人権ふれあいセンター,,,619-1212,釜塚前田44,,,,yes,,,,,,,,unknown,,no,,,,,,,,,,,,,,,,,,barrier_free_facility_list,京都府内のバリアフリー施設一覧,https://www.pref.kyoto.jp/f-machi/hitoyasa.html,2026-09,2048,,
26,京都府,26365,和束町,,和束B&G海洋センター,,,619-1212,釜塚実坂1,,,https://www.town.wazuka.lg.jp/,no,,,,,,,,no,,no,,,,,,,,,,,,,,,,,,barrier_free_facility_list,京都府内のバリアフリー施設一覧,https://www.pref.kyoto.jp/f-machi/hitoyasa.html,2026-09,2049,,
26,京都府,26365,和束町,,ハートフル和束,,,619-1222,白栖南半田２３,,,,no,,,,,,,,no,,no,,,,,,,,,,,,,,,,,,barrier_free_facility_list,京都府内のバリアフリー施設一覧,https://www.pref.kyoto.jp/f-machi/hitoyasa.html,2026-09,2050,,
26,京都府,26365,和束町,,和束町健康福祉交流センター,,,619-1295,釜塚生水14-2,,,http://www.town.wazuka.kyoto.jp/,yes,,,,,,,,yes,,yes,,,,,,,,,,,,,,,,,,barrier_free_facility_list,京都府内のバリアフリー施設一覧,https://www.pref.kyoto.jp/f-machi/hitoyasa.html,2026-09,2051,,
26,京都府,26365,和束町,,京都やましろ農業協同組合和束町支店,,,619-1213,南下河原１４－２,,,,no,,,,,,,,unknown,,unknown,,,,,,,,,,,,,,,,,,barrier_free_facility_list,京都府内のバリアフリー施設一覧,https://www.pref.kyoto.jp/f-machi/hitoyasa.html,2026-09,2052,,
