prefecture_code,prefecture_name,municipality_code,municipality_name,ward_name,facility_name,formal_name,facility_category,postal_code,address,latitude,longitude,homepage_url,multipurpose_toilet,wheelchair_toilet,toilet_floor,unisex_toilet_count,male_toilet_count,female_toilet_count,washlet,adult_bed,ostomate,voice_guidance,baby_bed,baby_chair,child_toilet,child_chair,flush_type,emergency_call_type,male_urinal_with_rail,male_western_toilet,female_western_toilet,male_baby_bed,female_baby_bed,male_baby_chair,female_baby_chair,entrance_step,stroller_rental,nursing_space,diaper_changing_space,kids_room,source_dataset,source_name,source_url,source_updated_at,source_row,attribute_note,note
47,沖縄県,47314,金武町,,マックスバリュ金武店,,,904-1201,金武7906-2,26.4523538,127.9119015,/,no,yes,,,,,yes,no,no,no,no,no,,,,,,,,,,,,no,no,no,,,barrier_free_map,沖縄県バリアフリーマップ,http://okinawa-bf-map.jp/facility-info/detail?facility_id=1007,2015-09-10,1007,緊急通報装置あり / トイレ出入口形状=スライド,備考: 駐車台数80台
47,沖縄県,47213,うるま市,,沖縄県立具志川厚生園（介護老人ホーム）,,,904-2202,沖縄県うるま市天願1983,26.3833171,127.8508502,http://www.okinawa-j.jp/gushikawa_kouseien/yougo-gushikawa,,,,,,,,,no,no,,,,,,,,,,,,,,,,no,,,barrier_free_map,沖縄県バリアフリーマップ,http://okinawa-bf-map.jp/facility-info/detail?facility_id=102,2018-07-11,102,緊急通報装置あり,特徴･注意点: ・バリアフリートイレ設置便座高さ44cm手すり高さ71cm幅69cm 手洗い高さ （上）75cm（下）61cm 手洗い手すり高さ76cm幅68cm ・自動洗浄で便座事に呼び出しボタンがついてる。
47,沖縄県,47313,宜野座村,,かりゆしホテルズボールパーク宜野座,,,904-1302,沖縄県宜野座村字宜野座188,26.484698,127.9727183,http://www.vill.ginoza.okinawa.jp/facilities/baseballstadium,no,yes,,,,,no,no,no,no,no,no,,,,,,,,,,,,no,no,no,,,barrier_free_map,沖縄県バリアフリーマップ,http://okinawa-bf-map.jp/facility-info/detail?facility_id=1027,2020-05-13,1027,緊急通報装置あり / トイレ出入口形状=スライド,特徴･注意点: 普段は閉まっていて、試合等で利用する場合のみ開場しています。 / 備考: 野球（ナイター照明完備） / 備考: 駐車台数100台以上
47,沖縄県,47313,宜野座村,,でいご園デイサービスセンター,,,904-1303,沖縄県宜野座村惣慶１３１６,26.466125805928364,127.96701179759214,http://www.deigoen.com/d-service.html,no,no,,,,,yes,no,no,no,no,no,,,,,,,,,,,,yes,no,no,,,barrier_free_map,沖縄県バリアフリーマップ,http://okinawa-bf-map.jp/facility-info/detail?facility_id=1028,2018-05-30,1028,緊急通報装置あり / トイレ出入口形状=引戸,特徴･注意点: 職員に言っていただければ、いつでもお水用意します。 / 備考: 正式名称：社会福祉法人 清明会 でいご園デイサービスセンター / 備考: 駐車台数70台
47,沖縄県,47314,金武町,,沖縄自動車道 伊芸サービスエリア 下り線,,,904-1202,沖縄県国頭郡金武町伊芸1264,26.4609564,127.8710339,/,yes,yes,,,,,yes,yes,yes,no,no,no,,,,,,,,,,,,yes,no,yes,,,barrier_free_map,沖縄県バリアフリーマップ,http://okinawa-bf-map.jp/facility-info/detail?facility_id=1029,2015-09-10,1029,緊急通報装置あり / トイレ出入口形状=スライド,特徴･注意点: 一般用のトイレ奥にオスメイトがあり、段差5cm、開口幅も狭い。車イスでの利用は不便。 / 備考: 伊芸SA内 / 備考: 駐車場収容台数157台
47,沖縄県,47314,金武町,,金武町陸上競技場,,,904-1293,沖縄県金武町字金武7758,26.455003864213644,127.91225956134302,/,yes,yes,,,,,no,no,no,no,no,no,,,,,,,,,,,,yes,no,no,,,barrier_free_map,沖縄県バリアフリーマップ,http://okinawa-bf-map.jp/facility-info/detail?facility_id=1030,2022-12-08,1030,トイレ出入口形状=スライド,特徴･注意点: 施設の貸出し、管理のみ。人的介助等のサービスはイベント主催者が行う。 / 備考: 施設利用料（機材の貸与）について、町外利用者は基本的に有料。 / 備考: 駐車場収容台数100台
47,沖縄県,47313,宜野座村,,リブマックス アムス・カンナリゾートヴィラ,,,904-1304,沖縄県宜野座村字漢那397-1,26.47255049844245,127.96278771691891,http://www.livemax-resort.com/okinawa/canna/,yes,yes,,,,,no,no,no,no,yes,no,,,,,,,,,,,,no,yes,no,,,barrier_free_map,沖縄県バリアフリーマップ,http://okinawa-bf-map.jp/facility-info/detail?facility_id=1033,2018-05-30,1033,緊急通報装置あり / トイレ出入口形状=スライド,備考: ・駐車台数30台。 ・身障者専用駐車場はありませんが、ベルボーイがいつでも対応します。
47,沖縄県,47314,金武町,,金武町役場,,,904-1292,沖縄県金武町1,26.4561373,127.9260114,/,yes,yes,,,,,yes,no,yes,no,no,no,,,,,,,,,,,,no,no,no,,,barrier_free_map,沖縄県バリアフリーマップ,http://okinawa-bf-map.jp/facility-info/detail?facility_id=1034,2023-03-14,1034,緊急通報装置あり / 着替え台あり / トイレ出入口形状=スライド,備考: 担当課によっては、別館となり、身障者にとっては移動が困難 / 備考: 駐車台数30台 屋根は一部あり
47,沖縄県,47313,宜野座村,,宜野座村役場,,,,〒 9004-1329 / 沖縄県宜野座村字宜野座296,26.4816949,127.9756282,http://www.vill.ginoza.okinawa.jp/,no,yes,,,,,no,no,no,no,yes,no,,,,,,,,,,,,no,no,no,,,barrier_free_map,沖縄県バリアフリーマップ,http://okinawa-bf-map.jp/facility-info/detail?facility_id=1038,2018-05-30,1038,緊急通報装置あり / トイレ出入口形状=スライド,備考: 駐車場収容台数40台。
47,沖縄県,47313,宜野座村,,宜野座村文化センター,,,904-1302,沖縄県宜野座村字宜野座314-1,26.4813005,127.9767837,http://www.vill.ginoza.okinawa.jp/facilities/bunka,yes,yes,,,,,no,no,no,no,yes,no,,,,,,,,,,,,no,yes,yes,,,barrier_free_map,沖縄県バリアフリーマップ,http://okinawa-bf-map.jp/facility-info/detail?facility_id=1039,2018-11-29,1039,トイレ出入口形状=スライド,備考: 駐車台数:20
47,沖縄県,47213,うるま市,,ファッションセンターしまむら石川店,,,904-1106,沖縄県うるま市石川1-15-27,26.431717620598054,127.8244807410698,http://www.shimamura.gr.jp/shop/map_detail_0541.html,no,yes,,,,,yes,no,no,no,no,no,,,,,,,,,,,,no,no,no,,,barrier_free_map,沖縄県バリアフリーマップ,http://okinawa-bf-map.jp/facility-info/detail?facility_id=1043,2019-11-21,1043,トイレ出入口形状=スライド,備考: 正式名称 株式会社しまむら ファッションセンターしまむら石川店
47,沖縄県,47213,うるま市,,マックスバリュ石川店,,,904-1106,沖縄県うるま市石川1-16-1,26.4306731,127.8241787,http://www.aeon-ryukyu.jp/store/maxvalu/ishikawa/,yes,yes,,,,,no,no,no,no,yes,no,,,,,,,,,,,,no,yes,no,,,barrier_free_map,沖縄県バリアフリーマップ,http://okinawa-bf-map.jp/facility-info/detail?facility_id=1044,2018-07-11,1044,緊急通報装置あり / 着替え台あり / トイレ出入口形状=スライド,備考: 運営 琉球ジャスコ株式会社 / 備考: 駐車場収容台数 155台
47,沖縄県,47213,うるま市,,具志川市野外レクリエーションセンター,,,904-2205,沖縄県うるま市栄野比1212-1,26.3986345,127.8268822,/,no,yes,,,,,no,no,no,no,no,no,,,,,,,,,,,,no,no,no,,,barrier_free_map,沖縄県バリアフリーマップ,http://okinawa-bf-map.jp/facility-info/detail?facility_id=1045,2018-07-11,1045,緊急通報装置あり / トイレ出入口形状=スライド,備考: 駐車場収容台数 50台
47,沖縄県,47213,うるま市,,上平良川区事務所,,,904-2245,沖縄県うるま市喜屋武371,26.3605695,127.8489174,http://www.city.uruma.lg.jp/tiiki/156/1495/10499/10515,no,no,,,,,no,no,no,no,no,no,,,,,,,,,,,,no,no,no,,,barrier_free_map,沖縄県バリアフリーマップ,http://okinawa-bf-map.jp/facility-info/detail?facility_id=1046,2018-07-12,1046,トイレ出入口形状=引戸,備考: 駐車場収容台数 5台
47,沖縄県,47213,うるま市,,江洲公民館,,,904-2244,沖縄県うるま市江洲14,26.346891767917228,127.8326579498655,http://www.city.uruma.lg.jp/tiiki/156/1495/10499/10519,no,yes,,,,,no,no,no,no,no,no,,,,,,,,,,,,yes,no,no,,,barrier_free_map,沖縄県バリアフリーマップ,http://okinawa-bf-map.jp/facility-info/detail?facility_id=1047,2018-07-13,1047,トイレ出入口形状=スライド,備考: 駐車場収容台数 15台
47,沖縄県,47213,うるま市,,沖縄県立中部病院,,,904-2243,沖縄県うるま市宮里281,26.3541394,127.8355466,http://www.hosp.pref.okinawa.jp/chubu/,yes,yes,,,,,yes,no,no,no,yes,yes,,,,,,,,,,,,no,no,yes,,,barrier_free_map,沖縄県バリアフリーマップ,http://okinawa-bf-map.jp/facility-info/detail?facility_id=1048,2018-07-25,1048,緊急通報装置あり / 着替え台あり / トイレ出入口形状=引戸,特徴･注意点: 駐車料金30分無料。 / 備考: 診療時間 8:30～11:00 / 備考: 駐車場収容台数 554台
47,沖縄県,47213,うるま市,,具志川厚生園,,,904-2202,沖縄県うるま市天願1983,26.3833171,127.8508502,http://www.okinawa-j.jp/gushikawa_kouseien,no,yes,,,,,no,no,yes,no,no,no,,,,,,,,,,,,no,no,no,,,barrier_free_map,沖縄県バリアフリーマップ,http://okinawa-bf-map.jp/facility-info/detail?facility_id=1049,2018-07-30,1049,緊急通報装置あり / トイレ出入口形状=ドア無し,備考: 正式名称 沖縄県社会福祉事業団 特別養護老人ホーム 具志川厚生園 ・バリアフリートイレ設置便座高さ44cm手すり高さ71cm幅69cm 手洗い高さ （上）75cm（下）61cm 手洗い手すり高さ76cm幅68cm ・自動洗浄で便座事に呼び出しボタンがついてる。 / 備考: 駐車場収容台数 30台
47,沖縄県,47213,うるま市,,沖縄銀行石川支店,,,904-1106,沖縄県うるま市石川2丁目24番1号,26.426249594181648,127.8240674506485,http://www.okinawa-bank.co.jp/shop_atm/2014061100881/,no,no,,,,,no,no,no,no,no,no,,,,,,,,,,,,no,no,no,,,barrier_free_map,沖縄県バリアフリーマップ,http://okinawa-bf-map.jp/facility-info/detail?facility_id=1050,2018-07-13,1050,トイレ出入口形状=開き戸,備考: 正式名称 株式会社沖縄銀行石川支店 / 備考: 駐車場収容台数 30台
47,沖縄県,47213,うるま市,,石川警察署,,,904-1101,沖縄県うるま市石川東山本1-1-1,26.4336702,127.8316974,http://www.police.pref.okinawa.jp/docs/2015022800185/,no,no,,,,,no,no,no,no,no,no,,,,,,,,,,,,yes,no,no,,,barrier_free_map,沖縄県バリアフリーマップ,http://okinawa-bf-map.jp/facility-info/detail?facility_id=1051,2018-07-16,1051,トイレ出入口形状=開き戸,備考: 正式名称 沖縄警察石川警察署 / 備考: 老人表示2つあり。 駐車場収容台数 19台
47,沖縄県,47213,うるま市,,緑地東V,,,904-2234,沖縄県うるま市州崎12-4,26.336389090078335,127.85529835588909,/,no,yes,,,,,no,no,no,no,no,no,,,,,,,,,,,,no,no,no,,,barrier_free_map,沖縄県バリアフリーマップ,http://okinawa-bf-map.jp/facility-info/detail?facility_id=1053,2019-12-03,1053,トイレ出入口形状=スライド,備考: 駐車場収容台数 120台
47,沖縄県,47213,うるま市,,津梁公園,,,904-2234,沖縄県うるま市州崎１２−７８,26.340286523252974,127.85583041454163,/,no,yes,,,,,no,no,no,no,yes,no,,,,,,,,,,,,no,no,no,,,barrier_free_map,沖縄県バリアフリーマップ,http://okinawa-bf-map.jp/facility-info/detail?facility_id=1054,2018-07-23,1054,トイレ出入口形状=スライド,備考: 電話番号はうるま市役所の番号 / 備考: 駐車場収容台数 39台
47,沖縄県,47213,うるま市,,P-time石川店,,,904-1106,沖縄県うるま市石川2371-1,26.4347395,127.8278782,http://www.p-world.co.jp/okinawa/ptimeishikawa.htm,no,yes,,,,,yes,no,no,no,no,no,,,,,,,,,,,,no,no,no,,,barrier_free_map,沖縄県バリアフリーマップ,http://okinawa-bf-map.jp/facility-info/detail?facility_id=1055,2018-07-16,1055,緊急通報装置あり / トイレ出入口形状=スライド,備考: 正式名称 株式会社P-time石川店 / 備考: 駐車場収容台数 400台
47,沖縄県,47213,うるま市,,あさと整形クリニック,,,904-1106,沖縄県うるま市石川1-16-4,26.431022,127.8249858,http://byoinnavi.jp/clinic/158549,yes,yes,,,,,yes,no,no,no,yes,no,,,,,,,,,,,,no,no,no,,,barrier_free_map,沖縄県バリアフリーマップ,http://okinawa-bf-map.jp/facility-info/detail?facility_id=1056,2018-07-16,1056,緊急通報装置あり / 着替え台あり / トイレ出入口形状=スライド,備考: 木曜AMのみ 土曜17時まで 臨時休診あり / 備考: 駐車場収容台数 8台
47,沖縄県,47213,うるま市,,いしかわ児童館,,,904-1106,沖縄県うるま市石川2-12-22,26.4285982,127.8226011,http://www.city.uruma.lg.jp/kurashi/119/781/785,yes,yes,,,,,no,no,no,no,yes,no,,,,,,,,,,,,yes,no,yes,,,barrier_free_map,沖縄県バリアフリーマップ,http://okinawa-bf-map.jp/facility-info/detail?facility_id=1057,2018-07-16,1057,緊急通報装置あり / 着替え台あり / トイレ出入口形状=スライド,備考: 正式名称 うるま市役所福祉部児童家庭課 いしかわ児童館・チャレンジ館 / 備考: 駐車場収容台数 10台
47,沖縄県,47213,うるま市,,うるま市IT事業部支援センター,,,904-1103,沖縄県うるま市石川赤崎2-20-1,26.432542514468828,127.8373185570083,http://www.city.uruma.lg.jp/sangyou/147/2162,no,yes,,,,,yes,no,no,no,no,no,,,,,,,,,,,,no,no,yes,,,barrier_free_map,沖縄県バリアフリーマップ,http://okinawa-bf-map.jp/facility-info/detail?facility_id=1058,2018-07-25,1058,緊急通報装置あり / トイレ出入口形状=スライド,備考: 駐車場収容台数 450台
47,沖縄県,47213,うるま市,,よざ耳鼻咽喉科,,,904-1106,沖縄県うるま市石川2381-1,26.4342312,127.8291948,http://byoinnavi.jp/clinic/158550,yes,yes,,,,,yes,no,no,no,no,yes,,,,,,,,,,,,no,no,no,,,barrier_free_map,沖縄県バリアフリーマップ,http://okinawa-bf-map.jp/facility-info/detail?facility_id=1059,2018-07-25,1059,緊急通報装置あり / トイレ出入口形状=スライド,備考: 駐車場収容台数 18台
47,沖縄県,47211,沖縄市,,登川自治会事務所,,,904-2142,沖縄県沖縄市登川3-36-1,26.3709266,127.8242749,/,no,no,,,,,no,no,no,no,no,no,,,,,,,,,,,,yes,no,no,,,barrier_free_map,沖縄県バリアフリーマップ,http://okinawa-bf-map.jp/facility-info/detail?facility_id=1060,2019-03-18,1060,トイレ出入口形状=開き戸,特徴･注意点: 建物が古く車イスでは不可 / 備考: 駐車場収容台数4
47,沖縄県,47213,うるま市,,石川地域活性化センター舞天館,,,904-1106,沖縄県うるま市石川2313-3,26.4361393,127.8267894,http://www.city.uruma.lg.jp/sangyou/147/2053,no,yes,,,,,yes,no,yes,no,no,no,,,,,,,,,,,,no,no,no,,,barrier_free_map,沖縄県バリアフリーマップ,http://okinawa-bf-map.jp/facility-info/detail?facility_id=1061,2018-07-25,1061,緊急通報装置あり / トイレ出入口形状=スライド,備考: 駐車場収容台数 43台
47,沖縄県,47213,うるま市,,うるま市役所福祉部保健課安慶名保育所,,,904-2214,沖縄県うるま市安慶名251,26.3735375,127.8486532,http://www.city.uruma.lg.jp/kurashi/119/801/809/810,no,yes,,,,,no,no,no,no,no,no,,,,,,,,,,,,no,yes,yes,,,barrier_free_map,沖縄県バリアフリーマップ,http://okinawa-bf-map.jp/facility-info/detail?facility_id=1062,2018-07-16,1062,緊急通報装置あり / トイレ出入口形状=スライド,備考: 駐車場収容台数 30台
47,沖縄県,47213,うるま市,,医療法人慶友会 よしクリニック,,,904-1107,沖縄県うるま市石川曙3-2-10,26.4192408,127.8251401,http://byoinnavi.jp/clinic/110139,no,yes,,,,,no,no,no,no,no,no,,,,,,,,,,,,no,no,no,,,barrier_free_map,沖縄県バリアフリーマップ,http://okinawa-bf-map.jp/facility-info/detail?facility_id=1063,2018-07-16,1063,緊急通報装置あり / トイレ出入口形状=スライド,備考: 駐車場収容台数 27台
47,沖縄県,47324,読谷村,,沖縄黒糖,,,904-0301,沖縄県読谷村座喜味2822の3,26.409024,127.7590592,http://www.okinawa-kokuto.co.jp,no,yes,,,,,yes,no,no,yes,no,no,,,,,,,,,,,,no,no,no,,,barrier_free_map,沖縄県バリアフリーマップ,http://okinawa-bf-map.jp/facility-info/detail?facility_id=1064,2023-12-01,1064,トイレ出入口形状=引戸,備考: 普通車50台 大型車15台
47,沖縄県,47213,うるま市,,株式会社ふく薬品具志川店,,,904-2244,沖縄県うるま市江洲464-1,26.353806,127.826378,http://www.fukuyakuhin.co.jp/store/%E3%81%B5%E3%81%8F%E8%96%AC%E5%93%81-%E3%81%90%E3%81%97%E3%81%8B%E3%82%8F%E5%BA%97.html,yes,yes,,,,,yes,no,no,no,no,yes,,,,,,,,,,,,no,no,no,,,barrier_free_map,沖縄県バリアフリーマップ,http://okinawa-bf-map.jp/facility-info/detail?facility_id=1066,2018-07-16,1066,緊急通報装置あり / トイレ出入口形状=スライド,備考: 駐車場収容台数 30台
47,沖縄県,47211,沖縄市,,たんぽぽ保育園,,,904-2142,沖縄県沖縄市登川1-33-3,26.3705406,127.8233972,http://okinawatanpopo.hoikuen.to/,yes,yes,,,,,no,no,no,no,no,no,,,,,,,,,,,,no,no,yes,,,barrier_free_map,沖縄県バリアフリーマップ,http://okinawa-bf-map.jp/facility-info/detail?facility_id=1067,2016-06-30,1067,緊急通報装置あり / トイレ出入口形状=スライド,特徴･注意点: 園庭、園内も広く子供たちがのびのびと生活が出来る。 / 備考: 駐車場収容台数50台
47,沖縄県,47327,北中城村,,中村家,,,901-2314,沖縄県北中城村大城106,26.28952713112486,127.80037069259038,http://www.nakamurahouse.jp/,no,no,,,,,no,no,no,no,no,no,,,,,,,,,,,,yes,no,no,,,barrier_free_map,沖縄県バリアフリーマップ,http://okinawa-bf-map.jp/facility-info/detail?facility_id=1068,2021-12-09,1068,トイレ出入口形状=ドア無し,備考: 身体障害者専用駐車場はありませんが、事前連絡すれば駐車スペースを用意します。 駐車場収容台数 30台
47,沖縄県,47327,北中城村,,北中城村役場(第二庁舎）,,,901-2311,沖縄県北中城村喜舎場426-2,26.301162608790438,127.7937504019219,http://www.vill.kitanakagusuku.lg.jp/,yes,yes,,,,,no,no,no,no,yes,yes,,,,,,,,,,,,no,no,no,,,barrier_free_map,沖縄県バリアフリーマップ,http://okinawa-bf-map.jp/facility-info/detail?facility_id=1069,2018-11-12,1069,着替え台あり / トイレ出入口形状=スライド,特徴･注意点: 第一庁舎にはベビーチェア・ベビーシートはありますが、第二庁舎にはありません。 / 備考: 駐車場収容台数 35台
47,沖縄県,47211,沖縄市,,医療法人一灯の会 沖縄中央病院,,,904-2143,沖縄県沖縄市知花5-26-1,26.3651629,127.8106763,http://oc-hospital.com/,yes,yes,,,,,no,no,no,no,no,no,,,,,,,,,,,,no,no,no,,,barrier_free_map,沖縄県バリアフリーマップ,http://okinawa-bf-map.jp/facility-info/detail?facility_id=1070,2023-11-07,1070,緊急通報装置あり / トイレ出入口形状=スライド,
47,沖縄県,47327,北中城村,,北中城若松病院,,,901-2314,沖縄県北中城村大城311,26.2882945,127.8003212,http://www.agape-wakamatsu.or.jp,no,yes,,,,,no,no,no,no,no,no,,,,,,,,,,,,no,no,no,,,barrier_free_map,沖縄県バリアフリーマップ,http://okinawa-bf-map.jp/facility-info/detail?facility_id=1072,2018-11-12,1072,緊急通報装置あり / トイレ出入口形状=引戸,特徴･注意点: 言語聴覚室あり。病棟入口2階にあり（入口のドアは「押してください」のマーク）。 / 備考: 駐車場収容台数 43台
47,沖縄県,47205,宜野湾市,,ラウンドワンスタジアム 沖縄・宜野湾店 (スポッチャ),,,901-2224,沖縄県宜野湾市真志喜3-28-8,26.276052025257503,127.73075807235261,http://www.round1.co.jp/shop/tenpo/okinawa-ginowan.html,yes,yes,,,,,yes,no,yes,no,no,yes,,,,,,,,,,,,no,yes,no,,,barrier_free_map,沖縄県バリアフリーマップ,http://okinawa-bf-map.jp/facility-info/detail?facility_id=1073,2020-05-08,1073,緊急通報装置あり / トイレ出入口形状=スライド,備考: 立体駐車場もあり。 一般駐車場500台
47,沖縄県,47327,北中城村,,島袋公民館,,,901-2301,沖縄県北中城村島袋102,26.320490087279044,127.79973349391787,http://simabuku.p2.weblife.me/index.html,no,yes,,,,,no,no,no,no,no,no,,,,,,,,,,,,yes,no,no,,,barrier_free_map,沖縄県バリアフリーマップ,http://okinawa-bf-map.jp/facility-info/detail?facility_id=1074,2018-01-23,1074,トイレ出入口形状=引戸,備考: 駐車場収容台数 15台 / トイレ備考: トイレ入口段差10cmあり。
47,沖縄県,47327,北中城村,,渡口公民館,,,901-2302,沖縄県北中城村渡口55,26.3018574,127.8095394,/,no,yes,,,,,yes,no,no,no,no,no,,,,,,,,,,,,no,no,no,,,barrier_free_map,沖縄県バリアフリーマップ,http://okinawa-bf-map.jp/facility-info/detail?facility_id=1075,2021-12-13,1075,緊急通報装置あり / トイレ出入口形状=開き戸,特徴･注意点: 非常勤務のため、電話も無し。 連絡先は名幸まで（090-3795-3977） / 備考: 駐車場収容台数 4台
47,沖縄県,47311,恩納村,,沖縄かりゆしビーチリゾートオーシャンスパ,,,904-0401,沖縄県恩納村名嘉真ヤーシ原2591-1,26.5232023297725,127.92357394033066,http://kariyushi-oceanspa.jp/,yes,no,,,,,yes,no,no,no,no,yes,,,,,,,,,,,,yes,yes,no,,,barrier_free_map,沖縄県バリアフリーマップ,http://okinawa-bf-map.jp/facility-info/detail?facility_id=1078,2019-01-08,1078,トイレ出入口形状=スライド,備考: オーシャンタワーの用途階数 ７階 / 備考: 駐車台数500台 / トイレ備考: 出入り口段差2cm
47,沖縄県,47201,那覇市,,新都心公園 多目的広場,,,900-0006,沖縄県那覇市おもろまち3-2,26.229447,127.6950459,/,yes,yes,,,,,no,no,no,no,no,no,,,,,,,,,,,,,no,no,,,barrier_free_map,沖縄県バリアフリーマップ,http://okinawa-bf-map.jp/facility-info/detail?facility_id=1079,2020-05-06,1079,トイレ出入口形状=引戸,特徴･注意点: 点字の案内板はないが、各ポイントに点字ブロックが足元に設置されている。 トイレは公園内に3ヶ所設置されており、どの場所からも利用しやすい距離にある。 / 備考: 098-951-3239（公園管理室）
47,沖縄県,47311,恩納村,,安住の郷知的障害者授産施設,,,904-0402,沖縄県恩納村安富祖771-4,26.497629041921336,127.88292264973754,/,no,yes,,,,,no,no,no,no,no,no,,,,,,,,,,,,no,no,no,,,barrier_free_map,沖縄県バリアフリーマップ,http://okinawa-bf-map.jp/facility-info/detail?facility_id=1080,2018-07-03,1080,緊急通報装置あり / トイレ出入口形状=開き戸,備考: 駐車台数5台 / トイレ備考: 出入口形状スライド
47,沖縄県,47311,恩納村,,安富祖幼稚園,,,904-0402,沖縄県恩納村安富祖1873,26.51283564092782,127.89945613862304,/,no,no,,,,,no,no,no,yes,no,no,,,,,,,,,,,,yes,no,no,,,barrier_free_map,沖縄県バリアフリーマップ,http://okinawa-bf-map.jp/facility-info/detail?facility_id=1081,2018-07-03,1081,トイレ出入口形状=開き戸,備考: 駐車場収容台数10台。
47,沖縄県,47211,沖縄市,,プラザハウスショッピングセンター,,,904-0023,沖縄県沖縄市久保田3-1-12,26.3197637,127.7940153,http://plazahouse.net/,yes,yes,,,,,no,no,no,no,yes,no,,,,,,,,,,,,no,yes,yes,,,barrier_free_map,沖縄県バリアフリーマップ,http://okinawa-bf-map.jp/facility-info/detail?facility_id=1082,2024-05-15,1082,トイレ出入口形状=スライド,特徴･注意点: インターネット使用するための無線LAN有り / 備考: レストラン街は各店舗で営業時間が異なります / 備考: 地下駐車場もあり
47,沖縄県,47201,那覇市,,ホテルルートイン那覇前島,,,900-0016,沖縄県那覇市前島2-12-5,26.2220253,127.6837335,http://www.route-inn.co.jp,no,yes,,,,,yes,no,no,no,yes,no,,,,,,,,,,,,,yes,no,,,barrier_free_map,沖縄県バリアフリーマップ,http://okinawa-bf-map.jp/facility-info/detail?facility_id=1083,2010-05-08,1083,トイレ出入口形状=引戸,特徴･注意点: 車いす対応客室はあるが、洗面台が少し高めで使いにくい。 大浴場が段差も少なく利用しやすい感じである。 / 備考: 駐車場収容台数100台
47,沖縄県,47201,那覇市,,ホテルオランジュール沖縄,,,900-0016,沖縄県那覇市前島3-24-1,26.2231529,127.6836167,http://www.hoteloranjur.com,yes,yes,,,,,yes,no,no,yes,yes,yes,,,,,,,,,,,,no,no,no,,,barrier_free_map,沖縄県バリアフリーマップ,http://okinawa-bf-map.jp/facility-info/detail?facility_id=1084,2010-05-08,1084,緊急通報装置あり / トイレ出入口形状=スライド,備考: 駐車場収容台数100台
47,沖縄県,47325,嘉手納町,,南区コミュニティーセンター,,,904-0203,沖縄県嘉手納町嘉手納489-2,26.3612369,127.7537887,/,yes,yes,,,,,yes,no,no,no,no,yes,,,,,,,,,,,,yes,no,yes,,yes,barrier_free_map,沖縄県バリアフリーマップ,http://okinawa-bf-map.jp/facility-info/detail?facility_id=1090,2023-01-18,1090,緊急通報装置あり / トイレ出入口形状=開き戸,トイレ備考: 1F洋式男性2室（小便器3）女性3室 2F洋式男性（小便器2）女性1室
47,沖縄県,47325,嘉手納町,,嘉手納地区学習等共同施設・児童館,,,904-0204,沖縄県嘉手納町水釜558-1,26.3625839,127.7510416,http://www.town.kadena.okinawa.jp/facility/shi66.html,no,yes,,,,,no,no,no,no,no,no,,,,,,,,,,,,yes,no,yes,,,barrier_free_map,沖縄県バリアフリーマップ,http://okinawa-bf-map.jp/facility-info/detail?facility_id=1091,2018-05-09,1091,トイレ出入口形状=ドア無し,備考: 駐車場収容台数 20台 / トイレ備考: トイレドアはアコーディオンカーテン。
47,沖縄県,47207,石垣市,,伊野田オートキャンプ場,,,907-0241,沖縄県石垣市字桃里伊野田201-1,24.4689516,124.2529952,http://pottering.okinawa/inoda-camp/,no,yes,,,,,no,no,no,no,no,no,,,,,,,,,,,,no,no,no,,,barrier_free_map,沖縄県バリアフリーマップ,http://okinawa-bf-map.jp/facility-info/detail?facility_id=1092,2023-10-23,1092,,備考: 委託管理者：伊野田自治公民館 / 備考: 駐車台数10台 / トイレ備考: 洋式:男性用トイレ3室、女性用トイレ3室 洗面台の高さ71cm
47,沖縄県,47325,嘉手納町,,琉球銀行嘉手納支店,,,904-1122,沖縄県嘉手納町嘉手納463-101,26.3632394,127.7537887,/,no,yes,,,,,yes,no,no,no,no,no,,,,,,,,,,,,no,no,no,,,barrier_free_map,沖縄県バリアフリーマップ,http://okinawa-bf-map.jp/facility-info/detail?facility_id=1094,2010-05-01,1094,緊急通報装置あり / トイレ出入口形状=スライド,特徴･注意点: 情報公開、紹介コメントは本店に確認。 / 備考: 町内駐車場になっており、収容台数 100台以上あり。 身障者用駐車場から店内までの距離はかなりある。
47,沖縄県,47207,石垣市,,玉取崎展望台,,,907-0332,沖縄県石垣市伊原間 / 金武岳,24.4924007,124.2793345,/,no,no,,,,,no,no,no,no,no,no,,,,,,,,,,,,no,no,no,,,barrier_free_map,沖縄県バリアフリーマップ,http://okinawa-bf-map.jp/facility-info/detail?facility_id=1095,2015-09-11,1095,緊急通報装置あり / トイレ出入口形状=スライド,特徴･注意点: 駐車場から展望台までの距離 約150m / 備考: 駐車台数26台 / トイレ備考: 車イス専用トイレ ・入口幅82cm ・手すり高さ72cm ・洗面台の高さ76cm ・便座の高さ45cm ・非常用ボタンの高さ86cm
47,沖縄県,47207,石垣市,,平久保崎灯台,,,907-0331,沖縄県石垣市平久保２３４-５０ / 沖縄県石垣市平久保,24.61117983394144,124.31583691534425,http://www.ishigaki-navi.net/si_hirakubozaki.html,no,yes,,,,,no,no,no,no,no,no,,,,,,,,,,,,,no,no,,,barrier_free_map,沖縄県バリアフリーマップ,http://okinawa-bf-map.jp/facility-info/detail?facility_id=1097,2015-09-11,1097,緊急通報装置あり / トイレ出入口形状=スライド,備考: 駐車台数10台 / トイレ備考: 車イス専用トイレ ・入口幅94cm ・手すり高さ72cm ・便座高さ45cm ・洗面台高さ77cm ・緊急通報ボタン高さ85cm
47,沖縄県,47211,沖縄市,,社会福祉法人 白鳥福祉会 白鳥保育園,,,904-2155,沖縄県沖縄市美原2-15-21,26.3437706,127.8190039,http://www.siratorihoikuen.com/,no,no,,,,,no,no,no,yes,no,no,,,,,,,,,,,,,no,no,,,barrier_free_map,沖縄県バリアフリーマップ,http://okinawa-bf-map.jp/facility-info/detail?facility_id=1099,2019-03-20,1099,トイレ出入口形状=開き戸,特徴･注意点: 室内へ上がる時に段差があるが、簡易スロープを取り付けている。 / 備考: ※土曜日の延長保育はありません / 備考: 駐車場収容台数8台 近所の駐車場8台分を保護者送迎の為借りている。
47,沖縄県,47207,石垣市,,石垣市伊原間保育所,,,907-0332,沖縄県石垣市伊原間20-4,24.5075014,124.2810366,/,no,no,,,,,yes,no,yes,no,no,no,,,,,,,,,,,,no,yes,yes,,,barrier_free_map,沖縄県バリアフリーマップ,http://okinawa-bf-map.jp/facility-info/detail?facility_id=1100,2010-05-01,1100,トイレ出入口形状=ドア無し,備考: 駐車台数10台 / トイレ備考: ・トイレ入口段差1段（4cm）有り。 ・オストメイト有り。 ・大人用1室（洋）、子供用2室（和、洋1室づつ） オストメイト ・高さ50cm ・お湯有り
47,沖縄県,47211,沖縄市,,社会福祉法人 あさひ福祉会 みはら保育園,,,904-2153,沖縄県沖縄市仲原１４−１５,26.34607621247695,127.82858916560667,http://mihara-hoikuen.com/index.html,no,no,,,,,yes,no,no,no,no,no,,,,,,,,,,,,yes,no,no,,,barrier_free_map,沖縄県バリアフリーマップ,http://okinawa-bf-map.jp/facility-info/detail?facility_id=1101,2018-10-22,1101,トイレ出入口形状=スライド,備考: 駐車場収容台数50台
47,沖縄県,47207,石垣市,,大濱信泉記念館,,,907-0004,沖縄県石垣市登野城2-70,24.3360409,124.1597027,http://ohamanobumoto.net/,no,yes,,,,,no,no,no,no,no,no,,,,,,,,,,,,no,no,no,,,barrier_free_map,沖縄県バリアフリーマップ,http://okinawa-bf-map.jp/facility-info/detail?facility_id=1102,2022-03-23,1102,緊急通報装置あり / トイレ出入口形状=スライド,備考: 駐車台数20台 / トイレ備考: 洋式トイレ7室内1室は車いす用・洋式トイレの手すりは車いす専用トイレにあり 車イス専用トイレ ・入口幅83cm ・洗面台高さ75cm ・便座高さ45cm ・便座の手すり高さ72cm ・緊急呼出ボタン高さ92cm 緊急呼出ボタンは使用不可になっている。
47,沖縄県,47325,嘉手納町,,有限会社大城書店 嘉手納店,,,904-0203,沖縄県嘉手納町嘉手納514,26.359825146563225,127.75213838280035,http://oshirobooks.com/,yes,,,,,,,,,no,,,,,,,,,,,,,,,no,no,,,barrier_free_map,沖縄県バリアフリーマップ,http://okinawa-bf-map.jp/facility-info/detail?facility_id=1105,2018-10-11,1105,,備考: 駐車場収容台数1台 / トイレ備考: 店内には来客用トイレはない。 新町1号館の供用トイレは身障者用あり。
47,沖縄県,47207,石垣市,,あじ彩石垣島,,,907-0022,沖縄県石垣市大川554-1,24.3471543,124.1611305,http://www.e-ajisai.jp,no,yes,,,,,no,no,no,no,yes,no,,,,,,,,,,,,,no,no,,,barrier_free_map,沖縄県バリアフリーマップ,http://okinawa-bf-map.jp/facility-info/detail?facility_id=1106,2015-09-11,1106,トイレ出入口形状=スライド,
47,沖縄県,47325,嘉手納町,,沖縄ツーリスト株式会社カデナ支店,,,904-0203,沖縄県嘉手納町290-4,26.36312,127.7552692,http://www.otsinfo.co.jp/inter/,no,yes,,,,,no,no,no,no,no,no,,,,,,,,,,,,,no,no,,,barrier_free_map,沖縄県バリアフリーマップ,http://okinawa-bf-map.jp/facility-info/detail?facility_id=1107,2018-05-10,1107,緊急通報装置あり / トイレ出入口形状=スライド,特徴･注意点: バックヤードであるが店内に身障者が使用できるトイレ有り。 / 備考: 駐車場収容台数100台以上
47,沖縄県,47207,石垣市,,八重山育成園・おもと学園,,,907-0022,沖縄県石垣市大川581,24.3491569,124.1622584,http://www.wakanatsukai.jp/yae.html,yes,yes,,,,,no,no,yes,no,no,no,,,,,,,,,,,,,no,no,,,barrier_free_map,沖縄県バリアフリーマップ,http://okinawa-bf-map.jp/facility-info/detail?facility_id=1108,2019-07-26,1108,トイレ出入口形状=スライド,備考: 同一建物内に八重山育成園とおもと学園があります。 / 備考: 駐車台数25台 / トイレ備考: オストメイト有り。 緊急呼出ボタン無し。 車イス専用トイレ ・入口幅82cm ・便座高さ40cm ・手すり高さ72cm ・オストメイトの高さ73cm
47,沖縄県,47207,石垣市,,セラヴィリゾート泉郷 ホテルベルハーモニー石垣,,,097-0022,沖縄県石垣市大川13-4,24.3394466,124.159044,http://peace-k.jp/bell/,no,yes,,,,,yes,no,no,no,no,no,,,,,,,,,,,,,no,no,,,barrier_free_map,沖縄県バリアフリーマップ,http://okinawa-bf-map.jp/facility-info/detail?facility_id=1109,2022-03-11,1109,緊急通報装置あり / トイレ出入口形状=スライド,トイレ備考: 車イス専用トイレ ・入口幅84cm ・便座高さ46cm ・手すり72cm ・洗面台75cm ・緊急通報ボタン60cm
47,沖縄県,47201,那覇市,,沖縄銀行牧志支店,,,900-0013,沖縄県那覇市牧志1-3-45,26.2166704,127.6875503,http://www.okinawa-bank.co.jp/,no,no,,,,,no,no,no,no,no,no,,,,,,,,,,,,yes,no,no,,,barrier_free_map,沖縄県バリアフリーマップ,http://okinawa-bf-map.jp/facility-info/detail?facility_id=1111,2010-05-01,1111,トイレ出入口形状=開き戸,特徴･注意点: 改装により、職員用トイレをお客様用として利用しているため、段差等身障者に対応した構造になっていない。 / 備考: 有料の契約駐車場と契約している為、台数はわかりません。 / トイレ備考: 入口段差4cm
47,沖縄県,47325,嘉手納町,,松堂忠仁司法書士事務所,,,904-0203,沖縄県嘉手納町290-4 ロータリー2号館 1F,26.36303363650013,127.75558747305104,/,no,yes,,,,,no,no,no,no,no,no,,,,,,,,,,,,,no,no,,,barrier_free_map,沖縄県バリアフリーマップ,http://okinawa-bf-map.jp/facility-info/detail?facility_id=1112,2018-10-12,1112,緊急通報装置あり / トイレ出入口形状=スライド,備考: 駐車場収容台数100台以上
47,沖縄県,47325,嘉手納町,,西浜区コミュニティーセンター,,,904-0204,沖縄県嘉手納町水釜6-5-29,26.3568373,127.742495,http://www.town.kadena.okinawa.jp/facility/shi63.html,no,no,,,,,no,no,no,no,no,no,,,,,,,,,,,,,no,no,,,barrier_free_map,沖縄県バリアフリーマップ,http://okinawa-bf-map.jp/facility-info/detail?facility_id=1114,2023-01-18,1114,トイレ出入口形状=開き戸,特徴･注意点: AEDあり / 備考: 駐車場収容台数5台
47,沖縄県,47325,嘉手納町,,道の駅かでな,,,904-0202,沖縄県嘉手納町屋良1026-3,26.3680787,127.7741373,http://michinoeki-kadena.jp/,yes,yes,,,,,yes,no,yes,no,yes,yes,,,,,,,,,,,,no,no,yes,,,barrier_free_map,沖縄県バリアフリーマップ,http://okinawa-bf-map.jp/facility-info/detail?facility_id=1116,2024-06-04,1116,緊急通報装置あり / 着替え台あり / トイレ出入口形状=スライド,備考: ※台風等の災害時や施設の大きなメンテナンス等が無い限りは基本的に年中無休 クレジェットカードの使用はテナントによって異なります / トイレ備考: 一般トイレ開口幅80cm以上あり
47,沖縄県,47325,嘉手納町,,なかお歯科クリニック,,,904-0204,沖縄県嘉手納町水釜379-12,26.3596869,127.74162,http://www.okisi.org/center/search-dental/search-dental_central/search-dental_kadena/1021,no,yes,,,,,yes,no,no,no,no,no,,,,,,,,,,,,no,no,no,,,barrier_free_map,沖縄県バリアフリーマップ,http://okinawa-bf-map.jp/facility-info/detail?facility_id=1117,2018-10-11,1117,トイレ出入口形状=スライド,特徴･注意点: 一般用トイレと車いす専用トイレが供用になっています。 / 備考: 駐車場収容台数 5台
47,沖縄県,47325,嘉手納町,,西区コミュニティーセンター,,,904-0204,沖縄県嘉手納町水釜121,26.3601758,127.7496029,http://www.town.kadena.okinawa.jp/facility/shi62.html,no,yes,,,,,yes,no,no,no,no,no,,,,,,,,,,,,,no,no,,,barrier_free_map,沖縄県バリアフリーマップ,http://okinawa-bf-map.jp/facility-info/detail?facility_id=1118,2023-01-18,1118,トイレ出入口形状=スライド,特徴･注意点: ・男性用、女性用の車いす用トイレ有り ・AEDあり / 備考: 駐車場収容台数10台
47,沖縄県,47325,嘉手納町,,兼久海浜公園場ソフトボール場（ダックアウト、東屋）,,,904-0205,沖縄県嘉手納町兼久85-25,26.3540959,127.7416617,http://www.kadena-sports.com/facility/softball.html,no,yes,,,,,no,no,no,no,no,no,,,,,,,,,,,,no,no,no,,,barrier_free_map,沖縄県バリアフリーマップ,http://okinawa-bf-map.jp/facility-info/detail?facility_id=1119,2018-05-11,1119,トイレ出入口形状=開き戸,備考: 利用者がいる場合のみ開放しています。 / 備考: 兼久体育館と兼用。 駐車場収容台数 150台 / トイレ備考: 外野席側にトイレがあります。東屋側にはない。 トイレ出入口幅76cm
47,沖縄県,47207,石垣市,,石垣島天文台,,,907-0024,沖縄県石垣市新川1024-1,24.3736091,124.139391,http://www.miz.nao.ac.jp/ishigaki/,yes,yes,,,,,yes,no,no,no,yes,yes,,,,,,,,,,,,,no,no,,,barrier_free_map,沖縄県バリアフリーマップ,http://okinawa-bf-map.jp/facility-info/detail?facility_id=1120,2019-07-25,1120,緊急通報装置あり / トイレ出入口形状=スライド,特徴･注意点: よく老人ホームの方々が利用する。 2階望遠鏡室があり、接眼部の高さを変えられる（最低100cmまで）。 望遠鏡室内には10段以上の段差があるが、電動リフトが設けられているので車イスでの利用も可能。 / 備考: 駐車台数28台 / トイレ備考: 車イス専用トイレ ・緊急呼出ボタン85cm ・洗面台高さ71cm ・入口開口幅86cm ・便座高47cm ・便座手すり高さ72cm ・ベビーチェア有 ・ベビーベッド有
47,沖縄県,47207,石垣市,,有限会社八重泉酒造,,,907-0023,沖縄県石垣市石垣1834,24.3658261,124.1460488,http://www.yaesen.com,no,yes,,,,,yes,no,no,no,no,no,,,,,,,,,,,,,no,no,,,barrier_free_map,沖縄県バリアフリーマップ,http://okinawa-bf-map.jp/facility-info/detail?facility_id=1121,2019-07-26,1121,,備考: 駐車台数100台 / トイレ備考: 車イス専用トイレの出入り口はスライドする回転式のドアになっている。
47,沖縄県,47325,嘉手納町,,嘉手納町兼久体育館,,,904-0205,沖縄県嘉手納町兼久85-23,26.3542931,127.7425061,http://www.town.kadena.okinawa.jp/facility/shi71.html,no,yes,,,,,yes,no,no,no,no,no,,,,,,,,,,,,no,no,no,,,barrier_free_map,沖縄県バリアフリーマップ,http://okinawa-bf-map.jp/facility-info/detail?facility_id=1122,2018-05-11,1122,トイレ出入口形状=スライド,備考: 駐車場収容台数 160台
47,沖縄県,47325,嘉手納町,,兼久海浜公園多目的スタンド,,,904-0205,沖縄県嘉手納町兼久85-25,26.3543431,127.7442588,http://www.town.kadena.okinawa.jp/facility/shi3275.html,yes,yes,,,,,,no,no,no,yes,no,,,,,,,,,,,,no,no,no,,,barrier_free_map,沖縄県バリアフリーマップ,http://okinawa-bf-map.jp/facility-info/detail?facility_id=1123,2018-10-12,1123,トイレ出入口形状=スライド,備考: 利用者がいる場合のみ開放しています。 / 備考: 駐車場収容台数 160台 兼久体育館と兼用 / トイレ備考: 多目的トイレあり。
47,沖縄県,47325,嘉手納町,,嘉手納町町民の家,,,904-0201,沖縄県嘉手納町久得5,26.3726416,127.7710429,http://www.kadena-sports.com/facility/house.html,no,yes,,,,,no,no,no,no,no,no,,,,,,,,,,,,,no,no,,,barrier_free_map,沖縄県バリアフリーマップ,http://okinawa-bf-map.jp/facility-info/detail?facility_id=1124,2018-10-12,1124,トイレ出入口形状=スライド,備考: 駐車場収容台数20台 / トイレ備考: 施設の外にトイレ有り
47,沖縄県,47211,沖縄市,,沖縄市立山内保育所,,,904-0034,沖縄県沖縄市山内1-8-1,26.327822226443843,127.78556738147586,http://www.city.okinawa.okinawa.jp/kodomo/nursery/1486523505/,no,no,,,,,no,no,no,no,no,no,,,,,,,,,,,,yes,no,no,,,barrier_free_map,沖縄県バリアフリーマップ,http://okinawa-bf-map.jp/facility-info/detail?facility_id=1125,2018-10-22,1125,トイレ出入口形状=開き戸,備考: 駐車場収容台数 43台 / トイレ備考: 児童用便座3個あり。 入口段差10cm
47,沖縄県,47325,嘉手納町,,東区コミュニティーセンター,,,904-0202,沖縄県嘉手納町屋良928-1,26.3658838,127.7668073,http://www.town.kadena.okinawa.jp/facility/shi58.html,no,yes,,,,,no,no,no,no,no,no,,,,,,,,,,,,,no,no,,,barrier_free_map,沖縄県バリアフリーマップ,http://okinawa-bf-map.jp/facility-info/detail?facility_id=1126,2023-01-12,1126,トイレ出入口形状=スライド,備考: 駐車場収容台数10台
47,沖縄県,47211,沖縄市,,沖縄市中央公民館,,,904-0006,沖縄県沖縄市八重島1-1-1,26.3435923,127.80065,http://www.city.okinawa.okinawa.jp/about/443,no,yes,,,,,yes,no,no,no,no,no,,,,,,,,,,,,no,no,no,,,barrier_free_map,沖縄県バリアフリーマップ,http://okinawa-bf-map.jp/facility-info/detail?facility_id=1127,2020-05-06,1127,緊急通報装置あり / トイレ出入口形状=引戸,特徴･注意点: 市民会館の駐車場からの車いすでの移動距離が長いです。 / 備考: 問合せ・申込み 土･日･祝日を除く 8:30～17:15 / 備考: 駐車場収容台数 200台以上。公民館前3台 市民会館と兼用
47,沖縄県,47207,石垣市,,石垣島ショッピングプラザ,,,907-0003,沖縄県石垣市平得370-3,24.3394676,124.1789379,http://ishigakijima.co.jp,no,no,,,,,yes,no,no,no,no,no,,,,,,,,,,,,,no,no,,,barrier_free_map,沖縄県バリアフリーマップ,http://okinawa-bf-map.jp/facility-info/detail?facility_id=1128,2015-09-11,1128,トイレ出入口形状=開き戸,特徴･注意点: AEDが設置されています。 / 備考: 駐車台数30台
47,沖縄県,47207,石垣市,,社会福祉法人 藁算福祉会 みやら保育園,,,907-0243,沖縄県石垣市宮良1015-12,24.3586025,124.2170234,http://www.miyara-hoikuen.org/,no,no,,,,,no,no,no,no,no,no,,,,,,,,,,,,,no,yes,,,barrier_free_map,沖縄県バリアフリーマップ,http://okinawa-bf-map.jp/facility-info/detail?facility_id=1129,2016-11-04,1129,トイレ出入口形状=開き戸,備考: 駐車台数8台。 駐車場が斜め、段差有り。
47,沖縄県,47211,沖縄市,,沖縄銀行美里支店,,,904-2153,沖縄県沖縄市２丁目２６−７,26.34705953006141,127.81886338161463,http://www.okinawa-bank.co.jp/shop_atm/2014061101536/,yes,yes,,,,,yes,no,no,no,yes,yes,,,,,,,,,,,,no,no,no,,,barrier_free_map,沖縄県バリアフリーマップ,http://okinawa-bf-map.jp/facility-info/detail?facility_id=1130,2018-10-22,1130,トイレ出入口形状=スライド,備考: 駐車場収容台数 80台 / トイレ備考: 男性用トイレとバリアフリー対応トイレは共用。とても広くキレイです。
47,沖縄県,47207,石垣市,,八重山平和祈念館,,,907-0014,沖縄県石垣市新栄79-3,24.3491866,124.146054,http://www.pref.okinawa.jp/yaeyama-peace-museum/,no,yes,,,,,no,no,no,no,no,yes,,,,,,,,,,,,,no,no,,,barrier_free_map,沖縄県バリアフリーマップ,http://okinawa-bf-map.jp/facility-info/detail?facility_id=1131,2020-05-13,1131,トイレ出入口形状=スライド,備考: 駐車台数15台
47,沖縄県,47211,沖縄市,,沖縄県コザ児童相談所,,,904-2143,沖縄県沖縄市知花6-34-6,26.3650798,127.8193172,http://www.pref.okinawa.jp/site/kodomo/jiso-koza/index.html,no,no,,,,,no,no,no,no,no,no,,,,,,,,,,,,yes,no,no,,,barrier_free_map,沖縄県バリアフリーマップ,http://okinawa-bf-map.jp/facility-info/detail?facility_id=1132,2019-03-18,1132,トイレ出入口形状=スライド,特徴･注意点: 面接室（洋室）にベビーベッドがある。 玄関スロープから敷地内にも点字ブロックがある。 トイレの入口幅が53cmの為、車椅子利用者は使用できない。 情報公開、紹介コメントは県児童相談所による。 / 備考: 駐車場収容台数 30台 / トイレ備考: トイレ出入口段差2cm トイレには低い手洗い機がある。
47,沖縄県,47207,石垣市,,バンナ公園エメラルドの海を見る展望台,,,907-0004,沖縄県石垣市石垣961−15,24.3682533,124.1576847,http://www.okinawastory.jp/spot/20400901,yes,yes,,,,,no,no,no,no,yes,yes,,,,,,,,,,,,,no,no,,,barrier_free_map,沖縄県バリアフリーマップ,http://okinawa-bf-map.jp/facility-info/detail?facility_id=1133,2019-07-26,1133,トイレ出入口形状=スライド,備考: 公園次第の開園時間：09:00～21:00となっておりますが、展望台は石垣市の市道から入ることができるため24H営業時間になっています。 / 備考: 駐車台数 一般車両16台、バス用5台 / トイレ備考: 一般の女子トイレにベビーチェア有り。 一般の男子トイレの小便器に手すり有り。
47,沖縄県,47211,沖縄市,,諸聖徒保育園,,,904-0022,沖縄県沖縄市園田2-36-20,26.325068571133965,127.80069953000464,http://www.syoseito-hoikuen.com/,no,yes,,,,,no,no,no,no,no,no,,,,,,,,,,,,no,no,no,,,barrier_free_map,沖縄県バリアフリーマップ,http://okinawa-bf-map.jp/facility-info/detail?facility_id=1134,2018-10-23,1134,トイレ出入口形状=スライド,備考: 営業時間19:00に延長の場合あり。 / 備考: 駐車場収容台数 5台
47,沖縄県,47325,嘉手納町,,嘉手納町第三保育所,,,904-0204,沖縄県嘉手納町水釜373,26.3579538,127.7425977,http://www.town.kadena.okinawa.jp/facility/shi38.html,no,no,,,,,no,no,no,no,no,no,,,,,,,,,,,,yes,no,no,,,barrier_free_map,沖縄県バリアフリーマップ,http://okinawa-bf-map.jp/facility-info/detail?facility_id=1135,2018-05-11,1135,トイレ出入口形状=開き戸,備考: 駐車場収容台数 40台
47,沖縄県,47211,沖縄市,,諸見里自治会事務所,,,904-0032,沖縄県沖縄市諸見里1-29-15,26.3291711,127.7920707,/,no,no,,,,,no,no,no,no,no,no,,,,,,,,,,,,yes,no,no,,,barrier_free_map,沖縄県バリアフリーマップ,http://okinawa-bf-map.jp/facility-info/detail?facility_id=1136,2019-03-20,1136,トイレ出入口形状=開き戸,特徴･注意点: 身障者用トイレなし、一般トイレのみ（段差あり） / 備考: 駐車場収容台数 25台 / トイレ備考: 入口段差0.7cm
47,沖縄県,47207,石垣市,,沖縄エグゼス石垣島,,,907-0243,沖縄県石垣市宮良923-1,24.3579052,124.2198038,http://kariyushi-ishigaki.jp/,no,no,,,,,yes,no,no,no,no,no,,,,,,,,,,,,,yes,no,,,barrier_free_map,沖縄県バリアフリーマップ,http://okinawa-bf-map.jp/facility-info/detail?facility_id=1137,2023-11-06,1137,トイレ出入口形状=開き戸,備考: 駐車台数80台 / トイレ備考: 車イス専用トイレ無し
47,沖縄県,47211,沖縄市,,越来自治会事務所,,,904-0001,沖縄県沖縄市越来2-18-1,26.34405196641961,127.81014344707451,/,yes,yes,,,,,yes,no,no,no,yes,yes,,,,,,,,,,,,yes,no,no,,,barrier_free_map,沖縄県バリアフリーマップ,http://okinawa-bf-map.jp/facility-info/detail?facility_id=1138,2023-11-21,1138,トイレ出入口形状=開き戸,トイレ備考: 一般トイレ開口幅80cm以上あり
47,沖縄県,47207,石垣市,,石垣市新川保育園,,,907-0014,沖縄県石垣市新栄町75-30,24.3484549,124.1470979,/,no,no,,,,,no,no,no,no,no,no,,,,,,,,,,,,yes,no,no,,,barrier_free_map,沖縄県バリアフリーマップ,http://okinawa-bf-map.jp/facility-info/detail?facility_id=1140,2010-05-01,1140,トイレ出入口形状=開き戸,備考: 駐車台数6台 / トイレ備考: 入口段差2箇所有り（10cmと7cm）
47,沖縄県,47207,石垣市,,まつをレディースクリニック,,,907-0002,沖縄県石垣市真栄里233-3,24.3351702,124.1778302,http://byoinnavi.jp/clinic/158527,no,yes,,,,,yes,no,no,no,no,no,,,,,,,,,,,,,no,no,,,barrier_free_map,沖縄県バリアフリーマップ,http://okinawa-bf-map.jp/facility-info/detail?facility_id=1143,2019-07-29,1143,緊急通報装置あり / トイレ出入口形状=スライド,備考: 駐車台数8台
47,沖縄県,47325,嘉手納町,,屋良第二児童公園,,,904-0202,沖縄県嘉手納町屋良936-2,26.3656978,127.7691544,http://www.town.kadena.okinawa.jp/facility/shi44.html,no,yes,,,,,no,no,no,no,no,no,,,,,,,,,,,,no,no,no,,,barrier_free_map,沖縄県バリアフリーマップ,http://okinawa-bf-map.jp/facility-info/detail?facility_id=1145,2018-11-26,1145,トイレ出入口形状=スライド,特徴･注意点: 公園の名前はふれあいパークと表記されている。 / 備考: 098-956-1111（内線333）嘉手納町役場 都市建設課
47,沖縄県,47325,嘉手納町,,嘉手納警察署,,,904-0203,沖縄県嘉手納町嘉手納560,26.3606703,127.7546276,http://www.police.pref.okinawa.jp/docs/2015022800208/,no,no,,,,,no,no,no,no,no,no,,,,,,,,,,,,yes,no,no,,,barrier_free_map,沖縄県バリアフリーマップ,http://okinawa-bf-map.jp/facility-info/detail?facility_id=1147,2018-05-14,1147,トイレ出入口形状=開き戸,特徴･注意点: 身障者設備は車イス専用駐車スペースとスロープのみ 点字ブロック有り / 備考: 駐車場収容台数60台
47,沖縄県,47313,宜野座村,,宜野座村文化センター図書館,,,904-1302,沖縄県宜野座村宜野座314-1,26.4813005,127.9767837,/,yes,yes,,,,,no,no,no,no,yes,no,,,,,,,,,,,,no,yes,yes,,,barrier_free_map,沖縄県バリアフリーマップ,http://okinawa-bf-map.jp/facility-info/detail?facility_id=1148,2010-05-17,1148,トイレ出入口形状=スライド,特徴･注意点: 現在、建物の1階下駄履きのほうに身障者専用駐車場はあるが改装予定。 別に専用駐車場を設ける予定です。 / 備考: 駐車場収容台数 20台
47,沖縄県,47325,嘉手納町,,嘉手納スポーツドーム,,,904-0202,沖縄県嘉手納町字屋良８７５,26.37420585336745,127.77030519070502,http://www.town.kadena.okinawa.jp/facility/shi69.html,no,yes,,,,,no,no,no,no,no,no,,,,,,,,,,,,no,no,no,,,barrier_free_map,沖縄県バリアフリーマップ,http://okinawa-bf-map.jp/facility-info/detail?facility_id=1150,2018-05-14,1150,緊急通報装置あり / トイレ出入口形状=スライド,備考: 駐車場収容台数128台
47,沖縄県,47325,嘉手納町,,医療法人仁誠会 名嘉病院,,,904-0203,沖縄県嘉手納町嘉手納258,26.3672639,127.7550746,http://byoinnavi.jp/clinic/113959,yes,yes,,,,,no,no,no,no,yes,yes,,,,,,,,,,,,no,no,no,,,barrier_free_map,沖縄県バリアフリーマップ,http://okinawa-bf-map.jp/facility-info/detail?facility_id=1151,2018-05-17,1151,緊急通報装置あり / トイレ出入口形状=スライド,備考: 駐車場収容台数50台
47,沖縄県,47207,石垣市,,石垣皮ふ科,,,907-0003,沖縄県石垣市平得135-5,24.3410457,124.1726326,/,no,yes,,,,,yes,no,no,no,no,no,,,,,,,,,,,,,no,no,,,barrier_free_map,沖縄県バリアフリーマップ,http://okinawa-bf-map.jp/facility-info/detail?facility_id=1152,2010-05-14,1152,緊急通報装置あり / トイレ出入口形状=スライド,備考: 駐車台数10台
47,沖縄県,47313,宜野座村,,宜野座村立博物館,,,904-1302,沖縄県宜野座村宜野座232,26.4828808,127.9727173,http://www.vill.ginoza.okinawa.jp/facilities/museum,no,yes,,,,,yes,no,no,no,no,no,,,,,,,,,,,,no,yes,no,,,barrier_free_map,沖縄県バリアフリーマップ,http://okinawa-bf-map.jp/facility-info/detail?facility_id=1153,2020-05-06,1153,トイレ出入口形状=スライド,特徴･注意点: 資料を守るためにほじょ犬同伴は不可。 / 備考: 駐車場収容台数 100台
47,沖縄県,47325,嘉手納町,,兼久海浜公園,,,904-0205,沖縄県嘉手納町兼久85-25,26.3540959,127.7416617,/,no,yes,,,,,no,no,no,no,no,no,,,,,,,,,,,,no,no,no,,,barrier_free_map,沖縄県バリアフリーマップ,http://okinawa-bf-map.jp/facility-info/detail?facility_id=1154,2019-10-31,1154,トイレ出入口形状=開き戸,特徴･注意点: ソフトボール場奥にプールがあり、その横にトイレあり。 テニスコート側にもう1つある。 / 備考: 098-956-5346（兼久体育館が管理） / 備考: 駐車場収容台数160台
47,沖縄県,47213,うるま市,,スーパーイースペース塩屋,,,904-2235,沖縄県うるま市前原157-2,26.339115210656967,127.84993548964451,http://www.p-world.co.jp/okinawa/e-island.htm,no,yes,,,,,yes,no,no,no,no,no,,,,,,,,,,,,no,no,no,,,barrier_free_map,沖縄県バリアフリーマップ,http://okinawa-bf-map.jp/facility-info/detail?facility_id=1156,2018-07-17,1156,緊急通報装置あり / トイレ出入口形状=スライド,備考: 駐車場収容台数 450台
47,沖縄県,47201,那覇市,,沖縄郵政管理事務所東町郵便局,,,900-0034,沖縄県那覇市東町26-29,26.2133705,127.6740654,/,no,yes,,,,,no,no,no,no,no,no,,,,,,,,,,,,no,no,no,,,barrier_free_map,沖縄県バリアフリーマップ,http://okinawa-bf-map.jp/facility-info/detail?facility_id=1158,2010-05-01,1158,緊急通報装置あり / トイレ出入口形状=スライド,特徴･注意点: 複合ビルの為郵便局独自のトイレ等はない。ビルのパブリックスペースにある / 備考: 駐車場収容台数約20台
47,沖縄県,47205,宜野湾市,,宜野湾警察署,,,901-2224,沖縄県宜野湾市真志喜2-1-3,26.273148732963506,127.74002417097154,http://www.police.pref.okinawa.jp/docs/2015022800178/,no,no,,,,,no,no,no,no,no,no,,,,,,,,,,,,yes,no,no,,,barrier_free_map,沖縄県バリアフリーマップ,http://okinawa-bf-map.jp/facility-info/detail?facility_id=1159,2018-06-04,1159,トイレ出入口形状=開き戸,特徴･注意点: チャイルドシート貸し出しあり。 築30年。 / 備考: 駐車場収容台数 15台 / トイレ備考: 出入り口段差3cm 男子小便器手すりあり。 すぐ流れる汚物入れあり。
47,沖縄県,47205,宜野湾市,,大謝名児童センター,,,901-2225,沖縄県宜野湾市大謝名5-25-2,26.2650481,127.7314191,http://www.city.ginowan.okinawa.jp/pageRedirect.php?url=/2556/2557/2643/2644/1730.html,no,no,,,,,yes,no,no,no,no,no,,,,,,,,,,,,yes,no,no,,,barrier_free_map,沖縄県バリアフリーマップ,http://okinawa-bf-map.jp/facility-info/detail?facility_id=1160,2018-06-04,1160,トイレ出入口形状=開き戸,備考: 駐車場収容台数 15~20台
47,沖縄県,47207,石垣市,,ANAインターコンチネンタル石垣リゾート,,,907-0002,沖縄県石垣市真栄里354-1,24.34047450928832,124.17380973189391,http://www.anaintercontinental-ishigaki.jp/,yes,yes,,,,,yes,no,no,no,yes,no,,,,,,,,,,,,,yes,no,,,barrier_free_map,沖縄県バリアフリーマップ,http://okinawa-bf-map.jp/facility-info/detail?facility_id=1161,2019-01-14,1161,緊急通報装置あり / トイレ出入口形状=スライド,備考: 駐車台数300台
47,沖縄県,47205,宜野湾市,,嘉数ハイツ地区学習等供用施設（嘉数ハイツ自治会事務所）,,,901-2226,沖縄県宜野湾市嘉数4-24-11,26.259874753268278,127.73025464575892,http://www.city.ginowan.okinawa.jp/cityguide/civicaction/01/kakazuhaitsu.html,no,yes,,,,,yes,no,no,no,no,no,,,,,,,,,,,,no,no,no,,,barrier_free_map,沖縄県バリアフリーマップ,http://okinawa-bf-map.jp/facility-info/detail?facility_id=1162,2018-06-04,1162,緊急通報装置あり / トイレ出入口形状=スライド,備考: 駐車場収容台数 10台 / トイレ備考: 車椅子専用シャワーあり。
47,沖縄県,47201,那覇市,,沖縄ハーバービューホテル,,,900-0021,沖縄県那覇市泉崎2-46,26.2090822,127.6801515,http://oka-hvh.com/index.html,yes,yes,,,,,yes,no,no,no,yes,yes,,,,,,,,,,,,no,yes,no,,,barrier_free_map,沖縄県バリアフリーマップ,http://okinawa-bf-map.jp/facility-info/detail?facility_id=1163,2022-05-03,1163,緊急通報装置あり / トイレ出入口形状=スライド,特徴･注意点: バリアフリールーム1部屋 / 備考: 車いす対応客室あり（ドア：開き戸、部屋の入口：段差なし、部屋の通路：車いす通行可能、バスルーム：入口段差なし・入口幅80cm以上、トイレ：手すりあり・車いすで入れる） / 備考: 駐車料金 1泊宿泊は1000円、レストラン、宴会利用者は無料 / トイレ備考: 手すり68cm、入口90cm、高さ46cm
47,沖縄県,47207,石垣市,,八重山福祉保健所,,,907-0002,沖縄県石垣市真栄里438,24.3403337,124.1872265,http://www.pref.okinawa.jp/site/hoken/hoken-yaeyama/index.html,no,yes,,,,,no,no,yes,no,no,no,,,,,,,,,,,,yes,no,no,,,barrier_free_map,沖縄県バリアフリーマップ,http://okinawa-bf-map.jp/facility-info/detail?facility_id=1164,2019-07-30,1164,トイレ出入口形状=スライド,備考: 駐車台数45台 / トイレ備考: トイレ入口段差5cm
47,沖縄県,47207,石垣市,,石垣島徳洲会病院,,,907-0001,沖縄県石垣市大浜446-1,24.339903,124.1898153,http://www.tokushukai.jp/hsp/ishigakijima/index.html,yes,yes,,,,,yes,no,no,no,yes,no,,,,,,,,,,,,,no,no,,,barrier_free_map,沖縄県バリアフリーマップ,http://okinawa-bf-map.jp/facility-info/detail?facility_id=1165,2010-05-01,1165,緊急通報装置あり / トイレ出入口形状=スライド,備考: 駐車台数 多数
47,沖縄県,47213,うるま市,,サンエー具志川メインシティ,,,904-2244,沖縄県うるま市江洲450-1,26.3527394,127.8257864,http://www.san-a.co.jp/gushikawamaincity/,yes,yes,,,,,yes,no,no,yes,yes,yes,,,,,,,,,,,,no,yes,yes,,,barrier_free_map,沖縄県バリアフリーマップ,http://okinawa-bf-map.jp/facility-info/detail?facility_id=1166,2023-07-18,1166,緊急通報装置あり / トイレ出入口形状=スライド,備考: 運営 株式会社サンエー / 備考: 駐車場収容台数 1500台 / トイレ備考: 男子小便器手すりあり。
47,沖縄県,47201,那覇市,,沖縄銀行石嶺支店,,,903-0804,沖縄県那覇市首里石嶺3-219-1,26.2278071,127.7289297,/,no,no,,,,,no,no,no,no,no,no,,,,,,,,,,,,,no,no,,,barrier_free_map,沖縄県バリアフリーマップ,http://okinawa-bf-map.jp/facility-info/detail?facility_id=1167,2010-05-01,1167,トイレ出入口形状=開き戸,トイレ備考: 入り口は小さく、男女兼用。ドアが内開きの為、車椅子での使用不可。
47,沖縄県,47213,うるま市,,ジャスコ具志川店,,,904-2200,沖縄県うるま市前原303,26.3381996,127.8442463,http://www.aeon-ryukyu.jp/store/aeon/gushikawa/,yes,yes,,,,,no,yes,no,yes,yes,yes,,,,,,,,,,,,no,yes,yes,,,barrier_free_map,沖縄県バリアフリーマップ,http://okinawa-bf-map.jp/facility-info/detail?facility_id=1169,2016-02-09,1169,緊急通報装置あり / 着替え台あり / トイレ出入口形状=スライド,備考: 運営 琉球ジャスコ株式会社 / 備考: 駐車場収容台数 1500台
47,沖縄県,47327,北中城村,,屋宜原病院,,,901-2304,沖縄県北中城村屋宜原722,26.3120921,127.7918518,http://www.shinryokukai.or.jp,no,yes,,,,,no,no,no,no,no,no,,,,,,,,,,,,yes,no,no,,,barrier_free_map,沖縄県バリアフリーマップ,http://okinawa-bf-map.jp/facility-info/detail?facility_id=1170,2018-11-12,1170,緊急通報装置あり / トイレ出入口形状=引戸,備考: 駐車場収容台数 110台
47,沖縄県,47207,石垣市,,八重山鍾乳洞小動物植物園,,,907-0023,沖縄県石垣市石垣1601,24.3630621,124.1541706,/,no,yes,,,,,no,no,no,no,no,no,,,,,,,,,,,,,no,no,,,barrier_free_map,沖縄県バリアフリーマップ,http://okinawa-bf-map.jp/facility-info/detail?facility_id=1171,2015-09-11,1171,トイレ出入口形状=スライド,備考: 駐車台数50台。 少し離れた駐車場に障害者専用が1台分。 / トイレ備考: 整備されていない砂利道の道中にあるため、車イスでの利用は制限がある。
47,沖縄県,47207,石垣市,,沖縄県立石垣少年自然の家,,,907-0024,沖縄県石垣市新川868,24.3688232,124.1435546,http://ishigakiseishounennoie.com/,no,yes,,,,,yes,no,no,no,no,no,,,,,,,,,,,,,no,no,,,barrier_free_map,沖縄県バリアフリーマップ,http://okinawa-bf-map.jp/facility-info/detail?facility_id=1172,2019-07-30,1172,トイレ出入口形状=ドア無し,備考: 駐車台数50台 / トイレ備考: 車イス専用トイレのドアはアコーディオンカーテンになっている
47,沖縄県,47329,西原町,,西原町民体育館,,,903-0117,沖縄県西原町翁長956,26.2348823,127.7551325,http://www.town.nishihara.okinawa.jp/facilities/koukyou_tyoumin01.html,no,yes,,,,,no,no,no,no,no,no,,,,,,,,,,,,no,no,no,,,barrier_free_map,沖縄県バリアフリーマップ,http://okinawa-bf-map.jp/facility-info/detail?facility_id=1173,2019-09-16,1173,トイレ出入口形状=スライド,備考: 駐車場収容台数 125台
47,沖縄県,47207,石垣市,,かりゆし病院,,,907-0024,沖縄県石垣市新川2124,24.3613154,124.1414849,http://www.kariyushi-hp.com/,no,yes,,,,,yes,no,no,no,no,no,,,,,,,,,,,,,no,no,,,barrier_free_map,沖縄県バリアフリーマップ,http://okinawa-bf-map.jp/facility-info/detail?facility_id=1174,2019-07-31,1174,緊急通報装置あり / トイレ出入口形状=スライド,備考: 駐車台数50台
47,沖縄県,47329,西原町,,西原町民陸上競技場,,,903-0124,沖縄県西原町呉屋348-2,26.2356156,127.7558074,http://www.town.nishihara.okinawa.jp/facilities/koukyou_tyoumin02.html,no,yes,,,,,no,no,no,no,no,no,,,,,,,,,,,,no,no,no,,,barrier_free_map,沖縄県バリアフリーマップ,http://okinawa-bf-map.jp/facility-info/detail?facility_id=1175,2019-09-16,1175,トイレ出入口形状=スライド,備考: 駐車場収容台数 296台 身障者用駐車場は事務所近くに15台あり。
47,沖縄県,47207,石垣市,,与那覇医院,,,907-0024,沖縄県石垣市新川2287-35,24.3519603,124.1450287,http://www.uima.info/,no,no,,,,,yes,no,no,no,no,no,,,,,,,,,,,,,no,no,,,barrier_free_map,沖縄県バリアフリーマップ,http://okinawa-bf-map.jp/facility-info/detail?facility_id=1176,2019-07-31,1176,緊急通報装置あり / トイレ出入口形状=開き戸,備考: 駐車台数40~50台
47,沖縄県,47329,西原町,,西原町立西原東児童館,,,903-0102,沖縄県西原町嘉手苅57,26.2276192,127.7676543,http://yuiwarabi.net/facilitytype2/%E8%A5%BF%E5%8E%9F%E7%94%BA%E7%AB%8B-%E8%A5%BF%E5%8E%9F%E6%9D%B1%E5%85%90%E7%AB%A5%E9%A4%A8/,no,yes,,,,,no,no,no,no,no,no,,,,,,,,,,,,no,no,no,,,barrier_free_map,沖縄県バリアフリーマップ,http://okinawa-bf-map.jp/facility-info/detail?facility_id=1177,2019-09-17,1177,トイレ出入口形状=スライド,備考: 駐車場収容台数 2台
47,沖縄県,47207,石垣市,,小規模多機能ホーム つむぎの郷,,,907-0001,沖縄県石垣市大浜1349番地77,24.358743785822774,124.20605837628231,/,no,yes,,,,,yes,no,no,no,no,no,,,,,,,,,,,,,no,no,,,barrier_free_map,沖縄県バリアフリーマップ,http://okinawa-bf-map.jp/facility-info/detail?facility_id=1179,2019-07-31,1179,緊急通報装置あり / トイレ出入口形状=スライド,備考: 駐車台数約30台 出入口付近は屋根有り
47,沖縄県,47329,西原町,,SAKU整形クリニック,,,903-0118,沖縄県西原町小波津3-5,26.2268441,127.7551219,/,no,yes,,,,,yes,no,no,no,yes,yes,,,,,,,,,,,,no,no,no,,,barrier_free_map,沖縄県バリアフリーマップ,http://okinawa-bf-map.jp/facility-info/detail?facility_id=1180,2019-09-17,1180,緊急通報装置あり / トイレ出入口形状=スライド,備考: 駐車場収容台数20台。 / トイレ備考: 男子小便器手すりあり。
47,沖縄県,47207,石垣市,,石垣市老人福祉センター,,,907-0002,沖縄県石垣市真栄里402,24.3422973,124.1892904,/,no,yes,,,,,no,no,no,no,no,no,,,,,,,,,,,,yes,no,no,,,barrier_free_map,沖縄県バリアフリーマップ,http://okinawa-bf-map.jp/facility-info/detail?facility_id=1181,2010-05-01,1181,緊急通報装置あり / トイレ出入口形状=スライド,備考: 管理事務所 名称:社団法人石垣市シルバー人材センター 電話:0980-83-8439 / 備考: 駐車台数40台 / トイレ備考: 一般トイレの入口に7cmの段差あり。 車イス専用トイレは2箇所有り。 うち1箇所は、ドアがアコーディオンカーテンになっている。
47,沖縄県,47329,西原町,,沖縄キリスト教学院大学,,,903-0207,沖縄県西原町翁長777,26.2383348,127.756535,/,yes,yes,,,,,yes,no,no,no,yes,no,,,,,,,,,,,,no,no,no,,,barrier_free_map,沖縄県バリアフリーマップ,http://okinawa-bf-map.jp/facility-info/detail?facility_id=1182,2010-05-01,1182,緊急通報装置あり / トイレ出入口形状=スライド,備考: 駐車場収容台数 450台 駐車場から本館までは横断してからスロープあり。 駐車場からシャローム会館はすぐ隣にある。 / トイレ備考: 男子小便器あり。
47,沖縄県,47207,石垣市,,沖縄県八重山合同庁舎,,,907-0002,沖縄県石垣市真栄里438-1,24.340299,124.187861,http://www.pref.okinawa.jp/site/somu/yaeyama/shinko/kannkeikiiann.html,no,yes,,,,,yes,no,no,no,no,no,,,,,,,,,,,,,no,no,,,barrier_free_map,沖縄県バリアフリーマップ,http://okinawa-bf-map.jp/facility-info/detail?facility_id=1183,2019-07-31,1183,トイレ出入口形状=スライド,備考: 駐車台数146台 / トイレ備考: 男性用トイレの小便器に手すり有り
47,沖縄県,47207,石垣市,,マックスバリュやいま店,,,907-0002,沖縄県石垣市真栄里292-1,24.3364258,124.1811603,http://www.aeonretail.jp,yes,yes,,,,,no,no,no,no,yes,no,,,,,,,,,,,,,yes,no,,,barrier_free_map,沖縄県バリアフリーマップ,http://okinawa-bf-map.jp/facility-info/detail?facility_id=1184,2015-09-11,1184,緊急通報装置あり / トイレ出入口形状=スライド,備考: 運営 琉球ジャスコ株式会社 / 備考: 駐車台数100台以上 / トイレ備考: トイレは店外に有ります。 男子用トイレ小便器に手すり有り。 児童用小便器有り。
47,沖縄県,47329,西原町,,沖縄県立埋蔵文化財センター,,,903-0125,沖縄県西原町上原193-7,26.2434258,127.759604,/,no,yes,,,,,no,no,no,no,no,no,,,,,,,,,,,,no,no,no,,,barrier_free_map,沖縄県バリアフリーマップ,http://okinawa-bf-map.jp/facility-info/detail?facility_id=1185,2020-04-10,1185,緊急通報装置あり / トイレ出入口形状=スライド,備考: 駐車場収容台数 25台
47,沖縄県,47207,石垣市,,にいむら内科胃腸科クリニック,,,907-0002,沖縄県石垣市真栄里243-1,24.3348396,124.1786358,/,yes,yes,,,,,yes,no,no,no,yes,no,,,,,,,,,,,,,no,no,,,barrier_free_map,沖縄県バリアフリーマップ,http://okinawa-bf-map.jp/facility-info/detail?facility_id=1186,2010-05-01,1186,緊急通報装置あり / トイレ出入口形状=スライド,備考: 駐車台数20台
47,沖縄県,47329,西原町,,サンエー西原シティ,,,903-0102,沖縄県西原町嘉手苅130,26.2243476,127.76473620000002,http://www.san-a.co.jp/nishiharacity/,yes,yes,,,,,no,no,no,no,yes,yes,,,,,,,,,,,,no,yes,yes,,,barrier_free_map,沖縄県バリアフリーマップ,http://okinawa-bf-map.jp/facility-info/detail?facility_id=1187,2023-07-18,1187,緊急通報装置あり / 着替え台あり / トイレ出入口形状=スライド,備考: 運営 株式会社サンエー / 備考: 駐車場収容台数 1800台 身障者用駐車場1階に4台。3階から5階に16台。
47,沖縄県,47329,西原町,,幸地クリニック,,,903-0116,沖縄県西原町幸地973,26.2271602,127.7357236,/,no,yes,,,,,no,no,no,no,no,no,,,,,,,,,,,,no,no,no,,,barrier_free_map,沖縄県バリアフリーマップ,http://okinawa-bf-map.jp/facility-info/detail?facility_id=1188,2010-05-01,1188,緊急通報装置あり / トイレ出入口形状=スライド,備考: 駐車場収容台数 30台
47,沖縄県,47329,西原町,,上原高台公園,,,903-0125,沖縄県西原町上原1丁目20番地4,26.241385161817412,127.76288686508175,http://www.town.nishihara.okinawa.jp/park/kouen-02.html,no,yes,,,,,no,no,no,no,no,no,,,,,,,,,,,,yes,no,no,,,barrier_free_map,沖縄県バリアフリーマップ,http://okinawa-bf-map.jp/facility-info/detail?facility_id=1189,2017-12-27,1189,トイレ出入口形状=スライド,備考: 駐車場収容台数 10台 / トイレ備考: 出入口段差2cm
47,沖縄県,47207,石垣市,,石垣市立八重山博物館,,,907-0004,沖縄県石垣市登野城4-1,24.3380689,124.1595662,http://www.city.ishigaki.okinawa.jp/400000/410000/410500/top.html,no,no,,,,,no,no,no,no,no,no,,,,,,,,,,,,,no,no,,,barrier_free_map,沖縄県バリアフリーマップ,http://okinawa-bf-map.jp/facility-info/detail?facility_id=1190,2020-05-05,1190,トイレ出入口形状=開き戸,特徴･注意点: 車イスでのトイレの利用は難しいです。 / 備考: 駐車台数6台
47,沖縄県,47201,那覇市,,沖縄銀行 大道支店,,,902-0067,沖縄県那覇市安里388-5,26.2170818,127.6968079,http://www.okinawa-bank.co.jp/,yes,yes,,,,,no,yes,yes,no,yes,no,,,,,,,,,,,,no,no,no,,,barrier_free_map,沖縄県バリアフリーマップ,http://okinawa-bf-map.jp/facility-info/detail?facility_id=1191,2016-12-20,1191,トイレ出入口形状=スライド,備考: 駐車場収容台数30台 駐車料金は基本的20分無料、延長カードを窓口にて渡す。 / トイレ備考: トイレは駐車場からスロープで移動し直接行ける。 洗面台の高さ75cm、トイレ入口81cm（戸は内開き）便座高さ39cm、幅24cm
47,沖縄県,47311,恩納村,,恩納村総合保健福祉センター,,,904-0411,沖縄県恩納村恩納6302,26.48783301048808,127.84707294285272,http://www.onna-culture.jp/cultural-information-center/,yes,yes,,,,,no,no,yes,no,yes,yes,,,,,,,,,,,,no,no,yes,,no,barrier_free_map,沖縄県バリアフリーマップ,http://okinawa-bf-map.jp/facility-info/detail?facility_id=1192,2024-03-15,1192,緊急通報装置あり / 着替え台あり / トイレ出入口形状=スライド,備考: 駐車場収容台数20台
47,沖縄県,47311,恩納村,,恩納村立赤間運動場,,,904-0411,沖縄県恩納村恩納7441,26.470672418565872,127.84265435662235,http://akama-onna.okinawa.jp/shisetsu/shisetsu4,no,yes,,,,,no,no,no,no,no,no,,,,,,,,,,,,no,no,yes,,,barrier_free_map,沖縄県バリアフリーマップ,http://okinawa-bf-map.jp/facility-info/detail?facility_id=1193,2018-12-19,1193,トイレ出入口形状=スライド,備考: 駐車場収容台数200台
47,沖縄県,47211,沖縄市,,沖縄市立胡屋あけぼの保育所,,,904-0021,沖縄県沖縄市胡屋5-16-1,26.329827628893106,127.80676417116389,http://www.city.okinawa.okinawa.jp/kodomo/nursery/1486518448/,no,yes,,,,,no,no,no,no,no,no,,,,,,,,,,,,no,no,no,,,barrier_free_map,沖縄県バリアフリーマップ,http://okinawa-bf-map.jp/facility-info/detail?facility_id=1195,2010-05-01,1195,トイレ出入口形状=スライド,備考: 駐車場なし / トイレ備考: 手すり高さ78cm
47,沖縄県,47311,恩納村,,恩納村役場 総務課,,,904-0492,沖縄県恩納村恩納2451,26.497297565378002,127.85345028095094,http://www.vill.onna.okinawa.jp/,yes,yes,,,,,no,no,no,no,yes,no,,,,,,,,,,,,no,no,no,,,barrier_free_map,沖縄県バリアフリーマップ,http://okinawa-bf-map.jp/facility-info/detail?facility_id=1196,2018-12-19,1196,緊急通報装置あり / 着替え台あり / トイレ出入口形状=スライド,備考: 駐車場収容台数100台
47,沖縄県,47211,沖縄市,,クラウンホテル,,,904-0031,沖縄県沖縄市上地4-1-51,26.3366872,127.7958646,http://crownhotel.jp/,no,no,,,,,no,no,no,no,yes,no,,,,,,,,,,,,no,no,no,,,barrier_free_map,沖縄県バリアフリーマップ,http://okinawa-bf-map.jp/facility-info/detail?facility_id=1197,2018-10-24,1197,トイレ出入口形状=開き戸,備考: 駐車台数20台
47,沖縄県,47311,恩納村,,恩納村文化情報センター,,,904-0415,沖縄県恩納村仲泊1656-8,26.437066381916715,127.79343970185244,http://www.onna-culture.jp/museum/,no,yes,,,,,no,no,no,no,yes,no,,,,,,,,,,,,yes,no,no,,,barrier_free_map,沖縄県バリアフリーマップ,http://okinawa-bf-map.jp/facility-info/detail?facility_id=1198,2020-05-13,1198,緊急通報装置あり / トイレ出入口形状=スライド,備考: 駐車場収容台数5台
47,沖縄県,47211,沖縄市,,リビング・デザイン・スクエア・アワセ,,,904-2174,沖縄県沖縄市与儀３丁目２０−１,26.309177785402607,127.81313018755804,http://square-awase.jp/,yes,yes,,,,,yes,no,yes,yes,yes,yes,,,,,,,,,,,,no,yes,yes,,,barrier_free_map,沖縄県バリアフリーマップ,http://okinawa-bf-map.jp/facility-info/detail?facility_id=1199,2018-10-24,1199,緊急通報装置あり / トイレ出入口形状=スライド,備考: 098-930-7272 (経理部に繋がります。) / 備考: 駐車台数:600台 地下駐車場あり
47,沖縄県,47311,恩納村,,恩納村コミュニティーセンター,,,904-0411,沖縄県恩納村恩納419-3,26.4997855,127.8576569,http://www.vill.onna.okinawa.jp/about/facility/1484729897/,no,yes,,,,,no,no,no,no,no,no,,,,,,,,,,,,no,no,no,,,barrier_free_map,沖縄県バリアフリーマップ,http://okinawa-bf-map.jp/facility-info/detail?facility_id=1200,2020-05-13,1200,トイレ出入口形状=スライド,備考: 駐車場収容台数500台
47,沖縄県,47211,沖縄市,,医療法人卯の会新垣病院,,,904-0012,沖縄県沖縄市安慶田4-10-3,26.3289106,127.8108162,http://www.unokai.or.jp,no,yes,,,,,yes,no,yes,yes,no,no,,,,,,,,,,,,no,no,yes,,,barrier_free_map,沖縄県バリアフリーマップ,http://okinawa-bf-map.jp/facility-info/detail?facility_id=1201,2023-09-28,1201,緊急通報装置あり / トイレ出入口形状=引戸,トイレ備考: 出入口スライド 簡易オストメイト
47,沖縄県,47362,八重瀬町,,東風平運動公園ソフトボール場,,,901-0413,八重瀬町字志多伯４４０番地,26.1519722,127.7121381,/,no,yes,,,,,no,no,no,no,no,no,,,,,,,,,,,,no,no,no,,,barrier_free_map,沖縄県バリアフリーマップ,http://okinawa-bf-map.jp/facility-info/detail?facility_id=1202,2019-10-31,1202,トイレ出入口形状=スライド,特徴･注意点: 身障者トイレは使用禁止状態 駐車場からソフトボール場への移動は道路を横切る / 備考: 連絡先098-998-2140(八重瀬町役場保健体育課) 施設使用料については、有料。 / 備考: 駐車場収容台数300台
47,沖縄県,47211,沖縄市,,沖縄市あげだ児童館,,,904-0012,沖縄県沖縄市安慶田2-17-10 2F,26.3361378,127.8134991,http://www.city.okinawa.okinawa.jp/about/130/471,no,no,,,,,no,no,no,no,no,no,,,,,,,,,,,,no,no,no,,,barrier_free_map,沖縄県バリアフリーマップ,http://okinawa-bf-map.jp/facility-info/detail?facility_id=1203,2018-10-24,1203,トイレ出入口形状=スライド,備考: 場所は沖縄市立安慶田保育所2Fです。 / 備考: 駐車台数2~3台
47,沖縄県,47362,八重瀬町,,東風平運動公園野球場,,,901-0401,沖縄県八重瀬町字東風平1058,26.15271499133525,127.71298924973757,http://www.town.yaese.okinawa.jp/yaese/public_html/facility_lst.php,no,yes,,,,,no,no,no,no,no,no,,,,,,,,,,,,no,no,no,,,barrier_free_map,沖縄県バリアフリーマップ,http://okinawa-bf-map.jp/facility-info/detail?facility_id=1204,2018-01-19,1204,トイレ出入口形状=スライド,備考: 連絡先098-998-2140（八重瀬町役場保健体育課） / 備考: 駐車場収容台数300台
47,沖縄県,47211,沖縄市,,沖縄市安慶田保育所,,,904-0012,沖縄県沖縄市安慶田2-17-10,26.336015205423717,127.81400335529476,http://www.city.okinawa.okinawa.jp/kodomo/nursery/1486446045/,no,yes,,,,,no,no,no,no,no,no,,,,,,,,,,,,no,no,no,,,barrier_free_map,沖縄県バリアフリーマップ,http://okinawa-bf-map.jp/facility-info/detail?facility_id=1205,2018-10-24,1205,トイレ出入口形状=スライド,備考: 駐車台数5台
47,沖縄県,47211,沖縄市,,泡瀬北デイサービスセンター,,,904-2162,沖縄県沖縄市海邦1-15-10,26.3289362,127.8346835,http://anshinkai.jp/awase_day.html,no,yes,,,,,yes,no,no,no,no,no,,,,,,,,,,,,no,no,no,,,barrier_free_map,沖縄県バリアフリーマップ,http://okinawa-bf-map.jp/facility-info/detail?facility_id=1206,2018-10-24,1206,緊急通報装置あり / トイレ出入口形状=スライド,備考: 駐車台数2台 / トイレ備考: 便座42cm 手すり71cm（通路と小便器のみ） 洗面台77cm
47,沖縄県,47211,沖縄市,,照屋学習等供用施設 （照屋自治会事務所）,,,904-0011,沖縄県沖縄市照屋1-32-34,26.336176995667994,127.8165437730163,/,no,yes,,,,,no,no,no,no,no,no,,,,,,,,,,,,no,no,yes,,,barrier_free_map,沖縄県バリアフリーマップ,http://okinawa-bf-map.jp/facility-info/detail?facility_id=1207,2019-03-20,1207,トイレ出入口形状=スライド,特徴･注意点: 正面入り口は階段があり、車いすのでの入場は不可。 公園側からの入場は可。 / 備考: 駐車台数12台
47,沖縄県,47211,沖縄市,,沖縄市弓道場,,,904-0032,沖縄県沖縄市諸見里2-1-1,26.33280819727057,127.78569594998473,http://kozaspo.jp/budokanmn.html,yes,yes,,,,,yes,no,no,no,yes,yes,,,,,,,,,,,,no,no,no,,,barrier_free_map,沖縄県バリアフリーマップ,http://okinawa-bf-map.jp/facility-info/detail?facility_id=1209,2018-10-25,1209,緊急通報装置あり / 着替え台あり / トイレ出入口形状=スライド,備考: 駐車台数40台 / トイレ備考: 男子洋式2 和式1 手すりあり
47,沖縄県,47211,沖縄市,,コザ運動公園 武道館,,,904-0032,沖縄県沖縄市諸見里2-1-1,26.3329957,127.7877237,http://kozaspo.jp/budokanmn.html,yes,yes,,,,,yes,no,no,no,yes,yes,,,,,,,,,,,,no,no,no,,,barrier_free_map,沖縄県バリアフリーマップ,http://okinawa-bf-map.jp/facility-info/detail?facility_id=1210,2020-05-07,1210,緊急通報装置あり / 着替え台あり / トイレ出入口形状=スライド,備考: 駐車台数40台 / トイレ備考: 男子洋式2 和式1 手すりあり
47,沖縄県,47211,沖縄市,,コザ運動公園 陸上競技場,,,904-0032,沖縄県沖縄市諸見里2-1-1,26.3329957,127.7877237,http://kozaspo.jp/athleticsstadiummn.html,yes,yes,,,,,yes,no,no,yes,yes,yes,,,,,,,,,,,,no,no,no,,,barrier_free_map,沖縄県バリアフリーマップ,http://okinawa-bf-map.jp/facility-info/detail?facility_id=1211,2020-05-07,1211,緊急通報装置あり / 着替え台あり / トイレ出入口形状=スライド,備考: 駐車台数87台
47,沖縄県,47211,沖縄市,,（福）中元福祉会 光の子保育園,,,904-0032,沖縄県沖縄市諸見里3-27-44,26.324991473998043,127.79041263187719,http://www.sky.hi-ho.ne.jp/itservice/hikarinoko/,no,no,,,,,no,no,no,no,no,no,,,,,,,,,,,,no,no,no,,,barrier_free_map,沖縄県バリアフリーマップ,http://okinawa-bf-map.jp/facility-info/detail?facility_id=1212,2018-10-29,1212,トイレ出入口形状=スライド,備考: 延長 18：30〜19：30 / 備考: 駐車台数23台
47,沖縄県,47362,八重瀬町,,東風平運動公園多目的広場,,,901-0401,沖縄県八重瀬町東風平1139,26.1527669,127.72082049999995,http://www.town.yaese.okinawa.jp/yaese/public_html/facility_lst.php,no,yes,,,,,no,no,no,no,no,no,,,,,,,,,,,,no,no,no,,,barrier_free_map,沖縄県バリアフリーマップ,http://okinawa-bf-map.jp/facility-info/detail?facility_id=1213,2018-01-19,1213,トイレ出入口形状=開き戸,特徴･注意点: 管理施設が併設されていない為、人的介助は不可 / 備考: 連絡先098-998-2140（八重瀬町役場保健体育課) / 備考: 駐車場収容台数50台
47,沖縄県,47211,沖縄市,,沖縄市役所,,,904-0014,沖縄県沖縄市仲宗根26-1,26.33434478459571,127.80861254340823,http://www.city.okinawa.okinawa.jp/,no,yes,,,,,no,no,no,yes,no,no,,,,,,,,,,,,no,yes,yes,,,barrier_free_map,沖縄県バリアフリーマップ,http://okinawa-bf-map.jp/facility-info/detail?facility_id=1214,2018-10-29,1214,緊急通報装置あり / トイレ出入口形状=スライド,備考: 駐車台数166台
47,沖縄県,47211,沖縄市,,はなしろ小児科,,,904-0035,沖縄県沖縄市南桃原3-36-13,26.324389027076435,127.78209764973761,http://www.chubu-ishikai.or.jp/cma_public/search_institution/InstitutionDetail.aspx?InstitutionCd=20,yes,no,,,,,no,no,no,no,yes,yes,,,,,,,,,,,,no,no,yes,,,barrier_free_map,沖縄県バリアフリーマップ,http://okinawa-bf-map.jp/facility-info/detail?facility_id=1215,2018-10-29,1215,緊急通報装置あり / 着替え台あり / トイレ出入口形状=スライド,備考: 駐車台数9台
47,沖縄県,47362,八重瀬町,,八重瀬町中央公民館（東風平農村環境改善センター）,,,901-0401,沖縄県八重瀬町東風平1014,26.15096050375015,127.7136891765823,http://www.town.yaese.lg.jp/docs/2018050700649/,no,yes,,,,,no,no,no,no,no,no,,,,,,,,,,,,no,no,no,,,barrier_free_map,沖縄県バリアフリーマップ,http://okinawa-bf-map.jp/facility-info/detail?facility_id=1216,2019-02-25,1216,トイレ出入口形状=スライド,備考: 駐車場収容台数100台
47,沖縄県,47211,沖縄市,,南桃原学習等供用施設 (南桃原自治会事務所),,,904-0035,沖縄県沖縄市南桃原3-14-1,26.32236389942847,127.78250203439325,http://www.city.okinawa.okinawa.jp/about/4697/11934,no,yes,,,,,no,no,no,no,no,no,,,,,,,,,,,,no,no,no,,,barrier_free_map,沖縄県バリアフリーマップ,http://okinawa-bf-map.jp/facility-info/detail?facility_id=1217,2018-11-02,1217,トイレ出入口形状=スライド,特徴･注意点: 授乳 和室の利用可能 車椅子トイレスライド開口開かず / 備考: 駐車台数10台 / トイレ備考: スライドドアがスライド出来ない
47,沖縄県,47211,沖縄市,,山内コミュニティセンター（山内自治会館）,,,904-0034,沖縄県沖縄市山内3-24-3,26.32871877082723,127.7841743736801,http://www.city.okinawa.okinawa.jp/about/130/4697/12113,no,no,,,,,no,no,no,no,no,no,,,,,,,,,,,,yes,no,no,,,barrier_free_map,沖縄県バリアフリーマップ,http://okinawa-bf-map.jp/facility-info/detail?facility_id=1218,2018-11-02,1218,トイレ出入口形状=ドア無し,特徴･注意点: 図書室あり 健康増進室あり 婦人会室あり 調理講習室2F外階段で車椅子不可 / 備考: 駐車台数20台
47,沖縄県,47362,八重瀬町,,八重瀬町営プール,,,901-0401,沖縄県八重瀬町字東風平1018,26.1510668,127.7132714,http://www.town.yaese.lg.jp/docs/2016050900021/,no,yes,,,,,no,no,no,no,no,no,,,,,,,,,,,,yes,no,no,,,barrier_free_map,沖縄県バリアフリーマップ,http://okinawa-bf-map.jp/facility-info/detail?facility_id=1219,2018-11-09,1219,トイレ出入口形状=ドア無し,特徴･注意点: 施設利用期間は6月~8月 / 備考: 連絡先098-998-2140(八重瀬町役場保健体育課) / 備考: 駐車場収容台数100台 / トイレ備考: 高校総体へ向けて、和式を洋式化の工事予定有り。 車イス専用トイレは現在故障中につき使用禁止。
47,沖縄県,47211,沖縄市,,翔南病院,,,904-0034,沖縄県沖縄市山内3-14-28,26.327065011809847,127.78144606801914,http://www.shonanhospital.com/,yes,yes,,,,,no,no,no,no,yes,no,,,,,,,,,,,,no,no,no,,,barrier_free_map,沖縄県バリアフリーマップ,http://okinawa-bf-map.jp/facility-info/detail?facility_id=1220,2018-11-05,1220,緊急通報装置あり / トイレ出入口形状=スライド,トイレ備考: 施錠場所が高い 離れた場所に汚物いれあるが障害物あり
47,沖縄県,47211,沖縄市,,沖縄県警察安全運転学校中部分校,,,904-0035,沖縄県沖縄市南桃原4-27-22,26.328403157404594,127.78078348294218,/,no,yes,,,,,no,no,no,no,no,no,,,,,,,,,,,,yes,no,no,,,barrier_free_map,沖縄県バリアフリーマップ,http://okinawa-bf-map.jp/facility-info/detail?facility_id=1221,2018-11-05,1221,トイレ出入口形状=スライド,特徴･注意点: エレベーターリフトあり / 備考: 駐車台数23台
47,沖縄県,47211,沖縄市,,Aｰプライス沖縄店,,,904-0034,沖縄県沖縄市山内3‐28ｰ6,26.3285808,127.7815121,http://tcc.to-ho.co.jp/shop/index.html#anc28,no,yes,,,,,yes,no,no,no,no,no,,,,,,,,,,,,no,no,no,,,barrier_free_map,沖縄県バリアフリーマップ,http://okinawa-bf-map.jp/facility-info/detail?facility_id=1222,2024-04-12,1222,緊急通報装置あり / トイレ出入口形状=スライド,備考: 駐車台数40台 / トイレ備考: 一般トイレ開口幅80cm以上あり
47,沖縄県,47211,沖縄市,,沖縄こどもの国 ワンダーミュージアム,,,904-0021,沖縄県沖縄市胡屋5-7-1,26.3279188,127.8035142,http://www.okzm.jp/wonder/,no,yes,,,,,no,no,no,no,no,yes,,,,,,,,,,,,no,yes,no,,,barrier_free_map,沖縄県バリアフリーマップ,http://okinawa-bf-map.jp/facility-info/detail?facility_id=1223,2023-06-21,1223,緊急通報装置あり / トイレ出入口形状=スライド,備考: 駐車台数500台
47,沖縄県,47211,沖縄市,,沖縄県総合運動公園 体育館（メインアリーナ、サブアリーナ、トレーニングルーム）,,,904-2173,沖縄県沖縄市比屋根5-3-1,26.310743039497456,127.8234700217041,http://okinawa-kenso.com/?page_id=205,yes,yes,,,,,no,no,no,no,no,no,,,,,,,,,,,,no,no,no,,,barrier_free_map,沖縄県バリアフリーマップ,http://okinawa-bf-map.jp/facility-info/detail?facility_id=1224,2023-12-05,1224,トイレ出入口形状=スライド,備考: 098-932-5114 (沖縄県総合運動公園) / トイレ備考: 一般トイレ段差あり、開口幅80㎝以上あり
47,沖縄県,47211,沖縄市,,タピック県総ひやごんスタジアム（沖縄県総合運動公園陸上競技場）,,,904-2173,沖縄県沖縄市比屋根5-3-1,26.308703699684503,127.8200143534473,http://okinawa-kenso.com/?page_id=213,yes,yes,,,,,no,no,no,no,no,no,,,,,,,,,,,,no,no,yes,,,barrier_free_map,沖縄県バリアフリーマップ,http://okinawa-bf-map.jp/facility-info/detail?facility_id=1225,2023-11-28,1225,トイレ出入口形状=スライド,トイレ備考: 一般トイレ段差 あり 開口幅80cm以上 あり てすり可動式
47,沖縄県,47211,沖縄市,,沖縄県総合運動公園 水泳プール,,,904-2173,沖縄県沖縄市比屋根5-3-1,26.31148530836891,127.82034822275386,http://okinawa-kenso.com/?page_id=201,yes,yes,,,,,no,no,no,no,no,no,,,,,,,,,,,,no,no,no,,,barrier_free_map,沖縄県バリアフリーマップ,http://okinawa-bf-map.jp/facility-info/detail?facility_id=1226,2023-11-28,1226,トイレ出入口形状=スライド,トイレ備考: 一般トイレ開口幅80cmあり
47,沖縄県,47211,沖縄市,,沖縄県総合運動公園 レクレーションドーム,,,904-2173,沖縄県沖縄市比屋根5-3-1,26.308223262613375,127.82204062698364,http://okinawa-kenso.com/?page_id=171,yes,yes,,,,,no,no,no,no,no,no,,,,,,,,,,,,no,no,no,,no,barrier_free_map,沖縄県バリアフリーマップ,http://okinawa-bf-map.jp/facility-info/detail?facility_id=1227,2023-11-29,1227,緊急通報装置あり / トイレ出入口形状=スライド,
47,沖縄県,47314,金武町,,金武町立武道館,,,904-1201,沖縄県金武町字金武1832,26.449121,127.9262227,/,no,yes,,,,,no,no,no,no,no,no,,,,,,,,,,,,no,no,no,,,barrier_free_map,沖縄県バリアフリーマップ,http://okinawa-bf-map.jp/facility-info/detail?facility_id=1228,2019-10-31,1228,トイレ出入口形状=スライド,備考: 駐車台数50台
47,沖縄県,47314,金武町,,社会福祉法人金武あけぼの会 ハウス虹の里,,,904-1201,沖縄県金武町金武790,26.4548958,127.9307888,/,no,yes,,,,,yes,no,no,no,no,no,,,,,,,,,,,,no,no,no,,,barrier_free_map,沖縄県バリアフリーマップ,http://okinawa-bf-map.jp/facility-info/detail?facility_id=1229,2010-05-19,1229,緊急通報装置あり / トイレ出入口形状=スライド,備考: 駐車台数13台
47,沖縄県,47201,那覇市,,ドコモショップおきえい通り,,,900-0013,沖縄県那覇市牧志1-3-43 1F,26.216919990025914,127.6875734441803,http://www.nttdocomo.co.jp/,no,no,,,,,yes,no,no,no,no,no,,,,,,,,,,,,yes,no,no,,,barrier_free_map,沖縄県バリアフリーマップ,http://okinawa-bf-map.jp/facility-info/detail?facility_id=1230,2017-12-28,1230,トイレ出入口形状=スライド,備考: 契約駐車場。 2時間は駐車料無料。 / トイレ備考: 入口段差4.5cm 身障者専用トイレはなく、女性トイレと兼用になっている。
47,沖縄県,47314,金武町,,金武町総合保健福祉センター,,,904-1201,沖縄県金武町字金武1842,26.448888,127.92754,/,no,yes,,,,,no,no,yes,no,yes,yes,,,,,,,,,,,,yes,no,no,,no,barrier_free_map,沖縄県バリアフリーマップ,http://okinawa-bf-map.jp/facility-info/detail?facility_id=1231,2023-02-21,1231,緊急通報装置あり / トイレ出入口形状=スライド,備考: 駐車台数50台 / トイレ備考: 入口段差0.5cm 洋式手すり６室あり ベビーベッド１カ所あり ベビーチェア３室あり オストメイト１室あり
47,沖縄県,47329,西原町,,西原浄化センター,,,903-0103,沖縄県西原町小那覇875-10,26.2196952,127.7787264,http://www.pref.okinawa.jp/site/doboku/gesuikan/shomu/nishihara.html,no,yes,,,,,no,no,no,no,no,no,,,,,,,,,,,,no,no,no,,,barrier_free_map,沖縄県バリアフリーマップ,http://okinawa-bf-map.jp/facility-info/detail?facility_id=1232,2019-10-02,1232,トイレ出入口形状=スライド,備考: 駐車場収容台数 50台
47,沖縄県,47211,沖縄市,,沖縄市青少年センター,,,904-0031,沖縄県沖縄市上地3-4-5,26.3331045,127.7925491,http://www.city.okinawa.okinawa.jp/organize/1010/1022,no,yes,,,,,no,no,no,no,no,no,,,,,,,,,,,,yes,no,no,,,barrier_free_map,沖縄県バリアフリーマップ,http://okinawa-bf-map.jp/facility-info/detail?facility_id=1234,2024-01-17,1234,緊急通報装置あり / トイレ出入口形状=スライド,備考: 2階の教育研究所と供用。スロープあり。 地下1階駐車場(8台)には屋根があるが雨天時、入口までの移動は濡れます。1階駐車場(40台)は屋外であり、移動は濡れます。 / トイレ備考: トイレ出入口段差2cm 一般トイレ段差あり、一般トイレ開口幅80cm以上あり
47,沖縄県,47314,金武町,,金武町営プール,,,904-1201,沖縄県金武町字金武1830,26.4496544,127.9266337,/,no,yes,,,,,no,no,no,no,no,no,,,,,,,,,,,,no,no,no,,,barrier_free_map,沖縄県バリアフリーマップ,http://okinawa-bf-map.jp/facility-info/detail?facility_id=1235,2023-03-31,1235,緊急通報装置あり / トイレ出入口形状=スライド,備考: 駐車台数20台
47,沖縄県,47314,金武町,,きんクリニック,,,904-1201,沖縄県金武町字金武94,26.4558539,127.9253337,/,no,yes,,,,,yes,no,no,no,no,no,,,,,,,,,,,,no,no,yes,,,barrier_free_map,沖縄県バリアフリーマップ,http://okinawa-bf-map.jp/facility-info/detail?facility_id=1236,2023-01-13,1236,トイレ出入口形状=スライド,備考: 駐車台数30台
47,沖縄県,47325,嘉手納町,,沖縄銀行嘉手納支店,,,904-0203,沖縄県嘉手納町嘉手納290-101,26.363734074077225,127.75545445767214,http://www.okinawa-bank.co.jp/shop_atm/2014061102212/,yes,yes,,,,,yes,no,no,no,yes,yes,,,,,,,,,,,,no,no,no,,,barrier_free_map,沖縄県バリアフリーマップ,http://okinawa-bf-map.jp/facility-info/detail?facility_id=1237,2019-02-18,1237,緊急通報装置あり / トイレ出入口形状=スライド,備考: 町営駐車場を利用。収容台数不明。 / トイレ備考: 小便器手すりあり。
47,沖縄県,47329,西原町,,東崎公園,,,903-0105,沖縄県西原町字東崎5-1,26.2134095,127.7671691,/,yes,yes,,,,,no,no,no,no,no,yes,,,,,,,,,,,,no,no,no,,,barrier_free_map,沖縄県バリアフリーマップ,http://okinawa-bf-map.jp/facility-info/detail?facility_id=1238,2019-10-31,1238,トイレ出入口形状=スライド,備考: 電話番号は管理室の番号です。 / 備考: 駐車台数150台 / トイレ備考: 男女バリアフリートイレあり
47,沖縄県,47329,西原町,,東崎都市緑地（イルカ公園）,,,903-0105,沖縄県西原町東崎15-1,26.2153566,127.7690244,http://www.town.nishihara.okinawa.jp/park/kouen-01.html,yes,yes,,,,,no,no,no,no,no,yes,,,,,,,,,,,,no,no,no,,,barrier_free_map,沖縄県バリアフリーマップ,http://okinawa-bf-map.jp/facility-info/detail?facility_id=1239,2019-10-02,1239,トイレ出入口形状=スライド,トイレ備考: 男女バリアフリートイレあり トイレマークの下に点字あり
47,沖縄県,47325,嘉手納町,,かでな文化センター,,,904-0293,沖縄県嘉手納町沖縄県中頭郡嘉手納字嘉手納588,26.36110863386894,127.75457403780413,http://www.kadenabunkasenter.com/,yes,yes,,,,,yes,no,yes,no,no,no,,,,,,,,,,,,no,no,yes,,,barrier_free_map,沖縄県バリアフリーマップ,http://okinawa-bf-map.jp/facility-info/detail?facility_id=1240,2022-09-20,1240,緊急通報装置あり / トイレ出入口形状=スライド,備考: 催事が入っていない場合の受付対応時間は9：00～17：15 / 備考: 身障者専用駐車場から屋内までの屋根は有り / トイレ備考: 多目的トイレ、オストメイト対応トイレ各１箇所ずつ設置有 一般男子トイレ・女子トイレ共に地階と１階に有 和式 ５室（女子） 洋式 １１室（女子）
47,沖縄県,47329,西原町,,西原町中央公民館,,,903-0111,沖縄県西原町与那城124,26.2214363,127.7575498,http://www.town.nishihara.okinawa.jp/facilities/koukyou_kouminkan.html,no,yes,,,,,yes,no,no,no,no,no,,,,,,,,,,,,no,no,no,,,barrier_free_map,沖縄県バリアフリーマップ,http://okinawa-bf-map.jp/facility-info/detail?facility_id=1241,2020-04-10,1241,トイレ出入口形状=スライド,備考: 駐車台数70台
47,沖縄県,47329,西原町,,クリニックひがし野,,,903-0121,沖縄県西原町内間437-2,26.2342685,127.7692844,/,yes,yes,,,,,yes,no,no,no,yes,yes,,,,,,,,,,,,no,no,no,,,barrier_free_map,沖縄県バリアフリーマップ,http://okinawa-bf-map.jp/facility-info/detail?facility_id=1242,2010-05-01,1242,緊急通報装置あり / トイレ出入口形状=スライド,備考: 駐車台数23台 / トイレ備考: トイレ側廊下にベビーベッド
47,沖縄県,47201,那覇市,,味の店三郎,,,900-0031,沖縄県那覇市若狭1-14-10,26.2200643,127.6742149,/,no,yes,,,,,no,no,no,no,no,no,,,,,,,,,,,,no,no,no,,,barrier_free_map,沖縄県バリアフリーマップ,http://okinawa-bf-map.jp/facility-info/detail?facility_id=1243,2015-09-10,1243,トイレ出入口形状=スライド,備考: 有料駐車場で収容台数は不明。バリアフリー専用駐車場はないが、店の前に止められる。 / トイレ備考: 2階にかなり広い身障者専用トイレあり。エレベーターで行けます。
47,沖縄県,47329,西原町,,介護老人福祉施設 守礼の里,,,903-0101,沖縄県西原町字掛保久346番地,26.2333492,127.7733648,/,no,yes,,,,,yes,no,no,no,no,no,,,,,,,,,,,,no,no,yes,,,barrier_free_map,沖縄県バリアフリーマップ,http://okinawa-bf-map.jp/facility-info/detail?facility_id=1244,2010-05-01,1244,緊急通報装置あり / トイレ出入口形状=スライド,備考: 駐車台数50台
47,沖縄県,47311,恩納村,,なかむらそば,,,904-0404,沖縄県恩納村瀬良垣1669-1,26.5067849,127.8654782,http://www.ii-okinawa.ne.jp/people/menmen/,no,yes,,,,,no,no,no,no,no,no,,,,,,,,,,,,no,no,no,,,barrier_free_map,沖縄県バリアフリーマップ,http://okinawa-bf-map.jp/facility-info/detail?facility_id=1245,2019-03-12,1245,緊急通報装置あり / トイレ出入口形状=スライド,備考: 駐車場収容台数 30台
47,沖縄県,47325,嘉手納町,,ネーブルカデナ,,,,〒 9004-0205 / 沖縄県嘉手納町兼久３７２−２,26.353301082573726,127.74383455952622,/,yes,yes,,,,,no,no,no,no,yes,no,,,,,,,,,,,,no,yes,no,,,barrier_free_map,沖縄県バリアフリーマップ,http://okinawa-bf-map.jp/facility-info/detail?facility_id=1246,2024-05-15,1246,トイレ出入口形状=スライド,備考: 駐車台数800台
47,沖縄県,47362,八重瀬町,,八重瀬町具志頭老人福祉センター（社協支所兼）,,,901-0521,沖縄県八重瀬町具志頭645,26.1214251,127.7405917,/,no,yes,,,,,no,no,no,no,no,no,,,,,,,,,,,,no,no,yes,,,barrier_free_map,沖縄県バリアフリーマップ,http://okinawa-bf-map.jp/facility-info/detail?facility_id=1247,2010-05-01,1247,トイレ出入口形状=スライド,備考: 駐車場収容台数 10台
47,沖縄県,47325,嘉手納町,,北区コミュニティセンター,,,904-0203,沖縄県嘉手納町嘉手納312,26.36522219743222,127.75378671045075,http://www.town.kadena.okinawa.jp/facility/shi60.html,no,no,,,,,no,no,no,no,no,no,,,,,,,,,,,,yes,no,no,,,barrier_free_map,沖縄県バリアフリーマップ,http://okinawa-bf-map.jp/facility-info/detail?facility_id=1248,2018-12-03,1248,トイレ出入口形状=開き戸,特徴･注意点: 昇降機あり / 備考: 駐車台数4台 / トイレ備考: トイレ入口段差5cm
47,沖縄県,47327,北中城村,,仲順公民館,,,901-2303,沖縄県北中城村仲順60,26.3018516,127.7986848,/,no,no,,,,,no,no,no,no,no,no,,,,,,,,,,,,yes,no,no,,,barrier_free_map,沖縄県バリアフリーマップ,http://okinawa-bf-map.jp/facility-info/detail?facility_id=1249,2021-08-26,1249,トイレ出入口形状=開き戸,備考: 駐車場収容台数 5台 / トイレ備考: 入口段差10cm
47,沖縄県,47325,嘉手納町,,特別養護老人ホーム比謝川の里,,,904-0201,沖縄県嘉手納町久得242-2,26.36997653095149,127.77274503704837,http://xn--u9jw18ko0ilp4ar8g.com/business/tokuyo.html,no,yes,,,,,no,no,no,no,no,no,,,,,,,,,,,,no,no,no,,,barrier_free_map,沖縄県バリアフリーマップ,http://okinawa-bf-map.jp/facility-info/detail?facility_id=1250,2018-05-17,1250,緊急通報装置あり / トイレ出入口形状=ドア無し,備考: 駐車台数20台 / トイレ備考: ドアはなくカーテン
47,沖縄県,47207,石垣市,,石垣市立図書館,,,907-0013,沖縄県石垣市浜崎1-1,24.339648978167475,124.15365287182772,http://ilib-sv03.city.ishigaki.okinawa.jp/WebOpac/webopac/index.do,no,yes,,,,,no,no,no,no,yes,no,,,,,,,,,,,,,yes,no,,,barrier_free_map,沖縄県バリアフリーマップ,http://okinawa-bf-map.jp/facility-info/detail?facility_id=1251,2020-05-07,1251,緊急通報装置あり / トイレ出入口形状=スライド,備考: 駐車台数約20台 / トイレ備考: ・ベビーベッドはトイレ外に有り ・車イス専用トイレは1階2階に有り
47,沖縄県,47325,嘉手納町,,屋良城跡公園・展望台,,,904-0202,沖縄県嘉手納町屋良656,26.3675891,127.762663,http://www.town.kadena.okinawa.jp/facility/shi45.html,no,no,,,,,no,no,no,no,no,no,,,,,,,,,,,,,no,no,,,barrier_free_map,沖縄県バリアフリーマップ,http://okinawa-bf-map.jp/facility-info/detail?facility_id=1252,2023-12-08,1252,,特徴･注意点: 常駐者なし / 備考: 常駐者なし. 嘉手納町役場 都市建設課が管理しています。( ０９８－９５６－１１１１(内線333) / 備考: 駐車台数50台 / トイレ備考: トイレなし
47,沖縄県,47327,北中城村,,熱田公民館,,,901-2313,沖縄県北中城村熱田67,26.295534718406866,127.80841207434389,/,no,no,,,,,no,no,no,no,no,no,,,,,,,,,,,,yes,no,no,,,barrier_free_map,沖縄県バリアフリーマップ,http://okinawa-bf-map.jp/facility-info/detail?facility_id=1253,2018-01-08,1253,トイレ出入口形状=開き戸,備考: 駐車場なし。 / トイレ備考: 入口段差10cm
47,沖縄県,47325,嘉手納町,,久得霊園公衆便所,,,904-0201,沖縄県嘉手納町久得245 / 葬斎場,26.371439,127.7748428,/,no,yes,,,,,no,no,no,no,no,no,,,,,,,,,,,,no,no,no,,,barrier_free_map,沖縄県バリアフリーマップ,http://okinawa-bf-map.jp/facility-info/detail?facility_id=1254,2019-02-18,1254,トイレ出入口形状=スライド,備考: 駐車台数100台
47,沖縄県,47325,嘉手納町,,あしびなぁ（公園）,,,904-0203,沖縄県嘉手納町嘉手納162-1,26.3664225,127.7605271,http://www.town.kadena.okinawa.jp/facility/shi51.html,no,no,,,,,no,no,no,no,no,no,,,,,,,,,,,,yes,no,no,,,barrier_free_map,沖縄県バリアフリーマップ,http://okinawa-bf-map.jp/facility-info/detail?facility_id=1255,2018-05-18,1255,トイレ出入口形状=開き戸,備考: 098-956-1111（内線333） / 備考: 駐車場なし / トイレ備考: 入口段差5cm 女性用トイレ2つのうち1つ「故障」の張り紙 もう1つはドアが壊れていて使用できない
47,沖縄県,47207,石垣市,,底地ビーチ,,,907-0453,沖縄県石垣市川平185‎ / シーマンズクラブ石垣リゾートホテル裏,24.4657374,124.1256034,/,no,yes,,,,,no,no,no,no,no,no,,,,,,,,,,,,,no,no,,,barrier_free_map,沖縄県バリアフリーマップ,http://okinawa-bf-map.jp/facility-info/detail?facility_id=1256,2015-09-11,1256,トイレ出入口形状=スライド,備考: 管理：石垣市企画部観光課 / 備考: 駐車台数50台
47,沖縄県,47212,豊見城市,,豊見城市役所,,,901-0292,沖縄県豊見城市沖縄県豊見城宜保１丁目１,26.1774992,127.6803138,http://www.city.tomigusuku.lg.jp/index.html,yes,yes,,,,,yes,yes,yes,yes,yes,yes,,,,,,,,,,,,no,yes,yes,,no,barrier_free_map,沖縄県バリアフリーマップ,http://okinawa-bf-map.jp/facility-info/detail?facility_id=1257,2023-08-31,1257,緊急通報装置あり / 着替え台あり / トイレ出入口形状=スライド,トイレ備考: 一般トイレ段差 なし 開口幅80cm以上 なし
47,沖縄県,47325,嘉手納町,,比謝川緑地,,,904-0203,沖縄県嘉手納町嘉手納地内,26.3675891,127.762663,http://www.town.kadena.okinawa.jp/facility/shi42.html,no,yes,,,,,,no,no,no,no,no,,,,,,,,,,,,yes,no,no,,,barrier_free_map,沖縄県バリアフリーマップ,http://okinawa-bf-map.jp/facility-info/detail?facility_id=1259,2018-05-18,1259,トイレ出入口形状=引戸,備考: 098-956-1111（内線333） / 備考: 駐車台数20台 / トイレ備考: 入口段差30cm
47,沖縄県,47208,浦添市,,バークレー内科,,,901-2104,沖縄県浦添市当山2-2-11-301 / バークレイズメディカルモール3階,26.25298938712649,127.73835836931153,http://chubuweb.hosp.pref.okinawa.jp/rgstd/cat1218/004558.html,yes,yes,,,,,yes,no,no,no,yes,no,,,,,,,,,,,,no,no,no,,,barrier_free_map,沖縄県バリアフリーマップ,http://okinawa-bf-map.jp/facility-info/detail?facility_id=1260,2019-05-22,1260,緊急通報装置あり / トイレ出入口形状=スライド,備考: 駐車場収容台数300台
47,沖縄県,47325,嘉手納町,,屋良城跡公園遊歩道,,,904-0202,沖縄県嘉手納町屋良656,26.3675891,127.762663,http://www.okinawainfo.net/hizya-yuho.htm,no,yes,,,,,,no,no,no,no,no,,,,,,,,,,,,yes,no,no,,,barrier_free_map,沖縄県バリアフリーマップ,http://okinawa-bf-map.jp/facility-info/detail?facility_id=1262,2018-05-18,1262,トイレ出入口形状=引戸,備考: 駐車台数20台
47,沖縄県,47302,大宜味村,,大宜味村立芭蕉布会館,,,905-1303,沖縄県大宜味村喜如嘉454,26.705872,128.143858,http://bashofu.jp/,no,no,,,,,no,no,no,no,no,no,,,,,,,,,,,,yes,no,no,,,barrier_free_map,沖縄県バリアフリーマップ,http://okinawa-bf-map.jp/facility-info/detail?facility_id=1264,2020-05-06,1264,,備考: 駐車場収容台数 5台
47,沖縄県,47325,嘉手納町,,嘉手納商工業研修等施設（商工会）,,,904-0203,沖縄県嘉手納町嘉手納259,26.366609915409807,127.7551612059707,http://www.kadena.or.jp/,no,no,,,,,no,no,no,no,no,no,,,,,,,,,,,,no,no,no,,,barrier_free_map,沖縄県バリアフリーマップ,http://okinawa-bf-map.jp/facility-info/detail?facility_id=1265,2024-03-14,1265,トイレ出入口形状=開き戸,備考: 駐車台数20台
47,沖縄県,47314,金武町,,金武町立中央公民館,,,904-1201,沖縄県金武町金武7758,26.4548037,127.9132569,/,no,yes,,,,,no,no,no,no,no,no,,,,,,,,,,,,no,no,yes,,,barrier_free_map,沖縄県バリアフリーマップ,http://okinawa-bf-map.jp/facility-info/detail?facility_id=1266,2010-05-01,1266,トイレ出入口形状=スライド,備考: 駐車場収容台数100台以上。 駐車場は、公民館、体育館、グランドと兼用の為、かなりの収容台数あり。
47,沖縄県,47207,石垣市,,石垣市大川保育所,,,907-0022,沖縄県石垣市大川70,24.343485,124.1635302,/,no,yes,,,,,no,no,no,no,no,no,,,,,,,,,,,,yes,no,no,,,barrier_free_map,沖縄県バリアフリーマップ,http://okinawa-bf-map.jp/facility-info/detail?facility_id=1267,2010-05-01,1267,トイレ出入口形状=引戸,備考: 駐車台数30台 / トイレ備考: 一般トイレの入口に2cmの段差有り
47,沖縄県,47302,大宜味村,,道の駅「おおぎみ」,,,905-1307,沖縄県大宜味村根路銘1373,26.690198240653093,128.10832069770063,http://kuwachii-okinawa.com/sales/2407/,no,no,,,,,no,no,no,no,no,no,,,,,,,,,,,,no,no,no,,,barrier_free_map,沖縄県バリアフリーマップ,http://okinawa-bf-map.jp/facility-info/detail?facility_id=1268,2018-11-30,1268,,特徴･注意点: 定休日はテナントごとによって 異なります。 / 備考: 営業時間は売店のもの。他レストラン、グリーンハウスなどあり。 / 備考: 駐車場収容台数 30台
47,沖縄県,47325,嘉手納町,,嘉手納町第二保育所,,,904-0203,沖縄県嘉手納町嘉手納147,26.3665142,127.7622353,http://www.town.kadena.okinawa.jp/facility/shi37.html,no,no,,,,,no,no,no,no,no,no,,,,,,,,,,,,yes,no,yes,,,barrier_free_map,沖縄県バリアフリーマップ,http://okinawa-bf-map.jp/facility-info/detail?facility_id=1269,2018-05-18,1269,トイレ出入口形状=引戸,特徴･注意点: 子供用トイレが各部屋にある / 備考: 駐車場なし / トイレ備考: 入口段差5cm
47,沖縄県,47207,石垣市,,石垣市立文化会館,,,907-0022,沖縄県石垣市大川14,24.339378922255783,124.15891990793453,/,no,no,,,,,no,no,no,no,no,no,,,,,,,,,,,,,no,no,,,barrier_free_map,沖縄県バリアフリーマップ,http://okinawa-bf-map.jp/facility-info/detail?facility_id=1270,2015-09-11,1270,トイレ出入口形状=開き戸,備考: 駐車台数6台
47,沖縄県,47302,大宜味村,,介護支援センターやんばる,,,905-1318,沖縄県大宜味村津波1971-35,26.6561057,128.1071078,http://www.isshinfukushikai.or.jp/kaigo-shien,no,yes,,,,,no,no,no,no,no,no,,,,,,,,,,,,no,no,no,,,barrier_free_map,沖縄県バリアフリーマップ,http://okinawa-bf-map.jp/facility-info/detail?facility_id=1271,2018-05-28,1271,緊急通報装置あり / トイレ出入口形状=ドア無し,備考: 駐車場収容台数 25台 / トイレ備考: トイレドアはカーテンになっています。
47,沖縄県,47207,石垣市,,石垣市平得公民館,,,907-0003,沖縄県石垣市平得256,24.33903147251778,124.17468511408616,/,no,yes,,,,,no,no,no,no,no,no,,,,,,,,,,,,,no,no,,,barrier_free_map,沖縄県バリアフリーマップ,http://okinawa-bf-map.jp/facility-info/detail?facility_id=1272,2019-08-02,1272,トイレ出入口形状=引戸,備考: 駐車台数10台
47,沖縄県,47201,那覇市,,パイナップルハウス,,,901-0142,沖縄県那覇市鏡水684-1,26.2056322,127.6635722,http://www.pineapplehouse.jp/,yes,yes,,,,,yes,no,no,no,yes,no,,,,,,,,,,,,no,no,no,,,barrier_free_map,沖縄県バリアフリーマップ,http://okinawa-bf-map.jp/facility-info/detail?facility_id=1273,2017-03-14,1273,緊急通報装置あり / トイレ出入口形状=スライド,特徴･注意点: 2Fはパーラーになっている階段のみ / 備考: タクシーが常駐しており一般車は駐車しにくい バスもくるが路上駐車する
47,沖縄県,47314,金武町,,金武町立体育館,,,904-1201,沖縄県金武町金武7758,26.4548037,127.9132569,/,no,yes,,,,,no,no,no,no,no,no,,,,,,,,,,,,no,no,no,,,barrier_free_map,沖縄県バリアフリーマップ,http://okinawa-bf-map.jp/facility-info/detail?facility_id=1274,2019-10-31,1274,トイレ出入口形状=スライド,特徴･注意点: 職員は施設の貸出し管理のみ。 体育館玄関入って段差10ｃｍあり。 隣の中央公民館2階から渡り廊下があり体育館へ行ける。 / 備考: 駐車場収容台数100台
47,沖縄県,47209,名護市,,21世紀の森ビーチ,,,905-0015,沖縄県名護市大南二丁目1番25号 / 21世紀の森体育館,26.592245391828406,127.9731024593857,/,no,yes,,,,,no,no,no,no,no,no,,,,,,,,,,,,no,no,no,,,barrier_free_map,沖縄県バリアフリーマップ,http://okinawa-bf-map.jp/facility-info/detail?facility_id=1275,2018-09-26,1275,トイレ出入口形状=スライド,備考: 連絡先 名護市労働福祉センター 遊泳期間5月～９月まで / 備考: 駐車台数58台
47,沖縄県,47207,石垣市,,児童養護施設ならさ,,,907-0024,沖縄県石垣市新川1695-27,24.3630242,124.1209469,/,no,yes,,,,,yes,no,no,no,no,no,,,,,,,,,,,,,no,no,,,barrier_free_map,沖縄県バリアフリーマップ,http://okinawa-bf-map.jp/facility-info/detail?facility_id=1276,2024-04-15,1276,緊急通報装置あり / トイレ出入口形状=開き戸,備考: 駐車台数50台
47,沖縄県,47209,名護市,,豊原区多目的運動公園,,,905-2172,沖縄県名護市豊原221-2,26.520230745773762,128.0213143061516,/,no,yes,,,,,no,no,no,no,no,no,,,,,,,,,,,,no,no,no,,,barrier_free_map,沖縄県バリアフリーマップ,http://okinawa-bf-map.jp/facility-info/detail?facility_id=1278,2020-03-24,1278,トイレ出入口形状=スライド,備考: 駐車台数20台
47,沖縄県,47209,名護市,,とよはら歯科医院,,,904-2172,沖縄県名護市豊原169-1,26.519262499978222,128.02374107539367,/,no,yes,,,,,no,no,no,no,no,no,,,,,,,,,,,,no,no,no,,,barrier_free_map,沖縄県バリアフリーマップ,http://okinawa-bf-map.jp/facility-info/detail?facility_id=1279,2018-10-04,1279,トイレ出入口形状=スライド,備考: 駐車台数10台
47,沖縄県,47209,名護市,,名護市役所,,,904-0014,沖縄県名護市港1-1-1,26.5915549,127.9774745,http://www.city.nago.okinawa.jp/,no,yes,,,,,no,no,yes,no,no,no,,,,,,,,,,,,no,no,no,,,barrier_free_map,沖縄県バリアフリーマップ,http://okinawa-bf-map.jp/facility-info/detail?facility_id=1280,2018-04-24,1280,トイレ出入口形状=スライド,特徴･注意点: スロープあり / 備考: 駐車台数170台
47,沖縄県,47207,石垣市,,唐人墓,,,907-0024,沖縄県石垣市新川1625-9,24.3661049,124.1129611,http://www.city.ishigaki.okinawa.jp/100000/100500/ishigaki_fuukei_rekishi/123.html,no,yes,,,,,yes,no,no,no,no,no,,,,,,,,,,,,,no,no,,,barrier_free_map,沖縄県バリアフリーマップ,http://okinawa-bf-map.jp/facility-info/detail?facility_id=1281,2019-08-02,1281,緊急通報装置あり / トイレ出入口形状=開き戸,特徴･注意点: ・駐車場からは車イスでも行ける道がある。 ・施設内にはスロープもあり、車イスでも動きやすい。 / 備考: 駐車台数20~30台
47,沖縄県,47314,金武町,,金武町立金武保育所,,,904-1201,金武町字金武549,26.4519514,127.9242422,/,no,yes,,,,,no,no,no,no,no,no,,,,,,,,,,,,no,no,no,,,barrier_free_map,沖縄県バリアフリーマップ,http://okinawa-bf-map.jp/facility-info/detail?facility_id=1282,2010-05-08,1282,緊急通報装置あり / トイレ出入口形状=スライド,特徴･注意点: 子供用の車いす用トイレ有。 / 備考: 駐車場は職員用のみ
47,沖縄県,47211,沖縄市,,沖縄県立総合教育センター,,,904-2174,沖縄県沖縄市与儀3丁目11−1,26.309649681359957,127.81818117235251,http://www.edu-c.open.ed.jp/,no,yes,,,,,yes,no,no,no,no,no,,,,,,,,,,,,no,no,yes,,,barrier_free_map,沖縄県バリアフリーマップ,http://okinawa-bf-map.jp/facility-info/detail?facility_id=1283,2019-03-22,1283,緊急通報装置あり / トイレ出入口形状=スライド,備考: 駐車場収容台数 約150台
47,沖縄県,47209,名護市,,Ａ＆Ｗ名護店,,,905-0021,沖縄県名護市東江5-16-12,26.5793756,127.984755,http://www.awok.co.jp/,yes,yes,,,,,no,no,no,no,no,yes,,,,,,,,,,,,yes,no,no,,,barrier_free_map,沖縄県バリアフリーマップ,http://okinawa-bf-map.jp/facility-info/detail?facility_id=1284,2018-04-24,1284,緊急通報装置あり / トイレ出入口形状=スライド,備考: 駐車台数30台 / トイレ備考: 一般トイレのドア近くに緊急通報装置あり
47,沖縄県,47212,豊見城市,,名嘉地そば,,,901-0235,沖縄県豊見城市名嘉地215-3,26.1745103,127.6656965,/,no,yes,,,,,yes,no,no,no,no,no,,,,,,,,,,,,no,no,no,,,barrier_free_map,沖縄県バリアフリーマップ,http://okinawa-bf-map.jp/facility-info/detail?facility_id=1285,2015-09-10,1285,トイレ出入口形状=スライド,備考: 駐車場収容台数 30台
47,沖縄県,47211,沖縄市,,医療法人久愛会 うちま内科,,,904-2165,沖縄県沖縄市宮里４丁目２−３,26.34129284528142,127.82337443930419,http://www.hosp.pref.okinawa.jp/chubu/rgstd/cat1214/004508.html,yes,yes,,,,,yes,no,no,yes,no,no,,,,,,,,,,,,no,no,no,,,barrier_free_map,沖縄県バリアフリーマップ,http://okinawa-bf-map.jp/facility-info/detail?facility_id=1286,2016-07-08,1286,緊急通報装置あり / トイレ出入口形状=スライド,備考: 駐車場収容台数31台
47,沖縄県,47207,石垣市,,スーパーホテル石垣島,,,907-0023,沖縄県石垣市石垣36,24.34194121335853,124.15752028773156,http://www.superhotel.co.jp/s_hotels/ishigakijima/#anc-feat,no,no,,,,,no,no,no,no,no,no,,,,,,,,,,,,,no,no,,,barrier_free_map,沖縄県バリアフリーマップ,http://okinawa-bf-map.jp/facility-info/detail?facility_id=1287,2023-08-14,1287,トイレ出入口形状=開き戸,備考: ・ホテルには4台駐車可能。 ・徒歩8分のところにも駐車場有り。 （駐車台数は不明。同系列のホテルと共用）
47,沖縄県,47209,名護市,,名護市立児童センター,,,905-0014,沖縄県名護市港2-1-2,26.59088259999999,127.97520250000002,http://www.city.nago.okinawa.jp/5/4052.html,no,yes,,,,,no,no,no,no,no,no,,,,,,,,,,,,no,no,no,,,barrier_free_map,沖縄県バリアフリーマップ,http://okinawa-bf-map.jp/facility-info/detail?facility_id=1288,2018-04-24,1288,トイレ出入口形状=スライド,備考: 市民会館中央公民館と併用 駐車台数300台
47,沖縄県,47207,石垣市,,浜崎緑地,,,907-0013,沖縄県石垣市浜崎3-2,24.339660023855743,124.15024623400724,/,no,yes,,,,,no,no,no,no,no,no,,,,,,,,,,,,no,no,no,,,barrier_free_map,沖縄県バリアフリーマップ,http://okinawa-bf-map.jp/facility-info/detail?facility_id=1289,2019-08-02,1289,緊急通報装置あり / トイレ出入口形状=スライド,備考: 施設管理 石垣市 役所建設部 港湾課 0980-82-4046
47,沖縄県,47212,豊見城市,,高橋クリニック,,,901-0224,沖縄県豊見城市与根8-15,26.1730433,127.6575829,/,no,yes,,,,,yes,no,no,no,no,no,,,,,,,,,,,,no,no,no,,,barrier_free_map,沖縄県バリアフリーマップ,http://okinawa-bf-map.jp/facility-info/detail?facility_id=1290,2010-05-01,1290,緊急通報装置あり / トイレ出入口形状=スライド,備考: 駐車場収容台数 17台
47,沖縄県,47207,石垣市,,崎原公園,,,907-0001,沖縄県石垣市大浜180,24.385581,124.2060283,/,no,yes,,,,,no,no,no,no,no,no,,,,,,,,,,,,no,no,no,,,barrier_free_map,沖縄県バリアフリーマップ,http://okinawa-bf-map.jp/facility-info/detail?facility_id=1291,2024-01-23,1291,トイレ出入口形状=スライド,
47,沖縄県,47306,今帰仁村,,今帰仁村コミュニティセンター,,,905-0401,沖縄県今帰仁村字仲宗根230-2,26.6820964,127.9724081,http://www.nakijin.jp/nakijin.nsf/doc/12?OpenDocument,no,yes,,,,,no,no,no,no,no,no,,,,,,,,,,,,yes,no,no,,,barrier_free_map,沖縄県バリアフリーマップ,http://okinawa-bf-map.jp/facility-info/detail?facility_id=1292,2020-05-06,1292,トイレ出入口形状=引戸,備考: 駐車場収容台数200台 今帰仁村役場と一緒 / トイレ備考: トイレ出入り口の引き戸が木で作られており、かなり硬い。
47,沖縄県,47209,名護市,,宮里病院,,,905-0006,沖縄県名護市宇茂佐1763-2,26.6081308,127.9652553,http://tapic-miyazato.jp/,no,yes,,,,,no,no,no,yes,no,no,,,,,,,,,,,,yes,no,no,,,barrier_free_map,沖縄県バリアフリーマップ,http://okinawa-bf-map.jp/facility-info/detail?facility_id=1293,2018-04-24,1293,緊急通報装置あり / トイレ出入口形状=スライド,備考: 駐車台数100台 / トイレ備考: 一般用開口幅53cm 入口段差4cm
47,沖縄県,47212,豊見城市,,豊見城警察署,,,901-0233,沖縄県豊見城市瀬長17-8,26.1746819,127.655094,/,no,yes,,,,,no,no,no,no,no,no,,,,,,,,,,,,yes,no,no,,,barrier_free_map,沖縄県バリアフリーマップ,http://okinawa-bf-map.jp/facility-info/detail?facility_id=1294,2010-05-01,1294,トイレ出入口形状=スライド,備考: 駐車場収容台数 60台 / トイレ備考: 男子小便器手すりあり。 一般トイレ出入口段差あり。
47,沖縄県,47201,那覇市,,沖縄銀行古波蔵支店,,,900-0024,沖縄県那覇市古波蔵3-8-8,26.2004889,127.6851658,/,no,no,,,,,no,no,no,no,no,no,,,,,,,,,,,,yes,no,no,,,barrier_free_map,沖縄県バリアフリーマップ,http://okinawa-bf-map.jp/facility-info/detail?facility_id=1296,2010-05-01,1296,トイレ出入口形状=ドア無し,トイレ備考: トイレ入口段差9cm
47,沖縄県,47209,名護市,,辺野古前上原公園,,,,沖縄県名護市辺野古1048-77,26.5200026,128.0294218,/,no,yes,,,,,no,no,no,no,no,no,,,,,,,,,,,,yes,no,no,,,barrier_free_map,沖縄県バリアフリーマップ,http://okinawa-bf-map.jp/facility-info/detail?facility_id=1297,2019-10-31,1297,トイレ出入口形状=スライド,備考: 駐車場なし
47,沖縄県,47212,豊見城市,,豊見城市立座安保育所,,,901-0221,沖縄県豊見城市座安239-5,26.1664419,127.6715577,/,no,no,,,,,no,no,no,no,no,no,,,,,,,,,,,,yes,no,no,,,barrier_free_map,沖縄県バリアフリーマップ,http://okinawa-bf-map.jp/facility-info/detail?facility_id=1298,2010-05-01,1298,トイレ出入口形状=開き戸,備考: 駐車場収容台数 5台 / トイレ備考: 出入口幅62cm 児童用便座5室あり（便座高さ17cm・手洗い高さ39cm） 大人用便座高さ39cm・手洗い高さ73cm
47,沖縄県,47306,今帰仁村,,今帰仁村営 火葬場,,,905-0401,沖縄県今帰仁村字仲宗根807,26.682085526643924,127.97679231642144,/,no,yes,,,,,no,no,no,no,no,no,,,,,,,,,,,,no,no,no,,,barrier_free_map,沖縄県バリアフリーマップ,http://okinawa-bf-map.jp/facility-info/detail?facility_id=1299,2018-09-10,1299,トイレ出入口形状=ドア無し,備考: ※施設管理 今帰仁村 住民課 0980-56-2102 / 備考: 駐車場収容台数50台 / トイレ備考: トイレ出入口はアコーディオンカーテン
47,沖縄県,47209,名護市,,21世紀の森体育館,,,,〒 905-015 / 沖縄県名護市大南2-1-1,26.592388,127.9754108,/,no,yes,,,,,no,no,no,no,no,no,,,,,,,,,,,,no,no,yes,,,barrier_free_map,沖縄県バリアフリーマップ,http://okinawa-bf-map.jp/facility-info/detail?facility_id=1300,2019-10-31,1300,トイレ出入口形状=スライド,備考: 駐車台数100台
47,沖縄県,47201,那覇市,,沖縄銀行田原支店,,,901-0156,沖縄県那覇市田原3-12-6,26.193884931341945,127.66586309325405,http://www.okinawa-bank.co.jp/,no,no,,,,,no,no,no,no,no,no,,,,,,,,,,,,no,no,no,,,barrier_free_map,沖縄県バリアフリーマップ,http://okinawa-bf-map.jp/facility-info/detail?facility_id=1301,2017-12-29,1301,トイレ出入口形状=開き戸,
47,沖縄県,47209,名護市,,国際海洋環境情報センター（GODAC）,,,905-2172,沖縄県名護市豊原224-3 / NTT,26.522207185068492,128.0201833248202,http://www.godac.jp/index.html,yes,yes,,,,,yes,no,no,no,yes,no,,,,,,,,,,,,no,yes,no,,,barrier_free_map,沖縄県バリアフリーマップ,http://okinawa-bf-map.jp/facility-info/detail?facility_id=1302,2020-05-05,1302,緊急通報装置あり / トイレ出入口形状=スライド,備考: 駐車台数60台
47,沖縄県,47201,那覇市,,琉球銀行本店,,,900-0015,沖縄県那覇市久茂地1-11-1,26.2149288,127.6790428,/,yes,yes,,,,,yes,no,no,no,no,no,,,,,,,,,,,,no,no,no,,,barrier_free_map,沖縄県バリアフリーマップ,http://okinawa-bf-map.jp/facility-info/detail?facility_id=1303,2010-05-01,1303,緊急通報装置あり / トイレ出入口形状=開き戸,トイレ備考: 便座高さ42cm、和式トイレに段差有、手洗い高さ79cm、呼び出し高さ104cm
47,沖縄県,47212,豊見城市,,豊見城市立中央図書館,,,901-0232,沖縄県豊見城市伊良波392,26.1738636,127.6742434,/,no,yes,,,,,no,no,yes,no,yes,no,,,,,,,,,,,,yes,no,yes,,,barrier_free_map,沖縄県バリアフリーマップ,http://okinawa-bf-map.jp/facility-info/detail?facility_id=1304,2024-07-02,1304,緊急通報装置あり / トイレ出入口形状=スライド,備考: 身体障害者専用駐車場を１階駐車場に増設 / トイレ備考: 一般トイレ出入口段差4.5cm 男子小便器手すりあり。
47,沖縄県,47209,名護市,,名護警察庁舎,,,905-0021,沖縄県名護市東江5-21-9,26.5772897,127.9843607,/,no,no,,,,,no,no,no,no,no,no,,,,,,,,,,,,yes,no,no,,,barrier_free_map,沖縄県バリアフリーマップ,http://okinawa-bf-map.jp/facility-info/detail?facility_id=1305,2010-05-01,1305,トイレ出入口形状=開き戸,備考: 内線219でFAXへ切り替わります。 / 備考: 高齢者用あり 駐車台数70台 / トイレ備考: 入口段差7cm
47,沖縄県,47308,本部町,,上本部郵便局,,,905-0203,沖縄県本部町謝花320,26.6845563,127.8981611,http://map.japanpost.jp/p/search/dtl/300170036000/,no,no,,,,,no,no,no,no,no,no,,,,,,,,,,,,yes,no,no,,,barrier_free_map,沖縄県バリアフリーマップ,http://okinawa-bf-map.jp/facility-info/detail?facility_id=1306,2018-07-04,1306,トイレ出入口形状=開き戸,備考: 駐車場収容台数3台 / トイレ備考: バリアフリートイレ無し
47,沖縄県,47311,恩納村,,琉球村,,,904-0416,沖縄県恩納村字山田1130,26.4294834,127.7753382,http://www.ryukyumura.co.jp/,no,yes,,,,,yes,no,no,no,yes,yes,,,,,,,,,,,,no,yes,yes,,yes,barrier_free_map,沖縄県バリアフリーマップ,http://okinawa-bf-map.jp/facility-info/detail?facility_id=1307,2020-09-07,1307,トイレ出入口形状=スライド,備考: 正式名称 多幸山株式会社 琉球村 / 備考: 駐車場収容台数200台。 / トイレ備考: ※ベビーベッドは授乳室に1個
47,沖縄県,47208,浦添市,,ちねん眼科,,,901-2102,沖縄県浦添市前田1-12-7,26.2428171,127.7369643,/,yes,yes,,,,,no,no,no,no,yes,no,,,,,,,,,,,,no,no,no,,,barrier_free_map,沖縄県バリアフリーマップ,http://okinawa-bf-map.jp/facility-info/detail?facility_id=1309,2023-08-24,1309,緊急通報装置あり / トイレ出入口形状=スライド,備考: 駐車場台数30台 駐車場の係員は外来の日のみあり。
47,沖縄県,47208,浦添市,,浦添総合病院健診センター,,,901-2132,沖縄県浦添市伊祖3-42-15,26.258049054448772,127.7244467435407,http://www.urasoekenshin.com/,no,yes,,,,,yes,no,no,no,no,no,,,,,,,,,,,,no,no,no,,,barrier_free_map,沖縄県バリアフリーマップ,http://okinawa-bf-map.jp/facility-info/detail?facility_id=1311,2021-01-08,1311,緊急通報装置あり / トイレ出入口形状=スライド,備考: 駐車場台数100台 駐車場の係員は朝のみ常駐。
47,沖縄県,47212,豊見城市,,ハートフルケアデイサービス,,,901-0203,沖縄県豊見城市長堂146,26.1815835,127.7069764,http://www.jwarm.net/medicalcare/heart-full-care.html,no,yes,,,,,yes,no,no,no,no,no,,,,,,,,,,,,no,no,no,,,barrier_free_map,沖縄県バリアフリーマップ,http://okinawa-bf-map.jp/facility-info/detail?facility_id=1312,2010-05-01,1312,緊急通報装置あり / トイレ出入口形状=スライド,備考: 駐車場収容台数 15台 / トイレ備考: 小便器手すりあり。
47,沖縄県,47209,名護市,,JAおきなわ辺野古出張所,,,905-2171,沖縄県名護市辺野古913-21,26.5226375,128.0288398,http://map.jabank.org/shop/info/937506101,no,no,,,,,no,no,no,no,no,no,,,,,,,,,,,,yes,no,no,,,barrier_free_map,沖縄県バリアフリーマップ,http://okinawa-bf-map.jp/facility-info/detail?facility_id=1314,2018-04-25,1314,トイレ出入口形状=開き戸,備考: 駐車台数2台 / トイレ備考: 身障者用トイレはなく、一般のトイレを利用することになるが、場所がバックヤードにあり、荷物等が積載されている為、車椅子での歩行は難しい（要介助） 入口段差8cm
47,沖縄県,47215,南城市,,沖縄県動物愛護管理センター,,,901-1202,沖縄県南城市大里2000,26.18400429503948,127.75447584907374,http://www.aniwel-pref.okinawa/,yes,yes,,,,,no,no,no,no,no,yes,,,,,,,,,,,,no,no,no,,,barrier_free_map,沖縄県バリアフリーマップ,http://okinawa-bf-map.jp/facility-info/detail?facility_id=1315,2020-05-06,1315,緊急通報装置あり / トイレ出入口形状=スライド,備考: 駐車場収容台数 40台
47,沖縄県,47362,八重瀬町,,東風平運動公園サッカー場,,,901-0401,沖縄県八重瀬町字東風平１１３６－２,26.1569182,127.71662029999993,http://www.town.yaese.lg.jp/docs/2018080200027/,no,yes,,,,,no,no,no,no,no,no,,,,,,,,,,,,no,no,no,,,barrier_free_map,沖縄県バリアフリーマップ,http://okinawa-bf-map.jp/facility-info/detail?facility_id=1316,2020-11-24,1316,トイレ出入口形状=開き戸,備考: 098-998-2140：（八重瀬町役場保健体育課） / 備考: 駐車場収容台数50台。
47,沖縄県,47308,本部町,,本部町会館,,,905-0214,沖縄県本部町渡久地4,26.6604567,127.895481,/,no,no,,,,,no,no,no,no,no,no,,,,,,,,,,,,yes,no,no,,,barrier_free_map,沖縄県バリアフリーマップ,http://okinawa-bf-map.jp/facility-info/detail?facility_id=1317,2019-01-17,1317,トイレ出入口形状=引戸,特徴･注意点: 使用時のみ役場の方に連絡して開けてもらう / 備考: 定休日は基本的に上記のように設定されているが、使用申込があれば開館する。 / トイレ備考: バリアフリートイレ無し
47,沖縄県,47209,名護市,,辻眼科医院,,,905-0011,沖縄県名護市宮里1-26-11,26.595209005326197,127.97118344791988,http://byoinnavi.jp/clinic/104422,no,yes,,,,,no,no,no,no,no,no,,,,,,,,,,,,no,no,no,,,barrier_free_map,沖縄県バリアフリーマップ,http://okinawa-bf-map.jp/facility-info/detail?facility_id=1318,2018-10-05,1318,緊急通報装置あり / トイレ出入口形状=スライド,備考: 木・土曜AMのみ 臨時休診あり / 備考: 駐車台数9台
47,沖縄県,47362,八重瀬町,,沖縄県教育庁島尻教育事務所,,,901-0401,沖縄県八重瀬町東風平920-1,26.150141037961525,127.72392950793459,http://www.pref.okinawa.jp/edu/shimajiri/madoguchi/jimusho/shimajiri/index.html,no,yes,,,,,no,no,no,no,no,no,,,,,,,,,,,,no,no,no,,,barrier_free_map,沖縄県バリアフリーマップ,http://okinawa-bf-map.jp/facility-info/detail?facility_id=1319,2018-01-19,1319,トイレ出入口形状=スライド,特徴･注意点: 車イスに対するバリアフリー化は考えられている。 / 備考: 駐車場収容台数70台。
47,沖縄県,47215,南城市,,大里グリーンタウン第3公園,,,901-1204,沖縄県南城市大里稲嶺2355-55,26.1679828,127.7476343,/,no,no,,,,,no,no,no,no,no,no,,,,,,,,,,,,no,no,no,,,barrier_free_map,沖縄県バリアフリーマップ,http://okinawa-bf-map.jp/facility-info/detail?facility_id=1320,2019-10-31,1320,トイレ出入口形状=スライド,備考: 電話無し。 / 備考: 駐車場無し。 / トイレ備考: 施錠されておりトイレ使用不可。
47,沖縄県,47209,名護市,,沖縄県警察安全運転学校北部分校,,,905-0021,沖縄県名護市東江5-20-5,26.5778368,127.9838662,/,no,yes,,,,,no,no,no,no,no,no,,,,,,,,,,,,yes,no,no,,,barrier_free_map,沖縄県バリアフリーマップ,http://okinawa-bf-map.jp/facility-info/detail?facility_id=1321,2018-10-05,1321,トイレ出入口形状=ドア無し,備考: 駐車台数40台 / トイレ備考: ドア無し アコーディオンカーテン
47,沖縄県,47207,石垣市,,石垣港離島ターミナル,,,907-0012,沖縄県石垣市美崎1,24.337108,124.1554803,/,yes,yes,,,,,yes,no,yes,no,yes,yes,,,,,,,,,,,,no,no,no,,,barrier_free_map,沖縄県バリアフリーマップ,http://okinawa-bf-map.jp/facility-info/detail?facility_id=1322,2019-08-05,1322,緊急通報装置あり / トイレ出入口形状=スライド,備考: 駐車台数160台 / トイレ備考: 男子トイレにもベビーチェア有り
47,沖縄県,47215,南城市,,南城市海洋体験施設 海の館イノー,,,901-1502,沖縄県南城市知念字安座真1141-3,26.177039261501104,127.82887702467576,http://okinawa-nanjo.jp/ino/,no,yes,,,,,yes,no,no,no,no,no,,,,,,,,,,,,no,no,no,,,barrier_free_map,沖縄県バリアフリーマップ,http://okinawa-bf-map.jp/facility-info/detail?facility_id=1323,2020-05-06,1323,緊急通報装置あり / トイレ出入口形状=スライド,備考: 駐車場収容台数 20台
47,沖縄県,47215,南城市,,南城市知念屋外運動場,,,901-1511,沖縄県南城市知念字久手堅819-6,26.17374364871445,127.8174604283306,http://www.city.nanjo.okinawa.jp/about-nanjo/place/sports/,no,yes,,,,,no,no,no,no,no,no,,,,,,,,,,,,yes,no,no,,,barrier_free_map,沖縄県バリアフリーマップ,http://okinawa-bf-map.jp/facility-info/detail?facility_id=1324,2018-03-12,1324,トイレ出入口形状=スライド,特徴･注意点: 人的介助15:00以降なら可能 / 備考: 駐車場収容台数 30台 / トイレ備考: 和式開口幅60cm
47,沖縄県,47215,南城市,,児童養護施設島添の丘,,,901-1202,沖縄県南城市大里字大里2300,26.18164720161729,127.75116752422025,http://shimazoenooka.com/,no,no,,,,,no,no,no,no,no,no,,,,,,,,,,,,yes,no,no,,,barrier_free_map,沖縄県バリアフリーマップ,http://okinawa-bf-map.jp/facility-info/detail?facility_id=1325,2018-03-12,1325,トイレ出入口形状=開き戸,備考: 駐車場収容台数 40台 / トイレ備考: 出入口段差9cm
47,沖縄県,47308,本部町,,本部町役場,,,905-0272,沖縄県本部町東5,26.6575961,127.8978309,http://www.town.motobu.okinawa.jp/,no,no,,,,,no,no,no,no,no,no,,,,,,,,,,,,no,no,no,,,barrier_free_map,沖縄県バリアフリーマップ,http://okinawa-bf-map.jp/facility-info/detail?facility_id=1326,2019-01-17,1326,トイレ出入口形状=開き戸,備考: 駐車場収容台数70台 / トイレ備考: バリアフリー対応トイレ無し
47,沖縄県,47209,名護市,,名護市マルチメディア館,,,905-2172,沖縄県名護市豊原224-3,26.52226311185611,128.0206396495089,http://nda.city.nago.okinawa.jp/,no,yes,,,,,no,no,no,no,no,no,,,,,,,,,,,,no,no,no,,,barrier_free_map,沖縄県バリアフリーマップ,http://okinawa-bf-map.jp/facility-info/detail?facility_id=1327,2018-04-25,1327,トイレ出入口形状=スライド,備考: 駐車台数100台以上 警備員が夜間と土日祝います / トイレ備考: バリアフリートイレにシャワーあり
47,沖縄県,47209,名護市,,名護市労働福祉センター,,,905-0015,沖縄県名護市大南2-1-25,26.59315747970102,127.97404312767151,http://www.city.nago.okinawa.jp/4/3858.html,no,yes,,,,,no,no,no,no,no,no,,,,,,,,,,,,no,no,no,,,barrier_free_map,沖縄県バリアフリーマップ,http://okinawa-bf-map.jp/facility-info/detail?facility_id=1328,2018-10-05,1328,トイレ出入口形状=スライド,備考: 駐車場なし
47,沖縄県,47215,南城市,,大里北児童館,,,901-1201,沖縄県南城市大里嶺井515-1,26.1961995,127.7478299,/,no,no,,,,,no,no,no,no,no,no,,,,,,,,,,,,yes,no,no,,,barrier_free_map,沖縄県バリアフリーマップ,http://okinawa-bf-map.jp/facility-info/detail?facility_id=1329,2019-01-24,1329,トイレ出入口形状=開き戸,備考: 駐車場収容台数 5台
47,沖縄県,47209,名護市,,久志農村環境改善センター,,,905-2266,沖縄県名護市瀬嵩7 / 名護市役所久志支所,26.549164085897576,128.05093992200045,http://www.city.nago.okinawa.jp/6/5798.html,no,yes,,,,,no,no,no,no,no,no,,,,,,,,,,,,no,no,no,,,barrier_free_map,沖縄県バリアフリーマップ,http://okinawa-bf-map.jp/facility-info/detail?facility_id=1330,2018-04-25,1330,トイレ出入口形状=スライド,備考: 0980-55-8101（市企画総務部久志支所） / 備考: 駐車台数10台
47,沖縄県,47215,南城市,,南城市体験滞在交流センター（がんじゅう駅・南城）,,,901-1511,沖縄県南城市知念字久手堅541,26.1692349,127.8270356,http://okinawa-nanjo.jp/station/,yes,yes,,,,,yes,no,yes,no,no,no,,,,,,,,,,,,no,yes,no,,,barrier_free_map,沖縄県バリアフリーマップ,http://okinawa-bf-map.jp/facility-info/detail?facility_id=1331,2024-05-30,1331,トイレ出入口形状=スライド,備考: ※各体験サービスは PayPay利用可 ※世界文化遺産 斎場御嶽(せーふぁうたき)の資料室・上映室 ※各体験サービス提供 / トイレ備考: 一般トイレ段差 なし 開口幅80cm以上 あり 和式トイレ2室(男1・女1) 洋式 5室(男2・女3) 男 : 小便器×1 手すり有り
47,沖縄県,47215,南城市,,沖縄県ライフル射撃場,,,901-1202,沖縄県南城市大里1329,26.192938316004966,127.7607153305496,http://www.ounoyama.jp/each-facility-guidance/shooting-range/,no,no,,,,,no,no,no,no,no,no,,,,,,,,,,,,no,no,no,,,barrier_free_map,沖縄県バリアフリーマップ,http://okinawa-bf-map.jp/facility-info/detail?facility_id=1332,2018-03-12,1332,トイレ出入口形状=開き戸,備考: 駐車場収容台数 50台
47,沖縄県,47209,名護市,,名護市営 庭球場,,,905-0011,沖縄県名護市宮里1-28,26.5931824,127.9730942,/,no,no,,,,,no,no,no,no,no,no,,,,,,,,,,,,yes,no,no,,,barrier_free_map,沖縄県バリアフリーマップ,http://okinawa-bf-map.jp/facility-info/detail?facility_id=1333,2019-10-31,1333,トイレ出入口形状=引戸,備考: 駐車台数40台 / トイレ備考: 入口段差12cm
47,沖縄県,47308,本部町,,八重岳桜の森公園,,,905-0222,沖縄県本部町並里921,26.6477123,127.9159717,http://www.town.motobu.okinawa.jp/shisetu/kouen,no,yes,,,,,no,no,no,no,no,no,,,,,,,,,,,,no,no,no,,,barrier_free_map,沖縄県バリアフリーマップ,http://okinawa-bf-map.jp/facility-info/detail?facility_id=1334,2016-03-02,1334,トイレ出入口形状=スライド,備考: 連絡先0980-47-2700（本部町産業振興課） / 備考: 駐車場収容台数200台 / トイレ備考: 鍵は壊れている
47,沖縄県,47209,名護市,,世冨慶街区公園,,,905-0022,沖縄県名護市世冨慶４４５－６,26.573274974029292,127.98723649977137,http://www.city.nago.okinawa.jp/4/3913.html,no,yes,,,,,,no,no,no,no,no,,,,,,,,,,,,no,no,no,,,barrier_free_map,沖縄県バリアフリーマップ,http://okinawa-bf-map.jp/facility-info/detail?facility_id=1335,2018-04-25,1335,トイレ出入口形状=スライド,備考: 駐車場なし / トイレ備考: 車椅子マークのトイレあり
47,沖縄県,47207,石垣市,,石垣リゾートグランヴィリオホテル,,,907-0024,沖縄県石垣市字新川舟蔵2481-1,24.3569272,124.1246382,http://www.route-inn.co.jp/gv/ishigaki/index.html,yes,yes,,,,,yes,no,yes,no,yes,yes,,,,,,,,,,,,no,yes,no,,,barrier_free_map,沖縄県バリアフリーマップ,http://okinawa-bf-map.jp/facility-info/detail?facility_id=1336,2019-08-05,1336,緊急通報装置あり / トイレ出入口形状=スライド,備考: 車いす対応客室あり（ドア：スライド、部屋の入口：段差なし、部屋の通路：車いす通行可能、バスルーム：入口段差なし・入口幅80cm以上、トイレ：手すりあり・車いすで入れる） / 備考: 駐車台数90台 / トイレ備考: オストメイト有り
47,沖縄県,47215,南城市,,南城市立シュガー児童館,,,901-1403,沖縄県南城市佐敷字佐敷315-2,26.1691197,127.78690570000003,http://www.city.nanjo.okinawa.jp/life/child/sien.html#jidoukan,no,yes,,,,,no,no,no,no,no,no,,,,,,,,,,,,no,no,no,,,barrier_free_map,沖縄県バリアフリーマップ,http://okinawa-bf-map.jp/facility-info/detail?facility_id=1337,2019-02-07,1337,緊急通報装置あり / トイレ出入口形状=スライド,トイレ備考: トイレ出入り口74cm
47,沖縄県,47209,名護市,,JAおきなわ北部介護福祉センター,,,905-0007,沖縄県名護市屋部1698-1,26.600915708553746,127.95366301901856,http://www.ja-okinawa.or.jp/store/detail.php?id=567,yes,yes,,,,,yes,no,yes,no,yes,no,,,,,,,,,,,,no,no,no,,,barrier_free_map,沖縄県バリアフリーマップ,http://okinawa-bf-map.jp/facility-info/detail?facility_id=1338,2018-04-25,1338,緊急通報装置あり / トイレ出入口形状=開き戸,特徴･注意点: 入所者が利用するトイレにはオストメイトあり。多目的トイレは車椅子トイレあり。 / 備考: 駐車場収容台数 32台 / トイレ備考: 便座付近にカーテンあり。
47,沖縄県,47209,名護市,,名護市営陸上競技場,,,905-0015,沖縄県名護市大南3-1-1,26.5956211,127.9759551,http://www.city.nago.okinawa.jp/4/3649.html,no,yes,,,,,,no,no,no,no,no,,,,,,,,,,,,yes,no,no,,,barrier_free_map,沖縄県バリアフリーマップ,http://okinawa-bf-map.jp/facility-info/detail?facility_id=1339,2018-04-25,1339,トイレ出入口形状=スライド,備考: 21世紀の森体育館が管理しています / 備考: 駐車台数7~8台
47,沖縄県,47209,名護市,,まなびの保育園,,,905-0007,沖縄県名護市屋部242-4,26.605096658111187,127.95295914480005,/,no,yes,,,,,no,no,no,no,no,no,,,,,,,,,,,,no,yes,no,,,barrier_free_map,沖縄県バリアフリーマップ,http://okinawa-bf-map.jp/facility-info/detail?facility_id=1340,2018-10-05,1340,トイレ出入口形状=スライド,備考: 駐車場収容台数 50台
47,沖縄県,47306,今帰仁村,,今帰仁村中央公民館,,,905-0401,沖縄県今帰仁村字仲宗根232,26.6815825,127.9725664,/,no,no,,,,,no,no,no,no,no,no,,,,,,,,,,,,yes,no,no,,,barrier_free_map,沖縄県バリアフリーマップ,http://okinawa-bf-map.jp/facility-info/detail?facility_id=1342,2010-05-01,1342,トイレ出入口形状=引戸,備考: 駐車場収容台数200台
47,沖縄県,47205,宜野湾市,,いなふくクリニック,,,901-2215,沖縄県宜野湾市真栄原3-12-20,26.263898612412994,127.74279027017133,http://inafuku.sakura.ne.jp/inafuku/page092.html,yes,yes,,,,,yes,no,no,no,no,yes,,,,,,,,,,,,no,no,no,,,barrier_free_map,沖縄県バリアフリーマップ,http://okinawa-bf-map.jp/facility-info/detail?facility_id=1343,2018-06-04,1343,緊急通報装置あり / トイレ出入口形状=開き戸,備考: 駐車台数10台
47,沖縄県,47209,名護市,,宇茂佐地区会館,,,905-0006,沖縄県名護市宇茂佐282,26.5954955,127.9569562,/,yes,yes,,,,,no,no,no,no,yes,no,,,,,,,,,,,,no,no,no,,,barrier_free_map,沖縄県バリアフリーマップ,http://okinawa-bf-map.jp/facility-info/detail?facility_id=1344,2019-02-15,1344,緊急通報装置あり / トイレ出入口形状=スライド,備考: 駐車場収容台数 6台 / トイレ備考: 男子小便器手すりあり。
47,沖縄県,47306,今帰仁村,,今帰仁村役場,,,905-0401,沖縄県今帰仁村字仲宗根219,26.6825269,127.9727386,http://www.nakijin.jp/,yes,yes,,,,,yes,no,no,no,yes,no,,,,,,,,,,,,no,yes,no,,,barrier_free_map,沖縄県バリアフリーマップ,http://okinawa-bf-map.jp/facility-info/detail?facility_id=1345,2020-07-08,1345,緊急通報装置あり / トイレ出入口形状=引戸,備考: 駐車場収容台数200台
47,沖縄県,47209,名護市,,勝山病院,,,905-0007,沖縄県名護市屋部468-1,26.6066192,127.945876,http://ryushinkai.jp/katsuyama/,no,yes,,,,,no,no,no,no,no,no,,,,,,,,,,,,no,yes,no,,,barrier_free_map,沖縄県バリアフリーマップ,http://okinawa-bf-map.jp/facility-info/detail?facility_id=1346,2018-04-25,1346,緊急通報装置あり / トイレ出入口形状=スライド,備考: 駐車場収容台数 200台 / トイレ備考: スライドドアとカーテンあり。
47,沖縄県,47209,名護市,,沖縄県立北部病院,,,905-0017,沖縄県名護市大中2-12-3,26.5925495,127.9861129,http://www.hosp.pref.okinawa.jp/hokubu/,yes,yes,,,,,no,no,no,yes,yes,no,,,,,,,,,,,,no,yes,yes,,,barrier_free_map,沖縄県バリアフリーマップ,http://okinawa-bf-map.jp/facility-info/detail?facility_id=1347,2018-04-25,1347,緊急通報装置あり / トイレ出入口形状=スライド,備考: 駐車場収容台数 214台
47,沖縄県,47306,今帰仁村,,今帰仁の駅 そーれ,,,905-0415,沖縄県今帰仁村字玉城157,26.6805993,127.9720471,http://www.so-renokai.jp/,no,yes,,,,,no,no,no,yes,no,no,,,,,,,,,,,,no,no,no,,,barrier_free_map,沖縄県バリアフリーマップ,http://okinawa-bf-map.jp/facility-info/detail?facility_id=1348,2020-07-08,1348,トイレ出入口形状=スライド,備考: 駐車場収容台数50台
47,沖縄県,47207,石垣市,,フサキビーチリゾート ホテル＆ヴィラズ,,,907-0024,沖縄県石垣市新川1625,24.3715653,124.1153971,http://www.fusaki.com/,yes,yes,,,,,yes,yes,yes,no,yes,yes,,,,,,,,,,,,no,yes,yes,,yes,barrier_free_map,沖縄県バリアフリーマップ,http://okinawa-bf-map.jp/facility-info/detail?facility_id=1351,2023-05-29,1351,緊急通報装置あり / 着替え台あり / トイレ出入口形状=引戸,トイレ備考: 一般トイレ 段差なし 開口幅80cm以上 あり
47,沖縄県,47212,豊見城市,,ネッツトヨタ沖縄株式会社とよさき店,,,901-0225,沖縄県豊見城市豊崎3-55,26.155809,127.653358,http://www.toyota.co.jp/netzokinawa/,yes,yes,,,,,yes,no,no,no,yes,yes,,,,,,,,,,,,no,no,yes,,,barrier_free_map,沖縄県バリアフリーマップ,http://okinawa-bf-map.jp/facility-info/detail?facility_id=1352,2010-05-01,1352,緊急通報装置あり / トイレ出入口形状=開き戸,備考: 駐車場収容台数 40台
47,沖縄県,47207,石垣市,,沖縄県立八重山厚生園,,,907-0024,沖縄県石垣市新川1740-2,24.359465805170885,124.1230725441803,http://www.okinawa-j.jp/yaeyama_kouseien,no,yes,,,,,yes,no,no,no,no,no,,,,,,,,,,,,no,no,no,,,barrier_free_map,沖縄県バリアフリーマップ,http://okinawa-bf-map.jp/facility-info/detail?facility_id=1353,2019-08-06,1353,緊急通報装置あり / トイレ出入口形状=スライド,備考: 駐車台数50台
47,沖縄県,47201,那覇市,,沖縄銀行 本店営業部,,,900-8651,沖縄県那覇市久茂地3-10-1,26.2146872,127.680351,http://www.okinawa-bank.co.jp/,no,yes,,,,,yes,no,no,no,yes,no,,,,,,,,,,,,no,no,no,,,barrier_free_map,沖縄県バリアフリーマップ,http://okinawa-bf-map.jp/facility-info/detail?facility_id=1354,2017-01-23,1354,緊急通報装置あり / トイレ出入口形状=スライド,備考: コインパーキング立体、平面両方あり。銀行営業時間内は当行駐車料金負担。時間外は有料。 / トイレ備考: トイレ入口幅83ｃｍ便座高さ46ｃｍ、便座手すり73ｃｍ、洗面台高さ72ｃｍ、ベビーシート高さ82ｃｍ
47,沖縄県,47212,豊見城市,,豊崎にじ公園,,,901-0241,沖縄県豊見城市豊崎1-2,26.15541061525003,127.66007045714719,http://www.city.tomigusuku.okinawa.jp/kankou/4558/4779,no,yes,,,,,no,no,no,no,no,no,,,,,,,,,,,,no,no,no,,,barrier_free_map,沖縄県バリアフリーマップ,http://okinawa-bf-map.jp/facility-info/detail?facility_id=1355,2017-12-28,1355,緊急通報装置あり / トイレ出入口形状=開き戸,備考: 電話無し。 / 備考: 駐車場収容台数 30台
47,沖縄県,47205,宜野湾市,,おやかわクリニック,,,901-2212,沖縄県宜野湾市長田1-29-1 / ディケアはごろも,26.262943,127.7622254,http://www.oyakawa-clinic.com,no,yes,,,,,no,no,no,no,no,no,,,,,,,,,,,,no,no,no,,,barrier_free_map,沖縄県バリアフリーマップ,http://okinawa-bf-map.jp/facility-info/detail?facility_id=1356,2018-11-30,1356,トイレ出入口形状=開き戸,備考: 正式名称 医療法人富岳会おやかわクリニック / 備考: 駐車台数20台 / トイレ備考: ディケアはごろもで車イスの方のトイレ利用可能
47,沖縄県,47205,宜野湾市,,ちゃたに内科呼吸器科,,,901-2227,沖縄県宜野湾市宇地泊724-2,26.2724141,127.7294994,http://chatani.atat.jp/i/f.php,no,yes,,,,,yes,no,no,no,no,yes,,,,,,,,,,,,no,no,no,,,barrier_free_map,沖縄県バリアフリーマップ,http://okinawa-bf-map.jp/facility-info/detail?facility_id=1357,2018-11-30,1357,緊急通報装置あり / トイレ出入口形状=スライド,備考: 駐車台数8台 / トイレ備考: 車イス専用は男子と一緒 小便器と洋式に呼び出し1つずつあり
47,沖縄県,47201,那覇市,,琉球サンロイヤルホテル,,,900-0034,沖縄県那覇市東町6-20,26.2133261,127.6750182,http://www.rsunroyal.co.jp,no,no,,,,,no,no,no,no,no,no,,,,,,,,,,,,no,yes,no,,,barrier_free_map,沖縄県バリアフリーマップ,http://okinawa-bf-map.jp/facility-info/detail?facility_id=1358,2015-09-10,1358,トイレ出入口形状=ドア無し,備考: 駐車場収容台数53台
47,沖縄県,47215,南城市,,湧稲国公民館,,,901-1204,沖縄県南城市稲嶺1095-1,26.1605666,127.7361161,/,no,yes,,,,,no,no,no,no,no,no,,,,,,,,,,,,no,no,no,,,barrier_free_map,沖縄県バリアフリーマップ,http://okinawa-bf-map.jp/facility-info/detail?facility_id=1359,2019-02-07,1359,トイレ出入口形状=スライド,備考: 駐車場収容台数 20台 / トイレ備考: 男子小便器手すりあり。
47,沖縄県,47207,石垣市,,クラブメッド石垣島,,,907-0453,沖縄県石垣市川平石崎1,24.479756,124.120468,http://www.clubmed.co.jp/r/%E7%9F%B3%E5%9E%A3%E5%B3%B6/y,no,no,,,,,yes,no,no,no,no,no,,,,,,,,,,,,,yes,no,,,barrier_free_map,沖縄県バリアフリーマップ,http://okinawa-bf-map.jp/facility-info/detail?facility_id=1360,2019-01-11,1360,トイレ出入口形状=開き戸,備考: 駐車台数10台
47,沖縄県,47205,宜野湾市,,ふくやま整形外科,,,901-2212,沖縄県宜野湾市長田1-28-1,26.2624653,127.7620671,http://www.fukuyama-seikeigeka.com/,yes,yes,,,,,yes,no,no,no,yes,yes,,,,,,,,,,,,no,no,no,,,barrier_free_map,沖縄県バリアフリーマップ,http://okinawa-bf-map.jp/facility-info/detail?facility_id=1361,2018-06-04,1361,緊急通報装置あり / トイレ出入口形状=開き戸,備考: 駐車台数20台
47,沖縄県,47215,南城市,,仲程公民館,,,901-1206,沖縄県南城市大里字仲間934-1,26.1768458,127.746284,/,no,yes,,,,,no,no,no,no,no,no,,,,,,,,,,,,yes,no,no,,,barrier_free_map,沖縄県バリアフリーマップ,http://okinawa-bf-map.jp/facility-info/detail?facility_id=1362,2019-01-28,1362,トイレ出入口形状=開き戸,備考: 駐車場収容台数 6台 / トイレ備考: 出入口段差10cm 身障者専用トイレは施錠されていて使用不可。
47,沖縄県,47205,宜野湾市,,まえはら内科,,,901-2215,沖縄県宜野湾市真栄原3-19-8,26.2639622,127.7440267,http://www.chubu-ishikai.or.jp/cma_public/search_institution/InstitutionDetail.aspx?InstitutionCd=25,no,yes,,,,,no,no,no,no,no,no,,,,,,,,,,,,no,no,no,,,barrier_free_map,沖縄県バリアフリーマップ,http://okinawa-bf-map.jp/facility-info/detail?facility_id=1363,2018-12-03,1363,トイレ出入口形状=開き戸,備考: 駐車台数6台
47,沖縄県,47205,宜野湾市,,ラグナガーデンホテル,,,901-2224,沖縄県宜野湾市真志喜4-1-1,26.2806108,127.7379623,http://www.laguna-garden.jp/,no,yes,,,,,no,no,no,no,yes,no,,,,,,,,,,,,no,yes,no,,,barrier_free_map,沖縄県バリアフリーマップ,http://okinawa-bf-map.jp/facility-info/detail?facility_id=1365,2019-01-07,1365,緊急通報装置あり / トイレ出入口形状=スライド,特徴･注意点: ショップ無し。レストラン無し。 / 備考: ・正式名称 全日空ホテルズ ラグナガーデンホテル ・車いす対応客室あり（ドア：引き戸、部屋の入口：段差なし、部屋の通路：車いす通行可能、バスルーム：入口段差なし・入口幅80cm以上、トイレ：手すりあり・車いすで入れる） / 備考: 駐車台数530台 / トイレ備考: 男子 小用5（手すりあり） 洋式5
47,沖縄県,47212,豊見城市,,豊崎ライフスタイルセンターTOMITON,,,901-0225,沖縄県豊見城市豊崎1-411,26.1579281,127.6593861,/,yes,yes,,,,,yes,yes,yes,no,yes,yes,,,,,,,,,,,,no,yes,yes,,,barrier_free_map,沖縄県バリアフリーマップ,http://okinawa-bf-map.jp/facility-info/detail?facility_id=1367,2024-05-20,1367,トイレ出入口形状=開き戸,備考: 駐車場収容台数 880台
47,沖縄県,47205,宜野湾市,,沖縄コンベンションセンター,,,901-2224,沖縄県宜野湾市真志喜4-3-1,26.2797498,127.7335459,http://www.oki-conven.jp/,yes,yes,,,,,yes,no,no,no,yes,yes,,,,,,,,,,,,no,no,no,,,barrier_free_map,沖縄県バリアフリーマップ,http://okinawa-bf-map.jp/facility-info/detail?facility_id=1368,2022-08-02,1368,緊急通報装置あり / トイレ出入口形状=スライド,特徴･注意点: 取り付けスロープを設置 観覧席（イス取り外し7席） 段差19cmX6段 スロープ幅93cm（館内） / 備考: コンベンションセンター内には4棟の建物があります。 / 備考: 駐車台数460台 身障者~館内までの距離 60~80m / トイレ備考: 小便器106台
47,沖縄県,47205,宜野湾市,,長濱眼科,,,901-2227,沖縄県宜野湾市宇地泊701 / メガネ一番宇地泊店,26.27312547456882,127.7278031982612,http://www.nagahamaganka.com/,yes,yes,,,,,yes,no,no,no,no,yes,,,,,,,,,,,,no,no,no,,,barrier_free_map,沖縄県バリアフリーマップ,http://okinawa-bf-map.jp/facility-info/detail?facility_id=1369,2018-12-03,1369,トイレ出入口形状=スライド,備考: 駐車台数40台 / トイレ備考: 障害者トイレと男子小用は一緒
47,沖縄県,47311,恩納村,,県民の森 総合案内棟,,,904-0402,沖縄県恩納村字安富祖2028,26.503908,127.9104937,http://www.pref.okinawa.jp/site/norin/shinrin/kenminnomori/kenminnomori.html,no,yes,,,,,no,no,no,no,no,no,,,,,,,,,,,,no,no,no,,,barrier_free_map,沖縄県バリアフリーマップ,http://okinawa-bf-map.jp/facility-info/detail?facility_id=1370,2020-05-07,1370,トイレ出入口形状=スライド,備考: 駐車場収容台数 200台
47,沖縄県,47205,宜野湾市,,宜野湾港マリーナ管理事務所,,,901-2224,沖縄県宜野湾市真志喜4-4-1,26.280047171140712,127.73011968161472,http://www.ginowanmarina.com/,no,no,,,,,no,no,no,no,no,no,,,,,,,,,,,,no,no,no,,,barrier_free_map,沖縄県バリアフリーマップ,http://okinawa-bf-map.jp/facility-info/detail?facility_id=1371,2018-06-04,1371,トイレ出入口形状=開き戸,備考: 駐車台数565台
47,沖縄県,47212,豊見城市,,琉球ダイハツ販売株式会社豊崎店,,,901-0225,沖縄県豊見城市豊崎3-56,26.1561366,127.6545442,http://www.ryukyu-daihatsu.co.jp/shop/toyosaki/,yes,yes,,,,,yes,no,no,no,yes,no,,,,,,,,,,,,no,yes,no,,,barrier_free_map,沖縄県バリアフリーマップ,http://okinawa-bf-map.jp/facility-info/detail?facility_id=1372,2017-02-15,1372,トイレ出入口形状=開き戸,備考: 駐車場収容台数 20台
47,沖縄県,47205,宜野湾市,,宜野湾マリン支援センターまりりんぎのわん,,,901-2223,沖縄県宜野湾市大山7-10-27,26.2839523,127.7433479,http://maririne.jp/,no,yes,,,,,no,yes,yes,no,no,no,,,,,,,,,,,,no,no,no,,,barrier_free_map,沖縄県バリアフリーマップ,http://okinawa-bf-map.jp/facility-info/detail?facility_id=1373,2018-06-04,1373,緊急通報装置あり / トイレ出入口形状=スライド,備考: 駐車台数100台 / トイレ備考: 一般トイレ入口幅105cm
47,沖縄県,47205,宜野湾市,,いこいの市民パーク,,,901-2207,沖縄県宜野湾市宜野湾1-14-24,26.2677368,127.761799,http://www.city.ginowan.lg.jp/shisei/kokyoshisetsu/5/3376.html,no,yes,,,,,no,no,no,no,no,no,,,,,,,,,,,,yes,no,yes,,,barrier_free_map,沖縄県バリアフリーマップ,http://okinawa-bf-map.jp/facility-info/detail?facility_id=1374,2022-09-01,1374,トイレ出入口形状=スライド,特徴･注意点: 毎週火曜日は管理事務所が休みのため スケートボード場・テニスコート場の使用不可とります。 / 備考: 施設管理者:はごろも PMパートナーズ / 備考: 身体障がい者用駐車場 南側に2台 東側に1台 管理事務所 裏2台に 事前連絡お願いします。 / トイレ備考: 小用3 手すりあり 便座と手すりが離れている
47,沖縄県,47213,うるま市,,うるま市石川地区公民館,,,904-1101,沖縄県うるま市石川曙2-1-52,26.4217878,127.8255483,/,no,yes,,,,,no,no,no,no,no,no,,,,,,,,,,,,no,no,no,,,barrier_free_map,沖縄県バリアフリーマップ,http://okinawa-bf-map.jp/facility-info/detail?facility_id=1375,2010-05-08,1375,トイレ出入口形状=スライド,備考: 駐車場収容台数 30台
47,沖縄県,47205,宜野湾市,,海邦病院,,,901-2224,沖縄県宜野湾市真志喜2-23-5,26.2777790955081,127.73713982949982,http://kaiho.or.jp/,no,yes,,,,,yes,no,no,no,no,yes,,,,,,,,,,,,yes,no,yes,,no,barrier_free_map,沖縄県バリアフリーマップ,http://okinawa-bf-map.jp/facility-info/detail?facility_id=1376,2024-03-15,1376,緊急通報装置あり / 着替え台あり / トイレ出入口形状=スライド,備考: 正式名称 医療法人球陽会海邦病院 / 備考: 駐車台数150台
47,沖縄県,47205,宜野湾市,,はにんす宜野湾,,,901-2223,沖縄県宜野湾市大山7-6-1,26.28665047242306,127.74721859905534,/,yes,yes,,,,,yes,no,no,no,yes,no,,,,,,,,,,,,no,no,no,,,barrier_free_map,沖縄県バリアフリーマップ,http://okinawa-bf-map.jp/facility-info/detail?facility_id=1378,2024-05-15,1378,緊急通報装置あり / トイレ出入口形状=スライド,備考: 電話番号は管理事務所の番号 / 備考: 各店舗の前に身障者用駐車場がある
47,沖縄県,47205,宜野湾市,,医療法人 アース サンクリニック,,,901-2221,沖縄県宜野湾市伊佐2-9-35,26.2872021,127.754497,http://www.chubu-ishikai.or.jp/cma_public/search_institution/InstitutionDetail.aspx?InstitutionCd=11,no,yes,,,,,yes,no,no,no,no,no,,,,,,,,,,,,no,no,no,,,barrier_free_map,沖縄県バリアフリーマップ,http://okinawa-bf-map.jp/facility-info/detail?facility_id=1379,2018-12-03,1379,緊急通報装置あり / トイレ出入口形状=スライド,備考: 駐車台数27台 / トイレ備考: 入口96cm 小用1 手すりなし
47,沖縄県,47211,沖縄市,,沖縄市立美里保育所,,,904-2153,沖縄県沖縄市美里929,26.3412291,127.815721,/,no,no,,,,,no,no,no,no,no,no,,,,,,,,,,,,yes,no,yes,,,barrier_free_map,沖縄県バリアフリーマップ,http://okinawa-bf-map.jp/facility-info/detail?facility_id=1380,2010-05-01,1380,トイレ出入口形状=引戸,特徴･注意点: 手すり設置。 / 備考: 駐車場収容台数 15台 / トイレ備考: 出入口段差9cm 児童用便座3室あり。 乳幼児用便座1室あり。
47,沖縄県,47211,沖縄市,,東区自治会事務所,,,904-2154,沖縄県沖縄市東1-7-10,26.3418347,127.8201289,/,no,no,,,,,no,no,no,no,no,no,,,,,,,,,,,,no,no,no,,,barrier_free_map,沖縄県バリアフリーマップ,http://okinawa-bf-map.jp/facility-info/detail?facility_id=1381,2010-05-19,1381,トイレ出入口形状=引戸,備考: 駐車場収容台数 12台
47,沖縄県,47205,宜野湾市,,ユニオン新城店,,,901-2201,沖縄県宜野湾市新城2-41-25,26.2849441,127.7679128,http://union-okinawa.com/,yes,yes,,,,,yes,no,no,no,yes,no,,,,,,,,,,,,no,no,no,,,barrier_free_map,沖縄県バリアフリーマップ,http://okinawa-bf-map.jp/facility-info/detail?facility_id=1382,2018-06-05,1382,トイレ出入口形状=スライド,備考: 駐車場収容台数104台
47,沖縄県,47211,沖縄市,,障害者多機能型支援施設チャレンジ,,,904-2171,沖縄県沖縄市高原6-2-8,26.3217339,127.8290454,http://anshinkai.jp/challenge.html,no,yes,,,,,yes,no,yes,no,no,no,,,,,,,,,,,,no,no,no,,,barrier_free_map,沖縄県バリアフリーマップ,http://okinawa-bf-map.jp/facility-info/detail?facility_id=1385,2019-05-09,1385,緊急通報装置あり / トイレ出入口形状=スライド,備考: 駐車場収容台数 10台
47,沖縄県,47213,うるま市,,屋慶名児童館,,,904-2304,沖縄県うるま市与那城屋慶名981,26.32301852073562,127.90486389503712,http://www.city.uruma.lg.jp/kurashi/119/781/786,no,no,,,,,no,no,no,no,no,no,,,,,,,,,,,,yes,no,no,,,barrier_free_map,沖縄県バリアフリーマップ,http://okinawa-bf-map.jp/facility-info/detail?facility_id=1386,2018-07-17,1386,トイレ出入口形状=引戸,備考: 正式名称 うるま市役所福祉部児童家庭課屋慶名児童館 / 備考: 駐車場収容台数5台
47,沖縄県,47211,沖縄市,,デイサービスあわせ,,,904-2173,沖縄県沖縄市泡瀬4-41-7,26.3154307,127.82772269999998,http://www.tapic-reha.or.jp/,no,yes,,,,,yes,no,no,no,no,no,,,,,,,,,,,,no,no,no,,,barrier_free_map,沖縄県バリアフリーマップ,http://okinawa-bf-map.jp/facility-info/detail?facility_id=1388,2019-03-21,1388,緊急通報装置あり / トイレ出入口形状=ドア無し,備考: 駐車場収容台数 12台 / トイレ備考: ドアはカーテンになっています。 男子小便器手すりあり。
47,沖縄県,47205,宜野湾市,,宜野湾海浜公園,,,901-2224,沖縄県宜野湾市真志喜4-2-1,26.2796026,127.7372624,http://www.ginowankaihinkouen.jp/,no,yes,,,,,no,no,no,no,no,no,,,,,,,,,,,,yes,no,no,,,barrier_free_map,沖縄県バリアフリーマップ,http://okinawa-bf-map.jp/facility-info/detail?facility_id=1389,2020-05-07,1389,トイレ出入口形状=スライド,備考: 駐車台数350台 宜野湾市立体育館供用 / トイレ備考: 小用2個
47,沖縄県,47211,沖縄市,,知花自治会,,,904-2143,沖縄県沖縄市知花1-11-7,26.3589858,127.8134568,http://www.city.okinawa.okinawa.jp/about/4697/11944,no,no,,,,,no,no,no,no,no,no,,,,,,,,,,,,yes,no,yes,,,barrier_free_map,沖縄県バリアフリーマップ,http://okinawa-bf-map.jp/facility-info/detail?facility_id=1390,2019-03-25,1390,トイレ出入口形状=開き戸,特徴･注意点: スロープはある。 / 備考: 駐車場収容台数 15台 / トイレ備考: 出入口段差10cm
47,沖縄県,47213,うるま市,,川崎区自治会,,,904-2203,沖縄県うるま市川崎202,26.3846151877878,127.84296214498295,http://www.city.uruma.lg.jp/tiiki/156/1495/10499/10511,no,no,,,,,no,no,no,no,no,no,,,,,,,,,,,,yes,no,no,,,barrier_free_map,沖縄県バリアフリーマップ,http://okinawa-bf-map.jp/facility-info/detail?facility_id=1391,2018-07-17,1391,トイレ出入口形状=引戸,備考: 駐車場収容台数30台
47,沖縄県,47213,うるま市,,沖縄銀行安慶名支店,,,904-2214,沖縄県うるま市安慶名1丁目8番59号,26.3735792,127.85366390000002,http://www.okinawa-bank.co.jp/shop_atm/2014061100867/,no,no,,,,,no,no,no,no,no,no,,,,,,,,,,,,no,no,no,,,barrier_free_map,沖縄県バリアフリーマップ,http://okinawa-bf-map.jp/facility-info/detail?facility_id=1392,2018-07-17,1392,トイレ出入口形状=引戸,備考: 駐車場収容台数53台
47,沖縄県,47213,うるま市,,うるま市立中央図書館,,,904-2221,沖縄県うるま市字平良川128,26.36520798186885,127.84914703817662,http://www.city.uruma.lg.jp/shisei/160/2357/2363,no,yes,,,,,no,no,no,yes,no,no,,,,,,,,,,,,yes,no,no,,,barrier_free_map,沖縄県バリアフリーマップ,http://okinawa-bf-map.jp/facility-info/detail?facility_id=1393,2024-08-14,1393,緊急通報装置あり / トイレ出入口形状=スライド,特徴･注意点: 児童コーナーにベビーベッド設置 / 備考: 特別整理期間 蔵書点検のため、お休みになります。 平成３０年９月４日（火）～９月１４日（金） / 備考: 屋根の有無は一部だけあり 第一駐車場26台、第二駐車場21台 ちゅらうみパーキング利用証制度参加あり / トイレ備考: 一般トイレ段差あり 児童コーナー側に子供用トイレの設置あり
47,沖縄県,47211,沖縄市,,沖縄市福祉文化プラザ児童センター,,,904-2171,沖縄県沖縄市高原7-35-1,26.3206145,127.8260512,http://www.city.okinawa.okinawa.jp/about/130/453,yes,yes,,,,,yes,no,no,yes,yes,no,,,,,,,,,,,,no,no,yes,,,barrier_free_map,沖縄県バリアフリーマップ,http://okinawa-bf-map.jp/facility-info/detail?facility_id=1395,2020-05-07,1395,緊急通報装置あり / 着替え台あり / トイレ出入口形状=スライド,備考: 駐車場収容台数 15台
47,沖縄県,47213,うるま市,,南風原地区コミュニティ供用施設（南風原公民館）,,,904-2311,沖縄県うるま市勝連南風原255,26.3388671,127.8741431,/,yes,yes,,,,,yes,no,no,no,yes,no,,,,,,,,,,,,no,no,no,,,barrier_free_map,沖縄県バリアフリーマップ,http://okinawa-bf-map.jp/facility-info/detail?facility_id=1396,2010-05-01,1396,緊急通報装置あり / 着替え台あり / トイレ出入口形状=スライド,備考: 駐車場収容台数 4台
47,沖縄県,47213,うるま市,,沖縄銀行赤道支店,,,904-2245,沖縄県うるま市赤道18-10,26.356928272179918,127.83580378836065,http://www.okinawa-bank.co.jp/shop_atm/2014061100850/,no,no,,,,,no,no,no,no,no,no,,,,,,,,,,,,yes,no,no,,,barrier_free_map,沖縄県バリアフリーマップ,http://okinawa-bf-map.jp/facility-info/detail?facility_id=1397,2018-07-10,1397,トイレ出入口形状=引戸,備考: 駐車場収容台数18台
47,沖縄県,47311,恩納村,,オリエンタルヒルズ沖縄,,,904-0404,沖縄県恩納村瀬良垣79-1,26.504649,127.8779188,http://or-okinawa.com/,yes,yes,,,,,yes,no,no,no,yes,no,,,,,,,,,,,,yes,no,no,,,barrier_free_map,沖縄県バリアフリーマップ,http://okinawa-bf-map.jp/facility-info/detail?facility_id=1398,2019-01-08,1398,トイレ出入口形状=スライド,特徴･注意点: 客室はコテージ方式でカートによる移動 車寄せ付け人的介助による昇降可 / 備考: 正式名称 株式会社オリエンタルリゾートアソシエイツ オリエンタルヒルズ沖縄 / 備考: 駐車台数24台
47,沖縄県,47311,恩納村,,ジ・アッタテラス クラブタワーズ,,,904-0402,沖縄県恩納村安富祖1079,26.4997523,127.8960563,http://www.terrace.co.jp/clubtowers/,no,yes,,,,,yes,no,no,no,no,no,,,,,,,,,,,,no,no,no,,,barrier_free_map,沖縄県バリアフリーマップ,http://okinawa-bf-map.jp/facility-info/detail?facility_id=1399,2023-05-18,1399,緊急通報装置あり / トイレ出入口形状=スライド,特徴･注意点: バリアフリールーム2室 / 備考: ・正式名称 ジ・アッタテラス クラブタワーズ ・車いす対応客室あり（ドア：開き戸、部屋の入口：段差なし、部屋の通路：車いす通行可能、バスルーム：入口段差なし・入口幅80cm以上、トイレ：手すりあり・車いすで入れる） / 備考: バレットサービス有り (ホテルスタッフにて駐車を代行サービス) / トイレ備考: 洋式男性用1室/女性用2室
47,沖縄県,47211,沖縄市,,ヒロ歯科クリニック,,,904-2171,沖縄県沖縄市高原5-9-32 / ハイムマツカワ1階,26.3224948,127.8220126,http://www.hiro-dentalclinic.com/,yes,yes,,,,,no,no,no,no,yes,no,,,,,,,,,,,,no,no,no,,,barrier_free_map,沖縄県バリアフリーマップ,http://okinawa-bf-map.jp/facility-info/detail?facility_id=1400,2019-03-21,1400,着替え台あり / トイレ出入口形状=引戸,特徴･注意点: スロープあり。連絡あれば人的介助可。 / 備考: 駐車場収容台数 20台
47,沖縄県,47213,うるま市,,海の駅 あやはし館,,,904-2427,沖縄県うるま市与那城屋平4,26.3326138,127.9288503,http://ayahashikan.co.jp/,yes,yes,,,,,no,yes,no,no,yes,no,,,,,,,,,,,,no,no,no,,,barrier_free_map,沖縄県バリアフリーマップ,http://okinawa-bf-map.jp/facility-info/detail?facility_id=1402,2018-07-10,1402,緊急通報装置あり / 着替え台あり / トイレ出入口形状=スライド,備考: 駐車場収容台数300台 / トイレ備考: 男子トイレ手すり有り和1、洋1、小3 男子トイレにもベビーベッド有り
47,沖縄県,47311,恩納村,,ANAインターコンチネンタル万座ビーチリゾート,,,904-0493,沖縄県恩納村瀬良垣2260,26.5081654,127.8581399,http://www.anaintercontinental-manza.jp,yes,yes,,,,,yes,yes,no,no,yes,no,,,,,,,,,,,,yes,yes,yes,,,barrier_free_map,沖縄県バリアフリーマップ,http://okinawa-bf-map.jp/facility-info/detail?facility_id=1403,2019-01-08,1403,緊急通報装置あり / トイレ出入口形状=スライド,備考: 車いす対応客室あり（ドア：開き戸、部屋の入口：段差なし、部屋の通路：車いす通行可能、バスルーム：入口段差なし・入口幅80cm以上、トイレ：手すりあり・車いすで入れる） / 備考: 駐車台数500台
47,沖縄県,47326,北谷町,,まつしま歯科医院,,,904-0115,沖縄県北谷町美浜1-1-10,26.310612760836634,127.76193014655767,http://mtdent.ti-da.net/,no,yes,,,,,no,no,no,no,no,no,,,,,,,,,,,,no,no,no,,,barrier_free_map,沖縄県バリアフリーマップ,http://okinawa-bf-map.jp/facility-info/detail?facility_id=1404,2018-01-09,1404,トイレ出入口形状=スライド,備考: 駐車台数15台
47,沖縄県,47213,うるま市,,うるま市与那城東照間地内工場等,,,904-2301,沖縄県うるま市与那城照間1860-1,26.3384177,127.8907995,/,no,yes,,,,,yes,no,yes,no,no,no,,,,,,,,,,,,no,no,no,,,barrier_free_map,沖縄県バリアフリーマップ,http://okinawa-bf-map.jp/facility-info/detail?facility_id=1405,2010-05-01,1405,緊急通報装置あり / トイレ出入口形状=スライド,備考: 駐車場収容台数 57台
47,沖縄県,47213,うるま市,,サンエー赤崎店,,,904-1103,沖縄県うるま市石川赤崎2-1-1 / マクドナルドと同じ施設,26.4332481,127.8344666,http://www.san-a.co.jp/store/500/,yes,yes,,,,,yes,no,no,no,yes,yes,,,,,,,,,,,,no,no,no,,,barrier_free_map,沖縄県バリアフリーマップ,http://okinawa-bf-map.jp/facility-info/detail?facility_id=1406,2020-03-03,1406,着替え台あり / トイレ出入口形状=スライド,備考: 運営 株式会社サンエー / 備考: 駐車場収容台数 131台
47,沖縄県,47205,宜野湾市,,サンフティーマ,,,901-2202,沖縄県宜野湾市普天間2-14-1,26.2896717,127.777648,http://sunfutema.jimdosite.com,yes,yes,,,,,no,no,no,no,yes,yes,,,,,,,,,,,,no,no,no,,,barrier_free_map,沖縄県バリアフリーマップ,http://okinawa-bf-map.jp/facility-info/detail?facility_id=1408,2026-09-24,1408,緊急通報装置あり / トイレ出入口形状=スライド,備考: 立体駐車場とはスロープでつながっている。 身体障害者専用駐車場収容台数は１Ｆは２台 ２Ｆは１台 / トイレ備考: 和式は女性用のみ 多目的トイレに緊急通報装置がある
47,沖縄県,47213,うるま市,,うるま市石川多目的ドーム,,,904-1106,沖縄県うるま市石川2298-1,26.436019361284565,127.82302174337772,http://www.city.uruma.lg.jp/iina/2394,no,yes,,,,,no,no,no,no,no,no,,,,,,,,,,,,no,no,no,,,barrier_free_map,沖縄県バリアフリーマップ,http://okinawa-bf-map.jp/facility-info/detail?facility_id=1409,2020-03-03,1409,トイレ出入口形状=スライド,特徴･注意点: 主に闘牛の試合のある日に開館。 / 備考: 098-923-7612 ※TELはうるま市観光振興課に繋がります。 / 備考: 駐車場収容台数 130台
47,沖縄県,47215,南城市,,南城市役所本庁舎,,,901-0611,沖縄県南城市玉城字富里143,26.1444019,127.7669222,http://www.city.nanjo.okinawa.jp/,no,yes,,,,,no,no,no,no,no,no,,,,,,,,,,,,no,no,no,,,barrier_free_map,沖縄県バリアフリーマップ,http://okinawa-bf-map.jp/facility-info/detail?facility_id=1410,2018-03-12,1410,緊急通報装置あり / トイレ出入口形状=スライド,備考: 駐車場収容台数70台
47,沖縄県,47213,うるま市,,豊原保育所,,,904-2233,沖縄県うるま市豊原230-1,26.348427513140518,127.85239833743435,http://www.city.uruma.lg.jp/kurashi/119/801/809/808,no,no,,,,,no,no,no,no,no,no,,,,,,,,,,,,yes,no,no,,,barrier_free_map,沖縄県バリアフリーマップ,http://okinawa-bf-map.jp/facility-info/detail?facility_id=1411,2018-07-17,1411,トイレ出入口形状=引戸,備考: 正式名称 うるま市役所福祉部保育課豊原保育所 / 備考: 駐車場収容台数 12台
47,沖縄県,47215,南城市,,南城市立大里南児童館,,,901-1204,沖縄県南城市大里稲嶺２１０１−８９,26.1696521,127.7428819,http://www.city.nanjo.okinawa.jp/kosodate/hokago/1579083353/,no,no,,,,,no,no,no,no,no,no,,,,,,,,,,,,yes,no,no,,,barrier_free_map,沖縄県バリアフリーマップ,http://okinawa-bf-map.jp/facility-info/detail?facility_id=1412,2022-01-24,1412,トイレ出入口形状=開き戸,
47,沖縄県,47205,宜野湾市,,財団法人沖縄県建築技術センター（普天間庁舎）,,,901-2202,沖縄県宜野湾市普天間1-2-16,26.2880802,127.7787091,http://www.okinawa-ctc.or.jp/,no,no,,,,,yes,no,no,no,no,no,,,,,,,,,,,,yes,no,no,,,barrier_free_map,沖縄県バリアフリーマップ,http://okinawa-bf-map.jp/facility-info/detail?facility_id=1413,2018-06-06,1413,トイレ出入口形状=開き戸,備考: 駐車場台数50台 / トイレ備考: トイレ入口段差6cm
47,沖縄県,47215,南城市,,大里グリーンタウン自治会事務所,,,901-1204,沖縄県南城市大里稲嶺2127-231,26.1679217,127.7441096,/,no,yes,,,,,no,no,no,no,no,no,,,,,,,,,,,,no,no,no,,,barrier_free_map,沖縄県バリアフリーマップ,http://okinawa-bf-map.jp/facility-info/detail?facility_id=1414,2010-05-01,1414,緊急通報装置あり / トイレ出入口形状=スライド,備考: 駐車場収容台数30台
47,沖縄県,47311,恩納村,,御菓子御殿 恩納店,,,904-0404,沖縄県恩納村瀬良垣100,26.5066544,127.878502,http://www.okashigoten.co.jp,no,yes,,,,,no,no,no,no,no,no,,,,,,,,,,,,no,yes,no,,,barrier_free_map,沖縄県バリアフリーマップ,http://okinawa-bf-map.jp/facility-info/detail?facility_id=1415,2018-07-03,1415,緊急通報装置あり / トイレ出入口形状=スライド,備考: 駐車場収容台数50台。
47,沖縄県,47213,うるま市,,天願公民館,,,904-2202,沖縄県うるま市天願76,26.3859225,127.8557998,http://www.city.uruma.lg.jp/tiiki/156/1495/10499/10508,no,yes,,,,,no,no,no,no,no,no,,,,,,,,,,,,no,no,no,,,barrier_free_map,沖縄県バリアフリーマップ,http://okinawa-bf-map.jp/facility-info/detail?facility_id=1416,2018-07-17,1416,トイレ出入口形状=スライド,備考: 駐車場収容台数 20台
47,沖縄県,47211,沖縄市,,与儀公民館 (与儀区自治会事務所),,,904-2174,沖縄県沖縄市与儀一丁目１３番１号,26.3109062,127.81422359999999,http://www.city.okinawa.okinawa.jp/about/4697/11951,no,no,,,,,no,no,no,no,no,no,,,,,,,,,,,,yes,no,no,,,barrier_free_map,沖縄県バリアフリーマップ,http://okinawa-bf-map.jp/facility-info/detail?facility_id=1417,2019-03-25,1417,トイレ出入口形状=引戸,
47,沖縄県,47207,石垣市,,川平公園,,,907-0453,沖縄県石垣市川平934-1,24.4608538,124.1425998,/,no,yes,,,,,no,no,no,no,no,no,,,,,,,,,,,,,no,no,,,barrier_free_map,沖縄県バリアフリーマップ,http://okinawa-bf-map.jp/facility-info/detail?facility_id=1418,2019-08-05,1418,トイレ出入口形状=引戸,備考: 駐車台数30~50台
47,沖縄県,47311,恩納村,,みゆきハマバルリゾート,,,904-0402,沖縄県恩納村安富祖1314,26.502113,127.8849155,http://www.hotel-miyuki.jp/hamabaru/,no,yes,,,,,yes,no,no,no,no,no,,,,,,,,,,,,no,no,no,,,barrier_free_map,沖縄県バリアフリーマップ,http://okinawa-bf-map.jp/facility-info/detail?facility_id=1419,2019-03-06,1419,緊急通報装置あり / トイレ出入口形状=スライド,特徴･注意点: インフルエンザ等に対応した救護室あり 救護室はありますがバリアフリー対応ではありません。 / 備考: 車いす対応客室あり（ドア：開き戸、部屋の入口：段差なし、部屋の通路：車いす通行可能、バスルーム：入口段差なし・入口幅80cm以上、トイレ：手すりあり・車いすで入れる） / 備考: 駐車台数70台
47,沖縄県,47213,うるま市,,うるま市役所うるま市教育委員会勝連B&G海洋センター,,,904-2312,沖縄県うるま市勝連平安名2805,26.3141916,127.8930828,http://www.city.uruma.lg.jp/culture/144/740/1130,no,yes,,,,,no,no,no,no,no,no,,,,,,,,,,,,yes,no,no,,,barrier_free_map,沖縄県バリアフリーマップ,http://okinawa-bf-map.jp/facility-info/detail?facility_id=1420,2018-07-10,1420,トイレ出入口形状=ドア無し,備考: 駐車場収容台数 40台 / トイレ備考: ドアはアコーディオンカーテンになっています。 出入口段差2cm
47,沖縄県,47207,石垣市,,みね屋伝統手織り工芸館,,,907-0024,沖縄県石垣市新川1129-2,24.3831003,124.1359692,http://www.mineya.com,no,no,,,,,no,no,no,no,no,no,,,,,,,,,,,,yes,no,no,,,barrier_free_map,沖縄県バリアフリーマップ,http://okinawa-bf-map.jp/facility-info/detail?facility_id=1421,2023-11-16,1421,トイレ出入口形状=開き戸,備考: 駐車台数80台
47,沖縄県,47205,宜野湾市,,比屋良川公園,,,901-2226,沖縄県宜野湾市嘉数4-824-1,26.2594598,127.7399966,/,no,yes,,,,,no,no,no,no,no,no,,,,,,,,,,,,no,no,no,,,barrier_free_map,沖縄県バリアフリーマップ,http://okinawa-bf-map.jp/facility-info/detail?facility_id=1422,2019-02-20,1422,緊急通報装置あり / トイレ出入口形状=スライド,備考: 施設管理者：はごろもPMパートナーズ 098-897-2751 / 備考: 駐車場無し。
47,沖縄県,47311,恩納村,,カフーリゾートフチャクコンド・ホテル,,,904-0413,沖縄県恩納村冨着246-1,26.457535,127.8115395,http://www.kafuu-okinawa.jp/,yes,yes,,,,,yes,no,yes,no,yes,yes,,,,,,,,,,,,no,yes,no,,,barrier_free_map,沖縄県バリアフリーマップ,http://okinawa-bf-map.jp/facility-info/detail?facility_id=1423,2019-03-06,1423,緊急通報装置あり / トイレ出入口形状=スライド,特徴･注意点: 簡易式のバリアフリー器具（スロープ手すり等）がある / 備考: 正式名称 カトープレジャーグループ カフーリゾートフチャクコンド・ホテル / 備考: 駐車台数190台
47,沖縄県,47213,うるま市,,照間自治会,,,904-2301,沖縄県うるま市与那城照間1115-1,26.3411532,127.8837142,http://www.city.uruma.lg.jp/tiiki/156/1495/10504/10556,no,no,,,,,no,no,no,no,no,no,,,,,,,,,,,,yes,no,no,,,barrier_free_map,沖縄県バリアフリーマップ,http://okinawa-bf-map.jp/facility-info/detail?facility_id=1424,2018-07-17,1424,トイレ出入口形状=開き戸,備考: 駐車場収容台数 20台
47,沖縄県,47213,うるま市,,うるま警察署,,,904-2224,沖縄県うるま市大田100,26.3581617,127.8625358,http://www.police.pref.okinawa.jp/docs/2015030100062/,no,yes,,,,,no,no,no,no,no,no,,,,,,,,,,,,no,no,no,,,barrier_free_map,沖縄県バリアフリーマップ,http://okinawa-bf-map.jp/facility-info/detail?facility_id=1425,2018-07-17,1425,トイレ出入口形状=スライド,備考: 正式名称 沖縄県警うるま警察署 / 備考: 駐車場収容台数 36台 もみじマークあり ２台
47,沖縄県,47207,石垣市,,石垣シーサイドホテル,,,907-0453,沖縄県石垣市川平154-12,24.4715453,124.1258954,http://www.ishigaki-seasidehotel.com,no,yes,,,,,no,no,no,no,no,no,,,,,,,,,,,,no,yes,no,,,barrier_free_map,沖縄県バリアフリーマップ,http://okinawa-bf-map.jp/facility-info/detail?facility_id=1426,2015-09-11,1426,緊急通報装置あり / トイレ出入口形状=引戸,備考: 駐車台数60台
47,沖縄県,47205,宜野湾市,,宜野湾市勤労青少年ホーム／宜野湾市勤労者体育センター,,,901-2221,沖縄県宜野湾市伊佐4-7-13,26.2899769,127.7525886,http://www.city.ginowan.okinawa.jp/organization/sangyoseisakuka/archives/seisyounenhome.html,no,no,,,,,no,no,no,no,no,no,,,,,,,,,,,,yes,no,no,,,barrier_free_map,沖縄県バリアフリーマップ,http://okinawa-bf-map.jp/facility-info/detail?facility_id=1428,2020-05-07,1428,トイレ出入口形状=開き戸,備考: 駐車場台数50台 / トイレ備考: ・トイレ出入口段差 13cm ・身障者用トイレ無し
47,沖縄県,47213,うるま市,,うるま市立老人福祉センター（Ｂ型）,,,904-2424,沖縄県うるま市与那城上原79 / 公民館敷地,26.3715362,127.9833818,/,no,no,,,,,no,no,no,no,no,no,,,,,,,,,,,,no,no,no,,,barrier_free_map,沖縄県バリアフリーマップ,http://okinawa-bf-map.jp/facility-info/detail?facility_id=1429,2019-01-29,1429,トイレ出入口形状=開き戸,備考: 駐車場収容台数 8台
47,沖縄県,47362,八重瀬町,,東風平西部地区地域農業活動拠点施設,,,901-0415,沖縄県八重瀬町小城338-1,26.1558272,127.7009698,/,no,yes,,,,,no,no,no,no,no,no,,,,,,,,,,,,no,no,no,,,barrier_free_map,沖縄県バリアフリーマップ,http://okinawa-bf-map.jp/facility-info/detail?facility_id=1430,2018-11-09,1430,緊急通報装置あり / トイレ出入口形状=スライド,備考: 駐車場収容台数 10台
47,沖縄県,47362,八重瀬町,,幸福の科学沖縄南部支部（宗教法人）,,,901-0401,沖縄県八重瀬町東風平1423,26.156092471805458,127.72162232394257,http://map.happy-science.jp/?m=search&t=branch&k=208,yes,yes,,,,,yes,no,no,no,yes,no,,,,,,,,,,,,no,no,no,,,barrier_free_map,沖縄県バリアフリーマップ,http://okinawa-bf-map.jp/facility-info/detail?facility_id=1431,2018-01-22,1431,トイレ出入口形状=スライド,備考: 駐車台数15台
47,沖縄県,47362,八重瀬町,,琉球銀行東風平支店,,,901-0401,沖縄県八重瀬町伊覇227,26.1596435415036,127.72094626347655,http://www.ryugin.co.jp/tenpo/atm_search/shop-5052/,yes,yes,,,,,yes,no,no,no,yes,yes,,,,,,,,,,,,no,no,no,,,barrier_free_map,沖縄県バリアフリーマップ,http://okinawa-bf-map.jp/facility-info/detail?facility_id=1432,2020-12-15,1432,緊急通報装置あり / トイレ出入口形状=スライド,備考: 正式名称 株式会社琉球銀行東風平支店 / 備考: 駐車台数20台
47,沖縄県,47362,八重瀬町,,八重瀬町社会福祉会館,,,901-0401,沖縄県八重瀬町東風平1318-1,26.156063642037356,127.72598167486878,http://www.yaeseshakyo.com/,no,yes,,,,,no,no,no,no,no,no,,,,,,,,,,,,no,no,no,,,barrier_free_map,沖縄県バリアフリーマップ,http://okinawa-bf-map.jp/facility-info/detail?facility_id=1433,2020-12-17,1433,緊急通報装置あり / トイレ出入口形状=スライド,備考: 施設利用料について、団体免除制度あり。 / 備考: 駐車台数60台 保健センターと併設しており駐車場は両施設で兼用
47,沖縄県,47205,宜野湾市,,沖縄銀行普天間支店,,,901-2202,沖縄県宜野湾市普天間2-5-10,26.287944,127.777412,http://www.okinawa-bank.co.jp,no,no,,,,,no,no,no,no,no,no,,,,,,,,,,,,no,no,no,,,barrier_free_map,沖縄県バリアフリーマップ,http://okinawa-bf-map.jp/facility-info/detail?facility_id=1434,2019-07-03,1434,トイレ出入口形状=開き戸,備考: 正式名称 株式会社沖縄銀行普天間支店 / 備考: 駐車台数15台 / トイレ備考: 入口スロープ有
47,沖縄県,47213,うるま市,,うるま市具志川庭球場,,,904-2223,沖縄県うるま市具志川2249,26.35716041350914,127.86529075819705,http://www.sports-commission.okinawa/archives/search/0079,no,yes,,,,,no,no,no,no,no,no,,,,,,,,,,,,no,no,no,,,barrier_free_map,沖縄県バリアフリーマップ,http://okinawa-bf-map.jp/facility-info/detail?facility_id=1435,2020-04-03,1435,トイレ出入口形状=スライド,備考: 駐車場収容台数 29台 / トイレ備考: 多目的トイレ故障中
47,沖縄県,47211,沖縄市,,宮里自治会事務所,,,904-2165,沖縄県沖縄市宮里1-3-9,26.33874692802847,127.817174816008,http://kenhamahiga.wixsite.com/miyazatok,no,yes,,,,,no,no,no,no,no,no,,,,,,,,,,,,no,no,yes,,,barrier_free_map,沖縄県バリアフリーマップ,http://okinawa-bf-map.jp/facility-info/detail?facility_id=1436,2010-05-21,1436,トイレ出入口形状=スライド,備考: 駐車場収容台数 5台
47,沖縄県,47207,石垣市,,ホテルピースアイランド石垣島イン八島,,,907-0011,沖縄県石垣市八島1-1-2,24.336148606478243,124.15952454106981,http://www.peace-k.jp/yashima/access.html,no,yes,,,,,yes,no,no,no,no,no,,,,,,,,,,,,no,no,no,,,barrier_free_map,沖縄県バリアフリーマップ,http://okinawa-bf-map.jp/facility-info/detail?facility_id=1437,2019-01-15,1437,緊急通報装置あり / トイレ出入口形状=スライド,備考: 駐車台数20台 / トイレ備考: 車イス専用と男子トイレが一緒になっている。 車イス専用トイレ ・入口幅80cm ・手すり高さ72cm ・便座高さ42cm ・洗面台89cm ・緊急呼出ボタン90cm
47,沖縄県,47213,うるま市,,うるま市具志川野球場,,,904-2223,沖縄県うるま市具志川3500,26.361496561951164,127.86630325225372,http://www.city.uruma.lg.jp/culture/144/740/818,no,yes,,,,,no,no,no,no,no,no,,,,,,,,,,,,yes,no,no,,,barrier_free_map,沖縄県バリアフリーマップ,http://okinawa-bf-map.jp/facility-info/detail?facility_id=1438,2020-04-03,1438,トイレ出入口形状=スライド,備考: 駐車場収容台数 103台
47,沖縄県,47207,石垣市,,石垣焼窯元,,,907-0021,沖縄県石垣市名蔵1356-71,24.4158595,124.1344536,http://www.ishigaki-yaki.com,no,no,,,,,no,no,no,no,no,no,,,,,,,,,,,,yes,no,no,,,barrier_free_map,沖縄県バリアフリーマップ,http://okinawa-bf-map.jp/facility-info/detail?facility_id=1439,2024-02-26,1439,トイレ出入口形状=引戸,備考: 駐車台数 普通車両20台、大型8台
47,沖縄県,47213,うるま市,,平安郷デイサービスセンター,,,904-2426,沖縄県うるま市与那城平安座427-1,26.340642341930884,127.95567858399204,http://www.hikari-to-kaze.com/heian.html,no,yes,,,,,yes,no,no,no,no,no,,,,,,,,,,,,no,no,yes,,,barrier_free_map,沖縄県バリアフリーマップ,http://okinawa-bf-map.jp/facility-info/detail?facility_id=1440,2018-07-18,1440,緊急通報装置あり / トイレ出入口形状=引戸,備考: 駐車場収容台数 10台
47,沖縄県,47311,恩納村,,沖縄かりゆしリゾートEXES恩納,,,904-0401,沖縄県恩納村名嘉真ヤーシ原2592-40,26.5167208,127.9307758,http://www.exes-kariyushi.com/,yes,yes,,,,,yes,no,yes,no,yes,yes,,,,,,,,,,,,no,yes,no,,,barrier_free_map,沖縄県バリアフリーマップ,http://okinawa-bf-map.jp/facility-info/detail?facility_id=1441,2023-11-09,1441,緊急通報装置あり / トイレ出入口形状=スライド,備考: 車いす対応客室あり（ドア：引き戸、部屋の入口：段差なし、部屋の通路：車いす通行可能、バスルーム：入口段差なし・入口幅80cm以上、トイレ：手すりあり・車いすで入れる） / 備考: 駐車台数380台
47,沖縄県,47213,うるま市,,デイサービスセンターつわぶき,,,904-2223,沖縄県うるま市江洲135-5,26.34455497144942,127.83234373016353,/,no,yes,,,,,no,no,no,no,no,no,,,,,,,,,,,,no,no,no,,,barrier_free_map,沖縄県バリアフリーマップ,http://okinawa-bf-map.jp/facility-info/detail?facility_id=1442,2018-08-08,1442,緊急通報装置あり / トイレ出入口形状=開き戸,備考: 駐車場収容台数 6台
47,沖縄県,47329,西原町,,西原町立坂田児童館,,,903-0117,沖縄県西原町翁長665,26.2378958,127.7529881,http://yuiwarabi.net/facilitytype2/%E8%A5%BF%E5%8E%9F%E7%94%BA%E7%AB%8B-%E5%9D%82%E7%94%B0%E5%85%90%E7%AB%A5%E9%A4%A8/,no,yes,,,,,no,no,no,no,no,no,,,,,,,,,,,,no,no,no,,,barrier_free_map,沖縄県バリアフリーマップ,http://okinawa-bf-map.jp/facility-info/detail?facility_id=1444,2019-10-02,1444,緊急通報装置あり / トイレ出入口形状=スライド,特徴･注意点: 午前中に親子の通園事業あゆみがあります。（保育士が来ます） / 備考: 駐車場収容台数 15台 / トイレ備考: 男子用女子用のバリアフリー専用トイレあり。
47,沖縄県,47212,豊見城市,,サンエーV21ぎぼ食品館,,,901-0244,沖縄県豊見城市宜保292,26.1771245,127.6763181,/,yes,yes,,,,,no,no,no,no,yes,no,,,,,,,,,,,,no,yes,no,,,barrier_free_map,沖縄県バリアフリーマップ,http://okinawa-bf-map.jp/facility-info/detail?facility_id=1446,2023-07-18,1446,緊急通報装置あり / トイレ出入口形状=スライド,備考: クレジット一部可能 運営 株式会社サンエー / 備考: 駐車台数70台 / トイレ備考: 男子小便器手すりあり（一般トイレ）
47,沖縄県,47212,豊見城市,,宜保にこにこ公園,,,904-0244,沖縄県豊見城市宜保391−1,26.17784153141052,127.67804644299169,/,no,no,,,,,,no,no,no,no,no,,,,,,,,,,,,,no,no,,,barrier_free_map,沖縄県バリアフリーマップ,http://okinawa-bf-map.jp/facility-info/detail?facility_id=1447,2017-12-28,1447,,備考: 駐車場なし / トイレ備考: トイレなし
47,沖縄県,47205,宜野湾市,,グループホーム若松 ぎのわん,,,901-2201,沖縄県宜野湾市新城1-20-6 / 又吉アパート1階,26.2884078,127.7716429,/,no,yes,,,,,no,no,no,no,no,no,,,,,,,,,,,,no,no,no,,,barrier_free_map,沖縄県バリアフリーマップ,http://okinawa-bf-map.jp/facility-info/detail?facility_id=1448,2023-08-09,1448,緊急通報装置あり / トイレ出入口形状=スライド,特徴･注意点: 洗面台、高さ64cm / 備考: 駐車場台数17台
47,沖縄県,47207,石垣市,,石垣やいま村,,,907-0021,沖縄県石垣市元名蔵967-1,24.4043821,124.1442557,http://www.yaimamura.com/,yes,yes,,,,,no,no,no,no,no,no,,,,,,,,,,,,yes,yes,no,,,barrier_free_map,沖縄県バリアフリーマップ,http://okinawa-bf-map.jp/facility-info/detail?facility_id=1449,2019-08-07,1449,トイレ出入口形状=引戸,備考: 施設内のショップではクレジットカード使用可能 / 備考: 駐車台数100台 / トイレ備考: 車イス専用トイレは建物内には無い
47,沖縄県,47212,豊見城市,,もりクリニック,,,901-0244,沖縄県豊見城市宜保293-1 2F,26.1767671,127.6771741,/,yes,yes,,,,,no,no,no,no,yes,no,,,,,,,,,,,,no,no,no,,,barrier_free_map,沖縄県バリアフリーマップ,http://okinawa-bf-map.jp/facility-info/detail?facility_id=1450,2010-05-01,1450,緊急通報装置あり / トイレ出入口形状=スライド,備考: 駐車台数14台
47,沖縄県,47205,宜野湾市,,しののめ保育園,,,901-2201,沖縄県宜野湾市新城2-43-1,26.288012212543233,127.76579207088616,http://www.ans.co.jp/n/shinonome/index2.html,,,,,,,,,,no,,,yes,,,,,,,,,,,,no,yes,,,barrier_free_map,沖縄県バリアフリーマップ,http://okinawa-bf-map.jp/facility-info/detail?facility_id=1451,2018-06-07,1451,,備考: 駐車場台数20台 / トイレ備考: 子供用トイレのみ
47,沖縄県,47207,石垣市,,恵山会下地第2脳神経外科,,,907-0024,沖縄県石垣市新川1695-123,24.3625604,124.1205552,/,no,yes,,,,,yes,no,no,no,no,no,,,,,,,,,,,,no,no,no,,,barrier_free_map,沖縄県バリアフリーマップ,http://okinawa-bf-map.jp/facility-info/detail?facility_id=1452,2010-05-01,1452,緊急通報装置あり / トイレ出入口形状=スライド,備考: 駐車台数50台
47,沖縄県,47329,西原町,,西原町役場,,,903-0102,沖縄県西原町与那城140−1,26.222907014992845,127.75873374232789,http://www.town.nishihara.okinawa.jp/,no,yes,,,,,no,no,no,no,no,no,,,,,,,,,,,,no,no,no,,,barrier_free_map,沖縄県バリアフリーマップ,http://okinawa-bf-map.jp/facility-info/detail?facility_id=1453,2017-12-27,1453,トイレ出入口形状=スライド,備考: 駐車場収容台数 30~40台
47,沖縄県,47205,宜野湾市,,はごろも保育園,,,901-2223,沖縄県宜野湾市大山2-11-12,26.2760361,127.7445927,http://hagoromohoikuen.com/,no,yes,,,,,yes,no,no,no,no,no,,,,,,,,,,,,no,yes,no,,,barrier_free_map,沖縄県バリアフリーマップ,http://okinawa-bf-map.jp/facility-info/detail?facility_id=1455,2018-06-07,1455,緊急通報装置あり / トイレ出入口形状=スライド,備考: 駐車場台数20台
47,沖縄県,47212,豊見城市,,旧海軍司令部壕,,,901-0241,沖縄県豊見城市豊見城236,26.186418,127.6768729,/,yes,yes,,,,,no,no,no,no,yes,no,,,,,,,,,,,,no,no,no,,,barrier_free_map,沖縄県バリアフリーマップ,http://okinawa-bf-map.jp/facility-info/detail?facility_id=1456,2015-09-10,1456,緊急通報装置あり / トイレ出入口形状=スライド,特徴･注意点: 壕内入口付近（車イス用）は車イスが通れるようになっている / 備考: 駐車台数100台
47,沖縄県,47207,石垣市,,サッカーパークあかんま,,,907-0243,沖縄県石垣市宮良ヨシキド2166-1,24.424171,124.2106382,http://www.city.ishigaki.okinawa.jp/home/kensetsubu/shisetu/index.htm#p3,no,yes,,,,,no,no,no,no,no,no,,,,,,,,,,,,no,no,no,,,barrier_free_map,沖縄県バリアフリーマップ,http://okinawa-bf-map.jp/facility-info/detail?facility_id=1457,2020-05-11,1457,トイレ出入口形状=スライド,備考: 問い合わせは、石垣市役所 建設部 都市建設課 0980-83-4207 / 備考: 駐車台数125台 / トイレ備考: 車イス専用トイレは男女別々にある。 車イス専用トイレ ・入口幅87cm ・便座高さ45cm ・手すり高さ68cm ・洗面台高さ73cm
47,沖縄県,47212,豊見城市,,真嘉部コミュニティセンター,,,901-0205,沖縄県豊見城市根差部375-2,26.1897016,127.6937272,http://www.city.tomigusuku.lg.jp/kosodate_kyoiku/gakkokyoiku/1/6226.html,no,yes,,,,,yes,no,no,no,no,no,,,,,,,,,,,,yes,no,no,,no,barrier_free_map,沖縄県バリアフリーマップ,http://okinawa-bf-map.jp/facility-info/detail?facility_id=1458,2023-10-24,1458,緊急通報装置あり / トイレ出入口形状=スライド,備考: 正式名称：豊見城市役所 こども未来部 こども応援課 真嘉部コミュニティセンター / 備考: 駐車台数9台 / トイレ備考: 入口段差4.5cm 一般トイレ段差の段差はあり 一般トイレ開口幅80cmはあり
47,沖縄県,47207,石垣市,,南ぬ島 石垣空港,,,907-0242,沖縄県石垣市白保1960-104-1番地,24.3822336,124.2476013,http://www.ishigaki-airport.co.jp/index.html,yes,yes,,,,,,yes,yes,yes,yes,yes,,,,,,,,,,,,,yes,yes,,,barrier_free_map,沖縄県バリアフリーマップ,http://okinawa-bf-map.jp/facility-info/detail?facility_id=1459,2015-09-11,1459,トイレ出入口形状=開き戸,備考: 駐車台数369台 1ｈ＠100円 9ｈ～24ｈ＠1000円 / トイレ備考: オストメイト専用トイレ有り。 （扉は開き戸です。） 多目的トイレは、音声案内有り。
47,沖縄県,47212,豊見城市,,ゆたか泌尿器科,,,901-0244,沖縄県豊見城市字宜保282-3 オレンジマンション 1F,26.176817153030004,127.67479186745912,/,no,yes,,,,,no,no,no,no,no,no,,,,,,,,,,,,no,no,yes,,,barrier_free_map,沖縄県バリアフリーマップ,http://okinawa-bf-map.jp/facility-info/detail?facility_id=1460,2023-09-13,1460,緊急通報装置あり / トイレ出入口形状=スライド,備考: 臨時休診あり 来院前にご予約お願いします。 / 備考: 駐車場収容台数10台。
47,沖縄県,47212,豊見城市,,海軍壕公園,,,901-0241,沖縄県豊見城市豊見城236,26.186418,127.6768729,http://kaigungou.ocvb.or.jp/,no,yes,,,,,yes,no,no,no,no,no,,,,,,,,,,,,no,no,no,,,barrier_free_map,沖縄県バリアフリーマップ,http://okinawa-bf-map.jp/facility-info/detail?facility_id=1461,2024-01-09,1461,緊急通報装置あり / トイレ出入口形状=スライド,トイレ備考: 一般トイレ段差なし 一般トイレ開口幅80cmあり ベビーベッド 有（ビジターセンター） 温水洗浄便座 有（ビジターセンター）
47,沖縄県,47329,西原町,,西原町立坂田保育所,,,903-0117,沖縄県西原町翁長665,26.2378958,127.7529881,/,no,yes,,,,,no,no,no,no,no,no,,,,,,,,,,,,no,yes,no,,,barrier_free_map,沖縄県バリアフリーマップ,http://okinawa-bf-map.jp/facility-info/detail?facility_id=1462,2010-05-01,1462,緊急通報装置あり / トイレ出入口形状=スライド,備考: 駐車場収容台数 4台
47,沖縄県,47212,豊見城市,,デイサービスセンター太陽と海,,,901-0231,沖縄県豊見城市我那覇200-4,26.1816485,127.6669515,/,no,yes,,,,,yes,no,no,no,no,no,,,,,,,,,,,,no,no,no,,,barrier_free_map,沖縄県バリアフリーマップ,http://okinawa-bf-map.jp/facility-info/detail?facility_id=1463,2010-05-01,1463,緊急通報装置あり / トイレ出入口形状=スライド,備考: 正式名称 有限会社とよさき デイサービスセンター太陽と海 / 備考: 駐車場収容台数 10台 / トイレ備考: 緊急通報装置でインターホンあり。
47,沖縄県,47212,豊見城市,,オリックスレンタカー那覇空港店,,,901-0225,沖縄県豊見城市豊崎1-1174,26.1578584,127.6549557,http://car.orix.co.jp,yes,yes,,,,,yes,no,no,no,yes,yes,,,,,,,,,,,,no,no,no,,,barrier_free_map,沖縄県バリアフリーマップ,http://okinawa-bf-map.jp/facility-info/detail?facility_id=1464,2010-05-01,1464,緊急通報装置あり / トイレ出入口形状=開き戸,特徴･注意点: 福祉車両の貸し出しもあり。 / 備考: 正式名称 オリックス自動車株式会社 オリックスレンタカー那覇空港店 / 備考: 駐車台数113台
47,沖縄県,47212,豊見城市,,豊見城市地域活動支援センター,,,901-0202,沖縄県豊見城市嘉数480-6,26.1853051,127.701549,/,no,yes,,,,,yes,no,no,no,no,no,,,,,,,,,,,,no,no,no,,,barrier_free_map,沖縄県バリアフリーマップ,http://okinawa-bf-map.jp/facility-info/detail?facility_id=1465,2010-05-01,1465,トイレ出入口形状=スライド,特徴･注意点: 福祉作業所なごみ家と、ゆたか作業所が合併して豊見城地域活動支援センターになったそうです。 / 備考: 住所・電話番号はゆたか作業所と一緒になっています / 備考: 駐車台数13台
47,沖縄県,47207,石垣市,,石垣市中央運動公園 水泳プール,,,907-0004,沖縄県石垣市字登野城1409番地1,24.343118378962444,124.17989402358701,http://www.city.ishigaki.okinawa.jp/soshiki/shisetsu_kanri/5/6687.html,no,no,,,,,,no,,no,,no,,,,,,,,,,,,,no,no,,no,barrier_free_map,沖縄県バリアフリーマップ,http://okinawa-bf-map.jp/facility-info/detail?facility_id=1466,2024-02-21,1466,,備考: 駐車場は石垣市中央運動公園の他施設と供用。 / トイレ備考: 一般トイレ 段差あり 開口幅80cm以上 なし
47,沖縄県,47207,石垣市,,石垣市中央運動公園 陸上競技場,,,907-0004,沖縄県石垣市登野城1409-1,24.34383798971491,124.17341398360601,http://www.city.ishigaki.okinawa.jp/soshiki/shisetsu_kanri/5/6687.html,no,no,,,,,,no,no,no,no,no,,,,,,,,,,,,no,no,no,,,barrier_free_map,沖縄県バリアフリーマップ,http://okinawa-bf-map.jp/facility-info/detail?facility_id=1467,2024-02-20,1467,,備考: 駐車場は石垣市中央運動公園の他施設と供用。 / トイレ備考: 車イス専用トイレ無し 一般トイレ段差 なし 開口幅80cm以上 あり
47,沖縄県,47212,豊見城市,,真玉橋郵便局,,,901-0205,沖縄県豊見城市真玉橋278 SHTビル,26.190357,127.691058,/,no,no,,,,,no,no,no,no,no,no,,,,,,,,,,,,no,no,no,,,barrier_free_map,沖縄県バリアフリーマップ,http://okinawa-bf-map.jp/facility-info/detail?facility_id=1468,2010-05-01,1468,トイレ出入口形状=開き戸,備考: 駐車台数3台 / トイレ備考: 一般トイレ 入口幅65cm 手すりあり 段差なし 便器高さ38cm 手洗い80cm 温水なし 汚物入なし 緊急通報装置なし
47,沖縄県,47207,石垣市,,石垣市中央運動公園 野球場,,,907-0004,沖縄県石垣市登野城1408-1,24.34468840450176,124.17138623359067,http://www.city.ishigaki.okinawa.jp/soshiki/shisetsu_kanri/5/6687.html,yes,,,,,,,no,no,no,,,,,,,,,,,,,,,no,no,,no,barrier_free_map,沖縄県バリアフリーマップ,http://okinawa-bf-map.jp/facility-info/detail?facility_id=1469,2024-02-21,1469,,備考: お問い合わせ 石垣市中央運動公園 0980-83-5412 / 備考: 駐車場は石垣市中央運動公園の他施設と供用。 / トイレ備考: 一般トイレ段差 なし 一般トイレ開口幅80cm あり
47,沖縄県,47212,豊見城市,,株式会社琉球漆器本社真玉橋店,,,901-0201,沖縄県豊見城市真玉橋149,26.1920013,127.6930437,"http://www.ryukyushikki.co,jp",no,yes,,,,,no,no,no,no,no,no,,,,,,,,,,,,no,no,no,,,barrier_free_map,沖縄県バリアフリーマップ,http://okinawa-bf-map.jp/facility-info/detail?facility_id=1470,2015-09-10,1470,トイレ出入口形状=スライド,備考: 駐車台数6台
47,沖縄県,47212,豊見城市,,ホテルグランビューガーデン沖縄,,,901-0225,沖縄県豊見城市豊崎3-82 / 道の駅豊崎,26.1602443,127.6526862,http://www.granview.co.jp/garden-okinawa/index.html,yes,yes,,,,,yes,no,yes,no,yes,yes,,,,,,,,,,,,no,yes,no,,,barrier_free_map,沖縄県バリアフリーマップ,http://okinawa-bf-map.jp/facility-info/detail?facility_id=1471,2018-12-26,1471,トイレ出入口形状=開き戸,特徴･注意点: プールあり。プールにも男女トイレあり。 / 備考: バリアフリールーム1室 / 備考: 駐車台数77台
47,沖縄県,47212,豊見城市,,豊見城市地域包括支援センター,,,901-0212,沖縄県豊見城市平良467-4,26.1727147,127.6928427,/,yes,yes,,,,,no,no,no,no,no,no,,,,,,,,,,,,yes,no,no,,,barrier_free_map,沖縄県バリアフリーマップ,http://okinawa-bf-map.jp/facility-info/detail?facility_id=1472,2010-05-01,1472,トイレ出入口形状=スライド,備考: 駐車場収容台数200台
47,沖縄県,47207,石垣市,,石垣市中央運動公園 屋内練習場,,,907-0004,沖縄県石垣市字登野城1409番地1,24.34431641817576,124.17435257976224,http://www.city.ishigaki.okinawa.jp/soshiki/shisetsu_kanri/5/6687.html,yes,yes,,,,,no,no,no,no,yes,yes,,,,,,,,,,,,no,no,no,,,barrier_free_map,沖縄県バリアフリーマップ,http://okinawa-bf-map.jp/facility-info/detail?facility_id=1473,2024-02-20,1473,トイレ出入口形状=スライド,備考: 駐車台数150台。 駐車場は石垣市中央運動公園の他施設と供用。
47,沖縄県,47212,豊見城市,,豊崎デンタルクリニック,,,901-0225,沖縄県豊見城市豊崎1-423 / オアシスZERO豊崎1階,26.1570115,127.6593945,http://www.toyosaki-dc.com,no,yes,,,,,yes,no,no,no,no,no,,,,,,,,,,,,yes,no,no,,,barrier_free_map,沖縄県バリアフリーマップ,http://okinawa-bf-map.jp/facility-info/detail?facility_id=1474,2010-05-01,1474,トイレ出入口形状=引戸,備考: 駐車台数9台
47,沖縄県,47212,豊見城市,,OTSレンタカー臨空豊崎営業所,,,901-0225,沖縄県豊見城市豊崎3-37,26.1587583,127.6544113,http://www.otsrentacar.ne.jp/,yes,yes,,,,,yes,no,no,no,yes,yes,,,,,,,,,,,,no,no,no,,,barrier_free_map,沖縄県バリアフリーマップ,http://okinawa-bf-map.jp/facility-info/detail?facility_id=1475,2010-05-11,1475,トイレ出入口形状=スライド,備考: 正式名称 沖縄ツーリスト株式会社 レンタカー部 OTSレンタカー臨空豊崎営業所 / 備考: 駐車場収容台数 15台
47,沖縄県,47212,豊見城市,,介護付有料老人ホームかがやきの城,,,901-0213,沖縄県豊見城市高嶺321-1,26.1665041,127.6911653,/,no,yes,,,,,yes,no,no,no,no,no,,,,,,,,,,,,no,no,no,,,barrier_free_map,沖縄県バリアフリーマップ,http://okinawa-bf-map.jp/facility-info/detail?facility_id=1476,2010-05-01,1476,緊急通報装置あり / トイレ出入口形状=スライド,備考: 駐車場収容台数10台
47,沖縄県,47207,石垣市,,石垣市公共施設管理公社,,,907-0003,沖縄県石垣市平得439 / 石垣市総合体育館,24.3443008,124.1757632,/,no,yes,,,,,yes,no,no,no,no,no,,,,,,,,,,,,no,no,no,,,barrier_free_map,沖縄県バリアフリーマップ,http://okinawa-bf-map.jp/facility-info/detail?facility_id=1477,2010-05-01,1477,トイレ出入口形状=スライド,備考: 駐車台数150台。 駐車場は石垣市中央運動公園の他施設と供用。 / トイレ備考: 車イス専用トイレの便座は昇降便座になっている
47,沖縄県,47212,豊見城市,,サンエー豊見城ウイングシティ,,,901-0242,沖縄県豊見城市字高安261-2,26.1750671,127.688604,http://www.san-a.co.jp,yes,yes,,,,,yes,no,no,yes,yes,no,,,,,,,,,,,,no,yes,yes,,,barrier_free_map,沖縄県バリアフリーマップ,http://okinawa-bf-map.jp/facility-info/detail?facility_id=1478,2023-07-05,1478,緊急通報装置あり / トイレ出入口形状=スライド,備考: 運営 株式会社サンエー / 備考: 駐車場収容台数671台
47,沖縄県,47212,豊見城市,,道の駅豊崎,,,901-0225,沖縄県豊見城市豊崎3-39,26.1575585,127.6553668,http://www.city.tomigusuku.lg.jp/soshiki/1/1008/gyomuannai/3/3/1/919.html,yes,yes,,,,,yes,no,yes,no,yes,yes,,,,,,,,,,,,no,no,no,,,barrier_free_map,沖縄県バリアフリーマップ,http://okinawa-bf-map.jp/facility-info/detail?facility_id=1479,2023-06-16,1479,緊急通報装置あり / トイレ出入口形状=自動ドア,備考: 駐車台数176台
47,沖縄県,47212,豊見城市,,複合施設 共に生きる町,,,901-0213,沖縄県豊見城市高嶺111,26.1699455,127.6895016,/,no,yes,,,,,yes,no,no,no,no,no,,,,,,,,,,,,no,yes,yes,,,barrier_free_map,沖縄県バリアフリーマップ,http://okinawa-bf-map.jp/facility-info/detail?facility_id=1480,2010-05-01,1480,緊急通報装置あり / トイレ出入口形状=スライド,備考: 駐車場収容台数10台
47,沖縄県,47207,石垣市,,石垣市役所,,,907-8501,沖縄県石垣市真栄里672番地,24.347426598690962,124.18667878842164,http://www.city.ishigaki.okinawa.jp/index.html,yes,yes,,,,,no,yes,yes,yes,yes,yes,,,,,,,,,,,,,yes,yes,,yes,barrier_free_map,沖縄県バリアフリーマップ,http://okinawa-bf-map.jp/facility-info/detail?facility_id=1481,2024-03-14,1481,緊急通報装置あり / トイレ出入口形状=スライド,備考: 身体障害者専用駐車場は屋根あり / トイレ備考: 一般トイレ開口幅80cm以上あり
47,沖縄県,47212,豊見城市,,JA沖縄食菜館菜々色畑,,,901-0225,沖縄県豊見城市豊崎3-86,26.1576613,127.6557724,/,yes,yes,,,,,yes,no,no,no,yes,no,,,,,,,,,,,,no,no,no,,,barrier_free_map,沖縄県バリアフリーマップ,http://okinawa-bf-map.jp/facility-info/detail?facility_id=1482,2015-09-10,1482,緊急通報装置あり / トイレ出入口形状=引戸,備考: 駐車台数174台
47,沖縄県,47212,豊見城市,,メモリアル冨士会館,,,901-0235,沖縄県豊見城市名嘉地411-1,26.1819789,127.6644932,/,yes,yes,,,,,yes,no,no,no,no,yes,,,,,,,,,,,,no,no,no,,,barrier_free_map,沖縄県バリアフリーマップ,http://okinawa-bf-map.jp/facility-info/detail?facility_id=1483,2010-05-01,1483,トイレ出入口形状=スライド,備考: 駐車場収容台数100台
47,沖縄県,47314,金武町,,沖縄自動車道 伊芸サービスエリア 上り線,,,904-1202,沖縄県金武町字伊芸クラシ原1264,26.4598113,127.8714924,/,yes,yes,,,,,yes,yes,yes,no,no,yes,,,,,,,,,,,,yes,no,yes,,,barrier_free_map,沖縄県バリアフリーマップ,http://okinawa-bf-map.jp/facility-info/detail?facility_id=1484,2015-09-10,1484,緊急通報装置あり / 着替え台あり / トイレ出入口形状=スライド,備考: 駐車台数157台
47,沖縄県,47207,石垣市,,ホテル イーストチャイナシー,,,907-0012,沖縄県石垣市美崎2-8,24.337235750851477,124.1583561460327,http://www.eastchinasea.jp,no,yes,,,,,yes,no,no,no,no,no,,,,,,,,,,,,no,yes,no,,,barrier_free_map,沖縄県バリアフリーマップ,http://okinawa-bf-map.jp/facility-info/detail?facility_id=1485,2019-01-14,1485,トイレ出入口形状=スライド,備考: 駐車台数20台
47,沖縄県,47212,豊見城市,,豊見城市立中央公民館,,,901-0212,沖縄県豊見城市字平良467-1,26.1734924,127.6928787,/,no,yes,,,,,no,no,yes,no,no,no,,,,,,,,,,,,yes,no,no,,,barrier_free_map,沖縄県バリアフリーマップ,http://okinawa-bf-map.jp/facility-info/detail?facility_id=1486,2016-09-05,1486,トイレ出入口形状=スライド,備考: 駐車場収容台数40台
47,沖縄県,47207,石垣市,,東横イン石垣島,,,907-0013,沖縄県石垣市浜崎3-2-12,24.33935428991849,124.14849902453693,http://www.toyoko-inn.com/search/detail/00214/,yes,yes,,,,,yes,no,no,no,yes,yes,,,,,,,,,,,,no,no,no,,,barrier_free_map,沖縄県バリアフリーマップ,http://okinawa-bf-map.jp/facility-info/detail?facility_id=1487,2019-08-13,1487,トイレ出入口形状=スライド,備考: 車いす対応客室あり（ドア：引き戸、部屋の入口：段差なし、部屋の通路：車いす通行可能、バスルーム：入口段差なし・入口幅80cm以上、トイレ：手すりあり・車いすで入れる） / 備考: 駐車台数43台
47,沖縄県,47314,金武町,,金武町立図書館,,,904-1201,沖縄県金武町字金武1827,26.4496821,127.9258644,/,no,yes,,,,,yes,no,no,no,yes,yes,,,,,,,,,,,,no,no,no,,,barrier_free_map,沖縄県バリアフリーマップ,http://okinawa-bf-map.jp/facility-info/detail?facility_id=1488,2020-05-06,1488,緊急通報装置あり / トイレ出入口形状=スライド,特徴･注意点: 受付テーブルなども低く利用しやすい / 備考: 駐車台数20台
47,沖縄県,47314,金武町,,金武町立嘉芸保育所,,,904-1203,沖縄県金武町字屋嘉1470,26.453807,127.859187,/,no,no,,,,,no,no,no,no,no,no,,,,,,,,,,,,yes,no,yes,,,barrier_free_map,沖縄県バリアフリーマップ,http://okinawa-bf-map.jp/facility-info/detail?facility_id=1489,2010-05-01,1489,トイレ出入口形状=開き戸,備考: 駐車台数20台 / トイレ備考: 入口段差10cm
47,沖縄県,47306,今帰仁村,,北山病院,,,905-0428,沖縄県今帰仁村字今泊280,26.6991955,127.92518,http://www.oki-kofukai.or.jp/publics/index/31/,no,yes,,,,,no,no,no,no,no,no,,,,,,,,,,,,no,no,yes,,,barrier_free_map,沖縄県バリアフリーマップ,http://okinawa-bf-map.jp/facility-info/detail?facility_id=1490,2018-01-17,1490,緊急通報装置あり / トイレ出入口形状=スライド,備考: 駐車場収容台数40台
47,沖縄県,47314,金武町,,金武町特産物物産センター,,,904-1201,沖縄県金武町金武4090-1,26.448118,127.9154596,/,no,no,,,,,no,no,no,no,no,no,,,,,,,,,,,,yes,no,no,,,barrier_free_map,沖縄県バリアフリーマップ,http://okinawa-bf-map.jp/facility-info/detail?facility_id=1491,2015-09-10,1491,トイレ出入口形状=開き戸,特徴･注意点: 現在は1Fのレストランは閉鎖 2Fに受付があり田芋パイなどの注文があった時だけOPEN / 備考: 駐車台数50台以上
47,沖縄県,47207,石垣市,,ベッセルホテル石垣島,,,907-0013,沖縄県石垣市浜崎町1-2-7,24.3396433,124.1516265,/,yes,yes,,,,,yes,no,no,no,no,no,,,,,,,,,,,,no,no,no,,,barrier_free_map,沖縄県バリアフリーマップ,http://okinawa-bf-map.jp/facility-info/detail?facility_id=1492,2023-03-23,1492,トイレ出入口形状=スライド,備考: 車いす対応客室あり（ドア：開き戸、部屋の入口：段差なし、部屋の通路：車いす通行可能、バスルーム：入口段差なし・入口幅80cm以上、トイレ：手すりあり・車いすで入れる） / 備考: 駐車台数30台
47,沖縄県,47207,石垣市,,新栄町保育所,,,907-0014,沖縄県石垣市新栄7,24.34263,124.1526251,/,no,no,,,,,no,no,no,no,no,no,,,,,,,,,,,,,no,no,,,barrier_free_map,沖縄県バリアフリーマップ,http://okinawa-bf-map.jp/facility-info/detail?facility_id=1493,2010-05-01,1493,,備考: 駐車台数4台 / トイレ備考: トイレ無し
47,沖縄県,47327,北中城村,,EMウェルネスリゾート コスタビスタ沖縄ホテル＆スパ,,,901-2311,沖縄県北中城村字喜舎場1478,26.3064205,127.7954294,http://www.costavista.jp/,yes,yes,,,,,yes,no,no,no,yes,yes,,,,,,,,,,,,no,yes,yes,,yes,barrier_free_map,沖縄県バリアフリーマップ,http://okinawa-bf-map.jp/facility-info/detail?facility_id=1494,2021-08-02,1494,緊急通報装置あり / トイレ出入口形状=引戸,備考: 駐車台数200台
47,沖縄県,47306,今帰仁村,,今帰仁グスク交流センター(今帰仁城跡管理事務所),,,905-0428,沖縄県今帰仁村今帰仁字今泊5101,26.691665,127.927314,http://nakijinjoseki.jp/information/,yes,yes,,,,,yes,no,no,no,yes,yes,,,,,,,,,,,,no,no,no,,,barrier_free_map,沖縄県バリアフリーマップ,http://okinawa-bf-map.jp/facility-info/detail?facility_id=1495,2020-05-07,1495,緊急通報装置あり / トイレ出入口形状=スライド,備考: （最終入場午後17:30） / 備考: 駐車場収容台数155台
47,沖縄県,47207,石垣市,,石垣市民会館,,,907-0013,沖縄県石垣市浜崎1-1-2,24.3400385,124.1525916,/,yes,yes,,,,,no,no,no,no,yes,no,,,,,,,,,,,,,no,no,,,barrier_free_map,沖縄県バリアフリーマップ,http://okinawa-bf-map.jp/facility-info/detail?facility_id=1496,2020-05-07,1496,緊急通報装置あり / トイレ出入口形状=スライド,備考: 駐車台数50台
47,沖縄県,47327,北中城村,,EMスパCORAZON沖縄,,,901-2311,沖縄県北中城村喜舎場1478,26.3064205,127.7954294,http://www.em-spa.jp/,yes,yes,,,,,yes,no,no,no,yes,yes,,,,,,,,,,,,no,yes,no,,,barrier_free_map,沖縄県バリアフリーマップ,http://okinawa-bf-map.jp/facility-info/detail?facility_id=1497,2021-01-07,1497,緊急通報装置あり / トイレ出入口形状=引戸,備考: 駐車台数200台
47,沖縄県,47327,北中城村,,島袋児童館,,,901-2301,沖縄県北中城村島袋215,26.3186306,127.7997842,/,no,yes,,,,,no,no,no,no,no,no,,,,,,,,,,,,no,no,no,,,barrier_free_map,沖縄県バリアフリーマップ,http://okinawa-bf-map.jp/facility-info/detail?facility_id=1498,2018-11-12,1498,トイレ出入口形状=スライド,備考: 駐車台数10台 / トイレ備考: バリアフリー専用トイレあり
47,沖縄県,47306,今帰仁村,,今帰仁村歴史文化センター,,,905-0428,沖縄県今帰仁村字今泊5110,26.69175744086299,127.92771266018825,http://nakijinjoseki.jp/history-culture-center/,no,yes,,,,,no,no,no,no,no,no,,,,,,,,,,,,no,no,no,,,barrier_free_map,沖縄県バリアフリーマップ,http://okinawa-bf-map.jp/facility-info/detail?facility_id=1499,2020-05-06,1499,トイレ出入口形状=スライド,備考: 駐車場収容台数155台
47,沖縄県,47207,石垣市,,ブルーキャビン石垣島,,,907-0012,沖縄県石垣市美崎町2-6,24.337248254356297,124.15868159154047,http://bluecabin-ishigakijima.jp/index.html,no,no,,,,,no,no,no,no,no,no,,,,,,,,,,,,yes,no,no,,,barrier_free_map,沖縄県バリアフリーマップ,http://okinawa-bf-map.jp/facility-info/detail?facility_id=1500,2017-11-28,1500,トイレ出入口形状=引戸,備考: 駐車台数2台
47,沖縄県,47327,北中城村,,仲順児童館,,,901-2303,沖縄県北中城村仲順60,26.3018516,127.7986848,/,no,yes,,,,,no,no,no,no,no,no,,,,,,,,,,,,no,no,no,,,barrier_free_map,沖縄県バリアフリーマップ,http://okinawa-bf-map.jp/facility-info/detail?facility_id=1501,2018-11-13,1501,トイレ出入口形状=ドア無し,備考: 駐車台数6台 / トイレ備考: 車椅子専用といれはドアなし カーテン
47,沖縄県,47327,北中城村,,和食レストラン花風,,,901-2311,沖縄県北中城村喜舎場1478 / ホテルコスタビスタ1F,26.3064205,127.7954294,http://www.costavista.jp/restaurant/hana-fu/,no,,,,,,,no,no,no,no,no,,,,,,,,,,,,,no,no,,,barrier_free_map,沖縄県バリアフリーマップ,http://okinawa-bf-map.jp/facility-info/detail?facility_id=1502,2018-11-13,1502,,備考: アレルギー食配慮・糖尿病食配慮の必要な方は事前連絡をお願い致します。 098-935-1655 / 備考: 駐車台数200台 / トイレ備考: トイレなし
47,沖縄県,47207,石垣市,,沖縄振興開発金融公庫八重山支店,,,907-0014,沖縄県石垣市新栄4-1,24.3414579,124.1523639,http://www.okinawakouko.go.jp,yes,yes,,,,,yes,no,no,no,yes,yes,,,,,,,,,,,,no,no,no,,,barrier_free_map,沖縄県バリアフリーマップ,http://okinawa-bf-map.jp/facility-info/detail?facility_id=1503,2023-12-19,1503,緊急通報装置あり / トイレ出入口形状=スライド,トイレ備考: 緊急通報装置は多目的トイレのみに設置あり 一般トイレ段差 なし 開口幅80cm以上 あり
47,沖縄県,47308,本部町,,マリンピアザオキナワ （ホテル）,,,905-0216,沖縄県本部町浜元410,26.6759824,127.8876731,http://www.m-piazza.com,no,yes,,,,,yes,no,no,no,no,no,,,,,,,,,,,,no,yes,no,,,barrier_free_map,沖縄県バリアフリーマップ,http://okinawa-bf-map.jp/facility-info/detail?facility_id=1504,2019-01-08,1504,緊急通報装置あり / トイレ出入口形状=スライド,備考: 駐車場収容台数50台
47,沖縄県,47327,北中城村,,EMウェルネスセンターウェルネス棟,,,901-2311,沖縄県北中城村喜舎場1478,26.3064205,127.7954294,http://www.costavista.jp/,yes,yes,,,,,yes,no,no,no,yes,yes,,,,,,,,,,,,no,yes,yes,,,barrier_free_map,沖縄県バリアフリーマップ,http://okinawa-bf-map.jp/facility-info/detail?facility_id=1505,2018-01-23,1505,緊急通報装置あり / トイレ出入口形状=引戸,備考: 駐車台数200台
47,沖縄県,47207,石垣市,,竹富町役場,,,907-0012,沖縄県石垣市美崎町11-1,24.339644,124.15437,/,no,yes,,,,,yes,no,no,no,no,no,,,,,,,,,,,,yes,no,no,,,barrier_free_map,沖縄県バリアフリーマップ,http://okinawa-bf-map.jp/facility-info/detail?facility_id=1506,2010-05-01,1506,トイレ出入口形状=スライド,備考: 駐車台数6台
47,沖縄県,47308,本部町,,本部町民体育館,,,905-0217,沖縄県本部町浦崎467-1,26.6759605,127.8951751,http://www.town.motobu.okinawa.jp/shisetu/undoujou-taiikukan,yes,yes,,,,,no,no,no,no,yes,no,,,,,,,,,,,,no,no,no,,,barrier_free_map,沖縄県バリアフリーマップ,http://okinawa-bf-map.jp/facility-info/detail?facility_id=1507,2019-01-17,1507,緊急通報装置あり / トイレ出入口形状=スライド,備考: 駐車場収容台数100台
47,沖縄県,47207,石垣市,,八重山警察署,,,907-0012,沖縄県石垣市登野城894-1,24.3404236,124.1702076,/,yes,yes,,,,,no,no,yes,no,yes,yes,,,,,,,,,,,,no,no,no,,,barrier_free_map,沖縄県バリアフリーマップ,http://okinawa-bf-map.jp/facility-info/detail?facility_id=1508,2010-05-01,1508,緊急通報装置あり / トイレ出入口形状=スライド,備考: 駐車台数80台
47,沖縄県,47308,本部町,,本部警察署,,,905-0212,沖縄県本部町大浜850-1,26.6535044,127.8810046,/,no,yes,,,,,no,no,no,no,no,no,,,,,,,,,,,,yes,no,no,,,barrier_free_map,沖縄県バリアフリーマップ,http://okinawa-bf-map.jp/facility-info/detail?facility_id=1509,2010-05-01,1509,トイレ出入口形状=引戸,備考: 駐車場収容台数50台。
47,沖縄県,47327,北中城村,,沖縄中央療護園身体障害者施設,,,901-2303,沖縄県北中城村仲順544-1,26.3081204,127.7970514,/,yes,yes,,,,,yes,yes,yes,no,no,no,,,,,,,,,,,,no,no,no,,,barrier_free_map,沖縄県バリアフリーマップ,http://okinawa-bf-map.jp/facility-info/detail?facility_id=1510,2022-07-20,1510,トイレ出入口形状=ドア無し,備考: 夜間警備あり / トイレ備考: ドアなし アコーディオンカーテン
47,沖縄県,47207,石垣市,,石垣市健康福祉センター,,,907-0004,沖縄県石垣市登野城1357-1,24.3479342,124.1711357,/,yes,yes,,,,,no,no,yes,no,yes,yes,,,,,,,,,,,,no,no,yes,,,barrier_free_map,沖縄県バリアフリーマップ,http://okinawa-bf-map.jp/facility-info/detail?facility_id=1511,2024-06-14,1511,緊急通報装置あり / トイレ出入口形状=スライド,備考: 駐車場から施設内までの屋根は障がい者用駐車場から のみ。 / トイレ備考: 一般トイレ開口幅80cm以上あり ベビーベッド・ベビーチェアは1階検診ホール横の女性トイレ のみ
47,沖縄県,47327,北中城村,,百登保育園,,,901-2301,沖縄県北中城村字島袋1927-1,26.317578,127.80004259999998,http://www.momotohoikuen.com/momoto.html,no,no,,,,,no,no,no,no,no,no,,,,,,,,,,,,yes,no,no,,,barrier_free_map,沖縄県バリアフリーマップ,http://okinawa-bf-map.jp/facility-info/detail?facility_id=1512,2018-11-13,1512,トイレ出入口形状=開き戸,備考: （延長保育 18：30～19：30 ※土曜日除く） / 備考: 駐車台数2台 / トイレ備考: 車イス用トイレなし
47,沖縄県,47327,北中城村,,小規模多機能ホーム若松きたなかぐすく,,,901-2316,沖縄県北中城村安谷屋1346-1,26.29999729269203,127.79301188465568,http://www.agape-wakamatsu.or.jp/shoukibo/kitanakagusuku/,no,yes,,,,,no,no,no,no,no,no,,,,,,,,,,,,no,no,no,,,barrier_free_map,沖縄県バリアフリーマップ,http://okinawa-bf-map.jp/facility-info/detail?facility_id=1513,2018-01-09,1513,緊急通報装置あり / トイレ出入口形状=引戸,備考: 駐車18台
47,沖縄県,47207,石垣市,,みんさー工芸館,,,907-0004,沖縄県石垣市登野城909,24.3416902,124.1708049,http://www.minsah.co.jp/,no,no,,,,,yes,no,no,no,yes,yes,,,,,,,,,,,,yes,no,no,,,barrier_free_map,沖縄県バリアフリーマップ,http://okinawa-bf-map.jp/facility-info/detail?facility_id=1514,2019-09-10,1514,着替え台あり,備考: 駐車台数20台 / トイレ備考: 車イス専用トイレ無し
47,沖縄県,47327,北中城村,,北中城村あやかりの杜,,,901-2311,沖縄県北中城村字喜舎場1214,26.3066065,127.79067980000002,http://www.ayakari.jp/index.jsp,no,yes,,,,,no,no,no,no,no,yes,,,,,,,,,,,,no,no,yes,,,barrier_free_map,沖縄県バリアフリーマップ,http://okinawa-bf-map.jp/facility-info/detail?facility_id=1515,2021-12-27,1515,トイレ出入口形状=開き戸,特徴･注意点: 図書館あり / 備考: 駐車台数74台
47,沖縄県,47207,石垣市,,やいま中央クリニック,,,907-0003,沖縄県石垣市平得120-3,24.3406735,124.1726048,/,no,yes,,,,,yes,no,yes,no,no,no,,,,,,,,,,,,,no,no,,,barrier_free_map,沖縄県バリアフリーマップ,http://okinawa-bf-map.jp/facility-info/detail?facility_id=1516,2010-05-14,1516,緊急通報装置あり / トイレ出入口形状=スライド,備考: 駐車台数80台
47,沖縄県,47207,石垣市,,やましろ歯科クリニック,,,907-0004,沖縄県石垣市登野城618 / 2F,24.3373296,124.1657716,/,no,yes,,,,,no,no,no,no,no,no,,,,,,,,,,,,no,no,no,,,barrier_free_map,沖縄県バリアフリーマップ,http://okinawa-bf-map.jp/facility-info/detail?facility_id=1517,2010-05-01,1517,緊急通報装置あり / トイレ出入口形状=スライド,備考: 駐車台数10台
47,沖縄県,47207,石垣市,,石垣市伝統工芸館,,,907-0004,沖縄県石垣市登野城783-2,24.340871,124.1676022,/,no,no,,,,,no,no,no,no,no,no,,,,,,,,,,,,yes,no,no,,,barrier_free_map,沖縄県バリアフリーマップ,http://okinawa-bf-map.jp/facility-info/detail?facility_id=1518,2019-08-26,1518,トイレ出入口形状=引戸,備考: 駐車台数5台 / トイレ備考: 車イス用トイレ無し
47,沖縄県,47327,北中城村,,瑞慶覧公民館,,,901-2317,沖縄県北中城村瑞慶覧416,26.3074758,127.7799527,/,no,no,,,,,no,no,no,no,no,no,,,,,,,,,,,,yes,no,no,,,barrier_free_map,沖縄県バリアフリーマップ,http://okinawa-bf-map.jp/facility-info/detail?facility_id=1519,2018-11-13,1519,トイレ出入口形状=引戸,備考: 駐車台数5台
47,沖縄県,47207,石垣市,,石垣市登野城保育所,,,907-0004,沖縄県石垣市登野城890-12,24.3404598,124.1687966,/,no,no,,,,,no,no,no,no,no,no,,,,,,,,,,,,,no,no,,,barrier_free_map,沖縄県バリアフリーマップ,http://okinawa-bf-map.jp/facility-info/detail?facility_id=1520,2010-05-01,1520,トイレ出入口形状=ドア無し,備考: 駐車場無し
47,沖縄県,47327,北中城村,,大城公民館,,,901-2314,沖縄県北中城村大城86,26.29034570996874,127.80041934237306,/,no,yes,,,,,no,no,no,no,no,no,,,,,,,,,,,,no,no,no,,,barrier_free_map,沖縄県バリアフリーマップ,http://okinawa-bf-map.jp/facility-info/detail?facility_id=1521,2018-11-13,1521,トイレ出入口形状=開き戸,備考: 駐車台数10台
47,沖縄県,47207,石垣市,,万年青クリニック,,,907-0004,沖縄県石垣市登野城1254-1,24.3458012,124.1670719,/,no,no,,,,,yes,no,no,no,no,no,,,,,,,,,,,,no,no,no,,,barrier_free_map,沖縄県バリアフリーマップ,http://okinawa-bf-map.jp/facility-info/detail?facility_id=1522,2010-05-01,1522,,備考: 駐車台数5台 / トイレ備考: 車イス専用トイレ無し
47,沖縄県,47327,北中城村,,老人デイサービスセンターしおさい,,,901-2321,沖縄県北中城村美崎262,26.30449956270648,127.82191785581972,http://kitanakasyakyo.org/siosai/,no,yes,,,,,no,no,no,no,no,no,,,,,,,,,,,,no,no,no,,,barrier_free_map,沖縄県バリアフリーマップ,http://okinawa-bf-map.jp/facility-info/detail?facility_id=1523,2018-01-23,1523,緊急通報装置あり / トイレ出入口形状=引戸,特徴･注意点: テーブル70cm イス40cm マッサージ・トレーニングマシーンおふろ有 / 備考: 駐車台数5台
47,沖縄県,47329,西原町,,西原共同福祉施設（西原町商工会）,,,903-0122,沖縄県西原町小橋川1-5,26.229905,127.7635489,http://www.nishihara-sawafuji.jp/index.php?action=pages_view_main&page_id=60,no,no,,,,,no,no,no,no,no,no,,,,,,,,,,,,yes,no,no,,,barrier_free_map,沖縄県バリアフリーマップ,http://okinawa-bf-map.jp/facility-info/detail?facility_id=1524,2024-04-11,1524,トイレ出入口形状=ドア無し,備考: ２階は階段のみの為 車椅子での移動不可 / 備考: 駐車場収容台数 25台 / トイレ備考: ドアはアコーディオンカーテンになっています。
47,沖縄県,47327,北中城村,,石平公民館,,,901-2316,沖縄県北中城村安谷屋2151,26.2951907,127.7806559,/,no,no,,,,,no,no,no,no,no,no,,,,,,,,,,,,yes,no,no,,,barrier_free_map,沖縄県バリアフリーマップ,http://okinawa-bf-map.jp/facility-info/detail?facility_id=1525,2018-11-13,1525,トイレ出入口形状=引戸,備考: 駐車台数4台 / トイレ備考: 入口段差10cm
47,沖縄県,47327,北中城村,,安谷屋公民館,,,901-2316,沖縄県北中城村安谷屋223,26.295388,127.7875748,/,no,no,,,,,no,no,no,no,no,no,,,,,,,,,,,,yes,no,no,,,barrier_free_map,沖縄県バリアフリーマップ,http://okinawa-bf-map.jp/facility-info/detail?facility_id=1526,2018-11-13,1526,トイレ出入口形状=開き戸,特徴･注意点: 保健室あり / 備考: 駐車台数20台 / トイレ備考: 段差5cm
47,沖縄県,47329,西原町,,社会福祉法人すかんぽ福祉会 さざなみ保育園 分園 なぎさ,,,903-0114,沖縄県西原町桃原76,26.2186836,127.7499173,/,no,yes,,,,,yes,no,no,no,no,no,,,,,,,,,,,,no,no,no,,,barrier_free_map,沖縄県バリアフリーマップ,http://okinawa-bf-map.jp/facility-info/detail?facility_id=1527,2010-05-21,1527,トイレ出入口形状=スライド,備考: 駐車場収容台数 6台
47,沖縄県,47329,西原町,,太田小児科医院,,,903-0122,沖縄県西原町小橋川164-1,26.2260637,127.7639047,/,no,no,,,,,no,no,no,no,no,no,,,,,,,,,,,,no,no,no,,,barrier_free_map,沖縄県バリアフリーマップ,http://okinawa-bf-map.jp/facility-info/detail?facility_id=1529,2010-05-11,1529,トイレ出入口形状=開き戸,備考: 駐車場収容台数 15台
47,沖縄県,47329,西原町,,西原町立図書館,,,903-0111,沖縄県西原町与那城152-5,26.2212836,127.7599746,http://library.town.nishihara.okinawa.jp/,yes,yes,,,,,no,no,no,no,yes,yes,,,,,,,,,,,,no,no,yes,,,barrier_free_map,沖縄県バリアフリーマップ,http://okinawa-bf-map.jp/facility-info/detail?facility_id=1530,2024-07-08,1530,緊急通報装置あり / トイレ出入口形状=スライド,特徴･注意点: 視覚障害者専用の部屋あり。（音声付き） / トイレ備考: オストメイトあり
47,沖縄県,47329,西原町,,西原町立西原児童館,,,903-0100,沖縄県西原町我謝241-84,26.2162869,127.7615248,/,no,yes,,,,,no,no,no,no,no,no,,,,,,,,,,,,no,no,no,,,barrier_free_map,沖縄県バリアフリーマップ,http://okinawa-bf-map.jp/facility-info/detail?facility_id=1531,2010-05-01,1531,トイレ出入口形状=ドア無し,備考: 駐車場収容台数 2台 / トイレ備考: ドアはアコーディオンカーテンになっています。
47,沖縄県,47314,金武町,,金武町立浜田保育所,,,904-1201,沖縄県金武町字金武4231,26.45176,127.914575,/,no,no,,,,,no,no,no,no,no,no,,,,,,,,,,,,yes,no,no,,,barrier_free_map,沖縄県バリアフリーマップ,http://okinawa-bf-map.jp/facility-info/detail?facility_id=1532,2010-05-01,1532,トイレ出入口形状=開き戸,備考: 駐車台数18台 / トイレ備考: 入口幅63cm 入口段差9cm
47,沖縄県,47207,石垣市,,みやま・あやぱにモール,,,907-0022,沖縄県石垣市大川219,24.3391911,124.1581135,http://miyama-ishigaki.jimdofree.com/,no,yes,,,,,yes,no,yes,no,no,yes,,,,,,,,,,,,no,no,no,,,barrier_free_map,沖縄県バリアフリーマップ,http://okinawa-bf-map.jp/facility-info/detail?facility_id=1533,2019-08-13,1533,緊急通報装置あり / トイレ出入口形状=スライド,備考: 駐車場無し
47,沖縄県,47327,北中城村,,喜舎場保育所,,,901-2311,沖縄県北中城村喜舎場240,26.3025848,127.7966378,/,no,yes,,,,,no,no,no,no,no,no,,,,,,,,,,,,yes,yes,no,,,barrier_free_map,沖縄県バリアフリーマップ,http://okinawa-bf-map.jp/facility-info/detail?facility_id=1534,2018-11-14,1534,トイレ出入口形状=引戸,備考: 駐車台数9台 / トイレ備考: 入口段差5~6cm 便座45cm
47,沖縄県,47327,北中城村,,北中城村役場（第一庁舎）,,,901-2311,沖縄県北中城村喜舎場426-2,26.30129560854204,127.79318793254083,http://www.vill.kitanakagusuku.lg.jp/site/view/index.jsp,yes,yes,,,,,no,no,no,no,yes,no,,,,,,,,,,,,yes,no,no,,,barrier_free_map,沖縄県バリアフリーマップ,http://okinawa-bf-map.jp/facility-info/detail?facility_id=1535,2018-01-09,1535,トイレ出入口形状=引戸,備考: 駐車台数35台 / トイレ備考: 入口段差4cm
47,沖縄県,47327,北中城村,,屋宜原公園,,,901-2304,沖縄県北中城村字屋宜原794,26.3108839,127.7916935,/,no,yes,,,,,no,no,no,no,no,no,,,,,,,,,,,,no,no,no,,,barrier_free_map,沖縄県バリアフリーマップ,http://okinawa-bf-map.jp/facility-info/detail?facility_id=1536,2020-12-15,1536,トイレ出入口形状=開き戸,備考: 管理 北中城村建設課 098-935-2233 / 備考: 駐車場なし
47,沖縄県,47211,沖縄市,,沖縄市立諸見里保育所,,,904-0032,沖縄県沖縄市諸見里1-32-19,26.3299766,127.7914707,http://shoufukushikai.com/moromi/index.php,no,no,,,,,no,no,no,no,no,no,,,,,,,,,,,,yes,no,no,,,barrier_free_map,沖縄県バリアフリーマップ,http://okinawa-bf-map.jp/facility-info/detail?facility_id=1537,2016-07-12,1537,トイレ出入口形状=開き戸,備考: 駐車場収容台数 13台 有料駐車場2ヶ所で来客者用駐車場は無し。 / トイレ備考: 出入口段差10cm
47,沖縄県,47207,石垣市,,日本料理郷土料理 ひるぎ,,,907-0012,沖縄県石垣市美崎4−9,24.3385523451312,124.1549871490738,http://www.miyahira.co.jp/restaurant/hirugi.html,no,no,,,,,no,no,no,no,no,no,,,,,,,,,,,,no,no,no,,,barrier_free_map,沖縄県バリアフリーマップ,http://okinawa-bf-map.jp/facility-info/detail?facility_id=1538,2019-08-13,1538,,備考: 駐車台数50台 / トイレ備考: トイレ無し
47,沖縄県,47211,沖縄市,,コザしんきんスタジアム（コザ運動公園）,,,904-0032,沖縄県沖縄市諸見里2-1-1,26.3322875,127.7903291,http://www.kozapa-osi.jp,no,yes,,,,,no,no,no,no,no,no,,,,,,,,,,,,no,no,no,,,barrier_free_map,沖縄県バリアフリーマップ,http://okinawa-bf-map.jp/facility-info/detail?facility_id=1539,2020-05-07,1539,トイレ出入口形状=スライド,備考: ・球場内のバックネット裏に車いすスペース有り。内野席、外野席は段差有り。 ・サブグラウンドは外野側から見学可能、内野は歩道から見学可能だが20cm程の段差有り。 ・車いす対応トイレは球状内、サブグラウンド横、投球練習場横に有り。 ・屋内練習場は窓が高い位置にあり、車いす利用者は入口からしか中が見れない。 / 備考: 駐車場収容台数 98台
47,沖縄県,47327,北中城村,,中城城跡,,,901-2314,沖縄県北中城村大城503,26.286268052634178,127.8031000809509,http://www.nakagusuku-jo.jp/,no,yes,,,,,no,no,no,no,no,no,,,,,,,,,,,,no,no,no,,,barrier_free_map,沖縄県バリアフリーマップ,http://okinawa-bf-map.jp/facility-info/detail?facility_id=1540,2021-06-18,1540,トイレ出入口形状=引戸,備考: 駐車台数50台 大型バス7台 / トイレ備考: 汚物いれ高い場所にあり
47,沖縄県,47215,南城市,,南城市立-みどり保育所,,,901-1202,沖縄県南城市大里2513,26.1783735,127.7487226,/,no,no,,,,,no,no,no,no,no,no,,,,,,,,,,,,yes,no,no,,,barrier_free_map,沖縄県バリアフリーマップ,http://okinawa-bf-map.jp/facility-info/detail?facility_id=1541,2019-01-28,1541,トイレ出入口形状=引戸,備考: 駐車場収容台数17台
47,沖縄県,47201,那覇市,,スターバックスコーヒー那覇国際通り牧志店,,,900-0013,沖縄県那覇市牧志2-1-1 / プランタビル1階,26.216305541130126,127.68815006256571,http://www.starbucks.co.jp/,no,no,,,,,no,no,no,no,no,no,,,,,,,,,,,,no,no,no,,,barrier_free_map,沖縄県バリアフリーマップ,http://okinawa-bf-map.jp/facility-info/detail?facility_id=1542,2017-12-29,1542,トイレ出入口形状=開き戸,特徴･注意点: 店内は広く車椅子で利用しやすい。 / 備考: 駐車場無し。 / トイレ備考: 出入口幅が狭いので車椅子では使用不可。
47,沖縄県,47327,北中城村,,北中城村立中央公民館,,,901-2303,沖縄県北中城村仲順435,26.304202619425535,127.80155410370479,http://www.vill.kitanakagusuku.lg.jp/kurashi/yoyaku/332.html#h_idx_iw_flex_1_7,no,yes,,,,,no,no,no,no,no,no,,,,,,,,,,,,no,no,no,,,barrier_free_map,沖縄県バリアフリーマップ,http://okinawa-bf-map.jp/facility-info/detail?facility_id=1543,2018-11-14,1543,トイレ出入口形状=開き戸,特徴･注意点: 2Fまではスロープでいける / 備考: 駐車台数140台
47,沖縄県,47207,石垣市,,南の美ら花ホテルミヤヒラ,,,907-0012,沖縄県石垣市美崎4-9,24.338345964844034,124.15507254232783,http://www.miyahira.co.jp,yes,yes,,,,,yes,no,no,no,yes,no,,,,,,,,,,,,no,yes,no,,,barrier_free_map,沖縄県バリアフリーマップ,http://okinawa-bf-map.jp/facility-info/detail?facility_id=1547,2019-08-14,1547,トイレ出入口形状=スライド,備考: 駐車台数50台
47,沖縄県,47325,嘉手納町,,嘉手納町葬祭場,,,904-0201,沖縄県嘉手納町久得245,26.371439,127.7748428,http://www.town.kadena.okinawa.jp/facility/shi41.html,no,yes,,,,,no,no,no,no,no,no,,,,,,,,,,,,no,no,no,,,barrier_free_map,沖縄県バリアフリーマップ,http://okinawa-bf-map.jp/facility-info/detail?facility_id=1548,2018-05-23,1548,トイレ出入口形状=ドア無し,備考: 駐車場収容台数 80台 / トイレ備考: ドアはアコーディオンカーテンになっています。
47,沖縄県,47207,石垣市,,石垣市公設市場,,,907-0022,沖縄県石垣市大川208,24.3397633,124.157983,/,no,yes,,,,,yes,no,yes,no,no,yes,,,,,,,,,,,,,no,no,,,barrier_free_map,沖縄県バリアフリーマップ,http://okinawa-bf-map.jp/facility-info/detail?facility_id=1549,2015-09-11,1549,緊急通報装置あり / トイレ出入口形状=スライド,備考: 駐車場無し
47,沖縄県,47325,嘉手納町,,中央区コミュニティーセンター,,,904-0203,沖縄県嘉手納町81,26.3616176,127.7549744,http://www.town.kadena.okinawa.jp/facility/shi59.html,no,yes,,,,,no,no,no,no,no,no,,,,,,,,,,,,no,no,no,,,barrier_free_map,沖縄県バリアフリーマップ,http://okinawa-bf-map.jp/facility-info/detail?facility_id=1550,2023-01-18,1550,トイレ出入口形状=スライド,備考: 駐車場収容台数 4台
47,沖縄県,47362,八重瀬町,,ザ・サザンリンクスリゾートホテル,,,901-0513,沖縄県八重瀬町字玻名城697,26.1140812,127.7390808,http://www.southern-links.co.jp/,no,no,,,,,no,no,no,yes,no,no,,,,,,,,,,,,,no,no,,,barrier_free_map,沖縄県バリアフリーマップ,http://okinawa-bf-map.jp/facility-info/detail?facility_id=1551,2018-01-22,1551,トイレ出入口形状=開き戸,備考: 駐車場収容台数200台
47,沖縄県,47201,那覇市,,シーサー・イン那覇,,,900-0013,沖縄県那覇市牧志1-3-59,26.216051,127.6870921,http://shiisar.com,no,no,,,,,no,no,no,no,no,no,,,,,,,,,,,,yes,no,no,,,barrier_free_map,沖縄県バリアフリーマップ,http://okinawa-bf-map.jp/facility-info/detail?facility_id=1552,2010-05-01,1552,トイレ出入口形状=開き戸,特徴･注意点: 駐車場は指定駐車場があり、一泊1000円（基本的に駐車場での支払い）。 / 備考: 駐車場収容台数 17台 駐車場からホテルまでの距離はかなりあります。 / トイレ備考: 1階受付の女性用トイレには段差が16cmある。
47,沖縄県,47208,浦添市,,嶺井第一病院,,,901-2113,沖縄県浦添市大平466,26.2428017,127.710947,http://www.ohirakai.or.jp/minei-hospital/index.html,no,yes,,,,,yes,no,no,no,no,no,,,,,,,,,,,,no,no,no,,,barrier_free_map,沖縄県バリアフリーマップ,http://okinawa-bf-map.jp/facility-info/detail?facility_id=1554,2024-04-19,1554,緊急通報装置あり / トイレ出入口形状=スライド,備考: 駐車場収容台数200台
47,沖縄県,47201,那覇市,,医療法人城南会 松城クリニック,,,902-0062,沖縄県那覇市松川3-23-37,26.2154103,127.7095071,/,no,yes,,,,,yes,no,no,no,no,no,,,,,,,,,,,,no,no,no,,,barrier_free_map,沖縄県バリアフリーマップ,http://okinawa-bf-map.jp/facility-info/detail?facility_id=1556,2010-05-01,1556,緊急通報装置あり / トイレ出入口形状=ドア無し,備考: 駐車場収容台数 5台 駐車場はあるが、予約を要する。 車椅子専用1台はあったが病院の車両が止まっていた。 / トイレ備考: ドアはアコーディオンカーテンになっています。 トイレは全てバリアフリー対応。
47,沖縄県,47214,宮古島市,,沖縄県警察安全運転学校宮古分校,,,906-0013,沖縄県宮古島市平良字下里3107-4,24.78314551142536,125.31149834445796,http://www.police.pref.okinawa.jp/docs/2015030100314/,no,yes,,,,,no,no,no,no,no,no,,,,,,,,,,,,no,no,no,,,barrier_free_map,沖縄県バリアフリーマップ,http://okinawa-bf-map.jp/facility-info/detail?facility_id=1557,2024-02-01,1557,トイレ出入口形状=引戸,備考: 駐車台数30台
47,沖縄県,47302,大宜味村,,特別養護老人ホームやんばるの家,,,905-1318,沖縄県大宜味村津波1971-35,26.6561057,128.1071078,http://www.isshinfukushikai.or.jp/category/roujinfukushi/yanbarunoie,no,yes,,,,,no,no,no,no,no,no,,,,,,,,,,,,no,no,no,,,barrier_free_map,沖縄県バリアフリーマップ,http://okinawa-bf-map.jp/facility-info/detail?facility_id=1558,2018-05-29,1558,緊急通報装置あり / トイレ出入口形状=ドア無し,備考: 駐車場収容台数 25台 / トイレ備考: ドアはカーテンになってます。
47,沖縄県,47208,浦添市,,ANA SPORTS HALL てだこ（浦添市多目的屋内運動場）,,,901-2103,沖縄県浦添市仲間1-13-1,26.2512382,127.7234149,http://urataishisetsu.jp/sisetsu/s-g4/,no,yes,,,,,no,no,no,no,no,no,,,,,,,,,,,,no,no,no,,,barrier_free_map,沖縄県バリアフリーマップ,http://okinawa-bf-map.jp/facility-info/detail?facility_id=1559,2020-05-13,1559,緊急通報装置あり / トイレ出入口形状=スライド,特徴･注意点: 種目別コート ドッチボール6コート、ゲートボール4コート、軟式テニスコート4コート、3on3 4コート、野球内野練習1コートあり / 備考: 駐車場収容台数280台
47,沖縄県,47214,宮古島市,,宮古島海宝館,,,906-0101,沖縄県宮古島市城辺字保良591-1,24.7302335,125.4295335,http://kaihoukan.co.jp/,no,yes,,,,,no,no,no,no,no,no,,,,,,,,,,,,no,no,no,,,barrier_free_map,沖縄県バリアフリーマップ,http://okinawa-bf-map.jp/facility-info/detail?facility_id=1561,2023-12-26,1561,トイレ出入口形状=スライド,備考: 普通車50台 バス 15台 / トイレ備考: 一般トイレ開口幅80cm以上:あり
47,沖縄県,47302,大宜味村,,大宜味村農村環境改善センター,,,905-1303,沖縄県大宜味村喜如嘉320,26.7079632,128.1437369,http://www.vill.ogimi.okinawa.jp/facility_reservation/,no,no,,,,,no,no,no,no,no,no,,,,,,,,,,,,yes,no,yes,,,barrier_free_map,沖縄県バリアフリーマップ,http://okinawa-bf-map.jp/facility-info/detail?facility_id=1562,2020-05-06,1562,トイレ出入口形状=開き戸,備考: 駐車場収容台数 55台
47,沖縄県,47207,石垣市,,ホテルルートイングランディア石垣,,,907-0014,沖縄県石垣市新栄21,24.3425801,124.1513279,http://www.hotel-grantia.co.jp/ishigaki/,yes,yes,,,,,no,no,yes,no,yes,no,,,,,,,,,,,,,no,no,,,barrier_free_map,沖縄県バリアフリーマップ,http://okinawa-bf-map.jp/facility-info/detail?facility_id=1563,2019-01-14,1563,緊急通報装置あり / トイレ出入口形状=スライド,備考: 車いす対応客室あり（ドア：引き戸、部屋の入口：段差なし、部屋の通路：車いす通行可能、バスルーム：入口段差なし・入口幅80cm以上、トイレ：手すりあり・車いすで入れる） / 備考: 駐車台数35台
47,沖縄県,47214,宮古島市,,ホテルアトールエメラルド宮古島,,,906-0013,沖縄県宮古島市平良字下里108-7,24.8055232,125.274702,http://www.atollemerald.jp/,no,yes,,,,,no,no,no,no,no,no,,,,,,,,,,,,no,yes,no,,,barrier_free_map,沖縄県バリアフリーマップ,http://okinawa-bf-map.jp/facility-info/detail?facility_id=1564,2019-01-09,1564,緊急通報装置あり / トイレ出入口形状=スライド,備考: 駐車場なし 市役所駐車場を利用
47,沖縄県,47208,浦添市,,ANA FIELD 浦添（浦添市陸上競技場）,,,901-2103,沖縄県浦添市仲間1-13-1,26.2508993,127.7226094,http://urataishisetsu.jp/sisetsu/s-g1/,no,yes,,,,,no,no,no,no,no,no,,,,,,,,,,,,no,no,no,,,barrier_free_map,沖縄県バリアフリーマップ,http://okinawa-bf-map.jp/facility-info/detail?facility_id=1565,2020-05-13,1565,トイレ出入口形状=スライド,備考: 連絡先098-876-7322（浦添市公共施設管理事務所） / 備考: 駐車場収容台数280台
47,沖縄県,47302,大宜味村,,大宜味村社会福祉協議会基幹型在宅介護支援センター,,,905-1305,沖縄県大宜味村大兼久157,26.7019937,128.1201635,/,no,no,,,,,no,no,no,no,no,no,,,,,,,,,,,,yes,no,no,,,barrier_free_map,沖縄県バリアフリーマップ,http://okinawa-bf-map.jp/facility-info/detail?facility_id=1566,2018-05-29,1566,トイレ出入口形状=開き戸,備考: 駐車場収容台数 20台
47,沖縄県,47214,宮古島市,,サンエーオリタ食品館,,,906-0013,沖縄県宮古島市平良字下里623,24.801657,125.2801126,http://www.san-a.co.jp/store/709/,no,no,,,,,no,no,no,no,no,no,,,,,,,,,,,,yes,yes,no,,,barrier_free_map,沖縄県バリアフリーマップ,http://okinawa-bf-map.jp/facility-info/detail?facility_id=1567,2018-06-18,1567,トイレ出入口形状=開き戸,備考: 運営 株式会社サンエー / 備考: 駐車台数30台 / トイレ備考: 段差7cm 車イス利用不可
47,沖縄県,47209,名護市,,沖縄銀行大宮支店,,,905-0011,沖縄県名護市宮里7-20-18,26.60131549632783,127.97633782160847,http://www.okinawa-bank.co.jp/shop_atm/2014061103004/,no,no,,,,,no,no,no,no,no,no,,,,,,,,,,,,yes,no,no,,,barrier_free_map,沖縄県バリアフリーマップ,http://okinawa-bf-map.jp/facility-info/detail?facility_id=1568,2018-04-25,1568,トイレ出入口形状=開き戸,備考: 駐車場収容台数 40台
47,沖縄県,47208,浦添市,,浦添市中央ゲートボール場,,,901-2112,沖縄県浦添市沢岻1120,26.2423497,127.715641,http://urataishisetsu.jp/sisetsu/s-g8/,no,no,,,,,no,no,no,no,no,no,,,,,,,,,,,,yes,no,no,,,barrier_free_map,沖縄県バリアフリーマップ,http://okinawa-bf-map.jp/facility-info/detail?facility_id=1569,2019-10-31,1569,トイレ出入口形状=開き戸,"備考: 駐車場台数30台 / トイレ備考: 一般トイレ 入口段差3段あり(15,10,10cm)洗面台の高さ81.5cm、幅70cm 女子1室、男子1室尿器1個"
47,沖縄県,47214,宮古島市,,宮古島リハビリ温泉病院,,,906-0007,沖縄県宮古島市平良東仲宗根添1898-7,24.7697785,125.3425987,http://miyako-reha.or.jp/,no,yes,,,,,yes,no,no,no,no,no,,,,,,,,,,,,no,yes,no,,,barrier_free_map,沖縄県バリアフリーマップ,http://okinawa-bf-map.jp/facility-info/detail?facility_id=1570,2018-06-18,1570,緊急通報装置あり / トイレ出入口形状=ドア無し,備考: 駐車台数200台 / トイレ備考: ドア無し カーテン
47,沖縄県,47201,那覇市,,沖縄銀行壷屋支店,,,902-0065,沖縄県那覇市壺屋1-1-2,26.2125821,127.6891395,http://www.okinawa-bank.co.jp/,yes,yes,,,,,no,no,no,no,yes,yes,,,,,,,,,,,,no,no,no,,,barrier_free_map,沖縄県バリアフリーマップ,http://okinawa-bf-map.jp/facility-info/detail?facility_id=1571,2017-01-24,1571,緊急通報装置あり / 着替え台あり / トイレ出入口形状=引戸,備考: 駐車場収容台数 50台
47,沖縄県,47207,石垣市,,ホテルグランビュー石垣,,,907-0004,沖縄県石垣市登野城1,24.337497391044632,124.15807215767211,http://www.granview.co.jp/ishigaki/index.html,yes,yes,,,,,yes,no,no,no,yes,yes,,,,,,,,,,,,no,no,no,,,barrier_free_map,沖縄県バリアフリーマップ,http://okinawa-bf-map.jp/facility-info/detail?facility_id=1572,2019-08-14,1572,緊急通報装置あり / トイレ出入口形状=スライド,備考: 駐車台数17台 / トイレ備考: 女子トイレと車イス専用トイレが供用
47,沖縄県,47208,浦添市,,高良歯科医院,,,901-2127,沖縄県浦添市屋富祖1-2-10,26.25105637445128,127.71247661724017,http://www.okisi.org/center/search-dental/search-dental_south/search-dental_naha/569,no,yes,,,,,yes,yes,no,no,no,no,,,,,,,,,,,,no,no,no,,,barrier_free_map,沖縄県バリアフリーマップ,http://okinawa-bf-map.jp/facility-info/detail?facility_id=1573,2019-05-23,1573,トイレ出入口形状=開き戸,特徴･注意点: 受付へ声掛けすると介助可能。 取り外しスロープ有り。 / 備考: 駐車場収容台数20台
47,沖縄県,47213,うるま市,,うるま記念病院,,,904-2201,沖縄県うるま市昆布1832-397,26.3964184,127.8404397,http://www.chubu-ishikai.or.jp/cma_public/search_institution/InstitutionDetail.aspx?InstitutionCd=273,no,yes,,,,,yes,no,no,no,no,no,,,,,,,,,,,,no,no,no,,,barrier_free_map,沖縄県バリアフリーマップ,http://okinawa-bf-map.jp/facility-info/detail?facility_id=1574,2018-07-19,1574,トイレ出入口形状=スライド,備考: 駐車場収容台数 150台
47,沖縄県,47214,宮古島市,,宮古島城辺庁舎,,,906-0103,沖縄県宮古島市城辺福里600-1,24.75760586950722,125.38372209976819,http://www.city.miyakojima.lg.jp/kurashi/shisetsu/tyousya/gusukube.html,yes,yes,,,,,yes,no,no,no,yes,no,,,,,,,,,,,,no,no,no,,,barrier_free_map,沖縄県バリアフリーマップ,http://okinawa-bf-map.jp/facility-info/detail?facility_id=1575,2018-06-18,1575,緊急通報装置あり / トイレ出入口形状=スライド,備考: 旧城辺町役場 電話番号は地域づくり課の番号 / 備考: 駐車台数100台
47,沖縄県,47214,宮古島市,,城辺中央クリニック,,,906-0104,沖縄県宮古島市城辺字比嘉628-5,24.762066684747612,125.37885325767206,http://byoinnavi.jp/clinic/104550,no,no,,,,,no,no,no,no,no,no,,,,,,,,,,,,yes,no,no,,,barrier_free_map,沖縄県バリアフリーマップ,http://okinawa-bf-map.jp/facility-info/detail?facility_id=1576,2018-12-10,1576,トイレ出入口形状=開き戸,備考: 駐車台数40台 / トイレ備考: 出入口段差あり（7cm） 出入口幅65cm 手すりあり
47,沖縄県,47213,うるま市,,美原地区学習等供用施設 (美原公民館),,,904-1111,沖縄県うるま市石川東恩納1524番地,26.407831095655244,127.83384470985641,http://www.city.uruma.lg.jp/tiiki/156/1495/10502/10548,no,yes,,,,,no,no,no,no,no,no,,,,,,,,,,,,yes,no,no,,,barrier_free_map,沖縄県バリアフリーマップ,http://okinawa-bf-map.jp/facility-info/detail?facility_id=1577,2018-07-19,1577,緊急通報装置あり / トイレ出入口形状=スライド,備考: 駐車場収容台数 20台
47,沖縄県,47207,石垣市,,アートホテル石垣島,,,907-0022,沖縄県石垣市大川559,24.3478738,124.1604667,http://www.art-ishigakijima.com/,yes,yes,,,,,yes,no,no,no,yes,yes,,,,,,,,,,,,no,yes,no,,,barrier_free_map,沖縄県バリアフリーマップ,http://okinawa-bf-map.jp/facility-info/detail?facility_id=1578,2019-08-14,1578,緊急通報装置あり / トイレ出入口形状=スライド,備考: 駐車台数165台
47,沖縄県,47208,浦添市,,ANA ARENA 浦添（浦添市民体育館）,,,901-2103,沖縄県浦添市仲間1-13-1,26.2512382,127.7234149,http://urataishisetsu.jp/sisetsu/s-g2/,no,yes,,,,,no,no,no,no,no,no,,,,,,,,,,,,no,no,no,,,barrier_free_map,沖縄県バリアフリーマップ,http://okinawa-bf-map.jp/facility-info/detail?facility_id=1579,2020-05-13,1579,緊急通報装置あり / トイレ出入口形状=スライド,備考: 駐車場収容台数280台
47,沖縄県,47213,うるま市,,特別養護老人ホーム平和の村,,,904-2201,沖縄県うるま市昆布１８３２−６３７,26.3970988,127.83785379999995,/,no,yes,,,,,yes,no,no,no,no,no,,,,,,,,,,,,no,no,no,,,barrier_free_map,沖縄県バリアフリーマップ,http://okinawa-bf-map.jp/facility-info/detail?facility_id=1580,2018-07-10,1580,緊急通報装置あり / トイレ出入口形状=ドア無し,備考: 駐車場収容台数 81台
47,沖縄県,47303,東村,,東村民の森・つつじエコパーク,,,905-1204,沖縄県東村平良766-1,26.638245,128.1592806,http://higashi-ecopark.com/,no,yes,,,,,no,no,no,no,no,no,,,,,,,,,,,,no,no,no,,,barrier_free_map,沖縄県バリアフリーマップ,http://okinawa-bf-map.jp/facility-info/detail?facility_id=1581,2019-03-18,1581,トイレ出入口形状=スライド,特徴･注意点: 予約受付時間は午前８時３０分～午後５時３０分までとなっております。 FAXご利用の方は電話確認をお願い致します。 受付予約は３ヶ月前からとなります。 / 備考: 駐車場収容台数 100台 / トイレ備考: 男子小便器あり。
47,沖縄県,47208,浦添市,,デイサービスセンター福寿の郷,,,901-2104,沖縄県浦添市当山2-9-1,26.24817383334512,127.7387120485489,/,no,yes,,,,,no,no,no,no,no,no,,,,,,,,,,,,no,no,no,,,barrier_free_map,沖縄県バリアフリーマップ,http://okinawa-bf-map.jp/facility-info/detail?facility_id=1582,2019-05-23,1582,緊急通報装置あり / トイレ出入口形状=ドア無し,備考: 駐車場収容台数19台 / トイレ備考: トイレ出入口形状はカーテン付
47,沖縄県,47213,うるま市,,宮里地区コミュニティ供用施設（宮里公民館）,,,904-2243,沖縄県うるま市宮里157,26.3522225179362,127.83651778584442,http://www.city.uruma.lg.jp/tiiki/156/1495/10499/10520,no,yes,,,,,yes,no,no,no,no,no,,,,,,,,,,,,no,no,no,,,barrier_free_map,沖縄県バリアフリーマップ,http://okinawa-bf-map.jp/facility-info/detail?facility_id=1584,2018-07-19,1584,緊急通報装置あり / トイレ出入口形状=スライド,備考: 駐車場収容台数 50台
47,沖縄県,47208,浦添市,,ANA BALL PARK 浦添 (浦添市民球場),,,901-2103,沖縄県浦添市仲間1-13-1,26.2512382,127.7234149,http://urataishisetsu.jp/sisetsu/s-g7/,no,yes,,,,,no,no,no,no,no,no,,,,,,,,,,,,no,no,no,,,barrier_free_map,沖縄県バリアフリーマップ,http://okinawa-bf-map.jp/facility-info/detail?facility_id=1586,2020-05-13,1586,トイレ出入口形状=スライド,特徴･注意点: ※季節により時間変更有り / 備考: 連絡先098-876-7322（浦添市公共施設管理事務所） / 備考: 駐車場収容台数280台
47,沖縄県,47382,与那国町,,与那国久部良漁港,,,907-1800,沖縄県与那国町与那国４０２２−１,24.451254339761448,122.94281681167412,http://yonaguni-gyokyo.org/,no,yes,,,,,no,no,no,no,no,no,,,,,,,,,,,,no,no,no,,,barrier_free_map,沖縄県バリアフリーマップ,http://okinawa-bf-map.jp/facility-info/detail?facility_id=1587,2010-05-20,1587,緊急通報装置あり / トイレ出入口形状=スライド,備考: 漁港の管理は漁業共同組合がしています。 与那国町漁業共同組合 電話:0980-87-2803 FAX:0980-87-2866 / 備考: 駐車台数22台 / トイレ備考: 車イス専用トイレ ・入口幅83cm ・手すりの高さ57cm ・便座の高さ46cm ・洗面台の高さ46cm ・非常用ボタンの高さ100cm
47,沖縄県,47213,うるま市,,マクドナルド具志川店,,,904-2235,沖縄県うるま市前原262-3,26.3372609,127.8466461,http://www.mcdonalds.co.jp,yes,yes,,,,,yes,no,no,no,yes,yes,,,,,,,,,,,,no,no,no,,,barrier_free_map,沖縄県バリアフリーマップ,http://okinawa-bf-map.jp/facility-info/detail?facility_id=1588,2015-09-10,1588,トイレ出入口形状=スライド,備考: 正式名称 日本マクドナルド株式会社 マクドナルド具志川店 Edy、ID、waonでの支払い可 / 備考: 駐車場収容台数 35台
47,沖縄県,47214,宮古島市,,医療法人沖縄徳洲会適合高齢者専用賃貸住宅みやとく,,,906-0014,沖縄県宮古島市平良字松原552-2,24.7885827537136,125.27966209259034,http://www.satsuki-jutaku.jp/search/detail.php?house_id=26830,no,yes,,,,,yes,no,no,no,no,no,,,,,,,,,,,,no,no,no,,,barrier_free_map,沖縄県バリアフリーマップ,http://okinawa-bf-map.jp/facility-info/detail?facility_id=1589,2018-06-18,1589,緊急通報装置あり / トイレ出入口形状=スライド,備考: 駐車台数100台 同敷地内徳洲会病院と同じ
47,沖縄県,47213,うるま市,,Eスペース具志川店,,,904-2223,沖縄県うるま市江洲 660-1,26.346697080531627,127.83503209021295,http://www.p-world.co.jp/okinawa/e-space-gu.htm,yes,yes,,,,,yes,no,no,no,no,no,,,,,,,,,,,,no,no,no,,,barrier_free_map,沖縄県バリアフリーマップ,http://okinawa-bf-map.jp/facility-info/detail?facility_id=1590,2018-07-19,1590,緊急通報装置あり / トイレ出入口形状=スライド,備考: 駐車場収容台数300台、駐車場の種類立体、平面有り
47,沖縄県,47213,うるま市,,ダイレックス具志川店,,,904-2235,沖縄県うるま市前原67,26.3413438,127.8519356,http://www.sundrug.co.jp/store/store.php?id=7141&gid=2,no,yes,,,,,no,no,no,no,no,no,,,,,,,,,,,,no,no,no,,,barrier_free_map,沖縄県バリアフリーマップ,http://okinawa-bf-map.jp/facility-info/detail?facility_id=1591,2020-01-22,1591,緊急通報装置あり / トイレ出入口形状=スライド,備考: 正式名称 ダイレックス株式会社ディスカウントストアダイレックス具志川店 / 備考: 駐車場収容台数 53台 / トイレ備考: トイレは屋外にあり。 男子小便器手すりあり。
47,沖縄県,47214,宮古島市,,宮古島徳洲会病院,,,906-0014,沖縄県宮古島市平良字松原552-1,24.7888248,125.279357,http://www.miyatoku.jp/,no,yes,,,,,yes,no,no,no,no,no,,,,,,,,,,,,no,no,no,,,barrier_free_map,沖縄県バリアフリーマップ,http://okinawa-bf-map.jp/facility-info/detail?facility_id=1592,2024-02-15,1592,緊急通報装置あり / トイレ出入口形状=スライド,備考: 救急24時間 / トイレ備考: 一般トイレ開口幅80cm以上あり
47,沖縄県,47382,与那国町,,与那国空港ターミナル,,,907-1801,沖縄県与那国町与那国4350,24.4653156,122.9800082,http://www.pref.okinawa.jp/airport/index/yn/yonaguni00.htm,no,yes,,,,,no,no,no,no,no,no,,,,,,,,,,,,no,yes,yes,,,barrier_free_map,沖縄県バリアフリーマップ,http://okinawa-bf-map.jp/facility-info/detail?facility_id=1593,2018-08-31,1593,緊急通報装置あり / トイレ出入口形状=スライド,備考: 窓口の横に、高齢者用杖置きの設置、手荷物を置くベンチテーブルの設置等、 配慮の見られる工夫が施されている。 / 備考: 施設のすぐ横に、停車できる車イス専用乗降場が有る。（建物の軒有） 駐車台数72台。 / トイレ備考: トイレは多目的化されていないが、授乳室（ベビーベッド有）、車イス専用トイレ等有。 車イス専用トイレは、入口幅83cm ・手すり74cm（両側有）・便座の高さ45cm ・洗面台73cm ・緊急呼出ボタン105cm 緊急呼出ボタンを押すと事務所に連絡が行くようになっている。
47,沖縄県,47213,うるま市,,ぐしかわ看護専門学校,,,904-2201,沖縄県うるま市昆布1832-1,26.398723240210145,127.83989249999999,http://www.chubu-ishikai.or.jp/gushikan/,no,yes,,,,,no,no,no,no,no,no,,,,,,,,,,,,no,no,no,,,barrier_free_map,沖縄県バリアフリーマップ,http://okinawa-bf-map.jp/facility-info/detail?facility_id=1594,2018-07-19,1594,緊急通報装置あり / トイレ出入口形状=スライド,備考: 駐車場収容台数 240台
47,沖縄県,47212,豊見城市,,ＪＡおきなわ葬祭センター 虹のホール,,,901-0200,沖縄県豊見城市賀数285,26.1912267,127.7034816,/,yes,yes,,,,,yes,no,no,no,yes,yes,,,,,,,,,,,,yes,no,no,,,barrier_free_map,沖縄県バリアフリーマップ,http://okinawa-bf-map.jp/facility-info/detail?facility_id=1595,2010-05-01,1595,緊急通報装置あり / トイレ出入口形状=スライド,備考: 駐車場収容台数120台 / トイレ備考: 洋式トイレ 女子32室、男子22室、尿器32有り
47,沖縄県,47213,うるま市,,うるまシティプラザ,,,904-2244,沖縄県うるま市江洲507,26.35500057275835,127.82590876200604,http://urumacityplaza.michikusa.jp/,yes,yes,,,,,yes,no,yes,no,yes,yes,,,,,,,,,,,,no,yes,yes,,,barrier_free_map,沖縄県バリアフリーマップ,http://okinawa-bf-map.jp/facility-info/detail?facility_id=1596,2024-05-15,1596,緊急通報装置あり / 着替え台あり / トイレ出入口形状=スライド,備考: 駐車場収容台数 430台 / トイレ備考: 男子小便器あり。
47,沖縄県,47214,宮古島市,,白鳥崎,,,906-0507,沖縄県宮古島市伊良部佐和田,24.8373668,125.1585143,http://tabizine.jp/2018/08/12/199981/,no,,,,,,,no,no,no,no,no,,,,,,,,,,,,yes,no,no,,,barrier_free_map,沖縄県バリアフリーマップ,http://okinawa-bf-map.jp/facility-info/detail?facility_id=1597,2018-12-10,1597,,特徴･注意点: 海沿いの遊歩道はアスファルト敷きで車イス可 / 備考: 駐車台数約20台 周辺広々しているので、駐車スペースゆとりあり
47,沖縄県,47213,うるま市,,うるま市役所福祉部児童家庭課なかきす児童センター,,,904-2233,沖縄県うるま市豊原345-1,26.347788746576104,127.85420707605749,http://www.city.uruma.lg.jp/kurashi/119/781/783,yes,yes,,,,,no,no,no,no,yes,no,,,,,,,,,,,,yes,no,no,,,barrier_free_map,沖縄県バリアフリーマップ,http://okinawa-bf-map.jp/facility-info/detail?facility_id=1598,2018-07-19,1598,緊急通報装置あり / 着替え台あり / トイレ出入口形状=スライド,備考: ※夏休み期間中は8:00～18:00まで / 備考: 駐車場収容台数 10台
47,沖縄県,47214,宮古島市,,徳洲会伊良部島診療所,,,906-0501,沖縄県宮古島市伊良部字前里添639-2,24.8404592,125.2040134,http://irabutoku.wixsite.com/tokushuukaiirabujima,no,yes,,,,,no,no,no,no,no,no,,,,,,,,,,,,no,no,no,,,barrier_free_map,沖縄県バリアフリーマップ,http://okinawa-bf-map.jp/facility-info/detail?facility_id=1599,2018-06-20,1599,緊急通報装置あり / トイレ出入口形状=スライド,備考: 駐車台数30台
47,沖縄県,47382,与那国町,,アイランドホテル与那国,,,907-1801,沖縄県与那国町与那国4647-1 ‎,24.4661378,122.9909934,http://www.ailand-resort.co.jp/yonaguni/,yes,yes,,,,,yes,no,yes,no,yes,yes,,,,,,,,,,,,no,yes,no,,,barrier_free_map,沖縄県バリアフリーマップ,http://okinawa-bf-map.jp/facility-info/detail?facility_id=1600,2019-01-15,1600,緊急通報装置あり / トイレ出入口形状=スライド,特徴･注意点: ホテル内はフラットになっていて車イスでも利用しやすい。 ほじょ犬同伴での宿泊も可能。 また1階の部屋に限り、5kg以下のペット同伴でも利用可能。 / 備考: 車いす対応客室あり（ドア：開き戸、部屋の入口：段差なし、部屋の通路：車いす通行可能、バスルーム：入口段差なし・入口幅80cm以上、トイレ：手すりあり・車いすで入れる） / 備考: 駐車台数40台 / トイレ備考: ・男性用トイレの小便器に手すり有り。 ・多目的トイレ ・オストメイト有り ・ベビーシートの高さ60cm ・ベビーチェアの高さ58cm ・オストメイトの高さ68cm ・便座の高さ70cm ・洗面台の高さ75cm ・緊急呼出ボタンの高さ103cm
47,沖縄県,47213,うるま市,,うるま市役所福祉部児童家庭課みどり町児童センター,,,904-2215,沖縄県うるま市みどり町6-9-1,26.376576280044567,127.86020975242309,http://www.city.uruma.lg.jp/kurashi/119/781/782,no,yes,,,,,no,no,no,no,no,no,,,,,,,,,,,,no,no,yes,,,barrier_free_map,沖縄県バリアフリーマップ,http://okinawa-bf-map.jp/facility-info/detail?facility_id=1601,2020-01-29,1601,トイレ出入口形状=スライド,備考: 駐車場収容台数 8台
47,沖縄県,47214,宮古島市,,サンマリンターミナル,,,906-0501,沖縄県宮古島市伊良部池間添２４８,24.83821920917853,125.21405133320468,/,no,yes,,,,,no,no,no,no,no,yes,,,,,,,,,,,,no,no,no,,,barrier_free_map,沖縄県バリアフリーマップ,http://okinawa-bf-map.jp/facility-info/detail?facility_id=1602,2018-06-20,1602,トイレ出入口形状=スライド,特徴･注意点: 視覚障害者の為に建物内、トイレ前まで、点字誘導ブロックあり / 備考: 施設管理者：宮古島市佐良浜支所 山口則明（経済部伊良部経済室） 0980-78-6255（TEL） 0980-78-6267（FAX） / 備考: 漁港全体利用可能（多数駐車できる）
47,沖縄県,47214,宮古島市,,佐良浜漁港,,,906-0500,沖縄県宮古島市伊良部佐良浜,24.844208689660416,125.20423854544674,http://irabu-gyokyo.com/,no,yes,,,,,no,no,no,no,no,yes,,,,,,,,,,,,no,no,no,,,barrier_free_map,沖縄県バリアフリーマップ,http://okinawa-bf-map.jp/facility-info/detail?facility_id=1603,2018-06-20,1603,トイレ出入口形状=スライド,備考: 施設管理： 0980-78-3119（TEL） / 備考: 駐車台数多数 / トイレ備考: 漁港内付帯施設「サンマリーナターミナル」のトイレ 漁港内建物外に2ヶ所トイレあるがいずれも車イス利用不可
47,沖縄県,47213,うるま市,,うるま市具志川総合体育館,,,904-2224,沖縄県うるま市大田427,26.3564064,127.86555220000002,http://www.city.uruma.lg.jp/culture/144/740/741,no,yes,,,,,no,no,no,no,no,no,,,,,,,,,,,,no,no,yes,,,barrier_free_map,沖縄県バリアフリーマップ,http://okinawa-bf-map.jp/facility-info/detail?facility_id=1604,2020-04-03,1604,トイレ出入口形状=スライド,備考: 正式名称 うるま市役所うるま市教育委員会具志川総合体育館 / 備考: 駐車場収容台数 435台
47,沖縄県,47213,うるま市,,うるま市 きむたかホール,,,904-2312,沖縄県うるま市勝連平安名３０７１,26.31462839695752,127.89793148836067,http://www.uruma-theater.jp/?page_id=39,yes,yes,,,,,no,no,no,no,yes,no,,,,,,,,,,,,no,no,no,,,barrier_free_map,沖縄県バリアフリーマップ,http://okinawa-bf-map.jp/facility-info/detail?facility_id=1605,2018-07-19,1605,緊急通報装置あり / 着替え台あり / トイレ出入口形状=スライド,備考: 駐車場収容台数 66台 バス 3台 / トイレ備考: 男子小便器あり。
47,沖縄県,47214,宮古島市,,宮古島市伊良部老人福祉センター,,,906-0501,沖縄県宮古島市伊良部字前里添1101,24.8336131,125.1923987,http://www.miyashakyo.jp/,no,no,,,,,no,no,no,no,no,no,,,,,,,,,,,,no,no,no,,,barrier_free_map,沖縄県バリアフリーマップ,http://okinawa-bf-map.jp/facility-info/detail?facility_id=1606,2024-02-27,1606,トイレ出入口形状=引戸,備考: 駐車台数50台 / トイレ備考: 一般トイレ開口幅80cm以上あり
47,沖縄県,47213,うるま市,,居宅介護支援事業所与勝の里,,,904-2311,沖縄県うるま市勝連南風原4908,26.34306221728553,127.87771385899964,http://www.yokatsu.jp/top1-0.html,no,yes,,,,,yes,no,no,no,no,no,,,,,,,,,,,,no,no,no,,,barrier_free_map,沖縄県バリアフリーマップ,http://okinawa-bf-map.jp/facility-info/detail?facility_id=1607,2018-07-20,1607,トイレ出入口形状=引戸,備考: 駐車場収容台数 8台
47,沖縄県,47214,宮古島市,,城辺郵便局,,,906-0103,沖縄県宮古島市城辺福里1093,24.7512877,125.3933586,http://map.japanpost.jp/p/search/dtl/300170303000/,no,,,,,,,no,no,no,no,no,,,,,,,,,,,,,no,no,,,barrier_free_map,沖縄県バリアフリーマップ,http://okinawa-bf-map.jp/facility-info/detail?facility_id=1608,2018-06-20,1608,,備考: 駐車台数2台 / トイレ備考: 一般・車イストイレなし 事務所に職員のトイレがある 出入口 スライド 施錠汚物いれ有
47,沖縄県,47213,うるま市,,新赤道自治会,,,904-2245,沖縄県うるま市赤道972-101,26.3616692,127.8295386,http://www.city.uruma.lg.jp/tiiki/156/1495/10499/10530,no,yes,,,,,no,no,no,no,no,no,,,,,,,,,,,,no,no,yes,,,barrier_free_map,沖縄県バリアフリーマップ,http://okinawa-bf-map.jp/facility-info/detail?facility_id=1609,2018-07-10,1609,トイレ出入口形状=スライド,備考: 駐車場収容台数 8台
47,沖縄県,47361,久米島町,,久米島町老人福祉ｾﾝﾀｰ,,,901-3123,沖縄県久米島町大田584-1,26.3439534,126.7514286,/,,,,,,,,,no,no,,,,,,,,,,,,,,,,no,,,barrier_free_map,沖縄県バリアフリーマップ,http://okinawa-bf-map.jp/facility-info/detail?facility_id=161,2020-06-19,161,,特徴･注意点: ・車いす用トイレ設置。開閉はアコーディオンカーテンです。便器の高さ40ｃｍ、便器の手すり75ｃｍ、洗面所の高さ77ｃｍ、洗面所の手すり80ｃｍ。 ・建物内はバリアフリーで車椅子で充分移動できます。 ・和室への出入りもスロープにて移動可能。
47,沖縄県,47214,宮古島市,,伊良部郵便局,,,906-0505,沖縄県宮古島市伊良部国仲８６−１６,24.8258459,125.17041330000006,http://map.japanpost.jp/p/search/dtl/300170304000/,no,,,,,,,no,no,no,no,no,,,,,,,,,,,,,no,no,,,barrier_free_map,沖縄県バリアフリーマップ,http://okinawa-bf-map.jp/facility-info/detail?facility_id=1610,2018-06-20,1610,,備考: 駐車台数4台 / トイレ備考: 一般・車イストイレなし 事務所内にあるが車イスでの利用不可 出入口 開き戸 施錠汚物入れ有
47,沖縄県,47213,うるま市,,饒辺自治会与那城農村環境改善センター,,,904-2307,沖縄県うるま市与那城饒辺303-1,26.31289400628858,127.90906286309053,http://www.city.uruma.lg.jp/tiiki/156/1495/10504/10559,no,yes,,,,,no,no,no,no,no,no,,,,,,,,,,,,yes,no,no,,,barrier_free_map,沖縄県バリアフリーマップ,http://okinawa-bf-map.jp/facility-info/detail?facility_id=1611,2018-07-20,1611,トイレ出入口形状=ドア無し,備考: 駐車場収容台数 8台 / トイレ備考: ドアはカーテンになっています。 一般トイレ出入口段差11cm
47,沖縄県,47214,宮古島市,,ホテルてぃだの郷,,,906-0506,沖縄県宮古島市伊良部字長浜1647-3,24.832457847633318,125.15681821163933,http://tidanosato.com/,no,yes,,,,,no,no,no,no,no,no,,,,,,,,,,,,no,no,no,,,barrier_free_map,沖縄県バリアフリーマップ,http://okinawa-bf-map.jp/facility-info/detail?facility_id=1612,2015-09-11,1612,トイレ出入口形状=スライド,備考: 駐車台数 一般30台 バス3台
47,沖縄県,47214,宮古島市,,ジョイフル宮古店,,,906-0013,沖縄県宮古島市平良字下里605,24.802038648936385,125.28142935803885,http://www.san-a.co.jp/store/1279/,yes,yes,,,,,yes,no,no,no,yes,no,,,,,,,,,,,,no,no,no,,,barrier_free_map,沖縄県バリアフリーマップ,http://okinawa-bf-map.jp/facility-info/detail?facility_id=1613,2018-06-20,1613,トイレ出入口形状=スライド,備考: （ラストオーダー 24：00） / 備考: 駐車台数25台
47,沖縄県,47214,宮古島市,,宮古空港ターミナルビル,,,906-0013,沖縄県宮古島市平良字下里1657-128,24.7794818,125.2973999,http://miyakoap.co.jp/,yes,yes,,,,,yes,no,yes,no,yes,yes,,,,,,,,,,,,no,yes,yes,,no,barrier_free_map,沖縄県バリアフリーマップ,http://okinawa-bf-map.jp/facility-info/detail?facility_id=1615,2023-12-26,1615,緊急通報装置あり / 着替え台あり,備考: 一般駐車場（県管理）は有料 / トイレ備考: 自動ドア 一般トイレ段差：なし 開口幅80cm以上:あり
47,沖縄県,47214,宮古島市,,吉野海岸,,,906-0000,沖縄県宮古島市城辺吉野15-38,24.7486905,125.44244300000003,/,no,yes,,,,,no,no,no,no,no,no,,,,,,,,,,,,no,no,no,,,barrier_free_map,沖縄県バリアフリーマップ,http://okinawa-bf-map.jp/facility-info/detail?facility_id=1616,2018-06-20,1616,トイレ出入口形状=スライド,備考: 管理者：商工観光課 / 備考: シーズン中 有料 シーズンオフ無料 駐車台数約30台
47,沖縄県,47214,宮古島市,,東平安名崎,,,906-0000,沖縄県宮古島市東平安名崎,24.7197494,125.4682026,http://www.miyakozima.net/kguide/higasihennna.php,no,yes,,,,,no,no,no,no,no,no,,,,,,,,,,,,no,no,no,,,barrier_free_map,沖縄県バリアフリーマップ,http://okinawa-bf-map.jp/facility-info/detail?facility_id=1617,2018-06-20,1617,トイレ出入口形状=スライド,備考: 管理者：都市計画課整備係 / 備考: 駐車台数多数
47,沖縄県,47213,うるま市,,うるま市立石川歴史民俗資料館,,,904-1107,沖縄県うるま市石川曙2-1-55 / 石川図書館内,26.42184834314566,127.82580646878662,http://www.city.uruma.lg.jp/culture/139/1277/1282,no,yes,,,,,no,no,no,no,no,no,,,,,,,,,,,,no,yes,no,,,barrier_free_map,沖縄県バリアフリーマップ,http://okinawa-bf-map.jp/facility-info/detail?facility_id=1618,2020-05-06,1618,トイレ出入口形状=スライド,特徴･注意点: 地下駐車場あり。 / 備考: 最終入館１６：３０ / 備考: 駐車場収容台数 70台
47,沖縄県,47214,宮古島市,,宮古島市社会福祉協議会城辺支所,,,906-0106,沖縄県宮古島市城辺西里添788-3,24.751969471904076,125.373446841803,http://www.miyashakyo.jp/category/gusukube,no,yes,,,,,no,no,no,no,no,no,,,,,,,,,,,,no,no,no,,,barrier_free_map,沖縄県バリアフリーマップ,http://okinawa-bf-map.jp/facility-info/detail?facility_id=1619,2010-05-01,1619,緊急通報装置あり / トイレ出入口形状=スライド,備考: 駐車台数50台
47,沖縄県,47214,宮古島市,,城辺町立野球場,,,906-0103,沖縄県宮古島市城辺福里245-1,24.7646393,125.4072431,/,no,yes,,,,,no,no,no,no,no,no,,,,,,,,,,,,no,no,no,,,barrier_free_map,沖縄県バリアフリーマップ,http://okinawa-bf-map.jp/facility-info/detail?facility_id=1620,2019-02-22,1620,トイレ出入口形状=ドア無し,特徴･注意点: スタンドへは車イス利用可能 / 備考: 施設管理担当 宮古島市 建設部都市計画課 0980-76-6507 / 備考: 駐車台数30台 / トイレ備考: ドアなし アコーディオンカーテン
47,沖縄県,47214,宮古島市,,比嘉ロードパーク,,,９０６-００００,沖縄県宮古島市比嘉１５２１-１２８,24.7846256,125.38415889999999,http://www.wbf.co.jp/oka/honto/kanko/higalordpark.html,no,yes,,,,,no,no,no,no,no,no,,,,,,,,,,,,no,no,no,,,barrier_free_map,沖縄県バリアフリーマップ,http://okinawa-bf-map.jp/facility-info/detail?facility_id=1621,2018-12-10,1621,トイレ出入口形状=スライド,備考: 管理者：県宮古土木事務所維持管理班 / 備考: 駐車台数5台
47,沖縄県,47213,うるま市,,赤道公民館,,,904-2245,沖縄県うるま市赤道345,26.357289926678863,127.82857012898637,http://www.city.uruma.lg.jp/tiiki/156/1495/10499/10518,no,no,,,,,no,no,no,no,no,no,,,,,,,,,,,,yes,no,yes,,,barrier_free_map,沖縄県バリアフリーマップ,http://okinawa-bf-map.jp/facility-info/detail?facility_id=1622,2018-08-14,1622,トイレ出入口形状=引戸,備考: 駐車場収容台数 30~40台
47,沖縄県,47302,大宜味村,,デイサービスセンターやんばる,,,905-1318,沖縄県大宜味村津波1971-35,26.6561057,128.1071078,http://www.isshinfukushikai.or.jp/category/roujinfukushi/day-service,no,yes,,,,,no,no,no,no,no,no,,,,,,,,,,,,no,no,no,,,barrier_free_map,沖縄県バリアフリーマップ,http://okinawa-bf-map.jp/facility-info/detail?facility_id=1623,2023-08-14,1623,緊急通報装置あり / トイレ出入口形状=ドア無し,備考: 駐車場収容台数 25台 / トイレ備考: ドアはカーテン
47,沖縄県,47214,宮古島市,,イムギャーマリンガーデン,,,906-0107,沖縄県宮古島市城辺友利605-2,24.724550405073348,125.35797276085201,http://okinawaclip.com/ja/detail/614,no,,,,,,,no,no,no,no,no,,,,,,,,,,,,,no,no,,,barrier_free_map,沖縄県バリアフリーマップ,http://okinawa-bf-map.jp/facility-info/detail?facility_id=1624,2015-09-11,1624,,備考: 0980-76-6840（市：農政課） / 備考: 駐車 / トイレ備考: トイレなし
47,沖縄県,47303,東村,,東村ふれあいヒルギ公園,,,905-1205,沖縄県東村慶佐次54-1,26.6039937,128.1451544,http://hirugipark.com/,no,yes,,,,,yes,no,no,no,no,no,,,,,,,,,,,,no,no,no,,,barrier_free_map,沖縄県バリアフリーマップ,http://okinawa-bf-map.jp/facility-info/detail?facility_id=1625,2019-01-18,1625,緊急通報装置あり / トイレ出入口形状=スライド,備考: 管理事務所営業時間8:30～17:30 管理事務所定休日年末年始12月30日～1月3日 / 備考: 大型3台
47,沖縄県,47308,本部町,,海洋博公園 沖縄美ら海水族館,,,905-0206,沖縄県本部町石川424,26.69340223692077,127.87651557703784,http://churaumi.okinawa,yes,yes,,,,,yes,no,no,yes,yes,yes,,,,,,,,,,,,no,yes,yes,,no,barrier_free_map,沖縄県バリアフリーマップ,http://okinawa-bf-map.jp/facility-info/detail?facility_id=1626,2025-07-15,1626,緊急通報装置あり / トイレ出入口形状=スライド,備考: 正式名称 国営沖縄記念公園（海洋博公園）： 沖縄美ら海水族館 / 備考: 駐車場収容台数約1900台 駐車場の種類は平面と立体の2種類あり 屋根の有無: 一部あり / トイレ備考: 施設内6箇所に男子洋11室 女子 17室、男性和2室 女子和3室、ベビーチェア6、ベビーシート４ 女子洋17、和3、ベビーチェア5、ベビーシート6 身障者用8個あり、オストメイト対応トイレは水族館外に数か所あり トイレの形状：多目的はスライド、男子・女子トイレは片開き 一般トイレ 段差: なし 開口幅80cm以上 :あり ベビーチェア：あり
47,沖縄県,47303,東村,,やんばる自然塾,,,905-1205,沖縄県東村慶佐次82,26.6024727,128.1437656,http://www.gesashi.com,no,no,,,,,no,no,no,no,no,no,,,,,,,,,,,,no,no,no,,,barrier_free_map,沖縄県バリアフリーマップ,http://okinawa-bf-map.jp/facility-info/detail?facility_id=1627,2019-01-18,1627,トイレ出入口形状=引戸,備考: 駐車場収容台数 6台
47,沖縄県,47308,本部町,,渡久地港（水納島渡待合所）,,,905-0213,沖縄県本部町谷茶29,26.6590412,127.8893991,/,yes,yes,,,,,no,no,no,no,yes,yes,,,,,,,,,,,,no,no,no,,,barrier_free_map,沖縄県バリアフリーマップ,http://okinawa-bf-map.jp/facility-info/detail?facility_id=1628,2019-03-06,1628,緊急通報装置あり / トイレ出入口形状=スライド,特徴･注意点: 船が欠航になった際には午前中のご連絡をお願いいたします。 / 備考: 0980-47-3940 (伊江島行きフェリ) 0980-47-5179 (水納島行き高速船) / 備考: 駐車場収容台数55台。
47,沖縄県,47303,東村,,東村老人福祉センター,,,905-1204,沖縄県東村東字平良７６７,26.632852510280387,128.15511740370482,/,no,yes,,,,,no,no,no,no,no,no,,,,,,,,,,,,no,no,no,,,barrier_free_map,沖縄県バリアフリーマップ,http://okinawa-bf-map.jp/facility-info/detail?facility_id=1631,2018-10-22,1631,トイレ出入口形状=スライド,備考: 駐車場収容台数 8台
47,沖縄県,47306,今帰仁村,,古宇利ふれあい広場（食と館）,,,905-0406,沖縄県今帰仁村古宇利323-1,26.69628,128.0202623,http://www.resetjpn.com,no,yes,,,,,no,no,no,no,no,no,,,,,,,,,,,,no,no,no,,,barrier_free_map,沖縄県バリアフリーマップ,http://okinawa-bf-map.jp/facility-info/detail?facility_id=1632,2018-09-12,1632,トイレ出入口形状=スライド,備考: 駐車場収容台数 35台
47,沖縄県,47306,今帰仁村,,今帰仁村社会福祉協議会 老人デイサービス,,,905-0411,沖縄県今帰仁村天底62,26.6814857,127.9811464,/,no,yes,,,,,yes,no,no,no,no,no,,,,,,,,,,,,no,no,no,,,barrier_free_map,沖縄県バリアフリーマップ,http://okinawa-bf-map.jp/facility-info/detail?facility_id=1633,2018-09-12,1633,緊急通報装置あり / トイレ出入口形状=スライド,備考: 駐車場収容台数 50台
47,沖縄県,47306,今帰仁村,,今帰仁村民プール,,,905-0401,沖縄県今帰仁村仲宗根851-1,26.6943926,127.9789264,http://nakijin.com/park/sisetu_p2.html#pool,no,yes,,,,,no,no,no,no,no,no,,,,,,,,,,,,no,no,no,,,barrier_free_map,沖縄県バリアフリーマップ,http://okinawa-bf-map.jp/facility-info/detail?facility_id=1634,2020-05-11,1634,緊急通報装置あり / トイレ出入口形状=スライド,備考: 駐車場収容台数 130台
47,沖縄県,47214,宮古島市,,牧山展望台,,,906-0502,沖縄県宮古島市伊良部池間添932-1,24.8180474860702,125.21776126931152,http://miyakojima.net/irabu/kankou/makiyama.html,no,no,,,,,no,no,no,no,no,no,,,,,,,,,,,,yes,no,no,,,barrier_free_map,沖縄県バリアフリーマップ,http://okinawa-bf-map.jp/facility-info/detail?facility_id=1635,2015-09-11,1635,トイレ出入口形状=開き戸,備考: 駐車台数約5台
47,沖縄県,47306,今帰仁村,,今帰仁村総合運動公園 テニスコート,,,905-0401,沖縄県今帰仁村仲宗根851-1,26.69582403004759,127.97719525078733,http://www.nakijin.jp/pagtop/gyosei/chosha/937.html,no,yes,,,,,no,no,no,no,no,no,,,,,,,,,,,,yes,no,no,,,barrier_free_map,沖縄県バリアフリーマップ,http://okinawa-bf-map.jp/facility-info/detail?facility_id=1636,2020-07-22,1636,緊急通報装置あり / トイレ出入口形状=スライド,備考: 駐車場収容台数 130台 / トイレ備考: トイレはテニスコート周辺施設にあります。
47,沖縄県,47306,今帰仁村,,今帰仁村総合運動公園村民 体育館,,,905-0401,沖縄県今帰仁村仲宗根851-1,26.6948703,127.9780321,http://www.nakijin.jp/pagtop/gyosei/chosha/937.html,no,yes,,,,,no,no,no,no,no,no,,,,,,,,,,,,yes,no,no,,,barrier_free_map,沖縄県バリアフリーマップ,http://okinawa-bf-map.jp/facility-info/detail?facility_id=1637,2020-07-21,1637,緊急通報装置あり / トイレ出入口形状=スライド,備考: ※定休日以外でも行事等でお休みなる場合があります。 / 備考: 駐車場収容台数 130台
47,沖縄県,47214,宮古島市,,渡口の浜,,,906-0503,沖縄県宮古島市伊良部伊良部１３５２−１６,24.81243475323091,125.18320015344241,http://okinawaclip.com/ja/detail/644,no,no,,,,,no,no,no,no,no,no,,,,,,,,,,,,yes,no,no,,,barrier_free_map,沖縄県バリアフリーマップ,http://okinawa-bf-map.jp/facility-info/detail?facility_id=1638,2018-12-10,1638,トイレ出入口形状=開き戸,備考: 駐車場なし
47,沖縄県,47214,宮古島市,,上野老人福祉センター,,,906-0202,沖縄県宮古島市上野新里420-2 上野老人福祉センター内,24.74141803195793,125.32986582789046,http://www.miyashakyo.jp/category/group/ueno,no,yes,,,,,no,no,no,no,no,no,,,,,,,,,,,,no,no,no,,,barrier_free_map,沖縄県バリアフリーマップ,http://okinawa-bf-map.jp/facility-info/detail?facility_id=1640,2018-12-10,1640,トイレ出入口形状=スライド,特徴･注意点: 事務所は休みでもヘルパーは常時交代制で勤務 / 備考: 駐車台数30台
47,沖縄県,47214,宮古島市,,宮古の里特別養護老人ホーム,,,906-0011,沖縄県宮古島市平良東仲宗根添1800,24.7723226,125.33969619999993,http://www.yuaikai-miyakonosato.jp/index.html,no,yes,,,,,no,no,no,no,no,no,,,,,,,,,,,,no,no,no,,,barrier_free_map,沖縄県バリアフリーマップ,http://okinawa-bf-map.jp/facility-info/detail?facility_id=1641,2010-05-01,1641,緊急通報装置あり / トイレ出入口形状=スライド,備考: 駐車台数100台
47,沖縄県,47214,宮古島市,,下地体育館,,,906-0305,沖縄県宮古島市下地与那覇1590,24.72911063818721,125.28223170000003,/,no,yes,,,,,no,no,no,no,no,no,,,,,,,,,,,,no,no,no,,,barrier_free_map,沖縄県バリアフリーマップ,http://okinawa-bf-map.jp/facility-info/detail?facility_id=1642,2024-02-07,1642,トイレ出入口形状=スライド,備考: 個人使用料は一般2時間以内以内110円 学生以内で2時間50円 / 備考: 駐車台数200台 / トイレ備考: 一般トイレは和式が多い
47,沖縄県,47214,宮古島市,,うえのドイツ文化村（キンダーハウス）,,,906-0203,沖縄県宮古島市上野宮国775-1,24.7193374,125.3226399,http://www.hakuaiueno.com/kinenkan.html#kinda,no,yes,,,,,no,no,no,yes,no,no,,,,,,,,,,,,no,yes,no,,,barrier_free_map,沖縄県バリアフリーマップ,http://okinawa-bf-map.jp/facility-info/detail?facility_id=1643,2022-05-11,1643,トイレ出入口形状=スライド,特徴･注意点: ドイツ村の中に車いす用トイレがあり エレベーターは1つの建物にあり / 備考: ※20名以上の団体様は定休日も承ります。（要予約） / 備考: 駐車台数300台 / トイレ備考: キンダーハウスの車いす用トイレはアコーディオンカーテン 1F事務所横に車いす用トイレあり
47,沖縄県,47306,今帰仁村,,リゾートホテルベルパライソ,,,905-0403,沖縄県今帰仁村運天1069,26.6912297,127.9926033,http://belparaiso.com/,no,no,,,,,yes,no,no,no,no,no,,,,,,,,,,,,no,no,no,,,barrier_free_map,沖縄県バリアフリーマップ,http://okinawa-bf-map.jp/facility-info/detail?facility_id=1644,2018-01-17,1644,トイレ出入口形状=開き戸,備考: 駐車場収容台数 100台
47,沖縄県,47306,今帰仁村,,今帰仁村総合運動公園 村民運動場,,,905-0401,沖縄県今帰仁村仲宗根851-1,26.6950828,127.9780447,http://www.sports-commission.okinawa/archives/search/0003,no,yes,,,,,no,no,no,no,no,no,,,,,,,,,,,,yes,no,no,,,barrier_free_map,沖縄県バリアフリーマップ,http://okinawa-bf-map.jp/facility-info/detail?facility_id=1645,2020-07-22,1645,トイレ出入口形状=スライド,備考: 駐車台数86台
47,沖縄県,47306,今帰仁村,,ディサービスほしくぼ,,,905-0405,沖縄県今帰仁村勢理客243-7,26.6760863,127.9845131,/,no,yes,,,,,no,no,no,no,no,no,,,,,,,,,,,,no,no,no,,,barrier_free_map,沖縄県バリアフリーマップ,http://okinawa-bf-map.jp/facility-info/detail?facility_id=1646,2018-09-13,1646,緊急通報装置あり / トイレ出入口形状=ドア無し,備考: 駐車台数3台 / トイレ備考: ドアはカーテンになっています。
47,沖縄県,47306,今帰仁村,,運天港（伊是名島・伊平屋島）,,,905-0404,沖縄県今帰仁村上運天335,26.6783393,127.9988119,/,yes,yes,,,,,yes,no,yes,no,yes,yes,,,,,,,,,,,,no,no,no,,,barrier_free_map,沖縄県バリアフリーマップ,http://okinawa-bf-map.jp/facility-info/detail?facility_id=1647,2018-09-13,1647,緊急通報装置あり / トイレ出入口形状=スライド,備考: 正式名称 運天港伊是名村船舶連絡事務所 伊是名 TEL:0980-56-5084 Fax:0980-56-5454 伊平屋 TEL:0980-56-4265 / 備考: 駐車場収容台数 50台
47,沖縄県,47306,今帰仁村,,乙羽園小規模多機能型居住介護施設SHIGERU・HOUSE,,,905-0411,沖縄県今帰仁村天底334-1,26.6765889,127.980155,http://www.otowakai.com/shigeruhouse.html,no,yes,,,,,yes,no,no,no,no,no,,,,,,,,,,,,no,no,no,,,barrier_free_map,沖縄県バリアフリーマップ,http://okinawa-bf-map.jp/facility-info/detail?facility_id=1648,2018-01-17,1648,緊急通報装置あり / トイレ出入口形状=スライド,備考: 正式名称 社会福祉法人 乙羽会 乙羽園小規模多機能型居住介護施設SHIGERU・HOUSE / 備考: 駐車台数5台
47,沖縄県,47306,今帰仁村,,海岸環境施設（運天地区）,,,905-0401,沖縄県今帰仁村仲宗根747-4,26.69571,127.97761,/,no,yes,,,,,no,no,no,no,no,no,,,,,,,,,,,,no,no,no,,,barrier_free_map,沖縄県バリアフリーマップ,http://okinawa-bf-map.jp/facility-info/detail?facility_id=1649,2019-01-31,1649,緊急通報装置あり / トイレ出入口形状=スライド,備考: 駐車台数20台 / トイレ備考: 一般用は夏場のみ使用可
47,沖縄県,47306,今帰仁村,,今帰仁村地域包括支援センター,,,905-0411,沖縄県今帰仁村天底６２,26.6814107,127.98047139999994,/,no,yes,,,,,yes,no,no,no,no,no,,,,,,,,,,,,no,no,no,,,barrier_free_map,沖縄県バリアフリーマップ,http://okinawa-bf-map.jp/facility-info/detail?facility_id=1650,2018-01-17,1650,緊急通報装置あり / トイレ出入口形状=スライド,備考: 駐車台数50台
47,沖縄県,47306,今帰仁村,,特別養護老人ホーム 乙羽園,,,905-0411,沖縄県今帰仁村天底222,26.67559387546994,127.97808738213963,http://www.otowakai.com/,no,yes,,,,,yes,no,no,no,no,no,,,,,,,,,,,,no,no,no,,,barrier_free_map,沖縄県バリアフリーマップ,http://okinawa-bf-map.jp/facility-info/detail?facility_id=1651,2018-01-17,1651,緊急通報装置あり / トイレ出入口形状=ドア無し,備考: 正式名称 社会福祉法人 乙羽会 特別養護老人ホーム 乙羽園 / 備考: 駐車台数40台 / トイレ備考: ドア無し カーテン
47,沖縄県,47306,今帰仁村,,老人短期入所施設 乙羽園,,,905-0411,沖縄県今帰仁村天底222,26.6755028,127.9785219,http://www.otowakai.com/shigeruhouse.html,no,yes,,,,,yes,no,no,no,no,no,,,,,,,,,,,,no,no,no,,,barrier_free_map,沖縄県バリアフリーマップ,http://okinawa-bf-map.jp/facility-info/detail?facility_id=1652,2018-09-17,1652,緊急通報装置あり / トイレ出入口形状=ドア無し,備考: 正式名称 社会福祉法人乙羽会 老人短期入所施設 乙羽園 / 備考: 駐車台数40台 / トイレ備考: ドア無し カーテン
47,沖縄県,47209,名護市,,新風料理 風,,,905-0016,沖縄県名護市大東2-22-28 / 出雲殿,26.5908496,127.9867962,http://www.mi-kaji.com/pages/index.html,no,yes,,,,,no,no,no,no,no,no,,,,,,,,,,,,no,no,yes,,,barrier_free_map,沖縄県バリアフリーマップ,http://okinawa-bf-map.jp/facility-info/detail?facility_id=1653,2018-04-26,1653,トイレ出入口形状=スライド,特徴･注意点: 入口入って左手にテーブル席があり利用可能 （4人席、2人席）4人席の内5席車イスで座れます トイレまで一直線でいけます。 / 備考: 駐車台数100台 警備員混雑時はいます
47,沖縄県,47214,宮古島市,,宮古島市上野庁舎,,,906-0204,沖縄県宮古島市上野上野395-1,24.7379915,125.3176565,http://www.city.miyakojima.lg.jp/kurashi/shisetsu/tyousya/ueno.html,no,yes,,,,,no,no,no,no,no,no,,,,,,,,,,,,no,no,no,,,barrier_free_map,沖縄県バリアフリーマップ,http://okinawa-bf-map.jp/facility-info/detail?facility_id=1654,2018-12-11,1654,トイレ出入口形状=スライド,備考: 連絡先：地域づくり課 / 備考: 駐車台数50台
47,沖縄県,47214,宮古島市,,下地町老人福祉センター,,,906-0304,沖縄県宮古島市下地上地628-7,24.7502278,125.2823039,/,no,no,,,,,no,no,no,no,no,no,,,,,,,,,,,,yes,no,no,,,barrier_free_map,沖縄県バリアフリーマップ,http://okinawa-bf-map.jp/facility-info/detail?facility_id=1655,2019-01-21,1655,トイレ出入口形状=開き戸,備考: 利用者がいる場合は22：00まで開館 / 備考: 駐車台数10台 / トイレ備考: 一般トイレ汚物いれあり
47,沖縄県,47210,糸満市,,西崎病院,,,901-0314,沖縄県糸満市座波371-1,26.1481384,127.6878767,/,no,yes,,,,,no,no,no,no,no,no,,,,,,,,,,,,no,no,no,,,barrier_free_map,沖縄県バリアフリーマップ,http://okinawa-bf-map.jp/facility-info/detail?facility_id=1657,2010-05-01,1657,緊急通報装置あり / トイレ出入口形状=スライド,備考: 正式名称 医療法人 以和貴会 西崎病院 / 備考: 駐車台数100台
47,沖縄県,47210,糸満市,,沖縄平和祈念堂,,,901-0333,沖縄県糸満市摩文仁448-2,26.0978181,127.7238455,http://www.okinawakyoukai.jp/,no,yes,,,,,no,no,no,no,no,no,,,,,,,,,,,,no,no,no,,,barrier_free_map,沖縄県バリアフリーマップ,http://okinawa-bf-map.jp/facility-info/detail?facility_id=1659,2020-05-05,1659,緊急通報装置あり / トイレ出入口形状=スライド,備考: 正式名称:財団法人沖縄協会沖縄平和祈念堂管理事務所 管理者:（財）沖縄協会（沖縄平和祈念堂管理事務所） / 備考: 駐車台数約411台 屋根：平和祈念公園案内所前の2台のみ 身障者用：平和祈念公園供用
47,沖縄県,47348,与那原町,,与那原町交流センターひざし,,,901-1303,沖縄県与那原町与那原3090-2,26.2001983859127,127.75701004770076,/,yes,yes,,,,,no,yes,yes,no,no,no,,,,,,,,,,,,no,no,no,,,barrier_free_map,沖縄県バリアフリーマップ,http://okinawa-bf-map.jp/facility-info/detail?facility_id=1660,2018-08-29,1660,緊急通報装置あり / トイレ出入口形状=自動ドア,備考: 駐車場収容台数 8台 / トイレ備考: 出入口はボタン式の自動ドア。
47,沖縄県,47348,与那原町,,港地区コミュニティーセンター,,,901-1303,沖縄県与那原町与那原120,26.2019882,127.7601286,/,no,yes,,,,,no,no,no,no,no,no,,,,,,,,,,,,no,no,no,,,barrier_free_map,沖縄県バリアフリーマップ,http://okinawa-bf-map.jp/facility-info/detail?facility_id=1661,2019-01-29,1661,トイレ出入口形状=スライド,備考: 駐車場収容台数 7台
47,沖縄県,47210,糸満市,,沖縄県平和祈念資料館,,,901-0333,沖縄県糸満市摩文仁614-1,26.0965181,127.7254676,http://www.peace-museum.okinawa.jp,no,yes,,,,,no,no,no,yes,no,yes,,,,,,,,,,,,no,yes,yes,,no,barrier_free_map,沖縄県バリアフリーマップ,http://okinawa-bf-map.jp/facility-info/detail?facility_id=1662,2023-12-21,1662,緊急通報装置あり / 着替え台あり / トイレ出入口形状=スライド,備考: 駐車場、公園内共用。 / トイレ備考: 施錠あり 洋式着替え台あり 一般トイレ開口幅80cm以上あり
47,沖縄県,47210,糸満市,,国立沖縄戦没者墓苑,,,901-0333,沖縄県糸満市摩文仁614-1,26.0965181,127.7254676,http://www.heiwa-irei-okinawa.jp/01ireitou/boen.html,yes,yes,,,,,no,no,yes,no,yes,yes,,,,,,,,,,,,no,yes,no,,,barrier_free_map,沖縄県バリアフリーマップ,http://okinawa-bf-map.jp/facility-info/detail?facility_id=1663,2017-12-25,1663,緊急通報装置あり / トイレ出入口形状=引戸,特徴･注意点: 視覚障害者の為に点字誘導ブロック、点字案内板、多目的トイレ入口にも点字あり 事前連絡で車両乗り入れ可 / 備考: 電話番号は公園案内所の番号 管理者は（財）沖縄県平和祈念財団 / 備考: 駐車台数約411台 / トイレ備考: トイレ棟：福祉のまちづくり条例対応
47,沖縄県,47348,与那原町,,沖縄海邦銀行与那原支店,,,901-1302,沖縄県与那原町上与那原290,26.19896863498824,127.75119559476616,http://www.kaiho-bank.co.jp/tenpo_detail/id=112,yes,yes,,,,,no,no,no,yes,yes,no,,,,,,,,,,,,no,no,no,,,barrier_free_map,沖縄県バリアフリーマップ,http://okinawa-bf-map.jp/facility-info/detail?facility_id=1664,2018-08-30,1664,緊急通報装置あり / トイレ出入口形状=スライド,備考: 駐車場収容台数 16台 / トイレ備考: 多目的トイレに小便器あり。小便器手すりあり。
47,沖縄県,47348,与那原町,,有料老人ホームほがらか苑与原,,,901-1303,沖縄県与那原町与那原1122,26.211211863178725,127.75804619114137,http://terumasa-hogaraka.com/index.html,no,yes,,,,,yes,no,no,no,no,no,,,,,,,,,,,,no,no,no,,,barrier_free_map,沖縄県バリアフリーマップ,http://okinawa-bf-map.jp/facility-info/detail?facility_id=1665,2018-08-30,1665,緊急通報装置あり / トイレ出入口形状=ドア無し,備考: 駐車場収容台数 15台 / トイレ備考: ドアはスライド式の折り戸になってます。
47,沖縄県,47210,糸満市,,社会福祉法人青葉会 障害支援施設青葉園,,,901-0311,沖縄県糸満市武富175-2,26.1650153,127.6937733,/,no,yes,,,,,no,no,no,no,no,no,,,,,,,,,,,,no,no,no,,,barrier_free_map,沖縄県バリアフリーマップ,http://okinawa-bf-map.jp/facility-info/detail?facility_id=1666,2010-05-01,1666,緊急通報装置あり / トイレ出入口形状=ドア無し,備考: 駐車台数15台 / トイレ備考: ドアなし カーテン
47,沖縄県,47348,与那原町,,医療法人和の会 小規模多機能ホームたづな,,,901-1303,沖縄県与那原町沖縄県島尻郡与那原町字与那原1792番地1,26.2064397414799,127.75295074662702,/,no,yes,,,,,no,no,no,no,no,no,,,,,,,,,,,,no,no,no,,,barrier_free_map,沖縄県バリアフリーマップ,http://okinawa-bf-map.jp/facility-info/detail?facility_id=1667,2010-05-01,1667,緊急通報装置あり / トイレ出入口形状=スライド,備考: 与那原町内の住民のみ利用可。 正式名称 医療法人和の会 与那原在宅ケアセンター 小規模多機能ホームたづな / 備考: 駐車場収容台数 7台
47,沖縄県,47210,糸満市,,身体障害者療護施設ソフィア 社会福祉法人以和貴会,,,901-0301,沖縄県糸満市阿波根1029-10,26.1518516,127.6779049,/,no,yes,,,,,yes,no,no,no,no,no,,,,,,,,,,,,no,no,no,,,barrier_free_map,沖縄県バリアフリーマップ,http://okinawa-bf-map.jp/facility-info/detail?facility_id=1668,2010-05-01,1668,緊急通報装置あり / トイレ出入口形状=スライド,備考: 地下駐車場あり
47,沖縄県,47348,与那原町,,社会福祉法人 与原保育園,,,901-1303,沖縄県与那原町与那原９５０−３,26.208276869890128,127.75555011464577,http://youbaru.jimdo.com/,no,yes,,,,,no,no,no,no,no,no,,,,,,,,,,,,no,yes,no,,,barrier_free_map,沖縄県バリアフリーマップ,http://okinawa-bf-map.jp/facility-info/detail?facility_id=1669,2018-07-23,1669,トイレ出入口形状=引戸,備考: 正式名称 社会福祉法人真泉福祉会 与原保育園 / 備考: 駐車場収容台数 8台
47,沖縄県,47210,糸満市,,みん宿ヤポネシア,,,901-0334,沖縄県糸満市大度309-42,26.09053986159809,127.70668453226313,http://www.yaponesia.com/,no,yes,,,,,yes,no,no,no,no,no,,,,,,,,,,,,no,yes,no,,,barrier_free_map,沖縄県バリアフリーマップ,http://okinawa-bf-map.jp/facility-info/detail?facility_id=1670,2023-10-04,1670,トイレ出入口形状=開き戸,特徴･注意点: バリアフリールーム2室 / 備考: 車いす対応客室あり（ドア：開き戸、部屋の入口：段差なし、部屋の通路：車いす通行可能、バスルーム：入口段差なし・入口幅80cm以上、トイレ：手すりあり・車いすで入れる） / 備考: 駐車台数2台 / トイレ備考: 手すり可動
47,沖縄県,47348,与那原町,,まつだクリニック,,,901-1303,沖縄県与那原町与那原3678,26.200211034904925,127.76097119384849,http://tomishiro-chp.jp/relation/%E3%81%BE%E3%81%A4%E3%81%A0%E3%82%AF%E3%83%AA%E3%83%8B%E3%83%83%E3%82%AF/,yes,yes,,,,,no,no,no,no,yes,no,,,,,,,,,,,,no,no,no,,,barrier_free_map,沖縄県バリアフリーマップ,http://okinawa-bf-map.jp/facility-info/detail?facility_id=1672,2018-11-05,1672,緊急通報装置あり / トイレ出入口形状=引戸,備考: 正式名称 医療法人松和会 まつだクリニック 【婦人科】火・木 9：00～12：30 / 備考: 駐車場収容台数 19台
47,沖縄県,47210,糸満市,,糸満球場,,,901-0305,沖縄県糸満市西崎3-1,26.1450237,127.6624169,http://www.city.itoman.lg.jp/kankou-navi/docs-kankou/2013022300148/,no,yes,,,,,no,no,no,no,no,no,,,,,,,,,,,,yes,no,no,,,barrier_free_map,沖縄県バリアフリーマップ,http://okinawa-bf-map.jp/facility-info/detail?facility_id=1673,2017-12-26,1673,トイレ出入口形状=スライド,備考: 駐車台数400台 / トイレ備考: 男子入口外側幅84cm内側幅95cm 尿器4
47,沖縄県,47210,糸満市,,平和記念公園案内所,,,901-0333,沖縄県糸満市摩文仁444,26.0951569,127.72361009999997,/,yes,yes,,,,,no,no,yes,no,yes,no,,,,,,,,,,,,no,yes,no,,,barrier_free_map,沖縄県バリアフリーマップ,http://okinawa-bf-map.jp/facility-info/detail?facility_id=1674,2019-09-02,1674,緊急通報装置あり / トイレ出入口形状=スライド,備考: 管理者：（財）沖縄県平和記念財団 / 備考: 駐車台数約411台
47,沖縄県,47210,糸満市,,新川区コミュニティセンター,,,901-0361,沖縄県糸満市糸満964,26.1285505,127.6719584,/,no,yes,,,,,no,no,no,no,no,no,,,,,,,,,,,,no,no,no,,,barrier_free_map,沖縄県バリアフリーマップ,http://okinawa-bf-map.jp/facility-info/detail?facility_id=1675,2010-05-01,1675,トイレ出入口形状=スライド,備考: 管轄：市役所市民生活課 098-994-5233 / 備考: 駐車台数6台
47,沖縄県,47348,与那原町,,マリンタウン東浜総合歯科,,,901-1304,沖縄県与那原町東浜22-4,26.2069628,127.7626781,http://www.marine-town.com/,yes,yes,,,,,no,no,no,no,yes,yes,,,,,,,,,,,,no,yes,yes,,,barrier_free_map,沖縄県バリアフリーマップ,http://okinawa-bf-map.jp/facility-info/detail?facility_id=1676,2018-08-30,1676,緊急通報装置あり / トイレ出入口形状=スライド,特徴･注意点: 特に乳幼児向けのサービスが充実しているので子供連れでも安心して来院できます。 / 備考: 駐車場収容台数 16台
47,沖縄県,47210,糸満市,,美々ビーチいとまん,,,901-0305,沖縄県糸満市西崎1-6-15,26.1359271,127.6555008,http://bibibeachitoman.com/,yes,yes,,,,,no,no,yes,no,yes,yes,,,,,,,,,,,,no,no,yes,,,barrier_free_map,沖縄県バリアフリーマップ,http://okinawa-bf-map.jp/facility-info/detail?facility_id=1677,2022-01-19,1677,緊急通報装置あり / 着替え台あり / トイレ出入口形状=スライド,特徴･注意点: ほじょ犬同伴砂浜以外ならOK / 備考: 問い合わせ：糸満漁港ふれあい / 備考: 駐車台数630台
47,沖縄県,47210,糸満市,,障害者就労支援施設 イノー,,,901-0305,沖縄県糸満市西崎4-20,26.1383826,127.6618449,/,yes,yes,,,,,yes,no,no,no,yes,no,,,,,,,,,,,,no,no,no,,,barrier_free_map,沖縄県バリアフリーマップ,http://okinawa-bf-map.jp/facility-info/detail?facility_id=1678,2010-05-01,1678,緊急通報装置あり / 着替え台あり / トイレ出入口形状=スライド,備考: 駐車台数14台
47,沖縄県,47348,与那原町,,与那原町阿知利保育所,,,901-1303,沖縄県与那原町与那原3209,26.197769,127.7568957,/,no,yes,,,,,no,no,no,no,no,no,,,,,,,,,,,,no,yes,yes,,,barrier_free_map,沖縄県バリアフリーマップ,http://okinawa-bf-map.jp/facility-info/detail?facility_id=1679,2018-11-05,1679,トイレ出入口形状=スライド,備考: 駐車場収容台数 8台
47,沖縄県,47210,糸満市,,糸満市物産センター（遊食来）,,,901-0306,沖縄県糸満市西崎町4-19-1 / 糸満魚協お魚センター,26.138490699999995,127.66127981534426,http://www.yukura.jp/,yes,yes,,,,,no,no,no,no,yes,no,,,,,,,,,,,,no,no,no,,,barrier_free_map,沖縄県バリアフリーマップ,http://okinawa-bf-map.jp/facility-info/detail?facility_id=1680,2024-03-19,1680,着替え台あり / トイレ出入口形状=スライド,備考: 駐車台数700台
47,沖縄県,47210,糸満市,,沖縄銀行西崎支店,,,901-0305,沖縄県糸満市西崎6-10-1,26.144525,127.668883,/,no,no,,,,,no,no,no,no,no,no,,,,,,,,,,,,yes,no,no,,,barrier_free_map,沖縄県バリアフリーマップ,http://okinawa-bf-map.jp/facility-info/detail?facility_id=1681,2019-09-03,1681,トイレ出入口形状=引戸,備考: 駐車台数50台
47,沖縄県,47210,糸満市,,西崎親水公園,,,901-0305,沖縄県糸満市西崎,26.142896,127.6584533,/,no,yes,,,,,no,no,no,no,no,no,,,,,,,,,,,,no,no,no,,,barrier_free_map,沖縄県バリアフリーマップ,http://okinawa-bf-map.jp/facility-info/detail?facility_id=1682,2019-10-31,1682,トイレ出入口形状=スライド,備考: 管理:糸満市観光協会 / 備考: 駐車台数72台
47,沖縄県,47348,与那原町,,社会福祉法人 東の森保育園,,,901-1303,沖縄県与那原町与那原3857-1,26.19794265600279,127.76391490118864,http://higashinomori.com/index.html?1468978742,no,yes,,,,,no,no,no,no,no,no,,,,,,,,,,,,no,no,yes,,,barrier_free_map,沖縄県バリアフリーマップ,http://okinawa-bf-map.jp/facility-info/detail?facility_id=1683,2018-07-25,1683,トイレ出入口形状=スライド,備考: 正式名称 社会福祉法人真泉福祉会 東の森保育園 / 備考: 駐車場収容台数 2台 屋根一部無し。
47,沖縄県,47348,与那原町,,与那原町役場 上下水道課,,,901-1304,沖縄県与那原町東浜85-1,26.206693273444905,127.76050480730623,http://www.town.yonabaru.okinawa.jp/machi/jyougesuidou/index.html,yes,yes,,,,,no,no,no,no,yes,no,,,,,,,,,,,,no,no,no,,,barrier_free_map,沖縄県バリアフリーマップ,http://okinawa-bf-map.jp/facility-info/detail?facility_id=1684,2018-08-30,1684,緊急通報装置あり / トイレ出入口形状=スライド,備考: 駐車場収容台数 15台 / トイレ備考: 男子小便器手すりあり。
47,沖縄県,47210,糸満市,,沖縄県立糸満青年の家,,,901-0313,沖縄県糸満市賀数347,26.1520106,127.6936817,/,no,yes,,,,,no,no,no,no,no,no,,,,,,,,,,,,no,no,no,,,barrier_free_map,沖縄県バリアフリーマップ,http://okinawa-bf-map.jp/facility-info/detail?facility_id=1685,2010-05-01,1685,緊急通報装置あり / トイレ出入口形状=スライド,備考: 駐車台数80台
47,沖縄県,47210,糸満市,,お魚センター,,,901-0305,沖縄県糸満市西崎4-19,26.1381534,127.6615695,/,yes,yes,,,,,no,no,no,no,yes,yes,,,,,,,,,,,,no,no,no,,,barrier_free_map,沖縄県バリアフリーマップ,http://okinawa-bf-map.jp/facility-info/detail?facility_id=1686,2022-08-19,1686,トイレ出入口形状=スライド,備考: 駐車台数700台
47,沖縄県,47210,糸満市,,琉球ガラス村,,,901-0345,沖縄県糸満市福地169,26.0977782,127.6778723,http://www.ryukyu-glass.co.jp/,no,yes,,,,,yes,no,no,no,no,no,,,,,,,,,,,,no,yes,no,,yes,barrier_free_map,沖縄県バリアフリーマップ,http://okinawa-bf-map.jp/facility-info/detail?facility_id=1687,2023-12-12,1687,トイレ出入口形状=スライド,トイレ備考: 一般トイレ開口幅80cm以上あり
47,沖縄県,47348,与那原町,,沖縄銀行与那原支店,,,901-1303,沖縄県与那原町与那原3111-1,26.2011798,127.755029,http://www.okinawa-bank.co.jp/shop_atm/2014061102519/,yes,yes,,,,,no,no,no,no,yes,no,,,,,,,,,,,,no,no,no,,,barrier_free_map,沖縄県バリアフリーマップ,http://okinawa-bf-map.jp/facility-info/detail?facility_id=1688,2020-04-21,1688,トイレ出入口形状=スライド,備考: 駐車場収容台数 25台 / トイレ備考: 男子トイレは多目的として扱われる。小便器手すりあり。
47,沖縄県,47348,与那原町,,東浜きょうりゅう公園,,,901-1304,沖縄県与那原町東浜１５−５,26.2093338731843,127.76099642275392,http://mta.ti-da.net/e2438979.html,no,yes,,,,,no,no,no,no,no,no,,,,,,,,,,,,no,no,no,,,barrier_free_map,沖縄県バリアフリーマップ,http://okinawa-bf-map.jp/facility-info/detail?facility_id=1690,2018-01-08,1690,トイレ出入口形状=スライド,備考: この伝番号は与那原町役場 総務課の番号に繋がります。 098-945-2201 / 備考: 駐車場収容台数 15台
47,沖縄県,47210,糸満市,,糸満市障害者生活支援センター 陽だまり,,,901-0362,沖縄県糸満市真栄里870,26.1123575,127.6709534,/,no,yes,,,,,no,no,no,no,no,no,,,,,,,,,,,,yes,no,no,,,barrier_free_map,沖縄県バリアフリーマップ,http://okinawa-bf-map.jp/facility-info/detail?facility_id=1691,2010-05-01,1691,緊急通報装置あり / トイレ出入口形状=引戸,備考: 駐車台数5台 / トイレ備考: 入口段差1cm
47,沖縄県,47348,与那原町,,与那原警察署,,,901-1303,沖縄県与那原町与那原3085,26.20093275028081,127.75358746812287,http://www.police.pref.okinawa.jp/docs/2015030100086/,no,no,,,,,no,no,no,no,no,no,,,,,,,,,,,,no,no,no,,,barrier_free_map,沖縄県バリアフリーマップ,http://okinawa-bf-map.jp/facility-info/detail?facility_id=1692,2018-08-31,1692,トイレ出入口形状=開き戸,備考: 事務処理営業時間 9:30~18:15 / 備考: 駐車場収容台数 20台 高齢者用標示あり。 / トイレ備考: 一般男女トイレ、開口幅も狭く段差もあり車イスでの利用は不可
47,沖縄県,47215,南城市,,社会体育施設知念屋外体育館,,,901-1511,沖縄県南城市知念久手堅532,26.1675462,127.828555,http://www.city.nanjo.okinawa.jp/about-nanjo/place/sports/,no,yes,,,,,no,no,no,no,no,no,,,,,,,,,,,,no,no,no,,,barrier_free_map,沖縄県バリアフリーマップ,http://okinawa-bf-map.jp/facility-info/detail?facility_id=1693,2010-05-01,1693,緊急通報装置あり / トイレ出入口形状=スライド,備考: 市内、市外の住民について施設使用料の区分あり。 / 備考: 駐車台数50台
47,沖縄県,47215,南城市,,カフェくるくま,,,901-1400,沖縄県南城市知念字知念1190,26.16258189345924,127.81265035952447,http://www.nakazen.co.jp/cafe/,no,yes,,,,,yes,no,no,no,no,no,,,,,,,,,,,,no,no,no,,,barrier_free_map,沖縄県バリアフリーマップ,http://okinawa-bf-map.jp/facility-info/detail?facility_id=1694,2019-02-07,1694,トイレ出入口形状=スライド,備考: 駐車台数50台
47,沖縄県,47212,豊見城市,,希望ヶ丘自治会集会所,,,901-0205,沖縄県豊見城市根差部576-11,26.1869351,127.6888668,/,no,yes,,,,,no,no,no,no,no,no,,,,,,,,,,,,no,no,no,,,barrier_free_map,沖縄県バリアフリーマップ,http://okinawa-bf-map.jp/facility-info/detail?facility_id=1695,2010-05-01,1695,トイレ出入口形状=スライド,備考: 駐車場無し。
47,沖縄県,47215,南城市,,沖縄県立玉城青少年の家,,,901-0604,沖縄県南城市玉城玉城420,26.1433997,127.7828013,http://www.tamagusuku-youthhome.com/,no,yes,,,,,no,no,no,no,no,no,,,,,,,,,,,,yes,no,no,,,barrier_free_map,沖縄県バリアフリーマップ,http://okinawa-bf-map.jp/facility-info/detail?facility_id=1696,2021-09-15,1696,トイレ出入口形状=スライド,備考: 施設の使用料は有料。 / 備考: 駐車台数50台
47,沖縄県,47212,豊見城市,,わくわく児童館,,,901-0214,沖縄県豊見城市保栄茂1153-109,26.162364366449935,127.67635894655761,http://www.city.tomigusuku.lg.jp/kosodate_kyoiku/gakkokyoiku/1/6228.html https://tomigusuku-shakyo.or.jp/category/wakuji,no,yes,,,,,no,no,no,no,no,no,,,,,,,,,,,,yes,no,no,,no,barrier_free_map,沖縄県バリアフリーマップ,http://okinawa-bf-map.jp/facility-info/detail?facility_id=1697,2023-10-24,1697,緊急通報装置あり / トイレ出入口形状=スライド,備考: 正式名称：豊見城市役所 こども未来部 こども応援課 わくわく児童館 / 備考: 駐車場収容台数 6台 / トイレ備考: 一般トイレの段差はあり 開口幅80cm以上はなし
47,沖縄県,47215,南城市,,南城市福祉センター,,,901-0603,沖縄県南城市玉城百名1252,26.134756,127.7866456,/,no,no,,,,,no,no,no,no,no,no,,,,,,,,,,,,no,no,no,,,barrier_free_map,沖縄県バリアフリーマップ,http://okinawa-bf-map.jp/facility-info/detail?facility_id=1699,2019-02-25,1699,緊急通報装置あり / トイレ出入口形状=開き戸,備考: 駐車台数30台
47,沖縄県,47215,南城市,,斎場御嶽,,,,〒 901-151 / 沖縄県南城市知念字久手賢サヤハ原,26.173015551096203,127.825765477771,http://okinawa-nanjo.jp/sefa/,no,yes,,,,,yes,no,no,no,no,no,,,,,,,,,,,,no,no,no,,,barrier_free_map,沖縄県バリアフリーマップ,http://okinawa-bf-map.jp/facility-info/detail?facility_id=1700,2019-01-28,1700,トイレ出入口形状=スライド,備考: 駐車台数150台
47,沖縄県,47215,南城市,,あざまサンサンビーチ,,,901-1502,沖縄県南城市知念安座真1141-3,26.178076,127.8287518,http://okinawa-nanjo.jp/beach/,no,yes,,,,,no,no,no,no,no,no,,,,,,,,,,,,yes,no,no,,,barrier_free_map,沖縄県バリアフリーマップ,http://okinawa-bf-map.jp/facility-info/detail?facility_id=1701,2015-09-10,1701,トイレ出入口形状=開き戸,備考: 駐車台数350台 3月20日~10月30日（警備員常駐） / トイレ備考: 入口段差30cm
47,沖縄県,47201,那覇市,,ミドリ薬品・三原店,,,902-0063,沖縄県那覇市三原1-13-1,26.2127573,127.6962778,/,no,yes,,,,,no,no,no,no,no,no,,,,,,,,,,,,no,no,no,,,barrier_free_map,沖縄県バリアフリーマップ,http://okinawa-bf-map.jp/facility-info/detail?facility_id=1702,2015-09-10,1702,緊急通報装置あり / トイレ出入口形状=スライド,備考: 駐車場収容台数 20台
47,沖縄県,47215,南城市,,南城市歴史体験学習施設・斎場御獄（緑の館・セーファ）,,,901-1511,沖縄県南城市知念久手堅270-1,26.1733333,127.8266667,/,no,yes,,,,,yes,no,no,no,no,no,,,,,,,,,,,,no,no,no,,,barrier_free_map,沖縄県バリアフリーマップ,http://okinawa-bf-map.jp/facility-info/detail?facility_id=1703,2010-05-01,1703,トイレ出入口形状=スライド,備考: 駐車台数30台
47,沖縄県,47212,豊見城市,,メイクマン豊見城店,,,901-0234,沖縄県豊見城市田頭187,26.1750572,127.660741,http://www.makeman.co.jp,yes,yes,,,,,yes,no,yes,no,yes,yes,,,,,,,,,,,,no,no,no,,,barrier_free_map,沖縄県バリアフリーマップ,http://okinawa-bf-map.jp/facility-info/detail?facility_id=1704,2024-06-03,1704,緊急通報装置あり / トイレ出入口形状=スライド,備考: 正式名称 株式会社メイクマン豊見城店 / トイレ備考: 一般トイレ開口幅80cm以上あり 女子トイレ幼児用小便器あり
47,沖縄県,47215,南城市,,島袋区コミュニティーセンター,,,901-1207,沖縄県南城市大里古堅1379,26.1899779,127.7473803,/,no,yes,,,,,no,no,no,no,no,no,,,,,,,,,,,,no,no,no,,,barrier_free_map,沖縄県バリアフリーマップ,http://okinawa-bf-map.jp/facility-info/detail?facility_id=1705,2019-01-29,1705,トイレ出入口形状=スライド,備考: 駐車台数6台
47,沖縄県,47215,南城市,,糸数区公民館,,,,南城市玉城字糸数44,26.1530398,127.7610502,/,no,yes,,,,,no,no,no,no,no,no,,,,,,,,,,,,no,no,no,,,barrier_free_map,沖縄県バリアフリーマップ,http://okinawa-bf-map.jp/facility-info/detail?facility_id=1706,2010-05-01,1706,トイレ出入口形状=スライド,備考: 駐車台数6台
47,沖縄県,47215,南城市,,南城市高齢者能力活用センター,,,901-1202,沖縄県南城市大里大里2231-1,26.1862756,127.7553243,/,no,yes,,,,,no,no,no,no,no,no,,,,,,,,,,,,yes,no,no,,,barrier_free_map,沖縄県バリアフリーマップ,http://okinawa-bf-map.jp/facility-info/detail?facility_id=1707,2019-02-25,1707,トイレ出入口形状=引戸,備考: 付き添い人がいれば 車いすでも可能 / 備考: 駐車台数5台 / トイレ備考: 入口段差3cm
47,沖縄県,47212,豊見城市,,上地歯科・耳鼻咽喉科,,,901-0231,沖縄県豊見城市我那覇476-1 / ディアナコートS 1階,26.1766494,127.6745349,/,yes,yes,,,,,no,no,no,no,yes,no,,,,,,,,,,,,no,no,no,,,barrier_free_map,沖縄県バリアフリーマップ,http://okinawa-bf-map.jp/facility-info/detail?facility_id=1708,2010-05-01,1708,緊急通報装置あり / トイレ出入口形状=スライド,備考: 駐車場収容台数 25台
47,沖縄県,47215,南城市,,南城市立大里中央児童館,,,901-1203,沖縄県南城市大里大城2555-1,26.1764681,127.7499976,/,no,yes,,,,,yes,no,no,no,no,no,,,,,,,,,,,,no,no,no,,,barrier_free_map,沖縄県バリアフリーマップ,http://okinawa-bf-map.jp/facility-info/detail?facility_id=1709,2019-02-25,1709,トイレ出入口形状=スライド,備考: 駐車台数6台
47,沖縄県,47212,豊見城市,,介護付有料老人ホームうえた,,,901-0243,沖縄県豊見城市上田1-1,26.176047,127.6800347,http://www.elifecare.net,no,yes,,,,,yes,no,no,no,no,no,,,,,,,,,,,,no,no,no,,,barrier_free_map,沖縄県バリアフリーマップ,http://okinawa-bf-map.jp/facility-info/detail?facility_id=1710,2010-05-01,1710,緊急通報装置あり / トイレ出入口形状=スライド,備考: 駐車場収容台数 20台
47,沖縄県,47212,豊見城市,,老人ホームとよさき,,,901-0223,沖縄県豊見城市翁長869,26.1611254,127.6668497,http://www.s-toyosaki.co.jp/home.html,no,yes,,,,,yes,no,no,yes,no,no,,,,,,,,,,,,no,no,no,,,barrier_free_map,沖縄県バリアフリーマップ,http://okinawa-bf-map.jp/facility-info/detail?facility_id=1711,2010-05-11,1711,緊急通報装置あり / トイレ出入口形状=スライド,備考: 正式名称 沖縄県福祉事業協同組合 有料老人ホームとよさき / 備考: 駐車場収容台数 30台
47,沖縄県,47212,豊見城市,,瀬長島野球場,,,901-0233,沖縄県豊見城市瀬長174,26.1749872,127.6441607,/,no,no,,,,,no,no,no,no,no,no,,,,,,,,,,,,yes,no,no,,,barrier_free_map,沖縄県バリアフリーマップ,http://okinawa-bf-map.jp/facility-info/detail?facility_id=1712,2020-05-13,1712,トイレ出入口形状=開き戸,備考: 駐車場収容台数 40台 / トイレ備考: 出入口段差2段あり。
47,沖縄県,47212,豊見城市,,豊見城市立与根野外サッカー場,,,901-0224,沖縄県豊見城市与根50-31,26.1743373,127.6546878,/,no,no,,,,,no,no,no,no,no,no,,,,,,,,,,,,yes,no,no,,,barrier_free_map,沖縄県バリアフリーマップ,http://okinawa-bf-map.jp/facility-info/detail?facility_id=1713,2019-10-31,1713,トイレ出入口形状=引戸,備考: 駐車場無し。 / トイレ備考: 出入口段差2段（高さ7.5cm、5cm）あり。 和式トイレの開口幅59cm。
47,沖縄県,47212,豊見城市,,沖縄銀行豊見城支店,,,901-0243,沖縄県豊見城市上田540-1 仲元ビル 1F,26.176084993752742,127.6826381742051,http://www.okinawa-bank.co.jp,yes,yes,,,,,no,no,no,yes,yes,yes,,,,,,,,,,,,yes,no,no,,,barrier_free_map,沖縄県バリアフリーマップ,http://okinawa-bf-map.jp/facility-info/detail?facility_id=1714,2017-12-28,1714,トイレ出入口形状=スライド,備考: 正式名称 株式会社沖縄銀行豊見城支店 / 備考: 駐車場収容台数 30台
47,沖縄県,47212,豊見城市,,居宅支援サービスかがやき,,,901-0213,沖縄県豊見城市高嶺30-2,26.1675068,127.6922735,/,no,yes,,,,,yes,no,no,no,no,no,,,,,,,,,,,,yes,no,no,,,barrier_free_map,沖縄県バリアフリーマップ,http://okinawa-bf-map.jp/facility-info/detail?facility_id=1715,2010-05-01,1715,緊急通報装置あり / トイレ出入口形状=ドア無し,特徴･注意点: 1階がデイサービスかがやきの郷になっていて、居宅支援サービスかがやきは2階になっています。 / 備考: 駐車場収容台数 3台 / トイレ備考: ドア無し。カーテンで仕切られてます。
47,沖縄県,47215,南城市,,大里内原公園,,,901-1202,沖縄県南城市大里大里1071,26.190092,127.760182,/,no,yes,,,,,no,no,no,no,no,no,,,,,,,,,,,,no,no,no,,,barrier_free_map,沖縄県バリアフリーマップ,http://okinawa-bf-map.jp/facility-info/detail?facility_id=1716,2018-03-13,1716,トイレ出入口形状=スライド,備考: 施設利用料については有料（中学生以下は無料）。 / 備考: 駐車台数100台
47,沖縄県,47215,南城市,,琉球舞踊館うどい,,,901-1047,沖縄県南城市字つきしろ1539-247,26.16038949650264,127.79078342936099,http://udui.net/,no,no,,,,,no,no,no,no,no,no,,,,,,,,,,,,yes,no,no,,,barrier_free_map,沖縄県バリアフリーマップ,http://okinawa-bf-map.jp/facility-info/detail?facility_id=1717,2019-02-25,1717,トイレ出入口形状=開き戸,備考: 琉球舞踊館うどいは当分の間、常設公演をお休みいたします。 しばらくの間、常設劇場のご利用ができない状況が続きます。 それまでの間は団体様や出張公演の依頼を受け営業を続けてまいります。(施設のHPより) / 備考: 駐車台数26台
47,沖縄県,47215,南城市,,大里メモリアルパーク,,,901-1203,沖縄県南城市大里大城1260,26.1623835,127.7649107,http://oki-memorial.org/facility/ohzato,no,yes,,,,,no,no,no,no,no,no,,,,,,,,,,,,no,no,yes,,,barrier_free_map,沖縄県バリアフリーマップ,http://okinawa-bf-map.jp/facility-info/detail?facility_id=1718,2019-02-07,1718,トイレ出入口形状=開き戸,備考: フリーダイヤル 0120-202-869 / 備考: 駐車台数30台
47,沖縄県,47215,南城市,,南城市立大里南幼稚園,,,901-1206,沖縄県南城市大里仲間928,26.175503104412474,127.74656106878659,http://www.city.nanjo.okinawa.jp/life/education/shougai/yochien.html,no,no,,,,,no,no,no,no,no,no,,,,,,,,,,,,yes,no,no,,,barrier_free_map,沖縄県バリアフリーマップ,http://okinawa-bf-map.jp/facility-info/detail?facility_id=1719,2010-05-01,1719,トイレ出入口形状=開き戸,備考: 駐車場なし
47,沖縄県,47362,八重瀬町,,八重瀬町役場東風平庁舎住民窓口（住民課業務）,,,901-0492,沖縄県八重瀬町字東風平1188,26.158264269904727,127.71859941163937,http://www.town.yaese.lg.jp/docs/2014031200658/,no,yes,,,,,no,no,no,no,no,no,,,,,,,,,,,,no,no,no,,,barrier_free_map,沖縄県バリアフリーマップ,http://okinawa-bf-map.jp/facility-info/detail?facility_id=1720,2018-11-09,1720,トイレ出入口形状=スライド,備考: 正式名称 八重瀬町役場東風平庁舎 / 備考: 駐車場収容台数 25台
47,沖縄県,47215,南城市,,特別養護老人ホーム 東雲の丘,,,901-1203,沖縄県南城市大里大城1392,26.16695149602392,127.76596087804865,http://www.kenshoukai.or.jp/,no,yes,,,,,yes,no,no,no,no,no,,,,,,,,,,,,no,no,no,,,barrier_free_map,沖縄県バリアフリーマップ,http://okinawa-bf-map.jp/facility-info/detail?facility_id=1721,2010-05-11,1721,緊急通報装置あり / トイレ出入口形状=開き戸,備考: 駐車台数16台 / トイレ備考: カーテン
47,沖縄県,47215,南城市,,南城市農村環境改善センター,,,901-1206,沖縄県南城市大里仲間928,26.1765125,127.7455007,/,no,yes,,,,,no,no,no,no,no,no,,,,,,,,,,,,no,no,no,,,barrier_free_map,沖縄県バリアフリーマップ,http://okinawa-bf-map.jp/facility-info/detail?facility_id=1722,2019-02-08,1722,トイレ出入口形状=ドア無し,備考: 098-917-5369 生涯学習課 / 備考: 駐車台数20台 / トイレ備考: ドアなし アコーディオンカーテン
47,沖縄県,47362,八重瀬町,,東風平運動公園陸上競技場（八重瀬町役場保健体育課）,,,901-0401,沖縄県八重瀬町東風平1074,26.1541666,127.7142129,http://www.sports-commission.okinawa/archives/search/0324,no,yes,,,,,no,no,no,no,no,no,,,,,,,,,,,,no,no,no,,,barrier_free_map,沖縄県バリアフリーマップ,http://okinawa-bf-map.jp/facility-info/detail?facility_id=1723,2018-11-09,1723,トイレ出入口形状=スライド,備考: 正式名称 東風平運動公園陸上競技場 / 備考: 駐車場収容台数 300台
47,沖縄県,47215,南城市,,大里村高齢者健康センター,,,901-1204,沖縄県南城市大城1779,26.170484672261637,127.75622077658228,/,no,yes,,,,,no,no,no,no,no,no,,,,,,,,,,,,no,no,no,,,barrier_free_map,沖縄県バリアフリーマップ,http://okinawa-bf-map.jp/facility-info/detail?facility_id=1724,2019-02-27,1724,トイレ出入口形状=スライド,特徴･注意点: 常駐管理者なし / 備考: 駐車場なし
47,沖縄県,47362,八重瀬町,,東風平運動公園体育館,,,901-0401,沖縄県八重瀬町東風平1076,26.1542221,127.7133157,http://www.sports-commission.okinawa/archives/search/0325,no,yes,,,,,no,no,no,no,no,no,,,,,,,,,,,,no,no,no,,,barrier_free_map,沖縄県バリアフリーマップ,http://okinawa-bf-map.jp/facility-info/detail?facility_id=1725,2018-11-09,1725,トイレ出入口形状=スライド,備考: 駐車場収容台数 300台
47,沖縄県,47215,南城市,,大里勤労者体育センター,,,901-1204,沖縄県南城市大里稲嶺2127-99,26.1668495,127.7434292,http://www.city.nanjo.okinawa.jp/about-nanjo/place/sports/,no,yes,,,,,no,no,no,no,no,no,,,,,,,,,,,,no,no,no,,,barrier_free_map,沖縄県バリアフリーマップ,http://okinawa-bf-map.jp/facility-info/detail?facility_id=1726,2019-02-12,1726,トイレ出入口形状=ドア無し,備考: 駐車台数50台 / トイレ備考: ドアなし アコーディオンカーテン
47,沖縄県,47362,八重瀬町,,南部徳洲会病院,,,901-0417,沖縄県八重瀬町外間170-1,26.177412964454277,127.71369687777099,http://www.nantoku.org,yes,yes,,,,,yes,no,no,yes,yes,no,,,,,,,,,,,,no,no,no,,,barrier_free_map,沖縄県バリアフリーマップ,http://okinawa-bf-map.jp/facility-info/detail?facility_id=1727,2018-01-22,1727,緊急通報装置あり / トイレ出入口形状=スライド,備考: 正式名称 医療法人沖縄徳洲会南部徳洲会病院 / 備考: 駐車場収容台数 300台 / トイレ備考: 男子小便器手すりあり。 簡易オストメイトあり。
47,沖縄県,47362,八重瀬町,,社会福祉法人 清ら風保育園,,,901-0416,沖縄県八重瀬町宜次674-5,26.17533434284265,127.71642812698363,http://churakazi-hoiku.com/index.php,no,no,,,,,no,no,no,no,no,no,,,,,,,,,,,,no,no,yes,,,barrier_free_map,沖縄県バリアフリーマップ,http://okinawa-bf-map.jp/facility-info/detail?facility_id=1728,2018-01-22,1728,トイレ出入口形状=開き戸,備考: 正式名称 社会福祉法人ぎしの里 清ら風保育園 / 備考: 駐車場収容台数 24台
47,沖縄県,47362,八重瀬町,,社会福祉法人明和会 デイサービスえーじ,,,901-0405,沖縄県八重瀬町伊覇60-7 / 丸栄マンション1階,26.1581555,127.7213176,http://yoshinagaen.jp/publics/index/33,no,yes,,,,,no,no,no,no,no,no,,,,,,,,,,,,no,no,no,,,barrier_free_map,沖縄県バリアフリーマップ,http://okinawa-bf-map.jp/facility-info/detail?facility_id=1729,2019-02-05,1729,緊急通報装置あり / トイレ出入口形状=スライド,備考: 駐車場収容台数 5台
47,沖縄県,47215,南城市,,南城市総合保健福祉センター,,,901-1206,沖縄県南城市大里仲間918,26.175496,127.7451536,/,yes,yes,,,,,no,no,no,no,no,yes,,,,,,,,,,,,no,no,no,,,barrier_free_map,沖縄県バリアフリーマップ,http://okinawa-bf-map.jp/facility-info/detail?facility_id=1730,2019-02-15,1730,緊急通報装置あり / トイレ出入口形状=スライド,
47,沖縄県,47215,南城市,,大里庁舎,,,901-1206,沖縄県南城市大里仲間807,26.1761042,127.744537,http://www.city.nanjo.okinawa.jp/,no,yes,,,,,no,no,no,no,no,no,,,,,,,,,,,,no,no,no,,,barrier_free_map,沖縄県バリアフリーマップ,http://okinawa-bf-map.jp/facility-info/detail?facility_id=1731,2010-05-01,1731,緊急通報装置あり / トイレ出入口形状=スライド,備考: 駐車台数100台
47,沖縄県,47362,八重瀬町,,白川幼稚園,,,901-0415,沖縄県八重瀬町小城550,26.1625271,127.710552,/,no,no,,,,,no,no,no,no,no,no,,,,,,,,,,,,yes,no,no,,,barrier_free_map,沖縄県バリアフリーマップ,http://okinawa-bf-map.jp/facility-info/detail?facility_id=1732,2010-05-01,1732,トイレ出入口形状=ドア無し,備考: 駐車台数8台
47,沖縄県,47362,八重瀬町,,シーサー保育園,,,901-0411,沖縄県八重瀬町友寄841-1,26.17030920732143,127.72253896508177,http://shisa-hoikuen.com/,no,yes,,,,,no,no,no,no,no,no,,,,,,,,,,,,no,no,yes,,,barrier_free_map,沖縄県バリアフリーマップ,http://okinawa-bf-map.jp/facility-info/detail?facility_id=1733,2018-01-22,1733,トイレ出入口形状=スライド,備考: 駐車台数20台
47,沖縄県,47362,八重瀬町,,東風平幼稚園,,,901-0401,沖縄県八重瀬町東風平257-2,26.1518614,127.7220177,/,no,no,,,,,no,no,no,no,no,no,,,,,,,,,,,,yes,no,no,,,barrier_free_map,沖縄県バリアフリーマップ,http://okinawa-bf-map.jp/facility-info/detail?facility_id=1734,2010-05-01,1734,トイレ出入口形状=開き戸,備考: 駐車台数20台
47,沖縄県,47362,八重瀬町,,有料高齢者ホーム寿々,,,901-0406,沖縄県八重瀬町屋宜原110-3,26.1593222,127.7277752,http://www.yonakuni.net/suzu/top01.htm,no,yes,,,,,yes,no,no,no,no,no,,,,,,,,,,,,no,no,no,,,barrier_free_map,沖縄県バリアフリーマップ,http://okinawa-bf-map.jp/facility-info/detail?facility_id=1735,2018-01-22,1735,トイレ出入口形状=スライド,備考: 駐車台数6台
47,沖縄県,47362,八重瀬町,,JAおきなわ あずま支店,,,901-0401,沖縄県八重瀬町東風平388,26.15401362237246,127.7214459730163,http://www.ja-okinawa.or.jp/,no,no,,,,,yes,no,no,no,no,no,,,,,,,,,,,,yes,no,no,,,barrier_free_map,沖縄県バリアフリーマップ,http://okinawa-bf-map.jp/facility-info/detail?facility_id=1736,2018-01-22,1736,トイレ出入口形状=引戸,備考: 駐車台数8台 / トイレ備考: トイレ入口段差2cm
47,沖縄県,47362,八重瀬町,,和の会 きらり,,,901-0406,沖縄県八重瀬町屋宜原229-3,26.164642718335333,127.72376176745911,http://wa-oki.or.jp/,no,yes,,,,,no,no,no,no,no,no,,,,,,,,,,,,no,no,no,,,barrier_free_map,沖縄県バリアフリーマップ,http://okinawa-bf-map.jp/facility-info/detail?facility_id=1737,2020-11-24,1737,緊急通報装置あり / トイレ出入口形状=スライド,備考: 駐車台数15台
47,沖縄県,47362,八重瀬町,,八重瀬公園,,,901-0402,沖縄県八重瀬町富盛1637,26.1311795,127.7205044,/,no,yes,,,,,no,no,no,no,no,no,,,,,,,,,,,,,no,no,,,barrier_free_map,沖縄県バリアフリーマップ,http://okinawa-bf-map.jp/facility-info/detail?facility_id=1738,2019-10-31,1738,トイレ出入口形状=スライド,特徴･注意点: 駐車場側に身障者トイレあり。 / 備考: 連絡先 八重瀬町経済課 098-998-4624 / 備考: 駐車台数20台
47,沖縄県,47362,八重瀬町,,八重瀬町保健センター,,,901-0401,沖縄県八重瀬町東風平1318-3,26.1565862,127.7258061,/,no,yes,,,,,no,no,no,no,yes,no,,,,,,,,,,,,no,no,no,,,barrier_free_map,沖縄県バリアフリーマップ,http://okinawa-bf-map.jp/facility-info/detail?facility_id=1740,2020-05-07,1740,緊急通報装置あり / トイレ出入口形状=スライド,備考: 駐車台数60台
47,沖縄県,47362,八重瀬町,,富盛公民館,,,901-0402,沖縄県八重瀬町富盛432,26.1329295,127.7270704,/,no,yes,,,,,no,no,no,no,no,no,,,,,,,,,,,,no,no,no,,,barrier_free_map,沖縄県バリアフリーマップ,http://okinawa-bf-map.jp/facility-info/detail?facility_id=1741,2018-11-12,1741,緊急通報装置あり / トイレ出入口形状=スライド,備考: 駐車台数30台
47,沖縄県,47362,八重瀬町,,具志頭郵便局,,,901-0512,沖縄県八重瀬町具志頭659-11,26.1221474,127.7431804,http://map.japanpost.jp/p/search/dtl/300170012000/,no,yes,,,,,no,no,no,no,no,no,,,,,,,,,,,,no,no,no,,,barrier_free_map,沖縄県バリアフリーマップ,http://okinawa-bf-map.jp/facility-info/detail?facility_id=1742,2018-11-12,1742,トイレ出入口形状=スライド,備考: 駐車台数8台
47,沖縄県,47362,八重瀬町,,具志頭農村環境改善センター（中央公民館具志頭分館）,,,901-0512,沖縄県八重瀬町具志頭1,26.1196809,127.7442192,/,no,yes,,,,,no,no,no,no,no,no,,,,,,,,,,,,no,no,no,,,barrier_free_map,沖縄県バリアフリーマップ,http://okinawa-bf-map.jp/facility-info/detail?facility_id=1743,2019-02-01,1743,トイレ出入口形状=スライド,特徴･注意点: 2階部にも駐車スペース有り。 / 備考: お問い合わせ 八重瀬町総務課 098-998-2200 / 備考: 駐車台数30台
47,沖縄県,47362,八重瀬町,,具志頭社会体育館,,,901-0512,沖縄県八重瀬町具志頭1,26.1194531,127.7435582,http://www.sports-commission.okinawa/archives/search/0316,no,yes,,,,,no,no,no,no,no,no,,,,,,,,,,,,no,no,no,,,barrier_free_map,沖縄県バリアフリーマップ,http://okinawa-bf-map.jp/facility-info/detail?facility_id=1744,2019-02-05,1744,トイレ出入口形状=スライド,備考: 駐車台数30台
47,沖縄県,47362,八重瀬町,,八重瀬町役場本庁舎,,,901-0512,沖縄県八重瀬町具志頭659,26.1217974,127.7425554,http://www.town.yaese.lg.jp/,yes,yes,,,,,no,no,no,no,yes,no,,,,,,,,,,,,no,no,no,,,barrier_free_map,沖縄県バリアフリーマップ,http://okinawa-bf-map.jp/facility-info/detail?facility_id=1745,2018-11-12,1745,緊急通報装置あり / トイレ出入口形状=スライド,備考: 駐車台数60台
47,沖縄県,47362,八重瀬町,,JAおきなわ具志頭支店,,,901-0513,沖縄県八重瀬町玻名城698,26.1204863,127.7420694,http://www.ja-okinawa.or.jp/store/detail.php?id=280,yes,yes,,,,,yes,no,no,no,yes,yes,,,,,,,,,,,,no,no,no,,,barrier_free_map,沖縄県バリアフリーマップ,http://okinawa-bf-map.jp/facility-info/detail?facility_id=1746,2018-11-12,1746,緊急通報装置あり / 着替え台あり / トイレ出入口形状=スライド,備考: 駐車台数80台
47,沖縄県,47213,うるま市,,プライムガーデン沖縄,,,904-2235,沖縄県うるま市前原260-5,26.3369804,127.8472988,/,no,yes,,,,,no,no,no,no,no,no,,,,,,,,,,,,no,no,no,,,barrier_free_map,沖縄県バリアフリーマップ,http://okinawa-bf-map.jp/facility-info/detail?facility_id=1747,2020-04-03,1747,緊急通報装置あり / トイレ出入口形状=引戸,備考: 駐車場収容台数 40台
47,沖縄県,47362,八重瀬町,,八重瀬町立具志頭歴史民族資料館,,,901-0512,沖縄県八重瀬町具志頭352,26.12241960000001,127.74357199999999,http://www.jica.go.jp/jomm/shozokikan/yaese.html,no,yes,,,,,no,no,no,no,no,no,,,,,,,,,,,,no,no,no,,,barrier_free_map,沖縄県バリアフリーマップ,http://okinawa-bf-map.jp/facility-info/detail?facility_id=1748,2021-12-09,1748,緊急通報装置あり / トイレ出入口形状=スライド,特徴･注意点: 身障者用トイレは普段施錠されており、身障者の来館に応じて解放する。 / 備考: 大人：200円 小人（高校生以下）：100円 減免等についてはお問い合わせ下さい。 / 備考: 駐車台数14台
47,沖縄県,47201,那覇市,,コンフォートホテル那覇県庁前,,,900-0015,沖縄県那覇市久茂地1-3-11,26.2134706,127.6776596,http://www.choice-hotels.jp/hotel/naha/,yes,yes,,,,,yes,no,no,no,yes,no,,,,,,,,,,,,,yes,no,,,barrier_free_map,沖縄県バリアフリーマップ,http://okinawa-bf-map.jp/facility-info/detail?facility_id=1749,2018-12-21,1749,トイレ出入口形状=スライド,特徴･注意点: バリアフリールーム3部屋 / 備考: 車いす対応客室あり（ドア：開き戸、部屋の入口：段差なし、部屋の通路：車いす通行可能、バスルーム：入口段差なし・入口幅80cm以上、トイレ：手すりあり・車いすで入れる） / 備考: 駐車台数26台
47,沖縄県,47215,南城市,,奥武島漁港,,,901-0614,沖縄県南城市玉城奥武19-1,26.1315974,127.7734579,http://www.kankou-nanjo.okinawa/buy/details/208,no,yes,,,,,no,no,no,no,no,no,,,,,,,,,,,,no,no,no,,,barrier_free_map,沖縄県バリアフリーマップ,http://okinawa-bf-map.jp/facility-info/detail?facility_id=1751,2019-02-13,1751,トイレ出入口形状=スライド,備考: 駐車台数50台
47,沖縄県,47215,南城市,,新原ビーチ,,,901-0603,沖縄県南城市玉城百名,26.133355822965175,127.7925454624573,http://www.mi-baru.com/,no,yes,,,,,no,no,no,no,no,no,,,,,,,,,,,,no,no,no,,,barrier_free_map,沖縄県バリアフリーマップ,http://okinawa-bf-map.jp/facility-info/detail?facility_id=1752,2015-09-10,1752,トイレ出入口形状=スライド,備考: 管理:みーばるマリンセンター / 備考: 駐車台数100台
47,沖縄県,47201,那覇市,,形成外科KC,,,900-0015,沖縄県那覇市久茂地2-7-11 / 恵風会ビル,26.2167981,127.6805314,/,,yes,,,,,,,,no,,,,,,,,,,,,,,,no,no,,,barrier_free_map,沖縄県バリアフリーマップ,http://okinawa-bf-map.jp/facility-info/detail?facility_id=1753,2010-05-08,1753,,備考: 駐車場無し / トイレ備考: 車イス専用トイレは1階にある。5階の施設管理人が鍵を持っています。
47,沖縄県,47210,糸満市,,ＣＡＦＥ Ｂｒｅｅ Ｇａｒｄｅｎ,,,901-0344,沖縄県糸満市伊原190-1,26.0955204,127.6892415,/,no,yes,,,,,no,no,no,no,no,no,,,,,,,,,,,,no,no,no,,,barrier_free_map,沖縄県バリアフリーマップ,http://okinawa-bf-map.jp/facility-info/detail?facility_id=1754,2015-09-10,1754,トイレ出入口形状=引戸,特徴･注意点: 減塩やアレルギーなどの食事も要望に応じて対応します。要事前連絡。 車椅子でテラスも利用可。 / 備考: 駐車場収容台数 10台
47,沖縄県,47215,南城市,,安座真港,,,901-1502,沖縄県南城市知念安座真１０６２,26.178850138525938,127.82643486322935,http://kudakakaiun.jimdo.com/,no,yes,,,,,no,no,no,no,no,no,,,,,,,,,,,,no,no,no,,,barrier_free_map,沖縄県バリアフリーマップ,http://okinawa-bf-map.jp/facility-info/detail?facility_id=1755,2021-12-01,1755,トイレ出入口形状=引戸,備考: 南城市知念安座真地区内 安座真船待合所 TEL098-948-7785 / 備考: 駐車台数54台
47,沖縄県,47215,南城市,,南城市立大里北幼稚園,,,901-1201,沖縄県南城市大里嶺井222,26.193732276650394,127.75423344285274,http://www.city.nanjo.okinawa.jp/life/yochien.html,no,no,,,,,no,no,no,no,no,no,,,,,,,,,,,,yes,no,no,,,barrier_free_map,沖縄県バリアフリーマップ,http://okinawa-bf-map.jp/facility-info/detail?facility_id=1756,2010-05-01,1756,トイレ出入口形状=開き戸,備考: 駐車台数4台 / トイレ備考: 出入口幅74cm 開口幅51cm
47,沖縄県,47201,那覇市,,沖縄ポートホテル,,,900-0036,沖縄県那覇市西1-6-1,26.2127261,127.6723795,/,no,yes,,,,,yes,no,no,no,no,yes,,,,,,,,,,,,no,yes,no,,,barrier_free_map,沖縄県バリアフリーマップ,http://okinawa-bf-map.jp/facility-info/detail?facility_id=1757,2010-05-01,1757,緊急通報装置あり / トイレ出入口形状=スライド,備考: 駐車場収容台数70台
47,沖縄県,47210,糸満市,,ひめゆり平和祈念資料館,,,901-0344,沖縄県糸満市伊原671-1,26.0961157,127.6905524,http://www.himeyuri.or.jp/,yes,yes,,,,,no,no,yes,no,yes,no,,,,,,,,,,,,no,no,no,,,barrier_free_map,沖縄県バリアフリーマップ,http://okinawa-bf-map.jp/facility-info/detail?facility_id=1758,2023-09-06,1758,トイレ出入口形状=スライド,備考: 駐車場無し。周辺土産品店の駐車場を利用。 / トイレ備考: 外トイレに車椅子用、男女ひとつずつあり。
47,沖縄県,47215,南城市,,チャーリーレストラン,,,901-0608,沖縄県南城市玉城親慶原28,26.15501405064754,127.7837888061515,/,no,yes,,,,,yes,no,no,no,no,no,,,,,,,,,,,,no,no,no,,,barrier_free_map,沖縄県バリアフリーマップ,http://okinawa-bf-map.jp/facility-info/detail?facility_id=1759,2021-03-10,1759,トイレ出入口形状=引戸,備考: 駐車場80台 / トイレ備考: 出入口幅63cm
47,沖縄県,47215,南城市,,ふたば歯科医院,,,901-1400,沖縄県南城市佐敷字新開1-143,26.17656446444676,127.77469944460094,/,no,no,,,,,no,no,no,no,no,no,,,,,,,,,,,,no,no,no,,,barrier_free_map,沖縄県バリアフリーマップ,http://okinawa-bf-map.jp/facility-info/detail?facility_id=1760,2019-02-27,1760,トイレ出入口形状=スライド,備考: 駐車台数4台 / トイレ備考: 専用マークはないが広いスペースの作りでした
47,沖縄県,47210,糸満市,,糸満海のふるさと公園,,,901-0305,沖縄県糸満市西崎町1丁目,26.1389824,127.6575923,/,no,yes,,,,,no,no,no,no,no,no,,,,,,,,,,,,no,no,yes,,,barrier_free_map,沖縄県バリアフリーマップ,http://okinawa-bf-map.jp/facility-info/detail?facility_id=1761,2020-05-01,1761,トイレ出入口形状=スライド,備考: 駐車場収容台数 163台
47,沖縄県,47215,南城市,,ユインチホテル南城,,,901-1412,沖縄県南城市佐敷新里1688,26.1651001,127.7699407,http://www.yuinchi.jp/,no,yes,,,,,yes,yes,no,no,no,no,,,,,,,,,,,,no,no,yes,,,barrier_free_map,沖縄県バリアフリーマップ,http://okinawa-bf-map.jp/facility-info/detail?facility_id=1762,2022-08-05,1762,緊急通報装置あり / トイレ出入口形状=スライド,特徴･注意点: バリアフリールーム4室 / 備考: 車いす対応客室あり（ドア：スライド、部屋の入口：段差なし、部屋の通路：車いす通行可能、バスルーム：入口段差なし・入口幅80cm以上、トイレ：手すりあり・車いすで入れる） / 備考: 駐車台数500台
47,沖縄県,47210,糸満市,,糸満市社会福祉センター,,,901-0362,沖縄県糸満市真栄里857,26.1129019,127.6718089,http://itoman-shakyo.or.jp/,no,yes,,,,,no,no,no,no,no,no,,,,,,,,,,,,yes,no,no,,,barrier_free_map,沖縄県バリアフリーマップ,http://okinawa-bf-map.jp/facility-info/detail?facility_id=1763,2024-02-21,1763,緊急通報装置あり / トイレ出入口形状=スライド,備考: 駐車場収容台数 70台 / トイレ備考: 一般トイレ段差あり 一般トイレ開口幅80cm以上あり
47,沖縄県,47215,南城市,,南城歯科クリニック,,,901-0615,沖縄県南城市玉城堀川788,26.129423322619296,127.76395276640937,http://nanjo-dental.com/,no,yes,,,,,yes,no,no,no,no,no,,,,,,,,,,,,no,no,no,,,barrier_free_map,沖縄県バリアフリーマップ,http://okinawa-bf-map.jp/facility-info/detail?facility_id=1765,2022-07-15,1765,トイレ出入口形状=開き戸,備考: 駐車台数7台 / トイレ備考: 開き戸（スライド式）
47,沖縄県,47210,糸満市,,糸満バスターミナル 沖縄バス 糸満出張所,,,901-0361,沖縄県糸満市糸満2274-2,26.1288002,127.6634839,/,no,no,,,,,no,no,no,no,no,no,,,,,,,,,,,,yes,no,no,,,barrier_free_map,沖縄県バリアフリーマップ,http://okinawa-bf-map.jp/facility-info/detail?facility_id=1766,2023-06-08,1766,トイレ出入口形状=引戸,備考: 駐車場無し。
47,沖縄県,47215,南城市,,馬天キリスト教会,,,901-1414,沖縄県南城市佐敷津波古1895-1,26.1798571,127.7684097,http://batenchurch.blogspot.jp/,no,yes,,,,,yes,no,no,no,no,no,,,,,,,,,,,,no,no,yes,,,barrier_free_map,沖縄県バリアフリーマップ,http://okinawa-bf-map.jp/facility-info/detail?facility_id=1767,2018-03-28,1767,緊急通報装置あり / トイレ出入口形状=スライド,備考: 駐車台数15台 / トイレ備考: シャワー有 出入口幅66cm 小便器てすり有
47,沖縄県,47210,糸満市,,株式会社琉球バス交通糸満営業所,,,901-0361,沖縄県糸満市糸満2276-2,26.1288307,127.6635978,/,no,no,,,,,no,no,no,no,no,no,,,,,,,,,,,,yes,no,no,,,barrier_free_map,沖縄県バリアフリーマップ,http://okinawa-bf-map.jp/facility-info/detail?facility_id=1768,2025-04-18,1768,トイレ出入口形状=引戸,備考: 駐車場無し。
47,沖縄県,47210,糸満市,,たまき耳鼻咽喉科クリニック,,,901-0362,沖縄県糸満市真栄里1432-1,26.1207623,127.6714309,http://tamaki-jibika.jimdo.com/,yes,yes,,,,,yes,no,no,no,yes,yes,,,,,,,,,,,,no,no,no,,,barrier_free_map,沖縄県バリアフリーマップ,http://okinawa-bf-map.jp/facility-info/detail?facility_id=1769,2023-08-29,1769,緊急通報装置あり / トイレ出入口形状=スライド,備考: 駐車場収容台数 10台
47,沖縄県,47201,那覇市,,うるくそば,,,901-0151,沖縄県那覇市鏡原町10-11,26.2011719,127.6777828,http://www.onb.jp/shop/urukusoba/,no,no,,,,,no,no,no,no,no,no,,,,,,,,,,,,no,no,no,,,barrier_free_map,沖縄県バリアフリーマップ,http://okinawa-bf-map.jp/facility-info/detail?facility_id=1770,2015-09-10,1770,トイレ出入口形状=開き戸,特徴･注意点: 駐車場は平面で広く、スムーズに移動できる。店内の通路幅も広く、移動に問題なし。店内には幼児用の椅子もあり。 / 備考: 駐車場収容台数27台
47,沖縄県,47350,南風原町,,食菜館夢大陸南風原店,,,901-1116,沖縄県南風原町照屋301-18,26.182188,127.7255624,/,no,yes,,,,,no,no,no,no,no,no,,,,,,,,,,,,no,no,no,,,barrier_free_map,沖縄県バリアフリーマップ,http://okinawa-bf-map.jp/facility-info/detail?facility_id=1771,2015-09-10,1771,緊急通報装置あり / トイレ出入口形状=引戸,備考: 駐車台数40台
47,沖縄県,47210,糸満市,,沖縄県平和創造の森公園,,,901-0352,沖縄県糸満市山城373,26.0862848,127.6837418,/,no,yes,,,,,no,no,no,no,no,no,,,,,,,,,,,,no,no,no,,,barrier_free_map,沖縄県バリアフリーマップ,http://okinawa-bf-map.jp/facility-info/detail?facility_id=1772,2020-05-01,1772,緊急通報装置あり / トイレ出入口形状=スライド,備考: 駐車場収容台数 208台
47,沖縄県,47350,南風原町,,てるしのワークセンター,,,901-1104,沖縄県南風原町宮平206-1,26.1989656,127.7376473,http://www.okifukuren.org/publics/index/91/,no,yes,,,,,no,no,no,no,no,no,,,,,,,,,,,,no,no,no,,,barrier_free_map,沖縄県バリアフリーマップ,http://okinawa-bf-map.jp/facility-info/detail?facility_id=1774,2019-02-15,1774,トイレ出入口形状=スライド,備考: 駐車台数15台
47,沖縄県,47210,糸満市,,ローソン糸満真栄里団地前店,,,901-0362,沖縄県糸満市真栄里1845-1,26.1189096,127.66937,/,yes,yes,,,,,yes,no,no,yes,yes,no,,,,,,,,,,,,no,no,no,,,barrier_free_map,沖縄県バリアフリーマップ,http://okinawa-bf-map.jp/facility-info/detail?facility_id=1775,2015-09-10,1775,トイレ出入口形状=スライド,特徴･注意点: 店舗内にテーブルがあり、飲食が可能。 / 備考: 駐車場収容台数 10台 / トイレ備考: 男女共に車椅子対応。 男子小便器手すりあり。
47,沖縄県,47213,うるま市,,栄野比公園,,,904-2205,沖縄県うるま市栄野比1006-1,26.3893579,127.8341375,http://uruma-portal.okinawa/archives/180,yes,yes,,,,,no,no,no,no,no,yes,,,,,,,,,,,,no,no,no,,,barrier_free_map,沖縄県バリアフリーマップ,http://okinawa-bf-map.jp/facility-info/detail?facility_id=1776,2018-07-23,1776,緊急通報装置あり / トイレ出入口形状=スライド,特徴･注意点: 敷地、駐車場は栄野比地区学習等供用施設と併設。 / 備考: 駐車場は栄野比地区学習等供用施設と併設。
47,沖縄県,47350,南風原町,,エナジックスポーツワールドサザンヒル,,,901-1104,沖縄県南風原町宮平460-1,26.207703659798433,127.72815991097559,http://southern-hill.com/,no,yes,,,,,no,no,no,no,no,no,,,,,,,,,,,,no,no,no,,,barrier_free_map,沖縄県バリアフリーマップ,http://okinawa-bf-map.jp/facility-info/detail?facility_id=1777,2022-05-26,1777,緊急通報装置あり / トイレ出入口形状=スライド,備考: クレジットカードは3Fで使用可能 / 備考: 駐車台数260台 高さ制限あり（2.1ｍ） / トイレ備考: おむつ交換台あり（ボウリング場障害者用トイレに設置）
47,沖縄県,47201,那覇市,,おもろまちメディカルセンター,,,900-0011,沖縄県那覇市上之屋1-3-1,26.2273553,127.6886715,http://omoromachi-mc.jp,yes,yes,,,,,yes,no,yes,no,yes,no,,,,,,,,,,,,no,no,no,,,barrier_free_map,沖縄県バリアフリーマップ,http://okinawa-bf-map.jp/facility-info/detail?facility_id=1778,2010-05-01,1778,緊急通報装置あり / トイレ出入口形状=スライド,特徴･注意点: 福祉のまちづくり条例に準じた施設 / 備考: 駐車場収容台数180台 / トイレ備考: 洋式トイレの手すりは可動式 男子トイレ小便器にてすり有り
47,沖縄県,47210,糸満市,,平和の礎,,,901-0333,沖縄県糸満市摩文仁444,26.0951569,127.72361009999997,http://kouen.heiwa-irei-okinawa.jp/,no,yes,,,,,no,no,no,no,no,no,,,,,,,,,,,,no,yes,no,,,barrier_free_map,沖縄県バリアフリーマップ,http://okinawa-bf-map.jp/facility-info/detail?facility_id=1779,2019-09-09,1779,緊急通報装置あり / トイレ出入口形状=スライド,特徴･注意点: 事前連絡で車両乗り入れ可。 / 備考: 正式名称 財団法人沖縄県平和祈念財団 平和の礎 / 備考: 駐車場収容台数 約411台 駐車場、公園内共用。 案内所前の2台のみ屋根あり。他屋根無し。
47,沖縄県,47350,南風原町,,南風原町立北丘幼稚園,,,901-1104,沖縄県南風原町宮平336,26.200636,127.733911,/,no,no,,,,,no,no,no,no,no,no,,,,,,,,,,,,no,no,no,,,barrier_free_map,沖縄県バリアフリーマップ,http://okinawa-bf-map.jp/facility-info/detail?facility_id=1780,2018-09-18,1780,トイレ出入口形状=開き戸,備考: 駐車台数30台 / トイレ備考: 幼児トイレ・職員トイレ共に段差あり 開口幅も狭く、車イス利用不可
47,沖縄県,47201,那覇市,,お菓子の店ポルシェ国際通り牧志店,,,900-0013,沖縄県那覇市牧志3-1-8,26.2163566,127.6887669,/,no,,,,,,,no,no,no,no,no,,,,,,,,,,,,,no,no,,,barrier_free_map,沖縄県バリアフリーマップ,http://okinawa-bf-map.jp/facility-info/detail?facility_id=1781,2015-09-10,1781,,備考: 駐車場無し / トイレ備考: トイレ無し
47,沖縄県,47210,糸満市,,デイサービスセンターいとまん,,,901-0325,沖縄県糸満市大里927-2,26.1353227,127.6917431,/,no,yes,,,,,no,no,no,no,no,no,,,,,,,,,,,,no,no,no,,,barrier_free_map,沖縄県バリアフリーマップ,http://okinawa-bf-map.jp/facility-info/detail?facility_id=1782,2010-05-01,1782,緊急通報装置あり / トイレ出入口形状=引戸,備考: 正式名称 社会福祉法人 愛の園福祉会 特別養護老人ホームデイサービスセンターいとまん / 備考: 駐車場収容台数 26台
47,沖縄県,47350,南風原町,,北海鮮サザンヒル店,,,901-1104,沖縄県南風原町宮平460-1,26.2078673,127.7285837,/,no,yes,,,,,no,no,no,no,no,no,,,,,,,,,,,,no,no,no,,,barrier_free_map,沖縄県バリアフリーマップ,http://okinawa-bf-map.jp/facility-info/detail?facility_id=1783,2010-05-01,1783,緊急通報装置あり / トイレ出入口形状=スライド,備考: 駐車台数300台 / トイレ備考: 車イス利用可能トイレは1階にあり、北海鮮（3階）にはなし
47,沖縄県,47350,南風原町,,医療法人ネプロス 吉クリニック,,,901-1114,沖縄県南風原町神里495,26.1728767,127.7276776,http://www.yoshi-cl.jp/,no,yes,,,,,no,no,no,no,no,no,,,,,,,,,,,,no,no,no,,,barrier_free_map,沖縄県バリアフリーマップ,http://okinawa-bf-map.jp/facility-info/detail?facility_id=1784,2018-03-30,1784,緊急通報装置あり / トイレ出入口形状=スライド,特徴･注意点: 県の福祉まちづくり条例に準じての施設なので各所、車イスでの移動がスムーズ / 備考: 駐車場収容台数50台。 / トイレ備考: 洋式：高さ43cm
47,沖縄県,47213,うるま市,,ニトリ具志川店,,,904-2235,沖縄県うるま市前原354-2,26.3358942,127.8420049,http://www.nitori.co.jp/,yes,yes,,,,,yes,no,yes,no,yes,no,,,,,,,,,,,,yes,yes,yes,,,barrier_free_map,沖縄県バリアフリーマップ,http://okinawa-bf-map.jp/facility-info/detail?facility_id=1785,2018-08-14,1785,緊急通報装置あり / 着替え台あり / トイレ出入口形状=スライド,備考: 正式名称 株式会社ニトリ具志川店 / 備考: 駐車場収容台数 145台
47,沖縄県,47201,那覇市,,カラオケ ビッグエコー（那覇新都心店）,,,900-0011,沖縄県那覇市上之屋1-1-28,26.2289107,127.6902435,http://www.clubdam.com/be,yes,yes,,,,,no,no,no,no,yes,no,,,,,,,,,,,,yes,no,no,,,barrier_free_map,沖縄県バリアフリーマップ,http://okinawa-bf-map.jp/facility-info/detail?facility_id=1786,2015-09-10,1786,緊急通報装置あり / トイレ出入口形状=スライド,特徴･注意点: 身障者対応ルーム2室有り / 備考: 駐車場収容台数55台
47,沖縄県,47201,那覇市,,キッドハウス３号店,,,900-0013,沖縄県那覇市牧志2-6-2,26.217326,127.69051400000001,http://kidhouse.shop-pro.jp/,no,no,,,,,no,no,no,no,no,no,,,,,,,,,,,,yes,no,no,,,barrier_free_map,沖縄県バリアフリーマップ,http://okinawa-bf-map.jp/facility-info/detail?facility_id=1787,2018-01-04,1787,トイレ出入口形状=引戸,備考: 駐車場無し
47,沖縄県,47350,南風原町,,南部農業改良普及センター,,,901-1115,沖縄県南風原町山川517,26.1814424,127.7268577,http://www.pref.okinawa.jp/site/norin/nokai-nan/index.html,no,no,,,,,no,no,no,no,no,no,,,,,,,,,,,,yes,no,no,,,barrier_free_map,沖縄県バリアフリーマップ,http://okinawa-bf-map.jp/facility-info/detail?facility_id=1788,2018-09-19,1788,トイレ出入口形状=開き戸,備考: 駐車台数45台
47,沖縄県,47213,うるま市,,有限会社 在宅介護サービス ひまわり,,,904-2223,沖縄県うるま市具志川1345-1,26.345238600000002,127.87370237605751,http://www.happiness-himawari.com/,no,yes,,,,,yes,no,no,no,no,no,,,,,,,,,,,,no,no,no,,,barrier_free_map,沖縄県バリアフリーマップ,http://okinawa-bf-map.jp/facility-info/detail?facility_id=1789,2018-08-14,1789,緊急通報装置あり / トイレ出入口形状=スライド,備考: 駐車場収容台数 41台
47,沖縄県,47213,うるま市,,高齢者複合介護施設・美和ケアセンター,,,904-2225,沖縄県うるま市喜屋武672,26.35751063261183,127.84788183743444,http://sites.google.com/site/miwacarecenter/,no,yes,,,,,yes,no,no,no,no,no,,,,,,,,,,,,no,no,no,,,barrier_free_map,沖縄県バリアフリーマップ,http://okinawa-bf-map.jp/facility-info/detail?facility_id=1790,2018-07-10,1790,緊急通報装置あり / トイレ出入口形状=スライド,備考: 正式名称 有限会社美和コーポレーション 高齢者複合介護施設 美和ケアセンター / 備考: 駐車場収容台数 35台
47,沖縄県,47213,うるま市,,石川前原地区学習用供用施設 (石川前原区公民館),,,904-1111,沖縄県うるま市石川東恩納947-6,26.41175397382917,127.82197454047548,http://www.city.uruma.lg.jp/tiiki/156/1495/10502/10546,yes,yes,,,,,yes,no,no,no,yes,no,,,,,,,,,,,,no,no,yes,,,barrier_free_map,沖縄県バリアフリーマップ,http://okinawa-bf-map.jp/facility-info/detail?facility_id=1791,2018-08-14,1791,緊急通報装置あり / 着替え台あり / トイレ出入口形状=スライド,備考: 駐車場収容台数 6台
47,沖縄県,47201,那覇市,,コジマ那覇店,,,900-0003,沖縄県那覇市安謝664-5,26.2402845,127.6899621,/,yes,yes,,,,,yes,no,no,no,yes,yes,,,,,,,,,,,,no,yes,no,,,barrier_free_map,沖縄県バリアフリーマップ,http://okinawa-bf-map.jp/facility-info/detail?facility_id=1793,2015-09-10,1793,緊急通報装置あり / 着替え台あり / トイレ出入口形状=スライド,特徴･注意点: 雨天時の際にも車イスでの移動が可能である。売り場は2階、3階にあるがエレベータでの移動が出来る。 / 備考: 駐車場収容台数170台
47,沖縄県,47210,糸満市,,医療法人友愛会 南部病院,,,901-0362,沖縄県糸満市真栄里870,26.1123575,127.6709534,http://www.yuuai.or.jp,no,yes,,,,,no,no,no,no,no,no,,,,,,,,,,,,no,no,yes,,,barrier_free_map,沖縄県バリアフリーマップ,http://okinawa-bf-map.jp/facility-info/detail?facility_id=1794,2010-05-21,1794,緊急通報装置あり / トイレ出入口形状=ドア無し,特徴･注意点: 車椅子専用トイレ、一般トイレ共に手洗いの水洗いが手の不自由な方でも容易に利用できます。 / 備考: 駐車場収容台数 273台 / トイレ備考: ドアはアコーディオンカーテンになっていました。 便器の流しはセンサー式。
47,沖縄県,47350,南風原町,,南風原町立南風原文化センター,,,901-1113,沖縄県南風原町喜屋武257,26.1912441,127.7304651,http://www.town.haebaru.lg.jp/docs/2013022800327/,yes,yes,,,,,yes,no,yes,no,yes,no,,,,,,,,,,,,no,no,no,,,barrier_free_map,沖縄県バリアフリーマップ,http://okinawa-bf-map.jp/facility-info/detail?facility_id=1795,2022-09-27,1795,緊急通報装置あり / トイレ出入口形状=スライド,特徴･注意点: 施設全体がバリアフリー対応になっている / 備考: 駐車台数150台 / トイレ備考: 男子小便器手すりあり
47,沖縄県,47213,うるま市,,産科・婦人科名城病院,,,904-2245,沖縄県うるま市赤道１７４−６,26.3539977,127.8304276,http://www.nashiro.jp/,no,yes,,,,,yes,no,no,no,no,no,,,,,,,,,,,,no,yes,yes,,,barrier_free_map,沖縄県バリアフリーマップ,http://okinawa-bf-map.jp/facility-info/detail?facility_id=1796,2018-08-14,1796,緊急通報装置あり / トイレ出入口形状=引戸,
47,沖縄県,47350,南風原町,,南風原町役場,,,901-1195,沖縄県南風原町字兼城686,26.1911191,127.7285542,http://www.town.haebaru.lg.jp/?Open,no,yes,,,,,no,no,yes,no,no,no,,,,,,,,,,,,no,yes,no,,,barrier_free_map,沖縄県バリアフリーマップ,http://okinawa-bf-map.jp/facility-info/detail?facility_id=1797,2018-03-30,1797,緊急通報装置あり / トイレ出入口形状=スライド,備考: 駐車台数49台 / トイレ備考: 2階にオストメイトが設置してあり、2階を調査 地下1階にはトイレなし
47,沖縄県,47201,那覇市,,サンエーV２１はんたがわ食品館,,,902-0071,沖縄県那覇市繁多川2-17-15,26.2106914,127.7122044,http://www.san-a.co.jp,yes,yes,,,,,no,no,no,no,yes,yes,,,,,,,,,,,,no,no,no,,,barrier_free_map,沖縄県バリアフリーマップ,http://okinawa-bf-map.jp/facility-info/detail?facility_id=1798,2023-07-04,1798,トイレ出入口形状=スライド,備考: 運営 株式会社サンエー / 備考: 駐車場収容台数50台
47,沖縄県,47213,うるま市,,愛の里歯科診療所,,,904-2244,沖縄県うるま市江洲522-19,26.351662869324162,127.83025270251619,http://www.okisi.org/center/search-dental/search-dental_central/search-dental_uruma/999,no,yes,,,,,yes,no,no,no,no,no,,,,,,,,,,,,no,yes,no,,,barrier_free_map,沖縄県バリアフリーマップ,http://okinawa-bf-map.jp/facility-info/detail?facility_id=1799,2018-08-14,1799,トイレ出入口形状=スライド,備考: 駐車場収容台数 20台
47,沖縄県,47210,糸満市,,みつる保育園,,,901-0362,沖縄県糸満市真栄里2041-3,26.1209483,127.6701532,http://www.mitsuru88.jp/,no,yes,,,,,no,no,no,no,no,no,,,,,,,,,,,,no,yes,no,,,barrier_free_map,沖縄県バリアフリーマップ,http://okinawa-bf-map.jp/facility-info/detail?facility_id=1800,2019-11-14,1800,トイレ出入口形状=引戸,備考: 正式名称 社会福祉法人 大成福祉会 みつる保育園 / 備考: 駐車場収容台数 25台 車椅子・妊婦優先表示の他に、高齢者等優先表示あり。 / トイレ備考: ウォシュレットに点字表示あり。
47,沖縄県,47213,うるま市,,平良川整形外科,,,904-2225,沖縄県うるま市喜屋武169-5,26.36372017627315,127.84732620304112,http://www.heiaikai.com/seikeigeka.php,no,yes,,,,,no,no,no,no,no,no,,,,,,,,,,,,no,no,no,,,barrier_free_map,沖縄県バリアフリーマップ,http://okinawa-bf-map.jp/facility-info/detail?facility_id=1801,2018-08-15,1801,緊急通報装置あり / トイレ出入口形状=スライド,備考: 駐車場収容台数 20台
47,沖縄県,47213,うるま市,,平和病院,,,904-2222,沖縄県うるま市上江洲665,26.3592559,127.8595443,http://heiwahsp.ec-net.jp/~heiwahsp/hatujyusin.html,no,yes,,,,,yes,no,no,no,no,no,,,,,,,,,,,,no,no,no,,,barrier_free_map,沖縄県バリアフリーマップ,http://okinawa-bf-map.jp/facility-info/detail?facility_id=1802,2020-05-28,1802,緊急通報装置あり / トイレ出入口形状=スライド,備考: 正式名称 医療法人平和会 平和病院 診療受付時間 8：00～15：00 / 備考: 駐車場収容台数 30台
47,沖縄県,47350,南風原町,,サンエーつかざんシティ,,,901-1117,沖縄県南風原町津嘉山1471-2,26.190652,127.7098255,http://www.san-a.co.jp/store/506/,yes,yes,,,,,no,no,no,yes,yes,no,,,,,,,,,,,,no,yes,yes,,,barrier_free_map,沖縄県バリアフリーマップ,http://okinawa-bf-map.jp/facility-info/detail?facility_id=1803,2023-07-18,1803,緊急通報装置あり / トイレ出入口形状=スライド,備考: 駐車台数650台 / トイレ備考: 多目的トイレ2ヶ所あり
47,沖縄県,47213,うるま市,,ビオスの丘,,,904-1114,沖縄県うるま市石川嘉手苅961-30,26.42319570315456,127.79780067890897,http://www.bios-hill.co.jp,no,yes,,,,,no,no,no,no,no,no,,,,,,,,,,,,no,yes,no,,,barrier_free_map,沖縄県バリアフリーマップ,http://okinawa-bf-map.jp/facility-info/detail?facility_id=1804,2024-12-23,1804,トイレ出入口形状=スライド,備考: 一般車両130台／大型バス12台
47,沖縄県,47210,糸満市,,糸満市役所,,,901-0392,沖縄県糸満市潮崎1-1,26.1233384,127.6656845,http://www.city.itoman.lg.jp/,yes,yes,,,,,no,no,no,no,no,yes,,,,,,,,,,,,no,no,yes,,,barrier_free_map,沖縄県バリアフリーマップ,http://okinawa-bf-map.jp/facility-info/detail?facility_id=1805,2019-10-04,1805,緊急通報装置あり / トイレ出入口形状=スライド,備考: 身体障がい者用駐車場屋根あり（２台）屋根なし(２台)
47,沖縄県,47201,那覇市,,サンエー那覇メインプレイス,,,900-0006,沖縄県那覇市おもろまち4-4-9,26.225728,127.695174,http://www.san-a.co.jp,yes,yes,,,,,no,yes,yes,no,yes,yes,,,,,,,,,,,,no,yes,yes,,,barrier_free_map,沖縄県バリアフリーマップ,http://okinawa-bf-map.jp/facility-info/detail?facility_id=1806,2023-07-18,1806,緊急通報装置あり / トイレ出入口形状=スライド,備考: 運営 株式会社サンエー / 備考: 駐車場収容台数2500台 係員は1階身障者駐車場付近のみ / トイレ備考: トイレは自動ドア
47,沖縄県,47213,うるま市,,平敷屋地区コミュニティー供用施設 (平敷屋区自治会),,,904-2314,沖縄県うるま市勝連平敷屋4068,26.307037434104576,127.91558297102506,http://www.city.uruma.lg.jp/tiiki/156/1495/10503/10552,yes,yes,,,,,no,yes,no,no,yes,yes,,,,,,,,,,,,no,no,no,,,barrier_free_map,沖縄県バリアフリーマップ,http://okinawa-bf-map.jp/facility-info/detail?facility_id=1808,2018-08-15,1808,緊急通報装置あり / 着替え台あり / トイレ出入口形状=スライド,特徴･注意点: 地下に駐車場あり、車椅子は地下よりエレベータにて館内へ入館。 / 備考: 地下に駐車場あり、車椅子は地下よりエレベータにて館内へ入館。
47,沖縄県,47350,南風原町,,南風原町立中央公民館,,,901-1111,沖縄県南風原町兼城689,26.1908191,127.7287681,/,no,yes,,,,,no,no,no,no,no,no,,,,,,,,,,,,no,no,no,,,barrier_free_map,沖縄県バリアフリーマップ,http://okinawa-bf-map.jp/facility-info/detail?facility_id=1809,2020-04-10,1809,トイレ出入口形状=ドア無し,備考: 駐車台数45台 / トイレ備考: ドアなし アコーディオンカーテン
47,沖縄県,47350,南風原町,,宮城近隣公園,,,901-1102,沖縄県南風原町宮城242-3,26.2054845,127.741391,/,no,yes,,,,,no,no,no,no,no,no,,,,,,,,,,,,no,no,no,,,barrier_free_map,沖縄県バリアフリーマップ,http://okinawa-bf-map.jp/facility-info/detail?facility_id=1810,2018-09-21,1810,トイレ出入口形状=スライド,備考: 管理: 098-889-4412(まちづくり推進課) / 備考: 駐車台数6台
47,沖縄県,47210,糸満市,,糸満警察署,,,901-0305,沖縄県糸満市西崎1-4-2,26.1344442,127.6645476,http://www.police.pref.okinawa.jp,no,no,,,,,no,no,no,no,no,no,,,,,,,,,,,,yes,no,no,,,barrier_free_map,沖縄県バリアフリーマップ,http://okinawa-bf-map.jp/facility-info/detail?facility_id=1811,2010-05-01,1811,トイレ出入口形状=開き戸,備考: 駐車場収容台数 34台 / トイレ備考: 出入口段差5cm
47,沖縄県,47205,宜野湾市,,長田歯科医院,,,901-2212,沖縄県宜野湾市長田3-35-9,26.2610544,127.7637309,/,no,yes,,,,,no,no,no,no,no,no,,,,,,,,,,,,no,no,no,,,barrier_free_map,沖縄県バリアフリーマップ,http://okinawa-bf-map.jp/facility-info/detail?facility_id=1812,2018-06-07,1812,トイレ出入口形状=スライド,備考: 身体障がい者専用駐車場のマークは無いが、車椅子専用として使っています。 / トイレ備考: ・段差無し・手すり有り・呼び出し無し・入り口89cm
47,沖縄県,47201,那覇市,,サンエーＶ２１うえばる食品館,,,901-0145,沖縄県那覇市高良3-2-23,26.1908945,127.6598178,/,yes,no,,,,,no,no,no,no,no,yes,,,,,,,,,,,,yes,no,no,,,barrier_free_map,沖縄県バリアフリーマップ,http://okinawa-bf-map.jp/facility-info/detail?facility_id=1813,2023-06-15,1813,トイレ出入口形状=ドア無し,備考: 正式名称 株式会社サンエーV21うえばる食品館 / 備考: 駐車場収容台数60台
47,沖縄県,47350,南風原町,,沖縄県南部福祉保健所,,,901-1104,沖縄県南風原町宮平212,26.1994462,127.7388805,http://www.pref.okinawa.jp/site/kodomo/fukushi-nan/somu/nanbufukusihokenshokatudougaikyou.html,no,yes,,,,,no,no,no,no,no,no,,,,,,,,,,,,no,no,no,,,barrier_free_map,沖縄県バリアフリーマップ,http://okinawa-bf-map.jp/facility-info/detail?facility_id=1814,2018-04-02,1814,緊急通報装置あり / トイレ出入口形状=スライド,備考: 駐車場収容台数50台。 / トイレ備考: 洋式高さ45cm
47,沖縄県,47210,糸満市,,末日聖徒イエス・キリスト教会糸満支部,,,901-0302,沖縄県糸満市潮平767-25,26.148846,127.6723524,http://www.ldschurch.jp,yes,yes,,,,,yes,no,no,no,yes,yes,,,,,,,,,,,,no,no,no,,,barrier_free_map,沖縄県バリアフリーマップ,http://okinawa-bf-map.jp/facility-info/detail?facility_id=1815,2010-05-01,1815,トイレ出入口形状=スライド,備考: 駐車場収容台数 40台
47,沖縄県,47213,うるま市,,うるま市石川運動広場,,,904-1104,沖縄県うるま市石川石崎1-2,26.425682380068306,127.82861760604484,/,no,yes,,,,,no,no,no,no,no,no,,,,,,,,,,,,no,no,no,,,barrier_free_map,沖縄県バリアフリーマップ,http://okinawa-bf-map.jp/facility-info/detail?facility_id=1816,2020-04-03,1816,緊急通報装置あり / トイレ出入口形状=スライド,備考: 連絡先 うるま市役所うるま市教育委員会石川体育館 098-965-5121 / 備考: 駐車場収容台数 230台
47,沖縄県,47201,那覇市,,レクサス那覇,,,900-0005,沖縄県那覇市天久2-31-1,26.2348155,127.6865349,http://www.lexus.jp,yes,yes,,,,,no,no,no,yes,yes,yes,,,,,,,,,,,,no,no,no,,,barrier_free_map,沖縄県バリアフリーマップ,http://okinawa-bf-map.jp/facility-info/detail?facility_id=1817,2016-12-21,1817,緊急通報装置あり / トイレ出入口形状=スライド,備考: 駐車台数20台 係員の常駐については、来店時のみ
47,沖縄県,47350,南風原町,,沖縄県立総合精神保健福祉センター,,,901-1104,沖縄県南風原町宮平212-3,26.1993795,127.7381361,http://www.pref.okinawa.jp/site/hoken/seishinhoken/,no,yes,,,,,no,no,no,no,no,no,,,,,,,,,,,,no,no,no,,,barrier_free_map,沖縄県バリアフリーマップ,http://okinawa-bf-map.jp/facility-info/detail?facility_id=1818,2018-04-02,1818,トイレ出入口形状=スライド,備考: 駐車台数30台 / トイレ備考: 手すり可動
47,沖縄県,47213,うるま市,,うるま市石川屋内運動場,,,904-1104,沖縄県うるま市石川石崎1-6,26.4258848,127.8297423,http://www.sports-commission.okinawa/archives/search/0088,no,no,,,,,no,no,no,no,no,no,,,,,,,,,,,,no,no,no,,,barrier_free_map,沖縄県バリアフリーマップ,http://okinawa-bf-map.jp/facility-info/detail?facility_id=1820,2020-05-07,1820,トイレ出入口形状=引戸,備考: 正式名称 うるま市役所うるま市教育委員会うるま市石川屋内運動場 連絡先うるま市役所うるま市教育委員会石川体育館 098-965-5121 / 備考: 駐車場収容台数 320台
47,沖縄県,47213,うるま市,,うるま市石川体育館,,,904-1104,沖縄県うるま市石川石崎1-2,26.425574292207294,127.83037337923736,http://www.sports-commission.okinawa/archives/search/0066,no,yes,,,,,no,no,no,no,no,no,,,,,,,,,,,,no,no,no,,,barrier_free_map,沖縄県バリアフリーマップ,http://okinawa-bf-map.jp/facility-info/detail?facility_id=1821,2020-04-03,1821,トイレ出入口形状=スライド,備考: 駐車場収容台数 320台
47,沖縄県,47201,那覇市,,サンエーＶ２１じょうがく食品館,,,900-0023,沖縄県那覇市楚辺1-14-10,26.2068604,127.6852097,http://www.san-a.co.jp,yes,yes,,,,,yes,no,no,no,yes,yes,,,,,,,,,,,,no,yes,no,,,barrier_free_map,沖縄県バリアフリーマップ,http://okinawa-bf-map.jp/facility-info/detail?facility_id=1822,2023-06-15,1822,緊急通報装置あり / トイレ出入口形状=スライド,特徴･注意点: 店舗の通路が広く車イスでも利用しやすい。 トイレも車いす用トイレなので使用しやすい。 / 備考: 正式名称 株式会社サンエーＶ２１じょうがく食品館 / 備考: 駐車場収容台数60台
47,沖縄県,47350,南風原町,,津嘉山幼稚園,,,901-1117,沖縄県南風原町津嘉山684,26.184562,127.716537,/,no,yes,,,,,no,no,no,no,no,no,,,,,,,,,,,,no,no,no,,,barrier_free_map,沖縄県バリアフリーマップ,http://okinawa-bf-map.jp/facility-info/detail?facility_id=1823,2018-09-21,1823,トイレ出入口形状=スライド,備考: 駐車台数30台
47,沖縄県,47210,糸満市,,糸満市健康づくりセンター 願寿館,,,901-0305,沖縄県糸満市西崎町3-179,26.1460682,127.6656861,/,yes,yes,,,,,no,no,no,no,no,no,,,,,,,,,,,,no,no,no,,,barrier_free_map,沖縄県バリアフリーマップ,http://okinawa-bf-map.jp/facility-info/detail?facility_id=1824,2024-02-14,1824,トイレ出入口形状=スライド,"備考: 入場は無料だが、別途に教室参加料として100円/回～600円/回かかります。 また、施設を1,200円/ｈにて貸し出し / 備考: 駐車場収容台数 19台 / トイレ備考: 一般トイレ開口幅80cm以上あり"
47,沖縄県,47350,南風原町,,沖縄県立精和病院,,,901-1105,沖縄県南風原町新川260,26.207264500000008,127.72775049999996,http://www.hosp.pref.okinawa.jp/seiwa/,no,yes,,,,,yes,no,no,no,no,no,,,,,,,,,,,,no,no,no,,,barrier_free_map,沖縄県バリアフリーマップ,http://okinawa-bf-map.jp/facility-info/detail?facility_id=1825,2018-04-02,1825,トイレ出入口形状=ドア無し,備考: 駐車台数43台 / トイレ備考: ドアなし アコーディオンカーテン
47,沖縄県,47213,うるま市,,石川市民会館,,,904-1104,沖縄県うるま市石川石崎1-1,26.4273346,127.8296978,/,no,yes,,,,,no,no,no,no,no,no,,,,,,,,,,,,no,no,no,,,barrier_free_map,沖縄県バリアフリーマップ,http://okinawa-bf-map.jp/facility-info/detail?facility_id=1826,2010-05-01,1826,トイレ出入口形状=スライド,備考: 駐車場収容台数 320台
47,沖縄県,47350,南風原町,,翔南幼稚園,,,901-1113,沖縄県南風原町喜屋武381,26.1844687165387,127.7297664416642,/,no,no,,,,,no,no,no,no,no,no,,,,,,,,,,,,yes,no,no,,,barrier_free_map,沖縄県バリアフリーマップ,http://okinawa-bf-map.jp/facility-info/detail?facility_id=1827,2018-09-21,1827,トイレ出入口形状=開き戸,備考: 駐車場収容台数10台。 / トイレ備考: 幼児・職員用トイレ共に段差あり 開口幅も狭い為、車イス利用不可
47,沖縄県,47210,糸満市,,タウンプラザかねひで いちゅまん市場,,,901-0303,沖縄県糸満市兼城400,26.141471232320505,127.67244991998349,http://kanehideshj.com/,no,yes,,,,,yes,no,no,no,yes,yes,,,,,,,,,,,,no,no,no,,,barrier_free_map,沖縄県バリアフリーマップ,http://okinawa-bf-map.jp/facility-info/detail?facility_id=1828,2024-04-29,1828,緊急通報装置あり / トイレ出入口形状=スライド,
47,沖縄県,47213,うるま市,,エナジックスタジアム石川（石川野球場）,,,904-1104,沖縄県うるま市石川石崎1,26.425402055063312,127.8290502214264,http://www.city.uruma.lg.jp/culture/144/740,no,yes,,,,,no,no,no,no,no,no,,,,,,,,,,,,no,no,no,,,barrier_free_map,沖縄県バリアフリーマップ,http://okinawa-bf-map.jp/facility-info/detail?facility_id=1829,2020-04-03,1829,緊急通報装置あり / トイレ出入口形状=スライド,備考: 連絡先：うるま市役所うるま市教育委員会石川体育館 098-965-5121 / 備考: 駐車場台数 320台
47,沖縄県,47212,豊見城市,,イオンタウン豊見城,,,901-0234,沖縄県豊見城市田頭155-1,26.1755072,127.6624743,/,yes,yes,,,,,no,yes,no,no,yes,yes,,,,,,,,,,,,no,no,no,,,barrier_free_map,沖縄県バリアフリーマップ,http://okinawa-bf-map.jp/facility-info/detail?facility_id=1830,2015-09-10,1830,緊急通報装置あり / 着替え台あり / トイレ出入口形状=スライド,備考: 正式名称 琉球ジャスコ株式会社イオンタウン豊見城 / 備考: 駐車場収容台数600台
47,沖縄県,47350,南風原町,,黄金森公園陸上競技場・野球場,,,901-1104,沖縄県南風原町宮平718-1,26.1886333,127.7328623,http://www.town.haebaru.lg.jp/kankou/docs-kankou/2013030500523/,no,yes,,,,,no,no,no,no,no,no,,,,,,,,,,,,no,no,no,,,barrier_free_map,沖縄県バリアフリーマップ,http://okinawa-bf-map.jp/facility-info/detail?facility_id=1831,2018-04-02,1831,緊急通報装置あり / トイレ出入口形状=スライド,備考: 駐車台数140台 距離 競技場まで10M 野球場まで30M
47,沖縄県,47210,糸満市,,沖縄海邦銀行糸満支店,,,901-0361,沖縄県糸満市糸満928,26.1291587,127.6719112,http://www.kaiho-bank.co.jp,no,yes,,,,,no,no,no,no,no,no,,,,,,,,,,,,no,no,no,,,barrier_free_map,沖縄県バリアフリーマップ,http://okinawa-bf-map.jp/facility-info/detail?facility_id=1832,2019-09-09,1832,緊急通報装置あり / トイレ出入口形状=スライド,備考: 正式名称 株式会社沖海邦銀行糸満支店 / 備考: 駐車場収容台数 15台
47,沖縄県,47350,南風原町,,かねぐすく保育園,,,901-1105,沖縄県南風原町新川160,26.2019178,127.727573,http://www.kosodate-web.com/kanegusuku/,no,yes,,,,,no,no,no,no,no,no,,,,,,,,,,,,no,no,yes,,yes,barrier_free_map,沖縄県バリアフリーマップ,http://okinawa-bf-map.jp/facility-info/detail?facility_id=1833,2022-01-14,1833,トイレ出入口形状=スライド,特徴･注意点: 福祉まちづくり条例に準じた施設 / 備考: 駐車台数20台
47,沖縄県,47350,南風原町,,はえばる日の出園デイサービスセンター,,,,〒 901-110 / 沖縄県南風原町沖縄県南風原字新川501 / アザレ沖縄本舗,26.2140916,127.7271215,/,no,yes,,,,,yes,no,no,no,no,no,,,,,,,,,,,,no,no,no,,,barrier_free_map,沖縄県バリアフリーマップ,http://okinawa-bf-map.jp/facility-info/detail?facility_id=1834,2022-03-31,1834,トイレ出入口形状=スライド,備考: 駐車台数約6台
47,沖縄県,47201,那覇市,,沖縄銀行新都心支店,,,900-0005,沖縄県那覇市天久1-1-32,26.2290642,127.6914083,http://www.okinawa-bank.co.jp/,yes,yes,,,,,yes,no,no,yes,yes,yes,,,,,,,,,,,,no,no,no,,,barrier_free_map,沖縄県バリアフリーマップ,http://okinawa-bf-map.jp/facility-info/detail?facility_id=1835,2016-12-20,1835,緊急通報装置あり / トイレ出入口形状=スライド,備考: 駐車場収容台数60台（銀行上の2階駐車場台数）りゅうぼう楽市全体の駐車場を含めると何百台となる。
47,沖縄県,47210,糸満市,,サンエーしおざきシティ,,,901-0364,沖縄県糸満市潮崎2-2,26.1240405,127.6677627,http://www.san-a.co.jp,yes,yes,,,,,yes,yes,yes,yes,yes,yes,,,,,,,,,,,,no,yes,yes,,,barrier_free_map,沖縄県バリアフリーマップ,http://okinawa-bf-map.jp/facility-info/detail?facility_id=1836,2023-07-18,1836,緊急通報装置あり / 着替え台あり / トイレ出入口形状=スライド,特徴･注意点: 一般女子トイレに児童用小便器あり。 着替え台、ベビーチェア、ベビーベッドは一般トイレにあり。 / 備考: 正式名称 株式会社サンエーしおざきシティ / 備考: 駐車場収容台数 850台
47,沖縄県,47350,南風原町,,はえばる耳鼻咽喉科,,,901-1111,沖縄県南風原町新川１６３,26.20325380000002,127.72728298650816,http://nttbj.itp.ne.jp/0988882233/index.html,yes,yes,,,,,no,no,no,no,yes,yes,,,,,,,,,,,,no,no,yes,,,barrier_free_map,沖縄県バリアフリーマップ,http://okinawa-bf-map.jp/facility-info/detail?facility_id=1837,2018-09-24,1837,緊急通報装置あり / トイレ出入口形状=スライド,特徴･注意点: 車イスだけでなく視覚・聴覚障害の方にも配慮された施設 / 備考: 予約 ※土曜は7～10月は17時まで、11～6月は19時まで / 備考: 駐車台数22台
47,沖縄県,47350,南風原町,,みやひら寮（グループホーム）,,,901-1104,沖縄県南風原町宮平546-8,26.2011124,127.7310589,/,no,no,,,,,no,no,no,no,no,no,,,,,,,,,,,,,no,no,,,barrier_free_map,沖縄県バリアフリーマップ,http://okinawa-bf-map.jp/facility-info/detail?facility_id=1838,2018-09-26,1838,,備考: 問い合わせ098-889-2856 沖縄中央育成園生活支援センター / 備考: 駐車台数20台
47,沖縄県,47201,那覇市,,那覇市中心商店街にぎわい広場,,,900-0014,沖縄県那覇市松尾2-7-10,26.2147345,127.687245,/,yes,yes,,,,,no,no,yes,no,yes,yes,,,,,,,,,,,,no,no,no,,,barrier_free_map,沖縄県バリアフリーマップ,http://okinawa-bf-map.jp/facility-info/detail?facility_id=1839,2016-12-13,1839,緊急通報装置あり / 着替え台あり / トイレ出入口形状=スライド,
47,沖縄県,47210,糸満市,,サザンビーチホテル＆リゾート沖縄,,,901-0306,沖縄県糸満市西崎1－6－1,26.1321187,127.6528814,http://www.southernbeach-okinawa.com,yes,yes,,,,,yes,no,yes,no,yes,yes,,,,,,,,,,,,no,yes,no,,yes,barrier_free_map,沖縄県バリアフリーマップ,http://okinawa-bf-map.jp/facility-info/detail?facility_id=1840,2023-08-17,1840,緊急通報装置あり / 着替え台あり / トイレ出入口形状=スライド,特徴･注意点: バリアフリールーム6室 / 備考: 駐車場収容台数 500台 / トイレ備考: オストメイトあり。簡易オストメイト無し。 開口幅80㎝以上。
47,沖縄県,47213,うるま市,,与那城総合公園（陸上競技場）,,,904-2305,沖縄県うるま市与那城中央5,26.328555,127.906182,http://www.sports-commission.okinawa/archives/search/0064,no,yes,,,,,no,no,no,no,no,no,,,,,,,,,,,,no,no,no,,,barrier_free_map,沖縄県バリアフリーマップ,http://okinawa-bf-map.jp/facility-info/detail?facility_id=1841,2020-04-06,1841,トイレ出入口形状=スライド,備考: 駐車場収容台数 609台
47,沖縄県,47213,うるま市,,親田原公園,,,904-1106,沖縄県うるま市石川１丁目３８,26.431495782339425,127.82456514162595,http://uruma-portal.okinawa/archives/223,no,yes,,,,,no,no,no,no,no,no,,,,,,,,,,,,no,no,no,,,barrier_free_map,沖縄県バリアフリーマップ,http://okinawa-bf-map.jp/facility-info/detail?facility_id=1842,2018-08-16,1842,トイレ出入口形状=スライド,備考: 電話番号はうるま市役所の番号です / 備考: 駐車場収容台数 2台
47,沖縄県,47201,那覇市,,若水クリニック,,,900-0005,沖縄県那覇市天久1-7-8,26.2306744,127.691446,/,yes,yes,,,,,no,no,no,no,yes,yes,,,,,,,,,,,,no,no,no,,,barrier_free_map,沖縄県バリアフリーマップ,http://okinawa-bf-map.jp/facility-info/detail?facility_id=1843,2023-06-15,1843,緊急通報装置あり / トイレ出入口形状=スライド,備考: 駐車場収容台数13台
47,沖縄県,47210,糸満市,,みなみしまクリニック,,,901-0302,沖縄県糸満市潮平787-17,26.1509708,127.671433,/,yes,yes,,,,,yes,no,no,no,yes,yes,,,,,,,,,,,,no,no,no,,,barrier_free_map,沖縄県バリアフリーマップ,http://okinawa-bf-map.jp/facility-info/detail?facility_id=1844,2010-05-01,1844,緊急通報装置あり / トイレ出入口形状=スライド,備考: 駐車場収容台数 35台 / トイレ備考: 小便器手すりあり。
47,沖縄県,47350,南風原町,,アンチエイジング医療センター,,,901-1192,沖縄県南風原町字宮平212 / 沖縄県南部保健所,26.1987642,127.738634,http://www.ganjuu.or.jp/index.jsp,yes,yes,,,,,yes,no,no,no,no,no,,,,,,,,,,,,no,no,no,,no,barrier_free_map,沖縄県バリアフリーマップ,http://okinawa-bf-map.jp/facility-info/detail?facility_id=1845,2022-07-04,1845,緊急通報装置あり / トイレ出入口形状=スライド,備考: 沖縄県島尻郡南風原町字宮平212 / 備考: 駐車台数100 午前中のみ係員がいます
47,沖縄県,47213,うるま市,,与那城総合公園（多種目球技場）,,,904-2305,沖縄県うるま市与那城中央5,26.329638549493882,127.90386996126921,http://waka77.fc2web.com/studium/47okinawa/53yonashiro_tasyumoku.htm,no,yes,,,,,no,no,no,no,no,no,,,,,,,,,,,,no,no,no,,,barrier_free_map,沖縄県バリアフリーマップ,http://okinawa-bf-map.jp/facility-info/detail?facility_id=1846,2020-04-22,1846,トイレ出入口形状=スライド,備考: うるま市与那城総合公園の番号です。 / 備考: 駐車場台数609台 / トイレ備考: 車椅子トイレ3箇所にあり。
47,沖縄県,47210,糸満市,,am皮膚科クリニック,,,901-0302,沖縄県糸満市潮平787-5,26.1506792,127.6713552,/,yes,yes,,,,,yes,no,no,no,yes,yes,,,,,,,,,,,,no,no,no,,,barrier_free_map,沖縄県バリアフリーマップ,http://okinawa-bf-map.jp/facility-info/detail?facility_id=1848,2023-01-11,1848,緊急通報装置あり / トイレ出入口形状=スライド,特徴･注意点: 情報公開可。紹介コメント不可。 / 備考: 駐車場収容台数 35台
47,沖縄県,47213,うるま市,,西原区学習等供用施設 (西原区事務所),,,904-2204,沖縄県うるま市西原467,26.375979825452855,127.84553677063901,/,no,no,,,,,no,no,no,no,no,no,,,,,,,,,,,,yes,no,no,,,barrier_free_map,沖縄県バリアフリーマップ,http://okinawa-bf-map.jp/facility-info/detail?facility_id=1849,2019-01-29,1849,トイレ出入口形状=引戸,
47,沖縄県,47350,南風原町,,サザンプレックス,,,901-1102,沖縄県南風原町宮城371-1,26.203626200000006,127.73595688095088,http://www.startheaters.jp/southernplex/,yes,yes,,,,,yes,no,no,no,yes,no,,,,,,,,,,,,no,no,no,,,barrier_free_map,沖縄県バリアフリーマップ,http://okinawa-bf-map.jp/facility-info/detail?facility_id=1851,2018-04-03,1851,緊急通報装置あり / トイレ出入口形状=スライド,備考: 駐車台数200台
47,沖縄県,47350,南風原町,,ニトリ南風原店,,,901-1111,沖縄県南風原町兼城573,26.19578,127.722312,http://www.nitori-net.jp/store/ja,yes,yes,,,,,no,no,yes,yes,yes,yes,,,,,,,,,,,,no,yes,yes,,,barrier_free_map,沖縄県バリアフリーマップ,http://okinawa-bf-map.jp/facility-info/detail?facility_id=1852,2018-04-03,1852,緊急通報装置あり / トイレ出入口形状=スライド,備考: 駐車台数約150台 係員（土日のみ）
47,沖縄県,47201,那覇市,,那覇第2地方合同庁舎 庁舎管理部署,,,900-0006,沖縄県那覇市おもろまち2-1-1,26.2271776,127.6911686,/,yes,yes,,,,,yes,no,yes,yes,yes,yes,,,,,,,,,,,,yes,no,yes,,,barrier_free_map,沖縄県バリアフリーマップ,http://okinawa-bf-map.jp/facility-info/detail?facility_id=1853,2016-12-27,1853,緊急通報装置あり / トイレ出入口形状=スライド,特徴･注意点: 庁舎内に書店、食堂有り。 / 備考: 駐車場収容台数162台
47,沖縄県,47350,南風原町,,ファミリーハウスがじゅまるの家,,,901-1105,沖縄県南風原町新川272-16,26.2062701,127.7255452,http://gajyumarunoie.com/,yes,yes,,,,,no,no,no,no,yes,yes,,,,,,,,,,,,no,yes,no,,,barrier_free_map,沖縄県バリアフリーマップ,http://okinawa-bf-map.jp/facility-info/detail?facility_id=1854,2018-09-24,1854,緊急通報装置あり / トイレ出入口形状=スライド,特徴･注意点: 利用できる方 離島や遠方から県立こども医療センター等に入院・通院する病児とその家族 / 備考: 利用受付時間 09:00~20:00 / 備考: 駐車台数16台 / トイレ備考: 多目的トイレと併設して浴室もあり（段差なし）
47,沖縄県,47350,南風原町,,ベイシティ名宝南風原店,,,901-1111,沖縄県南風原町兼城595,26.1957323,127.7230155,http://www.p-world.co.jp/okinawa/hanamaru-haebaru.htm,yes,yes,,,,,no,no,no,no,yes,no,,,,,,,,,,,,no,no,no,,,barrier_free_map,沖縄県バリアフリーマップ,http://okinawa-bf-map.jp/facility-info/detail?facility_id=1856,2018-09-24,1856,緊急通報装置あり / トイレ出入口形状=スライド,備考: 駐車台数350台
47,沖縄県,47215,南城市,,おきなわワールド,,,901-0616,沖縄県南城市沖縄県南城玉城字前川1336番地,26.140200909434835,127.74826079030967,http://www.gyokusendo.co.jp/okinawaworld/,yes,yes,,,,,yes,no,no,no,yes,yes,,,,,,,,,,,,no,yes,yes,,no,barrier_free_map,沖縄県バリアフリーマップ,http://okinawa-bf-map.jp/facility-info/detail?facility_id=1857,2026-06-19,1857,トイレ出入口形状=スライド,備考: ショー公演時間 ・スーパーエイサー(ショー会場）：約30分 [10:30/12:30/14:30］ ・ハブとマングースのショー（ショー会場）：約20分 [11:30/13:30/15:30] / 備考: 駐車場収容台数 400台 身体障がい者用駐車場から店内までの距離 約100m / トイレ備考: ・温水洗浄便座は一部のみ ・洋式トイレ・和式トイレは、各トイレの室数によって室数がことなります。 ・トイレ出入口形状は、車いす専用トイレのみスライド式になっております。 一般トイレ段差 段差なし 開口幅80cm以上 なし
47,沖縄県,47201,那覇市,,小規模多機能型ホーム 三原,,,902-0063,沖縄県那覇市三原2-8-10,26.2119159,127.7023107,/,no,yes,,,,,yes,no,no,no,no,no,,,,,,,,,,,,no,no,no,,,barrier_free_map,沖縄県バリアフリーマップ,http://okinawa-bf-map.jp/facility-info/detail?facility_id=1858,2010-05-01,1858,緊急通報装置あり / トイレ出入口形状=開き戸,備考: 駐車場収容台数13台
47,沖縄県,47213,うるま市,,世界遺産勝連城跡休憩所,,,904-2311,沖縄県うるま市勝連南風原3908,26.3309485,127.881184,http://www.katsuren-jo.jp/,yes,yes,,,,,yes,no,no,no,yes,yes,,,,,,,,,,,,no,no,no,,,barrier_free_map,沖縄県バリアフリーマップ,http://okinawa-bf-map.jp/facility-info/detail?facility_id=1859,2018-08-16,1859,緊急通報装置あり / 着替え台あり / トイレ出入口形状=スライド,備考: 駐車場台数47台 / トイレ備考: トイレで入り口は、引き戸とスライドの２つあります。
47,沖縄県,47212,豊見城市,,豊見城総合公園陸上競技場,,,901-0212,沖縄県豊見城市平良536,26.174184,127.6919593,/,no,yes,,,,,no,no,no,no,no,no,,,,,,,,,,,,yes,no,no,,,barrier_free_map,沖縄県バリアフリーマップ,http://okinawa-bf-map.jp/facility-info/detail?facility_id=1860,2020-05-13,1860,トイレ出入口形状=スライド,備考: 駐車場収容台数 300台
47,沖縄県,47213,うるま市,,栄野比地区学習等供用施設 (栄野比自治会),,,904-2205,沖縄県うるま市栄野比357-2,26.3898884,127.8334764,http://www.city.uruma.lg.jp/tiiki/156/1495/10499/10510,yes,yes,,,,,no,no,no,no,yes,no,,,,,,,,,,,,no,yes,yes,,,barrier_free_map,沖縄県バリアフリーマップ,http://okinawa-bf-map.jp/facility-info/detail?facility_id=1861,2018-08-16,1861,緊急通報装置あり / 着替え台あり / トイレ出入口形状=スライド,備考: 駐車場台数 6台
47,沖縄県,47350,南風原町,,ROUND1沖縄・南風原店,,,901-1111,沖縄県南風原町兼城552,26.1954377,127.7215439,http://www.round1.co.jp/shop/tenpo/okinawa-haebaru.html,yes,yes,,,,,no,no,yes,no,yes,yes,,,,,,,,,,,,no,no,no,,,barrier_free_map,沖縄県バリアフリーマップ,http://okinawa-bf-map.jp/facility-info/detail?facility_id=1862,2021-03-17,1862,緊急通報装置あり / トイレ出入口形状=スライド,備考: 駐車台数230台
47,沖縄県,47201,那覇市,,GRGホテル那覇東町,,,900-0034,沖縄県那覇市東6-16,26.2136816,127.6752015,http://www.grghotelnaha-h.com/,yes,yes,,,,,yes,no,no,no,yes,no,,,,,,,,,,,,no,yes,no,,,barrier_free_map,沖縄県バリアフリーマップ,http://okinawa-bf-map.jp/facility-info/detail?facility_id=1863,2018-12-24,1863,緊急通報装置あり / トイレ出入口形状=スライド,備考: 駐車場収容台数38台
47,沖縄県,47213,うるま市,,ゆがふ通所介護事業所,,,904-2202,沖縄県うるま市天願1508-1,26.3923496,127.8528,/,no,no,,,,,no,no,no,no,no,no,,,,,,,,,,,,no,no,no,,,barrier_free_map,沖縄県バリアフリーマップ,http://okinawa-bf-map.jp/facility-info/detail?facility_id=1864,2018-08-16,1864,緊急通報装置あり / トイレ出入口形状=引戸,備考: 駐車場収容台数 6台
47,沖縄県,47212,豊見城市,,豊見城総合公園水泳プール,,,901-0211,沖縄県豊見城市饒波959-2,26.1745534,127.6929231,/,no,yes,,,,,no,no,no,no,no,no,,,,,,,,,,,,no,no,no,,,barrier_free_map,沖縄県バリアフリーマップ,http://okinawa-bf-map.jp/facility-info/detail?facility_id=1865,2020-05-13,1865,トイレ出入口形状=スライド,備考: 駐車場収容台数 300台 豊見城総合公園陸上競技場と共用。
47,沖縄県,47350,南風原町,,介護支援センターとき,,,901-1104,沖縄県南風原町宮平426-19,26.205703600000017,127.73032539999997,http://www.toki-kaigo.com/,no,yes,,,,,yes,no,no,no,no,no,,,,,,,,,,,,no,no,no,,,barrier_free_map,沖縄県バリアフリーマップ,http://okinawa-bf-map.jp/facility-info/detail?facility_id=1866,2022-05-13,1866,緊急通報装置あり / トイレ出入口形状=スライド,備考: 駐車台数15台
47,沖縄県,47201,那覇市,,渡保育園,,,903-0815,沖縄県那覇市首里金城町2-71,26.2150661,127.7137984,/,no,yes,,,,,yes,no,no,no,no,no,,,,,,,,,,,,no,no,no,,,barrier_free_map,沖縄県バリアフリーマップ,http://okinawa-bf-map.jp/facility-info/detail?facility_id=1867,2010-05-08,1867,緊急通報装置あり / トイレ出入口形状=スライド,備考: 駐車場収容台数3台
47,沖縄県,47213,うるま市,,地域密着型介護施設 平愛の里,,,904-2225,沖縄県うるま市喜屋武626-5,26.35869825113299,127.84629855169067,http://www.heiaikai.com/kyotaku.php,no,yes,,,,,yes,no,no,no,no,no,,,,,,,,,,,,no,no,no,,,barrier_free_map,沖縄県バリアフリーマップ,http://okinawa-bf-map.jp/facility-info/detail?facility_id=1868,2018-08-16,1868,緊急通報装置あり / トイレ出入口形状=スライド,
47,沖縄県,47350,南風原町,,比嘉胃腸科内科,,,901-1116,沖縄県南風原町照屋362,26.1854365,127.7272763,http://nttpj.itp.ne.jp/0988827001,no,yes,,,,,yes,no,no,no,no,no,,,,,,,,,,,,no,no,no,,,barrier_free_map,沖縄県バリアフリーマップ,http://okinawa-bf-map.jp/facility-info/detail?facility_id=1869,2010-05-01,1869,緊急通報装置あり / トイレ出入口形状=スライド,備考: 駐車台数18台 / トイレ備考: 小便器手すりあり 洋式高さ43cm
47,沖縄県,47212,豊見城市,,豊見城総合公園庭球場,,,901-0211,沖縄県豊見城市饒波959-2,26.174184,127.6919593,/,no,yes,,,,,no,no,no,no,no,no,,,,,,,,,,,,no,no,no,,,barrier_free_map,沖縄県バリアフリーマップ,http://okinawa-bf-map.jp/facility-info/detail?facility_id=1870,2020-05-13,1870,トイレ出入口形状=スライド,備考: 駐車場収容台数 300台 豊見城総合公園陸上競技場と共用。
47,沖縄県,47201,那覇市,,ホテルルートイン那覇泉崎,,,900-0021,沖縄県那覇市泉崎1-19-12,26.21078467724044,127.67847194603269,http://www.route-inn.co.jp,yes,yes,,,,,yes,no,no,no,no,no,,,,,,,,,,,,no,no,no,,,barrier_free_map,沖縄県バリアフリーマップ,http://okinawa-bf-map.jp/facility-info/detail?facility_id=1871,2010-05-11,1871,トイレ出入口形状=開き戸,備考: 駐車場収容台数30台 係員への呼び鈴はフロント側のみ。裏側駐車場にはなし。 / トイレ備考: 便座高さ45cm
47,沖縄県,47213,うるま市,,ザ・ビッグ田場店,,,904-2213,沖縄県うるま市田場1953-1,26.37104807260009,127.85976181481928,http://www.aeon-ryukyu.jp/store/thebig/taba/,yes,yes,,,,,no,no,no,no,yes,no,,,,,,,,,,,,yes,yes,yes,,,barrier_free_map,沖縄県バリアフリーマップ,http://okinawa-bf-map.jp/facility-info/detail?facility_id=1872,2018-08-17,1872,緊急通報装置あり / 着替え台あり / トイレ出入口形状=スライド,備考: 駐車場台数 114台
47,沖縄県,47212,豊見城市,,豊崎総合公園,,,901-0225,沖縄県豊見城市豊崎5-1,26.1589973,127.6569557,/,yes,yes,,,,,no,no,no,no,yes,yes,,,,,,,,,,,,no,no,no,,,barrier_free_map,沖縄県バリアフリーマップ,http://okinawa-bf-map.jp/facility-info/detail?facility_id=1873,2019-10-31,1873,緊急通報装置あり / トイレ出入口形状=スライド,備考: 駐車場収容台数 100台
47,沖縄県,47201,那覇市,,おおうらクリニック,,,901-0145,沖縄県那覇市高良3-5-22,26.1904918,127.6596401,/,yes,yes,,,,,yes,no,no,no,yes,no,,,,,,,,,,,,no,no,no,,,barrier_free_map,沖縄県バリアフリーマップ,http://okinawa-bf-map.jp/facility-info/detail?facility_id=1874,2010-05-01,1874,緊急通報装置あり / トイレ出入口形状=スライド,備考: 駐車場収容台数17台
47,沖縄県,47350,南風原町,,沖縄小児保健センター,,,901-1105,沖縄県南風原町新川218-11 / 保健センター,26.2062701,127.7255452,http://www.osh.or.jp/,yes,yes,,,,,yes,no,no,no,yes,no,,,,,,,,,,,,no,no,no,,,barrier_free_map,沖縄県バリアフリーマップ,http://okinawa-bf-map.jp/facility-info/detail?facility_id=1875,2018-04-05,1875,緊急通報装置あり / トイレ出入口形状=スライド,特徴･注意点: 施設全体がバリアフリー対応加えて小児対応でもある / 備考: 駐車台数67台
47,沖縄県,47350,南風原町,,沖縄県立南部医療センター・こども医療センター,,,901-1105,沖縄県南風原町新川118-1,26.204398,127.72371769999995,http://www.hosp.pref.okinawa.jp/nanbu/index.html,yes,yes,,,,,yes,yes,yes,yes,no,no,,,,,,,,,,,,no,yes,yes,,,barrier_free_map,沖縄県バリアフリーマップ,http://okinawa-bf-map.jp/facility-info/detail?facility_id=1876,2018-09-24,1876,緊急通報装置あり / 着替え台あり / トイレ出入口形状=自動ドア,特徴･注意点: 出入口付近・受付付近等、職員の数が充実しており、初来院でも安心して利用できます。 / 備考: 駐車場収容台数 595台
47,沖縄県,47350,南風原町,,環境の杜ふれあい,,,901-1105,沖縄県南風原町新川588,26.2142111,127.7285778,http://www.kankyo-mori.jp,yes,yes,,,,,yes,yes,yes,no,no,yes,,,,,,,,,,,,no,no,no,,,barrier_free_map,沖縄県バリアフリーマップ,http://okinawa-bf-map.jp/facility-info/detail?facility_id=1877,2020-05-05,1877,緊急通報装置あり / トイレ出入口形状=スライド,備考: 駐車場収容台数 72台
47,沖縄県,47201,那覇市,,東横イン那覇新都心おもろまち,,,900-0006,沖縄県那覇市おもろまち1-2-27,26.2253113,127.6937408,http://www.toyoko-inn.com,yes,yes,,,,,yes,no,no,no,yes,yes,,,,,,,,,,,,no,no,no,,,barrier_free_map,沖縄県バリアフリーマップ,http://okinawa-bf-map.jp/facility-info/detail?facility_id=1878,2015-09-10,1878,緊急通報装置あり / トイレ出入口形状=スライド,備考: 駐車場収容台数立体60台、平面4台
47,沖縄県,47350,南風原町,,社会福祉法人 みつわ福祉会 みつわ保育園,,,901-1113,沖縄県南風原町喜屋武416-2,26.1828034,127.7318933,http://mitsuwa.rdy.jp/,no,yes,,,,,no,no,no,no,no,no,,,,,,,,,,,,no,no,no,,,barrier_free_map,沖縄県バリアフリーマップ,http://okinawa-bf-map.jp/facility-info/detail?facility_id=1879,2018-04-05,1879,トイレ出入口形状=スライド,備考: 駐車場収容台数 40台
47,沖縄県,47201,那覇市,,沖縄銀行与儀支店,,,900-0022,沖縄県那覇市那覇字与儀317番地,26.203229145721966,127.69230341842002,http://www.okinawa-bank.co.jp,no,no,,,,,no,no,no,yes,no,yes,,,,,,,,,,,,yes,no,no,,,barrier_free_map,沖縄県バリアフリーマップ,http://okinawa-bf-map.jp/facility-info/detail?facility_id=1880,2023-06-05,1880,緊急通報装置あり / トイレ出入口形状=開き戸,
47,沖縄県,47350,南風原町,,花・水・緑の大回廊公園 管理人室,,,901-1104,沖縄県南風原町宮平８７０-２,26.199728755944175,127.73910508475842,http://www.town.haebaru.lg.jp/kankou/docs-kankou/2015012200131/,no,yes,,,,,no,no,no,no,no,no,,,,,,,,,,,,no,no,no,,,barrier_free_map,沖縄県バリアフリーマップ,http://okinawa-bf-map.jp/facility-info/detail?facility_id=1881,2018-09-24,1881,トイレ出入口形状=引戸,備考: 駐車場収容台数 8台
47,沖縄県,47350,南風原町,,那覇バス株式会社新川営業所,,,901-1105,沖縄県南風原町新川146-1,26.2040047690637,127.72612581329565,http://www.nahabus.jp,no,yes,,,,,no,no,no,no,no,no,,,,,,,,,,,,no,no,no,,,barrier_free_map,沖縄県バリアフリーマップ,http://okinawa-bf-map.jp/facility-info/detail?facility_id=1882,2018-10-04,1882,緊急通報装置あり / トイレ出入口形状=スライド,特徴･注意点: 新川営業所スロープ付きバス30台。 那覇バス全体のスロープ付きバス66台。 / 備考: 随時ノンステップバスが走っているのか路線によって異なります。 / 備考: 駐車場収容台数 5台
47,沖縄県,47213,うるま市,,琉球銀行石川支店,,,904-1106,沖縄県うるま市石川2-23-6,26.427130092238386,127.82587388846127,http://www.ryugin.co.jp/tenpo/atm_search/shop-5030/,no,no,,,,,no,no,no,no,no,no,,,,,,,,,,,,no,no,no,,,barrier_free_map,沖縄県バリアフリーマップ,http://okinawa-bf-map.jp/facility-info/detail?facility_id=1883,2018-08-17,1883,トイレ出入口形状=引戸,備考: 正式名称 株式会社琉球銀行石川支店 / 備考: 駐車場台数 18台
47,沖縄県,47350,南風原町,,霊波之光沖縄支部,,,901-1101,沖縄県南風原町大名256-1,26.2099894,127.7309834,/,yes,yes,,,,,no,no,yes,no,yes,no,,,,,,,,,,,,no,no,yes,,,barrier_free_map,沖縄県バリアフリーマップ,http://okinawa-bf-map.jp/facility-info/detail?facility_id=1884,2022-06-08,1884,緊急通報装置あり / トイレ出入口形状=自動ドア,特徴･注意点: 外部にも2ヶ所多目的トイレあり。 / 備考: 正式名称 宗教法人霊波之光沖縄支部 / 備考: 駐車場収容台数 130台
47,沖縄県,47213,うるま市,,うるま市役所 本庁舎,,,904-2215,沖縄県うるま市みどり1-1-1,26.3791509,127.8574803,http://www.city.uruma.lg.jp,yes,yes,,,,,yes,no,yes,no,yes,yes,,,,,,,,,,,,no,no,yes,,,barrier_free_map,沖縄県バリアフリーマップ,http://okinawa-bf-map.jp/facility-info/detail?facility_id=1885,2018-08-17,1885,緊急通報装置あり / トイレ出入口形状=スライド,備考: 駐車場収容台数 200台
47,沖縄県,47201,那覇市,,オリオンホテル 那覇,,,,〒 9020067 / 沖縄県那覇市安里1-2-21,26.2177664811384,127.69385062510136,http://orionhotel.co.jp/naha,yes,yes,,,,,yes,no,no,no,yes,no,,,,,,,,,,,,no,yes,no,,,barrier_free_map,沖縄県バリアフリーマップ,http://okinawa-bf-map.jp/facility-info/detail?facility_id=1886,2024-04-26,1886,緊急通報装置あり / トイレ出入口形状=スライド,備考: ・第1駐車場25台（地下2階） ・安里三叉路駐車場125台 / トイレ備考: 客室（ユニバーサルルーム）ではバス・トイレが車椅子対応。 幼児用便座は一部客室常設またはレンタルあり。 一般トイレ 段差なし 開口幅80cm以上 なし
47,沖縄県,47350,南風原町,,一般財団法人 沖縄県健康づくり財団,,,901-1192,沖縄県南風原町字宮平212,26.1987642,127.738634,http://www.ganjuu.or.jp,yes,yes,,,,,no,no,no,no,yes,no,,,,,,,,,,,,no,no,no,,no,barrier_free_map,沖縄県バリアフリーマップ,http://okinawa-bf-map.jp/facility-info/detail?facility_id=1888,2022-07-04,1888,緊急通報装置あり / トイレ出入口形状=スライド,備考: 沖縄県島尻郡南風原町字宮平212 / 備考: 駐車場収容台数 100 アンチエイジング医療センターと共用。 係員は午前中のみ。
47,沖縄県,47201,那覇市,,徳州会新都心クリニック,,,900-0004,沖縄県那覇市銘苅2-2-1,26.2296415,127.6972846,/,yes,yes,,,,,yes,no,no,no,yes,yes,,,,,,,,,,,,no,no,no,,,barrier_free_map,沖縄県バリアフリーマップ,http://okinawa-bf-map.jp/facility-info/detail?facility_id=1890,2010-05-01,1890,緊急通報装置あり / トイレ出入口形状=スライド,特徴･注意点: 入館については地下駐車場の方が便利 （エレベータ有） / 備考: 駐車台数40台
47,沖縄県,47201,那覇市,,第2愛心保育園,,,902-0075,沖縄県那覇市国場251-1,26.1946846,127.7020704,/,no,no,,,,,no,no,no,no,no,no,,,,,,,,,,,,yes,yes,yes,,,barrier_free_map,沖縄県バリアフリーマップ,http://okinawa-bf-map.jp/facility-info/detail?facility_id=1891,2010-05-01,1891,トイレ出入口形状=ドア無し,備考: 駐車台数20台 / トイレ備考: 入口段差2cm 車イストイレなし
47,沖縄県,47212,豊見城市,,豊見城市立与根野外球場,,,901-0224,沖縄県豊見城市与根50-30,26.1733681,127.6545802,/,no,no,,,,,no,no,no,no,no,no,,,,,,,,,,,,yes,no,no,,,barrier_free_map,沖縄県バリアフリーマップ,http://okinawa-bf-map.jp/facility-info/detail?facility_id=1892,2020-05-13,1892,トイレ出入口形状=引戸,備考: 駐車場無し。 / トイレ備考: 和式トイレ開口幅59ｃｍ。
47,沖縄県,47201,那覇市,,海邦銀行新都心支店,,,900-0006,沖縄県那覇市おもろまち4-16-5,26.2262336,127.6979543,/,yes,yes,,,,,no,no,no,no,yes,no,,,,,,,,,,,,yes,no,no,,,barrier_free_map,沖縄県バリアフリーマップ,http://okinawa-bf-map.jp/facility-info/detail?facility_id=1893,2010-05-21,1893,トイレ出入口形状=スライド,備考: 駐車場収容台数26台 / トイレ備考: トイレ出入口が引き戸、スライドの2重
47,沖縄県,47213,うるま市,,きむたか保育所 (勝連第三保育所),,,904-2311,沖縄県うるま市勝連南風原272-1,26.337585651395113,127.87458672327875,/,no,yes,,,,,yes,no,no,no,no,no,,,,,,,,,,,,no,no,yes,,,barrier_free_map,沖縄県バリアフリーマップ,http://okinawa-bf-map.jp/facility-info/detail?facility_id=1894,2018-08-17,1894,緊急通報装置あり / トイレ出入口形状=スライド,特徴･注意点: 子供用、職員用のトイレだけでなく、父母、車椅子の方も入れるトイレも設置。 / 備考: 駐車場台数13台
47,沖縄県,47201,那覇市,,社会福祉法人 夢福祉会 長田保育園,,,902-0077,沖縄県那覇市長田2-24-59,26.2031892,127.7044417,/,yes,yes,,,,,yes,no,no,no,no,yes,,,,,,,,,,,,no,,no,,yes,barrier_free_map,沖縄県バリアフリーマップ,http://okinawa-bf-map.jp/facility-info/detail?facility_id=1895,2023-04-26,1895,緊急通報装置あり / トイレ出入口形状=スライド,備考: 屋根の有無 両方 / トイレ備考: 一般トイレ段差 なし
47,沖縄県,47213,うるま市,,総合結婚式場 キャッスルハイランダー,,,904-2202,沖縄県うるま市天願156-1 / ツハコ美容写真室内,26.382395290611065,127.85790035221555,http://www.pref.okinawa.jp/site/norin/norindo-chubu/keikaku/press/documents/h27-castlehighlander.html,no,yes,,,,,no,no,no,no,no,no,,,,,,,,,,,,no,no,no,,,barrier_free_map,沖縄県バリアフリーマップ,http://okinawa-bf-map.jp/facility-info/detail?facility_id=1897,2018-08-20,1897,緊急通報装置あり / トイレ出入口形状=スライド,備考: 駐車場台数 100台
47,沖縄県,47201,那覇市,,介護サービスセンターゆいまーる松川,,,902-0062,沖縄県那覇市松川301-4,26.2183291,127.7020935,/,no,yes,,,,,yes,no,no,no,no,no,,,,,,,,,,,,no,no,no,,,barrier_free_map,沖縄県バリアフリーマップ,http://okinawa-bf-map.jp/facility-info/detail?facility_id=1898,2010-05-01,1898,緊急通報装置あり / トイレ出入口形状=スライド,備考: 駐車台数23台
47,沖縄県,47213,うるま市,,浜ふるさとビーチ,,,904-2315,沖縄県うるま市勝連浜,26.326035465407347,127.95353491303638,http://www.okinawainfo.net/hamahiga/hamahiga-umi.htm,no,yes,,,,,no,no,no,no,yes,no,,,,,,,,,,,,no,no,no,,,barrier_free_map,沖縄県バリアフリーマップ,http://okinawa-bf-map.jp/facility-info/detail?facility_id=1899,2019-02-05,1899,トイレ出入口形状=スライド,備考: 問い合わせ先 うるま市土木課 電話:098-978-2121 / 備考: 駐車場台数70台
47,沖縄県,47201,那覇市,,ロワジールホテルオキナワ ロワジールホテル＆スパタワー 那覇,,,900-0036,沖縄県那覇市西3-2-1,26.21350585996404,127.66547517354125,http://www.loisir-naha.com,yes,yes,,,,,yes,no,no,yes,yes,yes,,,,,,,,,,,,no,yes,no,,,barrier_free_map,沖縄県バリアフリーマップ,http://okinawa-bf-map.jp/facility-info/detail?facility_id=1900,2018-12-24,1900,緊急通報装置あり / 着替え台あり / トイレ出入口形状=スライド,備考: バリアフリールーム4室 / 備考: 駐車場収容台数350台
47,沖縄県,47201,那覇市,,グループホーム大道が丘,,,902-0066,沖縄県那覇市大道94-3 / 医療法人陽心会,26.2198427,127.6980993,/,no,yes,,,,,yes,no,no,no,no,no,,,,,,,,,,,,no,no,no,,,barrier_free_map,沖縄県バリアフリーマップ,http://okinawa-bf-map.jp/facility-info/detail?facility_id=1901,2010-05-01,1901,緊急通報装置あり / トイレ出入口形状=スライド,特徴･注意点: 施設（4階建）の3階が「グループホーム大道が丘」 / 備考: 駐車台数5台
47,沖縄県,47213,うるま市,,キャロット愛ランドマリンターミナル,,,904-2317,沖縄県うるま市勝連津堅,26.2465303,127.9362443,http://tsuken.shimatabi.jp/diagram.html,yes,yes,,,,,no,no,no,no,yes,yes,,,,,,,,,,,,no,no,no,,,barrier_free_map,沖縄県バリアフリーマップ,http://okinawa-bf-map.jp/facility-info/detail?facility_id=1902,2018-08-20,1902,緊急通報装置あり / トイレ出入口形状=スライド,備考: 駐車場収容台数 30台 身障者用駐車場あり。 / トイレ備考: 簡易オストメイトあり。オストメイト無し。 緊急通報装置、便座横と床近くに2つあり。 男子小便器手すりあり。
47,沖縄県,47213,うるま市,,平敷屋漁港（勝連船客待合所）,,,904-2314,沖縄県うるま市勝連平敷屋3784-21,26.3065937,127.9226679,/,no,yes,,,,,no,no,no,no,yes,no,,,,,,,,,,,,yes,no,no,,,barrier_free_map,沖縄県バリアフリーマップ,http://okinawa-bf-map.jp/facility-info/detail?facility_id=1903,2018-08-20,1903,緊急通報装置あり / トイレ出入口形状=スライド,備考: 連絡先：有限会社神谷観光 098-978-1100
47,沖縄県,47213,うるま市,,JAおきなわ与那城支店,,,904-2304,沖縄県うるま市与那城屋慶名432,26.3298715,127.9025294,http://map.jabank.org/shop/info/937525901,yes,yes,,,,,yes,no,no,no,no,yes,,,,,,,,,,,,yes,no,no,,,barrier_free_map,沖縄県バリアフリーマップ,http://okinawa-bf-map.jp/facility-info/detail?facility_id=1904,2020-02-19,1904,トイレ出入口形状=スライド,特徴･注意点: 車イス駐車場にテントが張られている。 / 備考: 駐車場台数 30台
47,沖縄県,47213,うるま市,,津堅漁港,,,904-2317,沖縄県うるま市勝連津堅299-31,26.2465303,127.9362443,/,no,no,,,,,no,no,no,no,no,no,,,,,,,,,,,,yes,no,no,,,barrier_free_map,沖縄県バリアフリーマップ,http://okinawa-bf-map.jp/facility-info/detail?facility_id=1905,2018-08-17,1905,トイレ出入口形状=開き戸,備考: 098-974- 3111（うるま市役所） / 備考: 駐車場無し。空いているスペースに車が止められていました。 / トイレ備考: 出入口段差11cm
47,沖縄県,47201,那覇市,,かぐらこども園,,,901-0153,沖縄県那覇市宇栄原3-15-46,26.1894949,127.6643649,http://kagura.wakame.or.jp/,yes,yes,,,,,no,no,no,no,no,yes,,,,,,,,,,,,no,no,no,,,barrier_free_map,沖縄県バリアフリーマップ,http://okinawa-bf-map.jp/facility-info/detail?facility_id=1906,2023-07-03,1906,緊急通報装置あり / トイレ出入口形状=スライド,特徴･注意点: 建物が新しく車イスでの利用が可能 / 備考: 駐車台数18台
47,沖縄県,47201,那覇市,,牧志郵便局,,,900-0013,沖縄県那覇市牧志3-13-19,26.2172288,127.6917166,http://map.japanpost.jp/p/search/dtl/300170002000/,no,,,,,,,no,no,no,no,no,,,,,,,,,,,,yes,no,no,,,barrier_free_map,沖縄県バリアフリーマップ,http://okinawa-bf-map.jp/facility-info/detail?facility_id=1907,2023-06-22,1907,,トイレ備考: 一般客はトイレ使用不可
47,沖縄県,47213,うるま市,,すこやか薬局具志川店,,,904-2243,沖縄県うるま市宮里２６１−１６,26.3549192,127.8350414,http://www.sukoyaka.cc/shop/,no,yes,,,,,yes,no,no,no,yes,yes,,,,,,,,,,,,no,no,yes,,,barrier_free_map,沖縄県バリアフリーマップ,http://okinawa-bf-map.jp/facility-info/detail?facility_id=1908,2018-07-23,1908,トイレ出入口形状=スライド,備考: 駐車場台数 6台
47,沖縄県,47201,那覇市,,那覇年金事務所,,,900-0025,沖縄県那覇市壺川2-3-9,26.2038328,127.6805852,/,yes,yes,,,,,yes,no,no,no,yes,no,,,,,,,,,,,,yes,no,no,,,barrier_free_map,沖縄県バリアフリーマップ,http://okinawa-bf-map.jp/facility-info/detail?facility_id=1909,2023-04-14,1909,緊急通報装置あり / トイレ出入口形状=スライド,備考: 駐車台数26台 / トイレ備考: 入口段差2cm
47,沖縄県,47201,那覇市,,タウンプラザかねひで あけぼの店,,,900-0002,沖縄県那覇市曙3-19-7,26.2415789,127.6823933,http://kaehideshj.com,no,yes,,,,,no,no,no,yes,no,no,,,,,,,,,,,,no,no,no,,,barrier_free_map,沖縄県バリアフリーマップ,http://okinawa-bf-map.jp/facility-info/detail?facility_id=1910,2024-03-12,1910,トイレ出入口形状=スライド,備考: 駐車場収容台数40台 / トイレ備考: 入口幅80cm、床から便座46.5cm
47,沖縄県,47201,那覇市,,こくら保育園,,,900-0024,沖縄県那覇市古波蔵2-4-32,26.2012944,127.6864073,/,no,yes,,,,,no,no,no,no,no,no,,,,,,,,,,,,no,no,no,,,barrier_free_map,沖縄県バリアフリーマップ,http://okinawa-bf-map.jp/facility-info/detail?facility_id=1911,2010-05-21,1911,トイレ出入口形状=スライド,備考: 駐車場収容台数 10台
47,沖縄県,47201,那覇市,,沖縄協同病院,,,900-0024,沖縄県那覇市古波蔵4-10-55,26.1959952,127.6906325,/,no,yes,,,,,yes,no,yes,yes,no,no,,,,,,,,,,,,no,no,yes,,,barrier_free_map,沖縄県バリアフリーマップ,http://okinawa-bf-map.jp/facility-info/detail?facility_id=1912,2010-09-28,1912,緊急通報装置あり / トイレ出入口形状=スライド,備考: 患者：無料 一般：有料 駐車台数270台
47,沖縄県,47213,うるま市,,昆布公園,,,904-2201,沖縄県うるま市昆布1832-705,26.397272677899956,127.84012421002421,http://uruma-portal.okinawa/archives/117,yes,yes,,,,,no,no,no,no,no,no,,,,,,,,,,,,no,no,no,,,barrier_free_map,沖縄県バリアフリーマップ,http://okinawa-bf-map.jp/facility-info/detail?facility_id=1913,2018-08-20,1913,緊急通報装置あり / トイレ出入口形状=スライド,備考: 電話番号はうるま市役所の番号。 / 備考: 駐車場収容台数 22台
47,沖縄県,47201,那覇市,,沖縄視覚障害者福祉センター,,,900-0014,沖縄県那覇市松尾2-15-29,26.2130153,127.685573,http://www.okishikyo.net/,yes,yes,,,,,yes,no,no,yes,no,no,,,,,,,,,,,,no,no,no,,,barrier_free_map,沖縄県バリアフリーマップ,http://okinawa-bf-map.jp/facility-info/detail?facility_id=1914,2023-07-14,1914,緊急通報装置あり / トイレ出入口形状=スライド,トイレ備考: 一般トイレ開口幅は男性が押戸75㎝、女性が引き戸85㎝
47,沖縄県,47201,那覇市,,識名園,,,902-0072,沖縄県那覇市真地421-7,26.2049504,127.7148212,http://www.edu.city.naha.okinawa.jp/bunkazai/,no,yes,,,,,no,no,no,no,no,no,,,,,,,,,,,,yes,no,no,,,barrier_free_map,沖縄県バリアフリーマップ,http://okinawa-bf-map.jp/facility-info/detail?facility_id=1915,2024-01-08,1915,トイレ出入口形状=スライド,備考: 正式名称：世界遺産 国指定特別名勝 識名園 / 備考: 駐車場収容台数 60台 / トイレ備考: 出入口段差2.5cm
47,沖縄県,47201,那覇市,,琉球銀行石嶺支店,,,903-0804,沖縄県那覇市首里石嶺町4-44 / 丸新ビル1階,26.2304736,127.7292434,http://www.ryugin.co.jp,no,no,,,,,no,no,no,no,no,no,,,,,,,,,,,,yes,no,no,,,barrier_free_map,沖縄県バリアフリーマップ,http://okinawa-bf-map.jp/facility-info/detail?facility_id=1917,2010-05-01,1917,トイレ出入口形状=開き戸,特徴･注意点: 記帳のテーブルが高いため、別のテーブルを用意しています。 / 備考: 正式名称 株式会社琉球銀行石嶺支店 / 備考: 駐車場収容台数 33台
47,沖縄県,47329,西原町,,医療法人愛和会 住宅型有料老人ホームさわふじ,,,903-0124,沖縄県西原町呉屋73-1,26.2259054,127.756394,http://www.aiwakai.jp/service.php#a03,no,yes,,,,,no,no,no,no,no,no,,,,,,,,,,,,no,no,no,,,barrier_free_map,沖縄県バリアフリーマップ,http://okinawa-bf-map.jp/facility-info/detail?facility_id=1918,2023-11-24,1918,緊急通報装置あり / トイレ出入口形状=スライド,備考: 駐車台数9台 / トイレ備考: 出入口82cm
47,沖縄県,47201,那覇市,,福州園,,,900-0033,沖縄県那覇市久米2-29,26.2180034,127.6758289,/,no,no,,,,,no,no,no,no,no,no,,,,,,,,,,,,no,no,no,,,barrier_free_map,沖縄県バリアフリーマップ,http://okinawa-bf-map.jp/facility-info/detail?facility_id=1919,2015-09-10,1919,トイレ出入口形状=開き戸,備考: 駐車場収容台数 12台
47,沖縄県,47213,うるま市,,番所跡公園（間切番所跡）,,,904-2223,沖縄県うるま市具志川45,26.3591451,127.86937690000002,/,no,no,,,,,no,no,no,no,no,no,,,,,,,,,,,,no,no,no,,,barrier_free_map,沖縄県バリアフリーマップ,http://okinawa-bf-map.jp/facility-info/detail?facility_id=1920,2018-08-20,1920,トイレ出入口形状=ドア無し,備考: 駐車場無し。
47,沖縄県,47329,西原町,,那覇バプテスト教会堂及び学校法人善隣学園善隣幼稚園,,,903-0116,沖縄県西原町幸地1027-1,26.226502,127.7375262,/,yes,yes,,,,,yes,yes,no,no,no,yes,,,,,,,,,,,,no,yes,yes,,,barrier_free_map,沖縄県バリアフリーマップ,http://okinawa-bf-map.jp/facility-info/detail?facility_id=1921,2010-05-01,1921,トイレ出入口形状=スライド,備考: 学校法人善隣学園善隣幼稚園 TEL098-944-534 FAX098-944-5345 営業 07:00~18:30 休日 土日祝 12月28日~1月3日 / 備考: 駐車場収容台数 100台以上 / トイレ備考: 出入口84cm
47,沖縄県,47213,うるま市,,さくらんぼ公園,,,904-1113,沖縄県うるま市石川山城1714,26.4111581,127.8164355,/,no,yes,,,,,no,no,no,no,no,no,,,,,,,,,,,,no,no,no,,,barrier_free_map,沖縄県バリアフリーマップ,http://okinawa-bf-map.jp/facility-info/detail?facility_id=1922,2019-10-31,1922,トイレ出入口形状=スライド,備考: 駐車場無し。
47,沖縄県,47329,西原町,,ザ・ビッグ西原店,,,903-0122,沖縄県西原町小橋川143-1,26.2261887,127.7644768,/,yes,yes,,,,,no,no,no,no,yes,no,,,,,,,,,,,,no,no,no,,,barrier_free_map,沖縄県バリアフリーマップ,http://okinawa-bf-map.jp/facility-info/detail?facility_id=1923,2015-09-10,1923,トイレ出入口形状=スライド,備考: 運営 琉球ジャスコ株式会社 / 備考: 駐車台数140台
47,沖縄県,47201,那覇市,,てんぶす那覇,,,900-0013,沖縄県那覇市牧志3-2-10,26.2159067,127.6893197,http://www.tenbusu.jp/,yes,yes,,,,,yes,no,yes,no,yes,yes,,,,,,,,,,,,no,no,yes,,,barrier_free_map,沖縄県バリアフリーマップ,http://okinawa-bf-map.jp/facility-info/detail?facility_id=1924,2017-01-26,1924,緊急通報装置あり / トイレ出入口形状=スライド,"特徴･注意点: 1階テナント会。 2階工芸館。098-868-7866 3,4階てんぶす館事務所。098-868-7810 / 備考: 駐車場収容台数 80台 / トイレ備考: 1階トイレは洋式のみで4室。 4階ホール側にバリアフリー用トイレあり。女子一般トイレに和式1室あり。"
47,沖縄県,47213,うるま市,,あかるい子保育園 子育て支援センター,,,904-2205,沖縄県うるま市栄野比357-4,26.389453619027883,127.83327638573292,http://www.kosodate-web.com/akaruiko/index.php,no,no,,,,,no,no,no,no,no,no,,,,,,,,,,,,no,no,no,,,barrier_free_map,沖縄県バリアフリーマップ,http://okinawa-bf-map.jp/facility-info/detail?facility_id=1925,2018-08-20,1925,トイレ出入口形状=引戸,備考: 駐車場台数50台
47,沖縄県,47329,西原町,,西原町民テニスコート,,,903-0117,沖縄県西原町呉屋301,26.23004285170787,127.75770381985171,http://www.town.nishihara.okinawa.jp/facilities/koukyou_tyoumin05.html,no,yes,,,,,no,no,no,no,no,no,,,,,,,,,,,,no,no,no,,,barrier_free_map,沖縄県バリアフリーマップ,http://okinawa-bf-map.jp/facility-info/detail?facility_id=1926,2019-10-04,1926,トイレ出入口形状=スライド,備考: 施設管理 西原町民体育館TEL：098-945-8095 / 備考: 駐車台数19台
47,沖縄県,47329,西原町,,沖縄カントリークラブ クラブハウス,,,903-0114,沖縄県西原町桃原109,26.2149672,127.7473344,/,yes,yes,,,,,yes,no,no,no,no,yes,,,,,,,,,,,,no,no,no,,,barrier_free_map,沖縄県バリアフリーマップ,http://okinawa-bf-map.jp/facility-info/detail?facility_id=1928,2019-10-08,1928,緊急通報装置あり / トイレ出入口形状=スライド,備考: 駐車台数220台
47,沖縄県,47201,那覇市,,かんぽの宿 那覇レクセンター（スポーツ館）,,,900-0001,沖縄県那覇市港町2-9-15,26.2423066,127.6786269,http://www.fukushi.kampo.japanpost.jp,yes,yes,,,,,no,no,no,no,no,no,,,,,,,,,,,,yes,no,no,,,barrier_free_map,沖縄県バリアフリーマップ,http://okinawa-bf-map.jp/facility-info/detail?facility_id=1929,2019-10-31,1929,緊急通報装置あり / トイレ出入口形状=スライド,備考: 駐車場収容台数137台 / トイレ備考: トイレ出入口92cm、床より便座45ｃｍ
47,沖縄県,47213,うるま市,,むぎの子保育園,,,904-1106,沖縄県うるま市石川曙3-3-10,26.4185408,127.823218,http://www.muginoko-hoikuen.com,no,no,,,,,yes,no,no,no,no,no,,,,,,,,,,,,yes,no,yes,,,barrier_free_map,沖縄県バリアフリーマップ,http://okinawa-bf-map.jp/facility-info/detail?facility_id=1930,2018-08-17,1930,トイレ出入口形状=引戸,
47,沖縄県,47213,うるま市,,山城地区学習等供用施設 (山城区公民館),,,904-1113,沖縄県うるま市石川山城389-6,26.4110942,127.8162077,/,yes,yes,,,,,no,no,no,no,yes,no,,,,,,,,,,,,no,no,no,,,barrier_free_map,沖縄県バリアフリーマップ,http://okinawa-bf-map.jp/facility-info/detail?facility_id=1931,2019-01-29,1931,緊急通報装置あり / 着替え台あり / トイレ出入口形状=スライド,備考: 駐車場台数2台
47,沖縄県,47201,那覇市,,那覇バスターミナル,,,900-0021,沖縄県那覇市泉崎1-20-1 カフーナ旭橋A街区,26.2113208,127.6764053,http://www.daiichi-koutsu.co.jp/service/naha-bus-terminal/,yes,yes,,,,,yes,yes,yes,no,yes,yes,,,,,,,,,,,,yes,no,yes,,no,barrier_free_map,沖縄県バリアフリーマップ,http://okinawa-bf-map.jp/facility-info/detail?facility_id=1932,2025-03-11,1932,緊急通報装置あり / 着替え台あり / トイレ出入口形状=開き戸,特徴･注意点: エレベーターのご案内が少しわかりにくく案内するときに注意が必要 （駐車場をご利用のお客様、モノレール、徒歩で来られたお客様、バス会社利用のお客様など行く先で異なるため） / 備考: 5階、M5階、6階、7階、R階（屋上）に各1 ※R階のEV（エレベーター）は1階まで直通でいきません。 / トイレ備考: 各階駐車場にオストメイトあり 多目的トイレは温水洗浄便座
47,沖縄県,47329,西原町,,西原町民パークゴルフ場,,,903-0124,沖縄県西原町呉屋348-2,26.2356156,127.7558074,http://www.town.nishihara.okinawa.jp/facilities/koukyou_tyoumin06.html,no,yes,,,,,no,no,no,no,no,no,,,,,,,,,,,,no,no,no,,,barrier_free_map,沖縄県バリアフリーマップ,http://okinawa-bf-map.jp/facility-info/detail?facility_id=1933,2024-02-26,1933,トイレ出入口形状=スライド,備考: Faxは町民体育館 / 備考: 駐車台数27台 陸上競技場の係りが常駐
47,沖縄県,47201,那覇市,,ドトールコーヒーショップ沖縄牧志店,,,900-0013,沖縄県那覇市牧志2-4-15,26.216976,127.6898307,http://www.doutor.co.jp/,no,no,,,,,no,no,no,no,no,no,,,,,,,,,,,,yes,no,no,,,barrier_free_map,沖縄県バリアフリーマップ,http://okinawa-bf-map.jp/facility-info/detail?facility_id=1934,2015-09-10,1934,トイレ出入口形状=開き戸,備考: 正式名称 株式会社ドトールコーヒーショップ沖縄牧志店 / 備考: 駐車場無し。 / トイレ備考: 出入口段差6cm
47,沖縄県,47213,うるま市,,うるま市立石川図書館,,,904-1107,沖縄県うるま市石川曙2-1-55,26.422418856176826,127.82563517857365,http://www.city.uruma.lg.jp/shisei/160/2357/2363,no,yes,,,,,yes,no,no,no,no,no,,,,,,,,,,,,no,yes,no,,,barrier_free_map,沖縄県バリアフリーマップ,http://okinawa-bf-map.jp/facility-info/detail?facility_id=1935,2024-08-14,1935,緊急通報装置あり / トイレ出入口形状=スライド,備考: ※蔵書点検のため、お休みになります。 平成３０年９月１５日（土）～９月２５日（火） / 備考: 地下駐車場あり、美らパーキング利用制度参加あり。
47,沖縄県,47329,西原町,,西原マリンパーク,,,903-0105,沖縄県西原町東崎17,26.2116069,127.7697968,/,yes,yes,,,,,no,no,no,no,yes,yes,,,,,,,,,,,,no,no,no,,,barrier_free_map,沖縄県バリアフリーマップ,http://okinawa-bf-map.jp/facility-info/detail?facility_id=1936,2010-05-01,1936,緊急通報装置あり / トイレ出入口形状=スライド,備考: 駐車台数1000台
47,沖縄県,47201,那覇市,,沖縄銀行二中前出張所,,,900-0021,沖縄県那覇市泉崎2-1-4,26.2106084,127.6834304,http://www.okinawa-bank.co.jp/,no,no,,,,,no,no,no,yes,yes,no,,,,,,,,,,,,yes,yes,no,,,barrier_free_map,沖縄県バリアフリーマップ,http://okinawa-bf-map.jp/facility-info/detail?facility_id=1938,2017-01-23,1938,トイレ出入口形状=開き戸,備考: 駐車場収容台数9~11台ですが他の店舗と供用 駐車料金はスタンプを銀行内でもらう
47,沖縄県,47329,西原町,,西原町立西原保育所,,,903-0111,沖縄県西原町与那城192,26.220117,127.7601802,/,no,no,,,,,no,no,no,no,no,no,,,,,,,,,,,,yes,no,no,,,barrier_free_map,沖縄県バリアフリーマップ,http://okinawa-bf-map.jp/facility-info/detail?facility_id=1939,2010-05-01,1939,トイレ出入口形状=開き戸,備考: 駐車台数20台 / トイレ備考: 入口段差2cm
47,沖縄県,47201,那覇市,,琉球銀行那覇新都心店,,,900-0004,沖縄県那覇市銘苅2-2-1,26.2296415,127.6972846,http://www.ryugin.co.jp,yes,yes,,,,,yes,no,no,yes,yes,no,,,,,,,,,,,,no,no,no,,,barrier_free_map,沖縄県バリアフリーマップ,http://okinawa-bf-map.jp/facility-info/detail?facility_id=1940,2010-05-08,1940,緊急通報装置あり / トイレ出入口形状=スライド,備考: 正式名称 株式会社琉球銀行那覇新都心店 / 備考: 駐車場収容台数 30台
47,沖縄県,47329,西原町,,西原町介護予防拠点施設 いいあんべー家,,,903-0111,沖縄県西原町与那城135,26.2218446,127.7579053,/,no,yes,,,,,no,no,no,no,no,no,,,,,,,,,,,,no,no,no,,,barrier_free_map,沖縄県バリアフリーマップ,http://okinawa-bf-map.jp/facility-info/detail?facility_id=1941,2010-05-01,1941,緊急通報装置あり / トイレ出入口形状=スライド,備考: 駐車台数70台 / トイレ備考: バリアフリートイレにシャワー付
47,沖縄県,47213,うるま市,,障害者就労継続支援事業所くわの実,,,904-2225,沖縄県うるま市喜屋武301,26.364082607398643,127.84411729073793,/,no,yes,,,,,yes,no,no,yes,no,no,,,,,,,,,,,,no,no,no,,,barrier_free_map,沖縄県バリアフリーマップ,http://okinawa-bf-map.jp/facility-info/detail?facility_id=1942,2018-08-24,1942,トイレ出入口形状=スライド,
47,沖縄県,47201,那覇市,,デイサービスセンター琉球苑,,,901-0153,沖縄県那覇市宇栄原1-8-1,26.1920947,127.6659675,/,no,yes,,,,,no,no,no,no,no,no,,,,,,,,,,,,yes,no,no,,,barrier_free_map,沖縄県バリアフリーマップ,http://okinawa-bf-map.jp/facility-info/detail?facility_id=1943,2010-05-08,1943,緊急通報装置あり / トイレ出入口形状=スライド,備考: 駐車場収容台数 25台
47,沖縄県,47213,うるま市,,障害者地域生活支援センターあやはし苑,,,904-2301,沖縄県うるま市与那城照間702,26.3270247,127.9090097,http://www.ayahashien.com/,no,yes,,,,,no,no,yes,no,no,no,,,,,,,,,,,,no,no,no,,,barrier_free_map,沖縄県バリアフリーマップ,http://okinawa-bf-map.jp/facility-info/detail?facility_id=1944,2018-07-23,1944,緊急通報装置あり / トイレ出入口形状=スライド,備考: 駐車場台数16台 / トイレ備考: 障害者専用トイレ男女一箇所づつ、共用一箇所。
47,沖縄県,47213,うるま市,,社会福祉法人緑和会 栄野比学園,,,904-2205,沖縄県うるま市栄野比939,26.3849667,127.8327433,http://ryokuwakai.com/gakuen/,no,no,,,,,no,no,no,no,no,no,,,,,,,,,,,,no,no,no,,,barrier_free_map,沖縄県バリアフリーマップ,http://okinawa-bf-map.jp/facility-info/detail?facility_id=1945,2018-08-27,1945,トイレ出入口形状=引戸,備考: 駐車場収容台数 数十台
47,沖縄県,47213,うるま市,,高江洲地区農村集落総合管理施設 (高江洲公民館),,,904-2242,沖縄県うるま市高江洲54-3,26.3471904,127.8462181,http://www.city.uruma.lg.jp/tiiki/156/1495/10499/10527,yes,yes,,,,,no,no,no,no,yes,yes,,,,,,,,,,,,no,no,no,,,barrier_free_map,沖縄県バリアフリーマップ,http://okinawa-bf-map.jp/facility-info/detail?facility_id=1946,2018-08-27,1946,緊急通報装置あり / トイレ出入口形状=スライド,備考: 駐車場台数16台
47,沖縄県,47211,沖縄市,,スポーツパレスジスタス美里店,,,904-2153,沖縄県沖縄市美里4-20-1,26.3527253,127.8163623,http://www.xystus.jp/,yes,yes,,,,,yes,no,yes,yes,yes,yes,,,,,,,,,,,,no,no,no,,,barrier_free_map,沖縄県バリアフリーマップ,http://okinawa-bf-map.jp/facility-info/detail?facility_id=1947,2020-05-13,1947,緊急通報装置あり / 着替え台あり / トイレ出入口形状=スライド,備考: 正式名称 株式会社フィットネスプロモーション スポーツパレスジスタス美里店 / 備考: 駐車場収容台数 300台 / トイレ備考: 男子小便器手すりあり。
47,沖縄県,47213,うるま市,,自由の森保育園,,,904-2226,沖縄県うるま市仲嶺576-3,26.355675041122648,127.85605843942562,http://jiyuu-mori.info/,no,no,,,,,no,no,no,no,no,no,,,,,,,,,,,,no,no,yes,,,barrier_free_map,沖縄県バリアフリーマップ,http://okinawa-bf-map.jp/facility-info/detail?facility_id=1948,2018-08-27,1948,トイレ出入口形状=引戸,
47,沖縄県,47213,うるま市,,伊計島総合開発株式会社（伊計ビーチ）,,,904-2421,沖縄県うるま市与那城伊計405,26.3879463,127.9916169,http://www.ikei-beach.com/,yes,yes,,,,,no,no,no,no,no,yes,,,,,,,,,,,,no,no,no,,,barrier_free_map,沖縄県バリアフリーマップ,http://okinawa-bf-map.jp/facility-info/detail?facility_id=1949,2018-08-27,1949,緊急通報装置あり / トイレ出入口形状=スライド,備考: 駐車場台数300台
47,沖縄県,47213,うるま市,,デイサービスセンタースイム,,,904-2205,沖縄県うるま市栄野比753-2,26.3901912,127.8372539,/,no,yes,,,,,no,no,no,no,no,no,,,,,,,,,,,,no,no,no,,,barrier_free_map,沖縄県バリアフリーマップ,http://okinawa-bf-map.jp/facility-info/detail?facility_id=1950,2010-05-21,1950,緊急通報装置あり / トイレ出入口形状=ドア無し,備考: 駐車場台数8台 / トイレ備考: ドア入口はカーテンになっている。
47,沖縄県,47213,うるま市,,デイサービスセンターうるまの里,,,904-2211,沖縄県うるま市宇堅1322-1,26.377762477020855,127.87367184418031,http://uruma-sato.com/sato.html,no,yes,,,,,yes,no,yes,no,no,no,,,,,,,,,,,,no,no,no,,,barrier_free_map,沖縄県バリアフリーマップ,http://okinawa-bf-map.jp/facility-info/detail?facility_id=1951,2018-08-27,1951,緊急通報装置あり / トイレ出入口形状=ドア無し,備考: 駐車場収容台数 20台
47,沖縄県,47201,那覇市,,首里城公園（南殿）,,,903-0815,沖縄県那覇市首里金城1-2,26.2183797,127.7153175,http://oki-park.jp/,yes,yes,,,,,no,no,no,no,yes,no,,,,,,,,,,,,no,yes,no,,,barrier_free_map,沖縄県バリアフリーマップ,http://okinawa-bf-map.jp/facility-info/detail?facility_id=1952,2019-03-14,1952,緊急通報装置あり / トイレ出入口形状=スライド,備考: 駐車場無し。
47,沖縄県,47213,うるま市,,いちゅい具志川じんぶん館,,,904-2203,沖縄県うるま市川崎468,26.379815830407175,127.83988801045075,http://www.jinbunkan.jp/,no,yes,,,,,no,no,no,no,no,no,,,,,,,,,,,,no,no,no,,,barrier_free_map,沖縄県バリアフリーマップ,http://okinawa-bf-map.jp/facility-info/detail?facility_id=1953,2020-05-06,1953,緊急通報装置あり / トイレ出入口形状=スライド,
47,沖縄県,47213,うるま市,,この花ナーサリ,,,904-2241,沖縄県うるま市兼箇段７７３－１,26.367848656810015,127.840094457811,http://cp.town-nets.jp/461/,no,no,,,,,yes,no,no,no,no,no,,,,,,,,,,,,no,no,no,,,barrier_free_map,沖縄県バリアフリーマップ,http://okinawa-bf-map.jp/facility-info/detail?facility_id=1954,2018-08-27,1954,トイレ出入口形状=引戸,備考: ※土曜日は午前保育AM7:30～PM13:00） / 備考: 駐車場収容台数 15台
47,沖縄県,47213,うるま市,,すくすく保育園,,,904-2241,沖縄県うるま市兼箇段1171-10,26.366196877618883,127.84137076812283,http://doujin-hukushikai.or.jp/publics/index/31/,no,no,,,,,no,no,no,no,no,no,,,,,,,,,,,,yes,no,no,,,barrier_free_map,沖縄県バリアフリーマップ,http://okinawa-bf-map.jp/facility-info/detail?facility_id=1955,2018-08-27,1955,トイレ出入口形状=スライド,備考: 駐車場台数10台 / トイレ備考: 入口段差2cm
47,沖縄県,47201,那覇市,,うえばるクリニック,,,901-0153,沖縄県那覇市宇栄原678 / ウエバルビルディング,26.1824263,127.6687375,/,no,yes,,,,,yes,no,no,no,no,no,,,,,,,,,,,,no,no,no,,,barrier_free_map,沖縄県バリアフリーマップ,http://okinawa-bf-map.jp/facility-info/detail?facility_id=1956,2010-05-01,1956,緊急通報装置あり / トイレ出入口形状=スライド,特徴･注意点: とてもキレイなクリニックで安心して受診できます。 / 備考: 駐車場収容台数 13台
47,沖縄県,47213,うるま市,,与那城地区公民館,,,904-2304,沖縄県うるま市与那城屋慶名467-4,26.3282189,127.9042988,/,no,yes,,,,,no,no,no,no,no,no,,,,,,,,,,,,yes,no,no,,,barrier_free_map,沖縄県バリアフリーマップ,http://okinawa-bf-map.jp/facility-info/detail?facility_id=1957,2018-08-27,1957,トイレ出入口形状=スライド,特徴･注意点: サークル団体として登録している方や学習室を利用されている方以外の使用料は一部有料。
47,沖縄県,47213,うるま市,,うるま市与那城社会福祉センター,,,904-2304,沖縄県うるま市与那城屋慶名1098,26.3228194,127.9082987,http://www.uruma-shakyo.net/,no,yes,,,,,no,no,no,yes,no,no,,,,,,,,,,,,no,no,no,,,barrier_free_map,沖縄県バリアフリーマップ,http://okinawa-bf-map.jp/facility-info/detail?facility_id=1959,2020-05-06,1959,緊急通報装置あり / トイレ出入口形状=引戸,特徴･注意点: 使用料（ホール）は有料
47,沖縄県,47213,うるま市,,うるま市役所与那城庁舎,,,904-2305,沖縄県うるま市与那城中央1,26.3299021,127.9046293,/,no,yes,,,,,no,no,no,no,no,no,,,,,,,,,,,,yes,no,no,,,barrier_free_map,沖縄県バリアフリーマップ,http://okinawa-bf-map.jp/facility-info/detail?facility_id=1960,2010-05-01,1960,緊急通報装置あり / トイレ出入口形状=スライド,備考: 駐車場台数50台（玄関側）
47,沖縄県,47213,うるま市,,中部北環境施設組合 ごみ返却施設,,,904-2205,沖縄県うるま市栄野比1211-6,26.398874675351408,127.82404970132563,http://www.chubu-kitakan.jp/top.html,no,yes,,,,,yes,no,no,no,no,no,,,,,,,,,,,,no,no,no,,,barrier_free_map,沖縄県バリアフリーマップ,http://okinawa-bf-map.jp/facility-info/detail?facility_id=1961,2018-08-28,1961,緊急通報装置あり / トイレ出入口形状=スライド,備考: 駐車場台数60台
47,沖縄県,47201,那覇市,,有料老人ホーム琉球,,,901-0153,沖縄県那覇市宇栄原3-19-2,26.1880588,127.6626734,/,yes,yes,,,,,yes,no,no,yes,yes,no,,,,,,,,,,,,no,no,no,,,barrier_free_map,沖縄県バリアフリーマップ,http://okinawa-bf-map.jp/facility-info/detail?facility_id=1962,2010-05-08,1962,緊急通報装置あり / トイレ出入口形状=スライド,備考: 駐車場収容台数 12台
47,沖縄県,47213,うるま市,,倉敷ダム公園,,,904-1106,沖縄県うるま市石川楚南879-1,26.3917017,127.8055593,/,no,yes,,,,,no,no,no,no,no,no,,,,,,,,,,,,yes,no,no,,,barrier_free_map,沖縄県バリアフリーマップ,http://okinawa-bf-map.jp/facility-info/detail?facility_id=1963,2019-10-31,1963,トイレ出入口形状=スライド,備考: 駐車場台数150台
47,沖縄県,47201,那覇市,,ワタベウェディング那覇店,,,900-0006,沖縄県那覇市おもろまち4-19-39 / グランドテラス新都心1F,26.226039793216838,127.69967718856887,http://www.watabe-wedding.co.jp/shop/shop_detail.html?shop_id=47,yes,yes,,,,,yes,no,no,no,yes,no,,,,,,,,,,,,no,,yes,,no,barrier_free_map,沖縄県バリアフリーマップ,http://okinawa-bf-map.jp/facility-info/detail?facility_id=1964,2023-12-04,1964,緊急通報装置あり / トイレ出入口形状=スライド,特徴･注意点: 来店予約制（電話またはホームページお問い合わせフォームにて） / トイレ備考: 一般トイレ 段差なし 開口幅80cm以上 あり
47,沖縄県,47213,うるま市,,具志川地区コミュニティ供用施設（具志川公民館）,,,904-2223,沖縄県うるま市具志川381,26.359013008923217,127.87041641045073,http://www.city.uruma.lg.jp/tiiki/156/1495/10499/10500,yes,yes,,,,,no,no,no,no,yes,no,,,,,,,,,,,,no,no,no,,,barrier_free_map,沖縄県バリアフリーマップ,http://okinawa-bf-map.jp/facility-info/detail?facility_id=1965,2018-08-28,1965,緊急通報装置あり / 着替え台あり / トイレ出入口形状=スライド,備考: 駐車場台数100台
47,沖縄県,47201,那覇市,,沖縄産業支援センター,,,901-0152,沖縄県那覇市小禄1831-1,26.2029296,127.6615336,/,no,yes,,,,,no,no,no,no,no,no,,,,,,,,,,,,no,no,no,,,barrier_free_map,沖縄県バリアフリーマップ,http://okinawa-bf-map.jp/facility-info/detail?facility_id=1966,2010-05-08,1966,緊急通報装置あり / トイレ出入口形状=スライド,備考: 駐車場収容台数 220台
47,沖縄県,47213,うるま市,,具志川職業能力開発校,,,904-2241,沖縄県うるま市兼箇段1945,26.365144250062052,127.83070513372957,http://www.pref.okinawa.jp/site/shoko/shokuno-gskw/index.html,no,yes,,,,,no,no,no,no,no,no,,,,,,,,,,,,no,no,no,,,barrier_free_map,沖縄県バリアフリーマップ,http://okinawa-bf-map.jp/facility-info/detail?facility_id=1967,2018-08-28,1967,トイレ出入口形状=スライド,
47,沖縄県,47211,沖縄市,,有限会社デイサービス桃原,,,904-2164,沖縄県沖縄市桃原（字）２７４−１,26.331536555110336,127.82854370125803,/,no,yes,,,,,no,no,no,no,no,no,,,,,,,,,,,,no,no,no,,,barrier_free_map,沖縄県バリアフリーマップ,http://okinawa-bf-map.jp/facility-info/detail?facility_id=1969,2019-07-04,1969,緊急通報装置あり / トイレ出入口形状=ドア無し,備考: 駐車場収容台数 10台 / トイレ備考: ドアはアコーディオンカーテンになっています。
47,沖縄県,47328,中城村,,中城パーキングエリア上り線,,,901-2422,沖縄県中城村新垣1825番地,26.274788186854657,127.78050744232793,http://www.w-holdings.co.jp/sapa/2824.html,no,yes,,,,,yes,no,no,no,no,yes,,,,,,,,,,,,no,no,no,,,barrier_free_map,沖縄県バリアフリーマップ,http://okinawa-bf-map.jp/facility-info/detail?facility_id=1970,2018-09-03,1970,緊急通報装置あり / トイレ出入口形状=スライド,特徴･注意点: 那覇港のフライト情報あり / 備考: ETC有り / 備考: 駐車台数42台
47,沖縄県,47328,中城村,,中城パーキングエリア下り線,,,901-2422,沖縄県中城村新垣1826,26.27650327495059,127.78299256560669,http://www.w-holdings.co.jp/sapa/2829.html,no,yes,,,,,yes,no,no,no,no,yes,,,,,,,,,,,,no,no,no,,,barrier_free_map,沖縄県バリアフリーマップ,http://okinawa-bf-map.jp/facility-info/detail?facility_id=1971,2015-09-10,1971,緊急通報装置あり / トイレ出入口形状=スライド,特徴･注意点: 那覇港フライト情報有り / 備考: ETC有り / 備考: 駐車台数42台
47,沖縄県,47211,沖縄市,,愛聖ホーム和,,,904-2162,沖縄県沖縄市海邦1-15-10,26.3288375,127.834606,http://anshinkai.jp,no,yes,,,,,yes,no,yes,no,no,no,,,,,,,,,,,,no,no,no,,,barrier_free_map,沖縄県バリアフリーマップ,http://okinawa-bf-map.jp/facility-info/detail?facility_id=1972,2023-10-30,1972,緊急通報装置あり / トイレ出入口形状=スライド,特徴･注意点: 42の部屋全てに車椅子専用トイレあり。 / 備考: 正式名称 医療法人安心会 愛聖ホーム和 / 備考: 駐車場収容台数 10台
47,沖縄県,47207,石垣市,,タウンプラザかねひで石垣店,,,907-0004,沖縄県石垣市登野城642-1,24.3377572,124.1695436,/,no,yes,,,,,yes,no,yes,yes,yes,yes,,,,,,,,,,,,no,no,no,,,barrier_free_map,沖縄県バリアフリーマップ,http://okinawa-bf-map.jp/facility-info/detail?facility_id=1973,2024-03-12,1973,緊急通報装置あり / トイレ出入口形状=スライド,備考: 正式名称 金秀商事株式会社タウンプラザかねひで石垣店 / 備考: 駐車場収容台数 80台
47,沖縄県,47201,那覇市,,就労サポートセンターミラソル,,,900-0005,沖縄県那覇市安謝2-5-3 沖縄ギフトビル1階,26.235524726657825,127.6878697256015,/,yes,yes,,,,,no,no,no,no,no,no,,,,,,,,,,,,no,no,no,,no,barrier_free_map,沖縄県バリアフリーマップ,http://okinawa-bf-map.jp/facility-info/detail?facility_id=1974,2023-03-24,1974,トイレ出入口形状=スライド,
47,沖縄県,47201,那覇市,,琉球新報社本社ビル,,,900-0005,沖縄県那覇市天久905,26.2345905,127.6854851,/,yes,yes,,,,,yes,no,no,no,yes,yes,,,,,,,,,,,,no,no,no,,,barrier_free_map,沖縄県バリアフリーマップ,http://okinawa-bf-map.jp/facility-info/detail?facility_id=1976,2010-05-01,1976,緊急通報装置あり / トイレ出入口形状=スライド,備考: 駐車場収容台数31台
47,沖縄県,47201,那覇市,,本願寺沖縄別院天久新都心寺務所,,,900-0005,沖縄県那覇市天久2-18-2,26.2336684,127.685949,/,yes,yes,,,,,no,no,no,no,yes,no,,,,,,,,,,,,,no,no,,,barrier_free_map,沖縄県バリアフリーマップ,http://okinawa-bf-map.jp/facility-info/detail?facility_id=1977,2010-05-01,1977,トイレ出入口形状=スライド,備考: 駐車場収容台数20台
47,沖縄県,47328,中城村,,中城幼稚園,,,901-2405,沖縄県中城村屋宜240-1,26.2708848,127.7964582,http://academic4.plala.or.jp/nakag-s1/,no,no,,,,,no,no,no,no,no,no,,,,,,,,,,,,no,no,no,,,barrier_free_map,沖縄県バリアフリーマップ,http://okinawa-bf-map.jp/facility-info/detail?facility_id=1978,2018-09-03,1978,,備考: 駐車台数20台 / トイレ備考: 車イストイレなし
47,沖縄県,47328,中城村,,大育幼児学園,,,901-2424,沖縄県中城村南上原１０６６−６,26.243212984339003,127.76802468836057,http://www.sukusuku-nakagusuku.jp/nurseries/view/110,no,no,,,,,no,no,no,no,no,no,,,,,,,,,,,,no,no,no,,,barrier_free_map,沖縄県バリアフリーマップ,http://okinawa-bf-map.jp/facility-info/detail?facility_id=1979,2018-01-10,1979,,備考: 駐車台数30台 / トイレ備考: 車イストイレなし
47,沖縄県,47201,那覇市,,社会福祉法人若杉福祉会 若杉保育園,,,903-0802,沖縄県那覇市首里大名町1-64-5,26.232817,127.7125556,/,yes,yes,,,,,no,no,no,no,no,no,,,,,,,,,,,,no,no,yes,,,barrier_free_map,沖縄県バリアフリーマップ,http://okinawa-bf-map.jp/facility-info/detail?facility_id=1980,2010-05-08,1980,トイレ出入口形状=スライド,備考: 駐車場収容台数15台
47,沖縄県,47208,浦添市,,浦添総合病院,,,901-2132,沖縄県浦添市 伊祖4-16-1,26.2545434,127.7231203,http://jin-aikai.com/urasoe-sogo/,yes,yes,,,,,yes,no,no,no,yes,yes,,,,,,,,,,,,no,no,yes,,,barrier_free_map,沖縄県バリアフリーマップ,http://okinawa-bf-map.jp/facility-info/detail?facility_id=1982,2016-09-07,1982,緊急通報装置あり / トイレ出入口形状=スライド,備考: 正式名称 社会医療法人仁愛会 浦添総合病院 / 備考: 駐車場収容台数 100台
47,沖縄県,47201,那覇市,,デイサービスセンターゆがふ,,,903-0801,沖縄県那覇市首里末吉町1-153,26.2261316,127.7130421,/,no,yes,,,,,yes,no,no,no,no,no,,,,,,,,,,,,no,no,no,,,barrier_free_map,沖縄県バリアフリーマップ,http://okinawa-bf-map.jp/facility-info/detail?facility_id=1983,2010-05-01,1983,緊急通報装置あり / トイレ出入口形状=スライド,
47,沖縄県,47208,浦添市,,ティーダこどもクリニック,,,901-2133,沖縄県浦添市城間4-3-10-1,26.2559291,127.7145959,http://www.uraishi.or.jp/tateyama/index.html,yes,yes,,,,,yes,no,no,no,yes,yes,,,,,,,,,,,,no,no,yes,,,barrier_free_map,沖縄県バリアフリーマップ,http://okinawa-bf-map.jp/facility-info/detail?facility_id=1984,2016-09-07,1984,トイレ出入口形状=スライド,備考: 駐車場収容台数 8台
47,沖縄県,47328,中城村,,沖縄世界宣教教会,,,901-2424,沖縄県中城村南上原568,26.251668348335773,127.77090042080158,http://church.owmcs.com/,no,yes,,,,,no,no,no,no,no,no,,,,,,,,,,,,no,no,no,,,barrier_free_map,沖縄県バリアフリーマップ,http://okinawa-bf-map.jp/facility-info/detail?facility_id=1985,2018-11-05,1985,トイレ出入口形状=引戸,特徴･注意点: 施設ではどのような方でも受け入れOKです / 備考: 駐車台数30台
47,沖縄県,47201,那覇市,,日本銀行那覇支店,,,900-0006,沖縄県那覇市おもろまち1-2-1,26.2246614,127.694138,/,yes,yes,,,,,yes,yes,no,no,no,no,,,,,,,,,,,,no,no,no,,,barrier_free_map,沖縄県バリアフリーマップ,http://okinawa-bf-map.jp/facility-info/detail?facility_id=1986,2022-05-19,1986,緊急通報装置あり / トイレ出入口形状=スライド,特徴･注意点: 見学ブースがあり10名以上からガイド付きで案内します。夏休みなど学生の利用有り。 / 備考: 駐車場収容台数15台
47,沖縄県,47328,中城村,,小規模多機能型居宅介護施設 いなほ,,,901-2405,沖縄県中城村屋宜215-18,26.270885,127.796422,/,no,yes,,,,,yes,no,no,no,no,no,,,,,,,,,,,,no,no,no,,,barrier_free_map,沖縄県バリアフリーマップ,http://okinawa-bf-map.jp/facility-info/detail?facility_id=1987,2018-11-05,1987,緊急通報装置あり / トイレ出入口形状=開き戸,備考: 駐車台数12台
47,沖縄県,47208,浦添市,,浦添市立まちなと児童センター,,,901-2131,沖縄県浦添市牧港2-38-2,26.2633593,127.7245558,http://www.city.urasoe.lg.jp/docs/2014110101164/,yes,yes,,,,,no,no,no,no,no,no,,,,,,,,,,,,no,no,no,,yes,barrier_free_map,沖縄県バリアフリーマップ,http://okinawa-bf-map.jp/facility-info/detail?facility_id=1988,2024-01-29,1988,緊急通報装置あり / トイレ出入口形状=スライド,特徴･注意点: 夜間開放 第1、3火曜日18:00~20:00（平成22年1月より） 第1、3火木曜日18:00~22:00（平成22年4月より） / 備考: 要相談（電話にて対応） / トイレ備考: 一般トイレ開口幅80cm以上あり 今後、多目的トイレにオムツ台を設置予定
47,沖縄県,47201,那覇市,,ヴァインドラッグ末吉店,,,903-0801,沖縄県那覇市首里末吉町4-1-1,26.2304169,127.7065284,/,no,no,,,,,no,no,no,no,no,no,,,,,,,,,,,,no,yes,no,,,barrier_free_map,沖縄県バリアフリーマップ,http://okinawa-bf-map.jp/facility-info/detail?facility_id=1990,2015-09-10,1990,トイレ出入口形状=スライド,備考: クレジットカード使用は3000円以上 / 備考: 駐車場収容台数12台
47,沖縄県,47208,浦添市,,まちなと小児クリニック,,,901-2131,沖縄県浦添市牧港2-46-12 / メディカルプラザ牧港4階,26.2653258,127.7258917,http://www.machinatokodomo-c.com/,no,no,,,,,no,no,no,no,no,yes,,,,,,,,,,,,no,no,yes,,,barrier_free_map,沖縄県バリアフリーマップ,http://okinawa-bf-map.jp/facility-info/detail?facility_id=1991,2023-09-05,1991,緊急通報装置あり / トイレ出入口形状=開き戸,備考: 駐車場収容台数 110台 / トイレ備考: 出入口スライド、個室出入口開き戸。
47,沖縄県,47328,中城村,,中城村役場 吉の浦保育所,,,901-2406,沖縄県中城村当間847-1,26.261919664838825,127.79574022420559,/,no,yes,,,,,no,no,no,no,no,no,,,,,,,,,,,,no,yes,no,,,barrier_free_map,沖縄県バリアフリーマップ,http://okinawa-bf-map.jp/facility-info/detail?facility_id=1992,2018-09-03,1992,緊急通報装置あり / トイレ出入口形状=引戸,備考: 駐車台数20台
47,沖縄県,47211,沖縄市,,コザ介護福祉センター,,,904-2143,沖縄県沖縄市知花6-15-5,26.3619411,127.8149565,http://www.kozakaigo.com/,yes,yes,,,,,yes,no,no,no,no,no,,,,,,,,,,,,no,no,no,,,barrier_free_map,沖縄県バリアフリーマップ,http://okinawa-bf-map.jp/facility-info/detail?facility_id=1993,2016-07-12,1993,緊急通報装置あり / トイレ出入口形状=スライド,特徴･注意点: 2階に宅老所コザ苑併設昇降機有り / 備考: 駐車場収容台数30台
47,沖縄県,47211,沖縄市,,中部合同庁舎,,,904-2155,沖縄県沖縄市美原1-6-34,26.3472968,127.81988980000006,http://www.pref.okinawa.jp/site/somu/kanzai/chosha/tyuubu.html,yes,yes,,,,,yes,no,yes,no,yes,yes,,,,,,,,,,,,no,no,no,,,barrier_free_map,沖縄県バリアフリーマップ,http://okinawa-bf-map.jp/facility-info/detail?facility_id=1995,2019-03-27,1995,緊急通報装置あり / トイレ出入口形状=スライド,備考: 駐車場収容台数200台
47,沖縄県,47328,中城村,,中城村地域子育て支援センター,,,901-2406,沖縄県中城村当間847-1,26.2611996,127.7937229,/,yes,no,,,,,no,no,no,no,yes,yes,,,,,,,,,,,,no,no,yes,,,barrier_free_map,沖縄県バリアフリーマップ,http://okinawa-bf-map.jp/facility-info/detail?facility_id=1996,2020-05-15,1996,着替え台あり / トイレ出入口形状=開き戸,備考: 駐車台数20台 / トイレ備考: シャワー男女ついています。子供用のトイレも一緒についている。 車イス用トイレは男女のトイレにベビーベッド、ベビーチェア、シャワー等が整っている。車イスでも可能
47,沖縄県,47211,沖縄市,,古謝公民館 (古謝自治会),,,904-2161,沖縄県沖縄市古謝128,26.336461523329294,127.83345317368014,/,no,no,,,,,no,no,no,no,no,no,,,,,,,,,,,,yes,no,no,,,barrier_free_map,沖縄県バリアフリーマップ,http://okinawa-bf-map.jp/facility-info/detail?facility_id=1998,2010-05-01,1998,トイレ出入口形状=開き戸,特徴･注意点: 出入り口にスロープあり / 備考: 駐車場収容台数4台 駐車場に屋根あり / トイレ備考: 男1、女1 トイレ入口幅68cm、入口段差10cm、洗面台高さ72cm 個室入口幅60cm、便座高さ39cm、手すり72cm
47,沖縄県,47328,中城村,,中城村なかよし児童館,,,901-2406,沖縄県中城村当間847-1,26.261685483363667,127.79408768042607,/,no,yes,,,,,no,no,no,no,no,no,,,,,,,,,,,,no,no,yes,,,barrier_free_map,沖縄県バリアフリーマップ,http://okinawa-bf-map.jp/facility-info/detail?facility_id=1999,2018-01-10,1999,緊急通報装置あり / トイレ出入口形状=引戸,備考: 吉の浦保育所に併設 / 備考: 駐車台数20台 / トイレ備考: 施錠:高い位置に有り
47,沖縄県,47208,浦添市,,バークレ-ズコート,,,901-2104,沖縄県浦添市沖縄県浦添当山2丁目2-2-4,26.2523661,127.7363666,http://barclayscourt.com/,yes,yes,,,,,yes,no,no,no,yes,no,,,,,,,,,,,,no,no,no,,,barrier_free_map,沖縄県バリアフリーマップ,http://okinawa-bf-map.jp/facility-info/detail?facility_id=2000,2023-08-22,2000,緊急通報装置あり / トイレ出入口形状=スライド,備考: 営業時間はテナントによって変わります。 / 備考: 駐車場収容台数 940台
47,沖縄県,47328,中城村,,ハートライフ病院,,,901-2417,沖縄県中城村伊集208,26.237907,127.771023,http://www.heartlife.or.jp/hospital/,yes,yes,,,,,yes,no,no,no,yes,yes,,,,,,,,,,,,no,yes,yes,,,barrier_free_map,沖縄県バリアフリーマップ,http://okinawa-bf-map.jp/facility-info/detail?facility_id=2001,2018-01-10,2001,緊急通報装置あり / トイレ出入口形状=引戸,備考: 駐車台数300台
47,沖縄県,47211,沖縄市,,大里公民館,,,904-2163,沖縄県沖縄市大里2-13-25,26.3284999,127.8247067,http://www.city.okinawa.okinawa.jp/about/4697/11949,no,no,,,,,no,no,no,no,no,no,,,,,,,,,,,,yes,no,no,,,barrier_free_map,沖縄県バリアフリーマップ,http://okinawa-bf-map.jp/facility-info/detail?facility_id=2002,2019-03-28,2002,トイレ出入口形状=開き戸,備考: 大里自治会事務所 / 備考: 駐車場収容台数8台 斜面、段差有り。 / トイレ備考: 入口76cm、段差5cm、便座入口60cm、便座45cm、手すり47cm 洗面台69cm
47,沖縄県,47328,中城村,,ハイジ福祉会グリーンホーム,,,901-2422,沖縄県中城村新垣1583,26.276279064366275,127.78443700370487,http://www.haiji.or.jp/greenhome/index.html,no,no,,,,,no,no,no,no,no,no,,,,,,,,,,,,yes,no,no,,,barrier_free_map,沖縄県バリアフリーマップ,http://okinawa-bf-map.jp/facility-info/detail?facility_id=2003,2018-01-10,2003,,備考: 駐車台数5台 / トイレ備考: 段差5cm 車イストイレなし
47,沖縄県,47328,中城村,,デイサービスセンター野の花,,,901-2421,沖縄県中城村登又420-2,26.28250892117979,127.78553918874658,/,no,yes,,,,,yes,no,no,no,no,no,,,,,,,,,,,,no,no,no,,,barrier_free_map,沖縄県バリアフリーマップ,http://okinawa-bf-map.jp/facility-info/detail?facility_id=2004,2018-01-10,2004,緊急通報装置あり / トイレ出入口形状=開き戸,備考: 駐車台数15台
47,沖縄県,47213,うるま市,,美原保育園,,,904-1111,沖縄県うるま市石川東恩納1512-3,26.405852736487585,127.83252228836056,http://www.ans.co.jp/n/mihara/1.html,no,yes,,,,,no,no,no,no,no,no,,,,,,,,,,,,yes,yes,no,,,barrier_free_map,沖縄県バリアフリーマップ,http://okinawa-bf-map.jp/facility-info/detail?facility_id=2005,2018-07-23,2005,トイレ出入口形状=スライド,備考: 正式名称 社会福祉法人美原福祉会 美原保育園 / 備考: 駐車場収容台数 50台
47,沖縄県,47213,うるま市,,うるま市民芸術劇場,,,904-2226,沖縄県うるま市仲嶺175,26.3572337,127.8504813,/,no,yes,,,,,no,no,no,no,no,no,,,,,,,,,,,,yes,no,no,,,barrier_free_map,沖縄県バリアフリーマップ,http://okinawa-bf-map.jp/facility-info/detail?facility_id=2006,2020-06-26,2006,緊急通報装置あり / トイレ出入口形状=スライド,備考: 正式名称 うるま市民芸術劇場 / 備考: 駐車場台数375台 / トイレ備考: 和式個数：男子 1室 女子 4室 洋式個数：男子 1室 女子 12室
47,沖縄県,47328,中城村,,デイサービスセンター桜の杜,,,901-2403,沖縄県中城村伊舎堂284-29,26.272676429026077,127.8020150558198,http://www.longpine-okinawa.com/,no,yes,,,,,yes,no,no,no,no,no,,,,,,,,,,,,no,no,no,,,barrier_free_map,沖縄県バリアフリーマップ,http://okinawa-bf-map.jp/facility-info/detail?facility_id=2007,2018-09-04,2007,緊急通報装置あり / トイレ出入口形状=開き戸,特徴･注意点: 温水プール有り / 備考: 駐車台数3台
47,沖縄県,47208,浦添市,,ロクト整形外科クリニック,,,901-2131,沖縄県浦添市牧港2-46-12 / メディカルプラザ牧港2階,26.265275289051395,127.72606336137702,http://www.rokuto.com,no,yes,,,,,no,no,no,yes,no,no,,,,,,,,,,,,no,no,no,,,barrier_free_map,沖縄県バリアフリーマップ,http://okinawa-bf-map.jp/facility-info/detail?facility_id=2008,2019-05-27,2008,緊急通報装置あり / トイレ出入口形状=スライド,特徴･注意点: 日曜日が祭日にあたった場合は、日曜は診療で月曜日が休診になります。 / 備考: 駐車場収容台数 110台
47,沖縄県,47328,中城村,,サンエーなかぐすく店,,,901-2424,沖縄県中城村南上原795,26.249242,127.77442229999997,http://www.san-a.co.jp/,yes,yes,,,,,yes,no,yes,no,yes,yes,,,,,,,,,,,,no,no,yes,,,barrier_free_map,沖縄県バリアフリーマップ,http://okinawa-bf-map.jp/facility-info/detail?facility_id=2009,2020-05-19,2009,緊急通報装置あり / 着替え台あり / トイレ出入口形状=引戸,備考: クレジット:一部のぞく / 備考: 駐車台数200台 係員:お盆時
47,沖縄県,47213,うるま市,,新夢咲公園,,,904-2162,沖縄県うるま市州崎８−２１,26.327858812323253,127.85417258518065,/,no,yes,,,,,no,no,yes,no,no,no,,,,,,,,,,,,no,no,no,,,barrier_free_map,沖縄県バリアフリーマップ,http://okinawa-bf-map.jp/facility-info/detail?facility_id=2010,2019-03-28,2010,トイレ出入口形状=スライド,特徴･注意点: 展望台までのスロープ有り / 備考: 098-938-7711（管理事務所） / 備考: 駐車場収容台数50台、45台の2箇所有り / トイレ備考: 入口幅82cm、便座84cm、手すり71cm洗面台75cm 身障者用トイレ広い（入口マーク無し。雨漏りあり。施錠は故障中） 使用不可のトイレ以外は外から施錠しておりません。
47,沖縄県,47211,沖縄市,,東桃原地区学習等供用施設 （東桃原自治会）,,,904-2164,沖縄県沖縄市桃原1-2-15,26.32997228641809,127.82760584615426,http://www.city.okinawa.okinawa.jp/about/4697/11950,no,yes,,,,,no,no,no,no,no,no,,,,,,,,,,,,no,no,no,,,barrier_free_map,沖縄県バリアフリーマップ,http://okinawa-bf-map.jp/facility-info/detail?facility_id=2011,2019-07-04,2011,トイレ出入口形状=スライド,備考: 098-934-0300（東桃原自治会事務所） / 備考: 駐車場収容台数4台 / トイレ備考: ドア93cm、便座45cm、手すり73cm 車イス専用と女子といれが一緒になっている。
47,沖縄県,47328,中城村,,わくさん内科,,,901-2405,沖縄県中城村屋宜597-13,26.2711958,127.7915558,http://www.chubu-ishikai.or.jp/cma_public/search_institution/InstitutionDetail.aspx?InstitutionCd=440,no,yes,,,,,yes,no,no,no,no,no,,,,,,,,,,,,no,no,no,,,barrier_free_map,沖縄県バリアフリーマップ,http://okinawa-bf-map.jp/facility-info/detail?facility_id=2012,2018-09-04,2012,緊急通報装置あり / トイレ出入口形状=開き戸,備考: 駐車台数17台
47,沖縄県,47328,中城村,,ゆらてぃく公園,,,901-2424,沖縄県中城村南上原754-6,26.2458034,127.769295,/,no,no,,,,,no,no,no,no,no,no,,,,,,,,,,,,,no,no,,,barrier_free_map,沖縄県バリアフリーマップ,http://okinawa-bf-map.jp/facility-info/detail?facility_id=2013,2019-10-31,2013,,備考: 駐車場なし 公民館駐車場 / トイレ備考: トイレなし
47,沖縄県,47208,浦添市,,沖縄県中央卸売市場,,,901-2128,沖縄県浦添市伊奈武瀬1-11-1,26.2488006,127.6697524,http://www.pref.okinawa.lg.jp/site/norin/oroshiuri/index.html,no,yes,,,,,no,no,no,no,no,no,,,,,,,,,,,,no,no,no,,,barrier_free_map,沖縄県バリアフリーマップ,http://okinawa-bf-map.jp/facility-info/detail?facility_id=2014,2016-09-14,2014,緊急通報装置あり / トイレ出入口形状=スライド,特徴･注意点: 中央卸売市場では、毎日県内外や外国から数多くの生鮮食料品等（野菜、果実、花き）が集められ、中卸業者などが買い付け小売商へ売られていく。 普段は一般の方の利用は出来ないが、年に一度施設内の祭りがあり、その日は生鮮食品が安値で手に入るとの事です。 車椅子対応トイレ1ヶ所。 / 備考: 駐車場収容台数 1000台
47,沖縄県,47328,中城村,,老人デイサービスセンターひふみ,,,901-2423,沖縄県中城村北上原693,26.26258261282844,127.77135334418027,http://hifumi123.info/,no,yes,,,,,no,no,yes,no,no,no,,,,,,,,,,,,no,no,no,,,barrier_free_map,沖縄県バリアフリーマップ,http://okinawa-bf-map.jp/facility-info/detail?facility_id=2015,2018-01-10,2015,緊急通報装置あり / トイレ出入口形状=スライド,特徴･注意点: シャワー室有り 浴槽もある / 備考: 駐車台数6台 / トイレ備考: カーテン有り
47,沖縄県,47211,沖縄市,,生活介護事業所みさき,,,904-2174,沖縄県沖縄市与儀368,26.3114929,127.8156219,/,no,yes,,,,,yes,no,no,no,no,no,,,,,,,,,,,,,no,no,,,barrier_free_map,沖縄県バリアフリーマップ,http://okinawa-bf-map.jp/facility-info/detail?facility_id=2016,2019-07-04,2016,トイレ出入口形状=ドア無し,備考: ・駐車台数15台 ・駐車場は1台ずつの区切りは無い（身障者用の看板有り） / トイレ備考: トイレ出入口形状はカーテンになっている
47,沖縄県,47208,浦添市,,医療法人菜の花会 佐久田脳神経外科・外科,,,901-2131,沖縄県浦添市牧港2-46-12 メディカルプラザ牧港101 / ディカルプラザ牧港1階,26.266202154228775,127.72559075484706,http://sakutansgk.or.jp/,no,yes,,,,,no,no,no,no,no,no,,,,,,,,,,,,no,no,no,,,barrier_free_map,沖縄県バリアフリーマップ,http://okinawa-bf-map.jp/facility-info/detail?facility_id=2017,2019-05-27,2017,緊急通報装置あり / トイレ出入口形状=スライド,備考: 駐車場収容台数 110台
47,沖縄県,47211,沖縄市,,沖縄市立泡瀬保育所,,,904-2172,沖縄県沖縄市泡瀬6-27-1,26.33023762993075,127.83248322698367,http://www.city.okinawa.okinawa.jp/kodomo/nursery/1486529114/,no,no,,,,,no,no,no,no,no,no,,,,,,,,,,,,yes,no,no,,,barrier_free_map,沖縄県バリアフリーマップ,http://okinawa-bf-map.jp/facility-info/detail?facility_id=2018,2019-05-13,2018,トイレ出入口形状=ドア無し,備考: 駐車場収容台数3台 / トイレ備考: トイレ入口段差10cm、幅77cm 子供用3個(洋式のみ)高さ27cm、ドア61cm、洗面台50cm 大人用2個(洋式1、和式1、）高さ38cm、ドア61cm、洗面台68cm
47,沖縄県,47208,浦添市,,浦添市立宮城ヶ原保育所,,,901-2126,沖縄県浦添市宮城2-4-1,26.24966834376733,127.70699501960873,http://www.city.urasoe.lg.jp/hoikusho_yochien/hoikusho_miyagigahara/,no,no,,,,,no,no,no,no,no,no,,,,,,,,,,,,yes,no,no,,,barrier_free_map,沖縄県バリアフリーマップ,http://okinawa-bf-map.jp/facility-info/detail?facility_id=2019,2023-11-21,2019,トイレ出入口形状=開き戸,備考: 駐車場収容台数 10台 / トイレ備考: 一般トイレ段差あり 出入口段差3cm
47,沖縄県,47211,沖縄市,,沖縄市立越来保育所,,,904-0002,沖縄県沖縄市城前１丁目１４−４０,26.340901470262455,127.81087665030137,/,no,no,,,,,no,no,no,no,no,no,,,,,,,,,,,,yes,no,no,,,barrier_free_map,沖縄県バリアフリーマップ,http://okinawa-bf-map.jp/facility-info/detail?facility_id=2020,2010-05-01,2020,トイレ出入口形状=ドア無し,備考: 駐車場収容台数10台
47,沖縄県,47211,沖縄市,,沖縄市ITワークプラザ,,,904-2172,沖縄県沖縄市泡瀬3-47-10,26.3147652,127.836331,http://www.oiw.city.okinawa.okinawa.jp/index.html,yes,yes,,,,,yes,no,no,yes,yes,no,,,,,,,,,,,,no,no,no,,,barrier_free_map,沖縄県バリアフリーマップ,http://okinawa-bf-map.jp/facility-info/detail?facility_id=2021,2020-05-05,2021,緊急通報装置あり / トイレ出入口形状=スライド,備考: 駐車場収容台数20台 / トイレ備考: 便座46cm、手すり71cm、洗面台75cm洗面台手すり77cm、ベビーベッド85cm、入口87cm
47,沖縄県,47328,中城村,,津覇幼稚園,,,901-2413,沖縄県中城村津覇1182,26.2488199,127.7803857,/,no,no,,,,,no,no,no,no,no,no,,,,,,,,,,,,yes,no,no,,,barrier_free_map,沖縄県バリアフリーマップ,http://okinawa-bf-map.jp/facility-info/detail?facility_id=2022,2018-09-04,2022,,備考: 駐車台数30台 / トイレ備考: 車イストイレなし 入口段差7cm
47,沖縄県,47211,沖縄市,,泡瀬公民館 (泡瀬自治会事務),,,904-2172,沖縄県沖縄市泡瀬2-3-26,26.318252696471173,127.83343880645941,http://www02.bbc.city.okinawa.okinawa.jp/oki/comm/zia3/kinrin.htm,yes,yes,,,,,no,no,no,no,no,no,,,,,,,,,,,,no,no,no,,,barrier_free_map,沖縄県バリアフリーマップ,http://okinawa-bf-map.jp/facility-info/detail?facility_id=2023,2019-07-05,2023,トイレ出入口形状=ドア無し,特徴･注意点: 2階体育館、たたみ間が72畳調理室、学習室あり。 / 備考: 駐車場収容台数80台 / トイレ備考: ドアはアコーディオンカーテン 便座44cm、手すり71cm、洗面台76cm、入口103cm
47,沖縄県,47208,浦添市,,浦添市立宮城ヶ原児童センター,,,901-2126,沖縄県浦添市宮城2-4-1,26.24951230476108,127.70702651709006,http://syncopation-okinawa.com,yes,yes,,,,,no,no,no,no,yes,no,,,,,,,,,,,,no,no,yes,,yes,barrier_free_map,沖縄県バリアフリーマップ,http://okinawa-bf-map.jp/facility-info/detail?facility_id=2024,2024-01-29,2024,緊急通報装置あり / トイレ出入口形状=スライド,トイレ備考: 一般トイレ段差あり 開口幅80cm以上 なし
47,沖縄県,47211,沖縄市,,海邦町自治会,,,904-2162,沖縄県沖縄市海邦2-14-11,26.3315555,127.8355973,/,no,no,,,,,no,no,no,no,no,no,,,,,,,,,,,,yes,no,no,,,barrier_free_map,沖縄県バリアフリーマップ,http://okinawa-bf-map.jp/facility-info/detail?facility_id=2025,2010-05-01,2025,トイレ出入口形状=開き戸,"備考: 駐車場収容台数5台 / トイレ備考: 車イス専用トイレ無し。入口段差25cm、幅71cm,便座38cm"
47,沖縄県,47328,中城村,,ひが皮膚科クリニック,,,901-2401,沖縄県中城村久場12-18,26.2844009,127.8151894,http://byoinnavi.jp/clinic/107534,no,yes,,,,,yes,no,no,no,no,no,,,,,,,,,,,,yes,no,no,,,barrier_free_map,沖縄県バリアフリーマップ,http://okinawa-bf-map.jp/facility-info/detail?facility_id=2027,2018-09-04,2027,緊急通報装置あり / トイレ出入口形状=引戸,備考: 駐車台数15台 / トイレ備考: 段差5cm
47,沖縄県,47328,中城村,,我部祖河食堂 中城店,,,901-2401,沖縄県中頭郡中城村字久場2018-1,26.281060791676968,127.8140500232788,http://www.gabusokasoba.com/,no,yes,,,,,yes,no,no,no,no,no,,,,,,,,,,,,no,no,no,,,barrier_free_map,沖縄県バリアフリーマップ,http://okinawa-bf-map.jp/facility-info/detail?facility_id=2028,2024-02-15,2028,トイレ出入口形状=引戸,備考: 駐車台数70台
47,沖縄県,47201,那覇市,,叶クリニック,,,903-0804,沖縄県那覇市首里石嶺町4-9-1,26.2284016,127.7316267,/,yes,yes,,,,,yes,no,no,no,yes,no,,,,,,,,,,,,no,no,no,,,barrier_free_map,沖縄県バリアフリーマップ,http://okinawa-bf-map.jp/facility-info/detail?facility_id=2029,2010-05-01,2029,緊急通報装置あり / トイレ出入口形状=開き戸,備考: 駐車場収容台数15台(地下屋根有り、地上屋根無し） / トイレ備考: 男用は小便器のみ(手すり有り)
47,沖縄県,47201,那覇市,,風のうた保育園,,,900-0003,沖縄県那覇市安謝2-29-26,26.2368681,127.6913038,/,yes,yes,,,,,yes,no,no,no,no,no,,,,,,,,,,,,no,yes,yes,,,barrier_free_map,沖縄県バリアフリーマップ,http://okinawa-bf-map.jp/facility-info/detail?facility_id=2030,2010-05-01,2030,トイレ出入口形状=スライド,備考: 駐車場収容台数14台 表示はないが妊婦さん等利用可
47,沖縄県,47328,中城村,,伊舎堂公民館,,,901-2403,沖縄県中城村伊舎堂字伊舎堂113,26.2763234,127.80088820000003,/,no,yes,,,,,no,no,no,no,no,no,,,,,,,,,,,,no,no,no,,,barrier_free_map,沖縄県バリアフリーマップ,http://okinawa-bf-map.jp/facility-info/detail?facility_id=2031,2020-05-25,2031,トイレ出入口形状=開き戸,備考: 駐車台数20台
47,沖縄県,47328,中城村,,中城村農村環境改善センター（吉ノ浦会館）,,,901-2407,沖縄県中城村安里187-1,26.258785680811314,127.79198011719666,http://www.vill.nakagusuku.okinawa.jp/detail.jsp?id=52764&menuid=11492&funcid=1,no,yes,,,,,no,no,no,no,no,no,,,,,,,,,,,,no,no,no,,,barrier_free_map,沖縄県バリアフリーマップ,http://okinawa-bf-map.jp/facility-info/detail?facility_id=2032,2018-01-11,2032,トイレ出入口形状=引戸,備考: ※毎週火曜日(火曜日が国民の祝日及び慰霊の日に当たる場合は、その翌日) / 備考: 駐車台数130台
47,沖縄県,47201,那覇市,,(有限会社)ビッグ開発本社,,,900-0002,沖縄県那覇市曙3-6-1,26.24144,127.6878095,/,yes,yes,,,,,yes,no,no,no,yes,no,,,,,,,,,,,,no,no,no,,,barrier_free_map,沖縄県バリアフリーマップ,http://okinawa-bf-map.jp/facility-info/detail?facility_id=2034,2010-05-01,2034,緊急通報装置あり / トイレ出入口形状=スライド,備考: 駐車場収容台数15台
47,沖縄県,47328,中城村,,中城村老人福祉センター,,,901-2404,沖縄県中城村添石236,26.27443052682945,127.79888995529473,/,no,yes,,,,,no,no,no,no,no,no,,,,,,,,,,,,no,no,no,,,barrier_free_map,沖縄県バリアフリーマップ,http://okinawa-bf-map.jp/facility-info/detail?facility_id=2035,2018-09-05,2035,トイレ出入口形状=ドア無し,備考: 駐車台数20台 / トイレ備考: ドアなしカーテン
47,沖縄県,47201,那覇市,,こじか保育園,,,900-0005,沖縄県那覇市天久2-5-35,26.2321547,127.6876462,/,yes,yes,,,,,yes,no,no,no,no,no,,,,,,,,,,,,no,no,yes,,,barrier_free_map,沖縄県バリアフリーマップ,http://okinawa-bf-map.jp/facility-info/detail?facility_id=2036,2010-05-01,2036,緊急通報装置あり / トイレ出入口形状=スライド,備考: 駐車場収容台数12台
47,沖縄県,47328,中城村,,中城村民体育館,,,901-2407,沖縄県中城村安里190,26.259403972114654,127.79203558095092,http://www.vill.nakagusuku.okinawa.jp/detail.jsp?id=52764&menuid=11492&funcid=1,no,yes,,,,,no,no,no,no,no,no,,,,,,,,,,,,yes,no,no,,,barrier_free_map,沖縄県バリアフリーマップ,http://okinawa-bf-map.jp/facility-info/detail?facility_id=2037,2018-01-11,2037,トイレ出入口形状=開き戸,備考: ※(火曜日が国民の祝日及び慰霊の日に当たる場合は、その翌日) 12月28日から翌年の1月4日まで / 備考: 駐車台数200台 / トイレ備考: 段差1㎝
47,沖縄県,47213,うるま市,,高江洲農村公園,,,904-2242,沖縄県うるま市高江洲54-7,26.348291236400527,127.84583186190184,/,no,no,,,,,no,no,no,no,no,no,,,,,,,,,,,,no,no,no,,,barrier_free_map,沖縄県バリアフリーマップ,http://okinawa-bf-map.jp/facility-info/detail?facility_id=2038,2018-08-28,2038,トイレ出入口形状=ドア無し,特徴･注意点: 駐車場とトイレは高江洲公民館と供用 / 備考: 公園管理 （うるま市 地域管理課 098-974-3111) / 備考: 駐車場は高江洲公民館と供用 / トイレ備考: トイレは高江洲公民館と供用
47,沖縄県,47201,那覇市,,かつれん内科クリニック,,,900-0004,沖縄県那覇市銘苅3-9-18,26.2368518,127.6963063,http://touseki.org/,yes,yes,,,,,no,no,no,no,no,no,,,,,,,,,,,,no,no,no,,,barrier_free_map,沖縄県バリアフリーマップ,http://okinawa-bf-map.jp/facility-info/detail?facility_id=2042,2010-05-01,2042,緊急通報装置あり / トイレ出入口形状=スライド,備考: 駐車場収容台数約30台
47,沖縄県,47211,沖縄市,,社会福祉法人大輪福祉会 若松保育園,,,904-2173,沖縄県沖縄市比屋根4-31-40,26.3145483,127.819527,http://www.wakamatsu-hoikuen.com/,no,yes,,,,,no,no,yes,no,no,no,,,,,,,,,,,,,no,yes,,,barrier_free_map,沖縄県バリアフリーマップ,http://okinawa-bf-map.jp/facility-info/detail?facility_id=2043,2016-07-13,2043,緊急通報装置あり / トイレ出入口形状=スライド,特徴･注意点: ・増改築して築3年 ・各教室にオストメイト有り ・アトピーの子のための食事対応有り ・ひとりひとりに対応した食事対応
47,沖縄県,47201,那覇市,,コナミスポーツクラブ沖縄,,,900-0005,沖縄県那覇市天久902,26.2351794,127.68591,/,yes,yes,,,,,yes,no,no,yes,no,no,,,,,,,,,,,,no,no,no,,,barrier_free_map,沖縄県バリアフリーマップ,http://okinawa-bf-map.jp/facility-info/detail?facility_id=2044,2019-10-31,2044,緊急通報装置あり / トイレ出入口形状=スライド,備考: 駐車場収容台数200台 / トイレ備考: 洋式トイレ男1、女2 開口幅は58cm
47,沖縄県,47328,中城村,,中城村役場（庁舎）,,,901-2406,沖縄県中城村当間176,26.26879081129237,127.78976448863818,http://www.vill.nakagusuku.okinawa.jp/menuIndex.jsp?id=52832&menuid=11506&funcid=28,no,no,,,,,no,no,no,no,no,no,,,,,,,,,,,,yes,no,no,,,barrier_free_map,沖縄県バリアフリーマップ,http://okinawa-bf-map.jp/facility-info/detail?facility_id=2045,2018-09-05,2045,,備考: 駐車台数20台 / トイレ備考: 車椅子用トイレなし
47,沖縄県,47201,那覇市,,アメカル耳鼻科クリニック,,,900-0004,沖縄県那覇市銘苅3-9-23,26.2365712,127.6963702,/,yes,yes,,,,,no,no,no,no,yes,no,,,,,,,,,,,,no,no,no,,,barrier_free_map,沖縄県バリアフリーマップ,http://okinawa-bf-map.jp/facility-info/detail?facility_id=2046,2010-05-01,2046,緊急通報装置あり / トイレ出入口形状=スライド,備考: 駐車場収容台数約30台(供用) / トイレ備考: 洋式トイレ手すりは可動
47,沖縄県,47201,那覇市,,沖縄県南部合同庁舎,,,900-0029,沖縄県那覇市旭116-37,26.2100292,127.6769724,/,yes,yes,,,,,no,no,yes,no,yes,no,,,,,,,,,,,,no,no,no,,,barrier_free_map,沖縄県バリアフリーマップ,http://okinawa-bf-map.jp/facility-info/detail?facility_id=2047,2023-02-08,2047,緊急通報装置あり / 着替え台あり / トイレ出入口形状=スライド,トイレ備考: ※二階
47,沖縄県,47211,沖縄市,,沖縄市立南桃原保育所,,,904-0035,沖縄県沖縄市南桃原2-25-16,26.318797822029847,127.78142517672121,http://www.city.okinawa.okinawa.jp/kodomo/nursery/1486529821/,no,no,,,,,no,no,no,no,no,no,,,,,,,,,,,,yes,yes,yes,,,barrier_free_map,沖縄県バリアフリーマップ,http://okinawa-bf-map.jp/facility-info/detail?facility_id=2048,2019-04-03,2048,トイレ出入口形状=ドア無し,備考: 駐車台数40台 / トイレ備考: 子供用・大人用1つずつ 段差6㎝
47,沖縄県,47213,うるま市,,あおば歯科クリニック,,,904-2214,沖縄県うるま市安慶名385-2,26.37105753793601,127.84641287588806,http://aobashikaclinic.com/,no,yes,,,,,yes,no,no,no,yes,no,,,,,,,,,,,,no,no,no,,,barrier_free_map,沖縄県バリアフリーマップ,http://okinawa-bf-map.jp/facility-info/detail?facility_id=2049,2018-08-29,2049,トイレ出入口形状=スライド,備考: 午前 最終受付時間 12:30 午後 最終受付時間18:30 / 備考: 駐車台数7台
47,沖縄県,47201,那覇市,,よざクリニック,,,900-0014,沖縄県那覇市松尾2-2-25-4,26.2140846,127.6851424,/,yes,yes,,,,,yes,no,no,no,yes,no,,,,,,,,,,,,no,no,no,,,barrier_free_map,沖縄県バリアフリーマップ,http://okinawa-bf-map.jp/facility-info/detail?facility_id=2050,2014-09-11,2050,緊急通報装置あり / トイレ出入口形状=スライド,備考: 駐車場収容台数23台
47,沖縄県,47211,沖縄市,,沖縄市上下水道局,,,904-2196,沖縄県沖縄市美里5-28-1,26.3537319,127.8110092,http://www.city.okinawa.okinawa.jp/kurashi/jougesuidou/index.html,no,yes,,,,,no,no,no,no,no,no,,,,,,,,,,,,no,no,no,,,barrier_free_map,沖縄県バリアフリーマップ,http://okinawa-bf-map.jp/facility-info/detail?facility_id=2051,2022-09-27,2051,緊急通報装置あり / トイレ出入口形状=スライド,特徴･注意点: 1Fトイレ横にベビーベッド有 / 備考: 正式名称 沖縄市上下水道局総務課 / 備考: 駐車台数43台
47,沖縄県,47211,沖縄市,,アワセそば食堂,,,904-2171,沖縄県沖縄市高原5-3-9,26.323881127911037,127.82636546204071,http://awasesoba-syokudo.com/,no,yes,,,,,no,no,no,no,no,no,,,,,,,,,,,,no,no,no,,,barrier_free_map,沖縄県バリアフリーマップ,http://okinawa-bf-map.jp/facility-info/detail?facility_id=2052,2019-04-03,2052,トイレ出入口形状=スライド,備考: 駐車台数24台
47,沖縄県,47211,沖縄市,,沖縄市立嘉間良保育所,,,904-0005,沖縄県沖縄市嘉間良1-4-46,26.3404899,127.805097,/,no,no,,,,,no,no,no,no,no,no,,,,,,,,,,,,yes,no,no,,,barrier_free_map,沖縄県バリアフリーマップ,http://okinawa-bf-map.jp/facility-info/detail?facility_id=2053,2010-05-01,2053,トイレ出入口形状=ドア無し,備考: 駐車台数8台 / トイレ備考: 車椅子トイレなし
47,沖縄県,47201,那覇市,,御菓子御殿松尾店,,,900-0014,沖縄県那覇市松尾1-2-5,26.2139345,127.6815954,/,yes,yes,,,,,yes,no,no,no,yes,yes,,,,,,,,,,,,no,yes,no,,,barrier_free_map,沖縄県バリアフリーマップ,http://okinawa-bf-map.jp/facility-info/detail?facility_id=2054,2019-07-02,2054,緊急通報装置あり / 着替え台あり / トイレ出入口形状=スライド,備考: 駐車場無し
47,沖縄県,47211,沖縄市,,室川公民館 (室川自治会事務所),,,904-0013,沖縄県沖縄市室川2-11-12,26.336005734735124,127.80839114477465,http://www.city.okinawa.okinawa.jp/about/130/4697/11897,no,no,,,,,no,no,no,no,yes,no,,,,,,,,,,,,yes,yes,no,,,barrier_free_map,沖縄県バリアフリーマップ,http://okinawa-bf-map.jp/facility-info/detail?facility_id=2055,2019-05-14,2055,トイレ出入口形状=引戸,特徴･注意点: 外から中に入る分にはスロープがついていて出入りは可能 / 備考: 駐車台数4台 / トイレ備考: 段差1㎝
47,沖縄県,47213,うるま市,,石川青少年の家,,,904-1106,沖縄県うるま市石川3491-2,26.445714,127.8354437,http://www.unai-sc.net/,no,yes,,,,,yes,no,no,no,no,no,,,,,,,,,,,,no,no,no,,,barrier_free_map,沖縄県バリアフリーマップ,http://okinawa-bf-map.jp/facility-info/detail?facility_id=2056,2020-05-06,2056,トイレ出入口形状=開き戸,
47,沖縄県,47211,沖縄市,,安慶田公民館 (安慶田自治会事務所),,,904-0012,沖縄県沖縄市安慶田2-19-27,26.33499684326578,127.81204956762802,/,no,no,,,,,no,no,no,no,no,no,,,,,,,,,,,,yes,no,no,,,barrier_free_map,沖縄県バリアフリーマップ,http://okinawa-bf-map.jp/facility-info/detail?facility_id=2057,2010-05-01,2057,トイレ出入口形状=開き戸,備考: 駐車台数8台
47,沖縄県,47211,沖縄市,,高原公民館 （高原自治会事務所）,,,904-2171,沖縄県沖縄市高原4-5-40,26.32422544079201,127.81999856088214,/,yes,yes,,,,,no,no,no,no,yes,no,,,,,,,,,,,,no,yes,no,,,barrier_free_map,沖縄県バリアフリーマップ,http://okinawa-bf-map.jp/facility-info/detail?facility_id=2058,2016-07-14,2058,着替え台あり / トイレ出入口形状=スライド,
47,沖縄県,47211,沖縄市,,沖縄市消防本部,,,904-2153,沖縄県沖縄市美里5-29-1,26.3537833,127.8093656,http://www.city.okinawa.okinawa.jp/organize/1008,no,yes,,,,,no,no,no,no,no,no,,,,,,,,,,,,no,no,no,,,barrier_free_map,沖縄県バリアフリーマップ,http://okinawa-bf-map.jp/facility-info/detail?facility_id=2059,2016-07-14,2059,緊急通報装置あり / トイレ出入口形状=スライド,備考: 駐車台数40台
47,沖縄県,47208,浦添市,,平安病院,,,901-2111,沖縄県浦添市経塚346,26.235123,127.7244936,http://www.heian-hp.or.jp,no,yes,,,,,no,no,no,no,no,no,,,,,,,,,,,,no,no,no,,,barrier_free_map,沖縄県バリアフリーマップ,http://okinawa-bf-map.jp/facility-info/detail?facility_id=2060,2019-05-28,2060,緊急通報装置あり / トイレ出入口形状=スライド,備考: 正式名称 医療法人へいあん平安病院 / 備考: 駐車場収容台数 40台
47,沖縄県,47201,那覇市,,沖縄サンプラザホテル,,,902-0067,沖縄県那覇市安里138,26.2203756,127.6912247,http://okinawa-sunplaza.com/,no,no,,,,,yes,no,no,no,no,no,,,,,,,,,,,,yes,no,no,,,barrier_free_map,沖縄県バリアフリーマップ,http://okinawa-bf-map.jp/facility-info/detail?facility_id=2061,2023-12-01,2061,緊急通報装置あり / トイレ出入口形状=開き戸,
47,沖縄県,47211,沖縄市,,沖縄市保健相談センター,,,904-2143,沖縄県沖縄市知花6-36-17,26.366710665984492,127.81882746329482,http://www.city.okinawa.okinawa.jp/kurashi/586/606,yes,yes,,,,,no,no,no,no,yes,no,,,,,,,,,,,,no,no,no,,,barrier_free_map,沖縄県バリアフリーマップ,http://okinawa-bf-map.jp/facility-info/detail?facility_id=2062,2016-07-14,2062,着替え台あり / トイレ出入口形状=スライド,備考: 駐車台数25台
47,沖縄県,47211,沖縄市,,沖縄市働く婦人家,,,904-0004,沖縄県沖縄市中央4-15-12,26.3426646,127.7995474,/,no,no,,,,,no,no,no,no,no,no,,,,,,,,,,,,no,no,no,,,barrier_free_map,沖縄県バリアフリーマップ,http://okinawa-bf-map.jp/facility-info/detail?facility_id=2063,2010-05-01,2063,トイレ出入口形状=ドア無し,備考: 駐車場の警備は夕方５時３０分から朝８時迄常駐しています。土日祝は常時おります。 / トイレ備考: トイレドア幅54cm、トイレ入り口72cm
47,沖縄県,47208,浦添市,,徳山歯科,,,901-2131,沖縄県浦添市牧港2-46-12 / メディカルプラザ牧港4階,26.2653258,127.7258917,/,yes,yes,,,,,no,no,no,no,no,yes,,,,,,,,,,,,no,no,no,,,barrier_free_map,沖縄県バリアフリーマップ,http://okinawa-bf-map.jp/facility-info/detail?facility_id=2064,2019-05-28,2064,トイレ出入口形状=スライド,特徴･注意点: 困った事があれば声をかけて頂ければ対応可能との事。 / 備考: 駐車場収容台数 110台
47,沖縄県,47211,沖縄市,,吉原公民館(沖縄市吉原自治会),,,904-2153,沖縄県沖縄市美里1-9-1,26.34274,127.8145405,/,no,no,,,,,no,no,no,no,no,no,,,,,,,,,,,,,no,no,,,barrier_free_map,沖縄県バリアフリーマップ,http://okinawa-bf-map.jp/facility-info/detail?facility_id=2065,2016-07-19,2065,トイレ出入口形状=ドア無し,備考: 駐車場なし / トイレ備考: トイレ無し
47,沖縄県,47211,沖縄市,,三角公園,,,904-2162,沖縄県沖縄市海邦3-37,26.329942,127.8471796,/,no,yes,,,,,no,no,no,no,no,no,,,,,,,,,,,,no,no,no,,,barrier_free_map,沖縄県バリアフリーマップ,http://okinawa-bf-map.jp/facility-info/detail?facility_id=2066,2019-10-31,2066,トイレ出入口形状=スライド,備考: 駐車台数12台 / トイレ備考: 車椅子トイレ 便座44㎝ 洗面台77㎝ 手すりあり 一般トイレ 段差有7㎝
47,沖縄県,47205,宜野湾市,,新車量販店 Ｆシステム沖縄本店,,,901-2203,沖縄県 宜野湾市野嵩2丁目7番9,26.2841499,127.7765983,http://syaryokan.symba.jp/,no,no,,,,,no,no,no,no,no,no,,,,,,,,,,,,yes,no,no,,,barrier_free_map,沖縄県バリアフリーマップ,http://okinawa-bf-map.jp/facility-info/detail?facility_id=2068,2016-09-14,2068,トイレ出入口形状=開き戸,備考: 駐車場収容台数 6台 / トイレ備考: 出入口段差6cm
47,沖縄県,47211,沖縄市,,北谷町立 北谷幼稚園,,,904-0035,沖縄県沖縄市南桃原4-13-2,26.32720315910119,127.77778858028259,http://www.chatan.jp/kosodate/kosodate/yochien/chatan/index.html,no,no,,,,,no,no,no,yes,no,no,,,,,,,,,,,,yes,no,no,,,barrier_free_map,沖縄県バリアフリーマップ,http://okinawa-bf-map.jp/facility-info/detail?facility_id=2069,2019-07-08,2069,トイレ出入口形状=ドア無し,備考: 駐車台数5台 / トイレ備考: 段差10㎝ 入口幅74㎝ 個室58㎝
47,沖縄県,47201,那覇市,,ホテル日航那覇グランドキャッスル,,,903-0825,沖縄県那覇市首里山川町1-132-1,26.2206182,127.7106788,http://www.hotelnikkonaha.co.jp,yes,yes,,,,,yes,no,yes,yes,no,no,,,,,,,,,,,,no,no,no,,,barrier_free_map,沖縄県バリアフリーマップ,http://okinawa-bf-map.jp/facility-info/detail?facility_id=2071,2015-09-10,2071,緊急通報装置あり / トイレ出入口形状=スライド,備考: 車いす対応客室あり（ドア：開き戸、部屋の入口：段差なし、部屋の通路：車いす通行可能、バスルーム：入口段差なし・入口幅80cm以上、トイレ：手すりあり・車いすで入れる） / 備考: 駐車場収容台数45台
47,沖縄県,47211,沖縄市,,沖縄市立知花保育所,,,904-2143,沖縄県沖縄市知花6-5-34,26.361376162244532,127.81739063758575,http://www.city.okinawa.okinawa.jp/kodomo/nursery/1486524408/,no,no,,,,,no,no,no,no,no,no,,,,,,,,,,,,yes,no,no,,,barrier_free_map,沖縄県バリアフリーマップ,http://okinawa-bf-map.jp/facility-info/detail?facility_id=2073,2019-04-12,2073,トイレ出入口形状=引戸,備考: 駐車場なし / トイレ備考: 0~1才洋式1 子供洋式2 男の子用3 車椅子トイレなし
47,沖縄県,47208,浦添市,,沖縄銀行内間支店,,,901-2126,沖縄県浦添市宮城4-3-10 / 翁長マンション101号室,26.2431213,127.7059249,http://www.okinawa-bank.co.jp,yes,yes,,,,,no,no,no,no,yes,yes,,,,,,,,,,,,no,no,no,,,barrier_free_map,沖縄県バリアフリーマップ,http://okinawa-bf-map.jp/facility-info/detail?facility_id=2074,2019-05-28,2074,トイレ出入口形状=スライド,備考: 正式名称 株式会社沖縄銀行内間支店 / 備考: 駐車場収容台数 30台
47,沖縄県,47211,沖縄市,,業務スーパー泡瀬店,,,904-2171,沖縄県沖縄市高原6-9-1,26.32007439083603,127.82677513306577,http://gyoumu-super.okinawa/shop/awase/,no,yes,,,,,yes,no,no,no,no,no,,,,,,,,,,,,no,no,no,,,barrier_free_map,沖縄県バリアフリーマップ,http://okinawa-bf-map.jp/facility-info/detail?facility_id=2076,2019-04-12,2076,トイレ出入口形状=スライド,備考: 駐車台数20台
47,沖縄県,47208,浦添市,,沖縄銀行城間支店,,,901-2133,沖縄県浦添市城間4-5-1,26.25781369199842,127.71432053572083,http://www.okinawa-bank.co.jp/shop_atm/2014061101222/,no,no,,,,,no,no,no,no,no,no,,,,,,,,,,,,yes,no,no,,,barrier_free_map,沖縄県バリアフリーマップ,http://okinawa-bf-map.jp/facility-info/detail?facility_id=2078,2019-05-28,2078,トイレ出入口形状=引戸,備考: 駐車場収容台数 20台 / トイレ備考: 出入口段差5.5cm
47,沖縄県,47211,沖縄市,,海邦公園,,,904-2162,沖縄県沖縄市海邦3-4,26.32886450204438,127.836183676302,http://www.pref.okinawa.jp/site/doboku/doboku-chubu/nakagusukuwanko/16312.html,no,yes,,,,,no,no,no,no,no,no,,,,,,,,,,,,no,no,no,,,barrier_free_map,沖縄県バリアフリーマップ,http://okinawa-bf-map.jp/facility-info/detail?facility_id=2079,2019-04-12,2079,トイレ出入口形状=ドア無し,特徴･注意点: 駐車場、公園施設共に広い。営業時間外は閉門されているそうです。 / 備考: 有料施設の営業時間一般 08:30~22:00 午前9時00分～12時00分及び午後1時00分～5時00分までです。 （※土日祝祭日を除く） / 備考: 駐車台数120台 / トイレ備考: 中央トイレ:入口95㎝ 便座高さ45㎝ 手すり高さ73㎝ 洗面台78㎝ 足元のスイッチで流せる
47,沖縄県,47211,沖縄市,,JAおきなわ中部介護福祉センター,,,904-0014,沖縄県沖縄市仲宗根14-15,26.3351071,127.8043611,http://www.ja-okinawa.or.jp/service/kaigo/,no,yes,,,,,yes,no,no,no,no,no,,,,,,,,,,,,no,no,no,,,barrier_free_map,沖縄県バリアフリーマップ,http://okinawa-bf-map.jp/facility-info/detail?facility_id=2080,2019-04-12,2080,緊急通報装置あり / トイレ出入口形状=スライド,備考: 駐車台数20台 / トイレ備考: 車イス専用トイレが男女別々に設けられている
47,沖縄県,47208,浦添市,,沖縄銀行牧港支店,,,901-2131,沖縄県浦添市牧港1-11-21,26.27015686662118,127.72090414100033,http://www.okinawa-bank.co.jp/shop_atm/2014061101192/,no,no,,,,,no,no,no,yes,no,no,,,,,,,,,,,,yes,no,no,,,barrier_free_map,沖縄県バリアフリーマップ,http://okinawa-bf-map.jp/facility-info/detail?facility_id=2081,2019-05-28,2081,トイレ出入口形状=開き戸,備考: 正式名称 株式会社沖縄銀行牧港支店 / 備考: 駐車場収容台数 43台 / トイレ備考: 出入口段差5.5cm
47,沖縄県,47201,那覇市,,ホテルサン沖縄,,,900-0015,沖縄県那覇市久茂地1-5-15,26.2140955,127.6774902,http://www.hotel-sunokinawa.co.jp,yes,yes,,,,,yes,no,no,no,no,no,,,,,,,,,,,,no,yes,yes,,,barrier_free_map,沖縄県バリアフリーマップ,http://okinawa-bf-map.jp/facility-info/detail?facility_id=2082,2015-09-10,2082,トイレ出入口形状=スライド,備考: 駐車場収容台数48台
47,沖縄県,47208,浦添市,,浦添市立浦城っ子児童センター,,,901-2132,沖縄県浦添市伊祖2-13-2,26.25416022957435,127.71604050622102,/,yes,yes,,,,,no,no,no,no,yes,yes,,,,,,,,,,,,no,no,yes,,yes,barrier_free_map,沖縄県バリアフリーマップ,http://okinawa-bf-map.jp/facility-info/detail?facility_id=2083,2024-01-29,2083,緊急通報装置あり / トイレ出入口形状=スライド,トイレ備考: 一般トイレ段差なし 開口幅80cm以上あり ベビーベットは多目的トイレ前にあります
47,沖縄県,47208,浦添市,,浦添大公園,,,901-2132,沖縄県浦添市伊祖115-1,26.2545935,127.7266506,http://www.okinawa-park.jp/urasoe,no,yes,,,,,no,no,no,no,no,no,,,,,,,,,,,,no,no,no,,,barrier_free_map,沖縄県バリアフリーマップ,http://okinawa-bf-map.jp/facility-info/detail?facility_id=2084,2020-05-01,2084,緊急通報装置あり / トイレ出入口形状=スライド,特徴･注意点: 各トイレには車イス専用トイレが設けられています。 / 備考: 駐車場収容台数 200台
47,沖縄県,47208,浦添市,,浦添市男女共同参画推進ハーモニーセンター,,,901-2114,沖縄県浦添市安波茶2-3-5,26.24814118458517,127.72219090859832,http://www.city.urasoe.lg.jp/docs/2014102500304/,no,yes,,,,,no,no,no,no,no,no,,,,,,,,,,,,no,no,yes,,,barrier_free_map,沖縄県バリアフリーマップ,http://okinawa-bf-map.jp/facility-info/detail?facility_id=2085,2020-05-07,2085,緊急通報装置あり / トイレ出入口形状=スライド,備考: 駐車場収容台数 1台
47,沖縄県,47211,沖縄市,,沖縄市商工業研修等施設 （沖縄商工会議所）,,,904-0004,沖縄県沖縄市中央4-15-20,26.343023466992864,127.80013300258534,http://www.okinawacci.or.jp/,no,yes,,,,,no,no,no,no,no,no,,,,,,,,,,,,yes,no,no,,,barrier_free_map,沖縄県バリアフリーマップ,http://okinawa-bf-map.jp/facility-info/detail?facility_id=2086,2020-05-05,2086,緊急通報装置あり / トイレ出入口形状=ドア無し,特徴･注意点: 身障者用トイレはホール奥。 / 備考: 沖縄商工会議所と同じ建物。 / 備考: 駐車場収容台数25台。 / トイレ備考: ・一般用トイレ入り口段差5cm ・身障者用トイレ開口幅90cm ・アコーディオンカーテン
47,沖縄県,47211,沖縄市,,センター公民館 （センター自治会事務所）,,,904-0004,沖縄県沖縄市中央2-6-53,26.338633,127.79974700000002,http://www.city.okinawa.okinawa.jp/about/130/4697/11904,no,no,,,,,no,no,no,no,no,no,,,,,,,,,,,,no,no,no,,,barrier_free_map,沖縄県バリアフリーマップ,http://okinawa-bf-map.jp/facility-info/detail?facility_id=2088,2019-04-15,2088,トイレ出入口形状=開き戸,備考: 駐車場なし。
47,沖縄県,47211,沖縄市,,在宅介護支援センター美里,,,904-2153,沖縄県沖縄市美里1-31-15 / 中部協同病院,26.3423651,127.816782,/,no,yes,,,,,yes,no,no,no,no,no,,,,,,,,,,,,no,no,no,,,barrier_free_map,沖縄県バリアフリーマップ,http://okinawa-bf-map.jp/facility-info/detail?facility_id=2089,2010-05-01,2089,トイレ出入口形状=スライド,
47,沖縄県,47211,沖縄市,,中の町公民館 (中の町自治会事務所),,,904-0031,沖縄県沖縄市上地4-22-2,26.3362067,127.7942314,http://www.city.okinawa.okinawa.jp/about/130/4697/12109,no,no,,,,,no,no,no,no,no,no,,,,,,,,,,,,no,no,no,,,barrier_free_map,沖縄県バリアフリーマップ,http://okinawa-bf-map.jp/facility-info/detail?facility_id=2090,2019-04-15,2090,トイレ出入口形状=スライド,
47,沖縄県,47211,沖縄市,,医療法人中部徳州会 中部徳州会病院,,,904-0011,沖縄県沖縄市照屋,26.3379127,127.8153767,/,no,yes,,,,,no,no,no,yes,yes,yes,,,,,,,,,,,,no,yes,yes,,,barrier_free_map,沖縄県バリアフリーマップ,http://okinawa-bf-map.jp/facility-info/detail?facility_id=2091,2010-05-01,2091,緊急通報装置あり / トイレ出入口形状=スライド,特徴･注意点: 授乳室が設置されています / 備考: 駐車台数110台
47,沖縄県,47211,沖縄市,,中部福祉保健所,,,904-2153,沖縄県沖縄市美里１－６－２８,26.3477869,127.8197593,/,yes,yes,,,,,no,no,no,no,yes,yes,,,,,,,,,,,,no,no,no,,,barrier_free_map,沖縄県バリアフリーマップ,http://okinawa-bf-map.jp/facility-info/detail?facility_id=2092,2010-05-01,2092,緊急通報装置あり / トイレ出入口形状=スライド,特徴･注意点: 隣接している合同庁舎にオストメイトが設置されていて、もし利用したい場合は、合同庁舎を利用できます。 エレベーターには点字もあり、案内板にも点字が付いています。 / 備考: 駐車台数28台 / トイレ備考: 車椅子トイレ2ヶ所世設置
47,沖縄県,47211,沖縄市,,久保田自治会館,,,904-0023,沖縄県沖縄市久保田2-27-19,26.323358226031477,127.79635340684547,http://www.city.okinawa.okinawa.jp/about/130/4697,no,no,,,,,no,no,no,no,no,no,,,,,,,,,,,,no,no,no,,,barrier_free_map,沖縄県バリアフリーマップ,http://okinawa-bf-map.jp/facility-info/detail?facility_id=2093,2019-04-15,2093,トイレ出入口形状=引戸,
47,沖縄県,47211,沖縄市,,沖縄市老人福祉センター かりゆし園,,,904-2143,沖縄県沖縄市知花6-36-17,26.36661894576989,127.82162854215017,http://www.city.okinawa.okinawa.jp/kurashi/446/461,no,yes,,,,,no,no,no,no,no,no,,,,,,,,,,,,no,no,no,,,barrier_free_map,沖縄県バリアフリーマップ,http://okinawa-bf-map.jp/facility-info/detail?facility_id=2094,2018-11-05,2094,緊急通報装置あり / トイレ出入口形状=スライド,
47,沖縄県,47211,沖縄市,,沖縄市農民研修センター,,,904-2142,沖縄県沖縄市登川2380,26.3671657,127.8193532,http://www.city.okinawa.okinawa.jp/about/130/1054,no,yes,,,,,no,no,no,no,no,no,,,,,,,,,,,,no,no,no,,,barrier_free_map,沖縄県バリアフリーマップ,http://okinawa-bf-map.jp/facility-info/detail?facility_id=2095,2023-12-06,2095,緊急通報装置あり / トイレ出入口形状=スライド,特徴･注意点: 多目的研修室があり、利用料は部屋の大きさにより料金が異なるが、段差のある部屋にもスロープが付いていて利用可能である。
47,沖縄県,47211,沖縄市,,特別養護老人ホームおきなわ長寿苑,,,904-2142,沖縄県沖縄市登川1403,26.375292250193652,127.82361235665249,http://www.chojyuen.com,no,yes,,,,,no,no,no,no,no,no,,,,,,,,,,,,no,no,no,,,barrier_free_map,沖縄県バリアフリーマップ,http://okinawa-bf-map.jp/facility-info/detail?facility_id=2096,2019-04-15,2096,緊急通報装置あり / トイレ出入口形状=ドア無し,備考: 正式名称 社会福祉法人おきなわ長寿会 特別養護老人ホームおきなわ長寿苑 / 備考: 駐車場収容台数 40台 / トイレ備考: ドアはカーテンになっています。
47,沖縄県,47201,那覇市,,東横イン 那覇おもろまち駅前,,,900-0006,沖縄県那覇市おもろまち1-6-6,26.2221285,127.6974436,http://www.toyoko-inn.com,yes,yes,,,,,yes,no,no,no,yes,yes,,,,,,,,,,,,no,no,no,,,barrier_free_map,沖縄県バリアフリーマップ,http://okinawa-bf-map.jp/facility-info/detail?facility_id=2097,2015-09-10,2097,緊急通報装置あり / トイレ出入口形状=スライド,備考: 車いす対応客室あり（ドア：開き戸、部屋の入口：段差なし、部屋の通路：車いす通行可能、バスルーム：入口段差なし・入口幅80cm以上、トイレ：手すりあり・車いすで入れる） / 備考: 駐車場収容台数 31台
47,沖縄県,47211,沖縄市,,ちばなクリニック,,,904-2143,沖縄県沖縄市知花6-25-15 / コンシュル知花,26.364148076394894,127.81715532040675,http://chibana.nakagami.or.jp/,yes,yes,,,,,yes,no,yes,no,yes,yes,,,,,,,,,,,,no,yes,yes,,yes,barrier_free_map,沖縄県バリアフリーマップ,http://okinawa-bf-map.jp/facility-info/detail?facility_id=2098,2023-12-05,2098,緊急通報装置あり / トイレ出入口形状=スライド,備考: 正式名称 社会医療法人敬愛会 ちばなクリニック / 備考: 駐車場収容台数 1200台 身障者用駐車場から店内までの距離5~20m
47,沖縄県,47324,読谷村,,御菓子御殿読谷本店,,,904-0328,沖縄県読谷村宇座657-1,26.432757,127.7192498,http://www.okashigoten.co.jp/yomitan-shop/,yes,yes,,,,,no,no,no,no,yes,no,,,,,,,,,,,,no,yes,no,,,barrier_free_map,沖縄県バリアフリーマップ,http://okinawa-bf-map.jp/facility-info/detail?facility_id=2099,2019-03-05,2099,トイレ出入口形状=開き戸,備考: フリーダイヤル 0120-040-892 / 備考: バス5台
47,沖縄県,47211,沖縄市,,身体障害者収容授産施設 コロニーワークショップ沖縄,,,904-2143,沖縄県沖縄市知花6-24-3,26.3639965,127.8153148,http://www.okicolo.or.jp,no,yes,,,,,yes,no,no,no,no,no,,,,,,,,,,,,no,no,no,,,barrier_free_map,沖縄県バリアフリーマップ,http://okinawa-bf-map.jp/facility-info/detail?facility_id=2100,2010-05-01,2100,緊急通報装置あり / トイレ出入口形状=スライド,備考: 指定障害者支援施設コロニーワークショップ沖縄 / 備考: 駐車場収容台数 50台
47,沖縄県,47324,読谷村,,ホテル日航アリビラ,,,904-0393,沖縄県読谷村字儀間600,26.4153835,127.7151202,http://www.alivila.co.jp,no,yes,,,,,yes,no,no,no,yes,no,,,,,,,,,,,,no,yes,yes,,no,barrier_free_map,沖縄県バリアフリーマップ,http://okinawa-bf-map.jp/facility-info/detail?facility_id=2101,2023-09-11,2101,緊急通報装置あり / トイレ出入口形状=スライド,特徴･注意点: ①ビーチまでの道のりが坂になっているため、専用のリフト付車があり、それを利用して海までいける。② 館内、ビーチまでつながる通路に階段があり、車イスで通行可能な場所に専用リフトが設置されている。 ※①②共、利用する際にスタッフに声かけをすると準備してくれる。 / 備考: 部屋の入口：段差無し、部屋の通路：車いす通行可能 バスルーム入口段差無し・入口幅80㎝以上、トイレ：手すりあり・車いすで入れる / 備考: 有料（１滞在１台1000円）
47,沖縄県,47201,那覇市,,対馬丸記念館,,,900-0031,沖縄県那覇市若狭1-25-37,26.220092,127.672815,http://tsushimamaru.or.jp/,yes,yes,,,,,no,no,no,no,yes,yes,,,,,,,,,,,,no,no,no,,,barrier_free_map,沖縄県バリアフリーマップ,http://okinawa-bf-map.jp/facility-info/detail?facility_id=2102,2023-06-15,2102,緊急通報装置あり / トイレ出入口形状=スライド,特徴･注意点: 車イスの貸し出し用は2台 基本的に出入口は2階(船をイメージしているため) 1階の出入口にインターホンがあるのでそのつど対応 / 備考: 駐車場収容台数5台 離れている場所に市民駐車場有 / トイレ備考: トイレは1階にあります。
47,沖縄県,47211,沖縄市,,たけしま歯科・小児歯科,,,904-2143,沖縄県沖縄市知花1-25-11,26.36084402734612,127.81946027553252,http://www.takeshimashika.com/,no,yes,,,,,no,no,no,no,no,no,,,,,,,,,,,,no,no,no,,,barrier_free_map,沖縄県バリアフリーマップ,http://okinawa-bf-map.jp/facility-info/detail?facility_id=2103,2019-04-25,2103,トイレ出入口形状=スライド,備考: 正式名称 医療法人堅勇会 たけしま歯科・小児歯科 / 備考: 駐車場収容台数 22台
47,沖縄県,47211,沖縄市,,明道公民館,,,904-2152,沖縄県沖縄市明道1-20-10,26.354971943055403,127.82332895658307,http://www.city.okinawa.okinawa.jp/about/4697/11941,no,yes,,,,,yes,no,no,no,yes,yes,,,,,,,,,,,,no,no,no,,,barrier_free_map,沖縄県バリアフリーマップ,http://okinawa-bf-map.jp/facility-info/detail?facility_id=2104,2019-05-13,2104,緊急通報装置あり / トイレ出入口形状=スライド,トイレ備考: 障害者トイレとは別に、女子トイレに、入り口80cm以上、ベビーベッド、ベビーチェア設置有り。
47,沖縄県,47211,沖縄市,,コザミュージックタウン音市場,,,904-0031,沖縄県沖縄市上地1-1-1,26.3348903,127.7992865,http://www.otoichiba.jp/,yes,yes,,,,,no,yes,yes,no,yes,yes,,,,,,,,,,,,no,no,no,,,barrier_free_map,沖縄県バリアフリーマップ,http://okinawa-bf-map.jp/facility-info/detail?facility_id=2105,2024-05-15,2105,緊急通報装置あり / トイレ出入口形状=スライド,特徴･注意点: オストメイトなど、身障者対応設備が充実している。(3Fホール) / 備考: 駐車料金は１時間無料
47,沖縄県,47201,那覇市,,リッチモンドホテル那覇久茂地,,,900-0015,沖縄県那覇市久茂地2-23-12,26.2202366,127.6826976,http://www.richmondhotel.jp/,yes,yes,,,,,yes,no,no,no,yes,yes,,,,,,,,,,,,yes,no,no,,,barrier_free_map,沖縄県バリアフリーマップ,http://okinawa-bf-map.jp/facility-info/detail?facility_id=2107,2024-01-29,2107,緊急通報装置あり / トイレ出入口形状=スライド,特徴･注意点: 介助時のインターホンは入口と裏口に有り 清算機は車イスでも可 沖縄県内バリアフリー環境2位になりました バリアフリールーム5部屋 / 備考: 介助時のインターホンは入口と裏口にあり。精算機は車いすでも可。沖縄県内バリアフリー環境2位になりました。バリアフリールーム５部屋 / 備考: 駐車場収容台数64台 1泊1000円 精算は7:00~23:00、23:00~7:00まではフロントの係員が対応 / トイレ備考: 入口幅88cm、便座高さ41cm 一般トイレ段差あり、一般トイレ開口幅80cm以上あり
47,沖縄県,47324,読谷村,,体験王国むら咲むら,,,904-0323,沖縄県読谷村高志保1020-1,26.4070593,127.7203089,http://murasakimura.com/,yes,yes,,,,,no,no,no,no,yes,no,,,,,,,,,,,,no,yes,no,,,barrier_free_map,沖縄県バリアフリーマップ,http://okinawa-bf-map.jp/facility-info/detail?facility_id=2108,2023-07-06,2108,トイレ出入口形状=開き戸,トイレ備考: 施設内の多目的トイレには、緊急呼出ボタンが設置されています
47,沖縄県,47201,那覇市,,居酒屋ごっ八,,,900-0015,沖縄県那覇市久茂地2-23-12 / リッチモンドホテル1階,26.2202366,127.6826976,http://www.goppachi.jp,yes,yes,,,,,no,no,no,no,yes,no,,,,,,,,,,,,no,no,no,,,barrier_free_map,沖縄県バリアフリーマップ,http://okinawa-bf-map.jp/facility-info/detail?facility_id=2110,2015-09-10,2110,トイレ出入口形状=スライド,特徴･注意点: 段差があまりない / 備考: 駐車場は無し
47,沖縄県,47324,読谷村,,儀間公民館,,,904-0324,沖縄県読谷村長浜1409,26.4160947,127.7291553,/,no,no,,,,,no,no,no,no,no,no,,,,,,,,,,,,yes,no,no,,,barrier_free_map,沖縄県バリアフリーマップ,http://okinawa-bf-map.jp/facility-info/detail?facility_id=2111,2019-10-16,2111,トイレ出入口形状=開き戸,特徴･注意点: スロープもあり施設内出入口幅も80cm以上あり、出入りに困難はない / 備考: 駐車台数15~20台 / トイレ備考: 男性トイレには洗濯機が置かれており出入りに困難
47,沖縄県,47324,読谷村,,医療法人中部徳洲会よみたんクリニック,,,904-0324,沖縄県読谷村長浜1774,26.4144228,127.7319829,http://www.cyutoku.or.jp/groups/yomitan/,no,yes,,,,,no,no,no,no,no,no,,,,,,,,,,,,no,no,no,,,barrier_free_map,沖縄県バリアフリーマップ,http://okinawa-bf-map.jp/facility-info/detail?facility_id=2112,2019-10-15,2112,緊急通報装置あり / トイレ出入口形状=引戸,備考: 駐車台数20台 / トイレ備考: 引き戸と開き戸両方
47,沖縄県,47211,沖縄市,,比屋根地区学習等供用施設 (比屋根自治会),,,904-2173,沖縄県沖縄市比屋根６丁目７−１,26.31575046556848,127.81736296088216,http://www.city.okinawa.okinawa.jp/about/4697/12063,no,yes,,,,,no,no,no,yes,no,no,,,,,,,,,,,,no,no,yes,,,barrier_free_map,沖縄県バリアフリーマップ,http://okinawa-bf-map.jp/facility-info/detail?facility_id=2113,2019-05-13,2113,トイレ出入口形状=スライド,特徴･注意点: スロープ有
47,沖縄県,47324,読谷村,,喜名公民館,,,904-0302,沖縄県読谷村喜名2207,26.3991332,127.7568041,/,no,no,,,,,no,no,no,no,no,no,,,,,,,,,,,,no,no,no,,,barrier_free_map,沖縄県バリアフリーマップ,http://okinawa-bf-map.jp/facility-info/detail?facility_id=2114,2010-05-01,2114,トイレ出入口形状=開き戸,備考: 駐車台数50台 / トイレ備考: 車イストイレなし
47,沖縄県,47201,那覇市,,東横イン那覇旭橋駅前,,,900-0033,沖縄県那覇市久米2-1-20,26.2141427,127.6759291,http://www.toyoko-inn.com,yes,no,,,,,no,no,no,no,yes,yes,,,,,,,,,,,,no,no,no,,,barrier_free_map,沖縄県バリアフリーマップ,http://okinawa-bf-map.jp/facility-info/detail?facility_id=2115,2015-09-10,2115,緊急通報装置あり,備考: 車いす対応客室あり（ドア：開き戸、部屋の入口：段差なし、部屋の通路：車いす通行可能、バスルーム：入口段差なし・入口幅80cm以上、トイレ：手すりあり・車いすで入れる） / 備考: 駐車場収容台数63台。駐車場は屋根がある場所と無しの両方あり、店内までの屋根もありと無しがある。 1泊500円 係員は7:30~22:00 / トイレ備考: 車イス専用トイレ無し
47,沖縄県,47324,読谷村,,大木公民館,,,904-0316,沖縄県読谷村大木294,26.3807848,127.7463359,/,no,yes,,,,,no,no,no,no,no,no,,,,,,,,,,,,yes,no,no,,,barrier_free_map,沖縄県バリアフリーマップ,http://okinawa-bf-map.jp/facility-info/detail?facility_id=2116,2010-05-01,2116,トイレ出入口形状=スライド,特徴･注意点: 手話通訳事前に要望があれば可能 / 備考: 駐車台数50台 / トイレ備考: 入口段差2cm
47,沖縄県,47211,沖縄市,,山里自治会公民館 (山里自治会事務所),,,904-0033,沖縄県沖縄市山里1-7-4,26.322818870332725,127.7912257063206,http://www.city.okinawa.okinawa.jp/about/130/4697/12145,no,no,,,,,no,no,no,no,no,no,,,,,,,,,,,,yes,no,no,,,barrier_free_map,沖縄県バリアフリーマップ,http://okinawa-bf-map.jp/facility-info/detail?facility_id=2117,2019-05-13,2117,トイレ出入口形状=開き戸,トイレ備考: トイレ入り口段差5cm 2Fにあるため使用不可。
47,沖縄県,47324,読谷村,,大湾公民館,,,904-0313,沖縄県読谷村大湾425,26.3720717,127.754219,/,no,yes,,,,,no,no,no,no,no,no,,,,,,,,,,,,no,no,no,,,barrier_free_map,沖縄県バリアフリーマップ,http://okinawa-bf-map.jp/facility-info/detail?facility_id=2118,2010-05-01,2118,トイレ出入口形状=開き戸,特徴･注意点: 車イス専用ではないが、車イスも十分に出入りできるトイレ有 / 備考: 駐車台数5~6台
47,沖縄県,47324,読谷村,,宇座公民館,,,904-0324,沖縄県読谷村長浜１８４０−２,26.412278106005097,127.7324300619018,/,no,no,,,,,no,no,no,no,no,no,,,,,,,,,,,,yes,no,no,,,barrier_free_map,沖縄県バリアフリーマップ,http://okinawa-bf-map.jp/facility-info/detail?facility_id=2119,2017-12-27,2119,トイレ出入口形状=開き戸,備考: 駐車台数20~30台
47,沖縄県,47211,沖縄市,,沖縄市消防署山内出張所,,,904-0034,沖縄県沖縄市山内1-12-10,26.32865857780791,127.78556415906519,/,no,no,,,,,no,no,no,no,no,no,,,,,,,,,,,,yes,no,no,,,barrier_free_map,沖縄県バリアフリーマップ,http://okinawa-bf-map.jp/facility-info/detail?facility_id=2120,2010-05-01,2120,トイレ出入口形状=スライド,トイレ備考: トイレ入り口段差4cm
47,沖縄県,47211,沖縄市,,松本公民館 (松本自治会事務所),,,904-2151,沖縄県沖縄市松本1-6-12,26.35663147266707,127.81482674130825,/,no,no,,,,,no,no,no,no,no,no,,,,,,,,,,,,yes,no,no,,,barrier_free_map,沖縄県バリアフリーマップ,http://okinawa-bf-map.jp/facility-info/detail?facility_id=2121,2019-04-26,2121,トイレ出入口形状=開き戸,トイレ備考: トイレ入り口段差8cm トイレ入り口開口幅72cm
47,沖縄県,47201,那覇市,,東横イン那覇美栄橋駅,,,900-0013,沖縄県那覇市牧志1-20-1,26.2186257,127.6837449,http://www.toyoko-inn.com,yes,yes,,,,,no,no,no,no,yes,no,,,,,,,,,,,,no,no,no,,,barrier_free_map,沖縄県バリアフリーマップ,http://okinawa-bf-map.jp/facility-info/detail?facility_id=2122,2015-09-10,2122,緊急通報装置あり / トイレ出入口形状=スライド,特徴･注意点: ベビーベッドの高さ下から84cm、 車いす用の部屋、専用トイレ有り 備品貸出可 / 備考: 車いす対応客室あり（ドア：スライド、部屋の入口：段差なし、部屋の通路：車いす通行可能、バスルーム：入口段差なし・入口幅80cm以上、トイレ：手すりあり・車いすで入れる） / 備考: 駐車場収容台数24台 / トイレ備考: 緊急通報装置上下2個あり 便座高さ40cm、車いす用手洗い場高さ74cm、手すり70cm
47,沖縄県,47201,那覇市,,沖縄ワシントンホテル,,,900-0033,沖縄県那覇市久米2-32-1,26.2177534,127.6742512,http://www.okinawa-wh.com,yes,yes,,,,,no,no,no,no,yes,no,,,,,,,,,,,,,no,no,,,barrier_free_map,沖縄県バリアフリーマップ,http://okinawa-bf-map.jp/facility-info/detail?facility_id=2123,2010-05-01,2123,トイレ出入口形状=スライド,特徴･注意点: サービス介助士がフロントに居る / 備考: 駐車場収容台数80台 立体駐車場からホテル入口まで道路を渡る 平面駐車場はかなり遠い。 / トイレ備考: トイレの汚物入れは用意する
47,沖縄県,47211,沖縄市,,八重島公園,,,904-0006,沖縄県沖縄市八重島1-1,26.3449533,127.8017971,/,yes,yes,,,,,no,no,no,no,no,no,,,,,,,,,,,,yes,no,no,,,barrier_free_map,沖縄県バリアフリーマップ,http://okinawa-bf-map.jp/facility-info/detail?facility_id=2125,2019-07-16,2125,トイレ出入口形状=スライド,備考: 連絡先：沖縄市市民会館 098-939-0022 / 備考: 中央公民館と兼用
47,沖縄県,47201,那覇市,,沖縄県庁,,,900-0021,沖縄県那覇市泉崎1-2-2,26.2123919,127.6808124,http://www.pref.okinawa.jp/,no,yes,,,,,no,no,yes,no,yes,yes,,,,,,,,,,,,yes,yes,no,,,barrier_free_map,沖縄県バリアフリーマップ,http://okinawa-bf-map.jp/facility-info/detail?facility_id=2126,2017-01-23,2126,緊急通報装置あり / トイレ出入口形状=スライド,特徴･注意点: 敷地内に水飲み場有り 車イスで利用可能 / 備考: 駐車場収容台数411台 屋根はありと無しがある / トイレ備考: 男子便器手すり有り
47,沖縄県,47324,読谷村,,平和の森球場,,,904-0301,沖縄県読谷村座喜味2901,26.3961971,127.7453105,/,no,yes,,,,,no,no,no,no,no,no,,,,,,,,,,,,yes,no,no,,,barrier_free_map,沖縄県バリアフリーマップ,http://okinawa-bf-map.jp/facility-info/detail?facility_id=2127,2019-10-31,2127,トイレ出入口形状=開き戸,備考: 駐車台数50台
47,沖縄県,47211,沖縄市,,住吉公民館 (住吉自治会事務所),,,904-0003,沖縄県沖縄市住吉1-10-10,26.338742933729943,127.8075983124545,/,no,no,,,,,no,no,no,no,no,no,,,,,,,,,,,,yes,no,no,,,barrier_free_map,沖縄県バリアフリーマップ,http://okinawa-bf-map.jp/facility-info/detail?facility_id=2128,2019-04-26,2128,トイレ出入口形状=開き戸,
47,沖縄県,47201,那覇市,,沖縄県警察本部庁舎,,,900-0021,沖縄県那覇市泉崎1-2-2,26.2115209,127.6810984,/,no,yes,,,,,no,no,no,no,no,no,,,,,,,,,,,,no,no,no,,,barrier_free_map,沖縄県バリアフリーマップ,http://okinawa-bf-map.jp/facility-info/detail?facility_id=2130,2010-05-01,2130,緊急通報装置あり / トイレ出入口形状=スライド,備考: 駐車場収容台数20台 / トイレ備考: 男子便器手すり有り
47,沖縄県,47211,沖縄市,,園田公民館,,,904-0022,沖縄県沖縄市園田3-23-29,26.3277242,127.7964453,http://www.city.okinawa.okinawa.jp/about/130/4697/11916,no,no,,,,,no,no,no,no,no,no,,,,,,,,,,,,yes,no,no,,,barrier_free_map,沖縄県バリアフリーマップ,http://okinawa-bf-map.jp/facility-info/detail?facility_id=2131,2019-07-16,2131,トイレ出入口形状=開き戸,トイレ備考: トイレ入り口段差15cm
47,沖縄県,47324,読谷村,,楚辺公民館,,,904-0304,沖縄県読谷村楚辺1928-1,26.3858368,127.7272924,/,yes,yes,,,,,yes,no,no,no,no,yes,,,,,,,,,,,,no,no,no,,,barrier_free_map,沖縄県バリアフリーマップ,http://okinawa-bf-map.jp/facility-info/detail?facility_id=2132,2010-05-22,2132,トイレ出入口形状=開き戸,特徴･注意点: 入口までスロープがあり点字ブロックあり トイレも広い 夜10時まで開いている。体育館グラウンドあり / 備考: 駐車台数15~20台
47,沖縄県,47211,沖縄市,,嘉間良自治会,,,904-0005,沖縄県沖縄市嘉間良2-4-1,26.3409872,127.806719,http://www.city.okinawa.okinawa.jp/about/130/4697/11900,no,no,,,,,no,no,no,no,no,no,,,,,,,,,,,,yes,no,no,,,barrier_free_map,沖縄県バリアフリーマップ,http://okinawa-bf-map.jp/facility-info/detail?facility_id=2133,2019-04-26,2133,トイレ出入口形状=開き戸,
47,沖縄県,47211,沖縄市,,八重島公民館 (八重島自治会事務所),,,904-0006,沖縄県沖縄市八重島2-8-16,26.3468671,127.8019471,http://www.city.okinawa.okinawa.jp/about/130/4697/11903,,yes,,,,,no,no,no,no,no,no,,,,,,,,,,,,no,no,no,,,barrier_free_map,沖縄県バリアフリーマップ,http://okinawa-bf-map.jp/facility-info/detail?facility_id=2134,2019-07-16,2134,緊急通報装置あり / トイレ出入口形状=スライド,
47,沖縄県,47324,読谷村,,比謝公民館,,,904-0311,沖縄県読谷村比謝26,26.3747715,127.7542411,/,no,no,,,,,no,no,no,no,no,no,,,,,,,,,,,,no,no,no,,,barrier_free_map,沖縄県バリアフリーマップ,http://okinawa-bf-map.jp/facility-info/detail?facility_id=2137,2010-05-01,2137,トイレ出入口形状=開き戸,備考: 駐車台数15台
47,沖縄県,47324,読谷村,,沖縄海邦銀行読谷支店,,,904-0323,沖縄県読谷村高志保1329,26.4084511,127.7326636,http://www.kaiho-bank.co.jp/,yes,yes,,,,,no,no,no,no,yes,no,,,,,,,,,,,,no,no,no,,,barrier_free_map,沖縄県バリアフリーマップ,http://okinawa-bf-map.jp/facility-info/detail?facility_id=2139,2010-05-01,2139,緊急通報装置あり / トイレ出入口形状=スライド,特徴･注意点: 車イスでも利用できる記入台あり。 車イス専用のトイレ、駐車場あり。 / 備考: 駐車台数17台
47,沖縄県,47201,那覇市,,ホテル沖縄 那覇,,,902-0062,沖縄県那覇市松川40,26.2152878,127.70217990000003,http://www.miyakohotels.ne.jp,yes,yes,,,,,yes,yes,no,no,yes,yes,,,,,,,,,,,,yes,yes,yes,,,barrier_free_map,沖縄県バリアフリーマップ,http://okinawa-bf-map.jp/facility-info/detail?facility_id=2140,2018-08-16,2140,緊急通報装置あり / トイレ出入口形状=スライド,特徴･注意点: 多目的トイレ2階 客室のトイレは洋式 多目的部屋あり / 備考: 駐車場収容台数100台以上 宿泊者のみ駐車量有り。フロントにて清算 地下駐車場から車イスで館内へ / トイレ備考: 入口91cm、トイレの高さ45cm、幅左10cm、右18cm
47,沖縄県,47211,沖縄市,,沖縄市かりゆし交流センターつくし園,,,904-2143,沖縄県沖縄市知花6-36-29,26.365815502932215,127.81946946154599,/,yes,yes,,,,,no,no,no,yes,no,no,,,,,,,,,,,,yes,yes,no,,,barrier_free_map,沖縄県バリアフリーマップ,http://okinawa-bf-map.jp/facility-info/detail?facility_id=2141,2010-05-01,2141,トイレ出入口形状=スライド,特徴･注意点: 車椅子専用洋式トイレ2個有り、内1個は子供専用。1個は大人用で可動式手すり（高さ72.5cm）がある。
47,沖縄県,47324,読谷村,,渡具知公民館,,,904-0315,沖縄県読谷村渡具知246-2,26.3650836,127.7398061,/,no,no,,,,,no,no,no,no,no,no,,,,,,,,,,,,yes,no,no,,,barrier_free_map,沖縄県バリアフリーマップ,http://okinawa-bf-map.jp/facility-info/detail?facility_id=2142,2010-05-01,2142,トイレ出入口形状=開き戸,備考: 駐車台数10台
47,沖縄県,47211,沖縄市,,マックスバリュ知花店,,,904-2143,沖縄県沖縄市知花6-10-1,26.36156397749423,127.8223070259994,http://www.aeon-ryukyu.jp/store/maxvalu/chibana/,no,yes,,,,,no,no,no,no,yes,no,,,,,,,,,,,,yes,yes,no,,,barrier_free_map,沖縄県バリアフリーマップ,http://okinawa-bf-map.jp/facility-info/detail?facility_id=2143,2019-04-29,2143,トイレ出入口形状=スライド,特徴･注意点: 駐車場広い。屋外にある車椅子専用トイレまで点字ブロックあり。店内外に一般用ＡＴＭあり。 / 備考: 運営 琉球ジャスコ株式会社 / トイレ備考: トイレは屋外なので雨天時は雨にぬれます。トイレ入り口85cm 便座手すり76cm 洗面台高さ73cm 洗面台手すり高さ76cm
47,沖縄県,47324,読谷村,,瀬名波地区農業集落総合管理施設 (瀬名波公民館),,,904-0325,沖縄県読谷村瀬名波138,26.4203611,127.7313495,/,no,no,,,,,no,no,no,no,no,no,,,,,,,,,,,,yes,no,no,,,barrier_free_map,沖縄県バリアフリーマップ,http://okinawa-bf-map.jp/facility-info/detail?facility_id=2144,2019-10-24,2144,トイレ出入口形状=開き戸,特徴･注意点: 2階までスロープあり / 備考: 駐車台数30台
47,沖縄県,47324,読谷村,,特別養護老人ホーム読谷の里,,,904-0301,沖縄県読谷村座喜味1876-1,26.420625,127.7313439,/,no,yes,,,,,no,no,no,no,no,no,,,,,,,,,,,,no,no,no,,,barrier_free_map,沖縄県バリアフリーマップ,http://okinawa-bf-map.jp/facility-info/detail?facility_id=2145,2010-05-01,2145,緊急通報装置あり / トイレ出入口形状=ドア無し,備考: 駐車台数50~60台 / トイレ備考: ドアなしカーテン
47,沖縄県,47211,沖縄市,,城前公民館 (城前自治会事務所),,,904-0002,沖縄県沖縄市城前14-53,26.34087633555406,127.8117515052795,http://www.city.okinawa.okinawa.jp/about/130/4697/11905,no,no,,,,,no,no,no,no,no,no,,,,,,,,,,,,yes,no,no,,,barrier_free_map,沖縄県バリアフリーマップ,http://okinawa-bf-map.jp/facility-info/detail?facility_id=2146,2019-07-16,2146,トイレ出入口形状=開き戸,トイレ備考: トイレ入り口段差5cm
47,沖縄県,47211,沖縄市,,沖縄市産業交流センター,,,904-2172,沖縄県沖縄市泡瀬1-11-25,26.323787298720216,127.83411481488486,http://www.city.okinawa.okinawa.jp/about/130/337,no,yes,,,,,no,no,no,no,no,no,,,,,,,,,,,,no,no,no,,,barrier_free_map,沖縄県バリアフリーマップ,http://okinawa-bf-map.jp/facility-info/detail?facility_id=2148,2024-01-09,2148,緊急通報装置あり / トイレ出入口形状=スライド,
47,沖縄県,47211,沖縄市,,小規模多機能型居宅介護事業所きづきの家,,,904-2172,沖縄県沖縄市泡瀬1-21-15,26.320338943462318,127.83755492225917,/,no,yes,,,,,no,no,no,no,no,no,,,,,,,,,,,,no,no,no,,,barrier_free_map,沖縄県バリアフリーマップ,http://okinawa-bf-map.jp/facility-info/detail?facility_id=2149,2019-07-16,2149,緊急通報装置あり / トイレ出入口形状=スライド,
47,沖縄県,47324,読谷村,,短期入所生活介護事業所,,,904-0301,沖縄県読谷村座喜味1875-1,26.3953273,127.7264922,/,no,yes,,,,,no,no,no,no,no,no,,,,,,,,,,,,no,no,no,,,barrier_free_map,沖縄県バリアフリーマップ,http://okinawa-bf-map.jp/facility-info/detail?facility_id=2150,2010-05-22,2150,緊急通報装置あり / トイレ出入口形状=ドア無し,備考: 駐車台数60台 / トイレ備考: ドアなしカーテン
47,沖縄県,47211,沖縄市,,サンエーV21食品館 古謝店,,,904-2161,沖縄県沖縄市字古謝2-16-23,26.333337112432996,127.83179520296767,http://www.san-a.co.jp/store/684/,yes,yes,,,,,yes,no,no,no,yes,yes,,,,,,,,,,,,no,no,no,,,barrier_free_map,沖縄県バリアフリーマップ,http://okinawa-bf-map.jp/facility-info/detail?facility_id=2151,2019-04-29,2151,緊急通報装置あり / トイレ出入口形状=スライド,備考: 運営 株式会社サンエー
47,沖縄県,47211,沖縄市,,なかみねニュークリニック,,,904-2161,沖縄県沖縄市古謝977-2,26.334681798000254,127.83421067323707,http://www.hosp.pref.okinawa.jp/chubu/rgstd/cat1214/004776.html,yes,yes,,,,,yes,no,no,no,no,yes,,,,,,,,,,,,no,no,no,,,barrier_free_map,沖縄県バリアフリーマップ,http://okinawa-bf-map.jp/facility-info/detail?facility_id=2152,2019-04-29,2152,緊急通報装置あり / トイレ出入口形状=スライド,
47,沖縄県,47324,読谷村,,親志地区学習等共用施設,,,904-0301,沖縄県読谷村座喜味2317,26.4028356,127.7548791,/,no,no,,,,,no,no,no,no,no,no,,,,,,,,,,,,yes,no,no,,,barrier_free_map,沖縄県バリアフリーマップ,http://okinawa-bf-map.jp/facility-info/detail?facility_id=2153,2010-05-01,2153,トイレ出入口形状=開き戸,備考: 駐車台数13台
47,沖縄県,47211,沖縄市,,デイサービスセンター ツクイ沖縄古謝,,,904-2166,沖縄県沖縄市古謝津嘉山10-8,26.341054792085476,127.82853023580543,http://www.tsukui.net/support/home-care/dayservice/,no,yes,,,,,yes,no,no,no,no,no,,,,,,,,,,,,no,no,no,,,barrier_free_map,沖縄県バリアフリーマップ,http://okinawa-bf-map.jp/facility-info/detail?facility_id=2154,2023-08-16,2154,緊急通報装置あり / トイレ出入口形状=ドア無し,トイレ備考: トイレ出入口形状はアコーディオンカーテンになっている。
47,沖縄県,47324,読谷村,,読谷の里デイサービスセンター,,,904-0301,沖縄県読谷村座喜味1875-1,26.3953273,127.7264922,/,no,yes,,,,,no,yes,no,no,no,no,,,,,,,,,,,,no,no,no,,,barrier_free_map,沖縄県バリアフリーマップ,http://okinawa-bf-map.jp/facility-info/detail?facility_id=2155,2010-05-01,2155,緊急通報装置あり / トイレ出入口形状=ドア無し,備考: 駐車台数60台 / トイレ備考: ドアなしカーテン
47,沖縄県,47324,読谷村,,読谷バスターミナル（琉球バス）,,,904-0325,沖縄県読谷村瀬名波621-3,26.4194307,127.7327216,/,no,no,,,,,no,no,no,no,no,no,,,,,,,,,,,,yes,no,no,,,barrier_free_map,沖縄県バリアフリーマップ,http://okinawa-bf-map.jp/facility-info/detail?facility_id=2157,2010-05-01,2157,トイレ出入口形状=開き戸,備考: 駐車台数2~3台
47,沖縄県,47324,読谷村,,読谷バスターミナル（沖縄バス）,,,904-0325,沖縄県読谷村瀬名波621-3,26.4194307,127.7327216,/,no,no,,,,,no,no,no,no,no,no,,,,,,,,,,,,yes,no,no,,,barrier_free_map,沖縄県バリアフリーマップ,http://okinawa-bf-map.jp/facility-info/detail?facility_id=2159,2023-06-08,2159,トイレ出入口形状=開き戸,備考: 駐車台数2~3台
47,沖縄県,47211,沖縄市,,コザ信用金庫十字路支店,,,904-2154,沖縄県沖縄市東1-1-20,26.342107825478163,127.81791951792526,http://www.kozashinkin.co.jp/,yes,yes,,,,,yes,no,no,no,no,no,,,,,,,,,,,,no,no,no,,,barrier_free_map,沖縄県バリアフリーマップ,http://okinawa-bf-map.jp/facility-info/detail?facility_id=2160,2019-07-16,2160,トイレ出入口形状=スライド,
47,沖縄県,47324,読谷村,,読谷村保育所,,,904-0323,沖縄県読谷村高志保1406,26.4075984,127.7337247,/,no,no,,,,,yes,no,no,no,no,no,,,,,,,,,,,,no,no,no,,,barrier_free_map,沖縄県バリアフリーマップ,http://okinawa-bf-map.jp/facility-info/detail?facility_id=2161,2010-05-01,2161,トイレ出入口形状=引戸,特徴･注意点: 園内にスロープあり 園児のトイレ内にはシャワーあり / 備考: 駐車台数5~6台 隣接している村立図書館も利用可能 / トイレ備考: ドア引き戸とスライド
47,沖縄県,47211,沖縄市,,株式会社システムサーブ デイサービスセンターまごころ,,,904-2171,沖縄県沖縄市高原5-2-8,26.322373941925886,127.82285811167189,/,no,yes,,,,,yes,no,no,no,no,no,,,,,,,,,,,,no,no,no,,,barrier_free_map,沖縄県バリアフリーマップ,http://okinawa-bf-map.jp/facility-info/detail?facility_id=2162,2019-07-17,2162,緊急通報装置あり / トイレ出入口形状=スライド,
47,沖縄県,47211,沖縄市,,はた内科クリニック,,,904-2155,沖縄県沖縄市美原3-22-8,26.351437730406467,127.81752334373732,/,yes,yes,,,,,yes,no,no,no,no,yes,,,,,,,,,,,,yes,no,no,,,barrier_free_map,沖縄県バリアフリーマップ,http://okinawa-bf-map.jp/facility-info/detail?facility_id=2163,2023-11-13,2163,緊急通報装置あり / トイレ出入口形状=スライド,
47,沖縄県,47324,読谷村,,読谷村勤労者体育センター,,,904-0301,沖縄県読谷村座喜味2975,26.3995439,127.7428161,/,no,yes,,,,,no,no,no,no,no,no,,,,,,,,,,,,yes,no,no,,,barrier_free_map,沖縄県バリアフリーマップ,http://okinawa-bf-map.jp/facility-info/detail?facility_id=2164,2010-05-01,2164,緊急通報装置あり / トイレ出入口形状=スライド,特徴･注意点: 館内入口にはスロープあり / 備考: 駐車台数100台
47,沖縄県,47324,読谷村,,読谷村北保育所,,,904-0324,沖縄県読谷村長浜1647,26.4153671,127.7302802,/,no,no,,,,,no,no,no,no,no,no,,,,,,,,,,,,yes,no,no,,,barrier_free_map,沖縄県バリアフリーマップ,http://okinawa-bf-map.jp/facility-info/detail?facility_id=2165,2010-05-01,2165,トイレ出入口形状=開き戸,備考: 駐車台数10台 / トイレ備考: 一般は洋式が1つのみ段差もあり少し狭い 子供用は年齢に合わせたものが各教室にある
47,沖縄県,47211,沖縄市,,ちゅうざん病院,,,904-2151,沖縄県沖縄市松本6-2-1,26.3547027,127.8096656,http://www.chuzan.or.jp,yes,yes,,,,,yes,no,yes,no,yes,yes,,,,,,,,,,,,no,no,yes,,,barrier_free_map,沖縄県バリアフリーマップ,http://okinawa-bf-map.jp/facility-info/detail?facility_id=2166,2019-07-17,2166,緊急通報装置あり / 着替え台あり / トイレ出入口形状=スライド,備考: 正式名称 医療法人ちゅうざん会ちゅうざん病院 / 備考: 駐車場収容台数 150台
47,沖縄県,47211,沖縄市,,美里の杜カシータ,,,904-2151,沖縄県沖縄市松本1-11-1,26.354803236067585,127.81415420932763,http://casita-tls.com/misato/,yes,yes,,,,,yes,yes,yes,yes,yes,yes,,,,,,,,,,,,no,no,no,,,barrier_free_map,沖縄県バリアフリーマップ,http://okinawa-bf-map.jp/facility-info/detail?facility_id=2167,2016-08-16,2167,緊急通報装置あり / 着替え台あり / トイレ出入口形状=スライド,備考: 正式名称 介護付有料老人ホーム 美里の杜カシータ / 備考: 駐車場収容台数 30台
47,沖縄県,47211,沖縄市,,ケアサービスセンター希愛,,,904-2142,沖縄県沖縄市登川2-7-4,26.3649994849418,127.82424483575095,http://www.ans.co.jp/u/kiaikai/care/,no,yes,,,,,yes,no,yes,no,no,no,,,,,,,,,,,,no,no,no,,,barrier_free_map,沖縄県バリアフリーマップ,http://okinawa-bf-map.jp/facility-info/detail?facility_id=2168,2016-08-16,2168,緊急通報装置あり / トイレ出入口形状=スライド,備考: 正式名称 社会福祉法人希愛会 通所介護事業所ケアサービスセンター希愛 / 備考: 駐車場収容台数 30台
47,沖縄県,47201,那覇市,,ザ・ナハテラス,,,900-0006,沖縄県那覇市おもろまち2-14-1,26.22401110176361,127.69223509947504,http://www.terrace.co.jp,yes,yes,,,,,no,no,no,no,no,no,,,,,,,,,,,,no,yes,no,,,barrier_free_map,沖縄県バリアフリーマップ,http://okinawa-bf-map.jp/facility-info/detail?facility_id=2169,2023-03-23,2169,緊急通報装置あり / トイレ出入口形状=開き戸,特徴･注意点: 要望に応じその都度対応可 / 備考: 駐車場収容台数150台 車イス専用駐車場からスロープあり。1ヶ所は可動式なので要望あればスロープの移動可能
47,沖縄県,47201,那覇市,,沖縄銀行小録支店,,,901-0152,沖縄県那覇市小禄1-18-1,26.1943393,127.676489,http://www.okinawa-bank.co.jp/,yes,yes,,,,,no,no,no,no,no,no,,,,,,,,,,,,yes,no,no,,,barrier_free_map,沖縄県バリアフリーマップ,http://okinawa-bf-map.jp/facility-info/detail?facility_id=2170,2010-05-01,2170,トイレ出入口形状=開き戸,備考: 駐車場収容台数25台 / トイレ備考: 入口53cm 便座高さ40cm
47,沖縄県,47201,那覇市,,沖縄県中央児童相談所,,,903-0804,沖縄県那覇市首里石嶺町4-394,26.2332651,127.73454,/,yes,yes,,,,,no,no,no,no,yes,no,,,,,,,,,,,,no,no,no,,,barrier_free_map,沖縄県バリアフリーマップ,http://okinawa-bf-map.jp/facility-info/detail?facility_id=2171,2010-05-01,2171,トイレ出入口形状=スライド,備考: 駐車場収容台数30台 / トイレ備考: 洋式トイレ 男1、女2(手すり無し) 開口幅56cm
47,沖縄県,47201,那覇市,,沖縄ナハナ・ホテル＆スパ,,,900-0033,沖縄県那覇市久米2-1-5,26.21473362193061,127.67595807909859,http://www.nahana-hotel.jp/,yes,yes,,,,,yes,no,no,no,yes,no,,,,,,,,,,,,no,yes,no,,,barrier_free_map,沖縄県バリアフリーマップ,http://okinawa-bf-map.jp/facility-info/detail?facility_id=2172,2018-12-21,2172,トイレ出入口形状=スライド,特徴･注意点: バリアフリールーム1部屋 / 備考: 車いす対応客室あり（ドア：開き戸、部屋の入口：段差なし、部屋の通路：車いす通行可能、バスルーム：入口段差なし・入口幅80cm以上、トイレ：手すりあり・車いすで入れる） / 備考: 駐車場収容台数70台 1泊1000円 / トイレ備考: 便座高さ45cm
47,沖縄県,47201,那覇市,,ホテルブライオン那覇,,,900-0032,沖縄県那覇市松山2-15-13,26.2200088,127.6804061,http://www.hotelblion.com,yes,yes,,,,,yes,no,no,no,no,yes,,,,,,,,,,,,no,no,no,,,barrier_free_map,沖縄県バリアフリーマップ,http://okinawa-bf-map.jp/facility-info/detail?facility_id=2173,2018-12-26,2173,緊急通報装置あり / トイレ出入口形状=スライド,備考: 駐車場収容台数22台 / トイレ備考: 下のほうにも非常用呼び出し有り
47,沖縄県,47208,浦添市,,浦添市クリーンセンターリサイクルプラザ,,,901-2128,沖縄県浦添市伊奈武瀬1-8-2,26.2500589,127.6730215,http://risaikuru.ti-da.net/,no,yes,,,,,no,no,no,no,no,no,,,,,,,,,,,,no,yes,no,,,barrier_free_map,沖縄県バリアフリーマップ,http://okinawa-bf-map.jp/facility-info/detail?facility_id=2174,2019-05-29,2174,緊急通報装置あり / トイレ出入口形状=スライド,備考: 駐車場収容台数 35台
47,沖縄県,47208,浦添市,,伊奈武瀬球場,,,901-2128,沖縄県浦添市伊奈武瀬1-8-1,26.2485034,127.67123,http://urataishisetsu.jp/sisetsu/s-10/,no,no,,,,,no,no,no,no,no,no,,,,,,,,,,,,yes,no,no,,,barrier_free_map,沖縄県バリアフリーマップ,http://okinawa-bf-map.jp/facility-info/detail?facility_id=2175,2019-10-31,2175,トイレ出入口形状=開き戸,備考: 正式名称 伊奈武瀬球場（浦添市公共施設管理事務所） / 備考: 駐車場収容台数 30台
47,沖縄県,47201,那覇市,,ホテルサンパレス球陽館,,,900-0015,沖縄県那覇市久茂地2-5-1,26.215626,127.67983149999998,http://www.palace-okinawa.com/sunpalace/,yes,yes,,,,,yes,no,no,no,yes,yes,,,,,,,,,,,,yes,yes,no,,,barrier_free_map,沖縄県バリアフリーマップ,http://okinawa-bf-map.jp/facility-info/detail?facility_id=2176,2018-12-24,2176,着替え台あり / トイレ出入口形状=開き戸,備考: 駐車場収容台数15台 / トイレ備考: 段差1段目13cm、2段目17cm ベビーチェア高さ84cm、便器70cm、入口78cm 車いす用トイレ、男子トイレ2階、便座の高さ60cm手すり有り、非常用ボタン有り
47,沖縄県,47208,浦添市,,浦添市保健相談センター,,,901-2103,沖縄県浦添市仲間1-8-1,26.2490965,127.7197764,http://www.city.urasoe.lg.jp,yes,yes,,,,,no,no,no,no,yes,yes,,,,,,,,,,,,no,no,no,,,barrier_free_map,沖縄県バリアフリーマップ,http://okinawa-bf-map.jp/facility-info/detail?facility_id=2177,2019-05-29,2177,トイレ出入口形状=スライド,備考: 駐車場収容台数 150台 / トイレ備考: ベビーベッドはトイレ外側にあり。
47,沖縄県,47201,那覇市,,ハイパーホテル那覇,,,901-0155,沖縄県那覇市金城5-11-1,26.1958776,127.6657117,http://www.hyperhotel-naha.co.jp,yes,yes,,,,,yes,no,no,no,no,no,,,,,,,,,,,,no,no,no,,,barrier_free_map,沖縄県バリアフリーマップ,http://okinawa-bf-map.jp/facility-info/detail?facility_id=2178,2010-05-08,2178,緊急通報装置あり / トイレ出入口形状=スライド,備考: 車いす対応客室あり（ドア：開き戸、部屋の入口：段差なし、部屋の通路：車いす通行可能、バスルーム：入口段差なし・入口幅80cm以上、トイレ：手すりあり・車いすで入れる） / 備考: 駐車場収容台数36台
47,沖縄県,47209,名護市,,沖縄サンコーストホテルビーチリゾート,,,905-0025,沖縄県名護市幸喜108,26.53760341627798,127.94922832305019,http://suncoast.okinawa/,yes,yes,,,,,yes,no,no,no,yes,no,,,,,,,,,,,,no,no,no,,,barrier_free_map,沖縄県バリアフリーマップ,http://okinawa-bf-map.jp/facility-info/detail?facility_id=2179,2018-04-26,2179,トイレ出入口形状=スライド,備考: 駐車場収容台数 100台
47,沖縄県,47201,那覇市,,ニチイケアセンターまぁじ,,,902-0078,沖縄県那覇市識名1249-1,26.2002954,127.7154854,http://nichiigakkan.co.jp,no,yes,,,,,yes,no,no,no,no,yes,,,,,,,,,,,,no,no,no,,,barrier_free_map,沖縄県バリアフリーマップ,http://okinawa-bf-map.jp/facility-info/detail?facility_id=2181,2010-05-01,2181,緊急通報装置あり / トイレ出入口形状=スライド,トイレ備考: トイレ出入口形状はスライドとカーテン両方
47,沖縄県,47211,沖縄市,,auStyle 宮里中学前,,,904-2154,沖縄県沖縄市東2-15-1,26.34314842065975,127.82385334662702,http://www.au.com/aushop/shop.O-00290/,yes,yes,,,,,yes,no,no,no,yes,yes,,,,,,,,,,,,no,no,no,,yes,barrier_free_map,沖縄県バリアフリーマップ,http://okinawa-bf-map.jp/facility-info/detail?facility_id=2182,2023-02-22,2182,緊急通報装置あり / トイレ出入口形状=スライド,特徴･注意点: 車イス専用トイレあり。 / 備考: 駐車場収容台数 8台
47,沖縄県,47201,那覇市,,沖縄県立石嶺児童園,,,903-0804,沖縄県那覇市首里石嶺町4-394,26.2320569,127.7343095,/,no,no,,,,,no,no,no,no,no,no,,,,,,,,,,,,yes,no,no,,,barrier_free_map,沖縄県バリアフリーマップ,http://okinawa-bf-map.jp/facility-info/detail?facility_id=2183,2010-05-01,2183,トイレ出入口形状=開き戸,特徴･注意点: 隣接する体育館に多目的トイレ有り / 備考: 駐車場収容台数20台 / トイレ備考: 洋式トイレ男1、女1、開口幅65cm、段差9cm
47,沖縄県,47201,那覇市,,うまんちゅ首里 （医療法人 愛和会）,,,903-0811,沖縄県那覇市首里赤平町2-67-5,26.225121,127.7205833,http://www.aiwakai.jp,yes,yes,,,,,no,no,no,no,no,no,,,,,,,,,,,,no,no,no,,,barrier_free_map,沖縄県バリアフリーマップ,http://okinawa-bf-map.jp/facility-info/detail?facility_id=2184,2011-06-11,2184,緊急通報装置あり / トイレ出入口形状=引戸,備考: 駐車場収容台数4台 / トイレ備考: 入口幅75cm スロープ有り
47,沖縄県,47211,沖縄市,,コザ県税事務所,,,904-2155,沖縄県沖縄市美原1-6-34 / 沖縄県中部合同庁舎1階,26.348606706856724,127.82010367626185,http://www.pref.okinawa.jp/site/somu/zeimu/choshu/8956.html,yes,yes,,,,,yes,no,yes,no,yes,yes,,,,,,,,,,,,no,no,no,,,barrier_free_map,沖縄県バリアフリーマップ,http://okinawa-bf-map.jp/facility-info/detail?facility_id=2185,2023-08-21,2185,緊急通報装置あり / トイレ出入口形状=スライド,特徴･注意点: オストメイト対応。 点字付き標示あり。 駐車スペース広い。 / 備考: 電話番号は総務課の番号です。 / 備考: 駐車場収容台数 200台 / トイレ備考: 多目的トイレはスペースがとても広い。 トイレ内でも身動きが取りやすい。 一般トイレにはベビーチェア等の設置はないが、すべて多目的トイレに揃っています。
47,沖縄県,47211,沖縄市,,美里公園,,,904-2153,沖縄県沖縄市美里1081,26.34841108417841,127.82036665543102,http://cp.town-nets.jp/125/index.html,no,yes,,,,,no,no,no,no,no,no,,,,,,,,,,,,no,no,no,,,barrier_free_map,沖縄県バリアフリーマップ,http://okinawa-bf-map.jp/facility-info/detail?facility_id=2186,2019-07-17,2186,トイレ出入口形状=引戸,備考: 施設管理者建築・公園課 / 備考: 駐車場収容台数 15台
47,沖縄県,47201,那覇市,,ＪＡおきなわ首里城下町支店,,,903-0806,沖縄県那覇市首里汀良町1-29-2,26.2185578,127.7229197,http://www.jabank.org/,yes,yes,,,,,yes,no,no,no,yes,yes,,,,,,,,,,,,no,no,no,,,barrier_free_map,沖縄県バリアフリーマップ,http://okinawa-bf-map.jp/facility-info/detail?facility_id=2187,2017-01-16,2187,緊急通報装置あり / トイレ出入口形状=引戸,備考: 駐車場収容台数11台 / トイレ備考: 男子尿器3コ手すり有り 男子洋式2 入口幅73.5cm
47,沖縄県,47211,沖縄市,,美里自治会事務所,,,904-2153,沖縄県沖縄市美里2-19-13,26.345594101638923,127.81475219074389,/,no,yes,,,,,no,no,no,no,no,no,,,,,,,,,,,,no,no,no,,,barrier_free_map,沖縄県バリアフリーマップ,http://okinawa-bf-map.jp/facility-info/detail?facility_id=2188,2010-05-01,2188,トイレ出入口形状=引戸,特徴･注意点: スロープあり / 備考: 駐車場収容台数 5台
47,沖縄県,47327,北中城村,,和仁屋公民館,,,901-2312,沖縄県北中城村字和仁屋174,26.299258453485837,127.80827782764742,/,no,yes,,,,,yes,no,no,no,no,no,,,,,,,,,,,,no,no,no,,,barrier_free_map,沖縄県バリアフリーマップ,http://okinawa-bf-map.jp/facility-info/detail?facility_id=2189,2021-01-05,2189,緊急通報装置あり / トイレ出入口形状=引戸,備考: 駐車台数14台
47,沖縄県,47211,沖縄市,,琉球銀行コザ十字路支店,,,904-2153,沖縄県沖縄市美里777-1,26.3438568,127.8205705,http://www.ryugin.co.jp/tenpo/atm_search/shop-5033/,no,yes,,,,,no,no,no,yes,no,no,,,,,,,,,,,,no,no,no,,,barrier_free_map,沖縄県バリアフリーマップ,http://okinawa-bf-map.jp/facility-info/detail?facility_id=2190,2019-05-15,2190,トイレ出入口形状=スライド,備考: 駐車場収容台数 50台
47,沖縄県,47201,那覇市,,デイサービスセンター夢,,,903-0812,沖縄県那覇市首里当蔵町2-16,26.2197576,127.7210198,/,yes,yes,,,,,yes,no,no,no,no,no,,,,,,,,,,,,no,no,no,,,barrier_free_map,沖縄県バリアフリーマップ,http://okinawa-bf-map.jp/facility-info/detail?facility_id=2191,2010-05-01,2191,緊急通報装置あり / トイレ出入口形状=引戸,備考: 正式名称 有限会社シルバーケア夢 デイサービスセンター夢 / 備考: 駐車場収容台数5台 / トイレ備考: 男性用尿器1個
47,沖縄県,47211,沖縄市,,泡瀬第二自治公民館 (泡瀬第二自治会),,,904-2161,沖縄県沖縄市古謝三丁目１９番１３号,26.337168153057107,127.83784489510651,http://www.city.okinawa.okinawa.jp/about/4697/12067,no,no,,,,,no,no,no,no,no,no,,,,,,,,,,,,no,no,no,,,barrier_free_map,沖縄県バリアフリーマップ,http://okinawa-bf-map.jp/facility-info/detail?facility_id=2192,2019-05-16,2192,トイレ出入口形状=引戸,備考: 駐車場収容台数 10台
47,沖縄県,47201,那覇市,,沖縄県立若夏学院,,,903-0802,沖縄県那覇市首里大名町3-112,26.2307011,127.7217468,/,yes,yes,,,,,yes,no,no,no,yes,no,,,,,,,,,,,,no,no,no,,,barrier_free_map,沖縄県バリアフリーマップ,http://okinawa-bf-map.jp/facility-info/detail?facility_id=2194,2010-05-01,2194,緊急通報装置あり / トイレ出入口形状=引戸,備考: 駐車場収容台数50台
47,沖縄県,47327,北中城村,,喜舎場公民館,,,901-2311,沖縄県北中城村喜舎場75,26.3037263,127.7940046,/,no,no,,,,,no,no,no,no,no,no,,,,,,,,,,,,yes,no,no,,,barrier_free_map,沖縄県バリアフリーマップ,http://okinawa-bf-map.jp/facility-info/detail?facility_id=2195,2018-11-20,2195,トイレ出入口形状=ドア無し,備考: 駐車台数30台 / トイレ備考: 段差10cm 車イストイレなし
47,沖縄県,47211,沖縄市,,泡瀬第一自治会公民館 (泡瀬第一自治会事務所),,,904-2164,沖縄県沖縄市桃原3-16-14,26.334173723974093,127.83058443320466,http://www.city.okinawa.okinawa.jp/about/4697/11952,no,no,,,,,no,no,no,no,no,no,,,,,,,,,,,,yes,no,no,,,barrier_free_map,沖縄県バリアフリーマップ,http://okinawa-bf-map.jp/facility-info/detail?facility_id=2196,2019-05-16,2196,トイレ出入口形状=開き戸,備考: 駐車場収容台数 5台 / トイレ備考: 和式1個のみ洋式便座が取り付けてあります。 出入口段差9cm。 施設2階トイレ、和式4個・洋式1個・車イス専用無し。
47,沖縄県,47201,那覇市,,那覇西クリニックまかび,,,902-0068,沖縄県那覇市真嘉比76,26.2240674,127.7029402,/,yes,yes,,,,,yes,no,no,no,yes,no,,,,,,,,,,,,no,no,no,,,barrier_free_map,沖縄県バリアフリーマップ,http://okinawa-bf-map.jp/facility-info/detail?facility_id=2198,2010-05-01,2198,緊急通報装置あり / トイレ出入口形状=スライド,備考: 駐車場収容台数32台
47,沖縄県,47211,沖縄市,,泡瀬第三地区コミュニティー供用施設 (泡瀬第三自治会事務所),,,904-2172,沖縄県沖縄市泡瀬5-19-1,26.3258813247719,127.83200910370486,http://www.city.okinawa.okinawa.jp/about/4697/12068,yes,yes,,,,,no,no,no,no,yes,no,,,,,,,,,,,,no,no,no,,,barrier_free_map,沖縄県バリアフリーマップ,http://okinawa-bf-map.jp/facility-info/detail?facility_id=2199,2010-05-01,2199,トイレ出入口形状=スライド,特徴･注意点: 和室・調理室・図書館あり。 施設隣に広場があり、駐車場として利用出来ます。 / 備考: 駐車場収容台数 100台
47,沖縄県,47208,浦添市,,サン・アビリティーズうらそえ（社団法人浦添市身体障がい者福祉協会）,,,901-2126,沖縄県浦添市浦添宮城4-11-1,26.2439759,127.7049106,/,,,,,,,,,no,no,,,,,,,,,,,,,,,,no,,,barrier_free_map,沖縄県バリアフリーマップ,http://okinawa-bf-map.jp/facility-info/detail?facility_id=22,2020-05-13,22,緊急通報装置あり / トイレ出入口形状=自動ドア,特徴･注意点: ・車椅子用気入れ(コンプレッサ)使用は自由｡ ・駐車場は身体障害者用に多く区画がとられている｡ ・トイレ等も充分な設備である｡ ・車椅子バスケットも毎週火、土に19：00から21：30まで練習をやっています｡ ･便座の高さ46㎝。 ・洗面所の高さ64㎝。
47,沖縄県,47211,沖縄市,,中部ファーマーズマーケット「ちゃんぷる～市場」,,,904-2142,沖縄県沖縄市登川2697 / ちゃんぷるー市場,26.3685461,127.8163396,http://www.ja-okinawa.or.jp/fm/,yes,yes,,,,,yes,no,no,no,yes,yes,,,,,,,,,,,,no,yes,no,,,barrier_free_map,沖縄県バリアフリーマップ,http://okinawa-bf-map.jp/facility-info/detail?facility_id=2200,2016-08-16,2200,トイレ出入口形状=スライド,備考: 駐車場収容台数 105台
47,沖縄県,47201,那覇市,,那覇市民ギャラリー,,,900-0015,沖縄県那覇市久茂地1-1-1 / パレットくもじ,26.2138009,127.6793009,/,no,no,,,,,no,no,no,no,no,yes,,,,,,,,,,,,yes,yes,no,,,barrier_free_map,沖縄県バリアフリーマップ,http://okinawa-bf-map.jp/facility-info/detail?facility_id=2201,2020-05-05,2201,トイレ出入口形状=開き戸,特徴･注意点: 1階出入口まで点字ブロック有り。 エレベーターあり。施設内は広く前面フラット。 / 備考: 駐車場無し / トイレ備考: 那覇市民ギャラリー施設内のトイレはないので、リュウボウ6階のトイレを使用することになる(2箇所) 1階には車イス専用トイレ有り 男和1、洋2、女洋4 便座高さ38cm、便座入口55cm、洗面台74cm、トイレ入口90cm
47,沖縄県,47211,沖縄市,,サンエーV21食品館 知花店,,,904-2143,沖縄県沖縄市知花6-40-12,26.367532743175964,127.81745871726604,http://www.san-a.co.jp/store/689/,yes,yes,,,,,no,no,no,no,yes,no,,,,,,,,,,,,yes,yes,no,,,barrier_free_map,沖縄県バリアフリーマップ,http://okinawa-bf-map.jp/facility-info/detail?facility_id=2202,2019-05-16,2202,トイレ出入口形状=スライド,備考: 正式名称 株式会社サンエーV21ちばな食品館 / 備考: 駐車場収容台数 50台
47,沖縄県,47211,沖縄市,,セルフサポートセンターぴゅあ,,,904-2142,沖縄県沖縄市登川2-31-10,26.369589437892017,127.82430833372949,http://www.kisyouhukusikai.com/index.html,no,yes,,,,,yes,no,no,no,no,no,,,,,,,,,,,,no,no,no,,,barrier_free_map,沖縄県バリアフリーマップ,http://okinawa-bf-map.jp/facility-info/detail?facility_id=2203,2019-05-16,2203,緊急通報装置あり / トイレ出入口形状=スライド,備考: 正式名称 社会福祉法人輝翔福祉会 セルフサポートセンターぴゅあ / 備考: 駐車場収容台数 6台
47,沖縄県,47201,那覇市,,海鮮居食屋 新鮮組,,,900-0002,沖縄県那覇市曙3-6-4,26.2415372,127.6872206,/,no,no,,,,,no,no,no,no,no,no,,,,,,,,,,,,yes,no,no,,,barrier_free_map,沖縄県バリアフリーマップ,http://okinawa-bf-map.jp/facility-info/detail?facility_id=2204,2015-09-10,2204,トイレ出入口形状=引戸,特徴･注意点: 店員へ声掛けで介助可 / 備考: 駐車場収容台数40台(4店舗協同)
47,沖縄県,47211,沖縄市,,小規模多機能型居宅介護おきなわ長寿苑,,,904-2142,沖縄県沖縄市登川1415,26.376577773284584,127.8224553220207,http://www.chojyuen.com/,no,yes,,,,,no,no,no,no,no,no,,,,,,,,,,,,no,no,no,,,barrier_free_map,沖縄県バリアフリーマップ,http://okinawa-bf-map.jp/facility-info/detail?facility_id=2205,2019-05-16,2205,緊急通報装置あり / トイレ出入口形状=スライド,特徴･注意点: 宿泊施設は24時間営業。 / 備考: 正式名称 社会福祉法人おきなわ長寿会 小規模多機能型居宅介護おきなわ長寿苑 / 備考: 駐車場収容台数 6台 / トイレ備考: 車イスのマークが付いたトイレはありませんでした。
47,沖縄県,47211,沖縄市,,ドラゴンボウル,,,904-2142,沖縄県沖縄市登川2450,26.36915278789321,127.81746004285276,http://dragon-bowl.jp,no,no,,,,,no,no,no,no,yes,no,,,,,,,,,,,,no,no,no,,,barrier_free_map,沖縄県バリアフリーマップ,http://okinawa-bf-map.jp/facility-info/detail?facility_id=2206,2019-05-16,2206,トイレ出入口形状=開き戸,備考: 正式名称 有限会社登川商事 ドラゴンボウル / 備考: 駐車場収容台数 80台
47,沖縄県,47201,那覇市,,那覇港新港ふ頭 船客待合室,,,900-0001,沖縄県那覇市港町1-2,26.2310242,127.6786276,/,yes,yes,,,,,no,no,no,no,no,no,,,,,,,,,,,,no,no,no,,,barrier_free_map,沖縄県バリアフリーマップ,http://okinawa-bf-map.jp/facility-info/detail?facility_id=2207,2010-05-24,2207,トイレ出入口形状=スライド,備考: 那覇港管理センター(沖縄ヒフレ管理株式会社) 098-862-2328（那覇港管理組合業務課） / 備考: 駐車場収容台数100台 / トイレ備考: 男女洋式3、和式1 洗面台高さ78cm、幅66.5cm 便座高さ36.5cm 可動式手すり付
47,沖縄県,47211,沖縄市,,のぼりかわ教会,,,904-2142,沖縄県沖縄市登川1-13-22,26.36936,127.8205364,/,no,no,,,,,no,no,no,no,no,no,,,,,,,,,,,,yes,no,no,,,barrier_free_map,沖縄県バリアフリーマップ,http://okinawa-bf-map.jp/facility-info/detail?facility_id=2208,2016-08-31,2208,トイレ出入口形状=開き戸,備考: 駐車場収容台数 15台 / トイレ備考: 出入口段差3cm。
47,沖縄県,47211,沖縄市,,JAおきなわ登川支店,,,904-2142,沖縄県沖縄市登川2703-2,26.36766003390054,127.81677190251617,http://www.ja-okinawa.or.jp/store/detail.php?id=205,no,no,,,,,no,no,no,no,no,no,,,,,,,,,,,,yes,no,no,,,barrier_free_map,沖縄県バリアフリーマップ,http://okinawa-bf-map.jp/facility-info/detail?facility_id=2210,2019-03-21,2210,トイレ出入口形状=開き戸,備考: 正式名称 沖縄県農業協同組合JAおきなわ登川支店 / 備考: 駐車場収容台数 11台 / トイレ備考: 出入口段差2cm
47,沖縄県,47201,那覇市,,喜屋武内科・呼吸器科,,,900-0004,沖縄県那覇市銘苅2-11-22,26.2332744,127.695615,/,yes,yes,,,,,yes,no,no,no,no,yes,,,,,,,,,,,,no,no,no,,,barrier_free_map,沖縄県バリアフリーマップ,http://okinawa-bf-map.jp/facility-info/detail?facility_id=2211,2010-05-08,2211,緊急通報装置あり / トイレ出入口形状=スライド,
47,沖縄県,47211,沖縄市,,特別養護老人ホーム緑樹苑,,,904-0021,沖縄県沖縄市胡屋7-2-10,26.325514610432247,127.81088046931151,http://www.ryokujukai.or.jp/,no,yes,,,,,no,no,no,no,no,no,,,,,,,,,,,,no,no,no,,,barrier_free_map,沖縄県バリアフリーマップ,http://okinawa-bf-map.jp/facility-info/detail?facility_id=2212,2019-07-17,2212,緊急通報装置あり / トイレ出入口形状=ドア無し,備考: 正式名称 社会福祉法人緑樹会 特別養護老人ホーム緑樹苑 / 備考: 駐車場収容台数 6台 / トイレ備考: ドア無し。カーテンになっています。
47,沖縄県,47201,那覇市,,ホテル東急ビズフォート那覇,,,900-0029,沖縄県那覇市旭町116-37,26.2098099,127.6774905,http://www.hoteltokyubizfort.co.jp,yes,yes,,,,,yes,no,no,no,yes,yes,,,,,,,,,,,,no,no,no,,,barrier_free_map,沖縄県バリアフリーマップ,http://okinawa-bf-map.jp/facility-info/detail?facility_id=2214,2010-05-08,2214,トイレ出入口形状=スライド,備考: ・4階フロント 5~14階客室 ・車いす対応客室あり（ドア：開き戸、部屋の入口：段差なし、部屋の通路：車いす通行可能、バスルーム：入口段差なし・入口幅80cm以上、トイレ：手すりあり・車いすで入れる） / 備考: 駐車場収容台数110台 1泊1100円
47,沖縄県,47201,那覇市,,沖縄県立いしみね救護園,,,903-0804,沖縄県那覇市首里石嶺町4-389,26.2326902,127.7337762,/,yes,yes,,,,,no,no,no,no,no,no,,,,,,,,,,,,no,no,no,,,barrier_free_map,沖縄県バリアフリーマップ,http://okinawa-bf-map.jp/facility-info/detail?facility_id=2215,2010-05-01,2215,緊急通報装置あり / トイレ出入口形状=スライド,備考: 入居者の起床7:00、就寝21:00 / 備考: 駐車場収容台数15台
47,沖縄県,47201,那覇市,,童の城保育園分園,,,903-0804,沖縄県那覇市首里石嶺町1-53-2,26.2256794,127.7238358,/,no,no,,,,,no,no,no,no,no,no,,,,,,,,,,,,yes,no,yes,,,barrier_free_map,沖縄県バリアフリーマップ,http://okinawa-bf-map.jp/facility-info/detail?facility_id=2216,2010-05-01,2216,トイレ出入口形状=開き戸,備考: 駐車場収容台数約30台
47,沖縄県,47324,読谷村,,読谷村南保育所,,,904-0304,沖縄県読谷村楚辺１０３０−１,26.382145017328853,127.74270823439338,/,no,yes,,,,,no,no,no,no,no,no,,,,,,,,,,,,no,no,no,,,barrier_free_map,沖縄県バリアフリーマップ,http://okinawa-bf-map.jp/facility-info/detail?facility_id=2217,2017-12-28,2217,緊急通報装置あり / トイレ出入口形状=スライド,特徴･注意点: 施設内は段差なく移動し易い 園児用のトイレに手すりなどを設置して利用しやすいようになっている / 備考: 駐車台数15~20台
47,沖縄県,47324,読谷村,,読谷村役場,,,904-0301,沖縄県読谷村座喜味2901,26.3960554,127.7442772,http://www.vill.yomitan.okinawa.jp/,yes,yes,,,,,no,no,no,no,no,yes,,,,,,,,,,,,no,no,yes,,,barrier_free_map,沖縄県バリアフリーマップ,http://okinawa-bf-map.jp/facility-info/detail?facility_id=2218,2019-10-23,2218,緊急通報装置あり / トイレ出入口形状=開き戸,特徴･注意点: 音声誘導装置あり エレベーター等至る場所に点字案内表示板あり / 備考: 駐車台数約100台
47,沖縄県,47201,那覇市,,沖縄県総合福祉センター,,,903-0804,沖縄県那覇市首里石嶺4-373-1,26.2307348,127.7336069,http://www.okishakyo.or.jp/center/,yes,yes,,,,,no,no,yes,yes,yes,no,,,,,,,,,,,,no,no,yes,,,barrier_free_map,沖縄県バリアフリーマップ,http://okinawa-bf-map.jp/facility-info/detail?facility_id=2219,2020-05-05,2219,緊急通報装置あり / トイレ出入口形状=スライド,備考: 駐車場収容台数約170台 身体障がい者専用駐車場地下4台、地上3台 屋根は地上には無し。地下のみ / トイレ備考: 各フロアーに多目的トイレ完備
47,沖縄県,47324,読谷村,,読谷村文化センター,,,904-0301,沖縄県読谷村座喜味2901,26.3961971,127.7453105,/,yes,yes,,,,,no,no,no,no,yes,yes,,,,,,,,,,,,no,no,no,,,barrier_free_map,沖縄県バリアフリーマップ,http://okinawa-bf-map.jp/facility-info/detail?facility_id=2220,2020-05-06,2220,緊急通報装置あり / トイレ出入口形状=スライド,特徴･注意点: センター全体にスロープがあり車イスでの移動がしやすい 多目的トイレあり ホール内に車イス用のスペース設置 / 備考: 駐車台数約100台
47,沖縄県,47201,那覇市,,那覇港泊ふ頭地区南岸 とまりん,,,900-0016,沖縄県那覇市前島3-25-1,26.2236659,127.684115,http://www.tomarin.com/,no,yes,,,,,yes,no,no,yes,yes,yes,,,,,,,,,,,,no,no,no,,,barrier_free_map,沖縄県バリアフリーマップ,http://okinawa-bf-map.jp/facility-info/detail?facility_id=2221,2024-05-22,2221,緊急通報装置あり / トイレ出入口形状=スライド,備考: 098-861-3341( ビルに関するお問い合わせ 泊ふ頭開発) 098-862-2328（港に関するお問い合わせ 那覇港管理組合業務課） / 備考: 駐車場（有料）駐車場係員(7：00～翌3：00まで常駐) / トイレ備考: 一般トイレ開口幅80cm以上あり
47,沖縄県,47324,読谷村,,読谷村立図書館,,,904-0322,沖縄県読谷村波平37,26.4066041,127.7333747,http://www.lib.yomitan.jp/WebOpac/webopac/index.do,yes,yes,,,,,no,no,no,no,yes,no,,,,,,,,,,,,yes,no,no,,,barrier_free_map,沖縄県バリアフリーマップ,http://okinawa-bf-map.jp/facility-info/detail?facility_id=2222,2024-06-24,2222,緊急通報装置あり / トイレ出入口形状=スライド,特徴･注意点: 一般トイレとは別に子供用トイレあり 障害者用のPCがあり、少し低めに設置されていて車イスでも利用可能 ほじょ犬は基本的に一緒に入館できる / 備考: 一般トイレとは別に子供用トイレあり、少し低めに設置されていて車イスでも利用可能 ほじょ犬は基本的に一緒に入館できる / 備考: 駐車台数95台 / トイレ備考: 入口段差3cm 幼児用便座:子ども用トイレあり 一般トイレ段差;あり 一般トイレ開口幅80cm:なし
47,沖縄県,47201,那覇市,,業務スーパー小禄店,,,901-0146,沖縄県那覇市具志875,26.1798203,127.6536798,/,yes,yes,,,,,no,no,no,no,no,no,,,,,,,,,,,,no,no,no,,,barrier_free_map,沖縄県バリアフリーマップ,http://okinawa-bf-map.jp/facility-info/detail?facility_id=2223,2015-09-10,2223,トイレ出入口形状=スライド,備考: 駐車場収容台数20台
47,沖縄県,47324,読谷村,,読谷村立歴史民族資料館,,,904-0301,沖縄県読谷村座喜味708-6,26.4068293,127.7424075,/,no,yes,,,,,no,no,no,no,no,no,,,,,,,,,,,,no,no,no,,,barrier_free_map,沖縄県バリアフリーマップ,http://okinawa-bf-map.jp/facility-info/detail?facility_id=2224,2015-09-10,2224,トイレ出入口形状=開き戸,備考: 駐車台数38台
47,沖縄県,47201,那覇市,,具志自治会館,,,901-0146,沖縄県那覇市具志2-2-15-17,26.1824342,127.6587045,/,yes,yes,,,,,no,no,no,no,no,no,,,,,,,,,,,,no,no,no,,,barrier_free_map,沖縄県バリアフリーマップ,http://okinawa-bf-map.jp/facility-info/detail?facility_id=2225,2010-05-01,2225,緊急通報装置あり / トイレ出入口形状=スライド,特徴･注意点: 施設が新しく駐車場も広い。屋根もあり、雨天時にも安心して利用できる施設 / 備考: 駐車場収容台数10台
47,沖縄県,47211,沖縄市,,ケアハウスはいびすかす,,,904-0021,沖縄県沖縄市胡屋7丁目1番21号,26.325381799360585,127.81050577301632,http://www.ryokujukai.or.jp/haibisukasu/,no,yes,,,,,yes,no,no,no,no,no,,,,,,,,,,,,no,no,no,,,barrier_free_map,沖縄県バリアフリーマップ,http://okinawa-bf-map.jp/facility-info/detail?facility_id=2226,2016-08-31,2226,緊急通報装置あり / トイレ出入口形状=スライド,特徴･注意点: 施設全体が新しく、車イス専用トイレの照明が自動でつきます。 / 備考: 正式名称 社会福祉法人緑樹会 沖縄長寿センター緑樹苑 ケアハウスはいびすかす この電話番号は社会福祉法人緑樹会に繋がります。098-930-2525 / 備考: 駐車場収容台数 30台
47,沖縄県,47324,読谷村,,読谷村立美術館,,,904-0301,沖縄県読谷村座喜味708-6,26.4068293,127.7424075,/,no,yes,,,,,no,no,no,no,no,no,,,,,,,,,,,,no,no,no,,,barrier_free_map,沖縄県バリアフリーマップ,http://okinawa-bf-map.jp/facility-info/detail?facility_id=2227,2015-09-10,2227,トイレ出入口形状=開き戸,備考: 駐車台数38台
47,沖縄県,47201,那覇市,,スカイウェルネススポーツ,,,901-0146,沖縄県那覇市沖縄県那覇具志890-1 国道331号線・小禄バイパス沿い,26.1793509,127.6538604,http://www.sky-sports.jp,yes,yes,,,,,yes,no,yes,no,no,no,,,,,,,,,,,,no,no,no,,yes,barrier_free_map,沖縄県バリアフリーマップ,http://okinawa-bf-map.jp/facility-info/detail?facility_id=2228,2023-04-24,2228,緊急通報装置あり / 着替え台あり / トイレ出入口形状=スライド,備考: 駐車場収容台数 300台
47,沖縄県,47324,読谷村,,読谷村老人福祉センター セーラ苑,,,904-0301,沖縄県読谷村座喜味1976,26.3952302,127.7301558,http://www.yomitan.jp,no,yes,,,,,no,no,no,no,no,no,,,,,,,,,,,,yes,no,no,,,barrier_free_map,沖縄県バリアフリーマップ,http://okinawa-bf-map.jp/facility-info/detail?facility_id=2229,2010-05-01,2229,トイレ出入口形状=開き戸,備考: 駐車台数80台
47,沖縄県,47201,那覇市,,オリブ山病院,,,903-0804,沖縄県那覇市首里石嶺町4-356,26.2302043,127.7344652,/,no,yes,,,,,no,no,no,no,no,no,,,,,,,,,,,,no,no,no,,,barrier_free_map,沖縄県バリアフリーマップ,http://okinawa-bf-map.jp/facility-info/detail?facility_id=2230,2010-05-01,2230,緊急通報装置あり / トイレ出入口形状=スライド,備考: 駐車場収容台数約35台 屋根は一部あり、店内までも一部有り / トイレ備考: 外来(精神科･内科)出入口アコーディオン、他同じ 入院棟1階多目的トイレ 女洋1、和1(呼び出し有り)、男洋1(呼び出し有り)
47,沖縄県,47201,那覇市,,グループホーム若狭の家,,,900-0031,沖縄県那覇市若狭3-4-10,26.2218252,127.6777895,/,no,yes,,,,,yes,no,no,no,no,no,,,,,,,,,,,,no,no,no,,,barrier_free_map,沖縄県バリアフリーマップ,http://okinawa-bf-map.jp/facility-info/detail?facility_id=2231,2010-05-01,2231,緊急通報装置あり / トイレ出入口形状=スライド,備考: 正式名称 有限会社ヘルスサポート グループホーム若狭の家 / 備考: 駐車場収容台数 4台 駐車場一部屋根あり。 / トイレ備考: スライドドアの前にカーテンあり。
47,沖縄県,47201,那覇市,,沖縄県中央保健所,,,902-0076,沖縄県那覇市与儀1-3-21,26.2065885,127.6939757,/,yes,yes,,,,,no,no,no,no,yes,yes,,,,,,,,,,,,no,yes,yes,,,barrier_free_map,沖縄県バリアフリーマップ,http://okinawa-bf-map.jp/facility-info/detail?facility_id=2232,2010-05-01,2232,トイレ出入口形状=スライド,備考: 駐車場収容台数45台
47,沖縄県,47201,那覇市,,社会福祉法人東和福祉会 平和保育園,,,902-0077,沖縄県那覇市長田2-34-41,26.1994618,127.7023589,/,no,yes,,,,,no,no,no,no,no,no,,,,,,,,,,,,no,no,no,,,barrier_free_map,沖縄県バリアフリーマップ,http://okinawa-bf-map.jp/facility-info/detail?facility_id=2233,2010-05-08,2233,トイレ出入口形状=スライド,備考: 4階建て 1階駐車場 / 備考: 駐車場収容台数15台
47,沖縄県,47201,那覇市,,沖縄県立看護大学,,,902-0076,沖縄県那覇市与儀1-24-1,26.2058719,127.6947785,/,no,yes,,,,,no,no,no,no,no,no,,,,,,,,,,,,yes,no,no,,,barrier_free_map,沖縄県バリアフリーマップ,http://okinawa-bf-map.jp/facility-info/detail?facility_id=2234,2010-05-24,2234,トイレ出入口形状=スライド,備考: 駐車場収容台数20台
47,沖縄県,47324,読谷村,,読谷村陶芸研修所,,,904-0301,沖縄県読谷村座喜味2653-1,26.4076824,127.7540485,/,no,yes,,,,,no,no,no,no,no,no,,,,,,,,,,,,no,no,no,,,barrier_free_map,沖縄県バリアフリーマップ,http://okinawa-bf-map.jp/facility-info/detail?facility_id=2235,2010-05-01,2235,トイレ出入口形状=引戸,備考: 駐車台数約30台以上 / トイレ備考: 和式トイレ出入口段差10cmあり。
47,沖縄県,47201,那覇市,,沖縄県立図書館,,,900-0021,沖縄県那覇市泉崎1-20-1(カフーナ旭橋A街区内),26.211272671980893,127.6765662325409,http://www.library.pref.okinawa.jp/,yes,yes,,,,,no,yes,yes,no,yes,yes,,,,,,,,,,,,yes,yes,yes,,no,barrier_free_map,沖縄県バリアフリーマップ,http://okinawa-bf-map.jp/facility-info/detail?facility_id=2236,2024-12-16,2236,緊急通報装置あり / トイレ出入口形状=スライド,備考: カフーナ旭橋A街区の３～５階が図書館となります / 備考: 図書館専用の無料駐車場ではありません。 カフーナ旭橋A街区内の有料駐車場となります。 ※図書館利用者については障害者割引あり。 / トイレ備考: ※図書館内のみの情報です。 ※3階に子供用トイレがあります。
47,沖縄県,47201,那覇市,,アバンティ・アーバンステイおもろ,,,900-0006,沖縄県那覇市おもろまち2-6-40,26.2251723,127.6921992,http://www.hotel-avanti.com/,no,no,,,,,no,no,no,no,no,no,,,,,,,,,,,,no,no,no,,,barrier_free_map,沖縄県バリアフリーマップ,http://okinawa-bf-map.jp/facility-info/detail?facility_id=2237,2010-05-08,2237,トイレ出入口形状=開き戸,備考: 駐車場無し。近隣の契約駐車場にて対応。
47,沖縄県,47324,読谷村,,都屋公民館,,,904-0305,沖縄県読谷村都屋307,26.38971,127.729096,/,no,no,,,,,no,no,no,no,no,no,,,,,,,,,,,,yes,no,no,,,barrier_free_map,沖縄県バリアフリーマップ,http://okinawa-bf-map.jp/facility-info/detail?facility_id=2238,2010-05-01,2238,トイレ出入口形状=開き戸,備考: 駐車台数7台 / トイレ備考: 入口段差3cm
47,沖縄県,47201,那覇市,,まつおTCクリニック,,,900-0014,沖縄県那覇市松尾2-2-25-4,26.2140873,127.6850924,/,yes,yes,,,,,yes,no,no,no,no,yes,,,,,,,,,,,,no,no,no,,,barrier_free_map,沖縄県バリアフリーマップ,http://okinawa-bf-map.jp/facility-info/detail?facility_id=2239,2010-05-01,2239,緊急通報装置あり / トイレ出入口形状=スライド,備考: 駐車場収容台数 23台
47,沖縄県,47324,読谷村,,読谷村野外ステージ,,,904-0301,沖縄県読谷村座喜味2976,26.3961082,127.7443605,/,yes,yes,,,,,no,no,no,no,yes,no,,,,,,,,,,,,no,no,no,,,barrier_free_map,沖縄県バリアフリーマップ,http://okinawa-bf-map.jp/facility-info/detail?facility_id=2240,2019-10-31,2240,トイレ出入口形状=スライド,特徴･注意点: 同じ敷地内に体育館がありトイレはそこでも利用可能 外トイレに障害者対応トイレあり / 備考: 駐車台数100~200台
47,沖縄県,47201,那覇市,,ローソン首里久場川団地前店,,,903-0807,沖縄県那覇市首里久場川町2-90-1,26.2214756,127.7266126,http://www.lawson.co.jp/index.html,yes,yes,,,,,yes,no,no,no,yes,no,,,,,,,,,,,,no,no,no,,,barrier_free_map,沖縄県バリアフリーマップ,http://okinawa-bf-map.jp/facility-info/detail?facility_id=2241,2017-01-13,2241,トイレ出入口形状=スライド,特徴･注意点: トイレ内にベビーベッドあり。 ローソンは県内初、哺乳瓶に使用する常温の水も販売。 ほじょ犬、盲導犬同伴のお客様も多く来店。 / 備考: 駐車場収容台数7台 斜面有り注意 店脇に蛇口有り / トイレ備考: 便座42cm、入口100cm、手すり72cm、ベビーベッド86cm 一般1個、身障者用1個
47,沖縄県,47324,読谷村,,渡慶次公民館,,,904-0326,沖縄県読谷村渡慶次180,26.420647,127.7265164,/,no,no,,,,,no,no,no,no,no,no,,,,,,,,,,,,yes,no,no,,,barrier_free_map,沖縄県バリアフリーマップ,http://okinawa-bf-map.jp/facility-info/detail?facility_id=2242,2010-05-01,2242,トイレ出入口形状=開き戸,備考: 駐車台数20台
47,沖縄県,47324,読谷村,,読谷村診療所,,,904-0305,沖縄県読谷村都屋179,26.3946274,127.72522,/,no,yes,,,,,no,no,no,yes,no,no,,,,,,,,,,,,no,no,no,,,barrier_free_map,沖縄県バリアフリーマップ,http://okinawa-bf-map.jp/facility-info/detail?facility_id=2243,2010-05-01,2243,緊急通報装置あり / トイレ出入口形状=スライド,特徴･注意点: 廊下に手すりあり 院内に入るまでアーケードあり。 / 備考: 駐車台数40台
47,沖縄県,47201,那覇市,,憩いの里首里センター,,,903-0804,沖縄県那覇市首里石嶺町4-197-9,26.2354454,127.7311929,http://www.okisoubi.co.jp/syuric/,no,yes,,,,,yes,no,no,no,no,no,,,,,,,,,,,,no,no,no,,,barrier_free_map,沖縄県バリアフリーマップ,http://okinawa-bf-map.jp/facility-info/detail?facility_id=2244,2010-05-01,2244,緊急通報装置あり / トイレ出入口形状=スライド,備考: 正式名称 株式会社沖縄装美工業 憩いの里首里センター / 備考: 駐車場収容台数 10台 / トイレ備考: 男子小便器手すりあり。
47,沖縄県,47324,読谷村,,喜名観音堂公園,,,904-0302,沖縄県読谷村喜名448,26.4006942,127.7555097,/,no,no,,,,,no,no,no,no,no,no,,,,,,,,,,,,yes,no,no,,,barrier_free_map,沖縄県バリアフリーマップ,http://okinawa-bf-map.jp/facility-info/detail?facility_id=2245,2019-10-31,2245,トイレ出入口形状=開き戸,備考: 駐車場なし / トイレ備考: 入口段差3cm
47,沖縄県,47324,読谷村,,セーラの森公園,,,904-0301,沖縄県読谷村波平2056,26.39565059355411,127.72786004655768,/,yes,yes,,,,,no,no,no,no,yes,yes,,,,,,,,,,,,no,no,no,,,barrier_free_map,沖縄県バリアフリーマップ,http://okinawa-bf-map.jp/facility-info/detail?facility_id=2246,2023-08-10,2246,緊急通報装置あり / トイレ出入口形状=開き戸,特徴･注意点: 広い敷地の公園 / 備考: 連絡先 読谷村役場都市計画係 / 備考: 駐車台数54台
47,沖縄県,47324,読谷村,,よみたん耳鼻咽喉科クリニック,,,904-0314,沖縄県読谷村古堅673-1,26.3701942,127.7499971,/,no,yes,,,,,yes,no,no,no,no,no,,,,,,,,,,,,no,no,no,,,barrier_free_map,沖縄県バリアフリーマップ,http://okinawa-bf-map.jp/facility-info/detail?facility_id=2247,2010-05-01,2247,トイレ出入口形状=スライド,備考: 駐車台数300~400台
47,沖縄県,47324,読谷村,,わかたけ保育園,,,904-0305,沖縄県読谷村都屋266,26.3911278,127.7280589,http://wakatake-kids.com/,no,yes,,,,,yes,no,no,no,no,no,,,,,,,,,,,,no,no,no,,,barrier_free_map,沖縄県バリアフリーマップ,http://okinawa-bf-map.jp/facility-info/detail?facility_id=2248,2023-10-10,2248,緊急通報装置あり / トイレ出入口形状=スライド,備考: 駐車台数7台
47,沖縄県,47201,那覇市,,首里城公園（首里杜館）,,,903-0815,沖縄県那覇市首里金城町1-2,26.2183797,127.7153175,http://www.oki-park.jp/,yes,yes,,,,,no,no,no,no,yes,yes,,,,,,,,,,,,no,yes,no,,,barrier_free_map,沖縄県バリアフリーマップ,http://okinawa-bf-map.jp/facility-info/detail?facility_id=2250,2019-10-31,2250,トイレ出入口形状=スライド,備考: 正式名称 国営沖縄記念公園 首里城公園 / 備考: 駐車場収容台数 116台（第一、第二駐車場を調査） 段差高さ20cm・スロープあり。 / トイレ備考: レストラン内のトイレを調査。ベビーベッドは女子トイレにあり。
47,沖縄県,47324,読谷村,,ライフケアクリニック長浜,,,904-0324,沖縄県読谷村長浜1530-1,26.4168559,127.7310996,/,yes,yes,,,,,no,no,no,no,no,yes,,,,,,,,,,,,no,no,yes,,,barrier_free_map,沖縄県バリアフリーマップ,http://okinawa-bf-map.jp/facility-info/detail?facility_id=2252,2010-05-01,2252,緊急通報装置あり / トイレ出入口形状=スライド,特徴･注意点: 公衆電話は車イスでも届く低めの高さ。 外国語表記はないが、院長が英語話せるので会話にて対応 / トイレ備考: 多目的トイレ内に幼児サイズのトイレ設置あり
47,沖縄県,47324,読谷村,,古堅南クリニック,,,904-0314,沖縄県読谷村古堅923-2,26.3709635,127.7457056,/,yes,yes,,,,,yes,no,no,no,yes,yes,,,,,,,,,,,,no,no,no,,,barrier_free_map,沖縄県バリアフリーマップ,http://okinawa-bf-map.jp/facility-info/detail?facility_id=2253,2010-05-01,2253,緊急通報装置あり / トイレ出入口形状=スライド,備考: 駐車台数13台
47,沖縄県,47201,那覇市,,ダブルツリーbyヒルトン那覇,,,900-0034,沖縄県那覇市東3-15,26.2120929,127.6748988,http://www.doubletreenaha.jp/,yes,yes,,,,,yes,no,no,no,yes,no,,,,,,,,,,,,no,yes,no,,,barrier_free_map,沖縄県バリアフリーマップ,http://okinawa-bf-map.jp/facility-info/detail?facility_id=2254,2023-02-02,2254,緊急通報装置あり / トイレ出入口形状=スライド,特徴･注意点: バリアフリールーム4室 / 備考: 車いす対応客室あり（ドア：開き戸、部屋の入口：段差なし、部屋の通路：車いす通行可能、バスルーム：入口段差なし・入口幅80cm以上、トイレ：手すりあり・車いすで入れる） / 備考: 駐車場収容台数 200台 駐車料金一泊500円 立体駐車場は3、4階にあり。
47,沖縄県,47324,読谷村,,読谷村火葬場,,,904-0322,沖縄県読谷村波平2358,26.3952328,127.7219675,/,no,no,,,,,no,no,no,no,no,no,,,,,,,,,,,,yes,no,no,,,barrier_free_map,沖縄県バリアフリーマップ,http://okinawa-bf-map.jp/facility-info/detail?facility_id=2255,2010-05-01,2255,トイレ出入口形状=開き戸,特徴･注意点: 村民の奉仕のためにある施設なので、人的介助は遠慮なく声をかけてください。 / 備考: 駐車台数50台 / トイレ備考: 和式のみ 入口段差も目立つ
47,沖縄県,47324,読谷村,,読谷村生き活き健康センター,,,904-0305,沖縄県読谷村都屋167-2,26.3938608,127.7260256,http://www.yomitan.jp,no,yes,,,,,no,no,no,no,no,no,,,,,,,,,,,,no,yes,no,,,barrier_free_map,沖縄県バリアフリーマップ,http://okinawa-bf-map.jp/facility-info/detail?facility_id=2256,2010-05-01,2256,緊急通報装置あり / トイレ出入口形状=引戸,特徴･注意点: 2階までスロープあり / 備考: 駐車台数60台
47,沖縄県,47324,読谷村,,地域活動支援センター みつ葉,,,904-0324,沖縄県読谷村長浜1542-1,26.4169975,127.7322328,/,no,no,,,,,no,no,no,no,no,no,,,,,,,,,,,,no,no,no,,,barrier_free_map,沖縄県バリアフリーマップ,http://okinawa-bf-map.jp/facility-info/detail?facility_id=2258,2010-05-01,2258,トイレ出入口形状=開き戸,備考: 駐車台数4台
47,沖縄県,47201,那覇市,,童夢認定こども園,,,902-0071,沖縄県那覇市繁多川2-15-1,26.2110275,127.7115433,http://domu-hoikuen.com/,yes,yes,,,,,yes,no,no,no,no,no,,,,,,,,,,,,no,no,yes,,yes,barrier_free_map,沖縄県バリアフリーマップ,http://okinawa-bf-map.jp/facility-info/detail?facility_id=2259,2023-02-17,2259,緊急通報装置あり / トイレ出入口形状=スライド,トイレ備考: 他、児童用便座2個あり。児童用小便器1個あり。
47,沖縄県,47201,那覇市,,ともり内科循環器科,,,900-0006,沖縄県那覇市おもろまち4-19-8,26.2249532,127.6985183,/,no,yes,,,,,yes,no,no,no,yes,yes,,,,,,,,,,,,yes,no,no,,,barrier_free_map,沖縄県バリアフリーマップ,http://okinawa-bf-map.jp/facility-info/detail?facility_id=2260,2023-02-09,2260,緊急通報装置あり / トイレ出入口形状=スライド,備考: 駐車場収容台数 8台
47,沖縄県,47201,那覇市,,琉球銀行金城支店,,,901-0155,沖縄県那覇市金城5-4-11,26.1978802,127.6666865,http://www.ryugin.co.jp,no,no,,,,,no,no,no,yes,no,no,,,,,,,,,,,,no,no,no,,,barrier_free_map,沖縄県バリアフリーマップ,http://okinawa-bf-map.jp/facility-info/detail?facility_id=2261,2010-05-01,2261,トイレ出入口形状=開き戸,備考: 正式名称 株式会社琉球銀行金城支店 / 備考: 駐車場収容台数 30台
47,沖縄県,47211,沖縄市,,コザ信用金庫 赤道店,,,904-2143,沖縄県沖縄市知花6-8-2,26.35869105150374,127.82334028987906,http://www.kozashinkin.co.jp/tenpo/009.html,no,yes,,,,,yes,no,no,no,no,no,,,,,,,,,,,,no,no,no,,,barrier_free_map,沖縄県バリアフリーマップ,http://okinawa-bf-map.jp/facility-info/detail?facility_id=2262,2019-05-17,2262,緊急通報装置あり / トイレ出入口形状=スライド,備考: 駐車台数18台
47,沖縄県,47201,那覇市,,沖縄銀行若松支店,,,900-0032,沖縄県那覇市松山2-27-1 / グレース松山?,26.2206282,127.6784701,/,yes,yes,,,,,no,no,no,no,no,no,,,,,,,,,,,,yes,no,no,,,barrier_free_map,沖縄県バリアフリーマップ,http://okinawa-bf-map.jp/facility-info/detail?facility_id=2264,2010-05-08,2264,,備考: 駐車場収容台数10台 15:00まではチケットあり(無料) 18時以降は一般駐車場(有料) / トイレ備考: 車いす専用トイレは無し 入口66cm、個室入口76cm、便座高さ39cm
47,沖縄県,47201,那覇市,,泊いゆまち,,,900-0001,沖縄県那覇市港1-1-18,26.2296522,127.6803415,http://www.tomariiyumachi.com/,yes,yes,,,,,no,no,yes,no,yes,no,,,,,,,,,,,,no,no,no,,,barrier_free_map,沖縄県バリアフリーマップ,http://okinawa-bf-map.jp/facility-info/detail?facility_id=2265,2023-02-08,2265,緊急通報装置あり / トイレ出入口形状=スライド,特徴･注意点: トイレは全て緊急呼び出しがついている / 備考: 駐車場収容台数100台
47,沖縄県,47201,那覇市,,海邦銀行首里支店,,,903-0803,沖縄県那覇市首里平良町1-2 / プラザ清水,26.2276652,127.7201527,/,yes,yes,,,,,no,no,no,yes,yes,yes,,,,,,,,,,,,no,no,no,,,barrier_free_map,沖縄県バリアフリーマップ,http://okinawa-bf-map.jp/facility-info/detail?facility_id=2266,2010-05-01,2266,トイレ出入口形状=スライド,特徴･注意点: 店内広く移動しやすい / 備考: 駐車場収容台数15台(銀行専用は芝生のスペース）通路広く移動しやすい / トイレ備考: トイレ入口88cm、洗面台78cm、便座41cm、手すり72cm、入口開閉軽い 健常者と共同のトイレ
47,沖縄県,47325,嘉手納町,,嘉手納町マルチメディアセンター,,,904-0204,沖縄県嘉手納町水釜412,26.3616006,127.7410116,http://kadenammc.com/,yes,yes,,,,,yes,no,no,no,no,no,,,,,,,,,,,,no,no,no,,,barrier_free_map,沖縄県バリアフリーマップ,http://okinawa-bf-map.jp/facility-info/detail?facility_id=2268,2023-12-20,2268,緊急通報装置あり / トイレ出入口形状=スライド,備考: 会議室・PC広場などの施設使用料は別途発生させます（嘉手納町民は一部無料か優遇） / 備考: １F屋根付き駐車場に身体障害者用駐車場があります、１F屋根付き駐車場の入口には箇所あり、1箇所は通路まで屋根がないです。 ３F路面駐車場には身体障害者駐車場はございません。 屋根付きの入口までの通路は、入口の扉に段差が8㎝程度あります。 / トイレ備考: 一般トイレの開口幅は75㎝、多目的広場は96㎝
47,沖縄県,47325,嘉手納町,,集会場（屋良団地）,,,904-0202,沖縄県嘉手納町屋良666,26.3663531,127.7632297,/,no,,,,,,,no,no,no,no,no,,,,,,,,,,,,,no,no,,,barrier_free_map,沖縄県バリアフリーマップ,http://okinawa-bf-map.jp/facility-info/detail?facility_id=2270,2019-02-19,2270,,備考: 駐車場は団地の駐車場となる
47,沖縄県,47201,那覇市,,那覇市歴史博物館,,,900-0015,沖縄県那覇市久茂地1-1-1 / パレットくもじ,26.213965,127.6796456,/,no,no,,,,,no,no,no,no,no,no,,,,,,,,,,,,,no,no,,,barrier_free_map,沖縄県バリアフリーマップ,http://okinawa-bf-map.jp/facility-info/detail?facility_id=2271,2020-05-05,2271,トイレ出入口形状=ドア無し,備考: 駐車場無し
47,沖縄県,47325,嘉手納町,,嘉手納陸上競技場・スタンド,,,904-0202,沖縄県嘉手納町屋良875,26.371965935986353,127.77270102250601,http://www.kadena-sports.com/facility/athletics.html,no,yes,,,,,no,no,no,no,no,no,,,,,,,,,,,,yes,no,no,,,barrier_free_map,沖縄県バリアフリーマップ,http://okinawa-bf-map.jp/facility-info/detail?facility_id=2272,2018-11-28,2272,トイレ出入口形状=スライド,備考: 駐車台数40台
47,沖縄県,47211,沖縄市,,自立プラザ希織,,,904-0034,沖縄県沖縄市山内1-11-15,26.328434724518377,127.7873751490738,http://www.sineikai.com/kiori.html,no,yes,,,,,no,no,no,no,no,no,,,,,,,,,,,,no,no,no,,,barrier_free_map,沖縄県バリアフリーマップ,http://okinawa-bf-map.jp/facility-info/detail?facility_id=2273,2016-08-02,2273,緊急通報装置あり / トイレ出入口形状=スライド,特徴･注意点: 点字ブロックあり
47,沖縄県,47201,那覇市,,那覇ビーチサイドホテル,,,900-0037,沖縄県那覇市辻3-2-36,26.2198669,127.6669488,http://www.nahabeachsidehotel.com,yes,yes,,,,,no,no,no,no,no,yes,,,,,,,,,,,,no,yes,no,,,barrier_free_map,沖縄県バリアフリーマップ,http://okinawa-bf-map.jp/facility-info/detail?facility_id=2274,2023-01-25,2274,緊急通報装置あり / トイレ出入口形状=スライド,備考: 駐車場収容台数80台 駐車1泊500円
47,沖縄県,47208,浦添市,,浦添市地域福祉センター,,,901-2121,沖縄県浦添市内間2-18-2 101,26.235723410681445,127.70412025693896,http://webc.sjc.ne.jp/urasoe/activity_2,no,yes,,,,,yes,no,no,no,no,no,,,,,,,,,,,,no,no,no,,no,barrier_free_map,沖縄県バリアフリーマップ,http://okinawa-bf-map.jp/facility-info/detail?facility_id=2275,2023-11-20,2275,緊急通報装置あり / トイレ出入口形状=スライド,トイレ備考: トイレ入口幅90cm
47,沖縄県,47325,嘉手納町,,ちびっこ広場,,,904-0203,沖縄県嘉手納町嘉手納22-6,26.3639922,127.7577801,http://www.town.kadena.okinawa.jp/facility/shi50.html,no,no,,,,,no,no,no,no,no,no,,,,,,,,,,,,yes,no,no,,,barrier_free_map,沖縄県バリアフリーマップ,http://okinawa-bf-map.jp/facility-info/detail?facility_id=2276,2018-05-24,2276,トイレ出入口形状=開き戸,備考: 098-956-1111（内線333）
47,沖縄県,47208,浦添市,,浦添市役所,,,901-2114,沖縄県浦添市安波茶1-1-1,26.2458164,127.7218042,http://www.city.urasoe.lg.jp/,no,yes,,,,,no,no,no,yes,yes,yes,,,,,,,,,,,,no,yes,yes,,yes,barrier_free_map,沖縄県バリアフリーマップ,http://okinawa-bf-map.jp/facility-info/detail?facility_id=2277,2023-10-30,2277,緊急通報装置あり / トイレ出入口形状=スライド,特徴･注意点: 全面フラットでバリアフリー対応の施設。 / 備考: 駐車場台数364台 施設内に駐車場3ヶ所有り。駐車場の種類は立体と平面の両方あり。 / トイレ備考: 便器高さ45cm 手すり高さ72cm 洗面台高さ75cm ベビーシート高さ70cm トイレ出入口幅81cm
47,沖縄県,47325,嘉手納町,,嘉手納町屋良地区体育館・図書室,,,904-0202,沖縄県嘉手納町１１９番地３９,26.3661142,127.7619631,http://www.town.kadena.okinawa.jp/facility/shi65.html,no,yes,,,,,no,no,no,no,no,no,,,,,,,,,,,,no,no,no,,,barrier_free_map,沖縄県バリアフリーマップ,http://okinawa-bf-map.jp/facility-info/detail?facility_id=2278,2024-02-19,2278,トイレ出入口形状=スライド,備考: 駐車台数20台
47,沖縄県,47208,浦添市,,浦添市民テニスコート,,,901-2134,沖縄県浦添市港川1-37-1,26.260615,127.7203702,http://urataishisetsu.jp/sisetsu/s-11/,no,no,,,,,no,no,no,no,no,no,,,,,,,,,,,,yes,no,no,,,barrier_free_map,沖縄県バリアフリーマップ,http://okinawa-bf-map.jp/facility-info/detail?facility_id=2279,2019-10-31,2279,トイレ出入口形状=開き戸,備考: 駐車場台数20台
47,沖縄県,47201,那覇市,,首里城公園（番頭（チケット売り場））,,,903-0815,沖縄県那覇市首里金城町1-2,26.2183797,127.7153175,/,no,yes,,,,,no,no,no,no,yes,no,,,,,,,,,,,,no,no,no,,,barrier_free_map,沖縄県バリアフリーマップ,http://okinawa-bf-map.jp/facility-info/detail?facility_id=2280,2019-10-31,2280,緊急通報装置あり / トイレ出入口形状=スライド,備考: 駐車場収容台数600台 / トイレ備考: 男洋2、和1、小便器手すり有り 女洋2、和2 開口幅55cm
47,沖縄県,47208,浦添市,,浦添市立中央公民館,,,901-2114,沖縄県浦添市安波茶1-1-2,26.244027059239325,127.72097213574453,http://www.city.urasoe.lg.jp/docs/2014110103126/,no,yes,,,,,no,no,no,no,no,no,,,,,,,,,,,,no,no,no,,,barrier_free_map,沖縄県バリアフリーマップ,http://okinawa-bf-map.jp/facility-info/detail?facility_id=2281,2019-06-04,2281,トイレ出入口形状=スライド,備考: 駐車場なし
47,沖縄県,47201,那覇市,,首里城公園（北殿）,,,903-0815,沖縄県那覇市首里金城町1-2,26.2183797,127.7153175,/,yes,yes,,,,,yes,no,no,no,yes,no,,,,,,,,,,,,no,no,no,,,barrier_free_map,沖縄県バリアフリーマップ,http://okinawa-bf-map.jp/facility-info/detail?facility_id=2283,2019-10-31,2283,トイレ出入口形状=スライド,備考: 駐車場収容台数600台
47,沖縄県,47208,浦添市,,浦添市立内間保育所,,,901-2121,沖縄県浦添市内間4-26-20,26.240550592965754,127.70481402065433,http://www.city.urasoe.lg.jp/hoikusho_yochien/hoikusho_uchima/top/,no,no,,,,,no,no,no,no,no,no,,,,,,,,,,,,yes,no,no,,,barrier_free_map,沖縄県バリアフリーマップ,http://okinawa-bf-map.jp/facility-info/detail?facility_id=2284,2023-12-26,2284,トイレ出入口形状=開き戸,トイレ備考: 子供用 洋式11個 入口段差5cm 大人用 洋式2個 一般トイレ段差:あり
47,沖縄県,47201,那覇市,,首里城公園（正殿）,,,903-0815,沖縄県那覇市首里金城町1-2,26.2183797,127.7153175,/,no,,,,,,,no,no,no,no,no,,,,,,,,,,,,,no,no,,,barrier_free_map,沖縄県バリアフリーマップ,http://okinawa-bf-map.jp/facility-info/detail?facility_id=2285,2019-10-31,2285,,備考: 駐車場収容台数600台 / トイレ備考: トイレ無し
47,沖縄県,47208,浦添市,,浦添市立内間児童センター,,,901-2121,沖縄県浦添市内間3-28-12,26.236975599600708,127.7054395385494,/,yes,yes,,,,,yes,no,no,no,no,no,,,,,,,,,,,,yes,no,no,,,barrier_free_map,沖縄県バリアフリーマップ,http://okinawa-bf-map.jp/facility-info/detail?facility_id=2286,2024-01-29,2286,トイレ出入口形状=スライド,備考: 施設内中庭へ駐車することは可能（利用状況による） / トイレ備考: 一般トイレ段差あり、一般トイレ開口幅80cm以上あり
47,沖縄県,47208,浦添市,,浦添市立図書館,,,901-2114,沖縄県浦添市安波茶2-2-1,26.2478412,127.721393,http://library.city.urasoe.lg.jp/,yes,yes,,,,,no,no,no,no,yes,yes,,,,,,,,,,,,no,no,yes,,yes,barrier_free_map,沖縄県バリアフリーマップ,http://okinawa-bf-map.jp/facility-info/detail?facility_id=2287,2023-11-29,2287,緊急通報装置あり / 着替え台あり / トイレ出入口形状=スライド,備考: 身障者用駐車場とオートバイ駐車場のみ敷地内に設置 健常者はカルチャーパーク駐車場を共同利用 / トイレ備考: 多目的トイレと車イス用トイレは、兼用となります。 一般トイレ 段差なし 開口幅80cm以上 あり
47,沖縄県,47325,嘉手納町,,嘉手納町子育て支援センター,,,904-0203,沖縄県嘉手納町嘉手納290-9 / ロータリープラザ 1F,26.3637533,127.755433,http://www.town.kadena.okinawa.jp/rotaryplaza/kosodate.html,yes,yes,,,,,yes,no,no,no,no,yes,,,,,,,,,,,,no,no,yes,,yes,barrier_free_map,沖縄県バリアフリーマップ,http://okinawa-bf-map.jp/facility-info/detail?facility_id=2288,2023-12-12,2288,緊急通報装置あり / トイレ出入口形状=スライド,備考: 駐車台数30台以上。 地下駐車場有り。 近隣の防衛施設局に車イス専用駐車場数台あり。 / トイレ備考: 一般トイレ開口幅80cm以上あり
47,沖縄県,47208,浦添市,,浦添市立大平保育所,,,901-2114,沖縄県浦添市安波茶1-28-2,26.250322118528885,127.71828246225944,http://www.city.urasoe.lg.jp/hoikusho_yochien/hoikusho_ohira/top/,no,yes,,,,,no,no,no,no,no,no,,,,,,,,,,,,no,no,no,,no,barrier_free_map,沖縄県バリアフリーマップ,http://okinawa-bf-map.jp/facility-info/detail?facility_id=2290,2023-12-26,2290,トイレ出入口形状=スライド,トイレ備考: 大人用:洋式1個 小便器1個 子供用:洋式3個 一般トイレ段差：あり 一般トイレ開口幅80cm以上：あり
47,沖縄県,47325,嘉手納町,,水釜街区公園,,,904-0204,沖縄県嘉手納町六丁目５番１号,26.3566234,127.74209500000006,http://www.town.kadena.okinawa.jp/facility/shi46.html,no,yes,,,,,no,no,no,no,no,no,,,,,,,,,,,,no,no,no,,,barrier_free_map,沖縄県バリアフリーマップ,http://okinawa-bf-map.jp/facility-info/detail?facility_id=2291,2018-05-25,2291,トイレ出入口形状=スライド,備考: 098-956-1111（内線333） / 備考: 駐車場無し
47,沖縄県,47208,浦添市,,浦添市老人福祉センター,,,901-2114,沖縄県浦添市安波茶1-1-2,26.2459991,127.7212344,http://webc.sjc.ne.jp/urasoe/activity_1,no,yes,,,,,no,no,no,no,no,no,,,,,,,,,,,,no,no,no,,,barrier_free_map,沖縄県バリアフリーマップ,http://okinawa-bf-map.jp/facility-info/detail?facility_id=2292,2023-11-20,2292,トイレ出入口形状=スライド,特徴･注意点: 車イス専用トイレあり。 / トイレ備考: 車イス専用トイレがあるが、ドアのかわりにカーテンが取り付けられている。
47,沖縄県,47201,那覇市,,琉球銀行樋川支店,,,900-0023,沖縄県那覇市楚辺1-3-25 / 二中前ハイツ?,26.2103822,127.6856066,http://www.ryugin.co.jp/,no,no,,,,,no,no,no,yes,no,no,,,,,,,,,,,,no,no,no,,,barrier_free_map,沖縄県バリアフリーマップ,http://okinawa-bf-map.jp/facility-info/detail?facility_id=2293,2010-05-01,2293,トイレ出入口形状=開き戸,備考: 駐車場収容台数5台
47,沖縄県,47208,浦添市,,浦添市立西原児童センター,,,901-2101,沖縄県浦添市西原4-9-1,26.2506112,127.7440731,http://www.city.urasoe.lg.jp/docs/2014110101164/,yes,yes,,,,,no,no,no,no,no,no,,,,,,,,,,,,no,no,no,,yes,barrier_free_map,沖縄県バリアフリーマップ,http://okinawa-bf-map.jp/facility-info/detail?facility_id=2294,2024-01-29,2294,トイレ出入口形状=スライド,特徴･注意点: 車イス専用トイレあり。2階に図書館あり。階段手すり有り。 / トイレ備考: 一般トイレ開口幅80cm以上あり
47,沖縄県,47208,浦添市,,浦添市経塚ゆいまーるセンター,,,901-2111,沖縄県浦添市経塚1-17-1,26.24034790883103,127.72214854166413,/,no,yes,,,,,no,no,no,no,no,no,,,,,,,,,,,,no,no,no,,,barrier_free_map,沖縄県バリアフリーマップ,http://okinawa-bf-map.jp/facility-info/detail?facility_id=2295,2023-10-25,2295,緊急通報装置あり / トイレ出入口形状=スライド,
47,沖縄県,47201,那覇市,,ジャスコ那覇店,,,901-0155,沖縄県那覇市金城5-10-2,26.196922,127.6656588,/,yes,yes,,,,,yes,no,no,no,yes,yes,,,,,,,,,,,,no,yes,yes,,,barrier_free_map,沖縄県バリアフリーマップ,http://okinawa-bf-map.jp/facility-info/detail?facility_id=2296,2015-09-10,2296,緊急通報装置あり / 着替え台あり / トイレ出入口形状=引戸,特徴･注意点: 授乳室に月2回栄養士がいます。 / 備考: 運営 琉球ジャスコ株式会社 / 備考: 駐車場収容台数1626台 / トイレ備考: 便座45cm
47,沖縄県,47211,沖縄市,,沖縄労働総合庁舎,,,904-0003,沖縄県沖縄市住吉1-23-1,26.339737814267156,127.8095608398811,http://jsite.mhlw.go.jp/okinawa-roudoukyoku/kantoku/okinawa_rkk_ksa.html,yes,yes,,,,,no,no,no,no,yes,yes,,,,,,,,,,,,no,yes,no,,,barrier_free_map,沖縄県バリアフリーマップ,http://okinawa-bf-map.jp/facility-info/detail?facility_id=2297,2019-05-17,2297,緊急通報装置あり / トイレ出入口形状=スライド,
47,沖縄県,47201,那覇市,,スポーツデポ天久店,,,900-0005,沖縄県那覇市天久1-2-1,26.2308077,127.6890684,http://www.alpen-group.jp,yes,yes,,,,,no,no,no,yes,yes,no,,,,,,,,,,,,no,yes,no,,,barrier_free_map,沖縄県バリアフリーマップ,http://okinawa-bf-map.jp/facility-info/detail?facility_id=2298,2015-09-10,2298,トイレ出入口形状=スライド,特徴･注意点: 1階出入口は車椅子での出入りがスムーズ / 備考: 駐車場収容台数は他店舗と供用 身体障がい者専用駐車場は店舗前1台、屋上1台
47,沖縄県,47211,沖縄市,,沖縄市文化センター（図書館、博物館、芸能館）,,,904-0031,沖縄県沖縄市上地2-19-6,26.3316543,127.7951231,http://okinawa-lib.city.okinawa.okinawa.jp/,yes,yes,,,,,no,no,no,no,yes,no,,,,,,,,,,,,no,no,no,,,barrier_free_map,沖縄県バリアフリーマップ,http://okinawa-bf-map.jp/facility-info/detail?facility_id=2299,2016-09-01,2299,トイレ出入口形状=ドア無し,特徴･注意点: 多目的トイレとして各階、男女ともに1ヵ所ずつ設置。図書館がある2階の多目的トイレにはベビーベッドも設置。 / 備考: 各館、定休日は別々 図書館、博物館、芸能館、ともに年末年始（12月29日~1月3日）は定休日 / 備考: 駐車台数32台 近くに契約駐車場あり、32台以上の駐車も可能 / トイレ備考: ・トイレのドアなし、アコーディオンカーテン。 ・車イス用トイレは、男女別々にあり、どちらも一般用トイレ内に1ヵ所だけ大きくスペースがとられており、 車イス用として設置されていた。
47,沖縄県,47201,那覇市,,タウンプラザかねひで 西町店,,,900-0036,沖縄県那覇市西3-3-4,26.2144936,127.6671392,http://kanehideshj.com/,no,yes,,,,,yes,no,no,yes,yes,yes,,,,,,,,,,,,no,yes,no,,,barrier_free_map,沖縄県バリアフリーマップ,http://okinawa-bf-map.jp/facility-info/detail?facility_id=2300,2024-03-12,2300,トイレ出入口形状=スライド,備考: 098-946-2830(本部) / 備考: 駐車場収容台数100台
47,沖縄県,47201,那覇市,,ドコモショップモバイルタウン小録,,,901-0154,沖縄県那覇市赤嶺1-1-1,,,/,yes,yes,,,,,yes,no,no,no,no,no,,,,,,,,,,,,yes,yes,yes,,,barrier_free_map,沖縄県バリアフリーマップ,http://okinawa-bf-map.jp/facility-info/detail?facility_id=2301,2010-05-11,2301,緊急通報装置あり / トイレ出入口形状=開き戸,備考: 駐車場収容台数18台 車いす用駐車場あるがでこぼこ有り / トイレ備考: 多目的トイレ 開き戸 車いす専用トイレ スライド、便座41cm、入口88cm 男性用トイレはウォシュレットボタンのところに点字有り。女性用入口69cm
47,沖縄県,47201,那覇市,,パシフィックホテル沖縄,,,900-0036,沖縄県那覇市西3-6-1,26.2158757,127.6673963,http://www.pacifichotel.jp,yes,yes,,,,,yes,no,no,no,yes,no,,,,,,,,,,,,no,yes,no,,,barrier_free_map,沖縄県バリアフリーマップ,http://okinawa-bf-map.jp/facility-info/detail?facility_id=2302,2022-12-09,2302,着替え台あり / トイレ出入口形状=開き戸,特徴･注意点: 車イスの方は北側玄関入口を利用 / 備考: バリアフリールーム8室
47,沖縄県,47325,嘉手納町,,嘉手納町役場,,,904-0203,沖縄県嘉手納町嘉手納588,26.3617229,127.7553803,http://www.town.kadena.okinawa.jp,yes,yes,,,,,no,no,no,no,yes,no,,,,,,,,,,,,no,no,no,,,barrier_free_map,沖縄県バリアフリーマップ,http://okinawa-bf-map.jp/facility-info/detail?facility_id=2303,2018-11-28,2303,トイレ出入口形状=ドア無し,備考: 駐車台数100台以上 / トイレ備考: 車イス専用トイレの出入り口は折りたたみドアになっている。
47,沖縄県,47201,那覇市,,那覇警察署 庁舎,,,902-0076,沖縄県那覇市与儀1-2-9,26.2075189,127.6917647,/,yes,yes,,,,,no,yes,no,no,no,no,,,,,,,,,,,,no,no,no,,,barrier_free_map,沖縄県バリアフリーマップ,http://okinawa-bf-map.jp/facility-info/detail?facility_id=2304,2010-05-08,2304,トイレ出入口形状=スライド,備考: 駐車場収容台数22台
47,沖縄県,47201,那覇市,,マンスリー国際通り,,,902-0067,沖縄県那覇市安里1-8-24 / BLUEZONE,26.2195341,127.6913748,http://www.sumuka.jp/kokusai/,no,no,,,,,no,no,no,no,no,no,,,,,,,,,,,,no,no,no,,,barrier_free_map,沖縄県バリアフリーマップ,http://okinawa-bf-map.jp/facility-info/detail?facility_id=2305,2015-09-10,2305,トイレ出入口形状=引戸,備考: 正式名称 沖縄マンスリーマンション国際通り SUMUKA / 備考: 駐車場収容台数 6台
47,沖縄県,47201,那覇市,,うえはら小児科医院,,,900-0006,沖縄県那覇市おもろまち2-2-22,26.2264332,127.6890521,http://uehara.mdja.jp/,yes,yes,,,,,yes,no,no,yes,yes,yes,,,,,,,,,,,,no,no,yes,,,barrier_free_map,沖縄県バリアフリーマップ,http://okinawa-bf-map.jp/facility-info/detail?facility_id=2306,2023-07-27,2306,緊急通報装置あり / トイレ出入口形状=スライド,備考: 駐車場収容台数15台
47,沖縄県,47208,浦添市,,浦添市立若草児童センター,,,901-2132,沖縄県浦添市伊祖3-44-1,26.259327854054863,127.72122421534424,/,yes,yes,,,,,yes,no,no,no,yes,no,,,,,,,,,,,,no,no,no,,yes,barrier_free_map,沖縄県バリアフリーマップ,http://okinawa-bf-map.jp/facility-info/detail?facility_id=2307,2024-01-29,2307,トイレ出入口形状=スライド,
47,沖縄県,47208,浦添市,,浦添市立うらそえぐすく児童センター,,,901-2103,沖縄県浦添市仲間2-47-5,26.2454649,127.7293742,http://www.city.urasoe.lg.jp/home,yes,yes,,,,,no,no,no,no,yes,yes,,,,,,,,,,,,no,no,no,,,barrier_free_map,沖縄県バリアフリーマップ,http://okinawa-bf-map.jp/facility-info/detail?facility_id=2308,2024-01-29,2308,緊急通報装置あり / トイレ出入口形状=スライド,特徴･注意点: 2階に図書室あり。 / トイレ備考: 一般トイレ段差 なし 開口幅 80cm以上あり ベビーベッド検討中
47,沖縄県,47208,浦添市,,ひまわり学童クラブ,,,901-2111,沖縄県浦添市経塚1-10-17,26.241621286985744,127.72253759248828,http://www.urasoeshakyo.org/community/detail.php?fid=3,no,yes,,,,,no,no,no,no,no,no,,,,,,,,,,,,no,no,no,,,barrier_free_map,沖縄県バリアフリーマップ,http://okinawa-bf-map.jp/facility-info/detail?facility_id=2309,2019-06-06,2309,緊急通報装置あり / トイレ出入口形状=スライド,備考: 駐車場収容台数 10台
47,沖縄県,47208,浦添市,,みやぎ希望の森コミュニティセンター,,,901-2126,沖縄県浦添市宮城3-7-3-1,26.2467571,127.7050192,/,yes,yes,,,,,no,no,no,no,no,yes,,,,,,,,,,,,no,no,no,,,barrier_free_map,沖縄県バリアフリーマップ,http://okinawa-bf-map.jp/facility-info/detail?facility_id=2310,2023-08-31,2310,緊急通報装置あり / トイレ出入口形状=スライド,備考: 駐車場収容台数 2台
47,沖縄県,47208,浦添市,,仲西学童クラブ,,,901-2126,沖縄県浦添市宮城2-4-1,26.2492209,127.7071412,/,no,no,,,,,no,no,no,no,no,no,,,,,,,,,,,,yes,no,no,,,barrier_free_map,沖縄県バリアフリーマップ,http://okinawa-bf-map.jp/facility-info/detail?facility_id=2311,2010-05-01,2311,トイレ出入口形状=開き戸,備考: 正式名称 浦添市立仲西幼稚園 仲西放課後児童健全育成施設 仲西学童クラブ / 備考: 駐車場無し
47,沖縄県,47208,浦添市,,伊祖地区学習等供用施設 (伊祖公民館),,,901-2132,沖縄県浦添市伊祖3-35-6,26.2562043,127.721787,/,no,yes,,,,,no,no,no,no,no,no,,,,,,,,,,,,no,no,no,,,barrier_free_map,沖縄県バリアフリーマップ,http://okinawa-bf-map.jp/facility-info/detail?facility_id=2312,2023-10-23,2312,緊急通報装置あり / トイレ出入口形状=スライド,備考: 駐車場収容台数 8台
47,沖縄県,47208,浦添市,,当山小公園,,,901-2104,沖縄県浦添市当山2-37,26.2522521,127.732217,/,no,yes,,,,,no,no,no,no,no,no,,,,,,,,,,,,no,no,no,,,barrier_free_map,沖縄県バリアフリーマップ,http://okinawa-bf-map.jp/facility-info/detail?facility_id=2313,2019-06-07,2313,トイレ出入口形状=ドア無し,備考: 電話は市役所の番号 / 備考: 駐車場無し
47,沖縄県,47208,浦添市,,浦添市立森の子児童センター,,,901-2122,沖縄県浦添市勢理客1-4-1 / 市立神森幼稚園内,26.242719438358886,127.69944872804676,http://morinokojidoucenter.ti-da.net/,yes,yes,,,,,no,no,no,no,no,yes,,,,,,,,,,,,no,no,no,,yes,barrier_free_map,沖縄県バリアフリーマップ,http://okinawa-bf-map.jp/facility-info/detail?facility_id=2314,2024-01-29,2314,緊急通報装置あり / トイレ出入口形状=スライド,備考: 駐車場無し / トイレ備考: 一般トイレ開口幅90㎝
47,沖縄県,47208,浦添市,,浦添グスク・ようどれ館,,,901-2103,沖縄県浦添市仲間2-53-1,26.249209878027056,127.72843898888549,http://www.city.urasoe.lg.jp/article?articleId=609e78e23d59ae2434bfe4c6,yes,yes,,,,,no,no,no,no,yes,no,,,,,,,,,,,,no,no,no,,,barrier_free_map,沖縄県バリアフリーマップ,http://okinawa-bf-map.jp/facility-info/detail?facility_id=2315,2023-10-25,2315,緊急通報装置あり / トイレ出入口形状=スライド,備考: ※次の方は無料となります。 1. 小学校就学前のお子様 2. 市内に住所がある小中学生 3. 身体障がい者手帳・療育手帳・精神障がい者保健福祉手帳をお持ちの方とその介助者（１名） 4. そのほか、義務教育等の団体見学などは減免申請が必要となります。お問い合わせください。 / 備考: 駐車場収容台数 25台
47,沖縄県,47208,浦添市,,浦添市かりゆしセンター,,,901-2101,沖縄県浦添市西原4-11-8,26.250167289553392,127.74397586627036,http://www.urasoe-kariyushi.com,yes,yes,,,,,no,no,no,no,yes,yes,,,,,,,,,,,,yes,no,no,,,barrier_free_map,沖縄県バリアフリーマップ,http://okinawa-bf-map.jp/facility-info/detail?facility_id=2316,2019-06-27,2316,緊急通報装置あり / トイレ出入口形状=スライド,備考: 駐車場収容台数 25台
47,沖縄県,47208,浦添市,,浦添市母子生活支援施設 浦和寮,,,901-2127,沖縄県浦添市屋富祖2-5-14,26.249487755990803,127.71070034536902,http://www2.urasoeshakyo.org/?page_id=1755,no,yes,,,,,no,no,no,no,no,no,,,,,,,,,,,,no,no,no,,,barrier_free_map,沖縄県バリアフリーマップ,http://okinawa-bf-map.jp/facility-info/detail?facility_id=2317,2019-06-27,2317,緊急通報装置あり / トイレ出入口形状=スライド,備考: 駐車場収容台数 5台
47,沖縄県,47208,浦添市,,西原地区学習等供用施設,,,901-2101,沖縄県浦添市西原4-11-8 / 浦添市かりゆしセンター1階,,,/,yes,yes,,,,,no,no,no,no,yes,yes,,,,,,,,,,,,no,no,no,,,barrier_free_map,沖縄県バリアフリーマップ,http://okinawa-bf-map.jp/facility-info/detail?facility_id=2318,2010-05-11,2318,緊急通報装置あり / トイレ出入口形状=スライド,備考: 駐車場収容台数 25台
47,沖縄県,47301,国頭村,,辺戸岬,,,905-1421,沖縄県国頭村辺戸973,26.8721614,128.2634346,http://kunigami-kikakukanko.com/itiran/06.html,no,yes,,,,,no,no,no,no,no,no,,,,,,,,,,,,yes,no,no,,,barrier_free_map,沖縄県バリアフリーマップ,http://okinawa-bf-map.jp/facility-info/detail?facility_id=2320,2018-05-25,2320,トイレ出入口形状=スライド,備考: 電話番号は役場企画財政の番号 / 備考: 駐車台数53台
47,沖縄県,47208,浦添市,,ビッグワン城間店,,,901-2133,沖縄県浦添市城間4-19-9,26.2580122,127.7135347,http://www.big1-ds.co.jp/,yes,no,,,,,no,no,no,yes,yes,no,,,,,,,,,,,,no,no,no,,,barrier_free_map,沖縄県バリアフリーマップ,http://okinawa-bf-map.jp/facility-info/detail?facility_id=2321,2019-06-17,2321,緊急通報装置あり / トイレ出入口形状=スライド,備考: 正式名称 ひかり商事株式会社ビッグワン城間店 / 備考: 駐車場収容台数 15台
47,沖縄県,47325,嘉手納町,,嘉手納町営 嘉手納霊園,,,904-0203,沖縄県嘉手納町嘉手納621,26.363963237714156,127.75519265955927,http://www.town.kadena.okinawa.jp/life/kur3767.html,no,yes,,,,,no,no,no,no,no,no,,,,,,,,,,,,no,no,no,,,barrier_free_map,沖縄県バリアフリーマップ,http://okinawa-bf-map.jp/facility-info/detail?facility_id=2322,2018-05-25,2322,トイレ出入口形状=スライド,備考: ０９８－９５６－１１１１（内線１５２） / 備考: 駐車台数35台
47,沖縄県,47208,浦添市,,いなんせ斎苑,,,901-2128,沖縄県浦添市伊奈武瀬1-7-5,26.2500117,127.6737575,/,yes,yes,,,,,yes,no,no,yes,yes,no,,,,,,,,,,,,no,no,no,,,barrier_free_map,沖縄県バリアフリーマップ,http://okinawa-bf-map.jp/facility-info/detail?facility_id=2323,2019-06-19,2323,緊急通報装置あり / トイレ出入口形状=スライド,備考: 正式名称 南部広域市町村圏事務組合いなんせ斎苑 / 備考: 駐車場収容台数 80台
47,沖縄県,47208,浦添市,,サンエーV２１まきみなと食品館,,,901-2131,沖縄県浦添市牧港4-12-1,26.2661424,127.7291303,http://www.san-a.co.jp/store/698/,yes,yes,,,,,yes,no,yes,no,no,yes,,,,,,,,,,,,no,no,no,,,barrier_free_map,沖縄県バリアフリーマップ,http://okinawa-bf-map.jp/facility-info/detail?facility_id=2325,2019-06-19,2325,緊急通報装置あり / 着替え台あり / トイレ出入口形状=スライド,備考: 正式名称 株式会社サンエーV２１まきみなと食品館 / 備考: 駐車場収容台数 100台 / トイレ備考: ベビーチェアは一般女子トイレに各1個あり。 児童用尿器1個あり。
47,沖縄県,47208,浦添市,,くに整形外科,,,901-2112,沖縄県浦添市沢岻2-2-15,26.2338089,127.717258,http://www.uraishi.or.jp/modules/myalbum/photo.php?lid=44,no,yes,,,,,no,no,no,no,no,no,,,,,,,,,,,,no,no,no,,,barrier_free_map,沖縄県バリアフリーマップ,http://okinawa-bf-map.jp/facility-info/detail?facility_id=2326,2016-09-20,2326,緊急通報装置あり / トイレ出入口形状=スライド,備考: 正式名称 社団法人浦添市医師会 くに整形外科 / 備考: 駐車場収容台数 9台
47,沖縄県,47324,読谷村,,岬の駅,,,904-0328,沖縄県読谷村宇座1861,26.4388787,127.7150527,/,no,yes,,,,,no,no,no,no,no,no,,,,,,,,,,,,yes,no,no,,,barrier_free_map,沖縄県バリアフリーマップ,http://okinawa-bf-map.jp/facility-info/detail?facility_id=2328,2015-09-10,2328,緊急通報装置あり / トイレ出入口形状=引戸,備考: 駐車台数300台 / トイレ備考: トイレ付近にゴミ箱が置かれており入るのに困難
47,沖縄県,47324,読谷村,,読谷村残波岬いこいの広場,,,904-0328,沖縄県読谷村宇座1861,26.4388787,127.7150721,http://www.ti-da33.com/,yes,yes,,,,,no,no,no,no,yes,no,,,,,,,,,,,,no,no,no,,,barrier_free_map,沖縄県バリアフリーマップ,http://okinawa-bf-map.jp/facility-info/detail?facility_id=2329,2019-01-07,2329,トイレ出入口形状=引戸,備考: 駐車台数300台
47,沖縄県,47208,浦添市,,タウンプラザかねひで牧港店,,,901-2133,沖縄県浦添市城間3004-1,26.2634701,127.7132845,http://kanehideshj.com/,no,yes,,,,,yes,no,no,yes,no,no,,,,,,,,,,,,no,yes,no,,,barrier_free_map,沖縄県バリアフリーマップ,http://okinawa-bf-map.jp/facility-info/detail?facility_id=2330,2024-03-12,2330,トイレ出入口形状=スライド,特徴･注意点: 店舗出入口に身障者専用インターホンあり。 / 備考: 正式名称 金秀商事株式会社タウンプラザかねひで牧港店 / 備考: 駐車場収容台数 140台
47,沖縄県,47326,北谷町,,ちゃたんニライセンター,,,904-0103,沖縄県北谷町桑江467-1,26.32530219830994,127.7691130920655,http://www.chatan.jp/shisetsu/bunka_kyoyo/nirai.html,yes,yes,,,,,yes,no,no,no,yes,yes,,,,,,,,,,,,no,yes,no,,,barrier_free_map,沖縄県バリアフリーマップ,http://okinawa-bf-map.jp/facility-info/detail?facility_id=2331,2018-01-09,2331,緊急通報装置あり / トイレ出入口形状=スライド,特徴･注意点: バリアフリーの設備充実 / 備考: 駐車台数 地上200台、地下42台
47,沖縄県,47326,北谷町,,アメリカンデポット,,,904-0115,沖縄県北谷町字美浜9-2,26.316782759648785,127.75653996560665,http://www.depot-abc.com/,no,yes,,,,,yes,no,no,no,no,no,,,,,,,,,,,,no,no,no,,,barrier_free_map,沖縄県バリアフリーマップ,http://okinawa-bf-map.jp/facility-info/detail?facility_id=2332,2021-01-13,2332,トイレ出入口形状=開き戸,備考: 駐車台数50台
47,沖縄県,47208,浦添市,,あかみねクリニック,,,901-2112,沖縄県浦添市沢岻2-1-1,26.2339065,127.7184102,http://www.uraishi.or.jp/map/post-317/,no,yes,,,,,yes,no,no,no,no,no,,,,,,,,,,,,no,no,no,,,barrier_free_map,沖縄県バリアフリーマップ,http://okinawa-bf-map.jp/facility-info/detail?facility_id=2333,2022-03-02,2333,緊急通報装置あり / トイレ出入口形状=スライド,備考: 正式名称 社団法人浦添市医師会 あかみねクリニック / 備考: 駐車場収容台数 30台
47,沖縄県,47324,読谷村,,残波岬公園,,,904-0328,沖縄県読谷村宇座１２３３番地,26.438412228539,127.71622236747231,http://www.vill.yomitan.okinawa.jp/facilities/post-28.html,yes,yes,,,,,no,no,no,no,yes,no,,,,,,,,,,,,no,no,no,,,barrier_free_map,沖縄県バリアフリーマップ,http://okinawa-bf-map.jp/facility-info/detail?facility_id=2334,2022-06-08,2334,トイレ出入口形状=引戸,備考: 駐車台数300台
47,沖縄県,47208,浦添市,,海邦銀行内間支店,,,901-2121,沖縄県浦添市内間1-10-7-101 / イーストビル1階,26.2397711,127.70587290000003,http://www.kaiho-bank.co.jp,yes,yes,,,,,no,no,no,no,yes,yes,,,,,,,,,,,,no,no,no,,,barrier_free_map,沖縄県バリアフリーマップ,http://okinawa-bf-map.jp/facility-info/detail?facility_id=2336,2019-06-19,2336,緊急通報装置あり / トイレ出入口形状=スライド,備考: 正式名称 株式会社沖縄海邦銀行内間支店 / 備考: 駐車場収容台数 18台
47,沖縄県,47324,読谷村,,イオンタウン読谷ショッピングセンター,,,904-0314,沖縄県読谷村古堅740,26.3682388,127.7449807,/,yes,yes,,,,,yes,no,yes,no,yes,yes,,,,,,,,,,,,no,no,yes,,,barrier_free_map,沖縄県バリアフリーマップ,http://okinawa-bf-map.jp/facility-info/detail?facility_id=2338,2015-09-10,2338,緊急通報装置あり / トイレ出入口形状=スライド,特徴･注意点: ショッピングセンター内は数多くの専門店があり、近くに車イス専用駐車場あり / 備考: 運営 琉球ジャスコ株式会社 / 備考: 駐車台数300台 / トイレ備考: 男性トイレに車イスで入れるブースがありオムツ替台が設置されていた 多目的トイレにオストメイトありだが、案内表示はなし。
47,沖縄県,47208,浦添市,,株式会社メディライン経塚リハビリケアセンター,,,901-2111,沖縄県浦添市経塚558-1 / サンハイム経塚1階,26.2355839,127.7204077,/,no,yes,,,,,yes,no,no,no,no,no,,,,,,,,,,,,no,no,no,,,barrier_free_map,沖縄県バリアフリーマップ,http://okinawa-bf-map.jp/facility-info/detail?facility_id=2339,2019-06-19,2339,緊急通報装置あり / トイレ出入口形状=スライド,備考: 駐車場収容台数 10台
47,沖縄県,47326,北谷町,,カーニバルパーク・ミハマ,,,904-0115,沖縄県北谷町美浜15-69,26.3168555,127.7575677,http://carnivalpark.jp/,no,yes,,,,,no,no,no,no,no,no,,,,,,,,,,,,no,no,no,,,barrier_free_map,沖縄県バリアフリーマップ,http://okinawa-bf-map.jp/facility-info/detail?facility_id=2340,2021-01-18,2340,トイレ出入口形状=スライド,備考: 駐車台数1500台（アメリカンビレッジ内） / トイレ備考: 男子トイレ 洋式3室、小便器4つ（手すり有り） 女子トイレ 洋式4室
47,沖縄県,47208,浦添市,,浦添市指定介護付有料老人ホーム恵泉浦添,,,901-2133,沖縄県浦添市城間4-6-9,26.2576872,127.7133903,/,no,no,,,,,yes,no,no,no,no,no,,,,,,,,,,,,no,no,no,,,barrier_free_map,沖縄県バリアフリーマップ,http://okinawa-bf-map.jp/facility-info/detail?facility_id=2341,2019-06-19,2341,緊急通報装置あり / トイレ出入口形状=スライド,備考: 正式名称 浦添市指定介護付有料老人ホーム恵泉浦添 / 備考: 駐車場収容台数 15台 / トイレ備考: 車イス専用と一般が兼用になっています。
47,沖縄県,47208,浦添市,,マツモトキヨシまきみなと店,,,901-2131,沖縄県浦添市牧港4-12-1,26.266314,127.728672,http://www.matsukiyo.co.jp/,yes,yes,,,,,yes,no,no,yes,yes,no,,,,,,,,,,,,no,no,no,,,barrier_free_map,沖縄県バリアフリーマップ,http://okinawa-bf-map.jp/facility-info/detail?facility_id=2342,2015-09-10,2342,緊急通報装置あり / 着替え台あり / トイレ出入口形状=スライド,備考: 正式名称 株式会社マツモトキヨシまきみなと店 / 備考: 駐車場収容台数 100台
47,沖縄県,47326,北谷町,,北谷町商工業研修等施設,,,904-0101,沖縄県北谷町上勢頭837-1,26.327101044678706,127.76184638144538,http://www.chatan.jp/smph/choseijoho/sangyo/shokoukankokanren/kanrenshisetsu.html,no,no,,,,,no,no,no,no,no,no,,,,,,,,,,,,yes,no,no,,,barrier_free_map,沖縄県バリアフリーマップ,http://okinawa-bf-map.jp/facility-info/detail?facility_id=2343,2021-01-18,2343,,備考: 駐車台数100台 / トイレ備考: 車イス専用トイレなし 小便器5
47,沖縄県,47208,浦添市,,介護付有料老人ホームポートヒロック,,,901-2131,沖縄県浦添市牧港5-7-7,26.2677478,127.7260165,http://port-hillock.com/index.html,no,yes,,,,,yes,no,yes,no,no,no,,,,,,,,,,,,no,no,no,,,barrier_free_map,沖縄県バリアフリーマップ,http://okinawa-bf-map.jp/facility-info/detail?facility_id=2344,2019-06-19,2344,緊急通報装置あり / トイレ出入口形状=スライド,特徴･注意点: 電話番号フリーダイアル0120-87-1609。 / 備考: 正式名称 株式会社陽邦 介護付有料老人ホームポートヒロック / 備考: 駐車場収容台数 60台
47,沖縄県,47326,北谷町,,北谷町宮城区公民館,,,904-0113,沖縄県北谷町宮城1-472,26.327542403564344,127.74775866151582,http://miyagiku.chatan.jp/,no,no,,,,,no,no,no,no,no,no,,,,,,,,,,,,no,no,no,,,barrier_free_map,沖縄県バリアフリーマップ,http://okinawa-bf-map.jp/facility-info/detail?facility_id=2345,2021-01-18,2345,,トイレ備考: 車イス専用トイレなし
47,沖縄県,47326,北谷町,,ザ・ビーチタワー沖縄,,,904-0115,沖縄県北谷町美浜8-6,26.3140585,127.7562178,http://www.hotespa.net/hotels/okinawa/,yes,yes,,,,,yes,yes,no,no,yes,yes,,,,,,,,,,,,no,yes,yes,,,barrier_free_map,沖縄県バリアフリーマップ,http://okinawa-bf-map.jp/facility-info/detail?facility_id=2346,2021-01-19,2346,緊急通報装置あり / トイレ出入口形状=スライド,特徴･注意点: ・バスルームは要望があればチェアを用意。 ・ペットルーム2部屋有り。 ・エレベータにイスを完備。 ・レストランは250席有り。 / 備考: 駐車台数168台 / トイレ備考: 男子トイレ 洋式4室、小便器4つ（手すりあり） 女子トイレ 洋式4室
47,沖縄県,47208,浦添市,,ガルフスポーツクラブ牧港,,,901-2131,沖縄県浦添市牧港1-56-2,26.2670728,127.7197198,http://www.gulfwavezone.jp/facilities/makiminato/,yes,yes,,,,,yes,no,yes,no,yes,yes,,,,,,,,,,,,no,no,no,,,barrier_free_map,沖縄県バリアフリーマップ,http://okinawa-bf-map.jp/facility-info/detail?facility_id=2347,2019-06-19,2347,緊急通報装置あり / トイレ出入口形状=スライド,備考: 正式名称 有限会社沖縄スイミングスクール ガルフスポーツクラブ牧港 / 備考: 駐車場収容台数 250台 / トイレ備考: オストメイトあり。簡易無し。
47,沖縄県,47326,北谷町,,北谷町役場,,,904-0103,沖縄県北谷町桑江226,26.3200691,127.7639005,http://www.chatan.jp/,no,yes,,,,,yes,no,no,yes,yes,yes,,,,,,,,,,,,no,no,yes,,,barrier_free_map,沖縄県バリアフリーマップ,http://okinawa-bf-map.jp/facility-info/detail?facility_id=2348,2010-05-01,2348,緊急通報装置あり / トイレ出入口形状=スライド,特徴･注意点: 車椅子用駐車場3台 / 備考: 駐車台数245台 / トイレ備考: 引き戸あり
47,沖縄県,47208,浦添市,,ケアハウスありあけの里,,,901-2102,沖縄県浦添市前田1158,26.2419838,127.73572749999994,http://www.okicolo.or.jp,no,no,,,,,yes,no,no,no,no,no,,,,,,,,,,,,no,no,no,,,barrier_free_map,沖縄県バリアフリーマップ,http://okinawa-bf-map.jp/facility-info/detail?facility_id=2349,2019-06-27,2349,トイレ出入口形状=開き戸,備考: 正式名称 社会福祉法人 沖縄コロニー ケアハウスありあけの里 / 備考: 駐車場収容台数 5台 / トイレ備考: 来客用トイレを調査。
47,沖縄県,47326,北谷町,,北谷町桑江地区体育館,,,904-0103,沖縄県北谷町桑江438,26.324222035643146,127.76604572757797,http://www.chatan.jp/shisetsu/kominkan/kuwaekouminkan.html,no,yes,,,,,no,no,no,no,no,no,,,,,,,,,,,,no,no,no,,,barrier_free_map,沖縄県バリアフリーマップ,http://okinawa-bf-map.jp/facility-info/detail?facility_id=2350,2018-11-23,2350,トイレ出入口形状=ドア無し,備考: 駐車台数11台 / トイレ備考: ドアなしアコーディオン
47,沖縄県,47208,浦添市,,みやざと内科クリニック,,,901-2126,沖縄県浦添市宮城2-17-1,26.2475266,127.7070468,http://miyazato-naika.com/,yes,yes,,,,,yes,no,no,no,yes,no,,,,,,,,,,,,no,no,no,,,barrier_free_map,沖縄県バリアフリーマップ,http://okinawa-bf-map.jp/facility-info/detail?facility_id=2352,2019-06-20,2352,緊急通報装置あり / トイレ出入口形状=スライド,備考: 駐車場収容台数 30台
47,沖縄県,47326,北谷町,,ミハマ7プレックス,,,904-0115,沖縄県北谷町美浜8-7,26.31573190604253,127.756989832541,http://www.startheaters.jp/mihama7plex/,no,yes,,,,,no,no,no,yes,no,no,,,,,,,,,,,,no,no,no,,,barrier_free_map,沖縄県バリアフリーマップ,http://okinawa-bf-map.jp/facility-info/detail?facility_id=2353,2015-09-10,2353,緊急通報装置あり / トイレ出入口形状=スライド,備考: 駐車台数14台
47,沖縄県,47326,北谷町,,北谷町水道課,,,904-0103,沖縄県北谷町桑江221,26.320594562085482,127.76273747168885,http://www.chatan.jp/choseijoho/soshikiichiran/suido.html,no,no,,,,,no,no,no,no,no,no,,,,,,,,,,,,,no,no,,,barrier_free_map,沖縄県バリアフリーマップ,http://okinawa-bf-map.jp/facility-info/detail?facility_id=2354,2018-01-24,2354,,備考: 北谷町役場と一緒 駐車台数245台 / トイレ備考: トイレなし
47,沖縄県,47326,北谷町,,上勢桑江児童館,,,904-0103,沖縄県北谷町桑江556-3,26.325884121552786,127.77406572764747,http://www.chatan.jp/shisetsu/kosodate/wanpaku.html,no,yes,,,,,no,no,no,no,no,no,,,,,,,,,,,,no,no,no,,,barrier_free_map,沖縄県バリアフリーマップ,http://okinawa-bf-map.jp/facility-info/detail?facility_id=2355,2010-05-01,2355,トイレ出入口形状=スライド,備考: 駐車台数10台 / トイレ備考: 男子トイレ 和式1室、洋式1室、小便器2つ 女子トイレ 和式1室、洋式1室
47,沖縄県,47326,北谷町,,北谷町社会福祉協議会 北谷町指定通所介護事業所,,,904-0103,沖縄県北谷町桑江731 / 北谷町保健相談センター内,26.3157306,127.7700281,http://www.chatanshakyo.com/,yes,yes,,,,,no,no,no,no,yes,yes,,,,,,,,,,,,no,no,no,,,barrier_free_map,沖縄県バリアフリーマップ,http://okinawa-bf-map.jp/facility-info/detail?facility_id=2356,2018-11-23,2356,緊急通報装置あり / トイレ出入口形状=スライド,備考: 駐車台数50台
47,沖縄県,47208,浦添市,,柿の実保育園,,,901-2102,沖縄県浦添市前田1-11-17,26.2431836,127.7350505,http://kakinomi.hoikuen.ac/,no,yes,,,,,yes,no,no,no,no,no,,,,,,,,,,,,no,no,no,,,barrier_free_map,沖縄県バリアフリーマップ,http://okinawa-bf-map.jp/facility-info/detail?facility_id=2357,2019-06-27,2357,トイレ出入口形状=開き戸,備考: 正式名称 社会福祉法人前田福祉会 柿の実保育園 / 備考: 駐車場収容台数 15台
47,沖縄県,47326,北谷町,,北前区公民館,,,904-0117,沖縄県北谷町北前276,26.295280628491277,127.75734666931156,http://www.chatan.jp/shisetsu/kominkan/kitamae.html,no,no,,,,,no,no,no,no,no,no,,,,,,,,,,,,no,no,yes,,,barrier_free_map,沖縄県バリアフリーマップ,http://okinawa-bf-map.jp/facility-info/detail?facility_id=2358,2018-11-23,2358,トイレ出入口形状=引戸,備考: 駐車台数20台 / トイレ備考: 男子トイレ 洋式1室、小便器3つ 女子トイレ 洋式2室
47,沖縄県,47326,北谷町,,北谷町立 北玉幼稚園,,,904-0105,沖縄県北谷町吉原875,26.31389791225548,127.77285084047548,http://www.chatan.jp/kosodate/kosodate/yochien/kitatama/index.html,no,yes,,,,,no,no,no,no,no,no,,,,,,,,,,,,no,no,no,,,barrier_free_map,沖縄県バリアフリーマップ,http://okinawa-bf-map.jp/facility-info/detail?facility_id=2359,2018-01-24,2359,トイレ出入口形状=スライド,備考: 駐車台数8台
47,沖縄県,47326,北谷町,,北谷町立 北谷第2幼稚園,,,904-0103,沖縄県北谷町桑江554-1,26.325029246813973,127.774019944844,http://www.chatan.jp/kosodate/kosodate/yochien/chatan2/index.html,no,no,,,,,no,no,no,no,no,no,,,,,,,,,,,,yes,no,no,,,barrier_free_map,沖縄県バリアフリーマップ,http://okinawa-bf-map.jp/facility-info/detail?facility_id=2361,2010-05-01,2361,,備考: 駐車台数10台 / トイレ備考: 障害者トイレなし 子供用トイレのみ
47,沖縄県,47208,浦添市,,通所リハビリステーションあじさい,,,901-2102,沖縄県浦添市前田2-14-6,26.2433531,127.737092,/,no,yes,,,,,yes,no,no,no,no,no,,,,,,,,,,,,no,no,no,,,barrier_free_map,沖縄県バリアフリーマップ,http://okinawa-bf-map.jp/facility-info/detail?facility_id=2362,2010-05-01,2362,緊急通報装置あり / トイレ出入口形状=スライド,備考: 正式名称 医療法人道心会 通所リハビリステーションあじさい / 備考: 駐車場収容台数 30台
47,沖縄県,47326,北谷町,,北谷町立 浜川幼稚園,,,904-0113,沖縄県北谷町宮城1-172,26.327152340607533,127.74881965581974,http://www.chatan.jp/kosodate/kosodate/yochien/hamagawa/index.html,no,no,,,,,no,,no,no,,,,,,,,,,,,,,,no,no,,,barrier_free_map,沖縄県バリアフリーマップ,http://okinawa-bf-map.jp/facility-info/detail?facility_id=2363,2010-05-01,2363,,備考: 駐車場なし
47,沖縄県,47208,浦添市,,サンエー経塚シティ,,,901-2111,沖縄県浦添市経塚652,26.2376692,127.722776,http://www.san-a.co.jp,yes,yes,,,,,yes,yes,yes,yes,no,yes,,,,,,,,,,,,no,yes,yes,,,barrier_free_map,沖縄県バリアフリーマップ,http://okinawa-bf-map.jp/facility-info/detail?facility_id=2364,2023-07-19,2364,緊急通報装置あり / 着替え台あり / トイレ出入口形状=スライド,特徴･注意点: 授乳室2階にあり。 ベビーベッドは子供トイレにあり。 / 備考: 正式名称 株式会社サンエー経塚シティ / 備考: 駐車場収容台数 1300台 / トイレ備考: オストメイトあり。簡易無し。
47,沖縄県,47326,北谷町,,北谷町美浜メディアステーション,,,904-0115,沖縄県北谷町美浜16-2,26.31649245074965,127.75831571481936,http://www.mihama-st.com/,no,yes,,,,,yes,no,no,no,no,no,,,,,,,,,,,,no,no,no,,,barrier_free_map,沖縄県バリアフリーマップ,http://okinawa-bf-map.jp/facility-info/detail?facility_id=2365,2020-05-06,2365,緊急通報装置あり / トイレ出入口形状=スライド,備考: 駐車場なし だが、隣に大きな北谷町立の駐車場あり / トイレ備考: 小便器3 手すり有
47,沖縄県,47213,うるま市,,うるまライフケアクリニック,,,904-2244,沖縄県うるま市江洲602,26.3517118,127.8270697,http://ichiishi.sakura.ne.jp/saito_10/urumaraifukeakurinikku.html,no,yes,,,,,yes,no,yes,no,no,no,,,,,,,,,,,,no,no,yes,,,barrier_free_map,沖縄県バリアフリーマップ,http://okinawa-bf-map.jp/facility-info/detail?facility_id=2366,2018-07-23,2366,緊急通報装置あり / トイレ出入口形状=スライド,備考: 正式名称 財団法人おきなわ健康長寿研究開発センター付属 江洲クリニック / 備考: 駐車場収容台数 60台 / トイレ備考: オストメイトあり。簡易無し。
47,沖縄県,47201,那覇市,,ブライダルハウスチュチュ沖縄,,,900-0032,沖縄県那覇市松山2-3-15,26.219695,127.681695,http://www.tutuwedding.com,no,yes,,,,,yes,no,no,no,no,no,,,,,,,,,,,,no,no,no,,,barrier_free_map,沖縄県バリアフリーマップ,http://okinawa-bf-map.jp/facility-info/detail?facility_id=2367,2011-06-11,2367,トイレ出入口形状=スライド,備考: 正式名称 株式会社ブライダルハウスチュチュ沖縄支社ビル / 備考: 駐車収容台数 28台
47,沖縄県,47326,北谷町,,北谷町老人福祉センター,,,904-0101,沖縄県北谷町上勢頭837-1,26.3267741,127.7666529,/,no,yes,,,,,no,no,no,no,no,no,,,,,,,,,,,,no,no,no,,,barrier_free_map,沖縄県バリアフリーマップ,http://okinawa-bf-map.jp/facility-info/detail?facility_id=2370,2019-01-22,2370,トイレ出入口形状=スライド,特徴･注意点: 館内全て平面 / 備考: 管轄北谷町福祉課 098-936-1234 / 備考: 駐車台数40台 / トイレ備考: 小便器5 洋式1箇所故障
47,沖縄県,47326,北谷町,,大城皮フ科クリニック,,,904-0101,沖縄県北谷町上勢頭629-1,26.329044875328194,127.77182500370488,/,no,yes,,,,,no,no,no,no,no,no,,,,,,,,,,,,no,no,no,,,barrier_free_map,沖縄県バリアフリーマップ,http://okinawa-bf-map.jp/facility-info/detail?facility_id=2371,2019-01-22,2371,トイレ出入口形状=スライド,特徴･注意点: 施設内全面バリアフリーでスロープもあり。 病院内も車イス可能。 / 備考: 正式名称 医療法人ベルナス 大城皮フ科クリニック / 備考: 駐車台数13台
47,沖縄県,47209,名護市,,特別養護老人ホーム 瑞穂の郷,,,905-1146,沖縄県名護市親川571,26.6192294,128.0167733,http://tomoekai-oki.com/,no,yes,,,,,yes,no,no,no,no,no,,,,,,,,,,,,no,no,no,,,barrier_free_map,沖縄県バリアフリーマップ,http://okinawa-bf-map.jp/facility-info/detail?facility_id=2372,2018-05-02,2372,緊急通報装置あり / トイレ出入口形状=スライド,備考: 正式名称 社会福祉法人 共惠会 特別養護老人ホーム 瑞穂の郷 / 備考: 駐車場収容台数15台
47,沖縄県,47326,北谷町,,宇地原区公民館,,,904-0105,沖縄県北谷町吉原1138-1,26.315574600420046,127.76902331296694,http://www.chatan.jp/shisetsu/kominkan/ujibaru.html,no,yes,,,,,no,no,no,no,no,no,,,,,,,,,,,,yes,no,yes,,,barrier_free_map,沖縄県バリアフリーマップ,http://okinawa-bf-map.jp/facility-info/detail?facility_id=2373,2010-05-01,2373,トイレ出入口形状=開き戸,備考: 駐車台数30台 / トイレ備考: 入口段差4.5cm
47,沖縄県,47201,那覇市,,沖縄県立博物館・美術館,,,900-0006,沖縄県那覇市おもろまち3-1-1,26.2273138,127.6938489,http://www.museums.pref.okinawa.jp,yes,yes,,,,,yes,yes,yes,yes,yes,yes,,,,,,,,,,,,no,yes,yes,,,barrier_free_map,沖縄県バリアフリーマップ,http://okinawa-bf-map.jp/facility-info/detail?facility_id=2374,2020-05-05,2374,緊急通報装置あり / トイレ出入口形状=スライド,特徴･注意点: 託児室あり。 車イス専用駐車場は4台です。 ほじょ犬トイレあり。 / 備考: ※休館日は変更する事があります。詳細はお問い合わせください。 / 備考: 駐車場収容台数 140台。バス10台。
47,沖縄県,47209,名護市,,なごみ医院,,,905-0016,沖縄県名護市大東1-15-6,26.5899219,127.9859324,http://nagomi-clinic.jp/,no,yes,,,,,yes,no,no,no,no,no,,,,,,,,,,,,no,no,no,,,barrier_free_map,沖縄県バリアフリーマップ,http://okinawa-bf-map.jp/facility-info/detail?facility_id=2375,2018-05-02,2375,緊急通報装置あり / トイレ出入口形状=スライド,備考: 駐車台数20台
47,沖縄県,47326,北谷町,,安良波公園,,,904-0116,沖縄県北谷町北谷2-21,26.303786672527526,127.75933929206545,http://ccdc.jp/facility/free-park-facilities/neighbors-parks/araha-park/,no,yes,,,,,no,no,no,no,no,no,,,,,,,,,,,,no,no,no,,,barrier_free_map,沖縄県バリアフリーマップ,http://okinawa-bf-map.jp/facility-info/detail?facility_id=2376,2021-12-01,2376,トイレ出入口形状=スライド,備考: 公園の為、常時開放。 公園の為、常時開放。 098-936-1234この北谷町役場の電話番号です。 / 備考: 駐車台数86台
47,沖縄県,47209,名護市,,喜瀬ビーチパレス,,,905-0026,沖縄県名護市喜瀬115-2,26.536286,127.9452563,http://www.kise-beachpalace.jp,no,no,,,,,yes,no,no,yes,yes,no,,,,,,,,,,,,no,yes,no,,,barrier_free_map,沖縄県バリアフリーマップ,http://okinawa-bf-map.jp/facility-info/detail?facility_id=2377,2018-05-02,2377,トイレ出入口形状=開き戸,備考: 駐車場収容台数 130台
47,沖縄県,47209,名護市,,フェニックスホール名護玉泉院,,,905-0011,沖縄県名護市宮里4-15-49,26.5971707,127.9676472,http://phoenix-jpn.com/gyokusen-hall/nago/,yes,yes,,,,,yes,no,no,no,no,no,,,,,,,,,,,,no,no,no,,,barrier_free_map,沖縄県バリアフリーマップ,http://okinawa-bf-map.jp/facility-info/detail?facility_id=2378,2018-05-02,2378,緊急通報装置あり / トイレ出入口形状=スライド,備考: 営業課番号0980-53-6065 / 備考: 駐車台数100台
47,沖縄県,47209,名護市,,名護リゾート給油所,,,905-0024,沖縄県名護市許田5-1,26.5524662,127.9704456,/,no,no,,,,,no,no,no,no,no,no,,,,,,,,,,,,yes,no,no,,,barrier_free_map,沖縄県バリアフリーマップ,http://okinawa-bf-map.jp/facility-info/detail?facility_id=2379,2019-02-18,2379,トイレ出入口形状=引戸,備考: 駐車場無し
47,沖縄県,47214,宮古島市,,南西楽園 シギラベイサイドスイート アラマンダ,,,906-0202,沖縄県宮古島市上野新里926-25,24.72429181139058,125.33685336242672,http://www.nanseirakuen.com/allamanda/,yes,yes,,,,,yes,no,no,no,no,no,,,,,,,,,,,,no,no,no,,,barrier_free_map,沖縄県バリアフリーマップ,http://okinawa-bf-map.jp/facility-info/detail?facility_id=2380,2011-06-25,2380,緊急通報装置あり / トイレ出入口形状=スライド,備考: 駐車場収容台数80台
47,沖縄県,47326,北谷町,,安良波公園 野外ステージ,,,904-0116,沖縄県北谷町北谷2-21,26.300583853676226,127.75908180000002,/,no,yes,,,,,no,no,no,no,no,no,,,,,,,,,,,,no,no,no,,,barrier_free_map,沖縄県バリアフリーマップ,http://okinawa-bf-map.jp/facility-info/detail?facility_id=2381,2021-01-21,2381,トイレ出入口形状=引戸,備考: 公園の為、常時開放。 098-936-1234この北谷町役場の電話番号です。 / 備考: 駐車台数60台 / トイレ備考: スライドもあり
47,沖縄県,47214,宮古島市,,沖縄県 宮古合同庁舎,,,906-0012,沖縄県宮古島市平良西里1125,24.7917194,125.2926143,http://www.pref.okinawa.jp/site/somu/miyako/shinko/annnaizu.html,yes,yes,,,,,no,no,no,no,no,no,,,,,,,,,,,,no,no,no,,,barrier_free_map,沖縄県バリアフリーマップ,http://okinawa-bf-map.jp/facility-info/detail?facility_id=2382,2018-12-13,2382,緊急通報装置あり / トイレ出入口形状=スライド,備考: 駐車場収容台数250台
47,沖縄県,47209,名護市,,万国津梁館,,,905-0026,沖縄県名護市喜瀬1792,26.540254993229713,127.93601539983585,http://www.shinryokan.com,no,yes,,,,,yes,no,no,no,no,no,,,,,,,,,,,,no,no,no,,,barrier_free_map,沖縄県バリアフリーマップ,http://okinawa-bf-map.jp/facility-info/detail?facility_id=2383,2020-05-05,2383,緊急通報装置あり / トイレ出入口形状=スライド,特徴･注意点: ・男女車いす用トイレあり。 ・基本的に会議場施設の為、見学の際は事前連絡。 ・会議または学会等の開催時は見学出来ない場合があります。 / 備考: 正式名称 財団法人沖縄観光コンベンションビューロー 万国津梁館 / 備考: 駐車場収容台数 131台
47,沖縄県,47326,北谷町,,宮城児童館,,,904-0113,沖縄県北谷町宮城2-215,26.33031132132452,127.74716594788515,http://www.chatan.jp/shisetsu/kosodate/wakuwaku.html,no,yes,,,,,no,no,no,no,no,no,,,,,,,,,,,,no,no,no,,,barrier_free_map,沖縄県バリアフリーマップ,http://okinawa-bf-map.jp/facility-info/detail?facility_id=2384,2022-10-18,2384,緊急通報装置あり / トイレ出入口形状=スライド,備考: 駐車台数5台 / トイレ備考: シャワー有
47,沖縄県,47326,北谷町,,北谷宮城郵便局,,,904-0113,沖縄県北谷町宮城1-127,26.3286348,127.74638440000001,http://map.japanpost.jp/p/search/,no,no,,,,,no,no,no,no,no,no,,,,,,,,,,,,yes,no,no,,,barrier_free_map,沖縄県バリアフリーマップ,http://okinawa-bf-map.jp/facility-info/detail?facility_id=2385,2010-05-11,2385,,備考: 駐車台数4台 / トイレ備考: 車イストイレなし 小便器1個
47,沖縄県,47209,名護市,,日産プリンス沖縄 名護営業所,,,905-0019,沖縄県名護市大北4-23-17,26.6077178,127.9909871,http://www.ryukyu-nissan.co.jp,yes,yes,,,,,yes,no,no,no,yes,no,,,,,,,,,,,,no,no,no,,,barrier_free_map,沖縄県バリアフリーマップ,http://okinawa-bf-map.jp/facility-info/detail?facility_id=2387,2018-10-05,2387,トイレ出入口形状=スライド,備考: 駐車台数10台
47,沖縄県,47326,北谷町,,平田歯科,,,904-0101,沖縄県北谷町上勢頭815-6,26.327934677703166,127.77149043617622,/,no,yes,,,,,no,no,no,no,no,no,,,,,,,,,,,,no,no,no,,,barrier_free_map,沖縄県バリアフリーマップ,http://okinawa-bf-map.jp/facility-info/detail?facility_id=2388,2019-01-22,2388,トイレ出入口形状=開き戸,備考: 駐車台数18台
47,沖縄県,47214,宮古島市,,宮古島漁協,,,906-0008,沖縄県宮古島市平良荷川取593-5,24.81648215953005,125.28091976270447,http://miyakojimagyo.com/index.html,no,no,,,,,no,no,no,no,no,no,,,,,,,,,,,,yes,no,no,,,barrier_free_map,沖縄県バリアフリーマップ,http://okinawa-bf-map.jp/facility-info/detail?facility_id=2389,2010-05-01,2389,トイレ出入口形状=引戸,備考: 駐車場収容台数100台
47,沖縄県,47209,名護市,,うりずん診療所,,,905-0011,沖縄県名護市宮里1004,26.605056300000008,127.97288000000003,http://www.urizun-c.com/,no,yes,,,,,no,no,no,no,no,no,,,,,,,,,,,,no,no,no,,,barrier_free_map,沖縄県バリアフリーマップ,http://okinawa-bf-map.jp/facility-info/detail?facility_id=2390,2018-05-02,2390,緊急通報装置あり / トイレ出入口形状=スライド,備考: 駐車台数40台
47,沖縄県,47209,名護市,,ブセナ海中公園,,,905-0026,沖縄県名護市喜瀬1744-1,26.5379636,127.9359681,http://www.busena-marinepark.com/,no,yes,,,,,no,no,no,yes,no,no,,,,,,,,,,,,no,no,no,,,barrier_free_map,沖縄県バリアフリーマップ,http://okinawa-bf-map.jp/facility-info/detail?facility_id=2391,2020-05-05,2391,トイレ出入口形状=スライド,特徴･注意点: グラスボードは天候によって乗船出来ない場合があるので事前連絡。 事前連絡頂ければ、介助者と一緒にスタッフで対応します。 / 備考: ※公園内は無料です。ただし、施設利用の場合に有料となります。 正式名称 財団法人沖縄観光コンベンションビューロー ブセナ海中公園事業所 / 備考: 駐車場収容台数 150台
47,沖縄県,47214,宮古島市,,パイナガマビーチ(宮古島観光協会),,,906-0013,沖縄県宮古島市平良下里338-3,24.802945205213483,125.27102300793456,http://www.jtrip.co.jp/magazine/okinawa/article/sight/20930/,yes,yes,,,,,no,no,no,no,no,no,,,,,,,,,,,,no,no,no,,,barrier_free_map,沖縄県バリアフリーマップ,http://okinawa-bf-map.jp/facility-info/detail?facility_id=2392,2015-09-11,2392,緊急通報装置あり / トイレ出入口形状=スライド,備考: 0980-73-1881(宮古島観光協会) / 備考: 駐車場収容台数20台
47,沖縄県,47326,北谷町,,栄口区公民館,,,904-0105,沖縄県北谷町吉原708-4,26.32292992620347,127.77304477301638,http://eguchiku.chatan.jp/index.html,no,yes,,,,,no,no,no,no,no,no,,,,,,,,,,,,yes,no,yes,,,barrier_free_map,沖縄県バリアフリーマップ,http://okinawa-bf-map.jp/facility-info/detail?facility_id=2393,2022-07-21,2393,緊急通報装置あり / トイレ出入口形状=引戸,備考: 駐車台数15台 / トイレ備考: 小便器2
47,沖縄県,47314,金武町,,金武町立並里保育所,,,904-1201,沖縄県金武町金武806番地,26.4531654,127.9296695,/,no,no,,,,,no,no,no,no,no,no,,,,,,,,,,,,yes,no,no,,,barrier_free_map,沖縄県バリアフリーマップ,http://okinawa-bf-map.jp/facility-info/detail?facility_id=2394,2010-05-01,2394,トイレ出入口形状=開き戸,備考: 駐車台数10台
47,沖縄県,47209,名護市,,名護中央公園せせらぎ広場,,,905-0012,沖縄県名護市名護5511,26.5887306,127.9924348,/,no,yes,,,,,no,no,no,no,no,no,,,,,,,,,,,,,no,no,,,barrier_free_map,沖縄県バリアフリーマップ,http://okinawa-bf-map.jp/facility-info/detail?facility_id=2395,2019-10-31,2395,トイレ出入口形状=スライド,備考: 駐車台数20台
47,沖縄県,47326,北谷町,,桃原公園,,,904-0105,沖縄県北谷町吉原554-1,26.322005,127.7776135,http://www.chatan.jp/shisetsu/koen_yoka/tobarukoen.html,no,no,,,,,no,no,no,no,no,no,,,,,,,,,,,,no,no,no,,,barrier_free_map,沖縄県バリアフリーマップ,http://okinawa-bf-map.jp/facility-info/detail?facility_id=2396,2019-01-22,2396,,備考: 施設管理 一般財団法人 北谷地域振興センター 098 936-0077 / 備考: 駐車台数23台 / トイレ備考: 車イストイレなし
47,沖縄県,47208,浦添市,,こみかん・児童デイサービス,,,901-2101,沖縄県浦添市西原1-10-1,26.2554436,127.7398412,http://mikan-orange.com/services/dayserviceskomikan/,yes,yes,,,,,yes,yes,no,no,no,no,,,,,,,,,,,,no,yes,no,,,barrier_free_map,沖縄県バリアフリーマップ,http://okinawa-bf-map.jp/facility-info/detail?facility_id=2397,2019-06-25,2397,緊急通報装置あり / トイレ出入口形状=スライド,備考: 正式名称 有限会社フィーチャー企画 障がい者通所支援センター こみかん / 備考: 駐車場収容台数 7台
47,沖縄県,47313,宜野座村,,宜野座村総合体育館,,,904-1302,沖縄県宜野座村字惣慶1880,26.48309419114391,127.97216088808818,http://www.vill.ginoza.okinawa.jp/facilities/gymnasium,no,yes,,,,,no,no,no,no,no,no,,,,,,,,,,,,no,no,no,,,barrier_free_map,沖縄県バリアフリーマップ,http://okinawa-bf-map.jp/facility-info/detail?facility_id=2398,2020-05-13,2398,トイレ出入口形状=スライド,備考: 駐車台数100台以上
47,沖縄県,47326,北谷町,,砂辺公民館,,,904-0111,沖縄県北谷町砂辺61,26.3326011,127.7478009,http://www.chatan.jp/shisetsu/kominkan/sunabe.html,no,yes,,,,,no,no,no,no,no,no,,,,,,,,,,,,no,no,yes,,,barrier_free_map,沖縄県バリアフリーマップ,http://okinawa-bf-map.jp/facility-info/detail?facility_id=2399,2021-12-10,2399,トイレ出入口形状=引戸,備考: 駐車台数20台 / トイレ備考: ドア アコーディオンカーテンあり
47,沖縄県,47213,うるま市,,うるま市勝連Ｂ＆Ｇ海洋センター体育館,,,904-2312,沖縄県うるま市平安名2805,26.314257,127.8930863,/,,,,,,,,,no,no,,,,,,,,,,,,,,,,no,,,barrier_free_map,沖縄県バリアフリーマップ,http://okinawa-bf-map.jp/facility-info/detail?facility_id=240,2020-05-12,240,,特徴･注意点: ･バリアフリートイレ設置：出入口の開口幅95㎝、便座の高さ42㎝4、手すりの長さ57㎝、手すりと手すりの幅68.5㎝、アコーディオンカーテンで仕切られている。
47,沖縄県,47214,宮古島市,,宮古島マリンターミナル,,,906-0013,沖縄県宮古島市平良下里108-11平良港ターミナルビル 3F,24.80698536940478,125.27424602195129,/,yes,yes,,,,,no,no,no,no,no,no,,,,,,,,,,,,no,no,no,,,barrier_free_map,沖縄県バリアフリーマップ,http://okinawa-bf-map.jp/facility-info/detail?facility_id=2400,2010-05-01,2400,トイレ出入口形状=スライド,備考: 名称 宮古島マリンターミナル 通称「まりんぴあ宮古」 / 備考: 駐車場収容台数128台
47,沖縄県,47209,名護市,,徳元公園,,,905-0007,沖縄県名護市屋部1,26.6001505,127.9511842,/,no,yes,,,,,no,no,no,no,no,no,,,,,,,,,,,,no,no,no,,,barrier_free_map,沖縄県バリアフリーマップ,http://okinawa-bf-map.jp/facility-info/detail?facility_id=2401,2018-05-02,2401,トイレ出入口形状=スライド,備考: 駐車台数1台 / トイレ備考: トイレのドア故障
47,沖縄県,47326,北谷町,,砂辺馬場公園 ソフトボール場,,,904-0111,沖縄県北谷町砂辺1-4,26.333937,127.7449315,http://ccdc.jp/facility/toll-park-facilities/sunabebaba-softball-ground/,no,yes,,,,,no,no,no,no,no,no,,,,,,,,,,,,no,no,no,,,barrier_free_map,沖縄県バリアフリーマップ,http://okinawa-bf-map.jp/facility-info/detail?facility_id=2402,2021-12-10,2402,トイレ出入口形状=スライド,備考: ※ 月曜日が祝日にあたる時は、火曜日に振替休場となります。 / 備考: 駐車台数30台
47,沖縄県,47208,浦添市,,ヤマダ電機 テックランド浦添店,,,901-2134,沖縄県浦添市港川241-3,26.2666004,127.7147009,http://www.yamada-denki.jp,yes,yes,,,,,yes,yes,yes,no,yes,yes,,,,,,,,,,,,no,no,yes,,,barrier_free_map,沖縄県バリアフリーマップ,http://okinawa-bf-map.jp/facility-info/detail?facility_id=2403,2015-09-10,2403,緊急通報装置あり / トイレ出入口形状=スライド,備考: 正式名称 株式会社沖縄ヤマダ電機 テックランド浦添店 / 備考: 駐車場収容台数 350台 駐車場一部屋根無し。
47,沖縄県,47314,金武町,,あやかいリハビリデイサービス,,,904-1201,沖縄県金武町金武10464,26.466237,127.9363713,/,no,yes,,,,,yes,no,no,no,no,no,,,,,,,,,,,,no,no,no,,,barrier_free_map,沖縄県バリアフリーマップ,http://okinawa-bf-map.jp/facility-info/detail?facility_id=2404,2022-04-21,2404,緊急通報装置あり / トイレ出入口形状=スライド,特徴･注意点: 3F相談室隣に車いす用トイレがいつでも貸せる状態にしてある。 （緊急通報装置、シャワー完備） / 備考: ・駐車台数20台 ・1階が駐車場の下駄履き構造の建物。
47,沖縄県,47209,名護市,,名護市役所屋部支所,,,905-0007,沖縄県名護市屋部44,26.600367199999994,127.95217580000008,http://www.city.nago.okinawa.jp/4/3314.html,no,yes,,,,,no,no,no,no,no,no,,,,,,,,,,,,no,no,no,,,barrier_free_map,沖縄県バリアフリーマップ,http://okinawa-bf-map.jp/facility-info/detail?facility_id=2405,2018-05-02,2405,緊急通報装置あり / トイレ出入口形状=スライド,備考: 駐車台数15台
47,沖縄県,47208,浦添市,,あずま保育園,,,901-2111,沖縄県浦添市経塚645-2,26.2366256,127.7231964,http://www.localplace.jp/t000280882/,no,yes,,,,,yes,no,no,no,no,no,,,,,,,,,,,,no,no,no,,,barrier_free_map,沖縄県バリアフリーマップ,http://okinawa-bf-map.jp/facility-info/detail?facility_id=2406,2019-06-27,2406,緊急通報装置あり / トイレ出入口形状=スライド,備考: 正式名称 社会福祉法人あずま福祉会 あずま保育園 / 備考: 駐車場収容台数 20台
47,沖縄県,47208,浦添市,,メガネ１番浦添店,,,901-2126,沖縄県浦添市宮城6-1-21,26.2461629,127.7079885,http://www.megane1ban.com,no,no,,,,,yes,no,no,no,no,no,,,,,,,,,,,,no,no,no,,,barrier_free_map,沖縄県バリアフリーマップ,http://okinawa-bf-map.jp/facility-info/detail?facility_id=2407,2015-09-10,2407,トイレ出入口形状=開き戸,備考: 正式名称 株式会社メガネ１番浦添店 / 備考: 駐車場収容台数 10台
47,沖縄県,47214,宮古島市,,マティダ市民劇場（宮古広域文化ホール）,,,906-0013,沖縄県宮古島市平良下里108-12,24.806330361384624,125.27556775767206,http://www.city.miyakojima.lg.jp/kurashi/syougaigakusyu/matidashimingekijyo/annai.html,yes,yes,,,,,no,no,no,no,no,no,,,,,,,,,,,,no,no,no,,,barrier_free_map,沖縄県バリアフリーマップ,http://okinawa-bf-map.jp/facility-info/detail?facility_id=2408,2020-05-07,2408,緊急通報装置あり / トイレ出入口形状=スライド,備考: (注) 休館日が国民の祝日に関する法律に規定する休日にあたるときは、その翌日が休館となります。なお、設備の保守点検のため臨時に休館することがあります。 / 備考: 駐車場収容台数70台
47,沖縄県,47209,名護市,,21世紀の森屋内運動場,,,905-0015,沖縄県名護市大南2-1-2,26.5926352,127.97439970000005,http://www.sports-commission.okinawa/archives/search/0138,no,yes,,,,,no,no,no,no,no,no,,,,,,,,,,,,no,no,no,,,barrier_free_map,沖縄県バリアフリーマップ,http://okinawa-bf-map.jp/facility-info/detail?facility_id=2409,2018-05-02,2409,トイレ出入口形状=スライド,備考: 定休日 不定 利用時のみ開放しています / 備考: 駐車台数20台
47,沖縄県,47208,浦添市,,本願寺 沖縄開教事務所,,,901-2132,沖縄県浦添市伊祖640,26.255176822551647,127.71943922142644,http://www.hongwanji.or.jp,no,no,,,,,no,no,no,no,no,no,,,,,,,,,,,,yes,no,no,,,barrier_free_map,沖縄県バリアフリーマップ,http://okinawa-bf-map.jp/facility-info/detail?facility_id=2410,2010-05-11,2410,トイレ出入口形状=開き戸,備考: 正式名称 浄土真宗本願寺派 本願寺 沖縄開教事務所 / 備考: 駐車場収容台数 10台 / トイレ備考: 出入口段差13cm
47,沖縄県,47326,北谷町,,北谷町謝苅保育所,,,904-0105,沖縄県北谷町吉原26-1,26.3152223,127.769542,http://www.chatan.jp/kosodate/kosodate/hoikusho/ichiran/jaagaru/index.html,no,yes,,,,,no,no,no,no,no,no,,,,,,,,,,,,no,no,yes,,,barrier_free_map,沖縄県バリアフリーマップ,http://okinawa-bf-map.jp/facility-info/detail?facility_id=2411,2010-05-12,2411,緊急通報装置あり / トイレ出入口形状=スライド,
47,沖縄県,47313,宜野座村,,かんな保育園,,,904-1304,沖縄県宜野座村漢那213,26.476502917885377,127.96052057829593,http://www.ans.co.jp/n/kanna-ho/,no,yes,,,,,no,no,no,no,no,no,,,,,,,,,,,,no,no,no,,,barrier_free_map,沖縄県バリアフリーマップ,http://okinawa-bf-map.jp/facility-info/detail?facility_id=2412,2019-02-19,2412,トイレ出入口形状=スライド,備考: 社会福祉法人平松福祉会 かんな保育園 / 備考: 駐車台数30台
47,沖縄県,47208,浦添市,,ひがハートクリニック,,,901-2134,沖縄県浦添市港川2-23-2,26.2647089,127.7148815,http://www.higaheart.com/index.html,no,yes,,,,,no,no,no,no,no,no,,,,,,,,,,,,no,no,no,,,barrier_free_map,沖縄県バリアフリーマップ,http://okinawa-bf-map.jp/facility-info/detail?facility_id=2413,2016-10-12,2413,トイレ出入口形状=スライド,備考: 駐車場収容台数 12台
47,沖縄県,47214,宮古島市,,宮原第２水辺公園,,,906-0011,沖縄県宮古島市平良,24.7946176,125.3318936,/,no,yes,,,,,no,no,no,no,no,no,,,,,,,,,,,,no,no,no,,,barrier_free_map,沖縄県バリアフリーマップ,http://okinawa-bf-map.jp/facility-info/detail?facility_id=2414,2018-06-22,2414,トイレ出入口形状=スライド,備考: 駐車場収容台数6台
47,沖縄県,47208,浦添市,,小規模多機能ホーム あん,,,901-2113,沖縄県浦添市大平1-34-8,26.24648486811801,127.71066618339772,http://lifesupporttedako.jimdo.com/%E5%B0%8F%E8%A6%8F%E6%A8%A1%E5%A4%9A%E6%A9%9F%E8%83%BD%E3%83%9B%E3%83%BC%E3%83%A0-%E3%81%82%E3%82%93/,no,no,,,,,yes,no,no,no,no,no,,,,,,,,,,,,yes,no,no,,,barrier_free_map,沖縄県バリアフリーマップ,http://okinawa-bf-map.jp/facility-info/detail?facility_id=2415,2010-05-01,2415,トイレ出入口形状=引戸,備考: 駐車場収容台数 8台 / トイレ備考: 一般用トイレに2段の段差あり。1段目2.5cm。2段目4.5cm。
47,沖縄県,47214,宮古島市,,サンエーショッピングタウン宮古衣料館,,,906-0012,沖縄県宮古島市平良西里463,24.801926316753466,125.28693885396727,http://www.san-a.co.jp/store/707/,yes,yes,,,,,yes,yes,no,no,yes,yes,,,,,,,,,,,,no,no,yes,,,barrier_free_map,沖縄県バリアフリーマップ,http://okinawa-bf-map.jp/facility-info/detail?facility_id=2416,2023-07-18,2416,緊急通報装置あり / 着替え台あり / トイレ出入口形状=スライド,備考: 駐車場収容台数223台
47,沖縄県,47209,名護市,,宮脇書店名護店,,,905-0011,沖縄県名護市宮里7-2-61,26.6052676,127.9784852,http://www.miyawakishoten.com,no,yes,,,,,no,no,no,no,no,no,,,,,,,,,,,,no,no,no,,,barrier_free_map,沖縄県バリアフリーマップ,http://okinawa-bf-map.jp/facility-info/detail?facility_id=2418,2018-10-08,2418,緊急通報装置あり / トイレ出入口形状=スライド,備考: 正式名称 株式会社宮脇書店名護店 / 備考: 駐車台数40台
47,沖縄県,47208,浦添市,,ぐるんぱ小児科心臓科クリニック,,,901-2104,沖縄県浦添市当山2-2-11 バークレイズメディカルモール4階,26.253406439158677,127.73858733254086,http://www.groompa-peds.net/index.html,yes,yes,,,,,no,no,no,no,yes,yes,,,,,,,,,,,,yes,no,no,,,barrier_free_map,沖縄県バリアフリーマップ,http://okinawa-bf-map.jp/facility-info/detail?facility_id=2420,2019-06-28,2420,緊急通報装置あり / トイレ出入口形状=スライド,備考: 駐車場収容台数 300台
47,沖縄県,47214,宮古島市,,ひよどり保育園,,,906-0005,沖縄県宮古島市平良西原1187,24.8276656,125.2959521,http://www.minamikazefukushikai.jp/hiyodori/,yes,yes,,,,,yes,no,no,no,no,no,,,,,,,,,,,,no,no,no,,,barrier_free_map,沖縄県バリアフリーマップ,http://okinawa-bf-map.jp/facility-info/detail?facility_id=2421,2023-09-28,2421,トイレ出入口形状=スライド,備考: 駐車場収容台数10台
47,沖縄県,47326,北谷町,,上勢保育所,,,904-0101,沖縄県北谷町上勢頭622-1,26.328515668169985,127.77405816745907,http://www.chatan.jp/shisetsu/hoikusyo/kamisei.html,no,no,,,,,no,no,no,no,no,no,,,,,,,,,,,,,no,yes,,,barrier_free_map,沖縄県バリアフリーマップ,http://okinawa-bf-map.jp/facility-info/detail?facility_id=2422,2010-05-12,2422,,備考: 駐車台数8台 / トイレ備考: トイレなし
47,沖縄県,47313,宜野座村,,漢那ダム湖畔公園,,,904-1304,沖縄県宜野座村漢那2015-2,26.483197100000023,127.96118618641663,http://www.dc.ogb.go.jp/toukan/tourism/shiryokan.html,no,yes,,,,,no,no,no,no,no,no,,,,,,,,,,,,no,no,no,,,barrier_free_map,沖縄県バリアフリーマップ,http://okinawa-bf-map.jp/facility-info/detail?facility_id=2423,2023-12-14,2423,トイレ出入口形状=スライド,備考: 駐車台数100台以上 / トイレ備考: 一般トイレ開口幅80cm以上あり
47,沖縄県,47209,名護市,,ザ・ブセナテラス,,,905-0026,沖縄県名護市喜瀬1808,26.5406301,127.9358153,http://www.terrace.co.jp/busena/,yes,yes,,,,,yes,no,no,no,yes,no,,,,,,,,,,,,no,yes,no,,,barrier_free_map,沖縄県バリアフリーマップ,http://okinawa-bf-map.jp/facility-info/detail?facility_id=2424,2019-03-15,2424,緊急通報装置あり / トイレ出入口形状=スライド,特徴･注意点: キッズルームがあり、時間帯に応じて、有資格者のスタッフがお預かりします（有料）。 視覚、聴覚障害者の方お部屋の場所についてのご要望は、ご相談を承ります。 / 備考: 車の駐車については、エントランスにてベルボーイが預かり、駐車場に移動する。 駐車場収容台数350台。 身体障がい者用駐車場から店内までの距離は駐車場によって異なります。 / トイレ備考: 多目的トイレ、バリアフリールーム用に加え、乳幼児用おむつ交換台 有 障害者と女性用トイレに設置 トイレ出入り口形式スライド バリアフリールーム 個室のみ 和式トイレは シーサイドカウンター近く(トイレ)
47,沖縄県,47326,北谷町,,美浜保育所,,,904-0115,沖縄県北谷町美浜1-2-7,26.310417434816923,127.76106850793462,http://www.chatan.jp/shisetsu/hoikusyo/mihama.html,no,no,,,,,no,no,no,no,no,no,,,,,,,,,,,,,no,yes,,,barrier_free_map,沖縄県バリアフリーマップ,http://okinawa-bf-map.jp/facility-info/detail?facility_id=2425,2019-01-22,2425,,備考: 駐車場なし / トイレ備考: トイレなし
47,沖縄県,47209,名護市,,屋我地ビーチ,,,905-1631,沖縄県名護市屋我143,26.6481993,128.0332935,http://yagaji-beach.com/,no,no,,,,,no,no,no,no,no,no,,,,,,,,,,,,no,no,no,,,barrier_free_map,沖縄県バリアフリーマップ,http://okinawa-bf-map.jp/facility-info/detail?facility_id=2426,2018-05-02,2426,トイレ出入口形状=開き戸,備考: 駐車台数500台
47,沖縄県,47208,浦添市,,ねま歯科医院,,,901-2121,沖縄県浦添市内間3-12-6 かりゆしビル 2F,26.23654864698053,127.70190679814755,http://www.okisi.org/center/search-dental/search-dental_south/search-dental_urasoe/441#,no,no,,,,,no,no,no,no,no,no,,,,,,,,,,,,no,no,no,,,barrier_free_map,沖縄県バリアフリーマップ,http://okinawa-bf-map.jp/facility-info/detail?facility_id=2427,2016-10-13,2427,トイレ出入口形状=スライド,備考: 駐車場収容台数 15台
47,沖縄県,47326,北谷町,,謝苅区公民館,,,904-0105,沖縄県北谷町吉原2,26.31365500856151,127.77515863995065,http://www.chatan.jp/shisetsu/kominkan/jagaru.html,no,yes,,,,,no,no,no,no,no,no,,,,,,,,,,,,no,no,yes,,,barrier_free_map,沖縄県バリアフリーマップ,http://okinawa-bf-map.jp/facility-info/detail?facility_id=2428,2010-05-12,2428,トイレ出入口形状=引戸,備考: 駐車台数20台
47,沖縄県,47209,名護市,,名護市役所屋我地支所,,,905-1632,沖縄県名護市饒平名１１７７−１,26.6610055,128.01245300000005,http://www.city.nago.okinawa.jp/soshiki/chiikiseisaku/yagaji/,no,no,,,,,no,no,no,no,no,no,,,,,,,,,,,,yes,no,no,,,barrier_free_map,沖縄県バリアフリーマップ,http://okinawa-bf-map.jp/facility-info/detail?facility_id=2429,2018-10-08,2429,トイレ出入口形状=開き戸,備考: 駐車台数20台 / トイレ備考: トイレ段差7cm
47,沖縄県,47209,名護市,,赤嶺内科,,,905-0019,沖縄県名護市大北1-5-11,26.599094283004895,127.99247016071321,/,no,yes,,,,,no,no,no,no,no,no,,,,,,,,,,,,yes,no,no,,,barrier_free_map,沖縄県バリアフリーマップ,http://okinawa-bf-map.jp/facility-info/detail?facility_id=2431,2019-02-18,2431,緊急通報装置あり / トイレ出入口形状=スライド,備考: 駐車場収容台数25台
47,沖縄県,47214,宮古島市,,漲水学園,,,906-0006,沖縄県宮古島市平良西仲宗根745-5,24.8191359,125.2917806,http://www.okinawa-j.jp/harimizugakuen,no,no,,,,,no,no,no,no,no,no,,,,,,,,,,,,yes,no,no,,,barrier_free_map,沖縄県バリアフリーマップ,http://okinawa-bf-map.jp/facility-info/detail?facility_id=2432,2018-06-22,2432,トイレ出入口形状=引戸,備考: 名称：社会福祉法人 沖縄県社会福祉事業団 漲水学園 / 備考: 駐車場収容台数30台
47,沖縄県,47326,北谷町,,Ai InternationalPreschool,,,904-0116,沖縄県北谷町北谷2-10-13,26.3029345,127.7608985,http://www.ai-okinawa-preschool.com/,no,yes,,,,,no,no,no,no,no,no,,,,,,,,,,,,no,no,no,,,barrier_free_map,沖縄県バリアフリーマップ,http://okinawa-bf-map.jp/facility-info/detail?facility_id=2433,2021-12-28,2433,トイレ出入口形状=引戸,備考: 駐車台数18台
47,沖縄県,47214,宮古島市,,たいら内科,,,906-0007,沖縄県宮古島市名護宮里6-8-7,24.806852151126908,125.2906735735412,http://www.taira708-cl.com/,yes,yes,,,,,no,no,no,no,no,no,,,,,,,,,,,,no,no,no,,,barrier_free_map,沖縄県バリアフリーマップ,http://okinawa-bf-map.jp/facility-info/detail?facility_id=2434,2018-06-25,2434,トイレ出入口形状=スライド,備考: 駐車場収容台数23台
47,沖縄県,47209,名護市,,ナゴパイナップルパーク,,,905-0005,沖縄県名護市為又1195,26.6165136,127.9695993,http://www.nagopain.com/,no,yes,,,,,yes,no,no,no,yes,yes,,,,,,,,,,,,no,yes,yes,,no,barrier_free_map,沖縄県バリアフリーマップ,http://okinawa-bf-map.jp/facility-info/detail?facility_id=2435,2022-05-25,2435,トイレ出入口形状=スライド,特徴･注意点: 障害者手帳や療育手帳ご提示で、ご本人様とお付き添いのお客様（介護者のお客様）1名様の合計2名様までは半額となります。坂が急な場所がときどきあります。介助があれば問題なくまわることができます。最終受付17:30（パイナップル号） / 備考: 最終受付17:30（パイナップル号） / 備考: 駐車台数100台
47,沖縄県,47326,北谷町,,ユニバーサル矯正歯科クリニック,,,904-0115,沖縄県北谷町美浜2-3-1,26.31392472885811,127.75982810122332,http://www.universal-ortho.com/,yes,yes,,,,,yes,no,no,no,yes,yes,,,,,,,,,,,,no,no,no,,,barrier_free_map,沖縄県バリアフリーマップ,http://okinawa-bf-map.jp/facility-info/detail?facility_id=2436,2010-05-01,2436,トイレ出入口形状=スライド,備考: 駐車台数4台
47,沖縄県,47214,宮古島市,,うむやすみゃあす・ん診療所,,,906-0013,沖縄県宮古島市平良下里1477-4,24.78768456151717,125.2873748202378,http://www.miyakojimakara.com/pg2.html,yes,yes,,,,,yes,no,no,no,no,yes,,,,,,,,,,,,no,no,no,,,barrier_free_map,沖縄県バリアフリーマップ,http://okinawa-bf-map.jp/facility-info/detail?facility_id=2437,2010-05-01,2437,緊急通報装置あり / トイレ出入口形状=スライド,特徴･注意点: 敷地内に診療所、プチホテル、喫茶店あり / 備考: 駐車場収容台数24台
47,沖縄県,47209,名護市,,森のガラス館,,,905-0005,沖縄県名護市為又478,26.6078532,127.9704578,http://www.morinogarasukan.co.jp,no,yes,,,,,yes,no,no,no,no,no,,,,,,,,,,,,yes,yes,no,,,barrier_free_map,沖縄県バリアフリーマップ,http://okinawa-bf-map.jp/facility-info/detail?facility_id=2438,2022-11-15,2438,トイレ出入口形状=スライド,備考: 駐車台数80台 / トイレ備考: トイレ段差2cm
47,沖縄県,47326,北谷町,,北谷町社会福祉協議会 ニライの里,,,904-0102,沖縄県北谷町伊平４１４−１,26.32641278483958,127.76419922023774,http://www.chatanshakyo.com/welfare.php,no,yes,,,,,no,no,no,no,no,no,,,,,,,,,,,,no,no,no,,,barrier_free_map,沖縄県バリアフリーマップ,http://okinawa-bf-map.jp/facility-info/detail?facility_id=2439,2018-02-05,2439,トイレ出入口形状=スライド,備考: 駐車台数14台 / トイレ備考: 小便器1 手すり有
47,沖縄県,47209,名護市,,名護城公園,,,905-0012,沖縄県名護市名護5511,26.589153,127.9970844,http://www.nangusuku-osi.jp/,yes,yes,,,,,no,no,yes,no,no,no,,,,,,,,,,,,,no,no,,,barrier_free_map,沖縄県バリアフリーマップ,http://okinawa-bf-map.jp/facility-info/detail?facility_id=2440,2022-12-07,2440,トイレ出入口形状=スライド,備考: 駐車場は数箇所に分かれており、南口近くのせせらぎ広場に身障者専用駐車場あり。
47,沖縄県,47326,北谷町,,沖縄海邦銀行北谷支店,,,904-0105,沖縄県北谷町吉原16,26.31432704266994,127.77121841904909,http://www.kaiho-bank.co.jp/,yes,yes,,,,,no,no,no,no,yes,no,,,,,,,,,,,,,no,no,,,barrier_free_map,沖縄県バリアフリーマップ,http://okinawa-bf-map.jp/facility-info/detail?facility_id=2441,2010-05-12,2441,緊急通報装置あり / トイレ出入口形状=スライド,備考: 駐車台数15台
47,沖縄県,47209,名護市,,ネオパークオキナワ,,,905-0012,沖縄県名護市名護4607-41,26.6102788,127.9909093,http://www.neopark.co.jp/,no,yes,,,,,yes,no,no,yes,no,no,,,,,,,,,,,,no,no,no,,,barrier_free_map,沖縄県バリアフリーマップ,http://okinawa-bf-map.jp/facility-info/detail?facility_id=2443,2018-10-08,2443,トイレ出入口形状=スライド,備考: (最終入場 17:00) / 備考: 駐車台数530台
47,沖縄県,47313,宜野座村,,特別養護老人ホーム でいご園,,,904-1303,沖縄県宜野座村惣慶1295番地,26.4752592,127.97094560000005,http://www.deigoen.com/,no,yes,,,,,no,no,no,yes,no,no,,,,,,,,,,,,no,no,no,,,barrier_free_map,沖縄県バリアフリーマップ,http://okinawa-bf-map.jp/facility-info/detail?facility_id=2444,2018-06-01,2444,緊急通報装置あり / トイレ出入口形状=ドア無し,備考: 正式名称 社会福祉法人 清明会 特別養護老人ホームでいご園 / 備考: 駐車台数70台 / トイレ備考: 車イス専用トイレのドアはアコーディオンカーテンになっている。
47,沖縄県,47205,宜野湾市,,宜野湾市浄化センター,,,901-2221,沖縄県宜野湾市伊佐3-12-1,26.2913852,127.754144,/,no,yes,,,,,yes,no,no,no,no,no,,,,,,,,,,,,no,no,no,,,barrier_free_map,沖縄県バリアフリーマップ,http://okinawa-bf-map.jp/facility-info/detail?facility_id=2445,2019-02-26,2445,緊急通報装置あり / トイレ出入口形状=スライド,備考: 正式名称 沖縄県土木建築部下水道管理事務所 宜野湾市浄化センター / 備考: 駐車場収容台数 50台 / トイレ備考: 男子小便器手すりあり。
47,沖縄県,47214,宮古島市,,ともの家,,,906-0012,沖縄県宮古島市平良西里162,24.8056455,125.2795266,/,yes,yes,,,,,yes,no,no,no,no,no,,,,,,,,,,,,no,no,yes,,,barrier_free_map,沖縄県バリアフリーマップ,http://okinawa-bf-map.jp/facility-info/detail?facility_id=2446,2018-12-11,2446,緊急通報装置あり / トイレ出入口形状=スライド,備考: 駐車場収容台数10台
47,沖縄県,47326,北谷町,,沖縄銀行北谷支店,,,904-0116,沖縄県北谷町北谷1-5-1,26.308007551626396,127.76319613491822,http://www.okinawa-bank.co.jp/,yes,yes,,,,,no,no,no,no,yes,yes,,,,,,,,,,,,no,no,no,,,barrier_free_map,沖縄県バリアフリーマップ,http://okinawa-bf-map.jp/facility-info/detail?facility_id=2448,2018-02-05,2448,緊急通報装置あり / トイレ出入口形状=スライド,備考: 駐車台数65台
47,沖縄県,47214,宮古島市,,ひが小児科医院,,,906-0012,沖縄県宮古島市平良西里781-5,24.799787327820212,125.28974834222367,http://byoinnavi.jp/clinic/104379,no,yes,,,,,no,no,no,no,no,no,,,,,,,,,,,,yes,no,yes,,,barrier_free_map,沖縄県バリアフリーマップ,http://okinawa-bf-map.jp/facility-info/detail?facility_id=2449,2019-02-28,2449,トイレ出入口形状=スライド,備考: 土曜13時まで 臨時休診あり / 備考: 駐車場収容台数7台
47,沖縄県,47205,宜野湾市,,サンエーV２１食品館 長田店,,,901-2212,沖縄県宜野湾市長田1-27-7,26.2621682,127.7628115,http://www.san-a.co.jp/store/692/,yes,yes,,,,,yes,no,no,no,yes,yes,,,,,,,,,,,,no,no,no,,,barrier_free_map,沖縄県バリアフリーマップ,http://okinawa-bf-map.jp/facility-info/detail?facility_id=2450,2019-02-26,2450,トイレ出入口形状=スライド,備考: 正式名称 株式会社サンエーV２１食品館 長田店 / 備考: 駐車場収容台数 50台
47,沖縄県,47326,北谷町,,北谷町美浜区学習等供用施設,,,904-0115,沖縄県北谷町美浜15-1,26.31962658886829,127.75765901114912,http://www.chatan.jp/shisetsu/kominkan/mihamakouminkan.html,no,yes,,,,,yes,no,no,no,no,no,,,,,,,,,,,,no,no,no,,,barrier_free_map,沖縄県バリアフリーマップ,http://okinawa-bf-map.jp/facility-info/detail?facility_id=2452,2010-05-12,2452,緊急通報装置あり / トイレ出入口形状=スライド,備考: 駐車台数8台 / トイレ備考: 小便器2
47,沖縄県,47209,名護市,,真喜屋運動広場,,,905-1143,沖縄県名護市真喜屋888,26.63493398060843,128.03525685767215,http://www.city.nago.okinawa.jp/kurashi/2018073000221/,no,yes,,,,,no,no,no,no,no,no,,,,,,,,,,,,no,no,no,,,barrier_free_map,沖縄県バリアフリーマップ,http://okinawa-bf-map.jp/facility-info/detail?facility_id=2453,2020-05-12,2453,トイレ出入口形状=スライド,備考: 0980-53-6890 （21世紀の森体育館） / 備考: 駐車場収容台数40台。 / トイレ備考: トイレ出入口については短い階段状（3段程度）になっている。
47,沖縄県,47214,宮古島市,,漲水地区旅客待合所,,,906-0012,沖縄県宮古島市平良西里7-3,24.809495,125.2769933,/,yes,yes,,,,,no,no,no,no,no,no,,,,,,,,,,,,no,no,no,,,barrier_free_map,沖縄県バリアフリーマップ,http://okinawa-bf-map.jp/facility-info/detail?facility_id=2454,2018-12-11,2454,トイレ出入口形状=スライド,備考: 電話無し
47,沖縄県,47205,宜野湾市,,コザ信用金庫 宜野湾支店,,,901-2214,沖縄県宜野湾市我如古1-54-25,26.257593802599406,127.75604028164936,http://www.kozashinkin.co.jp/tenpo/012.html,no,yes,,,,,no,no,no,no,no,no,,,,,,,,,,,,no,no,no,,,barrier_free_map,沖縄県バリアフリーマップ,http://okinawa-bf-map.jp/facility-info/detail?facility_id=2455,2018-12-05,2455,緊急通報装置あり / トイレ出入口形状=スライド,備考: 駐車場収容台数 16台
47,沖縄県,47209,名護市,,ゆうクリニック,,,905-0006,沖縄県名護市宇茂佐1324,26.6010842,127.9664166,/,no,yes,,,,,yes,no,no,no,yes,yes,,,,,,,,,,,,no,no,no,,,barrier_free_map,沖縄県バリアフリーマップ,http://okinawa-bf-map.jp/facility-info/detail?facility_id=2456,2022-12-05,2456,緊急通報装置あり / トイレ出入口形状=スライド,特徴･注意点: 診察室の入口開口幅80cm以上あり、ドアもスライド、段差なし / 備考: 水・土曜AMのみ 第1・3・5土曜休診 臨時休診あり / 備考: 駐車台数30台
47,沖縄県,47214,宮古島市,,宮古島市総合博物館,,,906-0011,沖縄県宮古島市平良東仲宗根添1166-287,24.7965281,125.3177253,http://www.city.miyakojima.lg.jp/soshiki/kyouiku/syougaigakusyu/hakubutsukan/,yes,yes,,,,,no,no,no,no,no,no,,,,,,,,,,,,no,yes,yes,,no,barrier_free_map,沖縄県バリアフリーマップ,http://okinawa-bf-map.jp/facility-info/detail?facility_id=2457,2024-02-22,2457,トイレ出入口形状=スライド,備考: 駐車場収容台数10台 / トイレ備考: 一般トイレ開口幅80cm以上あり
47,沖縄県,47209,名護市,,ひだか脳神経外科,,,905-0006,沖縄県名護市宇茂佐1746-6,26.60806661682648,127.96426261150054,http://www.eizankai.net/,no,yes,,,,,yes,no,no,no,no,no,,,,,,,,,,,,no,no,no,,,barrier_free_map,沖縄県バリアフリーマップ,http://okinawa-bf-map.jp/facility-info/detail?facility_id=2458,2023-12-11,2458,緊急通報装置あり / トイレ出入口形状=スライド,備考: （受付時間 8:00～11:00）（最終受付 ～16:00）
47,沖縄県,47205,宜野湾市,,宜野湾市立体育館,,,901-2224,沖縄県宜野湾市真志喜4-2-1,26.2796026,127.7372624,http://www.ginowankaihinkouen.jp/gymnasium/,no,yes,,,,,yes,no,no,no,no,no,,,,,,,,,,,,yes,no,no,,,barrier_free_map,沖縄県バリアフリーマップ,http://okinawa-bf-map.jp/facility-info/detail?facility_id=2459,2020-05-13,2459,トイレ出入口形状=スライド,特徴･注意点: 障害者用観覧席あり。タンカあり。ベッドあり。 / 備考: 駐車場収容台数 350台
47,沖縄県,47313,宜野座村,,就労支援センター「はばたき」,,,904-1303,沖縄県宜野座村惣慶1875,26.4825975,127.97146190000001,http://www.ginoza-shakyo.or.jp/news/detail.php?whatsNewID=14&CategoryNo=1,yes,yes,,,,,yes,no,no,no,no,no,,,,,,,,,,,,no,no,no,,,barrier_free_map,沖縄県バリアフリーマップ,http://okinawa-bf-map.jp/facility-info/detail?facility_id=2460,2021-06-10,2460,緊急通報装置あり / トイレ出入口形状=スライド,備考: 駐車台数6台
47,沖縄県,47205,宜野湾市,,宜野湾市立グラウンド,,,901-2224,沖縄県宜野湾市真志喜3-25-1,26.2775694,127.7345404,http://www.ginowankaihinkouen.jp/ground-park/,no,yes,,,,,yes,no,no,no,no,no,,,,,,,,,,,,yes,no,no,,,barrier_free_map,沖縄県バリアフリーマップ,http://okinawa-bf-map.jp/facility-info/detail?facility_id=2461,2020-05-07,2461,トイレ出入口形状=スライド,備考: 駐車場収容台数 55台
47,沖縄県,47214,宮古島市,,宮古島市働く女性の家,,,906-0013,沖縄県宮古島市平良下里442,24.79776957471831,125.27907584173352,http://www.city.miyakojima.lg.jp/kurashi/shisetsu/koukyo/shisetu02.html,yes,yes,,,,,no,no,no,no,no,no,,,,,,,,,,,,no,yes,no,,,barrier_free_map,沖縄県バリアフリーマップ,http://okinawa-bf-map.jp/facility-info/detail?facility_id=2462,2010-05-24,2462,緊急通報装置あり / トイレ出入口形状=スライド,備考: 駐車場収容台数3~4台
47,沖縄県,47209,名護市,,サンエーV21いさがわ食品館,,,905-1152,沖縄県名護市伊差川190,26.6096933,128.0016889,http://www.san-a.co.jp/store/670/,yes,yes,,,,,yes,no,yes,no,yes,yes,,,,,,,,,,,,no,no,no,,,barrier_free_map,沖縄県バリアフリーマップ,http://okinawa-bf-map.jp/facility-info/detail?facility_id=2463,2018-10-08,2463,緊急通報装置あり / 着替え台あり / トイレ出入口形状=スライド,備考: 運営 株式会社サンエー / 備考: 駐車場収容台数100台。
47,沖縄県,47209,名護市,,りゅうしん指定通所介護事業所,,,905-0016,沖縄県名護市大東３丁目２０−１４,26.5920413,127.98858500000006,http://ryushinkai.jp/ryushin/place.html,no,no,,,,,no,no,no,no,no,no,,,,,,,,,,,,no,no,no,,,barrier_free_map,沖縄県バリアフリーマップ,http://okinawa-bf-map.jp/facility-info/detail?facility_id=2464,2018-05-02,2464,緊急通報装置あり / トイレ出入口形状=ドア無し,備考: 駐車台数20台 / トイレ備考: ドアなしでカーテンになっている
47,沖縄県,47205,宜野湾市,,宜野湾市立野球場,,,901-2224,沖縄県宜野湾市真志喜4-2-1,26.2802192,127.7358791,http://www.ginowankaihinkouen.jp/baseball-ground/,no,yes,,,,,yes,no,no,no,no,no,,,,,,,,,,,,yes,no,no,,,barrier_free_map,沖縄県バリアフリーマップ,http://okinawa-bf-map.jp/facility-info/detail?facility_id=2465,2020-05-07,2465,トイレ出入口形状=引戸,備考: 駐車場収容台数 350台（宜野湾市立体育館と共用） / トイレ備考: 出入口段差5cm
47,沖縄県,47326,北谷町,,ジャスコ北谷ショッピングセンター,,,904-0115,沖縄県北谷町美浜8-3,26.314713992983776,127.75788501363073,http://www.aeon-ryukyu.jp/store/aeon/chatan/,yes,yes,,,,,no,no,no,yes,yes,no,,,,,,,,,,,,no,yes,yes,,,barrier_free_map,沖縄県バリアフリーマップ,http://okinawa-bf-map.jp/facility-info/detail?facility_id=2466,2018-02-05,2466,緊急通報装置あり / トイレ出入口形状=スライド,備考: 運営 琉球ジャスコ株式会社 / 備考: 立体もあり 駐車台数400台 / トイレ備考: 小便器手すりあり
47,沖縄県,47209,名護市,,源河地区会館,,,905-1141,沖縄県名護市源河1305,26.6333711,128.0649642,/,no,yes,,,,,yes,no,no,no,no,no,,,,,,,,,,,,no,no,no,,,barrier_free_map,沖縄県バリアフリーマップ,http://okinawa-bf-map.jp/facility-info/detail?facility_id=2467,2022-12-05,2467,緊急通報装置あり / トイレ出入口形状=スライド,備考: 駐車台数80台
47,沖縄県,47214,宮古島市,,ホテルサザンコースト宮古島,,,906-0013,沖縄県宮古島市平良下里335-1,24.801315846705176,125.27061056190188,http://h-scm.jp/,yes,yes,,,,,yes,no,yes,yes,no,yes,,,,,,,,,,,,no,no,no,,no,barrier_free_map,沖縄県バリアフリーマップ,http://okinawa-bf-map.jp/facility-info/detail?facility_id=2468,2023-09-11,2468,緊急通報装置あり / トイレ出入口形状=スライド,備考: 車いす対応客室あり（ドア：引き戸、部屋の入口：段差なし、部屋の通路：車いす通行可能、バスルーム：入口段差なし・入口幅80cm以上、トイレ：手すりあり・車いすで入れる） / 備考: 駐車場収容台数50台 他、ホテルに隣接する駐車場有り
47,沖縄県,47205,宜野湾市,,マクドナルド58号大謝名店,,,901-2225,沖縄県宜野湾市大謝名1-6-3,26.269256,127.735677,http://www.mcdonalds.co.jp/,no,no,,,,,yes,no,no,no,yes,yes,,,,,,,,,,,,no,no,no,,,barrier_free_map,沖縄県バリアフリーマップ,http://okinawa-bf-map.jp/facility-info/detail?facility_id=2469,2015-09-10,2469,トイレ出入口形状=開き戸,備考: 正式名称 日本マクドナルド株式会社 マクドナルド58号大謝名店 / 備考: 駐車場収容台数 20台
47,沖縄県,47326,北谷町,,北谷公園屋内運動場,,,904-0115,沖縄県北谷町美浜2,26.31042670466634,127.76103254603277,http://ccdc.jp/facility/toll-park-facilities/chatan-dome/,no,yes,,,,,no,no,no,no,no,no,,,,,,,,,,,,no,no,no,,,barrier_free_map,沖縄県バリアフリーマップ,http://okinawa-bf-map.jp/facility-info/detail?facility_id=2470,2019-01-22,2470,トイレ出入口形状=引戸,特徴･注意点: ナイター点灯は申請により随時受付しております / 備考: 定休日 ※ 月曜日が祝日にあたる時は、火曜日に振替休場となります。 / 備考: 駐車台数681台 北谷公園や球場と併用 / トイレ備考: スライドもあり 小便器4個
47,沖縄県,47209,名護市,,障害福祉サービス事業所かけはし,,,905-1155,沖縄県名護市我部祖河1197-13,26.6158816,127.9986723,http://kakehashi-nago.com/index.html,no,yes,,,,,no,no,no,no,no,no,,,,,,,,,,,,no,no,yes,,,barrier_free_map,沖縄県バリアフリーマップ,http://okinawa-bf-map.jp/facility-info/detail?facility_id=2471,2018-05-03,2471,トイレ出入口形状=スライド,備考: 駐車台数10台
47,沖縄県,47209,名護市,,名護市民会館,,,905-0014,沖縄県名護市港2-1-1,26.590791,127.9752303,/,no,yes,,,,,no,no,no,no,no,no,,,,,,,,,,,,no,no,no,,,barrier_free_map,沖縄県バリアフリーマップ,http://okinawa-bf-map.jp/facility-info/detail?facility_id=2472,2020-05-05,2472,緊急通報装置あり / トイレ出入口形状=ドア無し,備考: 駐車場収容台数300台。 / トイレ備考: トイレ出入口の形状はアコーディオンカーテン。
47,沖縄県,47205,宜野湾市,,しいの実保育園 分園,,,901-2214,沖縄県宜野湾市我如古2-20-5,26.2517526,127.759251,http://www.meisyuhukushikai.okinawa/,no,no,,,,,no,no,no,no,no,no,,,,,,,,,,,,no,yes,yes,,,barrier_free_map,沖縄県バリアフリーマップ,http://okinawa-bf-map.jp/facility-info/detail?facility_id=2473,2018-06-11,2473,トイレ出入口形状=開き戸,備考: 正式名称 社会福祉法人 日本保育協会沖縄県支部 しいの実保育園 分園 / 備考: 駐車場収容台数 20台
47,沖縄県,47326,北谷町,,北谷公園庭球場,,,904-0115,沖縄県北谷町美浜2,26.30975129069743,127.75758230422983,http://ccdc.jp/facility/toll-park-facilities/chatanpark-stadiumcourt/,no,no,,,,,no,no,no,no,no,no,,,,,,,,,,,,no,no,no,,,barrier_free_map,沖縄県バリアフリーマップ,http://okinawa-bf-map.jp/facility-info/detail?facility_id=2474,2019-02-04,2474,トイレ出入口形状=開き戸,備考: 駐車台数681台（北谷公園野球場と共用）
47,沖縄県,47214,宮古島市,,観光ホテル セイルイン宮古島,,,906-0013,沖縄県宮古島市平良下里3,24.804222213689904,125.2792220460327,http://www.crewis.co.jp/,no,no,,,,,yes,no,no,no,no,no,,,,,,,,,,,,no,no,no,,,barrier_free_map,沖縄県バリアフリーマップ,http://okinawa-bf-map.jp/facility-info/detail?facility_id=2475,2018-12-11,2475,トイレ出入口形状=引戸,備考: 駐車場収容台数20台
47,沖縄県,47326,北谷町,,北谷公園水泳プール,,,904-0115,沖縄県北谷町美浜2,26.3117698,127.7556735,http://www.chatan.jp/shisetsu/koen_yoka/kouenpool0816.html,no,yes,,,,,no,no,no,no,no,no,,,,,,,,,,,,no,no,no,,,barrier_free_map,沖縄県バリアフリーマップ,http://okinawa-bf-map.jp/facility-info/detail?facility_id=2476,2019-02-05,2476,トイレ出入口形状=スライド,備考: 駐車台数681台 北谷公園や球場と供用
47,沖縄県,47209,名護市,,なごみの森歯科,,,905-0012,沖縄県名護市名護4558-53 / ポケットプラザビル,26.6088123,127.9927869,/,yes,yes,,,,,yes,no,no,no,no,yes,,,,,,,,,,,,no,no,no,,,barrier_free_map,沖縄県バリアフリーマップ,http://okinawa-bf-map.jp/facility-info/detail?facility_id=2477,2010-05-01,2477,トイレ出入口形状=スライド,特徴･注意点: 診察室入口幅80cm、段差なし、ドアもスライドタイプ / 備考: 駐車台数20台 / トイレ備考: トイレはひとつのみ、車イス専用も一般も同じ
47,沖縄県,47214,宮古島市,,沖縄県立 宮古特別支援学校,,,906-0002,沖縄県宮古島市平良狩俣4005-1,24.8540124,125.2965459,http://www.miyako-sh.open.ed.jp/,yes,yes,,,,,yes,no,no,no,no,no,,,,,,,,,,,,no,no,yes,,,barrier_free_map,沖縄県バリアフリーマップ,http://okinawa-bf-map.jp/facility-info/detail?facility_id=2478,2010-05-01,2478,緊急通報装置あり / トイレ出入口形状=スライド,備考: 駐車場収容台数54台
47,沖縄県,47205,宜野湾市,,さつき保育園,,,901-2215,沖縄県宜野湾市真栄原3-24-13,26.2637205,127.7454627,/,no,no,,,,,no,no,yes,no,no,no,,,,,,,,,,,,yes,yes,yes,,,barrier_free_map,沖縄県バリアフリーマップ,http://okinawa-bf-map.jp/facility-info/detail?facility_id=2480,2019-02-28,2480,トイレ出入口形状=開き戸,備考: 正式名称 社会福祉法人日本保育協会 沖縄県支部 さつき保育園 / 備考: 駐車場収容台数 10台 / トイレ備考: 出入口段差5cm
47,沖縄県,47214,宮古島市,,宮古保健所,,,906-0007,沖縄県宮古島市平良東仲宗根476,24.8034932,125.2880592,http://www.pref.okinawa.lg.jp/iryokenko/hokenjo/1008016/index.html,yes,yes,,,,,no,no,no,no,no,no,,,,,,,,,,,,no,no,no,,,barrier_free_map,沖縄県バリアフリーマップ,http://okinawa-bf-map.jp/facility-info/detail?facility_id=2482,2024-02-06,2482,トイレ出入口形状=スライド,備考: 駐車場収容台数37台 / トイレ備考: 一般トイレ開口幅80cm以上あり
47,沖縄県,47205,宜野湾市,,さつき保育園 分園,,,901-2215,沖縄県宜野湾市真栄原3-37-25,26.2654231,127.7447766,/,no,no,,,,,no,no,no,no,no,no,,,,,,,,,,,,yes,no,no,,,barrier_free_map,沖縄県バリアフリーマップ,http://okinawa-bf-map.jp/facility-info/detail?facility_id=2483,2010-05-01,2483,トイレ出入口形状=開き戸,備考: 正式名称 社会福祉法人日本保育協会 沖縄県支部 さつき保育園 分園 / 備考: 駐車場収容台数 10台 / トイレ備考: 児童用個室施錠無し。
47,沖縄県,47209,名護市,,海青保育園,,,905-0018,沖縄県名護市大西3-14-3,26.5975962,127.9845295,/,no,yes,,,,,yes,no,no,no,no,no,,,,,,,,,,,,no,no,no,,,barrier_free_map,沖縄県バリアフリーマップ,http://okinawa-bf-map.jp/facility-info/detail?facility_id=2485,2010-05-01,2485,緊急通報装置あり / トイレ出入口形状=スライド,備考: 駐車台数30台
47,沖縄県,47326,北谷町,,北谷公園陸上競技場,,,904-0115,沖縄県北谷町北谷字美浜2番地,26.31367776606497,127.75856188993534,http://ccdc.jp/facility/toll-park-facilities/chatan-athletics-stadium/,no,yes,,,,,no,no,no,no,no,no,,,,,,,,,,,,no,no,no,,,barrier_free_map,沖縄県バリアフリーマップ,http://okinawa-bf-map.jp/facility-info/detail?facility_id=2486,2019-01-28,2486,トイレ出入口形状=引戸,備考: 駐車台数681台 北谷公園野球場と供用 / トイレ備考: スライドあり
47,沖縄県,47209,名護市,,ジャスコ名護店,,,905-0012,沖縄県名護市名護4472,26.6098758,127.9847763,/,yes,yes,,,,,yes,no,no,no,yes,yes,,,,,,,,,,,,no,yes,yes,,,barrier_free_map,沖縄県バリアフリーマップ,http://okinawa-bf-map.jp/facility-info/detail?facility_id=2487,2015-09-10,2487,緊急通報装置あり / トイレ出入口形状=スライド,備考: 運営 琉球ジャスコ株式会社 / 備考: 駐車場収容台数1500台。 駐車場は平面も立体もある。
47,沖縄県,47205,宜野湾市,,岡こどもクリニック,,,901-2227,沖縄県宜野湾市宇地泊772-1,26.27397869086538,127.73011168280141,http://www.oka-kodomo-clinic.jp/,yes,yes,,,,,yes,no,no,no,yes,no,,,,,,,,,,,,no,no,yes,,,barrier_free_map,沖縄県バリアフリーマップ,http://okinawa-bf-map.jp/facility-info/detail?facility_id=2488,2018-06-11,2488,緊急通報装置あり / トイレ出入口形状=スライド,備考: 駐車場収容台数 10台
47,沖縄県,47214,宮古島市,,池間島橋詰め広場（池間大橋売店）,,,906-0421,沖縄県宮古島市平良池間1165-1,24.925448370035802,125.25444146137691,http://miyakojima.net/ikema/kankou/tenbou.html,no,no,,,,,no,no,no,no,no,no,,,,,,,,,,,,,no,no,,,barrier_free_map,沖縄県バリアフリーマップ,http://okinawa-bf-map.jp/facility-info/detail?facility_id=2489,2019-03-07,2489,トイレ出入口形状=引戸,備考: 駐車場収容台数15台
47,沖縄県,47209,名護市,,すだつ保育園,,,905-0019,沖縄県名護市大北4-24-14,26.6065373,127.9892873,/,no,yes,,,,,no,no,no,no,no,no,,,,,,,,,,,,no,no,no,,,barrier_free_map,沖縄県バリアフリーマップ,http://okinawa-bf-map.jp/facility-info/detail?facility_id=2490,2010-05-01,2490,トイレ出入口形状=スライド,備考: 正式名称 社会福祉法人巣立福祉会 すだつ保育園 / 備考: 駐車台数23台
47,沖縄県,47209,名護市,,かじまやリゾートクリニック,,,905-0011,沖縄県名護市宮里518-2,26.594893,127.9643197,/,no,yes,,,,,no,no,no,no,no,no,,,,,,,,,,,,no,no,no,,,barrier_free_map,沖縄県バリアフリーマップ,http://okinawa-bf-map.jp/facility-info/detail?facility_id=2491,2010-05-01,2491,緊急通報装置あり / トイレ出入口形状=スライド,備考: 駐車場収容台数30台。
47,沖縄県,47214,宮古島市,,沖縄県立宮古青少年の家,,,906-0011,沖縄県宮古島市平良東仲宗根添1164,24.804685232613718,125.31465452111124,http://www.miyako-banzu.com/,yes,yes,,,,,yes,no,no,no,no,no,,,,,,,,,,,,no,no,no,,,barrier_free_map,沖縄県バリアフリーマップ,http://okinawa-bf-map.jp/facility-info/detail?facility_id=2492,2024-03-13,2492,トイレ出入口形状=スライド,備考: 駐車場収容台数25台
47,沖縄県,47326,北谷町,,北谷公園野球場,,,904-0115,沖縄県北谷町美浜2,26.310828419463114,127.75651390461576,http://ccdc.jp/facility/toll-park-facilities/chatan-park-outdoor-stadium/,no,yes,,,,,no,no,no,no,no,no,,,,,,,,,,,,no,no,no,,,barrier_free_map,沖縄県バリアフリーマップ,http://okinawa-bf-map.jp/facility-info/detail?facility_id=2493,2019-01-28,2493,トイレ出入口形状=引戸,備考: ・駐車台数681台（北谷公園庭球場と共用）。 ・一般の駐車場から球場までの間に20cm程の段差有り。 / トイレ備考: スライドあり
47,沖縄県,47205,宜野湾市,,知的障害者通所授産施設分場「美ら風」（就労支援 美ら風）,,,901-2206,沖縄県宜野湾市愛知28-1,26.2696036,127.7685274,http://souseigroup.jp/chulakaji/,no,no,,,,,no,no,no,no,no,no,,,,,,,,,,,,yes,no,no,,,barrier_free_map,沖縄県バリアフリーマップ,http://okinawa-bf-map.jp/facility-info/detail?facility_id=2494,2018-06-11,2494,トイレ出入口形状=開き戸,備考: 正式名称 社会福祉法人蒼生の会 就労支援 美ら風 / 備考: 駐車場収容台数 6台 駐車場傾斜あり。
47,沖縄県,47326,北谷町,,社団法人北谷町シルバー人材センター,,,904-0101,沖縄県北谷町上勢頭837-1,26.3267741,127.7666529,http://www.chatan.jp/silver/,no,no,,,,,no,no,no,no,no,no,,,,,,,,,,,,yes,no,no,,,barrier_free_map,沖縄県バリアフリーマップ,http://okinawa-bf-map.jp/facility-info/detail?facility_id=2495,2010-05-01,2495,緊急通報装置あり / トイレ出入口形状=引戸,備考: 駐車台数30台 / トイレ備考: トイレマークの下に点字あり 入口段差4cm 小便器2個
47,沖縄県,47205,宜野湾市,,佐喜眞美術館,,,901-2204,沖縄県宜野湾市上原358,26.2780198,127.7749653,http://sakima.jp/,no,yes,,,,,yes,no,no,no,no,no,,,,,,,,,,,,yes,no,no,,,barrier_free_map,沖縄県バリアフリーマップ,http://okinawa-bf-map.jp/facility-info/detail?facility_id=2497,2019-01-21,2497,トイレ出入口形状=スライド,備考: ※修学旅行などの団体予約の場合は、休館日の対応可 / 備考: 駐車場収容台数 20台
47,沖縄県,47205,宜野湾市,,宜野湾市保健相談センター,,,901-2215,沖縄県宜野湾市真栄原1-13-15,26.2580156,127.7443408,http://www.city.ginowan.okinawa.jp/benricho/shisetsu/fukushi/hoken.html,no,no,,,,,no,no,no,no,no,yes,,,,,,,,,,,,no,no,yes,,,barrier_free_map,沖縄県バリアフリーマップ,http://okinawa-bf-map.jp/facility-info/detail?facility_id=2499,2018-06-11,2499,トイレ出入口形状=開き戸,備考: 正式名称 宜野湾市役所 保健相談センター / 備考: 駐車場収容台数 30台
47,沖縄県,47205,宜野湾市,,宜野湾記念病院 居宅介護支援事業所ぎのわん,,,901-2211,沖縄県宜野湾市宜野湾３丁目４−３,26.259745609010984,127.75827202316736,http://www.ginowan-kinen.or.jp/?page_id=32,no,no,,,,,no,no,no,no,no,no,,,,,,,,,,,,,no,no,,,barrier_free_map,沖縄県バリアフリーマップ,http://okinawa-bf-map.jp/facility-info/detail?facility_id=2500,2018-06-11,2500,トイレ出入口形状=ドア無し,備考: 正式名称 医療法人緑水会 宜野湾記念病院 宜野湾在宅支援センターぎのわん / 備考: 駐車場収容台数 80台 / トイレ備考: トイレ無し。
47,沖縄県,47326,北谷町,,北谷町保健相談センター,,,904-0103,沖縄県北谷町桑江731,26.315711366097496,127.76922343729554,http://www.chatan.jp/kenko_fukushi/,yes,yes,,,,,no,no,no,no,yes,yes,,,,,,,,,,,,no,no,no,,,barrier_free_map,沖縄県バリアフリーマップ,http://okinawa-bf-map.jp/facility-info/detail?facility_id=2501,2018-02-08,2501,緊急通報装置あり / トイレ出入口形状=スライド,
47,沖縄県,47308,本部町,,特別養護老人ホーム本部園 老人デイサービスセンター本部園,,,905-0213,沖縄県本部町谷茶301 / 地域ふれあいセンター八重,26.6559793,127.8913232,http://www.motobuen.com/service.html,no,yes,,,,,no,no,yes,no,no,no,,,,,,,,,,,,no,no,no,,,barrier_free_map,沖縄県バリアフリーマップ,http://okinawa-bf-map.jp/facility-info/detail?facility_id=2502,2016-06-21,2502,緊急通報装置あり / トイレ出入口形状=ドア無し,備考: 正式名称 社会福祉法人常磐会 特別養護老人ホーム本部園老人デイサービスセンター本部園 / 備考: 駐車台数100台
47,沖縄県,47326,北谷町,,北谷町北玉区公民館,,,904-0105,沖縄県北谷町吉原898,26.3124781,127.772728,http://www.chatan.jp/shisetsu/kominkan/kitatamakouminkan.html,no,yes,,,,,no,no,no,no,no,no,,,,,,,,,,,,yes,no,yes,,,barrier_free_map,沖縄県バリアフリーマップ,http://okinawa-bf-map.jp/facility-info/detail?facility_id=2503,2019-01-24,2503,トイレ出入口形状=スライド,備考: 駐車台数30台 / トイレ備考: 小便器2個
47,沖縄県,47308,本部町,,特別養護老人ホーム本部園,,,905-0213,沖縄県本部町谷茶310,26.6585151,127.8916231,http://www.motobuen.com/home.html#tab02,no,yes,,,,,no,no,yes,no,no,no,,,,,,,,,,,,no,no,no,,,barrier_free_map,沖縄県バリアフリーマップ,http://okinawa-bf-map.jp/facility-info/detail?facility_id=2504,2019-01-17,2504,緊急通報装置あり / トイレ出入口形状=ドア無し,備考: 正式名称 社会福祉法人常磐会 特別養護老人ホーム本部園 / 備考: 駐車台数100台 / トイレ備考: トイレはドアなし、アコーディオンカーテン設置
47,沖縄県,47205,宜野湾市,,宜野湾市民会館,,,901-2203,沖縄県宜野湾市野嵩1-1-2,26.2805891,127.7786344,http://www.city.ginowan.lg.jp/soshiki/kyoiku/1/3/2/3/1/index.html,yes,yes,,,,,no,no,yes,no,yes,yes,,,,,,,,,,,,yes,no,yes,,,barrier_free_map,沖縄県バリアフリーマップ,http://okinawa-bf-map.jp/facility-info/detail?facility_id=2505,2024-02-06,2505,トイレ出入口形状=スライド,特徴･注意点: 宜野湾市民会館は「宜野湾市立中央公民館」との複合施設です / 備考: 正式名称 宜野湾市役所 宜野湾市民会館 / 備考: 身体障がい者用駐車場から店内までの距離は53.8ｍ
47,沖縄県,47311,恩納村,,農水産物販売センター,,,904-0415,沖縄県恩納村仲泊1656-9,26.4361551,127.7948422,http://www.vill.onna.okinawa.jp/Default729d.html,no,yes,,,,,no,no,no,no,yes,no,,,,,,,,,,,,no,no,no,,,barrier_free_map,沖縄県バリアフリーマップ,http://okinawa-bf-map.jp/facility-info/detail?facility_id=2506,2018-12-19,2506,トイレ出入口形状=スライド,備考: 定休日 年中無休(12月31日 1月1日 1月2日は短縮営業) / 備考: 駐車台数140台
47,沖縄県,47311,恩納村,,シェラトン沖縄サンマリーナリゾート,,,904-0413,沖縄県恩納村冨着66-1,26.4610931,127.8118476,http://sheraton-okinawa.co.jp/,no,yes,,,,,yes,no,no,no,yes,no,,,,,,,,,,,,no,yes,no,,,barrier_free_map,沖縄県バリアフリーマップ,http://okinawa-bf-map.jp/facility-info/detail?facility_id=2507,2018-12-19,2507,トイレ出入口形状=スライド,備考: バリアフリールーム1部屋 / 備考: 駐車台数200台
47,沖縄県,47308,本部町,,本部園短期入所生活介護事業所,,,905-0213,沖縄県本部町谷茶310 / 老人ホーム本部園,26.657901445675012,127.8914138876969,http://www.motobuen.com/,no,yes,,,,,no,no,yes,no,no,no,,,,,,,,,,,,no,no,no,,,barrier_free_map,沖縄県バリアフリーマップ,http://okinawa-bf-map.jp/facility-info/detail?facility_id=2508,2018-07-04,2508,緊急通報装置あり / トイレ出入口形状=ドア無し,備考: 正式名称 社会福祉法人常磐会 本部園短期入所生活介護事業所 / 備考: 駐車台数100台 / トイレ備考: トイレはドアなし、カーテンあり
47,沖縄県,47205,宜野湾市,,宜野湾市役所本庁舎,,,901-2203,沖縄県宜野湾市野嵩1-1-1,26.2815807,127.7786371,http://www.city.ginowan.lg.jp/,yes,yes,,,,,no,yes,no,no,no,yes,,,,,,,,,,,,no,no,yes,,no,barrier_free_map,沖縄県バリアフリーマップ,http://okinawa-bf-map.jp/facility-info/detail?facility_id=2510,2024-03-07,2510,トイレ出入口形状=スライド,トイレ備考: 簡易オストメイトあり。
47,沖縄県,47205,宜野湾市,,宜野湾市教育委員会,,,901-2203,沖縄県宜野湾市野嵩730 / 宜野湾市役所第二庁舎内,26.2803724,127.7777733,http://www.ginowan-okn.ed.jp/,no,yes,,,,,yes,no,no,no,no,no,,,,,,,,,,,,yes,no,no,,,barrier_free_map,沖縄県バリアフリーマップ,http://okinawa-bf-map.jp/facility-info/detail?facility_id=2511,2018-06-11,2511,緊急通報装置あり / トイレ出入口形状=スライド,備考: 駐車場収容台数 180台（宜野湾市民会館と共用） / トイレ備考: 簡易オストメイトあり。
47,沖縄県,47214,宮古島市,,青潮園,,,906-0013,沖縄県宮古島市平良下里2632-1,24.7719412,125.31041270000003,http://ooshioen.or.jp/,yes,yes,,,,,yes,no,no,no,no,no,,,,,,,,,,,,no,no,no,,,barrier_free_map,沖縄県バリアフリーマップ,http://okinawa-bf-map.jp/facility-info/detail?facility_id=2512,2024-02-16,2512,緊急通報装置あり / トイレ出入口形状=スライド,トイレ備考: 一般トイレ開口幅80cm以上あり
47,沖縄県,47311,恩納村,,仲泊幼稚園,,,904-0415,沖縄県恩納村仲泊433,26.4405217,127.8031079,/,no,no,,,,,no,no,no,no,no,no,,,,,,,,,,,,yes,no,no,,,barrier_free_map,沖縄県バリアフリーマップ,http://okinawa-bf-map.jp/facility-info/detail?facility_id=2513,2010-05-01,2513,トイレ出入口形状=開き戸,備考: 駐車台数40台 / トイレ備考: 児童用と大人用有
47,沖縄県,47205,宜野湾市,,沖縄銀行宜野湾支店,,,901-2212,沖縄県宜野湾市長田1-19-10 / 玉善ビル1階,26.264154,127.7633058,http://www.okinawa-bank.co.jp/shop_atm/2014061101789/,no,no,,,,,no,no,no,no,no,no,,,,,,,,,,,,yes,no,no,,,barrier_free_map,沖縄県バリアフリーマップ,http://okinawa-bf-map.jp/facility-info/detail?facility_id=2514,2018-12-06,2514,トイレ出入口形状=開き戸,備考: 正式名称 株式会社沖縄銀行宜野湾支店 / 備考: 駐車場収容台数 20台
47,沖縄県,47308,本部町,,ザ・ビッグエクスプレスもとぶ店,,,905-0212,沖縄県本部町大浜851-1,26.654644089986913,127.87987190674585,http://www.aeon-ryukyu.jp/store/thebig/motobu/,no,yes,,,,,no,no,no,yes,no,no,,,,,,,,,,,,no,no,no,,,barrier_free_map,沖縄県バリアフリーマップ,http://okinawa-bf-map.jp/facility-info/detail?facility_id=2515,2019-03-15,2515,トイレ出入口形状=スライド,備考: 運営 琉球ジャスコ株式会社 / 備考: 駐車台数129台
47,沖縄県,47214,宮古島市,,ホテルアイランドコーラル,,,906-0012,沖縄県宮古島市平良西里154,24.80534303141471,125.27928537301636,http://hotel-islandcoral.com/index.html,no,yes,,,,,yes,no,no,no,no,no,,,,,,,,,,,,yes,no,no,,,barrier_free_map,沖縄県バリアフリーマップ,http://okinawa-bf-map.jp/facility-info/detail?facility_id=2516,2019-01-09,2516,トイレ出入口形状=引戸,備考: 車いす対応客室あり（ドア：引き戸、部屋の入口：段差なし、部屋の通路：車いす通行可能、バスルーム：入口段差なし・入口幅80cm以上、トイレ：手すりあり・車いすで入れる） / 備考: 駐車場収容台数4台
47,沖縄県,47205,宜野湾市,,沖縄銀行我如古支店,,,901-2215,沖縄県宜野湾市真栄原1-5-2,26.2580851,127.7485738,http://www.okinawa-bank.co.jp/shop_atm/2014061101772/,no,no,,,,,no,no,no,no,no,no,,,,,,,,,,,,yes,no,no,,,barrier_free_map,沖縄県バリアフリーマップ,http://okinawa-bf-map.jp/facility-info/detail?facility_id=2517,2019-02-26,2517,トイレ出入口形状=開き戸,備考: 正式名称 株式会社沖縄銀行我如古支店 / 備考: 駐車場収容台数 23台
47,沖縄県,47308,本部町,,本部町地域福祉センター,,,905-0212,沖縄県本部町大浜881-4,26.6582039,127.8846764,http://www.motobu-syakyo.com/,no,yes,,,,,no,no,no,no,no,no,,,,,,,,,,,,no,no,no,,,barrier_free_map,沖縄県バリアフリーマップ,http://okinawa-bf-map.jp/facility-info/detail?facility_id=2518,2022-08-05,2518,緊急通報装置あり / トイレ出入口形状=スライド,備考: 正式名称 社会福祉法人 本部町社会福祉協議会 本部町地域福祉センター / 備考: 駐車台数50台
47,沖縄県,47214,宮古島市,,宮古島市熱帯植物園,,,906-0011,沖縄県宮古島市平良東仲宗根添1166-286,24.800511,125.315531,/,yes,yes,,,,,no,no,no,no,no,no,,,,,,,,,,,,no,no,no,,,barrier_free_map,沖縄県バリアフリーマップ,http://okinawa-bf-map.jp/facility-info/detail?facility_id=2520,2024-01-04,2520,トイレ出入口形状=スライド,備考: 施設管理は宮古島市農林水産部 みどり推進課が行っています TEL:0980-72-9784 / トイレ備考: 一般トイレ開口幅80cm以上あり
47,沖縄県,47308,本部町,,沖縄銀行本部支店,,,905-0214,沖縄県本部町字大浜879番1,26.6567485,127.88500139999996,http://www.okinawa-bank.co.jp/shop_atm/2014061102991/,no,no,,,,,no,no,no,no,no,no,,,,,,,,,,,,yes,no,no,,,barrier_free_map,沖縄県バリアフリーマップ,http://okinawa-bf-map.jp/facility-info/detail?facility_id=2521,2019-03-15,2521,トイレ出入口形状=引戸,備考: 駐車台数8台
47,沖縄県,47205,宜野湾市,,あいのもり保育園,,,901-2206,沖縄県宜野湾市愛知435-3,26.2717617,127.7670691,http://www2.ocn.ne.jp/~ainomori/,no,no,,,,,yes,no,no,no,no,no,,,,,,,,,,,,no,no,yes,,,barrier_free_map,沖縄県バリアフリーマップ,http://okinawa-bf-map.jp/facility-info/detail?facility_id=2522,2010-05-01,2522,トイレ出入口形状=開き戸,備考: 正式名称 社会福祉法人恵幸会 あいのもり保育園 / 備考: 駐車場収容台数 40台
47,沖縄県,47214,宮古島市,,池村内科医院,,,906-0007,沖縄県宮古島市平良東仲宗根194,24.805300676820178,125.28632688042603,http://www.ikemura-miyako.com/,yes,yes,,,,,yes,no,no,no,yes,yes,,,,,,,,,,,,no,no,no,,,barrier_free_map,沖縄県バリアフリーマップ,http://okinawa-bf-map.jp/facility-info/detail?facility_id=2524,2018-12-13,2524,緊急通報装置あり / 着替え台あり / トイレ出入口形状=スライド,備考: 駐車場収容台数20台
47,沖縄県,47214,宮古島市,,介護老人保健施設 栄寿園,,,906-0013,沖縄県宮古島市平良下里2662,24.771138716652082,125.31124873187717,http://www.eijuen.com/,yes,yes,,,,,no,no,no,no,no,no,,,,,,,,,,,,,no,no,,,barrier_free_map,沖縄県バリアフリーマップ,http://okinawa-bf-map.jp/facility-info/detail?facility_id=2526,2024-03-15,2526,緊急通報装置あり / トイレ出入口形状=引戸,備考: 駐車場収容台数100台
47,沖縄県,47205,宜野湾市,,マツモトキヨシまえはら店,,,901-2215,沖縄県宜野湾市真栄原3-7-5,26.2620762,127.7420102,http://www.matsukiyo.co.jp/map?Type=Area&area=47,yes,yes,,,,,yes,no,yes,no,yes,no,,,,,,,,,,,,no,no,no,,,barrier_free_map,沖縄県バリアフリーマップ,http://okinawa-bf-map.jp/facility-info/detail?facility_id=2527,2019-01-21,2527,緊急通報装置あり / トイレ出入口形状=スライド,備考: 正式名称 株式会社マツモトキヨシまえはら店 / 備考: 駐車場収容台数 100台（サンエーV21まえはら食品館と共用）
47,沖縄県,47301,国頭村,,北斗園デイサービスセンター,,,905-1411,沖縄県国頭村辺土名1692,26.7407936,128.1749745,http://hokutoen.org/publics/index/24/,no,,,,,,,no,no,no,no,no,,,,,,,,,,,,no,no,no,,,barrier_free_map,沖縄県バリアフリーマップ,http://okinawa-bf-map.jp/facility-info/detail?facility_id=2528,2018-05-25,2528,緊急通報装置あり / トイレ出入口形状=引戸,備考: 正式名称 社会福祉法人容山会 北斗園デイサービスセンター / 備考: 駐車台数100台 / トイレ備考: トイレ出入口形状は引き戸と開き戸の両方有り
47,沖縄県,47214,宮古島市,,こうむら眼科,,,906-0015,沖縄県宮古島市平良久貝1064-10-1,24.789400428208868,125.28066253372958,http://www.kohmura-ganka.com/,yes,yes,,,,,yes,no,no,no,yes,no,,,,,,,,,,,,no,no,no,,,barrier_free_map,沖縄県バリアフリーマップ,http://okinawa-bf-map.jp/facility-info/detail?facility_id=2529,2018-12-13,2529,緊急通報装置あり / 着替え台あり / トイレ出入口形状=スライド,備考: 駐車場収容台数18台
47,沖縄県,47205,宜野湾市,,サンエーV21まえはら食品館,,,901-2215,沖縄県宜野湾市真栄原3-7-6,26.2624929,127.7419574,http://www.san-a.co.jp/store/697/,yes,yes,,,,,yes,no,no,no,yes,yes,,,,,,,,,,,,no,no,no,,,barrier_free_map,沖縄県バリアフリーマップ,http://okinawa-bf-map.jp/facility-info/detail?facility_id=2530,2019-01-21,2530,トイレ出入口形状=スライド,備考: 正式名称 株式会社サンエーV21まえはら食品館 / 備考: 駐車場収容台数 100台（マツモトキヨシまえはら店と共用） / トイレ備考: 男子小便器手すりあり。
47,沖縄県,47311,恩納村,,山田幼稚園,,,904-0416,沖縄県恩納村山田997,26.4331274,127.7769019,/,no,no,,,,,no,no,no,no,no,no,,,,,,,,,,,,yes,no,no,,,barrier_free_map,沖縄県バリアフリーマップ,http://okinawa-bf-map.jp/facility-info/detail?facility_id=2531,2010-05-01,2531,トイレ出入口形状=開き戸,備考: 駐車台数20台
47,沖縄県,47205,宜野湾市,,地域密着型デイサービスセンター いこいの家,,,901-2204,沖縄県宜野湾市上原1-17-11,26.2770977,127.7767958,/,no,no,,,,,yes,no,no,no,no,no,,,,,,,,,,,,no,no,no,,,barrier_free_map,沖縄県バリアフリーマップ,http://okinawa-bf-map.jp/facility-info/detail?facility_id=2532,2018-12-07,2532,緊急通報装置あり / トイレ出入口形状=ドア無し,備考: 駐車場収容台数 6台 / トイレ備考: ドアはアコーディオンカーテンになっています。
47,沖縄県,47214,宮古島市,,きしもと内科医院,,,906-0013,沖縄県宮古島市平良下里1555-1,24.789887298796977,125.28141982209013,http://byoinnavi.jp/clinic/175034,yes,yes,,,,,yes,no,no,no,no,no,,,,,,,,,,,,no,no,no,,,barrier_free_map,沖縄県バリアフリーマップ,http://okinawa-bf-map.jp/facility-info/detail?facility_id=2533,2018-12-13,2533,緊急通報装置あり / トイレ出入口形状=スライド,備考: 木曜日、土曜日の午後は予約の大腸検査のみ行っております。 / 備考: 駐車場収容台数16台
47,沖縄県,47311,恩納村,,恩納ガラス工房,,,904-0413,沖縄県恩納村冨着85,26.45984547382983,127.81148876560668,http://www.onna-glass-okinawa.co.jp/,no,yes,,,,,no,no,no,no,yes,no,,,,,,,,,,,,no,no,no,,no,barrier_free_map,沖縄県バリアフリーマップ,http://okinawa-bf-map.jp/facility-info/detail?facility_id=2534,2023-12-04,2534,トイレ出入口形状=スライド,備考: 正式名称 株式会社恩納ガラス工芸育成センター 恩納ガラス工房 / 備考: 駐車台数60台
47,沖縄県,47205,宜野湾市,,ドコモショップ我如古店,,,901-2214,沖縄県宜野湾市我如古1-54-24,26.2579824,127.7559733,http://www.nttdocomo.co.jp/support/shop/search/shop.html?id=0901900509300&cid=CRP_SUP_shop_from_gmb,yes,yes,,,,,yes,no,no,no,yes,no,,,,,,,,,,,,no,no,no,,,barrier_free_map,沖縄県バリアフリーマップ,http://okinawa-bf-map.jp/facility-info/detail?facility_id=2535,2018-06-18,2535,緊急通報装置あり / トイレ出入口形状=スライド,備考: フリーダイヤル0120-502-366 / 備考: 駐車場収容台数 20台 駐車場一部屋根あり。
47,沖縄県,47308,本部町,,通所介護事業所あづま家,,,905-0211,沖縄県本部町東446-1,26.657160628488256,127.90329121726609,/,no,no,,,,,no,no,yes,no,no,no,,,,,,,,,,,,yes,no,no,,,barrier_free_map,沖縄県バリアフリーマップ,http://okinawa-bf-map.jp/facility-info/detail?facility_id=2536,2019-03-15,2536,緊急通報装置あり / トイレ出入口形状=スライド,備考: 駐車台数4台
47,沖縄県,47214,宮古島市,,ひばり保育園,,,906-0013,沖縄県宮古島市平良下里1082-4,24.7915192,125.2830568,http://miyakohibarihoikuen.com/,yes,yes,,,,,yes,no,no,no,no,no,,,,,,,,,,,,no,no,yes,,,barrier_free_map,沖縄県バリアフリーマップ,http://okinawa-bf-map.jp/facility-info/detail?facility_id=2537,2024-03-12,2537,トイレ出入口形状=スライド,備考: 駐車場収容台数20台
47,沖縄県,47205,宜野湾市,,ミドリ薬品宜野湾長田店,,,901-2212,沖縄県宜野湾市長田4-3-11,26.2614405,127.7628449,http://www.e-map.ne.jp/p/matukiyo/dtl/20805342/,no,no,,,,,no,no,no,no,no,no,,,,,,,,,,,,no,no,no,,,barrier_free_map,沖縄県バリアフリーマップ,http://okinawa-bf-map.jp/facility-info/detail?facility_id=2538,2018-12-07,2538,トイレ出入口形状=開き戸,備考: 正式名称 株式会社ミドリ薬品宜野湾長田店 / 備考: 駐車場収容台数 25台
47,沖縄県,47311,恩納村,,恩納幼稚園,,,904-0411,沖縄県恩納村恩納6069,26.4890417,127.8449719,/,no,no,,,,,no,no,no,no,no,no,,,,,,,,,,,,no,no,no,,,barrier_free_map,沖縄県バリアフリーマップ,http://okinawa-bf-map.jp/facility-info/detail?facility_id=2539,2019-03-08,2539,トイレ出入口形状=引戸,備考: 駐車台数3台 / トイレ備考: 車イス専用トイレに子供用あり 子供用トイレ 手すりあり 子供用和式 3個
47,沖縄県,47214,宮古島市,,宮古島市立中央公民館,,,906-0013,沖縄県宮古島市平良下里315,24.798883196505884,125.27192156878661,http://www.city.miyakojima.lg.jp/soshiki/kyouiku/syougaigakusyu/kouminkan/tyuuou.html,yes,yes,,,,,no,no,no,no,no,no,,,,,,,,,,,,no,no,yes,,,barrier_free_map,沖縄県バリアフリーマップ,http://okinawa-bf-map.jp/facility-info/detail?facility_id=2540,2020-05-06,2540,トイレ出入口形状=スライド,備考: 駐車場収容台数130台
47,沖縄県,47205,宜野湾市,,仲原保育園 分園,,,901-2204,沖縄県宜野湾市上原1-25-15,26.2754088,127.7729851,http://www.kosodate-web.com/nakahara,no,no,,,,,no,no,no,no,no,no,,,,,,,,,,,,no,no,yes,,,barrier_free_map,沖縄県バリアフリーマップ,http://okinawa-bf-map.jp/facility-info/detail?facility_id=2541,2019-02-21,2541,緊急通報装置あり / トイレ出入口形状=開き戸,備考: 正式名称 社会福祉法人 若菜福祉会 仲原保育園分園 / 備考: 駐車場収容台数 7台 / トイレ備考: 児童用小便器・便座あり。
47,沖縄県,47311,恩納村,,社会福祉法人ゆうなの会 谷茶の丘 雅,,,904-0412,沖縄県恩納村谷茶1919-7,26.4563325,127.8255272,http://www.yuunanokai.or.jp/0001/tancha.html,no,yes,,,,,yes,no,no,no,no,no,,,,,,,,,,,,yes,no,no,,,barrier_free_map,沖縄県バリアフリーマップ,http://okinawa-bf-map.jp/facility-info/detail?facility_id=2542,2019-03-06,2542,緊急通報装置あり / トイレ出入口形状=スライド,特徴･注意点: 全面的にバリアフリー対応施設 / 備考: 一番遠い駐車場からは施設入口まで300ｍほどある 駐車台数約30台 / トイレ備考: 小便器 手すりあり 一般用トイレ 手すりあり
47,沖縄県,47308,本部町,,サンエーV21もとぶ食品館,,,905-0213,沖縄県本部町谷茶29-62,26.65728850750659,127.88901854484402,http://www.san-a.co.jp/store/702/,yes,yes,,,,,yes,no,no,no,yes,yes,,,,,,,,,,,,no,yes,yes,,,barrier_free_map,沖縄県バリアフリーマップ,http://okinawa-bf-map.jp/facility-info/detail?facility_id=2543,2018-07-04,2543,緊急通報装置あり / トイレ出入口形状=スライド,備考: 正式名称 株式会社サンエーV21もとぶ食品館 / 備考: 駐車台数68台
47,沖縄県,47205,宜野湾市,,西平医院,,,901-2205,沖縄県宜野湾市赤道2-2-2,26.272755364147503,127.7727516306885,http://www.chubu-ishikai.or.jp/cma_public/search_institution/InstitutionDetail.aspx?InstitutionCd=115,yes,yes,,,,,yes,no,no,no,yes,no,,,,,,,,,,,,no,no,no,,,barrier_free_map,沖縄県バリアフリーマップ,http://okinawa-bf-map.jp/facility-info/detail?facility_id=2544,2018-06-18,2544,緊急通報装置あり / トイレ出入口形状=スライド,備考: 駐車場収容台数 20台 / トイレ備考: 男子と車イス専用が共用になっています。小便器手すりあり。
47,沖縄県,47301,国頭村,,国頭村老人福祉センター,,,905-1411,沖縄県国頭村辺土名1709,26.7397909,128.1741052,/,no,no,,,,,no,no,no,no,no,no,,,,,,,,,,,,no,no,no,,,barrier_free_map,沖縄県バリアフリーマップ,http://okinawa-bf-map.jp/facility-info/detail?facility_id=2545,2018-05-25,2545,トイレ出入口形状=引戸,備考: 駐車台数13台
47,沖縄県,47214,宮古島市,,平良保健センター,,,906-0013,沖縄県宮古島市平良下里442,24.797657061545852,125.2787483766517,http://www.city.miyakojima.lg.jp/kurashi/kodomo/kosodate/boshi.html,yes,yes,,,,,no,no,no,no,no,no,,,,,,,,,,,,no,no,yes,,,barrier_free_map,沖縄県バリアフリーマップ,http://okinawa-bf-map.jp/facility-info/detail?facility_id=2546,2010-05-01,2546,緊急通報装置あり / トイレ出入口形状=引戸,備考: 正式名称 宮古島市役所福祉保健部健康増進課平良保健センター(旧、平良市保健センター) / 備考: 駐車場収容台数20台
47,沖縄県,47205,宜野湾市,,宜野湾保育所,,,901-2211,沖縄県宜野湾市宜野湾3-13-10,26.261593100000006,127.75580100000002,http://www.city.ginowan.okinawa.jp,no,yes,,,,,yes,no,no,no,no,no,,,,,,,,,,,,no,no,yes,,,barrier_free_map,沖縄県バリアフリーマップ,http://okinawa-bf-map.jp/facility-info/detail?facility_id=2547,2019-01-21,2547,緊急通報装置あり / トイレ出入口形状=スライド,備考: 正式名称 宜野湾市立宜野湾保育所 / 備考: 駐車場収容台数 10台 / トイレ備考: 男子小便器手すりあり。
47,沖縄県,47308,本部町,,本部郵便局,,,905-0214,沖縄県本部町渡久地93,26.6592938,127.8953027,http://map.japanpost.jp/p/search/dtl/300170035000/,no,no,,,,,no,no,no,no,no,no,,,,,,,,,,,,yes,no,no,,,barrier_free_map,沖縄県バリアフリーマップ,http://okinawa-bf-map.jp/facility-info/detail?facility_id=2548,2019-01-17,2548,トイレ出入口形状=引戸,備考: 正式名称 日本郵政株式会社 本部郵便局 / 備考: 駐車台数5~6台
47,沖縄県,47301,国頭村,,楚州あさひの丘,,,905-1502,沖縄県国頭村楚洲517,26.7906651,128.3151554,http://hokutoen.org/publics/index/16/,no,yes,,,,,no,no,no,no,no,no,,,,,,,,,,,,no,no,no,,,barrier_free_map,沖縄県バリアフリーマップ,http://okinawa-bf-map.jp/facility-info/detail?facility_id=2549,2018-05-25,2549,緊急通報装置あり / トイレ出入口形状=スライド,備考: 社会福祉法人容山会 社会福祉複合施設 楚州あさひの丘 / 備考: 駐車台数30台
47,沖縄県,47311,恩納村,,ホテルムーンビーチ,,,904-0414,沖縄県恩納村前兼久1203,26.4511213,127.8030129,http://www.moonbeach.co.jp,no,no,,,,,yes,no,no,no,no,no,,,,,,,,,,,,yes,yes,yes,,,barrier_free_map,沖縄県バリアフリーマップ,http://okinawa-bf-map.jp/facility-info/detail?facility_id=2550,2019-01-09,2550,トイレ出入口形状=開き戸,特徴･注意点: スロープあり。 / 備考: 正式名称 ムーンビーチ・リゾートホテル株式会社 ホテルムーンビーチ / 備考: 駐車料金 宿泊客:無料 ビーチ利用:7月~10月 有料
47,沖縄県,47308,本部町,,医療法人野毛会 もとぶ野毛病院,,,905-0212,沖縄県本部町大浜880-1,26.6574901,127.88390149999998,http://www.noge.or.jp/index.php,no,yes,,,,,no,no,no,no,no,no,,,,,,,,,,,,no,no,yes,,,barrier_free_map,沖縄県バリアフリーマップ,http://okinawa-bf-map.jp/facility-info/detail?facility_id=2551,2018-07-04,2551,緊急通報装置あり / トイレ出入口形状=スライド,備考: 駐車台数105台
47,沖縄県,47214,宮古島市,,たいら歯科クリニック,,,906-0012,沖縄県宮古島市平良西里472-2 / 平良歯科ビル,24.801960383647334,125.2858579962258,http://tairasika.com/,yes,yes,,,,,yes,no,no,no,no,no,,,,,,,,,,,,no,no,no,,,barrier_free_map,沖縄県バリアフリーマップ,http://okinawa-bf-map.jp/facility-info/detail?facility_id=2552,2019-03-07,2552,トイレ出入口形状=スライド,備考: 土曜日の午後は、17時までです。 / 備考: 駐車場収容台数10台
47,沖縄県,47205,宜野湾市,,有料老人ホームこころ,,,901-2213,沖縄県宜野湾市志真志1-14-12,26.2585991,127.7634699,http://www.kokoro-home.com/,no,yes,,,,,yes,no,no,no,no,no,,,,,,,,,,,,no,no,no,,,barrier_free_map,沖縄県バリアフリーマップ,http://okinawa-bf-map.jp/facility-info/detail?facility_id=2553,2018-12-07,2553,緊急通報装置あり / トイレ出入口形状=スライド,備考: 正式名称 有限会社こころ 介護付有料老人ホームこころ / 備考: 駐車場収容台数 50台 / トイレ備考: 小便器手すりあり。
47,沖縄県,47301,国頭村,,海邦銀行 国頭支店,,,905-1411,沖縄県国頭村辺土名130,26.7461266,128.1773684,http://www.kaiho-bank.co.jp/tenpo_detail/id=136,yes,yes,,,,,yes,no,no,no,yes,no,,,,,,,,,,,,no,no,no,,,barrier_free_map,沖縄県バリアフリーマップ,http://okinawa-bf-map.jp/facility-info/detail?facility_id=2554,2018-05-25,2554,緊急通報装置あり / トイレ出入口形状=スライド,備考: 駐車台数15台
47,沖縄県,47311,恩納村,,ふれあい体験学習センター,,,904-0411,沖縄県恩納村恩納5973,26.4937911,127.8419747,http://www.onnanavi.com/,no,yes,,,,,no,no,no,no,yes,yes,,,,,,,,,,,,no,yes,no,,,barrier_free_map,沖縄県バリアフリーマップ,http://okinawa-bf-map.jp/facility-info/detail?facility_id=2555,2023-09-04,2555,緊急通報装置あり / トイレ出入口形状=スライド,備考: ゆうなホールは特別なイベントがある時のみ開館 / 備考: 駐車台数122台
47,沖縄県,47308,本部町,,本部港旅客待合所,,,905-0225,沖縄県本部町崎本部5235,26.6392615,127.8801383,http://advectionfog.net/terminal/motobu.html,yes,yes,,,,,no,no,no,no,yes,yes,,,,,,,,,,,,no,no,no,,,barrier_free_map,沖縄県バリアフリーマップ,http://okinawa-bf-map.jp/facility-info/detail?facility_id=2556,2018-07-04,2556,緊急通報装置あり / トイレ出入口形状=スライド,備考: 駐車台数100台
47,沖縄県,47214,宮古島市,,もりお歯科,,,906-0013,沖縄県宮古島市平良下里1554-1,24.789669746542824,125.2812627374344,http://www.morio-dental.com/,yes,yes,,,,,yes,no,no,no,yes,no,,,,,,,,,,,,no,no,no,,,barrier_free_map,沖縄県バリアフリーマップ,http://okinawa-bf-map.jp/facility-info/detail?facility_id=2557,2010-05-01,2557,トイレ出入口形状=スライド,備考: 駐車場収容台数8台
47,沖縄県,47214,宮古島市,,くらはし整形外科クリニック,,,906-0012,沖縄県宮古島市平良西里782-1,24.798942160986243,125.28953905886075,http://kuraseikei.com/index.html,yes,yes,,,,,no,no,no,no,no,no,,,,,,,,,,,,no,no,no,,,barrier_free_map,沖縄県バリアフリーマップ,http://okinawa-bf-map.jp/facility-info/detail?facility_id=2558,2019-03-07,2558,緊急通報装置あり / トイレ出入口形状=スライド,備考: 駐車場収容台数30~40台
47,沖縄県,47301,国頭村,,茅打ちバンタ,,,905-1422,沖縄県国頭村宜名真,26.85286635600874,128.2573699137714,http://kunigami-kikakukanko.com/itiran/05.html,no,yes,,,,,no,no,no,no,no,no,,,,,,,,,,,,no,no,no,,,barrier_free_map,沖縄県バリアフリーマップ,http://okinawa-bf-map.jp/facility-info/detail?facility_id=2559,2018-05-28,2559,トイレ出入口形状=スライド,備考: 0980-41-2102（国頭村役場） / 備考: 駐車台数28台
47,沖縄県,47214,宮古島市,,宮古島市総合体育館,,,906-0007,沖縄県宮古島市平良東仲宗根676-1,24.80413185897811,125.29911761216432,http://www.city.miyakojima.lg.jp/soshiki/kyouiku/syougaigakusyu/sports/sougoutaiikukann1.html,yes,yes,,,,,no,no,no,no,no,no,,,,,,,,,,,,no,no,no,,,barrier_free_map,沖縄県バリアフリーマップ,http://okinawa-bf-map.jp/facility-info/detail?facility_id=2560,2020-05-13,2560,トイレ出入口形状=スライド,備考: 旧、平良市総合体育館 / 備考: 駐車場収容台数50台
47,沖縄県,47308,本部町,,ホテルマハイナウェルネスリゾートオキナワ,,,905-0205,沖縄県本部町山川1456,26.683334399132587,127.88172751097568,http://www.mahaina.co.jp/,yes,yes,,,,,yes,no,no,no,yes,yes,,,,,,,,,,,,no,yes,no,,yes,barrier_free_map,沖縄県バリアフリーマップ,http://okinawa-bf-map.jp/facility-info/detail?facility_id=2561,2023-09-12,2561,緊急通報装置あり / トイレ出入口形状=スライド,備考: フリーダイヤル番号0120-081-715 / 備考: ホテルエントランス（モーターコート）は、 屋根付きの乗降エリアあり
47,沖縄県,47205,宜野湾市,,沖縄国際大学1号館（本館）,,,901-2211,沖縄県宜野湾市宜野湾2-6-1,26.2621985,127.7537733,http://www.okiu.ac.jp,yes,yes,,,,,yes,no,yes,no,yes,no,,,,,,,,,,,,no,no,no,,,barrier_free_map,沖縄県バリアフリーマップ,http://okinawa-bf-map.jp/facility-info/detail?facility_id=2562,2010-05-01,2562,緊急通報装置あり / トイレ出入口形状=スライド,特徴･注意点: 車イス対応。 / 備考: 駐車場収容台数 2000台 駐車4台分の屋根あり。 / トイレ備考: オストメイトあり。簡易無し。
47,沖縄県,47301,国頭村,,辺土名バスターミナル,,,905-1411,沖縄県国頭村辺土名272,26.74785015204325,128.18032889881135,/,no,no,,,,,no,no,no,no,no,no,,,,,,,,,,,,yes,no,no,,,barrier_free_map,沖縄県バリアフリーマップ,http://okinawa-bf-map.jp/facility-info/detail?facility_id=2563,2018-12-03,2563,トイレ出入口形状=引戸,
47,沖縄県,47209,名護市,,安和・山入端緑地,,,,沖縄県名護市安和山入端地内,26.609899,127.9293852,/,no,yes,,,,,no,no,no,no,no,no,,,,,,,,,,,,no,no,no,,,barrier_free_map,沖縄県バリアフリーマップ,http://okinawa-bf-map.jp/facility-info/detail?facility_id=2564,2019-10-31,2564,トイレ出入口形状=スライド,備考: 駐車台数8台
47,沖縄県,47214,宮古島市,,沖縄銀行宮古支店,,,906-0013,沖縄県宮古島市平良下里600-1,24.801721055069695,125.27973560608211,http://www.okinawa-bank.co.jp/shop_atm/2014061101970/,no,no,,,,,no,no,no,no,no,no,,,,,,,,,,,,no,no,no,,,barrier_free_map,沖縄県バリアフリーマップ,http://okinawa-bf-map.jp/facility-info/detail?facility_id=2565,2018-06-26,2565,トイレ出入口形状=引戸,備考: 駐車場収容台数50台
47,沖縄県,47301,国頭村,,道の駅 ゆいゆい国頭,,,905-1412,沖縄県国頭村奥間1605,26.7319805,128.1693617,http://www.yuiyui-k.jp/,yes,yes,,,,,no,no,no,no,yes,yes,,,,,,,,,,,,no,no,yes,,yes,barrier_free_map,沖縄県バリアフリーマップ,http://okinawa-bf-map.jp/facility-info/detail?facility_id=2566,2024-05-29,2566,トイレ出入口形状=スライド,トイレ備考: 一般トイレ開口幅80cm以上あり
47,沖縄県,47209,名護市,,オアシス歯科医院,,,905-0021,沖縄県名護市東江1-25-14,26.5839003,127.9864659,/,no,no,,,,,no,no,no,no,no,no,,,,,,,,,,,,no,no,no,,,barrier_free_map,沖縄県バリアフリーマップ,http://okinawa-bf-map.jp/facility-info/detail?facility_id=2567,2010-05-01,2567,トイレ出入口形状=引戸,特徴･注意点: 入口は必要時にスロープ設置 / 備考: 駐車台数10台
47,沖縄県,47205,宜野湾市,,宜野湾市老人福祉センター,,,901-2205,沖縄県宜野湾市赤道1-5-17,26.2726006,127.7702771,http://www.city.ginowan.okinawa.jp/organization/kaigotyouzyuka/roujin.html,no,yes,,,,,no,no,no,no,no,no,,,,,,,,,,,,yes,no,no,,,barrier_free_map,沖縄県バリアフリーマップ,http://okinawa-bf-map.jp/facility-info/detail?facility_id=2568,2018-12-07,2568,緊急通報装置あり / トイレ出入口形状=スライド,備考: 正式名称 宜野湾市役所 老人福祉センター / 備考: 駐車場収容台数 50台
47,沖縄県,47308,本部町,,本部町中央公民館,,,905-0212,沖縄県本部町大浜874-1,26.6555681,127.88401539999995,http://www.town.motobu.okinawa.jp/shisetu/chuuoukouminkan,no,yes,,,,,no,no,no,no,no,no,,,,,,,,,,,,yes,no,no,,,barrier_free_map,沖縄県バリアフリーマップ,http://okinawa-bf-map.jp/facility-info/detail?facility_id=2569,2019-03-14,2569,トイレ出入口形状=ドア無し,備考: 利用の依頼がある場合は、定休日に関係なく開館しています / 備考: 駐車台数10台 / トイレ備考: 車イス用トイレはドアなし、アコーディオンカーテンあり
47,沖縄県,47214,宮古島市,,下地公園多目的広場,,,906-0305,沖縄県宮古島市下地与那覇1590,24.728412,125.281665,/,yes,yes,,,,,no,no,no,no,no,no,,,,,,,,,,,,no,no,no,,,barrier_free_map,沖縄県バリアフリーマップ,http://okinawa-bf-map.jp/facility-info/detail?facility_id=2570,2019-03-07,2570,トイレ出入口形状=スライド,特徴･注意点: 球場の中と外にトイレあり / 備考: 0980-76-6507(都市計画課で管理) / 備考: 駐車場収容台数200台
47,沖縄県,47209,名護市,,ベスト電器イオン名護店,,,905-0012,沖縄県名護市名護見取川原4472 / イオンショッピングセンター内1F,26.6098841,127.9846402,/,yes,yes,,,,,yes,no,no,no,yes,yes,,,,,,,,,,,,no,yes,yes,,,barrier_free_map,沖縄県バリアフリーマップ,http://okinawa-bf-map.jp/facility-info/detail?facility_id=2571,2015-09-10,2571,緊急通報装置あり / トイレ出入口形状=スライド,備考: 平面駐車場あり 駐車台数150台
47,沖縄県,47205,宜野湾市,,社会福祉法人喜寿会 特別養護老人ホーム 宜野湾市福寿園,,,901-2205,沖縄県宜野湾市赤道2-7-2,26.2710869,127.7723381,/,no,yes,,,,,no,no,no,no,no,no,,,,,,,,,,,,yes,no,no,,,barrier_free_map,沖縄県バリアフリーマップ,http://okinawa-bf-map.jp/facility-info/detail?facility_id=2572,2018-12-10,2572,トイレ出入口形状=スライド,備考: 正式名称 宜野湾市福祉保健部 福寿園 特別養護老人ホーム 宜野湾市福寿園 / 備考: 駐車場収容台数 100台
47,沖縄県,47209,名護市,,ノーブルクリニックやんばる,,,905-0006,沖縄県名護市宇茂佐1373,,,/,no,yes,,,,,yes,no,no,no,no,no,,,,,,,,,,,,no,no,no,,,barrier_free_map,沖縄県バリアフリーマップ,http://okinawa-bf-map.jp/facility-info/detail?facility_id=2573,2010-05-11,2573,緊急通報装置あり / トイレ出入口形状=スライド,備考: 駐車台数16台
47,沖縄県,47308,本部町,,本部町立博物館,,,905-0212,沖縄県本部町大浜874-1,26.6556958,127.8842043,http://motobu-m.town.motobu.okinawa.jp/museumworks,no,no,,,,,no,no,no,no,no,no,,,,,,,,,,,,no,no,no,,,barrier_free_map,沖縄県バリアフリーマップ,http://okinawa-bf-map.jp/facility-info/detail?facility_id=2574,2020-05-06,2574,トイレ出入口形状=開き戸,備考: 駐車台数10台
47,沖縄県,47301,国頭村,,国頭村民ふれあいセンター,,,905-1411,沖縄県国頭村辺土名112,26.744581682567862,128.17808060668085,/,no,yes,,,,,yes,no,no,no,no,no,,,,,,,,,,,,no,no,no,,,barrier_free_map,沖縄県バリアフリーマップ,http://okinawa-bf-map.jp/facility-info/detail?facility_id=2575,2020-05-06,2575,緊急通報装置あり / トイレ出入口形状=スライド,備考: 駐車台数40台
47,沖縄県,47209,名護市,,太陽の子保育園,,,905-0006,沖縄県名護市宇茂佐1249,26.600637,127.96515,/,no,no,,,,,no,no,no,no,no,no,,,,,,,,,,,,yes,no,no,,,barrier_free_map,沖縄県バリアフリーマップ,http://okinawa-bf-map.jp/facility-info/detail?facility_id=2576,2010-05-01,2576,トイレ出入口形状=引戸,特徴･注意点: 外から入口まではスロープあり 緊急時等困っている事があれば手助け可能 / 備考: 駐車台数20台 / トイレ備考: 入口段差11cm
47,沖縄県,47308,本部町,,本部町立図書館,,,905-0212,沖縄県本部町大浜874-1,26.6556958,127.8842043,http://motobu-m.town.motobu.okinawa.jp/libraryworks,no,yes,,,,,no,no,no,no,no,no,,,,,,,,,,,,yes,no,no,,,barrier_free_map,沖縄県バリアフリーマップ,http://okinawa-bf-map.jp/facility-info/detail?facility_id=2577,2020-05-06,2577,トイレ出入口形状=ドア無し,備考: 正式名称 沖縄県本部町教育委員会事務局 本部町立図書館 / 備考: 駐車台数7台 / トイレ備考: トイレのドアなし、アコーディオンカーテンあり 施錠はマグネット式
47,沖縄県,47214,宮古島市,,城辺陸上競技場,,,906-0103,沖縄県宮古島市城辺福里616,24.7554963,125.3892015,http://www.city.miyakojima.lg.jp/soshiki/kyouiku/syougaigakusyu/sports/gusukuberikujyou.html,no,no,,,,,no,no,no,no,no,no,,,,,,,,,,,,yes,no,no,,,barrier_free_map,沖縄県バリアフリーマップ,http://okinawa-bf-map.jp/facility-info/detail?facility_id=2578,2018-12-13,2578,トイレ出入口形状=引戸,備考: ※ その休日が月曜日に当たる場合は休日に当たらない直近の後日 / 備考: 駐車場収容台数100台
47,沖縄県,47209,名護市,,株式会社琉球バス交通名護営業所,,,905-0011,沖縄県名護市宮里４４４－１,26.5966318,127.9658973,/,no,no,,,,,no,no,no,no,no,no,,,,,,,,,,,,yes,no,no,,,barrier_free_map,沖縄県バリアフリーマップ,http://okinawa-bf-map.jp/facility-info/detail?facility_id=2579,2025-04-18,2579,トイレ出入口形状=開き戸,特徴･注意点: バス乗り場幅80cm以上あり / 備考: 駐車場なし / トイレ備考: 開口幅76cm 段差5cm
47,沖縄県,47209,名護市,,くまがい歯科クリニック,,,905-0006,沖縄県名護市宇茂佐1181,26.6004148,127.9638473,/,yes,yes,,,,,no,no,no,no,yes,no,,,,,,,,,,,,,no,no,,,barrier_free_map,沖縄県バリアフリーマップ,http://okinawa-bf-map.jp/facility-info/detail?facility_id=2581,2010-05-01,2581,トイレ出入口形状=引戸,特徴･注意点: クリニック内は段差なしで車イスでも利用しやすい 診察室入口80cm以上あり / トイレ備考: トイレは多目的1つのみ
47,沖縄県,47209,名護市,,こうげん歯科,,,905-0011,沖縄県名護市宮里1-1-52,26.5967181,127.971397,/,no,yes,,,,,no,no,no,no,no,no,,,,,,,,,,,,yes,no,no,,,barrier_free_map,沖縄県バリアフリーマップ,http://okinawa-bf-map.jp/facility-info/detail?facility_id=2582,2010-05-01,2582,トイレ出入口形状=開き戸,備考: 駐車台数8台 / トイレ備考: 段差2cm
47,沖縄県,47214,宮古島市,,前浜農村公園,,,906-0304,沖縄県宮古島市下地与那覇1382-8,24.729181273160442,125.27221658042596,/,yes,yes,,,,,no,no,no,no,no,no,,,,,,,,,,,,no,no,no,,,barrier_free_map,沖縄県バリアフリーマップ,http://okinawa-bf-map.jp/facility-info/detail?facility_id=2583,2019-03-07,2583,トイレ出入口形状=スライド,備考: 施設管理 農村整備課 0980-76-3204 / 備考: 駐車場収容台数50台
47,沖縄県,47209,名護市,,沖縄県北部福祉保健所,,,905-0017,沖縄県名護市大中2-13-1,26.5934217,127.9877767,/,no,yes,,,,,no,no,no,no,no,no,,,,,,,,,,,,no,no,no,,,barrier_free_map,沖縄県バリアフリーマップ,http://okinawa-bf-map.jp/facility-info/detail?facility_id=2584,2010-05-01,2584,トイレ出入口形状=スライド,備考: 駐車台数60台
47,沖縄県,47209,名護市,,カラオケハウスとまと名護店,,,905-0019,沖縄県名護市大北5-2-15,26.6043428,127.9836766,/,yes,yes,,,,,yes,no,no,no,yes,no,,,,,,,,,,,,no,no,no,,,barrier_free_map,沖縄県バリアフリーマップ,http://okinawa-bf-map.jp/facility-info/detail?facility_id=2585,2010-05-01,2585,トイレ出入口形状=スライド,備考: 駐車台数30台
47,沖縄県,47209,名護市,,北部合同庁舎,,,905-0015,沖縄県名護市大南1-13-11,26.5934658,127.9789522,/,no,yes,,,,,no,no,no,no,no,no,,,,,,,,,,,,no,no,no,,,barrier_free_map,沖縄県バリアフリーマップ,http://okinawa-bf-map.jp/facility-info/detail?facility_id=2586,2010-05-01,2586,緊急通報装置あり / トイレ出入口形状=スライド,備考: 休日連絡0980-54-0658（中央管理室） / 備考: 駐車台数36台 / トイレ備考: 1Fと5Fにバリアフリー用あり
47,沖縄県,47209,名護市,,名護市青年の家,,,905-0012,沖縄県名護市名護5511,26.5891558,127.9970817,http://www.lll-okinawa.info/shisetu/nago/index.php,no,yes,,,,,no,no,no,no,no,no,,,,,,,,,,,,no,no,no,,,barrier_free_map,沖縄県バリアフリーマップ,http://okinawa-bf-map.jp/facility-info/detail?facility_id=2587,2010-05-01,2587,緊急通報装置あり / トイレ出入口形状=スライド,備考: 駐車台数20台
47,沖縄県,47209,名護市,,名護皮ふ科,,,905-0019,沖縄県名護市大北1-34,26.6001714,127.9952314,/,yes,yes,,,,,yes,no,no,no,no,yes,,,,,,,,,,,,no,no,no,,,barrier_free_map,沖縄県バリアフリーマップ,http://okinawa-bf-map.jp/facility-info/detail?facility_id=2588,2010-05-01,2588,緊急通報装置あり / トイレ出入口形状=スライド,特徴･注意点: 緊急通報装置はトイレ横と低い位置と2個あり / 備考: 駐車台数30台
47,沖縄県,47214,宮古島市,,前浜ビーチ,,,906-0305,沖縄県宮古島市下地与那覇 前浜ビーチ,24.7349726,125.2629745,/,yes,yes,,,,,yes,no,no,no,no,no,,,,,,,,,,,,yes,yes,no,,,barrier_free_map,沖縄県バリアフリーマップ,http://okinawa-bf-map.jp/facility-info/detail?facility_id=2589,2016-02-02,2589,トイレ出入口形状=スライド,備考: シャワー、トイレ、駐車場他(0980-76-2109) / 備考: 駐車場収容台数200台以上 / トイレ備考: トイレ出入口段差1cm
47,沖縄県,47209,名護市,,久志診療所,,,905-2264,沖縄県名護市三原64-7,,,/,no,yes,,,,,yes,no,no,no,no,no,,,,,,,,,,,,no,no,no,,,barrier_free_map,沖縄県バリアフリーマップ,http://okinawa-bf-map.jp/facility-info/detail?facility_id=2590,2010-05-11,2590,緊急通報装置あり / トイレ出入口形状=スライド,
47,沖縄県,47214,宮古島市,,上野体育館,,,906-0203,沖縄県宮古島市上野宮国1746-2,24.7400418,125.3253948,http://www.city.miyakojima.lg.jp/soshiki/kyouiku/syougaigakusyu/sports/uenotaiikukann.html,yes,yes,,,,,no,no,no,no,no,no,,,,,,,,,,,,no,no,no,,,barrier_free_map,沖縄県バリアフリーマップ,http://okinawa-bf-map.jp/facility-info/detail?facility_id=2591,2018-06-26,2591,トイレ出入口形状=スライド,備考: 宮古島市役所-宮古島市総合体育館-上野体育館 / 備考: 駐車場収容台数100台
47,沖縄県,47209,名護市,,名護博物館,,,905-0021,沖縄県名護市東江1-8-11,26.5862528,127.9869408,/,no,yes,,,,,no,no,no,no,no,no,,,,,,,,,,,,yes,no,no,,,barrier_free_map,沖縄県バリアフリーマップ,http://okinawa-bf-map.jp/facility-info/detail?facility_id=2592,2020-05-06,2592,トイレ出入口形状=スライド,備考: 駐車台数15台 / トイレ備考: トイレの段差13cm
47,沖縄県,47209,名護市,,スーパーホテル沖縄・名護,,,905-0011,沖縄県名護市宮里1018,26.6044953,127.9741771,http://www.superhotel.co.jp,no,yes,,,,,yes,no,no,no,no,no,,,,,,,,,,,,no,no,no,,,barrier_free_map,沖縄県バリアフリーマップ,http://okinawa-bf-map.jp/facility-info/detail?facility_id=2593,2011-05-17,2593,緊急通報装置あり / トイレ出入口形状=スライド,備考: １名部屋のバリアフリールームが１室あります。 パブリックスペースにもトイレあります。 正式名称 株式会社スーパーホテル沖縄・名護 / 備考: 駐車台数70台
47,沖縄県,47209,名護市,,やんばる亜熱帯園,,,905-0004,沖縄県名護市中山1024-1,26.6371448,127.9598437,/,no,no,,,,,no,no,no,no,no,no,,,,,,,,,,,,no,no,no,,,barrier_free_map,沖縄県バリアフリーマップ,http://okinawa-bf-map.jp/facility-info/detail?facility_id=2594,2010-05-01,2594,トイレ出入口形状=開き戸,備考: 駐車台数100台 / トイレ備考: 入口に段差はないが小さなスロープあり
47,沖縄県,47209,名護市,,北部山里クリニック,,,905-0015,沖縄県名護市大南2-12-26,26.5941324,127.9759051,/,no,yes,,,,,yes,no,no,no,no,no,,,,,,,,,,,,no,no,no,,,barrier_free_map,沖縄県バリアフリーマップ,http://okinawa-bf-map.jp/facility-info/detail?facility_id=2595,2010-05-01,2595,緊急通報装置あり / トイレ出入口形状=スライド,備考: 駐車台数9台 / トイレ備考: 男子と障害者用トイレは兼用
47,沖縄県,47209,名護市,,名護市産業支援センター,,,905-0017,沖縄県名護市大中1-19-24 名護商工会1F,26.5907079,127.9853852,http://www.nago.or.jp/www2/sangyou_gaiyo.html,yes,yes,,,,,yes,no,yes,no,yes,no,,,,,,,,,,,,no,no,no,,,barrier_free_map,沖縄県バリアフリーマップ,http://okinawa-bf-map.jp/facility-info/detail?facility_id=2596,2020-05-05,2596,緊急通報装置あり / トイレ出入口形状=スライド,備考: 駐車台数20台
47,沖縄県,47209,名護市,,サンキマルエー名護店,,,905-0019,沖縄県名護市大北5-2-14,26.60590865940476,127.98309639615627,http://www.fi-sanki.co.jp/shop/detail.php?id=162&pref_id=0&city=&word_search=%E5%90%8D%E8%AD%B7,no,yes,,,,,no,no,no,no,yes,yes,,,,,,,,,,,,no,no,no,,,barrier_free_map,沖縄県バリアフリーマップ,http://okinawa-bf-map.jp/facility-info/detail?facility_id=2597,2018-10-09,2597,トイレ出入口形状=スライド,備考: 駐車台数100台 / トイレ備考: ベビーベッドはトイレの外にあり
47,沖縄県,47214,宮古島市,,久松漁港,,,906-0014,沖縄県宮古島市平良松原76-14,24.7839388,125.26611350000007,/,yes,yes,,,,,no,no,no,no,no,no,,,,,,,,,,,,no,no,no,,,barrier_free_map,沖縄県バリアフリーマップ,http://okinawa-bf-map.jp/facility-info/detail?facility_id=2598,2024-01-30,2598,トイレ出入口形状=スライド,備考: 0980-74-2212(宮古島市水産課) / 備考: 駐車場無し / トイレ備考: バリアフリー用のトイレ入口前に段差あり。 男性用洋式2 女性用 1
47,沖縄県,47209,名護市,,名護市立中央図書館,,,905-0011,沖縄県名護市宮里5-6-1,26.5996095,127.9706358,http://www.city.nago.okinawa.jp/library/,yes,yes,,,,,no,no,no,no,yes,no,,,,,,,,,,,,no,no,no,,,barrier_free_map,沖縄県バリアフリーマップ,http://okinawa-bf-map.jp/facility-info/detail?facility_id=2599,2018-10-09,2599,緊急通報装置あり / トイレ出入口形状=スライド,備考: ※月曜日が祝日の場合は開館し、翌火曜日は振替休館となります / 備考: 駐車台数73台 二輪車40台
47,沖縄県,47209,名護市,,たまき産婦人科,,,905-0019,沖縄県名護市大北5-3-4,26.6041539,127.9830933,/,no,yes,,,,,yes,no,no,no,no,no,,,,,,,,,,,,no,no,no,,,barrier_free_map,沖縄県バリアフリーマップ,http://okinawa-bf-map.jp/facility-info/detail?facility_id=2600,2018-10-09,2600,緊急通報装置あり / トイレ出入口形状=スライド,特徴･注意点: 外来にベビーベッドあり / 備考: 駐車台数20台
47,沖縄県,47214,宮古島市,,下地陸上競技場,,,906-0305,沖縄県宮古島市下地与那覇1581,24.7502024764636,125.26832781230317,http://www.city.miyakojima.lg.jp/soshiki/kyouiku/syougaigakusyu/sports/shimojirikujyou.html,no,no,,,,,no,no,no,no,no,no,,,,,,,,,,,,yes,no,no,,,barrier_free_map,沖縄県バリアフリーマップ,http://okinawa-bf-map.jp/facility-info/detail?facility_id=2601,2019-03-07,2601,トイレ出入口形状=引戸,備考: 0980-76-6968(下地公園体育センターで管理) / 備考: 駐車場収容台数200台
47,沖縄県,47325,嘉手納町,,サンエーV21かでな食品館,,,904-0203,沖縄県嘉手納町嘉手納463-14,26.3627506,127.754122,http://www.san-a.co.jp/store/675/,yes,yes,,,,,yes,no,no,no,yes,yes,,,,,,,,,,,,no,yes,no,,,barrier_free_map,沖縄県バリアフリーマップ,http://okinawa-bf-map.jp/facility-info/detail?facility_id=2602,2023-01-10,2602,トイレ出入口形状=開き戸,備考: 運営 株式会社サンエー / 備考: 駐車台数100台 平面駐車場もあり
47,沖縄県,47211,沖縄市,,支援センター パレット,,,904-0011,沖縄県沖縄市照屋4-3-30,26.333777,127.8166406,/,no,no,,,,,no,no,no,no,no,no,,,,,,,,,,,,no,no,no,,,barrier_free_map,沖縄県バリアフリーマップ,http://okinawa-bf-map.jp/facility-info/detail?facility_id=2605,2016-08-03,2605,トイレ出入口形状=開き戸,備考: 駐車台数8台
47,沖縄県,47211,沖縄市,,高齢者専用賃貸住宅ラ・ペジーブル泡瀬,,,904-2172,沖縄県沖縄市泡瀬4-41-1,26.3150789,127.827529,http://www.tapic.jp/contents/detail.php?page_id=9,no,yes,,,,,yes,no,no,no,no,no,,,,,,,,,,,,no,no,no,,,barrier_free_map,沖縄県バリアフリーマップ,http://okinawa-bf-map.jp/facility-info/detail?facility_id=2606,2016-08-03,2606,緊急通報装置あり / トイレ出入口形状=スライド,備考: 正式名称 医療法人 タピック 介護老人保健施設 亀の里 高齢者専用賃貸住宅ラ・ペジーブル泡瀬 / 備考: 駐車場収容台数 36台 / トイレ備考: 1フロアに16室あり、各部屋に洋式トイレがあります。
47,沖縄県,47350,南風原町,,タウンプラザかねひで南風原市場,,,901-1111,沖縄県南風原町兼城571,26.196037800000013,127.72164667301637,http://kanehideshj.com/viewshop.php?ID=23,no,yes,,,,,yes,no,no,no,no,no,,,,,,,,,,,,no,no,no,,,barrier_free_map,沖縄県バリアフリーマップ,http://okinawa-bf-map.jp/facility-info/detail?facility_id=2607,2024-04-29,2607,トイレ出入口形状=スライド,特徴･注意点: 入口インターホン横に介助を希望するお客様に対して案内がある / 備考: 正式名称 金秀商事株式会社 タウンプラザかねひで南風原店
47,沖縄県,47214,宮古島市,,ベスト電器宮古店,,,906-0012,沖縄県宮古島市平良西里937,24.794957560080356,125.2973542521149,http://www.bestdenki.ne.jp/store/%EF%BD%82%E5%AE%AE%E5%8F%A4%E5%BA%97/,yes,yes,,,,,no,no,no,no,no,no,,,,,,,,,,,,no,no,no,,,barrier_free_map,沖縄県バリアフリーマップ,http://okinawa-bf-map.jp/facility-info/detail?facility_id=2608,2018-06-26,2608,トイレ出入口形状=スライド,備考: 駐車場収容台数70台
47,沖縄県,47201,那覇市,,ステーションホテル牧志,,,902-0067,沖縄県那覇市安里1-2-25,26.2182482,127.6934025,http://www.hotel-makishi.com,no,no,,,,,yes,no,no,no,no,no,,,,,,,,,,,,no,yes,no,,,barrier_free_map,沖縄県バリアフリーマップ,http://okinawa-bf-map.jp/facility-info/detail?facility_id=2609,2015-09-10,2609,トイレ出入口形状=開き戸,備考: 正式名称 株式会社サンテック開発 ステーションホテル牧志 / 備考: 駐車場収容台数 8台
47,沖縄県,47201,那覇市,,新都心銘苅庁舎,,,900-0004,沖縄県那覇市銘苅2-3-1,26.2301332,127.6982345,/,yes,yes,,,,,no,no,no,no,yes,no,,,,,,,,,,,,no,no,yes,,,barrier_free_map,沖縄県バリアフリーマップ,http://okinawa-bf-map.jp/facility-info/detail?facility_id=2610,2010-05-24,2610,緊急通報装置あり / トイレ出入口形状=スライド,備考: 正式名称 那覇市役所新都心銘苅庁舎 / 備考: 駐車場収容台数 35台
47,沖縄県,47201,那覇市,,那覇市IT創造館,,,900-0004,沖縄県那覇市銘苅2-3-6,26.2298415,127.6977401,http://www.nabio.jp,yes,yes,,,,,no,no,yes,no,yes,no,,,,,,,,,,,,no,no,no,,,barrier_free_map,沖縄県バリアフリーマップ,http://okinawa-bf-map.jp/facility-info/detail?facility_id=2612,2020-05-07,2612,緊急通報装置あり / トイレ出入口形状=引戸,特徴･注意点: 利用時間は21:00まで。 障害者用PC 点字プリンター / 備考: 駐車場収容台数 39台
47,沖縄県,47213,うるま市,,株式会社琉球バス交通具志川営業所,,,904-2213,沖縄県うるま市田場1784,26.369454354334163,127.85965176137688,http://www.ryukyubuskotsu.jp/,no,no,,,,,no,no,no,no,no,no,,,,,,,,,,,,yes,no,no,,,barrier_free_map,沖縄県バリアフリーマップ,http://okinawa-bf-map.jp/facility-info/detail?facility_id=2613,2025-04-17,2613,トイレ出入口形状=引戸,備考: 駐車台数9台
47,沖縄県,47214,宮古島市,,池村歯科クリニック,,,906-0012,沖縄県宮古島市平良西里1018-2,24.79386921307535,125.29391082698363,http://byoinnavi.jp/clinic/147979,yes,yes,,,,,no,no,no,no,no,no,,,,,,,,,,,,no,no,no,,,barrier_free_map,沖縄県バリアフリーマップ,http://okinawa-bf-map.jp/facility-info/detail?facility_id=2614,2010-05-01,2614,緊急通報装置あり / トイレ出入口形状=開き戸,備考: 駐車場収容台数7台
47,沖縄県,47213,うるま市,,沖縄バス株式会社屋慶名出張所,,,904-2304,沖縄県うるま市与那城屋慶名467-25,26.3274412,127.9057598,http://okinawabus.com/wp/,no,no,,,,,no,no,no,no,no,no,,,,,,,,,,,,yes,no,no,,,barrier_free_map,沖縄県バリアフリーマップ,http://okinawa-bf-map.jp/facility-info/detail?facility_id=2616,2023-06-08,2616,トイレ出入口形状=引戸,備考: 駐車場は、バスのみ停車
47,沖縄県,47201,那覇市,,沖縄銀行波之上支店,,,900-0031,沖縄県那覇市若狭1-1-12,26.2182573,127.6732088,http://www.okinawa-bank.co.jp,no,no,,,,,no,no,no,yes,no,no,,,,,,,,,,,,yes,no,no,,,barrier_free_map,沖縄県バリアフリーマップ,http://okinawa-bf-map.jp/facility-info/detail?facility_id=2617,2022-06-08,2617,トイレ出入口形状=開き戸,備考: 正式名称 株式会社沖縄銀行波之上支店 / 備考: 駐車場収容台数 2台 その他は有料駐車場を利用し、銀行から利用券を貰うかたちになります。 / トイレ備考: 出入口段差が9cmある為、車イスでの使用は不可。
47,沖縄県,47214,宮古島市,,砂山ビーチ,,,906-0008,沖縄県宮古島市沖縄県宮古島平良荷川取,24.838035041279475,125.27817421534428,http://www.tabirai.net/sightseeing/column/0004998.aspx,no,no,,,,,no,no,no,yes,no,no,,,,,,,,,,,,yes,no,no,,,barrier_free_map,沖縄県バリアフリーマップ,http://okinawa-bf-map.jp/facility-info/detail?facility_id=2618,2018-06-26,2618,トイレ出入口形状=開き戸,備考: 0980-73-2690(宮古島市観光商工局観光） / 備考: 駐車場収容台数36台
47,沖縄県,47213,うるま市,,株式会社タバタホームセンタータバタ石川店,,,904-1103,沖縄県うるま市石川赤崎2-2-1,26.4339314,127.8351415,http://batabata.jp/index.html,yes,yes,,,,,no,no,no,no,yes,no,,,,,,,,,,,,no,no,no,,,barrier_free_map,沖縄県バリアフリーマップ,http://okinawa-bf-map.jp/facility-info/detail?facility_id=2619,2018-08-29,2619,緊急通報装置あり / 着替え台あり / トイレ出入口形状=スライド,備考: 駐車台数250台
47,沖縄県,47201,那覇市,,ヤマダ電機テックランド那覇本店,,,900-0006,沖縄県那覇市おもろまち2-5-33,26.226225,127.6922214,http://www.yamada-denki.jp,yes,yes,,,,,yes,no,yes,yes,no,yes,,,,,,,,,,,,no,no,yes,,no,barrier_free_map,沖縄県バリアフリーマップ,http://okinawa-bf-map.jp/facility-info/detail?facility_id=2621,2023-06-14,2621,トイレ出入口形状=スライド,特徴･注意点: 授乳室と救護室は兼用で対応します。 / 備考: 正式名称 株式会社ヤマダ電機テックランド那覇本店 / 備考: 駐車場収容台数 300台
47,沖縄県,47214,宮古島市,,ふれあいの里,,,906-0006,沖縄県宮古島市平良西仲宗根1327-1,24.8138092,125.3046126,/,yes,yes,,,,,yes,no,no,no,no,no,,,,,,,,,,,,no,no,no,,,barrier_free_map,沖縄県バリアフリーマップ,http://okinawa-bf-map.jp/facility-info/detail?facility_id=2622,2018-12-14,2622,トイレ出入口形状=スライド,備考: 駐車場収容台数14台
47,沖縄県,47201,那覇市,,ホテルルートイン那覇,,,900-0036,沖縄県那覇市西2-25-12,26.2142509,127.6677991,http://www.route-inn.co.jp,no,yes,,,,,yes,no,no,no,no,no,,,,,,,,,,,,yes,no,no,,,barrier_free_map,沖縄県バリアフリーマップ,http://okinawa-bf-map.jp/facility-info/detail?facility_id=2623,2015-09-10,2623,緊急通報装置あり / トイレ出入口形状=スライド,備考: 正式名称 ルートインホテルズ ホテルルートイン那覇 携帯電話ホームページwww.route-inn.co.jp/i/ / 備考: 駐車場収容台数 49台 立体駐車場屋根あり。
47,沖縄県,47214,宮古島市,,沖縄県立宮古厚生園,,,906-0006,沖縄県宮古島市平良西仲宗根745-7,24.815812212492112,125.29432028227849,http://www.okinawa-j.jp/miyako_kouseien,yes,yes,,,,,yes,no,no,no,no,no,,,,,,,,,,,,no,no,no,,,barrier_free_map,沖縄県バリアフリーマップ,http://okinawa-bf-map.jp/facility-info/detail?facility_id=2625,2010-05-01,2625,緊急通報装置あり / トイレ出入口形状=引戸,備考: 駐車場収容台数100台
47,沖縄県,47213,うるま市,,トヨタカローラ沖縄株式会社中部店,,,904-2244,沖縄県うるま市江洲550番地1,26.350773870775942,127.82973545158997,http://corollaokinawa.jp/tyuubu,yes,yes,,,,,yes,no,no,no,yes,yes,,,,,,,,,,,,no,no,no,,,barrier_free_map,沖縄県バリアフリーマップ,http://okinawa-bf-map.jp/facility-info/detail?facility_id=2626,2020-01-30,2626,緊急通報装置あり / 着替え台あり / トイレ出入口形状=スライド,備考: 駐車場収容台数 15台
47,沖縄県,47214,宮古島市,,西平安名崎（風の公園）,,,906-0002,沖縄県宮古島市平良狩俣,24.8048317,125.2787405,/,no,yes,,,,,no,no,no,no,no,no,,,,,,,,,,,,no,no,no,,,barrier_free_map,沖縄県バリアフリーマップ,http://okinawa-bf-map.jp/facility-info/detail?facility_id=2627,2019-10-31,2627,緊急通報装置あり / トイレ出入口形状=スライド,備考: 駐車場収容台数16台
47,沖縄県,47201,那覇市,,ホテル国際プラザ,,,900-0014,沖縄県那覇市松尾1-4-10,,,http://www.kokusai-plaza.jp,no,no,,,,,yes,no,no,no,no,no,,,,,,,,,,,,yes,yes,no,,,barrier_free_map,沖縄県バリアフリーマップ,http://okinawa-bf-map.jp/facility-info/detail?facility_id=2628,2015-09-10,2628,トイレ出入口形状=開き戸,特徴･注意点: 飲食店は2階にあります。 / 備考: 駐車場収容台数 40台 屋外の契約駐車場またはホテル地下に駐車場あり。 妊婦優先表示はないが、事前連絡頂ければ手配致します。 / トイレ備考: 多目的トイレ無し。客室トイレを調査しました。 トイレ出入口段差24cm。
47,沖縄県,47214,宮古島市,,デイサービスまごころ,,,906-0002,沖縄県宮古島市平良狩俣1674,24.894733,125.277113,/,yes,yes,,,,,no,no,no,no,no,no,,,,,,,,,,,,no,no,no,,,barrier_free_map,沖縄県バリアフリーマップ,http://okinawa-bf-map.jp/facility-info/detail?facility_id=2629,2010-05-01,2629,緊急通報装置あり / トイレ出入口形状=ドア無し,備考: 駐車場収容台数30台
47,沖縄県,47362,八重瀬町,,タウンプラザかねひで 東風平市場,,,901-0405,沖縄県八重瀬町伊覇246-2,26.1607637,127.72182020000002,http://kanehideshj.com/viewshop.php?ID=12,yes,yes,,,,,yes,no,no,no,yes,yes,,,,,,,,,,,,yes,no,no,,,barrier_free_map,沖縄県バリアフリーマップ,http://okinawa-bf-map.jp/facility-info/detail?facility_id=2630,2024-04-29,2630,緊急通報装置あり / トイレ出入口形状=スライド,備考: 正式名称 金秀商事株式会社 タウンプラザかねひで東風平店
47,沖縄県,47214,宮古島市,,健康ふれあいランド公園,,,906-0002,沖縄県宮古島市平良狩俣２５１１−１,24.879230092330445,125.27541458783574,http://nippon1000parks.blogspot.jp/2013/01/2401000.html,no,yes,,,,,no,no,no,no,no,no,,,,,,,,,,,,yes,no,no,,,barrier_free_map,沖縄県バリアフリーマップ,http://okinawa-bf-map.jp/facility-info/detail?facility_id=2631,2018-12-14,2631,トイレ出入口形状=スライド,備考: 0980-76-2194 (農林水産部 むらづくり課) / 備考: 駐車場収容台数18台
47,沖縄県,47201,那覇市,,ホテルパームロイヤルNAHA 国際通り,,,900-0013,沖縄県那覇市牧志3-9-10,26.2164511,127.689928,http://www.palmroyal.co.jp,yes,yes,,,,,yes,no,no,no,yes,no,,,,,,,,,,,,no,yes,no,,no,barrier_free_map,沖縄県バリアフリーマップ,http://okinawa-bf-map.jp/facility-info/detail?facility_id=2632,2022-02-28,2632,緊急通報装置あり / トイレ出入口形状=引戸,特徴･注意点: 障害者の方が宿泊の際、移動が困難であればスタッフが朝食を部屋までお持ちします。 / 備考: ・正式名称 ホテルパームロイヤルNAHA国際通り ・車いす対応客室あり（ドア：開き戸、部屋の入口：段差なし、部屋の通路：車いす通行可能、バスルーム：入口段差なし・入口幅80cm以上、トイレ：手すりあり・車いすで入れる） / 備考: 駐車場収容台数 70台 契約駐車場の為、有料になります。 屋根の有無 契約駐車場による
47,沖縄県,47201,那覇市,,ホテルロコイン沖縄,,,900-0032,沖縄県那覇市松山1-27-11,26.2202532,127.6781841,http://www.rocoinn.co.jp,yes,yes,,,,,no,no,no,no,no,no,,,,,,,,,,,,no,no,no,,,barrier_free_map,沖縄県バリアフリーマップ,http://okinawa-bf-map.jp/facility-info/detail?facility_id=2633,2018-12-25,2633,緊急通報装置あり / トイレ出入口形状=開き戸,備考: 駐車場収容台数 55台 車いす専用に事前連絡があれば確保可能 / トイレ備考: トイレ入口90cm
47,沖縄県,47214,宮古島市,,高野漁港,,,906-0000,沖縄県宮古島市平良,24.79951337850404,125.32728825396727,/,no,yes,,,,,no,no,no,no,no,no,,,,,,,,,,,,no,no,no,,,barrier_free_map,沖縄県バリアフリーマップ,http://okinawa-bf-map.jp/facility-info/detail?facility_id=2634,2018-12-14,2634,トイレ出入口形状=スライド,備考: 0980-72-2029（宮古島漁業協同組合） / 備考: 駐車場収容台数20台
47,沖縄県,47209,名護市,,タウンプラザかねひで 名護大北店,,,905-0019,沖縄県名護市大北3-2-78,26.601057499999992,127.99678119999999,http://kanehideshj.com/viewshop.php?ID=34,no,yes,,,,,yes,no,no,no,no,no,,,,,,,,,,,,no,no,no,,,barrier_free_map,沖縄県バリアフリーマップ,http://okinawa-bf-map.jp/facility-info/detail?facility_id=2635,2024-03-22,2635,トイレ出入口形状=スライド,備考: 正式名称 金秀商事株式会社 タウンプラザかねひで名護大北店 / 備考: 駐車台数50台
47,沖縄県,47214,宮古島市,,フィフスポイント,,,906-0202,沖縄県宮古島市上野新里1405-225,24.7236899,125.3214732,/,no,no,,,,,yes,no,no,no,no,no,,,,,,,,,,,,yes,yes,no,,,barrier_free_map,沖縄県バリアフリーマップ,http://okinawa-bf-map.jp/facility-info/detail?facility_id=2636,2010-05-01,2636,トイレ出入口形状=スライド,備考: 駐車場収容台数15台
47,沖縄県,47214,宮古島市,,宮古島市立下地保育所,,,906-0303,沖縄県宮古島市下地洲鎌309-4,24.74701002026018,125.28385329762273,http://www.city.miyakojima.lg.jp/kurashi/shisetsu/koukyo/hoiku_shimoji.html,no,yes,,,,,yes,no,no,no,no,no,,,,,,,,,,,,yes,no,no,,,barrier_free_map,沖縄県バリアフリーマップ,http://okinawa-bf-map.jp/facility-info/detail?facility_id=2637,2010-05-01,2637,トイレ出入口形状=ドア無し,備考: 駐車場収容台数22台 / トイレ備考: トイレ出入口はカーテン
47,沖縄県,47350,南風原町,,イオン南風原ショッピングセンター,,,901-1104,沖縄県南風原町宮平264,26.2008765,127.7374833,http://www.aeon-ryukyu.jp/store/aeon/haebaru/,no,yes,,,,,yes,no,no,no,no,no,,,,,,,,,,,,no,yes,yes,,no,barrier_free_map,沖縄県バリアフリーマップ,http://okinawa-bf-map.jp/facility-info/detail?facility_id=2638,2022-05-17,2638,緊急通報装置あり / トイレ出入口形状=スライド,備考: 運営 琉球ジャスコ株式会社 / 備考: 駐車台数200台
47,沖縄県,47214,宮古島市,,琉球の風屋台村,,,906-0203,沖縄県宮古島市上野宮国761-1,24.717306155293656,125.32515774603267,http://www.nanseirakuen.com/restaurants/yatai.html,yes,yes,,,,,yes,no,no,no,no,no,,,,,,,,,,,,no,no,no,,,barrier_free_map,沖縄県バリアフリーマップ,http://okinawa-bf-map.jp/facility-info/detail?facility_id=2639,2018-12-14,2639,トイレ出入口形状=スライド,特徴･注意点: 車イス、ベビーカーは隣接するホテルからの借用も可 / 備考: 駐車場収容台数70台
47,沖縄県,47201,那覇市,,ホテル グランビュー沖縄,,,901-0154,沖縄県那覇市赤嶺2-3-2,26.192749603275608,127.66020143928677,http://www.granview.co.jp,yes,yes,,,,,yes,no,no,no,yes,yes,,,,,,,,,,,,no,no,no,,,barrier_free_map,沖縄県バリアフリーマップ,http://okinawa-bf-map.jp/facility-info/detail?facility_id=2640,2015-09-10,2640,トイレ出入口形状=引戸,備考: 正式名称 ビューホテルグループ 日本ビューホテル株式会社 ホテル グランビュー沖縄 / 備考: 駐車場収容台数 26台 地下駐車場18台・第二駐車場8台
47,沖縄県,47201,那覇市,,沖縄ホテル,,,902-0066,沖縄県那覇市大道35,26.2182235,127.7000965,http://www.okinawahotel.co.jp,no,yes,,,,,no,no,no,no,no,no,,,,,,,,,,,,yes,no,no,,,barrier_free_map,沖縄県バリアフリーマップ,http://okinawa-bf-map.jp/facility-info/detail?facility_id=2641,2015-09-10,2641,緊急通報装置あり / トイレ出入口形状=スライド,特徴･注意点: 館内にスロープあり。 / 備考: 正式名称 有限会社沖縄ホテル / 備考: 駐車場収容台数 30台 / トイレ備考: 洋式個数は客室のみ。
47,沖縄県,47201,那覇市,,おきなわ屋本店,,,900-0013,沖縄県那覇市牧志1-2-31 / ハイサイおきなわビル,26.215573,127.6851725,http://www.okinawaya.co.jp/index.jsp,no,no,,,,,no,no,no,,no,no,,,,,,,,,,,,no,no,no,,,barrier_free_map,沖縄県バリアフリーマップ,http://okinawa-bf-map.jp/facility-info/detail?facility_id=2642,2022-08-22,2642,,"備考: おきなわ屋本店にて￥2,000以上お買い上げで１時間無料、￥5,000以上で２時間無料 / トイレ備考: トイレ無し"
47,沖縄県,47201,那覇市,,守礼堂 久茂地店,,,900-0015,沖縄県那覇市久茂地3-4-20,26.2146372,127.6827453,http://shureido.jp/,no,no,,,,,no,no,no,no,no,no,,,,,,,,,,,,no,no,no,,,barrier_free_map,沖縄県バリアフリーマップ,http://okinawa-bf-map.jp/facility-info/detail?facility_id=2643,2024-01-26,2643,,備考: 駐車場無し / トイレ備考: トイレ無し
47,沖縄県,47201,那覇市,,守礼堂 本店,,,900-0015,沖縄県那覇市久茂地3-2-17,26.2142567,127.6817454,/,no,no,,,,,no,no,no,no,no,no,,,,,,,,,,,,,no,no,,,barrier_free_map,沖縄県バリアフリーマップ,http://okinawa-bf-map.jp/facility-info/detail?facility_id=2644,2015-09-10,2644,,備考: 駐車場無し / トイレ備考: トイレ無し
47,沖縄県,47209,名護市,,カヌチャベイホテル＆ヴィラズ,,,905-2263,沖縄県名護市安部156-2,26.5481892,128.0788655,http://www.kanucha.jp,no,yes,,,,,yes,no,no,no,yes,no,,,,,,,,,,,,no,yes,no,,,barrier_free_map,沖縄県バリアフリーマップ,http://okinawa-bf-map.jp/facility-info/detail?facility_id=2645,2018-10-09,2645,トイレ出入口形状=スライド,備考: ・正式名称 株式会社白石 沖縄カヌチャリゾート カヌチャベイホテル＆ヴィラズ ・車いす対応客室あり（ドア：開き戸、部屋の入口：段差なし、部屋の通路：車いす通行可能、バスルーム：入口段差なし・入口幅80cm以上、トイレ：手すりあり・車いすで入れる） / 備考: 駐車場収容台数 200台
47,沖縄県,47201,那覇市,,那覇市伝統工芸館,,,900-0013,沖縄県那覇市牧志3-2-10,26.2161205,127.689353,http://kogeikan.jp/,yes,yes,,,,,yes,no,no,no,yes,yes,,,,,,,,,,,,no,no,no,,,barrier_free_map,沖縄県バリアフリーマップ,http://okinawa-bf-map.jp/facility-info/detail?facility_id=2646,2023-03-31,2646,緊急通報装置あり / トイレ出入口形状=スライド,備考: 駐車台数80台 / トイレ備考: ベビーチェアーは洋式にあり
47,沖縄県,47208,浦添市,,てだこホール 生涯学習棟,,,901-2103,沖縄県浦添市仲間1-9-3,26.2501132,127.7205763,http://www.tedakohall.jp,yes,yes,,,,,yes,yes,yes,no,yes,yes,,,,,,,,,,,,no,no,yes,,,barrier_free_map,沖縄県バリアフリーマップ,http://okinawa-bf-map.jp/facility-info/detail?facility_id=2647,2020-05-06,2647,緊急通報装置あり / 着替え台あり / トイレ出入口形状=自動ドア,備考: 正式名称 浦添市てだこホール生涯学習棟 / 備考: 駐車場収容台数 830台（てだこホール共用駐車場）
47,沖縄県,47214,宮古島市,,原皮フ科,,,906-0304,沖縄県宮古島市下地上地430-4,24.747971200202333,125.27502812432861,http://www.hara-hifuka.jp/,yes,yes,,,,,no,no,no,no,no,no,,,,,,,,,,,,no,no,no,,,barrier_free_map,沖縄県バリアフリーマップ,http://okinawa-bf-map.jp/facility-info/detail?facility_id=2648,2024-04-22,2648,緊急通報装置あり / トイレ出入口形状=スライド,備考: 駐車場収容台数12台
47,沖縄県,47201,那覇市,,株式会社マリン観光開発,,,900-0012,沖縄県那覇市泊3-14-1,26.2265081,127.683572,http://www.marinnetwork.co.jp,no,no,,,,,no,no,no,no,no,no,,,,,,,,,,,,yes,no,no,,,barrier_free_map,沖縄県バリアフリーマップ,http://okinawa-bf-map.jp/facility-info/detail?facility_id=2649,2010-05-01,2649,トイレ出入口形状=引戸,備考: 駐車台数7台
47,沖縄県,47208,浦添市,,てだこホール 小ホール棟,,,901-2103,沖縄県浦添市仲間1-9-3,26.2501132,127.7205763,http://www.tedakohall.jp,yes,yes,,,,,yes,no,no,no,yes,no,,,,,,,,,,,,no,no,yes,,,barrier_free_map,沖縄県バリアフリーマップ,http://okinawa-bf-map.jp/facility-info/detail?facility_id=2650,2020-05-06,2650,緊急通報装置あり / トイレ出入口形状=引戸,備考: 正式名称 浦添市てだこホール小ホール棟 / 備考: 駐車場収容台数 830台（てだこホール駐車場と共用）
47,沖縄県,47208,浦添市,,てだこホール 大ホール棟,,,901-2103,沖縄県浦添市仲間1-9-3,26.2501132,127.7205763,http://www.tedakohall.jp,yes,yes,,,,,yes,no,no,no,yes,yes,,,,,,,,,,,,yes,no,yes,,,barrier_free_map,沖縄県バリアフリーマップ,http://okinawa-bf-map.jp/facility-info/detail?facility_id=2651,2020-05-06,2651,緊急通報装置あり / トイレ出入口形状=引戸,備考: 駐車台数830台（共用） 身体障がい者用駐車場から店内までの距離 50~60m / トイレ備考: 男子:和式1個 洋式1個 小便器7個 女子:和式1個 洋式6個
47,沖縄県,47201,那覇市,,沖縄銀行高橋支店,,,900-0016,沖縄県那覇市前島2-21-1,26.2236223,127.6845083,http://www.okinawa-bank.co.jp,no,no,,,,,no,no,no,yes,no,yes,,,,,,,,,,,,yes,no,no,,,barrier_free_map,沖縄県バリアフリーマップ,http://okinawa-bf-map.jp/facility-info/detail?facility_id=2652,2010-05-01,2652,トイレ出入口形状=開き戸,備考: 正式名称 株式会社沖縄銀行高橋支店 / 備考: 駐車場収容台数 9台
47,沖縄県,47214,宮古島市,,宮古島東急ホテル＆リゾーツ,,,906-0305,沖縄県宮古島市下地与那覇914,24.740225,125.261944,http://www.tokyuhotels.co.jp/miyakojima-h/,no,no,,,,,yes,no,no,no,yes,no,,,,,,,,,,,,no,yes,no,,,barrier_free_map,沖縄県バリアフリーマップ,http://okinawa-bf-map.jp/facility-info/detail?facility_id=2653,2024-03-05,2653,トイレ出入口形状=開き戸,備考: ユニバーサルルーム2室 / トイレ備考: ・ビーチ側にスライドドアのトイレあり。（ドアは76㎝です） ・一般トイレ開口幅80cm以上あり
47,沖縄県,47214,宮古島市,,宮古島市 下地支所,,,906-0304,沖縄県宮古島市下地上地472-39,24.7490138,125.2752793,http://www.city.miyakojima.lg.jp/soshiki/shityo/seikatukankyou/shimoji/,yes,yes,,,,,no,no,no,yes,yes,no,,,,,,,,,,,,no,no,yes,,,barrier_free_map,沖縄県バリアフリーマップ,http://okinawa-bf-map.jp/facility-info/detail?facility_id=2654,2018-06-27,2654,緊急通報装置あり / トイレ出入口形状=スライド,備考: 駐車場収容台数134台
47,沖縄県,47201,那覇市,,那覇OPA,,,900-0014,沖縄県那覇市松尾2-8-19,26.2158205,127.6878171,http://www.opa-club.com,no,no,,,,,no,no,no,no,yes,yes,,,,,,,,,,,,yes,no,no,,,barrier_free_map,沖縄県バリアフリーマップ,http://okinawa-bf-map.jp/facility-info/detail?facility_id=2656,2010-05-08,2656,トイレ出入口形状=開き戸,特徴･注意点: 3階に女性専用トイレがあり、他階トイレよりも広め。 / 備考: 正式名称 株式会社OPA 那覇OPA / 備考: 駐車場無し。
47,沖縄県,47214,宮古島市,,下地診療所,,,906-0304,沖縄県宮古島市下地上地634-1,24.74962011407175,125.28058944072268,http://www.shimoji-cl.com/,yes,yes,,,,,yes,no,no,no,no,no,,,,,,,,,,,,no,no,no,,,barrier_free_map,沖縄県バリアフリーマップ,http://okinawa-bf-map.jp/facility-info/detail?facility_id=2657,2018-06-27,2657,緊急通報装置あり / トイレ出入口形状=スライド,備考: 駐車場収容台数25台 / トイレ備考: トイレの中にシャワーあり
47,沖縄県,47201,那覇市,,社会福祉法人沖縄偕生会 養護・特別養護老人ホーム首里偕生園,,,903-0804,沖縄県那覇市首里石嶺町4-389,26.2320569,127.7343095,http://www.kaiseikai.org/,no,yes,,,,,no,no,no,no,no,no,,,,,,,,,,,,no,no,no,,,barrier_free_map,沖縄県バリアフリーマップ,http://okinawa-bf-map.jp/facility-info/detail?facility_id=2658,2010-05-01,2658,緊急通報装置あり / トイレ出入口形状=スライド,備考: 総合フリーダイヤル0120-932-640 / 備考: 駐車場収容台数 約20台
47,沖縄県,47214,宮古島市,,宮古島市下地保健福祉センター,,,906-0304,沖縄県宮古島市下地上地505,24.74981378844107,125.27718019682003,http://www.city.miyakojima.lg.jp/kurashi/shisetsu/koukyo/shisetu29.html,yes,yes,,,,,yes,no,no,no,no,no,,,,,,,,,,,,no,no,no,,,barrier_free_map,沖縄県バリアフリーマップ,http://okinawa-bf-map.jp/facility-info/detail?facility_id=2659,2018-12-14,2659,緊急通報装置あり / トイレ出入口形状=スライド,備考: 駐車場収容台数20台
47,沖縄県,47214,宮古島市,,宮古島市立上野保育所,,,906-0202,沖縄県宮古島市上野新里506,24.742293009199837,125.33114759800877,/,no,no,,,,,no,no,no,no,no,no,,,,,,,,,,,,yes,yes,no,,,barrier_free_map,沖縄県バリアフリーマップ,http://okinawa-bf-map.jp/facility-info/detail?facility_id=2660,2018-12-14,2660,トイレ出入口形状=開き戸,備考: 駐車場収容台数30台
47,沖縄県,47214,宮古島市,,下地児童館,,,906-0304,沖縄県宮古島市下地上地628-1,24.749064,125.2819734,/,yes,yes,,,,,,no,no,no,no,no,,,,,,,,,,,,no,no,no,,,barrier_free_map,沖縄県バリアフリーマップ,http://okinawa-bf-map.jp/facility-info/detail?facility_id=2662,2019-03-04,2662,トイレ出入口形状=スライド,特徴･注意点: 12時～13時まではお昼休憩になります。 / 備考: 宮古島市役所-福祉保健部-児童家庭課-下地児童館 / 備考: 駐車場無し 農村改善センターの駐車場を利用 / トイレ備考: 車いす専用トイレは平成4年に建ててから一度も利用がないので水が出ない(硬直しているかもしれない）
47,沖縄県,47209,名護市,,JAファーマーズマーケットやんばる,,,905-0011,沖縄県名護市宮里4-6-37,26.6002816,127.9691609,http://www.ja-okinawa.or.jp/farmersmarket/detail.php?id=472,no,yes,,,,,yes,no,no,no,no,no,,,,,,,,,,,,no,no,no,,,barrier_free_map,沖縄県バリアフリーマップ,http://okinawa-bf-map.jp/facility-info/detail?facility_id=2663,2018-05-03,2663,トイレ出入口形状=スライド,備考: 正式名称 沖縄県農業協同組合 JAファーマーズマーケットやんばる はい菜！やんばる市場 / 備考: 駐車場収容台数 130台
47,沖縄県,47214,宮古島市,,宮古島市立下地公民館,,,906-0304,沖縄県宮古島市下地上地628-1,24.749156562195314,125.28158716190185,http://www.city.miyakojima.lg.jp/kurashi/shisetsu/koukyo/shisetu19.html,no,no,,,,,no,no,no,no,no,no,,,,,,,,,,,,yes,no,no,,,barrier_free_map,沖縄県バリアフリーマップ,http://okinawa-bf-map.jp/facility-info/detail?facility_id=2664,2010-05-01,2664,トイレ出入口形状=引戸,備考: 駐車場収容台数8台
47,沖縄県,47214,宮古島市,,川満漁港（ウプカーマングロープ）,,,906-0301,沖縄県宮古島市下地川満７７,24.76222569746181,125.28333810978701,http://miyakojima.net/miyako/kankou/kawamitu-mangrobu.html,yes,yes,,,,,no,no,no,no,no,no,,,,,,,,,,,,no,no,no,,,barrier_free_map,沖縄県バリアフリーマップ,http://okinawa-bf-map.jp/facility-info/detail?facility_id=2665,2018-06-27,2665,トイレ出入口形状=スライド,特徴･注意点: 女性用トイレと車いす用トイレが兼用 川満漁港の東側駐車場からウプカーマングロープへ行ける / 備考: 0980-74-2212（水産課） / 備考: 駐車場収容台数150台 野球場となり15台、漁港125台
47,沖縄県,47214,宮古島市,,特別養護老人ホームしもじ長生園,,,906-0302,沖縄県宮古島市下地嘉手苅660-2,24.73862175237958,125.31052113121336,http://tyouseien.com/,yes,yes,,,,,no,no,no,no,no,no,,,,,,,,,,,,no,no,no,,,barrier_free_map,沖縄県バリアフリーマップ,http://okinawa-bf-map.jp/facility-info/detail?facility_id=2666,2010-05-01,2666,緊急通報装置あり / トイレ出入口形状=ドア無し,備考: 駐車場収容台数70台 / トイレ備考: トイレ出入口はカーテン
47,沖縄県,47214,宮古島市,,介護老人保健施設シルバーケア悠悠,,,906-0302,沖縄県宮古島市下地嘉手苅660-1,24.7385661,125.3107738,http://www.yu-yu.net/index.html,yes,yes,,,,,no,no,no,no,no,no,,,,,,,,,,,,no,yes,no,,,barrier_free_map,沖縄県バリアフリーマップ,http://okinawa-bf-map.jp/facility-info/detail?facility_id=2667,2018-06-27,2667,緊急通報装置あり / トイレ出入口形状=ドア無し,備考: 駐車場収容台数40台 / トイレ備考: トイレ出入口はカーテン
47,沖縄県,47325,嘉手納町,,嘉手納町中央公民館,,,904-0203,沖縄県嘉手納町嘉手納290-9 / ロータリープラザ2階,26.3637533,127.755433,http://www.town.kadena.okinawa.jp/facility/shi64.html,yes,yes,,,,,yes,no,yes,no,no,yes,,,,,,,,,,,,no,no,yes,,,barrier_free_map,沖縄県バリアフリーマップ,http://okinawa-bf-map.jp/facility-info/detail?facility_id=2668,2020-05-06,2668,緊急通報装置あり / トイレ出入口形状=スライド,備考: 正式名称 嘉手納町教育委員会 嘉手納町中央公民館 / 備考: 駐車場収容台数 50台以上（地下駐車場あり） 近隣の防衛施設局前に身障者用駐車場数台あり。
47,沖縄県,47209,名護市,,ホテルリゾネックス名護,,,905-0008,沖縄県名護市山入端247-1,26.6034581,127.9362378,http://www.resonex.jp,no,no,,,,,no,no,no,no,no,no,,,,,,,,,,,,yes,no,no,,,barrier_free_map,沖縄県バリアフリーマップ,http://okinawa-bf-map.jp/facility-info/detail?facility_id=2669,2019-02-18,2669,トイレ出入口形状=引戸,備考: 東館に車いす対応客室１室あり。（トイレ、浴槽付き）。基本的に２～３名の部屋ですが、相談に応じて最大４名まで可能です。大浴場は、本館にあります。 / 備考: 駐車場収容台数 168台
47,沖縄県,47214,宮古島市,,医療法人鳥伝白川会 ドクターゴン診療所,,,906-0203,沖縄県宮古島市上野字宮国746-17,24.71913561500491,125.32019424907378,http://www.drgon.net/drgon/,yes,yes,,,,,no,no,no,no,no,no,,,,,,,,,,,,no,no,no,,,barrier_free_map,沖縄県バリアフリーマップ,http://okinawa-bf-map.jp/facility-info/detail?facility_id=2670,2018-06-27,2670,緊急通報装置あり / トイレ出入口形状=スライド,備考: 駐車場収容台数10台
47,沖縄県,47209,名護市,,ちゅら海クリニック,,,905-0006,沖縄県名護市宇茂佐1710-25,26.6087363,127.9658108,http://hokubuishikai.com/churaumi/,no,yes,,,,,yes,no,no,no,no,no,,,,,,,,,,,,no,no,no,,,barrier_free_map,沖縄県バリアフリーマップ,http://okinawa-bf-map.jp/facility-info/detail?facility_id=2671,2018-10-10,2671,緊急通報装置あり / トイレ出入口形状=スライド,備考: 正式名称 公益社団法人北部地区医師会 ちゅら海クリニック / 備考: 駐車場収容台数 50台
47,沖縄県,47214,宮古島市,,博愛漁港,,,906-0203,沖縄県宮古島市上野宮国904-1,24.7186099,125.3291673,/,no,no,,,,,no,no,no,no,no,no,,,,,,,,,,,,yes,no,no,,,barrier_free_map,沖縄県バリアフリーマップ,http://okinawa-bf-map.jp/facility-info/detail?facility_id=2672,2010-05-01,2672,トイレ出入口形状=開き戸,備考: 0980-76-6336（シースカイ博愛）ドイツ文化村が管理 / 備考: 駐車場無し
47,沖縄県,47209,名護市,,OKINAWAフルーツらんど,,,905-0005,沖縄県名護市為又1220-71,26.6174024,127.9692687,http://www.okinawa-fruitsland.com,no,yes,,,,,yes,no,no,no,no,no,,,,,,,,,,,,no,yes,no,,,barrier_free_map,沖縄県バリアフリーマップ,http://okinawa-bf-map.jp/facility-info/detail?facility_id=2673,2018-10-10,2673,トイレ出入口形状=スライド,特徴･注意点: 盲導犬・介助犬につきましては同伴頂けますが、バードゾーンのみ上記事由によりお断りさせて頂きます。 / 備考: 正式名称 沖縄フルーツランド株式会社 トロピカル王国OKINAWAフルーツらんど / 備考: 駐車場収容台数 130台
47,沖縄県,47214,宮古島市,,宮古島市地下ダム資料館,,,906-0103,沖縄県宮古島市城辺福里1645-8,24.7393724,125.3945311,http://www.city.miyakojima.lg.jp/kanko/annai/sisetsu.html#4,yes,yes,,,,,no,no,no,no,yes,no,,,,,,,,,,,,no,no,no,,,barrier_free_map,沖縄県バリアフリーマップ,http://okinawa-bf-map.jp/facility-info/detail?facility_id=2674,2018-06-27,2674,トイレ出入口形状=スライド,特徴･注意点: ダムの説明で英語のDVDあり / 備考: 宮古島市役所-経済部-農村総合整備課-宮古島市地下ダム資料館 / 備考: 駐車場無し / トイレ備考: トイレ出入口83cm
47,沖縄県,47375,多良間村,,夢パティオたらま,,,906-0601,沖縄県多良間村塩川18,24.6718019,124.7070979,http://www.vill.tarama.okinawa.jp/?p=202,,yes,,,,,yes,no,no,,no,no,,,,,,,,,,,,,no,no,,,barrier_free_map,沖縄県バリアフリーマップ,http://okinawa-bf-map.jp/facility-info/detail?facility_id=2675,2020-05-07,2675,トイレ出入口形状=スライド,特徴･注意点: コテージ4棟のうち車いす対応客室は2棟 / 備考: 車いす対応客室あり（ドア：スライド、部屋の入口：段差なし、部屋の通路：車いす通行可能、バスルーム：入口段差なし・入口幅80cm以上、トイレ：手すりあり・車いすで入れる） / 備考: 駐車場収容台数18台
47,沖縄県,47324,読谷村,,沖縄ワタベウエディング株式会社 アクアグレイス・チャペル,,,904-0328,沖縄県読谷村宇座675,26.4337291,127.7175777,http://www.okinawa-watabewedding.co.jp/chapel/aquagrace/,yes,yes,,,,,yes,no,no,no,yes,yes,,,,,,,,,,,,no,no,yes,,no,barrier_free_map,沖縄県バリアフリーマップ,http://okinawa-bf-map.jp/facility-info/detail?facility_id=2676,2023-11-17,2676,緊急通報装置あり / トイレ出入口形状=スライド,特徴･注意点: 設備は整っている 車いす用トイレも広く、車イスで利用しやすい チャペルにも車イスで行けるスロープがある / 備考: 駐車場収容台数6台
47,沖縄県,47201,那覇市,,那覇港泊ふ頭地区北岸,,,900-0012,沖縄県那覇市泊3-1-6,26.2263387,127.6827971,/,no,yes,,,,,no,no,no,no,no,no,,,,,,,,,,,,no,no,no,,,barrier_free_map,沖縄県バリアフリーマップ,http://okinawa-bf-map.jp/facility-info/detail?facility_id=2677,2010-05-08,2677,緊急通報装置あり / トイレ出入口形状=引戸,備考: 駐車場収容台数50台
47,沖縄県,47201,那覇市,,沖縄県立武道館,,,900-0026,沖縄県那覇市奥武山52,26.2046631,127.67428,/,yes,yes,,,,,no,no,no,yes,no,no,,,,,,,,,,,,no,no,no,,,barrier_free_map,沖縄県バリアフリーマップ,http://okinawa-bf-map.jp/facility-info/detail?facility_id=2679,2020-05-13,2679,緊急通報装置あり / トイレ出入口形状=スライド,備考: 駐車場収容台数330台
47,沖縄県,47208,浦添市,,浦添市美術館,,,901-2103,沖縄県浦添市仲間1-9-2,26.249927,127.7194958,http://museum.city.urasoe.lg.jp/,yes,yes,,,,,no,no,no,yes,yes,no,,,,,,,,,,,,no,yes,no,,,barrier_free_map,沖縄県バリアフリーマップ,http://okinawa-bf-map.jp/facility-info/detail?facility_id=2681,2023-11-15,2681,緊急通報装置あり / トイレ出入口形状=自動ドア,
47,沖縄県,47208,浦添市,,自動車税事務所,,,901-2134,沖縄県浦添市港川500-10,26.27134256642687,127.71398067976226,http://www.pref.okinawa.jp/site/somu/zeimu/choshu/8958.html,no,yes,,,,,no,no,no,no,no,no,,,,,,,,,,,,no,no,no,,,barrier_free_map,沖縄県バリアフリーマップ,http://okinawa-bf-map.jp/facility-info/detail?facility_id=2682,2019-07-01,2682,緊急通報装置あり / トイレ出入口形状=スライド,備考: 駐車台数24台
47,沖縄県,47201,那覇市,,ベーカリープルミエ安里店,,,902-0067,沖縄県那覇市安里1-2-21,,,/,no,,,,,,,,no,no,,,,,,,,,,,,,,,no,no,,,barrier_free_map,沖縄県バリアフリーマップ,http://okinawa-bf-map.jp/facility-info/detail?facility_id=2683,2010-05-01,2683,,備考: 駐車場なし / トイレ備考: トイレなし。
47,沖縄県,47201,那覇市,,ラマヤナ 国際通り店,,,900-0015,沖縄県那覇市久茂地3-4-16,26.2147122,127.6826703,http://www.ramayana.co.jp,no,,,,,,,,no,no,,,,,,,,,,,,,,,no,no,,,barrier_free_map,沖縄県バリアフリーマップ,http://okinawa-bf-map.jp/facility-info/detail?facility_id=2685,2015-09-10,2685,,備考: 駐車場なし / トイレ備考: 常設のトイレなし。
47,沖縄県,47208,浦添市,,沖縄海邦銀行浦添支店,,,901-2132,沖縄県浦添市伊祖2-3-1 サンチャイルドめぐみビル1F,26.253260082995414,127.71424826256569,http://www.kaiho-bank.co.jp,yes,yes,,,,,yes,no,no,yes,yes,no,,,,,,,,,,,,no,no,no,,,barrier_free_map,沖縄県バリアフリーマップ,http://okinawa-bf-map.jp/facility-info/detail?facility_id=2687,2010-05-01,2687,緊急通報装置あり / トイレ出入口形状=スライド,備考: 駐車台数15台
47,沖縄県,47208,浦添市,,ほるとのき保育園,,,901-2131,沖縄県浦添市牧港1-64-6,26.2621815,127.720545,http://horutonoki.heianfukushikai.or.jp/,no,yes,,,,,yes,no,yes,no,no,no,,,,,,,,,,,,no,no,no,,,barrier_free_map,沖縄県バリアフリーマップ,http://okinawa-bf-map.jp/facility-info/detail?facility_id=2691,2016-10-13,2691,緊急通報装置あり / トイレ出入口形状=スライド,特徴･注意点: 新しくきれいな施設でオストメイト対応。 / 備考: 駐車台数5台
47,沖縄県,47201,那覇市,,JAMES LEE 琉球屋,,,900-0015,沖縄県那覇市久茂地3-3-18,26.2144872,127.6822953,/,no,,,,,,,,no,no,,,,,,,,,,,,,,,no,no,,,barrier_free_map,沖縄県バリアフリーマップ,http://okinawa-bf-map.jp/facility-info/detail?facility_id=2692,2015-09-10,2692,,備考: 駐車場なし / トイレ備考: トイレなし。
47,沖縄県,47201,那覇市,,ビジュウボックス,,,900-0013,沖縄県那覇市牧志1-2-32,,,/,no,,,,,,,,no,no,,,,,,,,,,,,,,,no,no,,,barrier_free_map,沖縄県バリアフリーマップ,http://okinawa-bf-map.jp/facility-info/detail?facility_id=2694,2015-09-10,2694,,備考: クレジットカードの使用については、2000円以上から / 備考: 駐車場なし / トイレ備考: トイレなし。
47,沖縄県,47208,浦添市,,浦添警察署庁舎,,,901-2103,沖縄県浦添市仲間2-51-1,26.2448473,127.7304758,http://www.police.pref.okinawa.jp,no,yes,,,,,no,no,no,no,no,no,,,,,,,,,,,,yes,no,no,,,barrier_free_map,沖縄県バリアフリーマップ,http://okinawa-bf-map.jp/facility-info/detail?facility_id=2696,2010-05-01,2696,トイレ出入口形状=開き戸,備考: 正式名称 沖縄県警察浦添警察署庁舎 / 備考: 駐車台数15台 / トイレ備考: トイレ出入口段差6cm
47,沖縄県,47208,浦添市,,浦添職業能力開発校,,,901-2113,沖縄県浦添市大平531,26.2420107,127.7130661,http://www.pref.okinawa.jp/site/shoko/shokuno-urse/index.html,no,yes,,,,,no,no,no,no,no,no,,,,,,,,,,,,no,no,no,,,barrier_free_map,沖縄県バリアフリーマップ,http://okinawa-bf-map.jp/facility-info/detail?facility_id=2697,2019-07-02,2697,トイレ出入口形状=スライド,備考: 駐車台数200台
47,沖縄県,47201,那覇市,,ハブボックス那覇店,,,900-0014,沖縄県那覇市松尾1-2-4,26.2138262,127.681401,/,no,,,,,,,,no,no,,,,,,,,,,,,,,,no,no,,,barrier_free_map,沖縄県バリアフリーマップ,http://okinawa-bf-map.jp/facility-info/detail?facility_id=2698,2015-09-10,2698,,備考: クレジットカードの使用については2000円以上購入の場合のみ / 備考: 駐車場なし / トイレ備考: トイレなし。
47,沖縄県,47201,那覇市,,タコス屋国際通り店,,,900-0014,沖縄県那覇市松尾2-8-13,26.2156622,127.6874116,/,no,,,,,,,,no,no,,,,,,,,,,,,,,,no,no,,,barrier_free_map,沖縄県バリアフリーマップ,http://okinawa-bf-map.jp/facility-info/detail?facility_id=2699,2015-09-10,2699,,備考: 駐車場なし / トイレ備考: トイレなし。
47,沖縄県,47211,沖縄市,,デイサービスもろみの里,,,904-0032,沖縄県沖縄市諸見里1-26-10,,,/,no,yes,,,,,yes,no,no,no,no,no,,,,,,,,,,,,no,no,no,,,barrier_free_map,沖縄県バリアフリーマップ,http://okinawa-bf-map.jp/facility-info/detail?facility_id=2700,2010-05-11,2700,緊急通報装置あり / トイレ出入口形状=ドア無し,備考: 駐車台数20台 / トイレ備考: トイレのドアなし、カーテンあり
47,沖縄県,47201,那覇市,,ドトールコーヒーショップ沖縄松尾店,,,900-0014,沖縄県那覇市松尾1-3-3,,,/,no,no,,,,,no,,no,no,no,no,,,,,,,,,,,,yes,no,no,,,barrier_free_map,沖縄県バリアフリーマップ,http://okinawa-bf-map.jp/facility-info/detail?facility_id=2701,2010-05-11,2701,トイレ出入口形状=開き戸,備考: Edyの利用可 / 備考: 駐車場なし / トイレ備考: トイレ出入口に20cm程の段差があり、車椅子での利用は不可。 トイレ内部も狭い。
47,沖縄県,47211,沖縄市,,沖縄警察署,,,904-0021,沖縄県沖縄市胡屋2-4-3,26.3347153,127.8006948,/,no,no,,,,,no,no,no,no,no,no,,,,,,,,,,,,yes,no,no,,,barrier_free_map,沖縄県バリアフリーマップ,http://okinawa-bf-map.jp/facility-info/detail?facility_id=2702,2010-05-01,2702,トイレ出入口形状=開き戸,備考: 駐車台数70台
47,沖縄県,47211,沖縄市,,沖縄銀行コザ支店,,,904-0022,沖縄県沖縄市園田1-2-25,26.331677074474374,127.79806764081545,http://www.okinawa-bank.co.jp/shop_atm/2014061101512/,yes,yes,,,,,no,no,no,no,yes,yes,,,,,,,,,,,,no,yes,no,,,barrier_free_map,沖縄県バリアフリーマップ,http://okinawa-bf-map.jp/facility-info/detail?facility_id=2704,2019-05-17,2704,緊急通報装置あり / トイレ出入口形状=スライド,特徴･注意点: 建物が新しく、車イスでも利用しやすい。 / 備考: ・駐車台数25台 ・銀行利用以外の一般の方も利用できる駐車場、一般の方が利用した際には料金発生
47,沖縄県,47211,沖縄市,,海の子保育園,,,904-2172,沖縄県沖縄市泡瀬1-32-6,26.3204814,127.8386584,http://www.uminokofukusikai.com/,no,no,,,,,no,,no,no,,,,,,,,,,,,,,yes,no,yes,,,barrier_free_map,沖縄県バリアフリーマップ,http://okinawa-bf-map.jp/facility-info/detail?facility_id=2709,2016-08-03,2709,トイレ出入口形状=開き戸,備考: 駐車場収容台数13台
47,沖縄県,47201,那覇市,,ホテル タマキ,,,902-0067,沖縄県那覇市安里2-8-8,26.2164179,127.6952859,/,yes,yes,,,,,yes,no,no,no,no,yes,,,,,,,,,,,,no,no,no,,,barrier_free_map,沖縄県バリアフリーマップ,http://okinawa-bf-map.jp/facility-info/detail?facility_id=2712,2010-05-08,2712,緊急通報装置あり / トイレ出入口形状=スライド,備考: 車いす対応客室あり（ドア：引き戸、部屋の入口：段差なし、部屋の通路：車いす通行可能、バスルーム：入口段差なし・入口幅80cm以上、トイレ：手すりあり・車いすで入れる） / 備考: 駐車場収容台40台。
47,沖縄県,47201,那覇市,,大道中央病院,,,902-0067,沖縄県那覇市安里1-1-37,26.2193869,127.6927164,/,no,yes,,,,,yes,,no,no,no,no,,,,,,,,,,,,no,no,no,,,barrier_free_map,沖縄県バリアフリーマップ,http://okinawa-bf-map.jp/facility-info/detail?facility_id=2714,2016-11-22,2714,トイレ出入口形状=引戸,備考: 駐車場収容台数20台。
47,沖縄県,47301,国頭村,,奥簡易郵便局,,,905-1501,沖縄県国頭村奥49,26.83408753263346,128.28513844069153,http://map.japanpost.jp/p/search/dtl/300170730000/,no,yes,,,,,no,no,no,no,no,no,,,,,,,,,,,,no,no,no,,,barrier_free_map,沖縄県バリアフリーマップ,http://okinawa-bf-map.jp/facility-info/detail?facility_id=2722,2018-11-28,2722,トイレ出入口形状=スライド,
47,沖縄県,47201,那覇市,,ホテル ロコア ナハ,,,900-0014,沖縄県那覇市松尾1-1-2,26.2135012,127.6810677,http://www.rocore.jp/,no,yes,,,,,yes,no,no,yes,yes,yes,,,,,,,,,,,,no,yes,no,,,barrier_free_map,沖縄県バリアフリーマップ,http://okinawa-bf-map.jp/facility-info/detail?facility_id=2724,2018-12-25,2724,緊急通報装置あり / トイレ出入口形状=スライド,"特徴･注意点: バリアフリールーム2室 / 備考: 車いす対応客室あり（ドア：引き戸、部屋の入口：段差なし、部屋の通路：車いす通行可能、バスルーム：入口段差なし・入口幅80cm以上、トイレ：手すりあり・車いすで入れる） / 備考: バイキング利用のお客様は、隣接する立体駐車場の割引券を発行いたしております。 また、ご宿泊のお客さまに対しても隣接する立体駐車場を1泊1,000円（45台限定）にてご案内しております。"
47,沖縄県,47355,粟国村,,あぐに指定通所介護事業所,,,901-3702,沖縄県粟国村東1796,26.5842138,127.2311894,/,no,yes,,,,,no,yes,no,no,no,no,,,,,,,,,,,,no,no,no,,,barrier_free_map,沖縄県バリアフリーマップ,http://okinawa-bf-map.jp/facility-info/detail?facility_id=2728,2010-05-01,2728,緊急通報装置あり / トイレ出入口形状=スライド,備考: あぐに指定介護老人福祉施設、あぐに指定短期入所生活介護事業所と同じ建物 / 備考: 駐車場収容台数20台 / トイレ備考: 車イス専用は施設内に5箇所(特養側出入口はカーテン） 洋式トイレは男女とも各3個 便座高40cm、幅68cm、手洗いの高さ70cm、奥23cm
47,沖縄県,47355,粟国村,,あぐに指定介護老人福祉施設,,,901-3702,沖縄県粟国村東1796,26.5842138,127.2311894,/,no,yes,,,,,no,no,no,no,no,no,,,,,,,,,,,,no,no,no,,,barrier_free_map,沖縄県バリアフリーマップ,http://okinawa-bf-map.jp/facility-info/detail?facility_id=2729,2010-05-01,2729,緊急通報装置あり / トイレ出入口形状=ドア無し,備考: あぐに指定通所介護事業所、あぐに指定短期入所生活介護事業所と同じ建物 / 備考: 駐車場収容台数20台 / トイレ備考: 車イス専用トイレは施設内に5ヶ所有り(特養出入り口はカーテン） 洋式トイレ男女各3個あり 便座高40cm、幅68cm、手洗い高70cm、奥行き23cm
47,沖縄県,47355,粟国村,,あぐに指定短期入所生活介護事業所,,,901-3702,沖縄県粟国村東1796,26.5842138,127.2311894,/,no,yes,,,,,no,no,no,no,no,no,,,,,,,,,,,,no,no,no,,,barrier_free_map,沖縄県バリアフリーマップ,http://okinawa-bf-map.jp/facility-info/detail?facility_id=2730,2010-05-01,2730,緊急通報装置あり / トイレ出入口形状=ドア無し,備考: あぐに指定通所介護事業所、あぐに指定介護老人福祉施設と同じ建物 / 備考: 駐車場収容台数20台 / トイレ備考: 車いす専用トイレは施設内に5ヶ所あり 洋式トイレ男女各3個 便座高40cm、幅68cm、手洗い高さ70cm、奥行き23cm
47,沖縄県,47355,粟国村,,粟国村中央公民館,,,901-3702,沖縄県粟国村字東580,26.5818392,127.22717290000003,/,no,no,,,,,no,no,no,no,no,no,,,,,,,,,,,,,no,no,,,barrier_free_map,沖縄県バリアフリーマップ,http://okinawa-bf-map.jp/facility-info/detail?facility_id=2731,2019-08-30,2731,トイレ出入口形状=開き戸,備考: 粟国村ふるさと資料館と同じ建物 / 備考: 駐車場収容台数2台
47,沖縄県,47355,粟国村,,粟国村ふるさと資料館,,,901-3702,沖縄県粟国村東580,26.5818557,127.2271842,/,no,no,,,,,no,no,no,no,no,no,,,,,,,,,,,,no,no,yes,,,barrier_free_map,沖縄県バリアフリーマップ,http://okinawa-bf-map.jp/facility-info/detail?facility_id=2732,2010-05-01,2732,着替え台あり / トイレ出入口形状=開き戸,備考: 粟国村中央公民館と同じ建物 / 備考: 駐車場収容台数2台
47,沖縄県,47208,浦添市,,沖縄県立浦添看護学校教務班,,,901-2104,沖縄県浦添市当山2-30-1,26.2535465,127.7343945,http://www.urasoe-ns.ac.jp,yes,yes,,,,,no,no,no,no,no,no,,,,,,,,,,,,yes,no,no,,,barrier_free_map,沖縄県バリアフリーマップ,http://okinawa-bf-map.jp/facility-info/detail?facility_id=2733,2010-05-25,2733,トイレ出入口形状=引戸,備考: 駐車場収容台数 144台
47,沖縄県,47355,粟国村,,粟国空港管理事務所,,,901-3701,沖縄県粟国村浜4550,26.5928022,127.2393804,/,no,no,,,,,no,no,no,no,no,no,,,,,,,,,,,,yes,no,no,,,barrier_free_map,沖縄県バリアフリーマップ,http://okinawa-bf-map.jp/facility-info/detail?facility_id=2734,2010-05-01,2734,緊急通報装置あり / トイレ出入口形状=引戸,備考: 駐車場の係員は職員が8:00~18:00まで対応 / トイレ備考: トイレ入口段差約5cm 便座高さ40cm、手すり幅78cm、手洗い高さ69cm、奥行き37cm トイレ中は広い
47,沖縄県,47355,粟国村,,粟国港船客待合所,,,901-3701,沖縄県粟国村浜,26.584865200687148,127.23981486382368,/,,no,,,,,no,no,no,no,no,no,,,,,,,,,,,,,no,no,,,barrier_free_map,沖縄県バリアフリーマップ,http://okinawa-bf-map.jp/facility-info/detail?facility_id=2735,2022-11-22,2735,トイレ出入口形状=開き戸,備考: 098-988-2495（粟国村役場船舶課） / トイレ備考: 男子洋式2室、女子洋式2室、和式1室
47,沖縄県,47355,粟国村,,東浜コミニティ施設,,,901-3701,沖縄県粟国村浜413-5,26.5804585,127.2349725,/,,yes,,,,,no,no,no,no,no,no,,,,,,,,,,,,,no,no,,,barrier_free_map,沖縄県バリアフリーマップ,http://okinawa-bf-map.jp/facility-info/detail?facility_id=2736,2010-05-01,2736,緊急通報装置あり / トイレ出入口形状=引戸,備考: 無し
47,沖縄県,47355,粟国村,,粟国村離島振興総合センター,,,901-3702,沖縄県粟国村字東1088,26.5817057,127.23303729999998,/,,,,,,,no,no,no,no,no,no,,,,,,,,,,,,no,,no,,,barrier_free_map,沖縄県バリアフリーマップ,http://okinawa-bf-map.jp/facility-info/detail?facility_id=2737,2023-10-04,2737,緊急通報装置あり,備考: 連絡先098-988-2016(粟国村役場) 保育所と同じ建物 / 備考: 駐車場収容台数20台 / トイレ備考: 便座高さ43cm、幅71cm、手洗い高さ69cm、幅66cm、奥行き38cm
47,沖縄県,47201,那覇市,,泡盛蔵 国際店,,,900-0014,沖縄県那覇市松尾2-8-5,26.215565,127.6863922,/,no,no,,,,,,no,no,no,no,no,,,,,,,,,,,,,no,no,,,barrier_free_map,沖縄県バリアフリーマップ,http://okinawa-bf-map.jp/facility-info/detail?facility_id=2738,2015-09-10,2738,,備考: 駐車場無し / トイレ備考: 店舗の2階にトイレあり(階段)詳細は確認していない
47,沖縄県,47208,浦添市,,浦添警察署,,,901-2103,沖縄県浦添市仲間2-51-1,26.2448473,127.7304758,/,no,yes,,,,,no,no,no,no,no,no,,,,,,,,,,,,yes,no,no,,,barrier_free_map,沖縄県バリアフリーマップ,http://okinawa-bf-map.jp/facility-info/detail?facility_id=2739,2010-05-25,2739,トイレ出入口形状=開き戸,備考: 駐車場収容台数15台
47,沖縄県,47201,那覇市,,奥武山総合運動場 庭球場,,,900-0026,沖縄県那覇市奥武山44-1,26.2028828,127.6746245,/,no,no,,,,,no,no,no,no,no,no,,,,,,,,,,,,yes,no,no,,,barrier_free_map,沖縄県バリアフリーマップ,http://okinawa-bf-map.jp/facility-info/detail?facility_id=2744,2020-05-13,2744,トイレ出入口形状=引戸,備考: 098-858-2700(管理事務所) / 備考: 駐車場収容台数230台(供用)
47,沖縄県,47301,国頭村,,オクマ プライベートビーチ ＆ リゾート,,,905-1412,沖縄県国頭村奥間913,26.735759798775817,128.16128536132888,http://okumaresort.com,no,yes,,,,,yes,no,no,no,yes,no,,,,,,,,,,,,no,yes,no,,yes,barrier_free_map,沖縄県バリアフリーマップ,http://okinawa-bf-map.jp/facility-info/detail?facility_id=2745,2023-08-25,2745,緊急通報装置あり / トイレ出入口形状=スライド,備考: 車いす対応客室あり（ドア：引き戸、部屋の入口：段差なし、部屋の通路：車いす通行可能、 バスルーム：入口段差なし・入口幅80cm以上、トイレ：手すりあり・車いすで入れる） / 備考: ・フロントから駐車場までの送迎サービス有り ・正面ロータリーで降車し、バレーサービス付のプラン有り / トイレ備考: 一般4か所、多目的1か所、各客室1室ずつ ベビーベットはおむつ交換台だけあり
47,沖縄県,47201,那覇市,,奥武山総合運動場 弓道場,,,900-0026,沖縄県那覇市奥武山44-1,26.2018357,127.6762273,http://www.ounoyama.jp/each-facility-guidance/archery-field/,no,no,,,,,no,no,no,no,no,no,,,,,,,,,,,,yes,no,no,,,barrier_free_map,沖縄県バリアフリーマップ,http://okinawa-bf-map.jp/facility-info/detail?facility_id=2746,2020-05-13,2746,トイレ出入口形状=引戸,備考: 駐車場収容台数230台(供用) / トイレ備考: トイレ出入口段差7cm
47,沖縄県,47201,那覇市,,奥武山総合運動場 水泳プール,,,900-0026,沖縄県那覇市奥武山44,26.20323,127.6771049,http://www.ounoyama.jp/each-facility-guidance/swimming-pool/,yes,yes,,,,,no,no,yes,no,yes,yes,,,,,,,,,,,,yes,no,no,,,barrier_free_map,沖縄県バリアフリーマップ,http://okinawa-bf-map.jp/facility-info/detail?facility_id=2747,2020-05-13,2747,緊急通報装置あり / トイレ出入口形状=スライド,備考: 駐車場収容台数230台(供用) / トイレ備考: トイレ入口段差1cmあり 男子小便器2個手すりあり
47,沖縄県,47201,那覇市,,奥武山総合運動場 補助競技場,,,900-0026,沖縄県那覇市奥武山51,26.2055881,127.6754493,/,yes,yes,,,,,no,no,no,no,no,no,,,,,,,,,,,,no,no,no,,,barrier_free_map,沖縄県バリアフリーマップ,http://okinawa-bf-map.jp/facility-info/detail?facility_id=2748,2020-05-13,2748,トイレ出入口形状=スライド,備考: 駐車場収容台数230台 身体障がい者専用駐車場は状況に応じて増やせる / トイレ備考: 和式、洋式トイレ男女各1個
47,沖縄県,47315,伊江村,,西江前公民館,,,905-0503,沖縄県伊江村川平661-1,26.713251400000015,127.79646789999993,http://www.iejima.org/document/2015011600192/,yes,yes,,,,,no,no,no,no,yes,no,,,,,,,,,,,,no,no,no,,,barrier_free_map,沖縄県バリアフリーマップ,http://okinawa-bf-map.jp/facility-info/detail?facility_id=2749,2018-09-17,2749,緊急通報装置あり / 着替え台あり / トイレ出入口形状=スライド,備考: 駐車場収容台数7台
47,沖縄県,47315,伊江村,,真謝公民館,,,905-0505,沖縄県伊江村西江上1696,26.725554740352646,127.77857716508173,http://www.iejima.org/document/2015011600215/,no,no,,,,,no,no,no,no,no,no,,,,,,,,,,,,yes,no,no,,,barrier_free_map,沖縄県バリアフリーマップ,http://okinawa-bf-map.jp/facility-info/detail?facility_id=2750,2018-01-18,2750,トイレ出入口形状=引戸,備考: 駐車場収容台数20台
47,沖縄県,47315,伊江村,,西崎公民館,,,905-0504,沖縄県伊江村西江前1543,26.7171837,127.7665094,http://www.iejima.org/document/2015011600222/,no,yes,,,,,no,no,no,no,no,no,,,,,,,,,,,,no,no,no,,,barrier_free_map,沖縄県バリアフリーマップ,http://okinawa-bf-map.jp/facility-info/detail?facility_id=2751,2018-01-18,2751,緊急通報装置あり / トイレ出入口形状=スライド,備考: 駐車場収容台数11台
47,沖縄県,47315,伊江村,,伊江島ハイビスカス園,,,905-0502,沖縄県伊江村沖縄県国頭郡伊江字東江前3614-1,26.7185509,127.8220414,http://www.iejima.org/,no,yes,,,,,yes,no,no,no,no,no,,,,,,,,,,,,no,no,no,,,barrier_free_map,沖縄県バリアフリーマップ,http://okinawa-bf-map.jp/facility-info/detail?facility_id=2752,2020-09-14,2752,緊急通報装置あり / トイレ出入口形状=スライド,備考: 駐車場収容台数51台 バス3台
47,沖縄県,47315,伊江村,,伊江村B&G海洋センター,,,905-0502,沖縄県伊江村字謝名堂548,26.7112053,127.825685,http://www.bgf.or.jp/center/0231.html,no,yes,,,,,no,no,no,no,no,no,,,,,,,,,,,,no,no,no,,,barrier_free_map,沖縄県バリアフリーマップ,http://okinawa-bf-map.jp/facility-info/detail?facility_id=2753,2020-05-05,2753,トイレ出入口形状=スライド,備考: 駐車場収容台数30台
47,沖縄県,47315,伊江村,,伊江島はにくすにターミナル棟,,,905-0503,沖縄県伊江村川平519-3,26.707602,127.801101,http://www.iejima.org/document/2015011600253/,yes,yes,,,,,yes,no,no,no,yes,no,,,,,,,,,,,,no,no,no,,,barrier_free_map,沖縄県バリアフリーマップ,http://okinawa-bf-map.jp/facility-info/detail?facility_id=2754,2018-09-17,2754,緊急通報装置あり / 着替え台あり / トイレ出入口形状=スライド,備考: 0980-49-2906(村役場商工観光課) / 備考: 駐車場収容台数150台
47,沖縄県,47315,伊江村,,伊江村在宅介護支援センター いえしま,,,905-0502,沖縄県伊江村東江前2303-1,26.711083,127.824899,http://reihoukai.or.jp/service/home-care/,yes,yes,,,,,no,no,yes,no,no,no,,,,,,,,,,,,no,no,no,,,barrier_free_map,沖縄県バリアフリーマップ,http://okinawa-bf-map.jp/facility-info/detail?facility_id=2755,2018-01-18,2755,緊急通報装置あり / トイレ出入口形状=スライド,備考: 駐車場収容台数15台
47,沖縄県,47315,伊江村,,伊江村立聖苑,,,905-0501,沖縄県伊江村東江上3461-1,26.734504665162444,127.79862084232785,http://www.iejima.org/document/2015021800025/,yes,yes,,,,,no,no,no,no,no,no,,,,,,,,,,,,no,no,no,,,barrier_free_map,沖縄県バリアフリーマップ,http://okinawa-bf-map.jp/facility-info/detail?facility_id=2756,2018-01-18,2756,トイレ出入口形状=スライド,備考: 駐車場収容台数264台
47,沖縄県,47315,伊江村,,伊江村役場,,,905-0502,沖縄県伊江村東江前38,26.713423414081237,127.80729324973757,http://www.iejima.org/,no,no,,,,,no,no,no,no,no,no,,,,,,,,,,,,yes,no,no,,,barrier_free_map,沖縄県バリアフリーマップ,http://okinawa-bf-map.jp/facility-info/detail?facility_id=2757,2018-01-18,2757,トイレ出入口形状=開き戸,備考: 駐車場収容台数約10台 / トイレ備考: トイレ出入口段差3cm
47,沖縄県,47315,伊江村,,ふさと苑デイサービス,,,905-0503,沖縄県伊江村川平582-1,26.7127761675216,127.79818021534422,/,yes,yes,,,,,yes,no,no,no,no,no,,,,,,,,,,,,no,no,no,,,barrier_free_map,沖縄県バリアフリーマップ,http://okinawa-bf-map.jp/facility-info/detail?facility_id=2758,2018-01-18,2758,緊急通報装置あり / トイレ出入口形状=スライド,備考: 駐車場収容台数3台
47,沖縄県,47315,伊江村,,西江上公民館,,,905-0501,沖縄県伊江村東江上1995,26.721076531547276,127.79816611534417,http://www.iejima.org/document/2015011600185/,no,no,,,,,no,no,no,no,no,no,,,,,,,,,,,,yes,no,no,,,barrier_free_map,沖縄県バリアフリーマップ,http://okinawa-bf-map.jp/facility-info/detail?facility_id=2759,2018-01-18,2759,トイレ出入口形状=開き戸,特徴･注意点: 体育館あり / 備考: 駐車場収容台数約100台
47,沖縄県,47315,伊江村,,伊江村中央公民館,,,905-0501,沖縄県伊江村東江上75,26.7163514,127.8063671,http://www.iejima.org/document/2015011600123/,no,no,,,,,no,no,no,yes,no,no,,,,,,,,,,,,yes,no,no,,,barrier_free_map,沖縄県バリアフリーマップ,http://okinawa-bf-map.jp/facility-info/detail?facility_id=2760,2018-01-18,2760,トイレ出入口形状=開き戸,備考: 0980-49-2334（伊江村役場教育委員会） / 備考: 駐車場収容台数約30台 / トイレ備考: トイレ出入口段差3cm
47,沖縄県,47315,伊江村,,伊江村農村環境改善センター,,,905-0501,沖縄県伊江村東江上75,26.7163514,127.8063671,/,yes,yes,,,,,no,no,no,no,no,no,,,,,,,,,,,,yes,no,no,,,barrier_free_map,沖縄県バリアフリーマップ,http://okinawa-bf-map.jp/facility-info/detail?facility_id=2761,2020-10-12,2761,緊急通報装置あり / トイレ出入口形状=スライド,備考: 駐車場収容台数約30台 / トイレ備考: トイレ出入口段差2cm
47,沖縄県,47315,伊江村,,伊江村福祉センター,,,905-0503,沖縄県伊江村川平364-1,26.7117655,127.8021786,http://www.iejima.org/document/2015011600260/,no,yes,,,,,no,no,no,no,no,no,,,,,,,,,,,,no,no,no,,,barrier_free_map,沖縄県バリアフリーマップ,http://okinawa-bf-map.jp/facility-info/detail?facility_id=2762,2018-01-18,2762,緊急通報装置あり / トイレ出入口形状=スライド,備考: 駐車場収容台数 20台
47,沖縄県,47315,伊江村,,阿良公民館,,,905-0502,沖縄県伊江村東江前556,26.7106353,127.8093419,/,yes,yes,,,,,no,no,no,no,no,no,,,,,,,,,,,,no,no,no,,,barrier_free_map,沖縄県バリアフリーマップ,http://okinawa-bf-map.jp/facility-info/detail?facility_id=2763,2010-05-01,2763,緊急通報装置あり / トイレ出入口形状=引戸,特徴･注意点: 6ヵ月後建替え予定 / 備考: 駐車場収容台数約10台
47,沖縄県,47315,伊江村,,川平地区集会施設,,,905-0503,沖縄県伊江村川平48,26.713580785621183,127.8050393325409,/,no,yes,,,,,no,no,no,no,no,no,,,,,,,,,,,,no,no,no,,,barrier_free_map,沖縄県バリアフリーマップ,http://okinawa-bf-map.jp/facility-info/detail?facility_id=2764,2018-11-06,2764,緊急通報装置あり / トイレ出入口形状=スライド,備考: 駐車場収容台数 約50台
47,沖縄県,47315,伊江村,,東江前区公民館,,,905-0502,沖縄県伊江村東江前81,26.715117507031785,127.80902209695887,http://www.iejima.org/document/2015011600154/,no,yes,,,,,yes,no,no,no,no,no,,,,,,,,,,,,no,no,no,,,barrier_free_map,沖縄県バリアフリーマップ,http://okinawa-bf-map.jp/facility-info/detail?facility_id=2765,2018-01-18,2765,緊急通報装置あり / トイレ出入口形状=スライド,備考: 駐車場収容台数 約20台 車イス専用駐車場は無いが、出入口に近い一般駐車場になっています。 / トイレ備考: 洋式便座 男子1個・女子2個
47,沖縄県,47315,伊江村,,伊江村立診療所,,,905-0502,沖縄県伊江村東江前459,26.7120573,127.8066727,http://www.iejima.org/document/2015040700047/,yes,yes,,,,,no,no,no,no,no,no,,,,,,,,,,,,no,no,no,,,barrier_free_map,沖縄県バリアフリーマップ,http://okinawa-bf-map.jp/facility-info/detail?facility_id=2766,2018-01-19,2766,緊急通報装置あり / トイレ出入口形状=スライド,備考: 救急患者については、24時間受付 / 備考: 駐車場収容台数約30台 地下駐車場のみ屋根あり
47,沖縄県,47315,伊江村,,伊江村東江上公民館,,,905-0501,沖縄県伊江村東江上368-1,26.718602187087743,127.81226474418033,http://www.iejima.org/document/2015011600147/,no,yes,,,,,yes,no,no,no,no,no,,,,,,,,,,,,no,no,no,,,barrier_free_map,沖縄県バリアフリーマップ,http://okinawa-bf-map.jp/facility-info/detail?facility_id=2767,2018-01-19,2767,緊急通報装置あり / トイレ出入口形状=スライド,備考: 駐車場収容台数 約20台 / トイレ備考: 洋式便座 男子2個・女子2個
47,沖縄県,47361,久米島町,,久米島町観光協会（あじまー館）,,,901-3124,沖縄県久米島町仲泊962-2,26.3476834,126.7490313,/,yes,yes,,,,,,no,no,no,no,yes,,,,,,,,,,,,no,no,no,,,barrier_free_map,沖縄県バリアフリーマップ,http://okinawa-bf-map.jp/facility-info/detail?facility_id=2768,2018-09-10,2768,緊急通報装置あり,備考: 羽田―久米島直行便就航期間（7月中旬～9月末）は無休 / 備考: 駐車場収容台数10台
47,沖縄県,47361,久米島町,,久米島ウミガメ館,,,901-3106,沖縄県久米島町奥武170,26.33656939792679,126.82657962275391,http://umigamekan.ti-da.net/,yes,yes,,,,,,no,no,no,no,no,,,,,,,,,,,,no,no,no,,,barrier_free_map,沖縄県バリアフリーマップ,http://okinawa-bf-map.jp/facility-info/detail?facility_id=2769,2020-05-06,2769,緊急通報装置あり,備考: 駐車場収容台数20台
47,沖縄県,47361,久米島町,,久米島ホタル館,,,901-3123,沖縄県久米島町大田420,26.3485864,126.755367,http://kumejimahotaru.jimdo.com/,yes,yes,,,,,,no,no,no,no,no,,,,,,,,,,,,no,no,no,,,barrier_free_map,沖縄県バリアフリーマップ,http://okinawa-bf-map.jp/facility-info/detail?facility_id=2770,2018-09-10,2770,緊急通報装置あり,備考: 駐車場収容台数6台
47,沖縄県,47360,伊是名村,,伊是名村立歯科診療所,,,905-0603,沖縄県伊是名村仲田1199-1,26.927951999999998,127.94068429999993,/,no,no,,,,,no,no,no,no,no,no,,,,,,,,,,,,no,no,no,,,barrier_free_map,沖縄県バリアフリーマップ,http://okinawa-bf-map.jp/facility-info/detail?facility_id=2771,2018-11-06,2771,トイレ出入口形状=開き戸,特徴･注意点: 4月から先生が変わるとのこと / 備考: 駐車場は役場の外の駐車場を利用している
47,沖縄県,47361,久米島町,,久米島紬の里 ユイマール館,,,901-3104,沖縄県久米島町真謝1878-1,26.3559360587035,126.8061891920654,http://kume-tumugi.com/,yes,yes,,,,,,no,no,no,no,no,,,,,,,,,,,,no,no,no,,,barrier_free_map,沖縄県バリアフリーマップ,http://okinawa-bf-map.jp/facility-info/detail?facility_id=2772,2020-06-25,2772,,備考: 駐車場収容台数12台 / トイレ備考: 多目的トイレは資料館とは別の建物 資料館から10mの通路でつながっています。
47,沖縄県,47360,伊是名村,,伊是名村役場,,,905-0603,沖縄県伊是名村仲田1203,26.928368,127.941227,http://vill.izena.okinawa.jp/,no,no,,,,,no,no,no,no,no,no,,,,,,,,,,,,yes,no,no,,,barrier_free_map,沖縄県バリアフリーマップ,http://okinawa-bf-map.jp/facility-info/detail?facility_id=2773,2018-01-18,2773,トイレ出入口形状=引戸,トイレ備考: トイレ出入り口に12cmの段差有り
47,沖縄県,47359,伊平屋村,,前泊港,,,905-0703,沖縄県伊平屋村我喜屋217-27,27.0379017,127.9683994,/,no,yes,,,,,no,no,no,no,no,no,,,,,,,,,,,,yes,no,no,,,barrier_free_map,沖縄県バリアフリーマップ,http://okinawa-bf-map.jp/facility-info/detail?facility_id=2774,2020-07-30,2774,緊急通報装置あり / トイレ出入口形状=スライド,備考: 駐車台数60台 / トイレ備考: 一般トイレの入り口に2cmの段差有り。 車イス専用トイレは施錠できないようになっている。
47,沖縄県,47359,伊平屋村,,我喜屋ダム,,,905-0703,沖縄県伊平屋村我喜屋818,27.0258698,127.9592642,http://www.pref.okinawa.jp/site/doboku/doboku-hoku/gakiya.html,no,yes,,,,,no,no,no,no,no,no,,,,,,,,,,,,no,no,no,,,barrier_free_map,沖縄県バリアフリーマップ,http://okinawa-bf-map.jp/facility-info/detail?facility_id=2775,2018-09-17,2775,緊急通報装置あり / トイレ出入口形状=スライド,特徴･注意点: 施設内に車イス等は置いてないが、役場から貸し出し可能
47,沖縄県,47361,久米島町,,五枝の松園地,,,901-3138,沖縄県久米島町上江洲４５７−１３４,26.3584541,126.74237849999997,http://www.tabirai.net/sightseeing/column/0003312.aspx,yes,yes,,,,,,no,,no,yes,no,,,,,,,,,,,,no,no,no,,,barrier_free_map,沖縄県バリアフリーマップ,http://okinawa-bf-map.jp/facility-info/detail?facility_id=2776,2020-06-30,2776,緊急通報装置あり,備考: 098-851-7973(久米島観光協会) / 備考: 駐車場収容台数20台
47,沖縄県,47361,久米島町,,イーフ情報プラザ,,,901-3108,沖縄県久米島町比嘉160-57,26.331947000000007,126.80778,http://www.town.kumejima.okinawa.jp/docs/eef-jouhou/,yes,,,,,,no,no,no,no,no,yes,,,,,,,,,,,,no,no,no,,,barrier_free_map,沖縄県バリアフリーマップ,http://okinawa-bf-map.jp/facility-info/detail?facility_id=2777,2020-06-30,2777,緊急通報装置あり,備考: 駐車場収容台数40台
47,沖縄県,47361,久米島町,,タチジャミ自然公園,,,901-3101,沖縄県久米島町宇江城,26.39139815150088,126.76438817823487,/,yes,,,,,,,no,yes,no,no,no,,,,,,,,,,,,no,no,no,,,barrier_free_map,沖縄県バリアフリーマップ,http://okinawa-bf-map.jp/facility-info/detail?facility_id=2778,2020-07-01,2778,,備考: 098-851-7973(久米島観光協会) / 備考: 駐車場収容台数10台 身体障がい者用駐車場から階段までの距離10m / トイレ備考: 駐車場のある場所にトイレ、東屋がある トイレ内の配置を表した点字板が入口に設置されている
47,沖縄県,47360,伊是名村,,伊是名村ふれあい民俗館,,,905-0603,沖縄県伊是名村仲田196-126,26.9225553,127.941012,http://www.izena-kanko.jp/detail.jsp?id=48701&menuid=10403&funcid=3,no,yes,,,,,no,no,no,no,no,no,,,,,,,,,,,,yes,no,no,,,barrier_free_map,沖縄県バリアフリーマップ,http://okinawa-bf-map.jp/facility-info/detail?facility_id=2779,2018-09-17,2779,トイレ出入口形状=スライド,備考: 団体割引（20人以上） 2割引き
47,沖縄県,47360,伊是名村,,仲田港旅客ターミナル,,,905-0603,沖縄県伊是名村仲田177-7,26.9289604,127.9525693,/,no,yes,,,,,yes,no,no,no,no,no,,,,,,,,,,,,no,no,no,,,barrier_free_map,沖縄県バリアフリーマップ,http://okinawa-bf-map.jp/facility-info/detail?facility_id=2780,2020-08-14,2780,トイレ出入口形状=スライド,
47,沖縄県,47361,久米島町,,久米島空港ターミナルビル,,,901-3133,沖縄県久米島町北原566-2,26.3649028,126.7175357,http://kumejima-airport.co.jp/,yes,yes,,,,,,no,no,no,no,no,,,,,,,,,,,,no,no,yes,,,barrier_free_map,沖縄県バリアフリーマップ,http://okinawa-bf-map.jp/facility-info/detail?facility_id=2781,2018-01-17,2781,緊急通報装置あり,備考: 正式名称 久米島空港ターミナルビル株式会社 / 備考: 駐車場収容台数200台
47,沖縄県,47360,伊是名村,,伊是名村保健センター,,,905-0603,沖縄県伊是名村沖縄県伊是名村字仲田1385-11,26.92373622051401,127.94190253671488,http://vill.izena.okinawa.jp/soshiki/jyumin/hoken/,no,yes,,,,,no,no,no,no,no,no,,,,,,,,,,,,no,no,no,,,barrier_free_map,沖縄県バリアフリーマップ,http://okinawa-bf-map.jp/facility-info/detail?facility_id=2782,2020-08-26,2782,緊急通報装置あり / トイレ出入口形状=スライド,トイレ備考: 車いす利用可能トイレ 現在故障中のため使用不可
47,沖縄県,47360,伊是名村,,伊是名村立保育所,,,905-0603,沖縄県伊是名村仲田１３８５−１,26.92502252557426,127.9404866925903,/,no,yes,,,,,no,no,no,no,no,no,,,,,,,,,,,,no,yes,yes,,,barrier_free_map,沖縄県バリアフリーマップ,http://okinawa-bf-map.jp/facility-info/detail?facility_id=2783,2018-01-18,2783,緊急通報装置あり / トイレ出入口形状=スライド,
47,沖縄県,47361,久米島町,,久米島博物館,,,901-3121,沖縄県久米島町嘉手苅542,26.3417372,126.7637916,http://sizenbunka.ti-da.net/,no,yes,,,,,,no,no,yes,no,no,,,,,,,,,,,,no,no,no,,,barrier_free_map,沖縄県バリアフリーマップ,http://okinawa-bf-map.jp/facility-info/detail?facility_id=2784,2020-07-20,2784,緊急通報装置あり / 着替え台あり,備考: 展示替えなどのために臨時休館日あり / 備考: バス専用3台
47,沖縄県,47360,伊是名村,,伊是名村産業支援センター,,,905-0603,沖縄県伊是名村仲田1385-1,26.9248939,127.9409426,/,no,yes,,,,,yes,no,no,no,no,no,,,,,,,,,,,,no,no,no,,,barrier_free_map,沖縄県バリアフリーマップ,http://okinawa-bf-map.jp/facility-info/detail?facility_id=2785,2018-09-17,2785,緊急通報装置あり / トイレ出入口形状=スライド,
47,沖縄県,47360,伊是名村,,伊是名村臨海ふれあい公園 体育館,,,905-0602,沖縄県伊是名村諸見565-4,26.9299743,127.9526804,/,no,yes,,,,,no,no,no,no,no,no,,,,,,,,,,,,no,no,no,,,barrier_free_map,沖縄県バリアフリーマップ,http://okinawa-bf-map.jp/facility-info/detail?facility_id=2786,2020-05-13,2786,トイレ出入口形状=スライド,
47,沖縄県,47361,久米島町,,比屋定バンタ,,,901-3102,沖縄県久米島町比屋定,26.376051795527303,126.78834808891601,http://www.churashima.net/shima/kume/l_03/,yes,,,,,,,no,no,no,no,yes,,,,,,,,,,,,no,no,no,,,barrier_free_map,沖縄県バリアフリーマップ,http://okinawa-bf-map.jp/facility-info/detail?facility_id=2787,2018-01-17,2787,緊急通報装置あり,備考: 098-896-7010(久米島観光協会) / 備考: 駐車場収容台数20台 身体障がい者用駐車場から展望台までの距離5m
47,沖縄県,47361,久米島町,,泊フィッシャリーナ,,,901-3105,沖縄県久米島町宇根１７２４−１３,26.34046901730083,126.81592817126466,/,yes,yes,,,,,,no,no,no,no,no,,,,,,,,,,,,no,no,no,,,barrier_free_map,沖縄県バリアフリーマップ,http://okinawa-bf-map.jp/facility-info/detail?facility_id=2789,2020-07-07,2789,緊急通報装置あり,備考: 施設管理 ： 久米島町役場 商工観光課 098-851-9162 / 備考: 駐車場収容台数50台 身体障がい者用駐車場から浮き桟橋までの距離100~200m
47,沖縄県,47360,伊是名村,,伊是名村臨海ふれあい公園 陸上競技場,,,905-0602,沖縄県伊是名村諸見656-5,26.9391647,127.949323,/,no,yes,,,,,no,no,no,no,no,no,,,,,,,,,,,,no,no,no,,,barrier_free_map,沖縄県バリアフリーマップ,http://okinawa-bf-map.jp/facility-info/detail?facility_id=2790,2020-08-12,2790,緊急通報装置あり / トイレ出入口形状=スライド,備考: 連絡先：伊是名村役場観光振興課 0980-45-2534 / 備考: ※伊是名村臨海ふれあい公園 内全体の駐車場収納台数になっております。
47,沖縄県,47360,伊是名村,,伊是名村臨海ふれあい公園 野外ステージ,,,905-0602,沖縄県伊是名村諸見565-4,26.9299743,127.9526804,/,no,no,,,,,no,no,no,no,no,no,,,,,,,,,,,,yes,no,no,,,barrier_free_map,沖縄県バリアフリーマップ,http://okinawa-bf-map.jp/facility-info/detail?facility_id=2791,2020-09-08,2791,トイレ出入口形状=引戸,備考: 連絡先：伊是名村役場観光振興課 0980-45-2534
47,沖縄県,47209,名護市,,ホテルゆがふいんおきなわ,,,905-0011,沖縄県名護市宮里453-1,26.5933988,127.9651669,http://www.yugaf.com/,yes,yes,,,,,yes,no,no,no,yes,no,,,,,,,,,,,,no,no,no,,,barrier_free_map,沖縄県バリアフリーマップ,http://okinawa-bf-map.jp/facility-info/detail?facility_id=2793,2022-12-07,2793,緊急通報装置あり / トイレ出入口形状=スライド,備考: 駐車場収容台数100台
47,沖縄県,47209,名護市,,ホテルゆがふいんおきなわ別館,,,905-0011,沖縄県名護市宮里453-1,26.5933988,127.9651669,http://www.yugaf.com/,yes,yes,,,,,yes,no,yes,no,yes,yes,,,,,,,,,,,,no,no,no,,,barrier_free_map,沖縄県バリアフリーマップ,http://okinawa-bf-map.jp/facility-info/detail?facility_id=2794,2018-05-03,2794,緊急通報装置あり / トイレ出入口形状=スライド,備考: 車いす対応客室あり（ドア：開き戸、部屋の入口：段差なし、部屋の通路：車いす通行可能、バスルーム：入口段差なし・入口幅80cm以上、トイレ：手すりあり・車いすで入れる） / 備考: 駐車場収容台数100台
47,沖縄県,47209,名護市,,道の駅許田（道路情報ターミナル）,,,905-0024,沖縄県名護市許田17-1,26.5520856,127.9693096,http://www.yanbaru-b.co.jp/%E3%81%8A%E5%95%8F%E3%81%84%E5%90%88%E3%82%8F%E3%81%9B/%E9%81%93%E8%B7%AF%E6%83%85%E5%A0%B1%E3%82%BF%E3%83%BC%E3%83%9F%E3%83%8A%E3%83%AB%E3%83%BB%E9%A7%90%E8%BB%8A%E5%A0%B4/,yes,yes,,,,,no,no,no,no,yes,yes,,,,,,,,,,,,no,no,yes,,,barrier_free_map,沖縄県バリアフリーマップ,http://okinawa-bf-map.jp/facility-info/detail?facility_id=2796,2018-05-09,2796,緊急通報装置あり / トイレ出入口形状=スライド,備考: 駐車場収容台数70台
47,沖縄県,47209,名護市,,道の駅 許田 やんばる物産センター,,,905-0024,沖縄県名護市許田17-1,26.551994,127.9700428,http://www.yanbaru-b.co.jp/,yes,,,,,,,yes,yes,yes,yes,yes,,,,,,,,,,,,no,no,no,,,barrier_free_map,沖縄県バリアフリーマップ,http://okinawa-bf-map.jp/facility-info/detail?facility_id=2797,2022-12-12,2797,,特徴･注意点: 道の駅許田の便益施設にあるので供用 / 備考: 運営 やんばる物産株式会社 / 備考: 駐車場収容台数60台
47,沖縄県,47210,糸満市,,介護予防トレセンターあいまーる,,,901-0302,沖縄県糸満市潮平797-6,26.1519208,127.6716468,/,yes,yes,,,,,no,no,no,no,no,no,,,,,,,,,,,,yes,no,no,,,barrier_free_map,沖縄県バリアフリーマップ,http://okinawa-bf-map.jp/facility-info/detail?facility_id=2798,2010-05-01,2798,緊急通報装置あり / トイレ出入口形状=スライド,備考: 駐車場収容台数10台 / トイレ備考: トイレ出入口段差5cmあり
47,沖縄県,47201,那覇市,,沖縄セルラースタジアム那覇（奥武山野球場）,,,900-0026,沖縄県那覇市奥武山42-1,26.2023096,127.6730261,http://nahataikyo.com/guide/060/,yes,yes,,,,,yes,no,yes,yes,yes,no,,,,,,,,,,,,no,no,yes,,,barrier_free_map,沖縄県バリアフリーマップ,http://okinawa-bf-map.jp/facility-info/detail?facility_id=2800,2020-05-13,2800,緊急通報装置あり / トイレ出入口形状=スライド,備考: 球場内にエレベーターが有り、バックネット裏の最前列と、最上階の3階に車いすスペース有り。 / 備考: 駐車場台数 150台 / トイレ備考: オストメイトあり。
47,沖縄県,47201,那覇市,,セルラーパーク那覇（奥武山多目的屋内運動場）,,,900-0026,沖縄県那覇市奥武山42-1,26.2049159,127.6765159,http://nahataikyo.com/guide/060/,yes,yes,,,,,yes,no,no,yes,yes,no,,,,,,,,,,,,no,no,yes,,no,barrier_free_map,沖縄県バリアフリーマップ,http://okinawa-bf-map.jp/facility-info/detail?facility_id=2801,2023-02-07,2801,緊急通報装置あり / トイレ出入口形状=スライド,特徴･注意点: 一般トイレに身障者用シャワールーム・緊急通報装置・健常者シャワールームあり。 / 備考: 駐車場台数 150台 / トイレ備考: 簡易オストメイトあり。
47,沖縄県,47213,うるま市,,桃原地区コミュニティ防災センター,,,904-2425,沖縄県うるま市与那城桃原400-3,26.356353989482617,127.9719155957772,http://www.city.uruma.lg.jp/tiiki/156/1495/10504/10562,yes,yes,,,,,yes,no,no,no,yes,no,,,,,,,,,,,,no,no,no,,,barrier_free_map,沖縄県バリアフリーマップ,http://okinawa-bf-map.jp/facility-info/detail?facility_id=2802,2018-08-29,2802,緊急通報装置あり / 着替え台あり / トイレ出入口形状=スライド,備考: 駐車場台数 4台
47,沖縄県,47353,渡嘉敷村,,国立沖縄青少年交流の家,,,901-3501,沖縄県渡嘉敷村渡嘉敷2760,26.2072673,127.3688162,http://okinawa.niye.go.jp/index.html,no,yes,,,,,no,no,no,no,no,no,,,,,,,,,,,,no,no,no,,,barrier_free_map,沖縄県バリアフリーマップ,http://okinawa-bf-map.jp/facility-info/detail?facility_id=2804,2020-05-05,2804,緊急通報装置あり / トイレ出入口形状=スライド,特徴･注意点: 本施設は体験学習施設であるため、実施する学習プログラムが前提である。 そのため宿泊についても、プログラムに則した利用が可能であり、宿泊目的のみの利用は不可である。食事利用については事前申込が必要（2名以上）。 / 備考: ・プログラムを前提とした体験学習施設。 施設使用料について、学校や青少年団体は無料、一般団体は有料。 ・施設は複数の棟で構成されている（本館、宿泊棟、食堂棟、浴室棟、体育館、野球場、テニスコートetc)。 ・車いす対応客室あり（ドア：スライド、部屋の入口：段差なし、部屋の通路：車いす通行可能、バスルーム：入口段差なし・入口幅80cm以上、トイレ：手すりあり・車いすで入れる） / 備考: ヘリポートを駐車場として利用すればかなりの収容スペースがある（40~50台）。 / トイレ備考: 各施設棟に身障者専用トイレあり。
47,沖縄県,47211,沖縄市,,池原地区学習等供用施設（池原公民館）,,,904-2141,沖縄県沖縄市池原１丁目２５−１５,26.3788118,127.8277771,http://www.city.okinawa.okinawa.jp/about/130/4697/11946,yes,yes,,,,,yes,no,yes,no,yes,yes,,,,,,,,,,,,no,no,yes,,,barrier_free_map,沖縄県バリアフリーマップ,http://okinawa-bf-map.jp/facility-info/detail?facility_id=2805,2019-05-17,2805,緊急通報装置あり / トイレ出入口形状=スライド,備考: 駐車台数11台
47,沖縄県,47215,南城市,,徳仁港,,,901-1501,沖縄県南城市知念久高234-2,26.156137,127.886912,/,no,yes,,,,,no,no,no,no,no,no,,,,,,,,,,,,no,no,no,,,barrier_free_map,沖縄県バリアフリーマップ,http://okinawa-bf-map.jp/facility-info/detail?facility_id=2806,2022-05-02,2806,トイレ出入口形状=引戸,
47,沖縄県,47303,東村,,南大東郵便局,,,901-3805,沖縄県南大東村在所183-10,25.8293122,131.2315432,http://map.japanpost.jp/p/search/dtl/300170055000/,no,no,,,,,no,no,no,no,no,no,,,,,,,,,,,,,no,no,,,barrier_free_map,沖縄県バリアフリーマップ,http://okinawa-bf-map.jp/facility-info/detail?facility_id=2808,2021-03-18,2808,トイレ出入口形状=開き戸,
47,沖縄県,47303,東村,,南大東村役場,,,901-3804,沖縄県南大東村南144-1,25.8286178,131.2326348,http://www.vill.minamidaito.okinawa.jp/,no,yes,,,,,no,no,no,no,no,no,,,,,,,,,,,,,no,no,,,barrier_free_map,沖縄県バリアフリーマップ,http://okinawa-bf-map.jp/facility-info/detail?facility_id=2809,2010-05-01,2809,緊急通報装置あり / トイレ出入口形状=スライド,備考: 身体障がい者駐車場幅3.6m
47,沖縄県,47303,東村,,南大東村保険センター,,,901-3804,沖縄県南大東村南215,25.8289261,131.2327042,/,no,yes,,,,,no,no,no,no,no,no,,,,,,,,,,,,no,no,no,,,barrier_free_map,沖縄県バリアフリーマップ,http://okinawa-bf-map.jp/facility-info/detail?facility_id=2810,2010-05-01,2810,緊急通報装置あり / トイレ出入口形状=スライド,備考: 駐車台数10台 / トイレ備考: ・幼児用トイレ有り ・車イス専用トイレ故障中
47,沖縄県,47303,東村,,南大東村高齢者生活福祉センター,,,901-3804,沖縄県南大東村南144-1,25.8286178,131.2326348,/,no,yes,,,,,no,no,no,no,no,no,,,,,,,,,,,,yes,no,no,,,barrier_free_map,沖縄県バリアフリーマップ,http://okinawa-bf-map.jp/facility-info/detail?facility_id=2811,2010-05-01,2811,緊急通報装置あり / トイレ出入口形状=ドア無し,備考: 駐車台数18台 / トイレ備考: ・一般トイレ入り口に5cmの段差有り ・車イス専用トイレの出入り口はカーテンになっている
47,沖縄県,47303,東村,,南大東港西地区緑地,,,901-3826,沖縄県南大東村池之沢146,25.841922,131.2184772,/,no,yes,,,,,no,no,no,no,no,no,,,,,,,,,,,,no,no,no,,,barrier_free_map,沖縄県バリアフリーマップ,http://okinawa-bf-map.jp/facility-info/detail?facility_id=2812,2019-10-31,2812,緊急通報装置あり / トイレ出入口形状=スライド,特徴･注意点: 待合室あり / 備考: 駐車台数2台
47,沖縄県,47303,東村,,南大東空港ターミナル,,,901-3803,沖縄県南大東村旧東258,25.8459138,131.2656213,http://www.pref.okinawa.jp/airport/index/mn/minamidaito00.htm,no,yes,,,,,no,no,no,no,no,no,,,,,,,,,,,,yes,yes,yes,,,barrier_free_map,沖縄県バリアフリーマップ,http://okinawa-bf-map.jp/facility-info/detail?facility_id=2813,2022-05-19,2813,緊急通報装置あり / トイレ出入口形状=スライド,備考: 駐車台数86台 / トイレ備考: トイレの出入り口に5cmの段差あり
47,沖縄県,47303,東村,,南大東村スポーツセンター,,,901-3805,沖縄県南大東村在所317,25.8292122,131.2305322,http://www.sports-commission.okinawa/archives/search/0164,no,yes,,,,,no,no,no,no,no,no,,,,,,,,,,,,yes,no,no,,,barrier_free_map,沖縄県バリアフリーマップ,http://okinawa-bf-map.jp/facility-info/detail?facility_id=2814,2018-03-29,2814,トイレ出入口形状=スライド,特徴･注意点: ・施設を利用する際には、事前に教育委員会への申請が必要。 ・隣地にテニスコート、及び駐車場を造成中（平成22年5月完成予定） / 備考: 施設管理者:教育委員会 09802-2-2531 / トイレ備考: トイレ出入口に4cmの段差有り
47,沖縄県,47303,東村,,南大東村立ふるさと文化センター,,,901-3805,沖縄県南大東村在所317,25.829816797253542,131.22952966931155,http://www.museum-okinawa.jp/48minamidaito/index.html,no,yes,,,,,no,no,no,no,no,no,,,,,,,,,,,,yes,no,no,,,barrier_free_map,沖縄県バリアフリーマップ,http://okinawa-bf-map.jp/facility-info/detail?facility_id=2815,2018-03-29,2815,トイレ出入口形状=スライド,備考: 駐車台数20台
47,沖縄県,47303,東村,,北大東港西地区緑地,,,901-3903,沖縄県北大東村港 / 北大東港西地区内,25.952952,131.2862007,/,no,yes,,,,,no,no,no,no,no,no,,,,,,,,,,,,,no,no,,,barrier_free_map,沖縄県バリアフリーマップ,http://okinawa-bf-map.jp/facility-info/detail?facility_id=2816,2019-02-04,2816,緊急通報装置あり / トイレ出入口形状=スライド,備考: 駐車台数23台
47,沖縄県,47303,東村,,北大東村役場,,,901-3902,沖縄県北大東村中野218,25.9459514,131.298944,http://vill.kitadaito.okinawa.jp,no,yes,,,,,no,no,no,no,yes,no,,,,,,,,,,,,yes,,,,,barrier_free_map,沖縄県バリアフリーマップ,http://okinawa-bf-map.jp/facility-info/detail?facility_id=2817,2018-11-22,2817,緊急通報装置あり / トイレ出入口形状=スライド,備考: 駐車台数10台 / トイレ備考: トイレ出入口に4cmの段差あり
47,沖縄県,47303,東村,,北大東村人材交流センター・民族資料館,,,901-3902,沖縄県北大東村中野152-1,25.9497456,131.29558309999993,http://vill.kitadaito.okinawa.jp/tourism1_navi_jinzai,no,yes,,,,,no,no,no,no,no,no,,,,,,,,,,,,yes,no,no,,,barrier_free_map,沖縄県バリアフリーマップ,http://okinawa-bf-map.jp/facility-info/detail?facility_id=2818,2018-01-09,2818,緊急通報装置あり / トイレ出入口形状=スライド,特徴･注意点: 施設を利用する場合は、事前に来た大東村役場への予約が必要 / 備考: 管理者:北大東村役場 09802-3-4001 / 備考: 駐車台数30台
47,沖縄県,47303,東村,,北大東空港ターミナル,,,901-3901,沖縄県北大東村南19-16,25.9446952,131.3244415,http://www.pref.okinawa.jp/airport/index/kt/kitadaito00.htm,yes,yes,,,,,no,no,no,no,no,yes,,,,,,,,,,,,no,no,yes,,,barrier_free_map,沖縄県バリアフリーマップ,http://okinawa-bf-map.jp/facility-info/detail?facility_id=2819,2018-01-09,2819,緊急通報装置あり / トイレ出入口形状=スライド,備考: 駐車台数49台
47,沖縄県,47303,東村,,北大東村地域スポーツセンター,,,901-3902,沖縄県北大東村中野282,25.945246532105674,131.3022740844849,/,no,yes,,,,,no,no,no,no,no,no,,,,,,,,,,,,yes,no,no,,,barrier_free_map,沖縄県バリアフリーマップ,http://okinawa-bf-map.jp/facility-info/detail?facility_id=2820,2019-02-07,2820,トイレ出入口形状=スライド,特徴･注意点: ・施設を利用する場合は、事前に教育委員会への申請が必要。 ・車イス専用トイレはあるが、倉庫として利用されており使用不可。 / 備考: 施設管理者:教育委員会 TEL:09802-3-4138 FAX:09802-3-4358 / 備考: 駐車台数40台 / トイレ備考: トイレ出入口に5cmの段差あり
47,沖縄県,47303,東村,,北大東村保健・福祉センター,,,901-3902,沖縄県北大東村中野212,25.9448404,131.2990939,/,no,yes,,,,,yes,no,no,no,no,no,,,,,,,,,,,,yes,no,no,,,barrier_free_map,沖縄県バリアフリーマップ,http://okinawa-bf-map.jp/facility-info/detail?facility_id=2821,2021-01-08,2821,緊急通報装置あり / トイレ出入口形状=スライド,備考: 駐車台数6台
47,沖縄県,47208,浦添市,,すぐそばの写真屋さん,,,,〒 ９０１－２１３２ / 沖縄県浦添市伊祖３丁目９－３ / 伊野波ビル１Ｆ,26.25738807004151,127.71779681534419,/,,yes,,,,,,,,,,,,,,,,,,,,,,,,,,,barrier_free_map,沖縄県バリアフリーマップ,http://okinawa-bf-map.jp/facility-info/detail?facility_id=2823,2016-10-13,2823,,備考: あなたのすぐそばにある写真屋さん、いつでも気軽に行ける写真屋さん 誰でも そう、バリアフリーな写真屋さん それは、カメラマンが車いすになって、その人の視線、車椅子の視線から 作り上げたスタジオだから・・・・・・ 誰にでも優しい、誰でも行けるそんな写真屋さんです / 備考: 車いすが乗り降り可能なスペースがあります。
47,沖縄県,47201,那覇市,,味と踊りの竜宮城 うらしま,,,900-0033,沖縄県那覇市久米 2-10-6 / 新垣ビル２F,26.2153676,127.6751374,http://www.urashima.jp/,yes,yes,,,,,yes,no,no,no,yes,yes,,,,,,,,,,,,,no,no,,,barrier_free_map,沖縄県バリアフリーマップ,http://okinawa-bf-map.jp/facility-info/detail?facility_id=2824,2017-01-18,2824,着替え台あり / トイレ出入口形状=引戸,備考: 駐車場無料。 事前連絡があれば、お店の入口で降り、 スタッフが駐車場とお店までの車の移動をいたします。
47,沖縄県,47209,名護市,,オリオンビール名護工場,,,905-0021,沖縄県名護市東江2-2-1,26.5866307,127.989349,http://www.orionbeer.co.jp/happypark/index.html,yes,yes,,,,,no,,no,,no,no,,,,,,,,,,,,,no,,,,barrier_free_map,沖縄県バリアフリーマップ,http://okinawa-bf-map.jp/facility-info/detail?facility_id=2825,2018-10-11,2825,,備考: 見学通路リニューアル工事に伴う見学内容変更のお知らせ 平成23年5月（予定）のリニューアルオープンに向けての工事の為 平成23年1月4日より5月（予定）までの間、製造ライン見学は出来ません。 ご迷惑をお掛け致しますがご了承下さい。 尚、工事期間中もビール試飲及びショップ利用は可能となっておりますのでご利用下さい。 / 備考: 駐車場に係員がおり、入口近くの駐車場を案内してくれました。
47,沖縄県,47208,浦添市,,魚蔵 バークレーズコート店,,,901-2104,沖縄県浦添市当山２丁目２番４号,26.2529077,127.7366721,http://www.uokura-corp.jp/uokura.html,yes,yes,,,,,yes,no,no,,no,no,,,,,,,,,,,,no,no,no,,,barrier_free_map,沖縄県バリアフリーマップ,http://okinawa-bf-map.jp/facility-info/detail?facility_id=2826,2011-07-11,2826,緊急通報装置あり / トイレ出入口形状=スライド,
47,沖縄県,47201,那覇市,,中華料理 東洋飯店,,,900-0004,沖縄県那覇市銘苅２丁目11番２４号,26.2337243,127.6956761,http://www.toyohanten-okinawa.com/,no,yes,,,,,yes,no,no,,yes,no,,,,,,,,,,,,no,no,no,,,barrier_free_map,沖縄県バリアフリーマップ,http://okinawa-bf-map.jp/facility-info/detail?facility_id=2828,2017-01-09,2828,トイレ出入口形状=開き戸,備考: 東洋飯店 那覇店 098-869-6103 TELに掲載している番号は予約専用ダイヤルとなっております。
47,沖縄県,47327,北中城村,,ゆたかやそば,,,901-2321,沖縄県北中城村美崎７５,26.3056907,127.8201078,/,no,yes,,,,,no,no,no,,yes,no,,,,,,,,,,,,no,no,no,,,barrier_free_map,沖縄県バリアフリーマップ,http://okinawa-bf-map.jp/facility-info/detail?facility_id=2829,2022-07-21,2829,トイレ出入口形状=スライド,
47,沖縄県,47314,金武町,,伊芸海浜公園,,,904-1202,沖縄県金武町伊芸,26.4567945,127.878315,/,yes,yes,,,,,no,no,yes,,yes,yes,,,,,,,,,,,,no,no,no,,,barrier_free_map,沖縄県バリアフリーマップ,http://okinawa-bf-map.jp/facility-info/detail?facility_id=2830,2019-10-31,2830,着替え台あり / トイレ出入口形状=スライド,トイレ備考: 男女別々に多目的トイレ設置
47,沖縄県,47315,伊江村,,伊江島 城山(タッチュー),,,905-0502,沖縄県伊江村東江上,26.7197094,127.8070003,http://www.okinawainfo.net/ie/taccyu.html,,yes,,,,,,,,,,,,,,,,,,,,,,,no,,,,barrier_free_map,沖縄県バリアフリーマップ,http://okinawa-bf-map.jp/facility-info/detail?facility_id=2832,2018-01-19,2832,トイレ出入口形状=スライド,備考: 0980-49-2001(伊江村商工観光課) 海抜172ｍの岩山で村外からは｢伊江島タッチュー｣の名で親しまれています。見る角度によって様々な形に見えます。ある角度からはゴリラの横顔の様に見えるので、是非見てみてください。 片道15分くらい階段を登ります。階段の段数に特徴があるので数えながら登ってみるのも楽しいかも！ 麓にはお土産屋さんがあり、そこからの景色も十分楽しむことが出来ます。 車いすでは登ることはできませんが、駐車場からの景色もきれいです。 駐車場には、お土産やさんの施設がならんでいます。
47,沖縄県,47315,伊江村,,湧出,,,905-0501,沖縄県伊江村東江上３６７４,26.732516712071195,127.7911864264588,http://www.iejima.org/document/2015011000114/,,yes,,,,,,,,,,,,,,,,,,,,,,,,,,,barrier_free_map,沖縄県バリアフリーマップ,http://okinawa-bf-map.jp/facility-info/detail?facility_id=2833,2018-01-08,2833,トイレ出入口形状=スライド,備考: 〒905-0501 沖縄県国頭郡伊江村東江上 0980-49-2906(伊江村商工水産課) 島の北西部に位置する、水が湧き出る場所のことです。この一帯は60ｍを越える断崖絶壁が連なっていて、湧出までは岩場を歩いていきます。戦後は村民の生活用水として利用されていました。海岸にあるので、真水と海水が混ざる水が特徴的です。浅瀬にも魚がいるので、沖縄独特の様々な魚を見て楽しむことも出来ます。
47,沖縄県,47201,那覇市,,さかなや厨房 海山味（かざみ）,,,900-0014,沖縄県那覇市松尾2-11-1,26.2140457,127.6877506,http://www.kazami.in/,,yes,,,,,,,,,,,,,,,,,,,,,,,,,,,barrier_free_map,沖縄県バリアフリーマップ,http://okinawa-bf-map.jp/facility-info/detail?facility_id=2835,2015-09-10,2835,トイレ出入口形状=スライド,備考: 席数： 30席 （テーブル席および座敷：バリアフリー） / 備考: 近くにコインパーキング有（身障者用の駐車スペースあり）。
47,沖縄県,47210,糸満市,,首里天楼 別邸,,,901-0305,沖縄県糸満市西崎町4-16-16,26.1422822,127.6584783,http://bt.suitenrou.com/,yes,,,,,,,,,,yes,,,,,,,,,,,,,,,,,,barrier_free_map,沖縄県バリアフリーマップ,http://okinawa-bf-map.jp/facility-info/detail?facility_id=2837,2015-09-10,2837,トイレ出入口形状=スライド,
47,沖縄県,47211,沖縄市,,お好み焼工房 やっぱ好きやねん,,,904-2171,沖縄県沖縄市高原４－１９－６,26.320080034672195,127.82003921719661,http://sukiyanen.fc2web.com/,,yes,,,,,,,,,,,,,,,,,,,,,,,,,,,barrier_free_map,沖縄県バリアフリーマップ,http://okinawa-bf-map.jp/facility-info/detail?facility_id=2839,2016-08-03,2839,トイレ出入口形状=スライド,備考: 駐車場から出入口までのアスファルトが少しでこぼこしていますが、お店の方が介助してくれます。 車いすであることを事前に連絡すると、テーブル席を確保してくれます。
47,沖縄県,47209,名護市,,琉球薬膳料理店 ぬちぐすい,,,905-0024,沖縄県名護市許田19,26.5518245,127.969504,http://nagonuchigusui.com/index.html,yes,,,,,,,yes,yes,,yes,yes,,,,,,,,,,,,,,,,,barrier_free_map,沖縄県バリアフリーマップ,http://okinawa-bf-map.jp/facility-info/detail?facility_id=2840,2018-10-11,2840,トイレ出入口形状=自動ドア,トイレ備考: トイレは、すぐ向かいにある、道の駅許田の情報です。
47,沖縄県,47201,那覇市,,国際通り,,,,国際通り,26.2160177,127.6874004,/,yes,,,,,,,,,,,,,,,,,,,,,,,,,,,,barrier_free_map,沖縄県バリアフリーマップ,http://okinawa-bf-map.jp/facility-info/detail?facility_id=2842,2011-01-18,2842,,備考: 施設が区切られているため、施設ごとに出入りします。そのため、雨の日は大変だと感じました。 / 備考: 駐車場は、有料のパーキングが国際通り周辺に多数あります。 / トイレ備考: 国際通り周辺にある、施設に車いす専用トイレ・多目的トイレあります。
47,沖縄県,47301,国頭村,,やんばる学びの森,,,905-1504,沖縄県国頭村安波1301-7,26.7136357,128.2690175,http://atabii.jp/,yes,yes,,,,,yes,,,,,,,,,,,,,,,,,,yes,,,,barrier_free_map,沖縄県バリアフリーマップ,http://okinawa-bf-map.jp/facility-info/detail?facility_id=2843,2020-05-06,2843,トイレ出入口形状=スライド,
47,沖縄県,47207,石垣市,,ARURU CITTA FELICE,,,907-0002,沖縄県石垣市真栄里273-1,24.3362786,124.1801214,http://www.aruru-cittafelice.com/index.html,,yes,,,,,,,,,,,,,,,,,,,,,,,,,,,barrier_free_map,沖縄県バリアフリーマップ,http://okinawa-bf-map.jp/facility-info/detail?facility_id=2845,2015-09-11,2845,,
47,沖縄県,47361,久米島町,,ちぃとぅ処 福屋,,,901-3124,沖縄県久米島町仲泊427-1,26.34844126010989,126.74481130195306,http://shimafuku.com/,,yes,,,,,,,,,,,,,,,,,,,,,,,,,,,barrier_free_map,沖縄県バリアフリーマップ,http://okinawa-bf-map.jp/facility-info/detail?facility_id=2846,2018-09-10,2846,,
47,沖縄県,47311,恩納村,,おんなの駅 なかゆくい市場,,,904-0415,沖縄県恩納村仲泊1656-9,26.4361551,127.7948422,http://onnanoeki.com/,,yes,,,,,,,,,,,,,,,,,,,,,,,,,,,barrier_free_map,沖縄県バリアフリーマップ,http://okinawa-bf-map.jp/facility-info/detail?facility_id=2847,2019-03-06,2847,,備考: 身体障がい者用駐車場が建物ののすぐそばにあります。 駐車場収納台数 大型5台
47,沖縄県,47210,糸満市,,道の駅 糸満,,,901-0305,沖縄県糸満市西崎町4-19-1,26.138756553372488,127.66046935449218,http://michinoeki.ti-da.net/,,yes,,,,,,,,,,,,,,,,,,,,,,,,,,,barrier_free_map,沖縄県バリアフリーマップ,http://okinawa-bf-map.jp/facility-info/detail?facility_id=2848,2017-12-27,2848,,
47,沖縄県,47211,沖縄市,,介護ショップ 助さん・たくさん,,,904-2174,沖縄県沖縄市与儀716-1リビング・デザイン・スクエア・アワセ内 2階,26.306801351732876,127.81579839472042,/,yes,,,,,,,,yes,,yes,yes,,,,,,,,,,,,,yes,yes,,,barrier_free_map,沖縄県バリアフリーマップ,http://okinawa-bf-map.jp/facility-info/detail?facility_id=2849,2011-01-21,2849,トイレ出入口形状=スライド,
47,沖縄県,47326,北谷町,,デポアイランド,,,904-0115,沖縄県北谷町美浜９－1,26.315054998928385,127.75492507459101,http://www.depot-island.co.jp/,,yes,,,,,,,,,,,,,,,,,,,,,,,,,,,barrier_free_map,沖縄県バリアフリーマップ,http://okinawa-bf-map.jp/facility-info/detail?facility_id=2850,2021-01-15,2850,,備考: 身体障がい者専用駐車場 各ビルの前に2台～4台
47,沖縄県,47201,那覇市,,カラオケ ビッグエコー（小禄店店）,,,901-0154,沖縄県那覇市赤嶺１丁目５番２号,26.1948332,127.6643618,http://www.clubdam.com/app/leaf/beShopLeaf.do?shopCode=200906220002,no,yes,,,,,yes,no,no,,no,no,,,,,,,,,,,,no,no,no,,,barrier_free_map,沖縄県バリアフリーマップ,http://okinawa-bf-map.jp/facility-info/detail?facility_id=2852,2011-07-08,2852,トイレ出入口形状=スライド,
47,沖縄県,47209,名護市,,21世紀の森公園,,,905-0015,沖縄県名護市大南二丁目1番25号,26.592868992609862,127.97392857976229,http://www.city.nago.okinawa.jp/kurashi/2018071901650/,no,yes,,,,,,no,no,no,,no,,,,,,,,,,,,no,,,,,barrier_free_map,沖縄県バリアフリーマップ,http://okinawa-bf-map.jp/facility-info/detail?facility_id=2853,2020-05-13,2853,,特徴･注意点: 公園内の通路は車いすで移動可能。
47,沖縄県,47212,豊見城市,,漫湖水鳥・湿地センター,,,901-0241,沖縄県豊見城市豊見城982,26.1940506,127.681761,http://www.geocities.jp/manko_mizudori/index.htm,yes,,,,,,,,,,yes,,,,,,,,,,,,,,,,,,barrier_free_map,沖縄県バリアフリーマップ,http://okinawa-bf-map.jp/facility-info/detail?facility_id=2854,2015-09-10,2854,トイレ出入口形状=スライド,
47,沖縄県,47201,那覇市,,コープ小禄,,,901-0151,沖縄県那覇市鏡原町３４-２１,26.1968835,127.676836,http://www.okinawa.coop/index.php?id=1450&kid=30&kgid=7&a=c&PHPSESSID=5f5c1b2f263fcfae84eb7e193b4c94f0,yes,,,,,,yes,,,,yes,,,,,,,,,,,,,no,,,,,barrier_free_map,沖縄県バリアフリーマップ,http://okinawa-bf-map.jp/facility-info/detail?facility_id=2855,2024-05-08,2855,緊急通報装置あり / トイレ出入口形状=自動ドア,
47,沖縄県,47308,本部町,,ピザ喫茶 花人逢,,,905-0219,沖縄県本部町山里1153-2,26.6685783,127.9006831,http://kajinhou.com/,no,yes,,,,,no,no,no,,no,no,,,,,,,,,,,,,,,,,barrier_free_map,沖縄県バリアフリーマップ,http://okinawa-bf-map.jp/facility-info/detail?facility_id=2858,2023-08-28,2858,トイレ出入口形状=開き戸,特徴･注意点: 介助者がいれば、スムーズに対応することができます。
47,沖縄県,47208,浦添市,,OUTLET-J（アウトレットジェイ） バークレーズコート浦添店,,,901-2104,沖縄県浦添市当山2-2-1-1 バークレーズコート浦添,26.2517856,127.7376221,http://outlet-j.jp/,yes,yes,,,,,no,no,no,,yes,no,,,,,,,,,,,,no,no,no,,,barrier_free_map,沖縄県バリアフリーマップ,http://okinawa-bf-map.jp/facility-info/detail?facility_id=2861,2015-09-10,2861,トイレ出入口形状=スライド,
47,沖縄県,47211,沖縄市,,泡瀬漁港 パヤオ直売店,,,904-2172,沖縄県沖縄市泡瀬1-11-34,26.3239311,127.834517,http://www.payao-okinawa.com/,no,yes,,,,,,no,no,,no,no,,,,,,,,,,,,,,,,,barrier_free_map,沖縄県バリアフリーマップ,http://okinawa-bf-map.jp/facility-info/detail?facility_id=2863,2019-05-17,2863,,
47,沖縄県,47326,北谷町,,林屋,,,904-0117,沖縄県北谷町北前1-6-8,26.299210503207313,127.76135424669647,/,no,yes,,,,,,no,yes,,no,no,,,,,,,,,,,,,,,,,barrier_free_map,沖縄県バリアフリーマップ,http://okinawa-bf-map.jp/facility-info/detail?facility_id=2865,2021-01-20,2865,,
47,沖縄県,47308,本部町,,琉宮城 蝶々園,,,905-0205,沖縄県本部町山川390-1,26.6839176,127.8793543,http://ryugujo.okinawa/,yes,yes,,,,,no,no,no,,yes,no,,,,,,,,,,,,yes,yes,no,,,barrier_free_map,沖縄県バリアフリーマップ,http://okinawa-bf-map.jp/facility-info/detail?facility_id=2867,2019-03-18,2867,トイレ出入口形状=スライド,備考: 園内・館内共にバリアフリー対応
47,沖縄県,47201,那覇市,,マックハウス 那覇新都心店,,,900-0004,沖縄県那覇市銘苅2-4-31,26.2312082,127.7001704,/,yes,yes,,,,,yes,no,no,,no,yes,,,,,,,,,,,,no,no,no,,,barrier_free_map,沖縄県バリアフリーマップ,http://okinawa-bf-map.jp/facility-info/detail?facility_id=2868,2015-09-10,2868,緊急通報装置あり / トイレ出入口形状=スライド,
47,沖縄県,47215,南城市,,ポランのひろば,,,901-1511,沖縄県南城市知念久手堅599-2,26.1702377,127.8284216,http://www3.ocn.ne.jp/~polan/,no,yes,,,,,no,no,no,,no,no,,,,,,,,,,,,no,no,yes,,,barrier_free_map,沖縄県バリアフリーマップ,http://okinawa-bf-map.jp/facility-info/detail?facility_id=2869,2015-09-10,2869,トイレ出入口形状=引戸,
47,沖縄県,47215,南城市,,vegetarica ベジタリカ,,,901-0606,沖縄県南城市玉城糸数15-6,26.1524454,127.7588032,http://vegetarica.ti-da.net/,no,no,,,,,no,no,no,,no,no,,,,,,,,,,,,no,,,,,barrier_free_map,沖縄県バリアフリーマップ,http://okinawa-bf-map.jp/facility-info/detail?facility_id=2872,2018-03-29,2872,トイレ出入口形状=開き戸,
47,沖縄県,47211,沖縄市,,我部祖河食堂 コザ店,,,904-0031,沖縄県沖縄市上地4-20-1,26.3356967,127.7910762,http://www.gabusokasoba.com/,no,no,,,,,no,no,no,,,,,,,,,,,,,,,no,no,no,,,barrier_free_map,沖縄県バリアフリーマップ,http://okinawa-bf-map.jp/facility-info/detail?facility_id=2873,2024-02-15,2873,トイレ出入口形状=開き戸,
47,沖縄県,47324,読谷村,,当山歯科医院,,,904-0305,沖縄県読谷村都屋167-3,26.3936997,127.7263117,/,no,no,,,,,no,no,no,,no,no,,,,,,,,,,,,no,no,no,,,barrier_free_map,沖縄県バリアフリーマップ,http://okinawa-bf-map.jp/facility-info/detail?facility_id=2875,2013-05-20,2875,,
47,沖縄県,47205,宜野湾市,,ローソン 中部商業高校前店,,,901-2213,沖縄県宜野湾市志真志4丁目24-9,26.2562493,127.7589426,http://www.e-map.ne.jp/p/lawson/dtl/195268/,yes,yes,,,,,yes,no,no,,no,no,,,,,,,,,,,,no,no,no,,,barrier_free_map,沖縄県バリアフリーマップ,http://okinawa-bf-map.jp/facility-info/detail?facility_id=2877,2023-10-06,2877,トイレ出入口形状=引戸,
47,沖縄県,47201,那覇市,,ローソン 那覇繁多川一丁目店,,,902-0071,沖縄県那覇市繁多川1-6-20,26.2111162,127.7081019,/,yes,yes,,,,,yes,no,no,,yes,no,,,,,,,,,,,,no,no,no,,,barrier_free_map,沖縄県バリアフリーマップ,http://okinawa-bf-map.jp/facility-info/detail?facility_id=2878,2015-09-10,2878,トイレ出入口形状=引戸,
47,沖縄県,47212,豊見城市,,ローソン 豊崎レンタカーステーション前店,,,901-0225,沖縄県豊見城市豊崎3-70,26.1579834,127.6541474,/,yes,yes,,,,,yes,no,no,,yes,no,,,,,,,,,,,,no,no,no,,,barrier_free_map,沖縄県バリアフリーマップ,http://okinawa-bf-map.jp/facility-info/detail?facility_id=2879,2023-10-06,2879,緊急通報装置あり / トイレ出入口形状=スライド,
47,沖縄県,47201,那覇市,,レストランカラオケ シダックス 那覇新都心クラブ,,,900-0006,沖縄県那覇市おもろまち4-11-16,26.2283056,127.6973986,/,yes,yes,,,,,no,no,no,,yes,no,,,,,,,,,,,,no,no,no,,,barrier_free_map,沖縄県バリアフリーマップ,http://okinawa-bf-map.jp/facility-info/detail?facility_id=2880,2011-06-30,2880,トイレ出入口形状=スライド,
47,沖縄県,47201,那覇市,,カラオケ本舗 まねきねこ 那覇寄宮店,,,902-0064,沖縄県那覇市寄宮3-18-13 3階,26.2100827,127.698825,http://www.karaokemanekineko.jp/store/okinawa/nahayorimiya.html,no,no,,,,,no,no,no,,no,no,,,,,,,,,,,,yes,no,no,,,barrier_free_map,沖縄県バリアフリーマップ,http://okinawa-bf-map.jp/facility-info/detail?facility_id=2881,2011-06-30,2881,トイレ出入口形状=開き戸,備考: 5時間無料
47,沖縄県,47313,宜野座村,,漢那ダム 資料館,,,904-1304,沖縄県宜野座村漢那中山原2015-2,26.48320365224996,127.95100238033247,http://www.dc.ogb.go.jp/toukan/dam/kanna_dam.html,yes,yes,,,,,no,no,no,,no,no,,,,,,,,,,,,no,,,,,barrier_free_map,沖縄県バリアフリーマップ,http://okinawa-bf-map.jp/facility-info/detail?facility_id=2882,2023-12-14,2882,トイレ出入口形状=スライド,トイレ備考: 一般トイレ開口幅80cm以上あり
47,沖縄県,47311,恩納村,,恩納村海浜公園 ナビービーチ,,,904-0411,沖縄県恩納村恩納419-4,26.4995161,127.8573319,http://www.nabee.info/,no,yes,,,,,no,no,no,,no,no,,,,,,,,,,,,yes,,,,,barrier_free_map,沖縄県バリアフリーマップ,http://okinawa-bf-map.jp/facility-info/detail?facility_id=2883,2019-03-06,2883,トイレ出入口形状=スライド,特徴･注意点: 4月1日～10月31日 午前10時～午後7時 （悪天候時、及び季節に応じて、変更有り）
47,沖縄県,47212,豊見城市,,壺川自動車学校,,,901-0235,沖縄県豊見城市名嘉地225,26.1737797,127.6648688,http://www.cptown.net/edu/tsubogawa/,yes,yes,,,,,yes,no,yes,no,no,no,,,,,,,,,,,,,no,no,,,barrier_free_map,沖縄県バリアフリーマップ,http://okinawa-bf-map.jp/facility-info/detail?facility_id=2884,2024-02-01,2884,トイレ出入口形状=スライド,備考: オストメイト対応トイレあります。近隣の方、観光客の方ご自由にお使いください。
47,沖縄県,47212,豊見城市,,マックスバリュ豊見城店,,,901-0234,沖縄県豊見城市田頭155-1,26.1755072,127.6624743,http://www.r-jusco.co.jp,yes,yes,,,,,yes,yes,yes,,no,yes,,,,,,,,,,,,no,yes,,,,barrier_free_map,沖縄県バリアフリーマップ,http://okinawa-bf-map.jp/facility-info/detail?facility_id=2885,2015-09-10,2885,緊急通報装置あり / トイレ出入口形状=スライド,備考: 駐車台数300台
47,沖縄県,47211,沖縄市,,マクドナルド 上地店,,,904-0031,沖縄県沖縄市上地4-21-6,26.3360344,127.7931982,http://www.mcdonalds.co.jp,yes,yes,,,,,yes,,,,yes,yes,,,,,,,,,,,,,,,,,barrier_free_map,沖縄県バリアフリーマップ,http://okinawa-bf-map.jp/facility-info/detail?facility_id=2886,2015-10-01,2886,トイレ出入口形状=スライド,備考: 正式名称 日本マクドナルド株式会社 マクドナルド上地店
47,沖縄県,47201,那覇市,,医療法人天仁会 天久台病院,,,900-0005,沖縄県那覇市字天久1123番地,26.2314092,127.6839902,http://www.ｔｊｍｃ.or.jp,yes,yes,,,,,,no,yes,no,no,no,,,,,,,,,,,,,no,no,,,barrier_free_map,沖縄県バリアフリーマップ,http://okinawa-bf-map.jp/facility-info/detail?facility_id=2888,2023-11-07,2888,緊急通報装置あり / トイレ出入口形状=スライド,備考: 精神科・老年精神科・児童精神科・心療内科・脳神経内科 / 備考: ３時間以内無料 それ以降診察・面会の方 受付を通せば無料
47,沖縄県,47205,宜野湾市,,サンエー宜野湾コンベンションシティ,,,901-2227,沖縄県宜野湾市宇地泊５５８番地１０,26.2748834,127.7299159,http://www.san-a.co.jp/conventioncity/,yes,,,,,,yes,yes,yes,,,yes,,,,,,,,,,,,,,,,,barrier_free_map,沖縄県バリアフリーマップ,http://okinawa-bf-map.jp/facility-info/detail?facility_id=2889,2023-07-18,2889,トイレ出入口形状=スライド,
47,沖縄県,47211,沖縄市,,マツモトキヨシ 古謝店,,,904-2161,沖縄県沖縄市古謝2-16-33,26.3336219,127.83250859999998,http://www.matsukiyo.co.jp/map?Type=Area&area=47,yes,,,,,,,,yes,,yes,,,,,,,,,,,,,,,,,,barrier_free_map,沖縄県バリアフリーマップ,http://okinawa-bf-map.jp/facility-info/detail?facility_id=2891,2019-05-20,2891,,
47,沖縄県,47214,宮古島市,,島の駅みやこ,,,906-0015,沖縄県宮古島市平良字久貝870-1,24.796281018266065,125.27401866560673,http://www.simanoeki.net/,yes,,,,,,,,,,,,,,,,,,,,,,,,,,,,barrier_free_map,沖縄県バリアフリーマップ,http://okinawa-bf-map.jp/facility-info/detail?facility_id=2892,2018-12-17,2892,,備考: フリーダイアル(0120-408-358)
47,沖縄県,47214,宮古島市,,マックスバリュー 宮古南店,,,906-0014,沖縄県宮古島市平良松原631,24.78775251576521,125.28094793016359,http://www.aeon-ryukyu.jp/store/maxvalu/miyakominami/,yes,yes,,,,,,yes,yes,,yes,,,,,,,,,,,,,,,yes,,,barrier_free_map,沖縄県バリアフリーマップ,http://okinawa-bf-map.jp/facility-info/detail?facility_id=2893,2018-07-02,2893,,
47,沖縄県,47214,宮古島市,,ヤマダ電機 テックランド宮古島店,,,906-0014,沖縄県宮古島市平良字松原638,24.78692837788028,125.28036185449216,http://www.yamada-denki.jp/store/contents/?d=1230,yes,,,,,,,,,,,,,,,,,,,,,,,,,,,,barrier_free_map,沖縄県バリアフリーマップ,http://okinawa-bf-map.jp/facility-info/detail?facility_id=2894,2023-11-10,2894,,
47,沖縄県,47214,宮古島市,,宮古島市公設市場,,,906-0013,沖縄県宮古島市平良下里1番地,24.804401175835853,125.27938652341766,http://miyakojima.net/daidokoro/itiba.html,yes,,,,,,,,,,,,,,,,,,,,,,,,,,,,barrier_free_map,沖縄県バリアフリーマップ,http://okinawa-bf-map.jp/facility-info/detail?facility_id=2895,2024-01-23,2895,,備考: 0980-73-2690 (宮古島市観光商工スポーツ部 観光商工課 商工物産係)
47,沖縄県,47214,宮古島市,,みやこサンセットビーチ,,,906-0015,沖縄県宮古島市平良久貝550ー6,24.796087070889534,125.26735626508177,/,no,yes,,,,,no,,,,,,,,,,,,,,,,,,,,,,barrier_free_map,沖縄県バリアフリーマップ,http://okinawa-bf-map.jp/facility-info/detail?facility_id=2896,2020-05-25,2896,,
47,沖縄県,47201,那覇市,,那覇市役所,,,900-8585,沖縄県那覇市泉崎1-1-1,26.212529744517443,127.67911236626776,http://www.city.naha.okinawa.jp/,yes,yes,,,,,yes,yes,yes,no,yes,yes,,,,,,,,,,,,,no,yes,,yes,barrier_free_map,沖縄県バリアフリーマップ,http://okinawa-bf-map.jp/facility-info/detail?facility_id=2898,2023-09-13,2898,緊急通報装置あり,備考: 雨天時などの乗り降りに備えて、地下駐車場は15分以内の利用は無料となっています。 / トイレ備考: 一般トイレ段差、開口幅なし
47,沖縄県,47208,浦添市,,メイクマン 浦添本店,,,901-2559,沖縄県浦添市城間２００８,26.26068962883881,127.71064846441804,http://www.makeman.co.jp/,yes,yes,,,,,yes,no,yes,no,yes,yes,,,,,,,,,,,,,no,no,,,barrier_free_map,沖縄県バリアフリーマップ,http://okinawa-bf-map.jp/facility-info/detail?facility_id=2899,2024-06-03,2899,緊急通報装置あり / 着替え台あり / トイレ出入口形状=スライド,トイレ備考: 一般トイレ開口幅80cm以上あります 女子トイレ：子供用小便器、手洗い器あり
47,沖縄県,47382,与那国町,,与那国町観光協会,,,907-1801,沖縄県与那国町字与那国437-17,24.45445677079862,123.01349472687525,http://yona-shoko.com/info/center/,yes,,,,,,,yes,yes,,no,yes,,,,,,,,,,,,,,,,,barrier_free_map,沖縄県バリアフリーマップ,http://okinawa-bf-map.jp/facility-info/detail?facility_id=2901,2018-09-03,2901,,備考: 入口部分にスロープ有り。 / トイレ備考: トイレの手すりは可動式で両側有り。
47,沖縄県,47382,与那国町,,与那国公衆トイレ,,,,沖縄県与那国町与那国,24.4690684,123.0018701,/,no,yes,,,,,,no,no,,,,,,,,,,,,,,,,,,,,barrier_free_map,沖縄県バリアフリーマップ,http://okinawa-bf-map.jp/facility-info/detail?facility_id=2907,2020-06-16,2907,緊急通報装置あり,備考: 公衆トイレです。 ※施設に住所は振られていません。近隣の地図を表示しています。 / トイレ備考: 車イス用トイレの手すりは可動式・両側に有り。
47,沖縄県,47382,与那国町,,アヤミハビル館,,,907-1801,沖縄県与那国町字与那国2114,24.4569667,123.010378,http://www.churashima.net/shima/special/yonaguni/04ayami.html,,yes,,,,,,,,,,,,,,,,,,,,,,,,,,,barrier_free_map,沖縄県バリアフリーマップ,http://okinawa-bf-map.jp/facility-info/detail?facility_id=2908,2020-05-07,2908,トイレ出入口形状=引戸,備考: アヤミハビルは「ヨナグニサン」（日本最大の蛾）の事です。 / トイレ備考: 手すりは固定式、両側に有り。
47,沖縄県,47201,那覇市,,琉球新麺 通堂 寄宮十字路店,,,902-0064,沖縄県那覇市寄宮（字）１５４−９ / 第二玉元ビル1Ｆ,26.2056415,127.6988865,http://www.ryoji-family.co.jp/store.php#a05,,yes,,,,,,,,,,,,,,,,,,,,,,,,,,,barrier_free_map,沖縄県バリアフリーマップ,http://okinawa-bf-map.jp/facility-info/detail?facility_id=2910,2023-06-14,2910,,備考: 係員の指示に従ってご駐車下さい。 / トイレ備考: 車イス対応。 手すり両側に有り。
47,沖縄県,47201,那覇市,,おもろダイニング 山葵,,,900-0006,沖縄県那覇市おもろまち4-8-8,26.2267307,127.6969988,http://www.kaientai-okinawa.com/wasabi.htm,,yes,,,,,yes,,,,,,,,,,,,,,,,,,,,,,barrier_free_map,沖縄県バリアフリーマップ,http://okinawa-bf-map.jp/facility-info/detail?facility_id=2911,2015-09-10,2911,トイレ出入口形状=スライド,備考: 道向かいに指定駐車場有り。 1h無料。 / トイレ備考: 手すりは両側に有り。
47,沖縄県,47211,沖縄市,,みやんち STUDIO&CAFFE,,,904-2174,沖縄県沖縄市与儀1-29-22,26.30841391414233,127.8136648166717,http://miyanchi.jp/,yes,,,,,,,,,,yes,,,,,,,,,,,,,,,,,,barrier_free_map,沖縄県バリアフリーマップ,http://okinawa-bf-map.jp/facility-info/detail?facility_id=2915,2019-05-20,2915,,
47,沖縄県,47201,那覇市,,CAFE&BAR ROKU,,,900-0015,沖縄県那覇市久茂地3-29-70,26.2150233,127.6836563,/,yes,,,,,,,,yes,,yes,,,,,,,,,,,,,,,,,,barrier_free_map,沖縄県バリアフリーマップ,http://okinawa-bf-map.jp/facility-info/detail?facility_id=2916,2015-09-10,2916,,
47,沖縄県,47201,那覇市,,鉄板焼ステーキレストラン 碧 heki おもろまち店,,,900-0006,沖縄県那覇市おもろまち3-6-15,26.2299164,127.6951709,/,yes,,,,,,,,,,,,,,,,,,,,,,,,,,,,barrier_free_map,沖縄県バリアフリーマップ,http://okinawa-bf-map.jp/facility-info/detail?facility_id=2918,2015-09-10,2918,,
47,沖縄県,47207,石垣市,,石垣あやぱにボウル,,,907-0024,沖縄県石垣市新川730番地,24.355075,124.14684910000005,http://www.ayapani-bowl.com/,yes,,,,,,,,yes,,,,,,,,,,,,,,,,,,,,barrier_free_map,沖縄県バリアフリーマップ,http://okinawa-bf-map.jp/facility-info/detail?facility_id=2919,2020-05-01,2919,,
47,沖縄県,47301,国頭村,,やんばる森のおもちゃ美術館,,,905-1411,沖縄県国頭村辺土名1094-1(国頭森林公園内),26.736136310116628,128.1709471932404,http://www.kunigami-forest-park.org/toy_museum/,yes,yes,,,,,yes,no,no,no,yes,yes,,,,,,,,,,,,,,yes,,no,barrier_free_map,沖縄県バリアフリーマップ,http://okinawa-bf-map.jp/facility-info/detail?facility_id=2921,2022-10-10,2921,緊急通報装置あり,備考: 駐車場利用制度への参加について、２年後増築計画があり、駐車場の見直しも図るため検討させていただきます。
47,沖縄県,47201,那覇市,,西鉄リゾートイン那覇,,,900-0033,沖縄県那覇市久米2-3-13,26.214819400876088,127.67766892334822,http://www.n-inn.jp/hotels/naha/,yes,,,,,,,no,yes,yes,yes,no,,,,,,,,,,,,no,no,no,,,barrier_free_map,沖縄県バリアフリーマップ,http://okinawa-bf-map.jp/facility-info/detail?facility_id=2923,2023-03-27,2923,緊急通報装置あり / 着替え台あり,備考: バリアフリールーム1部屋
47,沖縄県,47211,沖縄市,,美らヤシパークオキナワ・東南植物楽園,,,904-2143,沖縄県沖縄市知花2146,26.3755673,127.8065736,http://www.southeast-botanical.jp/,yes,yes,,,,,,no,no,no,yes,no,,,,,,,,,,,,no,yes,yes,,no,barrier_free_map,沖縄県バリアフリーマップ,http://okinawa-bf-map.jp/facility-info/detail?facility_id=2924,2024-03-25,2924,,トイレ備考: 一般トイレ段差:あり 一般トイレ開口幅80cm:なし
47,沖縄県,47306,今帰仁村,,あいあい手作りファーム,,,905-0412,沖縄県今帰仁村湧川369,26.6574827,127.9833889,http://happy-aiaifarm.com/,yes,,,,,,,no,yes,no,yes,no,,,,,,,,,,,,,no,no,,,barrier_free_map,沖縄県バリアフリーマップ,http://okinawa-bf-map.jp/facility-info/detail?facility_id=2925,2015-08-10,2925,,
47,沖縄県,47212,豊見城市,,琉球温泉瀬長島ホテル,,,901-0233,沖縄県豊見城市瀬長174-5,26.17478735872924,127.64325521747435,http://www.resorts.co.jp/senaga,yes,,,,,,,no,yes,no,yes,yes,,,,,,,,,,,,,yes,no,,,barrier_free_map,沖縄県バリアフリーマップ,http://okinawa-bf-map.jp/facility-info/detail?facility_id=2927,2026-02-13,2927,緊急通報装置あり,特徴･注意点: バリアフリールーム1室
47,沖縄県,47212,豊見城市,,瀬長島369カフェ,,,901-0233,沖縄県豊見城市瀬長174,26.1749177,127.6443635,/,yes,,,,,,,no,no,,yes,,,,,,,,,,,,,,no,no,,,barrier_free_map,沖縄県バリアフリーマップ,http://okinawa-bf-map.jp/facility-info/detail?facility_id=2929,2015-08-11,2929,,
47,沖縄県,47311,恩納村,,ホテルモントレ沖縄 スパ&リゾート,,,904-0413,沖縄県恩納村冨着1550-1,26.453699,127.8055764,http://www.hotelmonterey.co.jp/okinawa/,yes,,,,,,,,yes,,yes,,,,,,,,,,,,,,yes,,,,barrier_free_map,沖縄県バリアフリーマップ,http://okinawa-bf-map.jp/facility-info/detail?facility_id=2930,2023-08-17,2930,,特徴･注意点: アレルギー食配慮・糖尿病食配慮の必要な方は事前連絡をお願い致します。 098-993-7111
47,沖縄県,47353,渡嘉敷村,,県立那覇病院付属渡嘉敷診療所,,,901-3501,沖縄県渡嘉敷村渡嘉敷277,26.1969767,127.365672,http://www.hosp.pref.okinawa.jp/sinryo/tokashiki/tokashiki.html,,,,,,,,,no,no,,,,,,,,,,,,,,,,no,,,barrier_free_map,沖縄県バリアフリーマップ,http://okinawa-bf-map.jp/facility-info/detail?facility_id=2932,2018-12-19,2932,トイレ出入口形状=開き戸,特徴･注意点: ・車いす専用トイレ設置：便座高39㎝、手すり高さ右58㎝、左67cm、幅68㎝トイレットペーパー高さ80㎝、手洗い、上71cm、下59㎝。 / 備考: ※ 土日祝祭日及び時間外診療の際は１１９番を通して、ご連絡ください。
47,沖縄県,47353,渡嘉敷村,,渡嘉敷港旅客ターミナル,,,901-3501,沖縄県島尻郡渡嘉敷村渡嘉敷３４６,26.1989598,127.3671108,http://www.vill.tokashiki.okinawa.jp/ferry/time,,,,,,,,,no,no,,,,,,,,,,,,,,,,no,,,barrier_free_map,沖縄県バリアフリーマップ,http://okinawa-bf-map.jp/facility-info/detail?facility_id=2934,2016-10-21,2934,緊急通報装置あり,特徴･注意点: ・人的介助可能：事前連絡要。 ・車いす用トイレ設置：便座高43㎝ 手すり高さ71cm ペーパー60㎝ 手洗い上76㎝ 下66㎝ 手すり 高さ78㎝。
47,沖縄県,47201,那覇市,,安謝児童館,,,900-0003,沖縄県那覇市安謝2-15-1 / 安謝福祉複合施設ふれあいプラザ内,26.2372374,127.6886957,http://www.aja.jrc.or.jp/07_Jidokan/07_01_Jidokantoha.html,yes,,,,,,no,no,no,,yes,yes,,,,,,,,,,,,no,,,,,barrier_free_map,沖縄県バリアフリーマップ,http://okinawa-bf-map.jp/facility-info/detail?facility_id=2935,2016-12-15,2935,緊急通報装置あり / トイレ出入口形状=スライド,
47,沖縄県,47201,那覇市,,子育て支援センター むるが家,,,900-0003,沖縄県那覇市安謝2-15-2,26.2374819,127.6880151,http://cp.town-nets.jp/1110/class.html,no,,,,,,,,,,no,no,,,,,,,,,,,,,,yes,,,barrier_free_map,沖縄県バリアフリーマップ,http://okinawa-bf-map.jp/facility-info/detail?facility_id=2936,2016-12-16,2936,,備考: ※詳細は施設へお問い合わせください。
47,沖縄県,47201,那覇市,,スズキ自販沖縄 スズキアリーナ安謝,,,900-0003,沖縄県那覇市安謝630-22,26.2402985,127.6923592,http://s47201951.sj-okinawa.jp/,no,,,,,,yes,,,,yes,yes,,,,,,,,,,,,,,no,,,barrier_free_map,沖縄県バリアフリーマップ,http://okinawa-bf-map.jp/facility-info/detail?facility_id=2937,2016-12-16,2937,着替え台あり,
47,沖縄県,47201,那覇市,,マックスバリュ 安謝店,,,900-0003,沖縄県那覇市安謝664-32,26.2399901,127.6911593,http://www.aeon-ryukyu.jp/,yes,,,,,,no,,no,,yes,no,,,,,,,,,,,,,,no,,,barrier_free_map,沖縄県バリアフリーマップ,http://okinawa-bf-map.jp/facility-info/detail?facility_id=2938,2016-12-16,2938,,
47,沖縄県,47201,那覇市,,那覇市立牧志駅前 ほしぞら図書館,,,902-0067,沖縄県那覇市安里2-1-1,26.218017252089712,127.6938202527415,http://www.city.naha.okinawa.jp/lib/n-toshokan/n-bun-makisi.html,yes,yes,,,,,,no,no,no,no,yes,,,,,,,,,,,,,,yes,,,barrier_free_map,沖縄県バリアフリーマップ,http://okinawa-bf-map.jp/facility-info/detail?facility_id=2939,2024-08-22,2939,,備考: さいおんスクエア3階部分、牧志駅前ほしぞら公民館と併設 / 備考: さいおんスクエア併設の有料立体駐車場を利用した場合、公民館・図書館利用者は1時間の割引サービスが受かられる / トイレ備考: ・男性用トイレ14室（和式0洋式9） ・女性用トイレ14室（和式0洋式14） ・多目的トイレ4室（洋式4）
47,沖縄県,47201,那覇市,,さいおんスクエア,,,902-0067,沖縄県那覇市安里2-1-1 / さいおんスクエア,26.21769,127.6938748,http://www.saionsq.jp/,yes,,,,,,yes,,yes,,,yes,,,,,,,,,,,,,,yes,,,barrier_free_map,沖縄県バリアフリーマップ,http://okinawa-bf-map.jp/facility-info/detail?facility_id=2940,2016-12-19,2940,緊急通報装置あり / 着替え台あり,
47,沖縄県,47201,那覇市,,ホテルオーシャン,,,902-0067,沖縄県那覇市安里2-4-8,26.2183788,127.6949302,http://hotelocean.jp/index.html,,,,,,,,,,,yes,,,,,,,,,,,,,,,yes,,,barrier_free_map,沖縄県バリアフリーマップ,http://okinawa-bf-map.jp/facility-info/detail?facility_id=2941,2016-12-19,2941,着替え台あり,
47,沖縄県,47201,那覇市,,おもろまち駅,,,902-0067,沖縄県那覇市安里305-3,26.2187565,127.6934164,http://www.yui-rail.co.jp/index.html,,,,,,,,,yes,,,yes,,,,,,,,,,,,,,,,,barrier_free_map,沖縄県バリアフリーマップ,http://okinawa-bf-map.jp/facility-info/detail?facility_id=2942,2016-12-19,2942,着替え台あり,
47,沖縄県,47201,那覇市,,那覇市 「つどいのひろば わくわく」,,,902-0067,沖縄県那覇市安里381,26.2187565,127.6934164,/,,,,,,,,,,,,yes,,,,,,,,,,,,,,yes,,,barrier_free_map,沖縄県バリアフリーマップ,http://okinawa-bf-map.jp/facility-info/detail?facility_id=2943,2016-12-19,2943,着替え台あり,
47,沖縄県,47201,那覇市,,安里駅,,,902-0067,沖縄県那覇市安里389-7,26.2187565,127.6934164,http://www.yui-rail.co.jp/index.html,yes,,,,,,,,yes,,yes,yes,,,,,,,,,,,,,,,,,barrier_free_map,沖縄県バリアフリーマップ,http://okinawa-bf-map.jp/facility-info/detail?facility_id=2944,2016-12-20,2944,着替え台あり,
47,沖縄県,47201,那覇市,,ベスト電器天久店,,,900-0005,沖縄県那覇市天久1-1-1,26.2295162,127.6910045,http://www.bestdenki.ne.jp/,yes,,,,,,yes,no,no,,yes,,,,,,,,,,,,,,,,,,barrier_free_map,沖縄県バリアフリーマップ,http://okinawa-bf-map.jp/facility-info/detail?facility_id=2946,2016-12-20,2946,,
47,沖縄県,47201,那覇市,,CoCo壱番屋 那覇天久店,,,900-0005,沖縄県那覇市天久1-28,26.2328854,127.6934457,http://www.ichibanya.co.jp/index.html,,,,,,,yes,,,,yes,,,,,,,,,,,,,,,,,,barrier_free_map,沖縄県バリアフリーマップ,http://okinawa-bf-map.jp/facility-info/detail?facility_id=2948,2016-12-21,2948,,
47,沖縄県,47201,那覇市,,子育て支援センター すまいる,,,900-0005,沖縄県那覇市天久1-4-1,26.2317631,127.6897433,http://www.city.naha.okinawa.jp/kakuka/kodmomirai/osirase/tiikikosodate.html,,,,,,,,,,,yes,yes,,,,,,,,,,,,,,yes,,,barrier_free_map,沖縄県バリアフリーマップ,http://okinawa-bf-map.jp/facility-info/detail?facility_id=2949,2016-12-21,2949,,備考: ※詳細は施設へお問い合わせください。
47,沖縄県,47201,那覇市,,Volkswagen沖縄中央,,,900-0005,沖縄県那覇市天久2-7-8,26.2327824,127.6858685,http://www.vw-dealer.jp/top.do?dlr=okinawa_chuo,,,,,,,yes,,,,yes,yes,,,,,,,,,,,,,,,,,barrier_free_map,沖縄県バリアフリーマップ,http://okinawa-bf-map.jp/facility-info/detail?facility_id=2950,2016-12-21,2950,緊急通報装置あり,
47,沖縄県,47201,那覇市,,琉球新報新聞博物館,,,900-0005,沖縄県那覇市天久905,26.2333268,127.6868045,http://ryukyushimpo.jp/pages/page-129.html,no,yes,,,,,yes,,yes,,yes,yes,,,,,,,,,,,,,,,,,barrier_free_map,沖縄県バリアフリーマップ,http://okinawa-bf-map.jp/facility-info/detail?facility_id=2951,2016-12-21,2951,,
47,沖縄県,47201,那覇市,,ファミリーマート おもろまち二丁目店,,,900-0006,沖縄県那覇市おもろまち2-6-2,26.2249835,127.6923548,http://www.family.co.jp/,,,,,,,yes,,,,,yes,,,,,,,,,,,,,,,,,barrier_free_map,沖縄県バリアフリーマップ,http://okinawa-bf-map.jp/facility-info/detail?facility_id=2955,2016-12-27,2955,,
47,沖縄県,47201,那覇市,,コープあっぷるタウン,,,900-0006,沖縄県那覇市おもろまち3-3-1,26.2286497,127.6917379,http://www.okinawa.coop/shops/each/appletown.html,yes,yes,,,,,yes,no,no,no,yes,yes,,,,,,,,,,,,,,,,,barrier_free_map,沖縄県バリアフリーマップ,http://okinawa-bf-map.jp/facility-info/detail?facility_id=2956,2024-05-31,2956,,備考: 身体障がい者用駐車場から店内までの距離 約１０～３０ｍ / トイレ備考: 一般トイレ開口幅80cm以上あり 温水洗浄便座は一部あり
47,沖縄県,47201,那覇市,,Pine Tree Bless Tギャラリア店,,,900-0006,沖縄県那覇市おもろまち4-1,26.2231117,127.6974185,http://ptb.tokukei.co.jp/tgalleria/shop.html#ad-image-0,,,,,,,,,,,yes,yes,,,,,,,,,,,,,,,,,barrier_free_map,沖縄県バリアフリーマップ,http://okinawa-bf-map.jp/facility-info/detail?facility_id=2959,2016-12-28,2959,,
47,沖縄県,47201,那覇市,,ガスト 那覇新都心店,,,900-0006,沖縄県那覇市おもろまち4-2-13,26.2242004,127.695438,http://www.skylark.co.jp/gusto/index.html,,,,,,,,,,,yes,,,,,,,,,,,,,,,,,,barrier_free_map,沖縄県バリアフリーマップ,http://okinawa-bf-map.jp/facility-info/detail?facility_id=2960,2016-12-28,2960,,
47,沖縄県,47201,那覇市,,沖縄海邦銀行 新都心支店,,,900-0006,沖縄県那覇市おもろまち4-16-5,26.2262336,127.6979543,http://www.kaiho-bank.co.jp,,,,,,,,,,,yes,,,,,,,,,,,,,,,,,,barrier_free_map,沖縄県バリアフリーマップ,http://okinawa-bf-map.jp/facility-info/detail?facility_id=2961,2017-01-04,2961,,
47,沖縄県,47201,那覇市,,吉崎食堂 おもろまち店,,,900-0006,沖縄県那覇市おもろまち4-17-29,26.2254309,127.6974377,http://r.gnavi.co.jp/f214001/,,,,,,,,,,,yes,,,,,,,,,,,,,,,,,,barrier_free_map,沖縄県バリアフリーマップ,http://okinawa-bf-map.jp/facility-info/detail?facility_id=2962,2017-01-04,2962,,
47,沖縄県,47201,那覇市,,市立病院前駅,,,902-0061,沖縄県那覇市古島172-2,26.2275008,127.7101145,http://www.yui-rail.co.jp/index.html,,yes,,,,,,,,,yes,yes,,,,,,,,,,,,,,,,,barrier_free_map,沖縄県バリアフリーマップ,http://okinawa-bf-map.jp/facility-info/detail?facility_id=2963,2017-01-04,2963,,
47,沖縄県,47201,那覇市,,古島駅,,,902-0061,沖縄県那覇市古島93-1,26.2308324,127.7030788,http://www.yui-rail.co.jp/index.html,,,,,,,,,,,yes,yes,,,,,,,,,,,,,,,,,barrier_free_map,沖縄県バリアフリーマップ,http://okinawa-bf-map.jp/facility-info/detail?facility_id=2964,2017-01-04,2964,,
47,沖縄県,47201,那覇市,,サンエーV21食品館 真嘉比店,,,902-0068,沖縄県那覇市真嘉比1-22-14,26.2213011,127.7026599,http://www.san-a.co.jp/,,,,,,,,,,,yes,yes,,,,,,,,,,,,,,,,,barrier_free_map,沖縄県バリアフリーマップ,http://okinawa-bf-map.jp/facility-info/detail?facility_id=2965,2023-07-18,2965,,
47,沖縄県,47201,那覇市,,沖縄海邦銀行 真嘉比出張所,,,902-0068,沖縄県那覇市真嘉比2-16-20,26.2259006,127.7043761,http://www.kaiho-bank.co.jp/,,,,,,,,,,,,yes,,,,,,,,,,,,,,,,,barrier_free_map,沖縄県バリアフリーマップ,http://okinawa-bf-map.jp/facility-info/detail?facility_id=2966,2023-06-06,2966,,
47,沖縄県,47201,那覇市,,ドコモショップ 真嘉比店,,,902-0068,沖縄県那覇市真嘉比3-19-30,26.2224121,127.7037653,http://www.nttdocomo.co.jp/,,,,,,,,,,,yes,,,,,,,,,,,,,,,,,,barrier_free_map,沖縄県バリアフリーマップ,http://okinawa-bf-map.jp/facility-info/detail?facility_id=2967,2017-01-05,2967,,
47,沖縄県,47201,那覇市,,琉球銀行 真嘉比支店,,,902-0069,沖縄県那覇市松島1-4-8,26.2234899,127.7064595,http://www.ryugin.co.jp/,,,,,,,,,,,yes,yes,,,,,,,,,,,,,,,,,barrier_free_map,沖縄県バリアフリーマップ,http://okinawa-bf-map.jp/facility-info/detail?facility_id=2969,2017-01-05,2969,,
47,沖縄県,47201,那覇市,,スターバックス・コーヒー 沖縄真嘉比店,,,902-0069,沖縄県那覇市松島1-14-13,26.222626,127.7048513,http://www.starbucks.co.jp/,,,,,,,,,,,yes,,,,,,,,,,,,,,,,,,barrier_free_map,沖縄県バリアフリーマップ,http://okinawa-bf-map.jp/facility-info/detail?facility_id=2970,2017-01-05,2970,,
47,沖縄県,47201,那覇市,,MARBLE★STAR,,,900-0004,沖縄県那覇市銘苅1-11-8 1F,26.2312693,127.7013703,http://www.ryukyujima.net/shop_info.php?ShopCode=038494,,,,,,,,,,,yes,,,,,,,,,,,,,,,yes,,,barrier_free_map,沖縄県バリアフリーマップ,http://okinawa-bf-map.jp/facility-info/detail?facility_id=2972,2017-01-05,2972,,
47,沖縄県,47201,那覇市,,モスバーガー 那覇新都心店,,,900-0004,沖縄県那覇市銘苅2-1-22,26.2298555,127.6985179,http://mos.jp/,,,,,,,,,,,yes,,,,,,,,,,,,,,,,,,barrier_free_map,沖縄県バリアフリーマップ,http://okinawa-bf-map.jp/facility-info/detail?facility_id=2973,2017-01-06,2973,,
47,沖縄県,47201,那覇市,,琉球銀行 那覇新都心支店,,,900-0004,沖縄県那覇市銘苅2-2-1,26.2297443,127.6973485,http://www.ryugin.co.jp/,,,,,,,,,,,yes,,,,,,,,,,,,,,,,,,barrier_free_map,沖縄県バリアフリーマップ,http://okinawa-bf-map.jp/facility-info/detail?facility_id=2974,2017-01-06,2974,,
47,沖縄県,47201,那覇市,,なは市民協働プラザ,,,900-0004,沖縄県那覇市銘苅2-3-1,26.2301193,127.6982456,http://www.city.naha.okinawa.jp/general/cityhall/shicyousya/,,,,,,,,,,,yes,yes,,,,,,,,,,,,,,,,,barrier_free_map,沖縄県バリアフリーマップ,http://okinawa-bf-map.jp/facility-info/detail?facility_id=2975,2017-01-09,2975,,
47,沖縄県,47201,那覇市,,メガネ一番 新都心店,,,900-0004,沖縄県那覇市銘苅2-4-18,26.2307027,127.6996344,http://www.megane1ban.com/index.jsp,yes,yes,,,,,yes,no,no,no,no,yes,,,,,,,,,,,,,no,no,,yes,barrier_free_map,沖縄県バリアフリーマップ,http://okinawa-bf-map.jp/facility-info/detail?facility_id=2976,2022-05-25,2976,,
47,沖縄県,47201,那覇市,,ジミー 那覇店,,,900-0004,沖縄県那覇市銘苅3-8-5,26.2376294,127.6956674,http://jimmys.co.jp/shop/53/,yes,yes,,,,,no,no,no,no,yes,no,,,,,,,,,,,,,yes,,,,barrier_free_map,沖縄県バリアフリーマップ,http://okinawa-bf-map.jp/facility-info/detail?facility_id=2979,2017-12-13,2979,,
47,沖縄県,47201,那覇市,,ドコモショップ 那覇安岡店,,,900-0004,沖縄県那覇市銘苅269-1,26.2362187,127.6990812,http://www.nttdocomo.co.jp/,,,,,,,,,,,yes,,,,,,,,,,,,,,,,,,barrier_free_map,沖縄県バリアフリーマップ,http://okinawa-bf-map.jp/facility-info/detail?facility_id=2980,2017-01-09,2980,,
47,沖縄県,47201,那覇市,,サンエーV21食品館 石嶺店,,,903-0804,沖縄県那覇市首里石嶺3-4-1,26.2334344,127.7282989,http://www.san-a.co.jp/,,,,,,,yes,,,,yes,yes,,,,,,,,,,,,,,,,,barrier_free_map,沖縄県バリアフリーマップ,http://okinawa-bf-map.jp/facility-info/detail?facility_id=2981,2023-07-18,2981,,
47,沖縄県,47201,那覇市,,Aコープ 首里石嶺店,,,903-0804,沖縄県那覇市首里石嶺町4-7-1,26.228279,127.7308691,http://www.ja-okinawa.or.jp/acoop/,,,,,,,,,,,yes,yes,,,,,,,,,,,,,,,,,barrier_free_map,沖縄県バリアフリーマップ,http://okinawa-bf-map.jp/facility-info/detail?facility_id=2984,2024-05-08,2984,,
47,沖縄県,47201,那覇市,,子育て支援センター なんくる家,,,903-0804,沖縄県那覇市首里石嶺町4-216-3,26.2345372,127.7330595,http://midori-okinawa.com/nankuruya/index.html,,,,,,,,,,,yes,,,,,,,,,,,,,,,,,,barrier_free_map,沖縄県バリアフリーマップ,http://okinawa-bf-map.jp/facility-info/detail?facility_id=2985,2017-01-12,2985,,
47,沖縄県,47201,那覇市,,モスバーガー 首里石嶺店,,,903-0804,沖縄県那覇市首里石嶺町４丁目２４２-４,26.2343588,127.7347932,http://mos.jp/,,,,,,,,,,,yes,,,,,,,,,,,,,,,,,,barrier_free_map,沖縄県バリアフリーマップ,http://okinawa-bf-map.jp/facility-info/detail?facility_id=2987,2017-01-12,2987,,
47,沖縄県,47201,那覇市,,那覇市役所 首里支所,,,903-0807,沖縄県那覇市首里久場川町2-18-9,26.2217437,127.7253415,http://www.city.naha.okinawa.jp/,,,,,,,,,,,yes,yes,,,,,,,,,,,,,,yes,,,barrier_free_map,沖縄県バリアフリーマップ,http://okinawa-bf-map.jp/facility-info/detail?facility_id=2988,2017-01-12,2988,,
47,沖縄県,47201,那覇市,,子育て支援センター はっぴぃ,,,903-0807,沖縄県那覇市首里久場川町2-18-10,26.2218471,127.7256574,http://www.city.naha.okinawa.jp/kakuka/kodmomirai/osirase/tiikikosodate.html,,,,,,,,,,,yes,yes,,,,,,,,,,,,,,yes,,,barrier_free_map,沖縄県バリアフリーマップ,http://okinawa-bf-map.jp/facility-info/detail?facility_id=2989,2017-01-13,2989,,
47,沖縄県,47201,那覇市,,大名児童館,,,903-0802,沖縄県那覇市首里大名町2-75,26.2307925,127.7175276,http://oonajidoukan.ti-da.net/,,,,,,,,,,,yes,,,,,,,,,,,,,,,,,,barrier_free_map,沖縄県バリアフリーマップ,http://okinawa-bf-map.jp/facility-info/detail?facility_id=2992,2017-01-13,2992,,
47,沖縄県,47208,浦添市,,サンエーV21 おおな食品館,,,901-2111,沖縄県浦添市字経塚581番2,26.2336535,127.7200301,http://www.san-a.co.jp/,,,,,,,,yes,,,yes,yes,,,,,,,,,,,,,,,,,barrier_free_map,沖縄県バリアフリーマップ,http://okinawa-bf-map.jp/facility-info/detail?facility_id=2993,2023-07-18,2993,,
47,沖縄県,47201,那覇市,,マツモトキヨシ おおな店,,,903-0802,沖縄県那覇市首里大名町3-80,26.2333479,127.7199218,http://www.matsukiyo.co.jp/,,,,,,,,yes,,,yes,yes,,,,,,,,,,,,,,,,,barrier_free_map,沖縄県バリアフリーマップ,http://okinawa-bf-map.jp/facility-info/detail?facility_id=2994,2017-01-16,2994,,
47,沖縄県,47201,那覇市,,沖縄海邦銀行 首里支店,,,903-0803,沖縄県那覇市首里平良町1-2,26.2276652,127.7201527,http://www.kaiho-bank.co.jp/,,,,,,,,,,,yes,yes,,,,,,,,,,,,,,,,,barrier_free_map,沖縄県バリアフリーマップ,http://okinawa-bf-map.jp/facility-info/detail?facility_id=2995,2017-01-16,2995,,
47,沖縄県,47201,那覇市,,首里城公園,,,903-0815,沖縄県那覇市首里金城町1-2,26.2170494,127.7194839,http://oki-park.jp/shurijo/,,,,,,,,,,,yes,yes,,,,,,,,,,,,,,yes,,,barrier_free_map,沖縄県バリアフリーマップ,http://okinawa-bf-map.jp/facility-info/detail?facility_id=2996,2017-01-16,2996,,
47,沖縄県,47201,那覇市,,コープ寒川,,,903-0826,沖縄県那覇市首里寒川2-80,26.218127510810284,127.7088909962142,http://www.okinawa.coop/,yes,yes,,,,,yes,no,no,no,yes,yes,,,,,,,,,,,,,no,no,,,barrier_free_map,沖縄県バリアフリーマップ,http://okinawa-bf-map.jp/facility-info/detail?facility_id=2997,2024-05-31,2997,緊急通報装置あり,備考: 駐車場は平面30台、屋上20台 / トイレ備考: 一般トイレ段差あり、一般トイレ開口幅80cm以上あり
47,沖縄県,47201,那覇市,,儀保駅,,,903-0821,沖縄県那覇市首里儀保町3-14-3,26.2245793,127.7190557,http://www.yui-rail.co.jp/index.html,,,,,,,,,,,yes,yes,,,,,,,,,,,,,,,,,barrier_free_map,沖縄県バリアフリーマップ,http://okinawa-bf-map.jp/facility-info/detail?facility_id=2998,2017-01-16,2998,,
47,沖縄県,47201,那覇市,,パステルキッズ,,,903-0806,沖縄県那覇市首里汀良町2-19,26.2207548,127.7225529,http://pastelkids.ti-da.net/,,,,,,,,,,,yes,,,,,,,,,,,,,,,,,,barrier_free_map,沖縄県バリアフリーマップ,http://okinawa-bf-map.jp/facility-info/detail?facility_id=2999,2017-01-16,2999,,
47,沖縄県,47324,読谷村,,親志公民館,,,904-0301,沖縄県読谷村座喜味2317,26.4028356,127.7548791,/,,,,,,,,,no,no,,,,,,,,,,,,,,,,no,,,barrier_free_map,沖縄県バリアフリーマップ,http://okinawa-bf-map.jp/facility-info/detail?facility_id=3,2019-10-09,3,トイレ出入口形状=開き戸,特徴･注意点: ・電話での利用受付け。
47,沖縄県,47201,那覇市,,首里駅,,,903-0806,沖縄県那覇市首里汀良町3-19,26.2191661,127.7254861,http://www.yui-rail.co.jp/index.html,,,,,,,,,,,yes,yes,,,,,,,,,,,,,,,,,barrier_free_map,沖縄県バリアフリーマップ,http://okinawa-bf-map.jp/facility-info/detail?facility_id=3000,2017-01-16,3000,,
47,沖縄県,47201,那覇市,,コープ首里,,,903-0806,沖縄県那覇市首里汀良3-104-1,26.2211744,127.7290579,http://www.okinawa.coop/,yes,yes,,,,,yes,no,no,no,yes,yes,,,,,,,,,,,,,no,no,,,barrier_free_map,沖縄県バリアフリーマップ,http://okinawa-bf-map.jp/facility-info/detail?facility_id=3002,2024-05-31,3002,緊急通報装置あり,トイレ備考: 一般トイレ開口幅80cm以上あり
47,沖縄県,47201,那覇市,,マツモトキヨシ 久米店,,,900-0033,沖縄県那覇市久米2-16-46,26.2159786,127.6770067,http://www.matsukiyo.co.jp/,yes,,,,,,yes,yes,yes,,yes,yes,,,,,,,,,,,,,,,,,barrier_free_map,沖縄県バリアフリーマップ,http://okinawa-bf-map.jp/facility-info/detail?facility_id=3003,2017-01-18,3003,緊急通報装置あり,
47,沖縄県,47201,那覇市,,那覇ふ頭船客待合所,,,900-0035,沖縄県那覇市通堂町2-1,26.2107346,127.6702409,http://www.nahaport.jp/kumiai/kihon5.htm,,,,,,,,,,,yes,no,,,,,,,,,,,,,,yes,,,barrier_free_map,沖縄県バリアフリーマップ,http://okinawa-bf-map.jp/facility-info/detail?facility_id=3004,2017-01-18,3004,,備考: 那覇ふ頭船客待合所3F
47,沖縄県,47201,那覇市,,THE DINING 暖琉満菜,,,900-0016,沖縄県那覇市前島3-25-1,26.2238001,127.6839444,http://www.kariyushi-oceanspa.jp/restaurant/dining.html,,,,,,,,,,,yes,,,,,,,,,,,,,,,yes,,,barrier_free_map,沖縄県バリアフリーマップ,http://okinawa-bf-map.jp/facility-info/detail?facility_id=3005,2017-01-19,3005,,備考: ※詳細は店舗へお問い合わせください。
47,沖縄県,47201,那覇市,,風の丘美ら海 アパホテル那覇店,,,900-0032,沖縄県那覇市松山1-4-16,26.2180479,127.6801841,http://r.gnavi.co.jp/f400300/,,,,,,,yes,,,,yes,,,,,,,,,,,,,,,,,,barrier_free_map,沖縄県バリアフリーマップ,http://okinawa-bf-map.jp/facility-info/detail?facility_id=3006,2017-01-19,3006,緊急通報装置あり,備考: ※詳細は店舗へお問い合わせください。 098-860-3116 TELに記載している番号は予約専用ダイヤルとなっております。
47,沖縄県,47201,那覇市,,マックスバリュ 若狭店,,,900-0031,沖縄県那覇市若狭1-19-1,26.2210227,127.6736645,http://www.aeon-ryukyu.jp/,,,,,,,,,,,,yes,,,,,,,,,,,,,yes,,,,barrier_free_map,沖縄県バリアフリーマップ,http://okinawa-bf-map.jp/facility-info/detail?facility_id=3007,2017-01-19,3007,,
47,沖縄県,47201,那覇市,,波上宮,,,900-0031,沖縄県那覇市若狭1-25-11,26.2206312,127.6713189,http://naminouegu.jp/,no,yes,,,,,no,no,no,no,yes,,,,,,,,,,,,,,no,no,,,barrier_free_map,沖縄県バリアフリーマップ,http://okinawa-bf-map.jp/facility-info/detail?facility_id=3008,2022-06-10,3008,,備考: ※お参りは常時可 / 備考: 社務所脇のスペースに身障者用スペース１台あり、ただし催事等の場合は混雑、満車状況が頻繁に起こる / トイレ備考: 駐車場脇に1ヶ所、社務所内に1ヶ所 計2ヶ所使用可能です 駐車場脇外トイレ入口親子扉、通常時72cm、全開放106cm 女性側74cm、男性側81cm 社務所内トイレ83cm（男性側のみ）
47,沖縄県,47201,那覇市,,那覇市立若狭図書館,,,900-0031,沖縄県那覇市若狭2-12-1,26.2211947,127.6755064,http://www.edu.city.naha.okinawa.jp/lib/n-bun-wakasa.html,yes,yes,,,,,,no,no,no,yes,yes,,,,,,,,,,,,,no,no,,no,barrier_free_map,沖縄県バリアフリーマップ,http://okinawa-bf-map.jp/facility-info/detail?facility_id=3009,2024-10-09,3009,,備考: 那覇市若狭図書館と併設
47,沖縄県,47201,那覇市,,若狭児童館,,,900-0031,沖縄県那覇市若狭3-18-1,26.2240528,127.678206,http://wakasa867.ti-da.net/,,,,,,,,,,,yes,,,,,,,,,,,,,,,yes,,,barrier_free_map,沖縄県バリアフリーマップ,http://okinawa-bf-map.jp/facility-info/detail?facility_id=3010,2017-01-20,3010,,
47,沖縄県,47201,那覇市,,ファミリーマート 上之屋一丁目店,,,900-0011,沖縄県那覇市上之屋1-18-37,26.2296134,127.6894324,http://www.okinawa-familymart.jp/,,,,,,,,,,,,yes,,,,,,,,,,,,,,,,,barrier_free_map,沖縄県バリアフリーマップ,http://okinawa-bf-map.jp/facility-info/detail?facility_id=3011,2017-01-20,3011,,
47,沖縄県,47201,那覇市,,ローソン 那覇旭町店,,,900-0029,沖縄県那覇市旭町116-37,26.2103791,127.6775464,http://www.lawson.co.jp/index.html,,,,,,,,,,,yes,,,,,,,,,,,,,,,,,,barrier_free_map,沖縄県バリアフリーマップ,http://okinawa-bf-map.jp/facility-info/detail?facility_id=3012,2017-01-23,3012,,
47,沖縄県,47201,那覇市,,旭橋駅,,,900-0021,沖縄県那覇市泉崎1-105,26.2118624,127.6754599,http://www.yui-rail.co.jp/index.html,,,,,,,,,,,yes,yes,,,,,,,,,,,,,,,,,barrier_free_map,沖縄県バリアフリーマップ,http://okinawa-bf-map.jp/facility-info/detail?facility_id=3013,2017-01-23,3013,,
47,沖縄県,47201,那覇市,,ファミリーマート リースビル店,,,900-0015,沖縄県那覇市久茂地1-7-1,26.2151315,127.6782152,http://www.okinawa-familymart.jp/,,,,,,,,,,,,yes,,,,,,,,,,,,,,,,,barrier_free_map,沖縄県バリアフリーマップ,http://okinawa-bf-map.jp/facility-info/detail?facility_id=3014,2017-01-23,3014,,
47,沖縄県,47201,那覇市,,県庁前駅,,,900-0015,沖縄県那覇市久茂地1-103,26.2143927,127.6793539,http://www.yui-rail.co.jp/index.html,,,,,,,,,,,yes,yes,,,,,,,,,,,,,,,,,barrier_free_map,沖縄県バリアフリーマップ,http://okinawa-bf-map.jp/facility-info/detail?facility_id=3015,2017-01-23,3015,,
47,沖縄県,47201,那覇市,,ファミリーマート 久茂地美栄橋店,,,900-0015,沖縄県那覇市久茂地3-17-5,26.215726,127.6813592,http://www.okinawa-familymart.jp/,,,,,,,,,,,,yes,,,,,,,,,,,,,,,,,barrier_free_map,沖縄県バリアフリーマップ,http://okinawa-bf-map.jp/facility-info/detail?facility_id=3016,2017-01-24,3016,,
47,沖縄県,47201,那覇市,,サンエーV21 じょうがく食品館,,,900-0023,沖縄県那覇市楚辺1-14-10,26.2068604,127.6852097,http://www.san-a.co.jp/,,,,,,,,,,,yes,yes,,,,,,,,,,,,,yes,,,,barrier_free_map,沖縄県バリアフリーマップ,http://okinawa-bf-map.jp/facility-info/detail?facility_id=3017,2023-06-15,3017,,
47,沖縄県,47201,那覇市,,壺屋児童館,,,902-0065,沖縄県那覇市壺屋1-5-13,26.2126932,127.6901922,/,,,,,,,,,,,yes,yes,,,,,,,,,,,,,,,,,barrier_free_map,沖縄県バリアフリーマップ,http://okinawa-bf-map.jp/facility-info/detail?facility_id=3020,2017-01-24,3020,,
47,沖縄県,47201,那覇市,,那覇市立壺屋焼物博物館,,,902-0065,沖縄県那覇市壺屋1-9-32,26.2138903,127.6908892,http://www.edu.city.naha.okinawa.jp/tsuboya/,,,,,,,,,,,yes,yes,,,,,,,,,,,,,yes,,,,barrier_free_map,沖縄県バリアフリーマップ,http://okinawa-bf-map.jp/facility-info/detail?facility_id=3021,2020-05-07,3021,,
47,沖縄県,47201,那覇市,,モスバーガー 那覇壺屋店,,,902-0065,沖縄県那覇市壺屋2-24-14,26.2109464,127.695453,http://mos.jp/,,,,,,,,,,,yes,,,,,,,,,,,,,,,,,,barrier_free_map,沖縄県バリアフリーマップ,http://okinawa-bf-map.jp/facility-info/detail?facility_id=3022,2017-01-24,3022,,
47,沖縄県,47201,那覇市,,マックスバリュ壷川店,,,900-0025,沖縄県那覇市壺川2-4−2,26.2039879,127.6811864,http://www.aeon-ryukyu.jp/,,,,,,,,,,,yes,yes,,,,,,,,,,,,,yes,,,,barrier_free_map,沖縄県バリアフリーマップ,http://okinawa-bf-map.jp/facility-info/detail?facility_id=3024,2017-01-25,3024,,
47,沖縄県,47201,那覇市,,サンエーV21つぼがわ食品館,,,900-0025,沖縄県那覇市壺川2-13-14,26.2022664,127.6835824,http://www.san-a.co.jp/,,,,,,,,,,,yes,yes,,,,,,,,,,,,,,,,,barrier_free_map,沖縄県バリアフリーマップ,http://okinawa-bf-map.jp/facility-info/detail?facility_id=3025,2023-07-18,3025,,
47,沖縄県,47201,那覇市,,タウンプラザかねひで 壺川店,,,900-0025,沖縄県那覇市壺川3-1-5,26.2080256,127.6787762,http://kanehideshj.com/,,,,,,,,,,,,yes,,,,,,,,,,,,,,,,,barrier_free_map,沖縄県バリアフリーマップ,http://okinawa-bf-map.jp/facility-info/detail?facility_id=3026,2024-03-12,3026,,
47,沖縄県,47201,那覇市,,那覇中央郵便局,,,900-0025,沖縄県那覇市壺川3-3-8,26.2052557,127.6794826,http://map.japanpost.jp/p/search/,,,,,,,,,,,yes,,,,,,,,,,,,,,,,,,barrier_free_map,沖縄県バリアフリーマップ,http://okinawa-bf-map.jp/facility-info/detail?facility_id=3027,2017-01-25,3027,,
47,沖縄県,47201,那覇市,,壺川駅,,,900-0025,沖縄県那覇市壺川3-106,26.2058631,127.6783408,http://www.yui-rail.co.jp/index.html,,,,,,,,,,,yes,yes,,,,,,,,,,,,,,,,,barrier_free_map,沖縄県バリアフリーマップ,http://okinawa-bf-map.jp/facility-info/detail?facility_id=3028,2017-01-25,3028,,
47,沖縄県,47201,那覇市,,ジュンク堂 那覇店,,,900-0013,沖縄県那覇市牧志1-19-29 D-NAHA 地下1階～3階,26.2185653,127.6857989,http://honto.jp/store/detail.html?shcd=70050&shgcd=HB320,,,,,,,,,,,yes,yes,,,,,,,,,,,,,,,,,barrier_free_map,沖縄県バリアフリーマップ,http://okinawa-bf-map.jp/facility-info/detail?facility_id=3030,2017-01-25,3030,,
47,沖縄県,47201,那覇市,,美栄橋駅,,,900-0013,沖縄県那覇市牧志1-965,26.2192468,127.6844069,http://www.yui-rail.co.jp/index.html,,,,,,,,,,,yes,yes,,,,,,,,,,,,,,,,,barrier_free_map,沖縄県バリアフリーマップ,http://okinawa-bf-map.jp/facility-info/detail?facility_id=3031,2017-01-26,3031,,
47,沖縄県,47201,那覇市,,マックスバリュ牧志店,,,900-0013,沖縄県那覇市牧志2-10-1,26.2188286,127.6907999,http://www.aeon-ryukyu.jp/,,,,,,,,,,,yes,,,,,,,,,,,,,,,,,,barrier_free_map,沖縄県バリアフリーマップ,http://okinawa-bf-map.jp/facility-info/detail?facility_id=3034,2017-01-26,3034,,
47,沖縄県,47201,那覇市,,牧志駅,,,900-0013,沖縄県那覇市牧志3-272-5,26.2172566,127.6925527,http://www.yui-rail.co.jp/index.html,,,,,,,,,,,yes,yes,,,,,,,,,,,,,,,,,barrier_free_map,沖縄県バリアフリーマップ,http://okinawa-bf-map.jp/facility-info/detail?facility_id=3036,2017-01-27,3036,,
47,沖縄県,47201,那覇市,,久茂地児童館,,,900-0014,沖縄県那覇市松尾2-7-10 にぎわい広場内,26.2147345,127.687245,http://www.city.naha.okinawa.jp/citizen/kurasi/fukusi/jidokan.html,,,,,,,,,,,yes,,,,,,,,,,,,,,,yes,,,barrier_free_map,沖縄県バリアフリーマップ,http://okinawa-bf-map.jp/facility-info/detail?facility_id=3037,2017-01-27,3037,,
47,沖縄県,47201,那覇市,,メイクマン 一日橋店,,,902-0073,沖縄県那覇市上間280,26.19567367214536,127.71820575793123,http://www.makeman.co.jp/,yes,yes,,,,,yes,no,no,no,yes,yes,,,,,,,,,,,,,no,no,,,barrier_free_map,沖縄県バリアフリーマップ,http://okinawa-bf-map.jp/facility-info/detail?facility_id=3041,2024-06-03,3041,緊急通報装置あり,トイレ備考: 一般トイレ開口幅80cm以上あり
47,沖縄県,47201,那覇市,,スズキ自販沖縄 スズキアリーナ沖縄国場,,,902-0073,沖縄県那覇市上間531-1,26.1978039,127.7090695,http://s47201950.sj-okinawa.jp/,,,,,,,,,,,yes,,,,,,,,,,,,,,,,,,barrier_free_map,沖縄県バリアフリーマップ,http://okinawa-bf-map.jp/facility-info/detail?facility_id=3042,2017-01-30,3042,,
47,沖縄県,47201,那覇市,,沖縄マツダ販売 国場店,,,902-0075,沖縄県那覇市国場1066,26.1959453,127.6935184,http://okinawa-mazda.jp/shop/kokuba/,,,,,,,,,,,yes,,,,,,,,,,,,,,,,,,barrier_free_map,沖縄県バリアフリーマップ,http://okinawa-bf-map.jp/facility-info/detail?facility_id=3045,2017-01-30,3045,,
47,沖縄県,47201,那覇市,,サンエーV21 よぎ食品館,,,902-0075,沖縄県那覇市国場1162-2,26.20182325815937,127.69648160773475,http://www.san-a.co.jp/,,,,,,,,,,,yes,,,,,,,,,,,,,,,,,,barrier_free_map,沖縄県バリアフリーマップ,http://okinawa-bf-map.jp/facility-info/detail?facility_id=3046,2023-07-18,3046,,
47,沖縄県,47201,那覇市,,古波蔵児童館,,,902-0075,沖縄県那覇市国場1169-4 1階,26.1993117,127.6969039,http://www.popura-fukushikai.jp/publics/index/24/,,,,,,,,,,,yes,,,,,,,,,,,,,,,,,,barrier_free_map,沖縄県バリアフリーマップ,http://okinawa-bf-map.jp/facility-info/detail?facility_id=3047,2017-01-30,3047,,
47,沖縄県,47201,那覇市,,ドコモショップ こくば店,,,902-0075,沖縄県那覇市国場1170-8,26.1979535,127.6959735,http://www.nttdocomo.co.jp/,,,,,,,,,,,yes,,,,,,,,,,,,,,,,,,barrier_free_map,沖縄県バリアフリーマップ,http://okinawa-bf-map.jp/facility-info/detail?facility_id=3048,2017-01-30,3048,,
47,沖縄県,47201,那覇市,,A＆W 古波蔵店,,,900-0024,沖縄県那覇市古波蔵2-25-31,26.1984527,127.6888115,http://www.awok.co.jp/,,,,,,,,,,,yes,,,,,,,,,,,,,,,,,,barrier_free_map,沖縄県バリアフリーマップ,http://okinawa-bf-map.jp/facility-info/detail?facility_id=3049,2022-06-08,3049,,
47,沖縄県,47201,那覇市,,識名児童館,,,902-0078,沖縄県那覇市識名2-5-5,26.2074945,127.7099215,http://www.nahasyakyo.org/sp/service/facility/1457618405/,,,,,,,,,,,yes,yes,,,,,,,,,,,,,,yes,,,barrier_free_map,沖縄県バリアフリーマップ,http://okinawa-bf-map.jp/facility-info/detail?facility_id=3050,2017-02-01,3050,,
47,沖縄県,47201,那覇市,,琉球日産自動車 那覇国場店,,,902-0074,沖縄県那覇市仲井真153,26.1967123,127.7063837,http://www.ryukyu-nissan.co.jp/shop/kokuba/index.html,,,,,,,,,,,yes,,,,,,,,,,,,,,,,,,barrier_free_map,沖縄県バリアフリーマップ,http://okinawa-bf-map.jp/facility-info/detail?facility_id=3052,2017-02-01,3052,,
47,沖縄県,47201,那覇市,,タウンプラザかねひで 繁多川市場,,,902-0071,沖縄県那覇市繁多川1-5-34,26.21095164485305,127.70716582165247,http://kanehideshj.com/,yes,yes,,,,,yes,,yes,no,yes,yes,,,,,,,,,,,,,yes,no,,,barrier_free_map,沖縄県バリアフリーマップ,http://okinawa-bf-map.jp/facility-info/detail?facility_id=3053,2024-05-15,3053,緊急通報装置あり,
47,沖縄県,47201,那覇市,,サンエーV21食品館 繁多川店,,,902-0071,沖縄県那覇市繁多川2-17-15,26.210562221194227,127.71216112382753,http://www.san-a.co.jp/,,,,,,,,,,,yes,yes,,,,,,,,,,,,,,,,,barrier_free_map,沖縄県バリアフリーマップ,http://okinawa-bf-map.jp/facility-info/detail?facility_id=3054,2023-07-18,3054,,
47,沖縄県,47201,那覇市,,那覇市立繁多川図書館,,,902-0071,沖縄県那覇市繁多川4-1-38,26.2100663,127.7136753,http://www.city.naha.okinawa.jp/lib/,yes,yes,,,,,no,no,yes,no,yes,yes,,,,,,,,,,,,,no,yes,,no,barrier_free_map,沖縄県バリアフリーマップ,http://okinawa-bf-map.jp/facility-info/detail?facility_id=3055,2024-10-09,3055,緊急通報装置あり / 着替え台あり,備考: ・バリアフリー駐車場2台のみあり 一般の駐車場なし / トイレ備考: ・男性用トイレ3室（和式3）、女性用トイレ11室（和式3洋式8） ・多目的トイレ3室（洋式3） ※ 洋式トイレは女性用と多目的のみ。男性用なし。 ※ 着替え台はおむつ替え台を利用
47,沖縄県,47201,那覇市,,那覇市立中央図書館,,,902-0064,沖縄県那覇市寄宮1-2-15,26.20841538754488,127.69354566177553,http://www.city.naha.okinawa.jp/lib/,yes,yes,,,,,no,no,no,no,yes,yes,,,,,,,,,,,,,no,no,,no,barrier_free_map,沖縄県バリアフリーマップ,http://okinawa-bf-map.jp/facility-info/detail?facility_id=3056,2024-08-08,3056,,トイレ備考: ・男性用トイレ4室（和式2洋式2） ・女性用トイレ6室（和式2洋式4） ・多目的トイレ1室（洋式1）
47,沖縄県,47201,那覇市,,タウンプラザかねひで 与儀公園市場,,,902-0064,沖縄県那覇市寄宮1-8-45,26.2097603,127.6933588,http://kanehideshj.com/,,,,,,,,,,,yes,,,,,,,,,,,,,,,,,,barrier_free_map,沖縄県バリアフリーマップ,http://okinawa-bf-map.jp/facility-info/detail?facility_id=3057,2024-03-12,3057,,
47,沖縄県,47201,那覇市,,ドコモショップ モバイルタウン 小禄店,,,901-0154,沖縄県那覇市赤嶺1-1-1 ラ・ウニオンビル1F,26.194366,127.664764,http://www.nttdocomo.co.jp/,,,,,,,,,,,yes,,,,,,,,,,,,,,,yes,,,barrier_free_map,沖縄県バリアフリーマップ,http://okinawa-bf-map.jp/facility-info/detail?facility_id=3058,2017-02-02,3058,,
47,沖縄県,47201,那覇市,,ゲオ 那覇小禄店,,,901-0154,沖縄県那覇市赤嶺1-3-10,26.1933305,127.6623092,http://www.geonet.co.jp/,,,,,,,,,,,,yes,,,,,,,,,,,,,,,,,barrier_free_map,沖縄県バリアフリーマップ,http://okinawa-bf-map.jp/facility-info/detail?facility_id=3059,2017-02-02,3059,,
47,沖縄県,47381,竹富町,,竹富東港旅客待合所（てぇどぅんかりゆし館）,,,907-1101,沖縄県竹富町竹富,24.335122,124.093003,/,,,,,,,,,no,no,,,,,,,,,,,,,,,,no,,,barrier_free_map,沖縄県バリアフリーマップ,http://okinawa-bf-map.jp/facility-info/detail?facility_id=306,2022-09-19,306,緊急通報装置あり / トイレ出入口形状=引戸,特徴･注意点: ・バリアフリートイレ設置：便座高さ45cm 手すり高さ72cm幅65cm 手洗い 高さ上76cm下67cm 手洗い高さ78cm幅76cm ベビーシー ト高さ上87cm下78cm
47,沖縄県,47201,那覇市,,カメラのキタムラ 那覇小禄店,,,901-0154,沖縄県那覇市赤嶺1-5-3,26.1945805,127.6642868,http://blog.kitamura.jp/47/4426/index.html,,,,,,,,,,,,yes,,,,,,,,,,,,,,,,,barrier_free_map,沖縄県バリアフリーマップ,http://okinawa-bf-map.jp/facility-info/detail?facility_id=3062,2017-02-02,3062,,
47,沖縄県,47201,那覇市,,BOOKOFF 那覇小禄店,,,901-0154,沖縄県那覇市赤嶺2-1-7,26.1929027,127.661326,http://www.bookoff.co.jp/,,,,,,,,,,,yes,,,,,,,,,,,,,,,,,,barrier_free_map,沖縄県バリアフリーマップ,http://okinawa-bf-map.jp/facility-info/detail?facility_id=3063,2017-02-22,3063,,
47,沖縄県,47201,那覇市,,赤嶺駅,,,901-0154,沖縄県那覇市赤嶺2-1000-11,26.1932388,127.6604871,http://www.yui-rail.co.jp/index.html,,,,,,,,,,,yes,yes,,,,,,,,,,,,,,,,,barrier_free_map,沖縄県バリアフリーマップ,http://okinawa-bf-map.jp/facility-info/detail?facility_id=3065,2017-02-22,3065,,
47,沖縄県,47201,那覇市,,那覇市役所 小禄支所,,,901-0153,沖縄県那覇市宇栄原4-2-2,26.1875253,127.6684693,http://www.city.naha.okinawa.jp/citizen/kurasi/todoke/madoguti.html,,,,,,,,,,,yes,yes,,,,,,,,,,,,,,,,,barrier_free_map,沖縄県バリアフリーマップ,http://okinawa-bf-map.jp/facility-info/detail?facility_id=3066,2017-02-22,3066,,
47,沖縄県,47201,那覇市,,ローソン 宇栄原団地前店,,,901-0153,沖縄県那覇市宇栄原4-6-3,26.1860565,127.66904,http://www.lawson.co.jp/index.html,,,,,,,,,,,,yes,,,,,,,,,,,,,,,,,barrier_free_map,沖縄県バリアフリーマップ,http://okinawa-bf-map.jp/facility-info/detail?facility_id=3067,2017-02-22,3067,,
47,沖縄県,47201,那覇市,,サンエーV21食品館 うえばる団地店,,,901-0153,沖縄県那覇市宇栄原4-15-1,26.1866705,127.6728147,http://www.san-a.co.jp/,,,,,,,yes,,yes,,yes,yes,,,,,,,,,,,,,,,,,barrier_free_map,沖縄県バリアフリーマップ,http://okinawa-bf-map.jp/facility-info/detail?facility_id=3069,2023-06-15,3069,,
47,沖縄県,47201,那覇市,,マツモトキヨシ うえばる団地店,,,901-0153,沖縄県那覇市宇栄原4-15-5,26.1867288,127.6720981,http://www.matsukiyo.co.jp/,,,,,,,,,,,yes,yes,,,,,,,,,,,,,,,,,barrier_free_map,沖縄県バリアフリーマップ,http://okinawa-bf-map.jp/facility-info/detail?facility_id=3071,2017-02-22,3071,,
47,沖縄県,47201,那覇市,,子育て支援センター うえばるーむ,,,901-0153,沖縄県那覇市宇栄原4-17-10,26.1853401,127.6719788,http://www.city.naha.okinawa.jp/citizen/kurasi/fukusi/kosodatesien.html,,,,,,,,,,,,yes,,,,,,,,,,,,,,yes,,,barrier_free_map,沖縄県バリアフリーマップ,http://okinawa-bf-map.jp/facility-info/detail?facility_id=3072,2017-02-22,3072,,
47,沖縄県,47201,那覇市,,ファミリーマート 小禄中学校前店,,,901-0153,沖縄県那覇市宇栄原1007-1,26.1889784,127.6686648,http://www.okinawa-familymart.jp/,,,,,,,,,,,,yes,,,,,,,,,,,,,,,,,barrier_free_map,沖縄県バリアフリーマップ,http://okinawa-bf-map.jp/facility-info/detail?facility_id=3073,2017-02-22,3073,,
47,沖縄県,47201,那覇市,,奥武山公園駅,,,900-0026,沖縄県那覇市奥武山316-2地先,26.204046,127.671815,http://www.yui-rail.co.jp/index.html,,,,,,,,,,,yes,yes,,,,,,,,,,,,,,,,,barrier_free_map,沖縄県バリアフリーマップ,http://okinawa-bf-map.jp/facility-info/detail?facility_id=3075,2020-05-01,3075,,
47,沖縄県,47201,那覇市,,子育て支援センター 南風（フェーヌカジ）,,,901-0152,沖縄県那覇市小禄4-11-14,26.1891674,127.6707924,http://ayamechien.seesaa.net/,,,,,,,,,,,,,,,,,,,,,,,,,,yes,,,barrier_free_map,沖縄県バリアフリーマップ,http://okinawa-bf-map.jp/facility-info/detail?facility_id=3076,2017-02-23,3076,,備考: ベビーベットあり
47,沖縄県,47201,那覇市,,小禄児童館,,,901-0152,沖縄県那覇市小禄5-4-2,26.1924696,127.6733736,http://www.nahasyakyo.org/service/facility/1457618561/,,,,,,,,,,,yes,yes,,,,,,,,,,,,,,yes,,,barrier_free_map,沖縄県バリアフリーマップ,http://okinawa-bf-map.jp/facility-info/detail?facility_id=3077,2017-02-23,3077,,
47,沖縄県,47201,那覇市,,サンエーV21 おろく食品館,,,901-0152,沖縄県那覇市小禄646,26.1929203,127.6765008,http://www.san-a.co.jp/,,,,,,,yes,,,,,yes,,,,,,,,,,,,,,,,,barrier_free_map,沖縄県バリアフリーマップ,http://okinawa-bf-map.jp/facility-info/detail?facility_id=3078,2023-07-18,3078,,
47,沖縄県,47201,那覇市,,那覇そば 那覇亭,,,901-0155,沖縄県那覇市金城2-18-7 カハラビル1・2F,26.2023205,127.6622969,/,,,,,,,,,,,yes,yes,,,,,,,,,,,,,,,,,barrier_free_map,沖縄県バリアフリーマップ,http://okinawa-bf-map.jp/facility-info/detail?facility_id=3079,2017-02-23,3079,,
47,沖縄県,47201,那覇市,,那覇市総合福祉センター,,,901-0155,沖縄県那覇市金城3-5-4,26.2003577,127.6639253,http://www.nahasyakyo.org/service/facility/1457618031/,yes,yes,,,,,no,no,no,,yes,yes,,,,,,,,,,,,,no,no,,yes,barrier_free_map,沖縄県バリアフリーマップ,http://okinawa-bf-map.jp/facility-info/detail?facility_id=3080,2024-04-05,3080,緊急通報装置あり / 着替え台あり,
47,沖縄県,47201,那覇市,,那覇市母子・父子福祉センター,,,901-0155,沖縄県那覇市金城3-5-4 那覇市総合福祉センター2階,26.2003715,127.6639803,http://www.city.naha.okinawa.jp/citizen/kurasi/fukusi/bosifusisisetu.html,,,,,,,yes,,,,yes,yes,,,,,,,,,,,,,,,,,barrier_free_map,沖縄県バリアフリーマップ,http://okinawa-bf-map.jp/facility-info/detail?facility_id=3081,2017-02-24,3081,,
47,沖縄県,47201,那覇市,,ガスト 那覇小禄店,,,901-0155,沖縄県那覇市金城5-11-6 小禄ガーデンビル1階,26.19545633369003,127.66518711230307,http://www.skylark.co.jp/gusto/index.html,,,,,,,,,,,yes,,,,,,,,,,,,,,,,,,barrier_free_map,沖縄県バリアフリーマップ,http://okinawa-bf-map.jp/facility-info/detail?facility_id=3082,2017-02-24,3082,,
47,沖縄県,47201,那覇市,,子育て支援センター ゆんたく,,,901-0151,沖縄県那覇市鏡原町10-38,26.2008553,127.6782995,http://www.ans.co.jp/u/kakinohana/kyohara/kosodateshien.html,,,,,,,,,,,,,,,,,,,,,,,,,,,,,barrier_free_map,沖縄県バリアフリーマップ,http://okinawa-bf-map.jp/facility-info/detail?facility_id=3083,2017-02-24,3083,,備考: 授乳室あり ベビーベットあり
47,沖縄県,47201,那覇市,,JAおきなわ 北小禄支店,,,901-0151,沖縄県那覇市鏡原町27-28,26.1975334,127.6762665,http://www.ja-okinawa.or.jp/,,,,,,,,,,,yes,,,,,,,,,,,,,,,,,,barrier_free_map,沖縄県バリアフリーマップ,http://okinawa-bf-map.jp/facility-info/detail?facility_id=3084,2017-02-24,3084,,
47,沖縄県,47201,那覇市,,コープおろく,,,901-0151,沖縄県那覇市鏡原34-21,26.1971835,127.6771276,http://www.okinawa.coop/?PSID=0fr3nnaca0fluje14k4t0b4s00,yes,yes,,,,,yes,no,no,no,yes,yes,,,,,,,,,,,,,no,no,,,barrier_free_map,沖縄県バリアフリーマップ,http://okinawa-bf-map.jp/facility-info/detail?facility_id=3085,2024-05-31,3085,緊急通報装置あり,備考: 駐車場は琉球銀行と共有 / トイレ備考: 一般トイレ段差あり、一般トイレ開口幅80cm以上あり
47,沖縄県,47201,那覇市,,琉球銀行 小禄支店,,,901-0151,沖縄県那覇市鏡原町34-47,26.1971105,127.6766983,http://www.ryugin.co.jp/,,,,,,,yes,,,,yes,yes,,,,,,,,,,,,,,,,,barrier_free_map,沖縄県バリアフリーマップ,http://okinawa-bf-map.jp/facility-info/detail?facility_id=3086,2017-02-24,3086,,
47,沖縄県,47201,那覇市,,吉野家 331号線小禄バイパス店,,,901-0146,沖縄県那覇市具志3-25-12,26.178201,127.6541827,http://www.yoshinoya.com/,,,,,,,yes,,,,,yes,,,,,,,,,,,,,,,,,barrier_free_map,沖縄県バリアフリーマップ,http://okinawa-bf-map.jp/facility-info/detail?facility_id=3087,2017-02-24,3087,,
47,沖縄県,47201,那覇市,,沖縄トヨペット 小禄サザン店,,,901-0146,沖縄県那覇市具志876-1,26.1796454,127.6542631,http://okinawatoyopet.co.jp/,,,,,,,,,,,yes,,,,,,,,,,,,,,,,,,barrier_free_map,沖縄県バリアフリーマップ,http://okinawa-bf-map.jp/facility-info/detail?facility_id=3088,2017-02-27,3088,,
47,沖縄県,47201,那覇市,,コザ信用金庫 小禄支店,,,901-0145,沖縄県那覇市高良1-1-1,26.1880781,127.6602819,http://www.kozashinkin.co.jp/,,,,,,,,,,,yes,yes,,,,,,,,,,,,,,,,,barrier_free_map,沖縄県バリアフリーマップ,http://okinawa-bf-map.jp/facility-info/detail?facility_id=3089,2017-02-27,3089,,
47,沖縄県,47201,那覇市,,マンガ倉庫 那覇店,,,901-0145,沖縄県那覇市高良3-1-12,26.1922583,127.6598316,http://www.mangasouko-naha.jp/,,,,,,,,,,,yes,,,,,,,,,,,,,,,,,,barrier_free_map,沖縄県バリアフリーマップ,http://okinawa-bf-map.jp/facility-info/detail?facility_id=3091,2017-02-27,3091,,
47,沖縄県,47201,那覇市,,サンエーV21食品館 高良店,,,901-0145,沖縄県那覇市高良3-2-23,26.1908723,127.6599095,http://www.san-a.co.jp/,,,,,,,,,,,yes,yes,,,,,,,,,,,,,yes,,,,barrier_free_map,沖縄県バリアフリーマップ,http://okinawa-bf-map.jp/facility-info/detail?facility_id=3093,2023-07-18,3093,,
47,沖縄県,47201,那覇市,,メガネ1番 小禄店,,,901-0156,沖縄県那覇市田原1-4-1 サンヒルズ田原1F,26.1985874,127.6693005,http://www.megane1ban.com/,no,no,,,,,,,,no,,,,,,,,,,,,,,,no,no,,yes,barrier_free_map,沖縄県バリアフリーマップ,http://okinawa-bf-map.jp/facility-info/detail?facility_id=3094,2022-05-18,3094,,
47,沖縄県,47201,那覇市,,小禄駅,,,901-0156,沖縄県那覇市田原3-1000-1,26.1965998,127.667031,http://www.yui-rail.co.jp/index.html,,,,,,,,,,,yes,yes,,,,,,,,,,,,,,,,,barrier_free_map,沖縄県バリアフリーマップ,http://okinawa-bf-map.jp/facility-info/detail?facility_id=3095,2017-03-10,3095,,
47,沖縄県,47201,那覇市,,那覇空港駅,,,901-0142,沖縄県那覇市鏡水938-5,26.2064708,127.6522616,http://www.yui-rail.co.jp/index.html,,,,,,,,,,,yes,yes,,,,,,,,,,,,,,,,,barrier_free_map,沖縄県バリアフリーマップ,http://okinawa-bf-map.jp/facility-info/detail?facility_id=3098,2017-03-10,3098,,
47,沖縄県,47201,那覇市,,パレットくもじ,,,900-0015,沖縄県那覇市久茂地1-1-1,26.213965,127.6796456,http://www.palette-kumoji.co.jp/,,,,,,,,,,,yes,yes,,,,,,,,,,,,,,yes,,,barrier_free_map,沖縄県バリアフリーマップ,http://okinawa-bf-map.jp/facility-info/detail?facility_id=3099,2017-03-10,3099,,
47,沖縄県,47212,豊見城市,,ブルーシール豊崎店,,,901-0225,沖縄県豊見城市豊崎1-411 （とみとん敷地内）,26.1586697,127.6602861,http://www.blueseal.co.jp/shop/shop_toyosaki/,yes,,,,,,yes,no,no,,,,,,,,,,,,,,,,no,no,,,barrier_free_map,沖縄県バリアフリーマップ,http://okinawa-bf-map.jp/facility-info/detail?facility_id=3100,2017-12-13,3100,,
47,沖縄県,47328,中城村,,ユニオン 中城店,,,901-2424,沖縄県中城村南上原497,26.253311,127.7726805,http://www.nodake.co.jp/,yes,,,,,,yes,no,no,no,no,no,,,,,,,,,,,,,no,,,,barrier_free_map,沖縄県バリアフリーマップ,http://okinawa-bf-map.jp/facility-info/detail?facility_id=3102,2017-03-14,3102,緊急通報装置あり,
47,沖縄県,47356,渡名喜村,,渡名喜村 公衆トイレ シャワー室,,,901-3601,沖縄県渡名喜村渡名喜村,26.3612861,127.1508242,/,yes,,,,,,yes,no,yes,no,yes,yes,,,,,,,,,,,,,,,,,barrier_free_map,沖縄県バリアフリーマップ,http://okinawa-bf-map.jp/facility-info/detail?facility_id=3103,2017-03-13,3103,,
47,沖縄県,47211,沖縄市,,ユニオン あわせ店,,,904-2161,沖縄県沖縄市古謝2-20-1,26.3368938,127.8309614,http://www.nodake.co.jp/,no,,,,,,,no,no,no,no,no,,,,,,,,,,,,,no,,,,barrier_free_map,沖縄県バリアフリーマップ,http://okinawa-bf-map.jp/facility-info/detail?facility_id=3105,2017-03-14,3105,緊急通報装置あり,
47,沖縄県,47326,北谷町,,ユニオン 北谷店,,,904-0103,沖縄県北谷町字桑江517-1,26.3262074,127.7743691,http://www.nodake.co.jp/,yes,,,,,,yes,no,no,no,no,no,,,,,,,,,,,,,yes,,,,barrier_free_map,沖縄県バリアフリーマップ,http://okinawa-bf-map.jp/facility-info/detail?facility_id=3106,2017-03-15,3106,緊急通報装置あり,
47,沖縄県,47211,沖縄市,,琉球ダイハツ 中部店,,,904-2161,沖縄県沖縄市古謝2-17-11,26.3327776,127.8344918,http://www.ryukyu-daihatsu.co.jp/shop/chubu/,yes,,,,,,yes,no,no,no,yes,,,,,,,,,,,,,,yes,,,,barrier_free_map,沖縄県バリアフリーマップ,http://okinawa-bf-map.jp/facility-info/detail?facility_id=3107,2017-03-15,3107,,
47,沖縄県,47211,沖縄市,,社会医療法人 敬愛会 中頭病院,,,904-2195,沖縄県沖縄市字登川610番地,26.3664279,127.8255249,http://www.nakagami.or.jp/,yes,yes,,,,,yes,no,yes,no,yes,yes,,,,,,,,,,,,no,yes,yes,,yes,barrier_free_map,沖縄県バリアフリーマップ,http://okinawa-bf-map.jp/facility-info/detail?facility_id=3108,2017-03-16,3108,緊急通報装置あり,備考: 27ｃｍ+5ｍ / トイレ備考: 乳幼児便座あり 小児科病棟 （入院患者用として）
47,沖縄県,47211,沖縄市,,アイン薬局 登川店,,,904-2142,沖縄県沖縄市沖縄県沖縄登川５９７−１,26.368484785420062,127.81539976613156,http://www.ainj.co.jp/network/detail.html?pdid=1378,no,,,,,,yes,no,no,no,yes,no,,,,,,,,,,,,,,no,,no,barrier_free_map,沖縄県バリアフリーマップ,http://okinawa-bf-map.jp/facility-info/detail?facility_id=3110,2023-07-27,3110,,
47,沖縄県,47211,沖縄市,,Honda Cars 沖縄泡瀬店,,,904-2173,沖縄県沖縄市比屋根6丁目36番 12号,26.318109754451587,127.81945115767213,http://www.hondacars-okinawa.co.jp/home/sr13.html,yes,yes,,,,,yes,no,no,no,yes,yes,,,,,,,,,,,,,,yes,,yes,barrier_free_map,沖縄県バリアフリーマップ,http://okinawa-bf-map.jp/facility-info/detail?facility_id=3111,2017-11-22,3111,緊急通報装置あり / 着替え台あり,備考: お客様専用フリーダイヤル TEL 0120-947-779
47,沖縄県,47324,読谷村,,サンエー大湾シティ,,,904-0313,沖縄県読谷村大湾 343,26.37677650835148,127.75645548782724,http://www.san-a.co.jp/store/26401/,yes,yes,,,,,yes,yes,yes,yes,yes,yes,,,,,,,,,,,,,yes,yes,,,barrier_free_map,沖縄県バリアフリーマップ,http://okinawa-bf-map.jp/facility-info/detail?facility_id=3112,2023-08-09,3112,緊急通報装置あり,トイレ備考: 一般トイレ ベビーカー可
47,沖縄県,47211,沖縄市,,ケアハウスてぃんさぐぬ花,,,904-2173,沖縄県沖縄市比屋根１丁目５−８,26.317932378406145,127.8239604037043,http://www.ryokujukai.or.jp/thinsagunuhana/,no,,,,,,yes,no,no,no,no,no,,,,,,,,,,,,,no,,,,barrier_free_map,沖縄県バリアフリーマップ,http://okinawa-bf-map.jp/facility-info/detail?facility_id=3113,2023-08-04,3113,,トイレ備考: 部屋にはそれぞれ車いす利用可能トイレあり
47,沖縄県,47211,沖縄市,,ジミー 泡瀬店,,,904-2172,沖縄県沖縄市泡瀬４丁目１１−１１,26.319435830835,127.83175130414317,http://jimmys.co.jp/,no,,,,,,no,no,no,no,no,no,,,,,,,,,,,,,,no,,no,barrier_free_map,沖縄県バリアフリーマップ,http://okinawa-bf-map.jp/facility-info/detail?facility_id=3114,2017-11-10,3114,,
47,沖縄県,47211,沖縄市,,オーガニック市場てんぶす,,,904-2173,沖縄県沖縄市比屋根2丁目2-8,26.316881129722,127.82678577232777,http://www.tenbusu.ryukyu,no,,,,,,yes,no,no,no,no,no,,,,,,,,,,,,,no,no,,no,barrier_free_map,沖縄県バリアフリーマップ,http://okinawa-bf-map.jp/facility-info/detail?facility_id=3115,2017-11-20,3115,,トイレ備考: ほじょ犬トイレはないが、ほじょ犬への配慮として外にホースがある。
47,沖縄県,47211,沖縄市,,きさらぎ薬局,,,904-2171,沖縄県沖縄市高原７ー２２ー２８,26.3178915003498,127.8244549805172,/,no,no,,,,,,,,no,,no,,,,,,,,,,,,,no,,,,barrier_free_map,沖縄県バリアフリーマップ,http://okinawa-bf-map.jp/facility-info/detail?facility_id=3117,2017-11-20,3117,,
47,沖縄県,47348,与那原町,,サンエーV21よなばる食品館,,,901-1303,沖縄県与那原町与那原1175-1,26.210959224311342,127.75904888726316,http://www.san-a.co.jp/store/704/,yes,yes,,,,,yes,no,no,no,yes,yes,,,,,,,,,,,,no,yes,no,,no,barrier_free_map,沖縄県バリアフリーマップ,http://okinawa-bf-map.jp/facility-info/detail?facility_id=3118,2020-04-10,3118,緊急通報装置あり,特徴･注意点: 入口にATM有
47,沖縄県,47215,南城市,,サンエーV21食品館 嶺井店,,,901-1201,沖縄県南城市大里字嶺井520-1,26.19689152508283,127.74747998169292,http://www.san-a.co.jp/store/10581/,yes,yes,,,,,yes,no,yes,yes,yes,yes,,,,,,,,,,,,no,yes,yes,,no,barrier_free_map,沖縄県バリアフリーマップ,http://okinawa-bf-map.jp/facility-info/detail?facility_id=3119,2021-03-12,3119,緊急通報装置あり,
47,沖縄県,47362,八重瀬町,,サンエー八重瀬シティ,,,901-0406,沖縄県八重瀬町屋宜原99-1,26.160736878942377,127.73013852883605,http://www.san-a.co.jp/store/512/,yes,yes,,,,,yes,yes,yes,yes,yes,yes,,,,,,,,,,,,no,yes,yes,,yes,barrier_free_map,沖縄県バリアフリーマップ,http://okinawa-bf-map.jp/facility-info/detail?facility_id=3120,2023-07-18,3120,緊急通報装置あり,備考: 店内にＡＴＭ有 / トイレ備考: 一般トイレにインターホン有
47,沖縄県,47211,沖縄市,,ユニオン 宮里店,,,904-2165,沖縄県沖縄市宮里４丁目３−１,26.3415376,127.82376190000002,http://www.nodake.co.jp/,no,no,,,,,yes,no,no,no,no,no,,,,,,,,,,,,,yes,no,,no,barrier_free_map,沖縄県バリアフリーマップ,http://okinawa-bf-map.jp/facility-info/detail?facility_id=3124,2018-02-08,3124,,トイレ備考: トイレは外にあります
47,沖縄県,47211,沖縄市,,タウンプラザかねひで 照屋店,,,904-0011,沖縄県沖縄市照屋 3-9-3,26.33317194711808,127.81344309325416,/,no,,,,,,yes,no,no,no,no,no,,,,,,,,,,,,,yes,no,,no,barrier_free_map,沖縄県バリアフリーマップ,http://okinawa-bf-map.jp/facility-info/detail?facility_id=3125,2024-03-22,3125,,
47,沖縄県,47211,沖縄市,,タウンプラザかねひで 美里市場店,,,904-2154,沖縄県沖縄市東２丁目１－３９,26.3447567,127.82220359999997,http://kanehideshj.com/viewshop.php?ID=71,yes,yes,,,,,yes,no,no,yes,yes,yes,,,,,,,,,,,,,yes,no,,no,barrier_free_map,沖縄県バリアフリーマップ,http://okinawa-bf-map.jp/facility-info/detail?facility_id=3126,2024-03-29,3126,緊急通報装置あり,トイレ備考: 緊急通報装置 タ目トイレのみ
47,沖縄県,47211,沖縄市,,タウンプラザかねひで 越来店,,,904-0001,沖縄県沖縄市越来３丁目１４番地４６号,26.347259,127.81167389999996,http://kanehideshj.com/viewshop.php?ID=33,no,,,,,,yes,no,no,no,no,no,,,,,,,,,,,,,yes,,,,barrier_free_map,沖縄県バリアフリーマップ,http://okinawa-bf-map.jp/facility-info/detail?facility_id=3128,2024-03-22,3128,,トイレ備考: トイレは外にあり駐車場のよこです トイレ汚物入れは 女性用のみ
47,沖縄県,47212,豊見城市,,auショップ とよみ,,,,〒 901-023 / 沖縄県豊見城市根差部723番地の1,26.188448171225104,127.68738174536895,http://www.au.com/aushop/shop.O-00310/,,,,,,,yes,no,no,no,no,no,,,,,,,,,,,,,no,no,,yes,barrier_free_map,沖縄県バリアフリーマップ,http://okinawa-bf-map.jp/facility-info/detail?facility_id=3129,2018-03-01,3129,,
47,沖縄県,47350,南風原町,,auショップ はえばる,,,,〒 901－1111 / 沖縄県南風原町兼城636－10,26.19542650958695,127.72531900978697,http://www.terema.co.jp/shop.php?no=03,no,yes,,,,,yes,no,no,no,no,no,,,,,,,,,,,,,no,no,,yes,barrier_free_map,沖縄県バリアフリーマップ,http://okinawa-bf-map.jp/facility-info/detail?facility_id=3130,2018-02-16,3130,,備考: 共用駐車場になっており、最大20台ほど、駐車可能 / トイレ備考: 手すりは男性用トイレのみ有
47,沖縄県,47201,那覇市,,auショップ おもろまち西,,,900-0006,沖縄県那覇市おもろまち2-5-37,26.2260389,127.69282969999995,http://www.koki-co.jp/shop/okinawa/omoromachi.html,no,,,,,,no,no,no,no,no,no,,,,,,,,,,,,,no,no,,no,barrier_free_map,沖縄県バリアフリーマップ,http://okinawa-bf-map.jp/facility-info/detail?facility_id=3133,2018-02-14,3133,,
47,沖縄県,47208,浦添市,,auショップ うらそえ,,,901-2126,沖縄県浦添市 宮城１－２７－８,26.250907902031585,127.70290947259912,http://www.au.com/aushop/shop.O-00273/,no,,,,,,no,no,no,,no,no,,,,,,,,,,,,,no,no,,yes,barrier_free_map,沖縄県バリアフリーマップ,http://okinawa-bf-map.jp/facility-info/detail?facility_id=3135,2018-02-14,3135,,
47,沖縄県,47211,沖縄市,,auショップ あわせベイストリート,,,904-2172,沖縄県沖縄市泡瀬 1-1-1,26.3211702,127.8327339,http://www.au.com/aushop/shop.O-00344/,no,yes,,,,,yes,no,no,no,no,no,,,,,,,,,,,,,no,no,,yes,barrier_free_map,沖縄県バリアフリーマップ,http://okinawa-bf-map.jp/facility-info/detail?facility_id=3136,2018-02-14,3136,,備考: 自動ドア入り口正面に身体障害者用駐車場あり。 スロープ側には段差はなし。 自動ドア真上には屋根がある。 / トイレ備考: 女性用トイレのみ、おむつ替えシート１台あり。
47,沖縄県,47201,那覇市,,auまかび,,,902-0068,沖縄県那覇市真嘉比 2-35-26,26.2249172,127.70049590000008,http://www.au.com/aushop/shop.O-00254/,,,,,,,yes,no,no,no,yes,no,,,,,,,,,,,,,no,no,,yes,barrier_free_map,沖縄県バリアフリーマップ,http://okinawa-bf-map.jp/facility-info/detail?facility_id=3138,2023-02-14,3138,,特徴･注意点: 車いすの方でもスムーズに進めるよう入口やトイレの入り口には段差がない造りになっております / 備考: 大戸屋真嘉比店と共有の駐車場です
47,沖縄県,47205,宜野湾市,,auショップ まえはら,,,901-2215,沖縄県宜野湾市真栄原１－２－１０,26.259701186369597,127.74588370273477,http://cs-ez2.au.kddi.com/auShopOut/Controller?COM_TO=ShopInfo.jsp&SHOP_ID=Q-00235-in500,no,yes,,,,,no,no,no,no,no,no,,,,,,,,,,,,,no,no,,no,barrier_free_map,沖縄県バリアフリーマップ,http://okinawa-bf-map.jp/facility-info/detail?facility_id=3139,2018-03-02,3139,,備考: 駐車場から出入り口に入る有り 幅84CM / トイレ備考: 多目的トイレ入口幅85cm
47,沖縄県,47205,宜野湾市,,auショップ ふてんま,,,901-2202,沖縄県宜野湾市普天間１－１０－１４,26.2902661,127.77793959999997,http://www.au.com/aushop/shop.O-00338/,,no,,,,,yes,,,no,,,,,,,,,,,,,,,,,,,barrier_free_map,沖縄県バリアフリーマップ,http://okinawa-bf-map.jp/facility-info/detail?facility_id=3140,2018-03-05,3140,,
47,沖縄県,47213,うるま市,,auショップ サンエー具志川メインシティ,,,901-2244,沖縄県うるま市江洲４５０,26.3526006,127.82636690000004,/,yes,,,,,,yes,yes,no,yes,yes,yes,,,,,,,,,,,,,yes,yes,,no,barrier_free_map,沖縄県バリアフリーマップ,http://okinawa-bf-map.jp/facility-info/detail?facility_id=3141,2023-04-17,3141,緊急通報装置あり,特徴･注意点: 可能な限りの設備、整っている。 / トイレ備考: トイレはサンエー内のトイレになります。
47,沖縄県,47325,嘉手納町,,auショップ ネーブル嘉手納,,,904-0205,沖縄県嘉手納町兼久下原３７２-２,26.352738,127.74394800000005,http://www.koki-co.jp/shop/okinawa/navel.html,yes,yes,,,,,,no,no,no,yes,no,,,,,,,,,,,,,yes,no,,yes,barrier_free_map,沖縄県バリアフリーマップ,http://okinawa-bf-map.jp/facility-info/detail?facility_id=3142,2018-03-02,3142,,特徴･注意点: 商業施設の為、通路も車いすが余裕を移動出来る広さ。渡り廊下もある
47,沖縄県,47201,那覇市,,auショップ TSUTAYA 壺川店,,,900-0025,沖縄県那覇市壺川3-1-19 TSUTAYA 壺川店1F,26.208378750106135,127.6784798396418,http://cs-ez2.au.kddi.com/auShopOut/Controller?COM_TO=ShopInfo.jsp&SHOP_ID=O-00369-in500,no,,,,,,no,no,no,no,no,no,,,,,,,,,,,,,no,no,,no,barrier_free_map,沖縄県バリアフリーマップ,http://okinawa-bf-map.jp/facility-info/detail?facility_id=3145,2018-03-02,3145,,備考: 第２ 第３ 駐車場あり
47,沖縄県,47201,那覇市,,auショップなは南,,,901-0152,沖縄県那覇市小禄3-6-5 セイユーハイツ1階,26.18916344494461,127.67406791403128,http://cs-ez2.au.kddi.com/auShopOut/Controller?COM_TO=ShopInfo.jsp&SHOP_ID=O-00259-in500,no,,,,,,yes,no,no,no,no,yes,,,,,,,,,,,,,no,no,,no,barrier_free_map,沖縄県バリアフリーマップ,http://okinawa-bf-map.jp/facility-info/detail?facility_id=3146,2023-02-16,3146,,特徴･注意点: 入り口前の駐車場は、店舗の構成上車を前身で駐車するお客が多いのですが、バックで出ようとするときに 歩行者や走行の車に最新の注意を払って出ないといけない為少し出づらいです。 / トイレ備考: 男子トイレは小便器と大便器に分かれています。
47,沖縄県,47301,国頭村,,auショップ ゆいゆい国頭,,,905-1412,沖縄県国頭村字奥間1605,26.7320138,128.16934219999996,http://www.au.com/aushop/shop.O-00351/,yes,yes,,,,,no,no,no,no,yes,yes,,,,,,,,,,,,,no,,,yes,barrier_free_map,沖縄県バリアフリーマップ,http://okinawa-bf-map.jp/facility-info/detail?facility_id=3147,2023-02-15,3147,緊急通報装置あり,トイレ備考: auショップ店内には、トイレがなく、ゆいゆい国頭施設屋外のトイレを使用して頂いています。
47,沖縄県,47350,南風原町,,auショップはえばる,,,901-1111,沖縄県南風原町字兼城636-10,26.195257713506297,127.72561075118132,http://www.terema.co.jp,yes,yes,,,,,yes,no,no,no,no,no,,,,,,,,,,,,,yes,no,,no,barrier_free_map,沖縄県バリアフリーマップ,http://okinawa-bf-map.jp/facility-info/detail?facility_id=3148,2023-02-16,3148,,トイレ備考: 手すりは男性用トイレのみ有
47,沖縄県,47211,沖縄市,,auショップ やまうち,,,904-0034,沖縄県沖縄市山内3-15-6,26.328078497444555,127.78170333491278,http://cs-ez2.au.kddi.com/auShopOut/Controller?COM_TO=ShopInfo.jsp&SHOP_ID=O-00307-in500,no,no,,,,,no,no,no,no,no,no,,,,,,,,,,,,,,,,,barrier_free_map,沖縄県バリアフリーマップ,http://okinawa-bf-map.jp/facility-info/detail?facility_id=3149,2018-02-19,3149,緊急通報装置あり,
47,沖縄県,47308,本部町,,auショップ もとぶ,,,905-0214,沖縄県本部町渡久地2番地3,26.65990800191774,127.89581020321316,http://www.au.com/aushop/shop.O-00302/,no,no,,,,,no,no,no,no,no,no,,,,,,,,,,,,,no,no,,yes,barrier_free_map,沖縄県バリアフリーマップ,http://okinawa-bf-map.jp/facility-info/detail?facility_id=3150,2018-03-02,3150,,
47,沖縄県,47213,うるま市,,auショップ みどり町,,,904-2215,沖縄県うるま市みどり５丁目３－１１ 中山ビル１Ｆ,26.3761679,127.85369730000002,http://www.au.com/aushop/shop.O-00293/,no,no,,,,,yes,no,no,no,no,no,,,,,,,,,,,,,no,no,,yes,barrier_free_map,沖縄県バリアフリーマップ,http://okinawa-bf-map.jp/facility-info/detail?facility_id=3152,2018-03-01,3152,,
47,沖縄県,47215,南城市,,auショップ イオンタウン南城大里,,,901-1205,沖縄県南城市 大里字高平高宮城原97番地2,26.1733626703398,127.7446570659101,http://https://www.au.com/aushop/shop.O-00329/,yes,yes,,,,,yes,no,no,no,no,no,,,,,,,,,,,,,yes,yes,,yes,barrier_free_map,沖縄県バリアフリーマップ,http://okinawa-bf-map.jp/facility-info/detail?facility_id=3153,2023-02-10,3153,緊急通報装置あり,備考: イオンタウン南城大里施設内 / トイレ備考: イオンタウン南城大里施設内
47,沖縄県,47208,浦添市,,auショップ 浦添東,,,901-2132,沖縄県浦添市伊祖１－２１－２,26.25281686815503,127.71722671179009,http://cs-ez2.au.kddi.com/auShopOut/Controller?COM_TO=ShopInfo.jsp&SHOP_ID=O-00311-in500,no,no,,,,,no,no,no,no,no,no,,,,,,,,,,,,,no,no,,yes,barrier_free_map,沖縄県バリアフリーマップ,http://okinawa-bf-map.jp/facility-info/detail?facility_id=3154,2018-03-02,3154,,
47,沖縄県,47208,浦添市,,auショップ 浦西,,,901-2104,沖縄県浦添市当山2丁目8-7,26.2492359,127.73843609999994,http://www.au.com/aushop/shop.O-00272/,no,no,,,,,,no,no,no,no,no,,,,,,,,,,,,,no,,,,barrier_free_map,沖縄県バリアフリーマップ,http://okinawa-bf-map.jp/facility-info/detail?facility_id=3155,2018-02-19,3155,,
47,沖縄県,47350,南風原町,,auショップ 医療センター前店,,,,〒 901-110 / 沖縄県南風原町新川98番地1号,26.207306,127.72290650000002,http://cs-ez2.au.kddi.com/auShopOut/Controller?COM_TO=ShopInfo.jsp&SHOP_ID=O-00262-in500,no,no,,,,,no,no,no,no,no,no,,,,,,,,,,,,,no,no,,yes,barrier_free_map,沖縄県バリアフリーマップ,http://okinawa-bf-map.jp/facility-info/detail?facility_id=3157,2018-02-22,3157,,
47,沖縄県,47205,宜野湾市,,auショップ 伊佐,,,901-2221,沖縄県宜野湾市 伊佐２－１９－１２,26.2879965,127.75385529999994,http://www.koki-co.jp/shop/okinawa/isa.html,yes,yes,,,,,,,no,,yes,yes,,,,,,,,,,,,,,,,yes,barrier_free_map,沖縄県バリアフリーマップ,http://okinawa-bf-map.jp/facility-info/detail?facility_id=3158,2018-02-20,3158,,
47,沖縄県,47326,北谷町,,ａｕショップ砂辺,,,904-0112,沖縄県北谷町浜川１２５,26.3283821,127.75194250000004,http://www.au.com/aushop/shop.O-00283/,no,no,,,,,no,no,no,no,no,no,,,,,,,,,,,,,no,no,,yes,barrier_free_map,沖縄県バリアフリーマップ,http://okinawa-bf-map.jp/facility-info/detail?facility_id=3159,2023-02-16,3159,,
47,沖縄県,47215,南城市,,ａｕショップ 佐敷,,,901-1414,沖縄県南城市佐敷津波古４３３,26.1840402,127.77446729999997,http://www.au.com/aushop/shop.O-00330/,no,no,,,,,,,,no,,,,,,,,,,,,,,,no,no,,no,barrier_free_map,沖縄県バリアフリーマップ,http://okinawa-bf-map.jp/facility-info/detail?facility_id=3160,2018-03-06,3160,,
47,沖縄県,47213,うるま市,,auショップ 具志川赤道,,,904-2242,沖縄県うるま市高江洲１０２９－３,26.357570641527825,127.83705371957399,http://www.au.com/aushop/shop.O-00294/,yes,yes,,,,,yes,no,no,no,no,no,,,,,,,,,,,,,,no,,yes,barrier_free_map,沖縄県バリアフリーマップ,http://okinawa-bf-map.jp/facility-info/detail?facility_id=3161,2018-03-02,3161,,備考: サンエー共用駐車場
47,沖縄県,47201,那覇市,,auショップ 沖映通り,,,900-0013,沖縄県那覇市牧志２－１６－８,26.2176675,127.68756410000003,http://aumypremiershop.jp/R046428/,yes,yes,,,,,yes,no,no,yes,yes,yes,,,,,,,,,,,,,no,no,,no,barrier_free_map,沖縄県バリアフリーマップ,http://okinawa-bf-map.jp/facility-info/detail?facility_id=3162,2018-03-02,3162,,特徴･注意点: 雨天候時は床が滑りやすくなっています。 / 備考: お店の駐車場では無く 提携駐車場です。 駐車券をお持ち頂ければ。チケットをお渡しします。
47,沖縄県,47205,宜野湾市,,auショップ 宜野湾長田,,,901-2212,沖縄県宜野湾市長田１丁目２０番２４号,26.262963534383243,127.76273174848802,http://cs-ez2.au.kddi.com/auShopOut/Controller?COM_TO=ShopInfo.jsp&SHOP_ID=O-00337-in500,no,yes,,,,,yes,no,no,yes,yes,no,,,,,,,,,,,,,no,no,,yes,barrier_free_map,沖縄県バリアフリーマップ,http://okinawa-bf-map.jp/facility-info/detail?facility_id=3163,2018-03-01,3163,,特徴･注意点: 雨の駐車場が滑りやすくなっています。
47,沖縄県,47201,那覇市,,auショップ 西消防署通り,,,900-0033,沖縄県那覇市久米１－１５－１,26.2145926,127.67302100000006,http://aumypremiershop.jp/R029004/,no,,,,,,yes,no,no,no,no,no,,,,,,,,,,,,,no,no,,no,barrier_free_map,沖縄県バリアフリーマップ,http://okinawa-bf-map.jp/facility-info/detail?facility_id=3166,2023-02-15,3166,,備考: 近隣コインパーキング利用の場合利用料返金
47,沖縄県,47361,久米島町,,ａｕショップ 久米島,,,,〒 〒901-312 / 沖縄県久米島町字鳥島３０４,26.345541969415528,126.74899505604526,http://cs-ez2.au.kddi.com/auShopOut/Controller?COM_TO=ShopInfo.jsp&SHOP_ID=O-00314-in500,yes,no,,,,,no,no,no,,no,no,,,,,,,,,,,,,no,no,,no,barrier_free_map,沖縄県バリアフリーマップ,http://okinawa-bf-map.jp/facility-info/detail?facility_id=3167,2018-03-01,3167,,
47,沖縄県,47210,糸満市,,auショップ西崎運動公園前,,,901-0305,沖縄県糸満市西崎２-１８-３,26.142512255209706,127.66220479894109,/,no,yes,,,,,yes,no,no,no,no,no,,,,,,,,,,,,,no,no,,no,barrier_free_map,沖縄県バリアフリーマップ,http://okinawa-bf-map.jp/facility-info/detail?facility_id=3168,2023-02-17,3168,,トイレ備考: 車いすは女子トイレと共用、洋式は男女各一室 女子トイレのみ手すりあり
47,沖縄県,47329,西原町,,auショップ 西原坂田,,,903-0117,沖縄県西原町翁長５５１－２,26.23875404013064,127.74616466666396,http:///cs-ez2.au.kddi.com/auShopOut/Controller?COM_TO=ShopInfo.jsp&SHOP_ID=O-00271-in500,no,no,,,,,,no,no,no,no,no,,,,,,,,,,,,,no,no,,no,barrier_free_map,沖縄県バリアフリーマップ,http://okinawa-bf-map.jp/facility-info/detail?facility_id=3170,2018-03-01,3170,,備考: 西原町 翁長５５１－２ アーバンハイツ坂田２
47,沖縄県,47201,那覇市,,auショップ 小禄,,,901-0152,沖縄県那覇市小禄１－２７－１７ ソシアＡ－１,26.192867043609006,127.67803369718627,http://cs-ez2.au.kddi.com/auShopOut/Controller?COM_TO=ShopInfo.jsp&SHOP_ID=O-00258-in500,yes,no,,,,,yes,no,no,no,no,no,,,,,,,,,,,,,,no,,no,barrier_free_map,沖縄県バリアフリーマップ,http://okinawa-bf-map.jp/facility-info/detail?facility_id=3172,2018-02-23,3172,,
47,沖縄県,47201,那覇市,,auショップ 首里いしみね,,,903-0804,沖縄県那覇市首里石嶺４－４－１ 首里いしみね,26.2279405,127.72987680000006,http://cs-ez2.au.kddi.com/auShopOut/Controller?COM_TO=ShopInfo.jsp&SHOP_ID=O-00365-in500,no,no,,,,,yes,no,no,no,no,no,,,,,,,,,,,,,no,no,,yes,barrier_free_map,沖縄県バリアフリーマップ,http://okinawa-bf-map.jp/facility-info/detail?facility_id=3173,2018-02-22,3173,,備考: 段差はないが高低差がある。
47,沖縄県,47207,石垣市,,auショップ 石垣東,,,907-0002,沖縄県石垣市真栄里２８６－１,24.33764277447077,124.17898664240374,http://cs-ez2.au.kddi.com/auShopOut/Controller?COM_TO=ShopInfo.jsp&SHOP_ID=O-00353-in500,no,no,,,,,no,no,no,no,no,no,,,,,,,,,,,,,no,no,,yes,barrier_free_map,沖縄県バリアフリーマップ,http://okinawa-bf-map.jp/facility-info/detail?facility_id=3174,2018-02-22,3174,,
47,沖縄県,47207,石垣市,,auショップ 石垣美崎町,,,907-0012,沖縄県石垣市美崎町１６－１,24.3416328,124.15509159999999,http://www.au.com/aushop/shop.O-00305/,no,no,,,,,yes,no,no,no,no,no,,,,,,,,,,,,,no,,,,barrier_free_map,沖縄県バリアフリーマップ,http://okinawa-bf-map.jp/facility-info/detail?facility_id=3175,2018-03-02,3175,,
47,沖縄県,47324,読谷村,,auショップ 読谷,,,904-0303,沖縄県読谷村伊良皆222-3,26.3828652,127.75522139999998,http://cs-ez2.au.kddi.com/auShopOut/Controller?COM_TO=ShopInfo.jsp&SHOP_ID=O-00346-in500,yes,yes,,,,,,no,no,no,yes,yes,,,,,,,,,,,,,,no,,yes,barrier_free_map,沖縄県バリアフリーマップ,http://okinawa-bf-map.jp/facility-info/detail?facility_id=3176,2018-03-06,3176,,
47,沖縄県,47348,与那原町,,auショップ かふう東浜,,,901-1304,沖縄県与那原町東浜９５－８,26.205379523247856,127.75783192831977,http://www.au.com/aushop/shop.O-00267/,yes,yes,,,,,,no,no,no,no,no,,,,,,,,,,,,,no,no,,yes,barrier_free_map,沖縄県バリアフリーマップ,http://okinawa-bf-map.jp/facility-info/detail?facility_id=3177,2018-03-02,3177,,備考: 2Fに上がる場合は階段のみ
47,沖縄県,47209,名護市,,auショップ 東江,,,905-0021,沖縄県名護市東江５－６５１７－１,26.5839863,127.98418830000003,http://www.au.com/aushop/shop.O-00304/,yes,yes,,,,,,no,no,no,no,no,,,,,,,,,,,,,no,no,,no,barrier_free_map,沖縄県バリアフリーマップ,http://okinawa-bf-map.jp/facility-info/detail?facility_id=3178,2018-02-27,3178,,
47,沖縄県,47211,沖縄市,,沖縄県総合運動公園 補助競技場,,,904-2173,沖縄県沖縄市比屋根5-3-1,26.309499496424404,127.82397934813045,/,,,,,,,,,no,no,no,no,,,,,,,,,,,,,,no,,,barrier_free_map,沖縄県バリアフリーマップ,http://okinawa-bf-map.jp/facility-info/detail?facility_id=318,2023-12-05,318,トイレ出入口形状=引戸,
47,沖縄県,47213,うるま市,,auショップ 石川,,,904-1106,沖縄県うるま市石川1-12-26,26.430062,127.82415650000007,http://www.koki-co.jp/shop/okinawa/ishikawa.html,no,no,,,,,no,no,no,no,no,yes,,,,,,,,,,,,,no,no,,yes,barrier_free_map,沖縄県バリアフリーマップ,http://okinawa-bf-map.jp/facility-info/detail?facility_id=3181,2018-03-02,3181,,特徴･注意点: 床がすべりやすいです。 雨天時は、とくにすべりやすいので、入口マットで靴をふいて頂けばとおもいます。 / トイレ備考: 一般トイレ段差あり
47,沖縄県,47324,読谷村,,auショップ 読谷ふるげん,,,904-0314,沖縄県読谷村古堅303,26.366507948194485,127.7475181171967,http://www.au.com/aushop/shop.O-00312/,yes,yes,,,,,,no,no,no,yes,yes,,,,,,,,,,,,,no,no,,yes,barrier_free_map,沖縄県バリアフリーマップ,http://okinawa-bf-map.jp/facility-info/detail?facility_id=3182,2018-03-06,3182,,
47,沖縄県,47201,那覇市,,auショップ 与儀店,,,902-0075,沖縄県那覇市国場1191-2,26.201719812039098,127.69704857720762,http://cs-ez2.au.kddi.com/auShopOut/Controller?COM_TO=ShopInfo.jsp&SHOP_ID=O-00263-in500,no,yes,,,,,yes,no,no,no,no,no,,,,,,,,,,,,,no,no,,no,barrier_free_map,沖縄県バリアフリーマップ,http://okinawa-bf-map.jp/facility-info/detail?facility_id=3183,2018-03-02,3183,,
47,沖縄県,47209,名護市,,auショップ 名護,,,905-0016,沖縄県名護市大東１丁目１２-１３,26.58872101746448,127.985254043586,http://cs-ez2.au.kddi.com/auShopOut/Controller?COM_TO=ShopInfo.jsp&SHOP_ID=O-00303-in300,yes,yes,,,,,yes,no,no,no,no,yes,,,,,,,,,,,,,no,no,,yes,barrier_free_map,沖縄県バリアフリーマップ,http://okinawa-bf-map.jp/facility-info/detail?facility_id=3184,2018-03-02,3184,,
47,沖縄県,47326,北谷町,,auショップ 北谷美浜,,,904-0115,沖縄県北谷町美浜２－６－７ シーサイドマンションⅢ 1F,26.318318940002463,127.75878544542104,http://www.au.com/aushop/shop.O-00284/,yes,no,,,,,yes,no,no,no,no,no,,,,,,,,,,,,,no,,,,barrier_free_map,沖縄県バリアフリーマップ,http://okinawa-bf-map.jp/facility-info/detail?facility_id=3185,2018-03-02,3185,,特徴･注意点: 施設内に段差はほとんど無いが、ケーブル等の配線があります。 雨天時は床が滑りやすくなっています。 / 備考: 当店はシーサイドマンション３ １Ｆです
47,沖縄県,47212,豊見城市,,auショップ 豊崎ＴＯＭＩＴＯＮ,,,901-0225,沖縄県豊見城市豊崎1-411テナント,26.15492024108176,127.65289898576157,http://cs-ez2.au.kddi.com/auShopOut/Controller?COM_TO=ShopInfo.jsp&SHOP_ID=O-00264-in500,yes,yes,,,,,yes,yes,no,no,no,no,,,,,,,,,,,,,no,no,,no,barrier_free_map,沖縄県バリアフリーマップ,http://okinawa-bf-map.jp/facility-info/detail?facility_id=3186,2018-03-02,3186,着替え台あり,
47,沖縄県,47212,豊見城市,,auショップ 豊見城中央,,,901-0244,沖縄県豊見城市宜保３７７－２/ビッググリーン2 102号,26.1794759,127.67603340000005,http://www.au.com/aushop/shop.O-00327/,no,no,,,,,no,no,no,no,no,no,,,,,,,,,,,,,no,no,,no,barrier_free_map,沖縄県バリアフリーマップ,http://okinawa-bf-map.jp/facility-info/detail?facility_id=3187,2018-02-26,3187,,
47,沖縄県,47201,那覇市,,auショップ 壺川,,,900-0025,沖縄県那覇市壺川1-2-6,26.20714495599375,127.679921290561,http://www.au.com/aushop/shop.O-00255/,no,yes,,,,,yes,yes,no,no,no,no,,,,,,,,,,,,,no,no,,yes,barrier_free_map,沖縄県バリアフリーマップ,http://okinawa-bf-map.jp/facility-info/detail?facility_id=3188,2023-02-17,3188,,
47,沖縄県,47215,南城市,,ガーデンレストラン花さんご,,,901-1400,沖縄県南城市玉城屋嘉部142,26.148746,127.76982729999997,http://hanasango.info/,yes,yes,,,,,yes,no,no,no,yes,yes,,,,,,,,,,,,no,,,,,barrier_free_map,沖縄県バリアフリーマップ,http://okinawa-bf-map.jp/facility-info/detail?facility_id=3192,2018-12-07,3192,,備考: ディナータイム 前日までに電話予約制 / 備考: 第2駐車場 駐車場収納台数20台
47,沖縄県,47211,沖縄市,,社会福祉法人あさひ福祉会 みさと保育園,,,904-2156,沖縄県沖縄市美里仲原12-11,26.3468914,127.82865570000001,http://www.ans.co.jp/n/misato-asahi/index.html,yes,yes,,,,,yes,no,no,no,,no,,,,,,,,,,,,,,yes,,yes,barrier_free_map,沖縄県バリアフリーマップ,http://okinawa-bf-map.jp/facility-info/detail?facility_id=3193,2019-07-24,3193,緊急通報装置あり,特徴･注意点: 出入口は防犯のためテンキーを入力しての入室となる ドアの形式はタッチスイッチ式 / 備考: 出入口の左側にAED設置あり / 備考: 車止めポール3本設置有り
47,沖縄県,47212,豊見城市,,沖縄空手会館,,,901-0241,沖縄県豊見城市豊見城854-1,26.1869701,127.6829798,http://karatekaikan.jp/,yes,,,,,,,,,no,,yes,,,,,,,,,,,,,yes,yes,,,barrier_free_map,沖縄県バリアフリーマップ,http://okinawa-bf-map.jp/facility-info/detail?facility_id=3194,2023-11-24,3194,緊急通報装置あり / 着替え台あり,
47,沖縄県,47209,名護市,,久志区屋外運動場,,,,〒 9052173 / 沖縄県名護市久志200番地,26.5157855,128.0079146,/,no,yes,,,,,,no,no,no,no,no,,,,,,,,,,,,,,no,,no,barrier_free_map,沖縄県バリアフリーマップ,http://okinawa-bf-map.jp/facility-info/detail?facility_id=3195,2020-05-05,3195,,
47,沖縄県,47209,名護市,,久志区体育館,,,905-2173,沖縄県名護市久志200番地,26.5157855,128.0079146,/,,,,,,,no,no,no,no,no,no,,,,,,,,,,,,,,no,,no,barrier_free_map,沖縄県バリアフリーマップ,http://okinawa-bf-map.jp/facility-info/detail?facility_id=3197,2020-05-05,3197,,
47,沖縄県,47209,名護市,,名護市数久田体育館,,,905-0023,沖縄県名護市数久田954-1,26.5687814,127.9812466,http://www.sports-commission.okinawa/sports-facility/s-30106/,no,no,,,,,no,no,no,no,no,no,,,,,,,,,,,,,no,no,,no,barrier_free_map,沖縄県バリアフリーマップ,http://okinawa-bf-map.jp/facility-info/detail?facility_id=3198,2020-05-06,3198,,
47,沖縄県,47209,名護市,,名護市スポーツリハビリテーションセンター,,,905-0007,沖縄県名護市屋部117番地,26.601782,127.9525517,http://www.sporc.jp,yes,yes,,,,,yes,no,no,no,yes,no,,,,,,,,,,,,,no,no,,no,barrier_free_map,沖縄県バリアフリーマップ,http://okinawa-bf-map.jp/facility-info/detail?facility_id=3199,2020-05-06,3199,緊急通報装置あり,備考: 利用条件：介助者を付ける
47,沖縄県,47211,沖縄市,,沖縄県総合運動公園 屋内運動場ドーム,,,904-2173,沖縄県沖縄市比屋根5-3-1,26.30556548964704,127.82388230819481,/,,,,,,,,,no,no,,,,,,,,,,,,,,,,no,,,barrier_free_map,沖縄県バリアフリーマップ,http://okinawa-bf-map.jp/facility-info/detail?facility_id=320,2020-05-06,320,緊急通報装置あり / トイレ出入口形状=引戸,特徴･注意点: ･バリアフリートイレ設置:出入口の開口幅90㎝、便座の高さ45㎝、手すりから便器まで22㎝、洗面所の高さ76㎝。 ･シャワー室利用料１回100円。鏡付き｡ ･車イス用シャワー室は男女別でシャワーヘッドを設置。
47,沖縄県,47213,うるま市,,うるま市健康福祉センターうるみん,,,904-2214,沖縄県うるま市安慶名1-8-1,26.373610000000014,127.85429840000002,http://www.urumin.jp/,yes,yes,,,,,,,,no,yes,yes,,,,,,,,,,,,,no,yes,,no,barrier_free_map,沖縄県バリアフリーマップ,http://okinawa-bf-map.jp/facility-info/detail?facility_id=3200,2024-04-02,3200,緊急通報装置あり,
47,沖縄県,47355,粟国村,,粟国島パークゴルフ場,,,901-3703,沖縄県粟国村西1548番地,26.577974,127.2134972,http://aguni-kankou.jp/park/golf.html,,,,,,,,no,no,no,no,no,,,,,,,,,,,,,no,no,,no,barrier_free_map,沖縄県バリアフリーマップ,http://okinawa-bf-map.jp/facility-info/detail?facility_id=3201,2020-05-06,3201,,
47,沖縄県,47361,久米島町,,バーデハウス久米島,,,901-3106,沖縄県久米島町奥武170-1,26.3365527,126.8250958,/,yes,yes,,,,,yes,no,no,no,yes,no,,,,,,,,,,,,,no,no,,no,barrier_free_map,沖縄県バリアフリーマップ,http://okinawa-bf-map.jp/facility-info/detail?facility_id=3202,2020-05-06,3202,,備考: 利用条件：介助を必要としない方、若しくは介助者同伴であること。 フロントにて室内用車いすのレンタルあり、フロントに声掛けの必要あり。 プールサイドまではバリアフリー化されてるがプール内スロープ無し。介助の必要あり。
47,沖縄県,47207,石垣市,,JAファーマーズマーケットやえやま「ゆらてぃく市場」,,,907-0014,沖縄県石垣市新栄1-2,24.34101452609336,124.15658584494881,http://www.yaeyama-pain.com/,no,yes,,,,,yes,no,yes,,yes,yes,,,,,,,,,,,,,,,,,barrier_free_map,沖縄県バリアフリーマップ,http://okinawa-bf-map.jp/facility-info/detail?facility_id=3205,2020-03-23,3205,緊急通報装置あり,
47,沖縄県,47214,宮古島市,,宮古島市未来創造センター 図書館,,,906-0007,沖縄県宮古島市平良字東仲宗根８０７番地,24.80200592369893,125.29167709881136,http://www.city.miyakojima.lg.jp/soshiki/kyouiku/syougaigakusyu/miraisouzou/,yes,yes,,,,,yes,yes,yes,no,yes,yes,,,,,,,,,,,,,no,yes,,yes,barrier_free_map,沖縄県バリアフリーマップ,http://okinawa-bf-map.jp/facility-info/detail?facility_id=3206,2024-01-04,3206,緊急通報装置あり / 着替え台あり,備考: 駐車場収容台数は創造センター全体の台数です。 / トイレ備考: 多目的トイレ2箇所あり
47,沖縄県,47208,浦添市,,てだこボウル,,,901-2132,沖縄県浦添市伊祖2-9-2,26.2521821,127.7155444,http://www.tedakobowl.com/,,yes,,,,,,,,,,,,,,,,,,,,,,,,,,,barrier_free_map,沖縄県バリアフリーマップ,http://okinawa-bf-map.jp/facility-info/detail?facility_id=3209,2020-05-01,3209,,
47,沖縄県,47211,沖縄市,,ナムコ沖縄ワンダーボウル,,,904-2141,沖縄県沖縄市池原5-1-24,26.3807661,127.8273495,http://https://bandainamco-am.co.jp/game_center/loc/bw-okinawa/,,yes,,,,,,,,,,,,,,,,,,,,,,,,,,,barrier_free_map,沖縄県バリアフリーマップ,http://okinawa-bf-map.jp/facility-info/detail?facility_id=3210,2020-05-01,3210,,
47,沖縄県,47214,宮古島市,,下地島空港,,,906-0507,沖縄県宮古島市沖縄県宮古島伊良部字佐和田1727番地,24.828660870713286,125.1493581633682,http://shimojishima.jp/,yes,yes,,,,,,,yes,,yes,yes,,,,,,,,,,,,,yes,yes,,,barrier_free_map,沖縄県バリアフリーマップ,http://okinawa-bf-map.jp/facility-info/detail?facility_id=3211,2020-03-23,3211,緊急通報装置あり,トイレ備考: トイレ7箇所あり
47,沖縄県,47207,石垣市,,沖縄銀行 八重山支店,,,,〒 〒907-001 / 沖縄県石垣市美崎16番地,24.340429274854543,124.15502855273766,http://www.okinawa-bank.co.jp/shop_atm/2014061101987/,,yes,,,,,,no,no,,yes,,,,,,,,,,,,,,,,,,barrier_free_map,沖縄県バリアフリーマップ,http://okinawa-bf-map.jp/facility-info/detail?facility_id=3212,2020-03-30,3212,緊急通報装置あり,トイレ備考: 車いす利用可能トイレに少便器1つあり
47,沖縄県,47207,石垣市,,ファミリーマート 新栄店,,,,〒 〒907-001 / 沖縄県石垣市沖縄県石垣字新栄７９番１２,24.350049065274998,124.14564111779096,http://as.chizumaru.com/famima/detailMap?pageLimitCtrl=1&account=famima&adr=47382&scl=5000&rot=0&x0=442821.692&y0=88069.681&c2=1&area=0&bid=72507,,yes,,,,,no,no,no,no,,,,,,,,,,,,,,,,no,,no,barrier_free_map,沖縄県バリアフリーマップ,http://okinawa-bf-map.jp/facility-info/detail?facility_id=3213,2020-03-24,3213,,トイレ備考: 車いす利用可能トイレ内に少便器あり
47,沖縄県,47213,うるま市,,与那城総合公園（多目的広場）,,,904-2305,沖縄県うるま市与那城中央5,26.328747603050317,127.905482634257,/,yes,yes,,,,,,no,no,,,,,,,,,,,,,,,,,,,,barrier_free_map,沖縄県バリアフリーマップ,http://okinawa-bf-map.jp/facility-info/detail?facility_id=3215,2020-04-03,3215,,
47,沖縄県,47213,うるま市,,うるま市具志川多種目競技場,,,904-2224,沖縄県うるま市大田509,26.355752467806706,127.865821,http://www.city.uruma.lg.jp/culture/144/740/741,no,yes,,,,,,no,no,no,no,no,,,,,,,,,,,,,,,,,barrier_free_map,沖縄県バリアフリーマップ,http://okinawa-bf-map.jp/facility-info/detail?facility_id=3217,2020-04-03,3217,,
47,沖縄県,47213,うるま市,,うるま市具志川総合グラウンド,,,904-2224,沖縄県うるま市大田421,26.3557802,127.8660103,/,yes,yes,,,,,,no,no,no,no,no,,,,,,,,,,,,,,,,,barrier_free_map,沖縄県バリアフリーマップ,http://okinawa-bf-map.jp/facility-info/detail?facility_id=3218,2020-04-03,3218,,
47,沖縄県,47301,国頭村,,やんばる野生生物保護センター,,,905-1413,沖縄県国頭村比地263-1,26.7282607,128.1790019,http://ufugi-yambaru.com/index.html,yes,yes,,,,,no,,,,yes,yes,,,,,,,,,,,,,,,,,barrier_free_map,沖縄県バリアフリーマップ,http://okinawa-bf-map.jp/facility-info/detail?facility_id=3220,2020-05-06,3220,緊急通報装置あり,
47,沖縄県,47213,うるま市,,喜屋武マーブ庭球場,,,904-2236,沖縄県うるま市喜仲4-3-1,26.35383513550024,127.84909242810288,/,no,no,,,,,no,no,no,no,no,no,,,,,,,,,,,,,,no,,no,barrier_free_map,沖縄県バリアフリーマップ,http://okinawa-bf-map.jp/facility-info/detail?facility_id=3221,2024-11-29,3221,,備考: 車いす専用駐車場無し / トイレ備考: テニスコートにトイレの併設は無し 離れた場所にトイレあり
47,沖縄県,47213,うるま市,,カラオケハウスとまと具志川店,,,904-2244,沖縄県うるま市江洲507うるまシティプラザ2F / うるまシティプラザ2F,26.3551195,127.8259081,/,no,no,,,,,,,,no,,,,,,,,,,,,,,,,,,,barrier_free_map,沖縄県バリアフリーマップ,http://okinawa-bf-map.jp/facility-info/detail?facility_id=3223,2020-05-07,3223,,備考: うるまシティプラザ２Ｆ バリアフリー設計で広々としたカラオケルーム / トイレ備考: とまと内は多目的トイレ無し うるまシティプラザ内１Ｆ、２Ｆに多目的トイレ有
47,沖縄県,47201,那覇市,,那覇市立首里図書館,,,903-0812,沖縄県那覇市首里当蔵2-8-2,26.2187714,127.7211514,http://www.city.naha.okinawa.jp/lib/,yes,yes,,,,,no,no,no,no,yes,yes,,,,,,,,,,,,,no,no,,no,barrier_free_map,沖縄県バリアフリーマップ,http://okinawa-bf-map.jp/facility-info/detail?facility_id=3227,2024-08-29,3227,,備考: 首里公民館と共用のピロティあり。 自動車12台程度は駐車可能。 / トイレ備考: ・男性用トイレ6室（和式2洋式3） ・女性用トイレ8室（和式2洋式6） ・多目的トイレ3室（洋式3）
47,沖縄県,47201,那覇市,,那覇市立小禄南図書館,,,901-0145,沖縄県那覇市高良2-7-1,26.18512436382666,127.66186339986116,http://www.city.naha.okinawa.jp/lib/n-toshokan/n-bun-oroku.html,yes,yes,,,,,no,no,no,no,,yes,,,,,,,,,,,,,no,yes,,yes,barrier_free_map,沖縄県バリアフリーマップ,http://okinawa-bf-map.jp/facility-info/detail?facility_id=3228,2025-03-20,3228,,備考: 那覇市小禄南公民館と併設 / 備考: 上段11台 内、身体障害者専用駐車場なし 下段27台 内、身体障害者用駐車場２台 / トイレ備考: 一般トイレ段差あり 男性用トイレ5室（和式２洋式３） 女性用トイレ７室（和式４洋式３） 多目的トイレ１室（洋式１）
47,沖縄県,47201,那覇市,,那覇市パレット市民劇場,,,900-0015,沖縄県那覇市久茂地1-1-1 / パレットくもじ9階,26.2138009,127.6793009,http://www.palette-kumoji.co.jp/naha/gekijo/,yes,yes,,,,,,no,no,no,yes,no,,,,,,,,,,,,,no,no,,no,barrier_free_map,沖縄県バリアフリーマップ,http://okinawa-bf-map.jp/facility-info/detail?facility_id=3229,2022-04-20,3229,緊急通報装置あり,備考: 複合施設のため、施設内利用者向け駐車場は有り。 劇場専用駐車場は無し。 / トイレ備考: 緊急通報装置は多目的トイレのみ。
47,沖縄県,47214,宮古島市,,宮古島市未来創造センター図書館,,,906-0007,沖縄県宮古島市平良東仲宗根807番地,24.8022421,125.2914357,http://www.city.miyakojima.lg.jp/soshiki/kyouiku/syougaigakusyu/tosyokan/,,,,,,,,,,,,,,,,,,,,,,,,,yes,,,,barrier_free_map,沖縄県バリアフリーマップ,http://okinawa-bf-map.jp/facility-info/detail?facility_id=3238,2026-02-18,3238,,
47,沖縄県,47211,沖縄市,,沖縄県総合運動場 蹴球場,,,904-2173,沖縄県沖縄市比屋根5-3-1,26.309384578805,127.82349952600326,http://okinawa-kenso.com/,yes,yes,,,,,,no,no,no,,,,,,,,,,,,,,,no,no,,no,barrier_free_map,沖縄県バリアフリーマップ,http://okinawa-bf-map.jp/facility-info/detail?facility_id=3246,2023-11-29,3246,,トイレ備考: 一般トイレ 段差 なし 開口幅80cm以上 なし
47,沖縄県,47211,沖縄市,,沖縄県総合運動公園 テニスコート,,,904-2173,沖縄県沖縄市比屋根5-3-1,26.3056524,127.8240734,http://okinawa-kenso.com/,yes,yes,,,,,,,,,,,,,,,,,,,,,,,,,,,barrier_free_map,沖縄県バリアフリーマップ,http://okinawa-bf-map.jp/facility-info/detail?facility_id=3247,2023-11-28,3247,,
47,沖縄県,47211,沖縄市,,沖縄県総合運動公園 レクリエーションプール,,,904-2173,沖縄県沖縄市比屋根5-6-1,26.3080555098931,127.82684015277863,http://okinawa-kenso.com,,no,,,,,,,,,,,,,,,,,,,,,,,,yes,,,barrier_free_map,沖縄県バリアフリーマップ,http://okinawa-bf-map.jp/facility-info/detail?facility_id=3248,2023-11-28,3248,,
47,沖縄県,47211,沖縄市,,沖縄市立図書館,,,904-0004,沖縄県沖縄市中央2-28-1 / 沖縄市雇用促進等施設（BCコザ）１階,26.340881217482984,127.79855811269572,http://www.city.okinawa.okinawa.jp/lib/,yes,yes,,,,,,yes,yes,no,yes,yes,,,,,,,,,,,,,yes,yes,,yes,barrier_free_map,沖縄県バリアフリーマップ,http://okinawa-bf-map.jp/facility-info/detail?facility_id=3252,2024-09-04,3252,緊急通報装置あり,備考: 供用 BCコザ屋内駐車場 チケット押印で3時間まで無料 身体障害者用駐車場4階からエレベーターホールまで５ｍ エレベーターで1階へ図書館まで７ｍ / トイレ備考: 一般トイレ開口幅80cm以上あり 多目的トイレ：館内2か所、エントランス1箇所 ＊温水用便座あり 子供の本コーナーに幼児用、多目的トイレあり
47,沖縄県,47213,うるま市,,うるま市勝連図書館,,,904-2312,沖縄県うるま市勝連平安名3047番地,26.3144351,127.8965662,http://www.city.uruma.lg.jp/culture/140/3260/3263,yes,yes,,,,,no,no,no,no,yes,yes,,,,,,,,,,,,,no,no,,,barrier_free_map,沖縄県バリアフリーマップ,http://okinawa-bf-map.jp/facility-info/detail?facility_id=3255,2024-08-14,3255,緊急通報装置あり,トイレ備考: 一般トイレ段差あり 女性用トイレに幼児（男児）用便器あり
47,沖縄県,47211,沖縄市,,コザしんきんドーム（コザ運動公園）,,,904-0032,沖縄県沖縄市諸見里2-1-1,26.333915174138756,127.78950126298215,http://www.kozapa-osi.jp,yes,yes,,,,,,,yes,,,,,,,,,,,,,,,,,,,,barrier_free_map,沖縄県バリアフリーマップ,http://okinawa-bf-map.jp/facility-info/detail?facility_id=3263,2020-05-07,3263,,
47,沖縄県,47211,沖縄市,,コザ運動公園（サブトラック兼ソフトボール場）,,,904-0032,沖縄県沖縄市諸見里2-1-1,26.3327517,127.7869478,http://www.kozapa-osi.jp,yes,yes,,,,,,,,,,,,,,,,,,,,,,,,,,,barrier_free_map,沖縄県バリアフリーマップ,http://okinawa-bf-map.jp/facility-info/detail?facility_id=3264,2020-05-07,3264,,
47,沖縄県,47211,沖縄市,,コザ運動公園 トレーニングルーム,,,904-0032,沖縄県沖縄市諸見里2-1-1,26.3327517,127.7869478,http://www.kozapa-osi.jp,yes,yes,,,,,,,,,,,,,,,,,,,,,,,,,,,barrier_free_map,沖縄県バリアフリーマップ,http://okinawa-bf-map.jp/facility-info/detail?facility_id=3265,2020-05-07,3265,,
47,沖縄県,47211,沖縄市,,コザ運動公園 多目的運動場,,,904-0032,沖縄県沖縄市諸見里2-1-1,26.3327517,127.7869478,http://www.kozapa-osi.jp,yes,yes,,,,,,,,,,,,,,,,,,,,,,,,,,,barrier_free_map,沖縄県バリアフリーマップ,http://okinawa-bf-map.jp/facility-info/detail?facility_id=3266,2020-05-07,3266,,
47,沖縄県,47311,恩納村,,沖縄宇宙通信所,,,904-0402,沖縄県恩納村安富祖金良原1712,26.499359661674266,127.90164345978259,http://www.jaxa.jp/about/centers/otcs/index_j.html,yes,yes,,,,,yes,no,no,yes,yes,no,,,,,,,,,,,,,no,no,,,barrier_free_map,沖縄県バリアフリーマップ,http://okinawa-bf-map.jp/facility-info/detail?facility_id=3270,2025-09-05,3270,緊急通報装置あり,
47,沖縄県,47211,沖縄市,,コザ運動公園 投球練習場,,,904-0032,沖縄県沖縄市諸見里2-1-1,26.334102139733957,127.78900689547555,http://www.kozapa-osi.jp/,no,no,,,,,,,,,,,,,,,,,,,,,,,,,,,barrier_free_map,沖縄県バリアフリーマップ,http://okinawa-bf-map.jp/facility-info/detail?facility_id=3271,2020-05-07,3271,,トイレ備考: 投球練習場には無し 周辺施設にトイレはあり
47,沖縄県,47211,沖縄市,,コザ運動公園 庭球場,,,904-0032,沖縄県沖縄市諸見里2-1-1,26.3327517,127.7869478,http://www.kozapa-osi.jp/,no,no,,,,,,,,,,,,,,,,,,,,,,,,,,,barrier_free_map,沖縄県バリアフリーマップ,http://okinawa-bf-map.jp/facility-info/detail?facility_id=3272,2020-05-07,3272,,トイレ備考: テニスコートにはトイレなし 利用時は周辺施設にトイレあり
47,沖縄県,47326,北谷町,,エナジックボウル美浜,,,904-0115,沖縄県北谷町美浜9-8(シーサイドスクエア2F),26.31695671684908,127.7554802490738,http://www.enagicbowl.com/,yes,yes,,,,,,,,,yes,yes,,,,,,,,,,,,,,,,,barrier_free_map,沖縄県バリアフリーマップ,http://okinawa-bf-map.jp/facility-info/detail?facility_id=3273,2020-05-07,3273,,
47,沖縄県,47205,宜野湾市,,宜野湾海浜公園 庭球場,,,901-2224,沖縄県宜野湾市真志喜4-2-1,26.280951245590767,127.73557341744384,http://www.ginowankaihinkouen.jp/,no,yes,,,,,,,,,,,,,,,,,,,,,,,,,,,barrier_free_map,沖縄県バリアフリーマップ,http://okinawa-bf-map.jp/facility-info/detail?facility_id=3286,2020-05-13,3286,,トイレ備考: テニスコートにはトイレなし 周辺施設にトイレがあり、利用の際、移動が必要
47,沖縄県,47205,宜野湾市,,宜野湾海浜公園 屋内運動場,,,901-2224,沖縄県宜野湾市真志喜4-2-1,26.282249916158477,127.73606157948455,http://www.ginowankaihinkouen.jp/,no,no,,,,,,,,,,,,,,,,,,,,,,,,,,,barrier_free_map,沖縄県バリアフリーマップ,http://okinawa-bf-map.jp/facility-info/detail?facility_id=3287,2020-05-07,3287,,
47,沖縄県,47207,石垣市,,石垣市中央運動公園 第二野球場,,,907-0003,沖縄県石垣市平得439,24.344783163269682,124.17555279999999,http://www.sportswelcomeishigakijima.jp/,yes,yes,,,,,no,no,no,no,no,no,,,,,,,,,,,,,,,,,barrier_free_map,沖縄県バリアフリーマップ,http://okinawa-bf-map.jp/facility-info/detail?facility_id=3289,2024-02-20,3289,緊急通報装置あり,トイレ備考: 一般トイレ 段差なし 開口幅80cm以上 あり
47,沖縄県,47207,石垣市,,石垣市中央運動公園 総合体育館,,,907-0003,沖縄県石垣市平得439,24.343835,124.1755528,http://www.city.ishigaki.okinawa.jp/soshiki/shisetsu_kanri/5/6687.html,yes,yes,,,,,,no,,no,no,no,,,,,,,,,,,,,,,,,barrier_free_map,沖縄県バリアフリーマップ,http://okinawa-bf-map.jp/facility-info/detail?facility_id=3290,2024-02-21,3290,,
47,沖縄県,47207,石垣市,,石垣市中央運動公園多目的広場,,,907-0004,沖縄県石垣市登野城1409-1,24.3425715903431,124.17487829272916,http://www.city.ishigaki.okinawa.jp/soshiki/shisetsu_kanri/5/6687.html,no,no,,,,,,no,no,no,no,no,,,,,,,,,,,,,,no,,no,barrier_free_map,沖縄県バリアフリーマップ,http://okinawa-bf-map.jp/facility-info/detail?facility_id=3291,2024-02-20,3291,,トイレ備考: 多目的広場にはトイレはないので利用時は周辺施設にてトイレの利用の必要あり
47,沖縄県,47207,石垣市,,石垣市中央運動公園庭球場,,,907-0004,沖縄県石垣市登野城1409番地1,24.345027534095642,124.17486615449218,http://www.city.ishigaki.okinawa.jp/soshiki/shisetsu_kanri/5/6687.html,no,,,,,,,,,no,,,,,,,,,,,,,,,,,,,barrier_free_map,沖縄県バリアフリーマップ,http://okinawa-bf-map.jp/facility-info/detail?facility_id=3292,2024-02-20,3292,,トイレ備考: 一般トイレ段差あり 開口幅80cm以上 なし
47,沖縄県,47213,うるま市,,うるま市勝連Ｂ＆Ｇ海洋センタープール,,,904-2312,沖縄県うるま市勝連平安名2805,26.314257,127.8930863,/,no,,,,,,,,,,,,,,,,,,,,,,,,,,,,barrier_free_map,沖縄県バリアフリーマップ,http://okinawa-bf-map.jp/facility-info/detail?facility_id=3293,2020-05-12,3293,,備考: 幼児用プールあり
47,沖縄県,47213,うるま市,,うるま市勝連総合グラウンド,,,904-2312,沖縄県うるま市勝連平安名2713,26.315523599474456,127.89445840542002,/,no,no,,,,,,,,,,,,,,,,,,,,,,,,,,,barrier_free_map,沖縄県バリアフリーマップ,http://okinawa-bf-map.jp/facility-info/detail?facility_id=3294,2020-05-12,3294,,
47,沖縄県,47301,国頭村,,くいなエコ・スポレク公園 かいぎんフィールド国頭,,,905-1415,沖縄県国頭村浜502,26.7250382,128.1623443,http://ekospo.com/index.html,yes,yes,,,,,,,,,yes,yes,,,,,,,,,,,,,,,,,barrier_free_map,沖縄県バリアフリーマップ,http://okinawa-bf-map.jp/facility-info/detail?facility_id=3295,2020-05-12,3295,緊急通報装置あり,
47,沖縄県,47301,国頭村,,くいなエコ・スポレク公園 かいぎんスタジアム国頭,,,905-1415,沖縄県国頭村浜502,26.72590064221789,128.1623443,/,yes,yes,,,,,,,,,,,,,,,,,,,,,,,,,,,barrier_free_map,沖縄県バリアフリーマップ,http://okinawa-bf-map.jp/facility-info/detail?facility_id=3296,2020-05-13,3296,,
47,沖縄県,47301,国頭村,,くいなエコ・スポレク公園 屋内運動場,,,905-1415,沖縄県国頭村浜502,26.724055966179683,128.16094418689423,http://ekospo.com/index.html,yes,yes,,,,,,,,,,,,,,,,,,,,,,,,,,,barrier_free_map,沖縄県バリアフリーマップ,http://okinawa-bf-map.jp/facility-info/detail?facility_id=3299,2020-05-13,3299,,
47,沖縄県,47214,宮古島市,,宮古島市多目的前福運動場,,,906-0006,沖縄県宮古島市平良西仲宗根1574-7,24.803242724570662,125.30189038736832,http://www.city.miyakojima.lg.jp/soshiki/kyouiku/syougaigakusyu/sports/tamokutekiundoujyou.html,yes,yes,,,,,,,,,,,,,,,,,,,,,,,,,,,barrier_free_map,沖縄県バリアフリーマップ,http://okinawa-bf-map.jp/facility-info/detail?facility_id=3300,2020-05-13,3300,,備考: 車いすで覆られる場合、最寄りの駐車場からは階段があるため大回りの必要あり 施設に連絡する必要あり
47,沖縄県,47214,宮古島市,,宮古島市陸上競技場,,,906-0007,沖縄県宮古島市平良東仲宗根935-1,24.8017153,125.2987533,http://www.city.miyakojima.lg.jp/soshiki/kyouiku/syougaigakusyu/sports/rikujyoukyougijyou.html,yes,yes,,,,,,,,no,,,,,,,,,,,,,,,,,,,barrier_free_map,沖縄県バリアフリーマップ,http://okinawa-bf-map.jp/facility-info/detail?facility_id=3302,2020-05-13,3302,,
47,沖縄県,47214,宮古島市,,宮古島市民球場,,,906-0006,沖縄県宮古島市平良西仲宗根1574-1,24.8044578,125.301436,http://www.city.miyakojima.lg.jp/soshiki/kyouiku/syougaigakusyu/sports/shiminnkyuujyou.html,yes,yes,,,,,,,,,,,,,,,,,,,,,,,,,,,barrier_free_map,沖縄県バリアフリーマップ,http://okinawa-bf-map.jp/facility-info/detail?facility_id=3303,2020-05-13,3303,,
47,沖縄県,47209,名護市,,あけみおＳＫＹドーム,,,905-0011,沖縄県名護市宮里492,26.5927338,127.9637268,http://www.city.nago.okinawa.jp/kurashi/2018071901650/,yes,yes,,,,,,,,,,,,,,,,,,,,,,,,,,,barrier_free_map,沖縄県バリアフリーマップ,http://okinawa-bf-map.jp/facility-info/detail?facility_id=3304,2020-05-13,3304,,
47,沖縄県,47201,那覇市,,奥武山総合運動場 多目的広場,,,900-0026,沖縄県那覇市奥武山44-1,26.201782822943052,127.67570266494292,http://www.ounoyama.jp/,yes,yes,,,,,,,,no,,,,,,,,,,,,,,,,,,,barrier_free_map,沖縄県バリアフリーマップ,http://okinawa-bf-map.jp/facility-info/detail?facility_id=3306,2020-05-13,3306,,トイレ備考: 多目的広場の周辺にはトイレあり
47,沖縄県,47209,名護市,,大宮保育園,,,905-0011,沖縄県名護市宮里875-19,26.600455175718817,127.96415585172974,/,yes,yes,,,,,yes,no,no,no,no,no,,,,,,,,,,,,,no,yes,,yes,barrier_free_map,沖縄県バリアフリーマップ,http://okinawa-bf-map.jp/facility-info/detail?facility_id=3308,2021-07-20,3308,緊急通報装置あり,
47,沖縄県,47208,浦添市,,てだこ浦西駅,,,901-2102,沖縄県浦添市沖縄県浦添前田3丁目21,26.2413968,127.74071,/,yes,yes,,,,,yes,yes,yes,yes,,yes,,,,,,,,,,,,,no,no,,no,barrier_free_map,沖縄県バリアフリーマップ,http://okinawa-bf-map.jp/facility-info/detail?facility_id=3309,2021-09-02,3309,緊急通報装置あり / 着替え台あり,
47,沖縄県,47311,恩納村,,MAEDA BREEZE,,,904-0417,沖縄県恩納村真栄田1430-12,26.437484975086015,127.76622245648348,http://maeda-breeze.okinawa/,,yes,,,,,yes,no,no,no,no,no,,,,,,,,,,,,,,,,,barrier_free_map,沖縄県バリアフリーマップ,http://okinawa-bf-map.jp/facility-info/detail?facility_id=3310,2021-09-02,3310,,トイレ備考: トイレは広さがありますので車いすので介助者、またはベビーカーも十分に入室できます。
47,沖縄県,47211,沖縄市,,みさと虹薬局,,,904-2153,沖縄県沖縄市美里１丁目２８番１１号,26.342517,127.8174172,http://www.o-kenko.com/store.php#shop02,yes,yes,,,,,yes,no,no,no,no,no,,,,,,,,,,,,,no,,,,barrier_free_map,沖縄県バリアフリーマップ,http://okinawa-bf-map.jp/facility-info/detail?facility_id=3311,2026-02-13,3311,緊急通報装置あり,
47,沖縄県,47209,名護市,,オリエンタルホテル 沖縄 リゾート&スパ,,,905-0026,沖縄県名護市喜瀬1490-1,26.53062655359273,127.93441438968811,http://okinawa.oriental-hotels.com/,no,yes,,,,,no,no,yes,no,no,no,,,,,,,,,,,,,yes,no,,no,barrier_free_map,沖縄県バリアフリーマップ,http://okinawa-bf-map.jp/facility-info/detail?facility_id=3312,2021-10-12,3312,,備考: 宿泊時の駐車場は有料。 レストラン利用
47,沖縄県,47324,読谷村,,グランディスタイル 沖縄読谷 ホテル＆リゾート,,,904-0325,沖縄県読谷村字瀬名波571-1,26.423068811016055,127.73378160659671,http://glamdaystyle.jp/,yes,yes,,,,,yes,yes,yes,no,,no,,,,,,,,,,,,,yes,no,,no,barrier_free_map,沖縄県バリアフリーマップ,http://okinawa-bf-map.jp/facility-info/detail?facility_id=3314,2021-10-06,3314,緊急通報装置あり,備考: 屋根付きのフロントドア前までお車を付けていただき、 スタッフにてお車をバレーパーキングさせていただきます。
47,沖縄県,47201,那覇市,,ホテル・トリフィート那覇旭橋,,,900-0036,沖縄県那覇市沖縄県那覇西１丁目１１−１９,26.2143091,127.6727502,http://torifito.jp/nahaab/ja,yes,yes,,,,,yes,no,yes,no,yes,yes,,,,,,,,,,,,,yes,no,,no,barrier_free_map,沖縄県バリアフリーマップ,http://okinawa-bf-map.jp/facility-info/detail?facility_id=3315,2021-10-08,3315,緊急通報装置あり,備考: 身体障害者駐車場は屋根あり / トイレ備考: 緊急通報装置は多目的トイレのみ
47,沖縄県,47313,宜野座村,,道の駅『ぎのざ』観光拠点施設,,,904-1304,沖縄県宜野座村沖縄県国頭郡宜野座漢那1646-4,26.489145872901435,127.94599892834171,http://mitinoeki-ginoza.com/,yes,yes,,,,,yes,yes,yes,no,yes,,,,,,,,,,,,,,no,yes,,yes,barrier_free_map,沖縄県バリアフリーマップ,http://okinawa-bf-map.jp/facility-info/detail?facility_id=3316,2021-10-15,3316,緊急通報装置あり / 着替え台あり,
47,沖縄県,47201,那覇市,,琉球新報本社ビル,,,900-8525,沖縄県那覇市泉崎1-10-3,26.2139091465201,127.67793317790985,http://ryukyushimpo.jp/,yes,yes,,,,,yes,no,yes,,yes,,,,,,,,,,,,,,no,no,,no,barrier_free_map,沖縄県バリアフリーマップ,http://okinawa-bf-map.jp/facility-info/detail?facility_id=3317,2021-10-21,3317,緊急通報装置あり,備考: 社員専用駐車場
47,沖縄県,47213,うるま市,,フレッシュプラザユニオン赤道店,,,904-2245,沖縄県うるま市沖縄県うるま赤道627‐6,26.3593025,127.823327,http://union-okinawa.com/,yes,yes,,,,,yes,no,yes,no,no,yes,,,,,,,,,,,,,no,yes,,,barrier_free_map,沖縄県バリアフリーマップ,http://okinawa-bf-map.jp/facility-info/detail?facility_id=3319,2022-06-23,3319,緊急通報装置あり / 着替え台あり,
47,沖縄県,47208,浦添市,,在宅介護総合センター やえせAssembleGarden,,,904-2113,沖縄県浦添市沖縄県浦添大平３丁目１６番１０号,26.2434567,127.7169096,http://www.yaese.or.jp/,yes,yes,,,,,yes,no,no,no,,,,,,,,,,,,,,,no,no,,no,barrier_free_map,沖縄県バリアフリーマップ,http://okinawa-bf-map.jp/facility-info/detail?facility_id=3320,2021-11-08,3320,緊急通報装置あり,備考: 北棟 駐車場にもお客様駐車場２台あり
47,沖縄県,47201,那覇市,,あらた保育園,,,902-0068,沖縄県那覇市那覇市真嘉比１丁目24番９号,26.222693496920943,127.70158164166409,/,yes,yes,,,,,yes,no,,no,,,,,,,,,,,,,,,no,no,,yes,barrier_free_map,沖縄県バリアフリーマップ,http://okinawa-bf-map.jp/facility-info/detail?facility_id=3321,2021-11-24,3321,,備考: 駐車場から建物への移動時瞬間的にぬれる場所があります。
47,沖縄県,47326,北谷町,,ラ・ジェント・ホテル沖縄北谷,,,904-0115,沖縄県北谷町沖縄県中頭郡北谷美浜２５−３,26.3209703,127.7551795,http://lagent.jp/chatan/,yes,yes,,,,,no,no,yes,no,yes,yes,,,,,,,,,,,,,yes,no,,no,barrier_free_map,沖縄県バリアフリーマップ,http://okinawa-bf-map.jp/facility-info/detail?facility_id=3322,2021-12-10,3322,緊急通報装置あり / 着替え台あり,トイレ備考: 多目的トイレ洋式は部屋でユニバーサルルームのみ
47,沖縄県,47326,北谷町,,ヒルトン沖縄北谷リゾート,,,904-0115,沖縄県北谷町沖縄県中頭郡北谷美浜４０−１,26.318690434254616,127.75650192911377,http://chatan.hiltonjapan.co.jp/,yes,yes,,,,,yes,no,yes,no,yes,no,,,,,,,,,,,,,yes,,,,barrier_free_map,沖縄県バリアフリーマップ,http://okinawa-bf-map.jp/facility-info/detail?facility_id=3323,2022-01-07,3323,緊急通報装置あり,備考: 北側第一駐車場155台 南側第二駐車場52台 立体駐車場1階・2階 122台 ※障害者駐車場は南側第二駐車場のみ ※車場から通路までの間に段差3cmあり
47,沖縄県,47326,北谷町,,ダブルツリーbyヒルトン沖縄北谷リゾート,,,904-0115,沖縄県北谷町沖縄県中頭郡北谷町美浜４３,26.320480422030503,127.75003731716613,http://doubletree-chatan.hiltonjapan.co.jp/,yes,yes,,,,,yes,no,yes,no,yes,no,,,,,,,,,,,,,yes,no,,no,barrier_free_map,沖縄県バリアフリーマップ,http://okinawa-bf-map.jp/facility-info/detail?facility_id=3324,2022-01-11,3324,緊急通報装置あり,備考: 100台 ※満車時はヒルトンに隣接する立体駐車場も利用可能 1階・2階 122台 ※障害者専用駐車場は プール側駐車場のみ ※駐車スペースから通路の間に段差3cmあり / トイレ備考: おむつ交換台は手洗い場は1F男性用・1F女性用・1F多目的トイレにあり
47,沖縄県,47201,那覇市,,おきなわ屋市場,,,900-0014,沖縄県那覇市沖縄県那覇松尾2-8-29,26.2154039,127.6881033,http://www.okinawaya.co.jp/,no,no,,,,,no,no,no,no,no,no,,,,,,,,,,,,,no,no,,no,barrier_free_map,沖縄県バリアフリーマップ,http://okinawa-bf-map.jp/facility-info/detail?facility_id=3326,2022-05-12,3326,,備考: 駐車場なし
47,沖縄県,47201,那覇市,,GRGホテル那覇,,,900-0032,沖縄県那覇市松山2-16-10,26.21968086194569,127.6805982774023,http://grghotelnaha.com,yes,yes,,,,,yes,no,no,no,no,yes,,,,,,,,,,,,,no,no,,,barrier_free_map,沖縄県バリアフリーマップ,http://okinawa-bf-map.jp/facility-info/detail?facility_id=3327,2022-05-16,3327,緊急通報装置あり,
47,沖縄県,47201,那覇市,,沖縄逸の彩温泉リゾートホテル,,,900-0013,沖縄県那覇市牧志3-18-33,26.216136538550412,127.69364824719753,http://hinode-h.com/okinawa/,yes,yes,,,,,yes,no,yes,no,yes,yes,,,,,,,,,,,,,yes,no,,no,barrier_free_map,沖縄県バリアフリーマップ,http://okinawa-bf-map.jp/facility-info/detail?facility_id=3328,2022-06-08,3328,緊急通報装置あり,備考: 駐車場備考：平面駐車場6台（うち1台身体障がい者用スペース）
47,沖縄県,47308,本部町,,ホテル オリオン モトブ リゾート＆スパ,,,902-0207,沖縄県本部町沖縄県国頭郡本部備瀬148番地1,26.6984199,127.879535,http://www.okinawaresort-orion.com/,yes,yes,,,,,yes,no,yes,no,yes,yes,,,,,,,,,,,,,yes,yes,,no,barrier_free_map,沖縄県バリアフリーマップ,http://okinawa-bf-map.jp/facility-info/detail?facility_id=3329,2024-04-11,3329,緊急通報装置あり,トイレ備考: ベビーベッド貸出あり ベビーチェア貸出あり 幼児用便座貸出あり
47,沖縄県,47209,名護市,,ザ・リッツ・カールトン沖縄,,,905-0026,沖縄県名護市沖縄県名護喜瀬１３４３－１,26.5280858,127.9398478,http://www.ritzcarlton.com/jp/hotels/japan/okinawa,yes,yes,,,,,yes,no,no,no,yes,yes,,,,,,,,,,,,,yes,no,,no,barrier_free_map,沖縄県バリアフリーマップ,http://okinawa-bf-map.jp/facility-info/detail?facility_id=3330,2022-06-14,3330,緊急通報装置あり / 着替え台あり,トイレ備考: 緊急通報装置 一部 あり 幼児おむつ替え台 あり 車いす利用可能トイレ 一部 あり 多目的トイレ 一部 あり
47,沖縄県,47324,読谷村,,残波リゾートアクティビティパーク,,,,〒 9040328 / 沖縄県読谷村宇座1861,26.4387264,127.7145994,http://www.zrap.okinawa/,yes,yes,,,,,,no,no,no,yes,no,,,,,,,,,,,,,,no,,no,barrier_free_map,沖縄県バリアフリーマップ,http://okinawa-bf-map.jp/facility-info/detail?facility_id=3331,2022-09-29,3331,緊急通報装置あり / 着替え台あり,
47,沖縄県,47324,読谷村,,外食家 くじら,,,904-0325,沖縄県読谷村瀬名波949,26.42879,127.7296615,http://gaishokuya-kujira.com/,no,no,,,,,yes,no,no,no,yes,no,,,,,,,,,,,,,,no,,no,barrier_free_map,沖縄県バリアフリーマップ,http://okinawa-bf-map.jp/facility-info/detail?facility_id=3332,2022-10-17,3332,,
47,沖縄県,47201,那覇市,,鉄板焼きステーキレストラン碧 松尾店,,,900-0014,沖縄県那覇市沖縄県那覇松尾1-2-9,26.2139721,127.6818699,http://www.heki.co.jp/company,yes,yes,,,,,yes,no,no,no,yes,no,,,,,,,,,,,,,no,no,,,barrier_free_map,沖縄県バリアフリーマップ,http://okinawa-bf-map.jp/facility-info/detail?facility_id=3333,2023-07-14,3333,,備考: 駐車場備考： 近隣に契約駐車場あり 店舗裏手：三井のリパーク 沖縄銀行向かい：タイムズはいさい沖縄
47,沖縄県,47205,宜野湾市,,ザ・グランドホテルギノワン,,,901-2223,沖縄県宜野湾市沖縄県宜野湾大山3－5－1,26.2827673,127.7519219,http://thegrandhotelginowan.com/,yes,yes,,,,,yes,no,no,no,yes,yes,,,,,,,,,,,,,no,no,,no,barrier_free_map,沖縄県バリアフリーマップ,http://okinawa-bf-map.jp/facility-info/detail?facility_id=3334,2024-03-26,3334,緊急通報装置あり / 着替え台あり,備考: 屋根は裏口にあり
47,沖縄県,47201,那覇市,,ヒューイットリゾート那覇,,,902-0067,沖縄県那覇市沖縄県那覇安里2-5-16,26.218325564343743,127.69550866071322,http://hewitt-resort.com/naha/teaser/,yes,yes,,,,,yes,yes,no,no,no,no,,,,,,,,,,,,,yes,yes,,no,barrier_free_map,沖縄県バリアフリーマップ,http://okinawa-bf-map.jp/facility-info/detail?facility_id=3335,2022-11-25,3335,緊急通報装置あり,備考: ゆいレール 安里駅下車 徒歩３分
47,沖縄県,47207,石垣市,,グランヴィリオリゾート石垣島,,,907-0024,沖縄県石垣市新川舟蔵2481-1,24.357398,124.1240491,http://www.grandvrio-hotelresort.com/ishigaki/,yes,yes,,,,,yes,no,no,yes,no,no,,,,,,,,,,,,,yes,no,,yes,barrier_free_map,沖縄県バリアフリーマップ,http://okinawa-bf-map.jp/facility-info/detail?facility_id=3336,2022-12-16,3336,,
47,沖縄県,47308,本部町,,ヒルトン沖縄瀬底リゾート,,,905-0227,沖縄県本部町瀬底5750,26.6497258,127.8586092,http://sesoko.hiltonjapan.co.jp/,yes,yes,,,,,yes,no,yes,no,no,yes,,,,,,,,,,,,,yes,no,,no,barrier_free_map,沖縄県バリアフリーマップ,http://okinawa-bf-map.jp/facility-info/detail?facility_id=3337,2023-01-09,3337,緊急通報装置あり / 着替え台あり,トイレ備考: 緊急通報装置、おむつ交換台、おむつ用ゴミ箱、 オムツ交換台あり。オムツ専用汚物入れは多目的トイレに設置。 幼児用便座貸し出しあり。盲導犬は多目的トイレをご利用可能。
47,沖縄県,47201,那覇市,,ホテル コレクティブ,,,900-0014,沖縄県那覇市沖縄県那覇松尾2-5-7,26.21590353900833,127.68559801159157,http://hotelcollective.jp/,yes,yes,,,,,yes,no,yes,no,yes,yes,,,,,,,,,,,,,yes,yes,,yes,barrier_free_map,沖縄県バリアフリーマップ,http://okinawa-bf-map.jp/facility-info/detail?facility_id=3338,2023-01-09,3338,緊急通報装置あり / 着替え台あり,
47,沖縄県,47306,今帰仁村,,ロワジールテラス＆ヴィラズ古宇利,,,905-0406,沖縄県今帰仁村古宇利126番地,26.69969536791543,128.015982264418,http://www.loisirterrace.com/kouri/,yes,yes,,,,,yes,yes,yes,no,,,,,,,,,,,,,,,yes,no,,yes,barrier_free_map,沖縄県バリアフリーマップ,http://okinawa-bf-map.jp/facility-info/detail?facility_id=3339,2023-02-01,3339,緊急通報装置あり,トイレ備考: フロントロビー共用多目的トイレ内
47,沖縄県,47327,北中城村,,au Styleイオンモール沖縄ライカム,,,901-2306,沖縄県北中城村ライカム一番地 3F,26.3131992,127.7961585,http://www.au.com/aushop/shop.O-00282/,yes,yes,,,,,yes,yes,yes,no,yes,yes,,,,,,,,,,,,,yes,yes,,yes,barrier_free_map,沖縄県バリアフリーマップ,http://okinawa-bf-map.jp/facility-info/detail?facility_id=3340,2023-04-18,3340,緊急通報装置あり / 着替え台あり,備考: イオンモールの駐車場なので屋根有、無どちらもあり / トイレ備考: イオンモールのトイレ数が多いため全て確認できず
47,沖縄県,47213,うるま市,,auショップイオン具志川,,,904-2235,沖縄県うるま市前原 幸崎原303番地,26.33837481833298,127.84492689445463,http://www.au.com/aushop/shop.O-00334/,yes,yes,,,,,yes,no,no,no,yes,yes,,,,,,,,,,,,,yes,,,yes,barrier_free_map,沖縄県バリアフリーマップ,http://okinawa-bf-map.jp/facility-info/detail?facility_id=3341,2023-04-18,3341,緊急通報装置あり,備考: 平面駐車場、立体駐車場の両方あります。
47,沖縄県,47201,那覇市,,au Style イオン那覇,,,901-0155,沖縄県那覇市金城5-10-2 3F,26.1969565,127.6657676,http://www.au.com/aushop/shop.O-00365/,yes,yes,,,,,yes,no,no,no,yes,yes,,,,,,,,,,,,,yes,yes,,yes,barrier_free_map,沖縄県バリアフリーマップ,http://okinawa-bf-map.jp/facility-info/detail?facility_id=3342,2023-02-22,3342,,備考: 1階駐車場＋立体駐車場 / トイレ備考: イオン那覇共用トイレです。
47,沖縄県,47211,沖縄市,,au Stye あわせベイストリート,,,904-2172,沖縄県沖縄市泡瀬5-1-11,26.321500700000005,127.8322011,http://www.au.com/aushop/shop.O-00344/,yes,yes,,,,,yes,no,yes,no,,,,,,,,,,,,,,,yes,no,,yes,barrier_free_map,沖縄県バリアフリーマップ,http://okinawa-bf-map.jp/facility-info/detail?facility_id=3344,2023-02-20,3344,緊急通報装置あり / 着替え台あり,備考: サンエー泡瀬衣料館
47,沖縄県,47209,名護市,,auショップイオン名護,,,905-0012,沖縄県名護市字名護見取川原4472,26.608284860307073,127.98288192572755,http://www.au.com/aushop/shop.O-00304/,yes,yes,,,,,yes,no,no,no,yes,yes,,,,,,,,,,,,,yes,yes,,yes,barrier_free_map,沖縄県バリアフリーマップ,http://okinawa-bf-map.jp/facility-info/detail?facility_id=3345,2023-04-18,3345,,備考: 屋根は二階にある / トイレ備考: auショップ店内トイレ無しイオン名護店敷地内誘導
47,沖縄県,47208,浦添市,,auショップうらそえ伊祖,,,901-2132,沖縄県浦添市伊祖１－２１－２ 牧港建設ビル1階 / 牧港建設ビル1階,26.2527342,127.7173927,http://www.au.com/aushop/shop.O-00311/,yes,no,,,,,,no,no,no,no,no,,,,,,,,,,,,,,,,yes,barrier_free_map,沖縄県バリアフリーマップ,http://okinawa-bf-map.jp/facility-info/detail?facility_id=3346,2023-04-18,3346,,
47,沖縄県,47350,南風原町,,au ショップつかざん,,,901-1117,沖縄県南風原町津嘉山1417-1,26.1905553,127.7120278,http://www.au.com/aushop/shop.O-00331/,yes,yes,,,,,yes,no,no,no,,,,,,,,,,,,,,,,,,yes,barrier_free_map,沖縄県バリアフリーマップ,http://okinawa-bf-map.jp/facility-info/detail?facility_id=3347,2023-04-18,3347,,
47,沖縄県,47207,石垣市,,au Style サンエー石垣シティ,,,907-0002,沖縄県石垣市真栄里301-1,24.337609126455114,124.18306762156526,http://www.au.com/aushop/shop.O-00352/,yes,,,,,,yes,no,no,no,yes,yes,,,,,,,,,,,,,no,yes,,no,barrier_free_map,沖縄県バリアフリーマップ,http://okinawa-bf-map.jp/facility-info/detail?facility_id=3348,2023-02-22,3348,,備考: サンエー石垣シティ駐車場
47,沖縄県,47214,宮古島市,,au Style みやこじま中央,,,906-0012,沖縄県宮古島市平良西里772-2,24.79874857628653,125.28801776256562,http://www.au.com/aushop/shop.O-00367/,yes,yes,,,,,yes,no,no,no,no,yes,,,,,,,,,,,,,no,no,,yes,barrier_free_map,沖縄県バリアフリーマップ,http://okinawa-bf-map.jp/facility-info/detail?facility_id=3349,2023-02-22,3349,緊急通報装置あり,
47,沖縄県,47214,宮古島市,,auショップサンエー宮古島シティ,,,906-0013,沖縄県宮古島市平良下里2511-43,24.76833043848259,125.2970130964276,http://www.au.com/aushop/shop.O-00385/,yes,yes,,,,,yes,no,no,no,yes,yes,,,,,,,,,,,,,yes,yes,,no,barrier_free_map,沖縄県バリアフリーマップ,http://okinawa-bf-map.jp/facility-info/detail?facility_id=3350,2023-02-21,3350,緊急通報装置あり,備考: 駐車場の種類 １階駐車場＋屋上駐車場 / トイレ備考: サンエー宮古島シティ共用
47,沖縄県,47208,浦添市,,auショップサンエー経塚シティ,,,901-2111,沖縄県浦添市経塚652-1,26.2377184,127.7227426,http://www.au.com/aushop/shop.O-00346/,yes,yes,,,,,yes,yes,yes,yes,,,,,,,,,,,,,,,yes,yes,,,barrier_free_map,沖縄県バリアフリーマップ,http://okinawa-bf-map.jp/facility-info/detail?facility_id=3351,2023-02-21,3351,緊急通報装置あり / 着替え台あり,
47,沖縄県,47205,宜野湾市,,auショップ 宜野湾あかみち,,,901-2205,沖縄県宜野湾市赤道2丁目2番6号,26.2731597,127.7728183,/,no,,,,,,yes,no,no,no,,,,,,,,,,,,,,,,,,yes,barrier_free_map,沖縄県バリアフリーマップ,http://okinawa-bf-map.jp/facility-info/detail?facility_id=3352,2023-04-18,3352,,
47,沖縄県,47201,那覇市,,au Style 新都心,,,900-0004,沖縄県那覇市銘苅2丁目1-30,26.2294608,127.6978067,http://www.au.com/aushop/shop.O-00318/,yes,yes,,,,,yes,no,no,no,yes,no,,,,,,,,,,,,,,,,yes,barrier_free_map,沖縄県バリアフリーマップ,http://okinawa-bf-map.jp/facility-info/detail?facility_id=3353,2023-04-18,3353,,トイレ備考: 洋式手すりは一室のみ
47,沖縄県,47329,西原町,,auショップサンエー西原シティ,,,903-0102,沖縄県西原町嘉手刈130番地1Fエディオン隣,26.2243476,127.7647362,/,yes,yes,,,,,yes,no,no,no,yes,yes,,,,,,,,,,,,,yes,yes,,no,barrier_free_map,沖縄県バリアフリーマップ,http://okinawa-bf-map.jp/facility-info/detail?facility_id=3354,2023-02-22,3354,緊急通報装置あり / 着替え台あり,トイレ備考: サンエー施設内トイレ
47,沖縄県,47213,うるま市,,auショップ石川中央,,,904-1106,沖縄県うるま市石川1丁目14-1,26.43071228475954,127.82386413027972,http://e-code.jp,,,,,,,yes,no,no,no,yes,no,,,,,,,,,,,,,,,,yes,barrier_free_map,沖縄県バリアフリーマップ,http://okinawa-bf-map.jp/facility-info/detail?facility_id=3355,2023-04-18,3355,,備考: イオンタウン内共有駐車場
47,沖縄県,47362,八重瀬町,,au ショップ東風平,,,901-0405,沖縄県八重瀬町伊覇254-1,26.1579989,127.7218674,http://www.au.com/aushop/shop.O-00269/,yes,yes,,,,,yes,no,no,no,,no,,,,,,,,,,,,,,,,yes,barrier_free_map,沖縄県バリアフリーマップ,http://okinawa-bf-map.jp/facility-info/detail?facility_id=3356,2023-04-18,3356,,トイレ備考: 洋式の手すりは一室のみ
47,沖縄県,47211,沖縄市,,au Style 美里,,,904-2155,沖縄県沖縄市美原3-22-6,26.3515109,127.8175712,http://e-code.jp,yes,yes,,,,,yes,no,no,no,no,no,,,,,,,,,,,,,,,,yes,barrier_free_map,沖縄県バリアフリーマップ,http://okinawa-bf-map.jp/facility-info/detail?facility_id=3357,2023-04-18,3357,,
47,沖縄県,47212,豊見城市,,auショップ豊見城中央,,,901-0244,沖縄県豊見城市宜保377-2,26.1794528,127.6759177,/,no,yes,,,,,yes,no,no,no,,,,,,,,,,,,,,,,,,yes,barrier_free_map,沖縄県バリアフリーマップ,http://okinawa-bf-map.jp/facility-info/detail?facility_id=3358,2023-04-18,3358,,
47,沖縄県,47201,那覇市,,au ショップ与儀,,,902-0075,沖縄県那覇市国場1191-2,26.2013087,127.6976405,http://www.au.com/aushop/shop.O-00263/,yes,yes,,,,,yes,no,no,no,,,,,,,,,,,,,,,,,,,barrier_free_map,沖縄県バリアフリーマップ,http://okinawa-bf-map.jp/facility-info/detail?facility_id=3359,2023-04-18,3359,,トイレ備考: 洋式トイレの手すりは一室のみ
47,沖縄県,47301,国頭村,,auショップビッグもとぶ,,,905-0212,沖縄県国頭村大浜851-1,26.6540264,127.8801802,http://www.au.com/aushop/shop.O-00302/,yes,yes,,,,,yes,yes,no,no,yes,yes,,,,,,,,,,,,,yes,,,,barrier_free_map,沖縄県バリアフリーマップ,http://okinawa-bf-map.jp/facility-info/detail?facility_id=3360,2023-04-18,3360,緊急通報装置あり,備考: ザ・ビッグエクスプレスもとぶ店駐車場 / トイレ備考: ザ･ビッグエクスプレスもとぶ店内共用となります。
47,沖縄県,47213,うるま市,,auショップサンエー与勝シティ,,,904-2311,沖縄県うるま市勝連南風原5111,26.3447531,127.8712915,http://www.au.com/aushop/shop.O-00350/,yes,yes,,,,,yes,no,no,no,yes,yes,,,,,,,,,,,,,yes,no,,yes,barrier_free_map,沖縄県バリアフリーマップ,http://okinawa-bf-map.jp/facility-info/detail?facility_id=3361,2023-04-11,3361,緊急通報装置あり,
47,沖縄県,47361,久米島町,,auショップ久米島,,,,〒 9013125 / 沖縄県久米島町字鳥島304番地,26.34885904868669,126.7397887458963,/,,,,,,,yes,no,no,,no,no,,,,,,,,,,,,,,,,,barrier_free_map,沖縄県バリアフリーマップ,http://okinawa-bf-map.jp/facility-info/detail?facility_id=3362,2023-04-18,3362,,備考: 店舗入り口スペースのみ
47,沖縄県,47209,名護市,,auショップ びいまた,,,905-0005,沖縄県名護市沖縄県名護為又８５６−３,26.60846985705257,127.97771726008604,http://ryuseki-shoji.com/,no,yes,,,,,yes,no,no,no,yes,,,,,,,,,,,,,,no,no,,yes,barrier_free_map,沖縄県バリアフリーマップ,http://okinawa-bf-map.jp/facility-info/detail?facility_id=3363,2023-04-04,3363,,備考: 駐車場の種類 屋外 / トイレ備考: ベビーベッド 女性用なし 多目的トイレなし
47,沖縄県,47205,宜野湾市,,auショップ大謝名,,,901-2225,沖縄県宜野湾市大謝名215 1階,26.2703834,127.7352256,http://www.au.com/aushop/shop.O-00339/,yes,yes,,,,,yes,no,no,no,no,yes,,,,,,,,,,,,,,,,,barrier_free_map,沖縄県バリアフリーマップ,http://okinawa-bf-map.jp/facility-info/detail?facility_id=3364,2023-04-18,3364,,備考: レキオススクエア宇地泊 共有駐車場 / トイレ備考: お湯はトイレ外に有り
47,沖縄県,47211,沖縄市,,au ショップ 知花,,,904-2143,沖縄県沖縄市知花 6-1-36,26.362380268302008,127.81320920058141,http://www.au.com/aushop/shop.O-00289/,yes,,,,,,,no,no,no,yes,yes,,,,,,,,,,,,,,,,yes,barrier_free_map,沖縄県バリアフリーマップ,http://okinawa-bf-map.jp/facility-info/detail?facility_id=3365,2023-04-18,3365,,
47,沖縄県,47212,豊見城市,,au Style イーアス沖縄豊崎,,,901-0225,沖縄県豊見城市豊崎3-35 3F,26.157917870417702,127.64976474152526,http://www.au.com/aushop/shop.O-00258/,yes,yes,,,,,yes,yes,yes,yes,yes,yes,,,,,,,,,,,,,yes,yes,,yes,barrier_free_map,沖縄県バリアフリーマップ,http://okinawa-bf-map.jp/facility-info/detail?facility_id=3366,2023-04-18,3366,緊急通報装置あり / 着替え台あり,
47,沖縄県,47208,浦添市,,auショップ浦西,,,901-2104,沖縄県浦添市当山2丁目8-7,26.24922,127.7384718,/,,,,,,,,no,no,no,yes,yes,,,,,,,,,,,,,,,,,barrier_free_map,沖縄県バリアフリーマップ,http://okinawa-bf-map.jp/facility-info/detail?facility_id=3367,2023-04-18,3367,,
47,沖縄県,47205,宜野湾市,,auショップがねこ,,,901-2214,沖縄県宜野湾市我如古2-1-11,26.2565315,127.754514,http://www.au.com/aushop/shop.O-00252/,,yes,,,,,yes,no,no,no,yes,yes,,,,,,,,,,,,,,,,yes,barrier_free_map,沖縄県バリアフリーマップ,http://okinawa-bf-map.jp/facility-info/detail?facility_id=3369,2023-04-18,3369,着替え台あり,
47,沖縄県,47201,那覇市,,auショップ沖尚前,,,902-0077,沖縄県那覇市長田2-4-19 1F,26.1991698,127.7014834,http://www.au.com/aushop/shop.O-00324/,no,,,,,,,no,no,no,no,no,,,,,,,,,,,,,,,,,barrier_free_map,沖縄県バリアフリーマップ,http://okinawa-bf-map.jp/facility-info/detail?facility_id=3370,2023-04-18,3370,,
47,沖縄県,47326,北谷町,,auStyle サンエーハンビータウン,,,904-0117,沖縄県中頭郡北谷町 北前1-2-3 / 1階,26.3017443,127.7592467,http://www.au.com/aushop/shop.O-00341/,yes,yes,,,,,yes,no,no,no,,,,,,,,,,,,,,,no,yes,,no,barrier_free_map,沖縄県バリアフリーマップ,http://okinawa-bf-map.jp/facility-info/detail?facility_id=3371,2023-04-11,3371,,備考: サンエーハンビータウン駐車場 10 台以上
47,沖縄県,47329,西原町,,auショップ西原グリーンセンター,,,903-0121,沖縄県西原町字内間546番地,26.23708680204269,127.76917903779369,/,yes,yes,,,,,yes,no,no,no,no,no,,,,,,,,,,,,,,,,,barrier_free_map,沖縄県バリアフリーマップ,http://okinawa-bf-map.jp/facility-info/detail?facility_id=3372,2023-04-18,3372,,
47,沖縄県,47324,読谷村,,auStyle サンエー大湾シティ,,,904-0313,沖縄県中頭郡読谷村字大湾343番地 / サンエー大湾シティ,26.3766397,127.7558217,http://www.au.com/aushop/shop.O-00312/,yes,yes,,,,,yes,yes,yes,yes,,,,,,,,,,,,,,,yes,yes,,no,barrier_free_map,沖縄県バリアフリーマップ,http://okinawa-bf-map.jp/facility-info/detail?facility_id=3373,2023-04-06,3373,緊急通報装置あり,
47,沖縄県,47348,与那原町,,auStyleサンエー板良敷,,,901-1301,沖縄県与那原町板良敷621,26.1919427,127.7707253,http://www.au.com/aushop/shop.O-00268/,yes,yes,,,,,yes,no,no,no,yes,yes,,,,,,,,,,,,,no,yes,,no,barrier_free_map,沖縄県バリアフリーマップ,http://okinawa-bf-map.jp/facility-info/detail?facility_id=3374,2023-04-04,3374,着替え台あり,
47,沖縄県,47208,浦添市,,auStyle 浦添パルコシティ,,,,〒 904－2123 / 沖縄県浦添市西洲3－1－1,26.2618741,127.6975646,http://www.au.com/aushop/shop.O-00253/,yes,yes,,,,,yes,yes,yes,no,,,,,,,,,,,,,,,yes,yes,,no,barrier_free_map,沖縄県バリアフリーマップ,http://okinawa-bf-map.jp/facility-info/detail?facility_id=3375,2023-04-04,3375,,備考: 浦添パルコシティ駐車場
47,沖縄県,47328,中城村,,auショップ サンエーなかぐすく,,,901-2424,沖縄県中城村南上原795 サンエーなかぐすく,26.249228,127.7745157,http://www.au.com/aushop/shop.O-00317/,yes,yes,,,,,yes,yes,yes,no,,,,,,,,,,,,,,,no,yes,,no,barrier_free_map,沖縄県バリアフリーマップ,http://okinawa-bf-map.jp/facility-info/detail?facility_id=3376,2023-04-05,3376,緊急通報装置あり / 着替え台あり,
47,沖縄県,47213,うるま市,,auショップ具志川赤道,,,904-2242,沖縄県うるま市高江洲1029-3,26.3574664,127.8374088,http://www.au.com/aushop/shop.O-00294/,yes,yes,,,,,yes,no,no,no,,,,,,,,,,,,,,,no,no,,yes,barrier_free_map,沖縄県バリアフリーマップ,http://okinawa-bf-map.jp/facility-info/detail?facility_id=3377,2023-04-07,3377,,備考: サンエー共用駐車場
47,沖縄県,47212,豊見城市,,auショップ サンエー糸満,,,901-0223,沖縄県豊見城市翁長７４４－１,26.1534677,127.6710046,http://www.au.com/aushop/shop.O-00326/,yes,yes,,,,,yes,yes,no,no,yes,yes,,,,,,,,,,,,,yes,yes,,no,barrier_free_map,沖縄県バリアフリーマップ,http://okinawa-bf-map.jp/facility-info/detail?facility_id=3378,2023-04-07,3378,緊急通報装置あり,
47,沖縄県,47209,名護市,,au Stayle 名護,,,905-0015,沖縄県名護市大南2丁目7番16号,26.59285184568145,127.97674646441223,http://www.au.com/aushop/shop.O-00303/,,yes,,,,,yes,no,no,no,no,no,,,,,,,,,,,,,no,no,,,barrier_free_map,沖縄県バリアフリーマップ,http://okinawa-bf-map.jp/facility-info/detail?facility_id=3379,2023-04-18,3379,,
47,沖縄県,47362,八重瀬町,,UQスポットサンエー八重瀬シティ,,,901-0406,沖縄県八重瀬町屋宜原99-1,26.1610517,127.7302614,/,yes,yes,,,,,yes,no,no,no,no,no,,,,,,,,,,,,,yes,yes,,no,barrier_free_map,沖縄県バリアフリーマップ,http://okinawa-bf-map.jp/facility-info/detail?facility_id=3380,2023-05-01,3380,,備考: サンエー八重瀬シティ内駐車場 / トイレ備考: サンエー八重瀬シティ内施設
47,沖縄県,47326,北谷町,,auショップ 北谷,,,904-0103,沖縄県北谷町桑江1-2-14,26.320704257657194,127.76195109347843,http://www.au.com/aushop/shop.O-00284/,no,no,,,,,yes,no,no,no,yes,yes,,,,,,,,,,,,,no,no,,,barrier_free_map,沖縄県バリアフリーマップ,http://okinawa-bf-map.jp/facility-info/detail?facility_id=3381,2023-04-18,3381,,
47,沖縄県,47350,南風原町,,auショップサンエーつかざんシティ,,,901-1117,沖縄県南風原町字津嘉山１４７１－２,26.1904446,127.7096462,http://ryuseki-shoji.com,yes,yes,,,,,yes,no,no,no,yes,yes,,,,,,,,,,,,,no,no,,no,barrier_free_map,沖縄県バリアフリーマップ,http://okinawa-bf-map.jp/facility-info/detail?facility_id=3382,2023-04-04,3382,緊急通報装置あり,備考: 屋根の有無 一部あり 駐車場から店内までの屋根はあるか 一部あり 駐車場の種類 地上・立体駐車場
47,沖縄県,47326,北谷町,,ベッセルホテルカンパーナ沖縄,,,904-0115,沖縄県中頭郡北谷町美浜字美浜9番地22,26.3150522,127.7539935,http://www.vessel-hotel.jp/campana/okinawa/,yes,yes,,,,,yes,no,yes,no,yes,yes,,,,,,,,,,,,,yes,no,,no,barrier_free_map,沖縄県バリアフリーマップ,http://okinawa-bf-map.jp/facility-info/detail?facility_id=3383,2023-03-17,3383,緊急通報装置あり / 着替え台あり,
47,沖縄県,47326,北谷町,,レクー沖縄北谷スパ＆リゾート,,,904-0115,沖縄県北谷町字美浜34番地2,26.31786203379857,127.75475086419375,http://www.vessel-hotel.jp/lequ/okinawa/,yes,yes,,,,,yes,yes,yes,no,no,no,,,,,,,,,,,,,yes,no,,no,barrier_free_map,沖縄県バリアフリーマップ,http://okinawa-bf-map.jp/facility-info/detail?facility_id=3384,2023-03-24,3384,緊急通報装置あり,トイレ備考: 洋式の項目は客室内のトイレを指しています。 （パブリック用多目的トイレは洋式で手すりあり。）
47,沖縄県,47201,那覇市,,COMMUNITY&SPA 那覇セントラルホテル,,,900-0013,沖縄県那覇市牧志2-16-36,26.21841877154331,127.6887646369094,http://www.nahacen.com/index.html,yes,yes,,,,,yes,no,yes,no,no,yes,,,,,,,,,,,,,yes,yes,,no,barrier_free_map,沖縄県バリアフリーマップ,http://okinawa-bf-map.jp/facility-info/detail?facility_id=3385,2023-04-14,3385,緊急通報装置あり,トイレ備考: ベビーベッドは授乳室にあり ・一般トイレには段差有・無の2箇所ございます。 ・多目的トイレ内に手すりあり
47,沖縄県,47207,石垣市,,トラベラーズカフェ朔,,,907-0031,沖縄県石垣市沖縄県石垣登野城６２４赤嶺マンション１０２,24.338673736959382,124.16820502544036,http://sakutcafe.com,no,no,,,,,no,no,no,no,no,no,,,,,,,,,,,,,,no,,no,barrier_free_map,沖縄県バリアフリーマップ,http://okinawa-bf-map.jp/facility-info/detail?facility_id=3386,2023-05-29,3386,,
47,沖縄県,47212,豊見城市,,琉旬彩食 土煌,,,901-0225,沖縄県豊見城市豊崎3-82,26.16055494792318,127.65273607188782,http://dokou-toyosakiten.gorp.jp/,yes,yes,,,,,yes,no,yes,no,yes,yes,,,,,,,,,,,,,yes,no,,no,barrier_free_map,沖縄県バリアフリーマップ,http://okinawa-bf-map.jp/facility-info/detail?facility_id=3387,2023-06-13,3387,,備考: 先着順となります。 / トイレ備考: 男女別3室
47,沖縄県,47201,那覇市,,ホテルグランコンソルト那覇,,,900-0014,沖縄県那覇市松尾1-18-25,26.21186205295085,127.68257767115696,http://consorthotels.co.jp/g-naha/,yes,yes,,,,,yes,no,yes,no,yes,yes,,,,,,,,,,,,,no,no,,no,barrier_free_map,沖縄県バリアフリーマップ,http://okinawa-bf-map.jp/facility-info/detail?facility_id=3388,2023-06-13,3388,緊急通報装置あり,"備考: 駐車場備考（立駐28台、平面1台） ・敷地内に立体駐車場(高さ制限:185cm)がございます。 ・全て有料:1泊につき1,650円（税込） 滞在中の出入庫は可能でございます。 ・満車時及び高さ制限によりご利用いただけない場合は近隣のコインパーキングをご利用下さい。 / トイレ備考: 一般トイレ 段差なし 開口幅80cm以上 なし"
47,沖縄県,47201,那覇市,,レンブラントスタイル那覇,,,900-0036,沖縄県那覇市西2丁目24番3号,26.2134799,127.6678569,http://rembrandt-style.com/naha,yes,yes,,,,,yes,no,yes,no,no,yes,,,,,,,,,,,,,no,no,,no,barrier_free_map,沖縄県バリアフリーマップ,http://okinawa-bf-map.jp/facility-info/detail?facility_id=3389,2023-06-09,3389,緊急通報装置あり,トイレ備考: ※ベビーシートあり 一般トイレ段差あり
47,沖縄県,47209,名護市,,百年古家 大家,,,905-0004,沖縄県名護市中山90,26.620565554107962,127.96378879999997,http://ufuya.com/,yes,yes,,,,,yes,no,no,no,yes,yes,,,,,,,,,,,,,no,no,,no,barrier_free_map,沖縄県バリアフリーマップ,http://okinawa-bf-map.jp/facility-info/detail?facility_id=3390,2023-06-20,3390,,備考: 一般駐車場よりは徒歩4分
47,沖縄県,47201,那覇市,,ホテル アンテルーム 那覇,,,900-0016,沖縄県那覇市前島３丁目２７−１１,26.225427978697876,127.67985987923737,http://okinawa-uds.co.jp/hotels/anteroom-naha/,yes,yes,,,,,yes,no,no,no,no,no,,,,,,,,,,,,,no,no,,no,barrier_free_map,沖縄県バリアフリーマップ,http://okinawa-bf-map.jp/facility-info/detail?facility_id=3391,2023-07-26,3391,,備考: 屋根に関しては一部あり / トイレ備考: 一般トイレ段差 なし
47,沖縄県,47201,那覇市,,Southwest Grand Hotel,,,900-0015,沖縄県那覇市久茂地3丁目29-52,26.21572245251594,127.68458170559197,http://southwestgrand.com,yes,yes,,,,,yes,no,yes,no,yes,yes,,,,,,,,,,,,,yes,no,,no,barrier_free_map,沖縄県バリアフリーマップ,http://okinawa-bf-map.jp/facility-info/detail?facility_id=3392,2023-09-26,3392,緊急通報装置あり,トイレ備考: 一般トイレ段差 なし 開口幅80cm以上 なし
47,沖縄県,47211,沖縄市,,沖縄サントリーアリーナ,,,904-0034,沖縄県沖縄市山内一丁目16番1号,26.3329509,127.7832326,http://okinawa-arena.jp/,yes,yes,,,,,yes,yes,yes,no,yes,yes,,,,,,,,,,,,,no,yes,,yes,barrier_free_map,沖縄県バリアフリーマップ,http://okinawa-bf-map.jp/facility-info/detail?facility_id=3394,2025-12-03,3394,緊急通報装置あり / 着替え台あり,備考: クレジットカード ※興行により異なる / 備考: 別途、施設が立地する公園内の駐車場あり、 興行により当該駐車場の利用が可能 / トイレ備考: ネット接続により館内洋式ブースの満空情報の取得が可能 一般トイレ段差 なし 開口幅80cm以上 あり
47,沖縄県,47211,沖縄市,,レフ沖縄アリーナbyベッセルホテルズ,,,,〒 904－0032 / 沖縄県沖縄市諸見里1766番地,26.334909502180665,127.78665523011801,http://www.vessel-hotel.jp/ref/okinawa/,yes,yes,,,,,,no,yes,no,yes,yes,,,,,,,,,,,,,yes,yes,,yes,barrier_free_map,沖縄県バリアフリーマップ,http://okinawa-bf-map.jp/facility-info/detail?facility_id=3395,2023-09-27,3395,緊急通報装置あり / 着替え台あり,トイレ備考: 開口幅80㎝以上あり
47,沖縄県,47327,北中城村,,医療法人徳洲会 中部徳洲会病院,,,901-2393,沖縄県中頭郡北中城村字比嘉801番地,26.321050140069843,127.79374671370849,http://www.cyutoku.or.jp,yes,yes,,,,,yes,no,yes,no,yes,yes,,,,,,,,,,,,,no,yes,,yes,barrier_free_map,沖縄県バリアフリーマップ,http://okinawa-bf-map.jp/facility-info/detail?facility_id=3396,2023-09-27,3396,緊急通報装置あり,備考: 身体障がい者用駐車場から店内までの距離 立体駐車場50m 平面駐車場15ｍ / トイレ備考: 幼児用便座については小児科に男女兼用あり
47,沖縄県,47211,沖縄市,,ホテルコザ,,,904-0031,沖縄県沖縄市上地2-1-29,26.333476608259346,127.79782180375894,http://hotel-koza.jp,yes,yes,,,,,yes,no,no,no,yes,no,,,,,,,,,,,,,no,no,,no,barrier_free_map,沖縄県バリアフリーマップ,http://okinawa-bf-map.jp/facility-info/detail?facility_id=3397,2023-10-24,3397,緊急通報装置あり,トイレ備考: 一般トイレ段差あり 開口幅80㎝以上なし
47,沖縄県,47201,那覇市,,那覇市第一牧志公設市場,,,900-0014,沖縄県那覇市松尾2-10-1,26.214507887569468,127.68881290251616,http://makishi-public-market.jp,yes,yes,,,,,yes,no,yes,yes,yes,yes,,,,,,,,,,,,,no,yes,,no,barrier_free_map,沖縄県バリアフリーマップ,http://okinawa-bf-map.jp/facility-info/detail?facility_id=3398,2023-11-29,3398,緊急通報装置あり / 着替え台あり,備考: 施設には駐車場が無いため、近隣のコインパーキングをご利用下さい。 / トイレ備考: 和式便器は、男女各1室2階のトイレに設置されています。 洋式便器は、1階のトイレに男性用1室、女性用が2室、2階のトイレに男性用が3室、女性用が6室、3階トイレに男性用が1室、女性用が3室設置されています。 一般トイレの段差なし 開口幅80cm以上あり
47,沖縄県,47327,北中城村,,イオンモール沖縄ライカム,,,901-2306,沖縄県中頭郡北中城村字ライカム1番地,26.3131992,127.7961585,http://okinawarycom-aeonmall.com/,yes,yes,,,,,yes,yes,yes,yes,yes,yes,,,,,,,,,,,,,yes,yes,,yes,barrier_free_map,沖縄県バリアフリーマップ,http://okinawa-bf-map.jp/facility-info/detail?facility_id=3400,2023-11-29,3400,緊急通報装置あり / 着替え台あり,備考: 屋根の有無 ※場所により異なる 身体障害者用駐車場調査場所：1Fアースコートエレベーターホール付近 / トイレ備考: 一般トイレ段差はなし、一般トイレ開口幅80cmあり
47,沖縄県,47327,北中城村,,沖縄県総合運動公園 郷土館,,,904-2173,沖縄県北中城村渡口2634,26.306186012158882,127.8262081521843,/,yes,no,,,,,,no,no,no,no,yes,,,,,,,,,,,,,no,yes,,no,barrier_free_map,沖縄県バリアフリーマップ,http://okinawa-bf-map.jp/facility-info/detail?facility_id=3401,2023-11-29,3401,着替え台あり,
47,沖縄県,47201,那覇市,,リーガロイヤルグラン沖縄,,,900-0029,沖縄県那覇市旭1番地9,26.210428342016964,127.6748169699674,http://www.rihgaroyalgran-okinawa.co.jp/,yes,yes,,,,,yes,no,no,no,yes,no,,,,,,,,,,,,,yes,no,,no,barrier_free_map,沖縄県バリアフリーマップ,http://okinawa-bf-map.jp/facility-info/detail?facility_id=3402,2023-12-21,3402,緊急通報装置あり,備考: 共用有料駐車場（カフーナ旭橋Bパーキング） 地下駐車場（平面・タワー式 95台収容 うち、身体障害者専用駐車場1台） 1階平面（ホテル専用9台 ビル共用5台 うち、身体障害者専用駐車場2台） / トイレ備考: 一般トイレ段差 なし 開口幅80cm以上 あり
47,沖縄県,47325,嘉手納町,,かでな未来館,,,904-0203,沖縄県嘉手納町字嘉手納603-8,26.362084154703233,127.75605627438522,/,yes,yes,,,,,yes,yes,yes,yes,yes,yes,,,,,,,,,,,,,no,yes,,no,barrier_free_map,沖縄県バリアフリーマップ,http://okinawa-bf-map.jp/facility-info/detail?facility_id=3403,2023-12-22,3403,緊急通報装置あり,備考: 駐車場は嘉手納町役場と共用のため未来館専用ではない。 また、屋根の有無については一部屋根ありで未来館前の身障者用については屋根なし。 / トイレ備考: 一般トイレ段差 なし、開口幅80cm以上 あり
47,沖縄県,47324,読谷村,,星のや沖縄,,,904-0327,沖縄県中頭郡読谷村儀間474,26.42231291325238,127.7160105075485,http://hoshinoresorts.com/ja/hotels/hoshinoyaokinawa/,yes,yes,,,,,yes,no,yes,no,yes,yes,,,,,,,,,,,,,yes,yes,,yes,barrier_free_map,沖縄県バリアフリーマップ,http://okinawa-bf-map.jp/facility-info/detail?facility_id=3404,2024-01-16,3404,緊急通報装置あり / 着替え台あり,特徴･注意点: 美しい海を望む絶景のロケーションで、沖縄の歴史や文化を感じられる、沖縄の贅沢を集めた空間。 敷地は海岸線に広がり、沖縄の史跡「グスク」からインスピレーションを得て作られた「グスクウォール」 に囲まれてます。海を眺めて暮らすように滞在できます。 / 備考: 身体障がい者用駐車場から店内までの距離についてカート送迎可 / トイレ備考: 一般トイレ開口幅80cm以上あり
47,沖縄県,47381,竹富町,,星野リゾート リゾナーレ小浜島,,,907-1221,沖縄県八重山郡竹富町小浜2954,24.3322716,123.9999724,http://hoshinoresorts.com/ja/hotels/risonarekohamajima/,yes,yes,,,,,yes,no,no,no,yes,yes,,,,,,,,,,,,,yes,yes,,no,barrier_free_map,沖縄県バリアフリーマップ,http://okinawa-bf-map.jp/facility-info/detail?facility_id=3405,2024-01-16,3405,緊急通報装置あり / 着替え台あり,特徴･注意点: 「星野リゾート リゾナーレ小浜島」は、日本最南西端の八重山諸島・小浜島位置するリゾートホテル。約36万坪の敷地に客室は60室のみ。全室オールスイートルームです。小規模ならではのプライベート感があり、ゆっくりと過ごすことができます。 / 備考: 050-3134-8093(リゾナーレ予約センター） / 備考: 身体障害者用駐車場から店内までの距離:80m（カート送迎可） / トイレ備考: 一般トイレ:段差なし
47,沖縄県,47207,石垣市,,沖縄県立八重山病院,,,907-0002,沖縄県石垣市真栄里５８４－１,24.344119114837582,124.18379109972409,http://yaeyamaweb.hosp.pref.okinawa.jp/,yes,yes,,,,,yes,yes,yes,no,no,yes,,,,,,,,,,,,,no,yes,,yes,barrier_free_map,沖縄県バリアフリーマップ,http://okinawa-bf-map.jp/facility-info/detail?facility_id=3407,2024-01-16,3407,緊急通報装置あり,トイレ備考: 一般トイレ段差: なし 開口幅80cm以上: あり
47,沖縄県,47211,沖縄市,,タウンプラザかねひで コザ十字路市場,,,904-0003,沖縄県沖縄市住吉1丁目1番地4号,26.33938515218504,127.81279479931679,http://www.kanehideshj.com/,yes,yes,,,,,yes,no,no,no,no,yes,,,,,,,,,,,,,no,no,,no,barrier_free_map,沖縄県バリアフリーマップ,http://okinawa-bf-map.jp/facility-info/detail?facility_id=3408,2024-03-22,3408,緊急通報装置あり,トイレ備考: 一般トイレ開口幅80cm以上あり
47,沖縄県,47213,うるま市,,サンエー石川シティ,,,904-1106,沖縄県うるま市石川２５２１−１,26.4216479,127.8240861,/,yes,yes,,,,,,yes,yes,yes,yes,yes,,,,,,,,,,,,,yes,yes,,yes,barrier_free_map,沖縄県バリアフリーマップ,http://okinawa-bf-map.jp/facility-info/detail?facility_id=3409,2024-03-18,3409,緊急通報装置あり / 着替え台あり,備考: 二階の身体障碍者用駐車場は４台 / トイレ備考: 女性８室、男性３室
47,沖縄県,47211,沖縄市,,タウンプラザかねひで 登川市場,,,904-2142,沖縄県沖縄市登川５１６番地,26.368370905944136,127.82664014113922,http://www.kanehideshj.com/,yes,yes,,,,,,no,no,no,,yes,,,,,,,,,,,,,yes,,,,barrier_free_map,沖縄県バリアフリーマップ,http://okinawa-bf-map.jp/facility-info/detail?facility_id=3410,2024-04-02,3410,緊急通報装置あり,
47,沖縄県,47211,沖縄市,,タウンプラザかねひで 山内市場,,,904-0035,沖縄県沖縄市南桃原４丁目２９−６,26.32946180088514,127.78199279531938,http://https://www.kanehideshj.com/,yes,yes,,,,,yes,yes,no,no,yes,yes,,,,,,,,,,,,,yes,no,,no,barrier_free_map,沖縄県バリアフリーマップ,http://okinawa-bf-map.jp/facility-info/detail?facility_id=3413,2024-04-19,3413,緊急通報装置あり,トイレ備考: 女性2室、男性1室
47,沖縄県,47213,うるま市,,タウンプラザかねひで ABLOうるま市場,,,904-2235,沖縄県うるま市前原前原54番地,26.342641213895227,127.8505467126892,http://www.kanehideshj.com/,yes,yes,,,,,yes,no,no,no,yes,yes,,,,,,,,,,,,,yes,no,,no,barrier_free_map,沖縄県バリアフリーマップ,http://okinawa-bf-map.jp/facility-info/detail?facility_id=3415,2024-04-10,3415,緊急通報装置あり,
47,沖縄県,47213,うるま市,,タウンプラザかねひで 石川市場,,,904-1106,沖縄県うるま市石川2丁目2番地1号,26.427705,127.8262037,http://www.kanehideshj.com/,yes,yes,,,,,,no,no,no,yes,yes,,,,,,,,,,,,,yes,no,,no,barrier_free_map,沖縄県バリアフリーマップ,http://okinawa-bf-map.jp/facility-info/detail?facility_id=3417,2024-03-21,3417,緊急通報装置あり,
47,沖縄県,47213,うるま市,,タウンプラザかねひで あげな市場,,,904-2213,沖縄県うるま市田場1220番地１号,26.37054154033529,127.85413115054213,http://www.kanehideshj.com/,no,yes,,,,,yes,no,no,no,yes,yes,,,,,,,,,,,,,yes,no,,no,barrier_free_map,沖縄県バリアフリーマップ,http://okinawa-bf-map.jp/facility-info/detail?facility_id=3418,2024-04-17,3418,,トイレ備考: 女性3室、男性2室
47,沖縄県,47213,うるま市,,タウンプラザかねひで よかつ阿麻和利市場,,,904-2302,沖縄県うるま市与那城西原596番地3,26.330563839452935,127.88597911754003,http://www.kanehideshj.com/,yes,yes,,,,,yes,no,no,no,yes,yes,,,,,,,,,,,,,yes,no,,,barrier_free_map,沖縄県バリアフリーマップ,http://okinawa-bf-map.jp/facility-info/detail?facility_id=3420,2024-04-17,3420,緊急通報装置あり,トイレ備考: 女性2室、男性1室
47,沖縄県,47326,北谷町,,タウンプラザかねひで 北谷サンセット市場,,,904-0102,沖縄県北谷町伊平140番地2,26.324789688721555,127.75659667406617,http://www.kanehideshj.com/,yes,yes,,,,,yes,no,no,no,yes,yes,,,,,,,,,,,,,yes,no,,no,barrier_free_map,沖縄県バリアフリーマップ,http://okinawa-bf-map.jp/facility-info/detail?facility_id=3422,2024-04-19,3422,緊急通報装置あり,トイレ備考: 女性2室、男性1室
47,沖縄県,47208,浦添市,,タウンプラザかねひで 牧港58市場,,,901-2131,沖縄県浦添市城間3004番地1,26.2632495,127.7128282,http://www.kanehideshj.com/,yes,yes,,,,,yes,no,no,no,no,no,,,,,,,,,,,,,yes,no,,,barrier_free_map,沖縄県バリアフリーマップ,http://okinawa-bf-map.jp/facility-info/detail?facility_id=3428,2024-05-03,3428,緊急通報装置あり,備考: 車いすのみ屋根あり
47,沖縄県,47211,沖縄市,,レストランPEACE,,,904-2143,沖縄県沖縄市知花2146,26.3755374,127.8065709,http://www.southeast-botanical.jp/,yes,yes,,,,,yes,no,no,no,yes,no,,,,,,,,,,,,,yes,no,,no,barrier_free_map,沖縄県バリアフリーマップ,http://okinawa-bf-map.jp/facility-info/detail?facility_id=3429,2024-03-25,3429,,トイレ備考: 一般トイレ段差なし 開口幅80cm以上 なし
47,沖縄県,47201,那覇市,,タウンプラザかねひで こくら中前市場,,,900-0024,沖縄県那覇市古波蔵2丁目25番28号,26.198704891873295,127.68903707893034,http://www.kanehideshj.com/,yes,yes,,,,,yes,no,no,no,no,yes,,,,,,,,,,,,,yes,no,,no,barrier_free_map,沖縄県バリアフリーマップ,http://okinawa-bf-map.jp/facility-info/detail?facility_id=3430,2024-05-10,3430,緊急通報装置あり,
47,沖縄県,47201,那覇市,,タウンプラザかねひで うるく市場,,,901-0152,沖縄県那覇市字小禄1281,26.1902005,127.678894,http://www.kanehideshj.com/store/タウンプラザ-本島南部地区【那覇市】：タウン-11/,yes,yes,,,,,yes,no,no,no,yes,yes,,,,,,,,,,,,,yes,,,no,barrier_free_map,沖縄県バリアフリーマップ,http://okinawa-bf-map.jp/facility-info/detail?facility_id=3432,2024-05-16,3432,緊急通報装置あり,備考: 第一駐車場（店舗前）に35台（内車いす1台） 第二駐車場に33台あります。 / トイレ備考: 女性トイレのみ、男性は多目的トイレと両用です
47,沖縄県,47201,那覇市,,タウンプラザかねひで 首里久場川市場,,,903-0807,沖縄県那覇市首里久場川2-96-18,26.221894178261472,127.7270498547699,http://www.kanehideshj.com,yes,yes,,,,,yes,no,no,no,yes,yes,,,,,,,,,,,,,yes,,,no,barrier_free_map,沖縄県バリアフリーマップ,http://okinawa-bf-map.jp/facility-info/detail?facility_id=3433,2024-05-16,3433,緊急通報装置あり,
47,沖縄県,47201,那覇市,,タウンプラザかねひで にしのまち市場,,,900-0036,沖縄県那覇市西3丁目3番4地号,26.214793563781452,127.6706692618225,http://www.kanehideshj.com/,yes,yes,,,,,yes,no,yes,no,,yes,,,,,,,,,,,,,yes,,,,barrier_free_map,沖縄県バリアフリーマップ,http://okinawa-bf-map.jp/facility-info/detail?facility_id=3435,2024-05-10,3435,緊急通報装置あり,トイレ備考: 一般トイレの洋式手すりは女性のみあり
47,沖縄県,47348,与那原町,,タウンプラザかねひで よなばる市場,,,901-1303,沖縄県与那原町与那原1104番地,26.2110473,127.7610518,http://www.kanehideshj.com/,yes,yes,,,,,yes,no,yes,no,yes,,,,,,,,,,,,,,yes,,,,barrier_free_map,沖縄県バリアフリーマップ,http://okinawa-bf-map.jp/facility-info/detail?facility_id=3436,2024-05-08,3436,緊急通報装置あり,トイレ備考: 男性1室、女性1室
47,沖縄県,47208,浦添市,,サンエー浦添西海岸 PARCO CITY,,,901-2123,沖縄県浦添市西洲3丁目1－1,26.26289468873567,127.69824716247061,http://www.parcocity.jp/,yes,yes,,,,,yes,yes,yes,no,yes,yes,,,,,,,,,,,,,yes,yes,,yes,barrier_free_map,沖縄県バリアフリーマップ,http://okinawa-bf-map.jp/facility-info/detail?facility_id=3438,2024-05-02,3438,緊急通報装置あり / 着替え台あり,
47,沖縄県,47213,うるま市,,Aｰプライスうるま店,,,904-2213,沖縄県うるま市字田場２００８番地１,26.373662342889457,127.85730707857361,/,no,no,,,,,yes,no,no,no,no,no,,,,,,,,,,,,,no,no,,no,barrier_free_map,沖縄県バリアフリーマップ,http://okinawa-bf-map.jp/facility-info/detail?facility_id=3439,2024-04-12,3439,,トイレ備考: 一般トイレ段差あり
47,沖縄県,47209,名護市,,Aｰプライス名護店,,,905-0011,沖縄県名護市宮里7ー1ー57,26.60491594124055,127.97832946109924,/,yes,yes,,,,,yes,no,no,,no,no,,,,,,,,,,,,,,,,,barrier_free_map,沖縄県バリアフリーマップ,http://okinawa-bf-map.jp/facility-info/detail?facility_id=3440,2024-04-15,3440,緊急通報装置あり,トイレ備考: 一般トイレ 段差なし 開口幅80cm以上あり
47,沖縄県,47208,浦添市,,Aｰプライス浦添店,,,,〒 901ｰ2122 / 沖縄県浦添市勢理客2ｰ14ｰ20,26.2440887470982,127.69400658183741,/,yes,yes,,,,,yes,no,no,no,no,no,,,,,,,,,,,,,,,,,barrier_free_map,沖縄県バリアフリーマップ,http://okinawa-bf-map.jp/facility-info/detail?facility_id=3441,2024-04-15,3441,,トイレ備考: 一般トイレ開口幅80cm以上あり
47,沖縄県,47201,那覇市,,Aｰプライス那覇店,,,,〒 900‐0025 / 沖縄県那覇市壺川3－5－4,26.205478061004673,127.68066772887076,/,no,no,,,,,yes,no,no,no,no,no,,,,,,,,,,,,,no,no,,no,barrier_free_map,沖縄県バリアフリーマップ,http://okinawa-bf-map.jp/facility-info/detail?facility_id=3443,2024-04-18,3443,,トイレ備考: 一般トイレ開口幅80cm以上あり
47,沖縄県,47348,与那原町,,Aｰプライス与那原店,,,,〒 901ｰ1302 / 沖縄県尻郡与那原町上与那原３９２−１,26.201311644694915,127.75229148901307,/,no,yes,,,,,yes,no,no,no,no,no,,,,,,,,,,,,,no,no,,no,barrier_free_map,沖縄県バリアフリーマップ,http://okinawa-bf-map.jp/facility-info/detail?facility_id=3444,2024-04-15,3444,,トイレ備考: 一般トイレ開口幅80cm以上あり
47,沖縄県,47205,宜野湾市,,ムーンオーシャン宜野湾ホテル＆レジデンス,,,901-2227,沖縄県宜野湾市宇地泊3丁目7番12号,26.2737189,127.7280058,http://www.moonoceanginowan.jp/,yes,yes,,,,,yes,no,yes,no,yes,yes,,,,,,,,,,,,,yes,no,,no,barrier_free_map,沖縄県バリアフリーマップ,http://okinawa-bf-map.jp/facility-info/detail?facility_id=3445,2024-05-03,3445,緊急通報装置あり,備考: エントランス（正面玄関）のみ屋根付き / トイレ備考: 一般トイレ段差 あり 開口幅80cm以上あり
47,沖縄県,47208,浦添市,,タウンプラザかねひで 前田国際市場,,,,〒 901ｰ2102 / 沖縄県浦添市前田1152-2,26.2395977,127.7305126,http://www.kanehideshj.com/,yes,yes,,,,,yes,no,yes,no,yes,yes,,,,,,,,,,,,,,,,,barrier_free_map,沖縄県バリアフリーマップ,http://okinawa-bf-map.jp/facility-info/detail?facility_id=3446,2024-05-03,3446,緊急通報装置あり,
47,沖縄県,47208,浦添市,,タウンプラザかねひで パイプライン内間市場,,,,〒 901ｰ2126 / 沖縄県浦添市宮城5丁目1番1号,26.2427218,127.7054104,http://www.kanehideshj.com/,yes,yes,,,,,yes,no,no,no,yes,yes,,,,,,,,,,,,,,,,,barrier_free_map,沖縄県バリアフリーマップ,http://okinawa-bf-map.jp/facility-info/detail?facility_id=3447,2024-05-03,3447,緊急通報装置あり,
47,沖縄県,47348,与那原町,,マリンプラザかねひで 東浜市場,,,901-1304,沖縄県与那原町東浜68番地1-2,26.2058565,127.7627462,http://www.kanehideshj.com/,yes,yes,,,,,yes,no,no,no,,yes,,,,,,,,,,,,,yes,no,,no,barrier_free_map,沖縄県バリアフリーマップ,http://okinawa-bf-map.jp/facility-info/detail?facility_id=3448,2024-05-08,3448,緊急通報装置あり,
47,沖縄県,47213,うるま市,,うるマルシェ,,,904-2235,沖縄県うるま市前原183-2,26.3388605,127.8469664,/,yes,yes,,,,,yes,yes,yes,no,yes,yes,,,,,,,,,,,,,no,yes,,no,barrier_free_map,沖縄県バリアフリーマップ,http://okinawa-bf-map.jp/facility-info/detail?facility_id=3449,2024-05-08,3449,緊急通報装置あり / 着替え台あり,トイレ備考: 男性3室、女性9室
47,沖縄県,47324,読谷村,,JAゆんた市場 読谷ファーマーズマーケット,,,904-0302,沖縄県読谷村喜名2346-11,26.392330019525158,127.74378717354125,http://www.ja-okinawa.or.jp/farmersmarket/detail.php?id=540,yes,yes,,,,,yes,no,no,no,yes,,,,,,,,,,,,,,no,no,,,barrier_free_map,沖縄県バリアフリーマップ,http://okinawa-bf-map.jp/facility-info/detail?facility_id=3450,2024-05-13,3450,緊急通報装置あり,トイレ備考: 一般トイレ開口幅80cm以上あり
47,沖縄県,47326,北谷町,,北谷町海業振興センターうみんちゅワーフ,,,904-0115,沖縄県沖縄県中頭郡北谷町美浜５４,26.321472164777855,127.7552050552948,http://www.uminchu-wharf.jp/index.jsp,yes,yes,,,,,yes,no,yes,no,yes,no,,,,,,,,,,,,,,,,,barrier_free_map,沖縄県バリアフリーマップ,http://okinawa-bf-map.jp/facility-info/detail?facility_id=3451,2024-05-16,3451,緊急通報装置あり,備考: 駐車場は全て有料駐車場です タイムズ24株式会社 北谷フィッシャリーナ第1公共駐車場 52台 北谷フィッシャリーナ第2公共駐車場 125台 北谷フィッシャリーナ第3公共駐車場 194台 / トイレ備考: 手すりは多目的トイレのみあり
47,沖縄県,47215,南城市,,南城市地域物産館,,,901-1511,沖縄県南城市知念字久手堅539番地,26.172647221320716,127.8265812349182,/,yes,,,,,,yes,no,no,no,yes,yes,,,,,,,,,,,,,yes,no,,no,barrier_free_map,沖縄県バリアフリーマップ,http://okinawa-bf-map.jp/facility-info/detail?facility_id=3452,2024-05-27,3452,緊急通報装置あり,トイレ備考: 一般トイレ 段差 なし 開口幅80cm以上 なし
47,沖縄県,47311,恩納村,,万座毛周辺活性化施設,,,904-0411,沖縄県恩納村字恩納2767,26.504110073950493,127.85091900270005,http://www.manzamo.jp/,yes,yes,,,,,yes,yes,yes,no,yes,yes,,,,,,,,,,,,,yes,yes,,no,barrier_free_map,沖縄県バリアフリーマップ,http://okinawa-bf-map.jp/facility-info/detail?facility_id=3453,2024-05-23,3453,緊急通報装置あり / 着替え台あり,備考: 11月～2月までの営業時間は8：00～19：00となります。 / 備考: 第二駐車場218台のうち身体障害者専用駐車場5台 距離290ｍ / トイレ備考: 一般トイレ段差 なし開口幅80cm以上 あり
47,沖縄県,47324,読谷村,,レキオススクエア大湾,,,904-0313,沖縄県中頭郡読谷村大湾356番地 / レキオススクエア 1F,26.3742249,127.7557809,/,,no,,,,,,,,no,,,,,,,,,,,,,,,no,,,,barrier_free_map,沖縄県バリアフリーマップ,http://okinawa-bf-map.jp/facility-info/detail?facility_id=3454,2024-06-04,3454,,備考: 複合施設なので営業時間やクレジットカード利用可能状況は各店舗により異なります。 連絡先は管理会社の連絡先です
47,沖縄県,47208,浦添市,,うらそえショッピングセンター,,,901-2133,沖縄県浦添市城間4丁目７番１号,26.25815433061479,127.71334207553252,/,yes,yes,,,,,no,no,no,no,no,yes,,,,,,,,,,,,,no,no,,no,barrier_free_map,沖縄県バリアフリーマップ,http://okinawa-bf-map.jp/facility-info/detail?facility_id=3455,2024-06-06,3455,緊急通報装置あり,備考: ・平面駐車場は「身体障害者用駐車場」、 「屋根」、「駐車場から店内までの屋根」は無し / トイレ備考: ・ベビーチェア（男性用トイレは1Fのみ、女性用トイレは各階にあり） ・手すりは一部個室に有 ・緊急通報装置は多目的トイレのみ
47,沖縄県,47214,宮古島市,,宮古島来間リゾート シーウッドホテル,,,906-0306,沖縄県宮古島市字来間484-7,24.724785045854265,125.25295458154525,http://https://www.seawoodhotel.com/,no,,,,,,yes,,no,no,,yes,,,,,,,,,,,,,yes,,,,barrier_free_map,沖縄県バリアフリーマップ,http://okinawa-bf-map.jp/facility-info/detail?facility_id=3456,2024-05-28,3456,,
47,沖縄県,47213,うるま市,,メイクマン 具志川店,,,904-2244,沖縄県うるま市字江洲648番地,26.3474875,127.8347907,http://www.makeman.co.jp,yes,yes,,,,,yes,no,yes,no,yes,yes,,,,,,,,,,,,,,yes,,no,barrier_free_map,沖縄県バリアフリーマップ,http://okinawa-bf-map.jp/facility-info/detail?facility_id=3457,2024-06-03,3457,緊急通報装置あり,トイレ備考: 一般トイレ開口幅80cm以上あり
47,沖縄県,47326,北谷町,,メイクマン 美浜店,,,904-0115,沖縄県北谷町字美浜9番地,26.317299746992756,127.75589391589165,http://www.makeman.co.jp,yes,yes,,,,,yes,no,yes,no,yes,yes,,,,,,,,,,,,,no,,,,barrier_free_map,沖縄県バリアフリーマップ,http://okinawa-bf-map.jp/facility-info/detail?facility_id=3458,2024-06-03,3458,,特徴･注意点: Wi-Fi環境はauのみ / トイレ備考: 一般トイレ開口幅80cm以上あり
47,沖縄県,47209,名護市,,メイクマン 名護店,,,905-0012,沖縄県名護市名護4558-8,26.608908288731705,127.99079965033191,http://www.makeman.co.jp,yes,yes,,,,,yes,no,no,no,yes,yes,,,,,,,,,,,,,no,no,,,barrier_free_map,沖縄県バリアフリーマップ,http://okinawa-bf-map.jp/facility-info/detail?facility_id=3459,2024-06-03,3459,,特徴･注意点: WiFi環境はauのみ / トイレ備考: 一般トイレ開口幅80cm以上あり
47,沖縄県,47201,那覇市,,那覇空港旅客ターミナルビル,,,901-0142,沖縄県那覇市鏡水150,26.2061487,127.650806,/,yes,no,,,,,yes,yes,yes,yes,yes,yes,,,,,,,,,,,,,yes,yes,,,barrier_free_map,沖縄県バリアフリーマップ,http://okinawa-bf-map.jp/facility-info/detail?facility_id=3460,2024-06-04,3460,緊急通報装置あり,備考: 詳しくは「那覇エアポートパーキング（株）」へお問い合せ下さい。（TEL. 098-858-7626） / トイレ備考: 一般トイレ段差 なし 一般トイレ開口幅80cmあり 介助犬トイレは館外に設置されております。
47,沖縄県,47326,北谷町,,シーサイドスクエア,,,904-0115,沖縄県中頭郡北谷町美浜9番地の8,26.316327493820655,127.75492186885194,/,yes,yes,,,,,yes,no,no,no,no,no,,,,,,,,,,,,,no,no,,no,barrier_free_map,沖縄県バリアフリーマップ,http://okinawa-bf-map.jp/facility-info/detail?facility_id=3461,2024-06-20,3461,,備考: ※上記営業時間、定休日は㈱北谷シーサイドリゾート事務所の情報になります。テナントさんの営業時間については各店舗をご確認ください / トイレ備考: 温水洗浄便座 男性用のみあり
47,沖縄県,47329,西原町,,西原さわふじマルシェ,,,903-0118,沖縄県中頭郡西原町字小波津480番地,26.2234449,127.7571671,http://www.town.nishihara.okinawa.jp/goven-service/13/kyotenbog.html,yes,yes,,,,,yes,no,yes,no,yes,yes,,,,,,,,,,,,,no,yes,,no,barrier_free_map,沖縄県バリアフリーマップ,http://okinawa-bf-map.jp/facility-info/detail?facility_id=3462,2024-06-28,3462,緊急通報装置あり / 着替え台あり,トイレ備考: 一般トイレ段差 なし 開口幅80cm以上あり
47,沖縄県,47350,南風原町,,ファーマーズマーケットはえばるくがに市場,,,901-1117,沖縄県南風原町津嘉山889-1,26.182029843030964,127.72243853768816,/,yes,yes,,,,,no,no,no,no,yes,yes,,,,,,,,,,,,,,no,,,barrier_free_map,沖縄県バリアフリーマップ,http://okinawa-bf-map.jp/facility-info/detail?facility_id=3464,2024-08-02,3464,緊急通報装置あり,トイレ備考: 洋室 男性2室 女性4室
47,沖縄県,47348,与那原町,,ファーマーズマーケット与那原 あがりはま市場,,,901-1304,沖縄県与那原町東浜89-104,26.204117308066838,127.76137840162717,/,yes,yes,,,,,yes,no,no,no,yes,yes,,,,,,,,,,,,,,no,,,barrier_free_map,沖縄県バリアフリーマップ,http://okinawa-bf-map.jp/facility-info/detail?facility_id=3465,2024-07-25,3465,緊急通報装置あり,トイレ備考: 一般トイレ開口幅80cm以上あり 女子トイレ洋式4室 男子トイレ洋室2室
47,沖縄県,47210,糸満市,,ファーマーズマーケットいとまん「うまんちゅ市場」,,,901-0306,沖縄県糸満市西崎4-20,26.138637703598526,127.66169634804291,/,yes,yes,,,,,no,no,no,,no,no,,,,,,,,,,,,,,,,,barrier_free_map,沖縄県バリアフリーマップ,http://okinawa-bf-map.jp/facility-info/detail?facility_id=3466,2024-07-18,3466,,
47,沖縄県,47212,豊見城市,,JAおきなわ食菜館「菜々色畑」,,,,〒 901－0225 / 沖縄県豊見城市豊崎字3番地の86,26.1579276899864,127.65547794021516,http://ja-nanairo.com/,yes,yes,,,,,,yes,,no,,yes,,,,,,,,,,,,,no,no,,,barrier_free_map,沖縄県バリアフリーマップ,http://okinawa-bf-map.jp/facility-info/detail?facility_id=3467,2024-07-15,3467,,トイレ備考: 店舗に隣接している「道の駅豊崎」に案内しています。 女子トイレ 和式1室 洋式10室 男子トイレ 和式1室 洋式 4室
47,沖縄県,47201,那覇市,,那覇市立石嶺図書館,,,903-0804,沖縄県那覇市首里石嶺2-70-9 （1F）,26.227346491658245,127.73251252802932,http://www.city.naha.okinawa.jp/lib/,yes,yes,,,,,no,no,no,no,yes,yes,,,,,,,,,,,,,no,no,,no,barrier_free_map,沖縄県バリアフリーマップ,http://okinawa-bf-map.jp/facility-info/detail?facility_id=3468,2024-08-29,3468,,トイレ備考: ・男性用トイレ6室（和式3洋式3） ・女性用トイレ2室（和式4洋式3） ・多目的トイレ2室（洋式2）
47,沖縄県,47301,国頭村,,アスムイハイクス（沖縄石の文化博物館）,,,905-1422,沖縄県国頭村宜名真1241番地,26.861803541986834,128.2548481865831,http://asmui.com/,yes,yes,,,,,yes,yes,yes,no,no,yes,,,,,,,,,,,,,no,no,,,barrier_free_map,沖縄県バリアフリーマップ,http://okinawa-bf-map.jp/facility-info/detail?facility_id=3469,2026-06-23,3469,緊急通報装置あり / 着替え台あり,トイレ備考: 一般トイレ開口幅80cm以上あり
47,沖縄県,47301,国頭村,,アスムイハイクス（スピリットラウンジ）,,,905-1422,沖縄県国頭村字宜名真1241,26.8619707,128.2550917,http://asmui.com/,yes,yes,,,,,no,no,no,no,yes,,,,,,,,,,,,,,no,no,,,barrier_free_map,沖縄県バリアフリーマップ,http://okinawa-bf-map.jp/facility-info/detail?facility_id=3470,2026-06-19,3470,,備考: 本館の事務所で使用申請 / トイレ備考: 一般トイレ開口幅80cm以上あり
47,沖縄県,47207,石垣市,,SEASIDE VILLEGE 13,,,907-0332,沖縄県石垣市伊原間キンブ山2-282,24.49627555152858,124.27586500127512,http://www.seasidev13.com,yes,yes,,,,,yes,no,no,no,yes,yes,,,,,,,,,,,,,yes,no,,no,barrier_free_map,沖縄県バリアフリーマップ,http://okinawa-bf-map.jp/facility-info/detail?facility_id=3472,2024-09-19,3472,緊急通報装置あり,トイレ備考: 一般トイレ段差あり 一般トイレ開口幅80cm以上あり
47,沖縄県,47213,うるま市,,釣って見つけるぼうけんの国 沖縄,,,904-1106,沖縄県うるま市石川3355-1 うるま農場内,26.440044911871418,127.82889973795928,http://boukennokuni.com/okinawa/,yes,yes,,,,,yes,no,no,no,,,,,,,,,,,,,,,,yes,,,barrier_free_map,沖縄県バリアフリーマップ,http://okinawa-bf-map.jp/facility-info/detail?facility_id=3473,2024-11-22,3473,,備考: 13:30～14:00は一部メンテナンスにより遊べないエリアあり。途中入場の場合でも18:00で終了となります。
47,沖縄県,47311,恩納村,,ルネッサンスリゾートオキナワ,,,904-0416,沖縄県恩納村山田3425-2,26.4355881,127.7877777,http://renaissance-okinawa.com/,no,yes,,,,,yes,no,no,no,yes,yes,,,,,,,,,,,,no,yes,no,,,barrier_free_map,沖縄県バリアフリーマップ,http://okinawa-bf-map.jp/facility-info/detail?facility_id=3474,2026-03-27,3474,,備考: 全377室、すべてバルコニー付きオーシャンビュー。五感を満たす ディスカバーリゾート。エメラルドグリーンの美しい海で楽しむマリンアクティビティ、イルカとのふれあい、五感に響く美食体験、オーシャンビューの客室で過ごす至福のひととき。 / 備考: 身体障がい者専用駐車場備考：バレーパーキング対応 駐車場の種類の備考：基本、平面だけど一部立体 そのほか：電気自動車充電スタンド有り
47,沖縄県,47215,南城市,,玉城少年自然の家,,,901-0604,沖縄県南城市玉城玉城420,26.1433997,127.7828013,/,,,,,,,,,no,no,,,,,,,,,,,,,,,,no,,,barrier_free_map,沖縄県バリアフリーマップ,http://okinawa-bf-map.jp/facility-info/detail?facility_id=444,2020-05-06,444,トイレ出入口形状=引戸,特徴･注意点: ・身体障害者専用駐車場があります。 ・出入口付近まで点字誘導ブロック、スロープ（幅140ｃｍ）が設置されています。 ・受付案内にはインターホンが設置されています。 ・バリアフリートイレ設備：・開口幅75ｃｍ以上で、便座高さ39㎝、手すりの高さ70㎝、幅57㎝あります。
47,沖縄県,47361,久米島町,,ホタルドーム（久米島ホタルドーム施設管理課）,,,901-3125,沖縄県久米島町鳥島100,26.3490602,126.7327352,http://www.sports-commission.okinawa/archives/search/0246,,,,,,,,,no,no,,,,,,,,,,,,,,,,no,,,barrier_free_map,沖縄県バリアフリーマップ,http://okinawa-bf-map.jp/facility-info/detail?facility_id=466,2018-09-07,466,,
47,沖縄県,47361,久米島町,,久米島町具志川農村環境改善センター,,,901-3124,沖縄県久米島町仲泊730,26.349901014112582,126.74717735026252,http://mice.okinawastory.jp/venue/366/,,,,,,,,,no,no,,,,,,,,,,,,,,,,no,,,barrier_free_map,沖縄県バリアフリーマップ,http://okinawa-bf-map.jp/facility-info/detail?facility_id=528,2018-01-11,528,緊急通報装置あり / トイレ出入口形状=引戸,特徴･注意点: ・身体障害者専用駐車スペースがあります。 ・音声誘導装置が設置してあります。 ・車いす用トイレ設置：・開口幅75ｃｍ以上、便座高さ45ｃｍ、手すり高さ60ｃｍ、トイレ内に非常ボタンが設置してあります。
47,沖縄県,47361,久米島町,,町立儀間保育所,,,901-3115,沖縄県島尻郡久米島町儀間1041,26.3362045,126.7671694,/,,,,,,,,,no,no,,,,,,,,,,,,,,,,no,,,barrier_free_map,沖縄県バリアフリーマップ,http://okinawa-bf-map.jp/facility-info/detail?facility_id=532,2010-05-01,532,,特徴･注意点: ・携帯電話の充電は充電器持ち込みで可能 ・建物が古く、入り口の段差が23ｃｍもあり車椅子は入れない
47,沖縄県,47361,久米島町,,町立中央保育所,,,901-3108,沖縄県島尻郡久米島町比嘉2939-1,26.3416961,126.8050269,/,,,,,,,,,no,no,,,,,,,,,,,,,,,,no,,,barrier_free_map,沖縄県バリアフリーマップ,http://okinawa-bf-map.jp/facility-info/detail?facility_id=534,2010-05-01,534,緊急通報装置あり / トイレ出入口形状=引戸,特徴･注意点: トイレ ・便器の高さ44ｃｍ・便器の手すりの高さ69ｃｍ・洗面所の高さ76ｃｍ・洗面所の手すりの高さ76ｃｍ・洗面所の手すりの幅66ｃｍ・便器の手すり可動式
47,沖縄県,47361,久米島町,,久米島町役場仲里庁舎,,,901-3108,沖縄県久米島町比嘉2870,26.3405657,126.8050186,http://www.town.kumejima.okinawa.jp/,,,,,,,,,no,no,,,,,,,,,,,,,,,,no,,,barrier_free_map,沖縄県バリアフリーマップ,http://okinawa-bf-map.jp/facility-info/detail?facility_id=535,2018-09-10,535,トイレ出入口形状=引戸,特徴･注意点: ・車いす用トイレ設備：・便器高さ44ｃｍ、手すり高さ73ｃｍ、介助者を必要とします。
47,沖縄県,47354,座間味村,,阿真公民館,,,901-3403,沖縄県座間味村阿真512-1,26.228348058108512,127.29374446480415,/,,,,,,,,,no,no,,,,,,,,,,,,,,,,no,,,barrier_free_map,沖縄県バリアフリーマップ,http://okinawa-bf-map.jp/facility-info/detail?facility_id=684,2019-03-04,684,トイレ出入口形状=開き戸,特徴･注意点: ・利用者からの要望ある時に開館 / 備考: 阿真公民館には電話がありません。
47,沖縄県,47354,座間味村,,阿佐公民館,,,901-3401,沖縄県島尻郡座間味村阿佐1,26.2354689,127.3102612,/,,,,,,,,,no,no,,,,,,,,,,,,,,,,no,,,barrier_free_map,沖縄県バリアフリーマップ,http://okinawa-bf-map.jp/facility-info/detail?facility_id=685,2010-05-01,685,トイレ出入口形状=引戸,特徴･注意点: ・利用者からの要望がある時に開館
47,沖縄県,47354,座間味村,,座間味村役場本庁舎,,,901-3402,沖縄県島尻郡座間味村座間味109,26.2288834,127.3031094,/,,,,,,,,,no,no,,,,,,,,,,,,,,,,no,,,barrier_free_map,沖縄県バリアフリーマップ,http://okinawa-bf-map.jp/facility-info/detail?facility_id=687,2010-05-01,687,トイレ出入口形状=開き戸,
47,沖縄県,47381,竹富町,,ときめきホール（船浦地区地域活性化施設）,,,907-1541,沖縄県竹富町上原870-239,24.4115243,123.8071908,/,,,,,,,,,no,no,,,,,,,,,,,,,,,,no,,,barrier_free_map,沖縄県バリアフリーマップ,http://okinawa-bf-map.jp/facility-info/detail?facility_id=778,2020-05-06,778,トイレ出入口形状=引戸,特徴･注意点: ・出入口88cm｡点字誘導ブロック設置。 ・バリアフリートイレ設置：入口84cm、便座高さ45cm｡手洗い高さ69cm｡手すり高さ74cm、手すり幅69cm、可動式手すり｡
47,沖縄県,47381,竹富町,,浦内地区地域活性化施設 (浦内公民館),,,907-1541,沖縄県竹富町上原9-4,24.4167242,123.7992541,/,,,,,,,,,no,no,,,,,,,,,,,,,,,,no,,,barrier_free_map,沖縄県バリアフリーマップ,http://okinawa-bf-map.jp/facility-info/detail?facility_id=779,2023-11-09,779,トイレ出入口形状=引戸,特徴･注意点: ・出入口91cm｡ ・バリアフリートイレ設置：入口80cm、便座高さ45cm。手洗い高さ65cm｡手すり高さ73cm、手すり幅63cm、固定式手すり｡
47,沖縄県,47381,竹富町,,中野地区地域活性化施設,,,907-1541,沖縄県八重山郡竹富町上原10-579,24.4293255,123.78607,/,,,,,,,,,no,no,,,,,,,,,,,,,,,,no,,,barrier_free_map,沖縄県バリアフリーマップ,http://okinawa-bf-map.jp/facility-info/detail?facility_id=781,2010-05-11,781,トイレ出入口形状=引戸,特徴･注意点: ・出入口150cm。 ・バリアフリートイレ設置：入口90cm、便座高さ45cm。手洗い高さ69cm。手すり高さ68cm、手すり幅71cm、可動式手すり。
47,沖縄県,47381,竹富町,,波照間漁港,,,907-1751,沖縄県竹富町沖縄県八重山郡竹富町波照間６５２３,24.0672445,123.76712229999998,/,,,,,,,,,no,no,,,,,,,,,,,,,,,,no,,,barrier_free_map,沖縄県バリアフリーマップ,http://okinawa-bf-map.jp/facility-info/detail?facility_id=809,2017-12-25,809,,
47,沖縄県,47381,竹富町,,西表島 仲間港(大原),,,907-1101,沖縄県八重山郡竹富町竹富,24.3311002,124.0848117,/,,,,,,,,,no,no,,,,,,,,,,,,,,,,no,,,barrier_free_map,沖縄県バリアフリーマップ,http://okinawa-bf-map.jp/facility-info/detail?facility_id=811,2010-05-04,811,トイレ出入口形状=引戸,特徴･注意点: ・バリアフリートイレ設置：便座の高さ45㎝ 手すりの高さ73㎝ 幅69㎝ 洗面所の高さ76㎝（上) 67㎝(下）。手すりの高さ76㎝ 幅65㎝ トイレットペーパーの高さ92㎝｡
47,沖縄県,47381,竹富町,,黒島港,,,907-1311,沖縄県八重山郡竹富町黒島,24.253048,124.0013571,/,,,,,,,,,no,no,,,,,,,,,,,,,,,,no,,,barrier_free_map,沖縄県バリアフリーマップ,http://okinawa-bf-map.jp/facility-info/detail?facility_id=815,2010-05-05,815,トイレ出入口形状=開き戸,
47,沖縄県,47354,座間味村,,座間味港（ターミナル）,,,901-3400,沖縄県座間味村座間味地先1,26.227876019439265,127.3008611163941,http://www.vill.zamami.okinawa.jp/guidemap/detail/162/,,yes,,,,,,,no,no,yes,,,,,,,,,,,,,,,no,,,barrier_free_map,沖縄県バリアフリーマップ,http://okinawa-bf-map.jp/facility-info/detail?facility_id=816,2019-03-04,816,緊急通報装置あり / トイレ出入口形状=引戸,特徴･注意点: ・点字誘導ブロック設置。 ・人的介助可能：事前連絡要。 ・車いす用トイレ設置：便座44cm トイレットペーパー高さ58cm 手すり高さ74cm幅83cm 手洗い手すり高さ76cm 幅83cm ベビーシートあり ・ＦＡＸ貸し出し可能。 ・携帯電話充電のコンセント利用可能。
47,沖縄県,47381,竹富町,,小浜港,,,907-1221,沖縄県八重山郡竹富町小浜沖縄県八重山郡竹富町,24.3447566,123.9903057,/,,,,,,,,,no,no,,,,,,,,,,,,,,,,no,,,barrier_free_map,沖縄県バリアフリーマップ,http://okinawa-bf-map.jp/facility-info/detail?facility_id=817,2010-05-04,817,トイレ出入口形状=引戸,特徴･注意点: ・バリアフリートイレ設置：便座の高さ44㎝ 手すりの高さ67㎝ 幅70㎝ 洗面所の高さ76㎝(上) 69㎝ (下) トイレットペーパーの高さ94㎝｡
47,沖縄県,47381,竹富町,,子午線ふれあい館,,,907-1542,沖縄県八重山郡竹富町西表921-2,24.3903923,123.7501634,/,,,,,,,,,no,no,,,,,,,,,,,,,,,,no,,,barrier_free_map,沖縄県バリアフリーマップ,http://okinawa-bf-map.jp/facility-info/detail?facility_id=820,2019-10-31,820,トイレ出入口形状=引戸,特徴･注意点: ・バリアフリートイレ設置：便座高さ42ｃｍ 手すり高さ68ｃｍ 幅67ｃｍ トイレットペーパー高さ93ｃｍ手洗い高さ上76ｃｍ 下69ｃｍ ・ＦＡＸ貸し出し可能。 ・携帯電話充電のコンセント利用可能。
47,沖縄県,47381,竹富町,,西表島観光案内所（ショップじゅごん）,,,907-1434,沖縄県竹富町南風見201,24.272208382126287,123.88150112333685,http://painusima.com/5046/,,,,,,,,,no,no,yes,yes,,,,,,,,,,,,,,no,,,barrier_free_map,沖縄県バリアフリーマップ,http://okinawa-bf-map.jp/facility-info/detail?facility_id=821,2024-03-01,821,トイレ出入口形状=引戸,特徴･注意点: ・人的介助可能：事前連絡要。 ・点字誘導ブロック設置。 ・バリアフリートイレ設置：便座高さ46cm 手すり高さ67cm 手すり幅62cm 手洗い高さ（上）76cm手洗い高さ（下）69cm ・携帯電話充電のコンセント利用不可。 / トイレ備考: 和式個数 男1、女0 洋式個数 男1、女4
47,沖縄県,47381,竹富町,,開拓の里,,,907-1434,沖縄県八重山郡竹富町南風見508-35,24.2591482,123.8639101,/,,,,,,,,,no,no,,,,,,,,,,,,,,,,no,,,barrier_free_map,沖縄県バリアフリーマップ,http://okinawa-bf-map.jp/facility-info/detail?facility_id=844,2010-05-05,844,緊急通報装置あり / トイレ出入口形状=引戸,特徴･注意点: ・バリアフリートイレ設置：便座高さ46cm 手すり高さ67cm 幅66cm トイレットペーパー高さ82cm 手洗い高さ（上）75cm （下）67cm ・携帯電話充電のコンセント利用可能。
47,沖縄県,47381,竹富町,,大原多目的集会施設,,,907-1434,沖縄県八重山郡竹富町南風見201-143,24.2716453,123.8813874,/,,,,,,,,,no,no,,,,,,,,,,,,,,,,no,,,barrier_free_map,沖縄県バリアフリーマップ,http://okinawa-bf-map.jp/facility-info/detail?facility_id=845,2010-05-13,845,,
47,沖縄県,47325,嘉手納町,,兼久海浜公園総合運動場,,,904-0205,沖縄県嘉手納町兼久85-25,26.3543431,127.7442588,http://www.town.kadena.okinawa.jp/facility/shi3275.html,,,,,,,,,no,no,,,,,,,,,,,,,,,,no,,,barrier_free_map,沖縄県バリアフリーマップ,http://okinawa-bf-map.jp/facility-info/detail?facility_id=856,2018-05-09,856,,
47,沖縄県,47381,竹富町,,大富多目的集会施設,,,907-1433,沖縄県八重山郡竹富町南風見仲29-43,24.2833665,123.881099,/,,,,,,,,,no,no,,,,,,,,,,,,,,,,no,,,barrier_free_map,沖縄県バリアフリーマップ,http://okinawa-bf-map.jp/facility-info/detail?facility_id=865,2010-05-04,865,緊急通報装置あり / トイレ出入口形状=引戸,特徴･注意点: ・バリアフリートイレ設置：便座の高さ44cm 便座側の手すりの幅74cm 高さ72cm 洗面所の高さ73cm(上)、64cm(下) トイレットペーパーの高さ87cm。
47,沖縄県,47381,竹富町,,小浜港旅客待合所,,,907-1221,沖縄県竹富町小浜,24.3447566,123.9903057,/,,yes,,,,,,,no,no,,,,,,,,,,,,,,,,no,,,barrier_free_map,沖縄県バリアフリーマップ,http://okinawa-bf-map.jp/facility-info/detail?facility_id=868,2024-03-07,868,緊急通報装置あり / トイレ出入口形状=引戸,特徴･注意点: ・身障者専用駐車場設置。 ・バリアフリートイレ設置：便座の高さ45cm 便座側の手すりの幅73cm 高さ72cm 洗面所の高さ78cm(上)、68cm(下) トイレットペーパーの高さ95cm。 ・ベビーシートの高さ87cm(上)、68cm(下)。
47,沖縄県,47354,座間味村,,慶良間空港ターミナルビル,,,901-3312,沖縄県座間味村慶留間934-13,26.173302113650127,127.29215666983649,http://www.pref.okinawa.jp/airport/index/kr/kerama00.htm,no,yes,,,,,no,,no,no,no,no,,,,,,,,,,,,,,no,,,barrier_free_map,沖縄県バリアフリーマップ,http://okinawa-bf-map.jp/facility-info/detail?facility_id=878,2023-12-12,878,トイレ出入口形状=自動ドア,特徴･注意点: ・点字誘導ブロック設置。 ・人的介助可能：事前連絡要。 ・車いす用トイレ設置：便座高さ44cm 手すり高さ74ｃｍ 幅70ｃｍ ペーパー94ｃｍ 手洗い高（上）77ｃｍ（下）67ｃｍ。 ・ＦＡＸ貸し出し可能。 ・携帯電話充電のコンセント利用可能。 / トイレ備考: 女性用トイレ3室、男性用トイレ2室
47,沖縄県,47381,竹富町,,竹富東港,,,907-1101,沖縄県八重山郡竹富町竹富,24.335122,124.093003,/,,,,,,,,,no,no,,,,,,,,,,,,,,,,no,,,barrier_free_map,沖縄県バリアフリーマップ,http://okinawa-bf-map.jp/facility-info/detail?facility_id=882,2010-05-04,882,緊急通報装置あり / トイレ出入口形状=引戸,特徴･注意点: ・バリアフリートイレ設置：便座の高さ44㎝。手すりの高さ72㎝､幅66㎝ 洗面所の高さ76㎝(上)、66㎝(下)。
47,沖縄県,47381,竹富町,,海人の家,,,907-1542,沖縄県竹富町西表1499-57,24.3605701,123.7502618,/,,,,,,,no,,no,no,,,,,,,,,,,,,,,,no,,,barrier_free_map,沖縄県バリアフリーマップ,http://okinawa-bf-map.jp/facility-info/detail?facility_id=889,2023-12-14,889,トイレ出入口形状=引戸,特徴･注意点: ・人的介助可能：事前連絡要。 ・バリアフリートイレ設置：便座高さ45 手すり高さ72ｃｍ、幅57ｃｍ、トイレットペーパー高さ73ｃｍ 手洗い高さ（上）75ｃｍ（下）67ｃｍ 手洗いの手すり高さ77ｃｍ 幅86ｃｍ ・ＦＡＸ貸し出し可能。 / 備考: 現在 車いす用トイレ使用不可 / トイレ備考: 現在車いす用トイレ使用不可 ※一般トイレあり宿泊のお客様のみ提供しています。
47,沖縄県,47381,竹富町,,イルンティフタデムラ,,,907-1542,沖縄県竹富町西表973-3,24.3903951,123.7476626,http://www.hutademura.org/,,,,,,,,,no,no,,,,,,,,,,,,,,,,no,,,barrier_free_map,沖縄県バリアフリーマップ,http://okinawa-bf-map.jp/facility-info/detail?facility_id=890,2019-08-28,890,,特徴･注意点: ・人的介助可能：事前連絡要。 ・ＦＡＸ貸し出し可能。 (有料)
47,沖縄県,47354,座間味村,,阿嘉漁港（ターミナル）,,,901-3311,沖縄県座間味村阿嘉９３６,26.189990514708537,127.28573765291752,http://www.vill.zamami.okinawa.jp/,no,yes,,,,,,no,no,no,,,,,,,,,,,,,,,,no,,,barrier_free_map,沖縄県バリアフリーマップ,http://okinawa-bf-map.jp/facility-info/detail?facility_id=892,2023-10-23,892,緊急通報装置あり / トイレ出入口形状=引戸,特徴･注意点: ・点字誘導ブロック設置。 ・車いす用トイレ設置：トイレ 便座高45㎝ 手すり高73㎝ 幅66㎝ トイレットペーパー92㎝ 手洗い 上76㎝ 下66㎝ 手洗いの手すり高76㎝ 幅66㎝
47,沖縄県,47354,座間味村,,座間味コミュニティセンター,,,901-3402,沖縄県座間味村座間味1,26.22785162740446,127.30334576931159,/,,,,,,,,,no,no,,,,,,,,,,,,,,,,no,,,barrier_free_map,沖縄県バリアフリーマップ,http://okinawa-bf-map.jp/facility-info/detail?facility_id=893,2019-03-04,893,トイレ出入口形状=引戸,特徴･注意点: ・点字誘導ブロック設置。 ・車いす用トイレ設置：便座高43㎝ 手すり高74㎝ 幅65㎝ トイレットペーパー高95㎝ トイレ手洗い 上75㎝ 下67cm。 ・携帯電話充電のコンセント利用可能。 / 備考: 施設管理 098-987-2311 (座間味村役場) 座間味コミュニティセンター に常駐人はいません。
47,沖縄県,47381,竹富町,,竹富町離島振興総合センター,,,907-1434,沖縄県竹富町南風見201-47,24.2733007,123.8799987,/,,,,,,,,,no,no,,,,,,,,,,,,,,,,no,,,barrier_free_map,沖縄県バリアフリーマップ,http://okinawa-bf-map.jp/facility-info/detail?facility_id=894,2019-08-28,894,トイレ出入口形状=開き戸,
47,沖縄県,47211,沖縄市,,コザ運動公園 体育館,,,904-0032,沖縄県沖縄市諸見里2-1-1,26.3327517,127.7869478,http://www.kozapa-osi.jp/,,,,,,,,,no,no,,,,,,,,,,,,,,,,no,,,barrier_free_map,沖縄県バリアフリーマップ,http://okinawa-bf-map.jp/facility-info/detail?facility_id=919,2020-05-13,919,トイレ出入口形状=開き戸,特徴･注意点: ・身障者専用駐車場は、他施設と供用 ・バリアフリートイレ設置：トイレ入口付近3.5cmの段差が有り。個室ドアはアコーディオンカーテンにて開閉。手洗い手すり幅56cm 高さ72cm 奥行き46.5cm 館内公衆電話高さ102cm。
47,沖縄県,47353,渡嘉敷村,,渡嘉敷村中央公民館,,,901-3501,沖縄県島尻郡渡嘉敷村渡嘉敷209,26.1970267,127.3647193,/,,,,,,,,,no,no,,,,,,,,,,,,,,,,no,,,barrier_free_map,沖縄県バリアフリーマップ,http://okinawa-bf-map.jp/facility-info/detail?facility_id=932,2010-05-11,932,トイレ出入口形状=開き戸,
47,沖縄県,47381,竹富町,,西表島 白浜港,,,907-0000,沖縄県八重山郡竹富町,24.3598026,123.7474289,/,,,,,,,,,no,no,,,,,,,,,,,,,,,,no,,,barrier_free_map,沖縄県バリアフリーマップ,http://okinawa-bf-map.jp/facility-info/detail?facility_id=941,2010-05-04,941,トイレ出入口形状=開き戸,
47,沖縄県,47381,竹富町,,西表島 船浮港,,,907-0000,沖縄県八重山郡竹富町,24.3369958,123.7288903,/,,,,,,,,,no,no,,,,,,,,,,,,,,,,no,,,barrier_free_map,沖縄県バリアフリーマップ,http://okinawa-bf-map.jp/facility-info/detail?facility_id=945,2010-05-04,945,トイレ出入口形状=開き戸,
47,沖縄県,47354,座間味村,,座間味村離島振興総合センター,,,901-3402,沖縄県座間味村座間味95,26.228489151638694,127.30225670000006,/,,,,,,,,,no,no,,,,,,,,,,,,,,,,no,,,barrier_free_map,沖縄県バリアフリーマップ,http://okinawa-bf-map.jp/facility-info/detail?facility_id=954,2018-07-03,954,,特徴･注意点: 利用者からの利用要望がある際に開館 / 備考: 098-987-2311 (座間味村役場)
47,沖縄県,47354,座間味村,,阿嘉島離島振興総合センター,,,901-3311,沖縄県島尻郡座間味村阿嘉50,26.1903874,127.2834674,/,,,,,,,,,no,no,,,,,,,,,,,,,,,,no,,,barrier_free_map,沖縄県バリアフリーマップ,http://okinawa-bf-map.jp/facility-info/detail?facility_id=960,2010-05-01,960,,特徴･注意点: ・利用者からの利用要望があった場合のみ開館。
47,沖縄県,47354,座間味村,,座間味村役場 保健センター,,,901-3311,沖縄県座間味村阿嘉89,26.188316488664068,127.28114138465568,/,,,,,,,,,no,no,,,,,,,,,,,,,,,,no,,,barrier_free_map,沖縄県バリアフリーマップ,http://okinawa-bf-map.jp/facility-info/detail?facility_id=961,2019-03-04,961,トイレ出入口形状=引戸,備考: 施設管理 座間味村役場福祉課 098-987-2311 / トイレ備考: ・バリアフリートイレ設置：便座高さ45cm、トイレットペーパー高さ80cm、トイレ手洗い高さ（上）74cm（下）67cm。
47,沖縄県,47354,座間味村,,慶留間公民館,,,901-3312,沖縄県座間味村慶留間83,26.1768254,127.29208370000003,/,,,,,,,,,no,no,,,,,,,,,,,,,,,,no,,,barrier_free_map,沖縄県バリアフリーマップ,http://okinawa-bf-map.jp/facility-info/detail?facility_id=962,2019-03-04,962,トイレ出入口形状=開き戸,特徴･注意点: ・利用者の要望がある時み開館 / 備考: 098-987-2311 (座間味村役場)
47,沖縄県,47354,座間味村,,那覇病院阿嘉診療所,,,901-3311,沖縄県座間味村阿嘉68,26.1903429,127.28162309999993,http://www.hosp.pref.okinawa.jp/sinryo/aka/aka.html,,,,,,,,,no,no,,,,,,,,,,,,,,,,no,,,barrier_free_map,沖縄県バリアフリーマップ,http://okinawa-bf-map.jp/facility-info/detail?facility_id=963,2018-12-19,963,トイレ出入口形状=開き戸,備考: 救急は365日24時間対応
47,沖縄県,47354,座間味村,,沖縄県立南部医療センター・こども医療センター附属座間味診療所,,,901-3402,沖縄県座間味村座間味441-1,26.2304572481182,127.30231928028718,http://www.hosp.pref.okinawa.jp/sinryo/zamami/zamami.html#jikan,,,,,,,,,no,no,,,,,,,,,,,,,,,,no,,,barrier_free_map,沖縄県バリアフリーマップ,http://okinawa-bf-map.jp/facility-info/detail?facility_id=967,2019-03-04,967,トイレ出入口形状=引戸,
47,沖縄県,47361,久米島町,,兼城港湾 ターミナルビル,,,901-3122,沖縄県久米島町兼城,26.341245,126.753212,http://www.kumeline.com/sp/route/,,,,,,,,,no,no,,,,,,,,,,,,,,,,no,,,barrier_free_map,沖縄県バリアフリーマップ,http://okinawa-bf-map.jp/facility-info/detail?facility_id=971,2018-09-12,971,トイレ出入口形状=引戸,特徴･注意点: ・車いす用トイレ設置：便座高さ44cm、手すり高さ76cm、手洗い高さ69cm、手洗いの手すり高さ80cm ※トイレの出入り口段差あり（3cm）
