prefecture_code,prefecture_name,municipality_code,municipality_name,ward_name,facility_name,formal_name,facility_category,postal_code,address,latitude,longitude,homepage_url,multipurpose_toilet,wheelchair_toilet,toilet_floor,unisex_toilet_count,male_toilet_count,female_toilet_count,washlet,adult_bed,ostomate,voice_guidance,baby_bed,baby_chair,child_toilet,child_chair,flush_type,emergency_call_type,male_urinal_with_rail,male_western_toilet,female_western_toilet,male_baby_bed,female_baby_bed,male_baby_chair,female_baby_chair,entrance_step,stroller_rental,nursing_space,diaper_changing_space,kids_room,source_dataset,source_name,source_url,source_updated_at,source_row,attribute_note,note
35,山口県,35201,下関市,,下関厚生病院,,医療・福祉,,下関市上新地町3-3-8,,,,,yes,,,,,,,,,,,,,,,,,,,,,,,,,,,yamaguchi-barrier-free,山口県バリアフリー施設データベース,https://www.pref.yamaguchi.lg.jp/uploaded/attachment/207634.xls,,51,洋式トイレあり / 男子用トイレ手すりあり,
35,山口県,35201,下関市,,ひかり童夢,,医療・福祉,,下関市上田中町1-16-1,,,,yes,yes,,,,,,,,,yes,,,,,,,,,,,,,,,yes,,,yamaguchi-barrier-free,山口県バリアフリー施設データベース,https://www.pref.yamaguchi.lg.jp/uploaded/attachment/207634.xls,,52,洋式トイレあり / 男子用トイレ手すりあり,
35,山口県,35201,下関市,,下関市身体障害者福祉センター,,医療・福祉,,下関市貴船町3-1-43,,,,,yes,,,,,,,,,,,,,,,,,,,,,,,,,,,yamaguchi-barrier-free,山口県バリアフリー施設データベース,https://www.pref.yamaguchi.lg.jp/uploaded/attachment/207634.xls,,53,男子用トイレ手すりあり,
35,山口県,35201,下関市,,山口県済生会下関総合病院,,医療・福祉,,下関市安岡町8-5-1,,,,,yes,,,,,,,,,,,,,,,,,,,,,,,,,,,yamaguchi-barrier-free,山口県バリアフリー施設データベース,https://www.pref.yamaguchi.lg.jp/uploaded/attachment/207634.xls,,54,洋式トイレあり,
35,山口県,35201,下関市,,長府病院,,医療・福祉,,下関市長府中之町2-4,,,,,yes,,,,,,,,,,,,,,,,,,,,,,,,,,,yamaguchi-barrier-free,山口県バリアフリー施設データベース,https://www.pref.yamaguchi.lg.jp/uploaded/attachment/207634.xls,,55,洋式トイレあり,
35,山口県,35201,下関市,,下関市江の浦福祉工房,,医療・福祉,,下関市彦島江の浦町2-22-7,,,,,yes,,,,,,,,,,,,,,,,,,,,,,,,,,,yamaguchi-barrier-free,山口県バリアフリー施設データベース,https://www.pref.yamaguchi.lg.jp/uploaded/attachment/207634.xls,,56,洋式トイレあり / 男子用トイレ手すりあり,
35,山口県,35201,下関市,,豊田中央病院,,医療・福祉,,下関市豊田町矢田365-1,,,,,yes,,,,,,,,,,,,,,,,,,,,,,,,,,,yamaguchi-barrier-free,山口県バリアフリー施設データベース,https://www.pref.yamaguchi.lg.jp/uploaded/attachment/207634.xls,,57,洋式トイレあり / 男子用トイレ手すりあり,
35,山口県,35201,下関市,,下関市立豊浦保健センター,,医療・福祉,,下関市豊浦町川棚6166-2,,,,,yes,,,,,,,,,,,,,,,,,,,,,,,,,,,yamaguchi-barrier-free,山口県バリアフリー施設データベース,https://www.pref.yamaguchi.lg.jp/uploaded/attachment/207634.xls,,58,洋式トイレあり,
35,山口県,35201,下関市,,下関市立豊浦病院,,医療・福祉,,下関市豊浦町小串7-3,,,,,yes,,,,,,,,,,,,,,,,,,,,,,,,,,,yamaguchi-barrier-free,山口県バリアフリー施設データベース,https://www.pref.yamaguchi.lg.jp/uploaded/attachment/207634.xls,,59,洋式トイレあり / 男子用トイレ手すりあり,
35,山口県,35201,下関市,,下関市豊浦老人福祉センター,,医療・福祉,,下関市豊浦町川棚4892-1,,,,,yes,,,,,,,,,,,,,,,,,,,,,,,,,,,yamaguchi-barrier-free,山口県バリアフリー施設データベース,https://www.pref.yamaguchi.lg.jp/uploaded/attachment/207634.xls,,60,洋式トイレあり,
35,山口県,35201,下関市,,滝部病院,,医療・福祉,,下関市豊北町滝部3669-1,,,,,yes,,,,,,,,,,,,,,,,,,,,,,,,,,,yamaguchi-barrier-free,山口県バリアフリー施設データベース,https://www.pref.yamaguchi.lg.jp/uploaded/attachment/207634.xls,,61,洋式トイレあり,
35,山口県,35201,下関市,,下関市立市民病院,,医療・福祉,,下関市向洋町1-13-1,,,,yes,yes,,,,,,,,,yes,,,,,,,,,,,,,,,,,,yamaguchi-barrier-free,山口県バリアフリー施設データベース,https://www.pref.yamaguchi.lg.jp/uploaded/attachment/207634.xls,,62,洋式トイレあり / 男子用トイレ手すりあり,
35,山口県,35201,下関市,,下関市立彦島保健センター,,医療・福祉,,下関市彦島江の浦町1-3-9,,,,yes,yes,,,,,,,yes,,yes,,,,,,,,,,,,,,,yes,,,yamaguchi-barrier-free,山口県バリアフリー施設データベース,https://www.pref.yamaguchi.lg.jp/uploaded/attachment/207634.xls,,63,洋式トイレあり / 男子用トイレ手すりあり,
35,山口県,35201,下関市,,シャングリラ,,医療・福祉,,下関市みもすそ川町23-1,,,,yes,yes,,,,,,,yes,,,,,,,,,,,,,,,,,,,,yamaguchi-barrier-free,山口県バリアフリー施設データベース,https://www.pref.yamaguchi.lg.jp/uploaded/attachment/207634.xls,,64,洋式トイレあり / 男子用トイレ手すりあり,
35,山口県,35201,下関市,,医療法人水の木会　下関病院,,医療・福祉,,下関市富住町6-18-18,,,,,yes,,,,,,,,,,,,,,,,,,,,,,,,,,,yamaguchi-barrier-free,山口県バリアフリー施設データベース,https://www.pref.yamaguchi.lg.jp/uploaded/attachment/207634.xls,,65,洋式トイレあり / 男子用トイレ手すりあり,
35,山口県,35201,下関市,,中村歯科診療所,,医療・福祉,,下関市豊田町大字矢田271,,,,,yes,,,,,,,,,,,,,,,,,,,,,,,,,,,yamaguchi-barrier-free,山口県バリアフリー施設データベース,https://www.pref.yamaguchi.lg.jp/uploaded/attachment/207634.xls,,66,洋式トイレあり / 男子用トイレ手すりあり,
35,山口県,35201,下関市,,下関さくらクリニック,,医療・福祉,,下関市有冨167-2,,,,yes,yes,,,,,,,,,yes,,,,,,,,,,,,,,,yes,,,yamaguchi-barrier-free,山口県バリアフリー施設データベース,https://www.pref.yamaguchi.lg.jp/uploaded/attachment/207634.xls,,67,洋式トイレあり / 男子用トイレ手すりあり,
35,山口県,35201,下関市,,医療法人光の会　重本病院デイケア一歩社,,医療・福祉,,下関市豊浦町大字黒井97-50,,,,,yes,,,,,,,,,,,,,,,,,,,,,,,,,,,yamaguchi-barrier-free,山口県バリアフリー施設データベース,https://www.pref.yamaguchi.lg.jp/uploaded/attachment/207634.xls,,68,洋式トイレあり,
35,山口県,35201,下関市,,済生会貴船福祉ケアセンター,,医療・福祉,,下関市貴船町3-4-1,,,,,yes,,,,,,,,,,,,,,,,,,,,,,,,,,,yamaguchi-barrier-free,山口県バリアフリー施設データベース,https://www.pref.yamaguchi.lg.jp/uploaded/attachment/207634.xls,,69,洋式トイレあり / 男子用トイレ手すりあり,
35,山口県,35201,下関市,,下関市社会福祉センター,,医療・福祉,,下関市貴船町3-4-1,,,,,yes,,,,,,,,,,,,,,,,,,,,,,,,,,,yamaguchi-barrier-free,山口県バリアフリー施設データベース,https://www.pref.yamaguchi.lg.jp/uploaded/attachment/207634.xls,,70,洋式トイレあり / 男子用トイレ手すりあり,
35,山口県,35201,下関市,,下関市老人休養ホーム満珠荘,,医療・福祉,,下関市みもすそ川町3-75,,,,,yes,,,,,,,,,,,,,,,,,,,,,,,,,,,yamaguchi-barrier-free,山口県バリアフリー施設データベース,https://www.pref.yamaguchi.lg.jp/uploaded/attachment/207634.xls,,71,洋式トイレあり,
35,山口県,35201,下関市,,下関市立菊川保健センター,,医療・福祉,,下関市菊川町大字田部734-1,,,,,yes,,,,,,,,,,,,,,,,,,,,,,,,,,,yamaguchi-barrier-free,山口県バリアフリー施設データベース,https://www.pref.yamaguchi.lg.jp/uploaded/attachment/207634.xls,,72,洋式トイレあり / 男子用トイレ手すりあり,
35,山口県,35201,下関市,,下関市豊田保健福祉センター,,医療・福祉,,下関市豊田町大字矢田365-1,,,,,yes,,,,,,,,,,,,,,,,,,,,,,,,,,,yamaguchi-barrier-free,山口県バリアフリー施設データベース,https://www.pref.yamaguchi.lg.jp/uploaded/attachment/207634.xls,,73,洋式トイレあり / 男子用トイレ手すりあり,
35,山口県,35201,下関市,,いしい歯科医院,,医療・福祉,,下関市稗田中町6-20,,,,,yes,,,,,,,,,,,,,,,,,,,,,,,,,,,yamaguchi-barrier-free,山口県バリアフリー施設データベース,https://www.pref.yamaguchi.lg.jp/uploaded/attachment/207634.xls,,74,洋式トイレあり,
35,山口県,35201,下関市,,城下町こころクリニック,,医療・福祉,,下関市長府惣社町1-14,,,,,yes,,,,,,,,,,,,,,,,,,,,,,,,,,,yamaguchi-barrier-free,山口県バリアフリー施設データベース,https://www.pref.yamaguchi.lg.jp/uploaded/attachment/207634.xls,,75,洋式トイレあり,
35,山口県,35201,下関市,,アイユウの苑しおはま,,医療・福祉,,下関市彦島塩浜町三丁目14番47号,,,,yes,yes,,,,,,,yes,,,,,,,,,,,,,,,,,,,,yamaguchi-barrier-free,山口県バリアフリー施設データベース,https://www.pref.yamaguchi.lg.jp/uploaded/attachment/207634.xls,,76,洋式トイレあり,
35,山口県,35201,下関市,,下関市立美術館,,観光施設,,下関市長府黒門東町1-1,,,,,yes,,,,,,,,,,,,,,,,,,,,,,,,,,,yamaguchi-barrier-free,山口県バリアフリー施設データベース,https://www.pref.yamaguchi.lg.jp/uploaded/attachment/207634.xls,,77,洋式トイレあり,
35,山口県,35201,下関市,,下関市立しものせき水族館「海響館」,,観光施設,,下関市あるかぽーと6-1,,,,yes,yes,,,,,,,,,yes,,,,,,,,,,,,,,,yes,,,yamaguchi-barrier-free,山口県バリアフリー施設データベース,https://www.pref.yamaguchi.lg.jp/uploaded/attachment/207634.xls,,78,洋式トイレあり / 男子用トイレ手すりあり,
35,山口県,35201,下関市,,長府庭園,,観光施設,,下関市長府黒門東町８番,,,,,yes,,,,,,,,,,,,,,,,,,,,,,,,,,,yamaguchi-barrier-free,山口県バリアフリー施設データベース,https://www.pref.yamaguchi.lg.jp/uploaded/attachment/207634.xls,,79,,
35,山口県,35201,下関市,,土井ヶ浜遺跡・人類学ミュージアム,,観光施設,,下関市豊北町神田上891-8,,,,,yes,,,,,,,,,,,,,,,,,,,,,,,,,,,yamaguchi-barrier-free,山口県バリアフリー施設データベース,https://www.pref.yamaguchi.lg.jp/uploaded/attachment/207634.xls,,80,洋式トイレあり,
35,山口県,35201,下関市,,下関市立考古博物館,,観光施設,,下関市大字綾羅木字岡454,,,,yes,yes,,,,,,,,,yes,,,,,,,,,,,,,,,,,,yamaguchi-barrier-free,山口県バリアフリー施設データベース,https://www.pref.yamaguchi.lg.jp/uploaded/attachment/207634.xls,,81,洋式トイレあり,
35,山口県,35201,下関市,,長府毛利邸,,観光施設,,下関市長府惣社町4-10,,,,yes,yes,,,,,,,,,yes,,,,,,,,,,,,,,,,,,yamaguchi-barrier-free,山口県バリアフリー施設データベース,https://www.pref.yamaguchi.lg.jp/uploaded/attachment/207634.xls,,83,洋式トイレあり / 男子用トイレ手すりあり,
35,山口県,35201,下関市,,旧秋田商会ビル（下関観光情報センター）,,観光施設,,下関市南部町23-11,,,,yes,,,,,,,,,,yes,,,,,,,,,,,,,,,,,,yamaguchi-barrier-free,山口県バリアフリー施設データベース,https://www.pref.yamaguchi.lg.jp/uploaded/attachment/207634.xls,,84,洋式トイレあり / 男子用トイレ手すりあり,
35,山口県,35201,下関市,,火の山立体駐車場,,観光施設,,下関市大字椋野,,,,yes,,,,,,,,,,yes,,,,,,,,,,,,,,,,,,yamaguchi-barrier-free,山口県バリアフリー施設データベース,https://www.pref.yamaguchi.lg.jp/uploaded/attachment/207634.xls,,85,洋式トイレあり / 男子用トイレ手すりあり,
35,山口県,35201,下関市,,豊田ホタルの里ミュージアム,,観光施設,,下関市豊田町大字中村50-3,,,,yes,,,,,,,,,,yes,,,,,,,,,,,,,,,,,,yamaguchi-barrier-free,山口県バリアフリー施設データベース,https://www.pref.yamaguchi.lg.jp/uploaded/attachment/207634.xls,,86,洋式トイレあり,
35,山口県,35201,下関市,,舟郡ダム,,観光施設,,下関市豊浦町大字川棚5050-4,,,,yes,,,,,,,,,,yes,,,,,,,,,,,,,,,,,,yamaguchi-barrier-free,山口県バリアフリー施設データベース,https://www.pref.yamaguchi.lg.jp/uploaded/attachment/207634.xls,,87,男子用トイレ手すりあり,
35,山口県,35201,下関市,,下関市立歴史博物館,,観光施設,,下関市長府川端2-2-27,,,,yes,yes,,,,,,,yes,,yes,,,,,,,,,,,,,,,yes,,,yamaguchi-barrier-free,山口県バリアフリー施設データベース,https://www.pref.yamaguchi.lg.jp/uploaded/attachment/207634.xls,,88,洋式トイレあり / 男子用トイレ手すりあり,
35,山口県,35201,下関市,,山口県下関総合庁舎,,官公庁,,下関市貴船町3-2-1,,,,yes,yes,,,,,,,yes,,,,,,,,,,,,,,,,,,,,yamaguchi-barrier-free,山口県バリアフリー施設データベース,https://www.pref.yamaguchi.lg.jp/uploaded/attachment/207634.xls,,89,,
35,山口県,35201,下関市,,下関市役所,,官公庁,,下関市南部町1-1,,,,yes,yes,,,,,,,yes,,,,,,,,,,,,,,,,,yes,,,yamaguchi-barrier-free,山口県バリアフリー施設データベース,https://www.pref.yamaguchi.lg.jp/uploaded/attachment/207634.xls,,90,男子用トイレ手すりあり,
35,山口県,35201,下関市,,下関警察署,,官公庁,,下関市細江町2-3-8,,,,,yes,,,,,,,,,,,,,,,,,,,,,,,,,,,yamaguchi-barrier-free,山口県バリアフリー施設データベース,https://www.pref.yamaguchi.lg.jp/uploaded/attachment/207634.xls,,91,,
35,山口県,35201,下関市,,下関水道局,,官公庁,,下関市春日町7-32,,,,yes,,,,,,,,,,yes,,,,,,,,,,,,,,,,,,yamaguchi-barrier-free,山口県バリアフリー施設データベース,https://www.pref.yamaguchi.lg.jp/uploaded/attachment/207634.xls,,92,洋式トイレあり,
35,山口県,35201,下関市,,下関市立下関保健所,,官公庁,,下関市南部町1-6,,,,yes,yes,,,,,,,,,yes,,,,,,,,,,,,,,,,,,yamaguchi-barrier-free,山口県バリアフリー施設データベース,https://www.pref.yamaguchi.lg.jp/uploaded/attachment/207634.xls,,93,,
35,山口県,35201,下関市,,下関年金事務所,,官公庁,,下関市上新地町3-4-5,,,,,yes,,,,,,,,,,,,,,,,,,,,,,,,,,,yamaguchi-barrier-free,山口県バリアフリー施設データベース,https://www.pref.yamaguchi.lg.jp/uploaded/attachment/207634.xls,,94,洋式トイレあり / 男子用トイレ手すりあり,
35,山口県,35201,下関市,,下関市役所菊川総合支所,,官公庁,,下関市菊川町田部734-1,,,,,yes,,,,,,,,,,,,,,,,,,,,,,,,,,,yamaguchi-barrier-free,山口県バリアフリー施設データベース,https://www.pref.yamaguchi.lg.jp/uploaded/attachment/207634.xls,,95,,
35,山口県,35201,下関市,,下関市役所豊浦総合支所,,官公庁,,下関市豊浦町川棚6895-1,,,,,yes,,,,,,,,,,,,,,,,,,,,,,,,,,,yamaguchi-barrier-free,山口県バリアフリー施設データベース,https://www.pref.yamaguchi.lg.jp/uploaded/attachment/207634.xls,,97,洋式トイレあり,
35,山口県,35201,下関市,,下関市リサイクルプラザ,,官公庁,,下関市古屋町1-18-1,,,,yes,yes,,,,,,,,,yes,,,,,,,,,,,,,,,yes,,,yamaguchi-barrier-free,山口県バリアフリー施設データベース,https://www.pref.yamaguchi.lg.jp/uploaded/attachment/207634.xls,,99,洋式トイレあり / 男子用トイレ手すりあり,
35,山口県,35201,下関市,,山口県下関児童相談所,,官公庁,,下関市貴船町3-2-2,,,,,yes,,,,,,,,,,,,,,,,,,,,,,,,,,,yamaguchi-barrier-free,山口県バリアフリー施設データベース,https://www.pref.yamaguchi.lg.jp/uploaded/attachment/207634.xls,,100,,
35,山口県,35201,下関市,,山口県下関農林事務所,,官公庁,,下関市豊田町殿敷1892,,,,,yes,,,,,,,,,,,,,,,,,,,,,,,,,,,yamaguchi-barrier-free,山口県バリアフリー施設データベース,https://www.pref.yamaguchi.lg.jp/uploaded/attachment/207634.xls,,101,男子用トイレ手すりあり,
35,山口県,35201,下関市,,下関市環境部彦島工場,,官公庁,,下関市彦島福浦1-28-31,,,,yes,,,,,,,,yes,,,,,,,,,,,,,,,,,,,,yamaguchi-barrier-free,山口県バリアフリー施設データベース,https://www.pref.yamaguchi.lg.jp/uploaded/attachment/207634.xls,,102,洋式トイレあり / 男子用トイレ手すりあり,
35,山口県,35201,下関市,,下関市立近代先人顕彰館,,観光施設,,下関市田中町5-7,,,,yes,yes,,,,,,,yes,,yes,,,,,,,,,,,,,,,yes,,,yamaguchi-barrier-free,山口県バリアフリー施設データベース,https://www.pref.yamaguchi.lg.jp/uploaded/attachment/207634.xls,,103,洋式トイレあり,
35,山口県,35201,下関市,,西京銀行　小月支店,,銀行・郵便局,,下関市小月茶屋2-3-1,,,,yes,yes,,,,,,,,,yes,,,,,,,,,,,,,,,,,,yamaguchi-barrier-free,山口県バリアフリー施設データベース,https://www.pref.yamaguchi.lg.jp/uploaded/attachment/207634.xls,,104,洋式トイレあり,
35,山口県,35201,下関市,,豊田湖畔公園,,公園,,下関市豊田町地吉348,,,,,yes,,,,,,,,,,,,,,,,,,,,,,,,,,,yamaguchi-barrier-free,山口県バリアフリー施設データベース,https://www.pref.yamaguchi.lg.jp/uploaded/attachment/207634.xls,,105,,
35,山口県,35201,下関市,,リフレッシュパーク豊浦,,公園,,下関市豊浦町川棚2035-9,,,,,yes,,,,,,,,,,,,,,,,,,,,,,,,,,,yamaguchi-barrier-free,山口県バリアフリー施設データベース,https://www.pref.yamaguchi.lg.jp/uploaded/attachment/207634.xls,,106,,
35,山口県,35201,下関市,,豊浦夢ヶ丘公園,,公園,,下関市豊浦町小串88,,,,,yes,,,,,,,,,,,,,,,,,,,,,,,,,,,yamaguchi-barrier-free,山口県バリアフリー施設データベース,https://www.pref.yamaguchi.lg.jp/uploaded/attachment/207634.xls,,107,,
35,山口県,35201,下関市,,海士ヶ瀬公園,,公園,,下関市豊北町神田附野3464-2,,,,yes,,,,,,,,,,yes,,,,,,,,,,,,,,,,,,yamaguchi-barrier-free,山口県バリアフリー施設データベース,https://www.pref.yamaguchi.lg.jp/uploaded/attachment/207634.xls,,108,洋式トイレあり,
35,山口県,35201,下関市,,阿川ほうせんぐり海浜公園,,公園,,下関市豊北町大字阿川地内,,,,,yes,,,,,,,,,,,,,,,,,,,,,,,,,,,yamaguchi-barrier-free,山口県バリアフリー施設データベース,https://www.pref.yamaguchi.lg.jp/uploaded/attachment/207634.xls,,109,,
35,山口県,35201,下関市,,長府駅（山陽本線）,,交通機関,,下関市長府松小田本町4-11,,,,,,,,,,,,,,,,,,,,,,,,,,,,,,,,yamaguchi-barrier-free,山口県バリアフリー施設データベース,https://www.pref.yamaguchi.lg.jp/uploaded/attachment/207634.xls,,110,男子用トイレ手すりあり,
35,山口県,35201,下関市,,新下関駅（新幹線）,,交通機関,,下関市秋根南1-11-1,,,,,yes,,,,,,,,,,,,,,,,,,,,,,,,,,,yamaguchi-barrier-free,山口県バリアフリー施設データベース,https://www.pref.yamaguchi.lg.jp/uploaded/attachment/207634.xls,,112,,
35,山口県,35201,下関市,,滝部駅（山陰本線）,,交通機関,,下関市豊北町滝部,,,,,,,,,,,,,,,,,,,,,,,,,,,,,,,,yamaguchi-barrier-free,山口県バリアフリー施設データベース,https://www.pref.yamaguchi.lg.jp/uploaded/attachment/207634.xls,,119,男子用トイレ手すりあり,
35,山口県,35201,下関市,,火の山ロープウェイ上駅,,交通機関,,下関市みもすそ川町,,,,yes,,,,,,,,,,yes,,,,,,,,,,,,,,,,,,yamaguchi-barrier-free,山口県バリアフリー施設データベース,https://www.pref.yamaguchi.lg.jp/uploaded/attachment/207634.xls,,120,洋式トイレあり / 男子用トイレ手すりあり,
35,山口県,35201,下関市,,下関港国際ターミナル,,交通機関,,下関市東大和町1-10-50,,,,,yes,,,,,,,,,,,,,,,,,,,,,,,,,,,yamaguchi-barrier-free,山口県バリアフリー施設データベース,https://www.pref.yamaguchi.lg.jp/uploaded/attachment/207634.xls,,121,,
35,山口県,35201,下関市,,下関商工会館,,公民館・会館,,下関市南部町21-19,,,,,yes,,,,,,,,,,,,,,,,,,,,,,,,,,,yamaguchi-barrier-free,山口県バリアフリー施設データベース,https://www.pref.yamaguchi.lg.jp/uploaded/attachment/207634.xls,,122,洋式トイレあり,
35,山口県,35201,下関市,,下関市民センター,,公民館・会館,,下関市東神田町9-1,,,,,yes,,,,,,,,,,,,,,,,,,,,,,,,,,,yamaguchi-barrier-free,山口県バリアフリー施設データベース,https://www.pref.yamaguchi.lg.jp/uploaded/attachment/207634.xls,,123,洋式トイレあり,
35,山口県,35201,下関市,,山口県国際総合センター,,公民館・会館,,下関市豊前田町3-3-1,,,,,yes,,,,,,,,,,,,,,,,,,,,,,,,yes,,,yamaguchi-barrier-free,山口県バリアフリー施設データベース,https://www.pref.yamaguchi.lg.jp/uploaded/attachment/207634.xls,,124,洋式トイレあり / 男子用トイレ手すりあり,
35,山口県,35201,下関市,,下関市立長府公民館,,公民館・会館,,下関市長府土居の内町1-6,,,,,yes,,,,,,,,,,,,,,,,,,,,,,,,,,,yamaguchi-barrier-free,山口県バリアフリー施設データベース,https://www.pref.yamaguchi.lg.jp/uploaded/attachment/207634.xls,,125,洋式トイレあり,
35,山口県,35201,下関市,,下関市民会館,,公民館・会館,,下関市竹崎町4-5-1,,,,,yes,,,,,,,,,,,,,,,,,,,,,,,,,,,yamaguchi-barrier-free,山口県バリアフリー施設データベース,https://www.pref.yamaguchi.lg.jp/uploaded/attachment/207634.xls,,126,洋式トイレあり / 男子用トイレ手すりあり,
35,山口県,35201,下関市,,下関市勤労福祉会館（本館）,,公民館・会館,,下関市幸町8-16,,,,,yes,,,,,,,,,,,,,,,,,,,,,,,,,,,yamaguchi-barrier-free,山口県バリアフリー施設データベース,https://www.pref.yamaguchi.lg.jp/uploaded/attachment/207634.xls,,127,洋式トイレあり,
35,山口県,35201,下関市,,下関商工会館,,公民館・会館,,下関市南部町21-19,,,,,yes,,,,,,,,,,,,,,,,,,,,,,,,,,,yamaguchi-barrier-free,山口県バリアフリー施設データベース,https://www.pref.yamaguchi.lg.jp/uploaded/attachment/207634.xls,,128,洋式トイレあり / 男子用トイレ手すりあり,
35,山口県,35201,下関市,,下関市立豊田図書館,,公民館・会館,,下関市豊田町矢田153-1,,,,,yes,,,,,,,,,,,,,,,,,,,,,,,,,,,yamaguchi-barrier-free,山口県バリアフリー施設データベース,https://www.pref.yamaguchi.lg.jp/uploaded/attachment/207634.xls,,129,,
35,山口県,35201,下関市,,下関市豊田生涯学習センター,,公民館・会館,,下関市豊田町矢田149-1,,,,,yes,,,,,,,,,,,,,,,,,,,,,,,,,,,yamaguchi-barrier-free,山口県バリアフリー施設データベース,https://www.pref.yamaguchi.lg.jp/uploaded/attachment/207634.xls,,130,,
35,山口県,35201,下関市,,豊浦コミュニティ情報プラザ,,公民館・会館,,下関市豊浦町川棚7097-4,,,,yes,yes,,,,,,,,,yes,,,,,,,,,,,,,,,,,,yamaguchi-barrier-free,山口県バリアフリー施設データベース,https://www.pref.yamaguchi.lg.jp/uploaded/attachment/207634.xls,,131,洋式トイレあり / 男子用トイレ手すりあり,
35,山口県,35201,下関市,,下関市豊浦町勤労青少年ホーム,,公民館・会館,,下関市豊浦町黒井2351,,,,,yes,,,,,,,,,,,,,,,,,,,,,,,,,,,yamaguchi-barrier-free,山口県バリアフリー施設データベース,https://www.pref.yamaguchi.lg.jp/uploaded/attachment/207634.xls,,132,,
35,山口県,35201,下関市,,下関市豊北生涯学習センター,,公民館・会館,,下関市豊北町神田1038,,,,,yes,,,,,,,,,,,,,,,,,,,,,,,,,,,yamaguchi-barrier-free,山口県バリアフリー施設データベース,https://www.pref.yamaguchi.lg.jp/uploaded/attachment/207634.xls,,133,洋式トイレあり,
35,山口県,35201,下関市,,豊北町在宅介護支援センター,,公民館・会館,,下関市豊北町滝部3140-1,,,,,yes,,,,,,,,,,,,,,,,,,,,,,,,,,,yamaguchi-barrier-free,山口県バリアフリー施設データベース,https://www.pref.yamaguchi.lg.jp/uploaded/attachment/207634.xls,,134,,
35,山口県,35201,下関市,,下関市立豊北保健センター,,公民館・会館,,下関市豊北町滝部3140-1,,,,yes,yes,,,,,,,yes,,yes,,,,,,,,,,,,,,,yes,,,yamaguchi-barrier-free,山口県バリアフリー施設データベース,https://www.pref.yamaguchi.lg.jp/uploaded/attachment/207634.xls,,135,洋式トイレあり / 男子用トイレ手すりあり,
35,山口県,35201,下関市,,下関市立大学学術センター（図書館）,,公民館・会館,,下関市大学町2-1-1,,,,,yes,,,,,,,,,,,,,,,,,,,,,,,,,,,yamaguchi-barrier-free,山口県バリアフリー施設データベース,https://www.pref.yamaguchi.lg.jp/uploaded/attachment/207634.xls,,136,洋式トイレあり,
35,山口県,35201,下関市,,下関市勤労者総合福祉センター,,公民館・会館,,下関市長府扇町4-10,,,,,yes,,,,,,,,,,,,,,,,,,,,,,,,,,,yamaguchi-barrier-free,山口県バリアフリー施設データベース,https://www.pref.yamaguchi.lg.jp/uploaded/attachment/207634.xls,,137,洋式トイレあり,
35,山口県,35201,下関市,,下関市立彦島図書館,,公民館・会館,,下関市彦島江の浦町1-4-28,,,,,yes,,,,,,,,,,,,,,,,,,,,,,,,,,,yamaguchi-barrier-free,山口県バリアフリー施設データベース,https://www.pref.yamaguchi.lg.jp/uploaded/attachment/207634.xls,,138,洋式トイレあり,
35,山口県,35201,下関市,,彦島ふれあいプラザ,,公民館・会館,,下関市彦島江の浦町1-15-11,,,,,yes,,,,,,,,,,,,,,,,,,,,,,,,,,,yamaguchi-barrier-free,山口県バリアフリー施設データベース,https://www.pref.yamaguchi.lg.jp/uploaded/attachment/207634.xls,,139,洋式トイレあり / 男子用トイレ手すりあり,
35,山口県,35201,下関市,,下関市菊川ふれあい会館,,公民館・会館,,下関市菊川町大字下岡枝117,,,,yes,yes,,,,,,,,,yes,,,,,,,,,,,,,,,,,,yamaguchi-barrier-free,山口県バリアフリー施設データベース,https://www.pref.yamaguchi.lg.jp/uploaded/attachment/207634.xls,,140,洋式トイレあり / 男子用トイレ手すりあり,
35,山口県,35201,下関市,,田耕農林漁家婦人活動促進センター,,公民館・会館,,下関市豊北町大字田耕4332-2,,,,,yes,,,,,,,,,,,,,,,,,,,,,,,,,,,yamaguchi-barrier-free,山口県バリアフリー施設データベース,https://www.pref.yamaguchi.lg.jp/uploaded/attachment/207634.xls,,141,,
35,山口県,35201,下関市,,豊北斎場,,公民館・会館,,下関市豊北町大字滝部字石峠2241-1,,,,,yes,,,,,,,,,,,,,,,,,,,,,,,,,,,yamaguchi-barrier-free,山口県バリアフリー施設データベース,https://www.pref.yamaguchi.lg.jp/uploaded/attachment/207634.xls,,142,,
35,山口県,35201,下関市,,吉見中町公会堂,,公民館・会館,,下関市吉見中町2211-1,,,,,yes,,,,,,,,,,,,,,,,,,,,,,,,,,,yamaguchi-barrier-free,山口県バリアフリー施設データベース,https://www.pref.yamaguchi.lg.jp/uploaded/attachment/207634.xls,,143,洋式トイレあり,
35,山口県,35201,下関市,,下関駅西ワシントンホテルプラザ,,宿泊施設,,下関市大和町1-4-1,,,,,yes,,,,,,,,,,,,,,,,,,,,,,,,,,,yamaguchi-barrier-free,山口県バリアフリー施設データベース,https://www.pref.yamaguchi.lg.jp/uploaded/attachment/207634.xls,,144,洋式トイレあり,
35,山口県,35201,下関市,,下関市営国民宿舎海峡ビューしものせき,,宿泊施設,,下関市みもすそ川町3-58,,,,yes,yes,,,,,,,,,yes,,,,,,,,,,,,,,,,,,yamaguchi-barrier-free,山口県バリアフリー施設データベース,https://www.pref.yamaguchi.lg.jp/uploaded/attachment/207634.xls,,145,洋式トイレあり / 男子用トイレ手すりあり,
35,山口県,35201,下関市,,海浜環境活用総合管理センター　ヴィラむろつ,,宿泊施設,,下関市豊浦町室津下甲山352-3,,,,,yes,,,,,,,,,,,,,,,,,,,,,,,,,,,yamaguchi-barrier-free,山口県バリアフリー施設データベース,https://www.pref.yamaguchi.lg.jp/uploaded/attachment/207634.xls,,146,,
35,山口県,35201,下関市,,下関大丸,,商業・物販施設,,下関市竹崎町4-4-10,,,,,yes,,,,,,,,,,,,,,,,,,,,,,,,,,,yamaguchi-barrier-free,山口県バリアフリー施設データベース,https://www.pref.yamaguchi.lg.jp/uploaded/attachment/207634.xls,,147,洋式トイレあり,
35,山口県,35201,下関市,,シーモール下関,,商業・物販施設,,下関市竹崎町4-4-8,,,,,yes,,,,,,,,,,,,,,,,,,,,,,,,,,,yamaguchi-barrier-free,山口県バリアフリー施設データベース,https://www.pref.yamaguchi.lg.jp/uploaded/attachment/207634.xls,,148,洋式トイレあり,
35,山口県,35201,下関市,,道の駅きくがわ,,商業・物販施設,,下関市菊川町大字上岡枝766-1,,,,,yes,,,,,,,,,,,,,,,,,,,,,,,,,,,yamaguchi-barrier-free,山口県バリアフリー施設データベース,https://www.pref.yamaguchi.lg.jp/uploaded/attachment/207634.xls,,149,,
35,山口県,35201,下関市,,とよたショッピングセンター ラピール,,商業・物販施設,,下関市豊田町中村５,,,,yes,yes,,,,,,,,,yes,,,,,,,,,,,,,,,yes,,,yamaguchi-barrier-free,山口県バリアフリー施設データベース,https://www.pref.yamaguchi.lg.jp/uploaded/attachment/207634.xls,,150,洋式トイレあり / 男子用トイレ手すりあり,
35,山口県,35201,下関市,,川棚サンパル,,商業・物販施設,,下関市豊浦町川棚6827,,,,yes,yes,,,,,,,,,yes,,,,,,,,,,,,,,,yes,,,yamaguchi-barrier-free,山口県バリアフリー施設データベース,https://www.pref.yamaguchi.lg.jp/uploaded/attachment/207634.xls,,151,洋式トイレあり,
35,山口県,35201,下関市,,下関市地方卸売市場唐戸市場,,商業・物販施設,,下関市唐戸町5-50,,,,yes,yes,,,,,,,,,yes,,,,,,,,,,,,,,,,,,yamaguchi-barrier-free,山口県バリアフリー施設データベース,https://www.pref.yamaguchi.lg.jp/uploaded/attachment/207634.xls,,152,洋式トイレあり / 男子用トイレ手すりあり,
35,山口県,35201,下関市,,サンキュードラッグ安岡店,,商業・物販施設,,下関市富住町1-4-5,,,,yes,yes,,,,,,,,,yes,,,,,,,,,,,,,,,,,,yamaguchi-barrier-free,山口県バリアフリー施設データベース,https://www.pref.yamaguchi.lg.jp/uploaded/attachment/207634.xls,,153,洋式トイレあり,
35,山口県,35201,下関市,,アルク安岡店,,商業・物販施設,,下関市富任町1-4-6,,,,yes,yes,,,,,,,,,yes,,,,,,,,,,,,,,,,,,yamaguchi-barrier-free,山口県バリアフリー施設データベース,https://www.pref.yamaguchi.lg.jp/uploaded/attachment/207634.xls,,154,洋式トイレあり,
35,山口県,35201,下関市,,スーパードラッグコスモス豊浦店,,商業・物販施設,,下関市豊浦町川棚6332,,,,yes,yes,,,,,,,,,yes,,,,,,,,,,,,,,,,,,yamaguchi-barrier-free,山口県バリアフリー施設データベース,https://www.pref.yamaguchi.lg.jp/uploaded/attachment/207634.xls,,155,洋式トイレあり / 男子用トイレ手すりあり,
35,山口県,35201,下関市,,ファッションセンターしまむら安岡店,,商業・物販施設,,下関市富任町1-4-4,,,,yes,,,,,,,,,,yes,,,,,,,,,,,,,,,,,,yamaguchi-barrier-free,山口県バリアフリー施設データベース,https://www.pref.yamaguchi.lg.jp/uploaded/attachment/207634.xls,,156,洋式トイレあり,
35,山口県,35201,下関市,,サンキュードラッグ彦島中央薬局,,商業・物販施設,,下関市彦島本村町7-3-9,,,,yes,yes,,,,,,,,,yes,,,,,,,,,,,,,,,,,,yamaguchi-barrier-free,山口県バリアフリー施設データベース,https://www.pref.yamaguchi.lg.jp/uploaded/attachment/207634.xls,,157,洋式トイレあり,
35,山口県,35201,下関市,,マックスバリュ稗田店,,商業・物販施設,,下関市稗田北町2-1,,,,,yes,,,,,,,,,,,,,,,,,,,,,,,,,,,yamaguchi-barrier-free,山口県バリアフリー施設データベース,https://www.pref.yamaguchi.lg.jp/uploaded/attachment/207634.xls,,158,洋式トイレあり,
35,山口県,35201,下関市,,下関市地方卸売市場唐戸市場,,商業・物販施設,,下関市唐戸町5-50,,,,yes,,,,,,,,,,yes,,,,,,,,,,,,,,,,,,yamaguchi-barrier-free,山口県バリアフリー施設データベース,https://www.pref.yamaguchi.lg.jp/uploaded/attachment/207634.xls,,159,洋式トイレあり / 男子用トイレ手すりあり,
35,山口県,35201,下関市,,しおかぜの里角島,,商業・物販施設,,下関市豊北町大字角島853-4,,,,yes,,,,,,,,,,yes,,,,,,,,,,,,,,,,,,yamaguchi-barrier-free,山口県バリアフリー施設データベース,https://www.pref.yamaguchi.lg.jp/uploaded/attachment/207634.xls,,160,洋式トイレあり / 男子用トイレ手すりあり,
35,山口県,35201,下関市,,道の駅　蛍街道西ノ市,,商業・物販施設,,下関市豊田町中村876-4,,,,yes,,,,,,,,yes,,yes,,,,,,,,,,,,,,,,,,yamaguchi-barrier-free,山口県バリアフリー施設データベース,https://www.pref.yamaguchi.lg.jp/uploaded/attachment/207634.xls,,161,洋式トイレあり / 男子用トイレ手すりあり,
35,山口県,35201,下関市,,ヴェルタワー下関,,商業・物販施設,,下関市竹崎町4-4-2,,,,yes,yes,,,,,,,,,yes,,,,,,,,,,,,,,,yes,,,yamaguchi-barrier-free,山口県バリアフリー施設データベース,https://www.pref.yamaguchi.lg.jp/uploaded/attachment/207634.xls,,162,洋式トイレあり / 男子用トイレ手すりあり,
35,山口県,35201,下関市,,ボートレース下関 外向発売所「ふく〜る下関」,,スポーツ・遊技施設,,下関市長府松小田東町1-1,,,,,yes,,,,,,,,,,,,,,,,,,,,,,,,,,,yamaguchi-barrier-free,山口県バリアフリー施設データベース,https://www.pref.yamaguchi.lg.jp/uploaded/attachment/207634.xls,,163,洋式トイレあり,
35,山口県,35201,下関市,,下関市営下関庭球場,,スポーツ・遊技施設,,下関市向洋町1-9-1,,,,,yes,,,,,,,,,,,,,,,,,,,,,,,,,,,yamaguchi-barrier-free,山口県バリアフリー施設データベース,https://www.pref.yamaguchi.lg.jp/uploaded/attachment/207634.xls,,164,洋式トイレあり,
35,山口県,35201,下関市,,J：COMアリーナ下関（下関市総合体育館）,,スポーツ・遊技施設,,下関市向洋町1-11-1,,,,yes,yes,,,,,,,yes,,yes,,,,,,,,,,,,,,,yes,,,yamaguchi-barrier-free,山口県バリアフリー施設データベース,https://www.pref.yamaguchi.lg.jp/uploaded/attachment/207634.xls,,165,洋式トイレあり / 男子用トイレ手すりあり,
35,山口県,35201,下関市,,下関市長府体育館,,スポーツ・遊技施設,,下関市長府江下町3-15,,,,,yes,,,,,,,,,,,,,,,,,,,,,,,,,,,yamaguchi-barrier-free,山口県バリアフリー施設データベース,https://www.pref.yamaguchi.lg.jp/uploaded/attachment/207634.xls,,166,洋式トイレあり,
35,山口県,35201,下関市,,下関市営下関陸上競技場,,スポーツ・遊技施設,,下関市向洋町1-10-1,,,,,yes,,,,,,,,,,,,,,,,,,,,,,,,,,,yamaguchi-barrier-free,山口県バリアフリー施設データベース,https://www.pref.yamaguchi.lg.jp/uploaded/attachment/207634.xls,,167,洋式トイレあり,
35,山口県,35201,下関市,,下関市勤労福祉会館（体育館）,,スポーツ・遊技施設,,下関市幸町8-15,,,,,yes,,,,,,,,,,,,,,,,,,,,,,,,,,,yamaguchi-barrier-free,山口県バリアフリー施設データベース,https://www.pref.yamaguchi.lg.jp/uploaded/attachment/207634.xls,,168,,
35,山口県,35201,下関市,,下関市豊浦体育センター,,スポーツ・遊技施設,,下関市豊浦町小串207-1,,,,,yes,,,,,,,,,,,,,,,,,,,,,,,,,,,yamaguchi-barrier-free,山口県バリアフリー施設データベース,https://www.pref.yamaguchi.lg.jp/uploaded/attachment/207634.xls,,169,洋式トイレあり,
35,山口県,35201,下関市,,下関市豊北体育センター,,スポーツ・遊技施設,,下関市豊北町滝部3158-1,,,,,yes,,,,,,,,,,,,,,,,,,,,,,,,,,,yamaguchi-barrier-free,山口県バリアフリー施設データベース,https://www.pref.yamaguchi.lg.jp/uploaded/attachment/207634.xls,,170,,
35,山口県,35201,下関市,,総合運動公園（管理棟）,,スポーツ・遊技施設,,下関市豊北町滝部2914,,,,,yes,,,,,,,,,,,,,,,,,,,,,,,,,,,yamaguchi-barrier-free,山口県バリアフリー施設データベース,https://www.pref.yamaguchi.lg.jp/uploaded/attachment/207634.xls,,171,洋式トイレあり,
35,山口県,35201,下関市,,総合運動公園（球場）,,スポーツ・遊技施設,,下関市豊北町滝部2914,,,,,yes,,,,,,,,,,,,,,,,,,,,,,,,,,,yamaguchi-barrier-free,山口県バリアフリー施設データベース,https://www.pref.yamaguchi.lg.jp/uploaded/attachment/207634.xls,,172,,
35,山口県,35201,下関市,,下関市ふれあい健康ランド,,スポーツ・遊技施設,,下関市大字井田、大字小野,,,,yes,yes,,,,,,,yes,,,,,,,,,,,,,,,,,,,,yamaguchi-barrier-free,山口県バリアフリー施設データベース,https://www.pref.yamaguchi.lg.jp/uploaded/attachment/207634.xls,,173,洋式トイレあり / 男子用トイレ手すりあり,
35,山口県,35201,下関市,,下関フィッシングパーク,,スポーツ・遊技施設,,下関市吉見古宿町10-1,,,,,yes,,,,,,,,,,,,,,,,,,,,,,,,,,,yamaguchi-barrier-free,山口県バリアフリー施設データベース,https://www.pref.yamaguchi.lg.jp/uploaded/attachment/207634.xls,,174,,
35,山口県,35201,下関市,,下関市彦島体育館,,スポーツ・遊技施設,,下関市彦島迫町4-16-1,,,,,yes,,,,,,,,,,,,,,,,,,,,,,,,,,,yamaguchi-barrier-free,山口県バリアフリー施設データベース,https://www.pref.yamaguchi.lg.jp/uploaded/attachment/207634.xls,,175,洋式トイレあり,
35,山口県,35201,下関市,,長府扇町第1運動場,,スポーツ・遊技施設,,下関市長府扇町,,,,,yes,,,,,,,,,,,,,,,,,,,,,,,,,,,yamaguchi-barrier-free,山口県バリアフリー施設データベース,https://www.pref.yamaguchi.lg.jp/uploaded/attachment/207634.xls,,176,男子用トイレ手すりあり,
35,山口県,35201,下関市,,森の家下関,,スポーツ・遊技施設,,下関市大字蒲生野字深坂,,,,,yes,,,,,,,,,,,,,,,,,,,,,,,,,,,yamaguchi-barrier-free,山口県バリアフリー施設データベース,https://www.pref.yamaguchi.lg.jp/uploaded/attachment/207634.xls,,177,洋式トイレあり / 男子用トイレ手すりあり,
35,山口県,35201,下関市,,下関市吉見体育館,,スポーツ・遊技施設,,下関市吉見里町1-9-1,,,,,yes,,,,,,,,,,,,,,,,,,,,,,,,,,,yamaguchi-barrier-free,山口県バリアフリー施設データベース,https://www.pref.yamaguchi.lg.jp/uploaded/attachment/207634.xls,,178,,
35,山口県,35201,下関市,,下関球場,,スポーツ・遊技施設,,下関市大字富任字小迫,,,,,yes,,,,,,,,,,,,,,,,,,,,,,,,,,,yamaguchi-barrier-free,山口県バリアフリー施設データベース,https://www.pref.yamaguchi.lg.jp/uploaded/attachment/207634.xls,,179,洋式トイレあり,
35,山口県,35201,下関市,,チャレンジパーク,,スポーツ・遊技施設,,下関市菊川町大字田部,,,,,yes,,,,,,,,,,,,,,,,,,,,,,,,,,,yamaguchi-barrier-free,山口県バリアフリー施設データベース,https://www.pref.yamaguchi.lg.jp/uploaded/attachment/207634.xls,,180,,
35,山口県,35201,下関市,,夢が丘スポーツセンター,,スポーツ・遊技施設,,下関市豊浦町大字小串140,,,,yes,,,,,,,,yes,,yes,,,,,,,,,,,,,,,,,,yamaguchi-barrier-free,山口県バリアフリー施設データベース,https://www.pref.yamaguchi.lg.jp/uploaded/attachment/207634.xls,,181,洋式トイレあり,
35,山口県,35201,下関市,,下関市豊北体育センター,,スポーツ・遊技施設,,下関市豊北町大字滝部3150-1,,,,,yes,,,,,,,,,,,,,,,,,,,,,,,,,,,yamaguchi-barrier-free,山口県バリアフリー施設データベース,https://www.pref.yamaguchi.lg.jp/uploaded/attachment/207634.xls,,182,,
35,山口県,35201,下関市,,西山海岸（ビーチハウス棟）,,スポーツ・遊技施設,,下関市彦島迫町6-6219-18,,,,yes,,,,,,,,yes,,yes,,,,,,,,,,,,,,,,,,yamaguchi-barrier-free,山口県バリアフリー施設データベース,https://www.pref.yamaguchi.lg.jp/uploaded/attachment/207634.xls,,183,男子用トイレ手すりあり,
35,山口県,35201,下関市,,つのしま自然館,,スポーツ・遊技施設,,下関市豊北町角島893-1,,,,yes,,,,,,,,,,yes,,,,,,,,,,,,,,,,,,yamaguchi-barrier-free,山口県バリアフリー施設データベース,https://www.pref.yamaguchi.lg.jp/uploaded/attachment/207634.xls,,184,洋式トイレあり / 男子用トイレ手すりあり,
35,山口県,35201,下関市,,下関市立美術館駐車場トイレ,,トイレ,,下関市長府黒門東町1-1,,,,,yes,,,,,,,,,,,,,,,,,,,,,,,,,,,yamaguchi-barrier-free,山口県バリアフリー施設データベース,https://www.pref.yamaguchi.lg.jp/uploaded/attachment/207634.xls,,185,,
35,山口県,35201,下関市,,功山寺公衆便所（下）,,トイレ,,下関市長府川端1-2-5,,,,,yes,,,,,,,,,,,,,,,,,,,,,,,,,,,yamaguchi-barrier-free,山口県バリアフリー施設データベース,https://www.pref.yamaguchi.lg.jp/uploaded/attachment/207634.xls,,186,,
35,山口県,35201,下関市,,障害者用トイレ（新竹崎公衆便所）,,トイレ,,下関市竹崎町3-3,,,,,yes,,,,,,,,,,,,,,,,,,,,,,,,,,,yamaguchi-barrier-free,山口県バリアフリー施設データベース,https://www.pref.yamaguchi.lg.jp/uploaded/attachment/207634.xls,,187,,
35,山口県,35201,下関市,,幸町公衆便所,,トイレ,,下関市幸町21,,,,,yes,,,,,,,,,,,,,,,,,,,,,,,,,,,yamaguchi-barrier-free,山口県バリアフリー施設データベース,https://www.pref.yamaguchi.lg.jp/uploaded/attachment/207634.xls,,188,,
35,山口県,35201,下関市,,障害者用トイレ（大坪公衆便所）,,トイレ,,下関市向山町1,,,,,yes,,,,,,,,,,,,,,,,,,,,,,,,,,,yamaguchi-barrier-free,山口県バリアフリー施設データベース,https://www.pref.yamaguchi.lg.jp/uploaded/attachment/207634.xls,,189,,
35,山口県,35201,下関市,,竹崎公衆便所,,トイレ,,下関市竹崎町1-17,,,,,yes,,,,,,,,,,,,,,,,,,,,,,,,,,,yamaguchi-barrier-free,山口県バリアフリー施設データベース,https://www.pref.yamaguchi.lg.jp/uploaded/attachment/207634.xls,,190,,
35,山口県,35201,下関市,,下関市立美術館駐車場出入口トイレ,,トイレ,,下関市長府黒門東町1-1,,,,,yes,,,,,,,,,,,,,,,,,,,,,,,,,,,yamaguchi-barrier-free,山口県バリアフリー施設データベース,https://www.pref.yamaguchi.lg.jp/uploaded/attachment/207634.xls,,191,,
35,山口県,35201,下関市,,関西町公衆便所,,トイレ,,下関市関西町2,,,,,yes,,,,,,,,,,,,,,,,,,,,,,,,,,,yamaguchi-barrier-free,山口県バリアフリー施設データベース,https://www.pref.yamaguchi.lg.jp/uploaded/attachment/207634.xls,,192,,
35,山口県,35201,下関市,,ほほえみの小径トイレ,,トイレ,,下関市菊川町下岡枝,,,,,yes,,,,,,,,,,,,,,,,,,,,,,,,,,,yamaguchi-barrier-free,山口県バリアフリー施設データベース,https://www.pref.yamaguchi.lg.jp/uploaded/attachment/207634.xls,,193,,
35,山口県,35201,下関市,,遊〜遊〜広場トイレ,,トイレ,,下関市菊川町日新,,,,,yes,,,,,,,,,,,,,,,,,,,,,,,,,,,yamaguchi-barrier-free,山口県バリアフリー施設データベース,https://www.pref.yamaguchi.lg.jp/uploaded/attachment/207634.xls,,194,,
35,山口県,35201,下関市,,農協横トイレ,,トイレ,,下関市豊田町矢田,,,,,yes,,,,,,,,,,,,,,,,,,,,,,,,,,,yamaguchi-barrier-free,山口県バリアフリー施設データベース,https://www.pref.yamaguchi.lg.jp/uploaded/attachment/207634.xls,,195,,
35,山口県,35201,下関市,,狗留孫山修禅寺トイレ,,トイレ,,下関市豊田町大字杢路寺549-1,,,,,yes,,,,,,,,,,,,,,,,,,,,,,,,,,,yamaguchi-barrier-free,山口県バリアフリー施設データベース,https://www.pref.yamaguchi.lg.jp/uploaded/attachment/207634.xls,,196,洋式トイレあり / 男子用トイレ手すりあり,
35,山口県,35201,下関市,,豊北総合支所前バス停トイレ,,トイレ,,下関市豊北町滝部849,,,,,yes,,,,,,,,,,,,,,,,,,,,,,,,,,,yamaguchi-barrier-free,山口県バリアフリー施設データベース,https://www.pref.yamaguchi.lg.jp/uploaded/attachment/207634.xls,,197,,
35,山口県,35201,下関市,,ナイスビューパーク公衆便所,,トイレ,,下関市彦島迫町6,,,,yes,,,,,,,,,,yes,,,,,,,,,,,,,,,,,,yamaguchi-barrier-free,山口県バリアフリー施設データベース,https://www.pref.yamaguchi.lg.jp/uploaded/attachment/207634.xls,,198,,
35,山口県,35201,下関市,,彦島地区公園多目的広場（公衆トイレ）,,トイレ,,下関市彦島迫町4,,,,,yes,,,,,,,,,,,,,,,,,,,,,,,,,,,yamaguchi-barrier-free,山口県バリアフリー施設データベース,https://www.pref.yamaguchi.lg.jp/uploaded/attachment/207634.xls,,199,,
35,山口県,35201,下関市,,彦島広場公衆便所,,トイレ,,下関市江の浦町1-4,,,,,yes,,,,,,,,,,,,,,,,,,,,,,,,,,,yamaguchi-barrier-free,山口県バリアフリー施設データベース,https://www.pref.yamaguchi.lg.jp/uploaded/attachment/207634.xls,,200,,
35,山口県,35201,下関市,,東駅ポケットパーク公衆便所,,トイレ,,下関市羽山町2,,,,yes,,,,,,,,,,yes,,,,,,,,,,,,,,,,,,yamaguchi-barrier-free,山口県バリアフリー施設データベース,https://www.pref.yamaguchi.lg.jp/uploaded/attachment/207634.xls,,201,男子用トイレ手すりあり,
35,山口県,35201,下関市,,赤間公衆便所,,トイレ,,下関市阿弥陀寺町4,,,,yes,,,,,,,,,,yes,,,,,,,,,,,,,,,,,,yamaguchi-barrier-free,山口県バリアフリー施設データベース,https://www.pref.yamaguchi.lg.jp/uploaded/attachment/207634.xls,,202,男子用トイレ手すりあり,
35,山口県,35201,下関市,,細江町公衆便所,,トイレ,,下関市細江町1-9,,,,,yes,,,,,,,,,,,,,,,,,,,,,,,,,,,yamaguchi-barrier-free,山口県バリアフリー施設データベース,https://www.pref.yamaguchi.lg.jp/uploaded/attachment/207634.xls,,203,男子用トイレ手すりあり,
35,山口県,35201,下関市,,宮の内町公衆便所,,トイレ,,下関市長府宮の内町1,,,,,yes,,,,,,,,,,,,,,,,,,,,,,,,,,,yamaguchi-barrier-free,山口県バリアフリー施設データベース,https://www.pref.yamaguchi.lg.jp/uploaded/attachment/207634.xls,,204,洋式トイレあり,
35,山口県,35201,下関市,,吉母漁港公園便所,,トイレ,,下関市大字吉母字黒嶋1491,,,,,yes,,,,,,,,,,,,,,,,,,,,,,,,,,,yamaguchi-barrier-free,山口県バリアフリー施設データベース,https://www.pref.yamaguchi.lg.jp/uploaded/attachment/207634.xls,,205,,
35,山口県,35201,下関市,,吉田町公衆便所,,トイレ,,下関市大字吉田,,,,,yes,,,,,,,,,,,,,,,,,,,,,,,,,,,yamaguchi-barrier-free,山口県バリアフリー施設データベース,https://www.pref.yamaguchi.lg.jp/uploaded/attachment/207634.xls,,206,洋式トイレあり,
35,山口県,35201,下関市,,忌宮公衆便所,,トイレ,,下関市長府宮の内町1,,,,,yes,,,,,,,,,,,,,,,,,,,,,,,,,,,yamaguchi-barrier-free,山口県バリアフリー施設データベース,https://www.pref.yamaguchi.lg.jp/uploaded/attachment/207634.xls,,207,,
35,山口県,35201,下関市,,巌流島公衆便所,,トイレ,,下関市大字彦島字船島648,,,,yes,yes,,,,,,,,,yes,,,,,,,,,,,,,,,,,,yamaguchi-barrier-free,山口県バリアフリー施設データベース,https://www.pref.yamaguchi.lg.jp/uploaded/attachment/207634.xls,,208,男子用トイレ手すりあり,
35,山口県,35201,下関市,,蓋井島漁港公園便所,,トイレ,,下関市大字蓋井島字筏石355-1,,,,,yes,,,,,,,,,,,,,,,,,,,,,,,,,,,yamaguchi-barrier-free,山口県バリアフリー施設データベース,https://www.pref.yamaguchi.lg.jp/uploaded/attachment/207634.xls,,209,,
35,山口県,35201,下関市,,豊田湖畔公園（駐車場トイレ）,,トイレ,,下関市豊田町大字地吉348,,,,yes,,,,,,,,,,yes,,,,,,,,,,,,,,,,,,yamaguchi-barrier-free,山口県バリアフリー施設データベース,https://www.pref.yamaguchi.lg.jp/uploaded/attachment/207634.xls,,210,,
35,山口県,35201,下関市,,土井ヶ浜園地（海水浴場トイレ）,,トイレ,,下関市豊北町大字神田上地内,,,,yes,,,,,,,,,,yes,,,,,,,,,,,,,,,,,,yamaguchi-barrier-free,山口県バリアフリー施設データベース,https://www.pref.yamaguchi.lg.jp/uploaded/attachment/207634.xls,,211,洋式トイレあり,
35,山口県,35201,下関市,,土井ヶ浜園地（キャンプ場トイレ）,,トイレ,,下関市豊北町大字神田上地内,,,,yes,,,,,,,,,,yes,,,,,,,,,,,,,,,,,,yamaguchi-barrier-free,山口県バリアフリー施設データベース,https://www.pref.yamaguchi.lg.jp/uploaded/attachment/207634.xls,,212,洋式トイレあり,
35,山口県,35201,下関市,,附野園地,,トイレ,,下関市豊北町大字神田地内,,,,yes,,,,,,,,,,yes,,,,,,,,,,,,,,,,,,yamaguchi-barrier-free,山口県バリアフリー施設データベース,https://www.pref.yamaguchi.lg.jp/uploaded/attachment/207634.xls,,213,洋式トイレあり / 男子用トイレ手すりあり,
35,山口県,35201,下関市,,牧崎風の公園（公衆トイレ）,,トイレ,,下関市豊北町大字角島地内,,,,yes,,,,,,,,,,yes,,,,,,,,,,,,,,,,,,yamaguchi-barrier-free,山口県バリアフリー施設データベース,https://www.pref.yamaguchi.lg.jp/uploaded/attachment/207634.xls,,214,洋式トイレあり,
35,山口県,35201,下関市,,クスの森（公衆トイレ）,,トイレ,,下関市豊浦町大字川棚地内,,,,yes,,,,,,,,,,yes,,,,,,,,,,,,,,,,,,yamaguchi-barrier-free,山口県バリアフリー施設データベース,https://www.pref.yamaguchi.lg.jp/uploaded/attachment/207634.xls,,215,,
35,山口県,35202,宇部市,,宇部記念病院,,医療・福祉,,宇部市上町1-4-11,,,,,yes,,,,,,,,,,,,,,,,,,,,,,,,,,,yamaguchi-barrier-free,山口県バリアフリー施設データベース,https://www.pref.yamaguchi.lg.jp/uploaded/attachment/207634.xls,,216,洋式トイレあり,
35,山口県,35202,宇部市,,宇部市保健センター,,医療・福祉,,宇部市琴芝町2-1-10,,,,,yes,,,,,,,,,,,,,,,,,,,,,,,,yes,,,yamaguchi-barrier-free,山口県バリアフリー施設データベース,https://www.pref.yamaguchi.lg.jp/uploaded/attachment/207634.xls,,217,洋式トイレあり,
35,山口県,35202,宇部市,,宇部市多世代ふれあいセンター,,医療・福祉,,宇部市琴芝町2-4-25,,,,yes,yes,,,,,,,yes,,yes,,,,,,,,,,,,,,,yes,,,yamaguchi-barrier-free,山口県バリアフリー施設データベース,https://www.pref.yamaguchi.lg.jp/uploaded/attachment/207634.xls,,218,洋式トイレあり / 男子用トイレ手すりあり,
35,山口県,35202,宇部市,,宇部市休日・夜間救急診療所,,医療・福祉,,宇部市琴芝町2-1-10,,,,,yes,,,,,,,,,,,,,,,,,,,,,,,,yes,,,yamaguchi-barrier-free,山口県バリアフリー施設データベース,https://www.pref.yamaguchi.lg.jp/uploaded/attachment/207634.xls,,219,洋式トイレあり / 男子用トイレ手すりあり,
35,山口県,35202,宇部市,,宇部市男女共同参画センター・フォーユー,,医療・福祉,,宇部市琴芝町1-2-5,,,,yes,yes,,,,,,,yes,,yes,,,,,,,,,,,,,,,,,,yamaguchi-barrier-free,山口県バリアフリー施設データベース,https://www.pref.yamaguchi.lg.jp/uploaded/attachment/207634.xls,,220,洋式トイレあり,
35,山口県,35202,宇部市,,山口大学医学部付属病院,,医療・福祉,,宇部市小串1144,,,,,yes,,,,,,,,,,,,,,,,,,,,,,,,,,,yamaguchi-barrier-free,山口県バリアフリー施設データベース,https://www.pref.yamaguchi.lg.jp/uploaded/attachment/207634.xls,,221,洋式トイレあり,
35,山口県,35202,宇部市,,医療法人太白会　ひがしきわ整形外科クリニック,,医療・福祉,,宇部市大字東岐波字大津出5610-7,,,,,yes,,,,,,,,,,,,,,,,,,,,,,,,,,,yamaguchi-barrier-free,山口県バリアフリー施設データベース,https://www.pref.yamaguchi.lg.jp/uploaded/attachment/207634.xls,,222,洋式トイレあり,
35,山口県,35202,宇部市,,協立在宅介護総合センター,,医療・福祉,,宇部市末広町1-13,,,,,yes,,,,,,,,,,,,,,,,,,,,,,,,,,,yamaguchi-barrier-free,山口県バリアフリー施設データベース,https://www.pref.yamaguchi.lg.jp/uploaded/attachment/207634.xls,,223,洋式トイレあり / 男子用トイレ手すりあり,
35,山口県,35202,宇部市,,しながわクリニック,,医療・福祉,,宇部市東琴芝1-5-14,,,,yes,yes,,,,,,,,,yes,,,,,,,,,,,,,,,,,,yamaguchi-barrier-free,山口県バリアフリー施設データベース,https://www.pref.yamaguchi.lg.jp/uploaded/attachment/207634.xls,,224,洋式トイレあり,
35,山口県,35202,宇部市,,すがメンタルクリニック,,医療・福祉,,宇部市大字中野開作433-3,,,,,,,,,,,,,,,,,,,,,,,,,,,,,,,,yamaguchi-barrier-free,山口県バリアフリー施設データベース,https://www.pref.yamaguchi.lg.jp/uploaded/attachment/207634.xls,,225,洋式トイレあり,
35,山口県,35202,宇部市,,医療法人社団　山根歯科医院,,医療・福祉,,宇部市常盤町2-5-25,,,,,yes,,,,,,,,,,,,,,,,,,,,,,,,,,,yamaguchi-barrier-free,山口県バリアフリー施設データベース,https://www.pref.yamaguchi.lg.jp/uploaded/attachment/207634.xls,,226,洋式トイレあり / 男子用トイレ手すりあり,
35,山口県,35202,宇部市,,やまもとクリニック,,医療・福祉,,宇部市大字妻崎開作316-26,,,,,yes,,,,,,,,,,,,,,,,,,,,,,,,,,,yamaguchi-barrier-free,山口県バリアフリー施設データベース,https://www.pref.yamaguchi.lg.jp/uploaded/attachment/207634.xls,,227,洋式トイレあり,
35,山口県,35202,宇部市,,山口地方裁判所宇部支部・宇部簡易裁判所,,官公庁,,宇部市琴芝町2-2-35,,,,,yes,,,,,,,,,,,,,,,,,,,,,,,,,,,yamaguchi-barrier-free,山口県バリアフリー施設データベース,https://www.pref.yamaguchi.lg.jp/uploaded/attachment/207634.xls,,228,,
35,山口県,35202,宇部市,,山口県宇部総合庁舎,,官公庁,,宇部市琴芝町1-1-50,,,,yes,yes,,,,,,,yes,,,,,,,,,,,,,,,,,,,,yamaguchi-barrier-free,山口県バリアフリー施設データベース,https://www.pref.yamaguchi.lg.jp/uploaded/attachment/207634.xls,,229,,
35,山口県,35202,宇部市,,山口地方検察庁宇部支部・宇部区検察庁,,官公庁,,宇部市琴芝町2-2-40,,,,,yes,,,,,,,,,,,,,,,,,,,,,,,,,,,yamaguchi-barrier-free,山口県バリアフリー施設データベース,https://www.pref.yamaguchi.lg.jp/uploaded/attachment/207634.xls,,230,,
35,山口県,35202,宇部市,,宇部市役所,,官公庁,,宇部市常盤町1-7-1,,,,yes,yes,,,,,,,yes,,yes,,,,,,,,,,,,,,,yes,,,yamaguchi-barrier-free,山口県バリアフリー施設データベース,https://www.pref.yamaguchi.lg.jp/uploaded/attachment/207634.xls,,231,洋式トイレあり / 男子用トイレ手すりあり,
35,山口県,35202,宇部市,,山口県宇部健康福祉センター,,官公庁,,宇部市琴芝町1-1-50,,,,,yes,,,,,,,,,,,,,,,,,,,,,,,,,,,yamaguchi-barrier-free,山口県バリアフリー施設データベース,https://www.pref.yamaguchi.lg.jp/uploaded/attachment/207634.xls,,232,,
35,山口県,35202,宇部市,,宇部年金事務所,,官公庁,,宇部市港町1-3-7,,,,,yes,,,,,,,,,,,,,,,,,,,,,,,,,,,yamaguchi-barrier-free,山口県バリアフリー施設データベース,https://www.pref.yamaguchi.lg.jp/uploaded/attachment/207634.xls,,233,,
35,山口県,35202,宇部市,,宇部地方合同庁舎,,官公庁,,宇部市新町10-33,,,,,yes,,,,,,,,,,,,,,,,,,,,,,,,,,,yamaguchi-barrier-free,山口県バリアフリー施設データベース,https://www.pref.yamaguchi.lg.jp/uploaded/attachment/207634.xls,,234,洋式トイレあり / 男子用トイレ手すりあり,
35,山口県,35202,宇部市,,宇部税務署,,官公庁,,宇部市常盤町1-8,,,,,yes,,,,,,,,,,,,,,,,,,,,,,,,,,,yamaguchi-barrier-free,山口県バリアフリー施設データベース,https://www.pref.yamaguchi.lg.jp/uploaded/attachment/207634.xls,,235,,
35,山口県,35202,宇部市,,宇部市立図書館,,官公庁,,宇部市琴芝1-1-33,,,,yes,yes,,,,,,,yes,,yes,,,,,,,,,,,,,,,yes,,,yamaguchi-barrier-free,山口県バリアフリー施設データベース,https://www.pref.yamaguchi.lg.jp/uploaded/attachment/207634.xls,,236,洋式トイレあり / 男子用トイレ手すりあり,
35,山口県,35202,宇部市,,船木簡易裁判所,,官公庁,,宇部市船木183,,,,,yes,,,,,,,,,,,,,,,,,,,,,,,,,,,yamaguchi-barrier-free,山口県バリアフリー施設データベース,https://www.pref.yamaguchi.lg.jp/uploaded/attachment/207634.xls,,238,,
35,山口県,35202,宇部市,,宇部市リサイクルプラザ,,官公庁,,宇部市大字沖宇部字沖の山5272-5,,,,,yes,,,,,,,,,,,,,,,,,,,,,,,,,,,yamaguchi-barrier-free,山口県バリアフリー施設データベース,https://www.pref.yamaguchi.lg.jp/uploaded/attachment/207634.xls,,239,洋式トイレあり / 男子用トイレ手すりあり,
35,山口県,35202,宇部市,,宇部警察署,,官公庁,,宇部市常藤町3-1,,,,yes,,,,,,,,,,yes,,,,,,,,,,,,,,,,,,yamaguchi-barrier-free,山口県バリアフリー施設データベース,https://www.pref.yamaguchi.lg.jp/uploaded/attachment/207634.xls,,240,男子用トイレ手すりあり,
35,山口県,35202,宇部市,,生活安全ふれあい館,,官公庁,,宇部市常藤町3-1,,,,yes,yes,,,,,,,,,yes,,,,,,,,,,,,,,,yes,,,yamaguchi-barrier-free,山口県バリアフリー施設データベース,https://www.pref.yamaguchi.lg.jp/uploaded/attachment/207634.xls,,241,洋式トイレあり / 男子用トイレ手すりあり,
35,山口県,35202,宇部市,,宇部郵便局,,銀行・郵便局,,宇部市2-1-23,,,,,yes,,,,,,,,,,,,,,,,,,,,,,,,,,,yamaguchi-barrier-free,山口県バリアフリー施設データベース,https://www.pref.yamaguchi.lg.jp/uploaded/attachment/207634.xls,,242,,
35,山口県,35202,宇部市,,妻崎郵便局,,銀行・郵便局,,宇部市大字東須恵2977-5,,,,,,,,,,,,,,,,,,,,,,,,,,,,,,,,yamaguchi-barrier-free,山口県バリアフリー施設データベース,https://www.pref.yamaguchi.lg.jp/uploaded/attachment/207634.xls,,243,洋式トイレあり,
35,山口県,35202,宇部市,,宇部居能郵便局,,銀行・郵便局,,宇部市居能町3-13-43,,,,,,,,,,,,,,,,,,,,,,,,,,,,,,,,yamaguchi-barrier-free,山口県バリアフリー施設データベース,https://www.pref.yamaguchi.lg.jp/uploaded/attachment/207634.xls,,244,洋式トイレあり,
35,山口県,35202,宇部市,,小野郵便局,,銀行・郵便局,,宇部市大字小野3910-8,,,,,yes,,,,,,,,,,,,,,,,,,,,,,,,,,,yamaguchi-barrier-free,山口県バリアフリー施設データベース,https://www.pref.yamaguchi.lg.jp/uploaded/attachment/207634.xls,,245,洋式トイレあり,
35,山口県,35202,宇部市,,福岡銀行　宇部支店,,銀行・郵便局,,宇部市新天町2-1-6,,,,yes,yes,,,,,,,yes,,yes,,,,,,,,,,,,,,,,,,yamaguchi-barrier-free,山口県バリアフリー施設データベース,https://www.pref.yamaguchi.lg.jp/uploaded/attachment/207634.xls,,247,洋式トイレあり,
35,山口県,35202,宇部市,,ときわ湖水ホール,,公園,,宇部市則貞3-4-1,,,,yes,yes,,,,,,,yes,,yes,,,,,,,,,,,,,,,yes,,,yamaguchi-barrier-free,山口県バリアフリー施設データベース,https://www.pref.yamaguchi.lg.jp/uploaded/attachment/207634.xls,,248,洋式トイレあり / 男子用トイレ手すりあり,
35,山口県,35202,宇部市,,片倉（近隣）公園,,公園,,宇部市あすとぴあ5,,,,,yes,,,,,,,,,,,,,,,,,,,,,,,,,,,yamaguchi-barrier-free,山口県バリアフリー施設データベース,https://www.pref.yamaguchi.lg.jp/uploaded/attachment/207634.xls,,249,,
35,山口県,35202,宇部市,,請川（地区）公園,,公園,,宇部市あすとぴあ3,,,,,yes,,,,,,,,,,,,,,,,,,,,,,,,,,,yamaguchi-barrier-free,山口県バリアフリー施設データベース,https://www.pref.yamaguchi.lg.jp/uploaded/attachment/207634.xls,,250,洋式トイレあり / 男子用トイレ手すりあり,
35,山口県,35202,宇部市,,琴崎街区公園,,公園,,宇部市琴崎町,,,,yes,,,,,,,,yes,,yes,,,,,,,,,,,,,,,,,,yamaguchi-barrier-free,山口県バリアフリー施設データベース,https://www.pref.yamaguchi.lg.jp/uploaded/attachment/207634.xls,,251,男子用トイレ手すりあり,
35,山口県,35202,宇部市,,真締川（近隣）公園,,公園,,宇部市東本町1,,,,,yes,,,,,,,,,,,,,,,,,,,,,,,,,,,yamaguchi-barrier-free,山口県バリアフリー施設データベース,https://www.pref.yamaguchi.lg.jp/uploaded/attachment/207634.xls,,252,,
35,山口県,35202,宇部市,,黄幡街区公園,,公園,,宇部市下条1,,,,,yes,,,,,,,,,,,,,,,,,,,,,,,,,,,yamaguchi-barrier-free,山口県バリアフリー施設データベース,https://www.pref.yamaguchi.lg.jp/uploaded/attachment/207634.xls,,253,,
35,山口県,35202,宇部市,,渡辺翁記念（近隣）公園,,公園,,宇部市朝日町,,,,,yes,,,,,,,,,,,,,,,,,,,,,,,,,,,yamaguchi-barrier-free,山口県バリアフリー施設データベース,https://www.pref.yamaguchi.lg.jp/uploaded/attachment/207634.xls,,254,,
35,山口県,35202,宇部市,,明神街区公園,,公園,,宇部市明神町1,,,,,yes,,,,,,,,,,,,,,,,,,,,,,,,,,,yamaguchi-barrier-free,山口県バリアフリー施設データベース,https://www.pref.yamaguchi.lg.jp/uploaded/attachment/207634.xls,,255,,
35,山口県,35202,宇部市,,松涛街区公園,,公園,,宇部市西本町2,,,,,yes,,,,,,,,,,,,,,,,,,,,,,,,,,,yamaguchi-barrier-free,山口県バリアフリー施設データベース,https://www.pref.yamaguchi.lg.jp/uploaded/attachment/207634.xls,,256,男子用トイレ手すりあり,
35,山口県,35202,宇部市,,山口宇部ふれあい公園,,公園,,宇部市沖宇部625,,,,yes,,,,,,,,,,yes,,,,,,,,,,,,,,,,,,yamaguchi-barrier-free,山口県バリアフリー施設データベース,https://www.pref.yamaguchi.lg.jp/uploaded/attachment/207634.xls,,257,洋式トイレあり / 男子用トイレ手すりあり,
35,山口県,35202,宇部市,,東新川駅（宇部線）,,交通機関,,宇部市東新川町2-17,,,,,,,,,,,,,,,,,,,,,,,,,,,,,,,,yamaguchi-barrier-free,山口県バリアフリー施設データベース,https://www.pref.yamaguchi.lg.jp/uploaded/attachment/207634.xls,,258,男子用トイレ手すりあり,
35,山口県,35202,宇部市,,山口宇部空港ターミナル,,交通機関,,宇部市沖宇部625,,,,yes,yes,,,,,,,yes,,,,,,,,,,,,,,,,,,,,yamaguchi-barrier-free,山口県バリアフリー施設データベース,https://www.pref.yamaguchi.lg.jp/uploaded/attachment/207634.xls,,259,洋式トイレあり / 男子用トイレ手すりあり,
35,山口県,35202,宇部市,,宇部新川駅（宇部線）,,交通機関,,宇部市上町1-7-7,,,,,,,,,,,,,,,,,,,,,,,,,,,,,,,,yamaguchi-barrier-free,山口県バリアフリー施設データベース,https://www.pref.yamaguchi.lg.jp/uploaded/attachment/207634.xls,,260,男子用トイレ手すりあり,
35,山口県,35202,宇部市,,琴芝駅（宇部線）,,交通機関,,宇部市琴芝町2-6-1,,,,,,,,,,,,,,,,,,,,,,,,,,,,,,,,yamaguchi-barrier-free,山口県バリアフリー施設データベース,https://www.pref.yamaguchi.lg.jp/uploaded/attachment/207634.xls,,261,男子用トイレ手すりあり,
35,山口県,35202,宇部市,,上請川自治会館,,公民館・会館,,宇部市西岐波,,,,,yes,,,,,,,,,,,,,,,,,,,,,,,,,,,yamaguchi-barrier-free,山口県バリアフリー施設データベース,https://www.pref.yamaguchi.lg.jp/uploaded/attachment/207634.xls,,262,洋式トイレあり,
35,山口県,35202,宇部市,,宇部市渡辺翁記念会館,,公民館・会館,,宇部市朝日町8-1,,,,yes,yes,,,,,,,yes,,,,,,,,,,,,,,,,,,,,yamaguchi-barrier-free,山口県バリアフリー施設データベース,https://www.pref.yamaguchi.lg.jp/uploaded/attachment/207634.xls,,263,洋式トイレあり / 男子用トイレ手すりあり,
35,山口県,35202,宇部市,,宇部市文化会館,,公民館・会館,,宇部市朝日町8-1,,,,yes,yes,,,,,,,yes,,,,,,,,,,,,,,,,,,,,yamaguchi-barrier-free,山口県バリアフリー施設データベース,https://www.pref.yamaguchi.lg.jp/uploaded/attachment/207634.xls,,264,洋式トイレあり / 男子用トイレ手すりあり,
35,山口県,35202,宇部市,,サンライフ宇部,,公民館・会館,,宇部市神原町1-6-20,,,,,yes,,,,,,,,,,,,,,,,,,,,,,,,,,,yamaguchi-barrier-free,山口県バリアフリー施設データベース,https://www.pref.yamaguchi.lg.jp/uploaded/attachment/207634.xls,,265,洋式トイレあり / 男子用トイレ手すりあり,
35,山口県,35202,宇部市,,宇部市楠若者センター,,公民館・会館,,宇部市西万倉1518-5,,,,,yes,,,,,,,,,,,,,,,,,,,,,,,,,,,yamaguchi-barrier-free,山口県バリアフリー施設データベース,https://www.pref.yamaguchi.lg.jp/uploaded/attachment/207634.xls,,266,洋式トイレあり,
35,山口県,35202,宇部市,,宇部市楠総合センター,,公民館・会館,,宇部市船木442-11,,,,,yes,,,,,,,,,,,,,,,,,,,,,,,,,,,yamaguchi-barrier-free,山口県バリアフリー施設データベース,https://www.pref.yamaguchi.lg.jp/uploaded/attachment/207634.xls,,267,洋式トイレあり / 男子用トイレ手すりあり,
35,山口県,35202,宇部市,,俵田翁記念体育館,,スポーツ・遊技施設,,宇部市恩田町4-1-1,,,,yes,yes,,,,,,,yes,,yes,,,,,,,,,,,,,,,,,,yamaguchi-barrier-free,山口県バリアフリー施設データベース,https://www.pref.yamaguchi.lg.jp/uploaded/attachment/207634.xls,,269,洋式トイレあり,
35,山口県,35202,宇部市,,宇部市武道館,,スポーツ・遊技施設,,宇部市島3-9-30,,,,,yes,,,,,,,,,,,,,,,,,,,,,,,,,,,yamaguchi-barrier-free,山口県バリアフリー施設データベース,https://www.pref.yamaguchi.lg.jp/uploaded/attachment/207634.xls,,270,洋式トイレあり,
35,山口県,35202,宇部市,,宇部市アーチェリー場,,スポーツ・遊技施設,,宇部市神原町1丁目6-26,,,,,yes,,,,,,,,,,,,,,,,,,,,,,,,,,,yamaguchi-barrier-free,山口県バリアフリー施設データベース,https://www.pref.yamaguchi.lg.jp/uploaded/attachment/207634.xls,,271,洋式トイレあり,
35,山口県,35202,宇部市,,宇部市中央公園テニスコート,,スポーツ・遊技施設,,宇部市神原町1丁目7-45,,,,,yes,,,,,,,,,,,,,,,,,,,,,,,,,,,yamaguchi-barrier-free,山口県バリアフリー施設データベース,https://www.pref.yamaguchi.lg.jp/uploaded/attachment/207634.xls,,272,洋式トイレあり,
35,山口県,35202,宇部市,,恩田運動公園　野球場,,スポーツ・遊技施設,,宇部市恩田町4-1-4,,,,yes,yes,,,,,,,,,yes,,,,,,,,,,,,,,,,,,yamaguchi-barrier-free,山口県バリアフリー施設データベース,https://www.pref.yamaguchi.lg.jp/uploaded/attachment/207634.xls,,273,洋式トイレあり,
35,山口県,35202,宇部市,,宇部市西部体育館,,スポーツ・遊技施設,,宇部市島3-9-16,,,,,yes,,,,,,,,,,,,,,,,,,,,,,,,,,,yamaguchi-barrier-free,山口県バリアフリー施設データベース,https://www.pref.yamaguchi.lg.jp/uploaded/attachment/207634.xls,,274,洋式トイレあり,
35,山口県,35202,宇部市,,宇部市東部体育広場,,スポーツ・遊技施設,,宇部市明神町3-2-2,,,,,yes,,,,,,,,,,,,,,,,,,,,,,,,,,,yamaguchi-barrier-free,山口県バリアフリー施設データベース,https://www.pref.yamaguchi.lg.jp/uploaded/attachment/207634.xls,,275,,
35,山口県,35202,宇部市,,宇部中央トイレ,,トイレ,,宇部市中央町1-5-1,,,,,yes,,,,,,,,,,,,,,,,,,,,,,,,,,,yamaguchi-barrier-free,山口県バリアフリー施設データベース,https://www.pref.yamaguchi.lg.jp/uploaded/attachment/207634.xls,,276,,
35,山口県,35202,宇部市,,渡邊翁記念会館外トイレ,,トイレ,,宇部市朝日町8-1,,,,,yes,,,,,,,,,,,,,,,,,,,,,,,,,,,yamaguchi-barrier-free,山口県バリアフリー施設データベース,https://www.pref.yamaguchi.lg.jp/uploaded/attachment/207634.xls,,277,,
35,山口県,35202,宇部市,,赤間硯の里見学施設（公衆便所）,,トイレ,,宇部市大字西万倉805-1,,,,,yes,,,,,,,,,,,,,,,,,,,,,,,,,,,yamaguchi-barrier-free,山口県バリアフリー施設データベース,https://www.pref.yamaguchi.lg.jp/uploaded/attachment/207634.xls,,278,,
35,山口県,35202,宇部市,,中津瀬神社公衆便所,,トイレ,,宇部市新天町2,,,,,yes,,,,,,,,,,,,,,,,,,,,,,,,,,,yamaguchi-barrier-free,山口県バリアフリー施設データベース,https://www.pref.yamaguchi.lg.jp/uploaded/attachment/207634.xls,,279,,
35,山口県,35203,山口市,,山口県社会福祉会館,,医療・福祉,,山口市大手町9-6,,,,,yes,,,,,,,,,,,,,,,,,,,,,,,,,,,yamaguchi-barrier-free,山口県バリアフリー施設データベース,https://www.pref.yamaguchi.lg.jp/uploaded/attachment/207634.xls,,280,,
35,山口県,35203,山口市,,ハートホーム宮野,,医療・福祉,,山口市大字宮野下2997-5,,,,,yes,,,,,,,,,,,,,,,,,,,,,,,,,,,yamaguchi-barrier-free,山口県バリアフリー施設データベース,https://www.pref.yamaguchi.lg.jp/uploaded/attachment/207634.xls,,281,,
35,山口県,35203,山口市,,山口県身体障害者福祉センター,,医療・福祉,,山口市八幡馬場36-1,,,,,yes,,,,,,,,,,,,,,,,,,,,,,,,,,,yamaguchi-barrier-free,山口県バリアフリー施設データベース,https://www.pref.yamaguchi.lg.jp/uploaded/attachment/207634.xls,,282,男子用トイレ手すりあり,
35,山口県,35203,山口市,,済生会山口総合病院,,医療・福祉,,山口市緑町2-11,,,,,yes,,,,,,,,,,,,,,,,,,,,,,,,,,,yamaguchi-barrier-free,山口県バリアフリー施設データベース,https://www.pref.yamaguchi.lg.jp/uploaded/attachment/207634.xls,,283,洋式トイレあり / 男子用トイレ手すりあり,
35,山口県,35203,山口市,,たねくぼ整形外科クリニック,,医療・福祉,,山口市幸町3-23,,,,,,,,,,,,,,,,,,,,,,,,,,,,,,,,yamaguchi-barrier-free,山口県バリアフリー施設データベース,https://www.pref.yamaguchi.lg.jp/uploaded/attachment/207634.xls,,284,洋式トイレあり,
35,山口県,35203,山口市,,山口県血液センター,,医療・福祉,,山口市野田172,,,,,yes,,,,,,,,,,,,,,,,,,,,,,,,,,,yamaguchi-barrier-free,山口県バリアフリー施設データベース,https://www.pref.yamaguchi.lg.jp/uploaded/attachment/207634.xls,,285,,
35,山口県,35203,山口市,,中村整形外科,,医療・福祉,,山口市維新公園1-2-1,,,,,yes,,,,,,,,,,,,,,,,,,,,,,,,,,,yamaguchi-barrier-free,山口県バリアフリー施設データベース,https://www.pref.yamaguchi.lg.jp/uploaded/attachment/207634.xls,,286,,
35,山口県,35203,山口市,,山口赤十字病院,,医療・福祉,,山口市八幡馬場53-1,,,,,yes,,,,,,,,,,,,,,,,,,,,,,,,,,,yamaguchi-barrier-free,山口県バリアフリー施設データベース,https://www.pref.yamaguchi.lg.jp/uploaded/attachment/207634.xls,,289,洋式トイレあり,
35,山口県,35203,山口市,,老人福祉センター長寿苑,,医療・福祉,,山口市徳地島地2097-1,,,,,yes,,,,,,,,,,,,,,,,,,,,,,,,,,,yamaguchi-barrier-free,山口県バリアフリー施設データベース,https://www.pref.yamaguchi.lg.jp/uploaded/attachment/207634.xls,,290,洋式トイレあり / 男子用トイレ手すりあり,
35,山口県,35203,山口市,,特別養護老人ホームとくぢ苑,,医療・福祉,,山口市徳地八坂1330,,,,,yes,,,,,,,,,,,,,,,,,,,,,,,,,,,yamaguchi-barrier-free,山口県バリアフリー施設データベース,https://www.pref.yamaguchi.lg.jp/uploaded/attachment/207634.xls,,291,洋式トイレあり / 男子用トイレ手すりあり,
35,山口県,35203,山口市,,小郡第一総合病院,,医療・福祉,,山口市小郡下郷862-3,,,,,yes,,,,,,,,,,,,,,,,,,,,,,,,,,,yamaguchi-barrier-free,山口県バリアフリー施設データベース,https://www.pref.yamaguchi.lg.jp/uploaded/attachment/207634.xls,,292,洋式トイレあり,
35,山口県,35203,山口市,,老人保健施設みのり苑,,医療・福祉,,山口市小郡下郷862-3,,,,,yes,,,,,,,,,,,,,,,,,,,,,,,,,,,yamaguchi-barrier-free,山口県バリアフリー施設データベース,https://www.pref.yamaguchi.lg.jp/uploaded/attachment/207634.xls,,293,洋式トイレあり / 男子用トイレ手すりあり,
35,山口県,35203,山口市,,林病院,,医療・福祉,,山口市小郡下郷751-4,,,,,yes,,,,,,,,,,,,,,,,,,,,,,,,,,,yamaguchi-barrier-free,山口県バリアフリー施設データベース,https://www.pref.yamaguchi.lg.jp/uploaded/attachment/207634.xls,,295,洋式トイレあり / 男子用トイレ手すりあり,
35,山口県,35203,山口市,,阿知須共立病院,,医療・福祉,,山口市阿知須4841-1,,,,yes,yes,,,,,,,yes,,yes,,,,,,,,,,,,,,,,,,yamaguchi-barrier-free,山口県バリアフリー施設データベース,https://www.pref.yamaguchi.lg.jp/uploaded/attachment/207634.xls,,296,洋式トイレあり / 男子用トイレ手すりあり,
35,山口県,35203,山口市,,阿知須同仁病院,,医療・福祉,,山口市阿知須4241-4,,,,,yes,,,,,,,,,,,,,,,,,,,,,,,,,,,yamaguchi-barrier-free,山口県バリアフリー施設データベース,https://www.pref.yamaguchi.lg.jp/uploaded/attachment/207634.xls,,297,洋式トイレあり / 男子用トイレ手すりあり,
35,山口県,35203,山口市,,山口市障害者福祉作業所「希望の館」,,医療・福祉,,山口市阿知須2743,,,,,yes,,,,,,,,,,,,,,,,,,,,,,,,,,,yamaguchi-barrier-free,山口県バリアフリー施設データベース,https://www.pref.yamaguchi.lg.jp/uploaded/attachment/207634.xls,,298,洋式トイレあり,
35,山口県,35203,山口市,,山口市阿東保健センター,,医療・福祉,,山口市徳佐中3382,,,,,yes,,,,,,,,,,,,,,,,,,,,,,,,,,,yamaguchi-barrier-free,山口県バリアフリー施設データベース,https://www.pref.yamaguchi.lg.jp/uploaded/attachment/207634.xls,,299,男子用トイレ手すりあり,
35,山口県,35203,山口市,,山口市阿東老人福祉センター,,医療・福祉,,山口市地福上1697番地,,,,,yes,,,,,,,,,,,,,,,,,,,,,,,,,,,yamaguchi-barrier-free,山口県バリアフリー施設データベース,https://www.pref.yamaguchi.lg.jp/uploaded/attachment/207634.xls,,300,洋式トイレあり,
35,山口県,35203,山口市,,済生会山口地域ケアセンター　身体障害者療護施設なでしこ園,,医療・福祉,,山口市朝倉町4-55,,,,,yes,,,,,,,,,,,,,,,,,,,,,,,,,,,yamaguchi-barrier-free,山口県バリアフリー施設データベース,https://www.pref.yamaguchi.lg.jp/uploaded/attachment/207634.xls,,301,洋式トイレあり / 男子用トイレ手すりあり,
35,山口県,35203,山口市,,多田内科呼吸器科,,医療・福祉,,山口市泉町8-21-1,,,,yes,yes,,,,,,,,,yes,,,,,,,,,,,,,,,,,,yamaguchi-barrier-free,山口県バリアフリー施設データベース,https://www.pref.yamaguchi.lg.jp/uploaded/attachment/207634.xls,,302,洋式トイレあり,
35,山口県,35203,山口市,,総合福祉ツクイ山口　大内デイサービスセンターふれあい,,医療・福祉,,山口市大内御堀929-1,,,,,yes,,,,,,,,,,,,,,,,,,,,,,,,,,,yamaguchi-barrier-free,山口県バリアフリー施設データベース,https://www.pref.yamaguchi.lg.jp/uploaded/attachment/207634.xls,,303,洋式トイレあり,
35,山口県,35203,山口市,,済生会山口地域ケアセンター　グループホームあさくら,,医療・福祉,,山口市朝倉町4-55-6,,,,,yes,,,,,,,,,,,,,,,,,,,,,,,,,,,yamaguchi-barrier-free,山口県バリアフリー施設データベース,https://www.pref.yamaguchi.lg.jp/uploaded/attachment/207634.xls,,304,洋式トイレあり,
35,山口県,35203,山口市,,医療法人社団曙会　佐々木外科病院,,医療・福祉,,山口市泉都町9-13,,,,yes,yes,,,,,,,,,yes,,,,,,,,,,,,,,,,,,yamaguchi-barrier-free,山口県バリアフリー施設データベース,https://www.pref.yamaguchi.lg.jp/uploaded/attachment/207634.xls,,305,洋式トイレあり / 男子用トイレ手すりあり,
35,山口県,35203,山口市,,きらら苑デイサービスセンター,,医療・福祉,,山口市秋穂二島327-44,,,,,yes,,,,,,,,,,,,,,,,,,,,,,,,,,,yamaguchi-barrier-free,山口県バリアフリー施設データベース,https://www.pref.yamaguchi.lg.jp/uploaded/attachment/207634.xls,,306,洋式トイレあり / 男子用トイレ手すりあり,
35,山口県,35203,山口市,,ハートホーム平川,,医療・福祉,,山口市黒川729-2,,,,,yes,,,,,,,,,,,,,,,,,,,,,,,,,,,yamaguchi-barrier-free,山口県バリアフリー施設データベース,https://www.pref.yamaguchi.lg.jp/uploaded/attachment/207634.xls,,307,洋式トイレあり / 男子用トイレ手すりあり,
35,山口県,35203,山口市,,ハートホーム新山口,,医療・福祉,,山口市小郡平成町1-18,,,,yes,yes,,,,,,,,,yes,,,,,,,,,,,,,,,,,,yamaguchi-barrier-free,山口県バリアフリー施設データベース,https://www.pref.yamaguchi.lg.jp/uploaded/attachment/207634.xls,,308,洋式トイレあり / 男子用トイレ手すりあり,
35,山口県,35203,山口市,,山口市小郡保健福祉センター,,医療・福祉,,山口市小郡下郷609-5,,,,yes,,,,,,,,,,yes,,,,,,,,,,,,,,,yes,,,yamaguchi-barrier-free,山口県バリアフリー施設データベース,https://www.pref.yamaguchi.lg.jp/uploaded/attachment/207634.xls,,309,洋式トイレあり / 男子用トイレ手すりあり,
35,山口県,35203,山口市,,山口市秋穂保健センター,,医療・福祉,,山口市秋穂東6570,,,,yes,,,,,,,,yes,,yes,,,,,,,,,,,,,,,,,,yamaguchi-barrier-free,山口県バリアフリー施設データベース,https://www.pref.yamaguchi.lg.jp/uploaded/attachment/207634.xls,,310,洋式トイレあり / 男子用トイレ手すりあり,
35,山口県,35203,山口市,,阿知須健康福祉センター,,医療・福祉,,山口市阿知須2740,,,,yes,,,,,,,,yes,,yes,,,,,,,,,,,,,,,yes,,,yamaguchi-barrier-free,山口県バリアフリー施設データベース,https://www.pref.yamaguchi.lg.jp/uploaded/attachment/207634.xls,,311,洋式トイレあり / 男子用トイレ手すりあり,
35,山口県,35203,山口市,,山口市阿東老人ホーム,,医療・福祉,,山口市阿東生雲中300,,,,,yes,,,,,,,,,,,,,,,,,,,,,,,,,,,yamaguchi-barrier-free,山口県バリアフリー施設データベース,https://www.pref.yamaguchi.lg.jp/uploaded/attachment/207634.xls,,312,洋式トイレあり / 男子用トイレ手すりあり,
35,山口県,35203,山口市,,"山口県総合保健会館
（山口県健康づくりセンター）",,医療・福祉,,山口市吉敷3325-1,,,,yes,,,,,,,,yes,,yes,,,,,,,,,,,,,,,,,,yamaguchi-barrier-free,山口県バリアフリー施設データベース,https://www.pref.yamaguchi.lg.jp/uploaded/attachment/207634.xls,,313,洋式トイレあり / 男子用トイレ手すりあり,
35,山口県,35203,山口市,,山口県聴覚障害者情報センター,,医療・福祉,,山口市大字鋳銭司字南原2364-1,,,,yes,,,,,,,,,,yes,,,,,,,,,,,,,,,,,,yamaguchi-barrier-free,山口県バリアフリー施設データベース,https://www.pref.yamaguchi.lg.jp/uploaded/attachment/207634.xls,,314,洋式トイレあり / 男子用トイレ手すりあり,
35,山口県,35203,山口市,,特定非営利活動法人　アス・ライフサポート　アス・センター,,医療・福祉,,山口市大市町3-12,,,,yes,yes,,,,,,,yes,,yes,,,,,,,,,,,,,,,,,,yamaguchi-barrier-free,山口県バリアフリー施設データベース,https://www.pref.yamaguchi.lg.jp/uploaded/attachment/207634.xls,,315,洋式トイレあり,
35,山口県,35203,山口市,,山口市保健センター,,医療・福祉,,山口市糸米2-6-6,,,,yes,yes,,,,,,,,,yes,,,,,,,,,,,,,,,yes,,,yamaguchi-barrier-free,山口県バリアフリー施設データベース,https://www.pref.yamaguchi.lg.jp/uploaded/attachment/207634.xls,,316,洋式トイレあり / 男子用トイレ手すりあり,
35,山口県,35203,山口市,,山口市歴史民俗資料館,,観光施設,,山口市春日町5-1,,,,yes,yes,,,,,,,,,yes,,,,,,,,,,,,,,,,,,yamaguchi-barrier-free,山口県バリアフリー施設データベース,https://www.pref.yamaguchi.lg.jp/uploaded/attachment/207634.xls,,317,洋式トイレあり / 男子用トイレ手すりあり,
35,山口県,35203,山口市,,山口県立山口博物館,,観光施設,,山口市春日町8-2,,,,,yes,,,,,,,,,,,,,,,,,,,,,,,,,,,yamaguchi-barrier-free,山口県バリアフリー施設データベース,https://www.pref.yamaguchi.lg.jp/uploaded/attachment/207634.xls,,318,男子用トイレ手すりあり,
35,山口県,35203,山口市,,中原中也記念館,,観光施設,,山口市湯田温泉1-11-21,,,,,yes,,,,,,,,,,,,,,,,,,,,,,,,,,,yamaguchi-barrier-free,山口県バリアフリー施設データベース,https://www.pref.yamaguchi.lg.jp/uploaded/attachment/207634.xls,,319,洋式トイレあり / 男子用トイレ手すりあり,
35,山口県,35203,山口市,,山口県立美術館,,観光施設,,山口市亀山町3-1,,,,,yes,,,,,,,,,,,,,,,,,,,,,,,,,,,yamaguchi-barrier-free,山口県バリアフリー施設データベース,https://www.pref.yamaguchi.lg.jp/uploaded/attachment/207634.xls,,320,洋式トイレあり,
35,山口県,35203,山口市,,山口市小郡文化資料館,,観光施設,,山口市小郡下郷609-3,,,,,yes,,,,,,,,,,,,,,,,,,,,,,,,,,,yamaguchi-barrier-free,山口県バリアフリー施設データベース,https://www.pref.yamaguchi.lg.jp/uploaded/attachment/207634.xls,,321,洋式トイレあり,
35,山口県,35203,山口市,,山口市菜香亭,,観光施設,,山口市天花1-2-7,,,,yes,,,,,,,,,,yes,,,,,,,,,,,,,,,,,,yamaguchi-barrier-free,山口県バリアフリー施設データベース,https://www.pref.yamaguchi.lg.jp/uploaded/attachment/207634.xls,,322,,
35,山口県,35203,山口市,,山口市秋穂歴史民俗資料館,,観光施設,,山口市秋穂東6570,,,,,yes,,,,,,,,,,,,,,,,,,,,,,,,,,,yamaguchi-barrier-free,山口県バリアフリー施設データベース,https://www.pref.yamaguchi.lg.jp/uploaded/attachment/207634.xls,,323,洋式トイレあり / 男子用トイレ手すりあり,
35,山口県,35203,山口市,,阿知須「いぐらの館」,,観光施設,,山口市阿知須3425,,,,yes,yes,,,,,,,,,yes,,,,,,,,,,,,,,,,,,yamaguchi-barrier-free,山口県バリアフリー施設データベース,https://www.pref.yamaguchi.lg.jp/uploaded/attachment/207634.xls,,324,洋式トイレあり,
35,山口県,35203,山口市,,鋳銭司郷土館,,観光施設,,山口市鋳銭司11422,,,,,yes,,,,,,,,,,,,,,,,,,,,,,,,,,,yamaguchi-barrier-free,山口県バリアフリー施設データベース,https://www.pref.yamaguchi.lg.jp/uploaded/attachment/207634.xls,,325,洋式トイレあり / 男子用トイレ手すりあり,
35,山口県,35203,山口市,,中国運輸局山口運輸支局,,官公庁,,山口市宝町1-8,,,,,yes,,,,,,,,,,,,,,,,,,,,,,,,,,,yamaguchi-barrier-free,山口県バリアフリー施設データベース,https://www.pref.yamaguchi.lg.jp/uploaded/attachment/207634.xls,,326,,
35,山口県,35203,山口市,,山口県議会棟,,官公庁,,山口市滝町1-1,,,,yes,yes,,,,,,,yes,,,,,,,,,,,,,,,,,,,,yamaguchi-barrier-free,山口県バリアフリー施設データベース,https://www.pref.yamaguchi.lg.jp/uploaded/attachment/207634.xls,,327,,
35,山口県,35203,山口市,,山口公共職業安定所,,官公庁,,山口市神田町1-75,,,,,yes,,,,,,,,,,,,,,,,,,,,,,,,,,,yamaguchi-barrier-free,山口県バリアフリー施設データベース,https://www.pref.yamaguchi.lg.jp/uploaded/attachment/207634.xls,,328,,
35,山口県,35203,山口市,,山口県警察本部,,官公庁,,山口市滝町1-1,,,,,yes,,,,,,,,,,,,,,,,,,,,,,,,,,,yamaguchi-barrier-free,山口県バリアフリー施設データベース,https://www.pref.yamaguchi.lg.jp/uploaded/attachment/207634.xls,,329,洋式トイレあり,
35,山口県,35203,山口市,,山口地方合同庁舎,,官公庁,,山口市中河原6-16,,,,,yes,,,,,,,,,,,,,,,,,,,,,,,,,,,yamaguchi-barrier-free,山口県バリアフリー施設データベース,https://www.pref.yamaguchi.lg.jp/uploaded/attachment/207634.xls,,330,男子用トイレ手すりあり,
35,山口県,35203,山口市,,山口県庁,,官公庁,,山口市滝町1-1,,,,yes,yes,,,,,,,yes,,,,,,,,,,,,,,,,,yes,,,yamaguchi-barrier-free,山口県バリアフリー施設データベース,https://www.pref.yamaguchi.lg.jp/uploaded/attachment/207634.xls,,331,洋式トイレあり,
35,山口県,35203,山口市,,山口市山口総合支所,,官公庁,,山口市亀山町2-1,,,,yes,yes,,,,,,,yes,,,,,,,,,,,,,,,,,,,,yamaguchi-barrier-free,山口県バリアフリー施設データベース,https://www.pref.yamaguchi.lg.jp/uploaded/attachment/207634.xls,,332,男子用トイレ手すりあり,
35,山口県,35203,山口市,,山口県山口総合庁舎,,官公庁,,山口市神田町6-10,,,,yes,yes,,,,,,,yes,,,,,,,,,,,,,,,,,,,,yamaguchi-barrier-free,山口県バリアフリー施設データベース,https://www.pref.yamaguchi.lg.jp/uploaded/attachment/207634.xls,,333,,
35,山口県,35203,山口市,,山口地方裁判所,,官公庁,,山口市駅通り1-6-1,,,,,yes,,,,,,,,,,,,,,,,,,,,,,,,,,,yamaguchi-barrier-free,山口県バリアフリー施設データベース,https://www.pref.yamaguchi.lg.jp/uploaded/attachment/207634.xls,,334,,
35,山口県,35203,山口市,,徳地地域複合型拠点施設（徳地総合支所・徳地地域交流センター・徳地保健センター・徳地診療所）,,官公庁,,山口市徳地堀1561番地1,,,,yes,yes,,,,,,,yes,,yes,,,,,,,,,,,,,,,yes,,,yamaguchi-barrier-free,山口県バリアフリー施設データベース,https://www.pref.yamaguchi.lg.jp/uploaded/attachment/207634.xls,,335,洋式トイレあり / 男子用トイレ手すりあり,
35,山口県,35203,山口市,,山口市秋穂総合支所,,官公庁,,山口市秋穂東6570,,,,yes,yes,,,,,,,yes,,,,,,,,,,,,,,,,,yes,,,yamaguchi-barrier-free,山口県バリアフリー施設データベース,https://www.pref.yamaguchi.lg.jp/uploaded/attachment/207634.xls,,336,洋式トイレあり,
35,山口県,35203,山口市,,山口市小郡総合支所,,官公庁,,山口市小郡下郷609-1,,,,,yes,,,,,,,,,,,,,,,,,,,,,,,,,,,yamaguchi-barrier-free,山口県バリアフリー施設データベース,https://www.pref.yamaguchi.lg.jp/uploaded/attachment/207634.xls,,337,,
35,山口県,35203,山口市,,山口市阿知須総合支所,,官公庁,,山口市阿知須,,,,,yes,,,,,,,,,,,,,,,,,,,,,,,,,,,yamaguchi-barrier-free,山口県バリアフリー施設データベース,https://www.pref.yamaguchi.lg.jp/uploaded/attachment/207634.xls,,338,,
35,山口県,35203,山口市,,山口市阿東総合支所,,官公庁,,山口市徳佐中3417-2,,,,,yes,,,,,,,,,,,,,,,,,,,,,,,,,,,yamaguchi-barrier-free,山口県バリアフリー施設データベース,https://www.pref.yamaguchi.lg.jp/uploaded/attachment/207634.xls,,339,,
35,山口県,35203,山口市,,山口県福祉総合相談支援センター,,官公庁,,山口市吉敷下東4-17-1,,,,yes,yes,,,,,,,yes,,yes,,,,,,,,,,,,,,,,,,yamaguchi-barrier-free,山口県バリアフリー施設データベース,https://www.pref.yamaguchi.lg.jp/uploaded/attachment/207634.xls,,340,洋式トイレあり / 男子用トイレ手すりあり,
35,山口県,35203,山口市,,二島地域交流センター,,官公庁,,山口市秋穂二島5990番地,,,,yes,yes,,,,,,,yes,,yes,,,,,,,,,,,,,,,yes,,,yamaguchi-barrier-free,山口県バリアフリー施設データベース,https://www.pref.yamaguchi.lg.jp/uploaded/attachment/207634.xls,,341,洋式トイレあり / 男子用トイレ手すりあり,
35,山口県,35203,山口市,,藤尾山公園,,公園,,山口市佐山字藤尾,,,,yes,,,,,,,,,,yes,,,,,,,,,,,,,,,,,,yamaguchi-barrier-free,山口県バリアフリー施設データベース,https://www.pref.yamaguchi.lg.jp/uploaded/attachment/207634.xls,,342,男子用トイレ手すりあり,
35,山口県,35203,山口市,,河原谷公園,,公園,,山口市佐山字村山,,,,yes,,,,,,,,,,yes,,,,,,,,,,,,,,,,,,yamaguchi-barrier-free,山口県バリアフリー施設データベース,https://www.pref.yamaguchi.lg.jp/uploaded/attachment/207634.xls,,343,洋式トイレあり / 男子用トイレ手すりあり,
35,山口県,35203,山口市,,其中庵休憩所,,公園,,山口市小郡下郷1811,,,,,yes,,,,,,,,,,,,,,,,,,,,,,,,,,,yamaguchi-barrier-free,山口県バリアフリー施設データベース,https://www.pref.yamaguchi.lg.jp/uploaded/attachment/207634.xls,,344,洋式トイレあり,
35,山口県,35203,山口市,,平成公園,,公園,,山口市小郡平成町4-1,,,,yes,,,,,,,,yes,,yes,,,,,,,,,,,,,,,,,,yamaguchi-barrier-free,山口県バリアフリー施設データベース,https://www.pref.yamaguchi.lg.jp/uploaded/attachment/207634.xls,,345,洋式トイレあり / 男子用トイレ手すりあり,
35,山口県,35203,山口市,,黄金公園,,公園,,山口市小郡黄金町17-1,,,,yes,,,,,,,,,,yes,,,,,,,,,,,,,,,,,,yamaguchi-barrier-free,山口県バリアフリー施設データベース,https://www.pref.yamaguchi.lg.jp/uploaded/attachment/207634.xls,,346,洋式トイレあり / 男子用トイレ手すりあり,
35,山口県,35203,山口市,,山口県立きらら自然観察公園,,公園,,山口市阿知須きらら浜509-53,,,,yes,,,,,,,,,,yes,,,,,,,,,,,,,,,,,,yamaguchi-barrier-free,山口県バリアフリー施設データベース,https://www.pref.yamaguchi.lg.jp/uploaded/attachment/207634.xls,,347,洋式トイレあり / 男子用トイレ手すりあり,
35,山口県,35203,山口市,,鯖山公園,,公園,,山口市下小鯖,,,,yes,,,,,,,,,,yes,,,,,,,,,,,,,,,,,,yamaguchi-barrier-free,山口県バリアフリー施設データベース,https://www.pref.yamaguchi.lg.jp/uploaded/attachment/207634.xls,,348,洋式トイレあり / 男子用トイレ手すりあり,
35,山口県,35203,山口市,,木和田公園,,公園,,山口市生雲木和田,,,,,yes,,,,,,,,,,,,,,,,,,,,,,,,,,,yamaguchi-barrier-free,山口県バリアフリー施設データベース,https://www.pref.yamaguchi.lg.jp/uploaded/attachment/207634.xls,,349,洋式トイレあり / 男子用トイレ手すりあり,
35,山口県,35203,山口市,,幸崎公園,,公園,,山口市秋穂二島,,,,,yes,,,,,,,,,,,,,,,,,,,,,,,,,,,yamaguchi-barrier-free,山口県バリアフリー施設データベース,https://www.pref.yamaguchi.lg.jp/uploaded/attachment/207634.xls,,350,,
35,山口県,35203,山口市,,千坊川砂防公園（キャンプ場）,,公園,,山口市秋穂西512-3,,,,yes,,,,,,,,,,yes,,,,,,,,,,,,,,,,,,yamaguchi-barrier-free,山口県バリアフリー施設データベース,https://www.pref.yamaguchi.lg.jp/uploaded/attachment/207634.xls,,351,,
35,山口県,35203,山口市,,山口駅（山口線）,,交通機関,,山口市惣太夫2-1,,,,,yes,,,,,,,,,,,,,,,,,,,,,,,,,,,yamaguchi-barrier-free,山口県バリアフリー施設データベース,https://www.pref.yamaguchi.lg.jp/uploaded/attachment/207634.xls,,352,男子用トイレ手すりあり,
35,山口県,35203,山口市,,湯田温泉駅（山口線）,,交通機関,,山口市今井町4-26,,,,,,,,,,,,,,,,,,,,,,,,,,,,,,,,yamaguchi-barrier-free,山口県バリアフリー施設データベース,https://www.pref.yamaguchi.lg.jp/uploaded/attachment/207634.xls,,353,男子用トイレ手すりあり,
35,山口県,35203,山口市,,新山口駅,,交通機関,,山口市小郡下郷1294,,,,,yes,,,,,,,,,,,,,,,,,,,,,,,,,,,yamaguchi-barrier-free,山口県バリアフリー施設データベース,https://www.pref.yamaguchi.lg.jp/uploaded/attachment/207634.xls,,354,洋式トイレあり / 男子用トイレ手すりあり,
35,山口県,35203,山口市,,山口県総合交通センター（学習館）,,交通機関,,山口市小郡下郷3536-2,,,,,yes,,,,,,,,,,,,,,,,,,,,,,,,,,,yamaguchi-barrier-free,山口県バリアフリー施設データベース,https://www.pref.yamaguchi.lg.jp/uploaded/attachment/207634.xls,,355,洋式トイレあり,
35,山口県,35203,山口市,,山口県総合交通センター（免許センター）,,交通機関,,山口市小郡下郷3536-2,,,,,yes,,,,,,,,,,,,,,,,,,,,,,,,,,,yamaguchi-barrier-free,山口県バリアフリー施設データベース,https://www.pref.yamaguchi.lg.jp/uploaded/attachment/207634.xls,,356,洋式トイレあり / 男子用トイレ手すりあり,
35,山口県,35203,山口市,,山口県小郡自動車学校,,交通機関,,山口市小郡下郷768,,,,,yes,,,,,,,,,,,,,,,,,,,,,,,,,,,yamaguchi-barrier-free,山口県バリアフリー施設データベース,https://www.pref.yamaguchi.lg.jp/uploaded/attachment/207634.xls,,357,洋式トイレあり,
35,山口県,35203,山口市,,阿知須駅（宇部線）,,交通機関,,山口市阿知須浜,,,,,,,,,,,,,,,,,,,,,,,,,,,,,,,,yamaguchi-barrier-free,山口県バリアフリー施設データベース,https://www.pref.yamaguchi.lg.jp/uploaded/attachment/207634.xls,,358,男子用トイレ手すりあり,
35,山口県,35203,山口市,,新山口駅北口交通広場,,交通機関,,山口市小郡令和一丁目1291番14,,,,yes,yes,,,,,,,yes,,yes,,,,,,,,,,,,,,,yes,,,yamaguchi-barrier-free,山口県バリアフリー施設データベース,https://www.pref.yamaguchi.lg.jp/uploaded/attachment/207634.xls,,359,洋式トイレあり / 男子用トイレ手すりあり,
35,山口県,35203,山口市,,山口ふるさと伝承総合センター,,公民館・会館,,山口市下竪小路12,,,,,yes,,,,,,,,,,,,,,,,,,,,,,,,,,,yamaguchi-barrier-free,山口県バリアフリー施設データベース,https://www.pref.yamaguchi.lg.jp/uploaded/attachment/207634.xls,,360,男子用トイレ手すりあり,
35,山口県,35203,山口市,,クリエイティブスペース赤れんが,,公民館・会館,,山口市中河原5-12,,,,,yes,,,,,,,,,,,,,,,,,,,,,,,,,,,yamaguchi-barrier-free,山口県バリアフリー施設データベース,https://www.pref.yamaguchi.lg.jp/uploaded/attachment/207634.xls,,361,洋式トイレあり,
35,山口県,35203,山口市,,山口県教育会館,,公民館・会館,,山口市大手町2-18,,,,,yes,,,,,,,,,,,,,,,,,,,,,,,,,,,yamaguchi-barrier-free,山口県バリアフリー施設データベース,https://www.pref.yamaguchi.lg.jp/uploaded/attachment/207634.xls,,362,,
35,山口県,35203,山口市,,しらさぎ会館,,公民館・会館,,山口市堂の前町1-5,,,,,yes,,,,,,,,,,,,,,,,,,,,,,,,,,,yamaguchi-barrier-free,山口県バリアフリー施設データベース,https://www.pref.yamaguchi.lg.jp/uploaded/attachment/207634.xls,,363,洋式トイレあり / 男子用トイレ手すりあり,
35,山口県,35203,山口市,,ニューメディアプラザ山口,,公民館・会館,,山口市熊野町1-10,,,,,yes,,,,,,,,,,,,,,,,,,,,,,,,,,,yamaguchi-barrier-free,山口県バリアフリー施設データベース,https://www.pref.yamaguchi.lg.jp/uploaded/attachment/207634.xls,,364,洋式トイレあり,
35,山口県,35203,山口市,,山口県婦人教育文化会館,,公民館・会館,,山口市湯田温泉5-1-1,,,,,yes,,,,,,,,,,,,,,,,,,,,,,,,,,,yamaguchi-barrier-free,山口県バリアフリー施設データベース,https://www.pref.yamaguchi.lg.jp/uploaded/attachment/207634.xls,,365,男子用トイレ手すりあり,
35,山口県,35203,山口市,,山口県埋蔵文化財センター,,公民館・会館,,山口市春日町3-22,,,,,yes,,,,,,,,,,,,,,,,,,,,,,,,,,,yamaguchi-barrier-free,山口県バリアフリー施設データベース,https://www.pref.yamaguchi.lg.jp/uploaded/attachment/207634.xls,,366,,
35,山口県,35203,山口市,,山口県立山口図書館,,公民館・会館,,山口市後河原150-1,,,,,yes,,,,,,,,,,,,,,,,,,,,,,,,yes,,,yamaguchi-barrier-free,山口県バリアフリー施設データベース,https://www.pref.yamaguchi.lg.jp/uploaded/attachment/207634.xls,,367,,
35,山口県,35203,山口市,,山口市民会館,,公民館・会館,,山口市中央町2-5-1,,,,yes,yes,,,,,,,yes,,,,,,,,,,,,,,,,,,,,yamaguchi-barrier-free,山口県バリアフリー施設データベース,https://www.pref.yamaguchi.lg.jp/uploaded/attachment/207634.xls,,368,洋式トイレあり / 男子用トイレ手すりあり,
35,山口県,35203,山口市,,サンフレッシュ山口,,公民館・会館,,山口市湯田温泉5-5-22,,,,,yes,,,,,,,,,,,,,,,,,,,,,,,,,,,yamaguchi-barrier-free,山口県バリアフリー施設データベース,https://www.pref.yamaguchi.lg.jp/uploaded/attachment/207634.xls,,369,洋式トイレあり / 男子用トイレ手すりあり,
35,山口県,35203,山口市,,山口しあわせプラザ,,公民館・会館,,山口市上竪小路89-1,,,,,yes,,,,,,,,,,,,,,,,,,,,,,,,,,,yamaguchi-barrier-free,山口県バリアフリー施設データベース,https://www.pref.yamaguchi.lg.jp/uploaded/attachment/207634.xls,,370,,
35,山口県,35203,山口市,,山口市高齢者若者活性化センター「南大門」,,公民館・会館,,山口市徳地堀1565-1,,,,,yes,,,,,,,,,,,,,,,,,,,,,,,,,,,yamaguchi-barrier-free,山口県バリアフリー施設データベース,https://www.pref.yamaguchi.lg.jp/uploaded/attachment/207634.xls,,371,洋式トイレあり / 男子用トイレ手すりあり,
35,山口県,35203,山口市,,徳地図書館,,公民館・会館,,山口市徳地堀1527-3,,,,,yes,,,,,,,,,,,,,,,,,,,,,,,,,,,yamaguchi-barrier-free,山口県バリアフリー施設データベース,https://www.pref.yamaguchi.lg.jp/uploaded/attachment/207634.xls,,372,,
35,山口県,35203,山口市,,山口市大海総合センター,,公民館・会館,,山口市秋穂東1130-5,,,,,yes,,,,,,,,,,,,,,,,,,,,,,,,,,,yamaguchi-barrier-free,山口県バリアフリー施設データベース,https://www.pref.yamaguchi.lg.jp/uploaded/attachment/207634.xls,,373,洋式トイレあり / 男子用トイレ手すりあり,
35,山口県,35203,山口市,,小郡ふれあいセンター,,公民館・会館,,山口市小郡下郷1440-1,,,,,yes,,,,,,,,,,,,,,,,,,,,,,,,,,,yamaguchi-barrier-free,山口県バリアフリー施設データベース,https://www.pref.yamaguchi.lg.jp/uploaded/attachment/207634.xls,,374,洋式トイレあり,
35,山口県,35203,山口市,,ベルコシティホール小郡,,公民館・会館,,山口市小郡下郷2918-9,,,,,yes,,,,,,,,,,,,,,,,,,,,,,,,,,,yamaguchi-barrier-free,山口県バリアフリー施設データベース,https://www.pref.yamaguchi.lg.jp/uploaded/attachment/207634.xls,,375,,
35,山口県,35203,山口市,,阿知須地域交流センター,,公民館・会館,,山口市阿知須2743,,,,,yes,,,,,,,,,,,,,,,,,,,,,,,,,,,yamaguchi-barrier-free,山口県バリアフリー施設データベース,https://www.pref.yamaguchi.lg.jp/uploaded/attachment/207634.xls,,376,,
35,山口県,35203,山口市,,健康文化センターフィッカルあじす,,公民館・会館,,山口市阿知須4836-7,,,,,yes,,,,,,,,,,,,,,,,,,,,,,,,,,,yamaguchi-barrier-free,山口県バリアフリー施設データベース,https://www.pref.yamaguchi.lg.jp/uploaded/attachment/207634.xls,,377,,
35,山口県,35203,山口市,,阿東地域交流センター生雲分館,,公民館・会館,,山口市生雲中188-2,,,,,yes,,,,,,,,,,,,,,,,,,,,,,,,,,,yamaguchi-barrier-free,山口県バリアフリー施設データベース,https://www.pref.yamaguchi.lg.jp/uploaded/attachment/207634.xls,,378,洋式トイレあり / 男子用トイレ手すりあり,
35,山口県,35203,山口市,,阿東地域交流センター嘉年分館,,公民館・会館,,山口市嘉年大迫,,,,,yes,,,,,,,,,,,,,,,,,,,,,,,,,,,yamaguchi-barrier-free,山口県バリアフリー施設データベース,https://www.pref.yamaguchi.lg.jp/uploaded/attachment/207634.xls,,379,,
35,山口県,35203,山口市,,山口情報芸術センター,,公民館・会館,,山口市中園町7-7,,,,yes,yes,,,,,,,yes,,yes,,,,,,,,,,,,,,,yes,,,yamaguchi-barrier-free,山口県バリアフリー施設データベース,https://www.pref.yamaguchi.lg.jp/uploaded/attachment/207634.xls,,380,洋式トイレあり,
35,山口県,35203,山口市,,国保会館,,公民館・会館,,山口市朝田1980-7,,,,yes,yes,,,,,,,yes,,,,,,,,,,,,,,,,,yes,,,yamaguchi-barrier-free,山口県バリアフリー施設データベース,https://www.pref.yamaguchi.lg.jp/uploaded/attachment/207634.xls,,381,洋式トイレあり / 男子用トイレ手すりあり,
35,山口県,35203,山口市,,山口市立阿知須図書館,,公民館・会館,,山口市阿知須2737-1,,,,yes,,,,,,,,yes,,yes,,,,,,,,,,,,,,,yes,,,yamaguchi-barrier-free,山口県バリアフリー施設データベース,https://www.pref.yamaguchi.lg.jp/uploaded/attachment/207634.xls,,382,洋式トイレあり,
35,山口県,35203,山口市,,山口市徳地文化ホール,,公民館・会館,,山口市徳地堀1527-3,,,,yes,yes,,,,,,,yes,,yes,,,,,,,,,,,,,,,,,,yamaguchi-barrier-free,山口県バリアフリー施設データベース,https://www.pref.yamaguchi.lg.jp/uploaded/attachment/207634.xls,,383,洋式トイレあり / 男子用トイレ手すりあり,
35,山口県,35203,山口市,,山口県セミナーパーク（管理・理科研修棟）,,公民館・会館,,山口市秋穂二島1062,,,,,yes,,,,,,,,,,,,,,,,,,,,,,,,yes,,,yamaguchi-barrier-free,山口県バリアフリー施設データベース,https://www.pref.yamaguchi.lg.jp/uploaded/attachment/207634.xls,,384,洋式トイレあり,
35,山口県,35203,山口市,,山口県セミナーパーク（一般研修棟）,,公民館・会館,,山口市秋穂二島1062,,,,,yes,,,,,,,,,,,,,,,,,,,,,,,,,,,yamaguchi-barrier-free,山口県バリアフリー施設データベース,https://www.pref.yamaguchi.lg.jp/uploaded/attachment/207634.xls,,385,洋式トイレあり,
35,山口県,35203,山口市,,山口県セミナーパーク（講堂）,,公民館・会館,,山口市秋穂二島1062,,,,,yes,,,,,,,,,,,,,,,,,,,,,,,,,,,yamaguchi-barrier-free,山口県バリアフリー施設データベース,https://www.pref.yamaguchi.lg.jp/uploaded/attachment/207634.xls,,386,洋式トイレあり,
35,山口県,35203,山口市,,山口県セミナーパーク（社会福祉研修棟）,,公民館・会館,,山口市秋穂二島1062,,,,yes,,,,,,,,,,yes,,,,,,,,,,,,,,,,,,yamaguchi-barrier-free,山口県バリアフリー施設データベース,https://www.pref.yamaguchi.lg.jp/uploaded/attachment/207634.xls,,387,洋式トイレあり / 男子用トイレ手すりあり,
35,山口県,35203,山口市,,山口県若者就職支援センター,,公民館・会館,,山口市小郡高砂1-21,,,,yes,,,,,,,,yes,,yes,,,,,,,,,,,,,,,,,,yamaguchi-barrier-free,山口県バリアフリー施設データベース,https://www.pref.yamaguchi.lg.jp/uploaded/attachment/207634.xls,,388,洋式トイレあり,
35,山口県,35203,山口市,,山口市阿東地域交流センター,,公民館・会館,,山口市阿東徳佐中3425番地1,,,,yes,yes,,,,,,,yes,,yes,,,,,,,,,,,,,,,yes,,,yamaguchi-barrier-free,山口県バリアフリー施設データベース,https://www.pref.yamaguchi.lg.jp/uploaded/attachment/207634.xls,,389,洋式トイレあり / 男子用トイレ手すりあり,
35,山口県,35203,山口市,,山口市市民活動支援センターさぽらんて,,公民館・会館,,山口市道場門前１丁目2-3-6　どうもんビル１F,,,,yes,yes,,,,,,,yes,,yes,,,,,,,,,,,,,,,yes,,,yamaguchi-barrier-free,山口県バリアフリー施設データベース,https://www.pref.yamaguchi.lg.jp/uploaded/attachment/207634.xls,,390,洋式トイレあり / 男子用トイレ手すりあり,
35,山口県,35203,山口市,,KDDI維新ホール,,公民館・会館,,山口市小郡令和一丁目1番1号,,,,yes,yes,,,,,,,yes,,yes,,,,,,,,,,,,,,,yes,,,yamaguchi-barrier-free,山口県バリアフリー施設データベース,https://www.pref.yamaguchi.lg.jp/uploaded/attachment/207634.xls,,391,洋式トイレあり / 男子用トイレ手すりあり,
35,山口県,35203,山口市,,防長苑,,宿泊施設,,山口市熊野町4-29,,,,,yes,,,,,,,,,,,,,,,,,,,,,,,,,,,yamaguchi-barrier-free,山口県バリアフリー施設データベース,https://www.pref.yamaguchi.lg.jp/uploaded/attachment/207634.xls,,392,洋式トイレあり,
35,山口県,35203,山口市,,国立山口徳地少年自然の家,,宿泊施設,,山口市徳地船路668,,,,,yes,,,,,,,,,,,,,,,,,,,,,,,,,,,yamaguchi-barrier-free,山口県バリアフリー施設データベース,https://www.pref.yamaguchi.lg.jp/uploaded/attachment/207634.xls,,393,洋式トイレあり / 男子用トイレ手すりあり,
35,山口県,35203,山口市,,山口グランドホテル,,宿泊施設,,山口市小郡黄金町1-1,,,,,yes,,,,,,,,,,,,,,,,,,,,,,,,,,,yamaguchi-barrier-free,山口県バリアフリー施設データベース,https://www.pref.yamaguchi.lg.jp/uploaded/attachment/207634.xls,,394,洋式トイレあり,
35,山口県,35203,山口市,,国民宿舎秋穂荘,,宿泊施設,,山口市秋穂東768-13,,,,,yes,,,,,,,,,,,,,,,,,,,,,,,,,,,yamaguchi-barrier-free,山口県バリアフリー施設データベース,https://www.pref.yamaguchi.lg.jp/uploaded/attachment/207634.xls,,395,洋式トイレあり,
35,山口県,35203,山口市,,山口県セミナーパーク（宿泊棟）,,宿泊施設,,山口市秋穂二島1062,,,,,,,,,,,,,,,,,,,,,,,,,,,,,,,,yamaguchi-barrier-free,山口県バリアフリー施設データベース,https://www.pref.yamaguchi.lg.jp/uploaded/attachment/207634.xls,,396,洋式トイレあり,
35,山口県,35203,山口市,,セントコア山口,,宿泊施設,,山口市湯田温泉3-2-7,,,,yes,,,,,,,,,,yes,,,,,,,,,,,,,,,,,,yamaguchi-barrier-free,山口県バリアフリー施設データベース,https://www.pref.yamaguchi.lg.jp/uploaded/attachment/207634.xls,,397,洋式トイレあり,
35,山口県,35203,山口市,,道の駅仁保の郷,,商業・物販施設,,山口市大字仁保中郷1034,,,,yes,,,,,,,,,,yes,,,,,,,,,,,,,,,yes,,,yamaguchi-barrier-free,山口県バリアフリー施設データベース,https://www.pref.yamaguchi.lg.jp/uploaded/attachment/207634.xls,,398,洋式トイレあり / 男子用トイレ手すりあり,
35,山口県,35203,山口市,,（株）ＮＴＴドコモ山口支店ビル,,商業・物販施設,,山口市熊野町1-15,,,,,yes,,,,,,,,,,,,,,,,,,,,,,,,,,,yamaguchi-barrier-free,山口県バリアフリー施設データベース,https://www.pref.yamaguchi.lg.jp/uploaded/attachment/207634.xls,,400,,
35,山口県,35203,山口市,,チュラム,,商業・物販施設,,山口市駅通り1-2-14,,,,,yes,,,,,,,,,,,,,,,,,,,,,,,,,,,yamaguchi-barrier-free,山口県バリアフリー施設データベース,https://www.pref.yamaguchi.lg.jp/uploaded/attachment/207634.xls,,401,,
35,山口県,35203,山口市,,道の駅あいお,,商業・物販施設,,山口市秋穂東1520-4,,,,yes,,,,,,,,yes,,yes,,,,,,,,,,,,,,,,,,yamaguchi-barrier-free,山口県バリアフリー施設データベース,https://www.pref.yamaguchi.lg.jp/uploaded/attachment/207634.xls,,402,洋式トイレあり / 男子用トイレ手すりあり,
35,山口県,35203,山口市,,秋穂ショッピングセンタートーク,,商業・物販施設,,山口市秋穂東6746-1,,,,,yes,,,,,,,,,,,,,,,,,,,,,,,,,,,yamaguchi-barrier-free,山口県バリアフリー施設データベース,https://www.pref.yamaguchi.lg.jp/uploaded/attachment/207634.xls,,403,,
35,山口県,35203,山口市,,ザ･ビッグ小郡店,,商業・物販施設,,山口市小郡下郷763-2,,,,,yes,,,,,,,,,,,,,,,,,,,,,,,,,,,yamaguchi-barrier-free,山口県バリアフリー施設データベース,https://www.pref.yamaguchi.lg.jp/uploaded/attachment/207634.xls,,404,,
35,山口県,35203,山口市,,ホームプラザナフコ小郡店,,商業・物販施設,,山口市小郡花園7-4,,,,,yes,,,,,,,,,,,,,,,,,,,,,,,,,,,yamaguchi-barrier-free,山口県バリアフリー施設データベース,https://www.pref.yamaguchi.lg.jp/uploaded/attachment/207634.xls,,405,,
35,山口県,35203,山口市,,サンパークあじす,,商業・物販施設,,山口市阿知須4825-1,,,,,yes,,,,,,,,,,,,,,,,,,,,,,,,,,,yamaguchi-barrier-free,山口県バリアフリー施設データベース,https://www.pref.yamaguchi.lg.jp/uploaded/attachment/207634.xls,,406,男子用トイレ手すりあり,
35,山口県,35203,山口市,,道の駅長門峡,,商業・物販施設,,山口市大字生雲東分47-1,,,,,yes,,,,,,,,,,,,,,,,,,,,,,,,,,,yamaguchi-barrier-free,山口県バリアフリー施設データベース,https://www.pref.yamaguchi.lg.jp/uploaded/attachment/207634.xls,,407,,
35,山口県,35203,山口市,,願成就温泉（施設の外）,,商業・物販施設,,山口市徳佐上2-95,,,,,yes,,,,,,,,,,,,,,,,,,,,,,,,,,,yamaguchi-barrier-free,山口県バリアフリー施設データベース,https://www.pref.yamaguchi.lg.jp/uploaded/attachment/207634.xls,,408,男子用トイレ手すりあり,
35,山口県,35203,山口市,,願成就温泉（施設の内）,,商業・物販施設,,山口市徳佐上2-95,,,,,yes,,,,,,,,,,,,,,,,,,,,,,,,,,,yamaguchi-barrier-free,山口県バリアフリー施設データベース,https://www.pref.yamaguchi.lg.jp/uploaded/attachment/207634.xls,,409,男子用トイレ手すりあり,
35,山口県,35203,山口市,,船方総合農場,,商業・物販施設,,山口市徳佐下1450-39,,,,,yes,,,,,,,,,,,,,,,,,,,,,,,,,,,yamaguchi-barrier-free,山口県バリアフリー施設データベース,https://www.pref.yamaguchi.lg.jp/uploaded/attachment/207634.xls,,410,男子用トイレ手すりあり,
35,山口県,35203,山口市,,徳佐りんご園,,商業・物販施設,,山口市徳佐鍋倉,,,,,yes,,,,,,,,,,,,,,,,,,,,,,,,,,,yamaguchi-barrier-free,山口県バリアフリー施設データベース,https://www.pref.yamaguchi.lg.jp/uploaded/attachment/207634.xls,,411,,
35,山口県,35203,山口市,,ホームプラザナフコ徳佐店,,商業・物販施設,,山口市大字徳佐中3708-1,,,,,yes,,,,,,,,,,,,,,,,,,,,,,,,yes,,,yamaguchi-barrier-free,山口県バリアフリー施設データベース,https://www.pref.yamaguchi.lg.jp/uploaded/attachment/207634.xls,,412,洋式トイレあり / 男子用トイレ手すりあり,
35,山口県,35203,山口市,,日本放送協会（ＮＨＫ）山口放送局,,商業・物販施設,,山口市中園町2-1,,,,yes,yes,,,,,,,yes,,yes,,,,,,,,,,,,,,,,,,yamaguchi-barrier-free,山口県バリアフリー施設データベース,https://www.pref.yamaguchi.lg.jp/uploaded/attachment/207634.xls,,413,洋式トイレあり / 男子用トイレ手すりあり,
35,山口県,35203,山口市,,道の駅きららあじす,,商業・物販施設,,山口市阿知須10509-88,,,,yes,yes,,,,,,,yes,,yes,,,,,,,,,,,,,,,yes,,,yamaguchi-barrier-free,山口県バリアフリー施設データベース,https://www.pref.yamaguchi.lg.jp/uploaded/attachment/207634.xls,,414,洋式トイレあり,
35,山口県,35203,山口市,,ＡＵショップ新山口,,商業・物販施設,,山口市小郡下郷789-11,,,,yes,yes,,,,,,,,,yes,,,,,,,,,,,,,,,,,,yamaguchi-barrier-free,山口県バリアフリー施設データベース,https://www.pref.yamaguchi.lg.jp/uploaded/attachment/207634.xls,,415,洋式トイレあり / 男子用トイレ手すりあり,
35,山口県,35203,山口市,,フジグラン山口店,,商業・物販施設,,山口市大字黒川3736,,,,yes,yes,,,,,,,,,yes,,,,,,,,,,,,,,,yes,,,yamaguchi-barrier-free,山口県バリアフリー施設データベース,https://www.pref.yamaguchi.lg.jp/uploaded/attachment/207634.xls,,416,洋式トイレあり,
35,山口県,35203,山口市,,ナフコホームセンター山口店,,商業・物販施設,,山口市大字朝田780-3,,,,,yes,,,,,,,,,,,,,,,,,,,,,,,,,,,yamaguchi-barrier-free,山口県バリアフリー施設データベース,https://www.pref.yamaguchi.lg.jp/uploaded/attachment/207634.xls,,417,,
35,山口県,35203,山口市,,ミスターマックス山口店,,商業・物販施設,,山口市大字黒川82-1,,,,,yes,,,,,,,,,,,,,,,,,,,,,,,,yes,,,yamaguchi-barrier-free,山口県バリアフリー施設データベース,https://www.pref.yamaguchi.lg.jp/uploaded/attachment/207634.xls,,418,,
35,山口県,35203,山口市,,山口県長者ヶ原グリーンスポーツ広場,,スポーツ・遊技施設,,山口市徳地船路字台山668,,,,,yes,,,,,,,,,,,,,,,,,,,,,,,,,,,yamaguchi-barrier-free,山口県バリアフリー施設データベース,https://www.pref.yamaguchi.lg.jp/uploaded/attachment/207634.xls,,419,,
35,山口県,35203,山口市,,阿知須体育センター,,スポーツ・遊技施設,,山口市阿知須2751,,,,,yes,,,,,,,,,,,,,,,,,,,,,,,,,,,yamaguchi-barrier-free,山口県バリアフリー施設データベース,https://www.pref.yamaguchi.lg.jp/uploaded/attachment/207634.xls,,420,,
35,山口県,35203,山口市,,十種ヶ峰オートキャンプ場（管理棟）,,スポーツ・遊技施設,,山口市嘉年下1505-1,,,,,yes,,,,,,,,,,,,,,,,,,,,,,,,,,,yamaguchi-barrier-free,山口県バリアフリー施設データベース,https://www.pref.yamaguchi.lg.jp/uploaded/attachment/207634.xls,,421,,
35,山口県,35203,山口市,,ＪＲＡウインズ小郡,,スポーツ・遊技施設,,山口市小郡上郷5360,,,,yes,yes,,,,,,,,,yes,,,,,,,,,,,,,,,yes,,,yamaguchi-barrier-free,山口県バリアフリー施設データベース,https://www.pref.yamaguchi.lg.jp/uploaded/attachment/207634.xls,,422,洋式トイレあり,
35,山口県,35203,山口市,,山口市徳地体育館,,スポーツ・遊技施設,,山口市徳地堀1537,,,,,yes,,,,,,,,,,,,,,,,,,,,,,,,,,,yamaguchi-barrier-free,山口県バリアフリー施設データベース,https://www.pref.yamaguchi.lg.jp/uploaded/attachment/207634.xls,,423,洋式トイレあり,
35,山口県,35203,山口市,,山口県セミナーパーク（体育館）,,スポーツ・遊技施設,,山口市秋穂二島1062,,,,,yes,,,,,,,,,,,,,,,,,,,,,,,,,,,yamaguchi-barrier-free,山口県バリアフリー施設データベース,https://www.pref.yamaguchi.lg.jp/uploaded/attachment/207634.xls,,424,洋式トイレあり,
35,山口県,35203,山口市,,"山口県セミナーパーク
（スポーツクラブハウス）",,スポーツ・遊技施設,,山口市秋穂二島1062,,,,yes,,,,,,,,yes,,yes,,,,,,,,,,,,,,,,,,yamaguchi-barrier-free,山口県バリアフリー施設データベース,https://www.pref.yamaguchi.lg.jp/uploaded/attachment/207634.xls,,425,洋式トイレあり / 男子用トイレ手すりあり,
35,山口県,35203,山口市,,山口きらら博記念公園（多目的ドーム）,,スポーツ・遊技施設,,山口市阿知須509-50,,,,yes,,,,,,,,yes,,yes,,,,,,,,,,,,,,,yes,,,yamaguchi-barrier-free,山口県バリアフリー施設データベース,https://www.pref.yamaguchi.lg.jp/uploaded/attachment/207634.xls,,426,洋式トイレあり / 男子用トイレ手すりあり,
35,山口県,35203,山口市,,県庁バス停下り線トイレ,,トイレ,,山口市滝町1-1,,,,,yes,,,,,,,,,,,,,,,,,,,,,,,,,,,yamaguchi-barrier-free,山口県バリアフリー施設データベース,https://www.pref.yamaguchi.lg.jp/uploaded/attachment/207634.xls,,427,,
35,山口県,35203,山口市,,亀山公園テニスコート側トイレ,,トイレ,,山口市亀山町,,,,yes,,,,,,,,,,yes,,,,,,,,,,,,,,,,,,yamaguchi-barrier-free,山口県バリアフリー施設データベース,https://www.pref.yamaguchi.lg.jp/uploaded/attachment/207634.xls,,428,男子用トイレ手すりあり,
35,山口県,35203,山口市,,井上公園トイレ,,トイレ,,山口市湯田温泉,,,,yes,,,,,,,,yes,,yes,,,,,,,,,,,,,,,,,,yamaguchi-barrier-free,山口県バリアフリー施設データベース,https://www.pref.yamaguchi.lg.jp/uploaded/attachment/207634.xls,,429,洋式トイレあり,
35,山口県,35203,山口市,,亀山公園教育会館側トイレ,,トイレ,,山口市亀山町,,,,,yes,,,,,,,,,,,,,,,,,,,,,,,,,,,yamaguchi-barrier-free,山口県バリアフリー施設データベース,https://www.pref.yamaguchi.lg.jp/uploaded/attachment/207634.xls,,430,,
35,山口県,35203,山口市,,県庁バス停上り線トイレ,,トイレ,,山口市滝町1-1,,,,,yes,,,,,,,,,,,,,,,,,,,,,,,,,,,yamaguchi-barrier-free,山口県バリアフリー施設データベース,https://www.pref.yamaguchi.lg.jp/uploaded/attachment/207634.xls,,431,,
35,山口県,35203,山口市,,五重塔前トイレ,,トイレ,,山口市亀山町,,,,yes,,,,,,,,,,yes,,,,,,,,,,,,,,,,,,yamaguchi-barrier-free,山口県バリアフリー施設データベース,https://www.pref.yamaguchi.lg.jp/uploaded/attachment/207634.xls,,432,洋式トイレあり / 男子用トイレ手すりあり,
35,山口県,35203,山口市,,中央公園トイレ,,トイレ,,山口市中園町,,,,yes,,,,,,,,yes,,yes,,,,,,,,,,,,,,,,,,yamaguchi-barrier-free,山口県バリアフリー施設データベース,https://www.pref.yamaguchi.lg.jp/uploaded/attachment/207634.xls,,433,洋式トイレあり / 男子用トイレ手すりあり,
35,山口県,35203,山口市,,上郷駅前トイレ,,トイレ,,山口市小郡上郷3412-4,,,,yes,,,,,,,,yes,,yes,,,,,,,,,,,,,,,,,,yamaguchi-barrier-free,山口県バリアフリー施設データベース,https://www.pref.yamaguchi.lg.jp/uploaded/attachment/207634.xls,,434,,
35,山口県,35203,山口市,,JR阿知須駅前公衆トイレ,,トイレ,,山口市阿知須4775,,,,yes,,,,,,,,yes,,yes,,,,,,,,,,,,,,,,,,yamaguchi-barrier-free,山口県バリアフリー施設データベース,https://www.pref.yamaguchi.lg.jp/uploaded/attachment/207634.xls,,435,男子用トイレ手すりあり,
35,山口県,35203,山口市,,阿東老人ホーム（屋外便所）,,トイレ,,山口市大字生雲中300,,,,,yes,,,,,,,,,,,,,,,,,,,,,,,,,,,yamaguchi-barrier-free,山口県バリアフリー施設データベース,https://www.pref.yamaguchi.lg.jp/uploaded/attachment/207634.xls,,436,,
35,山口県,35203,山口市,,"山口県セミナーパーク
（運動広場屋外便所）",,トイレ,,山口市秋穂二島1062,,,,,yes,,,,,,,,,,,,,,,,,,,,,,,,,,,yamaguchi-barrier-free,山口県バリアフリー施設データベース,https://www.pref.yamaguchi.lg.jp/uploaded/attachment/207634.xls,,437,洋式トイレあり,
35,山口県,35203,山口市,,"山口県セミナーパーク
（自然ふれあいゾーン屋外便所）",,トイレ,,山口市秋穂二島1062,,,,,yes,,,,,,,,,,,,,,,,,,,,,,,,,,,yamaguchi-barrier-free,山口県バリアフリー施設データベース,https://www.pref.yamaguchi.lg.jp/uploaded/attachment/207634.xls,,438,洋式トイレあり,
35,山口県,35204,萩市,,都志見病院,,医療・福祉,,萩市江向413-1,,,,,yes,,,,,,,,,,,,,,,,,,,,,,,,,,,yamaguchi-barrier-free,山口県バリアフリー施設データベース,https://www.pref.yamaguchi.lg.jp/uploaded/attachment/207634.xls,,440,洋式トイレあり / 男子用トイレ手すりあり,
35,山口県,35204,萩市,,須佐診療所,,医療・福祉,,萩市須佐本町下,,,,,yes,,,,,,,,,,,,,,,,,,,,,,,,,,,yamaguchi-barrier-free,山口県バリアフリー施設データベース,https://www.pref.yamaguchi.lg.jp/uploaded/attachment/207634.xls,,441,洋式トイレあり / 男子用トイレ手すりあり,
35,山口県,35204,萩市,,萩市旭保健センター,,医療・福祉,,萩市佐々並2493-4,,,,,yes,,,,,,,,,,,,,,,,,,,,,,,,,,,yamaguchi-barrier-free,山口県バリアフリー施設データベース,https://www.pref.yamaguchi.lg.jp/uploaded/attachment/207634.xls,,442,,
35,山口県,35204,萩市,,萩市福栄保健センター,,医療・福祉,,萩市福井下3999-6,,,,,yes,,,,,,,,,,,,,,,,,,,,,,,,,,,yamaguchi-barrier-free,山口県バリアフリー施設データベース,https://www.pref.yamaguchi.lg.jp/uploaded/attachment/207634.xls,,443,,
35,山口県,35204,萩市,,萩市保健センター,,医療・福祉,,萩市大字平安古町209-1,,,,,yes,,,,,,,,,,,,,,,,,,,,,,,,,,,yamaguchi-barrier-free,山口県バリアフリー施設データベース,https://www.pref.yamaguchi.lg.jp/uploaded/attachment/207634.xls,,444,,
35,山口県,35204,萩市,,萩市民病院,,医療・福祉,,萩市大字椿3460-3,,,,yes,yes,,,,,,,,,yes,,,,,,,,,,,,,,,yes,,,yamaguchi-barrier-free,山口県バリアフリー施設データベース,https://www.pref.yamaguchi.lg.jp/uploaded/attachment/207634.xls,,445,洋式トイレあり / 男子用トイレ手すりあり,
35,山口県,35204,萩市,,萩市田万川保健センター,,医療・福祉,,萩市大字下田万1036,,,,yes,,,,,,,,,,yes,,,,,,,,,,,,,,,,,,yamaguchi-barrier-free,山口県バリアフリー施設データベース,https://www.pref.yamaguchi.lg.jp/uploaded/attachment/207634.xls,,446,洋式トイレあり / 男子用トイレ手すりあり,
35,山口県,35204,萩市,,萩市川上保健センター,,医療・福祉,,萩市川上4502-2,,,,,yes,,,,,,,,,,,,,,,,,,,,,,,,,,,yamaguchi-barrier-free,山口県バリアフリー施設データベース,https://www.pref.yamaguchi.lg.jp/uploaded/attachment/207634.xls,,447,洋式トイレあり,
35,山口県,35204,萩市,,むつみ診療所,,医療・福祉,,萩市大字吉部上3174-2,,,,,yes,,,,,,,,,,,,,,,,,,,,,,,,,,,yamaguchi-barrier-free,山口県バリアフリー施設データベース,https://www.pref.yamaguchi.lg.jp/uploaded/attachment/207634.xls,,448,,
35,山口県,35204,萩市,,福川診療所,,医療・福祉,,萩市大字福井下3989,,,,,yes,,,,,,,,,,,,,,,,,,,,,,,,,,,yamaguchi-barrier-free,山口県バリアフリー施設データベース,https://www.pref.yamaguchi.lg.jp/uploaded/attachment/207634.xls,,449,洋式トイレあり,
35,山口県,35204,萩市,,萩市福栄老人福祉センター,,医療・福祉,,萩市大字紫福3446-1,,,,,yes,,,,,,,,,,,,,,,,,,,,,,,,,,,yamaguchi-barrier-free,山口県バリアフリー施設データベース,https://www.pref.yamaguchi.lg.jp/uploaded/attachment/207634.xls,,450,洋式トイレあり,
35,山口県,35204,萩市,,山口県立萩総合支援学校,,学校,,萩市椿東5816-1,,,,,yes,,,,,,,,,,,,,,,,,,,,,,,,,,,yamaguchi-barrier-free,山口県バリアフリー施設データベース,https://www.pref.yamaguchi.lg.jp/uploaded/attachment/207634.xls,,451,洋式トイレあり / 男子用トイレ手すりあり,
35,山口県,35204,萩市,,松陰神社,,観光施設,,萩市椿東1537,,,,,yes,,,,,,,,,,,,,,,,,,,,,,,,,,,yamaguchi-barrier-free,山口県バリアフリー施設データベース,https://www.pref.yamaguchi.lg.jp/uploaded/attachment/207634.xls,,452,,
35,山口県,35204,萩市,,山口県立萩美術館・浦上記念館,,観光施設,,萩市平安古586-1,,,,,yes,,,,,,,,,,,,,,,,,,,,,,,,yes,,,yamaguchi-barrier-free,山口県バリアフリー施設データベース,https://www.pref.yamaguchi.lg.jp/uploaded/attachment/207634.xls,,453,洋式トイレあり / 男子用トイレ手すりあり,
35,山口県,35204,萩市,,萩博物館,,観光施設,,萩市大字堀内355,,,,yes,yes,,,,,,,yes,,,,,,,,,,,,,,,,,,,,yamaguchi-barrier-free,山口県バリアフリー施設データベース,https://www.pref.yamaguchi.lg.jp/uploaded/attachment/207634.xls,,454,洋式トイレあり / 男子用トイレ手すりあり,
35,山口県,35204,萩市,,ふれあいすさ休憩所,,観光施設,,萩市大字須佐429-4,,,,,yes,,,,,,,,,,,,,,,,,,,,,,,,,,,yamaguchi-barrier-free,山口県バリアフリー施設データベース,https://www.pref.yamaguchi.lg.jp/uploaded/attachment/207634.xls,,455,男子用トイレ手すりあり,
35,山口県,35204,萩市,,萩年金事務所,,官公庁,,萩市江向323-1,,,,,yes,,,,,,,,,,,,,,,,,,,,,,,,,,,yamaguchi-barrier-free,山口県バリアフリー施設データベース,https://www.pref.yamaguchi.lg.jp/uploaded/attachment/207634.xls,,456,,
35,山口県,35204,萩市,,山口県萩総合庁舎,,官公庁,,萩市江向531-3,,,,yes,yes,,,,,,,yes,,,,,,,,,,,,,,,,,,,,yamaguchi-barrier-free,山口県バリアフリー施設データベース,https://www.pref.yamaguchi.lg.jp/uploaded/attachment/207634.xls,,457,,
35,山口県,35204,萩市,,萩合同庁舎,,官公庁,,萩市平安古599-3,,,,,yes,,,,,,,,,,,,,,,,,,,,,,,,,,,yamaguchi-barrier-free,山口県バリアフリー施設データベース,https://www.pref.yamaguchi.lg.jp/uploaded/attachment/207634.xls,,458,洋式トイレあり / 男子用トイレ手すりあり,
35,山口県,35204,萩市,,萩市役所,,官公庁,,萩市江向510,,,,yes,,,,,,,,yes,,yes,,,,,,,,,,,,,,,,,,yamaguchi-barrier-free,山口県バリアフリー施設データベース,https://www.pref.yamaguchi.lg.jp/uploaded/attachment/207634.xls,,459,洋式トイレあり,
35,山口県,35204,萩市,,萩税務署,,官公庁,,萩市大字唐樋町3-7,,,,,yes,,,,,,,,,,,,,,,,,,,,,,,,,,,yamaguchi-barrier-free,山口県バリアフリー施設データベース,https://www.pref.yamaguchi.lg.jp/uploaded/attachment/207634.xls,,460,,
35,山口県,35204,萩市,,山口地方裁判所萩支部,,官公庁,,萩市大字江向469,,,,,yes,,,,,,,,,,,,,,,,,,,,,,,,,,,yamaguchi-barrier-free,山口県バリアフリー施設データベース,https://www.pref.yamaguchi.lg.jp/uploaded/attachment/207634.xls,,461,,
35,山口県,35204,萩市,,萩総合福祉センター,,官公庁,,萩市江向356-3,,,,,yes,,,,,,,,,,,,,,,,,,,,,,,,,,,yamaguchi-barrier-free,山口県バリアフリー施設データベース,https://www.pref.yamaguchi.lg.jp/uploaded/attachment/207634.xls,,462,,
35,山口県,35204,萩市,,萩市むつみ総合事務所,,官公庁,,萩市吉部上3191-1,,,,,yes,,,,,,,,,,,,,,,,,,,,,,,,,,,yamaguchi-barrier-free,山口県バリアフリー施設データベース,https://www.pref.yamaguchi.lg.jp/uploaded/attachment/207634.xls,,465,,
35,山口県,35204,萩市,,萩市高俣支所,,官公庁,,萩市高佐下744,,,,,,,,,,,,,,,,,,,,,,,,,,,,,,,,yamaguchi-barrier-free,山口県バリアフリー施設データベース,https://www.pref.yamaguchi.lg.jp/uploaded/attachment/207634.xls,,466,男子用トイレ手すりあり,
35,山口県,35204,萩市,,萩市旭総合事務所,,官公庁,,萩市明木3174,,,,,yes,,,,,,,,,,,,,,,,,,,,,,,,,,,yamaguchi-barrier-free,山口県バリアフリー施設データベース,https://www.pref.yamaguchi.lg.jp/uploaded/attachment/207634.xls,,467,,
35,山口県,35204,萩市,,萩市須佐総合事務所,,官公庁,,萩市大字須佐4570-5,,,,,yes,,,,,,,,,,,,,,,,,,,,,,,,,,,yamaguchi-barrier-free,山口県バリアフリー施設データベース,https://www.pref.yamaguchi.lg.jp/uploaded/attachment/207634.xls,,469,洋式トイレあり / 男子用トイレ手すりあり,
35,山口県,35204,萩市,,萩郵便局,,銀行・郵便局,,萩市江向440-1,,,,,yes,,,,,,,,,,,,,,,,,,,,,,,,,,,yamaguchi-barrier-free,山口県バリアフリー施設データベース,https://www.pref.yamaguchi.lg.jp/uploaded/attachment/207634.xls,,470,,
35,山口県,35204,萩市,,萩市大島漁港緑地広場,,公園,,萩市大島長浜520-6,,,,yes,,,,,,,,,,yes,,,,,,,,,,,,,,,,,,yamaguchi-barrier-free,山口県バリアフリー施設データベース,https://www.pref.yamaguchi.lg.jp/uploaded/attachment/207634.xls,,471,,
35,山口県,35204,萩市,,萩市弥富ふれあい公園,,公園,,萩市大字弥富下1029-1,,,,,yes,,,,,,,,,,,,,,,,,,,,,,,,,,,yamaguchi-barrier-free,山口県バリアフリー施設データベース,https://www.pref.yamaguchi.lg.jp/uploaded/attachment/207634.xls,,472,男子用トイレ手すりあり,
35,山口県,35204,萩市,,美萩海浜公園（萩漁港）,,公園,,萩市椿東,,,,yes,,,,,,,,,,yes,,,,,,,,,,,,,,,,,,yamaguchi-barrier-free,山口県バリアフリー施設データベース,https://www.pref.yamaguchi.lg.jp/uploaded/attachment/207634.xls,,473,,
35,山口県,35204,萩市,,潟港2号緑地（イベント広場）,,公園,,萩市大字椿東字釜屋地先,,,,yes,,,,,,,,,,yes,,,,,,,,,,,,,,,,,,yamaguchi-barrier-free,山口県バリアフリー施設データベース,https://www.pref.yamaguchi.lg.jp/uploaded/attachment/207634.xls,,474,,
35,山口県,35204,萩市,,浜崎緑地公園,,公園,,萩市大字東浜崎地先,,,,,yes,,,,,,,,,,,,,,,,,,,,,,,,,,,yamaguchi-barrier-free,山口県バリアフリー施設データベース,https://www.pref.yamaguchi.lg.jp/uploaded/attachment/207634.xls,,475,,
35,山口県,35204,萩市,,東萩駅（山陰本線）,,交通機関,,萩市大字椿東字大広津,,,,,,,,,,,,,,,,,,,,,,,,,,,,,,,,yamaguchi-barrier-free,山口県バリアフリー施設データベース,https://www.pref.yamaguchi.lg.jp/uploaded/attachment/207634.xls,,477,男子用トイレ手すりあり,
35,山口県,35204,萩市,,サンライフ萩,,公民館・会館,,萩市土原526,,,,,yes,,,,,,,,,,,,,,,,,,,,,,,,,,,yamaguchi-barrier-free,山口県バリアフリー施設データベース,https://www.pref.yamaguchi.lg.jp/uploaded/attachment/207634.xls,,478,,
35,山口県,35204,萩市,,萩市民館,,公民館・会館,,萩市江向495-4,,,,yes,yes,,,,,,,yes,,,,,,,,,,,,,,,,,,,,yamaguchi-barrier-free,山口県バリアフリー施設データベース,https://www.pref.yamaguchi.lg.jp/uploaded/attachment/207634.xls,,479,,
35,山口県,35204,萩市,,萩市立図書館,,公民館・会館,,萩市江向552-2,,,,,yes,,,,,,,,,,,,,,,,,,,,,,,,,,,yamaguchi-barrier-free,山口県バリアフリー施設データベース,https://www.pref.yamaguchi.lg.jp/uploaded/attachment/207634.xls,,480,,
35,山口県,35204,萩市,,阿武川温泉ふれあい会館,,公民館・会館,,萩市川上岡4892-1,,,,,yes,,,,,,,,,,,,,,,,,,,,,,,,,,,yamaguchi-barrier-free,山口県バリアフリー施設データベース,https://www.pref.yamaguchi.lg.jp/uploaded/attachment/207634.xls,,481,洋式トイレあり / 男子用トイレ手すりあり,
35,山口県,35204,萩市,,萩市川上公民館,,公民館・会館,,萩市川上4527,,,,,yes,,,,,,,,,,,,,,,,,,,,,,,,,,,yamaguchi-barrier-free,山口県バリアフリー施設データベース,https://www.pref.yamaguchi.lg.jp/uploaded/attachment/207634.xls,,482,,
35,山口県,35204,萩市,,萩市むつみ福祉の里ふれあいセンター,,公民館・会館,,萩市大字吉部上3301,,,,,yes,,,,,,,,,,,,,,,,,,,,,,,,,,,yamaguchi-barrier-free,山口県バリアフリー施設データベース,https://www.pref.yamaguchi.lg.jp/uploaded/attachment/207634.xls,,483,,
35,山口県,35204,萩市,,須佐文化センター,,公民館・会館,,萩市大字須佐4570-1,,,,yes,,,,,,,,,,yes,,,,,,,,,,,,,,,,,,yamaguchi-barrier-free,山口県バリアフリー施設データベース,https://www.pref.yamaguchi.lg.jp/uploaded/attachment/207634.xls,,485,洋式トイレあり / 男子用トイレ手すりあり,
35,山口県,35204,萩市,,須佐公民館,,公民館・会館,,萩市大字須佐4570-1,,,,,yes,,,,,,,,,,,,,,,,,,,,,,,,,,,yamaguchi-barrier-free,山口県バリアフリー施設データベース,https://www.pref.yamaguchi.lg.jp/uploaded/attachment/207634.xls,,486,,
35,山口県,35204,萩市,,萩市立須佐図書館,,公民館・会館,,萩市大字須佐4296,,,,,yes,,,,,,,,,,,,,,,,,,,,,,,,,,,yamaguchi-barrier-free,山口県バリアフリー施設データベース,https://www.pref.yamaguchi.lg.jp/uploaded/attachment/207634.xls,,487,男子用トイレ手すりあり,
35,山口県,35204,萩市,,萩市弥富公民館・弥富交流促進センター,,公民館・会館,,萩市大字弥富下4043,,,,,yes,,,,,,,,,,,,,,,,,,,,,,,,,,,yamaguchi-barrier-free,山口県バリアフリー施設データベース,https://www.pref.yamaguchi.lg.jp/uploaded/attachment/207634.xls,,488,男子用トイレ手すりあり,
35,山口県,35204,萩市,,萩市旭マルチメディアセンター,,公民館・会館,,萩市大字明木2959-1,,,,,yes,,,,,,,,,,,,,,,,,,,,,,,,,,,yamaguchi-barrier-free,山口県バリアフリー施設データベース,https://www.pref.yamaguchi.lg.jp/uploaded/attachment/207634.xls,,489,,
35,山口県,35204,萩市,,萩市旭活性化センター,,公民館・会館,,萩市大字佐々並2662-6,,,,yes,,,,,,,,,,yes,,,,,,,,,,,,,,,,,,yamaguchi-barrier-free,山口県バリアフリー施設データベース,https://www.pref.yamaguchi.lg.jp/uploaded/attachment/207634.xls,,490,洋式トイレあり / 男子用トイレ手すりあり,
35,山口県,35204,萩市,,萩市福栄農業担い手センター,,公民館・会館,,萩市大字紫福3446-1,,,,,,,,,,,,,,,,,,,,,,,,,,,,,,,,yamaguchi-barrier-free,山口県バリアフリー施設データベース,https://www.pref.yamaguchi.lg.jp/uploaded/attachment/207634.xls,,491,洋式トイレあり,
35,山口県,35204,萩市,,萩ロイヤルインテリジェントホテル,,宿泊施設,,萩市椿東3000-5,,,,,yes,,,,,,,,,,,,,,,,,,,,,,,,,,,yamaguchi-barrier-free,山口県バリアフリー施設データベース,https://www.pref.yamaguchi.lg.jp/uploaded/attachment/207634.xls,,492,洋式トイレあり,
35,山口県,35204,萩市,,障害者野外活動センター川上すぎのこ村,,宿泊施設,,萩市川上野戸呂,,,,,yes,,,,,,,,,,,,,,,,,,,,,,,,,,,yamaguchi-barrier-free,山口県バリアフリー施設データベース,https://www.pref.yamaguchi.lg.jp/uploaded/attachment/207634.xls,,493,男子用トイレ手すりあり,
35,山口県,35204,萩市,,道の駅しーまーと,,商業・物販施設,,萩市大字椿東字北前小畑4160-61,,,,yes,,,,,,,,,,yes,,,,,,,,,,,,,,,,,,yamaguchi-barrier-free,山口県バリアフリー施設データベース,https://www.pref.yamaguchi.lg.jp/uploaded/attachment/207634.xls,,494,,
35,山口県,35204,萩市,,道の駅萩往還公園,,商業・物販施設,,萩市大字椿鹿背ヶ坂1258,,,,,yes,,,,,,,,,,,,,,,,,,,,,,,,,,,yamaguchi-barrier-free,山口県バリアフリー施設データベース,https://www.pref.yamaguchi.lg.jp/uploaded/attachment/207634.xls,,495,,
35,山口県,35204,萩市,,道の駅ゆとりパークたまがわ,,商業・物販施設,,萩市下田万2849-1,,,,,yes,,,,,,,,,,,,,,,,,,,,,,,,,,,yamaguchi-barrier-free,山口県バリアフリー施設データベース,https://www.pref.yamaguchi.lg.jp/uploaded/attachment/207634.xls,,496,,
35,山口県,35204,萩市,,田万川温泉保養施設,,商業・物販施設,,萩市下田万1740-1,,,,,yes,,,,,,,,,,,,,,,,,,,,,,,,,,,yamaguchi-barrier-free,山口県バリアフリー施設データベース,https://www.pref.yamaguchi.lg.jp/uploaded/attachment/207634.xls,,497,洋式トイレあり,
35,山口県,35204,萩市,,つわぶきの館,,商業・物販施設,,萩市須佐905,,,,,yes,,,,,,,,,,,,,,,,,,,,,,,,,,,yamaguchi-barrier-free,山口県バリアフリー施設データベース,https://www.pref.yamaguchi.lg.jp/uploaded/attachment/207634.xls,,498,,
35,山口県,35204,萩市,,道の駅あさひ,,商業・物販施設,,萩市佐々並2476-1,,,,,yes,,,,,,,,,,,,,,,,,,,,,,,,,,,yamaguchi-barrier-free,山口県バリアフリー施設データベース,https://www.pref.yamaguchi.lg.jp/uploaded/attachment/207634.xls,,499,洋式トイレあり / 男子用トイレ手すりあり,
35,山口県,35204,萩市,,道の駅ハピネスふくえ,,商業・物販施設,,萩市大字福井下4014-2,,,,,yes,,,,,,,,,,,,,,,,,,,,,,,,,,,yamaguchi-barrier-free,山口県バリアフリー施設データベース,https://www.pref.yamaguchi.lg.jp/uploaded/attachment/207634.xls,,500,,
35,山口県,35204,萩市,,萩市農産物加工販売施設（こいこいがんこ村）,,商業・物販施設,,萩市大字吉部下,,,,,yes,,,,,,,,,,,,,,,,,,,,,,,,,,,yamaguchi-barrier-free,山口県バリアフリー施設データベース,https://www.pref.yamaguchi.lg.jp/uploaded/attachment/207634.xls,,501,,
35,山口県,35204,萩市,,萩市須佐海苔石休憩所（つわぶきの館）,,商業・物販施設,,萩市大字須佐7905-1,,,,,yes,,,,,,,,,,,,,,,,,,,,,,,,,,,yamaguchi-barrier-free,山口県バリアフリー施設データベース,https://www.pref.yamaguchi.lg.jp/uploaded/attachment/207634.xls,,502,,
35,山口県,35204,萩市,,萩市旭農産品加工販売所「つつじ」,,商業・物販施設,,萩市大字明木2857-3,,,,yes,,,,,,,,yes,,yes,,,,,,,,,,,,,,,,,,yamaguchi-barrier-free,山口県バリアフリー施設データベース,https://www.pref.yamaguchi.lg.jp/uploaded/attachment/207634.xls,,503,洋式トイレあり / 男子用トイレ手すりあり,
35,山口県,35204,萩市,,萩市福栄総合情報センター,,商業・物販施設,,萩市大字福井下4013-3,,,,,yes,,,,,,,,,,,,,,,,,,,,,,,,,,,yamaguchi-barrier-free,山口県バリアフリー施設データベース,https://www.pref.yamaguchi.lg.jp/uploaded/attachment/207634.xls,,504,,
35,山口県,35204,萩市,,サンリブ萩,,商業・物販施設,,萩市大字唐樋2-4,,,,,yes,,,,,,,,,,,,,,,,,,,,,,,,,,,yamaguchi-barrier-free,山口県バリアフリー施設データベース,https://www.pref.yamaguchi.lg.jp/uploaded/attachment/207634.xls,,505,,
35,山口県,35204,萩市,,萩市民体育館,,スポーツ・遊技施設,,萩市椿3395-1,,,,,yes,,,,,,,,,,,,,,,,,,,,,,,,,,,yamaguchi-barrier-free,山口県バリアフリー施設データベース,https://www.pref.yamaguchi.lg.jp/uploaded/attachment/207634.xls,,506,洋式トイレあり,
35,山口県,35204,萩市,,萩市田万川体育館,,スポーツ・遊技施設,,萩市江崎338,,,,,yes,,,,,,,,,,,,,,,,,,,,,,,,,,,yamaguchi-barrier-free,山口県バリアフリー施設データベース,https://www.pref.yamaguchi.lg.jp/uploaded/attachment/207634.xls,,507,,
35,山口県,35204,萩市,,須佐湾エコロジーキャンプ場ビジターセンター,,スポーツ・遊技施設,,萩市須佐787,,,,,yes,,,,,,,,,,,,,,,,,,,,,,,,,,,yamaguchi-barrier-free,山口県バリアフリー施設データベース,https://www.pref.yamaguchi.lg.jp/uploaded/attachment/207634.xls,,508,,
35,山口県,35204,萩市,,須佐湾エコロジーキャンプ場ケビン,,スポーツ・遊技施設,,萩市須佐まてかた,,,,,yes,,,,,,,,,,,,,,,,,,,,,,,,,,,yamaguchi-barrier-free,山口県バリアフリー施設データベース,https://www.pref.yamaguchi.lg.jp/uploaded/attachment/207634.xls,,509,,
35,山口県,35204,萩市,,萩アクティビティパーク,,スポーツ・遊技施設,,萩市佐々並463-1,,,,,yes,,,,,,,,,,,,,,,,,,,,,,,,,,,yamaguchi-barrier-free,山口県バリアフリー施設データベース,https://www.pref.yamaguchi.lg.jp/uploaded/attachment/207634.xls,,510,洋式トイレあり,
35,山口県,35204,萩市,,萩市田万川グラウンド,,スポーツ・遊技施設,,萩市大字江崎349-1,,,,,yes,,,,,,,,,,,,,,,,,,,,,,,,,,,yamaguchi-barrier-free,山口県バリアフリー施設データベース,https://www.pref.yamaguchi.lg.jp/uploaded/attachment/207634.xls,,511,洋式トイレあり / 男子用トイレ手すりあり,
35,山口県,35204,萩市,,宇津キャンプ場（見島漁港）,,スポーツ・遊技施設,,萩市見島宇津,,,,,yes,,,,,,,,,,,,,,,,,,,,,,,,,,,yamaguchi-barrier-free,山口県バリアフリー施設データベース,https://www.pref.yamaguchi.lg.jp/uploaded/attachment/207634.xls,,512,,
35,山口県,35204,萩市,,萩往還梅林園トイレ,,トイレ,,萩市椿,,,,,yes,,,,,,,,,,,,,,,,,,,,,,,,,,,yamaguchi-barrier-free,山口県バリアフリー施設データベース,https://www.pref.yamaguchi.lg.jp/uploaded/attachment/207634.xls,,513,,
35,山口県,35204,萩市,,江戸屋横丁トイレ,,トイレ,,萩市呉服町,,,,,yes,,,,,,,,,,,,,,,,,,,,,,,,,,,yamaguchi-barrier-free,山口県バリアフリー施設データベース,https://www.pref.yamaguchi.lg.jp/uploaded/attachment/207634.xls,,514,,
35,山口県,35204,萩市,,明神池駐車場トイレ,,トイレ,,萩市椿東,,,,,yes,,,,,,,,,,,,,,,,,,,,,,,,,,,yamaguchi-barrier-free,山口県バリアフリー施設データベース,https://www.pref.yamaguchi.lg.jp/uploaded/attachment/207634.xls,,515,,
35,山口県,35204,萩市,,素水園トイレ,,トイレ,,萩市堀内,,,,,yes,,,,,,,,,,,,,,,,,,,,,,,,,,,yamaguchi-barrier-free,山口県バリアフリー施設データベース,https://www.pref.yamaguchi.lg.jp/uploaded/attachment/207634.xls,,516,,
35,山口県,35204,萩市,,旧湯川家屋敷駐車場トイレ,,トイレ,,萩市川島,,,,,yes,,,,,,,,,,,,,,,,,,,,,,,,,,,yamaguchi-barrier-free,山口県バリアフリー施設データベース,https://www.pref.yamaguchi.lg.jp/uploaded/attachment/207634.xls,,517,,
35,山口県,35204,萩市,,指月第一駐車場トイレ,,トイレ,,萩市堀内,,,,,yes,,,,,,,,,,,,,,,,,,,,,,,,,,,yamaguchi-barrier-free,山口県バリアフリー施設データベース,https://www.pref.yamaguchi.lg.jp/uploaded/attachment/207634.xls,,518,,
35,山口県,35204,萩市,,萩市新堀駐車場トイレ,,トイレ,,萩市江向,,,,,yes,,,,,,,,,,,,,,,,,,,,,,,,,,,yamaguchi-barrier-free,山口県バリアフリー施設データベース,https://www.pref.yamaguchi.lg.jp/uploaded/attachment/207634.xls,,519,,
35,山口県,35204,萩市,,笠山山頂トイレ,,トイレ,,萩市椿東,,,,,yes,,,,,,,,,,,,,,,,,,,,,,,,,,,yamaguchi-barrier-free,山口県バリアフリー施設データベース,https://www.pref.yamaguchi.lg.jp/uploaded/attachment/207634.xls,,520,,
35,山口県,35204,萩市,,大照院前駐車場トイレ,,トイレ,,萩市椿,,,,,yes,,,,,,,,,,,,,,,,,,,,,,,,,,,yamaguchi-barrier-free,山口県バリアフリー施設データベース,https://www.pref.yamaguchi.lg.jp/uploaded/attachment/207634.xls,,521,,
35,山口県,35204,萩市,,阿武川温泉公園内トイレ,,トイレ,,萩市川上池ヶ原,,,,,yes,,,,,,,,,,,,,,,,,,,,,,,,,,,yamaguchi-barrier-free,山口県バリアフリー施設データベース,https://www.pref.yamaguchi.lg.jp/uploaded/attachment/207634.xls,,522,,
35,山口県,35204,萩市,,川上白上障害者用トイレ,,トイレ,,萩市川上白上,,,,,yes,,,,,,,,,,,,,,,,,,,,,,,,,,,yamaguchi-barrier-free,山口県バリアフリー施設データベース,https://www.pref.yamaguchi.lg.jp/uploaded/attachment/207634.xls,,523,,
35,山口県,35204,萩市,,高山トイレ,,トイレ,,萩市須佐高山,,,,,yes,,,,,,,,,,,,,,,,,,,,,,,,,,,yamaguchi-barrier-free,山口県バリアフリー施設データベース,https://www.pref.yamaguchi.lg.jp/uploaded/attachment/207634.xls,,524,,
35,山口県,35204,萩市,,仏光寺障害者用トイレ,,トイレ,,萩市紫福3299,,,,,yes,,,,,,,,,,,,,,,,,,,,,,,,,,,yamaguchi-barrier-free,山口県バリアフリー施設データベース,https://www.pref.yamaguchi.lg.jp/uploaded/attachment/207634.xls,,525,,
35,山口県,35204,萩市,,河川公園トイレ,,トイレ,,萩市大字下田万2772-1,,,,yes,,,,,,,,,,yes,,,,,,,,,,,,,,,,,,yamaguchi-barrier-free,山口県バリアフリー施設データベース,https://www.pref.yamaguchi.lg.jp/uploaded/attachment/207634.xls,,526,,
35,山口県,35204,萩市,,田万川（新）野営場トイレ,,トイレ,,萩市大字下田万642-2,,,,yes,,,,,,,,,,yes,,,,,,,,,,,,,,,,,,yamaguchi-barrier-free,山口県バリアフリー施設データベース,https://www.pref.yamaguchi.lg.jp/uploaded/attachment/207634.xls,,527,洋式トイレあり / 男子用トイレ手すりあり,
35,山口県,35204,萩市,,田万川（旧）野営場トイレ,,トイレ,,萩市大字下田万642-2,,,,yes,,,,,,,,,,yes,,,,,,,,,,,,,,,,,,yamaguchi-barrier-free,山口県バリアフリー施設データベース,https://www.pref.yamaguchi.lg.jp/uploaded/attachment/207634.xls,,528,,
35,山口県,35204,萩市,,田万川パークロードトイレ,,トイレ,,萩市大字江崎18-15,,,,,yes,,,,,,,,,,,,,,,,,,,,,,,,,,,yamaguchi-barrier-free,山口県バリアフリー施設データベース,https://www.pref.yamaguchi.lg.jp/uploaded/attachment/207634.xls,,529,,
35,山口県,35204,萩市,,江崎漁港美化促進施設トイレ,,トイレ,,萩市大字江崎171-17,,,,,yes,,,,,,,,,,,,,,,,,,,,,,,,,,,yamaguchi-barrier-free,山口県バリアフリー施設データベース,https://www.pref.yamaguchi.lg.jp/uploaded/attachment/207634.xls,,530,,
35,山口県,35206,防府市,,山口障害者職業センター,,医療・福祉,,防府市岡村町3-1,,,,,yes,,,,,,,,,,,,,,,,,,,,,,,,,,,yamaguchi-barrier-free,山口県バリアフリー施設データベース,https://www.pref.yamaguchi.lg.jp/uploaded/attachment/207634.xls,,531,洋式トイレあり / 男子用トイレ手すりあり,
35,山口県,35206,防府市,,三田尻病院,,医療・福祉,,防府市お茶屋町3-27,,,,,yes,,,,,,,,,,,,,,,,,,,,,,,,,,,yamaguchi-barrier-free,山口県バリアフリー施設データベース,https://www.pref.yamaguchi.lg.jp/uploaded/attachment/207634.xls,,532,洋式トイレあり / 男子用トイレ手すりあり,
35,山口県,35206,防府市,,山口博愛病院,,医療・福祉,,防府市お茶屋町2-12,,,,,yes,,,,,,,,,,,,,,,,,,,,,,,,,,,yamaguchi-barrier-free,山口県バリアフリー施設データベース,https://www.pref.yamaguchi.lg.jp/uploaded/attachment/207634.xls,,534,洋式トイレあり / 男子用トイレ手すりあり,
35,山口県,35206,防府市,,小泉歯科医院,,医療・福祉,,防府市三田尻本町2-17,,,,,,,,,,,,,,,,,,,,,,,,,,,,,,,,yamaguchi-barrier-free,山口県バリアフリー施設データベース,https://www.pref.yamaguchi.lg.jp/uploaded/attachment/207634.xls,,535,洋式トイレあり,
35,山口県,35206,防府市,,古屋敷医院,,医療・福祉,,防府市八王子1-18-15,,,,,yes,,,,,,,,,,,,,,,,,,,,,,,,,,,yamaguchi-barrier-free,山口県バリアフリー施設データベース,https://www.pref.yamaguchi.lg.jp/uploaded/attachment/207634.xls,,536,洋式トイレあり / 男子用トイレ手すりあり,
35,山口県,35206,防府市,,吉田整形外科,,医療・福祉,,防府市上天神3-8,,,,,yes,,,,,,,,,,,,,,,,,,,,,,,,,,,yamaguchi-barrier-free,山口県バリアフリー施設データベース,https://www.pref.yamaguchi.lg.jp/uploaded/attachment/207634.xls,,537,洋式トイレあり,
35,山口県,35206,防府市,,大腸クリニック　かわむら内科,,医療・福祉,,防府市大字高井313-1,,,,,yes,,,,,,,,,,,,,,,,,,,,,,,,,,,yamaguchi-barrier-free,山口県バリアフリー施設データベース,https://www.pref.yamaguchi.lg.jp/uploaded/attachment/207634.xls,,538,洋式トイレあり,
35,山口県,35206,防府市,,生活処　遊夢庵,,医療・福祉,,防府市中央町6-30,,,,,yes,,,,,,,,,,,,,,,,,,,,,,,,,,,yamaguchi-barrier-free,山口県バリアフリー施設データベース,https://www.pref.yamaguchi.lg.jp/uploaded/attachment/207634.xls,,539,洋式トイレあり,
35,山口県,35206,防府市,,知的障害者更生施設ゆうあい,,医療・福祉,,防府市向島79-42,,,,yes,yes,,,,,,,,,yes,,,,,,,,,,,,,,,,,,yamaguchi-barrier-free,山口県バリアフリー施設データベース,https://www.pref.yamaguchi.lg.jp/uploaded/attachment/207634.xls,,540,洋式トイレあり / 男子用トイレ手すりあり,
35,山口県,35206,防府市,,防府市保健センター,,医療・福祉,,防府市鞠生町12-1,,,,yes,,,,,,,,,,yes,,,,,,,,,,,,,,,,,,yamaguchi-barrier-free,山口県バリアフリー施設データベース,https://www.pref.yamaguchi.lg.jp/uploaded/attachment/207634.xls,,541,男子用トイレ手すりあり,
35,山口県,35206,防府市,,山口県立総合医療センター,,医療・福祉,,防府市大字大崎77,,,,yes,yes,,,,,,,yes,,yes,,,,,,,,,,,,,,,yes,,,yamaguchi-barrier-free,山口県バリアフリー施設データベース,https://www.pref.yamaguchi.lg.jp/uploaded/attachment/207634.xls,,542,洋式トイレあり / 男子用トイレ手すりあり,
35,山口県,35206,防府市,,防府市身体障害者福祉センター,,医療・福祉,,防府市鞠生町12-2,,,,,yes,,,,,,,,,,,,,,,,,,,,,,,,,,,yamaguchi-barrier-free,山口県バリアフリー施設データベース,https://www.pref.yamaguchi.lg.jp/uploaded/attachment/207634.xls,,543,洋式トイレあり / 男子用トイレ手すりあり,
35,山口県,35206,防府市,,防府市青少年科学館（ソラール）,,観光施設,,防府市寿町6-41,,,,yes,,,,,,,,,,yes,,,,,,,,,,,,,,,,,,yamaguchi-barrier-free,山口県バリアフリー施設データベース,https://www.pref.yamaguchi.lg.jp/uploaded/attachment/207634.xls,,544,洋式トイレあり / 男子用トイレ手すりあり,
35,山口県,35206,防府市,,三田尻塩田記念産業公園,,観光施設,,防府市大字浜方381-3,,,,,yes,,,,,,,,,,,,,,,,,,,,,,,,,,,yamaguchi-barrier-free,山口県バリアフリー施設データベース,https://www.pref.yamaguchi.lg.jp/uploaded/attachment/207634.xls,,545,,
35,山口県,35206,防府市,,毛利博物館・毛利氏庭園,,観光施設,,防府市多々良1-15-1,,,,yes,yes,,,,,,,,,yes,,,,,,,,,,,,,,,,,,yamaguchi-barrier-free,山口県バリアフリー施設データベース,https://www.pref.yamaguchi.lg.jp/uploaded/attachment/207634.xls,,546,洋式トイレあり,
35,山口県,35206,防府市,,防府市役所,,官公庁,,防府市寿町7-1,,,,,yes,,,,,,,,,,,,,,,,,,,,,,,,,,,yamaguchi-barrier-free,山口県バリアフリー施設データベース,https://www.pref.yamaguchi.lg.jp/uploaded/attachment/207634.xls,,547,,
35,山口県,35206,防府市,,防府合同庁舎,,官公庁,,防府市寿町6-39,,,,,yes,,,,,,,,,,,,,,,,,,,,,,,,,,,yamaguchi-barrier-free,山口県バリアフリー施設データベース,https://www.pref.yamaguchi.lg.jp/uploaded/attachment/207634.xls,,548,,
35,山口県,35206,防府市,,山口県防府総合庁舎,,官公庁,,防府市駅南町13-40,,,,yes,yes,,,,,,,yes,,,,,,,,,,,,,,,,,,,,yamaguchi-barrier-free,山口県バリアフリー施設データベース,https://www.pref.yamaguchi.lg.jp/uploaded/attachment/207634.xls,,549,,
35,山口県,35206,防府市,,防府公共職業安定所,,官公庁,,防府市駅南町9-33,,,,,yes,,,,,,,,,,,,,,,,,,,,,,,,,,,yamaguchi-barrier-free,山口県バリアフリー施設データベース,https://www.pref.yamaguchi.lg.jp/uploaded/attachment/207634.xls,,550,,
35,山口県,35206,防府市,,防府簡易裁判所,,官公庁,,防府市寿町6-40,,,,,yes,,,,,,,,,,,,,,,,,,,,,,,,,,,yamaguchi-barrier-free,山口県バリアフリー施設データベース,https://www.pref.yamaguchi.lg.jp/uploaded/attachment/207634.xls,,551,,
35,山口県,35206,防府市,,防府税務署,,官公庁,,防府市緑町1-2-12,,,,,yes,,,,,,,,,,,,,,,,,,,,,,,,,,,yamaguchi-barrier-free,山口県バリアフリー施設データベース,https://www.pref.yamaguchi.lg.jp/uploaded/attachment/207634.xls,,552,男子用トイレ手すりあり,
35,山口県,35206,防府市,,防府市議会棟,,官公庁,,防府市寿町7-1,,,,,yes,,,,,,,,,,,,,,,,,,,,,,,,,,,yamaguchi-barrier-free,山口県バリアフリー施設データベース,https://www.pref.yamaguchi.lg.jp/uploaded/attachment/207634.xls,,553,,
35,山口県,35206,防府市,,山口県防府健康福祉センター,,官公庁,,防府市駅南町14-28,,,,yes,,,,,,,,,,yes,,,,,,,,,,,,,,,,,,yamaguchi-barrier-free,山口県バリアフリー施設データベース,https://www.pref.yamaguchi.lg.jp/uploaded/attachment/207634.xls,,554,男子用トイレ手すりあり,
35,山口県,35206,防府市,,防府市消防本部,,官公庁,,防府市佐波2-11-25,,,,,yes,,,,,,,,,,,,,,,,,,,,,,,,,,,yamaguchi-barrier-free,山口県バリアフリー施設データベース,https://www.pref.yamaguchi.lg.jp/uploaded/attachment/207634.xls,,555,洋式トイレあり,
35,山口県,35206,防府市,,防府宮市郵便局,,銀行・郵便局,,防府市宮市町4-1,,,,,,,,,,,,,,,,,,,,,,,,,,,,,,,,yamaguchi-barrier-free,山口県バリアフリー施設データベース,https://www.pref.yamaguchi.lg.jp/uploaded/attachment/207634.xls,,556,洋式トイレあり,
35,山口県,35206,防府市,,防府郵便局,,銀行・郵便局,,防府市佐波2-11-1,,,,,yes,,,,,,,,,,,,,,,,,,,,,,,,,,,yamaguchi-barrier-free,山口県バリアフリー施設データベース,https://www.pref.yamaguchi.lg.jp/uploaded/attachment/207634.xls,,557,,
35,山口県,35206,防府市,,西京銀行防府支店,,銀行・郵便局,,防府市中央町5-1,,,,,,,,,,,,,,,,,,,,,,,,,,,,,,,,yamaguchi-barrier-free,山口県バリアフリー施設データベース,https://www.pref.yamaguchi.lg.jp/uploaded/attachment/207634.xls,,559,洋式トイレあり,
35,山口県,35206,防府市,,坂本地区（阿弥陀寺）農村公園,,公園,,防府市大字牟礼大谷1869-3,,,,yes,,,,,,,,,,yes,,,,,,,,,,,,,,,,,,yamaguchi-barrier-free,山口県バリアフリー施設データベース,https://www.pref.yamaguchi.lg.jp/uploaded/attachment/207634.xls,,560,,
35,山口県,35206,防府市,,長沢農村公園,,公園,,防府市大字台道長沢1-3,,,,,yes,,,,,,,,,,,,,,,,,,,,,,,,,,,yamaguchi-barrier-free,山口県バリアフリー施設データベース,https://www.pref.yamaguchi.lg.jp/uploaded/attachment/207634.xls,,561,,
35,山口県,35206,防府市,,天神山公園,,公園,,防府市大字東佐波令157-103,,,,,yes,,,,,,,,,,,,,,,,,,,,,,,,,,,yamaguchi-barrier-free,山口県バリアフリー施設データベース,https://www.pref.yamaguchi.lg.jp/uploaded/attachment/207634.xls,,562,,
35,山口県,35206,防府市,,大平山公園,,公園,,防府市大字牟礼山163-59,,,,,yes,,,,,,,,,,,,,,,,,,,,,,,,,,,yamaguchi-barrier-free,山口県バリアフリー施設データベース,https://www.pref.yamaguchi.lg.jp/uploaded/attachment/207634.xls,,563,,
35,山口県,35206,防府市,,桑山公園せせらぎ,,公園,,防府市桑山1-97-1,,,,,yes,,,,,,,,,,,,,,,,,,,,,,,,,,,yamaguchi-barrier-free,山口県バリアフリー施設データベース,https://www.pref.yamaguchi.lg.jp/uploaded/attachment/207634.xls,,564,男子用トイレ手すりあり,
35,山口県,35206,防府市,,桑山公園わんぱく広場,,公園,,防府市桑山1-97-2,,,,,yes,,,,,,,,,,,,,,,,,,,,,,,,,,,yamaguchi-barrier-free,山口県バリアフリー施設データベース,https://www.pref.yamaguchi.lg.jp/uploaded/attachment/207634.xls,,565,,
35,山口県,35206,防府市,,向島運動公園（管理棟）,,公園,,防府市大字向島1713-8,,,,,yes,,,,,,,,,,,,,,,,,,,,,,,,,,,yamaguchi-barrier-free,山口県バリアフリー施設データベース,https://www.pref.yamaguchi.lg.jp/uploaded/attachment/207634.xls,,566,,
35,山口県,35206,防府市,,新築地緑地,,公園,,防府市新築地防府市新築地町11,,,,yes,,,,,,,,,,yes,,,,,,,,,,,,,,,,,,yamaguchi-barrier-free,山口県バリアフリー施設データベース,https://www.pref.yamaguchi.lg.jp/uploaded/attachment/207634.xls,,567,,
35,山口県,35206,防府市,,防府駅（山陽本線）,,交通機関,,防府市戎町1-15-12,,,,,yes,,,,,,,,,,,,,,,,,,,,,,,,,,,yamaguchi-barrier-free,山口県バリアフリー施設データベース,https://www.pref.yamaguchi.lg.jp/uploaded/attachment/207634.xls,,568,洋式トイレあり / 男子用トイレ手すりあり,
35,山口県,35206,防府市,,大道駅自由通路,,交通機関,,防府市大字台道字3-3607-1,,,,yes,,,,,,,,yes,,yes,,,,,,,,,,,,,,,,,,yamaguchi-barrier-free,山口県バリアフリー施設データベース,https://www.pref.yamaguchi.lg.jp/uploaded/attachment/207634.xls,,569,男子用トイレ手すりあり,
35,山口県,35206,防府市,,防府市公会堂,,公民館・会館,,防府市緑町1-9-1,,,,,yes,,,,,,,,,,,,,,,,,,,,,,,,,,,yamaguchi-barrier-free,山口県バリアフリー施設データベース,https://www.pref.yamaguchi.lg.jp/uploaded/attachment/207634.xls,,570,洋式トイレあり / 男子用トイレ手すりあり,
35,山口県,35206,防府市,,防府市文化福祉会館,,公民館・会館,,防府市緑町1-9-2,,,,,yes,,,,,,,,,,,,,,,,,,,,,,,,,,,yamaguchi-barrier-free,山口県バリアフリー施設データベース,https://www.pref.yamaguchi.lg.jp/uploaded/attachment/207634.xls,,571,洋式トイレあり,
35,山口県,35206,防府市,,防府市地域協働支援センター,,公民館・会館,,防府市栄町1-5-1,,,,yes,,,,,,,,yes,,yes,,,,,,,,,,,,,,,yes,,,yamaguchi-barrier-free,山口県バリアフリー施設データベース,https://www.pref.yamaguchi.lg.jp/uploaded/attachment/207634.xls,,572,洋式トイレあり / 男子用トイレ手すりあり,
35,山口県,35206,防府市,,防府市立防府図書館,,公民館・会館,,防府市栄町1-5-1,,,,yes,,,,,,,,yes,,yes,,,,,,,,,,,,,,,,,,yamaguchi-barrier-free,山口県バリアフリー施設データベース,https://www.pref.yamaguchi.lg.jp/uploaded/attachment/207634.xls,,573,洋式トイレあり / 男子用トイレ手すりあり,
35,山口県,35206,防府市,,防府市地域交流センター（アスピラート）,,公民館・会館,,防府市戎町1-1-28,,,,yes,,,,,,,,,,yes,,,,,,,,,,,,,,,,,,yamaguchi-barrier-free,山口県バリアフリー施設データベース,https://www.pref.yamaguchi.lg.jp/uploaded/attachment/207634.xls,,574,洋式トイレあり / 男子用トイレ手すりあり,
35,山口県,35206,防府市,,防府市文化福祉会館,,公民館・会館,,防府市緑町1-9-2,,,,yes,,,,,,,,yes,,yes,,,,,,,,,,,,,,,,,,yamaguchi-barrier-free,山口県バリアフリー施設データベース,https://www.pref.yamaguchi.lg.jp/uploaded/attachment/207634.xls,,575,洋式トイレあり,
35,山口県,35206,防府市,,防府市牟礼福祉センター・児童館,,公民館・会館,,防府市大字江泊1051-3,,,,yes,,,,,,,,,,yes,,,,,,,,,,,,,,,,,,yamaguchi-barrier-free,山口県バリアフリー施設データベース,https://www.pref.yamaguchi.lg.jp/uploaded/attachment/207634.xls,,576,洋式トイレあり,
35,山口県,35206,防府市,,防府市宮市福祉センター,,公民館・会館,,防府市本橋町16-3,,,,,yes,,,,,,,,,,,,,,,,,,,,,,,,,,,yamaguchi-barrier-free,山口県バリアフリー施設データベース,https://www.pref.yamaguchi.lg.jp/uploaded/attachment/207634.xls,,577,洋式トイレあり,
35,山口県,35206,防府市,,防府市玉祖福祉センター・児童館,,公民館・会館,,防府市大字佐野513,,,,yes,,,,,,,,,,yes,,,,,,,,,,,,,,,,,,yamaguchi-barrier-free,山口県バリアフリー施設データベース,https://www.pref.yamaguchi.lg.jp/uploaded/attachment/207634.xls,,578,洋式トイレあり,
35,山口県,35206,防府市,,サンライフ防府,,公民館・会館,,防府市八王子2-8-9,,,,,,,,,,,,,,,,,,,,,,,,,,,,,,,,yamaguchi-barrier-free,山口県バリアフリー施設データベース,https://www.pref.yamaguchi.lg.jp/uploaded/attachment/207634.xls,,579,洋式トイレあり,
35,山口県,35206,防府市,,デザインプラザHOFU,,商業・物販施設,,防府市八王子2-8-9,,,,,,,,,,,,,,,,,,,,,,,,,,,,,,,,yamaguchi-barrier-free,山口県バリアフリー施設データベース,https://www.pref.yamaguchi.lg.jp/uploaded/attachment/207634.xls,,580,洋式トイレあり,
35,山口県,35206,防府市,,イズミゆめタウン防府,,商業・物販施設,,防府市八王子2-8-8,,,,,yes,,,,,,,,,,,,,,,,,,,,,,,,,,,yamaguchi-barrier-free,山口県バリアフリー施設データベース,https://www.pref.yamaguchi.lg.jp/uploaded/attachment/207634.xls,,582,洋式トイレあり,
35,山口県,35206,防府市,,イオン防府店,,商業・物販施設,,防府市中央町1-3,,,,yes,yes,,,,,,,,,yes,,,,,,,,,,,,,,,yes,,,yamaguchi-barrier-free,山口県バリアフリー施設データベース,https://www.pref.yamaguchi.lg.jp/uploaded/attachment/207634.xls,,583,,
35,山口県,35206,防府市,,ナフコ防府店,,商業・物販施設,,防府市西仁井令１丁目7-1,,,,yes,yes,,,,,,,,,yes,,,,,,,,,,,,,,,yes,,,yamaguchi-barrier-free,山口県バリアフリー施設データベース,https://www.pref.yamaguchi.lg.jp/uploaded/attachment/207634.xls,,584,洋式トイレあり / 男子用トイレ手すりあり,
35,山口県,35206,防府市,,防府競輪場,,スポーツ・遊技施設,,防府市国分寺町8-2,,,,,yes,,,,,,,,,,,,,,,,,,,,,,,,,,,yamaguchi-barrier-free,山口県バリアフリー施設データベース,https://www.pref.yamaguchi.lg.jp/uploaded/attachment/207634.xls,,585,洋式トイレあり,
35,山口県,35206,防府市,,防府市スポーツセンター体育館（ソルトアリーナ防府）,,スポーツ・遊技施設,,防府市大字浜方174-1,,,,yes,yes,,,,,,,,,yes,,,,,,,,,,,,,,,yes,,,yamaguchi-barrier-free,山口県バリアフリー施設データベース,https://www.pref.yamaguchi.lg.jp/uploaded/attachment/207634.xls,,586,洋式トイレあり / 男子用トイレ手すりあり,
35,山口県,35206,防府市,,防府市スポーツセンター野球場,,スポーツ・遊技施設,,防府市大字浜方182-5,,,,,yes,,,,,,,,,,,,,,,,,,,,,,,,,,,yamaguchi-barrier-free,山口県バリアフリー施設データベース,https://www.pref.yamaguchi.lg.jp/uploaded/attachment/207634.xls,,587,,
35,山口県,35206,防府市,,防府市陸上競技場,,スポーツ・遊技施設,,防府市大字浜方94-2,,,,,yes,,,,,,,,,,,,,,,,,,,,,,,,,,,yamaguchi-barrier-free,山口県バリアフリー施設データベース,https://www.pref.yamaguchi.lg.jp/uploaded/attachment/207634.xls,,588,,
35,山口県,35206,防府市,,防府市スポーツセンター武道館,,スポーツ・遊技施設,,防府市大字浜方174-1,,,,,yes,,,,,,,,,,,,,,,,,,,,,,,,,,,yamaguchi-barrier-free,山口県バリアフリー施設データベース,https://www.pref.yamaguchi.lg.jp/uploaded/attachment/207634.xls,,589,洋式トイレあり,
35,山口県,35206,防府市,,桑山公園スケート,,スポーツ・遊技施設,,防府市桑山1-97-1,,,,yes,,,,,,,,yes,,yes,,,,,,,,,,,,,,,,,,yamaguchi-barrier-free,山口県バリアフリー施設データベース,https://www.pref.yamaguchi.lg.jp/uploaded/attachment/207634.xls,,590,洋式トイレあり,
35,山口県,35206,防府市,,佐波川大橋サイクリング休憩所,,スポーツ・遊技施設,,防府市大字佐野地内,,,,yes,,,,,,,,,,yes,,,,,,,,,,,,,,,,,,yamaguchi-barrier-free,山口県バリアフリー施設データベース,https://www.pref.yamaguchi.lg.jp/uploaded/attachment/207634.xls,,591,,
35,山口県,35206,防府市,,障害者用トイレ（松崎町）,,トイレ,,防府市松崎1-24,,,,,yes,,,,,,,,,,,,,,,,,,,,,,,,,,,yamaguchi-barrier-free,山口県バリアフリー施設データベース,https://www.pref.yamaguchi.lg.jp/uploaded/attachment/207634.xls,,592,,
35,山口県,35206,防府市,,新橋桜づつみ便所,,トイレ,,防府市本橋町5-10・33,,,,yes,,,,,,,,yes,,yes,,,,,,,,,,,,,,,,,,yamaguchi-barrier-free,山口県バリアフリー施設データベース,https://www.pref.yamaguchi.lg.jp/uploaded/attachment/207634.xls,,593,洋式トイレあり,
35,山口県,35206,防府市,,中関港・緑地公園（船型トイレ）,,トイレ,,防府市大字大浜一の枡,,,,yes,,,,,,,,,,yes,,,,,,,,,,,,,,,,,,yamaguchi-barrier-free,山口県バリアフリー施設データベース,https://www.pref.yamaguchi.lg.jp/uploaded/attachment/207634.xls,,594,,
35,山口県,35207,下松市,,下松市保健センター,,医療・福祉,,下松市中央町21-1,,,,,yes,,,,,,,,,,,,,,,,,,,,,,,,,,,yamaguchi-barrier-free,山口県バリアフリー施設データベース,https://www.pref.yamaguchi.lg.jp/uploaded/attachment/207634.xls,,595,,
35,山口県,35207,下松市,,下松病院,,医療・福祉,,下松市西豊井1352-7,,,,,yes,,,,,,,,,,,,,,,,,,,,,,,,,,,yamaguchi-barrier-free,山口県バリアフリー施設データベース,https://www.pref.yamaguchi.lg.jp/uploaded/attachment/207634.xls,,596,,
35,山口県,35207,下松市,,阿部クリニック,,医療・福祉,,下松市河内1048-1,,,,,yes,,,,,,,,,,,,,,,,,,,,,,,,,,,yamaguchi-barrier-free,山口県バリアフリー施設データベース,https://www.pref.yamaguchi.lg.jp/uploaded/attachment/207634.xls,,597,,
35,山口県,35207,下松市,,下松中央病院,,医療・福祉,,下松市古川町3-1-1,,,,,yes,,,,,,,,,,,,,,,,,,,,,,,,,,,yamaguchi-barrier-free,山口県バリアフリー施設データベース,https://www.pref.yamaguchi.lg.jp/uploaded/attachment/207634.xls,,598,洋式トイレあり / 男子用トイレ手すりあり,
35,山口県,35207,下松市,,第２しょうせいえん,,医療・福祉,,下松市生野屋南1-12-1,,,,,yes,,,,,,,,,,,,,,,,,,,,,,,,,,,yamaguchi-barrier-free,山口県バリアフリー施設データベース,https://www.pref.yamaguchi.lg.jp/uploaded/attachment/207634.xls,,599,,
35,山口県,35207,下松市,,周南記念病院,,医療・福祉,,下松市生野屋南1-10-1,,,,,yes,,,,,,,,,,,,,,,,,,,,,,,,,,,yamaguchi-barrier-free,山口県バリアフリー施設データベース,https://www.pref.yamaguchi.lg.jp/uploaded/attachment/207634.xls,,600,洋式トイレあり,
35,山口県,35207,下松市,,特別養護老人ホーム　ほしのさと,,医療・福祉,,下松市生野屋南1-13-1,,,,,yes,,,,,,,,,,,,,,,,,,,,,,,,,,,yamaguchi-barrier-free,山口県バリアフリー施設データベース,https://www.pref.yamaguchi.lg.jp/uploaded/attachment/207634.xls,,601,洋式トイレあり / 男子用トイレ手すりあり,
35,山口県,35207,下松市,,有料老人ホーム　きくや和楽園,,医療・福祉,,下松市大字西豊井1404-10,,,,,yes,,,,,,,,,,,,,,,,,,,,,,,,,,,yamaguchi-barrier-free,山口県バリアフリー施設データベース,https://www.pref.yamaguchi.lg.jp/uploaded/attachment/207634.xls,,602,洋式トイレあり,
35,山口県,35207,下松市,,ショートステイ　野の花,,医療・福祉,,下松市瑞穂町2-21-1,,,,,yes,,,,,,,,,,,,,,,,,,,,,,,,,,,yamaguchi-barrier-free,山口県バリアフリー施設データベース,https://www.pref.yamaguchi.lg.jp/uploaded/attachment/207634.xls,,603,洋式トイレあり,
35,山口県,35207,下松市,,アイリスケアセンター下松,,医療・福祉,,下松市大字末武下438-2,,,,,yes,,,,,,,,,,,,,,,,,,,,,,,,,,,yamaguchi-barrier-free,山口県バリアフリー施設データベース,https://www.pref.yamaguchi.lg.jp/uploaded/attachment/207634.xls,,604,洋式トイレあり / 男子用トイレ手すりあり,
35,山口県,35207,下松市,,特別養護老人ホーム松寿苑,,医療・福祉,,下松市大字来巻944-1,,,,yes,yes,,,,,,,yes,,yes,,,,,,,,,,,,,,,,,,yamaguchi-barrier-free,山口県バリアフリー施設データベース,https://www.pref.yamaguchi.lg.jp/uploaded/attachment/207634.xls,,605,洋式トイレあり,
35,山口県,35207,下松市,,下松市役所,,官公庁,,下松市大手町3-3-3,,,,,yes,,,,,,,,,,,,,,,,,,,,,,,,,,,yamaguchi-barrier-free,山口県バリアフリー施設データベース,https://www.pref.yamaguchi.lg.jp/uploaded/attachment/207634.xls,,606,洋式トイレあり / 男子用トイレ手すりあり,
35,山口県,35207,下松市,,みずほ郵便局,,銀行・郵便局,,下松市瑞穂町2-8-1,,,,,,,,,,,,,,,,,,,,,,,,,,,,,,,,yamaguchi-barrier-free,山口県バリアフリー施設データベース,https://www.pref.yamaguchi.lg.jp/uploaded/attachment/207634.xls,,607,洋式トイレあり / 男子用トイレ手すりあり,
35,山口県,35207,下松市,,下松郵便局,,銀行・郵便局,,下松市西豊井1368-54,,,,,yes,,,,,,,,,,,,,,,,,,,,,,,,,,,yamaguchi-barrier-free,山口県バリアフリー施設データベース,https://www.pref.yamaguchi.lg.jp/uploaded/attachment/207634.xls,,608,,
35,山口県,35207,下松市,,末武ダム公園,,公園,,下松市大字瀬戸,,,,yes,yes,,,,,,,yes,,,,,,,,,,,,,,,,,,,,yamaguchi-barrier-free,山口県バリアフリー施設データベース,https://www.pref.yamaguchi.lg.jp/uploaded/attachment/207634.xls,,609,,
35,山口県,35207,下松市,,下松第2埠頭末武緑地,,公園,,下松市末武下,,,,,yes,,,,,,,,,,,,,,,,,,,,,,,,,,,yamaguchi-barrier-free,山口県バリアフリー施設データベース,https://www.pref.yamaguchi.lg.jp/uploaded/attachment/207634.xls,,610,,
35,山口県,35207,下松市,,笠戸島緑地公園,,公園,,下松市笠戸島,,,,,yes,,,,,,,,,,,,,,,,,,,,,,,,,,,yamaguchi-barrier-free,山口県バリアフリー施設データベース,https://www.pref.yamaguchi.lg.jp/uploaded/attachment/207634.xls,,611,洋式トイレあり / 男子用トイレ手すりあり,
35,山口県,35207,下松市,,下松駅（山陽本線）,,交通機関,,下松市西豊井,,,,,,,,,,,,,,,,,,,,,,,,,,,,,,,,yamaguchi-barrier-free,山口県バリアフリー施設データベース,https://www.pref.yamaguchi.lg.jp/uploaded/attachment/207634.xls,,612,男子用トイレ手すりあり,
35,山口県,35207,下松市,,豊井公民館,,公民館・会館,,下松市琴平町2-8-7,,,,,yes,,,,,,,,,,,,,,,,,,,,,,,,,,,yamaguchi-barrier-free,山口県バリアフリー施設データベース,https://www.pref.yamaguchi.lg.jp/uploaded/attachment/207634.xls,,613,男子用トイレ手すりあり,
35,山口県,35207,下松市,,下松市地域交流センターふれあいの館,,公民館・会館,,下松市生野屋南1-11-1,,,,yes,yes,,,,,,,,,yes,,,,,,,,,,,,,,,yes,,,yamaguchi-barrier-free,山口県バリアフリー施設データベース,https://www.pref.yamaguchi.lg.jp/uploaded/attachment/207634.xls,,614,洋式トイレあり / 男子用トイレ手すりあり,
35,山口県,35207,下松市,,スターピアくだまつ,,公民館・会館,,下松市中央町21-1,,,,yes,,,,,,,,yes,,yes,,,,,,,,,,,,,,,yes,,,yamaguchi-barrier-free,山口県バリアフリー施設データベース,https://www.pref.yamaguchi.lg.jp/uploaded/attachment/207634.xls,,615,洋式トイレあり,
35,山口県,35207,下松市,,中村総合福祉センター,,公民館・会館,,下松市瑞穂町4-3-12,,,,,yes,,,,,,,,,,,,,,,,,,,,,,,,,,,yamaguchi-barrier-free,山口県バリアフリー施設データベース,https://www.pref.yamaguchi.lg.jp/uploaded/attachment/207634.xls,,616,洋式トイレあり / 男子用トイレ手すりあり,
35,山口県,35207,下松市,,下松市勤労者総合福祉センター,,公民館・会館,,下松市潮音町2-16-8,,,,,yes,,,,,,,,,,,,,,,,,,,,,,,,,,,yamaguchi-barrier-free,山口県バリアフリー施設データベース,https://www.pref.yamaguchi.lg.jp/uploaded/attachment/207634.xls,,617,洋式トイレあり,
35,山口県,35207,下松市,,下松市駅南市民交流センター（きらぼし館）,,公民館・会館,,下松市大字西豊井1247,,,,yes,,,,,,,,yes,,yes,,,,,,,,,,,,,,,yes,,,yamaguchi-barrier-free,山口県バリアフリー施設データベース,https://www.pref.yamaguchi.lg.jp/uploaded/attachment/207634.xls,,618,洋式トイレあり / 男子用トイレ手すりあり,
35,山口県,35207,下松市,,国民宿舎　大城,,宿泊施設,,下松市笠戸島14-1,,,,,yes,,,,,,,,,,,,,,,,,,,,,,,,,,,yamaguchi-barrier-free,山口県バリアフリー施設データベース,https://www.pref.yamaguchi.lg.jp/uploaded/attachment/207634.xls,,619,洋式トイレあり,
35,山口県,35207,下松市,,ホームプラザナフコ東下松店,,商業・物販施設,,下松市大字山田156-1,,,,yes,yes,,,,,,,,,yes,,,,,,,,,,,,,,,,,,yamaguchi-barrier-free,山口県バリアフリー施設データベース,https://www.pref.yamaguchi.lg.jp/uploaded/attachment/207634.xls,,620,洋式トイレあり / 男子用トイレ手すりあり,
35,山口県,35207,下松市,,ザ・モール周南,,商業・物販施設,,下松市中央町21-3,,,,,yes,,,,,,,,,,,,,,,,,,,,,,,,,,,yamaguchi-barrier-free,山口県バリアフリー施設データベース,https://www.pref.yamaguchi.lg.jp/uploaded/attachment/207634.xls,,621,洋式トイレあり,
35,山口県,35207,下松市,,HondaCars光東下松店,,商業・物販施設,,下松市潮音町2-1-1,,,,,,,,,,,,,,,,,,,,,,,,,,,,,,,,yamaguchi-barrier-free,山口県バリアフリー施設データベース,https://www.pref.yamaguchi.lg.jp/uploaded/attachment/207634.xls,,622,洋式トイレあり,
35,山口県,35207,下松市,,くだまつスポーツセンター,,スポーツ・遊技施設,,下松市港町1368−35,,,,,yes,,,,,,,,,,,,,,,,,,,,,,,,,,,yamaguchi-barrier-free,山口県バリアフリー施設データベース,https://www.pref.yamaguchi.lg.jp/uploaded/attachment/207634.xls,,623,,
35,山口県,35207,下松市,,下松市市民体育館,,スポーツ・遊技施設,,下松市西柳1-1-1,,,,,yes,,,,,,,,,,,,,,,,,,,,,,,,,,,yamaguchi-barrier-free,山口県バリアフリー施設データベース,https://www.pref.yamaguchi.lg.jp/uploaded/attachment/207634.xls,,624,,
35,山口県,35207,下松市,,下松スポーツ公園,,スポーツ・遊技施設,,下松市大字河内字恋路140,,,,,yes,,,,,,,,,,,,,,,,,,,,,,,,,,,yamaguchi-barrier-free,山口県バリアフリー施設データベース,https://www.pref.yamaguchi.lg.jp/uploaded/attachment/207634.xls,,625,,
35,山口県,35207,下松市,,葉山グラウンド,,スポーツ・遊技施設,,下松市葉山,,,,,yes,,,,,,,,,,,,,,,,,,,,,,,,,,,yamaguchi-barrier-free,山口県バリアフリー施設データベース,https://www.pref.yamaguchi.lg.jp/uploaded/attachment/207634.xls,,626,,
35,山口県,35207,下松市,,下松駅北口トイレ,,トイレ,,下松市西豊井,,,,,yes,,,,,,,,,,,,,,,,,,,,,,,,,,,yamaguchi-barrier-free,山口県バリアフリー施設データベース,https://www.pref.yamaguchi.lg.jp/uploaded/attachment/207634.xls,,627,,
35,山口県,35207,下松市,,下松市役所駐車場トイレ,,トイレ,,下松市大手町3-3-3,,,,,yes,,,,,,,,,,,,,,,,,,,,,,,,,,,yamaguchi-barrier-free,山口県バリアフリー施設データベース,https://www.pref.yamaguchi.lg.jp/uploaded/attachment/207634.xls,,628,,
35,山口県,35208,岩国市,,岩国第一病院,,医療・福祉,,岩国市岩国1-20-49,,,,,yes,,,,,,,,,,,,,,,,,,,,,,,,,,,yamaguchi-barrier-free,山口県バリアフリー施設データベース,https://www.pref.yamaguchi.lg.jp/uploaded/attachment/207634.xls,,629,洋式トイレあり / 男子用トイレ手すりあり,
35,山口県,35208,岩国市,,いしい記念病院,,医療・福祉,,岩国市多田26-1,,,,,yes,,,,,,,,,,,,,,,,,,,,,,,,,,,yamaguchi-barrier-free,山口県バリアフリー施設データベース,https://www.pref.yamaguchi.lg.jp/uploaded/attachment/207634.xls,,630,洋式トイレあり,
35,山口県,35208,岩国市,,岩国市医療センター医師会病院,,医療・福祉,,岩国市室の木町3-6-12,,,,,yes,,,,,,,,,,,,,,,,,,,,,,,,,,,yamaguchi-barrier-free,山口県バリアフリー施設データベース,https://www.pref.yamaguchi.lg.jp/uploaded/attachment/207634.xls,,634,洋式トイレあり / 男子用トイレ手すりあり,
35,山口県,35208,岩国市,,岩国中央病院,,医療・福祉,,岩国市今津町4-15-3,,,,,yes,,,,,,,,,,,,,,,,,,,,,,,,,,,yamaguchi-barrier-free,山口県バリアフリー施設データベース,https://www.pref.yamaguchi.lg.jp/uploaded/attachment/207634.xls,,635,,
35,山口県,35208,岩国市,,岩国市福祉会館,,医療・福祉,,岩国市麻里布町7-1-2,,,,,yes,,,,,,,,,,,,,,,,,,,,,,,,,,,yamaguchi-barrier-free,山口県バリアフリー施設データベース,https://www.pref.yamaguchi.lg.jp/uploaded/attachment/207634.xls,,637,洋式トイレあり / 男子用トイレ手すりあり,
35,山口県,35208,岩国市,,かぎとみ歯科,,医療・福祉,,岩国市三笠町1-3-13,,,,,,,,,,,,,,,,,,,,,,,,,,,,,,,,yamaguchi-barrier-free,山口県バリアフリー施設データベース,https://www.pref.yamaguchi.lg.jp/uploaded/attachment/207634.xls,,638,洋式トイレあり / 男子用トイレ手すりあり,
35,山口県,35208,岩国市,,岩国市社会福祉協議会由宇支部,,医療・福祉,,岩国市由宇町5916-7,,,,,yes,,,,,,,,,,,,,,,,,,,,,,,,,,,yamaguchi-barrier-free,山口県バリアフリー施設データベース,https://www.pref.yamaguchi.lg.jp/uploaded/attachment/207634.xls,,639,男子用トイレ手すりあり,
35,山口県,35208,岩国市,,みどり病院,,医療・福祉,,岩国市由宇町359-1,,,,,yes,,,,,,,,,,,,,,,,,,,,,,,,,,,yamaguchi-barrier-free,山口県バリアフリー施設データベース,https://www.pref.yamaguchi.lg.jp/uploaded/attachment/207634.xls,,640,洋式トイレあり / 男子用トイレ手すりあり,
35,山口県,35208,岩国市,,岩国市由宇保健センター,,医療・福祉,,岩国市由宇町中央1-10-11,,,,,yes,,,,,,,,,,,,,,,,,,,,,,,,,,,yamaguchi-barrier-free,山口県バリアフリー施設データベース,https://www.pref.yamaguchi.lg.jp/uploaded/attachment/207634.xls,,641,男子用トイレ手すりあり,
35,山口県,35208,岩国市,,由宇老人福祉センター,,医療・福祉,,岩国市由宇町802,,,,,yes,,,,,,,,,,,,,,,,,,,,,,,,,,,yamaguchi-barrier-free,山口県バリアフリー施設データベース,https://www.pref.yamaguchi.lg.jp/uploaded/attachment/207634.xls,,642,洋式トイレあり,
35,山口県,35208,岩国市,,千鳥ヶ丘病院,,医療・福祉,,岩国市由宇町千鳥ヶ丘1-1-1,,,,,yes,,,,,,,,,,,,,,,,,,,,,,,,,,,yamaguchi-barrier-free,山口県バリアフリー施設データベース,https://www.pref.yamaguchi.lg.jp/uploaded/attachment/207634.xls,,643,洋式トイレあり / 男子用トイレ手すりあり,
35,山口県,35208,岩国市,,山口平成病院,,医療・福祉,,岩国市玖珂町1340,,,,,yes,,,,,,,,,,,,,,,,,,,,,,,,,,,yamaguchi-barrier-free,山口県バリアフリー施設データベース,https://www.pref.yamaguchi.lg.jp/uploaded/attachment/207634.xls,,644,洋式トイレあり,
35,山口県,35208,岩国市,,松風荘（老人ホーム）,,医療・福祉,,岩国市本郷町本郷2090,,,,,yes,,,,,,,,,,,,,,,,,,,,,,,,,,,yamaguchi-barrier-free,山口県バリアフリー施設データベース,https://www.pref.yamaguchi.lg.jp/uploaded/attachment/207634.xls,,645,洋式トイレあり / 男子用トイレ手すりあり,
35,山口県,35208,岩国市,,岩国市周東保健センター,,医療・福祉,,岩国市周東町下久原743-1,,,,,yes,,,,,,,,,,,,,,,,,,,,,,,,,,,yamaguchi-barrier-free,山口県バリアフリー施設データベース,https://www.pref.yamaguchi.lg.jp/uploaded/attachment/207634.xls,,646,,
35,山口県,35208,岩国市,,岩国市錦保健センター,,医療・福祉,,岩国市錦町広瀬1067-1,,,,,yes,,,,,,,,,,,,,,,,,,,,,,,,,,,yamaguchi-barrier-free,山口県バリアフリー施設データベース,https://www.pref.yamaguchi.lg.jp/uploaded/attachment/207634.xls,,647,洋式トイレあり / 男子用トイレ手すりあり,
35,山口県,35208,岩国市,,岩国市立錦中央病院,,医療・福祉,,岩国市錦町広瀬1072-1,,,,,yes,,,,,,,,,,,,,,,,,,,,,,,,,,,yamaguchi-barrier-free,山口県バリアフリー施設データベース,https://www.pref.yamaguchi.lg.jp/uploaded/attachment/207634.xls,,648,洋式トイレあり / 男子用トイレ手すりあり,
35,山口県,35208,岩国市,,岩国市美川保健センター,,医療・福祉,,岩国市美川町四馬神1057,,,,,yes,,,,,,,,,,,,,,,,,,,,,,,,,,,yamaguchi-barrier-free,山口県バリアフリー施設データベース,https://www.pref.yamaguchi.lg.jp/uploaded/attachment/207634.xls,,649,,
35,山口県,35208,岩国市,,岩国市美和保健センター,,医療・福祉,,岩国市美和町生見2128,,,,,yes,,,,,,,,,,,,,,,,,,,,,,,,,,,yamaguchi-barrier-free,山口県バリアフリー施設データベース,https://www.pref.yamaguchi.lg.jp/uploaded/attachment/207634.xls,,650,洋式トイレあり,
35,山口県,35208,岩国市,,美和老人福祉センター（岩国市社会福祉協議会美和支部）,,医療・福祉,,岩国市美和町西畑135-1,,,,,yes,,,,,,,,,,,,,,,,,,,,,,,,,,,yamaguchi-barrier-free,山口県バリアフリー施設データベース,https://www.pref.yamaguchi.lg.jp/uploaded/attachment/207634.xls,,651,,
35,山口県,35208,岩国市,,岩国市立美和病院,,医療・福祉,,岩国市美和町渋前1776,,,,,yes,,,,,,,,,,,,,,,,,,,,,,,,,,,yamaguchi-barrier-free,山口県バリアフリー施設データベース,https://www.pref.yamaguchi.lg.jp/uploaded/attachment/207634.xls,,652,洋式トイレあり / 男子用トイレ手すりあり,
35,山口県,35208,岩国市,,玖珂デイサービスセンター　つつじの里,,医療・福祉,,岩国市玖珂町4961,,,,,yes,,,,,,,,,,,,,,,,,,,,,,,,,,,yamaguchi-barrier-free,山口県バリアフリー施設データベース,https://www.pref.yamaguchi.lg.jp/uploaded/attachment/207634.xls,,653,洋式トイレあり / 男子用トイレ手すりあり,
35,山口県,35208,岩国市,,特別養護老人ホーム　かなえ,,医療・福祉,,岩国市錦見3-7-55,,,,,yes,,,,,,,,,,,,,,,,,,,,,,,,,,,yamaguchi-barrier-free,山口県バリアフリー施設データベース,https://www.pref.yamaguchi.lg.jp/uploaded/attachment/207634.xls,,654,洋式トイレあり / 男子用トイレ手すりあり,
35,山口県,35208,岩国市,,本郷保健センター,,医療・福祉,,岩国市本郷町本郷2100,,,,,yes,,,,,,,,,,,,,,,,,,,,,,,,,,,yamaguchi-barrier-free,山口県バリアフリー施設データベース,https://www.pref.yamaguchi.lg.jp/uploaded/attachment/207634.xls,,655,洋式トイレあり / 男子用トイレ手すりあり,
35,山口県,35208,岩国市,,岩国市立錦中央病院,,医療・福祉,,岩国市錦町広瀬1072-1,,,,,yes,,,,,,,,,,,,,,,,,,,,,,,,,,,yamaguchi-barrier-free,山口県バリアフリー施設データベース,https://www.pref.yamaguchi.lg.jp/uploaded/attachment/207634.xls,,656,洋式トイレあり / 男子用トイレ手すりあり,
35,山口県,35208,岩国市,,由宇歴史民俗資料館,,観光施設,,岩国市由宇町神東614-10,,,,,yes,,,,,,,,,,,,,,,,,,,,,,,,,,,yamaguchi-barrier-free,山口県バリアフリー施設データベース,https://www.pref.yamaguchi.lg.jp/uploaded/attachment/207634.xls,,657,,
35,山口県,35208,岩国市,,美川ムーバレー（地底ホール、抗道周辺）,,観光施設,,岩国市美川町根笠1564-1,,,,,yes,,,,,,,,,,,,,,,,,,,,,,,,,,,yamaguchi-barrier-free,山口県バリアフリー施設データベース,https://www.pref.yamaguchi.lg.jp/uploaded/attachment/207634.xls,,658,,
35,山口県,35208,岩国市,,美川ムーバレー（地底ホール、抗道周辺）,,観光施設,,岩国市美川町根笠1564-1,,,,,yes,,,,,,,,,,,,,,,,,,,,,,,,,,,yamaguchi-barrier-free,山口県バリアフリー施設データベース,https://www.pref.yamaguchi.lg.jp/uploaded/attachment/207634.xls,,659,洋式トイレあり,
35,山口県,35208,岩国市,,美和歴史民俗資料館,,観光施設,,岩国市美和町渋前1846,,,,,yes,,,,,,,,,,,,,,,,,,,,,,,,,,,yamaguchi-barrier-free,山口県バリアフリー施設データベース,https://www.pref.yamaguchi.lg.jp/uploaded/attachment/207634.xls,,660,,
35,山口県,35208,岩国市,,山口県岩国総合庁舎,,官公庁,,岩国市三笠町1-1-1,,,,yes,yes,,,,,,,yes,,,,,,,,,,,,,,,,,yes,,,yamaguchi-barrier-free,山口県バリアフリー施設データベース,https://www.pref.yamaguchi.lg.jp/uploaded/attachment/207634.xls,,661,洋式トイレあり / 男子用トイレ手すりあり,
35,山口県,35208,岩国市,,山口地方法務局岩国支部,,官公庁,,岩国市錦見1-16-35,,,,,yes,,,,,,,,,,,,,,,,,,,,,,,,,,,yamaguchi-barrier-free,山口県バリアフリー施設データベース,https://www.pref.yamaguchi.lg.jp/uploaded/attachment/207634.xls,,662,,
35,山口県,35208,岩国市,,山口地方裁判所岩国支部,,官公庁,,岩国市錦見1-16-45,,,,,yes,,,,,,,,,,,,,,,,,,,,,,,,,,,yamaguchi-barrier-free,山口県バリアフリー施設データベース,https://www.pref.yamaguchi.lg.jp/uploaded/attachment/207634.xls,,663,,
35,山口県,35208,岩国市,,岩国公共職業安定所,,官公庁,,岩国市山手町1-1-21,,,,,yes,,,,,,,,,,,,,,,,,,,,,,,,,,,yamaguchi-barrier-free,山口県バリアフリー施設データベース,https://www.pref.yamaguchi.lg.jp/uploaded/attachment/207634.xls,,664,,
35,山口県,35208,岩国市,,岩国税務署,,官公庁,,岩国市麻里布町7-9-37,,,,,yes,,,,,,,,,,,,,,,,,,,,,,,,,,,yamaguchi-barrier-free,山口県バリアフリー施設データベース,https://www.pref.yamaguchi.lg.jp/uploaded/attachment/207634.xls,,665,,
35,山口県,35208,岩国市,,岩国市役所,,官公庁,,岩国市今津町1-14-51,,,,,yes,,,,,,,,,,,,,,,,,,,,,,,,,,,yamaguchi-barrier-free,山口県バリアフリー施設データベース,https://www.pref.yamaguchi.lg.jp/uploaded/attachment/207634.xls,,666,洋式トイレあり,
35,山口県,35208,岩国市,,岩国市由宇総合支所,,官公庁,,岩国市由宇町中央1-1-10,,,,,yes,,,,,,,,,,,,,,,,,,,,,,,,,,,yamaguchi-barrier-free,山口県バリアフリー施設データベース,https://www.pref.yamaguchi.lg.jp/uploaded/attachment/207634.xls,,667,,
35,山口県,35208,岩国市,,山口県岩国健康福祉センター玖珂分室,,官公庁,,岩国市玖珂町6264-3,,,,,yes,,,,,,,,,,,,,,,,,,,,,,,,,,,yamaguchi-barrier-free,山口県バリアフリー施設データベース,https://www.pref.yamaguchi.lg.jp/uploaded/attachment/207634.xls,,669,洋式トイレあり,
35,山口県,35208,岩国市,,岩国市本郷総合支所,,官公庁,,岩国市本郷町本郷1604,,,,,yes,,,,,,,,,,,,,,,,,,,,,,,,,,,yamaguchi-barrier-free,山口県バリアフリー施設データベース,https://www.pref.yamaguchi.lg.jp/uploaded/attachment/207634.xls,,670,,
35,山口県,35208,岩国市,,岩国西警察署,,官公庁,,岩国市周東町下久原2489-1,,,,,yes,,,,,,,,,,,,,,,,,,,,,,,,,,,yamaguchi-barrier-free,山口県バリアフリー施設データベース,https://www.pref.yamaguchi.lg.jp/uploaded/attachment/207634.xls,,671,洋式トイレあり,
35,山口県,35208,岩国市,,岩国市周東総合支所,,官公庁,,岩国市周東町下久原1209-1,,,,,,,,,,,,,,,,,,,,,,,,,,,,,,,,yamaguchi-barrier-free,山口県バリアフリー施設データベース,https://www.pref.yamaguchi.lg.jp/uploaded/attachment/207634.xls,,672,洋式トイレあり,
35,山口県,35208,岩国市,,岩国市美和総合支所,,官公庁,,岩国市美和町生見2126,,,,,yes,,,,,,,,,,,,,,,,,,,,,,,,,,,yamaguchi-barrier-free,山口県バリアフリー施設データベース,https://www.pref.yamaguchi.lg.jp/uploaded/attachment/207634.xls,,675,洋式トイレあり,
35,山口県,35208,岩国市,,岩国警察署,,官公庁,,岩国市麻里布町6-15-20,,,,yes,,,,,,,,yes,,yes,,,,,,,,,,,,,,,,,,yamaguchi-barrier-free,山口県バリアフリー施設データベース,https://www.pref.yamaguchi.lg.jp/uploaded/attachment/207634.xls,,677,洋式トイレあり / 男子用トイレ手すりあり,
35,山口県,35208,岩国市,,岩国市西郵便局,,銀行・郵便局,,岩国市岩国2-17-17,,,,,yes,,,,,,,,,,,,,,,,,,,,,,,,,,,yamaguchi-barrier-free,山口県バリアフリー施設データベース,https://www.pref.yamaguchi.lg.jp/uploaded/attachment/207634.xls,,678,,
35,山口県,35208,岩国市,,岩国郵便局,,銀行・郵便局,,岩国市麻里布町2-6-8,,,,,yes,,,,,,,,,,,,,,,,,,,,,,,,,,,yamaguchi-barrier-free,山口県バリアフリー施設データベース,https://www.pref.yamaguchi.lg.jp/uploaded/attachment/207634.xls,,679,洋式トイレあり / 男子用トイレ手すりあり,
35,山口県,35208,岩国市,,桜づつみ公園,,公園,,岩国市玖珂町唐臼,,,,,yes,,,,,,,,,,,,,,,,,,,,,,,,,,,yamaguchi-barrier-free,山口県バリアフリー施設データベース,https://www.pref.yamaguchi.lg.jp/uploaded/attachment/207634.xls,,680,,
35,山口県,35208,岩国市,,野口下街区公園,,公園,,岩国市玖珂町1047-1,,,,,yes,,,,,,,,,,,,,,,,,,,,,,,,,,,yamaguchi-barrier-free,山口県バリアフリー施設データベース,https://www.pref.yamaguchi.lg.jp/uploaded/attachment/207634.xls,,681,,
35,山口県,35208,岩国市,,長野上農村公園,,公園,,岩国市美和町生見,,,,,yes,,,,,,,,,,,,,,,,,,,,,,,,,,,yamaguchi-barrier-free,山口県バリアフリー施設データベース,https://www.pref.yamaguchi.lg.jp/uploaded/attachment/207634.xls,,682,,
35,山口県,35208,岩国市,,農山村広場,,公園,,岩国市本郷町本郷,,,,,yes,,,,,,,,,,,,,,,,,,,,,,,,,,,yamaguchi-barrier-free,山口県バリアフリー施設データベース,https://www.pref.yamaguchi.lg.jp/uploaded/attachment/207634.xls,,683,,
35,山口県,35208,岩国市,,森と水ふれあい公園,,公園,,岩国市本郷町本郷3174,,,,,yes,,,,,,,,,,,,,,,,,,,,,,,,,,,yamaguchi-barrier-free,山口県バリアフリー施設データベース,https://www.pref.yamaguchi.lg.jp/uploaded/attachment/207634.xls,,684,男子用トイレ手すりあり,
35,山口県,35208,岩国市,,かんば芝公園,,公園,,岩国市本郷町本郷,,,,,yes,,,,,,,,,,,,,,,,,,,,,,,,,,,yamaguchi-barrier-free,山口県バリアフリー施設データベース,https://www.pref.yamaguchi.lg.jp/uploaded/attachment/207634.xls,,685,,
35,山口県,35208,岩国市,,潮風公園みなとオアシスゆう,,公園,,岩国市由宇町8500-6,,,,yes,,,,,,,,yes,,yes,,,,,,,,,,,,,,,,,,yamaguchi-barrier-free,山口県バリアフリー施設データベース,https://www.pref.yamaguchi.lg.jp/uploaded/attachment/207634.xls,,686,洋式トイレあり / 男子用トイレ手すりあり,
35,山口県,35208,岩国市,,由宇笠塚ポケットパーク,,公園,,岩国市由宇町133,,,,yes,,,,,,,,,,yes,,,,,,,,,,,,,,,,,,yamaguchi-barrier-free,山口県バリアフリー施設データベース,https://www.pref.yamaguchi.lg.jp/uploaded/attachment/207634.xls,,687,,
35,山口県,35208,岩国市,,由宇中倉農村公園,,公園,,岩国市由宇町1836-1,,,,yes,,,,,,,,,,yes,,,,,,,,,,,,,,,,,,yamaguchi-barrier-free,山口県バリアフリー施設データベース,https://www.pref.yamaguchi.lg.jp/uploaded/attachment/207634.xls,,688,,
35,山口県,35208,岩国市,,東川河川公園（キャンプ場）,,公園,,岩国市周東町獺越,,,,yes,,,,,,,,,,yes,,,,,,,,,,,,,,,,,,yamaguchi-barrier-free,山口県バリアフリー施設データベース,https://www.pref.yamaguchi.lg.jp/uploaded/attachment/207634.xls,,689,,
35,山口県,35208,岩国市,,錦帯橋バスセンター,,交通機関,,岩国市岩国1-1,,,,,yes,,,,,,,,,,,,,,,,,,,,,,,,,,,yamaguchi-barrier-free,山口県バリアフリー施設データベース,https://www.pref.yamaguchi.lg.jp/uploaded/attachment/207634.xls,,691,洋式トイレあり / 男子用トイレ手すりあり,
35,山口県,35208,岩国市,,岩国駅（山陽本線）,,交通機関,,岩国市麻里布町1-1-1,,,,,yes,,,,,,,,,,,,,,,,,,,,,,,,,,,yamaguchi-barrier-free,山口県バリアフリー施設データベース,https://www.pref.yamaguchi.lg.jp/uploaded/attachment/207634.xls,,692,洋式トイレあり / 男子用トイレ手すりあり,
35,山口県,35208,岩国市,,新岩国駅（新幹線）,,交通機関,,岩国市御庄,,,,,yes,,,,,,,,,,,,,,,,,,,,,,,,,,,yamaguchi-barrier-free,山口県バリアフリー施設データベース,https://www.pref.yamaguchi.lg.jp/uploaded/attachment/207634.xls,,693,,
35,山口県,35208,岩国市,,由宇駅（山陽本線）,,交通機関,,岩国市由宇町南1-1-1,,,,,,,,,,,,,,,,,,,,,,,,,,,,,,,,yamaguchi-barrier-free,山口県バリアフリー施設データベース,https://www.pref.yamaguchi.lg.jp/uploaded/attachment/207634.xls,,694,男子用トイレ手すりあり,
35,山口県,35208,岩国市,,周防高森駅（岩徳線）,,交通機関,,岩国市周東町下久原1552,,,,yes,,,,,,,,,,yes,,,,,,,,,,,,,,,,,,yamaguchi-barrier-free,山口県バリアフリー施設データベース,https://www.pref.yamaguchi.lg.jp/uploaded/attachment/207634.xls,,697,,
35,山口県,35208,岩国市,,岩国市中央公民館,,公民館・会館,,岩国市岩国4-4-15,,,,,yes,,,,,,,,,,,,,,,,,,,,,,,,,,,yamaguchi-barrier-free,山口県バリアフリー施設データベース,https://www.pref.yamaguchi.lg.jp/uploaded/attachment/207634.xls,,700,,
35,山口県,35208,岩国市,,岩国市民文化会館,,公民館・会館,,岩国市山手町1-15-3,,,,yes,yes,,,,,,,yes,,,,,,,,,,,,,,,,,,,,yamaguchi-barrier-free,山口県バリアフリー施設データベース,https://www.pref.yamaguchi.lg.jp/uploaded/attachment/207634.xls,,701,洋式トイレあり,
35,山口県,35208,岩国市,,シンフォニア岩国,,公民館・会館,,岩国市三笠町1-1-1,,,,,yes,,,,,,,,,,,,,,,,,,,,,,,,,,,yamaguchi-barrier-free,山口県バリアフリー施設データベース,https://www.pref.yamaguchi.lg.jp/uploaded/attachment/207634.xls,,702,洋式トイレあり / 男子用トイレ手すりあり,
35,山口県,35208,岩国市,,岩国市立岩国図書館,,公民館・会館,,岩国市岩国4-4-15,,,,,yes,,,,,,,,,,,,,,,,,,,,,,,,,,,yamaguchi-barrier-free,山口県バリアフリー施設データベース,https://www.pref.yamaguchi.lg.jp/uploaded/attachment/207634.xls,,703,,
35,山口県,35208,岩国市,,サンライフ岩国,,公民館・会館,,岩国市横山2-7-28,,,,,yes,,,,,,,,,,,,,,,,,,,,,,,,,,,yamaguchi-barrier-free,山口県バリアフリー施設データベース,https://www.pref.yamaguchi.lg.jp/uploaded/attachment/207634.xls,,704,,
35,山口県,35208,岩国市,,由宇原集会所,,公民館・会館,,岩国市由宇町神東1631－2,,,,,yes,,,,,,,,,,,,,,,,,,,,,,,,,,,yamaguchi-barrier-free,山口県バリアフリー施設データベース,https://www.pref.yamaguchi.lg.jp/uploaded/attachment/207634.xls,,705,洋式トイレあり / 男子用トイレ手すりあり,
35,山口県,35208,岩国市,,岩国市由宇文化会館,,公民館・会館,,岩国市由宇町中央1-1-15,,,,,yes,,,,,,,,,,,,,,,,,,,,,,,,,,,yamaguchi-barrier-free,山口県バリアフリー施設データベース,https://www.pref.yamaguchi.lg.jp/uploaded/attachment/207634.xls,,706,,
35,山口県,35208,岩国市,,岩国市由宇塩田原供用会館,,公民館・会館,,岩国市由宇町5195-1,,,,,yes,,,,,,,,,,,,,,,,,,,,,,,,,,,yamaguchi-barrier-free,山口県バリアフリー施設データベース,https://www.pref.yamaguchi.lg.jp/uploaded/attachment/207634.xls,,707,洋式トイレあり / 男子用トイレ手すりあり,
35,山口県,35208,岩国市,,玖珂あいあいセンター,,公民館・会館,,岩国市玖珂町6316-1,,,,,yes,,,,,,,,,,,,,,,,,,,,,,,,,,,yamaguchi-barrier-free,山口県バリアフリー施設データベース,https://www.pref.yamaguchi.lg.jp/uploaded/attachment/207634.xls,,708,,
35,山口県,35208,岩国市,,玖珂総合センター,,公民館・会館,,岩国市玖珂町4961,,,,,yes,,,,,,,,,,,,,,,,,,,,,,,,,,,yamaguchi-barrier-free,山口県バリアフリー施設データベース,https://www.pref.yamaguchi.lg.jp/uploaded/attachment/207634.xls,,709,洋式トイレあり / 男子用トイレ手すりあり,
35,山口県,35208,岩国市,,玖珂東部コミュニティーセンター,,公民館・会館,,岩国市玖珂町欽明路,,,,,yes,,,,,,,,,,,,,,,,,,,,,,,,,,,yamaguchi-barrier-free,山口県バリアフリー施設データベース,https://www.pref.yamaguchi.lg.jp/uploaded/attachment/207634.xls,,710,洋式トイレあり,
35,山口県,35208,岩国市,,岩国市玖珂公民館,,公民館・会館,,岩国市玖珂町5980,,,,,yes,,,,,,,,,,,,,,,,,,,,,,,,,,,yamaguchi-barrier-free,山口県バリアフリー施設データベース,https://www.pref.yamaguchi.lg.jp/uploaded/attachment/207634.xls,,711,,
35,山口県,35208,岩国市,,玖珂こどもの館,,公民館・会館,,岩国市玖珂町5330,,,,,yes,,,,,,,,,,,,,,,,,,,,,,,,,,,yamaguchi-barrier-free,山口県バリアフリー施設データベース,https://www.pref.yamaguchi.lg.jp/uploaded/attachment/207634.xls,,712,洋式トイレあり / 男子用トイレ手すりあり,
35,山口県,35208,岩国市,,岩国市立周東図書館,,公民館・会館,,岩国市周東町下久原1201-1,,,,,yes,,,,,,,,,,,,,,,,,,,,,,,,,,,yamaguchi-barrier-free,山口県バリアフリー施設データベース,https://www.pref.yamaguchi.lg.jp/uploaded/attachment/207634.xls,,713,,
35,山口県,35208,岩国市,,岩国市周東中央公民館（中央福祉会館）,,公民館・会館,,岩国市周東町下久原1208,,,,,yes,,,,,,,,,,,,,,,,,,,,,,,,,,,yamaguchi-barrier-free,山口県バリアフリー施設データベース,https://www.pref.yamaguchi.lg.jp/uploaded/attachment/207634.xls,,714,,
35,山口県,35208,岩国市,,パストラルホール（周東文化会館）,,公民館・会館,,岩国市周東町用田137-8,,,,,yes,,,,,,,,,,,,,,,,,,,,,,,,,,,yamaguchi-barrier-free,山口県バリアフリー施設データベース,https://www.pref.yamaguchi.lg.jp/uploaded/attachment/207634.xls,,715,洋式トイレあり,
35,山口県,35208,岩国市,,錦ふるさとセンター,,公民館・会館,,岩国市錦町広瀬1125,,,,,yes,,,,,,,,,,,,,,,,,,,,,,,,,,,yamaguchi-barrier-free,山口県バリアフリー施設データベース,https://www.pref.yamaguchi.lg.jp/uploaded/attachment/207634.xls,,716,,
35,山口県,35208,岩国市,,坂上西部ふれあいセンター,,公民館・会館,,岩国市美和町渋前448,,,,,yes,,,,,,,,,,,,,,,,,,,,,,,,,,,yamaguchi-barrier-free,山口県バリアフリー施設データベース,https://www.pref.yamaguchi.lg.jp/uploaded/attachment/207634.xls,,717,,
35,山口県,35208,岩国市,,周東南総合センター,,公民館・会館,,岩国市周東町上久原1075-2,,,,yes,yes,,,,,,,,,yes,,,,,,,,,,,,,,,,,,yamaguchi-barrier-free,山口県バリアフリー施設データベース,https://www.pref.yamaguchi.lg.jp/uploaded/attachment/207634.xls,,718,洋式トイレあり,
35,山口県,35208,岩国市,,岩国市立中央図書館,,公民館・会館,,岩国市南岩国町4-52-1,,,,yes,yes,,,,,,,,,yes,,,,,,,,,,,,,,,,,,yamaguchi-barrier-free,山口県バリアフリー施設データベース,https://www.pref.yamaguchi.lg.jp/uploaded/attachment/207634.xls,,719,洋式トイレあり / 男子用トイレ手すりあり,
35,山口県,35208,岩国市,,ハーモニーみわ（美和町文化会館）,,公民館・会館,,岩国市美和町渋前1751,,,,yes,,,,,,,,,,yes,,,,,,,,,,,,,,,,,,yamaguchi-barrier-free,山口県バリアフリー施設データベース,https://www.pref.yamaguchi.lg.jp/uploaded/attachment/207634.xls,,720,洋式トイレあり / 男子用トイレ手すりあり,
35,山口県,35208,岩国市,,阿賀ふれあいセンター,,公民館・会館,,岩国市美和町阿賀1039,,,,yes,,,,,,,,,,yes,,,,,,,,,,,,,,,,,,yamaguchi-barrier-free,山口県バリアフリー施設データベース,https://www.pref.yamaguchi.lg.jp/uploaded/attachment/207634.xls,,721,洋式トイレあり / 男子用トイレ手すりあり,
35,山口県,35208,岩国市,,北門ふるさと交流館,,公民館・会館,,岩国市美和町釜ヶ原376-1,,,,yes,,,,,,,,,,yes,,,,,,,,,,,,,,,,,,yamaguchi-barrier-free,山口県バリアフリー施設データベース,https://www.pref.yamaguchi.lg.jp/uploaded/attachment/207634.xls,,722,洋式トイレあり / 男子用トイレ手すりあり,
35,山口県,35208,岩国市,,らかん高原野外活動施設（センターハウス）,,公民館・会館,,岩国市美和町,,,,,yes,,,,,,,,,,,,,,,,,,,,,,,,,,,yamaguchi-barrier-free,山口県バリアフリー施設データベース,https://www.pref.yamaguchi.lg.jp/uploaded/attachment/207634.xls,,723,,
35,山口県,35208,岩国市,,高齢者きらめき交流プラザ,,公民館・会館,,岩国市本郷町本郷,,,,,yes,,,,,,,,,,,,,,,,,,,,,,,,,,,yamaguchi-barrier-free,山口県バリアフリー施設データベース,https://www.pref.yamaguchi.lg.jp/uploaded/attachment/207634.xls,,724,洋式トイレあり,
35,山口県,35208,岩国市,,らかん高原交流センター,,公民館・会館,,岩国市錦町大原696,,,,,yes,,,,,,,,,,,,,,,,,,,,,,,,,,,yamaguchi-barrier-free,山口県バリアフリー施設データベース,https://www.pref.yamaguchi.lg.jp/uploaded/attachment/207634.xls,,725,洋式トイレあり,
35,山口県,35208,岩国市,,岩国シティビューホテル,,宿泊施設,,岩国市麻里布町3-1-12,,,,,yes,,,,,,,,,,,,,,,,,,,,,,,,,,,yamaguchi-barrier-free,山口県バリアフリー施設データベース,https://www.pref.yamaguchi.lg.jp/uploaded/attachment/207634.xls,,726,,
35,山口県,35208,岩国市,,山口県ふれあいパーク,,宿泊施設,,岩国市由宇町深山2773-2,,,,,yes,,,,,,,,,,,,,,,,,,,,,,,,yes,,,yamaguchi-barrier-free,山口県バリアフリー施設データベース,https://www.pref.yamaguchi.lg.jp/uploaded/attachment/207634.xls,,727,洋式トイレあり / 男子用トイレ手すりあり,
35,山口県,35208,岩国市,,道の駅ピュアラインにしき,,商業・物販施設,,岩国市錦町府谷117,,,,yes,,,,,,,,,,yes,,,,,,,,,,,,,,,,,,yamaguchi-barrier-free,山口県バリアフリー施設データベース,https://www.pref.yamaguchi.lg.jp/uploaded/attachment/207634.xls,,729,,
35,山口県,35208,岩国市,,深谷峡温泉　清流の郷,,商業・物販施設,,岩国市錦町宇佐郷1075,,,,,yes,,,,,,,,,,,,,,,,,,,,,,,,,,,yamaguchi-barrier-free,山口県バリアフリー施設データベース,https://www.pref.yamaguchi.lg.jp/uploaded/attachment/207634.xls,,730,洋式トイレあり,
35,山口県,35208,岩国市,,錦町産品ステーション,,商業・物販施設,,岩国市錦町広瀬小正下,,,,,yes,,,,,,,,,,,,,,,,,,,,,,,,,,,yamaguchi-barrier-free,山口県バリアフリー施設データベース,https://www.pref.yamaguchi.lg.jp/uploaded/attachment/207634.xls,,731,洋式トイレあり,
35,山口県,35208,岩国市,,雙津峡温泉　憩いの家,,商業・物販施設,,岩国市錦町深川3132,,,,,,,,,,,,,,,,,,,,,,,,,,,,,,,,yamaguchi-barrier-free,山口県バリアフリー施設データベース,https://www.pref.yamaguchi.lg.jp/uploaded/attachment/207634.xls,,732,洋式トイレあり,
35,山口県,35208,岩国市,,マックスバリュー南岩国店,,商業・物販施設,,岩国市尾津町１-16-5,,,,yes,yes,,,,,,,,,yes,,,,,,,,,,,,,,,yes,,,yamaguchi-barrier-free,山口県バリアフリー施設データベース,https://www.pref.yamaguchi.lg.jp/uploaded/attachment/207634.xls,,733,,
35,山口県,35208,岩国市,,フジグラン岩国,,商業・物販施設,,岩国市麻里布町2-9-8,,,,,yes,,,,,,,,,,,,,,,,,,,,,,,,,,,yamaguchi-barrier-free,山口県バリアフリー施設データベース,https://www.pref.yamaguchi.lg.jp/uploaded/attachment/207634.xls,,735,洋式トイレあり / 男子用トイレ手すりあり,
35,山口県,35208,岩国市,,岩国市立錦中学校グランド,,スポーツ・遊技施設,,岩国市錦町広瀬942,,,,,yes,,,,,,,,,,,,,,,,,,,,,,,,,,,yamaguchi-barrier-free,山口県バリアフリー施設データベース,https://www.pref.yamaguchi.lg.jp/uploaded/attachment/207634.xls,,736,,
35,山口県,35208,岩国市,,岩国市総合体育館,,スポーツ・遊技施設,,岩国市平田1-40-1,,,,,yes,,,,,,,,,,,,,,,,,,,,,,,,,,,yamaguchi-barrier-free,山口県バリアフリー施設データベース,https://www.pref.yamaguchi.lg.jp/uploaded/attachment/207634.xls,,737,洋式トイレあり,
35,山口県,35208,岩国市,,由宇グラウンド,,スポーツ・遊技施設,,岩国市由宇町中央2-4753-3,,,,,yes,,,,,,,,,,,,,,,,,,,,,,,,,,,yamaguchi-barrier-free,山口県バリアフリー施設データベース,https://www.pref.yamaguchi.lg.jp/uploaded/attachment/207634.xls,,738,,
35,山口県,35208,岩国市,,由宇文化スポーツセンター,,スポーツ・遊技施設,,岩国市由宇町南端6285-2,,,,,yes,,,,,,,,,,,,,,,,,,,,,,,,,,,yamaguchi-barrier-free,山口県バリアフリー施設データベース,https://www.pref.yamaguchi.lg.jp/uploaded/attachment/207634.xls,,739,洋式トイレあり,
35,山口県,35208,岩国市,,玖珂体育センター,,スポーツ・遊技施設,,岩国市玖珂町6316-1,,,,,yes,,,,,,,,,,,,,,,,,,,,,,,,,,,yamaguchi-barrier-free,山口県バリアフリー施設データベース,https://www.pref.yamaguchi.lg.jp/uploaded/attachment/207634.xls,,740,,
35,山口県,35208,岩国市,,グリーンオアシス,,スポーツ・遊技施設,,岩国市玖珂町4410-2,,,,,yes,,,,,,,,,,,,,,,,,,,,,,,,,,,yamaguchi-barrier-free,山口県バリアフリー施設データベース,https://www.pref.yamaguchi.lg.jp/uploaded/attachment/207634.xls,,741,洋式トイレあり,
35,山口県,35208,岩国市,,サンビレッジ周東,,スポーツ・遊技施設,,岩国市周東町用田169-1,,,,,yes,,,,,,,,,,,,,,,,,,,,,,,,,,,yamaguchi-barrier-free,山口県バリアフリー施設データベース,https://www.pref.yamaguchi.lg.jp/uploaded/attachment/207634.xls,,742,洋式トイレあり,
35,山口県,35208,岩国市,,周東勤労者青少年ホーム（周東体育センター）,,スポーツ・遊技施設,,岩国市周東町用田137-8,,,,,yes,,,,,,,,,,,,,,,,,,,,,,,,,,,yamaguchi-barrier-free,山口県バリアフリー施設データベース,https://www.pref.yamaguchi.lg.jp/uploaded/attachment/207634.xls,,743,洋式トイレあり,
35,山口県,35208,岩国市,,美川グラウンド,,スポーツ・遊技施設,,岩国市美川町小川403,,,,,yes,,,,,,,,,,,,,,,,,,,,,,,,,,,yamaguchi-barrier-free,山口県バリアフリー施設データベース,https://www.pref.yamaguchi.lg.jp/uploaded/attachment/207634.xls,,744,,
35,山口県,35208,岩国市,,黒沢スポーツ広場,,スポーツ・遊技施設,,岩国市美和町黒沢,,,,,yes,,,,,,,,,,,,,,,,,,,,,,,,,,,yamaguchi-barrier-free,山口県バリアフリー施設データベース,https://www.pref.yamaguchi.lg.jp/uploaded/attachment/207634.xls,,745,洋式トイレあり / 男子用トイレ手すりあり,
35,山口県,35208,岩国市,,玖珂総合公園（グラウンド・ゴルフ場）,,スポーツ・遊技施設,,岩国市玖珂町3800-1,,,,yes,,,,,,,,,,yes,,,,,,,,,,,,,,,,,,yamaguchi-barrier-free,山口県バリアフリー施設データベース,https://www.pref.yamaguchi.lg.jp/uploaded/attachment/207634.xls,,746,男子用トイレ手すりあり,
35,山口県,35208,岩国市,,丸太村（森林体験交流施設）,,スポーツ・遊技施設,,岩国市周東町用田229-2,,,,yes,,,,,,,,,,yes,,,,,,,,,,,,,,,,,,yamaguchi-barrier-free,山口県バリアフリー施設データベース,https://www.pref.yamaguchi.lg.jp/uploaded/attachment/207634.xls,,747,,
35,山口県,35208,岩国市,,美和パークゴルフ,,スポーツ・遊技施設,,岩国市美和町百合谷,,,,,yes,,,,,,,,,,,,,,,,,,,,,,,,,,,yamaguchi-barrier-free,山口県バリアフリー施設データベース,https://www.pref.yamaguchi.lg.jp/uploaded/attachment/207634.xls,,748,,
35,山口県,35208,岩国市,,らかん高原オートキャンプ場,,スポーツ・遊技施設,,岩国市錦町大原699-5,,,,,yes,,,,,,,,,,,,,,,,,,,,,,,,,,,yamaguchi-barrier-free,山口県バリアフリー施設データベース,https://www.pref.yamaguchi.lg.jp/uploaded/attachment/207634.xls,,749,洋式トイレあり,
35,山口県,35208,岩国市,,ロープウェイ山頂駅トイレ,,トイレ,,岩国市横山2,,,,,yes,,,,,,,,,,,,,,,,,,,,,,,,,,,yamaguchi-barrier-free,山口県バリアフリー施設データベース,https://www.pref.yamaguchi.lg.jp/uploaded/attachment/207634.xls,,750,,
35,山口県,35208,岩国市,,宮古弁当前トイレ,,トイレ,,岩国市横山2,,,,,yes,,,,,,,,,,,,,,,,,,,,,,,,,,,yamaguchi-barrier-free,山口県バリアフリー施設データベース,https://www.pref.yamaguchi.lg.jp/uploaded/attachment/207634.xls,,751,,
35,山口県,35208,岩国市,,六角亭前トイレ,,トイレ,,岩国市横山1,,,,,yes,,,,,,,,,,,,,,,,,,,,,,,,,,,yamaguchi-barrier-free,山口県バリアフリー施設データベース,https://www.pref.yamaguchi.lg.jp/uploaded/attachment/207634.xls,,752,,
35,山口県,35208,岩国市,,長山公園トイレ,,トイレ,,岩国市今津町6,,,,,yes,,,,,,,,,,,,,,,,,,,,,,,,,,,yamaguchi-barrier-free,山口県バリアフリー施設データベース,https://www.pref.yamaguchi.lg.jp/uploaded/attachment/207634.xls,,753,,
35,山口県,35208,岩国市,,岩国観光協会トイレ,,トイレ,,岩国市岩国1-5-10,,,,,yes,,,,,,,,,,,,,,,,,,,,,,,,,,,yamaguchi-barrier-free,山口県バリアフリー施設データベース,https://www.pref.yamaguchi.lg.jp/uploaded/attachment/207634.xls,,754,,
35,山口県,35208,岩国市,,吉香公園入口トイレ,,トイレ,,岩国市横山2,,,,,yes,,,,,,,,,,,,,,,,,,,,,,,,,,,yamaguchi-barrier-free,山口県バリアフリー施設データベース,https://www.pref.yamaguchi.lg.jp/uploaded/attachment/207634.xls,,755,,
35,山口県,35208,岩国市,,ロープウェイ山麓駅トイレ,,トイレ,,岩国市横山2,,,,,yes,,,,,,,,,,,,,,,,,,,,,,,,,,,yamaguchi-barrier-free,山口県バリアフリー施設データベース,https://www.pref.yamaguchi.lg.jp/uploaded/attachment/207634.xls,,756,,
35,山口県,35208,岩国市,,麻里布町第三街区公園トイレ,,トイレ,,岩国市麻里布町3-9,,,,,yes,,,,,,,,,,,,,,,,,,,,,,,,,,,yamaguchi-barrier-free,山口県バリアフリー施設データベース,https://www.pref.yamaguchi.lg.jp/uploaded/attachment/207634.xls,,757,,
35,山口県,35208,岩国市,,由宇温泉前公衆便所,,トイレ,,岩国市由宇町745,,,,,yes,,,,,,,,,,,,,,,,,,,,,,,,,,,yamaguchi-barrier-free,山口県バリアフリー施設データベース,https://www.pref.yamaguchi.lg.jp/uploaded/attachment/207634.xls,,758,,
35,山口県,35208,岩国市,,波野バス停トイレ,,トイレ,,岩国市本郷町波野,,,,,yes,,,,,,,,,,,,,,,,,,,,,,,,,,,yamaguchi-barrier-free,山口県バリアフリー施設データベース,https://www.pref.yamaguchi.lg.jp/uploaded/attachment/207634.xls,,759,,
35,山口県,35208,岩国市,,寂地峡公衆トイレ,,トイレ,,岩国市錦町宇佐,,,,,yes,,,,,,,,,,,,,,,,,,,,,,,,,,,yamaguchi-barrier-free,山口県バリアフリー施設データベース,https://www.pref.yamaguchi.lg.jp/uploaded/attachment/207634.xls,,760,,
35,山口県,35208,岩国市,,根笠駅公衆トイレ,,トイレ,,岩国市美川町根笠216,,,,,yes,,,,,,,,,,,,,,,,,,,,,,,,,,,yamaguchi-barrier-free,山口県バリアフリー施設データベース,https://www.pref.yamaguchi.lg.jp/uploaded/attachment/207634.xls,,761,,
35,山口県,35208,岩国市,,下宮ノ串公衆トイレ,,トイレ,,岩国市美川町小川835-2,,,,,yes,,,,,,,,,,,,,,,,,,,,,,,,,,,yamaguchi-barrier-free,山口県バリアフリー施設データベース,https://www.pref.yamaguchi.lg.jp/uploaded/attachment/207634.xls,,762,,
35,山口県,35208,岩国市,,わかば台公衆トイレ,,トイレ,,岩国市美川町南桑15-13,,,,,yes,,,,,,,,,,,,,,,,,,,,,,,,,,,yamaguchi-barrier-free,山口県バリアフリー施設データベース,https://www.pref.yamaguchi.lg.jp/uploaded/attachment/207634.xls,,763,,
35,山口県,35208,岩国市,,黒沢町トイレ,,トイレ,,岩国市美和町黒沢,,,,,yes,,,,,,,,,,,,,,,,,,,,,,,,,,,yamaguchi-barrier-free,山口県バリアフリー施設データベース,https://www.pref.yamaguchi.lg.jp/uploaded/attachment/207634.xls,,764,,
35,山口県,35208,岩国市,,西畑町トイレ,,トイレ,,岩国市美和町西畑135-1,,,,,yes,,,,,,,,,,,,,,,,,,,,,,,,,,,yamaguchi-barrier-free,山口県バリアフリー施設データベース,https://www.pref.yamaguchi.lg.jp/uploaded/attachment/207634.xls,,765,,
35,山口県,35208,岩国市,,吉川家墓前トイレ,,トイレ,,岩国市横山,,,,,yes,,,,,,,,,,,,,,,,,,,,,,,,,,,yamaguchi-barrier-free,山口県バリアフリー施設データベース,https://www.pref.yamaguchi.lg.jp/uploaded/attachment/207634.xls,,766,,
35,山口県,35208,岩国市,,錦帯橋バスセンター（公衆トイレ）,,トイレ,,岩国市岩国1-1-42,,,,,yes,,,,,,,,,,,,,,,,,,,,,,,,,,,yamaguchi-barrier-free,山口県バリアフリー施設データベース,https://www.pref.yamaguchi.lg.jp/uploaded/attachment/207634.xls,,767,洋式トイレあり / 男子用トイレ手すりあり,
35,山口県,35208,岩国市,,渡里公衆便所,,トイレ,,岩国市美川町根笠駅前,,,,,yes,,,,,,,,,,,,,,,,,,,,,,,,,,,yamaguchi-barrier-free,山口県バリアフリー施設データベース,https://www.pref.yamaguchi.lg.jp/uploaded/attachment/207634.xls,,768,,
35,山口県,35208,岩国市,,岩屋駐車場公衆便所,,トイレ,,岩国市美川町根笠,,,,,yes,,,,,,,,,,,,,,,,,,,,,,,,,,,yamaguchi-barrier-free,山口県バリアフリー施設データベース,https://www.pref.yamaguchi.lg.jp/uploaded/attachment/207634.xls,,769,,
35,山口県,35208,岩国市,,弥栄湖スポーツ公園（公衆トイレ）,,トイレ,,岩国市美和町黒沢,,,,,yes,,,,,,,,,,,,,,,,,,,,,,,,,,,yamaguchi-barrier-free,山口県バリアフリー施設データベース,https://www.pref.yamaguchi.lg.jp/uploaded/attachment/207634.xls,,770,,
35,山口県,35208,岩国市,,弥栄湖スポーツ公園（管理事務所公衆トイレ）,,トイレ,,岩国市美和町黒沢122-4,,,,,yes,,,,,,,,,,,,,,,,,,,,,,,,,,,yamaguchi-barrier-free,山口県バリアフリー施設データベース,https://www.pref.yamaguchi.lg.jp/uploaded/attachment/207634.xls,,771,,
35,山口県,35208,岩国市,,がんね白滝公園（公衆トイレ）,,トイレ,,岩国市美和町黒沢,,,,yes,,,,,,,,,,yes,,,,,,,,,,,,,,,,,,yamaguchi-barrier-free,山口県バリアフリー施設データベース,https://www.pref.yamaguchi.lg.jp/uploaded/attachment/207634.xls,,772,男子用トイレ手すりあり,
35,山口県,35208,岩国市,,レイクプラザやさか（公衆トイレ）,,トイレ,,岩国市美和町百合谷281-2,,,,,yes,,,,,,,,,,,,,,,,,,,,,,,,,,,yamaguchi-barrier-free,山口県バリアフリー施設データベース,https://www.pref.yamaguchi.lg.jp/uploaded/attachment/207634.xls,,773,,
35,山口県,35208,岩国市,,波野中公衆便所,,トイレ,,岩国市本郷町波野,,,,,yes,,,,,,,,,,,,,,,,,,,,,,,,,,,yamaguchi-barrier-free,山口県バリアフリー施設データベース,https://www.pref.yamaguchi.lg.jp/uploaded/attachment/207634.xls,,774,,
35,山口県,35208,岩国市,,山村留学センター（公衆トイレ）,,トイレ,,岩国市本郷町本郷,,,,,yes,,,,,,,,,,,,,,,,,,,,,,,,,,,yamaguchi-barrier-free,山口県バリアフリー施設データベース,https://www.pref.yamaguchi.lg.jp/uploaded/attachment/207634.xls,,775,洋式トイレあり / 男子用トイレ手すりあり,
35,山口県,35208,岩国市,,本郷総合支所横公衆トイレ,,トイレ,,岩国市本郷町本郷,,,,,yes,,,,,,,,,,,,,,,,,,,,,,,,,,,yamaguchi-barrier-free,山口県バリアフリー施設データベース,https://www.pref.yamaguchi.lg.jp/uploaded/attachment/207634.xls,,776,,
35,山口県,35208,岩国市,,由宇町銭壺山便所（山頂広場）,,トイレ,,岩国市由宇町神東400-42,,,,yes,,,,,,,,,,yes,,,,,,,,,,,,,,,,,,yamaguchi-barrier-free,山口県バリアフリー施設データベース,https://www.pref.yamaguchi.lg.jp/uploaded/attachment/207634.xls,,777,洋式トイレあり / 男子用トイレ手すりあり,
35,山口県,35208,岩国市,,由宇町銭壺山便所（ふれあいパーク前）,,トイレ,,岩国市由宇町2273-2,,,,yes,,,,,,,,,,yes,,,,,,,,,,,,,,,,,,yamaguchi-barrier-free,山口県バリアフリー施設データベース,https://www.pref.yamaguchi.lg.jp/uploaded/attachment/207634.xls,,778,洋式トイレあり / 男子用トイレ手すりあり,
35,山口県,35208,岩国市,,岩国市由宇南沖せせらぎパーク（便所・休憩所）,,トイレ,,岩国市由宇町南沖1-6285-2,,,,,yes,,,,,,,,,,,,,,,,,,,,,,,,,,,yamaguchi-barrier-free,山口県バリアフリー施設データベース,https://www.pref.yamaguchi.lg.jp/uploaded/attachment/207634.xls,,779,,
35,山口県,35208,岩国市,,港町児童遊園地便所,,トイレ,,岩国市由宇町字浜沖6172-2,,,,yes,,,,,,,,,,yes,,,,,,,,,,,,,,,,,,yamaguchi-barrier-free,山口県バリアフリー施設データベース,https://www.pref.yamaguchi.lg.jp/uploaded/attachment/207634.xls,,780,,
35,山口県,35208,岩国市,,寂地峡公衆トイレ（上流）,,トイレ,,岩国市錦町,,,,yes,,,,,,,,,,yes,,,,,,,,,,,,,,,,,,yamaguchi-barrier-free,山口県バリアフリー施設データベース,https://www.pref.yamaguchi.lg.jp/uploaded/attachment/207634.xls,,781,男子用トイレ手すりあり,
35,山口県,35210,光市,,西部憩いの家,,医療・福祉,,光市中村町31-1,,,,,yes,,,,,,,,,,,,,,,,,,,,,,,,,,,yamaguchi-barrier-free,山口県バリアフリー施設データベース,https://www.pref.yamaguchi.lg.jp/uploaded/attachment/207634.xls,,782,男子用トイレ手すりあり,
35,山口県,35210,光市,,光市立病院,,医療・福祉,,光市虹ヶ浜2-10-1,,,,,yes,,,,,,,,,,,,,,,,,,,,,,,,,,,yamaguchi-barrier-free,山口県バリアフリー施設データベース,https://www.pref.yamaguchi.lg.jp/uploaded/attachment/207634.xls,,784,洋式トイレあり / 男子用トイレ手すりあり,
35,山口県,35210,光市,,光市立大和総合病院,,医療・福祉,,光市岩田974,,,,,yes,,,,,,,,,,,,,,,,,,,,,,,,,,,yamaguchi-barrier-free,山口県バリアフリー施設データベース,https://www.pref.yamaguchi.lg.jp/uploaded/attachment/207634.xls,,785,洋式トイレあり / 男子用トイレ手すりあり,
35,山口県,35210,光市,,特別養護老人ホームやまと苑,,医療・福祉,,光市岩田267,,,,,yes,,,,,,,,,,,,,,,,,,,,,,,,,,,yamaguchi-barrier-free,山口県バリアフリー施設データベース,https://www.pref.yamaguchi.lg.jp/uploaded/attachment/207634.xls,,786,洋式トイレあり / 男子用トイレ手すりあり,
35,山口県,35210,光市,,救護施設石城苑,,医療・福祉,,光市塩田1382-4,,,,,yes,,,,,,,,,,,,,,,,,,,,,,,,,,,yamaguchi-barrier-free,山口県バリアフリー施設データベース,https://www.pref.yamaguchi.lg.jp/uploaded/attachment/207634.xls,,787,洋式トイレあり / 男子用トイレ手すりあり,
35,山口県,35210,光市,,光市総合福祉センターあいぱーく光,,医療・福祉,,光市光井2-2-1,,,,yes,yes,,,,,,,,,yes,,,,,,,,,,,,,,,yes,,,yamaguchi-barrier-free,山口県バリアフリー施設データベース,https://www.pref.yamaguchi.lg.jp/uploaded/attachment/207634.xls,,788,洋式トイレあり / 男子用トイレ手すりあり,
35,山口県,35210,光市,,ケアハウス　和光苑,,医療・福祉,,光市大字立野字花ノ木826,,,,,yes,,,,,,,,,,,,,,,,,,,,,,,,,,,yamaguchi-barrier-free,山口県バリアフリー施設データベース,https://www.pref.yamaguchi.lg.jp/uploaded/attachment/207634.xls,,789,洋式トイレあり / 男子用トイレ手すりあり,
35,山口県,35210,光市,,五嶋内科クリニック,,医療・福祉,,光市木園1-5-31,,,,,yes,,,,,,,,,,,,,,,,,,,,,,,,,,,yamaguchi-barrier-free,山口県バリアフリー施設データベース,https://www.pref.yamaguchi.lg.jp/uploaded/attachment/207634.xls,,790,洋式トイレあり / 男子用トイレ手すりあり,
35,山口県,35210,光市,,老人保健施設ナイスケアまほろば,,医療・福祉,,光市岩田2477,,,,,,,,,,,,,,,,,,,,,,,,,,,,,,,,yamaguchi-barrier-free,山口県バリアフリー施設データベース,https://www.pref.yamaguchi.lg.jp/uploaded/attachment/207634.xls,,791,洋式トイレあり,
35,山口県,35210,光市,,しまた在宅介護支援センター,,医療・福祉,,光市島田5-8-20,,,,,yes,,,,,,,,,,,,,,,,,,,,,,,,,,,yamaguchi-barrier-free,山口県バリアフリー施設データベース,https://www.pref.yamaguchi.lg.jp/uploaded/attachment/207634.xls,,792,洋式トイレあり,
35,山口県,35210,光市,,海浜荘（障害者児地域支援施設）,,医療・福祉,,光市室積新開1-4-1,,,,,,,,,,,,,,,,,,,,,,,,,,,,,,,,yamaguchi-barrier-free,山口県バリアフリー施設データベース,https://www.pref.yamaguchi.lg.jp/uploaded/attachment/207634.xls,,793,洋式トイレあり / 男子用トイレ手すりあり,
35,山口県,35210,光市,,西部在宅介護支援センター,,医療・福祉,,光市虹ヶ浜2-5-30,,,,,yes,,,,,,,,,,,,,,,,,,,,,,,,,,,yamaguchi-barrier-free,山口県バリアフリー施設データベース,https://www.pref.yamaguchi.lg.jp/uploaded/attachment/207634.xls,,794,洋式トイレあり,
35,山口県,35210,光市,,住宅型有料老人ホーム ケアホームあさひ,,医療・福祉,,光市虹ヶ浜1-1-10,,,,yes,yes,,,,,,,yes,,,,,,,,,,,,,,,,,,,,yamaguchi-barrier-free,山口県バリアフリー施設データベース,https://www.pref.yamaguchi.lg.jp/uploaded/attachment/207634.xls,,795,洋式トイレあり / 男子用トイレ手すりあり,
35,山口県,35210,光市,,伊藤公資料館,,観光施設,,光市束荷,,,,,yes,,,,,,,,,,,,,,,,,,,,,,,,,,,yamaguchi-barrier-free,山口県バリアフリー施設データベース,https://www.pref.yamaguchi.lg.jp/uploaded/attachment/207634.xls,,796,男子用トイレ手すりあり,
35,山口県,35210,光市,,光ふるさと郷土館,,観光施設,,光市室積5-6-5,,,,,,,,,,,,,,,,,,,,,,,,,,,,,,,,yamaguchi-barrier-free,山口県バリアフリー施設データベース,https://www.pref.yamaguchi.lg.jp/uploaded/attachment/207634.xls,,797,洋式トイレあり,
35,山口県,35210,光市,,光税務署,,官公庁,,光市虹ヶ浜3-10-1,,,,,yes,,,,,,,,,,,,,,,,,,,,,,,,,,,yamaguchi-barrier-free,山口県バリアフリー施設データベース,https://www.pref.yamaguchi.lg.jp/uploaded/attachment/207634.xls,,798,,
35,山口県,35210,光市,,徳山税関支署光出張所,,官公庁,,光市中央5-10-24,,,,,yes,,,,,,,,,,,,,,,,,,,,,,,,,,,yamaguchi-barrier-free,山口県バリアフリー施設データベース,https://www.pref.yamaguchi.lg.jp/uploaded/attachment/207634.xls,,799,洋式トイレあり,
35,山口県,35210,光市,,下松公共職業安定所光出張所,,官公庁,,光市浅江5-3-11,,,,,yes,,,,,,,,,,,,,,,,,,,,,,,,,,,yamaguchi-barrier-free,山口県バリアフリー施設データベース,https://www.pref.yamaguchi.lg.jp/uploaded/attachment/207634.xls,,800,,
35,山口県,35210,光市,,光市役所,,官公庁,,光市中央6-1-1,,,,yes,yes,,,,,,,yes,,,,,,,,,,,,,,,,,,,,yamaguchi-barrier-free,山口県バリアフリー施設データベース,https://www.pref.yamaguchi.lg.jp/uploaded/attachment/207634.xls,,801,,
35,山口県,35210,光市,,光市教育委員会,,官公庁,,光市光井9-18-3,,,,,yes,,,,,,,,,,,,,,,,,,,,,,,,,,,yamaguchi-barrier-free,山口県バリアフリー施設データベース,https://www.pref.yamaguchi.lg.jp/uploaded/attachment/207634.xls,,802,,
35,山口県,35210,光市,,光市役所大和支所,,官公庁,,光市岩田2356-1,,,,,yes,,,,,,,,,,,,,,,,,,,,,,,,,,,yamaguchi-barrier-free,山口県バリアフリー施設データベース,https://www.pref.yamaguchi.lg.jp/uploaded/attachment/207634.xls,,803,,
35,山口県,35210,光市,,光市消防庁舎,,官公庁,,光市光井6-16-1,,,,yes,yes,,,,,,,yes,,,,,,,,,,,,,,,,,,,,yamaguchi-barrier-free,山口県バリアフリー施設データベース,https://www.pref.yamaguchi.lg.jp/uploaded/attachment/207634.xls,,804,洋式トイレあり / 男子用トイレ手すりあり,
35,山口県,35210,光市,,山口銀行光支店,,銀行・郵便局,,光市島田2-25-5,,,,yes,,,,,,,,,,yes,,,,,,,,,,,,,,,,,,yamaguchi-barrier-free,山口県バリアフリー施設データベース,https://www.pref.yamaguchi.lg.jp/uploaded/attachment/207634.xls,,805,,
35,山口県,35210,光市,,新町公園,,公園,,光市島田4-13,,,,,yes,,,,,,,,,,,,,,,,,,,,,,,,,,,yamaguchi-barrier-free,山口県バリアフリー施設データベース,https://www.pref.yamaguchi.lg.jp/uploaded/attachment/207634.xls,,806,,
35,山口県,35210,光市,,冠山総合公園,,公園,,光市室積村6288,,,,yes,yes,,,,,,,yes,,,,,,,,,,,,,,,,,,,,yamaguchi-barrier-free,山口県バリアフリー施設データベース,https://www.pref.yamaguchi.lg.jp/uploaded/attachment/207634.xls,,807,洋式トイレあり / 男子用トイレ手すりあり,
35,山口県,35210,光市,,室積みたらい公園,,公園,,光市室積5-4,,,,,yes,,,,,,,,,,,,,,,,,,,,,,,,,,,yamaguchi-barrier-free,山口県バリアフリー施設データベース,https://www.pref.yamaguchi.lg.jp/uploaded/attachment/207634.xls,,808,,
35,山口県,35210,光市,,室積公園,,公園,,光市室積8-7,,,,,yes,,,,,,,,,,,,,,,,,,,,,,,,,,,yamaguchi-barrier-free,山口県バリアフリー施設データベース,https://www.pref.yamaguchi.lg.jp/uploaded/attachment/207634.xls,,809,,
35,山口県,35210,光市,,大蔵池公園,,公園,,光市浅江,,,,,yes,,,,,,,,,,,,,,,,,,,,,,,,,,,yamaguchi-barrier-free,山口県バリアフリー施設データベース,https://www.pref.yamaguchi.lg.jp/uploaded/attachment/207634.xls,,810,,
35,山口県,35210,光市,,光駅（山陽本線）,,交通機関,,光市虹ヶ浜3-1-1,,,,,,,,,,,,,,,,,,,,,,,,,,,,,,,,yamaguchi-barrier-free,山口県バリアフリー施設データベース,https://www.pref.yamaguchi.lg.jp/uploaded/attachment/207634.xls,,811,男子用トイレ手すりあり,
35,山口県,35210,光市,,光市文化センター,,公民館・会館,,光市光井9-18-2,,,,,yes,,,,,,,,,,,,,,,,,,,,,,,,,,,yamaguchi-barrier-free,山口県バリアフリー施設データベース,https://www.pref.yamaguchi.lg.jp/uploaded/attachment/207634.xls,,812,,
35,山口県,35210,光市,,光市立図書館,,公民館・会館,,光市光井9-18-1,,,,,yes,,,,,,,,,,,,,,,,,,,,,,,,,,,yamaguchi-barrier-free,山口県バリアフリー施設データベース,https://www.pref.yamaguchi.lg.jp/uploaded/attachment/207634.xls,,813,,
35,山口県,35210,光市,,光市民ホール,,公民館・会館,,光市島田4-13-15,,,,,yes,,,,,,,,,,,,,,,,,,,,,,,,,,,yamaguchi-barrier-free,山口県バリアフリー施設データベース,https://www.pref.yamaguchi.lg.jp/uploaded/attachment/207634.xls,,814,,
35,山口県,35210,光市,,光市地域づくり支援センター,,公民館・会館,,光市島田4-14-3,,,,,yes,,,,,,,,,,,,,,,,,,,,,,,,,,,yamaguchi-barrier-free,山口県バリアフリー施設データベース,https://www.pref.yamaguchi.lg.jp/uploaded/attachment/207634.xls,,815,洋式トイレあり,
35,山口県,35210,光市,,やすらぎホール光,,公民館・会館,,光市浅江4-1-50,,,,,yes,,,,,,,,,,,,,,,,,,,,,,,,,,,yamaguchi-barrier-free,山口県バリアフリー施設データベース,https://www.pref.yamaguchi.lg.jp/uploaded/attachment/207634.xls,,816,洋式トイレあり / 男子用トイレ手すりあり,
35,山口県,35210,光市,,光市周防出張所・周防コミュニティセンター,,公民館・会館,,光市小周防1522-1,,,,yes,,,,,,,,yes,,,,,,,,,,,,,,,,,,,,yamaguchi-barrier-free,山口県バリアフリー施設データベース,https://www.pref.yamaguchi.lg.jp/uploaded/attachment/207634.xls,,817,,
35,山口県,35210,光市,,光市三島出張所・三島コミュニティセンター,,公民館・会館,,光市三井6-3-1,,,,yes,,,,,,,,yes,,,,,,,,,,,,,,,,,,,,yamaguchi-barrier-free,山口県バリアフリー施設データベース,https://www.pref.yamaguchi.lg.jp/uploaded/attachment/207634.xls,,818,,
35,山口県,35210,光市,,光市室積出張所・室積コミュニティセンター,,公民館・会館,,光市室積1-6-1,,,,,yes,,,,,,,,,,,,,,,,,,,,,,,,,,,yamaguchi-barrier-free,山口県バリアフリー施設データベース,https://www.pref.yamaguchi.lg.jp/uploaded/attachment/207634.xls,,819,,
35,山口県,35210,光市,,東部憩いの家,,公民館・会館,,光市室積新開1-1-1,,,,,,,,,,,,,,,,,,,,,,,,,,,,,,,,yamaguchi-barrier-free,山口県バリアフリー施設データベース,https://www.pref.yamaguchi.lg.jp/uploaded/attachment/207634.xls,,820,洋式トイレあり / 男子用トイレ手すりあり,
35,山口県,35210,光市,,光市浅江出張所・浅江コミュニティセンター,,公民館・会館,,光市浅江3-18-11,,,,yes,,,,,,,,yes,,,,,,,,,,,,,,,,,,,,yamaguchi-barrier-free,山口県バリアフリー施設データベース,https://www.pref.yamaguchi.lg.jp/uploaded/attachment/207634.xls,,821,洋式トイレあり,
35,山口県,35210,光市,,周防の森ロッジ,,宿泊施設,,光市立野1705-1,,,,,yes,,,,,,,,,,,,,,,,,,,,,,,,,,,yamaguchi-barrier-free,山口県バリアフリー施設データベース,https://www.pref.yamaguchi.lg.jp/uploaded/attachment/207634.xls,,822,,
35,山口県,35210,光市,,ジャスコ光店,,商業・物販施設,,光市浅江木園1-6,,,,,yes,,,,,,,,,,,,,,,,,,,,,,,,,,,yamaguchi-barrier-free,山口県バリアフリー施設データベース,https://www.pref.yamaguchi.lg.jp/uploaded/attachment/207634.xls,,823,洋式トイレあり / 男子用トイレ手すりあり,
35,山口県,35210,光市,,食品館レッツ光,,商業・物販施設,,光市浅江3-22-10,,,,,yes,,,,,,,,,,,,,,,,,,,,,,,,,,,yamaguchi-barrier-free,山口県バリアフリー施設データベース,https://www.pref.yamaguchi.lg.jp/uploaded/attachment/207634.xls,,824,洋式トイレあり,
35,山口県,35210,光市,,光勤労者体育センター,,スポーツ・遊技施設,,光市浅江7-14-1,,,,,yes,,,,,,,,,,,,,,,,,,,,,,,,,,,yamaguchi-barrier-free,山口県バリアフリー施設データベース,https://www.pref.yamaguchi.lg.jp/uploaded/attachment/207634.xls,,825,,
35,山口県,35210,光市,,大和総合運動公園大和スポーツセンター,,スポーツ・遊技施設,,光市岩田849,,,,,yes,,,,,,,,,,,,,,,,,,,,,,,,,,,yamaguchi-barrier-free,山口県バリアフリー施設データベース,https://www.pref.yamaguchi.lg.jp/uploaded/attachment/207634.xls,,826,洋式トイレあり,
35,山口県,35210,光市,,光市総合体育館,,スポーツ・遊技施設,,光市光井1941-1,,,,,,,,,,,,,,,,,,,,,,,,,,,,,,,,yamaguchi-barrier-free,山口県バリアフリー施設データベース,https://www.pref.yamaguchi.lg.jp/uploaded/attachment/207634.xls,,827,洋式トイレあり,
35,山口県,35210,光市,,光市スポーツ公園,,スポーツ・遊技施設,,光市光井110,,,,,yes,,,,,,,,,,,,,,,,,,,,,,,,,,,yamaguchi-barrier-free,山口県バリアフリー施設データベース,https://www.pref.yamaguchi.lg.jp/uploaded/attachment/207634.xls,,828,洋式トイレあり,
35,山口県,35210,光市,,虹ヶ浜キャンプ場,,スポーツ・遊技施設,,光市虹ヶ浜2-18,,,,,yes,,,,,,,,,,,,,,,,,,,,,,,,,,,yamaguchi-barrier-free,山口県バリアフリー施設データベース,https://www.pref.yamaguchi.lg.jp/uploaded/attachment/207634.xls,,829,,
35,山口県,35210,光市,,サン・アビリティーズ光,,スポーツ・遊技施設,,光市室積沖田6-1,,,,,,,,,,,,,,,,,,,,,,,,,,,,,,,,yamaguchi-barrier-free,山口県バリアフリー施設データベース,https://www.pref.yamaguchi.lg.jp/uploaded/attachment/207634.xls,,830,洋式トイレあり / 男子用トイレ手すりあり,
35,山口県,35210,光市,,山口県スポーツ交流村,,スポーツ・遊技施設,,光市光井2-19-2,,,,,yes,,,,,,,,,,,,,,,,,,,,,,,,,,,yamaguchi-barrier-free,山口県バリアフリー施設データベース,https://www.pref.yamaguchi.lg.jp/uploaded/attachment/207634.xls,,831,,
35,山口県,35210,光市,,西河原緑地公園トイレ,,トイレ,,光市虹ヶ浜１,,,,,yes,,,,,,,,,,,,,,,,,,,,,,,,,,,yamaguchi-barrier-free,山口県バリアフリー施設データベース,https://www.pref.yamaguchi.lg.jp/uploaded/attachment/207634.xls,,832,,
35,山口県,35210,光市,,光市役所屋外トイレ,,トイレ,,光市中央町6-1-1,,,,,yes,,,,,,,,,,,,,,,,,,,,,,,,,,,yamaguchi-barrier-free,山口県バリアフリー施設データベース,https://www.pref.yamaguchi.lg.jp/uploaded/attachment/207634.xls,,833,,
35,山口県,35210,光市,,虹ヶ浜公園トイレ,,トイレ,,光市虹ヶ浜２,,,,,yes,,,,,,,,,,,,,,,,,,,,,,,,,,,yamaguchi-barrier-free,山口県バリアフリー施設データベース,https://www.pref.yamaguchi.lg.jp/uploaded/attachment/207634.xls,,834,,
35,山口県,35210,光市,,伊藤公記念公園駐車場内トイレ,,トイレ,,光市束荷,,,,,yes,,,,,,,,,,,,,,,,,,,,,,,,,,,yamaguchi-barrier-free,山口県バリアフリー施設データベース,https://www.pref.yamaguchi.lg.jp/uploaded/attachment/207634.xls,,835,,
35,山口県,35210,光市,,岩田駅前トイレ,,トイレ,,光市岩田,,,,yes,,,,,,,,yes,,yes,,,,,,,,,,,,,,,,,,yamaguchi-barrier-free,山口県バリアフリー施設データベース,https://www.pref.yamaguchi.lg.jp/uploaded/attachment/207634.xls,,836,洋式トイレあり,
35,山口県,35210,光市,,象鼻ヶ崎トイレ（瀬戸内海国立公園）,,トイレ,,光市室積,,,,,yes,,,,,,,,,,,,,,,,,,,,,,,,,,,yamaguchi-barrier-free,山口県バリアフリー施設データベース,https://www.pref.yamaguchi.lg.jp/uploaded/attachment/207634.xls,,837,,
35,山口県,35211,長門市,,岡田病院,,医療・福祉,,長門市東深川888,,,,,yes,,,,,,,,,,,,,,,,,,,,,,,,,,,yamaguchi-barrier-free,山口県バリアフリー施設データベース,https://www.pref.yamaguchi.lg.jp/uploaded/attachment/207634.xls,,838,洋式トイレあり / 男子用トイレ手すりあり,
35,山口県,35211,長門市,,長門市地域福祉センター,,医療・福祉,,長門市東深川1321-1,,,,,yes,,,,,,,,,,,,,,,,,,,,,,,,,,,yamaguchi-barrier-free,山口県バリアフリー施設データベース,https://www.pref.yamaguchi.lg.jp/uploaded/attachment/207634.xls,,839,洋式トイレあり / 男子用トイレ手すりあり,
35,山口県,35211,長門市,,長門総合病院,,医療・福祉,,長門市東深川中山,,,,,yes,,,,,,,,,,,,,,,,,,,,,,,,,,,yamaguchi-barrier-free,山口県バリアフリー施設データベース,https://www.pref.yamaguchi.lg.jp/uploaded/attachment/207634.xls,,840,洋式トイレあり / 男子用トイレ手すりあり,
35,山口県,35211,長門市,,医療法人杏祐会　三隅病院,,医療・福祉,,長門市三隅中3242,,,,,yes,,,,,,,,,,,,,,,,,,,,,,,,,,,yamaguchi-barrier-free,山口県バリアフリー施設データベース,https://www.pref.yamaguchi.lg.jp/uploaded/attachment/207634.xls,,841,洋式トイレあり / 男子用トイレ手すりあり,
35,山口県,35211,長門市,,清風ポラリス,,医療・福祉,,長門市三隅中326,,,,,yes,,,,,,,,,,,,,,,,,,,,,,,,,,,yamaguchi-barrier-free,山口県バリアフリー施設データベース,https://www.pref.yamaguchi.lg.jp/uploaded/attachment/207634.xls,,842,洋式トイレあり / 男子用トイレ手すりあり,
35,山口県,35211,長門市,,長門市油谷保健福祉センター,,医療・福祉,,長門市油谷新別名803,,,,yes,,,,,,,,yes,,yes,,,,,,,,,,,,,,,yes,,,yamaguchi-barrier-free,山口県バリアフリー施設データベース,https://www.pref.yamaguchi.lg.jp/uploaded/attachment/207634.xls,,843,洋式トイレあり / 男子用トイレ手すりあり,
35,山口県,35211,長門市,,長門市役所日置支所・日置保健センター,,医療・福祉,,長門市日置5914-3,,,,yes,,,,,,,,,,yes,,,,,,,,,,,,,,,,,,yamaguchi-barrier-free,山口県バリアフリー施設データベース,https://www.pref.yamaguchi.lg.jp/uploaded/attachment/207634.xls,,844,洋式トイレあり,
35,山口県,35211,長門市,,三隅保健センター,,医療・福祉,,長門市三隅中1473,,,,yes,,,,,,,,,,yes,,,,,,,,,,,,,,,,,,yamaguchi-barrier-free,山口県バリアフリー施設データベース,https://www.pref.yamaguchi.lg.jp/uploaded/attachment/207634.xls,,845,洋式トイレあり / 男子用トイレ手すりあり,
35,山口県,35211,長門市,,介護付高齢者専用賃貸住宅　清風オリオン,,医療・福祉,,長門市三隅中286,,,,,yes,,,,,,,,,,,,,,,,,,,,,,,,,,,yamaguchi-barrier-free,山口県バリアフリー施設データベース,https://www.pref.yamaguchi.lg.jp/uploaded/attachment/207634.xls,,846,洋式トイレあり / 男子用トイレ手すりあり,
35,山口県,35211,長門市,,長門市立みのり保育園,,医療・福祉,,長門市西深川3766,,,,yes,yes,,,,,,,,,yes,,,,,,,,,,,,,,,yes,,,yamaguchi-barrier-free,山口県バリアフリー施設データベース,https://www.pref.yamaguchi.lg.jp/uploaded/attachment/207634.xls,,847,洋式トイレあり,
35,山口県,35211,長門市,,地域活動支援センター　たけのこ村,,医療・福祉,,"長門市西深川字御所原845番地1,2",,,,,yes,,,,,,,,,,,,,,,,,,,,,,,,,,,yamaguchi-barrier-free,山口県バリアフリー施設データベース,https://www.pref.yamaguchi.lg.jp/uploaded/attachment/207634.xls,,848,洋式トイレあり,
35,山口県,35211,長門市,,山崎歯科医院,,医療・福祉,,長門市東深川1930-8,,,,,yes,,,,,,,,,,,,,,,,,,,,,,,,,,,yamaguchi-barrier-free,山口県バリアフリー施設データベース,https://www.pref.yamaguchi.lg.jp/uploaded/attachment/207634.xls,,849,洋式トイレあり,
35,山口県,35211,長門市,,グループホーム　きららの里西館,,医療・福祉,,長門市深川湯本600-1,,,,,yes,,,,,,,,,,,,,,,,,,,,,,,,,,,yamaguchi-barrier-free,山口県バリアフリー施設データベース,https://www.pref.yamaguchi.lg.jp/uploaded/attachment/207634.xls,,850,洋式トイレあり,
35,山口県,35211,長門市,,長門市香月泰男美術館,,観光施設,,長門市三隅中226,,,,,yes,,,,,,,,,,,,,,,,,,,,,,,,,,,yamaguchi-barrier-free,山口県バリアフリー施設データベース,https://www.pref.yamaguchi.lg.jp/uploaded/attachment/207634.xls,,851,,
35,山口県,35211,長門市,,村田清風記念館,,観光施設,,長門市三隅下2510-1,,,,,yes,,,,,,,,,,,,,,,,,,,,,,,,,,,yamaguchi-barrier-free,山口県バリアフリー施設データベース,https://www.pref.yamaguchi.lg.jp/uploaded/attachment/207634.xls,,852,,
35,山口県,35211,長門市,,金子みすゞ記念館,,観光施設,,長門市仙崎字西祇園1308,,,,yes,,,,,,,,yes,,yes,,,,,,,,,,,,,,,,,,yamaguchi-barrier-free,山口県バリアフリー施設データベース,https://www.pref.yamaguchi.lg.jp/uploaded/attachment/207634.xls,,853,洋式トイレあり / 男子用トイレ手すりあり,
35,山口県,35211,長門市,,長門簡易裁判所,,官公庁,,長門市東深川正明市1342-2,,,,,yes,,,,,,,,,,,,,,,,,,,,,,,,,,,yamaguchi-barrier-free,山口県バリアフリー施設データベース,https://www.pref.yamaguchi.lg.jp/uploaded/attachment/207634.xls,,854,,
35,山口県,35211,長門市,,長門警察署,,官公庁,,長門市東深川777,,,,,yes,,,,,,,,,,,,,,,,,,,,,,,,,,,yamaguchi-barrier-free,山口県バリアフリー施設データベース,https://www.pref.yamaguchi.lg.jp/uploaded/attachment/207634.xls,,855,男子用トイレ手すりあり,
35,山口県,35211,長門市,,長門市役所,,官公庁,,長門市東深川1339-2,,,,,yes,,,,,,,,,,,,,,,,,,,,,,,,,,,yamaguchi-barrier-free,山口県バリアフリー施設データベース,https://www.pref.yamaguchi.lg.jp/uploaded/attachment/207634.xls,,856,,
35,山口県,35211,長門市,,長門健康福祉センター,,官公庁,,長門市東深川1344-1,,,,,yes,,,,,,,,,,,,,,,,,,,,,,,,yes,,,yamaguchi-barrier-free,山口県バリアフリー施設データベース,https://www.pref.yamaguchi.lg.jp/uploaded/attachment/207634.xls,,857,,
35,山口県,35211,長門市,,長門市役所三隅支所・三隅保健センター,,官公庁,,長門市三隅中1473,,,,,,,,,,,,,,,,,,,,,,,,,,,,,,,,yamaguchi-barrier-free,山口県バリアフリー施設データベース,https://www.pref.yamaguchi.lg.jp/uploaded/attachment/207634.xls,,858,洋式トイレあり,
35,山口県,35211,長門市,,長門土木建築事務所,,官公庁,,長門市東深川1875-1,,,,,yes,,,,,,,,,,,,,,,,,,,,,,,,,,,yamaguchi-barrier-free,山口県バリアフリー施設データベース,https://www.pref.yamaguchi.lg.jp/uploaded/attachment/207634.xls,,861,,
35,山口県,35211,長門市,,ふれあい広場,,公園,,長門市油谷新別名,,,,yes,,,,,,,,,,yes,,,,,,,,,,,,,,,,,,yamaguchi-barrier-free,山口県バリアフリー施設データベース,https://www.pref.yamaguchi.lg.jp/uploaded/attachment/207634.xls,,862,,
35,山口県,35211,長門市,,千畳敷園地,,公園,,長門市日置日置中地内,,,,yes,,,,,,,,,,yes,,,,,,,,,,,,,,,,,,yamaguchi-barrier-free,山口県バリアフリー施設データベース,https://www.pref.yamaguchi.lg.jp/uploaded/attachment/207634.xls,,863,,
35,山口県,35211,長門市,,竜宮の潮吹き園地,,公園,,長門市油谷津黄地内,,,,yes,,,,,,,,,,yes,,,,,,,,,,,,,,,,,,yamaguchi-barrier-free,山口県バリアフリー施設データベース,https://www.pref.yamaguchi.lg.jp/uploaded/attachment/207634.xls,,864,,
35,山口県,35211,長門市,,頭振川みどりの砂防公園,,公園,,長門市俵山地内,,,,yes,,,,,,,,,,yes,,,,,,,,,,,,,,,,,,yamaguchi-barrier-free,山口県バリアフリー施設データベース,https://www.pref.yamaguchi.lg.jp/uploaded/attachment/207634.xls,,865,男子用トイレ手すりあり,
35,山口県,35211,長門市,,仙崎漁港,,交通機関,,長門市仙崎漁港南（人工島）,,,,yes,,,,,,,,,,yes,,,,,,,,,,,,,,,,,,yamaguchi-barrier-free,山口県バリアフリー施設データベース,https://www.pref.yamaguchi.lg.jp/uploaded/attachment/207634.xls,,869,,
35,山口県,35211,長門市,,長門市立図書館,,公民館・会館,,長門市仙崎灰ノ木441-1,,,,,yes,,,,,,,,,,,,,,,,,,,,,,,,,,,yamaguchi-barrier-free,山口県バリアフリー施設データベース,https://www.pref.yamaguchi.lg.jp/uploaded/attachment/207634.xls,,870,洋式トイレあり / 男子用トイレ手すりあり,
35,山口県,35211,長門市,,長門市中央公民館,,公民館・会館,,長門市東深川1326-6,,,,,yes,,,,,,,,,,,,,,,,,,,,,,,,,,,yamaguchi-barrier-free,山口県バリアフリー施設データベース,https://www.pref.yamaguchi.lg.jp/uploaded/attachment/207634.xls,,871,洋式トイレあり / 男子用トイレ手すりあり,
35,山口県,35211,長門市,,日置農村活性化交流センター,,公民館・会館,,長門市日置上3137-1,,,,,yes,,,,,,,,,,,,,,,,,,,,,,,,,,,yamaguchi-barrier-free,山口県バリアフリー施設データベース,https://www.pref.yamaguchi.lg.jp/uploaded/attachment/207634.xls,,872,,
35,山口県,35211,長門市,,日置農村環境改善センター,,公民館・会館,,長門市日置上5899,,,,,yes,,,,,,,,,,,,,,,,,,,,,,,,,,,yamaguchi-barrier-free,山口県バリアフリー施設データベース,https://www.pref.yamaguchi.lg.jp/uploaded/attachment/207634.xls,,873,,
35,山口県,35211,長門市,,ふれあいプラザはまゆう,,公民館・会館,,長門市日置上5793-2,,,,,yes,,,,,,,,,,,,,,,,,,,,,,,,,,,yamaguchi-barrier-free,山口県バリアフリー施設データベース,https://www.pref.yamaguchi.lg.jp/uploaded/attachment/207634.xls,,874,洋式トイレあり,
35,山口県,35211,長門市,,ラポールゆや,,公民館・会館,,長門市油谷新別名833,,,,yes,yes,,,,,,,,,yes,,,,,,,,,,,,,,,,,,yamaguchi-barrier-free,山口県バリアフリー施設データベース,https://www.pref.yamaguchi.lg.jp/uploaded/attachment/207634.xls,,875,洋式トイレあり / 男子用トイレ手すりあり,
35,山口県,35211,長門市,,ルネッサながと,,公民館・会館,,長門市仙崎818-1,,,,yes,yes,,,,,,,yes,,yes,,,,,,,,,,,,,,,yes,,,yamaguchi-barrier-free,山口県バリアフリー施設データベース,https://www.pref.yamaguchi.lg.jp/uploaded/attachment/207634.xls,,876,洋式トイレあり / 男子用トイレ手すりあり,
35,山口県,35211,長門市,,ウェーブ,,商業・物販施設,,長門市東深川803-8,,,,,yes,,,,,,,,,,,,,,,,,,,,,,,,,,,yamaguchi-barrier-free,山口県バリアフリー施設データベース,https://www.pref.yamaguchi.lg.jp/uploaded/attachment/207634.xls,,877,,
35,山口県,35211,長門市,,フジ長門店,,商業・物販施設,,長門市仙崎字網田322-2,,,,,yes,,,,,,,,,,,,,,,,,,,,,,,,,,,yamaguchi-barrier-free,山口県バリアフリー施設データベース,https://www.pref.yamaguchi.lg.jp/uploaded/attachment/207634.xls,,878,洋式トイレあり,
35,山口県,35211,長門市,,湯免ふれあいセンター,,商業・物販施設,,長門市三隅中251-6,,,,,yes,,,,,,,,,,,,,,,,,,,,,,,,,,,yamaguchi-barrier-free,山口県バリアフリー施設データベース,https://www.pref.yamaguchi.lg.jp/uploaded/attachment/207634.xls,,879,洋式トイレあり / 男子用トイレ手すりあり,
35,山口県,35211,長門市,,サンマート三隅店,,商業・物販施設,,長門市三隅下字下浅田2028-1,,,,yes,yes,,,,,,,,,yes,,,,,,,,,,,,,,,,,,yamaguchi-barrier-free,山口県バリアフリー施設データベース,https://www.pref.yamaguchi.lg.jp/uploaded/attachment/207634.xls,,881,洋式トイレあり,
35,山口県,35211,長門市,,油谷勤労者体育センター,,スポーツ・遊技施設,,長門市油谷河原2016,,,,,yes,,,,,,,,,,,,,,,,,,,,,,,,,,,yamaguchi-barrier-free,山口県バリアフリー施設データベース,https://www.pref.yamaguchi.lg.jp/uploaded/attachment/207634.xls,,882,,
35,山口県,35211,長門市,,川尻岬キャンプ場,,スポーツ・遊技施設,,長門市油谷向津具下,,,,,yes,,,,,,,,,,,,,,,,,,,,,,,,,,,yamaguchi-barrier-free,山口県バリアフリー施設データベース,https://www.pref.yamaguchi.lg.jp/uploaded/attachment/207634.xls,,883,,
35,山口県,35211,長門市,,伊上海浜公園オートキャンプ場,,スポーツ・遊技施設,,長門市油谷伊上2403-8,,,,yes,yes,,,,,,,,,yes,,,,,,,,,,,,,,,,,,yamaguchi-barrier-free,山口県バリアフリー施設データベース,https://www.pref.yamaguchi.lg.jp/uploaded/attachment/207634.xls,,884,洋式トイレあり,
35,山口県,35211,長門市,,松島野営場,,スポーツ・遊技施設,,長門市三隅三隅下地内,,,,yes,,,,,,,,,,yes,,,,,,,,,,,,,,,,,,yamaguchi-barrier-free,山口県バリアフリー施設データベース,https://www.pref.yamaguchi.lg.jp/uploaded/attachment/207634.xls,,885,,
35,山口県,35211,長門市,,二井ノ浜野営場,,スポーツ・遊技施設,,長門市日置日置上地内,,,,yes,,,,,,,,,,yes,,,,,,,,,,,,,,,,,,yamaguchi-barrier-free,山口県バリアフリー施設データベース,https://www.pref.yamaguchi.lg.jp/uploaded/attachment/207634.xls,,886,洋式トイレあり / 男子用トイレ手すりあり,
35,山口県,35211,長門市,,小田大浜海岸野営場,,スポーツ・遊技施設,,長門市油谷向津具上地内,,,,yes,,,,,,,,,,yes,,,,,,,,,,,,,,,,,,yamaguchi-barrier-free,山口県バリアフリー施設データベース,https://www.pref.yamaguchi.lg.jp/uploaded/attachment/207634.xls,,887,洋式トイレあり / 男子用トイレ手すりあり,
35,山口県,35211,長門市,,静ヶ浦キャンプ場トイレ,,トイレ,,長門市仙崎,,,,,yes,,,,,,,,,,,,,,,,,,,,,,,,,,,yamaguchi-barrier-free,山口県バリアフリー施設データベース,https://www.pref.yamaguchi.lg.jp/uploaded/attachment/207634.xls,,888,,
35,山口県,35211,長門市,,青海島観光船乗場トイレ,,トイレ,,長門市仙崎4297-2,,,,,yes,,,,,,,,,,,,,,,,,,,,,,,,,,,yamaguchi-barrier-free,山口県バリアフリー施設データベース,https://www.pref.yamaguchi.lg.jp/uploaded/attachment/207634.xls,,889,,
35,山口県,35211,長門市,,弁天町トイレ,,トイレ,,長門市仙崎弁天町,,,,,yes,,,,,,,,,,,,,,,,,,,,,,,,,,,yamaguchi-barrier-free,山口県バリアフリー施設データベース,https://www.pref.yamaguchi.lg.jp/uploaded/attachment/207634.xls,,890,,
35,山口県,35211,長門市,,みすず公園入り口トイレ,,トイレ,,長門市仙崎白潟,,,,,yes,,,,,,,,,,,,,,,,,,,,,,,,,,,yamaguchi-barrier-free,山口県バリアフリー施設データベース,https://www.pref.yamaguchi.lg.jp/uploaded/attachment/207634.xls,,891,,
35,山口県,35211,長門市,,湯本温泉バス停トイレ,,トイレ,,長門市湯本,,,,,yes,,,,,,,,,,,,,,,,,,,,,,,,,,,yamaguchi-barrier-free,山口県バリアフリー施設データベース,https://www.pref.yamaguchi.lg.jp/uploaded/attachment/207634.xls,,892,,
35,山口県,35211,長門市,,大ヶ迫隊道入り口トイレ,,トイレ,,長門市大ヶ迫,,,,,yes,,,,,,,,,,,,,,,,,,,,,,,,,,,yamaguchi-barrier-free,山口県バリアフリー施設データベース,https://www.pref.yamaguchi.lg.jp/uploaded/attachment/207634.xls,,893,,
35,山口県,35211,長門市,,阿惣ダム駐車場トイレ,,トイレ,,長門市油谷河原,,,,yes,,,,,,,,,,yes,,,,,,,,,,,,,,,,,,yamaguchi-barrier-free,山口県バリアフリー施設データベース,https://www.pref.yamaguchi.lg.jp/uploaded/attachment/207634.xls,,894,,
35,山口県,35211,長門市,,大浜海水浴場駐車場トイレ,,トイレ,,長門市油谷川尻,,,,yes,,,,,,,,,,yes,,,,,,,,,,,,,,,,,,yamaguchi-barrier-free,山口県バリアフリー施設データベース,https://www.pref.yamaguchi.lg.jp/uploaded/attachment/207634.xls,,895,洋式トイレあり / 男子用トイレ手すりあり,
35,山口県,35211,長門市,,川尻岬キャンプ場駐車場トイレ,,トイレ,,長門市油谷向津具下,,,,,yes,,,,,,,,,,,,,,,,,,,,,,,,,,,yamaguchi-barrier-free,山口県バリアフリー施設データベース,https://www.pref.yamaguchi.lg.jp/uploaded/attachment/207634.xls,,896,,
35,山口県,35211,長門市,,日本の棚田百選「東後畑」（駐車場トイレ）,,トイレ,,長門市油谷東後畑,,,,,yes,,,,,,,,,,,,,,,,,,,,,,,,,,,yamaguchi-barrier-free,山口県バリアフリー施設データベース,https://www.pref.yamaguchi.lg.jp/uploaded/attachment/207634.xls,,897,,
35,山口県,35211,長門市,,竜宮の潮吹き（駐車場トイレ）,,トイレ,,長門市油谷津黄,,,,yes,,,,,,,,,,yes,,,,,,,,,,,,,,,,,,yamaguchi-barrier-free,山口県バリアフリー施設データベース,https://www.pref.yamaguchi.lg.jp/uploaded/attachment/207634.xls,,898,,
35,山口県,35211,長門市,,青海島野営場（公衆トイレ）,,トイレ,,長門市仙崎地内,,,,,yes,,,,,,,,,,,,,,,,,,,,,,,,,,,yamaguchi-barrier-free,山口県バリアフリー施設データベース,https://www.pref.yamaguchi.lg.jp/uploaded/attachment/207634.xls,,899,,
35,山口県,35211,長門市,,湯免ダム管理所公衆トイレ,,トイレ,,長門市三隅中字辻並,,,,yes,,,,,,,,,,yes,,,,,,,,,,,,,,,,,,yamaguchi-barrier-free,山口県バリアフリー施設データベース,https://www.pref.yamaguchi.lg.jp/uploaded/attachment/207634.xls,,900,洋式トイレあり,
35,山口県,35212,柳井市,,周東総合病院,,医療・福祉,,柳井市古開作1000-1,,,,,yes,,,,,,,,,,,,,,,,,,,,,,,,,,,yamaguchi-barrier-free,山口県バリアフリー施設データベース,https://www.pref.yamaguchi.lg.jp/uploaded/attachment/207634.xls,,902,洋式トイレあり / 男子用トイレ手すりあり,
35,山口県,35212,柳井市,,柳井市総合福祉センター,,医療・福祉,,柳井市南町3-9-2,,,,yes,,,,,,,,,,yes,,,,,,,,,,,,,,,,,,yamaguchi-barrier-free,山口県バリアフリー施設データベース,https://www.pref.yamaguchi.lg.jp/uploaded/attachment/207634.xls,,903,,
35,山口県,35212,柳井市,,保健センター,,医療・福祉,,柳井市南町6-12-1,,,,yes,yes,,,,,,,,,yes,,,,,,,,,,,,,,,,,,yamaguchi-barrier-free,山口県バリアフリー施設データベース,https://www.pref.yamaguchi.lg.jp/uploaded/attachment/207634.xls,,904,洋式トイレあり / 男子用トイレ手すりあり,
35,山口県,35212,柳井市,,もみの木介護複合施設,,医療・福祉,,柳井市中央1-8-1,,,,,yes,,,,,,,,,,,,,,,,,,,,,,,,,,,yamaguchi-barrier-free,山口県バリアフリー施設データベース,https://www.pref.yamaguchi.lg.jp/uploaded/attachment/207634.xls,,905,洋式トイレあり / 男子用トイレ手すりあり,
35,山口県,35212,柳井市,,ふれあい広場,,観光施設,,柳井市柳井3717-1,,,,yes,yes,,,,,,,yes,,yes,,,,,,,,,,,,,,,,,,yamaguchi-barrier-free,山口県バリアフリー施設データベース,https://www.pref.yamaguchi.lg.jp/uploaded/attachment/207634.xls,,906,男子用トイレ手すりあり,
35,山口県,35212,柳井市,,柳井市町並み資料館,,観光施設,,柳井市柳井津442,,,,yes,,,,,,,,yes,,yes,,,,,,,,,,,,,,,,,,yamaguchi-barrier-free,山口県バリアフリー施設データベース,https://www.pref.yamaguchi.lg.jp/uploaded/attachment/207634.xls,,907,洋式トイレあり,
35,山口県,35212,柳井市,,山口県柳井総合庁舎,,官公庁,,柳井市南町3-9-10,,,,yes,yes,,,,,,,yes,,,,,,,,,,,,,,,,,,,,yamaguchi-barrier-free,山口県バリアフリー施設データベース,https://www.pref.yamaguchi.lg.jp/uploaded/attachment/207634.xls,,908,,
35,山口県,35212,柳井市,,柳井市役所,,官公庁,,柳井市南町1-10-2,,,,yes,yes,,,,,,,yes,,yes,,,,,,,,,,,,,,,yes,,,yamaguchi-barrier-free,山口県バリアフリー施設データベース,https://www.pref.yamaguchi.lg.jp/uploaded/attachment/207634.xls,,909,男子用トイレ手すりあり,
35,山口県,35212,柳井市,,柳井税務署,,官公庁,,柳井市柳井3745-1,,,,yes,,,,,,,,,,yes,,,,,,,,,,,,,,,,,,yamaguchi-barrier-free,山口県バリアフリー施設データベース,https://www.pref.yamaguchi.lg.jp/uploaded/attachment/207634.xls,,910,洋式トイレあり / 男子用トイレ手すりあり,
35,山口県,35212,柳井市,,柳井郵便局,,銀行・郵便局,,柳井市古開作111-3,,,,,yes,,,,,,,,,,,,,,,,,,,,,,,,,,,yamaguchi-barrier-free,山口県バリアフリー施設データベース,https://www.pref.yamaguchi.lg.jp/uploaded/attachment/207634.xls,,913,洋式トイレあり,
35,山口県,35212,柳井市,,やまぐちフラワーランド,,公園,,柳井市新庄500-1,,,,yes,,,,,,,,yes,,yes,,,,,,,,,,,,,,,,,,yamaguchi-barrier-free,山口県バリアフリー施設データベース,https://www.pref.yamaguchi.lg.jp/uploaded/attachment/207634.xls,,914,洋式トイレあり / 男子用トイレ手すりあり,
35,山口県,35212,柳井市,,池の浦道路公園,,公園,,柳井市池の浦,,,,,yes,,,,,,,,,,,,,,,,,,,,,,,,,,,yamaguchi-barrier-free,山口県バリアフリー施設データベース,https://www.pref.yamaguchi.lg.jp/uploaded/attachment/207634.xls,,915,,
35,山口県,35212,柳井市,,柳井ポートビル,,交通機関,,柳井市柳井134-115,,,,,yes,,,,,,,,,,,,,,,,,,,,,,,,,,,yamaguchi-barrier-free,山口県バリアフリー施設データベース,https://www.pref.yamaguchi.lg.jp/uploaded/attachment/207634.xls,,916,男子用トイレ手すりあり,
35,山口県,35212,柳井市,,柳井駅（山陽本線）,,交通機関,,柳井市古開作233-1,,,,,,,,,,,,,,,,,,,,,,,,,,,,,,,,yamaguchi-barrier-free,山口県バリアフリー施設データベース,https://www.pref.yamaguchi.lg.jp/uploaded/attachment/207634.xls,,917,男子用トイレ手すりあり,
35,山口県,35212,柳井市,,大畠駅（山陽本線）,,交通機関,,柳井市神代4183-1,,,,,,,,,,,,,,,,,,,,,,,,,,,,,,,,yamaguchi-barrier-free,山口県バリアフリー施設データベース,https://www.pref.yamaguchi.lg.jp/uploaded/attachment/207634.xls,,918,男子用トイレ手すりあり,
35,山口県,35212,柳井市,,アクティブやない,,公民館・会館,,柳井市柳井3725,,,,yes,yes,,,,,,,,,yes,,,,,,,,,,,,,,,yes,,,yamaguchi-barrier-free,山口県バリアフリー施設データベース,https://www.pref.yamaguchi.lg.jp/uploaded/attachment/207634.xls,,919,,
35,山口県,35212,柳井市,,サンビームやない,,公民館・会館,,柳井市柳井3670-1,,,,yes,,,,,,,,,,yes,,,,,,,,,,,,,,,yes,,,yamaguchi-barrier-free,山口県バリアフリー施設データベース,https://www.pref.yamaguchi.lg.jp/uploaded/attachment/207634.xls,,920,洋式トイレあり / 男子用トイレ手すりあり,
35,山口県,35212,柳井市,,柳井市中央公民館,,公民館・会館,,柳井市柳井3718,,,,,yes,,,,,,,,,,,,,,,,,,,,,,,,,,,yamaguchi-barrier-free,山口県バリアフリー施設データベース,https://www.pref.yamaguchi.lg.jp/uploaded/attachment/207634.xls,,921,,
35,山口県,35212,柳井市,,柳井市立柳井図書館,,公民館・会館,,柳井市柳井3670-1,,,,yes,yes,,,,,,,,,yes,,,,,,,,,,,,,,,,,,yamaguchi-barrier-free,山口県バリアフリー施設データベース,https://www.pref.yamaguchi.lg.jp/uploaded/attachment/207634.xls,,922,男子用トイレ手すりあり,
35,山口県,35212,柳井市,,柳井市斎場,,公民館・会館,,柳井市新庄689-1,,,,,yes,,,,,,,,,,,,,,,,,,,,,,,,,,,yamaguchi-barrier-free,山口県バリアフリー施設データベース,https://www.pref.yamaguchi.lg.jp/uploaded/attachment/207634.xls,,923,洋式トイレあり / 男子用トイレ手すりあり,
35,山口県,35212,柳井市,,ふれあいタウン大畠,,公民館・会館,,柳井市大畠1500,,,,,yes,,,,,,,,,,,,,,,,,,,,,,,,,,,yamaguchi-barrier-free,山口県バリアフリー施設データベース,https://www.pref.yamaguchi.lg.jp/uploaded/attachment/207634.xls,,924,洋式トイレあり,
35,山口県,35212,柳井市,,農業担い手センター,,公民館・会館,,柳井市南町6-12-4,,,,yes,yes,,,,,,,yes,,yes,,,,,,,,,,,,,,,,,,yamaguchi-barrier-free,山口県バリアフリー施設データベース,https://www.pref.yamaguchi.lg.jp/uploaded/attachment/207634.xls,,925,,
35,山口県,35212,柳井市,,柳井クルーズホテル,,宿泊施設,,柳井市南町2-85-4,,,,,yes,,,,,,,,,,,,,,,,,,,,,,,,,,,yamaguchi-barrier-free,山口県バリアフリー施設データベース,https://www.pref.yamaguchi.lg.jp/uploaded/attachment/207634.xls,,926,洋式トイレあり / 男子用トイレ手すりあり,
35,山口県,35212,柳井市,,ゆめタウン柳井,,商業・物販施設,,柳井市南町4-5-3,,,,,yes,,,,,,,,,,,,,,,,,,,,,,,,yes,,,yamaguchi-barrier-free,山口県バリアフリー施設データベース,https://www.pref.yamaguchi.lg.jp/uploaded/attachment/207634.xls,,927,,
35,山口県,35212,柳井市,,中国電力㈱柳井営業所,,商業・物販施設,,柳井市古開作東条685-11,,,,,yes,,,,,,,,,,,,,,,,,,,,,,,,,,,yamaguchi-barrier-free,山口県バリアフリー施設データベース,https://www.pref.yamaguchi.lg.jp/uploaded/attachment/207634.xls,,928,,
35,山口県,35212,柳井市,,イズミ柳井西店,,商業・物販施設,,柳井市柳井4830-1,,,,,yes,,,,,,,,,,,,,,,,,,,,,,,,,,,yamaguchi-barrier-free,山口県バリアフリー施設データベース,https://www.pref.yamaguchi.lg.jp/uploaded/attachment/207634.xls,,930,,
35,山口県,35212,柳井市,,柳井市民球場,,スポーツ・遊技施設,,柳井市柳井津670,,,,,yes,,,,,,,,,,,,,,,,,,,,,,,,,,,yamaguchi-barrier-free,山口県バリアフリー施設データベース,https://www.pref.yamaguchi.lg.jp/uploaded/attachment/207634.xls,,931,,
35,山口県,35212,柳井市,,柳井市体育館,,スポーツ・遊技施設,,柳井市柳井3718,,,,,yes,,,,,,,,,,,,,,,,,,,,,,,,,,,yamaguchi-barrier-free,山口県バリアフリー施設データベース,https://www.pref.yamaguchi.lg.jp/uploaded/attachment/207634.xls,,932,洋式トイレあり,
35,山口県,35212,柳井市,,中央緑地公園内トイレ,,トイレ,,柳井市柳井,,,,,yes,,,,,,,,,,,,,,,,,,,,,,,,,,,yamaguchi-barrier-free,山口県バリアフリー施設データベース,https://www.pref.yamaguchi.lg.jp/uploaded/attachment/207634.xls,,934,,
35,山口県,35212,柳井市,,神代障害者用トイレ,,トイレ,,柳井市神代,,,,,yes,,,,,,,,,,,,,,,,,,,,,,,,,,,yamaguchi-barrier-free,山口県バリアフリー施設データベース,https://www.pref.yamaguchi.lg.jp/uploaded/attachment/207634.xls,,935,,
35,山口県,35213,美祢市,,美祢市立病院,,医療・福祉,,美祢市大嶺町東分字池尻1313-1,,,,,yes,,,,,,,,,,,,,,,,,,,,,,,,,,,yamaguchi-barrier-free,山口県バリアフリー施設データベース,https://www.pref.yamaguchi.lg.jp/uploaded/attachment/207634.xls,,936,洋式トイレあり / 男子用トイレ手すりあり,
35,山口県,35213,美祢市,,美祢市美東保健福祉センター,,医療・福祉,,美祢市美東町大田6141,,,,yes,,,,,,,,,,yes,,,,,,,,,,,,,,,,,,yamaguchi-barrier-free,山口県バリアフリー施設データベース,https://www.pref.yamaguchi.lg.jp/uploaded/attachment/207634.xls,,937,洋式トイレあり / 男子用トイレ手すりあり,
35,山口県,35213,美祢市,,美祢市化石館,,観光施設,,美祢市大嶺町東分315-12,,,,,yes,,,,,,,,,,,,,,,,,,,,,,,,,,,yamaguchi-barrier-free,山口県バリアフリー施設データベース,https://www.pref.yamaguchi.lg.jp/uploaded/attachment/207634.xls,,938,,
35,山口県,35213,美祢市,,美祢市歴史民俗資料館,,観光施設,,美祢市大嶺町東分279-1,,,,,yes,,,,,,,,,,,,,,,,,,,,,,,,,,,yamaguchi-barrier-free,山口県バリアフリー施設データベース,https://www.pref.yamaguchi.lg.jp/uploaded/attachment/207634.xls,,939,,
35,山口県,35213,美祢市,,秋吉台展望台,,観光施設,,美祢市秋芳町秋吉秋吉台,,,,,yes,,,,,,,,,,,,,,,,,,,,,,,,,,,yamaguchi-barrier-free,山口県バリアフリー施設データベース,https://www.pref.yamaguchi.lg.jp/uploaded/attachment/207634.xls,,940,,
35,山口県,35213,美祢市,,秋芳洞観光センター,,観光施設,,美祢市秋芳町秋吉3506-2,,,,,yes,,,,,,,,,,,,,,,,,,,,,,,,,,,yamaguchi-barrier-free,山口県バリアフリー施設データベース,https://www.pref.yamaguchi.lg.jp/uploaded/attachment/207634.xls,,941,,
35,山口県,35213,美祢市,,町営有料駐車場Ｐ1,,観光施設,,美祢市秋芳町秋吉広谷,,,,,yes,,,,,,,,,,,,,,,,,,,,,,,,,,,yamaguchi-barrier-free,山口県バリアフリー施設データベース,https://www.pref.yamaguchi.lg.jp/uploaded/attachment/207634.xls,,942,,
35,山口県,35213,美祢市,,秋吉台案内所,,観光施設,,美祢市秋芳町秋吉秋吉台,,,,,yes,,,,,,,,,,,,,,,,,,,,,,,,,,,yamaguchi-barrier-free,山口県バリアフリー施設データベース,https://www.pref.yamaguchi.lg.jp/uploaded/attachment/207634.xls,,943,,
35,山口県,35213,美祢市,,黒谷案内所,,観光施設,,美祢市秋芳町秋吉秋吉台,,,,,yes,,,,,,,,,,,,,,,,,,,,,,,,,,,yamaguchi-barrier-free,山口県バリアフリー施設データベース,https://www.pref.yamaguchi.lg.jp/uploaded/attachment/207634.xls,,944,,
35,山口県,35213,美祢市,,大理石加工展示館,,観光施設,,美祢市秋芳町秋吉広谷,,,,yes,,,,,,,,yes,,yes,,,,,,,,,,,,,,,,,,yamaguchi-barrier-free,山口県バリアフリー施設データベース,https://www.pref.yamaguchi.lg.jp/uploaded/attachment/207634.xls,,945,男子用トイレ手すりあり,
35,山口県,35213,美祢市,,秋芳洞案内所,,観光施設,,美祢市秋芳町秋吉広谷,,,,,yes,,,,,,,,,,,,,,,,,,,,,,,,,,,yamaguchi-barrier-free,山口県バリアフリー施設データベース,https://www.pref.yamaguchi.lg.jp/uploaded/attachment/207634.xls,,946,,
35,山口県,35213,美祢市,,秋吉台国定公園大正洞,,観光施設,,美祢市美東町赤字下鳴2659-4,,,,yes,,,,,,,,,,yes,,,,,,,,,,,,,,,,,,yamaguchi-barrier-free,山口県バリアフリー施設データベース,https://www.pref.yamaguchi.lg.jp/uploaded/attachment/207634.xls,,947,洋式トイレあり / 男子用トイレ手すりあり,
35,山口県,35213,美祢市,,山口県美祢合同庁舎,,官公庁,,美祢市大嶺町東分沖田3449-5,,,,,yes,,,,,,,,,,,,,,,,,,,,,,,,,,,yamaguchi-barrier-free,山口県バリアフリー施設データベース,https://www.pref.yamaguchi.lg.jp/uploaded/attachment/207634.xls,,948,,
35,山口県,35213,美祢市,,山口県美祢農林事務所農業部,,官公庁,,美祢市大嶺町東分341-3,,,,,yes,,,,,,,,,,,,,,,,,,,,,,,,yes,,,yamaguchi-barrier-free,山口県バリアフリー施設データベース,https://www.pref.yamaguchi.lg.jp/uploaded/attachment/207634.xls,,949,,
35,山口県,35213,美祢市,,美祢警察署,,官公庁,,美祢市大嶺町東分312,,,,,yes,,,,,,,,,,,,,,,,,,,,,,,,,,,yamaguchi-barrier-free,山口県バリアフリー施設データベース,https://www.pref.yamaguchi.lg.jp/uploaded/attachment/207634.xls,,950,,
35,山口県,35213,美祢市,,美祢市役所,,官公庁,,美祢市大嶺町東分326-1,,,,,yes,,,,,,,,,,,,,,,,,,,,,,,,,,,yamaguchi-barrier-free,山口県バリアフリー施設データベース,https://www.pref.yamaguchi.lg.jp/uploaded/attachment/207634.xls,,951,,
35,山口県,35213,美祢市,,美祢市秋芳総合支所,,官公庁,,美祢市秋芳町秋吉5335-1,,,,,yes,,,,,,,,,,,,,,,,,,,,,,,,,,,yamaguchi-barrier-free,山口県バリアフリー施設データベース,https://www.pref.yamaguchi.lg.jp/uploaded/attachment/207634.xls,,953,洋式トイレあり,
35,山口県,35213,美祢市,,美祢中央公園,,公園,,美祢市大嶺町東分字池尻,,,,,yes,,,,,,,,,,,,,,,,,,,,,,,,,,,yamaguchi-barrier-free,山口県バリアフリー施設データベース,https://www.pref.yamaguchi.lg.jp/uploaded/attachment/207634.xls,,954,,
35,山口県,35213,美祢市,,彦山竹林公園,,公園,,美祢市大嶺町東分字長ヶ坪,,,,yes,,,,,,,,,,yes,,,,,,,,,,,,,,,,,,yamaguchi-barrier-free,山口県バリアフリー施設データベース,https://www.pref.yamaguchi.lg.jp/uploaded/attachment/207634.xls,,955,,
35,山口県,35213,美祢市,,美祢さくら公園,,公園,,美祢市大嶺町東分字沖田,,,,yes,,,,,,,,yes,,yes,,,,,,,,,,,,,,,,,,yamaguchi-barrier-free,山口県バリアフリー施設データベース,https://www.pref.yamaguchi.lg.jp/uploaded/attachment/207634.xls,,956,洋式トイレあり / 男子用トイレ手すりあり,
35,山口県,35213,美祢市,,伊佐近隣公園,,公園,,美祢市伊佐町伊佐字了,,,,,yes,,,,,,,,,,,,,,,,,,,,,,,,,,,yamaguchi-barrier-free,山口県バリアフリー施設データベース,https://www.pref.yamaguchi.lg.jp/uploaded/attachment/207634.xls,,957,,
35,山口県,35213,美祢市,,桜山総合公園,,公園,,美祢市伊佐町伊佐字浴山,,,,,yes,,,,,,,,,,,,,,,,,,,,,,,,,,,yamaguchi-barrier-free,山口県バリアフリー施設データベース,https://www.pref.yamaguchi.lg.jp/uploaded/attachment/207634.xls,,958,,
35,山口県,35213,美祢市,,美祢駅（美祢線）,,交通機関,,美祢市大嶺町東分,,,,,,,,,,,,,,,,,,,,,,,,,,,,,,,,yamaguchi-barrier-free,山口県バリアフリー施設データベース,https://www.pref.yamaguchi.lg.jp/uploaded/attachment/207634.xls,,959,男子用トイレ手すりあり,
35,山口県,35213,美祢市,,美祢市民会館,,公民館・会館,,美祢市大嶺町東分326-1,,,,,yes,,,,,,,,,,,,,,,,,,,,,,,,,,,yamaguchi-barrier-free,山口県バリアフリー施設データベース,https://www.pref.yamaguchi.lg.jp/uploaded/attachment/207634.xls,,960,洋式トイレあり,
35,山口県,35213,美祢市,,美祢市勤労青少年ホーム,,公民館・会館,,美祢市大嶺町東分285-1,,,,,yes,,,,,,,,,,,,,,,,,,,,,,,,,,,yamaguchi-barrier-free,山口県バリアフリー施設データベース,https://www.pref.yamaguchi.lg.jp/uploaded/attachment/207634.xls,,961,,
35,山口県,35213,美祢市,,美祢勤労者総合福祉センター,,公民館・会館,,美祢市大嶺町東分312,,,,,yes,,,,,,,,,,,,,,,,,,,,,,,,,,,yamaguchi-barrier-free,山口県バリアフリー施設データベース,https://www.pref.yamaguchi.lg.jp/uploaded/attachment/207634.xls,,962,,
35,山口県,35213,美祢市,,美祢市美東センター,,公民館・会館,,美祢市美東町大田6170-1,,,,,yes,,,,,,,,,,,,,,,,,,,,,,,,,,,yamaguchi-barrier-free,山口県バリアフリー施設データベース,https://www.pref.yamaguchi.lg.jp/uploaded/attachment/207634.xls,,963,,
35,山口県,35213,美祢市,,美祢来福センター,,公民館・会館,,美祢市大嶺町東分来福台4-16,,,,,yes,,,,,,,,,,,,,,,,,,,,,,,,,,,yamaguchi-barrier-free,山口県バリアフリー施設データベース,https://www.pref.yamaguchi.lg.jp/uploaded/attachment/207634.xls,,964,洋式トイレあり,
35,山口県,35213,美祢市,,美祢市勤労福祉会館,,公民館・会館,,美祢市大嶺町東分348-4,,,,,yes,,,,,,,,,,,,,,,,,,,,,,,,,,,yamaguchi-barrier-free,山口県バリアフリー施設データベース,https://www.pref.yamaguchi.lg.jp/uploaded/attachment/207634.xls,,965,,
35,山口県,35213,美祢市,,赤郷交流センター,,公民館・会館,,美祢市美東町赤425,,,,yes,,,,,,,,,,yes,,,,,,,,,,,,,,,,,,yamaguchi-barrier-free,山口県バリアフリー施設データベース,https://www.pref.yamaguchi.lg.jp/uploaded/attachment/207634.xls,,966,洋式トイレあり / 男子用トイレ手すりあり,
35,山口県,35213,美祢市,,綾木ふるさとセンター,,公民館・会館,,美祢市美東町綾木2437,,,,yes,,,,,,,,,,yes,,,,,,,,,,,,,,,,,,yamaguchi-barrier-free,山口県バリアフリー施設データベース,https://www.pref.yamaguchi.lg.jp/uploaded/attachment/207634.xls,,967,洋式トイレあり / 男子用トイレ手すりあり,
35,山口県,35213,美祢市,,美祢市嘉万公民館,,公民館・会館,,美祢市美東町嘉万4608-3,,,,yes,yes,,,,,,,yes,,,,,,,,,,,,,,,,,,,,yamaguchi-barrier-free,山口県バリアフリー施設データベース,https://www.pref.yamaguchi.lg.jp/uploaded/attachment/207634.xls,,968,洋式トイレあり / 男子用トイレ手すりあり,
35,山口県,35213,美祢市,,秋吉台国際芸術村（本館棟）,,公民館・会館,,美祢市秋芳町秋吉50,,,,yes,,,,,,,,,,yes,,,,,,,,,,,,,,,,,,yamaguchi-barrier-free,山口県バリアフリー施設データベース,https://www.pref.yamaguchi.lg.jp/uploaded/attachment/207634.xls,,969,洋式トイレあり,
35,山口県,35213,美祢市,,ほっとビレッジ美東,,宿泊施設,,美祢市美東町赤3043-1,,,,,yes,,,,,,,,,,,,,,,,,,,,,,,,,,,yamaguchi-barrier-free,山口県バリアフリー施設データベース,https://www.pref.yamaguchi.lg.jp/uploaded/attachment/207634.xls,,970,洋式トイレあり / 男子用トイレ手すりあり,
35,山口県,35213,美祢市,,秋吉台国際芸術村（宿泊棟）,,宿泊施設,,美祢市秋芳町秋吉50,,,,,yes,,,,,,,,,,,,,,,,,,,,,,,,,,,yamaguchi-barrier-free,山口県バリアフリー施設データベース,https://www.pref.yamaguchi.lg.jp/uploaded/attachment/207634.xls,,971,洋式トイレあり,
35,山口県,35213,美祢市,,フジ美祢店,,商業・物販施設,,美祢市大嶺町東分3469-1,,,,,yes,,,,,,,,,,,,,,,,,,,,,,,,,,,yamaguchi-barrier-free,山口県バリアフリー施設データベース,https://www.pref.yamaguchi.lg.jp/uploaded/attachment/207634.xls,,972,洋式トイレあり,
35,山口県,35213,美祢市,,美祢ショッピングセンターエポック,,商業・物販施設,,美祢市大嶺町東分293-1,,,,,yes,,,,,,,,,,,,,,,,,,,,,,,,,,,yamaguchi-barrier-free,山口県バリアフリー施設データベース,https://www.pref.yamaguchi.lg.jp/uploaded/attachment/207634.xls,,973,,
35,山口県,35213,美祢市,,道の駅みとう,,商業・物販施設,,美祢市美東町大田字近光5480-1,,,,yes,,,,,,,,,,yes,,,,,,,,,,,,,,,,,,yamaguchi-barrier-free,山口県バリアフリー施設データベース,https://www.pref.yamaguchi.lg.jp/uploaded/attachment/207634.xls,,974,,
35,山口県,35213,美祢市,,景清洞トロン温泉,,商業・物販施設,,美祢市美東町赤3108,,,,,yes,,,,,,,,,,,,,,,,,,,,,,,,,,,yamaguchi-barrier-free,山口県バリアフリー施設データベース,https://www.pref.yamaguchi.lg.jp/uploaded/attachment/207634.xls,,975,洋式トイレあり / 男子用トイレ手すりあり,
35,山口県,35213,美祢市,,サイサイみとう,,商業・物販施設,,美祢市美東町大田5439-1,,,,,yes,,,,,,,,,,,,,,,,,,,,,,,,,,,yamaguchi-barrier-free,山口県バリアフリー施設データベース,https://www.pref.yamaguchi.lg.jp/uploaded/attachment/207634.xls,,976,,
35,山口県,35213,美祢市,,きららオーガニック・ライフ,,商業・物販施設,,美祢市美東町真名８４１－１,,,,yes,yes,,,,,,,yes,,yes,,,,,,,,,,,,,,,yes,,,yamaguchi-barrier-free,山口県バリアフリー施設データベース,https://www.pref.yamaguchi.lg.jp/uploaded/attachment/207634.xls,,977,洋式トイレあり,
35,山口県,35213,美祢市,,道の駅おふく,,商業・物販施設,,美祢市於福町上4383-1,,,,yes,yes,,,,,,,,,yes,,,,,,,,,,,,,,,,,,yamaguchi-barrier-free,山口県バリアフリー施設データベース,https://www.pref.yamaguchi.lg.jp/uploaded/attachment/207634.xls,,978,洋式トイレあり,
35,山口県,35213,美祢市,,美祢スポーツセンター,,スポーツ・遊技施設,,美祢市伊佐町伊佐4885,,,,,yes,,,,,,,,,,,,,,,,,,,,,,,,,,,yamaguchi-barrier-free,山口県バリアフリー施設データベース,https://www.pref.yamaguchi.lg.jp/uploaded/attachment/207634.xls,,979,男子用トイレ手すりあり,
35,山口県,35213,美祢市,,勤労者体育センター,,スポーツ・遊技施設,,美祢市秋芳町秋吉秋吉台1237-545,,,,,yes,,,,,,,,,,,,,,,,,,,,,,,,,,,yamaguchi-barrier-free,山口県バリアフリー施設データベース,https://www.pref.yamaguchi.lg.jp/uploaded/attachment/207634.xls,,980,洋式トイレあり,
35,山口県,35213,美祢市,,美祢市民球場,,スポーツ・遊技施設,,美祢市伊佐町伊佐3795,,,,,yes,,,,,,,,,,,,,,,,,,,,,,,,,,,yamaguchi-barrier-free,山口県バリアフリー施設データベース,https://www.pref.yamaguchi.lg.jp/uploaded/attachment/207634.xls,,981,,
35,山口県,35213,美祢市,,美祢市秋芳体育館,,スポーツ・遊技施設,,美祢市秋芳町秋吉5357,,,,yes,,,,,,,,yes,,yes,,,,,,,,,,,,,,,,,,yamaguchi-barrier-free,山口県バリアフリー施設データベース,https://www.pref.yamaguchi.lg.jp/uploaded/attachment/207634.xls,,982,洋式トイレあり / 男子用トイレ手すりあり,
35,山口県,35213,美祢市,,美祢市吉則駐車場トイレ,,トイレ,,美祢市大嶺町東分,,,,,yes,,,,,,,,,,,,,,,,,,,,,,,,,,,yamaguchi-barrier-free,山口県バリアフリー施設データベース,https://www.pref.yamaguchi.lg.jp/uploaded/attachment/207634.xls,,983,,
35,山口県,35213,美祢市,,高山道路公園トイレ,,トイレ,,美祢市植木高山,,,,,yes,,,,,,,,,,,,,,,,,,,,,,,,,,,yamaguchi-barrier-free,山口県バリアフリー施設データベース,https://www.pref.yamaguchi.lg.jp/uploaded/attachment/207634.xls,,984,,
35,山口県,35213,美祢市,,景清洞案内所トイレ,,トイレ,,美祢市美東町赤3248,,,,,yes,,,,,,,,,,,,,,,,,,,,,,,,,,,yamaguchi-barrier-free,山口県バリアフリー施設データベース,https://www.pref.yamaguchi.lg.jp/uploaded/attachment/207634.xls,,985,,
35,山口県,35213,美祢市,,綾木公民館トイレ,,トイレ,,美祢市美東町綾木植竹,,,,,yes,,,,,,,,,,,,,,,,,,,,,,,,,,,yamaguchi-barrier-free,山口県バリアフリー施設データベース,https://www.pref.yamaguchi.lg.jp/uploaded/attachment/207634.xls,,986,,
35,山口県,35213,美祢市,,秋吉台家族旅行村内トイレ,,トイレ,,美祢市秋芳町秋吉秋吉台,,,,,yes,,,,,,,,,,,,,,,,,,,,,,,,,,,yamaguchi-barrier-free,山口県バリアフリー施設データベース,https://www.pref.yamaguchi.lg.jp/uploaded/attachment/207634.xls,,987,,
35,山口県,35213,美祢市,,長者ヶ森園地（公衆便所）,,トイレ,,美祢市美東町大田字西原136-3,,,,yes,,,,,,,,,,yes,,,,,,,,,,,,,,,,,,yamaguchi-barrier-free,山口県バリアフリー施設データベース,https://www.pref.yamaguchi.lg.jp/uploaded/attachment/207634.xls,,988,洋式トイレあり / 男子用トイレ手すりあり,
35,山口県,35213,美祢市,,景清穴園地（公衆便所）,,トイレ,,美祢市美東町赤字岩屋入口3100-1,,,,yes,,,,,,,,,,yes,,,,,,,,,,,,,,,,,,yamaguchi-barrier-free,山口県バリアフリー施設データベース,https://www.pref.yamaguchi.lg.jp/uploaded/attachment/207634.xls,,989,洋式トイレあり / 男子用トイレ手すりあり,
35,山口県,35215,周南市,,徳山中央病院,,医療・福祉,,周南市孝田町1-1,,,,,yes,,,,,,,,,,,,,,,,,,,,,,,,,,,yamaguchi-barrier-free,山口県バリアフリー施設データベース,https://www.pref.yamaguchi.lg.jp/uploaded/attachment/207634.xls,,990,洋式トイレあり / 男子用トイレ手すりあり,
35,山口県,35215,周南市,,徳山医師会病院,,医療・福祉,,周南市慶万町10-1,,,,,yes,,,,,,,,,,,,,,,,,,,,,,,,,,,yamaguchi-barrier-free,山口県バリアフリー施設データベース,https://www.pref.yamaguchi.lg.jp/uploaded/attachment/207634.xls,,991,洋式トイレあり / 男子用トイレ手すりあり,
35,山口県,35215,周南市,,湯野温泉病院,,医療・福祉,,周南市湯野4217-2,,,,,yes,,,,,,,,,,,,,,,,,,,,,,,,,,,yamaguchi-barrier-free,山口県バリアフリー施設データベース,https://www.pref.yamaguchi.lg.jp/uploaded/attachment/207634.xls,,992,洋式トイレあり / 男子用トイレ手すりあり,
35,山口県,35215,周南市,,小規模通所授産施設望みの家,,医療・福祉,,周南市岡田町2-3,,,,,yes,,,,,,,,,,,,,,,,,,,,,,,,,,,yamaguchi-barrier-free,山口県バリアフリー施設データベース,https://www.pref.yamaguchi.lg.jp/uploaded/attachment/207634.xls,,993,洋式トイレあり / 男子用トイレ手すりあり,
35,山口県,35215,周南市,,鼓ヶ浦整肢学園,,医療・福祉,,周南市久米752-4,,,,,yes,,,,,,,,,,,,,,,,,,,,,,,,,,,yamaguchi-barrier-free,山口県バリアフリー施設データベース,https://www.pref.yamaguchi.lg.jp/uploaded/attachment/207634.xls,,994,洋式トイレあり / 男子用トイレ手すりあり,
35,山口県,35215,周南市,,セルプ周陽,,医療・福祉,,周南市周陽2-8-28,,,,,yes,,,,,,,,,,,,,,,,,,,,,,,,,,,yamaguchi-barrier-free,山口県バリアフリー施設データベース,https://www.pref.yamaguchi.lg.jp/uploaded/attachment/207634.xls,,995,洋式トイレあり / 男子用トイレ手すりあり,
35,山口県,35215,周南市,,特別養護老人ホーム周南市鼓海園,,医療・福祉,,周南市孝田町1-38,,,,,yes,,,,,,,,,,,,,,,,,,,,,,,,,,,yamaguchi-barrier-free,山口県バリアフリー施設データベース,https://www.pref.yamaguchi.lg.jp/uploaded/attachment/207634.xls,,996,洋式トイレあり / 男子用トイレ手すりあり,
35,山口県,35215,周南市,,老人保健施設セラヴィ徳山,,医療・福祉,,周南市孝田町1-1,,,,,yes,,,,,,,,,,,,,,,,,,,,,,,,,,,yamaguchi-barrier-free,山口県バリアフリー施設データベース,https://www.pref.yamaguchi.lg.jp/uploaded/attachment/207634.xls,,997,洋式トイレあり / 男子用トイレ手すりあり,
35,山口県,35215,周南市,,周南市立新南陽市民病院,,医療・福祉,,周南市宮の前2-3-15,,,,yes,yes,,,,,,,,,yes,,,,,,,,,,,,,,,,,,yamaguchi-barrier-free,山口県バリアフリー施設データベース,https://www.pref.yamaguchi.lg.jp/uploaded/attachment/207634.xls,,998,洋式トイレあり / 男子用トイレ手すりあり,
35,山口県,35215,周南市,,鹿野博愛病院,,医療・福祉,,周南市大字鹿野下1161-1,,,,,yes,,,,,,,,,,,,,,,,,,,,,,,,,,,yamaguchi-barrier-free,山口県バリアフリー施設データベース,https://www.pref.yamaguchi.lg.jp/uploaded/attachment/207634.xls,,1000,洋式トイレあり / 男子用トイレ手すりあり,
35,山口県,35215,周南市,,特別養護老人ホームやまなみ荘,,医療・福祉,,周南市大字鹿野上2755,,,,,yes,,,,,,,,,,,,,,,,,,,,,,,,,,,yamaguchi-barrier-free,山口県バリアフリー施設データベース,https://www.pref.yamaguchi.lg.jp/uploaded/attachment/207634.xls,,1001,洋式トイレあり / 男子用トイレ手すりあり,
35,山口県,35215,周南市,,周南市知的障害者デイサービスセンター,,医療・福祉,,周南市古川町2-41,,,,,yes,,,,,,,,,,,,,,,,,,,,,,,,,,,yamaguchi-barrier-free,山口県バリアフリー施設データベース,https://www.pref.yamaguchi.lg.jp/uploaded/attachment/207634.xls,,1002,洋式トイレあり / 男子用トイレ手すりあり,
35,山口県,35215,周南市,,周南市介護老人保健施設ゆめ風車,,医療・福祉,,周南市宮の前2-6-27,,,,,yes,,,,,,,,,,,,,,,,,,,,,,,,,,,yamaguchi-barrier-free,山口県バリアフリー施設データベース,https://www.pref.yamaguchi.lg.jp/uploaded/attachment/207634.xls,,1003,洋式トイレあり / 男子用トイレ手すりあり,
35,山口県,35215,周南市,,周南市国民健康保険鹿野診療所,,医療・福祉,,周南市大字鹿野上3329,,,,,yes,,,,,,,,,,,,,,,,,,,,,,,,,,,yamaguchi-barrier-free,山口県バリアフリー施設データベース,https://www.pref.yamaguchi.lg.jp/uploaded/attachment/207634.xls,,1004,洋式トイレあり,
35,山口県,35215,周南市,,宮里クリニック,,医療・福祉,,周南市大内町9-16　みやさとビル1階,,,,yes,yes,,,,,,,,,yes,,,,,,,,,,,,,,,,,,yamaguchi-barrier-free,山口県バリアフリー施設データベース,https://www.pref.yamaguchi.lg.jp/uploaded/attachment/207634.xls,,1005,洋式トイレあり,
35,山口県,35215,周南市,,特別養護老人ホーム　やまなみ荘,,医療・福祉,,周南市大字鹿野上2755-1,,,,,yes,,,,,,,,,,,,,,,,,,,,,,,,,,,yamaguchi-barrier-free,山口県バリアフリー施設データベース,https://www.pref.yamaguchi.lg.jp/uploaded/attachment/207634.xls,,1006,洋式トイレあり / 男子用トイレ手すりあり,
35,山口県,35215,周南市,,周南市シルバー人材センター,,医療・福祉,,周南市桜木3-1-7,,,,,yes,,,,,,,,,,,,,,,,,,,,,,,,,,,yamaguchi-barrier-free,山口県バリアフリー施設データベース,https://www.pref.yamaguchi.lg.jp/uploaded/attachment/207634.xls,,1007,,
35,山口県,35215,周南市,,周南市徳山保健センター,,医療・福祉,,周南市児玉町1-1,,,,yes,,,,,,,,,,yes,,,,,,,,,,,,,,,,,,yamaguchi-barrier-free,山口県バリアフリー施設データベース,https://www.pref.yamaguchi.lg.jp/uploaded/attachment/207634.xls,,1008,男子用トイレ手すりあり,
35,山口県,35215,周南市,,新南陽保健センター,,医療・福祉,,周南市宮の前2-6-11,,,,,yes,,,,,,,,,,,,,,,,,,,,,,,,,,,yamaguchi-barrier-free,山口県バリアフリー施設データベース,https://www.pref.yamaguchi.lg.jp/uploaded/attachment/207634.xls,,1009,,
35,山口県,35215,周南市,,周南市老人休養ホーム嶽山荘,,医療・福祉,,周南市温田1-10-1,,,,yes,,,,,,,,,,yes,,,,,,,,,,,,,,,,,,yamaguchi-barrier-free,山口県バリアフリー施設データベース,https://www.pref.yamaguchi.lg.jp/uploaded/attachment/207634.xls,,1010,,
35,山口県,35215,周南市,,サービス付き高齢者住宅　湯野温泉,,医療・福祉,,周南市湯野4203-6,,,,,yes,,,,,,,,,,,,,,,,,,,,,,,,,,,yamaguchi-barrier-free,山口県バリアフリー施設データベース,https://www.pref.yamaguchi.lg.jp/uploaded/attachment/207634.xls,,1011,洋式トイレあり / 男子用トイレ手すりあり,
35,山口県,35215,周南市,,山口県東部高等産業技術学校,,学校,,周南市瀬戸見町15-1,,,,,yes,,,,,,,,,,,,,,,,,,,,,,,,,,,yamaguchi-barrier-free,山口県バリアフリー施設データベース,https://www.pref.yamaguchi.lg.jp/uploaded/attachment/207634.xls,,1012,洋式トイレあり,
35,山口県,35215,周南市,,周南市美術博物館,,観光施設,,周南市花畠町10-1,,,,,yes,,,,,,,,,,,,,,,,,,,,,,,,,,,yamaguchi-barrier-free,山口県バリアフリー施設データベース,https://www.pref.yamaguchi.lg.jp/uploaded/attachment/207634.xls,,1013,洋式トイレあり,
35,山口県,35215,周南市,,郷土美術資料館,,観光施設,,周南市永源,,,,,yes,,,,,,,,,,,,,,,,,,,,,,,,,,,yamaguchi-barrier-free,山口県バリアフリー施設データベース,https://www.pref.yamaguchi.lg.jp/uploaded/attachment/207634.xls,,1014,洋式トイレあり,
35,山口県,35215,周南市,,三丘徳修館,,観光施設,,周南市安田562-2,,,,,yes,,,,,,,,,,,,,,,,,,,,,,,,,,,yamaguchi-barrier-free,山口県バリアフリー施設データベース,https://www.pref.yamaguchi.lg.jp/uploaded/attachment/207634.xls,,1015,,
35,山口県,35215,周南市,,周南市役所,,官公庁,,周南市岐山通1-1,,,,,yes,,,,,,,,,,,,,,,,,,,,,,,,,,,yamaguchi-barrier-free,山口県バリアフリー施設データベース,https://www.pref.yamaguchi.lg.jp/uploaded/attachment/207634.xls,,1016,洋式トイレあり,
35,山口県,35215,周南市,,徳山労働基準監督署,,官公庁,,周南市速玉町3-41,,,,,yes,,,,,,,,,,,,,,,,,,,,,,,,,,,yamaguchi-barrier-free,山口県バリアフリー施設データベース,https://www.pref.yamaguchi.lg.jp/uploaded/attachment/207634.xls,,1017,,
35,山口県,35215,周南市,,山口地方法務局周南支局,,官公庁,,周南市周陽2-8-33,,,,yes,yes,,,,,,,,,yes,,,,,,,,,,,,,,,yes,,,yamaguchi-barrier-free,山口県バリアフリー施設データベース,https://www.pref.yamaguchi.lg.jp/uploaded/attachment/207634.xls,,1018,洋式トイレあり / 男子用トイレ手すりあり,
35,山口県,35215,周南市,,山口地方裁判所周南支部・山口家庭裁判所周南支部,,官公庁,,周南市岐山通2-5,,,,,yes,,,,,,,,,,,,,,,,,,,,,,,,,,,yamaguchi-barrier-free,山口県バリアフリー施設データベース,https://www.pref.yamaguchi.lg.jp/uploaded/attachment/207634.xls,,1019,,
35,山口県,35215,周南市,,徳山税務署,,官公庁,,周南市今宿2-35,,,,,yes,,,,,,,,,,,,,,,,,,,,,,,,,,,yamaguchi-barrier-free,山口県バリアフリー施設データベース,https://www.pref.yamaguchi.lg.jp/uploaded/attachment/207634.xls,,1020,男子用トイレ手すりあり,
35,山口県,35215,周南市,,徳山公共職業安定所,,官公庁,,周南市徳山7510-8,,,,,yes,,,,,,,,,,,,,,,,,,,,,,,,,,,yamaguchi-barrier-free,山口県バリアフリー施設データベース,https://www.pref.yamaguchi.lg.jp/uploaded/attachment/207634.xls,,1021,,
35,山口県,35215,周南市,,山口県周南総合庁舎,,官公庁,,周南市毛利町2-38,,,,yes,yes,,,,,,,yes,,yes,,,,,,,,,,,,,,,yes,,,yamaguchi-barrier-free,山口県バリアフリー施設データベース,https://www.pref.yamaguchi.lg.jp/uploaded/attachment/207634.xls,,1022,洋式トイレあり / 男子用トイレ手すりあり,
35,山口県,35215,周南市,,周南市新南陽総合支所,,官公庁,,周南市富田1-1-1,,,,,yes,,,,,,,,,,,,,,,,,,,,,,,,,,,yamaguchi-barrier-free,山口県バリアフリー施設データベース,https://www.pref.yamaguchi.lg.jp/uploaded/attachment/207634.xls,,1023,洋式トイレあり / 男子用トイレ手すりあり,
35,山口県,35215,周南市,,周南市熊毛総合支所,,官公庁,,周南市呼坂2-2,,,,yes,yes,,,,,,,,,yes,,,,,,,,,,,,,,,yes,,,yamaguchi-barrier-free,山口県バリアフリー施設データベース,https://www.pref.yamaguchi.lg.jp/uploaded/attachment/207634.xls,,1024,洋式トイレあり / 男子用トイレ手すりあり,
35,山口県,35215,周南市,,周南市鹿野総合支所,,官公庁,,周南市大字鹿野上3277,,,,,yes,,,,,,,,,,,,,,,,,,,,,,,,,,,yamaguchi-barrier-free,山口県バリアフリー施設データベース,https://www.pref.yamaguchi.lg.jp/uploaded/attachment/207634.xls,,1025,洋式トイレあり,
35,山口県,35215,周南市,,徳山海上保安部,,官公庁,,周南市那智町3-1,,,,yes,yes,,,,,,,,,yes,,,,,,,,,,,,,,,,,,yamaguchi-barrier-free,山口県バリアフリー施設データベース,https://www.pref.yamaguchi.lg.jp/uploaded/attachment/207634.xls,,1026,洋式トイレあり / 男子用トイレ手すりあり,
35,山口県,35215,周南市,,周南市福祉事務所,,官公庁,,周南市岐山通1-1,,,,yes,yes,,,,,,,yes,,,,,,,,,,,,,,,,,,,,yamaguchi-barrier-free,山口県バリアフリー施設データベース,https://www.pref.yamaguchi.lg.jp/uploaded/attachment/207634.xls,,1027,洋式トイレあり / 男子用トイレ手すりあり,
35,山口県,35215,周南市,,周南市消防本部,,官公庁,,周南市新宿通5-1-3,,,,,yes,,,,,,,,,,,,,,,,,,,,,,,,,,,yamaguchi-barrier-free,山口県バリアフリー施設データベース,https://www.pref.yamaguchi.lg.jp/uploaded/attachment/207634.xls,,1028,,
35,山口県,35215,周南市,,周南市交通教育センター,,官公庁,,周南市大字徳山406,,,,,yes,,,,,,,,,,,,,,,,,,,,,,,,,,,yamaguchi-barrier-free,山口県バリアフリー施設データベース,https://www.pref.yamaguchi.lg.jp/uploaded/attachment/207634.xls,,1029,,
35,山口県,35215,周南市,,山口県周南児童相談所,,官公庁,,周南市慶万町2-13,,,,,yes,,,,,,,,,,,,,,,,,,,,,,,,,,,yamaguchi-barrier-free,山口県バリアフリー施設データベース,https://www.pref.yamaguchi.lg.jp/uploaded/attachment/207634.xls,,1030,,
35,山口県,35215,周南市,,徳山郵便局,,銀行・郵便局,,周南市御幸通1-3,,,,,yes,,,,,,,,,,,,,,,,,,,,,,,,,,,yamaguchi-barrier-free,山口県バリアフリー施設データベース,https://www.pref.yamaguchi.lg.jp/uploaded/attachment/207634.xls,,1031,,
35,山口県,35215,周南市,,新南陽郵便局,,銀行・郵便局,,周南市富田1-2-23,,,,,yes,,,,,,,,,,,,,,,,,,,,,,,,,,,yamaguchi-barrier-free,山口県バリアフリー施設データベース,https://www.pref.yamaguchi.lg.jp/uploaded/attachment/207634.xls,,1032,,
35,山口県,35215,周南市,,周南市徳山動物園,,公園,,周南市徳山5846,,,,,yes,,,,,,,,,,,,,,,,,,,,,,,,,,,yamaguchi-barrier-free,山口県バリアフリー施設データベース,https://www.pref.yamaguchi.lg.jp/uploaded/attachment/207634.xls,,1034,男子用トイレ手すりあり,
35,山口県,35215,周南市,,永源山公園,,公園,,周南市永源,,,,,yes,,,,,,,,,,,,,,,,,,,,,,,,,,,yamaguchi-barrier-free,山口県バリアフリー施設データベース,https://www.pref.yamaguchi.lg.jp/uploaded/attachment/207634.xls,,1035,男子用トイレ手すりあり,
35,山口県,35215,周南市,,長田海浜公園,,公園,,周南市長田町,,,,,yes,,,,,,,,,,,,,,,,,,,,,,,,,,,yamaguchi-barrier-free,山口県バリアフリー施設データベース,https://www.pref.yamaguchi.lg.jp/uploaded/attachment/207634.xls,,1036,,
35,山口県,35215,周南市,,永源山公園プール,,公園,,周南市永源,,,,,yes,,,,,,,,,,,,,,,,,,,,,,,,,,,yamaguchi-barrier-free,山口県バリアフリー施設データベース,https://www.pref.yamaguchi.lg.jp/uploaded/attachment/207634.xls,,1037,,
35,山口県,35215,周南市,,三丘徳修公園,,公園,,周南市安田547-2,,,,,yes,,,,,,,,,,,,,,,,,,,,,,,,,,,yamaguchi-barrier-free,山口県バリアフリー施設データベース,https://www.pref.yamaguchi.lg.jp/uploaded/attachment/207634.xls,,1038,,
35,山口県,35215,周南市,,勝間ふれあい公園,,公園,,周南市中村777-785外,,,,,yes,,,,,,,,,,,,,,,,,,,,,,,,,,,yamaguchi-barrier-free,山口県バリアフリー施設データベース,https://www.pref.yamaguchi.lg.jp/uploaded/attachment/207634.xls,,1039,,
35,山口県,35215,周南市,,緑町公園,,公園,,周南市緑町3-45,,,,,yes,,,,,,,,,,,,,,,,,,,,,,,,,,,yamaguchi-barrier-free,山口県バリアフリー施設データベース,https://www.pref.yamaguchi.lg.jp/uploaded/attachment/207634.xls,,1040,,
35,山口県,35215,周南市,,児玉公園,,公園,,周南市桜馬場1-3,,,,,yes,,,,,,,,,,,,,,,,,,,,,,,,,,,yamaguchi-barrier-free,山口県バリアフリー施設データベース,https://www.pref.yamaguchi.lg.jp/uploaded/attachment/207634.xls,,1041,,
35,山口県,35215,周南市,,青空公園,,公園,,周南市飯島町2-29,,,,,yes,,,,,,,,,,,,,,,,,,,,,,,,,,,yamaguchi-barrier-free,山口県バリアフリー施設データベース,https://www.pref.yamaguchi.lg.jp/uploaded/attachment/207634.xls,,1042,,
35,山口県,35215,周南市,,楠木公園,,公園,,周南市楠木2-48,,,,,yes,,,,,,,,,,,,,,,,,,,,,,,,,,,yamaguchi-barrier-free,山口県バリアフリー施設データベース,https://www.pref.yamaguchi.lg.jp/uploaded/attachment/207634.xls,,1043,,
35,山口県,35215,周南市,,晴海公園,,公園,,周南市築港町113,,,,,yes,,,,,,,,,,,,,,,,,,,,,,,,,,,yamaguchi-barrier-free,山口県バリアフリー施設データベース,https://www.pref.yamaguchi.lg.jp/uploaded/attachment/207634.xls,,1044,,
35,山口県,35215,周南市,,南浜公園,,公園,,周南市大字櫛ヶ浜字南浜242-90,,,,,yes,,,,,,,,,,,,,,,,,,,,,,,,,,,yamaguchi-barrier-free,山口県バリアフリー施設データベース,https://www.pref.yamaguchi.lg.jp/uploaded/attachment/207634.xls,,1045,,
35,山口県,35215,周南市,,二葉屋開作公園,,公園,,周南市大字栗屋字二葉屋開作1035,,,,,yes,,,,,,,,,,,,,,,,,,,,,,,,,,,yamaguchi-barrier-free,山口県バリアフリー施設データベース,https://www.pref.yamaguchi.lg.jp/uploaded/attachment/207634.xls,,1046,,
35,山口県,35215,周南市,,華西公園,,公園,,周南市大字鼓海1-324-23,,,,,yes,,,,,,,,,,,,,,,,,,,,,,,,,,,yamaguchi-barrier-free,山口県バリアフリー施設データベース,https://www.pref.yamaguchi.lg.jp/uploaded/attachment/207634.xls,,1047,,
35,山口県,35215,周南市,,金剛山公園,,公園,,周南市大字徳山字蓮ヶ浴6830-7,,,,,yes,,,,,,,,,,,,,,,,,,,,,,,,,,,yamaguchi-barrier-free,山口県バリアフリー施設データベース,https://www.pref.yamaguchi.lg.jp/uploaded/attachment/207634.xls,,1048,,
35,山口県,35215,周南市,,東川公園,,公園,,周南市桜馬場通2,,,,,yes,,,,,,,,,,,,,,,,,,,,,,,,,,,yamaguchi-barrier-free,山口県バリアフリー施設データベース,https://www.pref.yamaguchi.lg.jp/uploaded/attachment/207634.xls,,1049,男子用トイレ手すりあり,
35,山口県,35215,周南市,,新地公園,,公園,,周南市新地3-97,,,,,yes,,,,,,,,,,,,,,,,,,,,,,,,,,,yamaguchi-barrier-free,山口県バリアフリー施設データベース,https://www.pref.yamaguchi.lg.jp/uploaded/attachment/207634.xls,,1050,,
35,山口県,35215,周南市,,新地ふれあいパーク,,公園,,周南市新地2-154,,,,,yes,,,,,,,,,,,,,,,,,,,,,,,,,,,yamaguchi-barrier-free,山口県バリアフリー施設データベース,https://www.pref.yamaguchi.lg.jp/uploaded/attachment/207634.xls,,1051,,
35,山口県,35215,周南市,,城ヶ丘公園,,公園,,周南市城ヶ丘5-27,,,,,yes,,,,,,,,,,,,,,,,,,,,,,,,,,,yamaguchi-barrier-free,山口県バリアフリー施設データベース,https://www.pref.yamaguchi.lg.jp/uploaded/attachment/207634.xls,,1052,,
35,山口県,35215,周南市,,大河内公園,,公園,,周南市秋月1-33,,,,,yes,,,,,,,,,,,,,,,,,,,,,,,,,,,yamaguchi-barrier-free,山口県バリアフリー施設データベース,https://www.pref.yamaguchi.lg.jp/uploaded/attachment/207634.xls,,1053,,
35,山口県,35215,周南市,,周陽公園,,公園,,周南市周陽3-17,,,,,yes,,,,,,,,,,,,,,,,,,,,,,,,,,,yamaguchi-barrier-free,山口県バリアフリー施設データベース,https://www.pref.yamaguchi.lg.jp/uploaded/attachment/207634.xls,,1054,,
35,山口県,35215,周南市,,菊川公園,,公園,,周南市大字下上字上野1599-8,,,,,yes,,,,,,,,,,,,,,,,,,,,,,,,,,,yamaguchi-barrier-free,山口県バリアフリー施設データベース,https://www.pref.yamaguchi.lg.jp/uploaded/attachment/207634.xls,,1055,,
35,山口県,35215,周南市,,居守公園,,公園,,周南市大字大島字上居守97-26,,,,,yes,,,,,,,,,,,,,,,,,,,,,,,,,,,yamaguchi-barrier-free,山口県バリアフリー施設データベース,https://www.pref.yamaguchi.lg.jp/uploaded/attachment/207634.xls,,1056,男子用トイレ手すりあり,
35,山口県,35215,周南市,,城北公園,,公園,,周南市城ヶ丘4-50,,,,,yes,,,,,,,,,,,,,,,,,,,,,,,,,,,yamaguchi-barrier-free,山口県バリアフリー施設データベース,https://www.pref.yamaguchi.lg.jp/uploaded/attachment/207634.xls,,1057,,
35,山口県,35215,周南市,,速玉公園,,公園,,周南市速玉町2132-15,,,,,yes,,,,,,,,,,,,,,,,,,,,,,,,,,,yamaguchi-barrier-free,山口県バリアフリー施設データベース,https://www.pref.yamaguchi.lg.jp/uploaded/attachment/207634.xls,,1058,,
35,山口県,35215,周南市,,大津島公園,,公園,,周南市大字大津島字西明神,,,,,yes,,,,,,,,,,,,,,,,,,,,,,,,,,,yamaguchi-barrier-free,山口県バリアフリー施設データベース,https://www.pref.yamaguchi.lg.jp/uploaded/attachment/207634.xls,,1059,,
35,山口県,35215,周南市,,門前公園,,公園,,周南市桜木2-80,,,,,yes,,,,,,,,,,,,,,,,,,,,,,,,,,,yamaguchi-barrier-free,山口県バリアフリー施設データベース,https://www.pref.yamaguchi.lg.jp/uploaded/attachment/207634.xls,,1060,,
35,山口県,35215,周南市,,遠石緑地,,公園,,周南市大字徳山字遠石,,,,,yes,,,,,,,,,,,,,,,,,,,,,,,,,,,yamaguchi-barrier-free,山口県バリアフリー施設データベース,https://www.pref.yamaguchi.lg.jp/uploaded/attachment/207634.xls,,1061,,
35,山口県,35215,周南市,,周南緑地,,公園,,周南市大字徳山字遠石,,,,yes,yes,,,,,,,,,yes,,,,,,,,,,,,,,,,,,yamaguchi-barrier-free,山口県バリアフリー施設データベース,https://www.pref.yamaguchi.lg.jp/uploaded/attachment/207634.xls,,1062,洋式トイレあり / 男子用トイレ手すりあり,
35,山口県,35215,周南市,,周南フレンドパーク,,公園,,周南市大字徳山字遠石,,,,yes,,,,,,,,,,yes,,,,,,,,,,,,,,,,,,yamaguchi-barrier-free,山口県バリアフリー施設データベース,https://www.pref.yamaguchi.lg.jp/uploaded/attachment/207634.xls,,1063,洋式トイレあり / 男子用トイレ手すりあり,
35,山口県,35215,周南市,,鶴見台ひまわり公園,,公園,,周南市大字安田字鶴見台22-45,,,,,yes,,,,,,,,,,,,,,,,,,,,,,,,,,,yamaguchi-barrier-free,山口県バリアフリー施設データベース,https://www.pref.yamaguchi.lg.jp/uploaded/attachment/207634.xls,,1064,,
35,山口県,35215,周南市,,晴海親水公園,,公園,,周南市晴海町,,,,yes,,,,,,,,,,yes,,,,,,,,,,,,,,,,,,yamaguchi-barrier-free,山口県バリアフリー施設データベース,https://www.pref.yamaguchi.lg.jp/uploaded/attachment/207634.xls,,1065,洋式トイレあり / 男子用トイレ手すりあり,
35,山口県,35215,周南市,,徳山駅（山陽本線）,,交通機関,,周南市御幸通2-28,,,,,yes,,,,,,,,,,,,,,,,,,,,,,,,,,,yamaguchi-barrier-free,山口県バリアフリー施設データベース,https://www.pref.yamaguchi.lg.jp/uploaded/attachment/207634.xls,,1066,男子用トイレ手すりあり,
35,山口県,35215,周南市,,櫛ヶ浜駅（山陽本線）,,交通機関,,周南市久米,,,,,,,,,,,,,,,,,,,,,,,,,,,,,,,,yamaguchi-barrier-free,山口県バリアフリー施設データベース,https://www.pref.yamaguchi.lg.jp/uploaded/attachment/207634.xls,,1067,男子用トイレ手すりあり,
35,山口県,35215,周南市,,福川駅（山陽本線）,,交通機関,,周南市社地町6-1,,,,,,,,,,,,,,,,,,,,,,,,,,,,,,,,yamaguchi-barrier-free,山口県バリアフリー施設データベース,https://www.pref.yamaguchi.lg.jp/uploaded/attachment/207634.xls,,1068,男子用トイレ手すりあり,
35,山口県,35215,周南市,,新南陽駅（山陽本線）,,交通機関,,周南市清水2-16-1,,,,,,,,,,,,,,,,,,,,,,,,,,,,,,,,yamaguchi-barrier-free,山口県バリアフリー施設データベース,https://www.pref.yamaguchi.lg.jp/uploaded/attachment/207634.xls,,1069,男子用トイレ手すりあり,
35,山口県,35215,周南市,,徳山ポートビル,,交通機関,,周南市築港町9-1,,,,,yes,,,,,,,,,,,,,,,,,,,,,,,,,,,yamaguchi-barrier-free,山口県バリアフリー施設データベース,https://www.pref.yamaguchi.lg.jp/uploaded/attachment/207634.xls,,1070,,
35,山口県,35215,周南市,,周南市立中央図書館,,公民館・会館,,周南市岐山通2-7,,,,,yes,,,,,,,,,,,,,,,,,,,,,,,,,,,yamaguchi-barrier-free,山口県バリアフリー施設データベース,https://www.pref.yamaguchi.lg.jp/uploaded/attachment/207634.xls,,1071,男子用トイレ手すりあり,
35,山口県,35215,周南市,,周南市中央地区公民館,,公民館・会館,,周南市飯島町1-13,,,,,yes,,,,,,,,,,,,,,,,,,,,,,,,,,,yamaguchi-barrier-free,山口県バリアフリー施設データベース,https://www.pref.yamaguchi.lg.jp/uploaded/attachment/207634.xls,,1072,,
35,山口県,35215,周南市,,周南市文化会館,,公民館・会館,,周南市徳山5854-41,,,,yes,yes,,,,,,,yes,,,,,,,,,,,,,,,,,,,,yamaguchi-barrier-free,山口県バリアフリー施設データベース,https://www.pref.yamaguchi.lg.jp/uploaded/attachment/207634.xls,,1073,洋式トイレあり / 男子用トイレ手すりあり,
35,山口県,35215,周南市,,周南市新南陽勤労青少年ホーム・社会文化ホール,,公民館・会館,,周南市中央町4-21,,,,,yes,,,,,,,,,,,,,,,,,,,,,,,,,,,yamaguchi-barrier-free,山口県バリアフリー施設データベース,https://www.pref.yamaguchi.lg.jp/uploaded/attachment/207634.xls,,1074,,
35,山口県,35215,周南市,,周南市立図書館,,公民館・会館,,周南市中央町1-15,,,,,yes,,,,,,,,,,,,,,,,,,,,,,,,,,,yamaguchi-barrier-free,山口県バリアフリー施設データベース,https://www.pref.yamaguchi.lg.jp/uploaded/attachment/207634.xls,,1075,,
35,山口県,35215,周南市,,周南市新南陽総合福祉センター,,公民館・会館,,周南市古川町1-17,,,,,yes,,,,,,,,,,,,,,,,,,,,,,,,,,,yamaguchi-barrier-free,山口県バリアフリー施設データベース,https://www.pref.yamaguchi.lg.jp/uploaded/attachment/207634.xls,,1076,洋式トイレあり / 男子用トイレ手すりあり,
35,山口県,35215,周南市,,熊毛図書館,,公民館・会館,,周南市原43-2,,,,,yes,,,,,,,,,,,,,,,,,,,,,,,,,,,yamaguchi-barrier-free,山口県バリアフリー施設データベース,https://www.pref.yamaguchi.lg.jp/uploaded/attachment/207634.xls,,1077,,
35,山口県,35215,周南市,,鶴いこいの里交流センター,,公民館・会館,,周南市八代826-8,,,,,yes,,,,,,,,,,,,,,,,,,,,,,,,,,,yamaguchi-barrier-free,山口県バリアフリー施設データベース,https://www.pref.yamaguchi.lg.jp/uploaded/attachment/207634.xls,,1078,,
35,山口県,35215,周南市,,勝間ふれあいセンター,,公民館・会館,,周南市呼坂1193-1,,,,,yes,,,,,,,,,,,,,,,,,,,,,,,,,,,yamaguchi-barrier-free,山口県バリアフリー施設データベース,https://www.pref.yamaguchi.lg.jp/uploaded/attachment/207634.xls,,1079,,
35,山口県,35215,周南市,,周南市立鹿野図書館,,公民館・会館,,周南市大字鹿野下1276-1,,,,,yes,,,,,,,,,,,,,,,,,,,,,,,,,,,yamaguchi-barrier-free,山口県バリアフリー施設データベース,https://www.pref.yamaguchi.lg.jp/uploaded/attachment/207634.xls,,1080,洋式トイレあり,
35,山口県,35215,周南市,,サンウィング熊毛,,公民館・会館,,周南市大字中村803-2,,,,yes,yes,,,,,,,,,yes,,,,,,,,,,,,,,,,,,yamaguchi-barrier-free,山口県バリアフリー施設データベース,https://www.pref.yamaguchi.lg.jp/uploaded/attachment/207634.xls,,1081,洋式トイレあり / 男子用トイレ手すりあり,
35,山口県,35215,周南市,,高水ふれあいセンター,,公民館・会館,,周南市大字樋口491,,,,,yes,,,,,,,,,,,,,,,,,,,,,,,,yes,,,yamaguchi-barrier-free,山口県バリアフリー施設データベース,https://www.pref.yamaguchi.lg.jp/uploaded/attachment/207634.xls,,1082,洋式トイレあり / 男子用トイレ手すりあり,
35,山口県,35215,周南市,,周南市夜市支所・公民館,,公民館・会館,,周南市大字夜市660-1,,,,,yes,,,,,,,,,,,,,,,,,,,,,,,,,,,yamaguchi-barrier-free,山口県バリアフリー施設データベース,https://www.pref.yamaguchi.lg.jp/uploaded/attachment/207634.xls,,1083,洋式トイレあり / 男子用トイレ手すりあり,
35,山口県,35215,周南市,,周南市湯野支所・公民館,,公民館・会館,,周南市大字湯野4230-1,,,,yes,,,,,,,,,,yes,,,,,,,,,,,,,,,,,,yamaguchi-barrier-free,山口県バリアフリー施設データベース,https://www.pref.yamaguchi.lg.jp/uploaded/attachment/207634.xls,,1084,洋式トイレあり / 男子用トイレ手すりあり,
35,山口県,35215,周南市,,周南市中須支所・公民館,,公民館・会館,,周南市大字中須南2557-1,,,,yes,,,,,,,,,,yes,,,,,,,,,,,,,,,,,,yamaguchi-barrier-free,山口県バリアフリー施設データベース,https://www.pref.yamaguchi.lg.jp/uploaded/attachment/207634.xls,,1085,洋式トイレあり,
35,山口県,35215,周南市,,周南地域地場産業振興センター,,公民館・会館,,周南市鼓海2-118-24,,,,,yes,,,,,,,,,,,,,,,,,,,,,,,,,,,yamaguchi-barrier-free,山口県バリアフリー施設データベース,https://www.pref.yamaguchi.lg.jp/uploaded/attachment/207634.xls,,1086,,
35,山口県,35215,周南市,,尚白園（隣保館・児童館）,,公民館・会館,,周南市新宿通6-1-25,,,,yes,,,,,,,,yes,,yes,,,,,,,,,,,,,,,,,,yamaguchi-barrier-free,山口県バリアフリー施設データベース,https://www.pref.yamaguchi.lg.jp/uploaded/attachment/207634.xls,,1087,洋式トイレあり,
35,山口県,35215,周南市,,周南市大津島ふれあいセンター,,公民館・会館,,周南市大津島2823-1,,,,,yes,,,,,,,,,,,,,,,,,,,,,,,,,,,yamaguchi-barrier-free,山口県バリアフリー施設データベース,https://www.pref.yamaguchi.lg.jp/uploaded/attachment/207634.xls,,1088,,
35,山口県,35215,周南市,,周南市市民交流センター,,公民館・会館,,周南市御幸通り2-28,,,,yes,,,,,,,,yes,,yes,,,,,,,,,,,,,,,yes,,,yamaguchi-barrier-free,山口県バリアフリー施設データベース,https://www.pref.yamaguchi.lg.jp/uploaded/attachment/207634.xls,,1089,洋式トイレあり,
35,山口県,35215,周南市,,周南市新南陽ふれあいセンター,,公民館・会館,,周南市福川南町2-1,,,,yes,,,,,,,,,,yes,,,,,,,,,,,,,,,,,,yamaguchi-barrier-free,山口県バリアフリー施設データベース,https://www.pref.yamaguchi.lg.jp/uploaded/attachment/207634.xls,,1090,洋式トイレあり,
35,山口県,35215,周南市,,地域交流センター（ほのぼの会館）,,公民館・会館,,周南市大神2-7-24,,,,,yes,,,,,,,,,,,,,,,,,,,,,,,,,,,yamaguchi-barrier-free,山口県バリアフリー施設データベース,https://www.pref.yamaguchi.lg.jp/uploaded/attachment/207634.xls,,1091,洋式トイレあり,
35,山口県,35215,周南市,,周南市西部市民交流センター,,公民館・会館,,周南市古市1-1-21,,,,yes,,,,,,,,,,yes,,,,,,,,,,,,,,,,,,yamaguchi-barrier-free,山口県バリアフリー施設データベース,https://www.pref.yamaguchi.lg.jp/uploaded/attachment/207634.xls,,1092,洋式トイレあり,
35,山口県,35215,周南市,,富田東地区コミュニティセンター（とんとん会館）,,公民館・会館,,周南市古泉3-12-20,,,,,,,,,,,,,,,,,,,,,,,,,,,,,,,,yamaguchi-barrier-free,山口県バリアフリー施設データベース,https://www.pref.yamaguchi.lg.jp/uploaded/attachment/207634.xls,,1093,洋式トイレあり,
35,山口県,35215,周南市,,福川地区コミュニティセンター（福川会館）,,公民館・会館,,周南市福川3-15-26,,,,yes,,,,,,,,,,yes,,,,,,,,,,,,,,,,,,yamaguchi-barrier-free,山口県バリアフリー施設データベース,https://www.pref.yamaguchi.lg.jp/uploaded/attachment/207634.xls,,1094,洋式トイレあり,
35,山口県,35215,周南市,,福川南地区コミュニティセンター（みなみ会館）,,公民館・会館,,周南市中畷町15-22,,,,,yes,,,,,,,,,,,,,,,,,,,,,,,,,,,yamaguchi-barrier-free,山口県バリアフリー施設データベース,https://www.pref.yamaguchi.lg.jp/uploaded/attachment/207634.xls,,1095,洋式トイレあり,
35,山口県,35215,周南市,,周南市新南陽老人福祉センター,,公民館・会館,,周南市温田1-10-1,,,,,yes,,,,,,,,,,,,,,,,,,,,,,,,,,,yamaguchi-barrier-free,山口県バリアフリー施設データベース,https://www.pref.yamaguchi.lg.jp/uploaded/attachment/207634.xls,,1096,洋式トイレあり,
35,山口県,35215,周南市,,周南市三世代交流センター,,公民館・会館,,周南市平野2-2-3,,,,yes,,,,,,,,,,yes,,,,,,,,,,,,,,,yes,,,yamaguchi-barrier-free,山口県バリアフリー施設データベース,https://www.pref.yamaguchi.lg.jp/uploaded/attachment/207634.xls,,1097,洋式トイレあり / 男子用トイレ手すりあり,
35,山口県,35215,周南市,,周南市福川シニア交流会館,,公民館・会館,,周南市福川中市町4-12,,,,,yes,,,,,,,,,,,,,,,,,,,,,,,,,,,yamaguchi-barrier-free,山口県バリアフリー施設データベース,https://www.pref.yamaguchi.lg.jp/uploaded/attachment/207634.xls,,1098,洋式トイレあり,
35,山口県,35215,周南市,,周南市新南陽斎場,,公民館・会館,,周南市大字米光2185,,,,,yes,,,,,,,,,,,,,,,,,,,,,,,,,,,yamaguchi-barrier-free,山口県バリアフリー施設データベース,https://www.pref.yamaguchi.lg.jp/uploaded/attachment/207634.xls,,1099,,
35,山口県,35215,周南市,,山口放送本社,,商業・物販施設,,周南市徳山5853-2,,,,,yes,,,,,,,,,,,,,,,,,,,,,,,,,,,yamaguchi-barrier-free,山口県バリアフリー施設データベース,https://www.pref.yamaguchi.lg.jp/uploaded/attachment/207634.xls,,1100,洋式トイレあり,
35,山口県,35215,周南市,,住友生命徳山ビル,,商業・物販施設,,周南市御幸通1-5,,,,,yes,,,,,,,,,,,,,,,,,,,,,,,,,,,yamaguchi-barrier-free,山口県バリアフリー施設データベース,https://www.pref.yamaguchi.lg.jp/uploaded/attachment/207634.xls,,1101,洋式トイレあり,
35,山口県,35215,周南市,,末田石油店徳山港給油所,,商業・物販施設,,周南市築港町1-15,,,,,yes,,,,,,,,,,,,,,,,,,,,,,,,,,,yamaguchi-barrier-free,山口県バリアフリー施設データベース,https://www.pref.yamaguchi.lg.jp/uploaded/attachment/207634.xls,,1102,男子用トイレ手すりあり,
35,山口県,35215,周南市,,ピピ510（大型立体駐車場）,,商業・物販施設,,周南市糀町1-17,,,,,yes,,,,,,,,,,,,,,,,,,,,,,,,,,,yamaguchi-barrier-free,山口県バリアフリー施設データベース,https://www.pref.yamaguchi.lg.jp/uploaded/attachment/207634.xls,,1103,洋式トイレあり,
35,山口県,35215,周南市,,フジ新南陽店,,商業・物販施設,,周南市政所2-2-1,,,,,yes,,,,,,,,,,,,,,,,,,,,,,,,,,,yamaguchi-barrier-free,山口県バリアフリー施設データベース,https://www.pref.yamaguchi.lg.jp/uploaded/attachment/207634.xls,,1105,,
35,山口県,35215,周南市,,ゆめタウン新南陽,,商業・物販施設,,周南市清水2-2-1,,,,,yes,,,,,,,,,,,,,,,,,,,,,,,,,,,yamaguchi-barrier-free,山口県バリアフリー施設データベース,https://www.pref.yamaguchi.lg.jp/uploaded/attachment/207634.xls,,1106,,
35,山口県,35215,周南市,,東善寺やすらぎの里やすらぎ館,,商業・物販施設,,周南市小松原1706-1,,,,,yes,,,,,,,,,,,,,,,,,,,,,,,,,,,yamaguchi-barrier-free,山口県バリアフリー施設データベース,https://www.pref.yamaguchi.lg.jp/uploaded/attachment/207634.xls,,1107,洋式トイレあり / 男子用トイレ手すりあり,
35,山口県,35215,周南市,,周南市石船温泉憩の家,,商業・物販施設,,周南市大字鹿野上1677-4,,,,,yes,,,,,,,,,,,,,,,,,,,,,,,,,,,yamaguchi-barrier-free,山口県バリアフリー施設データベース,https://www.pref.yamaguchi.lg.jp/uploaded/attachment/207634.xls,,1108,洋式トイレあり,
35,山口県,35215,周南市,,中央フード熊毛店,,商業・物販施設,,周南市大字安田54-4,,,,yes,yes,,,,,,,yes,,yes,,,,,,,,,,,,,,,yes,,,yamaguchi-barrier-free,山口県バリアフリー施設データベース,https://www.pref.yamaguchi.lg.jp/uploaded/attachment/207634.xls,,1109,洋式トイレあり / 男子用トイレ手すりあり,
35,山口県,35215,周南市,,レクサス周南,,商業・物販施設,,周南市大字徳山6676-10,,,,yes,yes,,,,,,,,,yes,,,,,,,,,,,,,,,,,,yamaguchi-barrier-free,山口県バリアフリー施設データベース,https://www.pref.yamaguchi.lg.jp/uploaded/attachment/207634.xls,,1110,洋式トイレあり / 男子用トイレ手すりあり,
35,山口県,35215,周南市,,周南総合スポーツセンター,,スポーツ・遊技施設,,周南市徳山427,,,,,yes,,,,,,,,,,,,,,,,,,,,,,,,,,,yamaguchi-barrier-free,山口県バリアフリー施設データベース,https://www.pref.yamaguchi.lg.jp/uploaded/attachment/207634.xls,,1111,洋式トイレあり,
35,山口県,35215,周南市,,周南市陸上競技場,,スポーツ・遊技施設,,周南市徳山405-1,,,,,yes,,,,,,,,,,,,,,,,,,,,,,,,,,,yamaguchi-barrier-free,山口県バリアフリー施設データベース,https://www.pref.yamaguchi.lg.jp/uploaded/attachment/207634.xls,,1112,洋式トイレあり,
35,山口県,35215,周南市,,周南市高瀬サンスポーツランド,,スポーツ・遊技施設,,周南市高瀬692,,,,,yes,,,,,,,,,,,,,,,,,,,,,,,,,,,yamaguchi-barrier-free,山口県バリアフリー施設データベース,https://www.pref.yamaguchi.lg.jp/uploaded/attachment/207634.xls,,1113,,
35,山口県,35215,周南市,,熊毛体育センター,,スポーツ・遊技施設,,周南市呼坂9-71,,,,,yes,,,,,,,,,,,,,,,,,,,,,,,,,,,yamaguchi-barrier-free,山口県バリアフリー施設データベース,https://www.pref.yamaguchi.lg.jp/uploaded/attachment/207634.xls,,1114,,
35,山口県,35215,周南市,,熊毛武道館,,スポーツ・遊技施設,,周南市安田1837-2,,,,,yes,,,,,,,,,,,,,,,,,,,,,,,,,,,yamaguchi-barrier-free,山口県バリアフリー施設データベース,https://www.pref.yamaguchi.lg.jp/uploaded/attachment/207634.xls,,1115,,
35,山口県,35215,周南市,,周南市鹿野総合体育館,,スポーツ・遊技施設,,周南市大字鹿野上3028-1,,,,,yes,,,,,,,,,,,,,,,,,,,,,,,,,,,yamaguchi-barrier-free,山口県バリアフリー施設データベース,https://www.pref.yamaguchi.lg.jp/uploaded/attachment/207634.xls,,1116,洋式トイレあり,
35,山口県,35215,周南市,,周南市菊川総合グラウンド,,スポーツ・遊技施設,,周南市大字上村333-4,,,,,yes,,,,,,,,,,,,,,,,,,,,,,,,,,,yamaguchi-barrier-free,山口県バリアフリー施設データベース,https://www.pref.yamaguchi.lg.jp/uploaded/attachment/207634.xls,,1117,洋式トイレあり / 男子用トイレ手すりあり,
35,山口県,35215,周南市,,周南市新南陽体育センター,,スポーツ・遊技施設,,周南市港町5-44,,,,,yes,,,,,,,,,,,,,,,,,,,,,,,,,,,yamaguchi-barrier-free,山口県バリアフリー施設データベース,https://www.pref.yamaguchi.lg.jp/uploaded/attachment/207634.xls,,1118,,
35,山口県,35215,周南市,,せせらぎパーク（オートキャンプ場）,,スポーツ・遊技施設,,周南市大字鹿野上字温見,,,,,yes,,,,,,,,,,,,,,,,,,,,,,,,,,,yamaguchi-barrier-free,山口県バリアフリー施設データベース,https://www.pref.yamaguchi.lg.jp/uploaded/attachment/207634.xls,,1119,,
35,山口県,35215,周南市,,豊鹿里パーク（オートキャンプ場）,,スポーツ・遊技施設,,周南市大字鹿野上字温見,,,,yes,,,,,,,,,,yes,,,,,,,,,,,,,,,,,,yamaguchi-barrier-free,山口県バリアフリー施設データベース,https://www.pref.yamaguchi.lg.jp/uploaded/attachment/207634.xls,,1120,洋式トイレあり,
35,山口県,35215,周南市,,中央公園トイレ,,トイレ,,周南市中央町4,,,,,yes,,,,,,,,,,,,,,,,,,,,,,,,,,,yamaguchi-barrier-free,山口県バリアフリー施設データベース,https://www.pref.yamaguchi.lg.jp/uploaded/attachment/207634.xls,,1121,,
35,山口県,35215,周南市,,清水東公園トイレ,,トイレ,,周南市清水2-7,,,,,yes,,,,,,,,,,,,,,,,,,,,,,,,,,,yamaguchi-barrier-free,山口県バリアフリー施設データベース,https://www.pref.yamaguchi.lg.jp/uploaded/attachment/207634.xls,,1122,,
35,山口県,35215,周南市,,東善寺やすらぎの里ふれあい広場トイレ,,トイレ,,周南市小松原1712-9,,,,,yes,,,,,,,,,,,,,,,,,,,,,,,,,,,yamaguchi-barrier-free,山口県バリアフリー施設データベース,https://www.pref.yamaguchi.lg.jp/uploaded/attachment/207634.xls,,1123,,
35,山口県,35215,周南市,,三丘公衆便所,,トイレ,,周南市小松原1721-1,,,,,yes,,,,,,,,,,,,,,,,,,,,,,,,,,,yamaguchi-barrier-free,山口県バリアフリー施設データベース,https://www.pref.yamaguchi.lg.jp/uploaded/attachment/207634.xls,,1124,,
35,山口県,35215,周南市,,天神山公園トイレ,,トイレ,,周南市東,,,,,yes,,,,,,,,,,,,,,,,,,,,,,,,,,,yamaguchi-barrier-free,山口県バリアフリー施設データベース,https://www.pref.yamaguchi.lg.jp/uploaded/attachment/207634.xls,,1125,,
35,山口県,35215,周南市,,清流通りトイレ,,トイレ,,周南市大地庵,,,,,yes,,,,,,,,,,,,,,,,,,,,,,,,,,,yamaguchi-barrier-free,山口県バリアフリー施設データベース,https://www.pref.yamaguchi.lg.jp/uploaded/attachment/207634.xls,,1126,,
35,山口県,35215,周南市,,河川公園トイレ,,トイレ,,周南市堤,,,,,yes,,,,,,,,,,,,,,,,,,,,,,,,,,,yamaguchi-barrier-free,山口県バリアフリー施設データベース,https://www.pref.yamaguchi.lg.jp/uploaded/attachment/207634.xls,,1127,,
35,山口県,35215,周南市,,戸田駅トイレ,,トイレ,,周南市夜市字中村3477-2,,,,yes,,,,,,,,,,yes,,,,,,,,,,,,,,,,,,yamaguchi-barrier-free,山口県バリアフリー施設データベース,https://www.pref.yamaguchi.lg.jp/uploaded/attachment/207634.xls,,1128,,
35,山口県,35215,周南市,,周南市鹿野総合支所入口公衆トイレ,,トイレ,,周南市大字鹿野上3277,,,,yes,,,,,,,,yes,,yes,,,,,,,,,,,,,,,,,,yamaguchi-barrier-free,山口県バリアフリー施設データベース,https://www.pref.yamaguchi.lg.jp/uploaded/attachment/207634.xls,,1129,,
35,山口県,35215,周南市,,リクリエーションゾーン公衆便所,,トイレ,,周南市大字鹿野上,,,,,yes,,,,,,,,,,,,,,,,,,,,,,,,,,,yamaguchi-barrier-free,山口県バリアフリー施設データベース,https://www.pref.yamaguchi.lg.jp/uploaded/attachment/207634.xls,,1130,,
35,山口県,35215,周南市,,徳山漁港（公衆トイレ）,,トイレ,,周南市大字大島字居守,,,,yes,,,,,,,,,,yes,,,,,,,,,,,,,,,,,,yamaguchi-barrier-free,山口県バリアフリー施設データベース,https://www.pref.yamaguchi.lg.jp/uploaded/attachment/207634.xls,,1131,,
35,山口県,35216,山陽小野田市,,山口労災病院,,医療・福祉,,山陽小野田市南中川町1315,,,,,yes,,,,,,,,,,,,,,,,,,,,,,,,,,,yamaguchi-barrier-free,山口県バリアフリー施設データベース,https://www.pref.yamaguchi.lg.jp/uploaded/attachment/207634.xls,,1132,洋式トイレあり / 男子用トイレ手すりあり,
35,山口県,35216,山陽小野田市,,小野田赤十字病院,,医療・福祉,,山陽小野田市大字小野田須恵東3700,,,,,yes,,,,,,,,,,,,,,,,,,,,,,,,,,,yamaguchi-barrier-free,山口県バリアフリー施設データベース,https://www.pref.yamaguchi.lg.jp/uploaded/attachment/207634.xls,,1133,洋式トイレあり / 男子用トイレ手すりあり,
35,山口県,35216,山陽小野田市,,山陽小野田市社会福祉協議会（中央福祉センター）,,医療・福祉,,山陽小野田市千代町1-2-28,,,,,yes,,,,,,,,,,,,,,,,,,,,,,,,,,,yamaguchi-barrier-free,山口県バリアフリー施設データベース,https://www.pref.yamaguchi.lg.jp/uploaded/attachment/207634.xls,,1135,洋式トイレあり / 男子用トイレ手すりあり,
35,山口県,35216,山陽小野田市,,山陽小野田市民病院,,医療・福祉,,山陽小野田市大字東高泊1863-1,,,,yes,yes,,,,,,,yes,,,,,,,,,,,,,,,,,yes,,,yamaguchi-barrier-free,山口県バリアフリー施設データベース,https://www.pref.yamaguchi.lg.jp/uploaded/attachment/207634.xls,,1137,洋式トイレあり / 男子用トイレ手すりあり,
35,山口県,35216,山陽小野田市,,サンライフ山陽（特養）,,医療・福祉,,山陽小野田市埴生2156,,,,,yes,,,,,,,,,,,,,,,,,,,,,,,,,,,yamaguchi-barrier-free,山口県バリアフリー施設データベース,https://www.pref.yamaguchi.lg.jp/uploaded/attachment/207634.xls,,1139,洋式トイレあり / 男子用トイレ手すりあり,
35,山口県,35216,山陽小野田市,,介護老人保健施設　あさ紫苑,,医療・福祉,,山陽小野田市山川90-1,,,,,yes,,,,,,,,,,,,,,,,,,,,,,,,,,,yamaguchi-barrier-free,山口県バリアフリー施設データベース,https://www.pref.yamaguchi.lg.jp/uploaded/attachment/207634.xls,,1140,洋式トイレあり / 男子用トイレ手すりあり,
35,山口県,35216,山陽小野田市,,心遊館,,医療・福祉,,山陽小野田市山川86-1,,,,,yes,,,,,,,,,,,,,,,,,,,,,,,,,,,yamaguchi-barrier-free,山口県バリアフリー施設データベース,https://www.pref.yamaguchi.lg.jp/uploaded/attachment/207634.xls,,1141,洋式トイレあり / 男子用トイレ手すりあり,
35,山口県,35216,山陽小野田市,,地域密着型介護事業所　いつは,,医療・福祉,,山陽小野田市住吉本町2-6178-1,,,,,yes,,,,,,,,,,,,,,,,,,,,,,,,,,,yamaguchi-barrier-free,山口県バリアフリー施設データベース,https://www.pref.yamaguchi.lg.jp/uploaded/attachment/207634.xls,,1142,洋式トイレあり / 男子用トイレ手すりあり,
35,山口県,35216,山陽小野田市,,山陽小野田市歴史民俗資料館,,観光施設,,山陽小野田市栄町9-21,,,,,yes,,,,,,,,,,,,,,,,,,,,,,,,,,,yamaguchi-barrier-free,山口県バリアフリー施設データベース,https://www.pref.yamaguchi.lg.jp/uploaded/attachment/207634.xls,,1143,洋式トイレあり,
35,山口県,35216,山陽小野田市,,きららガラス未来館,,観光施設,,山陽小野田市大字小野田7534-4,,,,yes,yes,,,,,,,yes,,,,,,,,,,,,,,,,,,,,yamaguchi-barrier-free,山口県バリアフリー施設データベース,https://www.pref.yamaguchi.lg.jp/uploaded/attachment/207634.xls,,1144,洋式トイレあり,
35,山口県,35216,山陽小野田市,,山陽小野田市役所,,官公庁,,山陽小野田市日の出1-1-1,,,,yes,yes,,,,,,,yes,,yes,,,,,,,,,,,,,,,yes,,,yamaguchi-barrier-free,山口県バリアフリー施設データベース,https://www.pref.yamaguchi.lg.jp/uploaded/attachment/207634.xls,,1145,男子用トイレ手すりあり,
35,山口県,35216,山陽小野田市,,小野田公共職業安定所,,官公庁,,山陽小野田市中川2-5-39,,,,,yes,,,,,,,,,,,,,,,,,,,,,,,,,,,yamaguchi-barrier-free,山口県バリアフリー施設データベース,https://www.pref.yamaguchi.lg.jp/uploaded/attachment/207634.xls,,1146,男子用トイレ手すりあり,
35,山口県,35216,山陽小野田市,,山陽小野田市厚狭地区複合施設,,官公庁,,山陽小野田市鴨庄94,,,,yes,yes,,,,,,,yes,,yes,,,,,,,,,,,,,,,yes,,,yamaguchi-barrier-free,山口県バリアフリー施設データベース,https://www.pref.yamaguchi.lg.jp/uploaded/attachment/207634.xls,,1147,洋式トイレあり / 男子用トイレ手すりあり,
35,山口県,35216,山陽小野田市,,山陽小野田警察署厚狭幹部交番,,官公庁,,山陽小野田市厚狭字古市946-1,,,,,yes,,,,,,,,,,,,,,,,,,,,,,,,,,,yamaguchi-barrier-free,山口県バリアフリー施設データベース,https://www.pref.yamaguchi.lg.jp/uploaded/attachment/207634.xls,,1148,,
35,山口県,35216,山陽小野田市,,厚狭税務署,,官公庁,,山陽小野田市鴨庄,,,,,yes,,,,,,,,,,,,,,,,,,,,,,,,,,,yamaguchi-barrier-free,山口県バリアフリー施設データベース,https://www.pref.yamaguchi.lg.jp/uploaded/attachment/207634.xls,,1149,,
35,山口県,35216,山陽小野田市,,山陽小野田市小野田消防署,,官公庁,,山陽小野田市高栄1-6-1,,,,,yes,,,,,,,,,,,,,,,,,,,,,,,,,,,yamaguchi-barrier-free,山口県バリアフリー施設データベース,https://www.pref.yamaguchi.lg.jp/uploaded/attachment/207634.xls,,1150,洋式トイレあり,
35,山口県,35216,山陽小野田市,,山陽小野田市水道局,,官公庁,,山陽小野田市新生1-8-22,,,,,yes,,,,,,,,,,,,,,,,,,,,,,,,,,,yamaguchi-barrier-free,山口県バリアフリー施設データベース,https://www.pref.yamaguchi.lg.jp/uploaded/attachment/207634.xls,,1151,洋式トイレあり,
35,山口県,35216,山陽小野田市,,山陽小野田市山陽消防署,,官公庁,,山陽小野田市大字厚狭487-9,,,,,yes,,,,,,,,,,,,,,,,,,,,,,,,,,,yamaguchi-barrier-free,山口県バリアフリー施設データベース,https://www.pref.yamaguchi.lg.jp/uploaded/attachment/207634.xls,,1152,洋式トイレあり,
35,山口県,35216,山陽小野田市,,小野田郵便局,,銀行・郵便局,,山陽小野田市中央2-4-5,,,,,yes,,,,,,,,,,,,,,,,,,,,,,,,,,,yamaguchi-barrier-free,山口県バリアフリー施設データベース,https://www.pref.yamaguchi.lg.jp/uploaded/attachment/207634.xls,,1153,,
35,山口県,35216,山陽小野田市,,渡場郵便局,,銀行・郵便局,,山陽小野田市郡3226,,,,,,,,,,,,,,,,,,,,,,,,,,,,,,,,yamaguchi-barrier-free,山口県バリアフリー施設データベース,https://www.pref.yamaguchi.lg.jp/uploaded/attachment/207634.xls,,1154,洋式トイレあり,
35,山口県,35216,山陽小野田市,,江汐公園,,公園,,山陽小野田市高畑,,,,yes,yes,,,,,,,,,yes,,,,,,,,,,,,,,,,,,yamaguchi-barrier-free,山口県バリアフリー施設データベース,https://www.pref.yamaguchi.lg.jp/uploaded/attachment/207634.xls,,1155,洋式トイレあり / 男子用トイレ手すりあり,
35,山口県,35216,山陽小野田市,,東沖緑地,,公園,,山陽小野田市大字小野田字末広,,,,,yes,,,,,,,,,,,,,,,,,,,,,,,,,,,yamaguchi-barrier-free,山口県バリアフリー施設データベース,https://www.pref.yamaguchi.lg.jp/uploaded/attachment/207634.xls,,1156,,
35,山口県,35216,山陽小野田市,,縄地ヶ鼻公園,,公園,,山陽小野田市大字西高泊字縄地,,,,,yes,,,,,,,,,,,,,,,,,,,,,,,,,,,yamaguchi-barrier-free,山口県バリアフリー施設データベース,https://www.pref.yamaguchi.lg.jp/uploaded/attachment/207634.xls,,1157,,
35,山口県,35216,山陽小野田市,,西高泊公園,,公園,,山陽小野田市大字西高泊字竜王田,,,,,yes,,,,,,,,,,,,,,,,,,,,,,,,,,,yamaguchi-barrier-free,山口県バリアフリー施設データベース,https://www.pref.yamaguchi.lg.jp/uploaded/attachment/207634.xls,,1158,,
35,山口県,35216,山陽小野田市,,小野田中央公園（管理事務所）,,公園,,山陽小野田市須恵1,,,,,yes,,,,,,,,,,,,,,,,,,,,,,,,,,,yamaguchi-barrier-free,山口県バリアフリー施設データベース,https://www.pref.yamaguchi.lg.jp/uploaded/attachment/207634.xls,,1159,,
35,山口県,35216,山陽小野田市,,有帆緑地,,公園,,山陽小野田市大字有帆字上大原,,,,yes,yes,,,,,,,yes,,,,,,,,,,,,,,,,,,,,yamaguchi-barrier-free,山口県バリアフリー施設データベース,https://www.pref.yamaguchi.lg.jp/uploaded/attachment/207634.xls,,1160,男子用トイレ手すりあり,
35,山口県,35216,山陽小野田市,,笹尾公園,,公園,,山陽小野田市大字小野田字須田の木,,,,yes,yes,,,,,,,yes,,,,,,,,,,,,,,,,,,,,yamaguchi-barrier-free,山口県バリアフリー施設データベース,https://www.pref.yamaguchi.lg.jp/uploaded/attachment/207634.xls,,1161,,
35,山口県,35216,山陽小野田市,,新沖緑地,,公園,,山陽小野田市新沖1,,,,,yes,,,,,,,,,,,,,,,,,,,,,,,,,,,yamaguchi-barrier-free,山口県バリアフリー施設データベース,https://www.pref.yamaguchi.lg.jp/uploaded/attachment/207634.xls,,1162,,
35,山口県,35216,山陽小野田市,,竜王山公園（山頂）,,公園,,山陽小野田市大字小野田字番屋ヶ嶽,,,,yes,yes,,,,,,,yes,,yes,,,,,,,,,,,,,,,,,,yamaguchi-barrier-free,山口県バリアフリー施設データベース,https://www.pref.yamaguchi.lg.jp/uploaded/attachment/207634.xls,,1163,,
35,山口県,35216,山陽小野田市,,竜王山公園（中腹駐車場）,,公園,,山陽小野田市大字小野田字番屋ヶ嶽,,,,yes,yes,,,,,,,,,yes,,,,,,,,,,,,,,,,,,yamaguchi-barrier-free,山口県バリアフリー施設データベース,https://www.pref.yamaguchi.lg.jp/uploaded/attachment/207634.xls,,1164,男子用トイレ手すりあり,
35,山口県,35216,山陽小野田市,,さくら公園,,公園,,山陽小野田市桜二丁目,,,,yes,yes,,,,,,,yes,,,,,,,,,,,,,,,,,,,,yamaguchi-barrier-free,山口県バリアフリー施設データベース,https://www.pref.yamaguchi.lg.jp/uploaded/attachment/207634.xls,,1165,洋式トイレあり / 男子用トイレ手すりあり,
35,山口県,35216,山陽小野田市,,小野田駅（山陽本線）,,交通機関,,山陽小野田市中川1-6-20,,,,,,,,,,,,,,,,,,,,,,,,,,,,,,,,yamaguchi-barrier-free,山口県バリアフリー施設データベース,https://www.pref.yamaguchi.lg.jp/uploaded/attachment/207634.xls,,1166,男子用トイレ手すりあり,
35,山口県,35216,山陽小野田市,,厚狭駅（山陽本線）,,交通機関,,山陽小野田市厚狭沖田8-3,,,,,yes,,,,,,,,,,,,,,,,,,,,,,,,,,,yamaguchi-barrier-free,山口県バリアフリー施設データベース,https://www.pref.yamaguchi.lg.jp/uploaded/attachment/207634.xls,,1167,男子用トイレ手すりあり,
35,山口県,35216,山陽小野田市,,埴生駅（山陽本線）,,交通機関,,山陽小野田市角野,,,,yes,,,,,,,,,,yes,,,,,,,,,,,,,,,,,,yamaguchi-barrier-free,山口県バリアフリー施設データベース,https://www.pref.yamaguchi.lg.jp/uploaded/attachment/207634.xls,,1168,男子用トイレ手すりあり,
35,山口県,35216,山陽小野田市,,赤崎地域交流センター,,公民館・会館,,山陽小野田市赤崎1-1-1,,,,,yes,,,,,,,,,,,,,,,,,,,,,,,,,,,yamaguchi-barrier-free,山口県バリアフリー施設データベース,https://www.pref.yamaguchi.lg.jp/uploaded/attachment/207634.xls,,1169,洋式トイレあり / 男子用トイレ手すりあり,
35,山口県,35216,山陽小野田市,,須恵地域交流センター,,公民館・会館,,山陽小野田市中央4-4-1,,,,,yes,,,,,,,,,,,,,,,,,,,,,,,,,,,yamaguchi-barrier-free,山口県バリアフリー施設データベース,https://www.pref.yamaguchi.lg.jp/uploaded/attachment/207634.xls,,1170,洋式トイレあり / 男子用トイレ手すりあり,
35,山口県,35216,山陽小野田市,,山陽小野田市立中央図書館,,公民館・会館,,山陽小野田市栄町9番13号,,,,,yes,,,,,,,,,,,,,,,,,,,,,,,,yes,,,yamaguchi-barrier-free,山口県バリアフリー施設データベース,https://www.pref.yamaguchi.lg.jp/uploaded/attachment/207634.xls,,1171,洋式トイレあり / 男子用トイレ手すりあり,
35,山口県,35216,山陽小野田市,,山陽小野田市民館,,公民館・会館,,山陽小野田市栄町9-25,,,,yes,yes,,,,,,,yes,,,,,,,,,,,,,,,,,,,,yamaguchi-barrier-free,山口県バリアフリー施設データベース,https://www.pref.yamaguchi.lg.jp/uploaded/attachment/207634.xls,,1172,,
35,山口県,35216,山陽小野田市,,高千帆地域交流センター分館,,公民館・会館,,山陽小野田市日の出3-14-1,,,,,yes,,,,,,,,,,,,,,,,,,,,,,,,,,,yamaguchi-barrier-free,山口県バリアフリー施設データベース,https://www.pref.yamaguchi.lg.jp/uploaded/attachment/207634.xls,,1173,,
35,山口県,35216,山陽小野田市,,山陽小野田市文化会館,,公民館・会館,,山陽小野田市広瀬,,,,,yes,,,,,,,,,,,,,,,,,,,,,,,,yes,,,yamaguchi-barrier-free,山口県バリアフリー施設データベース,https://www.pref.yamaguchi.lg.jp/uploaded/attachment/207634.xls,,1174,洋式トイレあり,
35,山口県,35216,山陽小野田市,,山陽総合福祉センター（福祉会館）,,公民館・会館,,山陽小野田市鴨庄92,,,,,yes,,,,,,,,,,,,,,,,,,,,,,,,,,,yamaguchi-barrier-free,山口県バリアフリー施設データベース,https://www.pref.yamaguchi.lg.jp/uploaded/attachment/207634.xls,,1175,男子用トイレ手すりあり,
35,山口県,35216,山陽小野田市,,共和台自治会館,,公民館・会館,,山陽小野田市共和台8-2,,,,,yes,,,,,,,,,,,,,,,,,,,,,,,,,,,yamaguchi-barrier-free,山口県バリアフリー施設データベース,https://www.pref.yamaguchi.lg.jp/uploaded/attachment/207634.xls,,1176,洋式トイレあり / 男子用トイレ手すりあり,
35,山口県,35216,山陽小野田市,,本山地域交流センター,,公民館・会館,,山陽小野田市大須恵,,,,,yes,,,,,,,,,,,,,,,,,,,,,,,,,,,yamaguchi-barrier-free,山口県バリアフリー施設データベース,https://www.pref.yamaguchi.lg.jp/uploaded/attachment/207634.xls,,1177,男子用トイレ手すりあり,
35,山口県,35216,山陽小野田市,,山陽小野田市労働会館,,公民館・会館,,山陽小野田市北竜王町9-45,,,,yes,yes,,,,,,,yes,,,,,,,,,,,,,,,,,,,,yamaguchi-barrier-free,山口県バリアフリー施設データベース,https://www.pref.yamaguchi.lg.jp/uploaded/attachment/207634.xls,,1178,洋式トイレあり,
35,山口県,35216,山陽小野田市,,おのだサンパーク,,商業・物販施設,,山陽小野田市中川６丁目４－１,,,,yes,yes,,,,,,,yes,,yes,,,,,,,,,,,,,,,yes,,,yamaguchi-barrier-free,山口県バリアフリー施設データベース,https://www.pref.yamaguchi.lg.jp/uploaded/attachment/207634.xls,,1179,洋式トイレあり / 男子用トイレ手すりあり,
35,山口県,35216,山陽小野田市,,ホームセンターナフコ小野田店,,商業・物販施設,,山陽小野田市烏帽子岩７３５,,,,,yes,,,,,,,,,,,,,,,,,,,,,,,,,,,yamaguchi-barrier-free,山口県バリアフリー施設データベース,https://www.pref.yamaguchi.lg.jp/uploaded/attachment/207634.xls,,1180,,
35,山口県,35216,山陽小野田市,,コープやまぐち小野田店,,商業・物販施設,,山陽小野田市日の出2-4-1,,,,,yes,,,,,,,,,,,,,,,,,,,,,,,,,,,yamaguchi-barrier-free,山口県バリアフリー施設データベース,https://www.pref.yamaguchi.lg.jp/uploaded/attachment/207634.xls,,1181,,
35,山口県,35216,山陽小野田市,,丸久厚狭店,,商業・物販施設,,山陽小野田市埴生田478-1,,,,,yes,,,,,,,,,,,,,,,,,,,,,,,,,,,yamaguchi-barrier-free,山口県バリアフリー施設データベース,https://www.pref.yamaguchi.lg.jp/uploaded/attachment/207634.xls,,1182,,
35,山口県,35216,山陽小野田市,,山口県立おのだサッカー交流公園,,スポーツ・遊技施設,,山陽小野田市大字小野田字末広,,,,yes,yes,,,,,,,yes,,yes,,,,,,,,,,,,,,,,,,yamaguchi-barrier-free,山口県バリアフリー施設データベース,https://www.pref.yamaguchi.lg.jp/uploaded/attachment/207634.xls,,1183,洋式トイレあり / 男子用トイレ手すりあり,
35,山口県,35216,山陽小野田市,,山陽小野田市民体育館,,スポーツ・遊技施設,,山陽小野田市中川5-2-1,,,,,yes,,,,,,,,,,,,,,,,,,,,,,,,,,,yamaguchi-barrier-free,山口県バリアフリー施設データベース,https://www.pref.yamaguchi.lg.jp/uploaded/attachment/207634.xls,,1184,洋式トイレあり / 男子用トイレ手すりあり,
35,山口県,35216,山陽小野田市,,山陽オートレース場,,スポーツ・遊技施設,,山陽小野田市赤松7001,,,,,yes,,,,,,,,,,,,,,,,,,,,,,,,,,,yamaguchi-barrier-free,山口県バリアフリー施設データベース,https://www.pref.yamaguchi.lg.jp/uploaded/attachment/207634.xls,,1185,洋式トイレあり / 男子用トイレ手すりあり,
35,山口県,35216,山陽小野田市,,本山コミュニティ体育館,,スポーツ・遊技施設,,山陽小野田市大須恵,,,,,yes,,,,,,,,,,,,,,,,,,,,,,,,,,,yamaguchi-barrier-free,山口県バリアフリー施設データベース,https://www.pref.yamaguchi.lg.jp/uploaded/attachment/207634.xls,,1186,,
35,山口県,35216,山陽小野田市,,きららビーチ焼野,,スポーツ・遊技施設,,山陽小野田市焼野海岸,,,,yes,yes,,,,,,,,,yes,,,,,,,,,,,,,,,,,,yamaguchi-barrier-free,山口県バリアフリー施設データベース,https://www.pref.yamaguchi.lg.jp/uploaded/attachment/207634.xls,,1187,,
35,山口県,35216,山陽小野田市,,竜王山公園オートキャンプ場,,スポーツ・遊技施設,,山陽小野田市大字小野田字梶ヶ迫841,,,,yes,yes,,,,,,,yes,,,,,,,,,,,,,,,,,yes,,,yamaguchi-barrier-free,山口県バリアフリー施設データベース,https://www.pref.yamaguchi.lg.jp/uploaded/attachment/207634.xls,,1188,,
35,山口県,35305,周防大島町,,大島病院,,医療・福祉,,周防大島町小松北,,,,,yes,,,,,,,,,,,,,,,,,,,,,,,,,,,yamaguchi-barrier-free,山口県バリアフリー施設データベース,https://www.pref.yamaguchi.lg.jp/uploaded/attachment/207634.xls,,1189,洋式トイレあり / 男子用トイレ手すりあり,
35,山口県,35305,周防大島町,,周防大島町立東和病院,,医療・福祉,,周防大島町西方571-1,,,,,yes,,,,,,,,,,,,,,,,,,,,,,,,,,,yamaguchi-barrier-free,山口県バリアフリー施設データベース,https://www.pref.yamaguchi.lg.jp/uploaded/attachment/207634.xls,,1190,洋式トイレあり / 男子用トイレ手すりあり,
35,山口県,35305,周防大島町,,養護老人ホーム　寿楽苑,,医療・福祉,,周防大島町大字東安下庄774-9,,,,,yes,,,,,,,,,,,,,,,,,,,,,,,,,,,yamaguchi-barrier-free,山口県バリアフリー施設データベース,https://www.pref.yamaguchi.lg.jp/uploaded/attachment/207634.xls,,1194,洋式トイレあり / 男子用トイレ手すりあり,
35,山口県,35305,周防大島町,,周防大島町立橘病院,,医療・福祉,,周防大島町大字西安下庄3920-17,,,,yes,,,,,,,,,,yes,,,,,,,,,,,,,,,,,,yamaguchi-barrier-free,山口県バリアフリー施設データベース,https://www.pref.yamaguchi.lg.jp/uploaded/attachment/207634.xls,,1195,洋式トイレあり,
35,山口県,35305,周防大島町,,たちばなケアプラザ,,医療・福祉,,周防大島町大字西安下庄3920-21,,,,yes,,,,,,,,yes,,yes,,,,,,,,,,,,,,,,,,yamaguchi-barrier-free,山口県バリアフリー施設データベース,https://www.pref.yamaguchi.lg.jp/uploaded/attachment/207634.xls,,1196,洋式トイレあり / 男子用トイレ手すりあり,
35,山口県,35305,周防大島町,,周防大島町役場久賀庁舎,,官公庁,,周防大島町久賀5134,,,,,yes,,,,,,,,,,,,,,,,,,,,,,,,,,,yamaguchi-barrier-free,山口県バリアフリー施設データベース,https://www.pref.yamaguchi.lg.jp/uploaded/attachment/207634.xls,,1197,,
35,山口県,35305,周防大島町,,周防大島町役場大島庁舎,,官公庁,,周防大島町小松126-2,,,,,yes,,,,,,,,,,,,,,,,,,,,,,,,,,,yamaguchi-barrier-free,山口県バリアフリー施設データベース,https://www.pref.yamaguchi.lg.jp/uploaded/attachment/207634.xls,,1198,洋式トイレあり / 男子用トイレ手すりあり,
35,山口県,35305,周防大島町,,しまとぴあスカイセンター,,官公庁,,周防大島町小松123-2,,,,,yes,,,,,,,,,,,,,,,,,,,,,,,,,,,yamaguchi-barrier-free,山口県バリアフリー施設データベース,https://www.pref.yamaguchi.lg.jp/uploaded/attachment/207634.xls,,1199,洋式トイレあり / 男子用トイレ手すりあり,
35,山口県,35305,周防大島町,,周防大島町役場橘庁舎,,官公庁,,周防大島町西安下庄真宮,,,,,,,,,,,,,,,,,,,,,,,,,,,,,,,,yamaguchi-barrier-free,山口県バリアフリー施設データベース,https://www.pref.yamaguchi.lg.jp/uploaded/attachment/207634.xls,,1201,洋式トイレあり / 男子用トイレ手すりあり,
35,山口県,35305,周防大島町,,山口県大島庁舎,,官公庁,,周防大島町大字久賀5387-2,,,,yes,,,,,,,,yes,,yes,,,,,,,,,,,,,,,,,,yamaguchi-barrier-free,山口県バリアフリー施設データベース,https://www.pref.yamaguchi.lg.jp/uploaded/attachment/207634.xls,,1202,,
35,山口県,35305,周防大島町,,橘グリーンパーク,,公園,,周防大島町大字西安下庄3920-19,,,,,yes,,,,,,,,,,,,,,,,,,,,,,,,,,,yamaguchi-barrier-free,山口県バリアフリー施設データベース,https://www.pref.yamaguchi.lg.jp/uploaded/attachment/207634.xls,,1203,男子用トイレ手すりあり,
35,山口県,35305,周防大島町,,久賀八幡生涯学習のむら,,公民館・会館,,周防大島町久賀1102-1,,,,,yes,,,,,,,,,,,,,,,,,,,,,,,,,,,yamaguchi-barrier-free,山口県バリアフリー施設データベース,https://www.pref.yamaguchi.lg.jp/uploaded/attachment/207634.xls,,1204,洋式トイレあり,
35,山口県,35305,周防大島町,,久賀総合センター,,公民館・会館,,周防大島町久賀5058,,,,,yes,,,,,,,,,,,,,,,,,,,,,,,,,,,yamaguchi-barrier-free,山口県バリアフリー施設データベース,https://www.pref.yamaguchi.lg.jp/uploaded/attachment/207634.xls,,1205,,
35,山口県,35305,周防大島町,,蒲野農村環境改善センター,,公民館・会館,,周防大島町東三蒲1704-1,,,,,yes,,,,,,,,,,,,,,,,,,,,,,,,,,,yamaguchi-barrier-free,山口県バリアフリー施設データベース,https://www.pref.yamaguchi.lg.jp/uploaded/attachment/207634.xls,,1206,洋式トイレあり / 男子用トイレ手すりあり,
35,山口県,35305,周防大島町,,大島文化センター,,公民館・会館,,周防大島町小松138-1,,,,,yes,,,,,,,,,,,,,,,,,,,,,,,,,,,yamaguchi-barrier-free,山口県バリアフリー施設データベース,https://www.pref.yamaguchi.lg.jp/uploaded/attachment/207634.xls,,1207,洋式トイレあり / 男子用トイレ手すりあり,
35,山口県,35305,周防大島町,,すぱーく大島,,公民館・会館,,周防大島町西屋代147,,,,,yes,,,,,,,,,,,,,,,,,,,,,,,,,,,yamaguchi-barrier-free,山口県バリアフリー施設データベース,https://www.pref.yamaguchi.lg.jp/uploaded/attachment/207634.xls,,1208,洋式トイレあり / 男子用トイレ手すりあり,
35,山口県,35305,周防大島町,,東和総合センター,,公民館・会館,,周防大島町平野,,,,,yes,,,,,,,,,,,,,,,,,,,,,,,,,,,yamaguchi-barrier-free,山口県バリアフリー施設データベース,https://www.pref.yamaguchi.lg.jp/uploaded/attachment/207634.xls,,1209,洋式トイレあり,
35,山口県,35305,周防大島町,,橘総合センター,,公民館・会館,,周防大島町西安下庄445-2,,,,,yes,,,,,,,,,,,,,,,,,,,,,,,,,,,yamaguchi-barrier-free,山口県バリアフリー施設データベース,https://www.pref.yamaguchi.lg.jp/uploaded/attachment/207634.xls,,1210,洋式トイレあり / 男子用トイレ手すりあり,
35,山口県,35305,周防大島町,,周防大島文化交流センター,,公民館・会館,,周防大島町大字平野417-11,,,,,yes,,,,,,,,,,,,,,,,,,,,,,,,,,,yamaguchi-barrier-free,山口県バリアフリー施設データベース,https://www.pref.yamaguchi.lg.jp/uploaded/attachment/207634.xls,,1211,洋式トイレあり,
35,山口県,35305,周防大島町,,大島青年の家,,宿泊施設,,周防大島町家房,,,,,yes,,,,,,,,,,,,,,,,,,,,,,,,,,,yamaguchi-barrier-free,山口県バリアフリー施設データベース,https://www.pref.yamaguchi.lg.jp/uploaded/attachment/207634.xls,,1212,洋式トイレあり,
35,山口県,35305,周防大島町,,サンシャイン・サザンセト,,宿泊施設,,周防大島町片添ヶ浜,,,,,yes,,,,,,,,,,,,,,,,,,,,,,,,,,,yamaguchi-barrier-free,山口県バリアフリー施設データベース,https://www.pref.yamaguchi.lg.jp/uploaded/attachment/207634.xls,,1213,洋式トイレあり,
35,山口県,35305,周防大島町,,道の駅サザンセトとうわ,,商業・物販施設,,周防大島町西方高田1958-77,,,,,yes,,,,,,,,,,,,,,,,,,,,,,,,,,,yamaguchi-barrier-free,山口県バリアフリー施設データベース,https://www.pref.yamaguchi.lg.jp/uploaded/attachment/207634.xls,,1214,洋式トイレあり,
35,山口県,35305,周防大島町,,長浦スポーツ海浜スクエア,,スポーツ・遊技施設,,周防大島町椋野長浦,,,,,yes,,,,,,,,,,,,,,,,,,,,,,,,,,,yamaguchi-barrier-free,山口県バリアフリー施設データベース,https://www.pref.yamaguchi.lg.jp/uploaded/attachment/207634.xls,,1215,,
35,山口県,35305,周防大島町,,片添ヶ浜温泉遊湯ランド,,スポーツ・遊技施設,,周防大島町片添ヶ浜,,,,,yes,,,,,,,,,,,,,,,,,,,,,,,,,,,yamaguchi-barrier-free,山口県バリアフリー施設データベース,https://www.pref.yamaguchi.lg.jp/uploaded/attachment/207634.xls,,1216,洋式トイレあり,
35,山口県,35305,周防大島町,,竜崎温泉潮風の湯,,スポーツ・遊技施設,,周防大島町東安下庄向佐連,,,,,yes,,,,,,,,,,,,,,,,,,,,,,,,,,,yamaguchi-barrier-free,山口県バリアフリー施設データベース,https://www.pref.yamaguchi.lg.jp/uploaded/attachment/207634.xls,,1217,洋式トイレあり / 男子用トイレ手すりあり,
35,山口県,35305,周防大島町,,グリーンステイながうら（ビジターセンター）,,スポーツ・遊技施設,,周防大島町大字椋野1144-1,,,,yes,yes,,,,,,,,,yes,,,,,,,,,,,,,,,,,,yamaguchi-barrier-free,山口県バリアフリー施設データベース,https://www.pref.yamaguchi.lg.jp/uploaded/attachment/207634.xls,,1218,洋式トイレあり / 男子用トイレ手すりあり,
35,山口県,35305,周防大島町,,周防大島町総合体育館,,スポーツ・遊技施設,,周防大島町大字西方1958-77,,,,,yes,,,,,,,,,,,,,,,,,,,,,,,,,,,yamaguchi-barrier-free,山口県バリアフリー施設データベース,https://www.pref.yamaguchi.lg.jp/uploaded/attachment/207634.xls,,1219,洋式トイレあり,
35,山口県,35305,周防大島町,,陸奥記念館トイレ,,トイレ,,周防大島町伊保田,,,,,yes,,,,,,,,,,,,,,,,,,,,,,,,,,,yamaguchi-barrier-free,山口県バリアフリー施設データベース,https://www.pref.yamaguchi.lg.jp/uploaded/attachment/207634.xls,,1220,,
35,山口県,35305,周防大島町,,伊保田港トイレ,,トイレ,,周防大島町伊保田,,,,,yes,,,,,,,,,,,,,,,,,,,,,,,,,,,yamaguchi-barrier-free,山口県バリアフリー施設データベース,https://www.pref.yamaguchi.lg.jp/uploaded/attachment/207634.xls,,1221,,
35,山口県,35305,周防大島町,,逗子ヶ浜海水浴場トイレ,,トイレ,,周防大島町和田逗子ヶ浜,,,,,yes,,,,,,,,,,,,,,,,,,,,,,,,,,,yamaguchi-barrier-free,山口県バリアフリー施設データベース,https://www.pref.yamaguchi.lg.jp/uploaded/attachment/207634.xls,,1222,,
35,山口県,35305,周防大島町,,周防大島町陸上競技場,,トイレ,,周防大島町長崎,,,,,yes,,,,,,,,,,,,,,,,,,,,,,,,,,,yamaguchi-barrier-free,山口県バリアフリー施設データベース,https://www.pref.yamaguchi.lg.jp/uploaded/attachment/207634.xls,,1223,,
35,山口県,35321,和木町,,和木町保健相談センター,,医療・福祉,,和木町和木2-15-1,,,,yes,yes,,,,,,,,,yes,,,,,,,,,,,,,,,,,,yamaguchi-barrier-free,山口県バリアフリー施設データベース,https://www.pref.yamaguchi.lg.jp/uploaded/attachment/207634.xls,,1224,洋式トイレあり,
35,山口県,35321,和木町,,和木美術館,,観光施設,,和木町和木1-3-1,,,,yes,yes,,,,,,,,,yes,,,,,,,,,,,,,,,,,,yamaguchi-barrier-free,山口県バリアフリー施設データベース,https://www.pref.yamaguchi.lg.jp/uploaded/attachment/207634.xls,,1225,洋式トイレあり / 男子用トイレ手すりあり,
35,山口県,35321,和木町,,和木町役場,,官公庁,,和木町和木1-1-1,,,,,yes,,,,,,,,,,,,,,,,,,,,,,,,,,,yamaguchi-barrier-free,山口県バリアフリー施設データベース,https://www.pref.yamaguchi.lg.jp/uploaded/attachment/207634.xls,,1226,洋式トイレあり,
35,山口県,35321,和木町,,蜂ヶ峯総合公園,,公園,,和木町瀬田紺屋作り260-1,,,,yes,yes,,,,,,,,,yes,,,,,,,,,,,,,,,yes,,,yamaguchi-barrier-free,山口県バリアフリー施設データベース,https://www.pref.yamaguchi.lg.jp/uploaded/attachment/207634.xls,,1227,洋式トイレあり,
35,山口県,35321,和木町,,和木町立図書館,,公民館・会館,,和木町和木2-15-1,,,,,yes,,,,,,,,,,,,,,,,,,,,,,,,,,,yamaguchi-barrier-free,山口県バリアフリー施設データベース,https://www.pref.yamaguchi.lg.jp/uploaded/attachment/207634.xls,,1228,洋式トイレあり / 男子用トイレ手すりあり,
35,山口県,35321,和木町,,和木町文化会館,,公民館・会館,,和木町和木2-1-1,,,,yes,yes,,,,,,,,,yes,,,,,,,,,,,,,,,,,,yamaguchi-barrier-free,山口県バリアフリー施設データベース,https://www.pref.yamaguchi.lg.jp/uploaded/attachment/207634.xls,,1229,洋式トイレあり / 男子用トイレ手すりあり,
35,山口県,35321,和木町,,和木町総合福祉会館,,公民館・会館,,和木町和木2-15-22,,,,,yes,,,,,,,,,,,,,,,,,,,,,,,,,,,yamaguchi-barrier-free,山口県バリアフリー施設データベース,https://www.pref.yamaguchi.lg.jp/uploaded/attachment/207634.xls,,1230,洋式トイレあり,
35,山口県,35321,和木町,,和木町体育センター,,スポーツ・遊技施設,,和木町和木1-3-13,,,,,yes,,,,,,,,,,,,,,,,,,,,,,,,,,,yamaguchi-barrier-free,山口県バリアフリー施設データベース,https://www.pref.yamaguchi.lg.jp/uploaded/attachment/207634.xls,,1231,男子用トイレ手すりあり,
35,山口県,35341,上関町,,上関町白井田文化福祉センター,,公民館・会館,,上関町長島3926,,,,,yes,,,,,,,,,,,,,,,,,,,,,,,,,,,yamaguchi-barrier-free,山口県バリアフリー施設データベース,https://www.pref.yamaguchi.lg.jp/uploaded/attachment/207634.xls,,1233,,
35,山口県,35341,上関町,,上関町室津斎場,,公民館・会館,,上関町室津字立畠583-1,,,,,yes,,,,,,,,,,,,,,,,,,,,,,,,,,,yamaguchi-barrier-free,山口県バリアフリー施設データベース,https://www.pref.yamaguchi.lg.jp/uploaded/attachment/207634.xls,,1234,,
35,山口県,35341,上関町,,上関町民体育館,,スポーツ・遊技施設,,上関町室津342-1,,,,,yes,,,,,,,,,,,,,,,,,,,,,,,,,,,yamaguchi-barrier-free,山口県バリアフリー施設データベース,https://www.pref.yamaguchi.lg.jp/uploaded/attachment/207634.xls,,1235,,
35,山口県,35341,上関町,,上関町民グランド公衆トイレ,,トイレ,,上関町室津342-1,,,,,yes,,,,,,,,,,,,,,,,,,,,,,,,,,,yamaguchi-barrier-free,山口県バリアフリー施設データベース,https://www.pref.yamaguchi.lg.jp/uploaded/attachment/207634.xls,,1236,,
35,山口県,35341,上関町,,中ノ浦観光施設トイレ,,トイレ,,上関町長島1510-3,,,,,yes,,,,,,,,,,,,,,,,,,,,,,,,,,,yamaguchi-barrier-free,山口県バリアフリー施設データベース,https://www.pref.yamaguchi.lg.jp/uploaded/attachment/207634.xls,,1237,,
35,山口県,35341,上関町,,室津展望施設トイレ,,トイレ,,上関町室津2003,,,,,yes,,,,,,,,,,,,,,,,,,,,,,,,,,,yamaguchi-barrier-free,山口県バリアフリー施設データベース,https://www.pref.yamaguchi.lg.jp/uploaded/attachment/207634.xls,,1238,,
35,山口県,35341,上関町,,皇座山公衆トイレ,,トイレ,,上関町室津344-11,,,,,yes,,,,,,,,,,,,,,,,,,,,,,,,,,,yamaguchi-barrier-free,山口県バリアフリー施設データベース,https://www.pref.yamaguchi.lg.jp/uploaded/attachment/207634.xls,,1239,,
35,山口県,35343,田布施町,,田布施町役場,,官公庁,,田布施町下田布施3340-1,,,,,yes,,,,,,,,,,,,,,,,,,,,,,,,,,,yamaguchi-barrier-free,山口県バリアフリー施設データベース,https://www.pref.yamaguchi.lg.jp/uploaded/attachment/207634.xls,,1240,,
35,山口県,35343,田布施町,,田布施駅（山陽本線）,,交通機関,,田布施町波野381-1,,,,,,,,,,,,,,,,,,,,,,,,,,,,,,,,yamaguchi-barrier-free,山口県バリアフリー施設データベース,https://www.pref.yamaguchi.lg.jp/uploaded/attachment/207634.xls,,1241,男子用トイレ手すりあり,
35,山口県,35343,田布施町,,東田布施公民館,,公民館・会館,,田布施町波野2208-7,,,,,yes,,,,,,,,,,,,,,,,,,,,,,,,,,,yamaguchi-barrier-free,山口県バリアフリー施設データベース,https://www.pref.yamaguchi.lg.jp/uploaded/attachment/207634.xls,,1242,,
35,山口県,35343,田布施町,,麻郷公民館,,公民館・会館,,田布施町麻郷1512-1,,,,,yes,,,,,,,,,,,,,,,,,,,,,,,,,,,yamaguchi-barrier-free,山口県バリアフリー施設データベース,https://www.pref.yamaguchi.lg.jp/uploaded/attachment/207634.xls,,1243,男子用トイレ手すりあり,
35,山口県,35343,田布施町,,西田布施公民館,,公民館・会館,,田布施町下田布施2210-1,,,,,yes,,,,,,,,,,,,,,,,,,,,,,,,,,,yamaguchi-barrier-free,山口県バリアフリー施設データベース,https://www.pref.yamaguchi.lg.jp/uploaded/attachment/207634.xls,,1244,,
35,山口県,35343,田布施町,,田布施町図書館,,公民館・会館,,田布施町中央南11-1,,,,,yes,,,,,,,,,,,,,,,,,,,,,,,,,,,yamaguchi-barrier-free,山口県バリアフリー施設データベース,https://www.pref.yamaguchi.lg.jp/uploaded/attachment/207634.xls,,1245,,
35,山口県,35343,田布施町,,ホームプラザナフコ田布施店,,商業・物販施設,,田布施町中央南22-4,,,,yes,yes,,,,,,,,,yes,,,,,,,,,,,,,,,,,,yamaguchi-barrier-free,山口県バリアフリー施設データベース,https://www.pref.yamaguchi.lg.jp/uploaded/attachment/207634.xls,,1246,洋式トイレあり / 男子用トイレ手すりあり,
35,山口県,35343,田布施町,,田布施町スポーツセンター,,スポーツ・遊技施設,,田布施町麻郷1293-11,,,,,yes,,,,,,,,,,,,,,,,,,,,,,,,,,,yamaguchi-barrier-free,山口県バリアフリー施設データベース,https://www.pref.yamaguchi.lg.jp/uploaded/attachment/207634.xls,,1247,,
35,山口県,35343,田布施町,,児童公園内トイレ,,トイレ,,田布施町下田布施,,,,,yes,,,,,,,,,,,,,,,,,,,,,,,,,,,yamaguchi-barrier-free,山口県バリアフリー施設データベース,https://www.pref.yamaguchi.lg.jp/uploaded/attachment/207634.xls,,1248,,
35,山口県,35343,田布施町,,近隣公園公衆トイレ,,トイレ,,田布施町下田布施,,,,yes,,,,,,,,,,yes,,,,,,,,,,,,,,,,,,yamaguchi-barrier-free,山口県バリアフリー施設データベース,https://www.pref.yamaguchi.lg.jp/uploaded/attachment/207634.xls,,1249,,
35,山口県,35343,田布施町,,河川公園公衆トイレ,,トイレ,,田布施町中央南,,,,yes,,,,,,,,,,yes,,,,,,,,,,,,,,,,,,yamaguchi-barrier-free,山口県バリアフリー施設データベース,https://www.pref.yamaguchi.lg.jp/uploaded/attachment/207634.xls,,1250,,
35,山口県,35344,平生町,,光輝病院,,医療・福祉,,平生町佐賀2-77,,,,,yes,,,,,,,,,,,,,,,,,,,,,,,,,,,yamaguchi-barrier-free,山口県バリアフリー施設データベース,https://www.pref.yamaguchi.lg.jp/uploaded/attachment/207634.xls,,1251,洋式トイレあり / 男子用トイレ手すりあり,
35,山口県,35344,平生町,,軽費老人ホーム　ケアハウス　サンガーデン,,医療・福祉,,平生町大字平生町5-17,,,,,yes,,,,,,,,,,,,,,,,,,,,,,,,,,,yamaguchi-barrier-free,山口県バリアフリー施設データベース,https://www.pref.yamaguchi.lg.jp/uploaded/attachment/207634.xls,,1252,洋式トイレあり / 男子用トイレ手すりあり,
35,山口県,35344,平生町,,平生町保健センター,,医療・福祉,,平生町大字平生村178,,,,,yes,,,,,,,,,,,,,,,,,,,,,,,,,,,yamaguchi-barrier-free,山口県バリアフリー施設データベース,https://www.pref.yamaguchi.lg.jp/uploaded/attachment/207634.xls,,1253,,
35,山口県,35344,平生町,,平生町役場,,官公庁,,平生町210-1,,,,,yes,,,,,,,,,,,,,,,,,,,,,,,,,,,yamaguchi-barrier-free,山口県バリアフリー施設データベース,https://www.pref.yamaguchi.lg.jp/uploaded/attachment/207634.xls,,1254,,
35,山口県,35344,平生町,,平生町立図書館,,公民館・会館,,平生町193-4,,,,,yes,,,,,,,,,,,,,,,,,,,,,,,,,,,yamaguchi-barrier-free,山口県バリアフリー施設データベース,https://www.pref.yamaguchi.lg.jp/uploaded/attachment/207634.xls,,1255,,
35,山口県,35344,平生町,,平生町中央児童館,,公民館・会館,,平生町大字大野南94,,,,,yes,,,,,,,,,,,,,,,,,,,,,,,,,,,yamaguchi-barrier-free,山口県バリアフリー施設データベース,https://www.pref.yamaguchi.lg.jp/uploaded/attachment/207634.xls,,1256,,
35,山口県,35344,平生町,,阿多田交流館,,公民館・会館,,平生町大字佐賀3900-14,,,,,yes,,,,,,,,,,,,,,,,,,,,,,,,,,,yamaguchi-barrier-free,山口県バリアフリー施設データベース,https://www.pref.yamaguchi.lg.jp/uploaded/attachment/207634.xls,,1257,,
35,山口県,35344,平生町,,平生町スポーツセンター,,スポーツ・遊技施設,,平生町大字平生町197-4,,,,,yes,,,,,,,,,,,,,,,,,,,,,,,,,,,yamaguchi-barrier-free,山口県バリアフリー施設データベース,https://www.pref.yamaguchi.lg.jp/uploaded/attachment/207634.xls,,1259,,
35,山口県,35344,平生町,,般若寺トイレ,,トイレ,,平生町宇佐木1166,,,,,yes,,,,,,,,,,,,,,,,,,,,,,,,,,,yamaguchi-barrier-free,山口県バリアフリー施設データベース,https://www.pref.yamaguchi.lg.jp/uploaded/attachment/207634.xls,,1261,,
35,山口県,35344,平生町,,道路公園トイレ,,トイレ,,平生町小郡,,,,,yes,,,,,,,,,,,,,,,,,,,,,,,,,,,yamaguchi-barrier-free,山口県バリアフリー施設データベース,https://www.pref.yamaguchi.lg.jp/uploaded/attachment/207634.xls,,1262,,
35,山口県,35502,阿武町,,阿武町役場,,官公庁,,阿武町奈古2636,,,,,yes,,,,,,,,,,,,,,,,,,,,,,,,,,,yamaguchi-barrier-free,山口県バリアフリー施設データベース,https://www.pref.yamaguchi.lg.jp/uploaded/attachment/207634.xls,,1263,洋式トイレあり,
35,山口県,35502,阿武町,,阿武町のうそんセンター,,公民館・会館,,阿武町福田下1365,,,,,yes,,,,,,,,,,,,,,,,,,,,,,,,,,,yamaguchi-barrier-free,山口県バリアフリー施設データベース,https://www.pref.yamaguchi.lg.jp/uploaded/attachment/207634.xls,,1265,洋式トイレあり,
35,山口県,35502,阿武町,,阿武町町民センター,,公民館・会館,,阿武町奈古3078-1,,,,,yes,,,,,,,,,,,,,,,,,,,,,,,,,,,yamaguchi-barrier-free,山口県バリアフリー施設データベース,https://www.pref.yamaguchi.lg.jp/uploaded/attachment/207634.xls,,1266,洋式トイレあり,
35,山口県,35502,阿武町,,阿武町ふれあいセンター,,公民館・会館,,阿武町宇田2224,,,,,yes,,,,,,,,,,,,,,,,,,,,,,,,,,,yamaguchi-barrier-free,山口県バリアフリー施設データベース,https://www.pref.yamaguchi.lg.jp/uploaded/attachment/207634.xls,,1267,洋式トイレあり,
35,山口県,35502,阿武町,,道の駅阿武町,,商業・物販施設,,阿武町大字奈古,,,,,yes,,,,,,,,,,,,,,,,,,,,,,,,,,,yamaguchi-barrier-free,山口県バリアフリー施設データベース,https://www.pref.yamaguchi.lg.jp/uploaded/attachment/207634.xls,,1268,,
35,山口県,35502,阿武町,,阿武勤労者体育センター,,スポーツ・遊技施設,,阿武町奈古3193-1,,,,,yes,,,,,,,,,,,,,,,,,,,,,,,,,,,yamaguchi-barrier-free,山口県バリアフリー施設データベース,https://www.pref.yamaguchi.lg.jp/uploaded/attachment/207634.xls,,1269,洋式トイレあり / 男子用トイレ手すりあり,
