dataset_id,prefecture_code,prefecture_name,municipality_code,municipality_name,dataset_type,title,source_url,download_url,format,standard,license,attribution,license_url,coverage,update_date,last_checked,publication_status
pt-01202-001,01,北海道,01202,函館市,public-toilet,公衆トイレ一覧,https://www.city.hakodate.hokkaido.jp/docs/2019112600013/,,csv,non-standard,CC BY 4.0,函館市「公衆トイレ一覧」を加工して作成,https://creativecommons.org/licenses/by/4.0/,unknown,,2026-09-21,published
pt-01211-001,01,北海道,01211,網走市,public-toilet,公衆トイレ一覧（公園）,https://www.city.abashiri.hokkaido.jp/soshiki/3/1447.html,https://www.city.abashiri.hokkaido.jp/uploaded/attachment/2778.csv,csv,non-standard,CC BY 4.0,網走市「公衆トイレ一覧（公園）」を加工して作成,https://creativecommons.org/licenses/by/4.0/,unknown,2020-10-14,2026-09-27,published
pt-01212-001,01,北海道,01212,留萌市,public-toilet,公衆トイレ一覧【留萌市】,https://www.harp.lg.jp/opendata/dataset/2051.html,https://www.harp.lg.jp/opendata/dataset/2051/resource/6921/012122_public_toilet.csv,csv,municipal-standard-ods,CC BY,留萌市「公衆トイレ一覧【留萌市】」を加工して作成,https://www.harp.lg.jp/opendata/dataset/2051.html,unknown,2024-07-05,2026-09-21,published
pt-01229-001,01,北海道,01229,富良野市,public-toilet,公衆トイレ一覧【富良野市】,https://www.harp.lg.jp/opendata/dataset/2209.html,https://www.harp.lg.jp/opendata/dataset/2209/resource/8259/公衆トイレ一覧.csv,csv,non-standard,CC BY,富良野市「公衆トイレ一覧【富良野市】」を加工して作成,https://www.harp.lg.jp/opendata/dataset/2209.html,unknown,2025-07-17,2026-09-21,published
pt-01230-001,01,北海道,01230,登別市,public-toilet,公衆トイレ一覧,https://ckan.hoda.jp/dataset/noboribetsupublictoilet,https://ckan.hoda.jp/dataset/7796b6af-e3ad-4d28-9bce-4ebba86cc06e/resource/bb51ca3e-01f8-46f0-bd4d-f8df4b6b96c4/download/012301_public_toilet.csv.csv,csv,standard,CC BY,登別市「公衆トイレ一覧」を加工して作成,https://ckan.hoda.jp/dataset/noboribetsupublictoilet,unknown,2026-04-27,2026-09-27,published
pt-01231-001,01,北海道,01231,恵庭市,public-toilet,公衆トイレ一覧【恵庭市】,https://www.harp.lg.jp/opendata/dataset/1825.html,https://www.harp.lg.jp/opendata/dataset/1825/resource/8002/012319_public_toilet.csv,csv,non-standard,CC BY,恵庭市「公衆トイレ一覧【恵庭市】」を加工して作成,https://www.harp.lg.jp/opendata/dataset/1825.html,partial,2025-05-23,2026-09-21,published
pt-01304-001,01,北海道,01304,新篠津村,public-toilet,公衆トイレ一覧【北海道新篠津村】,https://www.harp.lg.jp/opendata/dataset/548.html,https://www.harp.lg.jp/opendata/dataset/548/resource/717/013048_public_toilet.csv,csv,non-standard,CC BY,新篠津村「公衆トイレ一覧【北海道新篠津村】」を加工して作成,https://www.harp.lg.jp/opendata/dataset/548.html,unknown,2019-07-07,2026-09-21,published
pt-01425-001,01,北海道,01425,上砂川町,public-toilet,公衆トイレ一覧,https://data.bodik.jp/dataset/014257_public_toilet,https://data.bodik.jp/dataset/6289cf37-9861-45a2-b3a0-324fdd5ba151/resource/5b4432a8-39f1-4288-9db6-b0272377f60d/download/014257_public_toilet_20240401.csv,csv,unknown,CC BY 4.0,上砂川町「公衆トイレ一覧」を加工して作成,https://creativecommons.org/licenses/by/4.0/,unknown,2024-07-11,2026-09-20,published
pt-01434-001,01,北海道,01434,秩父別町,public-toilet,公衆トイレ一覧【秩父別町】,https://www.harp.lg.jp/opendata/dataset/1947.html,https://www.harp.lg.jp/opendata/dataset/1947/resource/6601/014346_public_toilet.csv,csv,non-standard,CC BY,秩父別町「公衆トイレ一覧【秩父別町】」を加工して作成,https://www.harp.lg.jp/opendata/dataset/1947.html,unknown,2024-03-04,2026-09-21,published
pt-01465-001,01,北海道,01465,剣淵町,public-toilet,公衆トイレ一覧,https://www.harp.lg.jp/opendata/dataset/1805.html,https://www.harp.lg.jp/opendata/dataset/1805/resource/4420/08%E5%85%AC%E8%A1%86%E3%83%88%E3%82%A4%E3%83%AC%E4%B8%80%E8%A6%A7%E3%80%80%E6%A7%98%E5%BC%8F.xlsx,xlsx,non-standard,CC BY,剣淵町「公衆トイレ一覧」を加工して作成,https://www.harp.lg.jp/opendata/dataset/1805.html,unknown,2022-05-11,2026-09-26,published
pt-01485-001,01,北海道,01485,初山別村,public-toilet,公衆トイレ一覧【初山別村】,https://www.harp.lg.jp/opendata/dataset/2028.html,https://www.harp.lg.jp/opendata/dataset/2028/resource/6687/014851_public_toilet_new.csv,csv,municipal-standard-ods,CC BY,初山別村「公衆トイレ一覧【初山別村】」を加工して作成,https://www.harp.lg.jp/opendata/dataset/2028.html,unknown,2024-04-18,2026-09-21,published
pt-01604-001,01,北海道,01604,新冠町,public-toilet,公衆トイレ一覧,https://www.harp.lg.jp/opendata/dataset/1424.html,https://www.harp.lg.jp/opendata/dataset/1424/resource/3211/016047_public_toilet.xlsx,xlsx,non-standard,CC BY,新冠町「公衆トイレ一覧」を加工して作成,https://www.harp.lg.jp/opendata/dataset/1424.html,unknown,2020-07-28,2026-09-26,published
pt-01647-001,01,北海道,01647,足寄町,public-toilet,【足寄町】公衆トイレ一覧,https://www.harp.lg.jp/opendata/dataset/1226.html,https://www.harp.lg.jp/opendata/dataset/1226/resource/1962/public_toilet.csv,csv,non-standard,CC BY,足寄町「【足寄町】公衆トイレ一覧」を加工して作成,https://www.harp.lg.jp/opendata/dataset/1226.html,unknown,2019-08-22,2026-09-21,published
pt-01691-001,01,北海道,01691,別海町,public-toilet,公衆トイレ一覧【北海道別海町】,https://www.harp.lg.jp/opendata/dataset/1329.html,https://www.harp.lg.jp/opendata/dataset/1329/resource/2330/016918_public_toilet.csv,csv,non-standard,CC BY,別海町「公衆トイレ一覧【北海道別海町】」を加工して作成,https://www.harp.lg.jp/opendata/dataset/1329.html,unknown,2020-01-09,2026-09-21,published
pt-02201-001,02,青森県,02201,青森市,public-toilet,公衆トイレ一覧,https://www.city.aomori.aomori.jp/shisei/jouhokoukai/opendata/1006153/1006161.html,https://www.city.aomori.aomori.jp/_res/projects/default_project/_page_/001/006/161/public_toilet.csv,csv,municipal-standard-ods,CC BY 4.0,青森市「公衆トイレ一覧」を加工して作成,https://creativecommons.org/licenses/by/4.0/,unknown,2025-04-01,2026-09-20,published
pt-02210-001,02,青森県,02210,平川市,public-toilet,【平川市】公衆トイレ一覧,https://opendata.pref.aomori.lg.jp/dataset/2209.html,https://opendata.pref.aomori.lg.jp/fs/2/3/1/3/8/_/___________.csv,csv,unknown,CC BY,平川市「【平川市】公衆トイレ一覧」を加工して作成,https://opendata.pref.aomori.lg.jp/dataset/2209.html,unknown,2024-08-07,2026-09-20,published
pt-02445-001,02,青森県,02445,南部町,public-toilet,公衆用トイレ一覧,https://opendata.pref.aomori.lg.jp/dataset/2014.html,https://opendata.pref.aomori.lg.jp/dataset/2014/resource/24480/13.%E5%85%AC%E8%A1%86%E7%94%A8%E3%83%88%E3%82%A4%E3%83%AC%E4%B8%80%E8%A6%A7.xlsx,xlsx,municipal-standard-ods,CC BY,南部町「公衆用トイレ一覧」を加工して作成,https://opendata.pref.aomori.lg.jp/dataset/2014.html,unknown,2026-06-10,2026-09-20,published
pt-03201-001,03,岩手県,03201,盛岡市,public-toilet,公衆トイレ一覧,https://www.city.morioka.iwate.jp/shisei/johokokai/1024522/index.html,https://www.city.morioka.iwate.jp/_res/projects/default_project/_page_/001/024/522/opendata20250922/032018_public_toilet.csv,csv,non-standard,CC BY 4.0,盛岡市「公衆トイレ一覧」を加工して作成,https://creativecommons.org/licenses/by/4.0/,unknown,2025-09-22,2026-09-29,published
pt-03202-001,03,岩手県,03202,宮古市,public-toilet,公衆トイレ一覧,https://www.city.miyako.iwate.jp/gyosei/soshiki/dx_suishin/5/1/3193.html,https://www.city.miyako.iwate.jp/material/files/group/5/032026_public_toilet_20231101.csv,csv,non-standard,CC BY 4.0,宮古市「公衆トイレ一覧」を加工して作成,https://creativecommons.org/licenses/by/4.0/,unknown,2023-11-01,2026-09-29,published
pt-03206-001,03,岩手県,03206,北上市,public-toilet,公衆トイレ一覧,https://www.city.kitakami.iwate.jp/life/soshikikarasagasu/toshipromotionka/jouhouseisakusuishinshitsu/1_1/opendata/27772.html,https://www.city.kitakami.iwate.jp/material/files/group/4/032069_public_toilet.csv,csv,municipal-standard-ods,CC BY 4.0,北上市「公衆トイレ一覧」を加工して作成,https://creativecommons.org/licenses/by/4.0/,unknown,2025-02-25,2026-09-29,published
pt-03207-001,03,岩手県,03207,久慈市,public-toilet,公衆トイレ一覧,https://www.city.kuji.lg.jp/soshiki/johoshisutemu/1/3/1/1379.html,https://www.city.kuji.lg.jp/material/files/group/9/032077_public_toilet.csv,csv,non-standard,CC BY 4.0,久慈市「公衆トイレ一覧」を加工して作成,https://creativecommons.org/licenses/by/4.0/,unknown,2026-01-01,2026-09-29,published
pt-03209-001,03,岩手県,03209,一関市,public-toilet,0232093_岩手県_一関市_公衆トイレ,https://www.geospatial.jp/ckan/dataset/032093-032,https://www.geospatial.jp/ckan/dataset/3ee7acf7-7fd1-4041-8944-c5f40c99c4aa/resource/74de526a-7e60-4cf0-ac7e-c566277a989b/download/20180328-091702.csv,csv,non-standard,CC BY,一関市「0232093_岩手県_一関市_公衆トイレ」を加工して作成,https://www.geospatial.jp/ckan/dataset/032093-032,unknown,2020-02-04,2026-09-20,published
pt-03215-001,03,岩手県,03215,奥州市,public-toilet,奥州市公衆トイレ一覧,https://www.geospatial.jp/ckan/dataset/oshu-city-toilet,https://www.geospatial.jp/ckan/dataset/5eae7dd6-e8c6-4c21-9ba1-ab878e876d82/resource/00a564db-376d-4a19-9677-adfe765a2bd4/download/032158publictoilet.csv,csv,unknown,CC BY,奥州市「奥州市公衆トイレ一覧」を加工して作成,https://www.geospatial.jp/ckan/dataset/oshu-city-toilet,unknown,2024-10-05,2026-09-20,published
pt-03402-001,03,岩手県,03402,平泉町,public-toilet,公衆トイレ一覧,https://www.town.hiraizumi.iwate.jp/平泉町オープンデータ-35378/,https://hi-hp-production.s3.ap-northeast-1.amazonaws.com/wp-content/uploads/2026/02/04131603/12.公衆トイレ一覧.csv,csv,municipal-standard-ods,CC BY 4.0,平泉町「公衆トイレ一覧」を加工して作成,https://creativecommons.org/licenses/by/4.0/,unknown,2026-02-04,2026-09-29,published
pt-04100-001,04,宮城県,04100,仙台市,public-toilet,公衆トイレ,https://www.city.sendai.jp/joho-kikaku/shise/security/kokai/opendata_example.html,https://www.city.sendai.jp/joho-kikaku/shise/security/kokai/documents/041009_public_toilet.csv,csv,municipal-standard-ods,CC BY 4.0,仙台市「公衆トイレ」を加工して作成,https://creativecommons.org/licenses/by/4.0/,full,2025-01-17,2026-09-21,published
pt-04202-001,04,宮城県,04202,石巻市,public-toilet,【石巻市】公衆トイレ一覧,https://miyagi.dataeye.jp/datasets/541,https://miyagi.dataeye.jp/resource_download/33016,csv,non-standard,PDL1.0,石巻市「【石巻市】公衆トイレ一覧」を加工して作成,https://www.digital.go.jp/resources/open_data/public_data_license_v1.0,unknown,,2026-09-22,published
pt-04203-001,04,宮城県,04203,塩竈市,public-toilet,【塩竈市】公衆トイレ一覧,https://miyagi.dataeye.jp/datasets/812,https://miyagi.dataeye.jp/resource_download/1422,csv,non-standard,CC BY 4.0,塩竈市「【塩竈市】公衆トイレ一覧」を加工して作成,https://creativecommons.org/licenses/by/4.0/,unknown,,2026-09-22,published
pt-04206-001,04,宮城県,04206,白石市,public-toilet,【白石市】公衆トイレ一覧,https://miyagi.dataeye.jp/datasets/847,https://miyagi.dataeye.jp/resource_download/1459,csv,municipal-standard-ods,CC BY 4.0,白石市「【白石市】公衆トイレ一覧」を加工して作成,https://creativecommons.org/licenses/by/4.0/,unknown,,2026-09-22,published
pt-04207-001,04,宮城県,04207,名取市,public-toilet,【名取市】公衆トイレ一覧,https://miyagi.dataeye.jp/datasets/602,https://miyagi.dataeye.jp/resource_download/32343,csv,non-standard,CC BY 4.0,名取市「【名取市】公衆トイレ一覧」を加工して作成,https://creativecommons.org/licenses/by/4.0/,unknown,,2026-09-22,published
pt-04209-001,04,宮城県,04209,多賀城市,public-toilet,【多賀城市】公衆トイレ一覧,https://miyagi.dataeye.jp/datasets/826,https://miyagi.dataeye.jp/resource_download/1432,csv,non-standard,CC BY 4.0,多賀城市「【多賀城市】公衆トイレ一覧」を加工して作成,https://creativecommons.org/licenses/by/4.0/,unknown,,2026-09-22,published
pt-04212-001,04,宮城県,04212,登米市,public-toilet,042129_宮城県_登米市_公衆トイレ一覧,https://www.geospatial.jp/ckan/dataset/042129-009,https://www.geospatial.jp/ckan/dataset/fa4dc860-3f3e-419a-81da-f91470a1552f/resource/e16de7fe-9c26-42cc-bb1f-5d7b2c7aba44/download/042129publictoilet.csv,csv,unknown,CC BY 4.0,登米市「042129_宮城県_登米市_公衆トイレ一覧」を加工して作成,https://creativecommons.org/licenses/by/4.0/,unknown,2024-10-05,2026-09-20,published
pt-04213-001,04,宮城県,04213,栗原市,public-toilet,【栗原市】公衆トイレ一覧,https://miyagi.dataeye.jp/datasets/792,https://miyagi.dataeye.jp/resource_download/1396,csv,non-standard,CC BY 4.0,栗原市「【栗原市】公衆トイレ一覧」を加工して作成,https://creativecommons.org/licenses/by/4.0/,unknown,,2026-09-22,published
pt-04214-001,04,宮城県,04214,東松島市,public-toilet,【東松島市】公衆トイレ一覧,https://miyagi.dataeye.jp/datasets/992,https://miyagi.dataeye.jp/resource_download/32353,csv,municipal-standard-ods,CC BY 4.0,東松島市「【東松島市】公衆トイレ一覧」を加工して作成,https://creativecommons.org/licenses/by/4.0/,unknown,,2026-09-22,published
pt-04322-001,04,宮城県,04322,村田町,public-toilet,【村田町】公衆トイレ一覧（R5.10.1）,https://miyagi.dataeye.jp/datasets/260,https://miyagi.dataeye.jp/resource_download/265,csv,non-standard,CC BY 4.0,村田町「【村田町】公衆トイレ一覧（R5.10.1）」を加工して作成,https://creativecommons.org/licenses/by/4.0/,unknown,,2026-09-22,published
pt-04323-001,04,宮城県,04323,柴田町,public-toilet,【柴田町】公衆トイレ一覧,https://miyagi.dataeye.jp/datasets/300,https://miyagi.dataeye.jp/resource_download/367,csv,municipal-standard-ods,CC BY 4.0,柴田町「【柴田町】公衆トイレ一覧」を加工して作成,https://creativecommons.org/licenses/by/4.0/,unknown,,2026-09-22,published
pt-04361-001,04,宮城県,04361,亘理町,public-toilet,【亘理町】公衆トイレ一覧,https://miyagi.dataeye.jp/datasets/933,https://miyagi.dataeye.jp/resource_download/32238,csv,non-standard,CC BY 4.0,亘理町「【亘理町】公衆トイレ一覧」を加工して作成,https://creativecommons.org/licenses/by/4.0/,unknown,,2026-09-22,published
pt-04401-001,04,宮城県,04401,松島町,public-toilet,【松島町】公衆トイレ一覧,https://miyagi.dataeye.jp/datasets/806,https://miyagi.dataeye.jp/resource_download/1414,csv,municipal-standard-ods,CC BY 4.0,松島町「【松島町】公衆トイレ一覧」を加工して作成,https://creativecommons.org/licenses/by/4.0/,unknown,,2026-09-22,published
pt-04421-001,04,宮城県,04421,大和町,public-toilet,【大和町】公衆トイレ一覧,https://miyagi.dataeye.jp/datasets/861,https://miyagi.dataeye.jp/resource_download/1470,csv,non-standard,CC BY 4.0,大和町「【大和町】公衆トイレ一覧」を加工して作成,https://creativecommons.org/licenses/by/4.0/,unknown,,2026-09-22,published
pt-04501-001,04,宮城県,04501,涌谷町,public-toilet,【涌谷町】公衆トイレ一覧,https://miyagi.dataeye.jp/datasets/876,https://miyagi.dataeye.jp/resource_download/1475,csv,non-standard,CC BY 4.0,涌谷町「【涌谷町】公衆トイレ一覧」を加工して作成,https://creativecommons.org/licenses/by/4.0/,unknown,,2026-09-22,published
pt-05202-001,05,秋田県,05202,能代市,public-toilet,公衆トイレ一覧,https://www.city.noshiro.lg.jp/city/opendata/oopun/21230,https://www.city.noshiro.lg.jp/up/files/www/city/opendata/oopun/052027_public_toilet.csv,csv,municipal-standard-ods,CC BY 4.0,能代市「公衆トイレ一覧」を加工して作成,https://creativecommons.org/licenses/by/4.0/,unknown,,2026-09-20,published
pt-05206-001,05,秋田県,05206,男鹿市,public-toilet,公衆トイレ一覧,https://www.city.oga.akita.jp/soshik/kankoka/kanko/7320.html,https://www.city.oga.akita.jp/material/files/group/10/kousyuutoire1.csv,csv,non-standard,CC BY 4.0,男鹿市「公衆トイレ一覧」を加工して作成,https://creativecommons.org/licenses/by/4.0/,unknown,,2026-09-20,published
pt-05209-001,05,秋田県,05209,鹿角市,public-toilet,公衆トイレ一覧,https://www.city.kazuno.lg.jp/opendata/9427.html,,html,unknown,CC BY 4.0,鹿角市「公衆トイレ一覧」を加工して作成,https://creativecommons.org/licenses/by/4.0/,unknown,,2026-09-20,published
pt-05212-001,05,秋田県,05212,大仙市,public-toilet,公衆トイレ一覧,https://www.city.daisen.lg.jp/open-data/dataset/2021121400041,https://daisen-public.lgwan.torapants.net/open-data/dataset/3e590a3c-0a29-408b-8ee4-d687b4d55f33/resource/076fde53-c4e7-4e08-a545-55debe1368a8/download/toilet2025.csv,csv,municipal-standard-ods,CC BY,大仙市「公衆トイレ一覧」を加工して作成,https://www.city.daisen.lg.jp/open-data/dataset/2021121400041,unknown,2026-03-05,2026-09-20,published
pt-06201-001,06,山形県,06201,山形市,public-toilet,公衆トイレ一覧,https://www.pref.yamagata.jp/020051/kensei/shoukai/toukeijouhou/tokeijoho-opendate/opendata/cata5.html,https://www.pref.yamagata.jp/documents/1570/public_toilet.csv,csv,non-standard,CC BY 4.0,山形県「公衆トイレ一覧」を加工して作成,https://www.pref.yamagata.jp/020051/kensei/shoukai/toukeijouhou/tokeijoho-opendate/opendata/cata5.html,unknown,2018-10-26,2026-09-21,published
pt-06202-001,06,山形県,06202,米沢市,public-toilet,公衆トイレ一覧,https://www.pref.yamagata.jp/020051/kensei/shoukai/toukeijouhou/tokeijoho-opendate/opendata/cata5.html,https://www.pref.yamagata.jp/documents/1570/public_toilet.csv,csv,non-standard,CC BY 4.0,山形県「公衆トイレ一覧」を加工して作成,https://www.pref.yamagata.jp/020051/kensei/shoukai/toukeijouhou/tokeijoho-opendate/opendata/cata5.html,unknown,2018-10-26,2026-09-21,published
pt-06203-001,06,山形県,06203,鶴岡市,public-toilet,公衆トイレ一覧,https://www.pref.yamagata.jp/020051/kensei/shoukai/toukeijouhou/tokeijoho-opendate/opendata/cata5.html,https://www.pref.yamagata.jp/documents/1570/public_toilet.csv,csv,non-standard,CC BY 4.0,山形県「公衆トイレ一覧」を加工して作成,https://www.pref.yamagata.jp/020051/kensei/shoukai/toukeijouhou/tokeijoho-opendate/opendata/cata5.html,unknown,2018-10-26,2026-09-21,published
pt-06204-001,06,山形県,06204,酒田市,public-toilet,公衆トイレ一覧,https://www.pref.yamagata.jp/020051/kensei/shoukai/toukeijouhou/tokeijoho-opendate/opendata/cata5.html,https://www.pref.yamagata.jp/documents/1570/public_toilet.csv,csv,non-standard,CC BY 4.0,山形県「公衆トイレ一覧」を加工して作成,https://www.pref.yamagata.jp/020051/kensei/shoukai/toukeijouhou/tokeijoho-opendate/opendata/cata5.html,unknown,2018-10-26,2026-09-21,published
pt-06205-001,06,山形県,06205,新庄市,public-toilet,公衆トイレ一覧,https://www.pref.yamagata.jp/020051/kensei/shoukai/toukeijouhou/tokeijoho-opendate/opendata/cata5.html,https://www.pref.yamagata.jp/documents/1570/public_toilet.csv,csv,non-standard,CC BY 4.0,山形県「公衆トイレ一覧」を加工して作成,https://www.pref.yamagata.jp/020051/kensei/shoukai/toukeijouhou/tokeijoho-opendate/opendata/cata5.html,unknown,2018-10-26,2026-09-21,published
pt-06206-001,06,山形県,06206,寒河江市,public-toilet,公衆トイレ一覧,https://www.pref.yamagata.jp/020051/kensei/shoukai/toukeijouhou/tokeijoho-opendate/opendata/cata5.html,https://www.pref.yamagata.jp/documents/1570/public_toilet.csv,csv,non-standard,CC BY 4.0,山形県「公衆トイレ一覧」を加工して作成,https://www.pref.yamagata.jp/020051/kensei/shoukai/toukeijouhou/tokeijoho-opendate/opendata/cata5.html,unknown,2018-10-26,2026-09-21,published
pt-06207-001,06,山形県,06207,上山市,public-toilet,公衆トイレ一覧,https://www.pref.yamagata.jp/020051/kensei/shoukai/toukeijouhou/tokeijoho-opendate/opendata/cata5.html,https://www.pref.yamagata.jp/documents/1570/public_toilet.csv,csv,non-standard,CC BY 4.0,山形県「公衆トイレ一覧」を加工して作成,https://www.pref.yamagata.jp/020051/kensei/shoukai/toukeijouhou/tokeijoho-opendate/opendata/cata5.html,unknown,2018-10-26,2026-09-21,published
pt-06208-001,06,山形県,06208,村山市,public-toilet,公衆トイレ一覧,https://www.pref.yamagata.jp/020051/kensei/shoukai/toukeijouhou/tokeijoho-opendate/opendata/cata5.html,https://www.pref.yamagata.jp/documents/1570/public_toilet.csv,csv,non-standard,CC BY 4.0,山形県「公衆トイレ一覧」を加工して作成,https://www.pref.yamagata.jp/020051/kensei/shoukai/toukeijouhou/tokeijoho-opendate/opendata/cata5.html,unknown,2018-10-26,2026-09-21,published
pt-06209-001,06,山形県,06209,長井市,public-toilet,公衆トイレ一覧,https://www.pref.yamagata.jp/020051/kensei/shoukai/toukeijouhou/tokeijoho-opendate/opendata/cata5.html,https://www.pref.yamagata.jp/documents/1570/public_toilet.csv,csv,non-standard,CC BY 4.0,山形県「公衆トイレ一覧」を加工して作成,https://www.pref.yamagata.jp/020051/kensei/shoukai/toukeijouhou/tokeijoho-opendate/opendata/cata5.html,unknown,2018-10-26,2026-09-21,published
pt-06210-001,06,山形県,06210,天童市,public-toilet,公衆トイレ一覧,http://data.city.tendo.yamagata.jp/dataset/public_toilet,http://data.city.tendo.yamagata.jp/dataset/26f09ab8-dbaa-4c75-a8fd-ae1c442fb73f/resource/3987b01a-e418-4ee1-9f19-7b1a2d8c2b2b/download/062103_public_toilet.csv,CSV,non-standard,Creative Commons Attribution,天童市「公衆トイレ一覧」を加工して作成,http://data.city.tendo.yamagata.jp/dataset/public_toilet,unknown,,2026-09-22,published
pt-06211-001,06,山形県,06211,東根市,public-toilet,公衆トイレ一覧,https://www.pref.yamagata.jp/020051/kensei/shoukai/toukeijouhou/tokeijoho-opendate/opendata/cata5.html,https://www.pref.yamagata.jp/documents/1570/public_toilet.csv,csv,non-standard,CC BY 4.0,山形県「公衆トイレ一覧」を加工して作成,https://www.pref.yamagata.jp/020051/kensei/shoukai/toukeijouhou/tokeijoho-opendate/opendata/cata5.html,unknown,2018-10-26,2026-09-21,published
pt-06212-001,06,山形県,06212,尾花沢市,public-toilet,公衆トイレ一覧,https://www.pref.yamagata.jp/020051/kensei/shoukai/toukeijouhou/tokeijoho-opendate/opendata/cata5.html,https://www.pref.yamagata.jp/documents/1570/public_toilet.csv,csv,non-standard,CC BY 4.0,山形県「公衆トイレ一覧」を加工して作成,https://www.pref.yamagata.jp/020051/kensei/shoukai/toukeijouhou/tokeijoho-opendate/opendata/cata5.html,unknown,2018-10-26,2026-09-21,published
pt-06213-001,06,山形県,06213,南陽市,public-toilet,公衆トイレ一覧,https://www.pref.yamagata.jp/020051/kensei/shoukai/toukeijouhou/tokeijoho-opendate/opendata/cata5.html,https://www.pref.yamagata.jp/documents/1570/public_toilet.csv,csv,non-standard,CC BY 4.0,山形県「公衆トイレ一覧」を加工して作成,https://www.pref.yamagata.jp/020051/kensei/shoukai/toukeijouhou/tokeijoho-opendate/opendata/cata5.html,unknown,2018-10-26,2026-09-21,published
pt-06302-001,06,山形県,06302,中山町,public-toilet,公衆トイレ一覧,https://www.pref.yamagata.jp/020051/kensei/shoukai/toukeijouhou/tokeijoho-opendate/opendata/cata5.html,https://www.pref.yamagata.jp/documents/1570/public_toilet.csv,csv,non-standard,CC BY 4.0,山形県「公衆トイレ一覧」を加工して作成,https://www.pref.yamagata.jp/020051/kensei/shoukai/toukeijouhou/tokeijoho-opendate/opendata/cata5.html,unknown,2018-10-26,2026-09-21,published
pt-06321-001,06,山形県,06321,河北町,public-toilet,公衆トイレ一覧,https://www.pref.yamagata.jp/020051/kensei/shoukai/toukeijouhou/tokeijoho-opendate/opendata/cata5.html,https://www.pref.yamagata.jp/documents/1570/public_toilet.csv,csv,non-standard,CC BY 4.0,山形県「公衆トイレ一覧」を加工して作成,https://www.pref.yamagata.jp/020051/kensei/shoukai/toukeijouhou/tokeijoho-opendate/opendata/cata5.html,unknown,2018-10-26,2026-09-21,published
pt-06322-001,06,山形県,06322,西川町,public-toilet,公衆トイレ一覧,https://www.pref.yamagata.jp/020051/kensei/shoukai/toukeijouhou/tokeijoho-opendate/opendata/cata5.html,https://www.pref.yamagata.jp/documents/1570/public_toilet.csv,csv,non-standard,CC BY 4.0,山形県「公衆トイレ一覧」を加工して作成,https://www.pref.yamagata.jp/020051/kensei/shoukai/toukeijouhou/tokeijoho-opendate/opendata/cata5.html,unknown,2018-10-26,2026-09-21,published
pt-06323-001,06,山形県,06323,朝日町,public-toilet,公衆トイレ一覧,https://www.pref.yamagata.jp/020051/kensei/shoukai/toukeijouhou/tokeijoho-opendate/opendata/cata5.html,https://www.pref.yamagata.jp/documents/1570/public_toilet.csv,csv,non-standard,CC BY 4.0,山形県「公衆トイレ一覧」を加工して作成,https://www.pref.yamagata.jp/020051/kensei/shoukai/toukeijouhou/tokeijoho-opendate/opendata/cata5.html,unknown,2018-10-26,2026-09-21,published
pt-06324-001,06,山形県,06324,大江町,public-toilet,公衆トイレ一覧,https://www.pref.yamagata.jp/020051/kensei/shoukai/toukeijouhou/tokeijoho-opendate/opendata/cata5.html,https://www.pref.yamagata.jp/documents/1570/public_toilet.csv,csv,non-standard,CC BY 4.0,山形県「公衆トイレ一覧」を加工して作成,https://www.pref.yamagata.jp/020051/kensei/shoukai/toukeijouhou/tokeijoho-opendate/opendata/cata5.html,unknown,2018-10-26,2026-09-21,published
pt-06362-001,06,山形県,06362,最上町,public-toilet,公衆トイレ一覧,https://www.pref.yamagata.jp/020051/kensei/shoukai/toukeijouhou/tokeijoho-opendate/opendata/cata5.html,https://www.pref.yamagata.jp/documents/1570/public_toilet.csv,csv,non-standard,CC BY 4.0,山形県「公衆トイレ一覧」を加工して作成,https://www.pref.yamagata.jp/020051/kensei/shoukai/toukeijouhou/tokeijoho-opendate/opendata/cata5.html,unknown,2018-10-26,2026-09-21,published
pt-06363-001,06,山形県,06363,舟形町,public-toilet,公衆トイレ一覧,https://www.town.funagata.yamagata.jp/s026/opendata/010/20230904141014.html,https://www.town.funagata.yamagata.jp/s026/opendata/010/063631_public_toilet.csv,CSV,non-standard,CC BY 4.0,舟形町「公衆トイレ一覧」を加工して作成,https://creativecommons.org/licenses/by/4.0/deed.ja,unknown,,2026-09-22,published
pt-06365-001,06,山形県,06365,大蔵村,public-toilet,公衆トイレ一覧,https://www.pref.yamagata.jp/020051/kensei/shoukai/toukeijouhou/tokeijoho-opendate/opendata/cata5.html,https://www.pref.yamagata.jp/documents/1570/public_toilet.csv,csv,non-standard,CC BY 4.0,山形県「公衆トイレ一覧」を加工して作成,https://www.pref.yamagata.jp/020051/kensei/shoukai/toukeijouhou/tokeijoho-opendate/opendata/cata5.html,unknown,2018-10-26,2026-09-21,published
pt-06402-001,06,山形県,06402,白鷹町,public-toilet,公衆トイレ一覧,https://www.pref.yamagata.jp/020051/kensei/shoukai/toukeijouhou/tokeijoho-opendate/opendata/cata5.html,https://www.pref.yamagata.jp/documents/1570/public_toilet.csv,csv,non-standard,CC BY 4.0,山形県「公衆トイレ一覧」を加工して作成,https://www.pref.yamagata.jp/020051/kensei/shoukai/toukeijouhou/tokeijoho-opendate/opendata/cata5.html,unknown,2018-10-26,2026-09-21,published
pt-06461-001,06,山形県,06461,遊佐町,public-toilet,公衆トイレ一覧,https://www.pref.yamagata.jp/020051/kensei/shoukai/toukeijouhou/tokeijoho-opendate/opendata/cata5.html,https://www.pref.yamagata.jp/documents/1570/public_toilet.csv,csv,non-standard,CC BY 4.0,山形県「公衆トイレ一覧」を加工して作成,https://www.pref.yamagata.jp/020051/kensei/shoukai/toukeijouhou/tokeijoho-opendate/opendata/cata5.html,unknown,2018-10-26,2026-09-21,published
pt-07201-001,07,福島県,07201,福島市,public-toilet,072010_福島県_福島市_オストメイト対応トイレ設置施設,https://www.geospatial.jp/ckan/dataset/072010-005,https://www.geospatial.jp/ckan/dataset/86139bb0-7b93-4b16-a611-8fe5160ea92a/resource/ad10e9bc-4789-4d18-bfd6-0825f0b60904/download/osutomeito.csv,csv,non-standard,CC BY 2.1 Japan,福島市「072010_福島県_福島市_オストメイト対応トイレ設置施設」を加工して作成,https://creativecommons.org/licenses/by/2.1/jp/,unknown,2024-10-05,2026-09-20,published
pt-07202-001,07,福島県,07202,会津若松市,public-toilet,自治体標準オープンデータセット13：公衆トイレ一覧,https://data.data4citizen.jp/dataset/10060233,https://data.data4citizen.jp/dataset/58b95978-a9e7-46bf-8914-bc66d897ad7f/resource/f6d8a7c4-4c86-4e44-8e77-c48ff0e7cd25/download/072028_public_toilet.csv,csv,municipal-standard-ods,CC BY,会津若松市「自治体標準オープンデータセット13：公衆トイレ一覧」を加工して作成,https://data.data4citizen.jp/dataset/10060233,unknown,2025-04-25,2026-09-20,published
pt-07203-001,07,福島県,07203,郡山市,public-toilet,072036_福島県_郡山市_オストメイト対応トイレ設置施設,https://www.geospatial.jp/ckan/dataset/072036-025,https://www.geospatial.jp/ckan/dataset/a0de7e1a-90f7-473a-883b-99b6a7888f1e/resource/9f0d46f0-bc4e-4bfc-9c94-fb93285065e1/download/25osutomeito.csv,csv,non-standard,CC BY 4.0,郡山市「072036_福島県_郡山市_オストメイト対応トイレ設置施設」を加工して作成,https://creativecommons.org/licenses/by/4.0/,unknown,2024-10-05,2026-09-20,published
pt-07204-001,07,福島県,07204,いわき市,public-toilet,駅前広場公衆トイレ,https://www.city.iwaki.lg.jp/www/contents/1001000001408/index.html,https://www.city.iwaki.lg.jp/www/contents/1001000001408/simple/072044_public_toilet.csv,csv,standard,CC BY 2.1 JP,いわき市「駅前広場公衆トイレ」を加工して作成,https://creativecommons.org/licenses/by/2.1/jp/,unknown,,2026-09-28,published
pt-07207-001,07,福島県,07207,須賀川市,public-toilet,公衆トイレ一覧(自治体標準オープンデータセット),https://data.bodik.jp/dataset/072079_3491_1015946,https://data.bodik.jp/dataset/822b392c-9973-4b43-a42f-ccb4a1772b42/resource/ec3e0ee6-d874-4acc-99d4-bc3ff3749d9c/download/8_2_072079_0803_public_toilet_.csv,csv,unknown,CC BY 4.0,須賀川市「公衆トイレ一覧(自治体標準オープンデータセット)」を加工して作成,https://creativecommons.org/licenses/by/4.0/,unknown,2026-04-01,2026-09-20,published
pt-08202-001,08,茨城県,08202,日立市,public-toilet,公衆トイレ一覧,https://www.city.hitachi.lg.jp/cgi-opd/opendata_detail.cgi?id=b59ee26215f3e88c184f43d63eeb995e3219b2f5,https://www.city.hitachi.lg.jp/_res/projects/default_project/_page_/001/009/227/082023_publictoilet2.csv,csv,non-standard,CC BY 4.0,日立市「公衆トイレ一覧」を加工して作成,https://creativecommons.org/licenses/by/4.0/,partial,,2026-09-21,published
pt-08204-001,08,茨城県,08204,古河市,public-toilet,公衆トイレ一覧,https://www.city.ibaraki-koga.lg.jp/soshiki/ITsenryaku/jyohoseisaku/14028.html,https://www.city.ibaraki-koga.lg.jp/material/files/group/89/082040_Public_restroom.csv,csv,municipal-standard-ods,CC BY 4.0,古河市「公衆トイレ一覧」を加工して作成,https://creativecommons.org/licenses/by/4.0/,unknown,2025-03-25,2026-09-29,published
pt-08205-001,08,茨城県,08205,石岡市,public-toilet,公衆トイレのご案内,https://www.ibaraki-opendata.jp/index.php?mode=detail&odcode=658&group=15,https://www.ibaraki-opendata.jp/opendata_download.php?code=1755,xlsx,unknown,CC BY 2.1 Japan,石岡市「公衆トイレのご案内」を加工して作成,https://creativecommons.org/licenses/by/2.1/jp/,unknown,2021-03-26,2026-09-20,published
pt-08216-001,08,茨城県,08216,笠間市,public-toilet,公衆トイレ一覧,https://www.ibaraki-opendata.jp/index.php?mode=detail&odcode=397&group=15,https://www.ibaraki-opendata.jp/opendata_download.php?code=1104,csv,unknown,CC BY 2.1 Japan,笠間市「公衆トイレ一覧」を加工して作成,https://creativecommons.org/licenses/by/2.1/jp/,unknown,2026-02-02,2026-09-20,published
pt-08233-001,08,茨城県,08233,行方市,public-toilet,公衆トイレ一覧,https://www.ibaraki-opendata.jp/index.php?mode=detail&odcode=539&group=15,https://www.ibaraki-opendata.jp/opendata_download.php?code=1560,csv,unknown,CC BY 2.1 Japan,行方市「公衆トイレ一覧」を加工して作成,https://creativecommons.org/licenses/by/2.1/jp/,unknown,2026-03-24,2026-09-20,published
pt-08235-001,08,茨城県,08235,つくばみらい市,public-toilet,公衆トイレ一覧,https://www.ibaraki-opendata.jp/index.php?mode=detail&odcode=609&group=15,https://www.ibaraki-opendata.jp/opendata_download.php?code=1712,xlsx,unknown,CC BY 2.1 Japan,つくばみらい市「公衆トイレ一覧」を加工して作成,https://creativecommons.org/licenses/by/2.1/jp/,unknown,2020-12-24,2026-09-20,published
pt-08236-001,08,茨城県,08236,小美玉市,public-toilet,公衆トイレ一覧,https://www.ibaraki-opendata.jp/index.php?mode=detail&odcode=966&group=15,https://www.ibaraki-opendata.jp/opendata_download.php?code=2895,csv,municipal-standard-ods,CC BY 2.1 Japan,小美玉市「公衆トイレ一覧」を加工して作成,https://creativecommons.org/licenses/by/2.1/jp/,unknown,2023-12-08,2026-09-20,published
pt-08302-001,08,茨城県,08302,茨城町,public-toilet,公衆トイレ一覧,https://www.ibaraki-opendata.jp/index.php?mode=detail&odcode=1833&group=15,https://www.ibaraki-opendata.jp/opendata_download.php?code=14900,csv,municipal-standard-ods,CC BY 2.1 Japan,茨城町「公衆トイレ一覧」を加工して作成,https://creativecommons.org/licenses/by/2.1/jp/,unknown,2025-12-03,2026-09-20,published
pt-09201-001,09,栃木県,09201,宇都宮市,public-toilet,公衆トイレ一覧（自治体標準オープンデータセット準拠）,https://catalog.city.utsunomiya.tochigi.jp/dataset/koushuutoireichiran,https://catalog.city.utsunomiya.tochigi.jp/dataset/c93bf120-32f8-4d54-b0c7-53190195ae47/resource/5ae07db5-8e62-4e51-985b-3aa6c54b5029/download/092011_public_toilet_sanitized_new.csv,csv,municipal-standard-ods,CC BY,宇都宮市「公衆トイレ一覧（自治体標準オープンデータセット準拠）」を加工して作成,https://catalog.city.utsunomiya.tochigi.jp/dataset/koushuutoireichiran,unknown,2026-01-29,2026-09-20,published
pt-09204-001,09,栃木県,09204,佐野市,public-toilet,092045_栃木県_佐野市_オストメイト対応トイレ一覧,https://www.geospatial.jp/ckan/dataset/092045-046,https://www.geospatial.jp/ckan/dataset/24f0c0e5-a444-4d13-b622-052567b5e726/resource/b57cdc46-c458-40a1-93f8-42ae5aa6de4c/download/46.csv,csv,non-standard,CC BY 2.1 Japan,佐野市「092045_栃木県_佐野市_オストメイト対応トイレ一覧」を加工して作成,https://creativecommons.org/licenses/by/2.1/jp/,unknown,2024-10-05,2026-09-20,published
pt-09208-001,09,栃木県,09208,小山市,public-toilet,公衆トイレ一覧,https://www.city.oyama.tochigi.jp/opendata.php,https://www.city.oyama.tochigi.jp/opendata_download.php?code=482,csv,municipal-standard-ods,CC BY 4.0,小山市「公衆トイレ一覧」を加工して作成,https://creativecommons.org/licenses/by/4.0/,unknown,,2026-09-23,published
pt-09209-001,09,栃木県,09209,真岡市,public-toilet,公衆トイレ一覧,https://data.bodik.jp/dataset/092096_p_7016_7016,https://data.bodik.jp/dataset/cae293d2-066f-4dac-8d56-f03190d33019/resource/5c44f225-4270-46f7-90c6-678fa8110b24/download/od70162025061919200.csv,csv,municipal-standard-ods,CC BY 2.1 Japan,真岡市「公衆トイレ一覧」を加工して作成,https://creativecommons.org/licenses/by/2.1/jp/,unknown,2025-06-19,2026-09-20,published
pt-09211-001,09,栃木県,09211,矢板市,public-toilet,公衆トイレ一覧,https://www.city.yaita.tochigi.jp/site/opendata/public-dataset.html,https://www.city.yaita.tochigi.jp/uploaded/life/35841_74953_misc.csv,csv,non-standard,PDL 1.0,矢板市「公衆トイレ一覧」を加工して作成,https://www.digital.go.jp/resources/open_data/public_data_license_v1.0,unknown,,2026-09-23,published
pt-09214-001,09,栃木県,09214,さくら市,public-toilet,公衆トイレ一覧,https://www.city.tochigi-sakura.lg.jp/government/000052/000307/000472/p000117.html,https://www.city.tochigi-sakura.lg.jp/manage/contents/upload/61bb27f8ceabf.csv,csv,non-standard,CC BY 4.0,さくら市「公衆トイレ一覧」を加工して作成,https://creativecommons.org/licenses/by/4.0/,unknown,,2026-09-21,published
pt-10201-001,10,群馬県,10201,前橋市,public-toilet,オストメイト対応トイレ・ユニバーサルシート設置状況一覧,https://www.pref.gunma.jp/site/fukushinomachi/3013.html,https://www.pref.gunma.jp/uploaded/attachment/710891.xlsx,xlsx,non-standard,factual-data,群馬県「オストメイト対応トイレ・ユニバーサルシート設置状況一覧」を加工して作成,https://www.pref.gunma.jp/site/fukushinomachi/3013.html,partial,2026-09-04,2026-09-30,published
pt-10202-001,10,群馬県,10202,高崎市,public-toilet,オストメイト対応トイレ・ユニバーサルシート設置状況一覧,https://www.pref.gunma.jp/site/fukushinomachi/3013.html,https://www.pref.gunma.jp/uploaded/attachment/710891.xlsx,xlsx,non-standard,factual-data,群馬県「オストメイト対応トイレ・ユニバーサルシート設置状況一覧」を加工して作成,https://www.pref.gunma.jp/site/fukushinomachi/3013.html,partial,2026-09-04,2026-09-30,published
pt-10203-001,10,群馬県,10203,桐生市,public-toilet,オストメイト対応トイレ・ユニバーサルシート設置状況一覧,https://www.pref.gunma.jp/site/fukushinomachi/3013.html,https://www.pref.gunma.jp/uploaded/attachment/710891.xlsx,xlsx,non-standard,factual-data,群馬県「オストメイト対応トイレ・ユニバーサルシート設置状況一覧」を加工して作成,https://www.pref.gunma.jp/site/fukushinomachi/3013.html,partial,2026-09-04,2026-09-30,published
pt-10204-001,10,群馬県,10204,伊勢崎市,public-toilet,オストメイト対応トイレ・ユニバーサルシート設置状況一覧,https://www.pref.gunma.jp/site/fukushinomachi/3013.html,https://www.pref.gunma.jp/uploaded/attachment/710891.xlsx,xlsx,non-standard,factual-data,群馬県「オストメイト対応トイレ・ユニバーサルシート設置状況一覧」を加工して作成,https://www.pref.gunma.jp/site/fukushinomachi/3013.html,partial,2026-09-04,2026-09-30,published
pt-10205-001,10,群馬県,10205,太田市,public-toilet,オストメイト対応トイレ・ユニバーサルシート設置状況一覧,https://www.pref.gunma.jp/site/fukushinomachi/3013.html,https://www.pref.gunma.jp/uploaded/attachment/710891.xlsx,xlsx,non-standard,factual-data,群馬県「オストメイト対応トイレ・ユニバーサルシート設置状況一覧」を加工して作成,https://www.pref.gunma.jp/site/fukushinomachi/3013.html,partial,2026-09-04,2026-09-30,published
pt-10206-001,10,群馬県,10206,沼田市,public-toilet,オストメイト対応トイレ・ユニバーサルシート設置状況一覧,https://www.pref.gunma.jp/site/fukushinomachi/3013.html,https://www.pref.gunma.jp/uploaded/attachment/710891.xlsx,xlsx,non-standard,factual-data,群馬県「オストメイト対応トイレ・ユニバーサルシート設置状況一覧」を加工して作成,https://www.pref.gunma.jp/site/fukushinomachi/3013.html,partial,2026-09-04,2026-09-30,published
pt-10207-001,10,群馬県,10207,館林市,public-toilet,オストメイト対応トイレ・ユニバーサルシート設置状況一覧,https://www.pref.gunma.jp/site/fukushinomachi/3013.html,https://www.pref.gunma.jp/uploaded/attachment/710891.xlsx,xlsx,non-standard,factual-data,群馬県「オストメイト対応トイレ・ユニバーサルシート設置状況一覧」を加工して作成,https://www.pref.gunma.jp/site/fukushinomachi/3013.html,partial,2026-09-04,2026-09-30,published
pt-10208-001,10,群馬県,10208,渋川市,public-toilet,オストメイト対応トイレ・ユニバーサルシート設置状況一覧,https://www.pref.gunma.jp/site/fukushinomachi/3013.html,https://www.pref.gunma.jp/uploaded/attachment/710891.xlsx,xlsx,non-standard,factual-data,群馬県「オストメイト対応トイレ・ユニバーサルシート設置状況一覧」を加工して作成,https://www.pref.gunma.jp/site/fukushinomachi/3013.html,partial,2026-09-04,2026-09-30,published
pt-10209-001,10,群馬県,10209,藤岡市,public-toilet,オストメイト対応トイレ・ユニバーサルシート設置状況一覧,https://www.pref.gunma.jp/site/fukushinomachi/3013.html,https://www.pref.gunma.jp/uploaded/attachment/710891.xlsx,xlsx,non-standard,factual-data,群馬県「オストメイト対応トイレ・ユニバーサルシート設置状況一覧」を加工して作成,https://www.pref.gunma.jp/site/fukushinomachi/3013.html,partial,2026-09-04,2026-09-30,published
pt-10210-001,10,群馬県,10210,富岡市,public-toilet,オストメイト対応トイレ・ユニバーサルシート設置状況一覧,https://www.pref.gunma.jp/site/fukushinomachi/3013.html,https://www.pref.gunma.jp/uploaded/attachment/710891.xlsx,xlsx,non-standard,factual-data,群馬県「オストメイト対応トイレ・ユニバーサルシート設置状況一覧」を加工して作成,https://www.pref.gunma.jp/site/fukushinomachi/3013.html,partial,2026-09-04,2026-09-30,published
pt-10211-001,10,群馬県,10211,安中市,public-toilet,オストメイト対応トイレ・ユニバーサルシート設置状況一覧,https://www.pref.gunma.jp/site/fukushinomachi/3013.html,https://www.pref.gunma.jp/uploaded/attachment/710891.xlsx,xlsx,non-standard,factual-data,群馬県「オストメイト対応トイレ・ユニバーサルシート設置状況一覧」を加工して作成,https://www.pref.gunma.jp/site/fukushinomachi/3013.html,partial,2026-09-04,2026-09-30,published
pt-10212-001,10,群馬県,10212,みどり市,public-toilet,オストメイト対応トイレ・ユニバーサルシート設置状況一覧,https://www.pref.gunma.jp/site/fukushinomachi/3013.html,https://www.pref.gunma.jp/uploaded/attachment/710891.xlsx,xlsx,non-standard,factual-data,群馬県「オストメイト対応トイレ・ユニバーサルシート設置状況一覧」を加工して作成,https://www.pref.gunma.jp/site/fukushinomachi/3013.html,partial,2026-09-04,2026-09-30,published
pt-10344-001,10,群馬県,10344,榛東村,public-toilet,オストメイト対応トイレ・ユニバーサルシート設置状況一覧,https://www.pref.gunma.jp/site/fukushinomachi/3013.html,https://www.pref.gunma.jp/uploaded/attachment/710891.xlsx,xlsx,non-standard,factual-data,群馬県「オストメイト対応トイレ・ユニバーサルシート設置状況一覧」を加工して作成,https://www.pref.gunma.jp/site/fukushinomachi/3013.html,partial,2026-09-04,2026-09-30,published
pt-10345-001,10,群馬県,10345,吉岡町,public-toilet,オストメイト対応トイレ・ユニバーサルシート設置状況一覧,https://www.pref.gunma.jp/site/fukushinomachi/3013.html,https://www.pref.gunma.jp/uploaded/attachment/710891.xlsx,xlsx,non-standard,factual-data,群馬県「オストメイト対応トイレ・ユニバーサルシート設置状況一覧」を加工して作成,https://www.pref.gunma.jp/site/fukushinomachi/3013.html,partial,2026-09-04,2026-09-30,published
pt-10366-001,10,群馬県,10366,上野村,public-toilet,オストメイト対応トイレ・ユニバーサルシート設置状況一覧,https://www.pref.gunma.jp/site/fukushinomachi/3013.html,https://www.pref.gunma.jp/uploaded/attachment/710891.xlsx,xlsx,non-standard,factual-data,群馬県「オストメイト対応トイレ・ユニバーサルシート設置状況一覧」を加工して作成,https://www.pref.gunma.jp/site/fukushinomachi/3013.html,partial,2026-09-04,2026-09-30,published
pt-10367-001,10,群馬県,10367,神流町,public-toilet,オストメイト対応トイレ・ユニバーサルシート設置状況一覧,https://www.pref.gunma.jp/site/fukushinomachi/3013.html,https://www.pref.gunma.jp/uploaded/attachment/710891.xlsx,xlsx,non-standard,factual-data,群馬県「オストメイト対応トイレ・ユニバーサルシート設置状況一覧」を加工して作成,https://www.pref.gunma.jp/site/fukushinomachi/3013.html,partial,2026-09-04,2026-09-30,published
pt-10384-001,10,群馬県,10384,甘楽町,public-toilet,オストメイト対応トイレ・ユニバーサルシート設置状況一覧,https://www.pref.gunma.jp/site/fukushinomachi/3013.html,https://www.pref.gunma.jp/uploaded/attachment/710891.xlsx,xlsx,non-standard,factual-data,群馬県「オストメイト対応トイレ・ユニバーサルシート設置状況一覧」を加工して作成,https://www.pref.gunma.jp/site/fukushinomachi/3013.html,partial,2026-09-04,2026-09-30,published
pt-10421-002,10,群馬県,10421,中之条町,public-toilet,公衆トイレ一覧,https://www.town.nakanojo.gunma.jp/site/jouhou/1020.html,https://www.town.nakanojo.gunma.jp/uploaded/attachment/3682.csv,csv,non-standard,CC BY 4.0,中之条町「公衆トイレ一覧」を加工して作成,https://creativecommons.org/licenses/by/4.0/,unknown,2023-05-01,2026-09-21,published
pt-10421-001,10,群馬県,10421,中之条町,public-toilet,オストメイト対応トイレ・ユニバーサルシート設置状況一覧,https://www.pref.gunma.jp/site/fukushinomachi/3013.html,https://www.pref.gunma.jp/uploaded/attachment/710891.xlsx,xlsx,non-standard,factual-data,群馬県「オストメイト対応トイレ・ユニバーサルシート設置状況一覧」を加工して作成,https://www.pref.gunma.jp/site/fukushinomachi/3013.html,partial,2026-09-04,2026-09-30,published
pt-10424-001,10,群馬県,10424,長野原町,public-toilet,オストメイト対応トイレ・ユニバーサルシート設置状況一覧,https://www.pref.gunma.jp/site/fukushinomachi/3013.html,https://www.pref.gunma.jp/uploaded/attachment/710891.xlsx,xlsx,non-standard,factual-data,群馬県「オストメイト対応トイレ・ユニバーサルシート設置状況一覧」を加工して作成,https://www.pref.gunma.jp/site/fukushinomachi/3013.html,partial,2026-09-04,2026-09-30,published
pt-10425-001,10,群馬県,10425,嬬恋村,public-toilet,オストメイト対応トイレ・ユニバーサルシート設置状況一覧,https://www.pref.gunma.jp/site/fukushinomachi/3013.html,https://www.pref.gunma.jp/uploaded/attachment/710891.xlsx,xlsx,non-standard,factual-data,群馬県「オストメイト対応トイレ・ユニバーサルシート設置状況一覧」を加工して作成,https://www.pref.gunma.jp/site/fukushinomachi/3013.html,partial,2026-09-04,2026-09-30,published
pt-10426-001,10,群馬県,10426,草津町,public-toilet,オストメイト対応トイレ・ユニバーサルシート設置状況一覧,https://www.pref.gunma.jp/site/fukushinomachi/3013.html,https://www.pref.gunma.jp/uploaded/attachment/710891.xlsx,xlsx,non-standard,factual-data,群馬県「オストメイト対応トイレ・ユニバーサルシート設置状況一覧」を加工して作成,https://www.pref.gunma.jp/site/fukushinomachi/3013.html,partial,2026-09-04,2026-09-30,published
pt-10428-001,10,群馬県,10428,高山村,public-toilet,オストメイト対応トイレ・ユニバーサルシート設置状況一覧,https://www.pref.gunma.jp/site/fukushinomachi/3013.html,https://www.pref.gunma.jp/uploaded/attachment/710891.xlsx,xlsx,non-standard,factual-data,群馬県「オストメイト対応トイレ・ユニバーサルシート設置状況一覧」を加工して作成,https://www.pref.gunma.jp/site/fukushinomachi/3013.html,partial,2026-09-04,2026-09-30,published
pt-10429-001,10,群馬県,10429,東吾妻町,public-toilet,オストメイト対応トイレ・ユニバーサルシート設置状況一覧,https://www.pref.gunma.jp/site/fukushinomachi/3013.html,https://www.pref.gunma.jp/uploaded/attachment/710891.xlsx,xlsx,non-standard,factual-data,群馬県「オストメイト対応トイレ・ユニバーサルシート設置状況一覧」を加工して作成,https://www.pref.gunma.jp/site/fukushinomachi/3013.html,partial,2026-09-04,2026-09-30,published
pt-10443-001,10,群馬県,10443,片品村,public-toilet,オストメイト対応トイレ・ユニバーサルシート設置状況一覧,https://www.pref.gunma.jp/site/fukushinomachi/3013.html,https://www.pref.gunma.jp/uploaded/attachment/710891.xlsx,xlsx,non-standard,factual-data,群馬県「オストメイト対応トイレ・ユニバーサルシート設置状況一覧」を加工して作成,https://www.pref.gunma.jp/site/fukushinomachi/3013.html,partial,2026-09-04,2026-09-30,published
pt-10444-001,10,群馬県,10444,川場村,public-toilet,オストメイト対応トイレ・ユニバーサルシート設置状況一覧,https://www.pref.gunma.jp/site/fukushinomachi/3013.html,https://www.pref.gunma.jp/uploaded/attachment/710891.xlsx,xlsx,non-standard,factual-data,群馬県「オストメイト対応トイレ・ユニバーサルシート設置状況一覧」を加工して作成,https://www.pref.gunma.jp/site/fukushinomachi/3013.html,partial,2026-09-04,2026-09-30,published
pt-10448-001,10,群馬県,10448,昭和村,public-toilet,オストメイト対応トイレ・ユニバーサルシート設置状況一覧,https://www.pref.gunma.jp/site/fukushinomachi/3013.html,https://www.pref.gunma.jp/uploaded/attachment/710891.xlsx,xlsx,non-standard,factual-data,群馬県「オストメイト対応トイレ・ユニバーサルシート設置状況一覧」を加工して作成,https://www.pref.gunma.jp/site/fukushinomachi/3013.html,partial,2026-09-04,2026-09-30,published
pt-10449-001,10,群馬県,10449,みなかみ町,public-toilet,オストメイト対応トイレ・ユニバーサルシート設置状況一覧,https://www.pref.gunma.jp/site/fukushinomachi/3013.html,https://www.pref.gunma.jp/uploaded/attachment/710891.xlsx,xlsx,non-standard,factual-data,群馬県「オストメイト対応トイレ・ユニバーサルシート設置状況一覧」を加工して作成,https://www.pref.gunma.jp/site/fukushinomachi/3013.html,partial,2026-09-04,2026-09-30,published
pt-10464-001,10,群馬県,10464,玉村町,public-toilet,オストメイト対応トイレ・ユニバーサルシート設置状況一覧,https://www.pref.gunma.jp/site/fukushinomachi/3013.html,https://www.pref.gunma.jp/uploaded/attachment/710891.xlsx,xlsx,non-standard,factual-data,群馬県「オストメイト対応トイレ・ユニバーサルシート設置状況一覧」を加工して作成,https://www.pref.gunma.jp/site/fukushinomachi/3013.html,partial,2026-09-04,2026-09-30,published
pt-10521-001,10,群馬県,10521,板倉町,public-toilet,オストメイト対応トイレ・ユニバーサルシート設置状況一覧,https://www.pref.gunma.jp/site/fukushinomachi/3013.html,https://www.pref.gunma.jp/uploaded/attachment/710891.xlsx,xlsx,non-standard,factual-data,群馬県「オストメイト対応トイレ・ユニバーサルシート設置状況一覧」を加工して作成,https://www.pref.gunma.jp/site/fukushinomachi/3013.html,partial,2026-09-04,2026-09-30,published
pt-10522-001,10,群馬県,10522,明和町,public-toilet,オストメイト対応トイレ・ユニバーサルシート設置状況一覧,https://www.pref.gunma.jp/site/fukushinomachi/3013.html,https://www.pref.gunma.jp/uploaded/attachment/710891.xlsx,xlsx,non-standard,factual-data,群馬県「オストメイト対応トイレ・ユニバーサルシート設置状況一覧」を加工して作成,https://www.pref.gunma.jp/site/fukushinomachi/3013.html,partial,2026-09-04,2026-09-30,published
pt-10524-001,10,群馬県,10524,大泉町,public-toilet,オストメイト対応トイレ・ユニバーサルシート設置状況一覧,https://www.pref.gunma.jp/site/fukushinomachi/3013.html,https://www.pref.gunma.jp/uploaded/attachment/710891.xlsx,xlsx,non-standard,factual-data,群馬県「オストメイト対応トイレ・ユニバーサルシート設置状況一覧」を加工して作成,https://www.pref.gunma.jp/site/fukushinomachi/3013.html,partial,2026-09-04,2026-09-30,published
pt-10525-001,10,群馬県,10525,邑楽町,public-toilet,オストメイト対応トイレ・ユニバーサルシート設置状況一覧,https://www.pref.gunma.jp/site/fukushinomachi/3013.html,https://www.pref.gunma.jp/uploaded/attachment/710891.xlsx,xlsx,non-standard,factual-data,群馬県「オストメイト対応トイレ・ユニバーサルシート設置状況一覧」を加工して作成,https://www.pref.gunma.jp/site/fukushinomachi/3013.html,partial,2026-09-04,2026-09-30,published
pt-11201-001,11,埼玉県,11201,川越市,public-toilet,【川越市】公衆トイレ一覧,https://opendata.pref.saitama.lg.jp/datasets/14,https://opendata.pref.saitama.lg.jp/resource_download/6477,csv,municipal-standard-ods,PDL1.0,川越市「【川越市】公衆トイレ一覧」を加工して作成,https://www.digital.go.jp/resources/open_data/public_data_license_v1.0,unknown,2025-03-26,2026-09-20,published
pt-11202-001,11,埼玉県,11202,熊谷市,public-toilet,【熊谷市】公衆トイレ一覧,https://opendata.pref.saitama.lg.jp/datasets/608,https://www2.wagmap.jp/kumagaya/OpenData?mids=50&pno=1,csv,unknown,PDL1.0,熊谷市「【熊谷市】公衆トイレ一覧」を加工して作成,https://www.digital.go.jp/resources/open_data/public_data_license_v1.0,unknown,2024-01-04,2026-09-20,published
pt-11203-001,11,埼玉県,11203,川口市,public-toilet,【川口市】公衆トイレ一覧,https://opendata.pref.saitama.lg.jp/datasets/426,https://www.city.kawaguchi.lg.jp/material/files/group/1/112038_public_toilet.csv,csv,unknown,PDL1.0,川口市「【川口市】公衆トイレ一覧」を加工して作成,https://www.digital.go.jp/resources/open_data/public_data_license_v1.0,unknown,2023-12-25,2026-09-20,published
pt-11210-001,11,埼玉県,11210,加須市,public-toilet,【加須市】公衆トイレ一覧,https://opendata.pref.saitama.lg.jp/datasets/2201,https://opendata.pref.saitama.lg.jp/resource_download/6625,csv,unknown,PDL1.0,加須市「【加須市】公衆トイレ一覧」を加工して作成,https://www.digital.go.jp/resources/open_data/public_data_license_v1.0,unknown,2025-04-01,2026-09-20,published
pt-11211-001,11,埼玉県,11211,本庄市,public-toilet,【本庄市】公衆トイレ一覧,https://opendata.pref.saitama.lg.jp/datasets/1480,https://opendata.pref.saitama.lg.jp/resource_download/5373,csv,municipal-standard-ods,PDL1.0,本庄市「【本庄市】公衆トイレ一覧」を加工して作成,https://www.digital.go.jp/resources/open_data/public_data_license_v1.0,unknown,2024-09-13,2026-09-20,published
pt-11214-001,11,埼玉県,11214,春日部市,public-toilet,【春日部市】公衆トイレ一覧,https://opendata.pref.saitama.lg.jp/datasets/3055,https://opendata.pref.saitama.lg.jp/resource_download/8246,csv,municipal-standard-ods,PDL1.0,春日部市「【春日部市】公衆トイレ一覧」を加工して作成,https://www.digital.go.jp/resources/open_data/public_data_license_v1.0,unknown,2026-02-25,2026-09-20,published
pt-11215-001,11,埼玉県,11215,狭山市,public-toilet,【狭山市】公衆トイレ一覧,https://opendata.pref.saitama.lg.jp/datasets/1004,https://opendata.pref.saitama.lg.jp/resource_download/4482,csv,municipal-standard-ods,PDL1.0,狭山市「【狭山市】公衆トイレ一覧」を加工して作成,https://www.digital.go.jp/resources/open_data/public_data_license_v1.0,unknown,2025-03-12,2026-09-20,published
pt-11216-001,11,埼玉県,11216,羽生市,public-toilet,【羽生市】公衆トイレ一覧,https://opendata.pref.saitama.lg.jp/datasets/2778,https://opendata.pref.saitama.lg.jp/resource_download/7776,csv,municipal-standard-ods,PDL1.0,羽生市「【羽生市】公衆トイレ一覧」を加工して作成,https://www.digital.go.jp/resources/open_data/public_data_license_v1.0,unknown,2025-11-28,2026-09-20,published
pt-11217-001,11,埼玉県,11217,鴻巣市,public-toilet,【鴻巣市】公衆トイレ一覧,https://opendata.pref.saitama.lg.jp/datasets/1081,https://opendata.pref.saitama.lg.jp/resource_download/4575,csv,municipal-standard-ods,PDL1.0,鴻巣市「【鴻巣市】公衆トイレ一覧」を加工して作成,https://www.digital.go.jp/resources/open_data/public_data_license_v1.0,unknown,2026-03-25,2026-09-20,published
pt-11219-001,11,埼玉県,11219,上尾市,public-toilet,【上尾市】公衆トイレ一覧,https://opendata.pref.saitama.lg.jp/datasets/153,https://opendata.pref.saitama.lg.jp/resource_download/871,csv,unknown,PDL1.0,上尾市「【上尾市】公衆トイレ一覧」を加工して作成,https://www.digital.go.jp/resources/open_data/public_data_license_v1.0,unknown,2022-11-08,2026-09-20,published
pt-11222-001,11,埼玉県,11222,越谷市,public-toilet,【越谷市】公衆トイレ一覧,https://opendata.pref.saitama.lg.jp/datasets/531,https://opendata.pref.saitama.lg.jp/resource_download/7796,csv,municipal-standard-ods,PDL1.0,越谷市「【越谷市】公衆トイレ一覧」を加工して作成,https://www.digital.go.jp/resources/open_data/public_data_license_v1.0,unknown,2025-12-01,2026-09-20,published
pt-11225-001,11,埼玉県,11225,入間市,public-toilet,【入間市】公衆トイレ一覧,https://opendata.pref.saitama.lg.jp/datasets/3218,https://opendata.pref.saitama.lg.jp/resource_download/8620,csv,municipal-standard-ods,PDL1.0,入間市「【入間市】公衆トイレ一覧」を加工して作成,https://www.digital.go.jp/resources/open_data/public_data_license_v1.0,unknown,2026-03-31,2026-09-20,published
pt-11229-001,11,埼玉県,11229,和光市,public-toilet,【和光市】公衆トイレ一覧,https://opendata.pref.saitama.lg.jp/datasets/885,https://opendata.pref.saitama.lg.jp/resource_download/5194,csv,municipal-standard-ods,PDL1.0,和光市「【和光市】公衆トイレ一覧」を加工して作成,https://www.digital.go.jp/resources/open_data/public_data_license_v1.0,unknown,2026-04-09,2026-09-20,published
pt-11230-001,11,埼玉県,11230,新座市,public-toilet,【新座市】公衆トイレ一覧,https://opendata.pref.saitama.lg.jp/datasets/203,https://opendata.pref.saitama.lg.jp/resource_download/1077,csv,unknown,PDL1.0,新座市「【新座市】公衆トイレ一覧」を加工して作成,https://www.digital.go.jp/resources/open_data/public_data_license_v1.0,unknown,2022-11-07,2026-09-20,published
pt-11239-001,11,埼玉県,11239,坂戸市,public-toilet,【坂戸市】公衆トイレ一覧,https://opendata.pref.saitama.lg.jp/datasets/2530,https://opendata.pref.saitama.lg.jp/resource_download/7306,csv,municipal-standard-ods,PDL1.0,坂戸市「【坂戸市】公衆トイレ一覧」を加工して作成,https://www.digital.go.jp/resources/open_data/public_data_license_v1.0,unknown,2025-09-19,2026-09-20,published
pt-12202-001,12,千葉県,12202,銚子市,public-toilet,公衆トイレ,https://www.city.choshi.chiba.jp/shisei/page020300.html,https://www.city.choshi.chiba.jp/content/000065594.csv,csv,non-standard,CC BY 4.0,銚子市「公衆トイレ」を加工して作成,https://creativecommons.org/licenses/by/4.0/,full,,2026-09-21,published
pt-12203-001,12,千葉県,12203,市川市,public-toilet,多機能トイレ,https://www.city.ichikawa.lg.jp/page/4744.html,https://www.city.ichikawa.lg.jp/uploaded/attachment/53058.csv,csv,municipal-standard-ods,CC BY 4.0,市川市「多機能トイレ」を加工して作成,https://creativecommons.org/licenses/by/4.0/,partial,2026-04-01,2026-09-29,published
pt-12205-001,12,千葉県,12205,館山市,public-toilet,公衆トイレ一覧,https://www.city.tateyama.chiba.jp/jouhou/page111005.html,https://www.city.tateyama.chiba.jp/files/300356841.xlsx,xlsx,non-standard,CC BY 4.0,館山市「公衆トイレ一覧」を加工して作成,https://creativecommons.org/licenses/by/4.0/,full,2023-04,2026-09-21,published
pt-12207-001,12,千葉県,12207,松戸市,public-toilet,江戸川散策トイレ,https://www.city.matsudo.chiba.jp/shisei/keikaku-kousou/opendata/shinai_iryoumap.html,https://www.city.matsudo.chiba.jp/shisei/keikaku-kousou/opendata/shinai_iryoumap.files/edogawasansakutoire.csv,csv,non-standard,CC BY 4.0,松戸市「江戸川散策トイレ」を加工して作成,https://creativecommons.org/licenses/by/4.0/,partial,2026-02-27,2026-09-29,published
pt-12211-001,12,千葉県,12211,成田市,public-toilet,公衆トイレ,https://www.city.narita.chiba.jp/shisei/page0601_00045.html,https://www.city.narita.chiba.jp/content/000142661.csv,csv,non-standard,CC BY 4.0,成田市「公衆トイレ」を加工して作成,https://creativecommons.org/licenses/by/4.0/,full,,2026-09-21,published
pt-12220-001,12,千葉県,12220,流山市,public-toilet,公衆トイレ一覧,https://opendata.pref.chiba.lg.jp/datasets/3469,https://opendata.pref.chiba.lg.jp/resource_bundle_download/3469,csv,non-standard,CC BY 4.0,流山市「公衆トイレ一覧」を加工して作成,https://creativecommons.org/licenses/by/4.0/,full,,2026-09-29,published
pt-12221-003,12,千葉県,12221,八千代市,public-toilet,公衆トイレ一覧【駅前】,https://www.city.yachiyo.lg.jp/soshiki/7/2030.html,https://www.city.yachiyo.lg.jp/uploaded/attachment/8518.xlsx,xlsx,non-standard,CC BY 4.0,八千代市「公衆トイレ一覧【駅前】」を加工して作成,https://creativecommons.org/licenses/by/4.0/,partial,,2026-09-21,published
pt-12221-002,12,千葉県,12221,八千代市,public-toilet,公衆トイレ一覧【観光施設】,https://www.city.yachiyo.lg.jp/soshiki/7/2030.html,https://www.city.yachiyo.lg.jp/uploaded/attachment/8519.xlsx,xlsx,non-standard,CC BY 4.0,八千代市「公衆トイレ一覧【観光施設】」を加工して作成,https://creativecommons.org/licenses/by/4.0/,partial,,2026-09-21,published
pt-12221-001,12,千葉県,12221,八千代市,public-toilet,公衆トイレ一覧【公園等】,https://www.city.yachiyo.lg.jp/soshiki/7/2030.html,https://www.city.yachiyo.lg.jp/uploaded/attachment/47609.xlsx,xlsx,non-standard,CC BY 4.0,八千代市「公衆トイレ一覧【公園等】」を加工して作成,https://creativecommons.org/licenses/by/4.0/,partial,,2026-09-21,published
pt-12227-001,12,千葉県,12227,浦安市,public-toilet,浦安市公衆トイレ一覧,https://data.bodik.jp/dataset/122271_toilet,https://data.bodik.jp/dataset/f9efc46d-e216-470e-9c38-08dfb18e8ee3/resource/db68be41-9990-4107-b253-80bf5ac59626/download/urayasu_kousyutoire_20230331_v01.xlsx,xlsx,municipal-standard-ods,CC BY 4.0,浦安市「浦安市公衆トイレ一覧」を加工して作成,https://creativecommons.org/licenses/by/4.0/,unknown,2025-10-31,2026-09-20,published
pt-12235-001,12,千葉県,12235,匝瑳市,public-toilet,公衆トイレ一覧,https://opendata.pref.chiba.lg.jp/datasets/3898,https://opendata.pref.chiba.lg.jp/resource_bundle_download/3898,csv,municipal-standard-ods,CC BY 4.0,匝瑳市「公衆トイレ一覧」を加工して作成,https://creativecommons.org/licenses/by/4.0/,full,2024-06-14,2026-09-29,published
pt-12239-001,12,千葉県,12239,大網白里市,public-toilet,公衆トイレ一覧,https://www.city.oamishirasato.lg.jp/0000011179.html,https://www.city.oamishirasato.lg.jp/cmsfiles/contents/0000011/11179/122394_public_toilet.csv,csv,municipal-standard-ods,CC BY 4.0,大網白里市「公衆トイレ一覧」を加工して作成,https://creativecommons.org/licenses/by/4.0/,unknown,2025-02-01,2026-09-21,published
pt-12329-001,12,千葉県,12329,栄町,public-toilet,公衆トイレ一覧,https://opendata.pref.chiba.lg.jp/datasets/4046,https://opendata.pref.chiba.lg.jp/resource_bundle_download/4046,csv,non-standard,CC BY 4.0,栄町「公衆トイレ一覧」を加工して作成,https://creativecommons.org/licenses/by/4.0/,full,,2026-09-29,published
pt-12347-001,12,千葉県,12347,多古町,public-toilet,公衆トイレ,https://www.town.tako.chiba.jp/docs/2021032900029/,https://www.town.tako.chiba.jp/docs/2021032900029/file_contents/6koushuutoire.csv,csv,non-standard,CC BY 4.0,多古町「公衆トイレ」を加工して作成,https://creativecommons.org/licenses/by/4.0/,full,,2026-09-21,published
pt-13101-001,13,東京都,13101,千代田区,public-toilet,公衆トイレ一覧,https://catalog.data.metro.tokyo.lg.jp/dataset/t131016d0000000005,https://www.opendata.metro.tokyo.lg.jp/chiyoda/131016_13public_toilet.csv,csv,municipal-standard-ods,CC BY,千代田区「公衆トイレ一覧」を加工して作成,https://catalog.data.metro.tokyo.lg.jp/dataset/t131016d0000000005,unknown,2024-12-13,2026-09-19,published
pt-13102-001,13,東京都,13102,中央区,public-toilet,公衆トイレ一覧,https://catalog.data.metro.tokyo.lg.jp/dataset/t131024d0000000036,https://www.city.chuo.lg.jp/documents/984/kousyuutoilet.csv,csv,municipal-standard-ods,CC BY,中央区「公衆トイレ一覧」を加工して作成,https://catalog.data.metro.tokyo.lg.jp/dataset/t131024d0000000036,unknown,2024-03-06,2026-09-19,published
pt-13103-001,13,東京都,13103,港区,public-toilet,公衆便所一覧,https://catalog.data.metro.tokyo.lg.jp/dataset/t131032d0000000014,https://opendata.city.minato.tokyo.jp/dataset/40418c19-d531-4c1e-bebd-46784f9092dc/resource/4f28d3e5-c8a5-4b41-9a42-f32c9330d585/download/koshubenjoichiran.json,geojson,non-standard,CC BY 4.0,港区「公衆便所一覧」を加工して作成,https://creativecommons.org/licenses/by/4.0/,unknown,2025-07-03,2026-09-21,published
pt-13104-001,13,東京都,13104,新宿区,public-toilet,公衆トイレ一覧（自治体標準データセット）,https://catalog.data.metro.tokyo.lg.jp/dataset/t131041d0000000123,https://www.city.shinjuku.lg.jp/content/000399974.csv,csv,municipal-standard-ods,CC BY,新宿区「公衆トイレ一覧（自治体標準データセット）」を加工して作成,https://catalog.data.metro.tokyo.lg.jp/dataset/t131041d0000000123,unknown,2023-05-01,2026-09-19,published
pt-13105-001,13,東京都,13105,文京区,public-toilet,区内公衆便所,https://www.city.bunkyo.lg.jp/b004/p006286.html,https://www.city.bunkyo.lg.jp/documents/6059/kunaikosyubenjyo.csv,csv,non-standard,CC BY 4.0,文京区「区内公衆便所」を加工して作成,https://creativecommons.org/licenses/by/4.0/,unknown,,2026-09-23,published
pt-13106-001,13,東京都,13106,台東区,public-toilet,トイレ情報,https://catalog.data.metro.tokyo.lg.jp/dataset/t131067d0000000249,https://www.city.taito.lg.jp/kusei/online/opendata/seikatu/shisethutizujouhou.files/20250314_koshu_koen_toilet.csv,csv,municipal-standard-ods,CC BY 4.0,台東区「トイレ情報」を加工して作成,https://creativecommons.org/licenses/by/4.0/,unknown,2025-12-12,2026-09-20,published
pt-13107-001,13,東京都,13107,墨田区,public-toilet,公衆トイレ一覧,https://catalog.data.metro.tokyo.lg.jp/dataset/t131075d0000000137,https://www.opendata.metro.tokyo.lg.jp/sumida/131075_public_toilet.csv,csv,municipal-standard-ods,CC BY,墨田区「公衆トイレ一覧」を加工して作成,https://catalog.data.metro.tokyo.lg.jp/dataset/t131075d0000000137,unknown,2025-03-31,2026-09-19,published
pt-13108-001,13,東京都,13108,江東区,public-toilet,公衆トイレ一覧,https://catalog.data.metro.tokyo.lg.jp/dataset/t131083d0000000019,https://www.opendata.metro.tokyo.lg.jp/koto/131083_013_public_toilet.csv,csv,municipal-standard-ods,CC BY 4.0,江東区「公衆トイレ一覧」を加工して作成,https://creativecommons.org/licenses/by/4.0/,unknown,2026-02-06,2026-09-20,published
pt-13109-001,13,東京都,13109,品川区,public-toilet,トイレ情報,https://catalog.data.metro.tokyo.lg.jp/dataset/t131091d0000000009,http://www.city.shinagawa.tokyo.jp/ct/other000081600/toilet.csv,csv,non-standard,CC BY 4.0,品川区「トイレ情報」を加工して作成,https://creativecommons.org/licenses/by/4.0/,unknown,2025-12-12,2026-09-20,published
pt-13110-001,13,東京都,13110,目黒区,public-toilet,公衆トイレ,https://data.bodik.jp/dataset/131105_public_toilet,https://data.bodik.jp/dataset/73861054-d37f-4d84-a7ac-7d1010aae790/resource/79060cab-e0e4-468b-bac6-b82d4610df47/download/131105_public_toilet_20210401.csv,csv,unknown,CC BY 4.0,目黒区「公衆トイレ」を加工して作成,https://creativecommons.org/licenses/by/4.0/,unknown,2026-09-14,2026-09-20,published
pt-13112-001,13,東京都,13112,世田谷区,public-toilet,トイレ一覧,https://catalog.data.metro.tokyo.lg.jp/dataset/t131121d0000000007,https://www.city.setagaya.lg.jp/documents/4424/toilet2024.xlsx,xlsx,unknown,CC BY,世田谷区「トイレ一覧」を加工して作成,https://catalog.data.metro.tokyo.lg.jp/dataset/t131121d0000000007,unknown,,2026-09-21,maintenance
pt-13113-001,13,東京都,13113,渋谷区,public-toilet,公衆トイレ一覧,https://city-shibuya-data.opendata.arcgis.com/datasets/648215e717374187a1c6d9ce3a7d7a10_0/explore,https://city-shibuya-data.opendata.arcgis.com/datasets/648215e717374187a1c6d9ce3a7d7a10_0/explore,csv,unknown,CC BY 4.0,渋谷区「公衆トイレ一覧」を加工して作成,https://creativecommons.org/licenses/by/4.0/,unknown,2026-03-24,2026-09-21,published
pt-13114-001,13,東京都,13114,中野区,public-toilet,公衆トイレ一覧,https://catalog.data.metro.tokyo.lg.jp/dataset/t131148d0000000150,https://www2.wagmap.jp/nakanodatamap/nakanodatamap/opendatafile/map_50/CSV/opendata_550070.csv,csv,non-standard,CC BY 4.0,中野区「公衆トイレ一覧」を加工して作成,https://creativecommons.org/licenses/by/4.0/,unknown,2025-12-12,2026-09-20,published
pt-13115-001,13,東京都,13115,杉並区,public-toilet,公衆トイレ一覧＿令和7年3月時点,https://catalog.data.metro.tokyo.lg.jp/dataset/t131156d0000000206,https://www.city.suginami.tokyo.jp/documents/1609/131156_public_toilet.csv,csv,municipal-standard-ods,CC BY,杉並区「公衆トイレ一覧＿令和7年3月時点」を加工して作成,https://catalog.data.metro.tokyo.lg.jp/dataset/t131156d0000000206,unknown,2025-09-03,2026-09-19,published
pt-13116-001,13,東京都,13116,豊島区,public-toilet,公衆トイレ一覧,https://catalog.data.metro.tokyo.lg.jp/dataset/t131164d0000000009,https://www.opendata.metro.tokyo.lg.jp/toyoshima/R4_public_toilet.csv,csv,unknown,CC BY 4.0,豊島区「公衆トイレ一覧」を加工して作成,https://creativecommons.org/licenses/by/4.0/,unknown,2025-12-12,2026-09-20,published
pt-13117-001,13,東京都,13117,北区,public-toilet,公衆トイレ一覧,https://www.city.kita.lg.jp/city-information/disclosure/1014461.html,https://www.city.kita.lg.jp/_res/projects/default_project/_page_/001/014/461/hyo-jun.zip,zip,municipal-standard-ods,CC BY 4.0,北区「公衆トイレ一覧」を加工して作成,https://creativecommons.org/licenses/by/4.0/,unknown,,2026-09-21,published
pt-13118-001,13,東京都,13118,荒川区,public-toilet,公衆トイレ一覧,https://catalog.data.metro.tokyo.lg.jp/dataset/t131181d0000000012,https://www.city.arakawa.tokyo.jp/documents/23112/131181_public_toilet.csv,csv,municipal-standard-ods,CC BY,荒川区「公衆トイレ一覧」を加工して作成,https://catalog.data.metro.tokyo.lg.jp/dataset/t131181d0000000012,unknown,2025-03-25,2026-09-19,published
pt-13119-001,13,東京都,13119,板橋区,public-toilet,公衆トイレ一覧,https://catalog.data.metro.tokyo.lg.jp/dataset/t131199d0000000005,https://www.opendata.metro.tokyo.lg.jp/itabashi/131199_public_toilet.csv,csv,municipal-standard-ods,CC BY,板橋区「公衆トイレ一覧」を加工して作成,https://catalog.data.metro.tokyo.lg.jp/dataset/t131199d0000000005,unknown,2025-03-01,2026-09-19,published
pt-13120-001,13,東京都,13120,練馬区,public-toilet,公園トイレ一覧,https://catalog.data.metro.tokyo.lg.jp/dataset/t131202d0000000132,https://www.city.nerima.tokyo.jp/kusei/tokei/opendata/opendatasite/matidukuri/public_toilet.files/131202_public_toilet.csv,csv,municipal-standard-ods,CC BY 4.0,練馬区「公園トイレ一覧」を加工して作成,https://creativecommons.org/licenses/by/4.0/,unknown,2026-08-31,2026-09-20,published
pt-13122-001,13,東京都,13122,葛飾区,public-toilet,公衆トイレ一覧,https://catalog.data.metro.tokyo.lg.jp/dataset/t131229d0000000009,https://www.opendata.metro.tokyo.lg.jp/katsushika/131229_public_toilet.csv,csv,municipal-standard-ods,CC BY,葛飾区「公衆トイレ一覧」を加工して作成,https://catalog.data.metro.tokyo.lg.jp/dataset/t131229d0000000009,unknown,2025-04-01,2026-09-19,published
pt-13123-001,13,東京都,13123,江戸川区,public-toilet,公衆トイレ一覧,https://catalog.data.metro.tokyo.lg.jp/dataset/t131237d0000000257,https://www.opendata.metro.tokyo.lg.jp/edogawa/131237_public_toilet.csv,csv,municipal-standard-ods,CC BY,江戸川区「公衆トイレ一覧」を加工して作成,https://catalog.data.metro.tokyo.lg.jp/dataset/t131237d0000000257,unknown,2025-03-03,2026-09-19,published
pt-13201-001,13,東京都,13201,八王子市,public-toilet,公共トイレ一覧,https://catalog.data.metro.tokyo.lg.jp/dataset/t132012d0000000098,https://www.city.hachioji.tokyo.jp/shisei/001/006/001/002/p037425_d/fil/132012_public_toilet.xlsx,xlsx,municipal-standard-ods,CC BY 4.0,八王子市「公共トイレ一覧」を加工して作成,https://creativecommons.org/licenses/by/4.0/,unknown,2026-07-02,2026-09-20,published
pt-13203-001,13,東京都,13203,武蔵野市,public-toilet,武蔵野市公衆トイレ一覧,https://catalog.data.metro.tokyo.lg.jp/dataset/t132039d0000000005,https://www.opendata.metro.tokyo.lg.jp/musashino/132039_public_toilet.csv,csv,municipal-standard-ods,CC BY,武蔵野市「武蔵野市公衆トイレ一覧」を加工して作成,https://catalog.data.metro.tokyo.lg.jp/dataset/t132039d0000000005,unknown,2023-03-20,2026-09-19,published
pt-13205-001,13,東京都,13205,青梅市,public-toilet,公衆トイレ一覧,https://catalog.data.metro.tokyo.lg.jp/dataset/t132055d0000000031,https://www.opendata.metro.tokyo.lg.jp/ome/ods/132055_public_toilet.xlsx,xlsx,municipal-standard-ods,CC BY,青梅市「公衆トイレ一覧」を加工して作成,https://catalog.data.metro.tokyo.lg.jp/dataset/t132055d0000000031,unknown,2025-03-25,2026-09-19,published
pt-13206-001,13,東京都,13206,府中市,public-toilet,公衆トイレ一覧,https://catalog.data.metro.tokyo.lg.jp/dataset/t132063d0000000016,https://www.city.fuchu.tokyo.jp/gyosei/opendata/index.files/132063_public_toilet.csv,csv,municipal-standard-ods,CC BY,府中市「公衆トイレ一覧」を加工して作成,https://catalog.data.metro.tokyo.lg.jp/dataset/t132063d0000000016,unknown,2025-03-19,2026-09-19,maintenance
pt-13208-001,13,東京都,13208,調布市,public-toilet,13.公衆トイレ一覧,https://catalog.data.metro.tokyo.lg.jp/dataset/t132080d3100001967,https://www.city.chofu.lg.jp/documents/13850/132080_public_toilet.csv,csv,municipal-standard-ods,CC BY 4.0,調布市「13.公衆トイレ一覧」を加工して作成,https://creativecommons.org/licenses/by/4.0/,unknown,2026-05-13,2026-09-20,published
pt-13209-001,13,東京都,13209,町田市,public-toilet,公共トイレマップ,http://opendata.city.machida.tokyo.jp/dataset/chizujoho_koukyoutoire,https://www.city.machida.tokyo.jp/shisei/opendata/chizujoho/koukyoutoire.files/132098_public_toilet.csv,csv,non-standard,CC BY,町田市「公共トイレマップ」を加工して作成,http://opendata.city.machida.tokyo.jp/dataset/chizujoho_koukyoutoire,unknown,2026-05-01,2026-09-20,published
pt-13210-001,13,東京都,13210,小金井市,public-toilet,公衆トイレ一覧,https://catalog.data.metro.tokyo.lg.jp/dataset/t132101d0000000030,https://www.opendata.metro.tokyo.lg.jp/koganei/13_publictoilet.csv,csv,municipal-standard-ods,CC BY,小金井市「公衆トイレ一覧」を加工して作成,https://catalog.data.metro.tokyo.lg.jp/dataset/t132101d0000000030,unknown,,2026-09-19,published
pt-13211-001,13,東京都,13211,小平市,public-toilet,公衆トイレ一覧,https://catalog.data.metro.tokyo.lg.jp/dataset/t132110d0000000006,https://www.opendata.metro.tokyo.lg.jp/kodaira/132110_public_toilet.csv,csv,municipal-standard-ods,CC BY,小平市「公衆トイレ一覧」を加工して作成,https://catalog.data.metro.tokyo.lg.jp/dataset/t132110d0000000006,unknown,2025-03-14,2026-09-19,published
pt-13212-001,13,東京都,13212,日野市,public-toilet,公衆トイレ一覧,https://catalog.data.metro.tokyo.lg.jp/dataset/t132128d3000000011,https://www.city.hino.lg.jp/_res/projects/default_project/_page_/001/026/908/132128_public_toilet.csv,csv,municipal-standard-ods,CC BY 4.0,日野市「公衆トイレ一覧」を加工して作成,https://creativecommons.org/licenses/by/4.0/,unknown,2025-12-12,2026-09-20,published
pt-13213-001,13,東京都,13213,東村山市,public-toilet,東村山市公衆トイレ一覧,https://catalog.data.metro.tokyo.lg.jp/dataset/t132136d3100000016,https://www.opendata.metro.tokyo.lg.jp/higashimurayama/20240619_public_toilet,csv,unknown,CC BY,東村山市「東村山市公衆トイレ一覧」を加工して作成,https://catalog.data.metro.tokyo.lg.jp/dataset/t132136d3100000016,unknown,,2026-09-21,maintenance
pt-13214-001,13,東京都,13214,国分寺市,public-toilet,公衆トイレ一覧,https://catalog.data.metro.tokyo.lg.jp/dataset/t132144d3100000010,https://www.opendata.metro.tokyo.lg.jp/kokubunji/132144_public_toilet.csv,csv,municipal-standard-ods,CC BY,国分寺市「公衆トイレ一覧」を加工して作成,https://catalog.data.metro.tokyo.lg.jp/dataset/t132144d3100000010,unknown,2024-03-29,2026-09-19,published
pt-13215-001,13,東京都,13215,国立市,public-toilet,公衆トイレ一覧,https://catalog.data.metro.tokyo.lg.jp/dataset/t132152d0000000015,https://www.opendata.metro.tokyo.lg.jp/kunitachi/132152_public_toilet.csv,csv,municipal-standard-ods,CC BY 4.0,国立市「公衆トイレ一覧」を加工して作成,https://creativecommons.org/licenses/by/4.0/,unknown,2025-12-12,2026-09-20,published
pt-13218-001,13,東京都,13218,福生市,public-toilet,公衆トイレ一覧,https://www.city.fussa.tokyo.jp/municipal/outline/opendata/1019098.html,,csv,municipal-standard-ods,CC BY 4.0,福生市「公衆トイレ一覧」を加工して作成,https://creativecommons.org/licenses/by/4.0/,unknown,,2026-09-21,published
pt-13219-001,13,東京都,13219,狛江市,public-toilet,公衆トイレ一覧,https://catalog.data.metro.tokyo.lg.jp/dataset/t132195d0000000388,https://www.opendata.metro.tokyo.lg.jp/komae/132195_public_toilet.csv,csv,municipal-standard-ods,CC BY,狛江市「公衆トイレ一覧」を加工して作成,https://catalog.data.metro.tokyo.lg.jp/dataset/t132195d0000000388,unknown,2025-08-14,2026-09-19,published
pt-13220-001,13,東京都,13220,東大和市,public-toilet,公衆トイレ一覧,https://catalog.data.metro.tokyo.lg.jp/dataset/t132209d0000000009,https://www.opendata.metro.tokyo.lg.jp/higashiyamato/ods/132209_public_toilet.csv,csv,municipal-standard-ods,CC BY,東大和市「公衆トイレ一覧」を加工して作成,https://catalog.data.metro.tokyo.lg.jp/dataset/t132209d0000000009,unknown,2025-03-01,2026-09-19,published
pt-13221-001,13,東京都,13221,清瀬市,public-toilet,公衆トイレ一覧,https://www.city.kiyose.lg.jp/opendata/opendata/opendataichiran/1001604.html,https://www.city.kiyose.lg.jp/_res/projects/default_project/_page_/001/001/604/132217_kiyoseshi_toilet1.csv,csv,unknown,CC BY 4.0,清瀬市「公衆トイレ一覧」を加工して作成,https://creativecommons.org/licenses/by/4.0/,unknown,,2026-09-20,published
pt-13222-001,13,東京都,13222,東久留米市,public-toilet,公衆トイレ一覧,https://catalog.data.metro.tokyo.lg.jp/dataset/t132225d0000000005,https://www.opendata.metro.tokyo.lg.jp/higashikurume/132225_public_toilet.csv,csv,municipal-standard-ods,CC BY,東久留米市「公衆トイレ一覧」を加工して作成,https://catalog.data.metro.tokyo.lg.jp/dataset/t132225d0000000005,unknown,2025-03-25,2026-09-19,published
pt-13224-001,13,東京都,13224,多摩市,public-toilet,市公共施設トイレ一覧,https://catalog.data.metro.tokyo.lg.jp/dataset/t132241d0000000048,https://www.city.tama.lg.jp/_res/projects/default_project/_page_/001/006/788/132241_public_toilet.csv,csv,unknown,CC BY 4.0,多摩市「市公共施設トイレ一覧」を加工して作成,https://creativecommons.org/licenses/by/4.0/,unknown,2025-12-12,2026-09-20,published
pt-13225-001,13,東京都,13225,稲城市,public-toilet,公衆トイレ一覧,https://www.city.inagi.tokyo.jp/shisei/toukei/1009442/1013792.html,https://www.city.inagi.tokyo.jp/_res/projects/default_project/_page_/001/013/792/008_hyojun.xlsx,xlsx,municipal-standard-ods,CC BY 4.0,稲城市「公衆トイレ一覧」を加工して作成,https://creativecommons.org/licenses/by/4.0/,unknown,2024-04-01,2026-09-21,published
pt-13228-001,13,東京都,13228,あきる野市,public-toilet,観光トイレ一覧,https://catalog.data.metro.tokyo.lg.jp/dataset/t132284d3100000012,https://www.city.akiruno.tokyo.jp/cmsfiles/contents/0000015/15465/132284_tourist-toilets_2022.csv,csv,non-standard,CC BY 4.0,あきる野市「観光トイレ一覧」を加工して作成,https://creativecommons.org/licenses/by/4.0/,unknown,2025-12-12,2026-09-20,published
pt-13229-001,13,東京都,13229,西東京市,public-toilet,公衆トイレ一覧,https://catalog.data.metro.tokyo.lg.jp/dataset/t132292d3000000007,https://www.opendata.metro.tokyo.lg.jp/nishitokyo/132292_public_toilet.xlsx,xlsx,municipal-standard-ods,CC BY 4.0,西東京市「公衆トイレ一覧」を加工して作成,https://creativecommons.org/licenses/by/4.0/,unknown,2025-12-12,2026-09-20,published
pt-13308-001,13,東京都,13308,奥多摩町,public-toilet,公衆（観光）トイレ一覧,https://www.town.okutama.tokyo.jp/1/somuka/johokanri/1/2396.html,,csv,municipal-standard-ods,CC BY 4.0,奥多摩町「公衆（観光）トイレ一覧」を加工して作成,https://creativecommons.org/licenses/by/4.0/,unknown,,2026-09-21,published
pt-14100-001,14,神奈川県,14100,横浜市,public-toilet,公衆トイレ,https://www.city.yokohama.lg.jp/kurashi/sumai-kurashi/gomi-recycle/shinyo/toilet.html,https://www.city.yokohama.lg.jp/kurashi/sumai-kurashi/gomi-recycle/shinyo/toilet.files/0022_20260605.csv,csv,municipal-standard-ods,CC BY 4.0,横浜市「公衆トイレ」を加工して作成,https://creativecommons.org/licenses/by/4.0/,full,,2026-09-19,published
pt-14201-001,14,神奈川県,14201,横須賀市,public-toilet,よこすかわが街ガイド　公衆トイレ,https://www2.wagmap.jp/yokosuka/OpenDataDetail?lid=14&mids=1,https://www2.wagmap.jp/yokosuka/yokosuka/opendatafile/map_1/CSV/opendata_14.csv,CSV,non-standard,CC BY 4.0,横須賀市「よこすかわが街ガイド　公衆トイレ」を加工して作成,https://creativecommons.org/licenses/by/4.0/,unknown,,2026-09-22,published
pt-14201-002,14,神奈川県,14201,横須賀市,public-toilet,よこすかわが街ガイド　公衆トイレ（だれでもトイレ）,https://www2.wagmap.jp/yokosuka/OpenDataDetail?lid=15&mids=1,https://www2.wagmap.jp/yokosuka/yokosuka/opendatafile/map_1/CSV/opendata_15.csv,CSV,non-standard,CC BY 4.0,横須賀市「よこすかわが街ガイド　公衆トイレ（だれでもトイレ）」を加工して作成,https://creativecommons.org/licenses/by/4.0/,unknown,,2026-09-22,published
pt-14204-001,14,神奈川県,14204,鎌倉市,public-toilet,公衆トイレ一覧,https://www.city.kamakura.kanagawa.jp/kankou/toilet.html,https://www.city.kamakura.kanagawa.jp/kankou/documents/toiletr80909.xlsx,xlsx,non-standard,CC BY 4.0,鎌倉市「公衆トイレ一覧」を加工して作成,https://creativecommons.org/licenses/by/4.0/,partial,2026-09,2026-09-21,published
pt-14204-002,14,神奈川県,14204,鎌倉市,public-toilet,都市公園内トイレの便器構成,https://www.city.kamakura.kanagawa.jp/kankou/toilet.html,https://www.city.kamakura.kanagawa.jp/kankou/documents/koen-toireichiran.xls,xls,non-standard,CC BY 4.0,鎌倉市「都市公園内トイレの便器構成」を加工して作成,https://creativecommons.org/licenses/by/4.0/,partial,2017-04,2026-09-21,published
pt-14207-001,14,神奈川県,14207,茅ヶ崎市,public-toilet,公衆トイレ,https://www.city.chigasaki.kanagawa.jp/jyohosuishin/1045355/1045162.html,https://www.city.chigasaki.kanagawa.jp/_res/projects/default_project/_page_/001/045/162/142077_R5public_toilet.csv,csv,municipal-standard-ods,CC BY 4.0,茅ヶ崎市「公衆トイレ」を加工して作成,https://creativecommons.org/licenses/by/4.0/,full,,2026-09-29,published
pt-14208-001,14,神奈川県,14208,逗子市,public-toilet,観光・海浜公衆トイレ情報,https://www.city.zushi.kanagawa.jp/shisei/johokokai/1006645/1006646.html,https://www.city.zushi.kanagawa.jp/_res/projects/default_project/_page_/001/006/646/1-20220624200911.csv,csv,non-standard,CC BY 4.0,逗子市「観光・海浜公衆トイレ情報」を加工して作成,https://creativecommons.org/licenses/by/4.0/,partial,2017-11-01,2026-09-29,published
pt-14211-001,14,神奈川県,14211,秦野市,public-toilet,公衆トイレ,https://www.city.hadano.kanagawa.jp/soshiki/1/1005/1/1745.html,https://www.city.hadano.kanagawa.jp/material/files/group/6/142115_public_toilet.csv,csv,municipal-standard-ods,CC BY 4.0,秦野市「公衆トイレ」を加工して作成,https://creativecommons.org/licenses/by/4.0/,full,,2026-09-29,published
pt-14212-001,14,神奈川県,14212,厚木市,public-toilet,観光便所一覧表,https://www.city.atsugi.kanagawa.jp/soshiki/shogyonigiwaika/3/3098.html,https://www.city.atsugi.kanagawa.jp/material/files/group/45/kankoubenjolist.xlsx,xlsx,non-standard,CC BY 4.0,厚木市「観光便所一覧表」を加工して作成,https://creativecommons.org/licenses/by/4.0/,partial,2025-04-11,2026-09-24,published
pt-14301-001,14,神奈川県,14301,葉山町,public-toilet,町内公衆トイレ情報,https://www.town.hayama.lg.jp/soshiki/seisaku/9/850.html,https://www.town.hayama.lg.jp/material/files/group/2/koushutoire_r7.xls,xls,non-standard,CC BY 4.0,葉山町「町内公衆トイレ情報」を加工して作成,https://creativecommons.org/licenses/by/4.0/,full,2025-12-23,2026-09-29,published
pt-14362-001,14,神奈川県,14362,大井町,public-toilet,公衆トイレ,https://www.town.oi.kanagawa.jp/soshiki/17/open-data.html,https://www.town.oi.kanagawa.jp/uploaded/attachment/6587.csv,csv,municipal-standard-ods,CC BY 4.0,大井町「公衆トイレ」を加工して作成,https://creativecommons.org/licenses/by/4.0/,full,,2026-09-29,published
pt-14383-001,14,神奈川県,14383,真鶴町,public-toilet,トイレ一覧,https://data.bodik.jp/dataset/toireitiranhyou01,https://data.bodik.jp/dataset/5475018a-69cc-41cc-a01d-5cd4e9d54fe2/resource/fc05de6a-fad3-4ed7-9b02-e9d93cdf8c79/download/.csv,csv,non-standard,CC BY 4.0,真鶴町「トイレ一覧」を加工して作成,https://creativecommons.org/licenses/by/4.0/,unknown,2025-06-02,2026-09-20,published
pt-15204-001,15,新潟県,15204,三条市,public-toilet,公衆トイレ一覧,https://www.city.sanjo.niigata.jp/soshiki/somubu/dxsuishinka/service/4773.html,https://www.city.sanjo.niigata.jp/material/files/group/3/000114892.csv,csv,non-standard,CC BY 2.1 Japan,三条市「公衆トイレ一覧」を加工して作成,https://creativecommons.org/licenses/by/2.1/jp/,unknown,,2026-09-20,published
pt-15212-001,15,新潟県,15212,村上市,public-toilet,公衆トイレ一覧,https://www.city.murakami.lg.jp/soshiki/136/open-kosyutoire.html,https://www.city.murakami.lg.jp/uploaded/attachment/64313.csv,csv,municipal-standard-ods,CC BY 4.0,村上市「公衆トイレ一覧」を加工して作成,https://creativecommons.org/licenses/by/4.0/,unknown,2024-06-01,2026-09-20,published
pt-15218-001,15,新潟県,15218,五泉市,public-toilet,公衆トイレ一覧,https://www.city.gosen.lg.jp/organization/3/opendata/6407.html,https://www.city.gosen.lg.jp/material/files/group/1/152188_public_toilet20260401.csv,csv,municipal-standard-ods,CC BY 4.0,五泉市「公衆トイレ一覧」を加工して作成,https://creativecommons.org/licenses/by/4.0/,unknown,2026-04-01,2026-09-20,published
pt-15225-001,15,新潟県,15225,魚沼市,public-toilet,公衆トイレ,https://www.city.uonuma.lg.jp/page/1341.html,https://linkdata.org/download/rdf1s8487i/link/public_toilet_.xls,xls,non-standard,CC BY 3.0,魚沼市「公衆トイレ」を加工して作成,https://creativecommons.org/licenses/by/3.0/,unknown,,2026-09-30,published
pt-16204-001,16,富山県,16204,魚津市,public-toilet,公衆トイレ一覧,https://www.city.uozu.toyama.jp/guide/svGuideDtl.aspx?servno=14628,https://www.city.uozu.toyama.jp/attach/EDIT/064/064927.csv,csv,municipal-standard-ods,PDL1.0,魚津市「公衆トイレ」を加工して作成,https://www.city.uozu.toyama.jp/guide/svGuideDtl.aspx?servno=13031,unknown,,2026-09-20,published
pt-16206-001,16,富山県,16206,滑川市,public-toilet,公衆トイレ一覧,https://www.city.namerikawa.toyama.jp/soshiki/dx/opendata/6631.html,https://www.city.namerikawa.toyama.jp/material/files/group/4/08_162060_public_toilet.csv,csv,municipal-standard-ods,CC BY 4.0,滑川市「公衆トイレ一覧」を加工して作成,https://creativecommons.org/licenses/by/4.0/,unknown,,2026-09-20,published
pt-16209-001,16,富山県,16209,小矢部市,public-toilet,公衆トイレ一覧,https://www.city.oyabe.toyama.jp/shiseijyouhou/1001969/1003260.html,https://www.city.oyabe.toyama.jp/_res/projects/default_project/_page_/001/003/260/oyabe_publictoilet_list.csv,csv,municipal-standard-ods,CC BY 4.0,小矢部市「公衆トイレ一覧」を加工して作成,https://creativecommons.org/licenses/by/4.0/,unknown,,2026-09-20,published
pt-17201-001,17,石川県,17201,金沢市,public-toilet,金沢市 公衆トイレ一覧,https://catalog-data.city.kanazawa.ishikawa.jp/pl/dataset/172014-public_toilet,https://catalog-data.city.kanazawa.ishikawa.jp/datastore/dump/8be83461-f170-402c-bde6-b4c205302472?format=csv,csv,municipal-standard-ods,CC BY,金沢市「金沢市 公衆トイレ一覧」を加工して作成,https://catalog-data.city.kanazawa.ishikawa.jp/pl/dataset/172014-public_toilet,unknown,,2026-09-20,published
pt-17202-001,17,石川県,17202,七尾市,public-toilet,七尾市 公衆トイレ一覧,https://ckan.opendata.pref.ishikawa.lg.jp/dataset/172022_toilet,https://ckan.opendata.pref.ishikawa.lg.jp/dataset/f3fc74d4-101a-4930-90e4-b45c0cda1c6c/resource/143b6f1c-45bb-4349-b14f-f125ddd50113/download/08_koshutoire_2.csv,csv,municipal-standard-ods,Creative Commons Attribution,七尾市「七尾市 公衆トイレ一覧」を加工して作成,https://ckan.opendata.pref.ishikawa.lg.jp/dataset/172022_toilet,unknown,,2026-09-28,published
pt-17203-001,17,石川県,17203,小松市,public-toilet,小松市 公衆トイレ一覧,https://ckan.opendata.pref.ishikawa.lg.jp/dataset/172031_toilet,https://ckan.opendata.pref.ishikawa.lg.jp/dataset/864688b2-3dc1-4ebb-84a0-0eab43b20f39/resource/a07d7287-6031-45db-b2cc-6ab446e31383/download/13_172031_public_toilet.csv,csv,municipal-standard-ods,Creative Commons Attribution,小松市「小松市 公衆トイレ一覧」を加工して作成,https://ckan.opendata.pref.ishikawa.lg.jp/dataset/172031_toilet,unknown,,2026-09-28,published
pt-17204-001,17,石川県,17204,輪島市,public-toilet,輪島市 公衆トイレ一覧,https://ckan.opendata.pref.ishikawa.lg.jp/dataset/172049_toilet,https://ckan.opendata.pref.ishikawa.lg.jp/dataset/c105347b-dd43-4613-aa49-1e288467e6b0/resource/d2cd55e3-65fb-4fb5-826d-0c57434ccb89/download/172049_public_toilet.csv,csv,municipal-standard-ods,Creative Commons Attribution,輪島市「輪島市 公衆トイレ一覧」を加工して作成,https://ckan.opendata.pref.ishikawa.lg.jp/dataset/172049_toilet,unknown,,2026-09-28,published
pt-17205-001,17,石川県,17205,珠洲市,public-toilet,珠洲市 公衆トイレ一覧,https://ckan.opendata.pref.ishikawa.lg.jp/dataset/172057_toilet,https://ckan.opendata.pref.ishikawa.lg.jp/dataset/f3018157-b069-4ad9-a4a2-b148121a0757/resource/ed750f0e-8ca0-4aff-a680-237b56a934eb/download/172057_public_toilet.csv,csv,municipal-standard-ods,Creative Commons Attribution,珠洲市「珠洲市 公衆トイレ一覧」を加工して作成,https://ckan.opendata.pref.ishikawa.lg.jp/dataset/172057_toilet,unknown,,2026-09-28,published
pt-17206-001,17,石川県,17206,加賀市,public-toilet,加賀市 公衆トイレ一覧,https://ckan.opendata.pref.ishikawa.lg.jp/dataset/172065_publictoilet,https://ckan.opendata.pref.ishikawa.lg.jp/dataset/1498ca36-f884-433d-bccb-d7d924d8ab02/resource/b547be5f-9144-489c-8760-79a33479f1b8/download/172065_public_toilet_202206.csv,csv,municipal-standard-ods,Creative Commons Attribution,加賀市「加賀市 公衆トイレ一覧」を加工して作成,https://ckan.opendata.pref.ishikawa.lg.jp/dataset/172065_publictoilet,unknown,,2026-09-28,published
pt-17207-001,17,石川県,17207,羽咋市,public-toilet,羽咋市 公衆トイレ一覧,https://ckan.opendata.pref.ishikawa.lg.jp/dataset/172073_toilet,https://ckan.opendata.pref.ishikawa.lg.jp/dataset/49584035-910d-4502-b355-20d72c62e0bc/resource/6ce0e777-631f-4e1a-8f83-b964395ff131/download/toilet_data.csv,csv,municipal-standard-ods,Creative Commons Attribution,羽咋市「羽咋市 公衆トイレ一覧」を加工して作成,https://ckan.opendata.pref.ishikawa.lg.jp/dataset/172073_toilet,unknown,,2026-09-28,published
pt-17209-001,17,石川県,17209,かほく市,public-toilet,かほく市 公衆トイレ一覧,https://catalog-data.city.kanazawa.ishikawa.jp/dataset/172090-public_toilet,https://catalog-data.city.kanazawa.ishikawa.jp/dataset/534b9871-8eb5-42ff-8b33-dd8b66087966/resource/30fc49a4-c1d3-431b-b33b-e50aa83bce18/download/172090_public_toilet.csv,csv,municipal-standard-ods,CC BY,かほく市「かほく市 公衆トイレ一覧」を加工して作成,https://catalog-data.city.kanazawa.ishikawa.jp/dataset/172090-public_toilet,unknown,2026-05-21,2026-09-20,published
pt-17210-001,17,石川県,17210,白山市,public-toilet,白山市 公衆トイレ一覧,https://catalog-data.city.kanazawa.ishikawa.jp/dataset/172103-public_toilet,https://catalog-data.city.kanazawa.ishikawa.jp/datastore/dump/8dca33a7-48fb-449d-9327-4f50c2dfdf4d?format=csv,csv,municipal-standard-ods,CC BY,白山市「白山市 公衆トイレ一覧」を加工して作成,https://catalog-data.city.kanazawa.ishikawa.jp/dataset/172103-public_toilet,unknown,2023-09-12,2026-09-20,published
pt-17211-001,17,石川県,17211,能美市,public-toilet,能美市 公衆トイレ一覧,https://ckan.opendata.pref.ishikawa.lg.jp/dataset/172111_toilet,https://ckan.opendata.pref.ishikawa.lg.jp/dataset/0b2ee64d-a30b-4a51-bfcb-c4acebd4f3e9/resource/ae86627d-4032-4037-ad75-5cfd411f9867/download/172111_public_toilet.csv,csv,municipal-standard-ods,Creative Commons Attribution,能美市「能美市 公衆トイレ一覧」を加工して作成,https://ckan.opendata.pref.ishikawa.lg.jp/dataset/172111_toilet,unknown,,2026-09-28,published
pt-17212-001,17,石川県,17212,野々市市,public-toilet,野々市市 公衆トイレ一覧,https://catalog-data.city.kanazawa.ishikawa.jp/dataset/172120-toilet,https://catalog-data.city.kanazawa.ishikawa.jp/datastore/dump/7f339f9b-8f48-4d38-97dc-7892cf931b97?format=csv,csv,municipal-standard-ods,CC BY,野々市市「野々市市 公衆トイレ一覧」を加工して作成,https://catalog-data.city.kanazawa.ishikawa.jp/dataset/172120-toilet,unknown,2024-06-11,2026-09-20,published
pt-17324-001,17,石川県,17324,川北町,public-toilet,川北町 公衆トイレ一覧,https://ckan.opendata.pref.ishikawa.lg.jp/dataset/173240_toilet,https://ckan.opendata.pref.ishikawa.lg.jp/dataset/f99ed487-19c1-4a13-9b59-f19bc7bdf79e/resource/a13735eb-ef1a-496f-b13c-f0edf6f9ad8b/download/173240_public_toilet.csv,csv,municipal-standard-ods,Creative Commons Attribution,川北町「川北町 公衆トイレ一覧」を加工して作成,https://ckan.opendata.pref.ishikawa.lg.jp/dataset/173240_toilet,unknown,,2026-09-28,published
pt-17361-001,17,石川県,17361,津幡町,public-toilet,津幡町 公衆トイレ一覧,https://catalog-data.city.kanazawa.ishikawa.jp/dataset/173614-toilet,https://catalog-data.city.kanazawa.ishikawa.jp/dataset/b0b57ded-6dad-4736-b2d9-88125c70dd79/resource/50372411-0c5b-4930-813e-325c069f6a11/download/173614_public_toilet.csv,csv,municipal-standard-ods,CC BY,津幡町「津幡町 公衆トイレ一覧」を加工して作成,https://catalog-data.city.kanazawa.ishikawa.jp/dataset/173614-toilet,unknown,2025-08-27,2026-09-20,published
pt-17365-001,17,石川県,17365,内灘町,public-toilet,内灘町 公衆トイレ一覧,https://catalog-data.city.kanazawa.ishikawa.jp/dataset/173657-public_toilet,https://catalog-data.city.kanazawa.ishikawa.jp/datastore/dump/f8e2e7bb-477b-4432-8f77-d222eb8281c9?format=csv,csv,municipal-standard-ods,CC BY,内灘町「内灘町 公衆トイレ一覧」を加工して作成,https://catalog-data.city.kanazawa.ishikawa.jp/dataset/173657-public_toilet,unknown,2024-12-28,2026-09-20,published
pt-17384-001,17,石川県,17384,志賀町,public-toilet,志賀町 公衆トイレ一覧,https://ckan.opendata.pref.ishikawa.lg.jp/dataset/173843_toilet,https://ckan.opendata.pref.ishikawa.lg.jp/dataset/d99ece98-88da-48f5-bd18-810aa890544e/resource/c6f40771-e478-498f-b42b-59cee03b369d/download/173843_public_toilet.csv,csv,municipal-standard-ods,Creative Commons Attribution,志賀町「志賀町 公衆トイレ一覧」を加工して作成,https://ckan.opendata.pref.ishikawa.lg.jp/dataset/173843_toilet,unknown,,2026-09-28,published
pt-17386-001,17,石川県,17386,宝達志水町,public-toilet,宝達志水町 公衆トイレ一覧,https://ckan.opendata.pref.ishikawa.lg.jp/dataset/173860_toilet,https://ckan.opendata.pref.ishikawa.lg.jp/dataset/c363a37a-8179-4093-9ef1-91120b802958/resource/56714ee9-6412-43c1-89b3-c7538bdfbdb0/download/173860_public_toilet.csv,csv,municipal-standard-ods,Creative Commons Attribution,宝達志水町「宝達志水町 公衆トイレ一覧」を加工して作成,https://ckan.opendata.pref.ishikawa.lg.jp/dataset/173860_toilet,unknown,,2026-09-28,published
pt-17407-001,17,石川県,17407,中能登町,public-toilet,中能登町 公衆トイレ一覧,https://ckan.opendata.pref.ishikawa.lg.jp/dataset/174076_toilet,https://ckan.opendata.pref.ishikawa.lg.jp/dataset/7eb6be37-ee82-4be7-89a4-7364c61c9f03/resource/385890a7-fcd5-4d01-bf61-50c8e43fa8cd/download/174076_public_toilet_utf-8.csv,csv,municipal-standard-ods,Creative Commons Attribution,中能登町「中能登町 公衆トイレ一覧」を加工して作成,https://ckan.opendata.pref.ishikawa.lg.jp/dataset/174076_toilet,unknown,,2026-09-28,published
pt-17461-001,17,石川県,17461,穴水町,public-toilet,穴水町 公衆トイレ一覧,https://ckan.opendata.pref.ishikawa.lg.jp/dataset/174611_toilet,https://ckan.opendata.pref.ishikawa.lg.jp/dataset/1fea9dfc-194b-49f9-91e3-f69375e72729/resource/63ddfa1a-f905-4c99-a1d1-2418d421aed5/download/174611_public_toilet.csv,csv,municipal-standard-ods,Creative Commons Attribution,穴水町「穴水町 公衆トイレ一覧」を加工して作成,https://ckan.opendata.pref.ishikawa.lg.jp/dataset/174611_toilet,unknown,,2026-09-28,published
pt-17463-001,17,石川県,17463,能登町,public-toilet,能登町 公衆トイレ一覧,https://ckan.opendata.pref.ishikawa.lg.jp/dataset/174637_toilet,https://ckan.opendata.pref.ishikawa.lg.jp/dataset/d9fe495d-7ad4-40cf-ba50-859c214df5d3/resource/fdd69d94-9f85-4972-9f79-d806e2aa5a47/download/17463713_public_toilet.csv,csv,municipal-standard-ods,Creative Commons Attribution,能登町「能登町 公衆トイレ一覧」を加工して作成,https://ckan.opendata.pref.ishikawa.lg.jp/dataset/174637_toilet,unknown,,2026-09-28,published
pt-18201-001,18,福井県,18201,福井市,public-toilet,県内17市町の公共トイレ一覧,https://www.pref.fukui.lg.jp/doc/dx-suishin/opendata/list_ct.html,https://www.pref.fukui.lg.jp/doc/dx-suishin/opendata/list_ct_d/fil/Fukui_public_toilet.csv,csv,non-standard,CC BY 4.0,福井市「県内17市町の公共トイレ一覧」を加工して作成,https://creativecommons.org/licenses/by/4.0/,full,2019-01-21,2026-09-21,published
pt-18202-001,18,福井県,18202,敦賀市,public-toilet,県内17市町の公共トイレ一覧,https://www.pref.fukui.lg.jp/doc/dx-suishin/opendata/list_ct.html,https://www.pref.fukui.lg.jp/doc/dx-suishin/opendata/list_ct_d/fil/Fukui_public_toilet.csv,csv,non-standard,CC BY 4.0,敦賀市「県内17市町の公共トイレ一覧」を加工して作成,https://creativecommons.org/licenses/by/4.0/,full,2019-01-21,2026-09-21,published
pt-18204-001,18,福井県,18204,小浜市,public-toilet,県内17市町の公共トイレ一覧,https://www.pref.fukui.lg.jp/doc/dx-suishin/opendata/list_ct.html,https://www.pref.fukui.lg.jp/doc/dx-suishin/opendata/list_ct_d/fil/Fukui_public_toilet.csv,csv,non-standard,CC BY 4.0,小浜市「県内17市町の公共トイレ一覧」を加工して作成,https://creativecommons.org/licenses/by/4.0/,full,2019-01-21,2026-09-21,published
pt-18205-001,18,福井県,18205,大野市,public-toilet,県内17市町の公共トイレ一覧,https://www.pref.fukui.lg.jp/doc/dx-suishin/opendata/list_ct.html,https://www.pref.fukui.lg.jp/doc/dx-suishin/opendata/list_ct_d/fil/Fukui_public_toilet.csv,csv,non-standard,CC BY 4.0,大野市「県内17市町の公共トイレ一覧」を加工して作成,https://creativecommons.org/licenses/by/4.0/,full,2019-01-21,2026-09-21,published
pt-18206-001,18,福井県,18206,勝山市,public-toilet,県内17市町の公共トイレ一覧,https://www.pref.fukui.lg.jp/doc/dx-suishin/opendata/list_ct.html,https://www.pref.fukui.lg.jp/doc/dx-suishin/opendata/list_ct_d/fil/Fukui_public_toilet.csv,csv,non-standard,CC BY 4.0,勝山市「県内17市町の公共トイレ一覧」を加工して作成,https://creativecommons.org/licenses/by/4.0/,full,2019-01-21,2026-09-21,published
pt-18207-001,18,福井県,18207,鯖江市,public-toilet,公共トイレ(福井県鯖江市),https://ckan.odp.jig.jp/dataset/jp-fukui-sabae-202-odp,https://data.odp.jig.jp/viewcsv/jp/fukui/sabae/202.csv,csv,non-standard,CC BY 2.1 Japan,鯖江市「公共トイレ(福井県鯖江市)」を加工して作成,https://creativecommons.org/licenses/by/2.1/jp/,unknown,2025-06-04,2026-09-20,published
pt-18208-001,18,福井県,18208,あわら市,public-toilet,県内17市町の公共トイレ一覧,https://www.pref.fukui.lg.jp/doc/dx-suishin/opendata/list_ct.html,https://www.pref.fukui.lg.jp/doc/dx-suishin/opendata/list_ct_d/fil/Fukui_public_toilet.csv,csv,non-standard,CC BY 4.0,あわら市「県内17市町の公共トイレ一覧」を加工して作成,https://creativecommons.org/licenses/by/4.0/,full,2019-01-21,2026-09-21,published
pt-18209-001,18,福井県,18209,越前市,public-toilet,県内17市町の公共トイレ一覧,https://www.pref.fukui.lg.jp/doc/dx-suishin/opendata/list_ct.html,https://www.pref.fukui.lg.jp/doc/dx-suishin/opendata/list_ct_d/fil/Fukui_public_toilet.csv,csv,non-standard,CC BY 4.0,越前市「県内17市町の公共トイレ一覧」を加工して作成,https://creativecommons.org/licenses/by/4.0/,full,2019-01-21,2026-09-21,published
pt-18210-001,18,福井県,18210,坂井市,public-toilet,県内17市町の公共トイレ一覧,https://www.pref.fukui.lg.jp/doc/dx-suishin/opendata/list_ct.html,https://www.pref.fukui.lg.jp/doc/dx-suishin/opendata/list_ct_d/fil/Fukui_public_toilet.csv,csv,non-standard,CC BY 4.0,坂井市「県内17市町の公共トイレ一覧」を加工して作成,https://creativecommons.org/licenses/by/4.0/,full,2019-01-21,2026-09-21,published
pt-18322-001,18,福井県,18322,永平寺町,public-toilet,県内17市町の公共トイレ一覧,https://www.pref.fukui.lg.jp/doc/dx-suishin/opendata/list_ct.html,https://www.pref.fukui.lg.jp/doc/dx-suishin/opendata/list_ct_d/fil/Fukui_public_toilet.csv,csv,non-standard,CC BY 4.0,永平寺町「県内17市町の公共トイレ一覧」を加工して作成,https://creativecommons.org/licenses/by/4.0/,full,2019-01-21,2026-09-21,published
pt-18382-001,18,福井県,18382,池田町,public-toilet,公共トイレ(福井県池田町),https://ckan.odp.jig.jp/dataset/jp-fukui-imadate-ikeda-734-odp,https://data.odp.jig.jp/viewcsv/jp/fukui/imadate/ikeda/734.csv,csv,non-standard,CC BY 2.1 Japan,池田町「公共トイレ(福井県池田町)」を加工して作成,https://creativecommons.org/licenses/by/2.1/jp/,unknown,2021-05-06,2026-09-20,published
pt-18404-001,18,福井県,18404,南越前町,public-toilet,県内17市町の公共トイレ一覧,https://www.pref.fukui.lg.jp/doc/dx-suishin/opendata/list_ct.html,https://www.pref.fukui.lg.jp/doc/dx-suishin/opendata/list_ct_d/fil/Fukui_public_toilet.csv,csv,non-standard,CC BY 4.0,南越前町「県内17市町の公共トイレ一覧」を加工して作成,https://creativecommons.org/licenses/by/4.0/,full,2019-01-21,2026-09-21,published
pt-18423-001,18,福井県,18423,越前町,public-toilet,県内17市町の公共トイレ一覧,https://www.pref.fukui.lg.jp/doc/dx-suishin/opendata/list_ct.html,https://www.pref.fukui.lg.jp/doc/dx-suishin/opendata/list_ct_d/fil/Fukui_public_toilet.csv,csv,non-standard,CC BY 4.0,越前町「県内17市町の公共トイレ一覧」を加工して作成,https://creativecommons.org/licenses/by/4.0/,full,2019-01-21,2026-09-21,published
pt-18442-001,18,福井県,18442,美浜町,public-toilet,県内17市町の公共トイレ一覧,https://www.pref.fukui.lg.jp/doc/dx-suishin/opendata/list_ct.html,https://www.pref.fukui.lg.jp/doc/dx-suishin/opendata/list_ct_d/fil/Fukui_public_toilet.csv,csv,non-standard,CC BY 4.0,美浜町「県内17市町の公共トイレ一覧」を加工して作成,https://creativecommons.org/licenses/by/4.0/,full,2019-01-21,2026-09-21,published
pt-18481-001,18,福井県,18481,高浜町,public-toilet,県内17市町の公共トイレ一覧,https://www.pref.fukui.lg.jp/doc/dx-suishin/opendata/list_ct.html,https://www.pref.fukui.lg.jp/doc/dx-suishin/opendata/list_ct_d/fil/Fukui_public_toilet.csv,csv,non-standard,CC BY 4.0,高浜町「県内17市町の公共トイレ一覧」を加工して作成,https://creativecommons.org/licenses/by/4.0/,full,2019-01-21,2026-09-21,published
pt-18483-001,18,福井県,18483,おおい町,public-toilet,県内17市町の公共トイレ一覧,https://www.pref.fukui.lg.jp/doc/dx-suishin/opendata/list_ct.html,https://www.pref.fukui.lg.jp/doc/dx-suishin/opendata/list_ct_d/fil/Fukui_public_toilet.csv,csv,non-standard,CC BY 4.0,おおい町「県内17市町の公共トイレ一覧」を加工して作成,https://creativecommons.org/licenses/by/4.0/,full,2019-01-21,2026-09-21,published
pt-18501-001,18,福井県,18501,若狭町,public-toilet,県内17市町の公共トイレ一覧,https://www.pref.fukui.lg.jp/doc/dx-suishin/opendata/list_ct.html,https://www.pref.fukui.lg.jp/doc/dx-suishin/opendata/list_ct_d/fil/Fukui_public_toilet.csv,csv,non-standard,CC BY 4.0,若狭町「県内17市町の公共トイレ一覧」を加工して作成,https://creativecommons.org/licenses/by/4.0/,full,2019-01-21,2026-09-21,published
pt-19209-001,19,山梨県,19209,北杜市,public-toilet,公衆トイレ一覧,https://www.city.hokuto.yamanashi.jp/docs/opendata_top.html,https://www.city.hokuto.yamanashi.jp/fs/4/2/1/4/2/7/_/192091_public_toilet.csv,csv,municipal-standard-ods,CC BY 4.0,北杜市「公衆トイレ一覧」を加工して作成,https://creativecommons.org/licenses/by/4.0/,unknown,,2026-09-20,published
pt-19211-001,19,山梨県,19211,笛吹市,public-toilet,公共施設トイレ,https://www.city.fuefuki.yamanashi.jp/joho/shisejoho/kocho/opendata.html,https://www.city.fuefuki.yamanashi.jp/documents/6715/koukyoushisetsutoire.xlsx,xlsx,municipal-standard-ods,CC BY 4.0,笛吹市「公共施設トイレ」を加工して作成,https://creativecommons.org/licenses/by/4.0/,unknown,,2026-09-20,published
pt-19365-001,19,山梨県,19365,身延町,public-toilet,公衆トイレ一覧,https://www.town.minobu.lg.jp/page/1424.html,https://www.town.minobu.lg.jp/uploaded/attachment/2851.xlsx,xlsx,non-standard,CC BY 4.0,身延町「公衆トイレ一覧」を加工して作成,https://creativecommons.org/licenses/by/4.0/,unknown,,2026-09-20,published
pt-19425-001,19,山梨県,19425,山中湖村,public-toilet,公衆トイレ一覧,https://www.vill.yamanakako.lg.jp/info/647,https://www.vill.yamanakako.lg.jp/div/jouhou/dload/Opendata/r5_od_koushutoire.xlsx,xlsx,municipal-standard-ods,CC BY 4.0,山中湖村「公衆トイレ一覧」を加工して作成,https://creativecommons.org/licenses/by/4.0/,unknown,,2026-09-20,published
pt-20201-001,20,長野県,20201,長野市,public-toilet,公衆トイレ一覧（衛生センター所管）,https://www.city.nagano.nagano.jp/n023500/contents/p004876.html,https://www.city.nagano.nagano.jp/documents/1948/public_toilet_202401.csv,csv,non-standard,CC BY 4.0,長野市「公衆トイレ一覧（衛生センター所管）」を加工して作成,https://creativecommons.org/licenses/by/4.0/,partial,,2026-09-21,published
pt-20202-001,20,長野県,20202,松本市,public-toilet,公衆トイレ一覧,https://www2.wagmap.jp/matsumoto/OpenDataDetail?lid=31&mids=24,https://www2.wagmap.jp/matsumoto/matsumoto/opendata/map_3/CSV/opendata_31.csv,csv,non-standard,CC BY,松本市「公衆トイレ一覧」を加工して作成,https://www2.wagmap.jp/matsumoto/OpenDataDetail?lid=31&mids=24,full,,2026-09-21,published
pt-20203-001,20,長野県,20203,上田市,public-toilet,オストメイト対応トイレ一覧,https://www.city.ueda.nagano.jp/soshiki/tokei/3784.html,,csv,unknown,CC BY 4.0,上田市「オストメイト対応トイレ一覧」を加工して作成,https://creativecommons.org/licenses/by/4.0/,partial,2025-09-27,2026-09-23,published
pt-20205-001,20,長野県,20205,飯田市,public-toilet,バリアフリートイレ一覧,https://www.city.iida.lg.jp/soshiki/168/opendata.html,https://www.city.iida.lg.jp/uploaded/attachment/74961.csv,csv,unknown,PDL 1.0,飯田市「バリアフリートイレ一覧」を加工して作成,https://www.digital.go.jp/resources/open_data/public_data_license_v1.0,partial,,2026-09-23,published
pt-20207-001,20,長野県,20207,須坂市,public-toilet,須坂市公衆トイレ一覧,https://www.city.suzaka.nagano.jp/soshiki/1021/1572.html,https://www.city.suzaka.nagano.jp/material/files/group/3/202070_public_toilet.xls,xls,unknown,CC BY 4.0,須坂市「須坂市公衆トイレ一覧」を加工して作成,https://creativecommons.org/licenses/by/4.0/,unknown,,2026-09-23,published
pt-20214-001,20,長野県,20214,茅野市,public-toilet,公衆トイレ一覧,https://data.bodik.jp/dataset/202142_public_toilet,https://data.bodik.jp/dataset/2955e599-5f84-4ca0-a8d3-6f5a0f1d2056/resource/071c6758-f4a3-4c2d-9906-c3240983f423/download/202142_public_toilet_park.csv,csv,unknown,CC BY 4.0,茅野市「公衆トイレ一覧」を加工して作成,https://creativecommons.org/licenses/by/4.0/,unknown,2024-12-11,2026-09-20,published
pt-20321-001,20,長野県,20321,軽井沢町,public-toilet,公衆トイレ,https://www.town.karuizawa.lg.jp/page/1756.html,,csv,non-standard,CC BY 4.0,軽井沢町「公衆トイレ」を加工して作成,https://creativecommons.org/licenses/by/4.0/,unknown,,2026-09-21,published
pt-20403-001,20,長野県,20403,高森町,public-toilet,公衆トイレ一覧,https://www.town.nagano-takamori.lg.jp/docs/13329.html,https://www.town.nagano-takamori.lg.jp/fs/4/4/6/0/0/_/204030_8_public_toilet.csv,csv,unknown,CC BY 4.0,高森町「公衆トイレ一覧」を加工して作成,https://creativecommons.org/licenses/by/4.0/,unknown,,2026-09-23,published
pt-21202-001,21,岐阜県,21202,大垣市,public-toilet,【大垣市】公衆トイレ一覧,https://gifu-opendata.pref.gifu.lg.jp/dataset/c212024-014,https://gifu-opendata.pref.gifu.lg.jp/dataset/8a6f98ed-bad9-4fc9-b31d-7c04d8692dc2/resource/a847e03f-96a3-4d53-b39c-331c9f6532a1/download/_.xlsx,xlsx,unknown,CC BY 4.0,大垣市「【大垣市】公衆トイレ一覧」を加工して作成,https://creativecommons.org/licenses/by/4.0/,unknown,2026-01-13,2026-09-20,published
pt-21203-001,21,岐阜県,21203,高山市,public-toilet,【高山市】公衆トイレ一覧,https://gifu-opendata.pref.gifu.lg.jp/dataset/c212032-016,https://gifu-opendata.pref.gifu.lg.jp/dataset/fdcb5666-aacc-4d59-a5fb-5674e264b587/resource/4636306a-cb7c-4718-8ae8-1450d3c5f5e5/download/212032_public_toilet_2024.csv,csv,unknown,CC BY 4.0,高山市「【高山市】公衆トイレ一覧」を加工して作成,https://creativecommons.org/licenses/by/4.0/,unknown,2026-01-08,2026-09-20,published
pt-21208-001,21,岐阜県,21208,瑞浪市,public-toilet,【瑞浪市】トイレ一覧,https://gifu-opendata.pref.gifu.lg.jp/dataset/c212083-017,https://gifu-opendata.pref.gifu.lg.jp/dataset/2576cc21-ff93-445f-b0d3-6586b4c80c8b/resource/004e5f57-8493-47a5-a734-f3e4cfc494c4/download/195_5_r6.4.1.xls,xls,non-standard,CC BY 4.0,瑞浪市「【瑞浪市】トイレ一覧」を加工して作成,https://creativecommons.org/licenses/by/4.0/,unknown,2024-12-02,2026-09-20,published
pt-21209-001,21,岐阜県,21209,羽島市,public-toilet,【羽島市】公衆トイレ一覧,https://gifu-opendata.pref.gifu.lg.jp/dataset/c212091-015,https://gifu-opendata.pref.gifu.lg.jp/dataset/18f812ee-4fb2-4a2d-a810-226eb6761f60/resource/372d1108-336a-4754-b2e7-d77f3386d277/download/212091_public_toilet_202403.csv,CSV,non-standard,CC BY,羽島市「【羽島市】公衆トイレ一覧」を加工して作成,https://gifu-opendata.pref.gifu.lg.jp/dataset/c212091-015,unknown,,2026-09-22,published
pt-22100-001,22,静岡県,22100,静岡市,public-toilet,静岡市道路休憩施設（24時間利用可能なトイレ）,https://data.bodik.jp/dataset/221007_1615966096,https://data.bodik.jp/dataset/412b63e7-8738-477d-9ec4-768fcb9d91da/resource/16eb3f4d-1fcf-4452-aa1c-81002452e9a8/download/city-shizuoka-public-toilet.csv,csv,unknown,Creative Commons Attribution,静岡市「静岡市道路休憩施設（24時間利用可能なトイレ）」を加工して作成,https://data.bodik.jp/dataset/221007_1615966096,partial,,2026-09-24,published
pt-22203-001,22,静岡県,22203,沼津市,public-toilet,公衆トイレ一覧,https://opendata.pref.shizuoka.jp/dataset/9155.html,https://opendata.pref.shizuoka.jp/dataset/9155/resource/61624/%E5%85%AC%E8%A1%86%E3%83%88%E3%82%A4%E3%83%AC.csv,CSV,non-standard,CC BY,沼津市「公衆トイレ一覧」を加工して作成,https://opendata.pref.shizuoka.jp/privacy.html,unknown,,2026-09-21,published
pt-22206-001,22,静岡県,22206,三島市,public-toilet,公衆トイレ一覧,https://opendata.pref.shizuoka.jp/dataset/10770.html,https://opendata.pref.shizuoka.jp/dataset/10770/resource/81988/222062_public_toilet.xlsx,XLSX,municipal-standard-ods,CC BY,三島市「公衆トイレ一覧」を加工して作成,https://opendata.pref.shizuoka.jp/privacy.html,unknown,,2026-09-21,published
pt-22207-001,22,静岡県,22207,富士宮市,public-toilet,公衆トイレ一覧,https://opendata.pref.shizuoka.jp/dataset/8905.html,https://opendata.pref.shizuoka.jp/dataset/8905/resource/59181/%E5%85%AC%E8%A1%86%E3%83%88%E3%82%A4%E3%83%AC%E4%B8%80%E8%A6%A7%E3%81%BE%E3%81%A8%E3%82%81.csv,CSV,non-standard,CC BY,富士宮市「公衆トイレ一覧」を加工して作成,https://opendata.pref.shizuoka.jp/privacy.html,unknown,,2026-09-21,published
pt-22208-001,22,静岡県,22208,伊東市,public-toilet,公衆トイレ一覧,https://opendata.pref.shizuoka.jp/dataset/9573.html,https://opendata.pref.shizuoka.jp/dataset/9573/resource/64722/%E4%BC%8A%E6%9D%B1%E5%B8%82%E5%85%AC%E8%A1%86%E3%83%88%E3%82%A4%E3%83%AC%E4%B8%80%E8%A6%A7%20.csv,CSV,non-standard,CC BY,伊東市「公衆トイレ一覧」を加工して作成,https://opendata.pref.shizuoka.jp/privacy.html,unknown,,2026-09-21,published
pt-22209-001,22,静岡県,22209,島田市,public-toilet,公衆トイレ一覧,https://opendata.pref.shizuoka.jp/dataset/10961.html,https://opendata.pref.shizuoka.jp/dataset/10961/resource/84424/222097_public_toilet.csv,CSV,municipal-standard-ods,CC BY,島田市「公衆トイレ一覧」を加工して作成,https://opendata.pref.shizuoka.jp/privacy.html,unknown,,2026-09-21,published
pt-22211-001,22,静岡県,22211,磐田市,public-toilet,公衆トイレ一覧,https://opendata.pref.shizuoka.jp/dataset/11704.html,https://opendata.pref.shizuoka.jp/dataset/11704/resource/96773/%E7%A3%90%E7%94%B0%E5%B8%82%E5%85%AC%E8%A1%86%E3%83%88%E3%82%A4%E3%83%AC%E4%B8%80%E8%A6%A7.xlsx,XLSX,municipal-standard-ods,CC BY,磐田市「公衆トイレ一覧」を加工して作成,https://opendata.pref.shizuoka.jp/dataset/11704.html,unknown,,2026-09-22,published
pt-22212-001,22,静岡県,22212,焼津市,public-toilet,公衆トイレ一覧,https://opendata.pref.shizuoka.jp/dataset/10911.html,https://opendata.pref.shizuoka.jp/dataset/10911/resource/84093/222127_public_toilet.csv,CSV,municipal-standard-ods,CC BY,焼津市「公衆トイレ一覧」を加工して作成,https://opendata.pref.shizuoka.jp/privacy.html,unknown,,2026-09-21,published
pt-22213-001,22,静岡県,22213,掛川市,public-toilet,公衆トイレ一覧,https://opendata.pref.shizuoka.jp/dataset/9776.html,https://opendata.pref.shizuoka.jp/dataset/9776/resource/66432/%E6%8E%9B%E5%B7%9D%E5%B8%82%E5%85%AC%E8%A1%86%E3%83%88%E3%82%A4%E3%83%AC%E4%B8%80%E8%A6%A7.csv,CSV,non-standard,CC BY,掛川市「公衆トイレ一覧」を加工して作成,https://opendata.pref.shizuoka.jp/privacy.html,unknown,,2026-09-21,published
pt-22214-001,22,静岡県,22214,藤枝市,public-toilet,公衆トイレ一覧,https://opendata.pref.shizuoka.jp/dataset/10239.html,https://opendata.pref.shizuoka.jp/dataset/10239/resource/72219/222143_public_toilet.csv,CSV,non-standard,CC BY,藤枝市「公衆トイレ一覧」を加工して作成,https://opendata.pref.shizuoka.jp/privacy.html,unknown,,2026-09-21,published
pt-22215-001,22,静岡県,22215,御殿場市,public-toilet,公衆トイレ一覧,https://opendata.pref.shizuoka.jp/dataset/9490.html,https://opendata.pref.shizuoka.jp/dataset/9490/resource/63314/22215_public_toilet.csv,CSV,non-standard,CC BY,御殿場市「公衆トイレ一覧」を加工して作成,https://opendata.pref.shizuoka.jp/privacy.html,unknown,,2026-09-21,published
pt-22216-001,22,静岡県,22216,袋井市,public-toilet,公衆トイレ一覧,https://opendata.pref.shizuoka.jp/dataset/10247.html,https://opendata.pref.shizuoka.jp/dataset/10247/resource/106447/20260228_%E5%85%AC%E8%A1%86%E3%83%88%E3%82%A4%E3%83%AC%E4%B8%80%E8%A6%A7.CSV,CSV,non-standard,CC BY,袋井市「公衆トイレ一覧」を加工して作成,https://opendata.pref.shizuoka.jp/privacy.html,unknown,,2026-09-21,published
pt-22219-001,22,静岡県,22219,下田市,public-toilet,公衆トイレ一覧,https://opendata.pref.shizuoka.jp/dataset/9500.html,https://opendata.pref.shizuoka.jp/dataset/9500/resource/103990/08%20%E4%B8%8B%E7%94%B0%E5%B8%82%E5%85%AC%E8%A1%86%E3%83%88%E3%82%A4%E3%83%AC%E4%B8%80%E8%A6%A7.csv,CSV,non-standard,CC BY,下田市「公衆トイレ一覧」を加工して作成,https://opendata.pref.shizuoka.jp/privacy.html,unknown,,2026-09-21,published
pt-22220-001,22,静岡県,22220,裾野市,public-toilet,公衆トイレ一覧,https://opendata.pref.shizuoka.jp/dataset/10922.html,https://opendata.pref.shizuoka.jp/dataset/10922/resource/84107/222208_susono_13toilet.csv,CSV,municipal-standard-ods,CC BY,裾野市「公衆トイレ一覧」を加工して作成,https://opendata.pref.shizuoka.jp/dataset/10922.html,unknown,,2026-09-22,published
pt-22222-001,22,静岡県,22222,伊豆市,public-toilet,公衆トイレ一覧,https://opendata.pref.shizuoka.jp/dataset/10954.html,https://opendata.pref.shizuoka.jp/dataset/10954/resource/84417/222224_public_toilet.csv,CSV,municipal-standard-ods,CC BY,伊豆市「公衆トイレ一覧」を加工して作成,https://opendata.pref.shizuoka.jp/dataset/10954.html,unknown,,2026-09-22,published
pt-22223-001,22,静岡県,22223,御前崎市,public-toilet,公衆トイレ一覧,https://opendata.pref.shizuoka.jp/dataset/8706.html,https://opendata.pref.shizuoka.jp/dataset/8706/resource/93095/%E3%80%902024.10.16%E3%80%91%E5%85%AC%E8%A1%86%E3%83%88%E3%82%A4%E3%83%AC%E4%B8%80%E8%A6%A7.xlsx,XLSX,municipal-standard-ods,CC BY,御前崎市「公衆トイレ一覧」を加工して作成,https://opendata.pref.shizuoka.jp/dataset/8706.html,unknown,,2026-09-22,published
pt-22224-001,22,静岡県,22224,菊川市,public-toilet,公衆トイレ一覧,https://opendata.pref.shizuoka.jp/dataset/11012.html,https://opendata.pref.shizuoka.jp/dataset/11012/resource/84664/222241_public_toilet.csv,CSV,non-standard,CC BY,菊川市「公衆トイレ一覧」を加工して作成,https://opendata.pref.shizuoka.jp/dataset/11012.html,unknown,,2026-09-22,published
pt-22225-001,22,静岡県,22225,伊豆の国市,public-toilet,伊豆の国市観光トイレ一覧,https://opendata.pref.shizuoka.jp/dataset/fuji-1027.html,https://opendata.pref.shizuoka.jp/dataset/fuji-1027/resource/104783/006_222259_kankoutoilet_list.csv,CSV,non-standard,CC BY,伊豆の国市「伊豆の国市観光トイレ一覧」を加工して作成,https://opendata.pref.shizuoka.jp/dataset/fuji-1027.html,unknown,,2026-09-22,published
pt-22226-001,22,静岡県,22226,牧之原市,public-toilet,公衆トイレ一覧,https://opendata.pref.shizuoka.jp/dataset/9850.html,https://opendata.pref.shizuoka.jp/dataset/9850/resource/67228/08_%E5%85%AC%E8%A1%86%E3%83%88%E3%82%A4%E3%83%AC%E4%B8%80%E8%A6%A7%EF%BC%88%E7%89%A7%E4%B9%8B%E5%8E%9F%E5%B8%82%EF%BC%89.csv,CSV,non-standard,CC BY,牧之原市「公衆トイレ一覧」を加工して作成,https://opendata.pref.shizuoka.jp/dataset/9850.html,unknown,,2026-09-22,published
pt-22301-001,22,静岡県,22301,東伊豆町,public-toilet,公衆トイレ一覧,https://opendata.pref.shizuoka.jp/dataset/10743.html,https://opendata.pref.shizuoka.jp/dataset/10743/resource/81873/223018_public_toilet.csv,CSV,non-standard,CC BY,東伊豆町「公衆トイレ一覧」を加工して作成,https://opendata.pref.shizuoka.jp/dataset/10743.html,unknown,,2026-09-22,published
pt-22302-001,22,静岡県,22302,河津町,public-toilet,河津町の公衆トイレ情報,https://opendata.pref.shizuoka.jp/dataset/fuji-1045.html,https://opendata.pref.shizuoka.jp/dataset/fuji-1045/resource/34383/%E6%B2%B3%E6%B4%A5%E7%94%BA%E3%81%AE%E5%85%AC%E8%A1%86%E3%83%88%E3%82%A4%E3%83%AC%E6%83%85%E5%A0%B1.csv,CSV,non-standard,CC BY,河津町「河津町の公衆トイレ情報」を加工して作成,https://opendata.pref.shizuoka.jp/dataset/fuji-1045.html,unknown,,2026-09-22,published
pt-22305-001,22,静岡県,22305,松崎町,public-toilet,松崎町の公衆トイレ情報,https://opendata.pref.shizuoka.jp/dataset/fuji-1055.html,https://opendata.pref.shizuoka.jp/dataset/fuji-1055/resource/34394/%E6%9D%BE%E5%B4%8E%E7%94%BA%E3%81%AE%E5%85%AC%E8%A1%86%E3%83%88%E3%82%A4%E3%83%AC%E6%83%85%E5%A0%B1.csv,CSV,non-standard,CC BY,松崎町「松崎町の公衆トイレ情報」を加工して作成,https://opendata.pref.shizuoka.jp/dataset/fuji-1055.html,unknown,,2026-09-22,published
pt-22306-001,22,静岡県,22306,西伊豆町,public-toilet,公衆トイレ一覧,https://opendata.pref.shizuoka.jp/dataset/8079.html,https://opendata.pref.shizuoka.jp/dataset/8079/resource/81899/223069_public_toilet.csv,CSV,non-standard,CC BY,西伊豆町「公衆トイレ一覧」を加工して作成,https://opendata.pref.shizuoka.jp/dataset/8079.html,unknown,,2026-09-22,published
pt-22341-001,22,静岡県,22341,清水町,public-toilet,公衆トイレ一覧,https://opendata.pref.shizuoka.jp/dataset/7729.html,https://opendata.pref.shizuoka.jp/dataset/7729/resource/40296/223417_public_toilet.csv,CSV,non-standard,CC BY,清水町「公衆トイレ一覧」を加工して作成,https://opendata.pref.shizuoka.jp/dataset/7729.html,unknown,,2026-09-22,published
pt-23100-001,23,愛知県,23100,名古屋市,public-toilet,【名古屋市】公衆トイレ一覧,https://data.bodik.jp/dataset/231002_0501070000_public_toilet,https://data.bodik.jp/dataset/de718dc8-6b82-409b-b185-c4e100875707/resource/ddc904dd-c144-4f6b-ae29-52cae282509e/download/260401_public_toilet.csv,xlsx,unknown,CC BY 4.0,名古屋市「【名古屋市】公衆トイレ一覧」を加工して作成,https://creativecommons.org/licenses/by/4.0/,unknown,2026-07-17,2026-09-20,published
pt-23203-004,23,愛知県,23203,一宮市,public-toilet,車椅子対応トイレ,https://www.city.ichinomiya.aichi.jp/soumu/dejitaru/1044344/1010131/1004049.html,https://www.city.ichinomiya.aichi.jp/_res/common/open-data/kurumaisutaioutoire.csv,csv,non-standard,CC BY 4.0,一宮市「車椅子対応トイレ」を加工して作成,https://creativecommons.org/licenses/by/4.0/,partial,,2026-09-23,published
pt-23203-003,23,愛知県,23203,一宮市,public-toilet,乳幼児対応トイレ,https://www.city.ichinomiya.aichi.jp/soumu/dejitaru/1044344/1010131/1004049.html,https://www.city.ichinomiya.aichi.jp/_res/common/open-data/nyuuyoujitaioutoire.csv,csv,non-standard,CC BY 4.0,一宮市「乳幼児対応トイレ」を加工して作成,https://creativecommons.org/licenses/by/4.0/,partial,,2026-09-23,published
pt-23204-001,23,愛知県,23204,瀬戸市,public-toilet,公衆トイレ一覧,https://www.city.seto.aichi.jp/docs/2017/07/15/00054/,https://www.city.seto.aichi.jp/docs/2017/07/15/00054/files/232041_public_toilet.csv,csv,municipal-standard-ods,CC BY 4.0,瀬戸市「公衆トイレ一覧」を加工して作成,https://creativecommons.org/licenses/by/4.0/,unknown,2025-06-09,2026-09-23,published
pt-23207-001,23,愛知県,23207,豊川市,public-toilet,公衆トイレ一覧,https://opendata-east-mikawa.jp/node/1678,https://opendata-east-mikawa.jp/sites/default/files/resources/232076_publicToilet_22020629.csv,csv,unknown,CC BY 4.0,豊川市「公衆トイレ一覧」を加工して作成,https://creativecommons.org/licenses/by/4.0/,unknown,2022-06-29,2026-09-20,published
pt-23209-001,23,愛知県,23209,碧南市,public-toilet,公衆トイレ一覧,https://www.city.hekinan.lg.jp/soshiki/kikaku_zaisei/kikakuseisaku/opendata/6670.html,https://www.city.hekinan.lg.jp/material/files/group/3/232092_public_toilet.csv,csv,non-standard,CC BY 4.0,碧南市「公衆トイレ一覧」を加工して作成,https://creativecommons.org/licenses/by/4.0/,full,,2026-09-21,published
pt-23210-001,23,愛知県,23210,刈谷市,public-toilet,公衆トイレ,https://www.city.kariya.lg.jp/shisei/opendata/1007323/index.html,https://www.city.kariya.lg.jp/_res/projects/default_project/_page_/001/007/323/232106_public_toilet_20260401.csv,csv,non-standard,CC BY 4.0,刈谷市「公衆トイレ」を加工して作成,https://creativecommons.org/licenses/by/4.0/,full,2026-04-01,2026-09-21,published
pt-23211-001,23,愛知県,23211,豊田市,public-toilet,公衆トイレ一覧（2023年8月3日更新）,https://data.bodik.jp/dataset/232114_public_toilet,https://data.bodik.jp/dataset/b3bc3bcc-ce09-46ef-a720-163ffd2e1ff3/resource/36351345-995c-497c-b043-5001467f68d8/download/.xlsx,csv,municipal-standard-ods,CC BY 4.0,豊田市「公衆トイレ一覧（2023年8月3日更新）」を加工して作成,https://creativecommons.org/licenses/by/4.0/,unknown,2024-07-04,2026-09-20,published
pt-23214-001,23,愛知県,23214,蒲郡市,public-toilet,蒲郡市公衆トイレ一覧,https://opendata-east-mikawa.jp/node/1817,https://opendata-east-mikawa.jp/sites/default/files/resources/232149_public_toilet_0.csv,csv,unknown,CC BY 4.0,蒲郡市「蒲郡市公衆トイレ一覧」を加工して作成,https://creativecommons.org/licenses/by/4.0/,unknown,2022-12-26,2026-09-20,published
pt-23215-001,23,愛知県,23215,犬山市,public-toilet,公衆トイレ一覧,https://www.city.inuyama.aichi.jp/shisei/toukei/1004741/1004746.html,https://www.city.inuyama.aichi.jp/_res/projects/default_project/_page_/001/004/746/toilet20251219.csv,csv,unknown,CC BY 4.0,犬山市「公衆トイレ一覧」を加工して作成,https://creativecommons.org/licenses/by/4.0/,unknown,2025-12-19,2026-09-23,published
pt-23221-001,23,愛知県,23221,新城市,public-toilet,新城市観光課所有トイレ,https://opendata-east-mikawa.jp/node/2155,https://opendata-east-mikawa.jp/sites/default/files/resources/232211_public_toilet.csv,csv,unknown,CC BY 4.0,新城市「新城市観光課所有トイレ」を加工して作成,https://creativecommons.org/licenses/by/4.0/,unknown,2021-10-04,2026-09-20,published
pt-23226-001,23,愛知県,23226,尾張旭市,public-toilet,公衆トイレ,http://www.city.owariasahi.lg.jp/sisei/data/kankou.html,https://linkdata.org/download/rdf1s9307i/link/232262_public_toilet.xls,xls,non-standard,CC BY 3.0,尾張旭市「公衆トイレ」を加工して作成,https://creativecommons.org/licenses/by/3.0/,full,,2026-09-21,published
pt-23228-001,23,愛知県,23228,岩倉市,public-toilet,岩倉駅東西公衆便所一覧,https://www.city.iwakura.aichi.jp/0000005735.html,https://www.city.iwakura.aichi.jp/cmsfiles/contents/0000005/5735/232289_public_toilet.csv,csv,non-standard,CC BY 4.0,岩倉市「岩倉駅東西公衆便所一覧」を加工して作成,https://creativecommons.org/licenses/by/4.0/,partial,,2026-09-23,published
pt-23229-001,23,愛知県,23229,豊明市,public-toilet,公衆トイレ(2KB),https://odm.bodik.jp/dataset/232297_23229_toilet_csv,https://www.city.toyoake.lg.jp/secure/11549/23229_toilet.csv,csv,non-standard,CC BY,豊明市「公衆トイレ(2KB)」を加工して作成,https://odm.bodik.jp/dataset/232297_23229_toilet_csv,unknown,,2026-09-23,published
pt-23230-001,23,愛知県,23230,日進市,public-toilet,公衆トイレ一覧,https://data.bodik.jp/dataset/232301_p_7801_7801,https://data.bodik.jp/dataset/5c7d59f5-1416-4f2e-813b-27e5ecebc06a/resource/3ed16ba0-2799-4361-bf51-6aaceeb7c0c1/download/od78012026062600200.csv,csv,municipal-standard-ods,CC BY 4.0,日進市「公衆トイレ一覧」を加工して作成,https://creativecommons.org/licenses/by/4.0/,unknown,2026-06-26,2026-09-20,published
pt-23231-001,23,愛知県,23231,田原市,public-toilet,田原市　公衆トイレ一覧,https://opendata-east-mikawa.jp/node/2029,https://opendata-east-mikawa.jp/sites/default/files/resources/Tahara_public_toilet.csv,csv,unknown,CC BY 4.0,田原市「田原市　公衆トイレ一覧」を加工して作成,https://creativecommons.org/licenses/by/4.0/,unknown,2020-11-02,2026-09-20,published
pt-23236-001,23,愛知県,23236,みよし市,public-toilet,公衆トイレ一覧,https://www.city.aichi-miyoshi.lg.jp/soshiki/keieikikaku/joho/4/796.html,https://www.city.aichi-miyoshi.lg.jp/material/files/group/3/13_232360_public_toilet.csv,csv,non-standard,CC BY 4.0,みよし市「公衆トイレ一覧」を加工して作成,https://creativecommons.org/licenses/by/4.0/,unknown,2025-10-01,2026-09-21,published
pt-23238-001,23,愛知県,23238,長久手市,public-toilet,公衆トイレ一覧,https://www.city.nagakute.lg.jp/,https://www.city.nagakute.lg.jp/material/files/group/42/232386_15_kousyuutoireitiran_20260713_1112.csv,csv,non-standard,CC BY,長久手市「公衆トイレ一覧」を加工して作成,https://www.city.nagakute.lg.jp/,unknown,2026-07-13,2026-09-21,published
pt-23302-001,23,愛知県,23302,東郷町,public-toilet,公衆トイレ,https://www.town.aichi-togo.lg.jp/soshikikarasagasu/johokohoka/gyomuannai/6/5/1/6/3419.html,https://www.town.aichi-togo.lg.jp/material/files/group/4/232297_public_toilet.csv,csv,municipal-standard-ods,CC BY 4.0,東郷町「公衆トイレ」を加工して作成,https://creativecommons.org/licenses/by/4.0/,partial,2025-08-25,2026-09-23,published
pt-24202-001,24,三重県,24202,四日市市,public-toilet,公衆トイレ一覧,https://data.bodik.jp/dataset/242021_00123,https://data.bodik.jp/dataset/6507dabb-6df5-46b3-b26c-b44d986b01c1/resource/0fe786d2-6e5e-4580-bef0-9bca9223db61/download/242021_public_toilet.csv,csv,unknown,CC BY 4.0,四日市市「公衆トイレ一覧」を加工して作成,https://creativecommons.org/licenses/by/4.0/,unknown,2024-01-25,2026-09-20,published
pt-24207-001,24,三重県,24207,鈴鹿市,public-toilet,公衆トイレ一覧,https://www.city.suzuka.lg.jp/shisei/1011225/1004206/1004212.html,https://www.city.suzuka.lg.jp/_res/projects/default_project/_page_/001/004/212/242071_public_toilet_20181001.csv,csv,unknown,CC-BY,鈴鹿市「公衆トイレ一覧」を加工して作成,https://www.city.suzuka.lg.jp/shisei/1011225/1004206/1004212.html,partial,2018-10-01,2026-09-23,published
pt-24210-001,24,三重県,24210,亀山市,public-toilet,三重県亀山市_公衆トイレ一覧,https://data.bodik.jp/dataset/242101_08_public_toilet,https://data.bodik.jp/dataset/1354cf63-53e1-4485-bfca-773267700b9b/resource/1216cc26-99a4-4467-a164-afe42d768933/download/242101_08_public_toilet.csv,csv,municipal-standard-ods,CC BY 4.0,亀山市「三重県亀山市_公衆トイレ一覧」を加工して作成,https://creativecommons.org/licenses/by/4.0/,unknown,2025-10-01,2026-09-20,published
pt-24212-001,24,三重県,24212,熊野市,public-toilet,熊野市公衆トイレ一覧,https://data.bodik.jp/dataset/242128_public_toilet,https://data.bodik.jp/dataset/9a7f8f4b-7f70-4a08-9633-d54e44bdf88f/resource/e61794f7-ae6a-49a1-84a4-88ad6b2f4fdd/download/242128_public_toilet.csv,csv,unknown,CC BY 4.0,熊野市「熊野市公衆トイレ一覧」を加工して作成,https://creativecommons.org/licenses/by/4.0/,unknown,2024-03-14,2026-09-20,published
pt-24324-001,24,三重県,24324,東員町,public-toilet,【三重県東員町】公衆トイレ一覧,https://data.bodik.jp/dataset/243248_public_toilet,https://data.bodik.jp/dataset/a2c2a29e-d9ab-43fc-9450-a61d212e2f6b/resource/26905da3-8e74-4ccd-b2de-0cebc1de834f/download/243248_public_toilet.csv,csv,municipal-standard-ods,CC BY 4.0,東員町「【三重県東員町】公衆トイレ一覧」を加工して作成,https://creativecommons.org/licenses/by/4.0/,unknown,2024-11-28,2026-09-20,published
pt-25201-001,25,滋賀県,25201,大津市,public-toilet,公衆トイレ一覧（公園緑地課所管）,https://data.bodik.jp/dataset/252018_p_61538,https://data.bodik.jp/dataset/6684de7a-c960-4f0d-a07e-ca465de8b06f/resource/97e0d702-eb18-450d-a681-28f8af30ddd7/download/od615382025040100600.csv,csv,municipal-standard-ods,CC BY,大津市「公衆トイレ一覧（公園緑地課所管）」を加工して作成,https://data.bodik.jp/dataset/252018_p_61538,partial,2025-04-01,2026-09-20,published
pt-25201-002,25,滋賀県,25201,大津市,public-toilet,公衆トイレ一覧（廃棄物減量推進課所管）,https://data.bodik.jp/dataset/252018_p_6817_1472121578952,https://data.bodik.jp/dataset/2fa02245-03de-4b8f-9966-fd8240841b20/resource/f99ab1ce-de88-4c93-afce-d69f57236360/download/od681720250313168500.csv,csv,unknown,CC BY,大津市「公衆トイレ一覧（廃棄物減量推進課所管）」を加工して作成,https://data.bodik.jp/dataset/252018_p_6817_1472121578952,partial,2025-03-13,2026-09-20,published
pt-25201-003,25,滋賀県,25201,大津市,public-toilet,公衆トイレ一覧（観光振興課所管）,https://data.bodik.jp/dataset/252018_p_54656_54656,https://data.bodik.jp/dataset/2a7ba6ea-807e-496b-9780-7a8b8a5d250a/resource/930e51e4-dc58-48cc-af5f-4acbdbf89a85/download/od546562026032600200.csv,csv,unknown,CC BY,大津市「公衆トイレ一覧（観光振興課所管）」を加工して作成,https://data.bodik.jp/dataset/252018_p_54656_54656,partial,2026-03-26,2026-09-20,published
pt-25202-001,25,滋賀県,25202,彦根市,public-toilet,公衆トイレ一覧,https://data.bodik.jp/dataset/252026_koushu_toilet20210207,https://data.bodik.jp/dataset/81c95acb-fb52-4253-a003-f785288e20ce/resource/c0d703e8-c2e3-4ea5-966f-6bfca1a00bec/download/08_kousyu_toilet.csv,csv,unknown,CC BY 4.0,彦根市「公衆トイレ一覧」を加工して作成,https://creativecommons.org/licenses/by/4.0/,unknown,2026-04-16,2026-09-20,published
pt-25204-001,25,滋賀県,25204,近江八幡市,public-toilet,近江八幡市　公衆トイレ一覧,https://data.bodik.jp/dataset/252042_public_toilet,https://data.bodik.jp/dataset/9827d8b9-0ed9-47d9-aef2-d4f5ff626802/resource/bd6cd4ef-88a2-40c2-a3c0-4df903a7d673/download/252042_public_toilet.xlsx,xlsx,municipal-standard-ods,CC BY 4.0,近江八幡市「近江八幡市　公衆トイレ一覧」を加工して作成,https://creativecommons.org/licenses/by/4.0/,unknown,2025-11-10,2026-09-20,published
pt-25212-001,25,滋賀県,25212,高島市,public-toilet,高島市　公衆トイレ一覧,https://data.bodik.jp/dataset/252123_public_toilet,https://data.bodik.jp/dataset/2556542f-ed9a-4009-88c7-76f4e6839369/resource/55b2c3d6-00ed-476a-929a-de821b7bae5c/download/252123_public_toilet.csv,csv,unknown,CC BY 4.0,高島市「高島市　公衆トイレ一覧」を加工して作成,https://creativecommons.org/licenses/by/4.0/,unknown,2023-02-13,2026-09-20,published
pt-26100-001,26,京都府,26100,京都市,public-toilet,トイレ一覧,https://data.city.kyoto.lg.jp/dataset/00307/,https://data.city.kyoto.lg.jp/resource/?id=20314,xlsx,non-standard,CC BY 4.0,京都市「トイレ一覧」を加工して作成,https://creativecommons.org/licenses/by/4.0/,partial,2026-09-04,2026-09-19,published
pt-26201-001,26,京都府,26201,福知山市,public-toilet,【福知山市】公衆トイレ一覧,https://data.bodik.jp/dataset/262013_kousyutoire_ichiran,https://data.bodik.jp/dataset/8aaaec0f-242a-47e1-9a5f-10bb1185ad45/resource/88642169-f9ca-4621-a9ec-f826ff2e5253/download/262013kosyutoire.csv,csv,unknown,CC BY 4.0,福知山市「【福知山市】公衆トイレ一覧」を加工して作成,https://creativecommons.org/licenses/by/4.0/,unknown,2021-10-26,2026-09-20,published
pt-26204-001,26,京都府,26204,宇治市,public-toilet,【宇治市】公衆トイレ,https://data.bodik.jp/dataset/262048_public_toilet,https://data.bodik.jp/dataset/1583a43e-2022-40bc-84d6-ce48dd315383/resource/0442cafb-3a74-4d18-9646-6b9b5c7aee9e/download/262048_public_toilet.csv,csv,unknown,CC BY 4.0,宇治市「【宇治市】公衆トイレ」を加工して作成,https://creativecommons.org/licenses/by/4.0/,unknown,2023-03-17,2026-09-20,published
pt-27100-001,27,大阪府,27100,大阪市,public-toilet,施設情報ポイントデータ（公衆トイレ）,https://www.city.osaka.lg.jp/toshikeikaku/page/0000250227.html,https://www.mapnavi.city.osaka.lg.jp/osakacity/osakacity/opendatafile/map_1/CSV/opendata_1011.csv,csv,non-standard,CC BY,大阪市「施設情報ポイントデータ（公衆トイレ）」を加工して作成,https://www.city.osaka.lg.jp/toshikeikaku/page/0000250227.html,unknown,,2026-09-19,published
pt-27140-001,27,大阪府,27140,堺市,public-toilet,堺市 公衆トイレ一覧,https://data.bodik.jp/dataset/271403_sakai_public_toilet,https://data.bodik.jp/dataset/1b678825-5fd0-4bf3-8e4f-bb8f090e8bb6/resource/aef828cb-2ed3-4e66-8a19-03247d214b5a/download/sakai_public_toilet.csv,csv,unknown,CC BY 4.0,堺市「堺市 公衆トイレ一覧」を加工して作成,https://creativecommons.org/licenses/by/4.0/,unknown,2025-04-08,2026-09-20,published
pt-27203-001,27,大阪府,27203,豊中市,public-toilet,公衆トイレ一覧（豊中市）,https://data.bodik.jp/dataset/272035_public_toilet,https://data.bodik.jp/dataset/4854d267-09b7-49e2-9b3e-ed67d7316aa2/resource/3d3732df-0410-4ae7-a6a2-8f531a010799/download/272035_public_toilet.csv,csv,municipal-standard-ods,CC BY 4.0,豊中市「公衆トイレ一覧（豊中市）」を加工して作成,https://creativecommons.org/licenses/by/4.0/,unknown,2026-05-29,2026-09-20,published
pt-27204-001,27,大阪府,27204,池田市,public-toilet,公衆トイレ一覧,https://data.bodik.jp/dataset/270008_barrier_free_toilet,https://data.bodik.jp/dataset/270008_barrier_free_toilet/resource/7fe0084f-94e1-4c4f-8010-028ea0596bfd,csv,non-standard,CC BY 4.0,池田市「公衆トイレ一覧」を加工して作成,https://creativecommons.org/licenses/by/4.0/,unknown,,2026-09-23,published
pt-27205-001,27,大阪府,27205,吹田市,public-toilet,公衆トイレ一覧,https://data.bodik.jp/dataset/270008_barrier_free_toilet,https://data.bodik.jp/dataset/270008_barrier_free_toilet/resource/7fe0084f-94e1-4c4f-8010-028ea0596bfd,csv,non-standard,CC BY 4.0,吹田市「公衆トイレ一覧」を加工して作成,https://creativecommons.org/licenses/by/4.0/,unknown,,2026-09-23,published
pt-27207-001,27,大阪府,27207,高槻市,public-toilet,公衆トイレ一覧,https://data.bodik.jp/dataset/270008_barrier_free_toilet,https://data.bodik.jp/dataset/270008_barrier_free_toilet/resource/7fe0084f-94e1-4c4f-8010-028ea0596bfd,csv,non-standard,CC BY 4.0,高槻市「公衆トイレ一覧」を加工して作成,https://creativecommons.org/licenses/by/4.0/,unknown,,2026-09-23,published
pt-27208-001,27,大阪府,27208,貝塚市,public-toilet,公衆トイレ一覧,https://data.bodik.jp/dataset/272086_publictoilet,https://data.bodik.jp/dataset/71204cc6-fe04-4054-8f1c-5e51c575bfac/resource/c2980113-7b40-4cae-92a6-ad70816f5c74/download/272086_public_toilet.csv,csv,unknown,CC BY 4.0,貝塚市「公衆トイレ一覧」を加工して作成,https://creativecommons.org/licenses/by/4.0/,unknown,2022-07-05,2026-09-20,published
pt-27209-001,27,大阪府,27209,守口市,public-toilet,公衆トイレ一覧,https://www.city.moriguchi.osaka.jp/kakukanoannai/kikakuzaiseibu/gyouzaisei-dxsuishin/3312.html,https://www.city.moriguchi.osaka.jp/material/files/group/7/272094_public_toilet.xlsx,xlsx,unknown,CC BY 4.0,守口市「公衆トイレ一覧」を加工して作成,https://creativecommons.org/licenses/by/4.0/,unknown,2026-02-25,2026-09-20,published
pt-27210-001,27,大阪府,27210,枚方市,public-toilet,公衆トイレ一覧,https://www.city.hirakata.osaka.jp/0000023432.html,https://www.city.hirakata.osaka.jp/cmsfiles/contents/0000023/23432/hirakata_public_toilet.csv,csv,non-standard,CC BY 2.1 Japan,枚方市「公衆トイレ一覧」を加工して作成,https://creativecommons.org/licenses/by/2.1/jp/,partial,2022-03-17,2026-09-20,published
pt-27211-001,27,大阪府,27211,茨木市,public-toilet,公衆トイレ一覧,https://data.bodik.jp/dataset/270008_barrier_free_toilet,https://data.bodik.jp/dataset/270008_barrier_free_toilet/resource/7fe0084f-94e1-4c4f-8010-028ea0596bfd,csv,non-standard,CC BY 4.0,茨木市「公衆トイレ一覧」を加工して作成,https://creativecommons.org/licenses/by/4.0/,unknown,,2026-09-23,published
pt-27212-001,27,大阪府,27212,八尾市,public-toilet,公衆トイレ一覧,https://data.bodik.jp/dataset/270008_barrier_free_toilet,https://data.bodik.jp/dataset/270008_barrier_free_toilet/resource/7fe0084f-94e1-4c4f-8010-028ea0596bfd,csv,non-standard,CC BY 4.0,八尾市「公衆トイレ一覧」を加工して作成,https://creativecommons.org/licenses/by/4.0/,unknown,,2026-09-23,published
pt-27213-001,27,大阪府,27213,泉佐野市,public-toilet,公衆トイレ一覧,https://data.bodik.jp/dataset/270008_barrier_free_toilet,https://data.bodik.jp/dataset/270008_barrier_free_toilet/resource/7fe0084f-94e1-4c4f-8010-028ea0596bfd,csv,non-standard,CC BY 4.0,泉佐野市「公衆トイレ一覧」を加工して作成,https://creativecommons.org/licenses/by/4.0/,unknown,,2026-09-23,published
pt-27214-001,27,大阪府,27214,富田林市,public-toilet,公衆トイレ一覧,https://data.bodik.jp/dataset/272141_koushuutoire,https://data.bodik.jp/dataset/142af3fa-6154-472f-9cf7-6777d1ae7738/resource/d89b3b82-f3e9-42aa-8ae7-400f019d682a/download/10_.csv,csv,municipal-standard-ods,CC BY 4.0,富田林市「公衆トイレ一覧」を加工して作成,https://creativecommons.org/licenses/by/4.0/,unknown,2025-05-12,2026-09-20,published
pt-27215-001,27,大阪府,27215,寝屋川市,public-toilet,公衆トイレ一覧,https://data.bodik.jp/dataset/272159_public_toilet,https://data.bodik.jp/dataset/52ae5039-ff5c-48c6-b60e-8378325c7131/resource/5eb1e2d4-e916-4379-bffc-196c49a55c37/download/272159_public_toilet_20260801.csv,csv,unknown,CC BY 4.0,寝屋川市「公衆トイレ一覧」を加工して作成,https://creativecommons.org/licenses/by/4.0/,unknown,2026-08-03,2026-09-20,published
pt-27216-001,27,大阪府,27216,河内長野市,public-toilet,公衆トイレ一覧,https://www.city.kawachinagano.lg.jp/soshiki/25/3461.html,https://www.city.kawachinagano.lg.jp/uploaded/attachment/36828.csv,csv,non-standard,CC BY 4.0,河内長野市「公衆トイレ一覧」を加工して作成,https://creativecommons.org/licenses/by/4.0/,unknown,,2026-09-20,published
pt-27217-001,27,大阪府,27217,松原市,public-toilet,公衆トイレ一覧,https://data.bodik.jp/dataset/270008_barrier_free_toilet,https://data.bodik.jp/dataset/270008_barrier_free_toilet/resource/7fe0084f-94e1-4c4f-8010-028ea0596bfd,csv,non-standard,CC BY 4.0,松原市「公衆トイレ一覧」を加工して作成,https://creativecommons.org/licenses/by/4.0/,unknown,,2026-09-23,published
pt-27218-001,27,大阪府,27218,大東市,public-toilet,トイレのある公園一覧,https://data.bodik.jp/dataset/272183_kouen1,https://data.bodik.jp/dataset/e8470f3e-89ec-4c17-9398-35b181864a71/resource/7053f547-8dd5-493c-89ce-d77f4f4c3f66/download/.xlsx,xlsx,municipal-standard-ods,CC BY 2.1 Japan,大東市「トイレのある公園一覧」を加工して作成,https://creativecommons.org/licenses/by/2.1/jp/,unknown,2023-12-04,2026-09-20,published
pt-27219-001,27,大阪府,27219,和泉市,public-toilet,公衆トイレ一覧,https://data.bodik.jp/dataset/270008_barrier_free_toilet,https://data.bodik.jp/dataset/270008_barrier_free_toilet/resource/7fe0084f-94e1-4c4f-8010-028ea0596bfd,csv,non-standard,CC BY 4.0,和泉市「公衆トイレ一覧」を加工して作成,https://creativecommons.org/licenses/by/4.0/,unknown,,2026-09-23,published
pt-27220-001,27,大阪府,27220,箕面市,public-toilet,公衆トイレ一覧,https://data.bodik.jp/dataset/272205_public_toilet,https://data.bodik.jp/dataset/de9dec3f-2dfb-477d-96ce-cf3510ddc112/resource/b4ca9077-f744-49a0-882d-0066fde2e00e/download/272205_public_toilet.csv,csv,municipal-standard-ods,CC BY 4.0,箕面市「公衆トイレ一覧」を加工して作成,https://creativecommons.org/licenses/by/4.0/,unknown,2025-10-23,2026-09-20,published
pt-27221-001,27,大阪府,27221,柏原市,public-toilet,公衆トイレ一覧,https://data.bodik.jp/dataset/270008_barrier_free_toilet,https://data.bodik.jp/dataset/270008_barrier_free_toilet/resource/7fe0084f-94e1-4c4f-8010-028ea0596bfd,csv,non-standard,CC BY 4.0,柏原市「公衆トイレ一覧」を加工して作成,https://creativecommons.org/licenses/by/4.0/,unknown,,2026-09-23,published
pt-27223-001,27,大阪府,27223,門真市,public-toilet,公衆トイレ一覧,https://data.bodik.jp/dataset/272230_public_toilet,https://data.bodik.jp/dataset/aea68c66-61be-4e98-9677-d3808c5f485c/resource/08b49043-ec92-43f8-a42b-3609eaa9e074/download/272230_public_toilet.csv,csv,unknown,CC BY 4.0,門真市「公衆トイレ一覧」を加工して作成,https://creativecommons.org/licenses/by/4.0/,unknown,2021-12-23,2026-09-20,published
pt-27226-001,27,大阪府,27226,藤井寺市,public-toilet,公衆トイレ一覧,https://data.bodik.jp/dataset/270008_barrier_free_toilet,https://data.bodik.jp/dataset/270008_barrier_free_toilet/resource/7fe0084f-94e1-4c4f-8010-028ea0596bfd,csv,non-standard,CC BY 4.0,藤井寺市「公衆トイレ一覧」を加工して作成,https://creativecommons.org/licenses/by/4.0/,unknown,,2026-09-23,published
pt-27227-001,27,大阪府,27227,東大阪市,public-toilet,公衆トイレ一覧,https://data.bodik.jp/dataset/272272_13,https://data.bodik.jp/dataset/5cfec553-e55e-4bed-9aca-00f6ecfe6c45/resource/da2f9bef-57b6-43fd-844e-c9666fc4e096/download/272272_public_toilet.csv,csv,municipal-standard-ods,CC BY 4.0,東大阪市「公衆トイレ一覧」を加工して作成,https://creativecommons.org/licenses/by/4.0/,unknown,2026-08-28,2026-09-20,published
pt-27228-001,27,大阪府,27228,泉南市,public-toilet,公衆トイレ一覧,https://data.bodik.jp/dataset/270008_barrier_free_toilet,https://data.bodik.jp/dataset/270008_barrier_free_toilet/resource/7fe0084f-94e1-4c4f-8010-028ea0596bfd,csv,non-standard,CC BY 4.0,泉南市「公衆トイレ一覧」を加工して作成,https://creativecommons.org/licenses/by/4.0/,unknown,,2026-09-23,published
pt-27229-001,27,大阪府,27229,四條畷市,public-toilet,公衆トイレ一覧,https://data.bodik.jp/dataset/270008_barrier_free_toilet,https://data.bodik.jp/dataset/270008_barrier_free_toilet/resource/7fe0084f-94e1-4c4f-8010-028ea0596bfd,csv,non-standard,CC BY 4.0,四條畷市「公衆トイレ一覧」を加工して作成,https://creativecommons.org/licenses/by/4.0/,unknown,,2026-09-23,published
pt-27230-001,27,大阪府,27230,交野市,public-toilet,公衆トイレ一覧,https://data.bodik.jp/dataset/270008_barrier_free_toilet,https://data.bodik.jp/dataset/270008_barrier_free_toilet/resource/7fe0084f-94e1-4c4f-8010-028ea0596bfd,csv,non-standard,CC BY 4.0,交野市「公衆トイレ一覧」を加工して作成,https://creativecommons.org/licenses/by/4.0/,unknown,,2026-09-23,published
pt-27231-001,27,大阪府,27231,大阪狭山市,public-toilet,公衆トイレ一覧,https://data.bodik.jp/dataset/270008_barrier_free_toilet,https://data.bodik.jp/dataset/270008_barrier_free_toilet/resource/7fe0084f-94e1-4c4f-8010-028ea0596bfd,csv,non-standard,CC BY 4.0,大阪狭山市「公衆トイレ一覧」を加工して作成,https://creativecommons.org/licenses/by/4.0/,unknown,,2026-09-23,published
pt-27232-001,27,大阪府,27232,阪南市,public-toilet,公衆トイレ一覧,https://data.bodik.jp/dataset/272329_08,https://data.bodik.jp/dataset/5b38f2b6-e8bb-46b5-af2b-75d1a9b2d5c7/resource/56d8ed8d-1346-4f73-8fc1-b135eeb4c80c/download/272329_public_toilet_20230101.csv,csv,unknown,CC BY 4.0,阪南市「公衆トイレ一覧」を加工して作成,https://creativecommons.org/licenses/by/4.0/,unknown,2023-08-17,2026-09-20,published
pt-27301-001,27,大阪府,27301,島本町,public-toilet,公衆トイレ一覧,https://data.bodik.jp/dataset/270008_barrier_free_toilet,https://data.bodik.jp/dataset/270008_barrier_free_toilet/resource/7fe0084f-94e1-4c4f-8010-028ea0596bfd,csv,non-standard,CC BY 4.0,島本町「公衆トイレ一覧」を加工して作成,https://creativecommons.org/licenses/by/4.0/,unknown,,2026-09-23,published
pt-27321-001,27,大阪府,27321,豊能町,public-toilet,公衆トイレ一覧,https://data.bodik.jp/dataset/270008_barrier_free_toilet,https://data.bodik.jp/dataset/270008_barrier_free_toilet/resource/7fe0084f-94e1-4c4f-8010-028ea0596bfd,csv,non-standard,CC BY 4.0,豊能町「公衆トイレ一覧」を加工して作成,https://creativecommons.org/licenses/by/4.0/,unknown,,2026-09-23,published
pt-27322-001,27,大阪府,27322,能勢町,public-toilet,公衆トイレ一覧,https://data.bodik.jp/dataset/270008_barrier_free_toilet,https://data.bodik.jp/dataset/270008_barrier_free_toilet/resource/7fe0084f-94e1-4c4f-8010-028ea0596bfd,csv,non-standard,CC BY 4.0,能勢町「公衆トイレ一覧」を加工して作成,https://creativecommons.org/licenses/by/4.0/,unknown,,2026-09-23,published
pt-27361-001,27,大阪府,27361,熊取町,public-toilet,公衆トイレ一覧,https://data.bodik.jp/dataset/273619_public_toilet,https://data.bodik.jp/dataset/ffd0ba39-8d14-4714-8dc7-57a1cc8a7dd6/resource/9418dad2-658e-4c9e-9fe2-b9f9d7430beb/download/273619_public_toilet.csv,csv,unknown,CC BY 4.0,熊取町「公衆トイレ一覧」を加工して作成,https://creativecommons.org/licenses/by/4.0/,unknown,2024-12-12,2026-09-20,published
pt-27366-001,27,大阪府,27366,岬町,public-toilet,公衆トイレ一覧,https://data.bodik.jp/dataset/270008_barrier_free_toilet,https://data.bodik.jp/dataset/270008_barrier_free_toilet/resource/7fe0084f-94e1-4c4f-8010-028ea0596bfd,csv,non-standard,CC BY 4.0,岬町「公衆トイレ一覧」を加工して作成,https://creativecommons.org/licenses/by/4.0/,unknown,,2026-09-23,published
pt-27381-001,27,大阪府,27381,太子町,public-toilet,公衆トイレ一覧,https://data.bodik.jp/dataset/270008_barrier_free_toilet,https://data.bodik.jp/dataset/270008_barrier_free_toilet/resource/7fe0084f-94e1-4c4f-8010-028ea0596bfd,csv,non-standard,CC BY 4.0,太子町「公衆トイレ一覧」を加工して作成,https://creativecommons.org/licenses/by/4.0/,unknown,,2026-09-23,published
pt-27382-001,27,大阪府,27382,河南町,public-toilet,公衆トイレ一覧,https://data.bodik.jp/dataset/270008_barrier_free_toilet,https://data.bodik.jp/dataset/270008_barrier_free_toilet/resource/7fe0084f-94e1-4c4f-8010-028ea0596bfd,csv,non-standard,CC BY 4.0,河南町「公衆トイレ一覧」を加工して作成,https://creativecommons.org/licenses/by/4.0/,unknown,,2026-09-23,published
pt-27383-001,27,大阪府,27383,千早赤阪村,public-toilet,公衆トイレ一覧,https://data.bodik.jp/dataset/270008_barrier_free_toilet,https://data.bodik.jp/dataset/270008_barrier_free_toilet/resource/7fe0084f-94e1-4c4f-8010-028ea0596bfd,csv,non-standard,CC BY 4.0,千早赤阪村「公衆トイレ一覧」を加工して作成,https://creativecommons.org/licenses/by/4.0/,unknown,,2026-09-23,published
pt-28100-001,28,兵庫県,28100,神戸市,public-toilet,こうべ・だれでもトイレ設置施設一覧,https://catalog.city.kobe.lg.jp/dataset/8150-7-2-0-4-6b25309fee96a05b04e12ffb933c34ec-a85e65c296b41803-14147bba3a42cc0c,https://catalog.city.kobe.lg.jp/dataset/8150-7-2-0-4-6b25309fee96a05b04e12ffb933c34ec-a85e65c296b41803-14147bba3a42cc0c/resource/d36dcde5-b787-446d-94a2-4f3e78227cb5,csv,non-standard,CC BY,神戸市「こうべ・だれでもトイレ設置施設一覧」を加工して作成,https://catalog.city.kobe.lg.jp/dataset/8150-7-2-0-4-6b25309fee96a05b04e12ffb933c34ec-a85e65c296b41803-14147bba3a42cc0c,partial,2026-05-07,2026-09-19,published
pt-28203-001,28,兵庫県,28203,明石市,public-toilet,公衆トイレ一覧,https://www.city.akashi.lg.jp/soumu/j_kanri_ka/shise/opendata/index.html,https://www.city.akashi.lg.jp/documents/29427/282031_public_toilet.csv,csv,municipal-standard-ods,CC BY 4.0,明石市「公衆トイレ一覧」を加工して作成,https://creativecommons.org/licenses/by/4.0/,full,2026-08-25,2026-09-21,published
pt-28204-001,28,兵庫県,28204,西宮市,public-toilet,公衆便所一覧,https://opendata.nishi.or.jp/opendata/ResultDetail.php?id=27,https://opendata.nishi.or.jp/opendata/files/27/xxxxxx_public_toilet.csv,csv,municipal-standard-ods,PDL 1.0,西宮市「公衆便所一覧」を加工して作成,https://www.digital.go.jp/resources/open_data/public_data_license_v1.0,partial,2026-04-06,2026-09-23,published
pt-28208-001,28,兵庫県,28208,相生市,public-toilet,相生市公衆トイレ,https://www.geospatial.jp/ckan/dataset/aioirestroom,https://www.geospatial.jp/ckan/dataset/2aa5dd6e-ec3f-4e19-ba47-d79e87d18581/resource/0e1cf8ca-918b-4842-999b-6de22552f8a4/download/aioirestroom.csv,csv,unknown,PDL1.0,相生市「相生市公衆トイレ」を加工して作成,https://www.digital.go.jp/resources/open_data/public_data_license_v1.0,unknown,2026-08-06,2026-09-20,published
pt-28214-002,28,兵庫県,28214,宝塚市,public-toilet,宝塚市立公衆便所一覧,https://www.city.takarazuka.hyogo.jp/1060687/1060729/1014984/1026522.html,https://www.city.takarazuka.hyogo.jp/_res/projects/default_project/_page_/001/026/522/kousyubenjo_takarazuka.xlsx,xlsx,municipal-standard-ods,CC BY 4.0,宝塚市「宝塚市立公衆便所一覧」を加工して作成,https://creativecommons.org/licenses/by/4.0/,partial,2025-09-30,2026-09-23,published
pt-28214-001,28,兵庫県,28214,宝塚市,public-toilet,公園内トイレ,https://www.city.takarazuka.hyogo.jp/1060687/1060729/1014984/1026521.html,https://www.city.takarazuka.hyogo.jp/_res/projects/default_project/_page_/001/026/521/toire-kouen_2.xlsx,xlsx,municipal-standard-ods,CC BY 4.0,宝塚市「公園内トイレ」を加工して作成,https://creativecommons.org/licenses/by/4.0/,partial,2025-10-01,2026-09-23,published
pt-28223-001,28,兵庫県,28223,丹波市,public-toilet,公衆トイレ一覧,https://data.bodik.jp/dataset/282235_toilet,https://data.bodik.jp/dataset/70ee93c3-f48f-4862-bd58-8cb254acbd7e/resource/7a7df301-4d30-46ea-bc9b-72157bfcccd0/download/toilet.csv,csv,unknown,CC BY 4.0,丹波市「公衆トイレ一覧」を加工して作成,https://creativecommons.org/licenses/by/4.0/,unknown,2025-03-25,2026-09-20,published
pt-28229-001,28,兵庫県,28229,たつの市,public-toilet,公衆トイレ一覧,https://www.city.tatsuno.lg.jp/soshiki/1003/gyomu/2/1/1720.html,https://www.city.tatsuno.lg.jp/material/files/group/4/13toilet.csv,csv,municipal-standard-ods,CC BY 4.0,たつの市「公衆トイレ一覧」を加工して作成,https://creativecommons.org/licenses/by/4.0/,unknown,2026-08-26,2026-09-21,published
pt-28501-001,28,兵庫県,28501,佐用町,public-toilet,公衆トイレ一覧,https://www.town.sayo.lg.jp/cms-sypher/www/info/detail.jsp?id=10371,https://www.town.sayo.lg.jp/open_data/285013_public_toilet_list.csv,csv,municipal-standard-ods,CC BY 2.1 Japan,佐用町「公衆トイレ一覧」を加工して作成,https://creativecommons.org/licenses/by/2.1/jp/,unknown,,2026-10-01,published
pt-28585-001,28,兵庫県,28585,香美町,public-toilet,香美町_公衆便所一覧,https://data.bodik.jp/dataset/285854_koushubenjo,https://data.bodik.jp/dataset/70bea9d6-49dd-42da-9163-47bb245fd767/resource/3ae49a72-8888-43d2-9d03-f8d19663350c/download/kami_koushubenjo.csv,csv,non-standard,CC BY 4.0,香美町「香美町_公衆便所一覧」を加工して作成,https://creativecommons.org/licenses/by/4.0/,unknown,,2026-09-23,published
pt-28586-001,28,兵庫県,28586,新温泉町,public-toilet,新温泉町_公衆トイレ一覧,https://www.town.shinonsen.hyogo.jp/page/index.php?mode=detail&page_id=11af08fd321c24319b24e40295771b09,https://www.town.shinonsen.hyogo.jp/uppdf/1687931549.xlsx,xlsx,municipal-standard-ods,CC BY 4.0,新温泉町「新温泉町_公衆トイレ一覧」を加工して作成,https://creativecommons.org/licenses/by/4.0/,unknown,,2026-10-01,published
pt-29201-001,29,奈良県,29201,奈良市,public-toilet,奈良公園周辺トイレ一覧,https://www.pref.nara.lg.jp/n026/52335.html,https://www.pref.nara.lg.jp/documents/11885/210408toirezyouhou.csv,csv,,Creative Commons Attribution,奈良県「奈良公園周辺トイレ一覧」を加工して作成,https://www.pref.nara.lg.jp/n026/52335.html,partial,2021-04-08,2026-10-01,published
pt-29203-001,29,奈良県,29203,大和郡山市,public-toilet,公衆トイレ一覧,https://www.city.yamatokoriyama.lg.jp/shiseijoho/shinotorikumi/sonohokanojigyo_torikumi/5605.html,https://www.city.yamatokoriyama.lg.jp/material/files/group/2/292036_public_toilet.csv,csv,non-standard,CC BY 4.0,大和郡山市「公衆トイレ一覧」を加工して作成,https://creativecommons.org/licenses/by/4.0/,unknown,,2026-09-21,published
pt-29205-001,29,奈良県,29205,橿原市,public-toilet,橿原市_公衆トイレ一覧,https://data.bodik.jp/dataset/292052_publictoilet,https://data.bodik.jp/dataset/8dea5444-22a3-4d92-a2e2-514d03d208c8/resource/a5f7fbe7-51c0-4383-aed3-5f9ce4f3924c/download/292052_public_toilet.csv,csv,municipal-standard-ods,CC BY 4.0,橿原市「橿原市_公衆トイレ一覧」を加工して作成,https://creativecommons.org/licenses/by/4.0/,unknown,2025-05-28,2026-09-20,published
pt-29206-001,29,奈良県,29206,桜井市,public-toilet,公衆トイレ一覧,https://www.city.sakurai.lg.jp/sosiki/soumu/innovationsuisinsitsu/sakuraisiopundeta/8535.html,https://www.city.sakurai.lg.jp/material/files/group/40/292061_public_toilet.csv,csv,municipal-standard-ods,CC BY 4.0,桜井市「公衆トイレ一覧」を加工して作成,https://creativecommons.org/licenses/by/4.0/,unknown,,2026-10-01,published
pt-29208-001,29,奈良県,29208,御所市,public-toilet,公衆トイレ一覧,https://www.city.gose.nara.jp/0000002623.html,https://www.city.gose.nara.jp/cmsfiles/contents/0000002/2623/292087_public_toilet.csv,csv,legacy-recommended-dataset,CC BY 4.0,御所市「公衆トイレ一覧」を加工して作成,https://creativecommons.org/licenses/by/4.0/,unknown,,2026-10-01,published
pt-29209-001,29,奈良県,29209,生駒市,public-toilet,生駒おでかけトイレマップ(多機能型）,https://data.bodik.jp/dataset/292095_1487391460,https://data.bodik.jp/dataset/3826f7a0-7bf5-4f48-9324-7e4b435cdaf7/resource/bde1315f-5cff-4d67-8650-3624cac2f35f/download/toiremap2807.csv,csv,non-standard,CC BY 4.0,生駒市「生駒おでかけトイレマップ(多機能型）」を加工して作成,https://creativecommons.org/licenses/by/4.0/,unknown,2025-08-18,2026-09-20,published
pt-29212-001,29,奈良県,29212,宇陀市,public-toilet,公衆トイレ,https://www.city.uda.lg.jp/soshiki/1/2092.html,https://www.city.uda.lg.jp/uploaded/attachment/3087.csv,csv,non-standard,CC BY 4.0,宇陀市「公衆トイレ」を加工して作成,https://creativecommons.org/licenses/by/4.0/,unknown,,2026-09-21,published
pt-29343-001,29,奈良県,29343,三郷町,public-toilet,公衆トイレ一覧,https://data.bodik.jp/dataset/293431_public_toilet,https://data.bodik.jp/dataset/293431_public_toilet/resource/1033aa68-0a02-4c7a-bacd-a613a4d32b13,csv,unknown,PDL1.0,三郷町「公衆トイレ一覧」を加工して作成,https://www.digital.go.jp/resources/open_data/public_data_license_v1.0,unknown,2026-04-21,2026-09-20,published
pt-29344-001,29,奈良県,29344,斑鳩町,public-toilet,公衆トイレ(CSV形式、1.81KB),https://odm.bodik.jp/dataset/293440_public_toilet_csv,https://www.town.ikaruga.nara.jp/cmsfiles/contents/0000001/1682/293440_public_toilet.csv,csv,municipal-standard-ods,CC BY,斑鳩町「公衆トイレ(CSV形式、1.81KB)」を加工して作成,https://odm.bodik.jp/dataset/293440_public_toilet_csv,unknown,,2026-09-23,published
pt-29363-001,29,奈良県,29363,田原本町,public-toilet,公衆トイレ一覧,https://www.town.tawaramoto.nara.jp/soshki/kousitsu/koho/gyosei/open_data/10275.html,https://www.town.tawaramoto.nara.jp/material/files/group/3/293636_public_toilet.csv,csv,municipal-standard-ods,CC BY 4.0,田原本町「公衆トイレ一覧」を加工して作成,https://www.town.tawaramoto.nara.jp/soshki/kousitsu/koho/gyosei/open_data/8396.html,unknown,,2026-10-01,published
pt-29425-001,29,奈良県,29425,王寺町,public-toilet,公衆トイレ一覧,https://www.town.oji.nara.jp/kakuka/somu/seisakusuishin/gyomuannai/koho_kocho/koho/3861.html,https://www.town.oji.nara.jp/material/files/group/2/294250_public_toilet_csv_2025.csv,csv,municipal-standard-ods,CC BY 4.0,王寺町「公衆トイレ一覧」を加工して作成,https://creativecommons.org/licenses/by/4.0/deed.ja,unknown,,2026-10-01,published
pt-29453-001,29,奈良県,29453,東吉野村,public-toilet,公衆トイレ一覧,https://vill.higashiyoshino.nara.jp/life/opendata/,http://www.vill.higashiyoshino.nara.jp/life/wp-content/uploads/sites/2/2020/11/294535_public_toilet.csv,csv,legacy-recommended-dataset,CC BY 4.0,東吉野村「公衆トイレ一覧」を加工して作成,https://creativecommons.org/licenses/by/4.0/,unknown,,2026-10-01,published
pt-30201-001,30,和歌山県,30201,和歌山市,public-toilet,014_公衆トイレ一覧_和歌山市,https://data.bodik.jp/dataset/302015_public_toilet,https://data.bodik.jp/dataset/ac024347-8452-4f05-a274-9ba54d35c030/resource/2aa895a1-a07f-4ad1-b87d-dcf8a0f7a211/download/302015_public_toilet.csv,csv,municipal-standard-ods,PDL1.0,和歌山市「014_公衆トイレ一覧_和歌山市」を加工して作成,https://www.digital.go.jp/resources/open_data/public_data_license_v1.0,unknown,2026-06-24,2026-09-20,published
pt-30202-001,30,和歌山県,30202,海南市,public-toilet,公衆トイレ一覧_海南市,https://data.bodik.jp/dataset/302023_public_toilet,https://data.bodik.jp/dataset/a069ad01-14de-410e-9fbc-b5eca242c1c7/resource/3269d877-3663-4bb6-87b8-0e4f6f9a651b/download/302023_public_toilet_in_park.csv,csv,non-standard,PDL1.0,海南市「公衆トイレ一覧_海南市」を加工して作成,https://www.digital.go.jp/resources/open_data/public_data_license_v1.0,unknown,2025-12-19,2026-09-20,published
pt-30203-001,30,和歌山県,30203,橋本市,public-toilet,【和歌山県】和歌山県内観光地の主な公共トイレ,https://odm.bodik.jp/dataset/300004_062500_kankoutitoire,https://data.bodik.jp/dataset/162ea783-cc6e-4f7b-b65c-35aa00c4e5a4/resource/3564d0ea-4636-4625-bb53-25ffd16c031b/download/ts4-file01duser143669.csv,csv,non-standard,CC BY 4.0,橋本市「【和歌山県】和歌山県内観光地の主な公共トイレ」を加工して作成,https://creativecommons.org/licenses/by/4.0/,unknown,,2026-09-23,published
pt-30204-001,30,和歌山県,30204,有田市,public-toilet,【和歌山県】和歌山県内観光地の主な公共トイレ,https://odm.bodik.jp/dataset/300004_062500_kankoutitoire,https://data.bodik.jp/dataset/162ea783-cc6e-4f7b-b65c-35aa00c4e5a4/resource/3564d0ea-4636-4625-bb53-25ffd16c031b/download/ts4-file01duser143669.csv,csv,non-standard,CC BY 4.0,有田市「【和歌山県】和歌山県内観光地の主な公共トイレ」を加工して作成,https://creativecommons.org/licenses/by/4.0/,unknown,,2026-09-23,published
pt-30205-001,30,和歌山県,30205,御坊市,public-toilet,【和歌山県】和歌山県内観光地の主な公共トイレ,https://odm.bodik.jp/dataset/300004_062500_kankoutitoire,https://data.bodik.jp/dataset/162ea783-cc6e-4f7b-b65c-35aa00c4e5a4/resource/3564d0ea-4636-4625-bb53-25ffd16c031b/download/ts4-file01duser143669.csv,csv,non-standard,CC BY 4.0,御坊市「【和歌山県】和歌山県内観光地の主な公共トイレ」を加工して作成,https://creativecommons.org/licenses/by/4.0/,unknown,,2026-09-23,published
pt-30206-001,30,和歌山県,30206,田辺市,public-toilet,【和歌山県】和歌山県内観光地の主な公共トイレ,https://odm.bodik.jp/dataset/300004_062500_kankoutitoire,https://data.bodik.jp/dataset/162ea783-cc6e-4f7b-b65c-35aa00c4e5a4/resource/3564d0ea-4636-4625-bb53-25ffd16c031b/download/ts4-file01duser143669.csv,csv,non-standard,CC BY 4.0,田辺市「【和歌山県】和歌山県内観光地の主な公共トイレ」を加工して作成,https://creativecommons.org/licenses/by/4.0/,unknown,,2026-09-23,published
pt-30207-001,30,和歌山県,30207,新宮市,public-toilet,【和歌山県】和歌山県内観光地の主な公共トイレ,https://odm.bodik.jp/dataset/300004_062500_kankoutitoire,https://data.bodik.jp/dataset/162ea783-cc6e-4f7b-b65c-35aa00c4e5a4/resource/3564d0ea-4636-4625-bb53-25ffd16c031b/download/ts4-file01duser143669.csv,csv,non-standard,CC BY 4.0,新宮市「【和歌山県】和歌山県内観光地の主な公共トイレ」を加工して作成,https://creativecommons.org/licenses/by/4.0/,unknown,,2026-09-23,published
pt-30208-001,30,和歌山県,30208,紀の川市,public-toilet,【和歌山県】和歌山県内観光地の主な公共トイレ,https://odm.bodik.jp/dataset/300004_062500_kankoutitoire,https://data.bodik.jp/dataset/162ea783-cc6e-4f7b-b65c-35aa00c4e5a4/resource/3564d0ea-4636-4625-bb53-25ffd16c031b/download/ts4-file01duser143669.csv,csv,non-standard,CC BY 4.0,紀の川市「【和歌山県】和歌山県内観光地の主な公共トイレ」を加工して作成,https://creativecommons.org/licenses/by/4.0/,unknown,,2026-09-23,published
pt-30209-001,30,和歌山県,30209,岩出市,public-toilet,【和歌山県】和歌山県内観光地の主な公共トイレ,https://odm.bodik.jp/dataset/300004_062500_kankoutitoire,https://data.bodik.jp/dataset/162ea783-cc6e-4f7b-b65c-35aa00c4e5a4/resource/3564d0ea-4636-4625-bb53-25ffd16c031b/download/ts4-file01duser143669.csv,csv,non-standard,CC BY 4.0,岩出市「【和歌山県】和歌山県内観光地の主な公共トイレ」を加工して作成,https://creativecommons.org/licenses/by/4.0/,unknown,,2026-09-23,published
pt-30304-001,30,和歌山県,30304,紀美野町,public-toilet,公衆トイレ一覧,https://data.bodik.jp/dataset/303046_public_toilet,https://data.bodik.jp/dataset/f97ca6c3-1b16-4baa-8759-b99b693572e8/resource/206443ec-1985-43b8-b18b-2a7fdf224a48/download/303046_public_toilet.xlsx,xlsx,municipal-standard-ods,CC BY 4.0,紀美野町「公衆トイレ一覧」を加工して作成,https://creativecommons.org/licenses/by/4.0/,unknown,2026-07-07,2026-09-20,published
pt-30341-001,30,和歌山県,30341,かつらぎ町,public-toilet,【和歌山県】和歌山県内観光地の主な公共トイレ,https://odm.bodik.jp/dataset/300004_062500_kankoutitoire,https://data.bodik.jp/dataset/162ea783-cc6e-4f7b-b65c-35aa00c4e5a4/resource/3564d0ea-4636-4625-bb53-25ffd16c031b/download/ts4-file01duser143669.csv,csv,non-standard,CC BY 4.0,かつらぎ町「【和歌山県】和歌山県内観光地の主な公共トイレ」を加工して作成,https://creativecommons.org/licenses/by/4.0/,unknown,,2026-09-23,published
pt-30343-001,30,和歌山県,30343,九度山町,public-toilet,【和歌山県】和歌山県内観光地の主な公共トイレ,https://odm.bodik.jp/dataset/300004_062500_kankoutitoire,https://data.bodik.jp/dataset/162ea783-cc6e-4f7b-b65c-35aa00c4e5a4/resource/3564d0ea-4636-4625-bb53-25ffd16c031b/download/ts4-file01duser143669.csv,csv,non-standard,CC BY 4.0,九度山町「【和歌山県】和歌山県内観光地の主な公共トイレ」を加工して作成,https://creativecommons.org/licenses/by/4.0/,unknown,,2026-09-23,published
pt-30344-001,30,和歌山県,30344,高野町,public-toilet,【和歌山県】和歌山県内観光地の主な公共トイレ,https://odm.bodik.jp/dataset/300004_062500_kankoutitoire,https://data.bodik.jp/dataset/162ea783-cc6e-4f7b-b65c-35aa00c4e5a4/resource/3564d0ea-4636-4625-bb53-25ffd16c031b/download/ts4-file01duser143669.csv,csv,non-standard,CC BY 4.0,高野町「【和歌山県】和歌山県内観光地の主な公共トイレ」を加工して作成,https://creativecommons.org/licenses/by/4.0/,unknown,,2026-09-23,published
pt-30361-001,30,和歌山県,30361,湯浅町,public-toilet,【和歌山県】和歌山県内観光地の主な公共トイレ,https://odm.bodik.jp/dataset/300004_062500_kankoutitoire,https://data.bodik.jp/dataset/162ea783-cc6e-4f7b-b65c-35aa00c4e5a4/resource/3564d0ea-4636-4625-bb53-25ffd16c031b/download/ts4-file01duser143669.csv,csv,non-standard,CC BY 4.0,湯浅町「【和歌山県】和歌山県内観光地の主な公共トイレ」を加工して作成,https://creativecommons.org/licenses/by/4.0/,unknown,,2026-09-23,published
pt-30362-001,30,和歌山県,30362,広川町,public-toilet,【和歌山県】和歌山県内観光地の主な公共トイレ,https://odm.bodik.jp/dataset/300004_062500_kankoutitoire,https://data.bodik.jp/dataset/162ea783-cc6e-4f7b-b65c-35aa00c4e5a4/resource/3564d0ea-4636-4625-bb53-25ffd16c031b/download/ts4-file01duser143669.csv,csv,non-standard,CC BY 4.0,広川町「【和歌山県】和歌山県内観光地の主な公共トイレ」を加工して作成,https://creativecommons.org/licenses/by/4.0/,unknown,,2026-09-23,published
pt-30366-001,30,和歌山県,30366,有田川町,public-toilet,【和歌山県】和歌山県内観光地の主な公共トイレ,https://odm.bodik.jp/dataset/300004_062500_kankoutitoire,https://data.bodik.jp/dataset/162ea783-cc6e-4f7b-b65c-35aa00c4e5a4/resource/3564d0ea-4636-4625-bb53-25ffd16c031b/download/ts4-file01duser143669.csv,csv,non-standard,CC BY 4.0,有田川町「【和歌山県】和歌山県内観光地の主な公共トイレ」を加工して作成,https://creativecommons.org/licenses/by/4.0/,unknown,,2026-09-23,published
pt-30381-001,30,和歌山県,30381,美浜町,public-toilet,【和歌山県】和歌山県内観光地の主な公共トイレ,https://odm.bodik.jp/dataset/300004_062500_kankoutitoire,https://data.bodik.jp/dataset/162ea783-cc6e-4f7b-b65c-35aa00c4e5a4/resource/3564d0ea-4636-4625-bb53-25ffd16c031b/download/ts4-file01duser143669.csv,csv,non-standard,CC BY 4.0,美浜町「【和歌山県】和歌山県内観光地の主な公共トイレ」を加工して作成,https://creativecommons.org/licenses/by/4.0/,unknown,,2026-09-23,published
pt-30382-001,30,和歌山県,30382,日高町,public-toilet,【和歌山県】和歌山県内観光地の主な公共トイレ,https://odm.bodik.jp/dataset/300004_062500_kankoutitoire,https://data.bodik.jp/dataset/162ea783-cc6e-4f7b-b65c-35aa00c4e5a4/resource/3564d0ea-4636-4625-bb53-25ffd16c031b/download/ts4-file01duser143669.csv,csv,non-standard,CC BY 4.0,日高町「【和歌山県】和歌山県内観光地の主な公共トイレ」を加工して作成,https://creativecommons.org/licenses/by/4.0/,unknown,,2026-09-23,published
pt-30383-001,30,和歌山県,30383,由良町,public-toilet,【和歌山県】和歌山県内観光地の主な公共トイレ,https://odm.bodik.jp/dataset/300004_062500_kankoutitoire,https://data.bodik.jp/dataset/162ea783-cc6e-4f7b-b65c-35aa00c4e5a4/resource/3564d0ea-4636-4625-bb53-25ffd16c031b/download/ts4-file01duser143669.csv,csv,non-standard,CC BY 4.0,由良町「【和歌山県】和歌山県内観光地の主な公共トイレ」を加工して作成,https://creativecommons.org/licenses/by/4.0/,unknown,,2026-09-23,published
pt-30390-001,30,和歌山県,30390,印南町,public-toilet,【和歌山県】和歌山県内観光地の主な公共トイレ,https://odm.bodik.jp/dataset/300004_062500_kankoutitoire,https://data.bodik.jp/dataset/162ea783-cc6e-4f7b-b65c-35aa00c4e5a4/resource/3564d0ea-4636-4625-bb53-25ffd16c031b/download/ts4-file01duser143669.csv,csv,non-standard,CC BY 4.0,印南町「【和歌山県】和歌山県内観光地の主な公共トイレ」を加工して作成,https://creativecommons.org/licenses/by/4.0/,unknown,,2026-09-23,published
pt-30391-001,30,和歌山県,30391,みなべ町,public-toilet,【和歌山県】和歌山県内観光地の主な公共トイレ,https://odm.bodik.jp/dataset/300004_062500_kankoutitoire,https://data.bodik.jp/dataset/162ea783-cc6e-4f7b-b65c-35aa00c4e5a4/resource/3564d0ea-4636-4625-bb53-25ffd16c031b/download/ts4-file01duser143669.csv,csv,non-standard,CC BY 4.0,みなべ町「【和歌山県】和歌山県内観光地の主な公共トイレ」を加工して作成,https://creativecommons.org/licenses/by/4.0/,unknown,,2026-09-23,published
pt-30392-001,30,和歌山県,30392,日高川町,public-toilet,【和歌山県】和歌山県内観光地の主な公共トイレ,https://odm.bodik.jp/dataset/300004_062500_kankoutitoire,https://data.bodik.jp/dataset/162ea783-cc6e-4f7b-b65c-35aa00c4e5a4/resource/3564d0ea-4636-4625-bb53-25ffd16c031b/download/ts4-file01duser143669.csv,csv,non-standard,CC BY 4.0,日高川町「【和歌山県】和歌山県内観光地の主な公共トイレ」を加工して作成,https://creativecommons.org/licenses/by/4.0/,unknown,,2026-09-23,published
pt-30401-001,30,和歌山県,30401,白浜町,public-toilet,【和歌山県】和歌山県内観光地の主な公共トイレ,https://odm.bodik.jp/dataset/300004_062500_kankoutitoire,https://data.bodik.jp/dataset/162ea783-cc6e-4f7b-b65c-35aa00c4e5a4/resource/3564d0ea-4636-4625-bb53-25ffd16c031b/download/ts4-file01duser143669.csv,csv,non-standard,CC BY 4.0,白浜町「【和歌山県】和歌山県内観光地の主な公共トイレ」を加工して作成,https://creativecommons.org/licenses/by/4.0/,unknown,,2026-09-23,published
pt-30404-001,30,和歌山県,30404,上富田町,public-toilet,【和歌山県】和歌山県内観光地の主な公共トイレ,https://odm.bodik.jp/dataset/300004_062500_kankoutitoire,https://data.bodik.jp/dataset/162ea783-cc6e-4f7b-b65c-35aa00c4e5a4/resource/3564d0ea-4636-4625-bb53-25ffd16c031b/download/ts4-file01duser143669.csv,csv,non-standard,CC BY 4.0,上富田町「【和歌山県】和歌山県内観光地の主な公共トイレ」を加工して作成,https://creativecommons.org/licenses/by/4.0/,unknown,,2026-09-23,published
pt-30406-001,30,和歌山県,30406,すさみ町,public-toilet,【和歌山県】和歌山県内観光地の主な公共トイレ,https://odm.bodik.jp/dataset/300004_062500_kankoutitoire,https://data.bodik.jp/dataset/162ea783-cc6e-4f7b-b65c-35aa00c4e5a4/resource/3564d0ea-4636-4625-bb53-25ffd16c031b/download/ts4-file01duser143669.csv,csv,non-standard,CC BY 4.0,すさみ町「【和歌山県】和歌山県内観光地の主な公共トイレ」を加工して作成,https://creativecommons.org/licenses/by/4.0/,unknown,,2026-09-23,published
pt-30421-001,30,和歌山県,30421,那智勝浦町,public-toilet,【和歌山県】和歌山県内観光地の主な公共トイレ,https://odm.bodik.jp/dataset/300004_062500_kankoutitoire,https://data.bodik.jp/dataset/162ea783-cc6e-4f7b-b65c-35aa00c4e5a4/resource/3564d0ea-4636-4625-bb53-25ffd16c031b/download/ts4-file01duser143669.csv,csv,non-standard,CC BY 4.0,那智勝浦町「【和歌山県】和歌山県内観光地の主な公共トイレ」を加工して作成,https://creativecommons.org/licenses/by/4.0/,unknown,,2026-09-23,published
pt-30422-001,30,和歌山県,30422,太地町,public-toilet,【和歌山県】和歌山県内観光地の主な公共トイレ,https://odm.bodik.jp/dataset/300004_062500_kankoutitoire,https://data.bodik.jp/dataset/162ea783-cc6e-4f7b-b65c-35aa00c4e5a4/resource/3564d0ea-4636-4625-bb53-25ffd16c031b/download/ts4-file01duser143669.csv,csv,non-standard,CC BY 4.0,太地町「【和歌山県】和歌山県内観光地の主な公共トイレ」を加工して作成,https://creativecommons.org/licenses/by/4.0/,unknown,,2026-09-23,published
pt-30424-001,30,和歌山県,30424,古座川町,public-toilet,【和歌山県】和歌山県内観光地の主な公共トイレ,https://odm.bodik.jp/dataset/300004_062500_kankoutitoire,https://data.bodik.jp/dataset/162ea783-cc6e-4f7b-b65c-35aa00c4e5a4/resource/3564d0ea-4636-4625-bb53-25ffd16c031b/download/ts4-file01duser143669.csv,csv,non-standard,CC BY 4.0,古座川町「【和歌山県】和歌山県内観光地の主な公共トイレ」を加工して作成,https://creativecommons.org/licenses/by/4.0/,unknown,,2026-09-23,published
pt-30427-001,30,和歌山県,30427,北山村,public-toilet,【和歌山県】和歌山県内観光地の主な公共トイレ,https://odm.bodik.jp/dataset/300004_062500_kankoutitoire,https://data.bodik.jp/dataset/162ea783-cc6e-4f7b-b65c-35aa00c4e5a4/resource/3564d0ea-4636-4625-bb53-25ffd16c031b/download/ts4-file01duser143669.csv,csv,non-standard,CC BY 4.0,北山村「【和歌山県】和歌山県内観光地の主な公共トイレ」を加工して作成,https://creativecommons.org/licenses/by/4.0/,unknown,,2026-09-23,published
pt-30428-001,30,和歌山県,30428,串本町,public-toilet,【和歌山県】和歌山県内観光地の主な公共トイレ,https://odm.bodik.jp/dataset/300004_062500_kankoutitoire,https://data.bodik.jp/dataset/162ea783-cc6e-4f7b-b65c-35aa00c4e5a4/resource/3564d0ea-4636-4625-bb53-25ffd16c031b/download/ts4-file01duser143669.csv,csv,non-standard,CC BY 4.0,串本町「【和歌山県】和歌山県内観光地の主な公共トイレ」を加工して作成,https://creativecommons.org/licenses/by/4.0/,unknown,,2026-09-23,published
pt-31201-001,31,鳥取県,31201,鳥取市,public-toilet,全市有公共施設の建物基本情報,https://odp-pref-tottori.tori-info.co.jp/dataset/1652.html,https://odp-pref-tottori.tori-info.co.jp/dataset/1652/url_resource/142/data_55-12_22.csv,csv,non-standard,CC BY,鳥取市「全市有公共施設の建物基本情報」を加工して作成,https://odp-pref-tottori.tori-info.co.jp/dataset/1652.html,unknown,2026-06-04,2026-09-28,published
pt-32206-001,32,島根県,32206,安来市,public-toilet,公衆トイレ一覧,https://shimane-opendata.jp/resources/74140,https://shimane-opendata.jp/resource_download/74140,,unknown,CC BY,安来市「公衆トイレ一覧」を加工して作成,https://shimane-opendata.jp/resources/74140,unknown,,2026-09-20,published
pt-32207-001,32,島根県,32207,江津市,public-toilet,公衆トイレ一覧,https://shimane-opendata.jp/datasets/146,https://shimane-opendata.jp/resource_download/73742,,unknown,島根県オープンデータポータル利用条件,江津市「公衆トイレ一覧」を加工して作成,https://shimane-opendata.jp/,unknown,,2026-09-20,published
pt-33100-001,33,岡山県,33100,岡山市,public-toilet,公衆トイレ,https://www.gis.pref.okayama.jp/pref-okayama/OpenDataDetail?lid=1442,,csv,non-standard,CC BY 4.0,岡山市「公衆トイレ」を加工して作成,https://creativecommons.org/licenses/by/4.0/,unknown,,2026-09-28,published
pt-33681-001,33,岡山県,33681,吉備中央町,public-toilet,吉備中央町_公衆トイレ一覧,https://www.okayama-opendata.jp/resources/15642,https://kibichuo.dataeye.jp/resource_download/15642,xlsx,standard,PDL1.0,吉備中央町「吉備中央町_公衆トイレ一覧」を加工して作成,https://www.digital.go.jp/resources/open_data/public_data_license_v1.0,unknown,,2026-09-28,published
pt-34100-001,34,広島県,34100,広島市,public-toilet,広島市_公衆トイレ一覧,https://hiroshima-opendata.dataeye.jp/datasets/1249,https://www2.wagmap.jp/hiroshimacity/hiroshimacity/opendatafile/map_1/CSV/opendata_214.csv,csv,non-standard,PDL1.0,広島市「広島市_公衆トイレ一覧」を加工して作成,https://www.digital.go.jp/resources/open_data/public_data_license_v1.0,unknown,2021-12-01,2026-09-20,published
pt-34202-001,34,広島県,34202,呉市,public-toilet,呉市_バリアフリーマップ,https://hiroshima-opendata.dataeye.jp/datasets/6004,https://api.expolis.cloud/assets/opendata/t/kure/csv/202507/accessibility-map.csv,csv,non-standard,CC BY 4.0,呉市「呉市_バリアフリーマップ」を加工して作成,https://creativecommons.org/licenses/by/4.0/,unknown,2025-07-31,2026-09-28,published
pt-34204-001,34,広島県,34204,三原市,public-toilet,三原市_公衆トイレ一覧（推奨データセット）,https://hiroshima-opendata.dataeye.jp/datasets/4486,https://hiroshima-opendata.dataeye.jp/resource_download/13695,csv,non-standard,PDL1.0,三原市「三原市_公衆トイレ一覧（推奨データセット）」を加工して作成,https://www.digital.go.jp/resources/open_data/public_data_license_v1.0,unknown,,2026-09-22,published
pt-34208-001,34,広島県,34208,府中市,public-toilet,府中市_びんご府中おもてなしトイレ一覧,https://hiroshima-opendata.dataeye.jp/datasets/4684,https://hiroshima-opendata.dataeye.jp/resource_download/14546,csv,non-standard,PDL1.0,府中市「府中市_びんご府中おもてなしトイレ一覧」を加工して作成,https://www.digital.go.jp/resources/open_data/public_data_license_v1.0,unknown,2023-08-23,2026-09-28,published
pt-34210-001,34,広島県,34210,庄原市,public-toilet,庄原市_公衆トイレ一覧,https://hiroshima-opendata.dataeye.jp/datasets/4757,https://hiroshima-opendata.dataeye.jp/resource_download/14645,csv,non-standard,PDL1.0,庄原市「庄原市_公衆トイレ一覧」を加工して作成,https://www.digital.go.jp/resources/open_data/public_data_license_v1.0,unknown,2025-05-27,2026-09-28,published
pt-34212-001,34,広島県,34212,東広島市,public-toilet,トイレ情報共有データ,https://hiroshima-opendata.dataeye.jp/datasets/5409,https://hiroshima-opendata.dataeye.jp/resource_download/24854,xlsx,non-standard,PDL1.0,東広島市「トイレ情報共有データ」を加工して作成,https://www.digital.go.jp/resources/open_data/public_data_license_v1.0,unknown,2025-03-17,2026-09-28,published
pt-34304-001,34,広島県,34304,海田町,public-toilet,海田町_公衆トイレ一覧,https://hiroshima-opendata.dataeye.jp/datasets/6271,https://hiroshima-opendata.dataeye.jp/resource_download/26400,csv,non-standard,PDL1.0,海田町「海田町_公衆トイレ一覧」を加工して作成,https://www.digital.go.jp/resources/open_data/public_data_license_v1.0,unknown,2026-03-31,2026-09-22,published
pt-34307-001,34,広島県,34307,熊野町,public-toilet,熊野町_公衆トイレ一覧,https://hiroshima-opendata.dataeye.jp/datasets/1149,https://hiroshima-opendata.dataeye.jp/resource_download/9653,xlsx,non-standard,PDL1.0,熊野町「熊野町_公衆トイレ一覧」を加工して作成,https://www.digital.go.jp/resources/open_data/public_data_license_v1.0,unknown,2020-03,2026-10-01,published
pt-35202-001,35,山口県,35202,宇部市,public-toilet,【宇部市】公衆トイレ,https://yamaguchi-opendata.jp/ckan/dataset/352021_ubetoile,https://yamaguchi-opendata.jp/ckan/dataset/3ff07215-e29a-4b55-8621-b9220f34ba70/resource/41ba3101-1336-4f80-bf61-925fb9bba555/download/kousyuutoirelist.csv,CSV,non-standard,CC BY 4.0,宇部市「【宇部市】公衆トイレ」を加工して作成,https://creativecommons.org/licenses/by/4.0/,unknown,,2026-09-22,published
pt-35206-001,35,山口県,35206,防府市,public-toilet,【防府市】公衆トイレ一覧,https://yamaguchi-opendata.jp/ckan/dataset/352063-public-t,https://www2.wagmap.jp/hofu/hofu/opendata/map_999/CSV/opendata_126.csv,CSV,non-standard,CC BY 4.0,防府市「【防府市】公衆トイレ一覧」を加工して作成,https://creativecommons.org/licenses/by/4.0/,unknown,2023-04-01,2026-09-22,published
pt-35207-001,35,山口県,35207,下松市,public-toilet,【下松市】公衆トイレ一覧,https://yamaguchi-opendata.jp/ckan/dataset/352071_public_toilet,https://yamaguchi-opendata.jp/ckan/dataset/5344b86c-a8f8-4d41-8d43-1e2f8857998c/resource/a72f5c7d-b723-47bb-a41c-13807654ff67/download/352071_public_toilet.csv,CSV,non-standard,CC BY,下松市「【下松市】公衆トイレ一覧」を加工して作成,https://yamaguchi-opendata.jp/ckan/dataset/352071_public_toilet,unknown,,2026-09-22,published
pt-35212-001,35,山口県,35212,柳井市,public-toilet,【柳井市】公衆トイレ一覧(令和4年3月4日時点),https://yamaguchi-opendata.jp/ckan/dataset/352128-public-toi,https://yamaguchi-opendata.jp/ckan/dataset/83cb078e-b891-4d2c-b457-bfd90763f2c4/resource/4bc1ac56-5e10-4008-bc09-aa8b50690c01/download/03_352128-public-toilet.csv,CSV,non-standard,CC BY,柳井市「【柳井市】公衆トイレ一覧(令和4年3月4日時点)」を加工して作成,https://yamaguchi-opendata.jp/ckan/dataset/352128-public-toi,unknown,2022-03-04,2026-09-22,published
pt-35213-001,35,山口県,35213,美祢市,public-toilet,【美祢市】公衆トイレ一覧,https://yamaguchi-opendata.jp/ckan/dataset/352136_public_toilet,https://yamaguchi-opendata.jp/ckan/dataset/76d24621-5e14-4a98-b350-6421ee8f2ef1/resource/71e27523-18e1-4746-a59d-e86133eab0fb/download/3101.csv,CSV,non-standard,CC BY,美祢市「【美祢市】公衆トイレ一覧」を加工して作成,https://yamaguchi-opendata.jp/ckan/dataset/352136_public_toilet,unknown,,2026-09-22,published
pt-35215-001,35,山口県,35215,周南市,public-toilet,【周南市】公衆トイレ一覧,https://yamaguchi-opendata.jp/ckan/dataset/public_toilet,https://yamaguchi-opendata.jp/ckan/dataset/e3277046-e80c-4cb6-abbc-929c2d4ba4e4/resource/1adf7453-e002-4bea-b947-ba2e7216879f/download/352152_public_toilet.csv,CSV,non-standard,CC BY,周南市「【周南市】公衆トイレ一覧」を加工して作成,https://yamaguchi-opendata.jp/ckan/dataset/public_toilet,unknown,,2026-09-22,published
pt-35305-001,35,山口県,35305,周防大島町,public-toilet,【周防大島町】公衆トイレ一覧,https://yamaguchi-opendata.jp/ckan/dataset/suo-oshimatoilet,https://yamaguchi-opendata.jp/ckan/dataset/6528c59d-e366-479a-84e5-71215c3c6db9/resource/f90a6045-006b-4f19-a05a-97d01127e2e3/download/353051_public_toilet.csv,CSV,municipal-standard-ods,not-specified,周防大島町「【周防大島町】公衆トイレ一覧」を加工して作成,https://yamaguchi-opendata.jp/ckan/dataset/suo-oshimatoilet,unknown,,2026-09-22,published
pt-35343-001,35,山口県,35343,田布施町,public-toilet,【田布施町】公衆トイレ一覧,https://yamaguchi-opendata.jp/ckan/dataset/353434_public_toilet,https://yamaguchi-opendata.jp/ckan/dataset/840ba268-dccd-44ed-912a-005c56e81c21/resource/5983cead-bec5-4654-ae17-e539069bcd72/download/353434_public_toilet.csv,CSV,non-standard,GNU Free Documentation License,田布施町「【田布施町】公衆トイレ一覧」を加工して作成,https://www.gnu.org/licenses/fdl-1.3.html,unknown,,2026-09-22,published
pt-36201-001,36,徳島県,36201,徳島市,public-toilet,利用可能なトイレ一覧表,https://opendata.pref.tokushima.lg.jp/dataset/2198.html,https://opendata.pref.tokushima.lg.jp/dataset/2198/resource/6200/%E5%88%A9%E7%94%A8%E5%8F%AF%E8%83%BD%E3%81%AA%E3%83%88%E3%82%A4%E3%83%AC%E4%B8%80%E8%A6%A7%E8%A1%A8.csv,csv,non-standard,徳島県オープンデータポータルサイト利用規約,徳島県「利用可能なトイレ一覧」を加工して作成,https://opendata.pref.tokushima.lg.jp/kiyaku.html,unknown,,2026-09-28,published
pt-36202-001,36,徳島県,36202,鳴門市,public-toilet,【鳴門市】公衆トイレ一覧,https://opendata.pref.tokushima.lg.jp/dataset/2737.html,https://opendata.pref.tokushima.lg.jp/fs/3/0/2/1/3/_/362026_public_toilet.csv,csv,unknown,CC BY,鳴門市「【鳴門市】公衆トイレ一覧」を加工して作成,https://opendata.pref.tokushima.lg.jp/dataset/2737.html,unknown,2024-04-19,2026-09-20,published
pt-36203-001,36,徳島県,36203,小松島市,public-toilet,利用可能なトイレ一覧表,https://opendata.pref.tokushima.lg.jp/dataset/2198.html,https://opendata.pref.tokushima.lg.jp/dataset/2198/resource/6200/%E5%88%A9%E7%94%A8%E5%8F%AF%E8%83%BD%E3%81%AA%E3%83%88%E3%82%A4%E3%83%AC%E4%B8%80%E8%A6%A7%E8%A1%A8.csv,csv,non-standard,徳島県オープンデータポータルサイト利用規約,徳島県「利用可能なトイレ一覧」を加工して作成,https://opendata.pref.tokushima.lg.jp/kiyaku.html,unknown,,2026-09-28,published
pt-36204-001,36,徳島県,36204,阿南市,public-toilet,利用可能なトイレ一覧表,https://opendata.pref.tokushima.lg.jp/dataset/2198.html,https://opendata.pref.tokushima.lg.jp/dataset/2198/resource/6200/%E5%88%A9%E7%94%A8%E5%8F%AF%E8%83%BD%E3%81%AA%E3%83%88%E3%82%A4%E3%83%AC%E4%B8%80%E8%A6%A7%E8%A1%A8.csv,csv,non-standard,徳島県オープンデータポータルサイト利用規約,徳島県「利用可能なトイレ一覧」を加工して作成,https://opendata.pref.tokushima.lg.jp/kiyaku.html,unknown,,2026-09-28,published
pt-36205-001,36,徳島県,36205,吉野川市,public-toilet,利用可能なトイレ一覧表,https://opendata.pref.tokushima.lg.jp/dataset/2198.html,https://opendata.pref.tokushima.lg.jp/dataset/2198/resource/6200/%E5%88%A9%E7%94%A8%E5%8F%AF%E8%83%BD%E3%81%AA%E3%83%88%E3%82%A4%E3%83%AC%E4%B8%80%E8%A6%A7%E8%A1%A8.csv,csv,non-standard,徳島県オープンデータポータルサイト利用規約,徳島県「利用可能なトイレ一覧」を加工して作成,https://opendata.pref.tokushima.lg.jp/kiyaku.html,unknown,,2026-09-28,published
pt-36206-001,36,徳島県,36206,阿波市,public-toilet,利用可能なトイレ一覧表,https://opendata.pref.tokushima.lg.jp/dataset/2198.html,https://opendata.pref.tokushima.lg.jp/dataset/2198/resource/6200/%E5%88%A9%E7%94%A8%E5%8F%AF%E8%83%BD%E3%81%AA%E3%83%88%E3%82%A4%E3%83%AC%E4%B8%80%E8%A6%A7%E8%A1%A8.csv,csv,non-standard,徳島県オープンデータポータルサイト利用規約,徳島県「利用可能なトイレ一覧」を加工して作成,https://opendata.pref.tokushima.lg.jp/kiyaku.html,unknown,,2026-09-28,published
pt-36207-001,36,徳島県,36207,美馬市,public-toilet,利用可能なトイレ一覧表,https://opendata.pref.tokushima.lg.jp/dataset/2198.html,https://opendata.pref.tokushima.lg.jp/dataset/2198/resource/6200/%E5%88%A9%E7%94%A8%E5%8F%AF%E8%83%BD%E3%81%AA%E3%83%88%E3%82%A4%E3%83%AC%E4%B8%80%E8%A6%A7%E8%A1%A8.csv,csv,non-standard,徳島県オープンデータポータルサイト利用規約,徳島県「利用可能なトイレ一覧」を加工して作成,https://opendata.pref.tokushima.lg.jp/kiyaku.html,unknown,,2026-09-28,published
pt-36208-001,36,徳島県,36208,三好市,public-toilet,利用可能なトイレ一覧表,https://opendata.pref.tokushima.lg.jp/dataset/2198.html,https://opendata.pref.tokushima.lg.jp/dataset/2198/resource/6200/%E5%88%A9%E7%94%A8%E5%8F%AF%E8%83%BD%E3%81%AA%E3%83%88%E3%82%A4%E3%83%AC%E4%B8%80%E8%A6%A7%E8%A1%A8.csv,csv,non-standard,徳島県オープンデータポータルサイト利用規約,徳島県「利用可能なトイレ一覧」を加工して作成,https://opendata.pref.tokushima.lg.jp/kiyaku.html,unknown,,2026-09-28,published
pt-36301-001,36,徳島県,36301,勝浦町,public-toilet,利用可能なトイレ一覧表,https://opendata.pref.tokushima.lg.jp/dataset/2198.html,https://opendata.pref.tokushima.lg.jp/dataset/2198/resource/6200/%E5%88%A9%E7%94%A8%E5%8F%AF%E8%83%BD%E3%81%AA%E3%83%88%E3%82%A4%E3%83%AC%E4%B8%80%E8%A6%A7%E8%A1%A8.csv,csv,non-standard,徳島県オープンデータポータルサイト利用規約,徳島県「利用可能なトイレ一覧」を加工して作成,https://opendata.pref.tokushima.lg.jp/kiyaku.html,unknown,,2026-09-28,published
pt-36302-001,36,徳島県,36302,上勝町,public-toilet,利用可能なトイレ一覧表,https://opendata.pref.tokushima.lg.jp/dataset/2198.html,https://opendata.pref.tokushima.lg.jp/dataset/2198/resource/6200/%E5%88%A9%E7%94%A8%E5%8F%AF%E8%83%BD%E3%81%AA%E3%83%88%E3%82%A4%E3%83%AC%E4%B8%80%E8%A6%A7%E8%A1%A8.csv,csv,non-standard,徳島県オープンデータポータルサイト利用規約,徳島県「利用可能なトイレ一覧」を加工して作成,https://opendata.pref.tokushima.lg.jp/kiyaku.html,unknown,,2026-09-28,published
pt-36321-001,36,徳島県,36321,佐那河内村,public-toilet,利用可能なトイレ一覧表,https://opendata.pref.tokushima.lg.jp/dataset/2198.html,https://opendata.pref.tokushima.lg.jp/dataset/2198/resource/6200/%E5%88%A9%E7%94%A8%E5%8F%AF%E8%83%BD%E3%81%AA%E3%83%88%E3%82%A4%E3%83%AC%E4%B8%80%E8%A6%A7%E8%A1%A8.csv,csv,non-standard,徳島県オープンデータポータルサイト利用規約,徳島県「利用可能なトイレ一覧」を加工して作成,https://opendata.pref.tokushima.lg.jp/kiyaku.html,unknown,,2026-09-28,published
pt-36341-001,36,徳島県,36341,石井町,public-toilet,利用可能なトイレ一覧表,https://opendata.pref.tokushima.lg.jp/dataset/2198.html,https://opendata.pref.tokushima.lg.jp/dataset/2198/resource/6200/%E5%88%A9%E7%94%A8%E5%8F%AF%E8%83%BD%E3%81%AA%E3%83%88%E3%82%A4%E3%83%AC%E4%B8%80%E8%A6%A7%E8%A1%A8.csv,csv,non-standard,徳島県オープンデータポータルサイト利用規約,徳島県「利用可能なトイレ一覧」を加工して作成,https://opendata.pref.tokushima.lg.jp/kiyaku.html,unknown,,2026-09-28,published
pt-36342-001,36,徳島県,36342,神山町,public-toilet,利用可能なトイレ一覧表,https://opendata.pref.tokushima.lg.jp/dataset/2198.html,https://opendata.pref.tokushima.lg.jp/dataset/2198/resource/6200/%E5%88%A9%E7%94%A8%E5%8F%AF%E8%83%BD%E3%81%AA%E3%83%88%E3%82%A4%E3%83%AC%E4%B8%80%E8%A6%A7%E8%A1%A8.csv,csv,non-standard,徳島県オープンデータポータルサイト利用規約,徳島県「利用可能なトイレ一覧」を加工して作成,https://opendata.pref.tokushima.lg.jp/kiyaku.html,unknown,,2026-09-28,published
pt-36368-001,36,徳島県,36368,那賀町,public-toilet,利用可能なトイレ一覧表,https://opendata.pref.tokushima.lg.jp/dataset/2198.html,https://opendata.pref.tokushima.lg.jp/dataset/2198/resource/6200/%E5%88%A9%E7%94%A8%E5%8F%AF%E8%83%BD%E3%81%AA%E3%83%88%E3%82%A4%E3%83%AC%E4%B8%80%E8%A6%A7%E8%A1%A8.csv,csv,non-standard,徳島県オープンデータポータルサイト利用規約,徳島県「利用可能なトイレ一覧」を加工して作成,https://opendata.pref.tokushima.lg.jp/kiyaku.html,unknown,,2026-09-28,published
pt-36383-001,36,徳島県,36383,牟岐町,public-toilet,利用可能なトイレ一覧表,https://opendata.pref.tokushima.lg.jp/dataset/2198.html,https://opendata.pref.tokushima.lg.jp/dataset/2198/resource/6200/%E5%88%A9%E7%94%A8%E5%8F%AF%E8%83%BD%E3%81%AA%E3%83%88%E3%82%A4%E3%83%AC%E4%B8%80%E8%A6%A7%E8%A1%A8.csv,csv,non-standard,徳島県オープンデータポータルサイト利用規約,徳島県「利用可能なトイレ一覧」を加工して作成,https://opendata.pref.tokushima.lg.jp/kiyaku.html,unknown,,2026-09-28,published
pt-36387-001,36,徳島県,36387,美波町,public-toilet,美波町　公衆トイレ一覧,https://opendata.pref.tokushima.lg.jp/dataset/4717.html,https://opendata.pref.tokushima.lg.jp/fs/4/1/4/4/7/_/363871_public_toilet.csv,csv,unknown,CC BY,美波町「美波町　公衆トイレ一覧」を加工して作成,https://opendata.pref.tokushima.lg.jp/dataset/4717.html,unknown,2024-04-19,2026-09-20,published
pt-36388-001,36,徳島県,36388,海陽町,public-toilet,利用可能なトイレ一覧表,https://opendata.pref.tokushima.lg.jp/dataset/2198.html,https://opendata.pref.tokushima.lg.jp/dataset/2198/resource/6200/%E5%88%A9%E7%94%A8%E5%8F%AF%E8%83%BD%E3%81%AA%E3%83%88%E3%82%A4%E3%83%AC%E4%B8%80%E8%A6%A7%E8%A1%A8.csv,csv,non-standard,徳島県オープンデータポータルサイト利用規約,徳島県「利用可能なトイレ一覧」を加工して作成,https://opendata.pref.tokushima.lg.jp/kiyaku.html,unknown,,2026-09-28,published
pt-36401-001,36,徳島県,36401,松茂町,public-toilet,利用可能なトイレ一覧表,https://opendata.pref.tokushima.lg.jp/dataset/2198.html,https://opendata.pref.tokushima.lg.jp/dataset/2198/resource/6200/%E5%88%A9%E7%94%A8%E5%8F%AF%E8%83%BD%E3%81%AA%E3%83%88%E3%82%A4%E3%83%AC%E4%B8%80%E8%A6%A7%E8%A1%A8.csv,csv,non-standard,徳島県オープンデータポータルサイト利用規約,徳島県「利用可能なトイレ一覧」を加工して作成,https://opendata.pref.tokushima.lg.jp/kiyaku.html,unknown,,2026-09-28,published
pt-36402-001,36,徳島県,36402,北島町,public-toilet,利用可能なトイレ一覧表,https://opendata.pref.tokushima.lg.jp/dataset/2198.html,https://opendata.pref.tokushima.lg.jp/dataset/2198/resource/6200/%E5%88%A9%E7%94%A8%E5%8F%AF%E8%83%BD%E3%81%AA%E3%83%88%E3%82%A4%E3%83%AC%E4%B8%80%E8%A6%A7%E8%A1%A8.csv,csv,non-standard,徳島県オープンデータポータルサイト利用規約,徳島県「利用可能なトイレ一覧」を加工して作成,https://opendata.pref.tokushima.lg.jp/kiyaku.html,unknown,,2026-09-28,published
pt-36403-001,36,徳島県,36403,藍住町,public-toilet,利用可能なトイレ一覧表,https://opendata.pref.tokushima.lg.jp/dataset/2198.html,https://opendata.pref.tokushima.lg.jp/dataset/2198/resource/6200/%E5%88%A9%E7%94%A8%E5%8F%AF%E8%83%BD%E3%81%AA%E3%83%88%E3%82%A4%E3%83%AC%E4%B8%80%E8%A6%A7%E8%A1%A8.csv,csv,non-standard,徳島県オープンデータポータルサイト利用規約,徳島県「利用可能なトイレ一覧」を加工して作成,https://opendata.pref.tokushima.lg.jp/kiyaku.html,unknown,,2026-09-28,published
pt-36404-001,36,徳島県,36404,板野町,public-toilet,利用可能なトイレ一覧表,https://opendata.pref.tokushima.lg.jp/dataset/2198.html,https://opendata.pref.tokushima.lg.jp/dataset/2198/resource/6200/%E5%88%A9%E7%94%A8%E5%8F%AF%E8%83%BD%E3%81%AA%E3%83%88%E3%82%A4%E3%83%AC%E4%B8%80%E8%A6%A7%E8%A1%A8.csv,csv,non-standard,徳島県オープンデータポータルサイト利用規約,徳島県「利用可能なトイレ一覧」を加工して作成,https://opendata.pref.tokushima.lg.jp/kiyaku.html,unknown,,2026-09-28,published
pt-36405-001,36,徳島県,36405,上板町,public-toilet,利用可能なトイレ一覧表,https://opendata.pref.tokushima.lg.jp/dataset/2198.html,https://opendata.pref.tokushima.lg.jp/dataset/2198/resource/6200/%E5%88%A9%E7%94%A8%E5%8F%AF%E8%83%BD%E3%81%AA%E3%83%88%E3%82%A4%E3%83%AC%E4%B8%80%E8%A6%A7%E8%A1%A8.csv,csv,non-standard,徳島県オープンデータポータルサイト利用規約,徳島県「利用可能なトイレ一覧」を加工して作成,https://opendata.pref.tokushima.lg.jp/kiyaku.html,unknown,,2026-09-28,published
pt-36468-001,36,徳島県,36468,つるぎ町,public-toilet,利用可能なトイレ一覧表,https://opendata.pref.tokushima.lg.jp/dataset/2198.html,https://opendata.pref.tokushima.lg.jp/dataset/2198/resource/6200/%E5%88%A9%E7%94%A8%E5%8F%AF%E8%83%BD%E3%81%AA%E3%83%88%E3%82%A4%E3%83%AC%E4%B8%80%E8%A6%A7%E8%A1%A8.csv,csv,non-standard,徳島県オープンデータポータルサイト利用規約,徳島県「利用可能なトイレ一覧」を加工して作成,https://opendata.pref.tokushima.lg.jp/kiyaku.html,unknown,,2026-09-28,published
pt-36489-001,36,徳島県,36489,東みよし町,public-toilet,利用可能なトイレ一覧表,https://opendata.pref.tokushima.lg.jp/dataset/2198.html,https://opendata.pref.tokushima.lg.jp/dataset/2198/resource/6200/%E5%88%A9%E7%94%A8%E5%8F%AF%E8%83%BD%E3%81%AA%E3%83%88%E3%82%A4%E3%83%AC%E4%B8%80%E8%A6%A7%E8%A1%A8.csv,csv,non-standard,徳島県オープンデータポータルサイト利用規約,徳島県「利用可能なトイレ一覧」を加工して作成,https://opendata.pref.tokushima.lg.jp/kiyaku.html,unknown,,2026-09-28,published
pt-37201-001,37,香川県,37201,高松市,public-toilet,公衆トイレ一覧,https://opendata.smartcity-takamatsu.jp/ckan/dataset/public_toilet,https://opendata.takamatsu-fact.com/public_toilet/data.csv,csv,non-standard,Creative Commons Attribution,高松市「公衆トイレ」を加工して作成,https://opendata.smartcity-takamatsu.jp/ckan/dataset/public_toilet,unknown,,2026-09-20,published
pt-37208-001,37,香川県,37208,三豊市,public-toilet,公衆トイレ一覧,https://opendata.pref.kagawa.lg.jp/dataset/606.html,https://opendata.pref.kagawa.lg.jp/dataset/606/resource/16152/372081_public_toilet.csv,csv,municipal-standard-ods,CC BY,三豊市「公衆トイレ一覧」を加工して作成,https://opendata.pref.kagawa.lg.jp/dataset/606.html,unknown,,2026-09-20,published
pt-38201-001,38,愛媛県,38201,松山市,public-toilet,公衆トイレデータ一覧,https://www.city.matsuyama.ehime.jp/shisei/opendata/metadata/public_toilets.html,https://www.city.matsuyama.ehime.jp/shisei/opendata/metadata/public_toilets.files/382019_public_toilet_202510.csv,csv,non-standard,CC BY,松山市「公衆トイレデータ一覧」を加工して作成,https://www.city.matsuyama.ehime.jp/shisei/opendata/metadata/public_toilets.html,unknown,,2026-09-21,published
pt-38215-001,38,愛媛県,38215,東温市,public-toilet,公衆トイレ一覧,https://www.city.toon.ehime.jp/site/130/1451.html,https://www.city.toon.ehime.jp/uploaded/attachment/1979.csv,csv,municipal-standard-ods,CC BY,東温市「公衆トイレ一覧」を加工して作成,https://www.city.toon.ehime.jp/site/130/1451.html,unknown,2018-10-01,2026-09-28,published
pt-38402-001,38,愛媛県,38402,砥部町,public-toilet,公衆トイレ一覧,https://data.bodik.jp/dataset/384020_public_toilet,https://data.bodik.jp/dataset/3b6a0932-60c5-4551-bcb4-b85cdb6635a0/resource/78f5e185-e155-4cfc-b500-e79f4af9c698/download/384020_public_toilet.csv,csv,unknown,CC BY 4.0,砥部町「公衆トイレ一覧」を加工して作成,https://creativecommons.org/licenses/by/4.0/,unknown,2026-01-26,2026-09-20,published
pt-39205-001,39,高知県,39205,土佐市,public-toilet,公衆トイレ一覧,https://www.city.tosa.lg.jp/life/detail.php?hdnKey=4375,https://www.city.tosa.lg.jp/file/opendata/202103_06.csv,csv,non-standard,CC BY 4.0,土佐市「公衆トイレ一覧」を加工して作成,https://creativecommons.org/licenses/by/4.0/,unknown,2021-03-09,2026-09-28,published
pt-39206-001,39,高知県,39206,須崎市,public-toilet,公衆トイレ一覧,https://www.city.susaki.lg.jp/life/detail.php?hdnKey=4101,https://www.city.susaki.lg.jp/download/?t=LD&id=4101&fid=19310,csv,municipal-standard-ods,CC BY 4.0,須崎市「公衆トイレ一覧」を加工して作成,https://creativecommons.org/licenses/by/4.0/,unknown,,2026-09-20,published
pt-39208-001,39,高知県,39208,宿毛市,public-toilet,公衆トイレ一覧,https://www.city.sukumo.kochi.jp/06/14/30866.html,https://www.city.sukumo.kochi.jp/fs/5/5/3/6/0/_/392081_public_toilet.csv,csv,municipal-standard-ods,CC BY 4.0,宿毛市「公衆トイレ一覧」を加工して作成,https://creativecommons.org/licenses/by/4.0/,unknown,,2026-09-20,published
pt-39210-001,39,高知県,39210,四万十市,public-toilet,公衆トイレ一覧,https://www.city.shimanto.lg.jp/soshiki/4/20187.html,https://www.city.shimanto.lg.jp/uploaded/attachment/11296.csv,csv,municipal-standard-ods,CC BY 4.0,四万十市「公衆トイレ一覧」を加工して作成,https://creativecommons.org/licenses/by/4.0/legalcode.ja,unknown,,2026-09-20,published
pt-39344-001,39,高知県,39344,大豊町,public-toilet,公衆トイレ一覧,https://www.town.otoyo.kochi.jp/life/detail.php?hdnKey=1141,https://www.town.otoyo.kochi.jp/file/opendata/20220824.csv,csv,non-standard,CC BY 4.0,大豊町「公衆トイレ一覧」を加工して作成,https://creativecommons.org/licenses/by/4.0/,unknown,,2026-09-20,published
pt-39428-001,39,高知県,39428,黒潮町,public-toilet,公衆トイレ一覧,https://www.town.kuroshio.lg.jp/pb/cont/machi-opendate/26597,https://www.town.kuroshio.lg.jp/img/files/pv/sosiki/docs/open-date/2026/public_toilet2026.csv,csv,municipal-standard-ods,CC BY 4.0,黒潮町「公衆トイレ一覧」を加工して作成,https://creativecommons.org/licenses/by/4.0/,unknown,2026-01-04,2026-09-28,published
pt-40100-001,40,福岡県,40100,北九州市,public-toilet,北九州市　公衆トイレ一覧,https://data.bodik.jp/dataset/401005_public_toilet_ktq,https://data.bodik.jp/dataset/61ae2d69-9ad2-46df-bf89-b27676f99f78/resource/88ba69ad-a46f-4c99-95e0-54263d8c092a/download/401005_public_toilet_20190401.csv,csv,non-standard,CC BY,北九州市「北九州市　公衆トイレ一覧」を加工して作成,https://data.bodik.jp/dataset/401005_public_toilet_ktq,unknown,2025-03-28,2026-09-20,published
pt-40203-001,40,福岡県,40203,久留米市,public-toilet,トイレ情報,https://data.bodik.jp/dataset/402036_0001500_00031,https://data.bodik.jp/dataset/bee0f0d5-1fb3-4400-aaf1-49dce56995ac/resource/f28adf53-bf89-460c-a40d-ffeebbef17cc/download/40203615000003100001.csv,csv,unknown,CC BY 4.0,久留米市「トイレ情報」を加工して作成,https://creativecommons.org/licenses/by/4.0/,unknown,2020-03-19,2026-09-20,published
pt-40204-001,40,福岡県,40204,直方市,public-toilet,直方市立の小中学校（校舎・屋内運動場）のトイレ整備率,https://data.bodik.jp/dataset/402044_school_toilet_renovation_rate,https://data.bodik.jp/dataset/51342f17-f76c-4192-a465-c775e85e0ed2/resource/00b0d8a0-56f9-4951-b45c-de44c901bb4c/download/no249_r6.1.31.xlsx,xlsx,non-standard,CC BY 4.0,直方市「直方市立の小中学校（校舎・屋内運動場）のトイレ整備率」を加工して作成,https://creativecommons.org/licenses/by/4.0/,unknown,2024-03-27,2026-09-20,published
pt-40205-001,40,福岡県,40205,飯塚市,public-toilet,公衆トイレ一覧,https://data.bodik.jp/dataset/402052_08,https://data.bodik.jp/dataset/4c05c665-768f-44bf-991c-0bfd94226868/resource/be39b03a-ec85-4754-8cf4-3155c17cc321/download/402052_public_toilet.csv,csv,municipal-standard-ods,CC BY 4.0,飯塚市「公衆トイレ一覧」を加工して作成,https://creativecommons.org/licenses/by/4.0/,unknown,2025-04-03,2026-09-20,published
pt-40218-001,40,福岡県,40218,春日市,public-toilet,公衆トイレ一覧,https://data.bodik.jp/dataset/402184_public_toilet,https://data.bodik.jp/dataset/f4b353bf-3160-4ac1-8dd6-b9f72a095ef6/resource/5525bc86-f27c-4e95-afeb-30eccb0cb775/download/402184_public_toilet_20250401.csv,csv,unknown,CC BY 4.0,春日市「公衆トイレ一覧」を加工して作成,https://creativecommons.org/licenses/by/4.0/,unknown,2025-06-16,2026-09-20,published
pt-41-001,41,佐賀県,,,public-toilet,みんなのトイレ（市町施設）,https://data.bodik.jp/dataset/410004_443pdf/,https://data.bodik.jp/dataset/410004_443pdf/resource/98faeadb-b937-4ba3-a0da-9f80f305bffa,pdf,non-standard,CC BY 4.0,佐賀県「みんなのトイレ（市町施設）」を加工して作成,https://creativecommons.org/licenses/by/4.0/,partial,,2026-09-20,published
pt-41-002,41,佐賀県,,,public-toilet,みんなのトイレ（民間施設）,https://data.bodik.jp/dataset/410004_442pdf,https://data.bodik.jp/dataset/410004_442pdf/resource/67500f40-e177-4648-bfd0-6320300d593a,pdf,non-standard,CC BY 4.0,佐賀県「みんなのトイレ（民間施設）」を加工して作成,https://creativecommons.org/licenses/by/4.0/,partial,2021-08-13,2026-09-20,published
pt-41-003,41,佐賀県,,,public-toilet,みんなのトイレ（県有施設）,https://data.bodik.jp/dataset/410004_444pdf,https://data.bodik.jp/dataset/410004_444pdf/resource/1cb0f6c0-1c84-4e31-ba01-759c2f266397,pdf,non-standard,CC BY 4.0,佐賀県「みんなのトイレ（県有施設）」を加工して作成,https://creativecommons.org/licenses/by/4.0/,partial,,2026-09-20,published
pt-41204-001,41,佐賀県,41204,多久市,public-toilet,多久市　公衆トイレ一覧,https://data.bodik.jp/dataset/412040_koshutoire,https://data.bodik.jp/dataset/a4c7ab15-f956-401d-95f8-563624a8df1f/resource/f7b3bf26-a2d7-4955-979e-df9c6b17fea0/download/8.412040-public_toilet.csv,csv,unknown,CC BY 4.0,多久市「多久市　公衆トイレ一覧」を加工して作成,https://creativecommons.org/licenses/by/4.0/,unknown,2022-10-07,2026-09-20,published
pt-41387-001,41,佐賀県,41387,玄海町,public-toilet,玄海町　公衆トイレ一覧,https://data.bodik.jp/dataset/413879_kikaku003,https://data.bodik.jp/dataset/f4bc1e0f-2276-46d2-9450-84f215eca68d/resource/8329a381-52d2-49e0-8cfc-951bced684f7/download/genkai_public_toilet.csv,csv,unknown,CC BY 4.0,玄海町「玄海町　公衆トイレ一覧」を加工して作成,https://creativecommons.org/licenses/by/4.0/,unknown,2021-09-01,2026-09-20,published
pt-42202-001,42,長崎県,42202,佐世保市,public-toilet,公園トイレ設置個所ポイントデータ（CSV）,https://data.bodik.jp/dataset/422029_park,https://data.bodik.jp/dataset/5f6c82a5-c140-4079-9183-edde8dea641f/resource/87ce5efc-73c6-4d3a-95e0-84bae70cd33a/download/toire_5_4326wgs84.csv,csv,non-standard,CC BY 4.0,佐世保市「公園トイレ設置個所ポイントデータ（CSV）」を加工して作成,https://creativecommons.org/licenses/by/4.0/,partial,,2026-09-24,published
pt-42202-002,42,長崎県,42202,佐世保市,public-toilet,公園トイレ設置個所ポイントデータ（GeoJSON）,https://data.bodik.jp/dataset/422029_park,https://data.bodik.jp/dataset/5f6c82a5-c140-4079-9183-edde8dea641f/resource/939e8e4e-29df-41f7-abe6-90ad1954c912/download/toire_4_4326wgs84.geojson,geojson,non-standard,CC BY 4.0,佐世保市「公園トイレ設置個所ポイントデータ（GeoJSON）」を加工して作成,https://creativecommons.org/licenses/by/4.0/,partial,,2026-09-24,published
pt-42202-003,42,長崎県,42202,佐世保市,public-toilet,環境関連施設・公共トイレ（31施設、座標なし）,https://data.bodik.jp/dataset/422029_kankyoshisetsu,https://data.bodik.jp/dataset/c102211e-08a4-46ac-a7b3-1f017234d2f0/resource/32ea2d35-3668-440a-a849-ec466bd473da/download/2c62c341-40b0-43da-8200-0346d234f7db.xls,xls,non-standard,CC BY 4.0,佐世保市「環境関連施設・公共トイレ（31施設、座標なし）」を加工して作成,https://creativecommons.org/licenses/by/4.0/,partial,,2026-09-24,published
pt-42203-001,42,長崎県,42203,島原市,public-toilet,公衆トイレ一覧,https://data.bodik.jp/dataset/422037_publictoilet,https://data.bodik.jp/dataset/53798408-7ccf-486f-adba-140452ef589a/resource/c0d00dc1-f516-42c2-8aad-cd46cb41500e/download/422037_public_toilet.csv,csv,unknown,CC BY 4.0,島原市「公衆トイレ一覧」を加工して作成,https://creativecommons.org/licenses/by/4.0/,unknown,2026-07-13,2026-09-20,published
pt-42209-001,42,長崎県,42209,対馬市,public-toilet,公衆トイレ一覧,https://data.bodik.jp/dataset/422096_public_toilet,https://data.bodik.jp/dataset/96466ad8-322e-4478-99c9-df851b8371d8/resource/86d7c2d1-b90a-4c35-9d1b-e98185c4eb54/download/422096_public_toilet.csv,csv,municipal-standard-ods,CC BY 4.0,対馬市「公衆トイレ一覧」を加工して作成,https://creativecommons.org/licenses/by/4.0/,unknown,2025-01-06,2026-09-20,published
pt-42211-001,42,長崎県,42211,五島市,public-toilet,公衆トイレ一覧（五島市）,https://data.bodik.jp/dataset/422118_public_toilet,https://data.bodik.jp/dataset/57e03ec0-1ce3-4899-9842-be6599714bfe/resource/be9ea93d-4a3c-46eb-add5-668768368fae/download/422118_public_toilet.csv,csv,municipal-standard-ods,CC BY 4.0,五島市「公衆トイレ一覧（五島市）」を加工して作成,https://creativecommons.org/licenses/by/4.0/,unknown,2026-01-13,2026-09-20,published
pt-42307-001,42,長崎県,42307,長与町,public-toilet,公衆トイレ一覧（長与町）,https://data.bodik.jp/dataset/423076_public_toilet,https://data.bodik.jp/dataset/f49406b9-2521-4ced-9cdc-1df437d7287a/resource/d153dcc8-87e5-4287-bc4c-c558a8065f62/download/423076_public_toilet.csv,csv,municipal-standard-ods,CC BY 4.0,長与町「公衆トイレ一覧（長与町）」を加工して作成,https://creativecommons.org/licenses/by/4.0/,unknown,2026-05-15,2026-09-20,published
pt-42308-001,42,長崎県,42308,時津町,public-toilet,公衆トイレ一覧（時津町）,https://data.bodik.jp/dataset/423084_public_toilet,https://data.bodik.jp/dataset/2b0ca0da-c5b1-40a4-b412-89e89afb536e/resource/1a10a99c-65af-4c6c-a03a-173ba1b4c9b3/download/cusers00000241downloads423084publictoilet.csv,csv,unknown,CC BY 4.0,時津町「公衆トイレ一覧（時津町）」を加工して作成,https://creativecommons.org/licenses/by/4.0/,unknown,2020-03-06,2026-09-20,published
pt-43202-001,43,熊本県,43202,八代市,public-toilet,八代市公衆トイレ一覧,https://data.bodik.jp/dataset/432024_public_toilet,https://data.bodik.jp/dataset/c7e47a79-d123-4fac-b320-4289c7c111b7/resource/a1781af4-e151-4fa7-9d5c-4bfab44cdfe1/download/432024_public_toilet.csv,csv,municipal-standard-ods,CC BY 4.0,八代市「八代市公衆トイレ一覧」を加工して作成,https://creativecommons.org/licenses/by/4.0/,unknown,2026-06-10,2026-09-20,published
pt-43204-001,43,熊本県,43204,荒尾市,public-toilet,13_公衆トイレ一覧,https://data.bodik.jp/dataset/432041_toilet,https://data.bodik.jp/dataset/731375f9-d1d7-4027-92da-ffeaf68702e1/resource/2bc9fc42-5153-49cd-b01f-46b30d19bebb/download/13.csv,csv,municipal-standard-ods,CC BY 4.0,荒尾市「13_公衆トイレ一覧」を加工して作成,https://creativecommons.org/licenses/by/4.0/,unknown,2026-02-20,2026-09-20,published
pt-43206-001,43,熊本県,43206,玉名市,public-toilet,11_公衆トイレ一覧(熊本県玉名市),https://data.bodik.jp/dataset/432067_11,https://data.bodik.jp/dataset/b525ed12-68da-4f09-b7ee-71fce770c24a/resource/73c38306-fe17-42c4-9ab3-c73faa67240e/download/11_.csv,csv,unknown,CC BY 4.0,玉名市「11_公衆トイレ一覧(熊本県玉名市)」を加工して作成,https://creativecommons.org/licenses/by/4.0/,unknown,2025-01-22,2026-09-20,published
pt-43212-001,43,熊本県,43212,上天草市,public-toilet,公衆トイレ,https://data.bodik.jp/dataset/432121_public_toilet_1,https://data.bodik.jp/dataset/c1a01df9-6808-44fa-9141-c10d31106deb/resource/45ab44ac-f5c4-4c7a-9384-89a5583c52c4/download/432121_public_toilet.csv,csv,municipal-standard-ods,CC BY 4.0,上天草市「公衆トイレ」を加工して作成,https://creativecommons.org/licenses/by/4.0/,unknown,2025-12-25,2026-09-20,published
pt-43213-001,43,熊本県,43213,宇城市,public-toilet,宇城市_公衆トイレ一覧,https://data.bodik.jp/dataset/432130_public_toilet,https://data.bodik.jp/dataset/b36584ba-7f8d-44ac-b591-17204dd7da45/resource/cae87aec-42e7-4b04-bc59-acbebf4d7ce3/download/432130_public_toilet.csv,csv,municipal-standard-ods,CC BY 4.0,宇城市「宇城市_公衆トイレ一覧」を加工して作成,https://creativecommons.org/licenses/by/4.0/,unknown,2025-06-27,2026-09-20,published
pt-43214-001,43,熊本県,43214,阿蘇市,public-toilet,公衆トイレ一覧,https://data.bodik.jp/dataset/432148_public_toilet,https://data.bodik.jp/dataset/d2b1ec72-346a-4fab-a13d-fc33c080d4a4/resource/668c274e-8d05-4db6-afda-523e56064715/download/432148_public_toilet.csv,csv,municipal-standard-ods,CC BY 4.0,阿蘇市「公衆トイレ一覧」を加工して作成,https://creativecommons.org/licenses/by/4.0/,unknown,2026-01-29,2026-09-20,published
pt-43215-001,43,熊本県,43215,天草市,public-toilet,天草市公衆トイレ一覧,https://data.bodik.jp/dataset/432156_amakusa005,https://data.bodik.jp/dataset/17f762d6-936f-4b6e-befe-a5d561b14e48/resource/7bb2b721-0962-498d-a2b4-cd054b65c300/download/amakusa005.csv,csv,municipal-standard-ods,CC BY 4.0,天草市「天草市公衆トイレ一覧」を加工して作成,https://creativecommons.org/licenses/by/4.0/,unknown,2024-02-21,2026-09-20,published
pt-43216-001,43,熊本県,43216,合志市,public-toilet,公衆トイレ一覧,https://www.city.koshi.lg.jp/kiji00322992/index.html,https://www.city.koshi.lg.jp/kiji00322992/3_22992_44375_up_i80qou8b.csv,csv,municipal-standard-ods,CC BY 4.0,合志市「公衆トイレ一覧」を加工して作成,https://creativecommons.org/licenses/by/4.0/,unknown,2026-03-24,2026-09-21,published
pt-43348-001,43,熊本県,43348,美里町,public-toilet,熊本県美里町 公衆トイレ一覧,https://data.bodik.jp/dataset/433489_public_toilet,https://data.bodik.jp/dataset/a681e3f3-2a6a-4993-9569-4c21a796afd2/resource/45b56d62-6012-4715-ad80-eb971cba64f7/download/433489_public_toilet.csv,csv,unknown,CC BY 4.0,美里町「熊本県美里町 公衆トイレ一覧」を加工して作成,https://creativecommons.org/licenses/by/4.0/,unknown,2025-04-21,2026-09-20,published
pt-43368-001,43,熊本県,43368,長洲町,public-toilet,公衆トイレ一覧,https://www.town.nagasu.lg.jp/soshiki/soumu/ict/177062548024049/,https://www.town.nagasu.lg.jp/nagasutown/007_machizukuri/ICT/opendata/%E5%85%AC%E8%A1%86%E3%83%88%E3%82%A4%E3%83%AC%E4%B8%80%E8%A6%A7%EF%BC%88CSV%EF%BC%9A2.5%E3%82%AD%E3%83%AD%E3%83%90%E3%82%A4%E3%83%88%EF%BC%89.csv,csv,standard,CC BY 4.0,長洲町「公衆トイレ一覧」を加工して作成,https://creativecommons.org/licenses/by/4.0/,unknown,,2026-09-29,published
pt-43369-001,43,熊本県,43369,和水町,public-toilet,和水町_公衆トイレ一覧,https://data.bodik.jp/dataset/433691_toilet,https://data.bodik.jp/dataset/1bbb2a89-9558-466a-9cb5-0d4eed74ba0e/resource/b7622e68-a055-4324-8565-c0fb06fc4982/download/data_public-toilet.csv,csv,unknown,CC BY 4.0,和水町「和水町_公衆トイレ一覧」を加工して作成,https://creativecommons.org/licenses/by/4.0/,unknown,2025-12-19,2026-09-20,published
pt-43403-001,43,熊本県,43403,大津町,public-toilet,大津町公衆トイレ一覧,https://data.bodik.jp/dataset/434035_toire,https://data.bodik.jp/dataset/78b4a0b7-7ba7-4425-81f1-89d9aefa8f9b/resource/703c2953-da43-4b3a-95a8-3a8332b3794e/download/cusersyamashitadownloadsdownload_2021011811421010630246039001610937730.xlsx,xlsx,non-standard,CC BY 4.0,大津町「大津町公衆トイレ一覧」を加工して作成,https://creativecommons.org/licenses/by/4.0/,unknown,2021-02-05,2026-09-20,published
pt-43428-001,43,熊本県,43428,高森町,public-toilet,公衆用トイレ一覧（高森町）（CSV）,https://datacatalogportal.dlp-kumamoto.jp/ckan/dataset/f9a4607b-6085-4bb9-830a-ebc76f0e1958,https://datacatalogportal.dlp-kumamoto.jp/ckan/dataset/f9a4607b-6085-4bb9-830a-ebc76f0e1958/resource/487f8e89-0e52-4257-9357-1d5f9b1a7db6/download/publictoilet_.csv,csv,municipal-standard-ods,CC BY,高森町「公衆用トイレ一覧（高森町）（CSV）」を加工して作成,https://datacatalogportal.dlp-kumamoto.jp/ckan/dataset/f9a4607b-6085-4bb9-830a-ebc76f0e1958,unknown,,2026-09-24,published
pt-43428-002,43,熊本県,43428,高森町,public-toilet,公衆用トイレ一覧（高森町）（XLSX）,https://datacatalogportal.dlp-kumamoto.jp/ckan/dataset/f9a4607b-6085-4bb9-830a-ebc76f0e1958,https://datacatalogportal.dlp-kumamoto.jp/ckan/dataset/f9a4607b-6085-4bb9-830a-ebc76f0e1958/resource/c7d74028-38e4-4d49-b201-d5ea4463426d/download/9_47_02_.xlsx,xlsx,municipal-standard-ods,CC BY,高森町「公衆用トイレ一覧（高森町）（XLSX）」を加工して作成,https://datacatalogportal.dlp-kumamoto.jp/ckan/dataset/f9a4607b-6085-4bb9-830a-ebc76f0e1958,unknown,,2026-09-24,published
pt-43433-001,43,熊本県,43433,南阿蘇村,public-toilet,公衆トイレ一覧,https://data.bodik.jp/dataset/434337_toilet,https://data.bodik.jp/dataset/c7efdc18-9724-4a8b-9e6b-1d54babed07e/resource/655fa6fb-174a-4637-8383-64837f61efc9/download/434337_public_toilet.csv,csv,municipal-standard-ods,CC BY 4.0,南阿蘇村「公衆トイレ一覧」を加工して作成,https://creativecommons.org/licenses/by/4.0/,unknown,2024-01-17,2026-09-20,published
pt-43441-001,43,熊本県,43441,御船町,public-toilet,公衆トイレ一覧,https://www.town.mifune.kumamoto.jp/page5941.html,https://www.town.mifune.kumamoto.jp/common/UploadFileOutput.ashx?c_id=3&flid=14743&id=5941&sub_id=6,xlsx,standard,PDL1.0,御船町「公衆トイレ一覧」を加工して作成,https://www.gsi.go.jp/kikakuchousei/kikakuchousei40182.html,unknown,,2026-09-29,published
pt-43443-001,43,熊本県,43443,益城町,public-toilet,益城町公衆トイレ一覧,https://data.bodik.jp/dataset/434434_public_toilet,https://data.bodik.jp/dataset/f08f9f7a-0d9d-4d37-87f8-dbf5e4cd11d9/resource/434aef06-0f4c-4180-b78e-354983d6c107/download/434434_public_toilet.csv,csv,municipal-standard-ods,CC BY 4.0,益城町「益城町公衆トイレ一覧」を加工して作成,https://creativecommons.org/licenses/by/4.0/,unknown,2024-01-26,2026-09-20,published
pt-43447-001,43,熊本県,43447,山都町,public-toilet,山都町公衆トイレ一覧,https://data.bodik.jp/dataset/434477_public_toilet,https://data.bodik.jp/dataset/9da51030-444b-4471-98d8-fbe8a6ca6377/resource/921f8a89-c7e0-41ef-8ff2-71d3b66c5e02/download/434477_public_toilet1.csv,csv,municipal-standard-ods,CC BY 4.0,山都町「山都町公衆トイレ一覧」を加工して作成,https://creativecommons.org/licenses/by/4.0/,unknown,2025-01-06,2026-09-20,published
pt-43468-001,43,熊本県,43468,氷川町,public-toilet,公衆トイレ一覧,https://data.bodik.jp/dataset/434680_public_toilet,https://data.bodik.jp/dataset/d72f3378-58de-4292-9e38-3fe05aa6611f/resource/db8fcf4d-89e5-424f-a62c-720e7b5479cf/download/434680_public_toilet.csv,csv,municipal-standard-ods,CC BY 4.0,氷川町「公衆トイレ一覧」を加工して作成,https://creativecommons.org/licenses/by/4.0/,unknown,2024-04-17,2026-09-20,published
pt-43482-001,43,熊本県,43482,芦北町,public-toilet,芦北町_公衆トイレ一覧,https://data.bodik.jp/dataset/434825_public_toilet,https://data.bodik.jp/dataset/43686da3-848c-481c-be59-886ccb956a68/resource/83567931-1be1-44ad-b5fd-2e0f2be7a282/download/434825_public_toilet.csv,csv,municipal-standard-ods,CC BY 4.0,芦北町「芦北町_公衆トイレ一覧」を加工して作成,https://creativecommons.org/licenses/by/4.0/,unknown,2025-02-28,2026-09-20,published
pt-43505-001,43,熊本県,43505,多良木町,public-toilet,多良木町公衆トイレ一覧,https://data.bodik.jp/dataset/public_toilet,https://data.bodik.jp/dataset/17b71d60-e26a-4d26-8773-c5f468fd8dad/resource/0bf615ad-b385-4ce0-a194-af141051af89/download/435058_public_toilet.csv,csv,municipal-standard-ods,CC BY 4.0,多良木町「多良木町公衆トイレ一覧」を加工して作成,https://creativecommons.org/licenses/by/4.0/,unknown,2024-07-05,2026-09-20,published
pt-43511-001,43,熊本県,43511,五木村,public-toilet,公衆トイレ一覧,https://www.vill.itsuki.lg.jp/kiji0031782/index.html,https://www.vill.itsuki.lg.jp/kiji0031782/3_1782_up_6yhokhgt.csv,csv,standard,CC BY 4.0,五木村「公衆トイレ一覧」を加工して作成,https://creativecommons.org/licenses/by/4.0/,unknown,,2026-09-29,published
pt-43531-001,43,熊本県,43531,苓北町,public-toilet,苓北町公衆トイレ一覧,https://reihoku-kumamoto.jp/kiji0031486/index.html,https://reihoku-kumamoto.jp/kiji0031486/3_1486_up_webmbwe0.csv,csv,municipal-standard-ods,CC BY 4.0,苓北町「苓北町公衆トイレ一覧」を加工して作成,https://creativecommons.org/licenses/by/4.0/,unknown,,2026-09-30,published
pt-44208-001,44,大分県,44208,竹田市,public-toilet,竹田市　公衆トイレ一覧,https://data.bodik.jp/dataset/442089_publictoilet,https://data.bodik.jp/dataset/c4f0e2c2-c2a1-49ae-8cc9-528dfeba3f93/resource/ed678a10-2441-4665-a63c-3ec796f4c36f/download/442089_publictoilet.csv,csv,unknown,CC BY 4.0,竹田市「竹田市　公衆トイレ一覧」を加工して作成,https://creativecommons.org/licenses/by/4.0/,unknown,2024-04-26,2026-09-20,published
pt-44211-001,44,大分県,44211,宇佐市,public-toilet,宇佐市　公衆トイレ一覧,https://data.bodik.jp/dataset/442119_public_toilet,https://data.bodik.jp/dataset/65409661-d4fd-44b6-91f2-3c27a4c363ce/resource/6deacac7-ef1f-4fea-b34a-d7e52e56bbd4/download/442119_public_toilet.csv,csv,municipal-standard-ods,CC BY 4.0,宇佐市「宇佐市　公衆トイレ一覧」を加工して作成,https://creativecommons.org/licenses/by/4.0/,unknown,2026-08-03,2026-09-20,published
pt-44341-001,44,大分県,44341,日出町,public-toilet,日出町が管理する公衆トイレ一覧,https://data.bodik.jp/dataset/443417_public_toilet,https://data.bodik.jp/dataset/46f20168-27db-4c7a-a44d-764286ee78ca/resource/75287169-865d-4084-bd62-017ed24412cf/download/443417_public_toilet.csv,csv,municipal-standard-ods,CC BY 4.0,日出町「日出町が管理する公衆トイレ一覧」を加工して作成,https://creativecommons.org/licenses/by/4.0/,unknown,2023-11-06,2026-09-20,published
pt-46201-001,46,鹿児島県,46201,鹿児島市,public-toilet,マンホールトイレ設置場所,https://data.bodik.jp/dataset/462012_manholetoire,https://data.bodik.jp/dataset/16b636b9-f839-40ea-bba4-77df7479b461/resource/ee48a63b-53c5-424c-bd39-782edb4ce573/download/4-6_manholetoire.csv,csv,non-standard,CC BY 4.0,鹿児島市「マンホールトイレ設置場所」を加工して作成,https://creativecommons.org/licenses/by/4.0/,unknown,2025-03-31,2026-09-20,published
pt-46214-001,46,鹿児島県,46214,垂水市,public-toilet,垂水市　公衆トイレ一覧,https://data.bodik.jp/dataset/462144_public_toilet_2019,https://data.bodik.jp/dataset/aad67285-ec8d-445e-88b3-bc3e13dbfaf6/resource/999ad630-a6da-4512-b01e-7833a01fee7c/download/462144publictoilet2019.csv,csv,unknown,CC BY 4.0,垂水市「垂水市　公衆トイレ一覧」を加工して作成,https://creativecommons.org/licenses/by/4.0/,unknown,2020-02-20,2026-09-20,published
pt-46221-001,46,鹿児島県,46221,志布志市,public-toilet,志布志市　公衆トイレ一覧（都市公園内）,https://data.bodik.jp/dataset/462217_public_toilet,https://data.bodik.jp/dataset/97b9e19a-166a-466d-81be-b6ac357faaf6/resource/8a71ef10-6a30-427c-9e24-afd567c7ad3d/download/462217_public_toilet_202403.csv,csv,municipal-standard-ods,CC BY 4.0,志布志市「志布志市　公衆トイレ一覧（都市公園内）」を加工して作成,https://creativecommons.org/licenses/by/4.0/,unknown,2026-08-27,2026-09-20,published
pt-46222-001,46,鹿児島県,46222,奄美市,public-toilet,公衆トイレ一覧,https://data.bodik.jp/dataset/462225_public_toilet_dokuji,https://data.bodik.jp/dataset/46a144e2-eeac-431b-bd3d-0b505e3ccc27/resource/51c0c581-193e-4a11-a3c1-0d3da48ee93e/download/.csv,csv,municipal-standard-ods,CC BY 4.0,奄美市「公衆トイレ一覧」を加工して作成,https://creativecommons.org/licenses/by/4.0/,unknown,2020-02-03,2026-09-20,published
pt-46223-001,46,鹿児島県,46223,南九州市,public-toilet,南九州市　公衆トイレ一覧,https://data.bodik.jp/dataset/462233_public_toilet,https://data.bodik.jp/dataset/520e0f26-4757-4429-b5f5-251031299ad4/resource/bed16a7b-a1ab-439c-9505-bbc3ea4e6fb7/download/462233_public_toilet_tourism.xlsx,xlsx,unknown,CC BY 4.0,南九州市「南九州市　公衆トイレ一覧」を加工して作成,https://creativecommons.org/licenses/by/4.0/,unknown,2022-10-11,2026-09-20,published
pt-46225-001,46,鹿児島県,46225,姶良市,public-toilet,公衆トイレ一覧,https://data.bodik.jp/dataset/462250_toilet20200312,https://data.bodik.jp/dataset/f8d62ce2-89d7-472b-a4da-210730dc05dd/resource/930538da-b47e-4f35-b0f0-9c86f6c0038e/download/462250_public_toilet.csv,csv,unknown,CC BY 4.0,姶良市「公衆トイレ一覧」を加工して作成,https://creativecommons.org/licenses/by/4.0/,unknown,2023-05-25,2026-09-20,published
pt-46492-001,46,鹿児島県,46492,肝付町,public-toilet,肝付町　公衆トイレ一覧,https://data.bodik.jp/dataset/464929_toire02,https://data.bodik.jp/dataset/d5672471-9b79-4b2d-b62f-bff284ade442/resource/d565b911-e020-4d1a-9d3d-dc3e7543b408/download/464929publictoilet-.csv,csv,unknown,CC BY 4.0,肝付町「肝付町　公衆トイレ一覧」を加工して作成,https://creativecommons.org/licenses/by/4.0/,unknown,2021-05-25,2026-09-20,published
pt-46502-001,46,鹿児島県,46502,南種子町,public-toilet,南種子町　公衆トイレ,https://data.bodik.jp/dataset/465020_public_toilets,https://data.bodik.jp/dataset/c0dae6b3-bd2d-4dea-b86a-f8e2633e4817/resource/8d01c3bd-6ef5-44bf-aa26-f1e317c255bb/download/minamitane_public_toilets.csv,csv,unknown,CC BY 4.0,南種子町「南種子町　公衆トイレ」を加工して作成,https://creativecommons.org/licenses/by/4.0/,unknown,2022-09-02,2026-09-20,published
pt-46535-001,46,鹿児島県,46535,与論町,public-toilet,公衆トイレ,https://www.yoron.jp/kiji0031417/index.html,https://www.yoron.jp/kiji0031417/3_1417_7_26_1870_5_up_ZHT6HXLV465356_public_toilet.csv,csv,legacy-recommended-dataset,CC BY 4.0,与論町「公衆トイレ」を加工して作成,https://creativecommons.org/licenses/by/4.0/,unknown,2021-04-28,2026-10-01,published
pt-47201-001,47,沖縄県,47201,那覇市,public-toilet,公衆トイレ一覧,https://data.bodik.jp/dataset/472018_public_toilet,https://data.bodik.jp/dataset/f4b77331-8b0b-4cb1-9488-aa5e729716a4/resource/cfbfba1d-67fd-41c3-9a35-fdc796e07a28/download/472018_public_toilet.csv,csv,unknown,CC BY 4.0,那覇市「公衆トイレ一覧」を加工して作成,https://creativecommons.org/licenses/by/4.0/,unknown,2026-09-18,2026-09-20,published
pt-47205-001,47,沖縄県,47205,宜野湾市,public-toilet,宜野湾市公衆トイレ一覧（2022年12月更新）,https://data.bodik.jp/dataset/okinawa-dpf_ginowan,https://data.bodik.jp/dataset/f74cfb95-869b-4ac3-9d39-c6448c5e0e88/resource/22602782-e008-4a63-a974-5d6890a4fb9c/download/472051_public_toilet.csv,csv,municipal-standard-ods,CC BY 4.0,宜野湾市「宜野湾市公衆トイレ一覧（2022年12月更新）」を加工して作成,https://creativecommons.org/licenses/by/4.0/,unknown,,2026-09-24,published
pt-47209-001,47,沖縄県,47209,名護市,public-toilet,名護市公衆トイレ一覧（2023年1月更新）,https://data.bodik.jp/dataset/okinawa-dpf_nago,https://data.bodik.jp/dataset/d9260a6f-ef1b-4ead-b90f-d1e8c4e50af6/resource/4aa40701-f819-4e96-a33c-d0ebd47fcb46/download/472093_public_toilet.csv,csv,municipal-standard-ods,CC BY 4.0,名護市「名護市公衆トイレ一覧（2023年1月更新）」を加工して作成,https://creativecommons.org/licenses/by/4.0/,unknown,,2026-09-24,published
pt-47211-001,47,沖縄県,47211,沖縄市,public-toilet,公衆トイレ一覧データ,https://data.bodik.jp/dataset/472115_public_toilet,https://data.bodik.jp/dataset/37ee7414-cbd2-4a12-b257-c06ae77a1fea/resource/41c808b1-2234-4e93-84ee-35e8ad30a5ef/download/kousyuutoire.csv,csv,municipal-standard-ods,CC BY 4.0,沖縄市「公衆トイレ一覧データ」を加工して作成,https://creativecommons.org/licenses/by/4.0/,unknown,2025-02-26,2026-09-20,published
pt-47213-001,47,沖縄県,47213,うるま市,public-toilet,うるま市公衆トイレ一覧（2022年11月更新）,https://data.bodik.jp/dataset/okinawa-dpf_uruma,https://data.bodik.jp/dataset/4c69e7dc-dca9-4e1e-881f-b4029a3ac74f/resource/80e28d56-2625-46da-ac81-8dc1513f4dc7/download/472131_public_toilet.csv,csv,municipal-standard-ods,CC BY 4.0,うるま市「うるま市公衆トイレ一覧（2022年11月更新）」を加工して作成,https://creativecommons.org/licenses/by/4.0/,unknown,,2026-09-24,published
pt-47302-001,47,沖縄県,47302,大宜味村,public-toilet,大宜味村公衆トイレ一覧,https://data.bodik.jp/dataset/473022_public_toilet,https://data.bodik.jp/dataset/99577e22-96b6-4243-a260-662fc640fda5/resource/b87d35cc-257d-42f9-a0c5-a9153f5007d0/download/473022_public_toilet.csv,csv,unknown,CC BY 4.0,大宜味村「大宜味村公衆トイレ一覧」を加工して作成,https://creativecommons.org/licenses/by/4.0/,unknown,2023-02-13,2026-09-20,published
pt-47306-001,47,沖縄県,47306,今帰仁村,public-toilet,今帰仁村公衆トイレ一覧（2022年11月更新）,https://data.bodik.jp/dataset/okinawa-dpf_nakijin,https://data.bodik.jp/dataset/44d9c038-6563-4535-ae39-0b49391b122e/resource/11531b4e-a59b-44ff-a5a0-615213ffb20f/download/473065_public_toilet.csv,csv,municipal-standard-ods,CC BY 4.0,今帰仁村「今帰仁村公衆トイレ一覧（2022年11月更新）」を加工して作成,https://creativecommons.org/licenses/by/4.0/,unknown,,2026-09-24,published
pt-47327-001,47,沖縄県,47327,北中城村,public-toilet,公衆トイレ一覧,https://data.bodik.jp/dataset/473278_public_toilet,https://www.vill.kitanakagusuku.lg.jp/material/files/group/1/kitanakagusuku_public_toilet.csv,csv,unknown,CC BY 4.0,北中城村「公衆トイレ一覧」を加工して作成,https://creativecommons.org/licenses/by/4.0/,unknown,2023-03-24,2026-09-20,published
pt-47350-001,47,沖縄県,47350,南風原町,public-toilet,公衆トイレ一覧,https://data.bodik.jp/dataset/473502_public_toilet,https://data.bodik.jp/dataset/9192fc4c-d264-4cf3-9fdf-3a913cb4faee/resource/50d380a8-61e9-4efb-be93-9350da3a7146/download/473502_public_toilet.csv,csv,municipal-standard-ods,CC BY 4.0,南風原町「公衆トイレ一覧」を加工して作成,https://creativecommons.org/licenses/by/4.0/,unknown,2026-02-16,2026-09-20,published
pt-47353-001,47,沖縄県,47353,渡嘉敷村,public-toilet,渡嘉敷村公衆トイレ一覧（2023年1月更新）,https://data.bodik.jp/dataset/okinawa-dpf_tokashiki,https://data.bodik.jp/dataset/fcb79a9a-6a76-40c7-a371-b8e3ef0dec01/resource/f600a3f4-bddf-4b4f-a56f-8ee74424595d/download/473537_public_toilet.csv,csv,municipal-standard-ods,CC BY 4.0,渡嘉敷村「渡嘉敷村公衆トイレ一覧（2023年1月更新）」を加工して作成,https://creativecommons.org/licenses/by/4.0/,unknown,,2026-09-24,published
pt-47357-001,47,沖縄県,47357,南大東村,public-toilet,公衆トイレ一覧,https://data.bodik.jp/dataset/473570_public_toilet,https://data.bodik.jp/dataset/926022b1-7b69-466c-87d7-798c15f807d1/resource/9730af63-5a6a-495c-a1e0-b70b89deea58/download/473570_public_toilet_202302.csv,csv,unknown,CC BY 4.0,南大東村「公衆トイレ一覧」を加工して作成,https://creativecommons.org/licenses/by/4.0/,unknown,2023-02-10,2026-09-20,published
pt-47381-001,47,沖縄県,47381,竹富町,public-toilet,公衆トイレ一覧,https://data.bodik.jp/dataset/473812_public_toilet,https://data.bodik.jp/dataset/085a3a61-9e01-4c3a-a9c4-e8b847b947c0/resource/9d30be41-656f-4af9-8517-7251bfe1290f/download/473812_public_toilet.csv,csv,municipal-standard-ods,CC BY 4.0,竹富町「公衆トイレ一覧」を加工して作成,https://creativecommons.org/licenses/by/4.0/,unknown,2026-07-17,2026-09-20,published
bf-10-001,10,群馬県,,,barrier-free,オストメイト対応トイレ・ユニバーサルシート設置施設一覧,https://www.pref.gunma.jp/site/fukushinomachi/3013.html,https://www.pref.gunma.jp/uploaded/attachment/710891.xlsx,xlsx,non-standard,factual-data,群馬県「オストメイト対応トイレ・ユニバーサルシート設置施設一覧」を加工して作成,https://www.pref.gunma.jp/site/fukushinomachi/3013.html,partial,2025,2026-10-04,published
bf-14-001,14,神奈川県,,,barrier-free,神奈川県バリアフリー適合施設オープンデータ,https://www.pref.kanagawa.jp/docs/n7j/barrierfreeopendata.html,,xlsx,non-standard,CC BY 4.0,神奈川県「神奈川県バリアフリー適合施設オープンデータ」を加工して作成,https://creativecommons.org/licenses/by/4.0/,partial,2026-03-31,2026-10-04,published
bf-09-001,09,栃木県,,,barrier-free,オストメイト対応トイレ一覧表,https://www.pref.tochigi.lg.jp/e05/welfare/shougaisha/fukushi/documents/20260805165831.pdf,https://www.pref.tochigi.lg.jp/e05/welfare/shougaisha/fukushi/documents/20260805165831.pdf,pdf,non-standard,PDL1.0,栃木県「オストメイト対応トイレ一覧表」を加工して作成,https://www.digital.go.jp/resources/open_data/public_data_license_v1.0,partial,2026-05-01,2026-10-04,published
bf-34-001,34,広島県,,,barrier-free,広島県内のオストメイト対応トイレ一覧,https://www.pref.hiroshima.lg.jp/soshiki/62/1246620261731.html,,xlsx,non-standard,CC BY 2.1 Japan,広島県「広島県内のオストメイト対応トイレ一覧」を加工して作成,https://creativecommons.org/licenses/by/2.1/jp/,partial,2025-07-01,2026-10-04,published
bf-41-001,41,佐賀県,,,barrier-free,みんなのトイレ,https://www.pref.saga.lg.jp/kiji00375898/index.html,,pdf,non-standard,CC BY 4.0,佐賀県「みんなのトイレ」を加工して作成,https://creativecommons.org/licenses/by/4.0/,partial,2023-08-01,2026-10-04,published
bf-18-001,18,福井県,,,barrier-free,オストメイト対応トイレ設置施設一覧,https://www.pref.fukui.lg.jp/doc/shougai/fmatijourei/osutomeito.html,,html,non-standard,factual-data,福井県「オストメイト対応トイレ設置施設一覧」を加工して作成,https://www.pref.fukui.lg.jp/doc/shougai/fmatijourei/osutomeito.html,partial,2024-08-01,2026-10-04,published
bf-26-001,26,京都府,,,barrier-free,京都府内のバリアフリー施設一覧,https://www.pref.kyoto.jp/f-machi/hitoyasa.html,,xlsx,non-standard,factual-data,京都府「京都府内のバリアフリー施設一覧」を加工して作成,https://www.pref.kyoto.jp/f-machi/hitoyasa.html,partial,2026-09,2026-10-04,published
bf-35-001,35,山口県,,,barrier-free,山口県バリアフリー施設データベース,https://www.pref.yamaguchi.lg.jp/soshiki/44/18227.html,https://www.pref.yamaguchi.lg.jp/uploaded/attachment/207634.xls,xls,non-standard,not-specified,山口県「山口県バリアフリー施設データベース」を加工して作成,https://www.pref.yamaguchi.lg.jp/soshiki/44/18227.html,partial,,2026-10-04,published
bf-42-001,42,長崎県,,,barrier-free,オストメイト対応トイレ県内設置場所一覧,https://www.pref.nagasaki.jp/bunrui/hukushi-hoken/fukushi/syyogaifukushi/shien/ostomate/,https://www.pref.nagasaki.jp/shared/uploads/2025/06/1750322278.pdf,pdf,non-standard,factual-data,長崎県「オストメイト対応トイレ県内設置場所一覧」を加工して作成,https://www.pref.nagasaki.jp/bunrui/hukushi-hoken/fukushi/syyogaifukushi/shien/ostomate/,partial,,2026-10-04,published
bf-45-001,45,宮崎県,,,barrier-free,みやざきアクセシビリティ情報マップ,https://m-bfree.pref.miyazaki.lg.jp/a_map/public/otherContent/opendata,,html,non-standard,CC BY 4.0,宮崎県「みやざきアクセシビリティ情報マップ」を加工して作成,https://creativecommons.org/licenses/by/4.0/,partial,,2026-10-04,published
bf-44-001,44,大分県,,,barrier-free,バリアフリー大分 トイレ,https://barifuri-oita.com/,,html,non-standard,factual-data,「バリアフリー大分 トイレ」の施設情報を加工して作成,https://barifuri-oita.com/,partial,,2026-10-04,published
bf-47-001,47,沖縄県,,,barrier-free,沖縄県バリアフリーマップ,http://okinawa-bf-map.jp/,,html,non-standard,factual-data,沖縄県「沖縄県バリアフリーマップ」を加工して作成,http://okinawa-bf-map.jp/,partial,,2026-10-04,published
bf-46-001,46,鹿児島県,,,barrier-free,かごしまバリアフリーマップ オストメイト対応施設,https://www.pref.kagoshima.jp/suisuinavi/,,html,non-standard,not-specified,鹿児島県「かごしまバリアフリーマップ オストメイト対応施設」を加工して作成,https://www.pref.kagoshima.jp/suisuinavi/,partial,,2026-10-04,published
bf-43-001,43,熊本県,,,barrier-free,おでかけ安心トイレ普及事業協力施設一覧,https://www.pref.kumamoto.jp/soshiki/27/51296.html,,html,non-standard,factual-data,熊本県「おでかけ安心トイレ普及事業協力施設一覧」を加工して作成,https://www.pref.kumamoto.jp/soshiki/27/51296.html,partial,,2026-10-04,published
pt-23203-001,23,愛知県,23203,一宮市,public-toilet,オストメイト対応トイレ,https://www.city.ichinomiya.aichi.jp/soumu/dejitaru/1044344/1010131/1004049.html,https://www.city.ichinomiya.aichi.jp/_res/projects/default_project/_page_/001/004/049/ostomate.csv,csv,non-standard,CC BY 4.0,一宮市「オストメイト対応トイレ」を加工して作成,https://creativecommons.org/licenses/by/4.0/,partial,,2026-10-04,published
pt-23203-002,23,愛知県,23203,一宮市,public-toilet,ユニバーサルシート設置トイレ,https://www.city.ichinomiya.aichi.jp/soumu/dejitaru/1044344/1010131/1004049.html,https://www.city.ichinomiya.aichi.jp/_res/projects/default_project/_page_/001/004/049/universalsheet.csv,csv,non-standard,CC BY 4.0,一宮市「ユニバーサルシート設置トイレ」を加工して作成,https://creativecommons.org/licenses/by/4.0/,partial,,2026-10-04,published
