prefecture_code,prefecture_name,municipality_code,municipality_name,ward_name,facility_name,formal_name,facility_category,postal_code,address,latitude,longitude,homepage_url,multipurpose_toilet,wheelchair_toilet,toilet_floor,unisex_toilet_count,male_toilet_count,female_toilet_count,washlet,adult_bed,ostomate,voice_guidance,baby_bed,baby_chair,child_toilet,child_chair,flush_type,emergency_call_type,male_urinal_with_rail,male_western_toilet,female_western_toilet,male_baby_bed,female_baby_bed,male_baby_chair,female_baby_chair,entrance_step,stroller_rental,nursing_space,diaper_changing_space,kids_room,source_dataset,source_name,source_url,source_updated_at,source_row,attribute_note,note
45,宮崎県,45208,西都市,,逢初川（記紀の道）,,,881-0005,西都市大字三宅,32.119892140159834,131.40157080397623,https://www.saito-kanko.jp/tourisms/%e9%80%a2%e5%88%9d%e5%b7%9d/,yes,,記紀の道の逢初川から八尋殿の間にあります。,,,,,,,,,,,,,,,,,,,,,,,,,,multipurpose_toilet,みやざきアクセシビリティ情報マップ,https://m-bfree.pref.miyazaki.lg.jp/a_map/public/facilityAround/eyJpdiI6Im1pMjR0RlpTaFl5OXFlOEpnVzFiQ3c9PSIsInZhbHVlIjoiTk5kUjhFakgrcmNxVWpiMkpDNEJDZz09IiwibWFjIjoiOTk3ZTgxYmZiOTViMmQyNWJjN2E4NWRkYzdmNWY2YjY5ZWE5MzI1ZWI0YTJjMTMxMTY4MDBiYzE1MWFlYTM2ZSJ9,,F002491,男女共用トイレあり | 緊急通報装置あり | 調査日=2020-09-29,
45,宮崎県,45202,都城市,,青井岳温泉,,,889-1803,都城市山之口町大字山之口2123,31.8292106,131.2240394,https://aoidake.com/,yes,,本館1階左受付の奥,,,,yes,,,,yes,,,,,,,,,,,,,,,,,,multipurpose_toilet,みやざきアクセシビリティ情報マップ,https://m-bfree.pref.miyazaki.lg.jp/a_map/public/facilityAround/eyJpdiI6IlNhRUNaV1ZOZHQ1RmVMTXVmdEdReWc9PSIsInZhbHVlIjoiMjRcL3hQYnRkdG9cL3JYNCtOeDNTRUpRPT0iLCJtYWMiOiIyNzc0YjFmMTRjYzU5ZjUzYTkzMTk0NGQ1OTYxNzUyODlkODFmZjBlNjk1NzQxMTVhNzhjOTI4NmU3ODBjNDM5In0=,,F001554,男女共用トイレあり | 緊急通報装置あり | 調査日=2025-11-21,
45,宮崎県,45201,宮崎市,,あおき子育て交流広場,,,880-0841,宮崎市吉村町ハシテ甲2386-139,31.9095992,131.4441058,http://www.drop-in.or.jp/,yes,,,,,,yes,,yes,,,,,,,,,,,,,,,,,,,,multipurpose_toilet,みやざきアクセシビリティ情報マップ,https://m-bfree.pref.miyazaki.lg.jp/a_map/public/facilityAround/eyJpdiI6IkVKRTNtNjhLRkFtVGtyM0hHQU5RMUE9PSIsInZhbHVlIjoiSXMwTm01WFZiQ1JLQmNuc0d3YmMwdz09IiwibWFjIjoiNTgwZTc5MDQyY2NiNGY5OGRkZGM1YTMxMmQ4NjA5ODg0ODljY2JjNmE0MmYyMzA1MmUyMDZiNmMwZjM1MmRjOSJ9,,F000643,男女共用トイレあり | 調査日=2013-09-10,
45,宮崎県,45201,宮崎市,,檍児童センター,,,880-0841,宮崎市吉村町平塚甲1797,31.9171858,131.4415137,http://www.miyazaki-jidoukan.jp/,yes,,,,,,yes,,,,yes,,,,,,,,,,,,,,,,,,multipurpose_toilet,みやざきアクセシビリティ情報マップ,https://m-bfree.pref.miyazaki.lg.jp/a_map/public/facilityAround/eyJpdiI6IkZEWGJrb3llUklsXC80MHhsRjd5c3dRPT0iLCJ2YWx1ZSI6IjEzRGlrVVwvclwvamdvcHF2TW1Ic04zUT09IiwibWFjIjoiYmNkYTRjYTZiMWQwZDNkZGYwYWU1ZjJhNzNkOTNkMTUxNzNkM2I5OWMyNWQ3NWQ5OGY2ZDEyOThjOTU5NjE0MiJ9,,F001497,男女共用トイレあり | 緊急通報装置あり | 調査日=2019-11-18,
45,宮崎県,45201,宮崎市,,檍地区交流センター,,,880-0841,宮崎市吉村町江田原甲265-1,31.9258521,131.4452766,https://www.city.miyazaki.miyazaki.jp/institution/list/item168/,yes,,屋外,,,,yes,,yes,,,,,,,,,,,,,,,,,,,,multipurpose_toilet,みやざきアクセシビリティ情報マップ,https://m-bfree.pref.miyazaki.lg.jp/a_map/public/facilityAround/eyJpdiI6ImdSU1R0SStON0pQRXpMeG5kQzNWbHc9PSIsInZhbHVlIjoiRmVDM2lSeFpVemlHdjdxWGdCVUhBQT09IiwibWFjIjoiODdhNDk5Y2Y1YzFlYTVkYmQ4OGYxMDg2MzA3Yjk2NDNmNzFlNzFhN2ExMGE3MDYwNmRmZTEzZDE4NGM5MGZmYSJ9,,F001137,男女共用トイレあり | 緊急通報装置あり | 調査日=2002-09-18,
45,宮崎県,45201,宮崎市,,あおき保育園,,,880-0841,宮崎市吉村町江田原甲266,31.9278003,131.4455927,http://www.aoki-hoikuen.com/,yes,,,,,,yes,,,,,,,,,,,,,,,,,,,,,,multipurpose_toilet,みやざきアクセシビリティ情報マップ,https://m-bfree.pref.miyazaki.lg.jp/a_map/public/facilityAround/eyJpdiI6IksxN2tobU5xaFwvZmxYV2tMNWU3dFZnPT0iLCJ2YWx1ZSI6Ik9BWlA2ejUxcFM4N0xpaW1wZnNjRXc9PSIsIm1hYyI6IjAyMzg2NzY5MTZkNzlkODFlM2MxZGY5N2E4N2VmNzkzMGM4YmU3ZmMwNWU5M2I3OWQxMjcyZWM0NTQ2ZjlmYTcifQ==,,F001844,男女共用トイレあり | 緊急通報装置あり | 調査日=2019-11-21,
45,宮崎県,45201,宮崎市,,青島園地（駐車場・公衆トイレ）,,,889-2162,宮崎市青島1丁目,31.8043561,131.4631439,,yes,,駐車場の横,,,,,,yes,,yes,yes,,,,,,,,,,,,,,,,,multipurpose_toilet,みやざきアクセシビリティ情報マップ,https://m-bfree.pref.miyazaki.lg.jp/a_map/public/facilityAround/eyJpdiI6InpzVTNLVUw4U29QcUkrM2FKTFNld0E9PSIsInZhbHVlIjoiVGNnbitoUVZHMmVyaHN0eXpRVVBWUT09IiwibWFjIjoiODU3YmI3OGZkZTZmNDRhYzE4N2UyZWZmYjE0ZGJkYTVhNDMxZGNjZWFmNDI2NTM2ODlmYWIyYWE1NjE3YWFiYSJ9,,F002104,男女共用トイレあり | 緊急通報装置あり | 調査日=2020-08-04,
45,宮崎県,45201,宮崎市,,青島海水浴場,,,889-2162,宮崎市青島2-233,31.804508,131.466499,https://www.aoshima-bc.jp/,yes,,,,,,,,,,,,,,,,,,,,,,,,,,,,multipurpose_toilet,みやざきアクセシビリティ情報マップ,https://m-bfree.pref.miyazaki.lg.jp/a_map/public/facilityAround/eyJpdiI6IkpzZW4rNW5uS2hDNWJQdkFsRXFNaEE9PSIsInZhbHVlIjoib0dITjJtMmRRM2R1aFlFUDM5eWJcL0E9PSIsIm1hYyI6IjQyMjk2OGU1Nzk1OTRmMTY4MGJkMzFjNzhlNjAyYjljYjJiZDliZWE0MzZjZGVkODNmYzg1YmZhODA3ZDBiZWIifQ==,,F002775,男女共用トイレあり | 緊急通報装置あり | 調査日=2024-08-01,シャワーや男女別の多目的トイレは渚の交番内にある
45,宮崎県,45201,宮崎市,,青島クリニック,,,889-2162,宮崎市青島4-6-3,31.795707,131.4694861,,yes,,２階,,,,,,,,,,,,,,,,,,,,,,,,,,multipurpose_toilet,みやざきアクセシビリティ情報マップ,https://m-bfree.pref.miyazaki.lg.jp/a_map/public/facilityAround/eyJpdiI6IjlSU0VucnZRUk9mOUNVYWRsbTl2QWc9PSIsInZhbHVlIjoiTk1FdkhtVEhuNlBrU0dCaGJoRUZjdz09IiwibWFjIjoiYWY3OTJkNzNiOGI2Y2YyNDAyZmNhNjM4NWU4OWRjNzM4MTE5NTJmNDBlNTA4ZDUyNmViN2RmYjg3MzA3MWE4OCJ9,,F000779,男女共用トイレあり | 緊急通報装置あり | 調査日=2002-09-06,
45,宮崎県,45201,宮崎市,,青島サンクマール,,,889-2164,宮崎市大字折生迫7408,31.7858292,131.4879744,http://www.cinqmale.co.jp/,yes,,１階,,,,yes,,,,,,,,,,,,,,,,,,,,,,multipurpose_toilet,みやざきアクセシビリティ情報マップ,https://m-bfree.pref.miyazaki.lg.jp/a_map/public/facilityAround/eyJpdiI6IkhJZllWY0dRamduMmg3N1Y3VGVcL2pBPT0iLCJ2YWx1ZSI6IjN3VkNzTG9MNzM2ejJEOUJKbFJrRVE9PSIsIm1hYyI6IjU0MzI3OWJmZDQzY2YxOTg0NDNiMGFhOTE5NTVhYjc0MGRjYWYwYjA1YjhhODdmNDg2YzY4YjM0ZjRhYjY4MjQifQ==,,F001214,男女共用トイレあり | 緊急通報装置あり | 調査日=2025-01-16,
45,宮崎県,45201,宮崎市,,青島参道（公衆トイレ）,,,889-2162,宮崎市青島2丁目地内,31.802669811825844,131.46990318176253,,yes,,屋外,,,,yes,,yes,,yes,yes,,,,,,,,,,,,,,,,,multipurpose_toilet,みやざきアクセシビリティ情報マップ,https://m-bfree.pref.miyazaki.lg.jp/a_map/public/facilityAround/eyJpdiI6IkhBRGZOaFNScW5weE1ha1pzenpaRWc9PSIsInZhbHVlIjoiWVRjdGhEUGxTY0l2bG5JOWQ5N2JoUT09IiwibWFjIjoiZWYyOTg4NjY0ZTg4MzljNGVlODNlYzc0ZmIzZmU1MzE2ZjRiNDI4ZDgwOTQwMmJjMDVhMzBlMDEwZDgzMWRmNiJ9,,F002005,男女別トイレあり | 緊急通報装置あり | 調査日=2020-08-04,
45,宮崎県,45201,宮崎市,,青島参道南広場,,,880-2162,宮崎市青島2丁目207番地,31.8018304,131.4681454,http://mppf.or.jp/sandou/,yes,,,,,,,,yes,,,,,,,,,,,,,,,,,,,,multipurpose_toilet,みやざきアクセシビリティ情報マップ,https://m-bfree.pref.miyazaki.lg.jp/a_map/public/facilityAround/eyJpdiI6ImNPM0p3T1FUZlF2TGRzUjFOZHd2VGc9PSIsInZhbHVlIjoiVTlvUGZBMWE4VEl5eFJINmJRbTlSZz09IiwibWFjIjoiNDg0Mjk5ZmIxNTk1MzJkNTc1ZmE1N2JmMzQyYmIzZjFjMjNmMDJhM2MwOGM0ODQ1NGU2NWVmNzhjOTc1YjQ5YiJ9,,F002012,男女共用トイレあり | 調査日=2019-12-12,
45,宮崎県,45201,宮崎市,,青島児童センター,,,889-2162,宮崎市青島4丁目9-17,31.793758,131.4686395,,yes,,,,,,,,,,,,,,,,,,,,,,,,,,,,multipurpose_toilet,みやざきアクセシビリティ情報マップ,https://m-bfree.pref.miyazaki.lg.jp/a_map/public/facilityAround/eyJpdiI6Ik53RW1GZytiQ2NXKzNsRUF1S0hSVUE9PSIsInZhbHVlIjoibEZYTFJEa0NjMDZtTkgyTDFWTlZlZz09IiwibWFjIjoiZDA4ZGZhNTk4ZjY5M2Q2MTJmOGMwOGYwYjdiNjM0ZjM2YjU5YTg2ZWQ4MTliZGI5ZGVjZTFiYzA4NDgyNDc4ZCJ9,,F001480,男女共用トイレあり | 調査日=2014-03-20,
45,宮崎県,45201,宮崎市,,青島神社,,,889-2162,宮崎市青島2丁目13-1,31.8040479,131.4751226,http://aoshima-jinja.jp/,yes,,青島参道(商店街を青島方面に行ったビーチ入口北側)、青島屋、渚の交番の中、ボタニックガーデンに多目的トイレあります｡,,,,,,,,,,,,,,,,,,,,,,,,,,multipurpose_toilet,みやざきアクセシビリティ情報マップ,https://m-bfree.pref.miyazaki.lg.jp/a_map/public/facilityAround/eyJpdiI6IjFmVjU3TXlON2E3aDZNUE9udHVSQUE9PSIsInZhbHVlIjoiaW14ZTJ3T2Z5aU5KYmMwMGpZeWZhZz09IiwibWFjIjoiNTUxNzVkZTQyMDRjZGRiMWU0NGI5MzkxNzk0MGYwYzBmMTk5MGFlNWU0ZDQ3NjAyMGI5NmMyNGQ5ZjQ4MzNkYSJ9,,F000609,調査日=2020-10-29,
45,宮崎県,45201,宮崎市,,青島地域センター,,,889-2163,宮崎市青島西2丁目1番地,31.8020031,131.4619795,,yes,,,,,,,,,,,,,,,,,,,,,,,,,,,,multipurpose_toilet,みやざきアクセシビリティ情報マップ,https://m-bfree.pref.miyazaki.lg.jp/a_map/public/facilityAround/eyJpdiI6IlZhWU5Ib21ZVjFHZ0ZxcnkxczNERGc9PSIsInZhbHVlIjoiZnRqM1lHT2hEWm9JclQwNHNiRk5mQT09IiwibWFjIjoiYzVmNTVjYmRmNTRmOGMwZjRiNGQ5ZDZkYzZhOTBiMzljNDA3NDc2MmIzOTA1ZDE4Zjc5NDdjZDNjMzBkZGEyYSJ9,,F001121,男女共用トイレあり,
45,宮崎県,45201,宮崎市,,青島地区交流センター,,,889-2162,宮崎市青島西2-1,31.80214,131.462,,yes,,１階,,,,,,yes,,,,,,,,,,,,,,,,,,,,multipurpose_toilet,みやざきアクセシビリティ情報マップ,https://m-bfree.pref.miyazaki.lg.jp/a_map/public/facilityAround/eyJpdiI6ImJYc3draVcyK0pBZGJwN2U4dzBRMHc9PSIsInZhbHVlIjoiZWJ6TURrNEFYK2RrZFJpbW92N21RQT09IiwibWFjIjoiNGE4OGZmMTE2YmRmY2FlZDYyMGI4MjI5ZDI4MjFlZmU1NzM1MDJiYmQzN2Q4MGQwNGEyZmJiODNiOWE1YjRjZiJ9,,F000699,男女共用トイレあり | 緊急通報装置あり | 調査日=2013-09-17,
45,宮崎県,45201,宮崎市,,青島パークゴルフ場,,,889-2161,宮崎市加江田7470-3,31.807918952402158,131.45804819557605,https://www.aopago.jp/index.html,yes,,ＡコースとＢコースの間 / ＣコースとＤコースの間,,,,yes,,yes,,yes,,,,,,,,,,,,,,,,,,multipurpose_toilet,みやざきアクセシビリティ情報マップ,https://m-bfree.pref.miyazaki.lg.jp/a_map/public/facilityAround/eyJpdiI6IkZ5MWJVbStqNU52WVBrNmp5U1VyQlE9PSIsInZhbHVlIjoiVmErZW9YZ0tWMVZtZitBZmI2bDEyUT09IiwibWFjIjoiNGYzYWJlNWE4ZDJjNGYwOGI3OTBhMGZjM2U4ODU3YzVhYzY1MWM0N2I2ODlmNTk2NTU5NzFmNDUwM2NhMDFkMSJ9,,F002631,男女共用トイレあり | 緊急通報装置あり | 調査日=2022-11-25,
45,宮崎県,45201,宮崎市,,青島フィッシャーマンズ・ビーチサイドホステル＆スパ,,,889-2162,宮崎市青島3丁目1-53,31.799452,131.469115,http://aoshima-hostel.com/,yes,,1Fレストラン奥（中庭に面したところ）,,,,yes,,yes,,yes,,,,,,,,,,,,,,,,,,multipurpose_toilet,みやざきアクセシビリティ情報マップ,https://m-bfree.pref.miyazaki.lg.jp/a_map/public/facilityAround/eyJpdiI6ImVzK1wvb2h3ZnB0aDRIVVZvTjNaUFRRPT0iLCJ2YWx1ZSI6InNlQ3dEWUdFXC95MzVUWWJEdkNtU3ZRPT0iLCJtYWMiOiJiZTY0MGY1MWRhZDM0ZDk2ZTE5Y2NhYTVkMWFiY2VkOTA5M2VkMTkzOTUyYTQ4YTRkZjcxMGYwNDczNWFlNWYwIn0=,,F002368,男女共用トイレあり | 緊急通報装置あり | 調査日=2019-11-22,
45,宮崎県,45201,宮崎市,,青島屋,,,889-2162,宮崎市青島2丁目12-11,31.8020571,131.4690456,http://s-and-r.jp/shop_r1.html,yes,,１階レストラン横、２階レストラン横,,,,yes,,yes,,yes,,,,,,,,,,,,,,,,,,multipurpose_toilet,みやざきアクセシビリティ情報マップ,https://m-bfree.pref.miyazaki.lg.jp/a_map/public/facilityAround/eyJpdiI6Im4zT3ZLRFYwc09hXC9HaFRDZjFydEhRPT0iLCJ2YWx1ZSI6InZkQ2RlU0E2ZVhlYjByZDUzaWhtcGc9PSIsIm1hYyI6ImUxNWIxOWY4ODBlODgyZWZhNGQ4MGIyMzFmYjAzODNiNTg0MzhmYzZiOTNkZDQ3OGM3Yjg2YWM2NTI5Y2M1NDAifQ==,,F000624,男女共用トイレあり | 緊急通報装置あり | 調査日=2020-09-24,
45,宮崎県,45201,宮崎市,,あおしま幼稚園 第２園舎,,,889-2162,宮崎市青島4丁目9-1,31.7946779,131.4682129,http://www.miyazaki-catv.ne.jp/~keisen-aosima/,yes,,,,,,,,,,,,,,,,,,,,,,,,,,,,multipurpose_toilet,みやざきアクセシビリティ情報マップ,https://m-bfree.pref.miyazaki.lg.jp/a_map/public/facilityAround/eyJpdiI6IkQzXC9IY2N4K2hBVk1xcUR6WXFtMjhRPT0iLCJ2YWx1ZSI6ImcySHhDZGdXWVZuSmZSdThXb2ZQMFE9PSIsIm1hYyI6IjNhOTUxYjAyMmM4MGEzODMxMDUwZGY1ZGNiNDUwZDQ3OTMxYzU1Zjc3YjViNGIwNjU0ZjUxMjU1OTI5NWZkN2QifQ==,,F000843,男女共用トイレあり,
45,宮崎県,45201,宮崎市,,あおぞら保育園,,,880-0824,宮崎市大島町前田376-7,31.9445895,131.4418767,http://www.msa.ed.jp/aozora-h/,yes,,,,,,,,,,,,,,,,,,,,,,,,,,,,multipurpose_toilet,みやざきアクセシビリティ情報マップ,https://m-bfree.pref.miyazaki.lg.jp/a_map/public/facilityAround/eyJpdiI6ImRSOTl2bnVHZnA3RzJWUG4rZUE2dXc9PSIsInZhbHVlIjoic2dZVTU3SkNMS0F0RWhHK2ZUblQwZz09IiwibWFjIjoiOGU3MDkwNWFlNTA3MmU5MjgxOGIzOTZlOWM4ZWZjNDBhYTRiZTFlMTZhNWJmOGNiMzBmYTI0OGJiYjAxZTU4NSJ9,,F001818,男女共用トイレあり,
45,宮崎県,45201,宮崎市,,あおぞら保育園・あおぞら幼稚園,,,880-0824,宮崎市大島町前田376－7,31.9445895,131.4418767,http://www.msa.ed.jp/aozora/,yes,,,,,,,,,,,,,,,,,,,,,,,,,,,,multipurpose_toilet,みやざきアクセシビリティ情報マップ,https://m-bfree.pref.miyazaki.lg.jp/a_map/public/facilityAround/eyJpdiI6ImJ0bE5cL2tyOUpLRWdJWkZuUjBXeEFnPT0iLCJ2YWx1ZSI6InR3djZkYnRPeWVvUnl5TW5HXC9oV3F3PT0iLCJtYWMiOiJkMGJlNTQxNTM0YWNjMzcwZDc4YTMzMDM1NjkxMGE5ZGEyZTNhZTllOGI2ZTJjNDFlMzg1NzBiNGFmMDkzZDM2In0=,,F000976,男女共用トイレあり | 調査日=2013-09-13,
45,宮崎県,45201,宮崎市,,青葉台自治公民館,,,880-2116,宮崎市大字細江4111-8,31.8986373,131.3472354,,yes,,,,,,,,,,,,,,,,,,,,,,,,,,,,multipurpose_toilet,みやざきアクセシビリティ情報マップ,https://m-bfree.pref.miyazaki.lg.jp/a_map/public/facilityAround/eyJpdiI6IllIXC9hcWRyQXk0TUhFblRCSDd1YlNnPT0iLCJ2YWx1ZSI6ImxEd2lLNzdHV3FnNjNPUXFENlwvanhRPT0iLCJtYWMiOiJlMjYzMDdjYjUwZjA2MzEwMDRjZTU5YzAwMGE0Mjc4OTY5M2M4ZTAzOWM4NjAzMjM1NDhkYjBhMjFhZDg2YWNkIn0=,,F001938,男女共用トイレあり,
45,宮崎県,45201,宮崎市,,あおば調剤薬局,,,880-0841,宮崎市吉村町井手ノ中甲816－2,31.9215484,131.4473017,,yes,,,,,,yes,,,,,,,,,,,,,,,,,,,,,,multipurpose_toilet,みやざきアクセシビリティ情報マップ,https://m-bfree.pref.miyazaki.lg.jp/a_map/public/facilityAround/eyJpdiI6IjZ3dElXdVZIVHM5R1FVTEVuaVpCVWc9PSIsInZhbHVlIjoiRW5lTE1WTG0rR2FWSlFkTUhxUTFidz09IiwibWFjIjoiYjFiZDE3YjQyMDUxNzVjZTVkODEzOGZiMzZhMTI0MDgzZDUyYTBmNTliZTNhMzFkYTQ1YTJhNWMyMDVhOTJkNyJ9,,F000916,男女共用トイレあり | 調査日=2019-11-09,
45,宮崎県,45201,宮崎市,,青山田野斎場,,,889-1701,宮崎市田野町甲4272-1,31.8349099,131.311241,http://sougi.bestnet.ne.jp/aoyama-tano/parlor.html,yes,,,,,,,,,,,,,,,,,,,,,,,,,,,,multipurpose_toilet,みやざきアクセシビリティ情報マップ,https://m-bfree.pref.miyazaki.lg.jp/a_map/public/facilityAround/eyJpdiI6Ijhsb0hZa2pPUU5wd3dcL2FDdFlBNjhnPT0iLCJ2YWx1ZSI6InF1VU5MNGc3b0tZR0xhUnMyVFwvK2ZnPT0iLCJtYWMiOiJlNGU4MGUyZTA5NGNiZTliNjYxYWFjOWI1ZTdmYzYyNTE0M2ZiNTk3YzU5NzE0NmU1NzI2NDQzOWJkMjI4NGY4In0=,,F001489,男女共用トイレあり,
45,宮崎県,45201,宮崎市,,赤江地区交流センター,,,880-0926,宮崎市月見ヶ丘2-44-5,31.8808916,131.4199754,https://www.city.miyazaki.miyazaki.jp/institution/list/item166/,yes,,１階,,,,,,,,,,,,,,,,,,,,,,,,,,multipurpose_toilet,みやざきアクセシビリティ情報マップ,https://m-bfree.pref.miyazaki.lg.jp/a_map/public/facilityAround/eyJpdiI6InJwK0lMa2IwcEdDaTVwVGtIQ2ZtWEE9PSIsInZhbHVlIjoiVzJxSThmUEJVTWYxQ0xDOFwvUk42bUE9PSIsIm1hYyI6IjQ2MGNlNjZmYWY2NGZiNGNiM2FkNTUzOWFlNDc3MzM3ZjNlN2EwZmEzMzA0ZjYzODhlZGRjOTU1ODlhNGFiYjYifQ==,,F001199,男女共用トイレあり | 緊急通報装置あり | 調査日=2013-09-03,
45,宮崎県,45201,宮崎市,,赤江東地区交流センター,,,880-0913,宮崎市恒久6丁目11番地4,31.8900025,131.4398846,https://www.city.miyazaki.miyazaki.jp/institution/list/item181/,yes,,１階,,,,yes,,,,,,,,,,,,,,,,,,,,,,multipurpose_toilet,みやざきアクセシビリティ情報マップ,https://m-bfree.pref.miyazaki.lg.jp/a_map/public/facilityAround/eyJpdiI6ImppMUdlTWFLQWNJU0pHYXZ4bHFUVFE9PSIsInZhbHVlIjoiN01xZTRPWVhXWnAyTlVoZXAxZHZZQT09IiwibWFjIjoiMWY0NjY3MmZhODI3MmYyN2Q1NDJiZGViNzg3OWIxYjJiODlhYmUzODgwOGZkODAxYzFmZTU4YWRjNDg1ZWIwMyJ9,,F001191,男女共用トイレあり | 緊急通報装置あり,
45,宮崎県,45201,宮崎市,,赤江ふれあい広場,,,880-0911,宮崎市大字田吉107-1,31.8775748,131.4298907,,yes,,,,,,,,,,,,,,,,,,,,,,,,,,,,multipurpose_toilet,みやざきアクセシビリティ情報マップ,https://m-bfree.pref.miyazaki.lg.jp/a_map/public/facilityAround/eyJpdiI6ImJjZW92aGhzZU1CYnBqNW14U3Q4SVE9PSIsInZhbHVlIjoiRWVScGtXWTUxa3JZMU1oVFhRNnh2UT09IiwibWFjIjoiNWI1ZTc2MDY0NTM4YzM0MzU0NWVlY2E4NDM1YmI4OTBjMGQ4OWVmM2RkMGYxMTk0MDlmMTVkNjgyYWRhNmJhOSJ9,,F000236,男女共用トイレあり,
45,宮崎県,45201,宮崎市,,アクア歯科クリニック,,,880-0036,宮崎市桜町11-6,31.9510397,131.4372429,https://www.aqua-dc.net/,yes,,,,,,,,,,,,,,,,,,,,,,,,,,,,multipurpose_toilet,みやざきアクセシビリティ情報マップ,https://m-bfree.pref.miyazaki.lg.jp/a_map/public/facilityAround/eyJpdiI6Ik1DdVZYd1lzdmlzbmpueTh2d1gzd3c9PSIsInZhbHVlIjoiQ0xyeHphUkVCYm1RYXZhZjhUbVhPUT09IiwibWFjIjoiMmVhYjgxZjllY2MwODgyYTM0M2Y2YWRhNGI2MzgxYWM5MGJlMjIwYWMzZDlmYmRmZjk2NWVmYjU0ZTBiNjFhNCJ9,,F000669,男女共用トイレあり | 調査日=2019-11-14,
45,宮崎県,45201,宮崎市,,味工房生粋,,,880-0941,宮崎市北川内町谷口5420番1,31.8997307,131.3864811,,yes,,,,,,,,,,,,,,,,,,,,,,,,,,,,multipurpose_toilet,みやざきアクセシビリティ情報マップ,https://m-bfree.pref.miyazaki.lg.jp/a_map/public/facilityAround/eyJpdiI6ImNGWDY0dkxTZCtQdjNTaTNhMDk2aXc9PSIsInZhbHVlIjoiM1FDSVZsSW9ZejM2RUlFNWJzWm1UQT09IiwibWFjIjoiMzAxYzA0ODRiMDFhODdiYjcxMTI4YmI2YzVmOGU3Yjc1ODI5ZGUzODA4YzQ5NGNkMDg2ZGNkNDc0MWRiYmFhMyJ9,,F000807,男女共用トイレあり,
45,宮崎県,45202,都城市,,あじさい公園,,,889-1802,都城市山之口町花木1630番地,31.7738568,131.1557079,https://www.city.miyakonojo.miyazaki.jp/site/kanko/1465.html,yes,,あじさいハウス,,,,,,,,,,,,,,,,,,,,,,,,,,multipurpose_toilet,みやざきアクセシビリティ情報マップ,https://m-bfree.pref.miyazaki.lg.jp/a_map/public/facilityAround/eyJpdiI6IjdhUUFmVkZWSVhQSEllWnM4d0YxWFE9PSIsInZhbHVlIjoiVnFudHVhcFFYTTdzNmFFZEdNZkxWdz09IiwibWFjIjoiYWUxYWM1NTJmNGZkYzI5YTJkMWNkNDA3Y2EyMGMwMGJjOGVhNTE0ZTVjYmU4MDIwM2E1ZWQwOWQ5Nzg5MTVhYyJ9,,F000659,男女共用トイレあり | 緊急通報装置あり | 調査日=2024-09-24,
45,宮崎県,45201,宮崎市,,あしたば調剤薬局,,,880-0852,宮崎市高洲町244番108,31.900903,131.440553,,yes,,,,,,,,,,,,,,,,,,,,,,,,,,,,multipurpose_toilet,みやざきアクセシビリティ情報マップ,https://m-bfree.pref.miyazaki.lg.jp/a_map/public/facilityAround/eyJpdiI6IkdrVXp3MWFcL1pRRU1oRFgzRFJOK2FnPT0iLCJ2YWx1ZSI6InpBMmY5djBiNXI1TXhnaGIrTmw1aWc9PSIsIm1hYyI6IjY1MDgxMGY3MmEwNGI0M2VhMzc0MDg2YmEzNGNiMDY4YTE0MTk1M2RiZWM3ODM1YWQ1OTFhMTI5ODhiMTBlODIifQ==,,F000606,男女共用トイレあり,
45,宮崎県,45209,えびの市,,足湯の駅 えびの高原,,,889-4302,えびの市大字末永1495,31.9459,130.84282,https://ebino-kankou.com/,yes,,1階、入り口を入った斜め右,,,,yes,,,,,,,,,,,,,,,,,,,,,,multipurpose_toilet,みやざきアクセシビリティ情報マップ,https://m-bfree.pref.miyazaki.lg.jp/a_map/public/facilityAround/eyJpdiI6IkpYQTQzOWYxNVBUMFZ1MmM4MEtlbFE9PSIsInZhbHVlIjoiQlFNRG1mVUJrXC9GdTY1SlVRWGRTZ3c9PSIsIm1hYyI6IjVmNDk0YTIxNWQ4MWY3NWFjNzdlMTFhOGZhYzYwZTg3ZjIzYWQ2M2JmNWJjOTk4MmVhYjliMmEyOGI1NTA5NTEifQ==,,F000521,男女共用トイレあり | 緊急通報装置あり | 調査日=2024-07-29,
45,宮崎県,45201,宮崎市,,あそう内科,,,880-0841,宮崎市吉村町天神前甲143-2,31.9316786,131.4428373,,yes,,１階,,,,yes,,,,,,,,,,,,,,,,,,,,,,multipurpose_toilet,みやざきアクセシビリティ情報マップ,https://m-bfree.pref.miyazaki.lg.jp/a_map/public/facilityAround/eyJpdiI6Inc3SVBnSXNWVVY3cU1cL0VkakdZWit3PT0iLCJ2YWx1ZSI6IkdSVlVTNXpcL1hpY2Z1VHpIM0srVElBPT0iLCJtYWMiOiI2MTFiZjMzZjcxYmM4YTMwNzA4ZjkzZjUwOGY4M2MyOTMyZWUyOGEzZDllNDAwYmViMzcyMDIxNTgxY2JjY2IyIn0=,,F000850,男女共用トイレあり | 緊急通報装置あり | 調査日=2002-09-05,
45,宮崎県,45203,延岡市,,あたご整形外科,,,882-0872,延岡市愛宕町3丁目161番地,32.5665118,131.6672277,https://www.atago-seikei.com/,yes,,１階,,,,,,,,,,,,,,,,,,,,,,,,,,multipurpose_toilet,みやざきアクセシビリティ情報マップ,https://m-bfree.pref.miyazaki.lg.jp/a_map/public/facilityAround/eyJpdiI6IlJVS0FRelUyOHc1eDZCbno3eXBORFE9PSIsInZhbHVlIjoiemx2VHZjbmVYSjhPc29URDh0OWlsQT09IiwibWFjIjoiMTIxZmUxM2I3NjkyOGVjNjU3OTE5YjQ5ZmI3ZGVhZjJiZjU2ZGZlYjYzNTIwNTU5OTJhMDdhMGYzNTg0YTBkOCJ9,,F001434,男女共用トイレあり | 緊急通報装置あり | 調査日=2013-09-04,
45,宮崎県,45203,延岡市,,愛宕山笠沙の御崎公園（旧称：愛宕山ふれあい公園）,,,882-0871,延岡市愛宕山6091,32.562274308478585,131.66900550623745,http://www.kitahimuka.jp/kanko/atagoyama-kouen/,yes,,駐車場 / 展望台タワー１階 / 遊戯広場,,,,,,,,,,,,,,,,,,,,,,,,,,multipurpose_toilet,みやざきアクセシビリティ情報マップ,https://m-bfree.pref.miyazaki.lg.jp/a_map/public/facilityAround/eyJpdiI6IlNZcEpFRUt6d0VLVkM5YjdFbld5eFE9PSIsInZhbHVlIjoiTG1PajRQXC9zNDBybG9odERkZW5YMEE9PSIsIm1hYyI6IjU0Y2UxMGEwNThhNzIwNGE5ZmYyZGY2MWIzZjY5OTJkNjQwZDEzMDFlMGQzODAyNjgwMjNiZjg3NjhmN2Y5NTEifQ==,,F002063,男女共用トイレあり | 調査日=2022-09-09,
45,宮崎県,45201,宮崎市,,安達耳鼻咽喉科医院,,,880-0905,宮崎市中村西1-3-9,31.9016581,131.4183912,,yes,,１階,,,,yes,,,,,,,,,,,,,,,,,,,,,,multipurpose_toilet,みやざきアクセシビリティ情報マップ,https://m-bfree.pref.miyazaki.lg.jp/a_map/public/facilityAround/eyJpdiI6Im9FcmU2RWVcL3p6YTcyRW9yZno1TFJ3PT0iLCJ2YWx1ZSI6IlB5MDEycFZaTHp6QjhwY3MzeU80RXc9PSIsIm1hYyI6ImIxNDkwY2VhMTQxOWNkNDk2NTA3OWFlYzE1NTM4Yjc0MDJjNjdjY2I1MmYyNmVhYWU0NjJlNmFmZDZhMjRlMzcifQ==,,F000895,男女共用トイレあり | 緊急通報装置あり | 調査日=2019-11-19,
45,宮崎県,45201,宮崎市,,跡江の杜はんぴどん,,,880-2101,宮崎市大字跡江字井尻4540番地,31.951173,131.380756,http://www.jinaikai.or.jp/hanpidon/,yes,,,,,,,,,,,,,,,,,,,,,,,,,,,,multipurpose_toilet,みやざきアクセシビリティ情報マップ,https://m-bfree.pref.miyazaki.lg.jp/a_map/public/facilityAround/eyJpdiI6IkJyZ3dRMFFsa3YybUFzcTZqVjVuREE9PSIsInZhbHVlIjoiaTU2Y1pXbk5GamcrcHY1TnhtekFmUT09IiwibWFjIjoiNTYxYzdhNTQ5MTk5NTgxYWVhMGJiMDFmYWUxZTJjNzI5NjhjYjE4NmZiM2RiZTY0MGIwY2M0MjJjNzEyYzAzMyJ9,,F000158,男女共用トイレあり | 調査日=2020-03-14,
45,宮崎県,45204,日南市,,油津赤レンガ館,,,887-0001,日南市油津1丁目9番3号,31.58372,131.40301,https://www.kankou-nichinan.jp/tourisms/314/,yes,,1階と2階にあります。1階は受付の奥で､2階は階段を上がったすぐ横にあります。,,,,yes,,,,,,,,,,,,,,,,,,,,,,multipurpose_toilet,みやざきアクセシビリティ情報マップ,https://m-bfree.pref.miyazaki.lg.jp/a_map/public/facilityAround/eyJpdiI6IjJ1dXkxczJUMFJRZXVcL1ArNTNOT3J3PT0iLCJ2YWx1ZSI6InRDcjR0XC9NUGxmc0R2QjJrNjl0TlF3PT0iLCJtYWMiOiI0YjY3Yzc1MjBmNGFhNzM1YzlmODgxYzE1NTZkNTAxMGFmZDFjZGY0YWZlMmIxZmY0MjhhZTUzMzkzNjQ0NGY4In0=,,F002509,男女共用トイレあり | 調査日=2020-11-18,
45,宮崎県,45204,日南市,,油津Yotten,,,887-0014,日南市岩崎3丁目10-6,31.58754,131.398439,https://www.facebook.com/aburatsu.yotten/,yes,,施設裏手,,,,yes,,,,yes,,,,,,,,,,,,,,,,,,multipurpose_toilet,みやざきアクセシビリティ情報マップ,https://m-bfree.pref.miyazaki.lg.jp/a_map/public/facilityAround/eyJpdiI6InlZcmNSTDkxbE4rZmliMEpMWHdXR1E9PSIsInZhbHVlIjoiSW8zemJKb0ZsdjhSVmVrMWFhbEFidz09IiwibWFjIjoiOWZhYjdhMzY4NzQxNWVhYmVmNGJkNDE2YjUzZmE1MjljYmU1ODJiOTY5ZmRmNWQ2M2EwZGE1NzFmNmQ5NDlkMyJ9,,F002375,男女共用トイレあり | 緊急通報装置あり | 調査日=2019-12-10,・建物の裏手に入口あり（通路幅100cm） / ・フリースペースからも行くことができる
45,宮崎県,45201,宮崎市,,天ヶ城保育園,,,880-2221,宮崎市高岡町内山2575－2,31.8962991,131.2105404,http://amagazyo.minibird.jp/,yes,,,,,,yes,,,,,,,,,,,,,,,,,,,,,,multipurpose_toilet,みやざきアクセシビリティ情報マップ,https://m-bfree.pref.miyazaki.lg.jp/a_map/public/facilityAround/eyJpdiI6IlBvZjY0N04yMzhpOVd1N000MCsxZGc9PSIsInZhbHVlIjoiZnlsOWJWaUZDXC9iWVFNN1RkZXFDVEE9PSIsIm1hYyI6IjhhOGY0MjQ2OTJlZjQyMzJiOGZhZjA5OTgyNDhjN2I4ZGRjYTEwYTc2MDdhZDI3NjdjODkyNDE4OWJkNmQ3YmQifQ==,,F001748,男女共用トイレあり | 調査日=2019-11-11,
45,宮崎県,45441,高千穂町,,あまてらす鉄道（高千穂あまてらす鉄道株式会社）,,,882-1101,高千穂町大字三田井1425-1,32.71468,131.306903,https://amaterasu-railway.jp/,yes,,駅構内,,,,yes,,,,,,,,,,,,,,,,,,,,,,multipurpose_toilet,みやざきアクセシビリティ情報マップ,https://m-bfree.pref.miyazaki.lg.jp/a_map/public/facilityAround/eyJpdiI6Im5Sc0d1YWdEcFwvT3FwMmFuRnY1UlJRPT0iLCJ2YWx1ZSI6InJGNVV2VjVDRUVienZaS0Z1QmdcL0p3PT0iLCJtYWMiOiI5Mzk4MDA3MWMxZmVhZjM2MTE0OTFhMjlkNWQyZTE2MGQ2MGRjMDQzMjk5NzQ0OTZkYjM3OTNlZTdlMTc5NTZkIn0=,,F002416,男女共用トイレあり | 緊急通報装置あり | 調査日=2024-12-24,
45,宮崎県,45441,高千穂町,,天岩戸交流センター あまてらす館,,,882-1621,高千穂町岩戸７９６－１,32.73433,131.34893,,yes,,あまてらす館の出入口の横。高千穂町ふれあいバス「岩戸」停留所の所。,,,,yes,,,,yes,yes,,,,,,,,,,,,,,,,,multipurpose_toilet,みやざきアクセシビリティ情報マップ,https://m-bfree.pref.miyazaki.lg.jp/a_map/public/facilityAround/eyJpdiI6IkhEeFFRNWEwd1pyWmh4eWtDc2JBeGc9PSIsInZhbHVlIjoicmRsWUV0M29iZ3RUbjNrVkRrN0FhZz09IiwibWFjIjoiZTc4ZDBlYWZhNTI3Njk0MzFjNmMwMzJmYTI4YTA0NzhhNmFkODUwYmY5MzgyNDFkMWJkODk3MGZkZTYwZDU4MiJ9,,F002514,男女共用トイレあり | 調査日=2021-03-12,あまてらす館が休館の時は、閉めています。
45,宮崎県,45441,高千穂町,,天岩戸神社,,,882-1621,高千穂町大字岩戸1073-1,32.7341498,131.3497861,http://amanoiwato-jinja.jp/,yes,,第1駐車場,,,,yes,,yes,,yes,,,,,,,,,,,,,,,,,,multipurpose_toilet,みやざきアクセシビリティ情報マップ,https://m-bfree.pref.miyazaki.lg.jp/a_map/public/facilityAround/eyJpdiI6IkprZWROZ2RxV1k2QVZ6ZjZJZUJObUE9PSIsInZhbHVlIjoiVlBsK21Hc2FoQUlkcWNHOUNUak9UUT09IiwibWFjIjoiOTQ0OGI5MTQ0ZjQwZjdkMzRmZjlkMGY2Yjg2Y2NhOThhODAxZjQxODk5OThlMTk3NjhiNjRhYmNkZGVmN2U4OSJ9,,F002417,男女共用トイレあり | 緊急通報装置あり | 調査日=2019-11-30,
45,宮崎県,45441,高千穂町,,天岩戸の湯,,,882-1621,高千穂町大字岩戸58,32.725744,131.3451431,https://www.town-takachiho.jp/top/soshiki/kikakukanko/3/2_1/271.html,yes,,1階,,,,,,,,,,,,,,,,,,,,,,,,,,multipurpose_toilet,みやざきアクセシビリティ情報マップ,https://m-bfree.pref.miyazaki.lg.jp/a_map/public/facilityAround/eyJpdiI6InVpV1NvQ2lFaUVhSEQ4U0VRZWcyMUE9PSIsInZhbHVlIjoibE9NTmk4UzNcL09sVXhraWxVUDRFWUE9PSIsIm1hYyI6ImMyZjFjOWY3YTU5ZTI3OGNmMGQ3YjFiODA1MjU4YTQ2ZWVhMTYyYTE4ZDUzZDQ5Mjg3MDhhZDUyODI3MDBmM2UifQ==,,F001202,男女共用トイレあり | 緊急通報装置あり | 調査日=2019-11-08,
45,宮崎県,45201,宮崎市,,アミュプラザみやざき うみ館 JR宮交ツインビルオフィス,,,880-0801,宮崎市老松二丁目103番3、103番6、103番7、103番8,31.91493,131.43136,,yes,,,,,,,,,,yes,yes,,,,,,,,,,,,,,,,,multipurpose_toilet,みやざきアクセシビリティ情報マップ,https://m-bfree.pref.miyazaki.lg.jp/a_map/public/facilityAround/eyJpdiI6IkJKeWkwVmdqNHptNVJaXC9mQzhob1F3PT0iLCJ2YWx1ZSI6InB3MGpRaFlncG1CQkpWK0tyNVE1RFE9PSIsIm1hYyI6IjZlYmU1Y2E4OWE5NjViMWZjZTA3OTE1MzA5NWViNWVmMjk1YjYxM2QyZTExMGJkOTdiOTgyNjk1ZTQzOGEyZjMifQ==,,F002556,緊急通報装置あり | 調査日=2022-01-06,
45,宮崎県,45201,宮崎市,,アミュプラザみやざき やま館,,,880-0806,宮崎市広島二丁目12番1、12番2、13番1、15番1、15番2、16番,31.91487,131.42997,,yes,,,,,,,,,,yes,yes,,,,,,,,,,,,,,,,,multipurpose_toilet,みやざきアクセシビリティ情報マップ,https://m-bfree.pref.miyazaki.lg.jp/a_map/public/facilityAround/eyJpdiI6IlRxVDltc245M3ZZY1F0ZXlYeFpqU2c9PSIsInZhbHVlIjoiQ09xbEs1RDc4Y2pCNEdoRnhuNUh1dz09IiwibWFjIjoiYWY1OTkxYTJlM2YxYTFmNmQ4ZWE0ODU4MjQyYTBiODk2YzUzY2ZlZTAwMDU3YzNkZWU2OWM2MmNlYWZlYWM5YyJ9,,F002557,緊急通報装置あり | 調査日=2022-01-06,
45,宮崎県,45201,宮崎市,,アムール,,,880-0023,宮崎市和知川原3丁目88番地1,31.9248382,131.4109152,,yes,,,,,,,,,,,,,,,,,,,,,,,,,,,,multipurpose_toilet,みやざきアクセシビリティ情報マップ,https://m-bfree.pref.miyazaki.lg.jp/a_map/public/facilityAround/eyJpdiI6IlhlbHZuN3NXWWR5NjNCa293UnBqZ2c9PSIsInZhbHVlIjoiSEJEY0s0eGNTQXcwaWtSZ3FpS2FMdz09IiwibWFjIjoiYjllNjEyNmI1ZmZkZjc3MGQ1YTY1Zjc5ZjZkOTcwNDZhYjk2MTEwYmY5YWYwNDBjNzMxYzJlNDUwNzY2YmE1NyJ9,,F001699,男女共用トイレあり,
45,宮崎県,45383,綾町,,綾川荘,,,880-1302,綾町大字北俣5539,32.0188928,131.2392833,https://ayakawasou.com/,yes,,バリアフリールーム内 / レストラン「せせらぎ亭」内,,,,yes,,,,,,,,,,,,,,,,,,,,,,multipurpose_toilet,みやざきアクセシビリティ情報マップ,https://m-bfree.pref.miyazaki.lg.jp/a_map/public/facilityAround/eyJpdiI6Ikd2K1l2TE90WWpodExCSmh4Q1wvQjh3PT0iLCJ2YWx1ZSI6IjVYUVBRS003VWlibkRDYzFnVUhQTUE9PSIsIm1hYyI6ImFiOTA2NzAxMTU3OTY1N2VmNTkwMDY1YzE2MjZkNmE1YmI5MTA0ZDAzMzUwZWNiNWMzZTNiZjZjOTY3ZTgyOTkifQ==,,F001681,男女共用トイレあり | 緊急通報装置あり | 調査日=2008-01-17,
45,宮崎県,45383,綾町,,綾手づくりほんものセンター,,,880-1303,綾町大字南俣515番地,31.998985,131.253828,http://www.aya-honmono.jp/,yes,,正面入口左側,,,,yes,,yes,,,,,,,,,,,,,,,,,,,,multipurpose_toilet,みやざきアクセシビリティ情報マップ,https://m-bfree.pref.miyazaki.lg.jp/a_map/public/facilityAround/eyJpdiI6ImZIckJ4aWVodlZVdFpYbzBTajdOSmc9PSIsInZhbHVlIjoib0hMVHRiWWxHR2ZQYStmU1RFMUF0QT09IiwibWFjIjoiYWUxNmEwOWI4YTRlYmVmNjNlOTY5Mjk3NmY2ODZiOWE1ZTcwOGI1NGQ0NmJkYzk2YjIwOGFjNmRkNTJiNzkzZiJ9,,F000530,男女共用トイレあり | 緊急通報装置あり | 調査日=2024-02-20,ベビーチェア、おむつ替えシートは男女別トイレにそれぞれある。
45,宮崎県,45383,綾町,,綾てるはドーム,,,880-1302,綾町大字北俣445番地2,32.0008091,131.256853,https://www.town.aya.miyazaki.jp/site/sports/1172.html,yes,,１階 / 駐車場入口,,,,yes,,,,,,,,,,,,,,,,,,,,,,multipurpose_toilet,みやざきアクセシビリティ情報マップ,https://m-bfree.pref.miyazaki.lg.jp/a_map/public/facilityAround/eyJpdiI6IlVIR0dFU1RZVlJnTXgwR2ZFZlUyaEE9PSIsInZhbHVlIjoiR3FpZjM2cFQ0Sm0xVWlFSnhzSWVyUT09IiwibWFjIjoiY2MyMzU4MDA0MzMyNTQzNzVlNzc4N2Y1YjYxZTlkYTE1MjU5MTc0MDAwNDcyMmQ2NzQ0MDQ1ZTkzYmY5MmFhYiJ9,,F001949,男女共用トイレあり | 男女別トイレあり | 緊急通報装置あり | 調査日=2006-03-11,
45,宮崎県,45383,綾町,,綾てるは図書館,,,880-1302,綾町大字北俣462－2,32.0004597,131.2558688,http://aya-lib.jp/,yes,,,,,,yes,,yes,,yes,,,,,,,,,,,,,,,,,,multipurpose_toilet,みやざきアクセシビリティ情報マップ,https://m-bfree.pref.miyazaki.lg.jp/a_map/public/facilityAround/eyJpdiI6Imc0eXEwejlGR1NueTFCR1wvSU9UXC9ydz09IiwidmFsdWUiOiJWTEQzM1pUY0pGZFwvUzdjUkZEcG4zdz09IiwibWFjIjoiMzE5MmY1MzdmNDJjZWZmNzgyNWM0NDg5OTczODg1NjEwNDVmNzVlNTFjMjIzZWJhYTFlMTRhNTkwNmVmZjY4ZiJ9,,F000164,男女共用トイレあり | 緊急通報装置あり | 調査日=2019-11-10,
45,宮崎県,45383,綾町,,綾の照葉大吊橋,,,880-1303,綾町大字南俣5691-1,32.0302017,131.1944697,https://www.town.aya.miyazaki.jp/site/tour-guide/1099.html,yes,,第1駐車場（料金所前）東側 / 第4駐車場,,,,,,,,,,,,,,,,,,,,,,,,,,multipurpose_toilet,みやざきアクセシビリティ情報マップ,https://m-bfree.pref.miyazaki.lg.jp/a_map/public/facilityAround/eyJpdiI6Im5La2UzUkxlRU5HdUVcL0puWloyRmdBPT0iLCJ2YWx1ZSI6Inc1UFM4ak5yVHV5eDhvalpVa1d6M2c9PSIsIm1hYyI6IjlkNzRiMGZlOTY2NGFiODBjZmVlMGE4ZTgzMDAxNWM2YTE5NTY1ZDY4ZTZiYTc0NTU0MDFlMjE0OWRhMGQ3Y2MifQ==,,F000364,男女共用トイレあり | 緊急通報装置あり | 調査日=2022-10-21,
45,宮崎県,45383,綾町,,綾馬事公苑,,,880-1302,綾町大字北俣2687,32.004795,131.241799,,yes,,管理棟（入口右側）,,,,,,,,,yes,,,,,,,,,,,,,,,,,multipurpose_toilet,みやざきアクセシビリティ情報マップ,https://m-bfree.pref.miyazaki.lg.jp/a_map/public/facilityAround/eyJpdiI6IlYrcllrMk1reERoUFwvTG0rNk01V1NRPT0iLCJ2YWx1ZSI6InlsVXJiYkx5emxWQ01XeTFmWE5NVmc9PSIsIm1hYyI6Ijc5MWYzNGZmMjBlMDJiODM3OGE3MjU5MjA1YjMxZGRmZDY5MzRhMjIzZmI2Yzk3M2QzNDA0ODg2YjEzMjUxZmUifQ==,,F001960,男女共用トイレあり | 緊急通報装置あり | 調査日=2022-08-19,
45,宮崎県,45201,宮崎市,,ありま歯科医院,,,880-0834,宮崎市新別府町堂前852番地4,31.925066,131.452291,,yes,,１階,,,,yes,,,,,,,,,,,,,,,,,,,,,,multipurpose_toilet,みやざきアクセシビリティ情報マップ,https://m-bfree.pref.miyazaki.lg.jp/a_map/public/facilityAround/eyJpdiI6Imw5VVhkVkhOQzdEUEN0VFQ4OEd1dFE9PSIsInZhbHVlIjoieDV2dTJRNjBaOFJsXC90VkxMdG1hZ1E9PSIsIm1hYyI6ImFmYmEwNTUyYWVlMGQ3ODJhM2NlMzMyY2UxZTY1OTg2OGFhMTQ0ZWViZjljM2EzMDY1M2I5ZTQxODAzNzUxZDcifQ==,,F000647,男女共用トイレあり | 調査日=2019-11-09,
45,宮崎県,45201,宮崎市,,阿波岐ヶ原交番,,,880-0835,宮崎市阿波岐ヶ原町坂元2019-1,31.9291413,131.453233,,yes,,,,,,,,,,,,,,,,,,,,,,,,,,,,multipurpose_toilet,みやざきアクセシビリティ情報マップ,https://m-bfree.pref.miyazaki.lg.jp/a_map/public/facilityAround/eyJpdiI6InhYd2h6TXR4Vk93UnlTMklFXC90YURRPT0iLCJ2YWx1ZSI6IlFNekZnZGtkOEtqTisyZkNCUzZMcXc9PSIsIm1hYyI6IjkwYjk0MjI0NWJlMWE4OWY2OTBmNTkxNDcyNzJmOTUyNmNiZGVkNDRmMzY5YmJkOTYxMDI3ODlkODAwMDM1MjkifQ==,,F001045,男女共用トイレあり,
45,宮崎県,45201,宮崎市,,阿波岐原森林公園・管理事務所,,,880-0834,宮崎市新別府町上和田１３３６－１,31.9187639,131.4596446,http://mppf.or.jp/awaki/,yes,,屋外,,,,,,,,yes,,,,,,,,,,,,,,,,,,multipurpose_toilet,みやざきアクセシビリティ情報マップ,https://m-bfree.pref.miyazaki.lg.jp/a_map/public/facilityAround/eyJpdiI6IjJhNVwvVEJ0VlJKcjNjdm5UdGp4djdRPT0iLCJ2YWx1ZSI6ImV3OEZYN2dmNm04ZmxJTngxQVg5M2c9PSIsIm1hYyI6ImEzMThhMGRiODQ2NGY1NDliNDJiYTgwMjgzMDQxYjNhZTdiNmI3Y2E2Zjk5N2MxYWNlN2IwZjA1NTg1MTJiY2EifQ==,,F000923,男女共用トイレあり | 緊急通報装置あり | 調査日=2020-08-04,
45,宮崎県,45201,宮崎市,,阿波岐原森林公園市民の森西園,,,880-0835,宮崎市阿波岐原産母128番4,31.961704,131.4646392,http://mppf.or.jp/shimin/,yes,,売店・休憩所棟 / 運動広場前 / 苗園付近,,,,,,,,yes,,,,,,,,,,,,,,,,,,multipurpose_toilet,みやざきアクセシビリティ情報マップ,https://m-bfree.pref.miyazaki.lg.jp/a_map/public/facilityAround/eyJpdiI6IkpYRHB6OStOWFY5Wm9makY0TFdcL1wvUT09IiwidmFsdWUiOiJnM0FGYVlPMUhYbTRJNVwvN3p2UEo5UT09IiwibWFjIjoiMmI2MmI2N2Q4ZjYyMTFkYmUzNmQ5ZTNiODcwMzQ0MWNmZmY2YmJhZWJmMTRkMWYzYjQ2Yjk5M2MyMTMzZWI3NyJ9,,F000939,男女共用トイレあり | 緊急通報装置あり | 調査日=2020-10-13,荷物を置く場所は、台とフックが設置されている。
45,宮崎県,45201,宮崎市,,阿波岐原森林公園市民の森東園,,,880-0835,宮崎市阿波岐原町産母128,31.962355,131.465699,http://mppf.or.jp/shimin/,yes,,ちびっこ広場前 / エントランス(噴水)前のトイレ,,,,,,,,,,,,,,,,,,,,,,,,,,multipurpose_toilet,みやざきアクセシビリティ情報マップ,https://m-bfree.pref.miyazaki.lg.jp/a_map/public/facilityAround/eyJpdiI6IkZNRUl2bE5pRmJoT3FGMCt0S1M5NEE9PSIsInZhbHVlIjoiUHZyTXAyN2lRZEN6UFZTdHVqRlRcL0E9PSIsIm1hYyI6ImFhZTNhNGNkZTdkMDQ2NDUyNTk1N2YwZGVlMTYyMjlmMThkNjMwMzU1YzZjZGZiZmQ4YmRjMWZmMTk1Mzk3YjgifQ==,,F002501,男女共用トイレあり | 男女別トイレあり | 緊急通報装置あり | 調査日=2020-10-13,荷物置きは、フックである。
45,宮崎県,45201,宮崎市,,阿波岐原センター,,,880-0836,宮崎市山崎町浜川22番地,31.9578178,131.4654213,,yes,,,,,,yes,,,,,,,,,,,,,,,,,,,,,,multipurpose_toilet,みやざきアクセシビリティ情報マップ,https://m-bfree.pref.miyazaki.lg.jp/a_map/public/facilityAround/eyJpdiI6IitrZVl2YnVCS0hHTWY5dHg0MkFDblE9PSIsInZhbHVlIjoiOTErU2V2YmVPMEN4WWZjRThkZ2xKdz09IiwibWFjIjoiNmQwMTRjNzE1YjE4MTkwMWFhNTBhOWNhZDU5NTU1MmNlYTcxZTNkNjU3MDA0ZWZjN2M3OTgwOTViNTRlNjE4OCJ9,,F002020,男女共用トイレあり | 調査日=2013-09-11,
45,宮崎県,45201,宮崎市,,阿波岐原通所センター,,,880-0836,宮崎市山崎町浜川22番地,31.9578178,131.4654213,http://awaki.tomoe-kai.or.jp/,yes,,,,,,yes,,,,,,,,,,,,,,,,,,,,,,multipurpose_toilet,みやざきアクセシビリティ情報マップ,https://m-bfree.pref.miyazaki.lg.jp/a_map/public/facilityAround/eyJpdiI6IkdRaWdlZURaQ3c3NFZQREI3ajJESVE9PSIsInZhbHVlIjoiRHRmMVhsYitDa2hud2tZV213TU1rdz09IiwibWFjIjoiZmY3YjUyYjY0MDNkMGExODA1Nzg4YTUyMzJmMTgwOGZlNTBmNTg1NmRjN2Y2Y2E2OGExM2Q1MGM1MWQwMjM0MSJ9,,F000938,男女共用トイレあり | 調査日=2020-03-14,
45,宮崎県,45201,宮崎市,,杏カフェ,,,880-0053,宮崎市神宮1丁目253,31.933269,131.421712,https://anzucafe.owst.jp/,yes,,店舗入って右側（個室スペースの横）,,,,yes,,,,,,,,,,,,,,,,,,,,,,multipurpose_toilet,みやざきアクセシビリティ情報マップ,https://m-bfree.pref.miyazaki.lg.jp/a_map/public/facilityAround/eyJpdiI6IkpEMkYwXC9pNFBTNUdYbzYrcHVRREdBPT0iLCJ2YWx1ZSI6IjhpRFZnNTBUMFhrcDZ3d1J3WkxOcEE9PSIsIm1hYyI6IjI3MGIwZTQ4MzgwMDJjNTliYmU3MTJiZmI2M2Q4OTViYTUwYmIyY2ZiOGVkNjQ1YjE5N2I1NTNkYmFkYzAxNzEifQ==,,F002434,男女共用トイレあり | 調査日=2025-03-18,・明確には多目的トイレとしていはいないが、縦の広さはあり、手動車いすで移乗できる人は利用可能な場合も。（車いす利用者の人も来店多い）
45,宮崎県,45202,都城市,,安藤胃腸科外科医院,,,885-0043,都城市豊満町827-1,31.6964578,131.0996046,,yes,,１階,,,,,,,,,,,,,,,,,,,,,,,,,,multipurpose_toilet,みやざきアクセシビリティ情報マップ,https://m-bfree.pref.miyazaki.lg.jp/a_map/public/facilityAround/eyJpdiI6IjRWXC8xSWxDeTcxdnBIc0RsZ1R5SlNnPT0iLCJ2YWx1ZSI6IkxrU0JabjNFQWUzRXlzZEk1b3lnU2c9PSIsIm1hYyI6Ijk3ZTFhYzM1ZTFhYzJlM2ZhOGVmZWNlN2UzODNjN2EyYTViZTg0NTNhMDg0ODUxMzAzNzFlYmE1Y2FmYmI5MjIifQ==,,F000370,男女別トイレあり | 緊急通報装置あり | 調査日=2019-11-13,
45,宮崎県,45201,宮崎市,,飯田1号街区公園トイレ,,,880-2224,宮崎市高岡町飯田896番地1,31.9717361,131.2883864,,yes,,,,,,,,,,yes,,,,,,,,,,,,,,,,,,multipurpose_toilet,みやざきアクセシビリティ情報マップ,https://m-bfree.pref.miyazaki.lg.jp/a_map/public/facilityAround/eyJpdiI6IndWUEVvWGRcL3dcL3dnTTNWdFh0UU9tdz09IiwidmFsdWUiOiJ5QktLSjJZXC9nRWhXMUdTMDRqQW0yZz09IiwibWFjIjoiMjlkNmNhNTM4YThiMDY5ZDAyODQ4YTEzZDVjNWMyMTYwOTFiYTc5ZTYwMDQyNGJjNmU2ZmVmZTMyYjIxNGU1MCJ9,,F002039,男女共用トイレあり | 緊急通報装置あり | 調査日=2019-12-16,
45,宮崎県,45201,宮崎市,,飯田4号街区公園トイレ,,,880-2224,宮崎市高岡町飯田,31.9717361,131.2883864,,yes,,,,,,,,,,yes,,,,,,,,,,,,,,,,,,multipurpose_toilet,みやざきアクセシビリティ情報マップ,https://m-bfree.pref.miyazaki.lg.jp/a_map/public/facilityAround/eyJpdiI6IlVyaSsxTVExa2o5M2NKckY0WDFJdEE9PSIsInZhbHVlIjoiQ3hzeGdBQjJCbHNWK0NIZVpCa0hCZz09IiwibWFjIjoiNDEwMDUxN2JlMWU2NTYwMGMxNWRiZjNiMDg1NDg0N2IxMzNmM2Q2ZjA4NDg4ZmJmN2U4NWQyYjMxNGE0MzJkMSJ9,,F002076,男女共用トイレあり | 緊急通報装置あり | 調査日=2019-12-16,
45,宮崎県,45206,日向市,,イオン九州 ホームワイド財光寺店,,,883-0021,日向市大字財光寺沖の原953-1,32.4070048,131.631896,,yes,,１階,,,,yes,,,,,,,,,,,,,,,,,,,,,,multipurpose_toilet,みやざきアクセシビリティ情報マップ,https://m-bfree.pref.miyazaki.lg.jp/a_map/public/facilityAround/eyJpdiI6IkkzT3lyTk1OMEVlYW94bHlxampRd2c9PSIsInZhbHVlIjoiaHhOMEhWQkRENGVaQ1NrbVExS05CUT09IiwibWFjIjoiNmY1M2QwZDM2NjlhOGMwZDI3ZGQyMzFlZGVlMDNjYTlkMmE1MzZkMTIxNWM3YjM5MzM3NjFkMWY4YzQwM2U4NyJ9,,F000166,男女共用トイレあり | 緊急通報装置あり | 調査日=2019-11-10,
45,宮崎県,45202,都城市,,イオン九州（株）ホームワイドプラス都城店,,,885-0015,都城市千町4351－2,31.7361823,131.0890043,,yes,,,,,,,,,,,,,,,,,,,,,,,,,,,,multipurpose_toilet,みやざきアクセシビリティ情報マップ,https://m-bfree.pref.miyazaki.lg.jp/a_map/public/facilityAround/eyJpdiI6IjllM05USU1kXC9SUkxMT05heWY5T1h3PT0iLCJ2YWx1ZSI6ImFWc3J0MlhKY2R2R3lzdCtIWFA0K3c9PSIsIm1hYyI6ImJiYmM3YzkzZDljNmQyZjMyMmVjN2IyYjY2OTNmOTRjODFlNDM5OWQ2M2Y4NmNjMTQzOTIwODI0NmViY2QxOTQifQ==,,F001053,男女共用トイレあり | 調査日=2003-09-03,
45,宮崎県,45203,延岡市,,イオン多々良店,,,882-0056,延岡市岡富町154,32.5897544,131.656206,http://tatara.aeonkyushu.com/,yes,,,,,,,,yes,,,,,,,,,,,,,,,,,,,,multipurpose_toilet,みやざきアクセシビリティ情報マップ,https://m-bfree.pref.miyazaki.lg.jp/a_map/public/facilityAround/eyJpdiI6Ijd2YTJ3a1pGU0VLMDZ6TU9DOGh6XC93PT0iLCJ2YWx1ZSI6InBvNytiRTFMTjVBbzJaWWdFSmhjVWc9PSIsIm1hYyI6ImFmMWZlMjEzMmNmOTJiZWNkNmI2NjUyNzFmZWRjZWFiNmU3MzBkYWM1YjQ3M2Y2YjRkZDRmZGNiN2JkNWUzOGMifQ==,,F001764,男女共用トイレあり,
45,宮崎県,45203,延岡市,,イオン延岡ショッピングセンター,,,882-0847,延岡市旭町2丁目2-1,32.5726258,131.6700703,http://nobeoka.aeonkyushu.com/,yes,,１階 / ２階,,,,,,yes,,,,,,,,,,,,,,,,,,,,multipurpose_toilet,みやざきアクセシビリティ情報マップ,https://m-bfree.pref.miyazaki.lg.jp/a_map/public/facilityAround/eyJpdiI6Ind5dUE5eU1VdGtJQ3c2NUhhazFkYVE9PSIsInZhbHVlIjoiWElZaHcxM0daRnRHRm9lejVYMGg2UT09IiwibWFjIjoiYzZmMGNmZWY4YmQxYWQzNjJhZTIyZmIzZWJkYWY3YWEyZjIxZTVhZWRjYWI2YjZhMzU4YTYwZDQzYmJiYjg5MiJ9,,F001094,男女共用トイレあり | 緊急通報装置あり | 調査日=2019-11-18,
45,宮崎県,45202,都城市,,イオンモール都城駅前,,,885-0023,都城市栄町4672番5,31.7352289,131.0799614,http://miyakonojoekimae-aeonmall.com/,yes,,,,,,yes,,yes,,yes,yes,,,,,,,,,,,,,,,,,multipurpose_toilet,みやざきアクセシビリティ情報マップ,https://m-bfree.pref.miyazaki.lg.jp/a_map/public/facilityAround/eyJpdiI6IjltNmNnMm81YUdPVThDdlNHSlkwTXc9PSIsInZhbHVlIjoiMXNraXNJRzJyN05GNHpMMExCZHlHUT09IiwibWFjIjoiNTEzNTQ5OGY0NjM2ZjgwYTFiMDk1MDAzZjIyMGUwNjIzMjc0ZWMxMGJlNTEwNGQ4NDE2ZDY2YTljNjI3OGE4MSJ9,,F000664,男女共用トイレあり | 調査日=2019-11-22,
45,宮崎県,45201,宮崎市,,生目眼科クリニック,,,880-2112,宮崎市大字小松2687番地7,31.9276431,131.3820508,http://www.keimei.or.jp/ikime-eye-clinic.php,yes,,,,,,yes,,,,yes,,,,,,,,,,,,,,,,,,multipurpose_toilet,みやざきアクセシビリティ情報マップ,https://m-bfree.pref.miyazaki.lg.jp/a_map/public/facilityAround/eyJpdiI6ImJqQVN0UUV1Q3FVXC9qVEdGemUxeXR3PT0iLCJ2YWx1ZSI6InRXQTJMYU8zUnBYaHpDZ3VadDh3OHc9PSIsIm1hYyI6ImY5MGJmYjRlYWQ4N2Y1ODBmMGRhMzBlNWMzYjVlMjdkZDVkZjBkMDg4MjQxNGVjYTc5M2Q3YTcyYWE3YzJhMTcifQ==,,F001828,男女別トイレあり | 調査日=2019-11-15,
45,宮崎県,45201,宮崎市,,生目古墳群史跡公園,,,880-2101,宮崎市大字跡江4638他,31.9483875,131.3857468,https://www.city.miyazaki.miyazaki.jp/culture/facilities/1819.html,yes,,駐車場西側,,,,,,,,,,,,,,,,,,,,,,,,,,multipurpose_toilet,みやざきアクセシビリティ情報マップ,https://m-bfree.pref.miyazaki.lg.jp/a_map/public/facilityAround/eyJpdiI6ImxybWRxTVN0SUpMU0hXRHJacHhkREE9PSIsInZhbHVlIjoiVGZINFZXdmhTRmg0XC96dzlZWU5kdWc9PSIsIm1hYyI6ImU5ZGM0OTI1MTMxYzNkMmQ4NjNjZmMyMjQ1YTk5NDE3YzgyOTgzOWNjODFjY2I2ZDM5NjdmZWI3NzIwZjJlZGQifQ==,,F001927,男女別トイレあり | 緊急通報装置あり | 調査日=2022-08-24,
45,宮崎県,45201,宮崎市,,生目児童館,,,880-2104,宮崎市大字浮田3000-1,31.9299599,131.3760985,,yes,,,,,,,,,,yes,yes,,,,,,,,,,,,,,,,,multipurpose_toilet,みやざきアクセシビリティ情報マップ,https://m-bfree.pref.miyazaki.lg.jp/a_map/public/facilityAround/eyJpdiI6ImkzTlFIbGIwZzBkZUVYdzFJcFwvRjd3PT0iLCJ2YWx1ZSI6IkwyOWZEcVFWazdZekh0TFhVMmxqdmc9PSIsIm1hYyI6ImNmYTJiODQ0ZmQyMTNiMGIwODYxZTUyYzU2NDE4M2YwMTlhMTViMWUzYWEyZDQzNTQxMzY4MWU5NGJjMDAzNzUifQ==,,F001698,男女共用トイレあり | 調査日=2019-11-12,
45,宮崎県,45201,宮崎市,,生目小学校,,,880-2104,宮崎市大字浮田2920番地,31.9324485,131.3715665,http://www.mcnet.ed.jp/nc/ikime-s/htdocs/,yes,,,,,,,,,,,,,,,,,,,,,,,,,,,,multipurpose_toilet,みやざきアクセシビリティ情報マップ,https://m-bfree.pref.miyazaki.lg.jp/a_map/public/facilityAround/eyJpdiI6IkQyZlp1U0JtYUdBZUNCMDdpdFNPOUE9PSIsInZhbHVlIjoiRXpPMGZUdXY5dEdlalZRbTg1bXNRZz09IiwibWFjIjoiMThjNzUwYmI5OGRjZmMzYjRkZGU3MmI0MjdhN2IyZWI5YTU4ZTRmMTdmNTFhMGUyMzdkYWY4MTBkNDQyZTM2ZSJ9,,F001122,男女共用トイレあり | 調査日=2010-01-28,
45,宮崎県,45201,宮崎市,,生目心町公園トイレ,,,880-2104,宮崎市大字浮田字照明院180-173,31.9286481,131.3736415,,yes,,,,,,,,,,,,,,,,,,,,,,,,,,,,multipurpose_toilet,みやざきアクセシビリティ情報マップ,https://m-bfree.pref.miyazaki.lg.jp/a_map/public/facilityAround/eyJpdiI6IjVRanVIZkJSMUZoMkxRUlY1TjRFbGc9PSIsInZhbHVlIjoicXZ6MzUzT2Jyb2U4Szh6ZlVQVnZSZz09IiwibWFjIjoiOWU0YjdlOTFlODgzYzNhMzIwMTg3ZjFjMDlkN2Q4YTQyZGE3Y2Y1MjI2YTBlNjk5NWM0ZjFjODE4NjMyOGM3NiJ9,,F001923,男女共用トイレあり | 緊急通報装置あり | 調査日=2019-12-09,
45,宮崎県,45201,宮崎市,,生目台地区交流センター,,,880-0942,宮崎市生目台東4-6-2,31.9043837,131.3750411,https://www.city.miyazaki.miyazaki.jp/institution/list/item182/,yes,,１階,,,,yes,,yes,,,,,,,,,,,,,,,,,,,,multipurpose_toilet,みやざきアクセシビリティ情報マップ,https://m-bfree.pref.miyazaki.lg.jp/a_map/public/facilityAround/eyJpdiI6IitpeXZwbkxqVmVNc0ZWYUVYSlg0aUE9PSIsInZhbHVlIjoiQUlPZlAwdFE2dWhrWWVMc1RyeVBCQT09IiwibWFjIjoiNDFmNWYzNjc3ZTk2ODgxNTBlZmYxODMxMjhiY2RkOGU5ODQzN2ExZTY4MWRjODg1MmEyMDQzN2FhYTc1OWMzYiJ9,,F001120,男女共用トイレあり | 緊急通報装置あり,
45,宮崎県,45201,宮崎市,,生目台東小学校プール,,,880-0942,宮崎市生目台東4丁目2番地1,31.903395,131.3786825,http://www.mcnet.ed.jp/nc/ikimedai-higashi-s/htdocs/,yes,,,,,,,,,,,,,,,,,,,,,,,,,,,,multipurpose_toilet,みやざきアクセシビリティ情報マップ,https://m-bfree.pref.miyazaki.lg.jp/a_map/public/facilityAround/eyJpdiI6InQrZDBxYVorNWJXRnJtZk5oenREc3c9PSIsInZhbHVlIjoicjQ1NFJ5UG1oYVhxWlwvN2IzeUZWWEE9PSIsIm1hYyI6IjBmYTQ5NTIzYTIxYWVmNzBiOWY4MGY1MzNlMGNhNzNlNTI1ZWQ4N2Q4YTNhNTdkYjYxMjQ0YjBhNmM5NzliOWUifQ==,,F000494,男女共用トイレあり,
45,宮崎県,45201,宮崎市,,生目台東団地自治公民館,,,880-0942,宮崎市生目台東1丁目20-2,31.904282,131.3832379,,yes,,,,,,,,,,,,,,,,,,,,,,,,,,,,multipurpose_toilet,みやざきアクセシビリティ情報マップ,https://m-bfree.pref.miyazaki.lg.jp/a_map/public/facilityAround/eyJpdiI6IlZ1aUlcLzJLS3Vlb0VYYUM3NFNiNXpnPT0iLCJ2YWx1ZSI6IlV2MlNVVm9LZVwvejlUZVwvR0JWK1hSQT09IiwibWFjIjoiYWU4NTg1ZWVjOGVkZmFiOWE4ZmQ2YzA5MjNiOWJjYzlmMjc0NjU1MzE2MjY0ZDQ5NGNiM2M2ZjcwZmJjYTNhZCJ9,,F000277,男女共用トイレあり,
45,宮崎県,45201,宮崎市,,生目地区交流センター,,,880-2104,宮崎市大字浮田3000-1,31.92967,131.37617,,yes,,屋外,,,,yes,,yes,,,,,,,,,,,,,,,,,,,,multipurpose_toilet,みやざきアクセシビリティ情報マップ,https://m-bfree.pref.miyazaki.lg.jp/a_map/public/facilityAround/eyJpdiI6Imp5MWh4dVJLRUJPNTlOVmVIXC9ScElBPT0iLCJ2YWx1ZSI6IjVIWU9DQmRjZVcrZkI4Z2YzNks1eXc9PSIsIm1hYyI6IjJiZmFlMmY1ZjRjYTM5NzQ5ZDE2ZjNhZWM3MGE1Y2RlMTJjNWI0Y2ZhZWI3YzNiNjkzNDYwOTU4ZWI5Y2VmY2UifQ==,,F000169,男女共用トイレあり | 緊急通報装置あり,
45,宮崎県,45201,宮崎市,,生目の杜運動公園 アイビースタジアム,,,880-2101,宮崎市大字跡江4461-1,31.9440253,131.3721538,http://ikimenomori.jp/,yes,,ゲート１０ / ゲート１１,,,,,,,,yes,,,,,,,,,,,,,,,,,,multipurpose_toilet,みやざきアクセシビリティ情報マップ,https://m-bfree.pref.miyazaki.lg.jp/a_map/public/facilityAround/eyJpdiI6IlhpbCtyXC9KR2hVeEtPNDNGdTY5bmVRPT0iLCJ2YWx1ZSI6Imx6VFpIMWtxYlVHdGJPMkdBNFpZQ3c9PSIsIm1hYyI6IjYwZTk2ZTk1ZGVjNjdhNTAzNmM5MTllZDlkYjNkYzVlMmM4ZGM1MzdmNjk0ZDc0NTgzY2Y4ZGZkZjI3ZmFjYTkifQ==,,F000246,男女別トイレあり | 緊急通報装置あり | 調査日=2023-09-25,
45,宮崎県,45201,宮崎市,,生目の杜運動公園 エントランスプロムナード,,,880-2101,宮崎市大字跡江4461-1,31.94461353024617,131.37695286850888,http://ikimenomori.jp/,yes,,陸上競技場前 / 南芝生広場東側,,,,,,,,yes,,,,,,,,,,,,,,,,,,multipurpose_toilet,みやざきアクセシビリティ情報マップ,https://m-bfree.pref.miyazaki.lg.jp/a_map/public/facilityAround/eyJpdiI6IjZWaVVmT2ZMcExJUDloNnY1VzZraUE9PSIsInZhbHVlIjoiWERKS0xzcGtzMWZlK0tZcDZvdlBnQT09IiwibWFjIjoiOWE1YzAxMDI1MWNjYzVjZTE2MmNiNmNmZmVkZGI2M2IyOGUxODQ1NTM3NTFmZDljZTE2M2QxYmEyMDA3NzVlNSJ9,,F001264,男女別トイレあり | 緊急通報装置あり | 調査日=2025-01-09,
45,宮崎県,45201,宮崎市,,生目の杜運動公園 第2野球場,,,880-2101,宮崎市大字跡江4461-1,31.945557,131.372379,http://ikimenomori.jp/,yes,,,,,,,,,,yes,,,,,,,,,,,,,,,,,,multipurpose_toilet,みやざきアクセシビリティ情報マップ,https://m-bfree.pref.miyazaki.lg.jp/a_map/public/facilityAround/eyJpdiI6Ikh2WkdyZE41aFg2d3VNQ3E4OGhFS2c9PSIsInZhbHVlIjoiYlNUVjEyNE5ZOU9WT29FOU5FalN5Zz09IiwibWFjIjoiOWYxNmY3MDM1MWRjYjA5MzI5MzQxZTU2MjYwZWI2NTBlYmFiOTRlNmNiYjEwZjFiMWE0ZjlkM2U3NzY0ZDJhMSJ9,,F001947,男女別トイレあり | 緊急通報装置あり | 調査日=2023-09-25,
45,宮崎県,45201,宮崎市,,生目の杜運動公園 中央プロムナード,,,880-2101,宮崎市大字跡江4461番地1,31.944674,131.374343,http://ikimenomori.jp/,yes,,中央プロムナードの中,,,,,,,,yes,,,,,,,,,,,,,,,,,,multipurpose_toilet,みやざきアクセシビリティ情報マップ,https://m-bfree.pref.miyazaki.lg.jp/a_map/public/facilityAround/eyJpdiI6Ik1QUHdaNFA2aWxBUTRNQWpLbGltRnc9PSIsInZhbHVlIjoicm5ZMFk0UlMxWHVzcEU5YTdQZGFJUT09IiwibWFjIjoiOWQwZTRkYWFmZTdlZTBlNWI4NDg4MTU2OGUxOTNhNTZmZmQ0N2Y5YTkwMDJiMzFkNWEzNWYxNTI3NTc3N2IwMSJ9,,F001946,男女別トイレあり | 緊急通報装置あり | 調査日=2025-01-09,
45,宮崎県,45201,宮崎市,,生目の杜運動公園 はんぴドーム,,,880-2111,宮崎市大字跡江4461番地1,31.94395,131.373703,http://ikimenomori.jp/facilities/facilities03/,yes,,はんぴドーム1F,,,,yes,,,,yes,,,,,,,,,,,,,,,,,,multipurpose_toilet,みやざきアクセシビリティ情報マップ,https://m-bfree.pref.miyazaki.lg.jp/a_map/public/facilityAround/eyJpdiI6InYra3NybHd6cG9JSmVMRU5YV1Q4bnc9PSIsInZhbHVlIjoiQTRXa3dma2tGYzNjTGN2OTQyWkhnUT09IiwibWFjIjoiMDM1YWQ1MGU3YWMzOWQ5MDhjNGU3ODQzOWFmMDc1NzAwYThjNGRlNzNlNjIxNjRiZWQ4NTJmY2RkMmFiZDRiNSJ9,,F001943,男女別トイレあり | 緊急通報装置あり | 調査日=2025-01-09,
45,宮崎県,45201,宮崎市,,生目の杜運動公園 陸上競技場,,,880-2111,宮崎市大字跡江4461番地1,31.9449959,131.3782296,https://ikimenomori.jp/facilities/facilities06/,yes,,陸上競技場1F / 東駐車場前,,,,,,,,yes,,,,,,,,,,,,,,,,,,multipurpose_toilet,みやざきアクセシビリティ情報マップ,https://m-bfree.pref.miyazaki.lg.jp/a_map/public/facilityAround/eyJpdiI6IkU3VzVCTU1NcnlzZGVxdU9URG9YN3c9PSIsInZhbHVlIjoiV1dWdUVvelFPK3JGV1czZGY5MW9sZz09IiwibWFjIjoiZmY0NjhlYmY1YjcwOTU1YmRiMjU1ZDRmMzlhMzZhMTI5NmIxMjFlMmE1NzhiOTQ4MGEyYzhlYTgzMGRjNDBjYiJ9,,F002820,男女別トイレあり | 緊急通報装置あり | 調査日=2025-01-09,
45,宮崎県,45201,宮崎市,,生目南地区交流センター,,,880-2104,宮崎市大字浮田662-14,31.9225749,131.3756943,https://www.city.miyazaki.miyazaki.jp/institution/list/item176/,yes,,１階,,,,,,yes,,,,,,,,,,,,,,,,,,,,multipurpose_toilet,みやざきアクセシビリティ情報マップ,https://m-bfree.pref.miyazaki.lg.jp/a_map/public/facilityAround/eyJpdiI6InVjMzRvMmV6eGxub2lPeHpScVZUOWc9PSIsInZhbHVlIjoiOFdlbURJM1wvOUE2SE9kd29yOVpVMUE9PSIsIm1hYyI6ImNlZDMxMDllYjJlN2E1NThjNGQxOTE4NmQ2NWVkY2MxNzc4OWRkMjdiZDdjNDQ4NTY1OTk1ZTUzZmNiOWQ1ZDIifQ==,,F000319,男女共用トイレあり | 緊急通報装置あり | 調査日=2019-11-11,
45,宮崎県,45205,小林市,,医療法人養気会 池井病院,,,886-0007,小林市真方87番地,31.9968128,130.9781678,http://yokikai.or.jp/,yes,,本館１階1か所、東館２階４か所,,,,yes,,,,,,,,,,,,,,,,,,,,,,multipurpose_toilet,みやざきアクセシビリティ情報マップ,https://m-bfree.pref.miyazaki.lg.jp/a_map/public/facilityAround/eyJpdiI6InBsTzhkRmxSUjBKQVlnUkhRVEtQTkE9PSIsInZhbHVlIjoiZW04VDlSTG9SanljMG9uMXB4cUgrQT09IiwibWFjIjoiNjJkMDkyMjRkYTNkMWUzMGIxMTZiNTAzMTdiZTgwZmJmOTQxNGFlZmFjZDc3YmIzYmNmOWM5MmFhNzk2YzAzNCJ9,,F001645,男女共用トイレあり | 緊急通報装置あり | 調査日=2019-12-02,
45,宮崎県,45206,日向市,,いけすレストラン 大漁丸,,,889-1111,日向市美々津町2255,32.325005,131.599344,http://www.verfort.co.jp/tairyomaru/index.html,yes,,出入口入ってカウンターを過ぎた左側,,,,yes,,,,,,,,,,,,,,,,,,,,,,multipurpose_toilet,みやざきアクセシビリティ情報マップ,https://m-bfree.pref.miyazaki.lg.jp/a_map/public/facilityAround/eyJpdiI6ImlWcFJBcmFURkJWbVhkMlJZd1dEQ0E9PSIsInZhbHVlIjoiQzJMXC9MZVkyMVZSU1J6ZXl2QkRINmc9PSIsIm1hYyI6IjZiMjc5YTA0ZDE1YjJiZGUwNmMzNWVlOWI2ZjQwMDRiNTgzOGE0MjRlNjY0OGI1NzQzOGM1MDM4OGE5YTIwNTcifQ==,,F002459,男女共用トイレあり | 調査日=2020-02-22,
45,宮崎県,45201,宮崎市,,池田台クリニック,,,889-1605,宮崎市清武町加納甲1335-1,31.8729111,131.3923685,http://www.kitenn.jp/ikecl/,yes,,,,,,yes,,,,,,,,,,,,,,,,,,,,,,multipurpose_toilet,みやざきアクセシビリティ情報マップ,https://m-bfree.pref.miyazaki.lg.jp/a_map/public/facilityAround/eyJpdiI6ImJSVHBReHk1WjBoRW9GT0JOSlNMK0E9PSIsInZhbHVlIjoiT3lSV0F6QXpPSEhYVGFSakdhYlVLZz09IiwibWFjIjoiMDZhYmRkZTMyMmEzMjVhZDkzZGYzOTFkNzc3MjFmYzdiNDUwYjU4MzVmN2M5ZDZlYmIxOTdhNDczYTBlNTkxMSJ9,,F001804,男女共用トイレあり | 緊急通報装置あり | 調査日=2019-11-12,
45,宮崎県,45202,都城市,,池之上整形外科,,,885-0012,都城市上川東2-6-2,31.7423283,131.0750181,https://ikenoue-seikei.jimdo.com/,yes,,,,,,yes,,,,,,,,,,,,,,,,,,,,,,multipurpose_toilet,みやざきアクセシビリティ情報マップ,https://m-bfree.pref.miyazaki.lg.jp/a_map/public/facilityAround/eyJpdiI6ImVaQ1lLclwvOUx4RHJ4TG1FUWQ1alF3PT0iLCJ2YWx1ZSI6ImpCU2gzSjRUa2tKVEJrWVpjR01uVXc9PSIsIm1hYyI6IjVlOTlkMzE1OWM3NmVkYTc2ZDZkMTY1ODM1OTRhMDZlZWFkYzUyYjJlYjBhYzRlYmI1NmE1ODkxZTBiNzc0YmYifQ==,,F000005,男女共用トイレあり | 調査日=2013-09-06,
45,宮崎県,45201,宮崎市,,いこい調剤薬局,,,880-2105,宮崎市大塚台西1丁目1番地42,31.924196,131.3885751,,yes,,,,,,,,,,,,,,,,,,,,,,,,,,,,multipurpose_toilet,みやざきアクセシビリティ情報マップ,https://m-bfree.pref.miyazaki.lg.jp/a_map/public/facilityAround/eyJpdiI6IjlMMzM0Q05GcG1RaVk5WU9vS0hObHc9PSIsInZhbHVlIjoiS0RtSmlSUVhVckNFV0U2UHZEUWxRQT09IiwibWFjIjoiMTlmZDllMmJhZDExMmUyY2I0NDBjNzAxYTlkNGM0YWQ1YjhkMmVmZjM4ZmMxZjFkYzg5MDVlY2NlOTdiOThiZiJ9,,F000115,男女共用トイレあり,
45,宮崎県,45201,宮崎市,,いこいの里 うめの木,,,880-2212,宮崎市高岡町下倉永559番地3,31.9405238,131.3423324,,yes,,,,,,,,,,,,,,,,,,,,,,,,,,,,multipurpose_toilet,みやざきアクセシビリティ情報マップ,https://m-bfree.pref.miyazaki.lg.jp/a_map/public/facilityAround/eyJpdiI6IlRXVlZpUTg5RjZhc3RqbTBsRWV5N3c9PSIsInZhbHVlIjoid0ZQM0dsRWVcLzdiV1A1eEFsb2dzTWc9PSIsIm1hYyI6ImEwMzY4MTYzOGUzYmNmNjgwZjIzYTljNjJhOGVkOTgzYzNiNjkwNDA0NjE4YjI4ZDg5ZWFhMmE0NjdhZmE1NjcifQ==,,F001533,男女共用トイレあり,
45,宮崎県,45206,日向市,,いこいの峠 公衆トイレ,,,883-0101,日向市東郷町山陰乙26-1,32.3749127,131.5562478,,yes,,屋外,,,,,,,,,,,,,,,,,,,,,,,,,,multipurpose_toilet,みやざきアクセシビリティ情報マップ,https://m-bfree.pref.miyazaki.lg.jp/a_map/public/facilityAround/eyJpdiI6InJOM3hvM3lMNmJXbDZGR3dXamZoT1E9PSIsInZhbHVlIjoiRlhOQnI5NUR0ekk0aEprRGdISHhLZz09IiwibWFjIjoiODI1ODA3YzI5NDY4MjI2YTc0YzkzMjhiNmNjMTc0YjRkYmU2ZDRkZGM3NWI0YTYxNjNjOTc3ZWZkZTU4MTIwYiJ9,,F002083,男女共用トイレあり | 緊急通報装置あり | 調査日=2019-12-16,
45,宮崎県,45405,川南町,,石井記念川南保育園,,,889-1301,川南町大字川南17741番地6,32.2318472,131.5092275,http://www.yuuaisya.jp/kawaminami,yes,,,,,,,,yes,,,,,,,,,,,,,,,,,,,,multipurpose_toilet,みやざきアクセシビリティ情報マップ,https://m-bfree.pref.miyazaki.lg.jp/a_map/public/facilityAround/eyJpdiI6InRYYUx0OTM0TE1Mekx3dlJlZThnQkE9PSIsInZhbHVlIjoieUduYnVvMHBXcnlHVVplNDFGYlwvV1E9PSIsIm1hYyI6IjU2Y2E4NzhjZmI1NzQ5NWFhZTZjMGY4MDA2ZjdjYjljOTkxZTM0Y2E2YmFlMThiYmQ5MzExNDdlM2NmMGQ5ZmYifQ==,,F001677,男女共用トイレあり,
45,宮崎県,45404,木城町,,石井十次資料館,,,884-0102,木城町大字椎木644-1,32.142433225892624,131.44821726627592,http://www.yuuaisya.jp/shiryoukan,yes,,正面入口左手,,,,,,yes,,yes,yes,,,,,,,,,,,,,,,,,multipurpose_toilet,みやざきアクセシビリティ情報マップ,https://m-bfree.pref.miyazaki.lg.jp/a_map/public/facilityAround/eyJpdiI6ImVKWWF6SGFSUno1YVwvNGJ3UGVaSlhnPT0iLCJ2YWx1ZSI6InpZNmwxQm91WnVGU1AzSG9rankyU0E9PSIsIm1hYyI6IjkxNjdkNmRmYzEwNmEzNDBiNzA4MWVkNjg0Yzg1YTliODc1MGM5NmQzYzgxNDljMWI1ZDA2YzRmYmNmMDkzZjgifQ==,,F002635,男女共用トイレあり | 緊急通報装置あり | 調査日=2023-01-12,トイレは敷地内に木城町が設置した「中原地区観光トイレ」
45,宮崎県,45404,木城町,,スポーツ合宿＆団体宿泊施設いしかわうち,,,884-0104,木城町大字石河内533-2,32.221700124224945,131.41844918520152,https://ishikawauchi.jimdofree.com/,yes,,1F,,,,yes,,,,,,,,,,,,,,,,,,,,,,multipurpose_toilet,みやざきアクセシビリティ情報マップ,https://m-bfree.pref.miyazaki.lg.jp/a_map/public/facilityAround/eyJpdiI6IjVcL1dsS2FSUjVtaGJLcnp4WlE2SGN3PT0iLCJ2YWx1ZSI6Ill0XC83R3RYdGN3K1k4YTRrOTU2dlF3PT0iLCJtYWMiOiI0OGEwMGU0NWI2MmIwMzk1NzBlNmZlYzQzMDA2ZmE0NjMwMDUzZGM2ZDYzNDI5ZGNkNTNmOGM2YzU1ZmZiZmRjIn0=,,F002638,男女共用トイレあり | 調査日=2023-01-12,
45,宮崎県,45201,宮崎市,,石川クリニック,,,880-0036,宮崎市花ヶ島入道2197-1,31.9435878,131.4337858,http://ishikawaclinic.webmedipr.jp/,yes,,,,,,,,,,,,,,,,,,,,,,,,,,,,multipurpose_toilet,みやざきアクセシビリティ情報マップ,https://m-bfree.pref.miyazaki.lg.jp/a_map/public/facilityAround/eyJpdiI6InFISUEwYWRcL20zSUxFSUU5dFRPeGdnPT0iLCJ2YWx1ZSI6ImNEc09XVFFYNHdxbDlhZDBkdloreGc9PSIsIm1hYyI6IjEwNWE5NGFkMzUzNDk1OTlhNmQyM2YyOTg4MTZlMTEwMWFmNjU3OTkxODFhMDFiOTVmMTZkMGQ0NTI5ZGE0ZjQifQ==,,F001290,男女共用トイレあり | 調査日=2009-11-19,
45,宮崎県,45201,宮崎市,,いしかわ内科,,,880-0033,宮崎市神宮西1丁目49番地1,31.9361534,131.4175699,https://www.sanyu-kai.or.jp/,yes,,１階,,,,yes,,,,,,,,,,,,,,,,,,,,,,multipurpose_toilet,みやざきアクセシビリティ情報マップ,https://m-bfree.pref.miyazaki.lg.jp/a_map/public/facilityAround/eyJpdiI6IktKOWlHZWh6b211V2ZxY3VDUmgzUGc9PSIsInZhbHVlIjoicmNhN0lhZ1pMR2szclVBeVdzNnVnUT09IiwibWFjIjoiZmYzNTNlOWQ4YzQ2MDgxZTE2ZjRiNmEzZWUzMGJhMTllZjcwZTM5ZjY3MjNlNTA0MTY0MTMzMjE0NTk4ZmVmYiJ9,,F000963,男女共用トイレあり | 緊急通報装置あり | 調査日=2002-09-18,
45,宮崎県,45201,宮崎市,,石崎の杜歓鯨館,,,880-0212,宮崎市佐土原町下那珂8-1,32.000034,131.4873325,http://www.kangeikan.com,yes,,館内,,,,yes,,yes,,yes,yes,,,,,,,,,,,,,,,,,multipurpose_toilet,みやざきアクセシビリティ情報マップ,https://m-bfree.pref.miyazaki.lg.jp/a_map/public/facilityAround/eyJpdiI6ImppXC9HNUVsRWliS1pvYVYwWlJ6U3dBPT0iLCJ2YWx1ZSI6IjZtUlNuOXlWS0I3UHF5dHdGWjN3RGc9PSIsIm1hYyI6IjJjOWMyZTc5MDk5OGZjOTMzNTEzN2E2NGYyNzY2NzBmNzdmM2Y3ZDRiOTQwNjhjMjY4YzM0NDUwZDI3OWU3NmMifQ==,,F001865,男女共用トイレあり | 男女別トイレあり | 緊急通報装置あり | 着替え台あり | 調査日=2019-12-06,
45,宮崎県,45202,都城市,,五十市地区公民館,,,885-0082,都城市五十町2284番地,31.7170729,131.0361733,,yes,,,,,,,,,,,,,,,,,,,,,,,,,,,,multipurpose_toilet,みやざきアクセシビリティ情報マップ,https://m-bfree.pref.miyazaki.lg.jp/a_map/public/facilityAround/eyJpdiI6InFZY3EyanJBZ1p4QXk5aVpBV2sxMGc9PSIsInZhbHVlIjoick93ME93N2tcL20yTW0zREpCcG12ZHc9PSIsIm1hYyI6Ijc0YTRiNDc1MDY4ZDk1NWJiYTFiZTNhZTFmZGViNzY0NGUwNjJhM2ZlYTNkMzNkNmExMDAyNTRkZTJlODQ0ZmYifQ==,,F000490,男女別トイレあり | 調査日=2020-03-19,
45,宮崎県,45201,宮崎市,,市来内科・外科医院,,,880-0023,宮崎市和知川原2丁目14番地2,31.9227682,131.4113912,,yes,,1階,,,,,,,,,,,,,,,,,,,,,,,,,,multipurpose_toilet,みやざきアクセシビリティ情報マップ,https://m-bfree.pref.miyazaki.lg.jp/a_map/public/facilityAround/eyJpdiI6Ik94NHNWbkRsZWRMNHo5VmxcL2Q5dFZ3PT0iLCJ2YWx1ZSI6IkJINGlLN0dwNFNxYkhIQVlHSzBGeUE9PSIsIm1hYyI6ImQzMWE5YzBkNDIwYmZmYjE0Mzc4MThlOWJkNDA5MzM4OWY1Mzc4NjhmMDc3MmM1YWFhZjJmYjU5MzVjMzQ2ZjIifQ==,,F000841,男女共用トイレあり | 緊急通報装置あり | 調査日=2019-11-08,
45,宮崎県,45201,宮崎市,,いちごの里 桜町,,,880-0057,宮崎市桜町13－18,31.9496315,131.4373188,http://www.ichigo-nosato.com/,yes,,,,,,,,,,,,,,,,,,,,,,,,,,,,multipurpose_toilet,みやざきアクセシビリティ情報マップ,https://m-bfree.pref.miyazaki.lg.jp/a_map/public/facilityAround/eyJpdiI6InNNbGFPNDNqM2pkUzc5amg1N3Zsc1E9PSIsInZhbHVlIjoibW5uUldyRHY5YnM0Q2dcLzJoRTRhRkE9PSIsIm1hYyI6IjU5YTNlMjA1ZGYyM2MxYjE3ZmNmY2I0MjRhMWE4ZTI1YTFhMjRlMGM1MzFjYTQwMGQ2MTEwNzAzNDFlOTQwY2YifQ==,,F000508,男女共用トイレあり,
45,宮崎県,45201,宮崎市,,いちごの里 恒久,,,880-0913,宮崎市恒久5丁目17-1,31.8915108,131.4366413,http://www.ichigo-nosato.com/tsunehisa-shop-of-hometown-of-strawberry.php,yes,,,,,,,,,,,,,,,,,,,,,,,,,,,,multipurpose_toilet,みやざきアクセシビリティ情報マップ,https://m-bfree.pref.miyazaki.lg.jp/a_map/public/facilityAround/eyJpdiI6InBJbitvTEs3WUNFV2hSMWFSc0Q4OUE9PSIsInZhbHVlIjoiMCtRSlNFZjRjZWsrS1Zha0Nxc2x5Zz09IiwibWFjIjoiN2JkNjE5MDhhYmE5MGY0MDY5NjA3ZDkwZTc1MWQwYWE5OGI2YTg0OTdhYjI1NmMwOGFmZjJhOWIzM2Q2OTA2MiJ9,,F001760,男女共用トイレあり,
45,宮崎県,45201,宮崎市,,いちごの里 柳丸,,,880-0845,宮崎市新城町44番地,31.9262411,131.4387268,http://www.ichigo-nosato.com/yanagimaru-shop-of-hometown-of-strawberry.php,yes,,,,,,,,,,,,,,,,,,,,,,,,,,,,multipurpose_toilet,みやざきアクセシビリティ情報マップ,https://m-bfree.pref.miyazaki.lg.jp/a_map/public/facilityAround/eyJpdiI6ImdkMWJuK25wMkc3YUI2N25pYU5JUHc9PSIsInZhbHVlIjoiYVZWcTJDMjVwZStwOFwvVVI0Z2QrZmc9PSIsIm1hYyI6IjFmMGEzMjc3ZTY1NDNkNTA1Yzk4N2IxZjFkOGJiMjQxNjc0ZTIxYzEzZmNlYTQ0MTM4ZTQyN2ViMWVjYjFjMjUifQ==,,F001826,男女共用トイレあり,
45,宮崎県,45203,延岡市,,市棚駅,,,889-0101,延岡市北川町川内名,32.728352267720034,131.70882998606845,https://www.jrkyushu.co.jp/railway/station/1191411_1601.html,yes,,,,,,,,,,,,,,,,,,,,,,,,,,,,multipurpose_toilet,みやざきアクセシビリティ情報マップ,https://m-bfree.pref.miyazaki.lg.jp/a_map/public/facilityAround/eyJpdiI6IlwvWHJRYVhOU3p0UmdST2d4YVY0NHpBPT0iLCJ2YWx1ZSI6InNIODJOMmIyelVUaXMxS2E0K2lOYnc9PSIsIm1hYyI6IjkwNDUwYzBmN2NkODBmYzg0MTViYWE0YTQzYzMwNmExMzc5MDk1ZGE0ODg5NTE3ZjI0NjQ5YjBiNjE4MGQ1ZjkifQ==,,F002597,男女共用トイレあり | 調査日=2022-09-09,
45,宮崎県,45201,宮崎市,,いちはら医院,,,880-0904,宮崎市中村東1丁目7-1,31.9032366,131.4202912,,yes,,１階,,,,yes,,,,,,,,,,,,,,,,,,,,,,multipurpose_toilet,みやざきアクセシビリティ情報マップ,https://m-bfree.pref.miyazaki.lg.jp/a_map/public/facilityAround/eyJpdiI6IlZ4S0l1djdQZFg4Zk1UY0dnN1VhMXc9PSIsInZhbHVlIjoieHVrXC9PcHM3aksxTlc3S0xmeHJNVGc9PSIsIm1hYyI6IjZmYjRmYzg3ZDZlYzM5MmRmZWExODc2NDAxNGM4YTI4NWI1YjBmYmVmZDI3NTQ1ZGMwNmM5MzE5NWQ4YzllMTAifQ==,,F000070,男女共用トイレあり | 緊急通報装置あり | 調査日=2002-09-05,
45,宮崎県,45203,延岡市,,一木一草 延岡,,,882-0047,延岡市紺屋町1丁目4-28,32.584209,131.670937,https://www.encity-h.com/restaurant_ichimokuissou/,yes,,エンシティホテル延岡の1Ｆ，3Ｆ,,,,,,,,,,,,,,,,,,,,,,,,,,multipurpose_toilet,みやざきアクセシビリティ情報マップ,https://m-bfree.pref.miyazaki.lg.jp/a_map/public/facilityAround/eyJpdiI6IitcL0pFQ25xSkJoaDZaRkJKUnI3NDZ3PT0iLCJ2YWx1ZSI6IjVVTVo3eTNmNStKY1E2dWJXS3pTOHc9PSIsIm1hYyI6ImViY2U4YmQ1N2FhNjkzMGQ2YTMxMWJkYjY0YjJiNjdhNjY0MzBlYzBjYmUzNThlY2RmZTNhZDU0ZTFlZmJiYmMifQ==,,F002446,調査日=2020-02-14,・エンシティホテル延岡1F、3Fに多目的トイレあり
45,宮崎県,45203,延岡市,,井手耳鼻咽喉科クリニック,,,882-0856,延岡市出北1丁目4番12号,32.577872,131.6782666,,yes,,,,,,yes,,,,yes,,,,,,,,,,,,,,,,,,multipurpose_toilet,みやざきアクセシビリティ情報マップ,https://m-bfree.pref.miyazaki.lg.jp/a_map/public/facilityAround/eyJpdiI6ImNhb2FOXC9ENUdhd1ZocXdSdW5cL1VtZz09IiwidmFsdWUiOiI1NENtb0pqekpxWEJYOU5QOWMxSW9BPT0iLCJtYWMiOiI4ZjVhZDY5Mzc3ZDM3NjYzMWYxMDVjNmFkMmI5MGU1ZjU2MTZkNWU0ZmEyODkzZjEzNDliN2YyZWJhMWFjMDkwIn0=,,F001376,男女共用トイレあり | 緊急通報装置あり | 調査日=2019-11-21,
45,宮崎県,45201,宮崎市,,IdexBMW宮崎中央店,,,880-0036,宮崎市花ヶ島町柳ノ丸510番,31.958040689479354,131.43631817462742,,yes,,,,,,yes,,,,yes,,,,,,,,,,,,,,,,,,multipurpose_toilet,みやざきアクセシビリティ情報マップ,https://m-bfree.pref.miyazaki.lg.jp/a_map/public/facilityAround/eyJpdiI6InJVTGxTTGNtNFA0NDlJSUlMUEQwM3c9PSIsInZhbHVlIjoiN1pBcldUQWFSalNkRGRrZnNyVW5HUT09IiwibWFjIjoiZmRlMjBjOTQ0OTgxN2YwNmJjNzFlNTZlNDkwMmY1NzJlODZhZjliNTRjYzY5MjFlOWFlZjlkYThhYmVmNzI1MiJ9,,F002651,男女共用トイレあり | 緊急通報装置あり | 調査日=2023-02-24,
45,宮崎県,45205,小林市,,出の山公園,,,886-0005,小林市南西方,31.980179098163994,130.94477758267948,https://www.city.kobayashi.lg.jp/soshikikarasagasu/keizaibushokokankoka/kankojoho/6/1234.html,yes,,出の山淡水魚水族館前,,,,yes,,yes,,yes,yes,,,,,,,,,,,,,,,,,multipurpose_toilet,みやざきアクセシビリティ情報マップ,https://m-bfree.pref.miyazaki.lg.jp/a_map/public/facilityAround/eyJpdiI6IlwvXC9sSlF0aEJrYnhPTmJuNVJNWnlmQT09IiwidmFsdWUiOiJXK0k4NXRLR3JhM1FrRE1hdE1IRlJ3PT0iLCJtYWMiOiI5MzllMzg4MzQ0NTlhMWFkNjcyODk3NmExMmZmMWVhYWM1OTE0MTdlZjI2OGNmZTJiNTNjZWYyM2U2NTVjZjM0In0=,,F002632,男女共用トイレあり | 緊急通報装置あり | 調査日=2022-12-07,
45,宮崎県,45205,小林市,,出の山淡水魚水族館,,,886-0005,小林市南西方1091,31.980356,130.942584,http://idenoyama-aquarium.weebly.com/,yes,,１階,,,,,,,,,,,,,,,,,,,,,,,,,,multipurpose_toilet,みやざきアクセシビリティ情報マップ,https://m-bfree.pref.miyazaki.lg.jp/a_map/public/facilityAround/eyJpdiI6ImhwVlVLbHFHY2FUU01DWjU0WHplMnc9PSIsInZhbHVlIjoidUdsZlZLU3J4TDNJaUdHcmM1OElaZz09IiwibWFjIjoiYzQ3ZDVlOTA4YzdjZWQ0MzM4MzFiMmU1ODE0NjIyMDZjNTM4MDRmM2U1ZGMzOTY5NDVlZTc5NThlOTY3NWI4NCJ9,,F001654,男女共用トイレあり | 緊急通報装置あり | 調査日=2002-09-24,
45,宮崎県,45201,宮崎市,,いとう整骨院,,,880-0951,宮崎市大塚町樋ノ口1918,31.9194457,131.3989423,http://www.ito-seikotu.in/,yes,,,,,,,,,,,yes,,,,,,,,,,,,,,,,,multipurpose_toilet,みやざきアクセシビリティ情報マップ,https://m-bfree.pref.miyazaki.lg.jp/a_map/public/facilityAround/eyJpdiI6InVnQmVsTXNNMmZLSitLbWd1Mk04VWc9PSIsInZhbHVlIjoiOEtEdHFEUmZSR0Y3a0VRK0UyeDFOUT09IiwibWFjIjoiNTAzZDM2MjJlMjc4NGQ2OWYwYzQ1MzNhY2Y5MGM5NzE4MjU2ZTNjMmZjMDdmNTZjNzZmZDA2NjkyMzhhYTQxMSJ9,,F001385,男女共用トイレあり | 調査日=2019-11-25,
45,宮崎県,45201,宮崎市,,稲田歯科医院,,,880-0915,宮崎市恒久南2丁目9-13,31.8918457,131.4239457,http://www.inada-shika.com/,yes,,,,,,,,,,,,,,,,,,,,,,,,,,,,multipurpose_toilet,みやざきアクセシビリティ情報マップ,https://m-bfree.pref.miyazaki.lg.jp/a_map/public/facilityAround/eyJpdiI6Imt2blBydFwvNDVsbjI4Mjd4b2dnNVNBPT0iLCJ2YWx1ZSI6IkVaVjVHeWVnYVdQRFBMcElpNUIrYXc9PSIsIm1hYyI6ImU0NGVhMjUxNDIyNzc3Y2IzN2FjOGM2Mzk2ZTRjZDIxZDJiNDA2MGRiOWRkMTRhNDY5Y2UxNjAyMGNiOTNkOTkifQ==,,F001132,男女共用トイレあり | 調査日=2010-01-28,
45,宮崎県,45201,宮崎市,,医療法人清芳会 井上病院,,,880-0123,宮崎市大字芳士80番地,31.9660656,131.4298864,http://www.inoue-hp.net/,yes,,１階,,,,,,,,,,,,,,,,,,,,,,,,,,multipurpose_toilet,みやざきアクセシビリティ情報マップ,https://m-bfree.pref.miyazaki.lg.jp/a_map/public/facilityAround/eyJpdiI6IkJOZ0VUSjZIOUpsYkZveTNTY0ExRFE9PSIsInZhbHVlIjoiZktaYUdsbzlnV2ZZV3dMRlJibEdFdz09IiwibWFjIjoiMDRkYmM0YjhhMWJkYjc4YTg1ZGQ1ZWE0YmU5NjNhN2FlMWVkZjQwMjdiMzFlZWYzOGRlYjVmNzJiMWQxZmZmZSJ9,,F000981,男女共用トイレあり | 緊急通報装置あり | 調査日=2013-09-06,
45,宮崎県,45206,日向市,,今給黎医院,,,883-0021,日向市大字財光寺2864-3,32.4000568,131.6251476,https://sites.google.com/site/jingeiliyiyuanhomupeji/o-zhirase,yes,,１階,,,,yes,,,,,,,,,,,,,,,,,,,,,,multipurpose_toilet,みやざきアクセシビリティ情報マップ,https://m-bfree.pref.miyazaki.lg.jp/a_map/public/facilityAround/eyJpdiI6IjlObTlsYW9oUjhlNGg4S3ZzdVFOa0E9PSIsInZhbHVlIjoidDNcL0ZkSjJTOFRhcTRaanVyaW56R2c9PSIsIm1hYyI6IjM1OTI5MDk5YWY1MWE3Y2E0ODAwYTk1MjMzMjAxNzJjYzkxMjVmMDIzYzE1NzgwNzMwMjI5OWZhYzBkNTA3NzcifQ==,,F000956,男女共用トイレあり | 緊急通報装置あり | 調査日=2013-09-05,
45,宮崎県,45202,都城市,,いままち歯科,,,885-0064,都城市今町7048-1,31.6997629,131.0427312,,yes,,,,,,,,,,,,,,,,,,,,,,,,,,,,multipurpose_toilet,みやざきアクセシビリティ情報マップ,https://m-bfree.pref.miyazaki.lg.jp/a_map/public/facilityAround/eyJpdiI6IlU5V0tNUzltMlJETG9zVnZrU0ZmSXc9PSIsInZhbHVlIjoidVdNeDc0a3VDQmsrRG5mTzlLbVdcL0E9PSIsIm1hYyI6ImM4OTdmMmM4NDQzZjRiNTBmMjYyNmEwZGI4ZjVlNjU3MmIyYWQyYjAxNzY4OWYwYTBkMThmMzUyNTdkNzA1MTYifQ==,,F001871,男女共用トイレあり | 調査日=2019-11-19,
45,宮崎県,45202,都城市,,今町鉄道記念公園,,,885-0064,都城市今町7493-1,31.6896938,131.0318407,,yes,,屋外,,,,,,,,,,,,,,,,,,,,,,,,,,multipurpose_toilet,みやざきアクセシビリティ情報マップ,https://m-bfree.pref.miyazaki.lg.jp/a_map/public/facilityAround/eyJpdiI6IjVFRG5vWElJMG12Q2tkXC9QTE1IZ3d3PT0iLCJ2YWx1ZSI6IlwvSWpuZDVtM1JGWUY1QWVDS25Yd3pnPT0iLCJtYWMiOiJmODE4NjgxYWE1MWU0MGMwNjhhODZmZWYzNDUxNjU5NWFlYWMzYmVlYzI5NmQyZDEyY2EzY2RhOTMzYzU4NTQ0In0=,,F001959,男女共用トイレあり | 緊急通報装置あり | 調査日=2019-12-18,
45,宮崎県,45203,延岡市,,今山公園,,,882-0055,延岡市山下町2丁目地先,32.5903109,131.6682012,,yes,,屋外,,,,,,,,,,,,,,,,,,,,,,,,,,multipurpose_toilet,みやざきアクセシビリティ情報マップ,https://m-bfree.pref.miyazaki.lg.jp/a_map/public/facilityAround/eyJpdiI6IjBqQjVuTEdNb1dUZENHNkxwNDRTckE9PSIsInZhbHVlIjoiU3VQd0NTWHJIeGdVRG10aGJmaFU3dz09IiwibWFjIjoiYTg1YzFmYjAyODVjY2RlNTQ1NWZjZWE5ZTM4NDc4ZjUwM2ViMWI0MjM4ZDNkY2E1NGZlZDM1Y2ZlMjkzMTY0ZCJ9,,F002062,男女共用トイレあり | 緊急通報装置あり | 調査日=2002-09-05,
45,宮崎県,45203,延岡市,,今山大師,,,882-0055,延岡市山下町2-3998,32.590289927674476,131.66627872860198,https://www.imayamadaisi.com/,yes,,駐車場 / 弘法大師像裏手,,,,,,,,yes,,,,,,,,,,,,,,,,,,multipurpose_toilet,みやざきアクセシビリティ情報マップ,https://m-bfree.pref.miyazaki.lg.jp/a_map/public/facilityAround/eyJpdiI6IjBGN3RYSWJYZ3RQUUN2UU9DQ0hxSWc9PSIsInZhbHVlIjoiVHlZd1BcL1ZRZHMzK0tub1pcL01HRFRBPT0iLCJtYWMiOiJhYjIxMWUwNTRmMzMyM2RjMzkwMzc5YTQzZjY5YTIzNDQ4MmExMDUxMjA5NWU4MzgwODdiOWQ5NWNlZjQxM2M4In0=,,F002599,男女共用トイレあり | 緊急通報装置あり | 調査日=2022-09-09,
45,宮崎県,45201,宮崎市,,いりの歯科医院,,,880-0951,宮崎市大塚町権現昔764-1,31.9242934,131.3999358,,yes,,１階,,,,,,,,,,,,,,,,,,,,,,,,,,multipurpose_toilet,みやざきアクセシビリティ情報マップ,https://m-bfree.pref.miyazaki.lg.jp/a_map/public/facilityAround/eyJpdiI6IjJscW1nTHhVdDVtR0ptdzhcL0FuOEtRPT0iLCJ2YWx1ZSI6Inc1XC9rcnF4ZDRPU0lyRkZONCtqUFB3PT0iLCJtYWMiOiJhNzQ5ODNkY2NlNTlkZmVmMDMxNTYxMjQwYTBlMWYwYWZjOGRmZGQ1ZTg4Y2I0ZDc2OTk2Y2I2NDExOTIxNzVkIn0=,,F001197,男女共用トイレあり | 緊急通報装置あり | 調査日=2013-09-19,
45,宮崎県,45201,宮崎市,,いろはカンパニー,,,880-0951,宮崎市大塚町宮田2850番地3,31.917681,131.3981634,,yes,,,,,,yes,,,,,,,,,,,,,,,,,,,,,,multipurpose_toilet,みやざきアクセシビリティ情報マップ,https://m-bfree.pref.miyazaki.lg.jp/a_map/public/facilityAround/eyJpdiI6ImVIaXBEZWRnYTAzMFpidmNUTzlFT2c9PSIsInZhbHVlIjoiZGkrYTJMM3lwbHRcL1VDQTJaZ1BPQ2c9PSIsIm1hYyI6ImM5YTllNDAwYTc3MmMxZDJjYjk0YWJlNTkxYzBmNjhhOGViMDhjNWVhMWE0YzdmZjg2OTM3ODNlYjM3M2IxOWIifQ==,,F001837,男女共用トイレあり | 調査日=2019-11-29,
45,宮崎県,45203,延岡市,,いわさき歯科口腔外科,,,882-0836,延岡市恒富町4-148,32.5665559,131.6635475,,yes,,１階,,,,,,,,,,,,,,,,,,,,,,,,,,multipurpose_toilet,みやざきアクセシビリティ情報マップ,https://m-bfree.pref.miyazaki.lg.jp/a_map/public/facilityAround/eyJpdiI6IkF3TkU5U1l2bENFdHBiV0Y5eG9zYVE9PSIsInZhbHVlIjoiS1dMVGc5bFloQXhPOHNHMzFweUt1QT09IiwibWFjIjoiYmNmMWM1MTczYmNlYjVjM2QxOTU5NDgyMzBhYjFjYjI0YjM0NTZkZTAyY2Q2ZTJiMzY2ZmFkNjM2OGY3YWE4YSJ9,,F001263,男女共用トイレあり | 緊急通報装置あり | 調査日=2013-09-02,
45,宮崎県,45202,都城市,,祝吉郡元公園トイレ,,,885-0013,都城市郡元町3丁目5-1,31.741415,131.0909781,,yes,,屋外,,,,,,,,,,,,,,,,,,,,,,,,,,multipurpose_toilet,みやざきアクセシビリティ情報マップ,https://m-bfree.pref.miyazaki.lg.jp/a_map/public/facilityAround/eyJpdiI6Imw0dUIrUkdVakFNY2pPaUNpZHJXQVE9PSIsInZhbHVlIjoiZ3ViYVRkMkZHWXErNGtER2FIYm5pdz09IiwibWFjIjoiNTRmZjRlOGZmYTA1YzY1OTI5OWVmYmRkZDFmNDQxZGQ2NzE2YmY0MmI0MThjZTU5OWZiZjY1ZDhkNjI3NjU5ZiJ9,,F001951,男女共用トイレあり | 緊急通報装置あり | 調査日=2019-12-18,
45,宮崎県,45202,都城市,,祝吉地区公民館,,,885-0013,都城市郡元1丁目1番地4,31.7442643,131.0886502,,yes,,,,,,yes,,yes,,,yes,,,,,,,,,,,,,,,,,multipurpose_toilet,みやざきアクセシビリティ情報マップ,https://m-bfree.pref.miyazaki.lg.jp/a_map/public/facilityAround/eyJpdiI6Im4rVXY4NWhCZWNnTlNDQ2FRUkxkSEE9PSIsInZhbHVlIjoic2xZNGQ1ZFp3NnJtM2FsVkhaYkRYdz09IiwibWFjIjoiNWJhYzcyMTg2MGQ3MzViMjcyMTY1MThiZGU3YzU5ZjNmNmZlOTVjNTBjMjEzYjQ2N2QxOGZjNTNiMzE0N2RjYyJ9,,F000513,男女共用トイレあり | 緊急通報装置あり | 着替え台あり | 調査日=2019-12-26,
45,宮崎県,45201,宮崎市,,WITH DOG,,,880-0946,宮崎市福島町2丁目48-4,31.9067554,131.4078576,,yes,,,,,,,,,,,,,,,,,,,,,,,,,,,,multipurpose_toilet,みやざきアクセシビリティ情報マップ,https://m-bfree.pref.miyazaki.lg.jp/a_map/public/facilityAround/eyJpdiI6Ilwvd3JyMFJ2UXlnWW1xMFwvNlhiOGhxdz09IiwidmFsdWUiOiJEUFhxbytUNmkyaXZpWTdtQU5wRHZRPT0iLCJtYWMiOiIwNDJlNjNhYTA2MWM4NTk0YTgxZDhiZmZmNWUyNTM5N2FiMGRiOWQwOTM5MzVkODRkM2ZhY2UzNWQwM2Q5MGU5In0=,,F000135,男女共用トイレあり,
45,宮崎県,45201,宮崎市,,上田脳神経外科,,,880-0925,宮崎市大字本郷北方2703,31.8738429,131.4123683,https://mc-koujinkai.com/,yes,,,,,,,,,,,,,,,,,,,,,,,,,,,,multipurpose_toilet,みやざきアクセシビリティ情報マップ,https://m-bfree.pref.miyazaki.lg.jp/a_map/public/facilityAround/eyJpdiI6ImpIQjZvNllGVVIwcUhRcUhaYzkwMFE9PSIsInZhbHVlIjoiZDNSTmRPV1wvK0pDVEJBTGZXMG5mTlE9PSIsIm1hYyI6ImZjNzM5ZWE3ZTU5Mjg4MTYzNDM3MDZlNmMwYmU0ZTRkYjU5YWJhOGMwYWRjNGZjNmJjMzA4YjMwMzVhYzZmYWIifQ==,,F000151,男女共用トイレあり | 調査日=2009-12-01,
45,宮崎県,45201,宮崎市,,医療法人社団友愛会 上原内科,,,880-0824,宮崎市大島町国草126番地3,31.9413297,131.4402562,http://ueharanaika.or.jp/,yes,,１階待合室,,,,yes,,,,,,,,,,,,,,,,,,,,,,multipurpose_toilet,みやざきアクセシビリティ情報マップ,https://m-bfree.pref.miyazaki.lg.jp/a_map/public/facilityAround/eyJpdiI6InFLVDZ5K2tNeEc4QmRrOUI0ckExclE9PSIsInZhbHVlIjoiNGZ5TFNmREtQeTYzeWNhWTV4Tmd5QT09IiwibWFjIjoiOTNmMjBmOGQxNDBmYzg4ZDM3YzA0ZWZiMjk3MjRkNGI2NGIzNDM1Y2FjMWZlNjkwNTM3YjA4NDM5ZmU2MjI5NSJ9,,F000995,男女別トイレあり | 緊急通報装置あり | 調査日=2019-11-19,
45,宮崎県,45421,門川町,,魚甚閣 常若,,,889-0614,門川町上町6丁目7,32.468605,131.647675,https://r.goope.jp/tokowaka,yes,,入口入ってすぐ右手,,,,,,,,yes,,,,,,,,,,,,,,,,,,multipurpose_toilet,みやざきアクセシビリティ情報マップ,https://m-bfree.pref.miyazaki.lg.jp/a_map/public/facilityAround/eyJpdiI6InlZYm5IQ0tJK1lPeDY0a2MyNzlNZGc9PSIsInZhbHVlIjoiWWtkSmphc3A0TmtFbGUwbUhzVHZ6QT09IiwibWFjIjoiOTdkMTEyZjY3MDI1MzgxZjJhMTI2OGU1MjgyNTAwNGFhZDQyNzUxMGEyZjY3MjQzNDNlMTIwODYxOWEzNTQzNiJ9,,F002468,男女共用トイレあり | 調査日=2020-02-24,
45,宮崎県,45201,宮崎市,,内海自治公民館,,,889-2301,宮崎市内海1220-1,31.7613016,131.4688326,,yes,,,,,,,,,,,,,,,,,,,,,,,,,,,,multipurpose_toilet,みやざきアクセシビリティ情報マップ,https://m-bfree.pref.miyazaki.lg.jp/a_map/public/facilityAround/eyJpdiI6ImxlNkUzVHJMeGdaOXp3WU03SzAxRnc9PSIsInZhbHVlIjoicVU4Uk9GdWRWdFhtaE1wZWRadDJ0UT09IiwibWFjIjoiNmNkN2U4MjZiMzk4OTQ2MzM1MmE4ZGMxMGNhZjNjZDEwYmUyMDIzNmQ5ODVhMzk4ZjFiMDg5M2JlYWU3NjFkOSJ9,,F000597,男女共用トイレあり,
45,宮崎県,45201,宮崎市,,内海やっこ荘,,,889-2301,宮崎市大字内海2169-1,31.761287,131.46667,,yes,,１階,,,,,,,,,,,,,,,,,,,,,,,,,,multipurpose_toilet,みやざきアクセシビリティ情報マップ,https://m-bfree.pref.miyazaki.lg.jp/a_map/public/facilityAround/eyJpdiI6IkVCeWFcL255b3V2RWIrY1hhcitWMEtBPT0iLCJ2YWx1ZSI6IlwvK3V4SG1mbXVnUG80a3p4ZnU5ZE9nPT0iLCJtYWMiOiI1YjA4MjQ2ZGYzMDk5YWQ3ZmE4ODhiMTQ0MTYyYjczMzhiMzk4OTE0MzM5Mjg5OWU4OGJjNjkxYjEwMjJjMjBiIn0=,,F000857,男女共用トイレあり | 緊急通報装置あり | 調査日=2019-11-08,
45,宮崎県,45205,小林市,,医療法人浩然会内村病院,,,886-0002,小林市水流迫852番地1,31.9934852,130.9949404,http://www.uchimura-hospital.jp/,yes,,,,,,yes,,,,,,,,,,,,,,,,,,,,,,multipurpose_toilet,みやざきアクセシビリティ情報マップ,https://m-bfree.pref.miyazaki.lg.jp/a_map/public/facilityAround/eyJpdiI6IjQ1TExrSUtVaEMyTzVoN2Rmd2pEQnc9PSIsInZhbHVlIjoiWnI4elZYODR6YnhTT2dGRTBYTkpyQT09IiwibWFjIjoiYjI0NjY0NWIwOTUyZGJkODQ3OGYxMTk0NmQzY2U2YWExOTI3OTBlNTZhMTFmMzE0MDRiODI2ZjhlYzE2MDc0MCJ9,,F001650,男女共用トイレあり | 調査日=2019-11-25,
45,宮崎県,45201,宮崎市,,内山農村研修センター,,,880-2221,宮崎市高岡町内山1072,31.8962991,131.2105404,,yes,,,,,,,,yes,,,,,,,,,,,,,,,,,,,,multipurpose_toilet,みやざきアクセシビリティ情報マップ,https://m-bfree.pref.miyazaki.lg.jp/a_map/public/facilityAround/eyJpdiI6InZMcEh6SVhkdkxudEVXQjlMQ0wxQ0E9PSIsInZhbHVlIjoiUzlmRzYxV1dmNDBXZFwvc1wvK3hkWVwvQT09IiwibWFjIjoiZTlkYWEyZGFjZDU4NjZjNWQ1NGFhNjA2ZjI1MzAyMDhmZmZjYWMzNDgyYzg0ZWE0YmRiNDI2ODA4ZDZhNzE3OSJ9,,F001550,男女共用トイレあり | 調査日=2010-01-28,
45,宮崎県,45204,日南市,,鵜戸神宮,,,887-0101,日南市大字宮浦3232,31.6477144,131.4655354,http://www.udojingu.com/,yes,,神門そばの駐車場横 / 宮崎交通「鵜戸神宮」バス停のある駐車場内,,,,yes,,yes,,yes,,,,,,,,,,,,,,,,,,multipurpose_toilet,みやざきアクセシビリティ情報マップ,https://m-bfree.pref.miyazaki.lg.jp/a_map/public/facilityAround/eyJpdiI6IkU5ckFVS3pTdEduVk5CbHh0ekhza0E9PSIsInZhbHVlIjoib2h0cG9kSnN6eUlLeDlvbm5DQUZSUT09IiwibWFjIjoiODNhYjVkYjk3M2Q3NjliMjQyOGU5YWM4OTBhYmM1ODU2YmY4NWU5ZjZjNzY5MmJlOTlkYzk2NTNiZGI5MjY4NyJ9,,F000503,男女共用トイレあり | 緊急通報装置あり | 調査日=2020-10-20,
45,宮崎県,45201,宮崎市,,うどん茶屋 大吉,,,880-0301,宮崎市佐土原町上田島8414－1,32.0404399,131.425784,,yes,,,,,,yes,,,,,,,,,,,,,,,,,,,,,,multipurpose_toilet,みやざきアクセシビリティ情報マップ,https://m-bfree.pref.miyazaki.lg.jp/a_map/public/facilityAround/eyJpdiI6ImE3bFBtMm1WVHRBZ2ZvbjduMXkzQ3c9PSIsInZhbHVlIjoiNzdpcDZZMUpObFhhbExON3pCRlNpUT09IiwibWFjIjoiODUwODU0OWMxOTNiMzAzMDc0OTIxZjg0MWU5NTI2ZWFjYjhmZDdmMGQ4ZjllZGEzYmI2OTVlOGQ1N2Y0YTNkMiJ9,,F000295,男女共用トイレあり | 調査日=2019-11-20,
45,宮崎県,45206,日向市,,馬ヶ背茶屋,,,883-0001,日向市細島1-1,32.4228651,131.6842399,https://hyuga.or.jp/app/foods/view/10,yes,,施設南側,,,,yes,,yes,,,,,,,,,,,,,,,,,,,,multipurpose_toilet,みやざきアクセシビリティ情報マップ,https://m-bfree.pref.miyazaki.lg.jp/a_map/public/facilityAround/eyJpdiI6IlZyQXFVUnVvWERCdjI2MERweGk5M0E9PSIsInZhbHVlIjoiSlVjWTNYVmcrZDVacVQ3eUpoSUpjZz09IiwibWFjIjoiNmNkZWZkOTAwNDFjYzFhMDlkYmZlNmNlOWM5YjM3YjBlOTg0NjU3NGYxNWQ4OTVhNzkyY2IwODJjY2I5YTA0NSJ9,,F000263,男女共用トイレあり | 緊急通報装置あり | 調査日=2022-12-12,
45,宮崎県,45206,日向市,,海の駅ほそしま,,,883-0001,日向市細島769-4,32.427767835412375,131.6627416656879,http://www.jf-hyugashi.jp/index.html,yes,,レストランと物産館とを結ぶ通路沿い（室内1階）,,,,,,,,,,,,,,,,,,,,,,,,,,multipurpose_toilet,みやざきアクセシビリティ情報マップ,https://m-bfree.pref.miyazaki.lg.jp/a_map/public/facilityAround/eyJpdiI6InlyWkhoNGdwQWF4ekxCZCtGb2Qyd3c9PSIsInZhbHVlIjoiNnVsNWlkdStqR2xiWG9uMUYrQk5EQT09IiwibWFjIjoiNTQzYTRjOTE5NTBiODU3ODRiN2ZmNzA1ZGZlZmNjMmU5YmVlZmQyODMwYmU5ZmQ3MDNiMGMwNWFkODI3ZTVmNyJ9,,F002618,男女共用トイレあり | 緊急通報装置あり | 調査日=2022-10-28,
45,宮崎県,45203,延岡市,,浦城浜公園,,,,延岡市,32.64412495340877,131.75031719128538,,yes,,,,,,,,,,,,,,,,,,,,,,,,,,,,multipurpose_toilet,みやざきアクセシビリティ情報マップ,https://m-bfree.pref.miyazaki.lg.jp/a_map/public/facilityAround/eyJpdiI6IkhJbHM3VStpTjhSN1ZVNXNPOEVpckE9PSIsInZhbHVlIjoiMDBxaWhCSjNIQ0FxYkk0T1BMazFCdz09IiwibWFjIjoiNGM4OWM5MTdjOTk2ODVkMDgxMGFmZmI0ZjlhOTVjNjkxNTAyNDM2Njc4YmIzYmI0ZWJkYzhlMzRmZDliYzZlZiJ9,,F001937,男女別トイレあり,
45,宮崎県,45201,宮崎市,,運動公園駅,,,889-2151,宮崎市大字熊野,31.819777,131.442446,,yes,,駅施設の左側,,,,,,,,,,,,,,,,,,,,,,,,,,multipurpose_toilet,みやざきアクセシビリティ情報マップ,https://m-bfree.pref.miyazaki.lg.jp/a_map/public/facilityAround/eyJpdiI6IjBmRVdJMVJGWkU1Nno2N0hWYWVYZHc9PSIsInZhbHVlIjoidlVkdFwva2VrZkN6TjZYN2pubXNwUkE9PSIsIm1hYyI6Ijk1YmJiMjJiMWIwNDk4MTc3OWJkNTFlN2VhMTY1ODFlYjM4NmRiOGZjYTY2N2ExYTE5YWFjYjhlNWUyZTRhNmMifQ==,,F002363,男女共用トイレあり | 緊急通報装置あり | 調査日=2019-11-05,・警報ボタンは県総合運動公園の管理事務所につながる / ・多目的トイレのカギが壊れている / ・扉はさびていて、少し重い
45,宮崎県,45209,えびの市,,Ａコープ飯野店,,,889-4301,えびの市大字原田3316番地9,32.047536,130.8651054,https://www.acoopmz.com/,yes,,１階,,,,,,,,,,,,,,,,,,,,,,,,,,multipurpose_toilet,みやざきアクセシビリティ情報マップ,https://m-bfree.pref.miyazaki.lg.jp/a_map/public/facilityAround/eyJpdiI6ImNzNHVLXC9VNFpIN2J4Qk53Ynl5eGxBPT0iLCJ2YWx1ZSI6Im0rSUxObUtPbVVONFBqbnpaVVFiOWc9PSIsIm1hYyI6Ijk3MDlmNDA2YjIzZmI4ODBiMDdmYWMyMzg3NDIzYTYyMzBlMTc4MDVjODNiN2E2ZGYzZjFlNzQ5NzNhMzJhOGYifQ==,,F000759,男女共用トイレあり | 緊急通報装置あり | 調査日=2019-11-09,
45,宮崎県,45208,西都市,,Aコープ西都店,,,881-0003,西都市大字右松2111,32.1017652,131.4042183,,yes,,１階,,,,yes,,,,,,,,,,,,,,,,,,,,,,multipurpose_toilet,みやざきアクセシビリティ情報マップ,https://m-bfree.pref.miyazaki.lg.jp/a_map/public/facilityAround/eyJpdiI6Indvcmtiem9zZ0p5ZGxMQWhadEM0Y0E9PSIsInZhbHVlIjoiSjhYM28wWjlPXC9hbjlybVRURmpKU3c9PSIsIm1hYyI6ImRmZGVmZTljZWJmMDhmNmRkMDhjZjljZWE2ZGJkODg3YmQyYjBkNWVmMzJmMzI4NzhlMWY4NTBmNTk2NzU0NDkifQ==,,F000095,男女共用トイレあり | 緊急通報装置あり | 調査日=2019-11-08,
45,宮崎県,45406,都農町,,Ａコープ都農店,,,889-1201,都農町大字川北5210-1,32.2594365,131.5560918,https://www.acoopmz.com/shop/tsuno/,yes,,１階,,,,,,,,,,,,,,,,,,,,,,,,,,multipurpose_toilet,みやざきアクセシビリティ情報マップ,https://m-bfree.pref.miyazaki.lg.jp/a_map/public/facilityAround/eyJpdiI6IkFFUzlvcVdPQ1pIcDRzbGpMb203Mmc9PSIsInZhbHVlIjoiSFJaODBTRXBmemtqenNUOUtNdDJvQT09IiwibWFjIjoiNmIyYzQxY2ZkNmQ5ODFkNmFhYjg5YjQ0NjlkY2VkMTMzNzM4MGZmNjU2NTk2MTIyOWU2OTBhYWI3OTcwMTYyOSJ9,,F001296,男女共用トイレあり | 緊急通報装置あり | 調査日=2002-09-16,
45,宮崎県,45203,延岡市,,エーコープみやざき 一ヶ岡店,,,889-0505,延岡市北一ヶ岡4丁目4-8,32.5240375,131.67887,https://www.acoopmz.com/shop/hitotsugaoka/,yes,,１階,,,,,,,,,,,,,,,,,,,,,,,,,,multipurpose_toilet,みやざきアクセシビリティ情報マップ,https://m-bfree.pref.miyazaki.lg.jp/a_map/public/facilityAround/eyJpdiI6IlVjOTZiZTUzUjF2eVFic1V3TTFXYkE9PSIsInZhbHVlIjoiSUxoajJRWHExaCs0N0J5aWNqdFdPQT09IiwibWFjIjoiMjY5NjY1ODY4NmUwNzExMTM5MTE3OWRhYTJjZTI0OWZjMDJhZjNmNDczZTIyMGQ0YWI3MTViNmQyM2Y0ZmE5OSJ9,,F001355,男女共用トイレあり | 緊急通報装置あり | 調査日=2009-11-24,
45,宮崎県,45201,宮崎市,,エースランド,,,880-0812,宮崎市高千穂通1丁目3番22号,31.9194619,131.4262989,http://www.aceland.jp/,yes,,,,,,,,yes,,,,,,,,,,,,,,,,,,,,multipurpose_toilet,みやざきアクセシビリティ情報マップ,https://m-bfree.pref.miyazaki.lg.jp/a_map/public/facilityAround/eyJpdiI6InFibFdGajhBMGRMSFI1YzFnWEVuNnc9PSIsInZhbHVlIjoiZlMyMUI0SHdoN1NrMThxV0xCUmhiZz09IiwibWFjIjoiZjZkZGE5OTYyY2Y5NTY0MGQxNGE4YzlmYzI4NGFlNDY3YTg5ZDJjM2RjODYzZDY0ZWY3MzExMjZhOTZlOGRkNiJ9,,F000093,男女共用トイレあり | 調査日=2019-11-25,
45,宮崎県,45201,宮崎市,,auショップ宮崎大塚,,,880-0951,宮崎市大塚町宮田2935,31.91439,131.39676,,yes,,,,,,,,,,yes,,,,,,,,,,,,,,,,,,multipurpose_toilet,みやざきアクセシビリティ情報マップ,https://m-bfree.pref.miyazaki.lg.jp/a_map/public/facilityAround/eyJpdiI6InhSeXBhemZWdVVlWWttU3IyVmFIXC9nPT0iLCJ2YWx1ZSI6Iktma2FQalNmQitZeTVEUlFhMnZGekE9PSIsIm1hYyI6ImZhYmRhZWJjNGZhZGMyMmYzMmQ2MGQyNDQ4ZTllMzZhZTU0YzdhYTE0MGVlMGUxYjBlNTc2MjljMzc3NmZhNDUifQ==,,F002560,調査日=2022-01-06,
45,宮崎県,45201,宮崎市,,えあろ薬局,,,880-0905,宮崎市中村西3丁目52番地,31.8954966,131.416533,,yes,,,,,,,,,,,,,,,,,,,,,,,,,,,,multipurpose_toilet,みやざきアクセシビリティ情報マップ,https://m-bfree.pref.miyazaki.lg.jp/a_map/public/facilityAround/eyJpdiI6IkdxdFwveVNxXC9RR0ZoRlZoTXpmZ1dqUT09IiwidmFsdWUiOiJFZ3gwS252SFh5YVJxSkxQa0ZhWjhRPT0iLCJtYWMiOiIwMWVjZTg5OTNjOTE4MTNjNzZmN2IxYWNmNzIwODAwZDFmN2RkYjQxZDJiMGIwMGE2MjA3OTk3MGUyZTk0YzA1In0=,,F000097,男女共用トイレあり,
45,宮崎県,45201,宮崎市,,ANA ホリデイ・イン リゾート宮崎,,,889-2162,宮崎市青島1丁目16-1,31.806119,131.461576,https://www.anahirmiyazaki.com/,yes,,1階ロビー奥,,,,,,,,,,,,,,,,,,,,,,,,,,multipurpose_toilet,みやざきアクセシビリティ情報マップ,https://m-bfree.pref.miyazaki.lg.jp/a_map/public/facilityAround/eyJpdiI6IldcL1RpeDNEbEM3UEpnQmlrRlJDYTFnPT0iLCJ2YWx1ZSI6IlF6QUdwNkpFeDdiUlc2c0YzNHo4WUE9PSIsIm1hYyI6ImJkMTFmNTBkYWM4YzNiZjFkN2FjMGIyZGJmMGNmMTdiOTk5MDI5M2Y4ZTFjM2NkZDg2NzI5MjljYzdkZWFkNGUifQ==,,F002360,男女共用トイレあり | 緊急通報装置あり | 調査日=2019-11-05,・トイレに至る通路幅は105cm
45,宮崎県,45203,延岡市,,HIヒロセ スーパーコンボ 南延岡店,,,882-0862,延岡市浜町4792,32.5617013,131.67887,http://www.hihirose.com/shop?id=43,yes,,１階,,,,yes,,,,,,,,,,,,,,,,,,,,,,multipurpose_toilet,みやざきアクセシビリティ情報マップ,https://m-bfree.pref.miyazaki.lg.jp/a_map/public/facilityAround/eyJpdiI6IkREa2pTQU5KWVwva3BkY0NYT0o3eW1nPT0iLCJ2YWx1ZSI6InhUVVwvcmZrakJzanluY3dmcndvRE5nPT0iLCJtYWMiOiI0ODNjODk3YzcxMzZkNTYyOWNhNDgwM2E4OGYyYTEzOTc4Yjc2ZmMxYjQ5MDM1ODZhMmU4NjRhNmUxNzY1MjVkIn0=,,F001528,男女共用トイレあり | 緊急通報装置あり | 調査日=2002-09-07,
45,宮崎県,45201,宮崎市,,一般社団法人えがおの杜 就労移行支援事業所 奏音,,,880-0916,宮崎市大字恒久字野中6063番1の3,31.8912351,131.4087086,http://egaonomori.com/kanon/,yes,,,,,,,,,,,,,,,,,,,,,,,,,,,,multipurpose_toilet,みやざきアクセシビリティ情報マップ,https://m-bfree.pref.miyazaki.lg.jp/a_map/public/facilityAround/eyJpdiI6IllBaDliS0lRbVIxU3Y3amhHck1YR3c9PSIsInZhbHVlIjoiakJURktNUWdwazY4Rm1vMGNVYmw3QT09IiwibWFjIjoiNWFmODE0NzM1ZTUwMmM1OWQ2NTE5YmJjNWQ5ZDY4MjliZmJhZTc2OWRhM2U0OGQ2OWRjNTU2NmQxZDYzZTNhNCJ9,,F001836,男女共用トイレあり,
45,宮崎県,45201,宮崎市,,エコクリーンほがらか湯,,,880-0045,宮崎市大瀬町字倉谷6176番8,32.003102,131.382457,https://www.ecomiyazaki.jp/hogaraka,yes,,,,,,,,yes,,,,,,,,,,,,,,,,,,,,multipurpose_toilet,みやざきアクセシビリティ情報マップ,https://m-bfree.pref.miyazaki.lg.jp/a_map/public/facilityAround/eyJpdiI6IjZuQVVmR1wvNkFiTnJVWVo1MGNsZUpRPT0iLCJ2YWx1ZSI6IlwvVXRFNkxcL3NTUTlLQ1FLNGhaU2xaZz09IiwibWFjIjoiZDc5YWI5MGM2ZjM0ZDg0Y2U2YWQyN2RmZmUyMDFkMGMzY2I0MzM2NDc4YWI0MWI5NDdiNTFkNzk3MmNjNWE1NyJ9,,F000189,男女共用トイレあり,
45,宮崎県,45201,宮崎市,,江田神社,,,880-0835,宮崎市阿波岐原町産母１２７,31.960635,131.465189,https://www.miyazaki-city.tourism.or.jp/spot/10014,yes,,鳥居からみて南側駐車場内,,,,,,,,,yes,,,,,,,,,,,,,,,,,multipurpose_toilet,みやざきアクセシビリティ情報マップ,https://m-bfree.pref.miyazaki.lg.jp/a_map/public/facilityAround/eyJpdiI6Ik1MT0pjbktFYUozRHplck5pNVVxZGc9PSIsInZhbHVlIjoiN241XC9oU1ZrdlVDbm9CNkd0N0hMaWc9PSIsIm1hYyI6IjYzOWE5OTJmNGNiYzYwMWEwYWVjYTU1NzU0ZDA3NTJjNWU0NWE4M2EzMjcwYWJiMGEzYmMyNTQwOGM5YWM0MTMifQ==,,F002500,男女共用トイレあり | 調査日=2020-10-13,
45,宮崎県,45203,延岡市,,ETOランド速日の峰,,,882-0244,延岡市北方町早中巳1183番地,32.5683904,131.4696373,https://etoland6.com/,yes,,1階、屋内,,,,,,,,,,,,,,,,,,,,,,,,,,multipurpose_toilet,みやざきアクセシビリティ情報マップ,https://m-bfree.pref.miyazaki.lg.jp/a_map/public/facilityAround/eyJpdiI6Imx1aHZ0aGJHTXVkckpSRkZaTDh6dWc9PSIsInZhbHVlIjoibHBSVUExUnFcL2FYY3d4ZCtTWnFISEE9PSIsIm1hYyI6Ijk1NjU0ZWE1NTQ5YzM3NDkyMDJhY2RkZjExZTJkOGM0ZDJlZmVmODlmNjE0NTc3YTFkNzI3ZGNmNzI3OWQ2ZGEifQ==,,F000156,男女共用トイレあり | 緊急通報装置あり | 調査日=2019-11-29,
45,宮崎県,45203,延岡市,,ETOランド速日の峰宿泊・研修施設,,,882-0244,延岡市北方町早中巳1183番地,32.5683904,131.4696373,https://etoland6.com/,yes,,1階、屋内,,,,yes,,yes,,,,,,,,,,,,,,,,,,,,multipurpose_toilet,みやざきアクセシビリティ情報マップ,https://m-bfree.pref.miyazaki.lg.jp/a_map/public/facilityAround/eyJpdiI6ImUxZ3E0dE5pKytubXJINzI4V2M5dmc9PSIsInZhbHVlIjoidTV2TERpSEdyZW52UGhcL0Zacnpwd3c9PSIsIm1hYyI6ImFmMGI0ZDQ4Y2RiYzE1YjEwMjFmZGM0ZDIwZTQ3YjExODI1OGEzMmUzOTEwOGM3MWZiNzU2ZDcyMWU5ZTA0N2YifQ==,,F000882,男女共用トイレあり | 緊急通報装置あり | 調査日=2007-11-28,
45,宮崎県,45202,都城市,,NPO法人 山田りんどう福祉会,,,889-4601,都城市山田町山田3036の4,31.8483679,131.0192349,,yes,,,,,,yes,,,,,,,,,,,,,,,,,,,,,,multipurpose_toilet,みやざきアクセシビリティ情報マップ,https://m-bfree.pref.miyazaki.lg.jp/a_map/public/facilityAround/eyJpdiI6InNZdkJwNVZZMkxuT0hyQVVNaUxTaHc9PSIsInZhbHVlIjoiSmo0Y3d1dEZObTNtdzVMa1wvSEZ3a2c9PSIsIm1hYyI6ImZiNDAzMWVjYWEyYjQ1NjRlNDNmMzZlODJmZjNmYjhhZjcxZGU3MDEyOTU3ZmNiNDUxNTUwMzdlNmVjNWI1YWEifQ==,,F000032,男女共用トイレあり | 調査日=2013-09-12,
45,宮崎県,45209,えびの市,,えびのエコミュージアムセンター,,,889-4302,えびの市末永1495-5,31.9458505,130.8434001,http://www.ebino-ecomuseum.go.jp/,yes,,管理室横,,,,yes,,,,,,,,,,,,,,,,,,,,,,multipurpose_toilet,みやざきアクセシビリティ情報マップ,https://m-bfree.pref.miyazaki.lg.jp/a_map/public/facilityAround/eyJpdiI6IkVVYjdqNTZvWWRhWTlmOEM5VVpONUE9PSIsInZhbHVlIjoiMnVteENTdkJ0dURNdjlwYStpdFwvaGc9PSIsIm1hYyI6IjE5OTU0YmZlYjg3Y2ZhZmI1YzU4YmI3NDA1YzUxZjk0YWZlYWE1YzQzNGQ3ZDYyYmE1MmJiNWYzYjE4YzM4NDAifQ==,,F000496,男女共用トイレあり | 緊急通報装置あり | 調査日=2019-11-24,
45,宮崎県,45209,えびの市,,えびの眼科こだま小児科医院,,,889-4311,えびの市大字大明司1023,32.0502164,130.8279271,,yes,,１階,,,,yes,,,,,,,,,,,,,,,,,,,,,,multipurpose_toilet,みやざきアクセシビリティ情報マップ,https://m-bfree.pref.miyazaki.lg.jp/a_map/public/facilityAround/eyJpdiI6Ikt2WHZCYjBUMUg5anBZakxWbmkwUVE9PSIsInZhbHVlIjoibXI3TFo3TkZmOXBMb3d1UThpQ01kQT09IiwibWFjIjoiNWU4MmU4NTg0ZGU2YTkyMGQxOWQzMjkxN2EzYTNhOTVmZTM2NzIwNGZjOWI3N2JhZDlmMTBjZGI0MWUwNzgzYyJ9,,F000770,男女共用トイレあり | 緊急通報装置あり | 調査日=2013-09-19,
45,宮崎県,45209,えびの市,,えびの高原,,,889-4302,えびの市末永,31.946200858100227,130.8454639483398,http://www.bes.or.jp/ebino/,yes,,駐車場北側 （足湯の駅やエコミュージアムセンター内にも多目的トイレがあります。） / 足湯の駅えびの高原とえびのエコミュージアムセンターの間,,,,yes,,yes,,yes,yes,,,,,,,,,,,,,,,,,multipurpose_toilet,みやざきアクセシビリティ情報マップ,https://m-bfree.pref.miyazaki.lg.jp/a_map/public/facilityAround/eyJpdiI6IjNtdlwvZmx5SWV5a1wvUWFKcWlvMGZTdz09IiwidmFsdWUiOiJxQStDUjlQYWt3RlJyN0NXd0wrbGNBPT0iLCJtYWMiOiI2ZjRhMzk3NGIxMGNkMTBlODM3ODg0MTc4NTA3YWMzYWRhNDlmNWM4YjZkODZiYzVhZWQ4ZDY0YTMzNGFiNDQ4In0=,,F001979,男女共用トイレあり | 緊急通報装置あり | 調査日=2024-07-29,
45,宮崎県,45209,えびの市,,えびの高原ホテル（県営国民宿舎えびの高原荘）,,,889-4302,えびの市大字末永1489,31.94588,130.84095,https://ebinokogen-hotel.com/,yes,,階段裏,,,,yes,,,,,,,,,,,,,,,,,,,,,,multipurpose_toilet,みやざきアクセシビリティ情報マップ,https://m-bfree.pref.miyazaki.lg.jp/a_map/public/facilityAround/eyJpdiI6IkJaaVJFaVR4bnd4YmNcL0JoXC9ocTdnZz09IiwidmFsdWUiOiI2WUJpcU9UQzdmOExGNHhyWFdaME9BPT0iLCJtYWMiOiIxOTk0NGQzODhmMDUxNDRmZjVkNjAwOTJjMTQ1NDRjYzhhNTZlNjlhYTZlZjVhMzk3NmMzNjllYzdjNmQ2M2FlIn0=,,F000522,男女共用トイレあり | 緊急通報装置あり | 調査日=2021-07-07,
45,宮崎県,45209,えびの市,,えびの市歴史民俗資料館,,,889-4311,えびの市大字大明司2146-2,32.0521877,130.8268869,https://ebino-shiryoukan.com/,yes,,入口横 / 裏駐車場,,,,,,,,,,,,,,,,,,,,,,,,,,multipurpose_toilet,みやざきアクセシビリティ情報マップ,https://m-bfree.pref.miyazaki.lg.jp/a_map/public/facilityAround/eyJpdiI6IlwvcGRPWjlncTRnWFM5ZmtOclNkVXFRPT0iLCJ2YWx1ZSI6IlBEWWtQSnRkajE0b1ZvRVhyV2MzZHc9PSIsIm1hYyI6IjdiOGI1ZTVmYTk3NTU3OGIzZjUzMWVhOWFhMjVhNjcxYzQ4OWU0NGE1MmM4MGFiMDc3NTY3Y2Q2YmJiNWFhNTUifQ==,,F000271,男女共用トイレあり | 緊急通報装置あり | 調査日=2024-11-06,
45,宮崎県,45209,えびの市,,えびの整形外科医院,,,889-4222,えびの市大字小田1169-1,32.0526442,130.8191977,,yes,,１階,,,,yes,,,,,,,,,,,,,,,,,,,,,,multipurpose_toilet,みやざきアクセシビリティ情報マップ,https://m-bfree.pref.miyazaki.lg.jp/a_map/public/facilityAround/eyJpdiI6ImJqd1FnS0hiblQ4RDJHb2JPSGtsd2c9PSIsInZhbHVlIjoiTmNBa3Q2T0k5NlZ5aEtsd2lCVUQzQT09IiwibWFjIjoiMDFlZmI5YTg4MzM2MmQ4YjAzMWE3ODk5MjVmM2U3ZjdjNjM5NDkzMjIyZDU3ODdjNjE2Mzk2M2FhMWNmY2Y0YiJ9,,F000765,男女共用トイレあり | 緊急通報装置あり | 調査日=2019-11-12,
45,宮崎県,45209,えびの市,,えびのセントロクリニック,,,889-4304,えびの市大字上江1007番地4,32.0307707,130.8556253,http://cen10ro.byoinnavi.jp/pc/,yes,,,,,,,,,,,,,,,,,,,,,,,,,,,,multipurpose_toilet,みやざきアクセシビリティ情報マップ,https://m-bfree.pref.miyazaki.lg.jp/a_map/public/facilityAround/eyJpdiI6IkFUOXBqdFB2UnpDQmFwM2hNekdJcEE9PSIsInZhbHVlIjoic3A1dmNtb1VUc3R4OW1xejRQMWV1Zz09IiwibWFjIjoiMDQwYjJhYzc5MTI3MTYxMzI2Y2MwZTVjYTY5MmI3YzllMjU2Y2Q1NmU0MzcwM2FhZmQ0ODRjZDQ1NjRhNjA2YSJ9,,F000762,調査日=2002-09-24,
45,宮崎県,45209,えびの市,,えびの第一クリニック,,,889-4301,えびの市大字原田2236番地,32.0335617,130.8701965,,yes,,１階,,,,,,,,,,,,,,,,,,,,,,,,,,multipurpose_toilet,みやざきアクセシビリティ情報マップ,https://m-bfree.pref.miyazaki.lg.jp/a_map/public/facilityAround/eyJpdiI6ImRCVElGNm8yeTl1QlA0STJhYkRxS2c9PSIsInZhbHVlIjoibkZuNlZ5SVNnXC81ck04Z0FGQnpKOXc9PSIsIm1hYyI6Ijc3MWFiZjRmYzAxMDJiZDlhOTRkOWY2ZmMwMzc3MmUxYmM5YzZmNmY1NGFkNDczZDFhMDIzMjIwMTE4MWFkZjMifQ==,,F000768,男女共用トイレあり | 緊急通報装置あり | 調査日=2019-11-09,
45,宮崎県,45401,高鍋町,,海老原総合病院,,,884-0006,高鍋町大字上江207,32.1473948,131.5038571,,yes,,１階,,,,yes,,,,,,,,,,,,,,,,,,,,,,multipurpose_toilet,みやざきアクセシビリティ情報マップ,https://m-bfree.pref.miyazaki.lg.jp/a_map/public/facilityAround/eyJpdiI6IkpMdWoraGV6Z2N0OFNcL1RRU1JRbHBBPT0iLCJ2YWx1ZSI6IlhqM2h3azFVOVZEVm9sK21ReXFPVGc9PSIsIm1hYyI6ImVmYjc4NDkyMTgxMDRlNWNiYzA0MWFlOGYxNTE2MzZjZTUzOTE1ODhlN2Y2NzNlOTkxMTdiMzBmZWExZTZmMzUifQ==,,F000544,男女共用トイレあり | 緊急通報装置あり | 調査日=2002-09-11,
45,宮崎県,45382,国富町,,海老原病院,,,880-1101,国富町大字本庄4365番地,31.9871381,131.3313045,http://www.junyoukai.or.jp/index.html,yes,,１階,,,,yes,,,,,,,,,,,,,,,,,,,,,,multipurpose_toilet,みやざきアクセシビリティ情報マップ,https://m-bfree.pref.miyazaki.lg.jp/a_map/public/facilityAround/eyJpdiI6ImtvejBMK2UwNFNqcWk1azNWU0Joanc9PSIsInZhbHVlIjoiVFRLSkhRa3BTYkNTQnF0OHRkZDNQUT09IiwibWFjIjoiYThiYzMwNmFlMDZiNGNmMmUwODM4ZTBiNDNlZGZlMzYwMDgyN2FiNmQxYjhmZDBkYjU3NmRhZGU1N2MzNGJkYiJ9,,F000207,男女共用トイレあり | 緊急通報装置あり | 調査日=2006-02-13,
45,宮崎県,45201,宮崎市,,ＭＣＮ宮崎ケーブルテレビ,,,880-0024,宮崎市祇園2丁目119番地,31.9317427,131.4117213,https://miyazaki-catv.ne.jp/,yes,,,,,,,,yes,,,,,,,,,,,,,,,,,,,,multipurpose_toilet,みやざきアクセシビリティ情報マップ,https://m-bfree.pref.miyazaki.lg.jp/a_map/public/facilityAround/eyJpdiI6IkQxbTFTTmY3SlpXZzkyNG83ZnQxY1E9PSIsInZhbHVlIjoiZVdLYzgycGdIVm1keVhwQXNCTVFnZz09IiwibWFjIjoiZTQzYTI2YzdlNzhlMTM3Nzk2YTVjOTI1YWVkN2YyZGE2ZjI3ZGQ4NTJlZjJhMWEyNWM0N2YxMTIxZWM2NmFjYSJ9,,F001833,男女共用トイレあり | 調査日=2019-11-18,
45,宮崎県,45203,延岡市,,エンシティホテル延岡,,,882-0047,延岡市紺屋町1丁目4-28,32.584143,131.670953,https://www.encity-h.com/,yes,,ロビー奥（エスカレーター横） / 3階 エレベーターから降りて右手,,,,yes,,,,yes,,,,,,,,,,,,,,,,,,multipurpose_toilet,みやざきアクセシビリティ情報マップ,https://m-bfree.pref.miyazaki.lg.jp/a_map/public/facilityAround/eyJpdiI6IlNud0NCdHdqVk8zRVhMMnMrd2hhNWc9PSIsInZhbHVlIjoiZEhjYk9uVURQS1l1NzZWVDR4cmJKQT09IiwibWFjIjoiY2UwZWMxNDYxOTQyN2IzYjJkMDVkN2U5MTA4ZTQzN2E3ZmVlYzRjY2VhMzA2Y2JiOGU1MDE3N2RiNTM0YTdjNCJ9,,F002443,男女共用トイレあり | 緊急通報装置あり | 調査日=2020-02-13,・2階に一般トイレがある
45,宮崎県,45201,宮崎市,,オーシャンクリニック,,,880-0824,宮崎市大島町前田310-1,31.9426844,131.4415925,http://ocean-clinic.com/,yes,,１階,,,,,,,,,,,,,,,,,,,,,,,,,,multipurpose_toilet,みやざきアクセシビリティ情報マップ,https://m-bfree.pref.miyazaki.lg.jp/a_map/public/facilityAround/eyJpdiI6Ikwrb0ZqT3hQd05hdElYWlRFTlRZTmc9PSIsInZhbHVlIjoicEU2R1c1WnZFZEdNNnd0Ym4wb0lnQT09IiwibWFjIjoiNzU4YjU2MGYxY2YxOTc1OGUyNjQxZWE3NWU0OWYwMTRkODEyZWM0ZmFhYWM4YjdkOGUyZGUwNmU4YWYyNDhhYSJ9,,F000146,男女共用トイレあり | 緊急通報装置あり | 調査日=2019-11-25,
45,宮崎県,45201,宮崎市,,オーパス宮崎本店,,,880-0879,宮崎市宮崎駅東3丁目9番地11,31.9194563,131.4317891,https://p-town.dmm.com/shops/miyazaki/10793,yes,,,,,,,,,,,,,,,,,,,,,,,,,,,,multipurpose_toilet,みやざきアクセシビリティ情報マップ,https://m-bfree.pref.miyazaki.lg.jp/a_map/public/facilityAround/eyJpdiI6ImtVWkl2YWk4cWw3alBUWWUzR2FseXc9PSIsInZhbHVlIjoianFTY2FFR2I4VUk1K05jb09iZ2hGUT09IiwibWFjIjoiNTdiZTdhZDFhN2NiODY0YmZiNTM2Y2UxNGFhYjk3YjY1ZGVmOGI2MTBiMzBkODIzZDU3OTMwZGNiOGJmNDAwZSJ9,,F000259,男女共用トイレあり | 調査日=2019-11-13,
45,宮崎県,45206,日向市,,尾池歯科医院,,,883-0011,日向市曽根町2丁目96番,32.4217875,131.6467988,http://www.oike-dental.jp/,yes,,,,,,,,,,,,,,,,,,,,,,,,,,,,multipurpose_toilet,みやざきアクセシビリティ情報マップ,https://m-bfree.pref.miyazaki.lg.jp/a_map/public/facilityAround/eyJpdiI6IjRXQjJrcW9mcDBmNGJ1a00yc09kRFE9PSIsInZhbHVlIjoiSGtcL3lXSVZTSnd1N1FcLzIzOER6Rk1RPT0iLCJtYWMiOiI0OGZkNzQ2MjY4N2NkNWIxNzk1ODk0ZGQ5YjY2YWFiNzc1MWNlNDlhMTkzY2Y5MjFlYWU0ZDY3Y2NiNmE0YzNiIn0=,,F000087,男女共用トイレあり | 調査日=2013-09-12,
45,宮崎県,45201,宮崎市,,大分から揚げ たけや,,,880-0841,宮崎市吉村町西田甲649-5,31.9206119,131.4431475,,yes,,,,,,,,,,,,,,,,,,,,,,,,,,,,multipurpose_toilet,みやざきアクセシビリティ情報マップ,https://m-bfree.pref.miyazaki.lg.jp/a_map/public/facilityAround/eyJpdiI6IldtQjN0Q0RvdWJQa2d0dU9RbElUN2c9PSIsInZhbHVlIjoiYlBwa3ptVWNQZWpLbEw4Z0FxTmZBZz09IiwibWFjIjoiZWE5YmMyNjA2NmE2ZGFlOTM2YmY0MDgwOTQxOTlhNWQ4NTI1ZTgyMjJkODhmMmI4MGNkYjc1N2UzMjZkMTczMyJ9,,F001138,男女共用トイレあり,
45,宮崎県,45201,宮崎市,,大江歯科医院,,,880-0913,宮崎市恒久5丁目10-1,31.8913158,131.434411,http://www.oe-dental.com,yes,,,,,,,,,,,,,,,,,,,,,,,,,,,,multipurpose_toilet,みやざきアクセシビリティ情報マップ,https://m-bfree.pref.miyazaki.lg.jp/a_map/public/facilityAround/eyJpdiI6IlFnYjRJd0FWS0VrT2Jobm4yR3I5cnc9PSIsInZhbHVlIjoiWVZYWTgrRkl0d0VEalJQbTBUVjVBZz09IiwibWFjIjoiZjg5OTUxODYxNWY2NDk3ZDczNGY0NzhmYTY0YzAyNDkxZGMyYzNiY2JhZWFkY2ZiNmM1ZDJjZjBjMjY2OWE1NiJ9,,F001726,男女共用トイレあり | 調査日=2019-11-12,
45,宮崎県,45201,宮崎市,,大江整形外科病院,,,880-0022,宮崎市大橋1丁目94番地1,31.9203049,131.4156135,https://oeseikei-hp.com/,yes,,１階,,,,,,,,,,,,,,,,,,,,,,,,,,multipurpose_toilet,みやざきアクセシビリティ情報マップ,https://m-bfree.pref.miyazaki.lg.jp/a_map/public/facilityAround/eyJpdiI6IktoaXRhaENWODZ5b2RzWkRcL0VBS1V3PT0iLCJ2YWx1ZSI6IlNuZ3R0WU04NEtcL3EyejlJdnErNEl3PT0iLCJtYWMiOiJiYTdkMzVhZWRlNmYwYzU3N2Y2ZTk4MTI4YzA0MzM4M2M2MmM3MTc5N2Y5Mzc5Yjk3YWE4ZTE1MTAzN2M0YTVmIn0=,,F000065,男女共用トイレあり | 緊急通報装置あり | 調査日=2013-09-17,
45,宮崎県,45202,都城市,,大岐医院,,,889-1802,都城市山之口町花木2567番3,31.7829706,131.1566834,,yes,,１階,,,,yes,,,,,,,,,,,,,,,,,,,,,,multipurpose_toilet,みやざきアクセシビリティ情報マップ,https://m-bfree.pref.miyazaki.lg.jp/a_map/public/facilityAround/eyJpdiI6ImhBS1Y0N1A2Y0RvcjRHNG0ybUh3TWc9PSIsInZhbHVlIjoiWVZHNFQwM1A1c1wvRDgwNXY0QkVIdUE9PSIsIm1hYyI6ImE3MjU2YjYwYjI0NDI2NTVmOWQ3ODFhNTNlYTg4ZDAxMjAyYzQyMzE3NjM4YjBjOWRjOGIzOWI4MTE4MTA3YjUifQ==,,F000656,男女共用トイレあり | 緊急通報装置あり | 調査日=2019-11-15,
45,宮崎県,45430,椎葉村,,大久保のヒノキ,,,883-1600,椎葉村大久保,32.508658,131.204784,https://www.shiibakanko.jp/tourism/spot/spot5,yes,,駐車場内,,,,,,,,,,,,,,,,,,,,,,,,,,multipurpose_toilet,みやざきアクセシビリティ情報マップ,https://m-bfree.pref.miyazaki.lg.jp/a_map/public/facilityAround/eyJpdiI6Ikk5QjBwZ05RVXFsemNVWVwveGt5eGJ3PT0iLCJ2YWx1ZSI6IlJYVE5KVkJvaE1vQktcLzBOa0dFZER3PT0iLCJtYWMiOiI3ZWYzYTQ2MmM5MzZkZTNlMTk5M2IzMGRhNWFlNjBlOTgwMmE0NWEyZmI1NzcyZDY3ODEyNTBhNmQyNzkzMzZmIn0=,,F002485,男女別トイレあり | 調査日=2020-08-20,
45,宮崎県,45204,日南市,,大島行きフェリー乗り場（目井津港）,,,889-3204,日南市南郷町中村4862,31.543571105485917,131.38322551527457,https://www.city.nichinan.lg.jp/main/tourism/location-list/nango/page000466.html,yes,,,,,,,,,,,,,,,,,,,,,,,,,,,,multipurpose_toilet,みやざきアクセシビリティ情報マップ,https://m-bfree.pref.miyazaki.lg.jp/a_map/public/facilityAround/eyJpdiI6IkFHZ0hPdkhlZlVpbmxYT0NyelBYNlE9PSIsInZhbHVlIjoiWW1jdDVHSjBQdDBKOWxLM0dMS05KUT09IiwibWFjIjoiYTMwOTQxYWI4MTU4MzlkMjE2NGEzNzcwN2VlMTUzZGZjNWU4ZTVjNzA0M2I5MDY5YzVjMDFiYWM0NzIyN2M5MyJ9,,F002610,男女共用トイレあり | 調査日=2022-10-11,
45,宮崎県,45201,宮崎市,,大島児童館 子育て交流ひろば,,,880-0824,宮崎市大島町四反田668-2,31.9376377,131.4432444,https://www.city.miyazaki.miyazaki.jp/institution/list/item530/,yes,,,,,,yes,,,,,,,,,,,,,,,,,,,,,,multipurpose_toilet,みやざきアクセシビリティ情報マップ,https://m-bfree.pref.miyazaki.lg.jp/a_map/public/facilityAround/eyJpdiI6ImZXWTlkNnZibjI4c1UrNUp1THVkVnc9PSIsInZhbHVlIjoiYWNYTlVhYldZV3pKWWp0M25mWlROUT09IiwibWFjIjoiOGJjMGQzMWE0M2I3YzUzZDY4MjM1NGY2Yjg5OTM1MjA2NzJlMjg3ZmRkY2RkNTA3OWI4MzAxNDEyYjFhNzcwOCJ9,,F001418,男女共用トイレあり | 緊急通報装置あり | 調査日=2019-11-20,
45,宮崎県,45201,宮崎市,,生活保護施設 大島授産場,,,880-0824,宮崎市大島町北の原1029番地,31.9360151,131.4445187,http://www.miyazaki-catv.ne.jp/~urushimi/index.html,yes,,,,,,,,,,,,,,,,,,,,,,,,,,,,multipurpose_toilet,みやざきアクセシビリティ情報マップ,https://m-bfree.pref.miyazaki.lg.jp/a_map/public/facilityAround/eyJpdiI6Ik5TakZEdUUycG9RTk9FalRrU0V5MUE9PSIsInZhbHVlIjoiM1d2cWZkOWtiMGIzTlI3enRjZTFadz09IiwibWFjIjoiMjM0ODc4MDdkMGUzYmQ4NjdlYTYxN2U5OWQ2ODI3MWVkYWFjNGMwNzk1MTdlNjBiYmI4M2QzZjNjYmQ4MWMyYyJ9,,F000959,男女共用トイレあり | 調査日=2013-09-03,
45,宮崎県,45201,宮崎市,,大島身体障害者授産所,,,880-0933,宮崎市大島町北の原1029番地,31.9360151,131.4445187,http://www.miyazaki-catv.ne.jp/~urushimi/index.html,yes,,,,,,,,,,,,,,,,,,,,,,,,,,,,multipurpose_toilet,みやざきアクセシビリティ情報マップ,https://m-bfree.pref.miyazaki.lg.jp/a_map/public/facilityAround/eyJpdiI6Imtqc0xEZFNaOGtpV0o0WkdRUk1QaEE9PSIsInZhbHVlIjoickt0V1wvemJYUFlKKzlWbHg3QkFYa1E9PSIsIm1hYyI6Ijc4MDEwZWY4NzZhM2MzMGM0NmVhZTkzMDIzMzYxZWYyN2EwNGM0NWEyYjgwZDA0NmIxMjZjMDJmN2Q1N2Y4MTMifQ==,,F000877,男女共用トイレあり | 調査日=2013-09-03,
45,宮崎県,45201,宮崎市,,大島身体障害者通所授産所,,,880-0933,宮崎市大島町北の原1029番地,31.9360151,131.4445187,http://www.miyazaki-catv.ne.jp/~urushimi/index.html,yes,,,,,,,,,,,,,,,,,,,,,,,,,,,,multipurpose_toilet,みやざきアクセシビリティ情報マップ,https://m-bfree.pref.miyazaki.lg.jp/a_map/public/facilityAround/eyJpdiI6ImNrY2hTbGNLUWYrOUtCTEw2NE5NOFE9PSIsInZhbHVlIjoiVXFjckJLXC9JVzdpMjY3R1wvejFLdXN3PT0iLCJtYWMiOiIzNWVmYWNiYzEwZjhlMjk0Mjk4MTk1NTM2ZDE2YmI2NDJkMzQ2ZGU5YjJhYmUxNWRhMjNlNGYyNjU1NzQ3Mjk1In0=,,F000879,男女共用トイレあり | 調査日=2013-09-03,
45,宮崎県,45201,宮崎市,,大塚公民館体育館,,,880-0951,宮崎市大塚町鎌ヶ迫2296-3,31.9186662,131.389774,https://www.city.miyazaki.miyazaki.jp/institution/list/item175/,yes,,,,,,,,yes,,,,,,,,,,,,,,,,,,,,multipurpose_toilet,みやざきアクセシビリティ情報マップ,https://m-bfree.pref.miyazaki.lg.jp/a_map/public/facilityAround/eyJpdiI6ImJ5UTdpV1RPTXhKbWxPbzR2YWc0WkE9PSIsInZhbHVlIjoiZnVaNHlCMWRFTW0ybWNqYnN5WWNZQT09IiwibWFjIjoiNjUwODkwNDQ0NDQ2MWUyNmRkNjc3YTkzZmU1ZDkyNGUwMmMxMDk2ODY5Yzg1ZmI2ODQ0ZTUzOWZhNjgzZGZiOSJ9,,F001271,男女共用トイレあり,
45,宮崎県,45201,宮崎市,,大塚児童センター,,,880-0951,宮崎市大塚町八所3765番地1,31.9127672,131.3877657,https://www.miyazakicity-sfj.jp/,yes,,１階,,,,,,,,,,,,,,,,,,,,,,,,,,multipurpose_toilet,みやざきアクセシビリティ情報マップ,https://m-bfree.pref.miyazaki.lg.jp/a_map/public/facilityAround/eyJpdiI6IlVMSWFLNUhqcHl2ZjA5bE9GTVBcLzFnPT0iLCJ2YWx1ZSI6IkpcL0tXUWU1UnhRZlNLVms0RjhPeXZBPT0iLCJtYWMiOiI2ZWYzODNmOTBmMjU5NTRkYWFmZTZiZTc4ZWIzZDBiMzRhM2RjNWMxYjlmZDI5NDgzYjk0ZDAzMzk2ZjNjODRkIn0=,,F002017,男女共用トイレあり | 緊急通報装置あり | 調査日=2020-01-24,
45,宮崎県,45201,宮崎市,,おおつか生協クリニック,,,880-0951,宮崎市大塚町大迫南平4401-2,31.9056543,131.3877474,https://ootsuka-cl.jp/,yes,,１階,,,,,,,,,,,,,,,,,,,,,,,,,,multipurpose_toilet,みやざきアクセシビリティ情報マップ,https://m-bfree.pref.miyazaki.lg.jp/a_map/public/facilityAround/eyJpdiI6IlhrbmZrS0dlS3VGdG5NNDF1b21FVkE9PSIsInZhbHVlIjoiV2R0ZWhjSll2SHY2UnJPNDg3RVJnZz09IiwibWFjIjoiYWY4NTg4N2IxOTZjMjVhYTBmN2ZlZDJmZjdhNDlmNGIyZjJjYjg5MjBhNGFkMjhkY2IwNGY2M2VhZTkyZDA1NSJ9,,F000906,男女共用トイレあり | 緊急通報装置あり | 調査日=2002-09-27,
45,宮崎県,45201,宮崎市,,大塚台公園トイレ,,,880-0952,宮崎市大塚台東2丁目3-1,31.9104041,131.3855417,,yes,,,,,,,,,,,,,,,,,,,,,,,,,,,,multipurpose_toilet,みやざきアクセシビリティ情報マップ,https://m-bfree.pref.miyazaki.lg.jp/a_map/public/facilityAround/eyJpdiI6IlZjWHJydTlFRjQ5MEpGSmR2WFZ3U1E9PSIsInZhbHVlIjoiMDJoSFwvQVVlaTRLeVk3dEd6TUg4ZVE9PSIsIm1hYyI6ImI5NTU2MDRlOWMwZTQzNTNhODIyNzc3ZDQ2YmU2YTYzNzY0ZTExYjVlNmE0YTM0MDM5ZTVmZWJmNjU0MzJkMDMifQ==,,F000305,男女共用トイレあり,
45,宮崎県,45201,宮崎市,,大塚台5号街区公園トイレ,,,880-2105,宮崎市大塚台西3丁目23-1,31.9102345,131.3827834,,yes,,,,,,,,,,yes,,,,,,,,,,,,,,,,,,multipurpose_toilet,みやざきアクセシビリティ情報マップ,https://m-bfree.pref.miyazaki.lg.jp/a_map/public/facilityAround/eyJpdiI6IlM2elRvZWpMWlFHdU52bW9GQUJcL0ZRPT0iLCJ2YWx1ZSI6IllWUTJ3bllEOWRLNHNzTWFHQWlHb0E9PSIsIm1hYyI6ImM2ODUxMzRjYjVhYWJjNDdiMjgwMTRkNGZkM2Q5ZjNkMzU4OGZkNGFiZjA5NzAzMjA5MjVhYjk2NjQ4NDRjYzUifQ==,,F002034,男女共用トイレあり | 緊急通報装置あり | 調査日=2019-12-09,
45,宮崎県,45201,宮崎市,,大塚台3号街区公園トイレ,,,880-2105,宮崎市大塚台西2丁目14-1,31.9161916,131.383113,,yes,,,,,,,,,,yes,,,,,,,,,,,,,,,,,,multipurpose_toilet,みやざきアクセシビリティ情報マップ,https://m-bfree.pref.miyazaki.lg.jp/a_map/public/facilityAround/eyJpdiI6Im93R0RzZHczOHJzS1QxbG44YTFUYnc9PSIsInZhbHVlIjoiY2UweHl5TjBheHd5NWhlR09nelR1UT09IiwibWFjIjoiODYxNjI4OTAxNTFhYTY0YjlhOGM5OTAwMjRhMDEwZGFmYWZjZjU0NTk2ODU3Njg3MTdhYzdkMTA5MjQwNDQzMCJ9,,F001955,男女共用トイレあり | 緊急通報装置あり | 調査日=2019-12-09,
45,宮崎県,45201,宮崎市,,大塚台児童センター,,,880-2105,宮崎市大塚台西3丁目22-3,31.910758,131.3828179,https://www.city.miyazaki.miyazaki.jp/institution/list/item500/,yes,,,,,,yes,,,,,,,,,,,,,,,,,,,,,,multipurpose_toilet,みやざきアクセシビリティ情報マップ,https://m-bfree.pref.miyazaki.lg.jp/a_map/public/facilityAround/eyJpdiI6Im00Z1NIS3pyNnoyTmIxZzZxUW4wT3c9PSIsInZhbHVlIjoiTVFvQ0kxaGZmUlVsNXRtcE5XOCtiZz09IiwibWFjIjoiM2U4NDJlNDkyM2FiZDExZTBiODU2OWQ3MzhmNzllZTk5ODkzYmVlOTk1OTBiN2IzMjlhZDc3ZDBkNTE0MTI1OSJ9,,F001666,男女共用トイレあり | 緊急通報装置あり | 調査日=2019-11-18,
45,宮崎県,45201,宮崎市,,大塚台6号街区公園トイレ,,,880-0952,宮崎市大塚台東1丁目23-1,31.9173373,131.3876036,,yes,,,,,,,,,,yes,,,,,,,,,,,,,,,,,,multipurpose_toilet,みやざきアクセシビリティ情報マップ,https://m-bfree.pref.miyazaki.lg.jp/a_map/public/facilityAround/eyJpdiI6Im1IUzNtamo3TFE3NndSUjNpeW5rZVE9PSIsInZhbHVlIjoiNGNROXBvaFdsd1dSWHhjY016Uko0UT09IiwibWFjIjoiOGMzNDhlNGEyMzRkNDg0MWJmYjVlYWJmMzQ4YmZiZGNmYzAyNWIwODA4Mjg2YzliZmIxYjViYzhjY2NiODFlNCJ9,,F002016,男女共用トイレあり | 緊急通報装置あり | 調査日=2019-12-09,
45,宮崎県,45201,宮崎市,,大塚地区交流センター,,,880-0951,宮崎市大塚町鎌ケ迫2296-3,31.9186662,131.389774,https://www.city.miyazaki.miyazaki.jp/institution/list/item175/,yes,,１階,,,,yes,,yes,,,,,,,,,,,,,,,,,,,,multipurpose_toilet,みやざきアクセシビリティ情報マップ,https://m-bfree.pref.miyazaki.lg.jp/a_map/public/facilityAround/eyJpdiI6IkRidkZBREh3a0FGSU9qTkU3amNMckE9PSIsInZhbHVlIjoiNkFaNXJBbUFkOWhNdndLRXRwMmx1UT09IiwibWFjIjoiY2UwZDczYTc2NjNjZGQ2Yjg4MWE0ZDgyOGFiNTcwZDNmNDZjN2IzNDM4MTYyNzBhMzQ5ZTJmNDgxZjViZTc1OCJ9,,F001188,男女共用トイレあり | 緊急通報装置あり | 調査日=2002-09-19,
45,宮崎県,45201,宮崎市,,おおつかの杜リハビリテーションふれあいセンター,,,880-0951,宮崎市大塚町池ノ内1199番,31.9235308,131.393734,http://www.okada-seikeigeka.com/,yes,,,,,,yes,,,,,,,,,,,,,,,,,,,,,,multipurpose_toilet,みやざきアクセシビリティ情報マップ,https://m-bfree.pref.miyazaki.lg.jp/a_map/public/facilityAround/eyJpdiI6ImZuK0xPMHNwVm4rRFZrSWJLaTd4K1E9PSIsInZhbHVlIjoibzR2cFRTUGdLOUtRaUxETjFLYWNMdz09IiwibWFjIjoiYjk2NTNmYWE5MTUzZjJkYzVhY2RjYmIzNjlkOWI1NjVlMjI4OWU5ODM5NTc4NzY2ZTkzZDg5NzgyNjJhODc1NSJ9,,F001128,男女共用トイレあり | 緊急通報装置あり | 調査日=2019-11-11,
45,宮崎県,45208,西都市,,大塚病院,,,881-0016,西都市御舟町2丁目45番地,32.107909,131.404905,http://www.otsuka.or.jp/,yes,,１階,,,,yes,,,,,,,,,,,,,,,,,,,,,,multipurpose_toilet,みやざきアクセシビリティ情報マップ,https://m-bfree.pref.miyazaki.lg.jp/a_map/public/facilityAround/eyJpdiI6IlVMUVBwT0JjT3l0WlE5aG9qSTRwcnc9PSIsInZhbHVlIjoicCtWbVN1SWNhU2Q3MjNiM3lnZlhLUT09IiwibWFjIjoiNjY4NGRhMmE4MDljYThiYmRkZGExMGY0YTFiOWNhNmNiOTcwNmUzMjdiOGZiYWI1MGI4NmI2MDk1ZGZiZDJiMyJ9,,F001324,男女別トイレあり | 緊急通報装置あり | 調査日=2002-09-05,
45,宮崎県,45208,西都市,,大塚病院デイサービスにこにこ,,,881-0016,西都市御舟町2丁目51番地,32.1104059,131.4040134,,yes,,,,,,,,,,,,,,,,,,,,,,,,,,,,multipurpose_toilet,みやざきアクセシビリティ情報マップ,https://m-bfree.pref.miyazaki.lg.jp/a_map/public/facilityAround/eyJpdiI6InhBOEZLZ1hqVlBKTTBpWDZiUkRsekE9PSIsInZhbHVlIjoiRzlrR3JSaHg0STY1VlZVYmVGYzNJZz09IiwibWFjIjoiNzA1Mjk4NzdhOTEwMDQ4ZGM5NTJiZGIzOWNlMTI5M2UzMzMyNzE5NmU3NmJhZWRiMGExOTJkNGUyMGJhYzg2MCJ9,,F001408,男女共用トイレあり,
45,宮崎県,45201,宮崎市,,おおつぼ町薬局,,,880-0933,宮崎市大坪町西六月2207-5,31.8956172,131.4071631,http://koken-pharmacy.com/index.html,yes,,,,,,,,,,,,,,,,,,,,,,,,,,,,multipurpose_toilet,みやざきアクセシビリティ情報マップ,https://m-bfree.pref.miyazaki.lg.jp/a_map/public/facilityAround/eyJpdiI6IkpMQUtHUXhuYkhcLzN4TUJsYmExb1hBPT0iLCJ2YWx1ZSI6Ik82UzdldXdsMGNaZEJMd0RhZTZIYUE9PSIsIm1hYyI6ImQ0M2RhZWIwOTQxNzUxMzc0ZmQ1NTBlZTU0MDUyYWI2MWZkZjk3ZDU4MzMxNGEwNjU1ZDQzM2FiODA1Yjc2NDIifQ==,,F000400,男女共用トイレあり,
45,宮崎県,45201,宮崎市,,大坪保育園,,,880-0933,宮崎市大字恒久字野中6100番地1,31.8912351,131.4087086,http://www.ohtubo-ns21.jp/index.html,yes,,,,,,,,,,,,,,,,,,,,,,,,,,,,multipurpose_toilet,みやざきアクセシビリティ情報マップ,https://m-bfree.pref.miyazaki.lg.jp/a_map/public/facilityAround/eyJpdiI6Ik04Z3lsVG1ITVFDZ0RGQlArK1M4K0E9PSIsInZhbHVlIjoidkltUkZ2NkQ0KzdrVWlOb2g2MkZ4Zz09IiwibWFjIjoiYjMzNDZmMWNlNzQ3ZGZkZDA3ZjBlZmM3OTRjYTMwYzM4NzY2ZmY3NmExNzJjYzBmY2I2MTM2YThkOGE4NTlkZSJ9,,F000339,男女共用トイレあり,
45,宮崎県,45201,宮崎市,,大宮公民館体育館,,,880-0035,宮崎市下北方町下郷6101番地,31.9450779,131.4173545,https://www.city.miyazaki.miyazaki.jp/institution/list/item173/,yes,,,,,,,,yes,,,,,,,,,,,,,,,,,,,,multipurpose_toilet,みやざきアクセシビリティ情報マップ,https://m-bfree.pref.miyazaki.lg.jp/a_map/public/facilityAround/eyJpdiI6IkNmdVpRWUR4TlNyM045ZmpBQkZiS1E9PSIsInZhbHVlIjoiNUQ2UUdtTUVhMVF1XC8yVG1pQUhSemc9PSIsIm1hYyI6ImYzOGZkOWVkM2M5YjliOWFiNWNmOTcwNzQ5OGJlNDk2NzgxMTU5OGMyZWYzNjNhMGU4MDVmZDEwOTAxNmQ1YjYifQ==,,F001289,男女共用トイレあり,
45,宮崎県,45201,宮崎市,,大宮地区交流センター,,,880-0035,宮崎市下北方町下郷6101,31.9450779,131.4173545,https://www.city.miyazaki.miyazaki.jp/institution/list/item173/,yes,,１階,,,,yes,,yes,,,,,,,,,,,,,,,,,,,,multipurpose_toilet,みやざきアクセシビリティ情報マップ,https://m-bfree.pref.miyazaki.lg.jp/a_map/public/facilityAround/eyJpdiI6InFxQUFaRmY3Y0RmUnRqcEVBZDlpM3c9PSIsInZhbHVlIjoic1R6eCs5Nms0ajRSK29PZGtwdkQ2UT09IiwibWFjIjoiNmQ1Y2Y3MDdiYWNiZmVmOGVlM2I3NjRiYzgyZDA4ZmE1N2EzYmQ4ODVmZTRlYTkwMjBjNjc2NjM1YTA1MDU4YyJ9,,F001218,男女共用トイレあり | 緊急通報装置あり,
45,宮崎県,45201,宮崎市,,大宮保育園,,,880-0035,宮崎市下北方町貝吹330-5,31.947275,131.427892,http://www.kosodate-web.com/oomiya,yes,,,,,,,,,,,,,,,,,,,,,,,,,,,,multipurpose_toilet,みやざきアクセシビリティ情報マップ,https://m-bfree.pref.miyazaki.lg.jp/a_map/public/facilityAround/eyJpdiI6IjlIakp3R1BwMkh4d3BIYVRBc216ZHc9PSIsInZhbHVlIjoiRUpwcFFEZko1NkY0c0Q4dk85ek52UT09IiwibWFjIjoiZTFmYzc5YTFmNGY3MTQ0MDc1NDVmZmQxNGY0YjRkNjk0MWU1YzZiNTc5NGM3NDYwNzRmMzk5ZGVmZWM2YjYyOCJ9,,F001348,男女共用トイレあり | 調査日=2009-11-18,
45,宮崎県,45201,宮崎市,,大森淡水うなぎ処 鰻楽,,,880-0122,宮崎市大字塩路2300,31.9895978,131.472094,http://www.manraku.net/,yes,,,,,,,,,,,,,,,,,,,,,,,,,,,,multipurpose_toilet,みやざきアクセシビリティ情報マップ,https://m-bfree.pref.miyazaki.lg.jp/a_map/public/facilityAround/eyJpdiI6IlUydTBIaW9oN3VCOGNvcTJNWVErM3c9PSIsInZhbHVlIjoib0xOZlBsK0xUTjZ1TEVaOWVyNllWUT09IiwibWFjIjoiYTg0ZDQ0MGEzNTRkMzRhNmMyMmEwNTAwZjNiNDIyMjdkNDJmNDkyN2Y2NmMzYzNjMzBjYmRjMzJmMGMzM2FmZSJ9,,F000338,男女共用トイレあり | 調査日=2010-01-25,
45,宮崎県,45208,西都市,,大山祇塚(記紀の道）,,,881-0005,西都市西都原古墳群内,32.121995803420646,131.39626295738523,https://www.saito-kanko.jp/tourisms/%e5%a4%a7%e5%b1%b1%e7%a5%87%e5%a1%9a/,yes,,大山祇塚そばの駐車場内にあります。,,,,,,,,yes,,,,,,,,,,,,,,,,,,multipurpose_toilet,みやざきアクセシビリティ情報マップ,https://m-bfree.pref.miyazaki.lg.jp/a_map/public/facilityAround/eyJpdiI6InhlVzZiaGRTMmZEOTBKYk1Ld3IzWnc9PSIsInZhbHVlIjoiVkhTazhLdjdORmNuRFZLVjFESEVqQT09IiwibWFjIjoiMzFiZTE1OTRhNjI0ZmYwMjA4ZWIxYWZmMWU0MTkxMGI4MTkyYThlY2UxMWYyMjkyNDYyZDUxZWM3NmI1MmE2YyJ9,,F002496,男女共用トイレあり | 調査日=2020-09-29,
45,宮崎県,45201,宮崎市,,大淀街区公園トイレ,,,880-0907,宮崎市淀川3丁目42,31.8992756,131.4159071,,yes,,,,,,,,,,,,,,,,,,,,,,,,,,,,multipurpose_toilet,みやざきアクセシビリティ情報マップ,https://m-bfree.pref.miyazaki.lg.jp/a_map/public/facilityAround/eyJpdiI6IjJSMTdKRUtrbER5dURlMFRITVM2NFE9PSIsInZhbHVlIjoiYTdJQ1pvTjhjZWNuTUdTM3RwcEVMdz09IiwibWFjIjoiNTVjYzIwMjA5Mzc0NWI0MmFkOGQ0NTRjN2UyNTJjM2ZjOTFmYzZjNTM5YTYxOGI0Yzg5NjQzMDE3YTIxY2Q5YSJ9,,F001958,男女共用トイレあり | 調査日=2019-12-09,
45,宮崎県,45201,宮崎市,,大淀川学習館『里山の楽校』,,,880-0035,宮崎市下北方町5407番地1,31.950355,131.405904,http://oyodo.miyabunkyo.com/,yes,,,,,,,,,,,,,,,,,,,,,,,,,,,,multipurpose_toilet,みやざきアクセシビリティ情報マップ,https://m-bfree.pref.miyazaki.lg.jp/a_map/public/facilityAround/eyJpdiI6IkF4WWNMVjZja3dINWcyYXRNOWZUZEE9PSIsInZhbHVlIjoiVUJGcnNNVDJuZklJSTlwZ2ZWaEczUT09IiwibWFjIjoiZTE3YWZiNGQ1Y2U5NDk4NzI3MTZmMTM1YTg5NGU0N2RmYzNjY2I5MTNhZmUzOTQ4ZDJmZTU1ZDc0ZGU4NTA3YiJ9,,F000384,男女共用トイレあり | 調査日=2019-11-19,
45,宮崎県,45201,宮崎市,,大淀川学習館,,,880-0035,宮崎市下北方町二反五瀬5348番地1,31.9488559,131.4064944,http://oyodo.miyabunkyo.com/,yes,,1階受付横 / 1階川のシアター横 / 1階サカナのへや横 / 2階実験・工作室横 / 2階学習室横,,,,yes,,yes,,yes,yes,,,,,,,,,,,,,,,,,multipurpose_toilet,みやざきアクセシビリティ情報マップ,https://m-bfree.pref.miyazaki.lg.jp/a_map/public/facilityAround/eyJpdiI6ImdpRklPRlkyRWhuNGluOEdkWmtWTnc9PSIsInZhbHVlIjoiOWlmbEQ0OG1takVXc1Nra2NCVHhWdz09IiwibWFjIjoiNjFhMDViNDJjNzAwMGY1NDAzZGRhYTIyZjMxNGQ5YTBmYTQyOWQwNDQ1OWI5ODU5NGM1ZDVmZWRkZTc2YTFmZiJ9,,F001216,男女共用トイレあり | 緊急通報装置あり | 調査日=2024-12-10,
45,宮崎県,45201,宮崎市,,大淀川市民緑地公園施設 田吉地区,,,,宮崎市大字田吉,31.89220734796042,131.44124706266263,,yes,,,,,,,,,,,yes,,,,,,,,,,,,,,,,,multipurpose_toilet,みやざきアクセシビリティ情報マップ,https://m-bfree.pref.miyazaki.lg.jp/a_map/public/facilityAround/eyJpdiI6IlhnSTBLQXgxbEtXMFhXZGV2RDdLREE9PSIsInZhbHVlIjoiYjBEUldhbkdkR0NSSUF6NXlsYSs4dz09IiwibWFjIjoiZGY0ZWI3ODk5OWFiNGVkZmM3OGY1NjcxMjgzNTcwY2QwMGFmYjg5Yzg1YzMzYWRhY2M3YjQzODRjZGYxZTYyYSJ9,,F002097,男女共用トイレあり | 緊急通報装置あり | 調査日=2019-12-10,
45,宮崎県,45201,宮崎市,,おおよど眼科クリニック,,,880-0904,宮崎市中村東2丁目2-24,31.8993796,131.418665,http://www.keimei.or.jp/oyodo-eye-clinic.php,yes,,１階,,,,,,,,,,,,,,,,,,,,,,,,,,multipurpose_toilet,みやざきアクセシビリティ情報マップ,https://m-bfree.pref.miyazaki.lg.jp/a_map/public/facilityAround/eyJpdiI6ImZqZHAzRnZRbXdiQnFmQUQxYldvTlE9PSIsInZhbHVlIjoiSWlzTm9DNXpoRzFwYkNVbDNIc0Yrdz09IiwibWFjIjoiMDBlNTk1ZGZmNGRlYmY2MzRmMjRhN2QwYjkwNmYzY2Q5Y2U2MWJmMDI3YTUxMDdiZWY0NTBhYTBlZjY0MDc3OCJ9,,F000888,男女共用トイレあり | 緊急通報装置あり | 調査日=2002-09-09,
45,宮崎県,45201,宮崎市,,大淀地区交流センター,,,880-0937,宮崎市京塚2-1-18,31.8982118,131.4112516,https://www.city.miyazaki.miyazaki.jp/institution/list/item171/,yes,,１階,,,,yes,,yes,,,,,,,,,,,,,,,,,,,,multipurpose_toilet,みやざきアクセシビリティ情報マップ,https://m-bfree.pref.miyazaki.lg.jp/a_map/public/facilityAround/eyJpdiI6InVDdEozU2FuTytnQkxmMHczWHcwakE9PSIsInZhbHVlIjoiWldTWlByWVZsM0YrelwvdVpyUGFXZFE9PSIsIm1hYyI6ImI1NjUyMGQ0Y2ZkZDZiZGI0ZTZkZjk0NmYyZGFkYTZjYmUwMDI5ZTI3M2UxYjY3MjZhYmU1MTQ5MzI2OTcxMDYifQ==,,F000329,男女共用トイレあり | 緊急通報装置あり | 調査日=2013-09-02,
45,宮崎県,45201,宮崎市,,岡地区自治公民館,,,880-0212,宮崎市佐土原町下那珂字人中10589番2,32.0069075,131.4546166,,yes,,,,,,,,,,,,,,,,,,,,,,,,,,,,multipurpose_toilet,みやざきアクセシビリティ情報マップ,https://m-bfree.pref.miyazaki.lg.jp/a_map/public/facilityAround/eyJpdiI6IjEzOXFxMVB3VVFJakt4aVNQb3g4bFE9PSIsInZhbHVlIjoiV1BZUUY1Wkc0b3Bqa3RBTFVTeTNZZz09IiwibWFjIjoiYzU1ZDU1YzY2Njg4ZDQ2OGZhZTk2ZjBmNTIyNDIxM2Y3NmJmNTYwNTFiY2VkMWNiYjM0ODJiZmUwOGU2ODk3OCJ9,,F000106,男女共用トイレあり,
45,宮崎県,45201,宮崎市,,岡野歯科医院,,,880-0932,宮崎市大坪西1丁目1-67,31.8963875,131.4061458,,yes,,１階,,,,yes,,,,,,,,,,,,,,,,,,,,,,multipurpose_toilet,みやざきアクセシビリティ情報マップ,https://m-bfree.pref.miyazaki.lg.jp/a_map/public/facilityAround/eyJpdiI6IkVGN2RUVEdZYmVreG5QaWFIRnZmaUE9PSIsInZhbHVlIjoiM0NuVHNCcEhcL0tuS2dINGY0OTJhXC9nPT0iLCJtYWMiOiI1ZTlkZDA4MzVjZTFhZWMzZTZiNmNmZDE1YzA1NTY2YTljOGJlOTY2N2U5NDdkMjZmYWI0ODA2ZTgwNmYxYjgwIn0=,,F000912,男女共用トイレあり | 緊急通報装置あり | 調査日=2019-11-18,
45,宮崎県,45203,延岡市,,岡村病院,,,882-0866,延岡市平原町1丁目1389-1,32.554296,131.6752491,https://www.okamura-hp.jp/,yes,,,,,,,,,,,,,,,,,,,,,,,,,,,,multipurpose_toilet,みやざきアクセシビリティ情報マップ,https://m-bfree.pref.miyazaki.lg.jp/a_map/public/facilityAround/eyJpdiI6InRjTjY3TEljZCtVTTB2SmVhTXlVNlE9PSIsInZhbHVlIjoiNStSWCtcL2x0QTVPaUJcL2RrZzhVYVN3PT0iLCJtYWMiOiJmMDI0OWJiOTMzNjczZDgyMGI0ZWM1ZWMyZjdkMGQ1NjRjNTRkYjIwMTJhODE1Mzg4MzRlMTg2NTg4NWM0NWY1In0=,,F001470,男女共用トイレあり,
45,宮崎県,45201,宮崎市,,医療法人社団健友会 岡本整形外科,,,880-0942,宮崎市生目台東4丁目18番地4,31.9052272,131.3769467,https://www.okamotoseikei.or.jp/,yes,,１階,,,,yes,,,,,,,,,,,,,,,,,,,,,,multipurpose_toilet,みやざきアクセシビリティ情報マップ,https://m-bfree.pref.miyazaki.lg.jp/a_map/public/facilityAround/eyJpdiI6InRCM2d5MDBNNHJHZUlZcHY1QU1MTlE9PSIsInZhbHVlIjoiNzhyQXpsYmhBdGVcL0ZGbFhWaU5lenc9PSIsIm1hYyI6IjYyMmU1ZGM3YTAwMTBhN2JjYWQxOGYzMTUxMDA2NzZlMmRiNjdjNzgyZWI0NGU0ZThjN2JjNTdmYWJhZjUxNDAifQ==,,F001025,男女共用トイレあり | 緊急通報装置あり | 調査日=2019-11-20,
45,宮崎県,45203,延岡市,,おがわクリニック,,,882-0803,延岡市大貫町2丁目1206-1,32.576428,131.655732,http://www.kenjin-kai.jp/ogawa/,yes,,１階,,,,yes,,,,yes,,,,,,,,,,,,,,,,,,multipurpose_toilet,みやざきアクセシビリティ情報マップ,https://m-bfree.pref.miyazaki.lg.jp/a_map/public/facilityAround/eyJpdiI6IjU0WDVYeDJJaHZMZ2NwU3pPa2t5TXc9PSIsInZhbHVlIjoiZEk4cytvYWlFb1hoQkhkdkVXK1kzZz09IiwibWFjIjoiOGVjZDM0ZTM5Zjc4ZTMwNTg0OTljNDliZjU2MDk0ZmRjNDFmZjAyOTA3ZDkwMDBhYzQwNzFjNzY0YjEyMmNhZSJ9,,F001527,男女共用トイレあり | 緊急通報装置あり | 調査日=2019-11-13,
45,宮崎県,45403,西米良村,,おがわ作小屋村,,,881-1302,西米良村大字小川254,32.236385111129536,131.21892485381747,https://www.ogawasakugoya-village.com/,yes,,食事処の隣,,,,yes,,yes,,,yes,,,,,,,,,,,,,,,,,multipurpose_toilet,みやざきアクセシビリティ情報マップ,https://m-bfree.pref.miyazaki.lg.jp/a_map/public/facilityAround/eyJpdiI6IllzbW53Z3NsKzc4KzBDMU43TG9UWmc9PSIsInZhbHVlIjoiQnNXbGRtMWZEWTBcL1FBd0R5XC9JVzRRPT0iLCJtYWMiOiI2YzcwMjlhMjhlNjlmZmFhMjFmYzA3NmM0OTIzNmU3MGNhMTZjMDdiMjc4MGY2NGRjNTlkOWYyN2FlZDllN2ZiIn0=,,F002625,男女共用トイレあり | 緊急通報装置あり | 調査日=2026-08-05,
45,宮崎県,45201,宮崎市,,小川接骨院,,,880-0122,宮崎市大字塩路字江原2619-5,31.9736838,131.4737744,,yes,,,,,,yes,,,,,,,,,,,,,,,,,,,,,,multipurpose_toilet,みやざきアクセシビリティ情報マップ,https://m-bfree.pref.miyazaki.lg.jp/a_map/public/facilityAround/eyJpdiI6IjJJMFJqYmlFcTRGZ0VcL3d1MXY5UWVnPT0iLCJ2YWx1ZSI6Imo2OEhpN29WYTNqZW1mRzdaWENcL253PT0iLCJtYWMiOiJkZDM4YjczM2IxZGY4YTEwODlmNDRmODViMGQ2NmI3YzE2MWM4YjlhZWRjY2Q2ODE5NDJhMWIwYzNjNTU1YWYwIn0=,,F000078,男女別トイレあり | 調査日=2019-11-06,
45,宮崎県,45205,小林市,,沖内科・小児科医院,,,886-0004,小林市大字細野59-8,31.9944279,130.9819131,,yes,,１階,,,,yes,,,,,,,,,,,,,,,,,,,,,,multipurpose_toilet,みやざきアクセシビリティ情報マップ,https://m-bfree.pref.miyazaki.lg.jp/a_map/public/facilityAround/eyJpdiI6IlB2c2JHZFwvM3EycnAzTUhYbmkxcyt3PT0iLCJ2YWx1ZSI6IkkwTlh6WTFXb1V3bHl3cXNNWUJsZlE9PSIsIm1hYyI6ImUyMDMxNWVhNDI4N2UwZjY5ZGU3MzcxYWRiZmQ4YTUzYzU3NTUyY2ZlNWQwMzZlOGJiYzg3OWIwZGQ0YzYzMzYifQ==,,F001641,男女共用トイレあり | 緊急通報装置あり | 調査日=2019-11-12,
45,宮崎県,45202,都城市,,沖水川市民緑地トイレ,,,885-0011,都城市下川東地先,31.74958,131.06817,,yes,,屋外,,,,,,,,,,,,,,,,,,,,,,,,,,multipurpose_toilet,みやざきアクセシビリティ情報マップ,https://m-bfree.pref.miyazaki.lg.jp/a_map/public/facilityAround/eyJpdiI6ImgzbitDMlRPb1FBaTRTQ1FVQ290NkE9PSIsInZhbHVlIjoiZEJPTXpmMmNMRWNMSkY2emNQQWxGQT09IiwibWFjIjoiYzVjY2YyZGUzYmRmZTQ1ZTRlYzIxZTg5MjYxNTZhMjUwNmJhZGE3ZmE3ZTVlODU5OGY5ZmE5ODBlZmE1NDVjNCJ9,,F001950,男女共用トイレあり | 緊急通報装置あり | 調査日=2019-12-18,
45,宮崎県,45202,都城市,,沖水地区公民館,,,885-0002,都城市太朗坊町1839番地,31.7775361,131.0902441,http://cms.city.miyakonojo.miyazaki.jp/display.php?cont=120911134813,yes,,,,,,yes,,yes,,,yes,,,,,,,,,,,,,,,,,multipurpose_toilet,みやざきアクセシビリティ情報マップ,https://m-bfree.pref.miyazaki.lg.jp/a_map/public/facilityAround/eyJpdiI6Imo2bVNVS1FXNHV1WEtQS2JOTmk1eGc9PSIsInZhbHVlIjoiVGt5Z3JGZmhudXNRYTc1cktBaHRyUT09IiwibWFjIjoiYzdmZmMxNzA3YmMzZDJiNGYwMmRjYzE0Y2NkY2UyNDk3YWFkNmFiZmIxODYwMTU0N2FiZWQ4Mjc1NDQ5YTYyNCJ9,,F000029,男女別トイレあり | 緊急通報装置あり | 着替え台あり | 調査日=2019-12-26,
45,宮崎県,45202,都城市,,沖水地区市民センター,,,885-0002,都城市太郎坊町1840-1,31.7776464,131.0900742,http://cms.city.miyakonojo.miyazaki.jp/display.php?slist=0017,yes,,,,,,yes,,yes,,,,,,,,,,,,,,,,,,,,multipurpose_toilet,みやざきアクセシビリティ情報マップ,https://m-bfree.pref.miyazaki.lg.jp/a_map/public/facilityAround/eyJpdiI6ImIxRzJWcGhJSGFkUm1PSjlFUDlIMlE9PSIsInZhbHVlIjoieXQrV3BxN1g3b21yTmRENVBaUElhUT09IiwibWFjIjoiNGNiYWRmYTNlMzViYzc2ZWZjYjcyYmU5NGYwYTA3N2Q4NDdhZGE5ZTdkNGI2MjQ4NDgwMmYzNDYzNjk5YjNiMyJ9,,F000874,男女別トイレあり | 緊急通報装置あり | 着替え台あり | 調査日=2019-12-26,
45,宮崎県,45361,高原町,,奥霧島 皇子原公園キャンプ場,,,889-4414,高原町大字蒲牟田３番地251,31.9073052,130.9600849,https://oujibaru-koen.com/,yes,,管理事務所の横 / 神武の館の中 / ゴーカート乗り場の横 / 神武の館下の駐車場,,,,yes,,,,yes,yes,,,,,,,,,,,,,,,,,multipurpose_toilet,みやざきアクセシビリティ情報マップ,https://m-bfree.pref.miyazaki.lg.jp/a_map/public/facilityAround/eyJpdiI6Ik11dHlyR3hIOWdXTjNBTW9hYjVidFE9PSIsInZhbHVlIjoiK0xJbk8xQW5VS0xZXC81QWhodUZyOWc9PSIsIm1hYyI6ImU1ZWI1NWQwZDI5ODY2MjBmZWY0OTMzMDIwNGVjNDNmNzM1ODZmZGM1NDczMzQxODU0MGFkMjkyNmY2MzdkMTAifQ==,,F002681,男女共用トイレあり | 調査日=2023-05-10,・野外ステージ横の多目的トイレは使用禁止
45,宮崎県,45201,宮崎市,,奥松農園直売所たべると,,,880-0121,宮崎市大字島之内9125,31.98113459082455,131.4527154352334,,yes,,,,,,,,,,,,,,,,,,,,,,,,,,,,multipurpose_toilet,みやざきアクセシビリティ情報マップ,https://m-bfree.pref.miyazaki.lg.jp/a_map/public/facilityAround/eyJpdiI6Ims4M1p3UEp1cVI5dnV4R0ZLbFhJQVE9PSIsInZhbHVlIjoiWHpZcmlPNWpkejVJNmZlTXVLWEZZdz09IiwibWFjIjoiZDYwOGY3YWEzNmU2ZTU1ZDMwYWI1OWM5YTZjMzhiOWUxNzVjMWQ1ODQxNWNhOTNjMTQxMzVjNTJiMmZmM2FlZSJ9,,F000693,男女共用トイレあり,
45,宮崎県,45203,延岡市,,おぐら 多々良店,,,882-0056,延岡市岡富町151（イオン多々良ショッピングセンター内）,32.588469,131.656422,,yes,,店舗奥,,,,yes,,,,yes,,,,,,,,,,,,,,,,,,multipurpose_toilet,みやざきアクセシビリティ情報マップ,https://m-bfree.pref.miyazaki.lg.jp/a_map/public/facilityAround/eyJpdiI6IkFlTXVUSEJLemczUlFydkdiM3h6cXc9PSIsInZhbHVlIjoiczdJWjJqdlwvZ0k5RFErMnZQd1R0Rmc9PSIsIm1hYyI6IjA3ZTY1NDk5ZTBmYjgyMmNkNWIzNmVmOTgyZmUzN2ViNDUxMjk3ZWQ0ZWIxYWEwMjNkMzY4ZDE2NWNjZjIxMzMifQ==,,F002431,男女共用トイレあり | 調査日=2020-01-21,・扉の開閉は、希望すればスタッフさんが手伝ってくれる / ・手すり（L字、跳ね上げ）あり
45,宮崎県,45201,宮崎市,,お魚屋さんのお店 萬漁屋,,,880-0951,宮崎市大塚町竹原2050-2,31.918682,131.3962554,,yes,,,,,,,,,,,,,,,,,,,,,,,,,,,,multipurpose_toilet,みやざきアクセシビリティ情報マップ,https://m-bfree.pref.miyazaki.lg.jp/a_map/public/facilityAround/eyJpdiI6Ik50MG5SRXlDdFhRaUp6T3ZRa21aWVE9PSIsInZhbHVlIjoiT3puelJWRkprb2FDTmVqaTFkWVd1Zz09IiwibWFjIjoiNzc1ZTEzMDY0YTZhYmQwZDgzZjcwMGJjYjdhYjIwMzdhNzY2MWUwMmQ0ZmRmM2MyMWJkOTA4YzExN2I5MjZlZiJ9,,F001099,男女共用トイレあり | 調査日=2010-01-27,
45,宮崎県,45206,日向市,,尾崎眼科,,,883-0066,日向市亀崎1丁目15番,32.430482,131.6290513,http://www.ozaki-ganka.jp/index.html,yes,,１階,,,,,,,,,,,,,,,,,,,,,,,,,,multipurpose_toilet,みやざきアクセシビリティ情報マップ,https://m-bfree.pref.miyazaki.lg.jp/a_map/public/facilityAround/eyJpdiI6Ik5QOU1TXC9HbW1ycDFiUmZjVVNzcklRPT0iLCJ2YWx1ZSI6Inowb20rSFoyM2U3ZXg5YkFOMGJ4R0E9PSIsIm1hYyI6ImFlOTNiOGZlMzJmOGY3ODg0YWViMTdiOGI2YWJiYzRkYmQwMzYzYzJmODQwY2Y0MTA5NDM0MTFhMWNmODUwMzMifQ==,,F000322,男女共用トイレあり | 緊急通報装置あり | 調査日=2019-11-27,
45,宮崎県,45201,宮崎市,,お食事 女島,,,880-0211,宮崎市佐土原町下田島20181-5,32.01603,131.47697,http://meshima-miyazaki.com/,yes,,,,,,,,,,,,,,,,,,,,,,,,,,,,multipurpose_toilet,みやざきアクセシビリティ情報マップ,https://m-bfree.pref.miyazaki.lg.jp/a_map/public/facilityAround/eyJpdiI6IllcL0dNajUrb3pZTkUyaEppdUx6Nmh3PT0iLCJ2YWx1ZSI6IlhEWmRiWTErRlNGclR4RzkxRFFTaVE9PSIsIm1hYyI6ImI0Mjk2ZTk0ZjJiMzc1Mjg4OWRmODQxNDEyYWVhY2JjNzBkZjBmZDdlODIyNzk3YzBhNzVkMGI1ZWRjODdkNmMifQ==,,F002547,調査日=2022-01-06,
45,宮崎県,45201,宮崎市,,お食事の店 蜜柑,,,880-0122,宮崎市大字塩路2759-71,31.9708574,131.4673259,,yes,,,,,,yes,,,,,,,,,,,,,,,,,,,,,,multipurpose_toilet,みやざきアクセシビリティ情報マップ,https://m-bfree.pref.miyazaki.lg.jp/a_map/public/facilityAround/eyJpdiI6Imw5Ymp2RXNxSmR1eVwvb3RxUlwvS09MUT09IiwidmFsdWUiOiJzdXdqWGlXM0ZvYmc5bDVKMFdGV25nPT0iLCJtYWMiOiI2ZWVjZDVjNDk3OGYzNzhmYTc5OWE5NDAwNTY0Y2Y5MjRmZTQ1MzdiZTQwMTkyNTUyYTQ4ZDY0NzBmNDMxMDU3In0=,,F000947,男女共用トイレあり | 調査日=2019-11-08,
45,宮崎県,45405,川南町,,尾鈴クリニック,,,889-1301,川南町大字川南13681-1,32.190479,131.5259204,,yes,,１階,,,,yes,,,,,,,,,,,,,,,,,,,,,,multipurpose_toilet,みやざきアクセシビリティ情報マップ,https://m-bfree.pref.miyazaki.lg.jp/a_map/public/facilityAround/eyJpdiI6ImtreUNVNmNEVFE1aFQ2ZlVweUpveGc9PSIsInZhbHVlIjoiZFgrS0NBNjUzWkt4d0NTUGl0OFBrUT09IiwibWFjIjoiMDdlMzBmNjVlMjY0NGM5OGZiMzZkNzNmYWNlMDgyYTU0NzViOWNhMDZhZjJhMmJlOWEwZDNjNzgzZGM4NDdiZiJ9,,F001693,男女共用トイレあり | 緊急通報装置あり | 調査日=2020-03-21,
45,宮崎県,45401,高鍋町,,おすず調剤薬局,,,884-0002,高鍋町大字北高鍋784-4,32.1310384,131.5093655,http://www.himuka-medical.com/,yes,,,,,,,,,,,,,,,,,,,,,,,,,,,,multipurpose_toilet,みやざきアクセシビリティ情報マップ,https://m-bfree.pref.miyazaki.lg.jp/a_map/public/facilityAround/eyJpdiI6IkQ2U0RjZ0JcL2ZMTTJTaVB4VllCdEdnPT0iLCJ2YWx1ZSI6IktvXC9aYTlMVFpuWllPN2NnalQrZWh3PT0iLCJtYWMiOiIxYTZkMjZhMWIwYzZlNjRmOWM3N2ZhMjc2NGY4MDNiYTVjMWQyNGNlYjcxMTRkZGFkZDcwYzQ2OThjNDE1NDkyIn0=,,F001260,男女共用トイレあり,
45,宮崎県,45201,宮崎市,,落合内科,,,880-0902,宮崎市大淀3丁目1-35,31.8981105,131.4221765,,yes,,,,,,,,,,,yes,,,,,,,,,,,,,,,,,multipurpose_toilet,みやざきアクセシビリティ情報マップ,https://m-bfree.pref.miyazaki.lg.jp/a_map/public/facilityAround/eyJpdiI6IjAzZkdJSkxVSkdxd3lXM3RraU5yMFE9PSIsInZhbHVlIjoidjQwTkhvTklPRGZMa1VnM2Z6WW5TUT09IiwibWFjIjoiNDQ4ZDdiZmM2MjdkNjViNWM5NjUyMDhmMDViY2U1MDAyOTA1MzYyYmIxNmM5YzhkNjI1MDM1YTllMzI5NzU5MSJ9,,F001729,男女共用トイレあり | 緊急通報装置あり | 調査日=2019-11-18,
45,宮崎県,45441,高千穂町,,遠方近方～Ochi Kochi～,,,882-1101,高千穂町大字三田井1145-1,32.70924,131.30685,https://www.instagram.com/ochi_cochi,yes,,店舗の奥,,,,,,,,yes,,,,,,,,,,,,,,,,,,multipurpose_toilet,みやざきアクセシビリティ情報マップ,https://m-bfree.pref.miyazaki.lg.jp/a_map/public/facilityAround/eyJpdiI6ImYxR2NVQTBzXC9pME9GOUtpUjdVZ0dRPT0iLCJ2YWx1ZSI6IlVSbzBcL1ZEcjA2d0hiZ0gxRWNEbjVBPT0iLCJtYWMiOiI1YzU4ZGVjZDAxMTRlZWI4MDE5NDg2Yjg2NDM1YTgyNjBjODUxZWQxMzUyNjYzZjk0MjkzN2UwMjlhNjZjNGVmIn0=,,F002889,男女共用トイレあり | 調査日=2026-05-15,
45,宮崎県,45201,宮崎市,,おなは市場 平和が丘店,,,880-0036,宮崎市花ヶ島町陣ノ下32番1,31.9527094,131.4243564,,yes,,,,,,,,,,,,,,,,,,,,,,,,,,,,multipurpose_toilet,みやざきアクセシビリティ情報マップ,https://m-bfree.pref.miyazaki.lg.jp/a_map/public/facilityAround/eyJpdiI6InlVMVhhVDZRRWFpbFI1SjZNXC9QcEdBPT0iLCJ2YWx1ZSI6ImcyeXVEeFNUTkF1QW85cTc4Q1M1QXc9PSIsIm1hYyI6ImQwOWIzMTU4ZjIzNDJjMjhiMzEyYWExYjY1MDVmNjYzNTE3ZTkwMThlMDQzZTMwZGY4MTRlMzczMjgwZjQ5ZGIifQ==,,F000222,男女共用トイレあり,
45,宮崎県,45341,三股町,,お箸処 北諸 三股店,,,889-1901,三股町五本松14番1,31.730389,131.119958,http://www.kitamoro.jp/,yes,,店舗奥,,,,yes,,,,yes,,,,,,,,,,,,,,,,,,multipurpose_toilet,みやざきアクセシビリティ情報マップ,https://m-bfree.pref.miyazaki.lg.jp/a_map/public/facilityAround/eyJpdiI6Im9JSFhKVUVNdXJobTRXZjlnVnl3NFE9PSIsInZhbHVlIjoiK2h3ekJWXC9OMks0cWgrdWtKME9kdlE9PSIsIm1hYyI6IjYwNDU0NTQ0ZjQ1Y2NhMWZkZDFkYWVjMzNkYTE0MzI2ZjVlOWU2MjI3NWU2YzVlZmJiMTc5ZWVlM2FjODM1ZjYifQ==,,F002401,男女共用トイレあり | 調査日=2019-11-28,・トイレ入口幅100cm / ・ハロゲンヒーターがある / ・女性用トイレも、車いす利用者で自立者は使用可能（手すりはなし）
45,宮崎県,45201,宮崎市,,オハナ薬局,,,880-0212,宮崎市佐土原町下那珂3568番3,32.00999667458204,131.47421957519535,,yes,,,,,,yes,,,,,,,,,,,,,,,,,,,,,,multipurpose_toilet,みやざきアクセシビリティ情報マップ,https://m-bfree.pref.miyazaki.lg.jp/a_map/public/facilityAround/eyJpdiI6InpKS0pFbXhJR3RBVGpCNXpKVTd0RVE9PSIsInZhbHVlIjoiaGtsK05DKzVWZFY1ZUdZM044cnlwdz09IiwibWFjIjoiYmRjYmIyNTJlMGZlYzVjNmZiNmZkMzA5YzVlODNiOTZmNjAxMzZkMGRhYWEwMDllMmEyMGY3NGEyNGY0Y2RhYyJ9,,F002664,男女共用トイレあり | 調査日=2023-02-24,
45,宮崎県,45204,日南市,,飫肥（飫肥城観光駐車場）,,,889-2535,日南市飫肥9丁目1-14,31.626647,131.3514587,https://www.kankou-nichinan.jp/tourisms/375/,yes,,飫肥観光駐車場内、屋外,,,,yes,,yes,,yes,,,,,,,,,,,,,,,,,,multipurpose_toilet,みやざきアクセシビリティ情報マップ,https://m-bfree.pref.miyazaki.lg.jp/a_map/public/facilityAround/eyJpdiI6IktDeWFObUh1RkhnWmF1ck9yWGY4alE9PSIsInZhbHVlIjoiY1RaMmF0NUVnam5CVWJzcjRJbk9iZz09IiwibWFjIjoiYzI0MGQ1ZDhhNTQyNDFjN2FjZTBkN2Q1Mjg4NTAzMmM2OTY1MGZlODgzY2MzZjFjNjVkZTBiMjViNWRmYzVjMCJ9,,F001056,男女別トイレあり | 緊急通報装置あり | 調査日=2019-11-13,
45,宮崎県,45201,宮崎市,,株式会社オフィスこおり グループホーム101,,,880-0021,宮崎市清水1丁目169,31.9207549,131.421853,,yes,,,,,,,,,,,,,,,,,,,,,,,,,,,,multipurpose_toilet,みやざきアクセシビリティ情報マップ,https://m-bfree.pref.miyazaki.lg.jp/a_map/public/facilityAround/eyJpdiI6IkQ5VEFaa1RiZmZ1N21Ub3BvUmV2cFE9PSIsInZhbHVlIjoiRDUyQXh2dGdWb0xFTkJuQXhrZG5YQT09IiwibWFjIjoiM2MyZGE0YTY0ZGQ4ODM4NmZlOTBiZDIwZDBmY2Y4MGE3MjllZjZjY2FlMTVmMjdmM2E3NmVkOTA1NzdkMGMwMyJ9,,F000220,男女共用トイレあり | 調査日=2019-11-15,
45,宮崎県,45208,西都市,,尾本歯科医院,,,881-0035,西都市中央町2丁目55番,32.1084405,131.4088944,,yes,,,,,,yes,,,,,,,,,,,,,,,,,,,,,,multipurpose_toilet,みやざきアクセシビリティ情報マップ,https://m-bfree.pref.miyazaki.lg.jp/a_map/public/facilityAround/eyJpdiI6IjN3WDNSVnc5ak5tWUZOSzVOVzVzM2c9PSIsInZhbHVlIjoicThBN0RKcUxyWGhqUTZjSjVrbTBTUT09IiwibWFjIjoiODU3NGViZTczNDJkMzYzOWZmMGQ5MGYwN2UwN2RmOTQ3NmQyZDk1ZjQzNGZkMWY0ODliZjQ4ODA2MjNlNWE1NSJ9,,F000788,男女共用トイレあり | 調査日=2019-11-11,
45,宮崎県,45204,日南市,,オラレ日南,,,887-0014,日南市岩崎3-115-1,31.587615,131.398251,,yes,,入口奥,,,,yes,,yes,,,yes,,,,,,,,,,,,,,,,,multipurpose_toilet,みやざきアクセシビリティ情報マップ,https://m-bfree.pref.miyazaki.lg.jp/a_map/public/facilityAround/eyJpdiI6Imk4VUEzdXZzUFVpck92aDdzVUVnVkE9PSIsInZhbHVlIjoieW9La2xjQUdqUXRKVWYrdzd6a1h0Zz09IiwibWFjIjoiNzlkYzZmNThmMjRjZGZlMTdmYmU1YmVhNzI5Zjg0ZjcwMzE3NGY5MTcyMmExZGNiOGJlMjVhMzQ4MWJhZGYxOCJ9,,F002374,男女共用トイレあり | 緊急通報装置あり | 調査日=2019-12-10,
45,宮崎県,45201,宮崎市,,ガーデンベルズ宮崎,,,880-0056,宮崎市神宮東2丁目13-15,31.93738,131.42658,,yes,,,,,,,,,,yes,,,,,,,,,,,,,,,,,,multipurpose_toilet,みやざきアクセシビリティ情報マップ,https://m-bfree.pref.miyazaki.lg.jp/a_map/public/facilityAround/eyJpdiI6InlQSk8zMjVoM3JFMW5cL1lYcEtBT1h3PT0iLCJ2YWx1ZSI6IkFFb1BnUXJIcURsYTdNRXc0U2MrZWc9PSIsIm1hYyI6IjFiYWI3YTMwMzIzYTZiY2U5MWRiMGZiZDU3MTJmZGQxOWQxZTNhY2E3ZGE0ZTgwZjZiZTBjNGU5MGE1OTllZDkifQ==,,F002550,調査日=2022-01-06,
45,宮崎県,45201,宮崎市,,かいクリニック,,,880-0053,宮崎市神宮2丁目83番2,31.9379101,131.4231047,http://kai-clinic.com/,yes,,,,,,,,,,,,,,,,,,,,,,,,,,,,multipurpose_toilet,みやざきアクセシビリティ情報マップ,https://m-bfree.pref.miyazaki.lg.jp/a_map/public/facilityAround/eyJpdiI6InJ1XC9QRVpWM3NmWnJuM0tmcEJKcDVBPT0iLCJ2YWx1ZSI6IndkXC9XYWNzVWFnOTI5eWcyVWpSaExBPT0iLCJtYWMiOiIzYWNkZWE4NGNjOGQwNjdjMmFmYzEwMWU1MTBhNWY5YTA1M2ViODIyOTdmM2RiYTU1YjAzMTgwYzM1ODk0MDNiIn0=,,F000994,男女共用トイレあり,
45,宮崎県,45201,宮崎市,,（有）介護支援ホーム れんげ荘,,,880-2234,宮崎市大字金崎2537-1,31.974112,131.35839,,yes,,,,,,,,,,,,,,,,,,,,,,,,,,,,multipurpose_toilet,みやざきアクセシビリティ情報マップ,https://m-bfree.pref.miyazaki.lg.jp/a_map/public/facilityAround/eyJpdiI6IkZ1cW5FWHZYdDVrKzN0RW1VSkJ3ZUE9PSIsInZhbHVlIjoiZDdVVDBYbmlFbHlUQjhCOXE0Z3J5QT09IiwibWFjIjoiOGFiNzQ5ZDM5YmY1OTFiMDVmNTM4NGVlYWI5NjlhMWRmODYxNzNmNzg4NDNlZGE4MDhkYTFmNWYyYjBmOTg3OSJ9,,F001224,男女共用トイレあり,
45,宮崎県,45206,日向市,,介護付ホーム ふくじゅそう,,,883-0062,日向市大字日知屋14693-1,32.4511935,131.6366108,http://fukujusou.html.xdomain.jp/,yes,,１階,,,,yes,,,,,,,,,,,,,,,,,,,,,,multipurpose_toilet,みやざきアクセシビリティ情報マップ,https://m-bfree.pref.miyazaki.lg.jp/a_map/public/facilityAround/eyJpdiI6IkFEbjJ6SFwvOWhkZ3VmVE4zc3Z2NHZRPT0iLCJ2YWx1ZSI6Ik55T2ZcL3VVYnMrQVpYS2VcL0lLUWViUT09IiwibWFjIjoiODY1MWYzM2Q1ZThkNzY0OTAyMTRjYmI0NzZhZDg1Mjg5OTg2NzUyYTNhMDgxN2YyNjgwY2JjYzY5ODg4NmZkNyJ9,,F000330,男女別トイレあり | 緊急通報装置あり | 調査日=2009-11-18,
45,宮崎県,45201,宮崎市,,介護付有料老人ホーム くじら,,,880-0211,宮崎市佐土原町下田島7824-7,32.0368605,131.4649775,,yes,,,,,,,,yes,,,,,,,,,,,,,,,,,,,,multipurpose_toilet,みやざきアクセシビリティ情報マップ,https://m-bfree.pref.miyazaki.lg.jp/a_map/public/facilityAround/eyJpdiI6IlhjU0hBMkVOWDVrVkF1Sm1NZ29PSVE9PSIsInZhbHVlIjoiVzFIWHRMR2ZhRWM5dXBoR0V2T3c2Zz09IiwibWFjIjoiNGIzNjUzNzg5MTI5NDI4YjE4OTNkYTY5NTIyYjc0NWU3NmUwN2M3YTUzOGQzNDI0NzNhZDQwY2JiMTA4NWFhMCJ9,,F001511,男女共用トイレあり | 調査日=2009-11-19,
45,宮崎県,45201,宮崎市,,介護付有料老人ホーム アルテンハイム・グジブランド,,,880-0924,宮崎市大字郡司分字次田木乙799-1,31.855039,131.410561,http://tatsumoto-g.com/,yes,,,,,,,,,,,,,,,,,,,,,,,,,,,,multipurpose_toilet,みやざきアクセシビリティ情報マップ,https://m-bfree.pref.miyazaki.lg.jp/a_map/public/facilityAround/eyJpdiI6InVCOW1rR2FoWXV4T0VGa2N0S3QrZVE9PSIsInZhbHVlIjoicU00eTQyV3k3T3dcL28wVXFyRnVFemc9PSIsIm1hYyI6ImVjMTY0MDBlNTA0OTExNjlmY2YwNWRmNTlkODZkMmI5Njg5Y2JiYjRjODhjNmNkZjU5MDlhZGZlMDZiZjllMWEifQ==,,F000646,男女共用トイレあり,
45,宮崎県,45421,門川町,,介護付有料老人ホーム海の館,,,889-0612,門川町中須1丁目3-7,32.4675293,131.6504801,http://www.midori-naganuma.com/facility/uminoyakata/,yes,,１階,,,,yes,,,,,,,,,,,,,,,,,,,,,,multipurpose_toilet,みやざきアクセシビリティ情報マップ,https://m-bfree.pref.miyazaki.lg.jp/a_map/public/facilityAround/eyJpdiI6IktRSXhidEI2UGtlS3h1S3RuWGI5Umc9PSIsInZhbHVlIjoiQm5udlwvUFQyVjNQY3hJUTVVRGdVSHc9PSIsIm1hYyI6ImYzMWQ3YTRkZWU3MmYzOTQ4ODYxNWNhNmRjZGZkMGM4ZjFlZGViNTU4MjVlOTYxOTczNGFiOWYyZTQ0ZGY4NmMifQ==,,F000324,男女共用トイレあり | 緊急通報装置あり | 調査日=2006-03-20,
45,宮崎県,45204,日南市,,介護付有料老人ホーム ロイヤルガーデン日南,,,889-2533,日南市大字星倉字宮之迫1099-2,31.6214068,131.3636182,http://www.keiwakai.co.jp/?utm_source=kd,yes,,,,,,yes,,,,,,,,,,,,,,,,,,,,,,multipurpose_toilet,みやざきアクセシビリティ情報マップ,https://m-bfree.pref.miyazaki.lg.jp/a_map/public/facilityAround/eyJpdiI6IkxMK3V3WVVEaU9nV0xjajVuTVRzWUE9PSIsInZhbHVlIjoiVUlXMFNwK2ZTU0FpNTI3RFhub1BLZz09IiwibWFjIjoiZTQ2NjY1ODU5ZmZmYzU3OWI2MjQ0MWU1MDg4NWU2MzkzOTBiZDZjNWI2NWNmMmQ0NWJkMjc0ZjRiYTczMDc4OCJ9,,F000019,男女共用トイレあり | 調査日=2006-06-21,
45,宮崎県,45201,宮崎市,,介護福祉サービスひばり さくらの里,,,880-2221,宮崎市高岡町内山3024-1,31.956301,131.2937985,http://hibari-service.com/business/sakura/,yes,,,,,,,,,,,,,,,,,,,,,,,,,,,,multipurpose_toilet,みやざきアクセシビリティ情報マップ,https://m-bfree.pref.miyazaki.lg.jp/a_map/public/facilityAround/eyJpdiI6InczRVhpc1V6bm9TOXJIaFB0anYzc1E9PSIsInZhbHVlIjoiRGRJRmhrOVNtY202SkJLVGQ3VFRpZz09IiwibWFjIjoiNDM0NzIxYjk5NTUyYTQ2YjJmMWMwMDRjZDU4ZjI0ODIxZmFlNzY3NGZlZjk3MDdkNzNmNTY5MGI4ZjQ4NWM2NSJ9,,F001830,男女共用トイレあり,
45,宮崎県,45201,宮崎市,,介護老人保健施設 あおしまのいえ,,,889-2162,宮崎市青島4-6-3,31.795707,131.4694861,,yes,,,,,,,,,,,,,,,,,,,,,,,,,,,,multipurpose_toilet,みやざきアクセシビリティ情報マップ,https://m-bfree.pref.miyazaki.lg.jp/a_map/public/facilityAround/eyJpdiI6IjUxdysxdW95YXRzNnhPUVVMcXJYemc9PSIsInZhbHVlIjoiUmkrTEdxWHZwTGhUSW9UMlc5MVV2Zz09IiwibWFjIjoiOTBmYWMwNDVjMzRkZGI4YzczODMxY2YzODFkYmQ3ZGEzZjA2M2FiMWUyZTBjMWQ5OGJiNGE3NzQxNTAyYWVlOSJ9,,F000715,男女別トイレあり | 調査日=2019-11-12,
45,宮崎県,45441,高千穂町,,介護老人保健施設 神楽苑,,,882-1102,高千穂町大字押方1130番地,32.7120452,131.2964431,http://www.kunimigaoka.or.jp/,yes,,,,,,,,,,,,,,,,,,,,,,,,,,,,multipurpose_toilet,みやざきアクセシビリティ情報マップ,https://m-bfree.pref.miyazaki.lg.jp/a_map/public/facilityAround/eyJpdiI6IjNnTHlLckljWnBhXC9Gbk12cUpSVWxRPT0iLCJ2YWx1ZSI6IjJxR3VlZnhuY3c2QXRDNVlUcUhkYnc9PSIsIm1hYyI6IjM0NzYxMzdlNzBhMzE0ZWZiZTQ3ZmJiOWE4ODNjMzI0MTNhODE0Mjc5YTE2N2M3MTU3NzgyZWRlNjcwMjA1M2IifQ==,,F001244,男女別トイレあり | 調査日=2013-09-11,
45,宮崎県,45201,宮崎市,,介護老人保健施設 シルバーケア野崎,,,880-0837,宮崎市村角町高尊2105,31.9578928,131.4467683,http://www.koujunkai.jp/scare/,yes,,,,,,,,,,,,,,,,,,,,,,,,,,,,multipurpose_toilet,みやざきアクセシビリティ情報マップ,https://m-bfree.pref.miyazaki.lg.jp/a_map/public/facilityAround/eyJpdiI6IkYzeHVGSHNMb3ZuU1wvQXE1dlg4MDFnPT0iLCJ2YWx1ZSI6Imx5OXFPNHVWaTF2SEV0akpsY3M1bnc9PSIsIm1hYyI6ImI4M2RhZmJkMDVjMmQxYzUyNTFiNTJjOTRmMGEzM2QwMDVjNjYyOTU1MGE4NmE4YmZlNDg0ODkxYzM0Mzk1MzYifQ==,,F000849,男女共用トイレあり | 調査日=2019-11-11,
45,宮崎県,45202,都城市,,介護老人保健施設ウエルネス苑都城,,,885-0053,都城市上東町27-16,31.7236977,131.0809372,,yes,,,,,,yes,,,,,,,,,,,,,,,,,,,,,,multipurpose_toilet,みやざきアクセシビリティ情報マップ,https://m-bfree.pref.miyazaki.lg.jp/a_map/public/facilityAround/eyJpdiI6InZrb0JtVUNaOUhrTUNHeThNbWhqY2c9PSIsInZhbHVlIjoiVjRsVDFLOXhDNmdtMW1Wd05ma2dzdz09IiwibWFjIjoiZmI1MDc3OWVjNDlkZWMzMGY4ZDM5ZDlmMzNjYjUxOTNiYTY0NmFjY2E3Nzk5NjRmYjRjODE1M2U5YzkxNDcwZiJ9,,F000286,男女別トイレあり | 調査日=2002-09-24,
45,宮崎県,45204,日南市,,介護老人保健施設おびの里,,,889-2535,日南市飫肥6丁目1-15,31.6246176,131.3553555,,yes,,,,,,,,,,,,,,,,,,,,,,,,,,,,multipurpose_toilet,みやざきアクセシビリティ情報マップ,https://m-bfree.pref.miyazaki.lg.jp/a_map/public/facilityAround/eyJpdiI6InZrQ29lRWNVXC9jVnN0WmVkSU9nXC94Zz09IiwidmFsdWUiOiJyY2FKczdGdzJcL0FWODRzS0dDNzRudz09IiwibWFjIjoiNTgzNTYyZTIxOGVkODc4ZDQ1MjMyODE0MmQxZTZhZGMzZmI3OTg0NzMyNDNjZDI5YWQ3ODc2ZjcxOGYwMzAzMSJ9,,F001606,男女別トイレあり | 調査日=2002-09-06,
45,宮崎県,45206,日向市,,医療法人社団慶城会介護老人保健施設慶穣塾,,,883-0033,日向市大字塩見10947番地1,32.4106635,131.594738,http://takii-hospital.com/,yes,,,,,,yes,,,,,,,,,,,,,,,,,,,,,,multipurpose_toilet,みやざきアクセシビリティ情報マップ,https://m-bfree.pref.miyazaki.lg.jp/a_map/public/facilityAround/eyJpdiI6InpWaENSSWdpUjVnbkloUG5rclBrOWc9PSIsInZhbHVlIjoiS2h1eDBDaVpZVUYzd2h6RGMyK1JVUT09IiwibWFjIjoiODg2Yzk3NmNmMzE4YWExYzJlYTY3ZDgwZTk2Y2NkNDkyYzczYWI1ODVhNThlOWU3MTZkYjllOGJlZTlmZDdkMiJ9,,F000948,男女別トイレあり | 調査日=2019-11-09,
45,宮崎県,45209,えびの市,,介護老人保健施設 さくら苑,,,889-4314,えびの市大字大河平4327番地37,32.0397469,130.9120314,http://www.kyk.or.jp/,yes,,,,,,,,,,,,,,,,,,,,,,,,,,,,multipurpose_toilet,みやざきアクセシビリティ情報マップ,https://m-bfree.pref.miyazaki.lg.jp/a_map/public/facilityAround/eyJpdiI6InlCUmZnalYyaHpqSG9OQnNnaktBN0E9PSIsInZhbHVlIjoib0U0RmJxcGwydUZ2OWRUQkVOR3BQQT09IiwibWFjIjoiMDM5OTFmYzFmODdlODY0NmY5ZGJiZWIzN2YxMTQ5MzIxMGJhMjk2YWJkNTY3ODMyNTE2YmM4MDIzNDI0NTlkZCJ9,,F001282,男女共用トイレあり | 調査日=2013-09-02,
45,宮崎県,45205,小林市,,介護老人保健施設さわやかセンター,,,886-0003,小林市大字堤3008番地1,31.982055,130.9978367,http://sawayakacenter.com,yes,,,,,,,,,,,,,,,,,,,,,,,,,,,,multipurpose_toilet,みやざきアクセシビリティ情報マップ,https://m-bfree.pref.miyazaki.lg.jp/a_map/public/facilityAround/eyJpdiI6IkFQUkxOQ1wvMTEzUU1SMjhjWkhBRTNRPT0iLCJ2YWx1ZSI6IjEyRU44dDdPRGFxcUtYajRTbjg4Vnc9PSIsIm1hYyI6ImM1NWM1MzViYmQ4ZWQ2MjBlOTA4MTk2YTYwNjRlZWE3MGZkMTczOWZhNzY2MGU4ZWExZGUwYWE5ZWY3ZTA3NjIifQ==,,F001665,男女別トイレあり | 調査日=2013-09-19,
45,宮崎県,45201,宮崎市,,介護老人保健施設 サンヒルきよたけ,,,889-1601,宮崎市清武町大字木原5886,31.8384303,131.393122,http://www.suntaiyo.jp/,yes,,,,,,,,,,,,,,,,,,,,,,,,,,,,multipurpose_toilet,みやざきアクセシビリティ情報マップ,https://m-bfree.pref.miyazaki.lg.jp/a_map/public/facilityAround/eyJpdiI6Ikt6VkFDTzZLRXp4T1V2VDdVSHB2aFE9PSIsInZhbHVlIjoiQ2Yxa1hpeUtNeDBTano4eGJHMU9Zdz09IiwibWFjIjoiNTNmNzhlMzE1OTkyYTIzN2I4ZDM1NWE2OGEyNzQzNWNmOWM4MDc2OGY1ODk4ZmE3OTkxODE5NDNkZTc1NDdhZSJ9,,F001178,男女別トイレあり | 調査日=2002-09-05,
45,宮崎県,45382,国富町,,介護老人保健施設 サンフローラみやざき,,,880-1111,国富町大字岩知野字明久355,31.973496,131.369203,https://www.keimeisw.or.jp/sunflora/,yes,,,,,,,,,,,,,,,,,,,,,,,,,,,,multipurpose_toilet,みやざきアクセシビリティ情報マップ,https://m-bfree.pref.miyazaki.lg.jp/a_map/public/facilityAround/eyJpdiI6Im5oU0dOUzVBWjc1SE82bVBiNzdlN1E9PSIsInZhbHVlIjoiSWh6ZDdKUkdqZFwvK1dyVXY4WWtGWWc9PSIsIm1hYyI6IjBkZGNhMWI1NzgwNGJiYzhlZGNmYWQ2YjhiYzBlNzU2Zjk2NWFhNDg3MDkzNTI4MmI2MDZjYzY5ZTM1NDNkYTEifQ==,,F000572,男女別トイレあり | 調査日=2002-09-20,
45,宮崎県,45204,日南市,,医療法人 小倉蒲生病院介護老人保健施設 しあわせの里,,,889-2401,日南市北郷町大字大藤甲3589-1,31.658469,131.385717,http://siawasenosato.com/,yes,,,,,,,,,,,,,,,,,,,,,,,,,,,,multipurpose_toilet,みやざきアクセシビリティ情報マップ,https://m-bfree.pref.miyazaki.lg.jp/a_map/public/facilityAround/eyJpdiI6IjdQOE1PdlBzSGcxUnFKclNKOG5CYlE9PSIsInZhbHVlIjoiOHpCalwvdFpXcXlzUWJna1hFVFNcL3NnPT0iLCJtYWMiOiJiZjA5MTE4ZmNhNjlmZjRhYWVlN2E0YWMyNzczZTY0YzkzOGVmMWFmZWZlZDVkZTRmMjQwMzI4ZWUxYWY1ZDllIn0=,,F000975,男女別トイレあり | 調査日=2013-09-19,
45,宮崎県,45203,延岡市,,介護老人保健施設 昭和苑,,,882-0867,延岡市構口町2丁目125番地-1,32.5577729,131.6728739,http://www.showaen.jp/,yes,,,,,,,,,,,,,,,,,,,,,,,,,,,,multipurpose_toilet,みやざきアクセシビリティ情報マップ,https://m-bfree.pref.miyazaki.lg.jp/a_map/public/facilityAround/eyJpdiI6Ik5PZlFXb0h0cXpySEg0RE0wVlhrWFE9PSIsInZhbHVlIjoiVVdkemhGNVMxbHByU21BbDAzTEdEZz09IiwibWFjIjoiM2ZjMWE4ZjAyMTM3N2JjNjg1YjJjOWM4ZjRmMzFhYmJlZGI5MDE3ZDA1NTE5MjFhMGY1MDgxMGM3MmI2NTUwYyJ9,,F001476,男女別トイレあり | 調査日=2013-09-05,
45,宮崎県,45402,新富町,,介護老人保健施設シルバーケア新富,,,889-1406,新富町大字新田481-1,32.064417,131.4606002,,yes,,,,,,,,,,,,,,,,,,,,,,,,,,,,multipurpose_toilet,みやざきアクセシビリティ情報マップ,https://m-bfree.pref.miyazaki.lg.jp/a_map/public/facilityAround/eyJpdiI6IkZBRURLRmhtcGdRanBydmdLcGFrcUE9PSIsInZhbHVlIjoiaURRSWdNT1FESWpHYlg1OFoxQUR4Zz09IiwibWFjIjoiNzkxMTllMjBjYWE4ODMxZWE2ODFkMWI1MzcyMWJlMzQ5ZDQ5Y2Y4NWIyYWVkYjNhNGM1NmI1MWNhN2E5NWFjOCJ9,,F000509,男女共用トイレあり | 調査日=2019-09-01,
45,宮崎県,45201,宮崎市,,介護老人保健施設信愛ホーム,,,880-2221,宮崎市高岡町内山2424,31.9680445,131.2959247,http://tatsumoto-g.com/,yes,,,,,,,,,,,,,,,,,,,,,,,,,,,,multipurpose_toilet,みやざきアクセシビリティ情報マップ,https://m-bfree.pref.miyazaki.lg.jp/a_map/public/facilityAround/eyJpdiI6IjkrbmtxcW1GVEFrNGl2SnlNOHJkS1E9PSIsInZhbHVlIjoiOVwveGxTSG1xdlpCTFdvWlFmUFg5Q2c9PSIsIm1hYyI6ImE1Mzc3NzdiZjJiNmRkMjlmMmExMTE5MTdmNTM5OTQ2ODg5MzE3MzY2MTM2MDBjNmE4ODMwMTVlZDU0MzkwMjQifQ==,,F000681,男女共用トイレあり | 調査日=2013-09-06,
45,宮崎県,45205,小林市,,医療法人東陽会 介護老人保健施設すこやかセンターこばやし,,,886-0004,小林市細野2033番地,31.9891957,130.9799025,http://www.maeharahospital.jp/,yes,,,,,,,,,,,,,,,,,,,,,,,,,,,,multipurpose_toilet,みやざきアクセシビリティ情報マップ,https://m-bfree.pref.miyazaki.lg.jp/a_map/public/facilityAround/eyJpdiI6ImF4UGExSzB0Vm1qRVNkZFJYWE9lSHc9PSIsInZhbHVlIjoiZkNvNDJLXC9xVGFJcVpDaFNDVVNrc0E9PSIsIm1hYyI6IjE4YzQ1MzdkNTRmNWIzZmU1ODUxMDgwNjZhNjIwMGJmZjUxZGQ0ZmYyMTA4ZDY2N2M5OTdkM2MxYTk4ODFjMzEifQ==,,F001392,男女共用トイレあり | 調査日=2019-11-22,
45,宮崎県,45207,串間市,,介護老人保健施設長寿の里,,,889-3531,串間市大字奈留5298-3,31.513484,131.2466168,http://www.shueikai.or.jp,yes,,,,,,,,,,,,,,,,,,,,,,,,,,,,multipurpose_toilet,みやざきアクセシビリティ情報マップ,https://m-bfree.pref.miyazaki.lg.jp/a_map/public/facilityAround/eyJpdiI6IjRTOHVqUzIwTERieWEyVDdwK0FGTlE9PSIsInZhbHVlIjoiNG1DaWhya2hUcFZEYlRhZGVZQjhBdz09IiwibWFjIjoiNjMyNjczZTk2ZDFlYjViM2EwNjdmMTZkMTkxMjE1NDk0NGIxMDdmZjYxZWViNjYxN2I3MWYzYjUxNDVjMjljOCJ9,,F001465,男女共用トイレあり | 調査日=2019-09-01,
45,宮崎県,45208,西都市,,介護老人保健施設菜花園,,,881-0026,西都市大字穂北字東原5253番地4,32.134952,131.4423172,http://www.ryutoku.or.jp/saikaen/,yes,,,,,,,,,,,,,,,,,,,,,,,,,,,,multipurpose_toilet,みやざきアクセシビリティ情報マップ,https://m-bfree.pref.miyazaki.lg.jp/a_map/public/facilityAround/eyJpdiI6Ink1VmhHclFTamdVcW81Nk1jYkpWY0E9PSIsInZhbHVlIjoiSTBuU2dUN1Zodjk5MHBWRDRBVTlkQT09IiwibWFjIjoiMDk5ZTZlMTE0NzRkYTBjYjQ2YzZjODU1ZGI3YWM1NjhhNTRhZjE1NDk0ZjUxMjgwMWJiOTgxOGQ4NDNhODQ4MiJ9,,F001325,男女別トイレあり | 調査日=2019-09-01,
45,宮崎県,45401,高鍋町,,介護老人保健施設 なでしこ園,,,884-0002,高鍋町大字北高鍋3225番地,32.1252457,131.5215084,http://www.sanjinkai.jp/nadesiko/,yes,,,,,,,,,,,,,,,,,,,,,,,,,,,,multipurpose_toilet,みやざきアクセシビリティ情報マップ,https://m-bfree.pref.miyazaki.lg.jp/a_map/public/facilityAround/eyJpdiI6Ik9YWFhnd3NKNitOUkpLYWYxNkNLc3c9PSIsInZhbHVlIjoiZlRuc1BNNU9LVjArOVFjUEk0cnJmdz09IiwibWFjIjoiMTE4ZTE0ZWQ2MTI0ZTEzY2QwZDE5MjBiNTZhYmFjMDMyYmVlYzY2NmU5OWY0NjNhYzFjMWUwMzZiODU1MmQxYyJ9,,F000535,男女共用トイレあり | 男女別トイレあり | 調査日=2013-09-03,
45,宮崎県,45208,西都市,,介護老人保健施設並木の里,,,881-0113,西都市大字下三財8124-8,32.0698102,131.3447595,https://gyoseikai-med.jp/,yes,,,,,,yes,,,,,,,,,,,,,,,,,,,,,,multipurpose_toilet,みやざきアクセシビリティ情報マップ,https://m-bfree.pref.miyazaki.lg.jp/a_map/public/facilityAround/eyJpdiI6InNsSW42TEx4Y2dBdkhKTDhJS3NLb3c9PSIsInZhbHVlIjoib0VmbnBpbWpwN0lPQWsrMTR4aDRjZz09IiwibWFjIjoiM2MyMzUyZjNjODg2ZWYwZmZkNDM5NDZlMzM1ZGI5MTY5YTkxODExMzZlNWViMzExMzQ1ODEwM2Y5MDhkOGQ1NiJ9,,F001327,男女共用トイレあり | 緊急通報装置あり | 調査日=2019-11-11,
45,宮崎県,45204,日南市,,介護老人保健施設ハイム苑,,,887-0021,日南市中央通1丁目10番15号,31.6007924,131.3814793,http://www.aisinkai.com/original2.html,yes,,,,,,,,,,,,,,,,,,,,,,,,,,,,multipurpose_toilet,みやざきアクセシビリティ情報マップ,https://m-bfree.pref.miyazaki.lg.jp/a_map/public/facilityAround/eyJpdiI6IjhMUVpKRGVUamg3aUU4b2FMWEliQUE9PSIsInZhbHVlIjoidkdPK0Q0TlN0a0NLYTN6TmgycnVhdz09IiwibWFjIjoiMjc0ZjFiNzk3MzJhNjVlM2Q4NzFmMTVmMTY4YzM0Zjc1OGM1YTMxMWVmZjUzYjM4NjVmNzZhZTc5MTQyZjQ4ZiJ9,,F001618,男女共用トイレあり | 調査日=2002-09-25,
45,宮崎県,45341,三股町,,介護老人保健施設 はまゆう,,,889-1914,三股町大字蓼池660番地,31.7487364,131.1145754,http://makikai.com/information/link/,yes,,,,,,,,,,,,,,,,,,,,,,,,,,,,multipurpose_toilet,みやざきアクセシビリティ情報マップ,https://m-bfree.pref.miyazaki.lg.jp/a_map/public/facilityAround/eyJpdiI6Ijg1MUtjSXlJcm4yUFhUTjBVc3VsaEE9PSIsInZhbHVlIjoiZlArd0doTHJka2c4dHJMMXJMOFlkUT09IiwibWFjIjoiZTkxZGY1NWY0MjU5NjBlODc3YmZiYmM1MmY1MWUxYzhlMWRjODMyOWI2Yzk2MjRiYmMwM2IzODE4NDkwZDVmNiJ9,,F000588,男女別トイレあり | 調査日=2002-09-10,
45,宮崎県,45203,延岡市,,介護老人保健施設 マイ・グリーンヒル,,,882-0863,延岡市緑ヶ丘5丁目2番22号,32.545977,131.679493,https://www.ryuseikai.jp/mygreenh/,yes,,,,,,yes,,,,,,,,,,,,,,,,,,,,,,multipurpose_toilet,みやざきアクセシビリティ情報マップ,https://m-bfree.pref.miyazaki.lg.jp/a_map/public/facilityAround/eyJpdiI6Ik9EdE1mcEE3UWIwbzVPcitCT1lobFE9PSIsInZhbHVlIjoiRFZHVDRFSDNNTVFhRUZpWU1HNlJIQT09IiwibWFjIjoiMjZjZjdiZGM3MGFkNGFhM2IzYzI5OTc5OTdkMjRiOGY5MmJlM2FhMzIwYzg3M2QxOTY2MWJhMjNiYjAwZGFlNCJ9,,F001373,男女別トイレあり | 調査日=2013-09-10,
45,宮崎県,45205,小林市,,介護老人保健施設みずほ,,,886-0007,小林市大字真方87番地,31.9968128,130.9781678,http://yokikai.or.jp/,yes,,,,,,,,,,,,,,,,,,,,,,,,,,,,multipurpose_toilet,みやざきアクセシビリティ情報マップ,https://m-bfree.pref.miyazaki.lg.jp/a_map/public/facilityAround/eyJpdiI6IlQ5N0dYNXAwM0kyck5CY0FCeEdTZEE9PSIsInZhbHVlIjoiT083RWIxMTl2elliWnRxRE1OSG1TZz09IiwibWFjIjoiNzA0ZWE4NjM4YzFhYjAwMDI1MTMyNDUwM2I3ZGZhOTI2YTUwOTM4MWNmOGU1ZjkxOTFjZDA0ZDUwZjQwYzdhOSJ9,,F001646,男女共用トイレあり | 調査日=2002-09-07,
45,宮崎県,45204,日南市,,介護老人保健施設みどりの丘,,,887-0023,日南市大字隈谷甲1218-1,31.5766908,131.3705877,http://www.keiwakai.co.jp/midoritop.html,yes,,,,,,,,,,,,,,,,,,,,,,,,,,,,multipurpose_toilet,みやざきアクセシビリティ情報マップ,https://m-bfree.pref.miyazaki.lg.jp/a_map/public/facilityAround/eyJpdiI6IkJhZ0JvRVgrQWNubGlOWmIrbFVON3c9PSIsInZhbHVlIjoia2xJd212MndpclI5V1I2TGRGd1RFQT09IiwibWFjIjoiZDMzM2U0MTFjZjRkYTUyOGRlNWIyYzdlYWVjYzJlMjJiODg0M2ZhMmMwYTk0ODk2NjBkY2I0YjI1YjZiMjdhZiJ9,,F001603,男女別トイレあり | 調査日=2002-09-04,
45,宮崎県,45201,宮崎市,,海舟寿し,,,880-2103,宮崎市生目妙見地4566-3,31.920759,131.374967,,yes,,１階,,,,,,,,,,,,,,,,,,,,,,,,,,multipurpose_toilet,みやざきアクセシビリティ情報マップ,https://m-bfree.pref.miyazaki.lg.jp/a_map/public/facilityAround/eyJpdiI6IlwvT0FDRGR1Nmdvb2pCNnFYa2JOazhRPT0iLCJ2YWx1ZSI6IjFlNWpVc3VReTVkNEdjVXlKZTh0Qmc9PSIsIm1hYyI6ImZhNzJmODllOTQwYjJjYjM0NjNmYzgyZTVmZDViM2EyNTk2MDE3NTNjMjhmN2YxZDVkZWU0OTUxNTFkZTVmZDAifQ==,,F001022,男女共用トイレあり | 緊急通報装置あり | 調査日=2013-08-30,
45,宮崎県,45202,都城市,,かかしの里 ゆぽっぽ,,,889-4602,都城市山田町中霧島3340番地2,31.797706,131.047698,https://miyakonojo-bonchi.com/yupoppo/,yes,,大浴場前 / 風呂場前,,,,,,,,,,,,,,,,,,,,,,,,,,multipurpose_toilet,みやざきアクセシビリティ情報マップ,https://m-bfree.pref.miyazaki.lg.jp/a_map/public/facilityAround/eyJpdiI6ImhRN1l0R290bTBQUVNEcW5oR3BVTWc9PSIsInZhbHVlIjoiNUNhUGc5NTNxSDA2TWFGM1RyQjFRQT09IiwibWFjIjoiYTVjZWQ0MjVmNmNmYjYyOGMzMGFjZGJkMGFmMTVjNmJmOGQ1YzRjZTg5ZTE3YjE4M2JmZTllODdkYWFhNzg1MSJ9,,F002403,男女共用トイレあり | 男女別トイレあり | 緊急通報装置あり | 調査日=2019-12-03,・一般トイレにもベビーシートあり
45,宮崎県,45202,都城市,,かかしの里 ゆぽっぽ 家族湯,,,889-4602,都城市山田町中霧島3340番地2,31.797706,131.047698,https://miyakonojo-bonchi.com/yupoppo/,yes,,施設内中央（通路）,,,,yes,,,,yes,,,,,,,,,,,,,,,,,,multipurpose_toilet,みやざきアクセシビリティ情報マップ,https://m-bfree.pref.miyazaki.lg.jp/a_map/public/facilityAround/eyJpdiI6IitVendrMFJ4d3VDRjZ1UTNpeFRremc9PSIsInZhbHVlIjoiR2oyd2w2NStZS3ZjREhqT2tkM0tBdz09IiwibWFjIjoiODFkZjE3OGZmMWY3ODQzNGEwYTJhMzQ5NTc4ZDgzYzc3MzVlZjJmN2MyYWFhYTFiZTRhZjhmZDdiODc3MDI2YyJ9,,F002404,男女別トイレあり | 緊急通報装置あり | 調査日=2019-12-03,
45,宮崎県,45201,宮崎市,,鏡洲保育園,,,889-2156,宮崎市大字鏡洲542-1,31.8258446,131.3979326,http://www.kagamizu.sakura.ne.jp/,yes,,,,,,,,,,,,,,,,,,,,,,,,,,,,multipurpose_toilet,みやざきアクセシビリティ情報マップ,https://m-bfree.pref.miyazaki.lg.jp/a_map/public/facilityAround/eyJpdiI6Im5MQWtNM0RlVGk5RDlPblFPWndpbFE9PSIsInZhbHVlIjoiMGZwbDJRWnRuQlNKYzl2WEJ0TlFwQT09IiwibWFjIjoiMGZmNTNjNmFkZmNiMjkyNTE1NDBjNmFlNjJjM2I3ZDIwZDQ0MTgxMjI3ZDk5OTgzN2I5OTlkYjBjNGI4YWFmOCJ9,,F000257,男女共用トイレあり,
45,宮崎県,45203,延岡市,,カキ小屋 牡蠣家,,,889-0301,延岡市北浦町古江2501-60,32.704778,131.819495,https://kitaurakakiya.jp/,yes,,観光案内所横（障がい者用駐車横）,,,,yes,,yes,,yes,,,,,,,,,,,,,,,,,,multipurpose_toilet,みやざきアクセシビリティ情報マップ,https://m-bfree.pref.miyazaki.lg.jp/a_map/public/facilityAround/eyJpdiI6Ikk1RmxZbVlDc01zdzBJVERvU0w4dUE9PSIsInZhbHVlIjoiRnRqYlJrT2J1bGUyYTR4b2liQmlCdz09IiwibWFjIjoiMjk3NDVmYTI4N2FjMGE0MDQ2ZmNiMzNkYWZlN2IzYjk3YjMyOTdmYjJmZTk4OWE4YTFkNjJhYzU0NDlkNjI4MyJ9,,F002450,男女共用トイレあり | 男女別トイレあり | 緊急通報装置あり | 着替え台あり | 調査日=2020-02-18,・臨海パークの多目的トイレを利用
45,宮崎県,45201,宮崎市,,柿木原公民館,,,880-0045,宮崎市大字大瀬町馬場ヶ迫2056-5,31.9905925,131.3836629,,yes,,,,,,,,,,,,,,,,,,,,,,,,,,,,multipurpose_toilet,みやざきアクセシビリティ情報マップ,https://m-bfree.pref.miyazaki.lg.jp/a_map/public/facilityAround/eyJpdiI6IlExNDArVFgwaEpXbzFTWlBIb2p2UHc9PSIsInZhbHVlIjoiVHVqekhDVVllVUVrVk53dGNBQWN3Zz09IiwibWFjIjoiMjYzZGU3ZDgwOWI2YmMyZmE1ZTU0YWVkNjVlZGNkMDRiMmViMTIwZjIzNmIwNWE5Yzk3YWIyZGYxNmY2OTU1OCJ9,,F000096,男女共用トイレあり,
45,宮崎県,45201,宮崎市,,カクイックスウイング 宮崎営業所,,,880-0841,宮崎市吉村町久保田甲906-1,31.9207745,131.4451568,https://www.kakuix-wing.com/#top,yes,,１階,,,,yes,,yes,,,,,,,,,,,,,,,,,,,,multipurpose_toilet,みやざきアクセシビリティ情報マップ,https://m-bfree.pref.miyazaki.lg.jp/a_map/public/facilityAround/eyJpdiI6Ik8zS0FzNzFURjEyaTZmNktwa0l2VlE9PSIsInZhbHVlIjoiRW9SVjlJMllvdmI5REtETHhGQU9jQT09IiwibWFjIjoiYzlkMGI1NzU4MTgxNzg0MTE1ZWI3MWRmMjAwMjM0N2E0ZjRkYzA2ODE5NDgwYjMzOGU0YTljMmRiMzJhOGQxMSJ9,,F001037,男女共用トイレあり | 緊急通報装置あり | 調査日=2013-09-13,
45,宮崎県,45203,延岡市,,カクイックスウィング延岡営業所,,,882-0803,延岡市大貫町2-2986-1,32.5781802,131.654278,https://www.kakuix-wing.com/shop/m-shop/s_nobeoka.html,yes,,１階,,,,yes,yes,yes,,,,,,,,,,,,,,,,,,,,multipurpose_toilet,みやざきアクセシビリティ情報マップ,https://m-bfree.pref.miyazaki.lg.jp/a_map/public/facilityAround/eyJpdiI6IkNNc1RwU0tuMXRqRUVuSnVlSEhoWEE9PSIsInZhbHVlIjoiS2JFZnRTSVAyc0w4UHNhTE9PR3JIZz09IiwibWFjIjoiZWM2OWJlZmVjNjE4MWY3MTU5OGIwZGYzZjc3NGM0N2UxZTExMWI0YjBjOGZlZTUyNzY5NmRhNDM3ZDU3MTZhYiJ9,,F001461,男女共用トイレあり | 緊急通報装置あり | 調査日=2019-11-11,
45,宮崎県,45201,宮崎市,,学園木花台自治公民館,,,889-2153,宮崎市学園木花台南3丁目18-1,31.8286849,131.4240117,,yes,,,,,,,,,,,,,,,,,,,,,,,,,,,,multipurpose_toilet,みやざきアクセシビリティ情報マップ,https://m-bfree.pref.miyazaki.lg.jp/a_map/public/facilityAround/eyJpdiI6ImpOZVAwR2QwalpzOFlKMFpFYVVxWFE9PSIsInZhbHVlIjoiYUs0ME1EZ2RlMmd0cnd4bjBzdjhGZz09IiwibWFjIjoiNTNkNWE3MTliNzY3MjEwMDBmYzIxN2Q3M2VhNWQ4OGIyOGY4Y2M2YzcwZjk5NTYyNDlmMzA5ZmI4MTk2ZDA0ZSJ9,,F000783,男女共用トイレあり,
45,宮崎県,45208,西都市,,神楽酒造西都工場 西の都アグリ館,,,881-0104,西都市大字鹿野田11365-1,32.0805805,131.3780411,http://www.kagurashuzo.co.jp/index.php?id=81,yes,,１階、２階,,,,yes,yes,yes,,yes,yes,,,,,,,,,,,,,,,,,multipurpose_toilet,みやざきアクセシビリティ情報マップ,https://m-bfree.pref.miyazaki.lg.jp/a_map/public/facilityAround/eyJpdiI6ImFoSE5GanVOeTdYaXJZd3ozUStMTUE9PSIsInZhbHVlIjoiXC9TOXg4b1ZQRFJ4M1R6eUtYbkx6eHc9PSIsIm1hYyI6IjQwNzA2YjkyNGNmOWMzY2Q1ZGYwYjMzZmFiNDE2OTA2YThlNDFhYjI5ZDhjMTk5ZjJlYzQ4ZjBmODRkYTk5YmUifQ==,,F001663,男女共用トイレあり | 緊急通報装置あり | 着替え台あり | 調査日=2020-09-29,
45,宮崎県,45201,宮崎市,,鹿児島銀行 南宮崎支店,,,880-0906,宮崎市南町3丁目59-1,31.892894,131.4167905,http://kagin.mapion.co.jp/b/kagin/info/950/,yes,,,,,,,,yes,,,,,,,,,,,,,,,,,,,,multipurpose_toilet,みやざきアクセシビリティ情報マップ,https://m-bfree.pref.miyazaki.lg.jp/a_map/public/facilityAround/eyJpdiI6IlFSNDJhMWpMbDBKaE85bVpTakVqTmc9PSIsInZhbHVlIjoidm9ZUjhrOUpVODEwSGgyTHZQdDU0dz09IiwibWFjIjoiMmQzM2VlMjkxNDc1OWNjYjM5MDcxNmIwZGRkZTIzMmNlNTU4YjUyYzVhNDQxNWY4MjkwNDNlMmRhM2UzODMxNiJ9,,F001851,男女共用トイレあり,
45,宮崎県,45201,宮崎市,,鹿児島銀行宮崎支店,,,880-0806,宮崎市広島2丁目12-14,31.9154303,131.4299769,https://www.kagin.co.jp/,yes,,,,,,,,yes,,,,,,,,,,,,,,,,,,,,multipurpose_toilet,みやざきアクセシビリティ情報マップ,https://m-bfree.pref.miyazaki.lg.jp/a_map/public/facilityAround/eyJpdiI6IkFhcmFIVkp1YUZIa2VTMjhQZ2VyK0E9PSIsInZhbHVlIjoidG9XRGNTZU5WeDhWaEhsZG8yRUNhQT09IiwibWFjIjoiNDQ4ODlkNjRmZTFhODIwNWRlM2ZmNmY0MWE4NTIwODQ0ZThiYmJlMDQ1NzEwN2U2MzA1MWE0NThiYTYxM2I3YyJ9,,F000160,男女共用トイレあり | 調査日=2019-11-11,
45,宮崎県,45201,宮崎市,,菓子工房 アンジュール,,,880-0805,宮崎市橘通東2丁目4-16,31.9120002,131.4230656,http://www.ituka.jp,yes,,１階,,,,,,,,,,,,,,,,,,,,,,,,,,multipurpose_toilet,みやざきアクセシビリティ情報マップ,https://m-bfree.pref.miyazaki.lg.jp/a_map/public/facilityAround/eyJpdiI6IjVycnRGRVpjVWpQcFFlaHdPZWhTMkE9PSIsInZhbHVlIjoiRVlUWjNGNHh3QW85TXQ3c2RkM1M2QT09IiwibWFjIjoiZmJjYWE2ZjlmYzQ2ZjdjZDg2YzhiYzU3MGVmOWI5MGQ4M2MwN2Y4ZmUxOTE4MjVmNzNiZjlkYjFhZmY4NjRmOSJ9,,F000410,男女共用トイレあり | 緊急通報装置あり | 調査日=2013-09-13,
45,宮崎県,45201,宮崎市,,ガスト 宮崎フェニックスガーデン店,,,880-0844,宮崎市柳丸町150,31.9266681,131.436196,,yes,,,,,,,,,,,,,,,,,,,,,,,,,,,,multipurpose_toilet,みやざきアクセシビリティ情報マップ,https://m-bfree.pref.miyazaki.lg.jp/a_map/public/facilityAround/eyJpdiI6IjIyUXZYYVNMYTdldU5QVW5DYlBlcnc9PSIsInZhbHVlIjoiWVNGaW14NWZlNmxrZzU5WTc3ZGd5QT09IiwibWFjIjoiZGE0NDdkNTU5YjFmZmI3MzQ2OTc3NjIwNzQxZmY2Y2I3NTEyNjQ4ZmU0NmMwM2FiMmRlOWM1Yzg4Yzg4OGU2NCJ9,,F000608,男女共用トイレあり,
45,宮崎県,45201,宮崎市,,ガスの情報館,,,880-0925,宮崎市大字本郷北方高山2485番地20,31.8760305,131.4126582,http://www.miyazakigas.co.jp/?page_id=1181,yes,,,,,,yes,,,,yes,,,,,,,,,,,,,,,,,,multipurpose_toilet,みやざきアクセシビリティ情報マップ,https://m-bfree.pref.miyazaki.lg.jp/a_map/public/facilityAround/eyJpdiI6IkNTaGluUDFSVUZxOGtuM2xMS3k0eEE9PSIsInZhbHVlIjoibW5EWGVsYzg5ckJxb0lwYVNiUXJsZz09IiwibWFjIjoiMGI0MWE0NzBlYmQ2YTFhNWY2ODlkZWJkZjgzMDAwYzQ5Njc4ZDYzOTdlNWNmM2E3NmE3Y2JjZTZlZjI5YmExMiJ9,,F000436,男女共用トイレあり | 調査日=2019-11-07,
45,宮崎県,45201,宮崎市,,かせだ歯科医院,,,880-0854,宮崎市一の宮町21,31.9070177,131.4424577,,yes,,,,,,,,,,,,,,,,,,,,,,,,,,,,multipurpose_toilet,みやざきアクセシビリティ情報マップ,https://m-bfree.pref.miyazaki.lg.jp/a_map/public/facilityAround/eyJpdiI6IlRrK2Z6bDcrSmFoSkR4SjhKc2J3blE9PSIsInZhbHVlIjoiM2FSdXpsNUw1SzRwQkpZWmxmZm1CUT09IiwibWFjIjoiZjE3NDM2Y2ExMTk2YmRhMzczMWY2ZGQ3NGI5YzZkOWZkOTVmNjg4MzI2ZWM5ZmYxNWYxOTdmYjAzYjIwYTgwMyJ9,,F000047,男女共用トイレあり,
45,宮崎県,45203,延岡市,,風の菓子 虎彦 幸町本店,,,882-0053,延岡市幸町1-20,32.587617,131.672451,https://www.toranoko.jp/,yes,,店舗左奥,,,,yes,,,,,,,,,,,,,,,,,,,,,,multipurpose_toilet,みやざきアクセシビリティ情報マップ,https://m-bfree.pref.miyazaki.lg.jp/a_map/public/facilityAround/eyJpdiI6Ik9JWFE3UDRwVlVTVDEzdThSWGJKS1E9PSIsInZhbHVlIjoiUVBaNFZoR1Bkd3lEVE4xMEJWSG9tQT09IiwibWFjIjoiM2UzMzBiYzc3MmI2ZjYxZWRjZjU2YTQyOWUwY2I1MDE4NTMxYzcyYjhhZWU1NTE3MTg4ZDk0MWY3ZTAxNTUyYSJ9,,F002440,男女別トイレあり | 調査日=2020-02-02,
45,宮崎県,45201,宮崎市,,片平街区公園トイレ,,,880-0913,宮崎市恒久3丁目29,31.8926215,131.4303698,,yes,,,,,,,,,,yes,,,,,,,,,,,,,,,,,,multipurpose_toilet,みやざきアクセシビリティ情報マップ,https://m-bfree.pref.miyazaki.lg.jp/a_map/public/facilityAround/eyJpdiI6IkhVVUlqaWJsbEw5TDVtckpZemNiUUE9PSIsInZhbHVlIjoiNng0bytSXC9vdUdpM1dzdWNVd24zbXc9PSIsIm1hYyI6ImVkYTViNTVjOTUwNzVlNmM3YWVhMmUzYWZlZDFkMTQyZmMyNTViODUyODdhNWJhMTI3MDkyNjk2YTRkZDQ0MDIifQ==,,F002051,男女共用トイレあり | 緊急通報装置あり | 調査日=2019-12-09,
45,宮崎県,45205,小林市,,医療法人健生会 勝間田内科,,,886-0007,小林市大字真方560番地19,31.9926772,130.9896593,,yes,,１階,,,,yes,,,,,,,,,,,,,,,,,,,,,,multipurpose_toilet,みやざきアクセシビリティ情報マップ,https://m-bfree.pref.miyazaki.lg.jp/a_map/public/facilityAround/eyJpdiI6ImNnTE43TkVJUStYUmdXenRGcDhOU1E9PSIsInZhbHVlIjoiN3ltTFZRY3BRSzl2RDVPckJlT0U0dz09IiwibWFjIjoiMTY3MGZlOGIxYmQ1ZTVlYzk5YjIyYzdjYTU3ZDA3ZDdkNGQxYjU2Mzg0YWJhOTNmNjQ5NjI1MjA1MDQwMmNjYiJ9,,F001644,男女共用トイレあり | 緊急通報装置あり | 調査日=2002-09-18,
45,宮崎県,45421,門川町,,門川駅,,,889-0611,門川町大字門川尾末9246-2,32.47742079077092,131.65314224838107,https://www.jrkyushu.co.jp/railway/station/1191497_1601.html,yes,,駅舎北側,,,,,,,,,,,,,,,,,,,,,,,,,,multipurpose_toilet,みやざきアクセシビリティ情報マップ,https://m-bfree.pref.miyazaki.lg.jp/a_map/public/facilityAround/eyJpdiI6InJBOWVNZE84MFZvdGJLc2RpQkUrXC9nPT0iLCJ2YWx1ZSI6IlJUdFIwXC9tc0lLZ0VwazlSSU50ODFRPT0iLCJtYWMiOiJjMDg5MjVjMTg3ZmUzYmEyN2M4YjBlZGYzZDczYTJjMWFhNDI0N2JlNDA5NDFhNTBhMzQzYWMwZmU4MjBlNWU2In0=,,F002617,男女共用トイレあり | 緊急通報装置あり | 調査日=2022-10-28,
45,宮崎県,45421,門川町,,かどがわ温泉 心の杜,,,889-0602,門川町大字庵川1942番地,32.4857821,131.6755995,https://kadogawa-kokoronomori.com,yes,,１階 / ２階,,,,,,,,yes,,,,,,,,,,,,,,,,,,multipurpose_toilet,みやざきアクセシビリティ情報マップ,https://m-bfree.pref.miyazaki.lg.jp/a_map/public/facilityAround/eyJpdiI6IllLTW9LN0NtQ3orT0hhMVpjdllBZlE9PSIsInZhbHVlIjoiNE5oTm83RnNMVDNUcVlkOHhObWhhdz09IiwibWFjIjoiNTY3NGMzYmZmNDE4YmY3ZmI3OTdjY2IyMGUyZjI3OTcyZmUxZWJhOWEwZWU4NTdjYzkwZTMxMGM5ZDY5ZTBjOSJ9,,F000474,男女共用トイレあり | 緊急通報装置あり | 調査日=2025-09-01,
45,宮崎県,45421,門川町,,門川勤労者総合福祉センター （クリエイティブセンター門川）,,,889-0616,門川町南町6丁目1番地,32.4639459,131.6496001,http://www.kadogawa-bunka.net/,yes,,１階 / ２階,,,,,,yes,,yes,,,,,,,,,,,,,,,,,,multipurpose_toilet,みやざきアクセシビリティ情報マップ,https://m-bfree.pref.miyazaki.lg.jp/a_map/public/facilityAround/eyJpdiI6InpyVDdmUVBpaCtOaUFmSjY5U25zZEE9PSIsInZhbHVlIjoiTlBHc3hXUE85MU16S1phckxsa0t0UT09IiwibWFjIjoiNTVmY2Y2YjJlMTg0OWVjOTA3MGQ5ZDY0NWRhYTVjMmNkMWJiYjhiMmUxYjBjZGVmNjRkZjhmNDkyNTE4MDA3ZSJ9,,F000481,男女共用トイレあり | 緊急通報装置あり | 調査日=2019-11-06,
45,宮崎県,45421,門川町,,門川町子育て人づくりセンターひだまりハウス,,,889-0621,門川町東栄町1-1-2,32.4781068,131.6509215,http://www.town.kadogawa.lg.jp/learn/parenting/page000676.html,yes,,,,,,yes,,,,,yes,,,,,,,,,,,,,,,,,multipurpose_toilet,みやざきアクセシビリティ情報マップ,https://m-bfree.pref.miyazaki.lg.jp/a_map/public/facilityAround/eyJpdiI6IlBcL3lOV1dkTEVPakszQmZwc3Ftd2NRPT0iLCJ2YWx1ZSI6IjF2eXlaRE04MGZJZFJZVFp6TUNXRVE9PSIsIm1hYyI6IjEwZjU3NTczMzY4ZmJiMjg1MDcyODJmZmM3MTdlOTc5NzA5NTI4MTk5YjJjOGNjNTA1ODBiMDUyMjc1ZmFjZDkifQ==,,F001722,男女共用トイレあり | 調査日=2019-11-14,
45,宮崎県,45421,門川町,,門川町総合福祉センター,,,889-0602,門川町大字庵川西6丁目60番地,32.4825815,131.6738474,,yes,,１階,,,,,,yes,,,,,,,,,,,,,,,,,,,,multipurpose_toilet,みやざきアクセシビリティ情報マップ,https://m-bfree.pref.miyazaki.lg.jp/a_map/public/facilityAround/eyJpdiI6IitUcjRhVDkrVVlsa1RDZjhIRlpLR1E9PSIsInZhbHVlIjoiM1FINkppSkNNaFJUcUF5eFZkRCtsUT09IiwibWFjIjoiNGQxOTUzODg3NzBmODcyMTBmOWI3NjYzZDE4ZGRkNTM1ZTUwYTE3Zjk1OTVkZGQ5ZTFiY2NkNzNlMTc3N2Q2MCJ9,,F000479,男女別トイレあり | 緊急通報装置あり | 調査日=2019-11-15,
45,宮崎県,45421,門川町,,門川町総合文化会館,,,889-0616,門川町南町6丁目1番地,32.4639459,131.6496001,http://www.kadogawa-bunka.net/,yes,,１階,,,,,,,,,,,,,,,,,,,,,,,,,,multipurpose_toilet,みやざきアクセシビリティ情報マップ,https://m-bfree.pref.miyazaki.lg.jp/a_map/public/facilityAround/eyJpdiI6IjYzY2k3MTBEN0hzWmVXT0Faalg2Zmc9PSIsInZhbHVlIjoiZHJWSXlZS3hlYXRwaklnWWNYRVJRdz09IiwibWFjIjoiZTdlYjIyMWE5ZTMwZjJhMzhlY2Q3MTA3MTUwNDYyNzY4Nzg3MDIyZWQ2OGRhYTMwMGVkYzFjZjY0Y2E2ZGViMiJ9,,F001403,男女共用トイレあり | 緊急通報装置あり | 調査日=2002-09-26,
45,宮崎県,45421,門川町,,門川町立図書館,,,899-0611,門川町大字門川尾末1611番地1,32.4730808,131.6512981,www.kadogawa-lib.jp,yes,,１階 / ２階,,,,yes,,,,,,,,,,,,,,,,,,,,,,multipurpose_toilet,みやざきアクセシビリティ情報マップ,https://m-bfree.pref.miyazaki.lg.jp/a_map/public/facilityAround/eyJpdiI6IlhVeFwvaWttTUREK0tDTU5iY2VGb1lRPT0iLCJ2YWx1ZSI6IitIWDJxYnpXTDN1eGhkbm5vMDBqVFE9PSIsIm1hYyI6IjhlMjFmZWI5NjgwYmZiMjJlOWM2YWQxYTliZTAxNGIwYjhhZjc3MDRlOWU5Yjc5ZDIwMzViNzQwNmQzZGQ4NGYifQ==,,F000487,男女共用トイレあり | 緊急通報装置あり | 調査日=2019-11-29,
45,宮崎県,45201,宮崎市,,金谷向陽堂,,,880-0004,宮崎市元宮町1丁目11,31.912501,131.417636,,yes,,,,,,,,,,,,,,,,,,,,,,,,,,,,multipurpose_toilet,みやざきアクセシビリティ情報マップ,https://m-bfree.pref.miyazaki.lg.jp/a_map/public/facilityAround/eyJpdiI6Im5jMTRWaVluSFFuSk1CT2dxYmxtU2c9PSIsInZhbHVlIjoieFk2NnpcL2RiK09TanhhZDBldEIxcXc9PSIsIm1hYyI6Ijc0MDNmZTRiNDE5MmJhMGU1NmY4ODRiMTZlMzJiZjBiNmJiMDVjNzNmNTIxZTBlYWZlNjMzZmI5ZWZlZGIzY2QifQ==,,F000261,男女共用トイレあり | 調査日=2019-11-22,
45,宮崎県,45421,門川町,,金磯園地 野営場 公衆トイレ,,,889-0602,門川町大字庵川地内,32.47247231331061,131.68414991270956,,yes,,屋外,,,,,,,,,,,,,,,,,,,,,,,,,,multipurpose_toilet,みやざきアクセシビリティ情報マップ,https://m-bfree.pref.miyazaki.lg.jp/a_map/public/facilityAround/eyJpdiI6IlhrWHZDNjl5R21pRUlDc2JHTThLR1E9PSIsInZhbHVlIjoiYnBweDFhd2xqRU0rVHc2UTVhckVvQT09IiwibWFjIjoiMDRhZDFhNTM4MTFhOTg0YTgxZDYwYTgxMTAxYzY3MWI1Yzc2YzYyZGQzYjAwMjM3NTYyOTg1MDE3ZDM2NzEyOCJ9,,F002054,男女共用トイレあり | 緊急通報装置あり | 調査日=2019-12-11,
45,宮崎県,45201,宮崎市,,金田礼子ひふ科医院,,,880-0022,宮崎市大橋1丁目97番地2,31.9201776,131.4151834,,yes,,１階 / 1階,,,,yes,,,,yes,,,,,,,,,,,,,,,,,,multipurpose_toilet,みやざきアクセシビリティ情報マップ,https://m-bfree.pref.miyazaki.lg.jp/a_map/public/facilityAround/eyJpdiI6ImU1RGdxcU5vVEJYSjhtMmxGNzNmcGc9PSIsInZhbHVlIjoiY2gxV25RelBXaEcxWk51VGl6MmZuQT09IiwibWFjIjoiODIzZTkyZWRiMDUyY2Y2YmVkNDg4Y2FiODQ3YjI2YWMwYTBlMGQ2NWU3NGNlYWQwYjQ1OTAwNjdhMDdiNzZlZCJ9,,F000066,男女共用トイレあり | 調査日=2019-11-11,
45,宮崎県,45202,都城市,,金御岳公園 サシバの館,,,885-0063,都城市梅北町11449番地60,31.663999,131.0800429,,yes,,１階,,,,,,,,,,,,,,,,,,,,,,,,,,multipurpose_toilet,みやざきアクセシビリティ情報マップ,https://m-bfree.pref.miyazaki.lg.jp/a_map/public/facilityAround/eyJpdiI6Im4xSHFEcTM2dlwvdXM0XC9kZVlsa2pndz09IiwidmFsdWUiOiJKRDljRjBteFpyZFdVVDgxN0ZBXC96dz09IiwibWFjIjoiMzg3NWY4NDNjYmY2ZTBkYjUyZjAwMTY5NzliYzI1NmUxYjIzZGEwYTU2YTVlZTQ4YTcwNzY3NmE4YTVlOGIxZCJ9,,F000372,男女共用トイレあり | 緊急通報装置あり | 調査日=2019-11-19,
45,宮崎県,45201,宮崎市,,加納の里 すずらん,,,889-1607,宮崎市清武町加納2丁目51-1,31.872042,131.3980582,,yes,,,,,,,,,,,,,,,,,,,,,,,,,,,,multipurpose_toilet,みやざきアクセシビリティ情報マップ,https://m-bfree.pref.miyazaki.lg.jp/a_map/public/facilityAround/eyJpdiI6IjdUM1ZZclNLbFlDZUNaRVlJVnNIWEE9PSIsInZhbHVlIjoiMnpCbVwvdHBVbXFBTEw3K2hnRHhwM2c9PSIsIm1hYyI6IjZkYzlmMmQxZDAyMDA5ZmY1NjMxOTI4Mjg0MzliZWIzYjA3NzFkNDUyODM0ZmQwODQzYTgwNjQwMmFiYzhhZTYifQ==,,F000602,男女共用トイレあり,
45,宮崎県,45203,延岡市,,cafe 蒼空～SORA～,,,882-0852,延岡市東浜砂町611-2,32.579278,131.693719,https://nobeoka-bunka.com/hall/sora/,yes,,延岡総合文化センター内1階,,,,yes,,yes,,yes,yes,,,,,,,,,,,,,,,,,multipurpose_toilet,みやざきアクセシビリティ情報マップ,https://m-bfree.pref.miyazaki.lg.jp/a_map/public/facilityAround/eyJpdiI6IlwvS0Z2XC9PdEZSNU9FUDEzQlBcL2NGN3c9PSIsInZhbHVlIjoidlZZbDQ3bEdcL3lVcnZuSHNUU2tvckE9PSIsIm1hYyI6IjA0Y2M4ZTZlYjI1N2VlZTBiMTBmMDIxOWM3YmM4MjlmZmIxMzg2OGJlZjIzYjI3MDM2ODlkMzYxMGI1MWQxM2YifQ==,,F002437,男女共用トイレあり | 緊急通報装置あり | 調査日=2020-01-31,・延岡総合文化センターのトイレを利用
45,宮崎県,45203,延岡市,,カフェ ラ・ベルファム,,,882-0866,延岡市平原町 5-1492-59,32.549281,131.677301,https://ja-jp.facebook.com/labellefemme111/,yes,,店舗奥,,,,yes,,,,yes,,,,,,,,,,,,,,,,,,multipurpose_toilet,みやざきアクセシビリティ情報マップ,https://m-bfree.pref.miyazaki.lg.jp/a_map/public/facilityAround/eyJpdiI6Imx1VmpYVDNBQWZOTXVGN2FhNFFyZXc9PSIsInZhbHVlIjoicGRBa29yRXNLckNnekY3b2RJM2JOUT09IiwibWFjIjoiMjIxZWZiMDFmYWFlYTdhNzI0MzBlODMzMmM2ODc4MWRhMzFiMTBiMDBiYzU3MmI3OGY3ZWQzZGRjZWY2OGU3YyJ9,,F002426,男女別トイレあり | 調査日=2019-12-14,・情報は女性用 / ・男性用は入口幅80cm、内法160cm×270cm / ・手洗い場はセンサー式
45,宮崎県,45201,宮崎市,,カフェ・トリエステ,,,880-0211,宮崎市佐土原町下田島21210番地,32.024964,131.467446,https://caffe-trieste.com/,yes,,店舗入り口を入って右奥,,,,yes,,,,,,,,,,,,,,,,,,,,,,multipurpose_toilet,みやざきアクセシビリティ情報マップ,https://m-bfree.pref.miyazaki.lg.jp/a_map/public/facilityAround/eyJpdiI6Im5vT3l5cDBMdnU2Mkt0YUJ4UkVcL2FRPT0iLCJ2YWx1ZSI6ImxMSVErcUtcL0JuVzJQN1FidjlRUTdBPT0iLCJtYWMiOiJiMmNkZTUyZjliYTZhNzY5NmE3NGU1MGNjMDhiYzkyMzcxODZiOTZhNTI3MGFlNWY2NTlhNGRmOTEyODRlODBkIn0=,,F002125,男女共用トイレあり | 調査日=2019-10-08,
45,宮崎県,45201,宮崎市,,上北方公民館,,,880-0043,宮崎市大字上北方762-1,31.9578203,131.4056502,,yes,,,,,,,,,,,,,,,,,,,,,,,,,,,,multipurpose_toilet,みやざきアクセシビリティ情報マップ,https://m-bfree.pref.miyazaki.lg.jp/a_map/public/facilityAround/eyJpdiI6InE5ZWgyam5QM0dDREp6R1wvN2h2K2VRPT0iLCJ2YWx1ZSI6Im1zeXZCRitzK05YWEhFT0xpOWZOS1E9PSIsIm1hYyI6IjBiYTA4MmU2NjdjZjcyM2ZhMDNhMzQ5YzAwOWZkMjZiMDgyNTgxMTcxODBjNTE1NGQwMTRhNGFlMjdhMTVmM2IifQ==,,F000797,男女共用トイレあり,
45,宮崎県,45201,宮崎市,,髪切倶楽部Y,,,880-0825,宮崎市東大宮4丁目5番2号,31.9427326,131.4390026,https://y-barber-shop.business.site/,yes,,,,,,,,,,,,,,,,,,,,,,,,,,,,multipurpose_toilet,みやざきアクセシビリティ情報マップ,https://m-bfree.pref.miyazaki.lg.jp/a_map/public/facilityAround/eyJpdiI6IlRuUzFGQmtcL3p5NlV5NE5DSDBVZHJRPT0iLCJ2YWx1ZSI6IlpvQ1VOU1FuSFBOOXNXc0xvc0htT3c9PSIsIm1hYyI6IjViOTFiYjk2OTAzZDU2ZWEyNzFlZGY1MWY3NGU2OWU5ZGM2NjkwY2FhMTdhMTYxMzRmMzk4MzIyYjRiNDllYzIifQ==,,F000361,男女共用トイレあり,
45,宮崎県,45430,椎葉村,,上椎葉地区観光者専用駐車場,,,883-1601,椎葉村大字下福良字上椎葉上区,32.4640445,131.1557527,,yes,,駐車場の中,,,,,,yes,,,,,,,,,,,,,,,,,,,,multipurpose_toilet,みやざきアクセシビリティ情報マップ,https://m-bfree.pref.miyazaki.lg.jp/a_map/public/facilityAround/eyJpdiI6Ik41WWdBSkRRSk8zWGFpSW1CUTlMaUE9PSIsInZhbHVlIjoiN3FNbXNBVDBZTHZkcThjeUR3REZ0dz09IiwibWFjIjoiZmJkMGI0YWE1YzNhNWQ0OTU1MzFhODlkYmUyZjg0MTQ4YzViMGRjYjdhOGE3MmQ2NWZhN2M1MWM5NWY5OTM2ZCJ9,,F001976,男女共用トイレあり | 緊急通報装置あり | 調査日=2023-10-02,
45,宮崎県,45201,宮崎市,,上水流街区公園トイレ,,,880-0015,宮崎市大工2丁目83,31.9169768,131.4105865,,yes,,,,,,,,,,yes,,,,,,,,,,,,,,,,,,multipurpose_toilet,みやざきアクセシビリティ情報マップ,https://m-bfree.pref.miyazaki.lg.jp/a_map/public/facilityAround/eyJpdiI6InZtQ0lYNnJcL0dLbytiazR4NTFvZEFRPT0iLCJ2YWx1ZSI6IlFrY2NQUlwvaWNIemx5STVYVVhNckxBPT0iLCJtYWMiOiIyMTliOTZiMDE4YjgzOTk0Zjg3YWNhZDRmZjNiODA4NGIyNDI5ZWRmZDk4Yjk3OGZjNTQ4NDFmYzg1MGI3YTE3In0=,,F001948,男女共用トイレあり | 緊急通報装置あり | 調査日=2019-12-09,
45,宮崎県,45201,宮崎市,,かみぞの整形外科,,,880-0936,宮崎市花山手西1丁目6番6,31.9032116,131.3993569,,yes,,,,,,,,,,,,,,,,,,,,,,,,,,,,multipurpose_toilet,みやざきアクセシビリティ情報マップ,https://m-bfree.pref.miyazaki.lg.jp/a_map/public/facilityAround/eyJpdiI6Inl3eGg5RzU0Sm0xdmJTdWRXSjVNZVE9PSIsInZhbHVlIjoiNHB6MUFvdDdUbEdJSE1cL3A5Tk1FdFE9PSIsIm1hYyI6IjkxYWE1MTEzNDY1YjhjNGZlZWZlOTRkMGU0MGQxZDI0NGE0ZjZjODg2NTFjNTBjNmU5NTVjYTk1YjJkYjMzOTUifQ==,,F001029,男女別トイレあり | 調査日=2009-11-20,
45,宮崎県,45202,都城市,,上長飯エンゼル児童館,,,885-0042,都城市上長飯町81－11－1,31.713238,131.0947293,https://www.angelkai-swc.jp/,yes,,,,,,yes,,,,yes,yes,,,,,,,,,,,,,,,,,multipurpose_toilet,みやざきアクセシビリティ情報マップ,https://m-bfree.pref.miyazaki.lg.jp/a_map/public/facilityAround/eyJpdiI6Im9qdDVwVTBXTEdLXC9zaCticzRkYk9RPT0iLCJ2YWx1ZSI6IkxBWCtjOURkelFPbmJXb2E2VlF2OUE9PSIsIm1hYyI6ImJiOTUyZWNiOGYwMjYzN2U1OGZlMjcwNTFiZTU5OGZjNjBmZTJjZTMyMzljYjc5YTRiNjRmNjkxYjc3ZWFiM2UifQ==,,F000444,男女別トイレあり | 緊急通報装置あり | 調査日=2019-11-21,
45,宮崎県,45341,三股町,,上米公園,,,889-1901,三股町大字樺山115-1,31.727516,131.135661,https://www.town.mimata.lg.jp/kanko/kamiyone-park/,yes,,,,,,,,,,yes,,,,,,,,,,,,,,,,,,multipurpose_toilet,みやざきアクセシビリティ情報マップ,https://m-bfree.pref.miyazaki.lg.jp/a_map/public/facilityAround/eyJpdiI6IkxWSE5SZEVqY213eE5GNk9GRHdvTEE9PSIsInZhbHVlIjoiSFgrbnhVS3BINVwvbHM5Nm5xcGI0V2c9PSIsIm1hYyI6IjViZWVkNjYxNGMwNTdiYzEwNmYzOGYxOTdhODYxYzNkYjZhYzlkMTU5MmUwYWJmMTUyMjk2ZDU1ZWI0NWExMTgifQ==,,F002590,男女共用トイレあり | 調査日=2022-07-22,
45,宮崎県,45201,宮崎市,,カリーノ宮崎（蔦屋書店宮崎高千穂通り）,,,880-0805,宮崎市橘通東4丁目8番1号,31.916593,131.425217,http://miyazaki.carino.co.jp/,yes,,1F・蔦屋書店のフロアにある雑貨店の奥,,,,yes,,,,yes,,,,,,,,,,,,,,,,,,multipurpose_toilet,みやざきアクセシビリティ情報マップ,https://m-bfree.pref.miyazaki.lg.jp/a_map/public/facilityAround/eyJpdiI6IndxRk9uOVJlZ3FrVnlmYVRTNFZ6WGc9PSIsInZhbHVlIjoienFYODNKb2ZzamtYcGUySElXUkNQdz09IiwibWFjIjoiOTE4MTJlY2YxZGVhZWJkMDg2ZmNiZDVjZjY5YjJiMzNlMWQ3ZmNkNjQ0Yzc4NGJkYzc0NjExNDQ5N2QxZTc5YiJ9,,F002389,男女共用トイレあり | 緊急通報装置あり | 調査日=2020-01-29,・地下1F、1F、3F（授乳室）におむつ交換台がある / ・3F授乳室には給湯器とソファーがある
45,宮崎県,45204,日南市,,川越整形外科,,,889-2541,日南市吾田東11丁目9番18号,31.6160834,131.3774389,,yes,,１階,,,,yes,,,,,,,,,,,,,,,,,,,,,,multipurpose_toilet,みやざきアクセシビリティ情報マップ,https://m-bfree.pref.miyazaki.lg.jp/a_map/public/facilityAround/eyJpdiI6IklBdUNhaFRrXC8xaWJXNFBETzRLR2xRPT0iLCJ2YWx1ZSI6ImJDYVVHRkpzRjFLTWJNQnU3M2ZrTkE9PSIsIm1hYyI6Ijg0OTc0NWJjY2JiNDRiZTk1MjJjZGM4ZTk2ZGJiNWYyZWVhYjI1MzI4ZTg1NzQ5M2IxOTIyN2NkNmQ4NThlYWIifQ==,,F001600,男女共用トイレあり | 緊急通報装置あり | 調査日=2002-09-05,
45,宮崎県,45201,宮崎市,,川越整形外科病院,,,880-0951,宮崎市大塚町大迫南平4446番地,31.9054298,131.3889694,,yes,,,,,,yes,,,,,yes,,,,,,,,,,,,,,,,,multipurpose_toilet,みやざきアクセシビリティ情報マップ,https://m-bfree.pref.miyazaki.lg.jp/a_map/public/facilityAround/eyJpdiI6InVVR0h5b3ZsRWFnXC9MZ0ZtTGE2citRPT0iLCJ2YWx1ZSI6InhlalwvdHRHYUhMXC9xeXJOMVpIRGFKQT09IiwibWFjIjoiN2MzYTcxODM0MTQ3ZDk2NjMyOTRkMmU5NzU4ZjBhM2M5ZjFlYjM1N2FjYWEyZThlYzk2M2U3NjZkMGNlNzQwYSJ9,,F000686,男女別トイレあり | 緊急通報装置あり | 調査日=2019-11-11,
45,宮崎県,45201,宮崎市,,かわごえ内科クリニック,,,880-0879,宮崎市宮崎駅東2丁目3番6号,31.9162,131.43564,,yes,,,,,,,,,,,,,,,,,,,,,,,,,,,,multipurpose_toilet,みやざきアクセシビリティ情報マップ,https://m-bfree.pref.miyazaki.lg.jp/a_map/public/facilityAround/eyJpdiI6InZ1NEEwWThENUdrS2JPczJyckQ5RHc9PSIsInZhbHVlIjoiQ2FMMlBFRWZRVHRmS3cyWmJadkZpZz09IiwibWFjIjoiZmZmMjRiZDE4ZjBkZTk0NzY4OTk1NTBhZmRjMzliMjJjYzBhM2E4MGVjZTc2NzRjODM2ZTI4MWI4NzZmZWI3ZSJ9,,F002549,緊急通報装置あり | 調査日=2022-01-06,
45,宮崎県,45403,西米良村,,川の駅 百菜屋,,,881-1411,西米良村大字村所208-1,32.221372,131.170538,https://nishimera.info/eat/hyakusaiya,yes,,店舗西側（別棟）,,,,yes,,,,,,,,,,,,,,,,,,,,,,multipurpose_toilet,みやざきアクセシビリティ情報マップ,https://m-bfree.pref.miyazaki.lg.jp/a_map/public/facilityAround/eyJpdiI6InhIVHEzMU03dnVkaVpNZU9QUm01Tmc9PSIsInZhbHVlIjoielUrTExZc3RNeFdabWxWR0JOQmlyZz09IiwibWFjIjoiYzQ1MTkyNDJjMjRlNTBhNDZkNTFkZjVjY2QwNDA3NjE2MTQ2MWQ2M2JkOTMwMWY1N2U3ZDQxZjRlYmIwZDcyMyJ9,,F002117,男女共用トイレあり | 調査日=2019-10-01,・一般トイレ（男女とも）に洋式トイレ（手すり付き）がある
45,宮崎県,45202,都城市,,川の駅公園,,,885-0083,都城市都島町82番地,31.7156216,131.0531047,https://www.city.miyakonojo.miyazaki.jp/soshiki/4/3380.html,yes,,１階,,,,,,,,,,,,,,,,,,,,,,,,,,multipurpose_toilet,みやざきアクセシビリティ情報マップ,https://m-bfree.pref.miyazaki.lg.jp/a_map/public/facilityAround/eyJpdiI6IjRZWEFQb3dCXC9aS0JuQWpBWVF0TGpBPT0iLCJ2YWx1ZSI6ImNvOFE5Q2lDVzZtSVczVEw4dGpIYnc9PSIsIm1hYyI6ImEwMjQzN2E5NDkxN2U2MDdhOWRhZDU4MDk5YWQ3ODExMzM2ZWE3ZWYxMThkNDNlNDNhOTQ2ODM4YzAyNWNlMTIifQ==,,F000937,男女共用トイレあり | 調査日=2019-11-11,
45,宮崎県,45201,宮崎市,,かわの内科クリニック,,,880-0936,宮崎市天満3丁目1－8,31.8970473,131.415868,,yes,,,,,,,,,,,,,,,,,,,,,,,,,,,,multipurpose_toilet,みやざきアクセシビリティ情報マップ,https://m-bfree.pref.miyazaki.lg.jp/a_map/public/facilityAround/eyJpdiI6ImNoelBDbkQ1OGM1aGJCSnFzNG5FTEE9PSIsInZhbHVlIjoicUVMbitvdmh5aEt5SDZmb21MU1BUQT09IiwibWFjIjoiZDdkNTAwNTJjYWFkNGEwNjlkMjM1YTgyYTAyNWZiZjgyMDE3YTc2NmU2YTg1MjZiMGMwMzJhMjViMzdhZTY1MyJ9,,F001843,男女共用トイレあり,
45,宮崎県,45201,宮崎市,,かわはら整形外科リハビリテーションクリニック,,,889-1607,宮崎市清武町大字加納4丁目20番地,31.8746116,131.4029949,https://www.kawareha-miyazaki.com/,yes,,,,,,,,,,,,,,,,,,,,,,,,,,,,multipurpose_toilet,みやざきアクセシビリティ情報マップ,https://m-bfree.pref.miyazaki.lg.jp/a_map/public/facilityAround/eyJpdiI6IlBFVjRxNEJlaXN6SWpWUFI2TkNJQnc9PSIsInZhbHVlIjoiUE1UcnhZMTFrRytDS3dyWXprcXM0dz09IiwibWFjIjoiMTAwMmI5ZDMwNzQ4OTM1YWUyYjc0NTNhYzc4ZDEyYTcyNTQzNjkxZGVmMjEwMTEwYjQxMWJkOWJhYTBkNjk3NCJ9,,F001096,男女共用トイレあり | 緊急通報装置あり | 調査日=2019-11-14,
45,宮崎県,45404,木城町,,川原自然公園,,,884-0103,木城町大字川原476,32.1711158,131.4323453,https://kawabarunaturepark.amebaownd.com/,yes,,屋外,,,,,,,,,,,,,,,,,,,,,,,,,,multipurpose_toilet,みやざきアクセシビリティ情報マップ,https://m-bfree.pref.miyazaki.lg.jp/a_map/public/facilityAround/eyJpdiI6ImRqa0wxdjJ2MytXRGtxbmIwTDBKUUE9PSIsInZhbHVlIjoicEhGYlI2TVN6S0FsREN1a1RWdUM0UT09IiwibWFjIjoiNzFkMDJmYWViZWQ5YmYyMWFjMTc5YjE4N2M3YjZiZmJlMDYzMzc5MTc3OWIyY2Q2OTIyOTQ2NTZiZjZlZTdjNSJ9,,F001977,男女共用トイレあり | 緊急通報装置あり | 調査日=2019-12-17,
45,宮崎県,45203,延岡市,,かわまち交流館,,,882-0803,延岡市大貫町三丁目 大瀬大橋下流河川敷,32.570895,131.652553,https://nobekan.jp/kawamachi/,yes,,正面入り口入って物産売り場の左手,,,,yes,,yes,,yes,yes,,,,,,,,,,,,,,,,,multipurpose_toilet,みやざきアクセシビリティ情報マップ,https://m-bfree.pref.miyazaki.lg.jp/a_map/public/facilityAround/eyJpdiI6InQ1TW9qK1wvNTRVeENQQWdtTVpwb3hBPT0iLCJ2YWx1ZSI6InhzXC95Q2NHM1wvenNCMm01eEhDVTRcL1E9PSIsIm1hYyI6ImFlMGRhMjNhOTkwN2U3YWNkNTUxMTMzNDI3N2EzYWE5OWMzMDAwN2U3MzNjMmIyYmVlNjJlODE0MzI5N2I3NTYifQ==,,F002433,男女共用トイレあり | 緊急通報装置あり | 調査日=2020-02-14,
45,宮崎県,45405,川南町,,川南湿原植物群落,,,889-1301,川南町大字川南19403-14,32.20393,131.529027,https://www.town.kawaminami.miyazaki.jp/soshiki/12/1507.html,yes,,施設入り口前、管理棟1階,,,,yes,,,,,,,,,,,,,,,,,,,,,,multipurpose_toilet,みやざきアクセシビリティ情報マップ,https://m-bfree.pref.miyazaki.lg.jp/a_map/public/facilityAround/eyJpdiI6ImRSWkR0WUk4ODJKRU1yS0RDcXZQWFE9PSIsInZhbHVlIjoiMU9zV0xWbllJdU95bFhWdE1ZRnFZdz09IiwibWFjIjoiOGQxM2IzOThkNmZlN2JjYjY0NjE0YzFmY2Q4YjAxMWExZTZiOTVhY2E5ODlmM2RmYmIxYmNiZjAzOTY0YjJhMyJ9,,F002583,男女共用トイレあり | 調査日=2022-07-06,
45,宮崎県,45405,川南町,,川南町子育て支援センター,,,889-1302,川南町大字平田2395-2,32.1906578,131.5295122,http://www.town.kawaminami.miyazaki.jp/,yes,,,,,,,,,,yes,,,,,,,,,,,,,,,,,,multipurpose_toilet,みやざきアクセシビリティ情報マップ,https://m-bfree.pref.miyazaki.lg.jp/a_map/public/facilityAround/eyJpdiI6IjcwSDVwWDNrVWhZVEoxOURtUVpsZEE9PSIsInZhbHVlIjoib3hrTmN0QlVXMVhjQWY1cDFFRVJOdz09IiwibWFjIjoiMTJlMmZmNThlNzZkYzFlY2M3NjBhOGJkYjY4YjA2ZGU1YmMzOTI0ZmM5YjE3MmMwZjRjZjlmZWUxZWUyYjlmOCJ9,,F000622,男女共用トイレあり | 調査日=2019-11-22,
45,宮崎県,45405,川南町,,川南町総合福祉センター,,,889-1301,川南町大字川南１３６８０番地１,32.19278,131.52607,,yes,,１階及び２階,,,,yes,,yes,,yes,yes,,,,,,,,,,,,,,,,,multipurpose_toilet,みやざきアクセシビリティ情報マップ,https://m-bfree.pref.miyazaki.lg.jp/a_map/public/facilityAround/eyJpdiI6ImNiRUZuRGxCd1ZLbUh2cHJHUXNIVlE9PSIsInZhbHVlIjoiVlwvWFo5WStcLzdcL0xoZ01FeGpRalRwZz09IiwibWFjIjoiN2JkNDRiZDUwZTU2Y2QxNGQ4NjRlOGE0ODZiNjIxZWJlZWJiM2RhYjExNDkzNmExOWFiNzUzMjdhMmY0Y2ZmMiJ9,,F002629,男女共用トイレあり | 緊急通報装置あり | 着替え台あり | 調査日=2022-11-01,
45,宮崎県,45405,川南町,,川南町保健センター,,,889-1301,川南町大字川南13680番地1,32.1920186,131.5259204,http://www.town.kawaminami.miyazaki.jp/departmentTop/cyoucyou/tyominkenko/tyominkenko3/node_1180,yes,,,,,,yes,,,,yes,,,,,,,,,,,,,,,,,,multipurpose_toilet,みやざきアクセシビリティ情報マップ,https://m-bfree.pref.miyazaki.lg.jp/a_map/public/facilityAround/eyJpdiI6IlJybEdVTFRXNVYyWXFWVkluaWxiSFE9PSIsInZhbHVlIjoiQ3ZcL0lWUDgwb204M1JrWDFoT29wd3c9PSIsIm1hYyI6ImMxYmRjZjBhYzA3MjNmOTYzNzdhMmRiNjQ5ZWY1NjQ4ZjAwZjI2N2JmZTg3OGZiNjkxMTg3ODM0Y2QzZWJkMTgifQ==,,F001700,男女共用トイレあり | 緊急通報装置あり | 調査日=2019-11-25,
45,宮崎県,45405,川南町,,かわみなみPLATZ（ぷらっつ）,,,889-1301,川南町大字川南1170-542,32.200536,131.486671,https://www.platz-kawaminami.com/,yes,,1階,,,,yes,,yes,,,yes,,,,,,,,,,,,,,,,,multipurpose_toilet,みやざきアクセシビリティ情報マップ,https://m-bfree.pref.miyazaki.lg.jp/a_map/public/facilityAround/eyJpdiI6IitjRk1pcXRMVHozWW5VSXFzQmZHY1E9PSIsInZhbHVlIjoiZzBaOTRQYU01SWY4b1pnWEh5eFRCZz09IiwibWFjIjoiOGE5MzUzZTk1MTc2ZDc1ZjcyNTMyMDcyMDE1ZTJmYTdjYzIwZDlmNzU4ZDBjODc5ZTJkNjQxOGUyYjRhNGI2NCJ9,,F002578,男女共用トイレあり | 緊急通報装置あり | 調査日=2022-07-06,
45,宮崎県,45203,延岡市,,カンナ工房,,,882-0003,延岡市稲葉町3丁目1313番地,32.611012,131.678087,,yes,,１階,,,,yes,,,,,,,,,,,,,,,,,,,,,,multipurpose_toilet,みやざきアクセシビリティ情報マップ,https://m-bfree.pref.miyazaki.lg.jp/a_map/public/facilityAround/eyJpdiI6IjBDS21XcXA3cTdFS1Q2cnNGeVJ6WHc9PSIsInZhbHVlIjoiQVFTMWh2NVVYN2FqT2xzT3N2WTBZdz09IiwibWFjIjoiZGVhZTljZWU4YzJkOTIzMWI1YzA2N2MzMzVkY2Y0MDdmZjAwN2M4M2MxMDk1OTM2YjZmODAxNjQ2Zjg1YmU3ZSJ9,,F001277,男女共用トイレあり | 緊急通報装置あり | 調査日=2006-03-28,
45,宮崎県,45202,都城市,,観音さくらの里,,,885-1205,都城市高城町石山4195,31.82539,131.13703,https://miyakonojo-bonchi.com/kannonsakura/,yes,,観音さくらの里１階 / 介護浴室内,,,,yes,,,,,,,,,,,,,,,,,,,,,,multipurpose_toilet,みやざきアクセシビリティ情報マップ,https://m-bfree.pref.miyazaki.lg.jp/a_map/public/facilityAround/eyJpdiI6InBrczJveHNUSEhDNDRGODNMOVl6NUE9PSIsInZhbHVlIjoiS2hJMlQxOUVVZmZyemFwd1ZUZEtRZz09IiwibWFjIjoiZDhmYWVmZDgwYzYyYWI4MTM2YWQ1ZWVmNDdjZmEzOTVhNTk0ODkyYmI4OTM3OTBmNTRkNTU2ZDAwYTZiNmIxOCJ9,,F001555,男女共用トイレあり | 緊急通報装置あり | 調査日=2022-04-18,
45,宮崎県,45202,都城市,,神柱公園,,,885-0025,都城市前田町1330-1 他,31.730547,131.072573,https://www.city.miyakonojo.miyazaki.jp/soshiki/4/3259.html,yes,,池北側駐車場南側 / 相撲場東側 / 児童館南側 / 子供広場南側,,,,,,,,yes,yes,,,,,,,,,,,,,,,,,multipurpose_toilet,みやざきアクセシビリティ情報マップ,https://m-bfree.pref.miyazaki.lg.jp/a_map/public/facilityAround/eyJpdiI6IlBObE5DQVdaVjY0eXE2NkUyNDVmd2c9PSIsInZhbHVlIjoiQTJnKzBTNEhBdVBDQ0J5bGtMZkdCZz09IiwibWFjIjoiOWM4ZWUzNGIzY2M0ZDc5OTFiNGVlMjBjZWVmYWM2MTBjNjJlMjM3MmY4NGU4ZGRlMmYzOTYwNzMwNWMxMGNlYSJ9,,F002594,男女共用トイレあり | 男女別トイレあり | 調査日=2025-02-26,
45,宮崎県,45201,宮崎市,,祇園台自治公民館,,,880-2212,宮崎市高岡町下倉永1200-259,31.932464,131.3327345,,yes,,,,,,,,,,,,,,,,,,,,,,,,,,,,multipurpose_toilet,みやざきアクセシビリティ情報マップ,https://m-bfree.pref.miyazaki.lg.jp/a_map/public/facilityAround/eyJpdiI6ImJWXC9iMFZ1Sm5HbU9RTmFDeFwvTUxzZz09IiwidmFsdWUiOiJjNTNHeHhSc1BGa28ySERaZUt4XC95Zz09IiwibWFjIjoiY2NhMzc4M2MzYmM2OWMwOTI0ZWE4NjI0MDZmZjE2Mjk5N2NjM2IzZDdlZDA5Mzg3NDE1ZGJjNTkzNWRkNjUyZCJ9,,F002056,男女別トイレあり,
45,宮崎県,45201,宮崎市,,企業組合介護福祉サービスひばり,,,880-2211,宮崎市高岡町花見5533-1,31.950408,131.3502837,,yes,,,,,,,,,,,,,,,,,,,,,,,,,,,,multipurpose_toilet,みやざきアクセシビリティ情報マップ,https://m-bfree.pref.miyazaki.lg.jp/a_map/public/facilityAround/eyJpdiI6IlM1M050dis3RnJBWGo3SFZqKzBjQ0E9PSIsInZhbHVlIjoiZGFCVmo0MlJXRDIzRTdMYkNFOHkxQT09IiwibWFjIjoiNmJmY2IyNWZlOTE5YjE1ZDNhMTRlZGMwN2ViNTQ3MmRmMjU5NDdjYTFjYmI5MjM2NjExOTMzMzEyYzdjZDhhYSJ9,,F001542,男女共用トイレあり,
45,宮崎県,45382,国富町,,企業組合福祉サービスみちくさ,,,880-1105,国富町大字向高字和田1383番1,31.9886148,131.2859878,,yes,,,,,,,,,,,,,,,,,,,,,,,,,,,,multipurpose_toilet,みやざきアクセシビリティ情報マップ,https://m-bfree.pref.miyazaki.lg.jp/a_map/public/facilityAround/eyJpdiI6ImVIbUVyQXlaNzJDQWl2OW9LYWxZYmc9PSIsInZhbHVlIjoiczZsZ3dyR0JheHUwNHN4VmMxamRZdz09IiwibWFjIjoiMjc5ZTkwZmFmZGEyMGMyNTIwMDdkMTFiYWZlYzMwODE2NmQ2ZjRiOTBlNDMzZTMwZGY5ZmYzNDgzYmJkNjE2NCJ9,,F000014,男女共用トイレあり | 調査日=2009-11-26,
45,宮崎県,45201,宮崎市,,企業福祉サービスみちくさ田野,,,889-1702,宮崎市田野町乙10846番6,31.8458178,131.3069295,,yes,,,,,,,,,,,,,,,,,,,,,,,,,,,,multipurpose_toilet,みやざきアクセシビリティ情報マップ,https://m-bfree.pref.miyazaki.lg.jp/a_map/public/facilityAround/eyJpdiI6IlwvS05CVEJjS053ZWczNXVuOVZqRit3PT0iLCJ2YWx1ZSI6InpyOW5IV2F0OHVacFwvS2RPXC85UU5udz09IiwibWFjIjoiN2FjMDRkZmUzNWJkNzA3MGJkNjJlMGNlZTk3YTViMzI3MDdlZTBjNmUyNzliYTZmMmVjYzQ0MjBkNzI3Yjg0YiJ9,,F001485,男女共用トイレあり | 調査日=2010-03-23,
45,宮崎県,45201,宮崎市,,キグナス石油衛藤商店セルフ大塚サービスステーション,,,880-0951,宮崎市大塚町水流5153-6,31.9119622,131.4013444,,yes,,,,,,,,,,,,,,,,,,,,,,,,,,,,multipurpose_toilet,みやざきアクセシビリティ情報マップ,https://m-bfree.pref.miyazaki.lg.jp/a_map/public/facilityAround/eyJpdiI6IlJEWk0rN0dMU09HN3NcL3JjWWVrSlZnPT0iLCJ2YWx1ZSI6ImtpY09TaEl6dlZIZnZUUHV6eTNQQ0E9PSIsIm1hYyI6Ijc1YTUzZWI2NWM0MzA4MTg2ODg1MWU2YTdjYjI5YmI0MDA1MTkzM2ZkYmY5ZDkyYmJkYTA0NzU0OTNkMGQwN2EifQ==,,F000667,男女共用トイレあり,
45,宮崎県,45209,えびの市,,木崎原古戦場跡,,,889-4303,えびの市池島,32.03951129540373,130.83060797867415,,yes,,駐車場横,,,,,,,,,,,,,,,,,,,,,,,,,,multipurpose_toilet,みやざきアクセシビリティ情報マップ,https://m-bfree.pref.miyazaki.lg.jp/a_map/public/facilityAround/eyJpdiI6InlkMlJQQytnK2h2TE1YdmxwWlNpVGc9PSIsInZhbHVlIjoiVDFJUlNsZ21TMDVnZnVSTTZhaHR6UT09IiwibWFjIjoiYmExMzg4YjVmOGY1ODg2MDVmZTllYzA4ZGE0ZjYwYjBlNTc0MjBhMDI4OGY0MGY0NDMzNzQxZGQwOTg4YjQxOCJ9,,F002795,男女共用トイレあり | 調査日=2024-11-06,
45,宮崎県,45206,日向市,,喜重会館,,,883-0014,日向市原町4丁目5番5号,32.4240525,131.6355393,,yes,,３階,,,,,,,,,,,,,,,,,,,,,,,,,,multipurpose_toilet,みやざきアクセシビリティ情報マップ,https://m-bfree.pref.miyazaki.lg.jp/a_map/public/facilityAround/eyJpdiI6IkxLVkt6bTZteEQ4dm5iOGtPMzN2S0E9PSIsInZhbHVlIjoiTWhjWUlkWkRaM1VtNlJvNjJDSU1EUT09IiwibWFjIjoiMDAxYjJmYWVmOTVjNWIyM2IwOTlmZThiNWE1MTMzZjI4MjIwZDVjMTBiNmEyNWYzNjVjM2NkMWM4YmM2OWNlOSJ9,,F001365,男女共用トイレあり | 緊急通報装置あり | 調査日=2002-09-11,
45,宮崎県,45404,木城町,,木城えほんの郷 森のえほん館,,,884-0104,木城町石河内475,32.2224328,131.4161449,http://service.kijo.jp/~ehon/,yes,,1階 / 1階、屋外,,,,yes,,,,yes,,,,,,,,,,,,,,,,,,multipurpose_toilet,みやざきアクセシビリティ情報マップ,https://m-bfree.pref.miyazaki.lg.jp/a_map/public/facilityAround/eyJpdiI6InowK1lMTE5OWDNhT3ZiK0MrbHc5V3c9PSIsInZhbHVlIjoiaU5Bc1N2blpCVlpkMGY1REp2T2JHZz09IiwibWFjIjoiN2JhYjE2YThjMDc2NTUzYmY2OGE5MDJlNTc3ODY2M2QzODJlMzBhMDUxNzA5YTAzMmIxZGI1NTQ5OWRjNTg1YiJ9,,F000500,男女共用トイレあり | 緊急通報装置あり | 調査日=2023-01-12,
45,宮崎県,45404,木城町,,木城えほんの郷 森のきこり館,,,884-0104,木城町石河内475,32.2224328,131.4161449,http://service.kijo.jp/~ehon/sisetuan/sub19.htm,yes,,1階、屋内,,,,,,,,,,,,,,,,,,,,,,,,,,multipurpose_toilet,みやざきアクセシビリティ情報マップ,https://m-bfree.pref.miyazaki.lg.jp/a_map/public/facilityAround/eyJpdiI6Imgwb2hPOEVRdFwvejRsaFRoRXh4ekFRPT0iLCJ2YWx1ZSI6IitWcHV5K25SRllqQWFJbWVJZzMwb0E9PSIsIm1hYyI6ImVkYTYyYTg0YzQ3OGRjMzBmM2M1NTc4OWEwMjlkZWI5MjEzMjZhNDI1ZmNiMTE5MWY1M2ZkMGNjNTkyMzVlMDUifQ==,,F001686,男女共用トイレあり | 緊急通報装置あり | 調査日=2007-12-14,
45,宮崎県,45404,木城町,,木城えほんの郷 森のコテージ,,,884-0104,木城町石河内475,32.2224328,131.4161449,http://service.kijo.jp/~ehon/kote/koteannai.htm,yes,,1階、屋内,,,,,,,,,,,,,,,,,,,,,,,,,,multipurpose_toilet,みやざきアクセシビリティ情報マップ,https://m-bfree.pref.miyazaki.lg.jp/a_map/public/facilityAround/eyJpdiI6Imp1dnZzM0ViT3RVMmZibUwxU3VwWnc9PSIsInZhbHVlIjoiN3AxRThZVlwvR0V6NGRMdzZ2TGZSM2c9PSIsIm1hYyI6ImYyMzBhOTAxNzYwMzQyNDg2Zjg2MzJiODMyNmQzNmI5NDcyNTU1Njc2NjA5ZTkzYTIyZGJiODRlM2M0OTE1YjIifQ==,,F000217,男女共用トイレあり | 緊急通報装置あり | 調査日=2007-12-14,
45,宮崎県,45404,木城町,,木城温泉館 湯らら,,,884-0101,木城町大字高城1403-1,32.168417,131.478153,http://service.kijo.jp/~yurara/,yes,,温泉入口の前 / 家族風呂(やすらぎの湯)内 / ふれあいプラザ室内,,,,yes,,,,,,,,,,,,,,,,,,,,,,multipurpose_toilet,みやざきアクセシビリティ情報マップ,https://m-bfree.pref.miyazaki.lg.jp/a_map/public/facilityAround/eyJpdiI6IlA3bDJ3Y2dKdlJ4bDRQOGw4U2FnK1E9PSIsInZhbHVlIjoiSE5qZExkY2I3N3o4Zm1MSE5JdXlPQT09IiwibWFjIjoiNTc0NGZlNzQ3M2NhNzFmNTMyMDlkZDNmMDllYTJlZjhlMjAwZGFmZDc0ODM3MzYyNDM2ZTEyZjk0YmI0ODk3NyJ9,,F001811,男女共用トイレあり | 男女別トイレあり | 緊急通報装置あり | 着替え台あり | 調査日=2026-06-19,・温泉入口前の女性トイレの中にオムツ交換台がある
45,宮崎県,45404,木城町,,木城クリニック,,,884-0101,木城町高城3848,32.1647882,131.4706089,,yes,,１階,,,,yes,,,,,,,,,,,,,,,,,,,,,,multipurpose_toilet,みやざきアクセシビリティ情報マップ,https://m-bfree.pref.miyazaki.lg.jp/a_map/public/facilityAround/eyJpdiI6IlBkdE85UU5DbGtNdk92OThaQ3RLbWc9PSIsInZhbHVlIjoicitFbGdtVFBvZmxCR050STVZTzFoUT09IiwibWFjIjoiNTczMjZhMTFjYzJlMTU0ZDdiNmRkNWQ4MzFkNjY1ZDEwZjRjNDJjZDQ1ZjFlNDY5OWUxOTk4MTA0MzQ3MmEzNCJ9,,F000265,男女共用トイレあり | 緊急通報装置あり | 調査日=2006-03-07,
45,宮崎県,45404,木城町,,木城町総合体育館,,,884-0102,木城町大字椎木2146ー1,32.1624903,131.4674432,,yes,,,,,,,,,,,,,,,,,,,,,,,,,,,,multipurpose_toilet,みやざきアクセシビリティ情報マップ,https://m-bfree.pref.miyazaki.lg.jp/a_map/public/facilityAround/eyJpdiI6IlwvN3lsM2Zsc0oreHJoTkl2b3JZYTNnPT0iLCJ2YWx1ZSI6Im1xNTJJMXpmcXBSMXVWSzh1eGo0eEE9PSIsIm1hYyI6IjFhZDViMDUwYWVjMWMzM2FiODE4NGU1MzY4NGVkMDlhNzhmOTFkMmE1M2MwOWI5NDkyZDk5ZGE4YTMxODIwYmQifQ==,,F000045,男女別トイレあり | 調査日=2006-06-22,
45,宮崎県,45404,木城町,,木城町農産物販売所「菜っ葉屋」,,,884-0101,木城町大字高城1407,32.16882240418726,131.4777901204488,http://service.kijo.jp/~yurara/nappaya.html,yes,,店舗左側,,,,yes,,,,,,,,,,,,,,,,,,,,,,multipurpose_toilet,みやざきアクセシビリティ情報マップ,https://m-bfree.pref.miyazaki.lg.jp/a_map/public/facilityAround/eyJpdiI6IjN4T2hkN1JOMlwvbE1sVEVxbEtHOWdRPT0iLCJ2YWx1ZSI6ImtOOUVlSlYza0xWV0dVTE5aeld5N0E9PSIsIm1hYyI6ImQ2YjRhZDA0MTlkNGUyMDVjYzlhZGM2MjFhMzdkNzczYjI3MjY4NGUwMjA0YTUxNTU0ZTczMWMxZjkyZWI3NTAifQ==,,F002642,男女共用トイレあり | 調査日=2023-01-12,
45,宮崎県,45404,木城町,,木城町保健センター,,,884-0102,木城町大字椎木2148-1,32.1628792,131.4666099,,yes,,１階,,,,,,,,,,,,,,,,,,,,,,,,,,multipurpose_toilet,みやざきアクセシビリティ情報マップ,https://m-bfree.pref.miyazaki.lg.jp/a_map/public/facilityAround/eyJpdiI6IlIwNmo4UHo2MFpoaWc3cDVpZndiV2c9PSIsInZhbHVlIjoiVE1tRDVLbE5iTHNTQ2pjcWF1OWF2UT09IiwibWFjIjoiZmY4YjA5NWRiMmIyMDc0YmFiNTkwM2I5MGQyMzM1N2Q5ZTNhNzYxNzk1MDQyMGVmNjM2NDk5NDA0MzM4MzY0MSJ9,,F000495,男女共用トイレあり | 緊急通報装置あり | 調査日=2013-09-06,
45,宮崎県,45404,木城町,,木城町通所介護事業所（デイサービス）,,,884-0101,木城町大字高城3064,32.1669126,131.4634435,,yes,,,,,,yes,,,,,,,,,,,,,,,,,,,,,,multipurpose_toilet,みやざきアクセシビリティ情報マップ,https://m-bfree.pref.miyazaki.lg.jp/a_map/public/facilityAround/eyJpdiI6IkF0ZkFGa0RcL0Z5ZER0TzVFSnVCT1pnPT0iLCJ2YWx1ZSI6IktJRnIybnpncXY0Q3ZJRk1CXC9LVXJRPT0iLCJtYWMiOiI2MzliYmZjM2EzYTg1Y2VkYjY2MWM2NTM1NmRkZGNkYjVjNTU4NjlhMTM1NzU4ZGFjMTc3ZjMyYzhlZTBhYzZhIn0=,,F000504,男女別トイレあり | 調査日=2002-09-13,
45,宮崎県,45203,延岡市,,北浦漁港宮野浦公園,,,889-0303,延岡市北浦町宮野浦,32.6976421,131.8383251,,yes,,,,,,,,,,,,,,,,,,,,,,,,,,,,multipurpose_toilet,みやざきアクセシビリティ情報マップ,https://m-bfree.pref.miyazaki.lg.jp/a_map/public/facilityAround/eyJpdiI6IkZjOEEwUzhmeXpKMVk3VWVabk9NZ0E9PSIsInZhbHVlIjoiT2gyM1hcL0djS2lHV0lNVHhiSVwvN0dBPT0iLCJtYWMiOiJhZTVlNWRhZDU4MWZhMzIzNDdlMjUxZTkxYzE1NDdhODRlNDlmNjE5ODI4NzZiZmVmODJjODQzZjdmNTkzMDgwIn0=,,F001929,男女共用トイレあり | 調査日=2019-12-16,
45,宮崎県,45203,延岡市,,北浦臨海パーク きたうらら海市場,,,889-0301,延岡市北浦著古江2501-60,32.704886,131.819618,http://kitaurara.jp/,yes,,観光案内所横（障がい者用駐車場の横） / 観光案内所横（障がい者駐車場横）,,,,yes,,yes,,yes,,,,,,,,,,,,,,,,,,multipurpose_toilet,みやざきアクセシビリティ情報マップ,https://m-bfree.pref.miyazaki.lg.jp/a_map/public/facilityAround/eyJpdiI6IldYbU9VamZyTWhEUm9SSWpNdHpCaWc9PSIsInZhbHVlIjoiYTlKM3RYNENRdlJjUzdWU21cL1M4MXc9PSIsIm1hYyI6IjExYjcxZjc3NjY1NjViNzk2OThlMDdmMjY5MWJhNWQ3ODY0NThlOGRhNGRlNGM3MDhhMDdhZDZjMmE3OTI5MWIifQ==,,F002448,男女共用トイレあり | 男女別トイレあり | 緊急通報装置あり | 着替え台あり | 調査日=2025-02-06,・24時間利用可能 / ・男女別トイレの中にもそれぞれ多目的トイレがある
45,宮崎県,45203,延岡市,,北方医院,,,882-0125,延岡市北方町川水流卯1412-1,32.5589318,131.5224126,,yes,,１階,,,,,,,,,,,,,,,,,,,,,,,,,,multipurpose_toilet,みやざきアクセシビリティ情報マップ,https://m-bfree.pref.miyazaki.lg.jp/a_map/public/facilityAround/eyJpdiI6IldxdkFOMGl0M29mdlF1UU9ObGM2aFE9PSIsInZhbHVlIjoiZm1zOXJcL0NKNUZMT1wvYzFKVFNPNjZ3PT0iLCJtYWMiOiI2YmM3NzE1NjFjZGIwZTM0ZmI5ZThhMzk4MmFkMzBmZDQ3ZjVhZGE0NjQ5YzM3MTE3MTcyODVmMjkwMjkyYWI4In0=,,F001563,男女共用トイレあり | 緊急通報装置あり | 調査日=2019-11-11,
45,宮崎県,45203,延岡市,,北川駅,,,889-0101,延岡市北川町川内名,32.69059666958301,131.6971567742078,https://www.jrkyushu.co.jp/railway/station/1191527_1601.html,yes,,,,,,,,,,,,,,,,,,,,,,,,,,,,multipurpose_toilet,みやざきアクセシビリティ情報マップ,https://m-bfree.pref.miyazaki.lg.jp/a_map/public/facilityAround/eyJpdiI6InoxYTRFdFFvK0wxdG1GenltUHRTZ3c9PSIsInZhbHVlIjoiYlZQUUhhSGVVbUViSEtYM0JmcVwvRnc9PSIsIm1hYyI6IjA1MDExZjdjYTI4MWE1YjQzMDFhMmFlOTM0MTg3ODhhY2JjNGMzODg3NTdiNTMzMjU4ZWMxZDRkMDhmZGRkMzMifQ==,,F002596,男女共用トイレあり | 調査日=2022-09-09,
45,宮崎県,45203,延岡市,,北川町総合運動公園 ホタルの館,,,889-0101,延岡市北川町大字川内名7330,32.6932909,131.6910086,,yes,,１階,,,,,,,,,,,,,,,,,,,,,,,,,,multipurpose_toilet,みやざきアクセシビリティ情報マップ,https://m-bfree.pref.miyazaki.lg.jp/a_map/public/facilityAround/eyJpdiI6IjVsdXJiRE5McW9FYitoNmRSUDArUlE9PSIsInZhbHVlIjoieUsrR2RHbXAzV2tTSTNjbEQ4YytUUT09IiwibWFjIjoiODhkNjQzMzJjNjEzNzZiMDJkZjI0YzU3ZWFkNDY5YmQ0MDNhY2M5NDdlMjE3NmNmYzJkYzA3ZDA2NTU1MjI3YSJ9,,F001565,男女共用トイレあり | 緊急通報装置あり | 調査日=2019-11-15,
45,宮崎県,45205,小林市,,北きりしま物産センター（四季彩館）,,,886-0005,小林市大字南西方1191番地1,31.9823711,130.9321486,http://www.sukisuki.jp/,yes,,屋外,,,,,,,,,,,,,,,,,,,,,,,,,,multipurpose_toilet,みやざきアクセシビリティ情報マップ,https://m-bfree.pref.miyazaki.lg.jp/a_map/public/facilityAround/eyJpdiI6InJ1VmJpcit6aERuSlIxZnNzR0t5ZGc9PSIsInZhbHVlIjoiTUdoQmhVTzhsNWp1M2tZYXdvY3VDQT09IiwibWFjIjoiMDgzNTcxYWQ4YWE0OGQ2Mjk1OTA4MzEyYzI4Y2VlMGU1MDdmY2UzZTU0ZmYxY2FmNzc5ZGE1MzUxYTRiMzg2MSJ9,,F001911,男女共用トイレあり | 緊急通報装置あり | 調査日=2002-09-26,
45,宮崎県,45204,日南市,,北郷駅,,,889-2402,日南市北郷町郷之原2099,31.67952308511435,131.3759912959596,https://www.jrkyushu.co.jp/railway/station/1191528_1601.html,yes,,駅舎右側（南側）,,,,yes,,,,,,,,,,,,,,,,,,,,,,multipurpose_toilet,みやざきアクセシビリティ情報マップ,https://m-bfree.pref.miyazaki.lg.jp/a_map/public/facilityAround/eyJpdiI6IjRpTVN1akZ5Rk81UzZQUXNZUzZXb3c9PSIsInZhbHVlIjoiZ3hEd0Rzc2pyVVVmUkF1eUlCWGNZZz09IiwibWFjIjoiNzhhMzhhMDQ4MTU0ZmYzMGRkOGRiYmM4NTZmZWQ2YzQ2OWU2YjdkMTg2Y2IxZDUwZDI3NmQ1MzA4MmZmMDViNyJ9,,F002607,男女共用トイレあり | 調査日=2022-10-11,
45,宮崎県,45201,宮崎市,,北地域センター,,,880-0044,宮崎市大字瓜生野3909-40,31.962403,131.3834949,https://www.city.miyazaki.miyazaki.jp/life/activities/kita/975.html,yes,,,,,,,,,,,,,,,,,,,,,,,,,,,,multipurpose_toilet,みやざきアクセシビリティ情報マップ,https://m-bfree.pref.miyazaki.lg.jp/a_map/public/facilityAround/eyJpdiI6InNlMmx6bWNOUEZJOWNQYks2UmhDYnc9PSIsInZhbHVlIjoiMWxSV3Y2YXI5TTFsd0tlN25LRG9hdz09IiwibWFjIjoiMmY4ZTk0OTFlNDYxZmNkZTAxNWRlOWU3MzQ0YzZkYmJhM2FhYzYxZTZkNGZhNGM1ZjI1N2ZkZDk4NjJiNDg2OCJ9,,F001123,男女共用トイレあり | 緊急通報装置あり | 調査日=2019-11-12,
45,宮崎県,45201,宮崎市,,北地区交流センター,,,880-0044,宮崎市大字瓜生野3909,31.9626985,131.3829477,https://www.city.miyazaki.miyazaki.jp/institution/list/item177/,yes,,１階,,,,,,yes,,,,,,,,,,,,,,,,,,,,multipurpose_toilet,みやざきアクセシビリティ情報マップ,https://m-bfree.pref.miyazaki.lg.jp/a_map/public/facilityAround/eyJpdiI6IkF5RTczTW5GXC9KOFZYM3UxRkZjYnpRPT0iLCJ2YWx1ZSI6IkliWm94cVVoQjBrN3dnTnprWlZ4SlE9PSIsIm1hYyI6IjM2MDI2MTljM2UyZWNiYzEyODZmOTM4NTkxM2ZlYTYwNmZlZTNlNDM1YmY3NjQ0ODk3MGNhMzI1OTgwNDE4M2YifQ==,,F000337,男女共用トイレあり | 緊急通報装置あり,
45,宮崎県,45203,延岡市,,北老人福祉センター,,,882-0055,延岡市山下町1丁目7-9,32.5889122,131.6689995,https://www.emuemukai.jp/,yes,,１階,,,,,,,,,,,,,,,,,,,,,,,,,,multipurpose_toilet,みやざきアクセシビリティ情報マップ,https://m-bfree.pref.miyazaki.lg.jp/a_map/public/facilityAround/eyJpdiI6ImYwcTM5MU1kQks4WjBLakpadXJoSEE9PSIsInZhbHVlIjoiM3ZETVc4cGNrNEsrTnBoYUU3WmIwdz09IiwibWFjIjoiNGJhZjIxYjg5ZmE1Y2UwNTgwNjUxMWU0MTU5ODIyZjQwM2YzODU3YjM0ZWRjM2IzZmEzMTk2NTkxODU4ODU1NyJ9,,F001405,男女共用トイレあり | 緊急通報装置あり | 調査日=2019-11-18,
45,宮崎県,45205,小林市,,KITTO小林（小林駅）,,,886-0009,小林市大字細野1829-16,31.99131,130.975603,https://kobayashi-machi.com/kitto-kobayashi-2,yes,,1F・正面右 / 1F：入口右奥,,,,yes,yes,yes,,,yes,,,,,,,,,,,,,,,,,multipurpose_toilet,みやざきアクセシビリティ情報マップ,https://m-bfree.pref.miyazaki.lg.jp/a_map/public/facilityAround/eyJpdiI6IlR4VXRGYWxOaHZ3djRnRjFrck40Y2c9PSIsInZhbHVlIjoidHR5K3IyeG0ybFpuSlJybVl1b2lydz09IiwibWFjIjoiMzI0ODYxYWU5ZjQwYTEwYzhhYzNhMTE0MzZmMGFhYmE3NDA2OTY3Mzc5ZDE2YWU4NDEzMjgwOTJiNmIyZTY4OSJ9,,F002391,男女共用トイレあり | 緊急通報装置あり | 着替え台あり | 調査日=2020-01-30,・音声案内あり
45,宮崎県,45201,宮崎市,,木下内科医院,,,880-0035,宮崎市下北方町常盤元1018‐1,31.9431014,131.4265733,,yes,,,,,,,,,,,,,,,,,,,,,,,,,,,,multipurpose_toilet,みやざきアクセシビリティ情報マップ,https://m-bfree.pref.miyazaki.lg.jp/a_map/public/facilityAround/eyJpdiI6InI1dkd6MG81RlFkdmtOU1AzUDY3eGc9PSIsInZhbHVlIjoiZXIyaXlIU2tHbG9cL3JZTG5wcDlTOWc9PSIsIm1hYyI6ImRkNDkwMzg4MzIwZTIwMjIxOGIyOWRiZmY0ODRjNjViOGQxNWFmOWFmNjlhNTJhOGE4MmFhYTExM2FkZmI4MWEifQ==,,F000987,男女共用トイレあり | 調査日=2009-11-30,
45,宮崎県,45201,宮崎市,,木花駅,,,889-2151,宮崎市大字熊野,31.831211,131.436889,,yes,,道路側入口の右手,,,,,,yes,,yes,,,,,,,,,,,,,,,,,,multipurpose_toilet,みやざきアクセシビリティ情報マップ,https://m-bfree.pref.miyazaki.lg.jp/a_map/public/facilityAround/eyJpdiI6IktcL05TbTVoSzBhbFRRcFRLanMreWdRPT0iLCJ2YWx1ZSI6Ijhsd1VZd3ZpcWRHWUswNkgrY0lON0E9PSIsIm1hYyI6ImYzM2IyZDIwM2I2MWZmMDhjOThlNDZmOGExNDI3ODlhZTc2OTM0ZTY4MTExNmZlZGQ2MjRjZmE0Yjg0NGFmZmEifQ==,,F002364,男女共用トイレあり | 緊急通報装置あり | 調査日=2019-11-05,
45,宮崎県,45201,宮崎市,,木花眼科クリニック,,,889-2151,宮崎市大字熊野字正蓮寺606-1,31.8269335,131.4462559,http://www1.bbiq.jp/~kibanaeyeclinic/mu_hua_yan_kekurinikku/Home.html,yes,,,,,,,,,,,,,,,,,,,,,,,,,,,,multipurpose_toilet,みやざきアクセシビリティ情報マップ,https://m-bfree.pref.miyazaki.lg.jp/a_map/public/facilityAround/eyJpdiI6IkJwblZVYmVyZXRyK0VwQ0g0d2lxbWc9PSIsInZhbHVlIjoidXZiUnIwdWNVd1ZjbjJ2REV1S0lNdz09IiwibWFjIjoiMDE1ZDU3OTc3OWUxN2NiODI2YTkwNzkxM2U1YmQ5YzU5YWY1Y2MzZTgxNzc0YTM2MWU2OTQ2ZjRiNzc1YjdmYyJ9,,F000162,男女共用トイレあり | 調査日=2010-09-02,
45,宮崎県,45201,宮崎市,,木花児童センター,,,889-2151,宮崎市大字熊野635,31.8293893,131.4360801,https://www.miyazakicity-sfj.jp/,yes,,１階,,,,,,,,yes,,,,,,,,,,,,,,,,,,multipurpose_toilet,みやざきアクセシビリティ情報マップ,https://m-bfree.pref.miyazaki.lg.jp/a_map/public/facilityAround/eyJpdiI6IkhzOFVpY2NyWHFNeTc5bTczOSs4Z1E9PSIsInZhbHVlIjoicHBZbjNvWTBoV3M4VzlaNzV4SXRPdz09IiwibWFjIjoiMjJjYzRjZjA3OTEwMDI1Zjg5M2RlZmQ1MjQxYjViYmJkNmFmNWJhY2YwMmIwZjY2ZDdiOGJjODIxZTQ0Nzc5NiJ9,,F000761,男女共用トイレあり | 緊急通報装置あり | 調査日=2019-11-11,
45,宮崎県,45201,宮崎市,,木花地区交流センター,,,889-2151,宮崎市大字熊野591,31.8292266,131.4368323,,yes,,屋外,,,,yes,,yes,,,,,,,,,,,,,,,,,,,,multipurpose_toilet,みやざきアクセシビリティ情報マップ,https://m-bfree.pref.miyazaki.lg.jp/a_map/public/facilityAround/eyJpdiI6IjY5UTd5dklRUllHY2NNNGUzRWpkUEE9PSIsInZhbHVlIjoiQ1BueVdSXC85NVBlTmMycGRYMFIwaEE9PSIsIm1hYyI6IjJiNDQzMGQzMjQzMTM3YjhkYjkzYTkxNThiMGE4ZTdhZWFkMzRhYWI2YjBlYjUzYjRkMTk5MmYwMTQxNGZkYjkifQ==,,F000772,緊急通報装置あり | 調査日=2019-11-12,
45,宮崎県,45201,宮崎市,,喜夢良ラーメン 北店,,,880-0822,宮崎市権現町137-3,31.930648,131.4359133,,yes,,,,,,,,,,,,,,,,,,,,,,,,,,,,multipurpose_toilet,みやざきアクセシビリティ情報マップ,https://m-bfree.pref.miyazaki.lg.jp/a_map/public/facilityAround/eyJpdiI6Ijl2MDI0T1ZmOU8zOEdHWmtuVENuNGc9PSIsInZhbHVlIjoiVkFZUzhFR1FXWjVCdFRxOHBpU2FhQT09IiwibWFjIjoiOWI5ZGM4YjAyODEwM2I3ZjZkZmMyMmExMWE1NTU1ZjdiN2FkYzk4MzA3NmVjN2Y1YzVkYzljZjA3ZTA3MTU2MiJ9,,F000194,男女共用トイレあり,
45,宮崎県,45201,宮崎市,,九州運輸局宮崎運輸支局,,,880-0925,宮崎市大字本郷北方字鵜戸尾2735番3,31.871851,131.410313,http://wwwtb.mlit.go.jp/kyushu/,yes,,１階,,,,,,,,,,,,,,,,,,,,,,,,,,multipurpose_toilet,みやざきアクセシビリティ情報マップ,https://m-bfree.pref.miyazaki.lg.jp/a_map/public/facilityAround/eyJpdiI6IndySEM4dkVtZFRCUCtCM0c4NmxRM0E9PSIsInZhbHVlIjoiRHhGaHdMXC9yRnJHOWFzV1hJT2pcL2VBPT0iLCJtYWMiOiIyMzM3NjdlMjg2MmVmY2NiODlkMjExMzNhNzA2ODI4MWMzYjIyOTY2NzhhZGNjMjA5MjBjYmI2YzY2OTk4MTRiIn0=,,F001196,男女共用トイレあり | 緊急通報装置あり | 調査日=2013-09-05,
45,宮崎県,45203,延岡市,,九州労働金庫延岡支店,,,882-0803,延岡市大貫町2丁目3035-3,32.5778905,131.6584086,,yes,,１階,,,,yes,,,,,,,,,,,,,,,,,,,,,,multipurpose_toilet,みやざきアクセシビリティ情報マップ,https://m-bfree.pref.miyazaki.lg.jp/a_map/public/facilityAround/eyJpdiI6ImJ0NjdMYWE4OW5LSGdPazN5ajZncmc9PSIsInZhbHVlIjoiUFlrcnhjS01nbmNLMVUzWjVTbUFtdz09IiwibWFjIjoiZDI3MzYxYmFjMTRkMDEwNjczYmRjNzZmZjc3MmNjYTc1MGQ0NmNhNGJjMmQxOTE3NWQwNzg4Y2EzOWFmMTFiNSJ9,,F001311,男女共用トイレあり | 緊急通報装置あり | 調査日=2019-11-18,
45,宮崎県,45202,都城市,,九州労働金庫 都城支店,,,885-0021,都城市平江町4街区19号,31.732909,131.068968,,yes,,１階,,,,yes,,,,,,,,,,,,,,,,,,,,,,multipurpose_toilet,みやざきアクセシビリティ情報マップ,https://m-bfree.pref.miyazaki.lg.jp/a_map/public/facilityAround/eyJpdiI6IlJabHdIdWNvQ0tKRFlxTzNBYlNpZ2c9PSIsInZhbHVlIjoiR0M2Z0tZWWVWV0JGSHZWd2ZrT1Bpdz09IiwibWFjIjoiNTg3ODMyNDM5NDdmOTQ1N2IxZDRmYzU0MTU3YTNhZGRiYzZiYTc4YWZjYzFkZGRjM2JjMWE5YjNhOGNhZDEyZSJ9,,F001890,男女共用トイレあり | 緊急通報装置あり | 調査日=2013-09-09,
45,宮崎県,45201,宮崎市,,九州労働金庫宮崎県本部、宮崎県労働会館,,,880-0802,宮崎市別府町3-9,31.9127493,131.4278888,,yes,,,,,,,,yes,,,,,,,,,,,,,,,,,,,,multipurpose_toilet,みやざきアクセシビリティ情報マップ,https://m-bfree.pref.miyazaki.lg.jp/a_map/public/facilityAround/eyJpdiI6ImlRZnk4N25CRSt4eU9zRGhieGI3Y2c9PSIsInZhbHVlIjoiekRoSkdLNU1hKzZuNEg2dnd5TE9UQT09IiwibWFjIjoiMmY0NDk3NDQwYjg5YTAxOTI4MDE4MzhhNmY3N2JmZjFkMzIwYWFjZDU0ZTE5ZmY0ZWE3MGZkNjk2MWY1YzhhMiJ9,,F001860,男女共用トイレあり | 調査日=2019-11-18,
45,宮崎県,45201,宮崎市,,九電工宮崎支店社屋,,,880-0817,宮崎市江平東町4-1,31.9242072,131.4283111,,yes,,,,,,,,,,,,,,,,,,,,,,,,,,,,multipurpose_toilet,みやざきアクセシビリティ情報マップ,https://m-bfree.pref.miyazaki.lg.jp/a_map/public/facilityAround/eyJpdiI6ImRlSlZaVzJWV3lWYzVHeW5Vc1ZjTVE9PSIsInZhbHVlIjoiSUZhUFVjdUlaUzQwdldacFFUK1E5UT09IiwibWFjIjoiZGVlMzYxZDI5YzAxYTkzYjQzMjZkNzA2MjRkOWJjZjczMzJhODhmMDM5MGIxYmQ2Zjg4NzY2OGMxNmM4MDk2ZCJ9,,F000165,男女共用トイレあり,
45,宮崎県,45201,宮崎市,,夾竹園大塚本店,,,880-0951,宮崎市大塚町水流5131-1,31.912221,131.4015856,http://www.kyouchikuen.jp/,yes,,,,,,,,,,,,,,,,,,,,,,,,,,,,multipurpose_toilet,みやざきアクセシビリティ情報マップ,https://m-bfree.pref.miyazaki.lg.jp/a_map/public/facilityAround/eyJpdiI6InJDdEo4RVdcL2VFbVY4TzhuZjc0VSt3PT0iLCJ2YWx1ZSI6ImU0azlpdEorQmU0eWpjazZiTFNBVVE9PSIsIm1hYyI6IjE0MjI5OWEwYzNjMGNmZWU0YzY2MjFmYTU1ZTE2NmM1N2Q3YjNiY2FmYTkxYTBiNmM1YTY1YTIzMTk2ZGUwNTkifQ==,,F000516,男女共用トイレあり | 調査日=2019-11-12,
45,宮崎県,45205,小林市,,共同作業所あゆみの会,,,886-0004,小林市大字細野4488,31.9726954,130.9716095,,yes,,,,,,,,,,,,,,,,,,,,,,,,,,,,multipurpose_toilet,みやざきアクセシビリティ情報マップ,https://m-bfree.pref.miyazaki.lg.jp/a_map/public/facilityAround/eyJpdiI6InhjRTFcL1VNMzNRc1VkK2VJaW9kNndBPT0iLCJ2YWx1ZSI6ImJhNENKUThNWHV4STdGSVlva3U5K0E9PSIsIm1hYyI6ImI3Y2NjYmQ1N2Y4OTAwNTVjN2M0ZWFjMzY2NGRiMTZhNDI2MjJmZTRmOGQ2NDU4YTgyNjUyZTkyNGVkNWMyYWYifQ==,,F001393,男女共用トイレあり | 調査日=2002-09-06,
45,宮崎県,45203,延岡市,,共立病院,,,882-0031,延岡市中川原町3丁目42番地,32.5949653,131.6734011,http://www.nobeoka-kyoritu.or.jp,yes,,１階,,,,,,,,,,,,,,,,,,,,,,,,,,multipurpose_toilet,みやざきアクセシビリティ情報マップ,https://m-bfree.pref.miyazaki.lg.jp/a_map/public/facilityAround/eyJpdiI6IlA2MUdVQUpcL2s0UkIzaDc4OUdcL3dJdz09IiwidmFsdWUiOiJzTGtPdWZzZnlrVFZaV1JWWTl5UytnPT0iLCJtYWMiOiI4YzMyMmE2ODFkNjZjNWY3ZmU4OTYyNjIzZDMwYzU3OGZmZTAzNmNjMGE3Mjg1YmRjMzY2MDlkMzc3MWQ0NzIwIn0=,,F001334,男女共用トイレあり | 緊急通報装置あり | 調査日=2002-09-04,
45,宮崎県,45206,日向市,,協和病院,,,883-0021,日向市大字財光寺1194-3,32.4088839,131.6364939,http://www.kyowahospital.jp/index.html,yes,,１階,,,,yes,,yes,,,,,,,,,,,,,,,,,,,,multipurpose_toilet,みやざきアクセシビリティ情報マップ,https://m-bfree.pref.miyazaki.lg.jp/a_map/public/facilityAround/eyJpdiI6Imd0bFJVN3ZNMTFDdFhlK3p1T0hNMFE9PSIsInZhbHVlIjoiVXlSTzBEZk9pTHZSQThsMjRrMHdHUT09IiwibWFjIjoiNGMwNTg4MzhiYmM1YWNmNDIzNjZlMjE0OTE0ZmQwZDcxNDBiNjVhYjA4YjBiNWY0NTBhNDM1M2E4MjczMjQwMSJ9,,F000941,男女共用トイレあり | 緊急通報装置あり | 調査日=2019-12-17,
45,宮崎県,45201,宮崎市,,きよし整形外科クリニック,,,880-0211,宮崎市佐土原町下田島10404-1,32.0240676,131.4814276,,yes,,,,,,yes,,,,,,,,,,,,,,,,,,,,,,multipurpose_toilet,みやざきアクセシビリティ情報マップ,https://m-bfree.pref.miyazaki.lg.jp/a_map/public/facilityAround/eyJpdiI6IlRYV2JOMERFbytzMk5mdDJLaDVOTmc9PSIsInZhbHVlIjoiek1aTEFja1FINTgwK1VkMUZITzNYQT09IiwibWFjIjoiMjBiNGE5NzgxMTYxNDk5NWY5MjQyYjcxM2ExMjgxMDUxM2VkMWViY2Q2ZmViMDczZjI2NjY0ZjU4OTc2NTRlMSJ9,,F001746,男女共用トイレあり | 調査日=2019-11-13,
45,宮崎県,45201,宮崎市,,清武おとなこども歯科,,,889-1606,宮崎市清武町木原新町426-1,31.85597,131.3939,,yes,,,,,,yes,,,,yes,yes,,,,,,,,,,,,,,,,,multipurpose_toilet,みやざきアクセシビリティ情報マップ,https://m-bfree.pref.miyazaki.lg.jp/a_map/public/facilityAround/eyJpdiI6IjZhTHhsVHQwS0JURTFWTnc4WXptV2c9PSIsInZhbHVlIjoib09sUmV1KzdKdFgwVnQ1VGhRa05qQT09IiwibWFjIjoiNDI2MjJlMGYyYmM0ZTBiMjk2MWZkYjJiOTY0Njc4ZmU5NDFmMThlZmNlNTlhYzk0ZGQ4ZGI5NDNlMDNhZDE2NiJ9,,F002777,男女共用トイレあり | 緊急通報装置あり | 調査日=2024-07-31,
45,宮崎県,45201,宮崎市,,清武耳鼻咽喉科,,,889-1602,宮崎市清武町大字今泉字釘原甲36－15,31.8099505,131.3460732,,yes,,１階,,,,yes,,,,,,,,,,,,,,,,,,,,,,multipurpose_toilet,みやざきアクセシビリティ情報マップ,https://m-bfree.pref.miyazaki.lg.jp/a_map/public/facilityAround/eyJpdiI6IkwwbHJzZ2MzdVFGT1EwSFhGMnRTblE9PSIsInZhbHVlIjoiVEg1SHNyaFNwdWM5S01DaXZGNUFpdz09IiwibWFjIjoiODI2N2YxYjgxODkxMjBiYzhlMWM5ZmViMTliYTg3NWJiMDI2NTJmMzZlZGUzMmNjZjUxOTk1YzhkYWE0YjZlZCJ9,,F001026,男女別トイレあり | 緊急通報装置あり | 調査日=2006-01-24,
45,宮崎県,45201,宮崎市,,清武総合運動公園 テニスコート管理棟,,,889-1602,宮崎市清武町今泉甲530番地,31.8531345,131.3560996,http://www.kiyotake-park.jp/,yes,,,,,,,,,,,,,,,,,,,,,,,,,,,,multipurpose_toilet,みやざきアクセシビリティ情報マップ,https://m-bfree.pref.miyazaki.lg.jp/a_map/public/facilityAround/eyJpdiI6IjlqejdNMGZwbVFzYXhEVkFHc3hoNlE9PSIsInZhbHVlIjoiWlI2SE5QMHdhWDN5ZVQ5Ym9ZNVZSdz09IiwibWFjIjoiOTNmYTk0MmY5NDM3YmUwYzcxNGY1Zjk3NzgwZWM2YTMyNWVhZGJiZDk2MzI3MzIyNzEzMjA1ZWFmMmFiZTZlYyJ9,,F002105,男女共用トイレあり,
45,宮崎県,45204,日南市,,きよひで内科クリニック,,,887-0031,日南市戸高1-6-10,31.5985092,131.378078,http://kiyohide-naika-clinic.com/,yes,,１階,,,,yes,,,,,,,,,,,,,,,,,,,,,,multipurpose_toilet,みやざきアクセシビリティ情報マップ,https://m-bfree.pref.miyazaki.lg.jp/a_map/public/facilityAround/eyJpdiI6IjR4bHF3dmkrSWhNdkczb1BJbW9rS0E9PSIsInZhbHVlIjoiTmowZk9JOFJydFwvelJvUFdZWDhOZ2c9PSIsIm1hYyI6IjA1YTc0OTMyZjY3ODY3YTk2ZjA4YjQ1MmYyM2NiODk1NmU0ODQyOGRlOTEwYTAzNzdhODgyNmY4NjQ4YWRlNGYifQ==,,F001591,男女共用トイレあり | 緊急通報装置あり | 調査日=2013-09-13,
45,宮崎県,45201,宮崎市,,霧島児童館,,,880-0031,宮崎市船塚1丁目81,31.9275988,131.4173075,https://www.city.miyazaki.miyazaki.jp/institution/list/item527/,yes,,,,,,yes,,,,yes,,,,,,,,,,,,,,,,,,multipurpose_toilet,みやざきアクセシビリティ情報マップ,https://m-bfree.pref.miyazaki.lg.jp/a_map/public/facilityAround/eyJpdiI6IjV1N2dpanpMUkVSWXpWVlAzb25xTlE9PSIsInZhbHVlIjoiblwvRkRlckhzTE1SU0VRNlBCem5NN3c9PSIsIm1hYyI6IjllOTA3MjVlYmZiYzlkNTY1YjYzYmYwZWM2MWMwYTE0ZjMzMmFlMjFhZDhhM2RlZmY1ZmU4ZTZhMDhlOTg3YjkifQ==,,F001380,男女共用トイレあり | 緊急通報装置あり | 調査日=2019-11-20,
45,宮崎県,45201,宮崎市,,きんかん小規模多機能ホーム,,,880-2104,宮崎市大字浮田字柳迫1677－2,31.9189784,131.3641256,http://www.sin-ai-kai.jp/institution/kinkan,yes,,,,,,,,,,,,,,,,,,,,,,,,,,,,multipurpose_toilet,みやざきアクセシビリティ情報マップ,https://m-bfree.pref.miyazaki.lg.jp/a_map/public/facilityAround/eyJpdiI6InBqWU5kakxTMUZNTG1BVk5qZnBtVUE9PSIsInZhbHVlIjoicXExRnJ3QStMR3JEelFOVGpsaWljZz09IiwibWFjIjoiODhlZDVlMmFjNTgxNWRjYjE1ODA0MTZlYzhjYjkyMDA4N2MyMThiMDg0NjJjNDQwN2ViODJlMDc3ZWM4M2E1ZiJ9,,F000044,男女共用トイレあり | 調査日=2010-09-02,
45,宮崎県,45201,宮崎市,,串かつ春日,,,880-0806,宮崎市広島1-3-11 山下ビル1F,31.915078,131.425272,https://kushikatukasuga-miyazaki.owst.jp/,yes,,カウンター席の奥,,,,yes,,,,,,,,,,,,,,,,,,,,,,multipurpose_toilet,みやざきアクセシビリティ情報マップ,https://m-bfree.pref.miyazaki.lg.jp/a_map/public/facilityAround/eyJpdiI6Im5XNFA3QlNCeVR6YjhSYkQrbUJ2dGc9PSIsInZhbHVlIjoiY2VDd2w0QjFkV0JyUnI4ajZwNjkrQT09IiwibWFjIjoiNzJkNTgxODc5ZTFmOTkwM2QxZDRjYTViMzc5NGZjN2VjYzY0MTdlNGE4ZGNmZDhhZjdkOWYwYTAyMDBmOTkxNyJ9,,F002392,男女共用トイレあり | 調査日=2020-02-04,・入口の目隠し（戸の代わり）に暖簾（のれん）がある
45,宮崎県,45207,串間市,,串間市アクティブセンター,,,888-0001,串間市大字西方6524-88,31.4645382,131.2337015,http://www.city.kushima.lg.jp/main/info/cat10/place/cat5/post-83.html,yes,,１階・多目的ホール横,,,,yes,,,,,,,,,,,,,,,,,,,,,,multipurpose_toilet,みやざきアクセシビリティ情報マップ,https://m-bfree.pref.miyazaki.lg.jp/a_map/public/facilityAround/eyJpdiI6IjZvcHJ5bGs3RXhOQXZcLzZScHFwZkdRPT0iLCJ2YWx1ZSI6Ik5CdXBuUERYU3BaVzA3WEVVYko3UWc9PSIsIm1hYyI6IjgwNDA4YWE4YmRlOGNjMzA5MjAxOGIwZTQ0MzFhNjZkOTNjMDRkZWUzNTg3YzQyZWJkYzEzZjA4OGQ5NmJmMTIifQ==,,F001332,男女共用トイレあり | 緊急通報装置あり | 調査日=2019-11-26,
45,宮崎県,45207,串間市,,串間市文化会館,,,888-0001,串間市大字西方6524-58,31.4637466,131.231101,https://kushima-lyceum.net/,yes,,大ホールと小ホールの間の通路,,,,,,,,,,,,,,,,,,,,,,,,,,multipurpose_toilet,みやざきアクセシビリティ情報マップ,https://m-bfree.pref.miyazaki.lg.jp/a_map/public/facilityAround/eyJpdiI6IjZwbWZVNFI3aXo2YStaMFJhMUNmb2c9PSIsInZhbHVlIjoiUklBcUJQZzMwVXluNTZwOHFMNFZlQT09IiwibWFjIjoiMzAzOGU4OWIxNDdhMDM2MmQ0ODM0YzJjOTBkZTk5NTdjM2Y0MGFjNjcyNDRiNjJlYTE4NjAxNmFhYmU0ZDhjZCJ9,,F000069,男女共用トイレあり | 緊急通報装置あり | 調査日=2019-11-26,
45,宮崎県,45207,串間市,,串間市民病院,,,888-0001,串間市大字西方7917番地,31.4644266,131.2179131,http://kushima-municipal-hospital.com/,yes,,,,,,yes,,yes,,,,,,,,,,,,,,,,,,,,multipurpose_toilet,みやざきアクセシビリティ情報マップ,https://m-bfree.pref.miyazaki.lg.jp/a_map/public/facilityAround/eyJpdiI6InNwUkdWTllTR08yRW5rcTdSSkpRb0E9PSIsInZhbHVlIjoiM3BmdXlIdWsyQ2NkaVQ0MEI3SlB6dz09IiwibWFjIjoiMmNmNGZiOWIxNDM4NTdiOWZhNDUzMDRkNGQzNDgxODY5YzZmODM0NmRiNzBlZmQ0ODVmNzhkMDk1NDNlYjlhYSJ9,,F000050,男女共用トイレあり | 男女別トイレあり | 調査日=2006-06-22,
45,宮崎県,45201,宮崎市,,くじら薬局,,,880-0211,宮崎市佐土原町下田島牟田ノ二10401-5,32.0241038,131.4812204,,yes,,,,,,,,,,,,,,,,,,,,,,,,,,,,multipurpose_toilet,みやざきアクセシビリティ情報マップ,https://m-bfree.pref.miyazaki.lg.jp/a_map/public/facilityAround/eyJpdiI6InpQQTg0MFZMdW1YWHUrUDRFME1VQ2c9PSIsInZhbHVlIjoiQWlZSTFMdXpsa3VSZ1hwdmxzM3Zldz09IiwibWFjIjoiZDc5MDZkYzU4NjQyMTJiOTJiOGE0N2MzOGM0MWY2OGIwNTgyMjlmOWI4ZmIzZWQwMmFjM2Q1ZTUxOTY0MGY4NSJ9,,F001856,男女共用トイレあり,
45,宮崎県,45201,宮崎市,,楠元内科胃腸科医院,,,880-0047,宮崎市平和が丘西町1-1,31.9578341,131.4143683,http://www.minc.ne.jp/heiwagaoka/,yes,,１階,,,,yes,,,,,,,,,,,,,,,,,,,,,,multipurpose_toilet,みやざきアクセシビリティ情報マップ,https://m-bfree.pref.miyazaki.lg.jp/a_map/public/facilityAround/eyJpdiI6ImJvM1BLd3I5S0FtNTNWck9oaG4zR0E9PSIsInZhbHVlIjoiRE1Uc2RKb245dTdHdUgweWcxWWpMUT09IiwibWFjIjoiMjgyNDJlZGEyYTJkMTkxODIwZDU2MWU2YjQ5MDkzOTQ5ZjhkZGM0NTJlMmNjYzk4MGUwYTE1OGNjM2I4NGEwYiJ9,,F000926,男女共用トイレあり | 緊急通報装置あり | 調査日=2002-09-05,
45,宮崎県,45201,宮崎市,,くたに歯科,,,880-0816,宮崎市江平東1丁目2-7,31.9261754,131.4262729,,yes,,,,,,,,,,,,,,,,,,,,,,,,,,,,multipurpose_toilet,みやざきアクセシビリティ情報マップ,https://m-bfree.pref.miyazaki.lg.jp/a_map/public/facilityAround/eyJpdiI6IjBMRUZiZ2ZubmtoT0pxNGlCUFVTN3c9PSIsInZhbHVlIjoiTzBLSHJSWEpicjRjdXpzMGY4cEt5QT09IiwibWFjIjoiMDFiODczODlmY2ZhNmFmMzcxMGY3MDQwNDVjMzg1YzhiMTIzM2MwM2ZlM2YwZTQ2MWMxNWRkYjI4NDM0ODdhZSJ9,,F001653,男女共用トイレあり | 調査日=2019-11-14,
45,宮崎県,45201,宮崎市,,くつかけ歯科,,,889-1602,宮崎市清武町今泉甲2825-1,31.8531345,131.3560996,https://www.kutsukake-dc.jp/,yes,,,,,,,,,,,,,,,,,,,,,,,,,,,,multipurpose_toilet,みやざきアクセシビリティ情報マップ,https://m-bfree.pref.miyazaki.lg.jp/a_map/public/facilityAround/eyJpdiI6IldMZjRPTGo5czFiWXBPbnJqQ1ROTWc9PSIsInZhbHVlIjoieDRrVExDdDk4aStJUGt2YksxbTk1Zz09IiwibWFjIjoiOTY0NGRiNDYwMGZkYjJhZjhkZWE1ZGJiNmI2NzA4ZDY5OGNlNTAzYzA2ZmUzOGU0NzVmOTc2YzM5ZGE1MWEzZSJ9,,F001558,男女共用トイレあり | 調査日=2019-11-12,
45,宮崎県,45201,宮崎市,,くにそう会館高岡ホール,,,880-2224,宮崎市高岡町飯田字川骨ノ前274,31.9717361,131.2883864,http://kunisou.com,yes,,,,,,,,,,,,,,,,,,,,,,,,,,,,multipurpose_toilet,みやざきアクセシビリティ情報マップ,https://m-bfree.pref.miyazaki.lg.jp/a_map/public/facilityAround/eyJpdiI6InV1cFhRZUN2Tm1ZeVdpZStqVDNPUXc9PSIsInZhbHVlIjoiMFJVWStDZXM2Y0ZxZ2x3cWlqTWd4UT09IiwibWFjIjoiZDJkN2ZmOTdmMTdkMGM1ZWE1OGZmOTJjOGY2MDI2OWYyNTY0ZTZlOWE5MjY3NGJjZTczMDI3OTMzMjk1NTEwZiJ9,,F000369,男女共用トイレあり | 調査日=2010-01-26,
45,宮崎県,45201,宮崎市,,国武薬局 うきた店,,,880-2104,宮崎市大字浮田3098-9,31.9280122,131.377204,,yes,,,,,,,,,,,,,,,,,,,,,,,,,,,,multipurpose_toilet,みやざきアクセシビリティ情報マップ,https://m-bfree.pref.miyazaki.lg.jp/a_map/public/facilityAround/eyJpdiI6InBWSlFsd21tbkZNaUxFRlwvYTYycitBPT0iLCJ2YWx1ZSI6ImlTZkdtekxzUWwzVzdBWkxrRjY1R3c9PSIsIm1hYyI6Ijk1ZDU5ZTY3YzdhNTc0MWEzMmJmNjBjZTM5MzkyOTRjNzE3Mzc5NWYzNWU5ODFhNzYzNTIwNDg0NDA3YzdlMGUifQ==,,F000021,男女共用トイレあり,
45,宮崎県,45382,国富町,,国富町農村環境改善センター,,,880-1101,国富町大字本庄4800,31.9904404,131.3228999,,yes,,1階,,,,,,yes,,,,,,,,,,,,,,,,,,,,multipurpose_toilet,みやざきアクセシビリティ情報マップ,https://m-bfree.pref.miyazaki.lg.jp/a_map/public/facilityAround/eyJpdiI6IlR5ZGh1aXY3UkU5eFVEYjFIRnZoTFE9PSIsInZhbHVlIjoiSFkrUlc0bFJkRyt3NVlibktPMkZBQT09IiwibWFjIjoiODI5ZGNmNGEzNmUwNGZhNmI2YTZiMzM0YjJiZWUyZjE0YzcyMDU3NGZmYTllNGEyZmUzMTk3MjgwMjA3YTQyYyJ9,,F000564,男女別トイレあり | 緊急通報装置あり | 調査日=2013-09-18,
45,宮崎県,45382,国富町,,国富町保健センター,,,880-1101,国富町本庄4991,31.9912359,131.3181386,http://www.town.kunitomi.miyazaki.jp/,yes,,,,,,yes,,yes,,,,,,,,,,,,,,,,,,,,multipurpose_toilet,みやざきアクセシビリティ情報マップ,https://m-bfree.pref.miyazaki.lg.jp/a_map/public/facilityAround/eyJpdiI6Ijh0a0ZEYlorVTFoQ2h5bFhKOVgxWUE9PSIsInZhbHVlIjoiNjROeld2TDNxTGcrd3pGVTFna1wvdkE9PSIsIm1hYyI6IjRkZjY1ZmI1ZTJiMzY0NjdiZmQ5OTkwYzcyN2UwYWIxZjI4MTdjYmM0ZGFhY2FlYmIyNWU1NTEyODMyZmNmN2UifQ==,,F001673,男女共用トイレあり | 調査日=2019-11-22,
45,宮崎県,45382,国富町,,国富町役場,,,880-1192,国富町大字本庄4800,31.9904404,131.3228999,http://www.town.kunitomi.miyazaki.jp/,yes,,1階,,,,,,yes,,,,,,,,,,,,,,,,,,,,multipurpose_toilet,みやざきアクセシビリティ情報マップ,https://m-bfree.pref.miyazaki.lg.jp/a_map/public/facilityAround/eyJpdiI6Ikk3eHFsaDNMK1JkVHJydTJ2aWVNR1E9PSIsInZhbHVlIjoib25kKzB6QUs3bDBQNVZZWTdkcXJIZz09IiwibWFjIjoiOTIwNjY0YzMxMjYxZDdkYzBkMWIyMGNhYjA5MTA2NDcxMzU1NjBkMTg5MzY3YjlmMGJmNWZmY2M4MGE0YmM3YSJ9,,F000561,男女共用トイレあり | 緊急通報装置あり | 調査日=2013-09-09,
45,宮崎県,45441,高千穂町,,国見ケ丘,,,882-1102,高千穂町大字押方,32.720116,131.278656,http://takachiho-kanko.info/sightseeing/kunimigaoka.php,yes,,駐車場の奥,,,,yes,,yes,,yes,,,,,,,,,,,,,,,,,,multipurpose_toilet,みやざきアクセシビリティ情報マップ,https://m-bfree.pref.miyazaki.lg.jp/a_map/public/facilityAround/eyJpdiI6IkJndjZjOFNVZ0lwSm82NWI1TTQ5R1E9PSIsInZhbHVlIjoiTVFDcFJDZFJ5OVZCcWM3dXhob2Nvdz09IiwibWFjIjoiODljZWVmMDU4N2Q3ODFiZTUzYTVlNzkyZWQyNWQ1MThmMDM0Yjc3YTFiNDkxYmE1ZjUzZDkxZWQ1ZDIxZTMzOSJ9,,F002463,男女共用トイレあり | 緊急通報装置あり | 調査日=2024-12-24,展望所内のトイレは断水中のため使用不可(2024年12月現在)
45,宮崎県,45201,宮崎市,,くまはら耳鼻咽喉科クリニック,,,880-0841,宮崎市吉村町北原甲1405番5,31.9204175,131.4406928,http://kumahara-j.byoinnavi.jp/pc/,yes,,,,,,,,,,,,,,,,,,,,,,,,,,,,multipurpose_toilet,みやざきアクセシビリティ情報マップ,https://m-bfree.pref.miyazaki.lg.jp/a_map/public/facilityAround/eyJpdiI6ImFTUzB1Uko4RmhTNmNpdTZyeHVZRHc9PSIsInZhbHVlIjoiNnBZeWJ3VjdCcEZCbmdGZlwvczkzMFE9PSIsIm1hYyI6IjUyMDc1NzFhMDliMmZiODFkODg4OTUyMWQwMTVjODc1ZDc1ZjUyYTFhNDdiZDMzODI5YzVkOWVhNjlmNjMyNGUifQ==,,F000992,男女共用トイレあり,
45,宮崎県,45443,五ヶ瀬町,,雲の上のぶどう（五ヶ瀬ワイナリー・レストラン）,,,882-1202,五ヶ瀬町桑野内4847-1,32.710865,131.199329,http://gokase-winery.jp/publics/index/17/,yes,,入口入り、右手側に進むとある,,,,yes,,,,yes,,,,,,,,,,,,,,,,,,multipurpose_toilet,みやざきアクセシビリティ情報マップ,https://m-bfree.pref.miyazaki.lg.jp/a_map/public/facilityAround/eyJpdiI6IlFNcnBYWm90SWs2V1E1YjFxc29oeWc9PSIsInZhbHVlIjoiMmtXdG54aWljcGxRR1B5YmZWWnUwZz09IiwibWFjIjoiNWRhNjgwNGY3ZDA1Y2UzZjY5MGFkMjlhNmRmN2VhZDk3ZGY5NTE2YzhjMzNkZjFhZWRjZWU5NzlmYWJmZTg5MSJ9,,F002423,男女共用トイレあり | 緊急通報装置あり | 調査日=2024-12-24,はね上げ式の手すりの長さが短い
45,宮崎県,45201,宮崎市,,公文式宮崎みなみ住吉教室,,,880-0121,宮崎市大字島之内字野入6725番6,31.983881,131.447984,,yes,,,,,,,,,,,,,,,,,,,,,,,,,,,,multipurpose_toilet,みやざきアクセシビリティ情報マップ,https://m-bfree.pref.miyazaki.lg.jp/a_map/public/facilityAround/eyJpdiI6IlVNcldCSmJucVpJNkhWTXdNOStvc1E9PSIsInZhbHVlIjoiajV5R0l2R0dNZXVOdHYyZWVwdGVyUT09IiwibWFjIjoiMWMzODcwYTJiOWE0ZTNjMTg1YTU5NjNkNGY2ZWE5MTAwN2Y4MjBiZDUxY2RhZDA0YTk0MjRmY2VlM2U1ZmViZCJ9,,F000208,男女共用トイレあり,
45,宮崎県,45202,都城市,,倉内整形外科病院,,,885-0072,都城市上町16-6,31.7215492,131.0637762,,yes,,１階,,,,yes,,,,,,,,,,,,,,,,,,,,,,multipurpose_toilet,みやざきアクセシビリティ情報マップ,https://m-bfree.pref.miyazaki.lg.jp/a_map/public/facilityAround/eyJpdiI6IkRGTDh0a2pGZENtMlFVSHM3d3hzSmc9PSIsInZhbHVlIjoielZtQVVBYVgxeEcyMWMwU0dvYWdFZz09IiwibWFjIjoiMzZmNDZiMDI3MDBjNjc3MTljZWQwNTc1MGJlMTA4ZmQxZDM2ZjQwZjBiMjdlNDdhODQ5MzA1ZWQwZWFmYzc5OSJ9,,F000252,男女共用トイレあり | 緊急通報装置あり | 調査日=2002-09-05,
45,宮崎県,45201,宮崎市,,倉岡児童館,,,880-2231,宮崎市大字糸原419番地20,31.95869,131.3669929,https://www.city.miyazaki.miyazaki.jp/institution/list/item532/,yes,,,,,,,,,,yes,,,,,,,,,,,,,,,,,,multipurpose_toilet,みやざきアクセシビリティ情報マップ,https://m-bfree.pref.miyazaki.lg.jp/a_map/public/facilityAround/eyJpdiI6IkR3aWptV3Q2OU16QWszVHpSSTdMNFE9PSIsInZhbHVlIjoiTThkTnNzYzNVN3FicDdDMHhMTnVuQT09IiwibWFjIjoiYWIwNWJlZDRmNjUzZDk5Y2YxY2VlNDE0NzdlZWI4YjI2YmEyOGU0MDc1ZjNkYjMzOTA4MzU2ZGM1MWY2YmFlYyJ9,,F001689,男女共用トイレあり | 緊急通報装置あり | 調査日=2019-11-22,
45,宮崎県,45201,宮崎市,,くらおか薬局,,,880-2234,宮崎市大字金崎字大迫1456-1の一部,31.9618,131.36908,,yes,,,,,,,,,,,,,,,,,,,,,,,,,,,,multipurpose_toilet,みやざきアクセシビリティ情報マップ,https://m-bfree.pref.miyazaki.lg.jp/a_map/public/facilityAround/eyJpdiI6IjVxRndxWkgycE56b3hLOUtpMFlwTnc9PSIsInZhbHVlIjoicFRVajJGZmRCMlBxXC8zMWxSRGgwV2c9PSIsIm1hYyI6IjMxNzUzY2RiMjVjY2M2NmVjYjA0OWJkY2E5OGVjYWM3MWE5MThmNGE3ZmUwMDNiZTk2Y2E1NzEyYzA2NDU0OGUifQ==,,F002539,調査日=2022-01-06,
45,宮崎県,45201,宮崎市,,くらしげ歯科医院,,,880-0916,宮崎市恒久6733-1,31.8920008,131.4148105,http://kurashige-dc.com/,yes,,,,,,,,,,,,,,,,,,,,,,,,,,,,multipurpose_toilet,みやざきアクセシビリティ情報マップ,https://m-bfree.pref.miyazaki.lg.jp/a_map/public/facilityAround/eyJpdiI6InNIT2NUbDlGSkZZWkptem5GamVJSEE9PSIsInZhbHVlIjoiRW8zOFdKZ1hCR1pobzF3NU4yblJTUT09IiwibWFjIjoiN2JmODY5ODk4ZjNmZjY2MTdjZmJhNzM4ZWMzMWE4NmFiOGJhY2IzMDE0ZmZmMTA0YTkxMzBkOTVhOTQyYzZiNCJ9,,F001795,男女共用トイレあり,
45,宮崎県,45209,えびの市,,グリーンパークえびの,,,889-4244,えびの市大字東川北字有留1321-1,32.0562491,130.7999945,https://www.ccbji.co.jp/plant/ebino/,yes,,1階 / 2階,,,,yes,,,,yes,,,,,,,,,,,,,,,,,,multipurpose_toilet,みやざきアクセシビリティ情報マップ,https://m-bfree.pref.miyazaki.lg.jp/a_map/public/facilityAround/eyJpdiI6Ikd0N1dNRDZYV2RaOSs2dGt1XC9VeDZRPT0iLCJ2YWx1ZSI6ImlxdzVtdjQwVStjNGlreWMxcUw5TGc9PSIsIm1hYyI6ImI0MDQzZGZlZmJiY2I0ODZjZDg4YjRkMzkwYjAxNjkwYmU0YThjZGU3ZmU5MGU5ZjEwMmY0MjhlMTliOWVjMzIifQ==,,F000335,男女共用トイレあり | 緊急通報装置あり | 調査日=2026-02-20,
45,宮崎県,45201,宮崎市,,グリーンリッチホテル宮崎橘通２,,,880-0805,宮崎市橘通東3-1-2,31.913379,131.423073,https://greenrichhotels.jp/miyazaki-tachibanadori/,yes,,1階ロビー奥,,,,yes,,yes,,yes,yes,,,,,,,,,,,,,,,,,multipurpose_toilet,みやざきアクセシビリティ情報マップ,https://m-bfree.pref.miyazaki.lg.jp/a_map/public/facilityAround/eyJpdiI6IisxV21NUTJ6bm0yd08wTHViOFZOR3c9PSIsInZhbHVlIjoiVTJEdUtjc1NSeHM2U01zSnRGRUZudz09IiwibWFjIjoiMWI0YjcwMTVlZDg2N2M5ZGZjZWQ0NzU5OTFiMWExNDJlMzFmZTJkNzZlM2U2MjFmMGNkN2RlZTc3NWZhNzRiMyJ9,,F002575,男女共用トイレあり | 緊急通報装置あり | 調査日=2022-06-30,
45,宮崎県,45201,宮崎市,,クリナップ 宮崎ショールーム,,,880-0842,宮崎市青葉町115-1,31.9206919,131.4360289,https://cleanup.jp/showroom/info/kyusyu_okinawa/miyazaki.shtml,yes,,,,,,yes,,,,yes,,,,,,,,,,,,,,,,,,multipurpose_toilet,みやざきアクセシビリティ情報マップ,https://m-bfree.pref.miyazaki.lg.jp/a_map/public/facilityAround/eyJpdiI6IlRsU3pcL2YxZnQrMm85ZEo5K2hFMTZ3PT0iLCJ2YWx1ZSI6IlhTM2ZIQW9FTHJTdFhRRVNWeUdXVGc9PSIsIm1hYyI6IjM0ODMyYWE5YTA2NTVhMzlkNjZjNThlOTE3YTQ2NTQ0YzNmNmEzNTAyYTBiNWM5MWYzNmY4YmM0OGJlNWM2NTgifQ==,,F000187,男女共用トイレあり | 調査日=2019-11-27,
45,宮崎県,45201,宮崎市,,医療法人将優会 クリニックうしたに,,,880-0916,宮崎市大字恒久字西原5065番地,31.8912351,131.4087086,http://www.ushitani.com/,yes,,２階,,,,yes,,,,,,,,,,,,,,,,,,,,,,multipurpose_toilet,みやざきアクセシビリティ情報マップ,https://m-bfree.pref.miyazaki.lg.jp/a_map/public/facilityAround/eyJpdiI6ImJ6SVwvODA3YkU2aWpCNlVXUFdCZE5nPT0iLCJ2YWx1ZSI6ImFMQ2hFdUNBQlwvS29aMFlOVzduaGJRPT0iLCJtYWMiOiJkZDQ2MzE3ODdjOWU1MTc4MjhjOTc5ZDZhMmJmYWIyZmEwMDVjNDQ5ZmZkNzhjMmIyODk4OWFhZjg2YzYxYWEwIn0=,,F001201,男女共用トイレあり | 緊急通報装置あり | 調査日=2013-09-01,
45,宮崎県,45201,宮崎市,,グループホーム きらら,,,880-0912,宮崎市大字赤江830-1,31.8834874,131.4404744,,yes,,,,,,,,,,,,,,,,,,,,,,,,,,,,multipurpose_toilet,みやざきアクセシビリティ情報マップ,https://m-bfree.pref.miyazaki.lg.jp/a_map/public/facilityAround/eyJpdiI6ImZTdWJHUGkxOVh4OHdEK2Jha2FNSVE9PSIsInZhbHVlIjoiVFFjVHM2ZGNXWm9ic2IwckQrVVhuQT09IiwibWFjIjoiY2UzNWRhYzM1Y2JlYzMzZjNiNmYwYzk1ODI0YzFkYWMxY2M5YzllYmUzMDVmZDhjMjI1NmI1NDY5MWVjZmY4YSJ9,,F000820,男女共用トイレあり,
45,宮崎県,45201,宮崎市,,グループホーム クローバー2番館,,,880-0834,宮崎市新別府町前浜1401-288,31.9216897,131.4598173,,yes,,,,,,,,,,,,,,,,,,,,,,,,,,,,multipurpose_toilet,みやざきアクセシビリティ情報マップ,https://m-bfree.pref.miyazaki.lg.jp/a_map/public/facilityAround/eyJpdiI6IldGdU1OTXg5YlllaHBacFM0K0d2WHc9PSIsInZhbHVlIjoiZ1B2WGhPd1dLUjFtZUtiWkxpN3JFdz09IiwibWFjIjoiZTk5M2M1MDk0NTY0M2E4OTM3N2ExZTdmNTFjOTBmNjIwZjRhZWJhNWNhNzc4ZGU2OTY2YWU3ZTE0MWFjNjkwMSJ9,,F001876,男女共用トイレあり,
45,宮崎県,45201,宮崎市,,グループホーム 欅,,,880-0211,宮崎市佐土原町下田島江川崎11413－10,32.0314615,131.4762754,,yes,,,,,,,,,,,,,,,,,,,,,,,,,,,,multipurpose_toilet,みやざきアクセシビリティ情報マップ,https://m-bfree.pref.miyazaki.lg.jp/a_map/public/facilityAround/eyJpdiI6IlZsTG0xYUxheGIrV0R0UWI2MmpZZ0E9PSIsInZhbHVlIjoibk9TeVVyTTJtY0dmMm1uUWtMSmordz09IiwibWFjIjoiOTdlZWNlNDViMzVhY2RkZGRjYmQ2NTVjMDEzZGYxNzg0MTBkNjY4ZDEzYjhkNzQ5NGUxMTE1ZjA1NDQwMmVjYyJ9,,F001849,男女共用トイレあり,
45,宮崎県,45402,新富町,,グループホーム寿幸苑,,,889-1406,新富町大字新田字苗代1686-1,32.1025036,131.4512603,http://www.hikarien-grp.co.jp/archives/office/jykoen,yes,,１階,,,,yes,,,,,,,,,,,,,,,,,,,,,,multipurpose_toilet,みやざきアクセシビリティ情報マップ,https://m-bfree.pref.miyazaki.lg.jp/a_map/public/facilityAround/eyJpdiI6IkxSd1pscTBKNVg4REZpMkxMWU9mXC9nPT0iLCJ2YWx1ZSI6Ilwvb3lydVNyMkJ3TGJGQVR5a0RyZ2JBPT0iLCJtYWMiOiI1MzI5ZDU0MDBiYjVmN2Y5YzMxMzZhNmNmNjY4MmE0N2M4OWUwMzE0ZWY0ODZkOThhYmRlMzYwYWE5MDY0MjZlIn0=,,F000229,男女共用トイレあり | 緊急通報装置あり | 調査日=2006-02-20,
45,宮崎県,45401,高鍋町,,グループホームすいせん高鍋,,,884-0006,高鍋町大字上江新山6649-145,32.1348312,131.4762754,,yes,,１階,,,,yes,,,,,,,,,,,,,,,,,,,,,,multipurpose_toilet,みやざきアクセシビリティ情報マップ,https://m-bfree.pref.miyazaki.lg.jp/a_map/public/facilityAround/eyJpdiI6IjErK3NYVDNaMldUNXhvRWhVb3NaM3c9PSIsInZhbHVlIjoiZ1wvYU9IbFg4c1lqdHZ4aHdrajNEZEE9PSIsIm1hYyI6IjViNDc1ZTJhMWE2ODM0ZTI4OTM4MjkzODMxYjc3YmQzNWQ3ZDUxY2I2YTYwYjY2NWUwMDlmZmMyZmEzMjE1ZTEifQ==,,F000238,男女共用トイレあり | 緊急通報装置あり | 調査日=2006-02-21,
45,宮崎県,45382,国富町,,グループホーム マザーハウス,,,880-1101,国富町大字本庄4761番地,31.987499,131.326015,http://www.junyoukai.or.jp/index.html,yes,,１階,,,,yes,,,,,,,,,,,,,,,,,,,,,,multipurpose_toilet,みやざきアクセシビリティ情報マップ,https://m-bfree.pref.miyazaki.lg.jp/a_map/public/facilityAround/eyJpdiI6InNFZ1o0S1VxSGJFYURmVFR6dU95a3c9PSIsInZhbHVlIjoiZThzUVF6UFVcL1BTc09VQzdtbXFaRWc9PSIsIm1hYyI6ImZhZGNmYzM0YmEwYjdjYTgyNTM1NThhOWIyZGM2OWZkZThmN2MwODAyYWZiMTYwY2VlM2ZjODFkYTY3NjJhMjMifQ==,,F000211,男女共用トイレあり | 緊急通報装置あり | 調査日=2006-02-13,
45,宮崎県,45201,宮崎市,,グループホーム一喜一喜,,,880-2104,宮崎市大字浮田3318,31.9298485,131.3796311,http://www.okada-seikeigeka.com/grouphome/item_31.html,yes,,,,,,,,,,,,,,,,,,,,,,,,,,,,multipurpose_toilet,みやざきアクセシビリティ情報マップ,https://m-bfree.pref.miyazaki.lg.jp/a_map/public/facilityAround/eyJpdiI6IittVER0c010S3RxcTd5QXVsYmNpTlE9PSIsInZhbHVlIjoid0VkNlQwZ0h5QnorQXphYUVDaWNlZz09IiwibWFjIjoiZmNmMDUxNjQ1NDcyZWZmNzAzMTU0MWY4ZjEwODMzMDgzNzRmYjNkZGJjY2M2MjI5MmE3MDYyYmJhODk3ZGM3NSJ9,,F000141,男女共用トイレあり | 調査日=2013-09-12,
45,宮崎県,45201,宮崎市,,グループホーム大塚台,,,880-0952,宮崎市大塚台東1丁目1番4,31.9221766,131.3886719,,yes,,,,,,,,,,,,,,,,,,,,,,,,,,,,multipurpose_toilet,みやざきアクセシビリティ情報マップ,https://m-bfree.pref.miyazaki.lg.jp/a_map/public/facilityAround/eyJpdiI6ImJyTU4rUEpzWFc3b1puaXg0dG1UcVE9PSIsInZhbHVlIjoiSERxWU1BdlZMMjFwNUdUb0xiRUIyUT09IiwibWFjIjoiY2VhMWFkYWI4M2VlNjNhYWE4ZDNmYTdjMzI5M2I4NmU0MDc1MmJiMDJkMmUyZjQ2NWU1Y2FjNGY2ZmQ2NTc1OCJ9,,F001731,男女共用トイレあり,
45,宮崎県,45201,宮崎市,,グループホームかざぐるま,,,880-0121,宮崎市大字島之内字井手下7310-1,31.9863307,131.4537623,https://www.miyabi-kai.or.jp/aboutus/group/kazaguruma/,yes,,,,,,,,,,,,,,,,,,,,,,,,,,,,multipurpose_toilet,みやざきアクセシビリティ情報マップ,https://m-bfree.pref.miyazaki.lg.jp/a_map/public/facilityAround/eyJpdiI6IjdwcE15OHpNS0N1NTBVWFFuUmVneWc9PSIsInZhbHVlIjoiMW1VeHZkT3ppaEJRdXo5Ym9oaGxIZz09IiwibWFjIjoiOWJhYWMyZGNjNzcxYjNmOTM3N2U1MTJjMWE1MzIxYjI2YjBlNTM0MGVjY2ZjYzVjOTM3ZjkwYTRhMGUwNTE3NCJ9,,F000304,男女共用トイレあり,
45,宮崎県,45201,宮崎市,,グループホーム雁ヶ音,,,880-0825,宮崎市東大宮4丁目20-15,31.9454895,131.4391514,http://syunkoukai.com/g-karigane/,yes,,,,,,,,,,,,,,,,,,,,,,,,,,,,multipurpose_toilet,みやざきアクセシビリティ情報マップ,https://m-bfree.pref.miyazaki.lg.jp/a_map/public/facilityAround/eyJpdiI6IklpeFhad0VqV3hGalFwSFd4YldwVWc9PSIsInZhbHVlIjoidHVjSGNZY2U3clMxR0FMUlRkUmU2QT09IiwibWFjIjoiZDA1YTEzYTQ0N2RkNDQ0NzJjZDgyNDViNTgzMTBlMGQzYmU4ZjNjNmEwM2JkYjhlZmIzZjRjMmNkZjY5YTk1OSJ9,,F000990,男女共用トイレあり,
45,宮崎県,45201,宮崎市,,グループホーム希望山荘,,,880-0924,宮崎市大字郡司分1590-1,31.8562139,131.4204644,http://kudomi.com/,yes,,,,,,,,,,,,,,,,,,,,,,,,,,,,multipurpose_toilet,みやざきアクセシビリティ情報マップ,https://m-bfree.pref.miyazaki.lg.jp/a_map/public/facilityAround/eyJpdiI6IkpcL0VsQ2dvY1l3bTY5bVwvOG03a3d4UT09IiwidmFsdWUiOiJBU3RcL1ZxK2hWNjhEQWdtRHEySnZQdz09IiwibWFjIjoiYzI3YWY2ZDM3M2IzYmMzYjdlMGI3YzNhZmNlNTgzYzNhYWFkMGQwMDZiNjcyNjlhMjVhNDg5M2QxYmNkNTA2MCJ9,,F000440,男女共用トイレあり | 調査日=2019-11-07,
45,宮崎県,45201,宮崎市,,グループホームきみの田荘,,,880-2112,宮崎市大字小松字口の坪2853,31.925748,131.382055,https://www.umigikukai.jp/guidance/kiminodensou,yes,,,,,,yes,,yes,,,,,,,,,,,,,,,,,,,,multipurpose_toilet,みやざきアクセシビリティ情報マップ,https://m-bfree.pref.miyazaki.lg.jp/a_map/public/facilityAround/eyJpdiI6Ilh0NDB2NWtWTmwzakoyOG9DbU1rQWc9PSIsInZhbHVlIjoibjB2QUo5ckVwQXdDNG9QODFYQkVhdz09IiwibWFjIjoiOTM4ZjQ5ZWI2MWM3M2JjNTcwMjQxYTY3NTkyNzBhZTJjNjY5MGMzMmYwNTc3ZjE0NmUyMjVmYjYzMmY4OGQ1ZSJ9,,F001135,男女共用トイレあり | 調査日=2019-11-11,
45,宮崎県,45201,宮崎市,,グループホームくるみ,,,880-0212,宮崎市佐土原町下那珂下ノ山2962番6,31.999269,131.469417,http://www.miyazaki-catv.ne.jp/~sakai-co/top-kurumi.html,yes,,,,,,,,,,,,,,,,,,,,,,,,,,,,multipurpose_toilet,みやざきアクセシビリティ情報マップ,https://m-bfree.pref.miyazaki.lg.jp/a_map/public/facilityAround/eyJpdiI6IjlIZlhqZmtiQ1lkM2dCR2RpN2NGYkE9PSIsInZhbHVlIjoiYkExemVQaDJWdFQ2VGJCZElPakxzUT09IiwibWFjIjoiZWQ2ZmZiOTI2Y2UwMjRlZDhkYjdhZmQ1ZDFmYzZmMGNhZTc1NWI5ZTI0ZGNmZjA1YWZiMmE1YzBiMjg4M2Y3OSJ9,,F001506,男女共用トイレあり | 調査日=2019-11-25,
45,宮崎県,45201,宮崎市,,グループホーム・クローバー,,,880-0834,宮崎市新別府町前浜1401-259,31.9216988,131.4593228,http://clover-group.net/,yes,,,,,,,,,,,,,,,,,,,,,,,,,,,,multipurpose_toilet,みやざきアクセシビリティ情報マップ,https://m-bfree.pref.miyazaki.lg.jp/a_map/public/facilityAround/eyJpdiI6IkR3T0FDU1NkU0U3RE5HQldCbTdzUmc9PSIsInZhbHVlIjoiUTdVaDIxU0kxYVM1dWJBVityTWdTQT09IiwibWFjIjoiYjQ2NTJkM2U1ZDZhYzc3N2RhZGY2OTRkMDliN2YxNTg0OTgxZTVlNzM3MzJhOTcwYWYwOTNmNTZlMGY0MzlkOCJ9,,F001156,男女共用トイレあり,
45,宮崎県,45382,国富町,,認知高齢者グループホームこすもす,,,880-1101,国富町大字本庄12146-3,31.9964295,131.3416274,,yes,,１階,,,,yes,,,,,,,,,,,,,,,,,,,,,,multipurpose_toilet,みやざきアクセシビリティ情報マップ,https://m-bfree.pref.miyazaki.lg.jp/a_map/public/facilityAround/eyJpdiI6Im9BdElqa3VDRUFEMjAxU2dybHRINWc9PSIsInZhbHVlIjoicW9WR1wvdjBEYVBLSmFBbThwNkRDVlE9PSIsIm1hYyI6IjFlNTgyYjA3NmRlOGZkYmQ2Njc3NDIxMzIwZjAyNGMwOWQ2YTAzYzA0ZGFjYmEyMGVhNjhkN2ZiOWUyOWU3OWQifQ==,,F000438,男女共用トイレあり | 緊急通報装置あり | 調査日=2006-02-09,
45,宮崎県,45201,宮崎市,,グループホームこんね,,,880-0932,宮崎市大坪西1丁目1番56,31.8967219,131.4059151,,yes,,,,,,,,,,,,,,,,,,,,,,,,,,,,multipurpose_toilet,みやざきアクセシビリティ情報マップ,https://m-bfree.pref.miyazaki.lg.jp/a_map/public/facilityAround/eyJpdiI6ImFYY3FZUHJYdHR2cjM4Vys4N0REdXc9PSIsInZhbHVlIjoiWE1pczdaWFlJdUozQTA3aXNyaG44QT09IiwibWFjIjoiN2RiZDZhZWViMjVlMGQ3Mzk1NDU1OWFhOWI2Nzc1MDBiNmIyMWM1NGEzZTYyZGQ5NWJkMWYwNGE5ZmM4NTVhZiJ9,,F000193,男女共用トイレあり | 調査日=2010-01-25,
45,宮崎県,45201,宮崎市,,グループホーム サンめいと,,,880-0045,宮崎市大字大瀬町字楠本3190番地,31.984237,131.379486,http://www.houseien.jp/institution/s06.html,yes,,,,,,,,,,,,,,,,,,,,,,,,,,,,multipurpose_toilet,みやざきアクセシビリティ情報マップ,https://m-bfree.pref.miyazaki.lg.jp/a_map/public/facilityAround/eyJpdiI6Ik5BY0tlSXZyRFcwUjFVcFhVVktYZ0E9PSIsInZhbHVlIjoiUnRpRVVhZGNBMHYraWRsWlhLbjczQT09IiwibWFjIjoiMDAyZDZkNDk1MWU5NGI1OWY1YjJiMjdiNTAzYzdkMTAwN2YxYjYzMDU3YjUwYjE3YmJkNzdhNGNjMWYzMWQyNCJ9,,F001112,男女共用トイレあり,
45,宮崎県,45201,宮崎市,,グループホーム大河,,,880-0931,宮崎市古城町字長田5911,31.8932661,131.3914322,,yes,,,,,,,,,,,,,,,,,,,,,,,,,,,,multipurpose_toilet,みやざきアクセシビリティ情報マップ,https://m-bfree.pref.miyazaki.lg.jp/a_map/public/facilityAround/eyJpdiI6Ikk4RGpRMUh4RFp5S1hHT2ZWanZLVFE9PSIsInZhbHVlIjoiWjVydXNwVnliXC9GSmZSNnczVzVFMmc9PSIsIm1hYyI6ImQxZTY5OTRlMzc4NWJiMjQ2OWFhNzFhYThlYWQ3MGI1MDVhNGVlZGYzMGM2ZDhkMWM1NmQ0NmNkMzg0YzEyOWUifQ==,,F000199,男女共用トイレあり,
45,宮崎県,45201,宮崎市,,グループホーム大河 2号館聖花,,,880-0931,宮崎市古城町長田5911番,31.8932661,131.3914322,,yes,,,,,,,,yes,,,,,,,,,,,,,,,,,,,,multipurpose_toilet,みやざきアクセシビリティ情報マップ,https://m-bfree.pref.miyazaki.lg.jp/a_map/public/facilityAround/eyJpdiI6Iks3VGJnWHlUekR0TmJxRjk1ekFCUkE9PSIsInZhbHVlIjoiMzNzamhqME1HT0FaQm1oZ3crUWVJdz09IiwibWFjIjoiMjQ5ZmZkNWE1NTA5NTFiZTkwYTljMGJiZTc1MDRlMmQwMTVlNmYyNzgzMjkzZWEyOGY3ZjRkM2RmOTc2YjMxYSJ9,,F001841,男女共用トイレあり,
45,宮崎県,45421,門川町,,グループホームなごみ,,,889-0601,門川町須賀崎4丁目48,32.4899768,131.6674613,,yes,,1階 / １階,,,,yes,,,,,,,,,,,,,,,,,,,,,,multipurpose_toilet,みやざきアクセシビリティ情報マップ,https://m-bfree.pref.miyazaki.lg.jp/a_map/public/facilityAround/eyJpdiI6IkNubW1EcWlkQXBJYVhxbmFJaE5ERmc9PSIsInZhbHVlIjoiXC9JNWhleUduVDArSXZhYThmQkl2Vmc9PSIsIm1hYyI6IjM1ZTA3MmI2ODk1YzA2MWViM2JhNmMzZjU3MzI2NmU3ODIyMTllODlhNGJkOTk3OTI5NTM0NWYzNjg3NzMzMjEifQ==,,F000439,男女共用トイレあり | 調査日=2006-03-20,
45,宮崎県,45201,宮崎市,,グループホーム年輪,,,880-0916,宮崎市大字恒久寺ノ前5983,31.8912351,131.4087086,,yes,,,,,,,,,,,,,,,,,,,,,,,,,,,,multipurpose_toilet,みやざきアクセシビリティ情報マップ,https://m-bfree.pref.miyazaki.lg.jp/a_map/public/facilityAround/eyJpdiI6ImgzWHorQklZTG1XYjFncHdzME5zMnc9PSIsInZhbHVlIjoibXNxbTNaTitPNXpuTU5jZ1V1VmZLQT09IiwibWFjIjoiZTdmNmM4MjJmNGFmNTEwZmQ4NGFlZWY3Yjk4MjBlZjcyZTNhMmU4YzZkMjI2MDQ1MWQ0MzQwN2UyZWQ0ZTIyOCJ9,,F000878,男女共用トイレあり,
45,宮崎県,45201,宮崎市,,グループホーム福寿草,,,880-0125,宮崎市大字広原312番1,31.999064,131.4412119,https://www.fukujusou-miyazaki.com/,yes,,,,,,,,,,,,,,,,,,,,,,,,,,,,multipurpose_toilet,みやざきアクセシビリティ情報マップ,https://m-bfree.pref.miyazaki.lg.jp/a_map/public/facilityAround/eyJpdiI6IkZlNkpOdWkySTR6RlR6cE9HTXVYNXc9PSIsInZhbHVlIjoiN0xyT294UEtCall6TUlXS2hJbGZqdz09IiwibWFjIjoiZTNjOTMxYmIyYTA0MzVhY2U1MjEyMTU1MzM1ZTU5ZWRlZTNiOTE0MGM4NmVkMTE1ZTNmMDg0MDYyZjdkZTJjYiJ9,,F000154,男女共用トイレあり | 調査日=2019-11-25,
45,宮崎県,45201,宮崎市,,グループホームほのぼの天満,,,880-0908,宮崎市谷川3丁目1番2号,31.9034162,131.412973,http://www.miyazaki-catv.ne.jp/~honobonotenman/,yes,,,,,,,,,,,,,,,,,,,,,,,,,,,,multipurpose_toilet,みやざきアクセシビリティ情報マップ,https://m-bfree.pref.miyazaki.lg.jp/a_map/public/facilityAround/eyJpdiI6IlRNa2pXU1dISnRSWllGQWVrM2NwRlE9PSIsInZhbHVlIjoiVUNkdXdETFY1SkxCV0FKSmg1Q0J2QT09IiwibWFjIjoiYzY0OTI4MjU0ODY4ZmZkYzk3OTI0YWI0MzBiZmUxY2ZiODA2MDZjZGQ4NzkyMjZmODQ5NzhhMzg2Yjg1MDczMCJ9,,F000250,男女共用トイレあり | 調査日=2019-11-12,
45,宮崎県,45201,宮崎市,,グループホーム明照,,,880-0211,宮崎市佐土原町下田島4575番1,32.0314615,131.4762754,http://www.meisyo-wa.jp/group/index.html,yes,,,,,,,,,,,,,,,,,,,,,,,,,,,,multipurpose_toilet,みやざきアクセシビリティ情報マップ,https://m-bfree.pref.miyazaki.lg.jp/a_map/public/facilityAround/eyJpdiI6InRHU1dra3FoWENabzVwK29DZXZEcHc9PSIsInZhbHVlIjoia05mcHVuVU1uZU9KZHZiN1N4ZW9xZz09IiwibWFjIjoiZGZmYTFkZGE4M2VjODdjZGIyNTlkZTY0NTE1ZDdiOGE0NWE2NGZlNDAzMDYzZTgyOGY2ZTAwM2JhZTJhYzVmNiJ9,,F001518,男女共用トイレあり | 調査日=2010-01-27,
45,宮崎県,45201,宮崎市,,グループホーム悠悠,,,880-2101,宮崎市大字跡江長割2366,31.9448827,131.386168,http://ryoundo.or.jp/,yes,,,,,,,,,,,,,,,,,,,,,,,,,,,,multipurpose_toilet,みやざきアクセシビリティ情報マップ,https://m-bfree.pref.miyazaki.lg.jp/a_map/public/facilityAround/eyJpdiI6IkRaYjhPYXhKYzVQb2Q3TU1RaWRub0E9PSIsInZhbHVlIjoiZUt6cEFWWVRlcGZUYVJTYjVKNVRmdz09IiwibWFjIjoiYWEzZTY0NDcxYWI5ZTA5NzY1ODY5ODcyODM1OWRjNTMzMzEzNWQ4YjM3NDExNzI4NzFkMzM4Y2FjODljMDFhNCJ9,,F000387,男女共用トイレあり,
45,宮崎県,45401,高鍋町,,グループホーム遊友,,,884-0006,高鍋町大字上江1831番地2,32.1344483,131.5016894,,yes,,1階,,,,yes,,,,,,,,,,,,,,,,,,,,,,multipurpose_toilet,みやざきアクセシビリティ情報マップ,https://m-bfree.pref.miyazaki.lg.jp/a_map/public/facilityAround/eyJpdiI6ImVhakpnT054b2VpelYzOTZKWG81dkE9PSIsInZhbHVlIjoiYjUzVUdNUTR6K0dZV3NKZG5RbEtNZz09IiwibWFjIjoiZjk0YTgzZTllNGVlYTVmZDMzMjIwZDEwMWFiOWNkYjU3YjQ2NmNkYjQ0MDQxNTY3YjZlNzEzMDIxODc3MDAxNiJ9,,F000001,男女共用トイレあり | 緊急通報装置あり | 調査日=2006-02-23,
45,宮崎県,45421,門川町,,グループホームゆりかもめ,,,889-0621,門川町宮ケ原4丁目5-14,32.4813472,131.6519431,,yes,,1階,,,,yes,,,,,,,,,,,,,,,,,,,,,,multipurpose_toilet,みやざきアクセシビリティ情報マップ,https://m-bfree.pref.miyazaki.lg.jp/a_map/public/facilityAround/eyJpdiI6IlJXY3NSUE5kc3g3K00wMFVXM2NsclE9PSIsInZhbHVlIjoiQUNUZ09JMTBNZDVcL3phTW9PMWJDb2c9PSIsIm1hYyI6IjUxODM0ZGY0ZTg0YWRkMDAxZDY1NWQwNzE2ZmE5YTM2ODYxOTlmYzQxZWU1YzBjNTNmOWU3NjE5Y2EwZmU1ZGYifQ==,,F000453,男女共用トイレあり | 調査日=2019-11-19,
45,宮崎県,45201,宮崎市,,グループホーム福寿園,,,880-0836,宮崎市山崎町佐牟田1409-2,31.9393892,131.4513775,http://aokien.ever-life.com/index.html,yes,,,,,,,,,,,,,,,,,,,,,,,,,,,,multipurpose_toilet,みやざきアクセシビリティ情報マップ,https://m-bfree.pref.miyazaki.lg.jp/a_map/public/facilityAround/eyJpdiI6InRlNlZlTStqOVBxVFBYVkVIUFBScEE9PSIsInZhbHVlIjoiaGtIc2lqc1Z6NWU0VHBLK3czamtaQT09IiwibWFjIjoiMTljMGM1YjBiMGEwMzZjYjczM2Y3MzQ4MzJkZjg2MDI2MDU1YjNjMjU2NWEyMzY2ZGI3N2Q1MGY0ZGJjMDA5OCJ9,,F000367,男女共用トイレあり | 調査日=2009-11-25,
45,宮崎県,45201,宮崎市,,グループホーム野の花,,,880-2105,宮崎市大塚台西3丁目23番2,31.9107263,131.3823745,,yes,,,,,,,,,,,,,,,,,,,,,,,,,,,,multipurpose_toilet,みやざきアクセシビリティ情報マップ,https://m-bfree.pref.miyazaki.lg.jp/a_map/public/facilityAround/eyJpdiI6IndDRm55SWpNVDFLeVV6ZlVBN0VFaFE9PSIsInZhbHVlIjoiQlRjeDE3VTFlSzFLTlVuR0hDUlFOdz09IiwibWFjIjoiZjhjMzk1NWJiNTY3NGVmMGZjYTk5YjIyZGNjYTI0NWQxODM3MzEyOTBkNjFjMjNlMzhjNThlYThlOTIzY2Y0YyJ9,,F001050,男女共用トイレあり,
45,宮崎県,45201,宮崎市,,グループホームゆたかの郷,,,880-2214,宮崎市高岡町小山田平原65-4,31.9294692,131.3059496,,yes,,,,,,,,,,,,,,,,,,,,,,,,,,,,multipurpose_toilet,みやざきアクセシビリティ情報マップ,https://m-bfree.pref.miyazaki.lg.jp/a_map/public/facilityAround/eyJpdiI6Iis2SlE4eGcrRDBBb2hVUHlOWlc5Nnc9PSIsInZhbHVlIjoidmlabERcL1BwOG0rRTNFdEM3WE5iWmc9PSIsIm1hYyI6ImE2NzhkMzdhZGQxZDFiMzE1ZTIwOWY4N2QyNDZiMzU4NDgyMDMyNGUzMTlmOTI0ZjRhMmEwZTJkNGMwZGMyMGYifQ==,,F001129,男女共用トイレあり,
45,宮崎県,45201,宮崎市,,グルメ寿司貫べえ＜フレスポ花ヶ島店＞,,,880-0036,宮崎市花ヶ島町小物町2671,31.9496732,131.4306182,http://www.odorisushi.jp/,yes,,,,,,,,,,,,,,,,,,,,,,,,,,,,multipurpose_toilet,みやざきアクセシビリティ情報マップ,https://m-bfree.pref.miyazaki.lg.jp/a_map/public/facilityAround/eyJpdiI6ImtDNW91TGcrRVhHQlhnZHJpTjZaRUE9PSIsInZhbHVlIjoiRjRFUW4xSk5mUUU3N1wvMHlGak5BM3c9PSIsIm1hYyI6IjA1YWQ5Mzg3ZWQ1ODc1ZDRhN2E0MzY0NTEzMzc4NzIxZGQwMjMzNjhjODNhYjg1NjY4MWI4OWY0NmIxMTdmY2QifQ==,,F000320,男女共用トイレあり,
45,宮崎県,45201,宮崎市,,クルンテープ,,,880-0835,宮崎市阿波岐原町前浜4276-507,31.937893,131.464099,https://krungthep.jimdofree.com/,yes,,店舗入って奥の左側通路を進んだところ,,,,,,,,,,,,,,,,,,,,,,,,,,multipurpose_toilet,みやざきアクセシビリティ情報マップ,https://m-bfree.pref.miyazaki.lg.jp/a_map/public/facilityAround/eyJpdiI6IkZXdkhhVis1Q1p2OVFVTExmQUpINXc9PSIsInZhbHVlIjoiUVVvZndRNmNSSVNlWHVDZjlqNkp0dz09IiwibWFjIjoiZjdjMDRiODIyYzJhMjdlNjY3OTY3Y2UyMjEwZDI4ODJjZjk2N2MxM2Q1YmYwY2NmODBlOTEwZDA4YmE4N2JiMCJ9,,F002435,男女共用トイレあり | 調査日=2020-02-26,・トイレに向かう通路幅は90cm
45,宮崎県,45201,宮崎市,,クローバー薬局,,,880-0023,宮崎市和知川原2丁目15番,31.922787,131.4111929,,yes,,,,,,,,,,,,,,,,,,,,,,,,,,,,multipurpose_toilet,みやざきアクセシビリティ情報マップ,https://m-bfree.pref.miyazaki.lg.jp/a_map/public/facilityAround/eyJpdiI6IktXd0hudlZVd0dCVlNjdmlcLzZZdE53PT0iLCJ2YWx1ZSI6IjVWSzlMMlRCaDZjdlpzckdWeWhqV3c9PSIsIm1hYyI6ImYzMTMwOWFhZDA3MTU3MjlkM2FmOTBlMmY3M2VlMzRjZDNmOTczMTRjNzhmZGZmOTAzZjM0YjUyNWY1NDdhNmMifQ==,,F000111,男女共用トイレあり,
45,宮崎県,45201,宮崎市,,黒川皮膚科クリニック,,,880-0057,宮崎市桜町4-15,31.9514782,131.4368323,https://kurokawa-hihuka.com,yes,,,,,,,,,,,,,,,,,,,,,,,,,,,,multipurpose_toilet,みやざきアクセシビリティ情報マップ,https://m-bfree.pref.miyazaki.lg.jp/a_map/public/facilityAround/eyJpdiI6IjRRcDg1R3h4S0JYNFhSNXJIZUhGc0E9PSIsInZhbHVlIjoiSUU0Tjl0MWNSS1ZBUFU4ZENPQkN5UT09IiwibWFjIjoiZDNhMThhNjg1MGM5MTAyNTZkNzcxNjMyMzFjYWVjMWY3ZDY1ODU2ZTM0NWM0ZGY2M2Y2ZGExNDU4ZjQxMGQ0OSJ9,,F000458,男女別トイレあり | 調査日=2009-11-27,
45,宮崎県,45201,宮崎市,,クロスモール清武 A棟,,,889-1603,宮崎市清武町正手2丁目37 他,31.8614506,131.3869773,https://www.orix-realestate.co.jp/,yes,,,,,,,,yes,,,,,,,,,,,,,,,,,,,,multipurpose_toilet,みやざきアクセシビリティ情報マップ,https://m-bfree.pref.miyazaki.lg.jp/a_map/public/facilityAround/eyJpdiI6IlpWbkZIRCtkd3NLQ3ljK3NNSmF4SkE9PSIsInZhbHVlIjoiYjlOUUNnU2lYN2ozNjdhSXBreDV4UT09IiwibWFjIjoiNDQ5NWY1NDIxNDM3YTZkZDc0MDdlOTFmMGZlYjU5N2I0OTNlMDlhYjM5ODBjMDhmZmVjNGZjNTM1MjVjYzQyNyJ9,,F002045,男女共用トイレあり,
45,宮崎県,45201,宮崎市,,クロスモール清武 D棟,,,889-1603,宮崎市清武町正手2丁目37 他,31.8614506,131.3869773,https://www.orix-realestate.co.jp/,yes,,,,,,,,,,,,,,,,,,,,,,,,,,,,multipurpose_toilet,みやざきアクセシビリティ情報マップ,https://m-bfree.pref.miyazaki.lg.jp/a_map/public/facilityAround/eyJpdiI6ImJRY3NlUlJDa0N4K3JcLzdHY3lqNFpBPT0iLCJ2YWx1ZSI6InpvMVRialgwMFBkZVVmbEJBZSt0Y2c9PSIsIm1hYyI6IjBjNTRiYWM1N2IxZjBkOTQ4NWU4Y2I0NjdhMmI2MGYwMTllMjIxYjNiYWQ4MzNmNmMzMTA2NzE2MDU3MzBiNDAifQ==,,F002048,男女共用トイレあり,
45,宮崎県,45201,宮崎市,,クロスモール清武 B棟,,,889-1603,宮崎市清武町正手2丁目37 他,31.8614506,131.3869773,http://www.Ore-SC.JP/crossmall-kiyotake/,yes,,,,,,,,yes,,,,,,,,,,,,,,,,,,,,multipurpose_toilet,みやざきアクセシビリティ情報マップ,https://m-bfree.pref.miyazaki.lg.jp/a_map/public/facilityAround/eyJpdiI6ImVEa0FFOTM4eDhoTVc3dDFiWW95Nmc9PSIsInZhbHVlIjoiZUhVR2hhbEREOXppSG80bVlHMER6QT09IiwibWFjIjoiOGU4Y2Q1MjBjZTc4NzViMzVkZTNjODhhZjY3ZWM4NTBkMDM0ZGI2MjlkYTc2ZmNkYjFmOWE4MTAzODk5M2NmYyJ9,,F002064,男女共用トイレあり,
45,宮崎県,45203,延岡市,,黒瀬病院,,,882-0867,延岡市構口町2丁目125番地-1,32.5577729,131.6728739,http://kurose-hp.jp/,yes,,,,,,,,,,,,,,,,,,,,,,,,,,,,multipurpose_toilet,みやざきアクセシビリティ情報マップ,https://m-bfree.pref.miyazaki.lg.jp/a_map/public/facilityAround/eyJpdiI6IkJxSG9tTENwMENXSVwvdFVtNTBIa3FRPT0iLCJ2YWx1ZSI6IktJQzczblZoT0lcL2lqS0Zsc0dadDB3PT0iLCJtYWMiOiI3ZWVmYTNjODliMzFlNjFlMDVhMjRiNWQzYjA0YjMzMWM4YjM5YmYyMDJhYzg0MDU4NWNiYjdkOTI5N2EwMGZkIn0=,,F001370,男女別トイレあり | 調査日=2019-11-16,
45,宮崎県,45201,宮崎市,,黒田地区学習等供用施設,,,880-0212,宮崎市佐土原町下那珂7982,32.0069075,131.4546166,,yes,,,,,,,,yes,,,,,,,,,,,,,,,,,,,,multipurpose_toilet,みやざきアクセシビリティ情報マップ,https://m-bfree.pref.miyazaki.lg.jp/a_map/public/facilityAround/eyJpdiI6Im03eTRwWFwvajFkeVZXNHk2R2hNRjVRPT0iLCJ2YWx1ZSI6InNvbGJtWGJ4OUd6aTFtM04za2U5SWc9PSIsIm1hYyI6ImRiNjVmMDYwNTAwYjU5MzU1N2QwMzlkNTc1YTI3MjI3YzVhYzFhYmNhYzhlNDdjMjg4NDE3MDUzZTMyMWQwODcifQ==,,F001504,男女共用トイレあり | 調査日=2009-09-11,
45,宮崎県,45206,日向市,,黒田の家臣,,,883-0001,日向市細島,32.425295577326615,131.67946770563205,https://hyuga.or.jp/app/spots/view/28,yes,,駐車場西側,,,,,,,,,,,,,,,,,,,,,,,,,,multipurpose_toilet,みやざきアクセシビリティ情報マップ,https://m-bfree.pref.miyazaki.lg.jp/a_map/public/facilityAround/eyJpdiI6Ik9tNzJuMzloMkIrT0N3bU8xTjF6Znc9PSIsInZhbHVlIjoiVTlFbkJvbFFlVU91d3pqQzJsZk4zUT09IiwibWFjIjoiY2NkMWY3NzcxZjliNzMzZjk4ZWMxOWVhMDgzMzI5NjdkM2IxZDUzZjQwMjM3YmQzM2U4ZjJiMzdmYzY1Yjc2MyJ9,,F002634,男女共用トイレあり | 調査日=2022-12-12,
45,宮崎県,45201,宮崎市,,（社福法）ユーカリ福祉会 黒田保育園,,,880-0212,宮崎市佐土原町下那珂8138,32.017861,131.44314,http://www.yuukarifukushikai.jp/,yes,,,,,,,,,,,,,,,,,,,,,,,,,,,,multipurpose_toilet,みやざきアクセシビリティ情報マップ,https://m-bfree.pref.miyazaki.lg.jp/a_map/public/facilityAround/eyJpdiI6Imc0bXN1ZWgrUXRONVVHQnorNXMyZGc9PSIsInZhbHVlIjoiOVJUUXpTaXRycXlGQ05xb1o5SnBVdz09IiwibWFjIjoiOTA1OTMyMzc0NWYwZDBmZmU2MTBmZjVlMzk1MGVjZTk1ZTI4YzczNWEyM2VlZTc2NWNjM2I2MDBlY2EwMGU1YiJ9,,F001516,男女共用トイレあり,
45,宮崎県,45205,小林市,,医療法人相愛会 桑原記念病院,,,886-0004,小林市大字細野167,31.9948347,130.9786015,http://www.all-souai.or.jp/kinen/,yes,,１階,,,,yes,,,,,,,,,,,,,,,,,,,,,,multipurpose_toilet,みやざきアクセシビリティ情報マップ,https://m-bfree.pref.miyazaki.lg.jp/a_map/public/facilityAround/eyJpdiI6ImV2aDhOdTA3em80UjY4SHpMK1ZrNmc9PSIsInZhbHVlIjoiZHcrNWdWaHhsSU16emZreHBtVXI3QT09IiwibWFjIjoiNDk1ZDk0ZTEyOGM4Y2VmM2QzNWJjNmFjMzZlODljNjQ0MTAwY2M4NGNiMWUyMzQ0ZjE5ZTJjOTA0ZDI4YWI3NCJ9,,F001017,男女共用トイレあり | 緊急通報装置あり | 調査日=2009-11-18,
45,宮崎県,45201,宮崎市,,ケアヴィレッタナチュらいふ恒久,,,880-0916,宮崎市大字恒久字新道5314-5,31.8912351,131.4087086,http://phoenix-hd.com/natulife/,yes,,１階 / 2・3階,,,,,,yes,,,,,,,,,,,,,,,,,,,,multipurpose_toilet,みやざきアクセシビリティ情報マップ,https://m-bfree.pref.miyazaki.lg.jp/a_map/public/facilityAround/eyJpdiI6IkVYSnprMGtsQ240MjNGZ2RVUnJ6MXc9PSIsInZhbHVlIjoidzhRUXpWdnlROHlXWnZoRDE1ZFdoZz09IiwibWFjIjoiOGUzMGUzMzQ5MDY1ZjU0ZjlkM2EzNjFmZWYzZGU5ZjQ0OTI3NGMxMDYzOTAwNzg5ZDJmM2ExYWQ3NDhmN2YzZCJ9,,F001124,男女共用トイレあり | 調査日=2010-01-28,
45,宮崎県,45201,宮崎市,,ケアサポートフェニックス,,,889-1611,宮崎市清武町新町1丁目1-11,31.857182446606213,131.39499824086562,,yes,,,,,,yes,,,,,,,,,,,,,,,,,,,,,,multipurpose_toilet,みやざきアクセシビリティ情報マップ,https://m-bfree.pref.miyazaki.lg.jp/a_map/public/facilityAround/eyJpdiI6Ik9kVFwvbnl3ZGg5XC90OW8zbUlGY3BLUT09IiwidmFsdWUiOiJRQVhRSkJHdnZRT3RmTVIzTGRkZ3dBPT0iLCJtYWMiOiI1NmRkMjg1NTZmYjEwMjIwZWJlMjI4M2I5NmViYjMzNjQ3ZGFjODRkZDdkYmI0NTJhMTE4NzhjMDk5NmQyZTMwIn0=,,F002661,男女共用トイレあり | 調査日=2023-02-24,
45,宮崎県,45201,宮崎市,,社会福祉法人海菊会ケアハウス生目の郷,,,880-2112,宮崎市大字小松2872-1,31.9257932,131.3820569,https://www.umigikukai.jp/guidance/ikimenosato,yes,,,,,,,,yes,,,,,,,,,,,,,,,,,,,,multipurpose_toilet,みやざきアクセシビリティ情報マップ,https://m-bfree.pref.miyazaki.lg.jp/a_map/public/facilityAround/eyJpdiI6ImE5cFdkU0R6ZmsrbzFDc3JVbVVOaXc9PSIsInZhbHVlIjoiY0p6VGZkbExHZTRtWVU1OXFtNGxPQT09IiwibWFjIjoiZTg1NjMzNzA2MTA1OTUyZDg1ZDk2ZGUyYTRiNTRkZjdlMGRkM2ExNTU4MTEwOTMxOWU3YjdmYzJhZGNlNTg4MyJ9,,F000138,男女共用トイレあり | 調査日=2020-03-14,
45,宮崎県,45201,宮崎市,,ケアハウス島之内,,,880-0121,宮崎市大字島之内2345-3,31.991416,131.454466,https://www.dojunkai.com/care.html,yes,,,,,,,,yes,,,,,,,,,,,,,,,,,,,,multipurpose_toilet,みやざきアクセシビリティ情報マップ,https://m-bfree.pref.miyazaki.lg.jp/a_map/public/facilityAround/eyJpdiI6IjVmV3ozdCt5d28wZWdBRHpuTFRrY1E9PSIsInZhbHVlIjoiOFpUMmdHU0ZCVTVlTG93MFArRXNtdz09IiwibWFjIjoiMGU5OWU3ODY4OWQwY2ZlYTNmNmJkYmUwN2RhNDc2MGY0NjZiNTAwM2FmNTliZmI3NjcxNzNkYWQ2OTA2Y2YwNCJ9,,F000380,男女共用トイレあり | 緊急通報装置あり | 調査日=2020-03-11,
45,宮崎県,45201,宮崎市,,ケアホーム キララ,,,880-2215,宮崎市高岡町高浜827,31.9414849,131.293405,,yes,,１階,,,,,,,,,,,,,,,,,,,,,,,,,,multipurpose_toilet,みやざきアクセシビリティ情報マップ,https://m-bfree.pref.miyazaki.lg.jp/a_map/public/facilityAround/eyJpdiI6InNnTTFJVU92bFwvbGlJQ0pcLytoT3g0Zz09IiwidmFsdWUiOiJGckJiQk5sM2djYk5BZWVsT1JLck1BPT0iLCJtYWMiOiJhYjNkNWMwZDVkYjkzNTJmZjY1MDQxOGM2NzM3N2FhZDU5MjdhMjMyMjNhNjFkMTMyMDUxZTcyNzFhMWIzOTYyIn0=,,F001537,男女共用トイレあり | 調査日=2006-02-09,
45,宮崎県,45201,宮崎市,,（有）ケアホーム こんぺいとう,,,880-0123,宮崎市大字芳士1319-1,31.9642598,131.442418,,yes,,,,,,,,,,,,,,,,,,,,,,,,,,,,multipurpose_toilet,みやざきアクセシビリティ情報マップ,https://m-bfree.pref.miyazaki.lg.jp/a_map/public/facilityAround/eyJpdiI6ImxKcWlORTgyQnA5NVwvRXNkOXhJdlFRPT0iLCJ2YWx1ZSI6IkJTZW4yaHN3WjRiM09IdXpVbVRWU2c9PSIsIm1hYyI6IjlkZjY4YTk5OTg3NDM0ZjVjOWI1M2VhYmFlNmQyOTg5YzIwNmMxZTI1NzYyMmRkYzUyZmIxODM1MGFkMGQ3ZmMifQ==,,F000198,男女共用トイレあり,
45,宮崎県,45201,宮崎市,,ケアホーム絆 2号館,,,880-0951,宮崎市大塚町京園3171-7 外,31.9124946,131.3983366,http://www.kizuna.care/,yes,,,,,,,,,,,,,,,,,,,,,,,,,,,,multipurpose_toilet,みやざきアクセシビリティ情報マップ,https://m-bfree.pref.miyazaki.lg.jp/a_map/public/facilityAround/eyJpdiI6IjAxakQ5MFZmc3lUVjhuSFFTM0ZPQ0E9PSIsInZhbHVlIjoiaFwvb3oxcHQyVWlwSWE3NlNGYlJDQ3c9PSIsIm1hYyI6IjlhZGQ1M2Y0OTI4YmQ4YjU3ZDY5NGVmYmI1N2UyMGFmYzhhNDc4NjA2M2EyNTk3MWY4YTdmZDNlOWFhZThiMzQifQ==,,F000531,男女共用トイレあり,
45,宮崎県,45201,宮崎市,,ケアホーム BE FREE,,,880-2101,宮崎市大字跡江字坂ノ下525,31.9448827,131.386168,,yes,,,,,,,,yes,,,,,,,,,,,,,,,,,,,,multipurpose_toilet,みやざきアクセシビリティ情報マップ,https://m-bfree.pref.miyazaki.lg.jp/a_map/public/facilityAround/eyJpdiI6Im1udG5MT01qZU5ta0hRVjBwWEltcXc9PSIsInZhbHVlIjoiZW15WWZ1ZzhEQUdPZnRSTmNvUnBCUT09IiwibWFjIjoiYzQ1N2Y4ZDQ3ZDg1NWExNmVjMGU0NzI4Y2ZlODJmZThkYmY5OGU5YzM1MzU2ZGE4OTY4ZDhhMmUxNzE1YWZiYiJ9,,F000607,男女共用トイレあり,
45,宮崎県,45201,宮崎市,,有限会社 ケアホームまごころ,,,880-0941,宮崎市北川内町乱橋3583番地22,31.904705,131.3923715,,yes,,,,,,,,,,,,,,,,,,,,,,,,,,,,multipurpose_toilet,みやざきアクセシビリティ情報マップ,https://m-bfree.pref.miyazaki.lg.jp/a_map/public/facilityAround/eyJpdiI6IkJDaVVYMUlOZnlHOWowbml5WFwvbklnPT0iLCJ2YWx1ZSI6InVBMjhUVys1aENyVGZtWU9zWjdxc3c9PSIsIm1hYyI6IjRmZWM5Nzk5YjllMWMzNTVlMjA3NzBhNThlMDU4M2ZkOTBlM2MyZThiMDNmNTcyZmVkNDhjMjU5ZjM4ZTI5MjcifQ==,,F001140,男女共用トイレあり,
45,宮崎県,45201,宮崎市,,啓愛調剤薬局,,,880-0834,宮崎市新別府町植田837-1,31.9221504,131.4541349,,yes,,,,,,yes,,,,,,,,,,,,,,,,,,,,,,multipurpose_toilet,みやざきアクセシビリティ情報マップ,https://m-bfree.pref.miyazaki.lg.jp/a_map/public/facilityAround/eyJpdiI6Ijc0dU9pNzlVM055QlBjWDBmUGViN3c9PSIsInZhbHVlIjoiSWM4NGEwelQ2aUp5MGNtUDF1c3RKZz09IiwibWFjIjoiZGZlZWU5NzkyNjRiNjdkZmIyMTJjMjMwNDNkMjEwODdlOTk5ZjJhM2Y5YjQxMTc2MmJlMTg4ZTIzNmY4OGFkNyJ9,,F000991,男女共用トイレあり | 緊急通報装置あり | 調査日=2019-11-12,
45,宮崎県,45201,宮崎市,,ケイズストリートホテル宮崎,,,880-0805,宮崎市橘通東1-8-6,31.90985,131.422312,http://www.ksmgt.net/,yes,,1Fフロント・エレベーター前,,,,yes,,,,,,,,,,,,,,,,,,,,,,multipurpose_toilet,みやざきアクセシビリティ情報マップ,https://m-bfree.pref.miyazaki.lg.jp/a_map/public/facilityAround/eyJpdiI6ImFHTG02aTA1WngxM3dmN2xoeHIwdXc9PSIsInZhbHVlIjoiNnRlMktxMHZGMGpTcVdTeWl0UHQxdz09IiwibWFjIjoiNWYzYjAwOTM0NDViNmFjNzJhYmJjZDVjYjc0ODZjYjhkZjE3MTNlNzNhNTZkZGNhNjVhZTU1Nzc1NGVhMDAwZCJ9,,F002385,男女共用トイレあり | 緊急通報装置あり | 調査日=2019-12-24,
45,宮崎県,45382,国富町,,けいめい記念病院,,,880-1111,国富町大字岩知野字大江762,31.978801,131.371608,http://www.keimei-kinen.jp,yes,,１階 / １階奥 / 1階リハビリ室前,,,,yes,,,,,,,,,,,,,,,,,,,,,,multipurpose_toilet,みやざきアクセシビリティ情報マップ,https://m-bfree.pref.miyazaki.lg.jp/a_map/public/facilityAround/eyJpdiI6IlBwVXc0aXFmUzdIcE5JWm8rSGQrdEE9PSIsInZhbHVlIjoiK1wvVkRCXC96SnBJdXVPV0lQZzdTUElnPT0iLCJtYWMiOiIwMDZjNGMzYTFmMDlkZDRiZjliNDZiNmIwZmI2MGI2MzE0NWVkOTkzZGYxNmE0ZDYwNDEzZmQzZDhjOTJjZWU5In0=,,F000196,男女共用トイレあり | 緊急通報装置あり | 調査日=2009-11-20,
45,宮崎県,45201,宮崎市,,ゲオ宮崎フェニックスガーデン店,,,880-0844,宮崎市柳丸町168-1,31.9274649,131.4372549,https://geo-online.co.jp/store/02646/,yes,,,,,,yes,,,,,,,,,,,,,,,,,,,,,,multipurpose_toilet,みやざきアクセシビリティ情報マップ,https://m-bfree.pref.miyazaki.lg.jp/a_map/public/facilityAround/eyJpdiI6IllaV1pWQWo5elFGVEJDdkdBQkQxR2c9PSIsInZhbHVlIjoiN0xNNGVPNHpcL293anZhaDhocTNJOXc9PSIsIm1hYyI6ImM3NzZhZmRkZGViZGFmMWMyZDU4YTFiYWU2YTY5YWE3OGJjYzViODNjNWZlMGNlMDFiMTFkMDdiYjVmZGM1YTgifQ==,,F000626,男女共用トイレあり | 男女別トイレあり | 調査日=2019-11-08,
45,宮崎県,45405,川南町,,ゲシュマック,,,889-1301,川南町大字川南23028,32.180826,131.5208,https://www.geschmack-shop.com/,yes,,販売コーナーからレストランへの通路 / レストラン入口から直進（奥）,,,,yes,,,,yes,yes,,,,,,,,,,,,,,,,,multipurpose_toilet,みやざきアクセシビリティ情報マップ,https://m-bfree.pref.miyazaki.lg.jp/a_map/public/facilityAround/eyJpdiI6Im9DellkZjZNTVBNZlBSR2d6VUZhaFE9PSIsInZhbHVlIjoiVzBseko0dXhpZ21mNVNZOUxsWTJGQT09IiwibWFjIjoiMTQ5ODI0ZTFhYTk0YjM1ODRhZjI0ZWNhZDFiYTJlYTY4NmIyZmYwODc5YWYxY2QxNWUyMWIzM2I1MmU1NzE2ZCJ9,,F002351,男女共用トイレあり | 男女別トイレあり | 調査日=2019-10-23,・左右対称に作られているので、利き手に都合の良い方を使うことができる
45,宮崎県,45201,宮崎市,,月知梅,,,880-2215,宮崎市高岡町高浜梅元323-2,31.950914316722482,131.30739706153548,,yes,,駐車場東側,,,,,,,,,,,,,,,,,,,,,,,,,,multipurpose_toilet,みやざきアクセシビリティ情報マップ,https://m-bfree.pref.miyazaki.lg.jp/a_map/public/facilityAround/eyJpdiI6IkwwMXVvWG9LXC9NTWtCWHI0VUlHTmZ3PT0iLCJ2YWx1ZSI6Im5YK2ZyRTkraVQ0NWtCM2hrMlwvQnF3PT0iLCJtYWMiOiJjZGI0ZjdkOTJiNjZmMjYzOWQ3NDY3YmFkMjQxODA0NmM1NjNhNGRjZGIzOGI1ZDg0OWM2MTgxMGJkMTRjMjcwIn0=,,F002656,男女共用トイレあり | 調査日=2023-03-01,
45,宮崎県,45207,串間市,,医療法人十善会 県南病院,,,888-0001,串間市大字西方3728番地,31.4740905,131.2334974,http://www.kennan-hospital.or.jp/,yes,,１階,,,,,,yes,,,,,,,,,,,,,,,,,,,,multipurpose_toilet,みやざきアクセシビリティ情報マップ,https://m-bfree.pref.miyazaki.lg.jp/a_map/public/facilityAround/eyJpdiI6ImNmaVlycEJTa2dxaGxBZ2N0akxjWHc9PSIsInZhbHVlIjoiVDlYK1V0empvdmJLZGFWVUJVajN4UT09IiwibWFjIjoiNGVjNjAyZGNjODJiMjU5ZThkYjI5Mjc2YmQ1YjM3MDU4Mzg3Njg5N2I0ZDU1N2NmNTU3ODhhYzJkNWE2Y2M0ZSJ9,,F000832,男女共用トイレあり | 男女別トイレあり | 緊急通報装置あり | 調査日=2014-03-03,
45,宮崎県,45201,宮崎市,,県立特別養護老人ホームみやざき荘,,,880-0911,宮崎市大字田吉4977の374,31.8699035,131.4468708,https://www.m-sj.or.jp/shiencenter/miyazaki/,yes,,,,,,yes,,,,,,,,,,,,,,,,,,,,,,multipurpose_toilet,みやざきアクセシビリティ情報マップ,https://m-bfree.pref.miyazaki.lg.jp/a_map/public/facilityAround/eyJpdiI6IldYVHoyWVNhRUd4enJFeTZFZmJNVGc9PSIsInZhbHVlIjoiUUx1ajZMbm0yNUo4RWFqMnRzelJhUT09IiwibWFjIjoiNWE3ZjVlZGJkMzk4MDcyNTJmNmZmOWNiZjJjYzI2NGUyZmVjOTAyMjA0MjUyOTZmNWZiMDM4ZTRkMjU0ODUxNiJ9,,F001176,男女共用トイレあり | 調査日=2020-03-14,
45,宮崎県,45205,小林市,,コーヒー＆レストラン待夢 小林店,,,886-0003,小林市大字堤3089-14,31.9768978,130.9991652,https://www.restaurant-time.com/,yes,,１階,,,,,,,,,,,,,,,,,,,,,,,,,,multipurpose_toilet,みやざきアクセシビリティ情報マップ,https://m-bfree.pref.miyazaki.lg.jp/a_map/public/facilityAround/eyJpdiI6IlVPNEJ4b05xUkZkdEwzVlwvYmJJaTB3PT0iLCJ2YWx1ZSI6IjdlYlFrWXRcL2RNY2lGbEpRVkhubVhnPT0iLCJtYWMiOiIxM2NlNzhiMTA3NWU5YzEzZWI5NWIxYTE3M2EyYWVhZjJjYWNmM2Y4NTFkNjk0OWJkZTZlMDMwYjRlNWRiYWQ5In0=,,F001912,男女共用トイレあり | 調査日=2023-05-10,
45,宮崎県,45201,宮崎市,,珈琲専門店 ウルワシ 一ッ葉店,,,880-0835,宮崎市阿波岐原町前浜4276-1083,31.9382683,131.4632234,http://uruwashi.com,yes,,,,,,yes,,,,,,,,,,,,,,,,,,,,,,multipurpose_toilet,みやざきアクセシビリティ情報マップ,https://m-bfree.pref.miyazaki.lg.jp/a_map/public/facilityAround/eyJpdiI6ImhKbDl1QjJyVmtKNVlBVVBtSU1Wa2c9PSIsInZhbHVlIjoia0NSeGpQUWlLZUZMR2RIVVNZRjhOdz09IiwibWFjIjoiODk0Y2JjY2Y4NzM1YzE0MzA5YmNiM2FjNWE0ODNkZjYzM2VhNjlkY2IwY2E1ZWU2ODllZjZlYzkwNWVlYTZhZSJ9,,F000791,男女共用トイレあり | 調査日=2025-03-18,
45,宮崎県,45201,宮崎市,,コープみやざき 大塚店,,,880-0951,宮崎市大塚町地蔵田4681番地,31.9079395,131.3939646,http://www.miyazaki.coop/jigyosyo/tenpo/ootuka.html,yes,,１階,,,,,,,,,,,,,,,,,,,,,,,,,,multipurpose_toilet,みやざきアクセシビリティ情報マップ,https://m-bfree.pref.miyazaki.lg.jp/a_map/public/facilityAround/eyJpdiI6Im1cL29OM3BqVkpOZU9OVkJnUE9oaXFnPT0iLCJ2YWx1ZSI6IjQ0RzdKbUxJSWs3emhSeWVrUGZtU3c9PSIsIm1hYyI6IjU5MDY4NjZiZjVkYWFkZGU0ZTM1YjRiODM1MThjYWRkMzg4ZTEwZDExYjNkNTlkYWIzNWZjODdkODA4N2I0YWQifQ==,,F001253,男女共用トイレあり | 緊急通報装置あり | 着替え台あり | 調査日=2019-11-19,
45,宮崎県,45202,都城市,,コープみやざき 都北店,,,885-0004,都城市都北町6400-1,31.7637343,131.0856202,,yes,,１階,,,,,,yes,,,,,,,,,,,,,,,,,,,,multipurpose_toilet,みやざきアクセシビリティ情報マップ,https://m-bfree.pref.miyazaki.lg.jp/a_map/public/facilityAround/eyJpdiI6IkpjMTd5RXZITFBTMWE3bzVEVzA4Wmc9PSIsInZhbHVlIjoiOVJXejBcL1hUdmRkV3l1clBmZ09aRnc9PSIsIm1hYyI6IjEwZDZkMjU3MWE0YmE2OGQwZWYyMDRmMDA2YmU3ZWIxYzJhOTU3MWRjMjg3ZGFhMDFlZDI2NmM0YjRjNTVmM2IifQ==,,F000120,男女共用トイレあり | 緊急通報装置あり | 調査日=2013-09-04,
45,宮崎県,45206,日向市,,コープみやざき 財光寺店,,,883-0021,日向市財光寺173-1,32.4137936,131.6301035,,yes,,１階,,,,,,,,,,,,,,,,,,,,,,,,,,multipurpose_toilet,みやざきアクセシビリティ情報マップ,https://m-bfree.pref.miyazaki.lg.jp/a_map/public/facilityAround/eyJpdiI6IklYSXRXWlZ0TjJYdW91WTdrVlpkeHc9PSIsInZhbHVlIjoiTHFLNTk5cXc1OE12R01mSHpHUUdQUT09IiwibWFjIjoiNzRmYWM3YjgxYmY3Njg2MDcyNGNhMGUyYzA1NTE4YTY1ZjNkYTdkMTJlZDNkZDI0MjU3M2ZiNTNhMmEwOTVmMSJ9,,F001916,男女共用トイレあり | 緊急通報装置あり | 調査日=2013-09-04,
45,宮崎県,45201,宮崎市,,コープみやざき佐土原店,,,880-0212,宮崎市佐土原町下那珂2642番地,32.008085,131.473503,http://www.miyazaki.coop/,yes,,１階,,,,yes,,,,yes,yes,,,,,,,,,,,,,,,,,multipurpose_toilet,みやざきアクセシビリティ情報マップ,https://m-bfree.pref.miyazaki.lg.jp/a_map/public/facilityAround/eyJpdiI6InY2dDgwWkcxVUpCS01oSVwva1hIRzFBPT0iLCJ2YWx1ZSI6Im41MUExem50M3JOMllsazRvdXRDNHc9PSIsIm1hYyI6ImI2MjFjYWJkYTAzNzc2NTI5ODg0MDEzNmI0NDZlMWM2YjZmNjQzYzgwYTlkNTkxNjBiMzllMTM1Y2FiMzlhOTgifQ==,,F001780,男女共用トイレあり | 緊急通報装置あり | 調査日=2019-12-07,
45,宮崎県,45201,宮崎市,,コープみやざき本郷店,,,880-0921,宮崎市大字本郷南方字石原1803－1,31.8514933,131.435777,http://www.miyazaki.coop/,yes,,,,,,,,,,,,,,,,,,,,,,,,,,,,multipurpose_toilet,みやざきアクセシビリティ情報マップ,https://m-bfree.pref.miyazaki.lg.jp/a_map/public/facilityAround/eyJpdiI6IjdWaEpoeHc2YnpXWlNPYzRUM2R4Nnc9PSIsInZhbHVlIjoiK3VsMlI3RzdaQ0NtK1dCU0lIV1FFQT09IiwibWFjIjoiMmZhMWRjYmE5YjE3NjM4YWI4NjkwOTc1YWE2ZDBjZTAwMDNlMzZhYzhkMWI2YmU4Nzc5NmJlYzIwOGNhOGQ0YiJ9,,F000711,男女共用トイレあり | 調査日=2010-09-02,
45,宮崎県,45201,宮崎市,,コープみやざき柳丸店,,,880-0844,宮崎市柳丸町16-2,31.9288338,131.4360182,,yes,,,,,,,,,,,,,,,,,,,,,,,,,,,,multipurpose_toilet,みやざきアクセシビリティ情報マップ,https://m-bfree.pref.miyazaki.lg.jp/a_map/public/facilityAround/eyJpdiI6IlhEQXQycXdIN01tUktnVnYzYndLMFE9PSIsInZhbHVlIjoiT0RhNXpYTWxVRERTWlJkY3RNd0c2QT09IiwibWFjIjoiYmRiZTYyNTMwYTExMjM0NzA3NmIxMzA2YjFlM2VlZmJmZjU4YmE2ZTU1YTUzNGEyNTg3MTc0Yzc3ODNiMDU3MyJ9,,F000219,男女共用トイレあり,
45,宮崎県,45207,串間市,,幸島（野生猿）,,,889-3311,串間市市木150,31.4508776,131.3681834,http://kushima-city.jp/koujima/,yes,,屋外、駐車場入り口付近,,,,,,,,,,,,,,,,,,,,,,,,,,multipurpose_toilet,みやざきアクセシビリティ情報マップ,https://m-bfree.pref.miyazaki.lg.jp/a_map/public/facilityAround/eyJpdiI6IkhKM3MrR3hYNUd1Mk5iUUNYZzJmZmc9PSIsInZhbHVlIjoic1V4NkhWMnE1K1FEeVhZSHUrRnhydz09IiwibWFjIjoiMDU5MGNjYmRlODA4OGJjNjM2NjA4MjQ3YzljYWQ1ZTM5MmY3ZTVlNWJjZjlmYTdjZTQ2NjZkNGRmY2Y2MmZlZiJ9,,F001945,男女共用トイレあり | 緊急通報装置あり | 調査日=2023-10-23,
45,宮崎県,45201,宮崎市,,公衆便所（東部5号街区公園）,,,880-0841,宮崎市吉村町今村甲4105番1,31.91037,131.44928,,yes,,,,,,,,,,,,,,,,,,,,,,,,,,,,multipurpose_toilet,みやざきアクセシビリティ情報マップ,https://m-bfree.pref.miyazaki.lg.jp/a_map/public/facilityAround/eyJpdiI6ImxpYXZvSlVIOXU2RytpMkM4am5cL3d3PT0iLCJ2YWx1ZSI6Inlvbm9URFNjMFVDT0pjT3paXC9aYUhRPT0iLCJtYWMiOiIwMTYxZjBjYWEwMWZiOWI5NWZhYWQzZjJmYWU5YTJhNGUyNTUyMjY5ZDYwNzM2Yjk2NzY3OWZmZDgzN2QxMzczIn0=,,F002786,男女共用トイレあり | 緊急通報装置あり | 調査日=2024-07-31,
45,宮崎県,45201,宮崎市,,公衆便所（東部6号街区公園）,,,880-0832,宮崎市稗原町48番1,31.90901,131.45048,,yes,,,,,,,,,,,yes,,,,,,,,,,,,,,,,,multipurpose_toilet,みやざきアクセシビリティ情報マップ,https://m-bfree.pref.miyazaki.lg.jp/a_map/public/facilityAround/eyJpdiI6IlMydG42Q0FGZ3RrcE5XN2llejErM0E9PSIsInZhbHVlIjoiK2NISTI5Qk9ZYUU0OHZOclB6Ujljdz09IiwibWFjIjoiZGYxMTkyNzczOGMzMzZiYjdhZjRmOTNjYTU0MmQ2NGJjOGExODI4ODU3NjEyNjI4NWYyM2U2M2Y4MTVlNjU5NCJ9,,F002787,男女共用トイレあり | 緊急通報装置あり | 調査日=2024-07-31,
45,宮崎県,45201,宮崎市,,更正保護法人 みやざき青雲,,,880-0877,宮崎市宮脇町72-1,31.9139968,131.4365041,,yes,,,,,,,,,,,,,,,,,,,,,,,,,,,,multipurpose_toilet,みやざきアクセシビリティ情報マップ,https://m-bfree.pref.miyazaki.lg.jp/a_map/public/facilityAround/eyJpdiI6IjUzam0reGRUbUdGM0U5Q2NNcEpWYmc9PSIsInZhbHVlIjoiNENOaEJlWmVGcGFrdERyWmxXeFZ3QT09IiwibWFjIjoiYjQ2MTgxYWI5YTExZDVkN2U3OTNlZmI0MDgxYWQwYTM3ODE5MTVhMTdiNWNjMjA1YmE3OWZlZjBlMTQ0YzEzZSJ9,,F000210,男女共用トイレあり,
45,宮崎県,45201,宮崎市,,江南よしみ地域生活支援センター,,,880-0931,宮崎市古城町南川内676,31.8856369,131.4022127,http://yoshimi1.waku2-shop.com/,yes,,,,,,,,,,,,,,,,,,,,,,,,,,,,multipurpose_toilet,みやざきアクセシビリティ情報マップ,https://m-bfree.pref.miyazaki.lg.jp/a_map/public/facilityAround/eyJpdiI6IjRlaTVYUjI1QkEwTmxhTFRkbVNHWlE9PSIsInZhbHVlIjoibWRvdUZIaU95VGFsWWY0NlJUcGVBUT09IiwibWFjIjoiODQzZjVkZTlmMjg1Y2YzMzFjZTZjMDMxNjg5YTk4N2Y1ODM1NTdmODQ5ODRmMWMzZDMzYjQ1MTgzY2E2YmM2YSJ9,,F000808,男女共用トイレあり | 調査日=2020-03-14,
45,宮崎県,45201,宮崎市,,交流プラザきよたけ四季の夢,,,889-1613,宮崎市清武町西新町1番地1,31.8556039,131.3899283,https://www.shikinoyume.com/,yes,,,,,,,,,,yes,yes,,,,,,,,,,,,,,,,,multipurpose_toilet,みやざきアクセシビリティ情報マップ,https://m-bfree.pref.miyazaki.lg.jp/a_map/public/facilityAround/eyJpdiI6InlGdjE5a015WGw5cTExSEpJS1pVelE9PSIsInZhbHVlIjoiYnBwaEtPdVlaRW5IWnU2SVRPem1Gdz09IiwibWFjIjoiZDA0OGNlOGFkNzVhNjYwMjUxNDExOTViMzRjNmFkOGI5ODk2NjZiNTI3ZWIwZTZjMWVmZDQ4YzE1NGY1ZTEzZCJ9,,F000089,男女共用トイレあり | 緊急通報装置あり,
45,宮崎県,45201,宮崎市,,こおりやま歯科,,,880-0805,宮崎市橘通東1丁目10-11,31.909052,131.423977,http://www.koriyama-dc.com,yes,,,,,,yes,,,,,,,,,,,,,,,,,,,,,,multipurpose_toilet,みやざきアクセシビリティ情報マップ,https://m-bfree.pref.miyazaki.lg.jp/a_map/public/facilityAround/eyJpdiI6IndMdkZKVlQ5VDExdkJQUktIenNaXC9nPT0iLCJ2YWx1ZSI6InJPRVwvanh5Rk5CNDdKdGRVVEJZVXhBPT0iLCJtYWMiOiIyM2E2MWJkZmRkNzQ5ZGFhYWVjZjc0NjRjNTczMjRmNTc4N2VmYzA2NGQyYTQzZDQ5ZDJlOWYyN2Y1YWU4ZjNjIn0=,,F001752,男女共用トイレあり | 調査日=2019-11-25,手すりがあります。
45,宮崎県,45443,五ヶ瀬町,,ごかせ温泉 森の宿 木地屋,,,882-1203,五ヶ瀬町大字三ケ所字広木野9223,32.678033,131.211846,http://www.gokase.co.jp/kijiya/,yes,,施設内,,,,yes,,,,,,,,,,,,,,,,,,,,,,multipurpose_toilet,みやざきアクセシビリティ情報マップ,https://m-bfree.pref.miyazaki.lg.jp/a_map/public/facilityAround/eyJpdiI6IjdOc2E1NEM0eWxyMEpaaVJJbFQ3c1E9PSIsInZhbHVlIjoiQWwzMld2cGt2d2g0YUNpYUpobGdndz09IiwibWFjIjoiNDAxYmExNmUwNjc3MjEwMmQ5NTBiOTI1NDBhZmM3NGE0YzljZmQwODNhN2JlYTdiMGRiOTVmMDhlNWIwYzM5YiJ9,,F002421,男女共用トイレあり | 緊急通報装置あり | 調査日=2019-12-22,・電気のスイッチが少し高い(100cm）
45,宮崎県,45443,五ヶ瀬町,,五ヶ瀬町国民健康保険病院,,,882-1203,五ヶ瀬町大字三ヶ所2109番地1,32.6844555,131.197808,http://g-hsp.net/,yes,,１階,,,,yes,,,,,,,,,,,,,,,,,,,,,,multipurpose_toilet,みやざきアクセシビリティ情報マップ,https://m-bfree.pref.miyazaki.lg.jp/a_map/public/facilityAround/eyJpdiI6IkVZbGF2dXhESDhpSHRJUG1WdjJRZkE9PSIsInZhbHVlIjoiNHYwREY1aXNjd215ZlwvczlGZUEwYXc9PSIsIm1hYyI6IjA1NWRkY2FkZDkxYTI5NjM5OTBiMTk2NjE5MmYzYzgxYmEzMWE0MjA1N2VkNGYwYjUwYTMxZGI5NDMzM2FiZmIifQ==,,F000390,男女共用トイレあり | 緊急通報装置あり | 調査日=2013-09-19,
45,宮崎県,45443,五ヶ瀬町,,五ヶ瀬町子育て支援センター,,,882-1203,五ヶ瀬町大字三ヶ所9400,32.6777076,131.2096789,https://ja-jp.facebook.com/gokase.kosodate,yes,,,,,,yes,,yes,,yes,yes,,,,,,,,,,,,,,,,,multipurpose_toilet,みやざきアクセシビリティ情報マップ,https://m-bfree.pref.miyazaki.lg.jp/a_map/public/facilityAround/eyJpdiI6IkNndDBETit2c091cGNMXC85dzRPWUxRPT0iLCJ2YWx1ZSI6IjVrQ0hTUXhFWHVsSFY4N3NYSWladFE9PSIsIm1hYyI6ImJlOTJiZTk3NDMyYjcxMGViN2FkNDNjNzM3YTMwZmQxZGNlMzY2OWUwYzNmM2Y5ZTE1NTNhNmYzYWZjZjdkMTQifQ==,,F000859,男女共用トイレあり | 調査日=2019-11-27,
45,宮崎県,45443,五ヶ瀬町,,五ヶ瀬町自然の恵み資料館,,,882-1203,五ヶ瀬町大字三ヶ所9224,32.6780416,131.2125674,,yes,,１階,,,,,,,,,,,,,,,,,,,,,,,,,,multipurpose_toilet,みやざきアクセシビリティ情報マップ,https://m-bfree.pref.miyazaki.lg.jp/a_map/public/facilityAround/eyJpdiI6ImZSWms1K3J0NGZ1WG02dCt6amx4WGc9PSIsInZhbHVlIjoieHJDdDBmTStvZW42ODNlSW5odE5Mdz09IiwibWFjIjoiYjhjN2Q1NzM1NzE1ZjJkOWQ2MmVmMmUyY2U0YjViMTNhODk1ZDI3MTEwN2ViMWQwODFmYmQwOTNkNDk4MTAxNiJ9,,F000581,男女共用トイレあり | 緊急通報装置あり | 調査日=2019-11-26,
45,宮崎県,45443,五ヶ瀬町,,五ヶ瀬町総合公園（Gパーク）,,,882-1203,五ヶ瀬町大字三ヶ所9223,32.67926001514967,131.21020375136928,https://www.town.gokase.miyazaki.jp/kakuka/kikaku/990.html,yes,,スポーツ広場北側（駐車場東） / 陸上競技場東側,,,,,,,,,,,,,,,,,,,,,,,,,,multipurpose_toilet,みやざきアクセシビリティ情報マップ,https://m-bfree.pref.miyazaki.lg.jp/a_map/public/facilityAround/eyJpdiI6InpWYnFSSEFrOWoyazV0b1g5c1lQd3c9PSIsInZhbHVlIjoieE5hSDZjNlo1dUJBRDNsNUdBWlY2UT09IiwibWFjIjoiZjQxY2FmYWJhMmViYzU3ZTVjOGU1YmZhZmMwNWJlM2E1MzYwYzhiZWU3NmI1NzU1Y2ZlNDk5M2RjMjQ1NTk3YiJ9,,F001973,男女共用トイレあり | 緊急通報装置あり | 調査日=2002-09-25,
45,宮崎県,45443,五ヶ瀬町,,五ヶ瀬町総合公園（Ｇパーク） 五ヶ瀬ドーム,,,882-1203,五ヶ瀬町大字三ヶ所9223,32.67995863641338,131.20997820539304,https://www.town.gokase.miyazaki.jp/kakuka/kikaku/990.html,yes,,１階,,,,,,,,,,,,,,,,,,,,,,,,,,multipurpose_toilet,みやざきアクセシビリティ情報マップ,https://m-bfree.pref.miyazaki.lg.jp/a_map/public/facilityAround/eyJpdiI6IjZVaFF0aGFVRUQ1K0ZITnZYcmt4K0E9PSIsInZhbHVlIjoiYTIrUlBaZEFRUFNWOEpFOWhwYWM3dz09IiwibWFjIjoiMjMzNzdkMmUzNzZlNTZhZDlmMTA0ZGJkYzY1ZjIxM2QzMTg2MzlmOGE4ODBjYzI1MGRiZjM4YTA1ZWUzYTc2ZSJ9,,F001981,男女共用トイレあり | 緊急通報装置あり | 調査日=2002-09-25,
45,宮崎県,45443,五ヶ瀬町,,五ヶ瀬ワイナリー,,,882-1202,五ヶ瀬町大字桑野内4847-1,32.7106946,131.2001232,http://www.gokase-winery.jp/,yes,,会計レジの向かって左側にある扉から入り、進んだところにある,,,,yes,,,,yes,,,,,,,,,,,,,,,,,,multipurpose_toilet,みやざきアクセシビリティ情報マップ,https://m-bfree.pref.miyazaki.lg.jp/a_map/public/facilityAround/eyJpdiI6IkFHRFUxUGpXbXdSVXZDd0x3Mk5QdFE9PSIsInZhbHVlIjoiaGlyZDhUQ3Q2Skg2NzlLVGhsWWtXZz09IiwibWFjIjoiMzI0ZDE1YTg0ZDhhNDdlNWJmN2RjMWVkMDJmNGVhNTJjMjY5N2I0NGI1NWYyMTk3YzkxNmVjNjQ1NDRjNzU3OSJ9,,F000107,男女共用トイレあり | 緊急通報装置あり | 調査日=2024-12-24,
45,宮崎県,45201,宮崎市,,古賀総合病院,,,880-0041,宮崎市池内町数太木1749-1,31.9711635,131.4108213,http://www.kgh.or.jp/,yes,,１階,,,,yes,,,,,,,,,,,,,,,,,,,,,,multipurpose_toilet,みやざきアクセシビリティ情報マップ,https://m-bfree.pref.miyazaki.lg.jp/a_map/public/facilityAround/eyJpdiI6ImQ2cUVIZlR5WlF4K0dFVVA0Z2VzVkE9PSIsInZhbHVlIjoiM0UrOGFWbWM0cmJSYitOVlhhY3NBQT09IiwibWFjIjoiZjEwZTVhMDA4YzY1Y2JhMmRkZjEzYzk0MWUxYjg2ZjMyOWQ5MTg0MTZmYmU2NmRjZjgzYmUyYTU3NzhiMjhmNCJ9,,F001784,男女共用トイレあり | 緊急通報装置あり | 調査日=2013-09-12,
45,宮崎県,45201,宮崎市,,国際海浜エントランスプラザ（テニスコート・多目的広場）,,,880-8545,宮崎市山崎町浜山414-1,31.9510371,131.4648072,https://mppf.or.jp/entrance_plaza/,yes,,管理事務所横,,,,,,,,yes,,,,,,,,,,,,,,,,,,multipurpose_toilet,みやざきアクセシビリティ情報マップ,https://m-bfree.pref.miyazaki.lg.jp/a_map/public/facilityAround/eyJpdiI6IllIY2tiNU1TcUNcLzNmTjY1S3RzYlR3PT0iLCJ2YWx1ZSI6IkZSYjJ0b0lYb1dnMFN2VG9VaWJYQ2c9PSIsIm1hYyI6IjBjMGVhMDBlNzYwYjY2MGE2ZDgxNmUxMzgyY2M0Yzk1ZjU3NDJlN2U4YWVhNDNiZTgwZWQ0NTEyMjFlMmQ5OTkifQ==,,F002814,男女共用トイレあり | 緊急通報装置あり | 調査日=2024-12-10,
45,宮崎県,45201,宮崎市,,国際空手道連盟 ワールド極真会館宮崎支部,,,880-0044,宮崎市大字瓜生野2273-3,31.9683904,131.3863832,http://world-kyokushin.com/,yes,,,,,,,,,,,,,,,,,,,,,,,,,,,,multipurpose_toilet,みやざきアクセシビリティ情報マップ,https://m-bfree.pref.miyazaki.lg.jp/a_map/public/facilityAround/eyJpdiI6IjZ5K2h2MUU2N25BVm5ic0tuTWl3RFE9PSIsInZhbHVlIjoiRVJ1R1I4UTVMOEtHQlVxRG8zVVh0QT09IiwibWFjIjoiOWYyNTk1MjI4MmFlNTQ5Y2I5ZTMwMWRhMjdjY2MzNDJlYmVkNTQ3ZjU0NDljNWE5ZTc1YjcyYzJlOTljMDI1YSJ9,,F001221,男女共用トイレあり,
45,宮崎県,45203,延岡市,,国土交通省九州地方整備局延岡河川国道事務所,,,882-0803,延岡市大貫町1丁目2889,32.5797125,131.656946,http://www.qsr.mlit.go.jp/nobeoka/,yes,,１階,,,,yes,,,,,,,,,,,,,,,,,,,,,,multipurpose_toilet,みやざきアクセシビリティ情報マップ,https://m-bfree.pref.miyazaki.lg.jp/a_map/public/facilityAround/eyJpdiI6ImNXalRncDh5Y1NDZElZRzR2anlPVnc9PSIsInZhbHVlIjoiNlNBTDZ0VENBYjBoUlwvdlJHNWx0R1E9PSIsIm1hYyI6Ijk1MGM0YzQ2YWVkNDU3YjNjODEwNGVjYTAyMzllYzk5ZjJhMGQxYTRiYjdkZGQ2ZTIxMTMzMWMwMGMwYWQyNjEifQ==,,F000970,男女共用トイレあり | 緊急通報装置あり | 調査日=2013-09-04,
45,宮崎県,45203,延岡市,,国土交通省九州整備局延岡河川国道事務所延岡国道維持出張所,,,889-0511,延岡市松原町1丁目4-6,32.5227092,131.6838339,http://www.qsr.mlit.go.jp/nobeoka/,yes,,屋外,,,,yes,,,,,,,,,,,,,,,,,,,,,,multipurpose_toilet,みやざきアクセシビリティ情報マップ,https://m-bfree.pref.miyazaki.lg.jp/a_map/public/facilityAround/eyJpdiI6IkRYNUtMQzlFMjhLTmYrcHJ3K0d2RlE9PSIsInZhbHVlIjoiY2wzbVVcL2NaRUdseVJZcE1QOUJHeGc9PSIsIm1hYyI6ImFhZGZmZTVkOWM0OTI0N2QwMDQxOGM1ZDM4MjUzNmNlNmE3NjQzNTkxMDkxNWU4ZGFlNjg3ZDVhYTQ4ZTc2YjUifQ==,,F001414,男女共用トイレあり | 緊急通報装置あり | 調査日=2013-09-13,
45,宮崎県,45201,宮崎市,,国土交通省九州地方整備局 宮崎河川国道事務所,,,880-8523,宮崎市大工2丁目39番地,31.9160515,131.4105083,http://www.qsr.mlit.go.jp/miyazaki/,yes,,１階,,,,yes,,,,,,,,,,,,,,,,,,,,,,multipurpose_toilet,みやざきアクセシビリティ情報マップ,https://m-bfree.pref.miyazaki.lg.jp/a_map/public/facilityAround/eyJpdiI6IlBNamdMaEZWd3I0cVc1QUlTUGpINWc9PSIsInZhbHVlIjoiR0VEa205Qmd4aTcwVklGTUZ6VFRjdz09IiwibWFjIjoiOTM3YzMzYjM0OTkwYTMxMmU2MjU1MGRlMTA0ZWVjZTgzMjgxY2ZjMTk2YmY3Yzc1M2QzYzNjMTZjNTgwMjNhYiJ9,,F000915,男女共用トイレあり | 緊急通報装置あり | 調査日=2019-11-11,
45,宮崎県,45403,西米良村,,国民健康保険総合保健施設 西米良村保健センター,,,881-1411,西米良村大字村所66番地1,32.2254642,131.1553468,http://www.med.pref.miyazaki.lg.jp/institution/nishimera1/,yes,,,,,,yes,,yes,,,,,,,,,,,,,,,,,,,,multipurpose_toilet,みやざきアクセシビリティ情報マップ,https://m-bfree.pref.miyazaki.lg.jp/a_map/public/facilityAround/eyJpdiI6IlBJMHY3dW84enB0Z1UrRk9LTzVOQ0E9PSIsInZhbHVlIjoiVlBOZ1g5Wll5S2N1RzZIUlVQN2RcL0E9PSIsIm1hYyI6ImY5ZDdhOWVhYzNhYWM2OGI5Yjc2YWVjOGI0NjE4YjdkY2M1YzBkOGQyMWFhOTE2MDY3ZGNhYWI3ZDY4NDMxZmYifQ==,,F000632,男女共用トイレあり | 調査日=2013-09-10,
45,宮崎県,45361,高原町,,国民健康保険高原病院,,,889-4412,高原町大字西麓871番地,31.9288114,131.007213,https://www.town.takaharu.lg.jp/soshiki/11/1228.html,yes,,,,,,yes,,yes,,,,,,,,,,,,,,,,,,,,multipurpose_toilet,みやざきアクセシビリティ情報マップ,https://m-bfree.pref.miyazaki.lg.jp/a_map/public/facilityAround/eyJpdiI6IlBTYUp0XC9DTnFGS043VVRVdkRISUZBPT0iLCJ2YWx1ZSI6ImRDTGJhelV6bXlIcExKa2swQ3k4U0E9PSIsIm1hYyI6ImRiMjI0NzBjNjBjMTlmNDg1MDQ3YjA5M2JhMzRlZmNkNWFhMDUxOTZhYmEzNTBjZWMwNjZjODAwZDZlZTIyM2YifQ==,,F001303,男女共用トイレあり | 調査日=2019-11-26,
45,宮崎県,45441,高千穂町,,国民宿舎 ホテル高千穂,,,882-1101,高千穂町大字三田井1037-4,32.705327,131.299793,http://h-takachiho.com/,yes,,各階にある,,,,yes,,,,,,,,,,,,,,,,,,,,,,multipurpose_toilet,みやざきアクセシビリティ情報マップ,https://m-bfree.pref.miyazaki.lg.jp/a_map/public/facilityAround/eyJpdiI6Inc2SGNkVSt5ZGNnbFBcL2Noc2pQcXZRPT0iLCJ2YWx1ZSI6InNaaXBLd1wvS1lKRzRlYXpuOE1DTTJnPT0iLCJtYWMiOiIzYWU2YjA2ZGFmOGEyN2JhNTc1NWE2NTBkNmU2OTRkNzk4Y2U2NzQwZjNjNjU2OWU2MDA3YTcxMGNmNGFkY2Y1In0=,,F002465,男女共用トイレあり | 緊急通報装置あり | 調査日=2021-07-26,
45,宮崎県,45201,宮崎市,,国立病院機構宮崎東病院,,,880-0911,宮崎市大字田吉4374の1,31.8697948,131.4452526,http://www.mhigashi1.jp/,yes,,１階,,,,,,,,,,,,,,,,,,,,,,,,,,multipurpose_toilet,みやざきアクセシビリティ情報マップ,https://m-bfree.pref.miyazaki.lg.jp/a_map/public/facilityAround/eyJpdiI6Im0zME9hZElkR3JISU9iN0J5OERBR1E9PSIsInZhbHVlIjoibnJaSDlnTWtrbUtvZ1d2QzU3MExOZz09IiwibWFjIjoiMzE0ZTBmMDc5MzVhYWZlZmQ5MzRkYWJkZjM4NDRhOWM4NTgxYmI0MGMyODNjODU2OTQwZDNlNDE5OGVjODQ5YyJ9,,F000773,男女別トイレあり | 緊急通報装置あり | 調査日=2013-09-10,
45,宮崎県,45405,川南町,,独立行政法人国立病院機構 宮崎病院,,,889-1301,川南町大字川南19403の4,32.2028754,131.5281067,https://miyazaki.hosp.go.jp/,yes,,,,,,,,,,,,,,,,,,,,,,,,,,,,multipurpose_toilet,みやざきアクセシビリティ情報マップ,https://m-bfree.pref.miyazaki.lg.jp/a_map/public/facilityAround/eyJpdiI6IndjSDhKbmd5YVh3alNZRmNyU3ozQkE9PSIsInZhbHVlIjoiYkJDdk5SRnFZYWlmQTgra095XC9GSFE9PSIsIm1hYyI6ImQ4YzRhZjkwZTcwYzE3N2U0YTcwZTAxYTg4YWQ4NjhkOTFiZDNlMjEyYjNmYzU1NTZiMmNlODVhZWEzNjdkZTAifQ==,,F000498,男女共用トイレあり | 調査日=2002-09-10,
45,宮崎県,45201,宮崎市,,こごうメンタルクリニック,,,880-0905,宮崎市中村西3丁目2-33,31.8971984,131.4164157,http://www.kogomentalclinic.jp/,yes,,,,,,,,yes,,,,,,,,,,,,,,,,,,,,multipurpose_toilet,みやざきアクセシビリティ情報マップ,https://m-bfree.pref.miyazaki.lg.jp/a_map/public/facilityAround/eyJpdiI6IjBERTRXMzN3c0c4RVJXYmluYlp4Tnc9PSIsInZhbHVlIjoieVh0K0NDMWlxWnZcL1B3cDFvcnNTQ2c9PSIsIm1hYyI6IjllMTkxNDdjZjU3NGEyNTZjYjViZDA0MGFmYWU3OGVjMmYyNGI5MDFhOTIxNzkxZjI2NmE5YjViYjljZTdmYzYifQ==,,F000569,男女共用トイレあり,
45,宮崎県,45201,宮崎市,,こさい胃腸科外科,,,880-0121,宮崎市大字島之内字野入6725－4,31.983881,131.447984,,yes,,１階,,,,yes,,,,,,,,,,,,,,,,,,,,,,multipurpose_toilet,みやざきアクセシビリティ情報マップ,https://m-bfree.pref.miyazaki.lg.jp/a_map/public/facilityAround/eyJpdiI6IkpMc0FMZ3ROZmU1VFZDVk1JUUN1WlE9PSIsInZhbHVlIjoiNlFlajdZY0REb1h5T3FRZGdGVHpoUT09IiwibWFjIjoiMDkwZTlhMjRhNjkzMmE1NmVkNWU3NTUzNzkyYTY3MzZjNTE2YzI2NWEzODA1ZTAyZTBkMDcxNmFkMWYxMzE0OCJ9,,F000875,男女共用トイレあり | 緊急通報装置あり | 調査日=2019-11-25,
45,宮崎県,45201,宮崎市,,COSMO スーパーセルフ大和SS,,,880-0878,宮崎市大和町92,31.9190818,131.4363131,,yes,,,,,,,,,,,,,,,,,,,,,,,,,,,,multipurpose_toilet,みやざきアクセシビリティ情報マップ,https://m-bfree.pref.miyazaki.lg.jp/a_map/public/facilityAround/eyJpdiI6IlZxcVlEY2NqVFNxaFwvT0JCK3JMcFFnPT0iLCJ2YWx1ZSI6InVTRkJDWGlZdkFtWWlQVFdJV0FXSHc9PSIsIm1hYyI6ImE3M2U0Y2VhZjhkZTViNWY4ODllOTY5YTNmY2U0MjZhOTI0OGZmYzYxNzcyZDRhZDk4NGU3MmEzZTE3YzY5NGEifQ==,,F000292,男女共用トイレあり,
45,宮崎県,45203,延岡市,,幼保連携型認定こども園こすもす保育園,,,882-0027,延岡市大門町224番地1,32.6031111,131.6813738,http://www.kosodate-web.com/cosmos/index.php,yes,,,,,,yes,,,,,,,,,,,,,,,,,,,,,,multipurpose_toilet,みやざきアクセシビリティ情報マップ,https://m-bfree.pref.miyazaki.lg.jp/a_map/public/facilityAround/eyJpdiI6Ik5MWFI2M2xZcHBqeml2ZlE5UlF3MlE9PSIsInZhbHVlIjoiUGJpOFA2VmpDXC9PVE1vSlp3dmV0d0E9PSIsIm1hYyI6IjA1NDViZDI4ZmFkZGM2MmQ0YTY2ZDViZjAyYjM4NjZlYWMxMjY5MmNhYjJiYzg4NzhmZDRjZmNjMTVjY2JiNjcifQ==,,F000383,男女共用トイレあり | 調査日=2013-09-17,
45,宮崎県,45405,川南町,,コスモス薬品 川南店,,,889-1301,川南町川南13569-7,32.2234461,131.5012792,http://sasp.mapion.co.jp/b/cosmospc/info/00835/,yes,,,,,,,,,,,,,,,,,,,,,,,,,,,,multipurpose_toilet,みやざきアクセシビリティ情報マップ,https://m-bfree.pref.miyazaki.lg.jp/a_map/public/facilityAround/eyJpdiI6ImtiWk9JeHIzTVAwSFhLalVpMXVoZWc9PSIsInZhbHVlIjoibnBhOGw5SStSR1gwTEdVUUtIZ0gxZz09IiwibWFjIjoiNGYxN2NmNjA1ZDU1OTI4ZGMzNjgyZjQ2YzFjNjViMTU5Yjg2NDJmZmQ0M2NjNzlmNGJlMDMwMTdhYTFkM2ZiOSJ9,,F001299,男女共用トイレあり | 調査日=2003-09-06,
45,宮崎県,45201,宮崎市,,コスモス薬品下田島店,,,880-0211,宮崎市佐土原町下田島字牟田ノー10158－1,32.0248233,131.479276,,yes,,,,,,,,,,,,,,,,,,,,,,,,,,,,multipurpose_toilet,みやざきアクセシビリティ情報マップ,https://m-bfree.pref.miyazaki.lg.jp/a_map/public/facilityAround/eyJpdiI6IkI2SDJzWHNHbjh5UDlsT3pnSzNDM3c9PSIsInZhbHVlIjoiMzJNc3psU1dESWc4SVV3ZHJWV1FHZz09IiwibWFjIjoiODJmNjg3OWI5MzVkNWYxMGQ0NTdmMzVlMGZhYTUyODIzZDZmNWJmOGFlMGJjNDRlYTA3MDVkYWFhMjk5OWMxMyJ9,,F000393,男女共用トイレあり | 調査日=2010-09-02,
45,宮崎県,45201,宮崎市,,ごとう整形外科,,,880-0835,宮崎市阿波岐原町坂元2011-3,31.9298043,131.4524097,,yes,,,,,,,,,,,,,,,,,,,,,,,,,,,,multipurpose_toilet,みやざきアクセシビリティ情報マップ,https://m-bfree.pref.miyazaki.lg.jp/a_map/public/facilityAround/eyJpdiI6IkRsYlFPUjRmV1hmTlJLM1dMTFp0eWc9PSIsInZhbHVlIjoiY1c2MlV3akVlaGZpakJHUWdLb1wvTUE9PSIsIm1hYyI6IjBkNjgwMzIxOGE5MmZmOGYxZTY4NzFiY2IwNTRkZjI1MGE1NTc4MDJmZDYyMTBkOWZiNTMyODRjMWIyMmI2ZWMifQ==,,F001917,男女共用トイレあり,
45,宮崎県,45201,宮崎市,,ことぶき苑,,,880-0921,宮崎市本郷南方5465-6,31.863321,131.4251993,http://www.anami-kotobukien.jp/kotobukien,yes,,,,,,,,,,,,,,,,,,,,,,,,,,,,multipurpose_toilet,みやざきアクセシビリティ情報マップ,https://m-bfree.pref.miyazaki.lg.jp/a_map/public/facilityAround/eyJpdiI6Ik1meWErdEVTOTdMSEVqdFJDRkVOOVE9PSIsInZhbHVlIjoiR01hUE1OdHVyY2FZbWNueEtiejBxZz09IiwibWFjIjoiMDhmN2Y1NTFmYTZhZmM0MzU2ZjNkMDIwOGEwMDRjMzJjN2U0MGQ3NTI0MzYzNjFkMTg0NTQzOTI3MDY4OTRlMSJ9,,F001813,男女別トイレあり,
45,宮崎県,45201,宮崎市,,ことぶき苑,,,880-0925,宮崎市本郷北方字池田4043-1,31.865028,131.425954,http://www.anami-kotobukien.jp/,yes,,,,,,,,,,,,,,,,,,,,,,,,,,,,multipurpose_toilet,みやざきアクセシビリティ情報マップ,https://m-bfree.pref.miyazaki.lg.jp/a_map/public/facilityAround/eyJpdiI6InN1MU84Yk9zbVAxcldGSURwK05vYkE9PSIsInZhbHVlIjoiUFBkV1FORE5sdUxMTEhOaEdpQVRhZz09IiwibWFjIjoiZDg2ZWVlMGMwMThhMzE0YzY3YTU2Nzc2NWY1ZTYyYTQxNTUzZTYwYzVlMGVhYTc1MjM4NDlkNzNiZDQ2YWUxMiJ9,,F000677,男女共用トイレあり,
45,宮崎県,45201,宮崎市,,こどものくに,,,889-2162,宮崎市大字加江田7275-1,31.80791777410527,131.45885764591878,https://www.kodomo-no-kuni.com/index.html,yes,,中央ゲート北 / 園内ゆめのはし西 / 園内だいちの広場 / 園内タブの森東側,,,,yes,,yes,,yes,,,,,,,,,,,,,,,,,,multipurpose_toilet,みやざきアクセシビリティ情報マップ,https://m-bfree.pref.miyazaki.lg.jp/a_map/public/facilityAround/eyJpdiI6IjlPVjZzelU3YTBtOG5tU21EM3RqU3c9PSIsInZhbHVlIjoiWkRKWlhyS1RJUmxkVFpnVE1oczkzQT09IiwibWFjIjoiN2IzZmZkZjUxMWNlMjQxZDY2MDc0ZWQ0OWVjYmRhNDJlZWIyYjBjM2Q2Yjc3MWRkZTM3YWNlY2VkNTc2YzExOCJ9,,F002630,男女共用トイレあり | 男女別トイレあり | 緊急通報装置あり | 調査日=2022-11-25,
45,宮崎県,45201,宮崎市,,この気なんの気 住吉センター,,,880-0122,宮崎市大字塩路字大久保535-1,31.972663,131.462675,http://www.konoki.co.jp,yes,,,,,,,,,,,,,,,,,,,,,,,,,,,,multipurpose_toilet,みやざきアクセシビリティ情報マップ,https://m-bfree.pref.miyazaki.lg.jp/a_map/public/facilityAround/eyJpdiI6Ikl1aEY1Yit5UDZrZ1dGTEV0MkJSRUE9PSIsInZhbHVlIjoiQWxON1NDNm5abVo3RW44VGk4M1VlZz09IiwibWFjIjoiMDM4Njk0OWRhNWE2MDBkNGVjN2Y1YTJjYzRkMDFlNzQ5ZWRjODg0Njk2YmIyNTU1MWFmZDA0ZTdkNTU1MzliMiJ9,,F000861,男女共用トイレあり | 調査日=2019-11-23,
45,宮崎県,45201,宮崎市,,このはな生協クリニック,,,889-2151,宮崎市大字熊野1613,31.83215,131.4398064,https://konohana-cl.jp/,yes,,１階,,,,yes,,,,,,,,,,,,,,,,,,,,,,multipurpose_toilet,みやざきアクセシビリティ情報マップ,https://m-bfree.pref.miyazaki.lg.jp/a_map/public/facilityAround/eyJpdiI6Inp3XC9WUkhDMnZhUWdDZXRpRkcwRnJnPT0iLCJ2YWx1ZSI6IjhnMktUdTFJbWtFcDdNT2E3SHdBWHc9PSIsIm1hYyI6ImFjYzgyMmQxYjJhYWExNmM1NjljMDJlMzU1ZDc0ZmJjMWM5NjQzMmJlM2I3MWIzYzI0YzVlYzM4ZGY0OGQ1Y2MifQ==,,F000763,男女共用トイレあり | 緊急通報装置あり | 調査日=2019-11-09,
45,宮崎県,45201,宮崎市,,このはな薬局,,,889-2151,宮崎市大字熊野字正蓮寺49番1,31.8269335,131.4462559,,yes,,,,,,,,,,,,,,,,,,,,,,,,,,,,multipurpose_toilet,みやざきアクセシビリティ情報マップ,https://m-bfree.pref.miyazaki.lg.jp/a_map/public/facilityAround/eyJpdiI6IlA0ZkR0R3U5cG43TldtQVVSSlhlSkE9PSIsInZhbHVlIjoiQ0EzZVlma1wvYWVzc1RuQ1wvWjlxbEF3PT0iLCJtYWMiOiJlZjdlYmUzNTc5ZTUzMTZiOTE5MTMwMDMxOWEyNGI2ZTY0ZDMyZDc0NGEwY2QzOWM3N2VkYmZkNWNjOGE4YTMyIn0=,,F000306,男女共用トイレあり | 調査日=2019-11-20,
45,宮崎県,45201,宮崎市,,木の実薬局,,,880-0835,宮崎市阿波岐原町竹割2035-3,31.9288303,131.4548764,,yes,,,,,,,,,,,,,,,,,,,,,,,,,,,,multipurpose_toilet,みやざきアクセシビリティ情報マップ,https://m-bfree.pref.miyazaki.lg.jp/a_map/public/facilityAround/eyJpdiI6IkdBOTg4cCttd3pHdmNtWDdad3Q0R0E9PSIsInZhbHVlIjoienVPN3pIMEN1dTVBVGRuVkR0YnltZz09IiwibWFjIjoiYzc0ZjdkYTJhNzgxYWQxMzdhMzk3NDljNTJhYTU0YmQ0MGMxMDhiMWRlZmY4Mzg4YTMyYzc0NGVmN2NhYTBhMyJ9,,F000712,男女共用トイレあり,
45,宮崎県,45203,延岡市,,こばと保育園,,,882-0024,延岡市大武町5299,32.5972872,131.687863,http://www.aiiku.in/kobato.html,yes,,1階職員室横,,,,,,,,,,,,,,,,,,,,,,,,,,multipurpose_toilet,みやざきアクセシビリティ情報マップ,https://m-bfree.pref.miyazaki.lg.jp/a_map/public/facilityAround/eyJpdiI6ImpTbk0zRG51WUh2ekdFeHlsYTZDVXc9PSIsInZhbHVlIjoiTitmdE9jM1BrSGwxWFMzd24xejRMdz09IiwibWFjIjoiNDUyOTAyMjc4NTk1MmI1ZDg2MmUzNmExNTk3YTI3NTQzNjc5ZDFkYmI2NGZhYzAxMWVkZTBmNjA2OTA5NTYyOCJ9,,F000952,男女共用トイレあり | 調査日=2019-11-16,
45,宮崎県,45205,小林市,,小林市駅前中央ふれあい広場,,,886-0004,小林市大字細野1829,31.9909832,130.9756475,,yes,,屋外,,,,yes,,yes,,,,,,,,,,,,,,,,,,,,multipurpose_toilet,みやざきアクセシビリティ情報マップ,https://m-bfree.pref.miyazaki.lg.jp/a_map/public/facilityAround/eyJpdiI6InpYWkVXaXRCZW5oU1kxWE9vSWJCVFE9PSIsInZhbHVlIjoiZER4REk2anNxTCtYXC9KU1c2bnUwWlE9PSIsIm1hYyI6IjI3YzI1ODUzYzhkNzQwMmZkNDAwMWQzMmU1MjNmN2EzNWM1YjYxYTQzYjc4Y2Q2ZmQyZGJhZTRhNjMxNzNhNWIifQ==,,F002061,男女共用トイレあり | 緊急通報装置あり | 調査日=2019-12-16,
45,宮崎県,45205,小林市,,小林簡易裁判所,,,886-0007,小林市大字真方112,31.9980145,130.9757036,http://www.courts.go.jp,yes,,庁舎１階,,,,yes,,yes,,yes,,,,,,,,,,,,,,,,,,multipurpose_toilet,みやざきアクセシビリティ情報マップ,https://m-bfree.pref.miyazaki.lg.jp/a_map/public/facilityAround/eyJpdiI6IlY5Q2MrU3RWVGZaOGlGQ1N4TW1OQUE9PSIsInZhbHVlIjoid1p1Y3VHcXJZcHJ4dyt1ZGN6dFwvTFE9PSIsIm1hYyI6IjM2MjU0ZGE4MTA1MGJmMDY5OGE4MjU3ZDBmMDU5NzkxZjRlODM3ZmY1MjQwYmEyY2YzODZhYTg3N2FiYzM4YmQifQ==,,F001642,男女共用トイレあり | 緊急通報装置あり | 調査日=2019-11-19,オストメイトは簡易型です。
45,宮崎県,45205,小林市,,小林公共職業安定所,,,886-0004,小林市大字細野367-5,31.9990296,130.9701922,,yes,,１階,,,,,,,,,,,,,,,,,,,,,,,,,,multipurpose_toilet,みやざきアクセシビリティ情報マップ,https://m-bfree.pref.miyazaki.lg.jp/a_map/public/facilityAround/eyJpdiI6IkVOM2F1em85K21kS3RcL3RGRTk2OVVnPT0iLCJ2YWx1ZSI6ImhrMzhSUE9EbXJhd1FpS0pIdjk5Q1E9PSIsIm1hYyI6IjEzM2RhZWU0OGQ4YWE5MzRmODA1NDE3MWFmZThkZDkzMzdjOWZmNDc0M2MzNTU4Zjg3NWJkOWYxMWYxNmIxMjcifQ==,,F001649,男女共用トイレあり | 緊急通報装置あり | 調査日=2019-11-14,
45,宮崎県,45205,小林市,,小林市コスモホール,,,886-0005,小林市大字南西方8565-12,31.980716,130.906585,https://cosmohall.jp/%e6%96%bd%e8%a8%ad%e6%a1%88%e5%86%85/,yes,,１階,,,,,,,,,,,,,,,,,,,,,,,,,,multipurpose_toilet,みやざきアクセシビリティ情報マップ,https://m-bfree.pref.miyazaki.lg.jp/a_map/public/facilityAround/eyJpdiI6IlhkZFkrSmJORnU4dlRJalNSenRNUHc9PSIsInZhbHVlIjoiYzN4bmdLc0lLNnZhdnpISm1UZjY5QT09IiwibWFjIjoiZWUxMTA1Yzk0ZWM4ODdlZDNiMzAzZjc4NDRlNTE2MDgxYzM1ODhjZjE3YjEwOGY3ZTIwN2NjMThjNTdlM2E4ZCJ9,,F001027,男女共用トイレあり | 緊急通報装置あり | 調査日=2014-08-14,
45,宮崎県,45207,串間市,,医療法人 小林歯科医院,,,888-0001,串間市大字西方5765番地の1,31.4647797,131.2308559,,yes,,１階,,,,,,,,,,,,,,,,,,,,,,,,,,multipurpose_toilet,みやざきアクセシビリティ情報マップ,https://m-bfree.pref.miyazaki.lg.jp/a_map/public/facilityAround/eyJpdiI6Ing1WVlnS05jZGhHOWRIQjFwempKeVE9PSIsInZhbHVlIjoiTEd1amJDQmJ2TmN6OWVKV0NvMWxjQT09IiwibWFjIjoiZjY5NDk1ZDkyODNlY2NjYmQ3NTQ5NGI2ZWVkMDlmMzdkMjZkODE0MmE3NDI5MzFmZjUxYTg1YjM0OTZmYWIxNiJ9,,F001323,男女共用トイレあり | 調査日=2019-11-20,
45,宮崎県,45205,小林市,,小林市須木庁舎,,,886-0111,小林市須木中原1757,32.0778666,131.072122,,yes,,1階,,,,yes,,,,,,,,,,,,,,,,,,,,,,multipurpose_toilet,みやざきアクセシビリティ情報マップ,https://m-bfree.pref.miyazaki.lg.jp/a_map/public/facilityAround/eyJpdiI6IllNd285WDV0NG40WThPaDlaeFJNcVE9PSIsInZhbHVlIjoidEcyRGNWcTlzRVFyTXJpZURrd01mZz09IiwibWFjIjoiODczNTdlZWNmMTkzNDBlM2Q1ZTY1MzVjYjlmZGE4NDM4NWUyN2ViYzJhNTM4MmZmNThjMzlmMmQxM2MwMThhZSJ9,,F001867,男女共用トイレあり | 緊急通報装置あり | 調査日=2019-11-19,
45,宮崎県,45205,小林市,,小林市文化会館,,,886-0009,小林市駅南232番地,31.9910916,130.9739096,,yes,,１階,,,,yes,,yes,,,,,,,,,,,,,,,,,,,,multipurpose_toilet,みやざきアクセシビリティ情報マップ,https://m-bfree.pref.miyazaki.lg.jp/a_map/public/facilityAround/eyJpdiI6IlNnbE5XQ3QwMEs5SDQ0MGh4NkZCaXc9PSIsInZhbHVlIjoiWStJcmxGTnpmaUtXWGJkMGMwS1wvR0E9PSIsIm1hYyI6ImRjZTZiYmU0MDQ0MDQ2NzYzOTEyOTI0MDc2OWZkOGRmMzJhMzUyYWI3NTExNDIwN2Q3NDE2Zjk5MmE2MGEzMDgifQ==,,F001859,男女共用トイレあり | 緊急通報装置あり | 調査日=2019-11-19,
45,宮崎県,45205,小林市,,小林市役所,,,886-8501,小林市大字細野300,31.996829,130.9726727,https://www.city.kobayashi.lg.jp/,yes,,１階,,,,yes,yes,yes,,yes,yes,,,,,,,,,,,,,,,,,multipurpose_toilet,みやざきアクセシビリティ情報マップ,https://m-bfree.pref.miyazaki.lg.jp/a_map/public/facilityAround/eyJpdiI6IkFRckNiMFQ1ME9kNEhqdzlNZllCV3c9PSIsInZhbHVlIjoibHg3V0t5Yk41VmhjM0dsVDhRQ1JYZz09IiwibWFjIjoiYmVhOWU2ZTA4OTFkYmJmMGQwNWJlNmM0MzI2YTYwNjFjY2E2YjVhM2JlOTlhYzFmMWExNDgxNGUxYTU1YWRkNiJ9,,F001640,男女共用トイレあり | 緊急通報装置あり | 着替え台あり | 調査日=2019-11-18,
45,宮崎県,45205,小林市,,小林税務署,,,886-8601,小林市大字細野243-1,31.9957815,130.9740476,,yes,,１階,,,,,,,,,,,,,,,,,,,,,,,,,,multipurpose_toilet,みやざきアクセシビリティ情報マップ,https://m-bfree.pref.miyazaki.lg.jp/a_map/public/facilityAround/eyJpdiI6Imw5NTBuMm1STU5SQVVUZjFxZkZrY3c9PSIsInZhbHVlIjoiXC8rWW91YWVCaitlU3BoSFJHNTZEUFE9PSIsIm1hYyI6IjYxYmQ1YzljODU3NzIzOTNlYTIyNDcyOGMxZWI5YTdmMmM1MzRiY2JiNWE4ODg3NjhiMDdmMTQ5ZDg0OGYxZDEifQ==,,F001909,男女共用トイレあり | 緊急通報装置あり | 調査日=2019-11-25,
45,宮崎県,45205,小林市,,小林総合運動公園テニスコート,,,886-0005,小林市大字南西方2085,32.0006315,130.9538849,https://www.city.kobayashi.lg.jp/soshikikarasagasu/kyoikubusportsshinkoka/sports/2/1778.html,yes,,管理棟１階 / 第１駐車場横,,,,,,yes,,yes,,,,,,,,,,,,,,,,,,multipurpose_toilet,みやざきアクセシビリティ情報マップ,https://m-bfree.pref.miyazaki.lg.jp/a_map/public/facilityAround/eyJpdiI6IkpYZ2ZPeHJvck5VMXY0K25xWjBENlE9PSIsInZhbHVlIjoidGJRYXdpUkhnbU5mMTFnb2s2R0Nsdz09IiwibWFjIjoiMTk1MWE0ODI5MGQwMTE2MDNhZDQ0ZjA4MTRlNGJmOTM1OGIyMTRhNTlkNzViMWRlZGFkOTczMDQ3MjU5YjYxNiJ9,,F002089,男女共用トイレあり | 緊急通報装置あり | 調査日=2024-04-16,
45,宮崎県,45205,小林市,,小林総合運動公園プール,,,886-0005,小林市南西方2087,32.0007748,130.9530701,https://www.city.kobayashi.lg.jp/soshikikarasagasu/kyoikubusportsshinkoka/sports/2/1779.html,yes,,１階,,,,,,,,,,,,,,,,,,,,,,,,,,multipurpose_toilet,みやざきアクセシビリティ情報マップ,https://m-bfree.pref.miyazaki.lg.jp/a_map/public/facilityAround/eyJpdiI6IlVkQWxyQXlQSGFsTWZMditYeml3cXc9PSIsInZhbHVlIjoiSFFQbjFIUlwvejJ3Yno1cWJNY0VGMGc9PSIsIm1hYyI6ImM2YWEzMmEyNmVkODM0ODZiZTE2MmFhNjQ3NTViMzc4OTIwMTg0OTk2M2E4MzNlYzUwMmI1MzVmZDU5Y2ZhOGUifQ==,,F001034,男女共用トイレあり | 緊急通報装置あり | 調査日=2024-04-16,
45,宮崎県,45205,小林市,,小林総合運動公園野球場,,,886-0005,小林市大字南西方2085,32.0006315,130.9538849,https://www.city.kobayashi.lg.jp/soshikikarasagasu/kyoikubusportsshinkoka/sports/1/1784.html,yes,,１階,,,,,,,,,,,,,,,,,,,,,,,,,,multipurpose_toilet,みやざきアクセシビリティ情報マップ,https://m-bfree.pref.miyazaki.lg.jp/a_map/public/facilityAround/eyJpdiI6InA3VWhWV1lyRHJhcHhnNkI1OEhPbFE9PSIsInZhbHVlIjoiMEtcL2VcL3pIVVYrSlFtU0RXa3Jmc0t3PT0iLCJtYWMiOiJhN2YzOGRkMjJkYmQ1MDdiNmI3ODYyODhkM2E3MGQ4MDUzNzE2MjQ1MzA2YWFjMWI3ODRiYzhkNWM1NzJiYTQ3In0=,,F002090,男女共用トイレあり | 緊急通報装置あり | 調査日=2024-04-16,
45,宮崎県,45205,小林市,,小林総合運動公園陸上競技場,,,886-0005,小林市大字南西方2085,32.0006315,130.9538849,https://www.city.kobayashi.lg.jp/soshikikarasagasu/kyoikubusportsshinkoka/sports/1/1785.html,yes,,１階 / 屋外,,,,,,,,yes,yes,,,,,,,,,,,,,,,,,multipurpose_toilet,みやざきアクセシビリティ情報マップ,https://m-bfree.pref.miyazaki.lg.jp/a_map/public/facilityAround/eyJpdiI6IkZvWWpBMUJuQ2dLXC9LWjI4Wmx0YzVRPT0iLCJ2YWx1ZSI6IkFhbnUxaUI5RmlPWUp6eHdZd3d5aUE9PSIsIm1hYyI6IjE3NDBiNzgxOWU5NGVjMWEzOTA0ZjY2ZDc3NmMzZWNjZjIxZWY2NDFjMmZhOWY0NTIyN2QzYjZhODUyNWY4NjMifQ==,,F002088,男女共用トイレあり | 緊急通報装置あり | 調査日=2024-04-16,
45,宮崎県,45205,小林市,,医療法人和芳会 小林中央眼科,,,886-0004,小林市大字細野55-1,31.9731191,130.969868,,yes,,１階,,,,yes,,,,,,,,,,,,,,,,,,,,,,multipurpose_toilet,みやざきアクセシビリティ情報マップ,https://m-bfree.pref.miyazaki.lg.jp/a_map/public/facilityAround/eyJpdiI6IkNOck1mT1ZoWGg2WTRORjNHcGxwSEE9PSIsInZhbHVlIjoiQkV0SmlQcG1CT3V6aFVlUHdQVTZHdz09IiwibWFjIjoiNmU3NTdhZmJmYWM3MjgzZmM1ZmFhYTFmYjk2N2M1YTZkZWUyOTg4ZjZmOGY5NzFjNGFiMjZhM2I1OTViZmIyYiJ9,,F001401,男女共用トイレあり | 緊急通報装置あり | 調査日=2019-11-19,
45,宮崎県,45205,小林市,,小林中央公民館,,,886-0004,小林市細野38番地1,31.9939324,130.9828987,,yes,,館外西側スロープを下った体育館前側,,,,,,,,,yes,,,,,,,,,,,,,,,,,multipurpose_toilet,みやざきアクセシビリティ情報マップ,https://m-bfree.pref.miyazaki.lg.jp/a_map/public/facilityAround/eyJpdiI6IkpaaXVTNmJEUms2bUpzSEc1Uit6amc9PSIsInZhbHVlIjoiZDZ6dmtpbVdReGhnd2FRcXNvUXN0Zz09IiwibWFjIjoiZDcwMzRkN2M5NDE5MGIzMmU3OTQzN2M4NmVmMDU0MWI4MWFiZWQ5NjBmNGJjNThjMWRkMzA3NDk3ZWJkYmZiZSJ9,,F001667,男女共用トイレあり | 調査日=2019-11-25,
45,宮崎県,45205,小林市,,小林保健所,,,886-0003,小林市大字堤3020-13,31.9812831,130.9979956,,yes,,１階,,,,yes,,,,,,,,,,,,,,,,,,,,,,multipurpose_toilet,みやざきアクセシビリティ情報マップ,https://m-bfree.pref.miyazaki.lg.jp/a_map/public/facilityAround/eyJpdiI6ImtkY3RGVytUSFZSWFR6Q29NNXZqcmc9PSIsInZhbHVlIjoiUnhGVHZ3MzBLUUp3U1wvMW9cL3JBclNnPT0iLCJtYWMiOiJlZjc1MmQ5NzYzNjVjOGNiYjAyNmY0YjlmODgxZjJkM2E4ODgwNTk2MDA3ODNmYzgxNjAzNGI0N2U4Y2Y2OGM4In0=,,F001664,男女共用トイレあり | 緊急通報装置あり | 調査日=2013-09-17,
45,宮崎県,45201,宮崎市,,駒柵脳神経外科,,,880-0913,宮崎市恒久5丁目11-1,31.8911874,131.4351293,http://www.komasakunouge.or.jp/,yes,,,,,,,,,,,,,,,,,,,,,,,,,,,,multipurpose_toilet,みやざきアクセシビリティ情報マップ,https://m-bfree.pref.miyazaki.lg.jp/a_map/public/facilityAround/eyJpdiI6InFLY3hWbFp1MnZPdHkxc0FuTW9uYnc9PSIsInZhbHVlIjoiSENWTUNCVktITkVKT1ZqSWN4cG5DZz09IiwibWFjIjoiMWQ4NWQ5ZWUyNWY5YzgwYTMyY2ExOTI1OTI3OGFlODg0YjFiMDM3NmJiNDQ4MTkzOWM3NTc4OGJiNTQ5MzBkYyJ9,,F000824,男女共用トイレあり,
45,宮崎県,45201,宮崎市,,小松1号街区公園トイレ,,,880-2113,宮崎市小松台北町15-4,31.9354597,131.3937492,,yes,,,,,,,,,,yes,,,,,,,,,,,,,,,,,,multipurpose_toilet,みやざきアクセシビリティ情報マップ,https://m-bfree.pref.miyazaki.lg.jp/a_map/public/facilityAround/eyJpdiI6ImxrZDk5ZzAybXBUWWZ2bG9Ha095ZXc9PSIsInZhbHVlIjoiYUxJQUVpRmRpUU1PU0FwM3YwTkF6Zz09IiwibWFjIjoiN2Q5MTU2MjUzNjI5YzRmOWRiYjNkOWFhZGFlODMzM2E2NmY4NjAxY2MxN2FlOWU1NWNhZDhhMmNkMDFkZTNmNCJ9,,F001962,男女共用トイレあり | 緊急通報装置あり | 調査日=2019-12-09,
45,宮崎県,45201,宮崎市,,小松くろき歯科,,,880-2112,宮崎市大字小松1203-69,31.9333226,131.4038429,https://komatsukuroki-dc.com/,yes,,,,,,,,,,,,,,,,,,,,,,,,,,,,multipurpose_toilet,みやざきアクセシビリティ情報マップ,https://m-bfree.pref.miyazaki.lg.jp/a_map/public/facilityAround/eyJpdiI6ImZsTVwvKzd1UDBJUGQ1QkY4VSszbUZnPT0iLCJ2YWx1ZSI6IlBpbWtWYmZIZHNBaFVteVwvTjJ6c01BPT0iLCJtYWMiOiI4NzdkODUyMjFiZmUxNDRmNDJkNDE1NzQxOWIyN2ExMWNkNDVjYThmZDQ5ZTNkNDRlODQxODBjNWY4MDgyOGY5In0=,,F001127,男女共用トイレあり | 調査日=2009-12-11,
45,宮崎県,45201,宮崎市,,小松台北町集会場,,,880-2113,宮崎市小松台北町37-1,31.9363111,131.3952613,,yes,,,,,,,,,,,,,,,,,,,,,,,,,,,,multipurpose_toilet,みやざきアクセシビリティ情報マップ,https://m-bfree.pref.miyazaki.lg.jp/a_map/public/facilityAround/eyJpdiI6IjFVRHpvbVdWcHVTZnBZUkNTczBHeWc9PSIsInZhbHVlIjoic01qYThIb2dQbWkrMHZiaXBMbklVQT09IiwibWFjIjoiODcyZjliNjhmOTAwMTIwMzAwMzRiZjA0MTE2ZDAwMjRhMmYzYjUyYTQ1NWE3MmFkYWUyYzg1ZWI3OGNmOTYwZCJ9,,F002014,男女共用トイレあり,
45,宮崎県,45201,宮崎市,,小松台公園トイレ,,,880-0954,宮崎市小松台西2丁目11-1,31.9311066,131.3925615,,yes,,,,,,,,,,yes,,,,,,,,,,,,,,,,,,multipurpose_toilet,みやざきアクセシビリティ情報マップ,https://m-bfree.pref.miyazaki.lg.jp/a_map/public/facilityAround/eyJpdiI6Inlwd3JJXC9zWnJ5cGlucVR1UjZpalN3PT0iLCJ2YWx1ZSI6IlZnWlU3eXZCbTBKbkZEZ2ppZW9WOVE9PSIsIm1hYyI6IjZiMjhhMThkZjUzNzE4ZWJiOWRkM2EyN2RmYTNjYTAxMmRiZjQ4YTU4YmJkMjhlMzJiOTk0NzBjMTgxODllNjcifQ==,,F002094,男女共用トイレあり | 緊急通報装置あり | 調査日=2019-12-09,
45,宮崎県,45201,宮崎市,,小松台南自治公民館（ふれあい館）,,,880-0956,宮崎市小松台南町1番地1号,31.9259605,131.3927628,,yes,,,,,,,,,,,,,,,,,,,,,,,,,,,,multipurpose_toilet,みやざきアクセシビリティ情報マップ,https://m-bfree.pref.miyazaki.lg.jp/a_map/public/facilityAround/eyJpdiI6IlQ0aVBkeFY1aDFseHlkS3NPOGE4QlE9PSIsInZhbHVlIjoiWGlTTDlRWGw2b2luUnNtdkdmandUUT09IiwibWFjIjoiMTQwOWFhYWU2ZWQ2ZTRkNGFkNDZlNTM1YjRkN2Q3MDAzMWZlZTViOTEzMjlkM2M4MDVkNzg3MmM2ZjJlYzM0YyJ9,,F001002,男女共用トイレあり,
45,宮崎県,45201,宮崎市,,小松2号街区公園トイレ,,,880-2113,宮崎市小松台北町40-1,31.9356471,131.3963395,,yes,,,,,,,,,,yes,,,,,,,,,,,,,,,,,,multipurpose_toilet,みやざきアクセシビリティ情報マップ,https://m-bfree.pref.miyazaki.lg.jp/a_map/public/facilityAround/eyJpdiI6IkFyeGNUaDJaQmNCVktQOWVRUThcL2VRPT0iLCJ2YWx1ZSI6IkJPVVFvS2tvNExXdTNucVlUakJFaFE9PSIsIm1hYyI6IjIwZjg0ZjRmNTRiM2U5ODQzMjJjMWIzZWViNDFjMzRmMzYwNzY4ZmRhNTA4ZWZmZjgzZWFiNzY5YTVjNjBjMDUifQ==,,F001963,男女共用トイレあり | 緊急通報装置あり | 調査日=2019-12-09,
45,宮崎県,45202,都城市,,小松原地区公民館,,,885-0026,都城市大王町29-6,31.7330248,131.0644058,,yes,,屋外,,,,,,,,,,,,,,,,,,,,,,,,,,multipurpose_toilet,みやざきアクセシビリティ情報マップ,https://m-bfree.pref.miyazaki.lg.jp/a_map/public/facilityAround/eyJpdiI6IlpxTHo2WjdWa2ZJSHZEOFRGNU5PM0E9PSIsInZhbHVlIjoibUpYRkxzbG9MaXBFNWhXQXA4SXJwQT09IiwibWFjIjoiNzI0YmE4ZjI0ZjE3NTRhMTI2ZjgzNTgxZjMyZmU4OTgwOGVlMzQxZDc4Yjg3NmMxZDQwYWQ0NWY0MjdkNjAzZCJ9,,F000680,男女共用トイレあり | 緊急通報装置あり | 調査日=2019-12-26,
45,宮崎県,45402,新富町,,湖水ケ池,,,889-1401,新富町大字日置,32.08024025248365,131.51185587960455,,yes,,駐車場北側,,,,,,yes,,yes,yes,,,,,,,,,,,,,,,,,multipurpose_toilet,みやざきアクセシビリティ情報マップ,https://m-bfree.pref.miyazaki.lg.jp/a_map/public/facilityAround/eyJpdiI6IkNqK09rQTdZY0plZkl6SXN0WTNUUmc9PSIsInZhbHVlIjoibnFBYWpYQ29DQ0hINGM4K3BKZlNcL1E9PSIsIm1hYyI6IjQ0Yjk4ZGViMWNlYjEwMDc4ZWI2ZTk5OTY0MjI1ZWRjZjY0Y2E5N2Y0ZWQ4MTFkZWRlZDJlZWZmMWExYjdjOWQifQ==,,F002658,男女共用トイレあり | 緊急通報装置あり | 調査日=2023-03-01,
45,宮崎県,45402,新富町,,医療法人育心会 小村医院,,,889-1406,新富町大字新田481-1,32.064417,131.4606002,,yes,,１階,,,,,,,,,,,,,,,,,,,,,,,,,,multipurpose_toilet,みやざきアクセシビリティ情報マップ,https://m-bfree.pref.miyazaki.lg.jp/a_map/public/facilityAround/eyJpdiI6Ilc1Z1BZVGFJbjZpWCtGM0FNOEp3K3c9PSIsInZhbHVlIjoiUUxSXC9kOTVFTkptdHArbFJLVm5mN2c9PSIsIm1hYyI6IjI5NDhiZTA5YTBiMTA5NzBlNDE3YzY3MDE5M2JjY2M3YjU1ZTJjZTZmOTFhODM1ZDZkZDYxYTRiMWE1MWY1NTcifQ==,,F000510,男女共用トイレあり | 緊急通報装置あり | 調査日=2002-09-11,
45,宮崎県,45204,日南市,,小村寿太郎記念館,,,889-2535,日南市飫肥4丁目2-20-1,31.62833,131.35319,https://www.kankou-nichinan.jp/tourisms/252/,yes,,１Ｆの受付カウンターの並びにある。,,,,,,,,,,,,,,,,,,,,,,,,,,multipurpose_toilet,みやざきアクセシビリティ情報マップ,https://m-bfree.pref.miyazaki.lg.jp/a_map/public/facilityAround/eyJpdiI6IlwvRGlvdXg5a00wRjhKQXZOQjBOcU5BPT0iLCJ2YWx1ZSI6IjQzVXpiWDNDdDFPOUNcL2VkRVhwS05RPT0iLCJtYWMiOiJmZmM2Mjk5MzJiYzY0OWUwY2U1ODQxYmUwMDUyZmZlZTk0MzBlYjAzOGZmMzM1MTAwMzFhNTIwMThjMjIyM2U4In0=,,F002510,男女共用トイレあり | 調査日=2020-11-30,多目的トイレは小村記念館内の他に飫肥城駐車場内にもあります。（飫肥城駐車場内はオストメイト･ベビーチェア・オムツ替え台あり）
45,宮崎県,45206,日向市,,コメリＨＣ日向店,,,883-0021,日向市大字財光寺1679番地,32.4010097,131.6313504,https://www.komeri.com/disp/CKmSfShopSearchDtlInfo.jsp?ID=1066,yes,,,,,,,,yes,,,,,,,,,,,,,,,,,,,,multipurpose_toilet,みやざきアクセシビリティ情報マップ,https://m-bfree.pref.miyazaki.lg.jp/a_map/public/facilityAround/eyJpdiI6InFzSWEyWncrSnZGN1Zoc1d6V1kzUkE9PSIsInZhbHVlIjoieXdVQmVFOVZlbExKakE4U2xpUnBKQT09IiwibWFjIjoiNGYyZTY3MmZiYWIzZTQwYWIyMGI5NmUyZjZlMDg0NWRhOTVkNGY3YTI5MGExNzBmMDYxNmJiMzIxN2RlODBjZSJ9,,F000134,男女共用トイレあり | 調査日=2013-07-03,
45,宮崎県,45201,宮崎市,,ゴルフ５ 宮崎吉村店,,,880-0841,宮崎市吉村町前田甲1190,31.9158035,131.4497705,http://www.alpen-group.jp/store/golf5/shop_search/detail.php?shopid=2113,yes,,,,,,,,,,,,,,,,,,,,,,,,,,,,multipurpose_toilet,みやざきアクセシビリティ情報マップ,https://m-bfree.pref.miyazaki.lg.jp/a_map/public/facilityAround/eyJpdiI6IjA1YW1uV01ra1MyVE5hV2R3Q1wvcjNnPT0iLCJ2YWx1ZSI6InBJUVV0dGxRcXFqdVROR0I1cmhicVE9PSIsIm1hYyI6ImZkNGRlMDhlZTgyNjc2YjcyMDhhMmI5NWEzZTBiYTRiZGNjMDc4MGUxNGEwMDcxNTkwZjI4MzZiNTVjNzY5ZDEifQ==,,F001717,男女共用トイレあり,
45,宮崎県,45201,宮崎市,,権現山公園トイレ,,,889-2151,宮崎市大字熊野字木花9501,31.8312034,131.4368904,,yes,,,,,,,,,,yes,,,,,,,,,,,,,,,,,,multipurpose_toilet,みやざきアクセシビリティ情報マップ,https://m-bfree.pref.miyazaki.lg.jp/a_map/public/facilityAround/eyJpdiI6Iit5dDF1cDd6ZTBodk1rZ0RlMFV0ZlE9PSIsInZhbHVlIjoiVGUwMjhWcktyWU1mM3IzWmJpUVNMZz09IiwibWFjIjoiNjc1OTgzZmE0ZDYxMDdjNDg5M2M2NWU5ZGM3ZDBlNDhlMzljNTdkOTQzNzZjZmU1NGM4MzIyOWI4MTNkMWM0OCJ9,,F001924,男女共用トイレあり | 調査日=2019-12-09,
45,宮崎県,45201,宮崎市,,近藤クリニック,,,880-0911,宮崎市大字田吉820－1,31.8866656,131.4324708,,yes,,１階,,,,,,,,,,,,,,,,,,,,,,,,,,multipurpose_toilet,みやざきアクセシビリティ情報マップ,https://m-bfree.pref.miyazaki.lg.jp/a_map/public/facilityAround/eyJpdiI6InJ2S092UW9lUjNVSGk4YjBcL3lOQUZnPT0iLCJ2YWx1ZSI6IjluaDFQUG1cL2w2NU9GRHNGNEp3RE9nPT0iLCJtYWMiOiIxYTQ5MDZhMWYwYzI3NWZlNDIzZDdlMWYzZTYzYjFiZTIwMzRjZTk1ZWM2MmIyZjhkOWE0ZDRiNzUwOTRiMmFhIn0=,,F001175,男女共用トイレあり | 緊急通報装置あり | 調査日=2019-11-09,
45,宮崎県,45201,宮崎市,,コンフォートホテル宮崎,,,880-0002,宮崎市中央通3-49,31.915538,131.421549,https://www.choice-hotels.jp/hotel/miyazaki/,yes,,出入口入ってすぐ左手,,,,yes,,yes,,,,,,,,,,,,,,,,,,,,multipurpose_toilet,みやざきアクセシビリティ情報マップ,https://m-bfree.pref.miyazaki.lg.jp/a_map/public/facilityAround/eyJpdiI6Inp3elhkVStnV0IraHNKeVV0RmZtbkE9PSIsInZhbHVlIjoiXC9nRWF3Nk1pRkpTXC9UaDkxZlpocEdnPT0iLCJtYWMiOiI1ZGNlYTliNmYzMTZhNTZlY2ZmYjk0Yzc1NWNjOTU2MGEwYTNlOGU0N2IxOTBiNzNlNmVlZmMyOGM5ZjE5ZGY4In0=,,F002377,男女共用トイレあり | 緊急通報装置あり | 調査日=2019-12-13,
45,宮崎県,45201,宮崎市,,The BEACH BURGER HOUSE,,,880-0835,宮崎市阿波岐原町1400-16,31.9297002,131.4694146,http://thebeachburgerhouse.com/,yes,,屋外,,,,,,,,,,,,,,,,,,,,,,,,,,multipurpose_toilet,みやざきアクセシビリティ情報マップ,https://m-bfree.pref.miyazaki.lg.jp/a_map/public/facilityAround/eyJpdiI6IlpRM09GcjVUUlNGRmFWOWkzVzlkK1E9PSIsInZhbHVlIjoiTjVZYTVEcXllUk83RFRPR254YUdZUT09IiwibWFjIjoiNmZmNTBlM2ZmMjA1MDJhMDI0YjA0M2RkMWY0ODg2MTgwMGMxYmQ4YzcyNDVjZjg5MDYyOTUzZTA2NGMyMzIxYiJ9,,F000642,男女共用トイレあり | 緊急通報装置あり | 調査日=2019-12-30,
45,宮崎県,45201,宮崎市,,ザ・メイビア宮崎,,,880-0843,宮崎市下原町247－18,31.9215972,131.4318503,http://www.gt-miyazaki.co.jp/,yes,,GRANDSQUARE(結婚式場等の建物)の１階(南側) / GRANDSQUARE(結婚式場等の建物)の１階(北側) / NORTH TOWERの１階,,,,,,yes,,yes,yes,,,,,,,,,,,,,,,,,multipurpose_toilet,みやざきアクセシビリティ情報マップ,https://m-bfree.pref.miyazaki.lg.jp/a_map/public/facilityAround/eyJpdiI6IjQ2UFF5TGQ5NTV2XC9RS2w1UVc3Yld3PT0iLCJ2YWx1ZSI6IjRFc1hSOWoyc0hlRWdab21Ha0JUQ1E9PSIsIm1hYyI6IjdjZjNlY2VkNTk0OGQxZGU1YjQxYTNkNWE3YzljMjU5NzA3MmFjOGYxYTRiYjYwNDc0YWY5NmMyMjMyNTQ3NDEifQ==,,F001776,男女共用トイレあり | 緊急通報装置あり | 着替え台あり | 調査日=2024-04-25,
45,宮崎県,45201,宮崎市,,サーティワンアイスクリーム 大島店,,,880-0824,宮崎市大島町松ノ木下249番1,31.939847,131.4399598,,yes,,,,,,,,,,,,,,,,,,,,,,,,,,,,multipurpose_toilet,みやざきアクセシビリティ情報マップ,https://m-bfree.pref.miyazaki.lg.jp/a_map/public/facilityAround/eyJpdiI6Ijg5VXZJUThWNWlhZjlneGNRRHlVT1E9PSIsInZhbHVlIjoiVDduMkhxdzFrekpRbGU5UXh6UkVTUT09IiwibWFjIjoiMGYzN2MyMjM5ZGU2ZmI3YTRmYjAzZDQyNDM3NTlmNmY3M2RjZGRjNDc1ZDhjZWRlZWIzYWIwMWQyY2FmZTViOSJ9,,F001834,男女共用トイレあり,
45,宮崎県,45203,延岡市,,西郷隆盛宿陣跡資料館,,,889-0102,延岡市北川町長井６７２７,32.653187,131.688562,,yes,,隣接する駐車場内,,,,,,,,yes,,,,,,,,,,,,,,,,,,multipurpose_toilet,みやざきアクセシビリティ情報マップ,https://m-bfree.pref.miyazaki.lg.jp/a_map/public/facilityAround/eyJpdiI6ImZBam1sQ2t0VnlcL2J0ZlZhR2p6eGd3PT0iLCJ2YWx1ZSI6ImNDQ2VtcEt0bURGbURBZ0JkajhLbVE9PSIsIm1hYyI6IjhkZjViZmExZmVjNWY5NDcwMGZiNDc2ODVlNjYzZDY5NDUzM2IwZDMzNWI0MDI4Y2QxOTcxMjYzMTBiNDhhMTEifQ==,,F002498,男女共用トイレあり | 調査日=2020-09-30,
45,宮崎県,45203,延岡市,,佐井整形外科,,,882-0843,延岡市永池町2丁目5-4,32.572349,131.6679091,,yes,,１階,,,,,,,,,,,,,,,,,,,,,,,,,,multipurpose_toilet,みやざきアクセシビリティ情報マップ,https://m-bfree.pref.miyazaki.lg.jp/a_map/public/facilityAround/eyJpdiI6IkN3VHk2anl0ZUE0QlhrQmJOQlhEVmc9PSIsInZhbHVlIjoiWFBaUG1aczdXdDVnZ2RuV05vZUdPZz09IiwibWFjIjoiZjk3ZGI0MzQ1YzkyNzE4ZjU5MmU4MjlmMzI0YzE4MjgzZWJmYmUwOTYzODZlNTgxMWQ0NTM0MGZlODM3ZWVkMyJ9,,F001437,男女共用トイレあり | 緊急通報装置あり | 調査日=2013-09-18,
45,宮崎県,45201,宮崎市,,在宅型有料老人ホーム あおしま優亜館,,,889-2161,宮崎市大字加江田字嶺崎4910,31.812788,131.454483,http://www.a-yuakan.com/,yes,,,,,,,,,,,,,,,,,,,,,,,,,,,,multipurpose_toilet,みやざきアクセシビリティ情報マップ,https://m-bfree.pref.miyazaki.lg.jp/a_map/public/facilityAround/eyJpdiI6InBqcURWVFplRzFNMENzOCtcL0VxWWJRPT0iLCJ2YWx1ZSI6IitGMzNXMUhwR2Q3WEdRMGtHRFBSN2c9PSIsIm1hYyI6ImY1MTA1ODU2NDRmYzUzNWNmMTZhMjkxY2VhZTNiZTljZTFhNmY1ZWNjMWM1MGQ0ZGIzOTQwOWNmZGZlNGVkMzQifQ==,,F000720,男女共用トイレあり,
45,宮崎県,45203,延岡市,,斉藤歯科医院,,,889-0513,延岡市土々呂町4丁目4085番1,32.5088401,131.6827438,,yes,,,,,,yes,,yes,,,,,,,,,,,,,,,,,,,,multipurpose_toilet,みやざきアクセシビリティ情報マップ,https://m-bfree.pref.miyazaki.lg.jp/a_map/public/facilityAround/eyJpdiI6ImZcLzFmZjdQXC90S2Q0a01qSFZLSUdwUT09IiwidmFsdWUiOiIxU1NmWklwdEl2cm56bmFQN1orOXBnPT0iLCJtYWMiOiIwYzU2N2M5ZGY0ODVkYTczN2E0ZDY5OTcwNDAxZDJhOTlkZDMyYjY5OTllMDgwNWU1ZDJjMmFkNGNmN2RkMjQ3In0=,,F001359,男女共用トイレあり | 調査日=2019-11-13,
45,宮崎県,45208,西都市,,西都簡易裁判所,,,881-0003,西都市大字右松2519番地1,32.1050036,131.4032523,http://www.courts.go.jp,yes,,庁舎１階,,,,yes,,yes,,yes,,,,,,,,,,,,,,,,,,multipurpose_toilet,みやざきアクセシビリティ情報マップ,https://m-bfree.pref.miyazaki.lg.jp/a_map/public/facilityAround/eyJpdiI6IjlYTUxQdDhxMmpJdlhRTXcwTUVXaVE9PSIsInZhbHVlIjoiXC9JbXFCcHBSN0lITnlmUmtaQzN4c1E9PSIsIm1hYyI6ImI3YjFkZTY0YmJmY2I2MGYxNzEwMTg1ODJiMTM2OWU2Nzc4MWVlNzczMDcxMDdhNTlkYzYxZmYyODgwZTcxMzQifQ==,,F001321,男女共用トイレあり | 緊急通報装置あり | 調査日=2019-12-05,オストメイトは簡易型です。
45,宮崎県,45208,西都市,,社会福祉法人 西都市社会福祉協議会,,,881-0004,西都市大字清水1035番地1,32.0987931,131.3836629,https://www.saito-shakyo.jp/,yes,,１階,,,,,,,,,,,,,,,,,,,,,,,,,,multipurpose_toilet,みやざきアクセシビリティ情報マップ,https://m-bfree.pref.miyazaki.lg.jp/a_map/public/facilityAround/eyJpdiI6IlJ6QUdXNGNwTm5RWGxKZXgxekg3Vmc9PSIsInZhbHVlIjoiZmtDWWRWUW9laUw2MXdPUlFpK3ZoUT09IiwibWFjIjoiMTg4ODY0NzE3M2Q0MGM5MDRhZjc3YjY4NmFhY2I4MTA5ODI2NDIzZTI3ZWFhNzAzMDA1YTA5NTgzNWNjYmJmNSJ9,,F000793,男女共用トイレあり | 緊急通報装置あり,
45,宮崎県,45208,西都市,,西都ショッピングセンターパオ,,,881-0012,西都市小野崎1丁目76番地,32.1060853,131.4044123,,yes,,１階,,,,,,,,,,,,,,,,,,,,,,,,,,multipurpose_toilet,みやざきアクセシビリティ情報マップ,https://m-bfree.pref.miyazaki.lg.jp/a_map/public/facilityAround/eyJpdiI6Iko1SFFybzRidXdJazhUekludExwT2c9PSIsInZhbHVlIjoiOUY4RFwvNVMwOFwvc2Z3YmYzK1dTMmt3PT0iLCJtYWMiOiIyM2Q2NzU3NWZiZDY1ZWE4YzczYTEwMWY0NzgzNDZkOGE2OThiOWU4ZjdlZDhlM2Q4ZjUxYTRmYTMwMmE3MjE3In0=,,F001762,男女共用トイレあり | 緊急通報装置あり | 調査日=2013-09-11,
45,宮崎県,45208,西都市,,西都原考古博物館,,,881-0005,西都市大字三宅字西都原西5670,32.125355,131.382406,http://saito-muse.pref.miyazaki.jp/web/index.html,yes,,1階エントランスフロア・2階 / 地下、3階（レストラン内） / 古代生活体験館。,,,,yes,yes,yes,,yes,,,,,,,,,,,,,,,,,,multipurpose_toilet,みやざきアクセシビリティ情報マップ,https://m-bfree.pref.miyazaki.lg.jp/a_map/public/facilityAround/eyJpdiI6IjlMVjkxYmFyS1wvK0tKanRYUHQrcnhRPT0iLCJ2YWx1ZSI6IkZVU3BcL3M2XC96WmVwVjZPQzJLRjVDdz09IiwibWFjIjoiYTIzMjYzNTdkNDI5MDgyOWI0NjQzMDA3ZDhmYjAzYmNjYTBlMWYxN2NiNTMzMGM1YTI2OTA0ZjRmMGUwMmFhNiJ9,,F002118,男女共用トイレあり | 男女別トイレあり | 緊急通報装置あり | 調査日=2019-10-01,多目的トイレは1階、2階、3階、地下、古代生活体験館に計7か所ある（1、2階にオストメイト用あり）。一階、二階には触地図がある。
45,宮崎県,45208,西都市,,西都原古代生活体験館,,,881-0005,西都市大字三宅字西都原西5670,32.125319,131.382406,http://saito-muse.pref.miyazaki.jp/web/index.html,yes,,１階,,,,,,,,,,,,,,,,,,,,,,,,,,multipurpose_toilet,みやざきアクセシビリティ情報マップ,https://m-bfree.pref.miyazaki.lg.jp/a_map/public/facilityAround/eyJpdiI6IkhOMitLV20zRHRFN3huWE9tRXNKc1E9PSIsInZhbHVlIjoic01GXC9yU2M3NVBMNU9nNEprMllKeWc9PSIsIm1hYyI6IjU3NGFmMDkyZWNlN2ZkZTcwMzdiNzIyYjk2YTgzZTQxZjg4MDkzMjYwYzMzNDkyOGQ4MDY5MGY5MTFhODU2ZTIifQ==,,F001741,男女共用トイレあり | 緊急通報装置あり | 調査日=2019-11-19,
45,宮崎県,45201,宮崎市,,財務省九州財務局宮崎財務事務所,,,880-0805,宮崎市橘通東3丁目1の22,31.9139024,131.4241133,http://kyusyu.mof.go.jp/,yes,,１階,,,,,,yes,,,,,,,,,,,,,,,,,,,,multipurpose_toilet,みやざきアクセシビリティ情報マップ,https://m-bfree.pref.miyazaki.lg.jp/a_map/public/facilityAround/eyJpdiI6IjR3VjZJdVpWUXNNb2JBVU9EOUxRXC93PT0iLCJ2YWx1ZSI6IkduWGV0bXN0YlwvdXZUcFpodVdFWk1nPT0iLCJtYWMiOiI5MGYxZTQ3MzI3N2Y3MGRkOWUxN2FmNTkwOTM1NzBjYTc2NjU3YzQ5NDIyOWZjY2Q4YjNjYzY5ZTQzYTAzMDA1In0=,,F000202,男女共用トイレあり | 緊急通報装置あり | 調査日=2019-11-21,
45,宮崎県,45203,延岡市,,堺胃腸科内科クリニック,,,882-0837,延岡市古城町4丁目131,32.5662601,131.657725,,yes,,１階,,,,yes,,,,,,,,,,,,,,,,,,,,,,multipurpose_toilet,みやざきアクセシビリティ情報マップ,https://m-bfree.pref.miyazaki.lg.jp/a_map/public/facilityAround/eyJpdiI6IklyNjNna1gxalNnVnZSeVIyYUZiWEE9PSIsInZhbHVlIjoiZU5EWU0rb2hjbVZQRDA5RXdYdHpodz09IiwibWFjIjoiNzNlMzYwMGQwMTQwNDRjOTNiZjQ3MDFjY2JkMzJmNjYyNTE5ODc3MDFkYzE4ZmFkYjNlYzhmODFiYTE1ZmI0MCJ9,,F001430,男女共用トイレあり | 緊急通報装置あり | 調査日=2019-11-12,
45,宮崎県,45202,都城市,,酒井皮膚科医院,,,885-0024,都城市北原町27-7,31.73302,131.0804468,,yes,,,,,,yes,,,,,,,,,,,,,,,,,,,,,,multipurpose_toilet,みやざきアクセシビリティ情報マップ,https://m-bfree.pref.miyazaki.lg.jp/a_map/public/facilityAround/eyJpdiI6InBva21BbVIxeXlkKzVINmNONTFuMEE9PSIsInZhbHVlIjoiNVEzM2Q3VTdTaWRqelRsWHNTdU13UT09IiwibWFjIjoiOGU5YWVkZWZhMjgzNDlkZDgxODIzNTkxNGFlZGMzNzMzNjgxYjdkZWI4YjNjMTU1NzAyZWY5Mjc5OWU3ZDhjMiJ9,,F000676,男女共用トイレあり | 調査日=2019-11-26,※緊急通報装置とベビーシートは準備中です
45,宮崎県,45201,宮崎市,,栄整形外科,,,880-0837,宮崎市村角町前畑455番1,31.9552468,131.4442734,,yes,,１階,,,,yes,,,,,,,,,,,,,,,,,,,,,,multipurpose_toilet,みやざきアクセシビリティ情報マップ,https://m-bfree.pref.miyazaki.lg.jp/a_map/public/facilityAround/eyJpdiI6InJSM1d5UkRFQU9iZXN0emhqcmk3Wnc9PSIsInZhbHVlIjoibXZLNFlLSTlBbmtLOVhVQmxJbFZxdz09IiwibWFjIjoiOGI3MzgzNGI2NWJhNzg3NDM0NTdkZTU3ZTkwYTRkMWQ0ODY0OTY3ZWIzNTI2YmY4ZWUxZmNjZGRmMTcyZDhmYSJ9,,F001163,男女共用トイレあり | 緊急通報装置あり | 調査日=2013-09-02,
45,宮崎県,45201,宮崎市,,栄町児童館,,,880-0802,宮崎市別府町5番18,31.9119951,131.4291739,https://www.city.miyazaki.miyazaki.jp/institution/list/item493/,yes,,,,,,,,,,yes,,,,,,,,,,,,,,,,,,multipurpose_toilet,みやざきアクセシビリティ情報マップ,https://m-bfree.pref.miyazaki.lg.jp/a_map/public/facilityAround/eyJpdiI6Ik9wZFhYeWhnbjVOMnNsbDFNUEJZdGc9PSIsInZhbHVlIjoiV0tseHJOdm8raFBXdXFIK1FOcG85Zz09IiwibWFjIjoiMzg0M2RhOTJmOWY4ZGVlYzFjZjgxY2RmZDEyMWI5ODhlMzI4NDFkZTU0ZDFmMGRhODdkMTNjMzI2Y2MzZDk4OCJ9,,F001479,男女共用トイレあり | 緊急通報装置あり | 調査日=2019-11-22,
45,宮崎県,45204,日南市,,栄松ビーチ・キャンプ場,,,889-3204,日南市南郷町中村乙4178-1,31.51674,131.38097,https://sakaematsu-beach.com/,yes,,駐車場から管理事務所の横を通り過ぎたところ,,,,,,,,yes,,,,,,,,,,,,,,,,,,multipurpose_toilet,みやざきアクセシビリティ情報マップ,https://m-bfree.pref.miyazaki.lg.jp/a_map/public/facilityAround/eyJpdiI6InJrRXk5ejlGZmJpdUF2OVMzekZ0WFE9PSIsInZhbHVlIjoibWZMSkxZbGN2aFNnc2dQZUpzZTdtZz09IiwibWFjIjoiODc2MDE5NGY2NmZlNjAxZmIxOTQ4YzY5YWEzODFiODEyZmE4MjAzNzM5Mjk3NzYxNWI4MmMyNDk4NjZkOTA2OSJ9,,F002764,男女共用トイレあり | 緊急通報装置あり | 調査日=2024-06-07,
45,宮崎県,45201,宮崎市,,さかぐち歯科医院,,,880-0913,宮崎市恒久3丁目30-23,31.892013,131.430416,,yes,,,,,,yes,,,,,,,,,,,,,,,,,,,,,,multipurpose_toilet,みやざきアクセシビリティ情報マップ,https://m-bfree.pref.miyazaki.lg.jp/a_map/public/facilityAround/eyJpdiI6ImRicFpTMXRNXC96eitOS1dCVEdTbHVRPT0iLCJ2YWx1ZSI6Ik44UTZqWnVzTU96dlFWMjA2am44ekE9PSIsIm1hYyI6ImU1NDZjM2RlMWUwNWFmYjUyNzAzNzNiNzRkYzZmZDc4ZjE1NWQ4NTU4ZTEwNDA0YzM4MDVhMjMxZjhhMWQ2NGQifQ==,,F001207,男女共用トイレあり | 調査日=2019-11-18,
45,宮崎県,45204,日南市,,酒谷キャンプ場,,,889-2512,日南市大字酒谷甲3360-2,31.6376172,131.2508753,http://michinoeki-sakatani.com/?page_id=13,yes,,,,,,,,,,,,,,,,,,,,,,,,,,,,multipurpose_toilet,みやざきアクセシビリティ情報マップ,https://m-bfree.pref.miyazaki.lg.jp/a_map/public/facilityAround/eyJpdiI6IklZOEtpaGZjU0ZyZ3hvUnFRXC9RMnBRPT0iLCJ2YWx1ZSI6IjFLdlN4Yng4T2Ezd2NFdHRvck9hcmc9PSIsIm1hYyI6IjA4MDBhMDNkY2E0YzU5NmMyODZhY2FmOTUwYzk2MjI3OTBjMGIwN2ZiOGNkZmVlZWUwYjkyYzQzNjQ0OTkwYTYifQ==,,F001630,男女共用トイレあり | 調査日=2013-09-06,
45,宮崎県,45204,日南市,,酒谷コミュニティセンター,,,889-2512,日南市大字酒谷甲3360-1,31.6379979,131.2501464,,yes,,,,,,,,,,,,,,,,,,,,,,,,,,,,multipurpose_toilet,みやざきアクセシビリティ情報マップ,https://m-bfree.pref.miyazaki.lg.jp/a_map/public/facilityAround/eyJpdiI6ImZaYXN6cVd1empTSEdwVlpiTkdzcFE9PSIsInZhbHVlIjoicWd4alVQNmZiSnA3RTIxc2FjVnBiZz09IiwibWFjIjoiYWIzNTFlNDIyNGVlMjViYmMzMDU5NWM1OGJjZmI5ZjY0NmIyOThmNTBhMmMyODI5NmJlYjdjNGUxNGUzZGQ4MyJ9,,F001590,男女共用トイレあり | 調査日=2013-09-10,
45,宮崎県,45201,宮崎市,,魚乃里「ぎょれん丸」,,,880-0858,宮崎市港2丁目6番地,31.905024,131.45678,https://fbnr900.gorp.jp/,yes,,1階,,,,,,,,,,,,,,,,,,,,,,,,,,multipurpose_toilet,みやざきアクセシビリティ情報マップ,https://m-bfree.pref.miyazaki.lg.jp/a_map/public/facilityAround/eyJpdiI6IkNVRlc3MjJTTkptV0Rydmt4azVHWlE9PSIsInZhbHVlIjoiWldERStcL0Q3allKQnVIVTBXM1VSQ1E9PSIsIm1hYyI6ImYwZDg3NWRjZWQ0NTkyNzU2MTM0ZGIxNTcxNGRjYWE3NzMzYjAwM2I3Y2IwMzUwZmY4ZTM5YjAwZGFhZTMxNmYifQ==,,F001736,男女共用トイレあり | 緊急通報装置あり | 調査日=2009-11-22,
45,宮崎県,45201,宮崎市,,作耳鼻咽喉科医院,,,880-0121,宮崎市大字島之内7311-1,31.9856195,131.4506934,,yes,,,,,,,,,,,,,,,,,,,,,,,,,,,,multipurpose_toilet,みやざきアクセシビリティ情報マップ,https://m-bfree.pref.miyazaki.lg.jp/a_map/public/facilityAround/eyJpdiI6IkV3aEQraFh4ZDFFNEVDV0tDdkxJWEE9PSIsInZhbHVlIjoiNVRVcDFqcjJSYTJxUjBsMXJcL2lDUHc9PSIsIm1hYyI6IjJiNGQ0ZGY0ZTYyNWRmZDUwZTFhMWI2NjM4MDIxYjc4NjU5OTA3NTc2YWZiZjBkNDdlMGRlYmYzODVhOTFhZTIifQ==,,F000300,男女共用トイレあり | 調査日=2019-11-20,
45,宮崎県,45203,延岡市,,桜ヶ丘ファミリークリニック,,,882-0005,延岡市夏田町414-1,32.6072974,131.671409,,yes,,１階,,,,yes,,,,yes,,,,,,,,,,,,,,,,,,multipurpose_toilet,みやざきアクセシビリティ情報マップ,https://m-bfree.pref.miyazaki.lg.jp/a_map/public/facilityAround/eyJpdiI6InRZc2swV05vMSt5QmpuQmdrTVVYZnc9PSIsInZhbHVlIjoienBJdjkwSlwvcUxkc1wvaG1vclZRTlRnPT0iLCJtYWMiOiIwYmUwZTJiNzQxNGIzMTM5YWQ5NTZjYWNlZDM0MmY0NjE5NGI1ZWM5MGQzNWFhMDY1Nzc0NDY3MmNjNjhjOThmIn0=,,F001233,男女共用トイレあり | 緊急通報装置あり | 調査日=2019-11-14,
45,宮崎県,45201,宮崎市,,桜ヶ丘薬局,,,880-0951,宮崎市大塚町無量寺道下38-1,31.9323038,131.3999686,,yes,,,,,,,,,,,,,,,,,,,,,,,,,,,,multipurpose_toilet,みやざきアクセシビリティ情報マップ,https://m-bfree.pref.miyazaki.lg.jp/a_map/public/facilityAround/eyJpdiI6ImE5MEFQbW41dVwvdXhqVXNqazJ1VmJnPT0iLCJ2YWx1ZSI6ImgrVDMrMms0TDJ2UUE3a1RqcHJuY2c9PSIsIm1hYyI6IjIzMjAzZTEyMjRhNmZmZGVmZDMwN2ZkMzAwZDZlOWNmNzI3NGYzMGQ0OGFjZjJhNDdhZGQyZGY5Zjg4YTMwNTQifQ==,,F000055,男女共用トイレあり,
45,宮崎県,45201,宮崎市,,さくらクリニック,,,880-0211,宮崎市佐土原町下田島字天神7851-4,32.038745,131.459363,,yes,,,,,,,,,,,,,,,,,,,,,,,,,,,,multipurpose_toilet,みやざきアクセシビリティ情報マップ,https://m-bfree.pref.miyazaki.lg.jp/a_map/public/facilityAround/eyJpdiI6IlJiSGowMkhhWTlCXC9ZXC9meEg0andjZz09IiwidmFsdWUiOiI3OFVnME9VaWt1dVcxVlZhd1A1bmFRPT0iLCJtYWMiOiI3NTcxODU5MTIyNTJmNDAwZGMzODBhZDFmOGI2NTBiN2EyMWM3M2Y1OTlkOGQxYmY1ZDhiNWZhZThmZDQ5ZWZiIn0=,,F000636,男女共用トイレあり | 調査日=2009-11-19,
45,宮崎県,45201,宮崎市,,さくらデンタルクリニック,,,880-2221,宮崎市高岡町内山2602番1,31.9628114,131.3021614,,yes,,,,,,,,,,,,,,,,,,,,,,,,,,,,multipurpose_toilet,みやざきアクセシビリティ情報マップ,https://m-bfree.pref.miyazaki.lg.jp/a_map/public/facilityAround/eyJpdiI6IlY4bkxMVG85SEgzNGhUSnc2eGJQNVE9PSIsInZhbHVlIjoiUkNxQjhpZ3JsenpsN1ZlOExmOW43dz09IiwibWFjIjoiODI1YTBjZWFiMjE0ODE3OGJjODk0ODBiYTgwNTg4NTMxZDc3MDNhNjgyYWJlOWJmZTdlOWM1ZTMyYjQ5N2M5YyJ9,,F000753,男女共用トイレあり | 調査日=2010-09-02,
45,宮崎県,45201,宮崎市,,社会福祉法人桜裕会サクラプリンテック,,,880-0925,宮崎市大字本郷北方字鵜戸尾2717-4,31.870379,131.4093248,http://www.sakura-printec.com/,yes,,,,,,,,,,,,,,,,,,,,,,,,,,,,multipurpose_toilet,みやざきアクセシビリティ情報マップ,https://m-bfree.pref.miyazaki.lg.jp/a_map/public/facilityAround/eyJpdiI6ImdMbitGTUdSMVNnaWxtMDl3ajZUWkE9PSIsInZhbHVlIjoiK3QweGdUUDVDU09CdmZvYkJJdnhydz09IiwibWFjIjoiMTVjNTdlMzU3OGU4YTViMzhjNDAyN2U4MDMxNzVkMDdiOWI5YmExYmI3NzI0OWYyZTFiNTkxZTU5NmIxNjk4ZiJ9,,F001136,男女別トイレあり | 調査日=2020-03-10,
45,宮崎県,45201,宮崎市,,桜町街区公園トイレ,,,880-0036,宮崎市花ヶ島町桜町9-9,31.9496443,131.4369646,,yes,,,,,,,,,,,,,,,,,,,,,,,,,,,,multipurpose_toilet,みやざきアクセシビリティ情報マップ,https://m-bfree.pref.miyazaki.lg.jp/a_map/public/facilityAround/eyJpdiI6ImU5SVZpVEF5R0ZpMXQ1TUhaMWtDZ1E9PSIsInZhbHVlIjoicVJBYXpKVUlmbEs4K2tnZkpLTFlOQT09IiwibWFjIjoiYjkzNjFhYzdjMTliOGU0ZDdkNDhkNjM4NWY2NmEzMzM3ODVhZjYyZGI5M2JlMmU1MjY5ZTMzZDYyNzNmMGQ0NSJ9,,F001125,男女共用トイレあり,
45,宮崎県,45201,宮崎市,,さくら理容,,,880-2112,宮崎市大字小松1417-1,31.9312675,131.4015678,,yes,,,,,,,,,,,,,,,,,,,,,,,,,,,,multipurpose_toilet,みやざきアクセシビリティ情報マップ,https://m-bfree.pref.miyazaki.lg.jp/a_map/public/facilityAround/eyJpdiI6IjF4T3VtUzVITEFtRHFGU1Y4aVhjbEE9PSIsInZhbHVlIjoiN2NjRDNYSmZaMFwvRGpTUUdoaGNcL2FBPT0iLCJtYWMiOiJhNWJhMDU1OGI1N2ViNWEyNTY4NDMwMDVhZmY4ZDc0YTliNDgxMzI3NjdlMjE5YmRiNWFkMDdiNGI0ZjM1Nzk1In0=,,F000852,男女共用トイレあり,
45,宮崎県,45201,宮崎市,,迫田病院,,,880-0917,宮崎市城ヶ崎3-2-1,31.8985727,131.4318513,http://www.kowakai.jp/,yes,,１階,,,,yes,,yes,,,,,,,,,,,,,,,,,,,,multipurpose_toilet,みやざきアクセシビリティ情報マップ,https://m-bfree.pref.miyazaki.lg.jp/a_map/public/facilityAround/eyJpdiI6Ik1sNkxPRkpKdmpwQ29TaFd4NkZrQUE9PSIsInZhbHVlIjoiVGtpTzF0RkhvQTFMZE1LRjZ5b3lrZz09IiwibWFjIjoiMGQxOTczOTRhMjk0ZjEyYTUwYjcxOTI5MDc4Y2I5MjA3ZmNjNDE1ZGUxY2ZiNzk0YjczYTRmY2NiNDNhMzhjZiJ9,,F001195,男女共用トイレあり | 緊急通報装置あり | 調査日=2013-09-03,
45,宮崎県,45201,宮崎市,,ささきクリニック,,,880-0951,宮崎市大塚町無量寺道下41-1,31.9324683,131.3993517,http://sasaki-c.com/main/,yes,,,,,,,,,,,,,,,,,,,,,,,,,,,,multipurpose_toilet,みやざきアクセシビリティ情報マップ,https://m-bfree.pref.miyazaki.lg.jp/a_map/public/facilityAround/eyJpdiI6IlJzR0ZIQ1FZQitYV3h6ZXFiWUlCQUE9PSIsInZhbHVlIjoiZG1ycTFnd0tGNGNlb0FZVTlsbXpCdz09IiwibWFjIjoiYTA5NTQ3OTBkMmQ1NmNiZjNmNWNmNTdjNTE4NmM2ZWJhMDQ4ZjE1NmVhOTc3MmVjYWRjODY3NDBjMzBkMTI5ZiJ9,,F000137,男女共用トイレあり,
45,宮崎県,45201,宮崎市,,ささき内科,,,880-0902,宮崎市大淀4丁目2-10,31.8965673,131.4195244,,yes,,,,,,,,,,,,,,,,,,,,,,,,,,,,multipurpose_toilet,みやざきアクセシビリティ情報マップ,https://m-bfree.pref.miyazaki.lg.jp/a_map/public/facilityAround/eyJpdiI6IjJqUkhzNHRIN0FoNmFtMGN0dnhaN2c9PSIsInZhbHVlIjoiTG02blExQktUVDRqTzlLNFBlckVKZz09IiwibWFjIjoiNWMzNWI2NWExNTgxNjI3ZDEzMzdhOWEyNTE0YWYwNGI0Njg4NDNkY2NhOTViNzFiZWI2NGMzNmRiMmM4ZjFhYiJ9,,F001203,男女共用トイレあり | 調査日=2009-11-18,
45,宮崎県,45201,宮崎市,,さざなみ会館,,,880-0121,宮崎市大字島之内7404-1,31.9825931,131.4491129,,yes,,,,,,,,,,,,,,,,,,,,,,,,,,,,multipurpose_toilet,みやざきアクセシビリティ情報マップ,https://m-bfree.pref.miyazaki.lg.jp/a_map/public/facilityAround/eyJpdiI6Im01WU14UUUyeWZjZFlqSkVkblR5Ymc9PSIsInZhbHVlIjoiZmtTMEM1bVpCWGUrTHI2OHlSSlAydz09IiwibWFjIjoiMDFkZGE1MGJkNzcwZGUxZTUwYTUzNGUzNWU3YWEyZDhmMjQzNGZkZjc3MGNkYTI4MWMxOTc3YjUyYzJjMDI5MiJ9,,F000293,男女共用トイレあり,
45,宮崎県,45201,宮崎市,,カラオケ くつろぎ処 さざんか,,,880-0925,宮崎市大字本郷北方3385-105,31.8743433,131.4292258,,yes,,,,,,,,,,,,,,,,,,,,,,,,,,,,multipurpose_toilet,みやざきアクセシビリティ情報マップ,https://m-bfree.pref.miyazaki.lg.jp/a_map/public/facilityAround/eyJpdiI6IkJONUhhNWM0UUdJeDZGTzJRdUpkSmc9PSIsInZhbHVlIjoickpQUEY0ekxwTWFBeCtFZmhOUG9HZz09IiwibWFjIjoiNjkzNzBiYzgyYjVlMjA5YzdlNjc4MDdmMTE3NjM1MmU2ZDA5NTcyZjJjYjU2MDA0MzgzNzdlY2Y5ODFmZTNjZSJ9,,F000399,男女共用トイレあり | 調査日=2019-11-19,
45,宮崎県,45201,宮崎市,,サザンクリニック,,,880-0912,宮崎市大字赤江830-1,31.8834874,131.4404744,,yes,,,,,,,,,,,,,,,,,,,,,,,,,,,,multipurpose_toilet,みやざきアクセシビリティ情報マップ,https://m-bfree.pref.miyazaki.lg.jp/a_map/public/facilityAround/eyJpdiI6IjVHRlEwakJyVEFaR2FBc1VpTkt5cnc9PSIsInZhbHVlIjoidjlTQnZ6eW5TN0lqek16djFhMHBSQT09IiwibWFjIjoiNmZkMzhmNGJjMTJmYTg1NTI2ZDE2YmY4MjgwMTk4YWRiZTQ2MDdhOTkxYmMyYzJjOWI4OWIwMzk5OGQ0ZmI0ZiJ9,,F000822,男女共用トイレあり,
45,宮崎県,45203,延岡市,,さざんぴあ,,,882-0867,延岡市構口町1丁目169-3,32.5580574,131.6764172,http://www.southernpia-nobeoka.com/,yes,,１階,,,,,,,,,,,,,,,,,,,,,,,,,,multipurpose_toilet,みやざきアクセシビリティ情報マップ,https://m-bfree.pref.miyazaki.lg.jp/a_map/public/facilityAround/eyJpdiI6ImF5K3FjZnNYM1VhaENqM1h0VzlrZEE9PSIsInZhbHVlIjoiRSsxTGdtV2laVWUwbTk2NmJrMzZxdz09IiwibWFjIjoiYTliMzRmNjc0MjU3MjkxNjk5MTBjY2QxNzkxZWVhOTU0MWJiZmQ5NzQyZmE5YjVlZjRjMTdiMDE4YTNiZGJlNSJ9,,F001522,男女共用トイレあり | 緊急通報装置あり | 調査日=2002-09-05,
45,宮崎県,45201,宮崎市,,サティ子ども園,,,889-1602,宮崎市清武町今泉甲1434番3,31.8531345,131.3560996,http://www.sati-yokitomo.com/,yes,,,,,,,,,,,,,,,,,,,,,,,,,,,,multipurpose_toilet,みやざきアクセシビリティ情報マップ,https://m-bfree.pref.miyazaki.lg.jp/a_map/public/facilityAround/eyJpdiI6ImwrbWwwREk2NVVLeFp4WWNvamdRYnc9PSIsInZhbHVlIjoibG1Ibm56cVBVM2x3VzJCK2dZdnB0QT09IiwibWFjIjoiZGJhYTRjZjA3ZDdkZDg4ZjNlY2E3MjRmNjg5YjY2YzE0MjEzMjkzMjY3MDhlOWQ1MmFkZTE3MzFlNWRhNDY2ZiJ9,,F001863,男女共用トイレあり,
45,宮崎県,45201,宮崎市,,さつき調剤薬局,,,880-0924,宮崎市大字郡司分字桶掛甲1069-4,31.8463868,131.4387484,,yes,,,,,,,,,,,,,,,,,,,,,,,,,,,,multipurpose_toilet,みやざきアクセシビリティ情報マップ,https://m-bfree.pref.miyazaki.lg.jp/a_map/public/facilityAround/eyJpdiI6InFlNTFrRmJlYTFlTlZMdW9FY2hEMnc9PSIsInZhbHVlIjoiWldja2xaKyt1M2tjUVV4a09JWWpFUT09IiwibWFjIjoiZjVhY2ZmMzk4N2QxMmU1YTRhMzdhN2U5NGM4M2Y5OWVhNjViODZjZGEzNzkwYTI1ZjkzYjAzNDc2YzU1OWExOCJ9,,F000130,男女共用トイレあり,
45,宮崎県,45201,宮崎市,,薩摩園 鎌田茶業（株）宮崎店,,,880-0856,宮崎市日ノ出町52‐1,31.906965,131.4496782,http://www.satsumaen.com/,yes,,,,,,,,,,,,,,,,,,,,,,,,,,,,multipurpose_toilet,みやざきアクセシビリティ情報マップ,https://m-bfree.pref.miyazaki.lg.jp/a_map/public/facilityAround/eyJpdiI6Ik1INTZ1V3BDc2xKWW1vT21USCtOOEE9PSIsInZhbHVlIjoiZW9lc08rSVJGSlgrekVmdUVDUUVoUT09IiwibWFjIjoiYWMyNjhjMTljMWIwNjM2MzA0NDY3MzI4NGUxYjYwOTQ0YzU3OWUzMjQzZDUzNTBkZjI4OTE2NGQ0OTVmMWY2MiJ9,,F001242,男女共用トイレあり | 調査日=2013-08-29,
45,宮崎県,45201,宮崎市,,サテライト宮崎,,,880-0125,宮崎市大字広原4603,32.0026296,131.4093832,http://www.satellite-miyazaki.com/cgi/nittei/topics.cgi,yes,,,,,,,,,,,,,,,,,,,,,,,,,,,,multipurpose_toilet,みやざきアクセシビリティ情報マップ,https://m-bfree.pref.miyazaki.lg.jp/a_map/public/facilityAround/eyJpdiI6IlJFNTF2QXNFVktHdlNqQ1BmekFYSUE9PSIsInZhbHVlIjoiZldXZElMTE5YOTE5QjNVbXd1XC9mR2c9PSIsIm1hYyI6IjUxYTBiZmNjYWM4YzdhNjFlYWM3ZDU2ZDhjOTBmZWZlMDYzY2NiNDk5ZTM5YTEzOTM1YjA0Mjc5OTA2ODJmYTQifQ==,,F000188,男女共用トイレあり,
45,宮崎県,45441,高千穂町,,佐藤医院,,,882-1621,高千穂町大字岩戸72-1,32.7252886,131.3479287,http://sato-medical.org/,yes,,1階,,,,,,,,,,,,,,,,,,,,,,,,,,multipurpose_toilet,みやざきアクセシビリティ情報マップ,https://m-bfree.pref.miyazaki.lg.jp/a_map/public/facilityAround/eyJpdiI6ImNicCtZTUM4TjFcL2hMZ1BpZUZZdVRRPT0iLCJ2YWx1ZSI6ImhMcGVSM29iYlNHaElpelUyUkRLVXc9PSIsIm1hYyI6IjVjNGMwYWZjN2MyOTQxNzc0MzYxYTkwNjJmNWI3ZjNkZjUzYmY5OTBiZDY5MzllOTZiNzdhZjYxNmZjNjA3NTcifQ==,,F001772,男女共用トイレあり | 緊急通報装置あり | 調査日=2013-09-11,
45,宮崎県,45404,木城町,,郷の駅「石河内」鹿遊茶屋,,,884-0104,木城町大字石河内414-3,32.218445958289585,131.41522732831734,https://kijokanko.com/spot/124/,yes,,店舗入口手前左手,,,,,,,,,,,,,,,,,,,,,,,,,,multipurpose_toilet,みやざきアクセシビリティ情報マップ,https://m-bfree.pref.miyazaki.lg.jp/a_map/public/facilityAround/eyJpdiI6Im5FVGZCXC9objBYeExOelBmXC9ZYURQdz09IiwidmFsdWUiOiJzbFwvXC9McmZGRHBTSXpvVXBGSGhmZ1E9PSIsIm1hYyI6ImM2OTBiY2Q2ZjlkMDRiZmY5ZGU0NzM1MDkwZmViODg0NjkyYjVlNDY3ZGMxODJmMDdjZmUzMDU2MTk3N2JhYWYifQ==,,F002639,男女共用トイレあり | 緊急通報装置あり | 調査日=2023-01-12,
45,宮崎県,45201,宮崎市,,佐土原地域福祉センター,,,880-0303,宮崎市佐土原町東上那珂12948番地1,32.0214069,131.4345837,http://www.my-shakyo.jp/,yes,,,,,,,,,,,,,,,,,,,,,,,,,,,,multipurpose_toilet,みやざきアクセシビリティ情報マップ,https://m-bfree.pref.miyazaki.lg.jp/a_map/public/facilityAround/eyJpdiI6IkpzMSt3M0hMckFSTmY4UDRWeWlrSGc9PSIsInZhbHVlIjoiNlZjOTBqMnFzWmtSYmpIY1wvM3o0Z2c9PSIsIm1hYyI6IjhjYzFjMDFiYWUzYjE3NjQ4MDM2ZDI0N2M2YTJmOWMxNmIxYWQzN2JlZjA1OWIzYjgxYWZhZTc4YWM0MzQ5ZjIifQ==,,F001350,男女別トイレあり | 緊急通報装置あり | 調査日=2019-11-27,
45,宮崎県,45201,宮崎市,,佐土原地区交流センター,,,880-0301,宮崎市佐土原町上田島1389,32.04724,131.427776,,yes,,,,,,,,yes,,,,,,,,,,,,,,,,,,,,multipurpose_toilet,みやざきアクセシビリティ情報マップ,https://m-bfree.pref.miyazaki.lg.jp/a_map/public/facilityAround/eyJpdiI6IlNsNVJ0SVdTUUpwelc5Wk9JMlFDYkE9PSIsInZhbHVlIjoiTnRMMXlqRHUwd3oxK05DeFA1QWhTQT09IiwibWFjIjoiZWFkOWFhOGZmYThkNWJiM2U5MzQ3ZTI1OWIwODAyZjE5MTJmYzFlNDFlZjg4MDY0YjIyNGU5MjExNDEwNTA1NyJ9,,F000661,男女共用トイレあり,
45,宮崎県,45201,宮崎市,,佐土原町北伊倉地区自治公民館,,,880-0303,宮崎市佐土原町東上那珂4029-10,32.0273606,131.4205035,,yes,,,,,,,,,,,,,,,,,,,,,,,,,,,,multipurpose_toilet,みやざきアクセシビリティ情報マップ,https://m-bfree.pref.miyazaki.lg.jp/a_map/public/facilityAround/eyJpdiI6IlkrSTRVUzV3dnI2aG9SOVVtYkprRkE9PSIsInZhbHVlIjoiZFduVlhVQWZoZXJzVG1sRVNXeWI0dz09IiwibWFjIjoiN2ZkYjZiNjE3N2FkZmJiYjg5NTIzZmJlYWY0M2ZmM2VhMGY3M2EyZDk2ODNhYmY3ZWEyMGI4ODcwY2UyODg3YiJ9,,F001505,男女共用トイレあり,
45,宮崎県,45201,宮崎市,,サニースマイル,,,880-2112,宮崎市大字小松1030-1,31.9377568,131.4035792,http://fureai-fukushi.co.jp/dayly/,yes,,,,,,yes,,,,,,,,,,,,,,,,,,,,,,multipurpose_toilet,みやざきアクセシビリティ情報マップ,https://m-bfree.pref.miyazaki.lg.jp/a_map/public/facilityAround/eyJpdiI6IlRjR0J6TDRyQ0dYMTZtVWxybEQ0RFE9PSIsInZhbHVlIjoiRTBcL2szU2sxWFplZWNHd3k4dEdWUFE9PSIsIm1hYyI6ImQyYThiZGY1NTVjZjdhNTY3ZTExNWJhNDQ0ZDZlOGU1MDEyMjU3N2M3NjRjMDBhMGNhMTVhNWNhZmRiNjY5NDIifQ==,,F001773,男女共用トイレあり | 調査日=2020-03-14,
45,宮崎県,45206,日向市,,医療法人 望洋会 鮫島病院,,,883-0033,日向市大字塩見14168,32.4081939,131.604678,https://sameshima-hp.jp/,yes,,,,,,,,,,,,,,,,,,,,,,,,,,,,multipurpose_toilet,みやざきアクセシビリティ情報マップ,https://m-bfree.pref.miyazaki.lg.jp/a_map/public/facilityAround/eyJpdiI6InAxRG9OYis0TEtqQVZURzlZc1VSdkE9PSIsInZhbHVlIjoiSTJwd0Y3MXNiemticnZlcG0zK0lVUT09IiwibWFjIjoiN2JkNjAyNGZjNzU0NmZhNDU5NDBkOTBmMWEyNTIwOTQwNDU4NzVmYzJlMDhiNTBmOGMyZGNjZWRiMTMzODJmMyJ9,,F001375,男女別トイレあり | 調査日=2013-09-04,
45,宮崎県,45207,串間市,,さわやか公園（福島港 今町地区）,,,888-0001,串間市大字西方14933-4,31.449387,131.2116364,,yes,,屋外,,,,,,,,,,,,,,,,,,,,,,,,,,multipurpose_toilet,みやざきアクセシビリティ情報マップ,https://m-bfree.pref.miyazaki.lg.jp/a_map/public/facilityAround/eyJpdiI6IllvYW8xenNwZVFablZsWnh4eTVHN2c9PSIsInZhbHVlIjoiT3lPcUQ0dlV1UVA4V0c0OFBwdHdTdz09IiwibWFjIjoiNzdiYzU2M2U3M2M2NjUzYTJjYWEzNDgwNjM0YzkxNDY3ZjViYmQwZTFiZmE2MzRhY2Q0YWY1ODU4YjgwYWVmZSJ9,,F002071,男女共用トイレあり | 緊急通報装置あり | 調査日=2019-12-13,
45,宮崎県,45202,都城市,,サン・アビリティーズ都城,,,885-0094,都城市都原町3369,31.7324071,131.0466022,http://miyakonojo-bunka.jp/sun-abilities/,yes,,１階,,,,,,,,,,,,,,,,,,,,,,,,,,multipurpose_toilet,みやざきアクセシビリティ情報マップ,https://m-bfree.pref.miyazaki.lg.jp/a_map/public/facilityAround/eyJpdiI6ImxabWI4NWs2ZWdEVjRjRXJOQTFcL2RnPT0iLCJ2YWx1ZSI6IlpEaURCV1RvUUU4WHUzOEpYOGJcL2NnPT0iLCJtYWMiOiI1MzY2MTVmMWNmNzYyZTBiZDgyNDgzYjk5NGU1MzgxOWJiOTk4MTcxN2YwZWY4ODdmNjU2NTE4ZmRkODA3ODQyIn0=,,F000700,男女別トイレあり | 緊急通報装置あり | 調査日=2019-11-11,
45,宮崎県,45201,宮崎市,,産機サービス研修所,,,889-1602,宮崎市清武町今泉乙365番地2,31.838905084050204,131.37195972982215,,yes,,,,,,yes,,,,,,,,,,,,,,,,,,,,,,multipurpose_toilet,みやざきアクセシビリティ情報マップ,https://m-bfree.pref.miyazaki.lg.jp/a_map/public/facilityAround/eyJpdiI6IkhKMUQ4dDJNWU42cWFpTU5Dcmh3cmc9PSIsInZhbHVlIjoiNTF4OHFpOFoyUFJTRVNlcWczK3cwZz09IiwibWFjIjoiNWRhYzdiYzdlODAzMGE0Y2EwZjA1NmEzOGVmOWY0YWY1NTExMzc5YWZiYzc3ZGUxMTQ4M2ZjMjhlNWFmNjRhMCJ9,,F002653,男女共用トイレあり | 調査日=2023-02-24,
45,宮崎県,45201,宮崎市,,三進パーク宮崎駅西口,,,880-0811,宮崎市錦町7-25,31.9169336,131.431387,,yes,,,,,,,,yes,,,,,,,,,,,,,,,,,,,,multipurpose_toilet,みやざきアクセシビリティ情報マップ,https://m-bfree.pref.miyazaki.lg.jp/a_map/public/facilityAround/eyJpdiI6IjlSbVpMb1ViOWZabzRHbFhsQWs3Vnc9PSIsInZhbHVlIjoiejlBK2RqOWJBcXpIUUlaalRjZTI0UT09IiwibWFjIjoiM2I3MTUyYjM4NDQwYmU3NTdkOTFmYWYzYTE1ZjJhOTI3MmE0YjY5YTk4NzUwZTEwZjYxMjI3YWI3NTUxYzA0OCJ9,,F002055,男女共用トイレあり,
45,宮崎県,45204,日南市,,サンチェリーきたごう,,,889-2401,日南市北郷町大藤甲1519番地1,31.6572125,131.384717,https://www.city.nichinan.lg.jp/soshikikarasagasu/kanko_cruiseka/1/3/5913.html,yes,,1階受付右側,,,,yes,,yes,,yes,,,,,,,,,,,,,,,,,,multipurpose_toilet,みやざきアクセシビリティ情報マップ,https://m-bfree.pref.miyazaki.lg.jp/a_map/public/facilityAround/eyJpdiI6Ims3ZnYzM1wvMmxXRVdneE4wZk9YZ2xRPT0iLCJ2YWx1ZSI6InZmeHBNdVRMUXJmdzZoYTlmeU1sa0E9PSIsIm1hYyI6ImYxZjYwY2JlNDA4ZmRjYTBmOTEwZDAzYmM2MjM5NzhiNmU3YTc5ZjVjMGVkNDFmODFkNDM2ZjA2YTgxNTZjZTcifQ==,,F001566,男女共用トイレあり | 緊急通報装置あり | 着替え台あり | 調査日=2025-11-13,
45,宮崎県,45206,日向市,,サンドーム日向,,,883-0021,日向市大字財光寺1942番地,32.3962677,131.6332793,https://www.hyugacity.jp/display.php?cont=140320130616,yes,,１階,,,,yes,,,,,,,,,,,,,,,,,,,,,,multipurpose_toilet,みやざきアクセシビリティ情報マップ,https://m-bfree.pref.miyazaki.lg.jp/a_map/public/facilityAround/eyJpdiI6Ik96MElaWWpHM2ZFNHdhV0JUMEdPNkE9PSIsInZhbHVlIjoicXg3dWRaNEZBNU9BemEzNGYzMmc5Zz09IiwibWFjIjoiYTJhYmQ3MjZkMDQ4YzE2MThhMDJhMGFmMmQyNmZmNDMxYzkwNjgzZTk5OTAxNTkyZmZhNDljYjEzNzg0MzM4OSJ9,,F000911,男女別トイレあり | 緊急通報装置あり | 調査日=2019-11-11,
45,宮崎県,45203,延岡市,,サンポート島浦公園,,,889-0096,延岡市島浦町388,32.66172885040266,131.81403598052069,,yes,,,,,,,,,,,,,,,,,,,,,,,,,,,,multipurpose_toilet,みやざきアクセシビリティ情報マップ,https://m-bfree.pref.miyazaki.lg.jp/a_map/public/facilityAround/eyJpdiI6Ikk2ajhqamgzM3pyb2pacEVvTFlDakE9PSIsInZhbHVlIjoiYlpEaE5nQVIxMmZHVHl1MGxUU2xWQT09IiwibWFjIjoiYWYzMGMxMzQzZjMwNTJiNDkxMDE5NDdlMzljOWNlNzA4MGNlNzI1M2UyMDk0OGJmYTc0OTU5M2UyOTM1MTZkYyJ9,,F001936,男女共用トイレあり,
45,宮崎県,45201,宮崎市,,サンマリーナ宮崎 艇庫,,,880-0834,宮崎市新別府町前浜1400-16,31.9250687,131.4697775,http://mppf.or.jp/marineparks/,yes,,,,,,,,yes,,,,,,,,,,,,,,,,,,,,multipurpose_toilet,みやざきアクセシビリティ情報マップ,https://m-bfree.pref.miyazaki.lg.jp/a_map/public/facilityAround/eyJpdiI6Ik4ra3dBUDJ0bFdsSnlHVWdHXC9qc1dBPT0iLCJ2YWx1ZSI6Ikx1RmNrXC9BTEhpM1FHVkZ5aGtObkhBPT0iLCJtYWMiOiJiM2MzYjkzZGQwNWI1ZTkwNTNjYWJlZDA4MTBmZWRlODc2ZGZjMzZmYzBmOTg5NDkzNGVkMDdiNmE3MjZlNzhlIn0=,,F001107,男女共用トイレあり,
45,宮崎県,45204,日南市,,サンメッセ日南,,,887-0101,日南市大字宮浦2650,31.6614949,131.4588158,http://www.sun-messe.co.jp/,yes,,売店横 / レストラン横,,,,yes,,,,,,,,,,,,,,,,,,,,,,multipurpose_toilet,みやざきアクセシビリティ情報マップ,https://m-bfree.pref.miyazaki.lg.jp/a_map/public/facilityAround/eyJpdiI6IjhUWEhXRkpia3ozc3V6QmJRT1FnN0E9PSIsInZhbHVlIjoiSk9xMGRUMVlhSlpYNEdSbG5HdXNNQT09IiwibWFjIjoiNzkwYTE5NTI5NzhmOTQ2ZDQ3YTI3OWYyNTdkNDgwNjJjNjQ3NzkwOWViZGJlZDg3ODVhZjgxYmM4MDRhNzUzNiJ9,,F000483,男女共用トイレあり | 男女別トイレあり | 緊急通報装置あり | 調査日=2019-11-11,
45,宮崎県,45201,宮崎市,,サン薬局芳士店,,,880-0123,宮崎市大字芳士祝田1074-5,31.962696,131.442719,,yes,,,,,,,,,,,,,,,,,,,,,,,,,,,,multipurpose_toilet,みやざきアクセシビリティ情報マップ,https://m-bfree.pref.miyazaki.lg.jp/a_map/public/facilityAround/eyJpdiI6IlwvSitURFR0YjNLMXVvNHNrNG5BTlBBPT0iLCJ2YWx1ZSI6InBtME9DKzdBVThWNFBDbUR4T0xsS0E9PSIsIm1hYyI6ImNmZmIzNmZiNTg1MTY5ZjdmNDc4NzE3NjQ2NGVmMGY0ZTBkM2E5NmQxOWEwZjUwNWNjOTUxZWYzZjQxNmRjMTcifQ==,,F000099,男女共用トイレあり,
45,宮崎県,45201,宮崎市,,サンライズ調剤薬局,,,880-0835,宮崎市阿波岐原町坂元2015番2,31.9312107,131.4518858,,yes,,,,,,,,,,,,,,,,,,,,,,,,,,,,multipurpose_toilet,みやざきアクセシビリティ情報マップ,https://m-bfree.pref.miyazaki.lg.jp/a_map/public/facilityAround/eyJpdiI6ImsyTzZHV3NBRVpLSm5COXMwN1htV1E9PSIsInZhbHVlIjoiTklYSnpkMERjOXJsNU9UN3dpMXZQdz09IiwibWFjIjoiMmRkZWM4YTRjZDY4OTBlODBjMzQ1NmQ1MjE1NTZlMzJjNTUxYWJlYjE1Mjk3YjdiYjMzZGQ1OWYxMmI1ODc4NCJ9,,F000062,男女共用トイレあり,
45,宮崎県,45204,日南市,,サンライフ日南,,,887-0034,日南市大字風田3202番地,31.6128012,131.4153881,,yes,,１階,,,,,,,,,,,,,,,,,,,,,,,,,,multipurpose_toilet,みやざきアクセシビリティ情報マップ,https://m-bfree.pref.miyazaki.lg.jp/a_map/public/facilityAround/eyJpdiI6InBvTGtJdDlxbG01cjRqQ2tySnZjXC93PT0iLCJ2YWx1ZSI6Imh1N1VcL0NTdkFiY3NZcG9zSVZ2bWhRPT0iLCJtYWMiOiIxZTI1NjYwNGVkZmZiNTkwNjdlYzAxNzVlNWQ0NTE3ZTIxYjQ1ZjllYjgyYjdlMzQ4ZWFjZjk3NGYyZTc0YmZjIn0=,,F001482,男女共用トイレあり | 緊急通報装置あり | 調査日=2014-06-25,
45,宮崎県,45201,宮崎市,,シーエス不動産コンサルタンツ（ピタットハウス）,,,880-0032,宮崎市霧島2丁目205,31.930396,131.4121319,https://www.618000.jp/index.html,yes,,,,,,yes,,,,yes,,,,,,,,,,,,,,,,,,multipurpose_toilet,みやざきアクセシビリティ情報マップ,https://m-bfree.pref.miyazaki.lg.jp/a_map/public/facilityAround/eyJpdiI6IklMMzRQZ0h0N2ZcL0FwcE9JVk9cL2xGUT09IiwidmFsdWUiOiJ5Q2VOeGNLeTJ3Z3hBUzFocEdnSjRBPT0iLCJtYWMiOiI5N2FiOTU4M2NkODc0ZTQ0YWY3ZGNlZGNmYmY5MzYxMGFjZDA3YmVjNjg5YzI1ZTBiZWNkZWQxOGZjNzRiMTgzIn0=,,F000798,男女共用トイレあり | 調査日=2019-11-11,
45,宮崎県,45201,宮崎市,,シーガイア・フォレスト・コテージ,,,880-8545,宮崎市山崎町浜山,31.9521527,131.4687721,http://www.seagaia.co.jp/,yes,,１階,,,,,,,,,,,,,,,,,,,,,,,,,,multipurpose_toilet,みやざきアクセシビリティ情報マップ,https://m-bfree.pref.miyazaki.lg.jp/a_map/public/facilityAround/eyJpdiI6InZ2ellcL3F0UHlDT09FMWxxbHZkR3l3PT0iLCJ2YWx1ZSI6InROTm5FbWVUQnRrb29JN0QrVzlkNUE9PSIsIm1hYyI6ImNlODI0YjFjNzkwYWNhNWFlOTcwNzgxOWEzZDliMjk1NTJjNmNlYjM3ZTYzMzVmYTc2Yzg4N2E5ZTgzM2JhMTYifQ==,,F001215,男女共用トイレあり | 緊急通報装置あり | 調査日=2013-09-04,
45,宮崎県,45201,宮崎市,,シーガイアコンベンションセンター,,,880-8545,宮崎市山崎町浜山,31.9521527,131.4687721,http://seagaia.co.jp/,yes,,２階 / ３階 / ４階,,,,yes,,,,,,,,,,,,,,,,,,,,,,multipurpose_toilet,みやざきアクセシビリティ情報マップ,https://m-bfree.pref.miyazaki.lg.jp/a_map/public/facilityAround/eyJpdiI6InU2RnNsUU1jOFFNY0pmZVZyUm4xWkE9PSIsInZhbHVlIjoiazZIYWIxSmtCYjRUMVpUVWhISFNSQT09IiwibWFjIjoiN2EyMmM5M2U5OTdlZTMwNTJhMWMxNDgwYzI4NGZhOTU2YTMyODNhYTY5ZWJmYmJlNGVhYTk0Y2ZhNzRmMDYyMSJ9,,F001035,男女共用トイレあり | 緊急通報装置あり | 調査日=2013-09-10,
45,宮崎県,45201,宮崎市,,シーガイアテニスアカデミー,,,880-8545,宮崎市山崎町浜山,31.9521527,131.4687721,https://seagaia.co.jp/event-activity/activity/sport/382,yes,,１階,,,,,,,,,,,,,,,,,,,,,,,,,,multipurpose_toilet,みやざきアクセシビリティ情報マップ,https://m-bfree.pref.miyazaki.lg.jp/a_map/public/facilityAround/eyJpdiI6InFHM2RkcEYwWGh1TWRIYUVHa0J0b3c9PSIsInZhbHVlIjoiMTlSV3l4S3ZodDE1TmJcLytJaTFxcFE9PSIsIm1hYyI6IjAwMWIxOGRkODE1ZDMxZDg1MTJkYzQzNTQ3OThjZTgxZmFhYjYyODJjMjAwOWRkYWJmZWU5MGRhMGNkZDA5YTAifQ==,,F000867,男女共用トイレあり | 緊急通報装置あり | 調査日=2019-11-26,
45,宮崎県,45429,諸塚村,,しいたけの館２１,,,883-1301,諸塚村大字家代3068番地,32.5174998,131.3363105,https://www.morotsuka-tourism.jp/spot/shiitakenoyakata2,yes,,１階,,,,yes,,,,,,,,,,,,,,,,,,,,,,multipurpose_toilet,みやざきアクセシビリティ情報マップ,https://m-bfree.pref.miyazaki.lg.jp/a_map/public/facilityAround/eyJpdiI6IjhQK1ZJRUxoZ0VSVnhHWWFoaXNZZFE9PSIsInZhbHVlIjoiMnFMQlBiUU5IejNHa3dzU05PWFB4Zz09IiwibWFjIjoiY2M1YjhmNjRlOGYxYzdlZDJmYjMzOTA4MzIxMGZjNWY5NTZmMWZmNDQxNWY1ZGU4YmY0ZWU0N2YwZDEyMzBkZiJ9,,F000101,男女共用トイレあり | 緊急通報装置あり | 調査日=2019-11-08,
45,宮崎県,45341,三股町,,椎八重公園,,,889-1911,三股町大字長田5515-1,31.74787,131.212669,https://www.town.mimata.lg.jp/kanko/shiibae-park/,yes,,駐車場北側 / 展望台・アスレチック広場隣,,,,,,,,,,,,,,,,,,,,,,,,,,multipurpose_toilet,みやざきアクセシビリティ情報マップ,https://m-bfree.pref.miyazaki.lg.jp/a_map/public/facilityAround/eyJpdiI6IkRPZkdiSm4xSjZhc3NrYkxNdHppN3c9PSIsInZhbHVlIjoia1wvUzVPZTYxdkJxVjJ0U2VRKys1aXc9PSIsIm1hYyI6ImU2MTEyYjMzYzc0OTk0MWRmY2RmYjYzY2Q3OGUxODIxZTA3MjhiNjU3ODVlMjM4NmQ5MDhlNjEzMGI0MTgxYjkifQ==,,F002589,男女共用トイレあり | 男女別トイレあり | 調査日=2022-07-22,
45,宮崎県,45430,椎葉村,,椎葉村開発センター,,,883-1601,椎葉村大字下福良1761番地1,32.4678241,131.1589591,,yes,,１階,,,,,,yes,,,,,,,,,,,,,,,,,,,,multipurpose_toilet,みやざきアクセシビリティ情報マップ,https://m-bfree.pref.miyazaki.lg.jp/a_map/public/facilityAround/eyJpdiI6Impkd3V3aEM5clZjMWxXT3RHNTdxSXc9PSIsInZhbHVlIjoieTBSNnFhb3FSNjU5RGs1c0FYZHBtdz09IiwibWFjIjoiYTUxN2E2ODQwMDkwZjBmY2YwNzYzNTkxMDUyYzVmMDc5NDc4ZTJmYzQyOTJjNzM1ZWE3NGU3OThlZjNkM2RmMCJ9,,F000423,男女別トイレあり | 緊急通報装置あり | 調査日=2013-09-02,
45,宮崎県,45430,椎葉村,,一般社団法人椎葉村観光協会,,,883-1601,椎葉村大字下福良１８２６－１０８,32.466606,131.15589,http://www.shiibakanko.jp/,yes,,室内,,,,yes,,,,,yes,,,,,,,,,,,,,,,,,multipurpose_toilet,みやざきアクセシビリティ情報マップ,https://m-bfree.pref.miyazaki.lg.jp/a_map/public/facilityAround/eyJpdiI6InpVXC9vREpmQ05TbkY4SFwvb0pjcjdPQT09IiwidmFsdWUiOiJ1VlFHT2VYOVErXC9oZzdPaUlIaHdsdz09IiwibWFjIjoiYTFhODBlNjI0ZTQ0YjlmZjdlMjhmMDBiMjY5NmUwNmQ1NGRlYjI2NGNmZDg2Y2M1YjY3ZjExM2VkNGFiZDZkOCJ9,,F002481,男女共用トイレあり | 緊急通報装置あり | 調査日=2020-08-20,
45,宮崎県,45430,椎葉村,,椎葉村交流拠点施設Katerie,,,883-1601,椎葉村大字下福良1829－70,32.458116,131.1538,https://katerie.jp/,yes,,１階 / ２階,,,,yes,,yes,,yes,yes,,,,,,,,,,,,,,,,,multipurpose_toilet,みやざきアクセシビリティ情報マップ,https://m-bfree.pref.miyazaki.lg.jp/a_map/public/facilityAround/eyJpdiI6IjBpSGZTOFpKcjZXcDFMbGJlOXJBWGc9PSIsInZhbHVlIjoidXNXYm1Gek9UMUY2NFE2VUVpaDZ2dz09IiwibWFjIjoiMWQzOWUxYzQzZWVmOGJjZjEwODc1ZmVmYWE0MWEzZTM1Y2YzNTgzNzM2YmJkOWE4OTZkZTQ4MDcxYWVkMzZiZSJ9,,F002482,男女共用トイレあり | 緊急通報装置あり | 着替え台あり | 調査日=2023-10-02,
45,宮崎県,45430,椎葉村,,椎葉村高齢者センター,,,883-1601,椎葉村大字下福良1761番地1,32.4678241,131.1589591,,yes,,,,,,yes,,yes,,,,,,,,,,,,,,,,,,,,multipurpose_toilet,みやざきアクセシビリティ情報マップ,https://m-bfree.pref.miyazaki.lg.jp/a_map/public/facilityAround/eyJpdiI6InZQSCtLdHBOT2MxMm1EWVNTVTBUZXc9PSIsInZhbHVlIjoiNXcxUTFNbEVYOVFWcVM0SDdSdFZWdz09IiwibWFjIjoiOWE2OThhMjQ2Mjc5M2UwMjVmMmQyN2NiYWE1NWUyNmZhODJjNTU4ZjVhZGVkMjU2YzczMGQyOGE5MTlmNmY3NiJ9,,F000427,男女共用トイレあり | 調査日=2013-09-05,
45,宮崎県,45430,椎葉村,,椎葉村国民健康保険病院,,,883-1601,椎葉村大字下福良1747番地5,32.4656013,131.1556723,https://www.vill.shiiba.miyazaki.jp/hospital/,yes,,２階,,,,yes,,,,,,,,,,,,,,,,,,,,,,multipurpose_toilet,みやざきアクセシビリティ情報マップ,https://m-bfree.pref.miyazaki.lg.jp/a_map/public/facilityAround/eyJpdiI6ImV1Y2Nsajh1SHFVT3E4TmNWTEtxa2c9PSIsInZhbHVlIjoicGFNeEJGNnpHT1Zhd2l3emZRRG1VQT09IiwibWFjIjoiZjMzNGExY2UyNjliN2YwM2ZkYzBmOTlmMTAxZTJhN2M0OTU4OTQ4M2ZmMDFhZTdkZTIwZDY4YTQzNGJmMDliOSJ9,,F000412,男女共用トイレあり | 緊急通報装置あり | 調査日=2002-09-26,
45,宮崎県,45430,椎葉村,,椎葉村総合グラウンド公衆トイレ,,,883-1601,椎葉村大字下福良54-2,32.4565174,131.1478096,,yes,,屋外,,,,,,yes,,,,,,,,,,,,,,,,,,,,multipurpose_toilet,みやざきアクセシビリティ情報マップ,https://m-bfree.pref.miyazaki.lg.jp/a_map/public/facilityAround/eyJpdiI6InF1ZUFBdThFaUZvcStoREZwcG1cL3hnPT0iLCJ2YWx1ZSI6ImJvQUYza0tTTVc3MHpHamE0NHZWM2c9PSIsIm1hYyI6ImIyMjIyNWQ0YTVlZWFmNGU4M2MzNzNiZGY4YzIxODljMzlmN2UwZDhjMmIyMDA3ZmQxYmIwODQzNjFlYWE2ZjgifQ==,,F000511,男女共用トイレあり | 緊急通報装置あり | 調査日=2020-08-21,
45,宮崎県,45430,椎葉村,,椎葉村総合保健センター「すこやか館」,,,883-1601,椎葉村大字下福良1762-1,32.4673151,131.1583023,,yes,,１階,,,,yes,,yes,,,,,,,,,,,,,,,,,,,,multipurpose_toilet,みやざきアクセシビリティ情報マップ,https://m-bfree.pref.miyazaki.lg.jp/a_map/public/facilityAround/eyJpdiI6InEzc1ZublJiYzRwcWVuRERKa3QrVmc9PSIsInZhbHVlIjoiclFpbUdoOFwvV0NhWnFSRGpSK2JWK3c9PSIsIm1hYyI6IjI1ZDMwZjlkZTBmOGM2ZjkwN2FhZjA3ZDYzYmZkN2I3NGZmYjljZGExZWJmNmE4NGIyOTMyODVlM2Y0ZmZhMDkifQ==,,F000428,男女共用トイレあり | 緊急通報装置あり | 調査日=2019-11-15,
45,宮崎県,45430,椎葉村,,椎葉村体育館,,,883-1601,椎葉村大字下福良54番地2,32.4565174,131.1478096,,yes,,１階,,,,,,,,,,,,,,,,,,,,,,,,,,multipurpose_toilet,みやざきアクセシビリティ情報マップ,https://m-bfree.pref.miyazaki.lg.jp/a_map/public/facilityAround/eyJpdiI6ImxvRzhsTUt6ajVXeVg5SHVHUHQ0UVE9PSIsInZhbHVlIjoiVXlGdkFqK2M5Y2gzXC9EYXFjaU5JQXc9PSIsIm1hYyI6IjNjMmE4NDFhZjJiNmY1NjI3NWY5MDY3ODkyMjZhYTQwMjliYzc4NzQ1ZjNkNTkzMTE4NjliZDE1MzlhNWVhYzkifQ==,,F000451,男女共用トイレあり | 調査日=2020-08-21,
45,宮崎県,45430,椎葉村,,椎葉村物産センター「平家本陣」,,,883-1601,椎葉村大字下福良那須橋509番地23,32.469076,131.198968,https://www.shiibakanko.jp/tourism/eat/eat5,yes,,屋外,,,,,,,,,,,,,,,,,,,,,,,,,,multipurpose_toilet,みやざきアクセシビリティ情報マップ,https://m-bfree.pref.miyazaki.lg.jp/a_map/public/facilityAround/eyJpdiI6IjdrMWI3U0IzVk5rK3JncGZneHlOUlE9PSIsInZhbHVlIjoiUUtDOTNOMlFOemN1ZUl0TzRQaHcwUT09IiwibWFjIjoiMDYxYmQzNDk2NmE4OTkzZTZhMTRkZGRhNzg2NGQ3OGY2MjYwMzFkZTk3ZTExNWRjOGZiZmEwNmQxNTI2MTc2YSJ9,,F000421,男女共用トイレあり | 緊急通報装置あり | 調査日=2023-10-02,
45,宮崎県,45430,椎葉村,,椎葉村役場,,,883-1601,椎葉村大字下福良1762番地1,32.4673151,131.1583023,https://www.vill.shiiba.miyazaki.jp/,yes,,２階,,,,,,yes,,,,,,,,,,,,,,,,,,,,multipurpose_toilet,みやざきアクセシビリティ情報マップ,https://m-bfree.pref.miyazaki.lg.jp/a_map/public/facilityAround/eyJpdiI6IkpLVnA5Vmx4SkprbFNEMEgraHR2OGc9PSIsInZhbHVlIjoiYkdaSzVZY3cwV2s2YWtSNDFmcmFEdz09IiwibWFjIjoiNDQ0N2QwMWNiNzE0MDc2NjA3M2FiZTAxY2NiOGUwYzEzZDI3MDc3ZjljMzNmOTBlYjAwZWExZmMwY2ZlZmRjNCJ9,,F001354,男女共用トイレあり | 緊急通報装置あり | 調査日=2020-08-20,
45,宮崎県,45430,椎葉村,,椎葉民俗芸能博物館,,,883-1601,椎葉村大字下福良1822番地4,32.463961,131.1552892,http://www.shiibakanko.jp/tourism/spot/spot3,yes,,1階、屋内,,,,,,,,,,,,,,,,,,,,,,,,,,multipurpose_toilet,みやざきアクセシビリティ情報マップ,https://m-bfree.pref.miyazaki.lg.jp/a_map/public/facilityAround/eyJpdiI6IjFOZ2NTSGNibHZHdG8ra0FsM21cL2x3PT0iLCJ2YWx1ZSI6ImIxNm5EREtMQmltbjhYS3hyYUhMd2c9PSIsIm1hYyI6ImMyZjhiODRiZDk5Y2FmNjUwYzIzNzg3ZGIwYzRmMjg1MGNkYjcyMjc2YWIxMWRjOTUwMzY0MGY2Mzc2Nzk4ZmQifQ==,,F001768,男女共用トイレあり | 緊急通報装置あり | 調査日=2024-10-23,
45,宮崎県,45361,高原町,,ＪＡこばやし高原支所,,,889-4412,高原町大字西麓555-3,31.9265109,130.9961847,http://kobayashi.ja-miyazaki.jp/takaharu.php,yes,,１階,,,,,,,,,,,,,,,,,,,,,,,,,,multipurpose_toilet,みやざきアクセシビリティ情報マップ,https://m-bfree.pref.miyazaki.lg.jp/a_map/public/facilityAround/eyJpdiI6InBKUWFnV0UrTHBkMkh0bHFRK0s2alE9PSIsInZhbHVlIjoiWDNDcndFcEZobU9lSEFUckFoWHVPZz09IiwibWFjIjoiMDU2ZTRlMzRmZjBkYThkMzFmYzJkOGMzMzFlMGY3NTYyYmQzMmMwYzQ5MzM3MjdiYWMzYmQyOGJlNmZkMTJmYiJ9,,F001300,男女共用トイレあり | 緊急通報装置あり | 調査日=2013-09-18,
45,宮崎県,45206,日向市,,ＪＡ日向生産者直売所八菜館ひゅうが店,,,883-0034,日向市大字富高字小松崎299-1,32.4431467,131.5961906,http://www.yappamiyazaki.jp/store/search.php?codeNumber=1265764549,yes,,屋外,,,,,,,,,,,,,,,,,,,,,,,,,,multipurpose_toilet,みやざきアクセシビリティ情報マップ,https://m-bfree.pref.miyazaki.lg.jp/a_map/public/facilityAround/eyJpdiI6IkhrbUJ0QkxYNkNjTXI2VnpDUWF0VGc9PSIsInZhbHVlIjoidjNwTXlvSnlKTnN4clhZY3NwMzFXUT09IiwibWFjIjoiNTZjMjNhNGU5YWM3NGRhMjA4MmU0OTAyODdjNjEyYTVlYzZkMWMzMWM4ZWQ3YjA3ZjNiNTI5NzFiZjRkNGRmNiJ9,,F000964,男女共用トイレあり | 緊急通報装置あり | 調査日=2019-11-14,
45,宮崎県,45201,宮崎市,,JR九州ホテル 宮崎,,,880-0811,宮崎市錦町1-10,31.9164023,131.4314619,https://www.jrk-hotels.co.jp/Miyazaki/,yes,,ホテル出入口近く（8F)・KITENビル各フロアにも1つづつある,,,,yes,,,,,yes,,,,,,,,,,,,,,,,,multipurpose_toilet,みやざきアクセシビリティ情報マップ,https://m-bfree.pref.miyazaki.lg.jp/a_map/public/facilityAround/eyJpdiI6IlZQYUVncll5VCtiQWpaV1B5dTZ0d3c9PSIsInZhbHVlIjoia1BKZ0lxWGRCMzNnZkxDZFFqT2hhQT09IiwibWFjIjoiNzU5ZDg1YzVkMTI0ODk0MTkyZTM4ZmYyZmJjNjIzNWFkNzg0MjgwMzA4NjJiYzRiYjIwYzgyMjEyNDA0MDRkZCJ9,,F002436,男女共用トイレあり | 緊急通報装置あり | 調査日=2019-11-12,
45,宮崎県,45206,日向市,,ＪＡ日向本店,,,883-0052,日向市鶴町1丁目3番12号,32.4265527,131.6286475,http://hyuga.ja-miyazaki.jp/,yes,,屋内,,,,yes,,,,,,,,,,,,,,,,,,,,,,multipurpose_toilet,みやざきアクセシビリティ情報マップ,https://m-bfree.pref.miyazaki.lg.jp/a_map/public/facilityAround/eyJpdiI6InVoXC8ycXE5blp6TTdFSjdOR3Rqc0RBPT0iLCJ2YWx1ZSI6IjB4YTAxWHJXb3VreXdCM2wwOWRobGc9PSIsIm1hYyI6IjIwMDc5MDU3MjJmYjI4MmZjMWVhNmQzMjNjNTVkMmFkM2VhYTAwMWM3MGNjNGI4MjRhOWQzOTI3ZDJkZTFlM2YifQ==,,F000930,男女共用トイレあり | 調査日=2019-11-18,
45,宮崎県,45201,宮崎市,,ＪＡこばやし百笑村大塚店,,,880-0951,宮崎市大塚町樋ノ口2003,31.9183185,131.3970577,http://kobayashi.ja-miyazaki.jp/hyakusyomura.php,yes,,,,,,,,,,,,,,,,,,,,,,,,,,,,multipurpose_toilet,みやざきアクセシビリティ情報マップ,https://m-bfree.pref.miyazaki.lg.jp/a_map/public/facilityAround/eyJpdiI6ImZUWXpxOG9Pd2FBWU5qMXZtWlJxK2c9PSIsInZhbHVlIjoiaEhsRWROdWh5ZHZYTzRtc1Q0U3gydz09IiwibWFjIjoiZmM0ODRhZWQwZWRhNGUxNmNhY2I1NmIwOThlNjFmMDBkZTE2YjdlYzI5ODliMjRlMjRiNjEzMzA4N2UzZThiMyJ9,,F000812,男女共用トイレあり,
45,宮崎県,45201,宮崎市,,プリエール宮崎 田野ホール,,,889-1702,宮崎市田野町乙9358番地,31.8375138,131.2976804,https://www.priere-group.jp/hall27.html,yes,,,,,,,,,,,,,,,,,,,,,,,,,,,,multipurpose_toilet,みやざきアクセシビリティ情報マップ,https://m-bfree.pref.miyazaki.lg.jp/a_map/public/facilityAround/eyJpdiI6ImNlZHV2TE5XVUpoMW9TZnMrcVlyMlE9PSIsInZhbHVlIjoiWFdLSU9RR2VIMGZ1dVwvMU9WOFwvT3BnPT0iLCJtYWMiOiJhZTIxZWI2MjBjZmQ2NjA1MjM0MjIxNGUyODQ0OGNhNDJjMGE3NDkzN2I2MGYxZmIzODZlNDAzMzk0NDk3NmE3In0=,,F000940,男女共用トイレあり,
45,宮崎県,45201,宮崎市,,慈英病院,,,880-0853,宮崎市中西町160番地,31.9052232,131.4457476,https://www.jiei.jp,yes,,1階,,,,,,yes,,,,,,,,,,,,,,,,,,,,multipurpose_toilet,みやざきアクセシビリティ情報マップ,https://m-bfree.pref.miyazaki.lg.jp/a_map/public/facilityAround/eyJpdiI6IkZvM3FLNUJkaW1PcGZXU0dGVndFRlE9PSIsInZhbHVlIjoiaUYzMUlPbGVvdHlqaXNwZGhOUVlOdz09IiwibWFjIjoiYmZjYjJhODcxZDJmYWQwOWMxZTNkNDQ2MGI1OWZhMDY5MjNmOTBjMjBhOGVhNjQzMzkyM2IyNTQ4YzdjODY0MSJ9,,F000903,男女共用トイレあり | 緊急通報装置あり | 調査日=2019-11-20,
45,宮崎県,45201,宮崎市,,幼保連携型認定こども園 潮見保育園,,,880-0853,宮崎市中西町52-1,31.9049065,131.4424632,http://shiomikko.com/,yes,,,,,,,,,,,,,,,,,,,,,,,,,,,,multipurpose_toilet,みやざきアクセシビリティ情報マップ,https://m-bfree.pref.miyazaki.lg.jp/a_map/public/facilityAround/eyJpdiI6IjJHemlyQ1VwWXQzV1Z2RkNvUnNlK1E9PSIsInZhbHVlIjoiZkFzWVF2aHFMR1VDOHMwY0J0SXZ1UT09IiwibWFjIjoiYjNiZjJkMDQ4ZjE3ZWVmOTdhYmQzNDAzOTI5NGM4MWUwZTljZTg4N2U1MjYwYWZiZTgzMTc1MmU4OTJlMTU3MiJ9,,F000334,男女共用トイレあり | 調査日=2009-11-20,
45,宮崎県,45201,宮崎市,,しおもりクリニック,,,889-1608,宮崎市清武町池田台北34番40,31.8804738,131.3949261,https://shiomoriclinic.jimdo.com/,yes,,,,,,,,,,,,,,,,,,,,,,,,,,,,multipurpose_toilet,みやざきアクセシビリティ情報マップ,https://m-bfree.pref.miyazaki.lg.jp/a_map/public/facilityAround/eyJpdiI6IjNjXC9Qc1prQzF2KzJ0RHV4Wm94UkJRPT0iLCJ2YWx1ZSI6IktNNTd2aVk4SE5nN3hHaDBSeEdXQ3c9PSIsIm1hYyI6IjcxOGExNzVjZjFiZTk4Y2EyZTUwZjYyY2QwZjQyN2RmNWU3NTRmNzNhZGZhODU3ZTM4MzdkZjAyYThhZGM2NjYifQ==,,F000119,男女共用トイレあり,
45,宮崎県,45201,宮崎市,,医療法人朋詠会 獅子目整形外科病院（外来棟）,,,880-0121,宮崎市大字島之内境田6654番1、6654番3、6653番1、6653番3、6379番、6380番、6381番、6384番2,31.9822,131.44775,,yes,,,,,,,,,,,,,,,,,,,,,,,,,,,,multipurpose_toilet,みやざきアクセシビリティ情報マップ,https://m-bfree.pref.miyazaki.lg.jp/a_map/public/facilityAround/eyJpdiI6ImIzS1djTWFWcFo3QkR1QTMxTnhucFE9PSIsInZhbHVlIjoiamtVZGthamhKcjNVT3FBYklHU0N0QT09IiwibWFjIjoiNjdhMmNiMmY3YzE3OGZmNWJiZGZlYzJjZWYyNTgwMzNmYzA3MjMyNWViNzljNGNhODY5NWU3OTViODI4NzdkZiJ9,,F002562,緊急通報装置あり | 調査日=2022-01-06,
45,宮崎県,45431,美郷町,,地蔵の里,,,889-0901,美郷町北郷宇納間35,32.5033906,131.4421132,https://www.visit-misato.jp/shopinfo/jizounokura/,yes,,,,,,yes,,,,,yes,,,,,,,,,,,,,,,,,multipurpose_toilet,みやざきアクセシビリティ情報マップ,https://m-bfree.pref.miyazaki.lg.jp/a_map/public/facilityAround/eyJpdiI6InQ5Y0lDaWJRYWM5WmZ3N0VIcVZGbFE9PSIsInZhbHVlIjoiTlhCdmpQVnE0VE1ja0piUExFQmlVUT09IiwibWFjIjoiZmNjZTFjMzdiOTZlYjQ4MmJlMTAyOTlmMDk4MzUzZDBjNzQ2OWQ2ZTZkMGM5NDc4Mjc2NzRjNGU0Nzg1MmIxNyJ9,,F002853,男女共用トイレあり | 調査日=2025-03-17,
45,宮崎県,45443,五ヶ瀬町,,しだれ桜の里 観光トイレ,,,882-1203,五ヶ瀬町大字三ヶ所8405-1,32.6706239,131.2125917,,yes,,屋外,,,,,,,,,,,,,,,,,,,,,,,,,,multipurpose_toilet,みやざきアクセシビリティ情報マップ,https://m-bfree.pref.miyazaki.lg.jp/a_map/public/facilityAround/eyJpdiI6IjVpbXpzYitpUE9NRkZqS2FCK0EyZmc9PSIsInZhbHVlIjoid1RCbHNiWm5aWTB1UzlUQVNLUVBoZz09IiwibWFjIjoiMzM4YjQ4YTM4ODU5NzViNTUwZjZiZDg4NTI3YTJlNDk1MzZhMzAzZjlkZWRiZTIzMWYyY2M3ZmRjY2Y4NGUzNCJ9,,F000437,男女共用トイレあり | 緊急通報装置あり | 調査日=2002-09-18,
45,宮崎県,45430,椎葉村,,児童公園（椎葉村観光協会隣）,,,883-1601,椎葉村大字下福良,32.4638756,131.1555707,,yes,,屋外,,,,,,,,,,,,,,,,,,,,,,,,,,multipurpose_toilet,みやざきアクセシビリティ情報マップ,https://m-bfree.pref.miyazaki.lg.jp/a_map/public/facilityAround/eyJpdiI6ImwrVnM3U0Zuc281cCsweXhGV2dvWnc9PSIsInZhbHVlIjoiZzRKVWRyWEFwQWphQ0wxWmhabE5NUT09IiwibWFjIjoiNGUxMWVlNjgyOTA5YmE1YzhlMTM5NTUyZWQ0MjFjYTI3Y2VjMjIxNGYxMmIxZDhmZDY3YWZhMTg3NGY1YTg2ZiJ9,,F001975,男女共用トイレあり | 緊急通報装置あり | 調査日=2020-08-21,
45,宮崎県,45201,宮崎市,,児童養護施設 みんせいかん,,,880-0835,宮崎市阿波岐原町前浜4276番705,31.9390256,131.4631693,http://www.fukushikai.or.jp/j-minsei/,yes,,,,,,,,,,,,,,,,,,,,,,,,,,,,multipurpose_toilet,みやざきアクセシビリティ情報マップ,https://m-bfree.pref.miyazaki.lg.jp/a_map/public/facilityAround/eyJpdiI6IkdTcFwvTTBGRzhvaE5idFRNWkJYVlZRPT0iLCJ2YWx1ZSI6IjViRXJ3bmJMWjVZQlJaUCt1dTFOMkE9PSIsIm1hYyI6IjEyNDM2ZTBiODg4NmMyMWMxNWMyZTQ5NjBmOGFmNzkxYjExN2ViNzE1ZmNlM2YwNzM4ZDFlMTU2OTc0NmRjZTUifQ==,,F001725,男女共用トイレあり | 調査日=2019-11-19,
45,宮崎県,45405,川南町,,児童養護施設金鈴学園,,,889-1301,川南町大字川南22843,32.2167142,131.5405327,http://www.kinrei.or.jp/,yes,,１階,,,,yes,,,,,,,,,,,,,,,,,,,,,,multipurpose_toilet,みやざきアクセシビリティ情報マップ,https://m-bfree.pref.miyazaki.lg.jp/a_map/public/facilityAround/eyJpdiI6Ik1WZHdjK2RITFBXd3RUelpzQVVObWc9PSIsInZhbHVlIjoiOU85MVRnZkhiaEFFWHU1WHFcL1hNR0E9PSIsIm1hYyI6IjJmNDY2NzY5ZmE5ZjYzZTI2YTY0ZGRjZWViYTk1ZmU2MjBhZWQ5YjIyZjE2N2UxZjU2ODM2MzMwMTRiN2M2ODgifQ==,,F000258,男女共用トイレあり | 調査日=2019-11-14,
45,宮崎県,45201,宮崎市,,柴田眼科,,,880-0872,宮崎市永楽町131番地,31.9063324,131.4355141,,yes,,,,,,yes,,,,,,,,,,,,,,,,,,,,,,multipurpose_toilet,みやざきアクセシビリティ情報マップ,https://m-bfree.pref.miyazaki.lg.jp/a_map/public/facilityAround/eyJpdiI6Ik1VWGVEdk81UXE0ejhPVVwvYVwvY2VRQT09IiwidmFsdWUiOiI2c2QyNktDUDNHWG45OFE1emVBZmVBPT0iLCJtYWMiOiJlM2I1YTFkOGJjODc2OWFmYzViMmNiMGNiZDE5YmY2ZGY1MDY2YWNmZDZkYWJhYjY5NTk2MzQ3MGRlYzY4ODdhIn0=,,F001262,男女別トイレあり | 調査日=2019-11-12,
45,宮崎県,45207,串間市,,志布志湾大黒イルカランド,,,888-0002,串間市高松1481-3,31.460766,131.160957,http://irukaland.com/,yes,,イルカ館3Fのペンギンハウス横 / イルカ館1F / 海鮮市場内,,,,yes,,,,yes,yes,,,,,,,,,,,,,,,,,multipurpose_toilet,みやざきアクセシビリティ情報マップ,https://m-bfree.pref.miyazaki.lg.jp/a_map/public/facilityAround/eyJpdiI6InpZVEF3Zm81ODZkVHVrdDJodVllK2c9PSIsInZhbHVlIjoiSVJSNGRpdnhnRGdGZnpSdUFmNHVkdz09IiwibWFjIjoiODM3ZDc3YmNiYWU5NDRmMTFmYTk1MDJmMTkzYjVlZTkwMDMxZjYxYjk4NDhlNGE1YzQzMDY0NzY3Yzg2ZDU1ZCJ9,,F002805,男女共用トイレあり | 緊急通報装置あり | 調査日=2024-11-21,
45,宮崎県,45203,延岡市,,島浦行きフェリー・高速船乗場（浦城港）,,,882-0095,延岡市浦城町5,32.646296262337636,131.7664407209709,https://www.city.nobeoka.miyazaki.jp/soshiki/4/2870.html,yes,,１階正面入口左手,,,,yes,,yes,,,,,,,,,,,,,,,,,,,,multipurpose_toilet,みやざきアクセシビリティ情報マップ,https://m-bfree.pref.miyazaki.lg.jp/a_map/public/facilityAround/eyJpdiI6IjE3dlRYdmREemFJbkZOS1NJOHBnUFE9PSIsInZhbHVlIjoiV2pxZEx1NFc5WmJvRXZCM0UrazdTQT09IiwibWFjIjoiZWRiYTJlMWYzOWY2YjM4NWY0Njk0MGIzYzc1M2NjNmVlOWIyZGQyNDVjMmRkNWU5ODNjNGFmZTg4NmE1OWY1ZSJ9,,F002598,男女共用トイレあり | 緊急通報装置あり | 調査日=2022-09-09,
45,宮崎県,45204,日南市,,島田内科胃腸科,,,887-0012,日南市園田1-2-10,31.5900484,131.3996112,,yes,,院内,,,,yes,,,,,,,,,,,,,,,,,,,,,,multipurpose_toilet,みやざきアクセシビリティ情報マップ,https://m-bfree.pref.miyazaki.lg.jp/a_map/public/facilityAround/eyJpdiI6IlQwakJNdjZYRlwvSHhyNHJWaE1uZWpBPT0iLCJ2YWx1ZSI6IitqZk1kWUdUaXhIZFpXbDdWSnB6U0E9PSIsIm1hYyI6Ijk5NTQ0ODY0NTc3ZTEyZGNiOTJhMmZhNGFhODEzMWQ2MDcxMjI2YWNlMDg1ZTkzN2IyYzI1NWRiOGJiYTU4YjEifQ==,,F001584,男女共用トイレあり | 緊急通報装置あり | 調査日=2019-11-11,
45,宮崎県,45203,延岡市,,島の浦漁港地下公園,,,,延岡市島浦町,32.66635535932608,131.81467539597818,,yes,,,,,,,,,,,,,,,,,,,,,,,,,,,,multipurpose_toilet,みやざきアクセシビリティ情報マップ,https://m-bfree.pref.miyazaki.lg.jp/a_map/public/facilityAround/eyJpdiI6IlJBOHd4VjFydlpqMGVHMDVOM2V4ZHc9PSIsInZhbHVlIjoiUVdGeEo1UlByTkpTcTdLbzVkeEVYUT09IiwibWFjIjoiZTE0YTZkYmQxMzMyZDk4NWM4OGI5MzEzMjcxMGM2ZWRmZGY4N2I0OWI0NjliNDVmNTIwNjBiZDMwMTg3MjBmMyJ9,,F001935,男女共用トイレあり,
45,宮崎県,45201,宮崎市,,(医)社団善仁会 市民の森病院,,,880-0122,宮崎市大字塩路2783-37,31.9656396,131.468417,http://www.m-zenjin.or.jp/shimin/,yes,,１階,,,,yes,,,,,,,,,,,,,,,,,,,,,,multipurpose_toilet,みやざきアクセシビリティ情報マップ,https://m-bfree.pref.miyazaki.lg.jp/a_map/public/facilityAround/eyJpdiI6IjFBckdOMkZCSU5QSGN5NENZRE40T0E9PSIsInZhbHVlIjoibUo4U2JwcklkVkFmdlBqMjFqSmtvZz09IiwibWFjIjoiZGIxZjY5MTUwMjkxN2I4N2E0ZDgxYTZhY2IyMjY4YmRmY2Y3ZGY4NGFiNDZkNWU3MjhjMGRlMDQ2OWFiNDBjZiJ9,,F001165,男女共用トイレあり | 緊急通報装置あり | 調査日=2002-09-05,
45,宮崎県,45201,宮崎市,,下北方保育園,,,880-0035,宮崎市下北方町字塚原5821-20,31.9445299,131.4110204,http://shimokitakata-hoikuen.com/,yes,,,,,,,,,,,,,,,,,,,,,,,,,,,,multipurpose_toilet,みやざきアクセシビリティ情報マップ,https://m-bfree.pref.miyazaki.lg.jp/a_map/public/facilityAround/eyJpdiI6ImVMcmxjTzRuRzVhU2FFUUpwbHg1cmc9PSIsInZhbHVlIjoibEtwN1ZjNXhLK1J3akFIUjBGR053UT09IiwibWFjIjoiMjhlMzZiZDA0OTFhOTMyM2M5NjU5OTA3NjAxYTkzYmVkZjE5NTUxYzRlNGJkNGMxOGQ1MGRhZDdkMWY2ZTQxOSJ9,,F001782,男女共用トイレあり,
45,宮崎県,45201,宮崎市,,下小松街区公園トイレ,,,880-2112,宮崎市大字小松字下川原1203-83,31.9355908,131.4037003,,yes,,,,,,,,,,yes,,,,,,,,,,,,,,,,,,multipurpose_toilet,みやざきアクセシビリティ情報マップ,https://m-bfree.pref.miyazaki.lg.jp/a_map/public/facilityAround/eyJpdiI6Im96XC8wblJyVzEzaFlZNVBzUXhVZFBRPT0iLCJ2YWx1ZSI6Inp5MDRPV0V2RXpkTW5pbmFHT3FVdkE9PSIsIm1hYyI6IjkyYzcxM2FmYmIyY2M3NDNjNGY3MTc0YTVhY2MyNGVlZjdmZmU0MmJmNDVmYWI5MDQyNDkxMjc3MDNlMjQ0ZjMifQ==,,F002031,男女共用トイレあり | 緊急通報装置あり | 調査日=2019-12-09,
45,宮崎県,45201,宮崎市,,下畑地区公民館,,,880-0125,宮崎市大字広原4539,32.0086041,131.4066335,,yes,,,,,,,,,,,,,,,,,,,,,,,,,,,,multipurpose_toilet,みやざきアクセシビリティ情報マップ,https://m-bfree.pref.miyazaki.lg.jp/a_map/public/facilityAround/eyJpdiI6IjB0bjFPa20xVkFqeHhXM05SSjM0ZVE9PSIsInZhbHVlIjoiZXFwc3pPM3BpTWlVSTlDVmEwU3FxZz09IiwibWFjIjoiYmE0YTg4ZDdkYzIxYjU2ZjAxYzllYjc2NGFiYzE1MTI1MGQzOTgyNzk2MzQyNzYzYmIzZDcwYjcwYThiOThkNCJ9,,F000462,男女共用トイレあり,
45,宮崎県,45205,小林市,,下村歯科医院,,,886-0004,小林市細野63-5（宮崎銀行仲町出張所前）,31.994037,130.981576,http://www.shimomura-sika.com/,yes,,,,,,yes,,,,,,,,,,,,,,,,,,,,,,multipurpose_toilet,みやざきアクセシビリティ情報マップ,https://m-bfree.pref.miyazaki.lg.jp/a_map/public/facilityAround/eyJpdiI6Ikl4ckpYYVI1ejlhdmVOUUZTRnFiOEE9PSIsInZhbHVlIjoiTnBUMXdTVDFZak96NndSRXl1bVdEdz09IiwibWFjIjoiMTBiY2NiZDcxMTYxMmYwMTVmN2RmOGE5ZGI4NTliOWZiMmUwOWQzOWQ4NjFhMWU4ZTVhNTkxZjc5N2UxZDQ3ZCJ9,,F001901,男女共用トイレあり | 着替え台あり | 調査日=2019-11-11,
45,宮崎県,45206,日向市,,社会就労センター 日向共働社,,,883-0021,日向市大字財光寺字岩淵3541番地1,32.3956299,131.6236296,http://www.h-kyodosha.jp/,yes,,,,,,yes,,,,,,,,,,,,,,,,,,,,,,multipurpose_toilet,みやざきアクセシビリティ情報マップ,https://m-bfree.pref.miyazaki.lg.jp/a_map/public/facilityAround/eyJpdiI6IkFGNXNVM0dPTHF3aHljNWRSR1RcL2l3PT0iLCJ2YWx1ZSI6InpmN3I5UUM1YTdDRHNXQmI1d1ZQRFE9PSIsIm1hYyI6Ijc1NDM0OWNjY2I5MGIxZTA5Y2JiZGNlNjViZjg3NDllODcxZjYyZTA5MWIzY2JjNmVhYzE2YWJhYzJhZjg3YmQifQ==,,F001910,男女別トイレあり | 調査日=2013-09-10,
45,宮崎県,45201,宮崎市,,社会福祉法人 明和会 ピッコロ,,,880-0121,宮崎市大字島之内字松ヶ先3073番1,31.9863307,131.4537623,,yes,,,,,,,,,,,,,,,,,,,,,,,,,,,,multipurpose_toilet,みやざきアクセシビリティ情報マップ,https://m-bfree.pref.miyazaki.lg.jp/a_map/public/facilityAround/eyJpdiI6IlVteEpLWEdvTFBtTEsxXC9aaGNTeXd3PT0iLCJ2YWx1ZSI6Ink1cWtsdjJXWWMydmNPKytTbmZkS2c9PSIsIm1hYyI6ImM1NGI2NWQyNGJlNWE5MGY1NDhlNjU3OGUxODgxYmU0NzhiMzFlMDMxNGMzNmFlZjA2ZGNjYjdiNjJiNDBlMjIifQ==,,F000186,男女共用トイレあり | 調査日=2019-11-22,
45,宮崎県,45201,宮崎市,,社会福祉法人 広和会 ふじ野園,,,880-0879,宮崎市宮崎駅東3丁目9-10,31.919441,131.4324133,http://www.kouwakai-f.jp/,yes,,,,,,,,yes,,,,,,,,,,,,,,,,,,,,multipurpose_toilet,みやざきアクセシビリティ情報マップ,https://m-bfree.pref.miyazaki.lg.jp/a_map/public/facilityAround/eyJpdiI6IjBkRHlrY3JlR1FcL2dDdFoyc2tXTGVBPT0iLCJ2YWx1ZSI6IlFKZkIwSWFZM1hPS2lrd2w4amd5WGc9PSIsIm1hYyI6ImY0MzdhN2RmMDJiZGViZWM2OGFkZDkyMGU0NjIyNWE5MDgyYzkyNDA0ZjcwNGFlNTdlYTYxNzc4ZjU5MWQ0MGEifQ==,,F001711,男女別トイレあり | 調査日=2020-03-11,
45,宮崎県,45201,宮崎市,,社会福祉法人 清光会 障害者支援施設 清友の里,,,889-1602,宮崎市清武町大字今泉816番地,31.8099505,131.3460732,http://www.seiyunosato.jp/,yes,,,,,,,,yes,,,,,,,,,,,,,,,,,,,,multipurpose_toilet,みやざきアクセシビリティ情報マップ,https://m-bfree.pref.miyazaki.lg.jp/a_map/public/facilityAround/eyJpdiI6ImJpK0JkbFFGajcyYm8yUW10c0o1Snc9PSIsInZhbHVlIjoiYVwvcFpwc2tLUWVQc0Rpb3Bqa3ZZV2c9PSIsIm1hYyI6IjY3NDRjMzJiYzkyN2FkYzdmNjljNmQ4MmM5YjNkNmViNzk2MmE4NGRlNjU0YTMxMzQxZDFjZGU4MzMyNmIyNmEifQ==,,F000579,男女共用トイレあり,
45,宮崎県,45341,三股町,,社会福祉法人 常緑会 星空の都みまた,,,889-1911,三股町大字長田1266番地1,31.7432979,131.1323635,http://www.fujimoto.com/kaigo/,yes,,,,,,,,,,,,,,,,,,,,,,,,,,,,multipurpose_toilet,みやざきアクセシビリティ情報マップ,https://m-bfree.pref.miyazaki.lg.jp/a_map/public/facilityAround/eyJpdiI6InkxS2lZYWV5c1RcL3FqMnVSakxidGhBPT0iLCJ2YWx1ZSI6IlBoajExOUxPbHFoYk56elZIUHBUakE9PSIsIm1hYyI6IjQ4N2I2ZDZlNTk2NGQzYzViNDBiZDk5OGM5ZGRkYmI1YjU3Y2RlODhiNjAzNTRhN2ZmZjY2NDVhNDAyMDQ5ZDMifQ==,,F001220,男女共用トイレあり | 男女別トイレあり | 緊急通報装置あり | 調査日=2019-11-25,
45,宮崎県,45203,延岡市,,社会福祉法人 愛育福祉会 のぞみ園,,,882-0024,延岡市大武町5295番地,32.5975146,131.6885637,http://www.aiiku.in/nozomi.html,yes,,,,,,yes,,,,,,,,,,,,,,,,,,,,,,multipurpose_toilet,みやざきアクセシビリティ情報マップ,https://m-bfree.pref.miyazaki.lg.jp/a_map/public/facilityAround/eyJpdiI6IlFlOUQ2N2tjNGZhRTlwSjJYa0R5U0E9PSIsInZhbHVlIjoiZGo2WTZONGlOckVUMXBEaHowZFA5UT09IiwibWFjIjoiMmMwMGM0ZjAxNTc3YjJjODY4OTIwZmE5Y2ZlOGU3YTk0YjEyMDgwYmFmOThkNzEzZTcwYWU3ZGIyZTU1NmU4ZiJ9,,F001337,男女共用トイレあり | 男女別トイレあり | 緊急通報装置あり | 調査日=2019-11-15,
45,宮崎県,45201,宮崎市,,社会福祉法人恵佼会 ＣＡＤセンター,,,880-0024,宮崎市祇園1丁目50心身障害者福祉会館1Ｆ,31.92634,131.4091389,http://www.fukushi-net.com,yes,,,,,,,,,,,,,,,,,,,,,,,,,,,,multipurpose_toilet,みやざきアクセシビリティ情報マップ,https://m-bfree.pref.miyazaki.lg.jp/a_map/public/facilityAround/eyJpdiI6IjlyOHhRVDFWa1dvNWtQeFJUdlN4TGc9PSIsInZhbHVlIjoic29SU0Zrd0s3Q0huT2N2c2JyOHNDQT09IiwibWFjIjoiM2E0NmMzMDI1MjMyMmMyZjVhZTUzYmNlZDE2NDI5NTJlYjI5MzhhNmExZDdmODU3MGE1ZTNlNGUyYjgwNjc5NSJ9,,F000957,男女共用トイレあり | 調査日=2013-09-12,
45,宮崎県,45201,宮崎市,,社会福祉法人くすのみ福祉会 ひらまつの杜,,,880-0045,宮崎市大字大瀬町5711番地,31.9799376,131.3902436,http://hiramatsu-hoikuen.jp/,yes,,,,,,,,,,,,,,,,,,,,,,,,,,,,multipurpose_toilet,みやざきアクセシビリティ情報マップ,https://m-bfree.pref.miyazaki.lg.jp/a_map/public/facilityAround/eyJpdiI6ImdmUm5UTHU2SW5lSXRvVmhPeG1VeHc9PSIsInZhbHVlIjoiYmhCNnpNYk1xcmlYVStza2ZxY2xoUT09IiwibWFjIjoiODE1ZTI0OTJjOGU3YzFlYjA3OGExMTc0NmZkZjQ1OTM4NGRlYTVlYzM0NTUxNTBlZThjOWQ3MGJmNDA5ZGY4MSJ9,,F001708,男女共用トイレあり,
45,宮崎県,45201,宮崎市,,社会福祉法人げんき はにわの会仲間の家,,,880-0911,宮崎市大字田吉5729-3,31.8851447,131.4277,https://www.genkihp.com/,yes,,,,,,yes,,,,,,,,,,,,,,,,,,,,,,multipurpose_toilet,みやざきアクセシビリティ情報マップ,https://m-bfree.pref.miyazaki.lg.jp/a_map/public/facilityAround/eyJpdiI6ImZaQktSWUV1SWlaZUlIREdxOWFVR0E9PSIsInZhbHVlIjoiT1ZkS2YxbTVDaVc4YVFlWUtuaFpOdz09IiwibWFjIjoiZGQ3ZTI4YjBhZGM5MDNlNzE0NTBlOTgzYzMzMjQ3ZTc5ZGQyNWJmMzhhMmRkMzkwZDI2NjgzNzdkMzUzMGQ2OCJ9,,F001164,男女共用トイレあり | 調査日=2019-11-19,
45,宮崎県,45201,宮崎市,,社会福祉法人げんき なかまのほーむ ハーモニー,,,880-2104,宮崎市大字浮田985-11,31.9270195,131.3737324,http://www.genkihp.com/homemelody,yes,,,,,,,,,,,,,,,,,,,,,,,,,,,,multipurpose_toilet,みやざきアクセシビリティ情報マップ,https://m-bfree.pref.miyazaki.lg.jp/a_map/public/facilityAround/eyJpdiI6IktRcnEyXC93ejZLOWtyY0hXMDFVaFlBPT0iLCJ2YWx1ZSI6IlNTQXRjN1VlelwvUHRVQ1U1a3QrcFN3PT0iLCJtYWMiOiJhMmZkNGY0YmE5YmJhY2ViNDBhNDdkY2RhMGJmYmQwZDM2M2UzNmVkMDczNmZhNjNiOWMxZWI3ZDAyYWMxMTBmIn0=,,F001869,男女共用トイレあり,
45,宮崎県,45207,串間市,,社会福祉法人さつき福祉会 さくらさくら認定こども園,,,888-0005,串間市大字北方7358番地2,31.4769994,131.2557545,https://www.minami-sakura.com/,yes,,,,,,,,,,,,,,,,,,,,,,,,,,,,multipurpose_toilet,みやざきアクセシビリティ情報マップ,https://m-bfree.pref.miyazaki.lg.jp/a_map/public/facilityAround/eyJpdiI6IlRtcDg1ME95d09nRytxelVvZE5cL2tnPT0iLCJ2YWx1ZSI6Ik0wSEpJWnhBYnl3MjBiYjhoZGdKS2c9PSIsIm1hYyI6IjU5MjQ3MjIxNWI5MjMyMmQyZTFmMWM1ZjhmMjQwOGNhZmIyYjJmZmUyOGUxOTFkNGZlZDc3Y2E1ODJlZjViMDAifQ==,,F001398,男女共用トイレあり | 調査日=2013-09-10,
45,宮崎県,45204,日南市,,社会福祉法人 サン・スマイル福祉会 障害福祉サービス事業所 サン・スマイル,,,889-2533,日南市大字星倉2308番地,31.623737,131.3729787,,yes,,,,,,,,,,,,,,,,,,,,,,,,,,,,multipurpose_toilet,みやざきアクセシビリティ情報マップ,https://m-bfree.pref.miyazaki.lg.jp/a_map/public/facilityAround/eyJpdiI6IkJLWkFCSHR0KzZtZ2hiY1o3YUo2RXc9PSIsInZhbHVlIjoia3ZCYkFEYk1zOFNrcm1LZGJUZ3BwQT09IiwibWFjIjoiNzMxODRmZTY4YjQ2MDljMzZlNWNjMmUxZTg1NzI0MDQyMzdmYzAxYWJjZGZjZDkzNDA2OTFkNTJhNzhmNzVhZiJ9,,F001623,男女共用トイレあり | 調査日=2002-09-18,
45,宮崎県,45201,宮崎市,,社会福祉法人信盛会 デイセンターひなた,,,880-0044,宮崎市瓜生野長田2260-1,31.966561,131.38823,http://sinseikai-hinata.or.jp/,yes,,,,,,,,,,,,,,,,,,,,,,,,,,,,multipurpose_toilet,みやざきアクセシビリティ情報マップ,https://m-bfree.pref.miyazaki.lg.jp/a_map/public/facilityAround/eyJpdiI6IlwvS1dGUCtJY2xzRklVUW1rN3o4MzRnPT0iLCJ2YWx1ZSI6InF3a0RvUEtESVBlVlhtV09UR1JHYnc9PSIsIm1hYyI6IjU5NTE4NGU2MTU5MjkzNWFhMjhhOGM4YTBlNWNmYmJhYjVkNzM3MDcwYTdmMDg0NjYxNTgwOGQ5MGE1YzIxMjUifQ==,,F001241,男女共用トイレあり | 調査日=2019-11-25,
45,宮崎県,45204,日南市,,社会福祉法人新芽福祉会 みなと保育園,,,889-3205,日南市南郷町西町3番地4,31.5428498,131.3766706,http://miyazaki-minato.com/,yes,,,,,,,,,,,,,,,,,,,,,,,,,,,,multipurpose_toilet,みやざきアクセシビリティ情報マップ,https://m-bfree.pref.miyazaki.lg.jp/a_map/public/facilityAround/eyJpdiI6ImxxVGRrQjBaQzNrT21ScFwvYW1BUFJnPT0iLCJ2YWx1ZSI6ImZwUzNrZ0JoSlpxeHp3UFhnS0NYbEE9PSIsIm1hYyI6ImQ2MmI2NmJlMmE4ZTg4N2U0NDE1MDlkNTM4NzEyNzMwY2EzODAwZTM1NGNjYzRkYzdiMWVjYmNjODhkNTNjZTYifQ==,,F000953,男女共用トイレあり | 調査日=2013-09-10,
45,宮崎県,45201,宮崎市,,社会福祉法人たらちね会じょいすてっぷ,,,889-1602,宮崎市清武町今泉甲6892－1,31.8540795,131.3855026,http://business4.plala.or.jp/joy-5120/introduction.html,yes,,１階,,,,,,,,,,,,,,,,,,,,,,,,,,multipurpose_toilet,みやざきアクセシビリティ情報マップ,https://m-bfree.pref.miyazaki.lg.jp/a_map/public/facilityAround/eyJpdiI6InJSeFZLY2FFXC9jaXpLK2J1dktnR1ZRPT0iLCJ2YWx1ZSI6IlRWTG1pdG5iYTlLUWNlWXN4ZTVkOEE9PSIsIm1hYyI6IjE4NTdiZjA4YzQ5M2Q3ZWQ1ZjE3YTljZDkxZjM2ZWJhNmVhMDVjM2Y2MmI5MGYxMDRlYjJjOWJiOWIyNTRlMTcifQ==,,F001551,男女共用トイレあり | 緊急通報装置あり | 調査日=2020-03-10,
45,宮崎県,45206,日向市,,社会福祉法人 中心の里,,,889-1111,日向市美々津町5627-98,32.3433681,131.5724707,http://chusin-sato.or.jp/,yes,,,,,,,,,,,,,,,,,,,,,,,,,,,,multipurpose_toilet,みやざきアクセシビリティ情報マップ,https://m-bfree.pref.miyazaki.lg.jp/a_map/public/facilityAround/eyJpdiI6Ik1xbmJ3eVZ4U1J2U09CWHRRb05LNHc9PSIsInZhbHVlIjoick5HUjgySHFcL05CTVFWS1RSMWU0eGc9PSIsIm1hYyI6ImVjNDZmNTE1MTY4Mzk1YWQ4ODJlNTM3YzljNWQzODgyNDM0MTAxMTI4MjhmZjEyYmVhNjZjMjQ3ZGRhZmNmMzkifQ==,,F001915,男女共用トイレあり | 調査日=2013-09-10,
45,宮崎県,45201,宮崎市,,社会福祉法人 同潤会 特定養護老人ホーム 六角堂,,,880-0121,宮崎市大字島之内7391,31.9834134,131.4490267,http://www.dojunkai.com/rokkaku.html,yes,,,,,,,,yes,,,,,,,,,,,,,,,,,,,,multipurpose_toilet,みやざきアクセシビリティ情報マップ,https://m-bfree.pref.miyazaki.lg.jp/a_map/public/facilityAround/eyJpdiI6ImZUdzVMRldBT3lDXC9zZG1sTnFYQ3NnPT0iLCJ2YWx1ZSI6IkErQ3pwSWp5R01cL2lDamRkTGVicmhRPT0iLCJtYWMiOiJlOWFjYjIxYTNmZjJjZDQ4NTJmNDhlZDgzMmJjZmE1Mzk1ZGViOWRhZjQwYzZkNDIzMGQ3OThiZTRkMTA4MjAwIn0=,,F001800,男女共用トイレあり,
45,宮崎県,45204,日南市,,社会福祉法人にちなん会 おおぞら園,,,887-0032,日南市大字益安1025番地8,31.612767,131.389808,http://oozoraen.jimdo.com/,yes,,,,,,yes,,,,,,,,,,,,,,,,,,,,,,multipurpose_toilet,みやざきアクセシビリティ情報マップ,https://m-bfree.pref.miyazaki.lg.jp/a_map/public/facilityAround/eyJpdiI6InI0bVcwM3VnT09vY2ZuNkVmclNVWVE9PSIsInZhbHVlIjoiNTZYYVlXK2hOTTZDR3cyVEZ2YjJKUT09IiwibWFjIjoiYzU2NWIwYWIxMTIyNTZhNDJjNjliMWQyZWFlNjIzNzgxNzhhODM3ODY5ZjBlMmVlOWI1MjMzYzAzYzYyN2Q3YiJ9,,F001481,男女共用トイレあり | 調査日=2013-09-07,
45,宮崎県,45206,日向市,,上海ガーデン,,,883-0043,日向市都町1-15,32.4258408,131.6270054,https://shanghai.sunnygarden.jp/,yes,,１階,,,,yes,,,,,,,,,,,,,,,,,,,,,,multipurpose_toilet,みやざきアクセシビリティ情報マップ,https://m-bfree.pref.miyazaki.lg.jp/a_map/public/facilityAround/eyJpdiI6InpGeDY3TmZSbG9zZWJYdUNwY3NPeUE9PSIsInZhbHVlIjoib0RNNkdWUkdhTFwvdFRKaEdZVXZpVXc9PSIsIm1hYyI6IjE2OTdkMjU2MzJjNTVkYTBkNmQ1MDhlOTI4ZjUwYmM5YWQ1YzdkZmNjOTEzZTgxNGFjMWYwYzNmMmQ3NzdlMDIifQ==,,F000352,男女別トイレあり | 調査日=2006-03-23,
45,宮崎県,45201,宮崎市,,シュープラザ宮崎浮ノ城店,,,880-0821,宮崎市浮城町88-1,31.9304713,131.4383821,https://www.chiyodagrp.co.jp/map/shop_detail.php?m=dtl&sn=28278,yes,,,,,,,,,,,,,,,,,,,,,,,,,,,,multipurpose_toilet,みやざきアクセシビリティ情報マップ,https://m-bfree.pref.miyazaki.lg.jp/a_map/public/facilityAround/eyJpdiI6IklwRFFNbkVyZEZUajM1eWdmaTZmTHc9PSIsInZhbHVlIjoieVVVenFEdCs1aFlKUnQ2blRxbWR6dz09IiwibWFjIjoiZmFmMWJkYmEyMjYwMmRhOGJjN2QwODAzZWUwNjU0NzU1OTFiYTE3ZDY3NDQxMDYwZTZmMjQ2NjdmNDEwNmJkNiJ9,,F000996,男女共用トイレあり | 調査日=2013-09-19,
45,宮崎県,45201,宮崎市,,住宅型有料老人ホーム アンシャンテ平和の森,,,880-0047,宮崎市平和が丘西町34番1,31.9534974,131.4133642,http://www.enchante-wac.jp/,yes,,,,,,,,yes,,,,,,,,,,,,,,,,,,,,multipurpose_toilet,みやざきアクセシビリティ情報マップ,https://m-bfree.pref.miyazaki.lg.jp/a_map/public/facilityAround/eyJpdiI6IjI0SmJmTm9mMTZjTnV1SjVnTHJuTWc9PSIsInZhbHVlIjoiVGxnZUtzeVh5bUc5RU5TRnJMYldJZz09IiwibWFjIjoiODMzOThhYzc2OGM5MTY2NjBjMjMzOWM0ZjgwNjE2NjFkZTY3ZTNmYmM0ODAzYjZhOTQyZjliYWZlMGU3YjI4MiJ9,,F001775,男女共用トイレあり,
45,宮崎県,45201,宮崎市,,住宅型有料老人ホーム 国富ホーム,,,889-0921,宮崎市本郷南方5,31.85639,131.4342278,http://www.kudomi.com,yes,,,,,,yes,,,,,,,,,,,,,,,,,,,,,,multipurpose_toilet,みやざきアクセシビリティ情報マップ,https://m-bfree.pref.miyazaki.lg.jp/a_map/public/facilityAround/eyJpdiI6IkpDTmhnZnNIdENjR0h6ZHJpQnMwVVE9PSIsInZhbHVlIjoiMmdrR1lnSEVLb2FFVVhEamxMTXdCdz09IiwibWFjIjoiNTRmNTYwYWU3MjUyN2VkZGY1Yjk3MGNjZGRiODZkNDFjYmEwZjQzMWUwNDhjMDQzNTJjN2RjYmMwZjk5ZTNiYSJ9,,F001680,男女共用トイレあり | 調査日=2019-11-21,
45,宮崎県,45201,宮崎市,,住宅型有料老人ホーム ケアタウン飛鳥,,,880-0925,宮崎市大字本郷北方2708,31.8746324,131.4119402,http://www.hijiri.biz/,yes,,,,,,yes,,yes,,,,,,,,,,,,,,,,,,,,multipurpose_toilet,みやざきアクセシビリティ情報マップ,https://m-bfree.pref.miyazaki.lg.jp/a_map/public/facilityAround/eyJpdiI6IkVmaVNVY0x4eGlKM1wvQWQ5d3dHdUtRPT0iLCJ2YWx1ZSI6ImFRZ0dHRGl1VGtQVWV1UmVtKzJOdlE9PSIsIm1hYyI6IjE2NGJkYzViZDUwOTYyYWU3YzQwYzgzOWQ4YzJkY2Q4ZmZiOTc3Zjg2MWEzYjk1YzU5ZDY0ZmJiN2VmZjhhN2EifQ==,,F001709,男女共用トイレあり,
45,宮崎県,45201,宮崎市,,住宅型有料老人ホーム ケアホームおりーぶ,,,880-0124,宮崎市新名爪323-2,31.974362,131.442774,,yes,,,,,,,,,,,,,,,,,,,,,,,,,,,,multipurpose_toilet,みやざきアクセシビリティ情報マップ,https://m-bfree.pref.miyazaki.lg.jp/a_map/public/facilityAround/eyJpdiI6ImFmTnJUTHdrTEpRT1dWOVlcLzhsXC93dz09IiwidmFsdWUiOiI1eHFOUnEzTVA2QXlzcXJmZnBcLzQxQT09IiwibWFjIjoiYTEyZGZkNTY3YTA3MzhlYTE2Njg5NTgyYTFmZTdiMzk3N2JjMTRmNDExYzEwYTIyODZhZTFjMjc5M2RkY2ExZiJ9,,F001703,男女共用トイレあり | 調査日=2015-06-01,
45,宮崎県,45201,宮崎市,,住宅型有料老人ホーム 月虹,,,880-0916,宮崎市大字恒久1236,31.8872041,131.4205375,http://miyazakikaigo-gekkou.jp/,yes,,,,,,,,,,,,,,,,,,,,,,,,,,,,multipurpose_toilet,みやざきアクセシビリティ情報マップ,https://m-bfree.pref.miyazaki.lg.jp/a_map/public/facilityAround/eyJpdiI6ImlmWnpUQzd1MkJnTFwvU1dKNkJkSGVRPT0iLCJ2YWx1ZSI6IlJwT2gyRXlTSHJEQU50MFwvKzRqUTRnPT0iLCJtYWMiOiJjNDA0YWQzMTFkMzMzNzkwZTAzZWU0ODg4OWI2OTIwOTNkMzVmYTUxZDBiYTM4MjM5M2U4YTQyMGNmNTVmZmYwIn0=,,F001356,男女共用トイレあり,
45,宮崎県,45201,宮崎市,,住宅型有料老人ホーム はくじゅ,,,880-0912,宮崎市大字赤江字飛江田1052-1,31.884035,131.445115,http://www.day-hakuju.jp/senior/,yes,,,,,,,,,,,,,,,,,,,,,,,,,,,,multipurpose_toilet,みやざきアクセシビリティ情報マップ,https://m-bfree.pref.miyazaki.lg.jp/a_map/public/facilityAround/eyJpdiI6ImhHb2pOMTJJZ1Y5RU9hR2NyMjdualE9PSIsInZhbHVlIjoiYnd5QWhhSFI3U21RcGJvc2h0Y2FJZz09IiwibWFjIjoiOWFlNDQyNjg5NjEyZDVjOTJhNTk3MjQyNjYwMDQ1ZWIyMmZhNTI4M2ZiZjY2YTEyNTU4YjFmMzQyNDAyOGE0MCJ9,,F001842,男女共用トイレあり,
45,宮崎県,45201,宮崎市,,住宅型有料老人ホーム ほほえみの街,,,880-0841,宮崎市吉村町浮ノ城甲20-1,31.9314642,131.4393741,http://home-hohoeminomachi.altidea.com/,yes,,,,,,,,,,,,,,,,,,,,,,,,,,,,multipurpose_toilet,みやざきアクセシビリティ情報マップ,https://m-bfree.pref.miyazaki.lg.jp/a_map/public/facilityAround/eyJpdiI6InJwSFRsOVFLc3RjY0xnNlE2WVFYdXc9PSIsInZhbHVlIjoidURUUGI2T1M5ZXRBMklabHJaQVVrQT09IiwibWFjIjoiYWRiMTYxYzI3OWEyOGVjYTJkOTZkNDVlNjkyMTYxZjUyMmRkZTRlMDkwN2JhOWUzYWE2N2UxY2NkYzFiZmUwZCJ9,,F000278,男女共用トイレあり | 調査日=2019-11-15,
45,宮崎県,45201,宮崎市,,住宅型有料老人ホーム まごころの郷,,,889-2151,宮崎市大字熊野字芦原2989番1,31.8269335,131.4462559,,yes,,,,,,,,,,,,,,,,,,,,,,,,,,,,multipurpose_toilet,みやざきアクセシビリティ情報マップ,https://m-bfree.pref.miyazaki.lg.jp/a_map/public/facilityAround/eyJpdiI6ImhTXC9BRWVON1FXMWhxWnN3RFBPMmd3PT0iLCJ2YWx1ZSI6IkRPNHpHQTVQMFwvdDA2dUROcVlJaUpRPT0iLCJtYWMiOiJkYmZiZDVmNGZjODdkMTdhODA1ZTIxOGY2MzZkZTcyNzRhMmVmZDM2ZTgxYzczZTU3MzFjZDVjYTkzZjhmZDFjIn0=,,F001902,男女共用トイレあり | 男女別トイレあり,
45,宮崎県,45201,宮崎市,,住宅型有料老人ホーム 黎明荘,,,880-0951,宮崎市大塚町西ノ後3457番地,31.9114596,131.391804,,yes,,,,,,,,,,,,,,,,,,,,,,,,,,,,multipurpose_toilet,みやざきアクセシビリティ情報マップ,https://m-bfree.pref.miyazaki.lg.jp/a_map/public/facilityAround/eyJpdiI6IlVvZk5VUys1bWdSQU12bU1Oek5wSUE9PSIsInZhbHVlIjoiY1dHeWMzejdxU3AyQllDN2pSSW13QT09IiwibWFjIjoiMjg5NGJmZDBhYWY3NjY3MTBiOGJhNTk4NDlhOGJkMzNjODMyNDUxNWRjZGEyMjFlNjM2YzRjMWU4YmYzODVjYSJ9,,F001751,男女共用トイレあり,
45,宮崎県,45201,宮崎市,,住宅型有料老人ホーム 童,,,889-1602,宮崎市清武町今泉甲3785番地1,31.8531345,131.3560996,http://www.warawa-kiyotake.com/,yes,,,,,,,,,,,,,,,,,,,,,,,,,,,,multipurpose_toilet,みやざきアクセシビリティ情報マップ,https://m-bfree.pref.miyazaki.lg.jp/a_map/public/facilityAround/eyJpdiI6ImxiTTI5NWVIQnNKUjVibEpLSmhJeWc9PSIsInZhbHVlIjoiOHlWa0d0clwvcFwvXC9XMHArS044dm9pZz09IiwibWFjIjoiMjE1YTUyZWUxNDY5OGMyOWNiNmQ4MzJlZmU2Mzc1MzE0NTJkNGJhYTFlNTRmZWFkMjAzMzBjZDg2OGQwOTU0YyJ9,,F001687,男女共用トイレあり,
45,宮崎県,45201,宮崎市,,住宅型有料老人ホーム・デイサービス友愛,,,889-2156,宮崎市大字鏡洲字前田1680-8,31.822163,131.391192,,yes,,,,,,,,,,,,,,,,,,,,,,,,,,,,multipurpose_toilet,みやざきアクセシビリティ情報マップ,https://m-bfree.pref.miyazaki.lg.jp/a_map/public/facilityAround/eyJpdiI6IkV0Mm1LcTcyeHd1U2NRSmsxMWNuN0E9PSIsInZhbHVlIjoiZ0RhcVk3WXBiM0ZGbzRxU29UYVA3dz09IiwibWFjIjoiZjVmM2M1ZWMyYjg5NjI3MmYzNjA3M2NiNjk1M2NlNDAwZGJkYjRjZDdjZmYwZTYzMDNjOTJkMmMzNTFjMDEwZSJ9,,F001710,男女共用トイレあり,
45,宮崎県,45201,宮崎市,,住宅型有料老人ホーム 愛あい荘,,,880-0302,宮崎市佐土原町西上那珂字真米2413番1,32.0256279,131.3961871,,yes,,,,,,,,,,,,,,,,,,,,,,,,,,,,multipurpose_toilet,みやざきアクセシビリティ情報マップ,https://m-bfree.pref.miyazaki.lg.jp/a_map/public/facilityAround/eyJpdiI6InV2WWlyMkFudVV3T292d250XC9TaUJnPT0iLCJ2YWx1ZSI6ImJwc3hpVmRwTGJlaVNTRFJiVWQwdVE9PSIsIm1hYyI6IjVkNTQwZDBmY2NlZTM5MmU0NWY2Y2RlYjU0YTgzZTBhYmRhMDhmZjY2YjMzZmUwN2ZjZTg3M2VmYjhiN2JiZDUifQ==,,F000795,男女共用トイレあり,
45,宮崎県,45201,宮崎市,,住宅型有料老人ホーム 愛華 壱番館,,,880-0907,宮崎市淀川3丁目6-8,31.89865,131.4157152,,yes,,,,,,,,,,,,,,,,,,,,,,,,,,,,multipurpose_toilet,みやざきアクセシビリティ情報マップ,https://m-bfree.pref.miyazaki.lg.jp/a_map/public/facilityAround/eyJpdiI6IkRVXC8rcWs2RzZycms2cklSZFcyeGx3PT0iLCJ2YWx1ZSI6InVYZ1pqZ3pTS3EzcndBVkd4XC9jQWlBPT0iLCJtYWMiOiJjM2VjOWZlMjk3YWUyOWUwYzE3MWNmODIyOGUyOTk1NTg0NzU4YmU1YjFiZmQwYzhmZDVlYTJlNjg1OWE3NGFjIn0=,,F000405,男女共用トイレあり | 調査日=2010-01-26,
45,宮崎県,45208,西都市,,住宅型有料老人ホーム アライアンス御舟,,,881-0016,西都市御舟町1－96,32.1104059,131.4040134,http://www.ryutoku.or.jp/,yes,,,,,,,,,,,,,,,,,,,,,,,,,,,,multipurpose_toilet,みやざきアクセシビリティ情報マップ,https://m-bfree.pref.miyazaki.lg.jp/a_map/public/facilityAround/eyJpdiI6IjI2eU9sd3JOWUM5dVg1MWl5T2pDOEE9PSIsInZhbHVlIjoicTJRZEhFV3RPUVRiZXl4QUxhWEJydz09IiwibWFjIjoiNTE2ZjA2YjdhY2JkNzZkODk4MTkxZDNlMTBjNDQ0ZmU2OGU2ZGQyOTc0N2EzZjdhMGRiMDM3NjBjZWFmMGIyZCJ9,,F001394,男女共用トイレあり | 調査日=2014-03-03,
45,宮崎県,45201,宮崎市,,住宅型有料老人ホーム神宮の杜三号館,,,880-2112,宮崎市大字小松1330-1,31.9295156,131.4033357,,yes,,,,,,yes,yes,,,,,,,,,,,,,,,,,,,,,multipurpose_toilet,みやざきアクセシビリティ情報マップ,https://m-bfree.pref.miyazaki.lg.jp/a_map/public/facilityAround/eyJpdiI6ImFEZjM4T1VXS2d4XC9ma2g1emtTV3pRPT0iLCJ2YWx1ZSI6IktqU3dJZWZLNGhoeHN5ekNtRlBmeGc9PSIsIm1hYyI6ImE1NjAwZWM5YjI0NWJmOTc3N2ExOTVjZTU4NGYzMDRjOTY1NzAyY2E4NWVmODMwMjRiYmNjMmY5NDczOWQwZWQifQ==,,F001610,男女共用トイレあり | 緊急通報装置あり | 調査日=2019-11-12,
45,宮崎県,45201,宮崎市,,住宅型有料老人ホーム住吉けいめい館,,,880-0121,宮崎市大字島之内字井出下7402番1,31.9826257,131.4486995,http://www.keimeisw.or.jp/sumiyoshikeimei/,yes,,,,,,,,,,,,,,,,,,,,,,,,,,,,multipurpose_toilet,みやざきアクセシビリティ情報マップ,https://m-bfree.pref.miyazaki.lg.jp/a_map/public/facilityAround/eyJpdiI6InVxV0RKSkJtVmhKWmJkdzZNM1JtaHc9PSIsInZhbHVlIjoiaXlJUXhkcFJWTUlqRlFRalRJUXRLQT09IiwibWFjIjoiOTgzZjk0ZjY2ZTFjNzZjZjQ5YmJkMWUwMWZmZGZkM2ExZmNhNjYxYzc1YzFkMjU3OWZjZWExYWViNWVhOWM4YSJ9,,F001797,男女別トイレあり | 調査日=2020-03-14,
45,宮崎県,45201,宮崎市,,住宅型有料老人ホーム月見ヶ丘,,,880-0925,宮崎市大字本郷北方字高山2589番地,31.8728378,131.4224789,https://www.tsukimigaoka-yumekaigo.com/,yes,,,,,,,,,,,,,,,,,,,,,,,,,,,,multipurpose_toilet,みやざきアクセシビリティ情報マップ,https://m-bfree.pref.miyazaki.lg.jp/a_map/public/facilityAround/eyJpdiI6IjRSMmJndXNmSHRSUk1sckU4RkxNXC9nPT0iLCJ2YWx1ZSI6IlwvUmlsU0F1QnRqbXI5R0J0WW80eFdnPT0iLCJtYWMiOiJiMjU4YzRkZWMzMTY4YTIyM2YzMjljZGQzODQzMTA1ZjQxMzQ4YjUxMjk2ZGFlYjAyODkxMDAwMDMxMjNjZDQ1In0=,,F000665,男女共用トイレあり | 調査日=2010-09-02,
45,宮崎県,45201,宮崎市,,住宅型有料老人ホーム デイサービスセンター 太平洋,,,889-2162,宮崎市青島6丁目14番33号,31.7927453,131.4734227,http://www.miyazaki-catv.ne.jp/~taiheiyo-1433/,yes,,,,,,,,,,,,,,,,,,,,,,,,,,,,multipurpose_toilet,みやざきアクセシビリティ情報マップ,https://m-bfree.pref.miyazaki.lg.jp/a_map/public/facilityAround/eyJpdiI6ImdlZ21WTDZCaU0zVUt1dkluTktnblE9PSIsInZhbHVlIjoiT1wvOFQ3VWpRMGtwOVdKMWhROHNsVEE9PSIsIm1hYyI6IjQ0YmRjN2FlNTFiYTlkNzFmYTMyOTg3OWU4Mjk0MzFlYzJlM2Q2Mzc1MzY2YzdjY2ViYjQ0MjRhYzI0YjViNTQifQ==,,F001877,男女共用トイレあり,
45,宮崎県,45201,宮崎市,,住宅型有料老人ホーム なごみの里 青島,,,880-2162,宮崎市青島1丁目10-27,31.802969,131.4639061,http://www.nagominosato.in/,yes,,,,,,,,,,,,,,,,,,,,,,,,,,,,multipurpose_toilet,みやざきアクセシビリティ情報マップ,https://m-bfree.pref.miyazaki.lg.jp/a_map/public/facilityAround/eyJpdiI6ImJEXC9rQmpVNDcxaDZhbzA1bVU2V2J3PT0iLCJ2YWx1ZSI6ImlmTjJvZ3A5b3dqOWlHREp5d3Awd0E9PSIsIm1hYyI6IjMzYjE2M2U4Y2U5ODZhNWI3NjdiNzU4OGQyYWYxYmM5OGE4MTkyZDdiNTBmOGNiMzc4N2MyNzY2NmM2YjIzYWUifQ==,,F001770,男女共用トイレあり,
45,宮崎県,45361,高原町,,住宅型有料老人ホーム ミューズの朝～高原～二番館,,,889-4414,高原町大字蒲牟田7348-2,31.8944705,130.9890586,http://hoshakai.com/orizuru2ban/outline.html,yes,,,,,,,,,,,,,,,,,,,,,,,,,,,,multipurpose_toilet,みやざきアクセシビリティ情報マップ,https://m-bfree.pref.miyazaki.lg.jp/a_map/public/facilityAround/eyJpdiI6IlQyNzFjYXlmbkpDbW5tclwvcEk3RTVnPT0iLCJ2YWx1ZSI6Im9NZkRDUmdOSHB3Y0pWeDAyK2xRSGc9PSIsIm1hYyI6ImQ3ZWM2YzYxODgzYWI1Yjk0NDU0YzE1YTYxNThkODA4ZDgxZTI5YTA1YmJjOTcxMGY3ZjUwNzI1NDg0ZDAyYTMifQ==,,F001723,男女共用トイレあり | 男女別トイレあり | 調査日=2013-09-03,
45,宮崎県,45201,宮崎市,,住宅型有料老人ホーム 夢叶の里,,,880-0925,宮崎市大字本郷北方4348－6,31.8706376,131.4309476,http://www.yumekanosato.life/,yes,,,,,,,,,,,,,,,,,,,,,,,,,,,,multipurpose_toilet,みやざきアクセシビリティ情報マップ,https://m-bfree.pref.miyazaki.lg.jp/a_map/public/facilityAround/eyJpdiI6ImV1OG5JVGZXTjQ5XC9Jdlh0aFBcL09kZz09IiwidmFsdWUiOiJHeU1OdkZJYTBUK294XC8xVHU1UlpjUT09IiwibWFjIjoiNGQ4MTdjZTI2ZDFiZWM0MjEzZWEyZDBmMTE0MjNmMjU2MmUyOGM2MzI3Y2FkM2MyNDJmNjc1MTJjMjA4ODc5ZCJ9,,F001808,男女共用トイレあり,
45,宮崎県,45201,宮崎市,,寿幸園デイサービスセンター,,,889-1601,宮崎市清武町木原5254番地2,31.8424048,131.4010787,https://www.koujikai.com/facilities/dayservice,yes,,,,,,yes,,,,,,,,,,,,,,,,,,,,,,multipurpose_toilet,みやざきアクセシビリティ情報マップ,https://m-bfree.pref.miyazaki.lg.jp/a_map/public/facilityAround/eyJpdiI6InNBRXk1SWdwXC9VUDMwOUVocmdoM3hBPT0iLCJ2YWx1ZSI6IkY4MnBhcktjTlwvNXQ4WStMTzJ6MEN3PT0iLCJtYWMiOiIyZjg2ODU0NTE4NDEyZWJlZWU0Y2U0NDI0Njc3MTFjYTkyY2FiNjU2NDQwMmJjMWRmOGVmOTcwZTFlNDNkNjhmIn0=,,F001236,男女共用トイレあり | 男女別トイレあり | 調査日=2020-03-10,
45,宮崎県,45202,都城市,,旬の料理とお湯の宿 常盤荘,,,889-4602,都城市山田町中霧島2455-2,31.795199,131.041581,http://www.tokiwaso-kirishima.com/,yes,,宴会場入口,,,,yes,,,,,,,,,,,,,,,,,,,,,,multipurpose_toilet,みやざきアクセシビリティ情報マップ,https://m-bfree.pref.miyazaki.lg.jp/a_map/public/facilityAround/eyJpdiI6IlFaME16UGZXdlROMU04eVVmdVROb1E9PSIsInZhbHVlIjoiUHI3RWl3M1hyXC9sbkdKVTdsZk9aVGc9PSIsIm1hYyI6ImM0MGE2MDZmYmRlZDllMjU5MTYzYjFmZTI2MWQ4YzRlYWZiOTQxOWUzYzJiMTRlYThhNmUwMGI5MWNlNzAzYjIifQ==,,F002406,男女共用トイレあり | 調査日=2019-12-03,
45,宮崎県,45201,宮崎市,,潤和会記念病院,,,880-2112,宮崎市大字小松1119,31.935123,131.4026914,http://www.junwakai.com/,yes,,,,,,,,,,,,,,,,,,,,,,,,,,,,multipurpose_toilet,みやざきアクセシビリティ情報マップ,https://m-bfree.pref.miyazaki.lg.jp/a_map/public/facilityAround/eyJpdiI6IkZDdHR3SjJUU0dycXV6dGpRWEcxcUE9PSIsInZhbHVlIjoiUGw1RDFmUnNsWVljb1p3V1h1eEJmQT09IiwibWFjIjoiNDc2MjA4Yzc4ZTgxNTY5NDc2YjdlMjViMWY3Yjc3NTU3M2ZiNDdkN2E3MjYzZTU0OWQxMTljYWI3NDM4N2U0NCJ9,,F000375,男女共用トイレあり,
45,宮崎県,45202,都城市,,障害者支援施設 乙房苑,,,885-0112,都城市乙房町2191-3,31.766262,131.0490116,https://syoureikai.jp/otobouen,yes,,,,,,,,,,,,,,,,,,,,,,,,,,,,multipurpose_toilet,みやざきアクセシビリティ情報マップ,https://m-bfree.pref.miyazaki.lg.jp/a_map/public/facilityAround/eyJpdiI6InF6OW5PVE9wT1Z6K1FVc01BZ2YwUXc9PSIsInZhbHVlIjoiU3MxSkFcL2JtWEp5anh6dXN4aGoxM2c9PSIsIm1hYyI6ImFmMzU4YWQ1MWFiMTZmMDg5ZWZiZmJjMTMwYmZjNDUxMWNjM2NmYzhiZTg4NTIwNGI5ZTgwNzg1NjE0ODY3NDgifQ==,,F001387,男女共用トイレあり | 男女別トイレあり | 調査日=2003-03-09,
45,宮崎県,45402,新富町,,障害者支援施設あゆみの里,,,889-1403,新富町大字上富田4726-1,32.0625251,131.4726565,http://www.ayuminosato.jp/index.html,yes,,,,,,,,,,,,,,,,,,,,,,,,,,,,multipurpose_toilet,みやざきアクセシビリティ情報マップ,https://m-bfree.pref.miyazaki.lg.jp/a_map/public/facilityAround/eyJpdiI6ImJ6T3lyT0ZiY3Q4NStyZGVzUVBOSlE9PSIsInZhbHVlIjoiSXY1a2JKZXVQK0ZOTEFwWG40bjg0Zz09IiwibWFjIjoiMjljZTEzZTQ2ZWRhYTg0NTM2ZmM1YzIyYTc4MWQ3YWU3YTEzMjk4NThjYWJkNGMxOTIxNjU4NzA1M2I3ZDY1NCJ9,,F000764,男女別トイレあり | 調査日=2019-11-08,
45,宮崎県,45382,国富町,,障害者支援施設エデンの園,,,880-1114,国富町大字三名初田2621番地5,32.007478,131.349092,http://miyazakieden.ec-net.jp/,yes,,１階,,,,,,,,,,,,,,,,,,,,,,,,,,multipurpose_toilet,みやざきアクセシビリティ情報マップ,https://m-bfree.pref.miyazaki.lg.jp/a_map/public/facilityAround/eyJpdiI6ImhSZEE3V0pDMDhSdzFaVncrN0JZSHc9PSIsInZhbHVlIjoiWGk0Wk11cVZnNUtrb0dZcHJQdm41Zz09IiwibWFjIjoiNWJmODIxZDlhYjIwYzhmN2M1M2Q3YTNjOTBjMDQ3OTA5NWVmYjNiZGY4ZmFkYWUwZmI2OGQxYmY1MzRlZmNiOCJ9,,F000566,男女共用トイレあり | 緊急通報装置あり | 調査日=2019-11-15,
45,宮崎県,45204,日南市,,障害者支援施設北郷荘,,,889-2401,日南市北郷町大藤甲3655番地,31.6526544,131.386168,http://www.zenkokai.or.jp/,yes,,,,,,yes,,,,,,,,,,,,,,,,,,,,,,multipurpose_toilet,みやざきアクセシビリティ情報マップ,https://m-bfree.pref.miyazaki.lg.jp/a_map/public/facilityAround/eyJpdiI6InhEczk1QldSZHBvZlFmNzdlSnlpMWc9PSIsInZhbHVlIjoiQkEyRTN5RExCRW9LakVtMGtHU0d3Zz09IiwibWFjIjoiYmIzMWNkMTE2NjFiYjRkZWRlMTRmYzE2MThjZGJmNTg0YmNmMjJjMDE5OTYzZDI5MzliOWQ3MjI0YWUwNjdmYiJ9,,F001572,男女別トイレあり | 緊急通報装置あり | 調査日=2019-11-26,
45,宮崎県,45206,日向市,,障害者支援施設しおみの里,,,883-0033,日向市大字塩見8026番地,32.4144116,131.5871558,https://siominosato.jimdo.com/,yes,,,,,,,,,,,,,,,,,,,,,,,,,,,,multipurpose_toilet,みやざきアクセシビリティ情報マップ,https://m-bfree.pref.miyazaki.lg.jp/a_map/public/facilityAround/eyJpdiI6Im5tRWRcL2ZwSnJcL0FSS3ZGV1lhbVd2Zz09IiwidmFsdWUiOiJKUVRtUERYalM4QWNxU3U4ZnJ1dUp3PT0iLCJtYWMiOiI4NWQ1MDU2NGIyMjMzY2ZjMWM1ZGUwMmY2ZTFlMjU1MDZmNDY1ZjhiOGNkNjRhZmUyMzVmNGE4NDM0ZGIyZjBlIn0=,,F001382,男女別トイレあり | 調査日=2019-09-01,
45,宮崎県,45201,宮崎市,,障害者支援施設清友の里,,,889-1602,宮崎市清武町今泉甲816番地,31.8531345,131.3560996,http://www.seiyunosato.jp/,yes,,,,,,,,,,,,,,,,,,,,,,,,,,,,multipurpose_toilet,みやざきアクセシビリティ情報マップ,https://m-bfree.pref.miyazaki.lg.jp/a_map/public/facilityAround/eyJpdiI6IjlSWmp6cU5haTQzNmNtMStGbElONFE9PSIsInZhbHVlIjoibkt6WlFjZXRxM3FzalNGNmFtOElIUT09IiwibWFjIjoiNjg4ZjFhYjI3MTkwNmJjZTBlNzJhODA3YTA3MWRiNjI5YzllZmUwODkyNmZjMzk4NDFkOTY0MzU0MjUyYTQzOSJ9,,F001250,男女共用トイレあり | 調査日=2020-03-10,
45,宮崎県,45203,延岡市,,障害者支援施設はまゆう園,,,882-0104,延岡市北方町角田丑1369番地35,32.5573053,131.5283267,http://kouwakai-swc.jp/,yes,,,,,,yes,,,,,,,,,,,,,,,,,,,,,,multipurpose_toilet,みやざきアクセシビリティ情報マップ,https://m-bfree.pref.miyazaki.lg.jp/a_map/public/facilityAround/eyJpdiI6InZ3dDN5Yis1QjMrdVdaSVRQVnNob1E9PSIsInZhbHVlIjoic2wwUWMwamdGTXpnUlhZRjdkZEY5dz09IiwibWFjIjoiMGVkMDYwNmJiZjk1YmY5MmEwMGY2OTY1YWE5NmJlOTk5YjdmNzBlYjA4NDFlZjFiNGQ4MzZlOTUzY2YyNmVmNyJ9,,F001575,男女別トイレあり | 調査日=2019-11-20,
45,宮崎県,45201,宮崎市,,障害者支援施設宮崎リハビリテーションセンター,,,889-1601,宮崎市清武町大字木原5719-2,31.8352714,131.3971628,http://www.hp.fukushi-zenjinkai.jp/miyariha/,yes,,,,,,yes,,,,,,,,,,,,,,,,,,,,,,multipurpose_toilet,みやざきアクセシビリティ情報マップ,https://m-bfree.pref.miyazaki.lg.jp/a_map/public/facilityAround/eyJpdiI6IlJwb0hlZHJzWFhJd0drSGQyKzNKc3c9PSIsInZhbHVlIjoidDZ3b2NIQ3paOEVLZlIrQURhTDNOUT09IiwibWFjIjoiNDcwZjY0NjBjZTFkNmJlYTMxOGVmOGUyNGMwNWMxN2ExMTJjODc2MzkzZmU0NTk1M2YyMDc5MDE4NjU0YjNmNSJ9,,F001161,男女別トイレあり | 調査日=2020-03-10,
45,宮崎県,45203,延岡市,,障害者支援施設もみじの里,,,882-0021,延岡市無鹿町1丁目2031番地4,32.6136708,131.6834251,http://www.mitubakai.jp/,yes,,,,,,yes,,,,,,,,,,,,,,,,,,,,,,multipurpose_toilet,みやざきアクセシビリティ情報マップ,https://m-bfree.pref.miyazaki.lg.jp/a_map/public/facilityAround/eyJpdiI6IkVTZWVrbjJnTWVDODc2NmRBZ0c2NkE9PSIsInZhbHVlIjoiWVdQSzR5WVhnWTcrb3R5SWhuSm50dz09IiwibWFjIjoiOWY2Y2FhNDE5ZTk3YWJiNmY0Zjk1OTBkOGNkZWZhZDc3MDY5NWQ0OTQ3MDIzODllZTQ3ZGNmODViYWNmM2UwOCJ9,,F001344,男女別トイレあり | 調査日=2019-11-25,
45,宮崎県,45203,延岡市,,障害者生活介護サービスセンターながはま,,,882-0854,延岡市長浜町1丁目1765-1,32.5759539,131.6913663,http://shinryuukai.or.jp/publics/index/8/,yes,,,,,,yes,,,,,,,,,,,,,,,,,,,,,,multipurpose_toilet,みやざきアクセシビリティ情報マップ,https://m-bfree.pref.miyazaki.lg.jp/a_map/public/facilityAround/eyJpdiI6IndZUnQ1YWVGQzc3QUY2KzhJa3hSYnc9PSIsInZhbHVlIjoiYzNmT0owODRmSXJxWiticVcrZDc3UT09IiwibWFjIjoiNTAzNTdjZTZlZmRlODcyYTdiZDk5MTJjY2Y0YWU1YzYzNzQ5NGQ1OTUzZTNjM2QyYWE3MWE1MDJmZWMzYjM5MiJ9,,F001419,男女共用トイレあり | 調査日=2013-09-01,
45,宮崎県,45201,宮崎市,,障害福祉サービス事業いつかの杜,,,880-0925,宮崎市大字本郷北方2714番5,31.873986,131.4103941,http://www.ituka.jp,yes,,,,,,,,yes,,,,,,,,,,,,,,,,,,,,multipurpose_toilet,みやざきアクセシビリティ情報マップ,https://m-bfree.pref.miyazaki.lg.jp/a_map/public/facilityAround/eyJpdiI6Ikd1ZWNsVHgzZVFBeWYzRmdnVzFMaUE9PSIsInZhbHVlIjoiNkJSdjdGZEZacVZ6R2JUWGczSFBcL3c9PSIsIm1hYyI6IjkyNzU3OWRiZjdjY2M5ZGIyNzBjMzc4NTAwMzkxNjdkOWU2MmQxYzhlMTQzZjU3NjkxMmRlNDM3NzYxZTVhYjkifQ==,,F000054,男女別トイレあり | 調査日=2009-11-30,
45,宮崎県,45201,宮崎市,,障害福祉サービス事業所向陽園,,,880-0824,宮崎市大島町北ノ原1030の3,31.9369761,131.4442026,https://www.m-sj.or.jp/koyoen/,yes,,,,,,,,,,,,,,,,,,,,,,,,,,,,multipurpose_toilet,みやざきアクセシビリティ情報マップ,https://m-bfree.pref.miyazaki.lg.jp/a_map/public/facilityAround/eyJpdiI6ImE3Z2xjZ2JId0hKZDl5OG9MQkMrUFE9PSIsInZhbHVlIjoiTHJ0QlwvbmlDeGI2ckJ0a2VYUk1yUnc9PSIsIm1hYyI6ImU1NDZhMGI5YWIyMmNiMjNkYTYyNTQ5MjZjMzdiNDgxMTAxNmFjZjhiODRlYWMyNmRmNjQyOGYyMjI5NDRhNTkifQ==,,F000954,男女別トイレあり | 調査日=2020-03-11,
45,宮崎県,45208,西都市,,障害福祉サービス事業所清水台通所センター,,,881-0004,西都市大字清水793番地,32.0996974,131.3814111,https://www.kiyomizudai.jp/,yes,,１階,,,,,,,,,,,,,,,,,,,,,,,,,,multipurpose_toilet,みやざきアクセシビリティ情報マップ,https://m-bfree.pref.miyazaki.lg.jp/a_map/public/facilityAround/eyJpdiI6IjhrXC9uNDVNR3EyZUVubDVCMk1qdXFnPT0iLCJ2YWx1ZSI6IkZtYVRwd3JYOE1WNjl2SXRoKzFUbHc9PSIsIm1hYyI6Ijk4ZjA5NjEwYmUwMDU3NjM4ZDc5ZmJhMWY5ZDM4NTA4OTU0NWVmMzliY2YwNTIzMTlkZTYyNzYxNmQ2MzdlMWYifQ==,,F001268,男女共用トイレあり | 緊急通報装置あり | 調査日=2019-11-12,
45,宮崎県,45201,宮崎市,,小規模多機能型居宅介護事業所 二ツ山,,,889-1701,宮崎市田野町二ツ山甲5540,31.834286,131.329198,http://www.hp.fukushi-zenjinkai.jp/futatuyama/,yes,,,,,,,,,,,,,,,,,,,,,,,,,,,,multipurpose_toilet,みやざきアクセシビリティ情報マップ,https://m-bfree.pref.miyazaki.lg.jp/a_map/public/facilityAround/eyJpdiI6IlZ6dnd3QzVJbHdJSTV0UjAzZElGNWc9PSIsInZhbHVlIjoiZ0RYK1pkaTVjYXMzTGJVZm9xOGVodz09IiwibWFjIjoiOTBkMWVjZWMxYjZlZTAyMmUwZGMzOTBiZWMwOTQ2NzFmYjU3ODc0NTNhN2M1MjQ2MDBhNTdjYWQyNDM2MDcxOCJ9,,F000128,男女共用トイレあり | 調査日=2010-09-02,
45,宮崎県,45201,宮崎市,,小規模多機能型居宅介護 芳生あやめ館,,,880-2231,宮崎市大字糸原300-1,31.9595214,131.369858,http://www.houseien.jp/institution/s07.html,yes,,,,,,,,,,,,,,,,,,,,,,,,,,,,multipurpose_toilet,みやざきアクセシビリティ情報マップ,https://m-bfree.pref.miyazaki.lg.jp/a_map/public/facilityAround/eyJpdiI6IndwVVQrSHdPa3BpRWt6K1wvRE9td2RRPT0iLCJ2YWx1ZSI6Im0zeW9kTlRaS1wvZUF3XC9iMXlmYVZcL2c9PSIsIm1hYyI6IjYzMzc3NmFmOGQ5YjZkNjg0ZjI4Yjg0MDQyZjBmYzhkYmI5OTdjZWUxMWQ5NmQ2NGU4MjNhNjQzYzdiOTdiNzYifQ==,,F001829,男女共用トイレあり,
45,宮崎県,45201,宮崎市,,小規模多機能型居宅介護施設 こもれび,,,880-0824,宮崎市大島町国草132番地,31.9418337,131.4391499,,yes,,,,,,,,,,,,,,,,,,,,,,,,,,,,multipurpose_toilet,みやざきアクセシビリティ情報マップ,https://m-bfree.pref.miyazaki.lg.jp/a_map/public/facilityAround/eyJpdiI6ImRxbGxCTTZXbEJFejZsZm0xdWJcLzZRPT0iLCJ2YWx1ZSI6IlNZQ0ZxQ25LYk1yekpNdFJsREs4cnc9PSIsIm1hYyI6IjExNTg3ZDExMjNiOTM3ZDBkMmE0MjgyZGI3ODVlMGY1NDBiMDhmMzEzZDRlNmQxZGI4Nzc2YzE4ZDA1YzlmZDIifQ==,,F001743,男女共用トイレあり,
45,宮崎県,45201,宮崎市,,小規模多機能型居宅介護施設 新栄ひばり,,,880-0831,宮崎市新栄町72番2,31.9078335,131.4542829,,yes,,,,,,,,,,,,,,,,,,,,,,,,,,,,multipurpose_toilet,みやざきアクセシビリティ情報マップ,https://m-bfree.pref.miyazaki.lg.jp/a_map/public/facilityAround/eyJpdiI6ImJHZ0hSU1V4OFNRQWQ1dVN0SlBDUHc9PSIsInZhbHVlIjoiN2lxQW93ZU5ZQkRiTEh1OU9pZGp3QT09IiwibWFjIjoiNzBhYmRlZDk0NmEyNzMzMDk0Yzc0ZjFiOWUwOTNjOGNkYjBkOTZkMmMwNjdlNjdlNmZhNGQ5ODkyOWRiMzVhMiJ9,,F001756,男女共用トイレあり,
45,宮崎県,45201,宮崎市,,小規模多機能型居宅介護施設 すずらん,,,880-0951,宮崎市大塚町八所3633－1,31.9133568,131.389458,,yes,,,,,,,,,,,,,,,,,,,,,,,,,,,,multipurpose_toilet,みやざきアクセシビリティ情報マップ,https://m-bfree.pref.miyazaki.lg.jp/a_map/public/facilityAround/eyJpdiI6ImsreG5tcm13UlF5eUdyNGdFUDJ3Nmc9PSIsInZhbHVlIjoiYUtmWml1UVZidTdWR3I5UHlVUkJzUT09IiwibWFjIjoiMDljOGYwOTAwYmVmODM0OTk3MGVjNjU1Y2Y3MjEzYmE0MTNjOWYzNjMzMjgwNjQxZjk1MmRhY2NhYzAxNmY5ZiJ9,,F001799,男女共用トイレあり,
45,宮崎県,45201,宮崎市,,小規模多機能型居宅介護事業所 安寿,,,880-2105,宮崎市大塚台西2丁目20番地14,31.915312,131.3825789,,yes,,,,,,,,,,,,,,,,,,,,,,,,,,,,multipurpose_toilet,みやざきアクセシビリティ情報マップ,https://m-bfree.pref.miyazaki.lg.jp/a_map/public/facilityAround/eyJpdiI6IjdVdzBsQ29NWDVGWU1DYnYxcEVVWGc9PSIsInZhbHVlIjoiNTBNVThiZ3Q5K1VZTUEzejNielVWdz09IiwibWFjIjoiZGViOTVkNzYzM2U1MjQ0YjUxYmZmMjI2YWI2OTQ4OWI2YjAzMzhmYjA5ZTkyOTM4YTkzY2FhZGY5OTVjODk3MSJ9,,F000760,男女共用トイレあり,
45,宮崎県,45201,宮崎市,,小規模多機能型居宅介護センター 美波,,,880-0834,宮崎市新別府町薗田152番1,31.9285956,131.450322,,yes,,,,,,,,,,,,,,,,,,,,,,,,,,,,multipurpose_toilet,みやざきアクセシビリティ情報マップ,https://m-bfree.pref.miyazaki.lg.jp/a_map/public/facilityAround/eyJpdiI6InRrZzlrR2lOajdYMnlncHMyMTdvMkE9PSIsInZhbHVlIjoiQWtxTVhYQWU2YVhmRHp2SDM5TzVtUT09IiwibWFjIjoiZGIxMzI1ODRhOTgzYmI3MWYyZjA2MjY3ZTQ4OWI4M2Q5ZmI5Njk5NzU4M2UyYjEyNWRkNzIxNTYyZWI4Yjk3YyJ9,,F001716,男女共用トイレあり,
45,宮崎県,45201,宮崎市,,小規模多機能施設福寿草,,,880-0125,宮崎市大字広原312番1,31.999064,131.4412119,https://www.fukujusou-miyazaki.com/,yes,,,,,,,,,,,,,,,,,,,,,,,,,,,,multipurpose_toilet,みやざきアクセシビリティ情報マップ,https://m-bfree.pref.miyazaki.lg.jp/a_map/public/facilityAround/eyJpdiI6Ikc5NDAxSkduV3RvQUJvclJZemRQZnc9PSIsInZhbHVlIjoiSEx3YWIxYlgyXC9weHM3TkNCYU9PSnc9PSIsIm1hYyI6IjI2YTczOTAxYWJiMDMzNTEwMTllOTg2OTc4NTBkZjY3NjAyNDRjOGM1MzZkZGJiZjg0MzBjNzEwYjMyZGQ1MTQifQ==,,F000171,男女共用トイレあり | 調査日=2019-11-25,
45,宮崎県,45201,宮崎市,,小規模多機能ホーム いきめ,,,880-2112,宮崎市大字小松字口ノ坪2861番,31.9269335,131.3838512,http://www.umigikukai.jp/,yes,,,,,,,,,,,,,,,,,,,,,,,,,,,,multipurpose_toilet,みやざきアクセシビリティ情報マップ,https://m-bfree.pref.miyazaki.lg.jp/a_map/public/facilityAround/eyJpdiI6ImtndVMzMmUzXC9xVGJ6RUdtRGxKa3BBPT0iLCJ2YWx1ZSI6IjRXN0ZhWlhLV3dYNVNjTHQ1UHlsUkE9PSIsIm1hYyI6IjU3OGM1ZjBiZjEzZTBiNjJkN2QyYTZlZDE2YmQ0ZTAzYTYwZjk4YmM3NzJmYWIzZjdjY2JmOTk2NGEyYjczOGQifQ==,,F001702,男女共用トイレあり,
45,宮崎県,45201,宮崎市,,小規模多機能ホーム よかよか南方,,,880-0037,宮崎市南方町迫ノ山159番地,31.9632011,131.4204671,,yes,,,,,,,,,,,,,,,,,,,,,,,,,,,,multipurpose_toilet,みやざきアクセシビリティ情報マップ,https://m-bfree.pref.miyazaki.lg.jp/a_map/public/facilityAround/eyJpdiI6IlorMTJQTzlsYjJoMUlab1lFMlM3bkE9PSIsInZhbHVlIjoiT1cyM2MwcE5uWlIwZzZyRlM1Yjh6dz09IiwibWFjIjoiNmVkYzcwNGQxMTZkYTc1ZGUxNGJhMzEwOWIzNDIxNmRhNWM1ZGFmNDY2MDg2NTJhODJhMGNiYmYyZWJjZDFjNSJ9,,F001806,男女共用トイレあり,
45,宮崎県,45201,宮崎市,,小規模多機能ホームゆらり小松,,,880-2112,宮崎市大字小松1173-2,31.9339136,131.4020373,http://www.koujunkai.jp/yurari-komatu/,yes,,,,,,,,,,,,,,,,,,,,,,,,,,,,multipurpose_toilet,みやざきアクセシビリティ情報マップ,https://m-bfree.pref.miyazaki.lg.jp/a_map/public/facilityAround/eyJpdiI6IjF6YWpsRVphdkJjb1VWXC84b0VMRXlRPT0iLCJ2YWx1ZSI6ImhzKzFjNTdyQVdLaFNCMWNEXC8yU1FBPT0iLCJtYWMiOiI4MzUxZjRjOGQ2YjEzMWIzYjNiMDk0NWY3ODZkMzk3YzY0MGEyZjY4N2Q3MDdhNTYyZDJiMmI4YTMyMWE2MWQ1In0=,,F001109,男女共用トイレあり,
45,宮崎県,45201,宮崎市,,小規模多機能ホームよかよか,,,880-0806,宮崎市広島1丁目14-17,31.913663,131.4267044,http://yumeyoka.jp/info.html,yes,,,,,,yes,,,,,,,,,,,,,,,,,,,,,,multipurpose_toilet,みやざきアクセシビリティ情報マップ,https://m-bfree.pref.miyazaki.lg.jp/a_map/public/facilityAround/eyJpdiI6InU0S2p0T3U4dUZCSVkrTjMyMTc2ZVE9PSIsInZhbHVlIjoiQ3FyZitrd25VYkNoVFMxeFRxYkRcL2c9PSIsIm1hYyI6IjcxZjUwNDk5YmQ0ZDBmOGI5NjZhNWIyY2FjNTFhM2VkZTZjYzFhYzU4ZGZmMGRhNjkyMzVhMjRiZThlOTczY2UifQ==,,F000691,男女共用トイレあり | 調査日=2019-11-14,
45,宮崎県,45443,五ヶ瀬町,,浄専寺,,,882-1203,五ヶ瀬町大字三ヶ所8701,32.671571,131.212925,,yes,,正面入口から道路を渡った駐車場内,,,,,,,,,,,,,,,,,,,,,,,,,,multipurpose_toilet,みやざきアクセシビリティ情報マップ,https://m-bfree.pref.miyazaki.lg.jp/a_map/public/facilityAround/eyJpdiI6IlFqRUx3TndzeFJPMnBEUERCT1NNN1E9PSIsInZhbHVlIjoiUm1zWDVObVZ0NW1QbFJLVkJLaXhPdz09IiwibWFjIjoiZmVlMjA3YWE1MDcyNjk3YjgzNTg4YzIyODZkNzg4YThlOGM5MTRjNmFkNTNiOWMwYzJmMTBmYWNmMzI2OGUyYSJ9,,F002704,男女共用トイレあり | 緊急通報装置あり | 調査日=2023-08-24,
45,宮崎県,45202,都城市,,焼酎の里 霧島ファクトリーガーデン,,,885-0093,都城市志比田町5480,31.7425045,131.0599966,https://www.kirishima-fg.jp/,yes,,霧の蔵ブルワリー内 / 志比田第二増設工場内1F / 志比田第二増設工場内4F / 屋外（霧島グラウンド・ゴルフコース）,,,,yes,,,,yes,yes,,,,,,,,,,,,,,,,,multipurpose_toilet,みやざきアクセシビリティ情報マップ,https://m-bfree.pref.miyazaki.lg.jp/a_map/public/facilityAround/eyJpdiI6InpRbUlYVlVsaWlwVEpGeVRnaU80eUE9PSIsInZhbHVlIjoiSHdrWVlZY3FyZUVCTlF1MkdzTzQ1dz09IiwibWFjIjoiNGQzY2YxNjAyNzUyYjQyNTM0NGI5OGRlZmIxNWUxNjQ5M2M2N2JlNjg3OTlkZWI2ZDI0MDlmMGMzYTQ4OGM2YiJ9,,F000018,男女共用トイレあり | 緊急通報装置あり | 調査日=2025-02-26,・霧島創業記念館 吉助と霧の蔵ベーカリー内に一般トイレがある（霧の蔵ベーカリー内の女性用トイレにはベビーシートとベビーチェアがある）
45,宮崎県,45202,都城市,,庄内地区公民館,,,885-0114,都城市庄内町12692,31.7719653,131.0191383,http://cms.city.miyakonojo.miyazaki.jp/display.php?cont=120911135443,yes,,,,,,yes,,,,yes,,,,,,,,,,,,,,,,,,multipurpose_toilet,みやざきアクセシビリティ情報マップ,https://m-bfree.pref.miyazaki.lg.jp/a_map/public/facilityAround/eyJpdiI6InZobG9rVXdtK0kzV0V0K1BHZlwvTFJ3PT0iLCJ2YWx1ZSI6InA3R2FmbXZmdDlpVDZTamNyamhtd3c9PSIsIm1hYyI6ImMwZWY2MzRkZGU3Mjg2YTkyOWZjZTUwM2VhMjhkYTQ1MzA3NDUxZGNjNGM3NWIzMTMzMWRhNzcyYjVhYzQ5ODIifQ==,,F000619,男女別トイレあり | 着替え台あり | 調査日=2019-12-26,
45,宮崎県,45202,都城市,,庄内デイサービスセンター,,,885-0114,都城市庄内町8673番地,31.7699911,131.0214202,,yes,,,,,,,,,,,,,,,,,,,,,,,,,,,,multipurpose_toilet,みやざきアクセシビリティ情報マップ,https://m-bfree.pref.miyazaki.lg.jp/a_map/public/facilityAround/eyJpdiI6Ik1UR0U4djZuaURhSFNRQnpiaDZncHc9PSIsInZhbHVlIjoieDU0WjBuXC9ydVc5UUhMdjdodkI2OUE9PSIsIm1hYyI6ImZmOTE0NTU4ZmMzNDcxMGQ2Y2YyMGYxYTA1NmY5M2YyYjdhODA3ZTEzYmRjMDAwOTc4MzhhNjIzZTYyYjJmOTUifQ==,,F000357,男女共用トイレあり | 調査日=2002-09-20,
45,宮崎県,45404,木城町,,城山公園,,,884-0101,木城町大字高城,32.16776524864452,131.47463176425845,https://kijokanko.com/spot/364/,yes,,駐車場北側,,,,,,,,,,,,,,,,,,,,,,,,,,multipurpose_toilet,みやざきアクセシビリティ情報マップ,https://m-bfree.pref.miyazaki.lg.jp/a_map/public/facilityAround/eyJpdiI6InA3MnpMR3Byb0JyYmxNaVg5SzRCSnc9PSIsInZhbHVlIjoiTFpKY0taR1hDMHh4MFJaN1ZlUFpjdz09IiwibWFjIjoiNTgzMmIxZmFlMDM2MTM2MjUzNjg3ZDVjMTIwOWEzMDkyODgyMTllZTlkOWRlZTQ5MzM3MWFlMTBhMzEwYmVlNiJ9,,F002641,男女共用トイレあり | 緊急通報装置あり | 調査日=2023-01-12,
45,宮崎県,45201,宮崎市,,食楽中華 空林,,,880-0212,宮崎市佐土原町大字下那珂字永田695番6,32.006869,131.47856,,yes,,,,,,,,,,,,,,,,,,,,,,,,,,,,multipurpose_toilet,みやざきアクセシビリティ情報マップ,https://m-bfree.pref.miyazaki.lg.jp/a_map/public/facilityAround/eyJpdiI6IkdsNjdOam1YaW1kdkRmYW1hQXRkK2c9PSIsInZhbHVlIjoiWlZyaFZ0OFhzZ2lrOTNTRE1XZjVtQT09IiwibWFjIjoiZDBjMmUzNjY2NzliOTU0YjhiODllZTQzNGU2MTZhZjFiZjZhMTU5OWViOTNmMDM2YmUzYTU3ZGM0Y2EzZjVlNyJ9,,F001517,男女共用トイレあり,
45,宮崎県,45209,えびの市,,白鳥温泉上湯,,,889-4302,えびの市末永1470,31.974919,130.830221,http://shiratori-onsen.com/wp/up/,yes,,１階、風呂の前,,,,,,,,,,,,,,,,,,,,,,,,,,multipurpose_toilet,みやざきアクセシビリティ情報マップ,https://m-bfree.pref.miyazaki.lg.jp/a_map/public/facilityAround/eyJpdiI6Ik9vQ0ZcLzRaOG9TaTVUVG1YZFNuam5nPT0iLCJ2YWx1ZSI6IlBXM05OM2diM0pnaXRWbDg4dVF2M1E9PSIsIm1hYyI6ImJmNTkzN2IyMDk3ODcxMGEyMjIyZjgwYTFiMjg1NTMzYWE4YmYyYzI1MzlkOTJkZmRmZmViOTA0ZDAxYTdhYTIifQ==,,F002772,男女共用トイレあり | 緊急通報装置あり | 調査日=2024-07-29,
45,宮崎県,45209,えびの市,,白鳥神社,,,889-4302,えびの市末永1479,31.979007,130.827302,,yes,,大駐車場横,,,,yes,,,,,yes,,,,,,,,,,,,,,,,,multipurpose_toilet,みやざきアクセシビリティ情報マップ,https://m-bfree.pref.miyazaki.lg.jp/a_map/public/facilityAround/eyJpdiI6IkVjTEN2QUQzNWU4dkllcDdKWHlkaVE9PSIsInZhbHVlIjoiTnU4RGZyczlia1YrUFRmdUl0XC8rVnc9PSIsIm1hYyI6ImE0YmEyZDk0MGFhNDlmYmVkMWIyOTE2Y2Q3MGM2M2YxZjc4YzI0N2JmMGQ2MjUyYTQ4MmU3NDQwZmJmY2E1YTEifQ==,,F002799,男女共用トイレあり | 調査日=2024-11-06,
45,宮崎県,45201,宮崎市,,シルバーケア野崎居宅介護支援事業所,,,880-0837,宮崎市村角町北田134-6,31.9576281,131.4460401,http://www.koujunkai.jp/index.shtml,yes,,,,,,,,,,,,,,,,,,,,,,,,,,,,multipurpose_toilet,みやざきアクセシビリティ情報マップ,https://m-bfree.pref.miyazaki.lg.jp/a_map/public/facilityAround/eyJpdiI6InZoTUZpcVwvMHdlOW4yZmFvSUNuQytBPT0iLCJ2YWx1ZSI6Ik5hU2NhRzM3TWl3Y3N4bUU5K09ZU3c9PSIsIm1hYyI6ImUwOTc4MGE3NjYyZDg4YWU5YzBlMGU1MDZmYWQ3NDY0Y2NlNWY4NGQ2N2RhNWNjOGNmYjBmZmQ0ZWRmYmE4MzcifQ==,,F001245,男女共用トイレあり,
45,宮崎県,45201,宮崎市,,城山病院,,,889-1604,宮崎市清武町船引238,31.8562623,131.3904913,http://shiroyama-hp.com/,yes,,２階,,,,yes,,yes,,,,,,,,,,,,,,,,,,,,multipurpose_toilet,みやざきアクセシビリティ情報マップ,https://m-bfree.pref.miyazaki.lg.jp/a_map/public/facilityAround/eyJpdiI6IlMyeHh6dUNyVmZnWHBjeW5pc1I1dlE9PSIsInZhbHVlIjoicUg1TmVQZ2ZBVlJUMkVoalF4d29DZz09IiwibWFjIjoiOTU2MGE5NzMyYzEyMGIwOWMyYWM1OWJhZGU4OWYyMGU1NzliOWMwNmM0M2ViMWIzYWJkZDA3OGIwMWI0NjViOCJ9,,F001561,男女共用トイレあり | 緊急通報装置あり | 調査日=2019-11-25,
45,宮崎県,45202,都城市,,志和池地区公民館,,,885-1103,都城市上水流町1536,31.8079826,131.0948473,,yes,,,,,,yes,,yes,,,yes,,,,,,,,,,,,,,,,,multipurpose_toilet,みやざきアクセシビリティ情報マップ,https://m-bfree.pref.miyazaki.lg.jp/a_map/public/facilityAround/eyJpdiI6Ikl3OStJY1d5UEpqN0R2TGpDcHUxeVE9PSIsInZhbHVlIjoiY1cydDZcL2hDMnBKU044d2VYaGdKS1E9PSIsIm1hYyI6Ijk1MjE0MTM2NzVmMjczNjFhM2UxMzZiZTY2YTFkNTQxOTQ3ZDg2Y2E1MTU5NGQ4NzNmMTE4MjBiNGE2YTUwNjMifQ==,,F000657,男女別トイレあり | 緊急通報装置あり | 着替え台あり | 調査日=2019-12-26,
45,宮崎県,45201,宮崎市,,新川街区公園公衆トイレ,,,889-1613,宮崎市清武町西新町5番地1,31.8427715,131.4062045,,yes,,屋外,,,,,,,,,,,,,,,,,,,,,,,,,,multipurpose_toilet,みやざきアクセシビリティ情報マップ,https://m-bfree.pref.miyazaki.lg.jp/a_map/public/facilityAround/eyJpdiI6IjJiWjZucm82MlByeUViSjlDc2hkc2c9PSIsInZhbHVlIjoia0xCY0w5eTYwTlU2VnBhXC9DRUNPclE9PSIsIm1hYyI6ImViZmY1N2E3MTMxY2NhNWRmYmI5ZWU4ZGM2NzE1ZmU5MDIzNTc4MjQ4YTU0Y2QxNzFkZWYwYmE1YmQwZjYwNTMifQ==,,F002026,男女共用トイレあり | 緊急通報装置あり | 調査日=2019-12-10,
45,宮崎県,45201,宮崎市,,神宮北自治公民館,,,880-0035,宮崎市下北方町貝吹316,31.9484699,131.4187237,,yes,,,,,,,,,,,,,,,,,,,,,,,,,,,,multipurpose_toilet,みやざきアクセシビリティ情報マップ,https://m-bfree.pref.miyazaki.lg.jp/a_map/public/facilityAround/eyJpdiI6InRtZWk1YVV4cXhBSXdoU2dFT3pXVGc9PSIsInZhbHVlIjoibkdmOGJWaTRRb2NVZm9SRDhxZnV5Zz09IiwibWFjIjoiMDFjMzAzODUwOWRlMDVjOGY1ZTdkZjUzODUxYjMyYzYzMzZlMjA1YjBmNTZiOTc1NTdjYzQxM2YwMzUxNjA0OSJ9,,F000721,男女共用トイレあり | 調査日=2010-01-26,
45,宮崎県,45201,宮崎市,,じんぐうの杜薬局,,,880-0053,宮崎市神宮2丁目3-5,31.9353428,131.4213934,,yes,,,,,,,,,,,,,,,,,,,,,,,,,,,,multipurpose_toilet,みやざきアクセシビリティ情報マップ,https://m-bfree.pref.miyazaki.lg.jp/a_map/public/facilityAround/eyJpdiI6Inc2b05uQ3VROWVTaFBuS3U5cEdFYXc9PSIsInZhbHVlIjoiN2tjTkFwdXArYlRRaVFuRDg0a0xCUT09IiwibWFjIjoiZmRmY2M5M2E2N2EzMmYxM2RmNDU1MTBiNTExODZkMDBmYzVjMzk4ZWRjZmFlNGYyNmE3NGEzMWIzZjNkYjFhOCJ9,,F001011,男女共用トイレあり,
45,宮崎県,45201,宮崎市,,新城眼科医院・分院,,,880-0035,宮崎市下北方町目後899番地1,31.9425636,131.4234702,http://www.shinjo-ganka.or.jp/,yes,,１階,,,,,,,,,,,,,,,,,,,,,,,,,,multipurpose_toilet,みやざきアクセシビリティ情報マップ,https://m-bfree.pref.miyazaki.lg.jp/a_map/public/facilityAround/eyJpdiI6IkxVc3QzeldFZk1LT0MrcTBDVzZOdkE9PSIsInZhbHVlIjoiZFVxdmlyajNmVnpPcFBocVZKM1FFUT09IiwibWFjIjoiMDg1MGQxODQyZjA5NGE4YzJhNDliMmNiNjEyNDI5NTNlY2M4MmQ1NGU5N2VmMmI4N2MyY2U0ZTZhNTc4MjFkYyJ9,,F002022,男女共用トイレあり | 緊急通報装置あり | 調査日=2009-11-30,
45,宮崎県,45203,延岡市,,身体障害者婦人芽ばかり作業所,,,882-0866,延岡市平原町4丁目1962-11ふれあい館内,32.5470118,131.675619,,yes,,,,,,,,,,,,,,,,,,,,,,,,,,,,multipurpose_toilet,みやざきアクセシビリティ情報マップ,https://m-bfree.pref.miyazaki.lg.jp/a_map/public/facilityAround/eyJpdiI6IlNNa2hET2ZWZjlTdVFuUWdaUitaQVE9PSIsInZhbHVlIjoiT2hwbWpsajhOM3NXTDN3ZVwvYkFYY3c9PSIsIm1hYyI6IjUwM2MxYWI1ZDM4ZDNmMzY4ZWRiMDQ3NWMwMWY1NjhkNzBhZGFlYmU2NTIzNjY3NmMyNGQyNzJjYWQyZmE4ZjAifQ==,,F002060,男女共用トイレあり | 調査日=2002-09-04,
45,宮崎県,45201,宮崎市,,身体障害者まほろばデイサービスセンター,,,880-2101,宮崎市大字跡江525番地,31.9522003,131.3869793,http://mahorobaweb.sakura.ne.jp/index.html,yes,,,,,,,,,,,,,,,,,,,,,,,,,,,,multipurpose_toilet,みやざきアクセシビリティ情報マップ,https://m-bfree.pref.miyazaki.lg.jp/a_map/public/facilityAround/eyJpdiI6ImZpdDdWaGtjYUZ1Rkh4THpDZ3lOdGc9PSIsInZhbHVlIjoibWs3Y0NqT2FuNzFYdVNIMVFEVFhKUT09IiwibWFjIjoiODJlODZkYzQ1NzM5OTdmOTQ1ZTYyNzUzZmQyMDVjMGRlOTAyYzU0YTBkNGUxODg5MTk0NDQ5NmZiOTU0NzY4YiJ9,,F000983,男女別トイレあり | 調査日=2002-09-24,
45,宮崎県,45402,新富町,,新富町温泉健康センター サン・ルピナス,,,889-1402,新富町大字三納代1859-1,32.0741255,131.4959278,http://sun-lupinus.info/,yes,,１階,,,,,,,,,,,,,,,,,,,,,,,,,,multipurpose_toilet,みやざきアクセシビリティ情報マップ,https://m-bfree.pref.miyazaki.lg.jp/a_map/public/facilityAround/eyJpdiI6InZBcHNEMWRMeXM5UVcxNE1BZHpjMFE9PSIsInZhbHVlIjoiSEp3Tnh2S3FPcG9KdVpcL3RPTmpPcVE9PSIsIm1hYyI6IjAzMGI2N2Q4N2ZkNzBlYTYyZmZkNmIzYzk0NTAwOThmYTdlZmE1ZjNmYWYwMWE5NGQ2YzU5NjUwNTExMGQ4ZmYifQ==,,F000507,男女共用トイレあり | 緊急通報装置あり | 調査日=2019-11-09,
45,宮崎県,45402,新富町,,新富町フットボールセンター,,,889-1402,新富町大字三納代1750番地,32.07478,131.49342,,yes,,第1駐車場西側 / センター内に2か所,,,,yes,,yes,,yes,yes,,,,,,,,,,,,,,,,,multipurpose_toilet,みやざきアクセシビリティ情報マップ,https://m-bfree.pref.miyazaki.lg.jp/a_map/public/facilityAround/eyJpdiI6InRFRHZOUlhoNTB0bjNhQ1NkVmY2YkE9PSIsInZhbHVlIjoiTUdEZXJvYVM1TStKZnh2SVNTYTl6QT09IiwibWFjIjoiMmZiZGUyNmVmNGQ5M2Q4MDFhMzYxNTExZDViM2Y4YzU1MTA5MWUwNTViMTY2NGI2MTcyYWYxNGUxMWNmNGYxYyJ9,,F002830,男女共用トイレあり | 着替え台あり | 調査日=2025-01-29,
45,宮崎県,45402,新富町,,新富町保健相談センター,,,889-1493,新富町大字上富田7491,32.0691147,131.4874895,,yes,,１階,,,,,,,,,,,,,,,,,,,,,,,,,,multipurpose_toilet,みやざきアクセシビリティ情報マップ,https://m-bfree.pref.miyazaki.lg.jp/a_map/public/facilityAround/eyJpdiI6IlJWWjFcL25HS0c2U1dodDBUeXg0OWNBPT0iLCJ2YWx1ZSI6ImxPTzFxTW45S0lQXC96ME1EUXhQSTVRPT0iLCJtYWMiOiJkODg0NGM0ZWYyMzhiYTQxZDExZGVlZTdkYWU1NWQzNTZiYjE1NmQ4NTUwNGQ1ODM2NDg2N2FhNzQzYzMyZmZjIn0=,,F001832,男女共用トイレあり | 緊急通報装置あり | 調査日=2013-09-05,
45,宮崎県,45402,新富町,,新富町役場,,,889-1493,新富町大字上富田7491番地,32.0691147,131.4874895,http://www.town.shintomi.lg.jp/,yes,,１階 / 3階,,,,yes,,yes,,yes,,,,,,,,,,,,,,,,,,multipurpose_toilet,みやざきアクセシビリティ情報マップ,https://m-bfree.pref.miyazaki.lg.jp/a_map/public/facilityAround/eyJpdiI6IndvaUVEM3dFZDhcL1wvQUNBR1M1S0lrdz09IiwidmFsdWUiOiJaZEw3RG1idGVLTUErU3A0WmZodEZBPT0iLCJtYWMiOiJhY2FjYTI3ZWQzNjYxZWY5OGQ4ZDQ2ZDE3MmEyYzhkZTA3NjhhYzViZTA1YjY0YjA0YzljYjQ4NjE5ZDgzZWRiIn0=,,F000505,男女共用トイレあり | 緊急通報装置あり | 調査日=2019-11-13,
45,宮崎県,45402,新富町,,新富町社会福祉協議会 新富町老人福祉センター,,,889-1403,新富町大字上富田7485番地4,32.0688793,131.4865127,,yes,,１階,,,,,,,,,,,,,,,,,,,,,,,,,,multipurpose_toilet,みやざきアクセシビリティ情報マップ,https://m-bfree.pref.miyazaki.lg.jp/a_map/public/facilityAround/eyJpdiI6IkJhNFdaMit1a284UXAwXC9nelZ2RUd3PT0iLCJ2YWx1ZSI6IlZGcGt4TnRrQ3dTQlp1UXlmWTdSMXc9PSIsIm1hYyI6IjQ0YmJiNzQ4ZGQ3NDBhNjc2YmIyNDEzZmI0MmJiMjk5MTUzNTVlNGVmMzRlM2FhZjY2OTU2MTcxM2EyYjc0YjEifQ==,,F000506,男女別トイレあり | 緊急通報装置あり,
45,宮崎県,45402,新富町,,新富ひむかクリニック,,,889-1403,新富町上富田字八反田３３５５,32.062483,131.485572,shintomi-himuka.com,yes,,入口を入って受付の左側,,,,yes,,,,yes,yes,,,,,,,,,,,,,,,,,multipurpose_toilet,みやざきアクセシビリティ情報マップ,https://m-bfree.pref.miyazaki.lg.jp/a_map/public/facilityAround/eyJpdiI6IlNpeVA4VjIzcFFWV0pNRWtHOHlmTWc9PSIsInZhbHVlIjoiRUM0ajdHNWt4VlpMa2Uyb2lrK1IyZz09IiwibWFjIjoiN2NiNmUyZTllMjM5MzliY2U1NzhhOTRiMTUxNWYwYzFlZTRkODBiZjc4YWUwMzY0YzFhNDZiMTgyOTMxYmNkMyJ9,,F002868,男女共用トイレあり | 緊急通報装置あり | 調査日=2025-04-28,直径１５０ｃｍの回転スペースがある。
45,宮崎県,45402,新富町,,新富文化会館「ルピナスみらい」,,,889-1403,新富町大字上富田6367-1,32.0700044,131.4835596,http://www.buken.co.jp/shintomi/,yes,,１階,,,,,,,,,,,,,,,,,,,,,,,,,,multipurpose_toilet,みやざきアクセシビリティ情報マップ,https://m-bfree.pref.miyazaki.lg.jp/a_map/public/facilityAround/eyJpdiI6IjZxWHFuWVwvcmtvNnlRczA3UzRcLzFTUT09IiwidmFsdWUiOiIwckdCSlczcUZkb1MrZjAyMTJVdG5RPT0iLCJtYWMiOiJjZGFmMTIzOTlhNzA5M2I5NjM5OGM4ZjEyMjE2ZTYyYTdmMzRmYmJjNjkzNTYwMDlkMGNkOTY3ZDUyMjJmZTMxIn0=,,F001386,男女共用トイレあり | 緊急通報装置あり | 調査日=2002-09-27,
45,宮崎県,45207,串間市,,スーパーセンターニシムタ串間店,,,888-0001,串間市大字西方5590番地,31.4647014,131.2270289,,yes,,２階 / １階,,,,,,,,,,,,,,,,,,,,,,,,,,multipurpose_toilet,みやざきアクセシビリティ情報マップ,https://m-bfree.pref.miyazaki.lg.jp/a_map/public/facilityAround/eyJpdiI6IkEwQjNjMVNXOUhLV0ZFUERFTUVsY3c9PSIsInZhbHVlIjoiaE9RUG9XZFpXTytib1Z1enJHNTRNdz09IiwibWFjIjoiODMwMzJkNzE0YmE1YmZjMzQ5NGE5N2RkODUwODE3NGIxY2IzYjlhZWNjNWJiZjdkZTg2NWFiNjJlMjM4MDE4ZiJ9,,F000892,男女共用トイレあり | 緊急通報装置あり | 調査日=2002-09-05,
45,宮崎県,45201,宮崎市,,スーパードラック コスモス 柳丸店,,,880-0844,宮崎市柳丸町53-1,31.9279926,131.4319849,,yes,,,,,,,,,,,,,,,,,,,,,,,,,,,,multipurpose_toilet,みやざきアクセシビリティ情報マップ,https://m-bfree.pref.miyazaki.lg.jp/a_map/public/facilityAround/eyJpdiI6IjROa05EMTVQaVMwOVRRb3MrUmFNM3c9PSIsInZhbHVlIjoiXC9IYkcyMWt6ZkFUZ0Z5eXYxUDMrc2c9PSIsIm1hYyI6ImQ3ZTFjNDk3YWQ2OGJmOWQwOGMzNDZmNzU1ZmE4Yjc2M2Q5NDBkZTg1ZmYxNWE0NTExMDYyMWZlM2UzYWZmNmQifQ==,,F000204,男女共用トイレあり,
45,宮崎県,45402,新富町,,スーパードラックコスモス新富店,,,889-1402,新富町大字三納代字辻2489-1,32.0716716,131.4918766,,yes,,１階,,,,,,,,,,,,,,,,,,,,,,,,,,multipurpose_toilet,みやざきアクセシビリティ情報マップ,https://m-bfree.pref.miyazaki.lg.jp/a_map/public/facilityAround/eyJpdiI6Im5udTNNN2Q2V2k4ZWo1bGhYU1krNEE9PSIsInZhbHVlIjoieUFGQWhUcGtiYUNJSmxUa2J5MjNcL1E9PSIsIm1hYyI6Ijc1ZjQ3MjY0Nzk3NTU5YWI5MGJhNGZiMmUzYzIwZmY5MDExMjUxYWUyNTNkZjc3MGZkZTZjMDBjYTcyN2JjMTIifQ==,,F000214,男女共用トイレあり | 緊急通報装置あり | 調査日=2006-02-20,
45,宮崎県,45202,都城市,,末原歯科医院,,,885-0114,都城市庄内町12690-3,31.7726087,131.0187792,,yes,,１階,,,,,,,,,,,,,,,,,,,,,,,,,,multipurpose_toilet,みやざきアクセシビリティ情報マップ,https://m-bfree.pref.miyazaki.lg.jp/a_map/public/facilityAround/eyJpdiI6IjhmVmVRYjlUZVZudjJoKzBDZ2tBREE9PSIsInZhbHVlIjoiVnpTcXJGcUFYeW9yUlVDaE10MWJMQT09IiwibWFjIjoiODllNTlmNTZiMjY2YTU5ODU0ZGZlOWJkNDRhOTdiNTU1ZDczOGJhYmI1ODM4NjUyZGIzYjQ2NzNjYjBkODhhYyJ9,,F001014,男女共用トイレあり | 緊急通報装置あり | 調査日=2002-09-04,
45,宮崎県,45201,宮崎市,,杉澤胃腸科内科,,,880-0917,宮崎市城ヶ崎4-6-7,31.895636,131.4326393,,yes,,１階,,,,yes,,,,,,,,,,,,,,,,,,,,,,multipurpose_toilet,みやざきアクセシビリティ情報マップ,https://m-bfree.pref.miyazaki.lg.jp/a_map/public/facilityAround/eyJpdiI6Ik9xem03N3N6QkhJRk1TblU2TFh2Y3c9PSIsInZhbHVlIjoiNFUrWmpyVDVFNUdiM3pLZjlrcFwvZHc9PSIsIm1hYyI6ImM4NGNhMGNiZjEwMDhlYjNkNmM1NTI4ZDNjYzNmODAyNzMzNzRjY2I3MzFjYzZlOGQyYjM3OGU4ZWQ4MjU2NjMifQ==,,F000748,男女別トイレあり | 緊急通報装置あり | 調査日=2013-09-02,
45,宮崎県,45205,小林市,,医療法人相愛会須木診療所,,,886-0112,小林市須木下田1224番地,32.0719957,131.0749638,http://www.all-souai.or.jp/subsukiuchi.htm,yes,,,,,,yes,,yes,,,,,,,,,,,,,,,,,,,,multipurpose_toilet,みやざきアクセシビリティ情報マップ,https://m-bfree.pref.miyazaki.lg.jp/a_map/public/facilityAround/eyJpdiI6IkZcL3lqT2NDK1VpRXQrRXh0dlo5RGtRPT0iLCJ2YWx1ZSI6Im96YnptTGZQZk5lR1hMcWxCUUhOa0E9PSIsIm1hYyI6IjYzNTY3YWUyYWIxODUzNzdjM2EwNjJmOTQ5Nzc4ODA3N2E2YmFiMjE4MzE3ZjY2YzU0OWJiZmM4M2RhN2Y3ZTUifQ==,,F000040,男女別トイレあり | 緊急通報装置あり | 調査日=2019-11-14,
45,宮崎県,45201,宮崎市,,杉光薬局,,,880-2112,宮崎市大字小松字町屋敷667-2,31.938694,131.401122,,yes,,,,,,,,,,,,,,,,,,,,,,,,,,,,multipurpose_toilet,みやざきアクセシビリティ情報マップ,https://m-bfree.pref.miyazaki.lg.jp/a_map/public/facilityAround/eyJpdiI6IkY5aEhcL3FRWHpkUmxBZFZZcUFyQlpRPT0iLCJ2YWx1ZSI6IjRSdmtFNUNpXC9qeUJLODkrbFFIUWpRPT0iLCJtYWMiOiI3NjY4NDI0YjY2ZGJkM2RmNTBiMGNiMjQ1NThhZDYwMGViMzIxODc0Mzk0YjMxMmEyNjI4ZjIzYmNhM2RlYmUwIn0=,,F001810,男女共用トイレあり,
45,宮崎県,45201,宮崎市,,杉本外科・胃腸科医院,,,880-0908,宮崎市谷川1丁目7-6,31.902593,131.414875,http://www.hotnavi.net/mycare/sugimoto/,yes,,,,,,,,yes,,,,,,,,,,,,,,,,,,,,multipurpose_toilet,みやざきアクセシビリティ情報マップ,https://m-bfree.pref.miyazaki.lg.jp/a_map/public/facilityAround/eyJpdiI6ImZoblJZdkxhZWpcL0trWE9yNzRQWU5RPT0iLCJ2YWx1ZSI6IlJVN2x1SmVcL01MRVJ4S1U1ZGpLekJnPT0iLCJtYWMiOiJmYzNkNDU3YzNjMWM1ZDBjMDliMGQ1ZGY3ZjJjY2M5Zjg5YWViMTNiNzc3NjUwZDZkNjYyMGY0MTkzNTI3OTQwIn0=,,F000625,男女共用トイレあり | 調査日=2009-11-26,
45,宮崎県,45201,宮崎市,,すき家 269号宮崎清武店,,,889-1603,宮崎市清武町正手3丁目17－1,31.8607416,131.3852756,http://www.sukiya.jp/,yes,,,,,,,,,,,,,,,,,,,,,,,,,,,,multipurpose_toilet,みやざきアクセシビリティ情報マップ,https://m-bfree.pref.miyazaki.lg.jp/a_map/public/facilityAround/eyJpdiI6Ims3N2lIbTczTVErN3BjbUhsRElwOHc9PSIsInZhbHVlIjoiRWpWaFQwRUt3QlpiYjhDXC9NMVNTS3c9PSIsIm1hYyI6IjZiMzkyNWJiNjM0OTM5OTc3MDcxZmNmMTQ5ZDhlMGY2ZTg3ZjVkZGUyNTNiZWEwZWY1NDRmOGM2NTY4ZjFlMDIifQ==,,F001814,男女共用トイレあり,
45,宮崎県,45201,宮崎市,,寿司まどか 大塚店,,,880-0951,宮崎市大塚町池ノ内1157,31.9245119,131.3907203,http://www.kousei-grp.co.jp/,yes,,,,,,,,,,,,,,,,,,,,,,,,,,,,multipurpose_toilet,みやざきアクセシビリティ情報マップ,https://m-bfree.pref.miyazaki.lg.jp/a_map/public/facilityAround/eyJpdiI6IkVIakQ3VEJxbFRDUXBXdTB3blRiK0E9PSIsInZhbHVlIjoiK0lFSmtQN2xDWG5Qd1oybnoya1F6UT09IiwibWFjIjoiNDRmODBkMmQ5ODJjMjllNGNiYTYzZWU4YjQ2OTYyNzRjMmVmZGY4YjY2N2E1ZDlkOTQwZWQ3YmM1ZDA0ZWNlNCJ9,,F001473,男女共用トイレあり | 調査日=2013-09-06,
45,宮崎県,45202,都城市,,寿司まどか 川東店,,,885-0012,都城市上川東4丁目1－5,31.745717,131.077159,http://www.kousei-grp.co.jp/,yes,,,,,,yes,,,,yes,,,,,,,,,,,,,,,,,,multipurpose_toilet,みやざきアクセシビリティ情報マップ,https://m-bfree.pref.miyazaki.lg.jp/a_map/public/facilityAround/eyJpdiI6Ik1cLzZoMGd6c1wvSG5BQ0JHVW9ndG9KUT09IiwidmFsdWUiOiJ4YVUyTFhcL1ErNktQWjJ3d0sySWdaUT09IiwibWFjIjoiMjU1ZGY3ZTUyMjYzOTRmNjFmOTE2MTQ4NjdlNTZkMTgzZGY1M2Y3MzZhYTRiMjFjZGNiZDViOTFmMWVmZGZjZCJ9,,F001456,男女共用トイレあり | 調査日=2019-11-25,
45,宮崎県,45201,宮崎市,,寿司まどか 神宮店,,,880-0056,宮崎市神宮東3丁目6-49,31.9385435,131.4298125,http://www.kousei-grp.co.jp/,yes,,,,,,yes,,,,yes,,,,,,,,,,,,,,,,,,multipurpose_toilet,みやざきアクセシビリティ情報マップ,https://m-bfree.pref.miyazaki.lg.jp/a_map/public/facilityAround/eyJpdiI6IjVGck5RNW1qU0Uyc2pmYVlDOGxwOWc9PSIsInZhbHVlIjoiNTV0SndTNHNzaTNKbnJhdk92SGlEZz09IiwibWFjIjoiMzJiYzgyNjU2YTYwMjFjYzJlODM5NDc1ZTE1MWNlMDQ2YTFhZTdmNDY1YWJmNjNlMTY0NWQ3MzhiNGNhYmRmMyJ9,,F001660,男女共用トイレあり | 調査日=2019-11-25,
45,宮崎県,45201,宮崎市,,株式会社スズキ自販宮崎 スズキアリーナ花ヶ島,,,880-0036,宮崎市花ヶ島町屋形町1204,31.9502323,131.4333418,https://www.suzuki.co.jp/dealer/sj-miyazaki/,yes,,,,,,,,,,,,,,,,,,,,,,,,,,,,multipurpose_toilet,みやざきアクセシビリティ情報マップ,https://m-bfree.pref.miyazaki.lg.jp/a_map/public/facilityAround/eyJpdiI6InN3TWhQS0J2RElGaElmQ2h5VUlCeFE9PSIsInZhbHVlIjoiRlwvQzZZZW5hNExCR1lOdUg4WnJcL2VRPT0iLCJtYWMiOiIzZDNjMGMwZmU3ZDNjN2ZkYmNlOWVhMDExZmVhNDI5OTY2NTkzNDc4NGYxMjNmZWUzOTQzODYwZTQwZWE2ZTU0In0=,,F000842,男女共用トイレあり,
45,宮崎県,45206,日向市,,STAIRS OF THE SEA,,,883-0022,日向市大字平岩2217-3,32.358751,131.622447,https://stairs-miyazaki.com/,yes,,入口を入って左奥,,,,yes,,,,yes,,,,,,,,,,,,,,,,,,multipurpose_toilet,みやざきアクセシビリティ情報マップ,https://m-bfree.pref.miyazaki.lg.jp/a_map/public/facilityAround/eyJpdiI6InV4b0VpSkE1SDRhV0FxYkV3VW9HRWc9PSIsInZhbHVlIjoiZUlVb3VjNzluMWZSWDh1cmlqM0YyUT09IiwibWFjIjoiZTg2N2VhMzNkNGZjYWMxZmExZWVjMjZkZGIyZTM0MWNiOGIzOWFiOGI5MDVlNDRhNzA5Yjg1OGJiNWZiZGU4YiJ9,,F002457,男女共用トイレあり | 調査日=2020-02-22,
45,宮崎県,45201,宮崎市,,SPECIALIST(スポーツジム),,,880-0211,宮崎市佐土原町下田島9469,32.0288815,131.4744974,https://www.specialist-gym.com/,yes,,,,,,,,,,,,,,,,,,,,,,,,,,,,multipurpose_toilet,みやざきアクセシビリティ情報マップ,https://m-bfree.pref.miyazaki.lg.jp/a_map/public/facilityAround/eyJpdiI6InpCQk5TYUoxa2h0R2hhN01cL3k5NDB3PT0iLCJ2YWx1ZSI6Ik0ya2hKbElsWkN6dTI3VU1RRjNnK3c9PSIsIm1hYyI6ImQ0MmFhMzVjM2MwYzM2MzNlNGYzMDBkM2E4Y2YxMGIyMzJjOWNmZWQ3Y2Y5NjQ3OTAyMWVhMTI4NDE3YmFmOTMifQ==,,F001899,男女共用トイレあり,
45,宮崎県,45203,延岡市,,スポーツデポ 延岡多々良店,,,882-0056,延岡市岡富町151番地,32.5888769,131.6555475,http://www.alpen-group.jp/store/sportsdepo_alpen/,yes,,,,,,,,yes,,,,,,,,,,,,,,,,,,,,multipurpose_toilet,みやざきアクセシビリティ情報マップ,https://m-bfree.pref.miyazaki.lg.jp/a_map/public/facilityAround/eyJpdiI6IkZ5a1hJWWZUVDhGelV4ejRDckt4K3c9PSIsInZhbHVlIjoiVkJNZCtDUnI3SW9JUzJ6aU9pRnBwUT09IiwibWFjIjoiMGZkZjFhMjFmNDhjMDAzMTU1MDRmNDU4NjUyMWY5YTQ4NDI4MjI3ZmFkYTBmYjU5NjVhMGJmMjRiNGM1MmZiZCJ9,,F001798,男女共用トイレあり,
45,宮崎県,45201,宮崎市,,住宅型有料老人ホーム・スマイルハウス,,,889-1703,宮崎市田野町字前田甲3827-5,31.8286812,131.2983102,,yes,,,,,,,,,,,,,,,,,,,,,,,,,,,,multipurpose_toilet,みやざきアクセシビリティ情報マップ,https://m-bfree.pref.miyazaki.lg.jp/a_map/public/facilityAround/eyJpdiI6IkZiS1N5aGdIdVBsQjRnWWx5aFVtV1E9PSIsInZhbHVlIjoiNWZZa2RvY2dvNmZUVm1RMjFDcnlGdz09IiwibWFjIjoiNTcwYjA1OGI3NDE3ZTc3NDcyMGZkMjhiYTBiMmQ0ODU3MDNiOWZlZGY5ZWZkZmE4NjYxY2ZhZGMwNGI3ZGMzZCJ9,,F001259,男女共用トイレあり,
45,宮崎県,45203,延岡市,,須美江海水浴場,,,889-0321,延岡市須美江町1450-2,32.65998,131.76637,http://sunbeach-sumie.com/,yes,,,,,,,,,,,,,,,,,,,,,,,,,,,,multipurpose_toilet,みやざきアクセシビリティ情報マップ,https://m-bfree.pref.miyazaki.lg.jp/a_map/public/facilityAround/eyJpdiI6IkNuamZFS1JxeWZwcGRTNDh5OVZKd2c9PSIsInZhbHVlIjoiR2x3K01tUEtrS1Z0aGpqMFp3T3orUT09IiwibWFjIjoiODQ1MTNjYjI5M2VhNDI2NDZjOTJkZTM3MmYwYmMwODFhZmMzNmU0ZGRjMjY3YWI5OGViODY1YzMxODBkMGU4NCJ9,,F002827,男女共用トイレあり | 緊急通報装置あり | 調査日=2025-01-29,
45,宮崎県,45203,延岡市,,須美江家族旅行村(宿泊受付棟),,,889-0321,延岡市須美江町1450-2,32.66304961890029,131.7615401521314,http://sunbeach-sumie.com/,yes,,1階、屋内,,,,,,,,,,,,,,,,,,,,,,,,,,multipurpose_toilet,みやざきアクセシビリティ情報マップ,https://m-bfree.pref.miyazaki.lg.jp/a_map/public/facilityAround/eyJpdiI6IlQ5cXU2cEk5OUFkN0NZMHdzd0t3S3c9PSIsInZhbHVlIjoialdkOGc3aHdVNmh4VVZBRXV4T1Nsdz09IiwibWFjIjoiZmZlMzk5MDcwYTkwMWI4NzQ4Yzc2MDg0NDNlODU2M2M1ZjAzZjAzMjZhNWJlMDUxYmE1MWU1M2I4MjlkYzNhYiJ9,,F001144,男女共用トイレあり | 調査日=2019-11-25,
45,宮崎県,45203,延岡市,,須美江家族旅行村（ビーチの森すみえ）,,,889-0321,延岡市須美江町1450-2,32.6621147,131.7682527,http://sunbeach-sumie.com/%e3%83%93%e3%83%bc%e3%83%81%e3%81%ae%e6%a3%ae/,yes,,総合管理棟裏 / 駐車場内,,,,,,yes,,,,,,,,,,,,,,,,,,,,multipurpose_toilet,みやざきアクセシビリティ情報マップ,https://m-bfree.pref.miyazaki.lg.jp/a_map/public/facilityAround/eyJpdiI6InZJcUxKc0xFMEdHZG5ZUW9EcjIxekE9PSIsInZhbHVlIjoiNUNQTGZGSnpXZDBLZlpmRGxheG5Xdz09IiwibWFjIjoiZmI1NzYxYTgzYzk0NmI4ODI4ODI5YmEzYWQ2NWE2YzAzOGQ0YjI0NzUwODg5N2E2MzAxOGU4MmVjYTBmMDJmYiJ9,,F001883,男女共用トイレあり | 緊急通報装置あり | 調査日=2025-02-06,
45,宮崎県,45201,宮崎市,,炭火串処 そうげん,,,880-0015,宮崎市大工2丁目154,31.9182869,131.4115744,,yes,,,,,,,,,,,,,,,,,,,,,,,,,,,,multipurpose_toilet,みやざきアクセシビリティ情報マップ,https://m-bfree.pref.miyazaki.lg.jp/a_map/public/facilityAround/eyJpdiI6InVRd0cxbEF6MEZaVEJOMUErOGpxWnc9PSIsInZhbHVlIjoiOEJURjV3YXExNUJkZHBGcTk1bWcxUT09IiwibWFjIjoiYzNjYjMyNDU2MmRmMjE3ZWQyM2Q1MDc3YjE1NTI1YzhhZjkwZWIyMTUyMGNmNTg0YzUxNWRiYWM5NjU0NWJlMCJ9,,F000091,男女共用トイレあり | 調査日=2010-09-02,
45,宮崎県,45201,宮崎市,,住吉児童センター,,,880-0121,宮崎市島之内7082番地2,31.9882708,131.451263,https://www.city.miyazaki.miyazaki.jp/institution/list/item505/,yes,,,,,,,,,,,,,,,,,,,,,,,,,,,,multipurpose_toilet,みやざきアクセシビリティ情報マップ,https://m-bfree.pref.miyazaki.lg.jp/a_map/public/facilityAround/eyJpdiI6Ikp6UEU5eHpxOW0zcVBiY1d4VDlkZHc9PSIsInZhbHVlIjoidkZoME9KK1Fxbm1mMml6SXowTTY5dz09IiwibWFjIjoiNDA2YTQxZGQwOTZiZjBmZTk1MDFlODAyNGI2YzUxYWQ1OTVlNWQxOTI1NzllMTQ0ZDcxZDkzNjcxNDI2ZWI3MiJ9,,F001460,男女共用トイレあり | 調査日=2014-03-20,
45,宮崎県,45201,宮崎市,,住吉地区交流センター,,,880-0121,宮崎市大字島之内7410の1,31.9824135,131.4502708,https://www.city.miyazaki.miyazaki.jp/institution/list/item170/,yes,,１階,,,,yes,,yes,,,,,,,,,,,,,,,,,,,,multipurpose_toilet,みやざきアクセシビリティ情報マップ,https://m-bfree.pref.miyazaki.lg.jp/a_map/public/facilityAround/eyJpdiI6IklRNWt5RU5QZ3ZSZnJaRm10SENCMVE9PSIsInZhbHVlIjoiTk03WHFBbHlBSFErdWh4N1IyQksrUT09IiwibWFjIjoiZWU1OWNjYWQ4YjE3NTYxMzY0OGUxOWUxMDFmYmE0Mzg5MzU1Yzc0NzMyNDc3ZDkxMzgzOTc5MWQ0ZTgwNDIxMSJ9,,F001227,男女共用トイレあり | 緊急通報装置あり,
45,宮崎県,45201,宮崎市,,すみよし中央眼科,,,880-0121,宮崎市大字島之内字7403-3,31.982425,131.448781,http://www.keimei.or.jp/sumiyoshi-central-eye.php,yes,,,,,,,,,,,,,,,,,,,,,,,,,,,,multipurpose_toilet,みやざきアクセシビリティ情報マップ,https://m-bfree.pref.miyazaki.lg.jp/a_map/public/facilityAround/eyJpdiI6IjJmOVV6dWpIK3VLVUVxOG1hbldsSFE9PSIsInZhbHVlIjoiOEZObGVLaW9SMVV1aDJnZzZsOE5Cdz09IiwibWFjIjoiOTYxYzcwODk2M2FkMDE3OWNhZDNlZDhiMzAzNjc4NDBiNDU0NGJjMTVjZDExNTgyNjlkZDNiNWVkMGJiOGU4ZiJ9,,F001802,男女共用トイレあり,
45,宮崎県,45201,宮崎市,,住吉デイサービスセンター,,,880-0122,宮崎市大字塩路2783-43,31.9649334,131.4677572,http://www.sumiyoshisou.jp/,yes,,,,,,,,,,,,,,,,,,,,,,,,,,,,multipurpose_toilet,みやざきアクセシビリティ情報マップ,https://m-bfree.pref.miyazaki.lg.jp/a_map/public/facilityAround/eyJpdiI6IlBuVUFsNjZDbDJnUkt0elZQZmNhMlE9PSIsInZhbHVlIjoiMzdWRXNLOWw1c1JGZmpFSGk3VHo2UT09IiwibWFjIjoiOWJlODI1NDMwN2FkZjc2MTc0MTk2ZWY0MWZmNWZmYmNhM2E3ZGU3MTY5MTg1OGQ5ZDQ4ODFiMmJjMWQxNzc4NSJ9,,F001240,男女共用トイレあり,
45,宮崎県,45201,宮崎市,,住吉東保育園,,,880-0121,宮崎市大字島之内堂山10597番1,31.9863307,131.4537623,http://www.fukushikai.or.jp/s-higashi/,yes,,,,,,,,,,,,,,,,,,,,,,,,,,,,multipurpose_toilet,みやざきアクセシビリティ情報マップ,https://m-bfree.pref.miyazaki.lg.jp/a_map/public/facilityAround/eyJpdiI6IjFFdzlTSXNxdGFGNkI1VlZ0SE16cmc9PSIsInZhbHVlIjoidkJ1aTVmSk9FQnpGMUdqMmhyaUVKQT09IiwibWFjIjoiN2UwNjMxZGNhN2I5Y2FiNzliOWJmM2ZjNGMzZGFmYWM3M2NkNjExN2ZkZTVlZDM3OTIxYzFjZjE5YzQ3ZjFmYiJ9,,F000321,男女共用トイレあり | 調査日=2010-01-25,
45,宮崎県,45201,宮崎市,,住吉メモリードホール,,,880-0121,宮崎市大字島之内7335,31.984793,131.4499779,http://www.m-memolead.jp/list/sumi.html,yes,,,,,,,,,,,,,,,,,,,,,,,,,,,,multipurpose_toilet,みやざきアクセシビリティ情報マップ,https://m-bfree.pref.miyazaki.lg.jp/a_map/public/facilityAround/eyJpdiI6IkJ5OWw5MFFQZnl0Z3o0WUdnbW9CTWc9PSIsInZhbHVlIjoiNFB3WHFTMTc4SklNWnpGSjVqV0JtZz09IiwibWFjIjoiZTdhYWNlMWMyOTYyYzFmYmY0YjVhY2RlZGVhYWQ5ODQyYmQ2OWZiY2NmOGZmODU0ZjVmYTAzMzRhNjhlMWM1NyJ9,,F000465,男女共用トイレあり | 調査日=2010-01-26,
45,宮崎県,45205,小林市,,生活協同組合コープみやざき 小林店,,,886-0007,小林市大字真方459,31.989434,130.9881811,,yes,,１階,,,,yes,,yes,,,,,,,,,,,,,,,,,,,,multipurpose_toilet,みやざきアクセシビリティ情報マップ,https://m-bfree.pref.miyazaki.lg.jp/a_map/public/facilityAround/eyJpdiI6Ik05RmlcL2l3XC9cL1Y5NTgwd281UTQ4cmc9PSIsInZhbHVlIjoieXNjMndWUjVVYzZWdUxJU0ZkTDZuQT09IiwibWFjIjoiNDE4YWQ2NzUxMWUyNDc1NzgxYjZhNTg2MmM0NTNiNzYyNmUxYjE5OThhZDRmMjIyYTdkYTk0Njg2ZWVjZTczOSJ9,,F001634,男女共用トイレあり | 緊急通報装置あり | 調査日=2019-11-10,
45,宮崎県,45201,宮崎市,,生活協同組合コープみやざき花ヶ島店,,,880-0036,宮崎市花ヶ島町小物町2262番地,31.9508957,131.4296756,http://www.miyazaki.coop/jigyosyo/tenpo/hanagashima.html,yes,,,,,,,,yes,,,,,,,,,,,,,,,,,,,,multipurpose_toilet,みやざきアクセシビリティ情報マップ,https://m-bfree.pref.miyazaki.lg.jp/a_map/public/facilityAround/eyJpdiI6IkZNVEtnNTBLejVES0pYOUZyY2RId1E9PSIsInZhbHVlIjoiakNtb3JNelNZR1AyRWZ5bUpKNStWZz09IiwibWFjIjoiODQwZjIyNTg5NTRlNTE0ZWVhY2Y2NWJhOTYzZTcxNTg1OWE2YjUxY2JiZTEwNWM1ZjljYjU5MTliMWU2YTRkOSJ9,,F000620,男女共用トイレあり,
45,宮崎県,45201,宮崎市,,青少年育成センター,,,880-0014,宮崎市鶴島2丁目18番9号,31.9131691,131.4115646,,yes,,,,,,yes,,,,,,,,,,,,,,,,,,,,,,multipurpose_toilet,みやざきアクセシビリティ情報マップ,https://m-bfree.pref.miyazaki.lg.jp/a_map/public/facilityAround/eyJpdiI6Im1yRTh5OUZKUDBjeFZqVHNCVFdQM1E9PSIsInZhbHVlIjoiMTlGS0E5Z2tydXkwbmNZdGw2OG5Rdz09IiwibWFjIjoiMGVlNTQ5ZDU0NzIxZTllMzNlNTczZmIxMDE0YTg1YTkxN2Q1MWFhZGU5YmQ3YWUyZmY1ZTQzODFlZmE1ZGQzMCJ9,,F000517,男女共用トイレあり | 緊急通報装置あり | 調査日=2019-11-12,
45,宮崎県,45201,宮崎市,,セカンドストリート神宮店,,,880-0055,宮崎市南花ヶ島町224-1,31.94215,131.43009,,yes,,,,,,yes,,yes,,,,,,,,,,,,,,,,,,,,multipurpose_toilet,みやざきアクセシビリティ情報マップ,https://m-bfree.pref.miyazaki.lg.jp/a_map/public/facilityAround/eyJpdiI6ImVLWHJrNm1aQUZkTFhJMnFESWZwK3c9PSIsInZhbHVlIjoicCtcLzh5UzdpeUdNNVNrTmliR3d2WHc9PSIsIm1hYyI6IjYyMzZkYWMwOGI2MzM3ZDZjYjUzNGM3ZjFjNmI0YjIxZmFiMGUyY2U3ODBlNjUxYzFkNDA5NTQ3Zjc2OTBiNmIifQ==,,F002783,男女共用トイレあり | 調査日=2024-07-31,
45,宮崎県,45202,都城市,,関之尾滝,,,885-0113,都城市関之尾町(関之尾公園内),31.76146,130.98721,https://miyakonojo.tv/summary/sekinoonotaki,yes,,｢snow peak Cafe 都城｣の坂を下りてすぐ / プール横,,,,,,yes,,yes,,,,,,,,,,,,,,,,,,multipurpose_toilet,みやざきアクセシビリティ情報マップ,https://m-bfree.pref.miyazaki.lg.jp/a_map/public/facilityAround/eyJpdiI6InVNcEp6aGpWTENCYkFlcXJyVkxlYkE9PSIsInZhbHVlIjoib25ZRDYzb01kMjJocnVQTlg1VTdOUT09IiwibWFjIjoiYTZlM2E0OWE0YTZhYzJkZjFhZTZkMzQ4MDkzMTRiZTcxY2EyOGNhMWZkY2JmNWVkYzk1NzQ2NmRlOGFjYTEwMSJ9,,F002533,男女共用トイレあり | 調査日=2024-05-21,
45,宮崎県,45402,新富町,,セサミ・ファーム,,,889-1406,新富町大字新田18797-12,32.1025036,131.4512603,,yes,,１階,,,,,,,,,,,,,,,,,,,,,,,,,,multipurpose_toilet,みやざきアクセシビリティ情報マップ,https://m-bfree.pref.miyazaki.lg.jp/a_map/public/facilityAround/eyJpdiI6IjhNV2ExYzJuN2RRaDNDSjZTTUxTNWc9PSIsInZhbHVlIjoia1BoSnBRQUlpdXlJNjJpWEFqcGxXUT09IiwibWFjIjoiMTJmMTc0ZGUzNzYwOWM4ZjNiOWViYmVlOTMzMmM4ZmMzNGQ5MGY0ZTZlYTA0Nzc1NjI3ZjVkNmFhZWE2MWRiNyJ9,,F000221,男女共用トイレあり | 調査日=2019-11-07,
45,宮崎県,45201,宮崎市,,セブンｰイレブン 宮崎下北方町店,,,880-0035,宮崎市下北方町井手下北37番１,31.94582669292601,131.42111534722497,,yes,,,,,,yes,,,,,,,,,,,,,,,,,,,,,,multipurpose_toilet,みやざきアクセシビリティ情報マップ,https://m-bfree.pref.miyazaki.lg.jp/a_map/public/facilityAround/eyJpdiI6InBKamxEUWZrY0I2aWtmMUlDV0NscXc9PSIsInZhbHVlIjoiQ0hCMU9EQVc3Z1RWeHFjSUVWNDZOdz09IiwibWFjIjoiNzY1M2M2MmUyNTk4Nzc4MTBlMjMyOWI3OWVjOWQzMzYxNGIzNGQyNDBjNWJlNzI4YTMwYWQ4MTk1OTY1OTJjZCJ9,,F002650,男女共用トイレあり | 着替え台あり | 調査日=2023-02-24,
45,宮崎県,45201,宮崎市,,セブンｰイレブン 宮崎原町店,,,880-0007,宮崎市原町4番8号,31.924497149561713,131.4214008634634,,yes,,,,,,yes,,,,,,,,,,,,,,,,,,,,,,multipurpose_toilet,みやざきアクセシビリティ情報マップ,https://m-bfree.pref.miyazaki.lg.jp/a_map/public/facilityAround/eyJpdiI6Ik00K1wvZkw3QzZRZzltSEU3VGVIQ1BBPT0iLCJ2YWx1ZSI6ImpUSUZwM0lUNzZ5ZGZrVVNMSHpHT2c9PSIsIm1hYyI6IjNmM2FmMTQxZGQ5Yjg1YWNlZjBhZmE2MjlmNTYyMDViNDMwY2VkMmRiOTdlYzZmOTM2ODc0NGZlN2E4MTI2OGEifQ==,,F002652,男女共用トイレあり | 着替え台あり | 調査日=2023-02-24,
45,宮崎県,45201,宮崎市,,セブンイレブン 清武看護大学前店,,,889-1605,宮崎市清武町大字加納字石田丙561-1,31.8618603,131.4121755,,yes,,１階,,,,,,,,,,,,,,,,,,,,,,,,,,multipurpose_toilet,みやざきアクセシビリティ情報マップ,https://m-bfree.pref.miyazaki.lg.jp/a_map/public/facilityAround/eyJpdiI6IjcrMkVieWJQWnpOWmRVZXBDazFOeUE9PSIsInZhbHVlIjoiNXRnZ2NORjBrU1h4bk1DM0pZU2RCdz09IiwibWFjIjoiZmU3Y2JmNTEzZTljMjM2OTdhNGIxYzQxZGExMmZhYzU3NWJhY2I4YTRmYjlmZWMzZWUwNjQwMWU0OGMwMWVkYyJ9,,F001179,男女共用トイレあり | 緊急通報装置あり | 調査日=2002-09-13,
45,宮崎県,45201,宮崎市,,セブンイレブン宮崎大塚池ノ内店,,,880-0951,宮崎市大塚町池ノ内1176,31.9241249,131.3919237,,yes,,,,,,,,,,,,,,,,,,,,,,,,,,,,multipurpose_toilet,みやざきアクセシビリティ情報マップ,https://m-bfree.pref.miyazaki.lg.jp/a_map/public/facilityAround/eyJpdiI6ImV2NmVuOCtDeTRhcFFEMlRWeERId3c9PSIsInZhbHVlIjoiTFB6ZXUrK1VweGRIczQ3M3UxRUV1Zz09IiwibWFjIjoiN2U0MTk5YzBkZWJhMTdjODgyMGMwMTdmYWU1ODY0ZTMxZmNhNzljOGU3MjgxODVmNjQzNGFlZTVhM2Y1YWYzNiJ9,,F000129,男女共用トイレあり,
45,宮崎県,45421,門川町,,セブン－イレブン門川加草店,,,889-0603,門川町大字加草字庵作１０５－１,32.499061,131.662516,,yes,,入口入って右側直進,,,,yes,,,,,,,,,,,,,,,,,,,,,,multipurpose_toilet,みやざきアクセシビリティ情報マップ,https://m-bfree.pref.miyazaki.lg.jp/a_map/public/facilityAround/eyJpdiI6ImExU0lvSENpRFBRK1lSSVp1bWswSmc9PSIsInZhbHVlIjoiR09xRmhBUFdFYU1zcG1KZTNqTWNvZz09IiwibWFjIjoiNzU5ODk0YzUyMTI2ODFmOGRhNmU2ZDFkNTk0NDM1Y2Q0OGIwNjRiN2E2MDJhZTNmZjhjNzMxNjdhODc5MjIzYyJ9,,F002874,男女共用トイレあり | 着替え台あり | 調査日=2025-08-28,
45,宮崎県,45201,宮崎市,,セブンイレブン清武木原店,,,889-1601,宮崎市清武町木原字横小路5269番4,31.8432633,131.4002219,,yes,,,,,,,,,,,,,,,,,,,,,,,,,,,,multipurpose_toilet,みやざきアクセシビリティ情報マップ,https://m-bfree.pref.miyazaki.lg.jp/a_map/public/facilityAround/eyJpdiI6IjFSaVpWUFYxOXFIcktXQjI1ZTFvY1E9PSIsInZhbHVlIjoiRll4ZU1DZzlTVTlnT282XC9KVnpjVkE9PSIsIm1hYyI6ImViZDcxMzUwYjc2NWU2ODgzYThmNTI4MWM0ZTQ5MWI2OTNjY2M4MzkxNTg5ODI1ZWY2YjkxYzFlMmE0ZTQyZmQifQ==,,F000982,男女共用トイレあり,
45,宮崎県,45361,高原町,,セブンーイレブン高原仲町店,,,889-4412,高原町大字西麓字上馬場995番地1,31.937588,131.0267987,,yes,,,,,,yes,,,,,,,,,,,,,,,,,,,,,,multipurpose_toilet,みやざきアクセシビリティ情報マップ,https://m-bfree.pref.miyazaki.lg.jp/a_map/public/facilityAround/eyJpdiI6IlU0Z2NRUFhIcjdnOGoxK2dqNHpZb3c9PSIsInZhbHVlIjoiMEw3NHl5QzAyYWNvRUNhMzNUY0hVQT09IiwibWFjIjoiNTk0MWUxNmYzYTdmNjNkNGYyNWNmNDUyOTNmY2FhYWMxYmEzZTQ5ZmRkYWEyMGU0OGRhZDdkNzE5ZDYxMzdlZSJ9,,F000346,男女共用トイレあり | 調査日=2019-11-06,
45,宮崎県,45341,三股町,,セブンイレブン蓼池南原店,,,889-1914,三股町大字蓼池南原3623-1,31.7627877,131.1153376,,yes,,,,,,,,,,,,,,,,,,,,,,,,,,,,multipurpose_toilet,みやざきアクセシビリティ情報マップ,https://m-bfree.pref.miyazaki.lg.jp/a_map/public/facilityAround/eyJpdiI6ImlIWmdoUFBmZDVRQ05BTUJ2M0FqUXc9PSIsInZhbHVlIjoiRjkrYjA3Z1wvNk16TExKMXR3MWx1akE9PSIsIm1hYyI6IjBmZTFkNzQ0NTY5MGFiZWNjYTg5NWE2YzlhNjNmMzQ4OWFjNGFkZGZlMTNiNTYxNzUyOGNiZDUzZjlhNGYxYjQifQ==,,F000046,男女共用トイレあり | 調査日=2009-11-24,
45,宮崎県,45201,宮崎市,,セブンイレブン飛江田店,,,880-0912,宮崎市赤江1507-1,31.8860506,131.4445746,,yes,,,,,,,,,,,,,,,,,,,,,,,,,,,,multipurpose_toilet,みやざきアクセシビリティ情報マップ,https://m-bfree.pref.miyazaki.lg.jp/a_map/public/facilityAround/eyJpdiI6IjJTckU0Vm8yd1pVMGdVUG5vc3ExZEE9PSIsInZhbHVlIjoibmlVNnFBNGpnRXdqZ080XC9wOE1idEE9PSIsIm1hYyI6IjA2MmU5ZjVmNjFjYmIzNjgxMzA0OTI4NWVkOTQyODljODllNmU3MTE3MWEwNDQ1MDIzZTZiYjFiNDAxNjIwYzQifQ==,,F001073,男女共用トイレあり,
45,宮崎県,45201,宮崎市,,セブンイレブン宮崎福島町3丁目店,,,880-0946,宮崎市福島町3丁目117-1,31.9072366,131.4070103,,yes,,,,,,,,,,,,,,,,,,,,,,,,,,,,multipurpose_toilet,みやざきアクセシビリティ情報マップ,https://m-bfree.pref.miyazaki.lg.jp/a_map/public/facilityAround/eyJpdiI6Ijk2dXBzK0NSQXhrSXJlaTlzV2NRTFE9PSIsInZhbHVlIjoidzc1XC9na1wvU1JLSFQwMXRtbG9qRXhnPT0iLCJtYWMiOiJhN2M2OGZjYmNlYzAxY2ExZWJkMzFkOGQxYjExZGIwZjA2YzhjZDJkMDZhMmRjZGE4NWQ5ZGJlMjViZDYzZTFlIn0=,,F000241,男女共用トイレあり,
45,宮崎県,45201,宮崎市,,セブンイレブン宮崎吾妻町店,,,880-0864,宮崎市吾妻町39番1,31.9049063,131.4307751,,yes,,,,,,,,,,,,,,,,,,,,,,,,,,,,multipurpose_toilet,みやざきアクセシビリティ情報マップ,https://m-bfree.pref.miyazaki.lg.jp/a_map/public/facilityAround/eyJpdiI6IkgySUxSeVlhdWFyNDY4Y1FzK0NLSEE9PSIsInZhbHVlIjoiR2hhNVVRQkU2V0gwaWtEU2ZNck1hUT09IiwibWFjIjoiOTdiMzIwMmQ2YWZhNzFjYmE1NjA0MjM4YzkzNWUxZTRiNDE4OTQzN2E4OTE3ODEwNTQ4ZTc1NWUwNTUwODA2MCJ9,,F000961,男女共用トイレあり,
45,宮崎県,45201,宮崎市,,セブンイレブン宮崎一の宮町店,,,880-0854,宮崎市一の宮町56番地5,31.9071089,131.4463708,,yes,,,,,,,,,,,,,,,,,,,,,,,,,,,,multipurpose_toilet,みやざきアクセシビリティ情報マップ,https://m-bfree.pref.miyazaki.lg.jp/a_map/public/facilityAround/eyJpdiI6IlRBXC80eEw5TnZlcjdYWFlMeU1vVmZBPT0iLCJ2YWx1ZSI6IldxdjNpTTRnVzFQdk5vcWtrMnhHZmc9PSIsIm1hYyI6ImNjNzMyNjRhMmFkY2RhNmEyN2QzYmE4YmJhZDA1NjhjNTBkNzVjM2FjZDYwZjJiNDAzYzk2NWMzNzMxYmJmM2QifQ==,,F001815,男女共用トイレあり,
45,宮崎県,45201,宮崎市,,セブンイレブン宮崎恵比寿通り店,,,880-0011,宮崎市上野町11番地23号,31.913191,131.4196046,,yes,,,,,,,,,,,,,,,,,,,,,,,,,,,,multipurpose_toilet,みやざきアクセシビリティ情報マップ,https://m-bfree.pref.miyazaki.lg.jp/a_map/public/facilityAround/eyJpdiI6IlRVbkJ2MXpza1Q5WGN0TjFLOWxcLytRPT0iLCJ2YWx1ZSI6IkNlWk9KdDBsVThxaWVrTXludlhwN1E9PSIsIm1hYyI6IjMyNTc2NTlhNDUzOWMwYjhkYTYyNGY3MGY3YzExOWQzNDg0MTQ2ZTk2NWJhOGIzNTBkOWYzYjE4YjIxOWYyNzcifQ==,,F000998,,
45,宮崎県,45201,宮崎市,,セブンイレブン宮崎江平中町店,,,880-0814,宮崎市江平中町4番5号,31.9224545,131.4269666,,yes,,,,,,,,,,,,,,,,,,,,,,,,,,,,multipurpose_toilet,みやざきアクセシビリティ情報マップ,https://m-bfree.pref.miyazaki.lg.jp/a_map/public/facilityAround/eyJpdiI6InNDalVPc1wvQ3N4OFBrYnNwRVFic1F3PT0iLCJ2YWx1ZSI6IlUzeDEweUtDU1wvUGlxUnFiaDd0UjNnPT0iLCJtYWMiOiI3ZDhjMDhlODUxYzViMjlmZGE4ZTYwM2IyNWMwNzc0Y2EyMjRmMWZhMGJhODE2NjUzZTgzMDY0N2IzZTRmMzQ0In0=,,F001807,男女共用トイレあり,
45,宮崎県,45201,宮崎市,,セブンイレブン宮崎大瀬町店,,,880-0045,宮崎市大字大瀬町字大平田2446-1,31.9707365,131.3834693,,yes,,,,,,,,,,,,,,,,,,,,,,,,,,,,multipurpose_toilet,みやざきアクセシビリティ情報マップ,https://m-bfree.pref.miyazaki.lg.jp/a_map/public/facilityAround/eyJpdiI6IkkxZzl3K0pmR2RCaHUyY3dKYjA2dHc9PSIsInZhbHVlIjoiMTh2dzFtdGl4a2NXc2R5aTdjYUJoQT09IiwibWFjIjoiZjBkODRhMjM5YWZiYzE2OTY4YmNhZjk1NmZhOGJmMTFlOWYxYmQ4NmEzMmM3MTZhZmYxNjVkNTFmZjc4YTc4ZSJ9,,F001108,男女共用トイレあり,
45,宮崎県,45201,宮崎市,,セブンイレブン宮崎権現町店,,,880-0822,宮崎市権現町147-1,31.9305291,131.4350739,,yes,,,,,,,,,,,,,,,,,,,,,,,,,,,,multipurpose_toilet,みやざきアクセシビリティ情報マップ,https://m-bfree.pref.miyazaki.lg.jp/a_map/public/facilityAround/eyJpdiI6IkdUZmZSMitHbjJ1Wk5NTTZmOGdWcUE9PSIsInZhbHVlIjoiVGRHK0xPbmlzclVjQ0JHM0dzdys1QT09IiwibWFjIjoiYzA2NmU0ODI2ODU5OTdhMDE3MGE2NzZiN2FlMTk5M2UxYzYyZTEyZDYyY2MyMTBhOWIzMDIwYzVkZDI3NjUyNSJ9,,F000232,男女共用トイレあり,
45,宮崎県,45201,宮崎市,,セブンイレブン宮崎月見ヶ丘入口店,,,880-0925,宮崎市大字本郷北方字高山2486－9,31.8765794,131.4122313,,yes,,,,,,,,,,,,,,,,,,,,,,,,,,,,multipurpose_toilet,みやざきアクセシビリティ情報マップ,https://m-bfree.pref.miyazaki.lg.jp/a_map/public/facilityAround/eyJpdiI6IjhNSjlSRmFoam5JaTltWHhUTk5adlE9PSIsInZhbHVlIjoiTmpuWElHVVNrbzhXS0hEN1VrazR5dz09IiwibWFjIjoiYjRhZGVkMjE1OGY4ZTRhYmMxYWI2MTFjMzA5NTM4NmNiMGQ0Yzc0YjI3NGY2NmQxY2I3NjZmYjY4MjRkNGExOCJ9,,F001827,男女共用トイレあり,
45,宮崎県,45201,宮崎市,,セブンイレブン宮崎東宮２丁目,,,880-0928,宮崎市東宮2丁目129番地,31.8521165,131.4220245,,yes,,,,,,,,,,,,,,,,,,,,,,,,,,,,multipurpose_toilet,みやざきアクセシビリティ情報マップ,https://m-bfree.pref.miyazaki.lg.jp/a_map/public/facilityAround/eyJpdiI6ImhRNkd0UitNSWhDTXVUanl1ZE84blE9PSIsInZhbHVlIjoiWVpGUXpJNWlqSkFyMVwvSUZTMGNacHc9PSIsIm1hYyI6IjE5ZDJhZjg1NmJhOTU0Y2Y0NTRjZTM3NWM5ZDMyYTMzMjNjYTUwODRjMDMyMTg5M2E4NmVjYmE1ZTMzNjU5ZjUifQ==,,F001835,男女共用トイレあり,
45,宮崎県,45201,宮崎市,,セブンイレブン宮崎松橋１丁目店,,,880-0013,宮崎市松橋一丁目8番26号,31.909686,131.4175306,,yes,,,,,,,,,,,,,,,,,,,,,,,,,,,,multipurpose_toilet,みやざきアクセシビリティ情報マップ,https://m-bfree.pref.miyazaki.lg.jp/a_map/public/facilityAround/eyJpdiI6IjB1T3gxZlpxcHp1YzBiUWNjbzh3V0E9PSIsInZhbHVlIjoiYUplQ2FLZnQwT3VxZDJWbE5UWWZhQT09IiwibWFjIjoiNTVkMTBiMDljMmVmMjM5ZmQ5MzQwNTQzZTFlMmRiMjgyZDhiNGFjYTBlMDBhNjI3MzUwNjkxNzNkZmJmMzZhNCJ9,,F001219,男女共用トイレあり,
45,宮崎県,45201,宮崎市,,セブン-イレブン宮崎淀川3丁目店,,,880-0907,宮崎市淀川三丁目10番の一部、12番1、12番2、13番、14番1、14番2、14番4、14番5、14番6,31.90049,131.41606,,yes,,,,,,,,,,,,,,,,,,,,,,,,,,,,multipurpose_toilet,みやざきアクセシビリティ情報マップ,https://m-bfree.pref.miyazaki.lg.jp/a_map/public/facilityAround/eyJpdiI6ImNZWDNscVhCV29yeFV5ZExESERPR2c9PSIsInZhbHVlIjoiTmQzcStMWVJ6dldYREljRGlCb1ZzUT09IiwibWFjIjoiZTIzNWE5Njg4ZTk3ZmQxMTgxMjU1MTFhZDY0ODY5ZDNhNTExOGZiOTkzOWYxYTFkZGZiNjg1ZmY1YzdiYzJhMSJ9,,F002538,調査日=2022-01-06,
45,宮崎県,45204,日南市,,社会福祉法人大樹会SocialWork日南 総合福祉施設 南風の丘,,,889-3202,日南市南郷町中村甲3528番地2,31.5438621,131.3691365,https://www.taijukai.biz/,yes,,,,,,,,,,,,,,,,,,,,,,,,,,,,multipurpose_toilet,みやざきアクセシビリティ情報マップ,https://m-bfree.pref.miyazaki.lg.jp/a_map/public/facilityAround/eyJpdiI6IkN0Z0l4bjd5TEE3UWdOVDloRXZPQXc9PSIsInZhbHVlIjoiakNyY0Q3MStcL1FMeEd0SHhOcjQ4MWc9PSIsIm1hYyI6ImI0Y2I2NDc0NmIzNTkyNDhjMjJkYzdiNGQ2YTI2MDNiMTQ1ODRlNGJiMzc4ZWVhYWQzYWU0YmRjMTkyOWJkZjcifQ==,,F001062,男女共用トイレあり,
45,宮崎県,45201,宮崎市,,そうごう薬局 池内店,,,880-0041,宮崎市池内町数太木1763-1,31.9725261,131.4110172,,yes,,,,,,,,,,,,,,,,,,,,,,,,,,,,multipurpose_toilet,みやざきアクセシビリティ情報マップ,https://m-bfree.pref.miyazaki.lg.jp/a_map/public/facilityAround/eyJpdiI6ImY1WUZobVloTjVURmI1TTJhcnVVYVE9PSIsInZhbHVlIjoiMG5pUmNJcndcLzVySGZEd0E2ODdmYVE9PSIsIm1hYyI6ImQ2OTQ3MDQ3NTBjOTE5OWVmZDk1YTJmYjM2NDIwYzI5Y2I5OTBlMDE0YmExYTMwZmVhZjlhM2M4MDU0ZjU4ZTQifQ==,,F000434,男女共用トイレあり,
45,宮崎県,45201,宮崎市,,そうごう薬局 村角店,,,880-0837,宮崎市村角町北田133-2,31.9582655,131.4462754,https://www.sogo-medical.co.jp/sogopharmacy/shop/view/136,yes,,,,,,,,,,,,,,,,,,,,,,,,,,,,multipurpose_toilet,みやざきアクセシビリティ情報マップ,https://m-bfree.pref.miyazaki.lg.jp/a_map/public/facilityAround/eyJpdiI6ImU4ZU80UnRNeVE2ZGNRSzk1RXpoSEE9PSIsInZhbHVlIjoiMzJZTmFta2I1M2MwNXJRb2tzWTRQQT09IiwibWFjIjoiYWUwMTg2YWNmNmExMGEzMmRlZTU4ZjJhOGI4NzI1ZDJmMTY1NzUyZjlmYTlkOWQwNmY0Mzk2NTgxMDc4ZWJhMiJ9,,F001483,男女共用トイレあり,
45,宮崎県,45201,宮崎市,,そうごう薬局宮崎恒久店,,,880-0916,宮崎市大字恒久5655-1,31.8893901,131.4054904,,yes,,,,,,,,,,,,,,,,,,,,,,,,,,,,multipurpose_toilet,みやざきアクセシビリティ情報マップ,https://m-bfree.pref.miyazaki.lg.jp/a_map/public/facilityAround/eyJpdiI6IlBGODJHRHF3RlJUalZOa3haTzk4WlE9PSIsInZhbHVlIjoiM0ZzUVZISmZEcGtBMThIajEyNnNkdz09IiwibWFjIjoiNTI3YzYwNTVlZWUwNGM2MDNiODY3ZTcyNzc5YmNiYjBhNzQxOTY5NWIxZjE2M2QxZjBlOWI3ZjFlZjIwYTVmZiJ9,,F001853,男女共用トイレあり,
45,宮崎県,45201,宮崎市,,（有）創明薬局,,,880-0916,宮崎市大字恒久1034-4,31.8782322,131.4263707,,yes,,施設内,,,,,,,,,,,,,,,,,,,,,,,,,,multipurpose_toilet,みやざきアクセシビリティ情報マップ,https://m-bfree.pref.miyazaki.lg.jp/a_map/public/facilityAround/eyJpdiI6IjBBNUJyRTFBUUdCWTkrNUc1UlwvT0JnPT0iLCJ2YWx1ZSI6InljdkpRMmNyWE9wVmNKQjFCZENTOFE9PSIsIm1hYyI6IjMwMjAxY2U5YTUyNDI3N2ZhMzAzYWFmNjMyZjY1NzQ2ZDg0ODQxYTRmMmE4MWVkYzY4YjVmNDMyYmQ2ZmYxYzMifQ==,,F000404,男女共用トイレあり | 調査日=2019-11-08,
45,宮崎県,45202,都城市,,曽我歯科医院,,,885-0073,都城市姫城町2-13,31.7205813,131.0653703,,yes,,１階,,,,,,,,,,,,,,,,,,,,,,,,,,multipurpose_toilet,みやざきアクセシビリティ情報マップ,https://m-bfree.pref.miyazaki.lg.jp/a_map/public/facilityAround/eyJpdiI6IlhwTzZPb1Q0MG4rUnk3Z2UxVVNVM1E9PSIsInZhbHVlIjoiOTRNVE9Ndk1RUXE2dE1VdWdwV2FcL2c9PSIsIm1hYyI6IjUyZmQyZTFiM2NmYzEwODE4ZTY2ZGI4NDFmNjNkZDcxM2Y5OWRlZGRlNTY4NGEyOGQwMDRmYzUwOTE5ODJlZWEifQ==,,F000182,男女共用トイレあり | 緊急通報装置あり | 調査日=2013-09-20,
45,宮崎県,45205,小林市,,特定医療法人けんゆう会 園田病院,,,886-0003,小林市大字堤3005番地1,31.9831704,130.9975247,http://www.sonoda-hospital.jp/,yes,,１階,,,,yes,,,,,,,,,,,,,,,,,,,,,,multipurpose_toilet,みやざきアクセシビリティ情報マップ,https://m-bfree.pref.miyazaki.lg.jp/a_map/public/facilityAround/eyJpdiI6InVPTkZqNUZ5dFpvV2gxZ2xcL0R5MWRBPT0iLCJ2YWx1ZSI6Ikl4aGdaTUR0WlB4N3ZIT1Jvc1FGYkE9PSIsIm1hYyI6IjAwZmRmZjU4MjMzNTgwZGFlZWNiNDg3OGU5ZGExYmExZDhiNGE0YTQ3MDJiYWIzODA2Y2ZkZmQ3NDM3YzFhZmEifQ==,,F001019,男女共用トイレあり | 緊急通報装置あり | 調査日=2002-09-26,
45,宮崎県,45201,宮崎市,,ソフトバンクフェニックスうきのじょう,,,880-0844,宮崎市柳丸町152,31.9258864,131.4362848,https://www.softbank.jp/shop/search/detail/Q604/,yes,,,,,,,,,,,,,,,,,,,,,,,,,,,,multipurpose_toilet,みやざきアクセシビリティ情報マップ,https://m-bfree.pref.miyazaki.lg.jp/a_map/public/facilityAround/eyJpdiI6IklQbmVcL1ppWFRLME4zQm9TakJJekJBPT0iLCJ2YWx1ZSI6InpHa2NVUGNvSHdaWGpVXC9HTk00TldRPT0iLCJtYWMiOiJlZWQ4YWMwNThkNzA5NDg3YzRjOTg5OTVkNzZjNmQ3MjNiYzFmZDYzMjVhMDExYzJiZWNmODdjZTNkNjkxMzUyIn0=,,F001222,男女共用トイレあり,
45,宮崎県,45201,宮崎市,,SOLATO ルート２１９セルフSS,,,880-0125,宮崎市広原字前田234-1,31.9988693,131.4162201,https://fukuisekiyu-group.co.jp/,yes,,１階,,,,yes,,,,,,,,,,,,,,,,,,,,,,multipurpose_toilet,みやざきアクセシビリティ情報マップ,https://m-bfree.pref.miyazaki.lg.jp/a_map/public/facilityAround/eyJpdiI6InZxbldKaklienR6MXJDdVZGR2ptNnc9PSIsInZhbHVlIjoicENzN3dqSW9QNnVYWDJCNlwvYTJLbXc9PSIsIm1hYyI6IjU5MzIzNmM5OTA2MDdkNzI0ZGFkZGM5NTZkMmE1YmVhN2RkNWYyZWEzYTNhYjkxNTc0ZmQ4NmIyODY3Mjc2NWQifQ==,,F000853,男女共用トイレあり | 緊急通報装置あり | 調査日=2019-11-09,
45,宮崎県,45441,高千穂町,,ソレスト高千穂ホテル,,,882-1101,高千穂町大字三田井1261-1,32.70804,131.30484,http://www.solest-takachiho.jp/access/,yes,,1階フロント・エレベーターの奥,,,,yes,,yes,,,yes,,,,,,,,,,,,,,,,,multipurpose_toilet,みやざきアクセシビリティ情報マップ,https://m-bfree.pref.miyazaki.lg.jp/a_map/public/facilityAround/eyJpdiI6InZROUFQbkprSkNVSk5pMldJMWlucmc9PSIsInZhbHVlIjoiTXhyNThwRkpsSGVBZWZYeHNub1kyZz09IiwibWFjIjoiYTlmYmViOTNkNzcwNjBjOTZmNzc4ZjJjYzc4NmY1NzE5MmVhOGNiZmZmNDI4OGU5OGNjOTYyMzMwYzI0NTBlNSJ9,,F002358,男女共用トイレあり | 緊急通報装置あり | 調査日=2020-10-26,
45,宮崎県,45206,日向市,,大王谷スカイホーム,,,883-0068,日向市亀崎西2丁目157番地,32.4370599,131.6304152,https://kokoa2004skyhome.jimdo.com/,yes,,１階,,,,yes,,,,,,,,,,,,,,,,,,,,,,multipurpose_toilet,みやざきアクセシビリティ情報マップ,https://m-bfree.pref.miyazaki.lg.jp/a_map/public/facilityAround/eyJpdiI6InB3MmdLMVZ2QzNCdTZnaE1td3JMTGc9PSIsInZhbHVlIjoiQUlGa2dvRTgrU2hOaWdnbitnM0UyQT09IiwibWFjIjoiNjZhZTViMDAwN2RiNWUxNzQ1NDQzMDNlZTA2NGU0NWRiYWQ4OWY0MzRkYmM5ZGY3OTY4NzQzMzVkN2I4NmRhYyJ9,,F000301,男女共用トイレあり | 緊急通報装置あり | 調査日=2006-03-16,
45,宮崎県,45204,日南市,,体験型ミニブルワリー焼酎道場,,,889-2402,日南市北郷町郷之原甲888,31.7010359,131.3711358,http://www.obisugi.co.jp/02_doujou/index.html,yes,,,,,,,,,,,,,,,,,,,,,,,,,,,,multipurpose_toilet,みやざきアクセシビリティ情報マップ,https://m-bfree.pref.miyazaki.lg.jp/a_map/public/facilityAround/eyJpdiI6Ik9XNUFTQnVGdVlZaDNxcDJrOTJHc0E9PSIsInZhbHVlIjoiRkVUbXRcL20wRTlYYWJEZXdZK2RLT1E9PSIsIm1hYyI6IjFmZTFhNTY2YjE3NThmNzU4NzE3MzFjNTliNGZmZDZhYzZmYTFlMWM1MzEzODhmOWVlOGU2ZDdjMTY3OGE4NGYifQ==,,F001576,男女別トイレあり | 調査日=2019-11-18,
45,宮崎県,45201,宮崎市,,（株）大興不動産 社屋,,,880-0055,宮崎市南花ヶ島町60-2,31.9399207,131.4301744,https://www.taikogroup.com/,yes,,,,,,,,,,,,,,,,,,,,,,,,,,,,multipurpose_toilet,みやざきアクセシビリティ情報マップ,https://m-bfree.pref.miyazaki.lg.jp/a_map/public/facilityAround/eyJpdiI6IlhicDlSaFV6b08zcExhV1liVzBEd1E9PSIsInZhbHVlIjoiQ0QycnlPUUlmWXphNVJwTEJMa0h1UT09IiwibWFjIjoiYjM0ZGQzNjQ0ZGJhMjI4ODliNDk4MzI5NTg4ZTYzYjE0MmNhYWVjYmY5ZjIwZWIwNDc4NDg5YzMxNDRmYmMxYiJ9,,F000810,男女共用トイレあり,
45,宮崎県,45201,宮崎市,,ダイソー島之内店,,,880-0121,宮崎市大字島之内字境田6358-1,31.980164,131.446687,,yes,,,,,,,,,,,,,,,,,,,,,,,,,,,,multipurpose_toilet,みやざきアクセシビリティ情報マップ,https://m-bfree.pref.miyazaki.lg.jp/a_map/public/facilityAround/eyJpdiI6IkpnQU5zdmpqWTV0cGN2clRqTlNUekE9PSIsInZhbHVlIjoiTENyaEF0anFmdGtBOFwvTVZqbUlLWUE9PSIsIm1hYyI6ImE2YjgzYzBiY2VjNzNkNWIxMzJjM2I2OWFjYTgxZDEyZDU4ZjhmMWRjOGM4NzcxYjE4Mjk1NGM4MTQ4Y2ExNzQifQ==,,F001110,男女共用トイレあり | 調査日=2010-01-27,
45,宮崎県,45201,宮崎市,,株式会社タイヨー赤江店,,,880-8911,宮崎市大字田吉141,31.8784439,131.4286281,http://www.taiyonet.com/,yes,,１階,,,,,,,,yes,,,,,,,,,,,,,,,,,,multipurpose_toilet,みやざきアクセシビリティ情報マップ,https://m-bfree.pref.miyazaki.lg.jp/a_map/public/facilityAround/eyJpdiI6IkY5WCtldUhTOVwvMlhFdGhGMkFwRmJRPT0iLCJ2YWx1ZSI6ImllRVRWdWE2TTJaQTI1d09FVk9jYUE9PSIsIm1hYyI6IjViNTg2YmRkNzZlNzYwNjUxOWFkMTFkNGZhMGY0OTYxM2Y0MTU2OGIzOGQxZDVmZGIzYmIyYmMxNDMxZDNkMjQifQ==,,F001169,男女共用トイレあり | 緊急通報装置あり | 調査日=2019-12-04,
45,宮崎県,45201,宮崎市,,株式会社タイヨーグラード錦町,,,880-0811,宮崎市錦町38-1,31.9184621,131.4306142,http://www.taiyonet.com/,yes,,,,,,,,yes,,,,,,,,,,,,,,,,,,,,multipurpose_toilet,みやざきアクセシビリティ情報マップ,https://m-bfree.pref.miyazaki.lg.jp/a_map/public/facilityAround/eyJpdiI6IjNGOURRWk41OWFWa2pKbzViNVhaY3c9PSIsInZhbHVlIjoiSW1Va2ZBVkhqWGxMdFhacCtVZ2Jzdz09IiwibWFjIjoiYWRkODk4MDNhODM3NTZiYzViMmE5MjI5ODcxOWI4ZWRkMWNjYjMzYzcwNmYxZWM0NmQxYzU0ZDAyNWE0YTNkMSJ9,,F000140,男女共用トイレあり | 調査日=2019-12-04,
45,宮崎県,45201,宮崎市,,株式会社タイヨー桜町店,,,880-0057,宮崎市花ヶ島町桜町12番地1,31.9508793,131.4381313,http://www.taiyonet.com/,yes,,,,,,,,,,,,,,,,,,,,,,,,,,,,multipurpose_toilet,みやざきアクセシビリティ情報マップ,https://m-bfree.pref.miyazaki.lg.jp/a_map/public/facilityAround/eyJpdiI6Imx6aFdkSmsydUN5M2tLZ2RuNkMrSGc9PSIsInZhbHVlIjoiSUZxbXVJZSthUVlDYkcySHRUWEpTdz09IiwibWFjIjoiZWYyZWUyNjMyYTc4NDkyMTlhN2NmNTE0M2NmZTdiYTQ4MGViODMwNmIyN2JhOTMwYmU4MzhjMTE5NmIxZjhjYyJ9,,F000315,男女共用トイレあり | 調査日=2019-12-04,
45,宮崎県,45202,都城市,,株式会社タイヨー高城店,,,885-1202,都城市高城町穂満坊851,31.805361,131.1246433,http://www.taiyonet.com/,yes,,屋外,,,,,,,,,,,,,,,,,,,,,,,,,,multipurpose_toilet,みやざきアクセシビリティ情報マップ,https://m-bfree.pref.miyazaki.lg.jp/a_map/public/facilityAround/eyJpdiI6InV2dVdmbTVISUxcL2FjOFwvdVZBbmNEUT09IiwidmFsdWUiOiJVQUZlK1B2NWlwUWE5Mm5cL0xacHRxUT09IiwibWFjIjoiYmQyZmU0OWI4NTBkYjVmMTg4ZjFlMWVkYWYwYjdhNjIwOGI3NWRjOGJkNmYwYTJmZjE0ZjVlOGI3OGY1ZmY0YSJ9,,F001535,男女共用トイレあり | 調査日=2019-12-04,
45,宮崎県,45201,宮崎市,,株式会社タイヨー花山手店,,,880-0930,宮崎市花山手東3丁目22番地,31.9010207,131.399774,http://www.taiyonet.com/,yes,,１階,,,,,,,,,,,,,,,,,,,,,,,,,,multipurpose_toilet,みやざきアクセシビリティ情報マップ,https://m-bfree.pref.miyazaki.lg.jp/a_map/public/facilityAround/eyJpdiI6Imk5eGtRUmcybUkxTzg1M2RRYVJVN0E9PSIsInZhbHVlIjoiWGIzTk00RWRSeDZOSGNJWU4xQ3ZSUT09IiwibWFjIjoiZjg3MjliNTcyNDcwYTk3NTEzMjFjNTJmNGQ3YWFlOTljZjYwYmI4ZWE4NTZjMTg1ZGMzZTQyZGEzZmEwNDgyZCJ9,,F000902,男女共用トイレあり | 緊急通報装置あり | 調査日=2019-12-04,
45,宮崎県,45202,都城市,,株式会社タイヨー都城店,,,885-0061,都城市下長飯町256-1,31.7104883,131.0578313,http://www.taiyonet.com/,yes,,,,,,,,,,,,,,,,,,,,,,,,,,,,multipurpose_toilet,みやざきアクセシビリティ情報マップ,https://m-bfree.pref.miyazaki.lg.jp/a_map/public/facilityAround/eyJpdiI6IitaSEVNdjZyT1hnYytCaFU2QlJRd1E9PSIsInZhbHVlIjoiSDZobTFKSDRUXC8rTXVMMFJoa2NrN2c9PSIsIm1hYyI6ImY5MDE1YzgxZjAwNmQ5YmQwMGU3ZWFlY2U4ZDUzODlhNDZlMWU1MTY1ZmE4YmNkNTY4NTEzNmRiMTRhZTA2MjgifQ==,,F001495,男女共用トイレあり | 調査日=2019-12-04,
45,宮崎県,45203,延岡市,,太陽クリニック 海咲診療所,,,889-0506,延岡市南一ヶ岡7丁目8348-242,32.5159391,131.6769119,,yes,,,,,,,,,,,,,,,,,,,,,,,,,,,,multipurpose_toilet,みやざきアクセシビリティ情報マップ,https://m-bfree.pref.miyazaki.lg.jp/a_map/public/facilityAround/eyJpdiI6IkRaNmdjRFFCM0J6YUlnRWJWelN4dkE9PSIsInZhbHVlIjoia2FIcWpUeUJJT1ZhYktiQzFXTjVBZz09IiwibWFjIjoiYWNkNWJjY2FlMWQ4OWVjMDAwZjk3MDEwOGIwYjNiZmEyM2QxNmE5OThkNDRjNmQ1MTdmMzNkMTMwNjBlNjM2NCJ9,,F001415,男女共用トイレあり | 調査日=2013-09-18,
45,宮崎県,45201,宮崎市,,タイ料理の店ハロハロ,,,889-1601,宮崎市清武町木原字七百畑6406番1,31.847014,131.393679,,yes,,,,,,,,,,,,,,,,,,,,,,,,,,,,multipurpose_toilet,みやざきアクセシビリティ情報マップ,https://m-bfree.pref.miyazaki.lg.jp/a_map/public/facilityAround/eyJpdiI6IjlhVFN4ZEZkWW40S3ByR0FHTWwxdXc9PSIsInZhbHVlIjoiZ2FxSW5tdDl3TlV2dHJJZ1grQnJ0dz09IiwibWFjIjoiZGMyZGZlM2YzNzRlMjJhYjZjZGY1M2NmM2ZhMmI1Y2E3NGU2NDgxMGZkZjVhMDE2MDMwNTA0Yjg3ZDg4MzliYSJ9,,F000499,男女共用トイレあり | 調査日=2019-11-08,
45,宮崎県,45382,国富町,,ダイレックス国富店,,,880-1101,国富町大字本庄583－1,31.9897361,131.350695,,yes,,,,,,yes,,yes,,,,,,,,,,,,,,,,,,,,multipurpose_toilet,みやざきアクセシビリティ情報マップ,https://m-bfree.pref.miyazaki.lg.jp/a_map/public/facilityAround/eyJpdiI6IkltNlNvZWxqUWY4Z3U0dSs4SmZOMVE9PSIsInZhbHVlIjoiRituM2E3UlVkM1NQem5mcVpINEVyZz09IiwibWFjIjoiNWExYTAwMjMwYzQzMDhiZGVmODI4ZjdkMmM3YmI1N2QyMmIyYWQ4NTljZjY0ZWEwMGE1NTZlODYwZDMzYjlkNSJ9,,F001724,男女共用トイレあり,
45,宮崎県,45201,宮崎市,,ダイレックス恒久店,,,880-0916,宮崎市大字恒久767‐2,31.8768459,131.4237425,http://www.sundrug.co.jp/store/store.php?id=7071&gid=2,yes,,,,,,,,,,,,,,,,,,,,,,,,,,,,multipurpose_toilet,みやざきアクセシビリティ情報マップ,https://m-bfree.pref.miyazaki.lg.jp/a_map/public/facilityAround/eyJpdiI6Ikk4RlZaakpFSE1pVFJxNXJcL01GOXZRPT0iLCJ2YWx1ZSI6Ilp3VDczSFUwU2dFWWg2NU5yZ3Jwb0E9PSIsIm1hYyI6IjA2NTA1Y2U2MjYzMjliYzYyZTVhNTUwZWJkNTg5ODhjNjVlZTcwZGRkZDIwZTRlNGY2Yjk4MGJkMjk1MDhiOTcifQ==,,F000389,男女共用トイレあり,
45,宮崎県,45201,宮崎市,,高岡天ヶ城麓地区武家住宅,,,880-2221,宮崎市高岡町内山2879,31.9569229,131.2983644,,yes,,,,,,yes,,,,,,,,,,,,,,,,,,,,,,multipurpose_toilet,みやざきアクセシビリティ情報マップ,https://m-bfree.pref.miyazaki.lg.jp/a_map/public/facilityAround/eyJpdiI6Ijl5dlwvM3lLUFZJUndTK0dFeThyUGl3PT0iLCJ2YWx1ZSI6ImhFZ2FyM3c5aCtrZjhvajg3UkQ0NWc9PSIsIm1hYyI6IjhhNzg3NTgxYmVhY2ExOGQzMmVmYTEyMTg3NTY2MzdmMzExNzgxNTJhZDRhODBjOWM2MGZlODQwMmU4OWZhNWEifQ==,,F001983,男女共用トイレあり | 緊急通報装置あり | 調査日=2019-12-16,
45,宮崎県,45201,宮崎市,,高岡鍼灸整骨院,,,880-2222,宮崎市高岡町五町字北川原358番2,31.9560959,131.2975215,,yes,,,,,,,,,,,,,,,,,,,,,,,,,,,,multipurpose_toilet,みやざきアクセシビリティ情報マップ,https://m-bfree.pref.miyazaki.lg.jp/a_map/public/facilityAround/eyJpdiI6Ikh3cU9DWEcwUFd0dEdMaXZHNERzeVE9PSIsInZhbHVlIjoiV0t0SHlYYnlqdkFoSEI5dG1lN3hOQT09IiwibWFjIjoiNzQwYTQxMzc0Y2Q3ZTNiNjIwNmE2ZGY4OWI2NTNkMTViOTgzZDRjZTM1ZWMwZTY3OGMzNTU4NWRmMmY3NGZlYSJ9,,F000104,男女共用トイレあり,
45,宮崎県,45201,宮崎市,,高岡町総合支所,,,880-2221,宮崎市高岡町内山2887番地,31.9567744,131.2971542,,yes,,,,,,,,yes,,,,,,,,,,,,,,,,,,,,multipurpose_toilet,みやざきアクセシビリティ情報マップ,https://m-bfree.pref.miyazaki.lg.jp/a_map/public/facilityAround/eyJpdiI6Ikx5TDN1blwvZWl0Y3c3YllzbVNnVnRnPT0iLCJ2YWx1ZSI6ImtVeXlSZjZ5MWV2b2xyM1p6ZnZGRlE9PSIsIm1hYyI6IjA4ZDAxNDE0YzliZTcxNmVlMTc0ZmFjOTI0YTRmY2QxYzU5MGZhYWRlZjYxZTdlOGJjZTA0MzFlODZhODQ3NDYifQ==,,F001919,男女共用トイレあり,
45,宮崎県,45201,宮崎市,,高岡ふれあいデイサービス,,,880-2215,宮崎市高岡町高浜827,31.9414849,131.293405,,yes,,１階,,,,yes,,,,,,,,,,,,,,,,,,,,,,multipurpose_toilet,みやざきアクセシビリティ情報マップ,https://m-bfree.pref.miyazaki.lg.jp/a_map/public/facilityAround/eyJpdiI6InRwWUQ3TVM3NGRRUDRJZEt6UjlqUmc9PSIsInZhbHVlIjoiXC91T0lCTUtnSDh2UytpS0RIMzJXZ1E9PSIsIm1hYyI6IjAxOWM1NjI1MWVjYjQ1MmY1OTdmZGIxMzgwZjY2MTk1YWEyM2E0MjQ3YmYyOGRjZmFhZWI3YzJiOTdjZGY5NGUifQ==,,F001538,男女共用トイレあり | 緊急通報装置あり | 調査日=2006-02-09,
45,宮崎県,45203,延岡市,,タカオ眼科,,,882-0834,延岡市北新小路3-12,32.575141,131.6641122,,yes,,１階,,,,,,,,,,,,,,,,,,,,,,,,,,multipurpose_toilet,みやざきアクセシビリティ情報マップ,https://m-bfree.pref.miyazaki.lg.jp/a_map/public/facilityAround/eyJpdiI6InB6XC9EUHQwQkdaZzVlcVZtdVhMQTFRPT0iLCJ2YWx1ZSI6IkZoWEprQUZScklCYnl5Z0xSTlM5eGc9PSIsIm1hYyI6IjM4MmI3MDYwNzk3NDE1OTRiMGFkMGNmNDY2OGZkNmM1OGU1OTkzYmQ2NjBjYzhmMmNhMDVlNDMxZmM5NmRmZGIifQ==,,F001427,男女共用トイレあり | 緊急通報装置あり | 調査日=2019-11-12,
45,宮崎県,45202,都城市,,高城町老人福祉館,,,885-1202,都城市高城町穂満坊303-2,31.8003439,131.1296372,,yes,,１階,,,,,,,,,,,,,,,,,,,,,,,,,,multipurpose_toilet,みやざきアクセシビリティ情報マップ,https://m-bfree.pref.miyazaki.lg.jp/a_map/public/facilityAround/eyJpdiI6IlVoYkdrUlhKY0x4WThWN3ZWdU9tYUE9PSIsInZhbHVlIjoiNVV5M1NLSjE4WmQ2MDJGR0xTSEZGZz09IiwibWFjIjoiZWE2Mzg0Y2IxNDYxNGYxNDBmOWExZGExMTViYjljNTQ5MTZiMGIxNWQ5OGU3ZmFlNWM5ZjkyZDExMDM2Y2ExOSJ9,,F001556,男女共用トイレあり | 緊急通報装置あり | 調査日=2002-09-09,
45,宮崎県,45401,高鍋町,,たかしんホール（高鍋町中央公民館）,,,884-0006,高鍋町大字上江8113番地,32.1314283,131.5052632,,yes,,１階,,,,,,,,,,,,,,,,,,,,,,,,,,multipurpose_toilet,みやざきアクセシビリティ情報マップ,https://m-bfree.pref.miyazaki.lg.jp/a_map/public/facilityAround/eyJpdiI6ImFvZ0huMExCaHBmXC9Cc0VuZVdWaEJBPT0iLCJ2YWx1ZSI6Iko1SGlHcjRhR0Z6N2l5RmFpYkpcL1lRPT0iLCJtYWMiOiI4YjZiMWMyNWY1YmM3OGNmYmQyYzExYTUyZTFjMDU1MGZiNWEwZTc2MTVkNTQxZmFmOTg5NzE1NjMyMDM3OWIwIn0=,,F000540,男女共用トイレあり | 緊急通報装置あり | 調査日=2019-11-25,
45,宮崎県,45441,高千穂町,,高千穂いきいき温水プール すこやか館,,,882-1101,高千穂町大字三田井3208,32.7204275,131.3133122,,yes,,1階,,,,,,,,,,,,,,,,,,,,,,,,,,multipurpose_toilet,みやざきアクセシビリティ情報マップ,https://m-bfree.pref.miyazaki.lg.jp/a_map/public/facilityAround/eyJpdiI6ImlSRmlvWWU1aWFvTDhZV01mZUtJa3c9PSIsInZhbHVlIjoidkhsRFZXMmt0Uk55dmlaRm9HRDg0dz09IiwibWFjIjoiZDQzODJiNzFhMjkxZGM0NWRmMDJmOTRiNTlkNWJlZjUzNTI3OGM1YzkzZTUyZGZmZmI5Mzk3NjcyMWRiM2ZiYyJ9,,F001448,男女共用トイレあり | 緊急通報装置あり | 調査日=2002-09-18,
45,宮崎県,45441,高千穂町,,高千穂がまだせ市場 直売所 鬼八の蔵,,,882-1101,高千穂町大字三田井1099-1,32.70778,131.30569,https://www.town-takachiho.jp/top/soshiki/norinshinko/2/2/1889.html,yes,,施設の横,,,,,,yes,,yes,,,,,,,,,,,,,,,,,,multipurpose_toilet,みやざきアクセシビリティ情報マップ,https://m-bfree.pref.miyazaki.lg.jp/a_map/public/facilityAround/eyJpdiI6ImFIcENVZGJsN0Vjcmt0VTVEWjlSWHc9PSIsInZhbHVlIjoiYVRZM2c3Z1FWYVdPcWQ4XC94bHBWakE9PSIsIm1hYyI6IjE4ZjRkNGY1YTY5OTkwMDQ3MjA4MWI4N2NlOGUzMjdjOWY3MDIzMWVhN2NhNjQ4ZjMzYTdjNzYwNTFhZjdkNjIifQ==,,F002527,男女共用トイレあり | 緊急通報装置あり | 調査日=2021-07-26,
45,宮崎県,45441,高千穂町,,高千穂簡易裁判所・宮崎家庭裁判所高千穂出張所,,,882-1101,高千穂町大字三田井118,32.7111312,131.3114871,http://www.courts.go.jp,yes,,庁舎1階,,,,yes,,yes,,,,,,,,,,,,,,,,,,,,multipurpose_toilet,みやざきアクセシビリティ情報マップ,https://m-bfree.pref.miyazaki.lg.jp/a_map/public/facilityAround/eyJpdiI6ImRqWVVRXC94UHBrT3VoTWlWWjg3ZXl3PT0iLCJ2YWx1ZSI6IjVcL25DVXhBXC9zWWJOazVJWDBqUmFldz09IiwibWFjIjoiODhkYzFiMTU0OWJmOWQ0YzUyYWE4NjE2OWI5NzI4Mjk5ZjI0MzI2ZjEwMjJkNWM0YWFmY2M2OGVjYWZiN2NmZiJ9,,F001449,男女共用トイレあり | 緊急通報装置あり | 調査日=2019-11-19,オストメイトは簡易型です。
45,宮崎県,45441,高千穂町,,高千穂牛レストラン 和,,,882-1101,高千穂町大字三田井1099-1,32.707627,131.305953,https://takachiho.ja-miyazaki.jp/pages/44/,yes,,がまだせ市場内,,,,yes,,yes,,yes,,,,,,,,,,,,,,,,,,multipurpose_toilet,みやざきアクセシビリティ情報マップ,https://m-bfree.pref.miyazaki.lg.jp/a_map/public/facilityAround/eyJpdiI6ImdjK0YxK1RPbUd6aUtIbGNJcHNjZGc9PSIsInZhbHVlIjoiTUZ4bzMwSE9RMVJCMW41VVhBY1RaQT09IiwibWFjIjoiNmRhNjIyMWNkNDhlMjVmYzlkOTYxMDg1ZDE1OGIyOWE4MjVmYWJkODE5MzA5MzNiZjBlZDQ4ZDk3NGQ2MmY5ZCJ9,,F002418,男女共用トイレあり | 緊急通報装置あり | 調査日=2019-11-30,・レストラン内は一般トイレのみ
45,宮崎県,45441,高千穂町,,高千穂峡,,,882-1101,高千穂町大字三田井御塩井,32.701532,131.301026,http://takachiho-kanko.info/sightseeing/takachihokyou.php,yes,,御塩井駐車場内 / 第3駐車場（大橋駐車場）内。左奥。 / 第4駐車場内,,,,yes,,,,yes,yes,,,,,,,,,,,,,,,,,multipurpose_toilet,みやざきアクセシビリティ情報マップ,https://m-bfree.pref.miyazaki.lg.jp/a_map/public/facilityAround/eyJpdiI6IjQ5ZWUzNGNUK3hOQWhBNVVibnV2aXc9PSIsInZhbHVlIjoiS2tCcFhYWHYrbEkwQnp0bzlQNUUwdz09IiwibWFjIjoiZmZjMjFjNjJiYWQxNDc1Nzk0MTZhYmQ4NDgxYmI1MmNjMTc0YjM1ZGI2YWE3NDg0MGNjNjk4NjBhYjQ1MmFhMyJ9,,F002462,男女共用トイレあり | 緊急通報装置あり | 調査日=2020-02-23,・第4駐車場内のトイレ電気のスイッチが高い(140cm）
45,宮崎県,45443,五ヶ瀬町,,高千穂警察署五ヶ瀬駐在所,,,882-1203,五ヶ瀬町大字三ヶ所10723番地2,32.6842914,131.1991351,,yes,,１階,,,,yes,,,,,,,,,,,,,,,,,,,,,,multipurpose_toilet,みやざきアクセシビリティ情報マップ,https://m-bfree.pref.miyazaki.lg.jp/a_map/public/facilityAround/eyJpdiI6IlFTYTNhTVBDWjNWQmJaUUNOODllOVE9PSIsInZhbHVlIjoiRmRzbks2S1pLak5YRVdiT0VRYzJHZz09IiwibWFjIjoiY2YzZmViMWVhN2U4OTgwOTY0ZjU1ZGM5OTMyZTU1M2E3YTg3ZWI5ZjBlODIxNjJjMDBmN2UxMmEwMTE1NWRlNSJ9,,F000497,男女共用トイレあり | 緊急通報装置あり | 調査日=2013-09-12,
45,宮崎県,45441,高千穂町,,高千穂警察署三田井交番,,,882-1101,高千穂町大字三田井800-24,32.7096294,131.3082565,,yes,,1階,,,,,,,,,,,,,,,,,,,,,,,,,,multipurpose_toilet,みやざきアクセシビリティ情報マップ,https://m-bfree.pref.miyazaki.lg.jp/a_map/public/facilityAround/eyJpdiI6Imoxdk9ad0FJZDJSNDV3TjU4dkttSkE9PSIsInZhbHVlIjoibVwvNmkzNXFYZ1VHcENiT3NKZU10WUE9PSIsIm1hYyI6ImQwOWU2ZDlkMzZiYTIwYjA0ODgwMDBjODY3MWRkODc1NjJjZWI1ZTFmYzkxYzFiMGQxMGMwOGNjZTg1OTE1ZDYifQ==,,F001237,男女共用トイレあり | 緊急通報装置あり | 調査日=2002-09-01,
45,宮崎県,45441,高千穂町,,高千穂神社,,,882-1201,高千穂町大字三田井1037,32.706573,131.302703,,yes,,駐車場内、スロープ近く,,,,,,yes,,,,,,,,,,,,,,,,,,,,multipurpose_toilet,みやざきアクセシビリティ情報マップ,https://m-bfree.pref.miyazaki.lg.jp/a_map/public/facilityAround/eyJpdiI6Ims0eG1EVVFLV1EyUHdzK05Pd2RUNHc9PSIsInZhbHVlIjoiWXhoSjdJbFM1MmppY0w4TVBmVU5rdz09IiwibWFjIjoiMjY5NTJlMTNkMTg3NTZlY2E4ZDcwYmNjZGU2N2RlNmE0NTUyOTliYTM3YjY3OWEwM2FmNmI4MzYyYTVlYTViZiJ9,,F002357,男女共用トイレあり | 緊急通報装置あり | 調査日=2024-11-13,
45,宮崎県,45441,高千穂町,,高千穂神社神楽殿,,,882-1201,高千穂町大字三田井1037,32.706573,131.302703,,yes,,高千穂神社駐車場内,,,,,,yes,,,,,,,,,,,,,,,,,,,,multipurpose_toilet,みやざきアクセシビリティ情報マップ,https://m-bfree.pref.miyazaki.lg.jp/a_map/public/facilityAround/eyJpdiI6IlFKSFU4Z1ozQ2VKNnJJbklVVDYxTlE9PSIsInZhbHVlIjoiSTY4TGZzMVZXQTluNjFWOXlCNEtjUT09IiwibWFjIjoiN2VmOTk1NGViMDJhMzc5YjcxZDY2NDllMTZlNjA3NGViMmIyMTg5MGZjNjQ5ZjQyYmYyZWJjNzZmYmY0OTcyNCJ9,,F002804,男女共用トイレあり | 緊急通報装置あり | 調査日=2024-11-13,・神楽殿に近いトイレは多目的トイレではないが、男女別のトイレがある
45,宮崎県,45441,高千穂町,,高千穂町国民健康保険病院,,,882-1101,高千穂町大字三田井435-1,32.7166008,131.3148433,http://www.takachiho-hp.jp,yes,,1階,,,,yes,,yes,,,,,,,,,,,,,,,,,,,,multipurpose_toilet,みやざきアクセシビリティ情報マップ,https://m-bfree.pref.miyazaki.lg.jp/a_map/public/facilityAround/eyJpdiI6IlhXRGJUcDF4cUNqNDdNYURVMDlLZWc9PSIsInZhbHVlIjoiczh3a3V0Q0dQaHlJRDJBNml4VVVNdz09IiwibWFjIjoiYWIwYjdjMWY0YmM0Yzk4NWUyZjIxOTA2YzA2ZjRkNTJlM2VkMzhmNDkwMTljMjM5N2NiZTIzOGMxNzYxZTg3NyJ9,,F001447,男女共用トイレあり | 緊急通報装置あり | 調査日=2002-09-19,
45,宮崎県,45441,高千穂町,,高千穂町コミュニティセンター（歴史民俗資料館）,,,882-1101,高千穂町大字三田井１５１５,32.71535,131.303291,http://www.komisen.net/,yes,,１Ｆ。入口を入って真っ直ぐ進むと右手にあります。,,,,,,,,,,,,,,,,,,,,,,,,,,multipurpose_toilet,みやざきアクセシビリティ情報マップ,https://m-bfree.pref.miyazaki.lg.jp/a_map/public/facilityAround/eyJpdiI6Ild5eTBSZnZROUF2c3dZTCtwZzBQa2c9PSIsInZhbHVlIjoiMXBWRDQ0MWtNZzhOUitXSnYzcE13QT09IiwibWFjIjoiNjNhZjVlOTk1MTNjODFlYTdhYzY5MDhkZTVjNGQ1MWQzZjhkOTllYTczN2QyNjM1NGIyM2UzYjZkNzRiNjVkNyJ9,,F002512,男女共用トイレあり | 調査日=2020-12-16,
45,宮崎県,45441,高千穂町,,高千穂町社会福祉協議会（デイサービスセンター）,,,882-1101,高千穂町大字三田井750-7,32.709724,131.3112373,,yes,,1階,,,,yes,,,,,,,,,,,,,,,,,,,,,,multipurpose_toilet,みやざきアクセシビリティ情報マップ,https://m-bfree.pref.miyazaki.lg.jp/a_map/public/facilityAround/eyJpdiI6Im16S3FnQlJlWXhEWXl4aytcL1phT3F3PT0iLCJ2YWx1ZSI6IjlSeStMVHZkSUxHSjczYktibjJWMkE9PSIsIm1hYyI6ImE2ZWY4MGRkM2U0NjUxMzBkYTBiYWYyNDk3Yjg4MDQ5M2U3NWRiNGMwMmYxODE5M2FjYTFiZTRiMGJhZjUyODIifQ==,,F001450,男女共用トイレあり | 緊急通報装置あり | 調査日=2002-09-06,
45,宮崎県,45441,高千穂町,,高千穂町武道館,,,882-1101,高千穂町大字三田井1515,32.7152693,131.303311,http://bunka.sakura.ne.jp/,yes,,1階 / 2階,,,,,,,,,,,,,,,,,,,,,,,,,,multipurpose_toilet,みやざきアクセシビリティ情報マップ,https://m-bfree.pref.miyazaki.lg.jp/a_map/public/facilityAround/eyJpdiI6Im1VMExGRjBHcFJuWkJLcHUxRndGQlE9PSIsInZhbHVlIjoiUGN1UXZkNUVBYXRCbm5hRlZFRGFKdz09IiwibWFjIjoiZDM3ZjA4ODI2NTg3ZTBiZDE2YWMyMzBmYjA3ZGRkZjBiMjA0Y2QwMDEzYjVlMWZkODE0ZTRkYzgxODA2MGZiMCJ9,,F001252,男女共用トイレあり | 緊急通報装置あり | 調査日=2013-09-19,
45,宮崎県,45441,高千穂町,,高千穂町役場,,,882-1192,高千穂町大字三田井13,32.7117378,131.3077974,https://www.town-takachiho.jp/,yes,,1階,,,,,,,,,,,,,,,,,,,,,,,,,,multipurpose_toilet,みやざきアクセシビリティ情報マップ,https://m-bfree.pref.miyazaki.lg.jp/a_map/public/facilityAround/eyJpdiI6InMxTjVneERZOEdUeEVHZklyY2kzWWc9PSIsInZhbHVlIjoibGgwc0RCcEE1YldzUGtHT1BuQk1nUT09IiwibWFjIjoiOWZkNzE5N2M1MmE3MmU5ZDM0YzVhNWZjYWEyMDJiM2NkMTM5YWVlYzc4MjJkNjQ3ZjliMTFlZmQ3NTM5ZWVkYSJ9,,F001232,男女共用トイレあり | 緊急通報装置あり | 調査日=2019-11-21,
45,宮崎県,45441,高千穂町,,高千穂町役場保健福祉総合センターげんき荘,,,882-1101,高千穂町大字三田井435-1,32.7166008,131.3148433,,yes,,1階,,,,yes,,,,,,,,,,,,,,,,,,,,,,multipurpose_toilet,みやざきアクセシビリティ情報マップ,https://m-bfree.pref.miyazaki.lg.jp/a_map/public/facilityAround/eyJpdiI6IkhwQkNFZlNaMW1MODB6RTVJUDRFanc9PSIsInZhbHVlIjoiNDJ2VDhWWTdKNmpCeXFOMzBXOUMwUT09IiwibWFjIjoiOWE2MDQ2ZjRhOGE3ZjUxMGUxMWUzYjdlOGQ1OGJiYTM4YTQ0NTNjZTcxZmU0NzI2OWY2OWQwMmJhZGRkNjdmOSJ9,,F001455,男女共用トイレあり | 緊急通報装置あり | 調査日=2020-03-13,
45,宮崎県,45202,都城市,,高千穂牧場,,,885-0223,都城市吉之元町5265番地,31.8448592,130.8822914,http://www.takachiho-bokujou.co.jp/,yes,,駐車場内 / 総合案内所裏 / レストランと売店の間,,,,yes,,,,,,,,,,,,,,,,,,,,,,multipurpose_toilet,みやざきアクセシビリティ情報マップ,https://m-bfree.pref.miyazaki.lg.jp/a_map/public/facilityAround/eyJpdiI6ImNUb0lwdGZleGJNUzYzTFhVMnNka0E9PSIsInZhbHVlIjoielp0Z2FBVitMNWVEYkFKYkRkYTlMZz09IiwibWFjIjoiZmExNGUzNmU2MjlkNWJkOWMwMGZhNWRhYmU3YzQ2YzRjZjJiZTFkMDdhMTAzMjhiZjY5MDVjODg1MDQyYTM3MSJ9,,F000133,男女共用トイレあり | 男女別トイレあり | 調査日=2025-02-26,・駐車場内の多目的トイレの鍵は故障中、水栓レバーは紐タイプ
45,宮崎県,45401,高鍋町,,高鍋警察署,,,884-0005,高鍋町大字持田3382番地2,32.1362572,131.5265451,,yes,,１階,,,,,,,,,,,,,,,,,,,,,,,,,,multipurpose_toilet,みやざきアクセシビリティ情報マップ,https://m-bfree.pref.miyazaki.lg.jp/a_map/public/facilityAround/eyJpdiI6IkdRXC9acUhIRWZIcEcxQTdOT3FlZFFBPT0iLCJ2YWx1ZSI6Ilp4WjN4QWsxb2pCS1pRenBpc0JsOHc9PSIsIm1hYyI6IjY5OTAxMTMyMmI1OWIzMDM4ZTQ5NGE4YTIzZjE0ZTMyOTc4ZmJiZDMwZDNlNTljZWVmNjI4ZGU5MzNiMjQ3NmQifQ==,,F001157,男女共用トイレあり | 緊急通報装置あり | 調査日=2019-12-02,
45,宮崎県,45401,高鍋町,,高鍋公共職業安定所,,,884-0006,高鍋町大字上江字高月8340,32.130398,131.504604,,yes,,１階,,,,,,,,,,,,,,,,,,,,,,,,,,multipurpose_toilet,みやざきアクセシビリティ情報マップ,https://m-bfree.pref.miyazaki.lg.jp/a_map/public/facilityAround/eyJpdiI6IlpLQVQ5ZTVhUk9VaEFVUlwvUmZmYyt3PT0iLCJ2YWx1ZSI6IjNUWUFhZkZzeXM3cldzT0UrN0t4XC9RPT0iLCJtYWMiOiI1NzA0MWY4ZjEzMDlhYjFlMjc4MGVmYTM3YTI3NmFkMWY1ZGJlOGIyMWNiYTc0NzNjOGU0MjIzOTQwNzA4MzE5In0=,,F001302,男女共用トイレあり | 緊急通報装置あり | 調査日=2013-09-02,
45,宮崎県,45401,高鍋町,,高鍋湿原,,,884-0006,高鍋町大字上江6972-3,32.122843,131.475628,http://www.town.takanabe.lg.jp/kanko_osasoi/kankojoho/1139.html,yes,,入口手前,,,,,,,,,,,,,,,,,,,,,,,,,,multipurpose_toilet,みやざきアクセシビリティ情報マップ,https://m-bfree.pref.miyazaki.lg.jp/a_map/public/facilityAround/eyJpdiI6Ijk1MWNGZksxRytsVmRHNU9Sazg0emc9PSIsInZhbHVlIjoiemFWdFMxbGtOYWVjblpNWGthYWhHdz09IiwibWFjIjoiZjU5YzVlZjhkMjUwYzg5ZmY1N2Q2M2NhODJlYjIyZTRmODRiNDNlMGQ0ZWY2MzhmMDAyNmEyYTRhMDA1ZGE0NCJ9,,F002584,男女共用トイレあり | 調査日=2022-07-06,
45,宮崎県,45401,高鍋町,,高鍋春光会病院,,,884-0001,高鍋町大字830,32.126675,131.5101404,,yes,,１階,,,,yes,,,,,,,,,,,,,,,,,,,,,,multipurpose_toilet,みやざきアクセシビリティ情報マップ,https://m-bfree.pref.miyazaki.lg.jp/a_map/public/facilityAround/eyJpdiI6IkRZR0owM3MxQnYwcE9IMEdibDh4Y1E9PSIsInZhbHVlIjoiS3hlYms2c3dVR0J0STYzMWcwWEEwZz09IiwibWFjIjoiM2UyNjBjNDAxNGNiZTBlMTJkNzViOWE1YThkYjZiM2JhZmZlZGJiZWFjODJhMzZiMzkwMGZjOWIxOGVjMWI3NCJ9,,F000526,男女共用トイレあり | 緊急通報装置あり | 調査日=2002-09-04,
45,宮崎県,45401,高鍋町,,高鍋税務署,,,884-0006,高鍋町大字上江8438番地,32.1283709,131.5036201,,yes,,１階,,,,yes,,yes,,yes,,,,,,,,,,,,,,,,,,multipurpose_toilet,みやざきアクセシビリティ情報マップ,https://m-bfree.pref.miyazaki.lg.jp/a_map/public/facilityAround/eyJpdiI6InIwdEtaSGp2MkdsN2l1NFloU2RXZGc9PSIsInZhbHVlIjoidk4rZHFZeHBBaEJzVzdGYlNPRU9OQT09IiwibWFjIjoiY2EwYTExODdlMDI3ZjljOThkMjk1MzExMmQwYjYyZWRmYzJjZmQ2ODc1ZmMwZmQyZWQxMmU0MzBmNTcwOGQzMyJ9,,F000525,男女共用トイレあり | 緊急通報装置あり | 調査日=2019-11-26,
45,宮崎県,45401,高鍋町,,高鍋町健康づくりセンター,,,884-0002,高鍋町北高鍋5139番地,32.13032,131.5059272,http://www.town.takanabe.lg.jp/,yes,,,,,,yes,,yes,,,,,,,,,,,,,,,,,,,,multipurpose_toilet,みやざきアクセシビリティ情報マップ,https://m-bfree.pref.miyazaki.lg.jp/a_map/public/facilityAround/eyJpdiI6IlRqem91T1NNWm0rbGpWc2Noa0g1QkE9PSIsInZhbHVlIjoiTjIzTDlGdkNROXZnUm40T1lqV2p1QT09IiwibWFjIjoiYTAyYWQ2ZmRmYjY4Y2UyNWQxYmUzNmFiNWIzZDY2NmJjYjUyMWI4ZWY1MTA5YTU0YjcyMWU4NjNkODJmYzZkYiJ9,,F000872,男女共用トイレあり | 調査日=2019-11-21,
45,宮崎県,45401,高鍋町,,高鍋町社会福祉協議会,,,884-0002,高鍋町大字北高鍋300,32.1259243,131.5062969,http://www.takanabe-shakyo.or.jp/,yes,,,,,,,,,,,,,,,,,,,,,,,,,,,,multipurpose_toilet,みやざきアクセシビリティ情報マップ,https://m-bfree.pref.miyazaki.lg.jp/a_map/public/facilityAround/eyJpdiI6IkoyQXJzQ1d5RnEzcm9Vamd1QjFuaFE9PSIsInZhbHVlIjoiOHNFU0pGK3FcL0o1VEJoWm5DUTFJZnc9PSIsIm1hYyI6IjBkNjZlMWY2MTQyZTNmMGU2OTExODEzZDQ1NTZjNzBiMGQ0ZmVjYzhkODM3ZmY0ZmNjYWEyOWFmOWVhMDkwZmIifQ==,,F000532,男女共用トイレあり | 調査日=2013-09-05,
45,宮崎県,45401,高鍋町,,高鍋町美術館,,,884-0003,高鍋町大字南高鍋6916番地1,32.121094,131.503993,http://www.town.takanabe.lg.jp/museum/,yes,,エントランの右手の実習室隣り,,,,,,,,yes,,,,,,,,,,,,,,,,,,multipurpose_toilet,みやざきアクセシビリティ情報マップ,https://m-bfree.pref.miyazaki.lg.jp/a_map/public/facilityAround/eyJpdiI6InVuMDdcL2U4RjUzdE9KanYzdzRVTlwvQT09IiwidmFsdWUiOiJiRzAzSnNBZmVrd1ozMmRUMU51NmZ3PT0iLCJtYWMiOiJiNTk2NTJiMjQ5YzU5ZDY5MDc5MjZkNjhkYjU2MWYyZTExYjBkNmE2ZjA4Nzc0MGZjODJiMGY3MWE3NDdmZjk2In0=,,F002115,男女共用トイレあり | 緊急通報装置あり | 調査日=2019-11-01,
45,宮崎県,45401,高鍋町,,高鍋藩家老屋敷 黒水家住宅,,,884-0006,高鍋町大字上江１３９０番地,32.127011,131.502049,http://www.kankou-takanabe.com/siteseeing/karouyashiki,yes,,屋敷の裏の駐車場の敷地内。,,,,,,,,,,,,,,,,,,,,,,,,,,multipurpose_toilet,みやざきアクセシビリティ情報マップ,https://m-bfree.pref.miyazaki.lg.jp/a_map/public/facilityAround/eyJpdiI6IjhqRnJ4cDRreGExXC9sTjZcLzgrQll5Zz09IiwidmFsdWUiOiI2cnU1MmNsZzMrdmF2TVFJTEF5VmV3PT0iLCJtYWMiOiJkZTczM2Y0MmQ1ZjVlMTViYWQxNDgwNTlkNmVjNjMzNmJjMmViYTk3MTkzMWY2NjJmM2E2N2ZjNjcwN2I2YjM2In0=,,F002507,男女共用トイレあり | 調査日=2020-11-05,
45,宮崎県,45201,宮崎市,,たかふさ保育園,,,880-2215,宮崎市高岡町高浜755-1,31.9525481,131.3030039,http://www.takafusa-hoikuen.com/,yes,,,,,,,,,,,,,,,,,,,,,,,,,,,,multipurpose_toilet,みやざきアクセシビリティ情報マップ,https://m-bfree.pref.miyazaki.lg.jp/a_map/public/facilityAround/eyJpdiI6Ik1jdmFqeVcwaWpvZnhucURvSmhSUFE9PSIsInZhbHVlIjoic1VENHhOUDVpRVB1NHFReEkyZFdzZz09IiwibWFjIjoiYTY3NjM5MjZlMDdjMzJjZjkyNDJmM2UxZTM1M2NiNGZlM2Y4YzE2ZTQwNWNkNDlmZDBiYzdjNWFiMzJjNzVmNiJ9,,F000594,男女共用トイレあり,
45,宮崎県,45203,延岡市,,高見整形外科クリニック,,,882-0803,延岡市大貫町2丁目969番1,32.5756565,131.6544727,,yes,,,,,,,,,,,,,,,,,,,,,,,,,,,,multipurpose_toilet,みやざきアクセシビリティ情報マップ,https://m-bfree.pref.miyazaki.lg.jp/a_map/public/facilityAround/eyJpdiI6IklnaGxJY25CMWpCRFloK1VhSjZmWHc9PSIsInZhbHVlIjoiRVRoU0k4RUpDK2NKaE1CdHBneWRodz09IiwibWFjIjoiZGRjNTQ4NzQ1YTAwZWMxZGU4Mjk5Mzk4MzMyNmNiNmEyZTE1NjVmNWFhYzAzOTdhNmJiODU4ZWYyM2EyYTQxYyJ9,,F001525,男女共用トイレあり | 調査日=2013-09-17,
45,宮崎県,45201,宮崎市,,高宮病院,,,880-0841,宮崎市吉村町大町甲1931,31.9148818,131.4432257,http://www.takamiya.or.jp,yes,,,,,,,,,,,,,,,,,,,,,,,,,,,,multipurpose_toilet,みやざきアクセシビリティ情報マップ,https://m-bfree.pref.miyazaki.lg.jp/a_map/public/facilityAround/eyJpdiI6InVjT0xma3lqRkFDM0dtaCswRHdpMmc9PSIsInZhbHVlIjoiRFhRRVExTW5Id1lKMEFTR1FZXC9WUVE9PSIsIm1hYyI6Ijk4MzQ5ZmY2NThhNjNhOGM0Y2Y4YmVkODA1YWExNDRmYzg1YTAwODllYjhmYjQ0Y2UyZjBmNTljNzRhZWI5MzcifQ==,,F000109,男女共用トイレあり | 調査日=2009-11-25,
45,宮崎県,45201,宮崎市,,高山循環器科・内科,,,880-0301,宮崎市佐土原町上田島8176,32.0511847,131.4270356,,yes,,１階,,,,yes,,,,,,,,,,,,,,,,,,,,,,multipurpose_toilet,みやざきアクセシビリティ情報マップ,https://m-bfree.pref.miyazaki.lg.jp/a_map/public/facilityAround/eyJpdiI6IlNJNmVEN203c1wveE8raCtBVVZ4U1FBPT0iLCJ2YWx1ZSI6IjVGcUpWU3lBbHdRQk5wZHV4cElGQXc9PSIsIm1hYyI6IjUxNzUwYWU3OTBmY2FmNTdhM2JiNmQ1N2E5ZTMwMDdhZjI5NWU4MDc3MzRiOGVkMzQ4NzRkODgyYWU3MDlkM2YifQ==,,F000650,男女共用トイレあり | 緊急通報装置あり | 調査日=2002-09-26,
45,宮崎県,45406,都農町,,瀧神社,,,889-1301,都農町川北11806-2,32.27304705265899,131.55114390209962,,yes,,不動公園前の駐車場内,,,,,,,,,,,,,,,,,,,,,,,,,,multipurpose_toilet,みやざきアクセシビリティ情報マップ,https://m-bfree.pref.miyazaki.lg.jp/a_map/public/facilityAround/eyJpdiI6IkEzNzdQSll3VHhtZnBtTWFzYlhOU1E9PSIsInZhbHVlIjoiaHREd2VcL1lTaTNQQnJzZmZROEM3ekE9PSIsIm1hYyI6ImFkNDg2NDk5YTM2NzA5NDg0YTBhMDlhOTg4MTg5ZThmOTA2ZmVjZTYwM2NmNDcyNGYzNTQ1ZDNmMDI5MzE2ZTYifQ==,,F002809,男女共用トイレあり | 調査日=2024-12-03,
45,宮崎県,45201,宮崎市,,多機能リハビリステーション ケアふる,,,880-0841,宮崎市吉村町南田甲1051番地12,31.917852,131.4521985,http://www.care-project.co.jp/takinou.htm,yes,,,,,,,,,,,,,,,,,,,,,,,,,,,,multipurpose_toilet,みやざきアクセシビリティ情報マップ,https://m-bfree.pref.miyazaki.lg.jp/a_map/public/facilityAround/eyJpdiI6IlFvbzFIMEFOYUtLVXdma3J3OUlhSmc9PSIsInZhbHVlIjoiM1wvS3NkWGZQVmFDb1lMaFdERW9rQXc9PSIsIm1hYyI6ImFhOWU4ZmMzYTRiOTEwYjljMDYyMzk2YzVkOGI0ZjRhOTIwZTQ3NzdhNGZhNThjNDA3OThlMTg2ZjM4OTI3MTQifQ==,,F000347,男女共用トイレあり | 調査日=2009-11-25,
45,宮崎県,45202,都城市,,匠の茶屋 十兵衛うどん,,,885-1202,都城市高城町穂満坊727番地,31.7991247,131.122559,,yes,,屋外,,,,,,,,,,,,,,,,,,,,,,,,,,multipurpose_toilet,みやざきアクセシビリティ情報マップ,https://m-bfree.pref.miyazaki.lg.jp/a_map/public/facilityAround/eyJpdiI6IllsTFdiYVBGcGhXdFRuYVNtT2U2VlE9PSIsInZhbHVlIjoiQjg4emVxUkQ1bUpQelFJYytMbStEdz09IiwibWFjIjoiOGNmZjZmYmI4ZTBhNTY1Njc3Yzk2NWYyNGYyODlkZTZiOGQ0NDg1NDdjMjIwNjFlZmY1ODJmZmQwMGI1Y2JmZCJ9,,F001560,男女共用トイレあり | 緊急通報装置あり | 調査日=2013-09-19,
45,宮崎県,45201,宮崎市,,たけお眼科,,,880-0824,宮崎市大島町国草160-2,31.9417281,131.4377733,,yes,,,,,,,,,,,,,,,,,,,,,,,,,,,,multipurpose_toilet,みやざきアクセシビリティ情報マップ,https://m-bfree.pref.miyazaki.lg.jp/a_map/public/facilityAround/eyJpdiI6InhWMjZ3K3JZbFBpVjdNTFwvdUxjbFB3PT0iLCJ2YWx1ZSI6IjdUXC9oTWVjUm5IYzdjN3ZDeFdrY0tnPT0iLCJtYWMiOiJkZmMyNzdjOGVlMWYyM2M3ODAwZmVhNjEwY2Y1OThkZjIwNTlhZmMzMzZjZThkMDI1Y2YyZTBiZTg1YmIwMTRlIn0=,,F000876,男女共用トイレあり | 調査日=2019-11-08,
45,宮崎県,45203,延岡市,,竹尾歯科大貫診療所,,,882-0803,延岡市大貫町3丁目970-1,32.5751663,131.6545117,https://www.dental-takeo.com/,yes,,,,,,yes,,,,,,,,,,,,,,,,,,,,,,multipurpose_toilet,みやざきアクセシビリティ情報マップ,https://m-bfree.pref.miyazaki.lg.jp/a_map/public/facilityAround/eyJpdiI6IlphSHptWG1UR1pxRGdLR0NMakRRZ3c9PSIsInZhbHVlIjoiSFFMR1wvcjNUUGdpWW1zRGhERXdJQVE9PSIsIm1hYyI6ImM5YzkzYTNjMDc4YmM1YjM0ZjAyZmMzYmE5YTUxMDU0MmJjOWU2YzY2YmYwNGZiZWQzNjcwOWIzMWQ1ZmY4NzYifQ==,,F001388,男女共用トイレあり | 調査日=2019-11-12,
45,宮崎県,45201,宮崎市,,竹迫外科内科医院 デイケアさわやか,,,880-0925,宮崎市大字本郷北方2118番地,31.8777176,131.4269257,http://www.seiryo-t.or.jp/sawayaka/index.html,yes,,,,,,,,yes,,,,,,,,,,,,,,,,,,,,multipurpose_toilet,みやざきアクセシビリティ情報マップ,https://m-bfree.pref.miyazaki.lg.jp/a_map/public/facilityAround/eyJpdiI6IlRUXC90RUNCUTFMOW1ERFMxbnVMT0N3PT0iLCJ2YWx1ZSI6IjRlY1VPWEhUbGduUENnMm5rbnZYc2c9PSIsIm1hYyI6ImY2NjFiY2ExMWQ4M2YxNmI3OGZiZWM5MWZlNDc0MjUxOGFiNDYzYzMxYjBkZTkxNjViYzgyZGFhYTFjNTZmNGYifQ==,,F000377,男女共用トイレあり,
45,宮崎県,45201,宮崎市,,たじな歯科医院,,,880-0921,宮崎市大字本郷南方字辻原4025-7,31.8632772,131.4322764,http://www.tajina-dentalclinic.jp/,yes,,,,,,,,,,,,,,,,,,,,,,,,,,,,multipurpose_toilet,みやざきアクセシビリティ情報マップ,https://m-bfree.pref.miyazaki.lg.jp/a_map/public/facilityAround/eyJpdiI6IjdNUERJYUNLandLYkFJYlQzUnpJXC9BPT0iLCJ2YWx1ZSI6Ik9tY2pkWXlLTDNFdDE2cjllSnBRQWc9PSIsIm1hYyI6Ijc3MjU2ZjZkZDdmODg4NzhlNGU5YWQyYTNlNTI1NzJmMWI2NjQzMDY2N2YwMTNiODRiOTQzM2Y3ODMxNzVmMWEifQ==,,F001131,男女共用トイレあり | 調査日=2010-01-28,
45,宮崎県,45431,美郷町,,田代神社,,,883-1101,美郷町西郷田代地区,32.4360606,131.4251661,https://www.visit-misato.jp/infopage/tashirojinja/,yes,,すぱーく西郷内,,,,,,,,,,,,,,,,,,,,,,,,,,multipurpose_toilet,みやざきアクセシビリティ情報マップ,https://m-bfree.pref.miyazaki.lg.jp/a_map/public/facilityAround/eyJpdiI6ImdtQmd2RjBIdUFETHlXbGRSQ2xKYWc9PSIsInZhbHVlIjoiT3RCVDRhRmZNcE1GOU03c0ZBN250UT09IiwibWFjIjoiM2JkYzkwMTdjZDU2OTZhZTIzZjdlYWY3ZTFjMDVhZmMxZDIzMmI1Y2VhZmVlMzEyZTg2MTQ2MGVhNjRhMDk2YiJ9,,F002858,男女共用トイレあり | 緊急通報装置あり | 調査日=2025-03-17,・境内にトイレはないが、神社に隣接している「すぱーく西郷」内に公共トイレが開放してある
45,宮崎県,45201,宮崎市,,(株)たすけあいの郷まごころ荘,,,889-1602,宮崎市清武町今泉甲3702,31.8471102,131.3494316,,yes,,,,,,,,,,,,,,,,,,,,,,,,,,,,multipurpose_toilet,みやざきアクセシビリティ情報マップ,https://m-bfree.pref.miyazaki.lg.jp/a_map/public/facilityAround/eyJpdiI6IldcL3VmSURrVlwvcVlvaWE1VFBvYjRNQT09IiwidmFsdWUiOiJlUzlkVzdtR2NFWFpHQ2ttMzFWVTNRPT0iLCJtYWMiOiJlNDA5MzQ4OTE2NWMzYzZkZDZjOGQ0ZWFjZjk2Y2I0ZTg1ZGU0MDMxNTk0ZjlhY2RkYTU3NTMwOGVkN2Y1NWE5In0=,,F001840,男女共用トイレあり,
45,宮崎県,45201,宮崎市,,たちばな整形外科内科クリニック,,,880-0841,宮崎市吉村町浮ノ城甲16-1,31.9314642,131.4393741,,yes,,,,,,,,,,,,,,,,,,,,,,,,,,,,multipurpose_toilet,みやざきアクセシビリティ情報マップ,https://m-bfree.pref.miyazaki.lg.jp/a_map/public/facilityAround/eyJpdiI6IjVCbEZuSmZxZ3VNVDNmN3dCcXdtc2c9PSIsInZhbHVlIjoiNXBOK2dSeXdmYVwvRVhiam1KWjBGMHc9PSIsIm1hYyI6ImM5M2ZlMzBlMjNjNzBlMzhhNTYwNjI2Yzg0Zjc1NjI1NDZhYjYxY2MyZmU2YzE4OWRhMDllMjFkOWI2ZWEyOTYifQ==,,F000435,男女別トイレあり,
45,宮崎県,45201,宮崎市,,たちばな薬局旭通,,,880-0866,宮崎市川原町4番8号,31.9077581,131.4242586,,yes,,,,,,,,,,,,,,,,,,,,,,,,,,,,multipurpose_toilet,みやざきアクセシビリティ情報マップ,https://m-bfree.pref.miyazaki.lg.jp/a_map/public/facilityAround/eyJpdiI6Im85ekNIK0IzWUJVblB6ekVadGNSTVE9PSIsInZhbHVlIjoiaklGUXBzNTR4MThka3Y5XC96bHVUblE9PSIsIm1hYyI6IjMzY2VkNDdjOTZkZThjYmM3ZTA3NjhiNjM4NmJjZWRhNGJmYWU1YjU2NDUxMDk5MDY5MjI1NDFjYzIzMWZlNTQifQ==,,F000149,男女共用トイレあり,
45,宮崎県,45201,宮崎市,,たっちゃん,,,880-0211,宮崎市佐土原町下田島10120-1,32.0240461,131.4807496,,yes,,,,,,,,,,,,,,,,,,,,,,,,,,,,multipurpose_toilet,みやざきアクセシビリティ情報マップ,https://m-bfree.pref.miyazaki.lg.jp/a_map/public/facilityAround/eyJpdiI6ImIzTXZRSCs5K09PcHluVWF5R1BuXC9RPT0iLCJ2YWx1ZSI6IjRsakVoaFlLQm5MZWFMWDVTTXdQNlE9PSIsIm1hYyI6IjFjNzgxNzIyNTdkZWFmZGY3ZmI0ZDhlZDNkZWU3ZjY1NWQxODdiYmUzYmViYjFmYWIzNjUzODBiMzFhMDU2NTMifQ==,,F001508,男女共用トイレあり | 調査日=2010-01-26,
45,宮崎県,45201,宮崎市,,タヅメクリニック,,,880-0865,宮崎市松山2丁目23番地2,31.9050869,131.4293377,http://www.ne.jp/asahi/tazume/clinic/,yes,,１階 / 1階,,,,yes,,,,,,,,,,,,,,,,,,,,,,multipurpose_toilet,みやざきアクセシビリティ情報マップ,https://m-bfree.pref.miyazaki.lg.jp/a_map/public/facilityAround/eyJpdiI6Ikg0UStcL2dSK2pnekZsenVtdHFzTDJ3PT0iLCJ2YWx1ZSI6IjA3allleEV3dFVKdFFuR2xXcGNPOGc9PSIsIm1hYyI6Ijg2MWI5M2E3Zjg3ZmQ3MGEwN2IwY2UyYjc3MmYyNDc2MmQ0MGM5M2M2MDM5Yjg5ODFjOWZmZWNiNzYzMjlhZDIifQ==,,F000159,男女共用トイレあり | 緊急通報装置あり | 調査日=2019-11-07,
45,宮崎県,45341,三股町,,たでいけ 至福の園,,,889-1914,三股町大字蓼池3637番地1,31.7624707,131.1131391,http://hara-care.com/,yes,,,,,,,,,,,,,,,,,,,,,,,,,,,,multipurpose_toilet,みやざきアクセシビリティ情報マップ,https://m-bfree.pref.miyazaki.lg.jp/a_map/public/facilityAround/eyJpdiI6InhGRUZ1VlN4Z1BqWEp4eVc4QVdUbGc9PSIsInZhbHVlIjoiK25na2NKc0Nrbnd0Q21BOE96MDVVQT09IiwibWFjIjoiNDI5YTYxMmE5OGI5MGNhZmQ1MTNlNzc0YmQzMDdmOGYyMzkwZjc4M2ZjZjFiZTA1ODM4MGNiMzYzNmRjNWExMyJ9,,F000731,男女共用トイレあり,
45,宮崎県,45206,日向市,,立磐神社,,,889-1111,日向市美々津町3419,32.33842409720808,131.61198132736178,https://www.tateiwajinja.jp/,yes,,美々津重要伝統的建造物群保存地区内（立縫の里バス停前）,,,,,,,,,,,,,,,,,,,,,,,,,,multipurpose_toilet,みやざきアクセシビリティ情報マップ,https://m-bfree.pref.miyazaki.lg.jp/a_map/public/facilityAround/eyJpdiI6IkxwK0JJbEFWK0FPc2dFU241V0E5WHc9PSIsInZhbHVlIjoiSHdHVkx5MHZQUkdObXF0V1liMElsUT09IiwibWFjIjoiOTQxZTIyZDYyMDNlZjkyMWMzOWY4NDIzZTFkMjgyZTgzYzQwNDMwNzUwMmE1ZWMwOWZmZWJmZWYwZmYxMmE5MCJ9,,F002646,男女共用トイレあり | 調査日=2023-02-14,
45,宮崎県,45341,三股町,,田中隆内科,,,889-1912,三股町大字宮村2872-1,31.7262543,131.1014766,https://tanaka-takashi.net/,yes,,１階,,,,,,,,,,,,,,,,,,,,,,,,,,multipurpose_toilet,みやざきアクセシビリティ情報マップ,https://m-bfree.pref.miyazaki.lg.jp/a_map/public/facilityAround/eyJpdiI6Ik85OTZkZ2l4dmUzSVZ5alNMeFYyckE9PSIsInZhbHVlIjoiaEFOZFgyYlwvTzNRTTQxV0QrT2x2dmc9PSIsIm1hYyI6ImFjNzQ5OTUwZWYwZjJlY2Y1ZGI4N2FkNzJhNTVkYWFiZDhlMzc3ZGRjN2FjY2I4ZmM1NzczODc4NzVhMzBiNzIifQ==,,F001051,男女共用トイレあり | 緊急通報装置あり | 調査日=2002-09-05,
45,宮崎県,45201,宮崎市,,医療法人社団田中重治会 たなか内科,,,880-0044,宮崎市大字瓜生野2287-59,31.9687846,131.3857274,,yes,,１階,,,,,,,,,,,,,,,,,,,,,,,,,,multipurpose_toilet,みやざきアクセシビリティ情報マップ,https://m-bfree.pref.miyazaki.lg.jp/a_map/public/facilityAround/eyJpdiI6ImNWaW9peURMRVlIWnZFaFwvZGt4dTVnPT0iLCJ2YWx1ZSI6ImNlYnc2dmR3YkdpNjJSM2trZWoyUEE9PSIsIm1hYyI6IjU4MDE0ZDc1MzI0Mzk4NzgzMTlkNDU2NWY2YjMwYWQ1NzIzZjE0ZDRlNmYyZGI1OWI5M2VhNDcwZmY2NDUyY2IifQ==,,F000868,男女共用トイレあり | 緊急通報装置あり | 調査日=2013-09-04,
45,宮崎県,45421,門川町,,特定医療法人浩洋会 田中病院,,,889-0695,門川町宮ヶ原4丁目80番地,32.4813644,131.6536742,http://tanaka-hp.or.jp/,yes,,１階,,,,,,,,,,,,,,,,,,,,,,,,,,multipurpose_toilet,みやざきアクセシビリティ情報マップ,https://m-bfree.pref.miyazaki.lg.jp/a_map/public/facilityAround/eyJpdiI6InoxVUZFOUw5aDJqazVTV3hEbzNja2c9PSIsInZhbHVlIjoiV1pZZFFETW5kcTVHWFROTlNBeDZudz09IiwibWFjIjoiMGFlZDI4ZDA3OGMwMzIzMDUwZWFhMTBjOTFiZTg1M2U0YTlkN2Q1MzcyNjQ1NGJlYWMxNmMxOWIyNjhkZmRjMiJ9,,F000480,男女共用トイレあり | 緊急通報装置あり | 調査日=2002-09-24,
45,宮崎県,45421,門川町,,田中病院6病棟増築分,,,889-0623,門川町宮ヶ原4丁目80,32.4813644,131.6536742,http://tanaka-hp.or.jp/,yes,,1階,,,,yes,,,,,,,,,,,,,,,,,,,,,,multipurpose_toilet,みやざきアクセシビリティ情報マップ,https://m-bfree.pref.miyazaki.lg.jp/a_map/public/facilityAround/eyJpdiI6ImR5SnJ4dFg0N25SK1dBKzJCXC85czd3PT0iLCJ2YWx1ZSI6IjFsQVAra3JsejFHbGlnVFhvMXRBQ2c9PSIsIm1hYyI6Ijg3ZTRmM2Y5OWIwMmU2MTdkNjY3OGY1YTc5NTNlYzg2ZDgxYjhhMDU3ODU3ODkxYzIyNDJmYmFlMjdmNmE3YWIifQ==,,F000456,男女共用トイレあり | 緊急通報装置あり | 調査日=2006-03-20,
45,宮崎県,45204,日南市,,医療法人 同仁会 谷口病院,,,887-0034,日南市大字風田3861番地,31.6128805,131.4224069,http://www.taniguchi-hospital.jp/,yes,,,,,,,,,,,,,,,,,,,,,,,,,,,,multipurpose_toilet,みやざきアクセシビリティ情報マップ,https://m-bfree.pref.miyazaki.lg.jp/a_map/public/facilityAround/eyJpdiI6IlwvblR6c09QSlhuNVdLM1hUVW5Rb1VRPT0iLCJ2YWx1ZSI6IjJEeEtGSFNPSm9TZGlNdFhySkJ2b0E9PSIsIm1hYyI6ImE1ZjlmNjI0NzE4NmU0NzVlZTc1NTI2NGI2YTljOGYzMmVlMmVhMTdiYjA4ZWU5ZjNjM2E5NmY1ZGQwZTg1ZTkifQ==,,F001475,男女共用トイレあり | 調査日=2013-12-19,
45,宮崎県,45201,宮崎市,,谷之口公民館,,,889-1602,宮崎市清武町大字今泉1214－2,31.8099505,131.3460732,,yes,,,,,,,,,,,,,,,,,,,,,,,,,,,,multipurpose_toilet,みやざきアクセシビリティ情報マップ,https://m-bfree.pref.miyazaki.lg.jp/a_map/public/facilityAround/eyJpdiI6InpTdU5hNkNhdVAyV1lHa0pwbHg2dGc9PSIsInZhbHVlIjoic0hFVWNXM01JTXRRMUJRT0FhZEJ6Zz09IiwibWFjIjoiY2IwZjNiODY4ZTVjMTY4YWYxMTE0ODdjMjg2OTU1ODc5MDJhZjY4Nzg2OGUyMjBmYmFhMzBhMTgyNWFjOGEyNCJ9,,F000683,男女共用トイレあり,
45,宮崎県,45203,延岡市,,谷村病院,,,882-0041,延岡市北小路10-2,32.5853894,131.6656635,,yes,,,,,,yes,,,,,,,,,,,,,,,,,,,,,,multipurpose_toilet,みやざきアクセシビリティ情報マップ,https://m-bfree.pref.miyazaki.lg.jp/a_map/public/facilityAround/eyJpdiI6Im4xXC9EU1FOY1ZhWnFIeGJNc1JiQTB3PT0iLCJ2YWx1ZSI6IkFjbUZrbHlFQnMwZkdkYnNzd290NHc9PSIsIm1hYyI6ImExZGJiODIzMTg2NmM5NDJiYmZiZGZhYjcyNzY5ZTkxNWVjOTg4MjY5NDAxZWQ3Y2FkNWIzOGI1OGU3NWFhZGMifQ==,,F001081,男女共用トイレあり | 調査日=2002-09-06,
45,宮崎県,45201,宮崎市,,田野駅,,,889-1701,宮崎市田野町甲2583,31.838311,131.304346,https://www.jrkyushu.co.jp/railway/station/1191680_1601.html,yes,,駅舎南側（田野駅前広場駐車場）,,,,,,yes,,,,,,,,,,,,,,,,,,,,multipurpose_toilet,みやざきアクセシビリティ情報マップ,https://m-bfree.pref.miyazaki.lg.jp/a_map/public/facilityAround/eyJpdiI6ImlyalhFQmZmTDRnV2VVNlFoamFHWGc9PSIsInZhbHVlIjoiV1NtXC9EMG1ZNXRnNTI0TU1zZEpuamc9PSIsIm1hYyI6ImU2ODlmNTM0ZWFmYTk1ZGU5ZWU0ZWI0MzZiNGVkNGI4MjgwODhjZWRjNmM5YjU4NWU5MDU4YmUzOGMyNjY3MmIifQ==,,F002586,男女別トイレあり | 緊急通報装置あり | 調査日=2022-07-22,
45,宮崎県,45201,宮崎市,,田野地区交流センター北分館,,,889-1702,宮崎市田野町乙10847-1,31.8459532,131.3067727,https://www.city.miyazaki.miyazaki.jp/institution/list/item189/,yes,,,,,,,,,,,,,,,,,,,,,,,,,,,,multipurpose_toilet,みやざきアクセシビリティ情報マップ,https://m-bfree.pref.miyazaki.lg.jp/a_map/public/facilityAround/eyJpdiI6IkZBS2w2VCtWdzBxZmh0Z1NHM0RyMEE9PSIsInZhbHVlIjoiNDVrNDFpcWRkV3VNWlJBR1ptanVQdz09IiwibWFjIjoiMzk1OWFhMzk2MTlhMDVhZTI4MjgxZTI0MmQ0MDA2NzM2MzQzNTQ3NzczYWJjNThjZjQzNzZmNWVhZjM4MGE5MiJ9,,F000323,男女共用トイレあり | 調査日=2010-01-22,
45,宮崎県,45201,宮崎市,,たのし味香房 百彩,,,889-1703,宮崎市田野町あけぼの2丁目4,31.8328164,131.293317,http://www.hyakusai.co.jp/,yes,,,,,,,,,,,,,,,,,,,,,,,,,,,,multipurpose_toilet,みやざきアクセシビリティ情報マップ,https://m-bfree.pref.miyazaki.lg.jp/a_map/public/facilityAround/eyJpdiI6IlJSNit1Mko2YzdCVXp1bGIzeFlBdXc9PSIsInZhbHVlIjoiMTdycENpSGZ6WmlZa29CNW83ckg3Zz09IiwibWFjIjoiOGQ1MTIwMDMyM2EyMDBhZDNhNjIzYzUzZGRiZDViZjIxOTU5MmQwMTVlNWY2OWQ0MWMzMjQ0MzRhZDQwZDFlZSJ9,,F000122,男女共用トイレあり,
45,宮崎県,45201,宮崎市,,田野総合支所,,,889-1701,宮崎市田野町甲2818,31.8391721,131.3010588,https://www.city.miyazaki.miyazaki.jp/branch_office/tano.html,yes,,,,,,,,,,,,,,,,,,,,,,,,,,,,multipurpose_toilet,みやざきアクセシビリティ情報マップ,https://m-bfree.pref.miyazaki.lg.jp/a_map/public/facilityAround/eyJpdiI6IkZRR1h5Y1pEMGFxcGdEc0VpUkZ0WFE9PSIsInZhbHVlIjoiODZNRW5DVU9OWTFSSDNUM0ViRHhRUT09IiwibWFjIjoiZjY2MmU4M2E1ZjdlYWM2NGFjYmNiMzIwMDA1MTJmNTg4ODIyNzE0MGZiMjBhNjIxOTg5YzQ3OTdjZmJkMzg0YyJ9,,F001490,男女共用トイレあり | 調査日=2019-12-04,
45,宮崎県,45201,宮崎市,,田野地区交流センター西分館,,,889-1702,宮崎市田野町乙3533-1,31.8537323,131.2708178,https://www.city.miyazaki.miyazaki.jp/institution/list/item190/,yes,,,,,,,,yes,,,,,,,,,,,,,,,,,,,,multipurpose_toilet,みやざきアクセシビリティ情報マップ,https://m-bfree.pref.miyazaki.lg.jp/a_map/public/facilityAround/eyJpdiI6Im1UbFBUalhsYmUzVTBjbzRpNkkyakE9PSIsInZhbHVlIjoieENLSm9VTE1ack9KWVVUeXFla09xZz09IiwibWFjIjoiNWQ5NjY2MmVhNWE1ODA1MDEyMjUwNGZjNmIzM2E1YmEzNWRlNWU5MTM2MDEwNTU0N2M3ZTk2ZDAzYmJkM2E2YiJ9,,F001287,男女共用トイレあり | 調査日=2010-01-22,
45,宮崎県,45201,宮崎市,,たんぽぽ歯科,,,880-0022,宮崎市大橋3丁目67-1,31.9203323,131.4066153,http://www.tanpopo-shika.com,yes,,,,,,,,,,,,,,,,,,,,,,,,,,,,multipurpose_toilet,みやざきアクセシビリティ情報マップ,https://m-bfree.pref.miyazaki.lg.jp/a_map/public/facilityAround/eyJpdiI6InViQzlxaVBjXC93MzZqaStTKytuTU9RPT0iLCJ2YWx1ZSI6ImpqSDYzQ3JFbmZET2ZBNHNEb3pGcnc9PSIsIm1hYyI6IjlhMGQzNTEyMjYyYWM5ZWJlYjYzYjA5OWIwMTY0MDdkODRjZTJiNmJkNzJhMDIwY2YxOGU1OTI3MmRkZTNiMmYifQ==,,F001001,男女共用トイレあり,
45,宮崎県,45201,宮崎市,,たんぽぽデイサービス,,,880-0951,宮崎市大塚町原ノ前1587－1,31.9201512,131.3969141,,yes,,,,,,,,,,,,,,,,,,,,,,,,,,,,multipurpose_toilet,みやざきアクセシビリティ情報マップ,https://m-bfree.pref.miyazaki.lg.jp/a_map/public/facilityAround/eyJpdiI6IkN4OThhSlwvdGdIRXU5Qk5QY1I2MWNBPT0iLCJ2YWx1ZSI6Ik5RVVhIelwvdG5HR0ptTUxpVkE2RlB3PT0iLCJtYWMiOiI5YmJiZTkyYmRlODQ1ODRiMjNhMzMxNmM0NzBhZmMxZDVkNmU4Mjc1NTA4NDAzMWM4OWM1Nzk2ZjNmOWM2OGQzIn0=,,F000904,男女共用トイレあり | 調査日=2010-09-02,
45,宮崎県,45201,宮崎市,,地域生活支援事業（日中一時）まごころ園,,,880-0841,宮崎市吉村町井出ノ中甲785-3,31.9229015,131.4457076,https://egaonomori.com/magokoroen/,yes,,,,,,,,,,,,,,,,,,,,,,,,,,,,multipurpose_toilet,みやざきアクセシビリティ情報マップ,https://m-bfree.pref.miyazaki.lg.jp/a_map/public/facilityAround/eyJpdiI6IlY0YUhsT1dUTnladUFjRGtxOUtmTnc9PSIsInZhbHVlIjoiMjZHaU5WTjE1M2hUNWw1YlNlWmdoUT09IiwibWFjIjoiN2ViOWI1NTMzY2NjNmRiNTBjNGE4NTUyNzVhMTNhMWNlNTkzYTAwOTMyZmU4Nzg2MGQzZDg5Mzk0YzNkNmM5MSJ9,,F001139,男女共用トイレあり | 調査日=2019-11-24,
45,宮崎県,45201,宮崎市,,地域生活支援センターすみよし,,,880-0121,宮崎市大字島之内字馬出7217-1,31.988236,131.452989,http://www.seiju-kai.jp/,yes,,,,,,,,,,,,,,,,,,,,,,,,,,,,multipurpose_toilet,みやざきアクセシビリティ情報マップ,https://m-bfree.pref.miyazaki.lg.jp/a_map/public/facilityAround/eyJpdiI6IlBKOXZLK0NyK1RUT0txSU9zMDVHSEE9PSIsInZhbHVlIjoiWkR2RE9ucGZBOUROV2tlVmppOCs4QT09IiwibWFjIjoiOGVjYmJiODMxYmRjYjdmN2Q2YWU3NmM0NDdlYmM3NjE5ODI1MmU2YmYwYmIzZGYyZmFmM2JhNTA3NWM5MDRjMiJ9,,F000360,男女共用トイレあり,
45,宮崎県,45208,西都市,,地域密着型 特別養護老人ホーム 妻の杜,,,881-0033,西都市妻１６８０番地１,32.10509,131.4003,https://www.tsubasa-f.or.jp/tsumanomori/,yes,,1階 出入口から10ｍ,,,,yes,,yes,,yes,,,,,,,,,,,,,,,,,,multipurpose_toilet,みやざきアクセシビリティ情報マップ,https://m-bfree.pref.miyazaki.lg.jp/a_map/public/facilityAround/eyJpdiI6IjJseTJyZ1ZXT25tbkZvM3hkcFwvMGx3PT0iLCJ2YWx1ZSI6Im9wSUlOUG94c1ZzUlBsQzZUOWV2Vnc9PSIsIm1hYyI6IjA0Y2RkMmE5NDQzNTNjYTE0ZjcyN2Y3Yzc1OGQ3MjAyYWNhM2M1MzQ5YWZlYzgzN2Q5M2YxMTA2ODU2MzQ1ZjEifQ==,,F002794,男女共用トイレあり | 緊急通報装置あり | 調査日=2024-10-28,
45,宮崎県,45201,宮崎市,,地域密着型サービスシルヴァーリージャ,,,880-2161,宮崎市大字加江田字曽山寺4540-3,31.8133445,131.448362,http://www.aisinfukusikai.jp/original6.html,yes,,,,,,,,,,,,,,,,,,,,,,,,,,,,multipurpose_toilet,みやざきアクセシビリティ情報マップ,https://m-bfree.pref.miyazaki.lg.jp/a_map/public/facilityAround/eyJpdiI6IkJrUHZXR3NaUVJGRTJWVEJjbGF1enc9PSIsInZhbHVlIjoiMzFWZk9sdVNxbTI5b1RzZGltemJzZz09IiwibWFjIjoiMDdhY2NhMzU1MzgwNTU5Yjc2M2MwNjQxNDE1NDUyMTQ3MGM0MWEwOTE2ZTEwN2NhZmIzYTJkZjA5M2M0ZDZjMCJ9,,F001149,男女共用トイレあり,
45,宮崎県,45201,宮崎市,,近間病院,,,880-0836,宮崎市山崎町965番地6,31.9472294,131.4587822,http://www.chikama-hp.jp/,yes,,１階,,,,yes,,,,,,,,,,,,,,,,,,,,,,multipurpose_toilet,みやざきアクセシビリティ情報マップ,https://m-bfree.pref.miyazaki.lg.jp/a_map/public/facilityAround/eyJpdiI6IktuZDZWRWdRNGZ6ZU5XUWpFWVFPXC9RPT0iLCJ2YWx1ZSI6IkMyNTFCUTFuSVwvT0xTWDh1b2phVXlBPT0iLCJtYWMiOiJhYmZhMGE1OTRhMGY1NTE3NmVhZDU0ZDFhM2VlNDUxZTZlODM3NDJlZmFhYmZmMThmY2U1ZDIxN2JiNDg1NjUyIn0=,,F000068,男女共用トイレあり | 緊急通報装置あり | 調査日=2009-11-30,
45,宮崎県,45201,宮崎市,,ちどり子ども園,,,880-0005,宮崎市南高松町2丁目37,31.91454,131.4167402,https://m-chidori.or.jp/chidori/,yes,,,,,,yes,,,,yes,yes,,,,,,,,,,,,,,,,,multipurpose_toilet,みやざきアクセシビリティ情報マップ,https://m-bfree.pref.miyazaki.lg.jp/a_map/public/facilityAround/eyJpdiI6IlwvU0lIOHFnQjhTTk94TmZHVnhpWU93PT0iLCJ2YWx1ZSI6InAwZzBlWlRlYit1THZtMHJkTFwvaVdBPT0iLCJtYWMiOiIwOGFlNGY0YzAzNWNkNGQzMjQyOTYwN2MwODk0YjY2ZDM1OTVmZDU1NzQxMjI4N2Q5ZmY3Mzg4NDI4NTA3OWM0In0=,,F001484,男女共用トイレあり | 緊急通報装置あり | 調査日=2019-11-12,
45,宮崎県,45202,都城市,,中央公民館,,,885-0073,都城市姫城町7-8,31.7196392,131.0629536,,yes,,１階,,,,,,,,,,,,,,,,,,,,,,,,,,multipurpose_toilet,みやざきアクセシビリティ情報マップ,https://m-bfree.pref.miyazaki.lg.jp/a_map/public/facilityAround/eyJpdiI6InZWMHBEQ3d6WjVEK3VcL2FVTzVLMkl3PT0iLCJ2YWx1ZSI6ImFkZlJSdFA0NGFRdzl1SjEyU1wvVTlBPT0iLCJtYWMiOiI1ZmVhMWZkN2NiOTNmYjE4YzJlYWFlYmE3MGE3MDJjOWUzYjhiZDJhZDhlNGQ3MWIxMmM5YWFjZDkwYzU5OTFiIn0=,,F000672,男女別トイレあり | 緊急通報装置あり | 調査日=2002-09-10,
45,宮崎県,45209,えびの市,,中華料理 正一,,,889-4301,えびの市大字原田79,32.048716,130.867259,,yes,,女性用と併用,,,,yes,,,,yes,,,,,,,,,,,,,,,,,,multipurpose_toilet,みやざきアクセシビリティ情報マップ,https://m-bfree.pref.miyazaki.lg.jp/a_map/public/facilityAround/eyJpdiI6InRPNkZ4bXd6V1dlTFRvXC95M1VjMUpRPT0iLCJ2YWx1ZSI6Ijl6UmhQMWJyWG5TTEdWR3BYRmVKR2c9PSIsIm1hYyI6IjA0YmU3MmQyOGRmMDdmZjgwNDIzNzYwMzMxY2Y4NmVkMmU0NGVlOTk4M2ViNDM5ZTg0NjFmMDE0ZWVhZTBmNmIifQ==,,F002408,男女別トイレあり | 調査日=2019-12-17,
45,宮崎県,45201,宮崎市,,中部教育事務所,,,880-0027,宮崎市西池町12－6,31.9221462,131.4203235,,yes,,１階,,,,,,,,,,,,,,,,,,,,,,,,,,multipurpose_toilet,みやざきアクセシビリティ情報マップ,https://m-bfree.pref.miyazaki.lg.jp/a_map/public/facilityAround/eyJpdiI6InBFMm55UnptWlNKd2RuRjBiQmh2OGc9PSIsInZhbHVlIjoielZKbjliNFlacnVTK3VmQjIxditpdz09IiwibWFjIjoiNmUyNGI1NTE3YmIzZTNiYWQ1Nzg0YWM4Yjc5NGVkY2U3NjJkZjUzNjI4MmJiZmU3ODRmNzgxNWE3YzZjZGU5ZSJ9,,F000143,男女共用トイレあり | 緊急通報装置あり | 調査日=2013-09-01,
45,宮崎県,45201,宮崎市,,長生園デイサービスセンター,,,880-0836,宮崎市山崎町浜川37,31.9572907,131.4651617,http://www.choseien.jp/,yes,,,,,,yes,,,,,,,,,,,,,,,,,,,,,,multipurpose_toilet,みやざきアクセシビリティ情報マップ,https://m-bfree.pref.miyazaki.lg.jp/a_map/public/facilityAround/eyJpdiI6IllPanBmXC8zR1dMQ3lsK1dsdUVvV0pRPT0iLCJ2YWx1ZSI6Ijh5MnJTdUFKUElsVEd4a1hyZkYwWnc9PSIsIm1hYyI6IjI5OWI3Y2Q4NGNmNWQ3NzYwYmQyYzM2NGMzNjU0ZDY1OWE2MDllNTgwMmY2NjQxYzgyZGM2MDg0YWE1NzBmZTkifQ==,,F000933,男女共用トイレあり | 調査日=2019-09-01,
45,宮崎県,45202,都城市,,通所生活介護事業所 乙房苑,,,885-0112,都城市乙房町2191-3 乙房苑,31.7661998,131.048888,https://syoureikai.jp/otobouen,yes,,,,,,,,,,,,,,,,,,,,,,,,,,,,multipurpose_toilet,みやざきアクセシビリティ情報マップ,https://m-bfree.pref.miyazaki.lg.jp/a_map/public/facilityAround/eyJpdiI6IjVIOHFCZmdtV2NKcXNnYXpibTN3bGc9PSIsInZhbHVlIjoibXRXYm1FbllEUmhySTJKdHdnZUhYdz09IiwibWFjIjoiOTRhNzZkZGIxNjMzNTcwNTZkOWMwZjJiYzJlZDE5NzQ4MzA3MDI5ZTZkMDhlNzcyZjJiODBhNjFjOGU0ODgxNCJ9,,F001395,男女別トイレあり | 調査日=2013-09-03,
45,宮崎県,45201,宮崎市,,月見が丘クリニック,,,880-0926,宮崎市月見ケ丘2丁目5-1,31.8804598,131.4208946,,yes,,,,,,,,,,,,,,,,,,,,,,,,,,,,multipurpose_toilet,みやざきアクセシビリティ情報マップ,https://m-bfree.pref.miyazaki.lg.jp/a_map/public/facilityAround/eyJpdiI6InVlZzhkckU1citWWlFuK0NZTGpYWWc9PSIsInZhbHVlIjoibEdpUGN0Y3UxdGRRTG1MUXVENlNIZz09IiwibWFjIjoiNzg2NzViNDRjNjMzMjYxNzQyMGNmOTg5NGM2NWMzMDU4NzQxOGIwYWI5YTM0NjRmYWI4MjlhOWRjMGI5ZWE5NSJ9,,F001822,男女共用トイレあり,
45,宮崎県,45201,宮崎市,,月見ヶ丘ふれあい広場トイレ,,,880-0926,宮崎市月見ヶ丘4丁目27-9,31.8776227,131.4174981,,yes,,,,,,,,,,,,,,,,,,,,,,,,,,,,multipurpose_toilet,みやざきアクセシビリティ情報マップ,https://m-bfree.pref.miyazaki.lg.jp/a_map/public/facilityAround/eyJpdiI6IkdIK2hHVVcxY3BtclpjVVRJN2JsakE9PSIsInZhbHVlIjoidW5qQnFqTmlWQjRoXC9qNjZ5Q0ZKUGc9PSIsIm1hYyI6ImU0MGQ5Y2ZlMjU2OGIyMWQyZDIwMDM5NjgyMWNjZTczZjk1YjQ0YzJjMTJlZTFmODQyMzY2MDI0NTVlOWY2Y2UifQ==,,F001969,男女共用トイレあり | 緊急通報装置あり | 調査日=2019-12-09,
45,宮崎県,45201,宮崎市,,辻原はり灸院,,,880-0921,宮崎市大字本郷南方字牧原4071,31.8605136,131.4387484,,yes,,,,,,,,,,,,,,,,,,,,,,,,,,,,multipurpose_toilet,みやざきアクセシビリティ情報マップ,https://m-bfree.pref.miyazaki.lg.jp/a_map/public/facilityAround/eyJpdiI6ImZGZU5sbFQ3RWVRb2ZoYW5vM3RmRGc9PSIsInZhbHVlIjoiVUtUbjhoVnNWTm51SWJaSzZXcE1BZz09IiwibWFjIjoiMzNmNTI1NzgyNzkyYjNkZDA2YTViNTAxMzgwZDdiOTBhM2FjMmM4ZDBhNWEyYzcyYzMzNzI1NWM4NDZlNzljOCJ9,,F001117,男女共用トイレあり | 調査日=2010-01-28,
45,宮崎県,45201,宮崎市,,TSUTAYA AVクラブ大塚台店,,,880-0951,宮崎市大塚町池ノ内1127番地7,31.9258975,131.3901681,https://store-tsutaya.tsite.jp/storelocator/detail/8302.html,yes,,,,,,,,,,,,,,,,,,,,,,,,,,,,multipurpose_toilet,みやざきアクセシビリティ情報マップ,https://m-bfree.pref.miyazaki.lg.jp/a_map/public/facilityAround/eyJpdiI6ImxkbjlkNzExa09KS1wvZitoM0tQc0pnPT0iLCJ2YWx1ZSI6IkxsRzA3bGlZa2RKOVppdnFEenMxc1E9PSIsIm1hYyI6IjMwNjVmMTJmNGIxNzFiMmJiN2VkMjc4YWE0N2VhOTc0Y2I2M2NlYjJlYTc3NTI2OWY2OTE1NmRmNWM4NGRhMzUifQ==,,F000604,男女共用トイレあり | 調査日=2019-11-18,
45,宮崎県,45206,日向市,,医療法人 真和会 土田歯科医院,,,883-0014,日向市原町2丁目7-5,32.422946,131.6302552,http://www.tsuchida-dental-office.com/,yes,,１階,,,,yes,,,,,,,,,,,,,,,,,,,,,,multipurpose_toilet,みやざきアクセシビリティ情報マップ,https://m-bfree.pref.miyazaki.lg.jp/a_map/public/facilityAround/eyJpdiI6IlBZalpDaE9OSUJNTlB0YzlyTzlMNEE9PSIsInZhbHVlIjoiUVFkR2c3TzVjcWZNeFBER0RvSlFqZz09IiwibWFjIjoiOTVhZjExN2UwNWE1MjYxNzVjZTc3MDczNzcyZTUwM2RkNWExMDZiM2Q2ZjVlMDBmMjhmNGJlNzcwYTY0M2YxYiJ9,,F000345,男女共用トイレあり | 緊急通報装置あり | 調査日=2019-12-09,
45,宮崎県,45201,宮崎市,,恒久児童館,,,880-0913,宮崎市恒久2丁目16番地4,31.8940787,131.4255158,https://www.city.miyazaki.miyazaki.jp/institution/list/item528/,yes,,,,,,,,,,,,,,,,,,,,,,,,,,,,multipurpose_toilet,みやざきアクセシビリティ情報マップ,https://m-bfree.pref.miyazaki.lg.jp/a_map/public/facilityAround/eyJpdiI6IkljSkNsaUZwVjEyaHQyUTNFNnRXcGc9PSIsInZhbHVlIjoiS05mUURCSkkxSmFiQlBlSVhhekFnZz09IiwibWFjIjoiZDdkNGU5MDFlZDdhNDMwMzBhYzg2YmE5ZTUyZjM1NjRlM2MzYzAxNzQ1MTVkODBkMmQ1N2NmYjdkMjZiMjQzOCJ9,,F001400,男女共用トイレあり | 調査日=2014-03-11,
45,宮崎県,45406,都農町,,都農駅,,,889-1201,都農町大字川北3604-7,32.250865,131.568064,https://www.jrkyushu.co.jp/railway/station/1191708_1601.html,yes,,駅舎南,,,,yes,,yes,,,yes,,,,,,,,,,,,,,,,,multipurpose_toilet,みやざきアクセシビリティ情報マップ,https://m-bfree.pref.miyazaki.lg.jp/a_map/public/facilityAround/eyJpdiI6InBqTlJFZGFmNElJTzdoQ1B2SjZcL1hnPT0iLCJ2YWx1ZSI6IjdrUjJBRDI0NXl2bmFnK05SYlJcL1hRPT0iLCJtYWMiOiIyZDA4ZmI5MzU0NDRhMDJmZGI1MTlhMTZiYmI2YmJmZDMyZjlhMjAwM2U0MWMyNWQyYTBhNzQ3NTMxOTQ1ZjBlIn0=,,F002581,男女共用トイレあり | 調査日=2022-07-06,
45,宮崎県,45203,延岡市,,津野田歯科医院,,,882-0874,延岡市伊達町3丁目71番地,32.56067,131.6760473,,yes,,１階,,,,yes,,,,,,,,,,,,,,,,,,,,,,multipurpose_toilet,みやざきアクセシビリティ情報マップ,https://m-bfree.pref.miyazaki.lg.jp/a_map/public/facilityAround/eyJpdiI6IkVlRzhzNXk2ZW5Od08xb2FOSnNMeUE9PSIsInZhbHVlIjoiYWkxXC93YTVaOHBiMGNHNG45eXZEWEE9PSIsIm1hYyI6ImE3N2RjMmI2Y2NmOWEzYWZhMzk5OTExMmU2NzZiYWQwZjUzY2Q1ZDdhNGQwYWM2YzJhNGM1NDFkOTJlYTIzYzIifQ==,,F001369,男女共用トイレあり | 緊急通報装置あり | 調査日=2019-11-14,
45,宮崎県,45406,都農町,,都農町健康管理センター,,,889-1201,都農町大字川北5164番地,32.2601627,131.5550093,https://www.town.tsuno.lg.jp/display.php?plist=13,yes,,１階,,,,,,,,,,,,,,,,,,,,,,,,,,multipurpose_toilet,みやざきアクセシビリティ情報マップ,https://m-bfree.pref.miyazaki.lg.jp/a_map/public/facilityAround/eyJpdiI6IjJUMWp2UFZKU3FvWVRDNHhOVzQ0c0E9PSIsInZhbHVlIjoick5tcmRJUlR6alpuZTN1XC8xeDNlWEE9PSIsIm1hYyI6Ijc0NWZlOTlkYTFiY2IwNTQwNTc2YjBmZjFhYzAxY2M3ZTgzNWRmYWNjZjhiMjczYjNlYTgzYzI1YjRiMDA2M2MifQ==,,F000997,男女共用トイレあり | 緊急通報装置あり | 調査日=2019-11-19,
45,宮崎県,45406,都農町,,都農町国民健康保険病院,,,889-1201,都農町大字川北5202,32.2598902,131.553786,http://www.tsuno-hsp.jp/,yes,,１階,,,,,,,,,,,,,,,,,,,,,,,,,,multipurpose_toilet,みやざきアクセシビリティ情報マップ,https://m-bfree.pref.miyazaki.lg.jp/a_map/public/facilityAround/eyJpdiI6IlFJRXB0YUNzNXBhek5RRjNlRU9oZmc9PSIsInZhbHVlIjoiaUY4b1pGXC9LRmlLQU1MU2k2NVorcHc9PSIsIm1hYyI6IjE2NzA2YmYxMWNmMDdmNDUxOGE1OGFlYWY5MDA4MjY2MDcxNjg4NjcwODI4NjM4NWYzMzFhYTdiMThmYzQ3NWMifQ==,,F000501,男女別トイレあり | 緊急通報装置あり,
45,宮崎県,45406,都農町,,都農町民図書館,,,889-1201,都農町大字川北5448-2,32.2583928,131.5574185,http://www.tsuno-lib.jp/,yes,,１階,,,,,,,,,,,,,,,,,,,,,,,,,,multipurpose_toilet,みやざきアクセシビリティ情報マップ,https://m-bfree.pref.miyazaki.lg.jp/a_map/public/facilityAround/eyJpdiI6IkpYT09GRnZxZndlV1VkU1RpSXVPWGc9PSIsInZhbHVlIjoiRTdUNzE0VExqeVFXUHBDb2ZwTFRsUT09IiwibWFjIjoiMGJhMGVkNWU5ZTkxNWZkZDAwNWRkZWNlZGIwNjRiMTljOWM0Njc4NzNkODRmZTc1YjU3MDJlOWIyOGJkYjQ3ZiJ9,,F001670,男女共用トイレあり | 緊急通報装置あり | 調査日=2019-11-21,
45,宮崎県,45406,都農町,,都農町役場,,,889-1201,都農町大字川北4874-2,32.2569751,131.5599547,https://www.town.tsuno.lg.jp/,yes,,１階,,,,,,,,,,,,,,,,,,,,,,,,,,multipurpose_toilet,みやざきアクセシビリティ情報マップ,https://m-bfree.pref.miyazaki.lg.jp/a_map/public/facilityAround/eyJpdiI6Ik9QeWNSc2wxNnppdFdcL1ZEQnZrSVh3PT0iLCJ2YWx1ZSI6IjBqM1c2aVgxT05vVVZYODF0XC92OXZRPT0iLCJtYWMiOiIxOTQ3MDQ0ZDQ0N2ZlNTViM2FmY2JkNzg1OTJjMTUzNDRjY2ZkNDA1NWM1OTFhNjAwNWI3Mjg2N2IwODc1ZjI1In0=,,F000502,男女共用トイレあり | 緊急通報装置あり | 調査日=2013-09-05,
45,宮崎県,45406,都農町,,都農町立養護老人ホーム愛寿園,,,889-1201,都農町大字川北11592番地1,32.2702698,131.5519089,,yes,,,,,,yes,,,,,,,,,,,,,,,,,,,,,,multipurpose_toilet,みやざきアクセシビリティ情報マップ,https://m-bfree.pref.miyazaki.lg.jp/a_map/public/facilityAround/eyJpdiI6IklEWDJcL3pqNHFiWjVGMUJpMFp3eWtRPT0iLCJ2YWx1ZSI6InRTNU1pdWZackRIWjZHTXJNdENYcGc9PSIsIm1hYyI6ImNhNWExOTRkMzdhZWQ2ZjNkYjlkZjkzMTcwZTE5OTM4ZGE2NjYwZmQ3ZDIwMjQ1ZTc0Mjg1YzBhNjg1ZWI1OTMifQ==,,F001669,男女共用トイレあり | 調査日=2019-11-15,
45,宮崎県,45406,都農町,,都農ワイナリー,,,889-1201,都農町大字川北14609-20,32.2757517,131.5522938,http://www.tsunowine.com/,yes,,一般トイレの左側 / 一般トイレの右側,,,,yes,yes,yes,,yes,yes,,,,,,,,,,,,,,,,,multipurpose_toilet,みやざきアクセシビリティ情報マップ,https://m-bfree.pref.miyazaki.lg.jp/a_map/public/facilityAround/eyJpdiI6Ikkra1A5Z3RsMTdLYU4xYlR6N3BzNHc9PSIsInZhbHVlIjoiU0pIbFwvd0FvR2trMFhkSVJEM2hwSUE9PSIsIm1hYyI6ImE2ZWQxZjYyZmRkMTI1NmJiOTc5MTBjMTIzYzBlMDE2ZDViZjFkMGQ5YTI0NDBiM2Q4MTJhOWQzZjEzYzQyNDYifQ==,,F001546,男女共用トイレあり | 緊急通報装置あり | 調査日=2024-12-03,
45,宮崎県,45208,西都市,,妻湯温泉,,,881-0023,西都市調殿687-5,32.118426,131.412339,https://tsumayu.com/,yes,,レストラン入口手前右側に１か所、男女浴場内に各１か所。,,,,yes,,yes,,yes,yes,,,,,,,,,,,,,,,,,multipurpose_toilet,みやざきアクセシビリティ情報マップ,https://m-bfree.pref.miyazaki.lg.jp/a_map/public/facilityAround/eyJpdiI6IkxcL21lSkVWYnhkZnZqaUtXZEZwZGVBPT0iLCJ2YWx1ZSI6ImtyXC9zNHpSczJmYk5Nc2dQTEdcL1VyUT09IiwibWFjIjoiNWVjM2ZmZmY0ODhiYjhlYWFkZjYyODczOTc1ZWQ3YTZiN2RjYWI2YTc5YjJlZWI2OGM2MWU4MmU0MDIwMjJhOSJ9,,F002124,男女共用トイレあり | 男女別トイレあり | 緊急通報装置あり | 着替え台あり | 調査日=2019-10-04,
45,宮崎県,45208,西都市,,医療法人隆徳会鶴田クリニック,,,881-0016,西都市御舟町1丁目55番地,32.110976,131.403572,http://www.ryutoku.or.jp/,yes,,２階 / １階,,,,yes,,yes,,,,,,,,,,,,,,,,,,,,multipurpose_toilet,みやざきアクセシビリティ情報マップ,https://m-bfree.pref.miyazaki.lg.jp/a_map/public/facilityAround/eyJpdiI6Ik82ditMR2xJd2p6bjM4QXpYVWpLbUE9PSIsInZhbHVlIjoiZEh1RXhRUlNzaGlFOWdrVFFtSmNRdz09IiwibWFjIjoiZjIwY2MxOTk3NThmMjRlNDQ2Y2E1YjM5MzY2ODVlNjQ3MmY4ZmRlZGRjYTUyZWY0ZGIzOTU4YWQwNzQ1ZjE4MSJ9,,F000801,男女共用トイレあり | 緊急通報装置あり | 調査日=2019-11-12,
45,宮崎県,45208,西都市,,医療法人隆徳会鶴田病院,,,881-0016,西都市御舟町1丁目78番地,32.110579,131.40378,http://www.ryutoku.or.jp/tsuruta-hospital/,yes,,１階,,,,yes,,,,,,,,,,,,,,,,,,,,,,multipurpose_toilet,みやざきアクセシビリティ情報マップ,https://m-bfree.pref.miyazaki.lg.jp/a_map/public/facilityAround/eyJpdiI6IlF4OW8zK1dZNWUzRTR1Uiswa2hHcFE9PSIsInZhbHVlIjoiSXFadUVybG1cL2ljNFdpUVZEYUZmMHc9PSIsIm1hYyI6IjdlZWU2MTIyNjNmMzdjOGRjOGUxNTk5YTViMGJlNzU4YWYzNTAzOWFiOTQ5YjVkYjFmNmMwMTE3OTVhNGU0ZDgifQ==,,F000794,男女共用トイレあり | 緊急通報装置あり | 調査日=2019-11-12,
45,宮崎県,45201,宮崎市,,津和田ふれあい広場トイレ,,,880-0925,宮崎市大字本郷北方2018-1,31.8728378,131.4224789,,yes,,,,,,,,,,,,,,,,,,,,,,,,,,,,multipurpose_toilet,みやざきアクセシビリティ情報マップ,https://m-bfree.pref.miyazaki.lg.jp/a_map/public/facilityAround/eyJpdiI6InVGNk92b2FQNWU0UDVvMGxzY2xkaVE9PSIsInZhbHVlIjoiUWRqQWM1d1U1QlFMbTZBZTAxcFR6UT09IiwibWFjIjoiOWJjZDU4NmUyY2NlNTExNzRkZTM0OWYzYjIzNGY3OGNhZmJlYmI3OWNmY2JhNmIwYmFhOGRlMzNkM2JiMDI0ZSJ9,,F001965,男女共用トイレあり | 緊急通報装置あり | 調査日=2019-12-09,
45,宮崎県,45201,宮崎市,,ＤＩＹホームセンターハンズマン柳丸店,,,880-0844,宮崎市柳丸町143-2,31.9271228,131.4356208,,yes,,1階,,,,,,,,,,,,,,,,,,,,,,,,,,multipurpose_toilet,みやざきアクセシビリティ情報マップ,https://m-bfree.pref.miyazaki.lg.jp/a_map/public/facilityAround/eyJpdiI6Imp2SjFKb3J5MGdCU0dGZ2Q5Mldzc0E9PSIsInZhbHVlIjoiNDljV1d1bnMyYVwvT2JrSk9Yb0wwVmc9PSIsIm1hYyI6IjE0ODIzY2E4NDZjNjBmMDIxOTc5MjdlNGU3ZGM2YTU3ZTQyMDZjNTQxZmNmMzg5MWVlODg5NDA5MjJlNWEzMDMifQ==,,F000469,男女共用トイレあり | 緊急通報装置あり | 調査日=2013-09-13,
45,宮崎県,45201,宮崎市,,デイサービス すずらん,,,889-1607,宮崎市清武町加納2丁目51－1,31.872042,131.3980582,https://itp.ne.jp/info/457020422500000899/,yes,,,,,,,,,,,,,,,,,,,,,,,,,,,,multipurpose_toilet,みやざきアクセシビリティ情報マップ,https://m-bfree.pref.miyazaki.lg.jp/a_map/public/facilityAround/eyJpdiI6IkJGUHRvd2s5VCs1N251TkFYS3ZvbWc9PSIsInZhbHVlIjoiXC9xN3FZY3Z1bWwzako4SG5xeDFpQkE9PSIsIm1hYyI6IjM5YTQ2NDgxNzUxMTQ2N2QzNzAyNWZjODE2YjMyMjBmNTdlYWQ1NTNiMDhhMjJiMjI2Njk0MDhiNTI0NTk2YzQifQ==,,F000560,男女共用トイレあり,
45,宮崎県,45201,宮崎市,,デイサービス自由が丘・グループホーム自由ヶ丘,,,880-0841,宮崎市吉村町井手ノ中甲793番1,31.9231631,131.4437144,,yes,,,,,,,,,,,,,,,,,,,,,,,,,,,,multipurpose_toilet,みやざきアクセシビリティ情報マップ,https://m-bfree.pref.miyazaki.lg.jp/a_map/public/facilityAround/eyJpdiI6IitkZEFKTzhFRExiQzhJa3FPUzNZd0E9PSIsInZhbHVlIjoiY0tpZTBTV2ZNSnVGTFR1Wmg0c0pkQT09IiwibWFjIjoiZWZjNGQ2NWU4ZmI1Y2ZjZmVkZjU5ODM2MjMxN2VhNWYzNjc2ODJiY2U5ZDU2OTE3ZjFjYWIwMjViOTZmY2YzNiJ9,,F000415,男女共用トイレあり | 調査日=2009-10-30,
45,宮崎県,45201,宮崎市,,デイサービスこの気なんの気,,,880-0921,宮崎市大字本郷南方5468-82,31.8655502,131.4264688,,yes,,,,,,,,,,,,,,,,,,,,,,,,,,,,multipurpose_toilet,みやざきアクセシビリティ情報マップ,https://m-bfree.pref.miyazaki.lg.jp/a_map/public/facilityAround/eyJpdiI6ImZXbkdQd1I0d3hEV1NwbkFUTFNUYnc9PSIsInZhbHVlIjoiYVpkTHdiVWg4ekozbGo1SVpwckFKQT09IiwibWFjIjoiMzhhNDgwNDZiZjEwMGFhYmM2OTExNzhjNzE4YzQxMTdhNjg3ZGMxNmZlZGRkOTA3YWJjYTJhMzc3NjZhYjFmNiJ9,,F000455,男女共用トイレあり | 調査日=2013-08-31,
45,宮崎県,45201,宮崎市,,（株）東雲 デイサービスしののめ,,,889-2154,宮崎市学園木花台桜1丁目8－10,31.8266019,131.4204447,,yes,,,,,,,,,,,,,,,,,,,,,,,,,,,,multipurpose_toilet,みやざきアクセシビリティ情報マップ,https://m-bfree.pref.miyazaki.lg.jp/a_map/public/facilityAround/eyJpdiI6Ijg1XC8zbGpTZXJBZDJWNXpleGRPMXJBPT0iLCJ2YWx1ZSI6IlhkckhzUGJySmZlZk9MVnlPK3Q2Mnc9PSIsIm1hYyI6ImMwZjdkODNiZTczNGIzOTYyNjMyZDA1YzEwYjUxMWUxNjQ5ZjU0ZTQyZjM5YWVhODc1YTQwM2NkNjc0OGU2ZDMifQ==,,F001679,男女共用トイレあり,
45,宮崎県,45201,宮崎市,,デイサービスセンターはくじゅ,,,880-0911,宮崎市大字田吉字東前島2478番1,31.8896447,131.45295,http://www.day-hakuju.jp/,yes,,,,,,,,,,,,,,,,,,,,,,,,,,,,multipurpose_toilet,みやざきアクセシビリティ情報マップ,https://m-bfree.pref.miyazaki.lg.jp/a_map/public/facilityAround/eyJpdiI6IlB6ZnpSU3IrRTZXK0RJZ0EwTU91U0E9PSIsInZhbHVlIjoiQmJBYk1sNXYrN09DaitSZFNEMFcydz09IiwibWFjIjoiNDMyMzNjNTY0YmNhNmQxOWE0MDk4NDJmZTg3N2NlMzRhZDZiZDhkOWVjZmE1OTJjMTlkYzhmYWNkMTc3MDc1YiJ9,,F000628,男女共用トイレあり,
45,宮崎県,45201,宮崎市,,デイサービスセンターはまゆう有料老人ホーム,,,880-2214,宮崎市高岡町小山田字八久保212-5,31.9309708,131.3317383,http://www.hamayuu.com/,yes,,１階,,,,yes,,,,,,,,,,,,,,,,,,,,,,multipurpose_toilet,みやざきアクセシビリティ情報マップ,https://m-bfree.pref.miyazaki.lg.jp/a_map/public/facilityAround/eyJpdiI6IllTaDI0NVRhXC9iRGJLWVEwM2IwR1B3PT0iLCJ2YWx1ZSI6IkgrQjVsVThvcWRTbEpsclN0alM5d1E9PSIsIm1hYyI6ImVkNzk5ZTE5NTk5ZDliMjQ5NDg5ZjA2Yjc0NmIwOWQ5NmYwODU1OGRjOGYyYTY2ZGVkZmVjZWJlODA5OWY5OWQifQ==,,F001536,男女共用トイレあり | 緊急通報装置あり,
45,宮崎県,45201,宮崎市,,デイサービスセンタービオラ,,,880-0035,宮崎市下北方町常盤元997番地1,31.9420694,131.4260077,http://www.keimeisw.or.jp/viola/,yes,,,,,,,,yes,,,,,,,,,,,,,,,,,,,,multipurpose_toilet,みやざきアクセシビリティ情報マップ,https://m-bfree.pref.miyazaki.lg.jp/a_map/public/facilityAround/eyJpdiI6IkNmQ2ZNamR0UlNESUxwWTRBXC9TNUFBPT0iLCJ2YWx1ZSI6ImVsZlhBcGlpR3JHWHk2WFdKUGdTd0E9PSIsIm1hYyI6IjMwZTg0NTNhZDM5MTQ3Y2VkZGI3ZTFhMmMyZjA0MTBkZGI4NDE5ODg0NzE0OWExOTU2NDE2OGZiNWVhY2NhZjEifQ==,,F001728,男女共用トイレあり,
45,宮崎県,45201,宮崎市,,デイサービスつばめ・ヘルパーステーションつばめ,,,880-0841,宮崎市吉村町江田原甲177-1の一部 他,31.9320106,131.4417294,,yes,,,,,,,,,,,,,,,,,,,,,,,,,,,,multipurpose_toilet,みやざきアクセシビリティ情報マップ,https://m-bfree.pref.miyazaki.lg.jp/a_map/public/facilityAround/eyJpdiI6IkFROXM2cmVEdEpMQXV5SWZwcjBBbUE9PSIsInZhbHVlIjoiRjJNYmFXVFhBOXZHM0tqa08xRWNOUT09IiwibWFjIjoiMGVkYzEwNGFkYmQzYjM1M2EzNWIzMjJiYzc5NTk4MDVlMDQ0N2NmOGRlYmI0NjhkZjYwOTlmNmFmOTdiMjliOCJ9,,F001809,男女共用トイレあり,
45,宮崎県,45201,宮崎市,,財団法人 弘潤会 デイサービスはつらつ佐土原,,,880-0211,宮崎市佐土原町下田島9604－1,32.0275656,131.4751117,http://www.koujunkai.jp/hatsuratsu/,yes,,,,,,,,,,,,,,,,,,,,,,,,,,,,multipurpose_toilet,みやざきアクセシビリティ情報マップ,https://m-bfree.pref.miyazaki.lg.jp/a_map/public/facilityAround/eyJpdiI6ImRTdkcraFpwTEFsM0ZDNE5UaXBLVUE9PSIsInZhbHVlIjoiZlhheHNwbmg4Q1VDcVAxYWl1T1Y0dz09IiwibWFjIjoiNWMzNmMxODBiYjIyMDg2MDU0MDRhMmJkMWYxNmYzM2JlNWI5NGI2MDEyMTkwNTk0ZTljZDYyY2IzMmNjMjZlMSJ9,,F000787,男女共用トイレあり | 調査日=2010-09-02,
45,宮崎県,45383,綾町,,デイサービスひなた,,,880-1303,綾町大字南俣622-3,31.9968803,131.2522038,,yes,,1階,,,,yes,,,,,,,,,,,,,,,,,,,,,,multipurpose_toilet,みやざきアクセシビリティ情報マップ,https://m-bfree.pref.miyazaki.lg.jp/a_map/public/facilityAround/eyJpdiI6IkhZV05pTXVQcGZUYlpGTjhxOXhDQXc9PSIsInZhbHVlIjoiRjlvU0Fqd04zRHdHUGlyTElZSk1iQT09IiwibWFjIjoiN2RkNmE5MDE2YjE0MjNmYTNiNTcyMzU4YjcwMTExMTZiMjlmMDMwZmMzNTIyY2ViMTllNGEyYzUzMTA1ZTI3MyJ9,,F000565,男女共用トイレあり | 緊急通報装置あり | 調査日=2019-11-14,
45,宮崎県,45383,綾町,,デイサービスゆうあい綾,,,880-1302,綾町大字北俣348番地3,32.0000207,131.2588971,,yes,,１階,,,,yes,,,,,,,,,,,,,,,,,,,,,,multipurpose_toilet,みやざきアクセシビリティ情報マップ,https://m-bfree.pref.miyazaki.lg.jp/a_map/public/facilityAround/eyJpdiI6Im1weWVMTHhwNWdhbmNoS3g3V3d6Vmc9PSIsInZhbHVlIjoiQnNORmh3ekduZ21iYXJLd3cwQkp3QT09IiwibWFjIjoiNTNiM2ZhMTViZTJkNzFiOTRhMzhhZDg1MTdiYTUyNzhlZDEyNzRhOGI2MTI4N2MyMzlkYTE0YTU3ODg1Yzk0ZCJ9,,F000294,男女共用トイレあり | 緊急通報装置あり | 調査日=2009-11-26,
45,宮崎県,45201,宮崎市,,デイサービス楽,,,889-1702,宮崎市田野町字六反原乙7551－1,31.8537323,131.2708178,,yes,,,,,,,,,,,,,,,,,,,,,,,,,,,,multipurpose_toilet,みやざきアクセシビリティ情報マップ,https://m-bfree.pref.miyazaki.lg.jp/a_map/public/facilityAround/eyJpdiI6IlJBdk1lNWtwekl2ckRZVmwxNjZqOHc9PSIsInZhbHVlIjoia2hQZWJIQXZyRzBDWFlTXC95aFwvbzVBPT0iLCJtYWMiOiJjMGI4OWVhYTFlYjdhNjYxNzNjZDcxODA2ZmRlZjU2MWQ3Zjk0MzBlNzA1MDVhMjUwNDc0N2JhNjBhYjJjNzExIn0=,,F000792,男女共用トイレあり,
45,宮崎県,45201,宮崎市,,デイサービス ルミナス江田原,,,880-0841,宮崎市吉村町江田原甲177-1,31.9320106,131.4417294,,yes,,,,,,,,,,,,,,,,,,,,,,,,,,,,multipurpose_toilet,みやざきアクセシビリティ情報マップ,https://m-bfree.pref.miyazaki.lg.jp/a_map/public/facilityAround/eyJpdiI6IlJNM3lWamRuKzFCbHlHamdPdmpXVnc9PSIsInZhbHVlIjoibEJLV01UV1RjNUtyRHRXWHY3aDRjUT09IiwibWFjIjoiZGNkNjE5YzI0ZTRjMzJjY2QzNTgyYjRiYjNiNzRmOTdiMGMxZGJkOTFhMTZmZDhmN2QyYzI1ZTE4MDJlNTQyYyJ9,,F001918,男女共用トイレあり,
45,宮崎県,45203,延岡市,,ディスカウントドラックコスモス大門店,,,882-0027,延岡市大門町246,32.6029095,131.6819846,http://sasp.mapion.co.jp/b/cosmospc/info/00671/,yes,,１階,,,,,,,,,,,,,,,,,,,,,,,,,,multipurpose_toilet,みやざきアクセシビリティ情報マップ,https://m-bfree.pref.miyazaki.lg.jp/a_map/public/facilityAround/eyJpdiI6IndTXC8wajZucjE3eDd3U2JXQmcyakd3PT0iLCJ2YWx1ZSI6ImFubVJ0TmRDcm9RTDZCYUlYZmJtS0E9PSIsIm1hYyI6ImRjYmM4NTdkNTY2MDI2NDk1NjAzOWQ0ZDQwZGU4MWI2YzY1MjY4YTllMTUzNDJlZGM0ZGVjZjM4NGM0YTA4YmYifQ==,,F001211,男女共用トイレあり | 調査日=2006-03-27,
45,宮崎県,45208,西都市,,ディスカウントドラッグコスモス三宅店,,,881-0003,西都市右松2222－1,32.1007814,131.4004604,http://www.cosmospc.co.jp,yes,,,,,,,,yes,,,,,,,,,,,,,,,,,,,,multipurpose_toilet,みやざきアクセシビリティ情報マップ,https://m-bfree.pref.miyazaki.lg.jp/a_map/public/facilityAround/eyJpdiI6ImVlSlI5OHRxZzN6OVNzYTgyajZrTHc9PSIsInZhbHVlIjoiSFZObjNYR1huMWU4bkVuQk55UUROUT09IiwibWFjIjoiZjc0NTBhZDRlNGMyY2ZjZTAyOTJiMDA5MzNhODU4OTExY2FmMzIwOThkNGViZjgyY2YxNWZjNTBkZGNlMDcxMSJ9,,F000730,男女共用トイレあり | 調査日=2015-09-16,
45,宮崎県,45201,宮崎市,,蹄跡の森 清武ホースパーク,,,889-1602,宮崎市清武町大字今泉乙1856番地,31.8333674,131.3673772,https://teiseki.net/,yes,,屋外屋根付き（駐車場横）,,,,,,,,,,,,,,,,,,,,,,,,,,multipurpose_toilet,みやざきアクセシビリティ情報マップ,https://m-bfree.pref.miyazaki.lg.jp/a_map/public/facilityAround/eyJpdiI6ImlGTGVJN1AzMGh6ZWpwbDZYSFVic2c9PSIsInZhbHVlIjoiNVRVcVNpWFhMa0VGQVl5YitTeWw2UT09IiwibWFjIjoiZGVlNzMwN2RhMzQ0OTY4NjQwNTBmNWNkZTY5NzJlMmNhN2Y2NTk2N2Y0MDg5ZjIzNTllNTk5ZGMxZmE5MWIxYiJ9,,F001162,男女共用トイレあり | 緊急通報装置あり | 調査日=2004-04-21,
45,宮崎県,45203,延岡市,,ヤマダ電機 テックランド延岡店,,,882-0866,延岡市平原町5丁目1492－8,32.5504012,131.6779356,https://www.yamada-denki.jp/store/contents/?d=1290,yes,,,,,,,,yes,,,,,,,,,,,,,,,,,,,,multipurpose_toilet,みやざきアクセシビリティ情報マップ,https://m-bfree.pref.miyazaki.lg.jp/a_map/public/facilityAround/eyJpdiI6IjE0aXZHbUVqNExxdUN4bEFXZ3dvcnc9PSIsInZhbHVlIjoieDUwcGJzcVpiVkdEcFhQV2w0SnZNQT09IiwibWFjIjoiZjdlYzU4YThmNzc0YTc4MmVlNjdiNWY0ZTI0OTk1NjFkNzE0NWY4OWRhYTQyNDM4MjgzZWQ2YjEyYThiNzMyOCJ9,,F001379,男女共用トイレあり | 調査日=2013-10-29,
45,宮崎県,45431,美郷町,,手づくり屋 北の郷,,,889-0901,美郷町北郷宇納間3280-1,32.5038797,131.4549766,https://www.visit-misato.jp/shopinfo/kitanosato/,yes,,,,,,,,,,,,,,,,,,,,,,,,,,,,multipurpose_toilet,みやざきアクセシビリティ情報マップ,https://m-bfree.pref.miyazaki.lg.jp/a_map/public/facilityAround/eyJpdiI6IkZQK2ZDVHNBck5lQzV3aVdybGVSQVE9PSIsInZhbHVlIjoiczE3d1RXTDNpWDd6Q3lhMWFENFZhQT09IiwibWFjIjoiMzY4MDRkN2IyYWI2NGVkZWE2NDQwYzRiMzg0NDkzODE0MjMwZTQwOTAyYmUxOGNhNGVlNDE1Zjg1YWE4NDQzYiJ9,,F002851,男女共用トイレあり | 調査日=2025-03-17,
45,宮崎県,45205,小林市,,TENAMUビル（TENAMU交流スペース）,,,886-0004,小林市細野1897番地 TENAMUビル,31.993223,130.977114,https://www.tenamukouryu.com/,yes,,2F・エレベーターを降りて左奥 / 1F入口自動ドアの右手の通路奥,,,,yes,,yes,,yes,,,,,,,,,,,,,,,,,,multipurpose_toilet,みやざきアクセシビリティ情報マップ,https://m-bfree.pref.miyazaki.lg.jp/a_map/public/facilityAround/eyJpdiI6IlZSemh4VHlyYnh5YTV3TDJzd2JjbkE9PSIsInZhbHVlIjoiYUtWTmVXZk9mcTJNaGxwZXVUTkZlUT09IiwibWFjIjoiMzFjM2VjNDViZGYyN2RjNWIxMzhhYjlhNDI2ZmI1Y2E4MzM1MjZmMjI4NmVmZTEwYjZlMjM1ZjI4N2I4MTdiYyJ9,,F002390,男女共用トイレあり | 緊急通報装置あり | 調査日=2020-01-30,・一般トイレには手すり付きもある / ・一般男性用トイレに子供用小便器あり
45,宮崎県,45201,宮崎市,,出水眼科,,,880-0916,宮崎市大字恒久6006－1,31.8903878,131.4053177,http://demizuganka.jp,yes,,,,,,yes,,,,yes,,,,,,,,,,,,,,,,,,multipurpose_toilet,みやざきアクセシビリティ情報マップ,https://m-bfree.pref.miyazaki.lg.jp/a_map/public/facilityAround/eyJpdiI6InZ6MEdsV1JVemI0VmkrOGVMcmo5SEE9PSIsInZhbHVlIjoiSjdyNlFaZVVyRkJHQkl4VzB4NzZyZz09IiwibWFjIjoiYmZjMDgyYWNiNTMwM2Q5OGU1MTY3NmY0ODc1ZDNhMDg3ZjJhZDZkMjc2YjA3ZTU3Y2ZmZDI3NDJiZTY5ZTIwMiJ9,,F001678,男女共用トイレあり | 緊急通報装置あり | 調査日=2019-11-19,
45,宮崎県,45201,宮崎市,,TERRACE SALSA (テラスサルサ）,,,880-0925,宮崎市大字本郷北方2486-61,31.8770832,131.4118667,,yes,,,,,,,,,,,,,,,,,,,,,,,,,,,,multipurpose_toilet,みやざきアクセシビリティ情報マップ,https://m-bfree.pref.miyazaki.lg.jp/a_map/public/facilityAround/eyJpdiI6IjZqYVYrXC9xVTkxQUtXUTZMVnZocHV3PT0iLCJ2YWx1ZSI6InhPOXpWTjlKUkRuMWxlaXNWWTlZckE9PSIsIm1hYyI6ImUwODBlOTE3Y2Q2ZjNhMTVmZTQ5ZTMwYzliYWJhZWI0NDU1MThhMzdlNTM1YTlhMWY3MmQ5ODQ2Mjg3NGViOWEifQ==,,F000732,男女共用トイレあり | 調査日=2019-11-15,
45,宮崎県,45201,宮崎市,,寺ノ下自治公民館,,,880-0841,宮崎市吉村町寺ノ下甲2313番3,31.9135539,131.4462908,,yes,,,,,,,,,,,,,,,,,,,,,,,,,,,,multipurpose_toilet,みやざきアクセシビリティ情報マップ,https://m-bfree.pref.miyazaki.lg.jp/a_map/public/facilityAround/eyJpdiI6ImJBWVM4TEJtTDBsU3NoeU9FQkMwdXc9PSIsInZhbHVlIjoiTHlDU2dUVDI1WEhIZlBGNHRXVU1FUT09IiwibWFjIjoiOTMwODdjMmMyZGQ3M2Q2NWU5MjYxZWU4ODA5NjQ0ZmNkYjYwY2Y1NTkzY2FiYmI2ZTVmYzNmZWE3ZmIxNmYyZCJ9,,F002030,男女共用トイレあり | 調査日=2010-01-27,
45,宮崎県,45429,諸塚村,,天空の森 池の窪グリーンパーク,,,883-1301,諸塚村大字家代字池尻3574－2,32.52375,131.36171,https://www.morotsuka-tourism.jp/spot/ikenokubo/,yes,,ログハウス「かっこう」の横,,,,,,,,,,,,,,,,,,,,,,,,,,multipurpose_toilet,みやざきアクセシビリティ情報マップ,https://m-bfree.pref.miyazaki.lg.jp/a_map/public/facilityAround/eyJpdiI6IlwvdmhPdTJiTEhSdFZocDRFOGRrVXpBPT0iLCJ2YWx1ZSI6IituczhHS1RyMGZQYXNKVmxxVGswbkE9PSIsIm1hYyI6IjdmMTkzM2JmZjAzMGQ1MzgzMjQyYWIyMjcwYzdmNGQ4ODhlOWNiNDc1YmVlMWI0NGQwNmY0MmVjNTM3YzIxMjcifQ==,,F002524,男女共用トイレあり | 調査日=2021-07-08,
45,宮崎県,45201,宮崎市,,天国社ロイヤルシティーホール宮崎,,,880-0924,宮崎市大字郡司分字松葉ヶ迫丙9852-12,31.870996,131.420979,https://tengokusya.jp/info/,yes,,,,,,,,,,,,,,,,,,,,,,,,,,,,multipurpose_toilet,みやざきアクセシビリティ情報マップ,https://m-bfree.pref.miyazaki.lg.jp/a_map/public/facilityAround/eyJpdiI6InhvSlFuaFNmZ1U0UkdXOWpjVEt4YlE9PSIsInZhbHVlIjoiXC9hNExPUlczdlZhVFlBU25GSEdDVGc9PSIsIm1hYyI6IjUzNjM4OWNkODNkNjA5ZWFkZjZlYjVhMGNkMWI0NTk0NWJkNzQwODY5YWFiNGNjY2U2OGIyZWNkM2FiMzRiYjIifQ==,,F000381,男女共用トイレあり,
45,宮崎県,45442,日之影町,,天翔大橋展望台,,,882-0401,日之影町七折,32.6856868,131.3274012,https://www.town.hinokage.lg.jp/docs/2016030900034/,yes,,屋外,,,,,,,,,,,,,,,,,,,,,,,,,,multipurpose_toilet,みやざきアクセシビリティ情報マップ,https://m-bfree.pref.miyazaki.lg.jp/a_map/public/facilityAround/eyJpdiI6IlRFZFZ4N0VwYm1xbjdDUkxVTW44TWc9PSIsInZhbHVlIjoiSHhTZWFsc3VqeWVPMzNNVnFyUDZkZz09IiwibWFjIjoiYzgyZTk1NzczOWM2NDY3NjNjZWM1NzBjMjc3NjE3YmRmMWI3MDliY2NhNjdlNTdlMGIyNjEzNmE0NmI2YjE3MCJ9,,F001968,男女共用トイレあり | 緊急通報装置あり | 調査日=2024-12-24,
45,宮崎県,45441,高千穂町,,天翔葬祭,,,882-1101,高千穂町大字三田井字長崎6319番地4,32.7145888,131.3159832,https://tensyo-sosai.jp/,yes,,,,,,,,,,,,,,,,,,,,,,,,,,,,multipurpose_toilet,みやざきアクセシビリティ情報マップ,https://m-bfree.pref.miyazaki.lg.jp/a_map/public/facilityAround/eyJpdiI6IloxdXVmR2RHYmtYUEJGU1ZSZGhlU1E9PSIsInZhbHVlIjoiZkVDTHZBNU0zK3ZaXC9jdmp4N0JYa0E9PSIsIm1hYyI6ImVkNmRjODVkYjljMDJmMDJlYmI1YjY2NzQxNmE4M2Y5NDkyYmYzNjBjYmRjZTdiMTY1NTkzYzUwYmI1OTllZDUifQ==,,F001458,男女共用トイレあり | 調査日=2013-12-19,
45,宮崎県,45201,宮崎市,,天神山公園,,,880-0934,宮崎市大坪東1-14,31.902672519927492,131.41046481650727,https://www.miyazaki-city.tourism.or.jp/spot/12276,yes,,公園内東側広場 / 公園南側駐車場付近 / 公園西側駐車場,,,,,,,,,,,,,,,,,,,,,,,,,,multipurpose_toilet,みやざきアクセシビリティ情報マップ,https://m-bfree.pref.miyazaki.lg.jp/a_map/public/facilityAround/eyJpdiI6IldEWFwvMGZOdlJHWkZibktOWk4zZk5nPT0iLCJ2YWx1ZSI6IkRVZ0FMNGdmZG1CSmVKRTdtallmbmc9PSIsIm1hYyI6ImM2OTM5OTU1ODc4MDkxNDViYTJiMGNiNTc3ZjU4MDY5NGExMGNmYWM2OTgyZjE2NzNhZWJmMGMzMmM0NDBkYzUifQ==,,F002654,男女共用トイレあり | 緊急通報装置あり | 調査日=2023-03-01,
45,宮崎県,45206,日向市,,天生堂医院,,,883-0068,日向市亀崎西1丁目25番地,32.4395249,131.6287396,http://www.tenseidou.jp/index.html,yes,,１階,,,,yes,,,,,,,,,,,,,,,,,,,,,,multipurpose_toilet,みやざきアクセシビリティ情報マップ,https://m-bfree.pref.miyazaki.lg.jp/a_map/public/facilityAround/eyJpdiI6Im5FK01wdmY0UDF6XC9sVGZTYUt6TjlRPT0iLCJ2YWx1ZSI6InFOekxjeVp2XC9EWEJCNHVzVnMxZjZRPT0iLCJtYWMiOiI5MjYxMzNkMzM1NjQ1Yzk4OGMzZThhMmYwODZiYWE0NDRmMWIyOTBiYTQwZWQ3MGZmOTAxNzUyODcxZTdkNDliIn0=,,F000968,男女共用トイレあり | 緊急通報装置あり | 調査日=2002-09-05,
45,宮崎県,45204,日南市,,天然温泉 ひなたの宿 日南宮崎,,,889-2533,日南市星倉2228-1,31.61832,131.37883,https://hinatanichinan.com/,yes,,１階,,,,,,yes,,,,,,,,,,,,,,,,,,,,multipurpose_toilet,みやざきアクセシビリティ情報マップ,https://m-bfree.pref.miyazaki.lg.jp/a_map/public/facilityAround/eyJpdiI6IjdTcEhwSytndGg5MStBOVZ6M1pQOXc9PSIsInZhbHVlIjoickU1NFpHelhVTXdEdm56ZUd1WVJtQT09IiwibWFjIjoiZmY5ZGQ1NjI3NDQ3OTMwNTAzNzJkMjQzMTM2NDA0YjliNDdmMWI4ZTNjNmNlNTRkZWNjNDc4ZjRiYTFhZjlmYyJ9,,F002530,男女共用トイレあり | 緊急通報装置あり | 調査日=2021-10-08,・ユニバーサルシートがある / ・子供用便器がある
45,宮崎県,45201,宮崎市,,天然温泉 日向の湯 ドーミーイン宮崎,,,880-0001,宮崎市橘通西2-5-32,31.911638,131.421975,https://www.hotespa.net/hotels/miyazaki/,yes,,1階ロビー奥,,,,,,yes,,yes,,,,,,,,,,,,,,,,,,multipurpose_toilet,みやざきアクセシビリティ情報マップ,https://m-bfree.pref.miyazaki.lg.jp/a_map/public/facilityAround/eyJpdiI6IjR0MW1JWHNySXlEU2Y4VWwybW5qMVE9PSIsInZhbHVlIjoiQ3dkdzFES21GdFU2TmM4UWZSelNhZz09IiwibWFjIjoiNTdkNDY3Y2RkN2M1MTc2YmY2ODQzMWM1MjlmNDY5YmJhYTRhMmM1NzA5OGE4OTIwN2EwNTVmMzYyM2UzOTg1OSJ9,,F002577,男女共用トイレあり | 調査日=2022-06-30,
45,宮崎県,45204,日南市,,天福球場,,,887-0004,日南市天福2-10,31.583543,131.396194,http://nichinan-taiiku.jp/shisetsu/tenpuku/,yes,,球場内の１階１塁側・３塁側 球場内の２階 / 駐車場に隣接した屋外トイレ,,,,yes,yes,yes,,yes,yes,,,,,,,,,,,,,,,,,multipurpose_toilet,みやざきアクセシビリティ情報マップ,https://m-bfree.pref.miyazaki.lg.jp/a_map/public/facilityAround/eyJpdiI6Im1NNTIxczlmYlZWSzJDM2QzaUUybnc9PSIsInZhbHVlIjoiVCtGeHVwZTZtK2Q5RmExTjMyMURnZz09IiwibWFjIjoiOTExNGExMDg1ZjIwYWRhZGFjOWU5NmViOTExYWE5OThhZTc0NTM5OTA5NzI0NGY1NWVmMWQ5YjUxMDI1M2FmZSJ9,,F002369,男女共用トイレあり | 緊急通報装置あり | 調査日=2020-10-21,・駐車場敷地内の一般トイレ（男女とも）におむつ替えシートあり
45,宮崎県,45201,宮崎市,,TOTO宮崎ショールーム,,,880-0841,宮崎市波島1-43-33,31.94122,131.4470378,https://jp.toto.com/showroom/114/,yes,,,,,,,,,,,,,,,,,,,,,,,,,,,,multipurpose_toilet,みやざきアクセシビリティ情報マップ,https://m-bfree.pref.miyazaki.lg.jp/a_map/public/facilityAround/eyJpdiI6Imc1aEJleXhWSUZQVlZQRzhaWWprV3c9PSIsInZhbHVlIjoiWW04cER4TlRPMjFiV2RIMURnQ3ordz09IiwibWFjIjoiMzQ2OTIwZDlmZTM3NjVkYjkwYzU2MWQ5YjM3NzVlNmJkYTU4NzgxNTI3NzI3M2RjYTU0Y2UxN2FkNWJmMzFiOSJ9,,F000552,男女共用トイレあり | 調査日=2009-11-24,
45,宮崎県,45201,宮崎市,,土居内科循環器科,,,880-0022,宮崎市大橋1丁目63-1,31.9191198,131.4149291,,yes,,,,,,,,yes,,,,,,,,,,,,,,,,,,,,multipurpose_toilet,みやざきアクセシビリティ情報マップ,https://m-bfree.pref.miyazaki.lg.jp/a_map/public/facilityAround/eyJpdiI6ImZcL1orQzBJajFZcldpTVMzbUZkWG9RPT0iLCJ2YWx1ZSI6IkYwNXBLa3RUajBUMmpuSzBUUnhZblE9PSIsIm1hYyI6IjE5ZGFkMjAwYWNlYmNmZjBiODJiYzc4ZDBmZWM5ZWM0YzFmYTc4MGNlNzJkODFjM2QzYTJmMTc4M2Q1ZDMwMDQifQ==,,F000071,男女共用トイレあり,
45,宮崎県,45207,串間市,,都井岬観光交流館 PAKALAPAKA,,,888-0221,串間市大字大納42-3,31.36641,131.33336,https://www.pakalapaka.jp/,yes,,建物の１階,,,,yes,,yes,,yes,yes,,,,,,,,,,,,,,,,,multipurpose_toilet,みやざきアクセシビリティ情報マップ,https://m-bfree.pref.miyazaki.lg.jp/a_map/public/facilityAround/eyJpdiI6IlozRHNCaHBsYzhcL3o3V1hjMmp6bFlRPT0iLCJ2YWx1ZSI6Ijh3SjNndldTNTI2WmY1azZaM1wvV0lBPT0iLCJtYWMiOiJkM2NlZTAxYzFmNTkzNjk1ZmMxNzIxYWY3Y2VlOTExODE1ZjY0MzJlOTNlZjUwZWY0ZjBhNzY0ZTEzNDA2NjQzIn0=,,F002519,男女共用トイレあり | 緊急通報装置あり | 着替え台あり | 調査日=2021-04-26,
45,宮崎県,45201,宮崎市,,東部１号街区公園トイレ,,,880-0841,宮崎市吉村町南田甲1109番の一部,31.917852,131.4521985,,yes,,,,,,,,,,,yes,,,,,,,,,,,,,,,,,multipurpose_toilet,みやざきアクセシビリティ情報マップ,https://m-bfree.pref.miyazaki.lg.jp/a_map/public/facilityAround/eyJpdiI6IjdRdlR2UWNiMGVnKzFHa3h0cmYwSVE9PSIsInZhbHVlIjoiSFBxNGYxclJTQTJYNGpjQnJjbjFMdz09IiwibWFjIjoiMzRmZTQ3NGQxZDUxM2QxMjM4NTMwOGFlNjY5YWRiYjU0ODMxMDNkZTQyNzc2NDNmMjdlZWExNGM5YWI5ZjkzZCJ9,,F002018,男女共用トイレあり | 緊急通報装置あり | 調査日=2019-12-09,
45,宮崎県,45201,宮崎市,,特別養護老人ホーム 星空の都さどわら,,,880-0212,宮崎市佐土原町下那珂3165番地1,32.0018854,131.4663314,http://www.ichijukai.com/syokoen/,yes,,,,,,,,yes,,,,,,,,,,,,,,,,,,,,multipurpose_toilet,みやざきアクセシビリティ情報マップ,https://m-bfree.pref.miyazaki.lg.jp/a_map/public/facilityAround/eyJpdiI6InpEbklRN3doK2xFQm95V1J6ZGtJU2c9PSIsInZhbHVlIjoiVHlEMU8zZDNnbm5Ia3RPYXUycGJlQT09IiwibWFjIjoiZWVmZWUzNGU5YzJlOTlhMTE4ZjM3Yjk0M2UyNjE0ZmFlNDUyODVlNjQ3NTE5ZjljYzNjZWU5OTFjZDljOTg4ZSJ9,,F000899,男女共用トイレあり | 調査日=2020-03-11,
45,宮崎県,45209,えびの市,,特別養護老人ホームあけぼの園,,,889-4243,えびの市大字榎田579番10,32.0655341,130.8125542,http://www.all-souai.or.jp/akebonoen/,yes,,,,,,,,,,,,,,,,,,,,,,,,,,,,multipurpose_toilet,みやざきアクセシビリティ情報マップ,https://m-bfree.pref.miyazaki.lg.jp/a_map/public/facilityAround/eyJpdiI6IndyMzQ3R1lSOE5DODZ2eUtHSzJ1Snc9PSIsInZhbHVlIjoiNzdIbXdpUUlaa0RlOU5KaHcrMENDQT09IiwibWFjIjoiNzg4ODMwNzk5NGJkYjNlNDllYjMxNDIyZGJmYTg4ZTkwNzkwMGJkZGQyY2NjMWU0NGM2YjU3MWQ1ZGU0ODMwMSJ9,,F001280,男女別トイレあり | 調査日=2019-11-08,
45,宮崎県,45206,日向市,,特別養護老人ホーム伊勢の郷,,,883-0062,日向市大字日知屋字深溝622番116,32.415526,131.656055,http://www.hakuyou.or.jp/,yes,,,,,,,,,,,,,,,,,,,,,,,,,,,,multipurpose_toilet,みやざきアクセシビリティ情報マップ,https://m-bfree.pref.miyazaki.lg.jp/a_map/public/facilityAround/eyJpdiI6IkVvTWZXc1wvYlRFZXh6NzFBcjBJOWRnPT0iLCJ2YWx1ZSI6IjZhTVc1OHVPZHMxdnZwamVtamFHVnc9PSIsIm1hYyI6IjYwYjc2OWUyODQxMTY3ZjVjNGQ0MjViNjBmMDE2MTUwYzEzYzgwOTc4NTdkYzEzOGM0NDA2ZmRhMjIxNzM4NDkifQ==,,F001366,男女別トイレあり | 調査日=2019-09-01,
45,宮崎県,45406,都農町,,特別養護老人ホーム 尾鈴荘,,,889-1201,都農町大字川北18912番地10,32.2772865,131.5630341,,yes,,,,,,,,,,,,,,,,,,,,,,,,,,,,multipurpose_toilet,みやざきアクセシビリティ情報マップ,https://m-bfree.pref.miyazaki.lg.jp/a_map/public/facilityAround/eyJpdiI6IjVKU2ZocmF3N2dvbUFoRWFKVXBcL3JRPT0iLCJ2YWx1ZSI6Ik1RV2NHQUgxZFplaEtpQVBQaUIycFE9PSIsIm1hYyI6ImM2ZTY1ZGQwYWVjZmZmNDVhNjgyMjA3N2NkMzU1OGQ3NmNlOWQ3NjhkMTIxZmNmNGM5Y2YxYjUyNjI4NTQ5ZDEifQ==,,F001636,男女共用トイレあり | 調査日=2013-09-10,
45,宮崎県,45204,日南市,,特別養護老人ホーム河鹿の里,,,889-2401,日南市北郷町大字大藤字藤ノ尾甲3186番地1,31.6577249,131.3814038,http://www.aisenkai.jp/kajika/,yes,,,,,,,,,,,,,,,,,,,,,,,,,,,,multipurpose_toilet,みやざきアクセシビリティ情報マップ,https://m-bfree.pref.miyazaki.lg.jp/a_map/public/facilityAround/eyJpdiI6Ing5MnlReVFqclQ4T205V2c5Vmdodmc9PSIsInZhbHVlIjoiOEFobzI2VWJcL2V0ajRzdGJSVXJoREE9PSIsIm1hYyI6ImFhYjMzN2ZhMTZlMTMyODc3ZGRlMmEyNTQwNDMyMDAyOWQ3MDMxMTFkMmI0NzY3ZDY0Yjk1YjY0NGUyODRhN2MifQ==,,F000279,男女別トイレあり | 調査日=2019-09-01,
45,宮崎県,45205,小林市,,特別養護老人ホームきりしまの園,,,886-0213,小林市野尻町三ヶ野山4336番地74,31.9636058,131.0779262,http://kirishimanosono.com/,yes,,,,,,yes,,,,,,,,,,,,,,,,,,,,,,multipurpose_toilet,みやざきアクセシビリティ情報マップ,https://m-bfree.pref.miyazaki.lg.jp/a_map/public/facilityAround/eyJpdiI6IjRNUWROV0FvWlN1WHM3cGdlRTVqN1E9PSIsInZhbHVlIjoiT0MybVRrcCtcL3M2cDdYU2Z6bWVPU1E9PSIsIm1hYyI6IjRmN2I1MTFkNjY3NmE2MjI3ZDc1MWU3ZDQyZjhjZDljMzYwOThiZjU4YTc4YTA4OGFkNTk1NTZjZDFlNTEzNWUifQ==,,F001589,男女共用トイレあり | 男女別トイレあり | 調査日=2019-11-19,
45,宮崎県,45431,美郷町,,特別養護老人ホーム 百済の園,,,883-0306,美郷町南郷区神門960番地,32.3878404,131.336045,http://www.nangoukai.com/,yes,,,,,,,,,,,,,,,,,,,,,,,,,,,,multipurpose_toilet,みやざきアクセシビリティ情報マップ,https://m-bfree.pref.miyazaki.lg.jp/a_map/public/facilityAround/eyJpdiI6Ikw2S0Zua0JzYWVLU1wvd1JncmRRYkpBPT0iLCJ2YWx1ZSI6Ikxid0MzakZOc2ptOWVnYlwvXC91S20wdz09IiwibWFjIjoiYjNmMzYyMDdmMWFlNzJhMDA0YTM1MDFiOTNiOGMwZDM4NjgzOWFkNDg3MDdiNGRhMzU2Yzk2YTYxOTVjYTAxNyJ9,,F000448,男女別トイレあり | 調査日=2002-09-05,
45,宮崎県,45441,高千穂町,,特別養護老人ホーム雲居都荘,,,882-1411,高千穂町大字上野17番地,32.7422129,131.2994627,,yes,,,,,,,,,,,,,,,,,,,,,,,,,,,,multipurpose_toilet,みやざきアクセシビリティ情報マップ,https://m-bfree.pref.miyazaki.lg.jp/a_map/public/facilityAround/eyJpdiI6IkcwVTlZdHF0dVorXC81bVwvaVZ3dVJBUT09IiwidmFsdWUiOiJ3WXlpMm4wSGtpQTlOZTltREVwU0xRPT0iLCJtYWMiOiJlYmIyMDViNGY3MmRiZGFjZDBjM2Y0ZDU3NmZjNDVjMWFiMTIyYjkwMTg3NWJjZTRkMjM0M2RiZjZkOGE2ZTQ2In0=,,F000411,男女共用トイレあり | 男女別トイレあり | 緊急通報装置あり | 調査日=2020-03-13,
45,宮崎県,45208,西都市,,特別養護老人ホーム幸楽荘,,,881-0037,西都市大字茶臼原字轟941番地1,32.140142,131.417466,http://www.m-shinwakai.jp/kourakusou.php,yes,,,,,,,,,,,,,,,,,,,,,,,,,,,,multipurpose_toilet,みやざきアクセシビリティ情報マップ,https://m-bfree.pref.miyazaki.lg.jp/a_map/public/facilityAround/eyJpdiI6IndxTmJvWEZzQVcwTjBTYllNZElwckE9PSIsInZhbHVlIjoieXFOcDhmMlMxS3F1TDZMdUFjV1A3UT09IiwibWFjIjoiMzg5ZjczNzkyNzBkMGI0ZjkxMTcxZjY0MjczNTBlNTk2YjA2MmRkMGFhNWJiMGE5Y2RiMTZlNTA5MTlkMDljNiJ9,,F000955,男女共用トイレあり | 調査日=2019-09-01,
45,宮崎県,45207,串間市,,特別養護老人ホーム寿楽園,,,888-0005,串間市西方4341番地1,31.4700091,131.2293865,http://www.kuroshiokai.com/jyurakuen/gaiyo.html,yes,,,,,,,,,,,,,,,,,,,,,,,,,,,,multipurpose_toilet,みやざきアクセシビリティ情報マップ,https://m-bfree.pref.miyazaki.lg.jp/a_map/public/facilityAround/eyJpdiI6IlZXTlVzbWgxeGZ2RFFNdEdBbU8zdXc9PSIsInZhbHVlIjoiaXlyT3I1ZVpSMDFHelNFbm1RZWh6dz09IiwibWFjIjoiYTlmZjRjNWQ0NzM3ZjkxY2JkMzI5ZDIxODY2ODMyYTY4Yzc4M2Y1OTNmOWM5MDJiYzQ3N2M3N2U4ZDNjMzBlZSJ9,,F001467,男女共用トイレあり | 調査日=2019-09-01,
45,宮崎県,45431,美郷町,,特別養護老人ホーム シルバースターうなまの里,,,889-0901,美郷町北郷区宇納間170番地,32.504954,131.443707,,yes,,,,,,,,,,,,,,,,,,,,,,,,,,,,multipurpose_toilet,みやざきアクセシビリティ情報マップ,https://m-bfree.pref.miyazaki.lg.jp/a_map/public/facilityAround/eyJpdiI6ImtDOVFpTUNmVlE5Tm1Cd2hzQWJuSmc9PSIsInZhbHVlIjoiQ1BUbjdlaDgrbURNa2swSkRYK3RJdz09IiwibWFjIjoiODBiMzM1MzFlNzRmNWE0YWEwNWZkMTE0MmE3MGQ4MzliYWMyMTA5NDY2MDg5MTliOTE3YTQ5ZDQ1MjVkZTE5ZSJ9,,F000452,男女別トイレあり | 調査日=2002-09-16,
45,宮崎県,45402,新富町,,特別養護老人ホームしんとみ希望の里,,,889-1404,新富町大字下富田字小島江629番5,32.0517046,131.4962794,http://www.kouseikai.biz/shintomi/tokurou/index.html,yes,,,,,,yes,,,,,,,,,,,,,,,,,,,,,,multipurpose_toilet,みやざきアクセシビリティ情報マップ,https://m-bfree.pref.miyazaki.lg.jp/a_map/public/facilityAround/eyJpdiI6IjBGNjBxZkg3aXk1Uzh4cDRaZEI5N2c9PSIsInZhbHVlIjoidUU3OW5zRFFVV0ZzY0IxSElwWlV0UT09IiwibWFjIjoiZmEyNjcyM2QwYzI4ZTc2NzZmMGU4N2JmYTc0OTY1ZWRjODNkMmZmYTljNDM3MGM3Y2IxMDdiMTUzN2E4YWIxYyJ9,,F000519,男女共用トイレあり | 調査日=2019-09-01,
45,宮崎県,45401,高鍋町,,特別養護老人ホーム 鈴山荘（ウエルグラウンズ高鍋）,,,884-0006,高鍋町大字上江6956番地2,32.1229665,131.4768369,http://www.kouseikai.biz/,yes,,,,,,,,,,,,,,,,,,,,,,,,,,,,multipurpose_toilet,みやざきアクセシビリティ情報マップ,https://m-bfree.pref.miyazaki.lg.jp/a_map/public/facilityAround/eyJpdiI6ImM4Y1NCaGRwSVdEZlFCZjQ2VkxCYlE9PSIsInZhbHVlIjoiUWJSUXd2d1I0RGtydExxTitCN0pNZz09IiwibWFjIjoiMmRlN2UzZmI4Njk1MDBlYTU1MDIwZTYwYjY3ZTRlMzZjZjk0MGJhNDU1ZWVhMDY3MTcwMWM2OTc1NzcyYTc3NyJ9,,F001272,男女共用トイレあり | 調査日=2009-11-29,
45,宮崎県,45203,延岡市,,特別養護老人ホーム千寿園,,,889-0301,延岡市北浦町古江2693番地,32.7091022,131.8164741,https://www.senjuen.jp/,yes,,,,,,yes,,,,,,,,,,,,,,,,,,,,,,multipurpose_toilet,みやざきアクセシビリティ情報マップ,https://m-bfree.pref.miyazaki.lg.jp/a_map/public/facilityAround/eyJpdiI6IkNBUWhVMldPeG9hZkxhRjF5TjVobFE9PSIsInZhbHVlIjoiNmtkM1F4YlM2aStScEhRTnJrSmlEZz09IiwibWFjIjoiN2EzMjE3ZWEyZDgzMjgxYTEzMDJhZmZkOTk5NzIxMDVlMWM1NDk1NTRlOTRmNGExNTdlZjFkMGNiMjQ2ZTlkYSJ9,,F000056,男女別トイレあり | 調査日=2019-11-14,
45,宮崎県,45421,門川町,,特別養護老人ホーム大地,,,889-0602,門川町大字庵川字桜井2596番地2,32.4871494,131.6959203,himawarikai.or.jp,yes,,,,,,yes,,,,,,,,,,,,,,,,,,,,,,multipurpose_toilet,みやざきアクセシビリティ情報マップ,https://m-bfree.pref.miyazaki.lg.jp/a_map/public/facilityAround/eyJpdiI6InU5TnFaa0tXWHlsNkVRZEhCNWdTOXc9PSIsInZhbHVlIjoiMWVGbU9INW5Zd0NZOWl1UnBwUllkZz09IiwibWFjIjoiYzhiMTE5OTU1MWQ3NmI4NWRlOGM4NDY1MjFmNGJkZGIzNDg2ZTk3Njc1ZmI5OTkwZjZhNWZlYWNkMDBiYzhkMiJ9,,F000475,男女共用トイレあり | 男女別トイレあり | 調査日=2019-11-11,
45,宮崎県,45202,都城市,,特別養護老人ホーム 高崎苑,,,889-4503,都城市高崎町縄瀬1622番地17,31.8525797,131.0862049,,yes,,,,,,,,,,,,,,,,,,,,,,,,,,,,multipurpose_toilet,みやざきアクセシビリティ情報マップ,https://m-bfree.pref.miyazaki.lg.jp/a_map/public/facilityAround/eyJpdiI6Imx5V1wveHhrYVVyelVneUNcL1RRclM2Zz09IiwidmFsdWUiOiIza1pvRFJcL1VEXC9XdVhxNGVrbFwvZTJBPT0iLCJtYWMiOiJmNmEwYTliZmYyNDc2YzY4MDIwMGRlMzI5OGI0NmNiNGRjNmEyNjM5NTdkMDY1ZWI3NTZjY2NkODcwODU2NjA2In0=,,F000039,男女別トイレあり | 調査日=1970-01-01,
45,宮崎県,45202,都城市,,特別養護老人ホーム高城園,,,885-1202,都城市高城町穂満坊3416番地,31.8193562,131.1272997,https://www.takajyouen.jp/,yes,,,,,,,,,,,,,,,,,,,,,,,,,,,,multipurpose_toilet,みやざきアクセシビリティ情報マップ,https://m-bfree.pref.miyazaki.lg.jp/a_map/public/facilityAround/eyJpdiI6Im1iTWVOUURKd3lUSDdrSGd5UndUNUE9PSIsInZhbHVlIjoiK0UzOVZXRDFJYWtjRzZmMWhtY1N2UT09IiwibWFjIjoiZDY1MDQ5Y2ZmZjRiNGYyYWVmN2UwNmEzYjJmMWFlNWRjNmIyYzI5NzJhOTI3YzY3YzE1ODFkMTNjMmRiMGUyNCJ9,,F000031,男女共用トイレあり | 調査日=2019-09-01,
45,宮崎県,45403,西米良村,,特別養護老人ホーム天包荘,,,881-1414,西米良村大字竹原432番地,32.2408538,131.1520045,,yes,,,,,,,,,,,,,,,,,,,,,,,,,,,,multipurpose_toilet,みやざきアクセシビリティ情報マップ,https://m-bfree.pref.miyazaki.lg.jp/a_map/public/facilityAround/eyJpdiI6InBOc2lnMUdlYjk5UlljXC9XRUVoRjlnPT0iLCJ2YWx1ZSI6IjJKXC82S3ZFSVBDS0YxUlE3amZieVJ3PT0iLCJtYWMiOiJjNjk4N2U3NWFiMDQ4ODViZDgwNWRiNzlhMzA1ODBjYTIwNmJkYjM2NjFiMDAzMzNjOTM1OGJmZTAzM2YxODEwIn0=,,F001295,男女別トイレあり | 緊急通報装置あり | 調査日=2019-11-19,
45,宮崎県,45430,椎葉村,,特別養護老人ホーム 平寿園,,,883-1601,椎葉村大字下福良54-337,32.4565174,131.1478096,https://wakamiyaso.jp/,yes,,,,,,,,,,,,,,,,,,,,,,,,,,,,multipurpose_toilet,みやざきアクセシビリティ情報マップ,https://m-bfree.pref.miyazaki.lg.jp/a_map/public/facilityAround/eyJpdiI6IlRiajI3VVwvTzR5NlE0RkNKVUhITXhBPT0iLCJ2YWx1ZSI6IkFRQTltUTNVSlpSWHdyb3UwVWtGTFE9PSIsIm1hYyI6IjA1NTQ1ODkwODQxNGY5OGE1OWEyZTQ2ZjNlNTRiNTY2ZDM5NGEwMGUwNTNkMTFhZjQ1YzEwNjMyYjFlODg1NDcifQ==,,F000420,男女共用トイレあり | 調査日=2002-09-09,
45,宮崎県,45202,都城市,,特別養護老人ホーム ほほえみの園,,,885-1105,都城市丸谷町4670番地,31.8115795,131.0562208,https://smilehohoemi.com/,yes,,,,,,yes,,,,,,,,,,,,,,,,,,,,,,multipurpose_toilet,みやざきアクセシビリティ情報マップ,https://m-bfree.pref.miyazaki.lg.jp/a_map/public/facilityAround/eyJpdiI6ImRKcmhEbDdoSVorYWpnQ1NoaU5QZFE9PSIsInZhbHVlIjoiemtFMkRtZkNzeEVWVXgyU0JkNWluUT09IiwibWFjIjoiNmQ5MGVmZDM0MTMxMWQ3ZDVjMzAxMWRlOGM1ZDhlNWZlZjQzZjhkMWJjZDRiYjAzNmY2ZDIzNTM4ZTRiNTBjNCJ9,,F001463,男女共用トイレあり | 調査日=2009-11-27,
45,宮崎県,45201,宮崎市,,特別養護老人ホーム めぐみの里,,,880-0303,宮崎市佐土原町東上那珂12809-1,32.0197818,131.4341074,,yes,,,,,,,,,,,,,,,,,,,,,,,,,,,,multipurpose_toilet,みやざきアクセシビリティ情報マップ,https://m-bfree.pref.miyazaki.lg.jp/a_map/public/facilityAround/eyJpdiI6IlEyV3B4Nkt2ZEhoVGlVbEhkMmNXTkE9PSIsInZhbHVlIjoibUpseG00aTZocm11dWltQUlqR21NUT09IiwibWFjIjoiNzg2OWEzNjJjNTg5ODE3MGYwYTJhMmFlYzE5ODY5MGEwNzBhNTE5M2U3Y2RmOWViZmM3Mzc2MjdlZTNhODA4ZSJ9,,F001499,男女共用トイレあり | 調査日=2020-03-11,
45,宮崎県,45429,諸塚村,,特別養護老人ホームもろつかせせらぎの里,,,883-1302,諸塚村大字七ツ山54番地,32.4933008,131.3266144,http://care-net.biz/45/seseragi,yes,,,,,,,,,,,,,,,,,,,,,,,,,,,,multipurpose_toilet,みやざきアクセシビリティ情報マップ,https://m-bfree.pref.miyazaki.lg.jp/a_map/public/facilityAround/eyJpdiI6Ikc3cDF3WUtjZHhINkhnSzBKUUVWbkE9PSIsInZhbHVlIjoidnVDRDZEbkFNYlptWGErZndDZ3VDUT09IiwibWFjIjoiNWI1NWRjZTZkYzc1NzMwNDNlZjAwYzgwYmJiNDk4YzVmMDliOGUxMjY3MThhNzA0ZmFmZjMzZTJiOThlNjMyMSJ9,,F000426,男女共用トイレあり | 調査日=2019-09-01,
45,宮崎県,45205,小林市,,特別養護老人ホーム陽光の里,,,886-0007,小林市大字真方5038番地1,32.0014114,130.9957885,,yes,,,,,,yes,,,,,,,,,,,,,,,,,,,,,,multipurpose_toilet,みやざきアクセシビリティ情報マップ,https://m-bfree.pref.miyazaki.lg.jp/a_map/public/facilityAround/eyJpdiI6IlBUcnZWdWc0T1M1Rm5haEdhdktoR0E9PSIsInZhbHVlIjoiRzNPV1EzZzBYUjl2VVMxSzlteVwvWWc9PSIsIm1hYyI6ImQ0MWMyMDc3NDEzOTgxYWE1YjZkMGUxZWI4NWNkMDg1YzRmZmRlZDk1NmQ5OTFjOTM2OTg2YTE3ZmQwNWI4NGQifQ==,,F001101,男女共用トイレあり | 調査日=2019-09-01,
45,宮崎県,45431,美郷町,,特別養護老人ホーム若宮荘,,,883-1101,美郷町西郷田代2208,32.4340434,131.423873,https://wakamiyaso.jp/,yes,,,,,,yes,,yes,,,,,,,,,,,,,,,,,,,,multipurpose_toilet,みやざきアクセシビリティ情報マップ,https://m-bfree.pref.miyazaki.lg.jp/a_map/public/facilityAround/eyJpdiI6IkhHUWhXd0RlRW5NckJoR0hvZkJMYnc9PSIsInZhbHVlIjoiclcwV0MzU09zTjUwd2c5R29RVGgrUT09IiwibWFjIjoiMzMxMzFhM2YzMTBlMjY4MzUxZTdkYTJiZmMyYzRjY2E5NGYyMWY2MTkzZmRmN2RmZjI5NzFlMmIwY2U0NjgxOCJ9,,F000468,男女共用トイレあり | 男女別トイレあり | 調査日=2019-11-18,
45,宮崎県,45201,宮崎市,,特別養護老人ホームわにつか荘,,,889-1702,宮崎市田野町乙1742番地30,31.8381856,131.2764398,http://www.hp.fukushi-zenjinkai.jp/wanituka/,yes,,,,,,yes,,,,,,,,,,,,,,,,,,,,,,multipurpose_toilet,みやざきアクセシビリティ情報マップ,https://m-bfree.pref.miyazaki.lg.jp/a_map/public/facilityAround/eyJpdiI6Im43aDFWMkR2OGphenljeExweWR1S1E9PSIsInZhbHVlIjoib2czbVR3RjFOXC9FYitua3RjRkhaVmc9PSIsIm1hYyI6ImE1MWJmMzNhZTQ3NjU4MmYwMDRmNjIxMGRiNjVlZGYzM2E2ZDhkMDYyMTQ2OTZiMjhkZWE1NjVkNThmNDlhMjYifQ==,,F001488,男女共用トイレあり | 調査日=2020-03-10,
45,宮崎県,45201,宮崎市,,働馬寄公民館,,,880-0916,宮崎市大字恒久6685-2,31.8937908,131.4133988,,yes,,,,,,yes,,yes,,,,,,,,,,,,,,,,,,,,multipurpose_toilet,みやざきアクセシビリティ情報マップ,https://m-bfree.pref.miyazaki.lg.jp/a_map/public/facilityAround/eyJpdiI6ImlnM1BORUNxZTA2TzV0amxHTVhlTVE9PSIsInZhbHVlIjoidVlkTk5jXC9udWtLVzlNMTVEQmNDREE9PSIsIm1hYyI6ImRmNzk1YjY2M2Q4YjQwNjk0ZjljOWI1Nzc3OTJkOWJkOTA5Y2E4Yzk5MTE5NDlkYTRjMTlmZDczYjc5Y2E5ZGIifQ==,,F001696,男女共用トイレあり | 男女別トイレあり | 調査日=2019-11-19,
45,宮崎県,45201,宮崎市,,東横ＩＮＮ宮崎中央通,,,880-0002,宮崎市中央通4-14,31.916966,131.42082,https://www.toyoko-inn.com/search/detail/00125,yes,,1階ロビー奥,,,,yes,,,,,,,,,,,,,,,,,,,,,,multipurpose_toilet,みやざきアクセシビリティ情報マップ,https://m-bfree.pref.miyazaki.lg.jp/a_map/public/facilityAround/eyJpdiI6IlwvVmVjWUlzbUZvOHZrQ2pHY1lIaXJRPT0iLCJ2YWx1ZSI6IlZZY1ZxMEtyV2toSDRJbnR1cTcweVE9PSIsIm1hYyI6Ijc3MmJiODUxYmJhZTBmNTRmNzk3NzE1ZDI2OGI0Nzg3MTVjMTM5YzIwMzlhNzNlMjI4MDUyNGViMDhmMDVjYTQifQ==,,F002574,男女共用トイレあり | 緊急通報装置あり | 調査日=2022-06-30,
45,宮崎県,45201,宮崎市,,時屋地区便所,,,880-2116,宮崎市大字細江字上ノ原5790番1,31.8947895,131.3460732,,yes,,,,,,,,,,,,,,,,,,,,,,,,,,,,multipurpose_toilet,みやざきアクセシビリティ情報マップ,https://m-bfree.pref.miyazaki.lg.jp/a_map/public/facilityAround/eyJpdiI6IktcLzR5YUFVXC9XXC96WHlpNGlLc0lQcFE9PSIsInZhbHVlIjoiWENYbW15R1J0SEhFRDR4QkljRDFrUT09IiwibWFjIjoiYjE0NjA5ZDkzZTg0MWFmNzQ4MTcyNDQyMGY4NzYyYTBmZjViOThjZTg0OWRkZjU4MjIxMjllZDE1ODA4MTBkNCJ9,,F001926,男女共用トイレあり | 調査日=2010-09-02,
45,宮崎県,45443,五ヶ瀬町,,特産センターごかせ,,,882-1203,五ヶ瀬町大字三ヶ所98-1,32.689522,131.177315,https://www.facebook.com/gokase.tokusan,yes,,屋外,,,,,,,,,,,,,,,,,,,,,,,,,,multipurpose_toilet,みやざきアクセシビリティ情報マップ,https://m-bfree.pref.miyazaki.lg.jp/a_map/public/facilityAround/eyJpdiI6IkViNjVPS2lvVGhucTVuV25Xbks2dXc9PSIsInZhbHVlIjoiTWNHRlFBNGRIWWNkNnNWdFwvYmpRakE9PSIsIm1hYyI6IjkwMDc2MWEzZDgxZGM1MmVjYTNiNWU1Nzc5NDk4YjBiOWI2OTIyNDlhZWQ0OWQ1MzFhYWMyYmI1MmFiMjkzNzEifQ==,,F002424,男女共用トイレあり | 調査日=2024-12-24,
45,宮崎県,45201,宮崎市,,特定非営利活動法人オレンジ障害児通所支援事業所,,,880-0212,宮崎市佐土原町下那珂字山崎7983番1,32.0136739,131.4449504,,yes,,,,,,,,,,,,,,,,,,,,,,,,,,,,multipurpose_toilet,みやざきアクセシビリティ情報マップ,https://m-bfree.pref.miyazaki.lg.jp/a_map/public/facilityAround/eyJpdiI6Im9ZK3BNUkRkQjVHaVZSVmx6SXAzcUE9PSIsInZhbHVlIjoidHI1aFNnNUl1WndcL1RoV1c2NzVvcnc9PSIsIm1hYyI6ImQxMDZmN2Q1YTE0ZjU0NDNjZTE5YTc0NjE0MDlkZmEyMzQxZDI4ZjE4MTgyYzY0YmVlNGMyZTBlMWUyNjI0YTEifQ==,,F000709,男女共用トイレあり | 調査日=2019-09-01,
45,宮崎県,45201,宮崎市,,特定非営利活動法人みやざき文化センター,,,880-0051,宮崎市江平西1丁目5番11号江平ビル105号,31.9261544,131.4247475,http://www.kodomo-bunka.org/,yes,,,,,,,,,,,,,,,,,,,,,,,,,,,,multipurpose_toilet,みやざきアクセシビリティ情報マップ,https://m-bfree.pref.miyazaki.lg.jp/a_map/public/facilityAround/eyJpdiI6IkNEYzRRQU1KWGZlUXNTQzBZVVpYY2c9PSIsInZhbHVlIjoicHRCSDlvMG9DSXY0ZHR0VzdzdVRWdz09IiwibWFjIjoiMDIwYWM2NWRjODUwYzI0NTdkMGJhNTBlNWY4NmM1ZWZiZThhMTkxN2MyODU0NWI1NjNiYmY4NjE1M2IxY2RhOCJ9,,F001151,男女共用トイレあり | 調査日=2013-09-10,
45,宮崎県,45208,西都市,,特別史跡公園西都原古墳群,,,881-0005,西都市大字三宅5670,32.1249363,131.3811453,http://www.mppf.or.jp/saito/,yes,,屋外（第1古墳群） / 屋外（第2古墳群） / 屋外（第3古墳群） / 屋外（高取山） / 屋外,,,,yes,,,,yes,,,,,,,,,,,,,,,,,,multipurpose_toilet,みやざきアクセシビリティ情報マップ,https://m-bfree.pref.miyazaki.lg.jp/a_map/public/facilityAround/eyJpdiI6IlhMQVBXaWRrZENHRkFkOU05dERpWGc9PSIsInZhbHVlIjoiRWlEckE2azk1V0JhQVpHZEJ0aDdDZz09IiwibWFjIjoiNzZkODIxNDIyMDRmZGIxN2YxYzdhMjE4MmYzYjRjNDQ3MDU2MTY4YTE3ZGU3NmY1NDEwMzljNjY2NmMzNjlmMiJ9,,F002096,男女共用トイレあり | 男女別トイレあり | 緊急通報装置あり | 調査日=2019-12-11,
45,宮崎県,45201,宮崎市,,特別養護老人ホーム 江南よしみ園,,,880-0931,宮崎市古城町南川内676,31.8856369,131.4022127,http://www.kounanyoshimi.com/,yes,,,,,,,,,,,,,,,,,,,,,,,,,,,,multipurpose_toilet,みやざきアクセシビリティ情報マップ,https://m-bfree.pref.miyazaki.lg.jp/a_map/public/facilityAround/eyJpdiI6Im5BZjdXeHhKbXpsMnBucG1xWEc5VXc9PSIsInZhbHVlIjoiRlpIbm40NDhhK2MwMStSa2hpaG5oUT09IiwibWFjIjoiYzU2ZDRmZjM5OTczZTY4N2IzMTVjNDUzNWQxNTM1ODQ3ZWYxYTdkNDE3YjhhYmVlNzJhNjA4YzQyOTYwODdjOCJ9,,F000416,男女共用トイレあり | 調査日=2020-03-14,
45,宮崎県,45209,えびの市,,特別養護老人ホームえびの涼風園,,,889-4161,えびの市大字岡松1番地,32.0419143,130.753839,http://www.ryofuen.com/,yes,,,,,,yes,,,,,,,,,,,,,,,,,,,,,,multipurpose_toilet,みやざきアクセシビリティ情報マップ,https://m-bfree.pref.miyazaki.lg.jp/a_map/public/facilityAround/eyJpdiI6InJzMU05QjRlcHZFZFVtZFhzQVU4SlE9PSIsInZhbHVlIjoiajNZME82S3hVS29lSThIUWdLOHEzUT09IiwibWFjIjoiOGY2YjA0MWJmNTM1YTZiNjNmYzEyNmM1YzYwZjcyMDdmZmIwN2NiMDkzMjJjMDI1NDhkN2RjMTA4NjhlOWEwMyJ9,,F000769,男女共用トイレあり | 調査日=2019-09-01,
45,宮崎県,45203,延岡市,,特別養護老人ホーム楓荘,,,882-0021,延岡市無鹿町1丁目2031番地5,32.6145354,131.6835419,,yes,,,,,,,,,,,,,,,,,,,,,,,,,,,,multipurpose_toilet,みやざきアクセシビリティ情報マップ,https://m-bfree.pref.miyazaki.lg.jp/a_map/public/facilityAround/eyJpdiI6IlU0K0JwbUt6ajJBRjgwajRYYUNLT3c9PSIsInZhbHVlIjoiVXNHd0ErMDhvYXRNVElOcFk5RWF5Zz09IiwibWFjIjoiNjk2MTY2NGY4NTMzNTQ5MDI1NmEyOTcxZjFlN2JmOGMzZDExMTMyM2RkYTFlNWUyYWUxYWY2Y2ZhMGE4Y2EzYiJ9,,F001390,男女別トイレあり | 調査日=2019-11-25,
45,宮崎県,45202,都城市,,特別養護老人ホーム霧島荘,,,889-1802,都城市山之口町花木2302-1,31.7862217,131.1554442,https://www.m-sj.or.jp/directry-2/kirishima/,yes,,,,,,,,,,,,,,,,,,,,,,,,,,,,multipurpose_toilet,みやざきアクセシビリティ情報マップ,https://m-bfree.pref.miyazaki.lg.jp/a_map/public/facilityAround/eyJpdiI6ImhRVHM3SFNlQWJreFZSYU40SXoyYVE9PSIsInZhbHVlIjoiZkEyTnRTK1g0QkVYZk9oYk5wZVllZz09IiwibWFjIjoiZTU1ZGEwZjNhMzRlNjJlYTljZjcwYmI5MDQ5MWFlNDFmMjlhYmVmYzhkYzVhZWVjNjEyNzEzYmJhNDJkMmQyMSJ9,,F000653,男女別トイレあり | 調査日=2013-09-13,
45,宮崎県,45203,延岡市,,特別養護老人ホーム敬寿園,,,882-0034,延岡市昭和町3丁目9番地3,32.589148,131.6835419,,yes,,,,,,,,,,,,,,,,,,,,,,,,,,,,multipurpose_toilet,みやざきアクセシビリティ情報マップ,https://m-bfree.pref.miyazaki.lg.jp/a_map/public/facilityAround/eyJpdiI6Im9sbnFVcjFyQ0Y2UmJXSnhcL0lEWjJRPT0iLCJ2YWx1ZSI6IlwvTUdVMU1ic1RmZDBmTGpjdzB3VENnPT0iLCJtYWMiOiJjMjllMzRlOGNhMTI1ZDkwM2U2OTMzOTM5NGU3OTM2MDllYWZlYTQ2ODcxNjU2NTZhMTM2MDI2YTBmNDBlYjNlIn0=,,F001326,男女共用トイレあり | 調査日=2020-03-13,
45,宮崎県,45201,宮崎市,,社会福祉法人愛鍼福祉会 特別養護老人ホームゴールデンレイク,,,889-2161,宮崎市大字加江田4514番地2,31.8115513,131.4449204,http://www.aisinfukusikai.jp/original9.html,yes,,,,,,,,,,,,,,,,,,,,,,,,,,,,multipurpose_toilet,みやざきアクセシビリティ情報マップ,https://m-bfree.pref.miyazaki.lg.jp/a_map/public/facilityAround/eyJpdiI6InJXYUVxQyttUlpwbHdtNnpqUk1QRWc9PSIsInZhbHVlIjoiMW5tdVdydFVaTTUwTWlESitvcCt5UT09IiwibWFjIjoiOTE2MDcyMjIyZTI3ZWQ3NTJlMzgzMWFmMzQ2OGVmN2FkM2I3NDA0MzlkNjM3ZGI5MWFiMDBmMjAzNzFiOGJlYiJ9,,F001159,男女共用トイレあり | 調査日=2019-09-01,
45,宮崎県,45201,宮崎市,,特別養護老人ホーム皇寿園,,,880-0835,宮崎市阿波岐原町前浜4276番地650,31.9394687,131.4620438,http://www.hyugakosei.jp/koujyuen,yes,,,,,,,,,,,,,,,,,,,,,,,,,,,,multipurpose_toilet,みやざきアクセシビリティ情報マップ,https://m-bfree.pref.miyazaki.lg.jp/a_map/public/facilityAround/eyJpdiI6IkZoenVqYmlCQ01EdFpWV25TZklXOXc9PSIsInZhbHVlIjoiZkZ6VEVDSHdFWUhtTHB1Rk5FZEltUT09IiwibWFjIjoiYTg3NWQzYjNiODFlYzdjZTY0ZDBhYTM1N2Q1NDU4OWM1YmY4ODJmNmUzYmIzOTNiNGM5MWJlYTU0MWEzZmVhZCJ9,,F001009,男女共用トイレあり | 調査日=2020-03-11,
45,宮崎県,45201,宮崎市,,特別養護老人ホーム三愛園,,,880-0834,宮崎市新別府町前浜1401番地271,31.9225535,131.4600946,https://www.shin-wa-kai.jp/,yes,,,,,,yes,,,,,,,,,,,,,,,,,,,,,,multipurpose_toilet,みやざきアクセシビリティ情報マップ,https://m-bfree.pref.miyazaki.lg.jp/a_map/public/facilityAround/eyJpdiI6ImY0TFVMT1FWTjZtQTJ4ODkxOUxXOUE9PSIsInZhbHVlIjoiVitoTDlZclVQMjNYT09yQ3JEaWlPZz09IiwibWFjIjoiODBhZjNhZDM1YTNjMTZlMmVkZjliOTkxN2VhZWVlZWNjNmRkMjdlYzc1MzE4OTUyYzAzMTMxNjFlNmY5MDNkOSJ9,,F000658,男女共用トイレあり | 緊急通報装置あり | 調査日=2020-03-11,
45,宮崎県,45201,宮崎市,,特別養護老人ホーム城ヶ崎小戸の家,,,880-0917,宮崎市城ヶ崎3丁目3番3,31.8979026,131.4325697,,yes,,,,,,,,yes,,,,,,,,,,,,,,,,,,,,multipurpose_toilet,みやざきアクセシビリティ情報マップ,https://m-bfree.pref.miyazaki.lg.jp/a_map/public/facilityAround/eyJpdiI6InhoN3hSTHFFTmRmUkJBaTlRSHg5YXc9PSIsInZhbHVlIjoiQkdkOFwvcDNRNzBSQk1KUjhtbHNiWnc9PSIsIm1hYyI6ImQ2NzAwOGFhMmQ1NTg1Y2JmMjRlZjM3Nzk5ZmE5Y2VkNWJkOGMzYzg3NjZkMmU4OGRhM2QzYWEwZDNmZWM0NDEifQ==,,F001766,男女共用トイレあり | 調査日=2020-03-10,
45,宮崎県,45201,宮崎市,,特別養護老人ホームしらふじ,,,880-2101,宮崎市大字糸原400番地,31.9572633,131.3691115,http://ryoundo.or.jp/sirafuji/index.html,yes,,,,,,,,,,,,,,,,,,,,,,,,,,,,multipurpose_toilet,みやざきアクセシビリティ情報マップ,https://m-bfree.pref.miyazaki.lg.jp/a_map/public/facilityAround/eyJpdiI6IldOZ1FrWUtsMEpCR2NVdzhKSHFHS1E9PSIsInZhbHVlIjoiYWs1dWZEaEJpdnV2T2NQSDcrcjlwdz09IiwibWFjIjoiYWQ0MWNmNGRjZGU0ZmE4ZWQ5ODAyNGJjZjNkZGFmMTA2YTM3NDMwYWM4N2FhOTM3YWFjNGI5ZjU2MjcwMDU1MyJ9,,F001074,男女別トイレあり | 調査日=2020-03-11,
45,宮崎県,45203,延岡市,,特別養護老人ホーム水明荘,,,889-0516,延岡市鯛名町908番地1,32.5064554,131.69557,,yes,,１階,,,,yes,,,,,,,,,,,,,,,,,,,,,,multipurpose_toilet,みやざきアクセシビリティ情報マップ,https://m-bfree.pref.miyazaki.lg.jp/a_map/public/facilityAround/eyJpdiI6IkZtMkhpS1Z2Z0Z2VDIxT3I1RDROcXc9PSIsInZhbHVlIjoiWGxPXC9tNGZOXC9uSDdEQWVPU2VzT09nPT0iLCJtYWMiOiI3MTI3MzI2OTI4Yjg2ZGZiM2YwMzg1NDUyZjVlNTYwMWQzM2VhYjlkOTZjZDQ2OGYwOTBlMWQ0ZmVjNDhmNzk1In0=,,F001358,男女共用トイレあり | 緊急通報装置あり | 調査日=2019-09-01,
45,宮崎県,45405,川南町,,特別養護老人ホーム鈴南の里,,,889-1301,川南町大字川南12707番地,32.2093173,131.5385124,http://suzunaminosato.com/,yes,,１階,,,,,,,,,,,,,,,,,,,,,,,,,,multipurpose_toilet,みやざきアクセシビリティ情報マップ,https://m-bfree.pref.miyazaki.lg.jp/a_map/public/facilityAround/eyJpdiI6IjhoYVdaM2VxVDlkZFhKOW5TdGp4WVE9PSIsInZhbHVlIjoiWWJqTXU1U2VHeGREYUVaNE84bVA5UT09IiwibWFjIjoiNjM2Yjc2ZGJkZTFlMzhhOTdmMzlkZDZmNDJlN2M3NTRiOTcyZDQ4ODY4NTQ0MTFmMDRiNjM1NTAyNzM4NWM2OSJ9,,F001284,男女別トイレあり | 緊急通報装置あり | 調査日=2019-11-11,
45,宮崎県,45201,宮崎市,,特別養護老人ホーム住之江,,,880-0121,宮崎市大字島之内2752番地,31.9939803,131.4501474,http://www.m-shinwakai.jp/,yes,,,,,,,,,,,,,,,,,,,,,,,,,,,,multipurpose_toilet,みやざきアクセシビリティ情報マップ,https://m-bfree.pref.miyazaki.lg.jp/a_map/public/facilityAround/eyJpdiI6InV0ZE1iOWd5Slp3WXpvN3BrbVVvXC9BPT0iLCJ2YWx1ZSI6InR0MjNcL29sKzJrZDhKZ1lWMnNVS2F3PT0iLCJtYWMiOiI0ZGVmZjY1NzRkZmQxMTY2YmExN2RiZDRkNjBkNmQzMjU2ZGI2MjRmNzAyZTg1ZGU3MTZiZDM3NWRiOWI3YmUwIn0=,,F001170,男女別トイレあり | 調査日=2019-09-01,
45,宮崎県,45202,都城市,,特別養護老人ホーム 白寿園,,,885-0114,都城市庄内町8673番地,31.7699911,131.0214202,,yes,,,,,,,,,,,,,,,,,,,,,,,,,,,,multipurpose_toilet,みやざきアクセシビリティ情報マップ,https://m-bfree.pref.miyazaki.lg.jp/a_map/public/facilityAround/eyJpdiI6IjZLc0lmQ3RRbG9WcWFXVWM4RU1EYWc9PSIsInZhbHVlIjoiaCtHUWhpUjNMUE9hd2FNdGZCSGVuQT09IiwibWFjIjoiYjhmYTczNzkzNDMyMTg1MjQwYjg4YzVmYWU5YzA2MTAwODYzZmU5YzI2YzVlM2U1MTNiMTJlMTBhNWNmOTY4MCJ9,,F000354,男女共用トイレあり | 調査日=2013-09-04,
45,宮崎県,45203,延岡市,,特別養護老人ホームひえいの郷,,,882-0125,延岡市北方町川水流卯1810番地86,32.5737568,131.5151391,http://www.kawazurufukushikai.jp,yes,,,,,,,,,,,,,,,,,,,,,,,,,,,,multipurpose_toilet,みやざきアクセシビリティ情報マップ,https://m-bfree.pref.miyazaki.lg.jp/a_map/public/facilityAround/eyJpdiI6ImN2dnlJYzY2MTczdml4c2tzSmo1enc9PSIsInZhbHVlIjoiNCs0K3NMV3BJdFwvNTlRVXpNRW96UHc9PSIsIm1hYyI6IjQ5M2IwMTBlYTBhMmQ0NzIyOGY2OTRhZDgwZTQzNDIxYTEzYWUwNzZjMTIzYTJhNDNjMmE5NjUxYTUyM2MyOTkifQ==,,F001571,男女別トイレあり | 調査日=2019-09-01,
45,宮崎県,45203,延岡市,,特別養護老人ホームふれあいの里,,,882-0876,延岡市沖田町2240番地1,32.5416367,131.6683615,http://www.heart-fureai.jp/,yes,,,,,,,,,,,,,,,,,,,,,,,,,,,,multipurpose_toilet,みやざきアクセシビリティ情報マップ,https://m-bfree.pref.miyazaki.lg.jp/a_map/public/facilityAround/eyJpdiI6ImFiUWQza25UbWNFTDBNTGRcL1lRTmtRPT0iLCJ2YWx1ZSI6ImdvK29FdlwvUFVYSnlPU1orWEE1VkdBPT0iLCJtYWMiOiJjMWRhM2UxNjRkYjhlNTdmMTFkM2ZjNTlkOGU1NTEwYmE4MzZlYWMxMzM5NDM0ZDA2MDNmM2EyOWY3MzBjZDlkIn0=,,F001378,男女別トイレあり | 調査日=2020-03-13,
45,宮崎県,45201,宮崎市,,特別養護老人ホーム芳生苑,,,880-0045,宮崎市大字大瀬町3190,31.9843314,131.3799603,http://www.houseien.jp/,yes,,,,,,yes,,,,,,,,,,,,,,,,,,,,,,multipurpose_toilet,みやざきアクセシビリティ情報マップ,https://m-bfree.pref.miyazaki.lg.jp/a_map/public/facilityAround/eyJpdiI6ImJiZFJEUVMxXC9ZOGdPU1U5REE4eVV3PT0iLCJ2YWx1ZSI6IjlMNnhuTVlycGtsVUFTdThOUFJ4R1E9PSIsIm1hYyI6IjZkM2JiZTZmYmZjNTRlNjQ4YWFkY2EzNTJiMzU4MWYxMTZmNzI0ZGM4NDZiZGZlZmViNmVjNzBjMDM2ODNhYmUifQ==,,F000927,男女共用トイレあり | 調査日=2020-03-14,
45,宮崎県,45202,都城市,,特別養護老人ホーム 豊望園,,,885-0061,都城市安久町4995-1,31.7002596,131.0718651,http://www.houei-group.or.jp/,yes,,,,,,,,,,,,,,,,,,,,,,,,,,,,multipurpose_toilet,みやざきアクセシビリティ情報マップ,https://m-bfree.pref.miyazaki.lg.jp/a_map/public/facilityAround/eyJpdiI6IkdCWEtoNTMzWDVxM3pheWZVdWZPN3c9PSIsInZhbHVlIjoiUmJcL0xuOUkxVDhGR255eGhUQzdGb1E9PSIsIm1hYyI6IjY0YjFiODM3M2U0NDM3YzEwNTRlMjUyZjgzN2RkZGVmMDJkZDY5Y2NhYTQwNGE3Y2NmMjE3ZTQzZDY2ODVhODUifQ==,,F000733,男女共用トイレあり | 調査日=2002-09-27,
45,宮崎県,45208,西都市,,特別養護老人ホーム三納の里,,,881-0102,西都市大字平郡字菰田598番地1,32.087617,131.3737,http://sanseikai-sw.jp/,yes,,,,,,,,,,,,,,,,,,,,,,,,,,,,multipurpose_toilet,みやざきアクセシビリティ情報マップ,https://m-bfree.pref.miyazaki.lg.jp/a_map/public/facilityAround/eyJpdiI6IlVjeGx3aGNjWU93d0Q1eXFNb3BBU1E9PSIsInZhbHVlIjoiZ2RVUmhtMEg0c3FMRXdtUmNjc2pVZz09IiwibWFjIjoiN2MxOTFkNTJhYjdhZmU3ZjUwODc1YzkxNjQ1MWFlODIxNDI0OWFlMDQ2YmQ5NGM5YjFkYTg4ZjY5MTg4MWMyZCJ9,,F001734,男女共用トイレあり | 調査日=2019-11-20,
45,宮崎県,45203,延岡市,,特別養護老人ホームみのり園,,,882-0075,延岡市岡元町630-1,32.566711,131.5629191,,yes,,,,,,yes,,,,,,,,,,,,,,,,,,,,,,multipurpose_toilet,みやざきアクセシビリティ情報マップ,https://m-bfree.pref.miyazaki.lg.jp/a_map/public/facilityAround/eyJpdiI6InJZUkJ4Qjd2Q1hoMnphTUl5Y05rOUE9PSIsInZhbHVlIjoiWlVMODFPY0RuSXZHY05hXC96QW5WZWc9PSIsIm1hYyI6ImNmMWVhYjk0NzAyMjFiNjljNzEwMzE4ZmYwMjNiNWNiODc2NmJlM2M5Njg4ZDU4MmM2Mzk0YTI2MGRiZmFiMTIifQ==,,F001884,男女共用トイレあり | 調査日=2019-09-01,
45,宮崎県,45201,宮崎市,,特別養護老人ホーム裕生園,,,880-2221,宮崎市高岡町内山2407番地3,31.9682557,131.2952301,http://www.sin-ai-kai.jp/,yes,,,,,,,,,,,,,,,,,,,,,,,,,,,,multipurpose_toilet,みやざきアクセシビリティ情報マップ,https://m-bfree.pref.miyazaki.lg.jp/a_map/public/facilityAround/eyJpdiI6IllkWDdhRUNNVzV2RUJKTk5YS0IwSVE9PSIsInZhbHVlIjoiV0V4MVk1MmplT24ySlRGXC84ZnJBVGc9PSIsIm1hYyI6IjljMDcxNzFjMWVjMjg1Zjk5ZDdhMjE3MmU0M2U4YjE0NzQ1MDA0MWRkZjhhYWQzZjJkNWQ3YmVlYjMzNWM5OGYifQ==,,F000673,男女共用トイレあり | 調査日=2020-03-11,
45,宮崎県,45201,宮崎市,,特別養護老人ホーム悠楽園,,,880-2101,宮崎市大字跡江2366番地,31.945656,131.3887767,http://ryoundo.or.jp/,yes,,,,,,yes,,,,,,,,,,,,,,,,,,,,,,multipurpose_toilet,みやざきアクセシビリティ情報マップ,https://m-bfree.pref.miyazaki.lg.jp/a_map/public/facilityAround/eyJpdiI6IlpIMmU3UzdkcW9tclhSaTNLSFwvWjN3PT0iLCJ2YWx1ZSI6IlR4WTZRMmlFd0V6Z3pXSUo0VVhkakE9PSIsIm1hYyI6IjJkNjcwYjU3ZTY4ZDc4ZGIxYzQ5OTBiOGVlYTRhZjZhYjg4NzllYmQ1NWFlN2IxMDNmMmJlNTA1ZDJmN2QzNjAifQ==,,F000935,男女共用トイレあり | 調査日=2020-03-11,
45,宮崎県,45201,宮崎市,,特別養護老人ホームリバーサイド学園木花,,,889-2156,宮崎市大字鏡洲560番地,31.826409,131.3991994,https://www.riverside-gk.jp/,yes,,,,,,yes,,,,,,,,,,,,,,,,,,,,,,multipurpose_toilet,みやざきアクセシビリティ情報マップ,https://m-bfree.pref.miyazaki.lg.jp/a_map/public/facilityAround/eyJpdiI6IndSYUZCTDZOY1B0QkNjZGFvXC9xQlpRPT0iLCJ2YWx1ZSI6IjlPNGpHSDNuYTBzVXdyQWJIYVdWb0E9PSIsIm1hYyI6IjgxNDk5M2YzMTQ1OWZkZmI4N2UyOGE1ZjkyMTNkODBlNjEyYzg5NWM4YjU4ZTMxNmE4MWM2ZThlYTUzM2NlZmMifQ==,,F000771,男女別トイレあり | 調査日=2020-03-10,
45,宮崎県,45201,宮崎市,,ドコモショップ江平店,,,880-0051,宮崎市江平西2-1-47,31.9283501,131.4262473,,yes,,,,,,,,,,,,,,,,,,,,,,,,,,,,multipurpose_toilet,みやざきアクセシビリティ情報マップ,https://m-bfree.pref.miyazaki.lg.jp/a_map/public/facilityAround/eyJpdiI6ImplTEJRWVlwTHFhR1hSR1hHQUQ5T2c9PSIsInZhbHVlIjoicm1XRElBU3JcL0IwM2dZNk8yQzVOMlE9PSIsIm1hYyI6IjAzN2I4YTg0NmFkNTJhZGYyOTk2ZTYyMmNkYzBmYjU5NzhkNGVmN2VlYTFmN2M1YzIzMzA4ZTk0ZGIzYmNmZjAifQ==,,F001921,男女共用トイレあり,
45,宮崎県,45208,西都市,,ドコモショップ西都店,,,881-0033,西都市大字妻字平田1654－1,32.1044985,131.3992796,https://www.nttdocomo.co.jp/support/shop/search/shop.html?id=0950058300300&cid=CRP_SUP_shop_from_gmb,yes,,,,,,,,,,yes,,,,,,,,,,,,,,,,,,multipurpose_toilet,みやざきアクセシビリティ情報マップ,https://m-bfree.pref.miyazaki.lg.jp/a_map/public/facilityAround/eyJpdiI6IjVNR0VcL3grS2FGWnRJZFV4NFQrelNnPT0iLCJ2YWx1ZSI6Im9qZzNVUEJ2NW1nZjliM0FxdlhFT1E9PSIsIm1hYyI6IjE0ZTFkNDZlNjU5ZDJlYTYxZDlmMGY1NDg2ZDcxYjM1ZTgzMzdiYmRlMWY3MjgzYTI4NDIxY2Q4ZDFmNjcyMmYifQ==,,F001020,男女共用トイレあり | 調査日=2019-11-09,
45,宮崎県,45201,宮崎市,,ドコモショップ宮崎東店,,,880-0841,宮崎市吉村町長田甲2359,31.9122875,131.4471747,,yes,,,,,,,,,,,,,,,,,,,,,,,,,,,,multipurpose_toilet,みやざきアクセシビリティ情報マップ,https://m-bfree.pref.miyazaki.lg.jp/a_map/public/facilityAround/eyJpdiI6Imx2YlN1U1FxU0RtQjlHXC9TUDNnREl3PT0iLCJ2YWx1ZSI6ImdRYlBqMGljZVNOcDhXbU0zSExTVVE9PSIsIm1hYyI6ImI4OTk4NDhlOWRiY2FjZDk4NTczNTAzOWVmM2Y2Mjc0ZTRjYjM1MDMzZWJhMzE4ZTNhMzY0NDUxNDY0ZWYzY2EifQ==,,F000009,男女共用トイレあり,
45,宮崎県,45201,宮崎市,,ドコモスポット本郷店,,,880-0911,宮崎市大字田吉城ノ下5508-1,31.866555,131.432117,,yes,,,,,,,,,,,,,,,,,,,,,,,,,,,,multipurpose_toilet,みやざきアクセシビリティ情報マップ,https://m-bfree.pref.miyazaki.lg.jp/a_map/public/facilityAround/eyJpdiI6Ik1KbjhGSjJJbEZHXC91RzJFcEFMWTFBPT0iLCJ2YWx1ZSI6IlhyaGRjM2tINjZFeHhwUjRMcUM5VXc9PSIsIm1hYyI6ImY5OTMzMDllNjI3NzU1MzgwODBlMDg0YTIzOGZjZWU3NWQyOGUxNjI0MmJhZTA3YjIwNWRlOTA4NDllMmYyMDMifQ==,,F000817,男女共用トイレあり,
45,宮崎県,45202,都城市,,戸嶋病院,,,885-0013,都城市郡元1丁目9番地5,31.7428667,131.0899591,https://keiwakaigroup.com/hp/service/,yes,,1階,,,,,,,,,,,,,,,,,,,,,,,,,,multipurpose_toilet,みやざきアクセシビリティ情報マップ,https://m-bfree.pref.miyazaki.lg.jp/a_map/public/facilityAround/eyJpdiI6IjlIMmg2Zzhuc1ZZYUI1Mm5rU3VzSGc9PSIsInZhbHVlIjoiN0xmeUp5cytoVjc4NXQ1ckdxS2JmQT09IiwibWFjIjoiNTMyNTRjNzk0OGY2NTgyMjMxNDMxYTg2ZWYxZTgxZjMzYjJkNWY2NjA0YTVkMDBjOThmYzQ4MDk5YTBjOWNlZiJ9,,F000702,男女共用トイレあり | 緊急通報装置あり | 調査日=2002-09-26,
45,宮崎県,45203,延岡市,,土々呂公園,,,889-0513,延岡市土々呂町1丁目298-1,32.514352,131.6828801,,yes,,屋外,,,,,,,,,,,,,,,,,,,,,,,,,,multipurpose_toilet,みやざきアクセシビリティ情報マップ,https://m-bfree.pref.miyazaki.lg.jp/a_map/public/facilityAround/eyJpdiI6Im5BaDR4d21UeFBUY2p1ZHM2OXUxaWc9PSIsInZhbHVlIjoiNURMQ1BJZTljUUd1dVpKSzZFaW5aQT09IiwibWFjIjoiZTE4YWE3MmE3Yjk5ZDA2Y2EyNGNiZWU5OTQ1ZDAwNTMwNTU1OWYwNWQyNGYyZjY3ZGRmNzNhYWI0ZDFiYzczZCJ9,,F002059,男女共用トイレあり | 緊急通報装置あり | 調査日=2002-09-05,
45,宮崎県,45201,宮崎市,,どなん本郷,,,880-0925,宮崎市大字本郷北方字島田3156番1,31.87225,131.422073,https://iwashou-donan.com/index.html,yes,,,,,,,,,,,,,,,,,,,,,,,,,,,,multipurpose_toilet,みやざきアクセシビリティ情報マップ,https://m-bfree.pref.miyazaki.lg.jp/a_map/public/facilityAround/eyJpdiI6Ikt6Z3IwRlNsYW1DbTgwUlIyWWwrRWc9PSIsInZhbHVlIjoiREYyMkcxblpNclVQN2dweTZuMXRaQT09IiwibWFjIjoiYTg0ZTRiMzZkYjY0YzNlZTk4MjU0MmUwODc0YTgwNmIwYzRiOTZlNjE2MWM0NTYzNjc5MGU3YTAyNWMxODAxZSJ9,,F002555,調査日=2022-01-06,
45,宮崎県,45430,椎葉村,,十根川地区重要伝統的建造物保存地区,,,883-1600,椎葉村十根川,32.512436,131.192494,https://www.shiibakanko.jp/tourism/spot-3/spot6,yes,,十根川神社参道入口駐車場内,,,,,,,,,,,,,,,,,,,,,,,,,,multipurpose_toilet,みやざきアクセシビリティ情報マップ,https://m-bfree.pref.miyazaki.lg.jp/a_map/public/facilityAround/eyJpdiI6IkNId3dzcGNrODMyNll5Mno1ZFN6OGc9PSIsInZhbHVlIjoiT1FqTktCSVJHdGR6RFV5Q3hXZXFOdz09IiwibWFjIjoiOWRmMDNjYjFjYzQ4ZWE3OTMzZDg1ZGE5NTQ4NDc2MWQ5M2M2MTQ2MDY3NGI2YTNiODVlMjY0ODRlYzA0OTlhOCJ9,,F002483,男女共用トイレあり | 緊急通報装置あり | 調査日=2020-08-20,
45,宮崎県,45208,西都市,,都於郡城跡（国指定）,,,881-0104,西都市大字荒武 鹿野田,32.060642,131.374782,https://www.saito-kanko.jp/tourisms/%E9%83%BD%E6%96%BC%E9%83%A1%E5%9F%8E%E8%B7%A1/,yes,,都於郡城址入口の第２駐車場内にあります。,,,,,,,,,,,,,,,,,,,,,,,,,,multipurpose_toilet,みやざきアクセシビリティ情報マップ,https://m-bfree.pref.miyazaki.lg.jp/a_map/public/facilityAround/eyJpdiI6Ijc2NEF1azlONTBobWl0UFlEaWluXC93PT0iLCJ2YWx1ZSI6Im9SQU9pOFJJb01KTzNpRzJ4N2prTnc9PSIsIm1hYyI6IjE0NGZiNjZjYzliOGI1NDk1ZTYyZTI2ZjA1MThkNzUyMjA2OGVjMmZmMjU0NjFmNjE4NjQ2YWJmYjk3ZGQ5ZGIifQ==,,F002503,男女共用トイレあり | 緊急通報装置あり | 調査日=2020-09-29,
45,宮崎県,45201,宮崎市,,とまと薬局,,,880-0921,宮崎市本郷南方2477-1,31.8544998,131.4346787,,yes,,,,,,,,,,,,,,,,,,,,,,,,,,,,multipurpose_toilet,みやざきアクセシビリティ情報マップ,https://m-bfree.pref.miyazaki.lg.jp/a_map/public/facilityAround/eyJpdiI6IjdJOWQ5alhoV3BWVTMreWE5RnJOeWc9PSIsInZhbHVlIjoiTE5UMUdxRTN3bkhcL2o5U0tvUk9jRWc9PSIsIm1hYyI6IjlmZWE1YTNhOTdjMWU5OGRhYTE4Y2NlMjgwMjNiZThlZmEyYjVlYTRmMjk1MWQ5ZTdhNGUxNmE0MzZhNGRmOGMifQ==,,F001854,男女共用トイレあり,
45,宮崎県,45341,三股町,,とまり内科外科胃腸科医院,,,889-1903,三股町稗田47-5,31.7334742,131.1048635,https://hakusuikai.jimdo.com/,yes,,,,,,,,,,,,,,,,,,,,,,,,,,,,multipurpose_toilet,みやざきアクセシビリティ情報マップ,https://m-bfree.pref.miyazaki.lg.jp/a_map/public/facilityAround/eyJpdiI6Im5JeEtHZCtVZWRiUUxOSDFNMGdRdFE9PSIsInZhbHVlIjoiNlwvcXV6VjNlNjFTdEV4aWFSam1uQXc9PSIsIm1hYyI6ImRjYWE1ZDNiYjUxY2U3NmQ3MTg3OWU4MDVjZjRmMDlkMTk0NDU5NTg3MDVmMjc5ZjNmNDU2MjdlODMzMmE0NjkifQ==,,F001054,調査日=2013-09-19,
45,宮崎県,45206,日向市,,富島漁業協同組合,,,883-0001,日向市大字細島852番地3,32.4270585,131.6671498,,yes,,１階,,,,,,,,,,,,,,,,,,,,,,,,,,multipurpose_toilet,みやざきアクセシビリティ情報マップ,https://m-bfree.pref.miyazaki.lg.jp/a_map/public/facilityAround/eyJpdiI6IlA4QlYraDRPZXpKUlJRMXpvTlh0S0E9PSIsInZhbHVlIjoiVzlDSlo4WHk4dE9maStPa1RZNXdDdz09IiwibWFjIjoiYWFlYmU4MzkxZjRmZTY3ODUwNGQxZGZlY2ZjNTRkYTUwOGRjZTE2M2Y0MDllNmNlY2FiNTZjNDU0ZDBhNDgwMSJ9,,F001920,男女共用トイレあり | 緊急通報装置あり | 調査日=2002-09-05,
45,宮崎県,45202,都城市,,冨田医院,,,885-0023,都城市栄町14-2,31.7344165,131.07771,,yes,,１階,,,,yes,,,,,,,,,,,,,,,,,,,,,,multipurpose_toilet,みやざきアクセシビリティ情報マップ,https://m-bfree.pref.miyazaki.lg.jp/a_map/public/facilityAround/eyJpdiI6IlNzTUZFMWZxVlNHU1AycjFvNk9TYWc9PSIsInZhbHVlIjoicTVkcGNkNVJUR1dSbmwxS1hscEdKUT09IiwibWFjIjoiOGYyMGU5NWFlMjRhZGIwNzkxNjVlMzM0ZDRkMTZlMWYyYmM5NmYxNzgzNWUzMDViMmVkY2U2MDcyODQzMTE3NCJ9,,F000269,男女共用トイレあり | 緊急通報装置あり | 調査日=2002-09-24,
45,宮崎県,45201,宮崎市,,富吉保育園,,,880-2114,宮崎市大字富吉2265,31.9454472,131.3555148,http://www.fukushikai.or.jp/tomiyoshi/,yes,,,,,,,,,,,,,,,,,,,,,,,,,,,,multipurpose_toilet,みやざきアクセシビリティ情報マップ,https://m-bfree.pref.miyazaki.lg.jp/a_map/public/facilityAround/eyJpdiI6IlBrMGtFeFpmUzB4c2M2WnMxNGsrNVE9PSIsInZhbHVlIjoiUVZDNFZTNTQwTFlnSHV3NzZHdytoZz09IiwibWFjIjoiZmYyMDMzYzVjMjkyNTJhOGRjNjM5YjYwZGU1OWIwYWNmY2E3ZGY4NzBiYmRhOWVjYTE0NDM2NzNlZTA5ZWI3YiJ9,,F001757,男女共用トイレあり,
45,宮崎県,45207,串間市,,とめのファミリークリニック,,,888-0222,串間市大字都井2179,31.3968016,131.3056173,,yes,,１階,,,,yes,,,,,,,,,,,,,,,,,,,,,,multipurpose_toilet,みやざきアクセシビリティ情報マップ,https://m-bfree.pref.miyazaki.lg.jp/a_map/public/facilityAround/eyJpdiI6IkdrbHpveEVyZ0trNXdjNGVuU3FxR0E9PSIsInZhbHVlIjoiZ2hTVTJ3cW84bEdLY0xsTVRtOFkwZz09IiwibWFjIjoiNjc3ZGNmZTM0YmM5YjkwMjZhZWNmMGIyNGYzZGMzYWZiMTIxYjg0OWYwZDRmYzU2ZTNmNmRkZGE0OTExYTU0OCJ9,,F000835,男女共用トイレあり | 緊急通報装置あり | 調査日=2002-09-05,
45,宮崎県,45201,宮崎市,,巴外科内科,,,880-0916,宮崎市大字恒久5988番地,31.8891339,131.4043658,http://tomoegekanaika.com/index.html,yes,,,,,,,,,,,,,,,,,,,,,,,,,,,,multipurpose_toilet,みやざきアクセシビリティ情報マップ,https://m-bfree.pref.miyazaki.lg.jp/a_map/public/facilityAround/eyJpdiI6Ik42cDRqdkxQcWhTbmxEcmhBSFp5VFE9PSIsInZhbHVlIjoiVGlYSUZoQVdRVFNlWU1FVHFzY0Rrdz09IiwibWFjIjoiYjhiOWVmZmZkZjg4YTYyZTJhOWQ2ODE2NzcxNDIxOWZkYmU0YjBjMWZhOTFiYjEwNGNhMmQ0YmY2ZDU1ZGQxZiJ9,,F000718,男女共用トイレあり | 調査日=2019-11-09,
45,宮崎県,45201,宮崎市,,巴スクール,,,880-0916,宮崎市大字恒久字寺ノ前5996番1,31.8912351,131.4087086,http://tomoegekanaika.com/,yes,,,,,,yes,,,,,,,,,,,,,,,,,,,,,,multipurpose_toilet,みやざきアクセシビリティ情報マップ,https://m-bfree.pref.miyazaki.lg.jp/a_map/public/facilityAround/eyJpdiI6IjFCTkVzV1JVZEUwR2NZR0tMSFJIYWc9PSIsInZhbHVlIjoiQmM3bUg5QzBHaGtXN1pGWnpVc0FJUT09IiwibWFjIjoiZjBiM2Y1NzM4ZjJkYWNmYzU5OTEwMjFlYmFmZGM0YTliYjM2MWQ2MDE1NWVhNzJiZTI3MjE1MzBkNDE1MTU0OSJ9,,F001118,男女共用トイレあり | 調査日=2019-12-08,
45,宮崎県,45201,宮崎市,,トモ薬局和知川原店,,,880-0023,宮崎市和知川原3丁目71番,31.923825,131.4108702,http://tomo.miyazaki.jp/,yes,,,,,,,,,,,,,,,,,,,,,,,,,,,,multipurpose_toilet,みやざきアクセシビリティ情報マップ,https://m-bfree.pref.miyazaki.lg.jp/a_map/public/facilityAround/eyJpdiI6InFWcmVHVERidlY2MmtFNnVLaE1aSEE9PSIsInZhbHVlIjoidHNFR3gxT0FDeGpRYUpaMjVMa2hRQT09IiwibWFjIjoiOWQwMDJmMDM2ZjdhMjZkZjMxYTcyZDFhNWNlZTE4ZjJhMDUyOTBiYjIzNDRhOWY1NWIwZjI4MTliMTVkNTliMyJ9,,F000605,男女共用トイレあり | 調査日=2019-11-21,
45,宮崎県,45201,宮崎市,,豊吉うどん 吉村店,,,880-0841,宮崎市吉村町天神前144-6,31.9312839,131.4438521,http://toyokichi-udon.com/,yes,,,,,,,,,,,,,,,,,,,,,,,,,,,,multipurpose_toilet,みやざきアクセシビリティ情報マップ,https://m-bfree.pref.miyazaki.lg.jp/a_map/public/facilityAround/eyJpdiI6IkQxcFlxdXIrRjlIK0xXbFZlUGhraGc9PSIsInZhbHVlIjoibU1TTXF5Sm02K1pOR1VLcVNDQnVOZz09IiwibWFjIjoiNDA0MzIxNTEyNWY1ZGM5ZWYzOGFjNGIyY2VlZDkxODE3N2ZmMzRiZTZkOGQ4OTQ2NzZhZGRkNmUyZmZmMTYwYSJ9,,F001171,男女共用トイレあり,
45,宮崎県,45202,都城市,,トヨタカローラ宮崎（株） 都城店,,,885-0004,都城市都北町6013－2,31.7672489,131.0917587,https://www.corolla-miyazaki.jp/store-list/miyakonojyo/,yes,,,,,,yes,,,,,,,,,,,,,,,,,,,,,,multipurpose_toilet,みやざきアクセシビリティ情報マップ,https://m-bfree.pref.miyazaki.lg.jp/a_map/public/facilityAround/eyJpdiI6ImV6enF4dGQ3QWFKWUVSdXVycFBGWnc9PSIsInZhbHVlIjoicmhBbWxLdVRDXC9oUFNKcGxEUWt3bUE9PSIsIm1hYyI6IjIyZTU4ZGY2YmEwZDA1ZWVhZjU4NDljNDljYWQxMWViZTE1NmJjMWYxNTE3NDMzMmY0YzZjNDY1NTUwYWRkODUifQ==,,F001477,男女共用トイレあり | 調査日=2013-09-19,
45,宮崎県,45205,小林市,,豊味うどん 孝ノ子店,,,885-0005,小林市大字南西方798－2,31.9888111,130.9465479,http://toyomi.on.omisenomikata.jp/,yes,,,,,,,,,,,,,,,,,,,,,,,,,,,,multipurpose_toilet,みやざきアクセシビリティ情報マップ,https://m-bfree.pref.miyazaki.lg.jp/a_map/public/facilityAround/eyJpdiI6IkxxYlN3OEpzd0w0TTNqVmp2VW1uMEE9PSIsInZhbHVlIjoick9TdTNGbDhjQ2R0MytzWEptN1dCZz09IiwibWFjIjoiZjcwNzhjMjgyNGQ1NTY5ZWQ2ODU4ZmE1NTZjMDlmNjRiZDIxY2U4M2ZmZWU4MzljNWQ1OGNhZDFjNjkyYTFmNyJ9,,F001503,男女共用トイレあり | 調査日=2005-12-26,
45,宮崎県,45201,宮崎市,,トロン薬局花ヶ島,,,880-0057,宮崎市桜町4番地16,31.9515455,131.4366857,,yes,,,,,,,,,,,,,,,,,,,,,,,,,,,,multipurpose_toilet,みやざきアクセシビリティ情報マップ,https://m-bfree.pref.miyazaki.lg.jp/a_map/public/facilityAround/eyJpdiI6IkdIeUdUTTM1WFFITG9iR0ZLWEIzY3c9PSIsInZhbHVlIjoibGJYOE43ZVQ4MGlqMjR0ODBRaU9rdz09IiwibWFjIjoiMTRiNTY4YTQ4OGYwMjU4YzUyZjBiNGEwYjgxMzkwMjE5OGY4Y2M5ZWZlNWEwMjA0ZmNhODg1ZjgwZmU0ZTEwOSJ9,,F000425,男女共用トイレあり,
45,宮崎県,45201,宮崎市,,トロン薬局村角,,,880-0837,宮崎市村角町折口355番5の一部,31.95694,131.44493,,yes,,,,,,,,,,yes,,,,,,,,,,,,,,,,,,multipurpose_toilet,みやざきアクセシビリティ情報マップ,https://m-bfree.pref.miyazaki.lg.jp/a_map/public/facilityAround/eyJpdiI6ImFXdGJlV3B5bEplM2xzK0xDYkdJMnc9PSIsInZhbHVlIjoiKzFXdEthcXErK0hRNUhDQjRhOHB1UT09IiwibWFjIjoiNzhlNDg2ZDY3ZmJkZmQ5YzU1MGQ1YmQ1ZGI0MmE0ZDAxMmJiZDUyY2MxNzJhMzRiNDA1Zjg3ZDFmNDQyYzM5YiJ9,,F002545,調査日=2022-01-06,
45,宮崎県,45205,小林市,,とんかつ さんまるこ亭,,,886-0003,小林市堤2768-10,31.978017,130.997743,https://www.sanmaruko-tei.com/,yes,,店舗入り口入って右手,,,,yes,,,,yes,,,,,,,,,,,,,,,,,,multipurpose_toilet,みやざきアクセシビリティ情報マップ,https://m-bfree.pref.miyazaki.lg.jp/a_map/public/facilityAround/eyJpdiI6IjA2OWZBQ0libHppM0VXS0FZR0RXMXc9PSIsInZhbHVlIjoiU1M2QmpGa1MrMlVcL2dVZDM1dlRLUUE9PSIsIm1hYyI6IjBkMjYxZTM1MDA5YjljMmYxNGY0MDFjOGM3N2JhOTc0NTU4MTJkYTdkZjczYWYyNDk3MGNjYTAxMzFkMjc5ODkifQ==,,F002409,男女共用トイレあり | 調査日=2019-12-17,・トイレスペースにはカーテンがかかっている / ・多目的トイレは女性用と兼用
45,宮崎県,45201,宮崎市,,とんかつ十兵衛宮崎店,,,880-0925,宮崎市大字本郷北方3121-1,31.8730245,131.4221464,,yes,,,,,,yes,,,,,,,,,,,,,,,,,,,,,,multipurpose_toilet,みやざきアクセシビリティ情報マップ,https://m-bfree.pref.miyazaki.lg.jp/a_map/public/facilityAround/eyJpdiI6Im9PTWREWVpzRkRjTFhGbmYzVnRCQ1E9PSIsInZhbHVlIjoiM0xMeTRhejY1OWdsK2NmRHBxOE9Ldz09IiwibWFjIjoiMGU0Yzk3YjRkMTMyMjNkYTBhZDMxNTI0MzI5NDEyMTliNjhlNjc5NGZmM2Y4NzNjZDY3ZmY2YTRlMGIzNjJhOSJ9,,F001864,男女別トイレあり | 調査日=2019-11-18,
45,宮崎県,45201,宮崎市,,とんかつ濵かつ 宮崎東大宮店,,,880-0824,宮崎市大島町堂山386-2,31.946183,131.441409,https://www.hamakatsu.jp/,yes,,１階,,,,,,,,,,,,,,,,,,,,,,,,,,multipurpose_toilet,みやざきアクセシビリティ情報マップ,https://m-bfree.pref.miyazaki.lg.jp/a_map/public/facilityAround/eyJpdiI6IitOazU5RlZBYWRwZkExN1ZKcFQ5eUE9PSIsInZhbHVlIjoieXNcL2xoS3JzVUtOTHlhS1wvam9MbDhRPT0iLCJtYWMiOiI1N2QxNGU4MmZkOGJlZGU1MjIwYzBkNTc3ZTQ3MWVhYjFhMTQ3NjhlM2I1MDY5YjQ2N2EyODg2NmRhMDcwMTY4In0=,,F000945,男女別トイレあり | 緊急通報装置あり | 調査日=2002-09-05,
45,宮崎県,45441,高千穂町,,トンネルの駅,,,882-1412,高千穂町下野2221-2,32.7316791,131.2987383,http://tonnerunoeki.com/,yes,,施設内,,,,yes,,yes,,,,,,,,,,,,,,,,,,,,multipurpose_toilet,みやざきアクセシビリティ情報マップ,https://m-bfree.pref.miyazaki.lg.jp/a_map/public/facilityAround/eyJpdiI6IkFoSzBTRDQwbSs1XC9wNXJKRmhrMjZ3PT0iLCJ2YWx1ZSI6IkFITVJmV1wvc1pIT1pEVHZ6aWVDUnRBPT0iLCJtYWMiOiI3YmYyZmQ1ZTllNmM4MjIyZTI1MjE5ODFlNmVhZjU4MTQwNDI4ZGMyNjFjNzVhNDg3YTFkNDZmMDMyNjA1ZjUwIn0=,,F000553,男女共用トイレあり | 緊急通報装置あり | 調査日=2024-12-24,
45,宮崎県,45201,宮崎市,,ナーシングホーム さくらさん家,,,880-0925,宮崎市大字本郷北方2994番地,31.8731931,131.4191502,http://www.sakurasanchi.com/,yes,,,,,,,,yes,,,,,,,,,,,,,,,,,,,,multipurpose_toilet,みやざきアクセシビリティ情報マップ,https://m-bfree.pref.miyazaki.lg.jp/a_map/public/facilityAround/eyJpdiI6ImJzOEs4S3c4WjBGSWVnQkNYejRheEE9PSIsInZhbHVlIjoiUmJQeFdvNCt4dldmU1JqazlIVWdBZz09IiwibWFjIjoiOTZiYjA1OWQwMzEyNzJjZjRjYTBkYTcwYmE3YTQ3MTMyNTdhZDE0YWNlODFiZmU1YTlmZDNkZmU0MzBjNmNmZSJ9,,F000618,男女共用トイレあり,
45,宮崎県,45201,宮崎市,,ながい耳鼻咽喉科,,,880-0834,宮崎市新別府町土田582番1,31.92851,131.45444,,yes,,,,,,,,,,yes,yes,,,,,,,,,,,,,,,,,multipurpose_toilet,みやざきアクセシビリティ情報マップ,https://m-bfree.pref.miyazaki.lg.jp/a_map/public/facilityAround/eyJpdiI6InNDWEo4K3RPbTJzcllEeGRjT0JnekE9PSIsInZhbHVlIjoiSzBUeHVXdExDM0RzR0ZJSml1aW1CQT09IiwibWFjIjoiZTk0MjYyMmU5MzBhNjVjNDRlNDU4MjExN2E4ZWFmNTE3NzJjOGJkN2NlZDA3NmE1ODRmYTI4YTY2ZjdkMmU4YyJ9,,F002541,緊急通報装置あり | 調査日=2022-01-06,
45,宮崎県,45341,三股町,,長倉医院,,,889-1901,三股町大字樺山3491-2,31.7313429,131.1261147,,yes,,,,,,yes,,,,,,,,,,,,,,,,,,,,,,multipurpose_toilet,みやざきアクセシビリティ情報マップ,https://m-bfree.pref.miyazaki.lg.jp/a_map/public/facilityAround/eyJpdiI6IlZOSGhFak1NcDZUWGY2TGZuZ2RFMmc9PSIsInZhbHVlIjoia0FNQ3VYN1U2MjBFbDREbFhKRExSZz09IiwibWFjIjoiZGE2NDZlMmNhODgyYWMxMGNhYmEyYjRkMTA3M2QzOTVlMGYwMzVmOTY3NGIzYjg2NThhMzA2YzhmODM2YTYyNCJ9,,F000600,男女別トイレあり | 緊急通報装置あり | 調査日=2019-11-11,
45,宮崎県,45201,宮崎市,,中小路自治公民館,,,880-0121,宮崎市大字島之内5013－2,31.9885352,131.4458453,,yes,,,,,,,,,,,,,,,,,,,,,,,,,,,,multipurpose_toilet,みやざきアクセシビリティ情報マップ,https://m-bfree.pref.miyazaki.lg.jp/a_map/public/facilityAround/eyJpdiI6Ik5cL3NDRUVnSU5LMFJBN21SXC9VUjUwdz09IiwidmFsdWUiOiJJU1dZMzBQR1wvV3VFdkFRK2IxbDN5dz09IiwibWFjIjoiZTVhNTEyOTRlNjk0OWY3YmJhMmJlZGZiMzk0NWViZWZhOTE0YTRhODI5MmFjZDk1NGM4MDVjODQ4MmUxOThhOSJ9,,F001745,男女共用トイレあり,
45,宮崎県,45202,都城市,,中郷地区公民館,,,885-0044,都城市安久町6623番地,31.6852084,131.0773649,,yes,,１階,,,,,,,,,,,,,,,,,,,,,,,,,,multipurpose_toilet,みやざきアクセシビリティ情報マップ,https://m-bfree.pref.miyazaki.lg.jp/a_map/public/facilityAround/eyJpdiI6ImJ0UWV4RytOY3Y1bGxlS3FuaGtsdlE9PSIsInZhbHVlIjoiQ1Vrc1pDZ2tDVitzUEJRdkpOdUZQUT09IiwibWFjIjoiY2VlMWRhZjc4NmFlYWE5YWY3ZjRjZWNkN2Y1MWNlN2FiZjEzODdkMGUyY2JkZGFmZTkwMTc1Y2QxNzRkMDUwMiJ9,,F001742,男女共用トイレあり | 緊急通報装置あり | 調査日=2002-09-10,
45,宮崎県,45201,宮崎市,,中島眼科,,,880-0902,宮崎市大淀2丁目151-1、158,31.90006,131.42315,,yes,,,,,,,,,,,,,,,,,,,,,,,,,,,,multipurpose_toilet,みやざきアクセシビリティ情報マップ,https://m-bfree.pref.miyazaki.lg.jp/a_map/public/facilityAround/eyJpdiI6IjJvNUVlMTZyOGtkUUVwUHdEMUFreXc9PSIsInZhbHVlIjoicXJVXC92SWFXOVVjYzNDOHZXSWx1TlE9PSIsIm1hYyI6ImVkYmYzZTBmZWFlNjU1YWJlOTI2ODkyZGEyOWVlZWIxMzg4YmU4Yzg5OTAyODgxNTc3NDI0MzdiNThhM2E0NzgifQ==,,F002543,緊急通報装置あり | 調査日=2022-01-06,
45,宮崎県,45201,宮崎市,,中島歯科,,,880-0121,宮崎市大字島之内7170,31.9882602,131.4517621,http://www.nakashima-dental.net/,yes,,医院玄関前,,,,yes,,,,,,,,,,,,,,,,,,,,,,multipurpose_toilet,みやざきアクセシビリティ情報マップ,https://m-bfree.pref.miyazaki.lg.jp/a_map/public/facilityAround/eyJpdiI6Ik9FcE82bmplKzd5Z3F2VFRHOVhVNkE9PSIsInZhbHVlIjoieHZxa05CU0l4YVB4NkVaM1wvSWxZOWc9PSIsIm1hYyI6ImI5YjM4NjYyNWJmMDk0YWM4ZTcyNmE5MmM5OTBiMTA4YjRmNTkxMmNhOTY1YjgwYTJmZjUwY2QzYWNkODFiMDQifQ==,,F001004,男女共用トイレあり | 調査日=2019-11-28,
45,宮崎県,45203,延岡市,,なかしま保育園,,,882-0846,延岡市中島町3丁目356-2,32.5780984,131.674996,,yes,,,,,,,,,,,yes,,,,,,,,,,,,,,,,,multipurpose_toilet,みやざきアクセシビリティ情報マップ,https://m-bfree.pref.miyazaki.lg.jp/a_map/public/facilityAround/eyJpdiI6InQxQkFiN09LNVI1bVVoTk9HNHZcL3dBPT0iLCJ2YWx1ZSI6ImJGYVpPc1h2YUlzQ2hUemZCUnQ5K3c9PSIsIm1hYyI6IjU3ZGM1OTM1NTA2OGUwM2IzZTAwZmQ5N2E4ZjBmNGZiZWNlZjhiMmVkY2MwM2M4MTA1YTQ0OTM0OTY1OGZmM2EifQ==,,F000830,男女共用トイレあり | 調査日=2019-12-16,
45,宮崎県,45341,三股町,,長田峡,,,889-1911,三股町大字長田6580-1,31.72786,131.176748,https://www.town.mimata.lg.jp/kanko/nagata-gorge/,yes,,駐車場南側,,,,,,,,yes,,,,,,,,,,,,,,,,,,multipurpose_toilet,みやざきアクセシビリティ情報マップ,https://m-bfree.pref.miyazaki.lg.jp/a_map/public/facilityAround/eyJpdiI6IllxSGptVW44YXp4enczNzU1TVNTSlE9PSIsInZhbHVlIjoiY2hTS0QybFpUK1ZsczdDSU0xZmFrUT09IiwibWFjIjoiZDg0NzMyNzU5MzM3OTk3MTU0ODJhYjBjNDIwMjAxODJhY2RkYWQzMmIxMGU1NWMyY2Y1MGVkYjk1MzY2ZTY2MSJ9,,F002588,男女共用トイレあり | 緊急通報装置あり | 調査日=2022-07-22,
45,宮崎県,45201,宮崎市,,那珂地区公民館,,,880-0303,宮崎市佐土原町東上那珂14502番地,32.0274417,131.425807,,yes,,,,,,,,yes,,,,,,,,,,,,,,,,,,,,multipurpose_toilet,みやざきアクセシビリティ情報マップ,https://m-bfree.pref.miyazaki.lg.jp/a_map/public/facilityAround/eyJpdiI6IldwanBoTDRtTUF4ZU1HZ2VhYnA2d2c9PSIsInZhbHVlIjoiZjNQV2hsREtJbFBjXC9aaWVreXE5eXc9PSIsIm1hYyI6ImViYmVlOTQ1MWRkY2M1YzkxYTUyZDc2OTQ0MTk3ZjFkNzk2Yzc5MjBiZTFiNjFhY2FjZTIxY2I5NzQ5MzlmNGMifQ==,,F000644,男女共用トイレあり | 調査日=2010-09-02,
45,宮崎県,45201,宮崎市,,那珂の郷,,,880-0303,宮崎市佐土原町東上那珂12806,32.0231216,131.4262338,,yes,,,,,,,,,,,,,,,,,,,,,,,,,,,,multipurpose_toilet,みやざきアクセシビリティ情報マップ,https://m-bfree.pref.miyazaki.lg.jp/a_map/public/facilityAround/eyJpdiI6IkExM3Zod2JOQWU4QW1ZMVpGaEVESnc9PSIsInZhbHVlIjoiQkpNVlFKNDVNVlVqR0gxSlwvZU9uREE9PSIsIm1hYyI6ImVjN2FmNWQ3MWNkOTAyZWQ4NTQ0N2FjYTRjM2RkMjExOWNkZWYwODE3NDI1ZjJhMWEyZDA4MmMwODgxZGU2MDAifQ==,,F001520,男女共用トイレあり | 調査日=2020-03-11,
45,宮崎県,45201,宮崎市,,中ノ原1号街区公園トイレ,,,889-1703,宮崎市田野町あけぼの1丁目62番地,31.8323617,131.2951831,,yes,,,,,,,,,,yes,,,,,,,,,,,,,,,,,,multipurpose_toilet,みやざきアクセシビリティ情報マップ,https://m-bfree.pref.miyazaki.lg.jp/a_map/public/facilityAround/eyJpdiI6IjJ4TTRkT0hkd1UzKzMyVzMwdURqR2c9PSIsInZhbHVlIjoiMXAweW9TRGdDMU5GTkRMTENjczkrZz09IiwibWFjIjoiOWQ1Y2I5ZDllNGJjODBiYWYxODk1OGJlMzU2NmQ2YTQxNTRiNjZlZGNkYjBiNzBhZDBlYzRiZmMyYTRlNzY0MiJ9,,F002074,男女共用トイレあり | 調査日=2019-12-12,
45,宮崎県,45201,宮崎市,,中ノ原２号街区公園トイレ,,,889-1703,宮崎市田野町あけぼの3丁目16番地,31.8290874,131.2934562,,yes,,,,,,,,,,yes,,,,,,,,,,,,,,,,,,multipurpose_toilet,みやざきアクセシビリティ情報マップ,https://m-bfree.pref.miyazaki.lg.jp/a_map/public/facilityAround/eyJpdiI6IjROT3Z2NnpTQ3dZV1dqb3FtQmJcL3d3PT0iLCJ2YWx1ZSI6IllFWGpUM3JXWDExdTgyZnVwNTdDa0E9PSIsIm1hYyI6Ijg4MjYwY2VlYmE1NDVhMmNmMWJmNjU1Y2MyZTY0ODNlZDgwYzI5MjJlNjc0YmJhZjQzMTgwNDQ1MmZhMjY2ZTUifQ==,,F002003,男女共用トイレあり | 調査日=2019-12-12,
45,宮崎県,45404,木城町,,中八重緑地公園,,,884-0104,木城町大字石河内1270,32.22310594561449,131.40839235033582,https://kijokanko.com/spot/116/,yes,,,,,,,,yes,,,,,,,,,,,,,,,,,,,,multipurpose_toilet,みやざきアクセシビリティ情報マップ,https://m-bfree.pref.miyazaki.lg.jp/a_map/public/facilityAround/eyJpdiI6IlwvNUpXNXZ0dzRwekJcLzBNckl0ZFhFQT09IiwidmFsdWUiOiJ2UXJ1c3UxdVBqM0hIdGdGbXBCYnl3PT0iLCJtYWMiOiI1OGIzMjRjYjkyMzBlZTg1NDhkYTE0ZmFiZTYzM2ViN2FjOTE2YTFmNWJkMTAxYzY4MzA0ZTk0OWZiMWUzMDMzIn0=,,F002640,男女共用トイレあり | 緊急通報装置あり | 調査日=2023-01-12,
45,宮崎県,45201,宮崎市,,中村自治公民館,,,880-2221,宮崎市高岡町内山2801-1,31.9592597,131.2999521,,yes,,,,,,,,,,,,,,,,,,,,,,,,,,,,multipurpose_toilet,みやざきアクセシビリティ情報マップ,https://m-bfree.pref.miyazaki.lg.jp/a_map/public/facilityAround/eyJpdiI6IlZreG5NSytwNUlEYk1KcnNZVkpneGc9PSIsInZhbHVlIjoieGd2U1FMbEFOeTJiUmdkMkNhOWM0Zz09IiwibWFjIjoiMTUwZmZjMTM3NTAxN2YyOWIzYjgyNTdkN2QwMjMxNjUxYWI1ZWVhZDE5NTZjNTQ1MWQ0ZGJmYThlMTA3Y2UwYSJ9,,F001541,男女共用トイレあり,
45,宮崎県,45201,宮崎市,,医療法人社団幸峰会なかやま歯科医院,,,880-0925,宮崎市大字本郷北方字山崎3587-1,31.869511,131.422407,http://dental-nakayama.com/,yes,,,,,,,,,,,,,,,,,,,,,,,,,,,,multipurpose_toilet,みやざきアクセシビリティ情報マップ,https://m-bfree.pref.miyazaki.lg.jp/a_map/public/facilityAround/eyJpdiI6InkwT2Z1c0FKTjBadEV2XC9nekE0MjNBPT0iLCJ2YWx1ZSI6IjVhRjM0aEhONWhwdjh3d21URVlOanc9PSIsIm1hYyI6IjlmNzVhOGI3Yzc3NTIxNGIyYTU2NDA1YTVkY2YxODVkY2YwYjgwMzc3ZDBlMzZmOTYyMGJmMDA3MjFkNWRkY2IifQ==,,F000463,男女共用トイレあり,
45,宮崎県,45203,延岡市,,中山邸 晨翁蕎麦,,,882-0803,延岡市大貫町3丁目1201-1,32.576324,131.656749,http://www.soba-uchi.com/,yes,,店舗奥,,,,yes,,,,,,,,,,,,,,,,,,,,,,multipurpose_toilet,みやざきアクセシビリティ情報マップ,https://m-bfree.pref.miyazaki.lg.jp/a_map/public/facilityAround/eyJpdiI6Ik4xR1h3dGtEOGpYNG5udXNLK05pdUE9PSIsInZhbHVlIjoiTlFIaWNMQUp1QkNXc1M1c3Boc1lZZz09IiwibWFjIjoiNDhjNzlhMjJmMWRhN2YzMGIwZGNkZDRmNjVlYjVlNGRlZGZlZTQxNWE5MDBjMTliNWZkNDRlYzkwZDVlMDBkYSJ9,,F002430,男女共用トイレあり | 調査日=2020-01-21,・置物はどかすこともできる / ・跳ね上げ式手すりあり
45,宮崎県,45201,宮崎市,,なごみうどん,,,880-0941,宮崎市北川内町中岡4968-1,31.8990588,131.3886925,,yes,,,,,,,,,,,,,,,,,,,,,,,,,,,,multipurpose_toilet,みやざきアクセシビリティ情報マップ,https://m-bfree.pref.miyazaki.lg.jp/a_map/public/facilityAround/eyJpdiI6InRGdnFwK0xDQmtOZVwvVElyMFJDeDNBPT0iLCJ2YWx1ZSI6ImdRSjZEeVZ3OHhNZzZjVTNGK3E2dGc9PSIsIm1hYyI6IjcxNjYwODJlNzg1MzgxZjdmNjE2OTQ3MDg4NWIyYjI4M2RkZTBmMjA4MGM2MDNhODY5OWExNTY5YWNiMDAzNDgifQ==,,F001185,男女共用トイレあり,
45,宮崎県,45201,宮崎市,,なごみ調剤薬局,,,880-0121,宮崎市大字島之内6725-5,31.9838122,131.4478393,http://nagomipharmacy.com/,yes,,,,,,yes,,,,,,,,,,,,,,,,,,,,,,multipurpose_toilet,みやざきアクセシビリティ情報マップ,https://m-bfree.pref.miyazaki.lg.jp/a_map/public/facilityAround/eyJpdiI6IlUwNnpcL1ZVRnArNDFwV2hqTGhTb1RRPT0iLCJ2YWx1ZSI6ImRkalpkNzBmRlVYamlnblwvMUlLUjZBPT0iLCJtYWMiOiI1MjcwZmMyZjBjZmM3YTU5MjkyMmZkYWJjNjEzOTJiZWNjYzdmZjg2MTkwMWQ1N2FjOTZhNmE2MDQ0YWU3MmFiIn0=,,F000296,男女共用トイレあり | 調査日=2019-11-07,
45,宮崎県,45201,宮崎市,,なごみの杜薬局,,,880-0123,宮崎市大字芳士73番地4,31.9660004,131.4310542,,yes,,,,,,,,,,,,,,,,,,,,,,,,,,,,multipurpose_toilet,みやざきアクセシビリティ情報マップ,https://m-bfree.pref.miyazaki.lg.jp/a_map/public/facilityAround/eyJpdiI6InB4enpGR0lvXC9PSUd0MHBUbjZWWExBPT0iLCJ2YWx1ZSI6IjY4VGx2MnhSV1Z1MGpwYVdGMVwvZmxRPT0iLCJtYWMiOiI1MWU2OTY2OWQ2NGJjY2EzYjQ0Nzg3NGQzMWYxMzU4YTFjZDEzZjliNDQxMWM5YjMwYTBkMzljOWE0NWQyN2QwIn0=,,F001852,男女共用トイレあり,
45,宮崎県,45209,えびの市,,有限会社 那須自動車,,,889-4301,えびの市原田167－15,32.0464335,130.8721419,http://nasucar.jp/,yes,,,,,,,,,,,,,,,,,,,,,,,,,,,,multipurpose_toilet,みやざきアクセシビリティ情報マップ,https://m-bfree.pref.miyazaki.lg.jp/a_map/public/facilityAround/eyJpdiI6IjB4TmZmUjMzaldxNXM5aDRweG4rOHc9PSIsInZhbHVlIjoiMkhFcTlqRDVrS0pOTzBVbldyQ2Eydz09IiwibWFjIjoiMjNlZWYxM2FhOTJkMjgwMWI4ZWYwZmI1MGU5NmUyN2NlOGZkOTI4YmY0ZThiMjZmNmQ0ZDA5MGY0ODk0YThhZiJ9,,F001152,男女共用トイレあり | 調査日=2004-04-15,
45,宮崎県,45202,都城市,,ななえ福祉作業所,,,885-0082,都城市南鷹尾町18-23,31.7202486,131.0415492,http://nanae-meirou.or.jp/,yes,,,,,,,,,,,,,,,,,,,,,,,,,,,,multipurpose_toilet,みやざきアクセシビリティ情報マップ,https://m-bfree.pref.miyazaki.lg.jp/a_map/public/facilityAround/eyJpdiI6ImVYM0ExMnF3QmlrcDNqcUx6TlhRUFE9PSIsInZhbHVlIjoia2VIQ0RyZkg1bUEreUJUdlRuZmpvQT09IiwibWFjIjoiOGQwNDVhODI3OGY1OGYxZjM5Y2FhYjk4MmE0ZjhiMTdkN2IxZTkwODcxYzJjYTIyYjkyMTNjOThiYWVjMjFlZCJ9,,F000287,男女共用トイレあり | 調査日=2002-10-02,
45,宮崎県,45203,延岡市,,七ツ島展望台,,,889-0321,延岡市須美江町1466-2,32.653372798941376,131.7628520822188,https://nobekan.jp/spot/%E4%B8%83%E3%83%84%E5%B3%B6%E5%B1%95%E6%9C%9B%E5%8F%B0/,yes,,,,,,,,,,,,,,,,,,,,,,,,,,,,multipurpose_toilet,みやざきアクセシビリティ情報マップ,https://m-bfree.pref.miyazaki.lg.jp/a_map/public/facilityAround/eyJpdiI6IjdkblBRcHU0aHNBNWUrZjBNTTd0Tmc9PSIsInZhbHVlIjoiRTFCSXlkQURaS1wvcFBOcmVISHBZbVE9PSIsIm1hYyI6IjY2NDQzYTJiZTM0OGRlYzc3YTFlZGYxZGVkNDM2ODAyNzE4YzgxODc0MWRmNTM4MWQyY2Y1YjJlMGEyZDExYmQifQ==,,F002057,男女共用トイレあり | 緊急通報装置あり | 調査日=2022-09-09,
45,宮崎県,45201,宮崎市,,南海部品宮崎店,,,880-0805,宮崎市橘通東4丁目4-28,31.9190595,131.4247711,http://nankaimiyazaki.web.fc2.com/,yes,,,,,,,,,,,,,,,,,,,,,,,,,,,,multipurpose_toilet,みやざきアクセシビリティ情報マップ,https://m-bfree.pref.miyazaki.lg.jp/a_map/public/facilityAround/eyJpdiI6Ik1qcFlYVTJ6aU9mSDhVWVhcL1wvS0xkdz09IiwidmFsdWUiOiIyVldSdzlZTFp2R0VkNnhCVUk1OW9nPT0iLCJtYWMiOiI1N2FmZTk5NzlmN2NlYzY3MmE3M2I4MWMyMmIxZGQ4ODRiOGU2ZmY5N2QyM2Y1MjM0NjdjODg0ODU3ZjJhZDYwIn0=,,F000666,男女共用トイレあり | 調査日=2019-11-20,
45,宮崎県,45431,美郷町,,南郷温泉 どんタロの湯,,,883-0306,美郷町南郷区神門151－1,32.389087,131.33142,https://www.nango-spa.co.jp/index.html,yes,,休憩所の隣,,,,yes,,,,yes,,,,,,,,,,,,,,,,,,multipurpose_toilet,みやざきアクセシビリティ情報マップ,https://m-bfree.pref.miyazaki.lg.jp/a_map/public/facilityAround/eyJpdiI6Ijc4TUNpV3dMb3B4VDFWMVZFZEJ2V0E9PSIsInZhbHVlIjoiSGRnallNeUtOeHZTOThxUk9GVDUxUT09IiwibWFjIjoiMzAzNGNlOTJmN2NhMzhmMmQxYmY2NjEwODUzYjEyZWZiZTY5NThlODU3MmZhMzA1NWE4YjZmMmJkMTQ0OGE1YSJ9,,F000127,男女共用トイレあり | 緊急通報装置あり | 調査日=2025-01-31,
45,宮崎県,45204,日南市,,南郷スタジアム(南郷中央公園),,,889-3205,日南市南郷町西町1-1,31.542553,131.374548,https://nansuta-on.jp/sitemap/,yes,,第1駐車場敷地内,,,,,,,,,,,,,,,,,,,,,,,,,,multipurpose_toilet,みやざきアクセシビリティ情報マップ,https://m-bfree.pref.miyazaki.lg.jp/a_map/public/facilityAround/eyJpdiI6InJvMjN4R3V2VEpDWlA0aTYwWU5ZYmc9PSIsInZhbHVlIjoid2tXbU05THBOSjFZQUViRTlncGtnZz09IiwibWFjIjoiMTNlMGI3NDE4MGVjNGRiOGU2NmMxNDg5YmYyODZjNGNlNzFjYzViOWNmYjhlNTE5ZmI0Yjk2ODhlZGQzODU2OSJ9,,F002504,男女共用トイレあり | 調査日=2020-10-21,
45,宮崎県,45431,美郷町,,南郷総合保健センター,,,883-0306,美郷町南郷区神門1075番地,32.386204,131.328809,,yes,,,,,,,,,,,,,,,,,,,,,,,,,,,,multipurpose_toilet,みやざきアクセシビリティ情報マップ,https://m-bfree.pref.miyazaki.lg.jp/a_map/public/facilityAround/eyJpdiI6Ik4zQVJCblpsSTZkSHpuOGZ1UXhhYWc9PSIsInZhbHVlIjoiMWR3Uzc2VlRnbmVsNVVrVHhOa3NPUT09IiwibWFjIjoiY2U5YjdkMzAxODQ3NjhjMjEwYjhhYmVhZmI3YWZkYjU2MWNkOTBmMmRjYjVkYmQ1Zjg4ZmY5NTY4NWU1NjcyZCJ9,,F000126,男女共用トイレあり,
45,宮崎県,45201,宮崎市,,南部記念体育館,,,880-0915,宮崎市恒久南2丁目1-5,31.8934064,131.4253125,https://www.city.miyazaki.miyazaki.jp/health/sports/8698.html,yes,,２階,,,,,,,,,,,,,,,,,,,,,,,,,,multipurpose_toilet,みやざきアクセシビリティ情報マップ,https://m-bfree.pref.miyazaki.lg.jp/a_map/public/facilityAround/eyJpdiI6IlI5Vm5QSjlTZDFDYW54RHl1Mm51ckE9PSIsInZhbHVlIjoiamhQN3JMWlVNejE0cjgxbVhLNEhuQT09IiwibWFjIjoiZGU5N2JjY2FlMzg3MmM3YjRmNzk5ODM4N2Y2YzAzY2E3OTI3ZTI4ZDcwMjZlMjJmMzFiZjllOTdkYzFiYWQ0YiJ9,,F001193,男女共用トイレあり | 緊急通報装置あり,
45,宮崎県,45201,宮崎市,,医療法人社団誠友会 南部病院,,,880-0916,宮崎市大字恒久891-14,31.8830254,131.4267595,https://nanbuhp.or.jp/,yes,,１階,,,,,,,,,,,,,,,,,,,,,,,,,,multipurpose_toilet,みやざきアクセシビリティ情報マップ,https://m-bfree.pref.miyazaki.lg.jp/a_map/public/facilityAround/eyJpdiI6IkJHZDRDSFwvTENcL0d2b0hwWEVNajVUQT09IiwidmFsdWUiOiJWNlhFZVlKdlwvN1wvVHJNaEZWeXVvenc9PSIsIm1hYyI6ImU3NmQyNzdlMjc0MTIxNzM1OWRlMzRiZDY3YWYyODYwNjNmNGVkYTJiZTBhNjRkNTQ3MzZhNmYyOTI5MDg4NmEifQ==,,F000744,男女共用トイレあり | 緊急通報装置あり | 調査日=2002-09-13,
45,宮崎県,45202,都城市,,西浦耳鼻咽喉科,,,885-0077,都城市松元町6-13,31.7225231,131.0602919,,yes,,１階,,,,yes,,,,,,,,,,,,,,,,,,,,,,multipurpose_toilet,みやざきアクセシビリティ情報マップ,https://m-bfree.pref.miyazaki.lg.jp/a_map/public/facilityAround/eyJpdiI6ImVYSzdOUG0zMVRKd1J3WUhTTnpOTGc9PSIsInZhbHVlIjoiKzhjZXp6MW1TSys3N0dWV09vbVBmdz09IiwibWFjIjoiMDUwNWZkZGUzZDI4MGQ5MDQ4ZjYzOThjYThlZTk2NmExMTA4ZTdlOWU1ODFiZjljZGRmZDAzMzc2MGJhYjBmNiJ9,,F000719,男女共用トイレあり | 緊急通報装置あり | 調査日=2019-11-18,
45,宮崎県,45202,都城市,,西浦病院,,,885-0036,都城市広原町6号12番地,31.726763,131.090175,,yes,,１階,,,,,,,,,,,,,,,,,,,,,,,,,,multipurpose_toilet,みやざきアクセシビリティ情報マップ,https://m-bfree.pref.miyazaki.lg.jp/a_map/public/facilityAround/eyJpdiI6IlhhV0ZmcDU1N20ySDErKys0VGl5S3c9PSIsInZhbHVlIjoidERwY1hNMG1CNzBSclR5VEQ5NTRuQT09IiwibWFjIjoiYzk5MjdhODFmNDg1ZDkzNGRmMzhkYjA2YjcxYmYyNjlmOGVmYTJkMzVjZDM4MGFiZTRlZmM5NDQwNWQ3NGE3YyJ9,,F000725,男女共用トイレあり | 緊急通報装置あり | 調査日=2002-09-01,
45,宮崎県,45201,宮崎市,,西澤養蜂場蜂兵衛館 高岡本店,,,880-2223,宮崎市高岡町浦之名3224-8,31.9513099,131.2791984,http://www.hachibeikan.co.jp/,yes,,,,,,,,,,,,,,,,,,,,,,,,,,,,multipurpose_toilet,みやざきアクセシビリティ情報マップ,https://m-bfree.pref.miyazaki.lg.jp/a_map/public/facilityAround/eyJpdiI6InVRQ2ZEYWs2YXFvcWhaNzgrUHpcL3ZnPT0iLCJ2YWx1ZSI6ImQ3U3FtcUhON1cyRTY5MVRvTHJ0c0E9PSIsIm1hYyI6IjRlOWNkZjUzNjc4OWM2OGQ1NjQ4YjIwN2YzNjA2OGE1ZWQ4ZmJlMWVlMTIwMjY2MWEyYmJhMWZhYThiNGU4ZDkifQ==,,F000917,男女共用トイレあり,
45,宮崎県,45203,延岡市,,西階運動公園陸上競技場,,,882-0804,延岡市西階町1丁目3800番地,32.5706575,131.6413028,http://www.city.nobeoka.miyazaki.jp/display.php?cont=120510090514,yes,,１階,,,,yes,,yes,,,,,,,,,,,,,,,,,,,,multipurpose_toilet,みやざきアクセシビリティ情報マップ,https://m-bfree.pref.miyazaki.lg.jp/a_map/public/facilityAround/eyJpdiI6IlJTaElXeDUrbnJlbmUyU0hJdkJzOXc9PSIsInZhbHVlIjoiQWNUMUNoMFpneUxOK00yTlwvVVJTQ1E9PSIsIm1hYyI6IjA1ODcxZDYwMDg4MWNlYjg0ODAxZDVhMDQyNTI3YzI1MDM3OTY3MmIxMDA3OGQ3ZDEyMjc3YWQ1ZGRiMmJhNjIifQ==,,F001345,男女共用トイレあり | 緊急通報装置あり | 調査日=2013-09-18,
45,宮崎県,45201,宮崎市,,にしぞの内科デイケア,,,880-2224,宮崎市高岡町飯田254番地,31.9563012,131.3039846,http://www.nishizononaika.jp/,yes,,1階,,,,yes,,,,,,,,,,,,,,,,,,,,,,multipurpose_toilet,みやざきアクセシビリティ情報マップ,https://m-bfree.pref.miyazaki.lg.jp/a_map/public/facilityAround/eyJpdiI6Ik54R3Rsa0VhMHc4TVBFd2MzUUFQUEE9PSIsInZhbHVlIjoiTkZvc21scWM1UUlWNlM0cm9oOEh1dz09IiwibWFjIjoiZTc0YjQwZmMwZjI5ZDhlM2ZmYjhiZjQyOGQ2MjEyNmJjOTRhZTg2MmIxN2MzOGEyNTEyMDAwM2NmYWJlYTRiYSJ9,,F001552,男女共用トイレあり | 緊急通報装置あり | 調査日=2019-11-16,
45,宮崎県,45202,都城市,,西岳地区公民館,,,885-0222,都城市美川町2927番地48,31.8084573,130.958079,,yes,,,,,,yes,,yes,,yes,yes,,,,,,,,,,,,,,,,,multipurpose_toilet,みやざきアクセシビリティ情報マップ,https://m-bfree.pref.miyazaki.lg.jp/a_map/public/facilityAround/eyJpdiI6IkxEc0M0eXY5MTlEQU4wbHN2OWdSTVE9PSIsInZhbHVlIjoickVEZERjZkNoakl5ZHFRT1wvcWxjMlE9PSIsIm1hYyI6IjM5MmM4NDc5ZmQxMWY0OTdmMmVlYzZlZjg1Y2Y3N2Q3M2QxNDI2MTM1MDU3OWI2YzhhYWNlMjY0NTQ3MTg1ZTEifQ==,,F000640,男女共用トイレあり | 着替え台あり | 調査日=2019-11-11,
45,宮崎県,45202,都城市,,西岳地区市民センター,,,885-0222,都城市美川町2927番地48,31.8084573,130.958079,,yes,,,,,,yes,,yes,,,,,,,,,,,,,,,,,,,,multipurpose_toilet,みやざきアクセシビリティ情報マップ,https://m-bfree.pref.miyazaki.lg.jp/a_map/public/facilityAround/eyJpdiI6IllvR2k1dXhPbzY4S2dCVnY0Y3JaM1E9PSIsInZhbHVlIjoidVlaaEtRdk1ERTZnd3pCZXRYV3lGUT09IiwibWFjIjoiMTUxNDFiMWMzOTJlNDk4YTY5YjJhNzZlNjg0NWViOTNjYzY3M2VmYzBhZGFhZWQyOWUyMjNhYWU5YjQ1N2NmYyJ9,,F000655,男女共用トイレあり | 調査日=2013-09-02,
45,宮崎県,45202,都城市,,西岳デイサービスセンター,,,885-0221,都城市高野町2991番地,31.8102946,130.9502277,http://mjfj.net/jouyou/nishidake-day/,yes,,,,,,,,,,,,,,,,,,,,,,,,,,,,multipurpose_toilet,みやざきアクセシビリティ情報マップ,https://m-bfree.pref.miyazaki.lg.jp/a_map/public/facilityAround/eyJpdiI6InU2WHFEQ3g2bHpvN0pFejhRNDVIZkE9PSIsInZhbHVlIjoiVU1GNmRIZW9CSmIzUXpOY21JS0dBdz09IiwibWFjIjoiOWVkMjNmNDA5ZTY3ZmM2ZmRmYTFkMmM5ODg5MTIyZmFiYjUzZDUwODMyZGM4YjE4YWVlYTFlY2JkNWM3OTA1NyJ9,,F000407,男女共用トイレあり | 調査日=2002-09-20,
45,宮崎県,45201,宮崎市,,西原児童センター,,,880-0916,宮崎市恒久5124,31.8883727,131.4112159,,yes,,,,,,,,,,,,,,,,,,,,,,,,,,,,multipurpose_toilet,みやざきアクセシビリティ情報マップ,https://m-bfree.pref.miyazaki.lg.jp/a_map/public/facilityAround/eyJpdiI6Inphbm1GdVc4bWJSMEFJaSsxeFBZNGc9PSIsInZhbHVlIjoiSFkxdFREZFVscFVIMExjZFwvUlE4TGc9PSIsIm1hYyI6IjFhOTYwODViOWY2ZDIxMTU0ODIxYWM0ZWEzYzc5NzAxM2IwMDNlY2ZhMTMxOTFmODZhYWM0OTIyMTNhNzY4MTQifQ==,,F001633,男女共用トイレあり | 調査日=2014-03-20,
45,宮崎県,45201,宮崎市,,西町街区公園トイレ,,,880-0047,宮崎市平和が丘西町37-1,31.9535769,131.4128499,,yes,,,,,,,,,,,,,,,,,,,,,,,,,,,,multipurpose_toilet,みやざきアクセシビリティ情報マップ,https://m-bfree.pref.miyazaki.lg.jp/a_map/public/facilityAround/eyJpdiI6IjZzTnVxTXZJaFhSXC80OUdMRkttcDJnPT0iLCJ2YWx1ZSI6IlcxdURXRGJnNDM1MHN3dThUK0wxOWc9PSIsIm1hYyI6IjEzMTM1MTFlMmY5ZDMwYTYyODYxMjljNTA0YzE4ODAxMGNkMzhiMGViNGUzZjkyM2Q5NmMxYTAzN2JiNmJiNjcifQ==,,F000457,男女共用トイレあり,
45,宮崎県,45201,宮崎市,,西松屋浮之城店,,,880-0821,宮崎市浮城町67-1,31.9303551,131.4390122,,yes,,,,,,,,,,,,,,,,,,,,,,,,,,,,multipurpose_toilet,みやざきアクセシビリティ情報マップ,https://m-bfree.pref.miyazaki.lg.jp/a_map/public/facilityAround/eyJpdiI6IjAremVBY3o3d0RaRUVEMFFwa3BmOFE9PSIsInZhbHVlIjoiTXRsU3BvMkxzcndIeEJRMTNqcEgxZz09IiwibWFjIjoiMWYzNjRlYTZkNjI4OGUzN2M0ZjIwMWUxNTI2OTdjZjcxYTJkMjQzYWY1MTFhMmJjMzUwMzE3ZTMwNzYwMjM1NiJ9,,F000316,男女共用トイレあり,
45,宮崎県,45403,西米良村,,西米良温泉カリコボーズの湯 「ゆたーと」,,,881-1411,西米良村大字村所260-6,32.2237548,131.1634783,http://www.yutato.com/,yes,,１階,,,,yes,,,,yes,,,,,,,,,,,,,,,,,,multipurpose_toilet,みやざきアクセシビリティ情報マップ,https://m-bfree.pref.miyazaki.lg.jp/a_map/public/facilityAround/eyJpdiI6IkZEbWZyeUdcL3pmeXRZdHM0OUo2VCtBPT0iLCJ2YWx1ZSI6IlhOemFhM0lsT3ZpT1BJRWZ5aGlOMkE9PSIsIm1hYyI6IjcxZjhiMTMxOGY1MTBlODAxNGIwODRlOTYwNWYxYWQxZTgzYzA0ZjFhMmE5NGNmYzBhZDljNWZmMmVmNzQ2NzQifQ==,,F000543,男女共用トイレあり | 緊急通報装置あり | 調査日=2020-09-23,
45,宮崎県,45403,西米良村,,西米良村基幹集落センター,,,881-1411,西米良村大字村所19,32.2265208,131.15497,https://www.vill.nishimera.lg.jp/,yes,,１階,,,,yes,,,,,,,,,,,,,,,,,,,,,,multipurpose_toilet,みやざきアクセシビリティ情報マップ,https://m-bfree.pref.miyazaki.lg.jp/a_map/public/facilityAround/eyJpdiI6InQzMjMzTVVkRTJTQk8yU3orUTREa2c9PSIsInZhbHVlIjoiVXpOQmx1aG9oTXNob0xnNTBkMVBWUT09IiwibWFjIjoiNThlZjI1ODlkYTI5NDNkNTJjMTM5NjJlMTRhMWUwZTc1NGNlNzM0NWVhM2Q2MWU5NTNkMDBiYTAwMDRlMmYyYiJ9,,F001293,男女共用トイレあり | 緊急通報装置あり | 調査日=2002-09-26,
45,宮崎県,45403,西米良村,,西米良村トレーニング施設,,,881-1411,西米良村大字村所字三久保134-6,32.22664427001939,131.16338825900766,,yes,,１階,,,,yes,,,,,,,,,,,,,,,,,,,,,,multipurpose_toilet,みやざきアクセシビリティ情報マップ,https://m-bfree.pref.miyazaki.lg.jp/a_map/public/facilityAround/eyJpdiI6ImJuRTA5dlVlYk9kcU5XUEszb0x2aHc9PSIsInZhbHVlIjoiTjRnd3UwTHNld25aSG1ydnArV0ZQdz09IiwibWFjIjoiMDE2YWUwMzAwNGI3ZGY3MjZhYzlkMzlhMTY3OGZkNWIyMzRhNmUzMGYzN2MwYWM0MjA3OWNkMzk5YjM1ZmMwNiJ9,,F001298,男女共用トイレあり | 緊急通報装置あり | 調査日=2013-09-09,
45,宮崎県,45205,小林市,,西諸県農業改良普及センター,,,886-0004,小林市駅南300番地,31.9896751,130.9763335,,yes,,１階,,,,,,,,,,,,,,,,,,,,,,,,,,multipurpose_toilet,みやざきアクセシビリティ情報マップ,https://m-bfree.pref.miyazaki.lg.jp/a_map/public/facilityAround/eyJpdiI6IjF6RHhDTkVncVVEb1o5WDBLdzRPMHc9PSIsInZhbHVlIjoiejEyelU3dW1BZUgxV1c3ZDNSeGl4dz09IiwibWFjIjoiODk0MThiMzhkYTk4MDYzNmVlMDhkYTg4ZGY1NzAzMzMyOTEyZGQwNTM0YzI0MTI1YTE2Y2Q0NWI3M2E3MzU0MyJ9,,F001399,男女共用トイレあり | 緊急通報装置あり | 調査日=2019-11-26,
45,宮崎県,45201,宮崎市,,ニチイケアセンター神宮,,,880-0033,宮崎市神宮西2丁目138番地,31.9385419,131.4211353,,yes,,,,,,,,,,,,,,,,,,,,,,,,,,,,multipurpose_toilet,みやざきアクセシビリティ情報マップ,https://m-bfree.pref.miyazaki.lg.jp/a_map/public/facilityAround/eyJpdiI6ImpJVWhJNXdPOE40ZUttYzhkVHJlRVE9PSIsInZhbHVlIjoic2NWS1RFYkhKNkZBaGxWR21jbWJYZz09IiwibWFjIjoiMTY1ZjY1MTM4ZDMyYjM5YjMzOThlYzNjNjZkYThmMjQ4N2E3MzBmYTE4MzhmN2RmZTMzN2JiNDAwMzJiYTgwMCJ9,,F000610,男女共用トイレあり,
45,宮崎県,45201,宮崎市,,ニチイほほえみ上北方,,,880-0043,宮崎市大字上北方717-1,31.9585699,131.4068697,http://www.nichii-kaigo.jp/base/base-result/05N55/,yes,,,,,,yes,,,,,,,,,,,,,,,,,,,,,,multipurpose_toilet,みやざきアクセシビリティ情報マップ,https://m-bfree.pref.miyazaki.lg.jp/a_map/public/facilityAround/eyJpdiI6InNpSFJQTWpzZHVEUDYrMU5MdjIrdUE9PSIsInZhbHVlIjoiR2NYK2FNdXltellmOWZsUklmT2NrUT09IiwibWFjIjoiMjg2NmRlYWNiOTc2ZmRmNjlmNTcxYzk2OTllZDdkY2UzYjkxNTg1ZTY3YWU1ZmU2ZDMyNGYwYzU0MjA3ZmFjMSJ9,,F001796,男女共用トイレあり | 調査日=2019-11-25,
45,宮崎県,45204,日南市,,日南警察署大堂津駐在所,,,880-0942,日南市大堂津1丁目6番10号,31.5614178,131.3782277,,yes,,1階,,,,yes,,,,,,,,,,,,,,,,,,,,,,multipurpose_toilet,みやざきアクセシビリティ情報マップ,https://m-bfree.pref.miyazaki.lg.jp/a_map/public/facilityAround/eyJpdiI6IjVXS1NRbnY2ZjRxeHkyeEdpUDhMT0E9PSIsInZhbHVlIjoiMElxXC9VS1FHOGV5TTRPejRxQlAreGc9PSIsIm1hYyI6ImI3ODA4NDg0OTMwMTg4YTk5NWVhOGM1M2ExNzIyNGM3ZDNkN2YxZTQ4NDIyMTQ5YmYyMjU3NWUxNjFlZDNmMzYifQ==,,F000638,男女共用トイレあり | 緊急通報装置あり | 調査日=2019-11-26,
45,宮崎県,45204,日南市,,日南公共職業安定所,,,889-2536,日南市吾田西1丁目7番23号,31.607976,131.375525,,yes,,１階,,,,yes,,,,,,,,,,,,,,,,,,,,,,multipurpose_toilet,みやざきアクセシビリティ情報マップ,https://m-bfree.pref.miyazaki.lg.jp/a_map/public/facilityAround/eyJpdiI6Img2OEYyQTNEZVRhUnZKbEZheUVlVkE9PSIsInZhbHVlIjoiWVlWNG53aDRiVkdNU3c2SlZib3psZz09IiwibWFjIjoiZmYxYzdhODQ4NjcxNmY5YTU5MTQ3YzE5ZGY1NzM1ZTliMDBjNWI4M2E5NzgzOWY3M2VjODA2OGQxOGNiNjE2MCJ9,,F001613,男女共用トイレあり | 緊急通報装置あり | 調査日=2019-11-13,
45,宮崎県,45204,日南市,,日南市社会福祉協議会 北郷支所,,,889-2402,日南市北郷町大字郷之原乙2006-1,31.676131,131.3760154,http://www.nichinan-shakyo.or.jp/,yes,,１階 / 2階,,,,,,,,,,,,,,,,,,,,,,,,,,multipurpose_toilet,みやざきアクセシビリティ情報マップ,https://m-bfree.pref.miyazaki.lg.jp/a_map/public/facilityAround/eyJpdiI6IlE5eFhqczV2YnVjWXJBeVgxa0xZbHc9PSIsInZhbHVlIjoibmhiVFdIWUFGSVBSVVNIUmZCVFlNZz09IiwibWFjIjoiMmIzNDM3NjYxYWRhYWE5ZjQ4YTllZDUyMjZhYmQ2YjMzMjAzNDc4YWFjM2RiYzRhOTgyNGQ3OGE5MjRmZDNjOSJ9,,F000291,男女共用トイレあり | 緊急通報装置あり | 調査日=2019-11-25,
45,宮崎県,45204,日南市,,日南市都市農村交流センター,,,889-3151,日南市大字上方1013番地1,31.5620326,131.3449867,,yes,,1階,,,,,,,,,,,,,,,,,,,,,,,,,,multipurpose_toilet,みやざきアクセシビリティ情報マップ,https://m-bfree.pref.miyazaki.lg.jp/a_map/public/facilityAround/eyJpdiI6Ik4wUEdJOXh1bGZxbk45ZUlxeWUrM3c9PSIsInZhbHVlIjoibklFcU9jSHNPdTdncFBlZjFRME5adz09IiwibWFjIjoiMjc0OWI0ZThmMjVkYTY3ZTBmMTJiNzgyNzExZDUyY2MxNDg0MjZiZGRiMjZkMTllYTVhNDAzZmM4YmE3MTU3NiJ9,,F000678,男女別トイレあり | 緊急通報装置あり | 調査日=2019-11-14,
45,宮崎県,45204,日南市,,日南市文化センター,,,887-0021,日南市中央通1-7-1,31.6006111,131.379083,,yes,,１階,,,,,,,,,,,,,,,,,,,,,,,,,,multipurpose_toilet,みやざきアクセシビリティ情報マップ,https://m-bfree.pref.miyazaki.lg.jp/a_map/public/facilityAround/eyJpdiI6Ino5OStxRE12aEg2ZXNkTXExSHp4WUE9PSIsInZhbHVlIjoiQjB4WkhWYzFodmxGOGp1WGJKTVIrQT09IiwibWFjIjoiNmMyY2UxOGMxMjhhM2M2ODZjMTM4ZjgzMWFkMTQ1NjRjYjBhODRjOGI1OTE4NzE5NGIyMjNiZTk3YjU1MTIxZSJ9,,F001055,男女共用トイレあり | 調査日=2019-11-25,
45,宮崎県,45204,日南市,,日南市生涯学習センターまなびピア,,,887-0013,日南市木山2丁目4番地44号,31.592494,131.3976659,,yes,,１階 / 2階,,,,yes,,yes,,,,,,,,,,,,,,,,,,,,multipurpose_toilet,みやざきアクセシビリティ情報マップ,https://m-bfree.pref.miyazaki.lg.jp/a_map/public/facilityAround/eyJpdiI6ImlLdnRyampGYjByK2Y4c3BDdWp5ZHc9PSIsInZhbHVlIjoiMzZsM0h5ZWhlWSsrQWZDdURzRGkzUT09IiwibWFjIjoiM2MxOGVkZTA2ZGQ0YTMxMDcxYWY5OTBkNjU3ZmUzMWMyZGRlOGQ1MzVjNmQ0MWUzYzA3ZWFiZjk5MTU1YTNmZCJ9,,F001635,男女別トイレあり | 緊急通報装置あり | 調査日=2000-09-12,
45,宮崎県,45204,日南市,,日南市立大窪公民館,,,889-2521,日南市大字大窪2761番地5,31.5779719,131.3023921,,yes,,1階,,,,,,,,,,,,,,,,,,,,,,,,,,multipurpose_toilet,みやざきアクセシビリティ情報マップ,https://m-bfree.pref.miyazaki.lg.jp/a_map/public/facilityAround/eyJpdiI6ImlyZVlDNEF0U1pvV0VEQmhWWkpzbGc9PSIsInZhbHVlIjoiMlFKZytEcWVEckxqa1FwcXFJWHpNUT09IiwibWFjIjoiMGNkYThhZjFmYzhkNTAyMTRhMmIzNmM4Y2VkNmRmZGQzM2FjZDg1YjcxNzQxZjg2MmNlYzI2MGY4ZWRjZTgzNiJ9,,F001604,男女共用トイレあり | 緊急通報装置あり | 調査日=2002-09-12,
45,宮崎県,45204,日南市,,日南市立飫肥公民館,,,889-2535,日南市飫肥2丁目12-18,31.6272546,131.3555905,,yes,,1階,,,,,,,,,,,,,,,,,,,,,,,,,,multipurpose_toilet,みやざきアクセシビリティ情報マップ,https://m-bfree.pref.miyazaki.lg.jp/a_map/public/facilityAround/eyJpdiI6IkZ3Z1czZ0F5eElkWlkwSFFJVU96aFE9PSIsInZhbHVlIjoiMVl4dUp4UGVBVU5DNlduV3YwYTdVQT09IiwibWFjIjoiYzU1MDg1MTEwNzUzZTJhNDY0NTJhZmIzNTdlOWU1Y2MxMDFlZmZjMzEzYTU0OTQ0MmRlNzQwMzZkMGQ4OTFkNyJ9,,F001617,男女共用トイレあり | 緊急通報装置あり | 調査日=2002-09-12,
45,宮崎県,45204,日南市,,日南市立東郷公民館,,,889-2521,日南市大字東弁分乙758番地,31.6226874,131.3945826,https://www.city.nichinan.lg.jp/main/study/facility-list/facility/page000822.html,yes,,１階,,,,,,,,,,,,,,,,,,,,,,,,,,multipurpose_toilet,みやざきアクセシビリティ情報マップ,https://m-bfree.pref.miyazaki.lg.jp/a_map/public/facilityAround/eyJpdiI6InpUNzR3SFlrQ2F2V3VOVDBDNUl4T2c9PSIsInZhbHVlIjoiUlY3M2ErT3FJSzJxRHE2SHk1YnBLdz09IiwibWFjIjoiNWE1NjlmOWJhNzljMDBkNDNmZjEzYTg5Yzc5MWUyMTZjOTcwNTk2ZTQxOWQ2MDI0YzBmMzA3ZmVjM2UzOWFmOCJ9,,F000637,男女共用トイレあり | 緊急通報装置あり | 調査日=2019-11-11,
45,宮崎県,45204,日南市,,日南市立図書館,,,889-2535,日南市飫肥2丁目6番18号,31.626855,131.3556688,http://nichinan.milib.jp/,yes,,1階,,,,,,,,,,,,,,,,,,,,,,,,,,multipurpose_toilet,みやざきアクセシビリティ情報マップ,https://m-bfree.pref.miyazaki.lg.jp/a_map/public/facilityAround/eyJpdiI6IlJXWnQ3WG13SWRMQ0hwY1ZPbTQxSXc9PSIsInZhbHVlIjoiU0lRS3pkK2ozVE9OakVPSEVqRUJiQT09IiwibWFjIjoiNGM5YTNkMzI4ODY0ODk0NzU0YjJhYjk3YjkwMzhjOGVhN2Q0ODFmM2UzYTRhMmEwYzk5NDY5ZDEwNzljYTc3NyJ9,,F001609,男女共用トイレあり | 調査日=2019-11-22,
45,宮崎県,45204,日南市,,日南税務署,,,887-8686,日南市上平野町1丁目8番地4,31.5979476,131.3822929,,yes,,１階,,,,yes,,yes,,yes,yes,,,,,,,,,,,,,,,,,multipurpose_toilet,みやざきアクセシビリティ情報マップ,https://m-bfree.pref.miyazaki.lg.jp/a_map/public/facilityAround/eyJpdiI6Im93WWx0ODZnRlk5cFwvQ0hyMFMrTXBnPT0iLCJ2YWx1ZSI6IjBkd2REeHpaNGFYdGcrTXVYT1FZdlE9PSIsIm1hYyI6ImI4ZDlhZDI4Nzk2OWQ5YWQ0ZTIwYzBmZmU3MjRjNDY3MDAzMTAzZTg5NWU1NDUxNzY5NTcyOTYwNDY3N2U1MmIifQ==,,F001599,男女共用トイレあり | 緊急通報装置あり | 調査日=2019-11-25,
45,宮崎県,45204,日南市,,日南総合運動公園多目的体育館,,,889-2524,日南市大字殿所2200,31.6161666,131.3818876,http://nichinan-taiiku.jp/,yes,,１階,,,,,,yes,,,,,,,,,,,,,,,,,,,,multipurpose_toilet,みやざきアクセシビリティ情報マップ,https://m-bfree.pref.miyazaki.lg.jp/a_map/public/facilityAround/eyJpdiI6InEwWkZ0WGJxSllHMjFCbkNnUUgrcWc9PSIsInZhbHVlIjoiYnVyNWgrR1U1WVAwbHdKSHZhXC9tdGc9PSIsIm1hYyI6IjhkOTA1NjU1YWIzOWQxMTQxYmQ5M2M5Nzk1ZDZjM2RmMWI5MGFjYzMzMzRhNDIyODVlZDcwYTQ2NzQ4OWM2MGUifQ==,,F002085,男女共用トイレあり | 緊急通報装置あり | 調査日=2019-12-09,
45,宮崎県,45204,日南市,,愛泉会 日南病院,,,887-0034,日南市大字風田3649番2,31.6099193,131.4203666,http://aisenkai-nichinan.jp/,yes,,１階,,,,yes,,,,,,,,,,,,,,,,,,,,,,multipurpose_toilet,みやざきアクセシビリティ情報マップ,https://m-bfree.pref.miyazaki.lg.jp/a_map/public/facilityAround/eyJpdiI6IkVzUk16XC9JY2hLM29VNVVCQ3h4bzRnPT0iLCJ2YWx1ZSI6IjZiWEtQeHNNNUNkUHF6R3FtOGRZZ3c9PSIsIm1hYyI6ImExZDViNGRiMDM1ZmQ3Zjc5NTQ4NDI0OWE3ODZmMzFmYTM5NWY4YTkwYWNlNzU2OTJiZTMzM2JmMGRlOGU3ZjUifQ==,,F001602,男女共用トイレあり | 緊急通報装置あり | 調査日=2002-09-18,
45,宮崎県,45204,日南市,,日南法務総合庁舎,,,889-2535,日南市飫肥3丁目6番2号,31.6291667,131.3550422,,yes,,1階,,,,,,,,,,,,,,,,,,,,,,,,,,multipurpose_toilet,みやざきアクセシビリティ情報マップ,https://m-bfree.pref.miyazaki.lg.jp/a_map/public/facilityAround/eyJpdiI6IlBvcTZZMFc5Z2NQbUNOMFlzclBCdFE9PSIsInZhbHVlIjoiS01jaWFqTGFSWDNPc0x3bG9BckYwQT09IiwibWFjIjoiYWUyM2UxZWRhZTVjNGE0MTkxYzY5OWIyM2UxMzBmNDE3NDg4OGUyMGU3MTcxOGY0MjBlYmM2ZmExYmExNDIzZiJ9,,F001612,男女共用トイレあり | 緊急通報装置あり | 調査日=2013-09-19,
45,宮崎県,45204,日南市,,日南市保健福祉総合センター,,,887-8585,日南市中央通1丁目1番地2,31.601331,131.3783388,,yes,,１階 / 2階 / 3階 / 4階 / 5階,,,,,,yes,,,,,,,,,,,,,,,,,,,,multipurpose_toilet,みやざきアクセシビリティ情報マップ,https://m-bfree.pref.miyazaki.lg.jp/a_map/public/facilityAround/eyJpdiI6InZmZE9WOE5XeitEZ2d5djdYQVljblE9PSIsInZhbHVlIjoiUlBDM0tRVmE2ZnpXWjNLc2o3Y0pmUT09IiwibWFjIjoiODA0ZmQ0ZmY3YjdlYjBjZDhlNDlmYWMxODc1MzY2NWE0ZjVlNGY5ZmMwNWE1OGEwY2Q0OTA5YWU5OTZlZmZhMiJ9,,F000328,男女共用トイレあり | 男女別トイレあり | 緊急通報装置あり | 調査日=2019-11-11,
45,宮崎県,45204,日南市,,日南山形屋,,,887-0014,日南市岩崎3丁目5-3,31.588252,131.399279,https://www.yamakataya.co.jp/nichinan/,yes,,2F婦人服売り場の奥,,,,,,,,,,,,,,,,,,,,,,,,,,multipurpose_toilet,みやざきアクセシビリティ情報マップ,https://m-bfree.pref.miyazaki.lg.jp/a_map/public/facilityAround/eyJpdiI6Im5ZS0F5U3kwK1YxNFB0ZStZa08zS0E9PSIsInZhbHVlIjoiRHNYQVdJUDM4aTU0MHl2RWxDdmpwUT09IiwibWFjIjoiNjY0NGJhNzgzZGY0ZWE2NTE0YTYzZTdkYmU0ZGVmNjhiMmViMThlNzhhYWNhZjI1ODA0NWE5ZDc2YjhmNjgyNiJ9,,F002376,男女共用トイレあり | 調査日=2019-12-10,
45,宮崎県,45204,日南市,,日南労働基準監督署,,,887-0031,日南市戸高1丁目3番17号,31.6001362,131.378859,,yes,,１階,,,,yes,,,,,,,,,,,,,,,,,,,,,,multipurpose_toilet,みやざきアクセシビリティ情報マップ,https://m-bfree.pref.miyazaki.lg.jp/a_map/public/facilityAround/eyJpdiI6IlR5V01TY0U1UjdtUGZ2MngrK0ZqK2c9PSIsInZhbHVlIjoidERHSkttODRBbzUyNEhDZVI5WWdPQT09IiwibWFjIjoiNjg1YmQ3NGEwZGFhNjM2YzQyZGI0NzQ4Nzk3ZDViOGMzZmYzY2MzOWJhMTkwMjZmNzg1ZjY0MzA5ZDIwNmNhNCJ9,,F001628,男女共用トイレあり | 緊急通報装置あり | 調査日=2013-09-02,
45,宮崎県,45205,小林市,,日章野菊の里障害者支援センター,,,886-0003,小林市大字堤2173-1,31.9660893,130.9985967,http://nissho-fukushi.jp/fukushi/publics/index/1/,yes,,,,,,yes,,yes,,,,,,,,,,,,,,,,,,,,multipurpose_toilet,みやざきアクセシビリティ情報マップ,https://m-bfree.pref.miyazaki.lg.jp/a_map/public/facilityAround/eyJpdiI6IjJPelN5b2tFTnp4cFYwUTAxMDFydXc9PSIsInZhbHVlIjoiKzM0VVQ2VWtCYmxtZW5cL1kzMVZIelE9PSIsIm1hYyI6ImM3ZTVmOWIyNGY2NzhiM2U5ZGUyYTZkYzBjNjVhOTEyOTVmOWNjNWI5YmJkZWJjY2NjNDVlNzFjNzNlYjZhNzkifQ==,,F001016,男女別トイレあり | 調査日=2019-09-01,
45,宮崎県,45401,高鍋町,,にっしん保育園,,,884-0002,高鍋町大字北高鍋1264番地,32.127765,131.5127479,http://www.yuuaisya.jp/nisshin,yes,,１階,,,,yes,,,,,,,,,,,,,,,,,,,,,,multipurpose_toilet,みやざきアクセシビリティ情報マップ,https://m-bfree.pref.miyazaki.lg.jp/a_map/public/facilityAround/eyJpdiI6Ink1Z0ZkZkx0dlJnSms4aEF6U1djMkE9PSIsInZhbHVlIjoiWW5Semczak1pV0NNM1wvSExTYlB2amc9PSIsIm1hYyI6IjZlODA5M2I0NDE1MzllZTYzMzU5ZDNiMDUxZWQwMDQ5ZmQ2OTExMTY1YzliOGRlMWNiZDBiNDg3YTA2YWU4YmMifQ==,,F000255,男女共用トイレあり | 調査日=2006-02-23,
45,宮崎県,45201,宮崎市,,日本政策金融公庫宮崎支店,,,880-0805,宮崎市橘通東3-6-30,31.9153758,131.4248887,,yes,,6階,,,,yes,,yes,,,,,,,,,,,,,,,,,,,,multipurpose_toilet,みやざきアクセシビリティ情報マップ,https://m-bfree.pref.miyazaki.lg.jp/a_map/public/facilityAround/eyJpdiI6IjBYYkhrQktnb2F0R0xjRFFXYlFOOHc9PSIsInZhbHVlIjoiMlVnbnYyOXhYYVNMcVwvUitRek5vK0E9PSIsIm1hYyI6ImMxNDY1ZmFjNzBjMDA1ZTE5NmE1NzkwMzIxZDczNGI3YTE0NTVkMGEwNWE4OWZiOGMyNzZiYjMxZmQwMjY2MmMifQ==,,F000218,男女共用トイレあり | 緊急通報装置あり | 調査日=2019-11-26,
45,宮崎県,45201,宮崎市,,日本放送協会宮崎放送局（ＮＨＫ）,,,880-8633,宮崎市江平西2丁目2-15,31.930163,131.4258314,https://www.nhk.or.jp/miyazaki/,yes,,,,,,yes,,,,yes,,,,,,,,,,,,,,,,,,multipurpose_toilet,みやざきアクセシビリティ情報マップ,https://m-bfree.pref.miyazaki.lg.jp/a_map/public/facilityAround/eyJpdiI6IkJnRG5BdXN6SkU1QjZHNU5RRzU1T3c9PSIsInZhbHVlIjoiekJZKzhvMGNMemNFTCtWdjdXUEsxdz09IiwibWFjIjoiZjE4YmZiOGNjNmY3NGY1NzI3MTE1OTRjZGM2OTY5NWY5ZWJhOTQ0MGVmOGEyZDgwZGE2YmNhMWMzOWM0YzI1OCJ9,,F000053,男女共用トイレあり | 緊急通報装置あり | 調査日=2019-11-21,
45,宮崎県,45201,宮崎市,,日本基督教団 宮崎教会,,,880-0802,宮崎市別府町3番14号,31.9127315,131.4284632,http://m-church.com/index.html,yes,,,,,,,,,,,,,,,,,,,,,,,,,,,,multipurpose_toilet,みやざきアクセシビリティ情報マップ,https://m-bfree.pref.miyazaki.lg.jp/a_map/public/facilityAround/eyJpdiI6Ik1wNFlZWFpMb2xcL1NEdm1hM1FcL0VWdz09IiwidmFsdWUiOiJoNnRPOTN5RXpDV2FjV05sN0lwQVwvZz09IiwibWFjIjoiODk4YzQ3MzllOWQwNGU2ZWZjY2UxOGY3MzljMDc1NTViZmI1MzVhNGU0OThmNzgzYTBlYjhlODk0MDUxZDkyOCJ9,,F000551,男女共用トイレあり | 調査日=2019-11-14,
45,宮崎県,45202,都城市,,日本茶専門店shop&cafe「日向時間」,,,885-0082,都城市南高尾町3-4,31.717102,131.046914,https://www.facebook.com/hyugajikan/,yes,,店舗レジ奥,,,,yes,,,,,,,,,,,,,,,,,,,,,,multipurpose_toilet,みやざきアクセシビリティ情報マップ,https://m-bfree.pref.miyazaki.lg.jp/a_map/public/facilityAround/eyJpdiI6IjJQQ2xJNGdwZHhGMngrS3F1MlROVVE9PSIsInZhbHVlIjoiMmt6XC96bVpCZzBGdzI3SFlEQ1dpbEE9PSIsIm1hYyI6ImFjNDVkZWU5NjdjZGUzNzMyMjhhOGZiOTE1NTcyNTgxNzQyZDNiYzJiYzI5NmI3ZTU0YTQ0MWJmZDkzNmI4OWIifQ==,,F002387,男女共用トイレあり | 調査日=2020-01-10,・一般トイレのみですが、横の洗面台を支えに移乗できる人は使用可能
45,宮崎県,45201,宮崎市,,日本福音ルーテル宮崎教会,,,880-0031,宮崎市船塚3丁目40,31.9310917,131.4183022,http://www.miyazaki-jelc.org/,yes,,,,,,,,,,,,,,,,,,,,,,,,,,,,multipurpose_toilet,みやざきアクセシビリティ情報マップ,https://m-bfree.pref.miyazaki.lg.jp/a_map/public/facilityAround/eyJpdiI6IkZBVDI4SExKWE0rREVVZTBHY2xlaXc9PSIsInZhbHVlIjoiQmY5VkxxMkp5alR6RzVkeGxYOWtUdz09IiwibWFjIjoiZDJlYTVmYzE4YzY0MzVlOTMxOTRhODY2ZmNhMDkxOWRiZjkxY2JkZGI0NDNlZmI5OTBlNjUyZDMwZmRjZDI5YyJ9,,F000177,男女共用トイレあり | 調査日=2010-01-25,
45,宮崎県,45201,宮崎市,,ニューウェルシティ宮崎,,,880-0879,宮崎市宮崎駅東1丁目2番地8,31.9146594,131.4343639,http://www.nwc-miyazaki.co.jp/,yes,,１階レストランの前,,,,yes,yes,,,,yes,,,,,,,,,,,,,,,,,multipurpose_toilet,みやざきアクセシビリティ情報マップ,https://m-bfree.pref.miyazaki.lg.jp/a_map/public/facilityAround/eyJpdiI6ImNrM1VESWdxUGlsSWcrRDN1eGZZbEE9PSIsInZhbHVlIjoiZ1ppYys1SUEySnk1bnV6SjRRRW5uUT09IiwibWFjIjoiOTI2MGQ2YjJiYzMwMjQ2NjBiN2I5NTJjMTFlNWRiNDAxYzM0NTYyNmNlMzI3OTNmNDAxZWEyYzFkMTJjYmZiMSJ9,,F001747,男女共用トイレあり | 緊急通報装置あり | 調査日=2025-03-14,
45,宮崎県,45402,新富町,,新田原古墳群,,,889-1406,新富町大字新田,32.10231684612267,131.4273284412589,https://koyu.site/,yes,,駐車場南側,,,,,,yes,,yes,yes,,,,,,,,,,,,,,,,,multipurpose_toilet,みやざきアクセシビリティ情報マップ,https://m-bfree.pref.miyazaki.lg.jp/a_map/public/facilityAround/eyJpdiI6IjJKTGpYU1wvK2NveGxFK1VWMHRQNHdBPT0iLCJ2YWx1ZSI6IkROOE1iSTV4TGYzZ0RtaGFwdEV6b3c9PSIsIm1hYyI6IjBiYmZlMzI4MDRmNTYzMzk3OWMwMTZkN2RlMGZlYTczNGI2MTY3NTEzZThlNGQ2ZmU4MDZmMDk2ZmIxMGYzMzkifQ==,,F002657,男女共用トイレあり | 緊急通報装置あり | 調査日=2023-03-01,
45,宮崎県,45402,新富町,,新田原展望広場,,,889-1403,新富町大字上富田6021-1,32.078348,131.469448,,yes,,,,,,,,yes,,yes,yes,,,,,,,,,,,,,,,,,multipurpose_toilet,みやざきアクセシビリティ情報マップ,https://m-bfree.pref.miyazaki.lg.jp/a_map/public/facilityAround/eyJpdiI6InhZNVZHeHlZWU02QXV2NlpvVjcyenc9PSIsInZhbHVlIjoiY2d2TGUzcVlKT2NHTFRWRTZJS1RtZz09IiwibWFjIjoiY2FkNDJiYjIxNzc2ZjQyY2IzMTI3OTA3ZDhlYjUwNWQwMTU2NmFmZDE3MzY2MWU1ZGRlYjk5NmNmY2NmYzgzZSJ9,,F002585,男女共用トイレあり | 緊急通報装置あり | 調査日=2022-07-06,
45,宮崎県,45201,宮崎市,,認定子ども園 みくに幼稚園,,,880-0841,宮崎市吉村町北原甲1405－15,31.9201851,131.4411444,http://mikuni-y.sakura.ne.jp/,yes,,,,,,,,,,,,,,,,,,,,,,,,,,,,multipurpose_toilet,みやざきアクセシビリティ情報マップ,https://m-bfree.pref.miyazaki.lg.jp/a_map/public/facilityAround/eyJpdiI6IlptQVZQcVQ3d2xHMjhPeXpBZVJtRGc9PSIsInZhbHVlIjoicnNUNDRWUWFqaDZsSXRHRTJIZmFOUT09IiwibWFjIjoiODk5ZTE3OGM1MmIxZWFjZGI0MWE1ZGM3NDg1NDhjMWI4Y2IxYTRhODIzMWY2MjNmMDRhMDIzM2MwMTQ5MjA1MSJ9,,F001718,男女共用トイレあり,
45,宮崎県,45201,宮崎市,,認定こども園 祇園こども園,,,880-0024,宮崎市霧島2丁目216,31.9308566,131.4127734,http://www.gionhoikuen.jp/,yes,,,,,,,,,,,,,,,,,,,,,,,,,,,,multipurpose_toilet,みやざきアクセシビリティ情報マップ,https://m-bfree.pref.miyazaki.lg.jp/a_map/public/facilityAround/eyJpdiI6InM4dmJcL1MzZ1FNMHc0OXVZSjlrUjFBPT0iLCJ2YWx1ZSI6IlBjR1ZuNzVrYTczakhnRWVKM2txSFE9PSIsIm1hYyI6IjdjN2JiNDM3YThmZDFjM2M5OTdmZTQyNzRhOGExOTY5YTM2YzFhMjBlMGIwNzU1NDM3ZDcwZmI1YTRmNjU5ZGQifQ==,,F001892,男女共用トイレあり,
45,宮崎県,45201,宮崎市,,認定こども園日の出幼稚園,,,880-0913,宮崎市恒久2丁目11番地,31.8954024,131.42777,http://www.hinode-miyazaki.ed.jp/,yes,,,,,,yes,,,,,,,,,,,,,,,,,,,,,,multipurpose_toilet,みやざきアクセシビリティ情報マップ,https://m-bfree.pref.miyazaki.lg.jp/a_map/public/facilityAround/eyJpdiI6Ikh2TUhTRzA4cXd1eGFnZXFScFlNelE9PSIsInZhbHVlIjoiVEVTQ25ESzA3NndwTUdkM28xQkxTUT09IiwibWFjIjoiMzYwZWQ3N2NlMzhjMmIxNDM1NzkxZWJhNDcwY2QyMDhmODkzOTBiMWMyNWY5Mjg2NWM5MGU2MWNmNDkwZmYyNSJ9,,F000860,男女共用トイレあり | 緊急通報装置あり | 調査日=2019-11-12,
45,宮崎県,45431,美郷町,,農林産物直売所 美郷ノ蔵,,,883-1101,美郷町西郷田代5781-11（さいごうの関 内）,32.4287746,131.4690555,https://www.visit-misato.jp/shopinfo/misatonokura/,yes,,直売所入口隣,,,,yes,,yes,,yes,yes,,,,,,,,,,,,,,,,,multipurpose_toilet,みやざきアクセシビリティ情報マップ,https://m-bfree.pref.miyazaki.lg.jp/a_map/public/facilityAround/eyJpdiI6IlkzSkk5RlJteW0xWnJUdWt6RHN2YVE9PSIsInZhbHVlIjoiK2tGdEJkQWZpYlEwYXZCUldvc1RPQT09IiwibWFjIjoiMzBlNGZiYzNhYzgyZjI5ODRiZjhkY2ZlOTcxZGM0ZDgzNTI0N2IzOTk1MTdiYTYwYTZhZGYwYjNjYzA0YjVmOCJ9,,F002832,男女共用トイレあり | 調査日=2025-01-31,
45,宮崎県,45202,都城市,,野口脳神経外科,,,885-0002,都城市太郎坊町1991-5,31.7753964,131.0916627,http://noguchi-ns.com/,yes,,,,,,yes,,,,,,,,,,,,,,,,,,,,,,multipurpose_toilet,みやざきアクセシビリティ情報マップ,https://m-bfree.pref.miyazaki.lg.jp/a_map/public/facilityAround/eyJpdiI6Ik51a0xrMjVaR0RrVGJBNjhjUVZqSnc9PSIsInZhbHVlIjoiQW1EUjZIdXN4TEdsbERYRE1yazR3UT09IiwibWFjIjoiMTQxNzk4Y2FjNWYwNTY1MmNmYWQ1MzI2MjdiNmU0Mzg1ZWI3NjFhNWY4ZjhkNTk3ZTExNWU1YjFkNTE5NmE5MCJ9,,F000441,男女共用トイレあり | 調査日=2019-11-07,
45,宮崎県,45201,宮崎市,,医療法人青葉会 のざきクリニック,,,880-0879,宮崎市宮崎駅東3丁目9番13,31.919372,131.432667,http://miyazaki-aobakai.jp/,yes,,,,,,,,,,,,,,,,,,,,,,,,,,,,multipurpose_toilet,みやざきアクセシビリティ情報マップ,https://m-bfree.pref.miyazaki.lg.jp/a_map/public/facilityAround/eyJpdiI6IjlaamEzdFhFcndsMUJxZTNSUHBrQmc9PSIsInZhbHVlIjoibmoxUjBxdGIyUW9wMVZ4Sk5jN2tOdz09IiwibWFjIjoiZDgyZDZkYTBjNTA0ZmY1MzAzOWIwZjNmNWJkMGVjNGYwMGIzNjIxYjBkZmQ3MTZjOWM3OWUyMzc5Njc1NjUzYiJ9,,F001530,男女別トイレあり,
45,宮崎県,45201,宮崎市,,一般財団法人弘潤会 野崎病院,,,880-0916,宮崎市大字恒久5567,31.8880087,131.4052442,http://www.koujunkai.jp/nozaki/index.shtml,yes,,１階,,,,,,,,,,,,,,,,,,,,,,,,,,multipurpose_toilet,みやざきアクセシビリティ情報マップ,https://m-bfree.pref.miyazaki.lg.jp/a_map/public/facilityAround/eyJpdiI6IlwvNVFCSmhKR2RPa1BWYzhNem1MQ29RPT0iLCJ2YWx1ZSI6IjRoK05PRExrTDIzOGZpa2xFZFBPY3c9PSIsIm1hYyI6ImQwOTgwZWIzZWE0NmQ5NzI4YzYyNTk0MjYxZDYxZTdjMThkMjliMDY2MDc2NGFlMjJjNTI2MjM0M2VlMGVjZTgifQ==,,F000749,男女共用トイレあり | 緊急通報装置あり | 調査日=2013-09-02,
45,宮崎県,45205,小林市,,のじりこぴあ,,,886-0212,小林市野尻町大字東麓5160,31.9574879,131.1261646,https://nojiri-kopia.com/,yes,,ドーム西駐車場横,,,,yes,yes,,,,,,,,,,,,,,,,,,,,,multipurpose_toilet,みやざきアクセシビリティ情報マップ,https://m-bfree.pref.miyazaki.lg.jp/a_map/public/facilityAround/eyJpdiI6ImZ3dG1mMXZhenFUcFBGbXJ4djd1ZUE9PSIsInZhbHVlIjoiU04yZVU2djJ2QXFtOEo2Ykw2eENSdz09IiwibWFjIjoiM2ZmMmZlYmM0YzU3NzJmNTBkYTUzMDg1ZTQyNzAwOGM3MzY5ZDQ3M2Y0ZGQ3NmQ5ZTYyNTRmNjY4YWViNTMzNCJ9,,F000284,男女共用トイレあり | 調査日=2024-04-16,
45,宮崎県,45205,小林市,,野尻中央病院,,,886-0212,小林市野尻町大字東麓1170,31.960359,131.0993715,https://nojiri-ch.com/,yes,,１階 / 1階,,,,yes,,,,,,,,,,,,,,,,,,,,,,multipurpose_toilet,みやざきアクセシビリティ情報マップ,https://m-bfree.pref.miyazaki.lg.jp/a_map/public/facilityAround/eyJpdiI6ImZkVzZTKzR4dGZzT3RpMUJaRFVmTHc9PSIsInZhbHVlIjoiQjBqVlNsdGNvREdoVzBybzFLbFlmdz09IiwibWFjIjoiZjE2NDBiOGNmODRjNGM1NWM0YTQ0OTdjOWY4NTRjZjQ2ZGU0NTAxMmZjMjFiYTRhM2I0OWZhZjQxMWY0MTc5ZCJ9,,F000282,男女共用トイレあり | 緊急通報装置あり | 調査日=2019-11-22,
45,宮崎県,45205,小林市,,野尻町いきいきコミュニティセンター,,,886-0213,小林市野尻町大字三ヶ野山4093番地4,31.976414,131.0625039,http://cms.city.kobayashi.lg.jp/display.php?cont=131213153127,yes,,１階,,,,,,,,,,,,,,,,,,,,,,,,,,multipurpose_toilet,みやざきアクセシビリティ情報マップ,https://m-bfree.pref.miyazaki.lg.jp/a_map/public/facilityAround/eyJpdiI6ImdvbUtIRlNHdHpVQmNcL3RQaUJTa2p3PT0iLCJ2YWx1ZSI6ImMxT2M0NHZ2TVBPTlpvc3hLUXhwTkE9PSIsIm1hYyI6ImMwMzFiY2UyMGYyNWM3ZmE5NTViYTdlY2YwOWQzYTgwOTM3NmNmY2NjN2Q3MTA4OWU4ZGRiM2U3NTI1Yzk1ZGUifQ==,,F002081,男女共用トイレあり | 緊急通報装置あり | 調査日=2019-12-06,
45,宮崎県,45205,小林市,,野尻町農村環境改善センター,,,886-0213,小林市野尻町三ヶ野山4336番地55,31.9639195,131.0789939,,yes,,１階,,,,,,,,,,,,,,,,,,,,,,,,,,multipurpose_toilet,みやざきアクセシビリティ情報マップ,https://m-bfree.pref.miyazaki.lg.jp/a_map/public/facilityAround/eyJpdiI6IlU5SHNyZExVTFVQQ2t2MzU4U1h3dXc9PSIsInZhbHVlIjoiTUZLQ1lnMmwycjQxV25KaDFRWnNwQT09IiwibWFjIjoiZTlmZjk0Nzg3NDY3YjQ1YTEyYmI4NjE4MzcyZjZjODI4NTI2ZTIzZTgwNGI5MzMzZTEwNTYzNmJkZDU4M2E5NSJ9,,F001578,男女共用トイレあり | 緊急通報装置あり,
45,宮崎県,45205,小林市,,野尻町保健福祉センター「友愛会館」,,,886-0212,小林市野尻町大字東麓1158-3,31.9611028,131.0977493,,yes,,１階,,,,,,,,,,,,,,,,,,,,,,,,,,multipurpose_toilet,みやざきアクセシビリティ情報マップ,https://m-bfree.pref.miyazaki.lg.jp/a_map/public/facilityAround/eyJpdiI6Im1reER4bE16aW5GcHpwT2xtRHNiYWc9PSIsInZhbHVlIjoib084QTJPUmdNYlFjWEVlOWtIeFNxdz09IiwibWFjIjoiZjZmYmE2ZGE2MTNkNWMwZWQxYTExZTFkZWRlZTNiZTQzZjRhYzY0MDc5M2VlOWU2NTdjYTg0ZTk2OWQ1YWM4ZiJ9,,F000576,男女共用トイレあり | 緊急通報装置あり | 調査日=2002-09-12,
45,宮崎県,45201,宮崎市,,のぞみ医院,,,880-0921,宮崎市大字本郷南方字榎田2541番1,31.8605136,131.4387484,,yes,,,,,,,,,,,,,,,,,,,,,,,,,,,,multipurpose_toilet,みやざきアクセシビリティ情報マップ,https://m-bfree.pref.miyazaki.lg.jp/a_map/public/facilityAround/eyJpdiI6ImFMaHg1YWJjUkhzS0t1K1g3c21ZMUE9PSIsInZhbHVlIjoibzg1YXhhNHFlOXlRTjhMOUc0Rm5hQT09IiwibWFjIjoiZDkzZTdjYjUyZWU0ZDgwOTE3ZmJlZDg4ZDk4OGUzNDRmNGVhODc3NDU3ZTVjOTRjYzlkMmI5NWMzZjhlYTRkNSJ9,,F000756,男女別トイレあり,
45,宮崎県,45202,都城市,,野辺医院,,,885-0072,都城市上町10街区4号,31.7242011,131.0648044,,yes,,１階,,,,,,,,,,,,,,,,,,,,,,,,,,multipurpose_toilet,みやざきアクセシビリティ情報マップ,https://m-bfree.pref.miyazaki.lg.jp/a_map/public/facilityAround/eyJpdiI6ImRUZnBMWXZoOTVVRTBsVFNTWFdWZ0E9PSIsInZhbHVlIjoiYitMMldYR2R5SCswMEtlR0FzTlUxZz09IiwibWFjIjoiNzdhZjkyNzk0MDUxZmIwYTY2MTVhNDc3OGEyMGRiMjFjNDY0OTE4YjE5YzRlZGJiOWYyM2Y5ZjZlY2Q5OGEyNyJ9,,F000920,男女共用トイレあり | 緊急通報装置あり | 調査日=2019-11-08,
45,宮崎県,45201,宮崎市,,野辺医院,,,880-0844,宮崎市柳丸町32,31.9284909,131.4340218,,yes,,,,,,,,,,,,,,,,,,,,,,,,,,,,multipurpose_toilet,みやざきアクセシビリティ情報マップ,https://m-bfree.pref.miyazaki.lg.jp/a_map/public/facilityAround/eyJpdiI6IkVYZjFmK2RQNzRmQ01QY3djcDAxOWc9PSIsInZhbHVlIjoidGdOMUMzS2tTd0lSZEVuRklTWFhRZz09IiwibWFjIjoiODY0OGIxZGIxZTkyNTkyMDA5ZWExYjI5OWEyZGE3YzRmOTg0MmRhZTViMTcwYTU2MGY4OTY2ZDI3ZWFkMDBhMiJ9,,F000477,男女共用トイレあり,
45,宮崎県,45203,延岡市,,延岡運転免許センター,,,882-0803,延岡市大貫町1丁目2834,32.5786705,131.6566344,,yes,,１階,,,,yes,,,,yes,,,,,,,,,,,,,,,,,,multipurpose_toilet,みやざきアクセシビリティ情報マップ,https://m-bfree.pref.miyazaki.lg.jp/a_map/public/facilityAround/eyJpdiI6InpIVGFoVkk3WVFySkJcL0Q0ZVp1eWl3PT0iLCJ2YWx1ZSI6IlVkbmdDS2FPSHNXNXpnYzRXXC9scXRRPT0iLCJtYWMiOiI2NTczMWZhM2QzYzRjMzlkZWU2NjI4Yzk3ZmY4MTcxYjFjMjFkY2ZjNzBhZTI1YjViNjY4N2I1YWE3NDcxOWIwIn0=,,F001436,男女共用トイレあり | 調査日=2019-12-06,
45,宮崎県,45203,延岡市,,延岡駅（延岡駅前複合施設 エンクロス）,,,882-0053,延岡市幸町3丁目4266-5,32.590007,131.672366,https://encross-nobeoka.jp/,yes,,駅北側 / 待合スペース内,,,,yes,yes,yes,,,yes,,,,,,,,,,,,,,,,,multipurpose_toilet,みやざきアクセシビリティ情報マップ,https://m-bfree.pref.miyazaki.lg.jp/a_map/public/facilityAround/eyJpdiI6IkVRMUUrdzZSdjYra1lPMU9ES2Q3OUE9PSIsInZhbHVlIjoicTJTU0VyOGtnZ0JkUzRsTFNRTTFUdz09IiwibWFjIjoiZmI5ODBiMjE4MTI0OTAzNzEwOTcyMWZkYjQwYzA2MDdkZmEyZjdjOTBhYTFlNzEyZWMyOGEyMDNiMTg0MzljYyJ9,,F002370,男女共用トイレあり | 緊急通報装置あり | 着替え台あり | 調査日=2019-11-29,
45,宮崎県,45203,延岡市,,延岡勤労者体育センター,,,882-0852,延岡市東浜砂町611番地1,32.5795357,131.6928843,http://www.city.nobeoka.miyazaki.jp/display.php?cont=190828130908,yes,,１階,,,,,,,,,,,,,,,,,,,,,,,,,,multipurpose_toilet,みやざきアクセシビリティ情報マップ,https://m-bfree.pref.miyazaki.lg.jp/a_map/public/facilityAround/eyJpdiI6IjQzZ1JodGVadXkzcE5WK1lBb2xQMXc9PSIsInZhbHVlIjoiemMyaXRoOVk0YjJ2YlBLQkpkTEhaZz09IiwibWFjIjoiMGQ0YTJhZTJlY2EzM2ZiY2QyOTNiNGUzYjk3ZjFmYWM2YjYzZjJiZmIwODg2YTJmYTFlZTBjZjI2OGQwNWM0MSJ9,,F001416,男女共用トイレあり | 緊急通報装置あり | 調査日=2013-09-18,
45,宮崎県,45203,延岡市,,延岡訓練センター（ポリテクセンター延岡）,,,889-0513,延岡市土々呂町6丁目3028番地,32.5095135,131.6697465,http://www3.jeed.or.jp/nobeoka/poly/index.html,yes,,,,,,,,,,,,,,,,,,,,,,,,,,,,multipurpose_toilet,みやざきアクセシビリティ情報マップ,https://m-bfree.pref.miyazaki.lg.jp/a_map/public/facilityAround/eyJpdiI6ImROSk40RVlwcU5sRW5HZ2g1R3JtNVE9PSIsInZhbHVlIjoiaWpuak42dFRGSEhwbWhcL09XbXlnaWc9PSIsIm1hYyI6IjM2NTY4YjI4ZGE4MzUwZTlhNzQ2OTBhZGVlM2U4NjFiNmE4MmZmZmYzMGM1MDliOGI1MDEyMzRiODllZTI4NmQifQ==,,F001413,男女共用トイレあり | 調査日=2019-11-12,
45,宮崎県,45203,延岡市,,延岡警察署北方駐在所,,,882-0125,延岡市北方町川水流卯1330番地2,32.5606762,131.5234878,,yes,,１階,,,,,,,,,,,,,,,,,,,,,,,,,,multipurpose_toilet,みやざきアクセシビリティ情報マップ,https://m-bfree.pref.miyazaki.lg.jp/a_map/public/facilityAround/eyJpdiI6IllCek9uZ1wvZ2pseVNMbytVbHI1aTRRPT0iLCJ2YWx1ZSI6IllzaTFCOVdiOVoyNmtLYTZFd1wvVlJRPT0iLCJtYWMiOiI3MzI3MzM5NjliOTFmZDI5MmFjYjdlOGYyZTQ0OWJkMzA2NmYwNzhlMTQ3NGJiNjE3MTBkNjc0ZjE0MzFhNzFiIn0=,,F000459,男女共用トイレあり | 緊急通報装置あり | 調査日=2002-09-26,
45,宮崎県,45203,延岡市,,延岡警察署土々呂駐在所,,,889-0513,延岡市土々呂町4丁目4390-6,32.5076915,131.6771764,,yes,,１階,,,,,,,,,,,,,,,,,,,,,,,,,,multipurpose_toilet,みやざきアクセシビリティ情報マップ,https://m-bfree.pref.miyazaki.lg.jp/a_map/public/facilityAround/eyJpdiI6IjhrcE5BcmpYV3lXMHRSTnZyYkhIaFE9PSIsInZhbHVlIjoicTQ1TjF5Y2cwNGdwcE9MRGNFQVY4QT09IiwibWFjIjoiZTBmMTgzNGRkOTFjYmE0ZDRkNDJlNGI2Y2Y2YTBlNzkxODE1OTY0NjllYzY1YzMyMTJkNWNlNjAzNzZmNDk2MSJ9,,F001410,男女共用トイレあり | 緊急通報装置あり | 調査日=2002-09-26,
45,宮崎県,45203,延岡市,,延岡公共職業安定所,,,882-0872,延岡市愛宕町2丁目2300,32.5687417,131.6678507,https://jsite.mhlw.go.jp/miyazaki-roudoukyoku/,yes,,１階,,,,,,,,,,,,,,,,,,,,,,,,,,multipurpose_toilet,みやざきアクセシビリティ情報マップ,https://m-bfree.pref.miyazaki.lg.jp/a_map/public/facilityAround/eyJpdiI6Ilh2ZHJIOUhuQjVHK09lek9tRnpBVXc9PSIsInZhbHVlIjoiMDFtTEJxM2hCaDk5S1ZBY05ta1RVdz09IiwibWFjIjoiMWQzZTM4ZGQ3ZWNjOTA1OWJlZjcwOWRiYzdhZDgwYzg1YmJjZGY0NzBlZDI4ZDFjODQyN2IwMjI3ODQwOWRlNSJ9,,F001428,男女共用トイレあり | 緊急通報装置あり | 調査日=2019-11-25,
45,宮崎県,45203,延岡市,,延岡市 北川体育館,,,889-0101,延岡市北川町大字川内名7330,32.6932909,131.6910086,,yes,,１階,,,,,,,,,,,,,,,,,,,,,,,,,,multipurpose_toilet,みやざきアクセシビリティ情報マップ,https://m-bfree.pref.miyazaki.lg.jp/a_map/public/facilityAround/eyJpdiI6InZvM2hidEZPck8rVTFJUWdQS3daVkE9PSIsInZhbHVlIjoidEtuS2RtM3RtMXZxWXpSalVHbXp0UT09IiwibWFjIjoiMzdhYzFiYTViMDFiNzBmYTI1NTM3YTQ0MDYzYTkwZTBlMzg4MDg2ZjYzMDIxNjBhZmJjMGQ3NjllOThkNWU5NCJ9,,F002082,男女共用トイレあり | 緊急通報装置あり | 調査日=2013-09-04,
45,宮崎県,45203,延岡市,,延岡市医師会病院,,,882-0856,延岡市出北6丁目1621,32.5753912,131.689471,http://nobeokashiishikai.or.jp/hospital/,yes,,１階,,,,yes,,,,,,,,,,,,,,,,,,,,,,multipurpose_toilet,みやざきアクセシビリティ情報マップ,https://m-bfree.pref.miyazaki.lg.jp/a_map/public/facilityAround/eyJpdiI6InpDcmZrazEyaU13ZW5OWUdvM2NtOXc9PSIsInZhbHVlIjoiV21MRlU2R283WjJiUUxQUUF2elVvUT09IiwibWFjIjoiZGU3YTgzYjNjZWMxZjg3ZTMyNDM2MjU5OTgyZjFlN2Y5OTgyNjA2ZTgzNTZjZmM4YzNmM2JiMGU0ZTNmNDczZiJ9,,F001308,男女共用トイレあり | 緊急通報装置あり | 調査日=2009-11-19,
45,宮崎県,45203,延岡市,,延岡市大武体育館,,,882-0024,延岡市大武町5337番地,32.5958668,131.6890308,,yes,,１階,,,,,,,,,,,,,,,,,,,,,,,,,,multipurpose_toilet,みやざきアクセシビリティ情報マップ,https://m-bfree.pref.miyazaki.lg.jp/a_map/public/facilityAround/eyJpdiI6ImxDMWVXalNFazhLbFpLT0RUZG1rQ1E9PSIsInZhbHVlIjoiOVZnN3NpVWZ4U2NuRXdPSHArbG5ZQT09IiwibWFjIjoiOTQwYTZiZTE5NTMxODA0MzNiZTExNjkwN2Y5OWZlMzlhOGJiZmE0OTgwYTBlOTIzM2QxOTIzOWFiNWRlMGI5ZSJ9,,F002109,男女共用トイレあり | 緊急通報装置あり | 調査日=2013-09-18,
45,宮崎県,45203,延岡市,,延岡市川中コミュニティセンター,,,882-0816,延岡市桜小路360番地2,32.5793985,131.6634337,http://www.city.nobeoka.miyazaki.jp/display.php?cont=170120090508,yes,,1階,,,,yes,,yes,,,,,,,,,,,,,,,,,,,,multipurpose_toilet,みやざきアクセシビリティ情報マップ,https://m-bfree.pref.miyazaki.lg.jp/a_map/public/facilityAround/eyJpdiI6Im1DbWRLMzBFaHRzOWoxZm84Sm5UeWc9PSIsInZhbHVlIjoieGh2VzhheVVCVUJzOHo5a01NUkptQT09IiwibWFjIjoiNzAzMmU4ZTZkZTllNmI4ZGFmZWJiZWU5ZDk0NTk4MjMzODg0NDM0ODNkOGZiZDMwMThlZjZkMDA4YWRlN2QzMyJ9,,F001314,男女共用トイレあり | 緊急通報装置あり | 調査日=2019-11-22,
45,宮崎県,45203,延岡市,,延岡市 北川総合支所,,,889-0192,延岡市北川町大字川内名7250,32.6901483,131.6945477,,yes,,２階,,,,,,yes,,,,,,,,,,,,,,,,,,,,multipurpose_toilet,みやざきアクセシビリティ情報マップ,https://m-bfree.pref.miyazaki.lg.jp/a_map/public/facilityAround/eyJpdiI6IllLZnU5VDFUZnNjR2NLWSt3UGh0Znc9PSIsInZhbHVlIjoicU4zYTBKM2gzQzJEN3BreXVqOVR2UT09IiwibWFjIjoiYzBiM2JlNjZkNmMwNWUyNzI4NDM0ZDRiMDhlZWRkODU2YTRiMjdkZjA3MTBhMDM5NWU0ZTEyOTQ2YTUyOTg4NiJ9,,F000703,男女共用トイレあり | 緊急通報装置あり | 調査日=2013-09-02,
45,宮崎県,45203,延岡市,,延岡市社会教育センター,,,882-0812,延岡市本小路39-1,32.581927,131.6598671,,yes,,１階 / 2階 / ２階 / 3階 / ３階,,,,yes,,,,,,,,,,,,,,,,,,,,,,multipurpose_toilet,みやざきアクセシビリティ情報マップ,https://m-bfree.pref.miyazaki.lg.jp/a_map/public/facilityAround/eyJpdiI6IjBMeTg3KzMwSnV5a3pqOXQ4U2laQUE9PSIsInZhbHVlIjoiTHQ3dVFsZVVnaUc0K2FnMjEyRlZTZz09IiwibWFjIjoiMGVmNTk5Yjc4NmVkNTM4MTE1NzBjZjA5ZWQ1NDE0MmVlYjQxZWM1NzNkNTY4ODEwODFhYjIzNDY0MTQxZTY4YiJ9,,F001338,男女共用トイレあり | 男女別トイレあり | 緊急通報装置あり | 調査日=2019-11-27,
45,宮崎県,45203,延岡市,,延岡市社会福祉センター,,,882-0842,延岡市三ッ瀬町1丁目12-4,32.5747512,131.6659815,https://nobesha.net/,yes,,１階 / 2階 / 3階,,,,yes,,yes,,,,,,,,,,,,,,,,,,,,multipurpose_toilet,みやざきアクセシビリティ情報マップ,https://m-bfree.pref.miyazaki.lg.jp/a_map/public/facilityAround/eyJpdiI6IjJaMUVtZnVWTENIWk13TFF2b1BMdWc9PSIsInZhbHVlIjoiZVhIelAwZnZjanRUQm85eUxwaXBvdz09IiwibWFjIjoiMjliZWUxZGExYmQwZDI1NDQxZTUzNDdjMzZiOTU1NDUzNTJjNmJmNjA1MmRjMjZlYjJkODAwNjI0MjE4YTQ3MyJ9,,F001791,男女共用トイレあり | 緊急通報装置あり | 調査日=2019-11-25,
45,宮崎県,45203,延岡市,,延岡市上下水道局,,,882-0812,延岡市本小路77番地1,32.5823608,131.6617755,www.city.nobeoka.miyazaki.jp,yes,,１階,,,,yes,,yes,,,,,,,,,,,,,,,,,,,,multipurpose_toilet,みやざきアクセシビリティ情報マップ,https://m-bfree.pref.miyazaki.lg.jp/a_map/public/facilityAround/eyJpdiI6InFaUldtTmlEVE1xREdUd2RXR1RDVVE9PSIsInZhbHVlIjoidmRZXC9LK2dlSUJGNndNdGZYTXBkeXc9PSIsIm1hYyI6ImI4ZWNkNGZiYTI5ZWUwZWZmNTFkNWFjYjhkMmE0MzljMjgwZmUxODA4ZWNiZWE3Yzk4NDdiMzNiYWU3NzJmM2UifQ==,,F001342,男女共用トイレあり | 緊急通報装置あり | 調査日=2019-12-09,
45,宮崎県,45203,延岡市,,延岡市中小企業振興センター,,,882-0813,延岡市東本小路121-1,32.5803428,131.6644238,,yes,,2階,,,,,,yes,,,,,,,,,,,,,,,,,,,,multipurpose_toilet,みやざきアクセシビリティ情報マップ,https://m-bfree.pref.miyazaki.lg.jp/a_map/public/facilityAround/eyJpdiI6IkEyMnpwU3E0NjMrTGV5ZzJMQlZuTWc9PSIsInZhbHVlIjoiTW9qekRtUTRvcFwvSGpCd0l3SU9LOVE9PSIsIm1hYyI6ImIzNDRlNGQwZDY2M2UyNmI4NmZmZjBjYTFlMTE5ZGNiNmI4OWYwYWVlNmQyZGY4ZDJiY2M2ZWNhMDg4NDAxM2MifQ==,,F001441,男女共用トイレあり | 緊急通報装置あり | 調査日=2013-09-10,
45,宮崎県,45203,延岡市,,延岡市恒富地区高齢者コミュニティセンター,,,882-0872,延岡市愛宕町1丁目1-1 （恒富小学校内 北校舎1Ｆ）,32.5704909,131.6694462,,yes,,１階,,,,,,,,,,,,,,,,,,,,,,,,,,multipurpose_toilet,みやざきアクセシビリティ情報マップ,https://m-bfree.pref.miyazaki.lg.jp/a_map/public/facilityAround/eyJpdiI6IkV4V25KcVJONlFtNGhGZDNiUTZ6dlE9PSIsInZhbHVlIjoiRzRrcmtER0hhYVAzRTRJc1QyMkpIdz09IiwibWFjIjoiNDIwYjA0OGNkMTgyZDE3ZDJkZDBiNmIxYjFlYTMwNzkzMmIxZDQ5OTBlNzEyNzYyZjA0MWQyOWRhOGFmZTI2OSJ9,,F001363,男女共用トイレあり | 緊急通報装置あり | 調査日=2002-09-19,
45,宮崎県,45203,延岡市,,延岡市南老人福祉センター,,,882-0866,延岡市平原町2-790-3,32.5526216,131.6730686,,yes,,１階,,,,,,,,,,,,,,,,,,,,,,,,,,multipurpose_toilet,みやざきアクセシビリティ情報マップ,https://m-bfree.pref.miyazaki.lg.jp/a_map/public/facilityAround/eyJpdiI6InU0a0dsQ3JjOHZySmhvSEV1R1IxSnc9PSIsInZhbHVlIjoiWm41TjlRMFpITjZtQUwrNURXWlJOQT09IiwibWFjIjoiMjkyMDU3ODhmOTIyOGZjMzE3ZGEzNGUyMWVhZDNlYjFkM2RkZDEwNjg5MmM4NThjZmJiYjJhNjI0M2FiMTNjOSJ9,,F001544,男女共用トイレあり | 緊急通報装置あり | 調査日=2013-09-03,
45,宮崎県,45203,延岡市,,延岡市役所,,,882-8686,延岡市東本小路2-1,32.58218,131.665037,http://www.city.nobeoka.miyazaki.jp/index.html,yes,,1階西側 / 1F東側庁舎（左利き用） / 2F東側庁舎（左利き用） / 3~7F東側庁舎（左利き用） / 3~7F西側庁舎（右利き用）,,,,yes,yes,yes,,yes,yes,,,,,,,,,,,,,,,,,multipurpose_toilet,みやざきアクセシビリティ情報マップ,https://m-bfree.pref.miyazaki.lg.jp/a_map/public/facilityAround/eyJpdiI6IjdzWGpjemg5UTFKem43clF0SU5OOVE9PSIsInZhbHVlIjoiZzJuVkU3Z294UWJqQ3dwSDdub2RjUT09IiwibWFjIjoiNzliZGZjOTcwMzY5NzZjZDIzNzcwNzFkNWVhZWQyOTQzNGE1OWE3NmE3YTg1MWJkMGY4NGY2OTgxODJkYzI5NSJ9,,F002371,男女共用トイレあり | 緊急通報装置あり | 着替え台あり | 調査日=2019-11-29,・音声案内もある / ・1、2階は西側庁舎は右利き用、東側庁舎は左利き用を設置している / ・3~7階の多目的トイレの造りは同じ
45,宮崎県,45203,延岡市,,延岡市役所 伊形支所,,,889-0594,延岡市土々呂町4丁目4390番地1（延岡市職業訓練支援センター内1階）,32.50551,131.6736276,http://www.city.nobeoka.miyazaki.jp/contents/shimin/shimin/gyoumu/shishogyoumu.html,yes,,１階,,,,,,,,,,,,,,,,,,,,,,,,,,multipurpose_toilet,みやざきアクセシビリティ情報マップ,https://m-bfree.pref.miyazaki.lg.jp/a_map/public/facilityAround/eyJpdiI6Ik1NSlwvVVpwSTNMZnpQajFWZHRcL2NtQT09IiwidmFsdWUiOiJvaUNLaHR0dk1KMkNKeDFjbnk4S2RRPT0iLCJtYWMiOiI3MzYzZTk1MjFjNGMwM2ZhNDA2NWJiMDk3YmQ0MWIwNTIzYmU0ODU5MjkxOWU1OWI0YWRiMGE5ZGNiZDczZjUyIn0=,,F001351,男女共用トイレあり | 緊急通報装置あり | 調査日=2019-11-19,
45,宮崎県,45203,延岡市,,延岡城・内藤記念博物館,,,882-0811,延岡市天神小路255-2,32.58199754561743,131.65869848363238,https://nobeoka-naito-museum.jp/,yes,,１階ロビー,,,,yes,,yes,,,,,,,,,,,,,,,,,,,,multipurpose_toilet,みやざきアクセシビリティ情報マップ,https://m-bfree.pref.miyazaki.lg.jp/a_map/public/facilityAround/eyJpdiI6InV2ZExaOXJUR29HeWRncGF0K3V0dnc9PSIsInZhbHVlIjoib0JodTkrM1NjT3plT3FDNU1EK2hiQT09IiwibWFjIjoiNWQ0MGRkMWYwMTEyMDJkOGNmZWM2ZDAxMGE3NzNjMDEzZGFjM2M5MzY3ZWJmMzJkYWQ4NmNmYWZhNDlmOTA5ZCJ9,,F002616,男女共用トイレあり | 緊急通報装置あり | 調査日=2022-10-28,音声での案内もある / ２階にもトイレはあるが、多目的トイレはない。
45,宮崎県,45203,延岡市,,延岡城跡・城山公園,,,882-0813,延岡市東本小路城山公園,32.5809065,131.6617171,https://www.city.nobeoka.miyazaki.jp/site/miryoku/1288.html,yes,,城山公園北駐車場 / 城山公園南駐車場 / 管理事務所横（二の丸広場北側）,,,,yes,,yes,,yes,yes,,,,,,,,,,,,,,,,,multipurpose_toilet,みやざきアクセシビリティ情報マップ,https://m-bfree.pref.miyazaki.lg.jp/a_map/public/facilityAround/eyJpdiI6InAwc1dFT1wvMFh0Qkc1K3dxSXAyRHVnPT0iLCJ2YWx1ZSI6ImZzS1RDSVk0RFk1R3AxN3A4XC9mTU9RPT0iLCJtYWMiOiIwMzRkNmU0NGZmZTgwZjU1Y2Q0NTFkMTJkMDE0NjgxNmJjMjFmOGI2ZWVmYjI4ZTVlOGEwZjhjMjJlYWNiYzc0In0=,,F002110,男女共用トイレあり | 緊急通報装置あり | 調査日=2022-10-28,
45,宮崎県,45203,延岡市,,延岡植物園,,,882-0071,延岡市天下町1235-1,32.573504036142545,131.61171545351573,https://www.city.nobeoka.miyazaki.jp/site/miryoku/1276.html,yes,,入口入って直ぐの芝生広場の奥,,,,,,,,,,,,,,,,,,,,,,,,,,multipurpose_toilet,みやざきアクセシビリティ情報マップ,https://m-bfree.pref.miyazaki.lg.jp/a_map/public/facilityAround/eyJpdiI6ImlcL29ZWlhORlkwYWR0UkowR3F0MVd3PT0iLCJ2YWx1ZSI6IlRkTTM1RElOb2VQZXpocXZIZTNaT2c9PSIsIm1hYyI6ImE3ZWIzZjlhOTcwMDU0YzhkMzZjZWEzYWJlYTlhYWY0MWMyYmE0ZmI1MDRiZjkxMzM3ZTEyMDZjZjNhZGQ5MWIifQ==,,F002615,男女共用トイレあり | 緊急通報装置あり | 調査日=2022-10-28,みどりの相談所１Ｆにもトイレはあるが、多目的トイレは無い。
45,宮崎県,45203,延岡市,,延岡市立図書館,,,882-0812,延岡市本小路39-1,32.581927,131.6598671,http://www.lib.city.nobeoka.miyazaki.jp/,yes,,１階,,,,,,,,,,,,,,,,,,,,,,,,,,multipurpose_toilet,みやざきアクセシビリティ情報マップ,https://m-bfree.pref.miyazaki.lg.jp/a_map/public/facilityAround/eyJpdiI6IllodThZMWYzTmdSSHI1V3dXOFFXK0E9PSIsInZhbHVlIjoiN3FjUHVwQkhuZHNuTGdQaWlnYkU4QT09IiwibWFjIjoiNzFlNmNkOTgwNzY0ZTk3MmNkOTE3MGFkMGI4MWU0NTE3ZWZiZjIwOWI1ODJhMjYyZjhiNzBhYzBhNTRjOTdmYiJ9,,F001357,男女共用トイレあり | 緊急通報装置あり | 調査日=2019-11-20,
45,宮崎県,45203,延岡市,,延岡信用金庫本店,,,882-0822,延岡市南町1丁目4番地3,32.5809306,131.6673055,http://www.nobeshin.jp/,yes,,,,,,yes,,,,,,,,,,,,,,,,,,,,,,multipurpose_toilet,みやざきアクセシビリティ情報マップ,https://m-bfree.pref.miyazaki.lg.jp/a_map/public/facilityAround/eyJpdiI6IkVERVhMRVwvUDh2MXpvNFEyekpvUGlnPT0iLCJ2YWx1ZSI6IjJqN0RoVEc0amtQeGRTUXBCNmM5Vnc9PSIsIm1hYyI6ImRlNjUzYjJhMDJlM2JhZTg1MWZhZWUwMzFlYmRmYWU5MTFiMWU4MTg5ZDJhMjg1MDQwMWEwMjBjYzEyMTFkZTAifQ==,,F001435,男女別トイレあり | 調査日=2019-11-25,
45,宮崎県,45203,延岡市,,延岡総合文化センター,,,882-0852,延岡市東浜砂町611-2,32.5791866,131.6935614,http://www.nobeoka-bunka.com/,yes,,１階 / 展示室側,,,,yes,,yes,,yes,yes,,,,,,,,,,,,,,,,,multipurpose_toilet,みやざきアクセシビリティ情報マップ,https://m-bfree.pref.miyazaki.lg.jp/a_map/public/facilityAround/eyJpdiI6IjFBMnJqT1hcL1R5MFN4MmlMa3o5RHhnPT0iLCJ2YWx1ZSI6Ik5JV1N6KzFwbFNaU2JwY1VYZEVDXC9nPT0iLCJtYWMiOiJkM2Q1MTEzN2FhZmRlZDc3NzMwZjE3OGIxZDU1Njc1NjUyY2QxMmFkMjI5ZjkxNWZiOWEzZDc1YjNjNjQzNjhiIn0=,,F001438,男女共用トイレあり | 緊急通報装置あり | 調査日=2019-11-29,
45,宮崎県,45203,延岡市,,延岡市夜間急病センター,,,882-0856,延岡市出北6丁目1621,32.5753912,131.689471,http://nobeokashiishikai.or.jp/association/emergency/,yes,,１階,,,,yes,,,,,,,,,,,,,,,,,,,,,,multipurpose_toilet,みやざきアクセシビリティ情報マップ,https://m-bfree.pref.miyazaki.lg.jp/a_map/public/facilityAround/eyJpdiI6IlYwWEgrakhRUUxQeGtZYTYxbmRJMnc9PSIsInZhbHVlIjoidFpYNzdtMTVpN2xsZnZcL0ZwTUY1N1E9PSIsIm1hYyI6ImZiNTE0ZGExOWI1YTQzZDFlMzUwZWU3NzRlMjg5ZDI0OGEzZDIyMTNmMjZiNjRhMGM5YWFhMWNjMGQ3MGIzNWEifQ==,,F001307,男女共用トイレあり | 緊急通報装置あり | 調査日=2019-11-25,
45,宮崎県,45203,延岡市,,延岡保健所,,,882-0803,延岡市大貫町1-2840,32.5792155,131.6569154,,yes,,１階,,,,,,,,,,,,,,,,,,,,,,,,,,multipurpose_toilet,みやざきアクセシビリティ情報マップ,https://m-bfree.pref.miyazaki.lg.jp/a_map/public/facilityAround/eyJpdiI6InpTaFJUUUk2dHpNMVdGXC9oNHl3T1BBPT0iLCJ2YWx1ZSI6IklGTEdKQnNFYU5sN3BIN3plejNBM2c9PSIsIm1hYyI6IjUyN2M5ZGI2OWQwNjZjNDgxODMzNDA2M2RkNDY5ZTQ5MzAzOGUzM2FjZGJlZDhjYjQ0OTg2ZDE0NDg1ZjY3MzEifQ==,,F001429,男女共用トイレあり | 緊急通報装置あり | 調査日=2002-09-18,
45,宮崎県,45203,延岡市,,延岡保養園,,,882-0863,延岡市緑ヶ丘5丁目14番30号,32.5465154,131.6813228,www.ryuseikai.com,yes,,１階,,,,,,,,,,,,,,,,,,,,,,,,,,multipurpose_toilet,みやざきアクセシビリティ情報マップ,https://m-bfree.pref.miyazaki.lg.jp/a_map/public/facilityAround/eyJpdiI6InorSVc1NGRhdGlrRzVpVnVsWExHR2c9PSIsInZhbHVlIjoiMzRXNjllMHJcLzVyaXZNTUVLNXlhSnc9PSIsIm1hYyI6ImUxNzM3MTNiZjM5ZWU3OGM2OWM5YzEyNDE0YjYxYTEwMzUwZDFkZTc3MzE1MGJmYzY4ZjcwMTdlZjI2N2ZmZTIifQ==,,F001445,男女共用トイレあり | 緊急通報装置あり | 調査日=2002-09-04,
45,宮崎県,45203,延岡市,,延岡メモリードホール,,,882-0033,延岡市川原崎町410,32.5936224,131.6784061,http://www.m-memolead.jp/list/nobe.html,yes,,１階 / 2階,,,,yes,,,,,,,,,,,,,,,,,,,,,,multipurpose_toilet,みやざきアクセシビリティ情報マップ,https://m-bfree.pref.miyazaki.lg.jp/a_map/public/facilityAround/eyJpdiI6Ik1EVnZJWU5QdmFDMldjcnd5UjJqbWc9PSIsInZhbHVlIjoiOXdnYWw2bzNFaFk0OGlscXB4MjN3dz09IiwibWFjIjoiM2E4ZWQ1YjI2NmIxNDQ1Y2I3YThjMjhhNTQ2Zjk3ZDFiMGQyMjRkZjJjY2IxZDk5MWNiY2NkNTI5OTY4ZjBiNSJ9,,F001249,男女共用トイレあり | 緊急通報装置あり | 調査日=2006-03-27,
45,宮崎県,45203,延岡市,,延岡労働基準監督署,,,882-0803,延岡市大貫町1丁目2885-1,32.5798193,131.6557775,,yes,,１階,,,,yes,,,,,,,,,,,,,,,,,,,,,,multipurpose_toilet,みやざきアクセシビリティ情報マップ,https://m-bfree.pref.miyazaki.lg.jp/a_map/public/facilityAround/eyJpdiI6Im8rT0hQRk56U3ljYWtyYXNGUDdTSEE9PSIsInZhbHVlIjoiYTVvOWVQZXhoRWE0Q0J2R0xMWktIQT09IiwibWFjIjoiMWUyODcxYWYwMTM4ZWM1OTczODE4ZjVhMzBjYWYyMmYwMTRjODc0OWMyOTVlZDU3YWFmNjI2ZTVkNDIxOGUzYSJ9,,F001442,男女共用トイレあり | 緊急通報装置あり | 調査日=2019-11-15,
45,宮崎県,45203,延岡市,,医療法人社団 和敬会 野村クリニック,,,882-0837,延岡市古城町4丁目1番地,32.5671443,131.6613666,,yes,,１階,,,,yes,,,,,,,,,,,,,,,,,,,,,,multipurpose_toilet,みやざきアクセシビリティ情報マップ,https://m-bfree.pref.miyazaki.lg.jp/a_map/public/facilityAround/eyJpdiI6Imx6OGV3OVFESm1MXC9jRVplaXcyMjd3PT0iLCJ2YWx1ZSI6IjRwY2lBdnBNMGYxM0pEb1ZtQ0F0SlE9PSIsIm1hYyI6ImRjNDJlMTY0MTc0Nzg4NGI4YjM0M2E0ZDEyZTJlZjgzYWMwNWM0YzM4YWVlZGE1MTU1MzQ0NjZjOWFhOTJkNjMifQ==,,F001440,男女共用トイレあり | 緊急通報装置あり | 調査日=2002-09-15,
45,宮崎県,45201,宮崎市,,野村循環器内科クリニック,,,880-0916,宮崎市恒久5942-1,31.8923855,131.406498,http://www.nomura-junkanki.com,yes,,,,,,,,,,,,,,,,,,,,,,,,,,,,multipurpose_toilet,みやざきアクセシビリティ情報マップ,https://m-bfree.pref.miyazaki.lg.jp/a_map/public/facilityAround/eyJpdiI6IlFVRDBObkVqOFJVb2UwMnU4Y1BscGc9PSIsInZhbHVlIjoiZUh6K0Z6aDgxQUNXa29YUkJmc2dYZz09IiwibWFjIjoiZTBlOTljYmRjMWVhZDc1NmQzN2IyZDczMjY4NmQ2ZDQxOTFkNjhiODdlMDI1NWZhMWYwMjUzZWZkMWNiNWQ2NSJ9,,F001761,男女共用トイレあり | 調査日=2019-11-14,
45,宮崎県,45203,延岡市,,野村病院,,,882-0856,延岡市出北5丁目4番26号,32.5749832,131.6854512,https://nomura-h.wixsite.com/chuushinkai,yes,,１階,,,,,,,,,,,,,,,,,,,,,,,,,,multipurpose_toilet,みやざきアクセシビリティ情報マップ,https://m-bfree.pref.miyazaki.lg.jp/a_map/public/facilityAround/eyJpdiI6InYzTCswTFJrdTc2UmdTNGhGc3dtNUE9PSIsInZhbHVlIjoiRDgzQ1hXVSt5STV4UmY4TzludENHUT09IiwibWFjIjoiMWM5MDVhY2Q5NjBiOTVlZGM5NTRjODM2NDE0MGYyNTJmYzE2ZWYzNTE5YWMyMTU2MDM2YzBlODk3YmM3NzBiYSJ9,,F001420,男女共用トイレあり | 緊急通報装置あり | 調査日=2002-09-04,
45,宮崎県,45201,宮崎市,,野元珍松園,,,880-0824,宮崎市大島町原ノ前1445-100,31.934519,131.4388889,,yes,,,,,,,,,,,,,,,,,,,,,,,,,,,,multipurpose_toilet,みやざきアクセシビリティ情報マップ,https://m-bfree.pref.miyazaki.lg.jp/a_map/public/facilityAround/eyJpdiI6IjlYT2xcL2JVWXY0aGlnU0gySmEwM293PT0iLCJ2YWx1ZSI6IlZack8wbWRlTk1iK01zbEEzZzUxNlE9PSIsIm1hYyI6IjNhZTYwZTI1MTNhNTU4NmRlMzI2M2RjOWNjZWVhOTc1NjliOTY3MjJmMjdjMzVmN2I3MDJjZjk5YjQ1MmNkNzEifQ==,,F001880,男女共用トイレあり,
45,宮崎県,45201,宮崎市,,パーソルアクアパーク宮崎（宮崎県プール）,,,880-0818,宮崎市錦本町４－１,31.922843,131.42976,https://hinata-miyazaki-pool.com/,yes,,１階：２箇所、２階：３箇所,,,,yes,yes,yes,,yes,,,,,,,,,,,,,,,,,,multipurpose_toilet,みやざきアクセシビリティ情報マップ,https://m-bfree.pref.miyazaki.lg.jp/a_map/public/facilityAround/eyJpdiI6IkVPcVwvVDJWZk1ZK2w0SDMranpTS3hRPT0iLCJ2YWx1ZSI6ImNxTzhLTTQwSzY3cHJFYUpqbVVObEE9PSIsIm1hYyI6IjI0YzE2ZGVlNDc4MDc0MGQ0NzE2Y2ViMGNkMzE2MGNkMTU3NjRjYzZiMTQ0NWRlODIzMThlYTZiZThmOTAzMDYifQ==,,F002875,男女共用トイレあり | 緊急通報装置あり | 着替え台あり | 調査日=2025-09-09,・トイレ内に音声案内を設置 / ・１階トレーニングルーム前の多目的トイレにユニバーサルシートを設置
45,宮崎県,45201,宮崎市,,ハーティー住吉店,,,880-0121,宮崎市大字島之内字湯取6309、6309-1、6309-2、6310-1、6310-2、6311-1,31.9779,131.443,,yes,,,,,,,,,,,yes,,,,,,,,,,,,,,,,,multipurpose_toilet,みやざきアクセシビリティ情報マップ,https://m-bfree.pref.miyazaki.lg.jp/a_map/public/facilityAround/eyJpdiI6Im9VTlJHQUZwdGU5bTc0TFwvTFN1TzVRPT0iLCJ2YWx1ZSI6IkNpVmRwTFZFY2sxRkNVWWRZN1lNWWc9PSIsIm1hYyI6IjY0MDgwMWRkNzhlOTlkYzc2MDc1NmU4MjViMTdmN2YwYjdkMTFlOTkzNGJiMmQ3OTkyN2M1MDVlZjc0MTVjMDQifQ==,,F002540,緊急通報装置あり | 調査日=2022-01-06,
45,宮崎県,45201,宮崎市,,はーとねっと弐番館,,,880-0941,宮崎市北川内町円光明6362-1,31.9046862,131.3893247,http://www.chiiki-c.co.jp/posts/product1.html,yes,,,,,,,,,,,,,,,,,,,,,,,,,,,,multipurpose_toilet,みやざきアクセシビリティ情報マップ,https://m-bfree.pref.miyazaki.lg.jp/a_map/public/facilityAround/eyJpdiI6IjlEMjZTRm5SSVJXc1lnd2pGRVEzVFE9PSIsInZhbHVlIjoiaFA5cGYxZnpKN3ZlU05JXC9ydmxPQWc9PSIsIm1hYyI6ImQ2YzU4MGQ1ZGZmYmZiMWY5MmM1YTVmM2E4ZDE0YWRjODg4NjU0YmUwYzAyNDU0ZjM5MGE3NjQyNDcwNjQ1ZTQifQ==,,F001088,男女共用トイレあり,
45,宮崎県,45201,宮崎市,,ハートフルケア小松,,,880-2112,宮崎市大字小松3259,31.9257117,131.3868822,http://www.heartful-komatsu.com/,yes,,,,,,,,,,,,,,,,,,,,,,,,,,,,multipurpose_toilet,みやざきアクセシビリティ情報マップ,https://m-bfree.pref.miyazaki.lg.jp/a_map/public/facilityAround/eyJpdiI6InVuZHM0T1lJU1k2MWZ5MVVkNkROZEE9PSIsInZhbHVlIjoiTStxSTRKdk42Q2g4WGFOSUF1ZUE2Zz09IiwibWFjIjoiNzAzMmY5NTUwNDBmNzQ5NjQwNjkzMjFhN2M5M2U1M2I4NjU1MmZkOGVkNDFlOTZhMWExNjQ4Nzk2ZWFiYTAxYSJ9,,F000815,男女共用トイレあり,
45,宮崎県,45201,宮崎市,,パーラーＡＢＣ,,,880-0036,宮崎市花ヶ島町新地橋1115,31.9523062,131.4343739,,yes,,,,,,,,,,,,,,,,,,,,,,,,,,,,multipurpose_toilet,みやざきアクセシビリティ情報マップ,https://m-bfree.pref.miyazaki.lg.jp/a_map/public/facilityAround/eyJpdiI6IlpjS1RDc2NRMkVsYnZ3QXRib2VBK3c9PSIsInZhbHVlIjoibG9zdlhDWGpQOWRqM2tcL0hWNXJzN3c9PSIsIm1hYyI6ImM0MzAxMDJiMzFjOWJlNTBiMjRmZDVkNzE0MWZjZDcwYWQyNjAwZTk5MGEwMmI4NWE4Y2Q0YTRhYzNkNzZmZWIifQ==,,F000464,男女共用トイレあり | 調査日=2019-11-15,
45,宮崎県,45201,宮崎市,,ハウジングリサーチ（株）大平産業,,,880-0805,宮崎市橘通東1丁目11-19,31.9083795,131.423711,http://www.3455.jp/,yes,,,,,,,,,,,,,,,,,,,,,,,,,,,,multipurpose_toilet,みやざきアクセシビリティ情報マップ,https://m-bfree.pref.miyazaki.lg.jp/a_map/public/facilityAround/eyJpdiI6InpBcTd4QmlHR1ZhOFhpVmNrWFlzdmc9PSIsInZhbHVlIjoiSHBcL2l4NmRJTmVMcnMzNmNTb05NRWc9PSIsIm1hYyI6Ijk2NzE3NWJlNDVkZDViOGM4NzYzNTI4NDNmN2QwYWQ2YmY1NDE5OWViMTM2NGMyYWZkNDlmNTdmZTQ4YTRkOWUifQ==,,F000225,男女共用トイレあり,
45,宮崎県,45201,宮崎市,,萩の台公園,,,880-0125,宮崎市大字広原竹増迫7150,31.9940905,131.4329929,http://www.mppf.or.jp/haginodai/,yes,,芝生広場前駐車場 / 軟式野球場前駐車場 / 管理事務所1階,,,,,,yes,,yes,yes,,,,,,,,,,,,,,,,,multipurpose_toilet,みやざきアクセシビリティ情報マップ,https://m-bfree.pref.miyazaki.lg.jp/a_map/public/facilityAround/eyJpdiI6IjJWbSs4NTdHVmVWc29tVlErOGVRa0E9PSIsInZhbHVlIjoiYUllM3RRVDlzNHk3VVNiM05FQ0FKQT09IiwibWFjIjoiMzZmMTE0MzA2N2Y5YmZjNDliNTU4MzkwODMwZWE0Y2M0N2M0ODk5YzMzOWMwZjc0MWY5MGU5YTU1NDZmMzE2NCJ9,,F000012,男女共用トイレあり | 調査日=2019-11-07,
45,宮崎県,45431,美郷町,,葉桜ふれあい公園,,,889-0903,美郷町西郷田代地区,32.4338768,131.4281091,https://www.visit-misato.jp/infopage/hazakura/,yes,,,,,,,,,,,,,,,,,,,,,,,,,,,,multipurpose_toilet,みやざきアクセシビリティ情報マップ,https://m-bfree.pref.miyazaki.lg.jp/a_map/public/facilityAround/eyJpdiI6ImtFc0p2TGlTcDNYV2dOWDk3ZW5XR0E9PSIsInZhbHVlIjoiRUw3b2RvR09EN0RnbXlONkRjaWc1dz09IiwibWFjIjoiNWJmNzIwNWU4MjQ5MWY1NDA2NTY5YjA5MDkyNGQyMDYzOWE0YjZiOTg2MzZlYzA2ODUxYWRkZDAyYjdjMDZlNiJ9,,F002856,調査日=2025-03-17,
45,宮崎県,45201,宮崎市,,蓮ヶ池交番,,,880-0123,宮崎市大字芳士888,31.9672405,131.4398629,,yes,,,,,,,,,,,,,,,,,,,,,,,,,,,,multipurpose_toilet,みやざきアクセシビリティ情報マップ,https://m-bfree.pref.miyazaki.lg.jp/a_map/public/facilityAround/eyJpdiI6IkZ3ZWp3QVZrYlVnV05rVXZmcFJNQUE9PSIsInZhbHVlIjoiZXB5VnhCb2UzQnpnNWVRVE5Pc1BoQT09IiwibWFjIjoiOWIxNTg3ODYxNGQ3Y2JjNTczYTdjYzM0OTA3NGYwN2U4NTZmMmZlYjgxNmE1MTI5NzYyYzdjZTFjYWI5Njc3MSJ9,,F000276,男女共用トイレあり,
45,宮崎県,45441,高千穂町,,Pasta and,,,882-1101,高千穂町大字三田井1145-1,32.70924,131.30685,https://www.instagram.com/pastaand2026/,yes,,店舗の奥,,,,,,,,yes,,,,,,,,,,,,,,,,,,multipurpose_toilet,みやざきアクセシビリティ情報マップ,https://m-bfree.pref.miyazaki.lg.jp/a_map/public/facilityAround/eyJpdiI6Img3Q0ZxSk9uWnVSQlJ2V2xqc0VtcUE9PSIsInZhbHVlIjoibmRDV0Y5QkRza2g4TUVpQWxJQkpCdz09IiwibWFjIjoiNmMxZGMzMjMwYjcxOTdlNDNmMjQxZTIzZTdhYTZiZWNmOWJmYzA5MjNmOWI1ZGE2OTk4ODRlYmI0NTAwNjkxZSJ9,,F002890,男女共用トイレあり | 調査日=2026-05-15,
45,宮崎県,45201,宮崎市,,蜂須賀クリニック,,,880-0052,宮崎市丸山2丁目83番地,31.9279438,131.4244541,http://www.hachisuka-clinic.gr.jp/,yes,,1階,,,,yes,,,,,,,,,,,,,,,,,,,,,,multipurpose_toilet,みやざきアクセシビリティ情報マップ,https://m-bfree.pref.miyazaki.lg.jp/a_map/public/facilityAround/eyJpdiI6IlZ5QUNFXC95d21cLzJIbjdzalNibEp0dz09IiwidmFsdWUiOiJjYmxvN3BFd1c3OE1BaU15blk3RmJnPT0iLCJtYWMiOiI2Y2U2MDk5NDAxYWE3ZmIyOGQ5OTc2NTg4N2YyNjVmMGQwOTI2ZjE5YTcwZjkwY2ZiMzUwOWFkODMyZWQyMGQxIn0=,,F000197,男女共用トイレあり | 緊急通報装置あり | 調査日=2019-11-07,
45,宮崎県,45201,宮崎市,,ハッピーコーポレーション,,,880-2104,宮崎市大字浮田字熊税1375－1,31.9286481,131.3736415,,yes,,,,,,yes,,,,,,,,,,,,,,,,,,,,,,multipurpose_toilet,みやざきアクセシビリティ情報マップ,https://m-bfree.pref.miyazaki.lg.jp/a_map/public/facilityAround/eyJpdiI6Ik1DdTRqZmI0dlNYeXFTOEloeDNIelE9PSIsInZhbHVlIjoibG1KN1RiZTl4UDlzcjdyOUpsS3Yydz09IiwibWFjIjoiYjEyNjhjNTZmODk2MTI2MTY3ZWYxMWU4YTVjMjAxNzJhYzdlYmUxN2QwMmE3YWI2MjlhYzRlMjZhMjcyMjI1ZSJ9,,F000074,男女別トイレあり | 調査日=2020-03-14,
45,宮崎県,45204,日南市,,花立公園,,,889-2402,日南市北郷町郷之原甲2784,31.712790142776985,131.3597257536658,https://www.kankou-nichinan.jp/tourisms/373/,yes,,駐車場入口,,,,,,,,,,,,,,,,,,,,,,,,,,multipurpose_toilet,みやざきアクセシビリティ情報マップ,https://m-bfree.pref.miyazaki.lg.jp/a_map/public/facilityAround/eyJpdiI6InAybVdwb1Iyd2ZcL3R0NTNcL1Awd2JzUT09IiwidmFsdWUiOiJ5TVh2dU9cL1VVenlIbXlFOHdlK2xXZz09IiwibWFjIjoiZWYwZjlkZjhlYTcwM2NiMDdjYjgzOTU5OWU1ZWYwMWE3OTE2ZjYyM2NlZjg0ODRjNTk1M2YyNWZmMzBjYzQ0ZSJ9,,F002612,男女共用トイレあり | 調査日=2022-10-11,
45,宮崎県,45201,宮崎市,,バナナ歯科,,,880-0123,宮崎市大字芳士平田891-1,31.967554,131.440491,,yes,,,,,,,,,,,,,,,,,,,,,,,,,,,,multipurpose_toilet,みやざきアクセシビリティ情報マップ,https://m-bfree.pref.miyazaki.lg.jp/a_map/public/facilityAround/eyJpdiI6IlJkck1jb2lrY0dFVzZ6YTNzRlJmZWc9PSIsInZhbHVlIjoiRnBodEtRVjJRZzdiRzFadXMxSzdhZz09IiwibWFjIjoiZmNiMjEwNGZhY2NjNzYwNjAxZTAxMjgxZmZmMTllNWExYjgzNGI4NmQxNmVjNTRjOWMyMjA3MDI2MzdhZGZlMiJ9,,F000051,男女共用トイレあり,
45,宮崎県,45201,宮崎市,,はにわの会仲間の家 サテライトこすもす,,,880-0024,宮崎市祇園1-50 心身障害者福祉会館内,31.926546,131.409169,https://www.genkihp.com/haniwa_kosumosu,yes,,,,,,,,,,,,,,,,,,,,,,,,,,,,multipurpose_toilet,みやざきアクセシビリティ情報マップ,https://m-bfree.pref.miyazaki.lg.jp/a_map/public/facilityAround/eyJpdiI6IkFJWFNoeTFadHJZaXNJeGY2WVhnOHc9PSIsInZhbHVlIjoiXC9LNUVOaHVpWGF5NG5WNEh4aVNhWnc9PSIsIm1hYyI6IjE2MDZmZjNiYzFmNzlhYTM1Y2IwNDUxM2M1Y2QxZTU0MzI2MzYyMDM5ZTEwYjM1MzcwMGE2YTE4YzgyMTRmZDcifQ==,,F001217,男女別トイレあり | 調査日=2013-09-05,
45,宮崎県,45201,宮崎市,,ハピネス恒久店,,,880-0916,宮崎市大字恒久字原出口4480-1,31.889458,131.4226617,https://happiness-cc.jp/,yes,,,,,,,,,,,,,,,,,,,,,,,,,,,,multipurpose_toilet,みやざきアクセシビリティ情報マップ,https://m-bfree.pref.miyazaki.lg.jp/a_map/public/facilityAround/eyJpdiI6InkzTHhocFpPbndMVHhtc3c1Vk9scHc9PSIsInZhbHVlIjoiOGlIZTlQYW9vc0dJMk55WTlwWEdnQT09IiwibWFjIjoiMjc5NmZiYjQyNGIwODI0YzQ3ZDc2NzVlODZiZTdmZmFjNjg0ZmQzMzU0ZTRmOTBjY2JhOGQ4ZGRlOWJhMjNkOSJ9,,F001115,男女共用トイレあり | 調査日=2010-01-27,
45,宮崎県,45203,延岡市,,浜川公園,,,882-0864,延岡市塩浜町1丁目1536番地11地先,32.5421956,131.6776047,,yes,,屋外,,,,,,,,,,,,,,,,,,,,,,,,,,multipurpose_toilet,みやざきアクセシビリティ情報マップ,https://m-bfree.pref.miyazaki.lg.jp/a_map/public/facilityAround/eyJpdiI6Im9uaHB0a1hEdENEKzM0TmNXTXJxXC9nPT0iLCJ2YWx1ZSI6IkcyTDVvd0paMW1FMlkyYXI3VDZLXC93PT0iLCJtYWMiOiJlOWYxZDhhNDNjMzdlMzVlYjIzNzZjMGNkNDBlY2RkYTA3ZDM5NjVjM2VjODQxODhiMjE2OGY5ZGM3YTJlOGY0In0=,,F002069,男女共用トイレあり | 緊急通報装置あり | 調査日=2002-09-05,
45,宮崎県,45405,川南町,,林クリニック,,,889-1302,川南町大字平田1402-74,32.2021114,131.5257466,,yes,,１階,,,,,,,,,,,,,,,,,,,,,,,,,,multipurpose_toilet,みやざきアクセシビリティ情報マップ,https://m-bfree.pref.miyazaki.lg.jp/a_map/public/facilityAround/eyJpdiI6IitvUmdWSmt4elp3blpjU3ZHQ2NxMFE9PSIsInZhbHVlIjoiNDlmVFU1N2lPR1dTZlFLZVN0elBjUT09IiwibWFjIjoiNWZiMGJhMTdiN2UzM2YwMzkxYjM5ZWJiY2JiMjRiYjNjODNmMmI3MTExODQ4YmFkM2U2Y2EzZWVhYTIyYjU1ZiJ9,,F001694,男女共用トイレあり | 緊急通報装置あり | 調査日=2013-09-06,
45,宮崎県,45202,都城市,,早水公園,,,885-0016,都城市早水町3867,31.7392969,131.0933325,https://www.city.miyakonojo.miyazaki.jp/soshiki/4/3397.html,yes,,体育文化センター前駐車場（第9駐車場） / 多目的広場、親水広場前（第3、第4駐車場） / 芝生広場前（第6駐車場） / 児童プール横（第1駐車場）,,,,yes,,yes,,yes,yes,,,,,,,,,,,,,,,,,multipurpose_toilet,みやざきアクセシビリティ情報マップ,https://m-bfree.pref.miyazaki.lg.jp/a_map/public/facilityAround/eyJpdiI6IkJwVVJhSDNyOFwvdkk0SXdTdllvVGJRPT0iLCJ2YWx1ZSI6IktnWXI2ZzBLcEwzNlgyU1FBTG12cXc9PSIsIm1hYyI6ImI5MjFjMzc3NWQ0M2Y0Y2U5MDJhYTA4YjBhNjJlN2E5N2VkYjE0NjllMDY2YjRkN2E2ZTQ1MGMyMDA0MmZiNmYifQ==,,F001956,男女共用トイレあり | 男女別トイレあり | 緊急通報装置あり | 調査日=2022-08-24,公園内に４箇所の多目的トイレがあります。
45,宮崎県,45202,都城市,,早水公園体育文化センター,,,885-0016,都城市早水町3867番地,31.7392969,131.0933325,,yes,,アリーナ文化棟１階 エレベータ裏 / アリーナ文化棟２階 南側階段斜め前 / サブアリーナ１階女子更衣室隣 / サブアリーナ２階南側観覧席西,,,,yes,,yes,,yes,,,,,,,,,,,,,,,,,,multipurpose_toilet,みやざきアクセシビリティ情報マップ,https://m-bfree.pref.miyazaki.lg.jp/a_map/public/facilityAround/eyJpdiI6IlFFQ1E4WDl4dUdWaHNaYnZJZmdCQXc9PSIsInZhbHVlIjoiM1ZjWnluek4yQUpzNzc5ZWlxV1pUdz09IiwibWFjIjoiODM3NTk0ODhkNzQ4NmE3MzY2ZmQxODM3MzcyNzQ2NDZkN2YxODBkYzdkNWY1Mzc3OGI1Y2U1N2VhNmMwNmJmOSJ9,,F000695,男女共用トイレあり | 緊急通報装置あり | 着替え台あり | 調査日=2020-03-11,
45,宮崎県,45202,都城市,,早水神社,,,885-0016,都城市早水町3866,31.73719078904986,131.09704791196307,https://miyakonojo.tv/summary/hayamizujinja,yes,,早水公園内のトイレが利用出来ます。 公園内には7か所のトイレ（うち多目的トイレは4か所）があります。,,,,,,,,,,,,,,,,,,,,,,,,,,multipurpose_toilet,みやざきアクセシビリティ情報マップ,https://m-bfree.pref.miyazaki.lg.jp/a_map/public/facilityAround/eyJpdiI6IlQ0aFVFSHN0d2xITFpNeER1eSswQUE9PSIsInZhbHVlIjoiUDRjTmx2YiszM0Z5M2VGSDRycXIwUT09IiwibWFjIjoiN2M2Y2ZjOTY4NTEzZGUyN2M5NTRlZTlmOGI0OTFhMTU3ZDZiMjM1YWYzYjNjZDkzOWVjNTZlOWQ3MGEwM2QyNCJ9,,F002592,調査日=2022-08-24,
45,宮崎県,45201,宮崎市,,原田内科クリニック,,,880-0904,宮崎市中村東2-7-10,31.8984479,131.419586,http://www.harada-naika.jp/,yes,,１階,,,,,,,,,,,,,,,,,,,,,,,,,,multipurpose_toilet,みやざきアクセシビリティ情報マップ,https://m-bfree.pref.miyazaki.lg.jp/a_map/public/facilityAround/eyJpdiI6IiszVXhaM0VhTm5mZ0RQMWcxUXhSUmc9PSIsInZhbHVlIjoieDY4U2JQY2NNQXhwRGZub081WTdqUT09IiwibWFjIjoiNDVhMDM1ZGQxNzM3MTRkODA2ZjQ1MGJhOGRmN2U3OTk1ZWUwMWNmNjNmYzE5OGRlNTc3NmM1N2EyZDlhOTVhMCJ9,,F000898,男女共用トイレあり | 緊急通報装置あり | 調査日=2019-11-13,
45,宮崎県,45201,宮崎市,,ハロー薬局 吉村店,,,880-0841,宮崎市吉村町前田甲1204-2,31.9175092,131.4480544,,yes,,,,,,,,,,,,,,,,,,,,,,,,,,,,multipurpose_toilet,みやざきアクセシビリティ情報マップ,https://m-bfree.pref.miyazaki.lg.jp/a_map/public/facilityAround/eyJpdiI6Imh1eVNjbUVobUhGSE1oZzE5NFFHbmc9PSIsInZhbHVlIjoiR21XdkJPUzZkaCtva0hIajNvalF0UT09IiwibWFjIjoiNzRjYjNhY2IyNTBmZTA3ZjVmZjk1Y2UwZDQ5NmE4ZTE3OTI2MzljYTVmZjYwOGM5OTM3ZjQxODIyYzhhNDM5OSJ9,,F000079,男女共用トイレあり,
45,宮崎県,45201,宮崎市,,ハロー薬局清水店,,,880-0021,宮崎市清水1丁目2-14,31.9173982,131.4215303,,yes,,,,,,,,,,,,,,,,,,,,,,,,,,,,multipurpose_toilet,みやざきアクセシビリティ情報マップ,https://m-bfree.pref.miyazaki.lg.jp/a_map/public/facilityAround/eyJpdiI6IjVaVUpjRkZ6TzFIb1N4TjAwUFwvb1RBPT0iLCJ2YWx1ZSI6Im1WM0IzVVpBNXo1TzY0RlwvRmFLWjBBPT0iLCJtYWMiOiJjNTNiNjU1NGMxODA1ODA1OThkZTE1ZDQxNWMyOTY1NmU1MzQ3MTEwOTQwMjJhMzdjYzRiMTVlZWE0ZjYwMmY3In0=,,F001801,男女共用トイレあり,
45,宮崎県,45201,宮崎市,,ハンズマン新名爪店,,,880-0124,宮崎市大字新名爪二月田1740-1,31.9751658,131.4392513,,yes,,,,,,,,,,,,,,,,,,,,,,,,,,,,multipurpose_toilet,みやざきアクセシビリティ情報マップ,https://m-bfree.pref.miyazaki.lg.jp/a_map/public/facilityAround/eyJpdiI6IkdlS1d1ZHphS2ZxeWgxYXBNcjd0dVE9PSIsInZhbHVlIjoiaTIwVG9ZTVZ4OE9Zc0o2WUdXaFI5Zz09IiwibWFjIjoiNWUxY2Q0YjdhNGE4NWViM2ExY2EyZDQxOTIyNGVkZTA3ZGNlNTIzOTIzNmY2NmIyOTNlODZhNzliZmE1NTdjYiJ9,,F000266,男女共用トイレあり,
45,宮崎県,45405,川南町,,パントリーけいすけ川南店,,,889-1301,川南町大字川南13709-1,32.1900324,131.5271307,,yes,,１階,,,,yes,,,,,,,,,,,,,,,,,,,,,,multipurpose_toilet,みやざきアクセシビリティ情報マップ,https://m-bfree.pref.miyazaki.lg.jp/a_map/public/facilityAround/eyJpdiI6IlBqaXpqOFRKa1ZIQWYwRHE2SUpQQ2c9PSIsInZhbHVlIjoiaXJYd0tZRFJ0dkxzU2VhRnB6S2gwdz09IiwibWFjIjoiYTYxODU4MTk0OTcxNThhY2MwYzc2MDIyZjE1ZDIwMmMzNjRmYTZjZGY2ZmNmMzc5ZWI3ODkyOTVmMzE3NmUzZSJ9,,F001692,男女共用トイレあり | 緊急通報装置あり | 調査日=2006-03-07,
45,宮崎県,45201,宮崎市,,Bio カフェ,,,880-8544,宮崎市橘通西4丁目2-23,31.918736,131.423164,https://www.facebook.com/人と自然に優しいレストランbiocafe-191885727988171/,yes,,・1Fロビー奥（九電ビルが管理しています）,,,,yes,,,,yes,yes,,,,,,,,,,,,,,,,,multipurpose_toilet,みやざきアクセシビリティ情報マップ,https://m-bfree.pref.miyazaki.lg.jp/a_map/public/facilityAround/eyJpdiI6Im41UVwveU90cW1aZDBabEd1Nm5XZ1R3PT0iLCJ2YWx1ZSI6IkpKaU8wWTRoQUp5RVE3V2xHR2I2NkE9PSIsIm1hYyI6IjQ1ZDdlMzAwNjJmYmM2Njk0ODZiODgxMjljNTU2NjJkMWUxYmY5Mzc0OTJiOWI1ODg3M2Q2MjQzYWJhZWFhYzYifQ==,,F002381,男女共用トイレあり | 緊急通報装置あり | 調査日=2019-12-17,・九電ビルが管理している
45,宮崎県,45201,宮崎市,,東大宮地区交流センター,,,880-0837,宮崎市村角町島ノ前1346-1,31.9489278,131.4410765,https://www.city.miyazaki.miyazaki.jp/institution/list/item178/,yes,,１階,,,,,,yes,,,,,,,,,,,,,,,,,,,,multipurpose_toilet,みやざきアクセシビリティ情報マップ,https://m-bfree.pref.miyazaki.lg.jp/a_map/public/facilityAround/eyJpdiI6Ims1VGpMbVBUQjVtUnlqRHdMcEFWWWc9PSIsInZhbHVlIjoiT0pEWm5EM28xOFhDXC9ZdjZhT2lCUUE9PSIsIm1hYyI6IjAwZDk5YzI5ZjU1ODcyODVjYjlhNjFjMjUyY2FiOGZkY2UyOTQ0NmU0Y2U5MDIwZDliYzdmNGU2YTliNWYyNDQifQ==,,F001158,男女共用トイレあり | 緊急通報装置あり | 調査日=2013-09-11,
45,宮崎県,45201,宮崎市,,東大宮地区コミュニティーセンター・体育館,,,880-0837,宮崎市村角町島ノ前1346-1,31.9487735,131.4416616,,yes,,,,,,,,yes,,,,,,,,,,,,,,,,,,,,multipurpose_toilet,みやざきアクセシビリティ情報マップ,https://m-bfree.pref.miyazaki.lg.jp/a_map/public/facilityAround/eyJpdiI6InF1RXVYOThEdVhPQTB3TFYraExJWXc9PSIsInZhbHVlIjoicmQ1QTdCQmxVMXp6NFAzdlRleTJNUT09IiwibWFjIjoiMTNmNDU1NzAxYzlmZDMxZDU2NDI2MmY1NzI4MjUxMTI3ZGYyNTBmNTRiYzhhODcxNDM5ZWMzYjc0OWZmZDEyMCJ9,,F001930,男女共用トイレあり | 緊急通報装置あり | 調査日=2019-12-11,
45,宮崎県,45405,川南町,,東九州自動車道 川南パーキングエリア,,,889-1301,川南町大字川南,32.200494,131.486188,https://www.platz-kawaminami.com/,yes,,,,,,yes,yes,,,,,,,,,,,,,,,,,,,,,multipurpose_toilet,みやざきアクセシビリティ情報マップ,https://m-bfree.pref.miyazaki.lg.jp/a_map/public/facilityAround/eyJpdiI6IjlFQWpzaDArRkFhMTF5czF1eU1NdlE9PSIsInZhbHVlIjoidUF4QVlPXC8wUWpGNFNuZlwvV01zNFNnPT0iLCJtYWMiOiI0MGI0ODE1YjdiNWJjOThmYzkxOTRkNzYwZGMyZTViODc5MTgwZDZhNjNmYzUzYWM0NGY3ZGUzOGNkYmQ3Yjg2In0=,,F002579,男女共用トイレあり | 緊急通報装置あり | 着替え台あり | 調査日=2022-07-06,
45,宮崎県,45201,宮崎市,,ひがし歯科医院,,,880-0824,宮崎市大島町野田2119,31.9416124,131.4351808,,yes,,,,,,,,,,,,,,,,,,,,,,,,,,,,multipurpose_toilet,みやざきアクセシビリティ情報マップ,https://m-bfree.pref.miyazaki.lg.jp/a_map/public/facilityAround/eyJpdiI6IldxOXN4NGgyNWVZV1BIdXNFWXdLcUE9PSIsInZhbHVlIjoiXC9aMjk4THQrd3dMNE1FMEREMHJ1U0E9PSIsIm1hYyI6IjA5ZDhlZjhmYWRjNTc3ZDBkNzYyZDUwOGZkMTBkMWM4NzA4NDg1OThkYmFiNWU5MDAzMGZjNTJmNTc4YmY2MDMifQ==,,F000988,男女共用トイレあり,
45,宮崎県,45201,宮崎市,,東高岡保育所,,,880-2211,宮崎市高岡町花見101-2他,31.9446,131.344498,http://blog.goo.ne.jp/higashitakaoka,yes,,,,,,,,,,,,,,,,,,,,,,,,,,,,multipurpose_toilet,みやざきアクセシビリティ情報マップ,https://m-bfree.pref.miyazaki.lg.jp/a_map/public/facilityAround/eyJpdiI6InBOZ1NXSjBzTzMwTjNMaFVNV0NUOVE9PSIsInZhbHVlIjoiVnE3bitkVzRwQXB3M3RXNG5TbzJQZz09IiwibWFjIjoiNjcwZTQ1MmZiZDg3ZWM1MTU5ZTBmMWQ5ZGM5ODNhODcwMWU0MzM0YzU1ZmVhNjk3YjE1NjE0NzNmOTVjNzc2YyJ9,,F001549,男女共用トイレあり | 調査日=2019-12-06,
45,宮崎県,45406,都農町,,東都農駅,,,889-1201,都農町大字川北,32.290294,131.582005,https://www.jrkyushu.co.jp/railway/station/1191791_1601.html,yes,,駅前,,,,,,yes,,,,,,,,,,,,,,,,,,,,multipurpose_toilet,みやざきアクセシビリティ情報マップ,https://m-bfree.pref.miyazaki.lg.jp/a_map/public/facilityAround/eyJpdiI6IlIzWUtDWXBTdHVVc3JwenFJR1wvTGR3PT0iLCJ2YWx1ZSI6IitYQUR5NjFEbzhjZ25HTGI4MVlnS1E9PSIsIm1hYyI6ImEyNjk0ZTE1NDZkYTE4MGQzMGU2M2FmOTI3YTUzZjUwYzg0NmQ5NjI2NzE2ZWU4Y2VhMzg3OTYyMjA2MjFiMjIifQ==,,F002072,男女共用トイレあり | 調査日=2022-07-06,
45,宮崎県,45201,宮崎市,,東町街区公園トイレ,,,880-0042,宮崎市平和が丘東町5番地1,31.9570222,131.4149948,,yes,,,,,,,,,,yes,,,,,,,,,,,,,,,,,,multipurpose_toilet,みやざきアクセシビリティ情報マップ,https://m-bfree.pref.miyazaki.lg.jp/a_map/public/facilityAround/eyJpdiI6InZUd01JclRqVkVPVU1iNnhIRkJDZ2c9PSIsInZhbHVlIjoib0M1dTBoMHB0RnZqQXZ2THNhajFLUT09IiwibWFjIjoiMmVkMjQxZjhmMWNhM2VkZGE4M2FkYTU0MTFjMGJiOTcwNTBiM2YyNDc1OTEzNWM4MWY2YzFjYTc1MWU5MTI2ZiJ9,,F002032,男女共用トイレあり | 緊急通報装置あり | 調査日=2019-12-09,
45,宮崎県,45201,宮崎市,,ひかり苑 木花,,,889-2151,宮崎市大字熊野9898-2,31.8329863,131.4337524,http://www.hikarien-grp.co.jp/archives/office/kibana-gh,yes,,,,,,,,,,,,,,,,,,,,,,,,,,,,multipurpose_toilet,みやざきアクセシビリティ情報マップ,https://m-bfree.pref.miyazaki.lg.jp/a_map/public/facilityAround/eyJpdiI6IkNQOEI5aGlVdHhjK2U3c1c3bXJ1TGc9PSIsInZhbHVlIjoiZHJoUEdPZFlGOWZLR01DeU1BbThRdz09IiwibWFjIjoiNGZkZjY2NjI2MzMwYjhiNTQyZGMwOGY5MTEzYmFkZTJhMzUzYTU4NzAyNWE4Mjk1MjExNzkzOThhZDlhMThmMCJ9,,F000629,男女共用トイレあり,
45,宮崎県,45203,延岡市,,ひかり工房,,,882-0063,延岡市古川町74-1,32.5867101,131.6452384,http://koukikai7.com/,yes,,,,,,,,,,,,,,,,,,,,,,,,,,,,multipurpose_toilet,みやざきアクセシビリティ情報マップ,https://m-bfree.pref.miyazaki.lg.jp/a_map/public/facilityAround/eyJpdiI6InBRYzJuT1luVlwvYmxyQWJteGZZV05BPT0iLCJ2YWx1ZSI6ImxwQ0xITU5xVnp2clJNTUVzMDRTMWc9PSIsIm1hYyI6ImQyNjgyNDY3NDI1YWExNzkzMGMwN2ExMGE5YzcxY2RkZTJkODQ1Y2JkNjM3ZWUyNzNhZWZhM2U5NjQ3OTdmZjYifQ==,,F001343,男女別トイレあり | 緊急通報装置あり | 調査日=2019-11-12,
45,宮崎県,45404,木城町,,比木神社,,,884-0102,木城町大字椎木1306－イ,32.165576902610454,131.4504681339877,https://kijokanko.com/spot/73/,yes,,南側の参拝者駐車場の奥,,,,,,,,,,,,,,,,,,,,,,,,,,multipurpose_toilet,みやざきアクセシビリティ情報マップ,https://m-bfree.pref.miyazaki.lg.jp/a_map/public/facilityAround/eyJpdiI6IkxvaWUySkU2dXByTGpNWVcwQ1wvRVJRPT0iLCJ2YWx1ZSI6IlZJZmU5NFNnWHVNTTAwcEV2TW00K3c9PSIsIm1hYyI6IjZiOTM3NWM4MjU2MzNiODcxZTk3MmY3MDA1ZWRmZWUzOTlkZGYzYjEzYjcxMDY0MTFkODQyNmEwZmRiOWE1ZTkifQ==,,F002637,男女共用トイレあり | 緊急通報装置あり | 調査日=2023-01-12,
45,宮崎県,45201,宮崎市,,美光スタジオ,,,880-0815,宮崎市江平1丁目1-2,31.9252369,131.4257644,http://biko-studio.com/,yes,,,,,,,,,,,,,,,,,,,,,,,,,,,,multipurpose_toilet,みやざきアクセシビリティ情報マップ,https://m-bfree.pref.miyazaki.lg.jp/a_map/public/facilityAround/eyJpdiI6IkRrN2Y0TXVyZzgyQXB6aXJleVJVdHc9PSIsInZhbHVlIjoiVHJqdTU2a0FWdVwvUHhCTEFzNFY2RFE9PSIsIm1hYyI6IjkwNDRlZmZmN2VhNWZjMDExNzU4ZDUyMzRkYmY4YzdjZDc0NWY1ZmY2MThmYjFjOTEzNDUwNTAyZjgyMGUyMDAifQ==,,F000049,男女共用トイレあり,
45,宮崎県,45201,宮崎市,,ビストロ・アデン,,,880-0835,宮崎市阿波岐原町坂元2028-1,31.9291504,131.4532345,,yes,,,,,,,,,,,,,,,,,,,,,,,,,,,,multipurpose_toilet,みやざきアクセシビリティ情報マップ,https://m-bfree.pref.miyazaki.lg.jp/a_map/public/facilityAround/eyJpdiI6IjhldHBsQVI1MXh0U3ZiS1hrVFZ4d1E9PSIsInZhbHVlIjoiOU5XMkhDSHdBNkNNd2tNN3pyVUxSdz09IiwibWFjIjoiOTEwMGI3YjAyMDRiMzVmZTJjMTlmYTBjODU4MGYyYjYxZTMyMTZmMjFjMzY2OTYxYWUwNWNjZWVkZDhmNWYxMCJ9,,F000813,男女共用トイレあり,
45,宮崎県,45201,宮崎市,,ひだか胃腸科医院,,,880-0212,宮崎市佐土原町下那珂2022-8,32.011227,131.475716,,yes,,,,,,yes,,yes,,,,,,,,,,,,,,,,,,,,multipurpose_toilet,みやざきアクセシビリティ情報マップ,https://m-bfree.pref.miyazaki.lg.jp/a_map/public/facilityAround/eyJpdiI6IkRMZnVNc1JhUVpvd29OSFBNNjhoU1E9PSIsInZhbHVlIjoiMVR4eE16SDZ4MXErcmZcL3pzT0g3REE9PSIsIm1hYyI6ImNlMzBjOTk4OWY5MTA1ZDhkYzVmZmQyZjE3Yjc1Yzk0ZWRlOTU0MjkxMGNmNDAxOGFkNmQ1NDFmOTliMGExM2UifQ==,,F001523,男女共用トイレあり | 調査日=2019-11-11,
45,宮崎県,45201,宮崎市,,ひだか歯科クリニック,,,880-0852,宮崎市高洲町115-13,31.9005426,131.446904,http://hdc.jiki.jp/,yes,,,,,,,,,,,,,,,,,,,,,,,,,,,,multipurpose_toilet,みやざきアクセシビリティ情報マップ,https://m-bfree.pref.miyazaki.lg.jp/a_map/public/facilityAround/eyJpdiI6IjRWMXJLRnQ5UGpIMkM0a0lyVWNFV3c9PSIsInZhbHVlIjoiZ3VqUmlYdzRIMDZPbWp6bWljUGdudz09IiwibWFjIjoiNmI2YzA2ZDAyZGUxNTk3OGUwYWM4ZTczMTczZDVkMzhjYzIwMGEzNjk4MzU0ZjgyYTU4NmE1M2RjYmIyN2M4YiJ9,,F000132,男女共用トイレあり | 調査日=2009-11-23,
45,宮崎県,45201,宮崎市,,ひだまり2号館,,,880-0212,宮崎市佐土原町下那珂2967番78,31.992689,131.4670374,http://www.meisyo-wa.jp/hidamari2/,yes,,,,,,,,,,,,,,,,,,,,,,,,,,,,multipurpose_toilet,みやざきアクセシビリティ情報マップ,https://m-bfree.pref.miyazaki.lg.jp/a_map/public/facilityAround/eyJpdiI6IlM1WmxIcEFRY3dTdDhEbmZHY2RPYnc9PSIsInZhbHVlIjoiN1NsY0U5NURUd2djTDlXaWxJczFEZz09IiwibWFjIjoiNzlmOGM3MWVhZmNlZWY0ZDEyM2JkYWY0NzNkNGJmODQ4NjU4MGQyNmQ3ZWQ1ZTRiMjcxM2I0NGNiMzQ1NWJiZiJ9,,F000781,男女共用トイレあり,
45,宮崎県,45201,宮崎市,,ひとえ歯科クリニック,,,880-0916,宮崎市大字恒久340-1,31.8868697,131.4319635,https://hitoe-dc.com/,yes,,,,,,,,,,,,,,,,,,,,,,,,,,,,multipurpose_toilet,みやざきアクセシビリティ情報マップ,https://m-bfree.pref.miyazaki.lg.jp/a_map/public/facilityAround/eyJpdiI6IkNSMDB1aVFhaENicld6UkZ3OUEraHc9PSIsInZhbHVlIjoicnV1OEhuV1Y1TklXRmxjcnRSb3R3dz09IiwibWFjIjoiMjE1NjFhMjJhODY0Y2E3N2IxZTU0NWEyMWQzNzAwMmU4ZTlhYmY3NjFmNjQ5MzUyMzNlNTQzMmYyMzhjOTNhYiJ9,,F001194,男女共用トイレあり,
45,宮崎県,45201,宮崎市,,一ツ葉有料道路・下り線公衆トイレ,,,880-0122,宮崎市大字塩路字浜山3085-4,31.96714525593438,131.47887991424415,,yes,,,,,,yes,,yes,,yes,yes,,,,,,,,,,,,,,,,,multipurpose_toilet,みやざきアクセシビリティ情報マップ,https://m-bfree.pref.miyazaki.lg.jp/a_map/public/facilityAround/eyJpdiI6ImUzSk1cL2U3dWpZS2lVVzFSYkRuNXJnPT0iLCJ2YWx1ZSI6IjJpNzVWOUE2Vjk2cjJESjNWblVISlE9PSIsIm1hYyI6IjZlODQ4OGUyYzFjMTRhODRiYjQ2MjU0NzhiNjVkYTM2NmYyYjg3YTVmZjU4MGIwYTczMzhmNGY3MDRjOWFmNjkifQ==,,F002649,男女共用トイレあり | 緊急通報装置あり | 調査日=2023-02-24,
45,宮崎県,45201,宮崎市,,一ツ葉有料道路・上り線 公衆トイレ,,,880-0122,宮崎市大字塩路字浜山3085-4,31.96767680198374,131.47797661572298,,yes,,,,,,yes,,yes,,yes,yes,,,,,,,,,,,,,,,,,multipurpose_toilet,みやざきアクセシビリティ情報マップ,https://m-bfree.pref.miyazaki.lg.jp/a_map/public/facilityAround/eyJpdiI6IjFwRjFpMitxWFZVZWFFTFhzSlBoUFE9PSIsInZhbHVlIjoibXhoakg1K2doWW9WdVZ6emtVSWIyUT09IiwibWFjIjoiOWVlOTNjZWVmY2JjYzRmOTU0ZmRhY2IyZjVmYmQ4YjRhNDJmOGNkYzMzYjQ0NWNmZDY3YzI5NWU0NWQzOTBiMiJ9,,F002663,男女共用トイレあり | 緊急通報装置あり | 着替え台あり | 調査日=2023-02-24,
45,宮崎県,45201,宮崎市,,瞳薬局花店,,,880-0939,宮崎市花山手西1丁目6-3,31.903445,131.3996504,,yes,,,,,,,,,,,,,,,,,,,,,,,,,,,,multipurpose_toilet,みやざきアクセシビリティ情報マップ,https://m-bfree.pref.miyazaki.lg.jp/a_map/public/facilityAround/eyJpdiI6IjRxUU9IWVwvd0d6WjFHME9FSUlOQU1RPT0iLCJ2YWx1ZSI6IkdxNTNBOHFBdWxhbmVRTnRodFRzRmc9PSIsIm1hYyI6IjYwNDMyNGNiYWJhMzU4YzdmMTU2MTUzNjZmYTlmNDFmNjgwMzc1NzczYzgyZWViNDRhNzk5YjBhNTY2MWNiOGMifQ==,,F001003,男女共用トイレあり,
45,宮崎県,45205,小林市,,ひなもりオートキャンプ場,,,886-0004,小林市細野字山中之前5739-14,31.927484,130.942787,https://www.hinamori.jp/,yes,,管理棟内 / サニタリーハウスA / サニタリーハウスB,,,,yes,,yes,,yes,,,,,,,,,,,,,,,,,,multipurpose_toilet,みやざきアクセシビリティ情報マップ,https://m-bfree.pref.miyazaki.lg.jp/a_map/public/facilityAround/eyJpdiI6IjJZdkNEWnhSNFwvZzFNaEV2N2dGVzVnPT0iLCJ2YWx1ZSI6InBIeW1WdFl1UTE4N1o0ZVRuVkpqaXc9PSIsIm1hYyI6IjczOWUwOWY5OTkxNTg3OTM3YmFkNjY5ZTgyYWUxYzI2YjkzNjExNDU3MzhlMTE2ZmNkNjk0ODgwNTExNjZjNDEifQ==,,F002570,男女共用トイレあり | 調査日=2022-06-07,
45,宮崎県,45205,小林市,,ひなもり台県民ふれあいの森（駐車場）,,,886-0004,小林市大字細野字山中之前5739-14,31.9274841,130.942787,http://www.m-forest-a.or.jp/,yes,,屋外 / １階,,,,yes,,,,,,,,,,,,,,,,,,,,,,multipurpose_toilet,みやざきアクセシビリティ情報マップ,https://m-bfree.pref.miyazaki.lg.jp/a_map/public/facilityAround/eyJpdiI6IkVaWm1jelNKTGc4dHZDZk1vdkIwOWc9PSIsInZhbHVlIjoicFV2NW1mMjZiS080MzRNa0JGMUo2QT09IiwibWFjIjoiNGYzZDU1MzI3ZTJmZjk3MDgzNDMxZTE3ZTJiMjdlMGI3OGM3NDQ5NGM1NTk1ZDY5ODRmNjE1YzgzMWQyODUxOCJ9,,F001015,男女共用トイレあり | 緊急通報装置あり | 調査日=2002-09-05,
45,宮崎県,45442,日之影町,,日之影温泉駅,,,882-0401,日之影町大字七折3235-5,32.64918,131.39129,https://hinokagecho.com/,yes,,施設内の1階 / 施設内の2階,,,,,,,,,,,,,,,,,,,,,,,,,,multipurpose_toilet,みやざきアクセシビリティ情報マップ,https://m-bfree.pref.miyazaki.lg.jp/a_map/public/facilityAround/eyJpdiI6Ik9Ga2VoUlRlNEE3VFQ1VCtZVkprMkE9PSIsInZhbHVlIjoiMUp0d2ozelNGWWJzWVdDVjJWckVzZz09IiwibWFjIjoiMzhlZjA5MjUyOGQ0MmEzOGQxMzkwMjM1MDkwYmRhNGQ2NzQyNjEyZjAyZTJlYjM0YTY5M2VmMmRkNWM2Y2IwZSJ9,,F002515,男女共用トイレあり | 緊急通報装置あり | 調査日=2021-04-08,
45,宮崎県,45442,日之影町,,日之影町保健センターふれあい館,,,882-0401,日之影町大字七折9074-3,32.660223,131.3821802,http://www.town.hinokage.lg.jp/docs/2016022400092/,yes,,,,,,yes,,yes,,,yes,,,,,,,,,,,,,,,,,multipurpose_toilet,みやざきアクセシビリティ情報マップ,https://m-bfree.pref.miyazaki.lg.jp/a_map/public/facilityAround/eyJpdiI6Ilh0bnpiNVNRdmNuYzNSM0d4ek1FeFE9PSIsInZhbHVlIjoiXC80K2VwWXRjVVdHdXpwRWxkd01zT1E9PSIsIm1hYyI6ImRhMGNmM2IyNWYyMzZlYjVhMTI3NDBhZTNiMGMwYjFkNDE3NWViNDIwNDUzNjk3ZjYyNTE4ZWUxYWYwYWM0YjMifQ==,,F001372,男女共用トイレあり | 緊急通報装置あり | 調査日=2020-03-13,
45,宮崎県,45201,宮崎市,,ひまわり学園〔放課後等デイサービス事業所〕,,,889-1601,宮崎市清武町木原4257番地7,31.8349997,131.3989677,http://www.m-sj.or.jp/himawarigakuen/,yes,,,,,,,,,,,,,,,,,,,,,,,,,,,,multipurpose_toilet,みやざきアクセシビリティ情報マップ,https://m-bfree.pref.miyazaki.lg.jp/a_map/public/facilityAround/eyJpdiI6IjI5NURQWU1YOVZYcVR5aXZsTnptNUE9PSIsInZhbHVlIjoiclwvdUpBRkYwSkd4STB5WkpUYWR3c0E9PSIsIm1hYyI6IjBmNmE5NDY4ZjNiMTY0NGY2ZWMyYTQ4OTU1NGVjMDViNmQ2NzZkYWMxMWM0NjFiN2M3ZTllZGY4MzI4ZmU1NjYifQ==,,F001881,男女共用トイレあり,
45,宮崎県,45201,宮崎市,,ひまわり荘,,,880-0867,宮崎市瀬頭2丁目4-5,31.9094959,131.4297214,http://www.himawarisou.com,yes,,1階会議室の前,,,,,yes,,,,,,,,,,,,,,,,,,,,,multipurpose_toilet,みやざきアクセシビリティ情報マップ,https://m-bfree.pref.miyazaki.lg.jp/a_map/public/facilityAround/eyJpdiI6IlV4T05rR2UxU0FHekJBRHdXMlZGaUE9PSIsInZhbHVlIjoiR1dmWWxLYUlIcUNFd2R2MXN4a2Ridz09IiwibWFjIjoiOTYwYjYxMjc4YjlmZmJhNDQzMDRjYTU1YWM3NmU3NzliOTE2NzJiMzdkMTk5YTQ2OThiYjhiMjI2Y2E0NjI4OSJ9,,F000080,男女共用トイレあり | 調査日=2024-04-30,
45,宮崎県,45201,宮崎市,,ひまわり高岡薬局,,,880-2212,宮崎市高岡町下倉永426－1,31.939926,131.343337,,yes,,,,,,,,,,,,,,,,,,,,,,,,,,,,multipurpose_toilet,みやざきアクセシビリティ情報マップ,https://m-bfree.pref.miyazaki.lg.jp/a_map/public/facilityAround/eyJpdiI6InlkQUNIYVM0bWFMQ2VkK2ZuYkRvelE9PSIsInZhbHVlIjoiYWxJbjZwRXNPRHVWOVVrd1FxU2VhZz09IiwibWFjIjoiMjRjODEyMjQ5YWE5OGFhYzZmNWViMjhlYjAzNWNjODc1M2FhYTA3Y2YxZTIzZjhiZDdiMDZhZTgyNGIzN2Q3OSJ9,,F001850,男女共用トイレあり,
45,宮崎県,45201,宮崎市,,ひまわり薬局恒久店,,,880-0916,宮崎市大字恒久字山下5941-4,31.8912351,131.4087086,http://www.himuka-medical.com/index.html,yes,,,,,,,,,,,,,,,,,,,,,,,,,,,,multipurpose_toilet,みやざきアクセシビリティ情報マップ,https://m-bfree.pref.miyazaki.lg.jp/a_map/public/facilityAround/eyJpdiI6IkEwZGNpVFwvSXpzUW9jeG45NlR5Mld3PT0iLCJ2YWx1ZSI6Im5FWUg2OUhkWE9wQ0d2b2d0RHdJTnc9PSIsIm1hYyI6IjgzNDcyMDEzYTYzMzg4MmM5MDQzYjczNWUyZTk0YzU3NmRiOWE4MjM1ZmMxMWE4MDVkMDExOGFhNGQ5MTI3ODcifQ==,,F001783,男女共用トイレあり,
45,宮崎県,45206,日向市,,日向市立養護老人ホーム ひまわり寮,,,883-0021,日向市大字財光寺4772番地1,32.4044716,131.6168829,http://wakamiyaso.jp/%E6%97%A5%E5%90%91%E5%B8%82%E7%AB%8B%E9%A4%8A%E8%AD%B7%E8%80%81%E4%BA%BA%E3%83%9B%E3%83%BC%E3%83%A0%E3%81%B2%E3%81%BE%E3%82%8F%E3%82%8A%E5%AF%AE/,yes,,,,,,,,,,,,,,,,,,,,,,,,,,,,multipurpose_toilet,みやざきアクセシビリティ情報マップ,https://m-bfree.pref.miyazaki.lg.jp/a_map/public/facilityAround/eyJpdiI6Imo2OWtBQlJMbFM3UmpVeHRNXC9yNnBBPT0iLCJ2YWx1ZSI6Im9rMjFEenNRb050WVA2VGc0UVpuQ2c9PSIsIm1hYyI6ImQ4NWViZWQzYWE0NjMzNDdmMzkxNmIyOTU0Nzc3MjZhNWJhM2M2ZDE4Y2EyMDU1MzQyMTE5ODM1OGExMTdhMWQifQ==,,F000908,男女共用トイレあり | 調査日=2002-09-09,
45,宮崎県,45201,宮崎市,,ひむか調剤薬局宮崎駅前店,,,880-0812,宮崎市高千穂通2丁目8番21号,31.9170755,131.4298907,http://www.himuka-medical.com,yes,,,,,,,,,,,,,,,,,,,,,,,,,,,,multipurpose_toilet,みやざきアクセシビリティ情報マップ,https://m-bfree.pref.miyazaki.lg.jp/a_map/public/facilityAround/eyJpdiI6IkQ2bFNEb2tGYUE5UHo4eGtEaHJRb2c9PSIsInZhbHVlIjoid2hMelNSQTE5b1B1d3pmMktKQzJzQT09IiwibWFjIjoiNTdmOWYyNGE5YzU3YWViYWM3YmNkZWU5MDg3ZjBjODUyODFlNjY5YjBhZmQzNTI3Y2EwMGRlN2EyZTRkZjY3NyJ9,,F000086,男女共用トイレあり,
45,宮崎県,45201,宮崎市,,ひむか薬局島之内店,,,880-0121,宮崎市大字島之内井出下7401-3,31.982504,131.4485431,http://www.himuka-medical.com,yes,,,,,,,,,,,,,,,,,,,,,,,,,,,,multipurpose_toilet,みやざきアクセシビリティ情報マップ,https://m-bfree.pref.miyazaki.lg.jp/a_map/public/facilityAround/eyJpdiI6IndWd1g4RjdaYmlGdWs1ZzBEQXY4SHc9PSIsInZhbHVlIjoic2ZVYW43TVQ4WUtHVFV2WWZoQXR0QT09IiwibWFjIjoiOTA2ZTUyMjJlYmU5OTA0OTFmZDA3Y2I4MmU5ZGJkOGVjYTQwZTY3ZTNjYjBmYjgyZWUxYTRlZWE0OTc1YWRlYiJ9,,F001671,男女共用トイレあり,
45,宮崎県,45201,宮崎市,,ひまわり薬局生協病院前店,,,880-0824,宮崎市大島町天神前1172,31.9389873,131.4396245,http://www.himuka-medical.com/pharmacy/012seikyo.html,yes,,,,,,,,,,,,,,,,,,,,,,,,,,,,multipurpose_toilet,みやざきアクセシビリティ情報マップ,https://m-bfree.pref.miyazaki.lg.jp/a_map/public/facilityAround/eyJpdiI6ImxnS3Y4V3NmWjBwU3FRbEFTOFVNaWc9PSIsInZhbHVlIjoiaW4zZFErMmVSVmIrVXlCNUkyOHpCdz09IiwibWFjIjoiOTA1NTJiZjg0NDhiOTQ4MzNmZDkwYzE3MTA4Mzk5ZGEyOWVjNmViOTFhMGNjN2Y5MzRjODc1MWUzNzU4MDVkMCJ9,,F000944,男女共用トイレあり,
45,宮崎県,45206,日向市,,日向簡易裁判所・宮崎家庭裁判所日向出張所,,,883-0036,日向市南町8番7号,32.4215859,131.6233615,http://www.courts.go.jp/,yes,,庁舎1階,,,,yes,,yes,,yes,,,,,,,,,,,,,,,,,,multipurpose_toilet,みやざきアクセシビリティ情報マップ,https://m-bfree.pref.miyazaki.lg.jp/a_map/public/facilityAround/eyJpdiI6IjFlN1hDWk5QMUhtODF1bE53cmtqcXc9PSIsInZhbHVlIjoic3hJckN5S0tsZ09HUVoySTViTUtLdz09IiwibWFjIjoiZDBiOWVlOTI0NmQyMTQ4Njk0ZmFiMjk3N2RlZjQzOTU4YjkzNmJiMzkzYWRkYjE3ZjU2NWVjODIxODEzYTNkYyJ9,,F000884,男女共用トイレあり | 緊急通報装置あり | 調査日=2019-12-05,オストメイトは簡易型です。
45,宮崎県,45206,日向市,,日向公共職業安定所,,,883-0041,日向市北町2丁目11番地,32.4317251,131.6274146,https://jsite.mhlw.go.jp/miyazaki-roudoukyoku/hw/kankatsu_shozaichi/kokyo_04.html,yes,,１階,,,,,,,,,,,,,,,,,,,,,,,,,,multipurpose_toilet,みやざきアクセシビリティ情報マップ,https://m-bfree.pref.miyazaki.lg.jp/a_map/public/facilityAround/eyJpdiI6IjJla204T3lMcUpNRzN4ZXNXXC9sZDl3PT0iLCJ2YWx1ZSI6IllRcitaNmJWSDdvVEhcL2FWTFZUUWJ3PT0iLCJtYWMiOiI1NDY4NDcyZGQ2MWQxZDhkZDc1NDRjMmU4NGMyZTBhNjQ2MzI2YWIwYzI2YTc3MmQ3ZGMzZTBlOWI5MjVlOTVkIn0=,,F000409,男女共用トイレあり | 緊急通報装置あり | 調査日=2019-11-12,
45,宮崎県,45206,日向市,,日向市駅,,,883-0044,日向市上町1,32.425799,131.627936,,yes,,改札入り、エレベーターを過ぎて奥 / 駅正面（東口）の向かって左側,,,,yes,,yes,,yes,,,,,,,,,,,,,,,,,,multipurpose_toilet,みやざきアクセシビリティ情報マップ,https://m-bfree.pref.miyazaki.lg.jp/a_map/public/facilityAround/eyJpdiI6IncrcXYxRHFKcnRwUTZqVnNKdmliSEE9PSIsInZhbHVlIjoiZ1wvUXN2QkdvbkJDdWJUTXdwM3liWWc9PSIsIm1hYyI6Ijg0NWNmOWI2NDY0MzFkMmJlYTM5ZjZmYzRhMTI5NDlmNjE4ZjQ0ODE1M2I1ZTE1NDJmNDJiNWU0NzdlNzE1YWMifQ==,,F002477,男女共用トイレあり | 男女別トイレあり | 緊急通報装置あり | 調査日=2020-03-13,・女性用のみベビーシートあり
45,宮崎県,45206,日向市,,日向市教育委員会,,,883-8555,日向市本町10番5号,32.4224934,131.6244215,http://nico2-hyuga.kir.jp/,yes,,１階,,,,,,,,,,,,,,,,,,,,,,,,,,multipurpose_toilet,みやざきアクセシビリティ情報マップ,https://m-bfree.pref.miyazaki.lg.jp/a_map/public/facilityAround/eyJpdiI6InVvd0liWHdFam9vSEtkUnU2TFFkMkE9PSIsInZhbHVlIjoiSVdOdEtDQ2FjM0lDOUQ4TTlYYWdkdz09IiwibWFjIjoiNDVhOWFhOWMyMzAwYzc3ZmQwYzZmZDg0YWEyODFiMjg0YjNjMzU5YmVmNTM3MzExODZhNmU4YjgyNGU5MjFhMyJ9,,F000914,男女共用トイレあり | 緊急通報装置あり | 調査日=2013-09-04,
45,宮崎県,45206,日向市,,日向市障がい者センター あいとぴあ,,,883-0044,日向市上町9189番地1,32.4267056,131.6276638,https://www.aitopia-hyuga.jp/,yes,,１階,,,,,,,,,,,,,,,,,,,,,,,,,,multipurpose_toilet,みやざきアクセシビリティ情報マップ,https://m-bfree.pref.miyazaki.lg.jp/a_map/public/facilityAround/eyJpdiI6IkFqN1E3R2dvemZvN3hXakNCUWlpeHc9PSIsInZhbHVlIjoiK0M5Y0VxcE1xdXA5UURzREN4QlNsQT09IiwibWFjIjoiYTBlNjMyYzlkMDdiZDhlNmM2NmNmYjU5NDBiMjhmYjdlMWRhOTMwMzIxMThjMDlkZGM0NzIyNTQxZmM5MzY1MyJ9,,F000928,男女共用トイレあり | 緊急通報装置あり | 調査日=2002-09-18,
45,宮崎県,45206,日向市,,日向市総合福祉センター（社会福祉法人日向市社会福祉協議会）,,,883-0034,日向市大字富高207番地3,32.4178683,131.6196979,http://hyuga-shakyo.or.jp/,yes,,２階 / １階,,,,,,,,,,,,,,,,,,,,,,,,,,multipurpose_toilet,みやざきアクセシビリティ情報マップ,https://m-bfree.pref.miyazaki.lg.jp/a_map/public/facilityAround/eyJpdiI6ImpmYmtkRmhOc29wWlAyK2V3VVY5V0E9PSIsInZhbHVlIjoibmtnaFdzYVBpZE5wUm5NZ1lieGJJUT09IiwibWFjIjoiZmM3NjY2YmQ4M2E3YzE1NWNmMjgwZjA2OTc4YWI1ZDhlZTk2OTFkNzkyM2I4ODg5NDM4Y2I0NDU2NGM5MmY2YSJ9,,F000962,男女共用トイレあり | 男女別トイレあり | 緊急通報装置あり | 調査日=2019-11-13,
45,宮崎県,45206,日向市,,日向市体育センター,,,883-0045,日向市本町10番5号,32.4224934,131.6244215,,yes,,１階,,,,,,,,,,,,,,,,,,,,,,,,,,multipurpose_toilet,みやざきアクセシビリティ情報マップ,https://m-bfree.pref.miyazaki.lg.jp/a_map/public/facilityAround/eyJpdiI6IkJIU0M3UU5LWVJRWmNXbHFUXC9QMlRnPT0iLCJ2YWx1ZSI6IlZQVUJcLzBPT0tNbkYwd0VCcXRyZlB3PT0iLCJtYWMiOiI5YjQ2NGJlNjFkZDE5ZDZiMDllYmQyYWViOWNkYWQxMzljOWMzMmIzOWZlODYyNjk2MTg0M2IxMWFlMzcyNjJhIn0=,,F000592,男女別トイレあり | 緊急通報装置あり | 調査日=2019-11-18,
45,宮崎県,45206,日向市,,日向市中央公民館,,,883-0046,日向市中町1番31号,32.4199977,131.6272197,https://www.hyugacity.jp/display.php?cont=160613114707,yes,,１階,,,,yes,,,,yes,,,,,,,,,,,,,,,,,,multipurpose_toilet,みやざきアクセシビリティ情報マップ,https://m-bfree.pref.miyazaki.lg.jp/a_map/public/facilityAround/eyJpdiI6IkFJbk9XXC9wQ3B0SGFRUlJ6ZVlFdUd3PT0iLCJ2YWx1ZSI6Ik1vSGpuWmxBQ0FLVGI5V1N5TEZTdFE9PSIsIm1hYyI6IjZjODYyOTFkNzIzMjVmNDZlMTAzYjg5MzYxNGUwNGRmODE0MWY5N2U0YjE1MWU4N2I1MDZkYWRiMGNkZDBmNjYifQ==,,F001383,男女共用トイレあり | 緊急通報装置あり | 調査日=2019-11-11,ベビ－シ－ト、おむつ取替シ－トも付いています。
45,宮崎県,45206,日向市,,日向市東郷公民館（ さくら館）,,,883-0106,日向市東郷町山陰辛273-1,32.3908219,131.5123419,,yes,,１階,,,,,,yes,,,,,,,,,,,,,,,,,,,,multipurpose_toilet,みやざきアクセシビリティ情報マップ,https://m-bfree.pref.miyazaki.lg.jp/a_map/public/facilityAround/eyJpdiI6IkJibHVDbVZITDhPZk5iUG02N2tZdlE9PSIsInZhbHVlIjoiQWhOZlREdDJnYVwvcHk4Ynh3OGNUcEE9PSIsIm1hYyI6IjkzZDE1MDlhOTM4NDE3YzJiMmE5ZGIyMmRlMjAxZGQwYjY3ZTAxNmE4MTE0N2Q4NDNkNTc3NDViNTUxNmY5MDgifQ==,,F001052,男女共用トイレあり | 緊急通報装置あり | 調査日=2013-09-03,
45,宮崎県,45206,日向市,,日向市東郷地区文化センター,,,883-0102,日向市東郷町山陰丙1325-1,32.3922894,131.5362656,,yes,,1階,,,,,,,,,,,,,,,,,,,,,,,,,,multipurpose_toilet,みやざきアクセシビリティ情報マップ,https://m-bfree.pref.miyazaki.lg.jp/a_map/public/facilityAround/eyJpdiI6IlN2c0lsRWxSSzRFdkVLMVA5VTZDZWc9PSIsInZhbHVlIjoicUxEVDIzWTAyaXgwcWtaZk0yc1VcL3c9PSIsIm1hYyI6IjA2NDY1YWVhMzUxOGU3NjIzNWJiYmIxMTJkMjdjMGNlOGM3ZDRhMTljOTdlY2U4N2QzNjRkYTNjMDJmOTRmNGYifQ==,,F001010,男女共用トイレあり | 緊急通報装置あり | 調査日=2013-09-02,
45,宮崎県,45206,日向市,,日向市文化交流センター,,,883-0046,日向市中町1番31号,32.4199977,131.6272197,http://hyuga.main.jp/,yes,,１階,,,,,,,,,,,,,,,,,,,,,,,,,,multipurpose_toilet,みやざきアクセシビリティ情報マップ,https://m-bfree.pref.miyazaki.lg.jp/a_map/public/facilityAround/eyJpdiI6IkxPYVJYbGloYjZDS2c0R2o1UUFCQXc9PSIsInZhbHVlIjoiSzNEODJaOWhlMkhWekE4SVBoT0tydz09IiwibWFjIjoiYjVlMmMyNDRmYmZjZjNjMWJiNjc3NGVjMWY3N2QzZTJhYjgwZTFlODIxZjJhMDBlNzQ1YTkyZGZlMWY0ZGFkYiJ9,,F001384,男女共用トイレあり | 緊急通報装置あり | 調査日=2002-09-26,
45,宮崎県,45206,日向市,,日向市保健福祉総合センター やすらぎ館,,,883-0102,日向市東郷町山陰丙1412番地1,32.3934214,131.531712,,yes,,1階,,,,yes,,,,,,,,,,,,,,,,,,,,,,multipurpose_toilet,みやざきアクセシビリティ情報マップ,https://m-bfree.pref.miyazaki.lg.jp/a_map/public/facilityAround/eyJpdiI6InZxQ2NzVWVtWGoxVXU4bk5UTDJtUlE9PSIsInZhbHVlIjoiQ0RJb211K2hiQUlQSWg1Q3FENG8zQT09IiwibWFjIjoiZTUyN2M3NWIxNzkzNDIzYWY1OTlmYjA5NGMzNDJmZDhjYWMxZTMxY2ZjZDZmZjY1NDEzMjFlMzYxZGY3NTZmOSJ9,,F001588,男女共用トイレあり | 緊急通報装置あり | 調査日=2019-11-25,
45,宮崎県,45206,日向市,,日向市民健康管理センター,,,883-8555,日向市本町10番5号,32.4224934,131.6244215,,yes,,１階,,,,,,yes,,,,,,,,,,,,,,,,,,,,multipurpose_toilet,みやざきアクセシビリティ情報マップ,https://m-bfree.pref.miyazaki.lg.jp/a_map/public/facilityAround/eyJpdiI6ImJkcW5TXC82UGNRaUdBc1RvMmxuTFJnPT0iLCJ2YWx1ZSI6ImFKT3ErV1k5N21Ra3BITGVyUkgrMnc9PSIsIm1hYyI6IjkwYTMyNDNiZDlhZDMyMGM2MTYzNWM5OTA1NzdhYjViNmVjMjE5MTA5ZjFkMTRmZTA3YmQzOGJmOGQ4OTZiZjUifQ==,,F001914,男女共用トイレあり | 緊急通報装置あり | 調査日=2013-09-12,
45,宮崎県,45206,日向市,,日向市役所,,,883-8555,日向市本町1丁目10-5,32.422473,131.62437,https://www.hyugacity.jp/,yes,,南側庁舎1F・南側玄関を入ってすぐ左手 / ・北側庁舎1階、北側玄関を入って左手奥 ・西側正面玄関を入る場合は、総合案内から向かって左に進み、市民ホールに出たら右手通路を奥に進むとある / ・北側庁舎2階・3階（設備内容などは同じ）。位置は1階トイレの上部分 ・西側玄関からは、入口入ってすぐ横のエレベーターで各階上がり、東に突き当たって右折、直進するとある / ・北側庁舎4階 ・西側玄関からは、入口入ってすぐ横のエレベーターで各階上がり、東に突き当たって右折、直進するとある,,,,yes,yes,yes,,yes,yes,,,,,,,,,,,,,,,,,multipurpose_toilet,みやざきアクセシビリティ情報マップ,https://m-bfree.pref.miyazaki.lg.jp/a_map/public/facilityAround/eyJpdiI6ImZiK0JoYTdhUWN3SDNzVW1vd3R2aXc9PSIsInZhbHVlIjoiT1VJdlpcL1wvYnk2WVlcL1dQeVwvMmhYTHc9PSIsIm1hYyI6IjJhY2VhYzFjZTU2MzYxZjk4MTBhMzVhMTI4NDljYjM5YTE2NjY2ZDQwYWEwMTQ4ZTUxYzZiNDliYmUzMWFhZWEifQ==,,F002478,男女共用トイレあり | 緊急通報装置あり | 着替え台あり | 調査日=2020-03-13,・北側庁舎には全階に設置している（休日開放しているため）が、南側庁舎は1階のみ多目的トイレが設置されている（南側庁舎は休日開放していないため） / ・ピクトサインはLGBTに配慮してグレー色を採用している / ・音声案内が各所にあり、日本語と英語で対応している / ・便座に座るとペーパーホルダーの位置など説明 / ・北側庁舎2階・3階は設備内容など同じ / ・緊急通報装置は警備員室に直接つながっている / ・荷物を置くフックは二段あり、下は高さ100cmほど
45,宮崎県,45206,日向市,,日向市立東郷病院,,,883-0102,日向市東郷町山陰丙1412番地1,32.3934214,131.531712,,yes,,1階,,,,,,,,,,,,,,,,,,,,,,,,,,multipurpose_toilet,みやざきアクセシビリティ情報マップ,https://m-bfree.pref.miyazaki.lg.jp/a_map/public/facilityAround/eyJpdiI6IlwvS2cyem1jSVwvRmMwNGpiVVp1cFhxUT09IiwidmFsdWUiOiJtcWo1eUlcLzhzSEQ1MFRENFhHdHVKQT09IiwibWFjIjoiZjg3NDFjOTczMzBiNDRkZDVkOWZmYTdmMWQ2ZDhiMDcxZmMwMjE3ZTJhMjY4YWIyNzkxMDM2NzU1ZGY5NTU5NiJ9,,F001579,男女共用トイレあり | 緊急通報装置あり | 調査日=2002-09-26,
45,宮崎県,45206,日向市,,日向市立図書館,,,883-0035,日向市春原町1丁目47番地,32.4228811,131.6225041,https://www.lib.city.hyuga.miyazaki.jp/,yes,,１階,,,,yes,,,,yes,,,,,,,,,,,,,,,,,,multipurpose_toilet,みやざきアクセシビリティ情報マップ,https://m-bfree.pref.miyazaki.lg.jp/a_map/public/facilityAround/eyJpdiI6ImhjdFdyQjgySUpCN3puaDAwd2hkaGc9PSIsInZhbHVlIjoiOFlhTVViUlUzOGlScEViQmh3ZWN3UT09IiwibWFjIjoiOWJjNDczZmI3YzVjNzRiNTMwYjk1ZTc5Nzg3NDA4MjMyOTVmNDQ1Nzg4MjliMGRlYWM0N2UwZDhhM2MxMWEwZiJ9,,F000931,男女共用トイレあり | 緊急通報装置あり | 調査日=2019-11-25,
45,宮崎県,45402,新富町,,日向新富駅,,,889-1402,新富町大字三納代2240,32.0722315,131.5011504,https://www.jrkyushu.co.jp/railway/station/1191826_1601.html,yes,,駅舎南側,,,,,,,,,,,,,,,,,,,,,,,,,,multipurpose_toilet,みやざきアクセシビリティ情報マップ,https://m-bfree.pref.miyazaki.lg.jp/a_map/public/facilityAround/eyJpdiI6IjJYUFZYd09OU3FJTjBXYmxLZ3B5OEE9PSIsInZhbHVlIjoiRkp1Z2RUdnc2dFFRMjVUekdRZ2Zkdz09IiwibWFjIjoiZTlmZjRiOTdiN2RmZGRlOTgyNWI3Njc4YTE2MTgyZWI2NmVmNDM2MmUzZDQ0NWRmYjYyOTZmZTc4Y2IzOGYzYiJ9,,F000784,男女共用トイレあり | 緊急通報装置あり | 調査日=2022-07-06,
45,宮崎県,45206,日向市,,日向第一ホテル,,,883-0045,日向市本町11-5,32.4238886,131.6240436,http://www.hyuga-daiichihotel.com/,yes,,１階 / ２階,,,,yes,,,,,,,,,,,,,,,,,,,,,,multipurpose_toilet,みやざきアクセシビリティ情報マップ,https://m-bfree.pref.miyazaki.lg.jp/a_map/public/facilityAround/eyJpdiI6ImtZSDZ3NUZZcEVXMlZjQnZzcUVRVVE9PSIsInZhbHVlIjoiM25wXC8xcFdYKytWZ3ZsblBlc2w1emc9PSIsIm1hYyI6ImM4OTg3ZGQzMDcxZTQzN2NiOTRhNDBjOWQ5ZTQwNWEwYTkwMTExYjYwNGRlMGI0ZWVlZTkyMGZlMTY5ODY4NjIifQ==,,F000889,男女別トイレあり | 緊急通報装置あり | 調査日=2009-11-27,
45,宮崎県,45206,日向市,,日向岬・馬ヶ背,,,883-0001,日向市細島1-1,32.4242272,131.6870209,https://www.hyugacity.jp/display.php?cont=140316174225,yes,,馬ヶ背茶屋の横,,,,yes,,yes,,,,,,,,,,,,,,,,,,,,multipurpose_toilet,みやざきアクセシビリティ情報マップ,https://m-bfree.pref.miyazaki.lg.jp/a_map/public/facilityAround/eyJpdiI6IldoUmtPdVN4T3NvZVwvblozcForVDVRPT0iLCJ2YWx1ZSI6ImFsZUhOOHpFMGl3cFpGV1wvYWM4aFVBPT0iLCJtYWMiOiI3NTdjOTQ4NTE0ZWViOTJkN2E2MjU0YjViODU1M2UwOWQ0NmI0YmViY2Y3MTQzODk1MWIwNWUxNzZhMmU2ZTZjIn0=,,F002019,男女共用トイレあり | 緊急通報装置あり | 調査日=2022-05-23,
45,宮崎県,45206,日向市,,日向岬グリーンパーク,,,883-0062,日向市大字日知屋682-148,32.41813244323476,131.66867476389632,https://hyuga.or.jp/app/spots/view/21,yes,,西側駐車場,,,,,,,,,,,,,,,,,,,,,,,,,,multipurpose_toilet,みやざきアクセシビリティ情報マップ,https://m-bfree.pref.miyazaki.lg.jp/a_map/public/facilityAround/eyJpdiI6IjdOM1dtaHhzXC81RklKb3NKK2cwMVwvdz09IiwidmFsdWUiOiJxWE1HN2VncTdVeEZuajZiNWpcL3Jjdz09IiwibWFjIjoiYWYzNjkyNzUyNWY5OTBkOTgyNTQ1YzAwZDRlZTI2ODgyOWNhMmY4ZjMwZTY3ZTJiOGJlMTBiZDA2ZDM4YTFhNCJ9,,F002619,男女共用トイレあり | 調査日=2022-10-28,
45,宮崎県,45201,宮崎市,,平田街区公園トイレ,,,880-0928,宮崎市東宮2丁目67番地,31.8513457,131.4244933,,yes,,,,,,,,,,yes,,,,,,,,,,,,,,,,,,multipurpose_toilet,みやざきアクセシビリティ情報マップ,https://m-bfree.pref.miyazaki.lg.jp/a_map/public/facilityAround/eyJpdiI6InJoN01mK2RieXpiZkVvMGViT2sxUWc9PSIsInZhbHVlIjoiXC80OTdZdldnaW9cL1dFWmdEZ2htVHhnPT0iLCJtYWMiOiI2ZjQzNWYzOTNhN2U1ZWIyMTM5ZDE5YzRlODk0ODQ5YTUxMGVjOTk0OTI4YTY4MGRlZjI3YWQ3ODQ3MDBlZmY4In0=,,F002037,男女共用トイレあり | 調査日=2019-12-09,
45,宮崎県,45203,延岡市,,平田東九州病院,,,889-0503,延岡市伊形町4791番地,32.5322162,131.6702892,http://kyukoukai.or.jp/,yes,,１階,,,,yes,,,,,,,,,,,,,,,,,,,,,,multipurpose_toilet,みやざきアクセシビリティ情報マップ,https://m-bfree.pref.miyazaki.lg.jp/a_map/public/facilityAround/eyJpdiI6IlFnTjYzY2QyREtBQVJKNDRHbm5XMGc9PSIsInZhbHVlIjoiWFprNmNpa0xnMVdiNjF6SURYRzVWZz09IiwibWFjIjoiYjRjZjMxN2NhNTM0ZjZiN2ViZDk0ODQ2MWExMjA4OTUzMzI4MjI1YzY4YTI3NTljZWYwOGU5ZmY0MzVjNjk4YyJ9,,F001313,男女共用トイレあり | 緊急通報装置あり | 調査日=2019-11-19,
45,宮崎県,45201,宮崎市,,平松自治公民館,,,880-0045,宮崎市大字大瀬町5453-2,31.9778667,131.387851,https://www.city.miyazaki.miyazaki.jp/shelter/list/item176/,yes,,,,,,,,,,,,,,,,,,,,,,,,,,,,multipurpose_toilet,みやざきアクセシビリティ情報マップ,https://m-bfree.pref.miyazaki.lg.jp/a_map/public/facilityAround/eyJpdiI6IlR1ckZKUVc3Rkg0RXBnMDIzSXZXbGc9PSIsInZhbHVlIjoiMFJcL3RkZUZ0cXNuYlZEeFpKZFB3RlE9PSIsIm1hYyI6ImZmM2UyNTM5OGZmNzlmZmU4MTk0ZGZjYzVlNjA4MzI3ZGQwNDdlNzlmN2ZlNmQ2MDkxYjdhZTk1MTQ2YTUyOWEifQ==,,F002052,男女共用トイレあり,
45,宮崎県,45201,宮崎市,,ファミーユ 江平ホール,,,880-0817,宮崎市江平東町11-8,31.9271159,131.4292175,,yes,,,,,,,,,,,,,,,,,,,,,,,,,,,,multipurpose_toilet,みやざきアクセシビリティ情報マップ,https://m-bfree.pref.miyazaki.lg.jp/a_map/public/facilityAround/eyJpdiI6InZud0tUSEJrUmdIUUptU0ZFS3U3Unc9PSIsInZhbHVlIjoiTXhkSVE1NGhvNCtTdEdMaWJHOVdpUT09IiwibWFjIjoiZTY1Nzg3YWY0OTFmOWZhMzc4N2JjODUyMjFjZGE3NzYwNWVmNmM1ZDQwMjE5YTMyMmQ5NjcwN2ZiM2I0OGRmYSJ9,,F000170,男女共用トイレあり | 調査日=2009-11-29,
45,宮崎県,45201,宮崎市,,ファミーユ 大淀ホール,,,880-0901,宮崎市東大淀2丁目4201-3,31.8947774,131.4216965,,yes,,,,,,,,,,,,,,,,,,,,,,,,,,,,multipurpose_toilet,みやざきアクセシビリティ情報マップ,https://m-bfree.pref.miyazaki.lg.jp/a_map/public/facilityAround/eyJpdiI6ImR4ZlluZnVtUlJ2Rm5RUmVsMTNkN2c9PSIsInZhbHVlIjoiYzdaMnc3VlJiS1wvSVR3XC93dEdlTnJnPT0iLCJtYWMiOiIwNTUxYTY1NjRhOWYzNjE3MGU2MjI5ODE0ODlkOWYwODUzMTliNzNjZDA2ZTQ5NzQ5NTlhNTY3YjQzMmMyN2ZhIn0=,,F001186,男女共用トイレあり,
45,宮崎県,45201,宮崎市,,ファミーユ神宮前,,,880-0034,宮崎市矢の先町7番地,31.9408471,131.4207624,http://www.famille-kazokusou.com/search_area/miyazaki/miyazakishi/post-979.html,yes,,,,,,,,,,,,,,,,,,,,,,,,,,,,multipurpose_toilet,みやざきアクセシビリティ情報マップ,https://m-bfree.pref.miyazaki.lg.jp/a_map/public/facilityAround/eyJpdiI6IlwvakV4VnROSFVZQmNXY055ZUFRdVF3PT0iLCJ2YWx1ZSI6Ild2dTAwNVVCckRtNitJZmdoVEVlUkE9PSIsIm1hYyI6ImI0YzYzMWVkN2EyMDg2OTVhOTBhODgwOWE5OGRmYzIwZDA5ZjkxMzY4Y2E2OTZhNWE0ODQ1NWFhNDA2ZTUzNWMifQ==,,F001838,男女共用トイレあり,
45,宮崎県,45201,宮崎市,,ファミーユ高岡ホール,,,880-2222,宮崎市高岡町五町168番地,31.9565755,131.3009827,,yes,,,,,,,,,,,,,,,,,,,,,,,,,,,,multipurpose_toilet,みやざきアクセシビリティ情報マップ,https://m-bfree.pref.miyazaki.lg.jp/a_map/public/facilityAround/eyJpdiI6IlQ2RFVndzZWWDlzelwvUWdsbFBoZWhBPT0iLCJ2YWx1ZSI6Im5EdEhqbE55YnVzZ1V6TENGc0xTOXc9PSIsIm1hYyI6IjFmZWRkYjU0YTE1ZDZhNDA5NzE1NzBhMGQ3NGQ2YTY1MzI4ZjJiMmIwMjE5YWRhYWY0YWIxNWE4MWQ3OTViMzIifQ==,,F000118,男女共用トイレあり | 調査日=2009-11-29,
45,宮崎県,45201,宮崎市,,ファミーユ花ヶ島,,,880-0036,宮崎市花ヶ島町立毛1035-1,31.9549168,131.4326035,,yes,,,,,,,,,,,,,,,,,,,,,,,,,,,,multipurpose_toilet,みやざきアクセシビリティ情報マップ,https://m-bfree.pref.miyazaki.lg.jp/a_map/public/facilityAround/eyJpdiI6InppXC9DMUU2TDZYRk5mRGZDazJCSEFnPT0iLCJ2YWx1ZSI6Im93ZzFDRjlCbFpjZERtczNOM3h2NHc9PSIsIm1hYyI6IjA0MWUyNDUyNWUwMGVmMmQ1YTAzOTk5MjNiMWQ2YmQ4MzljZmU5OTdhM2MxMmRmNWQ3YTFjZTMzMmZmZThkNjgifQ==,,F000466,男女共用トイレあり,
45,宮崎県,45201,宮崎市,,ファミーユ南高松,,,880-0005,宮崎市南高松3-11,31.9149504,131.4157266,http://www.famille-kazokusou.com/search_area/miyazaki/miyazakishi/post-838.html,yes,,,,,,,,,,,,,,,,,,,,,,,,,,,,multipurpose_toilet,みやざきアクセシビリティ情報マップ,https://m-bfree.pref.miyazaki.lg.jp/a_map/public/facilityAround/eyJpdiI6IkFZdFRObGlKMXFBREtNZnliVUhOSUE9PSIsInZhbHVlIjoiT094anJUWjFLdG9TVXowc3MzTHBHZz09IiwibWFjIjoiZGYwYTM5MDc1MDUzODA3ZWRmZjAxZjlhZWVhZTYyZTIyZDI0YzdmNDFkZWViOTc1NDQwMzI5MzgzNjg5NWNkMiJ9,,F001846,男女共用トイレあり,
45,宮崎県,45201,宮崎市,,ファミーユ吉村ホール,,,880-0871,宮崎市大王町70番地,31.907247,131.4399909,,yes,,,,,,,,,,,,,,,,,,,,,,,,,,,,multipurpose_toilet,みやざきアクセシビリティ情報マップ,https://m-bfree.pref.miyazaki.lg.jp/a_map/public/facilityAround/eyJpdiI6IlwvOXNtWUw0dFUxcmhTUXFpRk50bUFRPT0iLCJ2YWx1ZSI6IkNvaG15VXlOdXJ1SnNOTkZJTU9rYnc9PSIsIm1hYyI6ImY5YzczM2I0MjhlNzU3MTI1ODE1YjUxMzZjNDNmODA2ZjIzYzNiZDZlOTczMmFjYmVjODE4YTY2ODRmNWFmMzcifQ==,,F000205,男女共用トイレあり | 調査日=2009-11-29,
45,宮崎県,45201,宮崎市,,ファミリーマート 加納バイパス店,,,889-1605,宮崎市清武町加納甲1357番地1,31.8726561,131.3930896,,yes,,,,,,,,,,,,,,,,,,,,,,,,,,,,multipurpose_toilet,みやざきアクセシビリティ情報マップ,https://m-bfree.pref.miyazaki.lg.jp/a_map/public/facilityAround/eyJpdiI6InZqeWdYd014QkVwamk4VE04eWxXY1E9PSIsInZhbHVlIjoiYU51bUNQUWFwcVhTMFZOWlwvcFdjS3c9PSIsIm1hYyI6IjYxNzdhOTA1MzI3ZjM1ODFiM2EwMGY3YTA1MGUxMzI2OGI0Yzk1NjRjY2JkZGQ3ZmI5OTA5NzI5ZDU0MjYwNTEifQ==,,F001788,男女共用トイレあり,
45,宮崎県,45201,宮崎市,,ファミリーマート希望ヶ丘団地入口店,,,880-0921,宮崎市大字本郷南方4057-6,31.8610867,131.432991,,yes,,,,,,,,,,,,,,,,,,,,,,,,,,,,multipurpose_toilet,みやざきアクセシビリティ情報マップ,https://m-bfree.pref.miyazaki.lg.jp/a_map/public/facilityAround/eyJpdiI6InVja1NXaXpZaVVTb2krWWhTSTBQbmc9PSIsInZhbHVlIjoicjd6TXNkdjVJQWp2SU5xdEhCTHArZz09IiwibWFjIjoiMTViYWJhMDIzOTZlZDhhODdhN2YyODc3Nzk1NWExZWU5ZDJiZGUwNzA3NTY5OTVjYjZhYzMxZGNjYzVjODU2OCJ9,,F001097,男女共用トイレあり | 調査日=2010-01-26,
45,宮崎県,45201,宮崎市,,ファミリーマート佐土原下那珂店,,,880-0212,宮崎市佐土原町下那珂字山崎8096番,32.0171521,131.4426385,,yes,,,,,,,,,,,,,,,,,,,,,,,,,,,,multipurpose_toilet,みやざきアクセシビリティ情報マップ,https://m-bfree.pref.miyazaki.lg.jp/a_map/public/facilityAround/eyJpdiI6InczWUtwajl0Q3pFYUdnUUh2SjQxRUE9PSIsInZhbHVlIjoid0x5TUdUOVowXC9naEVROGJWQmREQkE9PSIsIm1hYyI6IjFhZDMwMTlhODE5MzU4NzlhYTVjZjE0ODk5NmRjZDQ5ZGNlMzhhZmFhYzBiZjk0MWQ3ODEwNzAxMjI3MTI0YTIifQ==,,F000623,男女共用トイレあり,
45,宮崎県,45201,宮崎市,,ファミリーマート潮見店,,,880-0862,宮崎市潮見町177-1,31.9029107,131.4397235,,yes,,,,,,,,,,,,,,,,,,,,,,,,,,,,multipurpose_toilet,みやざきアクセシビリティ情報マップ,https://m-bfree.pref.miyazaki.lg.jp/a_map/public/facilityAround/eyJpdiI6InFreUlPZzV4amVGS29NVDNzN0lzeHc9PSIsInZhbHVlIjoiWGhleXA0ajFjcnVVQXdXRDArUFVSZz09IiwibWFjIjoiZDJmYzQ1YzYyMTg0ZTVmNzM1MWE3ZjBkZGNkNGUxZjNiNzFjYzBiOTM5NTE0YTNkYzBiZjY2NzdkZjY3YmM3NCJ9,,F000558,男女共用トイレあり,
45,宮崎県,45201,宮崎市,,ファミリーマート花山手店,,,880-0930,宮崎市花山手東1丁目1-3,31.9085533,131.4044395,,yes,,,,,,,,,,,,,,,,,,,,,,,,,,,,multipurpose_toilet,みやざきアクセシビリティ情報マップ,https://m-bfree.pref.miyazaki.lg.jp/a_map/public/facilityAround/eyJpdiI6ImJcL1pqSEZuTFpOUTFqZ3A1OTcya3d3PT0iLCJ2YWx1ZSI6IlwvcXBQOU5VN3NBTXA0RGQ2Nm5xWDVnPT0iLCJtYWMiOiJiYzhiNDFiZDBhYTVjNGNkMWIwYjJjNDcyOGVhZDVjMTMxZDlhZDBhZTJjMGVjZmE4OWYyMDgzNGJmNzM3ZDdkIn0=,,F000242,男女共用トイレあり,
45,宮崎県,45201,宮崎市,,ファミリーマート東大宮店,,,880-0824,宮崎市大島町西田2163-5,31.9430781,131.4373685,,yes,,,,,,,,,,,,,,,,,,,,,,,,,,,,multipurpose_toilet,みやざきアクセシビリティ情報マップ,https://m-bfree.pref.miyazaki.lg.jp/a_map/public/facilityAround/eyJpdiI6IjJGMm8ydm1TejBpXC9ad0hHQlwvQkRZZz09IiwidmFsdWUiOiJwUmcxejdGQmt3c0NsSU5XMFFNZEJ3PT0iLCJtYWMiOiIzOWZlNDJlZDUwNDRlYTM2ZjllMDQyZjI5ZDlmMmFlZmM4YTdkOWQ2NzUzNWQyYzA0NmNmZDQwMmU4NGY4ZjhhIn0=,,F000950,男女共用トイレあり,
45,宮崎県,45201,宮崎市,,ファミリーマート宮崎大坪西店,,,880-0932,宮崎市大坪西1丁目1-68,31.8964141,131.4063959,,yes,,,,,,,,,,,,,,,,,,,,,,,,,,,,multipurpose_toilet,みやざきアクセシビリティ情報マップ,https://m-bfree.pref.miyazaki.lg.jp/a_map/public/facilityAround/eyJpdiI6IkFMZWRHOWVjUmNFVDNvRGc4anhqcnc9PSIsInZhbHVlIjoiQ0hnbGVuQmU2UlpmWjdUUGNOU1NJUT09IiwibWFjIjoiMTAyNzU5MWExYTI2MTRiNjIzZDQwZjMxNGE5MWYzYjRiNjI5ZjczMDYyMmM0YTJhMDRhMDY1ZDgwYjkzNWQ1NSJ9,,F000631,男女共用トイレあり,
45,宮崎県,45201,宮崎市,,ファミリーマート宮崎市役所前店,,,880-0013,宮崎市松橋1丁目7－23,31.9093077,131.4180843,,yes,,,,,,,,,,,,,,,,,,,,,,,,,,,,multipurpose_toilet,みやざきアクセシビリティ情報マップ,https://m-bfree.pref.miyazaki.lg.jp/a_map/public/facilityAround/eyJpdiI6IkdqbTVjWTUrN1lGb1p6R2NwN0F2NHc9PSIsInZhbHVlIjoiUFdLdXJRdFpBZnJucW5ZUDd4cTZwZz09IiwibWFjIjoiOWZjY2ZhOGY0ZGViZjJkNjk4NTI4NGIzYzkyOWY5MjhhMzMxNTVmMGM0MzdmNjE2YTgyMjU1MTExZGU3MDY0MiJ9,,F000641,男女共用トイレあり,
45,宮崎県,45201,宮崎市,,ふぁみりーランドＫ．川崎,,,880-0903,宮崎市太田4丁目4-16,31.8978284,131.4209773,http://www.familyland-kawasaki.com/index.html,yes,,,,,,,,,,,,,,,,,,,,,,,,,,,,multipurpose_toilet,みやざきアクセシビリティ情報マップ,https://m-bfree.pref.miyazaki.lg.jp/a_map/public/facilityAround/eyJpdiI6Ikp4eEo3R1B6Z09WMkFVdnNOTHl5K0E9PSIsInZhbHVlIjoiSjBDOFwvVmtPMEdyZFZFOEUyN001bVE9PSIsIm1hYyI6ImZhOGI2YWQ5OGRkMjAxYmYwNmI1Mzc4Y2NhYjZkZjAxNTNiZTU3YTMwYzdjNzU4NmZkNWNkNjRhMzZkZGJiYjgifQ==,,F000570,男女共用トイレあり,
45,宮崎県,45202,都城市,,ふぁみり庵はいから亭寿司まどか 甲斐元店,,,885-0074,都城市甲斐元町14街区34号,31.714882,131.060816,http://www.kousei-grp.co.jp/,yes,,,,,,yes,,,,yes,,,,,,,,,,,,,,,,,,multipurpose_toilet,みやざきアクセシビリティ情報マップ,https://m-bfree.pref.miyazaki.lg.jp/a_map/public/facilityAround/eyJpdiI6IlwvbkJKbFpFdkJHek5KY0c2ZUJWZjdBPT0iLCJ2YWx1ZSI6Im8rOWt2UW5FS0g4bWpmelZXZ09Kcnc9PSIsIm1hYyI6IjRlNGY2YmZkZTQ0Yzg3ZTYxZGM3ZmJiN2M1OTRlZGUwNzExYTczNTRkNGFmOTdhZDJkMjg0NzgwZGI4OGRmMDIifQ==,,F001409,男女共用トイレあり | 調査日=2019-11-25,
45,宮崎県,45205,小林市,,ふぁみり庵はいから亭寿司まどか 小林店,,,886-0003,小林市堤2886－10,31.9830006,130.9939754,http://www.kousei-grp.co.jp/,yes,,,,,,yes,,,,,,,,,,,,,,,,,,,,,,multipurpose_toilet,みやざきアクセシビリティ情報マップ,https://m-bfree.pref.miyazaki.lg.jp/a_map/public/facilityAround/eyJpdiI6IlwvYWFnVFlRa0FcL1R5ZWNvTnAzbTZWZz09IiwidmFsdWUiOiJVWkUyaDlUM2VTRU1GWEVaWTJwbnNBPT0iLCJtYWMiOiJkOTYxY2YwNWE4ZDM5ZDUzMDVkZWIwYWJlOWNmNGE4NmFmNzc5YzAzYjZmMzNjZmU0MjQ4MDMxOWI3MjcwOGIxIn0=,,F001531,男女共用トイレあり | 調査日=2013-09-06,
45,宮崎県,45201,宮崎市,,フィオーレKOGA看護専門学校,,,880-0879,宮崎市宮崎駅東2丁目2番10号,31.9598952,131.3057452,http://www.koga-kango.com/,yes,,,,,,yes,,,,,,,,,,,,,,,,,,,,,,multipurpose_toilet,みやざきアクセシビリティ情報マップ,https://m-bfree.pref.miyazaki.lg.jp/a_map/public/facilityAround/eyJpdiI6IkR3SW5sYURiKzhUMTl1Wm5Yb3pxc2c9PSIsInZhbHVlIjoiMXk3Ynd4c3dOS3p4MUVkZGFIK0pFdz09IiwibWFjIjoiYjc2MGY1YjA3OWExMTk3YjE3NTc5YzI1ODNkNDUyNmNhNmEwMTY5ZDhkYWZiNDI5ZDQ5OTE0MmRiZTAzYzJhMyJ9,,F001688,男女共用トイレあり | 緊急通報装置あり | 調査日=2019-11-25,
45,宮崎県,45201,宮崎市,,Fisherman's 漁師の牡蠣小屋＆肉小屋,,,889-2162,宮崎市青島3丁目1-53,31.798909,131.468594,https://ryousinokakigoya.owst.jp/,yes,,施設の１階,,,,yes,,yes,,yes,,,,,,,,,,,,,,,,,,multipurpose_toilet,みやざきアクセシビリティ情報マップ,https://m-bfree.pref.miyazaki.lg.jp/a_map/public/facilityAround/eyJpdiI6IjJ2WkZMNzZLQjAwTUZSMXdiOExzT2c9PSIsInZhbHVlIjoiQXM5bnFDWEMwMjNwcnpNdW5nQ1wvckE9PSIsIm1hYyI6IjU3N2EwYmMzZDFlZmU3NDVmYzA4YTRjNmYzMmMzYmIyZmFiMTdjZWJiMWZmY2UzMDgyZWZkMWE3ZjI0MjhmMmUifQ==,,F002776,男女共用トイレあり | 調査日=2024-08-01,
45,宮崎県,45201,宮崎市,,風来軒北バイパス店,,,880-0036,宮崎市花ヶ島町観音免946-4,31.9565753,131.4327536,http://www.furaiken.co.jp/,yes,,１階,,,,,,,,,,,,,,,,,,,,,,,,,,multipurpose_toilet,みやざきアクセシビリティ情報マップ,https://m-bfree.pref.miyazaki.lg.jp/a_map/public/facilityAround/eyJpdiI6Ilp6eng3RVNmUjd0MGpWU0sxVTU0UEE9PSIsInZhbHVlIjoieE0zTHJjclNpWnZ1S1ZWckZXemZ4dz09IiwibWFjIjoiMjE0OGM4MjMxM2I2ODQyMzBhODkxZTAxZTNkNDg3ZDJlYmQ5ZTAyZDU3OTcxMzAyYjAyZTQwYjVkNzVkNjJiNCJ9,,F000946,男女共用トイレあり | 緊急通報装置あり | 調査日=2002-09-09,
45,宮崎県,45201,宮崎市,,フェスタ宮崎駅前店,,,880-0801,宮崎市老松2丁目2番1号,31.9139267,131.4310667,,yes,,,,,,,,,,,,,,,,,,,,,,,,,,,,multipurpose_toilet,みやざきアクセシビリティ情報マップ,https://m-bfree.pref.miyazaki.lg.jp/a_map/public/facilityAround/eyJpdiI6IlNYRE00aFc0RjN1NndzbTNlQmZvM1E9PSIsInZhbHVlIjoiMlpQZDJBZTVPeGwyUjN2XC9GYkdYXC9RPT0iLCJtYWMiOiI2YjkyN2E2N2YxYWMxOWM2MWZhZDBjNzA5ZjYwMDNkZjc4YjYxZWJhZTg2MmNkOTE0ZDZiOTdlMTUwOWUxZDNjIn0=,,F000212,男女共用トイレあり,
45,宮崎県,45201,宮崎市,,フェニックス・シーガイア・ オーシャン・タワー,,,880-8545,宮崎市山崎町浜山,31.959084,131.470009,https://seagaia.co.jp/hotel/sgor,yes,,地下2階、地下1階、1階、2階（いずれも男女共用）,,,,,,yes,,,,,,,,,,,,,,,,,,,,multipurpose_toilet,みやざきアクセシビリティ情報マップ,https://m-bfree.pref.miyazaki.lg.jp/a_map/public/facilityAround/eyJpdiI6IkpFVFlYYUlzT0xzTGZNOTJES3Q3ZFE9PSIsInZhbHVlIjoid0RYMTNVY1JBaUo0MXpaZWpKcWM0UT09IiwibWFjIjoiMWQ0NDgzM2VhNTI0NTAzZTRjYzEzNTYzYmYxZGYwNTEyZmVkNmJjZDJmMzM4NThhNDU0ZmQwYzYyNWM4YTM0NyJ9,,F002116,男女共用トイレあり | 緊急通報装置あり | 調査日=2019-09-11,・1～3階及び地下1階の女性用トイレ、42階及び松泉宮の男性用・女性用トイレにベビーシートを設置している
45,宮崎県,45201,宮崎市,,ＦＯＲＥ ＬＯＣＫ 「ＶＩＧＯＲ」,,,880-0035,宮崎市下北方町垣下1－5,31.9425561,131.4211685,,yes,,,,,,,,,,,,,,,,,,,,,,,,,,,,multipurpose_toilet,みやざきアクセシビリティ情報マップ,https://m-bfree.pref.miyazaki.lg.jp/a_map/public/facilityAround/eyJpdiI6IlFsVk00enozcmM4Sld4VlJPTCtMMWc9PSIsInZhbHVlIjoiclh1azM2V0JXcUVZd0hKTVF5WHZDdz09IiwibWFjIjoiZWRlOGY2YmYyMjkwYjkxYWRhOTM3NWE2MmY5MTYwOWYwMzYzZjYwZjM0YTc2OWQyMWIzOWIyNmU1ZmU5ODlhZSJ9,,F000493,男女共用トイレあり | 調査日=2010-09-02,
45,宮崎県,45201,宮崎市,,福井医院,,,880-2104,宮崎市大字浮田3127,31.9277598,131.3785438,http://www.fukui-iin.or.jp/top.htm,yes,,１階,,,,,,,,,,,,,,,,,,,,,,,,,,multipurpose_toilet,みやざきアクセシビリティ情報マップ,https://m-bfree.pref.miyazaki.lg.jp/a_map/public/facilityAround/eyJpdiI6IlpqZ2xWSzlZZW4wb0I3eUdTVVVQTkE9PSIsInZhbHVlIjoiYnduMTJWQjZGVFFMWkxrbVpKZW1tUT09IiwibWFjIjoiNDVhZTAzODg3YzFmNDU1NGM4MjQ0MjY3OTcxYjdlMTk0OWEwZWI0ZWNkNWU0OGFiOGYyZmI5MDdlZmM1YmMzMCJ9,,F000854,男女共用トイレあり | 緊急通報装置あり | 調査日=2002-09-05,
45,宮崎県,45201,宮崎市,,フクイ車検センター クリアー25浮田給油所,,,880-2104,宮崎市大字浮田3117-2,31.9284365,131.3779421,,yes,,,,,,,,,,,,,,,,,,,,,,,,,,,,multipurpose_toilet,みやざきアクセシビリティ情報マップ,https://m-bfree.pref.miyazaki.lg.jp/a_map/public/facilityAround/eyJpdiI6ImNuWlVKS2NRcFZObWFUa2ZudGM2WGc9PSIsInZhbHVlIjoiaDdnd0F6SnJCdGdRQnc5MVBFbGRJZz09IiwibWFjIjoiODg2MGIwMGRlMGFmZGIyNmMwOTgyZjQ0ZTJiYjY5NjFiZDU1YTBiODM0YzJjOTU3ZGUyYjRhZWVkMjk4ZmExZCJ9,,F000150,男女共用トイレあり,
45,宮崎県,45201,宮崎市,,福岡高等裁判所宮崎支部・宮崎地方裁判所・宮崎家庭裁判所・宮崎簡易裁判所・宮崎検察審査会,,,880-8543,宮崎市旭2丁目3番13号,31.9099069,131.4278502,http://www.courts.go.jp,yes,,南棟1階 / 南棟2階 / 北棟1階 / 中央棟3階,,,,yes,yes,yes,,yes,,,,,,,,,,,,,,,,,,multipurpose_toilet,みやざきアクセシビリティ情報マップ,https://m-bfree.pref.miyazaki.lg.jp/a_map/public/facilityAround/eyJpdiI6IjMwaUExbTIyc1wvMVRXRzFzQVpxKzlnPT0iLCJ2YWx1ZSI6Ijd6SEJ5dlVISk51TytjNmJ3V2xPcmc9PSIsIm1hYyI6IjJkNzU5YjZhYzI1OGQ0MWMyNjRmODUyMmRjODU2Y2Q3NzU3MzQzN2JhMjEzYWQ2ODc5NTY5ZGY3YWNkY2RmMWEifQ==,,F001246,男女共用トイレあり | 緊急通報装置あり | 調査日=2019-12-05,
45,宮崎県,45404,木城町,,複合型福祉施設仁の里（障害者支援施設愛生園）,,,884-0102,木城町大字椎木字浦畑3950番地1,32.1562763,131.4638209,http://www.hp.fukushi-zenjinkai.jp/fukujin/,yes,,,,,,,,,,,,,,,,,,,,,,,,,,,,multipurpose_toilet,みやざきアクセシビリティ情報マップ,https://m-bfree.pref.miyazaki.lg.jp/a_map/public/facilityAround/eyJpdiI6IjAycVlQVFwvU2g2RHgzUVlmU3hISWlBPT0iLCJ2YWx1ZSI6ImFxU1ZINlppWkNITkFDMWFpNVwvTFhnPT0iLCJtYWMiOiJjODJlZjYyMGEwOWY0ZjM2ODhiZDA1NzU0NTc5YzE0ZmNmY2QzMmVlYTUxODY5ZTVlMWJiODc5NDMyYmNjMjViIn0=,,F001812,男女共用トイレあり | 調査日=2019-09-01,
45,宮崎県,45206,日向市,,福丸縁（指定就労支援Ｂ型事業所）,,,883-0062,日向市大字日知屋3389-48,32.429643,131.652051,https://ja-jp.facebook.com/pages/%E7%A6%8F%E4%B8%B8%E7%B8%81/243975315729710,yes,,店舗奥のスタッフルーム近く,,,,yes,,,,yes,,,,,,,,,,,,,,,,,,multipurpose_toilet,みやざきアクセシビリティ情報マップ,https://m-bfree.pref.miyazaki.lg.jp/a_map/public/facilityAround/eyJpdiI6Ik9tZldTUTVhdHBEaDJsRHVOVHRsNlE9PSIsInZhbHVlIjoiXC9GNkVwUTdEdDJKa3YwZmxcL2RyeWl3PT0iLCJtYWMiOiJiM2Q2ZjA0NGU3MjEwODJhN2U3YTQ1YTQxMGMwMDc4NmVmMDk3Mzk5MDFkY2E2MmM0MDQ0ODcxMzU1OWIwMDhkIn0=,,F002428,男女共用トイレあり | 調査日=2019-12-14,・多目的トイレまでの通路幅81cm / ・手すりが二つある(L字、跳ね上げ） / ・手洗い場は床から61cm
45,宮崎県,45204,日南市,,ふさやす歯科医院,,,887-0012,日南市園田2-9-11,31.5904509,131.4018221,,yes,,１階,,,,,,,,,,,,,,,,,,,,,,,,,,multipurpose_toilet,みやざきアクセシビリティ情報マップ,https://m-bfree.pref.miyazaki.lg.jp/a_map/public/facilityAround/eyJpdiI6ImZaeEYwYTFvYlZqWWI5T3ZQSGo1S0E9PSIsInZhbHVlIjoiZFwvaTRJYTNKcnNDem9Pb0VNSG9RYUE9PSIsIm1hYyI6IjA2MThiYmYzMTY5NmQ3YmIzNTg5ZWY5YTZmOTQxNTFkZjAxMWMyNjE3ZTk3NGNlMjg5NDcwZjc3MTgzZDRiNjMifQ==,,F001601,男女共用トイレあり | 緊急通報装置あり | 調査日=2002-09-05,
45,宮崎県,45201,宮崎市,,医療法人社団誠和会 藤木病院,,,880-2112,宮崎市大字小松2988番地,31.9284487,131.3855334,www.fujiki-hp.com/,yes,,１階,,,,,,,,,,,,,,,,,,,,,,,,,,multipurpose_toilet,みやざきアクセシビリティ情報マップ,https://m-bfree.pref.miyazaki.lg.jp/a_map/public/facilityAround/eyJpdiI6IllZRkt0clRIZVp5UElGbHE2emRmcXc9PSIsInZhbHVlIjoiVG1FSnhIdjhQdTVVSVdZMFgxM1gwZz09IiwibWFjIjoiYjk2YmFkMDJiMzI4YjY1ZWFlNGMwZmQ2ZjAzZGMwMmYwMmRlNjE0NmE1YzllOWRjYWI5ZTU3NjNlNDA3YTEwNCJ9,,F001181,男女共用トイレあり | 緊急通報装置あり | 調査日=2013-09-04,
45,宮崎県,45406,都農町,,藤見公園,,,889-1201,都農町大字川北11798,32.2672056,131.5564412,https://www.tsunoesc.com/fujimi/,yes,,陸上競技場前駐車場東側 / 野球場前駐車場西側,,,,yes,,,,,,,,,,,,,,,,,,,,,,multipurpose_toilet,みやざきアクセシビリティ情報マップ,https://m-bfree.pref.miyazaki.lg.jp/a_map/public/facilityAround/eyJpdiI6IjF3eThOUU43bndnTlRqb0tJaXQ1UVE9PSIsInZhbHVlIjoiaXBUbjNCbm1OeklvaWtBMlJtMnczUT09IiwibWFjIjoiODI5NDg0MzUzNzdkOTU2ZmI3N2M4MzkwMGZjYmY1N2JhZWZiZjlmNDg0Zjg4NTRkNTkyZTVkZDQ2ZjBjNjBhNyJ9,,F002091,男女共用トイレあり | 緊急通報装置あり | 調査日=2023-02-14,
45,宮崎県,45202,都城市,,藤元上町病院,,,885-0072,都城市上町10街区24号,31.724418,131.064524,http://www.shizuokai.or.jp/,yes,,１階,,,,yes,,,,,,,,,,,,,,,,,,,,,,multipurpose_toilet,みやざきアクセシビリティ情報マップ,https://m-bfree.pref.miyazaki.lg.jp/a_map/public/facilityAround/eyJpdiI6IkxleWF4NkcrU3NSUk1wWU5KUHZkOGc9PSIsInZhbHVlIjoiMkNubndnaHIxR2xLaUp1UHpBelwvWWc9PSIsIm1hYyI6ImZlOWQzMTZlNzMxMDI5NjExYjRiNjJlMWExNzZiNTQ2MzBmYTI1NmViMGMyMDc3YjY2MWRmNjZiZmFhYWIxNWMifQ==,,F000253,男女共用トイレあり | 緊急通報装置あり | 調査日=2002-09-05,
45,宮崎県,45201,宮崎市,,藤元中央病院,,,880-0941,宮崎市北川内町乱橋3584番地1,31.9056249,131.3936701,http://www.fujimoto.or.jp/central/,yes,,１階,,,,yes,,,,,,,,,,,,,,,,,,,,,,multipurpose_toilet,みやざきアクセシビリティ情報マップ,https://m-bfree.pref.miyazaki.lg.jp/a_map/public/facilityAround/eyJpdiI6IkJMOGtEQjRSUEhndGg3S2tLXC96WVwvUT09IiwidmFsdWUiOiJscTZ1M2ZkUm5FTWZXcXVab0V5dzd3PT0iLCJtYWMiOiJjODQzODc3NTA3ZDZhOWFjNTY2NmY3NTRiMTI4YzE1NjQ0ZmRhMTQ1ZTgxZjE4MDljNTcwZjYyOTI0MTBlMWEyIn0=,,F001794,男女共用トイレあり | 緊急通報装置あり | 調査日=2013-09-13,
45,宮崎県,45202,都城市,,藤元病院,,,885-0055,都城市早鈴町17-4,31.717933,131.0662699,http://www.fujimoto.or.jp/fujimoto/,yes,,１階 / ２階,,,,yes,,,,,,,,,,,,,,,,,,,,,,multipurpose_toilet,みやざきアクセシビリティ情報マップ,https://m-bfree.pref.miyazaki.lg.jp/a_map/public/facilityAround/eyJpdiI6IkFKRzBiQ1FXVG1aMXFwR0dTVXViQkE9PSIsInZhbHVlIjoid1N5RzdVeXVKcjdGSHRPclwvMDFSaHc9PSIsIm1hYyI6IjFjNDM1ZjlmOWUxZDEyNjgwMjgyMzY0NGJiZWI0ZGU1MGNlODQ3ZjI3NGFiMzJmZDUyY2FiMjUyYzMzZTExMzEifQ==,,F000179,男女共用トイレあり | 緊急通報装置あり | 調査日=2019-11-25,
45,宮崎県,45201,宮崎市,,二葉街区公園トイレ,,,880-0021,宮崎市清水1丁目114-1,31.9207549,131.421853,,yes,,,,,,,,,,yes,,,,,,,,,,,,,,,,,,multipurpose_toilet,みやざきアクセシビリティ情報マップ,https://m-bfree.pref.miyazaki.lg.jp/a_map/public/facilityAround/eyJpdiI6InBOOXgwb3lvZ2tucksxUkJDeHpDNXc9PSIsInZhbHVlIjoiMzdPY3ZnUDRjWURxRHNEVmZpaFZ2QT09IiwibWFjIjoiYjIxMTcwYmNiYzk0MDkzNGY1MGMyYTYxMGFkODExNDU5M2M1ZGQ5YThiNTM2ZTk2ODhlMjgzZTBlNzNiZDgwZiJ9,,F001940,男女共用トイレあり | 緊急通報装置あり | 調査日=2019-12-09,
45,宮崎県,45201,宮崎市,,二葉薬局 大島店,,,880-0824,宮崎市大島町原ノ前1445番223,31.93482,131.43776,,yes,,,,,,,,,,,,,,,,,,,,,,,,,,,,multipurpose_toilet,みやざきアクセシビリティ情報マップ,https://m-bfree.pref.miyazaki.lg.jp/a_map/public/facilityAround/eyJpdiI6ImhWSVdLeEt2MitudG51WEhmU3ZtRVE9PSIsInZhbHVlIjoiMEdST3dYclN1bWpsVlVpRWRwZDdQZz09IiwibWFjIjoiOWUwODdkODRmZjRmOTRiOWU3NmM2YzA3M2FiZGZiNmFhYTRhNTUwMDJmYjNmMmY4MzVjYzFhZjg0N2I5MjVkOSJ9,,F002554,調査日=2022-01-06,
45,宮崎県,45201,宮崎市,,二葉薬局 本郷,,,880-0921,宮崎市大字本郷南方2545-4,31.8512595,131.4334497,http://futaba-gr.co.jp/publics/index/118/,yes,,,,,,,,,,,,,,,,,,,,,,,,,,,,multipurpose_toilet,みやざきアクセシビリティ情報マップ,https://m-bfree.pref.miyazaki.lg.jp/a_map/public/facilityAround/eyJpdiI6IkwrNWhNRnFja0E5cW5oczcrTzRSZmc9PSIsInZhbHVlIjoiM1kzM1Npc05KRlVncXFCQmpGQkhJUT09IiwibWFjIjoiOTk3NjZkM2NkMjQyZGJiMmJhZTA3YTU1YmM5NmFkM2Y5ZWI2ZmRhMjg3OWQxMDA3OThlZjg5OGUyYjUwYTE1ZSJ9,,F001896,男女共用トイレあり,
45,宮崎県,45201,宮崎市,,ブライトハウス住吉,,,880-0121,宮崎市大字島之内字伊鈴山10243番地3,31.974737,131.461733,http://www.seiju-kai.jp/,yes,,,,,,,,,,,,,,,,,,,,,,,,,,,,multipurpose_toilet,みやざきアクセシビリティ情報マップ,https://m-bfree.pref.miyazaki.lg.jp/a_map/public/facilityAround/eyJpdiI6ImRtUlRsU2g0XC9FZXVSdXlCRHcweUlRPT0iLCJ2YWx1ZSI6Iko3OVdRcGNkNFNvSDgrRCs4UGQ4Qmc9PSIsIm1hYyI6IjlmMTM3NmM3ZWZiMTRlNzA0MjAyZDk4NjEwZDY4ZDg0NjE2N2Y2OGMwMjJmMjk3NzQxYzJiZDE0NTE0NmUzOGMifQ==,,F000559,男女共用トイレあり,
45,宮崎県,45201,宮崎市,,フラワーショップ花ビラ,,,880-0824,宮崎市大島町原ノ前1455-202,31.9349937,131.4393741,http://www.hana-villa.com/,yes,,,,,,,,,,,,,,,,,,,,,,,,,,,,multipurpose_toilet,みやざきアクセシビリティ情報マップ,https://m-bfree.pref.miyazaki.lg.jp/a_map/public/facilityAround/eyJpdiI6IkY1QU4yTmV4eDFkZUx1Q2V0NU9vWEE9PSIsInZhbHVlIjoiK1NxVkxjY05WOTh4b0t6Y1dHbllJdz09IiwibWFjIjoiNTYwYjQ2ODVlYzVmM2U0NDMyYjM4MGY4NjRmMmIwMjczNDA1ODU4N2NiZGViZGIzODI4NTU2MTgzMWI3OTZjMyJ9,,F000966,男女共用トイレあり | 調査日=2019-11-13,
45,宮崎県,45208,西都市,,プリエール西都秋桜,,,881-0003,西都市右松3丁目18番地,32.1017682,131.4056959,http://www.ja-saito.or.jp/prieresaito.php,yes,,,,,,,,,,,,,,,,,,,,,,,,,,,,multipurpose_toilet,みやざきアクセシビリティ情報マップ,https://m-bfree.pref.miyazaki.lg.jp/a_map/public/facilityAround/eyJpdiI6IkZoMHpPR3hQdjkwMFNcL3VaSGtSV3BBPT0iLCJ2YWx1ZSI6ImsxNjJPYmNzbzQwcFVwYVpzNGU0M3c9PSIsIm1hYyI6IjBlZDg0MThlOGNhMDIzODE2OGZlM2U1MWQ2ZDZmOWNiYTc2YmUwZDYyY2U1N2JlNWU5Mzg1ODgwOGRjMjljN2YifQ==,,F000063,男女共用トイレあり,
45,宮崎県,45201,宮崎市,,プリエール宮崎佐土原の杜,,,880-0303,宮崎市佐土原町東上那珂15936-1,32.0297675,131.4292785,http://www.priere-group.jp/hall03.html,yes,,,,,,,,,,,,,,,,,,,,,,,,,,,,multipurpose_toilet,みやざきアクセシビリティ情報マップ,https://m-bfree.pref.miyazaki.lg.jp/a_map/public/facilityAround/eyJpdiI6Ild2REtuOEFNK2tiOUVrWU9xcXVqRmc9PSIsInZhbHVlIjoiZnYrWklNcHVVZ2FyTVFYZ2dienY5UT09IiwibWFjIjoiZmViZTViZDVmMThhNGM2OTllZGVhZmFlOWY3MzhjNjg3ZGFlMDE1YWE3Nzk2NWM1YjI3MWM4YjZlMDNhNjliZCJ9,,F001771,男女共用トイレあり,
45,宮崎県,45203,延岡市,,古江港直海公園,,,889-0302,延岡市北浦町市振直海,32.722814,131.8536928,,yes,,,,,,yes,,,,,,,,,,,,,,,,,,,,,,multipurpose_toilet,みやざきアクセシビリティ情報マップ,https://m-bfree.pref.miyazaki.lg.jp/a_map/public/facilityAround/eyJpdiI6InVIejI0aTdPQmJqOUFJd25Rb0M1OUE9PSIsInZhbHVlIjoiMU9JNytwblhuNEtwWk1uTEFZOGlmZz09IiwibWFjIjoiOWI4NmMyMTliN2EzMjZkY2Y5ZWFiNTgxMjU4YjgzNGVlMmI3N2U2Yzk4ZjExYjEwYzJmY2UzMGFlZjFiYzQwNyJ9,,F001928,男女共用トイレあり | 調査日=2019-12-16,
45,宮崎県,45201,宮崎市,,古城認定こども園,,,880-0931,宮崎市古城町山ノ城5604,31.8938952,131.3887718,http://www.ans.co.jp/n/mfurujyou/,yes,,,,,,,,,,,,,,,,,,,,,,,,,,,,multipurpose_toilet,みやざきアクセシビリティ情報マップ,https://m-bfree.pref.miyazaki.lg.jp/a_map/public/facilityAround/eyJpdiI6IllNNVYzSXpWRVNXMFhnVWRWQlgzWVE9PSIsInZhbHVlIjoiTWx2a0FoRnFndmZySkZ1UCtFWkVjZz09IiwibWFjIjoiMWQ4NGRjNTJhOWQ5MWFjYTkwNTMwYjE1ZDIxZWQxMTZlZjdjNWQ5MTIyOTNiZmQxNmMzOWM1ZjU2NjIwYmFhMCJ9,,F001769,男女共用トイレあり,
45,宮崎県,45201,宮崎市,,株式会社ふれあいケアセンター,,,880-0121,宮崎市大字島之内9706-4,31.9893859,131.4591178,,yes,,,,,,yes,,,,,,,,,,,,,,,,,,,,,,multipurpose_toilet,みやざきアクセシビリティ情報マップ,https://m-bfree.pref.miyazaki.lg.jp/a_map/public/facilityAround/eyJpdiI6IkE4N25cL0YrUUhmVEtQTTNvYXNMOEZnPT0iLCJ2YWx1ZSI6InV1SVwvUGxGNTNzZHprNWJIbnh4RVB3PT0iLCJtYWMiOiI0ZmE4ZTdkMTBhZGRjZDI5MWYzYzAzYmQ5NjBjYmI5MDQ2ZDRkZDYwNDgxN2U5ZmJmNjNiODM4MzQwOWNmMzhkIn0=,,F000363,男女共用トイレあり | 緊急通報装置あり | 調査日=2019-11-07,
45,宮崎県,45201,宮崎市,,プレジール迎賓館,,,880-0879,宮崎市宮崎駅東2丁目7-1,31.9170195,131.4334909,http://www.ikk-wed.jp/ps/,yes,,,,,,,,,,,,,,,,,,,,,,,,,,,,multipurpose_toilet,みやざきアクセシビリティ情報マップ,https://m-bfree.pref.miyazaki.lg.jp/a_map/public/facilityAround/eyJpdiI6IlFhTWQ1ZlNCNkpSckg1NEhON082NHc9PSIsInZhbHVlIjoiMVdkSG5TQitzeWlyZ2gzN2dRcFh3Zz09IiwibWFjIjoiNzg3ODVlZmRkYmU3MmU0NGNkY2UwZGEwZGRhMGM3ZjFhYTE1NDQwMGUyOWU1YzA4MTdjNDdlYjkyZWUwMzIzMyJ9,,F000181,男女共用トイレあり,
45,宮崎県,45203,延岡市,,ブレストピアクリニック延岡,,,882-0836,延岡市恒富町4丁目26,32.5669644,131.6652026,http://www.breastopia.or.jp/,yes,,１階,,,,yes,,,,,,,,,,,,,,,,,,,,,,multipurpose_toilet,みやざきアクセシビリティ情報マップ,https://m-bfree.pref.miyazaki.lg.jp/a_map/public/facilityAround/eyJpdiI6IlVoYW1IWmtFRE04QTk1OW5PRWgxMGc9PSIsInZhbHVlIjoiU0I2djd3VGE2QWNZVllcL0FQZGdVMnc9PSIsIm1hYyI6IjAyOTBmY2Y2ZmQ0ZjU3ZmQ0OWM2ZTI0MzlmM2JmNDgwZGQ0MTg1NDJlZjg5NjIxMThkODhiY2NlODIwNmMyYTMifQ==,,F001774,男女共用トイレあり | 緊急通報装置あり | 調査日=2019-11-12,
45,宮崎県,45201,宮崎市,,フローランテ宮崎,,,880-0836,宮崎市山崎町浜山414-16,31.9544793,131.4659317,http://www.florante.or.jp/,yes,,案内所1階 / 建物右側1階 / ガ－デンハウス横1階 / 南ゲ－ト横屋外 / 建物南外側1階 / 市民花園,,,,yes,yes,,,yes,yes,,,,,,,,,,,,,,,,,multipurpose_toilet,みやざきアクセシビリティ情報マップ,https://m-bfree.pref.miyazaki.lg.jp/a_map/public/facilityAround/eyJpdiI6IlJwWUozWjJOeUN6SUtLWnU3amxMcFE9PSIsInZhbHVlIjoibWVlN2tTMHdUY0l3citCcjBITXU1Zz09IiwibWFjIjoiYjhhOTAyZTUxODhkN2Y1Njk0Y2Y4NzRiNzZiOGExOTcxZGFlNWZjNjY3NjJhN2ZkOGU2NDdlOGExNDBmYTVjMSJ9,,F000864,男女共用トイレあり | 緊急通報装置あり | 調査日=2019-11-12,
45,宮崎県,45201,宮崎市,,HAIR BRAND An,,,880-0805,宮崎市橘通東2丁目6-6,31.9128441,131.423535,,yes,,,,,,yes,,,,,,,,,,,,,,,,,,,,,,multipurpose_toilet,みやざきアクセシビリティ情報マップ,https://m-bfree.pref.miyazaki.lg.jp/a_map/public/facilityAround/eyJpdiI6ImptVFpxREdLcGc2aVdxSHdiRXdOdUE9PSIsInZhbHVlIjoiTGxHcnVtSU9aSFZUSVZQdHVLZGZqdz09IiwibWFjIjoiOTliNTMyMjFkMDE2NWNhNzQ2YTFkZmE2YzgyYmJiZjMxMmYzZDRkZmFlMzQ1MDlhY2IyZGI0ZjU5NDc4NWVmNSJ9,,F000206,男女共用トイレあり | 調査日=2019-11-07,
45,宮崎県,45201,宮崎市,,ヘアースペース DEP,,,880-0929,宮崎市まなび野2丁目37－7,31.8603598,131.4203079,,yes,,,,,,,,,,,,,,,,,,,,,,,,,,,,multipurpose_toilet,みやざきアクセシビリティ情報マップ,https://m-bfree.pref.miyazaki.lg.jp/a_map/public/facilityAround/eyJpdiI6InVjQU8yQXA1aUJSUDdsTTF5VFFsUnc9PSIsInZhbHVlIjoibXNzcE9raWIzNk9GN0s2b25cLzlDY3c9PSIsIm1hYyI6IjFlZjliZmU2NzM1MDAyNDUwMjQ5NzFkOGY3MDQzODViMGQzMGIyYmYwNGVkMmQ4YWQ1YmMzM2UzZTdkMDVlNjgifQ==,,F000591,男女共用トイレあり,
45,宮崎県,45201,宮崎市,,HAIR&MAKE MORI MORI CLUB,,,880-0022,宮崎市大橋1丁目159－1 ごとうビル1Ｆ,31.9208383,131.4159507,,yes,,,,,,,,,,,,,,,,,,,,,,,,,,,,multipurpose_toilet,みやざきアクセシビリティ情報マップ,https://m-bfree.pref.miyazaki.lg.jp/a_map/public/facilityAround/eyJpdiI6Ik1VVU9cL3k4Mzhpamt3eVZ5bU43eTRRPT0iLCJ2YWx1ZSI6IkRJSnRQdDVoM05IODJEN1RjdGtva3c9PSIsIm1hYyI6Ijg5ZGU2NTIwZWJjMTg5NjdiMzIyNDJkMGVmZDRiNjUzZmM3ZjJkNGRjZjBiMjU3M2FlNzc4NzE2MTc0NjM1MGEifQ==,,F000008,男女共用トイレあり | 調査日=2007-05-16,
45,宮崎県,45201,宮崎市,,Hair Salon AYA京園,,,880-0951,宮崎市大塚町京園3107-3,31.9124606,131.3993071,,yes,,,,,,,,yes,,,,,,,,,,,,,,,,,,,,multipurpose_toilet,みやざきアクセシビリティ情報マップ,https://m-bfree.pref.miyazaki.lg.jp/a_map/public/facilityAround/eyJpdiI6InhjVFhTK2JRcDFiSnAxcjRjeDR1cGc9PSIsInZhbHVlIjoiTnp0NjZQaEthN3F3OXRcLzhLY3BQMlE9PSIsIm1hYyI6ImJmMTU2M2EzMjkzODU4ZGJmZWFkMmFiZWIxYzNhYTdlMWYwNThlZTEzYjgwNGYwNjY2YWZjM2VhMWZjNDIwZTkifQ==,,F000098,男女共用トイレあり | 調査日=2009-11-18,
45,宮崎県,45201,宮崎市,,平家の郷 新別府店,,,880-0834,宮崎市新別府町土田540-1,31.92709,131.45405,http://www.heikenosato.jp/index.html,yes,,外扉（自動ドア）入ってすぐ左手,,,,yes,,,,yes,,,,,,,,,,,,,,,,,,multipurpose_toilet,みやざきアクセシビリティ情報マップ,https://m-bfree.pref.miyazaki.lg.jp/a_map/public/facilityAround/eyJpdiI6IlJpMGkzdGxHTzd5S1hnM09YQmh4amc9PSIsInZhbHVlIjoieEtzaVUxWTNrVHZJOUR1alRmRGhNdz09IiwibWFjIjoiZTgzZTUzMmY2YTdkOTY5MjAzMGYxNjQ4ZjYwMTU1YTM3NWY4ODYyMWQ5ZjYwOTliZmY3OTBlYzNhOWJiZjYxYiJ9,,F002476,男女共用トイレあり | 調査日=2020-03-17,
45,宮崎県,45202,都城市,,平家の郷(青井岳温泉),,,889-1803,都城市山之口町大字山之口2123,31.8292106,131.2240394,https://aoidake.com/,yes,,青井岳温泉１階,,,,yes,,,,yes,,,,,,,,,,,,,,,,,,multipurpose_toilet,みやざきアクセシビリティ情報マップ,https://m-bfree.pref.miyazaki.lg.jp/a_map/public/facilityAround/eyJpdiI6IngyUXQ3M2d3cWp0U1wvUkRsT085NTh3PT0iLCJ2YWx1ZSI6IlhsbUhtSFNmZmZTcVdmMlJlMnA0XC9nPT0iLCJtYWMiOiJmOWQ2ZDBmNTBjNTFkMmQ3NjYwZmZiNDYyNGRhOTc4ODVmZDgzMTg1MWVlNGFmNjhiZjk0MDU1ZDdhYjM4NThmIn0=,,F002879,男女共用トイレあり | 緊急通報装置あり | 調査日=2025-11-21,
45,宮崎県,45201,宮崎市,,平和が丘児童センター,,,880-0041,宮崎市池内町陳ノ平594-5,31.95391,131.4161104,,yes,,,,,,,,,,,,,,,,,,,,,,,,,,,,multipurpose_toilet,みやざきアクセシビリティ情報マップ,https://m-bfree.pref.miyazaki.lg.jp/a_map/public/facilityAround/eyJpdiI6IkxOaDdSQ0taYW80dkhaR3B4Z3VTWHc9PSIsInZhbHVlIjoicUtXSkdGT2h6cVhBRGVYTU1hR2tEZz09IiwibWFjIjoiMDJhMzI4YzM1Njk3MWNiYzcxMGQ2Y2NmYTExNTE0NjI4OGMyMjdlZWI0OWYzMzE0ZDM0NjdlZGRkYTlkMjI0MSJ9,,F001545,男女共用トイレあり | 調査日=2014-03-20,
45,宮崎県,45201,宮崎市,,平和台公園,,,880-0035,宮崎市下北方町越ヶ迫6146,31.9469798,131.4160124,http://h.park-miyazaki.jp/,yes,,屋外（アスレチック広場） / 第2駐車場内 / 第1駐車場内 / 屋外（池畔広場） / 第3駐車場 公園の入口 / レストランハウス１階,,,,yes,,,,yes,,,,,,,,,,,,,,,,,,multipurpose_toilet,みやざきアクセシビリティ情報マップ,https://m-bfree.pref.miyazaki.lg.jp/a_map/public/facilityAround/eyJpdiI6Ik8rOGY3blh5SWFvWThoYmxHYTJaVkE9PSIsInZhbHVlIjoieE9kSTN2SG9RUXFpbDV4Y0F1V0xTQT09IiwibWFjIjoiZmEzODJkODdmY2RmNzQ4ZDM0ZDM3YWYzMTg3OWI4MTY5NjUyNWI4ZWRiNDJiNGFkNWYzNmQ0NGYwYTdhNWZhMSJ9,,F000313,男女共用トイレあり | 緊急通報装置あり | 調査日=2024-12-04,・時々、サルが出る
45,宮崎県,45201,宮崎市,,平和台病院,,,880-0034,宮崎市矢の先町150－1,31.9391394,131.4134111,http://www.heiwadai.or.jp,yes,,,,,,yes,,yes,,yes,yes,,,,,,,,,,,,,,,,,multipurpose_toilet,みやざきアクセシビリティ情報マップ,https://m-bfree.pref.miyazaki.lg.jp/a_map/public/facilityAround/eyJpdiI6InpOcXFGdU9JN2RjbzQ2aWJTekVSOEE9PSIsInZhbHVlIjoiTUI3K1wvYlwvT3NHQStRQUFFYmpaV3NnPT0iLCJtYWMiOiI4ZmZjMDRiN2YwMzc4YWM2MDFiY2M1ZTVkZjc3NWM5MjIyZmExNzgwNDM5MmI4Y2JlZjQxYTk1ZjkzZDUyNDRiIn0=,,F001374,男女共用トイレあり | 調査日=2019-11-20,
45,宮崎県,45201,宮崎市,,学校法人萌育学園 平和幼稚園,,,880-0013,宮崎市松橋1丁目17-26,31.9103323,131.416309,https://www.heiwa-youchien.jp/,yes,,,,,,,,,,,,,,,,,,,,,,,,,,,,multipurpose_toilet,みやざきアクセシビリティ情報マップ,https://m-bfree.pref.miyazaki.lg.jp/a_map/public/facilityAround/eyJpdiI6Inpmb09rdHBTQzd4VHV0MlVlZ1wvWkdBPT0iLCJ2YWx1ZSI6IlBsUHlXSldZODdQdVwvUVRkVFhublFBPT0iLCJtYWMiOiJkYjQzMjIxNzFjODk0MWRmNGYxYjRlODBkNWVmMzFlMmVmMGI5N2Q5YjRhZjA2MTRkZWNkMjRkODFhZTczM2MwIn0=,,F000811,男女共用トイレあり,
45,宮崎県,45201,宮崎市,,ヘパトピア西高台内科,,,880-0941,宮崎市北川内町乱橋3608-11,31.9041613,131.3912657,,yes,,１階,,,,yes,,,,,,,,,,,,,,,,,,,,,,multipurpose_toilet,みやざきアクセシビリティ情報マップ,https://m-bfree.pref.miyazaki.lg.jp/a_map/public/facilityAround/eyJpdiI6ImtUNGlqQ3ZXTjVPc2dKQjBXQ29rUHc9PSIsInZhbHVlIjoia0JwRXBGZGRpRSt0UGZPQ2FcL2lRb0E9PSIsIm1hYyI6ImNhYzE0NGRlN2Q0NDI2NWJhYTg1MGU2OGQwMGU2MjUyNzU4Njc1MTAyYzQxN2U1MTMzMTJiMjhkNjk1MDlkN2IifQ==,,F000714,男女共用トイレあり | 緊急通報装置あり | 調査日=2019-11-10,
45,宮崎県,45201,宮崎市,,ペペ,,,880-0834,宮崎市新別府町前浜1401－110,31.9263298,131.4599288,http://www.pepedepaella.shop/index.html,yes,,,,,,,,,,,,,,,,,,,,,,,,,,,,multipurpose_toilet,みやざきアクセシビリティ情報マップ,https://m-bfree.pref.miyazaki.lg.jp/a_map/public/facilityAround/eyJpdiI6ImI2Q09YcTBWTFZiOUtPU09XRzh1b3c9PSIsInZhbHVlIjoidjd4M0ozbVwvMFlia1BzUkhkOW9aekE9PSIsIm1hYyI6ImY4MjI1MzFmZDBlMjI5ZDc4YjhiZjdmNWE2MDRhNDAwMTU4NzQ3YmVjNTNlZThmODIxZGVhYTQ5NGI4ZGY0MmUifQ==,,F001266,男女共用トイレあり,
45,宮崎県,45203,延岡市,,ヘルストピア延岡,,,882-0854,延岡市長浜町3丁目1954番地2,32.5774431,131.696076,http://www.healthtopia.jp,yes,,１階 / ２階 / ３階（障がい者用お風呂に多目的トイレがあり、障がい者お風呂利用者以外の高齢者、障がい者が利用できる） / ４階 / 屋外 / １階（フロント手前）、オストメイト対応,,,,yes,,yes,,yes,yes,,,,,,,,,,,,,,,,,multipurpose_toilet,みやざきアクセシビリティ情報マップ,https://m-bfree.pref.miyazaki.lg.jp/a_map/public/facilityAround/eyJpdiI6ImZscFo2WUxLUEE1SEdQQUZzeVQwcHc9PSIsInZhbHVlIjoiMXZPcHNpZEtSYStJemEyRk14TDhqQT09IiwibWFjIjoiNzFjMmVmZTllYTk4MTQ3ZGM3ZWM0OGI1Nzg0MjkzMzY0MDNmM2EwMGVmM2QxNGZmNDhkNDkyYThmMWRhOGNkNCJ9,,F001668,男女共用トイレあり | 緊急通報装置あり | 調査日=2019-11-26,
45,宮崎県,45201,宮崎市,,Hair create.SAI,,,880-0032,宮崎市霧島2丁目1,31.9278817,131.4160703,,yes,,,,,,,,,,,,,,,,,,,,,,,,,,,,multipurpose_toilet,みやざきアクセシビリティ情報マップ,https://m-bfree.pref.miyazaki.lg.jp/a_map/public/facilityAround/eyJpdiI6ImN5RjVSSzJDdUNUekpORnZsVkRFdkE9PSIsInZhbHVlIjoiSnFsMFhkeTFWN0ZaSmgxbEhIcTJWUT09IiwibWFjIjoiYjVjODFhMTU1MGNmZmEwNWZjYTdjZTgyNWZmZWZjZDE4NmQxZWI5ZTVkYmExODFmZjNkZjEyZTRmNGFjNjhlYiJ9,,F000272,男女共用トイレあり | 調査日=2010-09-02,
45,宮崎県,45202,都城市,,ホームプラザナフコ南都城店,,,885-0064,都城市今町7749－1,31.6819971,131.0323244,,yes,,,,,,,,yes,,,,,,,,,,,,,,,,,,,,multipurpose_toilet,みやざきアクセシビリティ情報マップ,https://m-bfree.pref.miyazaki.lg.jp/a_map/public/facilityAround/eyJpdiI6IlFhSVBGWGJRUGJQUGRuRzhyKytWSHc9PSIsInZhbHVlIjoiaUxUT3JHQ0hmaXZVdzNiXC9cLzV0VEpRPT0iLCJtYWMiOiJiYmU3OTFiNGVlYjU0ZTZjZGIwNzU4ODYzMTRlZDhkMmQzYmJiMjNkYjU5OWZlMDQ2NDU0M2FiNzgyODYzMDM5In0=,,F000445,男女共用トイレあり | 調査日=2009-11-19,
45,宮崎県,45201,宮崎市,,ホームプラザナフコ清武店,,,889-1063,宮崎市清武町正手2丁目37 他,31.860811,131.388896,https://www.nafco.life/hc/shop_list/3150/,yes,,,,,,,,yes,,,,,,,,,,,,,,,,,,,,multipurpose_toilet,みやざきアクセシビリティ情報マップ,https://m-bfree.pref.miyazaki.lg.jp/a_map/public/facilityAround/eyJpdiI6Ino4V1RQY1FhWE1mbG1GZFA5Rlg4YUE9PSIsInZhbHVlIjoiSWNTSDFyMW1SSTRrMUJqcWY5NWpxZz09IiwibWFjIjoiMGI3NmYyZGUxNDA4OTA2ZWI3YzA1ZmY3N2M0N2U1NWMxMDdhMjc3NmMyOThiMjY0ZTZlODU3NmIyMDUxMzViMCJ9,,F001279,男女共用トイレあり,
45,宮崎県,45201,宮崎市,,ホームプラザナフコ佐土原店（資材館）,,,880-0211,宮崎市佐土原町下田島9922番地,32.0261255,131.4789064,http://www.nafco.tv/stores/info/detail/112,yes,,,,,,,,,,,,,,,,,,,,,,,,,,,,multipurpose_toilet,みやざきアクセシビリティ情報マップ,https://m-bfree.pref.miyazaki.lg.jp/a_map/public/facilityAround/eyJpdiI6InY5WnJTRDNmdnc2a1wvSlNUVlcybjlBPT0iLCJ2YWx1ZSI6IkluZlZJbGdIRjZ3cktcL1lCVEVlaHd3PT0iLCJtYWMiOiI3NjBkZGY3OTQ1OTQ4Y2M3M2JmN2Y1NTg1NGYxM2QzZDk0MGY0NTViMzIzMTU2Yzg3NmExMjBlOGQ3NjY4NjZiIn0=,,F001737,男女共用トイレあり,
45,宮崎県,45401,高鍋町,,ホームプラザナフコ高鍋店,,,884-0002,高鍋町大字北高鍋4719番,32.127561,131.5230056,,yes,,１階,,,,,,,,,,,,,,,,,,,,,,,,,,multipurpose_toilet,みやざきアクセシビリティ情報マップ,https://m-bfree.pref.miyazaki.lg.jp/a_map/public/facilityAround/eyJpdiI6ImhyN0hRMTNPd0dyXC8zM0hldlFER0h3PT0iLCJ2YWx1ZSI6IlY3V3lMOW8rNWhOem5XajFYb1N3SVE9PSIsIm1hYyI6ImExMDg2ZGU2ZmQ1MTRjYzFiN2FiODA1ODRlZWQwZjE5NjJlNWNhN2Y1Y2Q1YWZiMzU4YjU5YzU2NjMwNGExNjEifQ==,,F000248,男女共用トイレあり | 緊急通報装置あり | 調査日=2019-11-08,
45,宮崎県,45401,高鍋町,,ホームワイド 高鍋店,,,884-0002,高鍋町大字北高鍋2100-45,32.1199909,131.51776,,yes,,１階,,,,yes,,,,,,,,,,,,,,,,,,,,,,multipurpose_toilet,みやざきアクセシビリティ情報マップ,https://m-bfree.pref.miyazaki.lg.jp/a_map/public/facilityAround/eyJpdiI6IlNSNzZsTHRnQWl6dGNSTzBPbTI5amc9PSIsInZhbHVlIjoidERjUFljQmFaMitPY2ZPNFdtTmY1Zz09IiwibWFjIjoiYjRjMTNlMDJmODk3YTc4MDg3NzFkZTYwYmQ0ZmQ0NTdmYjM4MTQxNzFlYTIwZDhiODczM2RlMTJjZjhkODlhYyJ9,,F000244,男女共用トイレあり | 緊急通報装置あり | 調査日=2006-02-23,
45,宮崎県,45203,延岡市,,方財海浜公園,,,882-0853,延岡市方財町37-1-21,32.58658657844786,131.70755218050783,,yes,,屋外,,,,,,,,,,,,,,,,,,,,,,,,,,multipurpose_toilet,みやざきアクセシビリティ情報マップ,https://m-bfree.pref.miyazaki.lg.jp/a_map/public/facilityAround/eyJpdiI6Im4ySlRvXC9hblwvSlB1V01iRTgySDM4UT09IiwidmFsdWUiOiJBNG54SEU5Wmxsczhxekhpc2JPTDZ3PT0iLCJtYWMiOiI3NWU1OTU2NzBiOWE4YTM3ZGUwZTI2MDM2ZTQ4MTFhNDViMjM2NDI5N2YyNDlhNDhkZDljNGM0YjgxMGIyNzYxIn0=,,F002066,男女別トイレあり | 緊急通報装置あり | 調査日=2002-09-24,
45,宮崎県,45203,延岡市,,ほうしやま子どもクリニック,,,882-0826,延岡市船倉町1-1-7,32.5825881,131.6696615,,yes,,,,,,yes,,,,yes,yes,,,,,,,,,,,,,,,,,multipurpose_toilet,みやざきアクセシビリティ情報マップ,https://m-bfree.pref.miyazaki.lg.jp/a_map/public/facilityAround/eyJpdiI6IkJ0Wjd4QW1FTzhjXC9HRmRDMlpZNTdRPT0iLCJ2YWx1ZSI6IkNxdmh3WDY4R0NUNWZPVjVoN2w4dWc9PSIsIm1hYyI6ImQ0MTYyZmE5Mzk2OGI1MGExZTllZjIyMTVhMjFhNjM1MDRiNTczZjJkYmI3M2ZhN2IxODRiMDYyODlmNzhmNGQifQ==,,F001341,男女共用トイレあり | 調査日=2019-11-12,
45,宮崎県,45206,日向市,,放送大学宮崎学習センター,,,883-8510,日向市本町11番11号(日向市役所北隣),32.423911,131.624001,https://www.sc.ouj.ac.jp/center/miyazaki/,yes,,１階,,,,yes,,,,,,,,,,,,,,,,,,,,,,multipurpose_toilet,みやざきアクセシビリティ情報マップ,https://m-bfree.pref.miyazaki.lg.jp/a_map/public/facilityAround/eyJpdiI6IjQ1U1FvRzd4T0thMDhWRXRFS2JnTGc9PSIsInZhbHVlIjoiYnhuOG5IMHl3dkVxNlZ4ck40VEZMUT09IiwibWFjIjoiZDI4ZTgwNDY3NjZmNWQ2OTdiZjBhNDEzOWE4OGRkZDhhNzQ1MDk3MmU3NjI0Nzg4ZjY5NWQyOGY1ZGEzOTQ1NiJ9,,F000907,男女共用トイレあり | 緊急通報装置あり | 調査日=2019-11-12,
45,宮崎県,45203,延岡市,,祝子川温泉 美人の湯,,,882-0097,延岡市北川町川内名10358-10,32.7310871,131.5614984,https://ja-jp.facebook.com/mt.ookue/,yes,,,,,,,,,,,,,,,,,,,,,,,,,,,,multipurpose_toilet,みやざきアクセシビリティ情報マップ,https://m-bfree.pref.miyazaki.lg.jp/a_map/public/facilityAround/eyJpdiI6IjJKYzNQMTRjT1VaZ2FTMHFkbDFmRlE9PSIsInZhbHVlIjoieDB1YmhYdTNUWTBCUUlDcnNEMThpQT09IiwibWFjIjoiZTY3NmViOTVmN2JiNzkwN2FhNTliZTdlZDMyOTQ2ZTdmYjNkNjI5ZDg0MGVmNjQyODhiNGRhMzMwZmQ1ZGQ4OSJ9,,F001150,男女共用トイレあり | 調査日=2013-09-01,
45,宮崎県,45206,日向市,,牧水公園,,,883-0211,日向市東郷町坪谷1267,32.361194,131.463233,https://www.bokusuipark.com/,yes,,テニスコートの下 / ちびっこ広場 / 若山牧水像の横,,,,,,,,,,,,,,,,,,,,,,,,,,multipurpose_toilet,みやざきアクセシビリティ情報マップ,https://m-bfree.pref.miyazaki.lg.jp/a_map/public/facilityAround/eyJpdiI6ImtQclh1RkVUZ1ZqNjhWYzg0cWh3Mnc9PSIsInZhbHVlIjoiTGFsU0V3RGFUWnVYNXF4K29MV3lWZz09IiwibWFjIjoiMDEwNzI1ZjY1NGUwYWMzOTVhYWZkMmJiMGY4ZmIzYTM0MTRlODZlOWFjYWZhMTc0MGI1OWEwZjE4NjNjYjQ0NSJ9,,F000491,男女共用トイレあり | 調査日=2025-01-31,
45,宮崎県,45201,宮崎市,,北部記念体育館,,,880-0024,宮崎市祇園1丁目77番地,31.9268827,131.4094662,,yes,,１階,,,,,,,,,,,,,,,,,,,,,,,,,,multipurpose_toilet,みやざきアクセシビリティ情報マップ,https://m-bfree.pref.miyazaki.lg.jp/a_map/public/facilityAround/eyJpdiI6InlSdFV2aGVWVzQweFRsTXF5WUk0S2c9PSIsInZhbHVlIjoiNzhSSlZxRWMxZFhUTmlyYmIrQ2JBQT09IiwibWFjIjoiNDViZTUwMTgzOTRjMDdmYjhmYzMwNzQzMGJkNzgyOWU4NjQ4ODc0ODFmM2E0NTBhODVhZTFlYzAzOTg5NjE4YiJ9,,F001119,男女共用トイレあり | 緊急通報装置あり,
45,宮崎県,45201,宮崎市,,星井眼科医院,,,880-0904,宮崎市中村東3丁目5番10号,31.8937964,131.4173374,http://hoshii.fujimoto.com/,yes,,,,,,,,,,,,,,,,,,,,,,,,,,,,multipurpose_toilet,みやざきアクセシビリティ情報マップ,https://m-bfree.pref.miyazaki.lg.jp/a_map/public/facilityAround/eyJpdiI6IldIUmR5VVdrOGw5KzB2MStDM3F1dEE9PSIsInZhbHVlIjoiVjNCM3hWZld0ZEZhcTBBNnB4NFhIZz09IiwibWFjIjoiOTMyZTc1ZjlhNGIzYTMzZGVlOGJmMWZjM2ZiODA5OTE5ZWY4ODE4Y2JkMGQ1ZWYyMTY2M2FlYjc4ODllZWQ2YyJ9,,F001076,男女共用トイレあり | 調査日=2013-09-12,
45,宮崎県,45201,宮崎市,,星乃珈琲店宮崎店,,,880-0835,宮崎市阿波岐原町竹割2217-3,31.93098,131.45451,,yes,,,,,,,,,,yes,,,,,,,,,,,,,,,,,,multipurpose_toilet,みやざきアクセシビリティ情報マップ,https://m-bfree.pref.miyazaki.lg.jp/a_map/public/facilityAround/eyJpdiI6IlRldTNiaUtRV0RIOEgwaHU1YnRYd1E9PSIsInZhbHVlIjoiT2k2a2hxSm9oWUJNOFMxZWRMbzM3QT09IiwibWFjIjoiOTM4MjM1MTcwYjc0YmE0YTI4NzMwN2E2YWFhMTFjZTM1ZTFkYzUwMWQ5ODE5MzUyZTRhMWY3OTdmZGEwNmZiYSJ9,,F002537,調査日=2022-01-06,
45,宮崎県,45206,日向市,,細島港みなとの森公園,,,883-0062,日向市大字日知屋字新開16847-1 細島港みなとの森公園,32.4357798,131.6435848,,yes,,公園東側,,,,,,,,,,,,,,,,,,,,,,,,,,multipurpose_toilet,みやざきアクセシビリティ情報マップ,https://m-bfree.pref.miyazaki.lg.jp/a_map/public/facilityAround/eyJpdiI6ImZVUjBEY04wbE5IXC9oWTBQR1cyUHpRPT0iLCJ2YWx1ZSI6IlJZc2YxbVdtamlcL0d6RXN5dHZmT3V3PT0iLCJtYWMiOiJmMTEwYTM0YzcwNTk3MTBiOWQ5NmZkOGIwYmMyYTZhZmQ0NjY5MzYxMjcxZDg5YzYxMTAyNjlhZjZhYTA1NjY0In0=,,F001957,男女共用トイレあり | 緊急通報装置あり | 調査日=2002-09-18,
45,宮崎県,45201,宮崎市,,ほっとすてーしょん翼（障害者支援施設翼）,,,880-2101,宮崎市大字跡江525番地,31.9522003,131.3869793,http://mahorobaweb.sakura.ne.jp/tubasa.html,yes,,,,,,yes,,,,,,,,,,,,,,,,,,,,,,multipurpose_toilet,みやざきアクセシビリティ情報マップ,https://m-bfree.pref.miyazaki.lg.jp/a_map/public/facilityAround/eyJpdiI6ImVOTFNqT1JrS2VITnNoS0paQWlGY2c9PSIsInZhbHVlIjoiY0VyeTdHblwveFhQUk1xZHZpTjNla1E9PSIsIm1hYyI6IjczYTNhNGQwNTI3ZWUxYzA0MjI0MjY1MDRlMzFkNWZkZDkwNmZmZjZkMDBmOWM0YjY0ZDg5NDMyODU0NjI3ZWMifQ==,,F000969,男女別トイレあり | 調査日=2020-03-14,
45,宮崎県,45201,宮崎市,,ホテル マリックス,,,880-0006,宮崎市千草町15-8,31.917198,131.4182462,http://www.hotel-marix.co.jp/,yes,,１階 / ２階,,,,yes,,yes,,yes,,,,,,,,,,,,,,,,,,multipurpose_toilet,みやざきアクセシビリティ情報マップ,https://m-bfree.pref.miyazaki.lg.jp/a_map/public/facilityAround/eyJpdiI6ImR6aVhYS3c0bVVDeXFyUXY0c0tEblE9PSIsInZhbHVlIjoiM2JrWnpndWZ2RjZoUW1QUTlUYlUzZz09IiwibWFjIjoiMTM1YWFiYzRiNDliMDFhNzQxN2UxMDBhMjYxNzU5ZWMxOTBiOTRhYTJlZTA5MDg4MTIwMDcwOWE4N2JmMGZhNyJ9,,F000209,男女共用トイレあり | 緊急通報装置あり | 調査日=2020-10-19,
45,宮崎県,45206,日向市,,ホテルAZ宮崎北日向店,,,883-0062,日向市大字日知屋14819-16,32.448061,131.636892,https://www.az-hotel.com/hyuuga/,yes,,フロント正面向かって右手の通路奥,,,,yes,,,,yes,,,,,,,,,,,,,,,,,,multipurpose_toilet,みやざきアクセシビリティ情報マップ,https://m-bfree.pref.miyazaki.lg.jp/a_map/public/facilityAround/eyJpdiI6Ik1acTFFUHlIRm83bUlydkN5TW8yT0E9PSIsInZhbHVlIjoicVcrYkdvZUZQSUVcL0lkcDhnM3ZBblE9PSIsIm1hYyI6IjA1NDIxOTc2MWIyYzkyNDc3ZGNlZmExMjNjNzk0OTZkNmFmODYyZTgyNmY3ZTc3YmYxYjMwY2JkNWNkZDk3NDMifQ==,,F002473,男女共用トイレあり | 緊急通報装置あり | 調査日=2020-03-08,
45,宮崎県,45203,延岡市,,ホテルAZ 宮崎延岡店,,,882-0003,延岡市稲葉崎町4丁目215-22,32.615958,131.681723,https://www.az-hotel.com/nobeoka/,yes,,フロント正面を右,,,,,,,,yes,,,,,,,,,,,,,,,,,,multipurpose_toilet,みやざきアクセシビリティ情報マップ,https://m-bfree.pref.miyazaki.lg.jp/a_map/public/facilityAround/eyJpdiI6IlhWVzJmWEF4dXk4T3M3cDlwaWhZMWc9PSIsInZhbHVlIjoiTlh4QVNvcTl5d0RrMUZlWDYwbGV2UT09IiwibWFjIjoiZmI0YjVlNTI4ZTU1MGIxNTFiNzZjOTcwOTA4MmY2ZTQ2N2JlM2U4MjEwMjRkYzkwZGQ3ZGRmNzZmMjNhZGIzNSJ9,,F002471,男女共用トイレあり | 緊急通報装置あり | 調査日=2020-03-06,・手すりはL字型、跳ね上げ式 / ・洗面は手回し式で鏡傾斜はなし
45,宮崎県,45406,都農町,,ホテルAZ宮崎都農店,,,889-1201,都農町大字川北5940,32.253554,131.55369,https://www.az-hotel.com/tsuno/,yes,,1階,,,,yes,,,,yes,,,,,,,,,,,,,,,,,,multipurpose_toilet,みやざきアクセシビリティ情報マップ,https://m-bfree.pref.miyazaki.lg.jp/a_map/public/facilityAround/eyJpdiI6IjVjajgxd3RKTHYxYjFWVUt4WThEeHc9PSIsInZhbHVlIjoiN2FPVHNvU1B0UCt0YjBYT3BPRUg0QT09IiwibWFjIjoiOTkwNGEzMTFhNTZhMzU4NzlhZDE1MTI2NThkNzFlYjliMjMyOGRhMjRjNzg1YjdmZDVhNjBkYTk3ZWZmMzJlYSJ9,,F002580,男女共用トイレあり | 緊急通報装置あり | 調査日=2022-07-06,
45,宮崎県,45206,日向市,,ホテルAZ宮崎南日向店,,,883-0022,日向市平岩8491,32.394216,131.628377,https://www.az-hotel.com/hyugaminami/,yes,,フロント正面に見て右手の通路奥,,,,yes,,,,yes,,,,,,,,,,,,,,,,,,multipurpose_toilet,みやざきアクセシビリティ情報マップ,https://m-bfree.pref.miyazaki.lg.jp/a_map/public/facilityAround/eyJpdiI6IjdacVNGUm5WTFVtaWU0NU1iMm1zdGc9PSIsInZhbHVlIjoick1HbDR5V1gwV0RsdmVCZm9mNlluUT09IiwibWFjIjoiZWRhOGZkMGI1NGY1OTRjZjIyNjJhMDE3MzlkZTJjZWJjZWQ5ZmQyMDUzYTJiODc3NTc2MmZmNDAxMTc5OTRmNSJ9,,F002474,男女共用トイレあり | 緊急通報装置あり | 調査日=2020-03-08,
45,宮崎県,45201,宮崎市,,ホテルきよ武,,,889-1604,宮崎市清武町大字船引644-90,31.8560973,131.3912879,,yes,,,,,,yes,,,,,,,,,,,,,,,,,,,,,,multipurpose_toilet,みやざきアクセシビリティ情報マップ,https://m-bfree.pref.miyazaki.lg.jp/a_map/public/facilityAround/eyJpdiI6IjBCMlRwU2J5UktZN0tsVk1sb3p0ckE9PSIsInZhbHVlIjoibG1qc3F3XC9obTdSUnVPZlhNZjF3V3c9PSIsIm1hYyI6IjNmNjY2MmNiNTUxN2FlOWI1ODM0N2RjNzY1M2Q5NjFlZTlkZTcwMDk2OGYzMDcwZDJhZmYwNDFmYjFhODdiNTAifQ==,,F001033,男女別トイレあり | 調査日=2019-11-22,
45,宮崎県,45441,高千穂町,,ホテルグレイトフル高千穂,,,882-1101,高千穂町大字三田井1352-1,32.71392,131.304109,http://www.h-hikari.co.jp/,yes,,1Fロビー,,,,yes,,yes,,yes,yes,,,,,,,,,,,,,,,,,multipurpose_toilet,みやざきアクセシビリティ情報マップ,https://m-bfree.pref.miyazaki.lg.jp/a_map/public/facilityAround/eyJpdiI6IjFCd2RkT2FcL2xNOG5cL2dQWVc3UCtBdz09IiwidmFsdWUiOiJNTlI3Q28rXC9JR3Q3OW15YkRFZWxaZz09IiwibWFjIjoiNjg4Y2RmMTBhNDE4YWZkMTgzN2Y0Y2UxMTU2ZWY3ZDNlMmQzNzVlZjk4NmVhZTYxMWJhYjY0YTQ2YzEwMzgxMCJ9,,F002412,男女共用トイレあり | 緊急通報装置あり | 調査日=2019-11-30,・トイレ前にAEDあり
45,宮崎県,45401,高鍋町,,ホテル四季亭,,,884-0002,高鍋町大字北高鍋5224,32.1271774,131.5063568,http://hotel-shikitei.jp/,yes,,２階,,,,,,,,,,,,,,,,,,,,,,,,,,multipurpose_toilet,みやざきアクセシビリティ情報マップ,https://m-bfree.pref.miyazaki.lg.jp/a_map/public/facilityAround/eyJpdiI6InZxZ2VtWllsK3ZrVkp6Y3M2Sjk4RXc9PSIsInZhbHVlIjoiWWFrZ0I2bitidk5qRHFRRWJKRXNldz09IiwibWFjIjoiNjlhODY5MzRhZTFjZTBkZTg4ZmY4MjY0ODYxOTk4YzhkZmYxYTY3N2MyZDZmODA4YTJjNTA5NzcyNjc3MGM1ZCJ9,,F000528,男女共用トイレあり | 緊急通報装置あり | 調査日=2002-09-11,
45,宮崎県,45207,串間市,,ホテル中村荘,,,888-0001,串間市大字西方6714,31.460726,131.22592,https://nakamura-sou.com/,yes,,１階の女子トイレの中 / １階男子トイレの中,,,,yes,,,,,,,,,,,,,,,,,,,,,,multipurpose_toilet,みやざきアクセシビリティ情報マップ,https://m-bfree.pref.miyazaki.lg.jp/a_map/public/facilityAround/eyJpdiI6IjljbndVMXpPV2xwaTg5bzlLZzE3bnc9PSIsInZhbHVlIjoiWTBWdGxKVE9naUhDVlJcL0pjMmhMd2c9PSIsIm1hYyI6IjcwYzNmZjY2ZmE3MDc3MGRlMWM3Y2NkY2NiZjQzZTRjNjFhYjhmOWNkNTY4MjE0NjE5YWY2ODA5ZDEzNGQxZTkifQ==,,F002712,男女別トイレあり | 調査日=2023-10-06,
45,宮崎県,45204,日南市,,ホテル日南北郷リゾート,,,889-2402,日南市北郷町大字郷之原甲2821-1,31.7029943,131.3639813,http://www.jsgroup.jp/,yes,,2階 / 3階,,,,,,,,,,,,,,,,,,,,,,,,,,multipurpose_toilet,みやざきアクセシビリティ情報マップ,https://m-bfree.pref.miyazaki.lg.jp/a_map/public/facilityAround/eyJpdiI6IjhCZlwvZ1Q5alhhenIxNFhtcUFTcTFnPT0iLCJ2YWx1ZSI6IlRoTUZya3hVRnlxcjZpejZ3a3cxdFE9PSIsIm1hYyI6IjhjYzM4MWRhMzJjMWVjOTg4N2RmOWU1YjkzMjRlMTc0MDM2N2E4MWY5Njk2NjM5NmE0YjJhYmEzZjczZjJiOWIifQ==,,F001577,男女共用トイレあり | 調査日=2019-11-11,
45,宮崎県,45201,宮崎市,,ホテルルートイン宮崎橘通,,,880-0001,宮崎市橘通西4-1-27,31.917278,131.422954,https://www.route-inn.co.jp/hotel_list/miyazaki/index_hotel_id_567/,yes,,1階ロビー奥。,,,,yes,,,,,,,,,,,,,,,,,,,,,,multipurpose_toilet,みやざきアクセシビリティ情報マップ,https://m-bfree.pref.miyazaki.lg.jp/a_map/public/facilityAround/eyJpdiI6InZSUG02NzJBODZvOTZJSmhFUVNzQ3c9PSIsInZhbHVlIjoidU5JZW1ndkRkSVlRbDVTUlRtOHdXQT09IiwibWFjIjoiYTVlOTk0MjUyNjU2ZjZkNDE3YWFjM2I1OTcyYmRmNjQ1NjEzYTYwNDAxY2NiNjQ0ZDc4ZGE4NDhmYTEyMzY2MCJ9,,F002187,男女共用トイレあり | 緊急通報装置あり | 調査日=2020-01-15,
45,宮崎県,45204,日南市,,堀川公園（夢見橋）,,,887-0005,日南市材木町1-10,31.588306133007706,131.40234677720653,https://www.kankou-nichinan.jp/tourisms/310/,yes,,公園駐車場入口,,,,,yes,yes,,yes,yes,,,,,,,,,,,,,,,,,multipurpose_toilet,みやざきアクセシビリティ情報マップ,https://m-bfree.pref.miyazaki.lg.jp/a_map/public/facilityAround/eyJpdiI6IjVrbFJZNVwvYkt0QWJaR0xFV0w4aUVnPT0iLCJ2YWx1ZSI6IjdxWW1kMEZjMmtDVG5VcFBoUks4T2c9PSIsIm1hYyI6ImFiMmE4NDViNGNiZGIzNTViYzcyNjJmY2ZkMGI0ODJiZjgxNjMwZTFiMzU1ZTdhMTJiM2VjYjFlNTM1M2UwMTgifQ==,,F002609,男女共用トイレあり | 緊急通報装置あり | 調査日=2022-10-11,
45,宮崎県,45201,宮崎市,,堀川町山下内科呼吸器科医院,,,880-0873,宮崎市堀川町10番地,31.910514,131.43259,,yes,,１階,,,,,,,,,,,,,,,,,,,,,,,,,,multipurpose_toilet,みやざきアクセシビリティ情報マップ,https://m-bfree.pref.miyazaki.lg.jp/a_map/public/facilityAround/eyJpdiI6IkJXbGR5RWJRTDhMSUZMTENXUFRublE9PSIsInZhbHVlIjoiRnp1NHhTbFVpWE43Z1dZK2tTbmZxQT09IiwibWFjIjoiZWM4MTZlOWVjNDhiYzY5ODRhYTc4MjJjMmYyNjQ3NjBjNTE0NmY5M2JhNjYwMzY1ZmVlMGUzN2Y3YzJiNGQxYSJ9,,F001265,男女別トイレあり | 緊急通報装置あり | 調査日=2002-09-06,
45,宮崎県,45201,宮崎市,,本郷あおば薬局,,,880-0921,宮崎市大字本郷南方字榎田2476-3,31.855228,131.434514,,yes,,,,,,,,,,,,,,,,,,,,,,,,,,,,multipurpose_toilet,みやざきアクセシビリティ情報マップ,https://m-bfree.pref.miyazaki.lg.jp/a_map/public/facilityAround/eyJpdiI6IldlMFl6V082cUFOQkJsU3RvZWxOQnc9PSIsInZhbHVlIjoiUFFQM1VWOTRQcGRcL0t2c2FDMTRGbFE9PSIsIm1hYyI6IjBhOTRjN2Q3NDFhZDI5MzdjMDQ5M2Q3N2Q3NTRmMjQyNmVlNjI5ZWY3YTRlNGJmZmQ3M2ViOThjZWYyOGFlODUifQ==,,F000273,男女共用トイレあり | 調査日=2010-01-25,
45,宮崎県,45201,宮崎市,,本郷北方街区公園トイレ,,,880-0925,宮崎市大字本郷北方3406-20,31.8702608,131.425784,,yes,,,,,,,,,,yes,,,,,,,,,,,,,,,,,,multipurpose_toilet,みやざきアクセシビリティ情報マップ,https://m-bfree.pref.miyazaki.lg.jp/a_map/public/facilityAround/eyJpdiI6IkxxUEVyNUJ1S01KdnpVeDN6bGdjSWc9PSIsInZhbHVlIjoiZDJ6OGV0Y3lFVE8yWHNkYWh5emViQT09IiwibWFjIjoiODg3NjJiNDU2OGRjMGRkN2Q2ZjFiZGY0ODY1NTc2OWE1ODA2M2EzMzYzYTU4ZjI5NDliYmYyOGE2MTE0MTFmZCJ9,,F001988,男女共用トイレあり | 緊急通報装置あり | 調査日=2019-12-09,
45,宮崎県,45201,宮崎市,,本郷児童館,,,880-0925,宮崎市大字本郷北方4029番地6,31.8644308,131.4254297,,yes,,,,,,,,,,,,,,,,,,,,,,,,,,,,multipurpose_toilet,みやざきアクセシビリティ情報マップ,https://m-bfree.pref.miyazaki.lg.jp/a_map/public/facilityAround/eyJpdiI6InBiV2xsT3I0aXVRTjlcLzdWaHdcL0F2QT09IiwidmFsdWUiOiJXWFlkbGoyZWdoRW01RGFWeElUdlBRPT0iLCJtYWMiOiI5NTA2YThmNzlkNTAwZTgyNjY1OWU4ZGM0YmJiZjYyN2Q5YzJiNTc3ZWRiMTdhNTU4M2ExMjlmYmQ5MWU2OTU5In0=,,F001573,男女共用トイレあり | 調査日=2014-03-20,
45,宮崎県,45201,宮崎市,,本郷地区交流センター,,,880-0921,宮崎市大字本郷南方2793,31.8593977,131.4314355,https://www.city.miyazaki.miyazaki.jp/institution/list/item174/,yes,,屋外,,,,,,yes,,,,,,,,,,,,,,,,,,,,multipurpose_toilet,みやざきアクセシビリティ情報マップ,https://m-bfree.pref.miyazaki.lg.jp/a_map/public/facilityAround/eyJpdiI6InFnekhIbXR2eHlUeFVRcVJheXRsVlE9PSIsInZhbHVlIjoiNURzNEpJcXE5WDBZSlJGR1wvaWpNWkE9PSIsIm1hYyI6Ijk0NjM4YWMxMWUzZmY5YzU1ZjVhNzI1MDBjNTAyOTY4ZjBjM2YxM2I0YmYwNjRiYmQxMjNhZjkzNTg1ZWVjOGUifQ==,,F001172,男女共用トイレあり | 緊急通報装置あり | 調査日=2002-09-11,
45,宮崎県,45201,宮崎市,,本田調剤薬局,,,880-0021,宮崎市清水3丁目1-7,31.917967,131.418041,,yes,,薬局内,,,,yes,,,,yes,,,,,,,,,,,,,,,,,,multipurpose_toilet,みやざきアクセシビリティ情報マップ,https://m-bfree.pref.miyazaki.lg.jp/a_map/public/facilityAround/eyJpdiI6IjBmUE90Q1wvMTYwV2JNT3AwMWUyMmtBPT0iLCJ2YWx1ZSI6InphK2dVTzl2MnBSNEpJcVBnWFdTK0E9PSIsIm1hYyI6ImMxMGQ2MGZhYTllMWUzNTcxZjQ2ZjgyNWFjOTNiNDU2MjgxM2EzODU1MDhhZjIwNzk2NTcwNzE2MzNhYWM5NzEifQ==,,F000100,男女共用トイレあり | 調査日=2019-11-18,
45,宮崎県,45201,宮崎市,,ほんぶ整形外科,,,880-2112,宮崎市大字小松字町屋敷667-1,31.938694,131.401122,,yes,,,,,,,,,,,,,,,,,,,,,,,,,,,,multipurpose_toilet,みやざきアクセシビリティ情報マップ,https://m-bfree.pref.miyazaki.lg.jp/a_map/public/facilityAround/eyJpdiI6ImFEWFdjSTlSNW45Tzhyek5iNE83S2c9PSIsInZhbHVlIjoiRGhheEw0S3NUSVp0ZEdaUVlzOXRxUT09IiwibWFjIjoiZWRjODcyMzI5ODg0MTUwNzE3MjU4MDFmYjQ4NjFjOGIwYjllYmE2ZTRhYjFmNjIwYzgwZDRjYzNkNDBlNjQxMyJ9,,F001819,男女別トイレあり,
45,宮崎県,45401,高鍋町,,舞鶴公園,,,884-0006,高鍋町大字上江1345,32.1235802,131.5029263,http://www.kankou-takanabe.com/siteseeing/maizutu,yes,,屋外,,,,,,,,,,,,,,,,,,,,,,,,,,multipurpose_toilet,みやざきアクセシビリティ情報マップ,https://m-bfree.pref.miyazaki.lg.jp/a_map/public/facilityAround/eyJpdiI6IjhjXC9pNnp2U29KQmRPeTRHbHRWWmd3PT0iLCJ2YWx1ZSI6ImJkTDBsdFllVDNHdkZRVEN6aElOeVE9PSIsIm1hYyI6ImRjNmY1Zjg2NjdhZjc2N2U4MzdlMWE4ZTAxNzk0MWM1OTAyNDRjMjI4NmI2ZWQyOGYyZGYyMTkxZDgzMzk0MWUifQ==,,F002100,男女共用トイレあり | 調査日=2025-10-20,
45,宮崎県,45401,高鍋町,,舞鶴神社,,,884-0006,高鍋町大字上江1345,32.123635253683744,131.5027347745153,,yes,,舞鶴公園内（萬歳亭はなれ裏）,,,,,,,,,,,,,,,,,,,,,,,,,,multipurpose_toilet,みやざきアクセシビリティ情報マップ,https://m-bfree.pref.miyazaki.lg.jp/a_map/public/facilityAround/eyJpdiI6IklBaUNpTUhsY1Z6V0RScTJYNDEwZWc9PSIsInZhbHVlIjoic1hac3hwWXlGaHU4U2swd1gxVXowUT09IiwibWFjIjoiY2E3NGM5OTFhNGNjZDFlNjlmNDI1YjcyNDJkZTk0OTcyNTA3NmE5NThiNzZjNmI3MWQwNTJhMzVmODkxODYxYSJ9,,F002644,男女共用トイレあり | 調査日=2025-10-20,舞鶴公園内にあり、駐車場、トイレは公園内の施設となる。
45,宮崎県,45209,えびの市,,前田医院,,,889-4221,えびの市大字栗下218-1,32.0428147,130.8147303,,yes,,１階,,,,yes,,,,,,,,,,,,,,,,,,,,,,multipurpose_toilet,みやざきアクセシビリティ情報マップ,https://m-bfree.pref.miyazaki.lg.jp/a_map/public/facilityAround/eyJpdiI6IjVZOWVaMFBoZGhuWHQyNjFYUmRsQ3c9PSIsInZhbHVlIjoiSERDVTNMRk02Uno2RzVqOHAyc3lnQT09IiwibWFjIjoiNjNlNTU1YThkMzk1YjdjMjg3NDFhOWFhZmQ5MGNjZTg2NDVlYThhYTA4N2IyNjc2ZmQ4ZjIxMjY1ODM4NTA3NSJ9,,F000757,男女共用トイレあり | 緊急通報装置あり | 調査日=2002-09-13,
45,宮崎県,45205,小林市,,槇内視鏡内科医院,,,886-0007,小林市大字真方242番地,31.9974122,130.9799419,http://www.maki-naishikyo.com/,yes,,１階,,,,,,,,,,,,,,,,,,,,,,,,,,multipurpose_toilet,みやざきアクセシビリティ情報マップ,https://m-bfree.pref.miyazaki.lg.jp/a_map/public/facilityAround/eyJpdiI6ImVOcG9zc3FXaGU4TnpwWFdESEs2WlE9PSIsInZhbHVlIjoiWElFN2hSbXY2U1lyTW5pdERsR3dRZz09IiwibWFjIjoiMDA4MWI3NTA2NjU3YThlMmJjOGNiYzE4ODQxM2IxYTc3ODA5NzdlYjBkZjBlOTcwNzhjZDJiM2ViZTllNGE0ZCJ9,,F001643,男女共用トイレあり | 緊急通報装置あり | 調査日=2002-09-04,
45,宮崎県,45201,宮崎市,,まき薬局,,,880-0841,宮崎市吉村町嶋田甲730-4,31.925752,131.441258,,yes,,,,,,,,,,,,,,,,,,,,,,,,,,,,multipurpose_toilet,みやざきアクセシビリティ情報マップ,https://m-bfree.pref.miyazaki.lg.jp/a_map/public/facilityAround/eyJpdiI6IlVyODdWODNjVE03eHM3bkZHK2RyTWc9PSIsInZhbHVlIjoiWWpRMEE2XC83aXBHYytQZVhEU1BLRlE9PSIsIm1hYyI6IjEwN2NkYmRmYjQwZDkwZGYzZDU4MDllM2JhNTY4NjRlOTJiOGU3MDNhOGQ2ZjhiNjZlMjE0NTYyMWIzNDk4NzMifQ==,,F001155,男女共用トイレあり,
45,宮崎県,45201,宮崎市,,真ごころグループホーム,,,880-0924,宮崎市大字郡司分字次田木乙804,31.8463868,131.4387484,http://tatsumoto-g.com/,yes,,,,,,,,,,,,,,,,,,,,,,,,,,,,multipurpose_toilet,みやざきアクセシビリティ情報マップ,https://m-bfree.pref.miyazaki.lg.jp/a_map/public/facilityAround/eyJpdiI6ImRwcE96RWU5dHR4cTVZMGJtTGc5V0E9PSIsInZhbHVlIjoiXC95XC9MUm5XMXBWZytUdk03NjVrMVJ3PT0iLCJtYWMiOiI0Yzg3YmI0YTUzYTk1OTkzMGYxY2M0Y2ZhNGQ4NjgyZDRmMmU3NjU4MTJiMjM1MjEwMDcxZGYzNDUwYjc3YTljIn0=,,F000687,男女共用トイレあり,
45,宮崎県,45201,宮崎市,,まごころ食堂,,,880-0853,宮崎市中西町202-1,31.9035355,131.446295,,yes,,,,,,,,,,,,,,,,,,,,,,,,,,,,multipurpose_toilet,みやざきアクセシビリティ情報マップ,https://m-bfree.pref.miyazaki.lg.jp/a_map/public/facilityAround/eyJpdiI6InFQQ1dOK093SkdYOVVHZ1V4eEo5YlE9PSIsInZhbHVlIjoiXC96N2ViZkIrbW1EcmRLRFVqamR4N0E9PSIsIm1hYyI6IjYyOTljNTI0MjM2YzBjZGYyYTM1ZjA4NGQ0YTVhNTZmNDg2NDUwZGQyZTRmOTc3ODdjMGI3MjZjOGQyMGVkODUifQ==,,F001894,男女共用トイレあり,
45,宮崎県,45201,宮崎市,,医療法人陽明会 増田病院,,,880-0045,宮崎市大字大瀬町2176-1,31.9727576,131.3805728,http://www.masudahp.jp/,yes,,１階,,,,yes,,,,,,,,,,,,,,,,,,,,,,multipurpose_toilet,みやざきアクセシビリティ情報マップ,https://m-bfree.pref.miyazaki.lg.jp/a_map/public/facilityAround/eyJpdiI6Ijk1c0xWeGtYZnRyZFBZTWxJcEt1TUE9PSIsInZhbHVlIjoiSGFzdHFZTHZxV0Z0d080d1wvaHVnU3c9PSIsIm1hYyI6ImI5NmQyMmVlNjA4ZjFmYzM1ZTNjZjQwNmI2ZThhZWNlYTc1ZDYxYTRkMTI2NTQ2ODMwOWM0MTU5NDMyYjEzMzUifQ==,,F000958,男女共用トイレあり | 緊急通報装置あり | 調査日=2019-11-11,
45,宮崎県,45201,宮崎市,,マスミヤ大塚店,,,880-0951,宮崎市大塚町池ノ内1068-1,31.9246373,131.3923459,http://www.masumiya.com/index.html,yes,,,,,,,,,,,,,,,,,,,,,,,,,,,,multipurpose_toilet,みやざきアクセシビリティ情報マップ,https://m-bfree.pref.miyazaki.lg.jp/a_map/public/facilityAround/eyJpdiI6Imdwd3o5Q1ZPRGJmaUV3NHY4S0RSbWc9PSIsInZhbHVlIjoiT2F2NmpzQWdCNDRNV0VoMGlIXC9RN2c9PSIsIm1hYyI6IjViYzQ2MGI2NWQ2MTUzNzAyMjk5MzY2N2JhZjE3NDU5NjY2NmUwZjQ5ZmE3ZDExZWE0ZGNjZDJhNGFhMmRmNWYifQ==,,F000891,男女共用トイレあり,
45,宮崎県,45201,宮崎市,,医療法人社団 松の樹会 まつうら眼科,,,889-1602,宮崎市清武町岡1丁目1-12,31.852046,131.3902776,,yes,,１階,,,,yes,,,,,,,,,,,,,,,,,,,,,,multipurpose_toilet,みやざきアクセシビリティ情報マップ,https://m-bfree.pref.miyazaki.lg.jp/a_map/public/facilityAround/eyJpdiI6IncwTlpDdnFTbnBrZ1dxdHVYbEhFTkE9PSIsInZhbHVlIjoiOHRCRmpPYTFTQ0QrM2RcL2tLNTdxNmc9PSIsIm1hYyI6IjFiYjgzYjZjYjE0ZTU0YWU4YWRmYzZmODQ5YTRhNDVjZjJjYWJjNWY5ODdiNmJjMDUwZDlkZDA3ZmJiMDY3ZjkifQ==,,F001058,男女共用トイレあり | 緊急通報装置あり | 調査日=2002-09-09,
45,宮崎県,45201,宮崎市,,マックスバリュ 浮之城店,,,880-0844,宮崎市柳丸町167,31.9270279,131.4372046,,yes,,,,,,,,,,,,,,,,,,,,,,,,,,,,multipurpose_toilet,みやざきアクセシビリティ情報マップ,https://m-bfree.pref.miyazaki.lg.jp/a_map/public/facilityAround/eyJpdiI6IkhMNkJYZzJvT1FVaklvcnFvNVhPaGc9PSIsInZhbHVlIjoiRXBLVVpLS3hmd3JcL3dISklXQjIrdmc9PSIsIm1hYyI6ImI2ZDk2ZDQ1NTRhZjY4Y2QzNzRmNGJlNjQ3NTczNDU1YmFkYWVmMTZhZDU4ZDBiMzVlZmRmYmEwNTAyNGM5NDAifQ==,,F001126,男女共用トイレあり,
45,宮崎県,45202,都城市,,マックスバリュ九州（株）マックスバリュー都北店,,,885-0004,都城市都北町5980番地,31.7661633,131.0892404,https://www.mv-kyushu.co.jp/shop/%E3%83%9E%E3%83%83%E3%82%AF%E3%82%B9%E3%83%90%E3%83%AA%E3%83%A5%E9%83%BD%E5%8C%97%E5%BA%97/,yes,,１階,,,,,,,,,,,,,,,,,,,,,,,,,,multipurpose_toilet,みやざきアクセシビリティ情報マップ,https://m-bfree.pref.miyazaki.lg.jp/a_map/public/facilityAround/eyJpdiI6Ikl4MHZmNE5cLzVYN2FoZGwxTjVuOHZnPT0iLCJ2YWx1ZSI6IjY5S29ESVVwd1hTMm9wOXpwOFwvSmFRPT0iLCJtYWMiOiJlZjE5M2FjY2JmNzA2YzhjNTFjMWJjMjVjYWNkNThlOWNkYWRmZTVjOWRiZTQ1ZTk4YjU0MjZlOWMwMjY2MjU2In0=,,F000971,男女共用トイレあり | 緊急通報装置あり | 調査日=2002-09-05,
45,宮崎県,45203,延岡市,,マックスバリュ九州株式会社 マックスバリュ岡富店,,,882-0031,延岡市中川原町2-4920,32.5951164,131.6718785,,yes,,屋外,,,,,,,,,,,,,,,,,,,,,,,,,,multipurpose_toilet,みやざきアクセシビリティ情報マップ,https://m-bfree.pref.miyazaki.lg.jp/a_map/public/facilityAround/eyJpdiI6IktsSHlaaEFvb3pQcVRTNlFBUVUzSEE9PSIsInZhbHVlIjoicG85R3ZpbFwvNXVqMm5qR1dnTmJlR2c9PSIsIm1hYyI6ImJkNDEwY2I4ZDc0ZDVmODJmYWRkMmVjMzhiMGFiMzYyNWFiNDUwZmM3MDBhZjhmOThlMDliOTg1MDMyNzA0MDcifQ==,,F001333,男女共用トイレあり | 緊急通報装置あり | 調査日=2002-09-17,
45,宮崎県,45201,宮崎市,,マックスバリュ島之内店,,,880-0121,宮崎市大字島之内字境田6353,31.9805257,131.4469519,,yes,,,,,,,,,,,,,,,,,,,,,,,,,,,,multipurpose_toilet,みやざきアクセシビリティ情報マップ,https://m-bfree.pref.miyazaki.lg.jp/a_map/public/facilityAround/eyJpdiI6Ikw0MVpPUHZQMTdZWGhKUSttdlFETVE9PSIsInZhbHVlIjoiVDlhbktIaG02Qm9PSWMxSU9GKzBGUT09IiwibWFjIjoiYTgwZjNhNmFiMTlhYWMwOTM2NmE4N2VhMzU5Yjg3ODIxMjE2MzQ3MjVmMzhmNjY3MDlhZDExMjU1N2U5ZGRmMyJ9,,F000213,男女共用トイレあり,
45,宮崎県,45201,宮崎市,,マックハウススーパーストアフューチャー,,,880-0844,宮崎市柳丸町168-1,31.9274649,131.4372549,,yes,,,,,,,,,,,,,,,,,,,,,,,,,,,,multipurpose_toilet,みやざきアクセシビリティ情報マップ,https://m-bfree.pref.miyazaki.lg.jp/a_map/public/facilityAround/eyJpdiI6IjJZTk1hYnBwOWZhYzdQdWpja2ZKMnc9PSIsInZhbHVlIjoiUzRPQUpsNERwMlNcL1E4M3JZTDlkZWc9PSIsIm1hYyI6ImFmMGM0OGVmMjcwMmY1M2JjM2QwMmVlYzU0MGI5ZGMxZWEyMzJmYmRlYTFjZWE2ZTg2NDUzNzJmNDcxZTljN2MifQ==,,F000052,男女共用トイレあり,
45,宮崎県,45203,延岡市,,マックハウスプラザ延岡店,,,882-0861,延岡市別府町4398-1,32.5643123,131.6815234,https://www.mac-house.co.jp/shop/info.php?code=5271,yes,,１階,,,,,,,,,,,,,,,,,,,,,,,,,,multipurpose_toilet,みやざきアクセシビリティ情報マップ,https://m-bfree.pref.miyazaki.lg.jp/a_map/public/facilityAround/eyJpdiI6ImZmc2V5XC92WVwvZlg3cTQ4NTg0RE9uUT09IiwidmFsdWUiOiJGM1I2RjRlOHlWMXdVODFSNERZamt3PT0iLCJtYWMiOiJiMjNjZTBlMmYwMDViZDRkOTNjMjUzZThhMzc2YjcwNjNmMzk1M2IyZmU0YzM5N2QxNTk5ZDU4YzM2ZTViMzUzIn0=,,F001278,男女共用トイレあり | 調査日=2006-03-28,
45,宮崎県,45201,宮崎市,,まつだ歯科医院,,,880-0929,宮崎市まなび野2丁目39-3,31.8595955,131.4198801,http://web.clinicn.jp/matsuda-dc/,yes,,１階,,,,yes,,,,,yes,,,,,,,,,,,,,,,,,multipurpose_toilet,みやざきアクセシビリティ情報マップ,https://m-bfree.pref.miyazaki.lg.jp/a_map/public/facilityAround/eyJpdiI6InNSeisxRDFGazZ1WEhvUUhWM05TMkE9PSIsInZhbHVlIjoiRmtcL0h2TURxNzZoODUwQ2llR0hVY1E9PSIsIm1hYyI6IjEyNWU5NzRkNWM4MTE2NzI1ZWMyNjM4NjEzZjgzM2JlOWRiZDcwYjlkNTU5NzVmMDJmNjRiYWViZTIwMGIxZTMifQ==,,F001213,男女共用トイレあり | 調査日=2019-11-09,
45,宮崎県,45204,日南市,,松田整形外科医院,,,887-0021,日南市中央通2丁目3-5,31.6037568,131.3791026,,yes,,１階,,,,yes,,,,,,,,,,,,,,,,,,,,,,multipurpose_toilet,みやざきアクセシビリティ情報マップ,https://m-bfree.pref.miyazaki.lg.jp/a_map/public/facilityAround/eyJpdiI6ImRUWVhyU3RYS2YxVjA1VFZsVExXN3c9PSIsInZhbHVlIjoiNW9BVkpLeHRsZzVScCtQcjJGcWRSdz09IiwibWFjIjoiZmUyMTlhODk0ZDIwYjc1ZmU3MjdlMmFkN2Y1NDZkYTM1NGI2ZWM2YjBkOTQyN2M2ZGM4NjZmZmI1OGRkNGZiNSJ9,,F001620,男女共用トイレあり | 緊急通報装置あり | 調査日=2002-09-17,
45,宮崎県,45201,宮崎市,,まつの恒久店,,,880-0913,宮崎市恒久2丁目13-28,31.8944181,131.4280264,http://miyazaki-matuno.jp/,yes,,,,,,,,,,,,,,,,,,,,,,,,,,,,multipurpose_toilet,みやざきアクセシビリティ情報マップ,https://m-bfree.pref.miyazaki.lg.jp/a_map/public/facilityAround/eyJpdiI6IldvR3Nhb3ZRcnlTZ0tjWlp1Ujl6WFE9PSIsInZhbHVlIjoiVFNhWFpld0M0Nk9mcnZza25MbDZKdz09IiwibWFjIjoiZmIwMmMyMWYyNWQ2NDAzNGE3Yzg1MzZmMWYxNTIxYjIyZDE0YWNiMWM0YTVkZGEyZGY4ODAwZGJhZGZmNDE5MCJ9,,F001210,男女共用トイレあり | 調査日=2019-11-13,
45,宮崎県,45201,宮崎市,,まつばし川野整形外科,,,880-0013,宮崎市松橋2-2-13,31.9114023,131.4160838,,yes,,1階,,,,,,,,,,,,,,,,,,,,,,,,,,multipurpose_toilet,みやざきアクセシビリティ情報マップ,https://m-bfree.pref.miyazaki.lg.jp/a_map/public/facilityAround/eyJpdiI6InZQRXdlWFwvWkRTSEVOR2JOUTNzN2NnPT0iLCJ2YWx1ZSI6ImdvcDhBN0pnK0FWVUUxdjJJXC82SVZ3PT0iLCJtYWMiOiI4ZmZjYzRlNTE2NjZjZDZjYjBkMTBmOTljYjEwNDc1M2FmNTcwNjlkOTRlZjQzODhkZDEyOWE2MjhhN2QxNmU3In0=,,F000254,男女共用トイレあり | 緊急通報装置あり | 調査日=2002-09-09,
45,宮崎県,45201,宮崎市,,まつ婦人科クリニック,,,880-2103,宮崎市大字生目215-1,31.9197628,131.3782022,http://www.matsu-clinic.jp/,yes,,,,,,,,,,,,,,,,,,,,,,,,,,,,multipurpose_toilet,みやざきアクセシビリティ情報マップ,https://m-bfree.pref.miyazaki.lg.jp/a_map/public/facilityAround/eyJpdiI6Ikx2M1pNdk9Ed2doa1VHUmI4bE1QWXc9PSIsInZhbHVlIjoidUpqWHloa1N4Z3krSW1vcE5UckdKQT09IiwibWFjIjoiN2Y2ODA5YjE0OTc2YTBjMDdkNDg0MGY1YzhmN2MwYTBlZDk5ZDc2OGRjNTJjZjQxYjYzOTU2MmMxMmFiYTYxNiJ9,,F000590,男女共用トイレあり | 調査日=2009-11-26,
45,宮崎県,45206,日向市,,有限会社 松元商会,,,883-0045,日向市本町13－17,32.4231824,131.6254625,,yes,,,,,,,,,,,,,,,,,,,,,,,,,,,,multipurpose_toilet,みやざきアクセシビリティ情報マップ,https://m-bfree.pref.miyazaki.lg.jp/a_map/public/facilityAround/eyJpdiI6IkhcL1I5N3lOYXdHaDZlVm5sbFhKRlBnPT0iLCJ2YWx1ZSI6IkdvRkpUellkWjZlYmlMeTNWeUxcLzlRPT0iLCJtYWMiOiIyNmFkOTYxZWUzY2Q4MDM1ODBiYTRjZWE5YjM5MjNiZjk4YjlkYmUzZjcwZTBiYmMxY2VlYzlmZTM4OTIzZjcxIn0=,,F001755,男女共用トイレあり,
45,宮崎県,45201,宮崎市,,松山荘,,,889-1701,宮崎市田野町甲6357－7,31.837627,131.3371164,http://www.matsuyama-sou.com/,yes,,,,,,,,,,,,,,,,,,,,,,,,,,,,multipurpose_toilet,みやざきアクセシビリティ情報マップ,https://m-bfree.pref.miyazaki.lg.jp/a_map/public/facilityAround/eyJpdiI6IkhZK1drYlpaeldicG9zcXBMeVZHcUE9PSIsInZhbHVlIjoiMklcL1dxdk54WTJGaTJhNTB5XC94Tzh3PT0iLCJtYWMiOiJmMDg0NmVkN2NiYzgwNTFmZTQ1ZWUwYzYwMTZmNTA2Y2Q5NmRiZmYwZGZkMTNiYjNhYTViZDJjMDJkNDI5MDNlIn0=,,F000016,男女共用トイレあり,
45,宮崎県,45202,都城市,,マドコロ外科医院,,,885-0022,都城市小松原町1161-3,31.7331754,131.069661,,yes,,２階,,,,,,,,,,,,,,,,,,,,,,,,,,multipurpose_toilet,みやざきアクセシビリティ情報マップ,https://m-bfree.pref.miyazaki.lg.jp/a_map/public/facilityAround/eyJpdiI6IldSdmM5d3lVWDArdVB4Z2xjRHVrcnc9PSIsInZhbHVlIjoiZEhpSWNFOE1tc1h5VU1iRDVmdHlHdz09IiwibWFjIjoiMDFkZGMxNWRhODE1ZTFiNGM5YmQzZjAwOGNkY2NiNTdiOTA1ZGJiODhlODkwYjI0MzQ3NTRhYzM5YTVkOGI1OSJ9,,F000285,男女共用トイレあり | 緊急通報装置あり | 調査日=2002-09-06,
45,宮崎県,45201,宮崎市,,まなび野北街区公園トイレ,,,880-0929,宮崎市まなび野1丁目7-2,31.86407,131.4202297,,yes,,,,,,,,,,yes,,,,,,,,,,,,,,,,,,multipurpose_toilet,みやざきアクセシビリティ情報マップ,https://m-bfree.pref.miyazaki.lg.jp/a_map/public/facilityAround/eyJpdiI6InFyXC9qQkhKUXRmdkxLNGdqRld1SlNRPT0iLCJ2YWx1ZSI6InpCVnpnK0RjeExKRW1yT0drV2lKd1E9PSIsIm1hYyI6IjE0MDZhOTFhNmY1NDNmY2FiZTgxOGFkYjNmYWRkZmExOWYzNDBjMDdmOTkyMGIwNWMzMzlmMzhiNjFkMDliNmUifQ==,,F002036,男女共用トイレあり | 調査日=2019-12-09,
45,宮崎県,45201,宮崎市,,まなび野耳鼻咽喉科,,,880-0929,宮崎市まなび野2丁目39-4,31.8591774,131.4197936,https://mnb.atat.jp/i/f.php,yes,,,,,,,,,,,,,,,,,,,,,,,,,,,,multipurpose_toilet,みやざきアクセシビリティ情報マップ,https://m-bfree.pref.miyazaki.lg.jp/a_map/public/facilityAround/eyJpdiI6IlNIMkFmXC9JQmY5ME5NWnNrUk5TZWpRPT0iLCJ2YWx1ZSI6ImxjdmJDTXFMVHlZZDU3akJycHJZekE9PSIsIm1hYyI6IjkzODI4MWY0ZDgxNTRmOWFiYWRjOTNhNmNiY2U1M2I3MTQzMDJhY2MwOThhMjcxNjFmNjIzZjZkMmE0MmU4OTcifQ==,,F000634,男女共用トイレあり | 調査日=2009-11-18,
45,宮崎県,45201,宮崎市,,まなび野デイサービスセンター,,,880-0929,宮崎市まなび野2丁目39-1,31.8598946,131.4201456,,yes,,,,,,yes,,,,,,,,,,,,,,,,,,,,,,multipurpose_toilet,みやざきアクセシビリティ情報マップ,https://m-bfree.pref.miyazaki.lg.jp/a_map/public/facilityAround/eyJpdiI6InhCV2duZ2d6NkdoWno3YjY1dlBhU2c9PSIsInZhbHVlIjoia2JVaVB6cmh0a0MzWnp1QTZmTDNDQT09IiwibWFjIjoiMmUzYzE1NmU2MjM3NGM4NzM2YTlmZWE2MGI1MDkwNDdiMDVkZWMzOGY3MzA0Y2E4ZmRmYmZjMGQxZTljNWFkZCJ9,,F001114,男女共用トイレあり | 調査日=2019-11-26,
45,宮崎県,45201,宮崎市,,まなび野薬局,,,880-0929,宮崎市まなび野2丁目39-6,31.8589517,131.419682,http://www.e-classa.net/manabino/,yes,,,,,,,,,,,,,,,,,,,,,,,,,,,,multipurpose_toilet,みやざきアクセシビリティ情報マップ,https://m-bfree.pref.miyazaki.lg.jp/a_map/public/facilityAround/eyJpdiI6IlVkVWx2YTlUWnRsUWFBVkR3Zllta3c9PSIsInZhbHVlIjoiUlVlYWttNHNQQ3hod0VHOG1CWHBudz09IiwibWFjIjoiYjc4ZDk5MjQzMmE3NjE5YjhjNmU5YTM0NWY3ZThjZDQzMmViOWIzMDc0ODkwZTJlZDFlMWM4ZDE0ZWIzM2E3MSJ9,,F000454,男女共用トイレあり,
45,宮崎県,45201,宮崎市,,まなべる薬局 まなび野店,,,880-0929,宮崎市まなび野2丁目37番8,31.8601274,131.4201514,http://www.takaoyakuho.jp/pharmacy.html,yes,,,,,,,,,,,,,,,,,,,,,,,,,,,,multipurpose_toilet,みやざきアクセシビリティ情報マップ,https://m-bfree.pref.miyazaki.lg.jp/a_map/public/facilityAround/eyJpdiI6IlZKeEYzak4zWlVvRFBTTUk0Ym1ZSUE9PSIsInZhbHVlIjoieFFFcmliU0thNkcxUG8zK3JcL1NpOEE9PSIsIm1hYyI6IjcwODk2NTdiYTAwMjc0YTYyNDczMTI0ZWViNTlkNjZjN2YzZmYxNjU4YzIxNWU5NzkzMmRjZTY2MmJjY2IzY2YifQ==,,F001028,男女共用トイレあり | 調査日=2010-01-26,
45,宮崎県,45201,宮崎市,,まなべる薬局 しんびゅう店,,,880-0834,宮崎市新別府町土田582番3,31.92834,131.45458,,yes,,,,,,,,,,yes,,,,,,,,,,,,,,,,,,multipurpose_toilet,みやざきアクセシビリティ情報マップ,https://m-bfree.pref.miyazaki.lg.jp/a_map/public/facilityAround/eyJpdiI6IlZ5a2xEREpLYlwvSGphTmJNc0N3RDRBPT0iLCJ2YWx1ZSI6Im5PVndjWDRucm1kdEFQTzV1U1wvbXJnPT0iLCJtYWMiOiI0YzBkZmUwYmRhZjI4NDdkNzY1MmNhNDRjYmIzMTEwZWIyMTg2YjU5MWI3NThiMTdkODA3MTZlZjFkYTFhNjEzIn0=,,F002542,調査日=2022-01-06,
45,宮崎県,45201,宮崎市,,まほろば福祉会 さくらさくら,,,880-2101,宮崎市大字跡江609-1,31.9522638,131.3882424,http://mahorobaweb.sakura.ne.jp/sakura.html,yes,,,,,,,,,,,,,,,,,,,,,,,,,,,,multipurpose_toilet,みやざきアクセシビリティ情報マップ,https://m-bfree.pref.miyazaki.lg.jp/a_map/public/facilityAround/eyJpdiI6Ikd2a1NmV0Z4VFVrZ1VwM0JnOVVDMEE9PSIsInZhbHVlIjoiS2dDSmdiamJzYkdhVHBpbnRWV2RwUT09IiwibWFjIjoiZjEzMzQ2MGU2NmM3M2M1MTNlYmYyMjIxOGNhZTBjNzY2NjNiMmQ5MzJmM2Y3ZWJlYmM5YmVlM2UwOTQ2YzRmMyJ9,,F001235,男女共用トイレあり | 調査日=2009-11-30,
45,宮崎県,45401,高鍋町,,ママンマルシェ TAKANABE,,,884-0005,高鍋町大字持田俵橋5654-1,32.162487,131.515439,https://dailymarm.com/gobochi_terrase/,yes,,物産売り場の一番奥,,,,yes,,yes,,,,,,,,,,,,,,,,,,,,multipurpose_toilet,みやざきアクセシビリティ情報マップ,https://m-bfree.pref.miyazaki.lg.jp/a_map/public/facilityAround/eyJpdiI6IlcyVkw5THk0MVgwZUJ5UEtXTHFNWWc9PSIsInZhbHVlIjoiSjJnOXhCYnhLS3RKOTduSHdpV3A2UT09IiwibWFjIjoiOGNmMDFhOGMxODI5ZGJjYjExNjAxOTFmNGFkMTk5YWJmMDQ0MjljMzFlZDEzMjU0NjJlZTcxYjc4MjM5YmI5OCJ9,,F002349,男女共用トイレあり | 調査日=2025-10-20,
45,宮崎県,45201,宮崎市,,マリーズ薬局 江平,,,880-0816,宮崎市江平東1丁目4番3号,31.9271234,131.4256782,,yes,,,,,,yes,,,,,yes,,,,,,,,,,,,,,,,,multipurpose_toilet,みやざきアクセシビリティ情報マップ,https://m-bfree.pref.miyazaki.lg.jp/a_map/public/facilityAround/eyJpdiI6IitNTnpyYU5sVlhnM1doT2dwVGxBU2c9PSIsInZhbHVlIjoiSGFEV1Z0a29sclpDT3ZrNEMxRmo5QT09IiwibWFjIjoiOGVjMDc3ZjBlMDVmZjYyZjc2YzA5NGU1NWNiOTkxNzY1OTUwNjFiZTg5YjVlYjM0MTYzYWRlOGMzYTk2NmU0OCJ9,,F000223,男女共用トイレあり | 調査日=2019-11-29,
45,宮崎県,45206,日向市,,マルイチ財光寺店,,,883-0021,日向市大字財光寺3247,32.4048334,131.6240219,,yes,,１階,,,,yes,,,,,,,,,,,,,,,,,,,,,,multipurpose_toilet,みやざきアクセシビリティ情報マップ,https://m-bfree.pref.miyazaki.lg.jp/a_map/public/facilityAround/eyJpdiI6Iml0c28xTTJsaGtvYkhPbGs3M3Uyc1E9PSIsInZhbHVlIjoiWjcwT3hpalFWNzkwTiswejBqcTE5Zz09IiwibWFjIjoiZjJhYzAzOTliNzJhZWI5MjRjYzM5YzA3NTYyOGI4N2Y1NmU2NWVmODVhMWY5MWFiYWE2MmFlZGRlMjRmMjk1MyJ9,,F000341,男女共用トイレあり | 緊急通報装置あり | 調査日=2006-03-23,
45,宮崎県,45201,宮崎市,,マルイチ丸山店,,,880-0052,宮崎市丸山1丁目118番1 他,31.9263168,131.4236872,http://www.super-maruichi.jp/index.html,yes,,,,,,,,,,,,,,,,,,,,,,,,,,,,multipurpose_toilet,みやざきアクセシビリティ情報マップ,https://m-bfree.pref.miyazaki.lg.jp/a_map/public/facilityAround/eyJpdiI6ImZGbWcwMFR4ME1aM1NtNkEzOUlBNHc9PSIsInZhbHVlIjoiOEduT01GRWUrMTRIS3J2UTdOK1Fodz09IiwibWFjIjoiNmI2MGIyNTFmMjc5ZDg5NjBlNmVhN2U0Yjg0M2JiNjM4NjRjNmUzYzY2Mzk0MTE1OTNkZmZjMjhkZWIxYjg2YyJ9,,F001697,男女別トイレあり,
45,宮崎県,45201,宮崎市,,（株）マルショク マルショク新名爪店,,,880-0124,宮崎市大字新名爪字二月田1836,31.9751658,131.4392513,http://www.sunlive.co.jp/shop/%E3%83%9E%E3%83%AB%E3%82%B7%E3%83%A7%E3%82%AF%E6%96%B0%E5%90%8D%E7%88%AA%E5%BA%97/,yes,,１階,,,,,,,,,,,,,,,,,,,,,,,,,,multipurpose_toilet,みやざきアクセシビリティ情報マップ,https://m-bfree.pref.miyazaki.lg.jp/a_map/public/facilityAround/eyJpdiI6Ik9cL1M0YytodTM4V3JZMGg2a2NjQjhnPT0iLCJ2YWx1ZSI6IkducnRPaHdIMm1SbjJpK0FOYU1qVVE9PSIsIm1hYyI6ImFhZjdlOGRiZGJhZTE1NjRmNDY3MTFiOWI4ZDM0NWYyNDYzNGFhNWNiMGM3YWFhNDk5MjFiZDhkOWIxMzcxYzEifQ==,,F001212,男女共用トイレあり | 緊急通報装置あり | 調査日=2013-09-08,
45,宮崎県,45201,宮崎市,,マルショク中央通店,,,880-0002,宮崎市中央通3番地42,31.9162567,131.4216965,,yes,,,,,,,,yes,,,,,,,,,,,,,,,,,,,,multipurpose_toilet,みやざきアクセシビリティ情報マップ,https://m-bfree.pref.miyazaki.lg.jp/a_map/public/facilityAround/eyJpdiI6IkozVkxsU0Jkd1lDSTNRRFhNek9tM1E9PSIsInZhbHVlIjoiTnZJMTgxNmtCWkFUKzlaQkR1N1N0UT09IiwibWFjIjoiMGZjZWFlNzIxODc4NzhmZTVhYWI2YmMxNjVjYWI4MjMyNGRiZDg5ZTA5MjM0MDEwZTYwOWYxNDMyMjNjMmNhMyJ9,,F000343,男女共用トイレあり,
45,宮崎県,45202,都城市,,mall mall 都城市立図書館,,,885-0071,都城市中町16-15,31.725209,131.065445,http://mallmall.info/library_about.html,yes,,1F正面 / 1F奥 / 2F,,,,yes,yes,yes,,yes,yes,,,,,,,,,,,,,,,,,multipurpose_toilet,みやざきアクセシビリティ情報マップ,https://m-bfree.pref.miyazaki.lg.jp/a_map/public/facilityAround/eyJpdiI6IlJna0c2eE9zT2RiRGQ3R1FuckFvNmc9PSIsInZhbHVlIjoiR1V0RmFGWHNJNEVhSVJ5XC84XC9hdUhRPT0iLCJtYWMiOiJiNjI2ZTc4N2FhMGQ2NWUxMTBhOTA1ZmY3ZWU3YmUyNDMyYThkYjkxZWVhNDczMDg5YTZhMmRiZGQ3YjM5MWU5In0=,,F002396,男女共用トイレあり | 緊急通報装置あり | 着替え台あり | 調査日=2019-11-19,
45,宮崎県,45201,宮崎市,,みかんの里 ひばり,,,880-2211,宮崎市高岡町花見字中山2809番,31.9565394,131.3206467,http://hibari-service.com/,yes,,,,,,,,,,,,,,,,,,,,,,,,,,,,multipurpose_toilet,みやざきアクセシビリティ情報マップ,https://m-bfree.pref.miyazaki.lg.jp/a_map/public/facilityAround/eyJpdiI6Ijc1eEVQU1dzSytOU2xVSUhpSVZCXC9BPT0iLCJ2YWx1ZSI6ImlxNkt1Q2dyTTVTZFdkMWdKcXhVeGc9PSIsIm1hYyI6ImViOWVkOGI5ZDQ0MTllYjlmNWI2YTg3Y2FkMjZjYWZkZTkyNWNkZmI4NzIyMmMyMWNlZDkyNDBkMjAwMWEwOGYifQ==,,F000392,男女共用トイレあり,
45,宮崎県,45431,美郷町,,美郷町役場南郷支所,,,883-0306,美郷町南郷区神門287番地,32.3878404,131.336045,http://www.town.miyazaki-misato.lg.jp/,yes,,,,,,,,,,,,,,,,,,,,,,,,,,,,multipurpose_toilet,みやざきアクセシビリティ情報マップ,https://m-bfree.pref.miyazaki.lg.jp/a_map/public/facilityAround/eyJpdiI6InNGXC8zMVRqeGNUU2plYzY0RXBnakl3PT0iLCJ2YWx1ZSI6IkZ6cWxFOVRrckRubHphZTZSZkZLVkE9PSIsIm1hYyI6IjgwMmFkZmViNWFiY2VjZjYwN2VkMzFkNWYwM2RlMzEwMDVmNzZlYjY2ZjAwMGRiZDZmZmEzNjIzY2M0YTNlNmYifQ==,,F000125,男女共用トイレあり,
45,宮崎県,45431,美郷町,,美郷レイクランド,,,883-1101,美郷町西郷田代5812-1,32.432576,131.467729,https://i-lakeland.jp/,yes,,さいごう温泉美々川施設内,,,,yes,,,,yes,,,,,,,,,,,,,,,,,,multipurpose_toilet,みやざきアクセシビリティ情報マップ,https://m-bfree.pref.miyazaki.lg.jp/a_map/public/facilityAround/eyJpdiI6ImpJU0RLZEdMYXRId1VMVmR6NTB2VFE9PSIsInZhbHVlIjoiQzgwUVNhRXJpWHk5bE1qVFI1YU83QT09IiwibWFjIjoiYzYxZWQ5NDA4OGYwODAxYTYxMjlmZWY0OWU5Mzk3YjgwMDEwZjAxM2UzNjZlYjdkNmFmM2JkNmFmNTNiODY1YSJ9,,F002836,男女共用トイレあり | 緊急通報装置あり | 調査日=2025-01-31,・プール横、遊歩道に多目的トイレはないが、男女別一般トイレがそれぞれある。
45,宮崎県,45403,西米良村,,湖の駅,,,881-1301,西米良村大字越野尾132-35,32.18613797190479,131.23271041970796,https://nishimera.info/eat/mizuuminoeki,yes,,店舗1階,,,,yes,,,,,,,,,,,,,,,,,,,,,,multipurpose_toilet,みやざきアクセシビリティ情報マップ,https://m-bfree.pref.miyazaki.lg.jp/a_map/public/facilityAround/eyJpdiI6IjBkRGxxRGpkWUVpNUZwWHpcL2dcL1wvQ2c9PSIsInZhbHVlIjoiWGk4Q3Y5aEJ4Y0Zibld2RGJLR3NLUT09IiwibWFjIjoiODQ2ZDZmOGI0ZmY0NDExNWFiYzczM2E1ZDI2NTVkMjNmOGQ3MWM2OTg2MmRjN2JiMWFkYzFmNjIwOWU0Yzk4MyJ9,,F002621,男女共用トイレあり | 調査日=2022-11-10,
45,宮崎県,45208,西都市,,水田内科医院,,,881-0012,西都市小野崎1丁目26番地,32.107395,131.403983,,yes,,１階,,,,,,,,,,,,,,,,,,,,,,,,,,multipurpose_toilet,みやざきアクセシビリティ情報マップ,https://m-bfree.pref.miyazaki.lg.jp/a_map/public/facilityAround/eyJpdiI6IjA0ejBzZzdlY25HV0NtMWw3Q2V1VXc9PSIsInZhbHVlIjoiYWpsWUN0cGwrbDBDb3pTVHJwRFBOZz09IiwibWFjIjoiYzM3ODU4YzY4NWMzNzZlMjE1Yjk5MzM1N2Y1MTZmZTgxZmYzYjRkMDgyYjNiNGYzMGI4MGRmYWFmYjU0YTI3MCJ9,,F000802,男女共用トイレあり | 緊急通報装置あり | 調査日=2013-09-03,
45,宮崎県,45209,えびの市,,道の駅えびの,,,889-4234,えびの市大字永山1006-1,32.049893,130.805603,http://michinoeki-ebino.com/,yes,,インフォメーション左横,,,,yes,yes,yes,,,yes,,,,,,,,,,,,,,,,,multipurpose_toilet,みやざきアクセシビリティ情報マップ,https://m-bfree.pref.miyazaki.lg.jp/a_map/public/facilityAround/eyJpdiI6IlRzZ2V1azJSS1Q3SFFjS2cyN1g5UGc9PSIsInZhbHVlIjoiSDlyNlJQTlNBZWdiY1RwNHpYK012dz09IiwibWFjIjoiYmVmODI2NmNlZjc5MmRkZWNkMjQ4OTMzOWExOWIwM2MyOWJiMTAyODU1ZjliNjgxOTAxMWRhNTliMWEzMmM5MCJ9,,F002407,男女共用トイレあり | 緊急通報装置あり | 着替え台あり | 調査日=2024-11-06,
45,宮崎県,45203,延岡市,,道の駅北方よっちみろ屋,,,882-0243,延岡市北方町早日渡巳175-1,32.595478,131.491959,http://www.yottimiroya.com/,yes,,駐車場内（店舗の反対側、別棟）,,,,yes,,,,,,,,,,,,,,,,,,,,,,multipurpose_toilet,みやざきアクセシビリティ情報マップ,https://m-bfree.pref.miyazaki.lg.jp/a_map/public/facilityAround/eyJpdiI6IjhVWnh2aVl2OUJtZmU2MDJSKzMrbGc9PSIsInZhbHVlIjoiT0JWeVlPT3hYUURGK3BKbXpwMHk4QT09IiwibWFjIjoiYTA0YjM3MjBkMTUzODQwNzZhOWVmNDI3NTM0YzVkMjhhMTgxZDc1MzZiNmEzYzBmYTI3MDg4YTg1YWY0ZDU0MCJ9,,F002469,男女共用トイレあり | 緊急通報装置あり | 調査日=2020-02-29,・車いすで手洗いに手が届く / ・
45,宮崎県,45203,延岡市,,道の駅北川はゆま,,,889-0102,延岡市北川町長井5751-1,32.666144,131.704478,http://www.qsr.mlit.go.jp/n-michi/michi_no_eki/kobetu/kitagawa/kitagawa.html,yes,,思いやり駐車場の横,,,,yes,yes,yes,,yes,yes,,,,,,,,,,,,,,,,,multipurpose_toilet,みやざきアクセシビリティ情報マップ,https://m-bfree.pref.miyazaki.lg.jp/a_map/public/facilityAround/eyJpdiI6IlpQMEpNVFRya3F5Y2JZK2RsXC9acUt3PT0iLCJ2YWx1ZSI6ImNPSmhwVlhDTXB6OFV5NUhkYkJlNHc9PSIsIm1hYyI6ImRkMWRjYjFkYjhiNTRkYzIxOTk4MGI2MjUwZDU5ZDYzYzFmNjI0OGRjMjljOTY4YWQ3YmQ5OTNlZGZkZDM2NTgifQ==,,F002453,男女共用トイレあり | 緊急通報装置あり | 着替え台あり | 調査日=2020-02-18,
45,宮崎県,45207,串間市,,道の駅くしま 飲食物産館,,,888-0001,串間市西方5503番地1,31.46298,131.2291,https://michinoeki-kushima.com/,yes,,,,,,yes,,yes,,yes,yes,,,,,,,,,,,,,,,,,multipurpose_toilet,みやざきアクセシビリティ情報マップ,https://m-bfree.pref.miyazaki.lg.jp/a_map/public/facilityAround/eyJpdiI6IkloN0pkNXBCbGxxcXAxWFZjNTJxYkE9PSIsInZhbHVlIjoiZVJBVlBTM29qRU0yTnpUTDB4SkdTZz09IiwibWFjIjoiMGNmZmVhNzFmZjdkZjc0M2EyZjkwMjI0ZjNiMzE2ODg4OWNhNjQ2NDQ5ZmE2NzgxM2NhOGI1ZDQ3ZTE2ZTI3MSJ9,,F002521,男女共用トイレあり | 緊急通報装置あり | 調査日=2021-06-29,
45,宮崎県,45207,串間市,,道の駅くしま 情報提供施設,,,888-0001,串間市西方5503番地1,31.46298,131.2291,https://michinoeki-kushima.com/,yes,,,,,,,yes,yes,,yes,yes,,,,,,,,,,,,,,,,,multipurpose_toilet,みやざきアクセシビリティ情報マップ,https://m-bfree.pref.miyazaki.lg.jp/a_map/public/facilityAround/eyJpdiI6Inc1UElMSkVlMEdBWEZaNUJhK1pFSUE9PSIsInZhbHVlIjoiNDBqTkRJeHdBdUJJZGFPbGs5R1lCdz09IiwibWFjIjoiMzlmZTNhMWU2ZGViNWJkODJiZDlmMzBiMTgyOGM5NzIxY2RiNDdiMTBlYjE5MTlhZTIyNmUzNDRmOGQwMjdmZiJ9,,F002520,男女共用トイレあり | 緊急通報装置あり | 調査日=2021-06-29,
45,宮崎県,45204,日南市,,道の駅酒谷,,,889-2512,日南市大字酒谷甲1840-4,31.6418117,131.2661847,http://michinoeki-sakatani.com/,yes,,屋外,,,,yes,,yes,,yes,yes,,,,,,,,,,,,,,,,,multipurpose_toilet,みやざきアクセシビリティ情報マップ,https://m-bfree.pref.miyazaki.lg.jp/a_map/public/facilityAround/eyJpdiI6IlJnYXMyeWlBNUx4emNZdEUrMHVzVUE9PSIsInZhbHVlIjoiYzg5RWpseHI4SFN2UTFicTNseWFzQT09IiwibWFjIjoiNWVhNjkwMjNiMzUzZTQ1YzhkMDlkZGQ1OWJmZmM2OTkzNDliNTQ0YmM4ODI1OWMyZGZiN2NlZjY5NmVlYzIwNiJ9,,F001614,男女別トイレあり | 緊急通報装置あり | 調査日=2019-11-13,
45,宮崎県,45442,日之影町,,道の駅青雲橋,,,882-0401,日之影町大字七折8705-12,32.660654,131.388617,https://www.facebook.com/michinoekiseiunbashi,yes,,施設入口の手前右,,,,yes,,yes,,yes,yes,,,,,,,,,,,,,,,,,multipurpose_toilet,みやざきアクセシビリティ情報マップ,https://m-bfree.pref.miyazaki.lg.jp/a_map/public/facilityAround/eyJpdiI6IkNTa2JvaHExRFFBd1J5Q2l6YUdlXC9RPT0iLCJ2YWx1ZSI6Iklsc3ZvcUNKQVdvV2hXZGt6VlREdUE9PSIsIm1hYyI6ImYzYzdkMGFhY2NkMGQ4N2YyMTJhMWY1YmE4OTZlOTYxNDA4N2UwODY2NDBjOTRhZDNiYzJhOTU1NzRjZjhkMmQifQ==,,F002359,男女共用トイレあり | 緊急通報装置あり | 調査日=2019-11-03,・一般トイレ内にも車いす用トイレがある
45,宮崎県,45441,高千穂町,,道の駅高千穂,,,882-1101,高千穂町大字三田井1296-5,32.708472,131.300442,,yes,,物産館内 / 施設の外、向かって右側,,,,yes,,yes,,yes,yes,,,,,,,,,,,,,,,,,multipurpose_toilet,みやざきアクセシビリティ情報マップ,https://m-bfree.pref.miyazaki.lg.jp/a_map/public/facilityAround/eyJpdiI6IjJvVE9iaFQwYm1LMkROeUhyVjlaVXc9PSIsInZhbHVlIjoiWHZMQmw0K0pzV0VcLzQ2NmdsdGZkTlE9PSIsIm1hYyI6ImQ3NDdjYjBhNTU1YTc4YTAzYzU1ZjE2ZTE0OTRiODY0YWU5MjczY2I3OWNkYWY5OTQxNmFmYTI2YmI5Mjc0MzYifQ==,,F002356,男女共用トイレあり | 緊急通報装置あり | 調査日=2024-12-24,
45,宮崎県,45406,都農町,,道の駅つの,,,889-1201,都農町大字川北5129,32.260583,131.557837,https://michinoeki-tsuno.com/,yes,,施設向かって右、男女一般トイレの間,,,,yes,yes,yes,,,yes,,,,,,,,,,,,,,,,,multipurpose_toilet,みやざきアクセシビリティ情報マップ,https://m-bfree.pref.miyazaki.lg.jp/a_map/public/facilityAround/eyJpdiI6IjEyY2NvM1h0ODhMcnJGUlltck5yYlE9PSIsInZhbHVlIjoib0RKcHlTeG5nVnBGd0VKd3BZVDUzUT09IiwibWFjIjoiMDZlODEyMDgzNTcyNzI4N2Y5NjcxYmJhZGY2OTkwYzg0OTE4N2U0NjdhYWExZGU2OTU5YWUzYjk1ZGEwMWFjZCJ9,,F002348,男女共用トイレあり | 緊急通報装置あり | 着替え台あり | 調査日=2019-10-22,・「らくらくつりわ」も設置されている。 / ・オストメイトは高さが変えられるが、大きいので使用するときに前後に移動しづらい面も。
45,宮崎県,45204,日南市,,道の駅なんごう,,,889-3211,日南市南郷町大字贄波3220-24,31.503135,131.3789333,https://www.michinoeki-nango.jp/,yes,,駐車場 / 施設内レストラン奥,,,,yes,,yes,,yes,yes,,,,,,,,,,,,,,,,,multipurpose_toilet,みやざきアクセシビリティ情報マップ,https://m-bfree.pref.miyazaki.lg.jp/a_map/public/facilityAround/eyJpdiI6IlkrVDk0dEFVZFFnR1g3dlwvVEx0VmFBPT0iLCJ2YWx1ZSI6ImZpQkhzdWN5NmQ1STJlcGU4ZVNoclE9PSIsIm1hYyI6Ijc0MWE4NGYzODE4Y2I0MzQzMDdmYTc5NTUzNGE3NjY3YTljNWE1YzY5YTgxYmMzNDQwMTk5OTc2ZTViMTgzZjcifQ==,,F000406,男女共用トイレあり | 緊急通報装置あり | 調査日=2024-06-07,
45,宮崎県,45201,宮崎市,,道の駅フェニックス,,,889-2301,宮崎市内海381-1,31.7689256,131.4784365,http://michinoekiphoenix.jp/,yes,,駐車場横に屋外トイレがあります。,,,,yes,yes,yes,,,yes,,,,,,,,,,,,,,,,,multipurpose_toilet,みやざきアクセシビリティ情報マップ,https://m-bfree.pref.miyazaki.lg.jp/a_map/public/facilityAround/eyJpdiI6InVLVVkyaURBZjg4UmpkYUdacTZzVlE9PSIsInZhbHVlIjoiMWVybjdVclNcL0xrM0dLNHJyQ21XaHc9PSIsIm1hYyI6ImRhOGIyNzJhNjFjYzBiZGYyMGJkNTQzNDE5MWZkZmQyZjI3M2QwM2VkNDRiZjY0Y2RiZmZiNGVkODc2YTA2MjYifQ==,,F000476,男女共用トイレあり | 緊急通報装置あり | 調査日=2020-09-24,
45,宮崎県,45202,都城市,,道の駅山之口,,,889-1803,都城市山之口町山之口2304-6,31.7944862,131.2022402,http://www.qsr.mlit.go.jp/n-michi/michi_no_eki/kobetu/yamanokuchi/yamanokuchi.html,yes,,屋外,,,,,,,,yes,,,,,,,,,,,,,,,,,,multipurpose_toilet,みやざきアクセシビリティ情報マップ,https://m-bfree.pref.miyazaki.lg.jp/a_map/public/facilityAround/eyJpdiI6IkczYzRwR0tLblB4T0tRTWlcL1BuaHhBPT0iLCJ2YWx1ZSI6InRKSHZuR01XSGVcLzFHODdOcGh3cXpBPT0iLCJtYWMiOiI1YjJmNjgyODFkNzA3Y2Y3MTdhNjQ5ZjNjY2I4YmE1MjIxZTYxMTRkYTBiNjA3NWU5ZjcwMjE0NDM0NzUxMGZiIn0=,,F001562,男女共用トイレあり | 緊急通報装置あり | 調査日=2019-11-23,
45,宮崎県,45205,小林市,,道の駅ゆ～ぱるのじり,,,886-0213,小林市野尻町三ヶ野山4347-1,31.9645225,131.0823638,https://yuparu-nojiri.com/,yes,,屋外 / ２階,,,,yes,,yes,,,,,,,,,,,,,,,,,,,,multipurpose_toilet,みやざきアクセシビリティ情報マップ,https://m-bfree.pref.miyazaki.lg.jp/a_map/public/facilityAround/eyJpdiI6Ill6WjhZMkh4MUc1RjhaOFRKZ21FOVE9PSIsInZhbHVlIjoicWVEMWJZbFYwUE0xR3B3cXk2Qk9hZz09IiwibWFjIjoiZmE1OTk0MDJiY2M5NGU5NDc0NDRkNzYxMzEwNWFlYzA1Yjk0NmYwMTdhNDY4ODM2OTlmYmE0YjQyOThiZTZlNiJ9,,F001593,男女共用トイレあり | 緊急通報装置あり | 着替え台あり | 調査日=2024-04-16,
45,宮崎県,45207,串間市,,医療法人誠光会 みつとめ眼科,,,888-0001,串間市大字西方5397-1,31.4676938,131.2272252,,yes,,１階,,,,yes,,,,,,,,,,,,,,,,,,,,,,multipurpose_toilet,みやざきアクセシビリティ情報マップ,https://m-bfree.pref.miyazaki.lg.jp/a_map/public/facilityAround/eyJpdiI6IjN1K3hkZGVpbVJ0alc5SmpEVmk3V3c9PSIsInZhbHVlIjoiNnpLTWdjdklyeXA0djVXZG1yMSt1QT09IiwibWFjIjoiOTljZTBlMzViM2ZhOTg2ZWIyYjBmYWQzZTUyMWI0NTE5NTJkYjQyZjVjODFlYWYwYTJjMGI4ODNlMDhkMzNiMiJ9,,F000829,男女共用トイレあり | 緊急通報装置あり | 調査日=2002-09-12,
45,宮崎県,45205,小林市,,みどり会館,,,886-0004,小林市大字細野269番地,31.9965612,130.9760019,,yes,,１階,,,,,,,,,,,,,,,,,,,,,,,,,,multipurpose_toilet,みやざきアクセシビリティ情報マップ,https://m-bfree.pref.miyazaki.lg.jp/a_map/public/facilityAround/eyJpdiI6Imd1QWpicmwyQVwvNk5NZUdlOEYweVFRPT0iLCJ2YWx1ZSI6IjdcL1Ywb3NCRGRmTXZENnJDYUZvdmdBPT0iLCJtYWMiOiI4ZjQ4NzBhZGVmMWEyMGVhMjMzOTFiNTE3Y2U3MDRiNDIzNDUxYzY1M2JlN2FjMWZkZjAxODJiOGQwZTZkMjU3In0=,,F001907,男女共用トイレあり | 緊急通報装置あり | 調査日=2002-09-24,
45,宮崎県,45204,日南市,,港の駅めいつ,,,889-3204,日南市南郷町中村乙4862-9,31.5422349,131.3830221,http://fishtown-meitsu.jp,yes,,漁民センター内,,,,yes,,,,yes,,,,,,,,,,,,,,,,,,multipurpose_toilet,みやざきアクセシビリティ情報マップ,https://m-bfree.pref.miyazaki.lg.jp/a_map/public/facilityAround/eyJpdiI6IlRUUGt0OXBwUEYxbzRqUWF0TkdZVWc9PSIsInZhbHVlIjoicU4wcjFjRklUenlqMkZ2NTFOdDBQQT09IiwibWFjIjoiMWQ3OGZmMDkzMjAxNDA2YWNlNjM1ZTg0ZWQ0NDJlOWM2ZWI4MmYzZDEwZDgzNmM3ZDk2YjUzMTg3NmIwMTZmNSJ9,,F001567,男女共用トイレあり | 緊急通報装置あり | 調査日=2020-10-21,
45,宮崎県,45201,宮崎市,,南街区公園トイレ,,,880-0042,宮崎市平和ヶ丘東23-1,31.9536729,131.4149664,,yes,,,,,,,,,,yes,,,,,,,,,,,,,,,,,,multipurpose_toilet,みやざきアクセシビリティ情報マップ,https://m-bfree.pref.miyazaki.lg.jp/a_map/public/facilityAround/eyJpdiI6Ik41K0tNVStkcVJnbXZJTmlBWmpiaWc9PSIsInZhbHVlIjoidjlwazROeWMxRkpCaEpzUUZmYTMzQT09IiwibWFjIjoiNzYxNjY4NWUxMTBhODkxZjljZTg2NmVhZTRlYmNhMTY5NTQ2N2UxMWY5Njc2NjVkOWM0NDAxYzYwMGUxYTk0ZCJ9,,F001978,男女共用トイレあり | 緊急通報装置あり | 調査日=2019-12-09,
45,宮崎県,45201,宮崎市,,南方保育園,,,880-0037,宮崎市大字南方町字御供田1191番地,31.9612797,131.4189496,https://nagonomori.jimdo.com/,yes,,,,,,,,,,,,,,,,,,,,,,,,,,,,multipurpose_toilet,みやざきアクセシビリティ情報マップ,https://m-bfree.pref.miyazaki.lg.jp/a_map/public/facilityAround/eyJpdiI6IlVaUjlWMXdZQTJMK3JUTFBWcFRHd2c9PSIsInZhbHVlIjoiUnlqMjNqZ0M1R1JRRk52c1QxRWU5Zz09IiwibWFjIjoiZWU4NGYxZDE2ZDQwZmVkY2Q0ZmY1ZmNmOWRiZDAzOTdkZmE1NjIzZGNkYjExZWQwY2M0MjUzZTRhOTM2MGZlYSJ9,,F000596,男女共用トイレあり,
45,宮崎県,45201,宮崎市,,南九州大学 宮崎キャンパス,,,880-0032,宮崎市霧島5丁目1-2,31.936474,131.4155657,http://www.nankyudai.ac.jp/,yes,,,,,,,,,,,,,,,,,,,,,,,,,,,,multipurpose_toilet,みやざきアクセシビリティ情報マップ,https://m-bfree.pref.miyazaki.lg.jp/a_map/public/facilityAround/eyJpdiI6IjU4WDZPd2tCeVFERWxzb3hyYzM3ZFE9PSIsInZhbHVlIjoiTFllREVkMEhwcGM5c0RxdUJmb0poQT09IiwibWFjIjoiODk4NGZmN2ZiZTkyM2RjOTMzMjYwNDFjMDBhNWMxYWJjYTQzZjQ5ZDg2MDJkNjRkYmFmMjY1OTUyYjRlODg4NSJ9,,F001288,男女共用トイレあり | 男女別トイレあり | 調査日=2009-11-24,
45,宮崎県,45201,宮崎市,,みなみ鍼灸整骨院,,,880-0916,宮崎市大字恒久字山下5886番1,31.8912351,131.4087086,https://www.minami-seikotu.net/,yes,,,,,,,,,,,,,,,,,,,,,,,,,,,,multipurpose_toilet,みやざきアクセシビリティ情報マップ,https://m-bfree.pref.miyazaki.lg.jp/a_map/public/facilityAround/eyJpdiI6InBQZ1wvWG05ZStKMll2b2FQd3dtd3pnPT0iLCJ2YWx1ZSI6InRcL0l4dzh5NFBhbUt1NWNtUHNqNGZBPT0iLCJtYWMiOiI1MGMxMTg1YzA5MDg0NjMwZWY1NzhjM2JmYTUyNzVjZTYzY2Y0ZWFhMjBhODExMDg1ODJkYzljN2Q4ZWIyZjUyIn0=,,F000960,男女共用トイレあり,
45,宮崎県,45204,日南市,,南那珂農林振興局（南那珂農業改良普及センター）,,,889-3202,日南市南郷町中村甲1232番地1,31.5461762,131.3661293,,yes,,１階,,,,,,,,,,,,,,,,,,,,,,,,,,multipurpose_toilet,みやざきアクセシビリティ情報マップ,https://m-bfree.pref.miyazaki.lg.jp/a_map/public/facilityAround/eyJpdiI6IkFzYzhXTmtlVmhsSzNQazFZMitXaFE9PSIsInZhbHVlIjoiNTFxY2xDQ0FPVWxxREtcL1BCMFhZOFE9PSIsIm1hYyI6IjFhYWFhMDgxNWMxMzY0ZGRmZmVjZjMxZjY2ZWVhYWExYmNhYWExYjYwYTY5NWU2ZWJlNTYzY2ZjMjEzMmJhYTIifQ==,,F001258,男女共用トイレあり | 緊急通報装置あり | 調査日=2019-11-20,
45,宮崎県,45201,宮崎市,,南原１号街区公園トイレ,,,889-1702,宮崎市田野町南原1丁目4番1,31.8357092,131.2978793,,yes,,屋外,,,,,,,,yes,,,,,,,,,,,,,,,,,,multipurpose_toilet,みやざきアクセシビリティ情報マップ,https://m-bfree.pref.miyazaki.lg.jp/a_map/public/facilityAround/eyJpdiI6InJibDVpZkw2R1hGNGFHMmIwaHVHcFE9PSIsInZhbHVlIjoiSndwQ3ZkYVZENDUyM0JWa3JpVHN4UT09IiwibWFjIjoiZjk2MGMwMDU5MjgxZWZhNTI4ZmMzODAyY2EyMmIyNDRjNTA0MzgzMzlkN2ExNmQ2MzRiY2Y1YWNjZmRiMDVlMSJ9,,F002093,男女共用トイレあり | 調査日=2019-12-12,
45,宮崎県,45201,宮崎市,,南原３号街区公園トイレ,,,889-1702,宮崎市田野町南原3丁目4番1,31.8310258,131.296681,,yes,,,,,,,,,,,yes,,,,,,,,,,,,,,,,,multipurpose_toilet,みやざきアクセシビリティ情報マップ,https://m-bfree.pref.miyazaki.lg.jp/a_map/public/facilityAround/eyJpdiI6InNBOG9FcHl3c1pJUU9wVUw5UiswV1E9PSIsInZhbHVlIjoiSlYwSVI1M0pyZDRJTkdqSGJSZndRUT09IiwibWFjIjoiNTBiMjU3NjNhNWM4ZWY3ZjZmODAxZWMzYTI0OWI2MWU2NzM0ODFiOTA4NTM2NjFlMDQ1NmM3NjRkZTEyYzJjMCJ9,,F002013,男女共用トイレあり | 調査日=2019-12-12,
45,宮崎県,45201,宮崎市,,南原２号街区公園トイレ,,,889-1702,宮崎市田野町南原1丁目14番1,31.8337478,131.2984745,,yes,,屋外,,,,,,,,,yes,,,,,,,,,,,,,,,,,multipurpose_toilet,みやざきアクセシビリティ情報マップ,https://m-bfree.pref.miyazaki.lg.jp/a_map/public/facilityAround/eyJpdiI6InlmbXZpaWFDbDJDQUVXYWNFdFFsWnc9PSIsInZhbHVlIjoiYVpER041STBUMDBkV1wvdlBKXC91OTJBPT0iLCJtYWMiOiI0MzI0ZjYwMjNmNjA2NzNjMmRlNjViYWRhYjZmYWNmODQyMDIyMjcxYTBiNWY4MjMzN2VlMGFhNjU1MTJmZjExIn0=,,F002126,男女共用トイレあり | 調査日=2019-12-12,
45,宮崎県,45201,宮崎市,,南原4号街区公園トイレ,,,889-1702,宮崎市田野町南原2丁目4番1,31.8363238,131.2942973,,yes,,,,,,,,,,yes,,,,,,,,,,,,,,,,,,multipurpose_toilet,みやざきアクセシビリティ情報マップ,https://m-bfree.pref.miyazaki.lg.jp/a_map/public/facilityAround/eyJpdiI6IitIajIrRXpFVjJzYkk0KzNGWmw5Mnc9PSIsInZhbHVlIjoibUNkaVlzcG5TS1BvN2ZoVXNkMDFPdz09IiwibWFjIjoiNTM0MzM0ZjYzZGFjMzhjNTZiODRlNDRhYjAwNzA4MDc1Yjk1YzFmMDM5MDZiZjkwNjFjYWMyZWRhZGE1OGFhNCJ9,,F002111,男女共用トイレあり | 調査日=2019-12-12,
45,宮崎県,45206,日向市,,南日向駅,,,883-0022,日向市大字平岩375,32.37043978284002,131.62783914982256,https://www.jrkyushu.co.jp/railway/station/1191894_1601.html,yes,,隣接する南日向コミュニティセンターの1階、2階,,,,yes,,,,yes,,,,,,,,,,,,,,,,,,multipurpose_toilet,みやざきアクセシビリティ情報マップ,https://m-bfree.pref.miyazaki.lg.jp/a_map/public/facilityAround/eyJpdiI6IlJhRFhFalwveW5aQ05uSXF2MVwvMTZcL2c9PSIsInZhbHVlIjoibWZ0MTZrOWNIXC9oVDl0V2U5cFZ2b0E9PSIsIm1hYyI6IjFkOWY1ZTQ0YmUwMWJhMGM4NmQ3Y2VjNWZiOTI0YTY5MWVjYmJiNTNlNWZmM2VlZTdjZDJhNDI2NDMzODMyZTYifQ==,,F002647,男女共用トイレあり | 緊急通報装置あり | 調査日=2023-02-14,
45,宮崎県,45206,日向市,,南日向コミュニティセンター,,,883-0022,日向市大字平岩737番地2,32.3698996,131.6281103,,yes,,,,,,yes,,,,yes,,,,,,,,,,,,,,,,,,multipurpose_toilet,みやざきアクセシビリティ情報マップ,https://m-bfree.pref.miyazaki.lg.jp/a_map/public/facilityAround/eyJpdiI6InBlQXFZcXplK1c4QXh4dzMrT2JOTUE9PSIsInZhbHVlIjoiUGRXZVRQV0thc3dxanRRdGNSNU9uZz09IiwibWFjIjoiNzE2YWQxNDVkODcyOWYxMzNjYzQ5NjMwODE1NjQ3ZDNjMGMxNDM2ZWJlMDg5YjU5MDhmNmMwNzZlMmUyNjg3NSJ9,,F000827,男女共用トイレあり | 緊急通報装置あり | 調査日=2019-11-27,２階のみ温水洗浄機付き便座です
45,宮崎県,45201,宮崎市,,南宮崎駅,,,880-0901,宮崎市東大淀2丁目2,31.895227,131.422348,,yes,,駅舎1F・エレベーターの横,,,,yes,yes,yes,,,yes,,,,,,,,,,,,,,,,,multipurpose_toilet,みやざきアクセシビリティ情報マップ,https://m-bfree.pref.miyazaki.lg.jp/a_map/public/facilityAround/eyJpdiI6InNFXC9Ha1M5UE5uditZWmhoaEJcL29SQT09IiwidmFsdWUiOiJFQ1NNV2N0UnIzY3BPZ2VGeUM3aFZBPT0iLCJtYWMiOiI0M2E4NTlhYTA0M2YyYTExMmJlZTllYmNkNGFhNzFiMDA5ZGM5ZWU2OTE0MDFiOTQzODE0ZGZiMjk0MjBjOWMyIn0=,,F002372,男女共用トイレあり | 緊急通報装置あり | 調査日=2019-12-06,・1F一般トイレにもベビーチェア（男性用１、女性用２）がある
45,宮崎県,45201,宮崎市,,峯田歯科クリニック,,,880-0124,宮崎市大字新名爪106-1,31.9739749,131.4402257,https://minedadental.com/,yes,,,,,,,,,,,,,,,,,,,,,,,,,,,,multipurpose_toilet,みやざきアクセシビリティ情報マップ,https://m-bfree.pref.miyazaki.lg.jp/a_map/public/facilityAround/eyJpdiI6ImJmNkRJM1hLUStERStybVJIMmRhcXc9PSIsInZhbHVlIjoiQ2RCTlRIME1JRE1wR0VkTDlFSk1VZz09IiwibWFjIjoiYjA5ZmIyMDQ4M2M3NTFkOGU1ODU5NWIyZGM0ZDlhNGE0MjgxNzk0NjVlZjRhOWE0OThiMzIyODdiNDZiNjk4MyJ9,,F000081,男女共用トイレあり,
45,宮崎県,45203,延岡市,,みのり園デイサービスセンター,,,882-0075,延岡市岡元町630-1,32.566711,131.5629191,,yes,,１階,,,,,,,,,,,,,,,,,,,,,,,,,,multipurpose_toilet,みやざきアクセシビリティ情報マップ,https://m-bfree.pref.miyazaki.lg.jp/a_map/public/facilityAround/eyJpdiI6ImdHMlJXcHE1c1RPbVBpWHhKR0xIVHc9PSIsInZhbHVlIjoibVNoeUVhRCtjaE5lS2x2QVlFa2xJUT09IiwibWFjIjoiOTljNTdlYTFkMDA3ZGE5N2I0NTA1MGFhMjJjZjFiNTQ5NDllOTc0NTI0ZGFiMDA1N2ZjYjM3YTllM2QxNzUxNyJ9,,F001310,男女別トイレあり | 緊急通報装置あり | 調査日=2006-03-30,
45,宮崎県,45341,三股町,,三股駅,,,889-1901,三股町大字樺山4417-4,31.733792,131.119476,https://www.jrkyushu.co.jp/railway/station/1191900_1601.html,yes,,駅舎東側,,,,,,,,yes,,,,,,,,,,,,,,,,,,multipurpose_toilet,みやざきアクセシビリティ情報マップ,https://m-bfree.pref.miyazaki.lg.jp/a_map/public/facilityAround/eyJpdiI6IjZGVUhsdlUySFBVd2FFOUt3VjVucWc9PSIsInZhbHVlIjoiVDhwbGg3NmR4ajVXUWxKUE5ZdWlFdz09IiwibWFjIjoiNjU2ODBmMTNlYmExZjEyOWMxMmVhOGI0ZWEwNDI3OGZhZDY1Zjk0ZDllYTAxYTU3ZTUxMzhmMDgyYzJmOGYxNCJ9,,F002587,男女共用トイレあり | 緊急通報装置あり | 調査日=2022-07-22,
45,宮崎県,45341,三股町,,三股町立文化会館・三股町立図書館,,,889-1901,三股町大字樺山3404-2,31.728738,131.123453,https://bunka.town.mimata.lg.jp/（図書館 http://mimata-lib.jp/）,yes,,劇場横 / 図書館正面前の左通路奥 / 図書館内・幼児用トイレ,,,,,,,,yes,yes,,,,,,,,,,,,,,,,,multipurpose_toilet,みやざきアクセシビリティ情報マップ,https://m-bfree.pref.miyazaki.lg.jp/a_map/public/facilityAround/eyJpdiI6IkV0blpkNGJXN2Y3VUp0VE5kSWh6ckE9PSIsInZhbHVlIjoiRDBxVUgwYlwva0VrRnB4RzEzaks5VkE9PSIsIm1hYyI6ImY3NDZjYzVmNzUzM2M0ZTlhODljODk2ZDQ1NTBlYWM5YTFlNjY1OTU4MDE4MjdiZTQzYmZhMzRlMWU4ZWZjNmEifQ==,,F002394,男女共用トイレあり | 男女別トイレあり | 緊急通報装置あり | 調査日=2019-11-19,・便器洗浄はボタン式 / ・図書館内に幼児専用のトイレあり。入口に3cmの段差がある
45,宮崎県,45206,日向市,,医療法人杏林会 三股病院,,,889-1111,日向市美々津町3870,32.330996,131.6049842,,yes,,,,,,,,,,,,,,,,,,,,,,,,,,,,multipurpose_toilet,みやざきアクセシビリティ情報マップ,https://m-bfree.pref.miyazaki.lg.jp/a_map/public/facilityAround/eyJpdiI6IkttakZWWVF3bnNZS0V0XC9WRStUZEdBPT0iLCJ2YWx1ZSI6IkVDcUh0WWVGRHFUQmloc3dHRFlwMHc9PSIsIm1hYyI6ImZhNzgwYTcyNWRiYmMxOTI2NjU3OGJlMTQ1MWQ4MDg2NTE1ZDY2YzcwYTM5ZGYxNjY2OGMwYThhNzgzODFiYTMifQ==,,F000562,男女共用トイレあり | 調査日=2013-09-11,
45,宮崎県,45201,宮崎市,,みやぎん住まいのプラザ本店,,,880-0805,宮崎市橘通東4丁目4番3号,31.919031,131.424549,http://www.miyagin.co.jp/,yes,,,,,,yes,,yes,,yes,,,,,,,,,,,,,,,,,,multipurpose_toilet,みやざきアクセシビリティ情報マップ,https://m-bfree.pref.miyazaki.lg.jp/a_map/public/facilityAround/eyJpdiI6Img5WnlwU1JqSEJwWmtBbnNxM0VsN0E9PSIsInZhbHVlIjoiU0N0VERBNlR3NkJ1aWJnTXRvNGZsUT09IiwibWFjIjoiOTBiMDc3MTkzZjEyYjBkYTYzMmJiNjM0NWFhYThkMDMwM2MzNGQyMTU0ODg3MjUyZWY5OTczZDEyZTc5MDcxNSJ9,,F000152,男女共用トイレあり | 緊急通報装置あり | 調査日=2019-11-12,
45,宮崎県,45201,宮崎市,,宮交シティ,,,880-0902,宮崎市大淀4-6-28,31.8943678,131.4193441,https://www.miyakocity.com/,yes,,１階,,,,,,,,,,,,,,,,,,,,,,,,,,multipurpose_toilet,みやざきアクセシビリティ情報マップ,https://m-bfree.pref.miyazaki.lg.jp/a_map/public/facilityAround/eyJpdiI6Ink1cGkydWhLclwvV2d0MVRTalc1QlB3PT0iLCJ2YWx1ZSI6Imhoa0NDa0Y4ODNZYnFyRVwvaStHaDV3PT0iLCJtYWMiOiIxYmVmNjY5YjdmNzMzNDFiYzk1YWI4MDZkYjcxODJkZDk4YWEzYTIxMjY3NDFiY2NmYTU3YTcyYmI3ZWIxYjdhIn0=,,F001189,男女共用トイレあり | 緊急通報装置あり | 調査日=2002-09-09,
45,宮崎県,45201,宮崎市,,宮交ボタニックガーデン青島,,,889-2162,宮崎市青島2丁目12-1,31.801848,131.470018,http://mppf.or.jp/aoshima/,yes,,学習棟 / 広場横（屋外）,,,,yes,,yes,,yes,yes,,,,,,,,,,,,,,,,,multipurpose_toilet,みやざきアクセシビリティ情報マップ,https://m-bfree.pref.miyazaki.lg.jp/a_map/public/facilityAround/eyJpdiI6IkNKa1wvZ3I0b0Q3T04wT3BcL3NMQ0pxQT09IiwidmFsdWUiOiJRek05TTBiTTJSXC9KK0U5TWFkVUFiZz09IiwibWFjIjoiZThhODI2YWE1NTJlMDM4N2NlY2RlMTM4MjY1NmM5MTllYmMzMjhhOWE5MDRjYTBjZTE5MWRjNmExNGFlY2I1MiJ9,,F002367,男女共用トイレあり | 緊急通報装置あり | 調査日=2019-11-22,
45,宮崎県,45341,三股町,,都城運転免許センター,,,889-1912,三股町大字宮村2944-3,31.7273968,131.0990353,,yes,,１階,,,,,,,,yes,,,,,,,,,,,,,,,,,,multipurpose_toilet,みやざきアクセシビリティ情報マップ,https://m-bfree.pref.miyazaki.lg.jp/a_map/public/facilityAround/eyJpdiI6ImxWSkJUeXdcL2VseFJcL05YYXdwZTB0dz09IiwidmFsdWUiOiJPY0I2WGJJYmU0bTFKUUFVaHVOXC9WQT09IiwibWFjIjoiNGQ5ZDM3ZjhlODNiNTNkZTIwMmE1NzkxNzM2MDBkZGUxZWM1NmQ5OGQ3YzgxYjNhMjlkYThkOTg1N2NmNjllOSJ9,,F000598,男女共用トイレあり | 調査日=2019-12-06,
45,宮崎県,45202,都城市,,都城運動公園野球場,,,885-0033,都城市妻ケ丘町41街区,31.72983,131.079899,https://www.city.miyakonojo.miyazaki.jp/soshiki/57/3803.html,yes,,１塁側屋外 / 野球場３塁側屋外 / 屋内一般用トイレ隣,,,,yes,,yes,,yes,,,,,,,,,,,,,,,,,,multipurpose_toilet,みやざきアクセシビリティ情報マップ,https://m-bfree.pref.miyazaki.lg.jp/a_map/public/facilityAround/eyJpdiI6IjVuKzNyU25PcDFXTFpIbzhCRitTQ3c9PSIsInZhbHVlIjoiRHVEazhKanRkOEM1ditkYTViU2RCZz09IiwibWFjIjoiOWMzMGNjNDYzMTBkZDc2YjJkNzg3NmY3NTRhNzA1MWEzOTg4YzVlM2EwNjA3YmVlMTZmOTg2ODg2MTNiYzc1YSJ9,,F000943,男女共用トイレあり | 緊急通報装置あり | 着替え台あり | 調査日=2019-11-22,
45,宮崎県,45202,都城市,,都城駅,,,885-0023,都城市栄町,31.736373,131.074656,,yes,,改札口を入って右側（1番ホーム）,,,,yes,,yes,,yes,yes,,,,,,,,,,,,,,,,,multipurpose_toilet,みやざきアクセシビリティ情報マップ,https://m-bfree.pref.miyazaki.lg.jp/a_map/public/facilityAround/eyJpdiI6IkdJM3hNU2x1V2hmeHNWNnlPUWk5Q1E9PSIsInZhbHVlIjoiemdyM0RSeE5QejlmXC9kaTNCNmdxQmc9PSIsIm1hYyI6IjgwODk2ZTc2NjNhYTVhMzhhZjY3NGZhMDM2MWViMDUxNTYwZmE4Y2I2OTc5MmI3YzdjYmQzZTQ4ZjM1MWZlYjQifQ==,,F002386,緊急通報装置あり | 調査日=2020-01-10,・音声案内付き
45,宮崎県,45202,都城市,,都城グリーンホテル,,,885-0023,都城市栄町27-2-1,31.736422,131.070745,https://www.0986green.com/,yes,,新館地下1F / 2F,,,,yes,,yes,,yes,,,,,,,,,,,,,,,,,,multipurpose_toilet,みやざきアクセシビリティ情報マップ,https://m-bfree.pref.miyazaki.lg.jp/a_map/public/facilityAround/eyJpdiI6Ik5IOXhsbWNidWdneUxranVEWGRvUWc9PSIsInZhbHVlIjoiOFl6TUpzajJmKzNnVDdIWFFpXC9HMkE9PSIsIm1hYyI6ImEzM2JjNjk4ZTU2N2Y3OTBlMTI0YzZiMTg5NzE4OTVhNGY5OTFkN2E5MGU5N2JkNGY0OGM3YzBhNDI4ZTEzZTcifQ==,,F002395,男女共用トイレあり | 男女別トイレあり | 緊急通報装置あり | 調査日=2019-11-19,・授乳室兼用
45,宮崎県,45202,都城市,,都城警察署,,,885-0052,都城市東町4街区17号,31.7225638,131.0716074,,yes,,１階,,,,,,,,,,,,,,,,,,,,,,,,,,multipurpose_toilet,みやざきアクセシビリティ情報マップ,https://m-bfree.pref.miyazaki.lg.jp/a_map/public/facilityAround/eyJpdiI6IlE5SG9PMEMxK1IwckJlQ0VqRUNEOGc9PSIsInZhbHVlIjoiVit3ekRLMXh5S3hJdVlIQmo3R3hkUT09IiwibWFjIjoiY2ZjMmM1OTU0OGU3ZjNiMzE0MTFkZTJmMjc1MzhmNzU3ZjcwMzY4OTZiZmVhNDM0YzI0M2E0YjZjOTE0MjZiMiJ9,,F000270,男女共用トイレあり | 調査日=2019-11-25,緊急通報装置は設置予定となっています。
45,宮崎県,45202,都城市,,都城市コミュニティセンター,,,885-0073,都城市姫城町10街区7号,31.718626,131.063224,,yes,,１階,,,,,,,,,,,,,,,,,,,,,,,,,,multipurpose_toilet,みやざきアクセシビリティ情報マップ,https://m-bfree.pref.miyazaki.lg.jp/a_map/public/facilityAround/eyJpdiI6Ikx2U2lrUEI2ZThPYWh5b25yUThOenc9PSIsInZhbHVlIjoiS0czK1BSbTRaejdWZ0pkT0ZITHM2UT09IiwibWFjIjoiNTVlZWI0ZTEwNjI2NmU1ZWM4NTMyN2RmMTBiNTFjNDI4MjYyNGZkN2Y2MWRiOGFlMGYyOWYxNDdkM2JlMTVjZCJ9,,F000460,男女共用トイレあり | 緊急通報装置あり | 調査日=2020-03-19,
45,宮崎県,45202,都城市,,都城サンプラザホテル,,,885-0012,都城市上川東４丁目5975-1,31.748077,131.078453,https://www.tsurumaru.sc/sunplaza/,yes,,１階ロビー内,,,,yes,,,,yes,,,,,,,,,,,,,,,,,,multipurpose_toilet,みやざきアクセシビリティ情報マップ,https://m-bfree.pref.miyazaki.lg.jp/a_map/public/facilityAround/eyJpdiI6InhYcERwek50eE1NT0l0RTV1R1h3Nmc9PSIsInZhbHVlIjoiSjI3XC9tZ2ZCMGNkdkZtTlVXb3ZvQVE9PSIsIm1hYyI6IjhlZDIzZTBjZGZjNzA2ZDM2ZTAwMDQyNmQxMWM1OGI3YWRiNTA4ODk2YjViMDg2ZjZjNTdhNGU4MTNlNGQ3NWIifQ==,,F002572,男女共用トイレあり | 調査日=2022-06-17,
45,宮崎県,45202,都城市,,都城市ウエルネス交流プラザ,,,885-0051,都城市蔵原町11街区25号,31.724465,131.065885,http://www.machidukuri-miyakonojo-city.jp/,yes,,,,,,yes,,yes,,,,,,,,,,,,,,,,,,,,multipurpose_toilet,みやざきアクセシビリティ情報マップ,https://m-bfree.pref.miyazaki.lg.jp/a_map/public/facilityAround/eyJpdiI6ImtSS2xaS3R3SUVSdjhvMmF0Vks4YVE9PSIsInZhbHVlIjoiMERFZHIrNWgwNnVTV0Rlb3R4QTVpZz09IiwibWFjIjoiYWJiYzAyZThlYWU0NmJkOWM1M2Q4YmFiMWE1NTY4ZjZlMmY5NjIzMWI1MTNmZjE1ZjM0NjU3YzQ5ZDFkZjg5ZCJ9,,F000663,男女別トイレあり | 調査日=2019-11-18,
45,宮崎県,45202,都城市,,都城市郡医師会病院,,,885-0002,都城市太郎坊町1364-1,31.7803829,131.0846907,http://www.mmah.or.jp/,yes,,１階,,,,yes,,yes,,,,,,,,,,,,,,,,,,,,multipurpose_toilet,みやざきアクセシビリティ情報マップ,https://m-bfree.pref.miyazaki.lg.jp/a_map/public/facilityAround/eyJpdiI6IjdBb3dGOHY4KzB0NEQxeHJBZlBMZHc9PSIsInZhbHVlIjoiZ2RGbEZGeURRemZRU3pIaGlZMTJoQT09IiwibWFjIjoiNWE0N2M2YTkyMzQxMWU4YjVmZTdkODA5NTM4ZDc4NzBlNGNiYTNkZDljY2YwZDQwMmNiZTg4NjY2YWNmYmVjZCJ9,,F001882,男女共用トイレあり | 緊急通報装置あり | 調査日=2019-11-22,
45,宮崎県,45202,都城市,,都城市上下水道局お客様センター,,,885-0011,都城市下川東3丁目3235（上下水道局庁舎となり）,31.7446193,131.0661379,http://cms.city.miyakonojo.miyazaki.jp/display.php?slist=0064,yes,,,,,,yes,,yes,,,yes,,,,,,,,,,,,,,,,,multipurpose_toilet,みやざきアクセシビリティ情報マップ,https://m-bfree.pref.miyazaki.lg.jp/a_map/public/facilityAround/eyJpdiI6IlpcL0xcL2Q5MWFrNFpEb0lOc2c1OGpmdz09IiwidmFsdWUiOiJVQzBJYVMwQStDUEhjVVk0bUFIUmFRPT0iLCJtYWMiOiI1OGY3ODhhZmNlNWFkZDUwNjVkZDUxMjRhOWFjN2FlNGJjMWVjZTYxYmJjMjFkZDJjY2EwYmVkY2RjNTFiZTNkIn0=,,F000041,男女共用トイレあり | 緊急通報装置あり | 着替え台あり | 調査日=2019-11-08,
45,宮崎県,45202,都城市,,都城市志和池福祉センターしわちの里,,,885-1103,都城市上水流町1540番地,31.8075351,131.0942375,,yes,,１階,,,,,,,,,,,,,,,,,,,,,,,,,,multipurpose_toilet,みやざきアクセシビリティ情報マップ,https://m-bfree.pref.miyazaki.lg.jp/a_map/public/facilityAround/eyJpdiI6Im52ZnQ4UTZabTR0VTl6aDh3OG95QVE9PSIsInZhbHVlIjoib01vckNTaEN1c0hyYnF0ZmhweTJmQT09IiwibWFjIjoiMzE2ZjQ2MTY0ZThmZmYyNWVlM2VjODZmYjBkMmViOTBiZDZhNzA1N2FkNGExNjM3NmVjZjIzZGY4ZjRiODE3YSJ9,,F000391,男女共用トイレあり | 緊急通報装置あり | 調査日=2019-11-14,
45,宮崎県,45202,都城市,,都城市総合福祉会館,,,885-0077,都城市松元町4-14,31.7220951,131.0594455,,yes,,,,,,,,,,,,,,,,,,,,,,,,,,,,multipurpose_toilet,みやざきアクセシビリティ情報マップ,https://m-bfree.pref.miyazaki.lg.jp/a_map/public/facilityAround/eyJpdiI6ImlmbnE1YXAzTVJUaGZTWEw1OWZkMlE9PSIsInZhbHVlIjoicmJnbzF3bkxiTHVYRVdwTTltdXlaZz09IiwibWFjIjoiNmFlYTYyN2QxMGMzNjJhMDE2YzJjYThjNWZjYmIyMmZhYzJlZDcxODk3MGI5OTZlYjg2MTEzZmZmMmQ2NmMwNyJ9,,F001023,男女別トイレあり | 調査日=2019-11-15,
45,宮崎県,45202,都城市,,都城市総合文化ホール,,,885-0024,都城市北原町1106-100,31.732706,131.073314,http://mj-hall.jp/,yes,,1Fロビー / 1F大ホールトイレ / 1F屋外,,,,yes,,yes,,yes,,,,,,,,,,,,,,,,,,multipurpose_toilet,みやざきアクセシビリティ情報マップ,https://m-bfree.pref.miyazaki.lg.jp/a_map/public/facilityAround/eyJpdiI6InNJblwvZVwvaGsxbUJKR1pDQ0tSaXhOdz09IiwidmFsdWUiOiJScEhqdExacmEweGNIWmUxZCtIUGxBPT0iLCJtYWMiOiI3OTg4MjFhYmVhOTNmM2ZmMmNiYWUyOTgzYmJmNzQ1NTY2MGM5NjMzNzU2YzFmYTdmMzM2NGU3ODI1OGNhMDRlIn0=,,F002400,男女共用トイレあり | 緊急通報装置あり | 調査日=2019-11-28,・ユニバ―サルシートはカウンターに申し出れば貸し出しあり
45,宮崎県,45202,都城市,,都城市高崎福祉保健センター,,,889-4505,都城市高崎町大牟田1340番地3,31.8821101,131.0633357,http://cms.city.miyakonojo.miyazaki.jp/display.php?cont=120925115209,yes,,,,,,yes,,yes,,yes,,,,,,,,,,,,,,,,,,multipurpose_toilet,みやざきアクセシビリティ情報マップ,https://m-bfree.pref.miyazaki.lg.jp/a_map/public/facilityAround/eyJpdiI6IlBxRmxWaFwvVlRwVUE2RWRrM04zXC9sdz09IiwidmFsdWUiOiJDYWxkaW1qN2lPYXpKaDhJZmo1ZFJ3PT0iLCJtYWMiOiJiZDZlOGJkNzM3ZWU3MjZlYjNhM2JmMTQ5MGMxMWI0NTFjMTU0YWZiYzJiZTIwMzc1Yzk1OGY4ZjY3NzUyNWQ0In0=,,F000893,男女共用トイレあり | 緊急通報装置あり | 調査日=2019-11-25,
45,宮崎県,45202,都城市,,都城市高城生涯学習センター,,,885-1202,都城市高城町穂満坊105番地,31.7996519,131.1309348,http://www.city.miyakonojo.miyazaki.jp/,yes,,,,,,yes,,yes,,yes,,,,,,,,,,,,,,,,,,multipurpose_toilet,みやざきアクセシビリティ情報マップ,https://m-bfree.pref.miyazaki.lg.jp/a_map/public/facilityAround/eyJpdiI6ImMrUG9LelhrelV0bDcrenhiTGtNK0E9PSIsInZhbHVlIjoiYjgrMzN1bUJ4UGpUc0VQYWZUd0tsQT09IiwibWFjIjoiMDVlZDA1YjMxNjA3ODk1MTgyYTA4ODZiYjFmNWVmMmQ4YjQyNGQ1ZDhjNjA1YzI1NzI0M2JjMzUzMTU5YzQ4NCJ9,,F001821,男女共用トイレあり | 緊急通報装置あり | 着替え台あり | 調査日=2019-11-19,
45,宮崎県,45202,都城市,,都城市長寿館,,,885-0081,都城市鷹尾3丁目4523番地2,31.725855,131.0438136,,yes,,,,,,,,,,,,,,,,,,,,,,,,,,,,multipurpose_toilet,みやざきアクセシビリティ情報マップ,https://m-bfree.pref.miyazaki.lg.jp/a_map/public/facilityAround/eyJpdiI6IlQwbkRlZjhWV05zZnJlbVdvZ21CeUE9PSIsInZhbHVlIjoiOExJZnpab1BvWmhlMUZXOEJkRm1qdz09IiwibWFjIjoiZDAxMzU1OGUzMGI4MmE2ZTZmODliMTgyNzA2M2RkZmZhM2QzNjJlMDcxZjZmMWVmNzI4YTI0ODY4NzQwYTc3ZSJ9,,F000707,男女共用トイレあり | 調査日=2020-03-19,
45,宮崎県,45202,都城市,,都城市点字図書館,,,885-0077,都城市松元町4-17,31.7221439,131.0591305,http://www.m-syakyo.or.jp/effort/braille-library/,yes,,１階 / ２階 / ３階,,,,,,,,,,,,,,,,,,,,,,,,,,multipurpose_toilet,みやざきアクセシビリティ情報マップ,https://m-bfree.pref.miyazaki.lg.jp/a_map/public/facilityAround/eyJpdiI6InRjWXl3RDJ1R2FSK3VFUW1jeWRWU2c9PSIsInZhbHVlIjoiUFR0eUk0c3NxYUZ6a2NMM0lndWVZUT09IiwibWFjIjoiMjI3ODUzNmE0NDczYzllY2Q5OGJkYmY0M2I5MGNhY2YzMjg3YjhlNGE0MTVlZDY2MjM3ZGIyMTg1YWY4YjRmZSJ9,,F000191,男女共用トイレあり | 緊急通報装置あり | 調査日=2019-11-22,
45,宮崎県,45202,都城市,,都城島津邸,,,885-0055,都城市早鈴町18-5,31.7182337,131.0680274,https://www.city.miyakonojo.miyazaki.jp/site/shimazu/,yes,,駐車場北側 / 島津伝承館１階,,,,yes,,yes,,yes,yes,,,,,,,,,,,,,,,,,multipurpose_toilet,みやざきアクセシビリティ情報マップ,https://m-bfree.pref.miyazaki.lg.jp/a_map/public/facilityAround/eyJpdiI6IjNkMjZpems4T0I0OHNTQ3FkamFXRXc9PSIsInZhbHVlIjoiTlhqTVFMZ08yY0w1WmZUNlZIdlorQT09IiwibWFjIjoiNGYwNzc1YmM3ZTk4YmM5MDJlZWQ4NGQ0ZTEzYjc1ZWIxOTBjZmFhNDJjZjhmNTQ5NjAxM2Y0NDA1ZmI4OTQ1MyJ9,,F001087,男女共用トイレあり | 調査日=2019-11-18,
45,宮崎県,45202,都城市,,都城市役所 高城総合支所 西別館,,,885-1295,都城市高城町穂満坊306番地,31.8002455,131.1302663,,yes,,１階,,,,,,,,,,,,,,,,,,,,,,,,,,multipurpose_toilet,みやざきアクセシビリティ情報マップ,https://m-bfree.pref.miyazaki.lg.jp/a_map/public/facilityAround/eyJpdiI6IjhzZVMwR3RDb0pjRFZONGFTSmd6Tnc9PSIsInZhbHVlIjoiTThKb3lnNDIxU1ZYTWt6ejRTQ29aZz09IiwibWFjIjoiMmZkMTliNWFiNDk0ZGJhNTA5ZmE5NTg3NjJhYTBkODI5OGU5ZDdhZGYzOGFhYmQ4NGUyZTM5ZWVjYmY3NTZjMSJ9,,F001559,男女共用トイレあり | 緊急通報装置あり | 調査日=2019-11-15,
45,宮崎県,45202,都城市,,都城市役所本庁舎,,,885-8555,都城市姫城町6街区21号,31.719543,131.061519,http://www.city.miyakonojo.miyazaki.jp,yes,,１階 / 地下1階,,,,yes,yes,yes,,,,,,,,,,,,,,,,,,,,multipurpose_toilet,みやざきアクセシビリティ情報マップ,https://m-bfree.pref.miyazaki.lg.jp/a_map/public/facilityAround/eyJpdiI6IlBFbloyTzdmNFlxV3h0WXFtUXc1RHc9PSIsInZhbHVlIjoiUXYraGRZZEJPWmFwanh6ZXBBYURndz09IiwibWFjIjoiNmQxYWNkZjgzYTI3ODBkNzA2YmI3NGE0YmFiYWVmOGM1MmI0YjFjNjQ1MDhmNjdiNTE4NjEwYWZiN2Y2ODFhNyJ9,,F000085,男女共用トイレあり | 緊急通報装置あり | 調査日=2019-11-22,
45,宮崎県,45202,都城市,,都城市役所南別館,,,885-8555,都城市姫城町11街区21号,31.719543,131.061519,,yes,,１階,,,,,,,,,,,,,,,,,,,,,,,,,,multipurpose_toilet,みやざきアクセシビリティ情報マップ,https://m-bfree.pref.miyazaki.lg.jp/a_map/public/facilityAround/eyJpdiI6IjNIQnRuT0lxNVVYOUNpN0VmTHNWZnc9PSIsInZhbHVlIjoiN1JFSWJZdGxTcmJnMlNSMDZqdTJNdz09IiwibWFjIjoiZTE0NWQ3ZDEyMTgzZjRjMmEyZWFmMmVkNTQ3ZmNiNjFlY2MzOWM5MDY2ODdiN2FlODIzNDgxNTUxODkxYWI0YSJ9,,F000148,男女共用トイレあり | 緊急通報装置あり | 調査日=2019-11-22,
45,宮崎県,45202,都城市,,都城市山田総合支所,,,889-4601,都城市山田町山田3881番地,31.8142826,131.039418,,yes,,屋外,,,,,,,,,,,,,,,,,,,,,,,,,,multipurpose_toilet,みやざきアクセシビリティ情報マップ,https://m-bfree.pref.miyazaki.lg.jp/a_map/public/facilityAround/eyJpdiI6InlpOUV3UUZXZXFrM1RjdHhRYlNITFE9PSIsInZhbHVlIjoicDB0WGR2czRveEFcL05XRmxndlRMcWc9PSIsIm1hYyI6IjgwMTk0NDNlOWNkMzFhNzEyNjI0ZDExM2M1NTZjNjJjZTJkOTdlNzRlYjdmNWRmNjk0YTBmZTJhNjFmOWI0NjMifQ==,,F001008,男女共用トイレあり | 緊急通報装置あり | 調査日=2013-09-10,
45,宮崎県,45202,都城市,,都城市立美術館,,,885-0073,都城市姫城町7街区18号,31.71926,131.060824,http://www.city.miyakonojo.miyazaki.jp/artmuseum/,yes,,１階,,,,yes,,,,,,,,,,,,,,,,,,,,,,multipurpose_toilet,みやざきアクセシビリティ情報マップ,https://m-bfree.pref.miyazaki.lg.jp/a_map/public/facilityAround/eyJpdiI6IlpcL0xjYkk0anZ4K1BJNGo2aDg0YmVnPT0iLCJ2YWx1ZSI6IjdleWR4S20wMmpDNWwrZHQxQkdaTmc9PSIsIm1hYyI6ImQ4M2E0MjVmY2NlZDU0YmRlOGE0OTA5OTNiN2Y2ZTUzMTczOTU0MWVkODI2MDJjZjNhMTg3YTg5ZjlhODk5OTAifQ==,,F000180,男女共用トイレあり | 調査日=2019-11-22,
45,宮崎県,45202,都城市,,都城地方合同庁舎,,,885-0072,都城市上町2街区11号,31.7226235,131.0618535,http://houmukyoku.moj.go.jp/miyazaki/,yes,,１階～7階,,,,yes,,yes,,yes,,,,,,,,,,,,,,,,,,multipurpose_toilet,みやざきアクセシビリティ情報マップ,https://m-bfree.pref.miyazaki.lg.jp/a_map/public/facilityAround/eyJpdiI6InhVQVVwQUdKVFdHWU03cDg3NTVYXC93PT0iLCJ2YWx1ZSI6ImtXWHZENVwvRjVSZEdMZGhVQ2hVeE9RPT0iLCJtYWMiOiJiMTEzYWFiZDYzY2RmNjI1MmMxYjBjOGRmNWEwNjFhNGU5Yzg0ZDdmNjIxMDc5NTVkMmFiMWQ5ZjQyNWM1MDBkIn0=,,F000185,男女共用トイレあり | 緊急通報装置あり | 調査日=2019-11-25,※水洗浄のオストメイトは２階にのみあります。
45,宮崎県,45202,都城市,,都城歴史資料館,,,885-0083,都城市都島町803番地（城山公園内）,31.7161653,131.0502531,http://cms.city.miyakonojo.miyazaki.jp/display.php?cont=120906142125,yes,,１階,,,,,,,,,,,,,,,,,,,,,,,,,,multipurpose_toilet,みやざきアクセシビリティ情報マップ,https://m-bfree.pref.miyazaki.lg.jp/a_map/public/facilityAround/eyJpdiI6IlwvYTViY3U1clB2WldYMzliU3FuQ2h3PT0iLCJ2YWx1ZSI6IndXQ2N2UGVzZDh5NnVmWlBORHViTnc9PSIsIm1hYyI6IjA1NzRiNzY1OGNhZWIxMWE3MDMzNDMzNzcwMTBhNzQ0ZjQ2OGI2OTBjYzQ3NDcxMmFlMDZjZjk2OWMyNGEzNzgifQ==,,F000705,男女共用トイレあり | 緊急通報装置あり | 調査日=2024-10-01,
45,宮崎県,45202,都城市,,都城市ファミリー・サポート・センター,,,885-0077,都城市松元町4街区14号,31.72209,131.059446,http://www.m-syakyo.or.jp/famisapo.html,yes,,,,,,,,,,,,,,,,,,,,,,,,,,,,multipurpose_toilet,みやざきアクセシビリティ情報マップ,https://m-bfree.pref.miyazaki.lg.jp/a_map/public/facilityAround/eyJpdiI6ImRNdHNuVGg5aHFkZXlkMXp3VUZGdGc9PSIsInZhbHVlIjoiVHRFVndLVGpUeHFOdFpXNnRQNWRidz09IiwibWFjIjoiNjdhNTIwNjgxZDM5OTM3NzcxZmU3NzNjNjQ4ODYxYzEzYzc0NGFmMmZlZjQ1ODc1MTNkMzk4NWMwMWVjMjA4NyJ9,,F001712,男女共用トイレあり | 調査日=2013-09-06,
45,宮崎県,45201,宮崎市,,みやざきアートセンター,,,880-0001,宮崎市橘通西3丁目3-27,31.914663,131.422466,https://miyazaki-ac.com/,yes,,3Fエレベーター降りてすぐ左の通路奥 / 4Fエレベーター降りてすぐ左の通路奥 / 1Fフロアの奥,,,,yes,,yes,,yes,,,,,,,,,,,,,,,,,,multipurpose_toilet,みやざきアクセシビリティ情報マップ,https://m-bfree.pref.miyazaki.lg.jp/a_map/public/facilityAround/eyJpdiI6InFyUUxJMURITENNRnJPT2tMY3ZmXC9BPT0iLCJ2YWx1ZSI6IlJcL2p4U3hETm1zK0lva2pHZFNwOGJBPT0iLCJtYWMiOiIwZGJkY2U4NWJjZWEzMmQ3NjY3YTM2ODJjNjFlZTIyN2JhOWJlODAyMGYxMTcwOWQ2MTQ4YzJjNzBjNzNkYjM1In0=,,F002365,男女共用トイレあり | 緊急通報装置あり | 調査日=2019-11-16,・1Fトイレはみやざきアートセンターの管轄ではないので注意 / ・一般トイレにも男女一か所ずつ手すり付きトイレがある
45,宮崎県,45201,宮崎市,,宮崎イエス之御霊教会,,,880-0823,宮崎市北権現町57-14,31.9326287,131.4297673,,yes,,,,,,,,,,,,,,,,,,,,,,,,,,,,multipurpose_toilet,みやざきアクセシビリティ情報マップ,https://m-bfree.pref.miyazaki.lg.jp/a_map/public/facilityAround/eyJpdiI6IkE2aWFcL2YzOUlnTDJoZWs3SjMyOHJBPT0iLCJ2YWx1ZSI6Im1iNVpVeVwvSXBZSFwveG4xWGFZYmlqQT09IiwibWFjIjoiNTQ4ZWQwNTE3MDI2MzdmYTM1MWY2MDAwMTYzY2ZiNzgwNzMyNmRkYzA3MmE0M2VhOWRiMmM4YzZkMTlhYjVjZSJ9,,F001273,男女共用トイレあり,
45,宮崎県,45201,宮崎市,,みやざきNPOハウス（宮崎NPO活動支援センター）,,,880-0014,宮崎市鶴島2-9-6みやざきNPOハウス404号,31.911454,131.4127383,http://www.bunkahonpo.or.jp/N-house/n-house.htm,yes,,,,,,,,,,,,,,,,,,,,,,,,,,,,multipurpose_toilet,みやざきアクセシビリティ情報マップ,https://m-bfree.pref.miyazaki.lg.jp/a_map/public/facilityAround/eyJpdiI6IlhObERYMXBBdnNDTnlSR3Q4c2RBRnc9PSIsInZhbHVlIjoiZUlWeVA3MVBMRlVCQm1rdVdkVlk3QT09IiwibWFjIjoiNWY4OWQwZTUyYjA5YWY0ZDMzZmFhMmM5YTgxOWJmNmYxYjgxZjVkNGJjM2QxYmViM2Q1MjU5MjA5ZDNkNDhmMyJ9,,F000905,男女共用トイレあり | 調査日=2013-08-30,
45,宮崎県,45201,宮崎市,,宮崎大宮高校体育館,,,880-0056,宮崎市神宮東1丁目3-10,31.9335465,131.425727,http://www.miyazaki-c.ed.jp/miyazakiohmiya-h/,yes,,,,,,,,,,,,,,,,,,,,,,,,,,,,multipurpose_toilet,みやざきアクセシビリティ情報マップ,https://m-bfree.pref.miyazaki.lg.jp/a_map/public/facilityAround/eyJpdiI6IkwzU0RuRXhERWVwRVJGQ2ZxZDZtVVE9PSIsInZhbHVlIjoiVW1yamNvTW42WXh6a1dvOEo5UUt0QT09IiwibWFjIjoiYTRkMGY3ZGE1YmY1ODY3OTJjNWVlOGVmZDIzOTQ4MDZlYjZiODA5MDVjZjNhMTVmM2Q4NjRkZTcxNTg3NzNlMCJ9,,F001269,男女共用トイレあり,
45,宮崎県,45201,宮崎市,,宮崎科学技術館,,,880-0879,宮崎市宮崎駅東一丁目2番地2,31.9144707,131.4338211,http://cosmoland.miyabunkyo.com/,yes,,3階 / １階,,,,,,yes,,,,,,,,,,,,,,,,,,,,multipurpose_toilet,みやざきアクセシビリティ情報マップ,https://m-bfree.pref.miyazaki.lg.jp/a_map/public/facilityAround/eyJpdiI6IlNTcDNXMjY3N0h0d1ZabmFuMmVjRHc9PSIsInZhbHVlIjoiMG4zOUl3cWdHWVY5ME1yMFVLUWx1QT09IiwibWFjIjoiZGYzNTRlZTAzODcyMGQyYmEzOGRhOWQ3NzkxNmM0Yjc0Yzg5MTY3OGZiNGRkY2NkMjM4ZDc4M2MxMzFmYjUyYiJ9,,F000350,男女共用トイレあり | 緊急通報装置あり | 調査日=2019-11-18,
45,宮崎県,45201,宮崎市,,宮崎観光ホテル,,,880-8512,宮崎市松山1丁目1番1号,31.905684,131.4267824,http://www.miyakan-h.com/,yes,,西館1F・売店横通路 / 東館1Fロビー（結婚式場の手前のトイレ）,,,,yes,,,,yes,,,,,,,,,,,,,,,,,,multipurpose_toilet,みやざきアクセシビリティ情報マップ,https://m-bfree.pref.miyazaki.lg.jp/a_map/public/facilityAround/eyJpdiI6Inl4K0xGelF2eWpjSmRqWEpZVWU5OVE9PSIsInZhbHVlIjoidVlvWE9mNGFSSzlwaFc0VWJaWExhQT09IiwibWFjIjoiMmNiNzZmOWNmOWE2OTVjZWY3OTZlNmY1YzA3NGY0MmNjMzNiZjNkM2IzZGJiYTc0MDQ1ZmYyNDJmZDEyZDBkMSJ9,,F000131,男女共用トイレあり | 緊急通報装置あり | 調査日=2019-12-06,・2F「一木一草」前の女性用トイレにはベビーシートがある / ・東館1Fの多目的トイレの戸（引き戸）はストッパーが効きづらい
45,宮崎県,45201,宮崎市,,宮崎北警察署,,,880-0818,宮崎市錦本町4番8号,31.9211364,131.4293305,,yes,,1階,,,,,,,,,,,,,,,,,,,,,,,,,,multipurpose_toilet,みやざきアクセシビリティ情報マップ,https://m-bfree.pref.miyazaki.lg.jp/a_map/public/facilityAround/eyJpdiI6IllzeitHUnA0NTlQTXNJaWw1QXliN1E9PSIsInZhbHVlIjoiWmNIUXJLTm1DMFlHMGxZbXBaMGJXdz09IiwibWFjIjoiMTE4N2QzNGQwMWFkN2VlNWM4NDkzNjY1NWYwYTNjMDZmZmQ3NDlkNmMzZTQwOGVlOWRhMTNmODk5YmU3NDExYSJ9,,F000168,男女共用トイレあり | 緊急通報装置あり | 調査日=2002-09-01,
45,宮崎県,45201,宮崎市,,宮崎北警察署蓮ケ池交番,,,880-0123,宮崎市大字芳士888,31.9672405,131.4398629,,yes,,１階,,,,yes,,,,,,,,,,,,,,,,,,,,,,multipurpose_toilet,みやざきアクセシビリティ情報マップ,https://m-bfree.pref.miyazaki.lg.jp/a_map/public/facilityAround/eyJpdiI6ImRkOExiaFFRejhCVjBJU3hGdm1VYlE9PSIsInZhbHVlIjoiT1hiZTlPQnNNUzJWcXlsK1FaSHZ1Zz09IiwibWFjIjoiN2QxMzNlZTU5OTA1OTI3MjhlOWNiN2M2ODQ2NDllNDQ2YzA2YmExOWQ5M2I2OWVlNDNlNTQ5MzkxMDljMmNkZSJ9,,F001183,男女共用トイレあり | 緊急通報装置あり | 調査日=2002-09-01,
45,宮崎県,45201,宮崎市,,宮崎北警察署 佐土原町交番,,,880-0211,宮崎市佐土原町下田島9526-3,32.02657,131.4751402,,yes,,１階,,,,,,,,,,,,,,,,,,,,,,,,,,multipurpose_toilet,みやざきアクセシビリティ情報マップ,https://m-bfree.pref.miyazaki.lg.jp/a_map/public/facilityAround/eyJpdiI6IlhZRkFSMXVaWDdhNG1JRmpFenBzc3c9PSIsInZhbHVlIjoia2JWMlJSamxqSE1wdmJpaDJEMGRoUT09IiwibWFjIjoiMmIzYzZmNWQzZjBiOTdlMjVlMDYxNDkzODY5NDQ4ZDRkMjg2YTFkMTM4OGMxNmNlMmY0M2M4YmZmZGVhM2JhMyJ9,,F001492,男女共用トイレあり | 緊急通報装置あり | 調査日=2002-09-01,
45,宮崎県,45203,延岡市,,株式会社宮崎銀行祇園町支店,,,882-0041,延岡市北小路1-1,32.5850072,131.6671498,http://www.miyagin.co.jp/,yes,,,,,,yes,,,,,,,,,,,,,,,,,,,,,,multipurpose_toilet,みやざきアクセシビリティ情報マップ,https://m-bfree.pref.miyazaki.lg.jp/a_map/public/facilityAround/eyJpdiI6IkhTcjNlTmdrRUZiMTRUT05wWXh3TWc9PSIsInZhbHVlIjoiODVtQ0xjMTRKZHNSQmNZcTB2ckFEdz09IiwibWFjIjoiNTEyMDgyMjVlZjgyZDJjNGMzM2FiY2VmYjA1ZTlhNTMyMjkzODhlZTVjNzNhZjdlZDhmMjcxMDdlYjI3ZjMzMCJ9,,F001340,男女共用トイレあり | 調査日=2013-09-03,
45,宮崎県,45201,宮崎市,,株式会社宮崎銀行佐土原支店,,,880-0211,宮崎市佐土原町下田島9828の1,32.0237236,131.4759469,http://www.miyagin.co.jp/,yes,,,,,,yes,,yes,,yes,,,,,,,,,,,,,,,,,,multipurpose_toilet,みやざきアクセシビリティ情報マップ,https://m-bfree.pref.miyazaki.lg.jp/a_map/public/facilityAround/eyJpdiI6IkU3RlJvRkVSejlCSmozeFdGRGhyanc9PSIsInZhbHVlIjoiMWFnK0ZoMzR1OUlGU01pOXR5QjlqUT09IiwibWFjIjoiNmYxNmQ2YWQ1Zjc3NmEwNDQzOTc1ZTliMTQ0Y2EwMWRmMGY4NmZhMjg3NmY2MWI4MWM3YmVkZDI3YjE1NTYzZSJ9,,F001509,男女共用トイレあり | 緊急通報装置あり | 調査日=2019-11-12,
45,宮崎県,45201,宮崎市,,株式会社宮崎銀行高岡支店,,,880-2222,宮崎市高岡町五町字大丸193番地,31.9556997,131.3015074,http://www.miyagin.co.jp/,yes,,,,,,,,yes,,,,,,,,,,,,,,,,,,,,multipurpose_toilet,みやざきアクセシビリティ情報マップ,https://m-bfree.pref.miyazaki.lg.jp/a_map/public/facilityAround/eyJpdiI6InA2VE02WUljVHcxY2F4MGVOekx4eHc9PSIsInZhbHVlIjoiRzh3d0lGeUp6XC8xTzRLbDJSXC9aVDVBPT0iLCJtYWMiOiIyMWY3NjcyNWI3ZjM3ZjBiMmE1NmMyYTQ3NThkMDZkMzI3YzNjNDZhNmFkMzI3OWRjNjc4NGIyOWI4NWY2NTEzIn0=,,F001540,男女共用トイレあり | 調査日=2019-11-12,
45,宮崎県,45203,延岡市,,株式会社宮崎銀行土々呂支店,,,889-0513,延岡市土々呂町4丁目4146,32.5096406,131.6811671,http://www.miyagin.co.jp/,yes,,１階,,,,,,,,,,,,,,,,,,,,,,,,,,multipurpose_toilet,みやざきアクセシビリティ情報マップ,https://m-bfree.pref.miyazaki.lg.jp/a_map/public/facilityAround/eyJpdiI6IjFWXC9BSkNrdnMyRFMrdHhFbjBqb2R3PT0iLCJ2YWx1ZSI6IllzWHhqajV6eGxkZTBYbkpKQ1NPOGc9PSIsIm1hYyI6IjY0ZmM3NDdiY2RlMDM2MjRkNzdiN2Y4NDNlZjI1N2M2Mzc3NDdiZDQwNzU0NzcxNzg4MTljYTQ5NTBkNWIxODEifQ==,,F001411,男女共用トイレあり | 緊急通報装置あり | 調査日=2013-09-12,
45,宮崎県,45201,宮崎市,,株式会社宮崎銀行東宮崎支店,,,880-0874,宮崎市宮崎駅東1丁目4-2,31.9152567,131.4336742,http://www.miyagin.co.jp/,yes,,施設内,,,,yes,,,,yes,,,,,,,,,,,,,,,,,,multipurpose_toilet,みやざきアクセシビリティ情報マップ,https://m-bfree.pref.miyazaki.lg.jp/a_map/public/facilityAround/eyJpdiI6IjFGR1NIQ2Fxb01HVGY4cjdmbzJjOVE9PSIsInZhbHVlIjoiUUNGQWx5djZBTjl6NnJxNFBNVlU2dz09IiwibWFjIjoiNWY5Yzk0N2IzOWNhOTIxMDU5Nzk1MDA3Y2UzYzA4NDlmNTkwMzQzMjkxNjA0YjRiNDc2MmZlMGE3NjczYmQ1OCJ9,,F000011,男女共用トイレあり | 緊急通報装置あり | 調査日=2019-11-12,
45,宮崎県,45206,日向市,,株式会社宮崎銀行日向支店,,,883-0045,日向市本町13番9号,32.4237368,131.6256024,http://www.miyagin.co.jp/,yes,,施設内,,,,yes,,,,yes,,,,,,,,,,,,,,,,,,multipurpose_toilet,みやざきアクセシビリティ情報マップ,https://m-bfree.pref.miyazaki.lg.jp/a_map/public/facilityAround/eyJpdiI6IjZreEZ2UVFHcjQ5cVwvdFc0V2daZkxBPT0iLCJ2YWx1ZSI6IlBoZkdOVWJqTnhHWms2TUJOb1JldEE9PSIsIm1hYyI6IjM5NGZmZTc5YzQ0ZTFhY2I3MTUzZDVkYmFkYzZiYzg4MmE2MDM1MzQ4OGVhNWY3ZWE3MDJmYTQxZjJhM2JkZDYifQ==,,F000413,男女共用トイレあり | 緊急通報装置あり | 調査日=2019-11-12,
45,宮崎県,45201,宮崎市,,株式会社宮崎銀行本店営業部,,,880-0805,宮崎市橘通東4丁目3番5号,31.9190263,131.424142,http://www.miyagin.co.jp/,yes,,１階,,,,yes,,,,,,,,,,,,,,,,,,,,,,multipurpose_toilet,みやざきアクセシビリティ情報マップ,https://m-bfree.pref.miyazaki.lg.jp/a_map/public/facilityAround/eyJpdiI6IjR1Mm9GSk9pWE9wTTRDb3hKbWE4U0E9PSIsInZhbHVlIjoiSVZTXC95MnlGOFMrRndBUTR2b2xNd3c9PSIsIm1hYyI6ImQ1YjI5NDhkNzc2M2Y4YWFkZWEzMDg1YjFkY2NiODk2ZTczNWZkNTQ2MDQzN2QwNGQ2OGJiNzQ2M2Y4MmQzYzAifQ==,,F000174,男女共用トイレあり | 緊急通報装置あり | 調査日=2019-11-12,
45,宮崎県,45201,宮崎市,,株式会社宮崎銀行南宮崎支店,,,880-0916,宮崎市大字恒久字今井手907－7,31.8912351,131.4087086,http://www.miyagin.co.jp/,yes,,,,,,yes,,yes,,,,,,,,,,,,,,,,,,,,multipurpose_toilet,みやざきアクセシビリティ情報マップ,https://m-bfree.pref.miyazaki.lg.jp/a_map/public/facilityAround/eyJpdiI6Ims2UXhtVTMwcnU5NFBWV3doRk9McVE9PSIsInZhbHVlIjoiTXdsZzRHMnFnUWk1anpmd0xuZmR5QT09IiwibWFjIjoiMzEyYmMxNjE1NTAxM2I5YzEzZTdkZWQ2OGUzMWM3NzBiODUzNzk1MzhhNWFmZWEzNjFhYzMyMmIwZmI0ODYxNSJ9,,F000865,男女共用トイレあり | 調査日=2013-09-02,
45,宮崎県,45201,宮崎市,,株式会社宮崎銀行南宮崎支店,,,880-0916,宮崎市大字恒久字今井手907-7,31.8912351,131.4087086,http://www.miyagin.co.jp,yes,,,,,,yes,yes,yes,,,,,,,,,,,,,,,,,,,,multipurpose_toilet,みやざきアクセシビリティ情報マップ,https://m-bfree.pref.miyazaki.lg.jp/a_map/public/facilityAround/eyJpdiI6IldQTzJEZE1nb21WYXJBRDFNeTZITFE9PSIsInZhbHVlIjoiNXlMekhNc3FYVHl3ZHR5NEpkaTZ6UT09IiwibWFjIjoiMjIyOTk0YTNmMzZkNTU3Mjc1YzY5ZjMwZWVmNWI2NTc1M2Q4NzY4NDI1Nzc5YmMzMzg3M2U2Y2YyYjY3NmQxYiJ9,,F000239,男女共用トイレあり | 緊急通報装置あり | 調査日=2019-11-06,
45,宮崎県,45202,都城市,,株式会社宮崎銀行都城営業部,,,885-0072,都城市上町8-13,31.7242534,131.0628563,http://www.miyagin.co.jp/,yes,,,,,,yes,,yes,,yes,,,,,,,,,,,,,,,,,,multipurpose_toilet,みやざきアクセシビリティ情報マップ,https://m-bfree.pref.miyazaki.lg.jp/a_map/public/facilityAround/eyJpdiI6IjE0bm1qUTR3KzM0ZXYxRjhIbmlIb0E9PSIsInZhbHVlIjoiZ2piRXZmXC9jcngwVGEwWGdLQkYzXC9RPT0iLCJtYWMiOiJiNzA0MmZlMDg2ZGJmYWNiY2Q2MTY4ZmVlNDkxMTlkOWM2MjE0MjJiNTlhMjM0ODUyYzA0ODkyNWIwYTBhMWE1In0=,,F001873,男女共用トイレあり | 緊急通報装置あり | 調査日=2019-11-15,
45,宮崎県,45202,都城市,,株式会社宮崎銀行都城市役所出張所,,,885-0073,都城市姫城町6-21,31.7195323,131.0613745,http://www.miyagin.co.jp/,yes,,,,,,,,,,,,,,,,,,,,,,,,,,,,multipurpose_toilet,みやざきアクセシビリティ情報マップ,https://m-bfree.pref.miyazaki.lg.jp/a_map/public/facilityAround/eyJpdiI6IllreWhWUitSTVdLamtvU1RuNlVUNkE9PSIsInZhbHVlIjoiYThZZmdEbUxGWXFLNWN6ZEJVTkF4QT09IiwibWFjIjoiN2RkMTJjYmJlNzBmOTUyN2YwYWRjNWM0ZTk0MjE1NDI3MjlmYjA2MDcwODVhNTMzOTUxMmZiNTU0NTYxYjg1NyJ9,,F000090,男女別トイレあり | 調査日=2002-09-06,
45,宮崎県,45201,宮崎市,,株式会社宮崎銀行宮崎支店,,,880-0805,宮崎市橘通東1丁目7番4号,31.9088684,131.4221337,http://www.miyagin.co.jp/,yes,,1階,,,,,,,,,,,,,,,,,,,,,,,,,,multipurpose_toilet,みやざきアクセシビリティ情報マップ,https://m-bfree.pref.miyazaki.lg.jp/a_map/public/facilityAround/eyJpdiI6Ik5xQWVyMHFwNjNhenpHMFF3aHptQnc9PSIsInZhbHVlIjoieVFwZnRMZ0pJTnZTUXhwTFJXZU54Zz09IiwibWFjIjoiMzJiZjUyMGEyYjQwZTRhY2Q4NWQ5M2FkMWEwMjVjMDUzMWZhY2E3NDU3MmE2MmEyMTYxMDhhZjhhZGVkZGRiYyJ9,,F000332,男女共用トイレあり | 緊急通報装置あり | 調査日=2002-09-19,
45,宮崎県,45201,宮崎市,,株式会社宮崎銀行宮崎市役所出張所,,,880-0001,宮崎市橘通西1丁目1番1号,31.9077329,131.4201732,http://www.miyagin.co.jp/,yes,,,,,,,,,,,,,,,,,,,,,,,,,,,,multipurpose_toilet,みやざきアクセシビリティ情報マップ,https://m-bfree.pref.miyazaki.lg.jp/a_map/public/facilityAround/eyJpdiI6IlpzSnpJOTg5YW1CRGJ4TVVTMFNNS2c9PSIsInZhbHVlIjoiWmJFQVFWcTQ0Rmk4UGRjR0xGSVZPQT09IiwibWFjIjoiODk5MDg5ODJlYjg1Yjc5NDk0NTJiOTU0M2YzYWMyNzQxMTg2MThkNWJkNDMwNDZjZmFhZmMyMDY3NjRmNTFlNyJ9,,F000311,調査日=2013-09-03,
45,宮崎県,45201,宮崎市,,宮崎グリーンスフィア壱番館 KITEN,,,880-0811,宮崎市錦町1-10,31.916338,131.4313075,http://www.m-kiten.jp/,yes,,,,,,,,yes,,,,,,,,,,,,,,,,,,,,multipurpose_toilet,みやざきアクセシビリティ情報マップ,https://m-bfree.pref.miyazaki.lg.jp/a_map/public/facilityAround/eyJpdiI6Im0wNzJRa0VlaHIrM1h4cFc1ZGp6V1E9PSIsInZhbHVlIjoiN1hxN0grRXViaU1YVFhTV1wvbERNTFE9PSIsIm1hYyI6IjFlMWNkNTY2YzNmOTYyNDViMjZjZTM4NTBkMWMxZTQ4NjE3YjliM2MzMTRkZTM1ZTYwOGQ1YzdkM2Y5NTIxYmYifQ==,,F002106,男女共用トイレあり,
45,宮崎県,45201,宮崎市,,宮崎グリーンホテル,,,880-0022,宮崎市大橋2丁目36番1号,31.9195229,131.4110722,https://www.miyazaki-green.co.jp/,yes,,１階,,,,yes,,,,,,,,,,,,,,,,,,,,,,multipurpose_toilet,みやざきアクセシビリティ情報マップ,https://m-bfree.pref.miyazaki.lg.jp/a_map/public/facilityAround/eyJpdiI6IkE1cXVCakkxMWpNU1VRWGt3ZmN5OHc9PSIsInZhbHVlIjoiNVc5NVZKRTAwcU1ORzJiZjlhYUhVdz09IiwibWFjIjoiOGY1OGQzNGE2NjVhZWE5N2I3ZWUyNTc2YWQ1ZWYwNTVkNmE0NWE5NzNjNTRhYTg5MmU2M2I0OTk5ZGM5OGYyZiJ9,,F000105,男女共用トイレあり | 緊急通報装置あり | 調査日=2026-06-16,
45,宮崎県,45201,宮崎市,,宮崎県防災庁舎,,,880-0805,宮崎市橘通東1丁目9番18号,31.909584,131.423754,,yes,,1～9階,,,,yes,yes,,,,yes,,,,,,,,,,,,,,,,,multipurpose_toilet,みやざきアクセシビリティ情報マップ,https://m-bfree.pref.miyazaki.lg.jp/a_map/public/facilityAround/eyJpdiI6IjFoeDR1OVdFWTFcL0F5aTdoXC80R2h4Zz09IiwidmFsdWUiOiI5MXYyTXNXaXdjd2w4bWt6VGZOYVhBPT0iLCJtYWMiOiI2OWEwOWExOTQ4ZWQ1MGUyYWViNmQ2YmU0YTk0NjFmMTFhYjViMTI2MGFiZWU1MzQ0ZjExM2U4OTgyMDFmZDE1In0=,,F002511,男女共用トイレあり | 緊急通報装置あり | 着替え台あり | 調査日=2020-10-26,・トイレ内に音声案内がある / ・１、２階の多目的トイレにオストメイトがある
45,宮崎県,45201,宮崎市,,宮崎県遺族会館,,,880-0012,宮崎市末広1丁目5-19,31.9121241,131.4189209,,yes,,,,,,,,,,,,,,,,,,,,,,,,,,,,multipurpose_toilet,みやざきアクセシビリティ情報マップ,https://m-bfree.pref.miyazaki.lg.jp/a_map/public/facilityAround/eyJpdiI6IlRHSytOTkVQY2tUXC9SVExYZVQyYUN3PT0iLCJ2YWx1ZSI6Im1rSWMxMnJFcnhCMSt4WDZlRzlLR2c9PSIsIm1hYyI6ImJmOWI1YTc3NjNkMmU2YTQwYTZlNGQxMjE0M2NiZWYxY2RiNzUzZTY4ZmE2NDI5YzdkNDViOWVlNjU0NWU3YWIifQ==,,F000262,男女共用トイレあり,
45,宮崎県,45201,宮崎市,,宮崎県衛生環境研究所,,,889-2155,宮崎市学園木花台西2丁目3-2,31.8332586,131.4154492,http://www.pref.miyazaki.lg.jp/contents/org/fukushi/eikanken/,yes,,１階,,,,yes,,,,,,,,,,,,,,,,,,,,,,multipurpose_toilet,みやざきアクセシビリティ情報マップ,https://m-bfree.pref.miyazaki.lg.jp/a_map/public/facilityAround/eyJpdiI6IlhXQ00zSUlxbWxxbUVGWk1QM0IrMkE9PSIsInZhbHVlIjoiZE9EOGZvRGJzODJmODNrNlBzdlpjZz09IiwibWFjIjoiY2NiYzMwNjIxN2Q3ZGI0NWI4NzU1ODk4YmFhZmIzNzkzNTM2NmExZjJkY2I2OWVkNjZkMDAwNjNlMjFlZWY0ZSJ9,,F001192,男女共用トイレあり | 緊急通報装置あり | 調査日=2019-11-12,
45,宮崎県,45201,宮崎市,,宮崎県議会棟,,,880-8501,宮崎市橘通東2-10-1,31.9107362,131.4231554,http://www.pref.miyazaki.lg.jp/gikai/,yes,,４階 / ３階 / ２階 / １階,,,,yes,,,,,,,,,,,,,,,,,,,,,,multipurpose_toilet,みやざきアクセシビリティ情報マップ,https://m-bfree.pref.miyazaki.lg.jp/a_map/public/facilityAround/eyJpdiI6IklSSXkzbTliVlFMMXJvUlFoSHdGWGc9PSIsInZhbHVlIjoibm95N0p1dEVocFBadTFac2hyaGU5QT09IiwibWFjIjoiYzRlZmZkZjM5ZGRlM2MxYWY5YzZkMmRiMTcyMmM4ZDA1NGY1MGQ3M2VhY2NmMjExNDMzNmQ1OTllZDViNmM4MyJ9,,F001067,男女共用トイレあり | 緊急通報装置あり | 調査日=2019-11-22,
45,宮崎県,45201,宮崎市,,宮崎県企業局,,,880-0803,宮崎市旭1丁目2番2号,31.9094023,131.4245897,https://www.pref.miyazaki.lg.jp/kigyokyoku/index.html,yes,,1階,,,,,,,,,,,,,,,,,,,,,,,,,,multipurpose_toilet,みやざきアクセシビリティ情報マップ,https://m-bfree.pref.miyazaki.lg.jp/a_map/public/facilityAround/eyJpdiI6IjB5aEsrTGprbVdSZm01ek9GaVRRTXc9PSIsInZhbHVlIjoiY0RYS3dhR3lrYnpndnBseWdoZDM1UT09IiwibWFjIjoiZTg1ZjgyMmJiYTQ0ZjFlZGJiNzUzNjY2Zjk3ODliZGM2MDFjZWJiOWNmMWZhOTRmMDM5NTJiMDg5M2UzYWM5NiJ9,,F000348,男女共用トイレあり | 緊急通報装置あり | 調査日=2019-11-19,
45,宮崎県,45201,宮崎市,,宮崎県北警察署江平交番,,,880-0052,宮崎市丸山2丁目270番地4,31.9303751,131.4250758,,yes,,,,,,,,,,,,,,,,,,,,,,,,,,,,multipurpose_toilet,みやざきアクセシビリティ情報マップ,https://m-bfree.pref.miyazaki.lg.jp/a_map/public/facilityAround/eyJpdiI6IlowVmdiamIxb29aVFJDdjVaQ09USlE9PSIsInZhbHVlIjoieGREUnpZSnJTSHFIcmcyQThvcmtNQT09IiwibWFjIjoiMjU5NWQ2NDA4NDllY2QxMTU5N2JmZGFmNmI3MjdlMTA5ZmFhMjcyM2VmOTBkZDM0ODg4MGZmZGU2ZWU2YjA3MCJ9,,F000828,男女共用トイレあり | 調査日=2010-09-02,
45,宮崎県,45202,都城市,,宮崎県北諸県農業改良普及センター,,,885-0003,都城市高木町6464番地,31.7821526,131.1008865,,yes,,2階 / １階,,,,,,,,,,,,,,,,,,,,,,,,,,multipurpose_toilet,みやざきアクセシビリティ情報マップ,https://m-bfree.pref.miyazaki.lg.jp/a_map/public/facilityAround/eyJpdiI6Ikd2UHlqTGV0TDcxYkUyRmtpWFQ2clE9PSIsInZhbHVlIjoiSkhvb1hDU0JzdGhDUmF1TlBRSlc0UT09IiwibWFjIjoiZmZjYWQyYzkwNjA0YTVlZmIwZjI5N2MzYzQxNDI5NDUwOWQ5OGI0NjFhYmI0ODNiM2Y4MTk4NmM5NmRmNTRlMSJ9,,F001820,男女共用トイレあり | 緊急通報装置あり | 調査日=2019-11-25,
45,宮崎県,45201,宮崎市,,宮崎県警察本部,,,880-8509,宮崎市旭1丁目8番28号,31.9098609,131.4272156,https://www.pref.miyazaki.lg.jp/police/,yes,,1階,,,,yes,,,,,,,,,,,,,,,,,,,,,,multipurpose_toilet,みやざきアクセシビリティ情報マップ,https://m-bfree.pref.miyazaki.lg.jp/a_map/public/facilityAround/eyJpdiI6IlVFakx4VXVVWWhlTVNxMmNOd0hocnc9PSIsInZhbHVlIjoiMHZ1Nk1FM1NaOUIzWDhIaVVCZTg4UT09IiwibWFjIjoiMjhhZjY5MjY3YmIxNmI1MGQ4N2U3N2JiZmMxNmQzMDlhZGU5MDIzNjlmZjkxYmIxNDAwODAyNTQ1OWE3YzFhZiJ9,,F001243,男女共用トイレあり | 緊急通報装置あり | 調査日=2019-11-25,
45,宮崎県,45201,宮崎市,,宮崎県工業技術センター,,,880-0303,宮崎市佐土原町東上那珂16500番2,32.0363733,131.421263,https://www.iri.pref.miyazaki.jp/,yes,,,,,,,,,,,,,,,,,,,,,,,,,,,,multipurpose_toilet,みやざきアクセシビリティ情報マップ,https://m-bfree.pref.miyazaki.lg.jp/a_map/public/facilityAround/eyJpdiI6IllDcTl3RFBwVXpkVVluZDRMN2RkT1E9PSIsInZhbHVlIjoiMlJXZjAyY3FHUWI3alhaUEFuSDd3Zz09IiwibWFjIjoiYWY1MDdlZGM3Yzk2Y2ZhYTk4YzA2NTM5MzhhOTYyYmM4Nzc5NzVkODViMDhhMGE5N2Y4Yzg3Nzc5NDg2OWEwOSJ9,,F000671,男女共用トイレあり | 緊急通報装置あり | 調査日=2019-11-25,
45,宮崎県,45201,宮崎市,,宮崎県護国神社,,,880-0053,宮崎市神宮2丁目4-3,31.9365319,131.4215967,http://miyazaki-gokoku.jp/,yes,,社務所横の参拝者待合室の奥,,,,yes,,,,,,,,,,,,,,,,,,,,,,multipurpose_toilet,みやざきアクセシビリティ情報マップ,https://m-bfree.pref.miyazaki.lg.jp/a_map/public/facilityAround/eyJpdiI6IkhZQjNwd25NVmRRUHpwZ3o2cndLUFE9PSIsInZhbHVlIjoiRzZvY3hteUJJZmNSbGh0NzduaVIzUT09IiwibWFjIjoiNjIzYzFhNzM0YWM2NGUyOWExN2VmZTY0ZjE0Y2E2ZDA1OWU0NDVlN2RlNThjN2EzZGUxMWY3NzU5MzhiNTI0MCJ9,,F001991,男女共用トイレあり | 調査日=2019-12-06,
45,宮崎県,45205,小林市,,宮崎県小林総合庁舎,,,886-0004,小林市細野367-2,31.998337,130.970006,,yes,,１階,,,,,,,,,,,,,,,,,,,,,,,,,,multipurpose_toilet,みやざきアクセシビリティ情報マップ,https://m-bfree.pref.miyazaki.lg.jp/a_map/public/facilityAround/eyJpdiI6InJhUnd3RVU5VXp4TGlPaFpDb1pKU3c9PSIsInZhbHVlIjoiRGtZcU1SbExYb3k0UWl0R3h1NWNidz09IiwibWFjIjoiMzkwMTk3NDliODk4Y2NiNzZjZGFiYzE4YTU3ZmFiNjE0MWJhNWI5YzI5ODAwMDFjMzI4ODU2N2U4OTA3MjBlYyJ9,,F001648,男女共用トイレあり | 緊急通報装置あり | 調査日=2013-09-04,
45,宮崎県,45208,西都市,,宮崎県児湯農業改良普及センター,,,881-0023,西都市大字調殿812,32.1156705,131.4115646,,yes,,１階,,,,,,,,,,,,,,,,,,,,,,,,,,multipurpose_toilet,みやざきアクセシビリティ情報マップ,https://m-bfree.pref.miyazaki.lg.jp/a_map/public/facilityAround/eyJpdiI6IldHU09mdkE4TWtUTGxRTUcxY1dKb3c9PSIsInZhbHVlIjoiUmxyaFF1SzJocEFsNVY1cHVWZncyUT09IiwibWFjIjoiNjg1ZGExNzNlZGI4ODc0MTE4YzAzZmE0MmI5ZDdiYzNhZjRmNjRkYzdjNDBiOTg5MzUzM2FlYzRlY2ZjZGEzNyJ9,,F001352,緊急通報装置あり | 調査日=2013-09-06,
45,宮崎県,45421,門川町,,宮崎県済生会日向病院,,,889-0692,門川町南町4丁目128番地,32.4580184,131.647597,http://www.hyuga.saiseikai.or.jp,yes,,１階,,,,yes,,yes,,,yes,,,,,,,,,,,,,,,,,multipurpose_toilet,みやざきアクセシビリティ情報マップ,https://m-bfree.pref.miyazaki.lg.jp/a_map/public/facilityAround/eyJpdiI6InlzbU5KK0FNaVhzaVJRVEVOWkV5a3c9PSIsInZhbHVlIjoibVpQaXZ2NzIyNU9YK01keTF5TFhcL1E9PSIsIm1hYyI6IjJmZWY5NWMwZWRiNzEzMDc0MzA0OTIyNjAzNTIzZDIxMzZjODZjOTdlMTM4MDBlYWE4MjYwN2Y2ZjBkYjU1NjIifQ==,,F000486,男女別トイレあり | 緊急通報装置あり | 着替え台あり | 調査日=2019-11-19,病棟にも有り
45,宮崎県,45208,西都市,,宮崎県西都総合庁舎西都土木事務所,,,881-0005,西都市大字三宅下鶴9451,32.100802,131.399245,,yes,,１階,,,,,,,,,,,,,,,,,,,,,,,,,,multipurpose_toilet,みやざきアクセシビリティ情報マップ,https://m-bfree.pref.miyazaki.lg.jp/a_map/public/facilityAround/eyJpdiI6InNJWk13RXM1MGxyd0JMUTJMWEhRc1E9PSIsInZhbHVlIjoiRjVKYjUzUTFxemtyOUZwbnFwaTAzZz09IiwibWFjIjoiOGMxMWFkNWZkM2NlODZlZTNkZjViMDVlN2Y0ZTFiZDcyNDEyODVhMmEwNzc1M2Y2NmE1MzUxZWQ0ODk0MWYwNSJ9,,F000799,男女共用トイレあり | 緊急通報装置あり | 調査日=2019-11-11,
45,宮崎県,45203,延岡市,,宮崎県消費生活センター延岡支所,,,882-0812,延岡市本小路39番地3,32.5824293,131.6590298,,yes,,１階,,,,yes,,,,,,,,,,,,,,,,,,,,,,multipurpose_toilet,みやざきアクセシビリティ情報マップ,https://m-bfree.pref.miyazaki.lg.jp/a_map/public/facilityAround/eyJpdiI6ImRPWUxsSUtRdXREYUVQTmE3SGZxZ0E9PSIsInZhbHVlIjoiNFh3SmVkdXdkd2NxOTBNVzJWK0Fvdz09IiwibWFjIjoiMDdhNWRiNTQ1OTljN2M4N2ViOGY2OWFlZjQ0MjM5OTk4ODVhNzY5Zjg4YTc4NTQ1Y2M0NTcwYjI3MmIzZjgzMiJ9,,F001335,男女共用トイレあり | 緊急通報装置あり | 調査日=2002-09-18,
45,宮崎県,45202,都城市,,宮崎県消費生活センター都城支所,,,885-0024,都城市北原町16-1,31.7337137,131.0772377,,yes,,１階,,,,,,,,,,,,,,,,,,,,,,,,,,multipurpose_toilet,みやざきアクセシビリティ情報マップ,https://m-bfree.pref.miyazaki.lg.jp/a_map/public/facilityAround/eyJpdiI6IlFHaHE2dnZWd0dPdUV2UHBoS2pqZWc9PSIsInZhbHVlIjoibm9GUStwdkpCS2FkZ0tZVWFXY0xDQT09IiwibWFjIjoiZWMxMDM0ZjlhMzVhYWIwNmE3ZDBkYzlkOTk5YTczZTRlMDhjOTgxYTFiMjZjODVkNjZkZDdmNjk0MDU5NzRmZCJ9,,F000701,男女共用トイレあり | 緊急通報装置あり | 調査日=2002-09-18,
45,宮崎県,45201,宮崎市,,宮崎県職業能力開発協会,,,889-2155,宮崎市学園木花台西2丁目4-3,31.8322921,131.4145324,http://www.syokuno.or.jp/,yes,,１階,,,,,,,,,,,,,,,,,,,,,,,,,,multipurpose_toilet,みやざきアクセシビリティ情報マップ,https://m-bfree.pref.miyazaki.lg.jp/a_map/public/facilityAround/eyJpdiI6ImpjeFQrdEZPREdXOFo5OE0rQ0s2ZFE9PSIsInZhbHVlIjoiTTRIZUp6OHZ4bHZiWTZic2c0VXFZQT09IiwibWFjIjoiN2NiYzA5ZDUyMWVlYjAxMTVlZDk5ZTRlN2QwMDA5NGMwM2EwOTQzZjg1OTRlMDBjYTE3ZDkzYjk1NGFiZjMyZiJ9,,F001228,男女共用トイレあり | 調査日=2019-11-25,
45,宮崎県,45201,宮崎市,,宮崎県水産会館,,,880-0858,宮崎市港2丁目6番地,31.905024,131.45678,http://www.mzgyoren.jf-net.ne.jp/,yes,,１階,,,,,,,,,,,,,,,,,,,,,,,,,,multipurpose_toilet,みやざきアクセシビリティ情報マップ,https://m-bfree.pref.miyazaki.lg.jp/a_map/public/facilityAround/eyJpdiI6IkVUOEtHaDZVaWFyRVwvOU5BNElKSllnPT0iLCJ2YWx1ZSI6InZyV1o5MUVZOWpPSkJtdDdIYlJKd2c9PSIsIm1hYyI6IjU4ZjYzMDYzM2U1ZDQxMTc5YzYxMmFmYzQyZmE5ODkyZjYwYjMxZDRmMjYxNTAwOWZiZTk0YzFiOTNiOTAzZmMifQ==,,F000855,男女共用トイレあり | 緊急通報装置あり | 調査日=2002-09-09,
45,宮崎県,45201,宮崎市,,宮崎県税・総務事務所 課税第三課,,,880-8560,宮崎市大字本郷北方2735番地6,31.8717325,131.4098226,,yes,,１階,,,,yes,,,,,,,,,,,,,,,,,,,,,,multipurpose_toilet,みやざきアクセシビリティ情報マップ,https://m-bfree.pref.miyazaki.lg.jp/a_map/public/facilityAround/eyJpdiI6Ilk4VFBYazluWDQ0N2pxRU81RVwvd1p3PT0iLCJ2YWx1ZSI6IjRGQ2k0eXc4WDJkRnRqTHh2MGNPYmc9PSIsIm1hYyI6IjMyNDYwMWYxMWRhMzc1Y2NlOGJhZmQ1ODEzOTBkMGY4ZjY5ZjIzMDhlMWZkNDM1OTJmYTdkM2IyNzA4YjU5ZGYifQ==,,F001168,男女共用トイレあり | 緊急通報装置あり | 調査日=2019-11-18,
45,宮崎県,45201,宮崎市,,宮崎県生活情報センター,,,880-0051,宮崎市江平西2丁目1番20号,31.9295834,131.4260351,https://www.pref.miyazaki.lg.jp/contents/org/chiiki/seikatu/shouhi/,yes,,１階 / 2階 / 3階,,,,,,,,,,,,,,,,,,,,,,,,,,multipurpose_toilet,みやざきアクセシビリティ情報マップ,https://m-bfree.pref.miyazaki.lg.jp/a_map/public/facilityAround/eyJpdiI6IkluRUpqbXRRRnlcLzIwTzc5MTczN0RBPT0iLCJ2YWx1ZSI6IklabVRHSyt6Q3ptTGx0NVpjaXNlSHc9PSIsIm1hYyI6ImRmNDI4ODgyNzQ0MmQzZGM3NzYzM2M4ZTZmMzA4NDFjYzRkNjQzNjA1MTE1YTU3NjQ2ZDk5ZTBmZTc1NDU1YWIifQ==,,F000067,男女共用トイレあり | 緊急通報装置あり | 調査日=2013-09-13,
45,宮崎県,45201,宮崎市,,宮崎県総合運動公園 受付案内所,,,889-2151,宮崎市大字熊野1443-12,31.8275993,131.4439148,http://www.miyazaki-spokyo.jp/,yes,,総合案内所案内カウンター左手通路奥,,,,,,,,,,,,,,,,,,,,,,,,,,multipurpose_toilet,みやざきアクセシビリティ情報マップ,https://m-bfree.pref.miyazaki.lg.jp/a_map/public/facilityAround/eyJpdiI6IjN4Vk9EZGI3RklSSklDSDlRVWpJUGc9PSIsInZhbHVlIjoicTRGVW04UEthTkRNWCtyK2hzVW0rQT09IiwibWFjIjoiMTE5YTZmYzJkN2Y2YzFhZDFjYTNlZWU3NDg0YTM3N2U2MGY0Njk0YTdjM2YyZjY2MTgzYWE5MTkzYWUyYTQ0ZCJ9,,F002040,男女共用トイレあり | 緊急通報装置あり | 調査日=2020-01-31,
45,宮崎県,45201,宮崎市,,宮崎県総合運動公園 運動広場,,,889-2151,宮崎市大字熊野1443-12,31.8275993,131.4439148,http://www.miyazaki-spokyo.jp/,yes,,屋外,,,,,yes,yes,,,yes,,,,,,,,,,,,,,,,,multipurpose_toilet,みやざきアクセシビリティ情報マップ,https://m-bfree.pref.miyazaki.lg.jp/a_map/public/facilityAround/eyJpdiI6InRQd0M4MVpYYXlQRFhnTVZ1Y0hmRGc9PSIsInZhbHVlIjoiQzg2cG9hbXRsbkI0VHZnZ1RiaGhDUT09IiwibWFjIjoiMDNiYzM4NGYzNDdiYjQyYjQ1MjAyODA3NTRmOWE3ZmVhMmFiNDFmMTI3NmE0MGUxODZjZmI0YzhjNWZkYmVkMiJ9,,F001998,男女共用トイレあり | 緊急通報装置あり | 着替え台あり | 調査日=2020-03-05,
45,宮崎県,45201,宮崎市,,宮崎県総合運動公園 屋内練習場,,,889-2151,宮崎市大字熊野1443-12,31.8275993,131.4439148,http://www.miyazaki-spokyo.jp/,yes,,１階。練習場内に向かう通路を進み、左手側,,,,,,,,,,,,,,,,,,,,,,,,,,multipurpose_toilet,みやざきアクセシビリティ情報マップ,https://m-bfree.pref.miyazaki.lg.jp/a_map/public/facilityAround/eyJpdiI6Im1iWHl1WTU5ZTRLNEc5UzlMczVhU0E9PSIsInZhbHVlIjoiNG5rRFNMQ1hTWUVyeUNrM0graHRpZz09IiwibWFjIjoiYTk1Mzc3Njk3MDNiYjE3MjAwZDU5NmQ1YmRkNjU3NDM5ODc3NjBiOTcyNmFhMzg1ZDdmYTI1NTlmNGUyMjIyOSJ9,,F002011,男女共用トイレあり | 緊急通報装置あり | 調査日=2020-03-11,
45,宮崎県,45201,宮崎市,,宮崎県総合運動公園 合宿所,,,889-2151,宮崎市大字熊野1443-12,31.8275993,131.4439148,http://www.miyazaki-spokyo.jp/,yes,,１階,,,,yes,,,,,,,,,,,,,,,,,,,,,,multipurpose_toilet,みやざきアクセシビリティ情報マップ,https://m-bfree.pref.miyazaki.lg.jp/a_map/public/facilityAround/eyJpdiI6InB1K3NmZTVNNExkZUF6RHV1NWhJcUE9PSIsInZhbHVlIjoiSE1uTGU4NVpnXC9OYW9DOTdvZVhhVFE9PSIsIm1hYyI6IjRkMzBkNzJiMmI3MGE3OWM3OWQ5MTIyMjQwZGE2MGQ5OGI1YjU2ZTQ5NDMzOTkwMDZmNzJmNTAyNDhiMTFmMGYifQ==,,F002049,男女共用トイレあり | 緊急通報装置あり | 調査日=2020-01-21,
45,宮崎県,45201,宮崎市,,宮崎県総合運動公園 ゲートボール場,,,889-2151,宮崎市大字熊野1443-12,31.8275993,131.4439148,http://www.miyazaki-spokyo.jp/,yes,,ゲートボール場東。一般トイレとは別棟,,,,,,,,yes,,,,,,,,,,,,,,,,,,multipurpose_toilet,みやざきアクセシビリティ情報マップ,https://m-bfree.pref.miyazaki.lg.jp/a_map/public/facilityAround/eyJpdiI6IkhBSDBiMnI0eGR4NTliOWh5M3VhQ1E9PSIsInZhbHVlIjoiRkNYbHBlZm5hUmFZeU0yV2tTZEdvUT09IiwibWFjIjoiNTg1OTRkYjVmN2E1MzcyZmMwYzIzY2JlNzYyYmU1NjMyMDMzNGZmZDY0ZDU3YTAwN2Y1OGI5OGM4MjgwMDc5MyJ9,,F001997,男女別トイレあり | 緊急通報装置あり | 調査日=2020-03-05,
45,宮崎県,45201,宮崎市,,宮崎県総合運動公園 サンマリンスタジアム宮崎,,,889-2151,宮崎市大字熊野1443-12,31.8275993,131.4439148,http://www.miyazaki-spokyo.jp/,yes,,２階 / 1F（事務室やロッカー室があるエリア）の正面入り口を入って左手 / 3F,,,,yes,,,,yes,,,,,,,,,,,,,,,,,,multipurpose_toilet,みやざきアクセシビリティ情報マップ,https://m-bfree.pref.miyazaki.lg.jp/a_map/public/facilityAround/eyJpdiI6IjlLU0ZyN2FFcmphMURnMjZZZVpUbVE9PSIsInZhbHVlIjoielozYjJwR2p6cnlBZW9KMzF0ZWM2dz09IiwibWFjIjoiYzVhMDM3ZjYxOGE3NTNmMWJmZTIwMzM0Y2ZhZTYyOTVkY2M3Nzk4NTZkMjNmN2U4MWE2M2Q0Yjk1Y2NmZTU3NCJ9,,F002010,男女共用トイレあり | 緊急通報装置あり | 調査日=2020-01-17,1階に2箇所、2階（外周通路沿い）に12箇所の多目的トイレが設置されています。
45,宮崎県,45201,宮崎市,,宮崎県総合運動公園 サンマリンスタジアム宮崎 駐車場,,,889-2151,宮崎市大字熊野1443-12,31.8275993,131.4439148,http://www.miyazaki-spokyo.jp/,yes,,屋外,,,,,,,,,,,,,,,,,,,,,,,,,,multipurpose_toilet,みやざきアクセシビリティ情報マップ,https://m-bfree.pref.miyazaki.lg.jp/a_map/public/facilityAround/eyJpdiI6Ikt6OHRsYUN6RndrNDg0UlNxSVVaWHc9PSIsInZhbHVlIjoiM2dKWkRsR0JVN1JFVHlPQTFMWWM3Zz09IiwibWFjIjoiYTdkNjZhZDdjOWU5MmM1ODQxMzUwZDE3MjQxMWMwYjAxZjVmZWE2YTRiN2U4NWQ4MmFjZjFkM2Y4YmVmNzFlNyJ9,,F002006,男女別トイレあり | 緊急通報装置あり | 調査日=2013-09-18,
45,宮崎県,45201,宮崎市,,宮崎県総合運動公園 自転車競技場,,,889-2151,宮崎市大字熊野1443-12,31.8275993,131.4439148,http://www.miyazaki-spokyo.jp/,yes,,屋外,,,,,,,,,,,,,,,,,,,,,,,,,,multipurpose_toilet,みやざきアクセシビリティ情報マップ,https://m-bfree.pref.miyazaki.lg.jp/a_map/public/facilityAround/eyJpdiI6InNBSlYzUUUyd3BCdlV5alZCQlh1ZXc9PSIsInZhbHVlIjoiYTl1N29KUWYzbmV2ajFzUjZZSGh4UT09IiwibWFjIjoiZDNhZGFlZDk5YzRiY2ViMTZlNjE4OGE1NTY0NDliZDkzNGZmNGVlNjljOTcyY2ViNTIwZGYyNjNhMjgzOWNjNiJ9,,F002047,男女共用トイレあり | 緊急通報装置あり | 調査日=2020-01-31,
45,宮崎県,45201,宮崎市,,宮崎県総合運動公園 児童遊園,,,889-2151,宮崎市大字熊野1443-12,31.8275993,131.4439148,http://www.miyazaki-spokyo.jp/,yes,,児童遊園敷地内。一般トイレ入口入ってすぐ,,,,,,,,yes,,,,,,,,,,,,,,,,,,multipurpose_toilet,みやざきアクセシビリティ情報マップ,https://m-bfree.pref.miyazaki.lg.jp/a_map/public/facilityAround/eyJpdiI6ImFwRkNEVVlMMmRoek9hako2UU5nOVE9PSIsInZhbHVlIjoidGh0Z0U1c1BiU1BSZENlTVh5K2VIZz09IiwibWFjIjoiZjc0YmExOWY0NjIyZThhMTZkZjA4ZTk0NzUyNTczYTExMmRhODZiNGUxYzUxNmY3OWYyNzgyZmE4M2EzY2FjYiJ9,,F001994,男女別トイレあり | 緊急通報装置あり | 調査日=2020-03-05,・男女の造りは同じ
45,宮崎県,45201,宮崎市,,宮崎県総合運動公園 水泳場,,,889-2151,宮崎市大字熊野1443-12,31.8275993,131.4439148,http://www.miyazaki-spokyo.jp/,yes,,水泳場入口手前の左側 / 建物部分1階・男性用 / 屋外 / 建物内部１階・女性用,,,,,,,,yes,,,,,,,,,,,,,,,,,,multipurpose_toilet,みやざきアクセシビリティ情報マップ,https://m-bfree.pref.miyazaki.lg.jp/a_map/public/facilityAround/eyJpdiI6IjFITWRNZ0p4bjlSenRyQkZoN3Q4a0E9PSIsInZhbHVlIjoib0JRYzkzS2QrSEh4R0RpcEZaeVF6Zz09IiwibWFjIjoiMWFkYzkwZDQ4NDRkMjQ1MDhmOTA2MzYzNTdlOWNlYThmOGRhYzUxZDBhZjYyZGQ4ODU2ZmM3MTg0NDE5YTZkYiJ9,,F002043,男女別トイレあり | 緊急通報装置あり | 調査日=2020-03-05,・屋外の多目的トイレは、男女同じ造り / ・建物内部へは入口に段差があるので、建物内部のトイレは利用者が限られる
45,宮崎県,45201,宮崎市,,宮崎県総合運動公園 体育館,,,889-2151,宮崎市大字熊野1443-12,31.8275993,131.4439148,http://www.miyazaki-spokyo.jp/,yes,,男女用一般トイレの中にそれぞれ一か所ずつ,,,,,,,,,,,,,,,,,,,,,,,,,,multipurpose_toilet,みやざきアクセシビリティ情報マップ,https://m-bfree.pref.miyazaki.lg.jp/a_map/public/facilityAround/eyJpdiI6InRWMFMrbExOR3dPTGkxdGhSZlk0aXc9PSIsInZhbHVlIjoiT09ITG1lbHNNbXVCVWhYNzJha0RFdz09IiwibWFjIjoiNjNmNTlhYWE0MWNkNjdkOWZjODE1ZjkyMmQwYzM3ZDBjMzA5YjAyNzM4OWFiMThiODJiNzE0N2YyZTcxMjJhZCJ9,,F002028,男女別トイレあり | 緊急通報装置あり | 調査日=2020-03-11,・手洗い場が入口にあり、通路が狭い / ・便器を囲むように手すりが付いている
45,宮崎県,45201,宮崎市,,宮崎県総合運動公園 第3競技場（サッカー場）,,,889-2151,宮崎市大字熊野1443-12,31.8275993,131.4439148,http://www.miyazaki-spokyo.jp/,yes,,屋外（サッカー場）,,,,,,,,yes,,,,,,,,,,,,,,,,,,multipurpose_toilet,みやざきアクセシビリティ情報マップ,https://m-bfree.pref.miyazaki.lg.jp/a_map/public/facilityAround/eyJpdiI6IkNZSEVHVmVcL2Q5ZVRTUHR5bmExekZBPT0iLCJ2YWx1ZSI6IkJadzE0ZFp4clwvU2dJaEVKa0drXC9kQT09IiwibWFjIjoiMGNhOTUxZjdjNmI2MjdlMmRlZTQ3OWYwNGJkMDc3ZDNjMDEzZDY5ZDBlMTRjY2I1NzYxM2ViOTVmNjA2MDkzNSJ9,,F002009,男女別トイレあり | 緊急通報装置あり | 調査日=2025-01-09,・ベビーシートは女性用トイレのみに設置してある / ・男性用トイレの扉はストッパー不良である
45,宮崎県,45201,宮崎市,,宮崎県総合運動公園 第2陸上競技場東側,,,889-2151,宮崎市大字熊野1443-12,31.8275993,131.4439148,http://www.miyazaki-spokyo.jp/,yes,,,,,,,,,,yes,,,,,,,,,,,,,,,,,,multipurpose_toilet,みやざきアクセシビリティ情報マップ,https://m-bfree.pref.miyazaki.lg.jp/a_map/public/facilityAround/eyJpdiI6Ikp0MVROcVV1cTlNU0NRM1NHOXg1UFE9PSIsInZhbHVlIjoicTJ1eFBPVW96RytXYUNhSG5rMVBPUT09IiwibWFjIjoiZGM3NWMwNjAzNjRhNzhhMzcxNjIxOWU5YzA2NDM3YmI4ZjYxZGNmYzUyZWY5NzY1MDM4MGI1NGJiZTM2YzVlZiJ9,,F002112,男女別トイレあり | 調査日=2020-03-05,・引き戸は結構重いので、介助なしでは難しい / ・電気がつかない
45,宮崎県,45201,宮崎市,,宮崎県総合運動公園 中央第1駐車場,,,889-2151,宮崎市大字熊野1143-12,31.8373985,131.4184815,http://www.miyazaki-spokyo.jp/,yes,,,,,,,yes,,,,yes,,,,,,,,,,,,,,,,,multipurpose_toilet,みやざきアクセシビリティ情報マップ,https://m-bfree.pref.miyazaki.lg.jp/a_map/public/facilityAround/eyJpdiI6IjhsbWhiQUZcL1JhblptcFZwb1ZwWk53PT0iLCJ2YWx1ZSI6IkxOYWNjdEplR3l0T3ArYWFCdm5yXC93PT0iLCJtYWMiOiI1MGY4ZWU4MzRhZmFiMmIwYTIzYTNiMTNlZTI2Zjg0NjQ0MTUyOWIwMDAzNjhiZTAwNmFmNjUwMWJiNWM1NmUyIn0=,,F002033,男女共用トイレあり | 緊急通報装置あり | 着替え台あり | 調査日=2020-03-05,
45,宮崎県,45201,宮崎市,,宮崎県総合運動公園 中央第2駐車場,,,889-2151,宮崎市大字熊野1443-12,31.8275993,131.4439148,http://www.miyazaki-spokyo.jp/,yes,,屋外,,,,,yes,yes,,,yes,,,,,,,,,,,,,,,,,multipurpose_toilet,みやざきアクセシビリティ情報マップ,https://m-bfree.pref.miyazaki.lg.jp/a_map/public/facilityAround/eyJpdiI6Ikk1bkFMYWRhT0M5XC9HWkJRQzEydjRBPT0iLCJ2YWx1ZSI6Im5DdytxVUdsWUhEdlFDQWw2VitLQ3c9PSIsIm1hYyI6IjA4NzhmNTM2OWZmMmZiY2JiZGU3ZGRiMDlkOWRhZjdjNjJlMDIyMmU3NmZjMzhhMGI3ZDdkNmJjMTU3NTNjNjgifQ==,,F002024,男女共用トイレあり | 緊急通報装置あり | 着替え台あり | 調査日=2020-03-05,
45,宮崎県,45201,宮崎市,,宮崎県総合運動公園 テニスコート,,,889-2151,宮崎市大字熊野1443-12,31.8275993,131.4439148,http://www.miyazaki-spokyo.jp/,yes,,屋外,,,,,,,,yes,yes,,,,,,,,,,,,,,,,,multipurpose_toilet,みやざきアクセシビリティ情報マップ,https://m-bfree.pref.miyazaki.lg.jp/a_map/public/facilityAround/eyJpdiI6IkVJajNQUUF3SDV0cWtZVkRqSXR3RkE9PSIsInZhbHVlIjoiRXJSMFVrbnFCaVlWeFwvaFM1dGE2QUE9PSIsIm1hYyI6ImFkNjM5NWNhNjZhNTNkNzdhMWFlOTYzNmQwNzg5MmJmZGYyMzRkMDJlYzFmYmRlNWNkNGJkZjJkMTE2ODRiZWMifQ==,,F002101,男女共用トイレあり | 緊急通報装置あり | 着替え台あり | 調査日=2020-01-31,
45,宮崎県,45201,宮崎市,,宮崎県総合運動公園 日向景修園,,,889-2151,宮崎市大字熊野1443-12,31.8275993,131.4439148,http://www.miyazaki-spokyo.jp/,yes,,日向景修園内の茶室の横 / 日向景修園の南側,,,,,yes,yes,,yes,yes,,,,,,,,,,,,,,,,,multipurpose_toilet,みやざきアクセシビリティ情報マップ,https://m-bfree.pref.miyazaki.lg.jp/a_map/public/facilityAround/eyJpdiI6IkowbEdZenJkNkM4ckJNcDIxY0NsbEE9PSIsInZhbHVlIjoiZnFaR2FjMEVUWUFoSGFMbFwvSUE4U2c9PSIsIm1hYyI6IjA0YTgwMmIwODcxMWZiOTY5NDY4MjBkMDcwZDZiZTc5YjBiMmFmZmRmZTk5YmM2NTJjYzJkNTdlNWJkNDU3MWQifQ==,,F002042,男女共用トイレあり | 男女別トイレあり | 緊急通報装置あり | 調査日=2024-07-01,
45,宮崎県,45201,宮崎市,,宮崎県総合運動公園 南第1駐車場,,,889-2151,宮崎市大字熊野1443-12,31.8275993,131.4439148,http://www.miyazaki-spokyo.jp/,yes,,屋外,,,,,,,,yes,,,,,,,,,,,,,,,,,,multipurpose_toilet,みやざきアクセシビリティ情報マップ,https://m-bfree.pref.miyazaki.lg.jp/a_map/public/facilityAround/eyJpdiI6IndvNFZ5Y01RK0ZsSkZHXC9tUVZ3dlp3PT0iLCJ2YWx1ZSI6Ikd0SlwvQ25GT3MzVUpIM1RzM1FqNDRBPT0iLCJtYWMiOiJhNTYzZDljM2I5MzA1ODFlY2QyZWY2ZjU0OGI1NGFmZWVlZDYzYWVjZjY1ZTNkYjVhYzJhZWU1NDM4MzJmNTRhIn0=,,F002025,男女別トイレあり | 緊急通報装置あり | 調査日=2020-03-05,・男女とも同じ造り / ・一般トイレに入ってすぐのところにある
45,宮崎県,45201,宮崎市,,宮崎県総合運動公園 遊戯広場,,,889-2151,宮崎市大字熊野1443-12,31.8275993,131.4439148,http://www.miyazaki-spokyo.jp/,yes,,遊戯広場敷地内,,,,,,,,yes,,,,,,,,,,,,,,,,,,multipurpose_toilet,みやざきアクセシビリティ情報マップ,https://m-bfree.pref.miyazaki.lg.jp/a_map/public/facilityAround/eyJpdiI6IlloTVVkUll0cU9nRTdmZGJESlNhaEE9PSIsInZhbHVlIjoiTDV6cFFDZGR5NG9kdE15YlhQSE5TZz09IiwibWFjIjoiMzA5Y2M1OGIzZTc2ODM5YzEwNjczY2Q1ODgwMDY3ZjUxY2E3NGUxNTAwODlhODNkNGM4ZDI1YzNkNmM5MGY3MSJ9,,F000863,男女共用トイレあり | 緊急通報装置あり | 調査日=2020-03-05,
45,宮崎県,45201,宮崎市,,宮崎県総合運動公園 ラグビー場,,,889-2151,宮崎市大字熊野1443-12,31.8275993,131.4439148,http://www.miyazaki-spokyo.jp/,yes,,屋外（№27ラグビー場）,,,,,,,,yes,,,,,,,,,,,,,,,,,,multipurpose_toilet,みやざきアクセシビリティ情報マップ,https://m-bfree.pref.miyazaki.lg.jp/a_map/public/facilityAround/eyJpdiI6IkNcLzlmTTVBcUdpdWFuK09RaGFWdlpnPT0iLCJ2YWx1ZSI6IkZNYXAwUkNISG9YVmZmbEpQQjltaFE9PSIsIm1hYyI6IjE0OWY5ZDU5NTA2ODcyYjVkZmQ1ZjVmZmYzY2JlZjJmODliMjEwMmFkZjQ4ZjQwMmViYTM0ZDQ5NGE2MDg3NDgifQ==,,F002041,男女別トイレあり | 緊急通報装置あり | 調査日=2025-01-09,・ベビーシートは女性用トイレのみに設置してある
45,宮崎県,45201,宮崎市,,宮崎県総合運動公園 陸上競技場,,,889-2151,宮崎市大字熊野1443-12,31.8275993,131.4439148,http://www.miyazaki-spokyo.jp/,yes,,２階 / 屋外（№6陸上競技場北側）,,,,,yes,,,yes,yes,,,,,,,,,,,,,,,,,multipurpose_toilet,みやざきアクセシビリティ情報マップ,https://m-bfree.pref.miyazaki.lg.jp/a_map/public/facilityAround/eyJpdiI6IlFXMlBiUDdwREQxMXRzQ1FsTGhvMnc9PSIsInZhbHVlIjoibytITVBuQlk0WWNPWnk2cWg4Q2Y1dz09IiwibWFjIjoiYWQxYTUxNzU1YWEwMTU4ZDQ3OWFiNTgwNDc1NDZkMjBiOTdmNGVmZTMyYjVmYjZkODU2M2ZkODYzNTc2NTI4ZSJ9,,F001999,男女共用トイレあり | 緊急通報装置あり | 着替え台あり | 調査日=2025-01-09,
45,宮崎県,45201,宮崎市,,宮崎県総合自動車運転免許センター,,,880-0835,宮崎市阿波岐原町前浜4276番地5,31.9308177,131.4615763,,yes,,１階、2階、3階,,,,yes,,yes,,yes,,,,,,,,,,,,,,,,,,multipurpose_toilet,みやざきアクセシビリティ情報マップ,https://m-bfree.pref.miyazaki.lg.jp/a_map/public/facilityAround/eyJpdiI6InJCK1czdmZVVm5RdzVBV0VuUlJ6Qnc9PSIsInZhbHVlIjoiZHJXQ0NxWWpORmIzVnoxcUpoVEFldz09IiwibWFjIjoiZDc4NWU2YmMzNTQ5MzUwNWQyNmVkNTczZTMyOTM2YmEwZTAxYjdhMTNjNGZmNGY3Y2NjNjI1ZWFkYWE1Y2EzNyJ9,,F000201,男女共用トイレあり | 緊急通報装置あり | 調査日=2019-12-06,
45,宮崎県,45205,小林市,,宮崎県総合農業試験場 薬草・地域作物センター,,,886-0212,小林市野尻町大字東麓2581-88,31.9634839,131.082257,https://www.pref.miyazaki.lg.jp/sogonoshi-yakusoh/shigoto/nogyo/index.html,yes,,1階,,,,yes,,,,,,,,,,,,,,,,,,,,,,multipurpose_toilet,みやざきアクセシビリティ情報マップ,https://m-bfree.pref.miyazaki.lg.jp/a_map/public/facilityAround/eyJpdiI6IlhudTRvNCsxbUM3RStFbWQycTlMa2c9PSIsInZhbHVlIjoiQlwvV3d1aXZaWHdWVncyN1ZtMnlBblE9PSIsIm1hYyI6ImQzZWE2ZWYwODg4NTk1YjhlZTlkNmNmYTY5YTY5ZmYwNWUxMjJiMzVlZTgxNWMzZDJkYWI1NWE4ODRmMjExNDQifQ==,,F000283,男女共用トイレあり | 緊急通報装置あり | 調査日=2019-11-11,
45,宮崎県,45202,都城市,,宮崎県総合農業試験場畑作園芸支場,,,885-0091,都城市横市町10683,31.7538296,131.0196288,,yes,,１階,,,,,,,,,,,,,,,,,,,,,,,,,,multipurpose_toilet,みやざきアクセシビリティ情報マップ,https://m-bfree.pref.miyazaki.lg.jp/a_map/public/facilityAround/eyJpdiI6IjBSN3hGN0RManhEOU5XQ1RVZ2dBSEE9PSIsInZhbHVlIjoiSEM4bXJOVDF3MjVCaUVtNFdaQzh2QT09IiwibWFjIjoiOTU0M2Q1YjdmMTg5NzRjMGVhYjA1MjQwNTkzODFjMzUyOTk3ODcxZmM1ZDA5M2NjMGE0ODg4N2E4Y2M5NzRiNCJ9,,F000355,男女共用トイレあり | 緊急通報装置あり | 調査日=2013-09-03,
45,宮崎県,45204,日南市,,宮崎県総合農試亜熱帯作物支場 トロピカルドーム,,,889-3211,日南市南郷町大字贄波3236-3,31.4978633,131.3783144,,yes,,トロピカルドーム屋外 / イイギリの丘駐車場前,,,,,,,,,,,,,,,,,,,,,,,,,,multipurpose_toilet,みやざきアクセシビリティ情報マップ,https://m-bfree.pref.miyazaki.lg.jp/a_map/public/facilityAround/eyJpdiI6IjlVMDZZa2NSWFZpd25SbVwvcGN1UzNnPT0iLCJ2YWx1ZSI6InlZcWxxbWNib1VMUzJQQXNpOExDaUE9PSIsIm1hYyI6ImUzMjhjYzVjOGIxZjliMDU1YjJjZGI1ZWI4NmE3NzI1MDNmNjk0NmU4MmQ2ZWUyMmU2MmRjYmE0YTQwMDE0ZDAifQ==,,F000280,男女共用トイレあり | 緊急通報装置あり | 調査日=2024-06-07,
45,宮崎県,45201,宮崎市,,宮崎県総合博物館,,,880-0053,宮崎市神宮2丁目4番4号,31.9400222,131.4237719,http://www.miyazaki-archive.jp/museum/,yes,,１階 / ２階,,,,yes,,,,,,,,,,,,,,,,,,,,,,multipurpose_toilet,みやざきアクセシビリティ情報マップ,https://m-bfree.pref.miyazaki.lg.jp/a_map/public/facilityAround/eyJpdiI6IjBrMHJVRjNMN0RUZGNVZExQbzdzcmc9PSIsInZhbHVlIjoiRWt3dmZRTVhHYXU2d2VOYVF6WkR6Zz09IiwibWFjIjoiNWJjYzc1NTU4OGM1Y2Y1N2Y4YjdmMzA2MWFmMzQ0MGQwYzkwZWY1ZTY2NzliYTRhZmU1Yjg5ZjA4YjhmYWM5NiJ9,,F001206,男女共用トイレあり | 緊急通報装置あり | 調査日=2002-09-20,
45,宮崎県,45201,宮崎市,,宮崎県総合文化公園,,,880-0031,宮崎市船塚3丁目210,31.9342591,131.4193217,http://b.park-miyazaki.jp/,yes,,図書館側北駐車場そば / 芸術劇場側南駐車場そば,,,,,,,,yes,,,,,,,,,,,,,,,,,,multipurpose_toilet,みやざきアクセシビリティ情報マップ,https://m-bfree.pref.miyazaki.lg.jp/a_map/public/facilityAround/eyJpdiI6Iml1OXZQVkxaMXZnekxzelR5T1F4S2c9PSIsInZhbHVlIjoiRVFMUjYwa2p4Q2xwK25OUmNveDZGUT09IiwibWFjIjoiMjcyMTQ5ZGE5ODQ1YTg2NGNjM2RiN2RiZTlmNmJiMmU4ZjY2MzJiYTllMmQwMjdjNTQ3Nzk3ZmFjNjY2ZDdiNiJ9,,F000973,男女共用トイレあり | 緊急通報装置あり | 調査日=2024-12-10,
45,宮崎県,45201,宮崎市,,宮崎県総合保健センター（中央保健所）,,,880-0032,宮崎市霧島1－1－2,31.9269238,131.4140494,,yes,,１階 / ２階 / 3階 / 4階 / 5階,,,,yes,,,,,,,,,,,,,,,,,,,,,,multipurpose_toilet,みやざきアクセシビリティ情報マップ,https://m-bfree.pref.miyazaki.lg.jp/a_map/public/facilityAround/eyJpdiI6IlVucm03UXN1alR2SVFlWExiclhUTUE9PSIsInZhbHVlIjoiWXczWnpsa0RXRHFtR2ZXXC9HRHZiNUE9PSIsIm1hYyI6ImY5YzczNTJmODgyY2UwMGExZDBlNzE1OGRmNGI3ZTk5NTMxMGE1OTlmMWM4NmFiYzczNzUyZTMzMjUxNjhmODYifQ==,,F000142,男女別トイレあり | 緊急通報装置あり | 調査日=2019-11-07,
45,宮崎県,45201,宮崎市,,宮崎県体育館,,,880-0879,宮崎市宮崎駅東2丁目4番地1,31.9173723,131.4347364,https://www.miyazaki-spokyo.jp/gymnasium/,yes,,１階,,,,,,yes,,,,,,,,,,,,,,,,,,,,multipurpose_toilet,みやざきアクセシビリティ情報マップ,https://m-bfree.pref.miyazaki.lg.jp/a_map/public/facilityAround/eyJpdiI6IkRuOW9OT0hIY2hNbDJ1aXB2OWtnQXc9PSIsInZhbHVlIjoiSkQ3c3hBXC9BWGdoNndpNlBxYms0dGc9PSIsIm1hYyI6IjU5M2JhMGZlZjIzYmI2MDVjZDcyMDY5ZmUzODVhZDkzOWQwYWY3YmIyNjUzNWMzZDgyMTc5NTQwN2EzZGNjMDMifQ==,,F000368,男女共用トイレあり | 緊急通報装置あり | 調査日=2019-11-07,
45,宮崎県,45441,高千穂町,,宮崎県高千穂保健所,,,882-1101,高千穂町大字三田井1086-1,32.7057957,131.305506,,yes,,１階,,,,,,yes,,,,,,,,,,,,,,,,,,,,multipurpose_toilet,みやざきアクセシビリティ情報マップ,https://m-bfree.pref.miyazaki.lg.jp/a_map/public/facilityAround/eyJpdiI6IlhNRmFuZzlVS0RvTG5uSVZObnBBMnc9PSIsInZhbHVlIjoiSXJ3dUpwWmwrOU5xNGRJc1dpWktQZz09IiwibWFjIjoiNWYwMjBlN2Q4YTMyODUyZGVlNWMzMzdhZTdjZDgyYjE2YmMxNDhmODZkZmY2MDkwMDY1NDhlNDdhODA4OGNlMyJ9,,F001256,男女共用トイレあり | 緊急通報装置あり | 調査日=2013-09-05,
45,宮崎県,45401,高鍋町,,宮崎県高鍋総合庁舎,,,884-0002,高鍋町大字北高鍋3870-1,32.13223,131.5173304,,yes,,１階,,,,yes,,,,yes,,,,,,,,,,,,,,,,,,multipurpose_toilet,みやざきアクセシビリティ情報マップ,https://m-bfree.pref.miyazaki.lg.jp/a_map/public/facilityAround/eyJpdiI6ImhqaEZwYmF0XC8xcTNZUXBEM1hkcm1BPT0iLCJ2YWx1ZSI6IlFTT1VXb1pLY3JEKzlrbDhwWkVHYVE9PSIsIm1hYyI6IjNmNjE2MWY0NWVkZDgzYTk3NTFhNTAyMjU4NWJiNDA0MDhlNzBkN2QzZTlkZTZmMTU1ODc4MTgxYTQwYjJlMGEifQ==,,F001042,男女共用トイレあり | 緊急通報装置あり | 調査日=2019-11-19,
45,宮崎県,45401,高鍋町,,宮崎県高鍋保健所,,,884-0004,高鍋町大字蚊口浦5120-1,32.1258213,131.5267793,,yes,,１階 / ２階,,,,,,,,,,,,,,,,,,,,,,,,,,multipurpose_toilet,みやざきアクセシビリティ情報マップ,https://m-bfree.pref.miyazaki.lg.jp/a_map/public/facilityAround/eyJpdiI6IjlsTU5RXC9TdUFWTDRpaFFSQVVOVGtRPT0iLCJ2YWx1ZSI6IjNmdGR5SW45dW9PYm5KazNEQUdFQ2c9PSIsIm1hYyI6IjhmMjVhNWI4MjgxMDk1NmVjZjlmNzA2ODQ1NWI4ODVkZTdmYjE4MzkwYTU4YTc3YTMxY2I1NDcxYzI3NjAwMWYifQ==,,F000529,男女共用トイレあり | 男女別トイレあり | 緊急通報装置あり | 調査日=2019-11-11,
45,宮崎県,45405,川南町,,宮崎県畜産試験場川南支場,,,889-1301,川南町大字川南21986,32.2197164,131.5441111,http://www.pref.miyazaki.lg.jp/contents/org/nosei/chikusan/chikusan_shiken/branch/branch.html,yes,,１階,,,,,,,,,,,,,,,,,,,,,,,,,,multipurpose_toilet,みやざきアクセシビリティ情報マップ,https://m-bfree.pref.miyazaki.lg.jp/a_map/public/facilityAround/eyJpdiI6IldUNGsxMURDdHpGRk4xT3B6VTczanc9PSIsInZhbHVlIjoicko3Vm5LNytvU0pcL0IwWm9qRTcyY1E9PSIsIm1hYyI6ImY3ODAzNmRjYjM4YjA0MzFjZDM5YjM2MmQ0OTMzZTlhYTI4YTUyMGE2ZDg4MjQ0YWE1NDUyNWUzM2Q2ZDZmY2YifQ==,,F001695,男女共用トイレあり | 緊急通報装置あり | 調査日=2013-09-03,
45,宮崎県,45201,宮崎市,,宮崎県中央福祉こどもセンター,,,880-0032,宮崎市霧島1－1－2,31.9269238,131.4140494,https://www.pref.miyazaki.lg.jp/desaki/kenko/kodomo/page00154.html,yes,,２階 / １階,,,,yes,,,,,,,,,,,,,,,,,,,,,,multipurpose_toilet,みやざきアクセシビリティ情報マップ,https://m-bfree.pref.miyazaki.lg.jp/a_map/public/facilityAround/eyJpdiI6InZ1QnJhWlh3cnF4d2ZUODlqM1dld1E9PSIsInZhbHVlIjoiMEpvNDY3VmlXeXVGWmRQRzB0S25yUT09IiwibWFjIjoiMGY4MTNjMzFmYWJkYmVkOGZlOGJkODgzNzA3YjNhMDg2ZjExNWJjZTlkOWRjYzRkMGYzY2RlYjQ0YjA5NWJkMiJ9,,F000092,男女共用トイレあり | 緊急通報装置あり | 調査日=2019-11-11,
45,宮崎県,45382,国富町,,宮崎県中部農業改良普及センター,,,880-1111,国富町大字岩知野1401,31.9829435,131.3712141,,yes,,1階,,,,,,,,,,,,,,,,,,,,,,,,,,multipurpose_toilet,みやざきアクセシビリティ情報マップ,https://m-bfree.pref.miyazaki.lg.jp/a_map/public/facilityAround/eyJpdiI6ImxjMkl5aEY4UWNTdkVCUE02K2hcL0NRPT0iLCJ2YWx1ZSI6InlaQzVqSDQ4YStGUlFZVXFvWjVuaXc9PSIsIm1hYyI6ImFjY2Q4NGIzYTcwNThlM2M0NzEwNWM1OTc2YTU5MmY0NTI1MmJlZGRiMjdlYmRiOTgwNjMwNjIwNTAwNDkyOTMifQ==,,F000548,男女共用トイレあり | 緊急通報装置あり | 調査日=2002-09-12,
45,宮崎県,45201,宮崎市,,宮崎県庁１号館（旧新館）,,,880-8501,宮崎市橘通東2丁目10番1号,31.9107362,131.4231554,https://www.pref.miyazaki.lg.jp/,yes,,1階,,,,,,yes,,,,,,,,,,,,,,,,,,,,multipurpose_toilet,みやざきアクセシビリティ情報マップ,https://m-bfree.pref.miyazaki.lg.jp/a_map/public/facilityAround/eyJpdiI6ImlDWUtcLzJSdUM2XC80MDNMcU1YcGJ5UT09IiwidmFsdWUiOiJ0S1wvR0w4OXd0TmtNN0pzWjZSRjYzZz09IiwibWFjIjoiZWNhNDQ4MWM0YWMzOTBiMDdiMDE2YzM1NGU2YWI2YzRkYTE5MDkzZGMyMDk2MzQ3Yjg2ZGM1Zjc4MWUxYjU5OSJ9,,F000379,男女共用トイレあり | 緊急通報装置あり | 調査日=2002-09-27,
45,宮崎県,45201,宮崎市,,宮崎県庁３号館（旧南別館）,,,880-0805,宮崎市橘通東1丁目9-10,31.9094946,131.422989,https://www.pref.miyazaki.lg.jp/,yes,,１階,,,,,,yes,,,,,,,,,,,,,,,,,,,,multipurpose_toilet,みやざきアクセシビリティ情報マップ,https://m-bfree.pref.miyazaki.lg.jp/a_map/public/facilityAround/eyJpdiI6IjJ5eEYwVUQ1WWRGVTFBNVZWU1kwQ3c9PSIsInZhbHVlIjoidVlVSUlHRU1jMWxQdytNRGYyQ0F0UT09IiwibWFjIjoiZTNlN2Q5YWViZjRhYTI4MTE3Mzk2YTYyN2U3OGNjODc4ZmI3YjVkMjBjMmQyMzAwNjgzZTk3ZjhjNTJmN2IyNyJ9,,F000349,男女共用トイレあり | 緊急通報装置あり | 調査日=2013-07-16,
45,宮崎県,45201,宮崎市,,宮崎県庁４号館（旧宮崎総合庁舎）,,,880-0805,宮崎市橘通東1丁目9-10,31.9094946,131.422989,https://www.pref.miyazaki.lg.jp/,yes,,１階,,,,yes,,,,,,,,,,,,,,,,,,,,,,multipurpose_toilet,みやざきアクセシビリティ情報マップ,https://m-bfree.pref.miyazaki.lg.jp/a_map/public/facilityAround/eyJpdiI6IktVeG43YUdRRHhGRWJTczRuakFRVWc9PSIsInZhbHVlIjoiTlBXNjNBdFBCV0NkZ2swNE5jVXhZdz09IiwibWFjIjoiMDBhMDFiM2U2ZmU2MDI1M2VlMThlNWVlMTA5ZDVmYmYyZThjOTNhZTk5MWY5OWRmOGRiOGJjYjBkODEyNTViOCJ9,,F000342,男女共用トイレあり | 緊急通報装置あり | 調査日=2002-09-27,
45,宮崎県,45201,宮崎市,,宮崎県庁７号館（旧第２東別館）,,,880-0803,宮崎市旭1丁目3-6,31.9098565,131.4246591,https://www.pref.miyazaki.lg.jp/,yes,,1階,,,,yes,,,,,,,,,,,,,,,,,,,,,,multipurpose_toilet,みやざきアクセシビリティ情報マップ,https://m-bfree.pref.miyazaki.lg.jp/a_map/public/facilityAround/eyJpdiI6IitGRDhnNkhmZDQrWnE1MTFJQTBEdVE9PSIsInZhbHVlIjoiOGk4K2dtVnkxY0pvb0Q4SmFlRFNmQT09IiwibWFjIjoiZTdmNDJkODE4MWMzNjhhYTJlYTJkNjU2ZWViZWI5YjZkNzQ2MWU4YzU3MDNmZTA3ODk1NWI0ZjYxMTUxMTUxNSJ9,,F000376,男女共用トイレあり | 緊急通報装置あり | 調査日=2002-09-27,
45,宮崎県,45201,宮崎市,,宮崎県庁本館,,,880-8501,宮崎市橘通東2丁目10番1号,31.9107362,131.4231554,http://www.pref.miyazaki.lg.jp/,yes,,Ｂ１,,,,yes,,,,,,,,,,,,,,,,,,,,,,multipurpose_toilet,みやざきアクセシビリティ情報マップ,https://m-bfree.pref.miyazaki.lg.jp/a_map/public/facilityAround/eyJpdiI6IjErclNUN1lRY0FIbjJZV0s5WVBcL1RnPT0iLCJ2YWx1ZSI6IjdCWlFDbFdNeXJnamZ0dGlFRFoxSWc9PSIsIm1hYyI6ImIyYjNkNjc4MzI5MjhhNzE2NjI0MTI0ZmE2NzA4OGM0ZTE3NDUyMDJmOWNhMDM4M2Y5ZGI4NzhlYmZhZjAwMWUifQ==,,F000397,男女共用トイレあり | 緊急通報装置あり | 調査日=2002-09-27,
45,宮崎県,45441,高千穂町,,宮崎県西臼杵支庁,,,882-1101,高千穂町大字三田井22,32.711992,131.3088084,https://www.pref.miyazaki.lg.jp/contents/org/chiiki/shityoson/nishiusuki_shityo/,yes,,1階,,,,,,,,,,,,,,,,,,,,,,,,,,multipurpose_toilet,みやざきアクセシビリティ情報マップ,https://m-bfree.pref.miyazaki.lg.jp/a_map/public/facilityAround/eyJpdiI6IlwvUER5V1RsblZibU5qSXhEU1JoT2dRPT0iLCJ2YWx1ZSI6Im93ZUNpUXZIS3d1SkY2NGFCZVJ6enc9PSIsIm1hYyI6IjE2MzhiOWFiMTk5N2VlMTAyMWM1MDEwZTk2YWFmYjlkOTI3NTJhZjFjZWRjYTg0ODg3NmIwODhmOGNiOTc2NDMifQ==,,F001454,男女共用トイレあり | 緊急通報装置あり | 調査日=2019-11-25,
45,宮崎県,45441,高千穂町,,宮崎県西臼杵農業改良普及センター,,,882-1101,高千穂町大字三田井3364-39,32.7202499,131.3161963,,yes,,1階,,,,,,,,,,,,,,,,,,,,,,,,,,multipurpose_toilet,みやざきアクセシビリティ情報マップ,https://m-bfree.pref.miyazaki.lg.jp/a_map/public/facilityAround/eyJpdiI6IlRhVmZBdFwvTnlidGc4XC9cL1dHalFaYlE9PSIsInZhbHVlIjoieUt3Y3lRWEdKSXlZbUQ5T254TnNPUT09IiwibWFjIjoiYTgwYmJjNGY5ZmQyMDgzNDY5NDVhNDBmMTUyNThiOGZhZmUyZDllNTMwOTNlOTdkZWEyNDYyNThlZjY3MjNhZCJ9,,F001446,男女共用トイレあり | 緊急通報装置あり | 調査日=2019-11-25,
45,宮崎県,45204,日南市,,宮崎県日南総合庁舎,,,887-0031,日南市戸高1丁目12-1,31.6002928,131.3768908,,yes,,１階 総務商工センタ－隣,,,,yes,,,,yes,,,,,,,,,,,,,,,,,,multipurpose_toilet,みやざきアクセシビリティ情報マップ,https://m-bfree.pref.miyazaki.lg.jp/a_map/public/facilityAround/eyJpdiI6IkkrS0hiY05ZUE1vOUUrZDJOTmZDT3c9PSIsInZhbHVlIjoiZWlhMUlnRUc4d1wvcXBYdWdTY0lTNlE9PSIsIm1hYyI6ImY5YWFjZDE3NTBhMDczMTI5ZmEzNmIyNmMwNGI3NTgwNTQ3NjJkOWYyZTIxNzUxNTJjMjkwMDM0ZTI1OTI5NTkifQ==,,F001621,男女共用トイレあり | 緊急通報装置あり | 調査日=2019-11-14,
45,宮崎県,45204,日南市,,宮崎県日南保健所,,,889-2536,日南市吾田西1丁目5番10号,31.607018,131.375247,,yes,,１階 / 2階,,,,,,,,,,,,,,,,,,,,,,,,,,multipurpose_toilet,みやざきアクセシビリティ情報マップ,https://m-bfree.pref.miyazaki.lg.jp/a_map/public/facilityAround/eyJpdiI6ImRJalJNTFpQRFNtc2ZoUk9lcHgwY1E9PSIsInZhbHVlIjoiXC9JWmliWnNTYVZRb3dFdXYwdkRURnc9PSIsIm1hYyI6ImUwMDMyM2UwYzVkY2I3YjJjNDAzMzY2YWEyNDdlMTFlMWFmYzBlN2UzZTJkZWU2ZjAwMTU1OTRmMTQ0MTNhYzcifQ==,,F001739,男女共用トイレあり | 男女別トイレあり | 緊急通報装置あり | 調査日=2013-09-10,
45,宮崎県,45201,宮崎市,,一般社団法人宮崎県農協会館,,,880-0032,宮崎市霧島1丁目1番地1,31.9263823,131.4151775,http://www.jaazm.jp/,yes,,１階（JAビル） / １階(AZM本館),,,,,,,,,,,,,,,,,,,,,,,,,,multipurpose_toilet,みやざきアクセシビリティ情報マップ,https://m-bfree.pref.miyazaki.lg.jp/a_map/public/facilityAround/eyJpdiI6IkpTdmtGeUlIWk1LSXgxTW9aeFZ2Vnc9PSIsInZhbHVlIjoiTmRhblNyRXFpRUdiSm1xaWRNdGw4Zz09IiwibWFjIjoiMTJkNjhjZDE3MTA5NWNlYmY0MWMyMTE3OWVkM2IwNzE3NWE1Y2U4MDk1YjZlNWY1MTlmYTU3NmQ0OWU3ZWU3OSJ9,,F000124,男女共用トイレあり | 緊急通報装置あり | 調査日=2019-11-18,
45,宮崎県,45401,高鍋町,,宮崎県農業科学公園（ルピナスパーク）,,,884-0005,高鍋町大字持田5732,32.1700133,131.5190897,http://lupinus-p.jp/m_park/,yes,,屋外 / １階,,,,,,,,,,,,,,,,,,,,,,,,,,multipurpose_toilet,みやざきアクセシビリティ情報マップ,https://m-bfree.pref.miyazaki.lg.jp/a_map/public/facilityAround/eyJpdiI6IjFYSGE4Qmc2MnZRTmppWmJ1M0ZoSlE9PSIsInZhbHVlIjoiVzhVUkVXS2lqNUdsbzJHdnpialwvekE9PSIsIm1hYyI6ImE5NTJlZmJhNjc3NzY3MTFhZTY5ZDNlMzQ2ZDc4YzJjOTg5MGU4ZmZlYTA1YzhjN2E3ZmJiYTgzZDJmMWI5YTYifQ==,,F000541,男女共用トイレあり | 緊急通報装置あり | 調査日=2019-11-20,
45,宮崎県,45203,延岡市,,宮崎県延岡総合庁舎,,,882-0872,延岡市愛宕町2-15,32.5686773,131.6666963,,yes,,１階,,,,,,yes,,,,,,,,,,,,,,,,,,,,multipurpose_toilet,みやざきアクセシビリティ情報マップ,https://m-bfree.pref.miyazaki.lg.jp/a_map/public/facilityAround/eyJpdiI6IkZlckh3OEJpeXlmOWMwRkU0QnI0Vnc9PSIsInZhbHVlIjoid2o4eUNBaHBRZjdBeHVPR0k3ZkpuZz09IiwibWFjIjoiMzU5ZjBlZmNkNjZjZjU5MzBhMzU1NGU3NTdkYjNmMTBlYmFiNWZmNjliZmZjNDZmNmZmZWM2OTRjM2ZjY2YyNCJ9,,F001493,男女共用トイレあり | 緊急通報装置あり | 調査日=2002-09-27,
45,宮崎県,45206,日向市,,宮崎県東臼杵南部農業改良普及センター,,,883-0106,日向市東郷町山陰辛256-2,32.3910537,131.5141994,,yes,,１階,,,,,,,,,,,,,,,,,,,,,,,,,,multipurpose_toilet,みやざきアクセシビリティ情報マップ,https://m-bfree.pref.miyazaki.lg.jp/a_map/public/facilityAround/eyJpdiI6ImQwVHQ0cTJiS0RUeitPd2QyZkV0eWc9PSIsInZhbHVlIjoiM1JxOTN6eWJ6OFFpXC9MN3BncU0wUlE9PSIsIm1hYyI6IjE1MTRkN2NlZjBhZWRjZmZiYjVjZmI3M2UyZjNmNzNmZjYyODRlNzc3MmQxMTkwOTk0YjM2Njg4NjkwMjkyZTEifQ==,,F001897,男女共用トイレあり | 緊急通報装置あり | 調査日=2019-11-18,
45,宮崎県,45203,延岡市,,宮崎県東臼杵北部農業改良普及センター,,,882-0854,延岡市長浜町1丁目1713,32.5765189,131.69051,,yes,,１階,,,,,,,,,,,,,,,,,,,,,,,,,,multipurpose_toilet,みやざきアクセシビリティ情報マップ,https://m-bfree.pref.miyazaki.lg.jp/a_map/public/facilityAround/eyJpdiI6IjVZVjI5WGFxRVBSNmVGQ1AwcFl6Y0E9PSIsInZhbHVlIjoiNk5nbzgzbmpueXcxOGFPZEdYNHVIdz09IiwibWFjIjoiMDA0NGI4Nzg2YTMxMTZiMGRmZmY5ZGRmZDhiZTQ1MTk2YjlhNjZlNTEyOWYyMTM0YjFlMDY5M2UyNTlhNzNmMSJ9,,F001367,男女共用トイレあり | 緊急通報装置あり | 調査日=2002-09-12,
45,宮崎県,45401,高鍋町,,宮崎県東児湯消防組合 消防本部,,,884-0006,高鍋町大字上江4526番地,32.1545892,131.5006786,http://www.hfd119miyazaki.jp/,yes,,１階 / 2階 / 3階,,,,yes,,yes,,yes,,,,,,,,,,,,,,,,,,multipurpose_toilet,みやざきアクセシビリティ情報マップ,https://m-bfree.pref.miyazaki.lg.jp/a_map/public/facilityAround/eyJpdiI6Im00aEs3bFpFMzV1bTV6b0pMaXlBaHc9PSIsInZhbHVlIjoidXRwam1aSVdcL3dlQU1RWFBsWVBhd1E9PSIsIm1hYyI6ImIzNzFmNTc0MzRkMTE3YzYzNTAxMzBiNjM4NTZiN2VhNjI0MDliMTY2YjliOTk4NDVkZmE2ZjUwNGU1MjkyYTEifQ==,,F000234,男女共用トイレあり | 緊急通報装置あり | 着替え台あり | 調査日=2019-11-12,
45,宮崎県,45206,日向市,,宮崎県日向総合庁舎,,,883-0046,日向市中町2-14,32.4209899,131.6270249,,yes,,１階,,,,,yes,,,,,,,,,,,,,,,,,,,,,multipurpose_toilet,みやざきアクセシビリティ情報マップ,https://m-bfree.pref.miyazaki.lg.jp/a_map/public/facilityAround/eyJpdiI6IkIrbG5GNHNcL2NPQmVQRHVaODBjQUNnPT0iLCJ2YWx1ZSI6IkY3YXkzUGpreW1zaUVsZlhDRVhCSWc9PSIsIm1hYyI6ImQ2OTAxOTIzN2ViYWYyNTU3MzE1YjNmNDMwMTY4MDY1OGZiZDZiNzlhOGYyOWViZDljYTgzMjJmZjRiNzYxOTcifQ==,,F000599,男女共用トイレあり | 緊急通報装置あり | 調査日=2019-11-11,
45,宮崎県,45206,日向市,,宮崎県日向保健所,,,883-0041,日向市北町2-16,32.4326546,131.6271028,,yes,,１階,,,,yes,,,,,yes,,,,,,,,,,,,,,,,,multipurpose_toilet,みやざきアクセシビリティ情報マップ,https://m-bfree.pref.miyazaki.lg.jp/a_map/public/facilityAround/eyJpdiI6InRyc1lKMEI2RWtJdnpCeGRvWVU2c3c9PSIsInZhbHVlIjoiajc3NE44SEZzTnp2Z2hOZFpJVFRPUT09IiwibWFjIjoiNzE2MmJiODFjZGUyYTI3YjllYWQ1NDQyZmYxYzZkYWE5MTRiZjJlMDEyNWU1YzA2Mjc1NDE3ZTExNmI1ODI2NSJ9,,F000388,男女共用トイレあり | 緊急通報装置あり | 調査日=2019-11-27,
45,宮崎県,45201,宮崎市,,宮崎県福祉総合センター,,,880-0007,宮崎市原町2番22号,31.9228668,131.4214498,https://ken-fukusou.info/,yes,,本館2階 / 人材研修館1階 / 人材研修館2階 / 3階 / 人材研修館4階 / 本館１階,,,,yes,,yes,,,,,,,,,,,,,,,,,,,,multipurpose_toilet,みやざきアクセシビリティ情報マップ,https://m-bfree.pref.miyazaki.lg.jp/a_map/public/facilityAround/eyJpdiI6IjdrSHhxclNlcHYyTzJsS2JpTHhpM2c9PSIsInZhbHVlIjoiM0pYZHlVUXRLcmlZRndIUXdLZElxdz09IiwibWFjIjoiYmQyZjMxY2IwMmRlNzhkZmYxZGE5M2MxZDAxOTQ1MzgzMjAzZTQ3NjAyYjJjZjhhYjExY2E0YTYzMDFiNDhiNSJ9,,F000136,男女共用トイレあり | 男女別トイレあり | 緊急通報装置あり | 調査日=2019-11-19,
45,宮崎県,45201,宮崎市,,宮崎県武道館,,,889-2151,宮崎市大字熊野2206-1,31.829187,131.446644,https://www.miyazaki-spokyo.jp/budokan/index.php,yes,,正面入り口から入って右手 / 2F / 1F・エレベーターを降りて左側の奥 / 主道場 / 柔道場 / 2F・大会議室側,,,,,,yes,,,,,,,,,,,,,,,,,,,,multipurpose_toilet,みやざきアクセシビリティ情報マップ,https://m-bfree.pref.miyazaki.lg.jp/a_map/public/facilityAround/eyJpdiI6IlJqeDhcL2JYUnBJdXZ0cEhoUmpBRTZBPT0iLCJ2YWx1ZSI6ImVvTVJ6cnVCclYwMGVqTXNRdWFRXC9nPT0iLCJtYWMiOiI5ODFjNDk5MzdhNWQ4NjBmZTkxZGRlZGUxZjUyYjI2ZDRkYTViNDU2ZjgyNDMwYmRhYWM5ZjlhNWRkMjg0YTE3In0=,,F002388,男女共用トイレあり | 緊急通報装置あり | 調査日=2020-01-17,
45,宮崎県,45203,延岡市,,宮崎県北部福祉こどもセンター,,,882-0803,延岡市大貫町1丁目2845,32.5793661,131.6558874,,yes,,１階 / 2階,,,,yes,yes,yes,,yes,,,,,,,,,,,,,,,,,,multipurpose_toilet,みやざきアクセシビリティ情報マップ,https://m-bfree.pref.miyazaki.lg.jp/a_map/public/facilityAround/eyJpdiI6IktDQkp0Z3hNUXpyWDJxU1phRENKZXc9PSIsInZhbHVlIjoianVHVE5cL0JFdFViOVRhMmxhdUZ2K0E9PSIsIm1hYyI6IjY5MGFhMTVhZjAwYzcxMmRmYWY5YmQ2ODY0Mjk3OTBiY2Y2YzliOTVhOWVkMzVmOTU3Y2U2YzYxZWMzYmU2YWQifQ==,,F001425,男女共用トイレあり | 緊急通報装置あり | 調査日=2019-11-14,
45,宮崎県,45201,宮崎市,,宮崎県埋蔵文化財センター神宮分館,,,880-0053,宮崎市神宮2丁目4-4,31.9400222,131.4237719,http://www.miyazaki-archive.jp/maibun/,yes,,１階,,,,,,,,,,,,,,,,,,,,,,,,,,multipurpose_toilet,みやざきアクセシビリティ情報マップ,https://m-bfree.pref.miyazaki.lg.jp/a_map/public/facilityAround/eyJpdiI6IlFhb2FrNGNYZnhYb2NoK2FKaDFsQXc9PSIsInZhbHVlIjoiKzdzM094QXZia1F4ZDN5UTNYRzNDdz09IiwibWFjIjoiNzFjOGYyOWZiMjJhOWY5NDBhMjZkNmNhNWU2MjU2OGE1OWQwODNmMDNlZTdiZTdjNjM1OGFmYzBlMTQyYjdlNSJ9,,F000979,男女共用トイレあり | 緊急通報装置あり | 調査日=2013-09-10,
45,宮崎県,45201,宮崎市,,宮崎県埋蔵文化財センター (本館),,,880-0212,宮崎市佐土原町下那珂4019番地,32.01106,131.467184,http://www.miyazaki-archive.jp/maibun/,yes,,１階,,,,yes,,,,,,,,,,,,,,,,,,,,,,multipurpose_toilet,みやざきアクセシビリティ情報マップ,https://m-bfree.pref.miyazaki.lg.jp/a_map/public/facilityAround/eyJpdiI6IkZSdFl6bUhhcFRxRkFQVTlSbGQ5VGc9PSIsInZhbHVlIjoid3VObExVV0ZJWkI4ZHpNUnNxckxnUT09IiwibWFjIjoiMGVlNGM3OWJmMjliY2UwMjFmMjU4NDI2MmZhYjU0ZWU2MGI2ZTIyMTdjNmMwZDExNmVkOWYxMGZjZjIxYmVkNiJ9,,F001501,男女共用トイレあり | 緊急通報装置あり | 調査日=2019-11-19,
45,宮崎県,45202,都城市,,宮崎県御池青少年自然の家,,,885-0225,都城市夏尾町5988番30号,31.8775426,130.9754031,http://www.miike-msgsi.jp/,yes,,１階 / 2階,,,,yes,,,,,,,,,,,,,,,,,,,,,,multipurpose_toilet,みやざきアクセシビリティ情報マップ,https://m-bfree.pref.miyazaki.lg.jp/a_map/public/facilityAround/eyJpdiI6ImxpYlZtVVwvWlkzVzFWNXdvRUI2R05nPT0iLCJ2YWx1ZSI6IkQxOTh0RStuSFQ1XC9hSUpoK1JLNFVBPT0iLCJtYWMiOiI2YTc2YTJlODZkODBlNDVlNzJmZGYzMmZkZDNjYjY4OGIwYzAwZDZiMjA1ZDlhNzNhMWE1N2Q4YmVmZjU2OTQzIn0=,,F000408,男女共用トイレあり | 緊急通報装置あり | 調査日=2019-11-20,
45,宮崎県,45202,都城市,,宮崎県都城家畜保健衛生所,,,889-4505,都城市高崎町大牟田4213－1,31.8727183,131.0533087,,yes,,１階,,,,,,,,,,,,,,,,,,,,,,,,,,multipurpose_toilet,みやざきアクセシビリティ情報マップ,https://m-bfree.pref.miyazaki.lg.jp/a_map/public/facilityAround/eyJpdiI6InpSTnh0K0U3SUhuSyszdXhTS3R3OUE9PSIsInZhbHVlIjoiOEJReU5vOWp2XC9qaW9zOWtYRnFuTWc9PSIsIm1hYyI6IjJiYzgwMGQyN2VmMDllM2IzZDFmNzdlZGEyNTllNjdlMzA5OTNkNmQ2Y2ViM2JiNGIyNDc4YThlNzhmMTQxZjIifQ==,,F000038,男女共用トイレあり | 緊急通報装置あり | 調査日=2002-09-10,
45,宮崎県,45202,都城市,,宮崎県都城総合庁舎,,,885-0024,都城市北原町24-21,31.7319355,131.0785759,,yes,,１階男子 / １階女子,,,,yes,yes,yes,,yes,yes,,,,,,,,,,,,,,,,,multipurpose_toilet,みやざきアクセシビリティ情報マップ,https://m-bfree.pref.miyazaki.lg.jp/a_map/public/facilityAround/eyJpdiI6ImZCUFFtVUY0NGhqbGt4eG9FSjc1bXc9PSIsInZhbHVlIjoiM2w2QVFXODhCYXhQbkxoRElqUEozQT09IiwibWFjIjoiYzczZWRiOGJkZGRiNWQ5ZTA2OTE5NzZmMDU3ZjFiODVhMDgyNmYzMjJhYzcxZTZjOWRiYzRjOTViOTFmNzAyNSJ9,,F000704,男女別トイレあり | 緊急通報装置あり | 調査日=2019-11-21,
45,宮崎県,45202,都城市,,宮崎県都城保健所,,,885-0012,都城市上川東3丁目14号3番地,31.7425859,131.0780883,http://www.pref.miyazaki.lg.jp/contents/org/fukushi/miyakonojo_hokensho/,yes,,１階,,,,yes,,,,,,,,,,,,,,,,,,,,,,multipurpose_toilet,みやざきアクセシビリティ情報マップ,https://m-bfree.pref.miyazaki.lg.jp/a_map/public/facilityAround/eyJpdiI6Ilk0YUI0b1JZcE90Tzh2WFwvNCtZR0JRPT0iLCJ2YWx1ZSI6ImFoTXpMU1RvaEhsRVNYelJaamh3XC9RPT0iLCJtYWMiOiJiYjEyZDAzZjQ2NWUzM2QwM2FlODA2NzAxY2JjYmE3YzFhMWNmMzNmYjRhNzk2NjY2NWZhODY4ODhjMTI5MmFlIn0=,,F000934,男女共用トイレあり | 緊急通報装置あり | 調査日=2019-11-12,
45,宮崎県,45203,延岡市,,宮崎県むかばき青少年自然の家,,,882-0077,延岡市行縢町760-3,32.6171141,131.5772854,http://www.mukabaki-msgsi.jp/,yes,,１階,,,,,,,,,,,,,,,,,,,,,,,,,,multipurpose_toilet,みやざきアクセシビリティ情報マップ,https://m-bfree.pref.miyazaki.lg.jp/a_map/public/facilityAround/eyJpdiI6IjFPRkRGV2dwTVcxTFE2SGRKU3B1aGc9PSIsInZhbHVlIjoiZmNHaEJGOVV6K2ZIa2t0TUJUdjQ3QT09IiwibWFjIjoiYTJkYjlhNmExMGNmMjc4ZWM3ZTk1NjRkZGEzYzA3YmVhNjUyMTMxZDZhZTg5OGFiMWZlZGE4ZTkyN2JmNzkxYiJ9,,F001389,男女共用トイレあり | 緊急通報装置あり | 調査日=2019-11-18,
45,宮崎県,45202,都城市,,宮崎県木材利用技術センター,,,885-0037,都城市花繰町21-2,31.7259376,131.0877001,http://www.pref.miyazaki.lg.jp/contents/org/kankyo/mokuzai/wurc/,yes,,１階,,,,,,,,,,,,,,,,,,,,,,,,,,multipurpose_toilet,みやざきアクセシビリティ情報マップ,https://m-bfree.pref.miyazaki.lg.jp/a_map/public/facilityAround/eyJpdiI6IlBZVE44cXk1aXdRV281b2JCWDJTOVE9PSIsInZhbHVlIjoiamhpMDBVNnFhbDQ0K3A1alpqZVZNUT09IiwibWFjIjoiODVjMDZmMmVjOWFkNTc4NzNiMDY0ZmE3NDI4NTYwM2I3NjQxOGI3YmQwNWMzNDFmMDdlYzI5MWM0ZGY3YThiYyJ9,,F000951,男女共用トイレあり | 緊急通報装置あり | 調査日=2002-09-10,
45,宮崎県,45201,宮崎市,,宮崎県ライフル射撃競技場,,,889-1702,宮崎市田野町乙4765-1,31.8361096,131.2465731,http://www.miyazaki-spokyo.jp/,yes,,１階,,,,yes,,,,,,,,,,,,,,,,,,,,,,multipurpose_toilet,みやざきアクセシビリティ情報マップ,https://m-bfree.pref.miyazaki.lg.jp/a_map/public/facilityAround/eyJpdiI6Im9kTkRnbzJCVk83NURmUmQ4ODBoNkE9PSIsInZhbHVlIjoiM3dadnh1c2IxbVFmbWdXWEttNGhSdz09IiwibWFjIjoiODRiMmMxNjY4YTRlMWI1OTRkMWIwNDc4NmViODNhYWZkODNiMDRiZTZlMWQ4ZmVmMTcxMzcyMGU2MjQ5YzI4NSJ9,,F001500,男女共用トイレあり | 緊急通報装置あり | 調査日=2013-09-12,
45,宮崎県,45201,宮崎市,,宮崎県立看護大学,,,880-0929,宮崎市まなび野3丁目5番地1,31.8593535,131.4143561,http://www.mpu.ac.jp/,yes,,１階（図書館前） / １階 / １階（学生会館） / １階（講堂） / １階（本館）,,,,yes,,,,,,,,,,,,,,,,,,,,,,multipurpose_toilet,みやざきアクセシビリティ情報マップ,https://m-bfree.pref.miyazaki.lg.jp/a_map/public/facilityAround/eyJpdiI6IlhTVUlVSE50dVFGNmVzXC9nbDBWZTJ3PT0iLCJ2YWx1ZSI6IlIyVStncENjM21hVzRDVUk0Q1NZVHc9PSIsIm1hYyI6IjE2MDk2YzRmZTJhYTk4NjRlZTgxMGE5OTZjNmZhYjYyZGE0ZTA4MjRjMzgxYTc0ODRkZGY3MWIzN2IzZTdjN2YifQ==,,F001167,男女共用トイレあり | 男女別トイレあり | 緊急通報装置あり | 調査日=2019-11-13,
45,宮崎県,45204,日南市,,宮崎県立高等水産研修所,,,887-0002,日南市西町2丁目11番6号,31.5792567,131.3986097,https://www.pref.miyazaki.lg.jp/contents/org/nosei/suisan/kenshujo/,yes,,1階,,,,yes,,,,,,,,,,,,,,,,,,,,,,multipurpose_toilet,みやざきアクセシビリティ情報マップ,https://m-bfree.pref.miyazaki.lg.jp/a_map/public/facilityAround/eyJpdiI6IlwvYjJTTFM2Y3NaNVNydTJKbDY0eGlBPT0iLCJ2YWx1ZSI6InBZdFlheWt1RUd0TE9jSEkrYnF2aGc9PSIsIm1hYyI6IjQwMGEyMTcwMjk3NTBhZTdmOGQ1ZDYxNWQ4NDNlNmYxZTM2NWU3Y2Y1ZTU5ZGViNjYxMmIxMDM1ZTBiNmEyMzEifQ==,,F001622,男女共用トイレあり | 緊急通報装置あり | 調査日=2019-11-20,
45,宮崎県,45401,高鍋町,,宮崎県立産業技術専門校 高鍋校,,,884-0003,高鍋町大字南高鍋1770,32.1201328,131.5142624,,yes,,１階,,,,,,,,,,,,,,,,,,,,,,,,,,multipurpose_toilet,みやざきアクセシビリティ情報マップ,https://m-bfree.pref.miyazaki.lg.jp/a_map/public/facilityAround/eyJpdiI6IlcweHdPeURqa0RVMXI3c1VqZEVBNnc9PSIsInZhbHVlIjoiZzl3ZDZDRmZPREJ6YUJYWlwvaHBaRlE9PSIsIm1hYyI6IjIzZjE1MDg3MDI2YTI2NTkxNDlhZmZiN2NjZWY1OTk3ODE1NmMwNTViMjFlM2MxNzBkZjljOGVjNjM0ZjEyNWEifQ==,,F000538,男女共用トイレあり | 緊急通報装置あり | 調査日=2013-09-02,
45,宮崎県,45201,宮崎市,,宮崎県立図書館,,,880-0031,宮崎市船塚3丁目210番地1,31.9352142,131.420232,http://www2.lib.pref.miyazaki.lg.jp/,yes,,１階公衆電話前 / １階閲覧室内 / ２階視聴覚室前,,,,yes,,,,yes,,,,,,,,,,,,,,,,,,multipurpose_toilet,みやざきアクセシビリティ情報マップ,https://m-bfree.pref.miyazaki.lg.jp/a_map/public/facilityAround/eyJpdiI6IlVFemU0VjYxK091VjdLVUxUS1g2Qmc9PSIsInZhbHVlIjoiUlo5SGtDS0p6d3Nodkt6eDRta3FLZz09IiwibWFjIjoiNThjNTA1MDg3NGRiZTg1ZGI4MDA4NWU2NmExZDk2YzliOTJmOWU0ZGRjZGY0MTFlOGI3NGJhMTAzZGMzYjZkOSJ9,,F001763,男女共用トイレあり | 緊急通報装置あり | 調査日=2024-12-10,
45,宮崎県,45204,日南市,,宮崎県立日南病院,,,887-0013,日南市木山1丁目9番5号,31.5910521,131.3948566,http://nichinan-kenbyo.jp/,yes,,１階（整形外科前、X線受付前、リハビリテ－ション入口前2カ所） / 2階（皮膚科前、透析室前）,,,,yes,,,,,,,,,,,,,,,,,,,,,,multipurpose_toilet,みやざきアクセシビリティ情報マップ,https://m-bfree.pref.miyazaki.lg.jp/a_map/public/facilityAround/eyJpdiI6IkxJY1NvY0Y1Zmw3aG9YYTFCYVBcL2tnPT0iLCJ2YWx1ZSI6IlM2NktwUytQUktVZkFLeGxpOTZZV0E9PSIsIm1hYyI6IjExYzhjYzhlN2U1M2I4MGM1YTcyZGQxMDhhNDMyMzRkNDk1ZmZmMzZmNWEwNThhNDRkMjBhNjRlYjlkY2M5Y2QifQ==,,F001616,男女共用トイレあり | 緊急通報装置あり | 調査日=2019-12-05,
45,宮崎県,45203,延岡市,,宮崎県立延岡病院,,,882-0835,延岡市新小路2丁目1番地10,32.5702357,131.6664099,http://nobeoka-kenbyo.jp/,yes,,１階 / 1階 / 2階,,,,yes,,,,,,,,,,,,,,,,,,,,,,multipurpose_toilet,みやざきアクセシビリティ情報マップ,https://m-bfree.pref.miyazaki.lg.jp/a_map/public/facilityAround/eyJpdiI6IjZ2NFM4OW1McHIrSlI5cW4rU0h5eGc9PSIsInZhbHVlIjoiaEFiVUpXS3hBT20ycWxcL1ExSkFyblE9PSIsIm1hYyI6IjQwYWJjY2Q1MzI0MmRiYjEwMDBjYWJjYmViOGUyYWYzY2UzY2FmNGFiOGYxNjFjODQzYTAwOTQxNzg1ODhmYzUifQ==,,F001439,男女共用トイレあり | 緊急通報装置あり | 調査日=2013-09-03,
45,宮崎県,45201,宮崎市,,宮崎県立美術館,,,880-0031,宮崎市船塚3丁目210,31.9342699,131.4191433,http://www.miyazaki-archive.jp/bijutsu/,yes,,1Fロビー / 2Fエレベーター横,,,,yes,,,,yes,,,,,,,,,,,,,,,,,,multipurpose_toilet,みやざきアクセシビリティ情報マップ,https://m-bfree.pref.miyazaki.lg.jp/a_map/public/facilityAround/eyJpdiI6IjdzbWFybVFxQldUcHZuTEc5M09yNVE9PSIsInZhbHVlIjoiTkx4WTEzQW8xVzI3dk9lb3BNWVNjdz09IiwibWFjIjoiNjUxM2RmMTBkNzJkZTNmNzY5OTk5ZGFiZmZiOGY3YTQ0YTM5YjMzMGYyM2VjMDcwMGVjMThhMDVmMDIxNDNmMCJ9,,F002464,男女共用トイレあり | 緊急通報装置あり | 調査日=2024-12-10,
45,宮崎県,45201,宮崎市,,宮崎県立みなみのかぜ支援学校,,,889-1601,宮崎市清武町木原4257-6,31.835577,131.3984086,https://cms.miyazaki-c.ed.jp/9935/htdocs/,yes,,,,,,,,,,,,,,,,,,,,,,,,,,,,multipurpose_toilet,みやざきアクセシビリティ情報マップ,https://m-bfree.pref.miyazaki.lg.jp/a_map/public/facilityAround/eyJpdiI6InFYTG1udm5nQ2o0dGxcL013T1JjK2F3PT0iLCJ2YWx1ZSI6IlwvU294SVg5bERrREhhWXNSa1wvTUx3QT09IiwibWFjIjoiZWMwMTNkNTRjOWQ1ZTQxYmQ2ZmY3OGRmZjg1N2Q0ZWYwOWRkMmEzYjc3YWNlMDc2ZTRjN2E2OWVlMjRlZDY0MyJ9,,F000520,男女別トイレあり | 調査日=2020-03-10,
45,宮崎県,45431,美郷町,,宮崎県林業技術センター,,,883-1101,美郷町西郷区田代1561番地1,32.430046,131.429573,https://www.pref.miyazaki.lg.jp/contents/org/kankyo/shinrin/mfc/,yes,,１階,,,,,,,,,,,,,,,,,,,,,,,,,,multipurpose_toilet,みやざきアクセシビリティ情報マップ,https://m-bfree.pref.miyazaki.lg.jp/a_map/public/facilityAround/eyJpdiI6IkZPUnhkUVZhVFwvYU5cL05zcDhTWExwUT09IiwidmFsdWUiOiJMTEQwekdMdUFpTk1aNSswNkY5cXJBPT0iLCJtYWMiOiIwMmE0ZTMzZWI5N2M1Y2ZiMTdjYTYzZDJjNDQ2YTg0YzExMzU1YjEwZjAzMzc3ZmUzMWE1NWNjMmMwODZmOGM2In0=,,F000518,男女共用トイレあり | 緊急通報装置あり | 調査日=2013-09-09,
45,宮崎県,45201,宮崎市,,宮崎公共職業安定所,,,880-8533,宮崎市柳丸町131,31.9263665,131.4349506,https://jsite.mhlw.go.jp/miyazaki-roudoukyoku/,yes,,1階,,,,yes,,,,,,,,,,,,,,,,,,,,,,multipurpose_toilet,みやざきアクセシビリティ情報マップ,https://m-bfree.pref.miyazaki.lg.jp/a_map/public/facilityAround/eyJpdiI6IjV6UDNZQSsrOFJ1WjNERW1MT3I2U0E9PSIsInZhbHVlIjoiU040K282VTIwMEp6dkZQVGhGZVdmZz09IiwibWFjIjoiNDU1YmJjYmEzNDk1Yzg2MThmZWZmMTg4Mzc1MGRhMTNlZDVhZGFkMTI4ODQyYzU0OTNjYTM3OTFmMGM4MjUzMyJ9,,F000450,男女共用トイレあり | 緊急通報装置あり | 調査日=2019-11-12,
45,宮崎県,45201,宮崎市,,地域医療機能推進機構 宮崎江南病院,,,880-8585,宮崎市大坪西1丁目2番1号,31.8962292,131.4048062,https://miyazaki.jcho.go.jp/,yes,,,,,,yes,,,,,,,,,,,,,,,,,,,,,,multipurpose_toilet,みやざきアクセシビリティ情報マップ,https://m-bfree.pref.miyazaki.lg.jp/a_map/public/facilityAround/eyJpdiI6ImdobEMrMlArYU43akE0UklHaVZjK0E9PSIsInZhbHVlIjoieUVMXC9iMVZ5cEdMT1o3V1RHbkFKTUE9PSIsIm1hYyI6ImYxZmQyNGZmYTY2MTcxNjZjOWZlN2IyNzg1YzM5NGQxZDBiMDFjZTc5ZDE5NWZkYTMwMTZiN2VmMDMzYmJlNjEifQ==,,F000900,男女別トイレあり | 緊急通報装置あり | 調査日=2013-09-13,
45,宮崎県,45201,宮崎市,,宮崎江南病院 健康管理センター,,,880-0932,宮崎市大坪西六月2196－1,31.8953448,131.4058524,https://miyazaki.jcho.go.jp/kenkan/,yes,,,,,,,,yes,,,,,,,,,,,,,,,,,,,,multipurpose_toilet,みやざきアクセシビリティ情報マップ,https://m-bfree.pref.miyazaki.lg.jp/a_map/public/facilityAround/eyJpdiI6IndnSHVCOFdCYnNoNGJMNjdKXC9NdU9RPT0iLCJ2YWx1ZSI6IkVna3pyNzM3emZ1VXVGZUZzN1wvSmhBPT0iLCJtYWMiOiI1NDAzYTFlMzZiNzk4YzllNmJlN2U4OTI3NTY5MjM3ZjQ2YTgyNzA3NDk2NWUzYzhhNGYxNjRjZTY1NzViY2YzIn0=,,F000844,男女共用トイレあり | 調査日=2010-09-02,
45,宮崎県,45201,宮崎市,,宮崎江南病院付属介護老人保健施設 サンビュー宮崎,,,880-0916,宮崎市大字恒久字鳥ノ巣6245－1,31.89531,131.40499,https://miyazaki.jcho.go.jp/rouken/,yes,,,,,,yes,,,,,,,,,,,,,,,,,,,,,,multipurpose_toilet,みやざきアクセシビリティ情報マップ,https://m-bfree.pref.miyazaki.lg.jp/a_map/public/facilityAround/eyJpdiI6Ik5NRUFBS1FFZ3hWQ0lyaTFwdm9FcWc9PSIsInZhbHVlIjoiemhJbjU2S0VMMVBTY0I3c1gyTldaQT09IiwibWFjIjoiYTdlY2EwODMwMDA1YTg0YTgzNDQ0MTRiYjAzNzliMDg2Y2Y4ZGMwZmQ2MWEzNjIwODQ1MzVkMDM2MzIxNzFkNSJ9,,F000366,男女共用トイレあり | 調査日=2002-09-10,
45,宮崎県,45201,宮崎市,,宮崎港フェリーターミナル,,,880-0858,宮崎市港3丁目14番地,31.9109713,131.4577824,https://www.miyazakicarferry.com/,yes,,フェリーターミナル内1階,,,,yes,,yes,,yes,,,,,,,,,,,,,,,,,,multipurpose_toilet,みやざきアクセシビリティ情報マップ,https://m-bfree.pref.miyazaki.lg.jp/a_map/public/facilityAround/eyJpdiI6Ik9VRWhDS0h2VVZBN3RhT3dtaWxLdmc9PSIsInZhbHVlIjoib2J5MFJ3OXlUU00xN1pLY29WMUgyUT09IiwibWFjIjoiNzcwNWM1M2VjMjMzOWUzZGUyM2JhYmY4ZTkzM2JiZWIxZWNhNDEyZjYzN2U3MmYwYmU3YmRmNDAzNjRkMTNjNSJ9,,F000862,男女共用トイレあり | 緊急通報装置あり | 調査日=2020-10-13,ベビーシートは、多目的トイレ内ではなく、一般の女子トイレの中に設置している。
45,宮崎県,45201,宮崎市,,宮崎公立大学交流センター,,,880-8520,宮崎市船塚1丁目58番地,31.9273739,131.4168143,,yes,,,,,,yes,,,,,,,,,,,,,,,,,,,,,,multipurpose_toilet,みやざきアクセシビリティ情報マップ,https://m-bfree.pref.miyazaki.lg.jp/a_map/public/facilityAround/eyJpdiI6Ikp2ekNlU1RUdXd3TmM4MG9vZnVMSEE9PSIsInZhbHVlIjoiTEQ4WTB0dWtHM25JVW1uV0tFcjhQUT09IiwibWFjIjoiMzhjYTIwMDllNTkzZjIwNzJlMjQzNDZkYTM1NDkzOWIzMDc1YjFkMDU5NWU0YzIwMmExZGE4NDA4NzBiZjA0YSJ9,,F000627,男女共用トイレあり | 調査日=2020-03-14,
45,宮崎県,45201,宮崎市,,宮崎サザンビューティ専門学校,,,880-0801,宮崎市老松2丁目1-17,31.9144221,131.4306186,,yes,,,,,,,,,,,,,,,,,,,,,,,,,,,,multipurpose_toilet,みやざきアクセシビリティ情報マップ,https://m-bfree.pref.miyazaki.lg.jp/a_map/public/facilityAround/eyJpdiI6Img1cmZpSUxjTXJlZEQ2dUp1d2VLMlE9PSIsInZhbHVlIjoiUzh1bGltNUhcL21pTmo3a0JMYmszZmc9PSIsIm1hYyI6ImM2MjI2MGE1MjJlNTA0MjkyMDg1YTZhNzkzOGEwYWM0ZTQ5OTQwYjFjNzY2YzQ2M2I2OWNlMjlhYTg2OGZkYzMifQ==,,F000402,男女共用トイレあり,
45,宮崎県,45201,宮崎市,,宮崎市檍地域事務所,,,880-0841,宮崎市吉村町江田原甲265番地1,31.9258521,131.4452766,https://www.city.miyazaki.miyazaki.jp/life/activities/aoki/1273.html,yes,,,,,,,,,,,,,,,,,,,,,,,,,,,,multipurpose_toilet,みやざきアクセシビリティ情報マップ,https://m-bfree.pref.miyazaki.lg.jp/a_map/public/facilityAround/eyJpdiI6IldqMUlhOVNuc2xnYVVRMnFlWkIrTUE9PSIsInZhbHVlIjoiS25zT2hsOWg2a0poRTZcL0hzcnhvUEE9PSIsIm1hYyI6IjEwZWYxZDBiOTk3NWI4ZGQ3ZTZhNjJjNWVkMjNlNDVlMjU4YmI3YzJlMjRmZGQ0MmZiOThjYjJiYjJmYzdjOTkifQ==,,F000249,男女共用トイレあり,
45,宮崎県,45201,宮崎市,,宮崎市青島ビーチセンター渚の交番,,,889-2162,宮崎市青島2丁目233番地,31.803107039414478,131.46951680515957,https://www.aoshima-bc.jp/,yes,,渚の交番内,,,,yes,yes,yes,,yes,yes,,,,,,,,,,,,,,,,,multipurpose_toilet,みやざきアクセシビリティ情報マップ,https://m-bfree.pref.miyazaki.lg.jp/a_map/public/facilityAround/eyJpdiI6IjJVYXJVcXNNaUFobkJJeVRqWENOSUE9PSIsInZhbHVlIjoiU2xvb2V4eXhrZFd1cmtkOXZ4ZE5rdz09IiwibWFjIjoiNGM3ZGZmOTIyNzJjN2RlNDllMWNiMWE0NDljZjI1MDI0YmQwNmMzZDMwMGQ1YjM3OTNhMGFjYWIzOTliOTg3YyJ9,,F002774,男女別トイレあり | 調査日=2024-08-01,車椅子対応温水シャワー(更衣室)が男女各1か所ずつあります。（有料） / 更衣室入口に15㎝の段差があります。
45,宮崎県,45201,宮崎市,,宮崎市赤江老人福祉センター,,,880-0921,宮崎市大字本郷南方字榎田2487－4,31.8605136,131.4387484,,yes,,１階,,,,,,,,,,,,,,,,,,,,,,,,,,multipurpose_toilet,みやざきアクセシビリティ情報マップ,https://m-bfree.pref.miyazaki.lg.jp/a_map/public/facilityAround/eyJpdiI6InlaNE1xM2lDUVB5WFh1cm1KZzJiUmc9PSIsInZhbHVlIjoiUUZQY1lVNG9aQUliMkZLSHZ0YWhVUT09IiwibWFjIjoiOTAxMzcwMWJjZTFkM2U1YTgwYmIxZDU4ZGIzYTdlNDE4NWI2YTk5YjVkYWY4YTk1MTJiY2Y2NzcyNWQ4ZDJmMCJ9,,F001182,男女共用トイレあり | 緊急通報装置あり | 調査日=2019-11-11,
45,宮崎県,45201,宮崎市,,宮崎市天ヶ城公園体育館,,,880-2221,宮崎市高岡町内山2007番地,31.957945,131.290688,,yes,,,,,,yes,,yes,,,,,,,,,,,,,,,,,,,,multipurpose_toilet,みやざきアクセシビリティ情報マップ,https://m-bfree.pref.miyazaki.lg.jp/a_map/public/facilityAround/eyJpdiI6IldlWExtRDh6ZXRaSGk4cGZYNTRMZEE9PSIsInZhbHVlIjoiTzhzN3FDMjArSmdkcnV1UFlvZnRRZz09IiwibWFjIjoiOGY1NmY5YmU3MmRmMGNiZGM5NjdmNzY1ZGYxYjI1NDQzMzYzZGUxY2JhNGQ3NTY1MzZhMWUyZDU5NTBlODhmYiJ9,,F000157,男女共用トイレあり | 緊急通報装置あり | 調査日=2019-11-12,
45,宮崎県,45201,宮崎市,,宮崎市天ヶ城歴史民俗資料館,,,880-2221,宮崎市高岡町内山3008-56,31.957945,131.290688,https://amagajyorekishi.miyabunkyo.com/,yes,,資料館正門前、天ヶ城茶屋横 / 歴史民俗資料館内,,,,,,,,,,,,,,,,,,,,,,,,,,multipurpose_toilet,みやざきアクセシビリティ情報マップ,https://m-bfree.pref.miyazaki.lg.jp/a_map/public/facilityAround/eyJpdiI6ImJDK1kzWjJ5MDNKaE1hY0RMWnNGU2c9PSIsInZhbHVlIjoiNzNaTXQ5dkNoMkxRVHpCVFlFYWV0QT09IiwibWFjIjoiNTZhMjk0Njk2YjFiMTg5MDM1ZmM2MGQ4OWFkNmE3YTNhMGNmNjEzZmIzOTY1YWQxZGM5MmVhYzIxZjI3ZjEwMiJ9,,F002075,男女共用トイレあり | 緊急通報装置あり | 調査日=2022-12-07,
45,宮崎県,45201,宮崎市,,宮崎市生目地域センター,,,880-2104,宮崎市大字浮田3153-1,31.9292022,131.3782882,,yes,,,,,,,,,,,,,,,,,,,,,,,,,,,,multipurpose_toilet,みやざきアクセシビリティ情報マップ,https://m-bfree.pref.miyazaki.lg.jp/a_map/public/facilityAround/eyJpdiI6IjlDd3F4QmRHbFJzaUtYYXphM0hKdnc9PSIsInZhbHVlIjoiM2ZVckNrZVY3ZU9GZUMyek93UkRcL2c9PSIsIm1hYyI6ImZiNDU1OTUzNWNhNzc0MDQ2MDM1MzhlNDM0ZmFlNmRhYTA0OTMwNDk5ZWE1ZjZmMThmOTY0MzdjNWIyMjBiNGQifQ==,,F001093,男女共用トイレあり | 調査日=2019-11-21,
45,宮崎県,45201,宮崎市,,宮崎市生目の杜遊古館体験学習館,,,880-2101,宮崎市大字跡江4200-3,31.9448827,131.386168,https://yukokan.miyabunkyo.com/,yes,,学習棟 / 宿泊棟 / 屋外,,,,yes,,yes,,yes,yes,,,,,,,,,,,,,,,,,multipurpose_toilet,みやざきアクセシビリティ情報マップ,https://m-bfree.pref.miyazaki.lg.jp/a_map/public/facilityAround/eyJpdiI6IlduQjJlZ09Cb0pnQlh6emFlTmNQMnc9PSIsInZhbHVlIjoiVGlnQTBkVXZUSXZNcnFXYWkwRk9cL0E9PSIsIm1hYyI6IjRmNTVhNWU3ZmU4MGIyOGI4M2MzZjNhNjRhMTI5ZmIzNzdlMWYwZmVmZTg1ODE0YjAyZDUwNDFkYTk2M2UwZTAifQ==,,F001274,男女共用トイレあり | 男女別トイレあり | 緊急通報装置あり | 調査日=2020-03-11,
45,宮崎県,45201,宮崎市,,宮崎市生目の杜遊古館埋蔵文化財センター,,,880-2101,宮崎市大字跡江4200-3,31.9448827,131.386168,https://yukokan.miyabunkyo.com/,yes,,,,,,yes,,yes,,,,,,,,,,,,,,,,,,,,multipurpose_toilet,みやざきアクセシビリティ情報マップ,https://m-bfree.pref.miyazaki.lg.jp/a_map/public/facilityAround/eyJpdiI6IjJ3V0RFQXNQS05mcVwvUWlnTkp5OFpRPT0iLCJ2YWx1ZSI6IkZuZzJZVE1lT3h5bWZrXC9BdUxqRWFRPT0iLCJtYWMiOiIwMThiMDRiOTIzZjBkMDA2M2U1NTc2YzVhZTBiNTBkZDczOTlmOTM4OGMwZDVlNDE0OGJhNjZjN2JiMGJlM2MwIn0=,,F001285,男女別トイレあり | 緊急通報装置あり | 調査日=2019-11-22,
45,宮崎県,45201,宮崎市,,宮崎市大塚台地域事務所,,,880-2105,宮崎市大塚台西二丁目18番地1,31.9155046,131.3829231,https://www.city.miyazaki.miyazaki.jp/life/activities/otsukadai/1312.html,yes,,,,,,,,yes,,,,,,,,,,,,,,,,,,,,multipurpose_toilet,みやざきアクセシビリティ情報マップ,https://m-bfree.pref.miyazaki.lg.jp/a_map/public/facilityAround/eyJpdiI6IkJ3cjhsNUQyQW5mSm16WDhcL2lGSjBRPT0iLCJ2YWx1ZSI6IndBcVMyVzhIbStacnhScTAxd3hndWc9PSIsIm1hYyI6IjU0MzY3ODEyMzI0ZTM3NGE2ZTkyZDZiOTYwODlkNThiZjI0ZDhmNzgyMTg3NGY2MzQyYTRiYWE2OWM3MWU5YzgifQ==,,F000264,男女共用トイレあり | 調査日=2019-11-08,
45,宮崎県,45201,宮崎市,,宮崎市大塚地域事務所,,,880-0951,宮崎市大塚町鎌ヶ迫2296番地3,31.9186662,131.389774,https://www.city.miyazaki.miyazaki.jp/institution/list/item764/,yes,,,,,,,,,,,,,,,,,,,,,,,,,,,,multipurpose_toilet,みやざきアクセシビリティ情報マップ,https://m-bfree.pref.miyazaki.lg.jp/a_map/public/facilityAround/eyJpdiI6Ik1MdkhWRDV3V1hZUExhSXZ0Ukdhcnc9PSIsInZhbHVlIjoiRFdaWVNNSzVVXC9XZnYrRGx0aFhiRFE9PSIsIm1hYyI6IjgyZWZlMGUyMGIzMzE4N2Y4NWNiNjJmYzE3ZGZmZjBlZTJjMjQ3OWFhYTlmMzcxYzJmY2U4Y2Q5MGFlZTg0ZWUifQ==,,F000243,男女共用トイレあり | 調査日=2019-11-12,
45,宮崎県,45201,宮崎市,,宮崎市大宮地域事務所,,,880-0035,宮崎市下北方町下郷6101番地,31.9494916,131.4082622,,yes,,,,,,yes,,,,,,,,,,,,,,,,,,,,,,multipurpose_toilet,みやざきアクセシビリティ情報マップ,https://m-bfree.pref.miyazaki.lg.jp/a_map/public/facilityAround/eyJpdiI6ImpGd1NuMVRKVHd6SGJJQXVcLzBmTnJ3PT0iLCJ2YWx1ZSI6IjBYcXBkOU11YWJcL1FGMndsUzNXXC9xdz09IiwibWFjIjoiMDE3Mzc3M2E0NGZiMTIwMmQxNDAxYWEyOTQ0MjgwZTcxZDY5Mzc1NmQyMmMzZmNlZDc5YWEzZDYxOWYxOWMxYiJ9,,F002129,男女共用トイレあり | 緊急通報装置あり | 調査日=2019-11-25,大宮公民館との共用となります。
45,宮崎県,45201,宮崎市,,宮崎市大淀地域事務所,,,880-0933,宮崎市大坪町西六月2211番地1,31.8955426,131.4074871,https://www.city.miyazaki.miyazaki.jp/life/activities/oyodo/1274.html,yes,,,,,,,,yes,,,,,,,,,,,,,,,,,,,,multipurpose_toilet,みやざきアクセシビリティ情報マップ,https://m-bfree.pref.miyazaki.lg.jp/a_map/public/facilityAround/eyJpdiI6IlVRS3R2Z0Q3OUErVE1RYnpLeTdId0E9PSIsInZhbHVlIjoiZE84cE05OWlQVnFySFhIQUZYMklwdz09IiwibWFjIjoiZDQyNGNmMTVhMzc0ZWFlZDFiYTM1M2YwNGM1MjU4M2I4ZmJhZWU2ZDVlMGIzNzM0NGQwMjJjNmIwYTlhZTJjMCJ9,,F000240,男女共用トイレあり | 調査日=2019-11-22,
45,宮崎県,45201,宮崎市,,宮崎市かのう児童館,,,889-1605,宮崎市清武町加納甲1010,31.8691609,131.3904146,https://www.city.miyazaki.miyazaki.jp/institution/list/item499/,yes,,,,,,,,,,,,,,,,,,,,,,,,,,,,multipurpose_toilet,みやざきアクセシビリティ情報マップ,https://m-bfree.pref.miyazaki.lg.jp/a_map/public/facilityAround/eyJpdiI6IndXakQ4MjNpdDhYcmd0SzhDTndKUXc9PSIsInZhbHVlIjoiUVZjUkcxcXlNYURRT0lQK3VpTjMwdz09IiwibWFjIjoiYzk4OWQ2OWMxMTdjZGU0ZDcwMzRmOWViMjRkY2QyYjgzY2RkOWYwZGQ1ZGIwMDllNWVhYTMwZjhhYTkwZDNjZCJ9,,F001381,男女共用トイレあり | 調査日=2014-03-20,
45,宮崎県,45201,宮崎市,,宮崎歯科福祉センター,,,880-0834,宮崎市新別府町久保田683-1,31.925905,131.4564597,http://www.m-sikaisikai.or.jp,yes,,,,,,,,,,,,,,,,,,,,,,,,,,,,multipurpose_toilet,みやざきアクセシビリティ情報マップ,https://m-bfree.pref.miyazaki.lg.jp/a_map/public/facilityAround/eyJpdiI6InZKRUpKUFFXTUxlNjI0cU44MnMrSHc9PSIsInZhbHVlIjoiRGFLQVVtNzFOdThNSmY4SmdreDZHdz09IiwibWFjIjoiZDc0ZDIyZWJjM2YzOTU0OGNlYmNjNjNhZGU4YTdhOWUwNjUwNmYzMWRmMmFiZGFhNTg0YmQwYjExMDk0NjViNCJ9,,F001691,男女別トイレあり | 着替え台あり | 調査日=2019-11-09,
45,宮崎県,45201,宮崎市,,宮崎市観光案内所,,,880-0811,宮崎市錦町1-8JR宮崎駅構内,31.915935,131.431467,,yes,,宮崎駅構内,,,,,,,,,,,,,,,,,,,,,,,,,,multipurpose_toilet,みやざきアクセシビリティ情報マップ,https://m-bfree.pref.miyazaki.lg.jp/a_map/public/facilityAround/eyJpdiI6IkE5MWFlR3BaVkFUVUJyYytXbjdWMGc9PSIsInZhbHVlIjoieW9UYjNZY2hnT0FTM21mMlZKVGxFUT09IiwibWFjIjoiMTI2ZDVkNjU2ZTk1ZDg5MTkwNTM2ZDkxZmQ1ODBhMThhYjZhMTMxMTM5NmYwMmVmMWI4MDI4OWRiM2FjNGNlYyJ9,,F002746,,多目的トイレは宮崎駅構内に３か所あります。
45,宮崎県,45201,宮崎市,,宮崎市北消防署東分署,,,880-0841,宮崎市吉村町嶋田甲744番地1,31.9244927,131.4430497,,yes,,1階,,,,,,,,,,,,,,,,,,,,,,,,,,multipurpose_toilet,みやざきアクセシビリティ情報マップ,https://m-bfree.pref.miyazaki.lg.jp/a_map/public/facilityAround/eyJpdiI6IktwQnloS1hkZU5uUnM3THNQOGVNTVE9PSIsInZhbHVlIjoiWEF3RW01V1wvSXozS1wvdHZEaTdvZDdnPT0iLCJtYWMiOiJiZDdhZWI2MDZkNjhkNmRjZTQxMjNjY2FhMWQ4NmMyNmZmZTk5OTg2YTJiMTU1ZjJhZGUyODNjZWZkZDAyZWMyIn0=,,F001146,男女共用トイレあり | 緊急通報装置あり | 調査日=2019-11-13,
45,宮崎県,45201,宮崎市,,宮崎市教育情報研修センター,,,880-0803,宮崎市旭1丁目4-1,31.9096163,131.4256915,http://www.mcnet.ed.jp/nc/htdocs/,yes,,,,,,,,,,,,,,,,,,,,,,,,,,,,multipurpose_toilet,みやざきアクセシビリティ情報マップ,https://m-bfree.pref.miyazaki.lg.jp/a_map/public/facilityAround/eyJpdiI6InhYN2F4UURIK3AxbHo2TGdGQ1lBVHc9PSIsInZhbHVlIjoiMkJRYm1icWdyaHgrc1wvd3VMK3pLZ3c9PSIsIm1hYyI6IjNiNjIwNjU5ODc4OWIxYjUzNmY5ODIyNTZlOWQ4ZGQ3MGEyNmYzZjY1NzZkN2NlYTc3NDEyNTQ0ZTkzYzk5NDMifQ==,,F000429,男女共用トイレあり | 調査日=2019-11-25,
45,宮崎県,45201,宮崎市,,宮崎市きよたけ児童文化センター,,,889-1613,宮崎市清武町西新町1-6,31.85492,131.3907985,http://www.kodomo-bunka.org/kiyotakezidoubunkacenter.php,yes,,１階,,,,,,,,,,,,,,,,,,,,,,,,,,multipurpose_toilet,みやざきアクセシビリティ情報マップ,https://m-bfree.pref.miyazaki.lg.jp/a_map/public/facilityAround/eyJpdiI6IndMUXhkNnowQ1Zrajd5N2dWV1NSbnc9PSIsInZhbHVlIjoiNlQ0M2tkK0M4Zjc3NGFcL2Z0XC96TU9RPT0iLCJtYWMiOiIxZTgxMzY1YjRiODMzODMzNDI4YjlkNzZmYzA3Yzk1NzIwY2QzYzAyMjE0ZmQwM2RmODE5MWU1ZjMwYTJhZGY5In0=,,F001790,男女共用トイレあり | 緊急通報装置あり | 調査日=2019-11-23,
45,宮崎県,45201,宮崎市,,宮崎市清武総合運動公園,,,889-1602,宮崎市清武町今泉甲530番地,31.847486,131.371148,http://www.kiyotake-park.jp/,yes,,管理事務所棟内 / SOKKENスタジアム外公衆トイレ内 / SOKKENスタジアム内1F / 第二野球場前公衆トイレ内 / 第一駐車場公衆トイレ内 / 第二テニスコート前管理棟1F / 多目的グラウンド北公衆トイレ内 / ふれあい広場前公衆トイレ内 / 弓道場内多目的トイレ,,,,yes,,yes,,yes,yes,,,,,,,,,,,,,,,,,multipurpose_toilet,みやざきアクセシビリティ情報マップ,https://m-bfree.pref.miyazaki.lg.jp/a_map/public/facilityAround/eyJpdiI6IitoWnMzZmhtUloybHdDMWs0aVJJcXc9PSIsInZhbHVlIjoiXC9YUHNacDdUSU9FTHIxajJsVXBmMGc9PSIsIm1hYyI6IjAwZDNiNmI3OGQxY2ExYmRiNWZhMDQxNzc4NTA3YzJkMWI1ZGE4ZmM2MGE4ODAyNWIxYzY0Y2MxNDRmN2I2NjUifQ==,,F002479,男女共用トイレあり | 男女別トイレあり | 緊急通報装置あり | 調査日=2025-01-09,・第二野球場前の女性用トイレに小児用便器あり / ・多目的グラウンド北公衆トイレにベビーチェアあり / ・弓道場内多目的トイレは自動洗浄
45,宮崎県,45201,宮崎市,,宮崎市清武総合運動公園（事務所）,,,889-1602,宮崎市清武町今泉甲530,31.8531345,131.3560996,www.kiyotake-park.jp/,yes,,１階,,,,,,,,,,,,,,,,,,,,,,,,,,multipurpose_toilet,みやざきアクセシビリティ情報マップ,https://m-bfree.pref.miyazaki.lg.jp/a_map/public/facilityAround/eyJpdiI6ImxLVFNabFhmT3BxNU4yVDF3XC8zVjJRPT0iLCJ2YWx1ZSI6IkNWT3p3SWQzTENWdTJlVEtnQjNOR3c9PSIsIm1hYyI6IjRhZjJhNDE2ZDA1ODRmZjEyZjYwMjIzYzkzMWQyN2MwZjExMjFjODgzNDhkMDE4ZDkzZTA4MjU4ZjNkYTA4OTIifQ==,,F001989,男女共用トイレあり | 緊急通報装置あり | 調査日=2013-09-02,
45,宮崎県,45201,宮崎市,,宮崎市清武総合支所,,,889-1696,宮崎市清武町西新町1番地1,31.8556039,131.3899283,https://www.city.miyazaki.miyazaki.jp/,yes,,１階 / 2階,,,,yes,,yes,,yes,,,,,,,,,,,,,,,,,,multipurpose_toilet,みやざきアクセシビリティ情報マップ,https://m-bfree.pref.miyazaki.lg.jp/a_map/public/facilityAround/eyJpdiI6Ijh5dEVFdlozbDdjZmUzSFFBNzBZOHc9PSIsInZhbHVlIjoiM3lJdzEzaFM0VXBFRW5sZXdtNm45UT09IiwibWFjIjoiMzIzNTkzMzVlZjhkMDhhNDY1MWYzNWIwMDY5YmI5ZTk5YjE3MTZhZTQxYjFlZWNmNGQ4NWQwYWQ1NDNiODllZSJ9,,F000351,男女共用トイレあり | 緊急通報装置あり | 調査日=2019-11-08,
45,宮崎県,45201,宮崎市,,宮崎市清武総合福祉センター,,,889-1604,宮崎市清武町西新町8番地6,31.8539928,131.3893894,http://www.my-shakyo.jp/about/c_kiyotake_s.html,yes,,１階,,,,yes,,yes,,,,,,,,,,,,,,,,,,,,multipurpose_toilet,みやざきアクセシビリティ情報マップ,https://m-bfree.pref.miyazaki.lg.jp/a_map/public/facilityAround/eyJpdiI6InZ5QU9lUmxoWjcyeDRqclJ5THo3elE9PSIsInZhbHVlIjoick93ZkNMXC81VWJXWUExWTNJaFJhc2c9PSIsIm1hYyI6Ijg2NTQ0MDc2ZmZjNjMyMWRhN2YzNGQzYmM0YTg0ZWVhYjliYTQ3ZDYwYzVmNTc4MTRlYTg1ODkwOGYxOWFlMTAifQ==,,F001104,男女共用トイレあり | 緊急通報装置あり | 調査日=2019-11-22,
45,宮崎県,45201,宮崎市,,宮崎市清武体育館,,,889-1613,宮崎市清武町西新町5番地1,31.85481,131.391316,http://kiyotake-sp.info/,yes,,２階,,,,yes,,,,,,,,,,,,,,,,,,,,,,multipurpose_toilet,みやざきアクセシビリティ情報マップ,https://m-bfree.pref.miyazaki.lg.jp/a_map/public/facilityAround/eyJpdiI6InZGKzlUbkdxejMxazY1UXFqcUJuamc9PSIsInZhbHVlIjoiOFlVNFBFRjl1c1N1WmxIcWRaaFFodz09IiwibWFjIjoiYjFhZjA0NDQyMjZkM2IyOTIzYTY2ODAwZDIyODc1ZDdlYjdmZTg3NGNlMTRkOTczOTMwOWE4ZTA5MjAxZmI4MiJ9,,F002095,男女共用トイレあり | 緊急通報装置あり | 調査日=2019-12-10,
45,宮崎県,45201,宮崎市,,宮崎市清武地区交流センター,,,889-1602,宮崎市清武町今泉甲2694番地3,31.85602,131.36398,,yes,,,,,,,yes,,,yes,yes,,,,,,,,,,,,,,,,,multipurpose_toilet,みやざきアクセシビリティ情報マップ,https://m-bfree.pref.miyazaki.lg.jp/a_map/public/facilityAround/eyJpdiI6InBBWUQyVE1lNUN2SytMTnhmZHAxckE9PSIsInZhbHVlIjoieE1KMnQ0d3VyY09XdjZRNUNWUmdlQT09IiwibWFjIjoiNDg5NTQyMDA3MDYzNDY5NjVmZmQ1NGUzYWIyYjk1NTkyYWMwZWI0Y2ZjZDg1NjczOWRlOWU1NDg3YTgwMmQyNCJ9,,F002544,緊急通報装置あり | 調査日=2022-01-06,
45,宮崎県,45201,宮崎市,,宮崎市清武文化会館,,,889-1613,宮崎市清武町西新町6-6-5,31.8542565,131.3905516,https://www.kiyotake-bunka.jp/,yes,,２階 / １階,,,,yes,,,,,,,,,,,,,,,,,,,,,,multipurpose_toilet,みやざきアクセシビリティ情報マップ,https://m-bfree.pref.miyazaki.lg.jp/a_map/public/facilityAround/eyJpdiI6InkwcHlDcThIZkRUNjRBZVU3OXBDWlE9PSIsInZhbHVlIjoiTDZFcGs3eDhHa1NFb3k4T3owMGRGUT09IiwibWFjIjoiYzAzMDM5NTg3ZjcxYzM5MGVhZmMwODQ4MTc0MjZlYzI1MGZkOGE0Njk0NmU2YzM4N2MxMmUxZGIzY2UwNGE5OCJ9,,F001180,男女共用トイレあり | 緊急通報装置あり,
45,宮崎県,45201,宮崎市,,宮崎市清武保健センター,,,889-1696,宮崎市清武町西新町1番地1,31.8556039,131.3899283,https://www.city.miyazaki.miyazaki.jp/institution/list/item14/,yes,,１階,,,,,,,,yes,yes,,,,,,,,,,,,,,,,,multipurpose_toilet,みやざきアクセシビリティ情報マップ,https://m-bfree.pref.miyazaki.lg.jp/a_map/public/facilityAround/eyJpdiI6ImMybXZnckJ3UjdDXC9zaXdQWUVZTm13PT0iLCJ2YWx1ZSI6InlrWjRpdnlOU1hOVlFYakVHRnYwNUE9PSIsIm1hYyI6ImI5NGIyZGQ5OTI5NWY4M2UyNDQxZTI4YzVlZjkxNTA4ZDE0MTAzMGViNDZkNzI3OWQxMTNmNmE1YjRmMzk3NGUifQ==,,F001254,男女共用トイレあり | 緊急通報装置あり | 調査日=2019-11-25,
45,宮崎県,45201,宮崎市,,宮崎市郡医師会病院,,,880-2102,宮崎市大字有田1173番地,31.93976,131.36864,,yes,,,,,,,yes,,,yes,,,,,,,,,,,,,,,,,,multipurpose_toilet,みやざきアクセシビリティ情報マップ,https://m-bfree.pref.miyazaki.lg.jp/a_map/public/facilityAround/eyJpdiI6ImU4SjR5eTdTR2ZcL1BBcFlsK3FhMGRnPT0iLCJ2YWx1ZSI6IjNabVJmNzRVV2h4dWk2VERtbkRkYUE9PSIsIm1hYyI6ImNmZDBkMWZjYjk4NDA4MGFjODJjOWQyYWU5ZDUxY2IwMDA5NTU3M2EwMjhlZjFhMjJlNmFmMzZkNjljOGVjMGMifQ==,,F002551,緊急通報装置あり | 調査日=2022-01-06,
45,宮崎県,45201,宮崎市,,宮崎市佐土原総合支所,,,889-0297,宮崎市佐土原町下田島20660番地,32.0239101,131.4740591,,yes,,１階,,,,,,yes,,yes,,,,,,,,,,,,,,,,,,multipurpose_toilet,みやざきアクセシビリティ情報マップ,https://m-bfree.pref.miyazaki.lg.jp/a_map/public/facilityAround/eyJpdiI6IkdsY2lYS0tBUG40M0x2UVZkeE9qQmc9PSIsInZhbHVlIjoiNExDMFwvcXNQUEhLQjJTWXBcL2ZmbWpBPT0iLCJtYWMiOiIzNGFkY2QzNmJkNDYxNTRhYjEzZTdmMGRlMzk0ODg0YWI3N2Y1MWZlMTI1ZTY3MDhmN2ZkM2VhZDI0ZjVhNGY2In0=,,F001512,男女共用トイレあり | 緊急通報装置あり | 調査日=2019-11-26,
45,宮崎県,45201,宮崎市,,宮崎市佐土原体育館,,,880-0211,宮崎市佐土原町下田島20688-74 他,32.024806,131.47324,,yes,,,,,,yes,yes,yes,,,yes,,,,,,,,,,,,,,,,,multipurpose_toilet,みやざきアクセシビリティ情報マップ,https://m-bfree.pref.miyazaki.lg.jp/a_map/public/facilityAround/eyJpdiI6Imk3YmI1M1licTFDS1lwSjR2QjFTb1E9PSIsInZhbHVlIjoiNW5rM2JUWVRyMlBVOW1rdEVGenhSUT09IiwibWFjIjoiYmRiODhjZjQyNmMxNDg0ZTBkMTUyNDFjZjM2MjZiZTg2Mzk3OWUyZWNjMGZiMmM2MzIwODZkMGE0N2MxNzNjYyJ9,,F002092,男女別トイレあり | 調査日=2019-12-16,
45,宮崎県,45201,宮崎市,,宮崎市佐土原歴史資料館「鶴松館」,,,880-0301,宮崎市佐土原町上田島8227-1,32.0487806,131.4250379,http://sadowararekishi.miyabunkyo.com/,yes,,屋外,,,,,,,,,,,,,,,,,,,,,,,,,,multipurpose_toilet,みやざきアクセシビリティ情報マップ,https://m-bfree.pref.miyazaki.lg.jp/a_map/public/facilityAround/eyJpdiI6IkdMcWlFZzRISHRnXC9pOW1xZDVmMU9BPT0iLCJ2YWx1ZSI6IjNEam5vS0VWdEMzeEFnMUdOWk9HUEE9PSIsIm1hYyI6ImYxMTc0YjQwODZhOGYyNmYwMDM3YTMxMzliNmViNWE1MjBmZmM2MzQ4YzNmNmQ2OTI4M2IyMTk2OWE0M2YyNTgifQ==,,F000651,男女共用トイレあり | 緊急通報装置あり | 調査日=2019-11-24,トイレは、鶴松館開館時のみ利用可能です。 / それ以外は施錠してありますのでご注意ください。
45,宮崎県,45201,宮崎市,,宮崎市自然休養村センター「このはなの湯」,,,889-2161,宮崎市大字加江田6896番地,31.8053631,131.4487561,http://shachu.co.jp/,yes,,１階,,,,,,,,,,,,,,,,,,,,,,,,,,multipurpose_toilet,みやざきアクセシビリティ情報マップ,https://m-bfree.pref.miyazaki.lg.jp/a_map/public/facilityAround/eyJpdiI6IlowUVNcL0hKdGloZkMwRng5eThXNlwvQT09IiwidmFsdWUiOiJpM1RNTHg2cURoVGdcL3Ird2dmZjVNdz09IiwibWFjIjoiMTQwNmNhZjI0MTYxZTgzYzU4OTA4ZmViMDVkM2QwMjhhOTdiNDYxNWNmMWY4ZTY1YzdlZWYzODcxMzRmZmZiOSJ9,,F001143,男女共用トイレあり | 緊急通報装置あり | 調査日=2019-11-08,
45,宮崎県,45201,宮崎市,,宮崎市障がい者体育センター,,,880-0916,宮崎市大字恒久字西原5132番地,31.888661,131.411748,,yes,,１階,,,,,,yes,,,,,,,,,,,,,,,,,,,,multipurpose_toilet,みやざきアクセシビリティ情報マップ,https://m-bfree.pref.miyazaki.lg.jp/a_map/public/facilityAround/eyJpdiI6InBkZXgzVm52aGhOcWpkc0pDMFJ4d2c9PSIsInZhbHVlIjoicDBFQzFZNHNobkd1OFR4VEpQSklVdz09IiwibWFjIjoiY2I4OGE4ZDJlNTY3NDgzZWFhMTUyY2Q3YTVhOGNjNDAwMDRlN2QyZjc4M2YxMGZiMDNjYWM2NmFlODk2YjY5MyJ9,,F001847,男女共用トイレあり | 男女別トイレあり | 緊急通報装置あり | 調査日=2013-09-13,
45,宮崎県,45201,宮崎市,,宮崎市上下水道局庁舎,,,880-8507,宮崎市鶴島3丁目252,31.9151904,131.4067498,https://www.city.miyazaki.miyazaki.jp/suidou/,yes,,,,,,yes,,yes,,,,,,,,,,,,,,,,,,,,multipurpose_toilet,みやざきアクセシビリティ情報マップ,https://m-bfree.pref.miyazaki.lg.jp/a_map/public/facilityAround/eyJpdiI6Ind3d24rV0JaSlZZbE9sZ0gyOWZYNFE9PSIsInZhbHVlIjoiZjNhQis2NXk1c3pQaGM2UlI2SDZDQT09IiwibWFjIjoiNjQ4MDYwNjNkNjJlODlmYWE0NzY3ZmZhZjZkZTExZjk3Mzc3ZTcwNTQzMmMwYWVlNTAwYTJkNjZlODUzOTA5ZiJ9,,F000818,男女共用トイレあり | 緊急通報装置あり | 調査日=2019-11-26,
45,宮崎県,45201,宮崎市,,宮崎市消防局庁舎,,,880-0023,宮崎市和知川原1丁目64番地2,31.9237691,131.4157872,https://www.city.miyazaki.miyazaki.jp/search_departments/shoubou/,yes,,庁舎１階,,,,yes,,yes,,,,,,,,,,,,,,,,,,,,multipurpose_toilet,みやざきアクセシビリティ情報マップ,https://m-bfree.pref.miyazaki.lg.jp/a_map/public/facilityAround/eyJpdiI6InR0aDBwcFJrMlB0QnlcL1pFTzBRaDNRPT0iLCJ2YWx1ZSI6IkVuYzQxaUR4N1pma1FyeVV5MFNrSmc9PSIsIm1hYyI6IjdlOTFjNzRjZjA2NDU4ZGU3ZTdmZDg4NWQwOGM3NzFkODA4YzljNjg5NzAzMTFlNmIxNGViZmJkMmNhNmM5YTgifQ==,,F001275,男女共用トイレあり | 調査日=2019-11-25,
45,宮崎県,45201,宮崎市,,宮崎市青少年プラザ体育館,,,880-0056,宮崎市神宮東1丁目2番27号,31.9322178,131.4262826,http://www.age.st/~genkipla/,yes,,１階,,,,yes,,,,,,,,,,,,,,,,,,,,,,multipurpose_toilet,みやざきアクセシビリティ情報マップ,https://m-bfree.pref.miyazaki.lg.jp/a_map/public/facilityAround/eyJpdiI6IjVCOHJ2b1JPSWRIWDBwUzdYSCs0eXc9PSIsInZhbHVlIjoiMWxuWGZrbnZcL211WGx4QzJpWkdPWHc9PSIsIm1hYyI6IjJmMDUwYzBjYjEzYWYwZWNiNTgzMjc2M2QzODQwMTQyOTBlNjYyZTc2NmZkZTFjMWQwMjI5MjM0NDdmZTAxMWYifQ==,,F000007,男女共用トイレあり | 緊急通報装置あり | 調査日=2019-11-11,
45,宮崎県,45201,宮崎市,,宮崎市総合体育館,,,880-0879,宮崎市駅東1丁目2番地7号,31.9145884,131.4353061,http://www.miyazaki-sports.or.jp/,yes,,１階,,,,yes,,yes,,,,,,,,,,,,,,,,,,,,multipurpose_toilet,みやざきアクセシビリティ情報マップ,https://m-bfree.pref.miyazaki.lg.jp/a_map/public/facilityAround/eyJpdiI6IkYzTzlqREc2QjlXcjhZZ08ranhlK0E9PSIsInZhbHVlIjoiMHRTQnRyXC9aMTFUNEtSd0hUZWZWMlE9PSIsIm1hYyI6ImNmMzk1OWIyODIxOWVkY2E5ZGI0MmY1NjQ0NWU2MzQ3NGUzMDkzNzQxM2M1ZDAwNDA2MWI5YjgyYzQ2MjFlODgifQ==,,F001961,男女共用トイレあり | 緊急通報装置あり | 調査日=2013-09-09,
45,宮崎県,45201,宮崎市,,宮崎市総合体育館立体駐車場,,,880-0879,宮崎市宮崎駅東1丁目3-1,31.9153771,131.4353852,,yes,,,,,,,,yes,,,,,,,,,,,,,,,,,,,,multipurpose_toilet,みやざきアクセシビリティ情報マップ,https://m-bfree.pref.miyazaki.lg.jp/a_map/public/facilityAround/eyJpdiI6IkhuWlhJQ2NtVTZaQlFVV1N1ZWk4dWc9PSIsInZhbHVlIjoiNDA4SytyTmROVnRGem9DbnhiXC9jQVE9PSIsIm1hYyI6IjA3NTE4YTc2NTZhYThlMjZmM2JkNjU2MDE2ODEzOGE1MTJkMjhjZmY5ZTk3NmFhN2FhMWRiY2NmNDhkOGRjNWIifQ==,,F001941,男女別トイレあり | 調査日=2010-09-02,
45,宮崎県,45201,宮崎市,,宮崎市総合発達支援センター おおぞら,,,880-0834,宮崎市新別府町久保田657-4,31.9263473,131.4567195,https://miyazaki-oozora.jp/,yes,,診療部1階 / 診療部2階,,,,yes,,yes,,,yes,,,,,,,,,,,,,,,,,multipurpose_toilet,みやざきアクセシビリティ情報マップ,https://m-bfree.pref.miyazaki.lg.jp/a_map/public/facilityAround/eyJpdiI6ImVFUlptRFlxVlVBdTJTUkxlZEJmZkE9PSIsInZhbHVlIjoidjBhdE1cLzZEcFE2aUM2M1JqV05ONkE9PSIsIm1hYyI6IjE0ODdhZWI5OTNjZjFmMjRjZWJiN2VjMWFhM2JkY2E3NzAyODI2ZmFiYWFhNTMwMzc4MzM1YzQ0MmU3Y2Q1N2YifQ==,,F001021,男女共用トイレあり | 緊急通報装置あり | 着替え台あり | 調査日=2019-11-26,
45,宮崎県,45201,宮崎市,,宮崎市総合福祉保健センター,,,880-0930,宮崎市花山手東三丁目25番地2,31.8993287,131.4004563,http://www.my-shakyo.jp/,yes,,１階 / ２階,,,,yes,,yes,,yes,,,,,,,,,,,,,,,,,,multipurpose_toilet,みやざきアクセシビリティ情報マップ,https://m-bfree.pref.miyazaki.lg.jp/a_map/public/facilityAround/eyJpdiI6ImR6R211ajNQRm9wVURlazhSaythcGc9PSIsInZhbHVlIjoiUWhsWlZWUHVERVRKeGJIcW5CQU84dz09IiwibWFjIjoiYjAzNDIyMDU5Y2FjYjE1NzMxODliYTg4NDllMWVlNDZiOTBjZTcwNmE4OTk3ZjliZmE4NjBjNzFlYjcwMjFiNCJ9,,F000896,男女共用トイレあり | 緊急通報装置あり | 調査日=2019-11-25,
45,宮崎県,45201,宮崎市,,宮崎市葬祭センター,,,880-0924,宮崎市大字郡司分乙2356番地,31.8463868,131.4387484,https://www.city.miyazaki.miyazaki.jp/life/funeral/funeral_cremation/6565.html,yes,,１階,,,,,,,,,,,,,,,,,,,,,,,,,,multipurpose_toilet,みやざきアクセシビリティ情報マップ,https://m-bfree.pref.miyazaki.lg.jp/a_map/public/facilityAround/eyJpdiI6IlY1VzRrdW5cL0ZHeDZBd2RtM1ZFZXNnPT0iLCJ2YWx1ZSI6InRkMGxqOTJaMmx1MWQrTE9tXC9mSFwvZz09IiwibWFjIjoiYTg5OWVhODczZjhmNmYyMTllM2RiMGVlYzc2ZTY4YjViMTgyYjJkY2RmOTJiZjM4MTFjMmY5OTdkN2E4N2VmOSJ9,,F001154,男女共用トイレあり | 緊急通報装置あり | 調査日=2009-11-24,
45,宮崎県,45201,宮崎市,,宮崎市高岡福祉保健センター 穆園館,,,880-2221,宮崎市高岡町内山2877 番地,31.9575843,131.2986672,,yes,,,,,,yes,,yes,,,,,,,,,,,,,,,,,,,,multipurpose_toilet,みやざきアクセシビリティ情報マップ,https://m-bfree.pref.miyazaki.lg.jp/a_map/public/facilityAround/eyJpdiI6ImVBS1F1Zk1uN3lkeUVrRWIrMllrK3c9PSIsInZhbHVlIjoiSXBDYVZyUlNqb1VvM1V5WUlhSnRmUT09IiwibWFjIjoiYTIwODRlMTRjNWFmMWI3ZWU5OGI1MjJmYjY3OTRhZDdjMTkwYjIxMTViYTgyMDMzZGYxMTQzYjRiMGY0OTk0OCJ9,,F000697,男女共用トイレあり | 調査日=2013-09-10,
45,宮崎県,45201,宮崎市,,宮崎市田野児童センター、田野地域子育て支援センター,,,889-1701,宮崎市田野町甲2823-3,31.8371612,131.3008653,http://www.kodomo-bunka.org/,yes,,,,,,,,,,,,,,,,,,,,,,,,,,,,multipurpose_toilet,みやざきアクセシビリティ情報マップ,https://m-bfree.pref.miyazaki.lg.jp/a_map/public/facilityAround/eyJpdiI6IktNeGc2MWRUZUtpbjFKVCtIK3pzR2c9PSIsInZhbHVlIjoiQTl6WThWY2NjT01xOUs2TzN6czRvdz09IiwibWFjIjoiNTEwMGUwYjU5OTMxMDRlODJlODk0YWMwNzBiMGJkYTdlODZmNTdkZDk5Zjg2YTgyMDMyYjRiNTkxMjY5MzA2MCJ9,,F001402,男女共用トイレあり | 調査日=2014-03-20,
45,宮崎県,45201,宮崎市,,宮崎市田野総合福祉館,,,889-1701,宮崎市田野町甲2848-1,31.8370142,131.301557,https://www.city.miyazaki.miyazaki.jp/institution/list/item254/,yes,,２階 / １階,,,,,,,,,,,,,,,,,,,,,,,,,,multipurpose_toilet,みやざきアクセシビリティ情報マップ,https://m-bfree.pref.miyazaki.lg.jp/a_map/public/facilityAround/eyJpdiI6IllxWmNFRzUwOFwvUHRXek8yeUN2dWtRPT0iLCJ2YWx1ZSI6IlRDMTNFdDZ4K3dPMHMxU29xSW1pZkE9PSIsIm1hYyI6ImIwM2IzYWMwY2QwNGI1MzMxZGU1YWFhYmUwYmZhZTI2ZDg2MGE2Y2M4N2M4Y2MxOTFjNGQwN2IzM2Q1ZjE1NGQifQ==,,F001494,男女共用トイレあり | 緊急通報装置あり | 調査日=2002-09-24,
45,宮崎県,45201,宮崎市,,宮崎市田野Ｂ＆Ｇ海洋センター体育館,,,889-1701,宮崎市田野町2942番地1,31.834864,131.2708178,https://www.bgf.or.jp/center/0116.html,yes,,,,,,,,yes,,,,,,,,,,,,,,,,,,,,multipurpose_toilet,みやざきアクセシビリティ情報マップ,https://m-bfree.pref.miyazaki.lg.jp/a_map/public/facilityAround/eyJpdiI6InZyNGRmaklVVzFMSDZNbUNrdjg4TUE9PSIsInZhbHVlIjoibkZjRjVCVlF4MjUzYWZrSmNqNWh0dz09IiwibWFjIjoiYmExM2E4ZmZjMmI2MDY2MTUzNDg1M2YxNzk3OGQzMTUzNTQ0ODYxMzFmNGJjNzg5N2I0NmFkZTZjMWY2MmJlNyJ9,,F000883,男女共用トイレあり | 調査日=2010-09-02,
45,宮崎県,45201,宮崎市,,宮崎市男女共同参画センター「パレット」,,,880-0879,宮崎市宮崎駅東3丁目6番地7,31.9197086,131.4351351,https://pal-let.jp/,yes,,正面玄関を入り、つきあたりを右へ（１階）,,,,yes,,yes,,yes,yes,,,,,,,,,,,,,,,,,multipurpose_toilet,みやざきアクセシビリティ情報マップ,https://m-bfree.pref.miyazaki.lg.jp/a_map/public/facilityAround/eyJpdiI6IktDZTltQ2ZWMHFvU0FJRHM2bncyRkE9PSIsInZhbHVlIjoiaEtIQkdPUldtbXlobms1UjlMaU1SUT09IiwibWFjIjoiYmRjZjQxOWFjNzNiY2E5NTI2ZjVmNWQxZDMxMTljOWVlNGVlMDI0ODFkYmMxMDA1OTZjMjNhMzYyY2ExNWU1NSJ9,,F000274,男女共用トイレあり | 緊急通報装置あり | 着替え台あり | 調査日=2019-11-15,
45,宮崎県,45201,宮崎市,,宮崎市中央卸売市場,,,880-0834,宮崎市新別府町雀田1185,31.9191185,131.4551535,http://miyazakiichiba.com/,yes,,管理事務所棟１階 / 関連商品売場棟 東側,,,,yes,,yes,,,,,,,,,,,,,,,,,,,,multipurpose_toilet,みやざきアクセシビリティ情報マップ,https://m-bfree.pref.miyazaki.lg.jp/a_map/public/facilityAround/eyJpdiI6IjFGenBWVWlLa0FHdlwvaFE1TkdncWhnPT0iLCJ2YWx1ZSI6ImZoQWNcL3lxbkoxenUzeUt0RWVVa2V3PT0iLCJtYWMiOiJlMThjMzI5OGMwOWI3MDRmMGU1MGI3YTZhNWM1MjllM2IwYjg0MDIxYzRiNDNkZGVkODkxYjJlNTkxZTg5NTE5In0=,,F000897,男女共用トイレあり | 緊急通報装置あり | 調査日=2019-11-12,
45,宮崎県,45201,宮崎市,,宮崎市中央公民館,,,880-0879,宮崎市駅東1丁目2番地7号,31.9143952,131.4353138,https://www.city.miyazaki.miyazaki.jp/institution/list/item164/,yes,,２階エレベ－タ－を降りて、右側すぐの通路わきに設置してあります。,,,,,,yes,,,,,,,,,,,,,,,,,,,,multipurpose_toilet,みやざきアクセシビリティ情報マップ,https://m-bfree.pref.miyazaki.lg.jp/a_map/public/facilityAround/eyJpdiI6InJaUlk2Q0RqUENOMDIwODVrVU9OVmc9PSIsInZhbHVlIjoiWHVHVXgwc0lBQkRFRnh5TlhUak9Udz09IiwibWFjIjoiNWYxMDRiMDQyMmM0NGMxODA0MWNjNmFkNTVhZDU2MjUzODNjNjQ4N2VhN2M4NDY0ZjU3YTU0MzZmMzA2ODEzNSJ9,,F000386,男女共用トイレあり | 緊急通報装置あり | 調査日=2019-11-16,
45,宮崎県,45201,宮崎市,,宮崎市津倉市民農園管理事務所,,,880-0303,宮崎市佐土原町東上那珂11780－1,32.0262075,131.4452589,,yes,,,,,,,,,,,,,,,,,,,,,,,,,,,,multipurpose_toilet,みやざきアクセシビリティ情報マップ,https://m-bfree.pref.miyazaki.lg.jp/a_map/public/facilityAround/eyJpdiI6Ilp4OTVVV0J5a0tKaU83ekxxQzFKNkE9PSIsInZhbHVlIjoiR2pIb2RpVGd4OU5lbTFhdmF5UEVmQT09IiwibWFjIjoiNDIyOGU2ZWNkNjEzOWZiN2M0ZmIxNzRmNjY4YzgzOTFkZjdmZjMwNjMxYzY1NGZjMmVhYTA0ZGFhMmY4NjUxZiJ9,,F000774,男女共用トイレあり | 調査日=2010-09-02,
45,宮崎県,45201,宮崎市,,宮崎市南部老人福祉センター,,,880-0916,宮崎市大字恒久字西原5124番地,31.8912351,131.4087086,,yes,,１階,,,,yes,,,,,,,,,,,,,,,,,,,,,,multipurpose_toilet,みやざきアクセシビリティ情報マップ,https://m-bfree.pref.miyazaki.lg.jp/a_map/public/facilityAround/eyJpdiI6IjVkUE1lOXlDU3NmQUowUzJyYUtSWmc9PSIsInZhbHVlIjoibHNLY0FoQ2lXVXUrdFBkeFRJamtEdz09IiwibWFjIjoiNzE0OWQzZWJhNzgwMDYyNTBiMmRkNWJjODY1N2NmOWIwYzkxMDhmZTZhZmM0N2Q4ZTI4ODg2ZDVhMWI5YjgyMiJ9,,F000737,男女共用トイレあり | 緊急通報装置あり | 調査日=2019-11-19,
45,宮崎県,45201,宮崎市,,宮崎市農業団地センター,,,880-2214,宮崎市高岡町小山田69番地2,31.9342186,131.3299815,https://www.city.miyazaki.miyazaki.jp/shelter/list/item215/,yes,,,,,,,,yes,,,,,,,,,,,,,,,,,,,,multipurpose_toilet,みやざきアクセシビリティ情報マップ,https://m-bfree.pref.miyazaki.lg.jp/a_map/public/facilityAround/eyJpdiI6IlBucmkzWHpPRXZJZXVqM09BRUdjcVE9PSIsInZhbHVlIjoiWGhIbWcwVkdBUXo2Wis5ZXVjQkxPUT09IiwibWFjIjoiNmZmOWIyYmJiNmVmNjA3MWFiZjVjNjhkZDFkMDc3N2U0ZDBiODYxZjJhOGYzNGMxZDI4YjNiZmY1M2YxNGIwMiJ9,,F001391,男女共用トイレあり | 調査日=2010-01-28,
45,宮崎県,45201,宮崎市,,宮崎市東大宮地域事務所,,,880-0837,宮崎市村角町島ノ前1346番地1,31.955388,131.4487581,https://www.city.miyazaki.miyazaki.jp/city/management/contact/1271.html,yes,,１階,,,,yes,,,,yes,,,,,,,,,,,,,,,,,,multipurpose_toilet,みやざきアクセシビリティ情報マップ,https://m-bfree.pref.miyazaki.lg.jp/a_map/public/facilityAround/eyJpdiI6Ikc4V1lkcTJUVHRRYThFemlMSVNKeFE9PSIsInZhbHVlIjoiNzdlRjcwNHErNHlDT2xGWitFVVZYdz09IiwibWFjIjoiMTJhNTJjM2ViZDJiZWRiMTA2ODY1ZjBmYzY0M2JiMmZmYmI1ODRlOWZmYTVmMTY5YzY2NGEzOGI5ZDczNzllOCJ9,,F001145,男女共用トイレあり | 緊急通報装置あり | 調査日=2019-11-25,
45,宮崎県,45201,宮崎市,,宮崎市立広原体育館,,,880-0125,宮崎市大字広原字堀田1085番地1,31.9988693,131.4162201,,yes,,１階,,,,,,,,,,,,,,,,,,,,,,,,,,multipurpose_toilet,みやざきアクセシビリティ情報マップ,https://m-bfree.pref.miyazaki.lg.jp/a_map/public/facilityAround/eyJpdiI6IkZuVVZWcGtWM3N6Y2lMazJySGUyOUE9PSIsInZhbHVlIjoid2hYUGh4V0hOcFRKb2h5RUJJMVpQZz09IiwibWFjIjoiNDNlODY1YzQyYmM3OTZjZTIzYzhlYWU5MmIxZGY1NGIxOWNiMWUxYTIyZjk1OGIyYzRkMjM5ZDE5OTA4NWJmNyJ9,,F002021,男女共用トイレあり | 緊急通報装置あり | 調査日=2002-09-24,
45,宮崎県,45201,宮崎市,,宮崎市フェニックス自然動物園,,,880-0122,宮崎市大字塩路字浜山3083番地42,31.98289,131.476107,http://www.miyazaki-city-zoo.jp/,yes,,インコ展示場横、屋外 / ゲート、屋外 / 中央、屋外 / こども動物村屋外 / レストラン屋内（男性用） / レストラン屋内（女性用）,,,,yes,yes,yes,,yes,yes,,,,,,,,,,,,,,,,,multipurpose_toilet,みやざきアクセシビリティ情報マップ,https://m-bfree.pref.miyazaki.lg.jp/a_map/public/facilityAround/eyJpdiI6IldEeHYzUW9UeHpWYnBDWFQ1dzFPWkE9PSIsInZhbHVlIjoiakpZUm16alwvQm9OQlhtS0hob3VhM3c9PSIsIm1hYyI6IjY5MTUyYjJmNTkwY2FmN2VjOTgwMzZjYWNlN2NlYjk0YWVmYmFjNDAxNGU2MjE1MTQxY2EwYjNkNTI2YmM2MzQifQ==,,F001727,男女共用トイレあり | 男女別トイレあり | 緊急通報装置あり | 着替え台あり | 調査日=2019-11-21,
45,宮崎県,45201,宮崎市,,宮崎市北部老人福祉センター,,,880-0056,宮崎市神宮東1丁目2-27,31.9322184,131.4262837,,yes,,１階,,,,yes,,yes,,,,,,,,,,,,,,,,,,,,multipurpose_toilet,みやざきアクセシビリティ情報マップ,https://m-bfree.pref.miyazaki.lg.jp/a_map/public/facilityAround/eyJpdiI6Im5sVld3d3BLcHFnSkxVN1dFTHMyVUE9PSIsInZhbHVlIjoiRWl2a2ZOZFZCRU9oWUREdkF3SGViQT09IiwibWFjIjoiNGU0MWM3MzI5MzQyZGZlNTViYmQ2NmEwY2ViZGYzZDllNjM3MjE0MDlkZTE2MjBmMTk2ODRkYjAzMGQwMDI1MyJ9,,F000088,男女共用トイレあり | 緊急通報装置あり,
45,宮崎県,45201,宮崎市,,宮崎市北部老人福祉センター・宮崎市青少年プラザ,,,880-0056,宮崎市神宮東1丁目2番27号,31.9322178,131.4262826,,yes,,,,,,,,yes,,,,,,,,,,,,,,,,,,,,multipurpose_toilet,みやざきアクセシビリティ情報マップ,https://m-bfree.pref.miyazaki.lg.jp/a_map/public/facilityAround/eyJpdiI6InNLbVJcL2tRcyszM1hWaGRLdGtVbVlnPT0iLCJ2YWx1ZSI6ImNtQXlhRFJ0SjJobUx5Q2VuN21VaEE9PSIsIm1hYyI6IjU5ZWRiYWZiY2ZiMjUzNDI5MTlhMmQyNGU3OTZhODgwMDI0OWQxYmIyZTlhZDU2MzE5NjkxZTk5MTdmN2EzNTQifQ==,,F001866,男女別トイレあり,
45,宮崎県,45201,宮崎市,,宮崎市保健所・中央保健センター,,,880-0879,宮崎市宮崎駅東1丁目6番地2,31.9139417,131.4328631,,yes,,３階 / ４階 / １階 / ２階,,,,yes,yes,yes,,yes,,,,,,,,,,,,,,,,,,multipurpose_toilet,みやざきアクセシビリティ情報マップ,https://m-bfree.pref.miyazaki.lg.jp/a_map/public/facilityAround/eyJpdiI6InllekREZWZVTlNEZHNMQktQRVJUOUE9PSIsInZhbHVlIjoiMzZOMlZqb0VUZ1poaGE2VWFEQWJkQT09IiwibWFjIjoiN2UwMDcwZDhkODkzNWViZjJjYTJhZGI4YTgyMzlhN2U5MDY2OGJkYWZmYTQzZThhMGM0NTQ1YzE2ZDZhMjZmMSJ9,,F000327,男女別トイレあり | 緊急通報装置あり | 調査日=2019-11-12,
45,宮崎県,45201,宮崎市,,宮崎市緑松体育館,,,880-0912,宮崎市大字赤江980番地1,31.8795937,131.4505225,,yes,,１階,,,,,,,,,,,,,,,,,,,,,,,,,,multipurpose_toilet,みやざきアクセシビリティ情報マップ,https://m-bfree.pref.miyazaki.lg.jp/a_map/public/facilityAround/eyJpdiI6IjZrTnJjQ0FheWx1NndWcXVtVlBHYWc9PSIsInZhbHVlIjoiY2Q3eExQYThIYSthNXQyemJSMm9rdz09IiwibWFjIjoiMDcwZmJhZWNjMDMzNDkyM2FmYjA2N2ZjNmI1YmI3NTkwMGZkYTA1MTkxMjczMDY2OGZmNTQyNDg5NDMwMmI4YSJ9,,F000747,男女共用トイレあり | 緊急通報装置あり | 調査日=2002-09-24,
45,宮崎県,45201,宮崎市,,宮崎市消防局 南消防署,,,880-0925,宮崎市本郷北方字島田3160番地1,31.8728378,131.4224789,,yes,,１階 / 消防総合訓練施設Ｂ棟,,,,,,yes,,,yes,,,,,,,,,,,,,,,,,multipurpose_toilet,みやざきアクセシビリティ情報マップ,https://m-bfree.pref.miyazaki.lg.jp/a_map/public/facilityAround/eyJpdiI6ImNqNGM3VTBlN1k1SVRneWdtNVdFV2c9PSIsInZhbHVlIjoiQnlmWVhcL0FDTjJSdjl6dGNMOG9oK1E9PSIsIm1hYyI6IjZlNzU2OGU0OTgwZDFmMzliNjM4MGU5NTlkODBjMTg3MmMwMTJmZmNiYzI0ZjNiM2E0Njk2NDEwZjcyZTFiYWYifQ==,,F000750,男女共用トイレあり | 緊急通報装置あり | 調査日=2019-11-25,
45,宮崎県,45201,宮崎市,,宮崎市南消防署青島出張所,,,889-2162,宮崎市青島1丁目8番9号,31.8038054,131.4641656,,yes,,１階,,,,yes,,,,,,,,,,,,,,,,,,,,,,multipurpose_toilet,みやざきアクセシビリティ情報マップ,https://m-bfree.pref.miyazaki.lg.jp/a_map/public/facilityAround/eyJpdiI6IlNhU1Y5bDBhQmdBdWtiZmhKXC9qQ0lnPT0iLCJ2YWx1ZSI6IlhzQjhGNnYxVHE5YTlFbWpOaE5lZVE9PSIsIm1hYyI6IjIxNmMwOTVlOWY4OGMyYjA2OWNhMDlkNzRkYjY2Mjc4NDQzYTc5Yzk4NWFhZWMxNzVjMzFjMWFhYjkzYjY2MDUifQ==,,F000821,男女共用トイレあり | 緊急通報装置あり | 調査日=2019-11-23,
45,宮崎県,45201,宮崎市,,宮崎市民プラザ,,,880-0001,宮崎市橘通西1丁目1番2号,31.9083305,131.4202795,http://www.siminplaza.com/,yes,,1、2、4階 / 2、3階 / 2階,,,,yes,,yes,,,,,,,,,,,,,,,,,,,,multipurpose_toilet,みやざきアクセシビリティ情報マップ,https://m-bfree.pref.miyazaki.lg.jp/a_map/public/facilityAround/eyJpdiI6IkVXenNGMmtBQ1l2d3JVblllTVpmc2c9PSIsInZhbHVlIjoidGVNTlBhRFJOTjBGbG1zb1ZEY2V6QT09IiwibWFjIjoiZDBlNjU0M2RlOTg5NjFlYzhkZjhiYzRlMzE0YzMzMGFmZDk3NzIwMWU2ZGM0YzM3MGEwNDdjMzg3ZWM5NTE5YSJ9,,F000309,男女共用トイレあり | 緊急通報装置あり | 調査日=2019-11-12,
45,宮崎県,45201,宮崎市,,宮崎市民文化ホール,,,880-0930,宮崎市花山手東3丁目25-3,31.8984183,131.4016063,http://www.miyazakibunkahall.jp/index.php,yes,,１階 / ２階 / １階楽屋トイレ / １階イベントホール入口左通路奥,,,,yes,,yes,,yes,yes,,,,,,,,,,,,,,,,,multipurpose_toilet,みやざきアクセシビリティ情報マップ,https://m-bfree.pref.miyazaki.lg.jp/a_map/public/facilityAround/eyJpdiI6IlUwODlid21VdExMOFhLZ2lQXC8xYllBPT0iLCJ2YWx1ZSI6InFZS3JEeGtRUXRqUXc5cm14ZWFIdWc9PSIsIm1hYyI6IjJiMTc2MDhlZWQ1MDFjNDNiMDk0NjE2ZjQ0NmZiMzBjNGM3OWEyZDQzYWE4MGYwYTZmY2NmODdiZGI3MWRjNjIifQ==,,F000886,男女共用トイレあり | 男女別トイレあり | 緊急通報装置あり | 調査日=2019-10-15,
45,宮崎県,45201,宮崎市,,宮崎市役所第３庁舎,,,880-0013,宮崎市松橋1丁目1-51,31.9087054,131.4196384,http://www.city.miyazaki.miyazaki.jp/,yes,,１階,,,,yes,,,,,,,,,,,,,,,,,,,,,,multipurpose_toilet,みやざきアクセシビリティ情報マップ,https://m-bfree.pref.miyazaki.lg.jp/a_map/public/facilityAround/eyJpdiI6ImxBdG53UVVSejErRzBTZmxBTjBpYUE9PSIsInZhbHVlIjoiZ3pPcHFaRDE3NGpWckxqcDBtNTdCUT09IiwibWFjIjoiMzVmMTRjNTc0M2Y5YTQzOTg1ZTEwZTljOGMwNGYwNmM5NzRjYjgwYzhiMzQ1NDEyZGZlNDBkMWExNTk4NjA3YyJ9,,F001714,男女共用トイレあり | 緊急通報装置あり | 調査日=2013-09-10,
45,宮崎県,45201,宮崎市,,宮崎市役所住吉地域センター,,,880-0121,宮崎市大字島之内井手下7409番地1,31.98245,131.44997,,yes,,１階,,,,yes,,,,,,,,,,,,,,,,,,,,,,multipurpose_toilet,みやざきアクセシビリティ情報マップ,https://m-bfree.pref.miyazaki.lg.jp/a_map/public/facilityAround/eyJpdiI6Im1QU21vZWtaMVFWa2ZPbjJZQWJiOWc9PSIsInZhbHVlIjoiSHZUR2lCRWFKMlJqdUZwMFN3RFwvNmc9PSIsIm1hYyI6IjBmNWQzOGZiMDRjNjhmMzE4MDRjMTZmMDIxMDhkOTQ5YTE0YjJhOTNkZmUyNTFjOGI4MTQ2NTM4YTczODg5YjYifQ==,,F000880,男女別トイレあり | 緊急通報装置あり | 調査日=2019-11-14,
45,宮崎県,45201,宮崎市,,宮崎市役所第２庁舎,,,880-8505,宮崎市松橋1丁目1番55号,31.9085483,131.4191686,http://www.city.miyazaki.miyazaki.jp/,yes,,１階,,,,yes,,yes,,yes,yes,,,,,,,,,,,,,,,,,multipurpose_toilet,みやざきアクセシビリティ情報マップ,https://m-bfree.pref.miyazaki.lg.jp/a_map/public/facilityAround/eyJpdiI6IkdHVmpNWkRcL0pqSXNvVUJBeHIwckpRPT0iLCJ2YWx1ZSI6IjhyVTk2N29JMmhuQk9HcXY4YTljd3c9PSIsIm1hYyI6Ijk3M2UzYTdkZWQ4MWM0ZjVlYWI3YTNlOTg5Y2NjODQ1MDY0NDQ4MTgwYzU3NDE2MTNjZmU4ZDMxOTFjZDU5MDUifQ==,,F000310,男女共用トイレあり | 緊急通報装置あり | 調査日=2019-11-21,
45,宮崎県,45201,宮崎市,,宮崎市役所第４庁舎,,,880-8505,宮崎市橘通東1丁目14番20号,31.9064164,131.4236718,http://www.city.miyazaki.miyazaki.jp/,yes,,１階,,,,yes,,,,,,,,,,,,,,,,,,,,,,multipurpose_toilet,みやざきアクセシビリティ情報マップ,https://m-bfree.pref.miyazaki.lg.jp/a_map/public/facilityAround/eyJpdiI6IjllMnZaVXRlZEs3blhXaTNGaG5DUmc9PSIsInZhbHVlIjoiNDNyY2ZxV08wRHkwQkFnZUlxZ25PQT09IiwibWFjIjoiMDA0MzhhNzBkZDMwNmRjMmQ4YzU0YTNjYWRmZDJiZWMxNmM1NzU1OWJkOGJkZTU3MDMzMDgxYjZmZjJjMDFiMSJ9,,F001932,男女共用トイレあり | 緊急通報装置あり | 調査日=2019-12-12,
45,宮崎県,45201,宮崎市,,宮崎市役所本庁舎,,,880-8505,宮崎市橘通西1丁目1番1号,31.9077329,131.4201732,http://www.city.miyazaki.miyazaki.jp,yes,,１階西 / 1階東 / 2階東 / 5階東,,,,yes,,yes,,yes,yes,,,,,,,,,,,,,,,,,multipurpose_toilet,みやざきアクセシビリティ情報マップ,https://m-bfree.pref.miyazaki.lg.jp/a_map/public/facilityAround/eyJpdiI6IkNLU3JSMUY5ZWR3V3NKT3JcL09wb1VRPT0iLCJ2YWx1ZSI6IjRKWXo0T3liTFZQVm1QXC9lWU5EM0RnPT0iLCJtYWMiOiI5NzRjMzg2ZmVhN2U4YThmODlmMTJhMzZjZGU3ZDBlNTE0ZDY0YTA2NDk5MzNjODljNGE4N2JjYjE5YWU0NWIzIn0=,,F000312,男女共用トイレあり | 緊急通報装置あり | 調査日=2019-11-21,
45,宮崎県,45201,宮崎市,,宮崎障害者職業センター,,,880-0014,宮崎市鶴島2丁目14番17号,31.9116213,131.4104105,https://www.jeed.or.jp/location/chiiki/miyazaki/,yes,,1階,,,,yes,,,,,,,,,,,,,,,,,,,,,,multipurpose_toilet,みやざきアクセシビリティ情報マップ,https://m-bfree.pref.miyazaki.lg.jp/a_map/public/facilityAround/eyJpdiI6IkRBTzBrK0lpd3R1TXdZU0YzWTNGMFE9PSIsInZhbHVlIjoiR3FWWDRiYTF0NHc2UUlwNmVkVlQrdz09IiwibWFjIjoiMGE4NmY1ZDBiOGZlODdiNjlhMTVkMTg1Y2UzOTIxNWYwODkzNDQ2Nzk2NjFlZTdhODI3YWU1OWYxNDZhNDJhYiJ9,,F000722,男女共用トイレあり | 緊急通報装置あり | 調査日=2002-09-05,
45,宮崎県,45201,宮崎市,,宮崎市養護老人ホーム清流園,,,889-1602,宮崎市清武町今泉甲6894番地,31.8531345,131.3560996,http://www.hyugakosei.jp,yes,,,,,,yes,,,,,,,,,,,,,,,,,,,,,,multipurpose_toilet,みやざきアクセシビリティ情報マップ,https://m-bfree.pref.miyazaki.lg.jp/a_map/public/facilityAround/eyJpdiI6ImV1UWpsdnZUTlR2U1ZFRDl1R0pCdGc9PSIsInZhbHVlIjoiUHF0VkNiOTJNcjF6WmtSZU41V1BWZz09IiwibWFjIjoiMWUwZjc0MjM0MzRhNzExZDY4MWJmNTlkZDRkMGIyODVkYTA5OGRhODJhNWM3MjY5NTk3MTFjYzhkNGZjMzgwOSJ9,,F001255,男女共用トイレあり | 男女別トイレあり | 調査日=2020-03-10,
45,宮崎県,45201,宮崎市,,宮崎市小児診療所,,,880-0834,宮崎市新別府町船戸760番地,31.9252973,131.4569097,,yes,,,,,,,,,,,,,,,,,,,,,,,,,,,,multipurpose_toilet,みやざきアクセシビリティ情報マップ,https://m-bfree.pref.miyazaki.lg.jp/a_map/public/facilityAround/eyJpdiI6IlwvcFdiNDVIVFhlOGxOY3VNNXVDOWl3PT0iLCJ2YWx1ZSI6ImRLa0ZMTnhQd2V4VVlxQ3FVeGdoYWc9PSIsIm1hYyI6ImNkMmE3MWU3NTU5MjU2YjRjNTg1M2Y1OTNhNzgwOTg0NjQ2NzU1YmEzYWI3ZjllMzcyNjRmYjNkNmZkYjcxNTUifQ==,,F001046,男女共用トイレあり,
45,宮崎県,45201,宮崎市,,宮崎職業能力開発促進センター,,,880-0916,宮崎市大字恒久4241番地,31.8928428,131.4186845,http://www3.jeed.or.jp/miyazaki/poly/,yes,,１階 / ２階 / 屋外,,,,yes,,,,,,,,,,,,,,,,,,,,,,multipurpose_toilet,みやざきアクセシビリティ情報マップ,https://m-bfree.pref.miyazaki.lg.jp/a_map/public/facilityAround/eyJpdiI6ImVNZE9Mck9BNmN6THFcL2Fodk9hU1lnPT0iLCJ2YWx1ZSI6IlhXYVd1Tm9IQUVNWEUxZnJQaTBHMlE9PSIsIm1hYyI6ImQ2OGViMWQxZDZhM2E2YmQ1ZDg5ODQ3YjJjNWE5NjE0NTA5YzIzMzg1ODJhNGVhY2QwZDBlNDY4NjU1NDA0M2EifQ==,,F001177,男女共用トイレあり | 緊急通報装置あり | 調査日=2013-09-13,
45,宮崎県,45201,宮崎市,,宮崎白浜キャンプ場,,,889-2164,宮崎市大字折生迫字上白浜6600-1,31.7901549,131.4774288,https://aoshima-camp.com/,yes,,屋外,,,,,,,,,,,,,,,,,,,,,,,,,,multipurpose_toilet,みやざきアクセシビリティ情報マップ,https://m-bfree.pref.miyazaki.lg.jp/a_map/public/facilityAround/eyJpdiI6IkVwb1Z0NUxwZWNVTVgyTzdrbktMMnc9PSIsInZhbHVlIjoiZjdWaU81dE5vVVFkSnMrbzhzSGk4UT09IiwibWFjIjoiNzUwM2NhZWQwZTlkNzYxODA2ODNhY2ZjN2M2OTViMDk2ZDQ4ZDY4NWU5NmRjMGM3NzhiZTVkMDBhZWExNjBiYSJ9,,F001142,男女共用トイレあり | 緊急通報装置あり | 調査日=2025-01-15,
45,宮崎県,45201,宮崎市,,宮崎市立内海小学校(管理・教室棟),,,889-2301,宮崎市大字内海1024,31.7593677,131.4714926,http://www.mcnet.ed.jp/nc/uchiumi-s/htdocs/,yes,,,,,,,,,,,,,,,,,,,,,,,,,,,,multipurpose_toilet,みやざきアクセシビリティ情報マップ,https://m-bfree.pref.miyazaki.lg.jp/a_map/public/facilityAround/eyJpdiI6IkFVMWZuRG93RElUWDlTRktrdFFVMEE9PSIsInZhbHVlIjoiTnhkMW9QNnlDcXVJcERYaVpRczY3dz09IiwibWFjIjoiNDE0N2Q5NjQ3ZjQzYmE3YmU4NTkyZjgwYzM3ZDNkYmMyMTE4OTY5OTliMTY1OWNmZWNhNGY3NjhkYTVlMmI3MCJ9,,F000789,男女共用トイレあり,
45,宮崎県,45201,宮崎市,,宮崎市立瓜生野小学校屋内運動トイレ,,,880-0044,宮崎市大字瓜生野2589番地,31.9710118,131.3871465,http://www.mcnet.ed.jp/nc/uryuno-s/htdocs/,yes,,,,,,,,,,,,,,,,,,,,,,,,,,,,multipurpose_toilet,みやざきアクセシビリティ情報マップ,https://m-bfree.pref.miyazaki.lg.jp/a_map/public/facilityAround/eyJpdiI6IkZueGJ2NFcyTmd1b3RFQmZ4MFJUVGc9PSIsInZhbHVlIjoiWmJXdmxmbm5vdzl1S3cwdzBGeEp0Zz09IiwibWFjIjoiMWMzNDkzOGMwZGM2NTI3M2FmNWJjODBlZWM5MjhmYTQ4NDYxNjIxMGY4MzdhYWUwMTVkZGQ0NjNkZjA1NjhjOCJ9,,F000921,男女共用トイレあり | 調査日=2010-09-02,
45,宮崎県,45201,宮崎市,,宮崎市立大宮小学校（北校舎、図書室）,,,880-0035,宮崎市下北方町新地849,31.9437073,131.427765,http://www.mcnet.ed.jp/nc/ohmiya-s/htdocs/,yes,,,,,,,,yes,,,,,,,,,,,,,,,,,,,,multipurpose_toilet,みやざきアクセシビリティ情報マップ,https://m-bfree.pref.miyazaki.lg.jp/a_map/public/facilityAround/eyJpdiI6Imc5V0JqNXZKWUFFbE9INkJWSkhpN2c9PSIsInZhbHVlIjoiTThIY25cL1BYTHBtYXBCQ0x4QllDM2c9PSIsIm1hYyI6IjhjZWQ3MTI0MGE5MDJiMWMwY2I5MWU4ZWZhMGVjY2JiMzZkNzg5ZjAwOGQ2YjI4MmFlODBjN2U3NGIyMmZiM2QifQ==,,F001893,男女共用トイレあり,
45,宮崎県,45201,宮崎市,,宮崎市立鏡洲小学校(管理・教室棟）,,,889-2156,宮崎市大字鏡洲2056,31.8213504,131.3902739,http://www.mcnet.ed.jp/nc/kagamizu-s/htdocs/,yes,,,,,,,,,,,,,,,,,,,,,,,,,,,,multipurpose_toilet,みやざきアクセシビリティ情報マップ,https://m-bfree.pref.miyazaki.lg.jp/a_map/public/facilityAround/eyJpdiI6IjlOYUdwMTkrY3UzeDJZWklUSHpNT0E9PSIsInZhbHVlIjoiWms3c0lhek5BeG13ZnBRTEU5U3haZz09IiwibWFjIjoiNzZlMzViZThlZmVkODBlYTM3MTU4MzFhNTQxYmVjZWEyMmFjNmZjZGUyMWFiNDIyMjIwYTE4N2UzZWEyMjAwZSJ9,,F001234,男女共用トイレあり | 調査日=2013-09-17,
45,宮崎県,45201,宮崎市,,宮崎市立鏡洲小学校(多目的ホール棟）,,,889-2156,宮崎市大字鏡洲2056,31.8213504,131.3902739,http://www.mcnet.ed.jp/nc/kagamizu-s/htdocs/,yes,,,,,,,,,,,,,,,,,,,,,,,,,,,,multipurpose_toilet,みやざきアクセシビリティ情報マップ,https://m-bfree.pref.miyazaki.lg.jp/a_map/public/facilityAround/eyJpdiI6IklXUyszb1pWQURtQzY1SGJsTkJYaUE9PSIsInZhbHVlIjoiT3ZVRjE3R2xzWWNDZWE1S2hrdEF0QT09IiwibWFjIjoiOGRhODFhNzE3MDUyOThhNGY1ZjgwYTBjZjMzZWE4YzU3MDkwZjQ4YzcyMzY1NThjMjRkOWYyYzhkYTBkNWEyOSJ9,,F001239,男女共用トイレあり,
45,宮崎県,45201,宮崎市,,宮崎市立木花小学校 屋内運動場便所,,,889-2151,宮崎市大字熊野10956,31.8322551,131.4349677,http://www.mcnet.ed.jp/nc/kibana-s/htdocs/,yes,,,,,,,,,,,,,,,,,,,,,,,,,,,,multipurpose_toilet,みやざきアクセシビリティ情報マップ,https://m-bfree.pref.miyazaki.lg.jp/a_map/public/facilityAround/eyJpdiI6IlQrNlc4WnhDT2ljejBKV2wwU2VHT0E9PSIsInZhbHVlIjoiYitpQm9JTll1ODZabDZEc2hPSDhnUT09IiwibWFjIjoiNTNmMDYwN2E1NzYyNzEzZGE0ZTAzNDYzMmE2MTM1Y2U2YmQwOWEyMWRmMzViYjA5MWY2MTk0MjZiN2UxYzRkZSJ9,,F001898,男女共用トイレあり,
45,宮崎県,45201,宮崎市,,宮崎市立木花小学校,,,889-2151,宮崎市大字熊野10956番地,31.8322551,131.4349677,http://www.mcnet.ed.jp/nc/kibana-s/htdocs/,yes,,,,,,,,yes,,,,,,,,,,,,,,,,,,,,multipurpose_toilet,みやざきアクセシビリティ情報マップ,https://m-bfree.pref.miyazaki.lg.jp/a_map/public/facilityAround/eyJpdiI6IjRnWk1yQWZTVjBMa3huWTBEVHgrYkE9PSIsInZhbHVlIjoieXRFS3Zoa3FtWWFZTDNKeGx3K1g1QT09IiwibWFjIjoiODIxZDdmMDRlZTIxYzc1ZDY5ZjFiYTQzODM4YmRjNDQ1NTFkYmIzMGE2MDNmNDNhNjUwYzVkZDZhNThjMTMxNyJ9,,F001174,男女別トイレあり,
45,宮崎県,45201,宮崎市,,宮崎市立国富小学校屋内運動場,,,880-0924,宮崎市大字郡司分甲2226番地,31.8568271,131.4334692,http://www.mcnet.ed.jp/nc/kudomi-s/htdocs/,yes,,,,,,,,,,,,,,,,,,,,,,,,,,,,multipurpose_toilet,みやざきアクセシビリティ情報マップ,https://m-bfree.pref.miyazaki.lg.jp/a_map/public/facilityAround/eyJpdiI6IllQOVRvMGp4SjQ4disyczdkald6S1E9PSIsInZhbHVlIjoia3MxSVFESTBkWU1acFdNXC92RUlkdHc9PSIsIm1hYyI6IjRjZTU1YjIxNjU2NTY3MmEzODNkZThiNmUzOTVkNGZmNTkzODYzMTk2ZWZlNDMxMTdkOTQwYWY4YTU5YTlhZWQifQ==,,F001861,男女共用トイレあり,
45,宮崎県,45201,宮崎市,,宮崎市立国富小学校 中校舎普通教室棟,,,880-0924,宮崎市大字郡司分甲2226番地,31.8568271,131.4334692,http://www.mcnet.ed.jp/nc/kudomi-s/htdocs/,yes,,,,,,,,yes,,,,,,,,,,,,,,,,,,,,multipurpose_toilet,みやざきアクセシビリティ情報マップ,https://m-bfree.pref.miyazaki.lg.jp/a_map/public/facilityAround/eyJpdiI6Ik9PM1RhRFZOa0ZqK0YzeE1SbW4yR2c9PSIsInZhbHVlIjoiaTNldlwvRjNGdHVreWJ0TjlMaUtFRmc9PSIsIm1hYyI6IjFiZWQ5MzAxMDMzZjMyZGM5Y2ZkMWU4NTU2MDk2OWI1ZTJlMTZhZDJiYjg3MDQ3NGU2ZTAyOTk1ZTVkMGE2M2EifQ==,,F000356,男女別トイレあり | 調査日=2010-09-02,
45,宮崎県,45201,宮崎市,,宮崎市立佐土原中学校,,,880-0301,宮崎市佐土原町上田島8476番地,32.0434216,131.4220589,http://www.mcnet.ed.jp/nc/sadowara-c/htdocs/,yes,,,,,,,,yes,,,,,,,,,,,,,,,,,,,,multipurpose_toilet,みやざきアクセシビリティ情報マップ,https://m-bfree.pref.miyazaki.lg.jp/a_map/public/facilityAround/eyJpdiI6ImwzZ2FuRzFFTDJcLzNlSFwvaHQrZTl0UT09IiwidmFsdWUiOiJ3RFU2WUFuQXltaWpKSCtyOEM2MXpnPT0iLCJtYWMiOiJhNGVkOTcxOTk4NWVhMmNhMjNlYjkxYmM4OGEwYzRjOTVlZTM3ZjIzZWM0NzkyNGI2ZTUyMWYwZDQ1NWY2NWRiIn0=,,F001507,男女別トイレあり | 調査日=2010-01-26,
45,宮崎県,45201,宮崎市,,宮崎市立潮見小学校新校,,,880-0862,宮崎市潮見町118番地,31.9047791,131.4394454,http://www.mcnet.ed.jp/nc/shiomi-s/htdocs/,yes,,,,,,,,yes,,,,,,,,,,,,,,,,,,,,multipurpose_toilet,みやざきアクセシビリティ情報マップ,https://m-bfree.pref.miyazaki.lg.jp/a_map/public/facilityAround/eyJpdiI6Im84bkFOYnZTTGFpSUxWa0Vvd3RLbFE9PSIsInZhbHVlIjoiXC9zSURYOWNvODRKcVA2VjNnblwvQTN3PT0iLCJtYWMiOiJkZmUwMzlhYWJkMzY1MjQzZWEyZThkN2NhYWRjNzViMTI2YTU5ODdkYzAyMzM3YTA3Nzg0OWU2OTA2ZTMxZDIyIn0=,,F001223,男女別トイレあり,
45,宮崎県,45201,宮崎市,,宮崎市立高岡小学校屋外便所,,,880-2221,宮崎市高岡町内山2900,31.9578192,131.2969407,,yes,,,,,,,,,,,,,,,,,,,,,,,,,,,,multipurpose_toilet,みやざきアクセシビリティ情報マップ,https://m-bfree.pref.miyazaki.lg.jp/a_map/public/facilityAround/eyJpdiI6InVFWjVaa2JKZEF0SUVTb2hiZVwvYWNRPT0iLCJ2YWx1ZSI6ImtNK2ZpUmxGcVc2d0MyZ3FWWVpcLzdRPT0iLCJtYWMiOiJhODQ3ODNiN2Q3Mjk1YmQ5NWI2ZTNmMWViOTJhYmYxYThlM2JmMGEwN2M0MWU0NTc4ODY4Yzc0ZWY5MjM2ODU5In0=,,F002073,男女共用トイレあり | 調査日=2019-12-12,
45,宮崎県,45201,宮崎市,,宮崎市立田野病院,,,889-1704,宮崎市田野町南原1丁目6番地2,31.8354512,131.297796,http://www.med.miyazaki-u.ac.jp/home/tano/,yes,,,,,,yes,,yes,,,,,,,,,,,,,,,,,,,,multipurpose_toilet,みやざきアクセシビリティ情報マップ,https://m-bfree.pref.miyazaki.lg.jp/a_map/public/facilityAround/eyJpdiI6IndMVU82Z0tyd3F3OGVDTjh6NXFKNGc9PSIsInZhbHVlIjoiT0VTZnVBMndRMlBqNnA3TnJ4TVFDZz09IiwibWFjIjoiMTRmNmJiNWZiNTJkNTQ5MTg3MTNhYTc0MjU3Y2Q5NGM2ZGQ3MjRlMmRmMTY1YzU2MDY3NGU2OGEwMmRlNmRkMyJ9,,F001765,男女共用トイレあり | 緊急通報装置あり | 着替え台あり | 調査日=2019-11-13,
45,宮崎県,45201,宮崎市,,宮崎市立恒久小学校,,,880-0913,宮崎市恒久2丁目15番地4,31.8952106,131.4265987,http://www.mcnet.ed.jp/nc/tsunehisa-s/htdocs/,yes,,屋内体育館,,,,,,,,,,,,,,,,,,,,,,,,,,multipurpose_toilet,みやざきアクセシビリティ情報マップ,https://m-bfree.pref.miyazaki.lg.jp/a_map/public/facilityAround/eyJpdiI6IjNCNHNwcGN4Z2xna1crdytTY2haNVE9PSIsInZhbHVlIjoiV0p4NW5PRU5qWGkrOUlFTUtQM1hMUT09IiwibWFjIjoiNjliZGMwYjRhZjg2OGQxNjY1MzNiZDY4ZDRiMmFlOGQwYmU3OTQxMjEyYTA3M2FhZTdjNGYyOWVkMmUzY2FmOSJ9,,F000890,男女共用トイレあり,
45,宮崎県,45201,宮崎市,,宮崎市立図書館,,,880-0930,宮崎市花山手東3丁目25番地3,31.8984183,131.4016063,http://www.lib.city.miyazaki.miyazaki.jp/?page_id=155,yes,,１階 / ２階,,,,yes,,yes,,,,,,,,,,,,,,,,,,,,multipurpose_toilet,みやざきアクセシビリティ情報マップ,https://m-bfree.pref.miyazaki.lg.jp/a_map/public/facilityAround/eyJpdiI6ImVNZ0lNMTdseEtnMEllbHZhNTNxbHc9PSIsInZhbHVlIjoiNllCNDV2ZmpiY2FiMzJzcDdzOUNmUT09IiwibWFjIjoiNTQwMmY5YjMwNzJjZTk4ZWU5N2JiZmRmOTQ5NDkwNjgyMjdjYjRhN2Y1M2IwNmFkOGY0ZDlkOWUwZmU2Nzk0MyJ9,,F000873,男女共用トイレあり | 緊急通報装置あり | 調査日=2019-11-22,
45,宮崎県,45201,宮崎市,,宮崎市立那珂小学校多目的室,,,880-0303,宮崎市佐土原町東上那珂16350,32.0296929,131.4269034,http://www.mcnet.ed.jp/nc/naka-s/htdocs/,yes,,,,,,,,,,,,,,,,,,,,,,,,,,,,multipurpose_toilet,みやざきアクセシビリティ情報マップ,https://m-bfree.pref.miyazaki.lg.jp/a_map/public/facilityAround/eyJpdiI6Ik5RYXI2UHdTaEVJOGZWZHl2T0Z2eGc9PSIsInZhbHVlIjoiOWRtOXBlbjNkT1wvVUxKMTdRWGswbWc9PSIsIm1hYyI6IjBjYWQ0ZDc3MWI0MGIyYTA1NzYxNzFjNDA1YzQyZTgzODE3NDRkMjY4ODZhMzZiZDNjNjg1ZTY4MGJjYTI1NmYifQ==,,F000414,男女共用トイレあり | 調査日=2010-09-02,
45,宮崎県,45201,宮崎市,,宮崎市立西池小学校 特別活動室棟,,,880-0027,宮崎市西池町12番49号,31.9232508,131.4197133,http://www.mcnet.ed.jp/nc/nishiike-s/htdocs/,yes,,,,,,,,,,,,,,,,,,,,,,,,,,,,multipurpose_toilet,みやざきアクセシビリティ情報マップ,https://m-bfree.pref.miyazaki.lg.jp/a_map/public/facilityAround/eyJpdiI6Imxxbk1XeHU0SzM4bWZZWmd0ZWJFMGc9PSIsInZhbHVlIjoiK2xyYmdxek02a212RjRoUGpVRUhNdz09IiwibWFjIjoiMGU1YTE2NjQ4YmJlODgxNmFiZTQ1YWFiNGRiMDRmMDBjMDdhNTkyNjU3ZWE1ZGZkZTUzMWJiYjEwNTAwZTFkYSJ9,,F001885,男女別トイレあり,
45,宮崎県,45201,宮崎市,,宮崎市立広瀬北小学校（屋内運動場）,,,880-0211,宮崎市佐土原町下田島20756番地1,32.0314615,131.4762754,http://www.mcnet.ed.jp/nc/hirose-kita-s/htdocs/,yes,,,,,,,,,,,,,,,,,,,,,,,,,,,,multipurpose_toilet,みやざきアクセシビリティ情報マップ,https://m-bfree.pref.miyazaki.lg.jp/a_map/public/facilityAround/eyJpdiI6ImxvNTVpWkRSdzR1VzY0bUI3SWFFQnc9PSIsInZhbHVlIjoiZnRXZVwvVG9CWis4Q0p0c3FkRHdBOEE9PSIsIm1hYyI6IjNlZTBjYjM4OGNlNmY4NzFmM2NmNDliNzhjNGNmOTA1MGZiNmM4M2Q4Y2M5YjY5ZDk4YTM1NjlhMjE4ZmNkZDUifQ==,,F001857,男女共用トイレあり,
45,宮崎県,45201,宮崎市,,宮崎市立本郷中学校（中校舎）,,,880-0921,宮崎市大字本郷南方5460番地,31.8627567,131.4239088,http://www.mcnet.ed.jp/nc/hongo-c/htdocs/,yes,,,,,,,,yes,,,,,,,,,,,,,,,,,,,,multipurpose_toilet,みやざきアクセシビリティ情報マップ,https://m-bfree.pref.miyazaki.lg.jp/a_map/public/facilityAround/eyJpdiI6InNUcjFzY0pYclFMXC9oVEJKazQ5REJBPT0iLCJ2YWx1ZSI6IkQrYkwwUVAwM3RcL3pSak80SlVWT3V3PT0iLCJtYWMiOiJlNTNhMmZmNDUzZjY4NWNhZjZkZmI1NDI1ZTkzMzRjZGQxMGE5Y2E3MmRlMDNkZTU3ZjFhODEzMTkwM2UyZmJlIn0=,,F000735,男女共用トイレあり | 調査日=2010-09-02,
45,宮崎県,45201,宮崎市,,宮崎市立穆佐小学校,,,880-2214,宮崎市高岡町小山田87-1,31.9294692,131.3059496,http://www.mcnet.ed.jp/nc/mukasa-s/htdocs/,yes,,校舎内 / 体育館,,,,yes,,yes,,,,,,,,,,,,,,,,,,,,multipurpose_toilet,みやざきアクセシビリティ情報マップ,https://m-bfree.pref.miyazaki.lg.jp/a_map/public/facilityAround/eyJpdiI6IkFrV25xQ3l0bzlpNkdrT2xzSUdGbmc9PSIsInZhbHVlIjoiQ2dzSWdacUhObnMxNU83OVwvK2diNGc9PSIsIm1hYyI6IjgxYThkMjVlNmNlOGYwMmE0YTY5ZjYxNjkxZGQ5OTViODNkNDgyYzhjZDU1MmU1OWU2MzEyM2NmMDJhNDQ0NzgifQ==,,F001831,男女別トイレあり | 緊急通報装置あり | 調査日=2019-11-18,
45,宮崎県,45201,宮崎市,,宮崎神宮,,,880-0053,宮崎市神宮2丁目4番1号,31.936985,131.4230265,https://miyazakijingu.or.jp/,yes,,西神苑北側 / 正面参道入口西側 / 本殿傍の休憩所裏,,,,yes,,,,,,,,,,,,,,,,,,,,,,multipurpose_toilet,みやざきアクセシビリティ情報マップ,https://m-bfree.pref.miyazaki.lg.jp/a_map/public/facilityAround/eyJpdiI6InNXUmlKa0E5SVZockY1UXRHWGpPWWc9PSIsInZhbHVlIjoiZU04YWtvdWQwWGIwTjFGNStMUUdBUT09IiwibWFjIjoiZjg1YzljZjRmOGYwN2ZkZWIzNzNmNzY4ZDYxZTIzZWIyMDU3ZTljODJkODJmYTgyZDI2NjMxMmM3MWU5MWQ3NCJ9,,F000275,男女共用トイレあり | 調査日=2022-10-21,
45,宮崎県,45201,宮崎市,,宮崎身体障害者福祉会館,,,880-0879,宮崎市宮崎駅東3丁目6番7号,31.9197086,131.4351351,http://miyashinsho.net/,yes,,,,,,,,,,,,,,,,,,,,,,,,,,,,multipurpose_toilet,みやざきアクセシビリティ情報マップ,https://m-bfree.pref.miyazaki.lg.jp/a_map/public/facilityAround/eyJpdiI6IkI0dFFhdmljaGVOekVrM0NsaTZld1E9PSIsInZhbHVlIjoiWTJOcnY3V2t1R1pZWmUwN0R2TzhlZz09IiwibWFjIjoiNmY1NjQ4MWFkNTczMTc1NzBiN2I1MmVjODgwY2EzMWM1NTliYjUzZDkzNTlkYTgyOGYyOTYwNDgwYWNhMTJkOCJ9,,F000308,男女共用トイレあり | 調査日=2013-09-17,
45,宮崎県,45201,宮崎市,,宮崎生協病院 附属棟,,,880-0824,宮崎市大島町天神前1171番地,31.93838,131.43939,,yes,,,,,,,,,,yes,yes,,,,,,,,,,,,,,,,,multipurpose_toilet,みやざきアクセシビリティ情報マップ,https://m-bfree.pref.miyazaki.lg.jp/a_map/public/facilityAround/eyJpdiI6IjFsbEZtVkZOWVg3R2pGaTdPQzR4VFE9PSIsInZhbHVlIjoiaUYxRVZnZGJTNXhUM3R3ZFE0NWFEQT09IiwibWFjIjoiMTIyNjc1MzZjNGI2YWM1YzAxMjU5ODlkNDczNmFlMzZkMGNmZjZiNTY0NDBlMDBhMWZhNDJlNzM1NzU1MWQyMCJ9,,F002546,緊急通報装置あり | 調査日=2022-01-06,
45,宮崎県,45201,宮崎市,,宮崎生協病院（外来）,,,880-0824,宮崎市大島町天神前1171番地,31.9384635,131.4393833,http://m-seikyouhp.com/,yes,,１階,,,,yes,,,,,,,,,,,,,,,,,,,,,,multipurpose_toilet,みやざきアクセシビリティ情報マップ,https://m-bfree.pref.miyazaki.lg.jp/a_map/public/facilityAround/eyJpdiI6IkpBbzVVemxJYmRsYWZvbHlnQjIrQ2c9PSIsInZhbHVlIjoibUdUZU96VVJvVjhSa2FKUUloWjdLUT09IiwibWFjIjoiMjVlZDE3OTMyNmM0YjA0Y2IyNzk5ZTRkOGYzODAwN2FhZGE5MGU3MDY2MWE4NmQxZDczMTYxMmZmMjI4OTQxYiJ9,,F000924,男女共用トイレあり | 緊急通報装置あり | 調査日=2009-11-24,
45,宮崎県,45201,宮崎市,,宮崎税務署,,,880-8666,宮崎市広島1丁目10番1号,31.9133117,131.4259033,https://www.nta.go.jp/index.htm,yes,,１階,,,,yes,,yes,,,,,,,,,,,,,,,,,,,,multipurpose_toilet,みやざきアクセシビリティ情報マップ,https://m-bfree.pref.miyazaki.lg.jp/a_map/public/facilityAround/eyJpdiI6IlVjQ3NoZzIxMTI4aE1jT1wvRVpLdHVnPT0iLCJ2YWx1ZSI6ImRsS0N5K3NBd0JVbGJPV1pORlBGVGc9PSIsIm1hYyI6ImY0ODcxYWQxMmQzZWQxZGI5OTI0ZmE1OWE2MjEwMGRlZTI0NTQzMDEwYTk2M2Q5ZGUzMWU4Y2MzZjMzNjQ0NmYifQ==,,F000190,男女共用トイレあり | 緊急通報装置あり | 調査日=2019-11-26,
45,宮崎県,45201,宮崎市,,宮崎善仁会病院,,,880-0834,宮崎市新別府町江口950番1,31.921918346889207,131.45317606253863,,yes,,,,,,yes,,yes,,,,,,,,,,,,,,,,,,,,multipurpose_toilet,みやざきアクセシビリティ情報マップ,https://m-bfree.pref.miyazaki.lg.jp/a_map/public/facilityAround/eyJpdiI6ImZhcUh2RWc3ZUJ6ZVlRZkVwQjYzZmc9PSIsInZhbHVlIjoiRkcxM1QyUDdsK01ESDhmMUlOMzQ5Zz09IiwibWFjIjoiMDU5NWFkNzg5ZDM2MGE3YTY0YWYyOWE1MzdhMzAwZmU2MzBlNzgzODY1MDYwN2MxMTRlM2NkZTMxYWNiNWQ2MCJ9,,F002660,男女共用トイレあり | 緊急通報装置あり | 着替え台あり | 調査日=2023-02-24,
45,宮崎県,45201,宮崎市,,宮崎県総合運動公園 サンマリンスタジアム宮崎 南,,,889-2151,宮崎市大字熊野1443-12,31.8275993,131.4439148,http://www.miyazaki-spokyo.jp/,yes,,,,,,,,,,yes,,,,,,,,,,,,,,,,,,multipurpose_toilet,みやざきアクセシビリティ情報マップ,https://m-bfree.pref.miyazaki.lg.jp/a_map/public/facilityAround/eyJpdiI6IkhJaCtsTVBEM0tuM3VWbXVrM2t6SHc9PSIsInZhbHVlIjoidWE0NHNuVXl2UFwvWW1oR2tPOEZkbUE9PSIsIm1hYyI6Ijc2Y2UyYWZhZjhhODE3OWRiODM0YjA4Y2MwMWEyYjEzYWY4OTA3ZTIzYjViNGNjNmRlNmJkNzA4Y2Y3N2MyZGMifQ==,,F002113,男女別トイレあり | 調査日=2020-03-05,
45,宮崎県,45201,宮崎市,,宮崎総合歯科,,,889-1601,宮崎市清武町木原字尾ノ下71番1,31.8542228,131.3992269,http://kokubo.kamu-come.com/,yes,,,,,,yes,,,,,,,,,,,,,,,,,,,,,,multipurpose_toilet,みやざきアクセシビリティ情報マップ,https://m-bfree.pref.miyazaki.lg.jp/a_map/public/facilityAround/eyJpdiI6IjNETFZaWWNPU2hcL3pORGd3VWhvS3NRPT0iLCJ2YWx1ZSI6ImZwT1hqSmdZRXhHZEN4aVFRaWJWUHc9PSIsIm1hYyI6ImRkYWVmNzIyYjBhZTBjMWU0NzVhN2Q5MjJkNjE4MTlkYzQ0YTFhMTE5YzNlZTEyODFiYjE4ZDQ5NjMyMTkzOWIifQ==,,F001759,男女共用トイレあり | 調査日=2019-11-14,
45,宮崎県,45201,宮崎市,,宮崎そらのクリニック,,,880-0835,宮崎市阿波岐原町前浜4276-1261,31.9403459,131.4639008,http://sorano-cl.com/,yes,,,,,,,,,,,,,,,,,,,,,,,,,,,,multipurpose_toilet,みやざきアクセシビリティ情報マップ,https://m-bfree.pref.miyazaki.lg.jp/a_map/public/facilityAround/eyJpdiI6InVROG5HZkhRUW5vNDhHUlN3cnlMVVE9PSIsInZhbHVlIjoiQ2g1UFJDVm4zejZmS016a1phN05Vdz09IiwibWFjIjoiOGY0ZmQ5YzkzNmFlYzRiOTBhOGQzMDdkMTM0ZjJlNjg3Njk0YjhhMDQxMDkwOTdkYjFkOTNjMzA0NWJhM2UyNiJ9,,F001886,男女共用トイレあり,
45,宮崎県,45204,日南市,,宮崎第一信用金庫日南営業部,,,887-0041,日南市吾田東4丁目1番3号,31.6107751,131.3786524,http://www.shinkin.co.jp/nanshin/,yes,,,,,,yes,,,,,,,,,,,,,,,,,,,,,,multipurpose_toilet,みやざきアクセシビリティ情報マップ,https://m-bfree.pref.miyazaki.lg.jp/a_map/public/facilityAround/eyJpdiI6IkZDYjhRS1dDQkx4TFVqUGkyajBjOFE9PSIsInZhbHVlIjoiR25HWTFVTWgrR0dwd2Y2K3M4RXFzdz09IiwibWFjIjoiMDQ2Y2E3ZjUyNDZjZmEzNzBiNTZiNTViYzU1YTExODA3MGI4NzI3NzEwNzVhZDZiM2M2ZDhiYWFiZTEwOGM3YiJ9,,F001631,男女共用トイレあり | 調査日=2013-09-10,
45,宮崎県,45207,串間市,,宮崎第一信用金庫串間支店,,,888-0001,串間市大字西方6556,31.4618603,131.2282039,http://www.shinkin.co.jp/nanshin/branch_atm/index.html#map,yes,,,,,,,,,,,,,,,,,,,,,,,,,,,,multipurpose_toilet,みやざきアクセシビリティ情報マップ,https://m-bfree.pref.miyazaki.lg.jp/a_map/public/facilityAround/eyJpdiI6IlRvRHZMdnlVSmxTUTR4SCtDU0g2VGc9PSIsInZhbHVlIjoib3BoZWowVURkRU41R0RPa2paUFBEQT09IiwibWFjIjoiZjFiNTI5ZTVmZDM2M2U2NzQ4NTdjY2VkNDA0ZGQyNGIzZDMxN2U3NThkMDQ5YjZiODU0ZGVkZmY4MzZlYzk2YiJ9,,F000630,男女共用トイレあり | 調査日=2013-08-27,
45,宮崎県,45201,宮崎市,,宮崎第一信用金庫吉村支店,,,880-0841,宮崎市吉村町上西中甲1386-1,31.9205824,131.4424272,,yes,,,,,,,,,,,,,,,,,,,,,,,,,,,,multipurpose_toilet,みやざきアクセシビリティ情報マップ,https://m-bfree.pref.miyazaki.lg.jp/a_map/public/facilityAround/eyJpdiI6IkpoVDZIQVpxWW9rTURQdFVJNldcL21BPT0iLCJ2YWx1ZSI6Im16bUw3R1lTcVEzcWNFMTZaam9VK2c9PSIsIm1hYyI6IjFhMzYzYzk4NDVjNzI0ZTZiMGE5MjJhM2Q3NGQyOWI5NGRmODNjZTllM2RhNDQ0ZDdmZmQ4ZjMxN2JhZjNhNjUifQ==,,F001720,男女共用トイレあり,
45,宮崎県,45201,宮崎市,,宮崎大学地域デザイン棟,,,889-2192,宮崎市学園木花台西1丁目1番地,31.8295664,131.4141929,http://www.miyazaki-u.ac.jp/rdc/,yes,,,,,,yes,,,,,,,,,,,,,,,,,,,,,,multipurpose_toilet,みやざきアクセシビリティ情報マップ,https://m-bfree.pref.miyazaki.lg.jp/a_map/public/facilityAround/eyJpdiI6ImNIMllOUFZhUjhLVjRGZGQ2aVN4c3c9PSIsInZhbHVlIjoiSmhGUmRtRUVRdlhObFQzR0k5UG9QZz09IiwibWFjIjoiMzcwNzNhNmI4ZmZhYjI4MDBjYmI2YmUzZGQ4OGVkZWJjZmIzM2M2ZDcwMWQ3NWNkMTk2OWZlYzAyMGIxNWFjYiJ9,,F001816,男女共用トイレあり | 緊急通報装置あり | 調査日=2019-11-22,
45,宮崎県,45201,宮崎市,,宮崎大学まちなかキャンパス,,,880-0805,宮崎市橘通東3丁目4-36村武ビル1階,31.915273,131.423542,https://www.miyazaki-u.ac.jp/facilities/related-facility/machinaka-campus.html,yes,,施設奥。,,,,yes,,,,,,,,,,,,,,,,,,,,,,multipurpose_toilet,みやざきアクセシビリティ情報マップ,https://m-bfree.pref.miyazaki.lg.jp/a_map/public/facilityAround/eyJpdiI6InlqTUo0ZGxlRzVMTFJCS3JzeVdOT3c9PSIsInZhbHVlIjoiM2VNNUR6MDlWXC9nMzV0anNoWWdSQ1E9PSIsIm1hYyI6IjJmNGI4M2FjYWViN2Q1NmVkYzBiMmYyMGI0YmViNTI5ZWM0ZGU5NTY2ZmNlYTdhMzAyOWE0NmJkNTk4NDczZDgifQ==,,F002344,男女共用トイレあり | 調査日=2019-10-15,
45,宮崎県,45201,宮崎市,,宮崎太陽銀行 本店,,,880-0806,宮崎市広島2丁目1番31号,31.9132844,131.4283744,https://www.taiyobank.co.jp/,yes,,宮崎太陽銀行本店9階,,,,yes,,yes,,,,,,,,,,,,,,,,,,,,multipurpose_toilet,みやざきアクセシビリティ情報マップ,https://m-bfree.pref.miyazaki.lg.jp/a_map/public/facilityAround/eyJpdiI6IlF3V1BVU1lBMkRjYW10bEU0UzBQRnc9PSIsInZhbHVlIjoiU2JEcUpxT2Rtem9PT1k2aWxYMlRYUT09IiwibWFjIjoiNmQyNzI2Y2Q2N2QyNDEwZDJkNTU0OGZjMGYzNzk1YmI0NDY2NzhhYjg2MWNhMDE0YzEyNGM4YWE2OTYwNjc4YyJ9,,F000362,男女共用トイレあり | 調査日=2019-11-25,
45,宮崎県,45201,宮崎市,,宮崎地区交流センター,,,880-0841,宮崎市吉村町ハシテ甲2386-139,31.9095992,131.4441058,,yes,,,,,,,,yes,,,,,,,,,,,,,,,,,,,,multipurpose_toilet,みやざきアクセシビリティ情報マップ,https://m-bfree.pref.miyazaki.lg.jp/a_map/public/facilityAround/eyJpdiI6IldFUkNmMzhITFJsVmtLQ1dpS3NwXC9nPT0iLCJ2YWx1ZSI6InFyXC9PdldQYjhYa0VFZGdMdjNrOVJBPT0iLCJtYWMiOiIzOTEwYTliMDViYzUzNzgyM2U4YzM4MjRiMWIyNzZkZWE2Y2ZmYjRiNTYwZDIwYjM4ZTg0YWNjYzJhZjVlM2VkIn0=,,F000082,男女共用トイレあり,
45,宮崎県,45201,宮崎市,,宮崎地方気象台,,,880-0032,宮崎市霧島5丁目1-4,31.9386393,131.4139033,https://www.jma-net.go.jp/miyazaki/,yes,,１階,,,,yes,,,,,,,,,,,,,,,,,,,,,,multipurpose_toilet,みやざきアクセシビリティ情報マップ,https://m-bfree.pref.miyazaki.lg.jp/a_map/public/facilityAround/eyJpdiI6ImQwbWlBMWF5VHNTcmEyUUtCUHh0bUE9PSIsInZhbHVlIjoiYlIyUWxRdkRmOVJSK280R3FablJRdz09IiwibWFjIjoiODJiMTRlNDY0ZWQ5ZjJiZWI1NjI0YWE0MTkzOWM3MTYyZjc1ZGI2MzgwZTQzOTc1OWFkOGQwNDg4OGI1MjNhYiJ9,,F001204,男女共用トイレあり | 緊急通報装置あり | 調査日=2002-09-05,
45,宮崎県,45204,日南市,,宮崎地方裁判所日南支部・宮崎家庭裁判所日南支部・日南簡易裁判所,,,889-2535,日南市飫肥3丁目6番1号,31.6288839,131.3551989,http://www.courts.go.jp,yes,,庁舎１階,,,,yes,,yes,,yes,,,,,,,,,,,,,,,,,,multipurpose_toilet,みやざきアクセシビリティ情報マップ,https://m-bfree.pref.miyazaki.lg.jp/a_map/public/facilityAround/eyJpdiI6IkNWTE9YNGNFMlROYkcwUXp6bHlZbmc9PSIsInZhbHVlIjoiTnJIdURCY3hINkt5Z2NuUVwvQTdNekE9PSIsIm1hYyI6ImM4OTY0MTUyMWIzODJkNGEwN2EwMmFlYTQ3NTk0MTYyMjM2MmI5MzhhMGRjODExOTg2ODg2MjJlZWQ0ZWM0ZTIifQ==,,F001605,男女共用トイレあり | 緊急通報装置あり | 調査日=2019-11-18,
45,宮崎県,45203,延岡市,,宮崎地方裁判所延岡支部・宮崎家庭裁判所延岡支部・延岡簡易裁判所・延岡検察審査会,,,882-8585,延岡市東本小路121番地,32.5807775,131.6642953,http://www.courts.go.jp,yes,,庁舎１階,,,,yes,,yes,,yes,,,,,,,,,,,,,,,,,,multipurpose_toilet,みやざきアクセシビリティ情報マップ,https://m-bfree.pref.miyazaki.lg.jp/a_map/public/facilityAround/eyJpdiI6IjFweGZSRFNVTzN5ZnZPWHd4UVcyMVE9PSIsInZhbHVlIjoiUlJhSE5oK1Z0RkZYVm1vNStIcmdIZz09IiwibWFjIjoiODhkNWRmNzY5MjgzNTUwNjBiMTY1MjAyOTdmODVjYzVhNzBkOGFjNmM0MDIxNTM5ZWM3N2UxMWExOGQ4MGRhZSJ9,,F001426,男女共用トイレあり | 緊急通報装置あり | 調査日=2019-11-19,オストメイトは簡易型です。
45,宮崎県,45202,都城市,,宮崎地方裁判所都城支部・宮崎家庭裁判所都城支部・都城簡易裁判所・都城検察審査会,,,885-0075,都城市八幡町2街区3号,31.721093,131.0577213,http://www.courts.go.jp,yes,,庁舎1階,,,,yes,,yes,,yes,,,,,,,,,,,,,,,,,,multipurpose_toilet,みやざきアクセシビリティ情報マップ,https://m-bfree.pref.miyazaki.lg.jp/a_map/public/facilityAround/eyJpdiI6InBIcERtN3FiVnFEejdyVUtIeFp3aVE9PSIsInZhbHVlIjoiY3NLampOVDRHeVwvaEdhaDBZVzBZbHc9PSIsIm1hYyI6ImU1YWIwMjQ3NzM3ZTYzN2Y3OGQwMTIzNjI4NDc3ZDMwMzNjNzU0ODgyNWM1NDZjMWU4NGI5Njc2MTZiZmJkYmYifQ==,,F002128,男女共用トイレあり | 緊急通報装置あり | 調査日=2019-12-05,オストメイトは簡易型です。
45,宮崎県,45205,小林市,,宮崎地方法務局 小林出張所,,,886-0004,小林市大字細野266-1,31.9967749,130.9751911,,yes,,１階,,,,,,,,,,,,,,,,,,,,,,,,,,multipurpose_toilet,みやざきアクセシビリティ情報マップ,https://m-bfree.pref.miyazaki.lg.jp/a_map/public/facilityAround/eyJpdiI6IjZ0ejRPWWRzYUVUdCtMblpWMlZLMVE9PSIsInZhbHVlIjoialJBQWZ4dlwvaFpWc0V3dks1bWVrdFE9PSIsIm1hYyI6ImExMGZjMWU2NjhhNjA3NDE0YTZjZmVjZmE2NTM5MjI5Nzk5OGQxZWZiNGY3YzlmNGE1YmMyNTA5MWJmNTA2N2MifQ==,,F001908,男女共用トイレあり | 緊急通報装置あり | 調査日=2002-09-09,
45,宮崎県,45201,宮崎市,,みやざきチャイルドセンター,,,880-0824,宮崎市大島町原ノ前1434－1,31.9330674,131.4376767,,yes,,,,,,,,,,,,,,,,,,,,,,,,,,,,multipurpose_toilet,みやざきアクセシビリティ情報マップ,https://m-bfree.pref.miyazaki.lg.jp/a_map/public/facilityAround/eyJpdiI6Imh4QngwWHZTNjhHUDVVQStJNVFxSmc9PSIsInZhbHVlIjoibXYzRlIwdHl2R2J4TDhvRVhVM2Z0Zz09IiwibWFjIjoiODRlYWUzZGYwNDQ0MjVlODU1M2UxYmQ1MDlmZmM4YmQwN2IzY2FjN2U1ZmZiMDM1ZTIyMzI1ZDBjMDEwMjA4MCJ9,,F001767,男女共用トイレあり,
45,宮崎県,45201,宮崎市,,医療法人慶明会 宮崎中央眼科病院,,,880-0021,宮崎市清水3丁目6番21号,31.9198967,131.4163937,http://www.keimei.or.jp,yes,,１階,,,,yes,,yes,,,,,,,,,,,,,,,,,,,,multipurpose_toilet,みやざきアクセシビリティ情報マップ,https://m-bfree.pref.miyazaki.lg.jp/a_map/public/facilityAround/eyJpdiI6InNheFhoak5LRzJqVkZzRzUxNGcyK0E9PSIsInZhbHVlIjoiZ2ZrRHNlalFWMzZXMXF1VTd1M1NtQT09IiwibWFjIjoiZDU3N2Y1YjdiNTM3YTQ2MzU2MDAxZjRmZmY0ZmM3ODkzMDdiMDNiYWIzNjdhNzViYWNjYmQ4MDNiNjlhMmE5ZiJ9,,F000144,男女共用トイレあり | 緊急通報装置あり | 調査日=2019-11-16,
45,宮崎県,45201,宮崎市,,宮崎調理製菓専門学校,,,880-0951,宮崎市大塚町地蔵田4678番,31.9085423,131.3938782,http://www.miya-cho.ac.jp/,yes,,,,,,,,,,,,,,,,,,,,,,,,,,,,multipurpose_toilet,みやざきアクセシビリティ情報マップ,https://m-bfree.pref.miyazaki.lg.jp/a_map/public/facilityAround/eyJpdiI6InFqczRDNlE4eWpaS3ZjNWw4QnhaNUE9PSIsInZhbHVlIjoibDNRSEp5cVV2U1FEa3R2WmMxR05RUT09IiwibWFjIjoiYTFiZTM1MDU2ZmJmZTIzN2RkMDhkYmY4NTE2MGQyM2E5MDI2YzM2MzMwOWVlODRmNTdkOTY0ZjI4NWQ0OGNhNiJ9,,F001113,男女共用トイレあり | 調査日=2019-11-11,
45,宮崎県,45201,宮崎市,,宮崎鶴田記念クリニックPET画像診断センター,,,880-0835,宮崎市阿波岐原町宝財2281-1,31.9316614,131.45445,http://www.ryutoku.or.jp/gsc/,yes,,,,,,,,,,,,,,,,,,,,,,,,,,,,multipurpose_toilet,みやざきアクセシビリティ情報マップ,https://m-bfree.pref.miyazaki.lg.jp/a_map/public/facilityAround/eyJpdiI6IjBjZ2tGbnR1RVBJUTJNaE5PMWtpYVE9PSIsInZhbHVlIjoiZEt4b3o1eG5mMFJUb3dGS3A4NVI5Zz09IiwibWFjIjoiMjM3MGJjOWU0YmVjNzMyZDUwMDcyM2M5ZWQ2ZmJhNzdlZGFmNWNiM2Q5MGZhZTliN2I2Yjk1NGQ5NTU1YjJhZSJ9,,F001063,男女共用トイレあり,
45,宮崎県,45201,宮崎市,,宮崎トヨタ自動車株式会社 南バイパス店,,,880-0927,宮崎市源藤町東田455－5,31.8864693,131.4123862,,yes,,,,,,,,,,,,,,,,,,,,,,,,,,,,multipurpose_toilet,みやざきアクセシビリティ情報マップ,https://m-bfree.pref.miyazaki.lg.jp/a_map/public/facilityAround/eyJpdiI6Im5GcjYwUzZXMXk4TnowWEFuR08yakE9PSIsInZhbHVlIjoiV1Z0QUxycXF1c1wvcXZQYmJKbkRmRFE9PSIsIm1hYyI6IjkxZDE4NTJiZWEzMWMyMmRlMWNjYWM2OWU1NTRkYTc4M2IxZTI1ZjUxOWI0MTc4M2U0NzlmYmVmZWQwYTgxYmUifQ==,,F001786,男女別トイレあり,
45,宮崎県,45201,宮崎市,,宮崎ドライビングスクール,,,880-0925,宮崎市大字本郷北方2220-1,31.8762308,131.4262934,http://www.miyadora.jp/,yes,,,,,,,,,,,,,,,,,,,,,,,,,,,,multipurpose_toilet,みやざきアクセシビリティ情報マップ,https://m-bfree.pref.miyazaki.lg.jp/a_map/public/facilityAround/eyJpdiI6IllCdTd3a1pOTHNVRkpoY3JFdnhkR2c9PSIsInZhbHVlIjoiTjdSRTJFT2U0eFZzS1djUytPS2xlUT09IiwibWFjIjoiZjNhYmQxOTZiN2I3YmE1NmYxY2U2OWQ1NjI0ZWI4Njc3MmFkNTRhYzQxYjJkOGQ4ZjkzZTZjOGFmYzhhY2I2YSJ9,,F000382,男女共用トイレあり,
45,宮崎県,45201,宮崎市,,宮崎南部墓地公園 屋外便所Ａ棟,,,880-0924,宮崎市大字郡司分字池田丙9340番5,31.8463868,131.4387484,http://miyazaki-scp.info/,yes,,屋外便所A棟中央,,,,,,,,yes,,,,,,,,,,,,,,,,,,multipurpose_toilet,みやざきアクセシビリティ情報マップ,https://m-bfree.pref.miyazaki.lg.jp/a_map/public/facilityAround/eyJpdiI6Im5pRzJ2Y3ZOVlVFUm16VDV3VU1IRUE9PSIsInZhbHVlIjoiRllVaG1tNURuem9QRTVCSXpXNEZ3UT09IiwibWFjIjoiNDEwYWQ5YmNjOGY3Y2FjNGY4MjJkZjdmNzk5ZTUwZGM4YjI1ODgxZjhkNWNkZTQzMDY0MjMzMjdiNThmODk2OCJ9,,F001971,男女共用トイレあり | 緊急通報装置あり | 調査日=2019-12-12,
45,宮崎県,45201,宮崎市,,宮崎南部墓地公園 屋外便所Ｂ棟,,,880-0924,宮崎市大字郡司分字池田丙9340番5,31.8463868,131.4387484,http://miyazaki-scp.info/,yes,,屋外便所B棟中央,,,,,,,,,,,,,,,,,,,,,,,,,,multipurpose_toilet,みやざきアクセシビリティ情報マップ,https://m-bfree.pref.miyazaki.lg.jp/a_map/public/facilityAround/eyJpdiI6IlFjajBab1RKSnlVQlI1R1FEY2lkNWc9PSIsInZhbHVlIjoicGxjWERXVXhQaXZBNDhCTGl3czlzUT09IiwibWFjIjoiMDA5ZDZmNjkxNzZkMmNjYjU4YWQ4YjE5NjIxYzA4Mzc4N2JjMmEzNDk0MTA5ZDBjMjYxNDVjMmFmZWIzM2NhNSJ9,,F001972,男女共用トイレあり | 緊急通報装置あり | 調査日=2019-12-12,
45,宮崎県,45201,宮崎市,,宮崎南部墓地公園 納骨堂,,,880-0924,宮崎市大字郡司分字池田丙9340番5,31.8463868,131.4387484,http://miyazaki-scp.info/,yes,,男性用トイレ、女性用トイレ,,,,yes,,yes,,yes,,,,,,,,,,,,,,,,,,multipurpose_toilet,みやざきアクセシビリティ情報マップ,https://m-bfree.pref.miyazaki.lg.jp/a_map/public/facilityAround/eyJpdiI6InlGNGhXTXY1ZDM4ZGJ3cHByd0tFSnc9PSIsInZhbHVlIjoiOGxTWDlMS1BGdjlHVjFGUFMzVXBjUT09IiwibWFjIjoiZGE1OTVjYmNhYjc4MGYzYTQyMjNlZGRkMTA0NGM5MGQ1ZmI4MWFkN2FjNjBlNGY2ZTE4MDllZmRiOWNmM2ZhMCJ9,,F000432,男女別トイレあり | 緊急通報装置あり | 調査日=2019-12-12,
45,宮崎県,45201,宮崎市,,みやざき晴海,,,880-0001,宮崎市橘通西3丁目9-1 カメリアセキモトビル1F,31.9152203,131.4200503,https://fbm2800.gorp.jp/,yes,,店舗が入っているビルの1F奥,,,,yes,,,,yes,yes,,,,,,,,,,,,,,,,,multipurpose_toilet,みやざきアクセシビリティ情報マップ,https://m-bfree.pref.miyazaki.lg.jp/a_map/public/facilityAround/eyJpdiI6IjFYNkF4Z0doOEFaTTJ3Q056XC9rSHlBPT0iLCJ2YWx1ZSI6IlRxZTBYaFZmVFV0RGFyRWE1UmZ3a3c9PSIsIm1hYyI6ImU0MzFjNTFlNDJkNTc4NGUwMDVmMzc5NTZhOTUxYzY1Y2FjZWU1NTI0ODIxOGY0MGZmYzk1NGQyYTg5MWI2MzUifQ==,,F002353,男女別トイレあり | 緊急通報装置あり | 調査日=2019-10-29,・店舗が入っているビルの1階奥のトイレを使用できる / ・ベビーシートは女性用のみに設置 / ・音声案内付き / ・点字案内もある / ・利用可能時間は8時～22時
45,宮崎県,45201,宮崎市,,宮崎東地区交流センター,,,880-0843,宮崎市下原町332-5,31.923548,131.4324882,https://www.city.miyazaki.miyazaki.jp/institution/list/item179/,yes,,１階,,,,yes,,yes,,,,,,,,,,,,,,,,,,,,multipurpose_toilet,みやざきアクセシビリティ情報マップ,https://m-bfree.pref.miyazaki.lg.jp/a_map/public/facilityAround/eyJpdiI6InZcL011ejQ3Mk9UN1l0Q3VYWHJEZUNRPT0iLCJ2YWx1ZSI6IlFwUTNhdEZ5RU5Qb2d3TlFkSWJTcnc9PSIsIm1hYyI6IjM4ZWJhOWZhNDkzNDAyYmI4YWRmZjY3ZjQ5NTdiMjgyMjYzMTU0NjA2ZTRhMGI0OWYzMTdkNWNmZTE3OWRlMjQifQ==,,F000307,男女別トイレあり | 緊急通報装置あり | 調査日=2002-09-03,
45,宮崎県,45201,宮崎市,,宮崎ブーゲンビリア空港,,,880-0912,宮崎市大字赤江,31.872857,131.441407,https://www.miyazaki-airport.co.jp/,yes,,1F到着ロビー / 2Fカフェと土産物屋の間にある通路 / 搭乗待合室内西側 / 搭乗待合室内東側,,,,yes,yes,yes,,yes,yes,,,,,,,,,,,,,,,,,multipurpose_toilet,みやざきアクセシビリティ情報マップ,https://m-bfree.pref.miyazaki.lg.jp/a_map/public/facilityAround/eyJpdiI6IjA1Z3NsWDZ3NzhuT3JqSzZEWlVkbVE9PSIsInZhbHVlIjoiSFdEd2xzcDJXQnRISFpzZFJBb2x3UT09IiwibWFjIjoiZDg1ZDYxYzY5YjJkYzg5YzdhODhmNDEzNWI3YmIyZjMwNjlmODNiZjQ5ZmIwNWE1MzcxYTcxOTk2ZDAzZGQzZiJ9,,F002383,男女共用トイレあり | 緊急通報装置あり | 着替え台あり | 調査日=2019-12-18,
45,宮崎県,45201,宮崎市,,みやざき物産館KONNE,,,880-0804,宮崎市宮田町1番6号（宮崎県庁８号館内）,31.9106786,131.4246457,https://www.m-tokusan.or.jp/,yes,,宮崎県庁８号館エレベーター横,,,,yes,,,,,,,,,,,,,,,,,,,,,,multipurpose_toilet,みやざきアクセシビリティ情報マップ,https://m-bfree.pref.miyazaki.lg.jp/a_map/public/facilityAround/eyJpdiI6Ik9sWWhYQzJ6MDl2bG1FSWgzXC93UFlnPT0iLCJ2YWx1ZSI6InJka3FcL2hqNXBRN2ROSDNtVlQzclhRPT0iLCJtYWMiOiJhYThlOWQyNzViZDY0NmEyMzQyMmQ5ZjNkNGQyMDE4YjUwZWU3NWFlMzlkODg3MjUyYzFmMjljYzc4MTY1ZmE3In0=,,F001715,男女共用トイレあり | 緊急通報装置あり | 調査日=2020-08-04,
45,宮崎県,45201,宮崎市,,宮崎法務総合庁舎 宮崎地方検察庁,,,880-8566,宮崎市別府町1番1号,31.910896,131.4281741,http://www.kensatsu.go.jp/kakuchou/miyazaki/index.html,yes,,1階エントランス男子トイレ内（2箇所）、同女子トイレ内（1箇所）,,,,yes,,yes,,yes,yes,,,,,,,,,,,,,,,,,multipurpose_toilet,みやざきアクセシビリティ情報マップ,https://m-bfree.pref.miyazaki.lg.jp/a_map/public/facilityAround/eyJpdiI6IitiYXNlQTJaQXJDXC9vV2lwTHFRWUxnPT0iLCJ2YWx1ZSI6Ild5NkFEZUltZ0JKN3ZpTGtURGU1RkE9PSIsIm1hYyI6Ijc3YzI0MDczMDcxNGFlNWE2MzcyMzU4Y2VhZWEyYjk0MGNkOWU1NGE2ZjM3YTJmZTZlNmIxNjM3YTY2ODQ0MmMifQ==,,F001090,男女別トイレあり | 緊急通報装置あり | 着替え台あり | 調査日=2019-11-14,
45,宮崎県,45201,宮崎市,,宮崎マネキン紹介所,,,880-0041,宮崎市池内町池ノ内1110番3,31.9617059,131.4147556,,yes,,,,,,,,,,,,,,,,,,,,,,,,,,,,multipurpose_toilet,みやざきアクセシビリティ情報マップ,https://m-bfree.pref.miyazaki.lg.jp/a_map/public/facilityAround/eyJpdiI6IjRsellXN2FvU1F0XC8ycnJIcTNjME5BPT0iLCJ2YWx1ZSI6Ik9CbFo4MW9hYmdmU0QxMk1NbGFYY0E9PSIsIm1hYyI6ImFmNDA0MzM5MWI5ZDYxODk2NDI3NmQxZGE4ZGZiMTVlNjE1YWQwZDVjY2RhMzBlYmI5MzcyNDY0MThmOGFhODUifQ==,,F001106,男女共用トイレあり | 調査日=2010-01-27,
45,宮崎県,45201,宮崎市,,宮崎みなと保育園,,,880-0831,宮崎市新栄町19－6,31.9106727,131.4553105,http://tomobuki.com/,yes,,,,,,,,,,,,,,,,,,,,,,,,,,,,multipurpose_toilet,みやざきアクセシビリティ情報マップ,https://m-bfree.pref.miyazaki.lg.jp/a_map/public/facilityAround/eyJpdiI6IkFpdndZdkk2azBGUW85NHVnQjUxTFE9PSIsInZhbHVlIjoidHlQR0FUVkYrYjJaamh4RlF5d01GUT09IiwibWFjIjoiMGZmNGFjZjk2MmRjZjY4NzZkOWQyYWM0MmI0MmQwOTFlZmQyYmMwYTIwOWU1MWI0YjRjZDAxNGY4NTQ0YjQ0NCJ9,,F001779,男女共用トイレあり,
45,宮崎県,45201,宮崎市,,宮崎南警察署,,,880-0916,宮崎市大字恒久878番地1,31.8834286,131.4260137,https://www.pref.miyazaki.lg.jp/police/intro/kakusho/minmisho.html,yes,,１階,,,,yes,,,,,,,,,,,,,,,,,,,,,,multipurpose_toilet,みやざきアクセシビリティ情報マップ,https://m-bfree.pref.miyazaki.lg.jp/a_map/public/facilityAround/eyJpdiI6IjhualF4bm9jMTA2NCtCNGlQc3U5QWc9PSIsInZhbHVlIjoic3h0Y2VXc3Q5ZDBORmduVXJsR0kzQT09IiwibWFjIjoiYWJiMmY2OGI3YzQ5ODU2Mzk3YmFiOWY4MDI2N2RjZmY3NzllMjNhYTVkYzdlNzIwYmU2ZWExODMwMTViZjk3ZiJ9,,F000743,男女共用トイレあり | 緊急通報装置あり | 調査日=2002-09-20,
45,宮崎県,45201,宮崎市,,宮崎南警察署大坪交番,,,880-0934,宮崎市大坪東3丁目19番7号,31.898184,131.4066044,,yes,,,,,,yes,,,,,,,,,,,,,,,,,,,,,,multipurpose_toilet,みやざきアクセシビリティ情報マップ,https://m-bfree.pref.miyazaki.lg.jp/a_map/public/facilityAround/eyJpdiI6IjVycXk4Nm5BT1NlblR6c3M0VFwvTXdnPT0iLCJ2YWx1ZSI6InFaUFVWamYxVHRyVUl0WDA4K2xBMkE9PSIsIm1hYyI6IjdjMDMzMWE1YWRiMjNjNjAyZDUyNTQ5NGQ1NDI5MGUyY2UyZmJmMDZiNjk4NmVmNzdlMTIxZDg5NDExYzRjMzgifQ==,,F000881,男女共用トイレあり | 緊急通報装置あり | 調査日=2019-12-02,
45,宮崎県,45201,宮崎市,,宮崎南警察署 木花駐在所,,,889-2151,宮崎市大字熊野464-1,31.8289781,131.4395306,,yes,,,,,,,,,,,,,,,,,,,,,,,,,,,,multipurpose_toilet,みやざきアクセシビリティ情報マップ,https://m-bfree.pref.miyazaki.lg.jp/a_map/public/facilityAround/eyJpdiI6Ilk0SWYzUnlQaFZqWCtxa2VDdnI4dkE9PSIsInZhbHVlIjoiNmZTQzZuYVhyODV6VWQxNXlKRlV0Zz09IiwibWFjIjoiMzNiNmNjZWFmNzEzNzM2NmZlZWYxZjQ4NmIxMTc2YjA2YTUyN2Y3OWY2OGUxOTNhNGM0NzgzMTMxODk1MjZmOCJ9,,F000823,男女共用トイレあり,
45,宮崎県,45201,宮崎市,,宮崎山形屋,,,880-0805,宮崎市宮崎市橘通東3丁目4-12,31.916125,131.423818,https://www.yamakataya.co.jp/miyazaki/,yes,,地下1F、エレベーターを降りて右側通路奥 / 6Fレストラン 蕎麦屋「そばとき」の横通路奥 / Ｙ・Ｙパーク1Ｆ 婦人服売り場とレストランの間の通路 / Ｙ・Ｙパーク3Ｆ,,,,yes,yes,yes,,yes,yes,,,,,,,,,,,,,,,,,multipurpose_toilet,みやざきアクセシビリティ情報マップ,https://m-bfree.pref.miyazaki.lg.jp/a_map/public/facilityAround/eyJpdiI6IkRwNmx4bUYzVWhjMTZ4TTMrdTFxS2c9PSIsInZhbHVlIjoiY1FLRDFzSHpHeGpva2RMTGJ3T1FlZz09IiwibWFjIjoiN2E4ODQ5ODRlZmRjMGY3MjhmYzAxMzdiZmM1MjAxMWVkMmU0YWY1MTM1NDg1Nzk0MzE0ZGY1NDIwYWZlZWY1NiJ9,,F002366,男女共用トイレあり | 緊急通報装置あり | 調査日=2019-11-18,ベビーシートは本館2階を除く、各婦人用トイレ、本館2階及び新館4階紳士用トイレにも設置してあります。
45,宮崎県,45201,宮崎市,,宮崎リハビリテーション学院,,,880-2112,宮崎市大字小松1119番地62,31.935123,131.4026914,http://miyareha.jp/,yes,,,,,,yes,,,,,,,,,,,,,,,,,,,,,,multipurpose_toilet,みやざきアクセシビリティ情報マップ,https://m-bfree.pref.miyazaki.lg.jp/a_map/public/facilityAround/eyJpdiI6IkNwWUVHdnVHcnc3ZE15RG96ZXJyTVE9PSIsInZhbHVlIjoiMXg0ZFBBcDdrdGU1XC9CT3Q3emt0Umc9PSIsIm1hYyI6IjRiMjY0OWRmMzA4NTVhMjM3ZWQwNWE5M2MxYjhiZjM1MTI1YmEwZmUyMzZhZjYxZGEzNmJhZjdlNDQ0NDE0M2EifQ==,,F000419,男女共用トイレあり | 調査日=2019-11-11,
45,宮崎県,45201,宮崎市,,みやざき臨海公園・サンビーチ一ツ葉（北ビーチ）,,,880-0834,宮崎市新別府町前浜１４００番地１６,31.932763,131.46912,http://mppf.or.jp/marineparks/,yes,,北ビーチ管理棟,,,,,,,,yes,,,,,,,,,,,,,,,,,,multipurpose_toilet,みやざきアクセシビリティ情報マップ,https://m-bfree.pref.miyazaki.lg.jp/a_map/public/facilityAround/eyJpdiI6IlFjK2RZRVRFNWZJUklwNitIdXRBXC93PT0iLCJ2YWx1ZSI6IklPbWNvSFNueXlHTCs0Y29ncWpqOXc9PSIsIm1hYyI6IjE3YTU1YTMxMWFiYjkyZGE5NmQ2OGM0OGRkM2UwYmRlMjBjNjYyODMxOTIzMzRlZjZiNTUwZDA1ZDU2NzFkODEifQ==,,F002480,男女共用トイレあり | 緊急通報装置あり | 調査日=2020-08-07,
45,宮崎県,45201,宮崎市,,みやざき臨海公園・サンビーチ一ツ葉（南ビーチ）,,,880-0834,宮崎市新別府町前浜1400-16,31.929503,131.467773,http://mppf.or.jp/marineparks/,yes,,南ビーチ駐車場横のトイレ・シャワー棟,,,,,,,,yes,,,,,,,,,,,,,,,,,,multipurpose_toilet,みやざきアクセシビリティ情報マップ,https://m-bfree.pref.miyazaki.lg.jp/a_map/public/facilityAround/eyJpdiI6IjF6R3pDWGdobCtib2R3aDFsU0R5akE9PSIsInZhbHVlIjoiMjNKakpwTWlad3B6WnZ3VkF4dFRhZz09IiwibWFjIjoiMTNiOTBkMmI1MTE4ODgwNDZlNTdhNmNjYzAyNDMzYTQwZjU2YmVhM2UzYzZjOTA1YjQzMGM0OGFkMzVlOTQ2MCJ9,,F000803,男女共用トイレあり | 緊急通報装置あり | 調査日=2020-08-07,
45,宮崎県,45201,宮崎市,,みやざき臨海公園・サンマリーナ宮崎（マリンセンター）,,,880-0834,宮崎市新別府町前浜1400番16,31.9250687,131.4697775,http://www.mppf.or.jp/marineparks/,yes,,マリンセンター内 / マリンセンター前の駐車場内,,,,yes,,yes,,yes,,,,,,,,,,,,,,,,,,multipurpose_toilet,みやざきアクセシビリティ情報マップ,https://m-bfree.pref.miyazaki.lg.jp/a_map/public/facilityAround/eyJpdiI6IkNtVklia21JNGxKWW84ODZXblpwaGc9PSIsInZhbHVlIjoidFZSYXA1bnp3cW9GMHpiYnZaWStTUT09IiwibWFjIjoiNWVkNTE1NWM1MjE0OWExNDA3OWJiM2E4NGZiNzhiOTIxZWFlZjQ4YzEyYWU4ODhmNTlmNDkyYWZjMmU1NTMxOSJ9,,F000901,男女共用トイレあり | 緊急通報装置あり | 調査日=2020-08-07,
45,宮崎県,45201,宮崎市,,宮崎労働基準監督署,,,880-0813,宮崎市丸島町1番15号,31.9207675,131.4263031,,yes,,1階,,,,,,,,,,,,,,,,,,,,,,,,,,multipurpose_toilet,みやざきアクセシビリティ情報マップ,https://m-bfree.pref.miyazaki.lg.jp/a_map/public/facilityAround/eyJpdiI6InZNd3M3SHU3THo5K1pxWlVmWVNEWGc9PSIsInZhbHVlIjoiSE5hcFpkMVp4UXMweldGNXlrS0IzQT09IiwibWFjIjoiMmExNDg4MmFjMjE4ZDcxZmE5NTNjYjc0OTk0YmMyMGI0ZmExM2Q1NTM0NjEyMmEzMTgyOTg4NWU2NjcxODY4ZSJ9,,F000175,男女共用トイレあり | 緊急通報装置あり | 調査日=2013-09-03,
45,宮崎県,45201,宮崎市,,宮崎若久病院,,,880-0945,宮崎市福島町寺山3147番地,31.911306,131.4002373,http://www.miyazaki-wakahisa.com/index.html,yes,,１階,,,,,,,,,,,,,,,,,,,,,,,,,,multipurpose_toilet,みやざきアクセシビリティ情報マップ,https://m-bfree.pref.miyazaki.lg.jp/a_map/public/facilityAround/eyJpdiI6IjJoMXUyR2RUdWRuY0tCQmFMcStGOUE9PSIsInZhbHVlIjoiQWN2OEJNVmNYcVwveVlSaUQ0WHVZb1E9PSIsIm1hYyI6IjZhZTQ3NzgwMjU5YmNhYTc4M2U0Yzc1YmUzMThmMDJjMWI4ZWRmNzIxM2VkZWRjZTk2NmNkODU2ODMyODY5ZmIifQ==,,F000073,男女共用トイレあり | 緊急通報装置あり | 調査日=2009-11-24,
45,宮崎県,45402,新富町,,みやじ歯科医院,,,889-1414,新富町富田南4丁目52,32.062522,131.4873137,http://miyajidc.com/,yes,,,,,,,,,,yes,,,,,,,,,,,,,,,,,,multipurpose_toilet,みやざきアクセシビリティ情報マップ,https://m-bfree.pref.miyazaki.lg.jp/a_map/public/facilityAround/eyJpdiI6IkFlVUFla1lGSzRacmVvODNlWVZ0cEE9PSIsInZhbHVlIjoiKzV6YnpMdVFTMUtqWnJNMzh2Nm5sQT09IiwibWFjIjoiOTg2YmQ4NjJiZTk1MjEzZWEwNzM0Njc4YmE3MTIxMWRkNmI1NjVhODY0ZDE5ZWE2YWI5NzY1OGY3ZmNmYmU4ZiJ9,,F000767,男女共用トイレあり | 調査日=2019-11-19,
45,宮崎県,45201,宮崎市,,みやなが整骨院,,,880-0211,宮崎市佐土原町下田島字田代10866－1,32.0314615,131.4762754,,yes,,,,,,,,,,,,,,,,,,,,,,,,,,,,multipurpose_toilet,みやざきアクセシビリティ情報マップ,https://m-bfree.pref.miyazaki.lg.jp/a_map/public/facilityAround/eyJpdiI6ImV0UTZkaWtRRXRqZEJPdmpkSU1JUlE9PSIsInZhbHVlIjoiQTErK2xoY2J5MVpHV2xLbEl4T0R2UT09IiwibWFjIjoiZjU1ZDhlMjhmYTJlYjYzODg1ODA2NTFkOWNjOTBjMzFiY2M1NDY4YzIyYTg3YjA5YjYwMDRkZGRjNGY4ZTYxZiJ9,,F000333,男女共用トイレあり | 調査日=2010-09-02,
45,宮崎県,45201,宮崎市,,宮永内科クリニック,,,880-0123,宮崎市大字芳士10741番地1,31.9647971,131.4487581,,yes,,,,,,,,,,,,,,,,,,,,,,,,,,,,multipurpose_toilet,みやざきアクセシビリティ情報マップ,https://m-bfree.pref.miyazaki.lg.jp/a_map/public/facilityAround/eyJpdiI6IjdDWnZyWWpwZ0VRaWo3eGliYk8zZ0E9PSIsInZhbHVlIjoiOG5hZTRTY0E0aGNjSWY2enhqYjE2UT09IiwibWFjIjoiYmNlMmJjM2Q5OGI2OTg3YTgyMzVlYWM5ZTU3MDhjNGMxM2RlYzY0NmQzZjdlNzQ3MTM3YThjYjQ5ZmZlYjY0NCJ9,,F000113,男女共用トイレあり,
45,宮崎県,45203,延岡市,,宮本整形外科,,,889-0507,延岡市旭ヶ丘5丁目9-7,32.5292323,131.6807453,,yes,,１階,,,,,,,,,,,,,,,,,,,,,,,,,,multipurpose_toilet,みやざきアクセシビリティ情報マップ,https://m-bfree.pref.miyazaki.lg.jp/a_map/public/facilityAround/eyJpdiI6IklKWkYwelZ5dGhUMHRMVGlpVlR1RVE9PSIsInZhbHVlIjoiWE1XenJyTmJJRHB1bEZSTlVkMTBMdz09IiwibWFjIjoiMDIzZjVkNzY4NTkxNDU2ZTVjNTgzZGE5ODNjN2ZiMDY4OWUzM2VjOGE3YjhkN2QyZGI5MDQ4N2YwMTM4OWUxMyJ9,,F001360,男女共用トイレあり | 緊急通報装置あり | 調査日=2002-09-11,
45,宮崎県,45201,宮崎市,,医療法人 祐輝会 宮元整形外科医院,,,880-0211,宮崎市佐土原町下田島12372番地,32.0356457,131.4676146,,yes,,１階,,,,,,,,,,,,,,,,,,,,,,,,,,multipurpose_toilet,みやざきアクセシビリティ情報マップ,https://m-bfree.pref.miyazaki.lg.jp/a_map/public/facilityAround/eyJpdiI6Im1GRk94RGcyOUF3dE1ReXNXcXJpOXc9PSIsInZhbHVlIjoibjFhNkFubUlmRE1jZ25VNFBUdVpzQT09IiwibWFjIjoiN2QxNDlhNWVlYzI5NjkwMzU3MmNlYzIxMjI4ZDQ0NmFlYTNjMzQwZDA4ZTQzODg5ZmM0ZDU3NTliNmY3ZjkxYSJ9,,F001513,男女共用トイレあり | 緊急通報装置あり | 調査日=2002-09-05,
45,宮崎県,45201,宮崎市,,宮本地区学習等供用施設,,,880-0211,宮崎市佐土原町下田島12217番地1,32.0314615,131.4762754,,yes,,,,,,,,,,,,,,,,,,,,,,,,,,,,multipurpose_toilet,みやざきアクセシビリティ情報マップ,https://m-bfree.pref.miyazaki.lg.jp/a_map/public/facilityAround/eyJpdiI6InhJQ0pwSmlGMXRBRmdCOTJONjAxV1E9PSIsInZhbHVlIjoiSjVYZjIwOTYwT3lZRGRObDNXNytDQT09IiwibWFjIjoiODVlNzM1NzJmYzNlZTQzN2ZjZDE2NWNkNWQzMDFjYmRlMGQzMmJhMDRkMDg1MDhhZTQ0ZmY4MTM2MTZjYzk4ZiJ9,,F000117,男女共用トイレあり | 調査日=2010-01-22,
45,宮崎県,45201,宮崎市,,ミューズの空 青島,,,889-2162,宮崎市青島2丁目7-8,31.8013455,131.4680825,http://hoshakai.com/g_aoshima/,yes,,,,,,,,,,,,,,,,,,,,,,,,,,,,multipurpose_toilet,みやざきアクセシビリティ情報マップ,https://m-bfree.pref.miyazaki.lg.jp/a_map/public/facilityAround/eyJpdiI6Im5xQWlDT3ROZURSY3VMN2xWbkQ0elE9PSIsInZhbHVlIjoiRG1WblVMUXZuZnBzWlBUXC9GaEl5eHc9PSIsIm1hYyI6ImZmZGY1MDA0NDA3MTgzMzNlMzg0MzU0NGQxNWJmMDU3NzJmMzgyZDZhNzI1Mjk0YjEzNTQ4NzNjNjljNDQwYjkifQ==,,F001098,男女共用トイレあり,
45,宮崎県,45201,宮崎市,,宮崎市役所諸施設等児童館・児童クラブ・東大宮・夢はうす児童クラブ,,,880-0825,宮崎市東大宮3丁目5-14,31.9467892,131.4407741,,yes,,,,,,,,,,,,,,,,,,,,,,,,,,,,multipurpose_toilet,みやざきアクセシビリティ情報マップ,https://m-bfree.pref.miyazaki.lg.jp/a_map/public/facilityAround/eyJpdiI6InhocWhzVVVIbWFvNmQrSnpVSUEySGc9PSIsInZhbHVlIjoiUjJwanQ1VkVpUnIwakRiYjI2ZERhZz09IiwibWFjIjoiMWFjZWQzNDYxZjc4ZmE4ZjVhMjllYjU2MGNiMWFkYTE1ZjM2MmZhMDFmMDVjNWNjNjVkODZhOThmY2NiMDI1NiJ9,,F000365,男女共用トイレあり,
45,宮崎県,45203,延岡市,,行縢神社,,,882-0077,延岡市行縢町748－ロ,32.618,131.57799,,yes,,一の鳥居から道を挟んだ反対側,,,,,,,,yes,,,,,,,,,,,,,,,,,,multipurpose_toilet,みやざきアクセシビリティ情報マップ,https://m-bfree.pref.miyazaki.lg.jp/a_map/public/facilityAround/eyJpdiI6IkhkZ1N1RnNYNWtSMDc0MU1yblVkcVE9PSIsInZhbHVlIjoiZzI3aTB4Z1dleGFaM3A2aklTUFwvXC9nPT0iLCJtYWMiOiI1Yjg0MzY4ZDZmNTAzOGE3MzY5ZDczODk5NDE1YTEyYjY2ZWQ3MTlhN2RlNzA0ZGU2MmM0MWUyNzc1ZWIzOTgyIn0=,,F002829,男女共用トイレあり | 調査日=2025-01-29,
45,宮崎県,45361,高原町,,むさし薬局,,,889-4412,高原町大字西麓173番地1,31.9236806,130.999787,,yes,,,,,,,,,,,,,,,,,,,,,,,,,,,,multipurpose_toilet,みやざきアクセシビリティ情報マップ,https://m-bfree.pref.miyazaki.lg.jp/a_map/public/facilityAround/eyJpdiI6IkZ1SHBLUzJDTm5QNlpMa0tWYmRsMEE9PSIsInZhbHVlIjoiRUxpb1ZBWHpaTUZ1K1hsUmFVNk5Gdz09IiwibWFjIjoiMDM4MWY5MjNhYjMxM2ExYThjYWFhNjA0YTM5NDNkNTFkZDMwZmExNDY2YzU5Yjk5OTA2MjAyZDdjZDM5NDExYSJ9,,F001353,男女共用トイレあり | 調査日=2019-11-12,
45,宮崎県,45201,宮崎市,,むらい内科クリニック,,,880-0841,宮崎市吉村町嶋田甲730-3,31.925651,131.4415384,,yes,,,,,,,,,,,,,,,,,,,,,,,,,,,,multipurpose_toilet,みやざきアクセシビリティ情報マップ,https://m-bfree.pref.miyazaki.lg.jp/a_map/public/facilityAround/eyJpdiI6IndOUkxEY2U1VzFWTWpLZjNkNXpDWmc9PSIsInZhbHVlIjoieFZnZlB4b1Z6eXE0TVA0TlNvZUlHQT09IiwibWFjIjoiZmY2ZTNiOWFiOGMwYzMxZWNhMDA0ZGQ2N2NmMTA1NzI3ZmZiMDliZDM0ZmVkZWZhYjg4MzY5ZjBhMjJkZjcxNiJ9,,F001130,男女共用トイレあり,
45,宮崎県,45201,宮崎市,,医療法人 村岡泌尿器科内科,,,889-1611,宮崎市清武町新町2丁目1－3,31.8552942,131.3950194,,yes,,１階,,,,yes,,,,,,,,,,,,,,,,,,,,,,multipurpose_toilet,みやざきアクセシビリティ情報マップ,https://m-bfree.pref.miyazaki.lg.jp/a_map/public/facilityAround/eyJpdiI6IkxmOEJLdVBxZVhjUHQ2OXhnXC9XbWxRPT0iLCJ2YWx1ZSI6Ik8xendOcjhMXC80cVVEc0k5ZFl2Rk5nPT0iLCJtYWMiOiIzOGQ0YWM5NjQwMTU2YjIxMTg5OTY3ZGEzY2FiYmIyODQxZWRjN2IyMjBiZDhmZmUwOGYwODU3NjcyYjZmZGYzIn0=,,F001153,男女共用トイレあり | 緊急通報装置あり | 調査日=2019-11-09,
45,宮崎県,45403,西米良村,,村所驛物産館,,,881-1411,西米良村大字村所96-1,32.226533801160315,131.15715629328028,https://nishimera.info/shop/murasyo_bussan,yes,,1階,,,,yes,,yes,,yes,,,,,,,,,,,,,,,,,,multipurpose_toilet,みやざきアクセシビリティ情報マップ,https://m-bfree.pref.miyazaki.lg.jp/a_map/public/facilityAround/eyJpdiI6IlBaR2NcL2Z5SkNoWWpSQmVqR1wvS1ZWdz09IiwidmFsdWUiOiJSWTZpUVIwdXJcL2J1RWV6aENPVUVVZz09IiwibWFjIjoiYzNjNmVlMTZhOWEzMjBjYTcyZmExNWIzNDQ4ZTY0ZWViZWE4YWE2YzMxODcxNGMxMGE0NjY5NGJlZDlkNWU0MCJ9,,F002623,男女共用トイレあり | 調査日=2022-11-10,
45,宮崎県,45202,都城市,,メインホテル,,,885-0072,都城市上町8街区9号,31.7247657,131.0632646,http://www.main-hotel.com/,yes,,２階,,,,,,,,,,,,,,,,,,,,,,,,,,multipurpose_toilet,みやざきアクセシビリティ情報マップ,https://m-bfree.pref.miyazaki.lg.jp/a_map/public/facilityAround/eyJpdiI6IkI4Mk9EWWZSTnZlSk85MDNDbVNSQVE9PSIsInZhbHVlIjoiTnhYSlE2b052UlpWWk9iQmxTZm1IQT09IiwibWFjIjoiNDIyNGY4MzUwMjMyYmZkZWQ0OTczZTY2ZDcxMTZjM2YzYTQ2NDQ1MjI3NTcxMTU1YTRjOTgzNWE2ZGZlZmMwYSJ9,,F000237,男女共用トイレあり | 緊急通報装置あり | 調査日=2002-09-01,
45,宮崎県,45201,宮崎市,,眼鏡市場 フェニックスガーデンうきのじょう店,,,880-0844,宮崎市柳丸町152,31.9258864,131.4362848,,yes,,,,,,,,,,,,,,,,,,,,,,,,,,,,multipurpose_toilet,みやざきアクセシビリティ情報マップ,https://m-bfree.pref.miyazaki.lg.jp/a_map/public/facilityAround/eyJpdiI6InRpNU1nczEyMlZ6bmp4T2V1MU1sV1E9PSIsInZhbHVlIjoicGVIRjJsN3hKZGNUaWZXeXI2SWxRQT09IiwibWFjIjoiNzI0MzA2ZTI2Yjc2YWUwZGVkMzJiODVkZTIwMTUwM2NlN2MzMjdkY2MwOTlhMzgwYzllNGI1NWJmZGExOGQ3YiJ9,,F000694,男女共用トイレあり,
45,宮崎県,45201,宮崎市,,メガネの三城 神宮店,,,880-0034,宮崎市矢の先町82-1,31.9402642,131.418518,https://www.paris-miki.co.jp/store/1105.html,yes,,,,,,,,,,,,,,,,,,,,,,,,,,,,multipurpose_toilet,みやざきアクセシビリティ情報マップ,https://m-bfree.pref.miyazaki.lg.jp/a_map/public/facilityAround/eyJpdiI6Ik90UGtjMFhEdEw5Q3NYUmxRSUVxeHc9PSIsInZhbHVlIjoibEJHN1wvb3JoSlFucE54UWNHNEE4R3c9PSIsIm1hYyI6Ijc2YWRjMThkNTA3YjU3MWM4N2RlYzUxOWZkODhkYjg1ODQxOWZhN2I1MzY0ZTgyYjQ3NGYxOWZiM2JkZGQ2Y2IifQ==,,F000989,男女共用トイレあり,
45,宮崎県,45201,宮崎市,,メガネのヨネザワ平和台店,,,880-0034,宮崎市矢の先町78‐5,31.9404607,131.419682,https://www.yonezawa-web.co.jp/,yes,,,,,,,,,,,,,,,,,,,,,,,,,,,,multipurpose_toilet,みやざきアクセシビリティ情報マップ,https://m-bfree.pref.miyazaki.lg.jp/a_map/public/facilityAround/eyJpdiI6IjNQK1diVWptbjR5RnhjNmk4RjRqRmc9PSIsInZhbHVlIjoiQW8zblQ4eUs5VjBXRDJ4eW94Y3duQT09IiwibWFjIjoiM2ZlYTE5ZGFjY2FmOGVmZjJkNDljNzUwODFlMDE5YTI5YzJjNGNiODRmMzkxYzY2MGYxMmQxNzVhMTFkYzA0NCJ9,,F000986,男女共用トイレあり | 調査日=2019-11-09,
45,宮崎県,45430,椎葉村,,女神像公園,,,883-1601,椎葉村大字下福良,32.5013085,131.1803774,,yes,,屋外,,,,,,,,,,,,,,,,,,,,,,,,,,multipurpose_toilet,みやざきアクセシビリティ情報マップ,https://m-bfree.pref.miyazaki.lg.jp/a_map/public/facilityAround/eyJpdiI6InhrUERRNmJ2T3hacnZBSUNWTkx5UFE9PSIsInZhbHVlIjoicDk0b0lTb3dwVGh5RVJXYTE2R1wvNEE9PSIsIm1hYyI6IjFlNjFmNjM1N2Q2NGM0ZWZjNjZlNDYxZjI2MWU3YWQzOTE1M2E2YTQ1NjJkNTlkOGM0OGJmYTNmMTYzNzRhNGMifQ==,,F001970,男女共用トイレあり | 緊急通報装置あり | 調査日=2019-12-08,
45,宮崎県,45201,宮崎市,,めぐみの里デイサービスセンター,,,880-0303,宮崎市佐土原町東上那珂12898,32.020802,131.434132,,yes,,,,,,,,,,,,,,,,,,,,,,,,,,,,multipurpose_toilet,みやざきアクセシビリティ情報マップ,https://m-bfree.pref.miyazaki.lg.jp/a_map/public/facilityAround/eyJpdiI6InhYYit1TzFqeVM1Y0lGN0luUHpvWlE9PSIsInZhbHVlIjoiTWtsT201eFl6d2ZLXC9JVkZiWTRGa2c9PSIsIm1hYyI6ImNhNjdhMjRkY2Q0NTAyMzU5Y2I5ZmJhOTI3ZGY0MGUzMTZjMmU2ZTkxMTM3YmY2ZmMxZmU4MmRjZmU0ZTBlZmQifQ==,,F001817,男女共用トイレあり,
45,宮崎県,45202,都城市,,メディカルシティ 東部病院,,,885-0035,都城市立野町3633-1,31.7306011,131.1038763,http://www.medicalcity.jp/,yes,,１階,,,,,,,,,,,,,,,,,,,,,,,,,,multipurpose_toilet,みやざきアクセシビリティ情報マップ,https://m-bfree.pref.miyazaki.lg.jp/a_map/public/facilityAround/eyJpdiI6IkpYenV2VUdhUDVGYWNaeFZzWEpQQ0E9PSIsInZhbHVlIjoiM0l3UFdVYm4xbDlodmd6OFRjb3dxQT09IiwibWFjIjoiNDIwNjlmZjEzNzc0NGIyNTAxOTI2NTQzNWMxNjRlMGRmMjg3MGE1NTE1MjYwN2RkZGE4YTA1M2FiYmFmMzc2NSJ9,,F000717,男女共用トイレあり | 緊急通報装置あり | 調査日=2019-11-20,
45,宮崎県,45201,宮崎市,,メディキット県民文化センター（宮崎県立芸術劇場）,,,880-8557,宮崎市船塚3丁目210番地,31.9342591,131.4193217,http://www.miyazaki-ac.jp/,yes,,１階：エントランス（インフォメ－ション前） / 1階：演劇ホ－ル楽屋用 / 2階：イベントホ－ル楽屋用 / 地階：練習室用 / 1階：コンサ－トホ－ル客席用 / 1階：コンサ－トホ－ル楽屋用 / 1階：演劇ホ－ル客席用 / 2階：コンサ－トホ－ル客席用 / 1階：イベントホ－ル客席用 / 2階：演劇ホ－ル客席用,,,,yes,,yes,,yes,,,,,,,,,,,,,,,,,,multipurpose_toilet,みやざきアクセシビリティ情報マップ,https://m-bfree.pref.miyazaki.lg.jp/a_map/public/facilityAround/eyJpdiI6ImQ5TW9IUHF4QXRFWERVUzlucWRvMUE9PSIsInZhbHVlIjoiUUM4SGpUMnlOOGp0bFFIMVZOblFIQT09IiwibWFjIjoiMTYyMTEwOTFmYTQ2NTU0MjRkYTdlMDcxM2RlYWYyYzhkODFjNWZiN2I4OWVjMmQ1NGRjOThhYWJmNDM3NmI2NiJ9,,F001257,男女共用トイレあり | 緊急通報装置あり | 着替え台あり | 調査日=2019-11-22,・演劇ホール1Fの多目的トイレ写真は2F多目的トイレを参照してください。 / ・コンサートホール2Fの多目的トイレ写真は1F多目的トイレを参照してください。
45,宮崎県,45201,宮崎市,,メモリード青葉会堂,,,880-0842,宮崎市青葉町8-1,31.9201908,131.4322696,,yes,,,,,,,,,,,,,,,,,,,,,,,,,,,,multipurpose_toilet,みやざきアクセシビリティ情報マップ,https://m-bfree.pref.miyazaki.lg.jp/a_map/public/facilityAround/eyJpdiI6Ik43dGpHcG9sZVREVnJsRFZwSDVUTEE9PSIsInZhbHVlIjoiWVwvZzhRaDFqaFhtVzFJSU14dm5FbWc9PSIsIm1hYyI6ImNiZTg2ZGQ2Yzc1Y2E2M2YyNGJjODEzNWE5N2NkNzRkY2RhOWM5MjhkMWM4YjAyZTlhZDE4NGFiNTBkOTY0OWYifQ==,,F000297,男女共用トイレあり,
45,宮崎県,45201,宮崎市,,麺処どなん,,,880-0045,宮崎市大字大瀬町字境田1677番3,31.974852,131.37735,,yes,,,,,,,,,,,,,,,,,,,,,,,,,,,,multipurpose_toilet,みやざきアクセシビリティ情報マップ,https://m-bfree.pref.miyazaki.lg.jp/a_map/public/facilityAround/eyJpdiI6IjE2MXBmYTE2MVwvQlFrd0hjVGtIWE53PT0iLCJ2YWx1ZSI6IjdxaldaRkZQRjNhRHA3UUJTeDgwdUE9PSIsIm1hYyI6IjRmYWE2Y2YyNGY0ODYyZTI4MWJjODNlMDI3OTlmYzg4NjdjYmYyYzZkYTVlZDg0NDVmNjVjZTdiZGM5NjQ0NDcifQ==,,F000796,男女共用トイレあり,
45,宮崎県,45202,都城市,,もちお蛯原医院,,,885-0095,都城市蓑原町8251,31.7357033,131.0326678,,yes,,１階,,,,,,,,,,,,,,,,,,,,,,,,,,multipurpose_toilet,みやざきアクセシビリティ情報マップ,https://m-bfree.pref.miyazaki.lg.jp/a_map/public/facilityAround/eyJpdiI6IjdXamVBYUdcL0EyNGE3WkxwUlllSTVRPT0iLCJ2YWx1ZSI6Ikh5N3QyWkNTRnFcL1J1TXFoTkYxNzVBPT0iLCJtYWMiOiJlYmNjNTNjMjhiOTNjNDFlYTEwMTIzMTlmOTRlMzdlZDc0NTI3ODhkNWM0M2E1MmE4MDIyNDc3ZmM1MGU2NmRmIn0=,,F000314,男女共用トイレあり | 緊急通報装置あり | 調査日=2002-09-09,
45,宮崎県,45202,都城市,,母智丘公園,,,885-0091,都城市横市町6633,31.749725,131.0104717,https://miyakonojo.tv/summary/mochiokouen,yes,,母智丘広場、屋外,,,,,,,,,,,,,,,,,,,,,,,,,,multipurpose_toilet,みやざきアクセシビリティ情報マップ,https://m-bfree.pref.miyazaki.lg.jp/a_map/public/facilityAround/eyJpdiI6InhnZVErcVFjTCtNK0JNYUc4NTdOZWc9PSIsInZhbHVlIjoiWlVueVJKVGI0Yks1dkcwN2JkeHVwZz09IiwibWFjIjoiZDg1YTVmNDc2OWExNTc0YWQ4ZWUwZDJkODMzNzA5MzExNjg4M2Q3NDU1ODBmNTY1MzkyMTY2YzM1Y2M2MDhjNCJ9,,F001990,男女別トイレあり | 緊急通報装置あり | 調査日=2024-05-02,
45,宮崎県,45201,宮崎市,,「もっときっと」（株）ビブレアール宮崎,,,880-0916,宮崎市大字恒久字上代1544-1,31.887359,131.423633,http://www.mottokitto.co.jp/index.html,yes,,１階,,,,yes,,yes,,yes,yes,,,,,,,,,,,,,,,,,multipurpose_toilet,みやざきアクセシビリティ情報マップ,https://m-bfree.pref.miyazaki.lg.jp/a_map/public/facilityAround/eyJpdiI6InBKVlZEcDgzU3g2OTdwUjdiRzdxUUE9PSIsInZhbHVlIjoidnFaT3FQMDRWdWRpeFNWc3R4cXlVdz09IiwibWFjIjoiNmJiYjU2MGFlZjhkMDM2YjEwMTNkYTU0ZDk5NTNlN2Y2OGFjNjZhY2Y3YjVhY2Q0OTVmNDk5YmE3MTM1MGRmNSJ9,,F000738,男女共用トイレあり | 緊急通報装置あり | 調査日=2019-11-12,トイレ入口も大きく、トイレ内は広くとってあります。
45,宮崎県,45202,都城市,,(株)基ファーマシー プリマリー薬局,,,885-0079,都城市牟田町3-15,31.7252332,131.059977,,yes,,１階,,,,,,,,,,,,,,,,,,,,,,,,,,multipurpose_toilet,みやざきアクセシビリティ情報マップ,https://m-bfree.pref.miyazaki.lg.jp/a_map/public/facilityAround/eyJpdiI6InZZd2lrSW1rd2xWdk4xN2x6WlRDZVE9PSIsInZhbHVlIjoiSWE1VHh2OWIzTlI3RFhlQUJmQkJmZz09IiwibWFjIjoiZWI0ZGQyZThkYjAzOWUxZjdmOTBhZDIwZWI0YjdlNWJmZjUxNTc1ZTNjYmE5MWM1ZTMyYWFlZDk0N2VjZDZkNSJ9,,F000267,男女共用トイレあり | 緊急通報装置あり | 調査日=2019-11-07,
45,宮崎県,45201,宮崎市,,もも焼き悟空,,,880-0002,宮崎市中央通8-28 エビスビル1F,31.913438,131.421051,,yes,,店舗入り口横,,,,yes,,,,,,,,,,,,,,,,,,,,,,multipurpose_toilet,みやざきアクセシビリティ情報マップ,https://m-bfree.pref.miyazaki.lg.jp/a_map/public/facilityAround/eyJpdiI6IlRmXC9BNVR4WFNQNjNZaXFxSGVFZDJRPT0iLCJ2YWx1ZSI6Im9TazFzTVR3TXpSKzhhNWtNNVdLQ3c9PSIsIm1hYyI6IjAwYzdiN2U0YjVjNjQ3NjZjNTZmZDZlYmMwM2MwN2ZkYTIyNzljMWVlMGJkMWVkYjg3NWYwZjUzMzQ5YWFjOGUifQ==,,F002382,男女共用トイレあり | 調査日=2019-12-17,
45,宮崎県,45421,門川町,,森迫胃腸科内科,,,889-0601,門川町須賀崎1丁目40-1,32.4870029,131.6677728,http://dr-morisako.com/index.html,yes,,１階,,,,yes,,,,,,,,,,,,,,,,,,,,,,multipurpose_toilet,みやざきアクセシビリティ情報マップ,https://m-bfree.pref.miyazaki.lg.jp/a_map/public/facilityAround/eyJpdiI6IkJwNWNLVmFqQ2xIYVd5RU5TNis2TlE9PSIsInZhbHVlIjoiRk9UbXJPYXBFS0tFNGlBb2ZiTzRwUT09IiwibWFjIjoiYTkzY2FhNGUyNjA4ODhhZGY3MGM2MDkyZDAzODA0ZjkzMjZhNTcxZmJlNTE3OTExYjFmYzI1YmE0OTQwM2Q4NCJ9,,F000431,男女共用トイレあり | 緊急通報装置あり | 調査日=2006-03-30,
45,宮崎県,45201,宮崎市,,森迫デンタルクリニック,,,889-2153,宮崎市学園木花台南3-12-1,31.8292454,131.4261326,,yes,,１階,,,,,,,,,,,,,,,,,,,,,,,,,,multipurpose_toilet,みやざきアクセシビリティ情報マップ,https://m-bfree.pref.miyazaki.lg.jp/a_map/public/facilityAround/eyJpdiI6IlVpSDR5YUVEblNrK1MyOFpZWDkwWWc9PSIsInZhbHVlIjoiTWVHNjVySFFDMXFwM1wvSng2Z0pzUGc9PSIsIm1hYyI6ImFiMmZlNjlkMjE1NWY1ZTdlMWQwMmM5ZGUxNzljMzQ0YzQ3NTI1NTkyNWZmY2RiNmNmMTQ3NmE1MGMzMzhkNzMifQ==,,F001190,男女共用トイレあり | 緊急通報装置あり | 調査日=2009-11-18,
45,宮崎県,45202,都城市,,森の駅NATSUO,,,885-0225,都城市夏尾町7232-4,31.827695,130.980599,https://seguchi.info/morinoeki/,yes,,,,,,yes,,,,yes,,,,,,,,,,,,,,,,,,multipurpose_toilet,みやざきアクセシビリティ情報マップ,https://m-bfree.pref.miyazaki.lg.jp/a_map/public/facilityAround/eyJpdiI6InZMbVwvdzl2dXhJeTJ4UEpMQ2MwbVNRPT0iLCJ2YWx1ZSI6ImM4N0t6WW83RGhIaXgxWEhReERCd0E9PSIsIm1hYyI6ImEyYzA1M2M2YWUxOWE5NzgwZjIxZTI2ZWI2MjQ5N2NlZThmYWZlZDI3ZDQ4ZDA1ZDQ1NmRlMGQ4YzVjMDBkZWYifQ==,,F002788,男女共用トイレあり | 緊急通報装置あり | 調査日=2024-09-24,
45,宮崎県,45431,美郷町,,森の科学館,,,883-1101,美郷町西郷田代1561－1 宮崎県林業技術センター内,32.4301031,131.4282747,https://www.pref.miyazaki.lg.jp/contents/org/kankyo/shinrin/mfc/info/visitor.html,yes,,,,,,yes,,,,,,,,,,,,,,,,,,,,,,multipurpose_toilet,みやざきアクセシビリティ情報マップ,https://m-bfree.pref.miyazaki.lg.jp/a_map/public/facilityAround/eyJpdiI6IjhXelVNOEtiTk1kXC9EekFHMGVEenZRPT0iLCJ2YWx1ZSI6ImFSOEtcLzJGYURtM2pEZmhwRHpCVmpnPT0iLCJtYWMiOiIwYjYwOWM1OGJkMmExODY1ZjE1MGZmNmEyNzcxNjNkMDYyZDFkYjg1OTA5MDVkZDBiNmRlOWFjMGIzNjMxODI1In0=,,F002857,緊急通報装置あり | 調査日=2025-03-17,
45,宮崎県,45201,宮崎市,,森のクリニック,,,880-0123,宮崎市大字芳士2033－1,31.965415,131.4447625,http://morinoclinic.jp,yes,,,,,,yes,,,,,,,,,,,,,,,,,,,,,,multipurpose_toilet,みやざきアクセシビリティ情報マップ,https://m-bfree.pref.miyazaki.lg.jp/a_map/public/facilityAround/eyJpdiI6ImhhQnM3QzQ0YjVhbUJcL01RdVQxV1Z3PT0iLCJ2YWx1ZSI6InMxQ2piYUI2empHKzVFV28rZGYzeGc9PSIsIm1hYyI6IjM3Mjc1ZWNmMDg1NjAwY2ZhYWU1YmYxZTgwZjc3NTI5MDM3Nzk5ODMwYzM0NDJhMDY3MGU3ZjYwMTFiZDE1MDUifQ==,,F000145,男女共用トイレあり | 緊急通報装置あり | 調査日=2019-11-09,
45,宮崎県,45429,諸塚村,,諸塚村椎原橋公衆トイレ,,,883-1301,諸塚村大字家代431-2,32.5178737,131.3510866,,yes,,,,,,,,yes,,,,,,,,,,,,,,,,,,,,multipurpose_toilet,みやざきアクセシビリティ情報マップ,https://m-bfree.pref.miyazaki.lg.jp/a_map/public/facilityAround/eyJpdiI6Im5UMlNoRVZQOHNBYVBad0tjZURwXC93PT0iLCJ2YWx1ZSI6IlR5OHdXXC85c0M3YjlvbXFZM2RUOHdRPT0iLCJtYWMiOiI3MmU5YjEyMmViZTk5Njc4YjJjZjkwYjFhZmM4OTYxOWVmY2M2NDYyMDdjZTAxYTgzMGFmMGNkMDYxZGFkNDFiIn0=,,F001931,男女共用トイレあり | 調査日=2021-07-08,
45,宮崎県,45429,諸塚村,,もろっこはうす(諸塚村特産品販売所),,,883-1301,諸塚村大字家代2640-3,32.5097,131.33146,http://www.morokkohouse.jp/,yes,,建物に隣接,,,,yes,,yes,,yes,,,,,,,,,,,,,,,,,,multipurpose_toilet,みやざきアクセシビリティ情報マップ,https://m-bfree.pref.miyazaki.lg.jp/a_map/public/facilityAround/eyJpdiI6IjZhQzBRbDhZbDlYVGMyQXRRNVF2TGc9PSIsInZhbHVlIjoiZ3M4b2E0bGhNaDBRZE1YcW5jVTRhdz09IiwibWFjIjoiN2FlYTUyOWIyODJiNTYxNDVkZjllN2ViYmJhOTkyYmRlNmVlOGYyNmMwMjZmODdlZmYwMzk1ZjVhYmVjODkxNyJ9,,F002523,男女共用トイレあり | 緊急通報装置あり | 調査日=2021-07-08,
45,宮崎県,45201,宮崎市,,やきとり恵屋プラス 宮崎 霧島店,,,880-0032,宮崎市霧島1丁目93-2,31.927656,131.4119424,http://masuko-net.com/megumiya_p/,yes,,,,,,,,,,,,,,,,,,,,,,,,,,,,multipurpose_toilet,みやざきアクセシビリティ情報マップ,https://m-bfree.pref.miyazaki.lg.jp/a_map/public/facilityAround/eyJpdiI6IkN0ZExGMGV0WUpyOGxlUjE1SVNJS0E9PSIsInZhbHVlIjoiUm0zWUFJWGhMMlIyWHdOeWZKZSttQT09IiwibWFjIjoiZThjNGZjNzAzMjZmODg0NzRiZmRhMjU5YTQ0ZGNjOTU5MDRhNmNiODIwM2UyZWVkZGM1NzRmZWE1YTMyNGY3NiJ9,,F000929,男女共用トイレあり,
45,宮崎県,45201,宮崎市,,焼肉 若藤,,,889-2151,宮崎市大字熊野1597-1,31.831334,131.4403113,http://www.wakafujihonten.com/,yes,,,,,,,,,,,,,,,,,,,,,,,,,,,,multipurpose_toilet,みやざきアクセシビリティ情報マップ,https://m-bfree.pref.miyazaki.lg.jp/a_map/public/facilityAround/eyJpdiI6ImtcLzd0MGpxbEZieGtpMzVtcnhBZm1BPT0iLCJ2YWx1ZSI6ImVBaTJaMHhBNFlLenQyZ2xDdW9JTVE9PSIsIm1hYyI6IjU3ZDI4MDVhNzFlN2FmZjk5OGQyMzI2MWExZDhlMmQ3ODYxNjllYmVhOTdhMDI4MDg4NzVmZmU1M2M1NzM5MzAifQ==,,F000398,男女共用トイレあり | 調査日=2009-11-18,
45,宮崎県,45201,宮崎市,,焼肉の明月館,,,880-0035,宮崎市下北方町島口852番地42,31.9434512,131.4265392,,yes,,,,,,,,,,,,,,,,,,,,,,,,,,,,multipurpose_toilet,みやざきアクセシビリティ情報マップ,https://m-bfree.pref.miyazaki.lg.jp/a_map/public/facilityAround/eyJpdiI6InFcL1pRNENKbXAzR2ZVNXlDcFlHd2JnPT0iLCJ2YWx1ZSI6IndHN3E3b2tKR2JuXC9OcUFRQml6a1VBPT0iLCJtYWMiOiI2YTZiM2Y2OTE0MTA5ZGE5N2QxNDkzNmRiNTgwMmZiNTFkYTI2ODZjNTgxNWU4ZDZlMzlkNDFhOTZhZmI4YWQzIn0=,,F000611,男女共用トイレあり,
45,宮崎県,45201,宮崎市,,焼肉レストラン日向牧場,,,880-2112,宮崎市小松八ケ久保1402-1,31.9304369,131.4018671,,yes,,１階,,,,,,,,,,,,,,,,,,,,,,,,,,multipurpose_toilet,みやざきアクセシビリティ情報マップ,https://m-bfree.pref.miyazaki.lg.jp/a_map/public/facilityAround/eyJpdiI6IjZKTDh6OXd1eUtGeGFOdWlMcTZSaGc9PSIsInZhbHVlIjoiY05cL3NqRWhhcEJ5Y3Nuc1prWkJIbGc9PSIsIm1hYyI6ImM4MmIwMTk0MGU0ZDUxODFlMDhlMzBmZWYyNGFkYTQ2MzJkOWJlZGE4ZWZmMGY4M2Y5NzQ0YmI3ZTg5YzAwNTcifQ==,,F001205,男女共用トイレあり | 緊急通報装置あり | 調査日=2002-09-05,
45,宮崎県,45201,宮崎市,,やさき歯科,,,880-0951,宮崎市大塚町横立1507-2,31.9208958,131.3929194,,yes,,,,,,,,,,,,,,,,,,,,,,,,,,,,multipurpose_toilet,みやざきアクセシビリティ情報マップ,https://m-bfree.pref.miyazaki.lg.jp/a_map/public/facilityAround/eyJpdiI6IktzamZtd0JLYVU2QWFVWnhraFN2cmc9PSIsInZhbHVlIjoicEs4TytkTkhudllONW81SkxoRE1KZz09IiwibWFjIjoiZmU0ZDQzMzY5ZWE0NTFlYzE3ZTFhZWIwOTU5MzdiYWFmYjg1NjA0NzZkNjI0MGRhNWIyZjVjMmI1MTMxNmViZCJ9,,F000192,男女共用トイレあり,
45,宮崎県,45209,えびの市,,矢岳高原展望台,,,889-4165,えびの市西川北1377-2,32.0826,130.773642,,yes,,展望台までの道の途中,,,,,,,,yes,,,,,,,,,,,,,,,,,,multipurpose_toilet,みやざきアクセシビリティ情報マップ,https://m-bfree.pref.miyazaki.lg.jp/a_map/public/facilityAround/eyJpdiI6Iml0TVwvdHBiYk13bDFwd0cxN0twOXhBPT0iLCJ2YWx1ZSI6IlJ6T0dQcThPd0RDVml1U24rNW92QlE9PSIsIm1hYyI6ImU4OTllZDYyZmM3YTYyMDM0YjVmZGE3ODFlNzgwOGIzNTdhMTQ3OGQxYmJmOGNkMDFhYmIwNWQ5NjgyZjhkZGYifQ==,,F002798,男女別トイレあり | 緊急通報装置あり | 調査日=2024-11-06,
45,宮崎県,45201,宮崎市,,矢野内科クリニック,,,880-0007,宮崎市原町8番17号,31.9257758,131.4233342,https://hb3.seikyou.ne.jp/home/Nobuki.Yano/,yes,,１階,,,,yes,,,,,,,,,,,,,,,,,,,,,,multipurpose_toilet,みやざきアクセシビリティ情報マップ,https://m-bfree.pref.miyazaki.lg.jp/a_map/public/facilityAround/eyJpdiI6ImpkbTZncjNIQ1JnaUNPMkRIUytLY1E9PSIsInZhbHVlIjoiVGdWajBSMUg0aEMrWG8yajNqQzNFdz09IiwibWFjIjoiZGFlOGYwZmY2M2NiM2QxN2FiOGFkYzVhMDQ2ODMxYTZlMWI2NTY0NjNiZGE0MzRhMzY1ODhjOGFlNzY0OTQ0ZiJ9,,F000235,男女共用トイレあり | 緊急通報装置あり | 調査日=2013-09-10,
45,宮崎県,45206,日向市,,山内歯科医院,,,883-0035,日向市春原町１丁目２０番,32.42434,131.62238,http://www.yamauchi-dc-hyuga.com,yes,,1階,,,,yes,,,,yes,yes,,,,,,,,,,,,,,,,,multipurpose_toilet,みやざきアクセシビリティ情報マップ,https://m-bfree.pref.miyazaki.lg.jp/a_map/public/facilityAround/eyJpdiI6ImZxNUpNWDZHc1wvREF4Skkwa2hsdzhnPT0iLCJ2YWx1ZSI6ImxUZ1dIczRXMlZoRnl4NVZVVVZiZlE9PSIsIm1hYyI6ImIzOTU3MGMxMTAyNjAzMThlZjU5OGVkOWFmNWNmNDliMzNhYTQwMDg4YTc3YjIwMjAzYmVlZGQ2NzE3MTQ4NTEifQ==,,F002565,男女共用トイレあり | 調査日=2022-04-27,
45,宮崎県,45201,宮崎市,,山内ファミリークリニック,,,880-0921,宮崎市大字本郷南方3988,31.8660148,131.4314942,http://yama-fc.org/,yes,,,,,,,,yes,,,,,,,,,,,,,,,,,,,,multipurpose_toilet,みやざきアクセシビリティ情報マップ,https://m-bfree.pref.miyazaki.lg.jp/a_map/public/facilityAround/eyJpdiI6ImJFN2J5T3pLOWpBVE4xajliN0lwZmc9PSIsInZhbHVlIjoiNjlDR0NIdzVJVUt1R3d5Ym11cDQ0QT09IiwibWFjIjoiYTA5ZWM1NzE5NWMyYzA4MDNhZjUwNjIxZTdjMGFkOWVmMzU0NjVkYjM1NDk2MzlhYjEyMzE3MjE2NmU4MWUxYiJ9,,F000571,男女共用トイレあり | 調査日=2009-11-21,
45,宮崎県,45401,高鍋町,,山口整形外科,,,884-0002,高鍋町大字北高鍋3235番地3,32.1257943,131.5210985,http://www.sanjinkai.jp/seikei/,yes,,１階,,,,,,,,,,,,,,,,,,,,,,,,,,multipurpose_toilet,みやざきアクセシビリティ情報マップ,https://m-bfree.pref.miyazaki.lg.jp/a_map/public/facilityAround/eyJpdiI6IjdwdCtnWWpMNkZvVzBkTFlVbVl2Rmc9PSIsInZhbHVlIjoidUJSdE1Danc1MDBGb0poZ1YwaStNQT09IiwibWFjIjoiYTRjY2E5NWZmM2I5ZmM3ZDEzMGZiMjhhOWViNjI2ODc2NzNkYjRlOTQxNTEwMWI4ZTcxNzdmZWVmZWQ0N2ZkNSJ9,,F000527,男女共用トイレあり | 緊急通報装置あり | 調査日=2002-09-19,
45,宮崎県,45201,宮崎市,,山崎歯科クリニック,,,889-2151,宮崎市熊野481‐1,31.8283216,131.4379534,http://www.yamasakidc.jp/,yes,,,,,,yes,,,,yes,,,,,,,,,,,,,,,,,,multipurpose_toilet,みやざきアクセシビリティ情報マップ,https://m-bfree.pref.miyazaki.lg.jp/a_map/public/facilityAround/eyJpdiI6IkVHWEFJTWtUUFJyakhhU3RUb1VBaVE9PSIsInZhbHVlIjoiaVpsRVRJTUdVaU93Y0ZZMGM2elRWUT09IiwibWFjIjoiNDdhOTUxOWE0YTVhNjc0MTcxYzc3ODM2YzQxMDRiOTIzMjk3MmIxYTAwMTExMjQ2YzMyMzU2YzI1ZTJiOTgzNCJ9,,F002044,男女別トイレあり | 調査日=2019-12-09,
45,宮崎県,45341,三股町,,山下歯科,,,889-1901,三股町樺山4672-240,31.732847,131.1132184,,yes,,１階,,,,,,,,,,,,,,,,,,,,,,,,,,multipurpose_toilet,みやざきアクセシビリティ情報マップ,https://m-bfree.pref.miyazaki.lg.jp/a_map/public/facilityAround/eyJpdiI6IklXUVwvNitKdVhCbGdmcmcyRXh5Y0J3PT0iLCJ2YWx1ZSI6IlA5WWlEcFFET1wvY2VFSW5hZEk0NU53PT0iLCJtYWMiOiJjNjNjMTExMzlmZGRiNmY0MThlYWIyNTU0MzE2NzhlY2ViZjhhYzljZjc1ZDM1MzNiNjgxMDRlZWQ5YWVmOGJjIn0=,,F000586,男女共用トイレあり | 緊急通報装置あり,
45,宮崎県,45201,宮崎市,,やました内科リウマチ科クリニック,,,880-0837,宮崎市村角町島ノ前1339-1,31.9495942,131.4426978,,yes,,,,,,,,,,,,,,,,,,,,,,,,,,,,multipurpose_toilet,みやざきアクセシビリティ情報マップ,https://m-bfree.pref.miyazaki.lg.jp/a_map/public/facilityAround/eyJpdiI6IkV6Ykc2TmxvbjNyOGdiaUtBR0tjakE9PSIsInZhbHVlIjoiaWVXb3dndDlZYWFlOFhhVlwvTWZla1E9PSIsIm1hYyI6IjZkNmE1NjhjYTg4OTQ5YWM0MjM1MDcwY2Q1NjZiZjFkYzU4ZjkyMGRkNzJlODBiNWI4MTkwNDc4OGY4MTE1NWMifQ==,,F000110,男女共用トイレあり,
45,宮崎県,45202,都城市,,山田木之川内体育センター,,,889-4601,都城市山田町山田9371,31.8296617,131.0573352,http://cms.city.miyakonojo.miyazaki.jp/display.php?cont=120914151301,yes,,１階,,,,,,,,,,,,,,,,,,,,,,,,,,multipurpose_toilet,みやざきアクセシビリティ情報マップ,https://m-bfree.pref.miyazaki.lg.jp/a_map/public/facilityAround/eyJpdiI6InVURVJTbys1TUJoajZRaHdzRTVvQ1E9PSIsInZhbHVlIjoibEhDTEt1Y1MxTDluSHBVRmVHTitxQT09IiwibWFjIjoiNTJjMzhjZDg4MjRkMWY4M2YzOGRjZWQ4OWNjYTkxYjAxNDlkZTZlNTdhZGRiOGNmNjBkMTg1MjUwNjUyMzQ1OCJ9,,F002080,男女共用トイレあり | 緊急通報装置あり | 調査日=2020-03-11,
45,宮崎県,45202,都城市,,山田総合センター,,,889-4601,都城市山田町山田3881－7,31.8148575,131.0403332,,yes,,１階,,,,,,,,,,,,,,,,,,,,,,,,,,multipurpose_toilet,みやざきアクセシビリティ情報マップ,https://m-bfree.pref.miyazaki.lg.jp/a_map/public/facilityAround/eyJpdiI6IkJOeFdtTWV6WEMxUys3NThtMmpnNmc9PSIsInZhbHVlIjoiQmRRWEdoSm5jSFdPcWhSYjZ6VFN2Zz09IiwibWFjIjoiYTMxMDMzYTgzOGU3ZDM0YTE1NTMyZDA3Y2YzOTRiYmU3MjczMmM1OWJlYjRjMWEyYzljZjc3MDdkYWZmMDZjNCJ9,,F001574,男女共用トイレあり | 緊急通報装置あり | 調査日=2013-09-02,
45,宮崎県,45202,都城市,,山田総合福祉センター,,,889-4601,都城市山田町山田4319番地2,31.8157908,131.0422889,,yes,,１階,,,,,,,,,,,,,,,,,,,,,,,,,,multipurpose_toilet,みやざきアクセシビリティ情報マップ,https://m-bfree.pref.miyazaki.lg.jp/a_map/public/facilityAround/eyJpdiI6IlE5elRoOW5JdWVHRm9ra21kMzZjTlE9PSIsInZhbHVlIjoiWXVHdVlKOXJpMEZKOHdCU1NrQzFIQT09IiwibWFjIjoiMTQwODA2NGMzZjY4MWJlNjRiZTYyYTk0ZGE1NTUwM2UwYTNhOWM1MjA5YjkyNjYxZjllNzA5MjQxZDFkNjgyNSJ9,,F001569,男女共用トイレあり | 調査日=2020-03-11,
45,宮崎県,45202,都城市,,山田体育館,,,889-4601,都城市山田町山田3717-1,31.8130625,131.0385077,,yes,,,,,,,,,,yes,,,,,,,,,,,,,,,,,,multipurpose_toilet,みやざきアクセシビリティ情報マップ,https://m-bfree.pref.miyazaki.lg.jp/a_map/public/facilityAround/eyJpdiI6IjNySHBZa3F0U1ZqMGlhQUdRN04xMnc9PSIsInZhbHVlIjoiZThidjhKME5yd3piSmZNYzBubFoxdz09IiwibWFjIjoiMjYxYWJiOTg2MWQyNTA4ZWQxMjgzOWNjNzUzMjIzY2NjNTQ5OWE4ZTcyOWM5Y2E2MmVjMGZlMzcyOWYyN2VkZiJ9,,F002078,男女共用トイレあり | 調査日=2019-12-15,
45,宮崎県,45202,都城市,,山田谷頭児童館,,,889-4602,都城市山田町中霧島3283-5,31.7915984,131.0506063,,yes,,１階,,,,,,,,yes,,,,,,,,,,,,,,,,,,multipurpose_toilet,みやざきアクセシビリティ情報マップ,https://m-bfree.pref.miyazaki.lg.jp/a_map/public/facilityAround/eyJpdiI6IlVQbCtxN05cL0tuemZ5Z0NkMVB2UElRPT0iLCJ2YWx1ZSI6IkFoS1MrNzl1TVFFelRTNEJtRWxDTVE9PSIsIm1hYyI6ImM4NTgwNzM4Y2VlNTQ0YmUzZDdkNmIxNjI2MTM1NWJmYWJiNDIwMWEwMGM2YTIyNmViMmVhNTE3NmQwY2FhZGUifQ==,,F001079,男女共用トイレあり | 緊急通報装置あり | 調査日=2019-11-09,
45,宮崎県,45202,都城市,,山田町活性化センター かかし館,,,889-4601,都城市山田町山田4986-2,31.8237818,131.0446,https://www.city.miyakonojo.miyazaki.jp/soshiki/63/2054.html,yes,,１階 / 屋外,,,,,,,,,,,,,,,,,,,,,,,,,,multipurpose_toilet,みやざきアクセシビリティ情報マップ,https://m-bfree.pref.miyazaki.lg.jp/a_map/public/facilityAround/eyJpdiI6Ik0wREc3XC9pYzVpY040cVVIQ0M0OXh3PT0iLCJ2YWx1ZSI6IitVWVVJWEVxbTBXeW9Mbjg4MUxNMnc9PSIsIm1hYyI6ImM1MmU0ZGRkMGIwMjU3NjQwODBlMjhhM2IwZDI5NjJlMzI5NjdlZTRiZGEyOTYwYzFlZjk2NmU2MGYxM2E2MTQifQ==,,F000034,男女共用トイレあり | 緊急通報装置あり | 調査日=2019-11-21,
45,宮崎県,45202,都城市,,山田町総合福祉センターけねじゅ苑,,,889-4601,都城市山田町山田4319-2,31.8157908,131.0422889,,yes,,,,,,,,,,,,,,,,,,,,,,,,,,,,multipurpose_toilet,みやざきアクセシビリティ情報マップ,https://m-bfree.pref.miyazaki.lg.jp/a_map/public/facilityAround/eyJpdiI6Ik9ZN1NlUVpHeEpnaWQ0MkQwQzhjS1E9PSIsInZhbHVlIjoidGNZNXJtU1V5NnljN2I0eVZmc3EzQT09IiwibWFjIjoiOGJiYjMwNjNiNTliN2QzYzZjZjk3NjNkZTFhODEzNDM2ZjE1MDkxMTMwMzZmZWJhYmFlMTk1MzgwZDJkZWE4NyJ9,,F001753,男女共用トイレあり | 調査日=2019-09-01,
45,宮崎県,45208,西都市,,ヤマダ電機テックランド西都店,,,881-0033,西都市大字妻平田1655－1,32.1060996,131.3993178,https://www.yamada-denki.jp/store/contents/?d=1285,yes,,,,,,yes,,yes,,,,,,,,,,,,,,,,,,,,multipurpose_toilet,みやざきアクセシビリティ情報マップ,https://m-bfree.pref.miyazaki.lg.jp/a_map/public/facilityAround/eyJpdiI6IklTcnZ4bTloeWpsRUF6RG42TlBzclE9PSIsInZhbHVlIjoibXRmS09iVE9MTkJ6blhYR3NNaUZ3UT09IiwibWFjIjoiYzY5NWMxNzM0ZjY4MmM2MTNjMjkwYWRjNTk2ZDdmMzhiZDQxNGEwZWVkNzFkOWFmOGMwZTczZGUxYTZhMjIwMCJ9,,F001396,男女共用トイレあり | 調査日=2019-11-13,
45,宮崎県,45442,日之影町,,山附ふれあいセンターやまびこ,,,882-0402,日之影町大字岩井川谷下5133-2地内,32.6303238,131.3510866,,yes,,１階,,,,,,,,,,,,,,,,,,,,,,,,,,multipurpose_toilet,みやざきアクセシビリティ情報マップ,https://m-bfree.pref.miyazaki.lg.jp/a_map/public/facilityAround/eyJpdiI6InM0M1JaMzg5TFlMNFlLdVwvSmFtZmxnPT0iLCJ2YWx1ZSI6IkJ6ZlRwdlpqc0EwenkyQVJOK2RvQkE9PSIsIm1hYyI6ImNmYjBmNDFlYzU3MTZlZmNkNDFhNGE4ZDA3OGNjOWMyOTlhYmYxYmMwNmYxMzhlZGM0Njc3ZjZiY2QzY2VhZjIifQ==,,F001944,男女共用トイレあり | 緊急通報装置あり | 調査日=2013-09-17,
45,宮崎県,45201,宮崎市,,社会福祉法人仁愛会 障害者支援施設 やまびこの里,,,880-2101,宮崎市大字跡江字井尻4540,31.951173,131.380756,http://www.jinaikai.or.jp/yamabiko/,yes,,,,,,,,,,,,,,,,,,,,,,,,,,,,multipurpose_toilet,みやざきアクセシビリティ情報マップ,https://m-bfree.pref.miyazaki.lg.jp/a_map/public/facilityAround/eyJpdiI6ImVQWGpmeE9lTlZHTlJBNWlXU294SXc9PSIsInZhbHVlIjoiVEVqUUs5OXZwNlJEenVuRkozZ3Vwdz09IiwibWFjIjoiN2ZjMjY4MmI1NmNmN2M1YWU1NDc3NDFkMWQxY2Y4OTI0YThhZTA0N2NjNWUzZDU1OWYzNmE5Y2YyYzAyMGNhYSJ9,,F001141,男女共用トイレあり | 調査日=2002-09-09,
45,宮崎県,45201,宮崎市,,山村内科,,,880-0211,宮崎市佐土原町下田島9423-1,32.0299782,131.473283,,yes,,１階,,,,yes,,,,,,,,,,,,,,,,,,,,,,multipurpose_toilet,みやざきアクセシビリティ情報マップ,https://m-bfree.pref.miyazaki.lg.jp/a_map/public/facilityAround/eyJpdiI6Ilp0M2phUjk3VkFVR3BaSVwvbFNOWWJBPT0iLCJ2YWx1ZSI6InhxVzBrVWdyNWN3Q3J5Mk41Vlhnb0E9PSIsIm1hYyI6IjAxNDEyZTk2ZmQwY2MwZmYyZDJmYTg1ZmU4MzM5YjI3MzQwMmE4OTE3N2U2NTZlMjkzMTI4OWIwOTFhZmM1NWYifQ==,,F000649,男女共用トイレあり | 緊急通報装置あり | 調査日=2002-10-02,
45,宮崎県,45203,延岡市,,山本歯科医院,,,882-0867,延岡市溝口町2丁目1017番地,32.5577194,131.6762619,https://www.nobeoka-da.org/member/201/,yes,,１階,,,,yes,,,,,,,,,,,,,,,,,,,,,,multipurpose_toilet,みやざきアクセシビリティ情報マップ,https://m-bfree.pref.miyazaki.lg.jp/a_map/public/facilityAround/eyJpdiI6InRlRUlhcE1SditlbEtNQkJFQjBhUkE9PSIsInZhbHVlIjoiK096Tm1CVmNoUzlWc2ZCMXNDQjhGdz09IiwibWFjIjoiNTZiYmJjNDFkM2JkNGEwZTYzZWU3ODE5OTdiMDkzZjQ3ODQ3NTUzZmUwYjVmMjFhMWFlZmI1Mzc1MTRkNWJiZSJ9,,F001466,男女共用トイレあり | 緊急通報装置あり | 調査日=2002-09-06,
45,宮崎県,45204,日南市,,愛鍼会山元病院,,,887-8585,日南市中央通1丁目10番15号,31.6007924,131.3814793,http://www.aisinkai.com/,yes,,１階,,,,,,,,,,,,,,,,,,,,,,,,,,multipurpose_toilet,みやざきアクセシビリティ情報マップ,https://m-bfree.pref.miyazaki.lg.jp/a_map/public/facilityAround/eyJpdiI6InpxXC85MnNiOStSbEFVQlRFdjF1eU13PT0iLCJ2YWx1ZSI6ImpSb1FRa2ZuSU0rOFYyeU83bmZpc0E9PSIsIm1hYyI6IjQyYTc0NzgxNWRjNzY0MTE1MzYxOTJmOWI0Y2U4NTYwNDBhMjM4Yzg5MmNiYjNmZTBiMGYyZTcxMWE5NjEzNWIifQ==,,F001619,男女共用トイレあり | 緊急通報装置あり | 調査日=2002-09-05,
45,宮崎県,45201,宮崎市,,山脇内科小児科医院,,,880-0211,宮崎市佐土原町下田島20510-40,32.0207503,131.4746732,http://www.yamawaki-iin.jp/index.shtml,yes,,１階,,,,yes,,,,,,,,,,,,,,,,,,,,,,multipurpose_toilet,みやざきアクセシビリティ情報マップ,https://m-bfree.pref.miyazaki.lg.jp/a_map/public/facilityAround/eyJpdiI6IjJKTGVmSmVmaytZUWZUY0VHS3I4amc9PSIsInZhbHVlIjoiMUE0REpRa3pkNzhpODlcL0tPSmZhc0E9PSIsIm1hYyI6ImVkMzdmZmViMGM2ODE2ZWMyNDg5M2NlYzdhNGRkZGRlZDMxMDU1N2E4OTg5NzAxMWZiNjBjNjNlNDRiYzUxNzYifQ==,,F001491,男女共用トイレあり | 緊急通報装置あり | 調査日=2002-09-09,
45,宮崎県,45430,椎葉村,,八村杉,,,883-1600,椎葉村十根川,32.511325,131.192091,https://www.shiibakanko.jp/tourism/spot/spot4,yes,,十根川神社参道入口駐車場内,,,,,,,,,,,,,,,,,,,,,,,,,,multipurpose_toilet,みやざきアクセシビリティ情報マップ,https://m-bfree.pref.miyazaki.lg.jp/a_map/public/facilityAround/eyJpdiI6IkY4YWdGSithVEZzeVpqSURlc3c5S3c9PSIsInZhbHVlIjoiQ0F5aUVwSW5SOGxYNlREZDhXa3JHQT09IiwibWFjIjoiY2E5ZWJmMjBkNDVjNmI0NjIwMWI1ZjhhOTJmZGUxNmU0NzhjMGJkNzg2OTkxNzFlMWFmNDgzZGJmNWRhYTk3ZSJ9,,F002484,男女共用トイレあり | 緊急通報装置あり | 調査日=2020-08-20,
45,宮崎県,45201,宮崎市,,ゆうこうデンタルクリニック,,,880-0841,宮崎市吉村町嶋田甲739-5,31.9249251,131.4430983,,yes,,,,,,,,,,,,,,,,,,,,,,,,,,,,multipurpose_toilet,みやざきアクセシビリティ情報マップ,https://m-bfree.pref.miyazaki.lg.jp/a_map/public/facilityAround/eyJpdiI6IkZvRER2cTZ6bVNNRDBlQVB2RWV3cEE9PSIsInZhbHVlIjoiQ2VuZ2VlZ1VPenZpZWVCM0xlc0RoQT09IiwibWFjIjoiODUyOTFmODhiM2JmNGQ0Y2FmMzRmNjg1Yzc1OTJmYzA4MjA0NWIyYjIzZmUzMzg3NDkzMjEwYzlkNGU2ZjZhNCJ9,,F001209,男女共用トイレあり,
45,宮崎県,45201,宮崎市,,有料老人ホームげんき・デイサービスセンターあしあと,,,880-2211,宮崎市高岡町花見字向川原107-3,31.9428745,131.3431355,,yes,,,,,,,,,,,,,,,,,,,,,,,,,,,,multipurpose_toilet,みやざきアクセシビリティ情報マップ,https://m-bfree.pref.miyazaki.lg.jp/a_map/public/facilityAround/eyJpdiI6IjhkblArTUpiYXhGcXFjMWlXb3M5U3c9PSIsInZhbHVlIjoiSFwvQjA5NzFHWDdhdnR1aE9GT084Y0E9PSIsIm1hYyI6ImVjYWZhYWEwMjlhNTM0YWYyNzIwYTM3ZTI2NWQ0NmQ5YjIwZTE1YWQxYjI2NjA0OWQ5NmUxZTk5MzJlZDgxMTQifQ==,,F001534,男女共用トイレあり | 調査日=2010-01-25,
45,宮崎県,45201,宮崎市,,有料老人ホーム こころ,,,880-0921,宮崎市本郷南方2704番,31.8557292,131.4313362,http://www.mmrst-kokoro.com,yes,,,,,,,,,,,,,,,,,,,,,,,,,,,,multipurpose_toilet,みやざきアクセシビリティ情報マップ,https://m-bfree.pref.miyazaki.lg.jp/a_map/public/facilityAround/eyJpdiI6IkdNZ0xJNjhEbDJmc1dmUFh6bGpkMUE9PSIsInZhbHVlIjoiSUl3Y3ErSkNteHp0c2VRd3pYYXFQZz09IiwibWFjIjoiYWZlM2RmNTFiYTcwZjhmZDQ4NjNiMjc2N2VhNDI0YzI5YWI5MDgxODg3NTY2NzkzNzNlYTMyNWRiZmVjYmZlNiJ9,,F001732,男女共用トイレあり,
45,宮崎県,45201,宮崎市,,有料老人ホーム やよい苑,,,880-2223,宮崎市高岡町浦之名2822-1,31.9477337,131.2356638,,yes,,,,,,,,,,,,,,,,,,,,,,,,,,,,multipurpose_toilet,みやざきアクセシビリティ情報マップ,https://m-bfree.pref.miyazaki.lg.jp/a_map/public/facilityAround/eyJpdiI6IlFUdWFmdDZ2NmEyWXViRzMzNWhnUUE9PSIsInZhbHVlIjoiS3dLbXJ6Z2R3TjJBUThqaEd6bE12QT09IiwibWFjIjoiOTE2NDJiYzY4YjVmMGU1NmEyOWNlNTFiZGZlMWFiOGNmMjY0YmE0NjAzOWMwMmQ5Y2Y0YWI5MzhmMjg1MDE4NiJ9,,F001905,男女共用トイレあり,
45,宮崎県,45201,宮崎市,,有料老人ホーム・デイサービスはまゆう赤江,,,880-0912,宮崎市大字赤江1406番2 他,31.8846567,131.4497638,http://www.hamayuu.com/,yes,,,,,,,,,,,,,,,,,,,,,,,,,,,,multipurpose_toilet,みやざきアクセシビリティ情報マップ,https://m-bfree.pref.miyazaki.lg.jp/a_map/public/facilityAround/eyJpdiI6IjBcL0JqdGdlNnBmYmJ5SE9XZFJOZHZ3PT0iLCJ2YWx1ZSI6Imt2ck1mTWxZSk5EOG9GTnZ4eTB6REE9PSIsIm1hYyI6IjUwMjk1ZjM3NWUzYzFlYTc0YTE3NTYzYWQ3NWY2ZTM2YTMzODlhYzdlNDRmMDRjN2RiODM2ZDQwNWZmYWQwMDYifQ==,,F001685,男女共用トイレあり,
45,宮崎県,45201,宮崎市,,有料老人ホーム「風のガーデン」,,,880-0951,宮崎市大塚町水流5124-1,31.9131966,131.4010973,,yes,,,,,,,,,,,,,,,,,,,,,,,,,,,,multipurpose_toilet,みやざきアクセシビリティ情報マップ,https://m-bfree.pref.miyazaki.lg.jp/a_map/public/facilityAround/eyJpdiI6ImFJaFNycmtWcXN1QXorWFZzXC8xaFR3PT0iLCJ2YWx1ZSI6ImRKSnc5V1RZUUwwYUNia0ZhR1pcL1BBPT0iLCJtYWMiOiJjM2NjMThlNmVjYzIyMzBhOTEwODAwMTgyNzVlZGNiMjE0OGUwOWZiYTYxYzU2MzdmMWViMzg4NWY4MzYwN2EzIn0=,,F001624,男女共用トイレあり | 調査日=2019-11-12,
45,宮崎県,45201,宮崎市,,有料老人ホーム「香月」デイサービス「桂」,,,880-2224,宮崎市高岡町飯田149-1 他,31.9717361,131.2883864,http://www.nishizononaika.jp/kougetsu,yes,,,,,,yes,,,,,,,,,,,,,,,,,,,,,,multipurpose_toilet,みやざきアクセシビリティ情報マップ,https://m-bfree.pref.miyazaki.lg.jp/a_map/public/facilityAround/eyJpdiI6ImM0Y2ViNDhoXC9Yd0JKVzdCNXhBZXRRPT0iLCJ2YWx1ZSI6IloxQjBFYjV4S3FXMTRFMDJXUURzbWc9PSIsIm1hYyI6IjJmZmI3N2NhZWM1ZThhY2RiOWFkNTA3ZjU2YThiNjMxYmZmZWI0MDdkNDM2ZDk1YmQ0ZTJlYmU3OTdiYWFkNmIifQ==,,F001781,男女共用トイレあり | 緊急通報装置あり | 調査日=2019-11-11,
45,宮崎県,45201,宮崎市,,有料老人ホーム 安堵,,,889-2163,宮崎市青島西2丁目12－1,31.799837,131.464963,,yes,,,,,,,,,,,,,,,,,,,,,,,,,,,,multipurpose_toilet,みやざきアクセシビリティ情報マップ,https://m-bfree.pref.miyazaki.lg.jp/a_map/public/facilityAround/eyJpdiI6IkV3WmdTNW5cL0hEbkxoUEprUlZFSUhBPT0iLCJ2YWx1ZSI6IndDUCtqUUNyaVVuMTFXcWJXaHNpRWc9PSIsIm1hYyI6IjM1NmY0NThkNTYxM2FkY2YzNzAzMmU5NzU1MzZjZGYyOTIwNWMxMjU0NjUyMzg1ZGE1MmE2ZTFjYWJiMzI5M2UifQ==,,F001200,男女共用トイレあり,
45,宮崎県,45203,延岡市,,有料老人ホームえのたけ,,,889-0102,延岡市北川町長井7548番地1,32.6654,131.704647,http://shinryuukai.or.jp/publics/index/19/,yes,,,,,,,,yes,,,,,,,,,,,,,,,,,,,,multipurpose_toilet,みやざきアクセシビリティ情報マップ,https://m-bfree.pref.miyazaki.lg.jp/a_map/public/facilityAround/eyJpdiI6IlJ1djRcL2M1NHA2UitmT3FKcjlrZzN3PT0iLCJ2YWx1ZSI6IjNhdDZjMXJOTnJqa1hXUFpBTnhOblE9PSIsIm1hYyI6IjFiOTc4MzQyMWRjN2FhYmFhNDMwMDdmOGQyMzlhMTMwNjIxMjE0NTUxMzA5MDg4NmM2NjZlYWYwMTJjNjgwODQifQ==,,F001777,男女共用トイレあり,
45,宮崎県,45201,宮崎市,,有料老人ホームくじら霧島支援所,,,880-0032,宮崎市霧島2丁目125番,31.9289835,131.4160245,,yes,,,,,,,,,,,,,,,,,,,,,,,,,,,,multipurpose_toilet,みやざきアクセシビリティ情報マップ,https://m-bfree.pref.miyazaki.lg.jp/a_map/public/facilityAround/eyJpdiI6InhveGhEUExZT2oxXC9FNE1sbGhXZDJRPT0iLCJ2YWx1ZSI6Ijc5V1hndFk3RVdHMHk2Wk13Vjhub3c9PSIsIm1hYyI6IjY5YjliZjVmMWM4M2IyNTVlM2EyNWQyNTE4ZjU4MDlmM2YxZTUyZjU2ODQxMTRkODFhMjgxZTBiMzZmZjNmYmQifQ==,,F001312,男女共用トイレあり,
45,宮崎県,45203,延岡市,,住宅型有料老人ホーム 「ととろの杜」,,,889-0513,延岡市土々呂町5丁目2565-1,32.5062383,131.6693305,https://www.yu-ryu.co.jp/paid_home/totoro/,yes,,,,,,yes,,,,,,,,,,,,,,,,,,,,,,multipurpose_toilet,みやざきアクセシビリティ情報マップ,https://m-bfree.pref.miyazaki.lg.jp/a_map/public/facilityAround/eyJpdiI6InhjN1d5WmliWEplS1pxdWFNQlNFdXc9PSIsInZhbHVlIjoiNEcySlZKRU1rZGwwaDlzeTNERndXQT09IiwibWFjIjoiNTJjZTkzNDMwMzVlY2ViNzhhMWFmODM3YTE2NzUwMTM3NGZkMjY5MTE4OTkyYjRjYTczZWEwYjQxMGI1Y2Q0NSJ9,,F001362,男女共用トイレあり | 調査日=2013-09-12,
45,宮崎県,45201,宮崎市,,有料老人ホームクローバー一ツ葉,,,880-0834,宮崎市新別府町前浜1409-319,31.9260678,131.4593895,http://www.clover-group.net/,yes,,,,,,yes,,yes,,,,,,,,,,,,,,,,,,,,multipurpose_toilet,みやざきアクセシビリティ情報マップ,https://m-bfree.pref.miyazaki.lg.jp/a_map/public/facilityAround/eyJpdiI6Im5DQmpRNDBLNE42aEI5NWoxZjlMcmc9PSIsInZhbHVlIjoiVTM4RUlTbWV1S292V0h3dzBFdHlzUT09IiwibWFjIjoiN2EyZjFjMTcwODExNTQzYTlmMTZmZDUyNTYyZmMxODdmYmRjYWI2YWU4Yjc1NjA1NjIxZGE3ZGMwNjdkZWVkNCJ9,,F001075,男女共用トイレあり | 調査日=2019-11-13,
45,宮崎県,45201,宮崎市,,有料老人ホーム神宮の杜,,,880-0034,宮崎市矢の先町78番地1,31.9405217,131.4193887,,yes,,,,,,yes,yes,,,,,,,,,,,,,,,,,,,,,multipurpose_toilet,みやざきアクセシビリティ情報マップ,https://m-bfree.pref.miyazaki.lg.jp/a_map/public/facilityAround/eyJpdiI6IlBnZE5DeU5vT0ZDZ1R3SXBSY0hoVUE9PSIsInZhbHVlIjoiNFVzRjdOTkI4VDJzV25kWlNDOXpVUT09IiwibWFjIjoiZmY4NzE1Y2M1NGU1ZTFmYjU1MTRlNGE3ZTFhYTk1NTAwMWZmZDAzMjk0OWU1MjUzYjMxZGY5NzU2Y2IzMzcwYSJ9,,F000985,男女共用トイレあり | 緊急通報装置あり | 調査日=2019-11-08,
45,宮崎県,45201,宮崎市,,有料老人ホームそら,,,880-2114,宮崎市大字富吉字水流5232番2 外3筆,31.9379364,131.3560996,,yes,,,,,,,,,,,,,,,,,,,,,,,,,,,,multipurpose_toilet,みやざきアクセシビリティ情報マップ,https://m-bfree.pref.miyazaki.lg.jp/a_map/public/facilityAround/eyJpdiI6InNnanVJTDBOUFUzcGlzc3F2MmRwXC9nPT0iLCJ2YWx1ZSI6IklmREd3RGJkbkxWTnN0eThCSENoN3c9PSIsIm1hYyI6Ijg0Yzg0MzJlN2U5ZDI5YjA5NGUzYmY3MGI3MDJhNDZhMDJmNDZiYzJjNzk3NTNlNjY3OGY2ZDJjZDA3NTQ2MTMifQ==,,F000557,男女共用トイレあり,
45,宮崎県,45201,宮崎市,,有料老人ホーム田園いきめ,,,880-2101,宮崎市大字跡江3511,31.9366512,131.3809025,,yes,,,,,,,,,,,,,,,,,,,,,,,,,,,,multipurpose_toilet,みやざきアクセシビリティ情報マップ,https://m-bfree.pref.miyazaki.lg.jp/a_map/public/facilityAround/eyJpdiI6IkFkSWxNWkVFS1FZN0Y5MXRuTkRVZXc9PSIsInZhbHVlIjoieng1Y0NHa0VkM3cyN0ZLVTcwbHRUdz09IiwibWFjIjoiZWEzOGNmNDU4MDMxMmVhYTg0NjFhYWUxNGY1ZDBmNTc3OGI4YWFlOWMxMzk4MWNhYWU1OTkxOGM4MjZhNTg3MiJ9,,F000075,男女共用トイレあり | 調査日=2010-01-25,
45,宮崎県,45203,延岡市,,有料老人ホーム特定施設 小路の杜,,,882-0041,延岡市北小路8-2、8-7,32.585509,131.667206,http://www.yu-ryu.co.jp/paid_home/komichi/,yes,,１階 / 1階,,,,,,,,,,,,,,,,,,,,,,,,,,multipurpose_toilet,みやざきアクセシビリティ情報マップ,https://m-bfree.pref.miyazaki.lg.jp/a_map/public/facilityAround/eyJpdiI6IlZcL2VjOXdlekx4SkJSSFVtcjhzQ3lnPT0iLCJ2YWx1ZSI6ImpTKzBLV2FLOExZdEhPa2JlNUtEOFE9PSIsIm1hYyI6IjRhNzkzYTk5NTU0NWZjZWE4M2FjYWY0YzM4MmFhNjNmYmNiOWNkOWUyYWZiMzI1YzFhOTNkODBiNzJlOTg1NTQifQ==,,F001309,男女共用トイレあり | 緊急通報装置あり | 調査日=2006-03-30,
45,宮崎県,45201,宮崎市,,有料老人ホーム美修苑、デイサービス美修苑,,,889-1701,宮崎市田野町甲 1671 番地 3 他,31.8354637,131.3090789,,yes,,,,,,,,,,,,,,,,,,,,,,,,,,,,multipurpose_toilet,みやざきアクセシビリティ情報マップ,https://m-bfree.pref.miyazaki.lg.jp/a_map/public/facilityAround/eyJpdiI6InUrbUlGaWxJSTNqNGlzb3lsc2xJUGc9PSIsInZhbHVlIjoiU1NMWE5Qc3RWZSs5NzIxbEJBZU9aUT09IiwibWFjIjoiNzAzYjJjYjhhMDMwNGY5ODgxYzE2ZGRiOTRmMDgyN2M2ZGI1NGEzMjA3MGM4YWRjYjcyYjRjNDg3NzIyY2NhZCJ9,,F001529,男女共用トイレあり,
45,宮崎県,45201,宮崎市,,住宅型有料老人ホーム ひまわり,,,880-0121,宮崎市大字島之内9706-4,31.9893859,131.4591178,,yes,,,,,,,,,,,,,,,,,,,,,,,,,,,,multipurpose_toilet,みやざきアクセシビリティ情報マップ,https://m-bfree.pref.miyazaki.lg.jp/a_map/public/facilityAround/eyJpdiI6Ik40eUxDaHFsSGhDSlJ2UjlSMzdSQ2c9PSIsInZhbHVlIjoiVHArQ1hVOHVRdE84K3BCRVwvRDhEemc9PSIsIm1hYyI6Ijc2OGIyOTM0ZWEwMGRkNjRkMjc1NGNhNjBkNTgyYTk1MmRjZGI4ZTFiNWU2NTFmNDgxNTE0NDUzOWUwMGUwOGUifQ==,,F000515,男女共用トイレあり,
45,宮崎県,45201,宮崎市,,有料老人ホーム平和台の杜,,,880-0035,宮崎市下北方町塚原5711番1,31.9414297,131.4105917,http://www.haru-miyazaki.com/,yes,,,,,,,,,,,,,,,,,,,,,,,,,,,,multipurpose_toilet,みやざきアクセシビリティ情報マップ,https://m-bfree.pref.miyazaki.lg.jp/a_map/public/facilityAround/eyJpdiI6InNCSkV4d01VdGlvSEZ5Tm5wYnhydkE9PSIsInZhbHVlIjoicmx5eEhXQXUyZ0hwb0lvQ3pmdlNldz09IiwibWFjIjoiOTNhNTJiNmFiMjI1YWJmNTkxNGFmM2QwNWQzY2Q5Y2VhZjc2Nzk5MGY1ZjRjNzQ1YmY2ZWJmNmE0MTZjYTczMyJ9,,F001848,男女共用トイレあり | 調査日=2019-11-12,
45,宮崎県,45201,宮崎市,,有料老人ホームまごの手,,,880-2224,宮崎市高岡町浦之名2934-1,31.9477337,131.2356638,,yes,,,,,,yes,,,,,,,,,,,,,,,,,,,,,,multipurpose_toilet,みやざきアクセシビリティ情報マップ,https://m-bfree.pref.miyazaki.lg.jp/a_map/public/facilityAround/eyJpdiI6ImpLUVFMbFVHRVMzZk9BK2NEMXdvNnc9PSIsInZhbHVlIjoiM0tHMTNRbHpURDJ0Q3YrMmJDdHhDdz09IiwibWFjIjoiYjE2ZTE4YjJjMjE2ZmE0YzFmMWFhZGI0MzhjNjNiZjQ0ZGZmODFlZTI3NGFhZTVkODczNjdkZjI2YzEzNzUzYyJ9,,F001661,男女共用トイレあり | 男女別トイレあり | 調査日=2019-11-26,
45,宮崎県,45201,宮崎市,,有料老人ホームゆたか,,,880-2214,宮崎市高岡町小山田129番地1,31.9334069,131.329488,http://www.yutakasumirekai.jp/introduction/nursinghome1,yes,,,,,,,,,,,,,,,,,,,,,,,,,,,,multipurpose_toilet,みやざきアクセシビリティ情報マップ,https://m-bfree.pref.miyazaki.lg.jp/a_map/public/facilityAround/eyJpdiI6IkZoaUI0ZUt3OU9pTEZrTGZZSXM1ekE9PSIsInZhbHVlIjoibjcya0J1R2JjWkFWeGhRTnhGTHRjUT09IiwibWFjIjoiNjIxYTlmYTNjN2VlZDViMDMxNWYzNmQ2ZDc4ZWJjMDZjOTM1ZTMwNDc1YTUwNjJkYzExMGE3YTE2NDMwMWQyOCJ9,,F001532,男女共用トイレあり,
45,宮崎県,45201,宮崎市,,有料老人ホームゆたか弐番館,,,880-2214,宮崎市高岡町小山田字平原58番1,31.9294692,131.3059496,https://www.yutakasumirekai.jp/,yes,,,,,,,,,,,,,,,,,,,,,,,,,,,,multipurpose_toilet,みやざきアクセシビリティ情報マップ,https://m-bfree.pref.miyazaki.lg.jp/a_map/public/facilityAround/eyJpdiI6IlwvcDlZQUhoUDM4Qm5lMXNOMnkrYVdRPT0iLCJ2YWx1ZSI6InpcL01YdzRtRlNyeUZKZTZYc1wvakMxQT09IiwibWFjIjoiMDRjM2Y5NGUwNzFjNDQ4NGE2OTA4NDAyNGM3NzNjMzAxM2RjODcxMWMwODBmOTI2NGM4ODk0NWRjM2JiMjYwMiJ9,,F000675,男女共用トイレあり | 調査日=2010-01-26,
45,宮崎県,45203,延岡市,,有料老人ホームよしむら苑,,,882-0031,延岡市中川原町2丁目3-2,32.5937234,131.6703273,,yes,,１階,,,,yes,,,,,,,,,,,,,,,,,,,,,,multipurpose_toilet,みやざきアクセシビリティ情報マップ,https://m-bfree.pref.miyazaki.lg.jp/a_map/public/facilityAround/eyJpdiI6IldHYytmV2tXQ3UxRjJrNTJQODhKeWc9PSIsInZhbHVlIjoickVRY2FqWFBVZVJKbWVoaW10TDZIZz09IiwibWFjIjoiM2E1ZGM4MzgyOWU4MThhOGYwM2U1ZjYxZmRhMmRkMjAzOTE4OGFlZmQ4Y2U3MDM0Njg4OTJlZjdiYWIxZjFkYSJ9,,F001248,男女共用トイレあり | 緊急通報装置あり | 調査日=2006-03-27,
45,宮崎県,45443,五ヶ瀬町,,雪のごかせ観光トイレ,,,882-1201,五ヶ瀬町大字鞍岡4769-1,32.6165582,131.1501982,,yes,,屋外,,,,,,,,,,,,,,,,,,,,,,,,,,multipurpose_toilet,みやざきアクセシビリティ情報マップ,https://m-bfree.pref.miyazaki.lg.jp/a_map/public/facilityAround/eyJpdiI6Im1FS1ZkTWQwUSt3UG83VXhQTXRhbVE9PSIsInZhbHVlIjoiSXBJakFkYlA2dDl3ZXZLanZVa3Qxdz09IiwibWFjIjoiMjc3NDMzZDg4NGY5MmYxYThkZWUwMTlhYTQ5M2QyZDRjMTYyYTdlNDMzYjAyYTJmZjliMDNhOWVjNDllNjMyNyJ9,,F002067,男女共用トイレあり | 緊急通報装置あり | 調査日=2002-09-18,
45,宮崎県,45201,宮崎市,,ゆげ小児科・弓削整形外科,,,880-0806,宮崎市広島1丁目1-18,31.913303,131.4253728,http://www.yugeclinic.jp,yes,,,,,,,,,,,,,,,,,,,,,,,,,,,,multipurpose_toilet,みやざきアクセシビリティ情報マップ,https://m-bfree.pref.miyazaki.lg.jp/a_map/public/facilityAround/eyJpdiI6InFhNTFtOVM5eUV1am16RzdCWm53S3c9PSIsInZhbHVlIjoiczdIUTRZdVwvMTQxUTBoYmsydTlMK3c9PSIsIm1hYyI6IjNkMWRlNGMwMTMxMjExZDM4YzM4ODNiYzhlOTdjOTliYTg0ZmM2Yjc0NDQzZmUxYWFjZTllNjQ2ZGFlNTcxZDMifQ==,,F000729,男女別トイレあり,
45,宮崎県,45201,宮崎市,,ゆち内科胃腸科クリニック,,,880-0913,宮崎市恒久5丁目11番3,31.8911732,131.4356787,,yes,,,,,,,,,,,,,,,,,,,,,,,,,,,,multipurpose_toilet,みやざきアクセシビリティ情報マップ,https://m-bfree.pref.miyazaki.lg.jp/a_map/public/facilityAround/eyJpdiI6ImNBd29vd1wvK3hmQ2I2RUFLMkdIS3dRPT0iLCJ2YWx1ZSI6Ijh6OTdDNXJoOVZTelwvT05kdHpwTEx3PT0iLCJtYWMiOiI5YTY0MzdmYTcxY2RjZjYwMTdkZjA3MDk2NmQ1ZTIxOWJlZGRkY2I2NmUwMTI1MDU3MTZlYWUwNzgwZjJhZmQ4In0=,,F000858,男女共用トイレあり,
45,宮崎県,45402,新富町,,湯之宮座論梅,,,889-1406,新富町大字新田,32.09779751907314,131.45503432362582,https://shintomi-visit.jp/sports-activities/%E6%B9%AF%E4%B9%8B%E5%AE%AE%E5%BA%A7%E8%AB%96%E6%A2%85/,yes,,駐車場南側,,,,,,yes,,yes,yes,,,,,,,,,,,,,,,,,multipurpose_toilet,みやざきアクセシビリティ情報マップ,https://m-bfree.pref.miyazaki.lg.jp/a_map/public/facilityAround/eyJpdiI6Ik83bG5HWkJFR2ZKb0Y3b0c0OXh5Mnc9PSIsInZhbHVlIjoiYjh5ZTJjNmV1SEZ1R0pIOHR6NzB0dz09IiwibWFjIjoiMWJhMTE2MTBmZTAxMDg4N2MyYzk4NjFlZWU4NWM3NjY3NGUxNDEwYWJlNGMyYmFjMTNiYTJmZDdiNzY1Y2U2MSJ9,,F002643,男女共用トイレあり | 緊急通報装置あり | 調査日=2023-01-12,
45,宮崎県,45402,新富町,,夢茶房,,,889-1406,新富町新富町新田1113-14,32.086154,131.463868,http://www.yumesabou.jp/,yes,,1階店舗奥。,,,,yes,,,,,,,,,,,,,,,,,,,,,,multipurpose_toilet,みやざきアクセシビリティ情報マップ,https://m-bfree.pref.miyazaki.lg.jp/a_map/public/facilityAround/eyJpdiI6InRNZm11Zk1ybmxKRmJsTGluMk9kWnc9PSIsInZhbHVlIjoiYUJ0QmxSYllkV3N2WnFvZ2JBTkNoZz09IiwibWFjIjoiNmVhNTdlMWY4Y2NhNmIwMjA3NmZlNjViMGE0MDAyYjY5NzliYzFiOTUyYTlkYjI4N2QxNTJhMWFmNjM2MTA3NCJ9,,F002120,男女共用トイレあり | 調査日=2019-10-04,
45,宮崎県,45201,宮崎市,,創寿会 ゆりの里,,,880-0211,宮崎市佐土原町下田島19658-1,32.0141525,131.4800735,http://care-net.biz/45/yurinosato/,yes,,,,,,yes,,,,,,,,,,,,,,,,,,,,,,multipurpose_toilet,みやざきアクセシビリティ情報マップ,https://m-bfree.pref.miyazaki.lg.jp/a_map/public/facilityAround/eyJpdiI6ImRjTzREdU00dm1HMElzZUFiZDBuWUE9PSIsInZhbHVlIjoid0NcL1dDT29iM1NkYTJLZDFtOFRONXc9PSIsIm1hYyI6ImJhZDk2Mzc1YTgzYjk3MzQ2N2RiM2VmNmZhMWVhNjhhYjQyZjYzYjVkZDM5NDE1OWUyYTIyZTcxMGQwMGZjODYifQ==,,F001515,男女共用トイレあり | 調査日=2019-11-25,
45,宮崎県,45201,宮崎市,,養護盲老人ホーム生目幸明荘,,,880-2101,宮崎市大字跡江2366番地,31.945656,131.3887767,http://www.ryoundo.or.jp,yes,,,,,,yes,,,,,,,,,,,,,,,,,,,,,,multipurpose_toilet,みやざきアクセシビリティ情報マップ,https://m-bfree.pref.miyazaki.lg.jp/a_map/public/facilityAround/eyJpdiI6IlBwcHZaQzZXOEsra0tySEZHSnBpbnc9PSIsInZhbHVlIjoiTWlIZ0ZZV2RKNEowWG1KVHExR2RnZz09IiwibWFjIjoiYzAxZTU0MTMzMmM5Y2E2NzdkOTVhOThmYzI0NDg0MzE0NzljYTYxM2U5YWUwZmRjNTJmYWI1OGM1OTMwNTM3ZSJ9,,F001134,男女共用トイレあり | 緊急通報装置あり | 調査日=2020-03-11,
45,宮崎県,45207,串間市,,養護老人ホーム 幸寿園,,,888-0004,串間市大字串間1094,31.4963449,131.2505858,http://www.y-mori.com,yes,,,,,,yes,,,,,,,,,,,,,,,,,,,,,,multipurpose_toilet,みやざきアクセシビリティ情報マップ,https://m-bfree.pref.miyazaki.lg.jp/a_map/public/facilityAround/eyJpdiI6IjdIeEY0SFM5dnFZQWhrZmp0MllhNVE9PSIsInZhbHVlIjoiMjREZ3BOQUpack1KY3p3S1kwek1jUT09IiwibWFjIjoiZmY5YzVjZjZjMWY0NWI1ODNkN2MzZWQ3NDllODFjYmM0NzllYWI3NDFkODc5N2VmODE0OWQ2ODFhN2QzYTdjNCJ9,,F001472,男女共用トイレあり | 調査日=2013-09-05,
45,宮崎県,45201,宮崎市,,養護老人ホーム 望洋園,,,880-0212,宮崎市佐土原町下那珂43番地1,32.00377,131.482908,http://www.yuukarifukushikai.jp/bouyouen,yes,,,,,,yes,,yes,,,,,,,,,,,,,,,,,,,,multipurpose_toilet,みやざきアクセシビリティ情報マップ,https://m-bfree.pref.miyazaki.lg.jp/a_map/public/facilityAround/eyJpdiI6Im1RSlJXNThCTVRjXC9KVHFMV09qQ3lnPT0iLCJ2YWx1ZSI6IkNYKzJhcVI3MkhcL3lwTUgwblF4Q1BnPT0iLCJtYWMiOiI4NjQ3MWM2MjU5YjU3MjU3ZjU1YjlkMTExNTBmNTNhMGRiZWY5YzcxZDc0MzBiYThlZDIzMTNlMWI0NDYyODRlIn0=,,F001825,男女共用トイレあり | 緊急通報装置あり | 調査日=2020-03-11,
45,宮崎県,45382,国富町,,養護老人ホームあけぼの園,,,880-1113,国富町大字木脇1462番地,31.9924666,131.3595066,http://kunitomifukushikai.jp/,yes,,,,,,,,,,,,,,,,,,,,,,,,,,,,multipurpose_toilet,みやざきアクセシビリティ情報マップ,https://m-bfree.pref.miyazaki.lg.jp/a_map/public/facilityAround/eyJpdiI6IlQ2SFlFZ1FtN01HeDJKTGUzQlp0VXc9PSIsInZhbHVlIjoiSmNxM1Nja2FZdzMwc1laYzdteG1FUT09IiwibWFjIjoiYzg2YmU0YzY2YmVlOWJkNTY2NWVhMjRhYjJkNGFhOTUzMmNiYTQ2Njk2ZTAxM2EzM2NkYTE0ZDZmZThkYjRkOSJ9,,F000582,男女共用トイレあり | 調査日=2019-09-01,
45,宮崎県,45421,門川町,,養護老人ホーム照葉,,,889-0602,門川町大字庵川字桜井2596番地2,32.4871494,131.6959203,himawarikai.or.jp,yes,,,,,,yes,,,,,,,,,,,,,,,,,,,,,,multipurpose_toilet,みやざきアクセシビリティ情報マップ,https://m-bfree.pref.miyazaki.lg.jp/a_map/public/facilityAround/eyJpdiI6ImV1SVROWmpPa0N5dk44dlwvZVJWN1NnPT0iLCJ2YWx1ZSI6IjFxSVdZbmZQVXJ4XC85QUlnODRBaTZnPT0iLCJtYWMiOiI0MDA2MGZiZGNmMzE5YzJmY2Y0YjA4YThjZWRhN2IxOTEyNjQxZWI1Y2ExYjdiNWE2YmYzZWRlMzEwOWI3NGM0In0=,,F000478,男女共用トイレあり | 男女別トイレあり | 調査日=2019-11-11,
45,宮崎県,45209,えびの市,,養護老人ホーム真幸園,,,889-4164,えびの市大字昌明寺70番地1,32.0897245,130.7513339,http://www.all-souai.or.jp/akebonoen/index.htm,yes,,,,,,,,,,,,,,,,,,,,,,,,,,,,multipurpose_toilet,みやざきアクセシビリティ情報マップ,https://m-bfree.pref.miyazaki.lg.jp/a_map/public/facilityAround/eyJpdiI6IjhlNFVwSFJyOW0xTEJtZGV0Qyt3bEE9PSIsInZhbHVlIjoiZ1pmbWhQVkhXRU9qMG5reFZXNzA5Zz09IiwibWFjIjoiNzg3MWYxYzU1YTUyN2ZjNzgzNjc2ZGRhOWY5Njk3MDFmNjQ4ZmQ2ODVmMWQxMmQ2OTQ3MjIyYzE4MTQyNjA0ZiJ9,,F001281,男女共用トイレあり | 調査日=2019-09-01,
45,宮崎県,45202,都城市,,養護老人ホーム 清風園,,,885-0092,都城市南横市町4000番地,31.7452422,131.035228,http://mjfj.net/jouyou/seifuuen/,yes,,,,,,,,,,,,,,,,,,,,,,,,,,,,multipurpose_toilet,みやざきアクセシビリティ情報マップ,https://m-bfree.pref.miyazaki.lg.jp/a_map/public/facilityAround/eyJpdiI6Ind4anlLcjZlU0MzT01BanBEWno4SHc9PSIsInZhbHVlIjoiNkJQbnJrd3g1aWRpUGtiWnpWSXBiQT09IiwibWFjIjoiYzA3YmMzNTExYTdhOWJiYzUwY2UxYzBhNWQ1OTcyMjJkN2ViYTQxODU1MTlmYmE2MzllMTZhODhjM2RiODVlYyJ9,,F000290,男女共用トイレあり | 調査日=2013-09-11,
45,宮崎県,45204,日南市,,養護老人ホーム清風園,,,889-2402,日南市北郷町大字郷之原乙3655-5,31.6762698,131.3680235,http://www.seihuuen.jp/,yes,,,,,,,,,,,,,,,,,,,,,,,,,,,,multipurpose_toilet,みやざきアクセシビリティ情報マップ,https://m-bfree.pref.miyazaki.lg.jp/a_map/public/facilityAround/eyJpdiI6IlMwZnZBS3JZZzB4RDNpclhXWUV3NWc9PSIsInZhbHVlIjoiXC9RMjd6M0ljcDhQanhiWVlIVGkzK2c9PSIsIm1hYyI6IjFjZjY0YmE4ODE0OGJkYTM4MGM0NTY2OGQ5ZjNiZWM1MjBlNjRkNzU2MDc0ZjM3ZGU2NDVlYTQ3N2NhOGY1ZjUifQ==,,F001283,男女共用トイレあり | 調査日=2019-11-19,
45,宮崎県,45208,西都市,,養護老人ホーム静和園,,,881-0004,西都市大字清水792-1,32.1005074,131.3814211,http://nissho-fukushi.jp/fukushi/publics/index/60/,yes,,,,,,yes,,,,,,,,,,,,,,,,,,,,,,multipurpose_toilet,みやざきアクセシビリティ情報マップ,https://m-bfree.pref.miyazaki.lg.jp/a_map/public/facilityAround/eyJpdiI6Ilh5TVI4ZEM5ZjZFWklQR0VYNWxCMWc9PSIsInZhbHVlIjoiN0JmOGIrMUdsem4zRGJjVUt5SFIzQT09IiwibWFjIjoiZDAzYzIzMTAwZWNjYzI4NjU0Y2QzM2IzYzY0MzJjYzY4MjVkYWRhNmMzMTgzODc5MTgxNDRjMDYzYTIxYTk1YiJ9,,F001322,男女共用トイレあり | 緊急通報装置あり | 調査日=2019-11-19,
45,宮崎県,45201,宮崎市,,養護老人ホーム長寿園,,,880-2104,宮崎市大字浮田1664番地3,31.9184497,131.3645521,http://www.sin-ai-kai.jp/,yes,,,,,,,,,,,,,,,,,,,,,,,,,,,,multipurpose_toilet,みやざきアクセシビリティ情報マップ,https://m-bfree.pref.miyazaki.lg.jp/a_map/public/facilityAround/eyJpdiI6IjVEMGp0a2hcL3g5S3pHM3MxQ2UrbXpRPT0iLCJ2YWx1ZSI6Ilh5WkhwVDlLMzRWYkpXejY4VVhVQXc9PSIsIm1hYyI6ImRhODU0ZTJlMDgxZjU5ODkyODcyZGEwODI2NmNmMWJiNjI1NzBjMjRhZjkyZDQ0OGY3YmQwNGJkODVjMTJhMDcifQ==,,F001539,男女共用トイレあり | 調査日=2020-03-14,
45,宮崎県,45202,都城市,,養護老人ホーム望峰園,,,885-0044,都城市安久町5209番地1,31.6888326,131.0726773,,yes,,,,,,yes,,,,,,,,,,,,,,,,,,,,,,multipurpose_toilet,みやざきアクセシビリティ情報マップ,https://m-bfree.pref.miyazaki.lg.jp/a_map/public/facilityAround/eyJpdiI6IitLK093UWl4czJ6OWdXbDdrUWhtQ2c9PSIsInZhbHVlIjoic1o1N1ZqQjdkMVg5eXozVTNVdjZKdz09IiwibWFjIjoiNGNjN2UwNGNlN2YxYjQwZjJmYTNhMmQzOTBiNTU2MWNkNzgyMGNiM2Q5ZjhhNzRlODg4ZDBlMTcyZGVhNzI4MSJ9,,F000826,男女共用トイレあり | 緊急通報装置あり | 調査日=2019-11-11,
45,宮崎県,45207,串間市,,養護老人ホームめぐみの郷,,,888-0005,串間市大字北方1599,31.4811469,131.2531432,,yes,,,,,,yes,,,,,,,,,,,,,,,,,,,,,,multipurpose_toilet,みやざきアクセシビリティ情報マップ,https://m-bfree.pref.miyazaki.lg.jp/a_map/public/facilityAround/eyJpdiI6IjFSZlB5SXJaQ3BmMUZEblpGQ1FHcHc9PSIsInZhbHVlIjoicndyOHI4cWdsQVBtQ3hCS09WcHJrUT09IiwibWFjIjoiM2JlNzkwMmFjNDg2MWRjMjllMThiNzVkMzE5MWRkNTE5ZWQ3MjJhYWUyYzE4OGYyYmU4OWVhNWEyN2JmZDNmOSJ9,,F001662,男女共用トイレあり | 調査日=2013-09-10,
45,宮崎県,45203,延岡市,,養護老人ホーム若葉荘,,,882-0875,延岡市土々呂町6丁目3028－9番地,32.5032044,131.6730973,,yes,,,,,,,,yes,,,,,,,,,,,,,,,,,,,,multipurpose_toilet,みやざきアクセシビリティ情報マップ,https://m-bfree.pref.miyazaki.lg.jp/a_map/public/facilityAround/eyJpdiI6Imd3NVh4Y2JtSGh6N3d6VVdPU2pBbGc9PSIsInZhbHVlIjoiVjlyN3RHZE1JSjVqUjA4KzBHTzZCQT09IiwibWFjIjoiYzVmNzk2MDA1MTA1ZWI5MmY5MWQxNTk1ZWM5YTdjNTdiMjJhNWNjYTlhNzNmM2M0OWQ4NzAxZmQ0Zjc5ODRmNiJ9,,F001701,男女共用トイレあり | 調査日=2019-09-01,
45,宮崎県,45201,宮崎市,,洋服の青山 フェニックスガーデン浮之城店,,,880-0844,宮崎市柳丸町166,31.9265561,131.437076,,yes,,,,,,,,,,,,,,,,,,,,,,,,,,,,multipurpose_toilet,みやざきアクセシビリティ情報マップ,https://m-bfree.pref.miyazaki.lg.jp/a_map/public/facilityAround/eyJpdiI6ImRYdTBSb2xnS0dIXC9nMTQ3cVlNOHJRPT0iLCJ2YWx1ZSI6IkpNTGZ4QjNuNVdiY1g4dzlGbDNLM3c9PSIsIm1hYyI6IjcyZmQ1NTE4YzQwZTM1YzZkOTQyMmQ4NmI1NzBjYTcwNTJjNDIwNTlmOGZhNzE4NGQ3ZmM2ZjJkYWE1MjAzNDkifQ==,,F001049,男女共用トイレあり,
45,宮崎県,45203,延岡市,,幼保連携型認定こども園 第二ゆりかごWEC学院,,,889-0505,延岡市北一ヶ岡3丁目11-12,32.525742,131.680375,http://yurikago-fukushikai.jp/,yes,,園舎1・2Ｆ,,,,yes,,,,,yes,,,,,,,,,,,,,,,,,multipurpose_toilet,みやざきアクセシビリティ情報マップ,https://m-bfree.pref.miyazaki.lg.jp/a_map/public/facilityAround/eyJpdiI6ImtLdlRUQ1FxamNVWVFxOWhMY1FTRWc9PSIsInZhbHVlIjoieGFieXYxRGJYWDdvVFpoWVRwMmx5dz09IiwibWFjIjoiZDY4OTRkMzI1MjAxY2FmOTg2ZDk1MjM5ZWNiMjhiNmZjYmJmZjZkMTNlMzZmMGUxN2JlODBiZjEzMTYxYTgxMiJ9,,F000689,男女共用トイレあり | 調査日=2019-11-25,
45,宮崎県,45201,宮崎市,,幼保連携型認定こども園 大塚,,,880-0951,宮崎市大塚町時宗1734,31.9224181,131.4011042,https://kodomoen-otsuka.jp/,yes,,,,,,,,,,,,,,,,,,,,,,,,,,,,multipurpose_toilet,みやざきアクセシビリティ情報マップ,https://m-bfree.pref.miyazaki.lg.jp/a_map/public/facilityAround/eyJpdiI6IlVJVzZcLzArS21qcWpcL3NDV0RhYXdRdz09IiwidmFsdWUiOiJmZVZjd3Q5UHNmVGE1SlVEMXg3blNnPT0iLCJtYWMiOiIwM2Y4NjdjZTFhYzQzY2MzM2NhNzFlNmFjOGFjZDg3MTVhZjE2OTk2NDdlZjA0OWMxMWRlNmY1MWYzMzVlMjFmIn0=,,F001226,男女共用トイレあり,
45,宮崎県,45201,宮崎市,,幼保連携型認定こども園 くどみ児友園,,,880-0924,宮崎市大字郡司分2202－2,31.8549328,131.4332648,http://kudomi.com/index.html,yes,,,,,,,,,,,,,,,,,,,,,,,,,,,,multipurpose_toilet,みやざきアクセシビリティ情報マップ,https://m-bfree.pref.miyazaki.lg.jp/a_map/public/facilityAround/eyJpdiI6Ikt0WVlcL3g4Q0hvQlJ2VU9ORWVOcjR3PT0iLCJ2YWx1ZSI6IkptcFF6UTU5aUZzR3Fjd3ZkRkNWNFE9PSIsIm1hYyI6ImExZTBjYjRiM2RmMmE2MmEzNTQ3MzEwYjU1YmY5MGRmMGYwZTU0MjhhNGYyNDVjYmNiYWM2ZTE3YzhiODY0MzEifQ==,,F000690,男女共用トイレあり | 調査日=2019-11-09,
45,宮崎県,45201,宮崎市,,幼保連携型認定こども園 七つの星幼稚舎,,,880-0211,宮崎市佐土原町下田島9175－1,32.0311747,131.4695495,https://kosodate-web.com/nanatunohoshi/,yes,,,,,,,,,,,,,,,,,,,,,,,,,,,,multipurpose_toilet,みやざきアクセシビリティ情報マップ,https://m-bfree.pref.miyazaki.lg.jp/a_map/public/facilityAround/eyJpdiI6IlNUVnJMWmRvV09GQVBFUmhXeHJJM0E9PSIsInZhbHVlIjoiNUFrbXZ5RGRqN0MyXC95VnJwcmNydXc9PSIsIm1hYyI6Ijg2NzhkZjc5MjQzMjE5MzAyM2FjZTQyNGZmMGI2ZDhiMWZiOGVlNTQ4ZDE0N2M2Mjg2YWE3MjJjMTMwMjg1YTAifQ==,,F000184,男女共用トイレあり,
45,宮崎県,45203,延岡市,,幼保連携型認定こども園ゆりかごWEC学院,,,882-0803,延岡市大貫町4丁目2660-2,32.5721813,131.6453574,http://yurikago-fukushikai.jp/,yes,,,,,,,,,,yes,,,,,,,,,,,,,,,,,,multipurpose_toilet,みやざきアクセシビリティ情報マップ,https://m-bfree.pref.miyazaki.lg.jp/a_map/public/facilityAround/eyJpdiI6Ill4eWxOclp1VlN0SVFVQU55Wk96M0E9PSIsInZhbHVlIjoiRHY0Z1hGb0RqeXViWGVvUTM0K0JzZz09IiwibWFjIjoiNDI4ZDBkMDJjYjdjMjRmNGI5OGEwODg2NWFkYTM2M2Q5OWFlZjg4MmE3ZDQ0ZmMxNjNhZDExMTlkODU3ZjY5NyJ9,,F000710,男女共用トイレあり | 調査日=2019-11-18,
45,宮崎県,45201,宮崎市,,よこうち皮ふ科・形成外科,,,880-0824,宮崎市大島町原ノ前1445-69,31.935375,131.429585,http://www.yokouchiclinic.jp/,yes,,,,,,,,,,,,,,,,,,,,,,,,,,,,multipurpose_toilet,みやざきアクセシビリティ情報マップ,https://m-bfree.pref.miyazaki.lg.jp/a_map/public/facilityAround/eyJpdiI6Ilc3N2FuQTZvSHFjZm1JNkY5RGRxUUE9PSIsInZhbHVlIjoiRHpZMXUzVDc3QjFXekpwZ1U3cVlhQT09IiwibWFjIjoiMmM4YTdmNDM4MGFmMjQ5MjcwMzZhZTAxYzFlYTgwYmUxYjJiYmVlNzE4YWJkZjFiZTM2ZTExZjEyY2IyNWQwOCJ9,,F001543,男女共用トイレあり | 調査日=2019-11-12,
45,宮崎県,45201,宮崎市,,横田内科,,,880-0036,宮崎市花ヶ島町小無田642番1,31.9607252,131.4343679,,yes,,１階,,,,yes,,,,,,,,,,,,,,,,,,,,,,multipurpose_toilet,みやざきアクセシビリティ情報マップ,https://m-bfree.pref.miyazaki.lg.jp/a_map/public/facilityAround/eyJpdiI6IkRTU1hYdUVBaVwvamo5a3QrMW0zMTJnPT0iLCJ2YWx1ZSI6IklcL2ZXZlFRMGJuWkFkZ3VtYThUR2N3PT0iLCJtYWMiOiI3NmYyYTYwOTExMWI0YzE0NDYxMjhkMTYxY2I2MTZmNDZiZTYxNzc1YmZiNDg2MDUzNzllN2Y4OWZhM2U5ODhlIn0=,,F000942,男女別トイレあり | 緊急通報装置あり | 調査日=2019-11-09,
45,宮崎県,45203,延岡市,,吉田病院,,,889-0511,延岡市松原町4丁目8850番地,32.5205553,131.6823893,http://yoshidahospital.or.jp/,yes,,１階,,,,,,,,,,,,,,,,,,,,,,,,,,multipurpose_toilet,みやざきアクセシビリティ情報マップ,https://m-bfree.pref.miyazaki.lg.jp/a_map/public/facilityAround/eyJpdiI6IjBiRmVUbVkrN2N2U0h0RjhBZnBKcGc9PSIsInZhbHVlIjoiT05uQlk2KzJXclptd1ZXeFY4ekRudz09IiwibWFjIjoiZDM2NTU0MjM2M2QwZDM1YWY2ZTMzNDc0NTllNWEzMzhmOTI0Nzk1NWY2ZDY2MjUxNTc3MDg3YWNkODE2MmEyYiJ9,,F001417,男女共用トイレあり | 緊急通報装置あり | 調査日=2013-09-10,
45,宮崎県,45202,都城市,,吉松病院,,,885-0051,都城市蔵原町5-29,31.7220231,131.0645633,http://www.yoshimatsu.or.jp/index.html,yes,,１階,,,,,,,,,,,,,,,,,,,,,,,,,,multipurpose_toilet,みやざきアクセシビリティ情報マップ,https://m-bfree.pref.miyazaki.lg.jp/a_map/public/facilityAround/eyJpdiI6ImR3dkVJMm00OG9icmRPQzVlWk5mTVE9PSIsInZhbHVlIjoiM0VRTm5tcGQ5a0R6YkZyTUlwTVVBdz09IiwibWFjIjoiMTMzMjdhNGI5ODkyNWYxNmE4MmVkOWFhZGUyNzFkYTEwMjI4NDZiODU5OTE0NTU0NzViOGNlNTU3NGFkMjE0ZiJ9,,F000668,男女共用トイレあり | 緊急通報装置あり | 調査日=2013-09-11,
45,宮崎県,45201,宮崎市,,よってんプラザ,,,880-0805,宮崎市橘通東3丁目4-34,31.915273,131.423542,http://domannaka.jp/yottenplaza,yes,,施設奥,,,,yes,,,,yes,,,,,,,,,,,,,,,,,,multipurpose_toilet,みやざきアクセシビリティ情報マップ,https://m-bfree.pref.miyazaki.lg.jp/a_map/public/facilityAround/eyJpdiI6IkkzalFhb093MU9UNERRZHg5ekQrQ2c9PSIsInZhbHVlIjoiK3ByeWVKUzcya2FWeTd1TVBHTXlLQT09IiwibWFjIjoiZTFkZTc1OWU2MjkyNDY1NDI4N2E1OTM4YTljMjhmYjg1NTZkYzQzNzczMTI4OWMxMzZmM2Y4NmY0Njc5ODcyMiJ9,,F002343,男女共用トイレあり | 調査日=2019-10-15,
45,宮崎県,45201,宮崎市,,よつば加納クリニック,,,889-1605,宮崎市清武町加納字西迫乙341番1,31.879550009292313,131.40459351653115,,yes,,,,,,yes,,,,,,,,,,,,,,,,,,,,,,multipurpose_toilet,みやざきアクセシビリティ情報マップ,https://m-bfree.pref.miyazaki.lg.jp/a_map/public/facilityAround/eyJpdiI6Ik5vVjgxYk5xNFk4THlHWHc2eWlxbGc9PSIsInZhbHVlIjoiSWJVK1gzcjB5elZ2NDNpXC83NTdQYmc9PSIsIm1hYyI6ImMzMTczZmI5ODY3NjQ2MjU5ODVmMzMzNTA5ODY3MDIzZWQ2ZjMxMDVlNmIxODFjNmNhYjEyM2Q5ZmU4N2YxYjgifQ==,,F002662,男女共用トイレあり | 調査日=2023-02-24,
45,宮崎県,45201,宮崎市,,よつば薬局,,,889-1608,宮崎市清武町池田台北34番42,31.8799937,131.3935455,http://kamibeppu.com/shop/yotsuba/,yes,,,,,,,,,,,,,,,,,,,,,,,,,,,,multipurpose_toilet,みやざきアクセシビリティ情報マップ,https://m-bfree.pref.miyazaki.lg.jp/a_map/public/facilityAround/eyJpdiI6Ik1wa3ZyRzlsMjZkUUpLQmRFR2FyR0E9PSIsInZhbHVlIjoiSkhOdE1qQ0UxVFZOSHJuMlRZcGFCZz09IiwibWFjIjoiMGFjYWZiNjRiYzMxNDgxNjg2NWRjMTQ5ZDgxOGNjOGRmMmY1YmQ5ZTEzOGQ0MDE5YjIwMDNkZGZjZTcxMTYzYyJ9,,F001038,男女共用トイレあり,
45,宮崎県,45203,延岡市,,米田脳神経外科,,,882-0857,延岡市惣領町3番19号,32.580007,131.6768649,,yes,,１階,,,,yes,,,,,,,,,,,,,,,,,,,,,,multipurpose_toilet,みやざきアクセシビリティ情報マップ,https://m-bfree.pref.miyazaki.lg.jp/a_map/public/facilityAround/eyJpdiI6IlVSczZTaTdtVWFhczNraEVoWk5PMWc9PSIsInZhbHVlIjoiSEVHUUFGWFVYSldPbjh3UmthUU5iUT09IiwibWFjIjoiNjY0MTI5ZTBlNzlmMTQxNjI4MDVhM2M2N2MyNWU0MjgzMjZiNjZkN2JkYmYzNmMwMmFjMzcwZmE1ZGQ0NjJjYSJ9,,F001406,男女共用トイレあり | 緊急通報装置あり | 調査日=2002-09-21,
45,宮崎県,45201,宮崎市,,四本松営農 研修センター,,,880-0121,宮崎市大字島之内10107－67,31.9861719,131.4632807,https://www.city.miyazaki.miyazaki.jp/shelter/list/item156/,yes,,,,,,,,,,,,,,,,,,,,,,,,,,,,multipurpose_toilet,みやざきアクセシビリティ情報マップ,https://m-bfree.pref.miyazaki.lg.jp/a_map/public/facilityAround/eyJpdiI6IllpVDgyYkYybzBYR2tmN2hOSGptZEE9PSIsInZhbHVlIjoieVBZUVRKV0xhcmVaMDhDckw4R1NQUT09IiwibWFjIjoiOWRiMjFiZmQxODA1NjQxMGEwMzc2MWQ2OGNjYTUzYzNmZTgyNWM3MWRiZDliZDQzZWJhYTUwZWNhNWVjODk3YiJ9,,F000340,男女共用トイレあり,
45,宮崎県,45201,宮崎市,,ラーメンマン,,,880-0837,宮崎市村角町坪平1221－1,31.9513257,131.4428415,http://www.rarmenman.com/,yes,,,,,,,,,,,,,,,,,,,,,,,,,,,,multipurpose_toilet,みやざきアクセシビリティ情報マップ,https://m-bfree.pref.miyazaki.lg.jp/a_map/public/facilityAround/eyJpdiI6InFkZ01zTmZXUUQ1UERzZXRLRVJSR0E9PSIsInZhbHVlIjoiSGpkNTlNeDc5Y0IwcW1YN3JWU29uUT09IiwibWFjIjoiYzI0ZDI1Njk0NGVlN2I3MjFlNGEzNTc5MjkyMzgwNWMwMzFiNTRmN2ZkMmZhMGVlYjFjNjViMGNhZmY4MDFmOSJ9,,F001198,男女共用トイレあり | 調査日=2013-09-02,
45,宮崎県,45201,宮崎市,,（有）ライト薬局,,,880-2112,宮崎市大字小松1090-1,31.9363485,131.4029296,,yes,,,,,,,,,,,,,,,,,,,,,,,,,,,,multipurpose_toilet,みやざきアクセシビリティ情報マップ,https://m-bfree.pref.miyazaki.lg.jp/a_map/public/facilityAround/eyJpdiI6IjFaMmNVNklwYWJPQ0Y0RGFQUFRDbGc9PSIsInZhbHVlIjoicCtKNHRXUCtuVm1BNXhoam9EXC9Zd1E9PSIsIm1hYyI6Ijg1YmQ3YjgzMGM2MzUzYzIyMWE2MDhiOGI1ZTYwYTgxYmNlNmFiYzFjZTIyNDgzMTEzNmNkMjcxMTFiZTVjMWYifQ==,,F000418,男女共用トイレあり | 調査日=2009-11-19,
45,宮崎県,45201,宮崎市,,ライフピア瑞光苑,,,880-0921,宮崎市大字本郷南方4046-2,31.8621825,131.4327652,http://lifepia.web.fc2.com/10aisatsu.html,yes,,,,,,,,,,,,,,,,,,,,,,,,,,,,multipurpose_toilet,みやざきアクセシビリティ情報マップ,https://m-bfree.pref.miyazaki.lg.jp/a_map/public/facilityAround/eyJpdiI6InZ1bmIyQTFTKzhiZDJIQ0o2cTQ4bHc9PSIsInZhbHVlIjoiSlhZVlpqbnpYekZjczIzXC9IRTVST3c9PSIsIm1hYyI6IjFiYTFjYWM4MzIyMGUxYzE2NzJlMzVkOGQ1ZGM3YzZiOWYxZmMxYzA3MjFjOTBmMzZhMmNmM2E5MWFhMGM2YmIifQ==,,F000006,男女共用トイレあり,
45,宮崎県,45201,宮崎市,,ラウンドワンスタジアム宮崎店,,,880-0904,宮崎市中村東3丁目4-60,31.895339,131.4176644,https://www.round1.co.jp/shop/tenpo/miyazaki-miyazaki.html,yes,,,,,,,,,,,,,,,,,,,,,,,,,,,,multipurpose_toilet,みやざきアクセシビリティ情報マップ,https://m-bfree.pref.miyazaki.lg.jp/a_map/public/facilityAround/eyJpdiI6Im55ZjB3Z2tvWjA5bXRWd0dRbjJFaEE9PSIsInZhbHVlIjoieGxaUndaaG45RnFlMzgyOTBpNThIQT09IiwibWFjIjoiNzE0M2NmOGYyOTc0YmZkMjg5YzU0NTcyZDg1NTQzZDkwZTExYWNlYTliNWJhMmI3YTEzNTZlNGJlM2UxZWQ2NCJ9,,F001064,男女共用トイレあり,
45,宮崎県,45201,宮崎市,,LOVE CONTREBUTE,,,880-0001,宮崎市橘通西2丁目1-18,31.9103601,131.4218222,http://combi5560.com/beauty,yes,,,,,,,,,,,,,,,,,,,,,,,,,,,,multipurpose_toilet,みやざきアクセシビリティ情報マップ,https://m-bfree.pref.miyazaki.lg.jp/a_map/public/facilityAround/eyJpdiI6IkhYNVBcL1dzTHVYcXNFaE9VRlVlU1JRPT0iLCJ2YWx1ZSI6IjdUakxYN21aZlNKNzJ6TElCcTF0MHc9PSIsIm1hYyI6Ijk3Y2MyOTBlMTcyMTlkZDA2NjFjYzU3MmQzZjI5NWNhMTYzOTI1YjNiYWQyYTUwODc0ZDQ3OWQ5MTlmYzRmNzMifQ==,,F001684,男女共用トイレあり,
45,宮崎県,45206,日向市,,ラフィネデイサービスセンター,,,883-0014,日向市原町3丁目1-24,32.4236465,131.6316427,,yes,,１階,,,,yes,,,,,,,,,,,,,,,,,,,,,,multipurpose_toilet,みやざきアクセシビリティ情報マップ,https://m-bfree.pref.miyazaki.lg.jp/a_map/public/facilityAround/eyJpdiI6ImNBc0RwWUxPZWRueGZHdk9WaE02NUE9PSIsInZhbHVlIjoiMm1oUWlPUnBNOWdHM3poNzhEaCtPUT09IiwibWFjIjoiMTY3MmFiZjBhNDVjZDExZDVmMTgxMDJmMmQxYmQyOWM1MDcyYjZkNTgzMjNlYTQ5NWRmMGY0NzY1ZGNmYTUxMCJ9,,F001672,男女共用トイレあり | 調査日=2019-11-20,
45,宮崎県,45201,宮崎市,,株式会社リトルマートコーポレーション,,,880-0023,宮崎市和知川原2丁目93番4,31.924666,131.411416,http://littlemart.co.jp/,yes,,,,,,,,,,,,,,,,,,,,,,,,,,,,multipurpose_toilet,みやざきアクセシビリティ情報マップ,https://m-bfree.pref.miyazaki.lg.jp/a_map/public/facilityAround/eyJpdiI6Ik9aTkxPWXV3bE5MNXYySjdcL28zUGdRPT0iLCJ2YWx1ZSI6Imw4aHNZaWRlUElIXC9XV1hydlB2emZRPT0iLCJtYWMiOiJiNjY3ZDI0YWU1NDM3MmQ0ZDhmZTUxNGQ3MTgxMjQ3ZjY5NDUxYmUwYTc1N2Q4NzQ0NzdhMWUwMzFlYTZkYjQ0In0=,,F000766,男女共用トイレあり,
45,宮崎県,45201,宮崎市,,リハ・ケアステーション あかえ,,,880-0921,宮崎市大字本郷南方上無田3498-1,31.8605136,131.4387484,,yes,,,,,,,,,,,,,,,,,,,,,,,,,,,,multipurpose_toilet,みやざきアクセシビリティ情報マップ,https://m-bfree.pref.miyazaki.lg.jp/a_map/public/facilityAround/eyJpdiI6ImEwU1wvYTFVRUlialcyZmphYzhTQk1RPT0iLCJ2YWx1ZSI6Ilwva1hxOGRwbmx1K1AySE9QNWRtUU5nPT0iLCJtYWMiOiJmNDBkYmU1YzEyZmZkZmE0ODFlZWU1NGM0M2MyZWJjNDEwZGE0NGMyY2VhZjZkNGZkMzk0NDIxNjEwNTUxZTExIn0=,,F001735,男女共用トイレあり,
45,宮崎県,45203,延岡市,,リバーパル五ヶ瀬川,,,882-0023,延岡市牧町河口付近埋立地内,32.6009163,131.6946748,http://www.gokasegawa.net/riverpal/,yes,,１階,,,,,,,,,,,,,,,,,,,,,,,,,,multipurpose_toilet,みやざきアクセシビリティ情報マップ,https://m-bfree.pref.miyazaki.lg.jp/a_map/public/facilityAround/eyJpdiI6IkkwUGtCN0V0VGVpd091Q2NpY2hjYVE9PSIsInZhbHVlIjoib1Rxb0JrOHkrWTJtTiszUUF6VmhZZz09IiwibWFjIjoiMGViOGI0ZDVlMDM1NTIwNTg1YmNiNzFlZjUwNDk4ZDMyODRiN2FhZGFkNTgxNGRmY2ZhMjcyNmNmNTI3Y2E1OSJ9,,F001349,男女共用トイレあり | 緊急通報装置あり | 調査日=2019-12-05,
45,宮崎県,45201,宮崎市,,リハ大坪,,,880-0934,宮崎市大坪東3丁目19-1,31.8974912,131.4069792,http://houmei.or.jp/riha_otsubo/,yes,,,,,,,,,,,,,,,,,,,,,,,,,,,,multipurpose_toilet,みやざきアクセシビリティ情報マップ,https://m-bfree.pref.miyazaki.lg.jp/a_map/public/facilityAround/eyJpdiI6IjBlWXlmNHVna1RGcWgzV2tLXC9BcDVnPT0iLCJ2YWx1ZSI6InY3Mmdrc01VM0dsQjJlRElsTzZXK0E9PSIsIm1hYyI6ImViOWFlMjk5NTlmZWU3ZDE5NGFkZTk0OTNiYmY2ZTIyOGZiZmIzZDY0M2ZmM2Q1OWM5MGI4NDI1YWU1MTYzMTUifQ==,,F001721,男女共用トイレあり,
45,宮崎県,45201,宮崎市,,リバティー宮崎,,,880-0123,宮崎市大字芳士字祝田1342,31.963854,131.443982,http://www.libertymiyazaki.com,yes,,,,,,,,,,,,,,,,,,,,,,,,,,,,multipurpose_toilet,みやざきアクセシビリティ情報マップ,https://m-bfree.pref.miyazaki.lg.jp/a_map/public/facilityAround/eyJpdiI6IlF3Y0M0eTYrOXIxSkpTZk9pWm5wYWc9PSIsInZhbHVlIjoiTWVJK21yS0gxWlVQVEs2NkZvR1VcL1E9PSIsIm1hYyI6ImRhMGM1NGJhNmE1ZDMzZGZhYTAxMjJmM2ZmNzcwNWNkZTUxOGM5MjJhNzdhNTMxZTE0NGQ4MjQ3ZmE0MmFjOTIifQ==,,F000645,男女共用トイレあり,
45,宮崎県,45201,宮崎市,,ルートイングランティアあおしま太陽閣,,,889-2163,宮崎市青島西１丁目16−２,31.80339397123414,131.46194187491224,https://www.hotel-grantia.co.jp/aoshima/,yes,,1階,,,,yes,,,,,,,,,,,,,,,,,,,,,,multipurpose_toilet,みやざきアクセシビリティ情報マップ,https://m-bfree.pref.miyazaki.lg.jp/a_map/public/facilityAround/eyJpdiI6IkI2VzBveVBCUDY0eFFIMmk1XC9NaDh3PT0iLCJ2YWx1ZSI6IlhQU3pjY0xBSlpyMGJkeDZHZmUxbEE9PSIsIm1hYyI6IjJkMGU1ZjA4MzAzODc1OWRmMDM1N2ZlYzNkZDFhMTZjZTFlN2JkZjc3ZWE5ZmI0ODY5YTRjODJlOGZiOWFmMjcifQ==,,F002893,男女共用トイレあり | 調査日=2026-06-12,
45,宮崎県,45201,宮崎市,,レガロホテル宮崎,,,880-0805,宮崎市橘通東2-9-18,31.911939,131.424102,http://www.regalo-h.com/miyazaki.html,yes,,1階ロビー奥,,,,,,,,,,,,,,,,,,,,,,,,,,multipurpose_toilet,みやざきアクセシビリティ情報マップ,https://m-bfree.pref.miyazaki.lg.jp/a_map/public/facilityAround/eyJpdiI6IlBrU29hWkorTUFVenl5MUhMU1BLb0E9PSIsInZhbHVlIjoiUUlUQ1JhbmVvY0l2U1F4ZVdFcjVtUT09IiwibWFjIjoiZjUwYzMwYWRiOGYwZjI4YzE5NTJkNWQxNzk0M2Y4NTkxZmU2NzExNTVkNDg0MzE4ZDMwZTA1YzA1MjFmMmQ2NCJ9,,F002573,男女共用トイレあり | 調査日=2022-06-29,
45,宮崎県,45203,延岡市,,レストラン はゆま,,,889-0102,延岡市北川町長井5751-1,32.666144,131.704478,,yes,,店内への出入口左手奥,,,,yes,,,,,,,,,,,,,,,,,,,,,,multipurpose_toilet,みやざきアクセシビリティ情報マップ,https://m-bfree.pref.miyazaki.lg.jp/a_map/public/facilityAround/eyJpdiI6IlNaT2JLUnRibUk0NFJ0VDFsc2t4RHc9PSIsInZhbHVlIjoiMUY1c3h5bGMzMDNqdlNrNmtCZFwvYkE9PSIsIm1hYyI6ImNmMTQ3NDBlZTdhMWQyZjIxZWEzODdlMWI2ODFiZmQ0Njk4NmY3NWQ3NDA1ZWJlM2U5YjZjODJjYThlZDBlNTYifQ==,,F002454,男女別トイレあり | 緊急通報装置あり | 調査日=2020-02-18,・扉が重いので、介助が必要な場合も
45,宮崎県,45441,高千穂町,,レストラン春夏秋冬（ひととき）,,,882-1101,高千穂町三田井1352-1,32.71392,131.304109,http://hitotoki.info/,yes,,1階ホテルロビー,,,,yes,,yes,,yes,yes,,,,,,,,,,,,,,,,,multipurpose_toilet,みやざきアクセシビリティ情報マップ,https://m-bfree.pref.miyazaki.lg.jp/a_map/public/facilityAround/eyJpdiI6InBMcDhoTng4clIrOEZEbWxMblV3Znc9PSIsInZhbHVlIjoieGo0c3JWa200UFNQVWFUZDRvRDVNZz09IiwibWFjIjoiZWI1MmVlMmQyYjVjOTk2YTIyZmVjYTViZmNkM2YwMDM4YTc4NzBkZjBiYTk1YWIyMTc3NDc4YzY0ZDE1YjlmZCJ9,,F002413,男女共用トイレあり | 緊急通報装置あり | 調査日=2019-11-30,・トイレもホテルのトイレを利用
45,宮崎県,45201,宮崎市,,ローソン祇園三丁目店,,,880-0024,宮崎市祗園3丁目72番1,31.9351836,131.4123149,,yes,,,,,,,,,,,,,,,,,,,,,,,,,,,,multipurpose_toilet,みやざきアクセシビリティ情報マップ,https://m-bfree.pref.miyazaki.lg.jp/a_map/public/facilityAround/eyJpdiI6IndOQWJESGYzd2g0ZENZN3pESGNjdkE9PSIsInZhbHVlIjoicGFzTmJcL0dCaEtIZEd6SUpYclNkSEE9PSIsIm1hYyI6ImU0OWEwMGFhYmQ4YzE3MDYwYzE5YTMzZGYxYzZmMGMxMzUxMGYxMWNjMGUzNTZmOTIzZTZiMzc4Yjg5NWU4NzIifQ==,,F001868,男女共用トイレあり,
45,宮崎県,45382,国富町,,ローソン国富田尻店,,,880-1104,国富町大字田尻岩摺108－4,31.981761,131.3178837,,yes,,,,,,,,,,,,,,,,,,,,,,,,,,,,multipurpose_toilet,みやざきアクセシビリティ情報マップ,https://m-bfree.pref.miyazaki.lg.jp/a_map/public/facilityAround/eyJpdiI6IlFDc3ppcUpid0pJcWg1OWhkbVpUaHc9PSIsInZhbHVlIjoiV2dmNFlLa09cL3BXTEYzdUZOQUtkZ2c9PSIsIm1hYyI6ImQ2MTEyM2VkYTVlNWM3ODRmZDI3MjgxMzRlNDlkODZjYTg1ZmE1MGY2ZjRjYTYxNDU3NTc5Nzk3ZGVkNWI5OWYifQ==,,F001371,男女共用トイレあり | 調査日=2014-03-03,
45,宮崎県,45201,宮崎市,,ローソン宮崎 城ヶ崎店,,,880-0917,宮崎市城ヶ崎2丁目6-7,31.897566,131.4272836,,yes,,,,,,,,,,,,,,,,,,,,,,,,,,,,multipurpose_toilet,みやざきアクセシビリティ情報マップ,https://m-bfree.pref.miyazaki.lg.jp/a_map/public/facilityAround/eyJpdiI6Imtla0tFc0NCVlwva0l0azR5UjVKSHp3PT0iLCJ2YWx1ZSI6IlBhM2tFcE14Vm54aE4rYjgwU3duVEE9PSIsIm1hYyI6ImQ3YWNkYmEwODczNzE1Zjc2MjViNjNlYzgwN2NiMDhjZmI1MmRmMTUzOTAwODg1ZmRiNjJhOTE1ZTYxMDQ2NWMifQ==,,F001187,男女共用トイレあり,
45,宮崎県,45201,宮崎市,,ローソン宮崎永楽町店,,,880-0872,宮崎市永楽町12-1,31.9076827,131.4325253,,yes,,,,,,,,,,,,,,,,,,,,,,,,,,,,multipurpose_toilet,みやざきアクセシビリティ情報マップ,https://m-bfree.pref.miyazaki.lg.jp/a_map/public/facilityAround/eyJpdiI6IjhIREMwN1dtQ0NwZG1ZNjBcL0NUM01BPT0iLCJ2YWx1ZSI6ImRRNjlMbEl2UjJOczM4bEZ1akpOVGc9PSIsIm1hYyI6ImFhYmEzZDIzZmFlOGRhOTI4ZGZlMTgxMGE4Y2YxZTAxNWRmYjM4N2M2ZmY2OTVmNGI0OGZiMzcyNmZmMTcxMTcifQ==,,F001858,男女共用トイレあり,
45,宮崎県,45201,宮崎市,,ローソン宮崎大塚台西一丁目店,,,880-2105,宮崎市大塚台西1丁目38番地1他,31.92047,131.38682,,yes,,,,,,,,,,,yes,,,,,,,,,,,,,,,,,multipurpose_toilet,みやざきアクセシビリティ情報マップ,https://m-bfree.pref.miyazaki.lg.jp/a_map/public/facilityAround/eyJpdiI6IlwvZFpGTFRUNkpIR2NhYTlsRGRDaXNRPT0iLCJ2YWx1ZSI6IllRNGZFMGhiS1hRbTVRRHVuTCtrcHc9PSIsIm1hYyI6IjNiN2Y0ZGY5ZWViNDNjM2RiYTQzNGU0OGFkODViMTljYTE5YzlhYmZhNGFjYWQwMDZkYTY4MDA3NzIwOGFjNmQifQ==,,F002552,調査日=2022-01-06,
45,宮崎県,45201,宮崎市,,ローソン宮崎芳士店,,,880-0123,宮崎市大字芳士字中原619-1,31.962683,131.438109,,yes,,,,,,,,,,,,,,,,,,,,,,,,,,,,multipurpose_toilet,みやざきアクセシビリティ情報マップ,https://m-bfree.pref.miyazaki.lg.jp/a_map/public/facilityAround/eyJpdiI6Ill4b0lyY0RmbVlDQjAxb0FEYzFsbXc9PSIsInZhbHVlIjoiUGZOenZ4cUN0aWUwdnZrN2twU0Ntdz09IiwibWFjIjoiOTg2NDNmNGEyMzVkMTJmMTAxODk3MDZjYjA5ODIwZDViYjdhOGZhMzY4NDc5YWE5MmY0NGI1ODU2ZWUxZmIzMSJ9,,F001060,男女共用トイレあり,
45,宮崎県,45201,宮崎市,,ローソン宮崎山崎店,,,880-0836,宮崎市山崎町四郎房922-9,31.9520564,131.4600145,,yes,,,,,,,,,,,,,,,,,,,,,,,,,,,,multipurpose_toilet,みやざきアクセシビリティ情報マップ,https://m-bfree.pref.miyazaki.lg.jp/a_map/public/facilityAround/eyJpdiI6IngremNVTHRaYU5MTERwOUl4bFJcLzZ3PT0iLCJ2YWx1ZSI6IlNlYmNYR05FSDBxSjdvMlM1NU0rM0E9PSIsIm1hYyI6ImJjMjQyNTkyOTdkMzBlMTA1OWNiY2EwNjg5N2FjOWEwOTNmOGUwZjIyZTFiODhkMTliMjNjNGU0NTJlYTUxYTIifQ==,,F001267,男女共用トイレあり,
45,宮崎県,45201,宮崎市,,ローソン宮崎吉村町平塚店,,,880-0841,宮崎市吉村町平塚甲1873‐1,31.9207944,131.4393071,,yes,,,,,,,,,,,,,,,,,,,,,,,,,,,,multipurpose_toilet,みやざきアクセシビリティ情報マップ,https://m-bfree.pref.miyazaki.lg.jp/a_map/public/facilityAround/eyJpdiI6ImU2MTlkQ2ZPcTBHb1VsMHhcL3pzOTVBPT0iLCJ2YWx1ZSI6IjRWeHM3VExwU0tsWk4yXC9VXC85YTJVQT09IiwibWFjIjoiNmIwODRjNmZlOWQ0ZDUxODE2YzRjZWNjMTQyYjJmZmRiNDYyMzY4NzliZjFkZjlmNGMwYjhmZTMzMzc1MGEwMCJ9,,F001878,男女共用トイレあり,
45,宮崎県,45203,延岡市,,老人介護複合施設「さくらの杜」,,,882-0005,延岡市夏田町345－1,32.6063385,131.6697978,http://www.yu-ryu.co.jp/sakura/index.html,yes,,,,,,yes,,,,,,,,,,,,,,,,,,,,,,multipurpose_toilet,みやざきアクセシビリティ情報マップ,https://m-bfree.pref.miyazaki.lg.jp/a_map/public/facilityAround/eyJpdiI6IkkrRkUxOVduQmJIQ1lyVldESWtGRXc9PSIsInZhbHVlIjoibnVXRGFPTkJNblYzWTJDNGMrSGo0Zz09IiwibWFjIjoiMWFhMzgwNmRiNjVhMTRiM2Y2YzY4Mjg2MTI1ZDc5YmFlZmNiNTFhNWFkMWViYTZmMjkwODcwNWJkODA2NGMyYSJ9,,F001013,男女共用トイレあり | 調査日=2013-09-06,
45,宮崎県,45205,小林市,,医療法人相愛会 老人保健施設相愛苑,,,886-0006,小林市大字北西方66-3,32.0082961,130.9634994,http://www.all-souai.or.jp/souaien/,yes,,,,,,yes,,,,,,,,,,,,,,,,,,,,,,multipurpose_toilet,みやざきアクセシビリティ情報マップ,https://m-bfree.pref.miyazaki.lg.jp/a_map/public/facilityAround/eyJpdiI6InhqRzNaM01iWkhPNDFzMm5nQVwvK1hBPT0iLCJ2YWx1ZSI6IlJzdVBVMFVEbHBDdWZtM3B2SkdFd2c9PSIsIm1hYyI6IjExZjk0NThlMjFmNjYyMTY1ZTIxMDQzNTE0ZmM5MWJjZjczNWU2YTE1NzZjODBlYTI5M2M1OWMyYmY0NzIwYWQifQ==,,F001018,男女共用トイレあり | 調査日=2002-09-27,
45,宮崎県,45201,宮崎市,,ワークステーションやじろべえ,,,880-0951,宮崎市大塚町権現前874番1,31.9258469,131.396105,http://mahorobaweb.sakura.ne.jp/yaziro.html,yes,,,,,,,,,,,,,,,,,,,,,,,,,,,,multipurpose_toilet,みやざきアクセシビリティ情報マップ,https://m-bfree.pref.miyazaki.lg.jp/a_map/public/facilityAround/eyJpdiI6ImpSbkVZUk5vTlpudGZ6TlJydVJhMWc9PSIsInZhbHVlIjoiejc5ckpXRTdyeld6ZUtZN1dyMUVlZz09IiwibWFjIjoiNDcyM2Q1YjcxZmYyNWJjNjY4YTE1YTg5ZTBiOTFlNGRiN2JiYzM0MWVjZjE5YTQ1YTQ5Y2I3ODU1YTM4ODVmMCJ9,,F001184,男女共用トイレあり | 調査日=2002-09-06,
45,宮崎県,45201,宮崎市,,Yショップ 小戸日高店,,,880-0857,宮崎市小戸町49,31.9036824,131.4516317,,yes,,,,,,,,,,,,,,,,,,,,,,,,,,,,multipurpose_toilet,みやざきアクセシビリティ情報マップ,https://m-bfree.pref.miyazaki.lg.jp/a_map/public/facilityAround/eyJpdiI6IklKaDBaeEtKOWpEUFY5T0pQKzVmaHc9PSIsInZhbHVlIjoiNDk0MlNKODBmUVVNQWYwMDNhRXU2QT09IiwibWFjIjoiYTE3M2RmMTdmM2NmMTNmNzRkNjMwYThkNWU4ZTYzZTE4YWIwYTNkMWExZTkzMGE0OTVmMDI1NGRkODEwOTkyMSJ9,,F000289,男女共用トイレあり,
45,宮崎県,45201,宮崎市,,Y・Y PARK,,,880-0805,宮崎市橘通東3丁目6-16,31.9160442,131.4247322,http://yy-park.info/,yes,,,,,,yes,,yes,,,,,,,,,,,,,,,,,,,,multipurpose_toilet,みやざきアクセシビリティ情報マップ,https://m-bfree.pref.miyazaki.lg.jp/a_map/public/facilityAround/eyJpdiI6Im00MXI4Q2M3RUdObEY0OHZGWWNVcUE9PSIsInZhbHVlIjoiZ1dkanpoMGlKUDlNR2N4UWxrWmZXdz09IiwibWFjIjoiYTg5MmI3NzhkZjIzMmYyYTA5OWQ1ZGYzYzY3MjdjNmRiMTFmNzRhMWMzNTgzNjU3YzU3MzA5OTljMTExYTMzMSJ9,,F000298,男女共用トイレあり | 調査日=2019-11-09,
45,宮崎県,45201,宮崎市,,わかくさ薬局,,,880-2112,宮崎市大字小松字口ノ坪2840-4,31.9269335,131.3838512,,yes,,,,,,,,,,,,,,,,,,,,,,,,,,,,multipurpose_toilet,みやざきアクセシビリティ情報マップ,https://m-bfree.pref.miyazaki.lg.jp/a_map/public/facilityAround/eyJpdiI6IkEzVmlxOXdzTlpWNlwveHZjTG9EMzlnPT0iLCJ2YWx1ZSI6InZMWUhGRFN4ZlFsME1YNU96ODVaQlE9PSIsIm1hYyI6ImYzMWJmNmIzOWU2M2YxNzhiOTM3NGQ5ZmJkN2MzMWY5YTg3OWU2OGEyYTg0ZTZhZGVjN2M5YmMzNzYyMTViZGEifQ==,,F000072,男女共用トイレあり | 調査日=2019-11-06,
45,宮崎県,45201,宮崎市,,わかば小児歯科医院,,,880-0872,宮崎市永楽町207-1,31.9049041,131.4351154,http://wakaba-cdc.com/,yes,,１階,,,,yes,,,,,,,,,,,,,,,,,,,,,,multipurpose_toilet,みやざきアクセシビリティ情報マップ,https://m-bfree.pref.miyazaki.lg.jp/a_map/public/facilityAround/eyJpdiI6ImZDcVRCSkFoRDZib0RBcnNEXC82ZHNBPT0iLCJ2YWx1ZSI6IlwvbnNWQUZwYnVDWkFjZWJuNmhuR1ZRPT0iLCJtYWMiOiI2NjQxN2Q0ZDZkZjQ5Y2M3ZmYzM2ZkMDRhM2Q1YWQ5NWM2YThiOTA4Y2E1MGJkMDMzZjkyMjRjM2Q1ZDE5MmY1In0=,,F000183,男女共用トイレあり | 緊急通報装置あり | 調査日=2013-09-04,
45,宮崎県,45201,宮崎市,,若林歯科医院,,,880-0121,宮崎市大字島之内1769-3,31.9913223,131.4574528,,yes,,,,,,yes,,,,,,,,,,,,,,,,,,,,,,multipurpose_toilet,みやざきアクセシビリティ情報マップ,https://m-bfree.pref.miyazaki.lg.jp/a_map/public/facilityAround/eyJpdiI6ImZLdjJcL1JRUGd1dFhrd2pGNFRzN0ZRPT0iLCJ2YWx1ZSI6IkdRZXZmN3pcL2NtRE9UOVNBYmY2NFh3PT0iLCJtYWMiOiIxMzAxMDVlNWIxYjAzY2FmZDIwYzhhMmJkMzY1ODYxNjNkMjllMjczOGMxNmExNjNhYjI2Y2YxOGZkNjNkNWNkIn0=,,F000147,男女共用トイレあり | 調査日=2019-11-12,
45,宮崎県,45206,日向市,,若山牧水記念文学館,,,883-0211,日向市東郷町坪谷1271番地,32.3614199,131.4631148,http://www.bokusui.jp/,yes,,1階、屋内,,,,yes,,yes,,,,,,,,,,,,,,,,,,,,multipurpose_toilet,みやざきアクセシビリティ情報マップ,https://m-bfree.pref.miyazaki.lg.jp/a_map/public/facilityAround/eyJpdiI6ImpENjAwOHh6VHgrZURvMG9ocHVJSUE9PSIsInZhbHVlIjoicmluRUdGQzRSK3R0eWRzTmJZazhqQT09IiwibWFjIjoiODQ5YmI4N2Y2ZDQ4NGU3ZDg4NmQwOGVlMDQzNDQ3MTMzYzNmMjcwYmFkZTk3ODZlNjc1NTFlMGY2MGFiYmRlOCJ9,,F000178,男女共用トイレあり | 緊急通報装置あり | 調査日=2019-11-22,
45,宮崎県,45201,宮崎市,,わたなべ整形外科,,,889-2151,宮崎市大字熊野50番地1,31.8280986,131.4368888,,yes,,,,,,,,,,,,,,,,,,,,,,,,,,,,multipurpose_toilet,みやざきアクセシビリティ情報マップ,https://m-bfree.pref.miyazaki.lg.jp/a_map/public/facilityAround/eyJpdiI6Im9HZ1VXSFRSRld2VzJOS214RElodWc9PSIsInZhbHVlIjoibDlcL0s1b1I2SmhmVm9WUDRMbHFzK0E9PSIsIm1hYyI6ImUzNWIyNzllNmQ3Zjc5NTIxZTBlZTQyMzY0NWIzYWEzMzgzYWIzMDhmMGE3YzMzOGZjNzk2MjkyOGVmZDAxYTcifQ==,,F001030,男女別トイレあり | 調査日=2009-11-20,
45,宮崎県,45206,日向市,,和田病院,,,883-0051,日向市向江町1丁目196-1,32.4288321,131.6289734,https://wada-hosp.or.jp/,yes,,１階,,,,yes,,,,,,,,,,,,,,,,,,,,,,multipurpose_toilet,みやざきアクセシビリティ情報マップ,https://m-bfree.pref.miyazaki.lg.jp/a_map/public/facilityAround/eyJpdiI6IkhpTm9IQnR5ZVZKcEhGbUdTY2hOcUE9PSIsInZhbHVlIjoiVDdiVlVFS0czM3Q5MWdjZTloQ2RTUT09IiwibWFjIjoiM2Y5MDBmNzI2ZDJjMDM3ODQyZmUxMzM1ZGJkNzk0MTdlNTRmNWE5NmEyMjc0MmUyNDY1OWIzOTIxMzk2NjFlYiJ9,,F000302,男女別トイレあり | 緊急通報装置あり | 調査日=2006-03-16,
45,宮崎県,45201,宮崎市,,和知川原生協クリニック,,,880-0023,宮崎市和知川原2丁目25番1,31.9237094,131.4116037,,yes,,,,,,,,,,,,,,,,,,,,,,,,,,,,multipurpose_toilet,みやざきアクセシビリティ情報マップ,https://m-bfree.pref.miyazaki.lg.jp/a_map/public/facilityAround/eyJpdiI6InpHZ00yM3VZWVpXSFhmUnFUYk5DMGc9PSIsInZhbHVlIjoiTklObGdWMnNobEdOMzM0NWhNNlBuQT09IiwibWFjIjoiYWQ1ZDY3YTFhYjU2OWEwYzYwZDQ3YjE1MDBkZDUzOTE3MzIwYjI3NjUwNDNiYWM1YmNiMjlkOTdiN2E2MmQzNCJ9,,F001276,男女共用トイレあり,
45,宮崎県,45201,宮崎市,,ワンダーランド宮崎芳士店,,,880-0123,宮崎市大字芳士736番地,31.9616016,131.4389747,,yes,,,,,,,,yes,,,,,,,,,,,,,,,,,,,,multipurpose_toilet,みやざきアクセシビリティ情報マップ,https://m-bfree.pref.miyazaki.lg.jp/a_map/public/facilityAround/eyJpdiI6IkJlQVwvQ3d3SVpNN1REXC9Va0NwU0gzZz09IiwidmFsdWUiOiJvKzk4bHcxM0czRzlqVGpNVTBpdmxnPT0iLCJtYWMiOiIyNDg5NjA1YTQzNDQzMTlkOWZiODZmMGJmOTExNzE1OWZhNWIxMDExMmM1M2EyYWU5NWVkZmI3OTBiMWQwMDk2In0=,,F001740,男女共用トイレあり,
