prefecture_code,prefecture_name,municipality_code,municipality_name,ward_name,facility_name,formal_name,facility_category,postal_code,address,latitude,longitude,homepage_url,multipurpose_toilet,wheelchair_toilet,toilet_floor,unisex_toilet_count,male_toilet_count,female_toilet_count,washlet,adult_bed,ostomate,voice_guidance,baby_bed,baby_chair,child_toilet,child_chair,flush_type,emergency_call_type,male_urinal_with_rail,male_western_toilet,female_western_toilet,male_baby_bed,female_baby_bed,male_baby_chair,female_baby_chair,entrance_step,stroller_rental,nursing_space,diaper_changing_space,kids_room,source_dataset,source_name,source_url,source_updated_at,source_row,attribute_note,note
41,佐賀県,41201,佐賀市,,九州電力株式会社 佐賀支店,,,,佐賀市神野東二丁目３番６号,,,,no,yes,,,,,,,no,,yes,yes,,,,,,,,,,,,,,,,,everyone_toilet,佐賀県 みんなのトイレ,https://www.pref.saga.lg.jp/kiji00375898/index.html,2023-08-01,private:7,source_type=民間施設; toilet_type=車いす,
41,佐賀県,41201,佐賀市,,ｲｵﾝｼﾈﾏ佐賀大和,,,,佐賀市大和町大字尼寺2965番,,,,no,yes,,,,,,,no,,no,no,,,,,,,,,,,,,,,,,everyone_toilet,佐賀県 みんなのトイレ,https://www.pref.saga.lg.jp/kiji00375898/index.html,2023-08-01,private:8,source_type=民間施設; toilet_type=車いす,
41,佐賀県,41201,佐賀市,,医療法人正和会 志田病院,,,,佐賀市水ヶ江二丁目7番23号,,,,no,yes,,,,,,,no,,no,no,,,,,,,,,,,,,,,,,everyone_toilet,佐賀県 みんなのトイレ,https://www.pref.saga.lg.jp/kiji00375898/index.html,2023-08-01,private:9,source_type=民間施設; toilet_type=車いす,
41,佐賀県,41201,佐賀市,,ゆめﾀｳﾝ佐賀,,,,佐賀市兵庫北５丁目１４－１,,,,yes,yes,,,,,,,yes,,yes,no,,,,,,,,,,,,,,,,,everyone_toilet,佐賀県 みんなのトイレ,https://www.pref.saga.lg.jp/kiji00375898/index.html,2023-08-01,private:10,source_type=民間施設; toilet_type=多機能,
41,佐賀県,41201,佐賀市,,特別養護老人ﾎｰﾑ ｼﾙﾊﾞｰｹｱ三瀬,,,,佐賀市三瀬村三瀬38-1,,,,no,yes,,,,,,,no,,no,no,,,,,,,,,,,,,,,,,everyone_toilet,佐賀県 みんなのトイレ,https://www.pref.saga.lg.jp/kiji00375898/index.html,2023-08-01,private:11,source_type=民間施設; toilet_type=車いす,
41,佐賀県,41201,佐賀市,,観光ﾎﾃﾙ 千代田館,,,,佐賀市高木瀬町東高木216-1,,,,no,yes,,,,,,,no,,yes,no,,,,,,,,,,,,,,,,,everyone_toilet,佐賀県 みんなのトイレ,https://www.pref.saga.lg.jp/kiji00375898/index.html,2023-08-01,private:12,source_type=民間施設; toilet_type=車いす,
41,佐賀県,41201,佐賀市,,ﾓﾗｰｼﾞｭ佐賀,,,,佐賀市巨瀬町大字牛島730,,,,yes,yes,,,,,,,yes,,yes,no,,,,,,,,,,,,,,,,,everyone_toilet,佐賀県 みんなのトイレ,https://www.pref.saga.lg.jp/kiji00375898/index.html,2023-08-01,private:13,source_type=民間施設; toilet_type=多機能,
41,佐賀県,41201,佐賀市,,ｲｵﾝ九州（株）ｲｵﾝﾓｰﾙ佐賀大和,,,,佐賀市大和町大字尼寺3535,,,,yes,yes,,,,,,,yes,,yes,yes,,,,,,,,,,,,,,,,,everyone_toilet,佐賀県 みんなのトイレ,https://www.pref.saga.lg.jp/kiji00375898/index.html,2023-08-01,private:14,source_type=民間施設; toilet_type=多機能,
41,佐賀県,41201,佐賀市,,ﾛｰｿﾝ 佐賀片田江店,,,,佐賀市水ヶ江二丁目2-4,,,,no,yes,,,,,,,no,,yes,no,,,,,,,,,,,,,,,,,everyone_toilet,佐賀県 みんなのトイレ,https://www.pref.saga.lg.jp/kiji00375898/index.html,2023-08-01,private:15,source_type=民間施設; toilet_type=車いす,
41,佐賀県,41201,佐賀市,,ｲｵﾝ九州（株）ﾎｰﾑﾜｲﾄﾞ佐賀大和店,,,,佐賀市大和町大字尼寺一本松2953-1,,,,no,yes,,,,,,,no,,no,no,,,,,,,,,,,,,,,,,everyone_toilet,佐賀県 みんなのトイレ,https://www.pref.saga.lg.jp/kiji00375898/index.html,2023-08-01,private:16,source_type=民間施設; toilet_type=車いす,
41,佐賀県,41201,佐賀市,,ﾆﾁｲｹｱｾﾝﾀｰ佐賀みなみ,,,,佐賀市本庄町袋142-1,,,,no,yes,,,,,,,no,,no,no,,,,,,,,,,,,,,,,,everyone_toilet,佐賀県 みんなのトイレ,https://www.pref.saga.lg.jp/kiji00375898/index.html,2023-08-01,private:17,source_type=民間施設; toilet_type=車いす,
41,佐賀県,41201,佐賀市,,ｲｵﾝｽｰﾊﾟｰｾﾝﾀｰ佐賀店,,,,佐賀市東与賀町大字下古賀字一本杉87-1,,,,yes,yes,,,,,,,yes,,yes,yes,,,,,,,,,,,,,,,,,everyone_toilet,佐賀県 みんなのトイレ,https://www.pref.saga.lg.jp/kiji00375898/index.html,2023-08-01,private:18,source_type=民間施設; toilet_type=多機能,
41,佐賀県,41201,佐賀市,,ｱｲﾌｫﾚｽﾄ,,,,佐賀市天神３丁目15-1,,,,yes,yes,,,,,,,yes,,yes,no,,,,,,,,,,,,,,,,,everyone_toilet,佐賀県 みんなのトイレ,https://www.pref.saga.lg.jp/kiji00375898/index.html,2023-08-01,private:19,source_type=民間施設; toilet_type=多機能,
41,佐賀県,41201,佐賀市,,佐賀ｶﾞｽ,,,,佐賀市兵庫町大字西渕1996,,,,no,yes,,,,,,,no,,no,no,,,,,,,,,,,,,,,,,everyone_toilet,佐賀県 みんなのトイレ,https://www.pref.saga.lg.jp/kiji00375898/index.html,2023-08-01,private:20,source_type=民間施設; toilet_type=車いす,
41,佐賀県,41201,佐賀市,,NPO法人お世話宅配便 障害者地域活動支援ｾﾝﾀｰ,,,,佐賀市伊勢町11-9,,,,no,yes,,,,,,,no,,no,no,,,,,,,,,,,,,,,,,everyone_toilet,佐賀県 みんなのトイレ,https://www.pref.saga.lg.jp/kiji00375898/index.html,2023-08-01,private:21,source_type=民間施設; toilet_type=車いす,
41,佐賀県,41201,佐賀市,,本庄うなぎ屋本庄店,,,,佐賀市本庄町末次394-7,,,,yes,yes,,,,,,,yes,,yes,yes,,,,,,,,,,,,,,,,,everyone_toilet,佐賀県 みんなのトイレ,https://www.pref.saga.lg.jp/kiji00375898/index.html,2023-08-01,private:22,source_type=民間施設; toilet_type=多機能,
41,佐賀県,41201,佐賀市,,（株）ｳﾞｨｸﾄﾘｱｺﾞﾙﾌ佐賀店,,,,佐賀市兵庫町大字西渕1942-5,,,,no,yes,,,,,,,no,,yes,no,,,,,,,,,,,,,,,,,everyone_toilet,佐賀県 みんなのトイレ,https://www.pref.saga.lg.jp/kiji00375898/index.html,2023-08-01,private:23,source_type=民間施設; toilet_type=車いす,
41,佐賀県,41201,佐賀市,,ﾃﾞｲｻｰﾋﾞｽ春久一座,,,,佐賀市大和町久池井2584番地1,,,,no,yes,,,,,,,no,,no,no,,,,,,,,,,,,,,,,,everyone_toilet,佐賀県 みんなのトイレ,https://www.pref.saga.lg.jp/kiji00375898/index.html,2023-08-01,private:24,source_type=民間施設; toilet_type=一般ﾄｲﾚ,
41,佐賀県,41201,佐賀市,,ｱﾙﾀ高木瀬店,,,,佐賀市高木瀬町大字長瀬969-1,,,,no,yes,,,,,,,no,,no,no,,,,,,,,,,,,,,,,,everyone_toilet,佐賀県 みんなのトイレ,https://www.pref.saga.lg.jp/kiji00375898/index.html,2023-08-01,private:25,source_type=民間施設; toilet_type=車いす,
41,佐賀県,41201,佐賀市,,佐賀駅ﾊﾞｽｾﾝﾀｰ,,,,佐賀市駅前中央一丁目12-1,,,,yes,yes,,,,,,,yes,,yes,yes,,,,,,,,,,,,,,,,,everyone_toilet,佐賀県 みんなのトイレ,https://www.pref.saga.lg.jp/kiji00375898/index.html,2023-08-01,private:26,source_type=民間施設; toilet_type=多機能,
41,佐賀県,41201,佐賀市,,郵便事業（株）佐賀支店,,,,佐賀市松原二丁目1-35,,,,no,yes,,,,,,,no,,no,no,,,,,,,,,,,,,,,,,everyone_toilet,佐賀県 みんなのトイレ,https://www.pref.saga.lg.jp/kiji00375898/index.html,2023-08-01,private:27,source_type=民間施設; toilet_type=一般ﾄｲﾚ,
41,佐賀県,41201,佐賀市,,佐賀ﾘﾊﾋﾞﾘﾃｰｼｮﾝ病院,,,,佐賀市南佐賀１丁目17-1,,,,no,yes,,,,,,,no,,yes,yes,,,,,,,,,,,,,,,,,everyone_toilet,佐賀県 みんなのトイレ,https://www.pref.saga.lg.jp/kiji00375898/index.html,2023-08-01,private:28,source_type=民間施設; toilet_type=車いす,
41,佐賀県,41201,佐賀市,,ﾎｰﾑﾌﾟﾗｻﾞﾅﾌｺ南佐賀店,,,,佐賀市川副町大字南里723-1,,,,no,yes,,,,,,,no,,no,no,,,,,,,,,,,,,,,,,everyone_toilet,佐賀県 みんなのトイレ,https://www.pref.saga.lg.jp/kiji00375898/index.html,2023-08-01,private:29,source_type=民間施設; toilet_type=車いす,
41,佐賀県,41201,佐賀市,,ﾅﾌｺﾂｰﾜﾝｽﾀｲﾙ南佐賀店,,,,佐賀市川副町大字南里747-1,,,,no,yes,,,,,,,no,,no,no,,,,,,,,,,,,,,,,,everyone_toilet,佐賀県 みんなのトイレ,https://www.pref.saga.lg.jp/kiji00375898/index.html,2023-08-01,private:30,source_type=民間施設; toilet_type=車いす,
41,佐賀県,41201,佐賀市,,南佐賀草苑,,,,佐賀市本庄町大字本庄951-1,,,,no,yes,,,,,,,no,,no,no,,,,,,,,,,,,,,,,,everyone_toilet,佐賀県 みんなのトイレ,https://www.pref.saga.lg.jp/kiji00375898/index.html,2023-08-01,private:31,source_type=民間施設; toilet_type=車いす,
41,佐賀県,41201,佐賀市,,道の駅 大和そよかぜ館,,,,佐賀市大和町大字梅野805,,,,no,yes,,,,,,,yes,,no,yes,,,,,,,,,,,,,,,,,everyone_toilet,佐賀県 みんなのトイレ,https://www.pref.saga.lg.jp/kiji00375898/index.html,2023-08-01,private:32,source_type=民間施設; toilet_type=車いす,
41,佐賀県,41201,佐賀市,,いけす海幸,,,,佐賀市下田町1番15号,,,,no,yes,,,,,,,no,,yes,no,,,,,,,,,,,,,,,,,everyone_toilet,佐賀県 みんなのトイレ,https://www.pref.saga.lg.jp/kiji00375898/index.html,2023-08-01,private:33,source_type=民間施設; toilet_type=車いす,
41,佐賀県,41201,佐賀市,,西松屋ﾁｪｰﾝ佐賀鍋島店,,,,佐賀市鍋島町大字八戸3181-2,,,,no,yes,,,,,,,no,,yes,yes,,,,,,,,,,,,,,,,,everyone_toilet,佐賀県 みんなのトイレ,https://www.pref.saga.lg.jp/kiji00375898/index.html,2023-08-01,private:34,source_type=民間施設; toilet_type=車いす,
41,佐賀県,41201,佐賀市,,夢咲ﾒﾓﾘｰﾄﾞﾎｰﾙ,,,,佐賀市兵庫町大字西渕三本柳1856-1,,,,no,yes,,,,,,,no,,yes,yes,,,,,,,,,,,,,,,,,everyone_toilet,佐賀県 みんなのトイレ,https://www.pref.saga.lg.jp/kiji00375898/index.html,2023-08-01,private:35,source_type=民間施設; toilet_type=車いす,
41,佐賀県,41201,佐賀市,,ﾚｯﾄﾞｷｬﾍﾞﾂ多布施店,,,,佐賀市多布施１丁目6-50,,,,no,yes,,,,,,,no,,yes,yes,,,,,,,,,,,,,,,,,everyone_toilet,佐賀県 みんなのトイレ,https://www.pref.saga.lg.jp/kiji00375898/index.html,2023-08-01,private:36,source_type=民間施設; toilet_type=車いす,
41,佐賀県,41201,佐賀市,,医療法人源勇会 枝國医院,,,,佐賀市川副町大字早津江265,,,,no,yes,,,,,,,no,,no,no,,,,,,,,,,,,,,,,,everyone_toilet,佐賀県 みんなのトイレ,https://www.pref.saga.lg.jp/kiji00375898/index.html,2023-08-01,private:37,source_type=民間施設; toilet_type=車いす,
41,佐賀県,41201,佐賀市,,熊の川温泉 鵆の湯,,,,佐賀市富士町大字上熊川240-8,,,,yes,yes,,,,,,,yes,,yes,no,,,,,,,,,,,,,,,,,everyone_toilet,佐賀県 みんなのトイレ,https://www.pref.saga.lg.jp/kiji00375898/index.html,2023-08-01,private:38,source_type=民間施設; toilet_type=多機能,
41,佐賀県,41201,佐賀市,,ﾆｺｰ大和店,,,,佐賀市大和町大字尼寺597,,,,no,yes,,,,,,,no,,no,no,,,,,,,,,,,,,,,,,everyone_toilet,佐賀県 みんなのトイレ,https://www.pref.saga.lg.jp/kiji00375898/index.html,2023-08-01,private:39,source_type=民間施設; toilet_type=車いす,
41,佐賀県,41201,佐賀市,,ﾃﾞｵﾃﾞｵ佐賀本店,,,,佐賀市兵庫町大字西渕1890-1,,,,no,yes,,,,,,,no,,yes,no,,,,,,,,,,,,,,,,,everyone_toilet,佐賀県 みんなのトイレ,https://www.pref.saga.lg.jp/kiji00375898/index.html,2023-08-01,private:40,source_type=民間施設; toilet_type=車いす,
41,佐賀県,41201,佐賀市,,富士北部ﾃﾞｲｻｰﾋﾞｽｾﾝﾀｰ,,,,佐賀市富士町大字大野1065-2,,,,no,yes,,,,,,,yes,,no,no,,,,,,,,,,,,,,,,,everyone_toilet,佐賀県 みんなのトイレ,https://www.pref.saga.lg.jp/kiji00375898/index.html,2023-08-01,private:41,source_type=民間施設; toilet_type=車いす,
41,佐賀県,41201,佐賀市,,ﾀﾞｲﾚｯｸｽ高木瀬店,,,,佐賀市高木瀬町大字長瀬932-5,,,,no,yes,,,,,,,no,,no,no,,,,,,,,,,,,,,,,,everyone_toilet,佐賀県 みんなのトイレ,https://www.pref.saga.lg.jp/kiji00375898/index.html,2023-08-01,private:42,source_type=民間施設; toilet_type=車いす,
41,佐賀県,41201,佐賀市,,ﾊﾟｰﾗｰﾀｲｶﾞｰ巨勢店,,,,佐賀市巨勢町大字牛島490-1-11,,,,no,yes,,,,,,,no,,no,no,,,,,,,,,,,,,,,,,everyone_toilet,佐賀県 みんなのトイレ,https://www.pref.saga.lg.jp/kiji00375898/index.html,2023-08-01,private:43,source_type=民間施設; toilet_type=車いす,
41,佐賀県,41201,佐賀市,,ｵｰｼｬﾝｶｰﾗﾝﾄﾞ,,,,佐賀市大和町松瀬4248-25,,,,no,yes,,,,,,,no,,no,no,,,,,,,,,,,,,,,,,everyone_toilet,佐賀県 みんなのトイレ,https://www.pref.saga.lg.jp/kiji00375898/index.html,2023-08-01,private:44,source_type=民間施設; toilet_type=車いす,
41,佐賀県,41201,佐賀市,,特別養護老人ﾎｰﾑ 南鷗荘,,,,佐賀市久保田町久富3459-2,,,,no,yes,,,,,,,no,,no,no,,,,,,,,,,,,,,,,,everyone_toilet,佐賀県 みんなのトイレ,https://www.pref.saga.lg.jp/kiji00375898/index.html,2023-08-01,private:45,source_type=民間施設; toilet_type=一般ﾄｲﾚ,
41,佐賀県,41201,佐賀市,,九州三菱自動車販売㈱佐賀支店,,,,佐賀市新栄東一丁目7-57,,,,no,yes,,,,,,,no,,yes,yes,,,,,,,,,,,,,,,,,everyone_toilet,佐賀県 みんなのトイレ,https://www.pref.saga.lg.jp/kiji00375898/index.html,2023-08-01,private:46,source_type=民間施設; toilet_type=車いす,
41,佐賀県,41201,佐賀市,,ｽｰﾊﾟｰﾓﾘﾅｶﾞ本庄店,,,,佐賀市本庄町大字本庄1164,,,,no,yes,,,,,,,no,,yes,no,,,,,,,,,,,,,,,,,everyone_toilet,佐賀県 みんなのトイレ,https://www.pref.saga.lg.jp/kiji00375898/index.html,2023-08-01,private:47,source_type=民間施設; toilet_type=車いす,
41,佐賀県,41201,佐賀市,,（株）ｽｰﾊﾟｰﾓﾘﾅｶﾞ空港通り店,,,,佐賀市川副町大字南里757,,,,no,yes,,,,,,,no,,yes,no,,,,,,,,,,,,,,,,,everyone_toilet,佐賀県 みんなのトイレ,https://www.pref.saga.lg.jp/kiji00375898/index.html,2023-08-01,private:48,source_type=民間施設; toilet_type=車いす,
41,佐賀県,41201,佐賀市,,紳士服のはるやま 佐賀兵庫店,,,,佐賀市兵庫南三丁目1-11,,,,no,yes,,,,,,,no,,no,no,,,,,,,,,,,,,,,,,everyone_toilet,佐賀県 みんなのトイレ,https://www.pref.saga.lg.jp/kiji00375898/index.html,2023-08-01,private:49,source_type=民間施設; toilet_type=車いす,
41,佐賀県,41201,佐賀市,,ﾀﾞｲﾅﾑ佐賀川副店,,,,佐賀市川副町大字南里806-1,,,,no,yes,,,,,,,no,,no,no,,,,,,,,,,,,,,,,,everyone_toilet,佐賀県 みんなのトイレ,https://www.pref.saga.lg.jp/kiji00375898/index.html,2023-08-01,private:50,source_type=民間施設; toilet_type=車いす,
41,佐賀県,41201,佐賀市,,ﾘｺｰｼﾞｬﾊﾟﾝ（株）佐賀支店,,,,佐賀市兵庫町瓦町四本松1082,,,,no,yes,,,,,,,no,,no,no,,,,,,,,,,,,,,,,,everyone_toilet,佐賀県 みんなのトイレ,https://www.pref.saga.lg.jp/kiji00375898/index.html,2023-08-01,private:51,source_type=民間施設; toilet_type=車いす,
41,佐賀県,41201,佐賀市,,㈱ﾔﾏﾀﾞ電機ﾃｯｸﾗﾝﾄﾞ佐賀本店,,,,佐賀市兵庫南4-1-7,,,,no,yes,,,,,,,no,,yes,no,,,,,,,,,,,,,,,,,everyone_toilet,佐賀県 みんなのトイレ,https://www.pref.saga.lg.jp/kiji00375898/index.html,2023-08-01,private:52,source_type=民間施設; toilet_type=車いす,
41,佐賀県,41201,佐賀市,,焼肉なべしま 佐賀兵庫店,,,,佐賀市兵庫町大字藤木字二本松226-1,,,,no,yes,,,,,,,no,,yes,no,,,,,,,,,,,,,,,,,everyone_toilet,佐賀県 みんなのトイレ,https://www.pref.saga.lg.jp/kiji00375898/index.html,2023-08-01,private:53,source_type=民間施設; toilet_type=車いす,
41,佐賀県,41201,佐賀市,,美川眼科医院,,,,佐賀市松原四丁目3-21,,,,no,yes,,,,,,,no,,yes,yes,,,,,,,,,,,,,,,,,everyone_toilet,佐賀県 みんなのトイレ,https://www.pref.saga.lg.jp/kiji00375898/index.html,2023-08-01,private:54,source_type=民間施設; toilet_type=車いす,
41,佐賀県,41201,佐賀市,,ﾄﾞｺﾓｼｮｯﾌﾟ佐賀東店,,,,佐賀市兵庫町大字瓦町1098,,,,no,yes,,,,,,,no,,yes,no,,,,,,,,,,,,,,,,,everyone_toilet,佐賀県 みんなのトイレ,https://www.pref.saga.lg.jp/kiji00375898/index.html,2023-08-01,private:55,source_type=民間施設; toilet_type=車いす,
41,佐賀県,41201,佐賀市,,ﾄﾞｺﾓｼｮｯﾌﾟ佐賀南店,,,,佐賀市本庄町袋298-7,,,,no,yes,,,,,,,no,,yes,no,,,,,,,,,,,,,,,,,everyone_toilet,佐賀県 みんなのトイレ,https://www.pref.saga.lg.jp/kiji00375898/index.html,2023-08-01,private:56,source_type=民間施設; toilet_type=車いす,
41,佐賀県,41201,佐賀市,,神代薬局 神野東店,,,,佐賀市神野東4-3-15,,,,no,yes,,,,,,,no,,no,yes,,,,,,,,,,,,,,,,,everyone_toilet,佐賀県 みんなのトイレ,https://www.pref.saga.lg.jp/kiji00375898/index.html,2023-08-01,private:57,source_type=民間施設; toilet_type=車いす,
41,佐賀県,41201,佐賀市,,ﾔﾏﾀﾞ電機ﾃｯｸﾗﾝﾄﾞ佐賀南部BPS店,,,,佐賀市本庄町大字本庄253-3,,,,no,yes,,,,,,,no,,no,no,,,,,,,,,,,,,,,,,everyone_toilet,佐賀県 みんなのトイレ,https://www.pref.saga.lg.jp/kiji00375898/index.html,2023-08-01,private:58,source_type=民間施設; toilet_type=車いす,
41,佐賀県,41201,佐賀市,,よってこ十間堀,,,,佐賀市唐人一丁目1-14,,,,no,yes,,,,,,,no,,no,no,,,,,,,,,,,,,,,,,everyone_toilet,佐賀県 みんなのトイレ,https://www.pref.saga.lg.jp/kiji00375898/index.html,2023-08-01,private:59,source_type=民間施設; toilet_type=車いす,
41,佐賀県,41201,佐賀市,,（株）ﾏﾘﾄﾋﾟｱ ﾘﾊﾞｰｽ典礼殿,,,,佐賀市東佐賀町6番21号,,,,no,yes,,,,,,,no,,no,no,,,,,,,,,,,,,,,,,everyone_toilet,佐賀県 みんなのトイレ,https://www.pref.saga.lg.jp/kiji00375898/index.html,2023-08-01,private:60,source_type=民間施設; toilet_type=車いす,
41,佐賀県,41201,佐賀市,,西神野運動広場,,,,佐賀市神園3丁目15-1,,,,no,yes,,,,,,,no,,yes,no,,,,,,,,,,,,,,,,,everyone_toilet,佐賀県 みんなのトイレ,https://www.pref.saga.lg.jp/kiji00375898/index.html,2023-08-01,private:61,source_type=民間施設; toilet_type=車いす,
41,佐賀県,41201,佐賀市,,内藤医院 北山診療所,,,,佐賀市富士町大字大野1060-23,,,,no,yes,,,,,,,no,,yes,no,,,,,,,,,,,,,,,,,everyone_toilet,佐賀県 みんなのトイレ,https://www.pref.saga.lg.jp/kiji00375898/index.html,2023-08-01,private:62,source_type=民間施設; toilet_type=車いす,
41,佐賀県,41201,佐賀市,,ﾏｯｸｽﾊﾞﾘｭｰ巨勢店,,,,佐賀市巨勢町大字牛島130番地1,,,,yes,yes,,,,,,,yes,,yes,yes,,,,,,,,,,,,,,,,,everyone_toilet,佐賀県 みんなのトイレ,https://www.pref.saga.lg.jp/kiji00375898/index.html,2023-08-01,private:63,source_type=民間施設; toilet_type=多機能,
41,佐賀県,41201,佐賀市,,医療法人同愛会 副島病院,,,,佐賀市大財一丁目6番60号,,,,no,yes,,,,,,,no,,no,no,,,,,,,,,,,,,,,,,everyone_toilet,佐賀県 みんなのトイレ,https://www.pref.saga.lg.jp/kiji00375898/index.html,2023-08-01,private:64,source_type=民間施設; toilet_type=車いす,
41,佐賀県,41201,佐賀市,,ｻﾞ・ｾﾞﾆｽ,,,,佐賀市本庄町大字袋384-1,,,,no,yes,,,,,,,no,,yes,no,,,,,,,,,,,,,,,,,everyone_toilet,佐賀県 みんなのトイレ,https://www.pref.saga.lg.jp/kiji00375898/index.html,2023-08-01,private:65,source_type=民間施設; toilet_type=車いす,
41,佐賀県,41201,佐賀市,,（株）ｻｶﾞﾃﾚﾋﾞ,,,,佐賀市城内一丁目6番10号,,,,no,yes,,,,,,,no,,no,no,,,,,,,,,,,,,,,,,everyone_toilet,佐賀県 みんなのトイレ,https://www.pref.saga.lg.jp/kiji00375898/index.html,2023-08-01,private:66,source_type=民間施設; toilet_type=一般ﾄｲﾚ,
41,佐賀県,41201,佐賀市,,ﾆｺｰ兵庫店,,,,佐賀市兵庫南4丁目332,,,,no,yes,,,,,,,no,,no,no,,,,,,,,,,,,,,,,,everyone_toilet,佐賀県 みんなのトイレ,https://www.pref.saga.lg.jp/kiji00375898/index.html,2023-08-01,private:67,source_type=民間施設; toilet_type=車いす,
41,佐賀県,41201,佐賀市,,介護老人保健施設 ｼﾙﾊﾞｰｹｱ佐賀,,,,佐賀市高木瀬町大字長瀬1307番,,,,no,yes,,,,,,,no,,no,no,,,,,,,,,,,,,,,,,everyone_toilet,佐賀県 みんなのトイレ,https://www.pref.saga.lg.jp/kiji00375898/index.html,2023-08-01,private:68,source_type=民間施設; toilet_type=車いす,
41,佐賀県,41201,佐賀市,,ｼﾞｪｲｴｲやすらぎ会館 南部会館,,,,佐賀市川副町大字西古賀114番地1,,,,no,yes,,,,,,,no,,no,no,,,,,,,,,,,,,,,,,everyone_toilet,佐賀県 みんなのトイレ,https://www.pref.saga.lg.jp/kiji00375898/index.html,2023-08-01,private:69,source_type=民間施設; toilet_type=車いす,
41,佐賀県,41201,佐賀市,,（株）ﾍﾞｽﾄ電器 佐賀本店,,,,佐賀市兵庫北５丁目１４－１,,,,no,yes,,,,,,,no,,yes,no,,,,,,,,,,,,,,,,,everyone_toilet,佐賀県 みんなのトイレ,https://www.pref.saga.lg.jp/kiji00375898/index.html,2023-08-01,private:70,source_type=民間施設; toilet_type=車いす,
41,佐賀県,41201,佐賀市,,（株）ﾍﾞｽﾄ電器 BB佐賀大和店,,,,佐賀市大和町尼寺2957,,,,no,yes,,,,,,,no,,no,no,,,,,,,,,,,,,,,,,everyone_toilet,佐賀県 みんなのトイレ,https://www.pref.saga.lg.jp/kiji00375898/index.html,2023-08-01,private:71,source_type=民間施設; toilet_type=車いす,
41,佐賀県,41201,佐賀市,,久保田ｻﾝﾊｳｽ,,,,佐賀市久保田町大字徳万907番地1,,,,no,yes,,,,,,,no,,no,no,,,,,,,,,,,,,,,,,everyone_toilet,佐賀県 みんなのトイレ,https://www.pref.saga.lg.jp/kiji00375898/index.html,2023-08-01,private:72,source_type=民間施設; toilet_type=車いす,
41,佐賀県,41201,佐賀市,,特定非営利活動法人 ﾗｲﾌｻﾎﾟｰﾄはる,,,,佐賀市開成5-5-8,,,,no,yes,,,,,,,no,,no,no,,,,,,,,,,,,,,,,,everyone_toilet,佐賀県 みんなのトイレ,https://www.pref.saga.lg.jp/kiji00375898/index.html,2023-08-01,private:73,source_type=民間施設; toilet_type=車いす,
41,佐賀県,41201,佐賀市,,生活介護事業所 響,,,,佐賀市高木瀬町大字長瀬196番地3,,,,no,yes,,,,,,,no,,no,no,,,,,,,,,,,,,,,,,everyone_toilet,佐賀県 みんなのトイレ,https://www.pref.saga.lg.jp/kiji00375898/index.html,2023-08-01,private:74,source_type=民間施設; toilet_type=車いす,
41,佐賀県,41201,佐賀市,,就労継続支援B型事業所 ともしび,,,,佐賀市鍋島町森田2075-1,,,,no,yes,,,,,,,no,,no,no,,,,,,,,,,,,,,,,,everyone_toilet,佐賀県 みんなのトイレ,https://www.pref.saga.lg.jp/kiji00375898/index.html,2023-08-01,private:75,source_type=民間施設; toilet_type=車いす,
41,佐賀県,41201,佐賀市,,地域活動支援センター ともしび,,,,佐賀市八戸二丁目8番36号,,,,no,yes,,,,,,,no,,no,no,,,,,,,,,,,,,,,,,everyone_toilet,佐賀県 みんなのトイレ,https://www.pref.saga.lg.jp/kiji00375898/index.html,2023-08-01,private:76,source_type=民間施設; toilet_type=車いす,
41,佐賀県,41201,佐賀市,,就労継続支援B型事業所 きずな,,,,佐賀市高木瀬町大字長瀬1762番地3,,,,no,yes,,,,,,,no,,no,no,,,,,,,,,,,,,,,,,everyone_toilet,佐賀県 みんなのトイレ,https://www.pref.saga.lg.jp/kiji00375898/index.html,2023-08-01,private:77,source_type=民間施設; toilet_type=車いす,
41,佐賀県,41201,佐賀市,,障害福祉ｻｰﾋﾞｽ事業所 ﾚｲﾝﾎﾞｰﾊｳｽ,,,,佐賀市水ヶ江2-4-10,,,,no,yes,,,,,,,no,,no,no,,,,,,,,,,,,,,,,,everyone_toilet,佐賀県 みんなのトイレ,https://www.pref.saga.lg.jp/kiji00375898/index.html,2023-08-01,private:78,source_type=民間施設; toilet_type=車いす,
41,佐賀県,41201,佐賀市,,就労支援事業所 ｽﾌﾟﾘﾝｸﾞﾌｨｰﾙﾄﾞ,,,,佐賀市金立町千布2304-1,,,,no,yes,,,,,,,no,,no,no,,,,,,,,,,,,,,,,,everyone_toilet,佐賀県 みんなのトイレ,https://www.pref.saga.lg.jp/kiji00375898/index.html,2023-08-01,private:79,source_type=民間施設; toilet_type=車いす,
41,佐賀県,41201,佐賀市,,障害福祉ｻｰﾋﾞｽ事業所 まごころ授産所,,,,佐賀市川副町大字鹿江1752-5,,,,no,yes,,,,,,,no,,no,no,,,,,,,,,,,,,,,,,everyone_toilet,佐賀県 みんなのトイレ,https://www.pref.saga.lg.jp/kiji00375898/index.html,2023-08-01,private:80,source_type=民間施設; toilet_type=車いす,
41,佐賀県,41201,佐賀市,,社会福祉法人めぐみ厚生ｾﾝﾀｰ めぐみ園,,,,佐賀市東与賀町大字飯盛1584,,,,no,yes,,,,,,,no,,no,no,,,,,,,,,,,,,,,,,everyone_toilet,佐賀県 みんなのトイレ,https://www.pref.saga.lg.jp/kiji00375898/index.html,2023-08-01,private:81,source_type=民間施設; toilet_type=車いす,
41,佐賀県,41201,佐賀市,,長光園障害者支援ｾﾝﾀｰ,,,,佐賀市兵庫南２丁目16番39号,,,,no,yes,,,,,,,no,,no,no,,,,,,,,,,,,,,,,,everyone_toilet,佐賀県 みんなのトイレ,https://www.pref.saga.lg.jp/kiji00375898/index.html,2023-08-01,private:82,source_type=民間施設; toilet_type=車いす,
41,佐賀県,41201,佐賀市,,鍋島ｼｪｽﾄ,,,,佐賀市鍋島町３丁目3-20,,,,no,yes,,,,,,,yes,,no,no,,,,,,,,,,,,,,,,,everyone_toilet,佐賀県 みんなのトイレ,https://www.pref.saga.lg.jp/kiji00375898/index.html,2023-08-01,private:83,source_type=民間施設; toilet_type=車いす,
41,佐賀県,41201,佐賀市,,社会福祉法人若楠 障害者支援施設 どんぐり村,,,,佐賀市三瀬村2234-67,,,,no,yes,,,,,,,no,,no,no,,,,,,,,,,,,,,,,,everyone_toilet,佐賀県 みんなのトイレ,https://www.pref.saga.lg.jp/kiji00375898/index.html,2023-08-01,private:84,source_type=民間施設; toilet_type=車いす,
41,佐賀県,41201,佐賀市,,合同会社西友佐賀店,,,,佐賀市駅前中央1-4-16,,,,no,yes,,,,,,,no,,yes,no,,,,,,,,,,,,,,,,,everyone_toilet,佐賀県 みんなのトイレ,https://www.pref.saga.lg.jp/kiji00375898/index.html,2023-08-01,private:85,source_type=民間施設; toilet_type=車いす,
41,佐賀県,41201,佐賀市,,佐賀玉屋,,,,佐賀市中の小路2番5号,,,,no,yes,,,,,,,no,,no,no,,,,,,,,,,,,,,,,,everyone_toilet,佐賀県 みんなのトイレ,https://www.pref.saga.lg.jp/kiji00375898/index.html,2023-08-01,private:93,source_type=民間施設; toilet_type=車いす,
41,佐賀県,41201,佐賀市,,ｽｰﾊﾟｰﾓﾘﾅｶﾞ高木瀬店,,,,佐賀市高木瀬町東高木250-1,,,,no,yes,,,,,,,no,,yes,no,,,,,,,,,,,,,,,,,everyone_toilet,佐賀県 みんなのトイレ,https://www.pref.saga.lg.jp/kiji00375898/index.html,2023-08-01,private:94,source_type=民間施設; toilet_type=一般ﾄｲﾚ,
41,佐賀県,41201,佐賀市,,ﾃﾞｨｽｶｳﾝﾄﾄﾞﾗｯｸﾞｺｽﾓｽ川副店,,,,佐賀市川副町南里304-1,,,,no,yes,,,,,,,no,,no,no,,,,,,,,,,,,,,,,,everyone_toilet,佐賀県 みんなのトイレ,https://www.pref.saga.lg.jp/kiji00375898/index.html,2023-08-01,private:95,source_type=民間施設; toilet_type=車いす,
41,佐賀県,41201,佐賀市,,ﾛｰｿﾝ川副南里店,,,,佐賀市川副町南里1206-7,,,,no,yes,,,,,,,no,,yes,no,,,,,,,,,,,,,,,,,everyone_toilet,佐賀県 みんなのトイレ,https://www.pref.saga.lg.jp/kiji00375898/index.html,2023-08-01,private:96,source_type=民間施設; toilet_type=一般ﾄｲﾚ,
41,佐賀県,41201,佐賀市,,ﾛｰｿﾝ佐賀森林公園前店,,,,佐賀市嘉瀬町荻野字四本柳籠341-1,,,,no,yes,,,,,,,no,,yes,no,,,,,,,,,,,,,,,,,everyone_toilet,佐賀県 みんなのトイレ,https://www.pref.saga.lg.jp/kiji00375898/index.html,2023-08-01,private:97,source_type=民間施設; toilet_type=車いす,
41,佐賀県,41201,佐賀市,,ﾄﾞﾗｯｸﾞｲﾚﾌﾞﾝ大財店,,,,佐賀市大財5-10-11,,,,no,yes,,,,,,,no,,no,no,,,,,,,,,,,,,,,,,everyone_toilet,佐賀県 みんなのトイレ,https://www.pref.saga.lg.jp/kiji00375898/index.html,2023-08-01,private:98,source_type=民間施設; toilet_type=車いす,
41,佐賀県,41201,佐賀市,,ﾄﾞｺﾓｼｮｯﾌﾟ佐賀西店,,,,佐賀市新栄西2-9-20,,,,no,yes,,,,,,,no,,yes,no,,,,,,,,,,,,,,,,,everyone_toilet,佐賀県 みんなのトイレ,https://www.pref.saga.lg.jp/kiji00375898/index.html,2023-08-01,private:99,source_type=民間施設; toilet_type=車いす,
41,佐賀県,41201,佐賀市,,佐賀ﾀﾞｲﾊﾂ販売株式会社 兵庫店,,,,佐賀市嘉瀬町扇町2507-4,,,,no,yes,,,,,,,yes,,yes,yes,,,,,,,,,,,,,,,,,everyone_toilet,佐賀県 みんなのトイレ,https://www.pref.saga.lg.jp/kiji00375898/index.html,2023-08-01,private:100,source_type=民間施設; toilet_type=一般ﾄｲﾚ,
41,佐賀県,41201,佐賀市,,ｾﾌﾞﾝｲﾚﾌﾞﾝ佐賀新栄東１丁目店,,,,佐賀市新栄東１丁目4-2,,,,no,yes,,,,,,,no,,no,no,,,,,,,,,,,,,,,,,everyone_toilet,佐賀県 みんなのトイレ,https://www.pref.saga.lg.jp/kiji00375898/index.html,2023-08-01,private:101,source_type=民間施設; toilet_type=一般ﾄｲﾚ,
41,佐賀県,41201,佐賀市,,ｾﾌﾞﾝｲﾚﾌﾞﾝ佐賀新郷本町店,,,,佐賀市新郷本町44-1,,,,no,yes,,,,,,,no,,no,no,,,,,,,,,,,,,,,,,everyone_toilet,佐賀県 みんなのトイレ,https://www.pref.saga.lg.jp/kiji00375898/index.html,2023-08-01,private:102,source_type=民間施設; toilet_type=一般ﾄｲﾚ,
41,佐賀県,41201,佐賀市,,ｾﾌﾞﾝｲﾚﾌﾞﾝ佐賀天神２丁目店,,,,佐賀市天神２丁目4-19,,,,no,yes,,,,,,,no,,no,no,,,,,,,,,,,,,,,,,everyone_toilet,佐賀県 みんなのトイレ,https://www.pref.saga.lg.jp/kiji00375898/index.html,2023-08-01,private:103,source_type=民間施設; toilet_type=一般ﾄｲﾚ,
41,佐賀県,41201,佐賀市,,ｾﾌﾞﾝｲﾚﾌﾞﾝ佐賀早津江橋店,,,,佐賀市川副町早津江258-4,,,,no,yes,,,,,,,no,,no,no,,,,,,,,,,,,,,,,,everyone_toilet,佐賀県 みんなのトイレ,https://www.pref.saga.lg.jp/kiji00375898/index.html,2023-08-01,private:104,source_type=民間施設; toilet_type=一般ﾄｲﾚ,
41,佐賀県,41201,佐賀市,,ｾﾌﾞﾝｲﾚﾌﾞﾝ佐賀大和町店,,,,佐賀市大和町尼寺2639-3,,,,no,yes,,,,,,,no,,no,no,,,,,,,,,,,,,,,,,everyone_toilet,佐賀県 みんなのトイレ,https://www.pref.saga.lg.jp/kiji00375898/index.html,2023-08-01,private:105,source_type=民間施設; toilet_type=一般ﾄｲﾚ,
41,佐賀県,41201,佐賀市,,ｾﾌﾞﾝｲﾚﾌﾞﾝ佐賀大財２丁目店,,,,佐賀市大財２丁目30－1,,,,no,yes,,,,,,,no,,no,no,,,,,,,,,,,,,,,,,everyone_toilet,佐賀県 みんなのトイレ,https://www.pref.saga.lg.jp/kiji00375898/index.html,2023-08-01,private:106,source_type=民間施設; toilet_type=一般ﾄｲﾚ,
41,佐賀県,41201,佐賀市,,ｾﾌﾞﾝｲﾚﾌﾞﾝ佐賀三瀬店,,,,佐賀市三瀬村三瀬字神在2898－1,,,,no,yes,,,,,,,no,,no,no,,,,,,,,,,,,,,,,,everyone_toilet,佐賀県 みんなのトイレ,https://www.pref.saga.lg.jp/kiji00375898/index.html,2023-08-01,private:107,source_type=民間施設; toilet_type=一般ﾄｲﾚ,
41,佐賀県,41201,佐賀市,,ｾﾌﾞﾝｲﾚﾌﾞﾝ川副鹿江店,,,,佐賀市川副町鹿江1044-1,,,,no,yes,,,,,,,no,,no,no,,,,,,,,,,,,,,,,,everyone_toilet,佐賀県 みんなのトイレ,https://www.pref.saga.lg.jp/kiji00375898/index.html,2023-08-01,private:108,source_type=民間施設; toilet_type=一般ﾄｲﾚ,
41,佐賀県,41201,佐賀市,,すたみな太郎佐賀大和店,,,,佐賀市高木瀬町長瀬1168,,,,no,yes,,,,,,,no,,yes,no,,,,,,,,,,,,,,,,,everyone_toilet,佐賀県 みんなのトイレ,https://www.pref.saga.lg.jp/kiji00375898/index.html,2023-08-01,private:109,source_type=民間施設; toilet_type=一般ﾄｲﾚ,
41,佐賀県,41201,佐賀市,,ﾚｸｻｽ佐賀,,,,佐賀市鍋島町森田33－5,,,,no,yes,,,,,,,no,,yes,yes,,,,,,,,,,,,,,,,,everyone_toilet,佐賀県 みんなのトイレ,https://www.pref.saga.lg.jp/kiji00375898/index.html,2023-08-01,private:110,source_type=民間施設; toilet_type=車いす,
41,佐賀県,41201,佐賀市,,ﾈｯﾂﾄﾖﾀ佐賀株式会社 ｱｲｸﾙｼｮｯﾌﾟ,,,,佐賀市新栄西2-6-7,,,,no,yes,,,,,,,no,,no,no,,,,,,,,,,,,,,,,,everyone_toilet,佐賀県 みんなのトイレ,https://www.pref.saga.lg.jp/kiji00375898/index.html,2023-08-01,private:111,source_type=民間施設; toilet_type=車いす,
41,佐賀県,41201,佐賀市,,麺屋 浅倉,,,,佐賀市高木瀬町長瀬1176－3,,,,no,yes,,,,,,,no,,no,no,,,,,,,,,,,,,,,,,everyone_toilet,佐賀県 みんなのトイレ,https://www.pref.saga.lg.jp/kiji00375898/index.html,2023-08-01,private:112,source_type=民間施設; toilet_type=車いす,
41,佐賀県,41201,佐賀市,,ﾛｰｿﾝ佐賀諸富店,,,,佐賀市諸富町山領332-1,,,,no,yes,,,,,,,no,,yes,no,,,,,,,,,,,,,,,,,everyone_toilet,佐賀県 みんなのトイレ,https://www.pref.saga.lg.jp/kiji00375898/index.html,2023-08-01,private:113,source_type=民間施設; toilet_type=車いす,
41,佐賀県,41201,佐賀市,,ﾋﾞｭｰﾃｯｸ二葉,,,,佐賀市与賀町3－4,,,,no,yes,,,,,,,no,,no,no,,,,,,,,,,,,,,,,,everyone_toilet,佐賀県 みんなのトイレ,https://www.pref.saga.lg.jp/kiji00375898/index.html,2023-08-01,private:114,source_type=民間施設; toilet_type=一般ﾄｲﾚ,
41,佐賀県,41201,佐賀市,,日産ｻﾃｨｵ佐賀Ｐʼｓ佐賀店,,,,佐賀市嘉瀬町扇町2504－1,,,,no,yes,,,,,,,no,,yes,yes,,,,,,,,,,,,,,,,,everyone_toilet,佐賀県 みんなのトイレ,https://www.pref.saga.lg.jp/kiji00375898/index.html,2023-08-01,private:115,source_type=民間施設; toilet_type=車いす,
41,佐賀県,41201,佐賀市,,すし大臣佐賀店,,,,佐賀市新栄西1-10-17,,,,no,yes,,,,,,,no,,yes,no,,,,,,,,,,,,,,,,,everyone_toilet,佐賀県 みんなのトイレ,https://www.pref.saga.lg.jp/kiji00375898/index.html,2023-08-01,private:116,source_type=民間施設; toilet_type=車いす,
41,佐賀県,41201,佐賀市,,木村文機 北川副店,,,,佐賀市木原2-22,,,,no,yes,,,,,,,no,,no,no,,,,,,,,,,,,,,,,,everyone_toilet,佐賀県 みんなのトイレ,https://www.pref.saga.lg.jp/kiji00375898/index.html,2023-08-01,private:117,source_type=民間施設; toilet_type=車いす,
41,佐賀県,41201,佐賀市,,日産ｻﾃｨｵ佐賀久保田中古車ｾﾝﾀｰ,,,,佐賀市久保田町久保田307-1,,,,no,yes,,,,,,,no,,yes,no,,,,,,,,,,,,,,,,,everyone_toilet,佐賀県 みんなのトイレ,https://www.pref.saga.lg.jp/kiji00375898/index.html,2023-08-01,private:118,source_type=民間施設; toilet_type=車いす,
41,佐賀県,41201,佐賀市,,ﾏｯｸｽﾊﾞﾘｭ佐賀西店,,,,佐賀市八戸溝3-12-20,,,,no,yes,,,,,,,no,,yes,yes,,,,,,,,,,,,,,,,,everyone_toilet,佐賀県 みんなのトイレ,https://www.pref.saga.lg.jp/kiji00375898/index.html,2023-08-01,private:119,source_type=民間施設; toilet_type=車いす,
41,佐賀県,41201,佐賀市,,旬鮮市場 久保田店,,,,佐賀市久保田町新田3824-1,,,,no,yes,,,,,,,no,,no,no,,,,,,,,,,,,,,,,,everyone_toilet,佐賀県 みんなのトイレ,https://www.pref.saga.lg.jp/kiji00375898/index.html,2023-08-01,private:120,source_type=民間施設; toilet_type=車いす,
41,佐賀県,41201,佐賀市,,ｺﾞｰﾙﾄﾞﾗｯｼｭ 本庄店,,,,佐賀市本庄町大字本庄字一本松1184-5,,,,no,yes,,,,,,,no,,no,no,,,,,,,,,,,,,,,,,everyone_toilet,佐賀県 みんなのトイレ,https://www.pref.saga.lg.jp/kiji00375898/index.html,2023-08-01,private:121,source_type=民間施設; toilet_type=車いす,
41,佐賀県,41201,佐賀市,,ｸﾞｯﾃﾞｲ佐賀本庄店,,,,佐賀市本庄町一本松1178,,,,no,yes,,,,,,,no,,no,no,,,,,,,,,,,,,,,,,everyone_toilet,佐賀県 みんなのトイレ,https://www.pref.saga.lg.jp/kiji00375898/index.html,2023-08-01,private:122,source_type=民間施設; toilet_type=車いす,
41,佐賀県,41201,佐賀市,,ｾﾌﾞﾝｲﾚﾌﾞﾝ佐賀若楠１丁目店,,,,佐賀市若楠1-3-13,,,,no,yes,,,,,,,no,,no,yes,,,,,,,,,,,,,,,,,everyone_toilet,佐賀県 みんなのトイレ,https://www.pref.saga.lg.jp/kiji00375898/index.html,2023-08-01,private:123,source_type=民間施設; toilet_type=一般ﾄｲﾚ,
41,佐賀県,41201,佐賀市,,ｾﾌﾞﾝｲﾚﾌﾞﾝ佐賀嘉瀬扇町店,,,,佐賀市嘉瀬扇町2351-9,,,,no,yes,,,,,,,no,,no,no,,,,,,,,,,,,,,,,,everyone_toilet,佐賀県 みんなのトイレ,https://www.pref.saga.lg.jp/kiji00375898/index.html,2023-08-01,private:124,source_type=民間施設; toilet_type=一般ﾄｲﾚ,
41,佐賀県,41201,佐賀市,,ｾﾌﾞﾝｲﾚﾌﾞﾝ佐賀駅前中央２丁目店,,,,佐賀市駅前中央2-10-41,,,,no,yes,,,,,,,no,,no,no,,,,,,,,,,,,,,,,,everyone_toilet,佐賀県 みんなのトイレ,https://www.pref.saga.lg.jp/kiji00375898/index.html,2023-08-01,private:125,source_type=民間施設; toilet_type=一般ﾄｲﾚ,
41,佐賀県,41201,佐賀市,,ｾﾌﾞﾝｲﾚﾌﾞﾝ佐賀大和梅野店,,,,佐賀市大和町大字梅野1535-1,,,,no,yes,,,,,,,no,,no,no,,,,,,,,,,,,,,,,,everyone_toilet,佐賀県 みんなのトイレ,https://www.pref.saga.lg.jp/kiji00375898/index.html,2023-08-01,private:126,source_type=民間施設; toilet_type=一般ﾄｲﾚ,
41,佐賀県,41201,佐賀市,,栄玉 本庄店,,,,佐賀市本庄町本庄270-2,,,,no,yes,,,,,,,no,,no,no,,,,,,,,,,,,,,,,,everyone_toilet,佐賀県 みんなのトイレ,https://www.pref.saga.lg.jp/kiji00375898/index.html,2023-08-01,private:127,source_type=民間施設; toilet_type=一般ﾄｲﾚ,
41,佐賀県,41201,佐賀市,,ﾏｯｸｽﾊﾞﾘｭ若楠店,,,,佐賀市高木瀬西3-2-2,,,,no,yes,,,,,,,no,,yes,yes,,,,,,,,,,,,,,,,,everyone_toilet,佐賀県 みんなのトイレ,https://www.pref.saga.lg.jp/kiji00375898/index.html,2023-08-01,private:128,source_type=民間施設; toilet_type=車いす,
41,佐賀県,41201,佐賀市,,ﾏｯｸｽﾊﾞﾘｭ尼寺店,,,,佐賀市大和町尼寺1477-4,,,,no,yes,,,,,,,no,,yes,yes,,,,,,,,,,,,,,,,,everyone_toilet,佐賀県 みんなのトイレ,https://www.pref.saga.lg.jp/kiji00375898/index.html,2023-08-01,private:129,source_type=民間施設; toilet_type=車いす,
41,佐賀県,41201,佐賀市,,ﾊﾞｯｹﾝﾊｲﾑ ﾎﾞﾙｶﾞ,,,,佐賀市木原2-2-15,,,,no,yes,,,,,,,no,,yes,no,,,,,,,,,,,,,,,,,everyone_toilet,佐賀県 みんなのトイレ,https://www.pref.saga.lg.jp/kiji00375898/index.html,2023-08-01,private:130,source_type=民間施設; toilet_type=車いす,
41,佐賀県,41201,佐賀市,,水ケ江調剤薬局 八田店,,,,佐賀市北川副町新郷八田732-1,,,,no,yes,,,,,,,no,,no,no,,,,,,,,,,,,,,,,,everyone_toilet,佐賀県 みんなのトイレ,https://www.pref.saga.lg.jp/kiji00375898/index.html,2023-08-01,private:131,source_type=民間施設; toilet_type=車いす,
41,佐賀県,41201,佐賀市,,びっくりﾄﾞﾝｷｰ佐賀北ﾊﾞｲﾊﾟｽ店,,,,佐賀市卸本町5-31,,,,no,yes,,,,,,,no,,yes,no,,,,,,,,,,,,,,,,,everyone_toilet,佐賀県 みんなのトイレ,https://www.pref.saga.lg.jp/kiji00375898/index.html,2023-08-01,private:132,source_type=民間施設; toilet_type=車いす,
41,佐賀県,41201,佐賀市,,ﾛｰｿﾝ佐賀本庄店,,,,佐賀市本庄町大字袋407-1,,,,no,yes,,,,,,,no,,no,no,,,,,,,,,,,,,,,,,everyone_toilet,佐賀県 みんなのトイレ,https://www.pref.saga.lg.jp/kiji00375898/index.html,2023-08-01,private:133,source_type=民間施設; toilet_type=一般ﾄｲﾚ,
41,佐賀県,41201,佐賀市,,西九州ﾄﾖﾀ自動車 本社・佐賀店,,,,佐賀市嘉瀬町大字扇町2480,,,,no,yes,,,,,,,no,,yes,no,,,,,,,,,,,,,,,,,everyone_toilet,佐賀県 みんなのトイレ,https://www.pref.saga.lg.jp/kiji00375898/index.html,2023-08-01,private:134,source_type=民間施設; toilet_type=車いす,
41,佐賀県,41201,佐賀市,,ﾀﾞｲﾅﾑ 信頼の森 佐賀大和店,,,,佐賀市大和町大字尼寺字一本松3464-6,,,,no,yes,,,,,,,no,,no,no,,,,,,,,,,,,,,,,,everyone_toilet,佐賀県 みんなのトイレ,https://www.pref.saga.lg.jp/kiji00375898/index.html,2023-08-01,private:135,source_type=民間施設; toilet_type=車いす,
41,佐賀県,41201,佐賀市,,西九州ﾄﾖﾀ自動車株式会社 大財店,,,,佐賀市大財4-1-3,,,,no,yes,,,,,,,no,,yes,no,,,,,,,,,,,,,,,,,everyone_toilet,佐賀県 みんなのトイレ,https://www.pref.saga.lg.jp/kiji00375898/index.html,2023-08-01,private:136,source_type=民間施設; toilet_type=車いす,
41,佐賀県,41201,佐賀市,,ｾﾌﾞﾝｲﾚﾌﾞﾝ佐賀大赤松町店,,,,佐賀市本庄町大字本庄1328-16,,,,no,yes,,,,,,,no,,no,no,,,,,,,,,,,,,,,,,everyone_toilet,佐賀県 みんなのトイレ,https://www.pref.saga.lg.jp/kiji00375898/index.html,2023-08-01,private:137,source_type=民間施設; toilet_type=一般ﾄｲﾚ,
41,佐賀県,41201,佐賀市,,ﾛｰｿﾝ佐賀大学通り店,,,,佐賀市本庄町本庄字一本谷1224-2,,,,no,yes,,,,,,,no,,no,no,,,,,,,,,,,,,,,,,everyone_toilet,佐賀県 みんなのトイレ,https://www.pref.saga.lg.jp/kiji00375898/index.html,2023-08-01,private:138,source_type=民間施設; toilet_type=一般ﾄｲﾚ,
41,佐賀県,41201,佐賀市,,ﾛｰｿﾝ佐賀新栄東店,,,,佐賀市新栄東2-1497-4,,,,no,yes,,,,,,,no,,no,no,,,,,,,,,,,,,,,,,everyone_toilet,佐賀県 みんなのトイレ,https://www.pref.saga.lg.jp/kiji00375898/index.html,2023-08-01,private:139,source_type=民間施設; toilet_type=一般ﾄｲﾚ,
41,佐賀県,41201,佐賀市,,ﾛｰｿﾝ佐賀鍋島流通ｾﾝﾀｰ前店,,,,佐賀市鍋島町大字八戸字上深町3144番1,,,,no,yes,,,,,,,no,,no,no,,,,,,,,,,,,,,,,,everyone_toilet,佐賀県 みんなのトイレ,https://www.pref.saga.lg.jp/kiji00375898/index.html,2023-08-01,private:140,source_type=民間施設; toilet_type=一般ﾄｲﾚ,
41,佐賀県,41201,佐賀市,,有限会社 ゆうゆう佐賀店,,,,佐賀市新栄東1丁目1-1,,,,no,yes,,,,,,,no,,no,no,,,,,,,,,,,,,,,,,everyone_toilet,佐賀県 みんなのトイレ,https://www.pref.saga.lg.jp/kiji00375898/index.html,2023-08-01,private:141,source_type=民間施設; toilet_type=車いす,
41,佐賀県,41201,佐賀市,,百武整形外科病院,,,,佐賀市水ヶ江３丁目2-13,,,,no,yes,,,,,,,no,,no,no,,,,,,,,,,,,,,,,,everyone_toilet,佐賀県 みんなのトイレ,https://www.pref.saga.lg.jp/kiji00375898/index.html,2023-08-01,private:142,source_type=民間施設; toilet_type=車いす,
41,佐賀県,41201,佐賀市,,森永整形外科医院,,,,佐賀市開成6丁目14番48号,,,,no,yes,,,,,,,no,,no,no,,,,,,,,,,,,,,,,,everyone_toilet,佐賀県 みんなのトイレ,https://www.pref.saga.lg.jp/kiji00375898/index.html,2023-08-01,private:143,source_type=民間施設; toilet_type=車いす,
41,佐賀県,41201,佐賀市,,さが駅前眼科,,,,佐賀市神野東1丁目9-18,,,,no,yes,,,,,,,no,,no,yes,,,,,,,,,,,,,,,,,everyone_toilet,佐賀県 みんなのトイレ,https://www.pref.saga.lg.jp/kiji00375898/index.html,2023-08-01,private:144,source_type=民間施設; toilet_type=車いす,
41,佐賀県,41201,佐賀市,,医療法人仁和会 小池病院,,,,佐賀市嘉瀬町中原1922-2,,,,yes,yes,,,,,,,yes,,yes,no,,,,,,,,,,,,,,,,,everyone_toilet,佐賀県 みんなのトイレ,https://www.pref.saga.lg.jp/kiji00375898/index.html,2023-08-01,private:145,source_type=民間施設; toilet_type=多機能,
41,佐賀県,41201,佐賀市,,こうすけ歯科医院,,,,佐賀市兵庫町渕1321-8,,,,no,yes,,,,,,,no,,yes,no,,,,,,,,,,,,,,,,,everyone_toilet,佐賀県 みんなのトイレ,https://www.pref.saga.lg.jp/kiji00375898/index.html,2023-08-01,private:146,source_type=民間施設; toilet_type=一般ﾄｲﾚ,
41,佐賀県,41201,佐賀市,,くさば耳鼻咽喉科ｸﾘﾆｯｸ,,,,佐賀市川副町鹿江1005-5,,,,no,yes,,,,,,,no,,yes,no,,,,,,,,,,,,,,,,,everyone_toilet,佐賀県 みんなのトイレ,https://www.pref.saga.lg.jp/kiji00375898/index.html,2023-08-01,private:147,source_type=民間施設; toilet_type=車いす,
41,佐賀県,41201,佐賀市,,にしだ歯科医院,,,,佐賀市東与賀町飯盛211-22,,,,no,yes,,,,,,,no,,yes,no,,,,,,,,,,,,,,,,,everyone_toilet,佐賀県 みんなのトイレ,https://www.pref.saga.lg.jp/kiji00375898/index.html,2023-08-01,private:148,source_type=民間施設; toilet_type=一般ﾄｲﾚ,
41,佐賀県,41201,佐賀市,,正島脳神経外科病院,,,,佐賀市鍋島1-3-10,,,,no,yes,,,,,,,no,,no,no,,,,,,,,,,,,,,,,,everyone_toilet,佐賀県 みんなのトイレ,https://www.pref.saga.lg.jp/kiji00375898/index.html,2023-08-01,private:149,source_type=民間施設; toilet_type=車いす,
41,佐賀県,41201,佐賀市,,森医院,,,,佐賀市八戸2-1-13,,,,no,yes,,,,,,,no,,yes,no,,,,,,,,,,,,,,,,,everyone_toilet,佐賀県 みんなのトイレ,https://www.pref.saga.lg.jp/kiji00375898/index.html,2023-08-01,private:150,source_type=民間施設; toilet_type=一般ﾄｲﾚ,
41,佐賀県,41201,佐賀市,,内田ｸﾘﾆｯｸ,,,,佐賀市高木瀬町大字東高木241-1,,,,no,yes,,,,,,,no,,no,no,,,,,,,,,,,,,,,,,everyone_toilet,佐賀県 みんなのトイレ,https://www.pref.saga.lg.jp/kiji00375898/index.html,2023-08-01,private:151,source_type=民間施設; toilet_type=一般ﾄｲﾚ,
41,佐賀県,41201,佐賀市,,株式会社佐賀新聞社,,,,佐賀市天神3-2-23,,,,no,yes,,,,,,,no,,no,no,,,,,,,,,,,,,,,,,everyone_toilet,佐賀県 みんなのトイレ,https://www.pref.saga.lg.jp/kiji00375898/index.html,2023-08-01,private:152,source_type=民間施設; toilet_type=車いす,
41,佐賀県,41201,佐賀市,,佐城農業協同組合 芦刈・久保田ｸﾞﾘｰﾝｾﾝﾀｰ,,,,佐賀市久保田町大字久富字永里3301-1,,,,no,yes,,,,,,,no,,yes,no,,,,,,,,,,,,,,,,,everyone_toilet,佐賀県 みんなのトイレ,https://www.pref.saga.lg.jp/kiji00375898/index.html,2023-08-01,private:153,source_type=民間施設; toilet_type=車いす,
41,佐賀県,41201,佐賀市,,佐賀県農業協同組合本庄支所,,,,佐賀市本庄町大字本庄280-5,,,,no,yes,,,,,,,no,,yes,no,,,,,,,,,,,,,,,,,everyone_toilet,佐賀県 みんなのトイレ,https://www.pref.saga.lg.jp/kiji00375898/index.html,2023-08-01,private:154,source_type=民間施設; toilet_type=車いす,
41,佐賀県,41201,佐賀市,,ｺﾝﾌｫｰﾄﾎﾃﾙ佐賀,,,,佐賀市駅前中央1-14-38,,,,no,yes,,,,,,,no,,yes,no,,,,,,,,,,,,,,,,,everyone_toilet,佐賀県 みんなのトイレ,https://www.pref.saga.lg.jp/kiji00375898/index.html,2023-08-01,private:155,source_type=民間施設; toilet_type=車いす,
41,佐賀県,41201,佐賀市,,佐賀ﾜｼﾝﾄﾝﾎﾃﾙﾌﾟﾗｻﾞ,,,,佐賀市駅前中央1-164,,,,no,yes,,,,,,,no,,yes,no,,,,,,,,,,,,,,,,,everyone_toilet,佐賀県 みんなのトイレ,https://www.pref.saga.lg.jp/kiji00375898/index.html,2023-08-01,private:156,source_type=民間施設; toilet_type=車いす,
41,佐賀県,41201,佐賀市,,北山少年自然の家,,,,佐賀市富士町関谷,,,,no,yes,,,,,,,no,,no,no,,,,,,,,,,,,,,,,,everyone_toilet,佐賀県 みんなのトイレ,https://www.pref.saga.lg.jp/kiji00375898/index.html,2023-08-01,private:157,source_type=民間施設; toilet_type=車いす,
41,佐賀県,41201,佐賀市,,ﾎﾃﾙﾆｭｰｵｰﾀﾆ,,,,佐賀市与賀町1-2,,,,no,yes,,,,,,,no,,yes,no,,,,,,,,,,,,,,,,,everyone_toilet,佐賀県 みんなのトイレ,https://www.pref.saga.lg.jp/kiji00375898/index.html,2023-08-01,private:158,source_type=民間施設; toilet_type=車いす,
41,佐賀県,41201,佐賀市,,はがくれ荘,,,,佐賀市天神2-1-36,,,,yes,yes,,,,,,,yes,,yes,no,,,,,,,,,,,,,,,,,everyone_toilet,佐賀県 みんなのトイレ,https://www.pref.saga.lg.jp/kiji00375898/index.html,2023-08-01,private:159,source_type=民間施設; toilet_type=多機能,
41,佐賀県,41201,佐賀市,,ｺｰﾌﾟさが新栄店,,,,佐賀市新栄西2丁目10,,,,yes,yes,,,,,,,yes,,yes,yes,,,,,,,,,,,,,,,,,everyone_toilet,佐賀県 みんなのトイレ,https://www.pref.saga.lg.jp/kiji00375898/index.html,2023-08-01,private:160,source_type=民間施設; toilet_type=多機能,
41,佐賀県,41201,佐賀市,,楽市楽座303佐賀大和店,,,,佐賀市大和町尼寺2965番地,,,,no,yes,,,,,,,no,,no,no,,,,,,,,,,,,,,,,,everyone_toilet,佐賀県 みんなのトイレ,https://www.pref.saga.lg.jp/kiji00375898/index.html,2023-08-01,private:161,source_type=民間施設; toilet_type=車いす,
41,佐賀県,41201,佐賀市,,住宅型有料老人ﾎｰﾑ 円花,,,,佐賀市北川副町大字光法943-6,,,,no,yes,,,,,,,no,,no,no,,,,,,,,,,,,,,,,,everyone_toilet,佐賀県 みんなのトイレ,https://www.pref.saga.lg.jp/kiji00375898/index.html,2023-08-01,private:162,source_type=民間施設; toilet_type=車いす,
41,佐賀県,41201,佐賀市,,ｱﾙﾀゆめ咲きいちば 兵庫店,,,,佐賀市兵庫北1丁目5-8,,,,no,yes,,,,,,,no,,yes,no,,,,,,,,,,,,,,,,,everyone_toilet,佐賀県 みんなのトイレ,https://www.pref.saga.lg.jp/kiji00375898/index.html,2023-08-01,private:163,source_type=民間施設; toilet_type=車いす,
41,佐賀県,41201,佐賀市,,住宅型有料老人ﾎｰﾑ いこいの里巨勢,,,,佐賀市巨勢町大字牛島681-1,,,,no,yes,,,,,,,no,,no,no,,,,,,,,,,,,,,,,,everyone_toilet,佐賀県 みんなのトイレ,https://www.pref.saga.lg.jp/kiji00375898/index.html,2023-08-01,private:164,source_type=民間施設; toilet_type=車いす,
41,佐賀県,41201,佐賀市,,佐賀市三瀬温泉 やまびこの湯,,,,佐賀市三瀬村藤原3929-2,,,,yes,yes,,,,,,,yes,,yes,no,,,,,,,,,,,,,,,,,everyone_toilet,佐賀県 みんなのトイレ,https://www.pref.saga.lg.jp/kiji00375898/index.html,2023-08-01,private:165,source_type=民間施設; toilet_type=多機能,
41,佐賀県,41201,佐賀市,,特定非営利活動法人 夢の里兵庫（ﾊﾟｰｸｺﾞﾙﾌ）,,,,佐賀市兵庫町6丁目1番7号,,,,no,yes,,,,,,,no,,yes,no,,,,,,,,,,,,,,,,,everyone_toilet,佐賀県 みんなのトイレ,https://www.pref.saga.lg.jp/kiji00375898/index.html,2023-08-01,private:166,source_type=民間施設; toilet_type=車いす,
41,佐賀県,41201,佐賀市,,佐賀市観光情報発信会館 橋の駅ﾄﾞﾛﾝﾊﾟ,,,,佐賀市諸富町大字為重214-5,,,,yes,yes,,,,,,,yes,,yes,no,,,,,,,,,,,,,,,,,everyone_toilet,佐賀県 みんなのトイレ,https://www.pref.saga.lg.jp/kiji00375898/index.html,2023-08-01,private:167,source_type=民間施設; toilet_type=多機能,
41,佐賀県,41201,佐賀市,,旬菜舎 さと山,,,,佐賀市富士町大字下合瀬字山神739-1,,,,no,yes,,,,,,,no,,yes,no,,,,,,,,,,,,,,,,,everyone_toilet,佐賀県 みんなのトイレ,https://www.pref.saga.lg.jp/kiji00375898/index.html,2023-08-01,private:168,source_type=民間施設; toilet_type=車いす,
41,佐賀県,41201,佐賀市,,実相院,,,,佐賀市川上947,,,,no,yes,,,,,,,no,,no,no,,,,,,,,,,,,,,,,,everyone_toilet,佐賀県 みんなのトイレ,https://www.pref.saga.lg.jp/kiji00375898/index.html,2023-08-01,private:169,source_type=民間施設; toilet_type=一般ﾄｲﾚ,
41,佐賀県,41201,佐賀市,,佐賀県社会福祉会館,,,,佐賀市天神１丁目４番１５号,,,,yes,yes,,,,,,,yes,,yes,yes,,,,,,,,,,,,,,,,,everyone_toilet,佐賀県 みんなのトイレ,https://www.pref.saga.lg.jp/kiji00375898/index.html,2023-08-01,private:170,source_type=民間施設; toilet_type=多機能,
41,佐賀県,41202,唐津市,,ぬくもいﾎｰﾑ 愛宕園,,,,唐津市久里516番地5,,,,no,yes,,,,,,,no,,no,no,,,,,,,,,,,,,,,,,everyone_toilet,佐賀県 みんなのトイレ,https://www.pref.saga.lg.jp/kiji00375898/index.html,2023-08-01,private:171,source_type=民間施設; toilet_type=車いす,
41,佐賀県,41202,唐津市,,九州電力（株）唐津営業所,,,,唐津市新興町2955-1,,,,no,yes,,,,,,,no,,no,no,,,,,,,,,,,,,,,,,everyone_toilet,佐賀県 みんなのトイレ,https://www.pref.saga.lg.jp/kiji00375898/index.html,2023-08-01,private:179,source_type=民間施設; toilet_type=車いす,
41,佐賀県,41202,唐津市,,九州電力（株）天山発電所展示館,,,,唐津市厳木町天川1327,,,,no,yes,,,,,,,no,,no,no,,,,,,,,,,,,,,,,,everyone_toilet,佐賀県 みんなのトイレ,https://www.pref.saga.lg.jp/kiji00375898/index.html,2023-08-01,private:180,source_type=民間施設; toilet_type=車いす,
41,佐賀県,41202,唐津市,,介護老人保健施設ｱﾒﾆﾃｨきゅうらぎ,,,,唐津市厳木町岩屋505,,,,no,yes,,,,,,,no,,no,no,,,,,,,,,,,,,,,,,everyone_toilet,佐賀県 みんなのトイレ,https://www.pref.saga.lg.jp/kiji00375898/index.html,2023-08-01,private:181,source_type=民間施設; toilet_type=車いす,
41,佐賀県,41202,唐津市,,特別養護老人ﾎｰﾑ 岬荘,,,,唐津市肥前町鶴牧106番地11,,,,no,yes,,,,,,,no,,no,no,,,,,,,,,,,,,,,,,everyone_toilet,佐賀県 みんなのトイレ,https://www.pref.saga.lg.jp/kiji00375898/index.html,2023-08-01,private:182,source_type=民間施設; toilet_type=車いす,
41,佐賀県,41202,唐津市,,ｸﾞﾙｰﾌﾟﾎｰﾑだんらん,,,,唐津市湊町1133-3,,,,no,yes,,,,,,,yes,,no,no,,,,,,,,,,,,,,,,,everyone_toilet,佐賀県 みんなのトイレ,https://www.pref.saga.lg.jp/kiji00375898/index.html,2023-08-01,private:183,source_type=民間施設; toilet_type=車いす,
41,佐賀県,41202,唐津市,,ｸﾞﾙｰﾌﾟﾎｰﾑ久里の郷,,,,唐津市久里1130-8,,,,no,yes,,,,,,,no,,no,no,,,,,,,,,,,,,,,,,everyone_toilet,佐賀県 みんなのトイレ,https://www.pref.saga.lg.jp/kiji00375898/index.html,2023-08-01,private:184,source_type=民間施設; toilet_type=車いす,
41,佐賀県,41202,唐津市,,ﾎｰﾑｾﾝﾀｰﾕｰﾄｸ相知・厳木店,,,,唐津市相知町長部田1125-2,,,,no,yes,,,,,,,no,,yes,no,,,,,,,,,,,,,,,,,everyone_toilet,佐賀県 みんなのトイレ,https://www.pref.saga.lg.jp/kiji00375898/index.html,2023-08-01,private:185,source_type=民間施設; toilet_type=車いす,
41,佐賀県,41202,唐津市,,服部医院,,,,唐津市船宮町2588-3,,,,no,yes,,,,,,,no,,yes,no,,,,,,,,,,,,,,,,,everyone_toilet,佐賀県 みんなのトイレ,https://www.pref.saga.lg.jp/kiji00375898/index.html,2023-08-01,private:186,source_type=民間施設; toilet_type=車いす,
41,佐賀県,41202,唐津市,,唐津市高齢者ふれあい会館りふれ,,,,唐津市二夕子３丁目155-4,,,,no,yes,,,,,,,no,,no,no,,,,,,,,,,,,,,,,,everyone_toilet,佐賀県 みんなのトイレ,https://www.pref.saga.lg.jp/kiji00375898/index.html,2023-08-01,private:187,source_type=民間施設; toilet_type=車いす,
41,佐賀県,41202,唐津市,,脇山内科,,,,唐津市町田一丁目2398-2,,,,no,yes,,,,,,,no,,yes,no,,,,,,,,,,,,,,,,,everyone_toilet,佐賀県 みんなのトイレ,https://www.pref.saga.lg.jp/kiji00375898/index.html,2023-08-01,private:188,source_type=民間施設; toilet_type=車いす,
41,佐賀県,41202,唐津市,,唐津赤十字病院,,,,唐津市二夕子一丁目5-1,,,,no,yes,,,,,,,no,,no,yes,,,,,,,,,,,,,,,,,everyone_toilet,佐賀県 みんなのトイレ,https://www.pref.saga.lg.jp/kiji00375898/index.html,2023-08-01,private:189,source_type=民間施設; toilet_type=車いす,
41,佐賀県,41202,唐津市,,済生会唐津病院,,,,唐津市元旗町817,,,,no,yes,,,,,,,no,,no,no,,,,,,,,,,,,,,,,,everyone_toilet,佐賀県 みんなのトイレ,https://www.pref.saga.lg.jp/kiji00375898/index.html,2023-08-01,private:190,source_type=民間施設; toilet_type=車いす,
41,佐賀県,41202,唐津市,,（株）ｽｰﾊﾟｰﾓﾘﾅｶﾞ唐津店,,,,唐津市神田2247-7,,,,no,yes,,,,,,,no,,yes,no,,,,,,,,,,,,,,,,,everyone_toilet,佐賀県 みんなのトイレ,https://www.pref.saga.lg.jp/kiji00375898/index.html,2023-08-01,private:191,source_type=民間施設; toilet_type=車いす,
41,佐賀県,41202,唐津市,,健和薬局,,,,唐津市和多田用尺3841-1,,,,no,yes,,,,,,,no,,no,no,,,,,,,,,,,,,,,,,everyone_toilet,佐賀県 みんなのトイレ,https://www.pref.saga.lg.jp/kiji00375898/index.html,2023-08-01,private:192,source_type=民間施設; toilet_type=一般ﾄｲﾚ,
41,佐賀県,41202,唐津市,,唐津農協相知支店,,,,唐津市相知町中山3523-1,,,,no,yes,,,,,,,no,,no,no,,,,,,,,,,,,,,,,,everyone_toilet,佐賀県 みんなのトイレ,https://www.pref.saga.lg.jp/kiji00375898/index.html,2023-08-01,private:193,source_type=民間施設; toilet_type=一般ﾄｲﾚ,
41,佐賀県,41202,唐津市,,郵便事業株式会社 唐津支店,,,,唐津市千代田町2564-4,,,,no,yes,,,,,,,no,,no,no,,,,,,,,,,,,,,,,,everyone_toilet,佐賀県 みんなのトイレ,https://www.pref.saga.lg.jp/kiji00375898/index.html,2023-08-01,private:194,source_type=民間施設; toilet_type=車いす,
41,佐賀県,41202,唐津市,,株式会社まいづる百貨店 まいづるｼｮｯﾋﾟﾝｸﾞﾌﾟﾗｻﾞ,,,,唐津市大名小路24-1,,,,no,yes,,,,,,,no,,yes,no,,,,,,,,,,,,,,,,,everyone_toilet,佐賀県 みんなのトイレ,https://www.pref.saga.lg.jp/kiji00375898/index.html,2023-08-01,private:195,source_type=民間施設; toilet_type=車いす,
41,佐賀県,41202,唐津市,,株式会社まいづる百貨店 ｽﾘｰﾅｲﾝ,,,,唐津市町田2180-1,,,,no,yes,,,,,,,no,,yes,no,,,,,,,,,,,,,,,,,everyone_toilet,佐賀県 みんなのトイレ,https://www.pref.saga.lg.jp/kiji00375898/index.html,2023-08-01,private:196,source_type=民間施設; toilet_type=車いす,
41,佐賀県,41202,唐津市,,株式会社まいづる百貨店 まいづる９呼子店,,,,唐津市呼子町殿ノ浦985-24,,,,no,yes,,,,,,,no,,yes,no,,,,,,,,,,,,,,,,,everyone_toilet,佐賀県 みんなのトイレ,https://www.pref.saga.lg.jp/kiji00375898/index.html,2023-08-01,private:197,source_type=民間施設; toilet_type=車いす,
41,佐賀県,41202,唐津市,,株式会社まいづる百貨店 まいづる９山本店,,,,唐津市山本神田1732,,,,no,yes,,,,,,,no,,yes,no,,,,,,,,,,,,,,,,,everyone_toilet,佐賀県 みんなのトイレ,https://www.pref.saga.lg.jp/kiji00375898/index.html,2023-08-01,private:198,source_type=民間施設; toilet_type=車いす,
41,佐賀県,41202,唐津市,,協同組合呉服町商店街 ふれあいｽﾃｰｼｮﾝ,,,,唐津市呉服町1819-1,,,,no,yes,,,,,,,no,,yes,no,,,,,,,,,,,,,,,,,everyone_toilet,佐賀県 みんなのトイレ,https://www.pref.saga.lg.jp/kiji00375898/index.html,2023-08-01,private:199,source_type=民間施設; toilet_type=車いす,
41,佐賀県,41202,唐津市,,玄海みなとん里株式会社,,,,唐津市湊町777-1,,,,no,yes,,,,,,,no,,yes,no,,,,,,,,,,,,,,,,,everyone_toilet,佐賀県 みんなのトイレ,https://www.pref.saga.lg.jp/kiji00375898/index.html,2023-08-01,private:200,source_type=民間施設; toilet_type=車いす,
41,佐賀県,41202,唐津市,,ﾄﾞﾗｯｸﾞｽﾄｱｰﾓﾘ 和多田店,,,,唐津市和多田天満町1-1-10,,,,no,yes,,,,,,,no,,no,no,,,,,,,,,,,,,,,,,everyone_toilet,佐賀県 みんなのトイレ,https://www.pref.saga.lg.jp/kiji00375898/index.html,2023-08-01,private:201,source_type=民間施設; toilet_type=車いす,
41,佐賀県,41202,唐津市,,ﾄﾞﾗｯｸﾞｽﾄｱｰﾓﾘ 菜畑店,,,,唐津市菜畑3286,,,,no,yes,,,,,,,no,,no,no,,,,,,,,,,,,,,,,,everyone_toilet,佐賀県 みんなのトイレ,https://www.pref.saga.lg.jp/kiji00375898/index.html,2023-08-01,private:202,source_type=民間施設; toilet_type=車いす,
41,佐賀県,41202,唐津市,,ﾄﾞﾗｯｸﾞｽﾄｱｰﾓﾘ 山本店,,,,唐津市山本1505-1,,,,no,yes,,,,,,,no,,yes,no,,,,,,,,,,,,,,,,,everyone_toilet,佐賀県 みんなのトイレ,https://www.pref.saga.lg.jp/kiji00375898/index.html,2023-08-01,private:203,source_type=民間施設; toilet_type=車いす,
41,佐賀県,41202,唐津市,,ﾏﾘﾝｾﾝﾀｰ おさかな村,,,,唐津市浜玉町浜崎1922,,,,no,yes,,,,,,,no,,no,no,,,,,,,,,,,,,,,,,everyone_toilet,佐賀県 みんなのトイレ,https://www.pref.saga.lg.jp/kiji00375898/index.html,2023-08-01,private:204,source_type=民間施設; toilet_type=車いす,
41,佐賀県,41202,唐津市,,（株）ﾔﾏﾀﾞ電機ﾃｯｸﾗﾝﾄﾞ唐津店,,,,唐津市和多田西山7-3,,,,no,yes,,,,,,,no,,yes,no,,,,,,,,,,,,,,,,,everyone_toilet,佐賀県 みんなのトイレ,https://www.pref.saga.lg.jp/kiji00375898/index.html,2023-08-01,private:205,source_type=民間施設; toilet_type=車いす,
41,佐賀県,41202,唐津市,,ﾎｰﾑﾌﾟﾗｻﾞﾅﾌｺ唐津店 家具館,,,,唐津市和多田西山9-5,,,,no,yes,,,,,,,no,,no,no,,,,,,,,,,,,,,,,,everyone_toilet,佐賀県 みんなのトイレ,https://www.pref.saga.lg.jp/kiji00375898/index.html,2023-08-01,private:206,source_type=民間施設; toilet_type=車いす,
41,佐賀県,41202,唐津市,,auｼｮｯﾌﾟ唐津,,,,唐津市和多田本村2-6,,,,no,yes,,,,,,,no,,yes,no,,,,,,,,,,,,,,,,,everyone_toilet,佐賀県 みんなのトイレ,https://www.pref.saga.lg.jp/kiji00375898/index.html,2023-08-01,private:207,source_type=民間施設; toilet_type=車いす,
41,佐賀県,41202,唐津市,,なかおだｸﾘﾆｯｸ,,,,唐津市和多田本村2番17-8,,,,no,yes,,,,,,,no,,no,yes,,,,,,,,,,,,,,,,,everyone_toilet,佐賀県 みんなのトイレ,https://www.pref.saga.lg.jp/kiji00375898/index.html,2023-08-01,private:208,source_type=民間施設; toilet_type=車いす,
41,佐賀県,41202,唐津市,,Ａｺｰﾌﾟからつ店,,,,唐津市熊原町3110,,,,no,yes,,,,,,,no,,yes,no,,,,,,,,,,,,,,,,,everyone_toilet,佐賀県 みんなのトイレ,https://www.pref.saga.lg.jp/kiji00375898/index.html,2023-08-01,private:209,source_type=民間施設; toilet_type=車いす,
41,佐賀県,41202,唐津市,,Ａｺｰﾌﾟはぴる肥前店,,,,唐津市肥前町入野甲1968,,,,no,yes,,,,,,,no,,yes,no,,,,,,,,,,,,,,,,,everyone_toilet,佐賀県 みんなのトイレ,https://www.pref.saga.lg.jp/kiji00375898/index.html,2023-08-01,private:210,source_type=民間施設; toilet_type=車いす,
41,佐賀県,41202,唐津市,,ﾘﾊﾞﾃｨｶﾙﾁｬｰｾﾝﾀｰ,,,,唐津市新興町2991-1,,,,no,yes,,,,,,,no,,no,no,,,,,,,,,,,,,,,,,everyone_toilet,佐賀県 みんなのトイレ,https://www.pref.saga.lg.jp/kiji00375898/index.html,2023-08-01,private:211,source_type=民間施設; toilet_type=車いす,
41,佐賀県,41202,唐津市,,わたなべ歯科ｸﾘﾆｯｸ,,,,唐津市二夕子1-9-39,,,,no,yes,,,,,,,no,,yes,no,,,,,,,,,,,,,,,,,everyone_toilet,佐賀県 みんなのトイレ,https://www.pref.saga.lg.jp/kiji00375898/index.html,2023-08-01,private:212,source_type=民間施設; toilet_type=一般ﾄｲﾚ,
41,佐賀県,41202,唐津市,,道の駅・厳木 風のふるさと館,,,,唐津市厳木牧瀬692-1,,,,no,yes,,,,,,,no,,no,no,,,,,,,,,,,,,,,,,everyone_toilet,佐賀県 みんなのトイレ,https://www.pref.saga.lg.jp/kiji00375898/index.html,2023-08-01,private:213,source_type=民間施設; toilet_type=車いす,
41,佐賀県,41202,唐津市,,医療法人至誠堂 宇都宮病院 ﾃﾞｲｹｱｾﾝﾀｰうつのみや,,,,唐津市厳木町本山386-1,,,,no,yes,,,,,,,no,,no,no,,,,,,,,,,,,,,,,,everyone_toilet,佐賀県 みんなのトイレ,https://www.pref.saga.lg.jp/kiji00375898/index.html,2023-08-01,private:214,source_type=民間施設; toilet_type=車いす,
41,佐賀県,41202,唐津市,,医療法人至誠堂 宇都宮病院,,,,唐津市厳木町本山386-1,,,,no,yes,,,,,,,no,,no,no,,,,,,,,,,,,,,,,,everyone_toilet,佐賀県 みんなのトイレ,https://www.pref.saga.lg.jp/kiji00375898/index.html,2023-08-01,private:215,source_type=民間施設; toilet_type=車いす,
41,佐賀県,41202,唐津市,,唐津うまかもん市場,,,,唐津市久里1961-2,,,,yes,yes,,,,,,,yes,,yes,yes,,,,,,,,,,,,,,,,,everyone_toilet,佐賀県 みんなのトイレ,https://www.pref.saga.lg.jp/kiji00375898/index.html,2023-08-01,private:216,source_type=民間施設; toilet_type=多機能,
41,佐賀県,41202,唐津市,,唐津農業協同組合 浜崎支所,,,,唐津市浜玉町浜崎758,,,,no,yes,,,,,,,no,,yes,no,,,,,,,,,,,,,,,,,everyone_toilet,佐賀県 みんなのトイレ,https://www.pref.saga.lg.jp/kiji00375898/index.html,2023-08-01,private:217,source_type=民間施設; toilet_type=車いす,
41,佐賀県,41202,唐津市,,唐津農業協同組合 鏡山支所,,,,唐津市原7-4,,,,no,yes,,,,,,,no,,no,no,,,,,,,,,,,,,,,,,everyone_toilet,佐賀県 みんなのトイレ,https://www.pref.saga.lg.jp/kiji00375898/index.html,2023-08-01,private:218,source_type=民間施設; toilet_type=車いす,
41,佐賀県,41202,唐津市,,唐津農業協同組合 湊支所,,,,唐津市湊町780-1,,,,no,yes,,,,,,,no,,no,no,,,,,,,,,,,,,,,,,everyone_toilet,佐賀県 みんなのトイレ,https://www.pref.saga.lg.jp/kiji00375898/index.html,2023-08-01,private:219,source_type=民間施設; toilet_type=車いす,
41,佐賀県,41202,唐津市,,唐津農業協同組合 山本支所,,,,唐津市山本1390,,,,no,yes,,,,,,,no,,yes,no,,,,,,,,,,,,,,,,,everyone_toilet,佐賀県 みんなのトイレ,https://www.pref.saga.lg.jp/kiji00375898/index.html,2023-08-01,private:220,source_type=民間施設; toilet_type=車いす,
41,佐賀県,41202,唐津市,,有料老人ﾎｰﾑ 安寿,,,,唐津市鎮西町高野534-2,,,,no,yes,,,,,,,no,,no,no,,,,,,,,,,,,,,,,,everyone_toilet,佐賀県 みんなのトイレ,https://www.pref.saga.lg.jp/kiji00375898/index.html,2023-08-01,private:221,source_type=民間施設; toilet_type=車いす,
41,佐賀県,41202,唐津市,,東唐津駅,,,,唐津市松南町108-3,,,,yes,yes,,,,,,,yes,,yes,no,,,,,,,,,,,,,,,,,everyone_toilet,佐賀県 みんなのトイレ,https://www.pref.saga.lg.jp/kiji00375898/index.html,2023-08-01,private:222,source_type=民間施設; toilet_type=多機能,
41,佐賀県,41202,唐津市,,ﾍﾞｽﾄ電器 BB唐津ﾊﾞｲﾊﾟｽ店,,,,唐津市鏡3699-1,,,,no,yes,,,,,,,no,,no,no,,,,,,,,,,,,,,,,,everyone_toilet,佐賀県 みんなのトイレ,https://www.pref.saga.lg.jp/kiji00375898/index.html,2023-08-01,private:223,source_type=民間施設; toilet_type=車いす,
41,佐賀県,41202,唐津市,,ｸﾞﾙｰﾌﾟﾎｰﾑすぎの子 石志,,,,唐津市石志3310番地1,,,,no,yes,,,,,,,no,,no,no,,,,,,,,,,,,,,,,,everyone_toilet,佐賀県 みんなのトイレ,https://www.pref.saga.lg.jp/kiji00375898/index.html,2023-08-01,private:224,source_type=民間施設; toilet_type=車いす,
41,佐賀県,41202,唐津市,,岬荘ｸﾞﾙｰﾌﾟﾎｰﾑ,,,,唐津市肥前町鶴牧106番地11,,,,no,yes,,,,,,,no,,no,no,,,,,,,,,,,,,,,,,everyone_toilet,佐賀県 みんなのトイレ,https://www.pref.saga.lg.jp/kiji00375898/index.html,2023-08-01,private:225,source_type=民間施設; toilet_type=車いす,
41,佐賀県,41202,唐津市,,すまいる・くれよん,,,,唐津市佐志2107-2,,,,no,yes,,,,,,,no,,no,no,,,,,,,,,,,,,,,,,everyone_toilet,佐賀県 みんなのトイレ,https://www.pref.saga.lg.jp/kiji00375898/index.html,2023-08-01,private:226,source_type=民間施設; toilet_type=車いす,
41,佐賀県,41202,唐津市,,ｲｵﾝ唐津店,,,,唐津市鏡字立神4671,,,,no,yes,,,,,,,no,,yes,yes,,,,,,,,,,,,,,,,,everyone_toilet,佐賀県 みんなのトイレ,https://www.pref.saga.lg.jp/kiji00375898/index.html,2023-08-01,private:227,source_type=民間施設; toilet_type=車いす,
41,佐賀県,41202,唐津市,,ｾﾌﾞﾝｲﾚﾌﾞﾝ東唐津駅前店,,,,唐津市鏡町北新開3247-2,,,,no,yes,,,,,,,no,,no,no,,,,,,,,,,,,,,,,,everyone_toilet,佐賀県 みんなのトイレ,https://www.pref.saga.lg.jp/kiji00375898/index.html,2023-08-01,private:228,source_type=民間施設; toilet_type=一般ﾄｲﾚ,
41,佐賀県,41202,唐津市,,ﾈｯﾂﾄﾖﾀ株式会社唐津店,,,,唐津市和多田大土井9-23,,,,no,yes,,,,,,,no,,yes,yes,,,,,,,,,,,,,,,,,everyone_toilet,佐賀県 みんなのトイレ,https://www.pref.saga.lg.jp/kiji00375898/index.html,2023-08-01,private:229,source_type=民間施設; toilet_type=車いす,
41,佐賀県,41202,唐津市,,ﾀﾞｲﾚｯｸｽ鏡店,,,,唐津市鏡3490-1,,,,no,yes,,,,,,,no,,yes,no,,,,,,,,,,,,,,,,,everyone_toilet,佐賀県 みんなのトイレ,https://www.pref.saga.lg.jp/kiji00375898/index.html,2023-08-01,private:230,source_type=民間施設; toilet_type=車いす,
41,佐賀県,41202,唐津市,,株式会社もち吉 唐津店,,,,唐津市鏡3703-3,,,,no,yes,,,,,,,no,,no,yes,,,,,,,,,,,,,,,,,everyone_toilet,佐賀県 みんなのトイレ,https://www.pref.saga.lg.jp/kiji00375898/index.html,2023-08-01,private:231,source_type=民間施設; toilet_type=車いす,
41,佐賀県,41202,唐津市,,ｾﾌﾞﾝｲﾚﾌﾞﾝ唐津佐志浜店,,,,唐津市佐志浜4179-1,,,,no,yes,,,,,,,no,,no,no,,,,,,,,,,,,,,,,,everyone_toilet,佐賀県 みんなのトイレ,https://www.pref.saga.lg.jp/kiji00375898/index.html,2023-08-01,private:232,source_type=民間施設; toilet_type=一般ﾄｲﾚ,
41,佐賀県,41202,唐津市,,ﾄﾞｺﾓｼｮｯﾌﾟ 唐津店,,,,唐津市材木町2106-1玉置本社ビル1F,,,,no,yes,,,,,,,no,,yes,no,,,,,,,,,,,,,,,,,everyone_toilet,佐賀県 みんなのトイレ,https://www.pref.saga.lg.jp/kiji00375898/index.html,2023-08-01,private:233,source_type=民間施設; toilet_type=車いす,
41,佐賀県,41202,唐津市,,ｾﾌﾞﾝｲﾚﾌﾞﾝ唐津幸多里の浜店,,,,唐津市黒崎5038-2,,,,no,yes,,,,,,,no,,no,no,,,,,,,,,,,,,,,,,everyone_toilet,佐賀県 みんなのトイレ,https://www.pref.saga.lg.jp/kiji00375898/index.html,2023-08-01,private:234,source_type=民間施設; toilet_type=一般ﾄｲﾚ,
41,佐賀県,41202,唐津市,,宮崎外科胃腸科,,,,唐津市新興町3001-1,,,,no,yes,,,,,,,no,,no,no,,,,,,,,,,,,,,,,,everyone_toilet,佐賀県 みんなのトイレ,https://www.pref.saga.lg.jp/kiji00375898/index.html,2023-08-01,private:235,source_type=民間施設; toilet_type=車いす,
41,佐賀県,41202,唐津市,,松籟病院,,,,唐津市鏡4304-1,,,,no,yes,,,,,,,no,,no,no,,,,,,,,,,,,,,,,,everyone_toilet,佐賀県 みんなのトイレ,https://www.pref.saga.lg.jp/kiji00375898/index.html,2023-08-01,private:236,source_type=民間施設; toilet_type=車いす,
41,佐賀県,41202,唐津市,,深川皮膚科,,,,唐津市朝日町1057-21,,,,no,yes,,,,,,,no,,no,yes,,,,,,,,,,,,,,,,,everyone_toilet,佐賀県 みんなのトイレ,https://www.pref.saga.lg.jp/kiji00375898/index.html,2023-08-01,private:237,source_type=民間施設; toilet_type=一般ﾄｲﾚ,
41,佐賀県,41202,唐津市,,医療法人ますらお 松尾歯科医院,,,,唐津市浜玉町浜崎1885,,,,no,yes,,,,,,,no,,no,yes,,,,,,,,,,,,,,,,,everyone_toilet,佐賀県 みんなのトイレ,https://www.pref.saga.lg.jp/kiji00375898/index.html,2023-08-01,private:238,source_type=民間施設; toilet_type=一般ﾄｲﾚ,
41,佐賀県,41202,唐津市,,虹と海のﾎｽﾋﾟﾀﾙ,,,,唐津市原1015,,,,no,yes,,,,,,,no,,yes,yes,,,,,,,,,,,,,,,,,everyone_toilet,佐賀県 みんなのトイレ,https://www.pref.saga.lg.jp/kiji00375898/index.html,2023-08-01,private:239,source_type=民間施設; toilet_type=車いす,
41,佐賀県,41202,唐津市,,ｾﾌﾞﾝｲﾚﾌﾞﾝ唐津栄町店,,,,唐津市栄町2573-3,,,,no,yes,,,,,,,no,,no,no,,,,,,,,,,,,,,,,,everyone_toilet,佐賀県 みんなのトイレ,https://www.pref.saga.lg.jp/kiji00375898/index.html,2023-08-01,private:240,source_type=民間施設; toilet_type=一般ﾄｲﾚ,
41,佐賀県,41202,唐津市,,医療法人修腎会 藤﨑病院,,,,唐津市栄町2576－9,,,,no,yes,,,,,,,no,,yes,no,,,,,,,,,,,,,,,,,everyone_toilet,佐賀県 みんなのトイレ,https://www.pref.saga.lg.jp/kiji00375898/index.html,2023-08-01,private:241,source_type=民間施設; toilet_type=車いす,
41,佐賀県,41202,唐津市,,西唐津郵便局,,,,唐津市西唐津2丁目6229-8,,,,no,yes,,,,,,,no,,no,no,,,,,,,,,,,,,,,,,everyone_toilet,佐賀県 みんなのトイレ,https://www.pref.saga.lg.jp/kiji00375898/index.html,2023-08-01,private:242,source_type=民間施設; toilet_type=車いす,
41,佐賀県,41202,唐津市,,（株）唐津公善社 海の見える丘斎場,,,,唐津市鎮西町横竹1225-1,,,,no,yes,,,,,,,no,,no,no,,,,,,,,,,,,,,,,,everyone_toilet,佐賀県 みんなのトイレ,https://www.pref.saga.lg.jp/kiji00375898/index.html,2023-08-01,private:243,source_type=民間施設; toilet_type=一般ﾄｲﾚ,
41,佐賀県,41202,唐津市,,（株）唐津公善社 梅崎斎場,,,,唐津市肥前町梅崎191-82,,,,no,yes,,,,,,,no,,no,no,,,,,,,,,,,,,,,,,everyone_toilet,佐賀県 みんなのトイレ,https://www.pref.saga.lg.jp/kiji00375898/index.html,2023-08-01,private:244,source_type=民間施設; toilet_type=一般ﾄｲﾚ,
41,佐賀県,41202,唐津市,,国民宿舎 虹の松原ﾎﾃﾙ,,,,唐津市東唐津4丁目虹の松原,,,,no,yes,,,,,,,no,,yes,no,,,,,,,,,,,,,,,,,everyone_toilet,佐賀県 みんなのトイレ,https://www.pref.saga.lg.jp/kiji00375898/index.html,2023-08-01,private:245,source_type=民間施設; toilet_type=車いす,
41,佐賀県,41202,唐津市,,唐津ｼｰｻｲﾄﾞﾎﾃﾙ,,,,唐津市東唐津4－182,,,,no,yes,,,,,,,no,,yes,yes,,,,,,,,,,,,,,,,,everyone_toilet,佐賀県 みんなのトイレ,https://www.pref.saga.lg.jp/kiji00375898/index.html,2023-08-01,private:246,source_type=民間施設; toilet_type=車いす,
41,佐賀県,41202,唐津市,,ｸﾘｰﾝﾊﾟｰｸさが,,,,唐津市鎮西町菖蒲3700番地20,,,,no,yes,,,,,,,no,,no,no,,,,,,,,,,,,,,,,,everyone_toilet,佐賀県 みんなのトイレ,https://www.pref.saga.lg.jp/kiji00375898/index.html,2023-08-01,private:247,source_type=民間施設; toilet_type=車いす,
41,佐賀県,41202,唐津市,,ｽｰﾊﾟｰﾓﾘﾅｶﾞ 唐津佐志店,,,,唐津市佐志南3820番地1,,,,yes,yes,,,,,,,yes,,yes,no,,,,,,,,,,,,,,,,,everyone_toilet,佐賀県 みんなのトイレ,https://www.pref.saga.lg.jp/kiji00375898/index.html,2023-08-01,private:248,source_type=民間施設; toilet_type=多機能,
41,佐賀県,41387,玄海町,,玄海ｴﾈﾙｷﾞｰﾊﾟｰｸ 館内便所,,,,東松浦郡玄海町大字今村字浅湖4112-1,,,,no,yes,,,,,,,no,,no,no,,,,,,,,,,,,,,,,,everyone_toilet,佐賀県 みんなのトイレ,https://www.pref.saga.lg.jp/kiji00375898/index.html,2023-08-01,private:249,source_type=民間施設; toilet_type=車いす,
41,佐賀県,41387,玄海町,,玄海ｴﾈﾙｷﾞｰﾊﾟｰｸ 屋外便所,,,,東松浦郡玄海町大字今村字浅湖4112-1,,,,no,yes,,,,,,,no,,yes,no,,,,,,,,,,,,,,,,,everyone_toilet,佐賀県 みんなのトイレ,https://www.pref.saga.lg.jp/kiji00375898/index.html,2023-08-01,private:250,source_type=民間施設; toilet_type=車いす,
41,佐賀県,41387,玄海町,,玄海ｴﾈﾙｷﾞｰﾊﾟｰｸ 観賞用温室屋外便所,,,,東松浦郡玄海町大字今村字浅湖4112-1,,,,no,yes,,,,,,,no,,no,no,,,,,,,,,,,,,,,,,everyone_toilet,佐賀県 みんなのトイレ,https://www.pref.saga.lg.jp/kiji00375898/index.html,2023-08-01,private:251,source_type=民間施設; toilet_type=車いす,
41,佐賀県,41387,玄海町,,医療法人 田渕医院,,,,東松浦郡玄海町大字諸浦6番地1,,,,no,yes,,,,,,,no,,no,no,,,,,,,,,,,,,,,,,everyone_toilet,佐賀県 みんなのトイレ,https://www.pref.saga.lg.jp/kiji00375898/index.html,2023-08-01,private:252,source_type=民間施設; toilet_type=車いす,
41,佐賀県,41203,鳥栖市,,九州電力株式会社 鳥栖営業所,,,,鳥栖市秋葉町3丁目29-1,,,,no,yes,,,,,,,no,,no,no,,,,,,,,,,,,,,,,,everyone_toilet,佐賀県 みんなのトイレ,https://www.pref.saga.lg.jp/kiji00375898/index.html,2023-08-01,private:253,source_type=民間施設; toilet_type=車いす,
41,佐賀県,41203,鳥栖市,,鳥栖ﾌﾟﾚﾐｱﾑ・ｱｳﾄﾚｯﾄ,,,,鳥栖市弥生が丘8-1,,,,yes,yes,,,,,,,yes,,yes,yes,,,,,,,,,,,,,,,,,everyone_toilet,佐賀県 みんなのトイレ,https://www.pref.saga.lg.jp/kiji00375898/index.html,2023-08-01,private:254,source_type=民間施設; toilet_type=多機能,
41,佐賀県,41203,鳥栖市,,医療法人啓心会 啓心会病院,,,,鳥栖市原町670-1,,,,no,yes,,,,,,,no,,no,no,,,,,,,,,,,,,,,,,everyone_toilet,佐賀県 みんなのトイレ,https://www.pref.saga.lg.jp/kiji00375898/index.html,2023-08-01,private:255,source_type=民間施設; toilet_type=車いす,
41,佐賀県,41203,鳥栖市,,九州龍谷短期大学,,,,鳥栖市村田町岩井手1350,,,,no,yes,,,,,,,no,,no,no,,,,,,,,,,,,,,,,,everyone_toilet,佐賀県 みんなのトイレ,https://www.pref.saga.lg.jp/kiji00375898/index.html,2023-08-01,private:256,source_type=民間施設; toilet_type=車いす,
41,佐賀県,41203,鳥栖市,,ﾎｰﾑﾌﾟﾗｻﾞﾅﾌｺ 鳥栖店,,,,鳥栖市真木町1712-1,,,,no,yes,,,,,,,no,,no,no,,,,,,,,,,,,,,,,,everyone_toilet,佐賀県 みんなのトイレ,https://www.pref.saga.lg.jp/kiji00375898/index.html,2023-08-01,private:257,source_type=民間施設; toilet_type=車いす,
41,佐賀県,41203,鳥栖市,,ｺｽﾓﾎｰﾙとす,,,,鳥栖市田代大官町805-1,,,,no,yes,,,,,,,no,,no,no,,,,,,,,,,,,,,,,,everyone_toilet,佐賀県 みんなのトイレ,https://www.pref.saga.lg.jp/kiji00375898/index.html,2023-08-01,private:265,source_type=民間施設; toilet_type=車いす,
41,佐賀県,41203,鳥栖市,,医療法人芳生会 和田内科循環器科,,,,鳥栖市原古賀町1334-8,,,,no,yes,,,,,,,no,,no,no,,,,,,,,,,,,,,,,,everyone_toilet,佐賀県 みんなのトイレ,https://www.pref.saga.lg.jp/kiji00375898/index.html,2023-08-01,private:266,source_type=民間施設; toilet_type=車いす,
41,佐賀県,41203,鳥栖市,,社会福祉法人あさひ会 朝日山学園,,,,鳥栖市江島町字西谷3300-1,,,,no,yes,,,,,,,no,,no,no,,,,,,,,,,,,,,,,,everyone_toilet,佐賀県 みんなのトイレ,https://www.pref.saga.lg.jp/kiji00375898/index.html,2023-08-01,private:267,source_type=民間施設; toilet_type=車いす,
41,佐賀県,41203,鳥栖市,,ﾄｽｽﾃｰｼｮﾝﾎﾃﾙﾏﾂｻﾞｶ,,,,鳥栖市京町724-3,,,,no,yes,,,,,,,no,,no,no,,,,,,,,,,,,,,,,,everyone_toilet,佐賀県 みんなのトイレ,https://www.pref.saga.lg.jp/kiji00375898/index.html,2023-08-01,private:268,source_type=民間施設; toilet_type=車いす,
41,佐賀県,41203,鳥栖市,,中冨記念くすり博物館,,,,鳥栖市神辺町288-1,,,,no,yes,,,,,,,no,,yes,no,,,,,,,,,,,,,,,,,everyone_toilet,佐賀県 みんなのトイレ,https://www.pref.saga.lg.jp/kiji00375898/index.html,2023-08-01,private:269,source_type=民間施設; toilet_type=車いす,
41,佐賀県,41203,鳥栖市,,（財）鳥栖市地域振興財団 ｻﾝﾒｯｾ鳥栖,,,,鳥栖市本鳥栖町1819,,,,no,yes,,,,,,,no,,yes,no,,,,,,,,,,,,,,,,,everyone_toilet,佐賀県 みんなのトイレ,https://www.pref.saga.lg.jp/kiji00375898/index.html,2023-08-01,private:270,source_type=民間施設; toilet_type=車いす,
41,佐賀県,41203,鳥栖市,,ﾍﾞｽﾄｱﾒﾆﾃｨｽﾀｼﾞｱﾑ,,,,鳥栖市京町812,,,,no,yes,,,,,,,no,,yes,no,,,,,,,,,,,,,,,,,everyone_toilet,佐賀県 みんなのトイレ,https://www.pref.saga.lg.jp/kiji00375898/index.html,2023-08-01,private:271,source_type=民間施設; toilet_type=車いす,
41,佐賀県,41203,鳥栖市,,鳥栖・三養基地区消防事務組合,,,,鳥栖市本町3丁目1488-1,,,,no,yes,,,,,,,no,,no,no,,,,,,,,,,,,,,,,,everyone_toilet,佐賀県 みんなのトイレ,https://www.pref.saga.lg.jp/kiji00375898/index.html,2023-08-01,private:272,source_type=民間施設; toilet_type=車いす,
41,佐賀県,41203,鳥栖市,,（株）ﾚｯﾄﾞｷｬﾍﾞﾂ蔵上店,,,,鳥栖市蔵上4丁目3-3,,,,no,yes,,,,,,,no,,no,no,,,,,,,,,,,,,,,,,everyone_toilet,佐賀県 みんなのトイレ,https://www.pref.saga.lg.jp/kiji00375898/index.html,2023-08-01,private:273,source_type=民間施設; toilet_type=車いす,
41,佐賀県,41203,鳥栖市,,ﾁｻﾝｲﾝ鳥栖,,,,鳥栖市弥生が丘6丁目84,,,,no,yes,,,,,,,no,,no,yes,,,,,,,,,,,,,,,,,everyone_toilet,佐賀県 みんなのトイレ,https://www.pref.saga.lg.jp/kiji00375898/index.html,2023-08-01,private:274,source_type=民間施設; toilet_type=車いす,
41,佐賀県,41203,鳥栖市,,社会福祉法人健翔会 ｹｱﾊｳｽ ｺｽﾓｽの園,,,,鳥栖市田代本町924-1,,,,no,yes,,,,,,,no,,no,no,,,,,,,,,,,,,,,,,everyone_toilet,佐賀県 みんなのトイレ,https://www.pref.saga.lg.jp/kiji00375898/index.html,2023-08-01,private:275,source_type=民間施設; toilet_type=車いす,
41,佐賀県,41203,鳥栖市,,国土交通省九州地方整備局 佐賀国道事務所 鳥栖維持出張所,,,,鳥栖市田代昌町字石町492,,,,yes,yes,,,,,,,yes,,yes,no,,,,,,,,,,,,,,,,,everyone_toilet,佐賀県 みんなのトイレ,https://www.pref.saga.lg.jp/kiji00375898/index.html,2023-08-01,private:276,source_type=民間施設; toilet_type=多機能,
41,佐賀県,41203,鳥栖市,,九州旅客鉄道株式会社 鳥栖駅,,,,鳥栖市京町709,,,,yes,yes,,,,,,,yes,,yes,no,,,,,,,,,,,,,,,,,everyone_toilet,佐賀県 みんなのトイレ,https://www.pref.saga.lg.jp/kiji00375898/index.html,2023-08-01,private:277,source_type=民間施設; toilet_type=多機能,
41,佐賀県,41203,鳥栖市,,鳥栖駅前公衆便所,,,,鳥栖市京町668-15,,,,no,yes,,,,,,,no,,yes,no,,,,,,,,,,,,,,,,,everyone_toilet,佐賀県 みんなのトイレ,https://www.pref.saga.lg.jp/kiji00375898/index.html,2023-08-01,private:278,source_type=民間施設; toilet_type=車いす,
41,佐賀県,41203,鳥栖市,,JR弥生が丘駅ﾄｲﾚ,,,,鳥栖市永吉町633-1,,,,no,yes,,,,,,,no,,no,no,,,,,,,,,,,,,,,,,everyone_toilet,佐賀県 みんなのトイレ,https://www.pref.saga.lg.jp/kiji00375898/index.html,2023-08-01,private:279,source_type=民間施設; toilet_type=車いす,
41,佐賀県,41203,鳥栖市,,ﾍﾞｽﾄ電器B・B 鳥栖店,,,,鳥栖市宿町字原田962-7,,,,no,yes,,,,,,,no,,no,no,,,,,,,,,,,,,,,,,everyone_toilet,佐賀県 みんなのトイレ,https://www.pref.saga.lg.jp/kiji00375898/index.html,2023-08-01,private:280,source_type=民間施設; toilet_type=車いす,
41,佐賀県,41203,鳥栖市,,九州医療専門学校 桜町ｷｬﾝﾊﾟｽ,,,,鳥栖市桜町1449-1,,,,no,yes,,,,,,,no,,no,no,,,,,,,,,,,,,,,,,everyone_toilet,佐賀県 みんなのトイレ,https://www.pref.saga.lg.jp/kiji00375898/index.html,2023-08-01,private:281,source_type=民間施設; toilet_type=車いす,
41,佐賀県,41203,鳥栖市,,九州医療専門学校 松原ｷｬﾝﾊﾟｽ,,,,鳥栖市松原町1709-2,,,,no,yes,,,,,,,no,,no,no,,,,,,,,,,,,,,,,,everyone_toilet,佐賀県 みんなのトイレ,https://www.pref.saga.lg.jp/kiji00375898/index.html,2023-08-01,private:282,source_type=民間施設; toilet_type=車いす,
41,佐賀県,41203,鳥栖市,,小規模多機能型居宅介護事業所 いちょうの樹どうあん,,,,鳥栖市山浦町2977-3,,,,no,yes,,,,,,,no,,no,no,,,,,,,,,,,,,,,,,everyone_toilet,佐賀県 みんなのトイレ,https://www.pref.saga.lg.jp/kiji00375898/index.html,2023-08-01,private:283,source_type=民間施設; toilet_type=車いす,
41,佐賀県,41203,鳥栖市,,ｸﾞﾙｰﾌﾟﾎｰﾑどうあん,,,,鳥栖市山浦町2975-5,,,,no,yes,,,,,,,no,,no,no,,,,,,,,,,,,,,,,,everyone_toilet,佐賀県 みんなのトイレ,https://www.pref.saga.lg.jp/kiji00375898/index.html,2023-08-01,private:284,source_type=民間施設; toilet_type=車いす,
41,佐賀県,41203,鳥栖市,,ﾎﾃﾙ ﾋﾞｱﾝﾄｽ,,,,鳥栖市酒井西町789-1,,,,no,yes,,,,,,,no,,no,no,,,,,,,,,,,,,,,,,everyone_toilet,佐賀県 みんなのトイレ,https://www.pref.saga.lg.jp/kiji00375898/index.html,2023-08-01,private:285,source_type=民間施設; toilet_type=車いす,
41,佐賀県,41203,鳥栖市,,なるほど見聞館,,,,鳥栖市轟木町1760,,,,no,yes,,,,,,,no,,no,no,,,,,,,,,,,,,,,,,everyone_toilet,佐賀県 みんなのトイレ,https://www.pref.saga.lg.jp/kiji00375898/index.html,2023-08-01,private:286,source_type=民間施設; toilet_type=車いす,
41,佐賀県,41203,鳥栖市,,鳥栖公共職業安定所,,,,鳥栖市東町1-1073,,,,no,yes,,,,,,,no,,yes,no,,,,,,,,,,,,,,,,,everyone_toilet,佐賀県 みんなのトイレ,https://www.pref.saga.lg.jp/kiji00375898/index.html,2023-08-01,private:287,source_type=民間施設; toilet_type=車いす,
41,佐賀県,41203,鳥栖市,,ｽｰﾊﾟｰｾﾝﾀｰｲｽﾞﾐ鳥栖,,,,鳥栖市轟木町1173,,,,no,yes,,,,,,,no,,no,no,,,,,,,,,,,,,,,,,everyone_toilet,佐賀県 みんなのトイレ,https://www.pref.saga.lg.jp/kiji00375898/index.html,2023-08-01,private:288,source_type=民間施設; toilet_type=車いす,
41,佐賀県,41203,鳥栖市,,（財）本町会館,,,,鳥栖市本町２丁目74-5,,,,no,yes,,,,,,,no,,yes,no,,,,,,,,,,,,,,,,,everyone_toilet,佐賀県 みんなのトイレ,https://www.pref.saga.lg.jp/kiji00375898/index.html,2023-08-01,private:289,source_type=民間施設; toilet_type=車いす,
41,佐賀県,41203,鳥栖市,,鳥栖簡易裁判所,,,,鳥栖市秋葉町３丁目28-1,,,,no,yes,,,,,,,no,,yes,no,,,,,,,,,,,,,,,,,everyone_toilet,佐賀県 みんなのトイレ,https://www.pref.saga.lg.jp/kiji00375898/index.html,2023-08-01,private:290,source_type=民間施設; toilet_type=車いす,
41,佐賀県,41203,鳥栖市,,（有）とすのとんかつ きむら本店,,,,鳥栖市養父町482-1,,,,no,yes,,,,,,,no,,no,no,,,,,,,,,,,,,,,,,everyone_toilet,佐賀県 みんなのトイレ,https://www.pref.saga.lg.jp/kiji00375898/index.html,2023-08-01,private:291,source_type=民間施設; toilet_type=車いす,
41,佐賀県,41203,鳥栖市,,まちの駅とす,,,,鳥栖市真木町1513,,,,no,yes,,,,,,,no,,yes,no,,,,,,,,,,,,,,,,,everyone_toilet,佐賀県 みんなのトイレ,https://www.pref.saga.lg.jp/kiji00375898/index.html,2023-08-01,private:292,source_type=民間施設; toilet_type=車いす,
41,佐賀県,41203,鳥栖市,,ﾏｯｸｽﾊﾞﾘｭ九州くらし館曽根崎店,,,,鳥栖市曽根崎町1641-1,,,,no,yes,,,,,,,no,,no,no,,,,,,,,,,,,,,,,,everyone_toilet,佐賀県 みんなのトイレ,https://www.pref.saga.lg.jp/kiji00375898/index.html,2023-08-01,private:293,source_type=民間施設; toilet_type=車いす,
41,佐賀県,41203,鳥栖市,,協同組合 鳥栖商工センター会館,,,,鳥栖市藤木町字若桜2番1,,,,no,yes,,,,,,,no,,no,no,,,,,,,,,,,,,,,,,everyone_toilet,佐賀県 みんなのトイレ,https://www.pref.saga.lg.jp/kiji00375898/index.html,2023-08-01,private:294,source_type=民間施設; toilet_type=車いす,
41,佐賀県,41203,鳥栖市,,（株）ﾎﾝﾀﾞｶｰｽﾞ福岡 ｵｰﾄﾃﾗｽ鳥栖,,,,鳥栖市真木町1976-1,,,,no,yes,,,,,,,no,,yes,yes,,,,,,,,,,,,,,,,,everyone_toilet,佐賀県 みんなのトイレ,https://www.pref.saga.lg.jp/kiji00375898/index.html,2023-08-01,private:295,source_type=民間施設; toilet_type=車いす,
41,佐賀県,41203,鳥栖市,,ﾌﾚｽﾎﾟ鳥栖（1階北側）,,,,鳥栖市本鳥栖町537-1,,,,yes,yes,,,,,,,yes,,yes,no,,,,,,,,,,,,,,,,,everyone_toilet,佐賀県 みんなのトイレ,https://www.pref.saga.lg.jp/kiji00375898/index.html,2023-08-01,private:296,source_type=民間施設; toilet_type=多機能,
41,佐賀県,41203,鳥栖市,,ﾌﾚｽﾎﾟ鳥栖（1階東側）,,,,鳥栖市本鳥栖町537-1,,,,no,yes,,,,,,,no,,no,no,,,,,,,,,,,,,,,,,everyone_toilet,佐賀県 みんなのトイレ,https://www.pref.saga.lg.jp/kiji00375898/index.html,2023-08-01,private:297,source_type=民間施設; toilet_type=車いす,
41,佐賀県,41203,鳥栖市,,ﾌﾚｽﾎﾟ鳥栖（2階東側）,,,,鳥栖市本鳥栖町537-1,,,,no,yes,,,,,,,no,,no,no,,,,,,,,,,,,,,,,,everyone_toilet,佐賀県 みんなのトイレ,https://www.pref.saga.lg.jp/kiji00375898/index.html,2023-08-01,private:298,source_type=民間施設; toilet_type=車いす,
41,佐賀県,41203,鳥栖市,,ﾌﾚｽﾎﾟ鳥栖（2階中央側）,,,,鳥栖市本鳥栖町537-1,,,,yes,yes,,,,,,,yes,,yes,no,,,,,,,,,,,,,,,,,everyone_toilet,佐賀県 みんなのトイレ,https://www.pref.saga.lg.jp/kiji00375898/index.html,2023-08-01,private:299,source_type=民間施設; toilet_type=多機能,
41,佐賀県,41203,鳥栖市,,ﾌｧﾐﾘｰﾏｰﾄ鳥栖弥生が丘店,,,,鳥栖市弥生が丘2-17,,,,no,yes,,,,,,,no,,no,yes,,,,,,,,,,,,,,,,,everyone_toilet,佐賀県 みんなのトイレ,https://www.pref.saga.lg.jp/kiji00375898/index.html,2023-08-01,private:300,source_type=民間施設; toilet_type=車いす,
41,佐賀県,41203,鳥栖市,,（株）ｻﾝｷ鳥栖店,,,,鳥栖市弥生ヶ丘1-9,,,,no,yes,,,,,,,no,,yes,yes,,,,,,,,,,,,,,,,,everyone_toilet,佐賀県 みんなのトイレ,https://www.pref.saga.lg.jp/kiji00375898/index.html,2023-08-01,private:301,source_type=民間施設; toilet_type=車いす,
41,佐賀県,41203,鳥栖市,,やよいがおか鹿毛病院,,,,鳥栖市弥生が丘二丁目143,,,,no,yes,,,,,,,no,,yes,no,,,,,,,,,,,,,,,,,everyone_toilet,佐賀県 みんなのトイレ,https://www.pref.saga.lg.jp/kiji00375898/index.html,2023-08-01,private:302,source_type=民間施設; toilet_type=車いす,
41,佐賀県,41203,鳥栖市,,医療法人 まごころ医療館,,,,鳥栖市蔵上２丁目210,,,,no,yes,,,,,,,no,,no,no,,,,,,,,,,,,,,,,,everyone_toilet,佐賀県 みんなのトイレ,https://www.pref.saga.lg.jp/kiji00375898/index.html,2023-08-01,private:303,source_type=民間施設; toilet_type=一般ﾄｲﾚ,
41,佐賀県,41203,鳥栖市,,医療法人社団三善会 山津医院,,,,鳥栖市萱方町270,,,,no,yes,,,,,,,no,,no,no,,,,,,,,,,,,,,,,,everyone_toilet,佐賀県 みんなのトイレ,https://www.pref.saga.lg.jp/kiji00375898/index.html,2023-08-01,private:304,source_type=民間施設; toilet_type=車いす,
41,佐賀県,41203,鳥栖市,,ﾌﾞﾘｰｽﾞﾚｲ･ﾌﾟﾗｲﾍﾞｰﾄﾃﾗｽ,,,,鳥栖市弥生が丘6-20,,,,no,yes,,,,,,,no,,yes,no,,,,,,,,,,,,,,,,,everyone_toilet,佐賀県 みんなのトイレ,https://www.pref.saga.lg.jp/kiji00375898/index.html,2023-08-01,private:305,source_type=民間施設; toilet_type=車いす,
41,佐賀県,41203,鳥栖市,,ｻﾝﾎﾃﾙ鳥栖,,,,鳥栖市京町781-1,,,,no,yes,,,,,,,no,,no,no,,,,,,,,,,,,,,,,,everyone_toilet,佐賀県 みんなのトイレ,https://www.pref.saga.lg.jp/kiji00375898/index.html,2023-08-01,private:306,source_type=民間施設; toilet_type=車いす,
41,佐賀県,41203,鳥栖市,,佐賀競馬場 ｽﾀﾝﾄﾞ1階東側,,,,鳥栖市江島町字西谷3256-228,,,,no,yes,,,,,,,no,,no,no,,,,,,,,,,,,,,,,,everyone_toilet,佐賀県 みんなのトイレ,https://www.pref.saga.lg.jp/kiji00375898/index.html,2023-08-01,private:307,source_type=民間施設; toilet_type=車いす,
41,佐賀県,41203,鳥栖市,,佐賀競馬場 ｽﾀﾝﾄﾞ1階西側,,,,鳥栖市江島町字西谷3256-228,,,,no,yes,,,,,,,no,,no,no,,,,,,,,,,,,,,,,,everyone_toilet,佐賀県 みんなのトイレ,https://www.pref.saga.lg.jp/kiji00375898/index.html,2023-08-01,private:308,source_type=民間施設; toilet_type=車いす,
41,佐賀県,41203,鳥栖市,,ﾛｰｿﾝ鳥栖ｲﾝﾀｰ店,,,,鳥栖市田代本町中島871-1,,,,no,yes,,,,,,,no,,yes,no,,,,,,,,,,,,,,,,,everyone_toilet,佐賀県 みんなのトイレ,https://www.pref.saga.lg.jp/kiji00375898/index.html,2023-08-01,private:309,source_type=民間施設; toilet_type=車いす,
41,佐賀県,41203,鳥栖市,,ﾌｧﾐﾘｰﾏｰﾄ鳥栖あさひ新町店,,,,鳥栖市あさひ新町82-28,,,,no,yes,,,,,,,no,,no,yes,,,,,,,,,,,,,,,,,everyone_toilet,佐賀県 みんなのトイレ,https://www.pref.saga.lg.jp/kiji00375898/index.html,2023-08-01,private:310,source_type=民間施設; toilet_type=車いす,
41,佐賀県,41203,鳥栖市,,ｾﾌﾞﾝｲﾚﾌﾞﾝ鳥栖曽根崎町店,,,,鳥栖市曽根崎町1144-1,,,,no,yes,,,,,,,no,,no,no,,,,,,,,,,,,,,,,,everyone_toilet,佐賀県 みんなのトイレ,https://www.pref.saga.lg.jp/kiji00375898/index.html,2023-08-01,private:311,source_type=民間施設; toilet_type=一般ﾄｲﾚ,
41,佐賀県,41203,鳥栖市,,ｾﾌﾞﾝｲﾚﾌﾞﾝ鳥栖田代大官町店,,,,鳥栖市田代大官町803-1,,,,no,yes,,,,,,,no,,no,no,,,,,,,,,,,,,,,,,everyone_toilet,佐賀県 みんなのトイレ,https://www.pref.saga.lg.jp/kiji00375898/index.html,2023-08-01,private:312,source_type=民間施設; toilet_type=一般ﾄｲﾚ,
41,佐賀県,41203,鳥栖市,,ｾﾌﾞﾝｲﾚﾌﾞﾝ鳥栖宿町店,,,,鳥栖市宿町1237-8,,,,no,yes,,,,,,,no,,no,no,,,,,,,,,,,,,,,,,everyone_toilet,佐賀県 みんなのトイレ,https://www.pref.saga.lg.jp/kiji00375898/index.html,2023-08-01,private:313,source_type=民間施設; toilet_type=一般ﾄｲﾚ,
41,佐賀県,41203,鳥栖市,,ﾀﾞｲﾅﾑ佐賀鳥栖店,,,,鳥栖市真木町字荒巻1712-7,,,,no,yes,,,,,,,no,,no,no,,,,,,,,,,,,,,,,,everyone_toilet,佐賀県 みんなのトイレ,https://www.pref.saga.lg.jp/kiji00375898/index.html,2023-08-01,private:314,source_type=民間施設; toilet_type=車いす,
41,佐賀県,41203,鳥栖市,,医療法人田尻外科 胃腸科医院,,,,鳥栖市幸津町1761-1,,,,no,yes,,,,,,,no,,no,no,,,,,,,,,,,,,,,,,everyone_toilet,佐賀県 みんなのトイレ,https://www.pref.saga.lg.jp/kiji00375898/index.html,2023-08-01,private:315,source_type=民間施設; toilet_type=車いす,
41,佐賀県,41203,鳥栖市,,グリーンリッチホテル鳥栖駅前,,,,鳥栖市京町726,,,,no,yes,,,,,,,no,,yes,no,,,,,,,,,,,,,,,,,everyone_toilet,佐賀県 みんなのトイレ,https://www.pref.saga.lg.jp/kiji00375898/index.html,2023-08-01,private:316,source_type=民間施設; toilet_type=車いす,
41,佐賀県,41203,鳥栖市,,医療福祉専門学校 緑生館（総合看護学科）,,,,鳥栖市西新町1422-47,,,,no,yes,,,,,,,no,,no,no,,,,,,,,,,,,,,,,,everyone_toilet,佐賀県 みんなのトイレ,https://www.pref.saga.lg.jp/kiji00375898/index.html,2023-08-01,private:317,source_type=民間施設; toilet_type=車いす,
41,佐賀県,41203,鳥栖市,,ソフトバンク鳥栖,,,,鳥栖市轟木町字二本松1597-4,,,,no,yes,,,,,,,no,,no,no,,,,,,,,,,,,,,,,,everyone_toilet,佐賀県 みんなのトイレ,https://www.pref.saga.lg.jp/kiji00375898/index.html,2023-08-01,private:318,source_type=民間施設; toilet_type=車いす,
41,佐賀県,41203,鳥栖市,,ドコモショップ鳥栖店,,,,鳥栖市轟木町1803-10,,,,no,yes,,,,,,,no,,yes,no,,,,,,,,,,,,,,,,,everyone_toilet,佐賀県 みんなのトイレ,https://www.pref.saga.lg.jp/kiji00375898/index.html,2023-08-01,private:319,source_type=民間施設; toilet_type=車いす,
41,佐賀県,41203,鳥栖市,,医療法人社団 如水会 今村病院 新館,,,,鳥栖市轟木町1523-6,,,,no,yes,,,,,,,no,,no,no,,,,,,,,,,,,,,,,,everyone_toilet,佐賀県 みんなのトイレ,https://www.pref.saga.lg.jp/kiji00375898/index.html,2023-08-01,private:320,source_type=民間施設; toilet_type=車いす,
41,佐賀県,41203,鳥栖市,,医療法人社団 如水会 今村病院 別館,,,,鳥栖市轟木町1523-6,,,,no,yes,,,,,,,no,,no,no,,,,,,,,,,,,,,,,,everyone_toilet,佐賀県 みんなのトイレ,https://www.pref.saga.lg.jp/kiji00375898/index.html,2023-08-01,private:321,source_type=民間施設; toilet_type=車いす,
41,佐賀県,41203,鳥栖市,,医療法人社団 如水会 今村病院 外来病棟,,,,鳥栖市轟木町1523-6,,,,no,yes,,,,,,,no,,yes,no,,,,,,,,,,,,,,,,,everyone_toilet,佐賀県 みんなのトイレ,https://www.pref.saga.lg.jp/kiji00375898/index.html,2023-08-01,private:322,source_type=民間施設; toilet_type=車いす,
41,佐賀県,41203,鳥栖市,,佐賀地方法務局 鳥栖出張所,,,,鳥栖市秋葉町三丁目26-1,,,,no,yes,,,,,,,no,,no,no,,,,,,,,,,,,,,,,,everyone_toilet,佐賀県 みんなのトイレ,https://www.pref.saga.lg.jp/kiji00375898/index.html,2023-08-01,private:323,source_type=民間施設; toilet_type=車いす,
41,佐賀県,41203,鳥栖市,,グループホームみどりヶ丘,,,,鳥栖市山浦町2621-1,,,,no,yes,,,,,,,no,,no,no,,,,,,,,,,,,,,,,,everyone_toilet,佐賀県 みんなのトイレ,https://www.pref.saga.lg.jp/kiji00375898/index.html,2023-08-01,private:324,source_type=民間施設; toilet_type=車いす,
41,佐賀県,41203,鳥栖市,,通所ﾘﾊﾋﾞﾘﾃｰｼｮﾝふれあい,,,,鳥栖市東町一丁目1059-16,,,,no,yes,,,,,,,no,,no,no,,,,,,,,,,,,,,,,,everyone_toilet,佐賀県 みんなのトイレ,https://www.pref.saga.lg.jp/kiji00375898/index.html,2023-08-01,private:325,source_type=民間施設; toilet_type=車いす,
41,佐賀県,41203,鳥栖市,,ＪＡ産直 うちの畑,,,,鳥栖市田代大官町810-1,,,,no,yes,,,,,,,no,,no,no,,,,,,,,,,,,,,,,,everyone_toilet,佐賀県 みんなのトイレ,https://www.pref.saga.lg.jp/kiji00375898/index.html,2023-08-01,private:326,source_type=民間施設; toilet_type=車いす,
41,佐賀県,41203,鳥栖市,,弥生が丘地域福祉ｾﾝﾀｰ,,,,鳥栖市弥生が丘一丁目18番地,,,,no,yes,,,,,,,no,,no,no,,,,,,,,,,,,,,,,,everyone_toilet,佐賀県 みんなのトイレ,https://www.pref.saga.lg.jp/kiji00375898/index.html,2023-08-01,private:327,source_type=民間施設; toilet_type=車いす,
41,佐賀県,41203,鳥栖市,,回転寿司しげなが 弥生が丘店,,,,鳥栖市弥生ヶ丘5丁目4番,,,,no,yes,,,,,,,no,,yes,no,,,,,,,,,,,,,,,,,everyone_toilet,佐賀県 みんなのトイレ,https://www.pref.saga.lg.jp/kiji00375898/index.html,2023-08-01,private:328,source_type=民間施設; toilet_type=一般ﾄｲﾚ,
41,佐賀県,41203,鳥栖市,,旬鮮市場 鳥栖店,,,,鳥栖市宿町字野添1156-1,,,,no,yes,,,,,,,no,,no,no,,,,,,,,,,,,,,,,,everyone_toilet,佐賀県 みんなのトイレ,https://www.pref.saga.lg.jp/kiji00375898/index.html,2023-08-01,private:329,source_type=民間施設; toilet_type=車いす,
41,佐賀県,41203,鳥栖市,,亀の井ﾎﾃﾙ 佐賀鳥栖店,,,,鳥栖市姫方町字障子田286-1,,,,no,yes,,,,,,,no,,yes,yes,,,,,,,,,,,,,,,,,everyone_toilet,佐賀県 みんなのトイレ,https://www.pref.saga.lg.jp/kiji00375898/index.html,2023-08-01,private:330,source_type=民間施設; toilet_type=車いす,
41,佐賀県,41341,基山町,,ﾛｰｿﾝ ﾊｲｳｴｲﾋﾟｯﾄ基山上り店,,,,三養基郡基山町大字小倉字小浦2097-1,,,,no,yes,,,,,,,no,,yes,no,,,,,,,,,,,,,,,,,everyone_toilet,佐賀県 みんなのトイレ,https://www.pref.saga.lg.jp/kiji00375898/index.html,2023-08-01,private:331,source_type=民間施設; toilet_type=車いす,
41,佐賀県,41341,基山町,,ﾏｯｸｽﾊﾞﾘｭ九州㈱ ﾏｯｸｽﾊﾞﾘｭ基山店,,,,三養基郡基山町大字長野字年の森1018,,,,no,yes,,,,,,,no,,yes,no,,,,,,,,,,,,,,,,,everyone_toilet,佐賀県 みんなのトイレ,https://www.pref.saga.lg.jp/kiji00375898/index.html,2023-08-01,private:332,source_type=民間施設; toilet_type=車いす,
41,佐賀県,41341,基山町,,ｺｽﾓﾎｰﾙきやま,,,,三養基郡基山町大字小倉999-1,,,,no,yes,,,,,,,no,,no,no,,,,,,,,,,,,,,,,,everyone_toilet,佐賀県 みんなのトイレ,https://www.pref.saga.lg.jp/kiji00375898/index.html,2023-08-01,private:333,source_type=民間施設; toilet_type=車いす,
41,佐賀県,41341,基山町,,基山町老人憩いの家 延寿荘,,,,三養基郡基山町宮浦1026-1,,,,no,yes,,,,,,,no,,no,no,,,,,,,,,,,,,,,,,everyone_toilet,佐賀県 みんなのトイレ,https://www.pref.saga.lg.jp/kiji00375898/index.html,2023-08-01,private:334,source_type=民間施設; toilet_type=車いす,
41,佐賀県,41341,基山町,,ｶﾚｰﾊｳｽ CoCo壱番屋 佐賀基山店,,,,三養基郡基山町大字小倉308-2,,,,no,yes,,,,,,,no,,yes,no,,,,,,,,,,,,,,,,,everyone_toilet,佐賀県 みんなのトイレ,https://www.pref.saga.lg.jp/kiji00375898/index.html,2023-08-01,private:336,source_type=民間施設; toilet_type=車いす,
41,佐賀県,41341,基山町,,ｺﾒﾘﾊｰﾄﾞ＆ｸﾞﾘｰﾝ 基山店,,,,三養基郡基山町長野字年の森997-3,,,,no,yes,,,,,,,no,,yes,no,,,,,,,,,,,,,,,,,everyone_toilet,佐賀県 みんなのトイレ,https://www.pref.saga.lg.jp/kiji00375898/index.html,2023-08-01,private:338,source_type=民間施設; toilet_type=車いす,
41,佐賀県,41341,基山町,,ｾﾌﾞﾝｲﾚﾌﾞﾝ基山長野店,,,,三養基郡基山町長野602-2,,,,no,yes,,,,,,,no,,no,no,,,,,,,,,,,,,,,,,everyone_toilet,佐賀県 みんなのトイレ,https://www.pref.saga.lg.jp/kiji00375898/index.html,2023-08-01,private:339,source_type=民間施設; toilet_type=一般ﾄｲﾚ,
41,佐賀県,41341,基山町,,ドコモショップ基山店,,,,三養基郡基山町宮浦982-8,,,,no,yes,,,,,,,no,,yes,no,,,,,,,,,,,,,,,,,everyone_toilet,佐賀県 みんなのトイレ,https://www.pref.saga.lg.jp/kiji00375898/index.html,2023-08-01,private:340,source_type=民間施設; toilet_type=車いす,
41,佐賀県,41341,基山町,,のきた歯科医院,,,,三養基郡基山町大字宮浦487-10,,,,no,yes,,,,,,,no,,no,no,,,,,,,,,,,,,,,,,everyone_toilet,佐賀県 みんなのトイレ,https://www.pref.saga.lg.jp/kiji00375898/index.html,2023-08-01,private:341,source_type=民間施設; toilet_type=一般ﾄｲﾚ,
41,佐賀県,41345,上峰町,,上峰町老人福祉ｾﾝﾀｰ おたっしゃ館,,,,三養基郡上峰町前牟田107-2,,,,no,yes,,,,,,,no,,yes,no,,,,,,,,,,,,,,,,,everyone_toilet,佐賀県 みんなのトイレ,https://www.pref.saga.lg.jp/kiji00375898/index.html,2023-08-01,private:342,source_type=民間施設; toilet_type=車いす,
41,佐賀県,41345,上峰町,,佐賀県農業協同組合上峰支所,,,,三養基郡上峰町大字坊所412-12,,,,no,yes,,,,,,,no,,yes,no,,,,,,,,,,,,,,,,,everyone_toilet,佐賀県 みんなのトイレ,https://www.pref.saga.lg.jp/kiji00375898/index.html,2023-08-01,private:343,source_type=民間施設; toilet_type=車いす,
41,佐賀県,41345,上峰町,,三樹病院,,,,三養基郡上峰町大字坊所276-1,,,,no,yes,,,,,,,no,,no,no,,,,,,,,,,,,,,,,,everyone_toilet,佐賀県 みんなのトイレ,https://www.pref.saga.lg.jp/kiji00375898/index.html,2023-08-01,private:344,source_type=民間施設; toilet_type=車いす,
41,佐賀県,41345,上峰町,,ｲｵﾝ上峰店,,,,三養基郡上峰町大字坊所1551-1,,,,no,yes,,,,,,,no,,yes,no,,,,,,,,,,,,,,,,,everyone_toilet,佐賀県 みんなのトイレ,https://www.pref.saga.lg.jp/kiji00375898/index.html,2023-08-01,private:345,source_type=民間施設; toilet_type=車いす,
41,佐賀県,41345,上峰町,,吉野ヶ里温泉ﾎﾃﾙ,,,,三養基郡上峰町大字坊所1523-1,,,,no,yes,,,,,,,no,,no,no,,,,,,,,,,,,,,,,,everyone_toilet,佐賀県 みんなのトイレ,https://www.pref.saga.lg.jp/kiji00375898/index.html,2023-08-01,private:353,source_type=民間施設; toilet_type=車いす,
41,佐賀県,41345,上峰町,,ｸﾞｯﾃﾞｲ上峰店,,,,三養基郡上峰町坊所下津毛148-1,,,,no,yes,,,,,,,no,,no,no,,,,,,,,,,,,,,,,,everyone_toilet,佐賀県 みんなのトイレ,https://www.pref.saga.lg.jp/kiji00375898/index.html,2023-08-01,private:354,source_type=民間施設; toilet_type=車いす,
41,佐賀県,41345,上峰町,,ﾄﾗｲｱﾙ上峰店,,,,三養基郡上峰町大字坊所1581-2,,,,yes,yes,,,,,,,yes,,yes,yes,,,,,,,,,,,,,,,,,everyone_toilet,佐賀県 みんなのトイレ,https://www.pref.saga.lg.jp/kiji00375898/index.html,2023-08-01,private:355,source_type=民間施設; toilet_type=多機能,
41,佐賀県,41345,上峰町,,ｶﾚｰﾊｳｽ CoCo壱番屋 佐賀上峰店,,,,三養基郡上峰町大字坊所1570-88,,,,no,yes,,,,,,,no,,yes,no,,,,,,,,,,,,,,,,,everyone_toilet,佐賀県 みんなのトイレ,https://www.pref.saga.lg.jp/kiji00375898/index.html,2023-08-01,private:356,source_type=民間施設; toilet_type=車いす,
41,佐賀県,41345,上峰町,,吉野ヶ里温泉 卑弥呼乃湯,,,,三養基郡上峰町大字坊所1523-1,,,,no,yes,,,,,,,no,,yes,no,,,,,,,,,,,,,,,,,everyone_toilet,佐賀県 みんなのトイレ,https://www.pref.saga.lg.jp/kiji00375898/index.html,2023-08-01,private:357,source_type=民間施設; toilet_type=車いす,
41,佐賀県,41345,上峰町,,ﾗｲﾄｵﾝ佐賀上峰店,,,,三養基郡上峰町大字坊所1570-87,,,,no,yes,,,,,,,no,,no,no,,,,,,,,,,,,,,,,,everyone_toilet,佐賀県 みんなのトイレ,https://www.pref.saga.lg.jp/kiji00375898/index.html,2023-08-01,private:358,source_type=民間施設; toilet_type=車いす,
41,佐賀県,41345,上峰町,,ｷｬﾛﾙ上峰店,,,,三養基郡上峰町大字坊所2514-52,,,,no,yes,,,,,,,no,,no,no,,,,,,,,,,,,,,,,,everyone_toilet,佐賀県 みんなのトイレ,https://www.pref.saga.lg.jp/kiji00375898/index.html,2023-08-01,private:359,source_type=民間施設; toilet_type=車いす,
41,佐賀県,41345,上峰町,,ﾌｧﾐﾘｰﾏｰﾄ上峰加茂店,,,,三養基郡上峰町大字坊所1757-8,,,,no,yes,,,,,,,no,,no,yes,,,,,,,,,,,,,,,,,everyone_toilet,佐賀県 みんなのトイレ,https://www.pref.saga.lg.jp/kiji00375898/index.html,2023-08-01,private:360,source_type=民間施設; toilet_type=車いす,
41,佐賀県,41345,上峰町,,さがケアセンターそよ風,,,,三養基郡上峰町大字防所字大塚1523-53,,,,no,yes,,,,,,,no,,no,no,,,,,,,,,,,,,,,,,everyone_toilet,佐賀県 みんなのトイレ,https://www.pref.saga.lg.jp/kiji00375898/index.html,2023-08-01,private:361,source_type=民間施設; toilet_type=車いす,
41,佐賀県,41345,上峰町,,社会福祉法人野菊の里 特別養護老人ホーム 野菊の里,,,,三養基郡上峰町大字前牟田1896,,,,no,yes,,,,,,,no,,no,no,,,,,,,,,,,,,,,,,everyone_toilet,佐賀県 みんなのトイレ,https://www.pref.saga.lg.jp/kiji00375898/index.html,2023-08-01,private:362,source_type=民間施設; toilet_type=車いす,
41,佐賀県,41346,みやき町,,ｼｮｯﾋﾟﾝｸﾞｾﾝﾀｰ ﾏｲﾝ,,,,三養基郡みやき町大字市武848-1,,,,no,yes,,,,,,,no,,no,no,,,,,,,,,,,,,,,,,everyone_toilet,佐賀県 みんなのトイレ,https://www.pref.saga.lg.jp/kiji00375898/index.html,2023-08-01,private:363,source_type=民間施設; toilet_type=車いす,
41,佐賀県,41346,みやき町,,指定通所ﾘﾊﾋﾞﾘﾃｰｼｮﾝ ゆうあい,,,,三養基郡みやき町大字白壁4305-40,,,,no,yes,,,,,,,no,,no,no,,,,,,,,,,,,,,,,,everyone_toilet,佐賀県 みんなのトイレ,https://www.pref.saga.lg.jp/kiji00375898/index.html,2023-08-01,private:364,source_type=民間施設; toilet_type=車いす,
41,佐賀県,41346,みやき町,,三養基西部葬祭組合 斎場しらさぎ苑,,,,三養基郡みやき町大字寄人910-1,,,,no,yes,,,,,,,no,,no,no,,,,,,,,,,,,,,,,,everyone_toilet,佐賀県 みんなのトイレ,https://www.pref.saga.lg.jp/kiji00375898/index.html,2023-08-01,private:365,source_type=民間施設; toilet_type=車いす,
41,佐賀県,41346,みやき町,,社会福祉法人 紀水会 なかばる紀水苑,,,,三養基郡みやき町大字簑原4260,,,,no,yes,,,,,,,no,,no,no,,,,,,,,,,,,,,,,,everyone_toilet,佐賀県 みんなのトイレ,https://www.pref.saga.lg.jp/kiji00375898/index.html,2023-08-01,private:366,source_type=民間施設; toilet_type=車いす,
41,佐賀県,41346,みやき町,,鳥栖・三養基西部環境溶融資源化ｾﾝﾀｰ,,,,三養基郡みやき町大字簑原4372,,,,no,yes,,,,,,,no,,no,no,,,,,,,,,,,,,,,,,everyone_toilet,佐賀県 みんなのトイレ,https://www.pref.saga.lg.jp/kiji00375898/index.html,2023-08-01,private:367,source_type=民間施設; toilet_type=車いす,
41,佐賀県,41346,みやき町,,鳥栖・三養基西部ﾘｻｲｸﾙﾌﾟﾗｻﾞ,,,,三養基郡みやき町大字簑原4432,,,,no,yes,,,,,,,no,,yes,no,,,,,,,,,,,,,,,,,everyone_toilet,佐賀県 みんなのトイレ,https://www.pref.saga.lg.jp/kiji00375898/index.html,2023-08-01,private:368,source_type=民間施設; toilet_type=車いす,
41,佐賀県,41346,みやき町,,Mr Max北茂安店,,,,三養基郡みやき町大字白壁2228,,,,no,yes,,,,,,,no,,no,no,,,,,,,,,,,,,,,,,everyone_toilet,佐賀県 みんなのトイレ,https://www.pref.saga.lg.jp/kiji00375898/index.html,2023-08-01,private:369,source_type=民間施設; toilet_type=車いす,
41,佐賀県,41346,みやき町,,ﾐﾆﾎﾞｰﾄﾋﾟｱみやき,,,,三養基郡みやき町大字原古賀5719,,,,no,yes,,,,,,,no,,yes,no,,,,,,,,,,,,,,,,,everyone_toilet,佐賀県 みんなのトイレ,https://www.pref.saga.lg.jp/kiji00375898/index.html,2023-08-01,private:370,source_type=民間施設; toilet_type=車いす,
41,佐賀県,41346,みやき町,,ｽｰﾊﾟｰｾﾝﾀｰﾄﾗｲｱﾙみやき店,,,,三養基郡みやき町大字白壁5932,,,,yes,yes,,,,,,,yes,,yes,yes,,,,,,,,,,,,,,,,,everyone_toilet,佐賀県 みんなのトイレ,https://www.pref.saga.lg.jp/kiji00375898/index.html,2023-08-01,private:371,source_type=民間施設; toilet_type=多機能,
41,佐賀県,41346,みやき町,,ホームプラザナフコ中原店,,,,三養基郡みやき町大字簑原787,,,,no,yes,,,,,,,no,,no,no,,,,,,,,,,,,,,,,,everyone_toilet,佐賀県 みんなのトイレ,https://www.pref.saga.lg.jp/kiji00375898/index.html,2023-08-01,private:372,source_type=民間施設; toilet_type=車いす,
41,佐賀県,41346,みやき町,,玉屋みやき店,,,,三養基郡みやき町大字白壁551-5,,,,no,yes,,,,,,,no,,no,no,,,,,,,,,,,,,,,,,everyone_toilet,佐賀県 みんなのトイレ,https://www.pref.saga.lg.jp/kiji00375898/index.html,2023-08-01,private:373,source_type=民間施設; toilet_type=車いす,
41,佐賀県,41346,みやき町,,ﾏﾙﾊﾝみやき店,,,,三養基郡みやき町大字江口8106,,,,no,yes,,,,,,,no,,no,no,,,,,,,,,,,,,,,,,everyone_toilet,佐賀県 みんなのトイレ,https://www.pref.saga.lg.jp/kiji00375898/index.html,2023-08-01,private:375,source_type=民間施設; toilet_type=車いす,
41,佐賀県,41346,みやき町,,JAみやきｾﾚﾓﾆｰ 第一斎場しらゆりﾎｰﾙ,,,,三養基郡みやき町大字中津隈630-3,,,,no,yes,,,,,,,no,,no,no,,,,,,,,,,,,,,,,,everyone_toilet,佐賀県 みんなのトイレ,https://www.pref.saga.lg.jp/kiji00375898/index.html,2023-08-01,private:377,source_type=民間施設; toilet_type=車いす,
41,佐賀県,41346,みやき町,,JAみやきｾﾚﾓﾆｰ 第一斎場あじさいﾎｰﾙ,,,,三養基郡みやき町大字中津隈630-3,,,,no,yes,,,,,,,no,,yes,no,,,,,,,,,,,,,,,,,everyone_toilet,佐賀県 みんなのトイレ,https://www.pref.saga.lg.jp/kiji00375898/index.html,2023-08-01,private:378,source_type=民間施設; toilet_type=車いす,
41,佐賀県,41346,みやき町,,独立行政法人国立病院機構 東佐賀病院,,,,三養基郡みやき町大字原古賀7324,,,,no,yes,,,,,,,no,,yes,no,,,,,,,,,,,,,,,,,everyone_toilet,佐賀県 みんなのトイレ,https://www.pref.saga.lg.jp/kiji00375898/index.html,2023-08-01,private:379,source_type=民間施設; toilet_type=車いす,
41,佐賀県,41346,みやき町,,ｾﾌﾞﾝｲﾚﾌﾞﾝみやき町原古賀店,,,,三養基郡みやき町大字原古賀568,,,,no,yes,,,,,,,no,,no,no,,,,,,,,,,,,,,,,,everyone_toilet,佐賀県 みんなのトイレ,https://www.pref.saga.lg.jp/kiji00375898/index.html,2023-08-01,private:380,source_type=民間施設; toilet_type=一般ﾄｲﾚ,
41,佐賀県,41346,みやき町,,ｾﾌﾞﾝｲﾚﾌﾞﾝみやき町簑原店,,,,三養基郡みやき町大字簑原5376-1,,,,no,yes,,,,,,,no,,no,no,,,,,,,,,,,,,,,,,everyone_toilet,佐賀県 みんなのトイレ,https://www.pref.saga.lg.jp/kiji00375898/index.html,2023-08-01,private:381,source_type=民間施設; toilet_type=一般ﾄｲﾚ,
41,佐賀県,41346,みやき町,,ｴﾑｻﾞｽみやき店,,,,三養基郡みやき町大字白壁2117-1,,,,no,yes,,,,,,,no,,no,no,,,,,,,,,,,,,,,,,everyone_toilet,佐賀県 みんなのトイレ,https://www.pref.saga.lg.jp/kiji00375898/index.html,2023-08-01,private:382,source_type=民間施設; toilet_type=車いす,
41,佐賀県,41346,みやき町,,社会福祉法人野菊の里 介護老人保健施設 夢の里,,,,三養基郡みやき町大字簑原1116-1,,,,no,yes,,,,,,,no,,no,no,,,,,,,,,,,,,,,,,everyone_toilet,佐賀県 みんなのトイレ,https://www.pref.saga.lg.jp/kiji00375898/index.html,2023-08-01,private:383,source_type=民間施設; toilet_type=車いす,
41,佐賀県,41346,みやき町,,グループホーム和が家,,,,三養基郡みやき町中津隈3864,,,,no,yes,,,,,,,no,,no,no,,,,,,,,,,,,,,,,,everyone_toilet,佐賀県 みんなのトイレ,https://www.pref.saga.lg.jp/kiji00375898/index.html,2023-08-01,private:384,source_type=民間施設; toilet_type=車いす,
41,佐賀県,41346,みやき町,,JAさが いなほの郷,,,,三養基郡みやき町大字原古賀5440-1,,,,no,yes,,,,,,,no,,no,no,,,,,,,,,,,,,,,,,everyone_toilet,佐賀県 みんなのトイレ,https://www.pref.saga.lg.jp/kiji00375898/index.html,2023-08-01,private:385,source_type=民間施設; toilet_type=車いす,
41,佐賀県,41346,みやき町,,医療法人勇愛会 大島病院,,,,三養基郡みやき町白壁4287,,,,no,yes,,,,,,,no,,no,no,,,,,,,,,,,,,,,,,everyone_toilet,佐賀県 みんなのトイレ,https://www.pref.saga.lg.jp/kiji00375898/index.html,2023-08-01,private:386,source_type=民間施設; toilet_type=車いす,
41,佐賀県,41346,みやき町,,ｱｽﾀﾗﾋﾞｽﾀ みやき店,,,,三養基郡みやき町大字蓑原字千入道888-1,,,,yes,yes,,,,,,,yes,,yes,yes,,,,,,,,,,,,,,,,,everyone_toilet,佐賀県 みんなのトイレ,https://www.pref.saga.lg.jp/kiji00375898/index.html,2023-08-01,private:387,source_type=民間施設; toilet_type=多機能,
41,佐賀県,41204,多久市,,（株）南里 あざみ苑,,,,多久市北多久町大字小侍2266-2,,,,no,yes,,,,,,,no,,no,no,,,,,,,,,,,,,,,,,everyone_toilet,佐賀県 みんなのトイレ,https://www.pref.saga.lg.jp/kiji00375898/index.html,2023-08-01,private:388,source_type=民間施設; toilet_type=車いす,
41,佐賀県,41204,多久市,,社会福祉法人 天嶺会 救護施設 しみず園,,,,多久市多久町20161-1,,,,no,yes,,,,,,,no,,no,no,,,,,,,,,,,,,,,,,everyone_toilet,佐賀県 みんなのトイレ,https://www.pref.saga.lg.jp/kiji00375898/index.html,2023-08-01,private:389,source_type=民間施設; toilet_type=車いす,
41,佐賀県,41204,多久市,,JAさが多久農産物直売所たくさん館,,,,多久市北多久町大字小侍837-2,,,,no,yes,,,,,,,no,,no,no,,,,,,,,,,,,,,,,,everyone_toilet,佐賀県 みんなのトイレ,https://www.pref.saga.lg.jp/kiji00375898/index.html,2023-08-01,private:390,source_type=民間施設; toilet_type=車いす,
41,佐賀県,41204,多久市,,佐賀ﾀﾞｲﾊﾂ販売株式会社 多久店,,,,多久市北多久町多久原1585-2,,,,no,yes,,,,,,,no,,yes,yes,,,,,,,,,,,,,,,,,everyone_toilet,佐賀県 みんなのトイレ,https://www.pref.saga.lg.jp/kiji00375898/index.html,2023-08-01,private:391,source_type=民間施設; toilet_type=一般ﾄｲﾚ,
41,佐賀県,41204,多久市,,ｾﾌﾞﾝｲﾚﾌﾞﾝ多久北多久町店,,,,多久市北多久町多久原1646-1,,,,no,yes,,,,,,,no,,no,no,,,,,,,,,,,,,,,,,everyone_toilet,佐賀県 みんなのトイレ,https://www.pref.saga.lg.jp/kiji00375898/index.html,2023-08-01,private:393,source_type=民間施設; toilet_type=一般ﾄｲﾚ,
41,佐賀県,41204,多久市,,ｾﾌﾞﾝｲﾚﾌﾞﾝ多久南店,,,,多久市多久町295,,,,no,yes,,,,,,,no,,no,no,,,,,,,,,,,,,,,,,everyone_toilet,佐賀県 みんなのトイレ,https://www.pref.saga.lg.jp/kiji00375898/index.html,2023-08-01,private:394,source_type=民間施設; toilet_type=一般ﾄｲﾚ,
41,佐賀県,41204,多久市,,元気村 ﾕｱ-新鮮館,,,,多久市多久町2154-1,,,,no,yes,,,,,,,no,,no,no,,,,,,,,,,,,,,,,,everyone_toilet,佐賀県 みんなのトイレ,https://www.pref.saga.lg.jp/kiji00375898/index.html,2023-08-01,private:395,source_type=民間施設; toilet_type=車いす,
41,佐賀県,41204,多久市,,ｺﾒﾘﾊｰﾄﾞ＆ｸﾞﾘｰﾝ 多久店,,,,多久市北多久町大字小侍1304-1,,,,no,yes,,,,,,,no,,yes,no,,,,,,,,,,,,,,,,,everyone_toilet,佐賀県 みんなのトイレ,https://www.pref.saga.lg.jp/kiji00375898/index.html,2023-08-01,private:396,source_type=民間施設; toilet_type=車いす,
41,佐賀県,41205,伊万里市,,㈲伊万里葬儀社 やましろ斎場,,,,伊万里市東山代町里177-180,,,,no,yes,,,,,,,no,,no,no,,,,,,,,,,,,,,,,,everyone_toilet,佐賀県 みんなのトイレ,https://www.pref.saga.lg.jp/kiji00375898/index.html,2023-08-01,private:397,source_type=民間施設; toilet_type=車いす,
41,佐賀県,41205,伊万里市,,介護付有料老人ﾎｰﾑ いまり,,,,伊万里市新天町620番地5,,,,no,yes,,,,,,,no,,no,no,,,,,,,,,,,,,,,,,everyone_toilet,佐賀県 みんなのトイレ,https://www.pref.saga.lg.jp/kiji00375898/index.html,2023-08-01,private:398,source_type=民間施設; toilet_type=車いす,
41,佐賀県,41205,伊万里市,,ｹｱｾﾝﾀｰ わきた,,,,伊万里市脇田町三反間1327-1,,,,no,yes,,,,,,,no,,no,no,,,,,,,,,,,,,,,,,everyone_toilet,佐賀県 みんなのトイレ,https://www.pref.saga.lg.jp/kiji00375898/index.html,2023-08-01,private:399,source_type=民間施設; toilet_type=車いす,
41,佐賀県,41205,伊万里市,,伊万里温泉 白磁乃湯,,,,伊万里市立花町2402-1,,,,no,yes,,,,,,,no,,no,no,,,,,,,,,,,,,,,,,everyone_toilet,佐賀県 みんなのトイレ,https://www.pref.saga.lg.jp/kiji00375898/index.html,2023-08-01,private:400,source_type=民間施設; toilet_type=車いす,
41,佐賀県,41205,伊万里市,,伊万里・有田焼伝統産業会館,,,,伊万里市大川内町丙221-2,,,,no,yes,,,,,,,no,,yes,no,,,,,,,,,,,,,,,,,everyone_toilet,佐賀県 みんなのトイレ,https://www.pref.saga.lg.jp/kiji00375898/index.html,2023-08-01,private:401,source_type=民間施設; toilet_type=車いす,
41,佐賀県,41205,伊万里市,,社会福祉法人鶴丸会 伊万里市東部ﾃﾞｲｻｰﾋﾞｽｾﾝﾀｰ ﾕｰﾄﾋﾟｱ,,,,伊万里市大川町大川野字赤坂1647,,,,no,yes,,,,,,,no,,no,no,,,,,,,,,,,,,,,,,everyone_toilet,佐賀県 みんなのトイレ,https://www.pref.saga.lg.jp/kiji00375898/index.html,2023-08-01,private:403,source_type=民間施設; toilet_type=車いす,
41,佐賀県,41205,伊万里市,,ぽっかぽか・ひまわり館,,,,伊万里市立花町2404-107,,,,no,yes,,,,,,,no,,no,no,,,,,,,,,,,,,,,,,everyone_toilet,佐賀県 みんなのトイレ,https://www.pref.saga.lg.jp/kiji00375898/index.html,2023-08-01,private:404,source_type=民間施設; toilet_type=車いす,
41,佐賀県,41205,伊万里市,,ぽっかぽか・伊万里館,,,,伊万里市立花町2405-17,,,,no,yes,,,,,,,no,,no,no,,,,,,,,,,,,,,,,,everyone_toilet,佐賀県 みんなのトイレ,https://www.pref.saga.lg.jp/kiji00375898/index.html,2023-08-01,private:405,source_type=民間施設; toilet_type=車いす,
41,佐賀県,41205,伊万里市,,伊万里ｾﾚﾓﾆｰﾎｰﾙ,,,,伊万里市松島町408-30,,,,no,yes,,,,,,,no,,yes,no,,,,,,,,,,,,,,,,,everyone_toilet,佐賀県 みんなのトイレ,https://www.pref.saga.lg.jp/kiji00375898/index.html,2023-08-01,private:406,source_type=民間施設; toilet_type=車いす,
41,佐賀県,41205,伊万里市,,社会医療法人謙仁会 山元記念病院,,,,伊万里市二里町八谷搦88-4,,,,no,yes,,,,,,,no,,no,no,,,,,,,,,,,,,,,,,everyone_toilet,佐賀県 みんなのトイレ,https://www.pref.saga.lg.jp/kiji00375898/index.html,2023-08-01,private:407,source_type=民間施設; toilet_type=車いす,
41,佐賀県,41205,伊万里市,,医療法人光仁会 西田病院,,,,伊万里市山代町楠久890-2,,,,no,yes,,,,,,,no,,yes,no,,,,,,,,,,,,,,,,,everyone_toilet,佐賀県 みんなのトイレ,https://www.pref.saga.lg.jp/kiji00375898/index.html,2023-08-01,private:408,source_type=民間施設; toilet_type=車いす,
41,佐賀県,41205,伊万里市,,特別養護老人ﾎｰﾑ ｸﾞﾗﾝﾊﾟﾗﾝいまり,,,,伊万里市大坪町乙1579-2,,,,no,yes,,,,,,,no,,yes,no,,,,,,,,,,,,,,,,,everyone_toilet,佐賀県 みんなのトイレ,https://www.pref.saga.lg.jp/kiji00375898/index.html,2023-08-01,private:409,source_type=民間施設; toilet_type=車いす,
41,佐賀県,41205,伊万里市,,伊万里信用金庫,,,,伊万里市伊万里町甲375-3,,,,no,yes,,,,,,,no,,no,no,,,,,,,,,,,,,,,,,everyone_toilet,佐賀県 みんなのトイレ,https://www.pref.saga.lg.jp/kiji00375898/index.html,2023-08-01,private:410,source_type=民間施設; toilet_type=車いす,
41,佐賀県,41205,伊万里市,,社会福祉法人鶴丸会 ｸﾞﾙｰﾌﾟﾎｰﾑ ﾕｰﾄﾋﾟｱ,,,,伊万里市大川町大川野字赤坂1647,,,,no,yes,,,,,,,no,,no,no,,,,,,,,,,,,,,,,,everyone_toilet,佐賀県 みんなのトイレ,https://www.pref.saga.lg.jp/kiji00375898/index.html,2023-08-01,private:411,source_type=民間施設; toilet_type=車いす,
41,佐賀県,41205,伊万里市,,医療法人光仁会 大川野ｸﾘﾆｯｸ,,,,伊万里市大川町大川野字片竹3143-1,,,,no,yes,,,,,,,no,,yes,yes,,,,,,,,,,,,,,,,,everyone_toilet,佐賀県 みんなのトイレ,https://www.pref.saga.lg.jp/kiji00375898/index.html,2023-08-01,private:412,source_type=民間施設; toilet_type=一般ﾄｲﾚ,
41,佐賀県,41205,伊万里市,,紳士服のﾌﾀﾀ 伊万里店,,,,伊万里市二里町八谷搦1010,,,,no,yes,,,,,,,no,,no,no,,,,,,,,,,,,,,,,,everyone_toilet,佐賀県 みんなのトイレ,https://www.pref.saga.lg.jp/kiji00375898/index.html,2023-08-01,private:413,source_type=民間施設; toilet_type=車いす,
41,佐賀県,41205,伊万里市,,ｼｮｰﾄｽﾃｲ ｸﾞﾗﾝﾊﾟﾗﾝ ﾓﾜ,,,,伊万里市大坪町乙1579-13,,,,no,yes,,,,,,,no,,no,no,,,,,,,,,,,,,,,,,everyone_toilet,佐賀県 みんなのトイレ,https://www.pref.saga.lg.jp/kiji00375898/index.html,2023-08-01,private:414,source_type=民間施設; toilet_type=車いす,
41,佐賀県,41205,伊万里市,,ﾌｫﾚｽﾄｲﾝ伊万里,,,,伊万里市二里町大里甲1704-1,,,,no,yes,,,,,,,no,,no,no,,,,,,,,,,,,,,,,,everyone_toilet,佐賀県 みんなのトイレ,https://www.pref.saga.lg.jp/kiji00375898/index.html,2023-08-01,private:415,source_type=民間施設; toilet_type=車いす,
41,佐賀県,41205,伊万里市,,株式会社伊万里玉屋,,,,伊万里市伊万里町甲27,,,,no,yes,,,,,,,no,,no,no,,,,,,,,,,,,,,,,,everyone_toilet,佐賀県 みんなのトイレ,https://www.pref.saga.lg.jp/kiji00375898/index.html,2023-08-01,private:416,source_type=民間施設; toilet_type=車いす,
41,佐賀県,41205,伊万里市,,ﾏｯｸｽﾊﾞﾘｭ九州（株）伊万里駅前店,,,,伊万里市新天町480-1,,,,no,yes,,,,,,,no,,yes,no,,,,,,,,,,,,,,,,,everyone_toilet,佐賀県 みんなのトイレ,https://www.pref.saga.lg.jp/kiji00375898/index.html,2023-08-01,private:417,source_type=民間施設; toilet_type=車いす,
41,佐賀県,41205,伊万里市,,佐賀日産自動車（株）伊万里店,,,,伊万里市二里町大里乙3641,,,,no,yes,,,,,,,no,,yes,no,,,,,,,,,,,,,,,,,everyone_toilet,佐賀県 みんなのトイレ,https://www.pref.saga.lg.jp/kiji00375898/index.html,2023-08-01,private:418,source_type=民間施設; toilet_type=一般ﾄｲﾚ,
41,佐賀県,41205,伊万里市,,ﾈｯﾂﾄﾖﾀ佐賀（株） 伊万里店,,,,伊万里市大坪町字松木原乙337-3,,,,no,yes,,,,,,,no,,no,no,,,,,,,,,,,,,,,,,everyone_toilet,佐賀県 みんなのトイレ,https://www.pref.saga.lg.jp/kiji00375898/index.html,2023-08-01,private:419,source_type=民間施設; toilet_type=車いす,
41,佐賀県,41205,伊万里市,,（株）ﾍﾞｽﾄ電器BB 伊万里店,,,,伊万里市二里町八谷搦伊万里三本松1242,,,,no,yes,,,,,,,no,,no,no,,,,,,,,,,,,,,,,,everyone_toilet,佐賀県 みんなのトイレ,https://www.pref.saga.lg.jp/kiji00375898/index.html,2023-08-01,private:420,source_type=民間施設; toilet_type=車いす,
41,佐賀県,41205,伊万里市,,民宿おふくろ,,,,伊万里市新天町225,,,,no,yes,,,,,,,no,,no,no,,,,,,,,,,,,,,,,,everyone_toilet,佐賀県 みんなのトイレ,https://www.pref.saga.lg.jp/kiji00375898/index.html,2023-08-01,private:421,source_type=民間施設; toilet_type=車いす,
41,佐賀県,41205,伊万里市,,山のｻﾅｰﾚ・ｸﾘﾆｯｸ,,,,伊万里市立花町323-2,,,,no,yes,,,,,,,no,,yes,no,,,,,,,,,,,,,,,,,everyone_toilet,佐賀県 みんなのトイレ,https://www.pref.saga.lg.jp/kiji00375898/index.html,2023-08-01,private:422,source_type=民間施設; toilet_type=車いす,
41,佐賀県,41205,伊万里市,,伊万里ｸﾞﾗﾝﾄﾞﾎﾃﾙ,,,,伊万里市新天町中島466-11,,,,no,yes,,,,,,,no,,no,no,,,,,,,,,,,,,,,,,everyone_toilet,佐賀県 みんなのトイレ,https://www.pref.saga.lg.jp/kiji00375898/index.html,2023-08-01,private:423,source_type=民間施設; toilet_type=車いす,
41,佐賀県,41205,伊万里市,,伊万里眼科,,,,伊万里市新天町460-11,,,,no,yes,,,,,,,no,,yes,no,,,,,,,,,,,,,,,,,everyone_toilet,佐賀県 みんなのトイレ,https://www.pref.saga.lg.jp/kiji00375898/index.html,2023-08-01,private:424,source_type=民間施設; toilet_type=車いす,
41,佐賀県,41205,伊万里市,,ｴﾝｹﾞｰｼﾞﾒﾝﾄﾊｳｽ ｻﾝﾃｨｰﾙ,,,,伊万里市二里町大里甲1732,,,,no,yes,,,,,,,no,,yes,no,,,,,,,,,,,,,,,,,everyone_toilet,佐賀県 みんなのトイレ,https://www.pref.saga.lg.jp/kiji00375898/index.html,2023-08-01,private:425,source_type=民間施設; toilet_type=車いす,
41,佐賀県,41205,伊万里市,,ｾﾝﾄﾗﾙﾎﾃﾙ伊万里,,,,伊万里市新天町字浜ノ浦549-17,,,,no,yes,,,,,,,no,,no,no,,,,,,,,,,,,,,,,,everyone_toilet,佐賀県 みんなのトイレ,https://www.pref.saga.lg.jp/kiji00375898/index.html,2023-08-01,private:426,source_type=民間施設; toilet_type=車いす,
41,佐賀県,41205,伊万里市,,ﾄﾞﾗｯｸﾞ&ﾌﾚｯｼｭ ﾄﾗｲｱﾙ伊万里店,,,,伊万里市二里町大里甲2455-1,,,,no,yes,,,,,,,no,,no,yes,,,,,,,,,,,,,,,,,everyone_toilet,佐賀県 みんなのトイレ,https://www.pref.saga.lg.jp/kiji00375898/index.html,2023-08-01,private:427,source_type=民間施設; toilet_type=車いす,
41,佐賀県,41205,伊万里市,,西九州ﾄﾖﾀ自動車（株）伊万里店,,,,伊万里市二里町大里乙116,,,,no,yes,,,,,,,no,,yes,no,,,,,,,,,,,,,,,,,everyone_toilet,佐賀県 みんなのトイレ,https://www.pref.saga.lg.jp/kiji00375898/index.html,2023-08-01,private:428,source_type=民間施設; toilet_type=車いす,
41,佐賀県,41205,伊万里市,,（株）ﾄﾞﾗｯｸﾞｲﾚﾌﾞﾝ伊万里店,,,,伊万里市立花町1891-1,,,,no,yes,,,,,,,no,,yes,no,,,,,,,,,,,,,,,,,everyone_toilet,佐賀県 みんなのトイレ,https://www.pref.saga.lg.jp/kiji00375898/index.html,2023-08-01,private:429,source_type=民間施設; toilet_type=車いす,
41,佐賀県,41205,伊万里市,,社会福祉法人桑梓舎 椿作業所,,,,伊万里市黒川町小黒川字拝川697-1,,,,no,yes,,,,,,,no,,no,no,,,,,,,,,,,,,,,,,everyone_toilet,佐賀県 みんなのトイレ,https://www.pref.saga.lg.jp/kiji00375898/index.html,2023-08-01,private:430,source_type=民間施設; toilet_type=車いす,
41,佐賀県,41205,伊万里市,,ﾛｲﾔﾙﾁｪｽﾀｰ伊万里,,,,伊万里市新天町520-6,,,,no,yes,,,,,,,no,,no,no,,,,,,,,,,,,,,,,,everyone_toilet,佐賀県 みんなのトイレ,https://www.pref.saga.lg.jp/kiji00375898/index.html,2023-08-01,private:431,source_type=民間施設; toilet_type=車いす,
41,佐賀県,41205,伊万里市,,ｸﾞﾙｰﾌﾟﾎｰﾑ伊万里,,,,伊万里市八谷搦781-1,,,,no,yes,,,,,,,no,,no,no,,,,,,,,,,,,,,,,,everyone_toilet,佐賀県 みんなのトイレ,https://www.pref.saga.lg.jp/kiji00375898/index.html,2023-08-01,private:432,source_type=民間施設; toilet_type=車いす,
41,佐賀県,41205,伊万里市,,ｸﾞﾙｰﾌﾟﾎｰﾑふるさと伊万里,,,,伊万里市南波多町大川原4224-1,,,,no,yes,,,,,,,no,,no,no,,,,,,,,,,,,,,,,,everyone_toilet,佐賀県 みんなのトイレ,https://www.pref.saga.lg.jp/kiji00375898/index.html,2023-08-01,private:433,source_type=民間施設; toilet_type=車いす,
41,佐賀県,41205,伊万里市,,（医）いとう小児科,,,,伊万里市二里町八谷搦1140,,,,no,yes,,,,,,,no,,yes,no,,,,,,,,,,,,,,,,,everyone_toilet,佐賀県 みんなのトイレ,https://www.pref.saga.lg.jp/kiji00375898/index.html,2023-08-01,private:434,source_type=民間施設; toilet_type=車いす,
41,佐賀県,41205,伊万里市,,GENEX伊万里,,,,伊万里市新天町中島473-3,,,,no,yes,,,,,,,no,,no,no,,,,,,,,,,,,,,,,,everyone_toilet,佐賀県 みんなのトイレ,https://www.pref.saga.lg.jp/kiji00375898/index.html,2023-08-01,private:435,source_type=民間施設; toilet_type=車いす,
41,佐賀県,41205,伊万里市,,ｸﾞﾙｰﾌﾟﾎｰﾑひなたぼっこ,,,,伊万里市黒川町大黒川1393-16,,,,no,yes,,,,,,,no,,no,no,,,,,,,,,,,,,,,,,everyone_toilet,佐賀県 みんなのトイレ,https://www.pref.saga.lg.jp/kiji00375898/index.html,2023-08-01,private:443,source_type=民間施設; toilet_type=車いす,
41,佐賀県,41205,伊万里市,,社会福祉法人国見の里,,,,伊万里市大坪町丙1215-1,,,,no,yes,,,,,,,no,,no,no,,,,,,,,,,,,,,,,,everyone_toilet,佐賀県 みんなのトイレ,https://www.pref.saga.lg.jp/kiji00375898/index.html,2023-08-01,private:445,source_type=民間施設; toilet_type=車いす,
41,佐賀県,41205,伊万里市,,ﾃﾞｲｻｰﾋﾞｽこころ,,,,伊万里市二里町中里甲80,,,,no,yes,,,,,,,no,,no,no,,,,,,,,,,,,,,,,,everyone_toilet,佐賀県 みんなのトイレ,https://www.pref.saga.lg.jp/kiji00375898/index.html,2023-08-01,private:446,source_type=民間施設; toilet_type=車いす,
41,佐賀県,41205,伊万里市,,ﾌｧﾐﾘｰﾏｰﾄ伊万里黒川店,,,,伊万里市黒川町小黒川139-40,,,,no,yes,,,,,,,no,,no,yes,,,,,,,,,,,,,,,,,everyone_toilet,佐賀県 みんなのトイレ,https://www.pref.saga.lg.jp/kiji00375898/index.html,2023-08-01,private:447,source_type=民間施設; toilet_type=車いす,
41,佐賀県,41205,伊万里市,,伊万里ふるさと村,,,,伊万里市南波多町井手野2754-9,,,,no,yes,,,,,,,no,,no,no,,,,,,,,,,,,,,,,,everyone_toilet,佐賀県 みんなのトイレ,https://www.pref.saga.lg.jp/kiji00375898/index.html,2023-08-01,private:448,source_type=民間施設; toilet_type=車いす,
41,佐賀県,41205,伊万里市,,JA伊万里産地直売所 松浦の里,,,,伊万里市松浦町山形4922-1,,,,no,yes,,,,,,,no,,yes,no,,,,,,,,,,,,,,,,,everyone_toilet,佐賀県 みんなのトイレ,https://www.pref.saga.lg.jp/kiji00375898/index.html,2023-08-01,private:449,source_type=民間施設; toilet_type=車いす,
41,佐賀県,41205,伊万里市,,ｾﾌﾞﾝｲﾚﾌﾞﾝ伊万里瀬戸町店,,,,伊万里市瀬戸町513,,,,no,yes,,,,,,,no,,no,no,,,,,,,,,,,,,,,,,everyone_toilet,佐賀県 みんなのトイレ,https://www.pref.saga.lg.jp/kiji00375898/index.html,2023-08-01,private:450,source_type=民間施設; toilet_type=一般ﾄｲﾚ,
41,佐賀県,41205,伊万里市,,社会福祉法人博仁会 高齢者福祉施設 ｹｱﾊｳｽいまり,,,,伊万里市山代町楠久929-97,,,,no,yes,,,,,,,no,,no,no,,,,,,,,,,,,,,,,,everyone_toilet,佐賀県 みんなのトイレ,https://www.pref.saga.lg.jp/kiji00375898/index.html,2023-08-01,private:451,source_type=民間施設; toilet_type=車いす,
41,佐賀県,41205,伊万里市,,ﾋﾞｼﾞﾈｽﾎﾃﾙ新天,,,,伊万里市新天町字向新田211-1,,,,no,yes,,,,,,,no,,no,no,,,,,,,,,,,,,,,,,everyone_toilet,佐賀県 みんなのトイレ,https://www.pref.saga.lg.jp/kiji00375898/index.html,2023-08-01,private:452,source_type=民間施設; toilet_type=車いす,
41,佐賀県,41205,伊万里市,,ﾄﾞｺﾓｼｮｯﾌﾟ伊万里店,,,,伊万里市二里町八谷搦1307,,,,no,yes,,,,,,,no,,no,no,,,,,,,,,,,,,,,,,everyone_toilet,佐賀県 みんなのトイレ,https://www.pref.saga.lg.jp/kiji00375898/index.html,2023-08-01,private:453,source_type=民間施設; toilet_type=車いす,
41,佐賀県,41205,伊万里市,,伊万里鍋島焼会館,,,,伊万里市大川内町乙1806,,,,no,yes,,,,,,,no,,no,no,,,,,,,,,,,,,,,,,everyone_toilet,佐賀県 みんなのトイレ,https://www.pref.saga.lg.jp/kiji00375898/index.html,2023-08-01,private:454,source_type=民間施設; toilet_type=車いす,
41,佐賀県,41205,伊万里市,,医療法人社団再整会 口石病院,,,,伊万里市立花町4060-2,,,,no,yes,,,,,,,no,,no,no,,,,,,,,,,,,,,,,,everyone_toilet,佐賀県 みんなのトイレ,https://www.pref.saga.lg.jp/kiji00375898/index.html,2023-08-01,private:455,source_type=民間施設; toilet_type=一般ﾄｲﾚ,
41,佐賀県,41205,伊万里市,,やすらぎの丘,,,,伊万里市大坪町甲2269-6,,,,no,yes,,,,,,,yes,,no,no,,,,,,,,,,,,,,,,,everyone_toilet,佐賀県 みんなのトイレ,https://www.pref.saga.lg.jp/kiji00375898/index.html,2023-08-01,private:456,source_type=民間施設; toilet_type=車いす,
41,佐賀県,41205,伊万里市,,養護老人ﾎｰﾑ伊万里向陽園,,,,伊万里市大川内町丙1956-2,,,,no,yes,,,,,,,no,,no,no,,,,,,,,,,,,,,,,,everyone_toilet,佐賀県 みんなのトイレ,https://www.pref.saga.lg.jp/kiji00375898/index.html,2023-08-01,private:457,source_type=民間施設; toilet_type=車いす,
41,佐賀県,41205,伊万里市,,ﾃﾞｲｻｰﾋﾞｽあさひが丘,,,,伊万里市大坪町乙436-10,,,,no,yes,,,,,,,no,,no,no,,,,,,,,,,,,,,,,,everyone_toilet,佐賀県 みんなのトイレ,https://www.pref.saga.lg.jp/kiji00375898/index.html,2023-08-01,private:458,source_type=民間施設; toilet_type=車いす,
41,佐賀県,41205,伊万里市,,介護老人保健施設 ｹｱﾎﾟｰﾄ楽寿園,,,,伊万里市二里町八谷搦字二本松1224,,,,no,yes,,,,,,,no,,no,no,,,,,,,,,,,,,,,,,everyone_toilet,佐賀県 みんなのトイレ,https://www.pref.saga.lg.jp/kiji00375898/index.html,2023-08-01,private:459,source_type=民間施設; toilet_type=車いす,
41,佐賀県,41205,伊万里市,,ﾃﾞｲｻｰﾋﾞｽｾﾝﾀｰさよかわ,,,,伊万里市山代町立岩2671-1,,,,no,yes,,,,,,,no,,no,no,,,,,,,,,,,,,,,,,everyone_toilet,佐賀県 みんなのトイレ,https://www.pref.saga.lg.jp/kiji00375898/index.html,2023-08-01,private:460,source_type=民間施設; toilet_type=車いす,
41,佐賀県,41205,伊万里市,,ｾﾌﾞﾝｲﾚﾌﾞﾝ伊万里大里店,,,,伊万里市二里町大里乙87-1,,,,no,yes,,,,,,,no,,no,no,,,,,,,,,,,,,,,,,everyone_toilet,佐賀県 みんなのトイレ,https://www.pref.saga.lg.jp/kiji00375898/index.html,2023-08-01,private:461,source_type=民間施設; toilet_type=一般ﾄｲﾚ,
41,佐賀県,41205,伊万里市,,ｾﾌﾞﾝｲﾚﾌﾞﾝ伊万里立花店,,,,伊万里市立花町921-8,,,,no,yes,,,,,,,no,,no,no,,,,,,,,,,,,,,,,,everyone_toilet,佐賀県 みんなのトイレ,https://www.pref.saga.lg.jp/kiji00375898/index.html,2023-08-01,private:462,source_type=民間施設; toilet_type=一般ﾄｲﾚ,
41,佐賀県,41205,伊万里市,,特別養護老人ﾎｰﾑ長生園,,,,伊万里市立花町2703-2,,,,no,yes,,,,,,,no,,no,no,,,,,,,,,,,,,,,,,everyone_toilet,佐賀県 みんなのトイレ,https://www.pref.saga.lg.jp/kiji00375898/index.html,2023-08-01,private:463,source_type=民間施設; toilet_type=車いす,
41,佐賀県,41205,伊万里市,,医療法人二期会 小島病院,,,,伊万里市黒川町塩屋205-1,,,,no,yes,,,,,,,no,,no,no,,,,,,,,,,,,,,,,,everyone_toilet,佐賀県 みんなのトイレ,https://www.pref.saga.lg.jp/kiji00375898/index.html,2023-08-01,private:464,source_type=民間施設; toilet_type=車いす,
41,佐賀県,41205,伊万里市,,ふくふくの里 ﾃﾞｲｻｰﾋﾞｽ・宅老所,,,,伊万里市大川内町丙1888,,,,no,yes,,,,,,,no,,no,no,,,,,,,,,,,,,,,,,everyone_toilet,佐賀県 みんなのトイレ,https://www.pref.saga.lg.jp/kiji00375898/index.html,2023-08-01,private:465,source_type=民間施設; toilet_type=車いす,
41,佐賀県,41205,伊万里市,,ﾃﾞｲｻｰﾋﾞｽながやま,,,,伊万里市大坪町甲732,,,,no,yes,,,,,,,yes,,no,no,,,,,,,,,,,,,,,,,everyone_toilet,佐賀県 みんなのトイレ,https://www.pref.saga.lg.jp/kiji00375898/index.html,2023-08-01,private:466,source_type=民間施設; toilet_type=車いす,
41,佐賀県,41205,伊万里市,,伊万里信用金庫 黒川支店,,,,伊万里市黒川町塩屋230-1,,,,no,yes,,,,,,,no,,yes,yes,,,,,,,,,,,,,,,,,everyone_toilet,佐賀県 みんなのトイレ,https://www.pref.saga.lg.jp/kiji00375898/index.html,2023-08-01,private:467,source_type=民間施設; toilet_type=車いす,
41,佐賀県,41205,伊万里市,,伊万里労働基準監督署,,,,伊万里市立花町字大尾1891-64,,,,no,yes,,,,,,,no,,no,no,,,,,,,,,,,,,,,,,everyone_toilet,佐賀県 みんなのトイレ,https://www.pref.saga.lg.jp/kiji00375898/index.html,2023-08-01,private:468,source_type=民間施設; toilet_type=車いす,
41,佐賀県,41205,伊万里市,,伊万里税務署,,,,伊万里市立花町4023-1,,,,no,yes,,,,,,,no,,no,yes,,,,,,,,,,,,,,,,,everyone_toilet,佐賀県 みんなのトイレ,https://www.pref.saga.lg.jp/kiji00375898/index.html,2023-08-01,private:469,source_type=民間施設; toilet_type=車いす,
41,佐賀県,41205,伊万里市,,佐賀地方法務局伊万里支局,,,,伊万里市立花町1542-14,,,,no,yes,,,,,,,no,,yes,no,,,,,,,,,,,,,,,,,everyone_toilet,佐賀県 みんなのトイレ,https://www.pref.saga.lg.jp/kiji00375898/index.html,2023-08-01,private:470,source_type=民間施設; toilet_type=車いす,
41,佐賀県,41205,伊万里市,,ｼｮｰﾄｽﾃｲさくら,,,,伊万里市山代町楠久929-87,,,,no,yes,,,,,,,no,,no,yes,,,,,,,,,,,,,,,,,everyone_toilet,佐賀県 みんなのトイレ,https://www.pref.saga.lg.jp/kiji00375898/index.html,2023-08-01,private:471,source_type=民間施設; toilet_type=車いす,
41,佐賀県,41205,伊万里市,,伊万里公共職業安定所,,,,伊万里市立花町1542-25,,,,no,yes,,,,,,,no,,no,no,,,,,,,,,,,,,,,,,everyone_toilet,佐賀県 みんなのトイレ,https://www.pref.saga.lg.jp/kiji00375898/index.html,2023-08-01,private:472,source_type=民間施設; toilet_type=車いす,
41,佐賀県,41205,伊万里市,,伊万里湾ｶﾌﾞﾄｶﾞﾆの館,,,,伊万里市瀬戸町3134-448,,,,no,yes,,,,,,,no,,no,no,,,,,,,,,,,,,,,,,everyone_toilet,佐賀県 みんなのトイレ,https://www.pref.saga.lg.jp/kiji00375898/index.html,2023-08-01,private:473,source_type=民間施設; toilet_type=車いす,
41,佐賀県,41205,伊万里市,,伊万里市西駅ﾋﾞﾙ,,,,伊万里市新天町622-13,,,,yes,yes,,,,,,,yes,,yes,no,,,,,,,,,,,,,,,,,everyone_toilet,佐賀県 みんなのトイレ,https://www.pref.saga.lg.jp/kiji00375898/index.html,2023-08-01,private:474,source_type=民間施設; toilet_type=多機能,
41,佐賀県,41205,伊万里市,,伊万里市東駅ﾋﾞﾙ,,,,伊万里市新天町622-13,,,,yes,yes,,,,,,,yes,,yes,no,,,,,,,,,,,,,,,,,everyone_toilet,佐賀県 みんなのトイレ,https://www.pref.saga.lg.jp/kiji00375898/index.html,2023-08-01,private:475,source_type=民間施設; toilet_type=多機能,
41,佐賀県,41205,伊万里市,,社会医療法人謙仁会 ｸｱﾊｳｽ謙仁の杜,,,,伊万里市二里町八谷搦13-5,,,,no,yes,,,,,,,no,,no,yes,,,,,,,,,,,,,,,,,everyone_toilet,佐賀県 みんなのトイレ,https://www.pref.saga.lg.jp/kiji00375898/index.html,2023-08-01,private:476,source_type=民間施設; toilet_type=車いす,
41,佐賀県,41205,伊万里市,,（株）ﾍﾞｽﾄﾋﾞｰﾄ ﾜﾝﾀﾞｰﾗﾝﾄﾞ伊万里店,,,,伊万里市二里町大里乙111,,,,no,yes,,,,,,,yes,,no,no,,,,,,,,,,,,,,,,,everyone_toilet,佐賀県 みんなのトイレ,https://www.pref.saga.lg.jp/kiji00375898/index.html,2023-08-01,private:477,source_type=民間施設; toilet_type=車いす,
41,佐賀県,41205,伊万里市,,ﾄﾞﾙｹﾞｯﾄ伊万里店,,,,伊万里市東山代町長浜字新搦壱2217-1,,,,no,yes,,,,,,,no,,yes,no,,,,,,,,,,,,,,,,,everyone_toilet,佐賀県 みんなのトイレ,https://www.pref.saga.lg.jp/kiji00375898/index.html,2023-08-01,private:478,source_type=民間施設; toilet_type=車いす,
41,佐賀県,41205,伊万里市,,伊万里ｹｰﾌﾞﾙﾃﾚﾋﾞｼﾞｮﾝ株式会社,,,,伊万里市立花町1542-8,,,,no,yes,,,,,,,no,,no,no,,,,,,,,,,,,,,,,,everyone_toilet,佐賀県 みんなのトイレ,https://www.pref.saga.lg.jp/kiji00375898/index.html,2023-08-01,private:479,source_type=民間施設; toilet_type=車いす,
41,佐賀県,41205,伊万里市,,前田病院,,,,伊万里市立花町2742番地1,,,,no,yes,,,,,,,no,,yes,no,,,,,,,,,,,,,,,,,everyone_toilet,佐賀県 みんなのトイレ,https://www.pref.saga.lg.jp/kiji00375898/index.html,2023-08-01,private:480,source_type=民間施設; toilet_type=車いす,
41,佐賀県,41205,伊万里市,,ｸﾞﾗﾝﾊﾟﾗﾝ ﾄｩｰﾙ,,,,伊万里市大坪町乙1579番地15,,,,no,yes,,,,,,,no,,no,no,,,,,,,,,,,,,,,,,everyone_toilet,佐賀県 みんなのトイレ,https://www.pref.saga.lg.jp/kiji00375898/index.html,2023-08-01,private:481,source_type=民間施設; toilet_type=車いす,
41,佐賀県,41205,伊万里市,,西九州ｽﾊﾞﾙ株式会社 伊万里店,,,,伊万里市二里町大里乙104-1,,,,no,yes,,,,,,,no,,yes,yes,,,,,,,,,,,,,,,,,everyone_toilet,佐賀県 みんなのトイレ,https://www.pref.saga.lg.jp/kiji00375898/index.html,2023-08-01,private:482,source_type=民間施設; toilet_type=一般ﾄｲﾚ,
41,佐賀県,41205,伊万里市,,伊万里医療館,,,,伊万里市新天町460-11,,,,no,yes,,,,,,,no,,yes,no,,,,,,,,,,,,,,,,,everyone_toilet,佐賀県 みんなのトイレ,https://www.pref.saga.lg.jp/kiji00375898/index.html,2023-08-01,private:483,source_type=民間施設; toilet_type=車いす,
41,佐賀県,41205,伊万里市,,ユウシード東洋 立花サービスステーション,,,,伊万里市立花町2693-1,,,,no,yes,,,,,,,no,,no,no,,,,,,,,,,,,,,,,,everyone_toilet,佐賀県 みんなのトイレ,https://www.pref.saga.lg.jp/kiji00375898/index.html,2023-08-01,private:484,source_type=民間施設; toilet_type=一般ﾄｲﾚ,
41,佐賀県,41401,有田町,,有田駅,,,,西松浦郡有田町本町,,,,yes,yes,,,,,,,yes,,yes,no,,,,,,,,,,,,,,,,,everyone_toilet,佐賀県 みんなのトイレ,https://www.pref.saga.lg.jp/kiji00375898/index.html,2023-08-01,private:485,source_type=民間施設; toilet_type=多機能,
41,佐賀県,41401,有田町,,有田ｾﾚﾓﾆｰﾎｰﾙ,,,,西松浦郡有田町南原甲1113-11,,,,no,yes,,,,,,,no,,yes,no,,,,,,,,,,,,,,,,,everyone_toilet,佐賀県 みんなのトイレ,https://www.pref.saga.lg.jp/kiji00375898/index.html,2023-08-01,private:486,source_type=民間施設; toilet_type=車いす,
41,佐賀県,41401,有田町,,有田郵便局,,,,西松浦郡有田町赤絵町二丁目2-12,,,,no,yes,,,,,,,no,,no,no,,,,,,,,,,,,,,,,,everyone_toilet,佐賀県 みんなのトイレ,https://www.pref.saga.lg.jp/kiji00375898/index.html,2023-08-01,private:487,source_type=民間施設; toilet_type=車いす,
41,佐賀県,41401,有田町,,有田焼卸団地協同組合,,,,西松浦郡有田町赤坂丙2351-170,,,,no,yes,,,,,,,no,,no,yes,,,,,,,,,,,,,,,,,everyone_toilet,佐賀県 みんなのトイレ,https://www.pref.saga.lg.jp/kiji00375898/index.html,2023-08-01,private:488,source_type=民間施設; toilet_type=車いす,
41,佐賀県,41401,有田町,,有田ﾎﾟｰｾﾘﾝﾊﾟｰｸ（屋内）,,,,西松浦郡有田町戸矢乙340-28,,,,no,yes,,,,,,,no,,yes,yes,,,,,,,,,,,,,,,,,everyone_toilet,佐賀県 みんなのトイレ,https://www.pref.saga.lg.jp/kiji00375898/index.html,2023-08-01,private:489,source_type=民間施設; toilet_type=車いす,
41,佐賀県,41401,有田町,,有田ﾎﾟｰｾﾘﾝﾊﾟｰｸ（屋外）,,,,西松浦郡有田町戸矢乙340-28,,,,no,yes,,,,,,,no,,no,no,,,,,,,,,,,,,,,,,everyone_toilet,佐賀県 みんなのトイレ,https://www.pref.saga.lg.jp/kiji00375898/index.html,2023-08-01,private:490,source_type=民間施設; toilet_type=車いす,
41,佐賀県,41401,有田町,,ﾃﾞｲｻｰﾋﾞｽ 癒赤坂,,,,西松浦郡有田町赤坂丙2843-12,,,,no,yes,,,,,,,yes,,no,no,,,,,,,,,,,,,,,,,everyone_toilet,佐賀県 みんなのトイレ,https://www.pref.saga.lg.jp/kiji00375898/index.html,2023-08-01,private:491,source_type=民間施設; toilet_type=車いす,
41,佐賀県,41401,有田町,,上有田整形外科ｸﾘﾆｯｸ,,,,西松浦郡有田町上幸平一丁目3番5号,,,,no,yes,,,,,,,yes,,no,no,,,,,,,,,,,,,,,,,everyone_toilet,佐賀県 みんなのトイレ,https://www.pref.saga.lg.jp/kiji00375898/index.html,2023-08-01,private:492,source_type=民間施設; toilet_type=一般ﾄｲﾚ,
41,佐賀県,41401,有田町,,ｸﾞﾙｰﾌﾟﾎｰﾑ光樹の杜,,,,西松浦郡有田町戸杓丙433-1,,,,no,yes,,,,,,,no,,no,no,,,,,,,,,,,,,,,,,everyone_toilet,佐賀県 みんなのトイレ,https://www.pref.saga.lg.jp/kiji00375898/index.html,2023-08-01,private:493,source_type=民間施設; toilet_type=車いす,
41,佐賀県,41401,有田町,,銘壺堂,,,,西松浦郡有田町岩谷川内1-1-13,,,,no,yes,,,,,,,no,,no,no,,,,,,,,,,,,,,,,,everyone_toilet,佐賀県 みんなのトイレ,https://www.pref.saga.lg.jp/kiji00375898/index.html,2023-08-01,private:494,source_type=民間施設; toilet_type=車いす,
41,佐賀県,41401,有田町,,有田町社協会館,,,,西松浦郡有田町南原甲644-4,,,,no,yes,,,,,,,yes,,no,no,,,,,,,,,,,,,,,,,everyone_toilet,佐賀県 みんなのトイレ,https://www.pref.saga.lg.jp/kiji00375898/index.html,2023-08-01,private:495,source_type=民間施設; toilet_type=車いす,
41,佐賀県,41401,有田町,,有田唐船大観音御堂,,,,西松浦郡有田町山谷牧甲2318-1,,,,no,yes,,,,,,,no,,no,no,,,,,,,,,,,,,,,,,everyone_toilet,佐賀県 みんなのトイレ,https://www.pref.saga.lg.jp/kiji00375898/index.html,2023-08-01,private:496,source_type=民間施設; toilet_type=車いす,
41,佐賀県,41401,有田町,,ﾃﾞｲｻｰﾋﾞｽｾﾝﾀｰさくら苑,,,,西松浦郡有田町仏ノ原甲1262-1,,,,no,yes,,,,,,,no,,no,no,,,,,,,,,,,,,,,,,everyone_toilet,佐賀県 みんなのトイレ,https://www.pref.saga.lg.jp/kiji00375898/index.html,2023-08-01,private:497,source_type=民間施設; toilet_type=車いす,
41,佐賀県,41401,有田町,,JA伊万里ﾌｧｰﾑｽﾃｰｼｮﾝ 四季ありた,,,,西松浦郡有田町仏ノ原丙756,,,,no,yes,,,,,,,no,,no,no,,,,,,,,,,,,,,,,,everyone_toilet,佐賀県 みんなのトイレ,https://www.pref.saga.lg.jp/kiji00375898/index.html,2023-08-01,private:498,source_type=民間施設; toilet_type=車いす,
41,佐賀県,41401,有田町,,北川眼科,,,,西松浦郡有田町上幸平1-3-5,,,,no,yes,,,,,,,no,,yes,yes,,,,,,,,,,,,,,,,,everyone_toilet,佐賀県 みんなのトイレ,https://www.pref.saga.lg.jp/kiji00375898/index.html,2023-08-01,private:499,source_type=民間施設; toilet_type=車いす,
41,佐賀県,41401,有田町,,森病院,,,,西松浦郡有田町白川二丁目5-1,,,,no,yes,,,,,,,yes,,no,no,,,,,,,,,,,,,,,,,everyone_toilet,佐賀県 みんなのトイレ,https://www.pref.saga.lg.jp/kiji00375898/index.html,2023-08-01,private:500,source_type=民間施設; toilet_type=車いす,
41,佐賀県,41401,有田町,,特別養護老人ﾎｰﾑ りんでんﾎｰﾑｽﾞ,,,,西松浦郡有田町戸矢乙614-1,,,,no,yes,,,,,,,no,,no,no,,,,,,,,,,,,,,,,,everyone_toilet,佐賀県 みんなのトイレ,https://www.pref.saga.lg.jp/kiji00375898/index.html,2023-08-01,private:501,source_type=民間施設; toilet_type=車いす,
41,佐賀県,41401,有田町,,ｾﾌﾞﾝｲﾚﾌﾞﾝ有田三代橋店,,,,西松浦郡有田町南原甲628-1,,,,no,yes,,,,,,,no,,no,no,,,,,,,,,,,,,,,,,everyone_toilet,佐賀県 みんなのトイレ,https://www.pref.saga.lg.jp/kiji00375898/index.html,2023-08-01,private:502,source_type=民間施設; toilet_type=一般ﾄｲﾚ,
41,佐賀県,41401,有田町,,ﾃﾞｲｻｰﾋﾞｽかこば,,,,西松浦郡有田町桑古場乙2227-1,,,,no,yes,,,,,,,no,,no,no,,,,,,,,,,,,,,,,,everyone_toilet,佐賀県 みんなのトイレ,https://www.pref.saga.lg.jp/kiji00375898/index.html,2023-08-01,private:503,source_type=民間施設; toilet_type=一般ﾄｲﾚ,
41,佐賀県,41401,有田町,,ｾﾌﾞﾝｲﾚﾌﾞﾝ佐賀有田ｲﾝﾀｰ店,,,,西松浦郡有田町大野乙2586-3,,,,no,yes,,,,,,,no,,no,no,,,,,,,,,,,,,,,,,everyone_toilet,佐賀県 みんなのトイレ,https://www.pref.saga.lg.jp/kiji00375898/index.html,2023-08-01,private:504,source_type=民間施設; toilet_type=一般ﾄｲﾚ,
41,佐賀県,41401,有田町,,あすなろの里,,,,西松浦郡有田町二ノ瀬甲1230-1,,,,no,yes,,,,,,,no,,no,no,,,,,,,,,,,,,,,,,everyone_toilet,佐賀県 みんなのトイレ,https://www.pref.saga.lg.jp/kiji00375898/index.html,2023-08-01,private:505,source_type=民間施設; toilet_type=車いす,
41,佐賀県,41401,有田町,,特別養護老人ﾎｰﾑ それいゆﾎｰﾑｽﾞ,,,,西松浦郡有田町二ノ瀬甲1250-1,,,,no,yes,,,,,,,yes,,no,no,,,,,,,,,,,,,,,,,everyone_toilet,佐賀県 みんなのトイレ,https://www.pref.saga.lg.jp/kiji00375898/index.html,2023-08-01,private:506,source_type=民間施設; toilet_type=車いす,
41,佐賀県,41401,有田町,,口石やすひろ整形外科ｸﾘﾆｯｸ,,,,西松浦郡有田町戸杓丙673-1,,,,no,yes,,,,,,,no,,no,no,,,,,,,,,,,,,,,,,everyone_toilet,佐賀県 みんなのトイレ,https://www.pref.saga.lg.jp/kiji00375898/index.html,2023-08-01,private:507,source_type=民間施設; toilet_type=車いす,
41,佐賀県,41401,有田町,,香蘭社 有田本店ｼｮｰﾙｰﾑ,,,,西松浦郡有田町幸平一丁目3-8,,,,no,yes,,,,,,,no,,no,no,,,,,,,,,,,,,,,,,everyone_toilet,佐賀県 みんなのトイレ,https://www.pref.saga.lg.jp/kiji00375898/index.html,2023-08-01,private:508,source_type=民間施設; toilet_type=車いす,
41,佐賀県,41401,有田町,,有田町老人ふくしｾﾝﾀｰ「ちとせ」,,,,西松浦郡有田町立部乙2462-2,,,,no,yes,,,,,,,no,,no,no,,,,,,,,,,,,,,,,,everyone_toilet,佐賀県 みんなのトイレ,https://www.pref.saga.lg.jp/kiji00375898/index.html,2023-08-01,private:509,source_type=民間施設; toilet_type=車いす,
41,佐賀県,41401,有田町,,深川製磁㈱ﾁｬｲﾅ･ｵﾝ･ｻﾞ･ﾊﾟｰｸ,,,,西松浦郡有田町原明乙111,,,,no,yes,,,,,,,no,,no,no,,,,,,,,,,,,,,,,,everyone_toilet,佐賀県 みんなのトイレ,https://www.pref.saga.lg.jp/kiji00375898/index.html,2023-08-01,private:510,source_type=民間施設; toilet_type=車いす,
41,佐賀県,41401,有田町,,有田商工会議所前公衆ﾄｲﾚ,,,,西松浦郡有田町大樽1-4,,,,no,yes,,,,,,,no,,yes,no,,,,,,,,,,,,,,,,,everyone_toilet,佐賀県 みんなのトイレ,https://www.pref.saga.lg.jp/kiji00375898/index.html,2023-08-01,private:511,source_type=民間施設; toilet_type=車いす,
41,佐賀県,41401,有田町,,介護老人保健施設 ｸﾞﾘｰﾝﾋﾙ幸寿園,,,,西松浦郡有田町南原甲678-1,,,,no,yes,,,,,,,yes,,no,no,,,,,,,,,,,,,,,,,everyone_toilet,佐賀県 みんなのトイレ,https://www.pref.saga.lg.jp/kiji00375898/index.html,2023-08-01,private:512,source_type=民間施設; toilet_type=車いす,
41,佐賀県,41401,有田町,,竜門山の家,,,,西松浦郡有田町広瀬山甲2286-1,,,,no,yes,,,,,,,no,,yes,no,,,,,,,,,,,,,,,,,everyone_toilet,佐賀県 みんなのトイレ,https://www.pref.saga.lg.jp/kiji00375898/index.html,2023-08-01,private:513,source_type=民間施設; toilet_type=車いす,
41,佐賀県,41401,有田町,,ｸﾞﾙｰﾌﾟﾎｰﾑせせらぎ,,,,西松浦郡有田町応法丙3902,,,,no,yes,,,,,,,no,,no,no,,,,,,,,,,,,,,,,,everyone_toilet,佐賀県 みんなのトイレ,https://www.pref.saga.lg.jp/kiji00375898/index.html,2023-08-01,private:514,source_type=民間施設; toilet_type=車いす,
41,佐賀県,41206,武雄市,,九州電力 武雄営業所,,,,武雄市武雄町昭和776番地,,,,no,yes,,,,,,,no,,yes,no,,,,,,,,,,,,,,,,,everyone_toilet,佐賀県 みんなのトイレ,https://www.pref.saga.lg.jp/kiji00375898/index.html,2023-08-01,private:515,source_type=民間施設; toilet_type=車いす,
41,佐賀県,41206,武雄市,,医療法人 酒井眼科医院,,,,武雄市武雄町大字永島13249-4,,,,no,yes,,,,,,,no,,yes,no,,,,,,,,,,,,,,,,,everyone_toilet,佐賀県 みんなのトイレ,https://www.pref.saga.lg.jp/kiji00375898/index.html,2023-08-01,private:516,source_type=民間施設; toilet_type=車いす,
41,佐賀県,41206,武雄市,,ﾎｰﾑｾﾝﾀｰﾕｰﾄｸ 武雄店,,,,武雄市武雄町大字武雄字永松5737,,,,no,yes,,,,,,,no,,yes,no,,,,,,,,,,,,,,,,,everyone_toilet,佐賀県 みんなのトイレ,https://www.pref.saga.lg.jp/kiji00375898/index.html,2023-08-01,private:517,source_type=民間施設; toilet_type=車いす,
41,佐賀県,41206,武雄市,,石橋ﾘﾊﾋﾞﾘﾃｰｼｮﾝ病院,,,,武雄市武雄町大字富岡7563-1,,,,no,yes,,,,,,,no,,no,no,,,,,,,,,,,,,,,,,everyone_toilet,佐賀県 みんなのトイレ,https://www.pref.saga.lg.jp/kiji00375898/index.html,2023-08-01,private:518,source_type=民間施設; toilet_type=車いす,
41,佐賀県,41206,武雄市,,ﾏｯｸｽﾊﾞﾘｭ九州㈱ ﾏｯｸｽﾊﾞﾘｭ武雄店,,,,武雄市朝日町大字甘久字丁ノ坪1308,,,,no,yes,,,,,,,no,,yes,no,,,,,,,,,,,,,,,,,everyone_toilet,佐賀県 みんなのトイレ,https://www.pref.saga.lg.jp/kiji00375898/index.html,2023-08-01,private:519,source_type=民間施設; toilet_type=車いす,
41,佐賀県,41206,武雄市,,特別養護老人ﾎｰﾑ ひいらぎ,,,,武雄市武内町大字真手野26346番地,,,,no,yes,,,,,,,no,,no,no,,,,,,,,,,,,,,,,,everyone_toilet,佐賀県 みんなのトイレ,https://www.pref.saga.lg.jp/kiji00375898/index.html,2023-08-01,private:520,source_type=民間施設; toilet_type=車いす,
41,佐賀県,41206,武雄市,,社会福祉法人 天童会 くろかみ学園 すみよしの里,,,,武雄市山内町大字大野7206-1,,,,no,yes,,,,,,,no,,no,no,,,,,,,,,,,,,,,,,everyone_toilet,佐賀県 みんなのトイレ,https://www.pref.saga.lg.jp/kiji00375898/index.html,2023-08-01,private:521,source_type=民間施設; toilet_type=車いす,
41,佐賀県,41206,武雄市,,黒髪の里運営協議会 道の駅 山内,,,,武雄市山内町大字三間坂甲14697-2,,,,yes,yes,,,,,,,yes,,yes,no,,,,,,,,,,,,,,,,,everyone_toilet,佐賀県 みんなのトイレ,https://www.pref.saga.lg.jp/kiji00375898/index.html,2023-08-01,private:522,source_type=民間施設; toilet_type=多機能,
41,佐賀県,41206,武雄市,,養護老人ﾎｰﾑ ｼﾙﾊﾞｰｹｱ武雄,,,,武雄市朝日町大字甘久4269-28,,,,no,yes,,,,,,,no,,no,no,,,,,,,,,,,,,,,,,everyone_toilet,佐賀県 みんなのトイレ,https://www.pref.saga.lg.jp/kiji00375898/index.html,2023-08-01,private:530,source_type=民間施設; toilet_type=車いす,
41,佐賀県,41206,武雄市,,ぽっかぽか・虹の丘館,,,,武雄市北方町大字大崎5025-50,,,,no,yes,,,,,,,no,,no,no,,,,,,,,,,,,,,,,,everyone_toilet,佐賀県 みんなのトイレ,https://www.pref.saga.lg.jp/kiji00375898/index.html,2023-08-01,private:531,source_type=民間施設; toilet_type=車いす,
41,佐賀県,41206,武雄市,,TSUTAYA武雄店,,,,武雄市朝日町大字甘久1308,,,,no,yes,,,,,,,no,,yes,no,,,,,,,,,,,,,,,,,everyone_toilet,佐賀県 みんなのトイレ,https://www.pref.saga.lg.jp/kiji00375898/index.html,2023-08-01,private:532,source_type=民間施設; toilet_type=車いす,
41,佐賀県,41206,武雄市,,㈱ｲｽﾞﾐ ゆめﾀｳﾝ武雄店,,,,武雄市武雄町大字武雄4992,,,,no,yes,,,,,,,no,,yes,no,,,,,,,,,,,,,,,,,everyone_toilet,佐賀県 みんなのトイレ,https://www.pref.saga.lg.jp/kiji00375898/index.html,2023-08-01,private:533,source_type=民間施設; toilet_type=車いす,
41,佐賀県,41206,武雄市,,ﾎｰﾑﾌﾟﾗｻﾞﾅﾌｺ武雄店,,,,武雄市武雄町大字武雄3921,,,,no,yes,,,,,,,no,,no,no,,,,,,,,,,,,,,,,,everyone_toilet,佐賀県 みんなのトイレ,https://www.pref.saga.lg.jp/kiji00375898/index.html,2023-08-01,private:534,source_type=民間施設; toilet_type=車いす,
41,佐賀県,41206,武雄市,,ｼｮｯﾋﾟﾝｸﾞｾﾝﾀｰ ぷらっと,,,,武雄市武雄町大字武雄5771,,,,no,yes,,,,,,,no,,no,no,,,,,,,,,,,,,,,,,everyone_toilet,佐賀県 みんなのトイレ,https://www.pref.saga.lg.jp/kiji00375898/index.html,2023-08-01,private:535,source_type=民間施設; toilet_type=車いす,
41,佐賀県,41206,武雄市,,社会福祉法人誠和福祉会 特別養護老人ﾎｰﾑ 御船荘,,,,武雄市東川登町大字永野4058-5,,,,no,yes,,,,,,,no,,no,no,,,,,,,,,,,,,,,,,everyone_toilet,佐賀県 みんなのトイレ,https://www.pref.saga.lg.jp/kiji00375898/index.html,2023-08-01,private:536,source_type=民間施設; toilet_type=車いす,
41,佐賀県,41206,武雄市,,ｻﾞ･ﾀﾞｲｿｰ ﾒﾘｰﾗﾝﾄﾞ ﾀﾞｲｿｰ武雄店,,,,武雄市朝日町甘久1308,,,,no,yes,,,,,,,no,,yes,no,,,,,,,,,,,,,,,,,everyone_toilet,佐賀県 みんなのトイレ,https://www.pref.saga.lg.jp/kiji00375898/index.html,2023-08-01,private:537,source_type=民間施設; toilet_type=車いす,
41,佐賀県,41206,武雄市,,医療法人 篠田整形外科,,,,武雄市朝日町大字甘久206-3,,,,no,yes,,,,,,,no,,no,no,,,,,,,,,,,,,,,,,everyone_toilet,佐賀県 みんなのトイレ,https://www.pref.saga.lg.jp/kiji00375898/index.html,2023-08-01,private:538,source_type=民間施設; toilet_type=車いす,
41,佐賀県,41206,武雄市,,ぽっかぽか・武雄館,,,,武雄市北方町大字大崎2005-9,,,,no,yes,,,,,,,no,,no,no,,,,,,,,,,,,,,,,,everyone_toilet,佐賀県 みんなのトイレ,https://www.pref.saga.lg.jp/kiji00375898/index.html,2023-08-01,private:539,source_type=民間施設; toilet_type=車いす,
41,佐賀県,41206,武雄市,,医療法人 まつもと内科胃腸科ｸﾘﾆｯｸ,,,,武雄市北方町大崎1318-1,,,,no,yes,,,,,,,no,,no,no,,,,,,,,,,,,,,,,,everyone_toilet,佐賀県 みんなのトイレ,https://www.pref.saga.lg.jp/kiji00375898/index.html,2023-08-01,private:540,source_type=民間施設; toilet_type=車いす,
41,佐賀県,41206,武雄市,,医療法人 きたむら歯科,,,,武雄市山内町三間坂甲14024-1,,,,no,yes,,,,,,,no,,yes,no,,,,,,,,,,,,,,,,,everyone_toilet,佐賀県 みんなのトイレ,https://www.pref.saga.lg.jp/kiji00375898/index.html,2023-08-01,private:541,source_type=民間施設; toilet_type=一般ﾄｲﾚ,
41,佐賀県,41206,武雄市,,医療法人清哲会 藤瀬医院,,,,武雄市山内町鳥海9777-2,,,,no,yes,,,,,,,no,,no,no,,,,,,,,,,,,,,,,,everyone_toilet,佐賀県 みんなのトイレ,https://www.pref.saga.lg.jp/kiji00375898/index.html,2023-08-01,private:542,source_type=民間施設; toilet_type=車いす,
41,佐賀県,41206,武雄市,,医療法人 古野歯科医院,,,,武雄市山内町大字鳥海9082-1,,,,no,yes,,,,,,,no,,no,no,,,,,,,,,,,,,,,,,everyone_toilet,佐賀県 みんなのトイレ,https://www.pref.saga.lg.jp/kiji00375898/index.html,2023-08-01,private:543,source_type=民間施設; toilet_type=車いす,
41,佐賀県,41206,武雄市,,武雄温泉駅公衆便所,,,,武雄市武雄町大字富岡8260,,,,yes,yes,,,,,,,yes,,yes,no,,,,,,,,,,,,,,,,,everyone_toilet,佐賀県 みんなのトイレ,https://www.pref.saga.lg.jp/kiji00375898/index.html,2023-08-01,private:544,source_type=民間施設; toilet_type=多機能,
41,佐賀県,41206,武雄市,,ひろせ歯科北方診療所,,,,武雄市北方町志久1931-6,,,,no,yes,,,,,,,no,,no,no,,,,,,,,,,,,,,,,,everyone_toilet,佐賀県 みんなのトイレ,https://www.pref.saga.lg.jp/kiji00375898/index.html,2023-08-01,private:545,source_type=民間施設; toilet_type=一般ﾄｲﾚ,
41,佐賀県,41206,武雄市,,医療法人雄邦会 こばやしｸﾘﾆｯｸ,,,,武雄市若木町大字川古7511-3,,,,no,yes,,,,,,,yes,,no,no,,,,,,,,,,,,,,,,,everyone_toilet,佐賀県 みんなのトイレ,https://www.pref.saga.lg.jp/kiji00375898/index.html,2023-08-01,private:546,source_type=民間施設; toilet_type=車いす,
41,佐賀県,41206,武雄市,,ﾈｯﾂﾄﾖﾀ佐賀 株式会社 武雄店,,,,武雄市武雄町大字昭和20-1,,,,no,yes,,,,,,,no,,yes,no,,,,,,,,,,,,,,,,,everyone_toilet,佐賀県 みんなのトイレ,https://www.pref.saga.lg.jp/kiji00375898/index.html,2023-08-01,private:547,source_type=民間施設; toilet_type=車いす,
41,佐賀県,41206,武雄市,,株式会社 ｱﾚｰ 武雄温泉 森のリゾートホテル,,,,武雄市武雄町大字永島15750-1,,,,no,yes,,,,,,,no,,no,no,,,,,,,,,,,,,,,,,everyone_toilet,佐賀県 みんなのトイレ,https://www.pref.saga.lg.jp/kiji00375898/index.html,2023-08-01,private:549,source_type=民間施設; toilet_type=車いす,
41,佐賀県,41206,武雄市,,医療法人 養寿堂 まつお内科・眼科,,,,武雄市朝日町甘久1847,,,,no,yes,,,,,,,no,,yes,no,,,,,,,,,,,,,,,,,everyone_toilet,佐賀県 みんなのトイレ,https://www.pref.saga.lg.jp/kiji00375898/index.html,2023-08-01,private:550,source_type=民間施設; toilet_type=車いす,
41,佐賀県,41206,武雄市,,ﾄﾞｺﾓｼｮｯﾌﾟ武雄店,,,,武雄市武雄町大字昭和68,,,,no,yes,,,,,,,no,,yes,no,,,,,,,,,,,,,,,,,everyone_toilet,佐賀県 みんなのトイレ,https://www.pref.saga.lg.jp/kiji00375898/index.html,2023-08-01,private:551,source_type=民間施設; toilet_type=車いす,
41,佐賀県,41206,武雄市,,医療法人 北士会 北川眼科,,,,武雄市武雄町昭和159,,,,no,yes,,,,,,,no,,no,yes,,,,,,,,,,,,,,,,,everyone_toilet,佐賀県 みんなのトイレ,https://www.pref.saga.lg.jp/kiji00375898/index.html,2023-08-01,private:552,source_type=民間施設; toilet_type=車いす,
41,佐賀県,41206,武雄市,,医療法人 敬和会 持田病院,,,,武雄市武雄町大字武雄5858-1,,,,no,yes,,,,,,,no,,no,no,,,,,,,,,,,,,,,,,everyone_toilet,佐賀県 みんなのトイレ,https://www.pref.saga.lg.jp/kiji00375898/index.html,2023-08-01,private:553,source_type=民間施設; toilet_type=一般ﾄｲﾚ,
41,佐賀県,41206,武雄市,,医療法人 つちはし医院,,,,武雄市武雄町大字昭和75,,,,no,yes,,,,,,,no,,yes,no,,,,,,,,,,,,,,,,,everyone_toilet,佐賀県 みんなのトイレ,https://www.pref.saga.lg.jp/kiji00375898/index.html,2023-08-01,private:554,source_type=民間施設; toilet_type=車いす,
41,佐賀県,41206,武雄市,,武雄温泉物産館,,,,武雄市武雄町昭和805,,,,no,yes,,,,,,,no,,yes,no,,,,,,,,,,,,,,,,,everyone_toilet,佐賀県 みんなのトイレ,https://www.pref.saga.lg.jp/kiji00375898/index.html,2023-08-01,private:555,source_type=民間施設; toilet_type=車いす,
41,佐賀県,41206,武雄市,,池田歯科,,,,武雄市武雄町大字武雄5896-2 T-cube101,,,,no,yes,,,,,,,no,,yes,no,,,,,,,,,,,,,,,,,everyone_toilet,佐賀県 みんなのトイレ,https://www.pref.saga.lg.jp/kiji00375898/index.html,2023-08-01,private:556,source_type=民間施設; toilet_type=車いす,
41,佐賀県,41206,武雄市,,有料老人ﾎｰﾑ白岩の里 ﾃﾞｲｻｰﾋﾞｽ白岩の里,,,,武雄市武雄町大字永島15027-1,,,,no,yes,,,,,,,no,,no,no,,,,,,,,,,,,,,,,,everyone_toilet,佐賀県 みんなのトイレ,https://www.pref.saga.lg.jp/kiji00375898/index.html,2023-08-01,private:557,source_type=民間施設; toilet_type=車いす,
41,佐賀県,41206,武雄市,,武雄自動車学校,,,,武雄市朝日町大字甘久1464,,,,no,yes,,,,,,,no,,no,no,,,,,,,,,,,,,,,,,everyone_toilet,佐賀県 みんなのトイレ,https://www.pref.saga.lg.jp/kiji00375898/index.html,2023-08-01,private:558,source_type=民間施設; toilet_type=車いす,
41,佐賀県,41206,武雄市,,社団法人 巨樹の会 新武雄病院,,,,武雄市武雄町大字富岡12628,,,,yes,yes,,,,,,,yes,,yes,no,,,,,,,,,,,,,,,,,everyone_toilet,佐賀県 みんなのトイレ,https://www.pref.saga.lg.jp/kiji00375898/index.html,2023-08-01,private:559,source_type=民間施設; toilet_type=多機能,
41,佐賀県,41206,武雄市,,西松屋ﾁｪｰﾝ ｱｸﾛｽﾌﾟﾗｻﾞ武雄店,,,,武雄市武雄町富岡12509-1,,,,no,yes,,,,,,,no,,yes,yes,,,,,,,,,,,,,,,,,everyone_toilet,佐賀県 みんなのトイレ,https://www.pref.saga.lg.jp/kiji00375898/index.html,2023-08-01,private:560,source_type=民間施設; toilet_type=車いす,
41,佐賀県,41206,武雄市,,A-ﾌﾟﾗｲｽ武雄店,,,,武雄市武雄町昭和803,,,,no,yes,,,,,,,no,,no,no,,,,,,,,,,,,,,,,,everyone_toilet,佐賀県 みんなのトイレ,https://www.pref.saga.lg.jp/kiji00375898/index.html,2023-08-01,private:561,source_type=民間施設; toilet_type=一般ﾄｲﾚ,
41,佐賀県,41206,武雄市,,ｾﾌﾞﾝｲﾚﾌﾞﾝ武雄川良店,,,,武雄市武雄町富岡11506－1,,,,no,yes,,,,,,,no,,no,no,,,,,,,,,,,,,,,,,everyone_toilet,佐賀県 みんなのトイレ,https://www.pref.saga.lg.jp/kiji00375898/index.html,2023-08-01,private:562,source_type=民間施設; toilet_type=一般ﾄｲﾚ,
41,佐賀県,41206,武雄市,,ｾﾌﾞﾝｲﾚﾌﾞﾝ武雄上西山店,,,,武雄市武雄町武雄49-2,,,,no,yes,,,,,,,no,,no,no,,,,,,,,,,,,,,,,,everyone_toilet,佐賀県 みんなのトイレ,https://www.pref.saga.lg.jp/kiji00375898/index.html,2023-08-01,private:563,source_type=民間施設; toilet_type=一般ﾄｲﾚ,
41,佐賀県,41206,武雄市,,ｾﾌﾞﾝｲﾚﾌﾞﾝ武雄橘町店,,,,武雄市橘町大日16837-1,,,,no,yes,,,,,,,no,,no,no,,,,,,,,,,,,,,,,,everyone_toilet,佐賀県 みんなのトイレ,https://www.pref.saga.lg.jp/kiji00375898/index.html,2023-08-01,private:564,source_type=民間施設; toilet_type=一般ﾄｲﾚ,
41,佐賀県,41206,武雄市,,宮崎薬局武雄東部店,,,,武雄市武雄町富岡12506-3,,,,no,yes,,,,,,,no,,no,no,,,,,,,,,,,,,,,,,everyone_toilet,佐賀県 みんなのトイレ,https://www.pref.saga.lg.jp/kiji00375898/index.html,2023-08-01,private:565,source_type=民間施設; toilet_type=車いす,
41,佐賀県,41206,武雄市,,ﾜﾝﾀﾞｰﾗﾝﾄﾞ武雄店,,,,武雄市武雄町富岡12531,,,,no,yes,,,,,,,no,,no,no,,,,,,,,,,,,,,,,,everyone_toilet,佐賀県 みんなのトイレ,https://www.pref.saga.lg.jp/kiji00375898/index.html,2023-08-01,private:566,source_type=民間施設; toilet_type=一般ﾄｲﾚ,
41,佐賀県,41206,武雄市,,西九州ﾄﾖﾀ自動車株式会社 武雄店,,,,武雄市朝日町大字甘久1325,,,,no,yes,,,,,,,no,,yes,no,,,,,,,,,,,,,,,,,everyone_toilet,佐賀県 みんなのトイレ,https://www.pref.saga.lg.jp/kiji00375898/index.html,2023-08-01,private:567,source_type=民間施設; toilet_type=車いす,
41,佐賀県,41206,武雄市,,四季の里 なないろ村,,,,武雄市北方町大字大崎4915-1,,,,no,yes,,,,,,,no,,yes,no,,,,,,,,,,,,,,,,,everyone_toilet,佐賀県 みんなのトイレ,https://www.pref.saga.lg.jp/kiji00375898/index.html,2023-08-01,private:568,source_type=民間施設; toilet_type=一般ﾄｲﾚ,
41,佐賀県,41206,武雄市,,ﾕｰﾄｸ食品館 北方店,,,,武雄市北方町志久2046-1,,,,no,yes,,,,,,,no,,yes,no,,,,,,,,,,,,,,,,,everyone_toilet,佐賀県 みんなのトイレ,https://www.pref.saga.lg.jp/kiji00375898/index.html,2023-08-01,private:569,source_type=民間施設; toilet_type=車いす,
41,佐賀県,41206,武雄市,,医療法人永世会 谷口眼科,,,,武雄市武雄町大字武雄385-2,,,,no,yes,,,,,,,no,,yes,no,,,,,,,,,,,,,,,,,everyone_toilet,佐賀県 みんなのトイレ,https://www.pref.saga.lg.jp/kiji00375898/index.html,2023-08-01,private:570,source_type=民間施設; toilet_type=一般ﾄｲﾚ,
41,佐賀県,41206,武雄市,,武雄北方斎場まごころ,,,,武雄市北方町大崎1341-3,,,,no,yes,,,,,,,no,,yes,no,,,,,,,,,,,,,,,,,everyone_toilet,佐賀県 みんなのトイレ,https://www.pref.saga.lg.jp/kiji00375898/index.html,2023-08-01,private:571,source_type=民間施設; toilet_type=車いす,
41,佐賀県,41206,武雄市,,武雄温泉ﾊｲﾂ,,,,武雄市武雄町永島18091,,,,no,yes,,,,,,,no,,no,no,,,,,,,,,,,,,,,,,everyone_toilet,佐賀県 みんなのトイレ,https://www.pref.saga.lg.jp/kiji00375898/index.html,2023-08-01,private:572,source_type=民間施設; toilet_type=車いす,
41,佐賀県,41206,武雄市,,北方温泉四季の里 七彩の湯,,,,武雄市北方町大字大崎4300-1,,,,no,yes,,,,,,,no,,yes,no,,,,,,,,,,,,,,,,,everyone_toilet,佐賀県 みんなのトイレ,https://www.pref.saga.lg.jp/kiji00375898/index.html,2023-08-01,private:573,source_type=民間施設; toilet_type=車いす,
41,佐賀県,41206,武雄市,,有料老人ﾎｰﾑ 永しまの里 ﾃﾞｲｻｰﾋﾞｽ 永しまの里,,,,武雄市武雄町永島14916番1,,,,no,yes,,,,,,,no,,no,no,,,,,,,,,,,,,,,,,everyone_toilet,佐賀県 みんなのトイレ,https://www.pref.saga.lg.jp/kiji00375898/index.html,2023-08-01,private:574,source_type=民間施設; toilet_type=車いす,
41,佐賀県,41423,大町町,,ﾕｳｱｲ薬局大町店,,,,杵島郡大町町福母695-4,,,,no,yes,,,,,,,no,,no,no,,,,,,,,,,,,,,,,,everyone_toilet,佐賀県 みんなのトイレ,https://www.pref.saga.lg.jp/kiji00375898/index.html,2023-08-01,private:575,source_type=民間施設; toilet_type=一般ﾄｲﾚ,
41,佐賀県,41423,大町町,,医療法人順天堂 順天堂病院,,,,杵島郡大町町福母707-2,,,,no,yes,,,,,,,no,,no,no,,,,,,,,,,,,,,,,,everyone_toilet,佐賀県 みんなのトイレ,https://www.pref.saga.lg.jp/kiji00375898/index.html,2023-08-01,private:577,source_type=民間施設; toilet_type=車いす,
41,佐賀県,41423,大町町,,佐賀みどりJA会館,,,,杵島郡大町町大字大町1625-1,,,,no,yes,,,,,,,no,,no,no,,,,,,,,,,,,,,,,,everyone_toilet,佐賀県 みんなのトイレ,https://www.pref.saga.lg.jp/kiji00375898/index.html,2023-08-01,private:579,source_type=民間施設; toilet_type=車いす,
41,佐賀県,41424,江北町,,佐賀のへそ ふれあい交流ｾﾝﾀｰ ﾈｲﾌﾞﾙ,,,,杵島郡江北町大字山口1334,,,,no,yes,,,,,,,no,,yes,no,,,,,,,,,,,,,,,,,everyone_toilet,佐賀県 みんなのトイレ,https://www.pref.saga.lg.jp/kiji00375898/index.html,2023-08-01,private:580,source_type=民間施設; toilet_type=車いす,
41,佐賀県,41424,江北町,,佐賀のへそ ふれあい交流ｾﾝﾀｰ（図書館）,,,,杵島郡江北町大字山口1334,,,,no,yes,,,,,,,no,,yes,no,,,,,,,,,,,,,,,,,everyone_toilet,佐賀県 みんなのトイレ,https://www.pref.saga.lg.jp/kiji00375898/index.html,2023-08-01,private:581,source_type=民間施設; toilet_type=車いす,
41,佐賀県,41424,江北町,,ｲｵﾝ江北店,,,,杵島郡江北町大字山口1223,,,,no,yes,,,,,,,no,,no,no,,,,,,,,,,,,,,,,,everyone_toilet,佐賀県 みんなのトイレ,https://www.pref.saga.lg.jp/kiji00375898/index.html,2023-08-01,private:582,source_type=民間施設; toilet_type=車いす,
41,佐賀県,41424,江北町,,ﾄﾞｺﾓｼｮｯﾌﾟ江北店,,,,杵島郡江北町大字佐留志2095-1,,,,no,yes,,,,,,,no,,yes,no,,,,,,,,,,,,,,,,,everyone_toilet,佐賀県 みんなのトイレ,https://www.pref.saga.lg.jp/kiji00375898/index.html,2023-08-01,private:583,source_type=民間施設; toilet_type=車いす,
41,佐賀県,41424,江北町,,ﾀﾞｲﾚｯｸｽ江北店,,,,杵島郡江北町大字佐留志2070,,,,no,yes,,,,,,,no,,no,no,,,,,,,,,,,,,,,,,everyone_toilet,佐賀県 みんなのトイレ,https://www.pref.saga.lg.jp/kiji00375898/index.html,2023-08-01,private:584,source_type=民間施設; toilet_type=車いす,
41,佐賀県,41424,江北町,,ﾀﾞｲﾅﾑ江北店,,,,杵島郡江北町大字佐留志1996-1,,,,no,yes,,,,,,,no,,no,no,,,,,,,,,,,,,,,,,everyone_toilet,佐賀県 みんなのトイレ,https://www.pref.saga.lg.jp/kiji00375898/index.html,2023-08-01,private:585,source_type=民間施設; toilet_type=車いす,
41,佐賀県,41424,江北町,,白木パノラマ孔園,,,,杵島郡江北町大字山口,,,,no,yes,,,,,,,no,,no,no,,,,,,,,,,,,,,,,,everyone_toilet,佐賀県 みんなのトイレ,https://www.pref.saga.lg.jp/kiji00375898/index.html,2023-08-01,private:586,source_type=民間施設; toilet_type=車いす,
41,佐賀県,41424,江北町,,ｺｽﾓｽ薬品江北店,,,,杵島郡江北町佐留志1942-1,,,,no,yes,,,,,,,no,,yes,no,,,,,,,,,,,,,,,,,everyone_toilet,佐賀県 みんなのトイレ,https://www.pref.saga.lg.jp/kiji00375898/index.html,2023-08-01,private:587,source_type=民間施設; toilet_type=車いす,
41,佐賀県,41425,白石町,,ﾃﾞｲｻｰﾋﾞｽｾﾝﾀｰうたがきの里,,,,杵島郡白石町大字築切264-2,,,,no,yes,,,,,,,no,,no,no,,,,,,,,,,,,,,,,,everyone_toilet,佐賀県 みんなのトイレ,https://www.pref.saga.lg.jp/kiji00375898/index.html,2023-08-01,private:588,source_type=民間施設; toilet_type=車いす,
41,佐賀県,41425,白石町,,医療法人静便堂 白石共立病院,,,,杵島郡白石町大字福田1296,,,,no,yes,,,,,,,no,,yes,no,,,,,,,,,,,,,,,,,everyone_toilet,佐賀県 みんなのトイレ,https://www.pref.saga.lg.jp/kiji00375898/index.html,2023-08-01,private:589,source_type=民間施設; toilet_type=車いす,
41,佐賀県,41425,白石町,,有明ｽｶｲﾊﾟｰｸふれあい郷,,,,杵島郡白石町大字戸ヶ里3211,,,,no,yes,,,,,,,no,,no,no,,,,,,,,,,,,,,,,,everyone_toilet,佐賀県 みんなのトイレ,https://www.pref.saga.lg.jp/kiji00375898/index.html,2023-08-01,private:590,source_type=民間施設; toilet_type=車いす,
41,佐賀県,41425,白石町,,しろいし特産物直売所 運営協議会,,,,杵島郡白石町大字東郷1218-7,,,,no,yes,,,,,,,no,,no,no,,,,,,,,,,,,,,,,,everyone_toilet,佐賀県 みんなのトイレ,https://www.pref.saga.lg.jp/kiji00375898/index.html,2023-08-01,private:591,source_type=民間施設; toilet_type=車いす,
41,佐賀県,41425,白石町,,医療法人至慈会 高島病院,,,,杵島郡白石町大字戸ヶ里1831-18,,,,no,yes,,,,,,,no,,yes,no,,,,,,,,,,,,,,,,,everyone_toilet,佐賀県 みんなのトイレ,https://www.pref.saga.lg.jp/kiji00375898/index.html,2023-08-01,private:592,source_type=民間施設; toilet_type=車いす,
41,佐賀県,41425,白石町,,社会福祉法人佐賀西部ｺﾛﾆｰ 白石作業所,,,,杵島郡白石町大字福吉字四本黒木1815-1,,,,no,yes,,,,,,,no,,no,no,,,,,,,,,,,,,,,,,everyone_toilet,佐賀県 みんなのトイレ,https://www.pref.saga.lg.jp/kiji00375898/index.html,2023-08-01,private:593,source_type=民間施設; toilet_type=一般ﾄｲﾚ,
41,佐賀県,41425,白石町,,森外科医院,,,,杵島郡白石町大字戸ヶ里1811,,,,no,yes,,,,,,,no,,no,no,,,,,,,,,,,,,,,,,everyone_toilet,佐賀県 みんなのトイレ,https://www.pref.saga.lg.jp/kiji00375898/index.html,2023-08-01,private:595,source_type=民間施設; toilet_type=一般ﾄｲﾚ,
41,佐賀県,41425,白石町,,松田歯科ｸﾘﾆｯｸ,,,,杵島郡白石町大字福富191-19,,,,no,yes,,,,,,,no,,no,no,,,,,,,,,,,,,,,,,everyone_toilet,佐賀県 みんなのトイレ,https://www.pref.saga.lg.jp/kiji00375898/index.html,2023-08-01,private:597,source_type=民間施設; toilet_type=一般ﾄｲﾚ,
41,佐賀県,41425,白石町,,農事組合法人 菜海ありあけ,,,,杵島郡白石町大字深浦782-7,,,,no,yes,,,,,,,no,,no,no,,,,,,,,,,,,,,,,,everyone_toilet,佐賀県 みんなのトイレ,https://www.pref.saga.lg.jp/kiji00375898/index.html,2023-08-01,private:598,source_type=民間施設; toilet_type=車いす,
41,佐賀県,41425,白石町,,（株）ｽｰﾊﾟｰﾓﾘﾅｶﾞ 白石店,,,,杵島郡白石町東郷1297,,,,yes,yes,,,,,,,yes,,yes,no,,,,,,,,,,,,,,,,,everyone_toilet,佐賀県 みんなのトイレ,https://www.pref.saga.lg.jp/kiji00375898/index.html,2023-08-01,private:599,source_type=民間施設; toilet_type=多機能,
41,佐賀県,41425,白石町,,有料老人ﾎｰﾑ 白石の杜,,,,杵島郡白石町大字東郷1310,,,,no,yes,,,,,,,no,,no,no,,,,,,,,,,,,,,,,,everyone_toilet,佐賀県 みんなのトイレ,https://www.pref.saga.lg.jp/kiji00375898/index.html,2023-08-01,private:600,source_type=民間施設; toilet_type=車いす,
41,佐賀県,41425,白石町,,白石町交流館 ゆめてらす,,,,杵島郡白石町大字坂田253番地1,,,,no,yes,,,,,,,no,,yes,no,,,,,,,,,,,,,,,,,everyone_toilet,佐賀県 みんなのトイレ,https://www.pref.saga.lg.jp/kiji00375898/index.html,2023-08-01,private:601,source_type=民間施設; toilet_type=車いす,
41,佐賀県,41425,白石町,,白石町老人福祉ｾﾝﾀｰ,,,,杵島郡白石町大字坂田275-1,,,,no,yes,,,,,,,no,,yes,no,,,,,,,,,,,,,,,,,everyone_toilet,佐賀県 みんなのトイレ,https://www.pref.saga.lg.jp/kiji00375898/index.html,2023-08-01,private:602,source_type=民間施設; toilet_type=車いす,
41,佐賀県,41207,鹿島市,,医療法人祐愛会 織田病院,,,,鹿島市大字高津原4306,,,,no,yes,,,,,,,no,,yes,no,,,,,,,,,,,,,,,,,everyone_toilet,佐賀県 みんなのトイレ,https://www.pref.saga.lg.jp/kiji00375898/index.html,2023-08-01,private:603,source_type=民間施設; toilet_type=車いす,
41,佐賀県,41207,鹿島市,,ｸﾞﾙｰﾌﾟﾎｰﾑ浜,,,,鹿島市浜町乙2591-1,,,,no,yes,,,,,,,no,,no,no,,,,,,,,,,,,,,,,,everyone_toilet,佐賀県 みんなのトイレ,https://www.pref.saga.lg.jp/kiji00375898/index.html,2023-08-01,private:604,source_type=民間施設; toilet_type=車いす,
41,佐賀県,41207,鹿島市,,医療法人 わしざき耳鼻咽喉科,,,,鹿島市大字納富分甲41-1,,,,no,yes,,,,,,,no,,yes,no,,,,,,,,,,,,,,,,,everyone_toilet,佐賀県 みんなのトイレ,https://www.pref.saga.lg.jp/kiji00375898/index.html,2023-08-01,private:605,source_type=民間施設; toilet_type=車いす,
41,佐賀県,41207,鹿島市,,ﾍﾞｽﾄ電機BB 鹿島店,,,,鹿島市高津原字四本松5020,,,,no,yes,,,,,,,no,,no,no,,,,,,,,,,,,,,,,,everyone_toilet,佐賀県 みんなのトイレ,https://www.pref.saga.lg.jp/kiji00375898/index.html,2023-08-01,private:606,source_type=民間施設; toilet_type=車いす,
41,佐賀県,41207,鹿島市,,道の駅 鹿島「千菜市」,,,,鹿島市大字音成甲4427-6,,,,no,yes,,,,,,,no,,no,no,,,,,,,,,,,,,,,,,everyone_toilet,佐賀県 みんなのトイレ,https://www.pref.saga.lg.jp/kiji00375898/index.html,2023-08-01,private:607,source_type=民間施設; toilet_type=車いす,
41,佐賀県,41207,鹿島市,,ﾄﾞｺﾓｼｮｯﾌﾟ鹿島店,,,,鹿島市大字森94,,,,no,yes,,,,,,,no,,yes,no,,,,,,,,,,,,,,,,,everyone_toilet,佐賀県 みんなのトイレ,https://www.pref.saga.lg.jp/kiji00375898/index.html,2023-08-01,private:608,source_type=民間施設; toilet_type=車いす,
41,佐賀県,41207,鹿島市,,祐徳温泉株式会社,,,,鹿島市大字納富分3114-5,,,,no,yes,,,,,,,no,,no,no,,,,,,,,,,,,,,,,,everyone_toilet,佐賀県 みんなのトイレ,https://www.pref.saga.lg.jp/kiji00375898/index.html,2023-08-01,private:609,source_type=民間施設; toilet_type=車いす,
41,佐賀県,41207,鹿島市,,医療法人 天心堂 志田病院,,,,鹿島市大字中村2134-4,,,,no,yes,,,,,,,no,,yes,no,,,,,,,,,,,,,,,,,everyone_toilet,佐賀県 みんなのトイレ,https://www.pref.saga.lg.jp/kiji00375898/index.html,2023-08-01,private:611,source_type=民間施設; toilet_type=車いす,
41,佐賀県,41207,鹿島市,,ｱﾒﾘｶﾊﾟﾝ㈱就労移行支援事業所,,,,鹿島市大字納富分2904,,,,no,yes,,,,,,,no,,no,no,,,,,,,,,,,,,,,,,everyone_toilet,佐賀県 みんなのトイレ,https://www.pref.saga.lg.jp/kiji00375898/index.html,2023-08-01,private:612,source_type=民間施設; toilet_type=一般ﾄｲﾚ,
41,佐賀県,41207,鹿島市,,ﾀﾞｲﾚｯｸｽ鹿島店,,,,鹿島市納富分藤津甲53-1,,,,no,yes,,,,,,,no,,no,no,,,,,,,,,,,,,,,,,everyone_toilet,佐賀県 みんなのトイレ,https://www.pref.saga.lg.jp/kiji00375898/index.html,2023-08-01,private:613,source_type=民間施設; toilet_type=車いす,
41,佐賀県,41207,鹿島市,,ﾀﾞｲﾅﾑ佐賀鹿島店,,,,鹿島市大字井手1468-1,,,,no,yes,,,,,,,no,,no,no,,,,,,,,,,,,,,,,,everyone_toilet,佐賀県 みんなのトイレ,https://www.pref.saga.lg.jp/kiji00375898/index.html,2023-08-01,private:614,source_type=民間施設; toilet_type=車いす,
41,佐賀県,41207,鹿島市,,Aｺｰﾌﾟ佐賀ﾗﾗﾍﾞﾙ店,,,,鹿島市納富分字藤津甲2-1,,,,no,yes,,,,,,,no,,no,no,,,,,,,,,,,,,,,,,everyone_toilet,佐賀県 みんなのトイレ,https://www.pref.saga.lg.jp/kiji00375898/index.html,2023-08-01,private:622,source_type=民間施設; toilet_type=車いす,
41,佐賀県,41207,鹿島市,,医療法人社団 別府整形外科,,,,鹿島市高津原3523-1,,,,no,yes,,,,,,,no,,no,no,,,,,,,,,,,,,,,,,everyone_toilet,佐賀県 みんなのトイレ,https://www.pref.saga.lg.jp/kiji00375898/index.html,2023-08-01,private:623,source_type=民間施設; toilet_type=一般ﾄｲﾚ,
41,佐賀県,41207,鹿島市,,医療法人社団 森田医院,,,,鹿島市納富分4076-3,,,,no,yes,,,,,,,no,,yes,no,,,,,,,,,,,,,,,,,everyone_toilet,佐賀県 みんなのトイレ,https://www.pref.saga.lg.jp/kiji00375898/index.html,2023-08-01,private:624,source_type=民間施設; toilet_type=一般ﾄｲﾚ,
41,佐賀県,41441,太良町,,ｸﾞﾙｰﾌﾟﾎｰﾑさんはうす,,,,藤津郡太良町大字糸岐786-1,,,,no,yes,,,,,,,yes,,no,no,,,,,,,,,,,,,,,,,everyone_toilet,佐賀県 みんなのトイレ,https://www.pref.saga.lg.jp/kiji00375898/index.html,2023-08-01,private:625,source_type=民間施設; toilet_type=車いす,
41,佐賀県,41441,太良町,,道の駅 太良 たらふく館側,,,,藤津郡太良町大字伊福甲3488-2,,,,no,yes,,,,,,,no,,yes,no,,,,,,,,,,,,,,,,,everyone_toilet,佐賀県 みんなのトイレ,https://www.pref.saga.lg.jp/kiji00375898/index.html,2023-08-01,private:626,source_type=民間施設; toilet_type=車いす,
41,佐賀県,41441,太良町,,道の駅 太良 漁師の館側,,,,藤津郡太良町大字伊福甲3488-2,,,,yes,yes,,,,,,,yes,,yes,no,,,,,,,,,,,,,,,,,everyone_toilet,佐賀県 みんなのトイレ,https://www.pref.saga.lg.jp/kiji00375898/index.html,2023-08-01,private:627,source_type=民間施設; toilet_type=多機能,
41,佐賀県,41441,太良町,,ひだか歯科,,,,藤津郡太良町大字多良1-19,,,,no,yes,,,,,,,no,,no,no,,,,,,,,,,,,,,,,,everyone_toilet,佐賀県 みんなのトイレ,https://www.pref.saga.lg.jp/kiji00375898/index.html,2023-08-01,private:629,source_type=民間施設; toilet_type=車いす,
41,佐賀県,41441,太良町,,ぬくもいﾎｰﾑたら,,,,藤津郡太良町大字多良2052,,,,no,yes,,,,,,,no,,no,no,,,,,,,,,,,,,,,,,everyone_toilet,佐賀県 みんなのトイレ,https://www.pref.saga.lg.jp/kiji00375898/index.html,2023-08-01,private:631,source_type=民間施設; toilet_type=車いす,
41,佐賀県,41441,太良町,,NPO法人ゆたたり 宅老所おおうら,,,,藤津郡太良町大字大浦丙823-2,,,,no,yes,,,,,,,no,,no,no,,,,,,,,,,,,,,,,,everyone_toilet,佐賀県 みんなのトイレ,https://www.pref.saga.lg.jp/kiji00375898/index.html,2023-08-01,private:632,source_type=民間施設; toilet_type=車いす,
41,佐賀県,41441,太良町,,中村ｽﾄｱｰｴﾚﾅ太良店,,,,藤津郡太良町太良油津1629-1,,,,no,yes,,,,,,,no,,yes,no,,,,,,,,,,,,,,,,,everyone_toilet,佐賀県 みんなのトイレ,https://www.pref.saga.lg.jp/kiji00375898/index.html,2023-08-01,private:633,source_type=民間施設; toilet_type=車いす,
41,佐賀県,41208,小城市,,小城市芦刈保健福祉ｾﾝﾀｰ ひまわり,,,,小城市芦刈町三王崎1522,,,,yes,yes,,,,,,,yes,,yes,no,,,,,,,,,,,,,,,,,everyone_toilet,佐賀県 みんなのトイレ,https://www.pref.saga.lg.jp/kiji00375898/index.html,2023-08-01,private:634,source_type=民間施設; toilet_type=多機能,
41,佐賀県,41208,小城市,,三日月保健福祉ｾﾝﾀｰ ゆめりあ,,,,小城市三日月町大字長神田2312-3,,,,yes,yes,,,,,,,yes,,yes,no,,,,,,,,,,,,,,,,,everyone_toilet,佐賀県 みんなのトイレ,https://www.pref.saga.lg.jp/kiji00375898/index.html,2023-08-01,private:635,source_type=民間施設; toilet_type=多機能,
41,佐賀県,41208,小城市,,ﾀｲﾍｲ薬局ﾒﾃﾞｨｶﾙﾓｰﾙ・おぎ店,,,,小城市三日月町大字長神田2173-1,,,,no,yes,,,,,,,no,,yes,no,,,,,,,,,,,,,,,,,everyone_toilet,佐賀県 みんなのトイレ,https://www.pref.saga.lg.jp/kiji00375898/index.html,2023-08-01,private:636,source_type=民間施設; toilet_type=車いす,
41,佐賀県,41208,小城市,,まるみつ三日月店,,,,小城市三日月町大字長神田字戊1093-1-1,,,,no,yes,,,,,,,no,,no,no,,,,,,,,,,,,,,,,,everyone_toilet,佐賀県 みんなのトイレ,https://www.pref.saga.lg.jp/kiji00375898/index.html,2023-08-01,private:637,source_type=民間施設; toilet_type=車いす,
41,佐賀県,41208,小城市,,ﾀﾞｲﾅﾑ佐賀三日月店,,,,小城市三日月町織島2427-1,,,,no,yes,,,,,,,no,,no,no,,,,,,,,,,,,,,,,,everyone_toilet,佐賀県 みんなのトイレ,https://www.pref.saga.lg.jp/kiji00375898/index.html,2023-08-01,private:638,source_type=民間施設; toilet_type=車いす,
41,佐賀県,41208,小城市,,まなべ消化器内科クリニック,,,,小城市三日月町長神田2173-4,,,,no,yes,,,,,,,no,,yes,no,,,,,,,,,,,,,,,,,everyone_toilet,佐賀県 みんなのトイレ,https://www.pref.saga.lg.jp/kiji00375898/index.html,2023-08-01,private:639,source_type=民間施設; toilet_type=車いす,
41,佐賀県,41208,小城市,,三日月ショッピングシティ,,,,小城市三日月町久米1295-2,,,,no,yes,,,,,,,no,,no,no,,,,,,,,,,,,,,,,,everyone_toilet,佐賀県 みんなのトイレ,https://www.pref.saga.lg.jp/kiji00375898/index.html,2023-08-01,private:640,source_type=民間施設; toilet_type=車いす,
41,佐賀県,41208,小城市,,ショッピングプラザ セリオ,,,,小城市牛津町柿樋瀬1602-1,,,,no,yes,,,,,,,no,,no,no,,,,,,,,,,,,,,,,,everyone_toilet,佐賀県 みんなのトイレ,https://www.pref.saga.lg.jp/kiji00375898/index.html,2023-08-01,private:641,source_type=民間施設; toilet_type=車いす,
41,佐賀県,41208,小城市,,医療法人 まえだ脳神経外科・眼科クリニック,,,,小城市三日月町長神田2173-2,,,,no,yes,,,,,,,no,,yes,no,,,,,,,,,,,,,,,,,everyone_toilet,佐賀県 みんなのトイレ,https://www.pref.saga.lg.jp/kiji00375898/index.html,2023-08-01,private:642,source_type=民間施設; toilet_type=車いす,
41,佐賀県,41208,小城市,,おおしまクリニック,,,,小城市牛津町乙柳1096番地1,,,,no,yes,,,,,,,yes,,no,no,,,,,,,,,,,,,,,,,everyone_toilet,佐賀県 みんなのトイレ,https://www.pref.saga.lg.jp/kiji00375898/index.html,2023-08-01,private:643,source_type=民間施設; toilet_type=車いす,
41,佐賀県,41208,小城市,,社会福祉法人 大空福祉会 ﾜｰｸﾋﾟｱ天山,,,,小城市小城町晴気1787-2,,,,no,yes,,,,,,,no,,no,no,,,,,,,,,,,,,,,,,everyone_toilet,佐賀県 みんなのトイレ,https://www.pref.saga.lg.jp/kiji00375898/index.html,2023-08-01,private:644,source_type=民間施設; toilet_type=車いす,
41,佐賀県,41208,小城市,,NPO法人佐賀げんき会 就労継続支援B型 佐賀みょうが塾,,,,小城市小城町畑田1374-1,,,,no,yes,,,,,,,no,,no,no,,,,,,,,,,,,,,,,,everyone_toilet,佐賀県 みんなのトイレ,https://www.pref.saga.lg.jp/kiji00375898/index.html,2023-08-01,private:646,source_type=民間施設; toilet_type=車いす,
41,佐賀県,41208,小城市,,はやしだ耳鼻咽喉科,,,,小城市三日月町長神田2171-3,,,,no,yes,,,,,,,no,,yes,no,,,,,,,,,,,,,,,,,everyone_toilet,佐賀県 みんなのトイレ,https://www.pref.saga.lg.jp/kiji00375898/index.html,2023-08-01,private:647,source_type=民間施設; toilet_type=車いす,
41,佐賀県,41208,小城市,,ｽｰﾊﾟｰﾓﾘﾅｶﾞ小城店,,,,小城市小城町松尾4080-3,,,,no,yes,,,,,,,no,,yes,no,,,,,,,,,,,,,,,,,everyone_toilet,佐賀県 みんなのトイレ,https://www.pref.saga.lg.jp/kiji00375898/index.html,2023-08-01,private:648,source_type=民間施設; toilet_type=一般ﾄｲﾚ,
41,佐賀県,41208,小城市,,ｸﾞｯﾃﾞｲ牛津店,,,,小城市牛津町乙柳639番地,,,,no,yes,,,,,,,no,,no,no,,,,,,,,,,,,,,,,,everyone_toilet,佐賀県 みんなのトイレ,https://www.pref.saga.lg.jp/kiji00375898/index.html,2023-08-01,private:649,source_type=民間施設; toilet_type=車いす,
41,佐賀県,41208,小城市,,ﾛｰｿﾝ小城牛津店,,,,小城市牛津町柿樋瀬字柿三角899-4,,,,no,yes,,,,,,,no,,yes,no,,,,,,,,,,,,,,,,,everyone_toilet,佐賀県 みんなのトイレ,https://www.pref.saga.lg.jp/kiji00375898/index.html,2023-08-01,private:650,source_type=民間施設; toilet_type=車いす,
41,佐賀県,41208,小城市,,ｾﾌﾞﾝｲﾚﾌﾞﾝ三日月堀江店,,,,小城市三日月町堀江288-1,,,,no,yes,,,,,,,no,,no,no,,,,,,,,,,,,,,,,,everyone_toilet,佐賀県 みんなのトイレ,https://www.pref.saga.lg.jp/kiji00375898/index.html,2023-08-01,private:651,source_type=民間施設; toilet_type=一般ﾄｲﾚ,
41,佐賀県,41208,小城市,,ﾛｰｿﾝ小城上砥川店,,,,小城市牛津町上砥川1160-1,,,,no,yes,,,,,,,no,,yes,no,,,,,,,,,,,,,,,,,everyone_toilet,佐賀県 みんなのトイレ,https://www.pref.saga.lg.jp/kiji00375898/index.html,2023-08-01,private:652,source_type=民間施設; toilet_type=車いす,
41,佐賀県,41208,小城市,,溶岩窯工房ﾎﾟﾜｯち,,,,小城市牛津町上砥川1233-1,,,,no,yes,,,,,,,no,,yes,no,,,,,,,,,,,,,,,,,everyone_toilet,佐賀県 みんなのトイレ,https://www.pref.saga.lg.jp/kiji00375898/index.html,2023-08-01,private:653,source_type=民間施設; toilet_type=車いす,
41,佐賀県,41208,小城市,,ﾄﾗｲｱﾙ 三日月店,,,,小城市三日月町樋口字五条1420,,,,yes,yes,,,,,,,yes,,yes,yes,,,,,,,,,,,,,,,,,everyone_toilet,佐賀県 みんなのトイレ,https://www.pref.saga.lg.jp/kiji00375898/index.html,2023-08-01,private:654,source_type=民間施設; toilet_type=多機能,
41,佐賀県,41208,小城市,,ｾﾌﾞﾝｲﾚﾌﾞﾝ小城牛津店,,,,小城市牛津町柿樋瀬9091,,,,no,yes,,,,,,,no,,no,yes,,,,,,,,,,,,,,,,,everyone_toilet,佐賀県 みんなのトイレ,https://www.pref.saga.lg.jp/kiji00375898/index.html,2023-08-01,private:655,source_type=民間施設; toilet_type=一般ﾄｲﾚ,
41,佐賀県,41208,小城市,,ｾﾌﾞﾝｲﾚﾌﾞﾝ小城芦刈町店,,,,小城市芦刈町永田308-1,,,,no,yes,,,,,,,no,,no,no,,,,,,,,,,,,,,,,,everyone_toilet,佐賀県 みんなのトイレ,https://www.pref.saga.lg.jp/kiji00375898/index.html,2023-08-01,private:656,source_type=民間施設; toilet_type=一般ﾄｲﾚ,
41,佐賀県,41208,小城市,,はらだ歯科医院,,,,小城市三日月町長神田1055-1,,,,no,yes,,,,,,,no,,yes,no,,,,,,,,,,,,,,,,,everyone_toilet,佐賀県 みんなのトイレ,https://www.pref.saga.lg.jp/kiji00375898/index.html,2023-08-01,private:657,source_type=民間施設; toilet_type=一般ﾄｲﾚ,
41,佐賀県,41208,小城市,,医療法人ひらまつ病院,,,,小城市小城町815-1,,,,no,yes,,,,,,,no,,yes,yes,,,,,,,,,,,,,,,,,everyone_toilet,佐賀県 みんなのトイレ,https://www.pref.saga.lg.jp/kiji00375898/index.html,2023-08-01,private:658,source_type=民間施設; toilet_type=車いす,
41,佐賀県,41208,小城市,,JA佐城 三日月支所,,,,小城市三日月町長神田2339番地1,,,,no,yes,,,,,,,no,,yes,no,,,,,,,,,,,,,,,,,everyone_toilet,佐賀県 みんなのトイレ,https://www.pref.saga.lg.jp/kiji00375898/index.html,2023-08-01,private:659,source_type=民間施設; toilet_type=一般ﾄｲﾚ,
41,佐賀県,41208,小城市,,ホームプラザナフコ小城店,,,,小城市小城町畑田2462-1,,,,yes,yes,,,,,,,yes,,no,yes,,,,,,,,,,,,,,,,,everyone_toilet,佐賀県 みんなのトイレ,https://www.pref.saga.lg.jp/kiji00375898/index.html,2023-08-01,private:660,source_type=民間施設; toilet_type=多機能,
41,佐賀県,41209,嬉野市,,佐賀嬉野バリアフリーツアーセンター,,,,嬉野市嬉野町大字下宿乙2202-55,,,,yes,yes,,,,,,,yes,,yes,no,,,,,,,,,,,,,,,,,everyone_toilet,佐賀県 みんなのトイレ,https://www.pref.saga.lg.jp/kiji00375898/index.html,2023-08-01,private:661,source_type=民間施設; toilet_type=多機能,
41,佐賀県,41209,嬉野市,,ホテル華翠苑,,,,嬉野市嬉野町岩屋川内甲333,,,,yes,yes,,,,,,,yes,,yes,no,,,,,,,,,,,,,,,,,everyone_toilet,佐賀県 みんなのトイレ,https://www.pref.saga.lg.jp/kiji00375898/index.html,2023-08-01,private:662,source_type=民間施設; toilet_type=多機能,
41,佐賀県,41209,嬉野市,,ﾄﾞｺﾓｼｮｯﾌﾟ嬉野店,,,,嬉野市嬉野町大字下宿乙446,,,,no,yes,,,,,,,no,,no,no,,,,,,,,,,,,,,,,,everyone_toilet,佐賀県 みんなのトイレ,https://www.pref.saga.lg.jp/kiji00375898/index.html,2023-08-01,private:663,source_type=民間施設; toilet_type=車いす,
41,佐賀県,41209,嬉野市,,養護老人ﾎｰﾑ 済昭園,,,,嬉野市塩田町大字五町田甲3443,,,,no,yes,,,,,,,no,,no,no,,,,,,,,,,,,,,,,,everyone_toilet,佐賀県 みんなのトイレ,https://www.pref.saga.lg.jp/kiji00375898/index.html,2023-08-01,private:664,source_type=民間施設; toilet_type=車いす,
41,佐賀県,41209,嬉野市,,ﾃﾞｲｻｰﾋﾞｽｾﾝﾀｰ済昭園,,,,嬉野市塩田町大字五町田甲3443,,,,no,yes,,,,,,,yes,,no,no,,,,,,,,,,,,,,,,,everyone_toilet,佐賀県 みんなのトイレ,https://www.pref.saga.lg.jp/kiji00375898/index.html,2023-08-01,private:665,source_type=民間施設; toilet_type=車いす,
41,佐賀県,41209,嬉野市,,社会福祉法人けやき会 吉田保育園,,,,嬉野市嬉野町大字吉田丁4808,,,,no,yes,,,,,,,yes,,no,no,,,,,,,,,,,,,,,,,everyone_toilet,佐賀県 みんなのトイレ,https://www.pref.saga.lg.jp/kiji00375898/index.html,2023-08-01,private:666,source_type=民間施設; toilet_type=車いす,
41,佐賀県,41209,嬉野市,,医療法人財団友朋会 嬉野温泉病院 西外来,,,,嬉野市嬉野町大字下宿乙1919,,,,no,yes,,,,,,,no,,yes,no,,,,,,,,,,,,,,,,,everyone_toilet,佐賀県 みんなのトイレ,https://www.pref.saga.lg.jp/kiji00375898/index.html,2023-08-01,private:667,source_type=民間施設; toilet_type=一般ﾄｲﾚ,
41,佐賀県,41209,嬉野市,,医療法人財団友朋会 嬉野温泉病院 東外来,,,,嬉野市嬉野町大字下宿乙1919,,,,no,yes,,,,,,,no,,no,no,,,,,,,,,,,,,,,,,everyone_toilet,佐賀県 みんなのトイレ,https://www.pref.saga.lg.jp/kiji00375898/index.html,2023-08-01,private:668,source_type=民間施設; toilet_type=一般ﾄｲﾚ,
41,佐賀県,41209,嬉野市,,医療法人財団友朋会 嬉野温泉病院 中央1・2病棟,,,,嬉野市嬉野町大字下宿乙1919,,,,no,yes,,,,,,,no,,no,no,,,,,,,,,,,,,,,,,everyone_toilet,佐賀県 みんなのトイレ,https://www.pref.saga.lg.jp/kiji00375898/index.html,2023-08-01,private:669,source_type=民間施設; toilet_type=車いす,
41,佐賀県,41209,嬉野市,,独立行政法人国立病院機構 嬉野医療ｾﾝﾀｰ,,,,嬉野市嬉野町大字下宿丙2436,,,,no,yes,,,,,,,no,,no,no,,,,,,,,,,,,,,,,,everyone_toilet,佐賀県 みんなのトイレ,https://www.pref.saga.lg.jp/kiji00375898/index.html,2023-08-01,private:670,source_type=民間施設; toilet_type=車いす,
41,佐賀県,41209,嬉野市,,㈱ｴﾚﾅ ｴﾚﾅ嬉野店,,,,嬉野市嬉野町大字下宿甲4147,,,,no,yes,,,,,,,no,,yes,no,,,,,,,,,,,,,,,,,everyone_toilet,佐賀県 みんなのトイレ,https://www.pref.saga.lg.jp/kiji00375898/index.html,2023-08-01,private:671,source_type=民間施設; toilet_type=車いす,
41,佐賀県,41209,嬉野市,,ｻﾞ・ﾀﾞｲｿｰ ｴﾚﾅ嬉野店,,,,嬉野市嬉野町大字下宿4630-4,,,,no,yes,,,,,,,no,,yes,no,,,,,,,,,,,,,,,,,everyone_toilet,佐賀県 みんなのトイレ,https://www.pref.saga.lg.jp/kiji00375898/index.html,2023-08-01,private:672,source_type=民間施設; toilet_type=車いす,
41,佐賀県,41209,嬉野市,,ｼｮｯﾋﾟﾝｸﾞｾﾝﾀｰぷらっと,,,,嬉野市塩田町大字馬場下甲1748-4,,,,no,yes,,,,,,,no,,no,no,,,,,,,,,,,,,,,,,everyone_toilet,佐賀県 みんなのトイレ,https://www.pref.saga.lg.jp/kiji00375898/index.html,2023-08-01,private:674,source_type=民間施設; toilet_type=車いす,
41,佐賀県,41209,嬉野市,,株式会社和多屋別荘,,,,嬉野市嬉野町大字下宿乙738,,,,yes,yes,,,,,,,yes,,yes,no,,,,,,,,,,,,,,,,,everyone_toilet,佐賀県 みんなのトイレ,https://www.pref.saga.lg.jp/kiji00375898/index.html,2023-08-01,private:675,source_type=民間施設; toilet_type=多機能,
41,佐賀県,41209,嬉野市,,花とおもてなしの宿 松園,,,,嬉野市嬉野町大字下宿乙855-2,,,,yes,yes,,,,,,,yes,,yes,no,,,,,,,,,,,,,,,,,everyone_toilet,佐賀県 みんなのトイレ,https://www.pref.saga.lg.jp/kiji00375898/index.html,2023-08-01,private:676,source_type=民間施設; toilet_type=多機能,
41,佐賀県,41209,嬉野市,,前田整形外科[(医)薫風会],,,,嬉野市嬉野町大字下宿甲4271-2,,,,no,yes,,,,,,,no,,no,no,,,,,,,,,,,,,,,,,everyone_toilet,佐賀県 みんなのトイレ,https://www.pref.saga.lg.jp/kiji00375898/index.html,2023-08-01,private:677,source_type=民間施設; toilet_type=車いす,
41,佐賀県,41209,嬉野市,,嬉野ﾃﾞｲｻｰﾋﾞｽｾﾝﾀｰ 「春風荘」,,,,嬉野市嬉野町大字下野甲1055,,,,no,yes,,,,,,,no,,no,no,,,,,,,,,,,,,,,,,everyone_toilet,佐賀県 みんなのトイレ,https://www.pref.saga.lg.jp/kiji00375898/index.html,2023-08-01,private:678,source_type=民間施設; toilet_type=車いす,
41,佐賀県,41209,嬉野市,,ｾﾌﾞﾝｲﾚﾌﾞﾝ塩田馬場下店,,,,嬉野市塩田町馬場下甲12,,,,no,yes,,,,,,,no,,no,no,,,,,,,,,,,,,,,,,everyone_toilet,佐賀県 みんなのトイレ,https://www.pref.saga.lg.jp/kiji00375898/index.html,2023-08-01,private:679,source_type=民間施設; toilet_type=一般ﾄｲﾚ,
41,佐賀県,41209,嬉野市,,志田焼の里博物館,,,,嬉野市塩田町久間乙3073,,,,no,yes,,,,,,,no,,yes,no,,,,,,,,,,,,,,,,,everyone_toilet,佐賀県 みんなのトイレ,https://www.pref.saga.lg.jp/kiji00375898/index.html,2023-08-01,private:680,source_type=民間施設; toilet_type=車いす,
41,佐賀県,41209,嬉野市,,株式会社 旅館嬉野館,,,,嬉野市嬉野町大字下宿乙2091番地,,,,no,yes,,,,,,,no,,no,no,,,,,,,,,,,,,,,,,everyone_toilet,佐賀県 みんなのトイレ,https://www.pref.saga.lg.jp/kiji00375898/index.html,2023-08-01,private:681,source_type=民間施設; toilet_type=車いす,
41,佐賀県,41209,嬉野市,,株式会社 嬉野観光ﾎﾃﾙ大正屋,,,,嬉野市嬉野町大字下宿乙2276-1,,,,no,yes,,,,,,,yes,,yes,no,,,,,,,,,,,,,,,,,everyone_toilet,佐賀県 みんなのトイレ,https://www.pref.saga.lg.jp/kiji00375898/index.html,2023-08-01,private:682,source_type=民間施設; toilet_type=一般ﾄｲﾚ,
41,佐賀県,41209,嬉野市,,大正屋 椎葉山荘,,,,嬉野市嬉野町大字岩屋川内字椎葉,,,,no,yes,,,,,,,no,,yes,no,,,,,,,,,,,,,,,,,everyone_toilet,佐賀県 みんなのトイレ,https://www.pref.saga.lg.jp/kiji00375898/index.html,2023-08-01,private:683,source_type=民間施設; toilet_type=車いす,
41,佐賀県,41209,嬉野市,,大正屋 湯宿清流,,,,嬉野市嬉野町下宿乙2314番地,,,,no,yes,,,,,,,no,,no,no,,,,,,,,,,,,,,,,,everyone_toilet,佐賀県 みんなのトイレ,https://www.pref.saga.lg.jp/kiji00375898/index.html,2023-08-01,private:684,source_type=民間施設; toilet_type=車いす,
41,佐賀県,41209,嬉野市,,吉田まんぞく館,,,,嬉野市嬉野町大字吉田甲2200-2,,,,no,yes,,,,,,,no,,yes,no,,,,,,,,,,,,,,,,,everyone_toilet,佐賀県 みんなのトイレ,https://www.pref.saga.lg.jp/kiji00375898/index.html,2023-08-01,private:685,source_type=民間施設; toilet_type=車いす,
41,佐賀県,41210,神埼市,,ﾎｰﾑｾﾝﾀｰﾕｰﾄｸ 千代田店,,,,神埼市千代田町境原25番1,,,,no,yes,,,,,,,no,,yes,no,,,,,,,,,,,,,,,,,everyone_toilet,佐賀県 みんなのトイレ,https://www.pref.saga.lg.jp/kiji00375898/index.html,2023-08-01,private:686,source_type=民間施設; toilet_type=車いす,
41,佐賀県,41210,神埼市,,西九州大学 介護教育棟,,,,神埼市神埼町尾崎4490-9,,,,no,yes,,,,,,,no,,no,no,,,,,,,,,,,,,,,,,everyone_toilet,佐賀県 みんなのトイレ,https://www.pref.saga.lg.jp/kiji00375898/index.html,2023-08-01,private:687,source_type=民間施設; toilet_type=車いす,
41,佐賀県,41210,神埼市,,神埼地区消防事務組合消防本部,,,,神埼市神埼町枝ヶ里184-1,,,,no,yes,,,,,,,no,,no,no,,,,,,,,,,,,,,,,,everyone_toilet,佐賀県 みんなのトイレ,https://www.pref.saga.lg.jp/kiji00375898/index.html,2023-08-01,private:688,source_type=民間施設; toilet_type=車いす,
41,佐賀県,41210,神埼市,,特別養護老人ﾎｰﾑ昌普久苑,,,,神埼市脊振町鹿路2290-6,,,,no,yes,,,,,,,no,,no,no,,,,,,,,,,,,,,,,,everyone_toilet,佐賀県 みんなのトイレ,https://www.pref.saga.lg.jp/kiji00375898/index.html,2023-08-01,private:689,source_type=民間施設; toilet_type=車いす,
41,佐賀県,41210,神埼市,,ﾀﾞｲﾅﾑ佐賀神埼店,,,,神埼市神埼町本告牟田1258-2,,,,no,yes,,,,,,,no,,no,no,,,,,,,,,,,,,,,,,everyone_toilet,佐賀県 みんなのトイレ,https://www.pref.saga.lg.jp/kiji00375898/index.html,2023-08-01,private:690,source_type=民間施設; toilet_type=車いす,
41,佐賀県,41210,神埼市,,高取山公園 わんぱく王国そよかぜの丘,,,,神埼市背振町広滝1472,,,,no,yes,,,,,,,no,,no,no,,,,,,,,,,,,,,,,,everyone_toilet,佐賀県 みんなのトイレ,https://www.pref.saga.lg.jp/kiji00375898/index.html,2023-08-01,private:691,source_type=民間施設; toilet_type=車いす,
41,佐賀県,41210,神埼市,,ｾﾌﾞﾝｲﾚﾌﾞﾝ神埼飯町店,,,,神埼市神埼町的字四本黒木378-4,,,,no,yes,,,,,,,no,,no,no,,,,,,,,,,,,,,,,,everyone_toilet,佐賀県 みんなのトイレ,https://www.pref.saga.lg.jp/kiji00375898/index.html,2023-08-01,private:692,source_type=民間施設; toilet_type=一般ﾄｲﾚ,
41,佐賀県,41210,神埼市,,ｾﾌﾞﾝｲﾚﾌﾞﾝ千代田嘉納店,,,,神埼市千代田町嘉納1198,,,,no,yes,,,,,,,no,,no,no,,,,,,,,,,,,,,,,,everyone_toilet,佐賀県 みんなのトイレ,https://www.pref.saga.lg.jp/kiji00375898/index.html,2023-08-01,private:693,source_type=民間施設; toilet_type=一般ﾄｲﾚ,
41,佐賀県,41210,神埼市,,ﾗ･ﾎﾟｰﾙ三神店,,,,神埼市神埼町本告牟田1191－1,,,,no,yes,,,,,,,no,,no,no,,,,,,,,,,,,,,,,,everyone_toilet,佐賀県 みんなのトイレ,https://www.pref.saga.lg.jp/kiji00375898/index.html,2023-08-01,private:694,source_type=民間施設; toilet_type=車いす,
41,佐賀県,41210,神埼市,,ｾﾌﾞﾝｲﾚﾌﾞﾝ神埼日の隈店,,,,神埼市神埼町城原1061-1,,,,no,yes,,,,,,,no,,no,no,,,,,,,,,,,,,,,,,everyone_toilet,佐賀県 みんなのトイレ,https://www.pref.saga.lg.jp/kiji00375898/index.html,2023-08-01,private:695,source_type=民間施設; toilet_type=一般ﾄｲﾚ,
41,佐賀県,41210,神埼市,,大櫛歯科矯正歯科医院,,,,神埼市千代田町姉2-1,,,,no,yes,,,,,,,no,,yes,no,,,,,,,,,,,,,,,,,everyone_toilet,佐賀県 みんなのトイレ,https://www.pref.saga.lg.jp/kiji00375898/index.html,2023-08-01,private:696,source_type=民間施設; toilet_type=一般ﾄｲﾚ,
41,佐賀県,41210,神埼市,,在宅ｻﾎﾟｰﾄｾﾝﾀｰ かんざき清流苑,,,,神埼市神埼町鶴2927番地2,,,,no,yes,,,,,,,yes,,no,no,,,,,,,,,,,,,,,,,everyone_toilet,佐賀県 みんなのトイレ,https://www.pref.saga.lg.jp/kiji00375898/index.html,2023-08-01,private:697,source_type=民間施設; toilet_type=車いす,
41,佐賀県,41210,神埼市,,地域共生ホームブライトハウス,,,,神埼市千代田町下西842-7,,,,no,yes,,,,,,,no,,yes,no,,,,,,,,,,,,,,,,,everyone_toilet,佐賀県 みんなのトイレ,https://www.pref.saga.lg.jp/kiji00375898/index.html,2023-08-01,private:698,source_type=民間施設; toilet_type=一般ﾄｲﾚ,
41,佐賀県,41327,吉野ヶ里町,,特別養護老人ﾎｰﾑ ｼﾙﾊﾞｰｹｱ吉野ヶ里,,,,神埼郡吉野ヶ里町吉田1483-1,,,,no,yes,,,,,,,no,,no,no,,,,,,,,,,,,,,,,,everyone_toilet,佐賀県 みんなのトイレ,https://www.pref.saga.lg.jp/kiji00375898/index.html,2023-08-01,private:699,source_type=民間施設; toilet_type=車いす,
41,佐賀県,41327,吉野ヶ里町,,道の駅 吉野ヶ里さざんか千坊館,,,,神埼郡吉野ヶ里町松隈1710-11,,,,no,yes,,,,,,,no,,yes,yes,,,,,,,,,,,,,,,,,everyone_toilet,佐賀県 みんなのトイレ,https://www.pref.saga.lg.jp/kiji00375898/index.html,2023-08-01,private:700,source_type=民間施設; toilet_type=車いす,
41,佐賀県,41327,吉野ヶ里町,,スーパーモリナガ吉野ヶ里店,,,,神埼郡吉野ヶ里町田手1663-1,,,,yes,yes,,,,,,,yes,,yes,no,,,,,,,,,,,,,,,,,everyone_toilet,佐賀県 みんなのトイレ,https://www.pref.saga.lg.jp/kiji00375898/index.html,2023-08-01,private:701,source_type=民間施設; toilet_type=多機能,
41,佐賀県,41327,吉野ヶ里町,,ドコモショップ吉野ヶ里店,,,,神埼郡吉野ヶ里町吉田779-1,,,,no,yes,,,,,,,no,,yes,no,,,,,,,,,,,,,,,,,everyone_toilet,佐賀県 みんなのトイレ,https://www.pref.saga.lg.jp/kiji00375898/index.html,2023-08-01,private:702,source_type=民間施設; toilet_type=車いす,
41,佐賀県,41327,吉野ヶ里町,,ひがしせふり温泉山茶花の湯,,,,神埼郡吉野ヶ里町石動76-2,,,,no,yes,,,,,,,no,,no,no,,,,,,,,,,,,,,,,,everyone_toilet,佐賀県 みんなのトイレ,https://www.pref.saga.lg.jp/kiji00375898/index.html,2023-08-01,private:704,source_type=民間施設; toilet_type=車いす,
41,佐賀県,41327,吉野ヶ里町,,佐賀ﾀﾞｲﾊﾂ販売株式会社 吉野ヶ里店,,,,神埼郡吉野ヶ里町吉田199-3,,,,no,yes,,,,,,,no,,yes,no,,,,,,,,,,,,,,,,,everyone_toilet,佐賀県 みんなのトイレ,https://www.pref.saga.lg.jp/kiji00375898/index.html,2023-08-01,private:706,source_type=民間施設; toilet_type=一般ﾄｲﾚ,
41,佐賀県,41327,吉野ヶ里町,,株式会社日産ｻﾃｨｵ佐賀吉野ヶ里店,,,,神埼郡吉野ヶ里町吉田218-7,,,,no,yes,,,,,,,no,,yes,no,,,,,,,,,,,,,,,,,everyone_toilet,佐賀県 みんなのトイレ,https://www.pref.saga.lg.jp/kiji00375898/index.html,2023-08-01,private:716,source_type=民間施設; toilet_type=一般ﾄｲﾚ,
41,佐賀県,41327,吉野ヶ里町,,ﾕｰｺｰﾗｯｷｰ三田川店,,,,神埼郡吉野ヶ里町吉田2857-1,,,,no,yes,,,,,,,no,,no,no,,,,,,,,,,,,,,,,,everyone_toilet,佐賀県 みんなのトイレ,https://www.pref.saga.lg.jp/kiji00375898/index.html,2023-08-01,private:717,source_type=民間施設; toilet_type=車いす,
41,佐賀県,41327,吉野ヶ里町,,ひらまつふれあいｸﾘﾆｯｸ,,,,神埼郡吉野ヶ里町吉田2925-1,,,,no,yes,,,,,,,no,,no,no,,,,,,,,,,,,,,,,,everyone_toilet,佐賀県 みんなのトイレ,https://www.pref.saga.lg.jp/kiji00375898/index.html,2023-08-01,private:718,source_type=民間施設; toilet_type=一般ﾄｲﾚ,
41,佐賀県,41327,吉野ヶ里町,,ｱｽﾀﾗﾋﾞｽﾀ吉野ヶ里店,,,,神埼郡吉野ヶ里町三津566,,,,no,yes,,,,,,,no,,yes,no,,,,,,,,,,,,,,,,,everyone_toilet,佐賀県 みんなのトイレ,https://www.pref.saga.lg.jp/kiji00375898/index.html,2023-08-01,private:719,source_type=民間施設; toilet_type=車いす,
41,佐賀県,41201,佐賀市,,佐野常民記念館,,,,佐賀市川副町大字早津江津446-1,,,,yes,yes,,,,,,,yes,,yes,no,,,,,,,,,,,,,,,,,everyone_toilet,佐賀県 みんなのトイレ,https://www.pref.saga.lg.jp/kiji00375898/index.html,2023-08-01,municipal:6,source_type=市町施設; toilet_type=多機能,
41,佐賀県,41201,佐賀市,,佐賀市役所久保田支所南庁舎,,,,佐賀市久保田町大字新田1109-1,,,,yes,yes,,,,,,,yes,,yes,no,,,,,,,,,,,,,,,,,everyone_toilet,佐賀県 みんなのトイレ,https://www.pref.saga.lg.jp/kiji00375898/index.html,2023-08-01,municipal:7,source_type=市町施設; toilet_type=多機能,
41,佐賀県,41201,佐賀市,,久保田町保健ｾﾝﾀｰ,,,,佐賀市久保田町大字新田3323,,,,yes,yes,,,,,,,yes,,yes,no,,,,,,,,,,,,,,,,,everyone_toilet,佐賀県 みんなのトイレ,https://www.pref.saga.lg.jp/kiji00375898/index.html,2023-08-01,municipal:8,source_type=市町施設; toilet_type=多機能,
41,佐賀県,41201,佐賀市,,久保田駅ﾄｲﾚ,,,,佐賀市久保田町大字久富3066-1,,,,yes,yes,,,,,,,yes,,yes,no,,,,,,,,,,,,,,,,,everyone_toilet,佐賀県 みんなのトイレ,https://www.pref.saga.lg.jp/kiji00375898/index.html,2023-08-01,municipal:9,source_type=市町施設; toilet_type=多機能,
41,佐賀県,41201,佐賀市,,久保田町補助ｸﾞﾗｳﾝﾄﾞﾄｲﾚ,,,,佐賀市久保田町大字新田2631-41,,,,no,yes,,,,,,,no,,no,no,,,,,,,,,,,,,,,,,everyone_toilet,佐賀県 みんなのトイレ,https://www.pref.saga.lg.jp/kiji00375898/index.html,2023-08-01,municipal:10,source_type=市町施設; toilet_type=車いす,
41,佐賀県,41201,佐賀市,,佐賀市役所東与賀支所,,,,佐賀市東与賀町大字下古賀1193,,,,yes,yes,,,,,,,yes,,yes,no,,,,,,,,,,,,,,,,,everyone_toilet,佐賀県 みんなのトイレ,https://www.pref.saga.lg.jp/kiji00375898/index.html,2023-08-01,municipal:11,source_type=市町施設; toilet_type=多機能,
41,佐賀県,41201,佐賀市,,佐賀市立東与賀文化ﾎｰﾙ 東与賀町ふれあい館,,,,佐賀市東与賀町大字下古賀1228-3,,,,yes,yes,,,,,,,yes,,yes,no,,,,,,,,,,,,,,,,,everyone_toilet,佐賀県 みんなのトイレ,https://www.pref.saga.lg.jp/kiji00375898/index.html,2023-08-01,municipal:13,source_type=市町施設; toilet_type=多機能,
41,佐賀県,41201,佐賀市,,東与賀保健福祉ｾﾝﾀｰ,,,,佐賀市東与賀町大字下古賀1193,,,,no,yes,,,,,,,yes,,no,yes,,,,,,,,,,,,,,,,,everyone_toilet,佐賀県 みんなのトイレ,https://www.pref.saga.lg.jp/kiji00375898/index.html,2023-08-01,municipal:14,source_type=市町施設; toilet_type=車いす,
41,佐賀県,41201,佐賀市,,佐賀市干潟よか公園,,,,佐賀市東与賀町大字下古賀2885-2,,,,no,yes,,,,,,,no,,yes,no,,,,,,,,,,,,,,,,,everyone_toilet,佐賀県 みんなのトイレ,https://www.pref.saga.lg.jp/kiji00375898/index.html,2023-08-01,municipal:15,source_type=市町施設; toilet_type=車いす,
41,佐賀県,41201,佐賀市,,佐賀市役所大和支所,,,,佐賀市大和町大字尼寺1870,,,,yes,yes,,,,,,,yes,,yes,no,,,,,,,,,,,,,,,,,everyone_toilet,佐賀県 みんなのトイレ,https://www.pref.saga.lg.jp/kiji00375898/index.html,2023-08-01,municipal:16,source_type=市町施設; toilet_type=多機能,
41,佐賀県,41201,佐賀市,,佐賀市役所三瀬支所,,,,佐賀市三瀬村三瀬2764,,,,yes,yes,,,,,,,yes,,yes,no,,,,,,,,,,,,,,,,,everyone_toilet,佐賀県 みんなのトイレ,https://www.pref.saga.lg.jp/kiji00375898/index.html,2023-08-01,municipal:17,source_type=市町施設; toilet_type=多機能,
41,佐賀県,41201,佐賀市,,佐賀市立富士大和温泉病院,,,,佐賀市富士町大字梅野1721-1,,,,no,yes,,,,,,,no,,no,no,,,,,,,,,,,,,,,,,everyone_toilet,佐賀県 みんなのトイレ,https://www.pref.saga.lg.jp/kiji00375898/index.html,2023-08-01,municipal:18,source_type=市町施設; toilet_type=車いす,
41,佐賀県,41201,佐賀市,,佐賀市大和健康管理ｾﾝﾀｰ,,,,佐賀市大和町大字尼寺1871-2,,,,yes,yes,,,,,,,yes,,yes,no,,,,,,,,,,,,,,,,,everyone_toilet,佐賀県 みんなのトイレ,https://www.pref.saga.lg.jp/kiji00375898/index.html,2023-08-01,municipal:19,source_type=市町施設; toilet_type=多機能,
41,佐賀県,41201,佐賀市,,ｉｽｸｴｱﾋﾞﾙ,,,,佐賀市駅前中央一丁目8-32,,,,no,yes,,,,,,,no,,no,no,,,,,,,,,,,,,,,,,everyone_toilet,佐賀県 みんなのトイレ,https://www.pref.saga.lg.jp/kiji00375898/index.html,2023-08-01,municipal:20,source_type=市町施設; toilet_type=車いす,
41,佐賀県,41201,佐賀市,,大和勤労者体育ｾﾝﾀｰ,,,,佐賀市大和町大字川上3294,,,,yes,yes,,,,,,,yes,,yes,no,,,,,,,,,,,,,,,,,everyone_toilet,佐賀県 みんなのトイレ,https://www.pref.saga.lg.jp/kiji00375898/index.html,2023-08-01,municipal:21,source_type=市町施設; toilet_type=多機能,
41,佐賀県,41201,佐賀市,,佐賀市立日新公民館,,,,佐賀市長瀬町1-20,,,,no,yes,,,,,,,yes,,no,yes,,,,,,,,,,,,,,,,,everyone_toilet,佐賀県 みんなのトイレ,https://www.pref.saga.lg.jp/kiji00375898/index.html,2023-08-01,municipal:22,source_type=市町施設; toilet_type=車いす,
41,佐賀県,41201,佐賀市,,佐賀市立蓮池公民館,,,,佐賀市蓮池町大字蓮池6-49,,,,no,yes,,,,,,,yes,,no,yes,,,,,,,,,,,,,,,,,everyone_toilet,佐賀県 みんなのトイレ,https://www.pref.saga.lg.jp/kiji00375898/index.html,2023-08-01,municipal:23,source_type=市町施設; toilet_type=車いす,
41,佐賀県,41201,佐賀市,,佐賀市立体育館,,,,佐賀市本庄町大字本庄299-3,,,,no,yes,,,,,,,no,,yes,no,,,,,,,,,,,,,,,,,everyone_toilet,佐賀県 みんなのトイレ,https://www.pref.saga.lg.jp/kiji00375898/index.html,2023-08-01,municipal:24,source_type=市町施設; toilet_type=車いす,
41,佐賀県,41201,佐賀市,,佐賀市水道局,,,,佐賀市若宮三丁目6-60,,,,no,yes,,,,,,,no,,no,no,,,,,,,,,,,,,,,,,everyone_toilet,佐賀県 みんなのトイレ,https://www.pref.saga.lg.jp/kiji00375898/index.html,2023-08-01,municipal:25,source_type=市町施設; toilet_type=車いす,
41,佐賀県,41201,佐賀市,,佐賀市勤労者体育ｾﾝﾀｰ,,,,佐賀市兵庫町大字藤木1006-1,,,,yes,yes,,,,,,,yes,,yes,no,,,,,,,,,,,,,,,,,everyone_toilet,佐賀県 みんなのトイレ,https://www.pref.saga.lg.jp/kiji00375898/index.html,2023-08-01,municipal:26,source_type=市町施設; toilet_type=多機能,
41,佐賀県,41201,佐賀市,,中央児童ｾﾝﾀｰ,,,,佐賀市兵庫町大字藤木919-1,,,,yes,yes,,,,,,,yes,,yes,no,,,,,,,,,,,,,,,,,everyone_toilet,佐賀県 みんなのトイレ,https://www.pref.saga.lg.jp/kiji00375898/index.html,2023-08-01,municipal:27,source_type=市町施設; toilet_type=多機能,
41,佐賀県,41201,佐賀市,,佐賀市立開成公民館,,,,佐賀市鍋島町大字森田27-4,,,,no,yes,,,,,,,yes,,no,yes,,,,,,,,,,,,,,,,,everyone_toilet,佐賀県 みんなのトイレ,https://www.pref.saga.lg.jp/kiji00375898/index.html,2023-08-01,municipal:28,source_type=市町施設; toilet_type=車いす,
41,佐賀県,41201,佐賀市,,佐賀市立鍋島公民館,,,,佐賀市鍋島１丁目1-1,,,,no,yes,,,,,,,yes,,no,yes,,,,,,,,,,,,,,,,,everyone_toilet,佐賀県 みんなのトイレ,https://www.pref.saga.lg.jp/kiji00375898/index.html,2023-08-01,municipal:29,source_type=市町施設; toilet_type=車いす,
41,佐賀県,41201,佐賀市,,佐賀市立本庄公民館,,,,佐賀市本庄町本庄279-8,,,,no,yes,,,,,,,yes,,no,no,,,,,,,,,,,,,,,,,everyone_toilet,佐賀県 みんなのトイレ,https://www.pref.saga.lg.jp/kiji00375898/index.html,2023-08-01,municipal:30,source_type=市町施設; toilet_type=車いす,
41,佐賀県,41201,佐賀市,,佐賀市立野球場,,,,佐賀市西与賀町大字高太郎328,,,,no,yes,,,,,,,no,,no,no,,,,,,,,,,,,,,,,,everyone_toilet,佐賀県 みんなのトイレ,https://www.pref.saga.lg.jp/kiji00375898/index.html,2023-08-01,municipal:31,source_type=市町施設; toilet_type=車いす,
41,佐賀県,41201,佐賀市,,佐賀勤労者総合福祉ｾﾝﾀｰ（ﾒｰﾄﾌﾟﾗｻﾞ佐賀）,,,,佐賀市兵庫町大字藤木1006-1,,,,yes,yes,,,,,,,yes,,yes,no,,,,,,,,,,,,,,,,,everyone_toilet,佐賀県 みんなのトイレ,https://www.pref.saga.lg.jp/kiji00375898/index.html,2023-08-01,municipal:33,source_type=市町施設; toilet_type=多機能,
41,佐賀県,41201,佐賀市,,佐賀市保健福祉会館（ほほえみ館）,,,,佐賀市兵庫町大字藤木1006-1,,,,yes,yes,,,,,,,yes,,yes,no,,,,,,,,,,,,,,,,,everyone_toilet,佐賀県 みんなのトイレ,https://www.pref.saga.lg.jp/kiji00375898/index.html,2023-08-01,municipal:34,source_type=市町施設; toilet_type=多機能,
41,佐賀県,41201,佐賀市,,佐賀市文化会館,,,,佐賀市日の出１丁目21-10,,,,no,yes,,,,,,,no,,yes,yes,,,,,,,,,,,,,,,,,everyone_toilet,佐賀県 みんなのトイレ,https://www.pref.saga.lg.jp/kiji00375898/index.html,2023-08-01,municipal:36,source_type=市町施設; toilet_type=車いす,
41,佐賀県,41201,佐賀市,,道の駅 大和（屋外便所）,,,,佐賀市大和町大字梅野805,,,,yes,yes,,,,,,,yes,,yes,no,,,,,,,,,,,,,,,,,everyone_toilet,佐賀県 みんなのトイレ,https://www.pref.saga.lg.jp/kiji00375898/index.html,2023-08-01,municipal:37,source_type=市町施設; toilet_type=多機能,
41,佐賀県,41201,佐賀市,,ｽﾎﾟｰﾂﾊﾟｰｸ川副,,,,佐賀市川副町大字鹿江700,,,,no,yes,,,,,,,no,,no,no,,,,,,,,,,,,,,,,,everyone_toilet,佐賀県 みんなのトイレ,https://www.pref.saga.lg.jp/kiji00375898/index.html,2023-08-01,municipal:38,source_type=市町施設; toilet_type=車いす,
41,佐賀県,41201,佐賀市,,佐賀市役所川副支所,,,,佐賀市川副町大字鹿江623-1,,,,yes,yes,,,,,,,yes,,yes,no,,,,,,,,,,,,,,,,,everyone_toilet,佐賀県 みんなのトイレ,https://www.pref.saga.lg.jp/kiji00375898/index.html,2023-08-01,municipal:39,source_type=市町施設; toilet_type=多機能,
41,佐賀県,41201,佐賀市,,三瀬勤労福祉ｾﾝﾀｰ,,,,佐賀市三瀬村三瀬2700-1,,,,no,yes,,,,,,,yes,,no,yes,,,,,,,,,,,,,,,,,everyone_toilet,佐賀県 みんなのトイレ,https://www.pref.saga.lg.jp/kiji00375898/index.html,2023-08-01,municipal:40,source_type=市町施設; toilet_type=車いす,
41,佐賀県,41201,佐賀市,,諸富文化体育館,,,,佐賀市諸富町大字諸富津52,,,,yes,yes,,,,,,,yes,,yes,no,,,,,,,,,,,,,,,,,everyone_toilet,佐賀県 みんなのトイレ,https://www.pref.saga.lg.jp/kiji00375898/index.html,2023-08-01,municipal:41,source_type=市町施設; toilet_type=多機能,
41,佐賀県,41201,佐賀市,,佐賀市歴史民俗館,,,,佐賀市柳町2-9,,,,yes,yes,,,,,,,yes,,yes,no,,,,,,,,,,,,,,,,,everyone_toilet,佐賀県 みんなのトイレ,https://www.pref.saga.lg.jp/kiji00375898/index.html,2023-08-01,municipal:42,source_type=市町施設; toilet_type=多機能,
41,佐賀県,41201,佐賀市,,佐賀市役所富士支所,,,,佐賀市富士町大字古湯2685番地,,,,yes,yes,,,,,,,yes,,yes,no,,,,,,,,,,,,,,,,,everyone_toilet,佐賀県 みんなのトイレ,https://www.pref.saga.lg.jp/kiji00375898/index.html,2023-08-01,municipal:43,source_type=市町施設; toilet_type=多機能,
41,佐賀県,41201,佐賀市,,佐賀市三瀬保健ｾﾝﾀｰ,,,,佐賀市三瀬村藤原3882番地6,,,,yes,yes,,,,,,,yes,,yes,no,,,,,,,,,,,,,,,,,everyone_toilet,佐賀県 みんなのトイレ,https://www.pref.saga.lg.jp/kiji00375898/index.html,2023-08-01,municipal:44,source_type=市町施設; toilet_type=多機能,
41,佐賀県,41201,佐賀市,,佐賀市立三瀬公民館,,,,佐賀市三瀬村三瀬2762番地2,,,,yes,yes,,,,,,,yes,,yes,no,,,,,,,,,,,,,,,,,everyone_toilet,佐賀県 みんなのトイレ,https://www.pref.saga.lg.jp/kiji00375898/index.html,2023-08-01,municipal:45,source_type=市町施設; toilet_type=多機能,
41,佐賀県,41201,佐賀市,,佐賀市立国民健康保険 三瀬診療所,,,,佐賀市三瀬村藤原3882番地6,,,,no,yes,,,,,,,no,,yes,no,,,,,,,,,,,,,,,,,everyone_toilet,佐賀県 みんなのトイレ,https://www.pref.saga.lg.jp/kiji00375898/index.html,2023-08-01,municipal:46,source_type=市町施設; toilet_type=車いす,
41,佐賀県,41201,佐賀市,,しゃくなげ公園ﾄｲﾚ,,,,佐賀市富士町大字古湯3191,,,,yes,yes,,,,,,,yes,,yes,no,,,,,,,,,,,,,,,,,everyone_toilet,佐賀県 みんなのトイレ,https://www.pref.saga.lg.jp/kiji00375898/index.html,2023-08-01,municipal:47,source_type=市町施設; toilet_type=多機能,
41,佐賀県,41201,佐賀市,,みはらしの丘鷹の羽公園ﾄｲﾚ,,,,佐賀市富士町大字栗並249-6,,,,yes,yes,,,,,,,yes,,yes,no,,,,,,,,,,,,,,,,,everyone_toilet,佐賀県 みんなのトイレ,https://www.pref.saga.lg.jp/kiji00375898/index.html,2023-08-01,municipal:48,source_type=市町施設; toilet_type=多機能,
41,佐賀県,41201,佐賀市,,北山湖公衆ﾄｲﾚ,,,,佐賀市富士町大字藤瀬729-21地先,,,,no,yes,,,,,,,no,,yes,no,,,,,,,,,,,,,,,,,everyone_toilet,佐賀県 みんなのトイレ,https://www.pref.saga.lg.jp/kiji00375898/index.html,2023-08-01,municipal:49,source_type=市町施設; toilet_type=車いす,
41,佐賀県,41201,佐賀市,,神水川大野公園 公衆ﾄｲﾚ,,,,佐賀市富士町大字大野1151番地1地先,,,,yes,yes,,,,,,,yes,,yes,no,,,,,,,,,,,,,,,,,everyone_toilet,佐賀県 みんなのトイレ,https://www.pref.saga.lg.jp/kiji00375898/index.html,2023-08-01,municipal:50,source_type=市町施設; toilet_type=多機能,
41,佐賀県,41201,佐賀市,,神水川大串公園 管理棟内公衆ﾄｲﾚ,,,,佐賀市富士町大字大串56番地1地先,,,,yes,yes,,,,,,,yes,,yes,no,,,,,,,,,,,,,,,,,everyone_toilet,佐賀県 みんなのトイレ,https://www.pref.saga.lg.jp/kiji00375898/index.html,2023-08-01,municipal:51,source_type=市町施設; toilet_type=多機能,
41,佐賀県,41201,佐賀市,,神水川大串公園 公衆ﾄｲﾚ,,,,佐賀市富士町大字大串56番地1地先,,,,yes,yes,,,,,,,yes,,yes,no,,,,,,,,,,,,,,,,,everyone_toilet,佐賀県 みんなのトイレ,https://www.pref.saga.lg.jp/kiji00375898/index.html,2023-08-01,municipal:52,source_type=市町施設; toilet_type=多機能,
41,佐賀県,41201,佐賀市,,神水川栗並公園 公衆ﾄｲﾚ,,,,佐賀市富士町大字栗並2467番地地先,,,,no,yes,,,,,,,no,,yes,no,,,,,,,,,,,,,,,,,everyone_toilet,佐賀県 みんなのトイレ,https://www.pref.saga.lg.jp/kiji00375898/index.html,2023-08-01,municipal:53,source_type=市町施設; toilet_type=一般ﾄｲﾚ,
41,佐賀県,41201,佐賀市,,佐賀市立巨勢公民館,,,,佐賀市巨勢町高尾104-17,,,,yes,yes,,,,,,,yes,,yes,no,,,,,,,,,,,,,,,,,everyone_toilet,佐賀県 みんなのトイレ,https://www.pref.saga.lg.jp/kiji00375898/index.html,2023-08-01,municipal:54,source_type=市町施設; toilet_type=多機能,
41,佐賀県,41201,佐賀市,,佐賀市立赤松公民館,,,,佐賀市中の館町4番10号,,,,yes,yes,,,,,,,yes,,yes,no,,,,,,,,,,,,,,,,,everyone_toilet,佐賀県 みんなのトイレ,https://www.pref.saga.lg.jp/kiji00375898/index.html,2023-08-01,municipal:55,source_type=市町施設; toilet_type=多機能,
41,佐賀県,41201,佐賀市,,佐賀市立勧興公民館,,,,佐賀市成章町3番18号,,,,no,yes,,,,,,,no,,yes,no,,,,,,,,,,,,,,,,,everyone_toilet,佐賀県 みんなのトイレ,https://www.pref.saga.lg.jp/kiji00375898/index.html,2023-08-01,municipal:56,source_type=市町施設; toilet_type=車いす,
41,佐賀県,41201,佐賀市,,佐賀市立高木瀬公民館,,,,佐賀市高木瀬東5丁目1番12号,,,,no,yes,,,,,,,no,,yes,no,,,,,,,,,,,,,,,,,everyone_toilet,佐賀県 みんなのトイレ,https://www.pref.saga.lg.jp/kiji00375898/index.html,2023-08-01,municipal:57,source_type=市町施設; toilet_type=車いす,
41,佐賀県,41201,佐賀市,,佐賀市立西与賀公民館,,,,佐賀市西与賀町厘外1405,,,,yes,yes,,,,,,,yes,,yes,no,,,,,,,,,,,,,,,,,everyone_toilet,佐賀県 みんなのトイレ,https://www.pref.saga.lg.jp/kiji00375898/index.html,2023-08-01,municipal:58,source_type=市町施設; toilet_type=多機能,
41,佐賀県,41201,佐賀市,,佐賀市立西川副公民館,,,,佐賀市川副町大字西古賀260-1,,,,no,yes,,,,,,,yes,,no,no,,,,,,,,,,,,,,,,,everyone_toilet,佐賀県 みんなのトイレ,https://www.pref.saga.lg.jp/kiji00375898/index.html,2023-08-01,municipal:59,source_type=市町施設; toilet_type=一般ﾄｲﾚ,
41,佐賀県,41201,佐賀市,,佐賀市立富士生涯学習ｾﾝﾀｰ,,,,佐賀市富士町大字古湯2624番地,,,,yes,yes,,,,,,,yes,,yes,no,,,,,,,,,,,,,,,,,everyone_toilet,佐賀県 みんなのトイレ,https://www.pref.saga.lg.jp/kiji00375898/index.html,2023-08-01,municipal:60,source_type=市町施設; toilet_type=多機能,
41,佐賀県,41201,佐賀市,,佐賀市立川上ｺﾐｭﾆﾃｨｰｾﾝﾀｰ,,,,佐賀市大和町大字川上2480番地2,,,,yes,yes,,,,,,,yes,,yes,no,,,,,,,,,,,,,,,,,everyone_toilet,佐賀県 みんなのトイレ,https://www.pref.saga.lg.jp/kiji00375898/index.html,2023-08-01,municipal:61,source_type=市町施設; toilet_type=多機能,
41,佐賀県,41201,佐賀市,,佐賀市立嘉瀬公民館,,,,佐賀市嘉瀬町大字中原1690,,,,yes,yes,,,,,,,yes,,yes,no,,,,,,,,,,,,,,,,,everyone_toilet,佐賀県 みんなのトイレ,https://www.pref.saga.lg.jp/kiji00375898/index.html,2023-08-01,municipal:62,source_type=市町施設; toilet_type=多機能,
41,佐賀県,41202,唐津市,,唐津市役所本庁（議場棟）,,,,唐津市西城内1-1,,,,no,yes,,,,,,,yes,,no,no,,,,,,,,,,,,,,,,,everyone_toilet,佐賀県 みんなのトイレ,https://www.pref.saga.lg.jp/kiji00375898/index.html,2023-08-01,municipal:69,source_type=市町施設; toilet_type=車いす,
41,佐賀県,41202,唐津市,,唐津市役所本庁（東別館1階）,,,,唐津市西城内1-1,,,,no,yes,,,,,,,no,,yes,no,,,,,,,,,,,,,,,,,everyone_toilet,佐賀県 みんなのトイレ,https://www.pref.saga.lg.jp/kiji00375898/index.html,2023-08-01,municipal:70,source_type=市町施設; toilet_type=車いす,
41,佐賀県,41202,唐津市,,唐津市役所本庁（本館1階中央）,,,,唐津市西城内1-1,,,,no,yes,,,,,,,no,,yes,no,,,,,,,,,,,,,,,,,everyone_toilet,佐賀県 みんなのトイレ,https://www.pref.saga.lg.jp/kiji00375898/index.html,2023-08-01,municipal:71,source_type=市町施設; toilet_type=車いす,
41,佐賀県,41202,唐津市,,唐津市墓地公園,,,,唐津市神田字大平970-315,,,,no,yes,,,,,,,no,,no,no,,,,,,,,,,,,,,,,,everyone_toilet,佐賀県 みんなのトイレ,https://www.pref.saga.lg.jp/kiji00375898/index.html,2023-08-01,municipal:72,source_type=市町施設; toilet_type=車いす,
41,佐賀県,41202,唐津市,,大平山斎苑,,,,唐津市神田字大平965-180,,,,no,yes,,,,,,,no,,no,no,,,,,,,,,,,,,,,,,everyone_toilet,佐賀県 みんなのトイレ,https://www.pref.saga.lg.jp/kiji00375898/index.html,2023-08-01,municipal:73,source_type=市町施設; toilet_type=車いす,
41,佐賀県,41202,唐津市,,唐津北部衛生処理ｾﾝﾀｰ,,,,唐津市呼子町大友9017-8,,,,no,yes,,,,,,,no,,yes,no,,,,,,,,,,,,,,,,,everyone_toilet,佐賀県 みんなのトイレ,https://www.pref.saga.lg.jp/kiji00375898/index.html,2023-08-01,municipal:74,source_type=市町施設; toilet_type=車いす,
41,佐賀県,41202,唐津市,,唐津地域総合保健医療ｾﾝﾀｰ,,,,唐津市千代田町2566-11,,,,no,yes,,,,,,,no,,no,no,,,,,,,,,,,,,,,,,everyone_toilet,佐賀県 みんなのトイレ,https://www.pref.saga.lg.jp/kiji00375898/index.html,2023-08-01,municipal:75,source_type=市町施設; toilet_type=車いす,
41,佐賀県,41202,唐津市,,唐津市民病院きたはた,,,,唐津市北波多徳須恵1424-1,,,,no,yes,,,,,,,yes,,no,no,,,,,,,,,,,,,,,,,everyone_toilet,佐賀県 みんなのトイレ,https://www.pref.saga.lg.jp/kiji00375898/index.html,2023-08-01,municipal:76,source_type=市町施設; toilet_type=車いす,
41,佐賀県,41202,唐津市,,唐津市障害者福祉会館,,,,唐津市栄町2572-1,,,,no,yes,,,,,,,no,,no,no,,,,,,,,,,,,,,,,,everyone_toilet,佐賀県 みんなのトイレ,https://www.pref.saga.lg.jp/kiji00375898/index.html,2023-08-01,municipal:77,source_type=市町施設; toilet_type=車いす,
41,佐賀県,41202,唐津市,,唐津市高齢者ふれあい会館（りふれ）,,,,唐津市二夕子三丁目155-4,,,,no,yes,,,,,,,no,,no,no,,,,,,,,,,,,,,,,,everyone_toilet,佐賀県 みんなのトイレ,https://www.pref.saga.lg.jp/kiji00375898/index.html,2023-08-01,municipal:78,source_type=市町施設; toilet_type=車いす,
41,佐賀県,41202,唐津市,,松浦川河畔公園,,,,唐津市鏡2988,,,,no,yes,,,,,,,no,,no,no,,,,,,,,,,,,,,,,,everyone_toilet,佐賀県 みんなのトイレ,https://www.pref.saga.lg.jp/kiji00375898/index.html,2023-08-01,municipal:79,source_type=市町施設; toilet_type=車いす,
41,佐賀県,41202,唐津市,,松浦川河畔公園（ﾃﾆｽｺｰﾄ）,,,,唐津市鏡2988,,,,yes,yes,,,,,,,yes,,yes,no,,,,,,,,,,,,,,,,,everyone_toilet,佐賀県 みんなのトイレ,https://www.pref.saga.lg.jp/kiji00375898/index.html,2023-08-01,municipal:80,source_type=市町施設; toilet_type=多機能,
41,佐賀県,41202,唐津市,,唐津市近代図書館,,,,唐津市新興町2942-1,,,,no,yes,,,,,,,no,,no,no,,,,,,,,,,,,,,,,,everyone_toilet,佐賀県 みんなのトイレ,https://www.pref.saga.lg.jp/kiji00375898/index.html,2023-08-01,municipal:81,source_type=市町施設; toilet_type=車いす,
41,佐賀県,41202,唐津市,,唐津市役所浜玉支所,,,,唐津市浜玉町浜崎1445-1,,,,no,yes,,,,,,,no,,no,no,,,,,,,,,,,,,,,,,everyone_toilet,佐賀県 みんなのトイレ,https://www.pref.saga.lg.jp/kiji00375898/index.html,2023-08-01,municipal:82,source_type=市町施設; toilet_type=車いす,
41,佐賀県,41202,唐津市,,ひきやま公園,,,,唐津市浜玉町浜崎大屋1252,,,,no,yes,,,,,,,no,,yes,no,,,,,,,,,,,,,,,,,everyone_toilet,佐賀県 みんなのトイレ,https://www.pref.saga.lg.jp/kiji00375898/index.html,2023-08-01,municipal:83,source_type=市町施設; toilet_type=車いす,
41,佐賀県,41202,唐津市,,浜崎海岸公園,,,,唐津市浜玉町浜崎三本松1731-13,,,,no,yes,,,,,,,no,,no,no,,,,,,,,,,,,,,,,,everyone_toilet,佐賀県 みんなのトイレ,https://www.pref.saga.lg.jp/kiji00375898/index.html,2023-08-01,municipal:84,source_type=市町施設; toilet_type=車いす,
41,佐賀県,41202,唐津市,,唐津市役所厳木支所,,,,唐津市厳木町厳木997,,,,yes,yes,,,,,,,yes,,yes,no,,,,,,,,,,,,,,,,,everyone_toilet,佐賀県 みんなのトイレ,https://www.pref.saga.lg.jp/kiji00375898/index.html,2023-08-01,municipal:85,source_type=市町施設; toilet_type=多機能,
41,佐賀県,41202,唐津市,,厳木町保健ｾﾝﾀｰ,,,,唐津市厳木町中島1348,,,,no,yes,,,,,,,no,,yes,no,,,,,,,,,,,,,,,,,everyone_toilet,佐賀県 みんなのトイレ,https://www.pref.saga.lg.jp/kiji00375898/index.html,2023-08-01,municipal:86,source_type=市町施設; toilet_type=車いす,
41,佐賀県,41202,唐津市,,唐津市厳木ｺﾐｭﾆﾃｨｰｾﾝﾀｰ,,,,唐津市厳木町中島1337,,,,yes,yes,,,,,,,yes,,yes,no,,,,,,,,,,,,,,,,,everyone_toilet,佐賀県 みんなのトイレ,https://www.pref.saga.lg.jp/kiji00375898/index.html,2023-08-01,municipal:87,source_type=市町施設; toilet_type=多機能,
41,佐賀県,41202,唐津市,,唐津市役所相知支所 本館,,,,唐津市相知町相知2055-1,,,,no,yes,,,,,,,no,,yes,no,,,,,,,,,,,,,,,,,everyone_toilet,佐賀県 みんなのトイレ,https://www.pref.saga.lg.jp/kiji00375898/index.html,2023-08-01,municipal:88,source_type=市町施設; toilet_type=車いす,
41,佐賀県,41202,唐津市,,蕨野棚田交流広場,,,,唐津市相知町平山上甲946-3,,,,no,yes,,,,,,,no,,yes,no,,,,,,,,,,,,,,,,,everyone_toilet,佐賀県 みんなのトイレ,https://www.pref.saga.lg.jp/kiji00375898/index.html,2023-08-01,municipal:89,source_type=市町施設; toilet_type=車いす,
41,佐賀県,41202,唐津市,,唐津市相知町保健ｾﾝﾀｰ,,,,唐津市相知町中山3600-8,,,,no,yes,,,,,,,no,,yes,no,,,,,,,,,,,,,,,,,everyone_toilet,佐賀県 みんなのトイレ,https://www.pref.saga.lg.jp/kiji00375898/index.html,2023-08-01,municipal:90,source_type=市町施設; toilet_type=車いす,
41,佐賀県,41202,唐津市,,唐津市相知交流文化ｾﾝﾀｰ,,,,唐津市相知町中山3600-8,,,,no,yes,,,,,,,no,,yes,no,,,,,,,,,,,,,,,,,everyone_toilet,佐賀県 みんなのトイレ,https://www.pref.saga.lg.jp/kiji00375898/index.html,2023-08-01,municipal:91,source_type=市町施設; toilet_type=車いす,
41,佐賀県,41202,唐津市,,唐津市役所北波多支所,,,,唐津市北波多徳須恵1097-4,,,,no,yes,,,,,,,no,,no,no,,,,,,,,,,,,,,,,,everyone_toilet,佐賀県 みんなのトイレ,https://www.pref.saga.lg.jp/kiji00375898/index.html,2023-08-01,municipal:92,source_type=市町施設; toilet_type=車いす,
41,佐賀県,41202,唐津市,,唐津市役所北波多支所 駐車場ﾄｲﾚ,,,,唐津市北波多徳須恵1097-5,,,,no,yes,,,,,,,no,,no,no,,,,,,,,,,,,,,,,,everyone_toilet,佐賀県 みんなのトイレ,https://www.pref.saga.lg.jp/kiji00375898/index.html,2023-08-01,municipal:93,source_type=市町施設; toilet_type=車いす,
41,佐賀県,41202,唐津市,,北波多中央広場,,,,唐津市北波多徳須恵1427-1,,,,yes,yes,,,,,,,yes,,yes,yes,,,,,,,,,,,,,,,,,everyone_toilet,佐賀県 みんなのトイレ,https://www.pref.saga.lg.jp/kiji00375898/index.html,2023-08-01,municipal:94,source_type=市町施設; toilet_type=多機能,
41,佐賀県,41202,唐津市,,古窯の森公園,,,,唐津市北波多稗田3372-2,,,,no,yes,,,,,,,no,,no,no,,,,,,,,,,,,,,,,,everyone_toilet,佐賀県 みんなのトイレ,https://www.pref.saga.lg.jp/kiji00375898/index.html,2023-08-01,municipal:95,source_type=市町施設; toilet_type=車いす,
41,佐賀県,41202,唐津市,,唐津市北波多 四季の丘公園,,,,唐津市北波多岸山589-11,,,,no,yes,,,,,,,no,,no,no,,,,,,,,,,,,,,,,,everyone_toilet,佐賀県 みんなのトイレ,https://www.pref.saga.lg.jp/kiji00375898/index.html,2023-08-01,municipal:96,source_type=市町施設; toilet_type=車いす,
41,佐賀県,41202,唐津市,,岸岳ふるさと館 観光ﾄｲﾚ,,,,唐津市北波多徳須恵1159-11,,,,no,yes,,,,,,,no,,yes,no,,,,,,,,,,,,,,,,,everyone_toilet,佐賀県 みんなのトイレ,https://www.pref.saga.lg.jp/kiji00375898/index.html,2023-08-01,municipal:97,source_type=市町施設; toilet_type=車いす,
41,佐賀県,41202,唐津市,,岸岳ふれあい館,,,,唐津市北波多岸山245-1,,,,no,yes,,,,,,,no,,no,no,,,,,,,,,,,,,,,,,everyone_toilet,佐賀県 みんなのトイレ,https://www.pref.saga.lg.jp/kiji00375898/index.html,2023-08-01,municipal:98,source_type=市町施設; toilet_type=車いす,
41,佐賀県,41202,唐津市,,唐津市北波多ｹﾞｰﾄﾎﾞｰﾙｾﾝﾀｰ,,,,唐津市北波多徳須恵1312-3,,,,no,yes,,,,,,,no,,no,no,,,,,,,,,,,,,,,,,everyone_toilet,佐賀県 みんなのトイレ,https://www.pref.saga.lg.jp/kiji00375898/index.html,2023-08-01,municipal:99,source_type=市町施設; toilet_type=車いす,
41,佐賀県,41202,唐津市,,唐津市役所肥前支所,,,,唐津市肥前町入野甲1703,,,,no,yes,,,,,,,no,,yes,no,,,,,,,,,,,,,,,,,everyone_toilet,佐賀県 みんなのトイレ,https://www.pref.saga.lg.jp/kiji00375898/index.html,2023-08-01,municipal:100,source_type=市町施設; toilet_type=車いす,
41,佐賀県,41202,唐津市,,唐津市肥前文化会館（屋外ﾄｲﾚ）,,,,唐津市肥前町入野甲1700,,,,no,yes,,,,,,,no,,no,no,,,,,,,,,,,,,,,,,everyone_toilet,佐賀県 みんなのトイレ,https://www.pref.saga.lg.jp/kiji00375898/index.html,2023-08-01,municipal:101,source_type=市町施設; toilet_type=車いす,
41,佐賀県,41202,唐津市,,唐津市肥前文化会館（屋内ﾄｲﾚ）,,,,唐津市肥前町入野甲1700,,,,no,yes,,,,,,,no,,no,no,,,,,,,,,,,,,,,,,everyone_toilet,佐賀県 みんなのトイレ,https://www.pref.saga.lg.jp/kiji00375898/index.html,2023-08-01,municipal:102,source_type=市町施設; toilet_type=車いす,
41,佐賀県,41202,唐津市,,波戸岬ｷｬﾝﾌﾟ場,,,,唐津市鎮西町名護屋7324,,,,no,yes,,,,,,,no,,no,no,,,,,,,,,,,,,,,,,everyone_toilet,佐賀県 みんなのトイレ,https://www.pref.saga.lg.jp/kiji00375898/index.html,2023-08-01,municipal:103,source_type=市町施設; toilet_type=車いす,
41,佐賀県,41202,唐津市,,波戸岬休憩所,,,,唐津市鎮西町波戸,,,,no,yes,,,,,,,no,,no,no,,,,,,,,,,,,,,,,,everyone_toilet,佐賀県 みんなのトイレ,https://www.pref.saga.lg.jp/kiji00375898/index.html,2023-08-01,municipal:104,source_type=市町施設; toilet_type=車いす,
41,佐賀県,41202,唐津市,,波戸岬海浜公園休憩所,,,,唐津市鎮西町波戸,,,,no,yes,,,,,,,no,,yes,no,,,,,,,,,,,,,,,,,everyone_toilet,佐賀県 みんなのトイレ,https://www.pref.saga.lg.jp/kiji00375898/index.html,2023-08-01,municipal:105,source_type=市町施設; toilet_type=車いす,
41,佐賀県,41202,唐津市,,国民宿舎波戸岬,,,,唐津市鎮西町波戸1082,,,,no,yes,,,,,,,no,,yes,no,,,,,,,,,,,,,,,,,everyone_toilet,佐賀県 みんなのトイレ,https://www.pref.saga.lg.jp/kiji00375898/index.html,2023-08-01,municipal:106,source_type=市町施設; toilet_type=車いす,
41,佐賀県,41202,唐津市,,弁天駐車場公衆ﾄｲﾚ,,,,唐津市呼子町殿ノ浦1613-2,,,,no,yes,,,,,,,no,,no,no,,,,,,,,,,,,,,,,,everyone_toilet,佐賀県 みんなのトイレ,https://www.pref.saga.lg.jp/kiji00375898/index.html,2023-08-01,municipal:107,source_type=市町施設; toilet_type=車いす,
41,佐賀県,41202,唐津市,,観光ﾄｲﾚ（鳴神の庄）,,,,唐津市七山滝川1048-3,,,,no,yes,,,,,,,yes,,no,no,,,,,,,,,,,,,,,,,everyone_toilet,佐賀県 みんなのトイレ,https://www.pref.saga.lg.jp/kiji00375898/index.html,2023-08-01,municipal:108,source_type=市町施設; toilet_type=車いす,
41,佐賀県,41202,唐津市,,唐津市役所鎮西支所,,,,唐津市鎮西町名護屋1530,,,,no,yes,,,,,,,no,,yes,no,,,,,,,,,,,,,,,,,everyone_toilet,佐賀県 みんなのトイレ,https://www.pref.saga.lg.jp/kiji00375898/index.html,2023-08-01,municipal:109,source_type=市町施設; toilet_type=車いす,
41,佐賀県,41202,唐津市,,桃山天下市（駐車場）,,,,唐津市鎮西町名護屋1859,,,,no,yes,,,,,,,no,,no,no,,,,,,,,,,,,,,,,,everyone_toilet,佐賀県 みんなのトイレ,https://www.pref.saga.lg.jp/kiji00375898/index.html,2023-08-01,municipal:110,source_type=市町施設; toilet_type=車いす,
41,佐賀県,41202,唐津市,,桃山天下市（屋内ﾄｲﾚ）,,,,唐津市鎮西町名護屋1859,,,,no,yes,,,,,,,yes,,no,no,,,,,,,,,,,,,,,,,everyone_toilet,佐賀県 みんなのトイレ,https://www.pref.saga.lg.jp/kiji00375898/index.html,2023-08-01,municipal:111,source_type=市町施設; toilet_type=車いす,
41,佐賀県,41202,唐津市,,唐津市高齢者生活福祉ｾﾝﾀｰ ひぜん荘,,,,唐津市肥前町万賀里川953-10,,,,no,yes,,,,,,,no,,no,no,,,,,,,,,,,,,,,,,everyone_toilet,佐賀県 みんなのトイレ,https://www.pref.saga.lg.jp/kiji00375898/index.html,2023-08-01,municipal:112,source_type=市町施設; toilet_type=車いす,
41,佐賀県,41202,唐津市,,唐津市ひれふりﾗﾝﾄﾞ,,,,唐津市浜玉町渕上1602-1,,,,no,yes,,,,,,,no,,no,no,,,,,,,,,,,,,,,,,everyone_toilet,佐賀県 みんなのトイレ,https://www.pref.saga.lg.jp/kiji00375898/index.html,2023-08-01,municipal:113,source_type=市町施設; toilet_type=車いす,
41,佐賀県,41202,唐津市,,唐津市ふるさと会館「ｱﾙﾋﾟﾉ」,,,,唐津市新興町2881-1,,,,yes,yes,,,,,,,yes,,yes,yes,,,,,,,,,,,,,,,,,everyone_toilet,佐賀県 みんなのトイレ,https://www.pref.saga.lg.jp/kiji00375898/index.html,2023-08-01,municipal:114,source_type=市町施設; toilet_type=多機能,
41,佐賀県,41202,唐津市,,呼子水洗公衆ﾄｲﾚ,,,,唐津市呼子町呼子3764-108,,,,no,yes,,,,,,,yes,,no,no,,,,,,,,,,,,,,,,,everyone_toilet,佐賀県 みんなのトイレ,https://www.pref.saga.lg.jp/kiji00375898/index.html,2023-08-01,municipal:115,source_type=市町施設; toilet_type=車いす,
41,佐賀県,41202,唐津市,,唐津市呼子ｽﾎﾟｰﾂｾﾝﾀｰ,,,,唐津市呼子町呼子3972,,,,no,yes,,,,,,,no,,no,no,,,,,,,,,,,,,,,,,everyone_toilet,佐賀県 みんなのトイレ,https://www.pref.saga.lg.jp/kiji00375898/index.html,2023-08-01,municipal:116,source_type=市町施設; toilet_type=車いす,
41,佐賀県,41202,唐津市,,唐津市みなと交流ｾﾝﾀｰ,,,,唐津市東大島町2-52,,,,no,yes,,,,,,,no,,yes,yes,,,,,,,,,,,,,,,,,everyone_toilet,佐賀県 みんなのトイレ,https://www.pref.saga.lg.jp/kiji00375898/index.html,2023-08-01,municipal:117,source_type=市町施設; toilet_type=車いす,
41,佐賀県,41202,唐津市,,鷹島肥前大橋展望広場,,,,唐津市肥前町星賀甲2186,,,,no,yes,,,,,,,no,,yes,no,,,,,,,,,,,,,,,,,everyone_toilet,佐賀県 みんなのトイレ,https://www.pref.saga.lg.jp/kiji00375898/index.html,2023-08-01,municipal:118,source_type=市町施設; toilet_type=車いす,
41,佐賀県,41202,唐津市,,呼子台場みなとﾌﾟﾗｻﾞ,,,,唐津市呼子町呼子1740-11,,,,yes,yes,,,,,,,yes,,yes,yes,,,,,,,,,,,,,,,,,everyone_toilet,佐賀県 みんなのトイレ,https://www.pref.saga.lg.jp/kiji00375898/index.html,2023-08-01,municipal:119,source_type=市町施設; toilet_type=多機能,
41,佐賀県,41202,唐津市,,万葉垂綸石公園,,,,唐津市浜玉町南山2190,,,,no,yes,,,,,,,no,,yes,no,,,,,,,,,,,,,,,,,everyone_toilet,佐賀県 みんなのトイレ,https://www.pref.saga.lg.jp/kiji00375898/index.html,2023-08-01,municipal:120,source_type=市町施設; toilet_type=車いす,
41,佐賀県,41202,唐津市,,北波多社会体育館,,,,唐津市北波多町徳須恵413,,,,no,yes,,,,,,,no,,yes,no,,,,,,,,,,,,,,,,,everyone_toilet,佐賀県 みんなのトイレ,https://www.pref.saga.lg.jp/kiji00375898/index.html,2023-08-01,municipal:121,source_type=市町施設; toilet_type=車いす,
41,佐賀県,41202,唐津市,,唐津市民会館,,,,唐津市西城内6番33号,,,,no,yes,,,,,,,no,,yes,no,,,,,,,,,,,,,,,,,everyone_toilet,佐賀県 みんなのトイレ,https://www.pref.saga.lg.jp/kiji00375898/index.html,2023-08-01,municipal:122,source_type=市町施設; toilet_type=車いす,
41,佐賀県,41202,唐津市,,唐津市鎮西ｽﾎﾟｰﾂｾﾝﾀｰ,,,,唐津市鎮西町打上2571番地3,,,,no,yes,,,,,,,no,,no,no,,,,,,,,,,,,,,,,,everyone_toilet,佐賀県 みんなのトイレ,https://www.pref.saga.lg.jp/kiji00375898/index.html,2023-08-01,municipal:129,source_type=市町施設; toilet_type=車いす,
41,佐賀県,41387,玄海町,,玄海町役場,,,,東松浦郡玄海町諸浦348,,,,no,yes,,,,,,,no,,no,yes,,,,,,,,,,,,,,,,,everyone_toilet,佐賀県 みんなのトイレ,https://www.pref.saga.lg.jp/kiji00375898/index.html,2023-08-01,municipal:136,source_type=市町施設; toilet_type=車いす,
41,佐賀県,41387,玄海町,,玄海町町民会館,,,,東松浦郡玄海町新田1809-22,,,,yes,yes,,,,,,,yes,,yes,no,,,,,,,,,,,,,,,,,everyone_toilet,佐賀県 みんなのトイレ,https://www.pref.saga.lg.jp/kiji00375898/index.html,2023-08-01,municipal:137,source_type=市町施設; toilet_type=多機能,
41,佐賀県,41387,玄海町,,玄海海上温泉ﾊﾟﾚｱ（屋外便所）,,,,東松浦郡玄海町大字石田1369-3,,,,no,yes,,,,,,,no,,no,no,,,,,,,,,,,,,,,,,everyone_toilet,佐賀県 みんなのトイレ,https://www.pref.saga.lg.jp/kiji00375898/index.html,2023-08-01,municipal:139,source_type=市町施設; toilet_type=車いす,
41,佐賀県,41387,玄海町,,玄海海上温泉ﾊﾟﾚｱ（福祉棟）,,,,東松浦郡玄海町大字石田1369-3,,,,no,yes,,,,,,,no,,yes,no,,,,,,,,,,,,,,,,,everyone_toilet,佐賀県 みんなのトイレ,https://www.pref.saga.lg.jp/kiji00375898/index.html,2023-08-01,municipal:141,source_type=市町施設; toilet_type=車いす,
41,佐賀県,41387,玄海町,,玄海海上温泉ﾊﾟﾚｱ（ﾚｽﾄﾗﾝ棟）,,,,東松浦郡玄海町大字石田1369-3,,,,no,yes,,,,,,,no,,yes,yes,,,,,,,,,,,,,,,,,everyone_toilet,佐賀県 みんなのトイレ,https://www.pref.saga.lg.jp/kiji00375898/index.html,2023-08-01,municipal:142,source_type=市町施設; toilet_type=車いす,
41,佐賀県,41203,鳥栖市,,鳥栖市社会福祉会館,,,,鳥栖市元町1228-1,,,,no,yes,,,,,,,no,,no,no,,,,,,,,,,,,,,,,,everyone_toilet,佐賀県 みんなのトイレ,https://www.pref.saga.lg.jp/kiji00375898/index.html,2023-08-01,municipal:143,source_type=市町施設; toilet_type=車いす,
41,佐賀県,41203,鳥栖市,,鳥栖市立図書館,,,,鳥栖市布津原町11-21,,,,no,yes,,,,,,,no,,yes,no,,,,,,,,,,,,,,,,,everyone_toilet,佐賀県 みんなのトイレ,https://www.pref.saga.lg.jp/kiji00375898/index.html,2023-08-01,municipal:144,source_type=市町施設; toilet_type=車いす,
41,佐賀県,41203,鳥栖市,,鳥栖市役所,,,,鳥栖市宿町1118,,,,no,yes,,,,,,,no,,yes,yes,,,,,,,,,,,,,,,,,everyone_toilet,佐賀県 みんなのトイレ,https://www.pref.saga.lg.jp/kiji00375898/index.html,2023-08-01,municipal:145,source_type=市町施設; toilet_type=車いす,
41,佐賀県,41203,鳥栖市,,鳥栖市役所南別館,,,,鳥栖市宿町1118,,,,no,yes,,,,,,,yes,,no,no,,,,,,,,,,,,,,,,,everyone_toilet,佐賀県 みんなのトイレ,https://www.pref.saga.lg.jp/kiji00375898/index.html,2023-08-01,municipal:146,source_type=市町施設; toilet_type=車いす,
41,佐賀県,41203,鳥栖市,,鳥栖市民文化会館,,,,鳥栖市宿町807-17,,,,no,yes,,,,,,,no,,yes,no,,,,,,,,,,,,,,,,,everyone_toilet,佐賀県 みんなのトイレ,https://www.pref.saga.lg.jp/kiji00375898/index.html,2023-08-01,municipal:147,source_type=市町施設; toilet_type=車いす,
41,佐賀県,41203,鳥栖市,,鳥栖市中央公民館,,,,鳥栖市宿町807-17,,,,no,yes,,,,,,,yes,,no,no,,,,,,,,,,,,,,,,,everyone_toilet,佐賀県 みんなのトイレ,https://www.pref.saga.lg.jp/kiji00375898/index.html,2023-08-01,municipal:148,source_type=市町施設; toilet_type=車いす,
41,佐賀県,41203,鳥栖市,,鳥栖市基里公民館,,,,鳥栖市曽根崎町1362,,,,no,yes,,,,,,,no,,yes,no,,,,,,,,,,,,,,,,,everyone_toilet,佐賀県 みんなのトイレ,https://www.pref.saga.lg.jp/kiji00375898/index.html,2023-08-01,municipal:149,source_type=市町施設; toilet_type=車いす,
41,佐賀県,41203,鳥栖市,,鳥栖北公民館,,,,鳥栖市古野町176-3,,,,no,yes,,,,,,,no,,yes,no,,,,,,,,,,,,,,,,,everyone_toilet,佐賀県 みんなのトイレ,https://www.pref.saga.lg.jp/kiji00375898/index.html,2023-08-01,municipal:150,source_type=市町施設; toilet_type=車いす,
41,佐賀県,41203,鳥栖市,,鳥栖市都市広場ﾄｲﾚ,,,,鳥栖市本鳥栖町1819,,,,no,yes,,,,,,,no,,no,no,,,,,,,,,,,,,,,,,everyone_toilet,佐賀県 みんなのトイレ,https://www.pref.saga.lg.jp/kiji00375898/index.html,2023-08-01,municipal:151,source_type=市町施設; toilet_type=車いす,
41,佐賀県,41203,鳥栖市,,鳥栖市保健ｾﾝﾀｰ,,,,鳥栖市本町3-1496-1,,,,no,yes,,,,,,,no,,yes,no,,,,,,,,,,,,,,,,,everyone_toilet,佐賀県 みんなのトイレ,https://www.pref.saga.lg.jp/kiji00375898/index.html,2023-08-01,municipal:152,source_type=市町施設; toilet_type=車いす,
41,佐賀県,41203,鳥栖市,,鳥栖市陸上競技場,,,,鳥栖市蔵上町148-1,,,,no,yes,,,,,,,no,,yes,no,,,,,,,,,,,,,,,,,everyone_toilet,佐賀県 みんなのトイレ,https://www.pref.saga.lg.jp/kiji00375898/index.html,2023-08-01,municipal:153,source_type=市町施設; toilet_type=車いす,
41,佐賀県,41203,鳥栖市,,鳥栖市民体育ｾﾝﾀｰ,,,,鳥栖市曽根崎町1353-4,,,,no,yes,,,,,,,no,,yes,no,,,,,,,,,,,,,,,,,everyone_toilet,佐賀県 みんなのトイレ,https://www.pref.saga.lg.jp/kiji00375898/index.html,2023-08-01,municipal:154,source_type=市町施設; toilet_type=車いす,
41,佐賀県,41203,鳥栖市,,鳥栖市葬場,,,,鳥栖市河内町横井2415-1,,,,no,yes,,,,,,,no,,yes,no,,,,,,,,,,,,,,,,,everyone_toilet,佐賀県 みんなのトイレ,https://www.pref.saga.lg.jp/kiji00375898/index.html,2023-08-01,municipal:155,source_type=市町施設; toilet_type=車いす,
41,佐賀県,41203,鳥栖市,,東公園（おひさまの丘）,,,,鳥栖市今町900,,,,no,yes,,,,,,,no,,yes,no,,,,,,,,,,,,,,,,,everyone_toilet,佐賀県 みんなのトイレ,https://www.pref.saga.lg.jp/kiji00375898/index.html,2023-08-01,municipal:156,source_type=市町施設; toilet_type=車いす,
41,佐賀県,41203,鳥栖市,,東公園（時の門）,,,,鳥栖市今町900,,,,no,yes,,,,,,,no,,yes,no,,,,,,,,,,,,,,,,,everyone_toilet,佐賀県 みんなのトイレ,https://www.pref.saga.lg.jp/kiji00375898/index.html,2023-08-01,municipal:157,source_type=市町施設; toilet_type=車いす,
41,佐賀県,41203,鳥栖市,,鳥栖流通業務団地第１号公園,,,,鳥栖市幡崎町1701,,,,no,yes,,,,,,,no,,no,no,,,,,,,,,,,,,,,,,everyone_toilet,佐賀県 みんなのトイレ,https://www.pref.saga.lg.jp/kiji00375898/index.html,2023-08-01,municipal:158,source_type=市町施設; toilet_type=車いす,
41,佐賀県,41203,鳥栖市,,鳥栖流通業務団地第２号公園,,,,鳥栖市姫方町1615,,,,no,yes,,,,,,,no,,no,no,,,,,,,,,,,,,,,,,everyone_toilet,佐賀県 みんなのトイレ,https://www.pref.saga.lg.jp/kiji00375898/index.html,2023-08-01,municipal:159,source_type=市町施設; toilet_type=車いす,
41,佐賀県,41203,鳥栖市,,鳥栖流通業務団地第３号公園,,,,鳥栖市原町1902,,,,no,yes,,,,,,,no,,no,no,,,,,,,,,,,,,,,,,everyone_toilet,佐賀県 みんなのトイレ,https://www.pref.saga.lg.jp/kiji00375898/index.html,2023-08-01,municipal:161,source_type=市町施設; toilet_type=車いす,
41,佐賀県,41203,鳥栖市,,鳥栖流通業務団地第４号公園,,,,鳥栖市飯田町1811,,,,no,yes,,,,,,,no,,no,no,,,,,,,,,,,,,,,,,everyone_toilet,佐賀県 みんなのトイレ,https://www.pref.saga.lg.jp/kiji00375898/index.html,2023-08-01,municipal:162,source_type=市町施設; toilet_type=車いす,
41,佐賀県,41203,鳥栖市,,朝日山公園,,,,鳥栖市村田町1079-2,,,,no,yes,,,,,,,no,,no,no,,,,,,,,,,,,,,,,,everyone_toilet,佐賀県 みんなのトイレ,https://www.pref.saga.lg.jp/kiji00375898/index.html,2023-08-01,municipal:163,source_type=市町施設; toilet_type=車いす,
41,佐賀県,41203,鳥栖市,,梅坂公園,,,,鳥栖市弥生が丘1丁目5,,,,no,yes,,,,,,,no,,yes,no,,,,,,,,,,,,,,,,,everyone_toilet,佐賀県 みんなのトイレ,https://www.pref.saga.lg.jp/kiji00375898/index.html,2023-08-01,municipal:164,source_type=市町施設; toilet_type=車いす,
41,佐賀県,41203,鳥栖市,,鳥栖市高齢者福祉施設（屋内）,,,,鳥栖市本町3丁目1494-10,,,,no,yes,,,,,,,no,,no,no,,,,,,,,,,,,,,,,,everyone_toilet,佐賀県 みんなのトイレ,https://www.pref.saga.lg.jp/kiji00375898/index.html,2023-08-01,municipal:165,source_type=市町施設; toilet_type=車いす,
41,佐賀県,41203,鳥栖市,,鳥栖南老人福祉ｾﾝﾀｰ,,,,鳥栖市真木町2112,,,,no,yes,,,,,,,no,,no,no,,,,,,,,,,,,,,,,,everyone_toilet,佐賀県 みんなのトイレ,https://www.pref.saga.lg.jp/kiji00375898/index.html,2023-08-01,municipal:166,source_type=市町施設; toilet_type=一般ﾄｲﾚ,
41,佐賀県,41203,鳥栖市,,田代老人福祉ｾﾝﾀｰ,,,,鳥栖市田代大官町323-5,,,,no,yes,,,,,,,no,,no,no,,,,,,,,,,,,,,,,,everyone_toilet,佐賀県 みんなのトイレ,https://www.pref.saga.lg.jp/kiji00375898/index.html,2023-08-01,municipal:167,source_type=市町施設; toilet_type=一般ﾄｲﾚ,
41,佐賀県,41203,鳥栖市,,鳥栖市若葉ｺﾐｭﾆﾃｨｾﾝﾀｰ,,,,鳥栖市萱方町116-2,,,,no,yes,,,,,,,no,,yes,no,,,,,,,,,,,,,,,,,everyone_toilet,佐賀県 みんなのトイレ,https://www.pref.saga.lg.jp/kiji00375898/index.html,2023-08-01,municipal:168,source_type=市町施設; toilet_type=車いす,
41,佐賀県,41203,鳥栖市,,鳥栖市鳥栖公民館,,,,鳥栖市今泉町2172-2,,,,no,yes,,,,,,,no,,yes,no,,,,,,,,,,,,,,,,,everyone_toilet,佐賀県 みんなのトイレ,https://www.pref.saga.lg.jp/kiji00375898/index.html,2023-08-01,municipal:169,source_type=市町施設; toilet_type=車いす,
41,佐賀県,41203,鳥栖市,,鳥栖市高齢者福祉施設（屋外）,,,,鳥栖市本町3丁目1494-10,,,,no,yes,,,,,,,no,,no,no,,,,,,,,,,,,,,,,,everyone_toilet,佐賀県 みんなのトイレ,https://www.pref.saga.lg.jp/kiji00375898/index.html,2023-08-01,municipal:170,source_type=市町施設; toilet_type=車いす,
41,佐賀県,41203,鳥栖市,,中央公園,,,,鳥栖市大正町824-1,,,,no,yes,,,,,,,no,,no,no,,,,,,,,,,,,,,,,,everyone_toilet,佐賀県 みんなのトイレ,https://www.pref.saga.lg.jp/kiji00375898/index.html,2023-08-01,municipal:171,source_type=市町施設; toilet_type=車いす,
41,佐賀県,41203,鳥栖市,,田代公園,,,,鳥栖市柚比町328-1,,,,no,yes,,,,,,,no,,yes,no,,,,,,,,,,,,,,,,,everyone_toilet,佐賀県 みんなのトイレ,https://www.pref.saga.lg.jp/kiji00375898/index.html,2023-08-01,municipal:172,source_type=市町施設; toilet_type=車いす,
41,佐賀県,41203,鳥栖市,,いずみﾊﾟｰｸ,,,,鳥栖市今泉町2646,,,,no,yes,,,,,,,no,,no,no,,,,,,,,,,,,,,,,,everyone_toilet,佐賀県 みんなのトイレ,https://www.pref.saga.lg.jp/kiji00375898/index.html,2023-08-01,municipal:173,source_type=市町施設; toilet_type=車いす,
41,佐賀県,41203,鳥栖市,,蔵上西公園,,,,鳥栖市蔵上3丁目308,,,,no,yes,,,,,,,no,,yes,no,,,,,,,,,,,,,,,,,everyone_toilet,佐賀県 みんなのトイレ,https://www.pref.saga.lg.jp/kiji00375898/index.html,2023-08-01,municipal:174,source_type=市町施設; toilet_type=車いす,
41,佐賀県,41203,鳥栖市,,藤木公園,,,,鳥栖市藤木町2456,,,,no,yes,,,,,,,no,,no,no,,,,,,,,,,,,,,,,,everyone_toilet,佐賀県 みんなのトイレ,https://www.pref.saga.lg.jp/kiji00375898/index.html,2023-08-01,municipal:175,source_type=市町施設; toilet_type=車いす,
41,佐賀県,41203,鳥栖市,,八ッ並公園,,,,鳥栖市弥生が丘5丁目44,,,,no,yes,,,,,,,no,,yes,no,,,,,,,,,,,,,,,,,everyone_toilet,佐賀県 みんなのトイレ,https://www.pref.saga.lg.jp/kiji00375898/index.html,2023-08-01,municipal:176,source_type=市町施設; toilet_type=車いす,
41,佐賀県,41203,鳥栖市,,鳥栖市基里運動広場,,,,鳥栖市曽根崎字本成1093-1,,,,no,yes,,,,,,,no,,no,no,,,,,,,,,,,,,,,,,everyone_toilet,佐賀県 みんなのトイレ,https://www.pref.saga.lg.jp/kiji00375898/index.html,2023-08-01,municipal:177,source_type=市町施設; toilet_type=車いす,
41,佐賀県,41341,基山町,,基山町役場庁舎,,,,三養基郡基山町大字宮浦666,,,,no,yes,,,,,,,no,,no,no,,,,,,,,,,,,,,,,,everyone_toilet,佐賀県 みんなのトイレ,https://www.pref.saga.lg.jp/kiji00375898/index.html,2023-08-01,municipal:184,source_type=市町施設; toilet_type=車いす,
41,佐賀県,41341,基山町,,ＪＲ基山駅前広場,,,,三養基郡基山町大字小倉532,,,,no,yes,,,,,,,no,,no,no,,,,,,,,,,,,,,,,,everyone_toilet,佐賀県 みんなのトイレ,https://www.pref.saga.lg.jp/kiji00375898/index.html,2023-08-01,municipal:185,source_type=市町施設; toilet_type=一般ﾄｲﾚ,
41,佐賀県,41341,基山町,,基山町営球場・テニス場,,,,三養基郡基山町大字園部2562-1,,,,no,yes,,,,,,,no,,yes,no,,,,,,,,,,,,,,,,,everyone_toilet,佐賀県 みんなのトイレ,https://www.pref.saga.lg.jp/kiji00375898/index.html,2023-08-01,municipal:186,source_type=市町施設; toilet_type=車いす,
41,佐賀県,41341,基山町,,基山町総合公園,,,,三養基郡基山町大字宮浦666,,,,no,yes,,,,,,,no,,no,no,,,,,,,,,,,,,,,,,everyone_toilet,佐賀県 みんなのトイレ,https://www.pref.saga.lg.jp/kiji00375898/index.html,2023-08-01,municipal:187,source_type=市町施設; toilet_type=車いす,
41,佐賀県,41341,基山町,,基山町武道館,,,,三養基郡基山町大字宮浦666,,,,no,yes,,,,,,,no,,yes,no,,,,,,,,,,,,,,,,,everyone_toilet,佐賀県 みんなのトイレ,https://www.pref.saga.lg.jp/kiji00375898/index.html,2023-08-01,municipal:188,source_type=市町施設; toilet_type=車いす,
41,佐賀県,41341,基山町,,基山町総合体育館,,,,三養基郡基山町大字宮浦666,,,,no,yes,,,,,,,no,,yes,no,,,,,,,,,,,,,,,,,everyone_toilet,佐賀県 みんなのトイレ,https://www.pref.saga.lg.jp/kiji00375898/index.html,2023-08-01,municipal:189,source_type=市町施設; toilet_type=車いす,
41,佐賀県,41341,基山町,,基山町保健ｾﾝﾀｰ,,,,三養基郡基山町大字宮浦666,,,,no,yes,,,,,,,no,,no,yes,,,,,,,,,,,,,,,,,everyone_toilet,佐賀県 みんなのトイレ,https://www.pref.saga.lg.jp/kiji00375898/index.html,2023-08-01,municipal:190,source_type=市町施設; toilet_type=車いす,
41,佐賀県,41341,基山町,,基山町民会館,,,,三養基郡基山町大字宮浦666,,,,no,yes,,,,,,,yes,,no,no,,,,,,,,,,,,,,,,,everyone_toilet,佐賀県 みんなのトイレ,https://www.pref.saga.lg.jp/kiji00375898/index.html,2023-08-01,municipal:191,source_type=市町施設; toilet_type=車いす,
41,佐賀県,41341,基山町,,基山町立図書館及び資料館,,,,三養基郡基山町大字宮浦350-6,,,,no,yes,,,,,,,no,,yes,no,,,,,,,,,,,,,,,,,everyone_toilet,佐賀県 みんなのトイレ,https://www.pref.saga.lg.jp/kiji00375898/index.html,2023-08-01,municipal:192,source_type=市町施設; toilet_type=車いす,
41,佐賀県,41341,基山町,,基山町第３区公民館,,,,三養基郡基山町大字宮浦246-14,,,,no,yes,,,,,,,,,yes,,,,,,,,,,,,,,,,,,everyone_toilet,佐賀県 みんなのトイレ,https://www.pref.saga.lg.jp/kiji00375898/index.html,2023-08-01,municipal:193,source_type=市町施設; toilet_type=一般ﾄｲﾚ,
41,佐賀県,41345,上峰町,,上峰町役場,,,,三養基郡上峰町大字坊所383-1,,,,no,yes,,,,,,,no,,yes,no,,,,,,,,,,,,,,,,,everyone_toilet,佐賀県 みんなのトイレ,https://www.pref.saga.lg.jp/kiji00375898/index.html,2023-08-01,municipal:194,source_type=市町施設; toilet_type=車いす,
41,佐賀県,41345,上峰町,,上峰町ふるさと学館,,,,三養基郡上峰町大字坊所606,,,,no,yes,,,,,,,no,,no,no,,,,,,,,,,,,,,,,,everyone_toilet,佐賀県 みんなのトイレ,https://www.pref.saga.lg.jp/kiji00375898/index.html,2023-08-01,municipal:195,source_type=市町施設; toilet_type=車いす,
41,佐賀県,41345,上峰町,,上峰町民ｾﾝﾀｰ,,,,三養基郡上峰町大字坊所319-4,,,,yes,yes,,,,,,,yes,,yes,no,,,,,,,,,,,,,,,,,everyone_toilet,佐賀県 みんなのトイレ,https://www.pref.saga.lg.jp/kiji00375898/index.html,2023-08-01,municipal:196,source_type=市町施設; toilet_type=多機能,
41,佐賀県,41345,上峰町,,上峰町中央公園 管理棟ﾄｲﾚ,,,,三養基郡上峰町大字前牟田96-1,,,,no,yes,,,,,,,no,,yes,no,,,,,,,,,,,,,,,,,everyone_toilet,佐賀県 みんなのトイレ,https://www.pref.saga.lg.jp/kiji00375898/index.html,2023-08-01,municipal:197,source_type=市町施設; toilet_type=車いす,
41,佐賀県,41345,上峰町,,上峰町中央公園 北側ﾄｲﾚ,,,,三養基郡上峰町大字前牟田96-1,,,,no,yes,,,,,,,no,,yes,no,,,,,,,,,,,,,,,,,everyone_toilet,佐賀県 みんなのトイレ,https://www.pref.saga.lg.jp/kiji00375898/index.html,2023-08-01,municipal:198,source_type=市町施設; toilet_type=車いす,
41,佐賀県,41345,上峰町,,上峰町中央公園 南側ﾄｲﾚ,,,,三養基郡上峰町大字前牟田96-1,,,,no,yes,,,,,,,no,,yes,no,,,,,,,,,,,,,,,,,everyone_toilet,佐賀県 みんなのトイレ,https://www.pref.saga.lg.jp/kiji00375898/index.html,2023-08-01,municipal:199,source_type=市町施設; toilet_type=車いす,
41,佐賀県,41346,みやき町,,みやき町庁舎,,,,三養基郡みやき町大字東尾737-5,,,,no,yes,,,,,,,no,,yes,no,,,,,,,,,,,,,,,,,everyone_toilet,佐賀県 みんなのトイレ,https://www.pref.saga.lg.jp/kiji00375898/index.html,2023-08-01,municipal:200,source_type=市町施設; toilet_type=車いす,
41,佐賀県,41346,みやき町,,みやき町役場みね庁舎,,,,三養基郡みやき町大字市武1381,,,,no,yes,,,,,,,no,,no,no,,,,,,,,,,,,,,,,,everyone_toilet,佐賀県 みんなのトイレ,https://www.pref.saga.lg.jp/kiji00375898/index.html,2023-08-01,municipal:201,source_type=市町施設; toilet_type=車いす,
41,佐賀県,41346,みやき町,,みやき町役場中原庁舎,,,,三養基郡みやき町大字原古賀1043,,,,no,yes,,,,,,,no,,yes,no,,,,,,,,,,,,,,,,,everyone_toilet,佐賀県 みんなのトイレ,https://www.pref.saga.lg.jp/kiji00375898/index.html,2023-08-01,municipal:202,source_type=市町施設; toilet_type=車いす,
41,佐賀県,41346,みやき町,,みやき町中原保健ｾﾝﾀｰ,,,,三養基郡みやき町大字簑原1003-1,,,,no,yes,,,,,,,no,,no,no,,,,,,,,,,,,,,,,,everyone_toilet,佐賀県 みんなのトイレ,https://www.pref.saga.lg.jp/kiji00375898/index.html,2023-08-01,municipal:203,source_type=市町施設; toilet_type=車いす,
41,佐賀県,41346,みやき町,,中原体育館,,,,三養基郡みやき町大字簑原1003-1,,,,no,yes,,,,,,,no,,no,no,,,,,,,,,,,,,,,,,everyone_toilet,佐賀県 みんなのトイレ,https://www.pref.saga.lg.jp/kiji00375898/index.html,2023-08-01,municipal:204,source_type=市町施設; toilet_type=車いす,
41,佐賀県,41346,みやき町,,みやき町中原武道館,,,,三養基郡みやき町大字簑原1003-1,,,,no,yes,,,,,,,no,,no,no,,,,,,,,,,,,,,,,,everyone_toilet,佐賀県 みんなのトイレ,https://www.pref.saga.lg.jp/kiji00375898/index.html,2023-08-01,municipal:205,source_type=市町施設; toilet_type=車いす,
41,佐賀県,41346,みやき町,,みやき町三根保健ｾﾝﾀｰ,,,,三養基郡みやき町大字市武1333-2,,,,no,yes,,,,,,,no,,no,no,,,,,,,,,,,,,,,,,everyone_toilet,佐賀県 みんなのトイレ,https://www.pref.saga.lg.jp/kiji00375898/index.html,2023-08-01,municipal:206,source_type=市町施設; toilet_type=車いす,
41,佐賀県,41346,みやき町,,みやき町北茂安ふれあい広場,,,,三養基郡みやき町大字東尾6436-6,,,,no,yes,,,,,,,no,,yes,no,,,,,,,,,,,,,,,,,everyone_toilet,佐賀県 みんなのトイレ,https://www.pref.saga.lg.jp/kiji00375898/index.html,2023-08-01,municipal:207,source_type=市町施設; toilet_type=車いす,
41,佐賀県,41346,みやき町,,みやき町いこいの森公園 公衆ﾄｲﾚ,,,,三養基郡みやき町大字白壁3963-1,,,,no,yes,,,,,,,no,,yes,no,,,,,,,,,,,,,,,,,everyone_toilet,佐賀県 みんなのトイレ,https://www.pref.saga.lg.jp/kiji00375898/index.html,2023-08-01,municipal:208,source_type=市町施設; toilet_type=車いす,
41,佐賀県,41346,みやき町,,みやき町千栗土居公園 公衆ﾄｲﾚ,,,,三養基郡みやき町大字白壁1074-22,,,,no,yes,,,,,,,no,,no,no,,,,,,,,,,,,,,,,,everyone_toilet,佐賀県 みんなのトイレ,https://www.pref.saga.lg.jp/kiji00375898/index.html,2023-08-01,municipal:209,source_type=市町施設; toilet_type=車いす,
41,佐賀県,41346,みやき町,,みやき町北茂安保健ｾﾝﾀｰ,,,,三養基郡みやき町大字東尾6436-4,,,,no,yes,,,,,,,no,,yes,no,,,,,,,,,,,,,,,,,everyone_toilet,佐賀県 みんなのトイレ,https://www.pref.saga.lg.jp/kiji00375898/index.html,2023-08-01,municipal:210,source_type=市町施設; toilet_type=車いす,
41,佐賀県,41346,みやき町,,みやき町ｺﾐｭﾆﾃｨｰｾﾝﾀｰ こすもす館,,,,三養基郡みやき町大字東尾6436番地2,,,,no,yes,,,,,,,no,,no,no,,,,,,,,,,,,,,,,,everyone_toilet,佐賀県 みんなのトイレ,https://www.pref.saga.lg.jp/kiji00375898/index.html,2023-08-01,municipal:211,source_type=市町施設; toilet_type=車いす,
41,佐賀県,41204,多久市,,多久市母子健康ｾﾝﾀｰ,,,,多久市北多久町大字小侍45-31,,,,yes,yes,,,,,,,yes,,yes,yes,,,,,,,,,,,,,,,,,everyone_toilet,佐賀県 みんなのトイレ,https://www.pref.saga.lg.jp/kiji00375898/index.html,2023-08-01,municipal:212,source_type=市町施設; toilet_type=多機能,
41,佐賀県,41204,多久市,,宝満山公園,,,,多久市西多久町大字板屋6200-4,,,,no,yes,,,,,,,no,,no,no,,,,,,,,,,,,,,,,,everyone_toilet,佐賀県 みんなのトイレ,https://www.pref.saga.lg.jp/kiji00375898/index.html,2023-08-01,municipal:213,source_type=市町施設; toilet_type=車いす,
41,佐賀県,41204,多久市,,１号公園,,,,多久市北多久町大字小侍1016-1,,,,yes,yes,,,,,,,yes,,yes,no,,,,,,,,,,,,,,,,,everyone_toilet,佐賀県 みんなのトイレ,https://www.pref.saga.lg.jp/kiji00375898/index.html,2023-08-01,municipal:214,source_type=市町施設; toilet_type=多機能,
41,佐賀県,41204,多久市,,納所ﾌﾙｰﾂの森公園,,,,多久市東多久町大字納所6394-1,,,,yes,yes,,,,,,,yes,,yes,no,,,,,,,,,,,,,,,,,everyone_toilet,佐賀県 みんなのトイレ,https://www.pref.saga.lg.jp/kiji00375898/index.html,2023-08-01,municipal:215,source_type=市町施設; toilet_type=多機能,
41,佐賀県,41204,多久市,,中央公園,,,,多久市北多久町大字小侍286-24,,,,no,yes,,,,,,,no,,yes,yes,,,,,,,,,,,,,,,,,everyone_toilet,佐賀県 みんなのトイレ,https://www.pref.saga.lg.jp/kiji00375898/index.html,2023-08-01,municipal:216,source_type=市町施設; toilet_type=車いす,
41,佐賀県,41204,多久市,,西渓公園,,,,多久市多久町1975-1,,,,no,yes,,,,,,,no,,yes,yes,,,,,,,,,,,,,,,,,everyone_toilet,佐賀県 みんなのトイレ,https://www.pref.saga.lg.jp/kiji00375898/index.html,2023-08-01,municipal:217,source_type=市町施設; toilet_type=車いす,
41,佐賀県,41204,多久市,,今出川ふるさと公園,,,,多久市北多久町大字多久原4192-1,,,,no,yes,,,,,,,no,,no,no,,,,,,,,,,,,,,,,,everyone_toilet,佐賀県 みんなのトイレ,https://www.pref.saga.lg.jp/kiji00375898/index.html,2023-08-01,municipal:218,source_type=市町施設; toilet_type=車いす,
41,佐賀県,41204,多久市,,多久聖廟ﾄｲﾚ,,,,多久市多久町大字1831-1,,,,no,yes,,,,,,,no,,no,no,,,,,,,,,,,,,,,,,everyone_toilet,佐賀県 みんなのトイレ,https://www.pref.saga.lg.jp/kiji00375898/index.html,2023-08-01,municipal:219,source_type=市町施設; toilet_type=車いす,
41,佐賀県,41204,多久市,,多久市ふるさと情報館 幡船の里,,,,多久市西多久町大字板屋6157-4,,,,no,yes,,,,,,,no,,yes,no,,,,,,,,,,,,,,,,,everyone_toilet,佐賀県 みんなのトイレ,https://www.pref.saga.lg.jp/kiji00375898/index.html,2023-08-01,municipal:220,source_type=市町施設; toilet_type=車いす,
41,佐賀県,41204,多久市,,多久公民館,,,,多久市多久町2144-1,,,,yes,yes,,,,,,,yes,,yes,no,,,,,,,,,,,,,,,,,everyone_toilet,佐賀県 みんなのトイレ,https://www.pref.saga.lg.jp/kiji00375898/index.html,2023-08-01,municipal:221,source_type=市町施設; toilet_type=多機能,
41,佐賀県,41204,多久市,,ふれあい運動公園,,,,多久市東多久町大字別府5232-1,,,,no,yes,,,,,,,no,,yes,yes,,,,,,,,,,,,,,,,,everyone_toilet,佐賀県 みんなのトイレ,https://www.pref.saga.lg.jp/kiji00375898/index.html,2023-08-01,municipal:223,source_type=市町施設; toilet_type=車いす,
41,佐賀県,41204,多久市,,東多久公民館,,,,多久市東多久町大字別府3286-7,,,,yes,yes,,,,,,,yes,,yes,yes,,,,,,,,,,,,,,,,,everyone_toilet,佐賀県 みんなのトイレ,https://www.pref.saga.lg.jp/kiji00375898/index.html,2023-08-01,municipal:224,source_type=市町施設; toilet_type=多機能,
41,佐賀県,41204,多久市,,多久市中央公民館,,,,多久市北多久町大字小侍7-1,,,,no,yes,,,,,,,no,,yes,no,,,,,,,,,,,,,,,,,everyone_toilet,佐賀県 みんなのトイレ,https://www.pref.saga.lg.jp/kiji00375898/index.html,2023-08-01,municipal:225,source_type=市町施設; toilet_type=車いす,
41,佐賀県,41204,多久市,,多久市西多久公民館,,,,多久市西多久町大字板屋6176-2,,,,no,yes,,,,,,,no,,no,no,,,,,,,,,,,,,,,,,everyone_toilet,佐賀県 みんなのトイレ,https://www.pref.saga.lg.jp/kiji00375898/index.html,2023-08-01,municipal:226,source_type=市町施設; toilet_type=車いす,
41,佐賀県,41204,多久市,,多久市南多久公民館,,,,多久市南多久町大字下多久6063-1,,,,yes,yes,,,,,,,yes,,yes,no,,,,,,,,,,,,,,,,,everyone_toilet,佐賀県 みんなのトイレ,https://www.pref.saga.lg.jp/kiji00375898/index.html,2023-08-01,municipal:227,source_type=市町施設; toilet_type=多機能,
41,佐賀県,41204,多久市,,多久市陸上競技場,,,,多久市北多久町大字小侍286-24,,,,no,yes,,,,,,,no,,no,yes,,,,,,,,,,,,,,,,,everyone_toilet,佐賀県 みんなのトイレ,https://www.pref.saga.lg.jp/kiji00375898/index.html,2023-08-01,municipal:228,source_type=市町施設; toilet_type=車いす,
41,佐賀県,41204,多久市,,多久市体育ｾﾝﾀｰ ゆめひろば,,,,多久市北多久町大字小侍1119-90,,,,yes,yes,,,,,,,yes,,yes,no,,,,,,,,,,,,,,,,,everyone_toilet,佐賀県 みんなのトイレ,https://www.pref.saga.lg.jp/kiji00375898/index.html,2023-08-01,municipal:229,source_type=市町施設; toilet_type=多機能,
41,佐賀県,41204,多久市,,北多久運動広場,,,,多久市北多久町大字小侍48,,,,no,yes,,,,,,,no,,no,no,,,,,,,,,,,,,,,,,everyone_toilet,佐賀県 みんなのトイレ,https://www.pref.saga.lg.jp/kiji00375898/index.html,2023-08-01,municipal:230,source_type=市町施設; toilet_type=車いす,
41,佐賀県,41204,多久市,,多久市郷土資料館,,,,多久市多久町1975,,,,no,yes,,,,,,,no,,no,no,,,,,,,,,,,,,,,,,everyone_toilet,佐賀県 みんなのトイレ,https://www.pref.saga.lg.jp/kiji00375898/index.html,2023-08-01,municipal:231,source_type=市町施設; toilet_type=車いす,
41,佐賀県,41204,多久市,,多久市役所,,,,多久市北多久町大字小侍7-1,,,,yes,yes,,,,,,,yes,,yes,no,,,,,,,,,,,,,,,,,everyone_toilet,佐賀県 みんなのトイレ,https://www.pref.saga.lg.jp/kiji00375898/index.html,2023-08-01,municipal:232,source_type=市町施設; toilet_type=多機能,
41,佐賀県,41205,伊万里市,,伊万里市民交流ﾌﾟﾗｻﾞ,,,,伊万里市立花町1542-16,,,,yes,yes,,,,,,,yes,,yes,no,,,,,,,,,,,,,,,,,everyone_toilet,佐賀県 みんなのトイレ,https://www.pref.saga.lg.jp/kiji00375898/index.html,2023-08-01,municipal:239,source_type=市町施設; toilet_type=多機能,
41,佐賀県,41205,伊万里市,,伊万里市大川町ｺﾐｭﾆﾃｨｰｾﾝﾀｰ,,,,伊万里市大川町大川野3340-1,,,,yes,yes,,,,,,,yes,,yes,yes,,,,,,,,,,,,,,,,,everyone_toilet,佐賀県 みんなのトイレ,https://www.pref.saga.lg.jp/kiji00375898/index.html,2023-08-01,municipal:240,source_type=市町施設; toilet_type=多機能,
41,佐賀県,41205,伊万里市,,伊万里市役所,,,,伊万里市立花町1355-1,,,,yes,yes,,,,,,,yes,,yes,no,,,,,,,,,,,,,,,,,everyone_toilet,佐賀県 みんなのトイレ,https://www.pref.saga.lg.jp/kiji00375898/index.html,2023-08-01,municipal:241,source_type=市町施設; toilet_type=多機能,
41,佐賀県,41205,伊万里市,,伊万里市民図書館,,,,伊万里市立花町4110-1,,,,no,yes,,,,,,,no,,no,no,,,,,,,,,,,,,,,,,everyone_toilet,佐賀県 みんなのトイレ,https://www.pref.saga.lg.jp/kiji00375898/index.html,2023-08-01,municipal:242,source_type=市町施設; toilet_type=車いす,
41,佐賀県,41205,伊万里市,,伊万里湾大橋球技場,,,,伊万里市山代町楠久津145-25,,,,yes,yes,,,,,,,yes,,yes,yes,,,,,,,,,,,,,,,,,everyone_toilet,佐賀県 みんなのトイレ,https://www.pref.saga.lg.jp/kiji00375898/index.html,2023-08-01,municipal:243,source_type=市町施設; toilet_type=多機能,
41,佐賀県,41205,伊万里市,,桃川親水公園,,,,伊万里市松浦町桃川,,,,no,yes,,,,,,,no,,no,no,,,,,,,,,,,,,,,,,everyone_toilet,佐賀県 みんなのトイレ,https://www.pref.saga.lg.jp/kiji00375898/index.html,2023-08-01,municipal:244,source_type=市町施設; toilet_type=車いす,
41,佐賀県,41205,伊万里市,,いまり夢みさき公園,,,,伊万里市黒川町福田1087,,,,yes,yes,,,,,,,yes,,yes,no,,,,,,,,,,,,,,,,,everyone_toilet,佐賀県 みんなのトイレ,https://www.pref.saga.lg.jp/kiji00375898/index.html,2023-08-01,municipal:245,source_type=市町施設; toilet_type=多機能,
41,佐賀県,41205,伊万里市,,伊万里市楠久津公園,,,,伊万里市山代町楠久津141-1,,,,no,yes,,,,,,,no,,yes,no,,,,,,,,,,,,,,,,,everyone_toilet,佐賀県 みんなのトイレ,https://www.pref.saga.lg.jp/kiji00375898/index.html,2023-08-01,municipal:246,source_type=市町施設; toilet_type=車いす,
41,佐賀県,41205,伊万里市,,伊万里市立花公民館,,,,伊万里市立花町1891-79,,,,no,yes,,,,,,,no,,yes,yes,,,,,,,,,,,,,,,,,everyone_toilet,佐賀県 みんなのトイレ,https://www.pref.saga.lg.jp/kiji00375898/index.html,2023-08-01,municipal:247,source_type=市町施設; toilet_type=車いす,
41,佐賀県,41205,伊万里市,,松浦公民館,,,,伊万里市松浦町山形5490-2,,,,no,yes,,,,,,,no,,yes,yes,,,,,,,,,,,,,,,,,everyone_toilet,佐賀県 みんなのトイレ,https://www.pref.saga.lg.jp/kiji00375898/index.html,2023-08-01,municipal:248,source_type=市町施設; toilet_type=車いす,
41,佐賀県,41205,伊万里市,,黒川公民館,,,,伊万里市黒川町塩屋504-1,,,,no,yes,,,,,,,no,,yes,no,,,,,,,,,,,,,,,,,everyone_toilet,佐賀県 みんなのトイレ,https://www.pref.saga.lg.jp/kiji00375898/index.html,2023-08-01,municipal:249,source_type=市町施設; toilet_type=車いす,
41,佐賀県,41205,伊万里市,,大坪公民館,,,,伊万里市大坪町甲2863-1,,,,no,yes,,,,,,,no,,no,yes,,,,,,,,,,,,,,,,,everyone_toilet,佐賀県 みんなのトイレ,https://www.pref.saga.lg.jp/kiji00375898/index.html,2023-08-01,municipal:250,source_type=市町施設; toilet_type=車いす,
41,佐賀県,41205,伊万里市,,南波多公民館,,,,伊万里市南波多町井手野2685-1,,,,no,yes,,,,,,,no,,no,no,,,,,,,,,,,,,,,,,everyone_toilet,佐賀県 みんなのトイレ,https://www.pref.saga.lg.jp/kiji00375898/index.html,2023-08-01,municipal:251,source_type=市町施設; toilet_type=車いす,
41,佐賀県,41205,伊万里市,,伊万里公民館,,,,伊万里市松島町350-4,,,,no,yes,,,,,,,no,,no,no,,,,,,,,,,,,,,,,,everyone_toilet,佐賀県 みんなのトイレ,https://www.pref.saga.lg.jp/kiji00375898/index.html,2023-08-01,municipal:252,source_type=市町施設; toilet_type=車いす,
41,佐賀県,41205,伊万里市,,伊万里市民会館,,,,伊万里市松島町73,,,,no,yes,,,,,,,no,,no,no,,,,,,,,,,,,,,,,,everyone_toilet,佐賀県 みんなのトイレ,https://www.pref.saga.lg.jp/kiji00375898/index.html,2023-08-01,municipal:253,source_type=市町施設; toilet_type=車いす,
41,佐賀県,41205,伊万里市,,伊万里市民ｾﾝﾀｰ,,,,伊万里市松島町391-1,,,,no,yes,,,,,,,yes,,no,no,,,,,,,,,,,,,,,,,everyone_toilet,佐賀県 みんなのトイレ,https://www.pref.saga.lg.jp/kiji00375898/index.html,2023-08-01,municipal:254,source_type=市町施設; toilet_type=車いす,
41,佐賀県,41205,伊万里市,,伊万里市学校給食ｾﾝﾀｰ,,,,伊万里市東山代町里359-41,,,,yes,yes,,,,,,,yes,,yes,no,,,,,,,,,,,,,,,,,everyone_toilet,佐賀県 みんなのトイレ,https://www.pref.saga.lg.jp/kiji00375898/index.html,2023-08-01,municipal:255,source_type=市町施設; toilet_type=多機能,
41,佐賀県,41401,有田町,,有田町庁舎,,,,西松浦郡有田町立部乙2202,,,,yes,yes,,,,,,,yes,,yes,yes,,,,,,,,,,,,,,,,,everyone_toilet,佐賀県 みんなのトイレ,https://www.pref.saga.lg.jp/kiji00375898/index.html,2023-08-01,municipal:262,source_type=市町施設; toilet_type=多機能,
41,佐賀県,41401,有田町,,有田町福祉保健ｾﾝﾀｰ,,,,西松浦郡有田町南原甲664-4,,,,no,yes,,,,,,,no,,yes,no,,,,,,,,,,,,,,,,,everyone_toilet,佐賀県 みんなのトイレ,https://www.pref.saga.lg.jp/kiji00375898/index.html,2023-08-01,municipal:263,source_type=市町施設; toilet_type=車いす,
41,佐賀県,41401,有田町,,有田町生涯学習ｾﾝﾀｰ（南館）,,,,西松浦郡有田町本町丙1002-2,,,,no,yes,,,,,,,no,,yes,no,,,,,,,,,,,,,,,,,everyone_toilet,佐賀県 みんなのトイレ,https://www.pref.saga.lg.jp/kiji00375898/index.html,2023-08-01,municipal:264,source_type=市町施設; toilet_type=車いす,
41,佐賀県,41401,有田町,,有田町生涯学習ｾﾝﾀｰ（北館）,,,,西松浦郡有田町本町丙1002-2,,,,no,yes,,,,,,,no,,no,no,,,,,,,,,,,,,,,,,everyone_toilet,佐賀県 みんなのトイレ,https://www.pref.saga.lg.jp/kiji00375898/index.html,2023-08-01,municipal:265,source_type=市町施設; toilet_type=車いす,
41,佐賀県,41401,有田町,,炎の博記念堂（屋内）,,,,西松浦郡有田町黒川甲1788,,,,no,yes,,,,,,,no,,yes,no,,,,,,,,,,,,,,,,,everyone_toilet,佐賀県 みんなのトイレ,https://www.pref.saga.lg.jp/kiji00375898/index.html,2023-08-01,municipal:266,source_type=市町施設; toilet_type=車いす,
41,佐賀県,41401,有田町,,炎の博記念堂（歴史と文化の森公園）,,,,西松浦郡有田町黒川甲1788,,,,no,yes,,,,,,,no,,no,no,,,,,,,,,,,,,,,,,everyone_toilet,佐賀県 みんなのトイレ,https://www.pref.saga.lg.jp/kiji00375898/index.html,2023-08-01,municipal:267,source_type=市町施設; toilet_type=車いす,
41,佐賀県,41401,有田町,,伝統文化の交流ﾌﾟﾗｻﾞ 有田館,,,,西松浦郡有田町幸平1-1-1,,,,no,yes,,,,,,,no,,yes,no,,,,,,,,,,,,,,,,,everyone_toilet,佐賀県 みんなのトイレ,https://www.pref.saga.lg.jp/kiji00375898/index.html,2023-08-01,municipal:268,source_type=市町施設; toilet_type=車いす,
41,佐賀県,41401,有田町,,泉山磁石場前公衆ﾄｲﾚ,,,,西松浦郡有田町泉山一丁目5番,,,,no,yes,,,,,,,no,,no,no,,,,,,,,,,,,,,,,,everyone_toilet,佐賀県 みんなのトイレ,https://www.pref.saga.lg.jp/kiji00375898/index.html,2023-08-01,municipal:269,source_type=市町施設; toilet_type=車いす,
41,佐賀県,41401,有田町,,有田町役場 東出張所前 公衆ﾄｲﾚ,,,,西松浦郡有田町岩屋川内二丁目8-1,,,,no,yes,,,,,,,no,,yes,yes,,,,,,,,,,,,,,,,,everyone_toilet,佐賀県 みんなのトイレ,https://www.pref.saga.lg.jp/kiji00375898/index.html,2023-08-01,municipal:270,source_type=市町施設; toilet_type=車いす,
41,佐賀県,41401,有田町,,有田町婦人の家,,,,西松浦郡有田町立部乙2462-1,,,,no,yes,,,,,,,no,,no,no,,,,,,,,,,,,,,,,,everyone_toilet,佐賀県 みんなのトイレ,https://www.pref.saga.lg.jp/kiji00375898/index.html,2023-08-01,municipal:271,source_type=市町施設; toilet_type=車いす,
41,佐賀県,41401,有田町,,有田町歴史民俗資料館（東館）,,,,西松浦郡有田町泉山1-4-1,,,,no,yes,,,,,,,no,,no,no,,,,,,,,,,,,,,,,,everyone_toilet,佐賀県 みんなのトイレ,https://www.pref.saga.lg.jp/kiji00375898/index.html,2023-08-01,municipal:272,source_type=市町施設; toilet_type=車いす,
41,佐賀県,41401,有田町,,曲川桜ヶ丘公園,,,,西松浦郡有田町下本乙3061-2,,,,no,yes,,,,,,,no,,yes,no,,,,,,,,,,,,,,,,,everyone_toilet,佐賀県 みんなのトイレ,https://www.pref.saga.lg.jp/kiji00375898/index.html,2023-08-01,municipal:273,source_type=市町施設; toilet_type=車いす,
41,佐賀県,41401,有田町,,管野公園,,,,西松浦郡有田町大野乙1131-3,,,,no,yes,,,,,,,no,,no,no,,,,,,,,,,,,,,,,,everyone_toilet,佐賀県 みんなのトイレ,https://www.pref.saga.lg.jp/kiji00375898/index.html,2023-08-01,municipal:274,source_type=市町施設; toilet_type=車いす,
41,佐賀県,41401,有田町,,有田町文化体育館,,,,西松浦郡有田町本町丙954番地1,,,,no,yes,,,,,,,no,,no,no,,,,,,,,,,,,,,,,,everyone_toilet,佐賀県 みんなのトイレ,https://www.pref.saga.lg.jp/kiji00375898/index.html,2023-08-01,municipal:275,source_type=市町施設; toilet_type=車いす,
41,佐賀県,41401,有田町,,有田町体育ｾﾝﾀｰ,,,,西松浦郡有田町立部乙2210番地,,,,no,yes,,,,,,,no,,no,no,,,,,,,,,,,,,,,,,everyone_toilet,佐賀県 みんなのトイレ,https://www.pref.saga.lg.jp/kiji00375898/index.html,2023-08-01,municipal:276,source_type=市町施設; toilet_type=車いす,
41,佐賀県,41401,有田町,,泉山体育館,,,,西松浦郡有田町泉山一丁目30番2号,,,,no,yes,,,,,,,no,,yes,no,,,,,,,,,,,,,,,,,everyone_toilet,佐賀県 みんなのトイレ,https://www.pref.saga.lg.jp/kiji00375898/index.html,2023-08-01,municipal:277,source_type=市町施設; toilet_type=車いす,
41,佐賀県,41206,武雄市,,武雄市役所本庁,,,,武雄市武雄町大字昭和1-1,,,,no,yes,,,,,,,yes,,no,no,,,,,,,,,,,,,,,,,everyone_toilet,佐賀県 みんなのトイレ,https://www.pref.saga.lg.jp/kiji00375898/index.html,2023-08-01,municipal:278,source_type=市町施設; toilet_type=一般ﾄｲﾚ,
41,佐賀県,41206,武雄市,,武雄市役所山内支所,,,,武雄市山内町大字三間坂甲13800,,,,no,yes,,,,,,,yes,,no,no,,,,,,,,,,,,,,,,,everyone_toilet,佐賀県 みんなのトイレ,https://www.pref.saga.lg.jp/kiji00375898/index.html,2023-08-01,municipal:279,source_type=市町施設; toilet_type=車いす,
41,佐賀県,41206,武雄市,,武雄市役所北方支所,,,,武雄市北方町大字志久1557,,,,no,yes,,,,,,,yes,,no,no,,,,,,,,,,,,,,,,,everyone_toilet,佐賀県 みんなのトイレ,https://www.pref.saga.lg.jp/kiji00375898/index.html,2023-08-01,municipal:280,source_type=市町施設; toilet_type=車いす,
41,佐賀県,41206,武雄市,,武雄市宮野町公衆便所,,,,武雄市武雄町大字武雄7304-1,,,,no,yes,,,,,,,yes,,no,no,,,,,,,,,,,,,,,,,everyone_toilet,佐賀県 みんなのトイレ,https://www.pref.saga.lg.jp/kiji00375898/index.html,2023-08-01,municipal:281,source_type=市町施設; toilet_type=車いす,
41,佐賀県,41206,武雄市,,武雄市中央公園公衆便所,,,,武雄市武雄町大字武雄5605-1,,,,no,yes,,,,,,,yes,,no,no,,,,,,,,,,,,,,,,,everyone_toilet,佐賀県 みんなのトイレ,https://www.pref.saga.lg.jp/kiji00375898/index.html,2023-08-01,municipal:282,source_type=市町施設; toilet_type=車いす,
41,佐賀県,41206,武雄市,,武雄神社下公衆便所,,,,武雄市武雄町大字武雄5308-1,,,,no,yes,,,,,,,no,,no,no,,,,,,,,,,,,,,,,,everyone_toilet,佐賀県 みんなのトイレ,https://www.pref.saga.lg.jp/kiji00375898/index.html,2023-08-01,municipal:283,source_type=市町施設; toilet_type=車いす,
41,佐賀県,41206,武雄市,,矢筈ﾀﾞﾑ広場公衆便所,,,,武雄市西川登町大字神六28819-4,,,,no,yes,,,,,,,no,,no,no,,,,,,,,,,,,,,,,,everyone_toilet,佐賀県 みんなのトイレ,https://www.pref.saga.lg.jp/kiji00375898/index.html,2023-08-01,municipal:284,source_type=市町施設; toilet_type=車いす,
41,佐賀県,41206,武雄市,,乳待坊展望台便所,,,,武雄市山内町大字宮野1888-184,,,,no,yes,,,,,,,no,,no,no,,,,,,,,,,,,,,,,,everyone_toilet,佐賀県 みんなのトイレ,https://www.pref.saga.lg.jp/kiji00375898/index.html,2023-08-01,municipal:285,source_type=市町施設; toilet_type=車いす,
41,佐賀県,41206,武雄市,,黒髪山公衆ﾄｲﾚ（登山口）,,,,武雄市山内町大字宮野1386-1,,,,no,yes,,,,,,,no,,no,no,,,,,,,,,,,,,,,,,everyone_toilet,佐賀県 みんなのトイレ,https://www.pref.saga.lg.jp/kiji00375898/index.html,2023-08-01,municipal:286,source_type=市町施設; toilet_type=一般ﾄｲﾚ,
41,佐賀県,41206,武雄市,,狩立・日の峰ﾀﾞﾑ公園ﾄｲﾚ,,,,武雄市山内町大字宮野22708-2,,,,no,yes,,,,,,,no,,yes,no,,,,,,,,,,,,,,,,,everyone_toilet,佐賀県 みんなのトイレ,https://www.pref.saga.lg.jp/kiji00375898/index.html,2023-08-01,municipal:287,source_type=市町施設; toilet_type=車いす,
41,佐賀県,41206,武雄市,,きたがた四季の丘公園,,,,武雄市北方町大字志久5581,,,,no,yes,,,,,,,no,,no,no,,,,,,,,,,,,,,,,,everyone_toilet,佐賀県 みんなのトイレ,https://www.pref.saga.lg.jp/kiji00375898/index.html,2023-08-01,municipal:288,source_type=市町施設; toilet_type=車いす,
41,佐賀県,41206,武雄市,,北方運動公園,,,,武雄市北方町大字大崎2229-1,,,,no,yes,,,,,,,no,,yes,no,,,,,,,,,,,,,,,,,everyone_toilet,佐賀県 みんなのトイレ,https://www.pref.saga.lg.jp/kiji00375898/index.html,2023-08-01,municipal:289,source_type=市町施設; toilet_type=車いす,
41,佐賀県,41206,武雄市,,大楠公園公衆便所,,,,武雄市若木町大字川古7895-1,,,,no,yes,,,,,,,yes,,no,no,,,,,,,,,,,,,,,,,everyone_toilet,佐賀県 みんなのトイレ,https://www.pref.saga.lg.jp/kiji00375898/index.html,2023-08-01,municipal:290,source_type=市町施設; toilet_type=車いす,
41,佐賀県,41206,武雄市,,白岩体育館,,,,武雄市武雄町大字武雄4814,,,,no,yes,,,,,,,no,,no,no,,,,,,,,,,,,,,,,,everyone_toilet,佐賀県 みんなのトイレ,https://www.pref.saga.lg.jp/kiji00375898/index.html,2023-08-01,municipal:291,source_type=市町施設; toilet_type=一般ﾄｲﾚ,
41,佐賀県,41206,武雄市,,武雄市文化会館,,,,武雄市武雄町大字武雄5538-1,,,,no,yes,,,,,,,yes,,no,no,,,,,,,,,,,,,,,,,everyone_toilet,佐賀県 みんなのトイレ,https://www.pref.saga.lg.jp/kiji00375898/index.html,2023-08-01,municipal:292,source_type=市町施設; toilet_type=車いす,
41,佐賀県,41206,武雄市,,武雄市北方保健ｾﾝﾀｰ,,,,武雄市北方町大字志久1674-2,,,,no,yes,,,,,,,no,,yes,no,,,,,,,,,,,,,,,,,everyone_toilet,佐賀県 みんなのトイレ,https://www.pref.saga.lg.jp/kiji00375898/index.html,2023-08-01,municipal:293,source_type=市町施設; toilet_type=車いす,
41,佐賀県,41206,武雄市,,武雄市図書館・歴史資料館,,,,武雄市武雄町大字武雄5304-1,,,,no,yes,,,,,,,no,,yes,no,,,,,,,,,,,,,,,,,everyone_toilet,佐賀県 みんなのトイレ,https://www.pref.saga.lg.jp/kiji00375898/index.html,2023-08-01,municipal:294,source_type=市町施設; toilet_type=車いす,
41,佐賀県,41206,武雄市,,武雄市役所山内保健ｾﾝﾀｰ,,,,武雄市山内町大字三間坂甲13887,,,,no,yes,,,,,,,no,,no,no,,,,,,,,,,,,,,,,,everyone_toilet,佐賀県 みんなのトイレ,https://www.pref.saga.lg.jp/kiji00375898/index.html,2023-08-01,municipal:295,source_type=市町施設; toilet_type=車いす,
41,佐賀県,41206,武雄市,,白岩球場公衆便所,,,,武雄市大字武雄4847番地2,,,,yes,yes,,,,,,,yes,,yes,yes,,,,,,,,,,,,,,,,,everyone_toilet,佐賀県 みんなのトイレ,https://www.pref.saga.lg.jp/kiji00375898/index.html,2023-08-01,municipal:296,source_type=市町施設; toilet_type=多機能,
41,佐賀県,41423,大町町,,大町町総合福祉保健ｾﾝﾀｰ（美郷）,,,,杵島郡大町町大字大町5000,,,,yes,yes,,,,,,,yes,,yes,no,,,,,,,,,,,,,,,,,everyone_toilet,佐賀県 みんなのトイレ,https://www.pref.saga.lg.jp/kiji00375898/index.html,2023-08-01,municipal:298,source_type=市町施設; toilet_type=多機能,
41,佐賀県,41424,江北町,,江北町役場,,,,杵島郡江北町大字山口1651-1,,,,no,yes,,,,,,,no,,yes,no,,,,,,,,,,,,,,,,,everyone_toilet,佐賀県 みんなのトイレ,https://www.pref.saga.lg.jp/kiji00375898/index.html,2023-08-01,municipal:301,source_type=市町施設; toilet_type=車いす,
41,佐賀県,41425,白石町,,白石町本庁舎,,,,杵島郡白石町大字福田1247-1,,,,yes,yes,,,,,,,yes,,yes,yes,,,,,,,,,,,,,,,,,everyone_toilet,佐賀県 みんなのトイレ,https://www.pref.saga.lg.jp/kiji00375898/index.html,2023-08-01,municipal:303,source_type=市町施設; toilet_type=多機能,
41,佐賀県,41425,白石町,,白石町福富ゆうあい館,,,,杵島郡白石町大字福富3535-1,,,,no,yes,,,,,,,no,,yes,no,,,,,,,,,,,,,,,,,everyone_toilet,佐賀県 みんなのトイレ,https://www.pref.saga.lg.jp/kiji00375898/index.html,2023-08-01,municipal:304,source_type=市町施設; toilet_type=車いす,
41,佐賀県,41425,白石町,,白石総合ｾﾝﾀｰ,,,,杵島郡白石町大字福田1312-1,,,,no,yes,,,,,,,no,,no,no,,,,,,,,,,,,,,,,,everyone_toilet,佐賀県 みんなのトイレ,https://www.pref.saga.lg.jp/kiji00375898/index.html,2023-08-01,municipal:305,source_type=市町施設; toilet_type=車いす,
41,佐賀県,41425,白石町,,白石町健康ｾﾝﾀｰ,,,,杵島郡白石町大字福田1312-1,,,,no,yes,,,,,,,no,,no,no,,,,,,,,,,,,,,,,,everyone_toilet,佐賀県 みんなのトイレ,https://www.pref.saga.lg.jp/kiji00375898/index.html,2023-08-01,municipal:306,source_type=市町施設; toilet_type=車いす,
41,佐賀県,41425,白石町,,白石町介護予防拠点施設 ひだまり館,,,,杵島郡白石町大字新明2804番地2,,,,no,yes,,,,,,,no,,yes,no,,,,,,,,,,,,,,,,,everyone_toilet,佐賀県 みんなのトイレ,https://www.pref.saga.lg.jp/kiji00375898/index.html,2023-08-01,municipal:307,source_type=市町施設; toilet_type=車いす,
41,佐賀県,41425,白石町,,白石町総合運動場,,,,杵島郡白石町大字福田1420,,,,yes,yes,,,,,,,yes,,yes,no,,,,,,,,,,,,,,,,,everyone_toilet,佐賀県 みんなのトイレ,https://www.pref.saga.lg.jp/kiji00375898/index.html,2023-08-01,municipal:308,source_type=市町施設; toilet_type=多機能,
41,佐賀県,41207,鹿島市,,鹿島市庁舎,,,,鹿島市大字納富分2643-1,,,,yes,yes,,,,,,,yes,,yes,no,,,,,,,,,,,,,,,,,everyone_toilet,佐賀県 みんなのトイレ,https://www.pref.saga.lg.jp/kiji00375898/index.html,2023-08-01,municipal:315,source_type=市町施設; toilet_type=多機能,
41,佐賀県,41207,鹿島市,,鹿島市民会館,,,,鹿島市大字納富分2643-1,,,,no,yes,,,,,,,no,,no,no,,,,,,,,,,,,,,,,,everyone_toilet,佐賀県 みんなのトイレ,https://www.pref.saga.lg.jp/kiji00375898/index.html,2023-08-01,municipal:316,source_type=市町施設; toilet_type=車いす,
41,佐賀県,41207,鹿島市,,鹿島市生涯学習ｾﾝﾀｰ・ｴｲﾌﾞﾙ,,,,鹿島市大字納富分2700-1,,,,yes,yes,,,,,,,yes,,yes,no,,,,,,,,,,,,,,,,,everyone_toilet,佐賀県 みんなのトイレ,https://www.pref.saga.lg.jp/kiji00375898/index.html,2023-08-01,municipal:317,source_type=市町施設; toilet_type=多機能,
41,佐賀県,41207,鹿島市,,西牟田公園,,,,鹿島市大字高津原5057,,,,no,yes,,,,,,,no,,yes,no,,,,,,,,,,,,,,,,,everyone_toilet,佐賀県 みんなのトイレ,https://www.pref.saga.lg.jp/kiji00375898/index.html,2023-08-01,municipal:318,source_type=市町施設; toilet_type=車いす,
41,佐賀県,41207,鹿島市,,鹿島市陸上競技場,,,,鹿島市大字納富分5900,,,,no,yes,,,,,,,no,,no,no,,,,,,,,,,,,,,,,,everyone_toilet,佐賀県 みんなのトイレ,https://www.pref.saga.lg.jp/kiji00375898/index.html,2023-08-01,municipal:319,source_type=市町施設; toilet_type=車いす,
41,佐賀県,41207,鹿島市,,市民球場 外野ｽﾀﾝﾄﾞ,,,,鹿島市大字納富分5900,,,,no,yes,,,,,,,no,,no,no,,,,,,,,,,,,,,,,,everyone_toilet,佐賀県 みんなのトイレ,https://www.pref.saga.lg.jp/kiji00375898/index.html,2023-08-01,municipal:320,source_type=市町施設; toilet_type=車いす,
41,佐賀県,41207,鹿島市,,鹿島市市民球場 内野ｽﾀﾝﾄﾞ,,,,鹿島市大字納富分5900,,,,no,yes,,,,,,,no,,no,no,,,,,,,,,,,,,,,,,everyone_toilet,佐賀県 みんなのトイレ,https://www.pref.saga.lg.jp/kiji00375898/index.html,2023-08-01,municipal:321,source_type=市町施設; toilet_type=車いす,
41,佐賀県,41207,鹿島市,,旭ヶ岡公園,,,,鹿島市大字高津原516,,,,no,yes,,,,,,,no,,yes,no,,,,,,,,,,,,,,,,,everyone_toilet,佐賀県 みんなのトイレ,https://www.pref.saga.lg.jp/kiji00375898/index.html,2023-08-01,municipal:322,source_type=市町施設; toilet_type=車いす,
41,佐賀県,41207,鹿島市,,中川公園,,,,鹿島市大字納富分2562,,,,no,yes,,,,,,,no,,yes,no,,,,,,,,,,,,,,,,,everyone_toilet,佐賀県 みんなのトイレ,https://www.pref.saga.lg.jp/kiji00375898/index.html,2023-08-01,municipal:323,source_type=市町施設; toilet_type=車いす,
41,佐賀県,41207,鹿島市,,北公園,,,,鹿島市大字高津原3820,,,,no,yes,,,,,,,no,,yes,no,,,,,,,,,,,,,,,,,everyone_toilet,佐賀県 みんなのトイレ,https://www.pref.saga.lg.jp/kiji00375898/index.html,2023-08-01,municipal:324,source_type=市町施設; toilet_type=車いす,
41,佐賀県,41207,鹿島市,,鹿島市観光ﾄｲﾚ(観光案内所),,,,鹿島市古枝甲1494-1,,,,no,yes,,,,,,,yes,,no,no,,,,,,,,,,,,,,,,,everyone_toilet,佐賀県 みんなのトイレ,https://www.pref.saga.lg.jp/kiji00375898/index.html,2023-08-01,municipal:325,source_type=市町施設; toilet_type=車いす,
41,佐賀県,41207,鹿島市,,鹿島市干潟展望館(道の駅鹿島),,,,鹿島市大字音成1922-19,,,,no,yes,,,,,,,no,,no,no,,,,,,,,,,,,,,,,,everyone_toilet,佐賀県 みんなのトイレ,https://www.pref.saga.lg.jp/kiji00375898/index.html,2023-08-01,municipal:326,source_type=市町施設; toilet_type=車いす,
41,佐賀県,41207,鹿島市,,やまびこ広場ﾄｲﾚ,,,,鹿島市大字山浦字大野丙3179,,,,no,yes,,,,,,,no,,yes,yes,,,,,,,,,,,,,,,,,everyone_toilet,佐賀県 みんなのトイレ,https://www.pref.saga.lg.jp/kiji00375898/index.html,2023-08-01,municipal:327,source_type=市町施設; toilet_type=車いす,
41,佐賀県,41207,鹿島市,,酒蔵通り小公園,,,,鹿島市浜町乙2430-1,,,,no,yes,,,,,,,no,,yes,no,,,,,,,,,,,,,,,,,everyone_toilet,佐賀県 みんなのトイレ,https://www.pref.saga.lg.jp/kiji00375898/index.html,2023-08-01,municipal:328,source_type=市町施設; toilet_type=車いす,
41,佐賀県,41207,鹿島市,,新町公衆便所,,,,鹿島市大字高津原3930-12,,,,yes,yes,,,,,,,yes,,yes,yes,,,,,,,,,,,,,,,,,everyone_toilet,佐賀県 みんなのトイレ,https://www.pref.saga.lg.jp/kiji00375898/index.html,2023-08-01,municipal:329,source_type=市町施設; toilet_type=多機能,
41,佐賀県,41441,太良町,,町立太良病院,,,,藤津郡太良町大字多良1520-12,,,,no,yes,,,,,,,no,,yes,no,,,,,,,,,,,,,,,,,everyone_toilet,佐賀県 みんなのトイレ,https://www.pref.saga.lg.jp/kiji00375898/index.html,2023-08-01,municipal:330,source_type=市町施設; toilet_type=車いす,
41,佐賀県,41441,太良町,,太良町総合福祉保健ｾﾝﾀｰ しおさい館,,,,藤津郡太良町大字多良1番地17,,,,yes,yes,,,,,,,yes,,yes,no,,,,,,,,,,,,,,,,,everyone_toilet,佐賀県 みんなのトイレ,https://www.pref.saga.lg.jp/kiji00375898/index.html,2023-08-01,municipal:331,source_type=市町施設; toilet_type=多機能,
41,佐賀県,41441,太良町,,赤松橋公園,,,,藤津郡太良町大字多良8339-26,,,,no,yes,,,,,,,no,,no,no,,,,,,,,,,,,,,,,,everyone_toilet,佐賀県 みんなのトイレ,https://www.pref.saga.lg.jp/kiji00375898/index.html,2023-08-01,municipal:332,source_type=市町施設; toilet_type=車いす,
41,佐賀県,41441,太良町,,太良町民体育ｾﾝﾀｰ,,,,藤津郡太良町大字大浦丁331-1,,,,no,yes,,,,,,,no,,yes,no,,,,,,,,,,,,,,,,,everyone_toilet,佐賀県 みんなのトイレ,https://www.pref.saga.lg.jp/kiji00375898/index.html,2023-08-01,municipal:333,source_type=市町施設; toilet_type=一般ﾄｲﾚ,
41,佐賀県,41441,太良町,,太良町立町営野球場,,,,藤津郡太良町大字多良1849-7,,,,no,yes,,,,,,,no,,yes,no,,,,,,,,,,,,,,,,,everyone_toilet,佐賀県 みんなのトイレ,https://www.pref.saga.lg.jp/kiji00375898/index.html,2023-08-01,municipal:334,source_type=市町施設; toilet_type=一般ﾄｲﾚ,
41,佐賀県,41441,太良町,,道越環境広場,,,,藤津郡太良町大字大浦丙976-22,,,,no,yes,,,,,,,no,,yes,no,,,,,,,,,,,,,,,,,everyone_toilet,佐賀県 みんなのトイレ,https://www.pref.saga.lg.jp/kiji00375898/index.html,2023-08-01,municipal:335,source_type=市町施設; toilet_type=一般ﾄｲﾚ,
41,佐賀県,41208,小城市,,小城保健福祉ｾﾝﾀｰ 桜楽館,,,,小城市小城町畑田750,,,,no,yes,,,,,,,yes,,no,no,,,,,,,,,,,,,,,,,everyone_toilet,佐賀県 みんなのトイレ,https://www.pref.saga.lg.jp/kiji00375898/index.html,2023-08-01,municipal:336,source_type=市町施設; toilet_type=車いす,
41,佐賀県,41208,小城市,,小城市牛津保健福祉ｾﾝﾀｰ ｱｲﾙ,,,,小城市牛津町勝1221-1,,,,no,yes,,,,,,,yes,,no,no,,,,,,,,,,,,,,,,,everyone_toilet,佐賀県 みんなのトイレ,https://www.pref.saga.lg.jp/kiji00375898/index.html,2023-08-01,municipal:337,source_type=市町施設; toilet_type=車いす,
41,佐賀県,41208,小城市,,小城体育センター,,,,小城市小城町畑田298-1,,,,no,yes,,,,,,,no,,no,no,,,,,,,,,,,,,,,,,everyone_toilet,佐賀県 みんなのトイレ,https://www.pref.saga.lg.jp/kiji00375898/index.html,2023-08-01,municipal:338,source_type=市町施設; toilet_type=車いす,
41,佐賀県,41208,小城市,,小城市児童センター,,,,小城市三日月町長神田1821-1,,,,yes,yes,,,,,,,no,,yes,yes,,,,,,,,,,,,,,,,,everyone_toilet,佐賀県 みんなのトイレ,https://www.pref.saga.lg.jp/kiji00375898/index.html,2023-08-01,municipal:339,source_type=市町施設; toilet_type=多機能,
41,佐賀県,41208,小城市,,小城市役所,,,,小城市三日月町長神田2312番地2,,,,yes,yes,,,,,,,yes,,yes,no,,,,,,,,,,,,,,,,,everyone_toilet,佐賀県 みんなのトイレ,https://www.pref.saga.lg.jp/kiji00375898/index.html,2023-08-01,municipal:340,source_type=市町施設; toilet_type=多機能,
41,佐賀県,41208,小城市,,牛津総合公園,,,,小城市牛津町勝1136-1,,,,no,yes,,,,,,,no,,yes,no,,,,,,,,,,,,,,,,,everyone_toilet,佐賀県 みんなのトイレ,https://www.pref.saga.lg.jp/kiji00375898/index.html,2023-08-01,municipal:341,source_type=市町施設; toilet_type=車いす,
41,佐賀県,41208,小城市,,三日月体育館,,,,小城市三日月町長神田1848-9,,,,no,yes,,,,,,,no,,no,no,,,,,,,,,,,,,,,,,everyone_toilet,佐賀県 みんなのトイレ,https://www.pref.saga.lg.jp/kiji00375898/index.html,2023-08-01,municipal:342,source_type=市町施設; toilet_type=車いす,
41,佐賀県,41208,小城市,,牛津体育ｾﾝﾀｰ,,,,小城市牛津町柿樋瀬11002,,,,no,yes,,,,,,,no,,no,no,,,,,,,,,,,,,,,,,everyone_toilet,佐賀県 みんなのトイレ,https://www.pref.saga.lg.jp/kiji00375898/index.html,2023-08-01,municipal:343,source_type=市町施設; toilet_type=車いす,
41,佐賀県,41208,小城市,,芦刈文化体育館,,,,小城市芦刈町三王崎172-1,,,,no,yes,,,,,,,no,,yes,no,,,,,,,,,,,,,,,,,everyone_toilet,佐賀県 みんなのトイレ,https://www.pref.saga.lg.jp/kiji00375898/index.html,2023-08-01,municipal:344,source_type=市町施設; toilet_type=車いす,
41,佐賀県,41208,小城市,,津の里ひろば,,,,小城市牛津町柿樋瀬1114-17,,,,no,yes,,,,,,,no,,yes,no,,,,,,,,,,,,,,,,,everyone_toilet,佐賀県 みんなのトイレ,https://www.pref.saga.lg.jp/kiji00375898/index.html,2023-08-01,municipal:345,source_type=市町施設; toilet_type=車いす,
41,佐賀県,41208,小城市,,小城市芦刈地域交流ｾﾝﾀｰ あしぱる,,,,小城市芦刈町三王崎349,,,,yes,yes,,,,,,,yes,,yes,yes,,,,,,,,,,,,,,,,,everyone_toilet,佐賀県 みんなのトイレ,https://www.pref.saga.lg.jp/kiji00375898/index.html,2023-08-01,municipal:346,source_type=市町施設; toilet_type=多機能,
41,佐賀県,41208,小城市,,小城市牛津公民館,,,,小城市牛津町勝1324-1,,,,no,yes,,,,,,,no,,yes,no,,,,,,,,,,,,,,,,,everyone_toilet,佐賀県 みんなのトイレ,https://www.pref.saga.lg.jp/kiji00375898/index.html,2023-08-01,municipal:347,source_type=市町施設; toilet_type=車いす,
41,佐賀県,41208,小城市,,牛津赤れんが館 駐車場ﾄｲﾚ,,,,小城市牛津町586,,,,no,yes,,,,,,,no,,yes,no,,,,,,,,,,,,,,,,,everyone_toilet,佐賀県 みんなのトイレ,https://www.pref.saga.lg.jp/kiji00375898/index.html,2023-08-01,municipal:348,source_type=市町施設; toilet_type=車いす,
41,佐賀県,41208,小城市,,桜城館,,,,小城市小城町158-4,,,,no,yes,,,,,,,no,,yes,yes,,,,,,,,,,,,,,,,,everyone_toilet,佐賀県 みんなのトイレ,https://www.pref.saga.lg.jp/kiji00375898/index.html,2023-08-01,municipal:349,source_type=市町施設; toilet_type=車いす,
41,佐賀県,41208,小城市,,小城市生涯学習ｾﾝﾀｰ「ﾄﾞｩｲﾝｸﾞ三日月」,,,,小城市三日月町長神田1845番地,,,,no,yes,,,,,,,no,,yes,no,,,,,,,,,,,,,,,,,everyone_toilet,佐賀県 みんなのトイレ,https://www.pref.saga.lg.jp/kiji00375898/index.html,2023-08-01,municipal:350,source_type=市町施設; toilet_type=車いす,
41,佐賀県,41209,嬉野市,,嬉野市役所塩田庁舎,,,,嬉野市塩田町大字馬場下甲1769,,,,no,yes,,,,,,,no,,yes,no,,,,,,,,,,,,,,,,,everyone_toilet,佐賀県 みんなのトイレ,https://www.pref.saga.lg.jp/kiji00375898/index.html,2023-08-01,municipal:357,source_type=市町施設; toilet_type=車いす,
41,佐賀県,41209,嬉野市,,嬉野市役所嬉野庁舎,,,,嬉野市嬉野町大字下宿乙1185,,,,no,yes,,,,,,,no,,yes,no,,,,,,,,,,,,,,,,,everyone_toilet,佐賀県 みんなのトイレ,https://www.pref.saga.lg.jp/kiji00375898/index.html,2023-08-01,municipal:358,source_type=市町施設; toilet_type=車いす,
41,佐賀県,41209,嬉野市,,嬉野市塩田老人福祉ｾﾝﾀｰ,,,,嬉野市塩田町大字馬場下甲1967,,,,no,yes,,,,,,,no,,no,no,,,,,,,,,,,,,,,,,everyone_toilet,佐賀県 みんなのトイレ,https://www.pref.saga.lg.jp/kiji00375898/index.html,2023-08-01,municipal:359,source_type=市町施設; toilet_type=一般ﾄｲﾚ,
41,佐賀県,41209,嬉野市,,嬉野市公会堂,,,,嬉野市嬉野町大字下宿乙1297,,,,no,yes,,,,,,,yes,,no,no,,,,,,,,,,,,,,,,,everyone_toilet,佐賀県 みんなのトイレ,https://www.pref.saga.lg.jp/kiji00375898/index.html,2023-08-01,municipal:360,source_type=市町施設; toilet_type=車いす,
41,佐賀県,41209,嬉野市,,嬉野温泉公園,,,,嬉野市嬉野町大字下野甲12-1,,,,yes,yes,,,,,,,yes,,yes,no,,,,,,,,,,,,,,,,,everyone_toilet,佐賀県 みんなのトイレ,https://www.pref.saga.lg.jp/kiji00375898/index.html,2023-08-01,municipal:361,source_type=市町施設; toilet_type=多機能,
41,佐賀県,41209,嬉野市,,嬉野市総合運動公園 御幸公園,,,,嬉野市嬉野町大字下宿甲2934,,,,yes,yes,,,,,,,yes,,yes,no,,,,,,,,,,,,,,,,,everyone_toilet,佐賀県 みんなのトイレ,https://www.pref.saga.lg.jp/kiji00375898/index.html,2023-08-01,municipal:362,source_type=市町施設; toilet_type=多機能,
41,佐賀県,41209,嬉野市,,嬉野市総合運動公園 みゆき球場,,,,嬉野市嬉野町大字下宿甲2834,,,,yes,yes,,,,,,,yes,,yes,no,,,,,,,,,,,,,,,,,everyone_toilet,佐賀県 みんなのトイレ,https://www.pref.saga.lg.jp/kiji00375898/index.html,2023-08-01,municipal:363,source_type=市町施設; toilet_type=多機能,
41,佐賀県,41209,嬉野市,,嬉野市営嬉野温泉公衆浴場ｼｰﾎﾞﾙﾄの湯,,,,嬉野市嬉野町大字下宿乙818-2,,,,no,yes,,,,,,,yes,,no,yes,,,,,,,,,,,,,,,,,everyone_toilet,佐賀県 みんなのトイレ,https://www.pref.saga.lg.jp/kiji00375898/index.html,2023-08-01,municipal:364,source_type=市町施設; toilet_type=車いす,
41,佐賀県,41209,嬉野市,,大茶樹公衆便所,,,,嬉野市嬉野町大字不動山乙2491-1,,,,no,yes,,,,,,,no,,no,no,,,,,,,,,,,,,,,,,everyone_toilet,佐賀県 みんなのトイレ,https://www.pref.saga.lg.jp/kiji00375898/index.html,2023-08-01,municipal:365,source_type=市町施設; toilet_type=車いす,
41,佐賀県,41209,嬉野市,,豊玉姫神社公衆便所,,,,嬉野市嬉野町大字下宿乙2231-2,,,,no,yes,,,,,,,no,,yes,yes,,,,,,,,,,,,,,,,,everyone_toilet,佐賀県 みんなのトイレ,https://www.pref.saga.lg.jp/kiji00375898/index.html,2023-08-01,municipal:366,source_type=市町施設; toilet_type=車いす,
41,佐賀県,41209,嬉野市,,嬉野市塩田津町並み交流集会,,,,嬉野市塩田町大字馬場下甲694,,,,no,yes,,,,,,,no,,yes,no,,,,,,,,,,,,,,,,,everyone_toilet,佐賀県 みんなのトイレ,https://www.pref.saga.lg.jp/kiji00375898/index.html,2023-08-01,municipal:367,source_type=市町施設; toilet_type=車いす,
41,佐賀県,41209,嬉野市,,茶楽里,,,,嬉野市嬉野町大字不動山甲8-6,,,,no,yes,,,,,,,no,,yes,no,,,,,,,,,,,,,,,,,everyone_toilet,佐賀県 みんなのトイレ,https://www.pref.saga.lg.jp/kiji00375898/index.html,2023-08-01,municipal:368,source_type=市町施設; toilet_type=車いす,
41,佐賀県,41209,嬉野市,,嬉野ｺﾐｭﾆﾃｨ-ｾﾝﾀｰ 楠風館,,,,嬉野市塩田町大字五町田甲3136-1,,,,no,yes,,,,,,,no,,no,no,,,,,,,,,,,,,,,,,everyone_toilet,佐賀県 みんなのトイレ,https://www.pref.saga.lg.jp/kiji00375898/index.html,2023-08-01,municipal:369,source_type=市町施設; toilet_type=車いす,
41,佐賀県,41209,嬉野市,,器楽里（きらり）公衆便所・休憩所,,,,嬉野市嬉野町大字吉田丁5190-1,,,,no,yes,,,,,,,no,,yes,no,,,,,,,,,,,,,,,,,everyone_toilet,佐賀県 みんなのトイレ,https://www.pref.saga.lg.jp/kiji00375898/index.html,2023-08-01,municipal:370,source_type=市町施設; toilet_type=一般ﾄｲﾚ,
41,佐賀県,41209,嬉野市,,嬉野市体育館,,,,嬉野市嬉野町大字下宿乙1541,,,,yes,yes,,,,,,,yes,,yes,no,,,,,,,,,,,,,,,,,everyone_toilet,佐賀県 みんなのトイレ,https://www.pref.saga.lg.jp/kiji00375898/index.html,2023-08-01,municipal:371,source_type=市町施設; toilet_type=多機能,
41,佐賀県,41210,神埼市,,神埼中央公園体育館,,,,神埼市神埼町鶴3886,,,,no,yes,,,,,,,yes,,no,no,,,,,,,,,,,,,,,,,everyone_toilet,佐賀県 みんなのトイレ,https://www.pref.saga.lg.jp/kiji00375898/index.html,2023-08-01,municipal:372,source_type=市町施設; toilet_type=車いす,
41,佐賀県,41210,神埼市,,神埼市中央公民館,,,,神埼市神埼町鶴3388-5,,,,yes,yes,,,,,,,yes,,yes,no,,,,,,,,,,,,,,,,,everyone_toilet,佐賀県 みんなのトイレ,https://www.pref.saga.lg.jp/kiji00375898/index.html,2023-08-01,municipal:373,source_type=市町施設; toilet_type=多機能,
41,佐賀県,41210,神埼市,,千代田町福祉ｾﾝﾀｰ,,,,神埼市千代田町直鳥142,,,,no,yes,,,,,,,no,,no,no,,,,,,,,,,,,,,,,,everyone_toilet,佐賀県 みんなのトイレ,https://www.pref.saga.lg.jp/kiji00375898/index.html,2023-08-01,municipal:374,source_type=市町施設; toilet_type=車いす,
41,佐賀県,41210,神埼市,,千代田町保健ｾﾝﾀｰ,,,,神埼市千代田町直鳥57-1,,,,yes,yes,,,,,,,yes,,yes,no,,,,,,,,,,,,,,,,,everyone_toilet,佐賀県 みんなのトイレ,https://www.pref.saga.lg.jp/kiji00375898/index.html,2023-08-01,municipal:375,source_type=市町施設; toilet_type=多機能,
41,佐賀県,41210,神埼市,,神埼市役所千代田総合支所,,,,神埼市千代田町直鳥166番地2,,,,no,yes,,,,,,,no,,no,no,,,,,,,,,,,,,,,,,everyone_toilet,佐賀県 みんなのトイレ,https://www.pref.saga.lg.jp/kiji00375898/index.html,2023-08-01,municipal:376,source_type=市町施設; toilet_type=車いす,
41,佐賀県,41210,神埼市,,神埼市役所本庁南新館,,,,神埼市神埼町神埼410,,,,no,yes,,,,,,,no,,yes,no,,,,,,,,,,,,,,,,,everyone_toilet,佐賀県 みんなのトイレ,https://www.pref.saga.lg.jp/kiji00375898/index.html,2023-08-01,municipal:377,source_type=市町施設; toilet_type=車いす,
41,佐賀県,41210,神埼市,,仁比山公園,,,,神埼市神埼町城原的,,,,no,yes,,,,,,,no,,yes,no,,,,,,,,,,,,,,,,,everyone_toilet,佐賀県 みんなのトイレ,https://www.pref.saga.lg.jp/kiji00375898/index.html,2023-08-01,municipal:378,source_type=市町施設; toilet_type=車いす,
41,佐賀県,41327,吉野ヶ里町,,吉野ヶ里町役場 三田川庁舎,,,,神埼郡吉野ヶ里町吉田321-2,,,,no,yes,,,,,,,no,,yes,no,,,,,,,,,,,,,,,,,everyone_toilet,佐賀県 みんなのトイレ,https://www.pref.saga.lg.jp/kiji00375898/index.html,2023-08-01,municipal:379,source_type=市町施設; toilet_type=車いす,
41,佐賀県,41327,吉野ヶ里町,,吉野ヶ里町三田川健康福祉ｾﾝﾀｰ ふれあい館,,,,吉野ヶ里町豆田1790,,,,no,yes,,,,,,,no,,no,no,,,,,,,,,,,,,,,,,everyone_toilet,佐賀県 みんなのトイレ,https://www.pref.saga.lg.jp/kiji00375898/index.html,2023-08-01,municipal:382,source_type=市町施設; toilet_type=車いす,
41,佐賀県,41327,吉野ヶ里町,,吉野ヶ里町東脊振健康福祉ｾﾝﾀｰ きらら館,,,,神埼郡吉野ヶ里町三津775,,,,no,yes,,,,,,,no,,yes,no,,,,,,,,,,,,,,,,,everyone_toilet,佐賀県 みんなのトイレ,https://www.pref.saga.lg.jp/kiji00375898/index.html,2023-08-01,municipal:384,source_type=市町施設; toilet_type=車いす,
41,佐賀県,41327,吉野ヶ里町,,吉野ヶ里町三田川児童館,,,,神埼郡吉野ヶ里町吉田58-1,,,,no,yes,,,,,,,yes,,no,no,,,,,,,,,,,,,,,,,everyone_toilet,佐賀県 みんなのトイレ,https://www.pref.saga.lg.jp/kiji00375898/index.html,2023-08-01,municipal:386,source_type=市町施設; toilet_type=車いす,
41,佐賀県,41201,佐賀市,,佐賀県庁 新行政棟,,,,佐賀市城内1-1-59,,,,yes,yes,,,,,,,yes,,yes,no,,,,,,,,,,,,,,,,,everyone_toilet,佐賀県 みんなのトイレ,https://www.pref.saga.lg.jp/kiji00375898/index.html,2023-08-01,prefectural:7,source_type=県有施設; toilet_type=多機能,
41,佐賀県,41201,佐賀市,,佐賀県難病相談・支援ｾﾝﾀｰ,,,,佐賀市神野東二丁目6番10号,,,,yes,yes,,,,,,,yes,,yes,no,,,,,,,,,,,,,,,,,everyone_toilet,佐賀県 みんなのトイレ,https://www.pref.saga.lg.jp/kiji00375898/index.html,2023-08-01,prefectural:8,source_type=県有施設; toilet_type=多機能,
41,佐賀県,41201,佐賀市,,佐賀県立佐賀城本丸歴史館,,,,佐賀市城内2-18-1,,,,yes,yes,,,,,,,yes,,yes,no,,,,,,,,,,,,,,,,,everyone_toilet,佐賀県 みんなのトイレ,https://www.pref.saga.lg.jp/kiji00375898/index.html,2023-08-01,prefectural:9,source_type=県有施設; toilet_type=多機能,
41,佐賀県,41201,佐賀市,,佐賀県立図書館,,,,佐賀市城内二丁目1-41,,,,no,yes,,,,,,,no,,yes,yes,,,,,,,,,,,,,,,,,everyone_toilet,佐賀県 みんなのトイレ,https://www.pref.saga.lg.jp/kiji00375898/index.html,2023-08-01,prefectural:10,source_type=県有施設; toilet_type=車いす,
41,佐賀県,41201,佐賀市,,平成子ども記念の森 学習館,,,,佐賀市大和町大字川上3408,,,,no,yes,,,,,,,no,,yes,no,,,,,,,,,,,,,,,,,everyone_toilet,佐賀県 みんなのトイレ,https://www.pref.saga.lg.jp/kiji00375898/index.html,2023-08-01,prefectural:11,source_type=県有施設; toilet_type=車いす,
41,佐賀県,41201,佐賀市,,自治修習所 宿泊棟,,,,佐賀市大和町大字川上,,,,no,yes,,,,,,,no,,no,no,,,,,,,,,,,,,,,,,everyone_toilet,佐賀県 みんなのトイレ,https://www.pref.saga.lg.jp/kiji00375898/index.html,2023-08-01,prefectural:12,source_type=県有施設; toilet_type=車いす,
41,佐賀県,41201,佐賀市,,佐賀県立博物館,,,,佐賀市城内一丁目15-23,,,,no,yes,,,,,,,no,,no,no,,,,,,,,,,,,,,,,,everyone_toilet,佐賀県 みんなのトイレ,https://www.pref.saga.lg.jp/kiji00375898/index.html,2023-08-01,prefectural:13,source_type=県有施設; toilet_type=車いす,
41,佐賀県,41201,佐賀市,,佐賀県立美術館,,,,佐賀市城内一丁目15-23,,,,no,yes,,,,,,,no,,yes,no,,,,,,,,,,,,,,,,,everyone_toilet,佐賀県 みんなのトイレ,https://www.pref.saga.lg.jp/kiji00375898/index.html,2023-08-01,prefectural:14,source_type=県有施設; toilet_type=車いす,
41,佐賀県,41201,佐賀市,,佐賀総合庁舎,,,,佐賀市八丁畷町8-1,,,,no,yes,,,,,,,no,,yes,yes,,,,,,,,,,,,,,,,,everyone_toilet,佐賀県 みんなのトイレ,https://www.pref.saga.lg.jp/kiji00375898/index.html,2023-08-01,prefectural:15,source_type=県有施設; toilet_type=車いす,
41,佐賀県,41201,佐賀市,,佐賀県長寿ｾﾝﾀｰはればれ,,,,佐賀市神野東二丁目3番33号,,,,no,yes,,,,,,,no,,no,no,,,,,,,,,,,,,,,,,everyone_toilet,佐賀県 みんなのトイレ,https://www.pref.saga.lg.jp/kiji00375898/index.html,2023-08-01,prefectural:16,source_type=県有施設; toilet_type=車いす,
41,佐賀県,41201,佐賀市,,障害者福祉会館,,,,佐賀市天祐1-8-5,,,,yes,yes,,,,,,,yes,,yes,no,,,,,,,,,,,,,,,,,everyone_toilet,佐賀県 みんなのトイレ,https://www.pref.saga.lg.jp/kiji00375898/index.html,2023-08-01,prefectural:17,source_type=県有施設; toilet_type=多機能,
41,佐賀県,41201,佐賀市,,勤労身体障害者教養文化体育館,,,,佐賀市天祐1-8-5,,,,no,yes,,,,,,,yes,,no,no,,,,,,,,,,,,,,,,,everyone_toilet,佐賀県 みんなのトイレ,https://www.pref.saga.lg.jp/kiji00375898/index.html,2023-08-01,prefectural:18,source_type=県有施設; toilet_type=車いす,
41,佐賀県,41201,佐賀市,,佐賀県警察本部 本館,,,,佐賀市松原１丁目1-16,,,,no,yes,,,,,,,no,,no,no,,,,,,,,,,,,,,,,,everyone_toilet,佐賀県 みんなのトイレ,https://www.pref.saga.lg.jp/kiji00375898/index.html,2023-08-01,prefectural:19,source_type=県有施設; toilet_type=車いす,
41,佐賀県,41201,佐賀市,,佐賀県警察本部 運転免許ｾﾝﾀｰ,,,,佐賀市久保泉町大字川久保2121-26,,,,no,yes,,,,,,,no,,no,no,,,,,,,,,,,,,,,,,everyone_toilet,佐賀県 みんなのトイレ,https://www.pref.saga.lg.jp/kiji00375898/index.html,2023-08-01,prefectural:20,source_type=県有施設; toilet_type=車いす,
41,佐賀県,41201,佐賀市,,佐賀県警察本部 運転免許試験場,,,,佐賀市久保泉町大字川久保2269,,,,no,yes,,,,,,,no,,no,no,,,,,,,,,,,,,,,,,everyone_toilet,佐賀県 みんなのトイレ,https://www.pref.saga.lg.jp/kiji00375898/index.html,2023-08-01,prefectural:21,source_type=県有施設; toilet_type=車いす,
41,佐賀県,41201,佐賀市,,佐賀土木事務所,,,,佐賀市八戸2-2-67,,,,no,yes,,,,,,,no,,no,no,,,,,,,,,,,,,,,,,everyone_toilet,佐賀県 みんなのトイレ,https://www.pref.saga.lg.jp/kiji00375898/index.html,2023-08-01,prefectural:22,source_type=県有施設; toilet_type=車いす,
41,佐賀県,41201,佐賀市,,佐賀県立男女共同参画ｾﾝﾀｰ（ｱﾊﾞﾝｾ）,,,,佐賀市天神3-2-11,,,,no,yes,,,,,,,yes,,no,yes,,,,,,,,,,,,,,,,,everyone_toilet,佐賀県 みんなのトイレ,https://www.pref.saga.lg.jp/kiji00375898/index.html,2023-08-01,prefectural:23,source_type=県有施設; toilet_type=車いす,
41,佐賀県,41201,佐賀市,,佐賀中部保健福祉事務所,,,,佐賀市八丁畷1-20,,,,no,yes,,,,,,,no,,yes,no,,,,,,,,,,,,,,,,,everyone_toilet,佐賀県 みんなのトイレ,https://www.pref.saga.lg.jp/kiji00375898/index.html,2023-08-01,prefectural:24,source_type=県有施設; toilet_type=車いす,
41,佐賀県,41201,佐賀市,,有明佐賀空港,,,,佐賀市川副町犬井道9476-187,,,,yes,yes,,,,,,,yes,,yes,no,,,,,,,,,,,,,,,,,everyone_toilet,佐賀県 みんなのトイレ,https://www.pref.saga.lg.jp/kiji00375898/index.html,2023-08-01,prefectural:25,source_type=県有施設; toilet_type=多機能,
41,佐賀県,41201,佐賀市,,多目的広場,,,,佐賀市川副町犬井道地内（佐賀空港東側）,,,,no,yes,,,,,,,no,,yes,yes,,,,,,,,,,,,,,,,,everyone_toilet,佐賀県 みんなのトイレ,https://www.pref.saga.lg.jp/kiji00375898/index.html,2023-08-01,prefectural:26,source_type=県有施設; toilet_type=車いす,
41,佐賀県,41201,佐賀市,,空港公園,,,,佐賀市川副町犬井道地内（佐賀空港東側）,,,,yes,yes,,,,,,,yes,,yes,no,,,,,,,,,,,,,,,,,everyone_toilet,佐賀県 みんなのトイレ,https://www.pref.saga.lg.jp/kiji00375898/index.html,2023-08-01,prefectural:27,source_type=県有施設; toilet_type=多機能,
41,佐賀県,41201,佐賀市,,佐賀県立森林公園みどりの森県営球場,,,,佐賀市久保田町徳万1897,,,,yes,yes,,,,,,,yes,,yes,no,,,,,,,,,,,,,,,,,everyone_toilet,佐賀県 みんなのトイレ,https://www.pref.saga.lg.jp/kiji00375898/index.html,2023-08-01,prefectural:28,source_type=県有施設; toilet_type=多機能,
41,佐賀県,41201,佐賀市,,佐賀県立森林公園内ﾄｲﾚ,,,,佐賀市久保田町徳万1897,,,,yes,yes,,,,,,,yes,,yes,yes,,,,,,,,,,,,,,,,,everyone_toilet,佐賀県 みんなのトイレ,https://www.pref.saga.lg.jp/kiji00375898/index.html,2023-08-01,prefectural:29,source_type=県有施設; toilet_type=多機能,
41,佐賀県,41201,佐賀市,,さが21世紀県民の森（総合案内所横）,,,,佐賀市富士町藤瀬724-4,,,,no,yes,,,,,,,no,,yes,no,,,,,,,,,,,,,,,,,everyone_toilet,佐賀県 みんなのトイレ,https://www.pref.saga.lg.jp/kiji00375898/index.html,2023-08-01,prefectural:30,source_type=県有施設; toilet_type=車いす,
41,佐賀県,41201,佐賀市,,佐賀県立総合看護学院,,,,佐賀市兵庫南3-7-17,,,,no,yes,,,,,,,no,,no,no,,,,,,,,,,,,,,,,,everyone_toilet,佐賀県 みんなのトイレ,https://www.pref.saga.lg.jp/kiji00375898/index.html,2023-08-01,prefectural:31,source_type=県有施設; toilet_type=車いす,
41,佐賀県,41201,佐賀市,,三瀬ﾄﾝﾈﾙ有料道路,,,,佐賀市三瀬村三瀬1665-3,,,,no,yes,,,,,,,no,,no,no,,,,,,,,,,,,,,,,,everyone_toilet,佐賀県 みんなのトイレ,https://www.pref.saga.lg.jp/kiji00375898/index.html,2023-08-01,prefectural:32,source_type=県有施設; toilet_type=車いす,
41,佐賀県,41201,佐賀市,,佐賀県警察本部交通部交通機動隊,,,,佐賀市久保泉町大字川久保2121-47,,,,no,yes,,,,,,,no,,no,no,,,,,,,,,,,,,,,,,everyone_toilet,佐賀県 みんなのトイレ,https://www.pref.saga.lg.jp/kiji00375898/index.html,2023-08-01,prefectural:33,source_type=県有施設; toilet_type=車いす,
41,佐賀県,41201,佐賀市,,さが21世紀県民の森（第2ｻｲｸﾙｽﾃｰｼｮﾝ）,,,,佐賀市富士町大字関屋385-1,,,,yes,yes,,,,,,,yes,,yes,no,,,,,,,,,,,,,,,,,everyone_toilet,佐賀県 みんなのトイレ,https://www.pref.saga.lg.jp/kiji00375898/index.html,2023-08-01,prefectural:34,source_type=県有施設; toilet_type=多機能,
41,佐賀県,41201,佐賀市,,佐賀県立地域生活ﾘﾊﾋﾞﾘｾﾝﾀｰ,,,,佐賀市神野東2-6-10（佐賀駅北館1F）,,,,no,yes,,,,,,,yes,,no,no,,,,,,,,,,,,,,,,,everyone_toilet,佐賀県 みんなのトイレ,https://www.pref.saga.lg.jp/kiji00375898/index.html,2023-08-01,prefectural:35,source_type=県有施設; toilet_type=車いす,
41,佐賀県,41201,佐賀市,,佐賀母子福祉ｾﾝﾀｰ,,,,佐賀市神野東2-6-10（佐賀駅北館2･3F）,,,,no,yes,,,,,,,yes,,no,no,,,,,,,,,,,,,,,,,everyone_toilet,佐賀県 みんなのトイレ,https://www.pref.saga.lg.jp/kiji00375898/index.html,2023-08-01,prefectural:36,source_type=県有施設; toilet_type=車いす,
41,佐賀県,41201,佐賀市,,森林学習展示館,,,,佐賀市富士町古湯1148-1,,,,yes,yes,,,,,,,yes,,yes,yes,,,,,,,,,,,,,,,,,everyone_toilet,佐賀県 みんなのトイレ,https://www.pref.saga.lg.jp/kiji00375898/index.html,2023-08-01,prefectural:37,source_type=県有施設; toilet_type=多機能,
41,佐賀県,41201,佐賀市,,佐賀県農業大学校,,,,佐賀市川副町南里1088,,,,no,yes,,,,,,,no,,yes,no,,,,,,,,,,,,,,,,,everyone_toilet,佐賀県 みんなのトイレ,https://www.pref.saga.lg.jp/kiji00375898/index.html,2023-08-01,prefectural:38,source_type=県有施設; toilet_type=車いす,
41,佐賀県,41201,佐賀市,,しゃぼん玉公園ﾄｲﾚ,,,,佐賀市城内1丁目,,,,yes,yes,,,,,,,yes,,yes,no,,,,,,,,,,,,,,,,,everyone_toilet,佐賀県 みんなのトイレ,https://www.pref.saga.lg.jp/kiji00375898/index.html,2023-08-01,prefectural:39,source_type=県有施設; toilet_type=多機能,
41,佐賀県,41201,佐賀市,,佐城農業改良普及センター,,,,佐賀市川副町南里1088,,,,yes,yes,,,,,,,yes,,yes,no,,,,,,,,,,,,,,,,,everyone_toilet,佐賀県 みんなのトイレ,https://www.pref.saga.lg.jp/kiji00375898/index.html,2023-08-01,prefectural:40,source_type=県有施設; toilet_type=多機能,
41,佐賀県,41201,佐賀市,,佐賀県消防学校,,,,佐賀市兵庫町瓦435-1,,,,yes,yes,,,,,,,yes,,yes,no,,,,,,,,,,,,,,,,,everyone_toilet,佐賀県 みんなのトイレ,https://www.pref.saga.lg.jp/kiji00375898/index.html,2023-08-01,prefectural:41,source_type=県有施設; toilet_type=多機能,
41,佐賀県,41201,佐賀市,,国土交通省 佐賀国道事務所,,,,佐賀市新中町5-10,,,,no,yes,,,,,,,yes,,,,,,,,,,,,,,,,,,,,everyone_toilet,佐賀県 みんなのトイレ,https://www.pref.saga.lg.jp/kiji00375898/index.html,2023-08-01,prefectural:42,source_type=県有施設; toilet_type=車いす,
41,佐賀県,41202,唐津市,,佐賀県立名護屋城博物館,,,,唐津市鎮西町名護屋1931-3,,,,yes,yes,,,,,,,yes,,yes,no,,,,,,,,,,,,,,,,,everyone_toilet,佐賀県 みんなのトイレ,https://www.pref.saga.lg.jp/kiji00375898/index.html,2023-08-01,prefectural:43,source_type=県有施設; toilet_type=多機能,
41,佐賀県,41202,唐津市,,唐津総合庁舎,,,,唐津市二夕子3-1-5,,,,yes,yes,,,,,,,yes,,yes,no,,,,,,,,,,,,,,,,,everyone_toilet,佐賀県 みんなのトイレ,https://www.pref.saga.lg.jp/kiji00375898/index.html,2023-08-01,prefectural:44,source_type=県有施設; toilet_type=多機能,
41,佐賀県,41202,唐津市,,唐津土木事務所,,,,唐津市二夕子3-1-5,,,,no,yes,,,,,,,no,,yes,no,,,,,,,,,,,,,,,,,everyone_toilet,佐賀県 みんなのトイレ,https://www.pref.saga.lg.jp/kiji00375898/index.html,2023-08-01,prefectural:45,source_type=県有施設; toilet_type=車いす,
41,佐賀県,41202,唐津市,,唐津保健福祉事務所,,,,唐津市大名小路3-1,,,,no,yes,,,,,,,no,,yes,no,,,,,,,,,,,,,,,,,everyone_toilet,佐賀県 みんなのトイレ,https://www.pref.saga.lg.jp/kiji00375898/index.html,2023-08-01,prefectural:46,source_type=県有施設; toilet_type=車いす,
41,佐賀県,41202,唐津市,,佐賀波戸岬少年自然の家,,,,唐津市鎮西町名護屋5581-1,,,,no,yes,,,,,,,no,,no,no,,,,,,,,,,,,,,,,,everyone_toilet,佐賀県 みんなのトイレ,https://www.pref.saga.lg.jp/kiji00375898/index.html,2023-08-01,prefectural:47,source_type=県有施設; toilet_type=車いす,
41,佐賀県,41202,唐津市,,佐賀県解放会館,,,,唐津市栄町2588-11,,,,no,yes,,,,,,,no,,no,no,,,,,,,,,,,,,,,,,everyone_toilet,佐賀県 みんなのトイレ,https://www.pref.saga.lg.jp/kiji00375898/index.html,2023-08-01,prefectural:48,source_type=県有施設; toilet_type=車いす,
41,佐賀県,41202,唐津市,,唐津港東港 緑地ﾄｲﾚ,,,,唐津市東大島町1-1,,,,no,yes,,,,,,,yes,,no,no,,,,,,,,,,,,,,,,,everyone_toilet,佐賀県 みんなのトイレ,https://www.pref.saga.lg.jp/kiji00375898/index.html,2023-08-01,prefectural:49,source_type=県有施設; toilet_type=車いす,
41,佐賀県,41202,唐津市,,樫原湿原環境保全型山岳ﾄｲﾚ,,,,唐津市七山池原,,,,no,yes,,,,,,,no,,no,no,,,,,,,,,,,,,,,,,everyone_toilet,佐賀県 みんなのトイレ,https://www.pref.saga.lg.jp/kiji00375898/index.html,2023-08-01,prefectural:51,source_type=県有施設; toilet_type=一般ﾄｲﾚ,
41,佐賀県,41202,唐津市,,花と冒険の島,,,,唐津市肥前町満越,,,,no,yes,,,,,,,no,,no,no,,,,,,,,,,,,,,,,,everyone_toilet,佐賀県 みんなのトイレ,https://www.pref.saga.lg.jp/kiji00375898/index.html,2023-08-01,prefectural:52,source_type=県有施設; toilet_type=車いす,
41,佐賀県,41202,唐津市,,鏡山藤棚横ﾄｲﾚ,,,,唐津市鏡,,,,no,yes,,,,,,,no,,no,no,,,,,,,,,,,,,,,,,everyone_toilet,佐賀県 みんなのトイレ,https://www.pref.saga.lg.jp/kiji00375898/index.html,2023-08-01,prefectural:53,source_type=県有施設; toilet_type=車いす,
41,佐賀県,41202,唐津市,,鏡山駐車場東側ﾄｲﾚ,,,,唐津市鏡,,,,no,yes,,,,,,,no,,yes,no,,,,,,,,,,,,,,,,,everyone_toilet,佐賀県 みんなのトイレ,https://www.pref.saga.lg.jp/kiji00375898/index.html,2023-08-01,prefectural:54,source_type=県有施設; toilet_type=車いす,
41,佐賀県,41202,唐津市,,ふれあい自然塾ひぜん ﾚｸﾁｬｰ棟,,,,唐津市肥前町満越886番地3,,,,no,yes,,,,,,,no,,yes,no,,,,,,,,,,,,,,,,,everyone_toilet,佐賀県 みんなのトイレ,https://www.pref.saga.lg.jp/kiji00375898/index.html,2023-08-01,prefectural:55,source_type=県有施設; toilet_type=車いす,
41,佐賀県,41202,唐津市,,唐津警察署,,,,唐津市二夕子3丁目1-5,,,,yes,yes,,,,,,,yes,,yes,no,,,,,,,,,,,,,,,,,everyone_toilet,佐賀県 みんなのトイレ,https://www.pref.saga.lg.jp/kiji00375898/index.html,2023-08-01,prefectural:56,source_type=県有施設; toilet_type=多機能,
41,佐賀県,41202,唐津市,,佐賀県解放会館,,,,唐津市栄町２５８８番地11,,,,yes,yes,,,,,,,yes,,yes,no,,,,,,,,,,,,,,,,,everyone_toilet,佐賀県 みんなのトイレ,https://www.pref.saga.lg.jp/kiji00375898/index.html,2023-08-01,prefectural:57,source_type=県有施設; toilet_type=多機能,
41,佐賀県,41203,鳥栖市,,鳥栖保健福祉事務所,,,,鳥栖市元町1234-1,,,,no,yes,,,,,,,yes,,no,no,,,,,,,,,,,,,,,,,everyone_toilet,佐賀県 みんなのトイレ,https://www.pref.saga.lg.jp/kiji00375898/index.html,2023-08-01,prefectural:58,source_type=県有施設; toilet_type=車いす,
41,佐賀県,41203,鳥栖市,,鳥栖総合庁舎,,,,鳥栖市元町1234-1,,,,no,yes,,,,,,,no,,yes,no,,,,,,,,,,,,,,,,,everyone_toilet,佐賀県 みんなのトイレ,https://www.pref.saga.lg.jp/kiji00375898/index.html,2023-08-01,prefectural:59,source_type=県有施設; toilet_type=車いす,
41,佐賀県,41203,鳥栖市,,鳥栖警察署,,,,鳥栖市元町1234-5,,,,yes,yes,,,,,,,yes,,yes,yes,,,,,,,,,,,,,,,,,everyone_toilet,佐賀県 みんなのトイレ,https://www.pref.saga.lg.jp/kiji00375898/index.html,2023-08-01,prefectural:60,source_type=県有施設; toilet_type=多機能,
41,佐賀県,41203,鳥栖市,,九州ｼﾝｸﾛﾄﾛﾝ光研究ｾﾝﾀｰ,,,,鳥栖市弥生が丘八丁目7,,,,no,yes,,,,,,,no,,no,no,,,,,,,,,,,,,,,,,everyone_toilet,佐賀県 みんなのトイレ,https://www.pref.saga.lg.jp/kiji00375898/index.html,2023-08-01,prefectural:61,source_type=県有施設; toilet_type=車いす,
41,佐賀県,41203,鳥栖市,,佐賀県東部工業用水道管理事務所,,,,鳥栖市安楽寺町955,,,,no,yes,,,,,,,yes,,no,no,,,,,,,,,,,,,,,,,everyone_toilet,佐賀県 みんなのトイレ,https://www.pref.saga.lg.jp/kiji00375898/index.html,2023-08-01,prefectural:62,source_type=県有施設; toilet_type=車いす,
41,佐賀県,41204,多久市,,佐賀県立産業技術学院 管理棟,,,,多久市多久町7183-1,,,,no,yes,,,,,,,no,,no,no,,,,,,,,,,,,,,,,,everyone_toilet,佐賀県 みんなのトイレ,https://www.pref.saga.lg.jp/kiji00375898/index.html,2023-08-01,prefectural:63,source_type=県有施設; toilet_type=車いす,
41,佐賀県,41204,多久市,,厳木多久有料道路,,,,多久市北多久町大字小侍字山ヶ砂4129-1,,,,no,yes,,,,,,,no,,no,no,,,,,,,,,,,,,,,,,everyone_toilet,佐賀県 みんなのトイレ,https://www.pref.saga.lg.jp/kiji00375898/index.html,2023-08-01,prefectural:64,source_type=県有施設; toilet_type=車いす,
41,佐賀県,41204,多久市,,小城警察署（仮庁舎︓多久幹部派出所）,,,,多久市北多久町大字小侍7-5,,,,no,yes,,,,,,,no,,no,no,,,,,,,,,,,,,,,,,everyone_toilet,佐賀県 みんなのトイレ,https://www.pref.saga.lg.jp/kiji00375898/index.html,2023-08-01,prefectural:65,source_type=県有施設; toilet_type=車いす,
41,佐賀県,41205,伊万里市,,伊万里保健福祉事務所,,,,伊万里市新天町122-4,,,,no,yes,,,,,,,no,,yes,no,,,,,,,,,,,,,,,,,everyone_toilet,佐賀県 みんなのトイレ,https://www.pref.saga.lg.jp/kiji00375898/index.html,2023-08-01,prefectural:66,source_type=県有施設; toilet_type=車いす,
41,佐賀県,41205,伊万里市,,伊万里警察署,,,,伊万里市二里町八谷搦1169,,,,no,yes,,,,,,,no,,no,no,,,,,,,,,,,,,,,,,everyone_toilet,佐賀県 みんなのトイレ,https://www.pref.saga.lg.jp/kiji00375898/index.html,2023-08-01,prefectural:67,source_type=県有施設; toilet_type=車いす,
41,佐賀県,41205,伊万里市,,伊万里総合庁舎,,,,伊万里市新天町122-4,,,,no,yes,,,,,,,no,,no,no,,,,,,,,,,,,,,,,,everyone_toilet,佐賀県 みんなのトイレ,https://www.pref.saga.lg.jp/kiji00375898/index.html,2023-08-01,prefectural:68,source_type=県有施設; toilet_type=車いす,
41,佐賀県,41401,有田町,,佐賀県窯業技術ｾﾝﾀｰ,,,,西松浦郡有田町黒牟田丙3037-7,,,,no,yes,,,,,,,no,,no,no,,,,,,,,,,,,,,,,,everyone_toilet,佐賀県 みんなのトイレ,https://www.pref.saga.lg.jp/kiji00375898/index.html,2023-08-01,prefectural:69,source_type=県有施設; toilet_type=車いす,
41,佐賀県,41401,有田町,,佐賀県九州陶磁文化館,,,,西松浦郡有田町戸杓乙3100-1,,,,no,yes,,,,,,,no,,yes,no,,,,,,,,,,,,,,,,,everyone_toilet,佐賀県 みんなのトイレ,https://www.pref.saga.lg.jp/kiji00375898/index.html,2023-08-01,prefectural:71,source_type=県有施設; toilet_type=車いす,
41,佐賀県,41401,有田町,,佐賀県立有田窯業大学校,,,,西松浦郡有田町大野乙2441-1,,,,no,yes,,,,,,,yes,,no,no,,,,,,,,,,,,,,,,,everyone_toilet,佐賀県 みんなのトイレ,https://www.pref.saga.lg.jp/kiji00375898/index.html,2023-08-01,prefectural:73,source_type=県有施設; toilet_type=車いす,
41,佐賀県,41206,武雄市,,杵藤保健福祉事務所,,,,武雄市武雄町大字昭和265,,,,no,yes,,,,,,,no,,yes,no,,,,,,,,,,,,,,,,,everyone_toilet,佐賀県 みんなのトイレ,https://www.pref.saga.lg.jp/kiji00375898/index.html,2023-08-01,prefectural:74,source_type=県有施設; toilet_type=車いす,
41,佐賀県,41206,武雄市,,佐賀県黒髪少年自然の家,,,,武雄市山内町大字宮野字古湯1888-54,,,,no,yes,,,,,,,no,,no,no,,,,,,,,,,,,,,,,,everyone_toilet,佐賀県 みんなのトイレ,https://www.pref.saga.lg.jp/kiji00375898/index.html,2023-08-01,prefectural:75,source_type=県有施設; toilet_type=車いす,
41,佐賀県,41206,武雄市,,武雄総合庁舎,,,,武雄市武雄町昭和265,,,,no,yes,,,,,,,no,,yes,no,,,,,,,,,,,,,,,,,everyone_toilet,佐賀県 みんなのトイレ,https://www.pref.saga.lg.jp/kiji00375898/index.html,2023-08-01,prefectural:76,source_type=県有施設; toilet_type=車いす,
41,佐賀県,41206,武雄市,,佐賀県立宇宙科学館,,,,武雄市武雄町大字永島16351,,,,no,yes,,,,,,,no,,yes,no,,,,,,,,,,,,,,,,,everyone_toilet,佐賀県 みんなのトイレ,https://www.pref.saga.lg.jp/kiji00375898/index.html,2023-08-01,prefectural:77,source_type=県有施設; toilet_type=車いす,
41,佐賀県,41206,武雄市,,国土交通省 佐賀国道事務所 武雄維持出張所,,,,武雄市武雄町大字武雄82,,,,yes,yes,,,,,,,yes,,yes,yes,,,,,,,,,,,,,,,,,everyone_toilet,佐賀県 みんなのトイレ,https://www.pref.saga.lg.jp/kiji00375898/index.html,2023-08-01,prefectural:78,source_type=県有施設; toilet_type=多機能,
41,佐賀県,41425,白石町,,杵島農業改良普及センター,,,,杵島郡白石町大字東郷一本榎2546-2,,,,yes,yes,,,,,,,yes,,yes,no,,,,,,,,,,,,,,,,,everyone_toilet,佐賀県 みんなのトイレ,https://www.pref.saga.lg.jp/kiji00375898/index.html,2023-08-01,prefectural:80,source_type=県有施設; toilet_type=多機能,
41,佐賀県,41207,鹿島市,,鹿島総合庁舎,,,,鹿島市高津原3400,,,,no,yes,,,,,,,no,,no,no,,,,,,,,,,,,,,,,,everyone_toilet,佐賀県 みんなのトイレ,https://www.pref.saga.lg.jp/kiji00375898/index.html,2023-08-01,prefectural:82,source_type=県有施設; toilet_type=車いす,
41,佐賀県,41208,小城市,,佐賀県有明水産振興ｾﾝﾀｰ 展示館,,,,小城市芦刈町大字永田2753-2,,,,no,yes,,,,,,,no,,no,no,,,,,,,,,,,,,,,,,everyone_toilet,佐賀県 みんなのトイレ,https://www.pref.saga.lg.jp/kiji00375898/index.html,2023-08-01,prefectural:83,source_type=県有施設; toilet_type=車いす,
41,佐賀県,41209,嬉野市,,佐賀県茶業試験場,,,,嬉野市嬉野町下野丙1870-5,,,,yes,yes,,,,,,,yes,,yes,no,,,,,,,,,,,,,,,,,everyone_toilet,佐賀県 みんなのトイレ,https://www.pref.saga.lg.jp/kiji00375898/index.html,2023-08-01,prefectural:91,source_type=県有施設; toilet_type=多機能,
41,佐賀県,41210,神埼市,,神埼総合庁舎,,,,神埼市神埼町鶴3542,,,,no,yes,,,,,,,no,,no,no,,,,,,,,,,,,,,,,,everyone_toilet,佐賀県 みんなのトイレ,https://www.pref.saga.lg.jp/kiji00375898/index.html,2023-08-01,prefectural:92,source_type=県有施設; toilet_type=車いす,
41,佐賀県,41210,神埼市,,神埼警察署,,,,神埼市神埼町枝ヶ里155-1,,,,no,yes,,,,,,,no,,no,no,,,,,,,,,,,,,,,,,everyone_toilet,佐賀県 みんなのトイレ,https://www.pref.saga.lg.jp/kiji00375898/index.html,2023-08-01,prefectural:93,source_type=県有施設; toilet_type=車いす,
41,佐賀県,41210,神埼市,,吉野ヶ里歴史公園,,,,神埼市神埼町田道ヶ里,,,,yes,yes,,,,,,,yes,,yes,yes,,,,,,,,,,,,,,,,,everyone_toilet,佐賀県 みんなのトイレ,https://www.pref.saga.lg.jp/kiji00375898/index.html,2023-08-01,prefectural:94,source_type=県有施設; toilet_type=多機能,
41,佐賀県,41327,吉野ヶ里町,,東脊振ﾄﾝﾈﾙ有料道路,,,,神埼郡吉野ヶ里町松隈1739-5,,,,no,yes,,,,,,,no,,yes,no,,,,,,,,,,,,,,,,,everyone_toilet,佐賀県 みんなのトイレ,https://www.pref.saga.lg.jp/kiji00375898/index.html,2023-08-01,prefectural:96,source_type=県有施設; toilet_type=車いす,
41,佐賀県,41345,上峰町,,三神農業改良普及センター,,,,三養基郡上峰町防所112-1,,,,yes,yes,,,,,,,yes,,yes,no,,,,,,,,,,,,,,,,,everyone_toilet,佐賀県 みんなのトイレ,https://www.pref.saga.lg.jp/kiji00375898/index.html,2023-08-01,prefectural:99,source_type=県有施設; toilet_type=多機能,
