全国地方公共団体コード,ID,地方公共団体名,名称,名称_カナ,名称_英語,所在地_全国地方公共団体コード,町字ID,所在地_連結表記,所在地_都道府県,所在地_市区町村,所在地_町字,所在地_番地以下,建物名等(方書),設置位置,緯度,経度,高度の種別,高度の値,男性トイレ総数,男性トイレ数（小便器）,男性トイレ数（和式）,男性トイレ数（洋式）,女性トイレ総数,女性トイレ数（和式）,女性トイレ数（洋式）,男女共用トイレ総数,男女共用トイレ数（和式）,男女共用トイレ数（洋式）,バリアフリートイレ数,車椅子使用者用トイレ有無,乳幼児用設備設置トイレ有無,オストメイト設置トイレ有無,利用開始時間,利用終了時間,利用可能時間特記事項,画像,画像_ライセンス,備考
231002,1,愛知県名古屋市,赤坂公園,アカサカコウエン,,231002,,愛知県名古屋市千種区赤坂町６丁目,愛知県,名古屋市,,,,,,,,,1,1,0,0,0,0,0,0,0,0,,無,無,無,,,,,,緑政土木局所管 / 原データ区名=千種区 / 原データ多機能トイレ数=1
231002,2,愛知県名古屋市,弁天公園,ベンテンコウエン,,231002,,愛知県名古屋市千種区赤坂町２丁目,愛知県,名古屋市,,,,,,,,,1,1,0,0,0,0,0,0,0,0,,有,有,無,,,,,,緑政土木局所管 / 原データ区名=千種区 / 原データ多機能トイレ数=1 / 原データベビーベッド数=1 / 原データベビーチェア数=1
231002,3,愛知県名古屋市,南明公園,ナンメイコウエン,,231002,,愛知県名古屋市千種区南明町１丁目、日進通２丁目,愛知県,名古屋市,,,,,,,,,2,2,0,0,0,0,0,1,1,0,,無,無,無,,,,,,緑政土木局所管 / 原データ区名=千種区 / 原データ多機能トイレ数=0
231002,4,愛知県名古屋市,田代公園,タシロコウエン,,231002,,愛知県名古屋市千種区西崎町２丁目,愛知県,名古屋市,,,,,,,,,2,2,0,0,0,0,0,1,1,0,,無,無,無,,,,,,緑政土木局所管 / 原データ区名=千種区 / 原データ多機能トイレ数=0
231002,5,愛知県名古屋市,二ツ池公園,フタツイケコウエン,,231002,,愛知県名古屋市千種区菊坂町３丁目,愛知県,名古屋市,,,,,,,,,2,2,0,0,0,0,0,1,0,1,,無,無,無,,,,,,緑政土木局所管 / 原データ区名=千種区 / 原データ多機能トイレ数=0
231002,6,愛知県名古屋市,上野公園,ウエノコウエン,,231002,,愛知県名古屋市千種区上野二丁目,愛知県,名古屋市,,,,,,,,,2,2,0,0,0,0,0,0,0,0,,有,有,無,,,,,,緑政土木局所管 / 原データ区名=千種区 / 原データ多機能トイレ数=1 / 原データベビーベッド数=1 / 原データベビーチェア数=1
231002,7,愛知県名古屋市,大和公園,ダイワコウエン,,231002,,愛知県名古屋市千種区松軒一丁目,愛知県,名古屋市,,,,,,,,,2,2,0,0,0,0,0,1,1,0,,無,無,無,,,,,,緑政土木局所管 / 原データ区名=千種区 / 原データ多機能トイレ数=0
231002,8,愛知県名古屋市,仲田公園,ナカタコウエン,,231002,,愛知県名古屋市千種区仲田二丁目,愛知県,名古屋市,,,,,,,,,2,2,0,0,0,0,0,1,0,1,,無,無,無,,,,,,緑政土木局所管 / 原データ区名=千種区 / 原データ多機能トイレ数=0
231002,9,愛知県名古屋市,中道公園,ナカミチコウエン,,231002,,愛知県名古屋市千種区千種三丁目,愛知県,名古屋市,,,,,,,,,2,1,1,0,1,1,0,0,0,0,,無,無,無,,,,,,緑政土木局所管 / 原データ区名=千種区 / 原データ多機能トイレ数=0
231002,10,愛知県名古屋市,今池公園,イマイケコウエン,,231002,,愛知県名古屋市千種区今池一丁目,愛知県,名古屋市,,,,,,,,,2,1,1,0,1,1,0,0,0,0,,無,無,無,,,,,,緑政土木局所管 / 原データ区名=千種区 / 原データ多機能トイレ数=0
231002,11,愛知県名古屋市,汁谷第一公園,シルタニダイイチコウエン,,231002,,愛知県名古屋市千種区汁谷町,愛知県,名古屋市,,,,,,,,,2,2,0,0,0,0,0,1,1,0,,無,無,無,,,,,,緑政土木局所管 / 原データ区名=千種区 / 原データ多機能トイレ数=0
231002,12,愛知県名古屋市,花田公園,ハナダコウエン,,231002,,愛知県名古屋市千種区吹上一丁目,愛知県,名古屋市,,,,,,,,,2,2,0,0,0,0,0,1,0,1,,無,無,無,,,,,,緑政土木局所管 / 原データ区名=千種区 / 原データ多機能トイレ数=0
231002,13,愛知県名古屋市,富士見公園,フジミコウエン,,231002,,愛知県名古屋市千種区富士見台３丁目,愛知県,名古屋市,,,,,,,,,2,2,0,0,0,0,0,1,1,0,,無,無,無,,,,,,緑政土木局所管 / 原データ区名=千種区 / 原データ多機能トイレ数=0
231002,14,愛知県名古屋市,千種公園,チクサコウエン,,231002,,愛知県名古屋市千種区若水一丁目,愛知県,名古屋市,,,,中央,,,,,3,2,1,0,2,1,1,0,0,0,,有,有,無,,,,,,緑政土木局所管 / 原データ区名=千種区 / 原データ多機能トイレ数=1 / 原データベビーベッド数=1
231002,15,愛知県名古屋市,千種公園,チクサコウエン,,231002,,愛知県名古屋市千種区若水一丁目,愛知県,名古屋市,,,,北,,,,,2,1,0,1,1,0,1,0,0,0,,有,有,無,,,,,,緑政土木局所管 / 原データ区名=千種区 / 原データ多機能トイレ数=1 / 原データベビーベッド数=1 / 原データベビーチェア数=3
231002,16,愛知県名古屋市,宮根公園,ミヤネコウエン,,231002,,愛知県名古屋市千種区宮根台二丁目,愛知県,名古屋市,,,,,,,,,2,2,0,0,0,0,0,1,0,1,,無,無,無,,,,,,緑政土木局所管 / 原データ区名=千種区 / 原データ多機能トイレ数=0
231002,17,愛知県名古屋市,京命公園,キョウメイコウエン,,231002,,愛知県名古屋市千種区京命二丁目,愛知県,名古屋市,,,,,,,,,2,2,0,0,0,0,0,1,0,1,,無,無,無,,,,,,緑政土木局所管 / 原データ区名=千種区 / 原データ多機能トイレ数=0
231002,18,愛知県名古屋市,西山東公園,ニシヤマヒガシコウエン,,231002,,愛知県名古屋市千種区新西二丁目,愛知県,名古屋市,,,,,,,,,2,2,0,0,0,0,0,1,1,0,,無,無,無,,,,,,緑政土木局所管 / 原データ区名=千種区 / 原データ多機能トイレ数=0
231002,19,愛知県名古屋市,春岡公園,ハルオカコウエン,,231002,,愛知県名古屋市千種区春岡二丁目,愛知県,名古屋市,,,,,,,,,2,2,0,0,0,0,0,1,1,0,,無,無,無,,,,,,緑政土木局所管 / 原データ区名=千種区 / 原データ多機能トイレ数=0
231002,20,愛知県名古屋市,天神下公園,テンジンシタコウエン,,231002,,愛知県名古屋市千種区東千種台,愛知県,名古屋市,,,,,,,,,2,2,0,0,0,0,0,1,0,1,,無,無,無,,,,,,緑政土木局所管 / 原データ区名=千種区 / 原データ多機能トイレ数=0
231002,21,愛知県名古屋市,鹿子公園,カノココウエン,,231002,,愛知県名古屋市千種区平和公園二丁目、徳川山町６丁目,愛知県,名古屋市,,,,,,,,,3,2,0,1,2,1,1,0,0,0,,無,無,無,,,,,,緑政土木局所管 / 原データ区名=千種区 / 原データ多機能トイレ数=0
231002,22,愛知県名古屋市,今池西公園,イマイケニシコウエン,,231002,,愛知県名古屋市千種区内山三丁目,愛知県,名古屋市,,,,,,,,,2,2,0,0,0,0,0,1,1,0,,無,無,無,,,,,,緑政土木局所管 / 原データ区名=千種区 / 原データ多機能トイレ数=0
231002,23,愛知県名古屋市,内山公園,ウチヤマコウエン,,231002,,愛知県名古屋市千種区内山一丁目,愛知県,名古屋市,,,,,,,,,2,1,1,0,1,1,0,0,0,0,,無,無,無,,,,,,緑政土木局所管 / 原データ区名=千種区 / 原データ多機能トイレ数=0
231002,24,愛知県名古屋市,不動公園,フドウコウエン,,231002,,愛知県名古屋市千種区茶屋が坂二丁目,愛知県,名古屋市,,,,,,,,,2,2,0,0,0,0,0,1,1,0,,無,無,無,,,,,,緑政土木局所管 / 原データ区名=千種区 / 原データ多機能トイレ数=0
231002,25,愛知県名古屋市,茶屋ケ坂公園,チャヤガサカコウエン,,231002,,愛知県名古屋市茶屋ケ坂公園 千種区鍋屋上野町字汁谷、字北山、揚羽町１丁目、希望ヶ丘一丁目、希望ヶ丘二丁目,愛知県,名古屋市,,,,野球場東,,,,,3,2,1,0,2,2,0,0,0,0,,無,無,無,,,,,,緑政土木局所管 / 原データ区名=千種区 / 原データ多機能トイレ数=0
231002,26,愛知県名古屋市,茶屋ケ坂公園,チャヤガサカコウエン,,231002,,愛知県名古屋市茶屋ケ坂公園 千種区鍋屋上野町字汁谷、字北山、揚羽町１丁目、希望ヶ丘一丁目、希望ヶ丘二丁目,愛知県,名古屋市,,,,南児童園,,,,,0,0,0,0,0,0,0,0,0,0,,無,無,無,,,,,,緑政土木局所管 / 原データ区名=千種区 / 原データ多機能トイレ数=1
231002,27,愛知県名古屋市,茶屋ケ坂公園,チャヤガサカコウエン,,231002,,愛知県名古屋市茶屋ケ坂公園 千種区鍋屋上野町字汁谷、字北山、揚羽町１丁目、希望ヶ丘一丁目、希望ヶ丘二丁目,愛知県,名古屋市,,,,野球場西,,,,,3,2,0,1,2,1,1,0,0,0,,有,無,無,,,,,,緑政土木局所管 / 原データ区名=千種区 / 原データ多機能トイレ数=0
231002,28,愛知県名古屋市,茶屋ケ坂公園,チャヤガサカコウエン,,231002,,愛知県名古屋市茶屋ケ坂公園 千種区鍋屋上野町字汁谷、字北山、揚羽町１丁目、希望ヶ丘一丁目、希望ヶ丘二丁目,愛知県,名古屋市,,,,南児童園,,,,,3,2,1,0,2,2,0,0,0,0,,無,無,無,,,,,,緑政土木局所管 / 原データ区名=千種区 / 原データ多機能トイレ数=0
231002,29,愛知県名古屋市,城山公園,シロヤマコウエン,,231002,,愛知県名古屋市千種区城山町３丁目、末盛通３丁目,愛知県,名古屋市,,,,,,,,,2,2,0,0,0,0,0,1,1,0,,無,無,無,,,,,,緑政土木局所管 / 原データ区名=千種区 / 原データ多機能トイレ数=0
231002,30,愛知県名古屋市,東山公園,ヒガシヤマコウエン,,231002,,愛知県名古屋市千種区田代町字瓶杁、星が丘山手、天白町大字植田字植田山、東山元町３丁目、４丁目、５丁目、 東山通５丁目、名東区にじが丘一丁目、植園町１丁目、３丁目、藤巻町１丁目、２丁目、３丁目、高針荒田、天白区天白町大字八事字裏山、字山田、昭和区八事富士見,愛知県,名古屋市,,,,北園（サイ・カバ横）,,,,,3,2,0,1,2,0,2,0,0,0,,無,無,無,,,,,,緑政土木局所管 / 原データ区名=千種区 / 原データ多機能トイレ数=0
231002,31,愛知県名古屋市,東山公園,ヒガシヤマコウエン,,231002,,愛知県名古屋市千種区田代町字瓶杁、星が丘山手、天白町大字植田字植田山、東山元町３丁目、４丁目、５丁目、 東山通５丁目、名東区にじが丘一丁目、植園町１丁目、３丁目、藤巻町１丁目、２丁目、３丁目、高針荒田、天白区天白町大字八事字裏山、字山田、昭和区八事富士見,愛知県,名古屋市,,,,植物園（椿園）,,,,,3,2,0,1,2,1,1,0,0,0,,無,無,無,,,,,,緑政土木局所管 / 原データ区名=千種区 / 原データ多機能トイレ数=0
231002,32,愛知県名古屋市,東山公園,ヒガシヤマコウエン,,231002,,愛知県名古屋市千種区田代町字瓶杁、星が丘山手、天白町大字植田字植田山、東山元町３丁目、４丁目、５丁目、 東山通５丁目、名東区にじが丘一丁目、植園町１丁目、３丁目、藤巻町１丁目、２丁目、３丁目、高針荒田、天白区天白町大字八事字裏山、字山田、昭和区八事富士見,愛知県,名古屋市,,,,北園（フクロテナガザル横）,,,,,0,0,0,0,0,0,0,0,0,0,,有,無,無,,,,,,緑政土木局所管 / 原データ区名=千種区 / 原データ多機能トイレ数=1
231002,33,愛知県名古屋市,東山公園,ヒガシヤマコウエン,,231002,,愛知県名古屋市千種区田代町字瓶杁、星が丘山手、天白町大字植田字植田山、東山元町３丁目、４丁目、５丁目、 東山通５丁目、名東区にじが丘一丁目、植園町１丁目、３丁目、藤巻町１丁目、２丁目、３丁目、高針荒田、天白区天白町大字八事字裏山、字山田、昭和区八事富士見,愛知県,名古屋市,,,,北園（アメリカバイソン前）,,,,,4,3,0,1,3,1,2,0,0,0,,無,有,無,,,,,,緑政土木局所管 / 原データ区名=千種区 / 原データ多機能トイレ数=0 / 原データベビーベッド数=2 / 原データベビーチェア数=2
231002,34,愛知県名古屋市,東山公園,ヒガシヤマコウエン,,231002,,愛知県名古屋市千種区田代町字瓶杁、星が丘山手、天白町大字植田字植田山、東山元町３丁目、４丁目、５丁目、 東山通５丁目、名東区にじが丘一丁目、植園町１丁目、３丁目、藤巻町１丁目、２丁目、３丁目、高針荒田、天白区天白町大字八事字裏山、字山田、昭和区八事富士見,愛知県,名古屋市,,,,植物園（植物会館）,,,,,5,3,1,1,4,1,3,0,0,0,,有,有,有,,,,,,緑政土木局所管 / 原データ区名=千種区 / 原データ多機能トイレ数=1 / 原データベビーベッド数=1 / 原データベビーチェア数=3
231002,35,愛知県名古屋市,東山公園,ヒガシヤマコウエン,,231002,,愛知県名古屋市千種区田代町字瓶杁、星が丘山手、天白町大字植田字植田山、東山元町３丁目、４丁目、５丁目、 東山通５丁目、名東区にじが丘一丁目、植園町１丁目、３丁目、藤巻町１丁目、２丁目、３丁目、高針荒田、天白区天白町大字八事字裏山、字山田、昭和区八事富士見,愛知県,名古屋市,,,,本園（動物会館）,,,,,5,3,1,1,3,2,1,0,0,0,,有,有,無,,,,,,緑政土木局所管 / 原データ区名=千種区 / 原データ多機能トイレ数=1 / 原データベビーベッド数=1
231002,36,愛知県名古屋市,東山公園,ヒガシヤマコウエン,,231002,,愛知県名古屋市千種区田代町字瓶杁、星が丘山手、天白町大字植田字植田山、東山元町３丁目、４丁目、５丁目、 東山通５丁目、名東区にじが丘一丁目、植園町１丁目、３丁目、藤巻町１丁目、２丁目、３丁目、高針荒田、天白区天白町大字八事字裏山、字山田、昭和区八事富士見,愛知県,名古屋市,,,,北園（北園門休憩所）,,,,,5,3,1,1,3,2,1,0,0,0,,無,有,無,,,,,,緑政土木局所管 / 原データ区名=千種区 / 原データ多機能トイレ数=0 / 原データベビーベッド数=3 / 原データベビーチェア数=1
231002,37,愛知県名古屋市,東山公園,ヒガシヤマコウエン,,231002,,愛知県名古屋市千種区田代町字瓶杁、星が丘山手、天白町大字植田字植田山、東山元町３丁目、４丁目、５丁目、 東山通５丁目、名東区にじが丘一丁目、植園町１丁目、３丁目、藤巻町１丁目、２丁目、３丁目、高針荒田、天白区天白町大字八事字裏山、字山田、昭和区八事富士見,愛知県,名古屋市,,,,北園（遊園地）,,,,,12,9,2,1,8,6,2,0,0,0,,無,有,無,,,,,,緑政土木局所管 / 原データ区名=千種区 / 原データ多機能トイレ数=0 / 原データベビーベッド数=2 / 原データベビーチェア数=1
231002,38,愛知県名古屋市,東山公園,ヒガシヤマコウエン,,231002,,愛知県名古屋市千種区田代町字瓶杁、星が丘山手、天白町大字植田字植田山、東山元町３丁目、４丁目、５丁目、 東山通５丁目、名東区にじが丘一丁目、植園町１丁目、３丁目、藤巻町１丁目、２丁目、３丁目、高針荒田、天白区天白町大字八事字裏山、字山田、昭和区八事富士見,愛知県,名古屋市,,,,植物園（お花畑奥）,,,,,5,4,0,1,3,2,1,0,0,0,,無,無,有,,,,,,緑政土木局所管 / 原データ区名=千種区 / 原データ多機能トイレ数=0 / 原データベビーベッド数=1
231002,39,愛知県名古屋市,東山公園,ヒガシヤマコウエン,,231002,,愛知県名古屋市千種区田代町字瓶杁、星が丘山手、天白町大字植田字植田山、東山元町３丁目、４丁目、５丁目、 東山通５丁目、名東区にじが丘一丁目、植園町１丁目、３丁目、藤巻町１丁目、２丁目、３丁目、高針荒田、天白区天白町大字八事字裏山、字山田、昭和区八事富士見,愛知県,名古屋市,,,,北園（スカイタワー門横）,,,,,4,3,0,1,3,1,2,0,0,0,,無,有,無,,,,,,緑政土木局所管 / 原データ区名=千種区 / 原データ多機能トイレ数=0 / 原データベビーベッド数=2 / 原データベビーチェア数=2
231002,40,愛知県名古屋市,東山公園,ヒガシヤマコウエン,,231002,,愛知県名古屋市千種区田代町字瓶杁、星が丘山手、天白町大字植田字植田山、東山元町３丁目、４丁目、５丁目、 東山通５丁目、名東区にじが丘一丁目、植園町１丁目、３丁目、藤巻町１丁目、２丁目、３丁目、高針荒田、天白区天白町大字八事字裏山、字山田、昭和区八事富士見,愛知県,名古屋市,,,,北園（昇降路横）,,,,,6,4,1,1,3,2,1,0,0,0,,有,有,無,,,,,,緑政土木局所管 / 原データ区名=千種区 / 原データ多機能トイレ数=1 / 原データベビーベッド数=2
231002,41,愛知県名古屋市,東山公園,ヒガシヤマコウエン,,231002,,愛知県名古屋市千種区田代町字瓶杁、星が丘山手、天白町大字植田字植田山、東山元町３丁目、４丁目、５丁目、 東山通５丁目、名東区にじが丘一丁目、植園町１丁目、３丁目、藤巻町１丁目、２丁目、３丁目、高針荒田、天白区天白町大字八事字裏山、字山田、昭和区八事富士見,愛知県,名古屋市,,,,こども動物園（ニホンザル前）,,,,,8,6,1,1,5,3,2,0,0,0,,無,有,無,,,,,,緑政土木局所管 / 原データ区名=千種区 / 原データ多機能トイレ数=0 / 原データベビーベッド数=2 / 原データベビーチェア数=1
231002,42,愛知県名古屋市,東山公園,ヒガシヤマコウエン,,231002,,愛知県名古屋市千種区田代町字瓶杁、星が丘山手、天白町大字植田字植田山、東山元町３丁目、４丁目、５丁目、 東山通５丁目、名東区にじが丘一丁目、植園町１丁目、３丁目、藤巻町１丁目、２丁目、３丁目、高針荒田、天白区天白町大字八事字裏山、字山田、昭和区八事富士見,愛知県,名古屋市,,,,本園（上池門横）,,,,,8,6,1,1,5,3,2,0,0,0,,無,有,無,,,,,,緑政土木局所管 / 原データ区名=千種区 / 原データ多機能トイレ数=0 / 原データベビーベッド数=2 / 原データベビーチェア数=1
231002,43,愛知県名古屋市,東山公園,ヒガシヤマコウエン,,231002,,愛知県名古屋市千種区田代町字瓶杁、星が丘山手、天白町大字植田字植田山、東山元町３丁目、４丁目、５丁目、 東山通５丁目、名東区にじが丘一丁目、植園町１丁目、３丁目、藤巻町１丁目、２丁目、３丁目、高針荒田、天白区天白町大字八事字裏山、字山田、昭和区八事富士見,愛知県,名古屋市,,,,本園（東山ボート横）,,,,,4,2,1,1,3,2,1,0,0,0,,有,有,無,,,,,,緑政土木局所管 / 原データ区名=千種区 / 原データ多機能トイレ数=1 / 原データベビーベッド数=3
231002,44,愛知県名古屋市,東山公園,ヒガシヤマコウエン,,231002,,愛知県名古屋市千種区田代町字瓶杁、星が丘山手、天白町大字植田字植田山、東山元町３丁目、４丁目、５丁目、 東山通５丁目、名東区にじが丘一丁目、植園町１丁目、３丁目、藤巻町１丁目、２丁目、３丁目、高針荒田、天白区天白町大字八事字裏山、字山田、昭和区八事富士見,愛知県,名古屋市,,,,植物園（星ヶ丘門内）,,,,,3,2,0,1,2,1,1,0,0,0,,有,有,無,,,,,,緑政土木局所管 / 原データ区名=千種区 / 原データ多機能トイレ数=1 / 原データベビーベッド数=1
231002,45,愛知県名古屋市,東山公園,ヒガシヤマコウエン,,231002,,愛知県名古屋市千種区田代町字瓶杁、星が丘山手、天白町大字植田字植田山、東山元町３丁目、４丁目、５丁目、 東山通５丁目、名東区にじが丘一丁目、植園町１丁目、３丁目、藤巻町１丁目、２丁目、３丁目、高針荒田、天白区天白町大字八事字裏山、字山田、昭和区八事富士見,愛知県,名古屋市,,,,こども動物園（ふれあい広場）,,,,,5,3,1,1,4,3,1,0,0,0,,有,有,無,,,,,,緑政土木局所管 / 原データ区名=千種区 / 原データ多機能トイレ数=1 / 原データベビーベッド数=5 / 原データベビーチェア数=1
231002,46,愛知県名古屋市,東山公園,ヒガシヤマコウエン,,231002,,愛知県名古屋市千種区田代町字瓶杁、星が丘山手、天白町大字植田字植田山、東山元町３丁目、４丁目、５丁目、 東山通５丁目、名東区にじが丘一丁目、植園町１丁目、３丁目、藤巻町１丁目、２丁目、３丁目、高針荒田、天白区天白町大字八事字裏山、字山田、昭和区八事富士見,愛知県,名古屋市,,,,本園（アクシスジカ横）,,,,,11,7,1,3,14,1,13,0,0,0,,有,有,有,,,,,,緑政土木局所管 / 原データ区名=千種区 / 原データ多機能トイレ数=2 / 原データベビーベッド数=3 / 原データベビーチェア数=7
231002,47,愛知県名古屋市,東山公園,ヒガシヤマコウエン,,231002,,愛知県名古屋市千種区田代町字瓶杁、星が丘山手、天白町大字植田字植田山、東山元町３丁目、４丁目、５丁目、 東山通５丁目、名東区にじが丘一丁目、植園町１丁目、３丁目、藤巻町１丁目、２丁目、３丁目、高針荒田、天白区天白町大字八事字裏山、字山田、昭和区八事富士見,愛知県,名古屋市,,,,植物園（洋風庭園）,,,,,6,4,0,2,8,1,7,0,0,0,,有,有,有,,,,,,緑政土木局所管 / 原データ区名=千種区 / 原データ多機能トイレ数=2 / 原データベビーベッド数=3 / 原データベビーチェア数=4
231002,48,愛知県名古屋市,東山公園,ヒガシヤマコウエン,,231002,,愛知県名古屋市千種区田代町字瓶杁、星が丘山手、天白町大字植田字植田山、東山元町３丁目、４丁目、５丁目、 東山通５丁目、名東区にじが丘一丁目、植園町１丁目、３丁目、藤巻町１丁目、２丁目、３丁目、高針荒田、天白区天白町大字八事字裏山、字山田、昭和区八事富士見,愛知県,名古屋市,,,,植物園（お花畑休憩所）,,,,,3,2,0,1,4,0,4,0,0,0,,有,有,有,,,,,,緑政土木局所管 / 原データ区名=千種区 / 原データ多機能トイレ数=1 / 原データベビーベッド数=2 / 原データベビーチェア数=2
231002,49,愛知県名古屋市,東山公園,ヒガシヤマコウエン,,231002,,愛知県名古屋市千種区田代町字瓶杁、星が丘山手、天白町大字植田字植田山、東山元町３丁目、４丁目、５丁目、 東山通５丁目、名東区にじが丘一丁目、植園町１丁目、３丁目、藤巻町１丁目、２丁目、３丁目、高針荒田、天白区天白町大字八事字裏山、字山田、昭和区八事富士見,愛知県,名古屋市,,,,本園（正門前）,,,,,8,5,1,2,9,1,8,0,0,0,,有,有,有,,,,,,緑政土木局所管 / 原データ区名=千種区 / 原データ多機能トイレ数=2 / 原データベビーベッド数=3 / 原データベビーチェア数=5
231002,50,愛知県名古屋市,東山公園,ヒガシヤマコウエン,,231002,,愛知県名古屋市千種区田代町字瓶杁、星が丘山手、天白町大字植田字植田山、東山元町３丁目、４丁目、５丁目、 東山通５丁目、名東区にじが丘一丁目、植園町１丁目、３丁目、藤巻町１丁目、２丁目、３丁目、高針荒田、天白区天白町大字八事字裏山、字山田、昭和区八事富士見,愛知県,名古屋市,,,,本園（コアラ舎横）,,,,,6,4,0,2,8,1,7,0,0,0,,有,有,有,,,,,,緑政土木局所管 / 原データ区名=千種区 / 原データ多機能トイレ数=2 / 原データベビーベッド数=3 / 原データベビーチェア数=4
231002,51,愛知県名古屋市,東山公園,ヒガシヤマコウエン,,231002,,愛知県名古屋市千種区田代町字瓶杁、星が丘山手、天白町大字植田字植田山、東山元町３丁目、４丁目、５丁目、 東山通５丁目、名東区にじが丘一丁目、植園町１丁目、３丁目、藤巻町１丁目、２丁目、３丁目、高針荒田、天白区天白町大字八事字裏山、字山田、昭和区八事富士見,愛知県,名古屋市,,,,本園（ゆめぞの橋）,,,,,6,4,0,2,7,1,6,0,0,0,,有,有,有,,,,,,緑政土木局所管 / 原データ区名=千種区 / 原データ多機能トイレ数=2 / 原データベビーベッド数=3 / 原データベビーチェア数=4
231002,52,愛知県名古屋市,東山公園,ヒガシヤマコウエン,,231002,,愛知県名古屋市千種区田代町字瓶杁、星が丘山手、天白町大字植田字植田山、東山元町３丁目、４丁目、５丁目、 東山通５丁目、名東区にじが丘一丁目、植園町１丁目、３丁目、藤巻町１丁目、２丁目、３丁目、高針荒田、天白区天白町大字八事字裏山、字山田、昭和区八事富士見,愛知県,名古屋市,,,,無料区域（新池駐車場）,,,,,3,2,1,0,2,2,0,0,0,0,,有,有,無,,,,,,緑政土木局所管 / 原データ区名=千種区 / 原データ多機能トイレ数=1 / 原データベビーベッド数=1
231002,53,愛知県名古屋市,東山公園,ヒガシヤマコウエン,,231002,,愛知県名古屋市千種区田代町字瓶杁、星が丘山手、天白町大字植田字植田山、東山元町３丁目、４丁目、５丁目、 東山通５丁目、名東区にじが丘一丁目、植園町１丁目、３丁目、藤巻町１丁目、２丁目、３丁目、高針荒田、天白区天白町大字八事字裏山、字山田、昭和区八事富士見,愛知県,名古屋市,,,,無料区域（正門前駐車場）,,,,,3,2,1,0,2,2,0,0,0,0,,無,無,無,,,,,,緑政土木局所管 / 原データ区名=千種区 / 原データ多機能トイレ数=0
231002,54,愛知県名古屋市,東山公園,ヒガシヤマコウエン,,231002,,愛知県名古屋市千種区田代町字瓶杁、星が丘山手、天白町大字植田字植田山、東山元町３丁目、４丁目、５丁目、 東山通５丁目、名東区にじが丘一丁目、植園町１丁目、３丁目、藤巻町１丁目、２丁目、３丁目、高針荒田、天白区天白町大字八事字裏山、字山田、昭和区八事富士見,愛知県,名古屋市,,,,無料区域（北園門前）,,,,,3,2,1,0,2,2,0,0,0,0,,無,無,無,,,,,,緑政土木局所管 / 原データ区名=千種区 / 原データ多機能トイレ数=0
231002,55,愛知県名古屋市,東山公園,ヒガシヤマコウエン,,231002,,愛知県名古屋市千種区田代町字瓶杁、星が丘山手、天白町大字植田字植田山、東山元町３丁目、４丁目、５丁目、 東山通５丁目、名東区にじが丘一丁目、植園町１丁目、３丁目、藤巻町１丁目、２丁目、３丁目、高針荒田、天白区天白町大字八事字裏山、字山田、昭和区八事富士見,愛知県,名古屋市,,,,無料区域（上池門横）,,,,,3,2,1,0,2,2,0,0,0,0,,無,無,無,,,,,,緑政土木局所管 / 原データ区名=千種区 / 原データ多機能トイレ数=0
231002,56,愛知県名古屋市,東山公園,ヒガシヤマコウエン,,231002,,愛知県名古屋市千種区田代町字瓶杁、星が丘山手、天白町大字植田字植田山、東山元町３丁目、４丁目、５丁目、 東山通５丁目、名東区にじが丘一丁目、植園町１丁目、３丁目、藤巻町１丁目、２丁目、３丁目、高針荒田、天白区天白町大字八事字裏山、字山田、昭和区八事富士見,愛知県,名古屋市,,,,無料区域（新池広場）,,,,,2,2,0,0,0,0,0,1,1,0,,無,無,無,,,,,,緑政土木局所管 / 原データ区名=千種区 / 原データ多機能トイレ数=0
231002,57,愛知県名古屋市,東山公園,ヒガシヤマコウエン,,231002,,愛知県名古屋市千種区田代町字瓶杁、星が丘山手、天白町大字植田字植田山、東山元町３丁目、４丁目、５丁目、 東山通５丁目、名東区にじが丘一丁目、植園町１丁目、３丁目、藤巻町１丁目、２丁目、３丁目、高針荒田、天白区天白町大字八事字裏山、字山田、昭和区八事富士見,愛知県,名古屋市,,,,無料区域（スカイタワー前）、スカイタワー門横と一体構造,,,,,4,3,0,1,3,1,2,0,0,0,,無,無,無,,,,,,緑政土木局所管 / 原データ区名=千種区 / 原データ多機能トイレ数=0
231002,58,愛知県名古屋市,東山公園,ヒガシヤマコウエン,,231002,,愛知県名古屋市千種区田代町字瓶杁、星が丘山手、天白町大字植田字植田山、東山元町３丁目、４丁目、５丁目、 東山通５丁目、名東区にじが丘一丁目、植園町１丁目、３丁目、藤巻町１丁目、２丁目、３丁目、高針荒田、天白区天白町大字八事字裏山、字山田、昭和区八事富士見,愛知県,名古屋市,,,,無料区域（緑橋下駐車場）,,,,,3,2,1,0,2,2,0,0,0,0,,有,無,無,,,,,,緑政土木局所管 / 原データ区名=千種区 / 原データ多機能トイレ数=1
231002,59,愛知県名古屋市,東山公園,ヒガシヤマコウエン,,231002,,愛知県名古屋市千種区田代町字瓶杁、星が丘山手、天白町大字植田字植田山、東山元町３丁目、４丁目、５丁目、 東山通５丁目、名東区にじが丘一丁目、植園町１丁目、３丁目、藤巻町１丁目、２丁目、３丁目、高針荒田、天白区天白町大字八事字裏山、字山田、昭和区八事富士見,愛知県,名古屋市,,,,無料区域（荒池ひろば）,,,,,3,2,1,0,2,2,0,0,0,0,,有,無,無,,,,,,緑政土木局所管 / 原データ区名=千種区 / 原データ多機能トイレ数=1
231002,60,愛知県名古屋市,東山公園,ヒガシヤマコウエン,,231002,,愛知県名古屋市千種区田代町字瓶杁、星が丘山手、天白町大字植田字植田山、東山元町３丁目、４丁目、５丁目、 東山通５丁目、名東区にじが丘一丁目、植園町１丁目、３丁目、藤巻町１丁目、２丁目、３丁目、高針荒田、天白区天白町大字八事字裏山、字山田、昭和区八事富士見,愛知県,名古屋市,,,,展望塔（タワー1階）,,,,,3,2,0,1,2,0,2,0,0,0,,有,有,無,09:00,21:30,,,,緑政土木局所管 / 原データ区名=千種区 / 原データ多機能トイレ数=1 / 原データベビーベッド数=1
231002,61,愛知県名古屋市,東山公園,ヒガシヤマコウエン,,231002,,愛知県名古屋市千種区田代町字瓶杁、星が丘山手、天白町大字植田字植田山、東山元町３丁目、４丁目、５丁目、 東山通５丁目、名東区にじが丘一丁目、植園町１丁目、３丁目、藤巻町１丁目、２丁目、３丁目、高針荒田、天白区天白町大字八事字裏山、字山田、昭和区八事富士見,愛知県,名古屋市,,,,展望塔（タワー1階休憩所）,,,,,0,0,0,0,0,0,0,1,1,0,,無,無,無,09:00,21:30,,,,緑政土木局所管 / 原データ区名=千種区 / 原データ多機能トイレ数=0
231002,62,愛知県名古屋市,東山公園,ヒガシヤマコウエン,,231002,,愛知県名古屋市千種区田代町字瓶杁、星が丘山手、天白町大字植田字植田山、東山元町３丁目、４丁目、５丁目、 東山通５丁目、名東区にじが丘一丁目、植園町１丁目、３丁目、藤巻町１丁目、２丁目、３丁目、高針荒田、天白区天白町大字八事字裏山、字山田、昭和区八事富士見,愛知県,名古屋市,,,,展望塔（タワー4階）,,,,,2,1,0,1,1,0,1,0,0,0,,無,無,無,09:00,21:30,,,,緑政土木局所管 / 原データ区名=千種区 / 原データ多機能トイレ数=0
231002,63,愛知県名古屋市,東山公園,ヒガシヤマコウエン,,231002,,愛知県名古屋市千種区田代町字瓶杁、星が丘山手、天白町大字植田字植田山、東山元町３丁目、４丁目、５丁目、 東山通５丁目、名東区にじが丘一丁目、植園町１丁目、３丁目、藤巻町１丁目、２丁目、３丁目、高針荒田、天白区天白町大字八事字裏山、字山田、昭和区八事富士見,愛知県,名古屋市,,,,展望塔（タワー7階）,,,,,3,2,0,1,2,0,2,0,0,0,,無,有,無,09:00,21:30,,,,緑政土木局所管 / 原データ区名=千種区 / 原データ多機能トイレ数=0 / 原データベビーベッド数=1
231002,64,愛知県名古屋市,平和公園,ヘイワコウエン,,231002,,愛知県名古屋市千種区平和公園一丁目、二丁目、三丁目、猫洞通１丁目、田代町字瓶杁、字鹿子殿、東明町７丁目、新池町２丁目、名東区平和が丘一丁目、二丁目、三丁目、猪高町大字猪子石字栂廻間,愛知県,名古屋市,,,,第二案内所,,,,,3,3,0,0,0,0,0,2,2,0,,無,無,無,,,,,,緑政土木局所管 / 原データ区名=千種区 / 原データ多機能トイレ数=0
231002,65,愛知県名古屋市,平和公園,ヘイワコウエン,,231002,,愛知県名古屋市千種区平和公園一丁目、二丁目、三丁目、猫洞通１丁目、田代町字瓶杁、字鹿子殿、東明町７丁目、新池町２丁目、名東区平和が丘一丁目、二丁目、三丁目、猪高町大字猪子石字栂廻間,愛知県,名古屋市,,,,やすらぎの園,,,,,3,3,0,0,0,0,0,4,4,0,,無,無,無,,,,,,緑政土木局所管 / 原データ区名=千種区 / 原データ多機能トイレ数=0
231002,66,愛知県名古屋市,平和公園,ヘイワコウエン,,231002,,愛知県名古屋市千種区平和公園一丁目、二丁目、三丁目、猫洞通１丁目、田代町字瓶杁、字鹿子殿、東明町７丁目、新池町２丁目、名東区平和が丘一丁目、二丁目、三丁目、猪高町大字猪子石字栂廻間,愛知県,名古屋市,,,,猫ヶ洞池北西,,,,,3,2,1,0,2,2,0,0,0,0,,無,無,無,,,,,,緑政土木局所管 / 原データ区名=千種区 / 原データ多機能トイレ数=0
231002,67,愛知県名古屋市,平和公園,ヘイワコウエン,,231002,,愛知県名古屋市千種区平和公園一丁目、二丁目、三丁目、猫洞通１丁目、田代町字瓶杁、字鹿子殿、東明町７丁目、新池町２丁目、名東区平和が丘一丁目、二丁目、三丁目、猪高町大字猪子石字栂廻間,愛知県,名古屋市,,,,就梅院横,,,,,3,3,0,0,0,0,0,2,1,1,,無,無,無,,,,,,緑政土木局所管 / 原データ区名=千種区 / 原データ多機能トイレ数=0
231002,68,愛知県名古屋市,平和公園,ヘイワコウエン,,231002,,愛知県名古屋市千種区平和公園一丁目、二丁目、三丁目、猫洞通１丁目、田代町字瓶杁、字鹿子殿、東明町７丁目、新池町２丁目、名東区平和が丘一丁目、二丁目、三丁目、猪高町大字猪子石字栂廻間,愛知県,名古屋市,,,,ﾒﾀｾｺｲｱ広場北西,,,,,3,3,0,0,0,0,0,2,2,0,,無,無,無,,,,,,緑政土木局所管 / 原データ区名=千種区 / 原データ多機能トイレ数=0
231002,69,愛知県名古屋市,平和公園,ヘイワコウエン,,231002,,愛知県名古屋市千種区平和公園一丁目、二丁目、三丁目、猫洞通１丁目、田代町字瓶杁、字鹿子殿、東明町７丁目、新池町２丁目、名東区平和が丘一丁目、二丁目、三丁目、猪高町大字猪子石字栂廻間,愛知県,名古屋市,,,,天理教墓地東,,,,,3,3,0,0,0,0,0,2,2,0,,無,無,無,,,,,,緑政土木局所管 / 原データ区名=千種区 / 原データ多機能トイレ数=0
231002,70,愛知県名古屋市,平和公園,ヘイワコウエン,,231002,,愛知県名古屋市千種区平和公園一丁目、二丁目、三丁目、猫洞通１丁目、田代町字瓶杁、字鹿子殿、東明町７丁目、新池町２丁目、名東区平和が丘一丁目、二丁目、三丁目、猪高町大字猪子石字栂廻間,愛知県,名古屋市,,,,平和公園会館東,,,,,3,3,0,0,0,0,0,2,2,0,,無,無,無,,,,,,緑政土木局所管 / 原データ区名=千種区 / 原データ多機能トイレ数=0
231002,71,愛知県名古屋市,平和公園,ヘイワコウエン,,231002,,愛知県名古屋市千種区平和公園一丁目、二丁目、三丁目、猫洞通１丁目、田代町字瓶杁、字鹿子殿、東明町７丁目、新池町２丁目、名東区平和が丘一丁目、二丁目、三丁目、猪高町大字猪子石字栂廻間,愛知県,名古屋市,,,,献体の塔下,,,,,3,2,1,0,2,2,0,0,0,0,,無,無,無,,,,,,緑政土木局所管 / 原データ区名=千種区 / 原データ多機能トイレ数=0
231002,72,愛知県名古屋市,平和公園,ヘイワコウエン,,231002,,愛知県名古屋市千種区平和公園一丁目、二丁目、三丁目、猫洞通１丁目、田代町字瓶杁、字鹿子殿、東明町７丁目、新池町２丁目、名東区平和が丘一丁目、二丁目、三丁目、猪高町大字猪子石字栂廻間,愛知県,名古屋市,,,,浄念寺東,,,,,3,3,0,0,0,0,0,2,2,0,,無,無,無,,,,,,緑政土木局所管 / 原データ区名=千種区 / 原データ多機能トイレ数=0
231002,73,愛知県名古屋市,平和公園,ヘイワコウエン,,231002,,愛知県名古屋市千種区平和公園一丁目、二丁目、三丁目、猫洞通１丁目、田代町字瓶杁、字鹿子殿、東明町７丁目、新池町２丁目、名東区平和が丘一丁目、二丁目、三丁目、猪高町大字猪子石字栂廻間,愛知県,名古屋市,,,,平和公園会館,,,,,5,3,1,1,4,3,1,0,0,0,,有,無,無,,,,,,緑政土木局所管 / 原データ区名=千種区 / 原データ多機能トイレ数=1
231002,74,愛知県名古屋市,平和公園,ヘイワコウエン,,231002,,愛知県名古屋市千種区平和公園一丁目、二丁目、三丁目、猫洞通１丁目、田代町字瓶杁、字鹿子殿、東明町７丁目、新池町２丁目、名東区平和が丘一丁目、二丁目、三丁目、猪高町大字猪子石字栂廻間,愛知県,名古屋市,,,,第一案内所,,,,,6,5,1,0,4,4,0,0,0,0,,無,無,無,,,,,,緑政土木局所管 / 原データ区名=千種区 / 原データ多機能トイレ数=0
231002,75,愛知県名古屋市,平和公園,ヘイワコウエン,,231002,,愛知県名古屋市千種区平和公園一丁目、二丁目、三丁目、猫洞通１丁目、田代町字瓶杁、字鹿子殿、東明町７丁目、新池町２丁目、名東区平和が丘一丁目、二丁目、三丁目、猪高町大字猪子石字栂廻間,愛知県,名古屋市,,,,平和堂西,,,,,3,2,1,0,1,1,0,0,0,0,,無,無,無,,,,,,緑政土木局所管 / 原データ区名=千種区 / 原データ多機能トイレ数=0
231002,76,愛知県名古屋市,平和公園,ヘイワコウエン,,231002,,愛知県名古屋市千種区平和公園一丁目、二丁目、三丁目、猫洞通１丁目、田代町字瓶杁、字鹿子殿、東明町７丁目、新池町２丁目、名東区平和が丘一丁目、二丁目、三丁目、猪高町大字猪子石字栂廻間,愛知県,名古屋市,,,,愛護センター入口,,,,,3,2,1,0,2,2,0,0,0,0,,無,無,無,,,,,,緑政土木局所管 / 原データ区名=千種区 / 原データ多機能トイレ数=0
231002,77,愛知県名古屋市,平和公園,ヘイワコウエン,,231002,,愛知県名古屋市千種区平和公園一丁目、二丁目、三丁目、猫洞通１丁目、田代町字瓶杁、字鹿子殿、東明町７丁目、新池町２丁目、名東区平和が丘一丁目、二丁目、三丁目、猪高町大字猪子石字栂廻間,愛知県,名古屋市,,,,ﾒﾀｾｺｲｱ広場東,,,,,3,2,1,0,2,2,0,0,0,0,,有,無,無,,,,,,緑政土木局所管 / 原データ区名=千種区 / 原データ多機能トイレ数=1
231002,78,愛知県名古屋市,平和公園,ヘイワコウエン,,231002,,愛知県名古屋市千種区平和公園一丁目、二丁目、三丁目、猫洞通１丁目、田代町字瓶杁、字鹿子殿、東明町７丁目、新池町２丁目、名東区平和が丘一丁目、二丁目、三丁目、猪高町大字猪子石字栂廻間,愛知県,名古屋市,,,,アクアタワー西,,,,,3,2,1,0,2,2,0,0,0,0,,有,無,無,,,,,,緑政土木局所管 / 原データ区名=千種区 / 原データ多機能トイレ数=1
231002,79,愛知県名古屋市,平和公園,ヘイワコウエン,,231002,,愛知県名古屋市千種区平和公園一丁目、二丁目、三丁目、猫洞通１丁目、田代町字瓶杁、字鹿子殿、東明町７丁目、新池町２丁目、名東区平和が丘一丁目、二丁目、三丁目、猪高町大字猪子石字栂廻間,愛知県,名古屋市,,,,献体の塔南,,,,,3,2,1,0,2,2,0,0,0,0,,無,無,無,,,,,,緑政土木局所管 / 原データ区名=千種区 / 原データ多機能トイレ数=0
231002,80,愛知県名古屋市,平和公園,ヘイワコウエン,,231002,,愛知県名古屋市千種区平和公園一丁目、二丁目、三丁目、猫洞通１丁目、田代町字瓶杁、字鹿子殿、東明町７丁目、新池町２丁目、名東区平和が丘一丁目、二丁目、三丁目、猪高町大字猪子石字栂廻間,愛知県,名古屋市,,,,南部、里山の家,,,,,3,2,0,1,2,0,2,0,0,0,,有,無,無,,,,,,緑政土木局所管 / 原データ区名=千種区 / 原データ多機能トイレ数=1
231002,81,愛知県名古屋市,白山神社横,ハクサンジンジャヨコ,,231002,,愛知県名古屋市東区矢田町二丁目21,愛知県,名古屋市,,,,,,,,,1,1,0,0,0,0,0,1,1,0,,無,無,無,,,,,,環境局所管 / 原データ区名=東区 / 原データ多機能トイレ数=0
231002,82,愛知県名古屋市,六所社,ロクショシャ,,231002,,愛知県名古屋市東区矢田南一丁目6,愛知県,名古屋市,,,,,,,,,1,1,0,0,0,0,0,1,1,0,,無,無,無,,,,,,環境局所管 / 原データ区名=東区 / 原データ多機能トイレ数=0
231002,83,愛知県名古屋市,竪代官公園,タテダイカンコウエン,,231002,,愛知県名古屋市東区代官町,愛知県,名古屋市,,,,,,,,,1,1,0,0,0,0,0,1,1,0,,無,無,無,,,,,,環境局所管 / 原データ区名=東区 / 原データ多機能トイレ数=0
231002,84,愛知県名古屋市,大幸公園,ダイコウコウエン,,231002,,愛知県名古屋市東区大幸三丁目,愛知県,名古屋市,,,,,,,,,3,2,1,0,1,1,0,0,0,0,,無,無,無,,,,,,緑政土木局所管 / 原データ区名=東区 / 原データ多機能トイレ数=0
231002,85,愛知県名古屋市,大幸公園,ダイコウコウエン,,231002,,愛知県名古屋市東区大幸三丁目,愛知県,名古屋市,,,,,,,,,2,2,0,0,1,1,0,1,0,1,,無,無,無,,,,,,緑政土木局所管 / 原データ区名=東区 / 原データ多機能トイレ数=0
231002,86,愛知県名古屋市,木ケ崎公園,キガサキコウエン,,231002,,愛知県名古屋市東区矢田三丁目,愛知県,名古屋市,,,,,,,,,2,2,0,0,0,0,0,1,1,0,,無,無,無,,,,,,緑政土木局所管 / 原データ区名=東区 / 原データ多機能トイレ数=0
231002,87,愛知県名古屋市,名城公園,メイジョウコウエン,,231002,,愛知県名古屋市中区本丸、二の丸、三の丸一丁目、三の丸二丁目、三の丸三丁目、三の丸四丁目、北区名城一丁目、西区樋の口町、東区白壁一丁目,愛知県,名古屋市,,,,,,,,,3,2,1,0,2,2,0,0,0,0,,無,無,無,,,,,,緑政土木局所管 / 原データ区名=東区 / 原データ多機能トイレ数=0
231002,88,愛知県名古屋市,七小公園,ナナココウエン,,231002,,愛知県名古屋市東区泉二丁目,愛知県,名古屋市,,,,,,,,,2,2,0,0,0,0,0,1,1,0,,無,無,無,,,,,,緑政土木局所管 / 原データ区名=東区 / 原データ多機能トイレ数=0
231002,89,愛知県名古屋市,舎人公園,トネリコウエン,,231002,,愛知県名古屋市東区泉三丁目,愛知県,名古屋市,,,,,,,,,2,1,1,0,1,1,0,0,0,0,,無,無,無,,,,,,緑政土木局所管 / 原データ区名=東区 / 原データ多機能トイレ数=0
231002,90,愛知県名古屋市,布池公園,ヌノイケコウエン,,231002,,愛知県名古屋市東区葵一丁目,愛知県,名古屋市,,,,,,,,,2,1,1,0,1,1,0,0,0,0,,無,無,無,,,,,,緑政土木局所管 / 原データ区名=東区 / 原データ多機能トイレ数=0
231002,91,愛知県名古屋市,黒門公園,クロモンコウエン,,231002,,愛知県名古屋市東区車道町２丁目,愛知県,名古屋市,,,,,,,,,2,2,0,0,0,0,0,1,1,0,,無,無,無,,,,,,緑政土木局所管 / 原データ区名=東区 / 原データ多機能トイレ数=0
231002,92,愛知県名古屋市,矢田公園,ヤダコウエン,,231002,,愛知県名古屋市東区矢田南四丁目,愛知県,名古屋市,,,,,,,,,2,2,0,0,0,0,0,1,0,1,,無,無,無,,,,,,緑政土木局所管 / 原データ区名=東区 / 原データ多機能トイレ数=0
231002,93,愛知県名古屋市,矢田第二公園,ヤダダイニコウエン,,231002,,愛知県名古屋市東区矢田南四丁目,愛知県,名古屋市,,,,,,,,,3,2,1,0,1,1,0,0,0,0,,無,無,無,,,,,,緑政土木局所管 / 原データ区名=東区 / 原データ多機能トイレ数=0
231002,94,愛知県名古屋市,六所社公園,ロクショシャコウエン,,231002,,愛知県名古屋市東区矢田南二丁目,愛知県,名古屋市,,,,,,,,,2,2,0,0,0,0,0,1,0,1,,無,無,無,,,,,,緑政土木局所管 / 原データ区名=東区 / 原データ多機能トイレ数=0
231002,95,愛知県名古屋市,主税町公園,チカラマチコウエン,,231002,,愛知県名古屋市東区主税町２丁目,愛知県,名古屋市,,,,,,,,,2,2,0,0,0,0,0,1,1,0,,無,無,無,,,,,,緑政土木局所管 / 原データ区名=東区 / 原データ多機能トイレ数=0
231002,96,愛知県名古屋市,山吹谷公園,ヤマブキダニコウエン,,231002,,愛知県名古屋市東区橦木町２丁目,愛知県,名古屋市,,,,,,,,,2,2,0,0,0,0,0,1,1,0,,無,無,無,,,,,,緑政土木局所管 / 原データ区名=東区 / 原データ多機能トイレ数=0
231002,97,愛知県名古屋市,新出来公園,シンデキコウエン,,231002,,愛知県名古屋市東区出来町三丁目,愛知県,名古屋市,,,,,,,,,2,2,0,0,0,0,0,1,1,0,,有,無,無,,,,,,緑政土木局所管 / 原データ区名=東区 / 原データ多機能トイレ数=1
231002,98,愛知県名古屋市,東白壁公園,ヒガシシラカベコウエン,,231002,,愛知県名古屋市東区白壁五丁目,愛知県,名古屋市,,,,,,,,,2,2,0,0,0,0,0,1,1,0,,無,無,無,,,,,,緑政土木局所管 / 原データ区名=東区 / 原データ多機能トイレ数=0
231002,99,愛知県名古屋市,大幸第二公園,ダイコウダイニコウエン,,231002,,愛知県名古屋市東区砂田橋三丁目,愛知県,名古屋市,,,,,,,,,3,2,1,0,2,2,0,0,0,0,,無,無,無,,,,,,緑政土木局所管 / 原データ区名=東区 / 原データ多機能トイレ数=0
231002,100,愛知県名古屋市,明倫公園,メイリンコウエン,,231002,,愛知県名古屋市東区出来町一丁目,愛知県,名古屋市,,,,,,,,,2,1,1,0,1,1,0,0,0,0,,無,無,無,,,,,,緑政土木局所管 / 原データ区名=東区 / 原データ多機能トイレ数=0
231002,101,愛知県名古屋市,山田東公園,ヤマダヒガシコウエン,,231002,,愛知県名古屋市東区矢田一丁目,愛知県,名古屋市,,,,,,,,,2,2,0,0,0,0,0,1,1,0,,無,無,無,,,,,,緑政土木局所管 / 原データ区名=東区 / 原データ多機能トイレ数=0
231002,102,愛知県名古屋市,建中寺公園,ケンチュウジコウエン,,231002,,愛知県名古屋市東区筒井一丁目,愛知県,名古屋市,,,,,,,,,2,1,0,1,1,0,1,0,0,0,,無,無,無,,,,,,緑政土木局所管 / 原データ区名=東区 / 原データ多機能トイレ数=0
231002,103,愛知県名古屋市,徳川園,トクガワエン,,231002,,愛知県名古屋市東区徳川町,愛知県,名古屋市,,,,黒門改札口,,,,,5,3,0,2,6,0,6,0,0,0,,有,無,無,09:30,17:30,夜間開園の際、利用時間に変更有。庭園休園日は利用不可。,,,緑政土木局所管 / 原データ区名=東区 / 原データ多機能トイレ数=1
231002,104,愛知県名古屋市,徳川園,トクガワエン,,231002,,愛知県名古屋市東区徳川町,愛知県,名古屋市,,,,観仙楼Ｂ１Ｆ,,,,,4,3,0,2,6,0,6,0,0,0,,有,無,無,09:30,17:30,夜間開園の際、利用時間に変更有。庭園休園日は利用不可。,,,緑政土木局所管 / 原データ区名=東区 / 原データ多機能トイレ数=1
231002,105,愛知県名古屋市,徳川園,トクガワエン,,231002,,愛知県名古屋市東区徳川町,愛知県,名古屋市,,,,黒門付近,,,,,3,2,0,1,2,0,2,0,0,0,,有,有,無,,,,,,緑政土木局所管 / 原データ区名=東区 / 原データ多機能トイレ数=1 / 原データベビーベッド数=1
231002,106,愛知県名古屋市,徳川園,トクガワエン,,231002,,愛知県名古屋市東区徳川町,愛知県,名古屋市,,,,大曽根口,,,,,3,2,0,1,2,0,2,0,0,0,,有,有,無,09:30,17:30,庭園入場者のみ利用可。庭園休園日は利用不可。,,,緑政土木局所管 / 原データ区名=東区 / 原データ多機能トイレ数=1 / 原データベビーベッド数=1
231002,107,愛知県名古屋市,徳川園,トクガワエン,,231002,,愛知県名古屋市東区徳川町,愛知県,名古屋市,,,,児童園,,,,,2,2,0,0,0,0,0,1,1,0,,有,有,無,,,,,,緑政土木局所管 / 原データ区名=東区 / 原データ多機能トイレ数=1 / 原データベビーチェア数=1
231002,108,愛知県名古屋市,御用水跡,ゴヨウスイアト,,231002,,愛知県名古屋市北区真畔町,愛知県,名古屋市,,,,,,,,,2,2,0,0,0,0,0,1,1,0,,無,無,無,,,,,,環境局所管 / 原データ区名=北区 / 原データ多機能トイレ数=0
231002,109,愛知県名古屋市,上飯田南団地,カミイイダミナミダンチ,,231002,,愛知県名古屋市北区上飯田南町4丁目,愛知県,名古屋市,,,,,,,,,2,2,0,0,0,0,0,1,1,0,,無,無,無,,,,,,環境局所管 / 原データ区名=北区 / 原データ多機能トイレ数=0
231002,110,愛知県名古屋市,清水駅南,シミズエキミナミ,,231002,,愛知県名古屋市北区清水2丁目,愛知県,名古屋市,,,,,,,,,2,1,1,0,1,1,0,0,0,0,,無,無,無,,,,,,環境局所管 / 原データ区名=北区 / 原データ多機能トイレ数=0
231002,111,愛知県名古屋市,森下駅北,モリシタエキキタ,,231002,,愛知県名古屋市北区大曽根二丁目1,愛知県,名古屋市,,,,,,,,,2,1,1,0,1,1,0,0,0,0,,無,無,無,,,,,,環境局所管 / 原データ区名=北区 / 原データ多機能トイレ数=0
231002,112,愛知県名古屋市,多奈波太神社東,タナバタジンジャヒガシ,,231002,,愛知県名古屋市北区金城四丁目14,愛知県,名古屋市,,,,,,,,,2,1,1,0,1,1,0,0,0,0,,無,無,無,,,,,,環境局所管 / 原データ区名=北区 / 原データ多機能トイレ数=0
231002,113,愛知県名古屋市,親水広場北,シンスイヒロバキタ,,231002,,愛知県名古屋市北区黒川本通一丁目32,愛知県,名古屋市,,,,,,,,,2,1,1,0,1,1,0,0,0,0,,無,無,無,,,,,,環境局所管 / 原データ区名=北区 / 原データ多機能トイレ数=0
231002,114,愛知県名古屋市,志賀公園,シガコウエン,,231002,,愛知県名古屋市北区平手町２丁目,愛知県,名古屋市,,,,東側,,,,,3,2,1,0,2,2,0,0,0,0,,有,無,無,,,,,,緑政土木局所管 / 原データ区名=北区 / 原データ多機能トイレ数=1
231002,115,愛知県名古屋市,志賀公園,シガコウエン,,231002,,愛知県名古屋市北区平手町２丁目,愛知県,名古屋市,,,,北側,,,,,3,2,1,0,2,2,0,0,0,0,,有,無,無,,,,,,緑政土木局所管 / 原データ区名=北区 / 原データ多機能トイレ数=1
231002,116,愛知県名古屋市,志賀公園,シガコウエン,,231002,,愛知県名古屋市北区平手町２丁目,愛知県,名古屋市,,,,南側,,,,,3,2,1,0,2,2,0,0,0,0,,有,有,無,,,,,,緑政土木局所管 / 原データ区名=北区 / 原データ多機能トイレ数=1 / 原データベビーベッド数=1
231002,117,愛知県名古屋市,田幡公園,タバタコウエン,,231002,,愛知県名古屋市北区金城三丁目,愛知県,名古屋市,,,,,,,,,2,2,0,0,0,0,0,1,1,0,,無,無,無,,,,,,緑政土木局所管 / 原データ区名=北区 / 原データ多機能トイレ数=0
231002,118,愛知県名古屋市,川中公園,カワナカコウエン,,231002,,愛知県名古屋市北区光音寺町字野方、中切町字石原,愛知県,名古屋市,,,,,,,,,2,2,0,0,0,0,0,1,1,0,,無,無,無,,,,,,緑政土木局所管 / 原データ区名=北区 / 原データ多機能トイレ数=0
231002,119,愛知県名古屋市,光音寺公園,コウオンジコウエン,,231002,,愛知県名古屋市北区野方通３丁目、光音寺町字野方,愛知県,名古屋市,,,,,,,,,2,2,0,0,0,0,0,1,1,0,,無,無,無,,,,,,緑政土木局所管 / 原データ区名=北区 / 原データ多機能トイレ数=0
231002,120,愛知県名古屋市,東志賀公園,ヒガシシガコウエン,,231002,,愛知県名古屋市北区志賀町４丁目,愛知県,名古屋市,,,,,,,,,2,2,0,0,2,2,0,1,1,0,,無,無,無,,,,,,緑政土木局所管 / 原データ区名=北区 / 原データ多機能トイレ数=0
231002,121,愛知県名古屋市,稚児宮公園,チゴノミヤコウエン,,231002,,愛知県名古屋市北区稚児宮通２丁目,愛知県,名古屋市,,,,,,,,,2,2,0,0,0,0,0,1,1,0,,無,無,無,,,,,,緑政土木局所管 / 原データ区名=北区 / 原データ多機能トイレ数=0
231002,122,愛知県名古屋市,成願寺公園,ジョウガンジコウエン,,231002,,愛知県名古屋市北区安井二丁目,愛知県,名古屋市,,,,,,,,,2,2,0,0,0,0,0,1,1,0,,無,無,無,,,,,,緑政土木局所管 / 原データ区名=北区 / 原データ多機能トイレ数=0
231002,123,愛知県名古屋市,稲生公園,イノウコウエン,,231002,,愛知県名古屋市北区福徳町字七合、西区稲生町字杁先,愛知県,名古屋市,,,,,,,,,2,2,0,0,0,0,0,1,1,0,,無,無,無,,,,,,緑政土木局所管 / 原データ区名=北区 / 原データ多機能トイレ数=0
231002,124,愛知県名古屋市,清水公園,シミズコウエン,,231002,,愛知県名古屋市北区清水五丁目,愛知県,名古屋市,,,,,,,,,3,2,1,0,2,2,0,0,0,0,,無,無,無,,,,,,緑政土木局所管 / 原データ区名=北区 / 原データ多機能トイレ数=0
231002,125,愛知県名古屋市,柳原公園,ヤナギハラコウエン,,231002,,愛知県名古屋市北区柳原一丁目,愛知県,名古屋市,,,,,,,,,2,1,1,0,1,1,0,0,0,0,,無,無,無,,,,,,緑政土木局所管 / 原データ区名=北区 / 原データ多機能トイレ数=0
231002,126,愛知県名古屋市,大杉公園,オオスギコウエン,,231002,,愛知県名古屋市北区大杉三丁目,愛知県,名古屋市,,,,,,,,,2,2,0,0,0,0,0,1,1,0,,無,無,無,,,,,,緑政土木局所管 / 原データ区名=北区 / 原データ多機能トイレ数=0
231002,127,愛知県名古屋市,萩野公園,ハギノコウエン,,231002,,愛知県名古屋市北区大野町１丁目,愛知県,名古屋市,,,,,,,,,2,2,0,0,0,0,0,1,1,0,,無,無,無,,,,,,緑政土木局所管 / 原データ区名=北区 / 原データ多機能トイレ数=0
231002,128,愛知県名古屋市,成願寺西部公園,ジョウガンジセイブコウエン,,231002,,愛知県名古屋市北区川中町,愛知県,名古屋市,,,,,,,,,2,2,0,0,0,0,0,1,1,0,,無,無,無,,,,,,緑政土木局所管 / 原データ区名=北区 / 原データ多機能トイレ数=0
231002,129,愛知県名古屋市,水分橋緑地,ミズワケバシリョクチ,,231002,,愛知県名古屋市北区成願寺町字米ケ瀬、字西浦、字寺西、字北野、安井町字河野、字薬師浦、米が瀬町、楠町大字味鋺字堂の前、字井之元、字政所、字南山、字生棚、字南中田、字南合戸、字冥加、字名栗,愛知県,名古屋市,,,,米ヶ瀬地区,,,,,2,2,0,0,0,0,0,1,0,1,,無,無,無,,,,,,緑政土木局所管 / 原データ区名=北区 / 原データ多機能トイレ数=0
231002,130,愛知県名古屋市,水分橋緑地,ミズワケバシリョクチ,,231002,,愛知県名古屋市北区成願寺町字米ケ瀬、字西浦、字寺西、字北野、安井町字河野、字薬師浦、米が瀬町、楠町大字味鋺字堂の前、字井之元、字政所、字南山、字生棚、字南中田、字南合戸、字冥加、字名栗,愛知県,名古屋市,,,,矢田川右岸,,,,,2,2,0,0,0,0,0,2,2,0,,無,無,無,,,,,,緑政土木局所管 / 原データ区名=北区 / 原データ多機能トイレ数=0
231002,131,愛知県名古屋市,水分橋緑地,ミズワケバシリョクチ,,231002,,愛知県名古屋市北区成願寺町字米ケ瀬、字西浦、字寺西、字北野、安井町字河野、字薬師浦、米が瀬町、楠町大字味鋺字堂の前、字井之元、字政所、字南山、字生棚、字南中田、字南合戸、字冥加、字名栗,愛知県,名古屋市,,,,庄内川右岸,,,,,3,2,1,0,1,1,0,0,0,0,,無,無,無,,,,,,緑政土木局所管 / 原データ区名=北区 / 原データ多機能トイレ数=0
231002,132,愛知県名古屋市,水分橋緑地,ミズワケバシリョクチ,,231002,,愛知県名古屋市北区成願寺町字米ケ瀬、字西浦、字寺西、字北野、安井町字河野、字薬師浦、米が瀬町、楠町大字味鋺字堂の前、字井之元、字政所、字南山、字生棚、字南中田、字南合戸、字冥加、字名栗,愛知県,名古屋市,,,,矢田川左岸,,,,,2,2,0,0,0,0,0,1,1,0,,無,無,無,,,,,,緑政土木局所管 / 原データ区名=北区 / 原データ多機能トイレ数=0
231002,133,愛知県名古屋市,会所公園,カイショコウエン,,231002,,愛知県名古屋市北区会所町,愛知県,名古屋市,,,,,,,,,2,2,0,0,0,0,0,1,1,0,,無,無,無,,,,,,緑政土木局所管 / 原データ区名=北区 / 原データ多機能トイレ数=0
231002,134,愛知県名古屋市,喜惣治第一公園,キソウジダイイチコウエン,,231002,,愛知県名古屋市北区喜惣治一丁目,愛知県,名古屋市,,,,,,,,,2,2,0,0,0,0,0,1,1,0,,無,無,無,,,,,,緑政土木局所管 / 原データ区名=北区 / 原データ多機能トイレ数=0
231002,135,愛知県名古屋市,菱池公園,ヒシイケコウエン,,231002,,愛知県名古屋市北区五反田町,愛知県,名古屋市,,,,,,,,,2,2,0,0,0,0,0,1,1,0,,無,無,無,,,,,,緑政土木局所管 / 原データ区名=北区 / 原データ多機能トイレ数=0
231002,136,愛知県名古屋市,大山公園,オヤマコウエン,,231002,,愛知県名古屋市北区如意四丁目,愛知県,名古屋市,,,,,,,,,2,2,0,0,0,0,0,1,1,0,,無,無,無,,,,,,緑政土木局所管 / 原データ区名=北区 / 原データ多機能トイレ数=0
231002,137,愛知県名古屋市,喜惣治第二公園,キソウジダイニコウエン,,231002,,愛知県名古屋市北区喜惣治一丁目,愛知県,名古屋市,,,,,,,,,2,2,0,0,0,0,0,1,1,0,,無,無,無,,,,,,緑政土木局所管 / 原データ区名=北区 / 原データ多機能トイレ数=0
231002,138,愛知県名古屋市,上飯田南公園,カミイイダミナミコウエン,,231002,,愛知県名古屋市北区上飯田南町５丁目,愛知県,名古屋市,,,,,,,,,2,2,0,0,0,0,0,1,1,0,,無,無,無,,,,,,緑政土木局所管 / 原データ区名=北区 / 原データ多機能トイレ数=0
231002,139,愛知県名古屋市,味鋺西公園,アジマニシコウエン,,231002,,愛知県名古屋市北区西味鋺三丁目,愛知県,名古屋市,,,,,,,,,2,2,0,0,0,0,0,1,1,0,,無,無,無,,,,,,緑政土木局所管 / 原データ区名=北区 / 原データ多機能トイレ数=0
231002,140,愛知県名古屋市,水分橋東緑地,ミズワケバシヒガシリョクチ,,231002,,愛知県名古屋市北区楠町大字味鋺字外畑,愛知県,名古屋市,,,,,,,,,2,2,0,0,0,0,0,2,2,0,,無,無,無,,,,,,緑政土木局所管 / 原データ区名=北区 / 原データ多機能トイレ数=0
231002,141,愛知県名古屋市,喜惣治第三公園,キソウジダイサンコウエン,,231002,,愛知県名古屋市北区喜惣治一丁目,愛知県,名古屋市,,,,,,,,,2,2,0,0,0,0,0,1,1,0,,無,無,無,,,,,,緑政土木局所管 / 原データ区名=北区 / 原データ多機能トイレ数=0
231002,142,愛知県名古屋市,玄馬公園,ゲンバコウエン,,231002,,愛知県名古屋市北区玄馬町,愛知県,名古屋市,,,,,,,,,2,2,0,0,0,0,0,1,1,0,,無,無,無,,,,,,緑政土木局所管 / 原データ区名=北区 / 原データ多機能トイレ数=0
231002,143,愛知県名古屋市,金作公園,キンサクコウエン,,231002,,愛知県名古屋市北区清水四丁目,愛知県,名古屋市,,,,,,,,,2,2,0,0,0,0,0,1,1,0,,無,無,無,,,,,,緑政土木局所管 / 原データ区名=北区 / 原データ多機能トイレ数=0
231002,144,愛知県名古屋市,すずらん公園,スズランコウエン,,231002,,愛知県名古屋市北区東大杉町４丁目,愛知県,名古屋市,,,,,,,,,2,2,0,0,0,0,0,1,1,0,,無,無,無,,,,,,緑政土木局所管 / 原データ区名=北区 / 原データ多機能トイレ数=0
231002,145,愛知県名古屋市,六が池公園,ロクガイケコウエン,,231002,,愛知県名古屋市北区六が池町,愛知県,名古屋市,,,,,,,,,2,2,0,0,0,0,0,1,1,0,,無,無,無,,,,,,緑政土木局所管 / 原データ区名=北区 / 原データ多機能トイレ数=0
231002,146,愛知県名古屋市,尼ヶ坂公園,アマガサカコウエン,,231002,,愛知県名古屋市北区大杉一丁目、東区白壁三丁目,愛知県,名古屋市,,,,,,,,,2,2,0,0,0,0,0,1,1,0,,無,無,無,,,,,,緑政土木局所管 / 原データ区名=北区 / 原データ多機能トイレ数=0
231002,147,愛知県名古屋市,大我麻公園,オオガマコウエン,,231002,,愛知県名古屋市北区大我麻町,愛知県,名古屋市,,,,,,,,,3,2,0,1,2,1,1,0,0,0,,無,無,無,,,,,,緑政土木局所管 / 原データ区名=北区 / 原データ多機能トイレ数=0
231002,148,愛知県名古屋市,杉村東公園,スギムラヒガシコウエン,,231002,,愛知県名古屋市北区大曽根一丁目,愛知県,名古屋市,,,,,,,,,1,1,0,0,0,0,0,1,0,1,,有,有,無,,,,,,緑政土木局所管 / 原データ区名=北区 / 原データ多機能トイレ数=0 / 原データベビーベッド数=1 / 原データベビーチェア数=1
231002,149,愛知県名古屋市,辻町公園,ツジマチコウエン,,231002,,愛知県名古屋市北区辻町１丁目、大野町５丁目,愛知県,名古屋市,,,,,,,,,2,2,0,0,0,0,0,1,1,0,,無,無,無,,,,,,緑政土木局所管 / 原データ区名=北区 / 原データ多機能トイレ数=0
231002,150,愛知県名古屋市,西杉公園,ニシスギコウエン,,231002,,愛知県名古屋市北区清水二丁目,愛知県,名古屋市,,,,,,,,,2,2,0,0,0,0,0,1,1,0,,無,無,無,,,,,,緑政土木局所管 / 原データ区名=北区 / 原データ多機能トイレ数=0
231002,151,愛知県名古屋市,楠公園,クスノキコウエン,,231002,,愛知県名古屋市北区若鶴町,愛知県,名古屋市,,,,,,,,,2,2,0,0,0,0,0,1,0,1,,無,無,無,,,,,,緑政土木局所管 / 原データ区名=北区 / 原データ多機能トイレ数=0
231002,152,愛知県名古屋市,楠公園,クスノキコウエン,,231002,,愛知県名古屋市北区若鶴町,愛知県,名古屋市,,,,,,,,,3,2,0,1,2,1,1,0,0,0,,有,無,無,,,,,,緑政土木局所管 / 原データ区名=北区 / 原データ多機能トイレ数=1
231002,153,愛知県名古屋市,飯田公園,イイダコウエン,,231002,,愛知県名古屋市北区山田二丁目,愛知県,名古屋市,,,,,,,,,2,2,0,0,0,0,0,1,0,1,,無,無,無,,,,,,緑政土木局所管 / 原データ区名=北区 / 原データ多機能トイレ数=0
231002,154,愛知県名古屋市,ながた公園,ナガタコウエン,,231002,,愛知県名古屋市北区長田町４丁目,愛知県,名古屋市,,,,,,,,,2,2,0,0,0,0,0,1,1,0,,無,無,無,,,,,,緑政土木局所管 / 原データ区名=北区 / 原データ多機能トイレ数=0
231002,155,愛知県名古屋市,味鋺東公園,アジマヒガシコウエン,,231002,,愛知県名古屋市北区東味鋺二丁目,愛知県,名古屋市,,,,,,,,,2,2,0,0,0,0,0,1,1,0,,無,無,無,,,,,,緑政土木局所管 / 原データ区名=北区 / 原データ多機能トイレ数=0
231002,156,愛知県名古屋市,楠味鋺公園,クスノキアジマコウエン,,231002,,愛知県名古屋市北区楠味鋺四丁目,愛知県,名古屋市,,,,,,,,,2,2,0,0,0,0,0,1,1,0,,無,無,無,,,,,,緑政土木局所管 / 原データ区名=北区 / 原データ多機能トイレ数=0
231002,157,愛知県名古屋市,落合公園,オチアイコウエン,,231002,,愛知県名古屋市北区落合町,愛知県,名古屋市,,,,,,,,,2,2,0,0,0,0,0,1,1,0,,無,無,無,,,,,,緑政土木局所管 / 原データ区名=北区 / 原データ多機能トイレ数=0
231002,158,愛知県名古屋市,宮前北公園,ミヤマエキタコウエン,,231002,,愛知県名古屋市北区上飯田東町３丁目,愛知県,名古屋市,,,,,,,,,2,2,0,0,0,0,0,1,1,0,,無,無,無,,,,,,緑政土木局所管 / 原データ区名=北区 / 原データ多機能トイレ数=0
231002,159,愛知県名古屋市,押切第２公園,オシキリダイニコウエン,,231002,,愛知県名古屋市西区押切二丁目4,愛知県,名古屋市,,,,,,,,,1,1,0,0,0,0,0,1,1,0,,無,無,無,,,,,,環境局所管 / 原データ区名=西区 / 原データ多機能トイレ数=0
231002,160,愛知県名古屋市,名古屋城西,ナゴヤジョウニシ,,231002,,愛知県名古屋市西区樋の口町,愛知県,名古屋市,,,,,,,,,2,1,0,1,1,0,1,0,0,0,,無,無,無,,,,,,環境局所管 / 原データ区名=西区 / 原データ多機能トイレ数=0
231002,161,愛知県名古屋市,伊奴神社前,イヌジンジャマエ,,231002,,愛知県名古屋市西区江向町2丁目,愛知県,名古屋市,,,,,,,,,2,1,1,0,1,1,0,0,0,0,,無,無,無,,,,,,環境局所管 / 原データ区名=西区 / 原データ多機能トイレ数=0
231002,162,愛知県名古屋市,洗堰緑地,アライゼキリョクチ,,231002,,愛知県名古屋市西区山田町大字大野木字起返、字野田、字野畑、字洗堰、字瓢箪、字比良脇、字外新田、字東新川、字長田、字薄山、字西新川、字郷前、字下前、字市場屋敷、大字比良字野市場、大字上小田井字坂井戸、字東古川、字天王下、字野方、北区楠町大字如意字新堀、大字味鋺字落合、大字喜惣治新田字中島、福徳町字七合、字溝向、字戸太夫割,愛知県,名古屋市,,,,新川遊水地南西,,,,,2,2,0,0,0,0,0,2,2,0,,無,無,無,,,,,,緑政土木局所管 / 原データ区名=西区 / 原データ多機能トイレ数=0
231002,163,愛知県名古屋市,洗堰緑地,アライゼキリョクチ,,231002,,愛知県名古屋市西区山田町大字大野木字起返、字野田、字野畑、字洗堰、字瓢箪、字比良脇、字外新田、字東新川、字長田、字薄山、字西新川、字郷前、字下前、字市場屋敷、大字比良字野市場、大字上小田井字坂井戸、字東古川、字天王下、字野方、北区楠町大字如意字新堀、大字味鋺字落合、大字喜惣治新田字中島、福徳町字七合、字溝向、字戸太夫割,愛知県,名古屋市,,,,新川遊水地南東,,,,,2,2,0,0,0,0,0,2,2,0,,無,無,無,,,,,,緑政土木局所管 / 原データ区名=西区 / 原データ多機能トイレ数=0
231002,164,愛知県名古屋市,洗堰緑地,アライゼキリョクチ,,231002,,愛知県名古屋市西区山田町大字大野木字起返、字野田、字野畑、字洗堰、字瓢箪、字比良脇、字外新田、字東新川、字長田、字薄山、字西新川、字郷前、字下前、字市場屋敷、大字比良字野市場、大字上小田井字坂井戸、字東古川、字天王下、字野方、北区楠町大字如意字新堀、大字味鋺字落合、大字喜惣治新田字中島、福徳町字七合、字溝向、字戸太夫割,愛知県,名古屋市,,,,新川遊水地中央,,,,,2,2,0,0,0,0,0,2,2,0,,無,無,無,,,,,,緑政土木局所管 / 原データ区名=西区 / 原データ多機能トイレ数=0
231002,165,愛知県名古屋市,洗堰緑地,アライゼキリョクチ,,231002,,愛知県名古屋市西区山田町大字大野木字起返、字野田、字野畑、字洗堰、字瓢箪、字比良脇、字外新田、字東新川、字長田、字薄山、字西新川、字郷前、字下前、字市場屋敷、大字比良字野市場、大字上小田井字坂井戸、字東古川、字天王下、字野方、北区楠町大字如意字新堀、大字味鋺字落合、大字喜惣治新田字中島、福徳町字七合、字溝向、字戸太夫割,愛知県,名古屋市,,,,矢田川左岸,,,,,3,2,1,0,1,1,0,0,0,0,,無,無,無,,,,,,緑政土木局所管 / 原データ区名=西区 / 原データ多機能トイレ数=0
231002,166,愛知県名古屋市,庄内公園,ショウナイコウエン,,231002,,愛知県名古屋市西区稲生町字杁先、字土手、字墓南、字柳原、字定井下、名塚町、堀越町字新替,愛知県,名古屋市,,,,児童園東,,,,,3,2,1,0,1,1,0,0,0,0,,無,無,無,,,,,,緑政土木局所管 / 原データ区名=西区 / 原データ多機能トイレ数=0
231002,167,愛知県名古屋市,庄内公園,ショウナイコウエン,,231002,,愛知県名古屋市西区稲生町字杁先、字土手、字墓南、字柳原、字定井下、名塚町、堀越町字新替,愛知県,名古屋市,,,,河川敷,,,,,2,2,0,0,0,0,0,2,2,0,,無,無,無,,,,,,緑政土木局所管 / 原データ区名=西区 / 原データ多機能トイレ数=0
231002,168,愛知県名古屋市,児玉公園,コダマコウエン,,231002,,愛知県名古屋市西区万代町２丁目,愛知県,名古屋市,,,,,,,,,2,2,0,0,0,0,0,1,0,1,,無,無,無,,,,,,緑政土木局所管 / 原データ区名=西区 / 原データ多機能トイレ数=0
231002,169,愛知県名古屋市,上名古屋公園,カミナゴヤコウエン,,231002,,愛知県名古屋市西区上名古屋三丁目,愛知県,名古屋市,,,,,,,,,2,1,0,1,1,0,1,0,0,0,,有,有,無,,,,,,緑政土木局所管 / 原データ区名=西区 / 原データ多機能トイレ数=1 / 原データベビーベッド数=1 / 原データベビーチェア数=3
231002,170,愛知県名古屋市,児玉南公園,コダマミナミコウエン,,231002,,愛知県名古屋市西区児玉三丁目,愛知県,名古屋市,,,,,,,,,2,2,0,0,0,0,0,1,1,0,,無,無,無,,,,,,緑政土木局所管 / 原データ区名=西区 / 原データ多機能トイレ数=0
231002,171,愛知県名古屋市,早苗公園,サナエコウエン,,231002,,愛知県名古屋市西区名駅二丁目、中村区名駅二丁目,愛知県,名古屋市,,,,,,,,,2,2,0,0,0,0,0,1,1,0,,無,無,無,,,,,,緑政土木局所管 / 原データ区名=西区 / 原データ多機能トイレ数=0
231002,172,愛知県名古屋市,桜木公園,サクラギコウエン,,231002,,愛知県名古屋市西区菊井一丁目,愛知県,名古屋市,,,,,,,,,3,2,0,1,2,0,2,0,0,0,,有,無,無,,,,,,緑政土木局所管 / 原データ区名=西区 / 原データ多機能トイレ数=1
231002,173,愛知県名古屋市,城西公園,ジョウサイコウエン,,231002,,愛知県名古屋市西区城西三丁目,愛知県,名古屋市,,,,,,,,,2,2,0,0,0,0,0,1,0,1,,無,無,無,,,,,,緑政土木局所管 / 原データ区名=西区 / 原データ多機能トイレ数=0
231002,174,愛知県名古屋市,押切公園,オシキリコウエン,,231002,,愛知県名古屋市西区天神山町、浄心二丁目,愛知県,名古屋市,,,,ｹﾞｰﾄﾎﾞｰﾙ場北,,,,,2,2,0,0,0,0,0,1,1,0,,無,無,無,,,,,,緑政土木局所管 / 原データ区名=西区 / 原データ多機能トイレ数=0
231002,175,愛知県名古屋市,押切公園,オシキリコウエン,,231002,,愛知県名古屋市西区天神山町、浄心二丁目,愛知県,名古屋市,,,,ｹﾞｰﾄﾎﾞｰﾙ場北,,,,,0,0,0,0,0,0,0,0,0,0,,有,無,無,,,,,,緑政土木局所管 / 原データ区名=西区 / 原データ多機能トイレ数=1
231002,176,愛知県名古屋市,押切公園,オシキリコウエン,,231002,,愛知県名古屋市西区天神山町、浄心二丁目,愛知県,名古屋市,,,,野球場北,,,,,1,1,0,0,0,0,0,1,1,0,,無,無,無,,,,,,緑政土木局所管 / 原データ区名=西区 / 原データ多機能トイレ数=0
231002,177,愛知県名古屋市,新福寺公園,シンプクジコウエン,,231002,,愛知県名古屋市西区新福寺町２丁目,愛知県,名古屋市,,,,,,,,,3,2,0,1,2,0,2,0,0,0,,無,無,無,,,,,,緑政土木局所管 / 原データ区名=西区 / 原データ多機能トイレ数=0
231002,178,愛知県名古屋市,堀越公園,ホリコシコウエン,,231002,,愛知県名古屋市西区堀越二丁目,愛知県,名古屋市,,,,,,,,,2,2,0,0,0,0,0,1,1,0,,無,無,無,,,,,,緑政土木局所管 / 原データ区名=西区 / 原データ多機能トイレ数=0
231002,179,愛知県名古屋市,江西公園,エニシコウエン,,231002,,愛知県名古屋市西区菊井二丁目,愛知県,名古屋市,,,,,,,,,2,2,0,0,0,0,0,1,1,0,,無,無,無,,,,,,緑政土木局所管 / 原データ区名=西区 / 原データ多機能トイレ数=0
231002,180,愛知県名古屋市,花ノ木公園,ハナノキコウエン,,231002,,愛知県名古屋市西区花の木二丁目,愛知県,名古屋市,,,,,,,,,2,1,1,0,1,1,0,0,0,0,,無,無,無,,,,,,緑政土木局所管 / 原データ区名=西区 / 原データ多機能トイレ数=0
231002,181,愛知県名古屋市,榎公園,エノキコウエン,,231002,,愛知県名古屋市西区押切一丁目,愛知県,名古屋市,,,,,,,,,1,1,0,0,0,0,0,0,0,0,,有,有,無,,,,,,緑政土木局所管 / 原データ区名=西区 / 原データ多機能トイレ数=1 / 原データベビーベッド数=1 / 原データベビーチェア数=1
231002,182,愛知県名古屋市,中浦公園,ナカウラコウエン,,231002,,愛知県名古屋市西区上小田井一丁目,愛知県,名古屋市,,,,,,,,,2,2,0,0,0,0,0,1,1,0,,無,無,無,,,,,,緑政土木局所管 / 原データ区名=西区 / 原データ多機能トイレ数=0
231002,183,愛知県名古屋市,由池公園,ヨシイケコウエン,,231002,,愛知県名古屋市西区市場木町,愛知県,名古屋市,,,,,,,,,1,1,0,0,0,0,0,0,0,0,,有,無,無,,,,,,緑政土木局所管 / 原データ区名=西区 / 原データ多機能トイレ数=1 / 原データベビーベッド数=1 / 原データベビーチェア数=1
231002,184,愛知県名古屋市,坂井戸公園,サカイドコウエン,,231002,,愛知県名古屋市西区坂井戸町,愛知県,名古屋市,,,,,,,,,2,2,0,0,0,0,0,1,1,0,,無,無,無,,,,,,緑政土木局所管 / 原データ区名=西区 / 原データ多機能トイレ数=0
231002,185,愛知県名古屋市,大木曽公園,オオギソコウエン,,231002,,愛知県名古屋市西区中小田井五丁目,愛知県,名古屋市,,,,,,,,,2,2,0,0,0,0,0,1,1,0,,無,無,無,,,,,,緑政土木局所管 / 原データ区名=西区 / 原データ多機能トイレ数=0
231002,186,愛知県名古屋市,二之条公園,ニノジョウコウエン,,231002,,愛知県名古屋市西区中小田井二丁目,愛知県,名古屋市,,,,,,,,,2,2,0,0,0,0,0,1,1,0,,無,無,無,,,,,,緑政土木局所管 / 原データ区名=西区 / 原データ多機能トイレ数=0
231002,187,愛知県名古屋市,作之内公園,サクノウチコウエン,,231002,,愛知県名古屋市西区清里町,愛知県,名古屋市,,,,,,,,,2,2,0,0,0,0,0,1,1,0,,無,無,無,,,,,,緑政土木局所管 / 原データ区名=西区 / 原データ多機能トイレ数=0
231002,188,愛知県名古屋市,宮裏公園,ミヤウラコウエン,,231002,,愛知県名古屋市西区比良三丁目,愛知県,名古屋市,,,,,,,,,2,2,0,0,0,0,0,1,0,1,,無,無,無,,,,,,緑政土木局所管 / 原データ区名=西区 / 原データ多機能トイレ数=0
231002,189,愛知県名古屋市,天神公園,テンジンコウエン,,231002,,愛知県名古屋市西区比良三丁目,愛知県,名古屋市,,,,,,,,,2,2,0,0,0,0,0,1,1,0,,無,無,無,,,,,,緑政土木局所管 / 原データ区名=西区 / 原データ多機能トイレ数=0
231002,190,愛知県名古屋市,洗堰緑地,アライゼキリョクチ,,231002,,愛知県名古屋市西区山田町大字大野木字起返、字野田、字野畑、字洗堰、字瓢箪、字比良脇、字外新田、字東新川、字長田、字薄山、字西新川、字郷前、字下前、字市場屋敷、大字比良字野市場、大字上小田井字坂井戸、字東古川、字天王下、字野方、北区楠町大字如意字新堀、大字味鋺字落合、大字喜惣治新田字中島、福徳町字七合、字溝向、字戸太夫割,愛知県,名古屋市,,,,,,,,,2,2,0,0,0,0,0,2,2,0,,無,無,無,,,,,,緑政土木局所管 / 原データ区名=西区 / 原データ多機能トイレ数=0
231002,191,愛知県名古屋市,中沼西公園,ナカヌマニシコウエン,,231002,,愛知県名古屋市西区中沼町,愛知県,名古屋市,,,,,,,,,2,2,0,0,0,0,0,1,1,0,,無,無,無,,,,,,緑政土木局所管 / 原データ区名=西区 / 原データ多機能トイレ数=0
231002,192,愛知県名古屋市,横井公園,ヨコイコウエン,,231002,,愛知県名古屋市西区浮野町,愛知県,名古屋市,,,,,,,,,2,2,0,0,0,0,0,1,1,0,,無,無,無,,,,,,緑政土木局所管 / 原データ区名=西区 / 原データ多機能トイレ数=0
231002,193,愛知県名古屋市,鍛冶公園,カジコウエン,,231002,,愛知県名古屋市西区平出町,愛知県,名古屋市,,,,,,,,,2,2,0,0,0,0,0,1,1,0,,無,無,無,,,,,,緑政土木局所管 / 原データ区名=西区 / 原データ多機能トイレ数=0
231002,194,愛知県名古屋市,山ノ木公園,ヤマノキコウエン,,231002,,愛知県名古屋市西区山木二丁目,愛知県,名古屋市,,,,,,,,,2,2,0,0,0,0,0,1,1,0,,無,無,無,,,,,,緑政土木局所管 / 原データ区名=西区 / 原データ多機能トイレ数=0
231002,195,愛知県名古屋市,上橋公園,カミバシコウエン,,231002,,愛知県名古屋市西区上橋町,愛知県,名古屋市,,,,,,,,,2,2,0,0,0,0,0,1,1,0,,無,無,無,,,,,,緑政土木局所管 / 原データ区名=西区 / 原データ多機能トイレ数=0
231002,196,愛知県名古屋市,道間公園,ミチアイコウエン,,231002,,愛知県名古屋市西区八筋町,愛知県,名古屋市,,,,,,,,,2,2,0,0,0,0,0,1,1,0,,無,無,無,,,,,,緑政土木局所管 / 原データ区名=西区 / 原データ多機能トイレ数=0
231002,197,愛知県名古屋市,五才美公園,ゴサイビコウエン,,231002,,愛知県名古屋市西区五才美町,愛知県,名古屋市,,,,,,,,,2,2,0,0,0,0,0,1,1,0,,無,無,無,,,,,,緑政土木局所管 / 原データ区名=西区 / 原データ多機能トイレ数=0
231002,198,愛知県名古屋市,中小田井公園,ナカオタイコウエン,,231002,,愛知県名古屋市西区中小田井二丁目,愛知県,名古屋市,,,,,,,,,2,2,0,0,0,0,0,1,1,0,,無,無,無,,,,,,緑政土木局所管 / 原データ区名=西区 / 原データ多機能トイレ数=0
231002,199,愛知県名古屋市,中小田井公園,ナカオタイコウエン,,231002,,愛知県名古屋市西区中小田井二丁目,愛知県,名古屋市,,,,,,,,,0,0,0,0,0,0,0,0,0,0,,有,無,無,,,,,,緑政土木局所管 / 原データ区名=西区 / 原データ多機能トイレ数=1
231002,200,愛知県名古屋市,西原公園,ニシハラコウエン,,231002,,愛知県名古屋市西区西原町,愛知県,名古屋市,,,,,,,,,3,2,0,1,2,0,2,0,0,0,,有,無,無,,,,,,緑政土木局所管 / 原データ区名=西区 / 原データ多機能トイレ数=1
231002,201,愛知県名古屋市,幅下公園,ハバシタコウエン,,231002,,愛知県名古屋市西区幅下一丁目,愛知県,名古屋市,,,,,,,,,2,1,0,1,1,0,1,0,0,0,,有,有,無,,,,,,緑政土木局所管 / 原データ区名=西区 / 原データ多機能トイレ数=1 / 原データベビーベッド数=1 / 原データベビーチェア数=3
231002,202,愛知県名古屋市,白菊公園,シラギクコウエン,,231002,,愛知県名古屋市西区枇杷島四丁目,愛知県,名古屋市,,,,,,,,,2,1,1,0,1,1,0,0,0,0,,無,無,無,,,,,,緑政土木局所管 / 原データ区名=西区 / 原データ多機能トイレ数=0
231002,203,愛知県名古屋市,平中公園,ヒラナカコウエン,,231002,,愛知県名古屋市西区平中町,愛知県,名古屋市,,,,,,,,,2,2,0,0,0,0,0,1,1,0,,無,無,無,,,,,,緑政土木局所管 / 原データ区名=西区 / 原データ多機能トイレ数=0
231002,204,愛知県名古屋市,宝地公園,ホウチコウエン,,231002,,愛知県名古屋市西区宝地町,愛知県,名古屋市,,,,,,,,,2,2,0,0,0,0,0,1,1,0,,無,無,無,,,,,,緑政土木局所管 / 原データ区名=西区 / 原データ多機能トイレ数=0
231002,205,愛知県名古屋市,南押切公園,ミナミオシキリコウエン,,231002,,愛知県名古屋市西区則武新町二丁目,愛知県,名古屋市,,,,,,,,,2,2,0,0,0,0,0,1,1,0,,無,無,無,,,,,,緑政土木局所管 / 原データ区名=西区 / 原データ多機能トイレ数=0
231002,206,愛知県名古屋市,八反公園,ハッタンコウエン,,231002,,愛知県名古屋市西区花原町,愛知県,名古屋市,,,,,,,,,2,2,0,0,0,0,0,1,1,0,,無,無,無,,,,,,緑政土木局所管 / 原データ区名=西区 / 原データ多機能トイレ数=0
231002,207,愛知県名古屋市,平塚公園,ヒラツカコウエン,,231002,,愛知県名古屋市西区八筋町,愛知県,名古屋市,,,,,,,,,2,2,0,0,0,0,0,1,1,0,,無,無,無,,,,,,緑政土木局所管 / 原データ区名=西区 / 原データ多機能トイレ数=0
231002,208,愛知県名古屋市,見寄公園,ミヨリコウエン,,231002,,愛知県名古屋市西区見寄町,愛知県,名古屋市,,,,,,,,,2,2,0,0,0,0,0,1,1,0,,無,無,無,,,,,,緑政土木局所管 / 原データ区名=西区 / 原データ多機能トイレ数=0
231002,209,愛知県名古屋市,五町公園,ゴチョウコウエン,,231002,,愛知県名古屋市西区五才美町,愛知県,名古屋市,,,,,,,,,3,2,0,1,2,0,2,0,0,0,,有,無,無,,,,,,緑政土木局所管 / 原データ区名=西区 / 原データ多機能トイレ数=1
231002,210,愛知県名古屋市,あし原公園,アシハラコウエン,,231002,,愛知県名古屋市西区あし原町,愛知県,名古屋市,,,,,,,,,1,1,0,0,0,0,0,1,0,1,,無,無,無,,,,,,緑政土木局所管 / 原データ区名=西区 / 原データ多機能トイレ数=0
231002,211,愛知県名古屋市,琵琶里公園,ビワザトコウエン,,231002,,愛知県名古屋市西区枇杷島五丁目,愛知県,名古屋市,,,,,,,,,1,1,0,0,0,0,0,0,0,0,,有,有,無,,,,,,緑政土木局所管 / 原データ区名=西区 / 原データ多機能トイレ数=1 / 原データベビーベッド数=1 / 原データベビーチェア数=1
231002,212,愛知県名古屋市,栄生公園,サコウコウエン,,231002,,愛知県名古屋市西区栄生一丁目,愛知県,名古屋市,,,,,,,,,3,2,1,0,2,2,0,0,0,0,,有,無,無,,,,,,緑政土木局所管 / 原データ区名=西区 / 原データ多機能トイレ数=1
231002,213,愛知県名古屋市,庄内緑地,ショウナイコウエン,,231002,,愛知県名古屋市西区山田町大字上小田井字水方、字赤池、字東古川、字敷地、字大割、字文衛前、字西古川、字敷地、字大割、字文衛前、字西古川、字中島、字由池、字宮前、字川瀬先、大字中小田井字東野方、字野方、字東末新田、字中野方、字五反畑、字西蒲、字末新田、字三番割、字重畑、字内畑、字三右エ門裏、字大縄場、字高畑、字堤北下レ、字川下レ、字西堤、字伊勢林、字寺野、字池畑、字下見取、字北河原、字芳池、字東出、字高土井、字藤島、字拾町、字元屋敷、字西河原、字蒲割、字蒲、字大根畑、字西川原,愛知県,名古屋市,,,,西土木事務所管理,,,,,2,2,0,0,0,0,0,2,2,0,,無,無,無,,,,,,緑政土木局所管 / 原データ区名=西区 / 原データ多機能トイレ数=0
231002,214,愛知県名古屋市,新道中央公園,シンミチチュウオウコウエン,,231002,,愛知県名古屋市西区新道二丁目,愛知県,名古屋市,,,,,,,,,3,2,1,0,2,1,1,0,0,0,,有,無,無,,,,,,緑政土木局所管 / 原データ区名=西区 / 原データ多機能トイレ数=1
231002,215,愛知県名古屋市,枇杷島公園,ビワジマコウエン,,231002,,愛知県名古屋市西区枇把島一丁目,愛知県,名古屋市,,,,,,,,,2,2,0,0,0,0,0,1,1,0,,無,無,無,,,,,,緑政土木局所管 / 原データ区名=西区 / 原データ多機能トイレ数=0
231002,216,愛知県名古屋市,赤城公園,アカシロコウエン,,231002,,愛知県名古屋市西区赤城町,愛知県,名古屋市,,,,,,,,,2,2,0,0,0,0,0,1,1,0,,無,無,無,,,,,,緑政土木局所管 / 原データ区名=西区 / 原データ多機能トイレ数=0
231002,217,愛知県名古屋市,南押切中央公園,ミナミオシキリチュウオウコウエン,,231002,,愛知県名古屋市西区則武新町一丁目,愛知県,名古屋市,,,,,,,,,2,2,0,0,0,0,0,1,1,0,,無,無,無,,,,,,緑政土木局所管 / 原データ区名=西区 / 原データ多機能トイレ数=0
231002,218,愛知県名古屋市,蛇池公園,ジャイケコウエン,,231002,,愛知県名古屋市西区山田町大字大野木字起返、大字比良字野市場,愛知県,名古屋市,,,,南,,,,,2,2,0,0,0,0,0,1,1,0,,無,無,無,,,,,,緑政土木局所管 / 原データ区名=西区 / 原データ多機能トイレ数=0
231002,219,愛知県名古屋市,蛇池公園,ジャイケコウエン,,231002,,愛知県名古屋市西区山田町大字大野木字起返、大字比良字野市場,愛知県,名古屋市,,,,北,,,,,2,2,0,0,0,0,0,1,1,0,,無,無,無,,,,,,緑政土木局所管 / 原データ区名=西区 / 原データ多機能トイレ数=0
231002,220,愛知県名古屋市,蛇池公園,ジャイケコウエン,,231002,,愛知県名古屋市西区山田町大字大野木字起返、大字比良字野市場,愛知県,名古屋市,,,,中央,,,,,3,2,1,0,2,2,0,0,0,0,,有,無,無,,,,,,緑政土木局所管 / 原データ区名=西区 / 原データ多機能トイレ数=1
231002,221,愛知県名古屋市,庄内緑地,ショウナイリョクチ,,231002,,愛知県名古屋市西区山田町大字上小田井字水方、字赤池、字東古川、字敷地、字大割、字文衛前、字西古川、字敷地、字大割、字文衛前、字西古川、字中島、字由池、字宮前、字川瀬先、大字中小田井字東野方、字野方、字東末新田、字中野方、字五反畑、字西蒲、字末新田、字三番割、字重畑、字内畑、字三右エ門裏、字大縄場、字高畑、字堤北下レ、字川下レ、字西堤、字伊勢林、字寺野、字池畑、字下見取、字北河原、字芳池、字東出、字高土井、字藤島、字拾町、字元屋敷、字西河原、字蒲割、字蒲、字大根畑、字西川原,愛知県,名古屋市,,,,サイクリングセンター北側トイレ,,,,,4,3,1,0,3,3,0,0,0,0,,無,無,無,,,,,,緑政土木局所管 / 原データ区名=西区 / 原データ多機能トイレ数=0
231002,222,愛知県名古屋市,庄内緑地,ショウナイリョクチ,,231002,,愛知県名古屋市西区山田町大字上小田井字水方、字赤池、字東古川、字敷地、字大割、字文衛前、字西古川、字敷地、字大割、字文衛前、字西古川、字中島、字由池、字宮前、字川瀬先、大字中小田井字東野方、字野方、字東末新田、字中野方、字五反畑、字西蒲、字末新田、字三番割、字重畑、字内畑、字三右エ門裏、字大縄場、字高畑、字堤北下レ、字川下レ、字西堤、字伊勢林、字寺野、字池畑、字下見取、字北河原、字芳池、字東出、字高土井、字藤島、字拾町、字元屋敷、字西河原、字蒲割、字蒲、字大根畑、字西川原,愛知県,名古屋市,,,,グリーンプラザ１Ｆ,,,,,6,4,1,1,4,1,3,0,0,0,,有,有,無,09:00,16:45,開館日のみ使用可能,,,緑政土木局所管 / 原データ区名=西区 / 原データ多機能トイレ数=1 / 原データベビーベッド数=1
231002,223,愛知県名古屋市,庄内緑地,ショウナイリョクチ,,231002,,愛知県名古屋市西区山田町大字上小田井字水方、字赤池、字東古川、字敷地、字大割、字文衛前、字西古川、字敷地、字大割、字文衛前、字西古川、字中島、字由池、字宮前、字川瀬先、大字中小田井字東野方、字野方、字東末新田、字中野方、字五反畑、字西蒲、字末新田、字三番割、字重畑、字内畑、字三右エ門裏、字大縄場、字高畑、字堤北下レ、字川下レ、字西堤、字伊勢林、字寺野、字池畑、字下見取、字北河原、字芳池、字東出、字高土井、字藤島、字拾町、字元屋敷、字西河原、字蒲割、字蒲、字大根畑、字西川原,愛知県,名古屋市,,,,グリーンプラザ２Ｆ,,,,,5,3,1,1,3,2,1,0,0,0,,無,無,無,09:00,16:45,開館日のみ使用可能,,,緑政土木局所管 / 原データ区名=西区 / 原データ多機能トイレ数=0
231002,224,愛知県名古屋市,庄内緑地,ショウナイリョクチ,,231002,,愛知県名古屋市西区山田町大字上小田井字水方、字赤池、字東古川、字敷地、字大割、字文衛前、字西古川、字敷地、字大割、字文衛前、字西古川、字中島、字由池、字宮前、字川瀬先、大字中小田井字東野方、字野方、字東末新田、字中野方、字五反畑、字西蒲、字末新田、字三番割、字重畑、字内畑、字三右エ門裏、字大縄場、字高畑、字堤北下レ、字川下レ、字西堤、字伊勢林、字寺野、字池畑、字下見取、字北河原、字芳池、字東出、字高土井、字藤島、字拾町、字元屋敷、字西河原、字蒲割、字蒲、字大根畑、字西川原,愛知県,名古屋市,,,,南館,,,,,2,1,1,0,1,1,0,0,0,0,,無,無,無,09:00,16:45,イベント開催時のみ使用可能,,,緑政土木局所管 / 原データ区名=西区 / 原データ多機能トイレ数=0
231002,225,愛知県名古屋市,庄内緑地,ショウナイリョクチ,,231002,,愛知県名古屋市西区山田町大字上小田井字水方、字赤池、字東古川、字敷地、字大割、字文衛前、字西古川、字敷地、字大割、字文衛前、字西古川、字中島、字由池、字宮前、字川瀬先、大字中小田井字東野方、字野方、字東末新田、字中野方、字五反畑、字西蒲、字末新田、字三番割、字重畑、字内畑、字三右エ門裏、字大縄場、字高畑、字堤北下レ、字川下レ、字西堤、字伊勢林、字寺野、字池畑、字下見取、字北河原、字芳池、字東出、字高土井、字藤島、字拾町、字元屋敷、字西河原、字蒲割、字蒲、字大根畑、字西川原,愛知県,名古屋市,,,,ゲートボール場,,,,,2,0,2,0,2,2,0,0,0,0,,無,無,無,,,,,,緑政土木局所管 / 原データ区名=西区 / 原データ多機能トイレ数=0
231002,226,愛知県名古屋市,庄内緑地,ショウナイリョクチ,,231002,,愛知県名古屋市西区山田町大字上小田井字水方、字赤池、字東古川、字敷地、字大割、字文衛前、字西古川、字敷地、字大割、字文衛前、字西古川、字中島、字由池、字宮前、字川瀬先、大字中小田井字東野方、字野方、字東末新田、字中野方、字五反畑、字西蒲、字末新田、字三番割、字重畑、字内畑、字三右エ門裏、字大縄場、字高畑、字堤北下レ、字川下レ、字西堤、字伊勢林、字寺野、字池畑、字下見取、字北河原、字芳池、字東出、字高土井、字藤島、字拾町、字元屋敷、字西河原、字蒲割、字蒲、字大根畑、字西川原,愛知県,名古屋市,,,,ピクニック広場,,,,,4,3,0,1,4,0,4,0,0,0,,有,有,無,,,,,,緑政土木局所管 / 原データ区名=西区 / 原データ多機能トイレ数=1 / 原データベビーベッド数=1 / 原データベビーチェア数=6
231002,227,愛知県名古屋市,庄内緑地,ショウナイリョクチ,,231002,,愛知県名古屋市西区山田町大字上小田井字水方、字赤池、字東古川、字敷地、字大割、字文衛前、字西古川、字敷地、字大割、字文衛前、字西古川、字中島、字由池、字宮前、字川瀬先、大字中小田井字東野方、字野方、字東末新田、字中野方、字五反畑、字西蒲、字末新田、字三番割、字重畑、字内畑、字三右エ門裏、字大縄場、字高畑、字堤北下レ、字川下レ、字西堤、字伊勢林、字寺野、字池畑、字下見取、字北河原、字芳池、字東出、字高土井、字藤島、字拾町、字元屋敷、字西河原、字蒲割、字蒲、字大根畑、字西川原,愛知県,名古屋市,,,,野鳥の森,,,,,2,2,0,0,0,0,0,2,2,0,,無,無,無,,,,,,緑政土木局所管 / 原データ区名=西区 / 原データ多機能トイレ数=0
231002,228,愛知県名古屋市,庄内緑地,ショウナイリョクチ,,231002,,愛知県名古屋市西区山田町大字上小田井字水方、字赤池、字東古川、字敷地、字大割、字文衛前、字西古川、字敷地、字大割、字文衛前、字西古川、字中島、字由池、字宮前、字川瀬先、大字中小田井字東野方、字野方、字東末新田、字中野方、字五反畑、字西蒲、字末新田、字三番割、字重畑、字内畑、字三右エ門裏、字大縄場、字高畑、字堤北下レ、字川下レ、字西堤、字伊勢林、字寺野、字池畑、字下見取、字北河原、字芳池、字東出、字高土井、字藤島、字拾町、字元屋敷、字西河原、字蒲割、字蒲、字大根畑、字西川原,愛知県,名古屋市,,,,テニスコート,,,,,2,2,0,0,0,0,0,2,2,0,,無,無,無,,,,,,緑政土木局所管 / 原データ区名=西区 / 原データ多機能トイレ数=0
231002,229,愛知県名古屋市,庄内緑地,ショウナイリョクチ,,231002,,愛知県名古屋市西区山田町大字上小田井字水方、字赤池、字東古川、字敷地、字大割、字文衛前、字西古川、字敷地、字大割、字文衛前、字西古川、字中島、字由池、字宮前、字川瀬先、大字中小田井字東野方、字野方、字東末新田、字中野方、字五反畑、字西蒲、字末新田、字三番割、字重畑、字内畑、字三右エ門裏、字大縄場、字高畑、字堤北下レ、字川下レ、字西堤、字伊勢林、字寺野、字池畑、字下見取、字北河原、字芳池、字東出、字高土井、字藤島、字拾町、字元屋敷、字西河原、字蒲割、字蒲、字大根畑、字西川原,愛知県,名古屋市,,,,第3駐車場,,,,,0,0,0,0,0,0,0,4,4,0,,無,無,無,,,,,,緑政土木局所管 / 原データ区名=西区 / 原データ多機能トイレ数=0
231002,230,愛知県名古屋市,庄内緑地,ショウナイリョクチ,,231002,,愛知県名古屋市西区山田町大字上小田井字水方、字赤池、字東古川、字敷地、字大割、字文衛前、字西古川、字敷地、字大割、字文衛前、字西古川、字中島、字由池、字宮前、字川瀬先、大字中小田井字東野方、字野方、字東末新田、字中野方、字五反畑、字西蒲、字末新田、字三番割、字重畑、字内畑、字三右エ門裏、字大縄場、字高畑、字堤北下レ、字川下レ、字西堤、字伊勢林、字寺野、字池畑、字下見取、字北河原、字芳池、字東出、字高土井、字藤島、字拾町、字元屋敷、字西河原、字蒲割、字蒲、字大根畑、字西川原,愛知県,名古屋市,,,,第2駐車場,,,,,0,0,0,0,0,0,0,4,4,0,,無,無,無,,,,,,緑政土木局所管 / 原データ区名=西区 / 原データ多機能トイレ数=0
231002,231,愛知県名古屋市,庄内緑地,ショウナイリョクチ,,231002,,愛知県名古屋市西区山田町大字上小田井字水方、字赤池、字東古川、字敷地、字大割、字文衛前、字西古川、字敷地、字大割、字文衛前、字西古川、字中島、字由池、字宮前、字川瀬先、大字中小田井字東野方、字野方、字東末新田、字中野方、字五反畑、字西蒲、字末新田、字三番割、字重畑、字内畑、字三右エ門裏、字大縄場、字高畑、字堤北下レ、字川下レ、字西堤、字伊勢林、字寺野、字池畑、字下見取、字北河原、字芳池、字東出、字高土井、字藤島、字拾町、字元屋敷、字西河原、字蒲割、字蒲、字大根畑、字西川原,愛知県,名古屋市,,,,高台,,,,,0,0,0,0,0,0,0,2,2,0,,無,無,無,,,,,,緑政土木局所管 / 原データ区名=西区 / 原データ多機能トイレ数=0
231002,232,愛知県名古屋市,庄内緑地,ショウナイリョクチ,,231002,,愛知県名古屋市西区山田町大字上小田井字水方、字赤池、字東古川、字敷地、字大割、字文衛前、字西古川、字敷地、字大割、字文衛前、字西古川、字中島、字由池、字宮前、字川瀬先、大字中小田井字東野方、字野方、字東末新田、字中野方、字五反畑、字西蒲、字末新田、字三番割、字重畑、字内畑、字三右エ門裏、字大縄場、字高畑、字堤北下レ、字川下レ、字西堤、字伊勢林、字寺野、字池畑、字下見取、字北河原、字芳池、字東出、字高土井、字藤島、字拾町、字元屋敷、字西河原、字蒲割、字蒲、字大根畑、字西川原,愛知県,名古屋市,,,,わんぱく広場,,,,,7,5,0,2,4,0,4,0,0,0,,有,有,無,,,,,,緑政土木局所管 / 原データ区名=西区 / 原データ多機能トイレ数=1 / 原データベビーベッド数=1 / 原データベビーチェア数=7
231002,233,愛知県名古屋市,庄内緑地,ショウナイリョクチ,,231002,,愛知県名古屋市西区山田町大字上小田井字水方、字赤池、字東古川、字敷地、字大割、字文衛前、字西古川、字敷地、字大割、字文衛前、字西古川、字中島、字由池、字宮前、字川瀬先、大字中小田井字東野方、字野方、字東末新田、字中野方、字五反畑、字西蒲、字末新田、字三番割、字重畑、字内畑、字三右エ門裏、字大縄場、字高畑、字堤北下レ、字川下レ、字西堤、字伊勢林、字寺野、字池畑、字下見取、字北河原、字芳池、字東出、字高土井、字藤島、字拾町、字元屋敷、字西河原、字蒲割、字蒲、字大根畑、字西川原,愛知県,名古屋市,,,,第４駐車場,,,,,4,3,0,1,4,0,4,0,0,0,,有,有,無,,,,,,緑政土木局所管 / 原データ区名=西区 / 原データ多機能トイレ数=1 / 原データベビーベッド数=1 / 原データベビーチェア数=5
231002,234,愛知県名古屋市,日吉公園,ヒヨシコウエン,,231002,,愛知県名古屋市中村区日ノ宮町１丁目,愛知県,名古屋市,,,,,,,,,2,2,0,0,0,0,0,1,1,0,,無,無,無,,,,,,緑政土木局所管 / 原データ区名=中村区 / 原データ多機能トイレ数=0
231002,235,愛知県名古屋市,稲葉地公園,イナバジコウエン,,231002,,愛知県名古屋市中村区稲葉地町１丁目、稲葉地本通１丁目,愛知県,名古屋市,,,,野球場南,,,,,2,2,0,0,0,0,0,1,1,0,,無,無,無,,,,,,緑政土木局所管 / 原データ区名=中村区 / 原データ多機能トイレ数=0
231002,236,愛知県名古屋市,稲葉地公園,イナバジコウエン,,231002,,愛知県名古屋市中村区稲葉地町１丁目、稲葉地本通１丁目,愛知県,名古屋市,,,,野球場東,,,,,3,2,0,1,2,0,2,0,0,0,,有,有,無,,,,,,緑政土木局所管 / 原データ区名=中村区 / 原データ多機能トイレ数=1 / 原データベビーベッド数=1
231002,237,愛知県名古屋市,押木田公園,オシキダコウエン,,231002,,愛知県名古屋市中村区押木田町１丁目,愛知県,名古屋市,,,,,,,,,2,2,0,0,0,0,0,1,0,1,,無,無,無,,,,,,緑政土木局所管 / 原データ区名=中村区 / 原データ多機能トイレ数=0
231002,238,愛知県名古屋市,塩池公園,シオイケコウエン,,231002,,愛知県名古屋市中村区塩池町２丁目,愛知県,名古屋市,,,,,,,,,2,2,0,0,0,0,0,1,0,1,,無,無,無,,,,,,緑政土木局所管 / 原データ区名=中村区 / 原データ多機能トイレ数=0
231002,239,愛知県名古屋市,六反公園,ロクタンコウエン,,231002,,愛知県名古屋市中村区名駅南四丁目,愛知県,名古屋市,,,,,,,,,3,2,0,1,2,0,2,0,0,0,,無,無,無,,,,,,緑政土木局所管 / 原データ区名=中村区 / 原データ多機能トイレ数=0
231002,240,愛知県名古屋市,則武公園,ノリタケコウエン,,231002,,愛知県名古屋市中村区則武二丁目,愛知県,名古屋市,,,,,,,,,1,1,0,0,0,0,0,0,0,0,,有,無,無,,,,,,緑政土木局所管 / 原データ区名=中村区 / 原データ多機能トイレ数=1 / 原データベビーベッド数=1 / 原データベビーチェア数=1
231002,241,愛知県名古屋市,牧野公園,マキノコウエン,,231002,,愛知県名古屋市中村区竹橋町,愛知県,名古屋市,,,,,,,,,2,2,0,0,0,0,0,1,1,0,,無,無,無,,,,,,緑政土木局所管 / 原データ区名=中村区 / 原データ多機能トイレ数=0
231002,242,愛知県名古屋市,柳公園,ヤナギコウエン,,231002,,愛知県名古屋市中村区烏森町２丁目,愛知県,名古屋市,,,,,,,,,2,2,0,0,0,0,0,1,1,0,,無,無,無,,,,,,緑政土木局所管 / 原データ区名=中村区 / 原データ多機能トイレ数=0
231002,243,愛知県名古屋市,鴨付公園,カモツケコウエン,,231002,,愛知県名古屋市中村区鴨付町２丁目,愛知県,名古屋市,,,,,,,,,2,2,0,0,0,0,0,1,1,0,,無,無,無,,,,,,緑政土木局所管 / 原データ区名=中村区 / 原データ多機能トイレ数=0
231002,244,愛知県名古屋市,稲西公園,イナニシコウエン,,231002,,愛知県名古屋市中村区稲西町,愛知県,名古屋市,,,,,,,,,2,1,0,0,0,0,0,0,0,0,,有,無,無,,,,,,緑政土木局所管 / 原データ区名=中村区 / 原データ多機能トイレ数=1 / 原データベビーベッド数=1 / 原データベビーチェア数=1
231002,245,愛知県名古屋市,烏森公園,カスモリコウエン,,231002,,愛知県名古屋市中村区烏森町３丁目,愛知県,名古屋市,,,,,,,,,2,2,0,0,0,0,0,1,1,0,,無,無,無,,,,,,緑政土木局所管 / 原データ区名=中村区 / 原データ多機能トイレ数=0
231002,246,愛知県名古屋市,大正橋緑地,タイショウバシリョクチ,,231002,,愛知県名古屋市中村区稲葉地町字鶉野、岩塚町字鶉打場、字南鶉打場、字横手穴、字横手堤付、字山西,愛知県,名古屋市,,,,,,,,,2,2,0,0,1,1,0,1,0,1,,無,無,無,,,,,,緑政土木局所管 / 原データ区名=中村区 / 原データ多機能トイレ数=0
231002,247,愛知県名古屋市,沖田公園,オキタコウエン,,231002,,愛知県名古屋市中村区沖田町,愛知県,名古屋市,,,,,,,,,2,2,0,0,0,0,0,1,0,1,,無,無,無,,,,,,緑政土木局所管 / 原データ区名=中村区 / 原データ多機能トイレ数=0
231002,248,愛知県名古屋市,横井第一公園,ヨコイダイイチコウエン,,231002,,愛知県名古屋市中村区横井一丁目,愛知県,名古屋市,,,,,,,,,2,2,0,0,0,0,0,1,1,0,,無,無,無,,,,,,緑政土木局所管 / 原データ区名=中村区 / 原データ多機能トイレ数=0
231002,249,愛知県名古屋市,横井山緑地,ヨコイヤマリョクチ,,231002,,愛知県名古屋市中村区横井一丁目,愛知県,名古屋市,,,,,,,,,2,1,0,1,1,0,1,0,0,0,,有,有,無,,,,,,緑政土木局所管 / 原データ区名=中村区 / 原データ多機能トイレ数=1 / 原データベビーベッド数=1 / 原データベビーチェア数=3
231002,250,愛知県名古屋市,横井山緑地,ヨコイヤマリョクチ,,231002,,愛知県名古屋市中村区横井一丁目,愛知県,名古屋市,,,,,,,,,3,2,0,1,2,1,1,0,0,0,,有,無,無,,,,,,緑政土木局所管 / 原データ区名=中村区 / 原データ多機能トイレ数=1
231002,251,愛知県名古屋市,枇杷島橋緑地,ビワジマバシリョクチ,,231002,,愛知県名古屋市中村区日比津町字川東、字下ノ畑、字上ノ畑、字古川,愛知県,名古屋市,,,,,,,,,2,2,0,0,1,1,0,1,1,0,,無,無,無,,,,,,緑政土木局所管 / 原データ区名=中村区 / 原データ多機能トイレ数=0
231002,252,愛知県名古屋市,枇杷島橋緑地,ビワジマバシリョクチ,,231002,,愛知県名古屋市中村区日比津町字川東、字下ノ畑、字上ノ畑、字古川,愛知県,名古屋市,,,,,,,,,2,2,0,0,1,1,0,1,1,0,,無,無,無,,,,,,緑政土木局所管 / 原データ区名=中村区 / 原データ多機能トイレ数=0
231002,253,愛知県名古屋市,豊臣ひろば緑地,トヨトミヒロバリョクチ,,231002,,愛知県名古屋市中村区鳥居通３丁目、道下町１丁目,愛知県,名古屋市,,,,,,,,,1,1,0,0,0,0,0,1,0,1,,無,無,無,,,,,,緑政土木局所管 / 原データ区名=中村区 / 原データ多機能トイレ数=0
231002,254,愛知県名古屋市,日比津公園,ヒビツコウエン,,231002,,愛知県名古屋市中村区日比津町１丁目,愛知県,名古屋市,,,,,,,,,2,2,0,0,0,0,0,1,1,0,,無,無,無,,,,,,緑政土木局所管 / 原データ区名=中村区 / 原データ多機能トイレ数=0
231002,255,愛知県名古屋市,日比津公園,ヒビツコウエン,,231002,,愛知県名古屋市中村区日比津町１丁目,愛知県,名古屋市,,,,,,,,,2,2,0,0,0,0,0,1,0,1,,無,無,無,,,,,,緑政土木局所管 / 原データ区名=中村区 / 原データ多機能トイレ数=0
231002,256,愛知県名古屋市,宮塚公園,ミヤツカコウエン,,231002,,愛知県名古屋市中村区宮塚町、岩塚町字本陣屋敷,愛知県,名古屋市,,,,,,,,,2,2,0,0,0,0,0,1,1,0,,有,無,無,,,,,,緑政土木局所管 / 原データ区名=中村区 / 原データ多機能トイレ数=1
231002,257,愛知県名古屋市,亀島ふれあい公園,カメジマフレアイコウエン,,231002,,愛知県名古屋市中村区亀島一丁目,愛知県,名古屋市,,,,,,,,,2,2,0,0,0,0,0,1,1,0,,有,有,無,,,,,,緑政土木局所管 / 原データ区名=中村区 / 原データ多機能トイレ数=1 / 原データベビーベッド数=1
231002,258,愛知県名古屋市,米野公園,コメノコウエン,,231002,,愛知県名古屋市中村区黄金通２丁目、３丁目、権原通３丁目、大正町４丁目、５丁目,愛知県,名古屋市,,,,,,,,,3,2,0,1,2,0,2,0,0,0,,有,無,無,,,,,,緑政土木局所管 / 原データ区名=中村区 / 原データ多機能トイレ数=1
231002,259,愛知県名古屋市,中村公園,ナカムラコウエン,,231002,,愛知県名古屋市中村区東宿町１丁目、中村町字木下屋敷、字高畑、字茶ノ木、字待屋、字河原,愛知県,名古屋市,,,,記念館,,,,,1,1,0,0,0,0,0,0,0,0,,有,有,無,09:00,21:00,施設利用者に限る,,,緑政土木局所管 / 原データ区名=中村区 / 原データ多機能トイレ数=1 / 原データベビーベッド数=1
231002,260,愛知県名古屋市,中村公園,ナカムラコウエン,,231002,,愛知県名古屋市中村区東宿町１丁目、中村町字木下屋敷、字高畑、字茶ノ木、字待屋、字河原,愛知県,名古屋市,,,,桐蔭茶席,,,,,0,0,0,0,0,0,0,1,0,1,,無,無,無,09:00,16:30,施設利用者に限る,,,緑政土木局所管 / 原データ区名=中村区 / 原データ多機能トイレ数=0
231002,261,愛知県名古屋市,中村公園,ナカムラコウエン,,231002,,愛知県名古屋市中村区東宿町１丁目、中村町字木下屋敷、字高畑、字茶ノ木、字待屋、字河原,愛知県,名古屋市,,,,公園事務所,,,,,2,1,0,1,1,0,1,0,0,0,,無,無,無,08:45,17:30,事務所営業時間に限る,,,緑政土木局所管 / 原データ区名=中村区 / 原データ多機能トイレ数=0
231002,262,愛知県名古屋市,中村公園,ナカムラコウエン,,231002,,愛知県名古屋市中村区東宿町１丁目、中村町字木下屋敷、字高畑、字茶ノ木、字待屋、字河原,愛知県,名古屋市,,,,,,,,,2,2,0,0,0,0,0,1,1,0,,無,無,無,,,,,,緑政土木局所管 / 原データ区名=中村区 / 原データ多機能トイレ数=0
231002,263,愛知県名古屋市,中村公園,ナカムラコウエン,,231002,,愛知県名古屋市中村区東宿町１丁目、中村町字木下屋敷、字高畑、字茶ノ木、字待屋、字河原,愛知県,名古屋市,,,,交番北,,,,,2,2,0,0,0,0,0,1,1,0,,無,無,無,,,,,,緑政土木局所管 / 原データ区名=中村区 / 原データ多機能トイレ数=0
231002,264,愛知県名古屋市,中村公園,ナカムラコウエン,,231002,,愛知県名古屋市中村区東宿町１丁目、中村町字木下屋敷、字高畑、字茶ノ木、字待屋、字河原,愛知県,名古屋市,,,,,,,,,3,2,1,0,2,2,0,0,0,0,,有,無,無,,,,,,緑政土木局所管 / 原データ区名=中村区 / 原データ多機能トイレ数=1
231002,265,愛知県名古屋市,中村公園,ナカムラコウエン,,231002,,愛知県名古屋市中村区東宿町１丁目、中村町字木下屋敷、字高畑、字茶ノ木、字待屋、字河原,愛知県,名古屋市,,,,,,,,,3,2,0,1,2,0,2,0,0,0,,有,有,無,,,,,,緑政土木局所管 / 原データ区名=中村区 / 原データ多機能トイレ数=1 / 原データベビーベッド数=1 / 原データベビーチェア数=4
231002,266,愛知県名古屋市,東照宮西,トウショウグウニシ,,231002,,愛知県名古屋市中区丸の内二丁目3,愛知県,名古屋市,,,,,,,,,1,1,0,0,0,0,0,1,1,0,,無,無,無,,,,,,環境局所管 / 原データ区名=中区 / 原データ多機能トイレ数=0
231002,267,愛知県名古屋市,本町公園,ホンマチコウエン,,231002,,愛知県名古屋市中区丸の内三丁目1,愛知県,名古屋市,,,,,,,,,1,1,0,0,0,0,0,0,0,0,,有,無,無,,,,,,緑政土木局所管 / 原データ区名=中区 / 原データ多機能トイレ数=1
231002,268,愛知県名古屋市,錦通伏見交差点東,ニシキドオリフシミコウサテンヒガシ,,231002,,愛知県名古屋市中区錦二丁目17,愛知県,名古屋市,,,,,,,,,2,1,1,0,1,1,0,0,0,0,,無,無,無,,,,,,環境局所管 / 原データ区名=中区 / 原データ多機能トイレ数=0
231002,269,愛知県名古屋市,錦三丁目８東,ニシキサンチョウメハチヒガシ,,231002,,愛知県名古屋市中区錦三丁目８,愛知県,名古屋市,,,,,,,,,2,1,1,0,1,1,0,0,0,0,,無,無,無,,,,,,環境局所管 / 原データ区名=中区 / 原データ多機能トイレ数=0
231002,270,愛知県名古屋市,栄噴水西,サカエフンスイニシ,,231002,,愛知県名古屋市中区錦三丁目,愛知県,名古屋市,,,,,,,,,4,3,1,0,3,3,0,0,0,0,,無,無,無,,,,,,環境局所管 / 原データ区名=中区 / 原データ多機能トイレ数=0
231002,271,愛知県名古屋市,西大須公園,ニシオオスコウエン,,231002,,愛知県名古屋市中区大須一丁目30,愛知県,名古屋市,,,,,,,,,2,1,0,1,0,0,0,0,0,0,,有,有,無,,,,,,緑政土木局所管 / 原データ区名=中区 / 原データ多機能トイレ数=1 / 原データベビーベッド数=1 / 原データベビーチェア数=2
231002,272,愛知県名古屋市,那古野山公園,ナゴノヤマコウエン,,231002,,愛知県名古屋市中区大須二丁目19,愛知県,名古屋市,,,,,,,,,2,1,0,1,1,0,1,0,0,0,,無,無,無,,,,,,環境局所管 / 原データ区名=中区 / 原データ多機能トイレ数=0
231002,273,愛知県名古屋市,大須観音前,オオスカンノンマエ,,231002,,愛知県名古屋市中区大須二丁目25,愛知県,名古屋市,,,,,,,,,5,4,0,1,2,0,2,0,0,0,,無,無,無,,,,,,環境局所管 / 原データ区名=中区 / 原データ多機能トイレ数=0
231002,274,愛知県名古屋市,若宮大通公園,ワカミヤオオドオリコウエン,,231002,,愛知県名古屋市中区大須一丁目、大須二丁目、大須三丁目、大須四丁目、千代田一丁目、千代田五丁目、千種区吹上一丁目,愛知県,名古屋市,,,,ミニスポーツ広場（千種土木事務所管理）,,,,,2,2,0,0,0,0,0,1,1,0,,無,無,無,,,,,,緑政土木局所管 / 原データ区名=中区 / 原データ多機能トイレ数=0
231002,275,愛知県名古屋市,久屋大通公園,ヒサヤオオドオリコウエン,,231002,,愛知県名古屋市中区丸の内三丁目、錦三丁目、栄三丁目、大須四丁目、東区東桜一丁目,愛知県,名古屋市,,,,,,,,,2,2,0,0,0,0,0,1,1,0,,無,無,無,,,,,,緑政土木局所管 / 原データ区名=中区 / 原データ多機能トイレ数=0
231002,276,愛知県名古屋市,名城公園,メイジョウコウエン,,231002,,愛知県名古屋市中区本丸、二の丸、三の丸一丁目、三の丸二丁目、三の丸三丁目、三の丸四丁目、北区名城一丁目、西区樋の口町、東区白壁一丁目,愛知県,名古屋市,,,,大津橋小園,,,,,3,2,1,0,2,2,0,0,0,0,,無,無,無,,,,,,緑政土木局所管 / 原データ区名=中区 / 原データ多機能トイレ数=0
231002,277,愛知県名古屋市,名城公園,メイジョウコウエン,,231002,,愛知県名古屋市中区本丸、二の丸、三の丸一丁目、三の丸二丁目、三の丸三丁目、三の丸四丁目、北区名城一丁目、西区樋の口町、東区白壁一丁目,愛知県,名古屋市,,,,正門前,,,,,10,6,0,4,8,0,8,0,0,0,,有,有,有,,,,,,緑政土木局所管 / 原データ区名=中区 / 原データ多機能トイレ数=1 / 原データベビーベッド数=2
231002,278,愛知県名古屋市,名城公園,メイジョウコウエン,,231002,,愛知県名古屋市中区本丸、二の丸、三の丸一丁目、三の丸二丁目、三の丸三丁目、三の丸四丁目、北区名城一丁目、西区樋の口町、東区白壁一丁目,愛知県,名古屋市,,,,正門前・清正像付近,,,,,5,3,1,1,3,2,1,0,0,0,,有,無,無,,,,,,緑政土木局所管 / 原データ区名=中区 / 原データ多機能トイレ数=0
231002,279,愛知県名古屋市,名城公園,メイジョウコウエン,,231002,,愛知県名古屋市中区本丸、二の丸、三の丸一丁目、三の丸二丁目、三の丸三丁目、三の丸四丁目、北区名城一丁目、西区樋の口町、東区白壁一丁目,愛知県,名古屋市,,,,二の丸東駐車場,,,,,3,2,0,1,2,0,2,0,0,0,,有,有,無,,,,,,緑政土木局所管 / 原データ区名=中区 / 原データ多機能トイレ数=1 / 原データベビーベッド数=1 / 原データベビーチェア数=4
231002,280,愛知県名古屋市,名城公園,メイジョウコウエン,,231002,,愛知県名古屋市中区本丸、二の丸、三の丸一丁目、三の丸二丁目、三の丸三丁目、三の丸四丁目、北区名城一丁目、西区樋の口町、東区白壁一丁目,愛知県,名古屋市,,,,南遊園東,,,,,3,2,0,1,2,1,1,0,0,0,,無,無,無,,,,,,緑政土木局所管 / 原データ区名=中区 / 原データ多機能トイレ数=0
231002,281,愛知県名古屋市,名城公園,メイジョウコウエン,,231002,,愛知県名古屋市中区本丸、二の丸、三の丸一丁目、三の丸二丁目、三の丸三丁目、三の丸四丁目、北区名城一丁目、西区樋の口町、東区白壁一丁目,愛知県,名古屋市,,,,市民の森西,,,,,6,4,2,0,4,4,0,0,0,0,,無,無,無,,,,,,緑政土木局所管 / 原データ区名=中区 / 原データ多機能トイレ数=0
231002,282,愛知県名古屋市,名城公園,メイジョウコウエン,,231002,,愛知県名古屋市中区本丸、二の丸、三の丸一丁目、三の丸二丁目、三の丸三丁目、三の丸四丁目、北区名城一丁目、西区樋の口町、東区白壁一丁目,愛知県,名古屋市,,,,市民の森東,,,,,3,2,0,1,2,0,2,0,0,0,,有,有,無,,,,,,緑政土木局所管 / 原データ区名=中区 / 原データ多機能トイレ数=1 / 原データベビーベッド数=1 / 原データベビーチェア数=4
231002,283,愛知県名古屋市,矢場公園,ヤバコウエン,,231002,,愛知県名古屋市中区栄三丁目,愛知県,名古屋市,,,,,,,,,3,2,0,1,2,0,2,0,0,0,,有,無,有,,,,,,緑政土木局所管 / 原データ区名=中区 / 原データ多機能トイレ数=1 / 原データベビーベッド数=3
231002,284,愛知県名古屋市,千早公園,チハヤコウエン,,231002,,愛知県名古屋市中区新栄一丁目,愛知県,名古屋市,,,,,,,,,2,1,1,0,1,1,0,0,0,0,,無,無,無,,,,,,緑政土木局所管 / 原データ区名=中区 / 原データ多機能トイレ数=0
231002,285,愛知県名古屋市,下茶屋公園,シモチャヤコウエン,,231002,,愛知県名古屋市中区橘二丁目,愛知県,名古屋市,,,,,,,,,2,2,0,0,0,0,0,1,1,0,,無,無,無,,,,,,緑政土木局所管 / 原データ区名=中区 / 原データ多機能トイレ数=0
231002,286,愛知県名古屋市,古沢公園,フルサワコウエン,,231002,,愛知県名古屋市中区金山一丁目,愛知県,名古屋市,,,,,,,,,2,1,1,0,1,1,0,0,0,0,,無,無,無,,,,,,緑政土木局所管 / 原データ区名=中区 / 原データ多機能トイレ数=0
231002,287,愛知県名古屋市,仲ノ町公園,ナカノマチコウエン,,231002,,愛知県名古屋市中区栄一丁目,愛知県,名古屋市,,,,,,,,,2,1,1,0,1,1,0,0,0,0,,無,無,無,,,,,,緑政土木局所管 / 原データ区名=中区 / 原データ多機能トイレ数=0
231002,288,愛知県名古屋市,松原公園,マツバラコウエン,,231002,,愛知県名古屋市中区松原三丁目,愛知県,名古屋市,,,,,,,,,2,1,1,0,1,1,0,0,0,0,,無,無,無,,,,,,緑政土木局所管 / 原データ区名=中区 / 原データ多機能トイレ数=0
231002,289,愛知県名古屋市,正木公園,マサキコウエン,,231002,,愛知県名古屋市中区正木二丁目,愛知県,名古屋市,,,,,,,,,2,1,1,0,1,1,0,0,0,0,,無,無,無,,,,,,緑政土木局所管 / 原データ区名=中区 / 原データ多機能トイレ数=0
231002,290,愛知県名古屋市,裏門前公園,ウラモンゼンコウエン,,231002,,愛知県名古屋市中区大須三丁目,愛知県,名古屋市,,,,,,,,,2,1,1,0,1,1,0,0,0,0,,無,無,無,,,,,,緑政土木局所管 / 原データ区名=中区 / 原データ多機能トイレ数=0
231002,291,愛知県名古屋市,白川公園,シラカワコウエン,,231002,,愛知県名古屋市中区栄二丁目,愛知県,名古屋市,,,,運動場西,,,,,6,4,0,2,4,0,4,0,0,0,,無,有,無,,,,,,緑政土木局所管 / 原データ区名=中区 / 原データ多機能トイレ数=0 / 原データベビーチェア数=2
231002,292,愛知県名古屋市,白川公園,シラカワコウエン,,231002,,愛知県名古屋市中区栄二丁目,愛知県,名古屋市,,,,南駐車場,,,,,5,4,0,1,3,0,3,0,0,0,,無,無,無,,,,,,緑政土木局所管 / 原データ区名=中区 / 原データ多機能トイレ数=0
231002,293,愛知県名古屋市,白川公園,シラカワコウエン,,231002,,愛知県名古屋市中区栄二丁目,愛知県,名古屋市,,,,児童園,,,,,3,2,1,0,2,2,0,0,0,0,,有,無,無,,,車椅子対応トイレは使用停止中,,,緑政土木局所管 / 原データ区名=中区 / 原データ多機能トイレ数=1
231002,294,愛知県名古屋市,老松公園,オイマツコウエン,,231002,,愛知県名古屋市中区千代田一丁目,愛知県,名古屋市,,,,,,,,,2,1,1,0,1,1,0,0,0,0,,無,無,無,,,,,,緑政土木局所管 / 原データ区名=中区 / 原データ多機能トイレ数=0
231002,295,愛知県名古屋市,橘公園,タチバナコウエン,,231002,,愛知県名古屋市中区橘一丁目25,愛知県,名古屋市,,,,,,,,,2,1,1,0,1,1,0,0,0,0,,無,無,無,,,,,,緑政土木局所管 / 原データ区名=中区 / 原データ多機能トイレ数=0
231002,296,愛知県名古屋市,池田公園,イケダコウエン,,231002,,愛知県名古屋市中区栄四丁目,愛知県,名古屋市,,,,,,,,,2,1,0,1,1,0,1,0,0,0,,有,有,無,,,,,,緑政土木局所管 / 原データ区名=中区 / 原データ多機能トイレ数=1 / 原データベビーベッド数=1 / 原データベビーチェア数=1
231002,297,愛知県名古屋市,久屋大通公園,ヒサヤオオドオリコウエン,,231002,,愛知県名古屋市中区丸の内三丁目、錦三丁目、栄三丁目、大須四丁目、東区東桜一丁目,愛知県,名古屋市,,,,前津広場,,,,,4,3,1,0,2,2,0,0,0,0,,無,無,無,,,,,,緑政土木局所管 / 原データ区名=中区 / 原データ多機能トイレ数=0
231002,298,愛知県名古屋市,久屋大通公園,ヒサヤオオドオリコウエン,,231002,,愛知県名古屋市中区丸の内三丁目、錦三丁目、栄三丁目、大須四丁目、東区東桜一丁目,愛知県,名古屋市,,,,久屋広場（東）,,,,,4,3,1,0,3,3,0,0,0,0,,無,無,無,,,,,,緑政土木局所管 / 原データ区名=中区 / 原データ多機能トイレ数=0
231002,299,愛知県名古屋市,久屋大通公園,ヒサヤオオドオリコウエン,,231002,,愛知県名古屋市中区丸の内三丁目、錦三丁目、栄三丁目、大須四丁目、東区東桜一丁目,愛知県,名古屋市,,,,久屋広場（西）,,,,,4,3,1,0,3,3,0,0,0,0,,有,無,無,,,,,,緑政土木局所管 / 原データ区名=中区 / 原データ多機能トイレ数=1
231002,300,愛知県名古屋市,久屋大通公園,ヒサヤオオドオリコウエン,,231002,,愛知県名古屋市中区丸の内三丁目、錦三丁目、栄三丁目、大須四丁目、東区東桜一丁目,愛知県,名古屋市,,,,光の広場,,,,,5,3,1,1,2,1,1,0,0,0,,有,無,無,,,,,,緑政土木局所管 / 原データ区名=中区 / 原データ多機能トイレ数=0
231002,301,愛知県名古屋市,葉場公園,ハバコウエン,,231002,,愛知県名古屋市中区平和一丁目,愛知県,名古屋市,,,,,,,,,3,2,1,0,2,2,0,0,0,0,,有,無,無,,,車椅子対応トイレは使用停止中,,,緑政土木局所管 / 原データ区名=中区 / 原データ多機能トイレ数=1
231002,302,愛知県名古屋市,金山公園,カナヤマコウエン,,231002,,愛知県名古屋市中区正木三丁目,愛知県,名古屋市,,,,,,,,,2,1,0,1,1,0,1,0,0,0,,有,有,無,,,,,,緑政土木局所管 / 原データ区名=中区 / 原データ多機能トイレ数=1 / 原データベビーベッド数=1 / 原データベビーチェア数=3
231002,303,愛知県名古屋市,若宮大通公園,ワカミヤオオドオリコウエン,,231002,,愛知県名古屋市中区大須一丁目、大須二丁目、大須三丁目、大須四丁目、千代田一丁目、千代田五丁目、千種区吹上一丁目,愛知県,名古屋市,,,,白川前駐車場,,,,,3,2,1,0,2,2,0,0,0,0,,無,無,無,,,,,,緑政土木局所管 / 原データ区名=中区 / 原データ多機能トイレ数=0
231002,304,愛知県名古屋市,若宮大通公園,ワカミヤオオドオリコウエン,,231002,,愛知県名古屋市中区大須一丁目、大須二丁目、大須三丁目、大須四丁目、千代田一丁目、千代田五丁目、千種区吹上一丁目,愛知県,名古屋市,,,,スケート広場,,,,,3,2,1,0,2,2,0,0,0,0,,無,無,無,,,,,,緑政土木局所管 / 原データ区名=中区 / 原データ多機能トイレ数=0
231002,305,愛知県名古屋市,若宮大通公園,ワカミヤオオドオリコウエン,,231002,,愛知県名古屋市中区大須一丁目、大須二丁目、大須三丁目、大須四丁目、千代田一丁目、千代田五丁目、千種区吹上一丁目,愛知県,名古屋市,,,,若宮広場,,,,,1,1,0,0,0,0,0,1,1,0,,有,無,無,,,,,,緑政土木局所管 / 原データ区名=中区 / 原データ多機能トイレ数=1
231002,306,愛知県名古屋市,若宮大通公園,ワカミヤオオドオリコウエン,,231002,,愛知県名古屋市中区大須一丁目、大須二丁目、大須三丁目、大須四丁目、千代田一丁目、千代田五丁目、千種区吹上一丁目,愛知県,名古屋市,,,,若宮広場,,,,,4,3,1,0,3,3,0,0,0,0,,無,無,無,,,,,,緑政土木局所管 / 原データ区名=中区 / 原データ多機能トイレ数=0
231002,307,愛知県名古屋市,若宮大通公園,ワカミヤオオドオリコウエン,,231002,,愛知県名古屋市中区大須一丁目、大須二丁目、大須三丁目、大須四丁目、千代田一丁目、千代田五丁目、千種区吹上一丁目,愛知県,名古屋市,,,,子供広場,,,,,2,2,0,0,0,0,0,1,1,0,,無,無,無,,,,,,緑政土木局所管 / 原データ区名=中区 / 原データ多機能トイレ数=0
231002,308,愛知県名古屋市,若宮大通公園,ワカミヤオオドオリコウエン,,231002,,愛知県名古屋市中区大須一丁目、大須二丁目、大須三丁目、大須四丁目、千代田一丁目、千代田五丁目、千種区吹上一丁目,愛知県,名古屋市,,,,自由広場,,,,,2,2,0,0,0,0,0,1,1,0,,無,無,無,,,,,,緑政土木局所管 / 原データ区名=中区 / 原データ多機能トイレ数=0
231002,309,愛知県名古屋市,若宮大通公園,ワカミヤオオドオリコウエン,,231002,,愛知県名古屋市中区大須一丁目、大須二丁目、大須三丁目、大須四丁目、千代田一丁目、千代田五丁目、千種区吹上一丁目,愛知県,名古屋市,,,,ミニスポーツ広場,,,,,2,2,0,0,0,0,0,1,1,0,,無,無,無,,,,,,緑政土木局所管 / 原データ区名=中区 / 原データ多機能トイレ数=0
231002,310,愛知県名古屋市,若宮大通公園,ワカミヤオオドオリコウエン,,231002,,愛知県名古屋市中区大須一丁目、大須二丁目、大須三丁目、大須四丁目、千代田一丁目、千代田五丁目、千種区吹上一丁目,愛知県,名古屋市,,,,テニスコート,,,,,3,2,1,0,2,2,0,0,0,0,,無,無,無,,,,,,緑政土木局所管 / 原データ区名=中区 / 原データ多機能トイレ数=0
231002,311,愛知県名古屋市,若宮大通公園,ワカミヤオオドオリコウエン,,231002,,愛知県名古屋市中区大須一丁目、大須二丁目、大須三丁目、大須四丁目、千代田一丁目、千代田五丁目、千種区吹上一丁目,愛知県,名古屋市,,,,子供広場,,,,,2,2,0,0,0,0,0,1,1,0,,無,無,無,,,,,,緑政土木局所管 / 原データ区名=中区 / 原データ多機能トイレ数=0
231002,312,愛知県名古屋市,下園公園,シモゾノコウエン,,231002,,愛知県名古屋市中区錦一丁目,愛知県,名古屋市,,,,,,,,,2,2,0,0,0,0,0,1,1,0,,無,無,無,,,,,,緑政土木局所管 / 原データ区名=中区 / 原データ多機能トイレ数=0
231002,313,愛知県名古屋市,新栄公園,シンサカエコウエン,,231002,,愛知県名古屋市中区新栄三丁目,愛知県,名古屋市,,,,,,,,,2,2,0,0,0,0,0,1,1,0,,無,無,無,,,,,,緑政土木局所管 / 原データ区名=中区 / 原データ多機能トイレ数=0
231002,314,愛知県名古屋市,前塚公園,マエツカコウエン,,231002,,愛知県名古屋市中区橘一丁目,愛知県,名古屋市,,,,,,,,,2,2,0,0,0,0,0,1,1,0,,無,無,無,,,,,,緑政土木局所管 / 原データ区名=中区 / 原データ多機能トイレ数=0
231002,315,愛知県名古屋市,名城公園,メイジョウコウエン,,231002,,愛知県名古屋市中区本丸、二の丸、三の丸一丁目、三の丸二丁目、三の丸三丁目、三の丸四丁目、北区名城一丁目、西区樋の口町、東区白壁一丁目,愛知県,名古屋市,,,,オランダ風車西,,,,,3,2,0,1,2,1,1,0,0,0,,有,無,無,,,,,,緑政土木局所管 / 原データ区名=中区 / 原データ多機能トイレ数=1
231002,316,愛知県名古屋市,名城公園,メイジョウコウエン,,231002,,愛知県名古屋市中区本丸、二の丸、三の丸一丁目、三の丸二丁目、三の丸三丁目、三の丸四丁目、北区名城一丁目、西区樋の口町、東区白壁一丁目,愛知県,名古屋市,,,,北園西南角,,,,,6,4,1,1,2,1,1,0,0,0,,無,無,無,,,,,,緑政土木局所管 / 原データ区名=中区 / 原データ多機能トイレ数=0
231002,317,愛知県名古屋市,名城公園,メイジョウコウエン,,231002,,愛知県名古屋市中区本丸、二の丸、三の丸一丁目、三の丸二丁目、三の丸三丁目、三の丸四丁目、北区名城一丁目、西区樋の口町、東区白壁一丁目,愛知県,名古屋市,,,,北園西南角,,,,,0,0,0,0,0,0,0,0,0,0,,有,無,無,,,,,,緑政土木局所管 / 原データ区名=中区 / 原データ多機能トイレ数=1
231002,318,愛知県名古屋市,名城公園,メイジョウコウエン,,231002,,愛知県名古屋市中区本丸、二の丸、三の丸一丁目、三の丸二丁目、三の丸三丁目、三の丸四丁目、北区名城一丁目、西区樋の口町、東区白壁一丁目,愛知県,名古屋市,,,,野球場,,,,,2,1,0,1,2,1,1,0,0,0,,有,無,無,,,,,,緑政土木局所管 / 原データ区名=中区 / 原データ多機能トイレ数=1
231002,319,愛知県名古屋市,名城公園,メイジョウコウエン,,231002,,愛知県名古屋市中区本丸、二の丸、三の丸一丁目、三の丸二丁目、三の丸三丁目、三の丸四丁目、北区名城一丁目、西区樋の口町、東区白壁一丁目,愛知県,名古屋市,,,,フラワープラザ,,,,,5,3,1,1,3,2,1,0,0,0,,有,無,無,,,,,,緑政土木局所管 / 原データ区名=中区 / 原データ多機能トイレ数=1
231002,320,愛知県名古屋市,名城公園,メイジョウコウエン,,231002,,愛知県名古屋市中区本丸、二の丸、三の丸一丁目、三の丸二丁目、三の丸三丁目、三の丸四丁目、北区名城一丁目、西区樋の口町、東区白壁一丁目,愛知県,名古屋市,,,,北園北西角,,,,,3,2,0,1,2,0,2,0,0,0,,有,有,有,,,,,,緑政土木局所管 / 原データ区名=中区 / 原データ多機能トイレ数=1 / 原データベビーベッド数=1 / 原データベビーチェア数=3
231002,321,愛知県名古屋市,名城公園,メイジョウコウエン,,231002,,愛知県名古屋市中区本丸、二の丸、三の丸一丁目、三の丸二丁目、三の丸三丁目、三の丸四丁目、北区名城一丁目、西区樋の口町、東区白壁一丁目,愛知県,名古屋市,,,,芝生広場東,,,,,6,4,0,2,4,0,4,0,0,0,,有,有,有,,,,,,緑政土木局所管 / 原データ区名=中区 / 原データ多機能トイレ数=1 / 原データベビーベッド数=1 / 原データベビーチェア数=4
231002,322,愛知県名古屋市,久屋大通公園,ヒサヤオオドオリコウエン,,231002,,愛知県名古屋市中区丸の内三丁目、錦三丁目、栄三丁目、大須四丁目、東区東桜一丁目,愛知県,名古屋市,,,,西ウイング他(久屋大通庭園）,,,,,12,8,0,4,11,3,8,0,0,0,,有,有,無,09:00,17:30,西ウィングのみ22:00まで,,,緑政土木局所管 / 原データ区名=中区 / 原データ多機能トイレ数=1 / 原データベビーベッド数=1 / 原データベビーチェア数=5
231002,323,愛知県名古屋市,白金公園,シラカネコウエン,,231002,,愛知県名古屋市昭和区白金二丁目,愛知県,名古屋市,,,,,,,,,2,2,0,0,0,0,0,1,1,0,,無,無,無,,,,,,緑政土木局所管 / 原データ区名=昭和区 / 原データ多機能トイレ数=0
231002,324,愛知県名古屋市,高辻公園,タカツジコウエン,,231002,,愛知県名古屋市昭和区白金三丁目,愛知県,名古屋市,,,,,,,,,2,2,0,0,0,0,0,1,1,0,,無,無,無,,,,,,緑政土木局所管 / 原データ区名=昭和区 / 原データ多機能トイレ数=0
231002,325,愛知県名古屋市,村雲公園,ムラクモコウエン,,231002,,愛知県名古屋市昭和区御器所四丁目,愛知県,名古屋市,,,,,,,,,2,1,0,1,1,0,1,0,0,0,,有,有,無,,,,,,緑政土木局所管 / 原データ区名=昭和区 / 原データ多機能トイレ数=1 / 原データベビーベッド数=1 / 原データベビーチェア数=3
231002,326,愛知県名古屋市,吹上公園,フキアゲコウエン,,231002,,愛知県名古屋市昭和区吹上二丁目、千種区吹上二丁目,愛知県,名古屋市,,,,テニスコート南,,,,,3,2,1,0,2,2,0,0,0,0,,無,無,無,,,,,,緑政土木局所管 / 原データ区名=昭和区 / 原データ多機能トイレ数=0
231002,327,愛知県名古屋市,吹上公園,フキアゲコウエン,,231002,,愛知県名古屋市昭和区吹上二丁目、千種区吹上二丁目,愛知県,名古屋市,,,,ミニスポーツ広場,,,,,2,2,0,0,0,0,0,1,0,1,,無,無,無,,,,,,緑政土木局所管 / 原データ区名=昭和区 / 原データ多機能トイレ数=0
231002,328,愛知県名古屋市,吹上公園,フキアゲコウエン,,231002,,愛知県名古屋市昭和区吹上二丁目、千種区吹上二丁目,愛知県,名古屋市,,,,テニスコート北広場,,,,,2,2,0,0,0,0,0,0,0,0,,有,無,無,,,,,,緑政土木局所管 / 原データ区名=昭和区 / 原データ多機能トイレ数=1
231002,329,愛知県名古屋市,興正寺公園,コウショウジコウエン,,231002,,愛知県名古屋市昭和区八事本町,愛知県,名古屋市,,,,,,,,,2,2,0,0,0,0,0,0,0,0,,有,無,無,,,,,,緑政土木局所管 / 原データ区名=昭和区 / 原データ多機能トイレ数=1
231002,330,愛知県名古屋市,隼人池公園,ハヤトイケコウエン,,231002,,愛知県名古屋市昭和区隼人町,愛知県,名古屋市,,,,,,,,,2,2,0,0,0,0,0,1,0,1,,無,無,無,,,,,,緑政土木局所管 / 原データ区名=昭和区 / 原データ多機能トイレ数=0
231002,331,愛知県名古屋市,福原公園,フクハラコウエン,,231002,,愛知県名古屋市昭和区福原町２丁目,愛知県,名古屋市,,,,,,,,,2,2,0,0,0,0,0,1,1,0,,無,無,無,,,,,,緑政土木局所管 / 原データ区名=昭和区 / 原データ多機能トイレ数=0
231002,332,愛知県名古屋市,川名公園,カワナコウエン,,231002,,愛知県名古屋市昭和区川原通７丁目、川原通８丁目、広路通７丁目、８丁目、花見通１丁目、広路町字石流,愛知県,名古屋市,,,,広場北,,,,,2,2,0,0,0,0,0,1,1,0,,有,無,無,,,,,,緑政土木局所管 / 原データ区名=昭和区 / 原データ多機能トイレ数=1
231002,333,愛知県名古屋市,川名公園,カワナコウエン,,231002,,愛知県名古屋市昭和区川原通７丁目、川原通８丁目、広路通７丁目、８丁目、花見通１丁目、広路町字石流,愛知県,名古屋市,,,,,,,,,0,0,0,0,0,0,0,0,0,0,,無,無,無,,,,,,緑政土木局所管 / 原データ区名=昭和区 / 原データ多機能トイレ数=0
231002,334,愛知県名古屋市,川名公園,カワナコウエン,,231002,,愛知県名古屋市昭和区川原通７丁目、川原通８丁目、広路通７丁目、８丁目、花見通１丁目、広路町字石流,愛知県,名古屋市,,,,環境学習の森,,,,,2,2,0,0,0,0,0,1,1,0,,有,無,無,,,,,,緑政土木局所管 / 原データ区名=昭和区 / 原データ多機能トイレ数=1
231002,335,愛知県名古屋市,川名公園,カワナコウエン,,231002,,愛知県名古屋市昭和区川原通７丁目、川原通８丁目、広路通７丁目、８丁目、花見通１丁目、広路町字石流,愛知県,名古屋市,,,,,,,,,0,0,0,0,0,0,0,0,0,0,,無,無,無,,,,,,緑政土木局所管 / 原データ区名=昭和区 / 原データ多機能トイレ数=0
231002,336,愛知県名古屋市,川名公園,カワナコウエン,,231002,,愛知県名古屋市昭和区川原通７丁目、川原通８丁目、広路通７丁目、８丁目、花見通１丁目、広路町字石流,愛知県,名古屋市,,,,,,,,,2,2,0,0,0,0,0,1,1,0,,有,無,無,,,,,,緑政土木局所管 / 原データ区名=昭和区 / 原データ多機能トイレ数=1
231002,337,愛知県名古屋市,川名公園,カワナコウエン,,231002,,愛知県名古屋市昭和区川原通７丁目、川原通８丁目、広路通７丁目、８丁目、花見通１丁目、広路町字石流,愛知県,名古屋市,,,,川名駅北側　新築,,,,,0,0,0,0,0,0,0,0,0,0,,有,有,無,,,,,,緑政土木局所管 / 原データ区名=昭和区 / 原データ多機能トイレ数=0 / 原データベビーベッド数=1 / 原データベビーチェア数=1
231002,338,愛知県名古屋市,台町ふれあい公園,ダイマチフレアイコウエン,,231002,,愛知県名古屋市昭和区阿由知通４丁目、台町３丁目,愛知県,名古屋市,,,,,,,,,0,0,0,0,0,0,0,0,0,0,,有,無,無,,,,,,緑政土木局所管 / 原データ区名=昭和区 / 原データ多機能トイレ数=0
231002,339,愛知県名古屋市,小針公園,コバリコウエン,,231002,,愛知県名古屋市昭和区鶴舞二丁目,愛知県,名古屋市,,,,,,,,,3,2,0,1,2,0,2,1,0,1,,無,無,無,,,,,,緑政土木局所管 / 原データ区名=昭和区 / 原データ多機能トイレ数=0
231002,340,愛知県名古屋市,天神町公園,テンジンチョウコウエン,,231002,,愛知県名古屋市昭和区天神町２丁目,愛知県,名古屋市,,,,川名駅北側　新築,,,,,1,1,0,0,0,0,0,1,1,0,,無,無,無,,,,,,緑政土木局所管 / 原データ区名=昭和区 / 原データ多機能トイレ数=0
231002,341,愛知県名古屋市,鶴舞公園,ツルマコウエン,,231002,,愛知県名古屋市昭和区鶴舞一丁目、山脇町１丁目、中区千代田五丁目,愛知県,名古屋市,,,,緑化センター１Ｆ,,,,,3,2,0,1,2,0,2,0,0,0,,有,無,無,09:00,16:30,,,,緑政土木局所管 / 原データ区名=昭和区 / 原データ多機能トイレ数=1
231002,342,愛知県名古屋市,鶴舞公園,ツルマコウエン,,231002,,愛知県名古屋市昭和区鶴舞一丁目、山脇町１丁目、中区千代田五丁目,愛知県,名古屋市,,,,緑化センター２Ｆ,,,,,3,2,0,1,2,0,2,0,0,0,,無,無,無,09:00,16:30,,,,緑政土木局所管 / 原データ区名=昭和区 / 原データ多機能トイレ数=0
231002,343,愛知県名古屋市,鶴舞公園,ツルマコウエン,,231002,,愛知県名古屋市昭和区鶴舞一丁目、山脇町１丁目、中区千代田五丁目,愛知県,名古屋市,,,,鶴々亭,,,,,1,0,0,1,1,0,1,0,0,0,,無,無,無,09:00,21:00,施設利用者に限る。,,,緑政土木局所管 / 原データ区名=昭和区 / 原データ多機能トイレ数=0
231002,344,愛知県名古屋市,鶴舞公園,ツルマコウエン,,231002,,愛知県名古屋市昭和区鶴舞一丁目、山脇町１丁目、中区千代田五丁目,愛知県,名古屋市,,,,公園案内センター,,,,,3,2,1,0,2,2,0,0,0,0,,無,無,無,09:30,17:00,休憩所に併設,,,緑政土木局所管 / 原データ区名=昭和区 / 原データ多機能トイレ数=0
231002,345,愛知県名古屋市,鶴舞公園,ツルマコウエン,,231002,,愛知県名古屋市昭和区鶴舞一丁目、山脇町１丁目、中区千代田五丁目,愛知県,名古屋市,,,,普選記念壇,,,,,2,2,0,0,0,0,0,1,1,0,,無,無,無,,,,,,緑政土木局所管 / 原データ区名=昭和区 / 原データ多機能トイレ数=0
231002,346,愛知県名古屋市,鶴舞公園,ツルマコウエン,,231002,,愛知県名古屋市昭和区鶴舞一丁目、山脇町１丁目、中区千代田五丁目,愛知県,名古屋市,,,,テラスポ鶴舞北,,,,,0,0,0,0,0,0,0,0,0,0,,有,無,無,,,,,,緑政土木局所管 / 原データ区名=昭和区 / 原データ多機能トイレ数=1
231002,347,愛知県名古屋市,鶴舞公園,ツルマコウエン,,231002,,愛知県名古屋市昭和区鶴舞一丁目、山脇町１丁目、中区千代田五丁目,愛知県,名古屋市,,,,野球場北,,,,,3,2,1,0,2,2,0,0,0,0,,無,無,無,,,,,,緑政土木局所管 / 原データ区名=昭和区 / 原データ多機能トイレ数=0
231002,348,愛知県名古屋市,鶴舞公園,ツルマコウエン,,231002,,愛知県名古屋市昭和区鶴舞一丁目、山脇町１丁目、中区千代田五丁目,愛知県,名古屋市,,,,テニスコート内,,,,,2,2,0,0,0,0,0,1,1,0,,無,無,無,08:30,20:30,施設利用中は一般利用者も利用,,,緑政土木局所管 / 原データ区名=昭和区 / 原データ多機能トイレ数=0
231002,349,愛知県名古屋市,鶴舞公園,ツルマコウエン,,231002,,愛知県名古屋市昭和区鶴舞一丁目、山脇町１丁目、中区千代田五丁目,愛知県,名古屋市,,,,ミニスポーツ広場,,,,,2,2,0,0,0,0,0,1,1,0,,無,無,無,,,,,,緑政土木局所管 / 原データ区名=昭和区 / 原データ多機能トイレ数=0
231002,350,愛知県名古屋市,鶴舞公園,ツルマコウエン,,231002,,愛知県名古屋市昭和区鶴舞一丁目、山脇町１丁目、中区千代田五丁目,愛知県,名古屋市,,,,ＪＲ鶴舞駅前,,,,,6,4,0,2,4,0,4,0,0,0,,有,有,有,,,,,,緑政土木局所管 / 原データ区名=昭和区 / 原データ多機能トイレ数=1 / 原データベビーベッド数=1 / 原データベビーチェア数=7
231002,351,愛知県名古屋市,鶴舞公園,ツルマコウエン,,231002,,愛知県名古屋市昭和区鶴舞一丁目、山脇町１丁目、中区千代田五丁目,愛知県,名古屋市,,,,テラスポ鶴舞北,,,,,6,4,2,0,4,4,0,0,0,0,,無,無,無,,,身障者用,,,緑政土木局所管 / 原データ区名=昭和区 / 原データ多機能トイレ数=0
231002,352,愛知県名古屋市,鶴舞公園,ツルマコウエン,,231002,,愛知県名古屋市昭和区鶴舞一丁目、山脇町１丁目、中区千代田五丁目,愛知県,名古屋市,,,,竜ヶ池西,,,,,5,4,1,0,3,3,0,0,0,0,,無,無,無,,,,,,緑政土木局所管 / 原データ区名=昭和区 / 原データ多機能トイレ数=0
231002,353,愛知県名古屋市,鶴舞公園,ツルマコウエン,,231002,,愛知県名古屋市昭和区鶴舞一丁目、山脇町１丁目、中区千代田五丁目,愛知県,名古屋市,,,,子供の広場北,,,,,5,4,1,0,3,3,0,0,0,0,,無,無,無,,,,,,緑政土木局所管 / 原データ区名=昭和区 / 原データ多機能トイレ数=0
231002,354,愛知県名古屋市,鶴舞公園,ツルマコウエン,,231002,,愛知県名古屋市昭和区鶴舞一丁目、山脇町１丁目、中区千代田五丁目,愛知県,名古屋市,,,,テニスコート東,,,,,3,2,1,0,3,3,0,0,0,0,,無,無,無,,,,,,緑政土木局所管 / 原データ区名=昭和区 / 原データ多機能トイレ数=0
231002,355,愛知県名古屋市,鶴舞公園,ツルマコウエン,,231002,,愛知県名古屋市昭和区鶴舞一丁目、山脇町１丁目、中区千代田五丁目,愛知県,名古屋市,,,,,,,,,3,2,1,0,1,1,0,0,0,0,,無,無,無,,,,,,緑政土木局所管 / 原データ区名=昭和区 / 原データ多機能トイレ数=0
231002,356,愛知県名古屋市,鶴舞公園,ツルマコウエン,,231002,,愛知県名古屋市昭和区鶴舞一丁目、山脇町１丁目、中区千代田五丁目,愛知県,名古屋市,,,,生垣見本園,,,,,2,2,0,0,0,0,0,1,1,0,,無,無,無,,,,,,緑政土木局所管 / 原データ区名=昭和区 / 原データ多機能トイレ数=0
231002,357,愛知県名古屋市,鶴舞公園,ツルマコウエン,,231002,,愛知県名古屋市昭和区鶴舞一丁目、山脇町１丁目、中区千代田五丁目,愛知県,名古屋市,,,,トイレ棟,,,,,4,2,0,2,4,0,4,0,0,0,,有,有,有,07:00,23:00,テナント営業時間により変動,,,緑政土木局所管 / 原データ区名=昭和区 / 原データ多機能トイレ数=1 / 原データベビーベッド数=1
231002,358,愛知県名古屋市,鶴舞公園,ツルマコウエン,,231002,,愛知県名古屋市昭和区鶴舞一丁目、山脇町１丁目、中区千代田五丁目,愛知県,名古屋市,,,,休憩所,,,,,7,4,0,3,4,0,4,0,0,0,,有,有,有,09:00,17:00,休憩所利用時間に限る,,,緑政土木局所管 / 原データ区名=昭和区 / 原データ多機能トイレ数=1 / 原データベビーベッド数=1
231002,359,愛知県名古屋市,田辺公園,タナベコウエン,,231002,,愛知県名古屋市瑞穂区田辺通3丁目,愛知県,名古屋市,,,,,,,,,1,1,0,0,0,0,0,0,0,0,,有,有,無,,,,,,緑政土木局所管 / 原データ区名=瑞穂区 / 原データ多機能トイレ数=1
231002,360,愛知県名古屋市,堀田公園,ホリタコウエン,,231002,,愛知県名古屋市瑞穂区新開町,愛知県,名古屋市,,,,,,,,,1,1,0,0,0,0,0,0,0,0,,有,有,無,,,,,,緑政土木局所管 / 原データ区名=瑞穂区 / 原データ多機能トイレ数=1 / 原データベビーベッド数=1 / 原データベビーチェア数=1
231002,361,愛知県名古屋市,内浜公園,ウチハマコウエン,,231002,,愛知県名古屋市瑞穂区内浜町,愛知県,名古屋市,,,,,,,,,2,2,0,0,0,0,0,1,1,0,,無,無,無,,,,,,緑政土木局所管 / 原データ区名=瑞穂区 / 原データ多機能トイレ数=0
231002,362,愛知県名古屋市,瑞穂ケ丘公園,ミズホガオカコウエン,,231002,,愛知県名古屋市瑞穂区洲山町１丁目,愛知県,名古屋市,,,,,,,,,2,2,0,0,0,0,0,1,1,0,,無,無,無,,,,,,緑政土木局所管 / 原データ区名=瑞穂区 / 原データ多機能トイレ数=0
231002,363,愛知県名古屋市,弥富公園,ヤトミコウエン,,231002,,愛知県名古屋市瑞穂区弥富ケ丘町３丁目,愛知県,名古屋市,,,,,,,,,2,2,0,0,0,0,0,1,1,0,,無,無,無,,,,,,緑政土木局所管 / 原データ区名=瑞穂区 / 原データ多機能トイレ数=0
231002,364,愛知県名古屋市,弥富公園,ヤトミコウエン,,231002,,愛知県名古屋市瑞穂区弥富ケ丘町３丁目,愛知県,名古屋市,,,,,,,,,2,2,0,0,0,0,0,1,0,1,,無,無,無,,,,,,緑政土木局所管 / 原データ区名=瑞穂区 / 原データ多機能トイレ数=0
231002,365,愛知県名古屋市,中根公園,ナカネコウエン,,231002,,愛知県名古屋市瑞穂区白砂町４丁目,愛知県,名古屋市,,,,,,,,,2,2,0,0,0,0,0,1,1,0,,無,無,無,,,,,,緑政土木局所管 / 原データ区名=瑞穂区 / 原データ多機能トイレ数=0
231002,366,愛知県名古屋市,新開公園,シンカイコウエン,,231002,,愛知県名古屋市瑞穂区新開町,愛知県,名古屋市,,,,,,,,,2,2,0,0,0,0,0,1,1,0,,無,無,無,,,,,,緑政土木局所管 / 原データ区名=瑞穂区 / 原データ多機能トイレ数=0
231002,367,愛知県名古屋市,穂波公園,ホナミコウエン,,231002,,愛知県名古屋市瑞穂区浮島町,愛知県,名古屋市,,,,,,,,,2,2,0,0,0,0,0,1,0,1,,無,無,無,,,,,,緑政土木局所管 / 原データ区名=瑞穂区 / 原データ多機能トイレ数=0
231002,368,愛知県名古屋市,中根南部公園,ナカネナンブコウエン,,231002,,愛知県名古屋市瑞穂区関取町,愛知県,名古屋市,,,,,,,,,2,2,0,0,0,0,0,1,1,0,,無,無,無,,,,,,緑政土木局所管 / 原データ区名=瑞穂区 / 原データ多機能トイレ数=0
231002,369,愛知県名古屋市,豆田公園,マメタコウエン,,231002,,愛知県名古屋市瑞穂区豆田町３丁目,愛知県,名古屋市,,,,,,,,,2,2,0,0,0,0,0,1,1,0,,無,無,無,,,,,,緑政土木局所管 / 原データ区名=瑞穂区 / 原データ多機能トイレ数=0
231002,370,愛知県名古屋市,惣作公園,ソウサクコウエン,,231002,,愛知県名古屋市瑞穂区惣作町２丁目,愛知県,名古屋市,,,,,,,,,2,2,0,0,0,0,0,1,1,0,,無,無,無,,,,,,緑政土木局所管 / 原データ区名=瑞穂区 / 原データ多機能トイレ数=0
231002,371,愛知県名古屋市,密柑山公園,ミカンヤマコウエン,,231002,,愛知県名古屋市瑞穂区弥富町字密柑山,愛知県,名古屋市,,,,,,,,,2,2,0,0,0,0,0,1,1,0,,無,無,無,,,,,,緑政土木局所管 / 原データ区名=瑞穂区 / 原データ多機能トイレ数=0
231002,372,愛知県名古屋市,金山総合駅南,カナヤマソウゴウエキミナミ,,231002,,愛知県名古屋市熱田区金山町一丁目,愛知県,名古屋市,,,,,,,,,4,3,0,1,3,1,2,0,0,0,,有,有,有,,,,,,環境局所管 / 原データ区名=熱田区 / 原データ多機能トイレ数=1 / 原データベビーベッド数=1
231002,373,愛知県名古屋市,熱田神宮東,アツタジングウヒガシ,,231002,,愛知県名古屋市熱田区神宮一丁目1,愛知県,名古屋市,,,,,,,,,1,1,0,0,0,0,0,1,0,1,,無,無,無,,,,,,環境局所管 / 原データ区名=熱田区 / 原データ多機能トイレ数=0
231002,374,愛知県名古屋市,白鳥西公園,シロトリニシコウエン,,231002,,愛知県名古屋市熱田区二番一丁目,愛知県,名古屋市,,,,,,,,,2,2,0,0,0,0,0,1,0,1,,無,無,無,,,,,,緑政土木局所管 / 原データ区名=熱田区 / 原データ多機能トイレ数=0
231002,375,愛知県名古屋市,西町公園,ニシマチコウエン,,231002,,愛知県名古屋市熱田区大宝四丁目,愛知県,名古屋市,,,,,,,,,2,2,0,0,0,0,0,1,1,0,,無,無,無,,,,,,緑政土木局所管 / 原データ区名=熱田区 / 原データ多機能トイレ数=0
231002,376,愛知県名古屋市,神野公園,ジンノコウエン,,231002,,愛知県名古屋市熱田区神野町１丁目,愛知県,名古屋市,,,,,,,,,2,2,0,0,0,0,0,1,1,0,,無,無,無,,,,,,緑政土木局所管 / 原データ区名=熱田区 / 原データ多機能トイレ数=0
231002,377,愛知県名古屋市,西野公園,ニシノコウエン,,231002,,愛知県名古屋市熱田区西野町２丁目,愛知県,名古屋市,,,,,,,,,2,2,0,0,0,0,0,1,1,0,,無,無,無,,,,,,緑政土木局所管 / 原データ区名=熱田区 / 原データ多機能トイレ数=0
231002,378,愛知県名古屋市,高蔵公園,タカクラコウエン,,231002,,愛知県名古屋市熱田区高蔵町,愛知県,名古屋市,,,,,,,,,3,2,0,1,2,0,2,0,0,0,,有,無,無,,,,,,緑政土木局所管 / 原データ区名=熱田区 / 原データ多機能トイレ数=1
231002,379,愛知県名古屋市,桜田公園,サクラダコウエン,,231002,,愛知県名古屋市熱田区桜田町,愛知県,名古屋市,,,,,,,,,2,2,0,0,0,0,0,1,1,0,,無,無,無,,,,,,緑政土木局所管 / 原データ区名=熱田区 / 原データ多機能トイレ数=0
231002,380,愛知県名古屋市,花表公園,ハナオモテコウエン,,231002,,愛知県名古屋市熱田区花表町,愛知県,名古屋市,,,,,,,,,2,1,0,1,1,0,1,0,0,0,,無,無,無,,,,,,緑政土木局所管 / 原データ区名=熱田区 / 原データ多機能トイレ数=0
231002,381,愛知県名古屋市,内田橋公園,ウチダバシコウエン,,231002,,愛知県名古屋市熱田区伝馬二丁目,愛知県,名古屋市,,,,,,,,,2,2,0,0,0,0,0,1,1,0,,無,無,無,,,,,,緑政土木局所管 / 原データ区名=熱田区 / 原データ多機能トイレ数=0
231002,382,愛知県名古屋市,船方公園,フナカタコウエン,,231002,,愛知県名古屋市熱田区千年一丁目,愛知県,名古屋市,,,,,,,,,2,2,0,0,0,0,0,1,1,0,,無,無,無,,,,,,緑政土木局所管 / 原データ区名=熱田区 / 原データ多機能トイレ数=0
231002,383,愛知県名古屋市,花町公園,ハナマチコウエン,,231002,,愛知県名古屋市熱田区花町,愛知県,名古屋市,,,,,,,,,2,2,0,0,0,0,0,1,1,0,,無,無,無,,,,,,緑政土木局所管 / 原データ区名=熱田区 / 原データ多機能トイレ数=0
231002,384,愛知県名古屋市,千年公園,チトセコウエン,,231002,,愛知県名古屋市熱田区千年二丁目,愛知県,名古屋市,,,,,,,,,2,2,0,0,0,0,0,1,1,0,,無,無,無,,,,,,緑政土木局所管 / 原データ区名=熱田区 / 原データ多機能トイレ数=0
231002,385,愛知県名古屋市,白鳥公園,シロトリコウエン,,231002,,愛知県名古屋市熱田区旗屋二丁目、白鳥一丁目、熱田西町,愛知県,名古屋市,,,,白鳥南園,,,,,2,2,0,0,0,0,0,1,1,0,,無,無,無,,,,,,緑政土木局所管 / 原データ区名=熱田区 / 原データ多機能トイレ数=0
231002,386,愛知県名古屋市,白鳥公園,シロトリコウエン,,231002,,愛知県名古屋市熱田区旗屋二丁目、白鳥一丁目、熱田西町,愛知県,名古屋市,,,,記念橋下,,,,,5,4,1,0,3,3,0,0,0,0,,有,無,無,,,,,,緑政土木局所管 / 原データ区名=熱田区 / 原データ多機能トイレ数=1
231002,387,愛知県名古屋市,白鳥公園,シロトリコウエン,,231002,,愛知県名古屋市熱田区旗屋二丁目、白鳥一丁目、熱田西町,愛知県,名古屋市,,,,南側,,,,,5,4,1,0,3,3,0,0,0,0,,有,無,無,,,,,,緑政土木局所管 / 原データ区名=熱田区 / 原データ多機能トイレ数=1
231002,388,愛知県名古屋市,五番町公園,ゴバンチョウコウエン,,231002,,愛知県名古屋市熱田区五番町,愛知県,名古屋市,,,,,,,,,2,2,0,0,0,0,0,1,1,0,,無,無,無,,,,,,緑政土木局所管 / 原データ区名=熱田区 / 原データ多機能トイレ数=0
231002,389,愛知県名古屋市,神宮東公園,ジングウヒガシコウエン,,231002,,愛知県名古屋市熱田区六野二丁目、三本松町,愛知県,名古屋市,,,,プール北,,,,,2,1,1,0,1,1,0,0,0,0,,無,無,無,,,,,,緑政土木局所管 / 原データ区名=熱田区 / 原データ多機能トイレ数=0
231002,390,愛知県名古屋市,神宮東公園,ジングウヒガシコウエン,,231002,,愛知県名古屋市熱田区六野二丁目、三本松町,愛知県,名古屋市,,,,,,,,,0,0,0,0,0,0,0,0,0,0,,有,無,無,,,,,,緑政土木局所管 / 原データ区名=熱田区 / 原データ多機能トイレ数=1
231002,391,愛知県名古屋市,神宮東公園,ジングウヒガシコウエン,,231002,,愛知県名古屋市熱田区六野二丁目、三本松町,愛知県,名古屋市,,,,壁泉北,,,,,5,3,2,0,3,3,0,0,0,0,,有,無,無,,,,,,緑政土木局所管 / 原データ区名=熱田区 / 原データ多機能トイレ数=1
231002,392,愛知県名古屋市,神宮東公園,ジングウヒガシコウエン,,231002,,愛知県名古屋市熱田区六野二丁目、三本松町,愛知県,名古屋市,,,,北側,,,,,4,3,1,0,3,3,0,0,0,0,,無,無,無,,,,,,緑政土木局所管 / 原データ区名=熱田区 / 原データ多機能トイレ数=0
231002,393,愛知県名古屋市,神宮東公園,ジングウヒガシコウエン,,231002,,愛知県名古屋市熱田区六野二丁目、三本松町,愛知県,名古屋市,,,,南側,,,,,3,2,1,0,2,2,0,0,0,0,,有,無,無,,,,,,緑政土木局所管 / 原データ区名=熱田区 / 原データ多機能トイレ数=1
231002,394,愛知県名古屋市,神宮東公園,ジングウヒガシコウエン,,231002,,愛知県名古屋市熱田区六野二丁目、三本松町,愛知県,名古屋市,,,,テニスコート西,,,,,3,2,0,1,2,0,2,0,0,0,,無,無,無,,,,,,緑政土木局所管 / 原データ区名=熱田区 / 原データ多機能トイレ数=0
231002,395,愛知県名古屋市,宮の渡し公園,ミヤノワタシコウエン,,231002,,愛知県名古屋市熱田区内田町、神戸町,愛知県,名古屋市,,,,,,,,,2,1,0,1,2,0,2,0,0,0,,有,無,無,,,,,,緑政土木局所管 / 原データ区名=熱田区 / 原データ多機能トイレ数=1
231002,396,愛知県名古屋市,大瀬子公園,オオセココウエン,,231002,,愛知県名古屋市熱田区大瀬子町、木之免町、田中町,愛知県,名古屋市,,,,,,,,,2,2,0,0,0,0,0,1,1,0,,無,無,無,,,,,,緑政土木局所管 / 原データ区名=熱田区 / 原データ多機能トイレ数=0
231002,397,愛知県名古屋市,白鳥公園,シロトリコウエン,,231002,,愛知県名古屋市熱田区旗屋二丁目、白鳥一丁目、熱田西町,愛知県,名古屋市,,,,汐入亭,,,,,2,1,0,1,1,0,1,1,1,0,,無,無,無,09:00,17:00,夜間開園の際、利用時間に変更有。庭園休園日は利用不可。,,,緑政土木局所管 / 原データ区名=熱田区 / 原データ多機能トイレ数=0
231002,398,愛知県名古屋市,白鳥公園,シロトリコウエン,,231002,,愛知県名古屋市熱田区旗屋二丁目、白鳥一丁目、熱田西町,愛知県,名古屋市,,,,清羽亭,,,,,3,2,0,1,2,0,2,0,0,0,,無,無,無,09:00,17:00,夜間開園の際、利用時間に変更有。庭園休園日は利用不可。,,,緑政土木局所管 / 原データ区名=熱田区 / 原データ多機能トイレ数=0
231002,399,愛知県名古屋市,白鳥公園,シロトリコウエン,,231002,,愛知県名古屋市熱田区旗屋二丁目、白鳥一丁目、熱田西町,愛知県,名古屋市,,,,遊濱亭,,,,,1,1,0,0,0,0,0,1,1,0,,無,無,無,09:00,17:00,夜間開園の際、利用時間に変更有。庭園休園日は利用不可。,,,緑政土木局所管 / 原データ区名=熱田区 / 原データ多機能トイレ数=0
231002,400,愛知県名古屋市,白鳥公園,シロトリコウエン,,231002,,愛知県名古屋市熱田区旗屋二丁目、白鳥一丁目、熱田西町,愛知県,名古屋市,,,,正門,,,,,3,2,0,1,2,0,2,0,0,0,,有,無,無,09:00,17:00,夜間開園の際、利用時間に変更有。庭園休園日は利用不可。,,,緑政土木局所管 / 原データ区名=熱田区 / 原データ多機能トイレ数=1
231002,401,愛知県名古屋市,白鳥公園,シロトリコウエン,,231002,,愛知県名古屋市熱田区旗屋二丁目、白鳥一丁目、熱田西町,愛知県,名古屋市,,,,北門,,,,,2,1,0,1,1,0,1,0,0,0,,無,無,無,09:00,17:00,夜間開園の際、利用時間に変更有。庭園休園日は利用不可。,,,緑政土木局所管 / 原データ区名=熱田区 / 原データ多機能トイレ数=0
231002,402,愛知県名古屋市,松蔭公園,マツカゲコウエン,,231002,,愛知県名古屋市中川区下之一色町字松蔭1丁目、2丁目、字干潟,愛知県,名古屋市,,,,,,,,,2,1,1,0,1,1,0,0,0,0,,無,無,無,,,,,,緑政土木局所管 / 原データ区名=中川区 / 原データ多機能トイレ数=0
231002,403,愛知県名古屋市,松葉公園,マツバコウエン,,231002,,愛知県名古屋市中川区太平通１丁目,愛知県,名古屋市,,,,,,,,,2,2,0,0,0,0,0,1,1,0,,無,無,無,,,,,,緑政土木局所管 / 原データ区名=中川区 / 原データ多機能トイレ数=0
231002,404,愛知県名古屋市,松葉公園,マツバコウエン,,231002,,愛知県名古屋市中川区太平通１丁目,愛知県,名古屋市,,,,,,,,,3,2,1,0,1,1,0,0,0,0,,有,無,無,,,,,,緑政土木局所管 / 原データ区名=中川区 / 原データ多機能トイレ数=1
231002,405,愛知県名古屋市,八幡中央公園,ヤハタチュウオウコウエン,,231002,,愛知県名古屋市中川区八神町１丁目,愛知県,名古屋市,,,,,,,,,2,1,0,1,1,0,1,0,0,0,,有,有,無,,,,,,緑政土木局所管 / 原データ区名=中川区 / 原データ多機能トイレ数=1 / 原データベビーベッド数=1 / 原データベビーチェア数=3
231002,406,愛知県名古屋市,外新町公園,ソトシンマチコウエン,,231002,,愛知県名古屋市中川区外新町１丁目,愛知県,名古屋市,,,,,,,,,2,2,0,0,0,0,0,1,0,1,,無,無,無,,,,,,緑政土木局所管 / 原データ区名=中川区 / 原データ多機能トイレ数=0
231002,407,愛知県名古屋市,露橋公園,ツユハシコウエン,,231002,,愛知県名古屋市中川区露橋二丁目,愛知県,名古屋市,,,,,,,,,3,2,1,0,2,2,0,0,0,0,,有,無,無,,,,,,緑政土木局所管 / 原データ区名=中川区 / 原データ多機能トイレ数=1
231002,408,愛知県名古屋市,尾頭橋公園,オトウバシコウエン,,231002,,愛知県名古屋市中川区尾頭橋三丁目,愛知県,名古屋市,,,,,,,,,2,2,0,0,0,0,0,1,1,0,,無,無,無,,,,,,緑政土木局所管 / 原データ区名=中川区 / 原データ多機能トイレ数=0
231002,409,愛知県名古屋市,小山公園,コヤマコウエン,,231002,,愛知県名古屋市中川区八熊三丁目,愛知県,名古屋市,,,,,,,,,2,2,0,0,0,0,0,1,1,0,,無,無,無,,,,,,緑政土木局所管 / 原データ区名=中川区 / 原データ多機能トイレ数=0
231002,410,愛知県名古屋市,八幡公園,ヤハタコウエン,,231002,,愛知県名古屋市中川区尾頭橋四丁目,愛知県,名古屋市,,,,,,,,,2,2,0,0,0,0,0,1,1,0,,無,無,無,,,,,,緑政土木局所管 / 原データ区名=中川区 / 原データ多機能トイレ数=0
231002,411,愛知県名古屋市,八家公園,ヤツヤコウエン,,231002,,愛知県名古屋市中川区八家町２丁目,愛知県,名古屋市,,,,,,,,,2,1,0,1,1,0,1,0,0,0,,有,無,無,,,,,,緑政土木局所管 / 原データ区名=中川区 / 原データ多機能トイレ数=1 / 原データベビーベッド数=1 / 原データベビーチェア数=3
231002,412,愛知県名古屋市,昭明公園,ショウメイコウエン,,231002,,愛知県名古屋市中川区昭明町２丁目,愛知県,名古屋市,,,,,,,,,2,2,0,0,0,0,0,1,1,0,,無,無,無,,,,,,緑政土木局所管 / 原データ区名=中川区 / 原データ多機能トイレ数=0
231002,413,愛知県名古屋市,北江公園,キタエコウエン,,231002,,愛知県名古屋市中川区北江町３丁目、馬手町３丁目,愛知県,名古屋市,,,,,,,,,2,2,0,0,0,0,0,1,1,0,,無,無,無,,,,,,緑政土木局所管 / 原データ区名=中川区 / 原データ多機能トイレ数=0
231002,414,愛知県名古屋市,法華西公園,ホッケニシコウエン,,231002,,愛知県名古屋市中川区法華西町３丁目,愛知県,名古屋市,,,,,,,,,2,2,0,0,0,0,0,1,1,0,,無,無,無,,,,,,緑政土木局所管 / 原データ区名=中川区 / 原データ多機能トイレ数=0
231002,415,愛知県名古屋市,万場公園,マンバコウエン,,231002,,愛知県名古屋市中川区大地,愛知県,名古屋市,,,,,,,,,2,2,0,0,0,0,0,1,1,0,,無,無,無,,,,,,緑政土木局所管 / 原データ区名=中川区 / 原データ多機能トイレ数=0
231002,416,愛知県名古屋市,七反田公園,シチタンダコウエン,,231002,,愛知県名古屋市中川区七反田町,愛知県,名古屋市,,,,,,,,,2,2,0,0,0,0,0,1,1,0,,無,無,無,,,,,,緑政土木局所管 / 原データ区名=中川区 / 原データ多機能トイレ数=0
231002,417,愛知県名古屋市,東前田第一公園,ヒガシマエダダイイチコウエン,,231002,,愛知県名古屋市中川区川前町,愛知県,名古屋市,,,,,,,,,2,2,0,0,0,0,0,1,1,0,,無,無,無,,,,,,緑政土木局所管 / 原データ区名=中川区 / 原データ多機能トイレ数=0
231002,418,愛知県名古屋市,東前田第三公園,ヒガシマエダダイサンコウエン,,231002,,愛知県名古屋市中川区本前田町,愛知県,名古屋市,,,,,,,,,2,2,0,0,0,0,0,1,1,0,,無,無,無,,,,,,緑政土木局所管 / 原データ区名=中川区 / 原データ多機能トイレ数=0
231002,419,愛知県名古屋市,荒越公園,アラコシコウエン,,231002,,愛知県名古屋市中川区荒越町３丁目,愛知県,名古屋市,,,,,,,,,3,2,1,0,2,2,0,0,0,0,,有,無,無,,,,,,緑政土木局所管 / 原データ区名=中川区 / 原データ多機能トイレ数=1
231002,420,愛知県名古屋市,梓ノ木公園,モチノキコウエン,,231002,,愛知県名古屋市中川区中郷二丁目,愛知県,名古屋市,,,,,,,,,2,2,0,0,0,0,0,1,1,0,,無,無,無,,,,,,緑政土木局所管 / 原データ区名=中川区 / 原データ多機能トイレ数=0
231002,421,愛知県名古屋市,中郷公園,チュウゴウコウエン,,231002,,愛知県名古屋市中川区中郷三丁目,愛知県,名古屋市,,,,,,,,,2,2,0,0,0,0,0,1,1,0,,無,無,無,,,,,,緑政土木局所管 / 原データ区名=中川区 / 原データ多機能トイレ数=0
231002,422,愛知県名古屋市,河原公園,カワハラコウエン,,231002,,愛知県名古屋市中川区中郷五丁目,愛知県,名古屋市,,,,,,,,,2,2,0,0,0,0,0,1,1,0,,無,無,無,,,,,,緑政土木局所管 / 原データ区名=中川区 / 原データ多機能トイレ数=0
231002,423,愛知県名古屋市,八田公園,ハッタコウエン,,231002,,愛知県名古屋市中川区八田町,愛知県,名古屋市,,,,,,,,,2,2,0,0,0,0,0,1,1,0,,無,無,無,,,,,,緑政土木局所管 / 原データ区名=中川区 / 原データ多機能トイレ数=0
231002,424,愛知県名古屋市,権現公園,ゴンゲンコウエン,,231002,,愛知県名古屋市中川区荒子四丁目,愛知県,名古屋市,,,,,,,,,2,2,0,0,0,0,0,1,1,0,,無,無,無,,,,,,緑政土木局所管 / 原データ区名=中川区 / 原データ多機能トイレ数=0
231002,425,愛知県名古屋市,柳森公園,ヤナギモリコウエン,,231002,,愛知県名古屋市中川区柳森町,愛知県,名古屋市,,,,,,,,,2,2,0,0,0,0,0,1,1,0,,無,無,無,,,,,,緑政土木局所管 / 原データ区名=中川区 / 原データ多機能トイレ数=0
231002,426,愛知県名古屋市,船入公園,フナイリコウエン,,231002,,愛知県名古屋市中川区荒子五丁目,愛知県,名古屋市,,,,,,,,,2,2,0,0,0,0,0,1,1,0,,無,無,無,,,,,,緑政土木局所管 / 原データ区名=中川区 / 原データ多機能トイレ数=0
231002,427,愛知県名古屋市,打出第一公園,ウチデダイイチコウエン,,231002,,愛知県名古屋市中川区打出二丁目,愛知県,名古屋市,,,,,,,,,2,2,0,0,0,0,0,1,1,0,,無,無,無,,,,,,緑政土木局所管 / 原データ区名=中川区 / 原データ多機能トイレ数=0
231002,428,愛知県名古屋市,昭和橋公園,ショウワバシコウエン,,231002,,愛知県名古屋市中川区十一番町２丁目、３丁目、熱田新田東組字西川縁,愛知県,名古屋市,,,,,,,,,2,2,0,0,0,0,0,1,0,1,,無,無,無,,,,,,緑政土木局所管 / 原データ区名=中川区 / 原データ多機能トイレ数=0
231002,429,愛知県名古屋市,三日月公園,ミカヅキコウエン,,231002,,愛知県名古屋市中川区一色新町二丁目,愛知県,名古屋市,,,,,,,,,2,2,0,0,0,0,0,1,1,0,,無,無,無,,,,,,緑政土木局所管 / 原データ区名=中川区 / 原データ多機能トイレ数=0
231002,430,愛知県名古屋市,郷中公園,ゴウナカコウエン,,231002,,愛知県名古屋市中川区大当郎三丁目,愛知県,名古屋市,,,,,,,,,2,2,0,0,0,0,0,1,1,0,,無,無,無,,,,,,緑政土木局所管 / 原データ区名=中川区 / 原データ多機能トイレ数=0
231002,431,愛知県名古屋市,南川田公園,ミナミカワダコウエン,,231002,,愛知県名古屋市中川区大当郎三丁目,愛知県,名古屋市,,,,,,,,,1,1,0,0,0,0,0,1,1,0,,無,無,無,,,,,,緑政土木局所管 / 原データ区名=中川区 / 原データ多機能トイレ数=0
231002,432,愛知県名古屋市,嶋井公園,シマイコウエン,,231002,,愛知県名古屋市中川区島井町,愛知県,名古屋市,,,,,,,,,2,2,0,0,0,0,0,1,1,0,,無,無,無,,,,,,緑政土木局所管 / 原データ区名=中川区 / 原データ多機能トイレ数=0
231002,433,愛知県名古屋市,長堀公園,ナガホリコウエン,,231002,,愛知県名古屋市中川区吉津二丁目,愛知県,名古屋市,,,,,,,,,2,2,0,0,0,0,0,1,1,0,,無,無,無,,,,,,緑政土木局所管 / 原データ区名=中川区 / 原データ多機能トイレ数=0
231002,434,愛知県名古屋市,一色公園,イシキコウエン,,231002,,愛知県名古屋市中川区吉津一丁目,愛知県,名古屋市,,,,,,,,,2,2,0,0,0,0,0,1,1,0,,無,無,無,,,,,,緑政土木局所管 / 原データ区名=中川区 / 原データ多機能トイレ数=0
231002,435,愛知県名古屋市,御山戸公園,オヤマドコウエン,,231002,,愛知県名古屋市中川区打中二丁目,愛知県,名古屋市,,,,,,,,,2,2,0,0,0,0,0,1,1,0,,無,無,無,,,,,,緑政土木局所管 / 原データ区名=中川区 / 原データ多機能トイレ数=0
231002,436,愛知県名古屋市,高杉公園,タカスギコウエン,,231002,,愛知県名古屋市中川区高杉町,愛知県,名古屋市,,,,,,,,,1,1,0,0,0,0,0,1,1,0,,無,無,無,,,,,,緑政土木局所管 / 原データ区名=中川区 / 原データ多機能トイレ数=0
231002,437,愛知県名古屋市,大縄公園,オオナワコウエン,,231002,,愛知県名古屋市中川区服部四丁目,愛知県,名古屋市,,,,,,,,,2,1,0,1,1,0,1,0,0,0,,有,有,無,,,,,,緑政土木局所管 / 原データ区名=中川区 / 原データ多機能トイレ数=1 / 原データベビーベッド数=1 / 原データベビーチェア数=3
231002,438,愛知県名古屋市,はとり公園,ハトリコウエン,,231002,,愛知県名古屋市中川区服部一丁目,愛知県,名古屋市,,,,,,,,,2,2,0,0,0,0,0,1,1,0,,無,無,無,,,,,,緑政土木局所管 / 原データ区名=中川区 / 原データ多機能トイレ数=0
231002,439,愛知県名古屋市,前波公園,マエナミコウエン,,231002,,愛知県名古屋市中川区服部二丁目,愛知県,名古屋市,,,,,,,,,2,2,0,0,0,0,0,1,1,0,,無,無,無,,,,,,緑政土木局所管 / 原データ区名=中川区 / 原データ多機能トイレ数=0
231002,440,愛知県名古屋市,法華北公園,ホッケキタコウエン,,231002,,愛知県名古屋市中川区法華西町,愛知県,名古屋市,,,,,,,,,2,2,0,0,0,0,0,1,1,0,,無,無,無,,,,,,緑政土木局所管 / 原データ区名=中川区 / 原データ多機能トイレ数=0
231002,441,愛知県名古屋市,助光公園,スケミツコウエン,,231002,,愛知県名古屋市中川区助光二丁目,愛知県,名古屋市,,,,,,,,,2,2,0,0,0,0,0,1,1,0,,無,無,無,,,,,,緑政土木局所管 / 原データ区名=中川区 / 原データ多機能トイレ数=0
231002,442,愛知県名古屋市,万場大橋緑地,マンバオオハシリョクチ,,231002,,愛知県名古屋市中川区富田町大字万場字流作、字才宮,愛知県,名古屋市,,,,,,,,,2,2,0,0,0,0,0,2,1,1,,無,無,無,,,,,,緑政土木局所管 / 原データ区名=中川区 / 原データ多機能トイレ数=0
231002,443,愛知県名古屋市,細米公園,ホソゴメコウエン,,231002,,愛知県名古屋市中川区細米町２丁目,愛知県,名古屋市,,,,,,,,,2,2,0,0,0,0,0,1,1,0,,無,無,無,,,,,,緑政土木局所管 / 原データ区名=中川区 / 原データ多機能トイレ数=0
231002,444,愛知県名古屋市,荒子公園,アラココウエン,,231002,,愛知県名古屋市中川区荒子二丁目,愛知県,名古屋市,,,,,,,,,3,2,0,1,2,0,2,1,1,0,,無,無,無,,,,,,緑政土木局所管 / 原データ区名=中川区 / 原データ多機能トイレ数=0
231002,445,愛知県名古屋市,荒子公園,アラココウエン,,231002,,愛知県名古屋市中川区荒子二丁目,愛知県,名古屋市,,,,,,,,,0,0,0,0,0,0,0,0,0,0,,有,無,無,,,,,,緑政土木局所管 / 原データ区名=中川区 / 原データ多機能トイレ数=1
231002,446,愛知県名古屋市,荒子公園,アラココウエン,,231002,,愛知県名古屋市中川区荒子二丁目,愛知県,名古屋市,,,,,,,,,3,2,1,0,2,2,0,0,0,0,,無,無,無,,,,,,緑政土木局所管 / 原データ区名=中川区 / 原データ多機能トイレ数=0
231002,447,愛知県名古屋市,法華公園,ホッケコウエン,,231002,,愛知県名古屋市中川区法華一丁目,愛知県,名古屋市,,,,,,,,,2,2,0,0,0,0,0,1,1,0,,無,無,無,,,,,,緑政土木局所管 / 原データ区名=中川区 / 原データ多機能トイレ数=0
231002,448,愛知県名古屋市,裏畑公園,ウラハタコウエン,,231002,,愛知県名古屋市中川区東中島町５丁目,愛知県,名古屋市,,,,,,,,,1,1,0,0,0,0,0,1,1,0,,無,無,無,,,,,,緑政土木局所管 / 原データ区名=中川区 / 原データ多機能トイレ数=0
231002,449,愛知県名古屋市,越宮公園,コシミヤコウエン,,231002,,愛知県名古屋市中川区西中島一丁目,愛知県,名古屋市,,,,,,,,,2,2,0,0,0,0,0,1,1,0,,無,無,無,,,,,,緑政土木局所管 / 原データ区名=中川区 / 原データ多機能トイレ数=0
231002,450,愛知県名古屋市,天水公園,テンスイコウエン,,231002,,愛知県名古屋市中川区中島新町１丁目,愛知県,名古屋市,,,,,,,,,2,2,0,0,0,0,0,1,1,0,,無,無,無,,,,,,緑政土木局所管 / 原データ区名=中川区 / 原データ多機能トイレ数=0
231002,451,愛知県名古屋市,中島中央公園,ナカシマチュウオウコウエン,,231002,,愛知県名古屋市中川区中島新町２丁目,愛知県,名古屋市,,,,,,,,,2,1,0,1,1,0,1,0,0,0,,有,有,無,,,,,,緑政土木局所管 / 原データ区名=中川区 / 原データ多機能トイレ数=1 / 原データベビーベッド数=1 / 原データベビーチェア数=3
231002,452,愛知県名古屋市,野田公園,ノダコウエン,,231002,,愛知県名古屋市中川区土野町,愛知県,名古屋市,,,,,,,,,1,1,0,0,1,0,1,0,0,0,,有,有,無,,,,,,緑政土木局所管 / 原データ区名=中川区 / 原データ多機能トイレ数=1 / 原データベビーベッド数=1 / 原データベビーチェア数=3
231002,453,愛知県名古屋市,丸池公園,マルイケコウエン,,231002,,愛知県名古屋市中川区中花町,愛知県,名古屋市,,,,,,,,,2,2,0,0,0,0,0,1,1,0,,無,無,無,,,,,,緑政土木局所管 / 原データ区名=中川区 / 原データ多機能トイレ数=0
231002,454,愛知県名古屋市,高畑公園,タカバタコウエン,,231002,,愛知県名古屋市中川区高畑四丁目,愛知県,名古屋市,,,,,,,,,1,1,0,0,1,0,1,0,0,0,,有,有,無,,,,,,緑政土木局所管 / 原データ区名=中川区 / 原データ多機能トイレ数=1 / 原データベビーベッド数=1 / 原データベビーチェア数=3
231002,455,愛知県名古屋市,北宮公園,キタミヤコウエン,,231002,,愛知県名古屋市中川区東春田二丁目,愛知県,名古屋市,,,,,,,,,2,2,0,0,0,0,0,1,0,1,,無,無,無,,,,,,緑政土木局所管 / 原データ区名=中川区 / 原データ多機能トイレ数=0
231002,456,愛知県名古屋市,中之通公園,ナカノドオリコウエン,,231002,,愛知県名古屋市中川区西伏屋二丁目,愛知県,名古屋市,,,,,,,,,1,1,0,0,0,0,0,0,0,0,,有,有,無,,,,,,緑政土木局所管 / 原データ区名=中川区 / 原データ多機能トイレ数=1 / 原データベビーベッド数=1 / 原データベビーチェア数=1
231002,457,愛知県名古屋市,伏屋公園,フシヤコウエン,,231002,,愛知県名古屋市中川区伏屋四丁目,愛知県,名古屋市,,,,,,,,,2,2,0,0,0,0,0,1,0,1,,無,無,無,,,,,,緑政土木局所管 / 原データ区名=中川区 / 原データ多機能トイレ数=0
231002,458,愛知県名古屋市,下之島公園,シモノシマコウエン,,231002,,愛知県名古屋市中川区伏屋三丁目,愛知県,名古屋市,,,,,,,,,2,2,0,0,0,0,0,1,1,0,,無,無,無,,,,,,緑政土木局所管 / 原データ区名=中川区 / 原データ多機能トイレ数=0
231002,459,愛知県名古屋市,大当郎緑地,ダイトウロウリョクチ,,231002,,愛知県名古屋市中川区大当郎二丁目,愛知県,名古屋市,,,,,,,,,1,0,1,0,1,1,0,0,0,0,,無,無,無,,,,,,緑政土木局所管 / 原データ区名=中川区 / 原データ多機能トイレ数=0
231002,460,愛知県名古屋市,中流公園,ナカナガレコウエン,,231002,,愛知県名古屋市中川区戸田ゆたか二丁目,愛知県,名古屋市,,,,,,,,,2,2,0,0,0,0,0,1,1,0,,無,無,無,,,,,,緑政土木局所管 / 原データ区名=中川区 / 原データ多機能トイレ数=0
231002,461,愛知県名古屋市,正色公園,ショウシキコウエン,,231002,,愛知県名古屋市中川区下之一色町字古川,愛知県,名古屋市,,,,,,,,,2,2,0,0,0,0,0,1,1,0,,無,無,無,,,,,,緑政土木局所管 / 原データ区名=中川区 / 原データ多機能トイレ数=0
231002,462,愛知県名古屋市,打出第二公園,ウチデダイニコウエン,,231002,,愛知県名古屋市中川区打出二丁目,愛知県,名古屋市,,,,,,,,,2,2,0,0,0,0,0,1,1,0,,無,無,無,,,,,,緑政土木局所管 / 原データ区名=中川区 / 原データ多機能トイレ数=0
231002,463,愛知県名古屋市,西古渡公園,ニシフルワタリコウエン,,231002,,愛知県名古屋市中川区尾頭橋四丁目,愛知県,名古屋市,,,,,,,,,2,2,0,0,0,0,0,1,1,0,,無,無,無,,,,,,緑政土木局所管 / 原データ区名=中川区 / 原データ多機能トイレ数=0
231002,464,愛知県名古屋市,八幡南公園,ヤハタミナミコウエン,,231002,,愛知県名古屋市中川区尾頭橋四丁目,愛知県,名古屋市,,,,,,,,,2,2,0,0,0,0,0,1,0,1,,無,無,無,,,,,,緑政土木局所管 / 原データ区名=中川区 / 原データ多機能トイレ数=0
231002,465,愛知県名古屋市,波花公園,ナミハナコウエン,,231002,,愛知県名古屋市中川区一色新町三丁目,愛知県,名古屋市,,,,,,,,,2,2,0,0,0,0,0,1,1,0,,無,無,無,,,,,,緑政土木局所管 / 原データ区名=中川区 / 原データ多機能トイレ数=0
231002,466,愛知県名古屋市,荒越北公園,アラコシキタコウエン,,231002,,愛知県名古屋市中川区荒越町１丁目,愛知県,名古屋市,,,,,,,,,2,2,0,0,0,0,0,1,0,1,,無,無,無,,,,,,緑政土木局所管 / 原データ区名=中川区 / 原データ多機能トイレ数=0
231002,467,愛知県名古屋市,乗江公園,ノリエコウエン,,231002,,愛知県名古屋市中川区かの里二丁目,愛知県,名古屋市,,,,,,,,,2,2,0,0,0,0,0,1,0,1,,無,無,無,,,,,,緑政土木局所管 / 原データ区名=中川区 / 原データ多機能トイレ数=0
231002,468,愛知県名古屋市,木薮公園,キヤブコウエン,,231002,,愛知県名古屋市中川区大当郎一丁目,愛知県,名古屋市,,,,,,,,,2,2,0,0,0,0,0,1,1,0,,有,無,無,,,,,,緑政土木局所管 / 原データ区名=中川区 / 原データ多機能トイレ数=1
231002,469,愛知県名古屋市,山王公園,サンノウコウエン,,231002,,愛知県名古屋市中川区山王四丁目,愛知県,名古屋市,,,,,,,,,2,2,0,0,0,0,0,1,1,0,,無,無,無,,,,,,緑政土木局所管 / 原データ区名=中川区 / 原データ多機能トイレ数=0
231002,470,愛知県名古屋市,古苗代公園,フルナエシロコウエン,,231002,,愛知県名古屋市中川区吉津三丁目,愛知県,名古屋市,,,,,,,,,2,2,0,0,0,0,0,1,1,0,,無,無,無,,,,,,緑政土木局所管 / 原データ区名=中川区 / 原データ多機能トイレ数=0
231002,471,愛知県名古屋市,松下公園,マツシタコウエン,,231002,,愛知県名古屋市中川区吉津四丁目,愛知県,名古屋市,,,,,,,,,2,2,0,0,0,0,0,1,1,0,,無,無,無,,,,,,緑政土木局所管 / 原データ区名=中川区 / 原データ多機能トイレ数=0
231002,472,愛知県名古屋市,藤西公園,フジニシコウエン,,231002,,愛知県名古屋市中川区吉津四丁目,愛知県,名古屋市,,,,,,,,,2,2,0,0,0,0,0,1,1,0,,無,無,無,,,,,,緑政土木局所管 / 原データ区名=中川区 / 原データ多機能トイレ数=0
231002,473,愛知県名古屋市,若宮公園,ワカミヤコウエン,,231002,,愛知県名古屋市中川区吉津五丁目,愛知県,名古屋市,,,,,,,,,2,2,0,0,0,0,0,1,1,0,,無,無,無,,,,,,緑政土木局所管 / 原データ区名=中川区 / 原データ多機能トイレ数=0
231002,474,愛知県名古屋市,愛知公園,アイチコウエン,,231002,,愛知県名古屋市中川区愛知町,愛知県,名古屋市,,,,,,,,,2,2,0,0,0,0,0,1,1,0,,無,無,無,,,,,,緑政土木局所管 / 原データ区名=中川区 / 原データ多機能トイレ数=0
231002,475,愛知県名古屋市,西前田公園,ニシマエダコウエン,,231002,,愛知県名古屋市中川区前田西町三丁目,愛知県,名古屋市,,,,,,,,,2,2,0,0,0,0,0,1,1,0,,無,無,無,,,,,,緑政土木局所管 / 原データ区名=中川区 / 原データ多機能トイレ数=0
231002,476,愛知県名古屋市,登公園,ノボリコウエン,,231002,,愛知県名古屋市中川区伏屋五丁目,愛知県,名古屋市,,,,,,,,,2,2,0,0,0,0,0,1,1,0,,無,無,無,,,,,,緑政土木局所管 / 原データ区名=中川区 / 原データ多機能トイレ数=0
231002,477,愛知県名古屋市,上之島公園,ウエノシマコウエン,,231002,,愛知県名古屋市中川区伏屋二丁目,愛知県,名古屋市,,,,,,,,,1,1,0,0,0,0,0,1,1,0,,無,無,無,,,,,,緑政土木局所管 / 原データ区名=中川区 / 原データ多機能トイレ数=0
231002,478,愛知県名古屋市,的場公園,マトバコウエン,,231002,,愛知県名古屋市中川区的場町３丁目,愛知県,名古屋市,,,,,,,,,2,2,0,0,0,0,0,1,1,0,,無,無,無,,,,,,緑政土木局所管 / 原データ区名=中川区 / 原データ多機能トイレ数=0
231002,479,愛知県名古屋市,御屋敷公園,オヤシキコウエン,,231002,,愛知県名古屋市中川区助光一丁目,愛知県,名古屋市,,,,,,,,,2,2,0,0,0,0,0,1,0,1,,無,無,無,,,,,,緑政土木局所管 / 原データ区名=中川区 / 原データ多機能トイレ数=0
231002,480,愛知県名古屋市,北堤公園,キタヅツミコウエン,,231002,,愛知県名古屋市中川区前田西町一丁目,愛知県,名古屋市,,,,,,,,,2,2,0,0,0,0,0,1,1,0,,無,無,無,,,,,,緑政土木局所管 / 原データ区名=中川区 / 原データ多機能トイレ数=0
231002,481,愛知県名古屋市,万場川東公園,マンバカワヒガシコウエン,,231002,,愛知県名古屋市中川区万場四丁目,愛知県,名古屋市,,,,,,,,,3,2,0,1,2,1,1,0,0,0,,無,無,無,,,,,,緑政土木局所管 / 原データ区名=中川区 / 原データ多機能トイレ数=0
231002,482,愛知県名古屋市,山塩緑道,ヤマジオリョクドウ,,231002,,愛知県名古屋市中川区大塩町１丁目、２丁目、３丁目、若山町1丁目、３丁目、４丁目,愛知県,名古屋市,,,,,,,,,2,2,0,0,0,0,0,1,1,0,,無,無,無,,,,,,緑政土木局所管 / 原データ区名=中川区 / 原データ多機能トイレ数=0
231002,483,愛知県名古屋市,山塩緑道,ヤマジオリョクドウ,,231002,,愛知県名古屋市中川区大塩町１丁目、２丁目、３丁目、若山町1丁目、３丁目、４丁目,愛知県,名古屋市,,,,,,,,,2,2,0,0,0,0,0,1,1,0,,無,無,無,,,,,,緑政土木局所管 / 原データ区名=中川区 / 原データ多機能トイレ数=0
231002,484,愛知県名古屋市,富田公園,トミダコウエン,,231002,,愛知県名古屋市中川区富田町大字服部字鵜ノ首、字君矢田、大字春田字川原割、字北甚兵衛浦、字新替、字大明神割、字鍋鶴、字大明神屋敷、大字戸田字上川田、戸田明正一丁目,愛知県,名古屋市,,,,北,,,,,2,2,0,0,0,0,0,1,1,0,,無,無,無,,,,,,緑政土木局所管 / 原データ区名=中川区 / 原データ多機能トイレ数=0
231002,485,愛知県名古屋市,富田公園,トミダコウエン,,231002,,愛知県名古屋市中川区富田町大字服部字鵜ノ首、字君矢田、大字春田字川原割、字北甚兵衛浦、字新替、字大明神割、字鍋鶴、字大明神屋敷、大字戸田字上川田、戸田明正一丁目,愛知県,名古屋市,,,,南,,,,,2,2,0,0,0,0,0,1,1,0,,無,無,無,,,,,,緑政土木局所管 / 原データ区名=中川区 / 原データ多機能トイレ数=0
231002,486,愛知県名古屋市,富田公園,トミダコウエン,,231002,,愛知県名古屋市中川区富田町大字服部字鵜ノ首、字君矢田、大字春田字川原割、字北甚兵衛浦、字新替、字大明神割、字鍋鶴、字大明神屋敷、大字戸田字上川田、戸田明正一丁目,愛知県,名古屋市,,,,,,,,,2,2,0,0,0,0,0,1,1,0,,有,無,無,,,,,,緑政土木局所管 / 原データ区名=中川区 / 原データ多機能トイレ数=1
231002,487,愛知県名古屋市,江松北公園,エマツキタコウエン,,231002,,愛知県名古屋市中川区江松一丁目,愛知県,名古屋市,,,,,,,,,2,2,0,0,0,0,0,1,1,0,,無,無,無,,,,,,緑政土木局所管 / 原データ区名=中川区 / 原データ多機能トイレ数=0
231002,488,愛知県名古屋市,東並公園,ヒガシナミコウエン,,231002,,愛知県名古屋市中川区江松二丁目,愛知県,名古屋市,,,,,,,,,1,1,0,0,0,0,0,1,1,0,,無,無,無,,,,,,緑政土木局所管 / 原データ区名=中川区 / 原データ多機能トイレ数=0
231002,489,愛知県名古屋市,新家中央公園,ニイエチュウオウコウエン,,231002,,愛知県名古屋市中川区新家三丁目,愛知県,名古屋市,,,,,,,,,3,2,1,0,2,2,0,0,0,0,,有,無,無,,,,,,緑政土木局所管 / 原データ区名=中川区 / 原データ多機能トイレ数=1
231002,490,愛知県名古屋市,荒子東公園,アラコヒガシコウエン,,231002,,愛知県名古屋市中川区吉良町、小城町１丁目、荒子町字小城,愛知県,名古屋市,,,,,,,,,1,1,0,0,0,0,0,0,0,0,,有,有,無,,,,,,緑政土木局所管 / 原データ区名=中川区 / 原データ多機能トイレ数=1 / 原データベビーベッド数=1 / 原データベビーチェア数=1
231002,491,愛知県名古屋市,松年公園,ショウネンコウエン,,231002,,愛知県名古屋市中川区松年町１丁目,愛知県,名古屋市,,,,,,,,,2,2,0,0,0,0,0,1,1,0,,無,無,無,,,,,,緑政土木局所管 / 原データ区名=中川区 / 原データ多機能トイレ数=0
231002,492,愛知県名古屋市,南郊公園,ナンコウコウエン,,231002,,愛知県名古屋市港区七番町１丁目、九番町１丁目、南十番町１丁目、南十一番町１丁目、丸池町1丁目、須成町１丁目、熱田区三番町、五番町、中川区十一番町７丁目,愛知県,名古屋市,,,,水の広場,,,,,2,2,0,0,0,0,0,1,1,0,,無,無,無,,,,,,緑政土木局所管 / 原データ区名=港区 / 原データ多機能トイレ数=0
231002,493,愛知県名古屋市,南郊公園,ナンコウコウエン,,231002,,愛知県名古屋市港区七番町１丁目、九番町１丁目、南十番町１丁目、南十一番町１丁目、丸池町1丁目、須成町１丁目、熱田区三番町、五番町、中川区十一番町７丁目,愛知県,名古屋市,,,,にこにこ広場,,,,,2,2,0,0,0,0,0,1,1,0,,無,無,無,,,,,,緑政土木局所管 / 原データ区名=港区 / 原データ多機能トイレ数=0
231002,494,愛知県名古屋市,南郊公園,ナンコウコウエン,,231002,,愛知県名古屋市港区七番町１丁目、九番町１丁目、南十番町１丁目、南十一番町１丁目、丸池町1丁目、須成町１丁目、熱田区三番町、五番町、中川区十一番町７丁目,愛知県,名古屋市,,,,テニスコート,,,,,1,1,0,0,0,0,0,1,0,1,,無,無,無,,,,,,緑政土木局所管 / 原データ区名=港区 / 原データ多機能トイレ数=0
231002,495,愛知県名古屋市,戸田川緑地,トダガワリョクチ,,231002,,愛知県名古屋市港区春田野一丁目、二丁目、西福田一丁目、西蟹田、南陽町大字福田字西蟹田、字大儘、大字西福田字猿島、中川区水里一丁目、富永一丁目、富田町戸田,愛知県,名古屋市,,,,,,,,,3,2,1,0,2,2,0,0,0,0,,有,無,無,,,,,,緑政土木局所管 / 原データ区名=港区 / 原データ多機能トイレ数=1
231002,496,愛知県名古屋市,稲永東公園,イナエヒガシコウエン,,231002,,愛知県名古屋市港区稲永三丁目,愛知県,名古屋市,,,,ｹﾞｰﾄﾎﾞｰﾙ広場,,,,,3,3,0,0,0,0,0,2,2,0,,無,無,無,,,,,,緑政土木局所管 / 原データ区名=港区 / 原データ多機能トイレ数=0
231002,497,愛知県名古屋市,稲永東公園,イナエヒガシコウエン,,231002,,愛知県名古屋市港区稲永三丁目,愛知県,名古屋市,,,,芝生広場,,,,,2,2,0,0,0,0,0,1,1,0,,無,無,無,,,,,,緑政土木局所管 / 原データ区名=港区 / 原データ多機能トイレ数=0
231002,498,愛知県名古屋市,稲永東公園,イナエヒガシコウエン,,231002,,愛知県名古屋市港区稲永三丁目,愛知県,名古屋市,,,,多目的広場,,,,,2,2,0,0,0,0,0,0,0,0,,有,無,無,,,,,,緑政土木局所管 / 原データ区名=港区 / 原データ多機能トイレ数=1
231002,499,愛知県名古屋市,稲永東公園,イナエヒガシコウエン,,231002,,愛知県名古屋市港区稲永三丁目,愛知県,名古屋市,,,,南児童園,,,,,2,2,0,0,0,0,0,1,1,0,,有,無,無,,,,,,緑政土木局所管 / 原データ区名=港区 / 原データ多機能トイレ数=1
231002,500,愛知県名古屋市,港北公園,コウホクコウエン,,231002,,愛知県名古屋市港区港楽一丁目、港栄一丁目、港明一丁目,愛知県,名古屋市,,,,東,,,,,3,2,1,0,2,2,0,0,0,0,,有,無,無,,,,,,緑政土木局所管 / 原データ区名=港区 / 原データ多機能トイレ数=1
231002,501,愛知県名古屋市,港北公園,コウホクコウエン,,231002,,愛知県名古屋市港区港楽一丁目、港栄一丁目、港明一丁目,愛知県,名古屋市,,,,西,,,,,2,2,0,0,0,0,0,1,0,1,,無,無,無,,,,,,緑政土木局所管 / 原データ区名=港区 / 原データ多機能トイレ数=0
231002,502,愛知県名古屋市,大手公園,オオテコウエン,,231002,,愛知県名古屋市港区大手町４丁目,愛知県,名古屋市,,,,,,,,,2,2,0,0,0,0,0,1,1,0,,無,無,無,,,,,,緑政土木局所管 / 原データ区名=港区 / 原データ多機能トイレ数=0
231002,503,愛知県名古屋市,小碓公園,オウスコウエン,,231002,,愛知県名古屋市港区丸池町３丁目,愛知県,名古屋市,,,,,,,,,2,2,0,0,0,0,0,1,0,1,,無,無,無,,,,,,緑政土木局所管 / 原データ区名=港区 / 原データ多機能トイレ数=0
231002,504,愛知県名古屋市,惟信第一公園,イシンダイイチコウエン,,231002,,愛知県名古屋市港区多加良浦町４丁目,愛知県,名古屋市,,,,,,,,,3,2,0,1,2,1,1,0,0,0,,無,無,無,,,,,,緑政土木局所管 / 原データ区名=港区 / 原データ多機能トイレ数=0
231002,505,愛知県名古屋市,港陽公園,コウヨウコウエン,,231002,,愛知県名古屋市港区港陽二丁目,愛知県,名古屋市,,,,,,,,,2,2,0,0,0,0,0,1,0,1,,無,無,無,,,,,,緑政土木局所管 / 原データ区名=港区 / 原データ多機能トイレ数=0
231002,506,愛知県名古屋市,本宮公園,ホングウコウエン,,231002,,愛知県名古屋市港区本宮新町,愛知県,名古屋市,,,,,,,,,2,2,0,0,0,0,0,1,0,1,,無,無,無,,,,,,緑政土木局所管 / 原データ区名=港区 / 原データ多機能トイレ数=0
231002,507,愛知県名古屋市,善南公園,ゼンナンコウエン,,231002,,愛知県名古屋市港区善南町,愛知県,名古屋市,,,,,,,,,2,2,0,0,0,0,0,1,0,1,,無,無,無,,,,,,緑政土木局所管 / 原データ区名=港区 / 原データ多機能トイレ数=0
231002,508,愛知県名古屋市,善南公園,ゼンナンコウエン,,231002,,愛知県名古屋市港区善南町,愛知県,名古屋市,,,,,,,,,2,2,0,0,0,0,0,0,0,0,,有,無,無,,,,,,緑政土木局所管 / 原データ区名=港区 / 原データ多機能トイレ数=1
231002,509,愛知県名古屋市,正保公園,ショウホウコウエン,,231002,,愛知県名古屋市港区正保町４丁目、８丁目,愛知県,名古屋市,,,,,,,,,2,2,0,0,0,0,0,1,1,0,,無,無,無,,,,,,緑政土木局所管 / 原データ区名=港区 / 原データ多機能トイレ数=0
231002,510,愛知県名古屋市,小碓西部第一公園,オウスセイブダイイチコウエン,,231002,,愛知県名古屋市港区明正二丁目,愛知県,名古屋市,,,,,,,,,2,2,0,0,0,0,0,1,0,1,,無,無,無,,,,,,緑政土木局所管 / 原データ区名=港区 / 原データ多機能トイレ数=0
231002,511,愛知県名古屋市,小碓西部第二公園,オウスセイブダイニコウエン,,231002,,愛知県名古屋市港区明正一丁目,愛知県,名古屋市,,,,,,,,,2,2,0,0,0,0,0,1,1,0,,無,無,無,,,,,,緑政土木局所管 / 原データ区名=港区 / 原データ多機能トイレ数=0
231002,512,愛知県名古屋市,小碓西部第三公園,オウスセイブダイサンコウエン,,231002,,愛知県名古屋市港区小碓三丁目,愛知県,名古屋市,,,,,,,,,2,2,0,0,0,0,0,1,1,0,,無,無,無,,,,,,緑政土木局所管 / 原データ区名=港区 / 原データ多機能トイレ数=0
231002,513,愛知県名古屋市,十一屋川緑地,ジュウイチヤガワリョクチ,,231002,,愛知県名古屋市港区十一屋一丁目、十一屋二丁目,愛知県,名古屋市,,,,東,,,,,2,2,0,0,0,0,0,1,1,0,,無,無,無,,,,,,緑政土木局所管 / 原データ区名=港区 / 原データ多機能トイレ数=0
231002,514,愛知県名古屋市,十一屋川緑地,ジュウイチヤガワリョクチ,,231002,,愛知県名古屋市港区十一屋一丁目、十一屋二丁目,愛知県,名古屋市,,,,西,,,,,2,2,0,0,0,0,0,1,1,0,,無,無,無,,,,,,緑政土木局所管 / 原データ区名=港区 / 原データ多機能トイレ数=0
231002,515,愛知県名古屋市,小碓第二公園,オウスダイニコウエン,,231002,,愛知県名古屋市港区小碓一丁目,愛知県,名古屋市,,,,,,,,,2,2,0,0,0,0,0,1,1,0,,無,無,無,,,,,,緑政土木局所管 / 原データ区名=港区 / 原データ多機能トイレ数=0
231002,516,愛知県名古屋市,小碓第三公園,オウスダイサンコウエン,,231002,,愛知県名古屋市港区小碓一丁目,愛知県,名古屋市,,,,,,,,,2,2,0,0,0,0,0,1,0,1,,無,無,無,,,,,,緑政土木局所管 / 原データ区名=港区 / 原データ多機能トイレ数=0
231002,517,愛知県名古屋市,小碓第四公園,オウスダイヨンコウエン,,231002,,愛知県名古屋市港区小碓三丁目,愛知県,名古屋市,,,,,,,,,2,2,0,0,0,0,0,1,1,0,,無,無,無,,,,,,緑政土木局所管 / 原データ区名=港区 / 原データ多機能トイレ数=0
231002,518,愛知県名古屋市,正保南公園,ショウホウミナミコウエン,,231002,,愛知県名古屋市港区正保町８丁目,愛知県,名古屋市,,,,,,,,,2,2,0,0,0,0,0,1,1,0,,無,無,無,,,,,,緑政土木局所管 / 原データ区名=港区 / 原データ多機能トイレ数=0
231002,519,愛知県名古屋市,須成公園,スナリコウエン,,231002,,愛知県名古屋市港区須成町２丁目、小碓町字十四番割,愛知県,名古屋市,,,,,,,,,2,2,0,0,0,0,0,1,1,0,,無,無,無,,,,,,緑政土木局所管 / 原データ区名=港区 / 原データ多機能トイレ数=0
231002,520,愛知県名古屋市,善北公園,ゼンホクコウエン,,231002,,愛知県名古屋市港区善北町,愛知県,名古屋市,,,,,,,,,2,2,0,0,0,0,0,1,1,0,,無,無,無,,,,,,緑政土木局所管 / 原データ区名=港区 / 原データ多機能トイレ数=0
231002,521,愛知県名古屋市,稲荷公園,イナリコウエン,,231002,,愛知県名古屋市港区名港二丁目,愛知県,名古屋市,,,,,,,,,2,2,0,0,0,0,0,0,0,0,,有,無,無,,,,,,緑政土木局所管 / 原データ区名=港区 / 原データ多機能トイレ数=1
231002,522,愛知県名古屋市,十一屋第二公園,ジュウイチヤダイニコウエン,,231002,,愛知県名古屋市港区十一屋三丁目,愛知県,名古屋市,,,,,,,,,2,2,0,0,0,0,0,1,1,0,,無,無,無,,,,,,緑政土木局所管 / 原データ区名=港区 / 原データ多機能トイレ数=0
231002,523,愛知県名古屋市,当知第一公園,トウチダイイチコウエン,,231002,,愛知県名古屋市港区入場一丁目,愛知県,名古屋市,,,,,,,,,2,2,0,0,0,0,0,1,1,0,,無,無,無,,,,,,緑政土木局所管 / 原データ区名=港区 / 原データ多機能トイレ数=0
231002,524,愛知県名古屋市,小碓中央公園,オウスチュウオウコウエン,,231002,,愛知県名古屋市港区小碓四丁目,愛知県,名古屋市,,,,,,,,,2,2,0,0,0,0,0,1,1,0,,無,無,無,,,,,,緑政土木局所管 / 原データ区名=港区 / 原データ多機能トイレ数=0
231002,525,愛知県名古屋市,当知第三公園,トウチダイサンコウエン,,231002,,愛知県名古屋市港区当知四丁目,愛知県,名古屋市,,,,,,,,,2,2,0,0,0,0,0,1,1,0,,無,無,無,,,,,,緑政土木局所管 / 原データ区名=港区 / 原データ多機能トイレ数=0
231002,526,愛知県名古屋市,いろは公園,イロハコウエン,,231002,,愛知県名古屋市港区いろは町２丁目,愛知県,名古屋市,,,,,,,,,2,2,0,0,0,0,0,1,1,0,,無,無,無,,,,,,緑政土木局所管 / 原データ区名=港区 / 原データ多機能トイレ数=0
231002,527,愛知県名古屋市,土古公園,ドンゴコウエン,,231002,,愛知県名古屋市港区東土古町２丁目,愛知県,名古屋市,,,,野球場,,,,,3,3,0,0,0,0,0,2,2,0,,無,無,無,,,,,,緑政土木局所管 / 原データ区名=港区 / 原データ多機能トイレ数=0
231002,528,愛知県名古屋市,土古公園,ドンゴコウエン,,231002,,愛知県名古屋市港区東土古町２丁目,愛知県,名古屋市,,,,児童園,,,,,0,0,0,0,0,0,0,0,0,0,,有,無,無,,,,,,緑政土木局所管 / 原データ区名=港区 / 原データ多機能トイレ数=1
231002,529,愛知県名古屋市,土古公園,ドンゴコウエン,,231002,,愛知県名古屋市港区東土古町２丁目,愛知県,名古屋市,,,,児童園,,,,,2,2,0,0,0,0,0,1,0,1,,無,無,無,,,,,,緑政土木局所管 / 原データ区名=港区 / 原データ多機能トイレ数=0
231002,530,愛知県名古屋市,宝神第二公園,ホウジンダイニコウエン,,231002,,愛知県名古屋市港区宝神二丁目,愛知県,名古屋市,,,,,,,,,2,2,0,0,0,0,0,1,1,0,,無,無,無,,,,,,緑政土木局所管 / 原データ区名=港区 / 原データ多機能トイレ数=0
231002,531,愛知県名古屋市,宝神北公園,ホウジンキタコウエン,,231002,,愛知県名古屋市港区宝神一丁目,愛知県,名古屋市,,,,,,,,,2,2,0,0,0,0,0,1,1,0,,無,無,無,,,,,,緑政土木局所管 / 原データ区名=港区 / 原データ多機能トイレ数=0
231002,532,愛知県名古屋市,当知中央公園,トウチチュウオウコウエン,,231002,,愛知県名古屋市港区当知一丁目,愛知県,名古屋市,,,,,,,,,2,2,0,0,0,0,0,1,1,0,,無,無,無,,,,,,緑政土木局所管 / 原データ区名=港区 / 原データ多機能トイレ数=0
231002,533,愛知県名古屋市,秋葉公園,アキバコウエン,,231002,,愛知県名古屋市港区秋葉一丁目,愛知県,名古屋市,,,,,,,,,2,2,0,0,0,0,0,1,1,0,,無,無,無,,,,,,緑政土木局所管 / 原データ区名=港区 / 原データ多機能トイレ数=0
231002,534,愛知県名古屋市,南郊公園,ナンコウコウエン,,231002,,愛知県名古屋市港区七番町１丁目、九番町１丁目、南十番町１丁目、南十一番町１丁目、丸池町1丁目、須成町１丁目、熱田区三番町、五番町、中川区十一番町７丁目,愛知県,名古屋市,,,,東,,,,,2,2,0,0,0,0,0,1,1,0,,無,無,無,,,,,,緑政土木局所管 / 原データ区名=港区 / 原データ多機能トイレ数=0
231002,535,愛知県名古屋市,南郊公園,ナンコウコウエン,,231002,,愛知県名古屋市港区七番町１丁目、九番町１丁目、南十番町１丁目、南十一番町１丁目、丸池町1丁目、須成町１丁目、熱田区三番町、五番町、中川区十一番町７丁目,愛知県,名古屋市,,,,中央東,,,,,3,2,0,1,2,1,1,0,0,0,,無,無,無,,,,,,緑政土木局所管 / 原データ区名=港区 / 原データ多機能トイレ数=0
231002,536,愛知県名古屋市,南郊公園,ナンコウコウエン,,231002,,愛知県名古屋市港区七番町１丁目、九番町１丁目、南十番町１丁目、南十一番町１丁目、丸池町1丁目、須成町１丁目、熱田区三番町、五番町、中川区十一番町７丁目,愛知県,名古屋市,,,,中央西,,,,,3,2,1,0,2,2,0,0,0,0,,有,無,無,,,,,,緑政土木局所管 / 原データ区名=港区 / 原データ多機能トイレ数=1
231002,537,愛知県名古屋市,南郊公園,ナンコウコウエン,,231002,,愛知県名古屋市港区七番町１丁目、九番町１丁目、南十番町１丁目、南十一番町１丁目、丸池町1丁目、須成町１丁目、熱田区三番町、五番町、中川区十一番町７丁目,愛知県,名古屋市,,,,西,,,,,3,2,1,0,2,2,0,0,0,0,,有,無,無,,,,,,緑政土木局所管 / 原データ区名=港区 / 原データ多機能トイレ数=1
231002,538,愛知県名古屋市,西茶屋公園,ニシチャヤコウエン,,231002,,愛知県名古屋市港区西茶屋一丁目,愛知県,名古屋市,,,,,,,,,2,2,0,0,0,0,0,1,1,0,,無,無,無,,,,,,緑政土木局所管 / 原データ区名=港区 / 原データ多機能トイレ数=0
231002,539,愛知県名古屋市,正徳公園,ショウトクコウエン,,231002,,愛知県名古屋市港区正徳町１丁目、中川区正徳町１丁目,愛知県,名古屋市,,,,,,,,,2,2,0,0,0,0,0,1,1,0,,無,無,無,,,,,,緑政土木局所管 / 原データ区名=港区 / 原データ多機能トイレ数=0
231002,540,愛知県名古屋市,藤前公園,フジマエコウエン,,231002,,愛知県名古屋市港区藤前三丁目,愛知県,名古屋市,,,,,,,,,3,2,0,1,2,1,1,0,0,0,,無,無,無,,,,,,緑政土木局所管 / 原データ区名=港区 / 原データ多機能トイレ数=0
231002,541,愛知県名古屋市,土古北公園,ドンゴキタコウエン,,231002,,愛知県名古屋市港区土古町２丁目,愛知県,名古屋市,,,,,,,,,2,2,0,0,0,0,0,1,0,1,,無,無,無,,,,,,緑政土木局所管 / 原データ区名=港区 / 原データ多機能トイレ数=0
231002,542,愛知県名古屋市,土古南公園,ドンゴミナミコウエン,,231002,,愛知県名古屋市港区港北町１丁目,愛知県,名古屋市,,,,,,,,,2,2,0,0,0,0,0,1,1,0,,無,無,無,,,,,,緑政土木局所管 / 原データ区名=港区 / 原データ多機能トイレ数=0
231002,543,愛知県名古屋市,宝神中央公園,ホウジンチュウオウコウエン,,231002,,愛知県名古屋市港区宝神五丁目,愛知県,名古屋市,,,,,,,,,2,2,0,0,0,0,0,1,1,0,,無,無,無,,,,,,緑政土木局所管 / 原データ区名=港区 / 原データ多機能トイレ数=0
231002,544,愛知県名古屋市,知多北公園,チタキタコウエン,,231002,,愛知県名古屋市港区知多一丁目,愛知県,名古屋市,,,,,,,,,2,2,0,0,0,0,0,1,1,0,,無,無,無,,,,,,緑政土木局所管 / 原データ区名=港区 / 原データ多機能トイレ数=0
231002,545,愛知県名古屋市,小賀須公園,コガスコウエン,,231002,,愛知県名古屋市港区小賀須三丁目,愛知県,名古屋市,,,,,,,,,2,2,0,0,0,0,0,1,1,0,,無,無,無,,,,,,緑政土木局所管 / 原データ区名=港区 / 原データ多機能トイレ数=0
231002,546,愛知県名古屋市,神宮寺公園,ジングウジコウエン,,231002,,愛知県名古屋市港区神宮寺一丁目,愛知県,名古屋市,,,,,,,,,2,2,0,0,0,0,0,1,1,0,,無,無,無,,,,,,緑政土木局所管 / 原データ区名=港区 / 原データ多機能トイレ数=0
231002,547,愛知県名古屋市,福田公園,フクタコウエン,,231002,,愛知県名古屋市港区八百島二丁目,愛知県,名古屋市,,,,,,,,,3,2,0,1,2,1,1,0,0,0,,無,無,無,,,,,,緑政土木局所管 / 原データ区名=港区 / 原データ多機能トイレ数=0
231002,548,愛知県名古屋市,春田野南公園,ハルタノミナミコウエン,,231002,,愛知県名古屋市港区春田野三丁目,愛知県,名古屋市,,,,,,,,,1,1,0,0,0,0,0,1,1,0,,無,無,無,,,,,,緑政土木局所管 / 原データ区名=港区 / 原データ多機能トイレ数=0
231002,549,愛知県名古屋市,春田野中央公園,ハルタノチュウオウコウエン,,231002,,愛知県名古屋市港区春田野一丁目,愛知県,名古屋市,,,,,,,,,3,2,0,1,2,1,1,0,0,0,,無,無,無,,,,,,緑政土木局所管 / 原データ区名=港区 / 原データ多機能トイレ数=0
231002,550,愛知県名古屋市,新茶屋川公園,シンチャヤガワコウエン,,231002,,愛知県名古屋市港区新茶屋三丁目、小川三丁目,愛知県,名古屋市,,,,北,,,,,3,2,0,1,2,1,1,0,0,0,,無,無,無,,,,,,緑政土木局所管 / 原データ区名=港区 / 原データ多機能トイレ数=0
231002,551,愛知県名古屋市,新茶屋川公園,シンチャヤガワコウエン,,231002,,愛知県名古屋市港区新茶屋三丁目、小川三丁目,愛知県,名古屋市,,,,南,,,,,2,2,0,0,0,0,0,1,0,1,,無,無,無,,,,,,緑政土木局所管 / 原データ区名=港区 / 原データ多機能トイレ数=0
231002,552,愛知県名古屋市,中之島川緑地,ナカノシマガワリョクチ,,231002,,愛知県名古屋市港区大手町６丁目、熱田前新田字中川西,愛知県,名古屋市,,,,東,,,,,2,2,0,0,0,0,0,1,1,0,,無,無,無,,,,,,緑政土木局所管 / 原データ区名=港区 / 原データ多機能トイレ数=0
231002,553,愛知県名古屋市,中之島川緑地,ナカノシマガワリョクチ,,231002,,愛知県名古屋市港区大手町６丁目、熱田前新田字中川西,愛知県,名古屋市,,,,西,,,,,2,2,0,0,0,0,0,1,1,0,,無,無,無,,,,,,緑政土木局所管 / 原データ区名=港区 / 原データ多機能トイレ数=0
231002,554,愛知県名古屋市,稲永公園,イナエコウエン,,231002,,愛知県名古屋市港区野跡四丁目、五丁目、汐止町,愛知県,名古屋市,,,,北,,,,,2,2,0,0,0,0,0,1,0,1,,無,無,無,,,,,,緑政土木局所管 / 原データ区名=港区 / 原データ多機能トイレ数=0
231002,555,愛知県名古屋市,稲永公園,イナエコウエン,,231002,,愛知県名古屋市港区野跡四丁目、五丁目、汐止町,愛知県,名古屋市,,,,南,,,,,2,2,0,0,0,0,0,1,0,1,,無,無,無,,,,,,緑政土木局所管 / 原データ区名=港区 / 原データ多機能トイレ数=0
231002,556,愛知県名古屋市,稲永公園,イナエコウエン,,231002,,愛知県名古屋市港区野跡四丁目、五丁目、汐止町,愛知県,名古屋市,,,,南,,,,,2,2,0,0,0,0,0,1,0,1,,無,無,無,,,,,,緑政土木局所管 / 原データ区名=港区 / 原データ多機能トイレ数=0
231002,557,愛知県名古屋市,稲永公園,イナエコウエン,,231002,,愛知県名古屋市港区野跡四丁目、五丁目、汐止町,愛知県,名古屋市,,,,南,,,,,3,2,1,0,2,2,0,0,0,0,,無,無,無,,,,,,緑政土木局所管 / 原データ区名=港区 / 原データ多機能トイレ数=0
231002,558,愛知県名古屋市,稲永公園,イナエコウエン,,231002,,愛知県名古屋市港区野跡四丁目、五丁目、汐止町,愛知県,名古屋市,,,,南,,,,,2,2,0,0,0,0,0,1,1,0,,無,無,無,,,,,,緑政土木局所管 / 原データ区名=港区 / 原データ多機能トイレ数=0
231002,559,愛知県名古屋市,稲永公園,イナエコウエン,,231002,,愛知県名古屋市港区野跡四丁目、五丁目、汐止町,愛知県,名古屋市,,,,北,,,,,2,2,0,0,0,0,0,0,0,0,,有,無,無,,,,,,緑政土木局所管 / 原データ区名=港区 / 原データ多機能トイレ数=1
231002,560,愛知県名古屋市,稲永公園,イナエコウエン,,231002,,愛知県名古屋市港区野跡四丁目、五丁目、汐止町,愛知県,名古屋市,,,,北,,,,,2,2,0,0,0,0,0,1,1,0,,有,無,無,,,,,,緑政土木局所管 / 原データ区名=港区 / 原データ多機能トイレ数=1
231002,561,愛知県名古屋市,七反野第一公園,シチタンノダイイチコウエン,,231002,,愛知県名古屋市港区七反野二丁目,愛知県,名古屋市,,,,,,,,,2,2,0,0,0,0,0,1,1,0,,無,無,無,,,,,,緑政土木局所管 / 原データ区名=港区 / 原データ多機能トイレ数=0
231002,562,愛知県名古屋市,西福田新屋敷緑地,ニシフクダシンヤシキリョクチ,,231002,,愛知県名古屋市港区西福田一丁目,愛知県,名古屋市,,,,,,,,,0,0,0,0,0,0,0,1,1,0,,無,無,無,,,,,,緑政土木局所管 / 原データ区名=港区 / 原データ多機能トイレ数=0
231002,563,愛知県名古屋市,木場中央公園,キバチュウオウコウエン,,231002,,愛知県名古屋市港区木場町,愛知県,名古屋市,,,,北園,,,,,3,2,0,1,2,1,1,0,0,0,,有,無,無,,,,,,緑政土木局所管 / 原データ区名=港区 / 原データ多機能トイレ数=1
231002,564,愛知県名古屋市,木場中央公園,キバチュウオウコウエン,,231002,,愛知県名古屋市港区木場町,愛知県,名古屋市,,,,南園,,,,,2,2,0,0,0,0,0,1,0,1,,無,無,無,,,,,,緑政土木局所管 / 原データ区名=港区 / 原データ多機能トイレ数=0
231002,565,愛知県名古屋市,木場中央公園,キバチュウオウコウエン,,231002,,愛知県名古屋市港区船頭場四丁目、小賀須一丁目,愛知県,名古屋市,,,,,,,,,0,0,0,0,0,0,0,0,0,0,,無,無,無,,,,,,緑政土木局所管 / 原データ区名=港区 / 原データ多機能トイレ数=0
231002,566,愛知県名古屋市,船頭場公園,センドウバコウエン,,231002,,愛知県名古屋市港区船頭場四丁目、小賀須一丁目,愛知県,名古屋市,,,,北,,,,,2,2,0,0,0,0,0,1,0,1,,無,無,無,,,,,,緑政土木局所管 / 原データ区名=港区 / 原データ多機能トイレ数=0
231002,567,愛知県名古屋市,船頭場公園,センドウバコウエン,,231002,,愛知県名古屋市港区船頭場四丁目、小賀須一丁目,愛知県,名古屋市,,,,西,,,,,2,1,0,1,1,0,1,0,0,0,,有,有,無,,,,,,緑政土木局所管 / 原データ区名=港区 / 原データ多機能トイレ数=1 / 原データベビーベッド数=1 / 原データベビーチェア数=3
231002,568,愛知県名古屋市,船頭場公園,センドウバコウエン,,231002,,愛知県名古屋市港区東茶屋三丁目,愛知県,名古屋市,,,,南,,,,,2,2,0,0,0,0,0,1,0,1,,有,無,無,,,,,,緑政土木局所管 / 原データ区名=港区 / 原データ多機能トイレ数=1
231002,569,愛知県名古屋市,南陽中央公園,ナンヨウチュウオウコウエン,,231002,,愛知県名古屋市港区東茶屋三丁目,愛知県,名古屋市,,,,西側,,,,,3,2,0,1,2,2,0,0,0,0,,無,無,無,,,,,,緑政土木局所管 / 原データ区名=港区 / 原データ多機能トイレ数=0
231002,570,愛知県名古屋市,南陽中央公園,ナンヨウチュウオウコウエン,,231002,,愛知県名古屋市港区東茶屋三丁目,愛知県,名古屋市,,,,東側,,,,,3,2,1,0,2,2,0,0,0,0,,有,無,無,,,,,,緑政土木局所管 / 原データ区名=港区 / 原データ多機能トイレ数=1
231002,571,愛知県名古屋市,大西公園,オオニシコウエン,,231002,,愛知県名古屋市港区大西三丁目,愛知県,名古屋市,,,,,,,,,2,1,0,1,1,0,1,0,0,0,,有,有,無,,,,,,緑政土木局所管 / 原データ区名=港区 / 原データ多機能トイレ数=1 / 原データベビーベッド数=1 / 原データベビーチェア数=3
231002,572,愛知県名古屋市,かわら公園,カワラコウエン,,231002,,愛知県名古屋市港区秋葉三丁目,愛知県,名古屋市,,,,,,,,,2,1,0,1,0,0,0,1,1,0,,有,有,無,,,,,,緑政土木局所管 / 原データ区名=港区 / 原データ多機能トイレ数=1 / 原データベビーベッド数=1 / 原データベビーチェア数=3
231002,573,愛知県名古屋市,東茶屋桜公園,ヒガシチャヤサクラ,,231002,,愛知県名古屋市港区東茶屋一丁目、二丁目,愛知県,名古屋市,,,,,,,,,2,1,0,1,1,0,1,0,0,0,,有,有,無,,,,,,緑政土木局所管 / 原データ区名=港区 / 原データ多機能トイレ数=1 / 原データベビーベッド数=1 / 原データベビーチェア数=3
231002,574,愛知県名古屋市,荒子川公園,アラコガワコウエン,,231002,,愛知県名古屋市港区遠若町２丁目、寛政町４丁目、５丁目、６丁目、７丁目、品川町２丁目、十一屋一丁目、善進本町,愛知県,名古屋市,,,,ガーデンプラザ,,,,,5,3,1,1,3,2,1,0,0,0,,有,無,無,09:00,16:30,,,,緑政土木局所管 / 原データ区名=港区 / 原データ多機能トイレ数=1
231002,575,愛知県名古屋市,荒子川公園,アラコガワコウエン,,231002,,愛知県名古屋市港区遠若町２丁目、寛政町４丁目、５丁目、６丁目、７丁目、品川町２丁目、十一屋一丁目、善進本町,愛知県,名古屋市,,,,テニスコート,,,,,2,2,0,0,0,0,0,1,1,0,,無,無,無,,,,,,緑政土木局所管 / 原データ区名=港区 / 原データ多機能トイレ数=0
231002,576,愛知県名古屋市,荒子川公園,アラコガワコウエン,,231002,,愛知県名古屋市港区遠若町２丁目、寛政町４丁目、５丁目、６丁目、７丁目、品川町２丁目、十一屋一丁目、善進本町,愛知県,名古屋市,,,,催し物広場,,,,,3,2,1,0,2,1,1,0,0,0,,無,無,無,,,,,,緑政土木局所管 / 原データ区名=港区 / 原データ多機能トイレ数=0
231002,577,愛知県名古屋市,荒子川公園,アラコガワコウエン,,231002,,愛知県名古屋市港区遠若町２丁目、寛政町４丁目、５丁目、６丁目、７丁目、品川町２丁目、十一屋一丁目、善進本町,愛知県,名古屋市,,,,望みの丘,,,,,3,2,1,0,2,2,0,0,0,0,,有,無,無,,,,,,緑政土木局所管 / 原データ区名=港区 / 原データ多機能トイレ数=1
231002,578,愛知県名古屋市,荒子川公園,アラコガワコウエン,,231002,,愛知県名古屋市港区遠若町２丁目、寛政町４丁目、５丁目、６丁目、７丁目、品川町２丁目、十一屋一丁目、善進本町,愛知県,名古屋市,,,,わんぱく冒険広場,,,,,3,2,1,0,2,2,0,0,0,0,,無,無,無,,,,,,緑政土木局所管 / 原データ区名=港区 / 原データ多機能トイレ数=0
231002,579,愛知県名古屋市,荒子川公園,アラコガワコウエン,,231002,,愛知県名古屋市港区遠若町２丁目、寛政町４丁目、５丁目、６丁目、７丁目、品川町２丁目、十一屋一丁目、善進本町,愛知県,名古屋市,,,,デイキャンプ場,,,,,3,2,1,0,2,2,0,0,0,0,,無,無,無,,,,,,緑政土木局所管 / 原データ区名=港区 / 原データ多機能トイレ数=0
231002,580,愛知県名古屋市,荒子川公園,アラコガワコウエン,,231002,,愛知県名古屋市港区遠若町２丁目、寛政町４丁目、５丁目、６丁目、７丁目、品川町２丁目、十一屋一丁目、善進本町,愛知県,名古屋市,,,,東駐車場,,,,,3,2,0,1,2,1,1,0,0,0,,無,無,無,,,,,,緑政土木局所管 / 原データ区名=港区 / 原データ多機能トイレ数=0
231002,581,愛知県名古屋市,荒子川公園,アラコガワコウエン,,231002,,愛知県名古屋市港区遠若町２丁目、寛政町４丁目、５丁目、６丁目、７丁目、品川町２丁目、十一屋一丁目、善進本町,愛知県,名古屋市,,,,北西駐車場,,,,,3,2,1,0,2,2,0,0,0,0,,無,無,無,,,,,,緑政土木局所管 / 原データ区名=港区 / 原データ多機能トイレ数=0
231002,582,愛知県名古屋市,荒子川公園,アラコガワコウエン,,231002,,愛知県名古屋市港区遠若町２丁目、寛政町４丁目、５丁目、６丁目、７丁目、品川町２丁目、十一屋一丁目、善進本町,愛知県,名古屋市,,,,ボート池,,,,,3,2,1,0,2,2,0,0,0,0,,無,無,無,,,,,,緑政土木局所管 / 原データ区名=港区 / 原データ多機能トイレ数=0
231002,583,愛知県名古屋市,荒子川公園,アラコガワコウエン,,231002,,愛知県名古屋市港区遠若町２丁目、寛政町４丁目、５丁目、６丁目、７丁目、品川町２丁目、十一屋一丁目、善進本町,愛知県,名古屋市,,,,デイキャンプ場,,,,,2,2,0,0,0,0,0,0,0,0,,有,無,無,,,,,,緑政土木局所管 / 原データ区名=港区 / 原データ多機能トイレ数=1
231002,584,愛知県名古屋市,荒子川公園,アラコガワコウエン,,231002,,愛知県名古屋市港区遠若町２丁目、寛政町４丁目、５丁目、６丁目、７丁目、品川町２丁目、十一屋一丁目、善進本町,愛知県,名古屋市,,,,寛政広場,,,,,2,2,0,0,0,0,0,1,0,1,,無,無,無,,,,,,緑政土木局所管 / 原データ区名=港区 / 原データ多機能トイレ数=0
231002,585,愛知県名古屋市,戸田川緑地,トダガワリョクチ,,231002,,愛知県名古屋市港区春田野一丁目、二丁目、西福田一丁目、西蟹田、南陽町大字福田字西蟹田、字大儘、大字西福田字猿島、中川区水里一丁目、富永一丁目、富田町戸田,愛知県,名古屋市,,,,第1駐車場西,,,,,3,2,0,1,2,2,0,0,0,0,,無,無,無,,,,,,緑政土木局所管 / 原データ区名=港区 / 原データ多機能トイレ数=0
231002,586,愛知県名古屋市,戸田川緑地,トダガワリョクチ,,231002,,愛知県名古屋市港区春田野一丁目、二丁目、西福田一丁目、西蟹田、南陽町大字福田字西蟹田、字大儘、大字西福田字猿島、中川区水里一丁目、富永一丁目、富田町戸田,愛知県,名古屋市,,,,第2駐車場西,,,,,3,2,1,0,3,2,1,0,0,0,,有,無,無,,,,,,緑政土木局所管 / 原データ区名=港区 / 原データ多機能トイレ数=2
231002,587,愛知県名古屋市,戸田川緑地,トダガワリョクチ,,231002,,愛知県名古屋市港区春田野一丁目、二丁目、西福田一丁目、西蟹田、南陽町大字福田字西蟹田、字大儘、大字西福田字猿島、中川区水里一丁目、富永一丁目、富田町戸田,愛知県,名古屋市,,,,ファミリースポーツ広場,,,,,3,2,1,0,2,1,1,0,0,0,,有,有,無,09:00,16:30,,,,緑政土木局所管 / 原データ区名=港区 / 原データ多機能トイレ数=2 / 原データベビーベッド数=2
231002,588,愛知県名古屋市,戸田川緑地,トダガワリョクチ,,231002,,愛知県名古屋市港区春田野一丁目、二丁目、西福田一丁目、西蟹田、南陽町大字福田字西蟹田、字大儘、大字西福田字猿島、中川区水里一丁目、富永一丁目、富田町戸田,愛知県,名古屋市,,,,第3駐車場,,,,,3,2,1,0,2,0,2,0,0,0,,有,有,無,09:00,16:30,,,,緑政土木局所管 / 原データ区名=港区 / 原データ多機能トイレ数=2 / 原データベビーベッド数=2
231002,589,愛知県名古屋市,戸田川緑地,トダガワリョクチ,,231002,,愛知県名古屋市港区春田野一丁目、二丁目、西福田一丁目、西蟹田、南陽町大字福田字西蟹田、字大儘、大字西福田字猿島、中川区水里一丁目、富永一丁目、富田町戸田,愛知県,名古屋市,,,,サービスセンター,,,,,4,2,2,0,2,2,0,0,0,0,,有,有,無,09:00,16:30,,,,緑政土木局所管 / 原データ区名=港区 / 原データ多機能トイレ数=1 / 原データベビーベッド数=1
231002,590,愛知県名古屋市,戸田川緑地,トダガワリョクチ,,231002,,愛知県名古屋市港区春田野一丁目、二丁目、西福田一丁目、西蟹田、南陽町大字福田字西蟹田、字大儘、大字西福田字猿島、中川区水里一丁目、富永一丁目、富田町戸田,愛知県,名古屋市,,,,こどもキャンプ場,,,,,3,2,1,0,2,1,1,0,0,0,,無,無,無,,,こどもキャンプ広場利用があるときのみ利用可能,,,緑政土木局所管 / 原データ区名=港区 / 原データ多機能トイレ数=0
231002,591,愛知県名古屋市,戸田川緑地,トダガワリョクチ,,231002,,愛知県名古屋市港区春田野一丁目、二丁目、西福田一丁目、西蟹田、南陽町大字福田字西蟹田、字大儘、大字西福田字猿島、中川区水里一丁目、富永一丁目、富田町戸田,愛知県,名古屋市,,,,芝生広場西,,,,,3,2,1,0,2,2,0,0,0,0,,有,無,無,09:00,16:30,,,,緑政土木局所管 / 原データ区名=港区 / 原データ多機能トイレ数=1
231002,592,愛知県名古屋市,戸田川緑地,トダガワリョクチ,,231002,,愛知県名古屋市港区春田野一丁目、二丁目、西福田一丁目、西蟹田、南陽町大字福田字西蟹田、字大儘、大字西福田字猿島、中川区水里一丁目、富永一丁目、富田町戸田,愛知県,名古屋市,,,,生態園南,,,,,4,2,1,1,3,2,1,0,0,0,,有,有,無,,,,,,緑政土木局所管 / 原データ区名=港区 / 原データ多機能トイレ数=1 / 原データベビーベッド数=1
231002,593,愛知県名古屋市,戸田川緑地,トダガワリョクチ,,231002,,愛知県名古屋市港区春田野一丁目、二丁目、西福田一丁目、西蟹田、南陽町大字福田字西蟹田、字大儘、大字西福田字猿島、中川区水里一丁目、富永一丁目、富田町戸田,愛知県,名古屋市,,,,生態園北,,,,,4,2,1,1,3,2,1,0,0,0,,有,有,無,,,,,,緑政土木局所管 / 原データ区名=港区 / 原データ多機能トイレ数=1 / 原データベビーベッド数=1
231002,594,愛知県名古屋市,戸田川緑地,トダガワリョクチ,,231002,,愛知県名古屋市港区春田野一丁目、二丁目、西福田一丁目、西蟹田、南陽町大字福田字西蟹田、字大儘、大字西福田字猿島、中川区水里一丁目、富永一丁目、富田町戸田,愛知県,名古屋市,,,,多目的広場,,,,,3,2,1,0,2,1,1,0,0,0,,有,有,無,,,,,,緑政土木局所管 / 原データ区名=港区 / 原データ多機能トイレ数=1 / 原データベビーベッド数=1
231002,595,愛知県名古屋市,戸田川緑地,トダガワリョクチ,,231002,,愛知県名古屋市港区春田野一丁目、二丁目、西福田一丁目、西蟹田、南陽町大字福田字西蟹田、字大儘、大字西福田字猿島、中川区水里一丁目、富永一丁目、富田町戸田,愛知県,名古屋市,,,,陽だまり館,,,,,6,4,1,1,5,2,3,0,0,0,,有,有,無,09:00,16:30,月曜日以外利用可能,,,緑政土木局所管 / 原データ区名=港区 / 原データ多機能トイレ数=1 / 原データベビーベッド数=2
231002,596,愛知県名古屋市,戸田川緑地,トダガワリョクチ,,231002,,愛知県名古屋市港区春田野一丁目、二丁目、西福田一丁目、西蟹田、南陽町大字福田字西蟹田、字大儘、大字西福田字猿島、中川区水里一丁目、富永一丁目、富田町戸田,愛知県,名古屋市,,,,レストハウス,,,,,1,0,0,1,1,0,1,0,0,0,,無,有,無,09:00,16:30,土日祝日のみ利用可能,,,緑政土木局所管 / 原データ区名=港区 / 原データ多機能トイレ数=0 / 原データベビーベッド数=1
231002,597,愛知県名古屋市,笠寺観音,カサデラカンノン,,231002,,愛知県名古屋市南区笠寺町,愛知県,名古屋市,,,,,,,,,0,1,0,0,1,0,1,0,0,0,,有,無,無,,,,,,環境局所管 / 原データ区名=南区 / 原データ多機能トイレ数=1
231002,598,愛知県名古屋市,呼続公園,ヨビツギコウエン,,231002,,愛知県名古屋市南区呼続四丁目,愛知県,名古屋市,,,,南側遊具広場,,,,,2,2,0,0,0,0,0,1,0,1,,無,無,無,,,,,,緑政土木局所管 / 原データ区名=南区 / 原データ多機能トイレ数=0
231002,599,愛知県名古屋市,呼続公園,ヨビツギコウエン,,231002,,愛知県名古屋市南区呼続四丁目,愛知県,名古屋市,,,,,,,,,3,2,1,0,2,2,0,0,0,0,,無,無,無,,,,,,緑政土木局所管 / 原データ区名=南区 / 原データ多機能トイレ数=0
231002,600,愛知県名古屋市,呼続公園,ヨビツギコウエン,,231002,,愛知県名古屋市南区呼続四丁目,愛知県,名古屋市,,,,北側多目的広場,,,,,2,1,0,1,1,0,1,0,0,0,,有,有,無,,,,,,緑政土木局所管 / 原データ区名=南区 / 原データ多機能トイレ数=1 / 原データベビーベッド数=1 / 原データベビーチェア数=3
231002,601,愛知県名古屋市,道徳公園,ドウトクコウエン,,231002,,愛知県名古屋市南区道徳新町５丁目,愛知県,名古屋市,,,,北側,,,,,2,2,0,0,0,0,0,1,1,0,,無,無,無,,,,,,緑政土木局所管 / 原データ区名=南区 / 原データ多機能トイレ数=0
231002,602,愛知県名古屋市,道徳公園,ドウトクコウエン,,231002,,愛知県名古屋市南区道徳新町５丁目,愛知県,名古屋市,,,,南側遊具広場,,,,,2,2,0,0,0,0,0,1,1,0,,有,無,無,,,,,,緑政土木局所管 / 原データ区名=南区 / 原データ多機能トイレ数=1
231002,603,愛知県名古屋市,道徳公園,ドウトクコウエン,,231002,,愛知県名古屋市南区道徳新町５丁目,愛知県,名古屋市,,,,西側,,,,,2,1,1,0,1,1,0,0,0,0,,無,無,無,,,,,,緑政土木局所管 / 原データ区名=南区 / 原データ多機能トイレ数=0
231002,604,愛知県名古屋市,弥次衛公園,ヤジエコウエン,,231002,,愛知県名古屋市南区弥次ヱ町２丁目,愛知県,名古屋市,,,,,,,,,2,2,0,0,0,0,0,1,1,0,,無,無,無,,,,,,緑政土木局所管 / 原データ区名=南区 / 原データ多機能トイレ数=0
231002,605,愛知県名古屋市,本城公園,ホンジョウコウエン,,231002,,愛知県名古屋市南区本城町１丁目,愛知県,名古屋市,,,,,,,,,1,1,0,0,0,0,0,1,1,0,,無,無,無,,,,,,緑政土木局所管 / 原データ区名=南区 / 原データ多機能トイレ数=0
231002,606,愛知県名古屋市,観音公園,カンノンコウエン,,231002,,愛知県名古屋市南区観音町１丁目,愛知県,名古屋市,,,,,,,,,2,2,0,0,0,0,0,1,1,0,,無,無,無,,,,,,緑政土木局所管 / 原データ区名=南区 / 原データ多機能トイレ数=0
231002,607,愛知県名古屋市,桜公園,サクラコウエン,,231002,,愛知県名古屋市南区元桜田町２丁目,愛知県,名古屋市,,,,,,,,,2,2,0,0,0,0,0,1,1,0,,無,無,無,,,,,,緑政土木局所管 / 原データ区名=南区 / 原データ多機能トイレ数=0
231002,608,愛知県名古屋市,四条公園,シジョウコウエン,,231002,,愛知県名古屋市南区三条二丁目,愛知県,名古屋市,,,,,,,,,2,2,0,0,0,0,0,1,1,0,,無,無,無,,,,,,緑政土木局所管 / 原データ区名=南区 / 原データ多機能トイレ数=0
231002,609,愛知県名古屋市,三吉公園,ミヨシコウエン,,231002,,愛知県名古屋市南区三吉町３丁目、鳴浜町３丁目,愛知県,名古屋市,,,,,,,,,2,2,0,0,0,0,0,1,0,1,,無,無,無,,,,,,緑政土木局所管 / 原データ区名=南区 / 原データ多機能トイレ数=0
231002,610,愛知県名古屋市,粕畠公園,カスバタコウエン,,231002,,愛知県名古屋市南区粕畠町１丁目,愛知県,名古屋市,,,,,,,,,2,2,0,0,0,0,0,1,0,1,,無,無,無,,,,,,緑政土木局所管 / 原データ区名=南区 / 原データ多機能トイレ数=0
231002,611,愛知県名古屋市,丹八山公園,タンパチヤマコウエン,,231002,,愛知県名古屋市南区鳥山町２丁目、笠寺町字迫間,愛知県,名古屋市,,,,,,,,,2,2,0,0,0,0,0,1,1,0,,無,無,無,,,,,,緑政土木局所管 / 原データ区名=南区 / 原データ多機能トイレ数=0
231002,612,愛知県名古屋市,宝生公園,ホウショウコウエン,,231002,,愛知県名古屋市南区宝生町３丁目,愛知県,名古屋市,,,,,,,,,2,1,0,1,1,0,1,0,0,0,,有,無,無,,,,,,緑政土木局所管 / 原データ区名=南区 / 原データ多機能トイレ数=1 / 原データベビーベッド数=1 / 原データベビーチェア数=3
231002,613,愛知県名古屋市,中江公園,ナカエコウエン,,231002,,愛知県名古屋市南区中江二丁目,愛知県,名古屋市,,,,,,,,,2,2,0,0,0,0,0,1,1,0,,無,無,無,,,,,,緑政土木局所管 / 原データ区名=南区 / 原データ多機能トイレ数=0
231002,614,愛知県名古屋市,源兵衛公園,ゲンベエコウエン,,231002,,愛知県名古屋市南区源兵衛町５丁目,愛知県,名古屋市,,,,,,,,,2,2,0,0,0,0,0,1,1,0,,無,無,無,,,,,,緑政土木局所管 / 原データ区名=南区 / 原データ多機能トイレ数=0
231002,615,愛知県名古屋市,戸部下公園,トベシタコウエン,,231002,,愛知県名古屋市南区戸部下二丁目,愛知県,名古屋市,,,,,,,,,2,2,0,0,0,0,0,1,1,0,,無,無,無,,,,,,緑政土木局所管 / 原データ区名=南区 / 原データ多機能トイレ数=0
231002,616,愛知県名古屋市,要公園,カナメコウエン,,231002,,愛知県名古屋市南区要町４丁目,愛知県,名古屋市,,,,,,,,,2,2,0,0,0,0,0,1,1,0,,無,無,無,,,,,,緑政土木局所管 / 原データ区名=南区 / 原データ多機能トイレ数=0
231002,617,愛知県名古屋市,元柴田公園,モトシバタコウエン,,231002,,愛知県名古屋市南区元柴田東町１丁目,愛知県,名古屋市,,,,,,,,,2,1,0,1,1,0,1,0,0,0,,有,無,無,,,,,,緑政土木局所管 / 原データ区名=南区 / 原データ多機能トイレ数=1 / 原データベビーベッド数=1 / 原データベビーチェア数=3
231002,618,愛知県名古屋市,星崎第一公園,ホシザキダイイチコウエン,,231002,,愛知県名古屋市南区星崎一丁目,愛知県,名古屋市,,,,,,,,,2,2,0,0,0,0,0,1,0,1,,無,無,無,,,,,,緑政土木局所管 / 原データ区名=南区 / 原データ多機能トイレ数=0
231002,619,愛知県名古屋市,阿原公園,アハラコウエン,,231002,,愛知県名古屋市南区阿原町,愛知県,名古屋市,,,,,,,,,2,1,0,1,1,0,1,0,0,0,,有,有,無,,,,,,緑政土木局所管 / 原データ区名=南区 / 原データ多機能トイレ数=1 / 原データベビーベッド数=1 / 原データベビーチェア数=3
231002,620,愛知県名古屋市,南野公園,ミナミノコウエン,,231002,,愛知県名古屋市南区南野二丁目,愛知県,名古屋市,,,,,,,,,2,2,0,0,0,0,0,1,1,0,,無,無,無,,,,,,緑政土木局所管 / 原データ区名=南区 / 原データ多機能トイレ数=0
231002,621,愛知県名古屋市,平子第二公園,ヒラコダイニコウエン,,231002,,愛知県名古屋市南区平子二丁目,愛知県,名古屋市,,,,,,,,,2,2,0,0,0,0,0,1,1,0,,無,無,無,,,,,,緑政土木局所管 / 原データ区名=南区 / 原データ多機能トイレ数=0
231002,622,愛知県名古屋市,元塩公園,モトシオコウエン,,231002,,愛知県名古屋市南区元塩町２丁目、３丁目,愛知県,名古屋市,,,,,,,,,2,1,0,1,1,0,1,0,0,0,,有,有,無,,,,,,緑政土木局所管 / 原データ区名=南区 / 原データ多機能トイレ数=1 / 原データベビーベッド数=1 / 原データベビーチェア数=3
231002,623,愛知県名古屋市,赤坪公園,アカツボコウエン,,231002,,愛知県名古屋市南区赤坪町,愛知県,名古屋市,,,,,,,,,2,1,0,1,1,0,1,0,0,0,,有,有,無,,,,,,緑政土木局所管 / 原データ区名=南区 / 原データ多機能トイレ数=1 / 原データベビーベッド数=1 / 原データベビーチェア数=3
231002,624,愛知県名古屋市,杓子田公園,シャクシダコウエン,,231002,,愛知県名古屋市南区明円町,愛知県,名古屋市,,,,,,,,,2,2,0,0,0,0,0,1,1,0,,無,無,無,,,,,,緑政土木局所管 / 原データ区名=南区 / 原データ多機能トイレ数=0
231002,625,愛知県名古屋市,砂口公園,スナクチコウエン,,231002,,愛知県名古屋市南区砂口町,愛知県,名古屋市,,,,,,,,,1,1,0,0,0,0,0,0,0,0,,有,有,無,,,,,,緑政土木局所管 / 原データ区名=南区 / 原データ多機能トイレ数=1 / 原データベビーベッド数=1 / 原データベビーチェア数=1
231002,626,愛知県名古屋市,鳴尾公園,ナルオコウエン,,231002,,愛知県名古屋市南区鳴尾二丁目,愛知県,名古屋市,,,,,,,,,2,2,0,0,0,0,0,1,1,0,,無,無,無,,,,,,緑政土木局所管 / 原データ区名=南区 / 原データ多機能トイレ数=0
231002,627,愛知県名古屋市,松風公園,マツカゼコウエン,,231002,,愛知県名古屋市南区元鳴尾町,愛知県,名古屋市,,,,,,,,,1,1,0,0,0,0,0,1,1,0,,無,無,無,,,,,,緑政土木局所管 / 原データ区名=南区 / 原データ多機能トイレ数=0
231002,628,愛知県名古屋市,星宮公園,ホシミヤコウエン,,231002,,愛知県名古屋市南区星宮町,愛知県,名古屋市,,,,,,,,,0,0,0,0,0,0,0,1,0,1,,無,無,無,,,,,,緑政土木局所管 / 原データ区名=南区 / 原データ多機能トイレ数=0
231002,629,愛知県名古屋市,芝公園,シバコウエン,,231002,,愛知県名古屋市南区芝町,愛知県,名古屋市,,,,,,,,,2,2,0,0,0,0,0,1,0,1,,無,無,無,,,,,,緑政土木局所管 / 原データ区名=南区 / 原データ多機能トイレ数=0
231002,630,愛知県名古屋市,千鳥公園,チドリコウエン,,231002,,愛知県名古屋市南区天白町４丁目,愛知県,名古屋市,,,,,,,,,2,2,0,0,0,0,0,1,1,0,,無,無,無,,,,,,緑政土木局所管 / 原データ区名=南区 / 原データ多機能トイレ数=0
231002,631,愛知県名古屋市,水袋公園,ミズブクロコウエン,,231002,,愛知県名古屋市南区神松町３丁目,愛知県,名古屋市,,,,,,,,,2,1,0,1,1,0,1,0,0,0,,有,無,無,,,,,,緑政土木局所管 / 原データ区名=南区 / 原データ多機能トイレ数=1 / 原データベビーベッド数=1 / 原データベビーチェア数=3
231002,632,愛知県名古屋市,南野第三公園,ミナミノダイサンコウエン,,231002,,愛知県名古屋市南区南野二丁目、丹後通５丁目,愛知県,名古屋市,,,,,,,,,2,2,0,0,0,0,0,1,1,0,,無,無,無,,,,,,緑政土木局所管 / 原データ区名=南区 / 原データ多機能トイレ数=0
231002,633,愛知県名古屋市,忠道公園,チュウドウコウエン,,231002,,愛知県名古屋市南区忠次一丁目,愛知県,名古屋市,,,,,,,,,2,2,0,0,0,0,0,1,1,0,,無,無,無,,,,,,緑政土木局所管 / 原データ区名=南区 / 原データ多機能トイレ数=0
231002,634,愛知県名古屋市,大生公園,タイセイコウエン,,231002,,愛知県名古屋市南区東又兵ヱ町１丁目,愛知県,名古屋市,,,,,,,,,2,2,0,0,0,0,0,1,0,1,,無,無,無,,,,,,緑政土木局所管 / 原データ区名=南区 / 原データ多機能トイレ数=0
231002,635,愛知県名古屋市,上浜南公園,カミハマミナミコウエン,,231002,,愛知県名古屋市南区上浜町,愛知県,名古屋市,,,,,,,,,2,2,0,0,0,0,0,1,0,1,,有,無,無,,,,,,緑政土木局所管 / 原データ区名=南区 / 原データ多機能トイレ数=1
231002,636,愛知県名古屋市,南野第二公園,ミナミノダイニコウエン,,231002,,愛知県名古屋市南区南野二丁目,愛知県,名古屋市,,,,,,,,,2,2,0,0,0,0,0,1,1,0,,有,無,無,,,,,,緑政土木局所管 / 原データ区名=南区 / 原データ多機能トイレ数=1
231002,637,愛知県名古屋市,大江川緑地,オオエガワリョクチ,,231002,,愛知県名古屋市南区元塩町１丁目、２丁目、３丁目、４丁目、６丁目、宝生町３丁目、４丁目、神松町１丁目、２丁目、３丁目、丹後通２丁目、５丁目、南野一丁目、星崎町字繰出,愛知県,名古屋市,,,,東地区,,,,,3,2,1,0,2,2,0,0,0,0,,無,無,無,,,,,,緑政土木局所管 / 原データ区名=南区 / 原データ多機能トイレ数=0
231002,638,愛知県名古屋市,大江川緑地,オオエガワリョクチ,,231002,,愛知県名古屋市南区元塩町１丁目、２丁目、３丁目、４丁目、６丁目、宝生町３丁目、４丁目、神松町１丁目、２丁目、３丁目、丹後通２丁目、５丁目、南野一丁目、星崎町字繰出,愛知県,名古屋市,,,,中地区,,,,,3,2,1,0,2,2,0,0,0,0,,無,無,無,,,,,,緑政土木局所管 / 原データ区名=南区 / 原データ多機能トイレ数=0
231002,639,愛知県名古屋市,大江川緑地,オオエガワリョクチ,,231002,,愛知県名古屋市南区元塩町１丁目、２丁目、３丁目、４丁目、６丁目、宝生町３丁目、４丁目、神松町１丁目、２丁目、３丁目、丹後通２丁目、５丁目、南野一丁目、星崎町字繰出,愛知県,名古屋市,,,,東地区,,,,,0,0,0,0,0,0,0,0,0,0,,有,無,無,,,,,,緑政土木局所管 / 原データ区名=南区 / 原データ多機能トイレ数=1
231002,640,愛知県名古屋市,豊公園,ユタカコウエン,,231002,,愛知県名古屋市南区豊二丁目,愛知県,名古屋市,,,,,,,,,2,2,0,0,0,0,0,1,1,0,,無,無,無,,,,,,緑政土木局所管 / 原データ区名=南区 / 原データ多機能トイレ数=0
231002,641,愛知県名古屋市,丹後公園,タンゴコウエン,,231002,,愛知県名古屋市南区南野一丁目,愛知県,名古屋市,,,,,,,,,3,2,1,0,2,2,0,0,0,0,,有,無,無,,,,,,緑政土木局所管 / 原データ区名=南区 / 原データ多機能トイレ数=1
231002,642,愛知県名古屋市,鶴里公園,ツルサトコウエン,,231002,,愛知県名古屋市南区鶴里町３丁目、鯛取通５丁目,愛知県,名古屋市,,,,,,,,,2,2,0,0,0,0,0,1,1,0,,無,無,無,,,,,,緑政土木局所管 / 原データ区名=南区 / 原データ多機能トイレ数=0
231002,643,愛知県名古屋市,明円公園,ミョウエンコウエン,,231002,,愛知県名古屋市南区明円町,愛知県,名古屋市,,,,,,,,,1,1,0,0,0,0,0,1,1,0,,無,無,無,,,,,,緑政土木局所管 / 原データ区名=南区 / 原データ多機能トイレ数=0
231002,644,愛知県名古屋市,宝公園,タカラコウエン,,231002,,愛知県名古屋市南区北頭町２丁目、中割町２丁目,愛知県,名古屋市,,,,,,,,,2,2,0,0,0,0,0,1,1,0,,無,無,無,,,,,,緑政土木局所管 / 原データ区名=南区 / 原データ多機能トイレ数=0
231002,645,愛知県名古屋市,笠寺公園,カサデラコウエン,,231002,,愛知県名古屋市南区弥生町、白雲町、見晴町、貝塚町,愛知県,名古屋市,,,,,,,,,2,2,0,0,0,0,0,1,1,0,,無,無,無,,,,,,緑政土木局所管 / 原データ区名=南区 / 原データ多機能トイレ数=0
231002,646,愛知県名古屋市,笠寺公園,カサデラコウエン,,231002,,愛知県名古屋市南区弥生町、白雲町、見晴町、貝塚町,愛知県,名古屋市,,,,,,,,,3,2,1,0,2,2,0,0,0,0,,有,無,無,,,,,,緑政土木局所管 / 原データ区名=南区 / 原データ多機能トイレ数=1
231002,647,愛知県名古屋市,泉楽公園,センラクコウエン,,231002,,愛知県名古屋市南区泉楽通４丁目、七条町１丁目、２丁目,愛知県,名古屋市,,,,,,,,,2,2,0,0,0,0,0,1,1,0,,無,無,無,,,,,,緑政土木局所管 / 原データ区名=南区 / 原データ多機能トイレ数=0
231002,648,愛知県名古屋市,泉楽公園,センラクコウエン,,231002,,愛知県名古屋市南区泉楽通４丁目、七条町１丁目、２丁目,愛知県,名古屋市,,,,,,,,,0,0,0,0,0,0,0,0,0,0,,有,無,無,,,,,,緑政土木局所管 / 原データ区名=南区 / 原データ多機能トイレ数=1
231002,649,愛知県名古屋市,伝馬公園,テンマコウエン,,231002,,愛知県名古屋市南区豊二丁目,愛知県,名古屋市,,,,,,,,,2,2,0,0,0,0,0,1,1,0,,無,無,無,,,,,,緑政土木局所管 / 原データ区名=南区 / 原データ多機能トイレ数=0
231002,650,愛知県名古屋市,白水公園,ハクスイコウエン,,231002,,愛知県名古屋市南区白水町,愛知県,名古屋市,,,,,,,,,2,2,0,0,0,0,0,1,1,0,,無,無,無,,,,,,緑政土木局所管 / 原データ区名=南区 / 原データ多機能トイレ数=0
231002,651,愛知県名古屋市,小幡緑地駅,オバタリョクチエキ,,231002,,愛知県名古屋市守山区竜泉寺二丁目,愛知県,名古屋市,,,,,,,,,3,2,0,1,2,0,2,0,0,0,,有,有,有,,,,,,環境局所管 / 原データ区名=守山区 / 原データ多機能トイレ数=2 / 原データベビーベッド数=3 / 原データベビーチェア数=5
231002,652,愛知県名古屋市,千代田橋緑地,チヨダバシリョクチ,,231002,,愛知県名古屋市守山区八反、小六町、更屋敷、千種区千代田橋一丁目、東区砂田橋二丁目、砂田橋三丁目、砂田橋四丁目,愛知県,名古屋市,,,,,,,,,2,2,0,0,0,0,0,1,1,0,,無,無,無,,,,,,緑政土木局所管 / 原データ区名=守山区 / 原データ多機能トイレ数=0
231002,653,愛知県名古屋市,矢田川橋緑地,ヤダガワバシリョクチ,,231002,,愛知県名古屋市守山区鳥羽見一丁目、市場、新守山、北区山田北町１丁目、矢田町１丁目、東区矢田町２丁目、字寺畑,愛知県,名古屋市,,,,,,,,,3,2,1,0,1,1,0,0,0,0,,無,無,無,,,,,,緑政土木局所管 / 原データ区名=守山区 / 原データ多機能トイレ数=0
231002,654,愛知県名古屋市,千代田橋緑地,チヨダバシリョクチ,,231002,,愛知県名古屋市守山区八反、小六町、更屋敷、千種区千代田橋一丁目、東区砂田橋二丁目、砂田橋三丁目、砂田橋四丁目,愛知県,名古屋市,,,,,,,,,3,2,1,0,1,1,0,0,0,0,,無,無,無,,,,,,緑政土木局所管 / 原データ区名=守山区 / 原データ多機能トイレ数=0
231002,655,愛知県名古屋市,天神橋緑地,テンジンバシリョクチ,,231002,,愛知県名古屋市守山区瀬古一丁目、大字瀬古字高見、大字守山字川田、北区上飯田東町２丁目、５丁目、上飯田北町４丁目、字古新田、山田北町１丁目、２丁目,愛知県,名古屋市,,,,,,,,,2,2,0,0,0,0,0,1,1,0,,無,無,無,,,,,,緑政土木局所管 / 原データ区名=守山区 / 原データ多機能トイレ数=0
231002,656,愛知県名古屋市,天神橋緑地,テンジンバシリョクチ,,231002,,愛知県名古屋市守山区瀬古一丁目、大字瀬古字高見、大字守山字川田、北区上飯田東町２丁目、５丁目、上飯田北町４丁目、字古新田、山田北町１丁目、２丁目,愛知県,名古屋市,,,,,,,,,3,2,1,0,1,1,0,0,0,0,,無,無,無,,,,,,緑政土木局所管 / 原データ区名=守山区 / 原データ多機能トイレ数=0
231002,657,愛知県名古屋市,矢田川橋緑地,ヤダガワバシリョクチ,,231002,,愛知県名古屋市守山区鳥羽見一丁目、市場、新守山、北区山田北町１丁目、矢田町１丁目、東区矢田町２丁目、字寺畑,愛知県,名古屋市,,,,,,,,,3,2,1,0,1,1,0,0,0,0,,無,無,無,,,,,,緑政土木局所管 / 原データ区名=守山区 / 原データ多機能トイレ数=0
231002,658,愛知県名古屋市,千代田橋緑地,チヨダバシリョクチ,,231002,,愛知県名古屋市守山区八反、小六町、更屋敷、千種区千代田橋一丁目、東区砂田橋二丁目、砂田橋三丁目、砂田橋四丁目,愛知県,名古屋市,,,,,,,,,3,2,1,0,1,1,0,0,0,0,,無,無,無,,,,,,緑政土木局所管 / 原データ区名=守山区 / 原データ多機能トイレ数=0
231002,659,愛知県名古屋市,金屋第一公園,カナヤダイイチコウエン,,231002,,愛知県名古屋市守山区金屋一丁目,愛知県,名古屋市,,,,,,,,,2,2,0,0,0,0,0,1,1,0,,無,無,無,,,,,,緑政土木局所管 / 原データ区名=守山区 / 原データ多機能トイレ数=0
231002,660,愛知県名古屋市,金屋第二公園,カナヤダイニコウエン,,231002,,愛知県名古屋市守山区金屋二丁目,愛知県,名古屋市,,,,,,,,,2,2,0,0,0,0,0,1,0,1,,無,無,無,,,,,,緑政土木局所管 / 原データ区名=守山区 / 原データ多機能トイレ数=0
231002,661,愛知県名古屋市,守牧公園,モリマキコウエン,,231002,,愛知県名古屋市守山区守牧町,愛知県,名古屋市,,,,,,,,,2,2,0,0,0,0,0,1,0,1,,無,無,無,,,,,,緑政土木局所管 / 原データ区名=守山区 / 原データ多機能トイレ数=0
231002,662,愛知県名古屋市,白沢公園,シラサワコウエン,,231002,,愛知県名古屋市守山区白沢町,愛知県,名古屋市,,,,,,,,,2,2,0,0,0,0,0,1,1,0,,無,無,無,,,,,,緑政土木局所管 / 原データ区名=守山区 / 原データ多機能トイレ数=0
231002,663,愛知県名古屋市,西新田公園,ニシシンデンコウエン,,231002,,愛知県名古屋市守山区大森二丁目,愛知県,名古屋市,,,,,,,,,2,2,0,0,0,0,0,1,1,0,,無,無,無,,,,,,緑政土木局所管 / 原データ区名=守山区 / 原データ多機能トイレ数=0
231002,664,愛知県名古屋市,五反田公園,ゴタンダコウエン,,231002,,愛知県名古屋市守山区大森一丁目,愛知県,名古屋市,,,,,,,,,2,2,0,0,0,0,0,1,1,0,,無,無,無,,,,,,緑政土木局所管 / 原データ区名=守山区 / 原データ多機能トイレ数=0
231002,665,愛知県名古屋市,白晴公園,シラハリコウエン,,231002,,愛知県名古屋市守山区大森四丁目,愛知県,名古屋市,,,,,,,,,2,2,0,0,0,0,0,1,1,0,,無,無,無,,,,,,緑政土木局所管 / 原データ区名=守山区 / 原データ多機能トイレ数=0
231002,666,愛知県名古屋市,山ノ田公園,ヤマノタコウエン,,231002,,愛知県名古屋市守山区大森五丁目,愛知県,名古屋市,,,,,,,,,2,2,0,0,0,0,0,1,1,0,,無,無,無,,,,,,緑政土木局所管 / 原データ区名=守山区 / 原データ多機能トイレ数=0
231002,667,愛知県名古屋市,定納公園,ジョウノウコウエン,,231002,,愛知県名古屋市守山区向台二丁目,愛知県,名古屋市,,,,,,,,,2,2,0,0,0,0,0,1,1,0,,無,無,無,,,,,,緑政土木局所管 / 原データ区名=守山区 / 原データ多機能トイレ数=0
231002,668,愛知県名古屋市,山下公園,ヤマシタコウエン,,231002,,愛知県名古屋市守山区村合町,愛知県,名古屋市,,,,,,,,,2,2,0,0,0,0,0,1,1,0,,無,無,無,,,,,,緑政土木局所管 / 原データ区名=守山区 / 原データ多機能トイレ数=0
231002,669,愛知県名古屋市,山下公園,ヤマシタコウエン,,231002,,愛知県名古屋市守山区村合町,愛知県,名古屋市,,,,,,,,,0,0,0,0,0,0,0,0,0,0,,有,無,無,,,,,,緑政土木局所管 / 原データ区名=守山区 / 原データ多機能トイレ数=1
231002,670,愛知県名古屋市,松坂公園,マツサカコウエン,,231002,,愛知県名古屋市守山区松坂町,愛知県,名古屋市,,,,,,,,,2,2,0,0,0,0,0,1,1,0,,無,無,無,,,,,,緑政土木局所管 / 原データ区名=守山区 / 原データ多機能トイレ数=0
231002,671,愛知県名古屋市,川村公園,カワムラコウエン,,231002,,愛知県名古屋市守山区川村町,愛知県,名古屋市,,,,,,,,,2,2,0,0,0,0,0,1,1,0,,無,無,無,,,,,,緑政土木局所管 / 原データ区名=守山区 / 原データ多機能トイレ数=0
231002,672,愛知県名古屋市,小六公園,コロクコウエン,,231002,,愛知県名古屋市守山区小六町,愛知県,名古屋市,,,,,,,,,2,2,0,0,0,0,0,1,1,0,,無,無,無,,,,,,緑政土木局所管 / 原データ区名=守山区 / 原データ多機能トイレ数=0
231002,673,愛知県名古屋市,高島公園,タカシマコウエン,,231002,,愛知県名古屋市守山区高島町,愛知県,名古屋市,,,,,,,,,2,2,0,0,0,0,0,1,1,0,,無,無,無,,,,,,緑政土木局所管 / 原データ区名=守山区 / 原データ多機能トイレ数=0
231002,674,愛知県名古屋市,檀ノ浦公園,ダンノウラコウエン,,231002,,愛知県名古屋市守山区御膳洞,愛知県,名古屋市,,,,,,,,,2,2,0,0,0,0,0,1,1,0,,無,無,無,,,,,,緑政土木局所管 / 原データ区名=守山区 / 原データ多機能トイレ数=0
231002,675,愛知県名古屋市,元牧公園,モトマキコウエン,,231002,,愛知県名古屋市守山区村前町,愛知県,名古屋市,,,,,,,,,2,2,0,0,0,0,0,1,1,0,,無,無,無,,,,,,緑政土木局所管 / 原データ区名=守山区 / 原データ多機能トイレ数=0
231002,676,愛知県名古屋市,東島公園,ヒガシジマコウエン,,231002,,愛知県名古屋市守山区大森三丁目,愛知県,名古屋市,,,,,,,,,2,2,0,0,0,0,0,1,1,0,,無,無,無,,,,,,緑政土木局所管 / 原データ区名=守山区 / 原データ多機能トイレ数=0
231002,677,愛知県名古屋市,下市場公園,シモイチバコウエン,,231002,,愛知県名古屋市守山区天子田一丁目,愛知県,名古屋市,,,,,,,,,2,2,0,0,0,0,0,1,1,0,,無,無,無,,,,,,緑政土木局所管 / 原データ区名=守山区 / 原データ多機能トイレ数=0
231002,678,愛知県名古屋市,大森中央公園,オオモリチュウオウコウエン,,231002,,愛知県名古屋市守山区元郷一丁目,愛知県,名古屋市,,,,,,,,,2,2,0,0,0,0,0,1,1,0,,無,無,無,,,,,,緑政土木局所管 / 原データ区名=守山区 / 原データ多機能トイレ数=0
231002,679,愛知県名古屋市,八釼公園,ヤツルギコウエン,,231002,,愛知県名古屋市守山区八剣二丁目,愛知県,名古屋市,,,,,,,,,2,2,0,0,0,0,0,1,1,0,,無,無,無,,,,,,緑政土木局所管 / 原データ区名=守山区 / 原データ多機能トイレ数=0
231002,680,愛知県名古屋市,小原橋緑地,オハラバシリョクチ,,231002,,愛知県名古屋市守山区小幡千代田、小幡宮ノ腰、小幡太田、苗代一丁目、苗代二丁目、千種区竹越一丁目、香流橋一丁目、東千種台,愛知県,名古屋市,,,,小原橋西側,,,,,2,2,0,0,1,1,0,1,1,0,,無,無,無,,,,,,緑政土木局所管 / 原データ区名=守山区 / 原データ多機能トイレ数=0
231002,681,愛知県名古屋市,小原橋緑地,オハラバシリョクチ,,231002,,愛知県名古屋市守山区小幡千代田、小幡宮ノ腰、小幡太田、苗代一丁目、苗代二丁目、千種区竹越一丁目、香流橋一丁目、東千種台,愛知県,名古屋市,,,,千代田橋東側近く,,,,,2,2,0,0,1,1,0,1,1,0,,無,無,無,,,,,,緑政土木局所管 / 原データ区名=守山区 / 原データ多機能トイレ数=0
231002,682,愛知県名古屋市,すいどうみち緑道,スイドウミチコウエン,,231002,,愛知県名古屋市守山区川北町、川宮町、森宮町、村合町、永森町、西城一丁目、大牧町、大屋敷、更屋敷、東山町、廿軒家,愛知県,名古屋市,,,,,,,,,2,2,0,0,0,0,0,1,1,0,,無,無,無,,,,,,緑政土木局所管 / 原データ区名=守山区 / 原データ多機能トイレ数=0
231002,683,愛知県名古屋市,永森公園,ナガモリコウエン,,231002,,愛知県名古屋市守山区永森町,愛知県,名古屋市,,,,,,,,,2,2,0,0,0,0,0,1,0,1,,無,無,無,,,,,,緑政土木局所管 / 原データ区名=守山区 / 原データ多機能トイレ数=0
231002,684,愛知県名古屋市,大永公園,ダイエイコウエン,,231002,,愛知県名古屋市守山区大永寺町,愛知県,名古屋市,,,,,,,,,2,2,0,0,0,0,0,1,0,1,,無,無,無,,,,,,緑政土木局所管 / 原データ区名=守山区 / 原データ多機能トイレ数=0
231002,685,愛知県名古屋市,山屋敷公園,ヤマヤシキコウエン,,231002,,愛知県名古屋市守山区向台三丁目,愛知県,名古屋市,,,,,,,,,2,2,0,0,0,0,0,1,1,0,,無,無,無,,,,,,緑政土木局所管 / 原データ区名=守山区 / 原データ多機能トイレ数=0
231002,686,愛知県名古屋市,天子田公園,アマコダコウエン,,231002,,愛知県名古屋市守山区天子田二丁目,愛知県,名古屋市,,,,,,,,,2,2,0,0,0,0,0,1,1,0,,無,無,無,,,,,,緑政土木局所管 / 原データ区名=守山区 / 原データ多機能トイレ数=0
231002,687,愛知県名古屋市,小林公園,コバヤシコウエン,,231002,,愛知県名古屋市守山区小幡五丁目,愛知県,名古屋市,,,,,,,,,2,2,0,0,0,0,0,1,1,0,,有,無,無,,,,,,緑政土木局所管 / 原データ区名=守山区 / 原データ多機能トイレ数=1
231002,688,愛知県名古屋市,松川橋緑地,マツカワバシリョクチ,,231002,,愛知県名古屋市守山区幸心三丁目、川宮町,愛知県,名古屋市,,,,,,,,,2,2,0,0,0,0,0,2,2,0,,無,無,無,,,,,,緑政土木局所管 / 原データ区名=守山区 / 原データ多機能トイレ数=0
231002,689,愛知県名古屋市,川田公園,カワダコウエン,,231002,,愛知県名古屋市守山区川宮町,愛知県,名古屋市,,,,,,,,,2,2,0,0,0,0,0,1,1,0,,無,無,無,,,,,,緑政土木局所管 / 原データ区名=守山区 / 原データ多機能トイレ数=0
231002,690,愛知県名古屋市,川田公園,カワダコウエン,,231002,,愛知県名古屋市守山区川宮町,愛知県,名古屋市,,,,,,,,,2,2,0,0,0,0,0,0,0,0,,有,無,無,,,,,,緑政土木局所管 / 原データ区名=守山区 / 原データ多機能トイレ数=1
231002,691,愛知県名古屋市,城土公園,シロツチコウエン,,231002,,愛知県名古屋市守山区城土町,愛知県,名古屋市,,,,,,,,,2,2,0,0,0,0,0,1,0,1,,無,無,無,,,,,,緑政土木局所管 / 原データ区名=守山区 / 原データ多機能トイレ数=0
231002,692,愛知県名古屋市,城土公園,シロツチコウエン,,231002,,愛知県名古屋市守山区城土町,愛知県,名古屋市,,,,,,,,,1,1,0,0,0,0,0,1,1,0,,有,無,無,,,,,,緑政土木局所管 / 原データ区名=守山区 / 原データ多機能トイレ数=1
231002,693,愛知県名古屋市,長廻間緑地,ナガハサマリョクチ,,231002,,愛知県名古屋市守山区百合が丘,愛知県,名古屋市,,,,,,,,,1,0,0,1,1,0,1,0,0,0,,無,無,無,,,,,,緑政土木局所管 / 原データ区名=守山区 / 原データ多機能トイレ数=0
231002,694,愛知県名古屋市,薮田公園,ヤブタコウエン,,231002,,愛知県名古屋市守山区藪田町,愛知県,名古屋市,,,,,,,,,2,2,0,0,0,0,0,1,1,0,,無,無,無,,,,,,緑政土木局所管 / 原データ区名=守山区 / 原データ多機能トイレ数=0
231002,695,愛知県名古屋市,新守公園,シンモリコウエン,,231002,,愛知県名古屋市守山区新守町,愛知県,名古屋市,,,,,,,,,2,2,0,0,0,0,0,1,1,0,,無,無,無,,,,,,緑政土木局所管 / 原データ区名=守山区 / 原データ多機能トイレ数=0
231002,696,愛知県名古屋市,小幡稲荷公園,オバタイナリコウエン,,231002,,愛知県名古屋市守山区小幡中三丁目,愛知県,名古屋市,,,,,,,,,2,2,0,0,0,0,0,1,0,1,,無,無,無,,,,,,緑政土木局所管 / 原データ区名=守山区 / 原データ多機能トイレ数=0
231002,697,愛知県名古屋市,雨池公園,アマイケコウエン,,231002,,愛知県名古屋市守山区御膳洞,愛知県,名古屋市,,,,,,,,,3,2,1,0,2,2,0,0,0,0,,有,無,無,,,,,,緑政土木局所管 / 原データ区名=守山区 / 原データ多機能トイレ数=1
231002,698,愛知県名古屋市,瀬古公園,セココウエン,,231002,,愛知県名古屋市守山区瀬古二丁目,愛知県,名古屋市,,,,,,,,,2,2,0,0,0,0,0,1,1,0,,有,無,無,,,,,,緑政土木局所管 / 原データ区名=守山区 / 原データ多機能トイレ数=1
231002,699,愛知県名古屋市,白山第二公園,ハクサンダイニコウエン,,231002,,愛知県名古屋市守山区白山二丁目,愛知県,名古屋市,,,,,,,,,2,2,0,0,0,0,0,1,1,0,,有,無,無,,,,,,緑政土木局所管 / 原データ区名=守山区 / 原データ多機能トイレ数=1
231002,700,愛知県名古屋市,西浦市場公園,ニシウライチバコウエン,,231002,,愛知県名古屋市守山区大牧町,愛知県,名古屋市,,,,,,,,,2,2,0,0,0,0,0,1,1,0,,無,無,無,,,,,,緑政土木局所管 / 原データ区名=守山区 / 原データ多機能トイレ数=0
231002,701,愛知県名古屋市,小幡北山緑地,オバタキタヤマリョクチ,,231002,,愛知県名古屋市守山区小幡四丁目,愛知県,名古屋市,,,,,,,,,0,0,0,0,0,0,0,1,0,1,,無,無,無,,,,,,緑政土木局所管 / 原データ区名=守山区 / 原データ多機能トイレ数=0
231002,702,愛知県名古屋市,新城公園,シンシロコウエン,,231002,,愛知県名古屋市守山区新城,愛知県,名古屋市,,,,,,,,,1,1,0,0,0,0,0,1,1,0,,無,無,無,,,,,,緑政土木局所管 / 原データ区名=守山区 / 原データ多機能トイレ数=0
231002,703,愛知県名古屋市,大森橋緑地,オオモリバシリョクチ,,231002,,愛知県名古屋市守山区菱池町,愛知県,名古屋市,,,,,,,,,2,2,0,0,1,1,0,1,1,0,,無,無,無,,,,,,緑政土木局所管 / 原データ区名=守山区 / 原データ多機能トイレ数=0
231002,704,愛知県名古屋市,吉根仲田公園,キッコナカタ,,231002,,愛知県名古屋市守山区吉根一丁目,愛知県,名古屋市,,,,,,,,,2,1,0,1,0,0,0,0,0,0,,有,有,無,,,,,,緑政土木局所管 / 原データ区名=守山区 / 原データ多機能トイレ数=1 / 原データベビーベッド数=1 / 原データベビーチェア数=2
231002,705,愛知県名古屋市,吉根公園,キッココウエン,,231002,,愛知県名古屋市守山区吉根三丁目,愛知県,名古屋市,,,,,,,,,3,2,1,0,2,2,0,0,0,0,,有,無,無,,,,,,緑政土木局所管 / 原データ区名=守山区 / 原データ多機能トイレ数=1
231002,706,愛知県名古屋市,平池中央公園,ヒライケチュウオウコウエン,,231002,,愛知県名古屋市守山区平池東,愛知県,名古屋市,,,,,,,,,3,2,1,0,2,2,0,0,0,0,,有,無,無,,,,,,緑政土木局所管 / 原データ区名=守山区 / 原データ多機能トイレ数=1
231002,707,愛知県名古屋市,下志段味公園,シモシダミコウエン,,231002,,愛知県名古屋市守山区大字下志段味字島の口、字長廻間、字穴ケ洞,愛知県,名古屋市,,,,,,,,,3,2,1,0,2,2,0,0,0,0,,有,無,無,,,,,,緑政土木局所管 / 原データ区名=守山区 / 原データ多機能トイレ数=1
231002,708,愛知県名古屋市,しだみ中央公園,シダミチュウオウコウエン,,231002,,愛知県名古屋市守山区大字下志段味字前田、大字中志段味字舟場、字申新田,愛知県,名古屋市,,,,,,,,,3,2,1,0,2,2,0,0,0,0,,有,無,無,,,,,,緑政土木局所管 / 原データ区名=守山区 / 原データ多機能トイレ数=1
231002,709,愛知県名古屋市,翠松園緑地,スイショウエンリョクチ,,231002,,愛知県名古屋市守山区翠松園一丁目、喜多山二丁目,愛知県,名古屋市,,,,,,,,,2,2,0,0,0,0,0,1,1,0,,有,無,無,,,,,,緑政土木局所管 / 原データ区名=守山区 / 原データ多機能トイレ数=1
231002,710,愛知県名古屋市,六田公園,ロクデンコウエン,,231002,,愛知県名古屋市緑区六田二丁目,愛知県,名古屋市,,,,,,,,,2,2,0,0,0,0,0,1,0,1,,無,無,無,,,,,,緑政土木局所管 / 原データ区名=緑区 / 原データ多機能トイレ数=0
231002,711,愛知県名古屋市,六条第一公園,ロクジョウダイイチコウエン,,231002,,愛知県名古屋市緑区六田一丁目,愛知県,名古屋市,,,,,,,,,2,2,0,0,0,0,0,1,1,0,,無,無,無,,,,,,緑政土木局所管 / 原データ区名=緑区 / 原データ多機能トイレ数=0
231002,712,愛知県名古屋市,緑黒石第一公園,ミドリクロイシダイイチコウエン,,231002,,愛知県名古屋市緑区桃山三丁目,愛知県,名古屋市,,,,,,,,,2,2,0,0,0,0,0,1,1,0,,無,無,無,,,,,,緑政土木局所管 / 原データ区名=緑区 / 原データ多機能トイレ数=0
231002,713,愛知県名古屋市,梨の木公園,ナシノキコウエン,,231002,,愛知県名古屋市緑区鶴が沢一丁目,愛知県,名古屋市,,,,,,,,,2,2,0,0,0,0,0,1,1,0,,有,無,無,,,,,,緑政土木局所管 / 原データ区名=緑区 / 原データ多機能トイレ数=1
231002,714,愛知県名古屋市,螺貝公園,ホラガイコウエン,,231002,,愛知県名古屋市緑区相川三丁目,愛知県,名古屋市,,,,,,,,,2,2,0,0,0,0,0,1,0,1,,無,無,無,,,,,,緑政土木局所管 / 原データ区名=緑区 / 原データ多機能トイレ数=0
231002,715,愛知県名古屋市,要池公園,カナメイケコウエン,,231002,,愛知県名古屋市緑区乗鞍二丁目,愛知県,名古屋市,,,,,,,,,2,2,0,0,0,0,0,1,1,0,,無,無,無,,,,,,緑政土木局所管 / 原データ区名=緑区 / 原データ多機能トイレ数=0
231002,716,愛知県名古屋市,有松武路公園,アリマツタケジコウエン,,231002,,愛知県名古屋市緑区武路町,愛知県,名古屋市,,,,,,,,,2,2,0,0,0,0,0,1,1,0,,有,無,無,,,,,,緑政土木局所管 / 原データ区名=緑区 / 原データ多機能トイレ数=1
231002,717,愛知県名古屋市,有松駅前広場,アリマツエキマエヒロバ,,231002,,愛知県名古屋市緑区鳴海町字有松裏202,愛知県,名古屋市,,,,,,,,,4,3,0,1,2,0,2,0,0,0,,有,有,無,,,,,,環境局所管 / 原データ区名=緑区 / 原データ多機能トイレ数=1 / 原データベビーベッド数=1
231002,718,愛知県名古屋市,野末公園,ノズエコウエン,,231002,,愛知県名古屋市緑区野末町,愛知県,名古屋市,,,,,,,,,2,2,0,0,0,0,0,1,1,0,,無,無,無,,,,,,緑政土木局所管 / 原データ区名=緑区 / 原データ多機能トイレ数=0
231002,719,愛知県名古屋市,鳴子長根公園,ナルコナガネコウエン,,231002,,愛知県名古屋市緑区鳴子町１丁目,愛知県,名古屋市,,,,,,,,,2,2,0,0,0,0,0,1,1,0,,無,無,無,,,,,,緑政土木局所管 / 原データ区名=緑区 / 原データ多機能トイレ数=0
231002,720,愛知県名古屋市,鳴子中央公園,ナルコチュウオウコウエン,,231002,,愛知県名古屋市緑区鳴子町２丁目,愛知県,名古屋市,,,,,,,,,3,2,0,1,1,0,1,0,0,0,,無,無,無,,,,,,緑政土木局所管 / 原データ区名=緑区 / 原データ多機能トイレ数=0
231002,721,愛知県名古屋市,鳴海大根公園,ナルミオオネコウエン,,231002,,愛知県名古屋市緑区松が根台,愛知県,名古屋市,,,,,,,,,2,2,0,0,0,0,0,1,1,0,,無,無,無,,,,,,緑政土木局所管 / 原データ区名=緑区 / 原データ多機能トイレ数=0
231002,722,愛知県名古屋市,鳴海城跡公園,ナルミシロアトコウエン,,231002,,愛知県名古屋市緑区鳴海町字城,愛知県,名古屋市,,,,,,,,,2,2,0,0,0,0,0,1,1,0,,無,無,無,,,,,,緑政土木局所管 / 原データ区名=緑区 / 原データ多機能トイレ数=0
231002,723,愛知県名古屋市,鳴海公園,ナルミコウエン,,231002,,愛知県名古屋市緑区鳴海町字尾崎山,愛知県,名古屋市,,,,,,,,,1,1,0,0,0,0,0,1,1,0,,無,無,無,,,,,,緑政土木局所管 / 原データ区名=緑区 / 原データ多機能トイレ数=0
231002,724,愛知県名古屋市,坊主山公園,ボウズヤマコウエン,,231002,,愛知県名古屋市緑区平子が丘,愛知県,名古屋市,,,,,,,,,3,2,0,1,2,1,1,0,0,0,,無,無,無,,,,,,緑政土木局所管 / 原データ区名=緑区 / 原データ多機能トイレ数=0
231002,725,愛知県名古屋市,平手北公園,ヒラテキタコウエン,,231002,,愛知県名古屋市緑区平手北一丁目,愛知県,名古屋市,,,,,,,,,3,2,1,0,2,2,0,0,0,0,,有,無,無,,,,,,緑政土木局所管 / 原データ区名=緑区 / 原データ多機能トイレ数=1
231002,726,愛知県名古屋市,平手南公園,ヒラテミナミコウエン,,231002,,愛知県名古屋市緑区砂田二丁目,愛知県,名古屋市,,,,,,,,,3,2,1,0,2,2,0,0,0,0,,有,無,無,,,,,,緑政土木局所管 / 原データ区名=緑区 / 原データ多機能トイレ数=1
231002,727,愛知県名古屋市,白土中央公園,シラツチチュウオウコウエン,,231002,,愛知県名古屋市緑区藤塚二丁目,愛知県,名古屋市,,,,,,,,,2,2,0,0,0,0,0,1,1,0,,有,無,無,,,,,,緑政土木局所管 / 原データ区名=緑区 / 原データ多機能トイレ数=1
231002,728,愛知県名古屋市,定納山公園,ジョウノウヤマコウエン,,231002,,愛知県名古屋市緑区定納山二丁目,愛知県,名古屋市,,,,,,,,,3,2,1,0,2,2,0,0,0,0,,有,無,無,,,,,,緑政土木局所管 / 原データ区名=緑区 / 原データ多機能トイレ数=1
231002,729,愛知県名古屋市,通曲公園,トオリガネコウエン,,231002,,愛知県名古屋市緑区徳重二丁目,愛知県,名古屋市,,,,,,,,,3,2,1,0,2,1,1,0,0,0,,無,無,無,,,,,,緑政土木局所管 / 原データ区名=緑区 / 原データ多機能トイレ数=0
231002,730,愛知県名古屋市,通曲公園,トオリガネコウエン,,231002,,愛知県名古屋市緑区徳重二丁目,愛知県,名古屋市,,,,,,,,,3,2,1,0,2,2,0,0,0,0,,無,無,無,,,,,,緑政土木局所管 / 原データ区名=緑区 / 原データ多機能トイレ数=0
231002,731,愛知県名古屋市,鳥澄東公園,トリスミヒガシコウエン,,231002,,愛知県名古屋市緑区鳥澄二丁目,愛知県,名古屋市,,,,,,,,,2,2,0,0,0,0,0,1,1,0,,無,無,無,,,,,,緑政土木局所管 / 原データ区名=緑区 / 原データ多機能トイレ数=0
231002,732,愛知県名古屋市,鳥澄西公園,トリスミニシコウエン,,231002,,愛知県名古屋市緑区若田二丁目,愛知県,名古屋市,,,,,,,,,2,2,0,0,0,0,0,1,1,0,,無,無,無,,,,,,緑政土木局所管 / 原データ区名=緑区 / 原データ多機能トイレ数=0
231002,733,愛知県名古屋市,潮見が丘公園,シオミガオカコウエン,,231002,,愛知県名古屋市緑区潮見が丘二丁目,愛知県,名古屋市,,,,,,,,,2,1,0,1,1,0,1,0,0,0,,有,有,無,,,,,,緑政土木局所管 / 原データ区名=緑区 / 原データ多機能トイレ数=1 / 原データベビーベッド数=1 / 原データベビーチェア数=3
231002,734,愛知県名古屋市,蛸畑公園,タコハタコウエン,,231002,,愛知県名古屋市緑区若田三丁目,愛知県,名古屋市,,,,,,,,,2,2,0,0,0,0,0,1,1,0,,無,無,無,,,,,,緑政土木局所管 / 原データ区名=緑区 / 原データ多機能トイレ数=0
231002,735,愛知県名古屋市,滝ノ水緑地,タキノミズリョクチ,,231002,,愛知県名古屋市緑区滝ノ水二丁目,愛知県,名古屋市,,,,,,,,,3,2,0,1,2,1,1,0,0,0,,無,無,無,,,,,,緑政土木局所管 / 原データ区名=緑区 / 原データ多機能トイレ数=0
231002,736,愛知県名古屋市,滝ノ水中央公園,タキノミズチュウオウコウエン,,231002,,愛知県名古屋市緑区滝ノ水四丁目,愛知県,名古屋市,,,,,,,,,3,2,0,1,2,1,1,0,0,0,,有,無,無,,,,,,緑政土木局所管 / 原データ区名=緑区 / 原データ多機能トイレ数=1
231002,737,愛知県名古屋市,滝の水公園,タキノミズコウエン,,231002,,愛知県名古屋市緑区篠の風三丁目,愛知県,名古屋市,,,,,,,,,2,2,0,0,0,0,0,1,0,1,,無,無,無,,,,,,緑政土木局所管 / 原データ区名=緑区 / 原データ多機能トイレ数=0
231002,738,愛知県名古屋市,大将ケ根緑地,タイショウガネリョクチ,,231002,,愛知県名古屋市緑区大将ケ根一丁目、大将ケ根二丁目,愛知県,名古屋市,,,,,,,,,3,2,1,0,2,2,0,0,0,0,,有,無,無,,,,,,緑政土木局所管 / 原データ区名=緑区 / 原データ多機能トイレ数=1
231002,739,愛知県名古屋市,大高台公園,オオダカダイコウエン,,231002,,愛知県名古屋市緑区大高台二丁目,愛知県,名古屋市,,,,,,,,,2,2,0,0,0,0,0,1,1,0,,無,無,無,,,,,,緑政土木局所管 / 原データ区名=緑区 / 原データ多機能トイレ数=0
231002,740,愛知県名古屋市,大高城跡公園,オオダカシロアトコウエン,,231002,,愛知県名古屋市緑区大高町字城山、字向山,愛知県,名古屋市,,,,,,,,,1,1,0,0,0,0,0,1,1,0,,無,無,無,,,,,,緑政土木局所管 / 原データ区名=緑区 / 原データ多機能トイレ数=0
231002,741,愛知県名古屋市,扇川公園,オオギガワコウエン,,231002,,愛知県名古屋市緑区亀が洞一丁目,愛知県,名古屋市,,,,南,,,,,2,2,0,0,0,0,0,1,0,1,,有,無,無,,,,,,緑政土木局所管 / 原データ区名=緑区 / 原データ多機能トイレ数=1
231002,742,愛知県名古屋市,千句塚公園,センクヅカコウエン,,231002,,愛知県名古屋市緑区鳴海町字三王山,愛知県,名古屋市,,,,,,,,,3,2,1,0,2,2,0,0,0,0,,有,無,無,,,,,,緑政土木局所管 / 原データ区名=緑区 / 原データ多機能トイレ数=1
231002,743,愛知県名古屋市,青山南公園,アオヤマミナミコウエン,,231002,,愛知県名古屋市緑区青山三丁目,愛知県,名古屋市,,,,,,,,,2,2,0,0,0,0,0,1,0,1,,無,無,無,,,,,,緑政土木局所管 / 原データ区名=緑区 / 原データ多機能トイレ数=0
231002,744,愛知県名古屋市,青山公園,アオヤマコウエン,,231002,,愛知県名古屋市緑区青山一丁目,愛知県,名古屋市,,,,,,,,,2,2,0,0,0,0,0,1,1,0,,無,無,無,,,,,,緑政土木局所管 / 原データ区名=緑区 / 原データ多機能トイレ数=0
231002,745,愛知県名古屋市,清水山中央公園,シミズヤマチュウオウコウエン,,231002,,愛知県名古屋市緑区桶狭間清水山,愛知県,名古屋市,,,,,,,,,3,2,1,0,2,2,0,0,0,0,,有,無,無,,,,,,緑政土木局所管 / 原データ区名=緑区 / 原データ多機能トイレ数=1
231002,746,愛知県名古屋市,水広公園,ミズヒロコウエン,,231002,,愛知県名古屋市緑区水広三丁目,愛知県,名古屋市,,,,北,,,,,3,2,1,0,2,2,0,0,0,0,,有,無,無,,,,,,緑政土木局所管 / 原データ区名=緑区 / 原データ多機能トイレ数=1
231002,747,愛知県名古屋市,水広公園,ミズヒロコウエン,,231002,,愛知県名古屋市緑区水広三丁目,愛知県,名古屋市,,,,,,,,,3,2,1,0,2,2,0,0,0,0,,無,無,無,,,,,,緑政土木局所管 / 原データ区名=緑区 / 原データ多機能トイレ数=0
231002,748,愛知県名古屋市,森の里公園,モリノサトコウエン,,231002,,愛知県名古屋市緑区森の里一丁目,愛知県,名古屋市,,,,,,,,,2,2,0,0,0,0,0,1,1,0,,無,無,無,,,,,,緑政土木局所管 / 原データ区名=緑区 / 原データ多機能トイレ数=0
231002,749,愛知県名古屋市,新海池公園,ニイノミイケコウエン,,231002,,愛知県名古屋市緑区鹿山一丁目、鳴海町字池上、字赤塚,愛知県,名古屋市,,,,,,,,,2,2,0,0,0,0,0,1,0,1,,無,無,無,,,,,,緑政土木局所管 / 原データ区名=緑区 / 原データ多機能トイレ数=0
231002,750,愛知県名古屋市,新海池公園,ニイノミイケコウエン,,231002,,愛知県名古屋市緑区鹿山一丁目、鳴海町字池上、字赤塚,愛知県,名古屋市,,,,,,,,,3,2,1,0,2,2,0,0,0,0,,有,無,無,,,,,,緑政土木局所管 / 原データ区名=緑区 / 原データ多機能トイレ数=1
231002,751,愛知県名古屋市,乗鞍公園,ノリクラコウエン,,231002,,愛知県名古屋市緑区乗鞍三丁目、鳴海町字乗鞍,愛知県,名古屋市,,,,,,,,,2,2,0,0,0,0,0,1,0,1,,無,無,無,,,,,,緑政土木局所管 / 原データ区名=緑区 / 原データ多機能トイレ数=0
231002,752,愛知県名古屋市,諸の木北公園,モロノキキタコウエン,,231002,,愛知県名古屋市緑区諸の木一丁目,愛知県,名古屋市,,,,,,,,,2,2,0,0,0,0,0,1,1,0,,有,無,無,,,,,,緑政土木局所管 / 原データ区名=緑区 / 原データ多機能トイレ数=1
231002,753,愛知県名古屋市,篠の風中央公園,シノノカゼチュウオウコウエン,,231002,,愛知県名古屋市緑区篠の風二丁目,愛知県,名古屋市,,,,,,,,,2,2,0,0,0,0,0,1,0,1,,無,無,無,,,,,,緑政土木局所管 / 原データ区名=緑区 / 原データ多機能トイレ数=0
231002,754,愛知県名古屋市,四郎曽池公園,シロソイケコウエン,,231002,,愛知県名古屋市緑区長根町,愛知県,名古屋市,,,,,,,,,2,2,0,0,0,0,0,1,1,0,,無,無,無,,,,,,緑政土木局所管 / 原データ区名=緑区 / 原データ多機能トイレ数=0
231002,755,愛知県名古屋市,砦公園,トリデコウエン,,231002,,愛知県名古屋市緑区鳴海町字砦,愛知県,名古屋市,,,,,,,,,2,2,0,0,0,0,0,1,1,0,,無,無,無,,,,,,緑政土木局所管 / 原データ区名=緑区 / 原データ多機能トイレ数=0
231002,756,愛知県名古屋市,最中公園,モチュウコウエン,,231002,,愛知県名古屋市緑区浦里五丁目,愛知県,名古屋市,,,,,,,,,2,2,0,0,0,0,0,1,1,0,,無,無,無,,,,,,緑政土木局所管 / 原データ区名=緑区 / 原データ多機能トイレ数=0
231002,757,愛知県名古屋市,込高公園,コミダカコウエン,,231002,,愛知県名古屋市緑区大高町字巳新田,愛知県,名古屋市,,,,,,,,,2,2,0,0,0,0,0,1,1,0,,無,無,無,,,,,,緑政土木局所管 / 原データ区名=緑区 / 原データ多機能トイレ数=0
231002,758,愛知県名古屋市,桶狭間古戦場公園,オケハザマコセンジョウコウエン,,231002,,愛知県名古屋市緑区桶狭間北三丁目,愛知県,名古屋市,,,,,,,,,1,1,0,0,0,0,0,1,1,0,,無,無,無,,,,,,緑政土木局所管 / 原データ区名=緑区 / 原データ多機能トイレ数=0
231002,759,愛知県名古屋市,桶狭間古戦場公園,オケハザマコセンジョウコウエン,,231002,,愛知県名古屋市緑区桶狭間北三丁目,愛知県,名古屋市,,,,,,,,,3,2,0,1,2,0,2,0,0,0,,有,有,無,,,,,,緑政土木局所管 / 原データ区名=緑区 / 原データ多機能トイレ数=1 / 原データベビーベッド数=1 / 原データベビーチェア数=4
231002,760,愛知県名古屋市,浦里公園,ウラサトコウエン,,231002,,愛知県名古屋市緑区浦里一丁目,愛知県,名古屋市,,,,,,,,,2,2,0,0,0,0,0,1,1,0,,無,無,無,,,,,,緑政土木局所管 / 原データ区名=緑区 / 原データ多機能トイレ数=0
231002,761,愛知県名古屋市,姥子山中央公園,ウバコヤマチュウオウコウエン,,231002,,愛知県名古屋市緑区鎌倉台二丁目,愛知県,名古屋市,,,,,,,,,3,2,1,0,2,2,0,0,0,0,,有,無,無,,,,,,緑政土木局所管 / 原データ区名=緑区 / 原データ多機能トイレ数=1
231002,762,愛知県名古屋市,旭出公園,アサヒデコウエン,,231002,,愛知県名古屋市緑区旭出一丁目,愛知県,名古屋市,,,,,,,,,2,2,0,0,0,0,0,1,0,1,,無,無,無,,,,,,緑政土木局所管 / 原データ区名=緑区 / 原データ多機能トイレ数=0
231002,763,愛知県名古屋市,みどりが丘公園,ミドリガオカコウエン,,231002,,愛知県名古屋市緑区鳴海町字笹塚,愛知県,名古屋市,,,,南園,,,,,6,4,1,1,4,2,2,0,0,0,,無,無,無,,,,,,緑政土木局所管 / 原データ区名=緑区 / 原データ多機能トイレ数=0
231002,764,愛知県名古屋市,みどりが丘公園,ミドリガオカコウエン,,231002,,愛知県名古屋市緑区鳴海町字笹塚,愛知県,名古屋市,,,,北園,,,,,6,4,1,1,4,2,2,0,0,0,,無,無,無,,,,,,緑政土木局所管 / 原データ区名=緑区 / 原データ多機能トイレ数=0
231002,765,愛知県名古屋市,みどりが丘公園,ミドリガオカコウエン,,231002,,愛知県名古屋市緑区鳴海町字笹塚,愛知県,名古屋市,,,,,,,,,1,0,1,0,1,1,0,0,0,0,,有,無,無,,,,,,緑政土木局所管 / 原データ区名=緑区 / 原データ多機能トイレ数=0
231002,766,愛知県名古屋市,みどりが丘公園,ミドリガオカコウエン,,231002,,愛知県名古屋市緑区鳴海町字笹塚,愛知県,名古屋市,,,,合葬墓区域,,,,,5,3,0,3,4,0,4,0,0,0,,有,無,無,,,,,,緑政土木局所管 / 原データ区名=緑区 / 原データ多機能トイレ数=1
231002,767,愛知県名古屋市,みどりが丘公園,ミドリガオカコウエン,,231002,,愛知県名古屋市緑区鳴海町字笹塚,愛知県,名古屋市,,,,会館,,,,,7,5,0,2,5,2,3,0,0,0,,有,無,無,09:00,17:00,12/29～1/3休館,,,緑政土木局所管 / 原データ区名=緑区 / 原データ多機能トイレ数=1
231002,768,愛知県名古屋市,引山交通広場,ヒキヤマコウツウヒロバ,,231002,,愛知県名古屋市名東区引山四丁目,愛知県,名古屋市,,,,,,,,,3,2,0,1,1,0,1,0,0,0,,無,無,無,,,,,,環境局所管 / 原データ区名=名東区 / 原データ多機能トイレ数=0
231002,769,愛知県名古屋市,虹ヶ丘公園,ニジガオカコウエン,,231002,,愛知県名古屋市名東区にじが丘３丁目,愛知県,名古屋市,,,,,,,,,2,2,0,0,0,0,0,1,1,0,,無,無,無,,,,,,緑政土木局所管 / 原データ区名=名東区 / 原データ多機能トイレ数=0
231002,770,愛知県名古屋市,植園公園,ウエソノコウエン,,231002,,愛知県名古屋市名東区植園町３丁目,愛知県,名古屋市,,,,,,,,,2,2,0,0,0,0,0,1,1,0,,無,無,無,,,,,,緑政土木局所管 / 原データ区名=名東区 / 原データ多機能トイレ数=0
231002,771,愛知県名古屋市,代万公園,ダイマンコウエン,,231002,,愛知県名古屋市名東区代万町２丁目,愛知県,名古屋市,,,,,,,,,2,2,0,0,0,0,0,1,1,0,,無,無,無,,,,,,緑政土木局所管 / 原データ区名=名東区 / 原データ多機能トイレ数=0
231002,772,愛知県名古屋市,神丘公園,カミオカコウエン,,231002,,愛知県名古屋市名東区神丘町３丁目,愛知県,名古屋市,,,,,,,,,2,2,0,0,0,0,0,1,1,0,,無,無,無,,,,,,緑政土木局所管 / 原データ区名=名東区 / 原データ多機能トイレ数=0
231002,773,愛知県名古屋市,西山中公園,ニシヤマナカコウエン,,231002,,愛知県名古屋市名東区西山本通２丁目,愛知県,名古屋市,,,,,,,,,2,2,0,0,0,0,0,1,1,0,,無,無,無,,,,,,緑政土木局所管 / 原データ区名=名東区 / 原データ多機能トイレ数=0
231002,774,愛知県名古屋市,西一社第一公園,ニシイッシャダイイチコウエン,,231002,,愛知県名古屋市名東区高社二丁目,愛知県,名古屋市,,,,,,,,,2,2,0,0,0,0,0,1,0,1,,無,無,無,,,,,,緑政土木局所管 / 原データ区名=名東区 / 原データ多機能トイレ数=0
231002,775,愛知県名古屋市,明が丘公園,アケガオカコウエン,,231002,,愛知県名古屋市名東区明が丘,愛知県,名古屋市,,,,,,,,,2,2,0,0,0,0,0,1,0,1,,無,無,無,,,,,,緑政土木局所管 / 原データ区名=名東区 / 原データ多機能トイレ数=0
231002,776,愛知県名古屋市,明が丘公園,アケガオカコウエン,,231002,,愛知県名古屋市名東区明が丘,愛知県,名古屋市,,,,,,,,,2,2,0,0,0,0,0,1,1,0,,無,無,無,,,,,,緑政土木局所管 / 原データ区名=名東区 / 原データ多機能トイレ数=0
231002,777,愛知県名古屋市,高針第一公園,タカバリダイイチコウエン,,231002,,愛知県名古屋市名東区新宿一丁目,愛知県,名古屋市,,,,,,,,,2,2,0,0,0,0,0,1,1,0,,無,無,無,,,,,,緑政土木局所管 / 原データ区名=名東区 / 原データ多機能トイレ数=0
231002,778,愛知県名古屋市,高針第二公園,タカバリダイニコウエン,,231002,,愛知県名古屋市名東区新宿一丁目,愛知県,名古屋市,,,,,,,,,2,2,0,0,0,0,0,1,1,0,,無,無,無,,,,,,緑政土木局所管 / 原データ区名=名東区 / 原データ多機能トイレ数=0
231002,779,愛知県名古屋市,極楽公園,ゴクラクコウエン,,231002,,愛知県名古屋市名東区極楽三丁目,愛知県,名古屋市,,,,,,,,,2,2,0,0,0,0,0,1,1,0,,無,無,無,,,,,,緑政土木局所管 / 原データ区名=名東区 / 原データ多機能トイレ数=0
231002,780,愛知県名古屋市,越前公園,コシマエコウエン,,231002,,愛知県名古屋市名東区亀の井三丁目,愛知県,名古屋市,,,,,,,,,2,2,0,0,0,0,0,1,0,1,,無,無,無,,,,,,緑政土木局所管 / 原データ区名=名東区 / 原データ多機能トイレ数=0
231002,781,愛知県名古屋市,藤森第一公園,フジモリダイイチコウエン,,231002,,愛知県名古屋市名東区藤森一丁目,愛知県,名古屋市,,,,,,,,,2,2,0,0,0,0,0,1,1,0,,無,無,無,,,,,,緑政土木局所管 / 原データ区名=名東区 / 原データ多機能トイレ数=0
231002,782,愛知県名古屋市,藤森第二公園,フジモリダイニコウエン,,231002,,愛知県名古屋市名東区藤森二丁目,愛知県,名古屋市,,,,,,,,,1,1,0,0,0,0,0,1,1,0,,無,無,無,,,,,,緑政土木局所管 / 原データ区名=名東区 / 原データ多機能トイレ数=0
231002,783,愛知県名古屋市,上社北公園,カミヤシロキタコウエン,,231002,,愛知県名古屋市名東区上社二丁目,愛知県,名古屋市,,,,,,,,,2,2,0,0,0,0,0,1,1,0,,無,無,無,,,,,,緑政土木局所管 / 原データ区名=名東区 / 原データ多機能トイレ数=0
231002,784,愛知県名古屋市,本郷公園,ホンゴウコウエン,,231002,,愛知県名古屋市名東区本郷一丁目,愛知県,名古屋市,,,,,,,,,3,2,1,0,2,2,0,0,0,0,,有,無,無,,,,,,緑政土木局所管 / 原データ区名=名東区 / 原データ多機能トイレ数=1
231002,785,愛知県名古屋市,本郷南公園,ホンゴウミナミコウエン,,231002,,愛知県名古屋市名東区本郷二丁目,愛知県,名古屋市,,,,,,,,,1,1,0,0,0,0,0,1,1,0,,無,無,無,,,,,,緑政土木局所管 / 原データ区名=名東区 / 原データ多機能トイレ数=0
231002,786,愛知県名古屋市,上社西部第二公園,カミヤシロセイブダイニコウエン,,231002,,愛知県名古屋市名東区社口一丁目,愛知県,名古屋市,,,,,,,,,2,2,0,0,0,0,0,1,0,1,,無,無,無,,,,,,緑政土木局所管 / 原データ区名=名東区 / 原データ多機能トイレ数=0
231002,787,愛知県名古屋市,平和が丘第一公園,ヘイワガオカダイイチコウエン,,231002,,愛知県名古屋市名東区平和が丘三丁目,愛知県,名古屋市,,,,,,,,,2,2,0,0,0,0,0,1,1,0,,無,無,無,,,,,,緑政土木局所管 / 原データ区名=名東区 / 原データ多機能トイレ数=0
231002,788,愛知県名古屋市,宮前公園,ミヤマエコウエン,,231002,,愛知県名古屋市名東区神月町,愛知県,名古屋市,,,,,,,,,2,2,0,0,0,0,0,1,1,0,,無,無,無,,,,,,緑政土木局所管 / 原データ区名=名東区 / 原データ多機能トイレ数=0
231002,789,愛知県名古屋市,赤松公園,アカマツコウエン,,231002,,愛知県名古屋市名東区赤松台,愛知県,名古屋市,,,,,,,,,2,2,0,0,0,0,0,1,1,0,,無,無,無,,,,,,緑政土木局所管 / 原データ区名=名東区 / 原データ多機能トイレ数=0
231002,790,愛知県名古屋市,中島公園,ナカジマコウエン,,231002,,愛知県名古屋市名東区香流二丁目,愛知県,名古屋市,,,,,,,,,2,2,0,0,0,0,0,1,1,0,,無,無,無,,,,,,緑政土木局所管 / 原データ区名=名東区 / 原データ多機能トイレ数=0
231002,791,愛知県名古屋市,猪子石公園,イノコイシコウエン,,231002,,愛知県名古屋市名東区山の手一丁目,愛知県,名古屋市,,,,,,,,,2,2,0,0,0,0,0,1,1,0,,無,無,無,,,,,,緑政土木局所管 / 原データ区名=名東区 / 原データ多機能トイレ数=0
231002,792,愛知県名古屋市,丸根公園,マルネコウエン,,231002,,愛知県名古屋市名東区猪子石二丁目,愛知県,名古屋市,,,,,,,,,2,2,0,0,0,0,0,1,1,0,,無,無,無,,,,,,緑政土木局所管 / 原データ区名=名東区 / 原データ多機能トイレ数=0
231002,793,愛知県名古屋市,山ノ手公園,ヤマノテコウエン,,231002,,愛知県名古屋市名東区山の手三丁目,愛知県,名古屋市,,,,,,,,,2,2,0,0,0,0,0,1,1,0,,無,無,無,,,,,,緑政土木局所管 / 原データ区名=名東区 / 原データ多機能トイレ数=0
231002,794,愛知県名古屋市,八畝公園,ヤセコウエン,,231002,,愛知県名古屋市名東区よもぎ台二丁目,愛知県,名古屋市,,,,,,,,,2,1,0,1,1,0,1,0,0,0,,有,有,無,,,,,,緑政土木局所管 / 原データ区名=名東区 / 原データ多機能トイレ数=1 / 原データベビーベッド数=1 / 原データベビーチェア数=3
231002,795,愛知県名古屋市,廻間公園,バサマコウエン,,231002,,愛知県名古屋市名東区上菅二丁目,愛知県,名古屋市,,,,,,,,,2,2,0,0,0,0,0,1,1,0,,無,無,無,,,,,,緑政土木局所管 / 原データ区名=名東区 / 原データ多機能トイレ数=0
231002,796,愛知県名古屋市,九合田公園,クゴウダコウエン,,231002,,愛知県名古屋市名東区香南二丁目,愛知県,名古屋市,,,,,,,,,2,2,0,0,0,0,0,1,1,0,,無,無,無,,,,,,緑政土木局所管 / 原データ区名=名東区 / 原データ多機能トイレ数=0
231002,797,愛知県名古屋市,松井第一公園,マツイダイイチコウエン,,231002,,愛知県名古屋市名東区松井町,愛知県,名古屋市,,,,,,,,,2,2,0,0,0,0,0,1,1,0,,無,無,無,,,,,,緑政土木局所管 / 原データ区名=名東区 / 原データ多機能トイレ数=0
231002,798,愛知県名古屋市,松井第二公園,マツイダイニコウエン,,231002,,愛知県名古屋市名東区極楽五丁目,愛知県,名古屋市,,,,,,,,,2,2,0,0,0,0,0,1,1,0,,無,無,無,,,,,,緑政土木局所管 / 原データ区名=名東区 / 原データ多機能トイレ数=0
231002,799,愛知県名古屋市,平池公園,ヒライケコウエン,,231002,,愛知県名古屋市名東区社が丘二丁目,愛知県,名古屋市,,,,,,,,,2,2,0,0,0,0,0,1,0,1,,無,無,無,,,,,,緑政土木局所管 / 原データ区名=名東区 / 原データ多機能トイレ数=0
231002,800,愛知県名古屋市,上社公園,カミヤシロコウエン,,231002,,愛知県名古屋市名東区上社五丁目,愛知県,名古屋市,,,,児童球戯場側,,,,,2,2,0,0,0,0,0,1,1,0,,無,無,無,,,,,,緑政土木局所管 / 原データ区名=名東区 / 原データ多機能トイレ数=0
231002,801,愛知県名古屋市,上社公園,カミヤシロコウエン,,231002,,愛知県名古屋市名東区上社五丁目,愛知県,名古屋市,,,,いこいの園側,,,,,0,0,0,0,0,0,0,0,0,0,,有,無,無,,,,,,緑政土木局所管 / 原データ区名=名東区 / 原データ多機能トイレ数=1
231002,802,愛知県名古屋市,水汲坂公園,ミズクミザカコウエン,,231002,,愛知県名古屋市名東区香坂,愛知県,名古屋市,,,,,,,,,2,2,0,0,0,0,0,1,1,0,,無,無,無,,,,,,緑政土木局所管 / 原データ区名=名東区 / 原データ多機能トイレ数=0
231002,803,愛知県名古屋市,足狭間公園,アシハザマコウエン,,231002,,愛知県名古屋市名東区貴船三丁目,愛知県,名古屋市,,,,,,,,,1,1,0,0,0,0,0,1,1,0,,無,無,無,,,,,,緑政土木局所管 / 原データ区名=名東区 / 原データ多機能トイレ数=0
231002,804,愛知県名古屋市,貴船公園,キフネコウエン,,231002,,愛知県名古屋市名東区貴船二丁目,愛知県,名古屋市,,,,,,,,,2,2,0,0,0,0,0,1,1,0,,無,無,無,,,,,,緑政土木局所管 / 原データ区名=名東区 / 原データ多機能トイレ数=0
231002,805,愛知県名古屋市,古谷公園,コタニコウエン,,231002,,愛知県名古屋市名東区高針二丁目,愛知県,名古屋市,,,,,,,,,2,2,0,0,0,0,0,1,1,0,,無,無,無,,,,,,緑政土木局所管 / 原データ区名=名東区 / 原データ多機能トイレ数=0
231002,806,愛知県名古屋市,勢子坊公園,セコボウコウエン,,231002,,愛知県名古屋市名東区勢子坊四丁目,愛知県,名古屋市,,,,,,,,,2,2,0,0,0,0,0,1,1,0,,無,無,無,,,,,,緑政土木局所管 / 原データ区名=名東区 / 原データ多機能トイレ数=0
231002,807,愛知県名古屋市,西一社中央公園,ニシイッシャチュウオウコウエン,,231002,,愛知県名古屋市名東区一社二丁目,愛知県,名古屋市,,,,,,,,,3,2,0,1,2,1,1,0,0,0,,有,無,無,,,,,,緑政土木局所管 / 原データ区名=名東区 / 原データ多機能トイレ数=1
231002,808,愛知県名古屋市,深田池公園,フカダイケコウエン,,231002,,愛知県名古屋市名東区高針三丁目,愛知県,名古屋市,,,,,,,,,2,2,0,0,0,0,0,1,1,0,,無,無,無,,,,,,緑政土木局所管 / 原データ区名=名東区 / 原データ多機能トイレ数=0
231002,809,愛知県名古屋市,豊が丘公園,ユタカガオカコウエン,,231002,,愛知県名古屋市名東区豊が丘,愛知県,名古屋市,,,,,,,,,2,2,0,0,0,0,0,1,1,0,,無,無,無,,,,,,緑政土木局所管 / 原データ区名=名東区 / 原データ多機能トイレ数=0
231002,810,愛知県名古屋市,中段公園,ナカダンコウエン,,231002,,愛知県名古屋市名東区豊が丘,愛知県,名古屋市,,,,,,,,,2,2,0,0,0,0,0,1,1,0,,無,無,無,,,,,,緑政土木局所管 / 原データ区名=名東区 / 原データ多機能トイレ数=0
231002,811,愛知県名古屋市,一社公園,イッシャコウエン,,231002,,愛知県名古屋市名東区亀の井三丁目,愛知県,名古屋市,,,,,,,,,3,2,1,0,2,2,0,0,0,0,,無,無,無,,,,,,緑政土木局所管 / 原データ区名=名東区 / 原データ多機能トイレ数=0
231002,812,愛知県名古屋市,明見緑地,ミョウケンリョクチ,,231002,,愛知県名古屋市名東区貴船一丁目,愛知県,名古屋市,,,,,,,,,1,0,1,0,1,1,0,0,0,0,,無,無,無,,,,,,緑政土木局所管 / 原データ区名=名東区 / 原データ多機能トイレ数=0
231002,813,愛知県名古屋市,前山南公園,マエヤマミナミコウエン,,231002,,愛知県名古屋市名東区牧の里二丁目,愛知県,名古屋市,,,,,,,,,2,2,0,0,0,0,0,1,1,0,,無,無,無,,,,,,緑政土木局所管 / 原データ区名=名東区 / 原データ多機能トイレ数=0
231002,814,愛知県名古屋市,牧の原第三公園,マキノハラダイサンコウエン,,231002,,愛知県名古屋市名東区牧の原二丁目,愛知県,名古屋市,,,,,,,,,2,2,0,0,0,0,0,1,1,0,,無,無,無,,,,,,緑政土木局所管 / 原データ区名=名東区 / 原データ多機能トイレ数=0
231002,815,愛知県名古屋市,前田公園,マエダコウエン,,231002,,愛知県名古屋市名東区牧の里一丁目,愛知県,名古屋市,,,,,,,,,1,1,0,0,0,0,0,1,1,0,,無,無,無,,,,,,緑政土木局所管 / 原データ区名=名東区 / 原データ多機能トイレ数=0
231002,816,愛知県名古屋市,大針中央公園,オオバリチュウオウコウエン,,231002,,愛知県名古屋市名東区大針二丁目,愛知県,名古屋市,,,,,,,,,3,2,0,1,2,1,1,0,0,0,,無,無,無,,,,,,緑政土木局所管 / 原データ区名=名東区 / 原データ多機能トイレ数=0
231002,817,愛知県名古屋市,猪高緑地,イタカリョクチ,,231002,,愛知県名古屋市名東区猪高町大字上社字足廻間、字柄杓場、字池ノ表、字井掘、大字一社字兼原、大字高針字勢子坊,愛知県,名古屋市,,,,遊具広場,,,,,3,2,0,1,2,1,1,0,0,0,,有,無,無,,,,,,緑政土木局所管 / 原データ区名=名東区 / 原データ多機能トイレ数=1
231002,818,愛知県名古屋市,猪高緑地,イタカリョクチ,,231002,,愛知県名古屋市名東区猪高町大字上社字足廻間、字柄杓場、字池ノ表、字井掘、大字一社字兼原、大字高針字勢子坊,愛知県,名古屋市,,,,テニスコート,,,,,3,2,0,1,2,1,1,0,0,0,,無,無,無,,,,,,緑政土木局所管 / 原データ区名=名東区 / 原データ多機能トイレ数=0
231002,819,愛知県名古屋市,猪高緑地,イタカリョクチ,,231002,,愛知県名古屋市名東区猪高町大字上社字足廻間、字柄杓場、字池ノ表、字井掘、大字一社字兼原、大字高針字勢子坊,愛知県,名古屋市,,,,アーチェリー場,,,,,3,2,0,1,2,1,1,0,0,0,,有,無,無,,,,,,緑政土木局所管 / 原データ区名=名東区 / 原データ多機能トイレ数=1
231002,820,愛知県名古屋市,猪高緑地,イタカリョクチ,,231002,,愛知県名古屋市名東区猪高町大字上社字足廻間、字柄杓場、字池ノ表、字井掘、大字一社字兼原、大字高針字勢子坊,愛知県,名古屋市,,,,スポーツセンター駐車場,,,,,3,2,1,0,2,2,0,0,0,0,,有,無,無,,,,,,緑政土木局所管 / 原データ区名=名東区 / 原データ多機能トイレ数=1
231002,821,愛知県名古屋市,猪高緑地,イタカリョクチ,,231002,,愛知県名古屋市名東区猪高町大字上社字足廻間、字柄杓場、字池ノ表、字井掘、大字一社字兼原、大字高針字勢子坊,愛知県,名古屋市,,,,北口広場,,,,,2,2,0,0,0,0,0,1,1,0,,有,無,無,,,,,,緑政土木局所管 / 原データ区名=名東区 / 原データ多機能トイレ数=1
231002,822,愛知県名古屋市,猪高緑地,イタカリョクチ,,231002,,愛知県名古屋市名東区猪高町大字上社字足廻間、字柄杓場、字池ノ表、字井掘、大字一社字兼原、大字高針字勢子坊,愛知県,名古屋市,,,,棚田,,,,,3,2,1,0,1,1,0,0,0,0,,無,無,無,,,,,,緑政土木局所管 / 原データ区名=名東区 / 原データ多機能トイレ数=0
231002,823,愛知県名古屋市,猪高緑地,イタカリョクチ,,231002,,愛知県名古屋市名東区猪高町大字上社字足廻間、字柄杓場、字池ノ表、字井掘、大字一社字兼原、大字高針字勢子坊,愛知県,名古屋市,,,,,,,,,2,1,0,1,1,0,1,0,0,0,,有,有,無,,,,,,緑政土木局所管 / 原データ区名=名東区 / 原データ多機能トイレ数=1 / 原データベビーベッド数=1 / 原データベビーチェア数=3
231002,824,愛知県名古屋市,高針原公園,タカバリハラコウエン,,231002,,愛知県名古屋市名東区高針原二丁目,愛知県,名古屋市,,,,,,,,,2,2,0,0,0,0,0,1,1,0,,有,無,無,,,,,,緑政土木局所管 / 原データ区名=名東区 / 原データ多機能トイレ数=1
231002,825,愛知県名古屋市,北川原公園,キタカワハラコウエン,,231002,,愛知県名古屋市名東区猪子石原二丁目,愛知県,名古屋市,,,,,,,,,1,1,0,0,0,0,0,1,1,0,,無,無,無,,,,,,緑政土木局所管 / 原データ区名=名東区 / 原データ多機能トイレ数=0
231002,826,愛知県名古屋市,猪子石原中央公園,イノコイシハラチュウオウコウエン,,231002,,愛知県名古屋市名東区猪子石原一丁目,愛知県,名古屋市,,,,,,,,,2,2,0,0,0,0,0,1,1,0,,有,無,無,,,,,,緑政土木局所管 / 原データ区名=名東区 / 原データ多機能トイレ数=1
231002,827,愛知県名古屋市,明徳公園,メイトクコウエン,,231002,,愛知県名古屋市名東区猪高町大字猪子石字鰻廻間、大字藤森字香流、字森、石が根町,愛知県,名古屋市,,,,北広場,,,,,3,2,0,1,2,1,1,0,0,0,,無,無,無,,,,,,緑政土木局所管 / 原データ区名=名東区 / 原データ多機能トイレ数=0
231002,828,愛知県名古屋市,明徳公園,メイトクコウエン,,231002,,愛知県名古屋市名東区猪高町大字猪子石字鰻廻間、大字藤森字香流、字森、石が根町,愛知県,名古屋市,,,,グランド西,,,,,2,2,0,0,0,0,0,1,1,0,,無,無,無,,,,,,緑政土木局所管 / 原データ区名=名東区 / 原データ多機能トイレ数=0
231002,829,愛知県名古屋市,明徳公園,メイトクコウエン,,231002,,愛知県名古屋市名東区猪高町大字猪子石字鰻廻間、大字藤森字香流、字森、石が根町,愛知県,名古屋市,,,,子供キャンプ広場,,,,,3,2,1,0,2,2,0,0,0,0,,有,無,無,,,,,,緑政土木局所管 / 原データ区名=名東区 / 原データ多機能トイレ数=1
231002,830,愛知県名古屋市,明徳公園,メイトクコウエン,,231002,,愛知県名古屋市名東区猪高町大字猪子石字鰻廻間、大字藤森字香流、字森、石が根町,愛知県,名古屋市,,,,釣り池,,,,,1,1,0,0,0,0,0,1,1,0,,無,無,無,,,,,,緑政土木局所管 / 原データ区名=名東区 / 原データ多機能トイレ数=0
231002,831,愛知県名古屋市,天白川緑地,テンパクガワリョクチ,,231002,,愛知県名古屋市天白区天白町大字島田字大下、字中曽根、字保呂、字曲尺手、字西寄鷺、大字八事字八事前、字川之内、字中砂入、字中根前、字柳原、大字植田字西屋下、字預堅、植田南一丁目、瑞穂区弥富町字井ノ元、字関取、南区呼続町大堀、字角崎,愛知県,名古屋市,,,,,,,,,3,2,1,0,1,1,0,0,0,0,,無,無,無,,,,,,緑政土木局所管 / 原データ区名=天白区 / 原データ多機能トイレ数=0
231002,832,愛知県名古屋市,一つ山第一公園,ヒトツヤマダイイチコウエン,,231002,,愛知県名古屋市天白区一つ山一丁目,愛知県,名古屋市,,,,,,,,,2,2,0,0,0,0,0,1,0,1,,無,無,無,,,,,,緑政土木局所管 / 原データ区名=天白区 / 原データ多機能トイレ数=0
231002,833,愛知県名古屋市,一つ山第二公園,ヒトツヤマダイイチコウエン,,231002,,愛知県名古屋市天白区一つ山二丁目,愛知県,名古屋市,,,,,,,,,1,1,0,0,0,0,0,1,1,0,,無,無,無,,,,,,緑政土木局所管 / 原データ区名=天白区 / 原データ多機能トイレ数=0
231002,834,愛知県名古屋市,高坂公園,タカサカコウエン,,231002,,愛知県名古屋市天白区高坂町,愛知県,名古屋市,,,,,,,,,3,2,0,1,2,1,1,0,0,0,,無,無,無,,,,,,緑政土木局所管 / 原データ区名=天白区 / 原データ多機能トイレ数=0
231002,835,愛知県名古屋市,中砂公園,ナカスナコウエン,,231002,,愛知県名古屋市天白区中砂町,愛知県,名古屋市,,,,,,,,,2,2,0,0,0,0,0,1,1,0,,無,無,無,,,,,,緑政土木局所管 / 原データ区名=天白区 / 原データ多機能トイレ数=0
231002,836,愛知県名古屋市,上八事第一公園,カミヤゴトダイイチコウエン,,231002,,愛知県名古屋市天白区元八事三丁目,愛知県,名古屋市,,,,,,,,,1,1,0,0,0,0,0,1,1,0,,無,無,無,,,,,,緑政土木局所管 / 原データ区名=天白区 / 原データ多機能トイレ数=0
231002,837,愛知県名古屋市,宮脇公園,ミヤワキコウエン,,231002,,愛知県名古屋市天白区元八事二丁目,愛知県,名古屋市,,,,,,,,,2,2,0,0,0,0,0,1,1,0,,無,無,無,,,,,,緑政土木局所管 / 原データ区名=天白区 / 原データ多機能トイレ数=0
231002,838,愛知県名古屋市,元八事公園,モトヤゴトコウエン,,231002,,愛知県名古屋市天白区元八事二丁目,愛知県,名古屋市,,,,,,,,,2,2,0,0,0,0,0,1,1,0,,無,無,無,,,,,,緑政土木局所管 / 原データ区名=天白区 / 原データ多機能トイレ数=0
231002,839,愛知県名古屋市,川之内公園,カワノウチコウエン,,231002,,愛知県名古屋市天白区中砂町,愛知県,名古屋市,,,,,,,,,1,1,0,0,0,0,0,1,0,1,,無,無,無,,,,,,緑政土木局所管 / 原データ区名=天白区 / 原データ多機能トイレ数=0
231002,840,愛知県名古屋市,上八事第三公園,カミヤゴトダイサンコウエン,,231002,,愛知県名古屋市天白区元八事五丁目,愛知県,名古屋市,,,,,,,,,2,2,0,0,0,0,0,1,1,0,,無,無,無,,,,,,緑政土木局所管 / 原データ区名=天白区 / 原データ多機能トイレ数=0
231002,841,愛知県名古屋市,梅野公園,ウメノコウエン,,231002,,愛知県名古屋市天白区野並四丁目,愛知県,名古屋市,,,,,,,,,2,2,0,0,0,0,0,1,1,0,,無,無,無,,,,,,緑政土木局所管 / 原データ区名=天白区 / 原データ多機能トイレ数=0
231002,842,愛知県名古屋市,門田公園,カドタコウエン,,231002,,愛知県名古屋市天白区島田一丁目,愛知県,名古屋市,,,,,,,,,2,2,0,0,0,0,0,1,1,0,,無,無,無,,,,,,緑政土木局所管 / 原データ区名=天白区 / 原データ多機能トイレ数=0
231002,843,愛知県名古屋市,笹原公園,ササハラコウエン,,231002,,愛知県名古屋市天白区福池二丁目,愛知県,名古屋市,,,,,,,,,2,2,0,0,0,0,0,1,1,0,,無,無,無,,,,,,緑政土木局所管 / 原データ区名=天白区 / 原データ多機能トイレ数=0
231002,844,愛知県名古屋市,島田黒石第二公園,シマダクロイシダイニコウエン,,231002,,愛知県名古屋市天白区島田四丁目,愛知県,名古屋市,,,,,,,,,2,2,0,0,0,0,0,1,0,1,,無,無,無,,,,,,緑政土木局所管 / 原データ区名=天白区 / 原データ多機能トイレ数=0
231002,845,愛知県名古屋市,一本松公園,イッポンマツコウエン,,231002,,愛知県名古屋市天白区一本松一丁目,愛知県,名古屋市,,,,,,,,,2,2,0,0,0,0,0,1,1,0,,無,無,無,,,,,,緑政土木局所管 / 原データ区名=天白区 / 原データ多機能トイレ数=0
231002,846,愛知県名古屋市,島田橋公園,シマダバシコウエン,,231002,,愛知県名古屋市天白区天白町大字島田字曲尺手、字西寄鷺,愛知県,名古屋市,,,,,,,,,2,2,0,0,0,0,0,1,1,0,,無,無,無,,,,,,緑政土木局所管 / 原データ区名=天白区 / 原データ多機能トイレ数=0
231002,847,愛知県名古屋市,野並公園,ノナミコウエン,,231002,,愛知県名古屋市天白区中坪町、井の森町,愛知県,名古屋市,,,,,,,,,2,2,0,0,0,0,0,1,0,1,,無,無,無,,,,,,緑政土木局所管 / 原データ区名=天白区 / 原データ多機能トイレ数=0
231002,848,愛知県名古屋市,池場公園,イケバコウエン,,231002,,愛知県名古屋市天白区池場二丁目,愛知県,名古屋市,,,,,,,,,2,2,0,0,0,0,0,1,1,0,,無,無,無,,,,,,緑政土木局所管 / 原データ区名=天白区 / 原データ多機能トイレ数=0
231002,849,愛知県名古屋市,島田公園,シマダコウエン,,231002,,愛知県名古屋市天白区池場一丁目,愛知県,名古屋市,,,,,,,,,2,2,0,0,0,0,0,1,1,0,,無,無,無,,,,,,緑政土木局所管 / 原データ区名=天白区 / 原データ多機能トイレ数=0
231002,850,愛知県名古屋市,上郷公園,ウエゴウコウエン,,231002,,愛知県名古屋市天白区島田四丁目,愛知県,名古屋市,,,,,,,,,2,2,0,0,0,0,0,1,1,0,,無,無,無,,,,,,緑政土木局所管 / 原データ区名=天白区 / 原データ多機能トイレ数=0
231002,851,愛知県名古屋市,溝口公園,ミゾグチコウエン,,231002,,愛知県名古屋市天白区池場三丁目,愛知県,名古屋市,,,,,,,,,2,2,0,0,0,0,0,1,1,0,,無,無,無,,,,,,緑政土木局所管 / 原データ区名=天白区 / 原データ多機能トイレ数=0
231002,852,愛知県名古屋市,植田大坪公園,ウエダオオツボコウエン,,231002,,愛知県名古屋市天白区大坪二丁目,愛知県,名古屋市,,,,,,,,,2,2,0,0,0,0,0,1,1,0,,無,無,無,,,,,,緑政土木局所管 / 原データ区名=天白区 / 原データ多機能トイレ数=0
231002,853,愛知県名古屋市,張屋公園,ハリヤコウエン,,231002,,愛知県名古屋市天白区植田西二丁目,愛知県,名古屋市,,,,,,,,,2,2,0,0,0,0,0,1,1,0,,無,無,無,,,,,,緑政土木局所管 / 原データ区名=天白区 / 原データ多機能トイレ数=0
231002,854,愛知県名古屋市,下原公園,シモハラコウエン,,231002,,愛知県名古屋市天白区原二丁目,愛知県,名古屋市,,,,,,,,,2,2,0,0,0,0,0,1,1,0,,無,無,無,,,,,,緑政土木局所管 / 原データ区名=天白区 / 原データ多機能トイレ数=0
231002,855,愛知県名古屋市,城下公園,シロシタコウエン,,231002,,愛知県名古屋市天白区原四丁目,愛知県,名古屋市,,,,,,,,,2,2,0,0,0,0,0,1,1,0,,無,無,無,,,,,,緑政土木局所管 / 原データ区名=天白区 / 原データ多機能トイレ数=0
231002,856,愛知県名古屋市,山ノ杁公園,ヤマノイリコウエン,,231002,,愛知県名古屋市天白区原三丁目,愛知県,名古屋市,,,,,,,,,1,1,0,0,0,0,0,1,1,0,,無,無,無,,,,,,緑政土木局所管 / 原データ区名=天白区 / 原データ多機能トイレ数=0
231002,857,愛知県名古屋市,山根公園,ヤマネコウエン,,231002,,愛知県名古屋市天白区山根町,愛知県,名古屋市,,,,,,,,,2,2,0,0,0,0,0,1,1,0,,無,無,無,,,,,,緑政土木局所管 / 原データ区名=天白区 / 原データ多機能トイレ数=0
231002,858,愛知県名古屋市,植田公園,ウエダコウエン,,231002,,愛知県名古屋市天白植田三丁目,愛知県,名古屋市,,,,,,,,,2,2,0,0,0,0,0,1,1,0,,無,無,無,,,,,,緑政土木局所管 / 原データ区名=天白区 / 原データ多機能トイレ数=0
231002,859,愛知県名古屋市,欠下公園,カケシタコウエン,,231002,,愛知県名古屋市天白区植田南三丁目,愛知県,名古屋市,,,,,,,,,1,1,0,0,0,0,0,1,1,0,,無,無,無,,,,,,緑政土木局所管 / 原データ区名=天白区 / 原データ多機能トイレ数=0
231002,860,愛知県名古屋市,堤溝公園,ツツミミゾコウエン,,231002,,愛知県名古屋市天白区井口一丁目,愛知県,名古屋市,,,,,,,,,2,2,0,0,0,0,0,1,1,0,,無,無,無,,,,,,緑政土木局所管 / 原データ区名=天白区 / 原データ多機能トイレ数=0
231002,861,愛知県名古屋市,石田公園,イシダコウエン,,231002,,愛知県名古屋市天白区井口一丁目,愛知県,名古屋市,,,,,,,,,2,2,0,0,0,0,0,1,1,0,,無,無,無,,,,,,緑政土木局所管 / 原データ区名=天白区 / 原データ多機能トイレ数=0
231002,862,愛知県名古屋市,井口公園,イグチコウエン,,231002,,愛知県名古屋市天白区井口二丁目,愛知県,名古屋市,,,,,,,,,3,2,1,0,2,2,0,0,0,0,,無,無,無,,,,,,緑政土木局所管 / 原データ区名=天白区 / 原データ多機能トイレ数=0
231002,863,愛知県名古屋市,戸笠公園,トガサコウエン,,231002,,愛知県名古屋市天白区久方三丁目、緑区鳴海町字螺貝,愛知県,名古屋市,,,,テニス横,,,,,3,2,1,0,2,2,0,0,0,0,,有,無,無,,,,,,緑政土木局所管 / 原データ区名=天白区 / 原データ多機能トイレ数=1
231002,864,愛知県名古屋市,戸笠公園,トガサコウエン,,231002,,愛知県名古屋市天白区久方三丁目、緑区鳴海町字螺貝,愛知県,名古屋市,,,,東園,,,,,2,2,0,0,0,0,0,1,0,1,,無,無,無,,,,,,緑政土木局所管 / 原データ区名=天白区 / 原データ多機能トイレ数=0
231002,865,愛知県名古屋市,上原公園,ウエハラコウエン,,231002,,愛知県名古屋市天白区原三丁目,愛知県,名古屋市,,,,,,,,,2,2,0,0,0,0,0,1,1,0,,無,無,無,,,,,,緑政土木局所管 / 原データ区名=天白区 / 原データ多機能トイレ数=0
231002,866,愛知県名古屋市,屋下公園,ヤシタコウエン,,231002,,愛知県名古屋市天白区平針四丁目,愛知県,名古屋市,,,,,,,,,2,2,0,0,0,0,0,1,1,0,,無,無,無,,,,,,緑政土木局所管 / 原データ区名=天白区 / 原データ多機能トイレ数=0
231002,867,愛知県名古屋市,郷之島公園,ゴウノシマコウエン,,231002,,愛知県名古屋市天白区平針一丁目,愛知県,名古屋市,,,,,,,,,2,2,0,0,0,0,0,1,0,1,,無,無,無,,,,,,緑政土木局所管 / 原データ区名=天白区 / 原データ多機能トイレ数=0
231002,868,愛知県名古屋市,郷籔公園,ゴウヤブコウエン,,231002,,愛知県名古屋市天白区植田一丁目,愛知県,名古屋市,,,,,,,,,2,2,0,0,0,0,0,1,1,0,,無,無,無,,,,,,緑政土木局所管 / 原データ区名=天白区 / 原データ多機能トイレ数=0
231002,869,愛知県名古屋市,細口池公園,ホソグチイケコウエン,,231002,,愛知県名古屋市天白区平針南一丁目,愛知県,名古屋市,,,,東園,,,,,2,2,0,0,0,0,0,1,0,1,,無,無,無,,,,,,緑政土木局所管 / 原データ区名=天白区 / 原データ多機能トイレ数=0
231002,870,愛知県名古屋市,細口池公園,ホソグチイケコウエン,,231002,,愛知県名古屋市天白区平針南一丁目,愛知県,名古屋市,,,,,,,,,2,2,0,0,0,0,0,0,0,0,,有,無,無,,,,,,緑政土木局所管 / 原データ区名=天白区 / 原データ多機能トイレ数=1
231002,871,愛知県名古屋市,細口池公園,ホソグチイケコウエン,,231002,,愛知県名古屋市天白区平針南一丁目,愛知県,名古屋市,,,,西園,,,,,2,1,0,1,1,0,1,0,0,0,,有,有,無,,,,,,緑政土木局所管 / 原データ区名=天白区 / 原データ多機能トイレ数=1 / 原データベビーベッド数=1 / 原データベビーチェア数=3
231002,872,愛知県名古屋市,保呂公園,ホロコウエン,,231002,,愛知県名古屋市天白区保呂町,愛知県,名古屋市,,,,,,,,,3,2,0,1,2,1,1,0,0,0,,無,無,無,,,,,,緑政土木局所管 / 原データ区名=天白区 / 原データ多機能トイレ数=0
231002,873,愛知県名古屋市,中曽根公園,ナカソネコウエン,,231002,,愛知県名古屋市天白区菅田一丁目,愛知県,名古屋市,,,,,,,,,2,2,0,0,0,0,0,1,1,0,,有,無,無,,,,,,緑政土木局所管 / 原データ区名=天白区 / 原データ多機能トイレ数=1
231002,874,愛知県名古屋市,藤薮中平公園,フジヤブナカヒラコウエン,,231002,,愛知県名古屋市天白区中平一丁目,愛知県,名古屋市,,,,,,,,,2,2,0,0,0,0,0,1,1,0,,有,無,無,,,,,,緑政土木局所管 / 原データ区名=天白区 / 原データ多機能トイレ数=1
231002,875,愛知県名古屋市,下山中平公園,シモヤマナカヒラコウエン,,231002,,愛知県名古屋市天白区中平二丁目,愛知県,名古屋市,,,,,,,,,2,2,0,0,0,0,0,1,1,0,,無,無,無,,,,,,緑政土木局所管 / 原データ区名=天白区 / 原データ多機能トイレ数=0
231002,876,愛知県名古屋市,黒石中平公園,クロイシナカヒラコウエン,,231002,,愛知県名古屋市天白区中平五丁目,愛知県,名古屋市,,,,,,,,,2,2,0,0,0,0,0,1,1,0,,無,無,無,,,,,,緑政土木局所管 / 原データ区名=天白区 / 原データ多機能トイレ数=0
231002,877,愛知県名古屋市,梅が丘北公園,ウメガオカキタコウエン,,231002,,愛知県名古屋市天白区梅が丘二丁目,愛知県,名古屋市,,,,,,,,,2,2,0,0,0,0,0,1,1,0,,無,無,無,,,,,,緑政土木局所管 / 原データ区名=天白区 / 原データ多機能トイレ数=0
231002,878,愛知県名古屋市,大久手公園,オオクテコウエン,,231002,,愛知県名古屋市天白区焼山一丁目,愛知県,名古屋市,,,,,,,,,2,2,0,0,0,0,0,1,1,0,,無,無,無,,,,,,緑政土木局所管 / 原データ区名=天白区 / 原データ多機能トイレ数=0
231002,879,愛知県名古屋市,植田鴻ノ巣公園,ウエダコウノスコウエン,,231002,,愛知県名古屋市天白区鴻の巣一丁目,愛知県,名古屋市,,,,,,,,,2,2,0,0,0,0,0,1,1,0,,無,無,無,,,,,,緑政土木局所管 / 原データ区名=天白区 / 原データ多機能トイレ数=0
231002,880,愛知県名古屋市,植田焼山公園,ウエダヤキヤマコウエン,,231002,,愛知県名古屋市天白区焼山二丁目,愛知県,名古屋市,,,,,,,,,2,2,0,0,0,0,0,1,1,0,,無,無,無,,,,,,緑政土木局所管 / 原データ区名=天白区 / 原データ多機能トイレ数=0
231002,881,愛知県名古屋市,三七川原公園,サンシチガワラコウエン,,231002,,愛知県名古屋市天白区鴻の巣二丁目,愛知県,名古屋市,,,,,,,,,1,1,0,0,0,0,0,1,1,0,,無,無,無,,,,,,緑政土木局所管 / 原データ区名=天白区 / 原データ多機能トイレ数=0
231002,882,愛知県名古屋市,天白公園,テンパクコウエン,,231002,,愛知県名古屋市天白区天白町大字島田字黒石、字山ノ杁、大字平針字黒石、土原三丁目,愛知県,名古屋市,,,,公園北駐車場南,,,,,3,2,1,0,2,2,0,0,0,0,,有,無,無,,,,,,緑政土木局所管 / 原データ区名=天白区 / 原データ多機能トイレ数=1
231002,883,愛知県名古屋市,天白公園,テンパクコウエン,,231002,,愛知県名古屋市天白区天白町大字島田字黒石、字山ノ杁、大字平針字黒石、土原三丁目,愛知県,名古屋市,,,,公園東南入口,,,,,3,2,1,0,2,2,0,0,0,0,,有,無,無,,,,,,緑政土木局所管 / 原データ区名=天白区 / 原データ多機能トイレ数=1
231002,884,愛知県名古屋市,天白公園,テンパクコウエン,,231002,,愛知県名古屋市天白区天白町大字島田字黒石、字山ノ杁、大字平針字黒石、土原三丁目,愛知県,名古屋市,,,,公園西南入口付近,,,,,3,2,1,0,2,2,0,0,0,0,,有,無,無,,,,,,緑政土木局所管 / 原データ区名=天白区 / 原データ多機能トイレ数=1
231002,885,愛知県名古屋市,天白公園,テンパクコウエン,,231002,,愛知県名古屋市天白区天白町大字島田字黒石、字山ノ杁、大字平針字黒石、土原三丁目,愛知県,名古屋市,,,,プール跡地,,,,,3,2,0,1,2,0,2,0,0,0,,有,無,無,,,,,,緑政土木局所管 / 原データ区名=天白区 / 原データ多機能トイレ数=1
231002,886,愛知県名古屋市,植田中央公園,ウエダチュウオウコウエン,,231002,,愛知県名古屋市天白区植田本町一丁目,愛知県,名古屋市,,,,,,,,,3,2,0,1,2,1,1,0,0,0,,無,無,無,,,,,,緑政土木局所管 / 原データ区名=天白区 / 原データ多機能トイレ数=0
231002,887,愛知県名古屋市,相生山緑地,アイオイヤマリョクチ,,231002,,愛知県名古屋市天白区天白町大字野並字上新田、字稲田、菅田三丁目、山根町,愛知県,名古屋市,,,,オアシスの森（相生口）,,,,,3,2,0,1,2,1,1,0,0,0,,無,無,無,,,,,,緑政土木局所管 / 原データ区名=天白区 / 原データ多機能トイレ数=0
231002,888,愛知県名古屋市,相生山緑地,アイオイヤマリョクチ,,231002,,愛知県名古屋市天白区天白町大字野並字上新田、字稲田、菅田三丁目、山根町,愛知県,名古屋市,,,,グランド側,,,,,3,2,0,1,2,1,1,0,0,0,,無,無,無,,,,,,緑政土木局所管 / 原データ区名=天白区 / 原データ多機能トイレ数=0
231002,889,愛知県名古屋市,相生山緑地,アイオイヤマリョクチ,,231002,,愛知県名古屋市天白区天白町大字野並字上新田、字稲田、菅田三丁目、山根町,愛知県,名古屋市,,,,オアシスの森（相生口）,,,,,3,2,1,0,2,2,0,0,0,0,,無,無,無,,,,,,緑政土木局所管 / 原データ区名=天白区 / 原データ多機能トイレ数=0
231002,890,愛知県名古屋市,島田緑地,シマダリョクチ,,231002,,愛知県名古屋市天白区高島二丁目,愛知県,名古屋市,,,,,,,,,3,2,0,1,2,1,1,0,0,0,,無,無,無,,,,,,緑政土木局所管 / 原データ区名=天白区 / 原データ多機能トイレ数=0
231002,891,愛知県名古屋市,福池公園,フクイケコウエン,,231002,,愛知県名古屋市天白区福池一丁目,愛知県,名古屋市,,,,ぺんぎん,,,,,1,1,0,0,0,0,0,1,1,0,,無,無,無,,,,,,緑政土木局所管 / 原データ区名=天白区 / 原データ多機能トイレ数=0
231002,892,愛知県名古屋市,荒池緑地,アライケリョクチ,,231002,,愛知県名古屋市天白区天白町大字平針字荒池下、字大堤下、字大根ヶ越、字黒石,愛知県,名古屋市,,,,平針記念クリニック横グランド,,,,,2,2,0,0,0,0,0,1,1,0,,無,無,無,,,,,,緑政土木局所管 / 原データ区名=天白区 / 原データ多機能トイレ数=0
231002,893,愛知県名古屋市,荒池緑地,アライケリョクチ,,231002,,愛知県名古屋市天白区天白町大字平針字荒池下、字大堤下、字大根ヶ越、字黒石,愛知県,名古屋市,,,,トンボ池付近,,,,,3,2,1,0,2,2,0,0,0,0,,有,無,無,,,,,,緑政土木局所管 / 原データ区名=天白区 / 原データ多機能トイレ数=1
231002,894,愛知県名古屋市,荒池緑地,アライケリョクチ,,231002,,愛知県名古屋市天白区天白町大字平針字荒池下、字大堤下、字大根ヶ越、字黒石,愛知県,名古屋市,,,,二ツ池付近,,,,,1,1,0,0,0,0,0,1,1,0,,無,無,無,,,,,,緑政土木局所管 / 原データ区名=天白区 / 原データ多機能トイレ数=0
231002,895,愛知県名古屋市,裏山公園,ウラヤマコウエン,,231002,,愛知県名古屋市天白区天白町大字八事字裏山、大字植田字植田山,愛知県,名古屋市,,,,,,,,,2,2,0,0,0,0,0,1,0,1,,無,無,無,,,,,,緑政土木局所管 / 原データ区名=天白区 / 原データ多機能トイレ数=0
231002,896,愛知県名古屋市,天白渓下池公園,テンパクケイシモイケコウエン,,231002,,愛知県名古屋市天白区天白町大字八事字裏山,愛知県,名古屋市,,,,,,,,,3,2,0,1,2,1,1,0,0,0,,無,無,無,,,,,,緑政土木局所管 / 原データ区名=天白区 / 原データ多機能トイレ数=0
