全国地方公共団体コード,ID,地方公共団体名,名称,名称_カナ,名称_英語,所在地_全国地方公共団体コード,町字ID,所在地_連結表記,所在地_都道府県,所在地_市区町村,所在地_町字,所在地_番地以下,建物名等(方書),設置位置,緯度,経度,高度の種別,高度の値,男性トイレ総数,男性トイレ数（小便器）,男性トイレ数（和式）,男性トイレ数（洋式）,女性トイレ総数,女性トイレ数（和式）,女性トイレ数（洋式）,男女共用トイレ総数,男女共用トイレ数（和式）,男女共用トイレ数（洋式）,バリアフリートイレ数,車椅子使用者用トイレ有無,乳幼児用設備設置トイレ有無,オストメイト設置トイレ有無,利用開始時間,利用終了時間,利用可能時間特記事項,画像,画像_ライセンス,備考
132012,132012T0001,八王子市,八王子駅南口総合事務所,ハチオウジエキミナミグチソウゴウジムショ,Hachioji Sta. South Exit General Branch Office,132012,0071004,東京都八王子市子安町四丁目7番1号,東京都,八王子市,子安町四丁目,7番1号,サザンスカイタワー八王子4階,5番窓口待合スペース付近,35.654437,139.337684,階数,4,6,3,0,3,3,0,3,0,0,0,1,有,有,有,10:00,19:00,祝日が日曜日の場合開庁、翌月曜日が閉庁および年末年始（12月29日～1月3日）,https://www.city.hachioji.tokyo.jp/shisei/001/006/001/002/p037425.html,CC BY 4.0,原データNO=1 / 原データ所管部課=市民部八王子駅南口総合事務所 / 原データトイレへの誘導路として点字ブロックを敷設している=有 / 原データトイレの位置等を音声で案内している=無 / 原データ戸の形式=C.手動引き戸 / 原データ車椅子が出入りできる（出入口の有効幅員80cm以上）=有 / 原データ車椅子が転回できる（直径150cm以上の円が内接できる）=無 / 原データ便座に背もたれがある=有 / 原データ便座に手すりがある=有 / 原データオストメイト用設備がある=有 / 原データオストメイト用設備が温水対応している=有 / 原データ大型ベッドを備えている=有 / 原データ乳幼児用おむつ交換台等を備えている=有 / 原データ乳幼児用椅子を備えている=有 / 原データ非常用呼び出しボタンを設置している=有
132012,132012T0002,八王子市,市民活動支援センター,シミンカツドウシエンセンター,Shiminkatsudoushien Center,132012,0080000,東京都八王子市旭町12番地1号,東京都,八王子市,旭町,12番地1号,ファルマ802　5階,非常口横,35.657495,139.341213,階数,5,2,1,0,1,1,0,1,0,0,0,1,有,有,無,10:00,21:00,市民活動支援センター休館日(毎週月曜日※月曜日が祝日の場合は開館し、翌日の火曜日が休館日・年末年始),,,原データNO=2 / 原データ所管部課=市民活動推進部協働推進課 / 原データトイレへの誘導路として点字ブロックを敷設している=無 / 原データトイレの位置等を音声で案内している=無 / 原データ戸の形式=C.手動引き戸 / 原データ車椅子が出入りできる（出入口の有効幅員80cm以上）=有 / 原データ車椅子が転回できる（直径150cm以上の円が内接できる）=有 / 原データ便座に背もたれがある=無 / 原データ便座に手すりがある=有 / 原データオストメイト用設備がある=無 / 原データオストメイト用設備が温水対応している=無 / 原データ大型ベッドを備えている=無 / 原データ乳幼児用おむつ交換台等を備えている=有 / 原データ乳幼児用椅子を備えている=無 / 原データ非常用呼び出しボタンを設置している=有
132012,132012T0003,八王子市,生涯学習センタークリエイトホール,ショウガイガクシュウセンタークリエイトホール,Lifelong Learning Center “Create Hall”,132012,0073000,東京都八王子市東町5番6号,東京都,八王子市,東町,5番6号,生涯学習センタークリエイトホール,10階南側,35.658445,139.339855,階数,10,4,2,0,2,4,0,4,0,0,0,1,有,有,無,08:30,22:00,,https://www.city.hachioji.tokyo.jp/shisei/001/006/001/002/p037425.html,CC BY 4.0,原データNO=3 / 原データ所管部課=生涯学習スポーツ部学習支援課 / 原データトイレへの誘導路として点字ブロックを敷設している=無 / 原データトイレの位置等を音声で案内している=無 / 原データ戸の形式=A.自動引き戸（押しボタン） / 原データ車椅子が出入りできる（出入口の有効幅員80cm以上）=有 / 原データ車椅子が転回できる（直径150cm以上の円が内接できる）=有 / 原データ便座に背もたれがある=無 / 原データ便座に手すりがある=有 / 原データオストメイト用設備がある=無 / 原データオストメイト用設備が温水対応している=無 / 原データ大型ベッドを備えている=無 / 原データ乳幼児用おむつ交換台等を備えている=有 / 原データ乳幼児用椅子を備えている=無 / 原データ非常用呼び出しボタンを設置している=有
132012,132012T0004,八王子市,生涯学習センタークリエイトホール,ショウガイガクシュウセンタークリエイトホール,Lifelong Learning Center “Create Hall”,132012,0073000,東京都八王子市東町5番6号,東京都,八王子市,東町,5番6号,生涯学習センタークリエイトホール,11階南側,35.658441,139.339908,階数,11,3,2,0,1,4,0,4,0,0,0,1,有,有,無,08:30,22:00,,https://www.city.hachioji.tokyo.jp/shisei/001/006/001/002/p037425.html,CC BY 4.0,原データNO=4 / 原データ所管部課=生涯学習スポーツ部学習支援課 / 原データトイレへの誘導路として点字ブロックを敷設している=無 / 原データトイレの位置等を音声で案内している=無 / 原データ戸の形式=A.自動引き戸（押しボタン） / 原データ車椅子が出入りできる（出入口の有効幅員80cm以上）=有 / 原データ車椅子が転回できる（直径150cm以上の円が内接できる）=有 / 原データ便座に背もたれがある=無 / 原データ便座に手すりがある=有 / 原データオストメイト用設備がある=無 / 原データオストメイト用設備が温水対応している=無 / 原データ大型ベッドを備えている=無 / 原データ乳幼児用おむつ交換台等を備えている=有 / 原データ乳幼児用椅子を備えている=無 / 原データ非常用呼び出しボタンを設置している=有
132012,132012T0005,八王子市,生涯学習センタークリエイトホール,ショウガイガクシュウセンタークリエイトホール,Lifelong Learning Center “Create Hall”,132012,0073000,東京都八王子市東町5番6号,東京都,八王子市,東町,5番6号,生涯学習センタークリエイトホール,1階南側,35.658374,139.339854,階数,1,2,1,0,1,2,0,2,0,0,0,1,有,有,無,08:30,22:00,,https://www.city.hachioji.tokyo.jp/shisei/001/006/001/002/p037425.html,CC BY 4.0,原データNO=5 / 原データ所管部課=生涯学習スポーツ部学習支援課 / 原データトイレへの誘導路として点字ブロックを敷設している=無 / 原データトイレの位置等を音声で案内している=無 / 原データ戸の形式=A.自動引き戸（押しボタン） / 原データ車椅子が出入りできる（出入口の有効幅員80cm以上）=有 / 原データ車椅子が転回できる（直径150cm以上の円が内接できる）=有 / 原データ便座に背もたれがある=無 / 原データ便座に手すりがある=有 / 原データオストメイト用設備がある=無 / 原データオストメイト用設備が温水対応している=無 / 原データ大型ベッドを備えている=無 / 原データ乳幼児用おむつ交換台等を備えている=有 / 原データ乳幼児用椅子を備えている=無 / 原データ非常用呼び出しボタンを設置している=有
132012,132012T0006,八王子市,生涯学習センタークリエイトホール,ショウガイガクシュウセンタークリエイトホール,Lifelong Learning Center “Create Hall”,132012,0073000,東京都八王子市東町5番6号,東京都,八王子市,東町,5番6号,生涯学習センタークリエイトホール,2階南側,35.658374,139.339854,階数,2,5,3,0,2,3,0,3,0,0,0,1,有,有,無,08:30,22:00,,https://www.city.hachioji.tokyo.jp/shisei/001/006/001/002/p037425.html,CC BY 4.0,原データNO=6 / 原データ所管部課=生涯学習スポーツ部学習支援課 / 原データトイレへの誘導路として点字ブロックを敷設している=無 / 原データトイレの位置等を音声で案内している=無 / 原データ戸の形式=A.自動引き戸（押しボタン） / 原データ車椅子が出入りできる（出入口の有効幅員80cm以上）=有 / 原データ車椅子が転回できる（直径150cm以上の円が内接できる）=有 / 原データ便座に背もたれがある=無 / 原データ便座に手すりがある=有 / 原データオストメイト用設備がある=無 / 原データオストメイト用設備が温水対応している=無 / 原データ大型ベッドを備えている=無 / 原データ乳幼児用おむつ交換台等を備えている=有 / 原データ乳幼児用椅子を備えている=無 / 原データ非常用呼び出しボタンを設置している=有
132012,132012T0007,八王子市,生涯学習センタークリエイトホール,ショウガイガクシュウセンタークリエイトホール,Lifelong Learning Center “Create Hall”,132012,0073000,東京都八王子市東町5番6号,東京都,八王子市,東町,5番6号,生涯学習センタークリエイトホール,3階南側,35.658374,139.339854,階数,3,5,3,0,2,3,0,3,0,0,0,1,有,有,無,08:30,22:00,,https://www.city.hachioji.tokyo.jp/shisei/001/006/001/002/p037425.html,CC BY 4.0,原データNO=7 / 原データ所管部課=生涯学習スポーツ部学習支援課 / 原データトイレへの誘導路として点字ブロックを敷設している=無 / 原データトイレの位置等を音声で案内している=無 / 原データ戸の形式=A.自動引き戸（押しボタン） / 原データ車椅子が出入りできる（出入口の有効幅員80cm以上）=有 / 原データ車椅子が転回できる（直径150cm以上の円が内接できる）=有 / 原データ便座に背もたれがある=無 / 原データ便座に手すりがある=有 / 原データオストメイト用設備がある=無 / 原データオストメイト用設備が温水対応している=無 / 原データ大型ベッドを備えている=無 / 原データ乳幼児用おむつ交換台等を備えている=有 / 原データ乳幼児用椅子を備えている=無 / 原データ非常用呼び出しボタンを設置している=有
132012,132012T0008,八王子市,生涯学習センタークリエイトホール,ショウガイガクシュウセンタークリエイトホール,Lifelong Learning Center “Create Hall”,132012,0073000,東京都八王子市東町5番6号,東京都,八王子市,東町,5番6号,生涯学習センタークリエイトホール,4階南側,35.658371,139.339923,階数,4,4,2,0,2,2,0,2,0,0,0,1,有,有,無,08:30,22:00,,https://www.city.hachioji.tokyo.jp/shisei/001/006/001/002/p037425.html,CC BY 4.0,原データNO=8 / 原データ所管部課=生涯学習スポーツ部学習支援課 / 原データトイレへの誘導路として点字ブロックを敷設している=無 / 原データトイレの位置等を音声で案内している=無 / 原データ戸の形式=A.自動引き戸（押しボタン） / 原データ車椅子が出入りできる（出入口の有効幅員80cm以上）=有 / 原データ車椅子が転回できる（直径150cm以上の円が内接できる）=有 / 原データ便座に背もたれがある=無 / 原データ便座に手すりがある=有 / 原データオストメイト用設備がある=無 / 原データオストメイト用設備が温水対応している=無 / 原データ大型ベッドを備えている=無 / 原データ乳幼児用おむつ交換台等を備えている=有 / 原データ乳幼児用椅子を備えている=無 / 原データ非常用呼び出しボタンを設置している=有
132012,132012T0009,八王子市,生涯学習センタークリエイトホール,ショウガイガクシュウセンタークリエイトホール,Lifelong Learning Center “Create Hall”,132012,0073000,東京都八王子市東町5番6号,東京都,八王子市,東町,5番6号,生涯学習センタークリエイトホール,5階南側,35.658531,139.340045,階数,5,4,3,0,1,2,0,2,0,0,0,0,無,無,無,08:30,22:00,,https://www.city.hachioji.tokyo.jp/shisei/001/006/001/002/p037425.html,CC BY 4.0,原データNO=9 / 原データ所管部課=生涯学習スポーツ部学習支援課 / 原データトイレへの誘導路として点字ブロックを敷設している=無 / 原データトイレの位置等を音声で案内している=無
132012,132012T0010,八王子市,生涯学習センタークリエイトホール,ショウガイガクシュウセンタークリエイトホール,Lifelong Learning Center “Create Hall”,132012,0073000,東京都八王子市東町5番6号,東京都,八王子市,東町,5番6号,生涯学習センタークリエイトホール,7階南側,35.658442,139.339881,階数,7,3,2,0,1,2,0,2,0,0,0,1,有,有,無,08:30,22:00,,https://www.city.hachioji.tokyo.jp/shisei/001/006/001/002/p037425.html,CC BY 4.0,原データNO=10 / 原データ所管部課=生涯学習スポーツ部学習支援課 / 原データトイレへの誘導路として点字ブロックを敷設している=無 / 原データトイレの位置等を音声で案内している=無 / 原データ戸の形式=A.自動引き戸（押しボタン） / 原データ車椅子が出入りできる（出入口の有効幅員80cm以上）=有 / 原データ車椅子が転回できる（直径150cm以上の円が内接できる）=有 / 原データ便座に背もたれがある=無 / 原データ便座に手すりがある=有 / 原データオストメイト用設備がある=無 / 原データオストメイト用設備が温水対応している=無 / 原データ大型ベッドを備えている=無 / 原データ乳幼児用おむつ交換台等を備えている=有 / 原データ乳幼児用椅子を備えている=無 / 原データ非常用呼び出しボタンを設置している=有
132012,132012T0011,八王子市,生涯学習センタークリエイトホール,ショウガイガクシュウセンタークリエイトホール,Lifelong Learning Center “Create Hall”,132012,0073000,東京都八王子市東町5番6号,東京都,八王子市,東町,5番6号,生涯学習センタークリエイトホール,9階南側,35.658442,139.339881,階数,9,3,2,0,1,2,1,1,0,0,0,1,有,有,無,08:30,22:00,,https://www.city.hachioji.tokyo.jp/shisei/001/006/001/002/p037425.html,CC BY 4.0,原データNO=11 / 原データ所管部課=生涯学習スポーツ部学習支援課 / 原データトイレへの誘導路として点字ブロックを敷設している=無 / 原データトイレの位置等を音声で案内している=無 / 原データ戸の形式=A.自動引き戸（押しボタン） / 原データ車椅子が出入りできる（出入口の有効幅員80cm以上）=有 / 原データ車椅子が転回できる（直径150cm以上の円が内接できる）=有 / 原データ便座に背もたれがある=無 / 原データ便座に手すりがある=有 / 原データオストメイト用設備がある=無 / 原データオストメイト用設備が温水対応している=無 / 原データ大型ベッドを備えている=無 / 原データ乳幼児用おむつ交換台等を備えている=有 / 原データ乳幼児用椅子を備えている=無 / 原データ非常用呼び出しボタンを設置している=有
132012,132012T0012,八王子市,生涯学習センタークリエイトホール,ショウガイガクシュウセンタークリエイトホール,Lifelong Learning Center “Create Hall”,132012,0073000,東京都八王子市東町5番6号,東京都,八王子市,東町,5番6号,生涯学習センタークリエイトホール,地下１階南側,35.658442,139.339881,階数,-1,3,2,0,1,3,1,2,0,0,0,1,有,有,無,08:30,22:00,,https://www.city.hachioji.tokyo.jp/shisei/001/006/001/002/p037425.html,CC BY 4.0,原データNO=12 / 原データ所管部課=生涯学習スポーツ部学習支援課 / 原データトイレへの誘導路として点字ブロックを敷設している=無 / 原データトイレの位置等を音声で案内している=無 / 原データ戸の形式=A.自動引き戸（押しボタン） / 原データ車椅子が出入りできる（出入口の有効幅員80cm以上）=有 / 原データ車椅子が転回できる（直径150cm以上の円が内接できる）=有 / 原データ便座に背もたれがある=無 / 原データ便座に手すりがある=有 / 原データオストメイト用設備がある=無 / 原データオストメイト用設備が温水対応している=無 / 原データ大型ベッドを備えている=無 / 原データ乳幼児用おむつ交換台等を備えている=有 / 原データ乳幼児用椅子を備えている=無 / 原データ非常用呼び出しボタンを設置している=有
132012,132012T0013,八王子市,生涯学習センタークリエイトホール,ショウガイガクシュウセンタークリエイトホール,Lifelong Learning Center “Create Hall”,132012,0073000,東京都八王子市東町5番6号,東京都,八王子市,東町,5番6号,生涯学習センタークリエイトホール,8階南側,35.658445,139.339855,階数,8,3,2,0,1,2,0,2,0,0,0,0,無,無,無,08:30,22:00,,https://www.city.hachioji.tokyo.jp/shisei/001/006/001/002/p037425.html,CC BY 4.0,原データNO=13 / 原データ所管部課=生涯学習スポーツ部学習支援課 / 原データトイレへの誘導路として点字ブロックを敷設している=無 / 原データトイレの位置等を音声で案内している=無
132012,132012T0014,八王子市,保健所,ハチオウジシホケンジョ,Hachioji city public health center,132012,0070003,東京都八王子市明神町三丁目19番2号,東京都,八王子市,明神町三丁目,19番2号,東京たま未来メッセ　庁舎会議室棟　４・５階,庁舎会議室棟４階西側,35.656522,139.342459,階数,4,0,0,0,0,0,0,0,0,0,0,1,有,有,有,08:30,17:15,,https://www.city.hachioji.tokyo.jp/shisei/001/006/001/002/p037425.html,CC BY 4.0,原データNO=14 / 原データ所管部課=健康医療部健康づくり推進課 / 原データトイレへの誘導路として点字ブロックを敷設している=無 / 原データトイレの位置等を音声で案内している=有 / 原データ戸の形式=C.手動引き戸 / 原データ車椅子が出入りできる（出入口の有効幅員80cm以上）=有 / 原データ車椅子が転回できる（直径150cm以上の円が内接できる）=有 / 原データ便座に背もたれがある=有 / 原データ便座に手すりがある=有 / 原データオストメイト用設備がある=有 / 原データオストメイト用設備が温水対応している=有 / 原データ大型ベッドを備えている=無 / 原データ乳幼児用おむつ交換台等を備えている=有 / 原データ乳幼児用椅子を備えている=有 / 原データ非常用呼び出しボタンを設置している=有
132012,132012T0015,八王子市,保健所,ハチオウジシホケンジョ,Hachioji city public health center,132012,0070003,東京都八王子市明神町三丁目19番2号,東京都,八王子市,明神町三丁目,19番2号,東京たま未来メッセ　庁舎会議室棟　４・５階,庁舎会議室棟５階西側,35.656522,139.342459,階数,5,0,0,0,0,0,0,0,0,0,0,1,有,有,有,08:30,17:15,,https://www.city.hachioji.tokyo.jp/shisei/001/006/001/002/p037425.html,CC BY 4.0,原データNO=15 / 原データ所管部課=健康医療部健康づくり推進課 / 原データトイレへの誘導路として点字ブロックを敷設している=無 / 原データトイレの位置等を音声で案内している=有 / 原データ戸の形式=C.手動引き戸 / 原データ車椅子が出入りできる（出入口の有効幅員80cm以上）=有 / 原データ車椅子が転回できる（直径150cm以上の円が内接できる）=有 / 原データ便座に背もたれがある=有 / 原データ便座に手すりがある=有 / 原データオストメイト用設備がある=有 / 原データオストメイト用設備が温水対応している=有 / 原データ大型ベッドを備えている=有 / 原データ乳幼児用おむつ交換台等を備えている=有 / 原データ乳幼児用椅子を備えている=有 / 原データ非常用呼び出しボタンを設置している=有
132012,132012T0016,八王子市,保健所,ハチオウジシホケンジョ,Hachioji city public health center,132012,0070003,東京都八王子市明神町三丁目19番2号,東京都,八王子市,明神町三丁目,19番2号,東京たま未来メッセ　庁舎会議室棟　４・５階,庁舎会議室棟４階西側,35.656522,139.342459,階数,4,6,3,0,3,0,0,0,0,0,0,0,無,無,無,08:30,17:15,,https://www.city.hachioji.tokyo.jp/shisei/001/006/001/002/p037425.html,CC BY 4.0,原データNO=16 / 原データ所管部課=健康医療部健康づくり推進課 / 原データトイレへの誘導路として点字ブロックを敷設している=無 / 原データトイレの位置等を音声で案内している=無
132012,132012T0017,八王子市,保健所,ハチオウジシホケンジョ,Hachioji city public health center,132012,0070003,東京都八王子市明神町三丁目19番2号,東京都,八王子市,明神町三丁目,19番2号,東京たま未来メッセ　庁舎会議室棟　４・５階,庁舎会議室棟４階西側,35.656522,139.342459,階数,4,0,0,0,0,6,0,6,0,0,0,0,無,無,無,08:30,17:15,,https://www.city.hachioji.tokyo.jp/shisei/001/006/001/002/p037425.html,CC BY 4.0,原データNO=17 / 原データ所管部課=健康医療部健康づくり推進課 / 原データトイレへの誘導路として点字ブロックを敷設している=無 / 原データトイレの位置等を音声で案内している=無
132012,132012T0018,八王子市,保健所,ハチオウジシホケンジョ,Hachioji city public health center,132012,0070003,東京都八王子市明神町三丁目19番2号,東京都,八王子市,明神町三丁目,19番2号,東京たま未来メッセ　庁舎会議室棟　４・５階,庁舎会議室棟５階西側,35.656522,139.342459,階数,5,6,4,0,2,0,0,0,0,0,0,0,無,無,無,08:30,17:15,,https://www.city.hachioji.tokyo.jp/shisei/001/006/001/002/p037425.html,CC BY 4.0,原データNO=18 / 原データ所管部課=健康医療部健康づくり推進課 / 原データトイレへの誘導路として点字ブロックを敷設している=無 / 原データトイレの位置等を音声で案内している=無
132012,132012T0019,八王子市,保健所,ハチオウジシホケンジョ,Hachioji city public health center,132012,0070003,東京都八王子市明神町三丁目19番2号,東京都,八王子市,明神町三丁目,19番2号,東京たま未来メッセ　庁舎会議室棟　４・５階,庁舎会議室棟５階西側,35.656522,139.342459,階数,5,0,0,0,0,6,0,6,0,0,0,0,無,無,無,08:30,17:15,,https://www.city.hachioji.tokyo.jp/shisei/001/006/001/002/p037425.html,CC BY 4.0,原データNO=19 / 原データ所管部課=健康医療部健康づくり推進課 / 原データトイレへの誘導路として点字ブロックを敷設している=無 / 原データトイレの位置等を音声で案内している=無
132012,132012T0020,八王子市,芸術文化会館,ゲイジュツブンカカイカン,Hachioji City Art &Cultural Hall,132012,0091000,東京都八王子市本町24番地1号,東京都,八王子市,本町,24番地1号,,１階,35.66223,139.33225,階数,1,12,8,0,4,8,0,8,0,0,0,1,有,有,有,09:00,22:00,月曜休館　休日のときは翌平日　12/28～1/3,,,原データNO=20 / 原データ所管部課=市民活動推進部学園都市文化課 / 原データトイレへの誘導路として点字ブロックを敷設している=無 / 原データトイレの位置等を音声で案内している=無 / 原データ戸の形式=A.自動引き戸（押しボタン） / 原データ車椅子が出入りできる（出入口の有効幅員80cm以上）=有 / 原データ車椅子が転回できる（直径150cm以上の円が内接できる）=有 / 原データ便座に背もたれがある=有 / 原データ便座に手すりがある=有 / 原データオストメイト用設備がある=有 / 原データオストメイト用設備が温水対応している=有 / 原データ大型ベッドを備えている=有 / 原データ乳幼児用おむつ交換台等を備えている=有 / 原データ乳幼児用椅子を備えている=有 / 原データ非常用呼び出しボタンを設置している=有
132012,132012T0021,八王子市,芸術文化会館,ゲイジュツブンカカイカン,Hachioji City Art &Cultural Hall,132012,0091000,東京都八王子市本町24番地1号,東京都,八王子市,本町,24番地1号,,地下１階南側,35.66223,139.33225,階数,-1,6,4,0,2,3,0,3,0,0,0,1,有,無,有,09:00,22:00,月曜休館　休日のときは翌平日　12/28～1/3,,,原データNO=21 / 原データ所管部課=市民活動推進部学園都市文化課 / 原データトイレへの誘導路として点字ブロックを敷設している=無 / 原データトイレの位置等を音声で案内している=無 / 原データ戸の形式=C.手動引き戸 / 原データ車椅子が出入りできる（出入口の有効幅員80cm以上）=有 / 原データ車椅子が転回できる（直径150cm以上の円が内接できる）=有 / 原データ便座に背もたれがある=有 / 原データ便座に手すりがある=有 / 原データオストメイト用設備がある=有 / 原データオストメイト用設備が温水対応している=有 / 原データ乳幼児用椅子を備えている=有
132012,132012T0022,八王子市,芸術文化会館,ゲイジュツブンカカイカン,Hachioji City Art &Cultural Hall,132012,0091000,東京都八王子市本町24番地1号,東京都,八王子市,本町,24番地1号,,２階,35.66223,139.33225,階数,2,4,2,0,2,3,0,3,0,0,0,0,無,無,無,09:00,22:00,月曜休館　休日のときは翌平日　12/28～1/3,,,原データNO=22 / 原データ所管部課=市民活動推進部学園都市文化課 / 原データトイレへの誘導路として点字ブロックを敷設している=無 / 原データトイレの位置等を音声で案内している=無
132012,132012T0023,八王子市,芸術文化会館,ゲイジュツブンカカイカン,Hachioji City Art &Cultural Hall,132012,0091000,東京都八王子市本町24番地1号,東京都,八王子市,本町,24番地1号,,３階,35.66223,139.33225,階数,3,4,2,0,2,2,0,2,0,0,0,0,無,無,無,09:00,22:00,月曜休館　休日のときは翌平日　12/28～1/3,,,原データNO=23 / 原データ所管部課=市民活動推進部学園都市文化課 / 原データトイレへの誘導路として点字ブロックを敷設している=無 / 原データトイレの位置等を音声で案内している=無
132012,132012T0024,八王子市,芸術文化会館,ゲイジュツブンカカイカン,Hachioji City Art &Cultural Hall,132012,0091000,東京都八王子市本町24番地1号,東京都,八王子市,本町,24番地1号,,４階,35.66223,139.33225,階数,4,4,2,0,2,2,0,2,0,0,0,0,無,無,無,09:00,22:00,月曜休館　休日のときは翌平日　12/28～1/3,,,原データNO=24 / 原データ所管部課=市民活動推進部学園都市文化課 / 原データトイレへの誘導路として点字ブロックを敷設している=無 / 原データトイレの位置等を音声で案内している=無
132012,132012T0025,八王子市,学園都市センター,ハチオウジシガクエントシセンター,Hachiojishi gakuentoshi center,132012,0080000,東京都八王子市旭町9番地1号,東京都,八王子市,旭町,9番地1号,八王子スクエアビル11階,北側 ビル共用部,35.657544,139.338798,階数,11,5,3,0,2,6,0,6,0,0,0,1,有,無,無,09:00,22:00,,,,原データNO=25 / 原データ所管部課=市民活動推進部学園都市文化課 / 原データトイレへの誘導路として点字ブロックを敷設している=無 / 原データトイレの位置等を音声で案内している=無 / 原データ戸の形式=A.自動引き戸（押しボタン） / 原データ車椅子が出入りできる（出入口の有効幅員80cm以上）=有 / 原データ車椅子が転回できる（直径150cm以上の円が内接できる）=有 / 原データ便座に背もたれがある=無 / 原データ便座に手すりがある=有 / 原データオストメイト用設備がある=無 / 原データオストメイト用設備が温水対応している=無 / 原データ大型ベッドを備えている=無 / 原データ乳幼児用おむつ交換台等を備えている=無 / 原データ乳幼児用椅子を備えている=無 / 原データ非常用呼び出しボタンを設置している=有
132012,132012T0026,八王子市,学園都市センター,ハチオウジシガクエントシセンター,Hachiojishi gakuentoshi center,132012,0080000,東京都八王子市旭町9番地1号,東京都,八王子市,旭町,9番地1号,八王子スクエアビル12階,北側 ビル共用部,35.657545,139.338785,階数,12,6,4,0,2,4,0,4,0,0,0,1,有,無,無,09:00,22:00,,,,原データNO=26 / 原データ所管部課=市民活動推進部学園都市文化課 / 原データトイレへの誘導路として点字ブロックを敷設している=無 / 原データトイレの位置等を音声で案内している=無 / 原データ戸の形式=A.自動引き戸（押しボタン） / 原データ車椅子が出入りできる（出入口の有効幅員80cm以上）=有 / 原データ車椅子が転回できる（直径150cm以上の円が内接できる）=有 / 原データ便座に背もたれがある=無 / 原データ便座に手すりがある=有 / 原データオストメイト用設備がある=無 / 原データオストメイト用設備が温水対応している=無 / 原データ大型ベッドを備えている=無 / 原データ乳幼児用おむつ交換台等を備えている=無 / 原データ乳幼児用椅子を備えている=無 / 原データ非常用呼び出しボタンを設置している=有
132012,132012T0027,八王子市,夢美術館,ユメビジュツカン,YUME ART MUSEUM,132012,0086000,東京都八王子市八日町8番地1号,東京都,八王子市,八日町,8番地1号,ビュータワー八王子,2階,35.660599,139.330565,階数,2,5,3,0,2,3,0,3,0,0,0,1,有,有,有,10:00,19:00,月曜休館　休日のときは翌火曜,,,原データNO=27 / 原データ所管部課=市民活動推進部学園都市文化課 / 原データトイレへの誘導路として点字ブロックを敷設している=有 / 原データトイレの位置等を音声で案内している=無 / 原データ戸の形式=A.自動引き戸（押しボタン） / 原データ車椅子が出入りできる（出入口の有効幅員80cm以上）=有 / 原データ車椅子が転回できる（直径150cm以上の円が内接できる）=有 / 原データ便座に背もたれがある=無 / 原データ便座に手すりがある=有 / 原データオストメイト用設備がある=有 / 原データオストメイト用設備が温水対応している=無 / 原データ大型ベッドを備えている=無 / 原データ乳幼児用おむつ交換台等を備えている=有 / 原データ乳幼児用椅子を備えている=無 / 原データ非常用呼び出しボタンを設置している=有
132012,132012T0028,八王子市,船森公園,フナモリコウエン,Funamori Park,132012,0070004,東京都八王子市明神町四丁目9番,東京都,八王子市,明神町四丁目,9番,,園内,35.658636,139.342058852856,階数,1,3,2,1,0,1,1,0,0,0,0,0,無,無,無,00:00,23:59,,,,原データNO=28 / 原データ所管部課=まちなみ整備部公園課 / 原データトイレへの誘導路として点字ブロックを敷設している=無 / 原データトイレの位置等を音声で案内している=無
132012,132012T0029,八王子市,船森公園,フナモリコウエン,Funamori Park,132012,0070004,東京都八王子市明神町四丁目9番地,東京都,八王子市,明神町四丁目,9番地,,園内,35.658636,139.342129,階数,1,0,0,0,0,0,0,0,0,0,0,1,有,有,有,00:00,23:59,,,,原データNO=29 / 原データ所管部課=まちなみ整備部公園課 / 原データトイレへの誘導路として点字ブロックを敷設している=有 / 原データトイレの位置等を音声で案内している=無 / 原データ戸の形式=C.手動引き戸 / 原データ車椅子が出入りできる（出入口の有効幅員80cm以上）=有 / 原データ車椅子が転回できる（直径150cm以上の円が内接できる）=有 / 原データ便座に背もたれがある=無 / 原データ便座に手すりがある=有 / 原データオストメイト用設備がある=有 / 原データオストメイト用設備が温水対応している=無 / 原データ大型ベッドを備えている=無 / 原データ乳幼児用おむつ交換台等を備えている=有 / 原データ乳幼児用椅子を備えている=有 / 原データ非常用呼び出しボタンを設置している=有
132012,132012T0030,八王子市,子安公園,コヤスコウエン,Koyasu Park,132012,0071004,東京都八王子市子安町四丁目31番,東京都,八王子市,子安町四丁目,31番,,園内,35.6529134056722,139.335047595725,階数,1,1,1,0,0,0,0,0,1,1,0,0,無,無,無,00:00,23:59,,,,原データNO=30 / 原データ所管部課=まちなみ整備部公園課 / 原データトイレへの誘導路として点字ブロックを敷設している=無 / 原データトイレの位置等を音声で案内している=無
132012,132012T0031,八王子市,子安公園,コヤスコウエン,Koyasu Park,132012,0071004,東京都八王子市子安町四丁目31番地,東京都,八王子市,子安町四丁目,31番地,,園内,35.652889,139.335048,階数,1,0,0,0,0,0,0,0,0,0,0,1,有,無,無,00:00,23:59,,,,原データNO=31 / 原データ所管部課=まちなみ整備部公園課 / 原データトイレへの誘導路として点字ブロックを敷設している=無 / 原データトイレの位置等を音声で案内している=無 / 原データ戸の形式=C.手動引き戸 / 原データ車椅子が出入りできる（出入口の有効幅員80cm以上）=有 / 原データ車椅子が転回できる（直径150cm以上の円が内接できる）=有 / 原データ便座に背もたれがある=無 / 原データ便座に手すりがある=有 / 原データオストメイト用設備がある=無 / 原データオストメイト用設備が温水対応している=無 / 原データ大型ベッドを備えている=無 / 原データ乳幼児用おむつ交換台等を備えている=無 / 原データ乳幼児用椅子を備えている=無 / 原データ非常用呼び出しボタンを設置している=有
132012,132012T0032,八王子市,八王子駅北口公衆便所,ハチオウジエキキタグチコウシュウベンジョ,Hachioji station north exit public toilet,132012,0080000,東京都八王子市旭町1番地1号,東京都,八王子市,旭町,1番地1号,,交番横,35.656289,139.338717,階数,1,5,4,0,1,2,0,2,1,0,1,1,有,有,有,00:00,23:59,,,,原データNO=32 / 原データ所管部課=道路交通部管理課 / 原データトイレへの誘導路として点字ブロックを敷設している=無 / 原データトイレの位置等を音声で案内している=無 / 原データ戸の形式=D.手動開き戸 / 原データ車椅子が出入りできる（出入口の有効幅員80cm以上）=有 / 原データ車椅子が転回できる（直径150cm以上の円が内接できる）=有 / 原データ便座に背もたれがある=有 / 原データ便座に手すりがある=有 / 原データオストメイト用設備がある=有 / 原データオストメイト用設備が温水対応している=有 / 原データ大型ベッドを備えている=無 / 原データ乳幼児用おむつ交換台等を備えている=有 / 原データ乳幼児用椅子を備えている=有 / 原データ非常用呼び出しボタンを設置している=有
132012,132012T0033,八王子市,八王子駅南口公衆便所,ハチオウジエキミナミグチコウシュウベンジョ,Hachioji station south exit public toilet,132012,0071004,東京都八王子市子安町四丁目7番地先,東京都,八王子市,子安町四丁目,7番地先,,エスカレーター横,35.654075,139.338335,階数,1,3,2,0,1,2,0,2,1,0,1,1,有,無,有,00:00,23:59,,,,原データNO=33 / 原データ所管部課=道路交通部管理課 / 原データトイレへの誘導路として点字ブロックを敷設している=有 / 原データトイレの位置等を音声で案内している=無 / 原データ戸の形式=D.手動開き戸 / 原データ車椅子が出入りできる（出入口の有効幅員80cm以上）=有 / 原データ車椅子が転回できる（直径150cm以上の円が内接できる）=有 / 原データ便座に背もたれがある=有 / 原データ便座に手すりがある=有 / 原データオストメイト用設備がある=有 / 原データオストメイト用設備が温水対応している=有 / 原データ大型ベッドを備えている=有 / 原データ乳幼児用おむつ交換台等を備えている=無 / 原データ乳幼児用椅子を備えている=有 / 原データ非常用呼び出しボタンを設置している=有
132012,132012T0034,八王子市,元横山町公衆便所,モトヨコヤマチョウコウシュウベンジョ,Motoyokoyamacho public toilet,132012,0077002,東京都八王子市元横山町二丁目14番9号,東京都,八王子市,元横山町二丁目,14番9号,,八幡八雲神社傍,35.660973,139.335874,階数,1,3,2,1,0,2,1,1,1,0,1,1,有,有,無,00:00,23:59,,,,原データNO=34 / 原データ所管部課=道路交通部管理課 / 原データトイレへの誘導路として点字ブロックを敷設している=無 / 原データトイレの位置等を音声で案内している=無 / 原データ戸の形式=D.手動開き戸 / 原データ車椅子が出入りできる（出入口の有効幅員80cm以上）=有 / 原データ車椅子が転回できる（直径150cm以上の円が内接できる）=有 / 原データ便座に背もたれがある=無 / 原データ便座に手すりがある=有 / 原データオストメイト用設備がある=無 / 原データオストメイト用設備が温水対応している=無 / 原データ大型ベッドを備えている=無 / 原データ乳幼児用おむつ交換台等を備えている=有 / 原データ乳幼児用椅子を備えている=有 / 原データ非常用呼び出しボタンを設置している=有
132012,132012T0035,八王子市,八王子駅北口地下自由通路,ハチオウジエキキタグチチカジユウツウロ,Hachioji Station NorthUnderground Walkway,132012,0080000,東京都八王子市旭町1番B1号,東京都,八王子市,旭町,1番B1号,,中央階段横,35.656417,139.339223,階数,-1,5,3,0,2,2,0,2,0,0,0,1,有,有,有,05:30,24:00,,https://www.city.hachioji.tokyo.jp/shisei/001/006/001/002/p037425.html,CC BY 4.0,原データNO=35 / 原データ所管部課=道路交通部交通事業課 / 原データトイレへの誘導路として点字ブロックを敷設している=有 / 原データトイレの位置等を音声で案内している=有 / 原データ戸の形式=A.自動引き戸（押しボタン） / 原データ車椅子が出入りできる（出入口の有効幅員80cm以上）=有 / 原データ車椅子が転回できる（直径150cm以上の円が内接できる）=有 / 原データ便座に背もたれがある=無 / 原データ便座に手すりがある=有 / 原データオストメイト用設備がある=有 / 原データオストメイト用設備が温水対応している=有 / 原データ大型ベッドを備えている=無 / 原データ乳幼児用おむつ交換台等を備えている=有 / 原データ乳幼児用椅子を備えている=有 / 原データ非常用呼び出しボタンを設置している=有
132012,132012T0036,八王子市,八王子駅北口地下駐車場,ハチオウジエキキタグチチカチュウシャジョウ,Hachioji Station northentrance basementgarage,132012,0080000,東京都八王子市旭町1番B1号,東京都,八王子市,旭町,1番B1号,,Cブロック（生涯学習センター出車口横）,35.6588395464112,139.33948543369,階数,-1,3,2,0,1,2,0,2,0,0,0,0,無,無,無,06:00,24:00,,,,原データNO=36 / 原データ所管部課=道路交通部交通事業課 / 原データトイレへの誘導路として点字ブロックを敷設している=無 / 原データトイレの位置等を音声で案内している=無
132012,132012T0037,八王子市,まちなか休憩所 八王子宿,マチナカキュウケイジョ ハチオウジシュク,Machinakakyukeijyo Hachiojisyuku,132012,0075000,東京都八王子市中町12番11号,東京都,八王子市,中町,12番11号,まち・なか１階,入口右手奥,35.658697,139.334744,階数,1,4,3,0,1,2,0,2,1,0,1,1,有,有,有,10:00,19:00,八王子まつり等イベント時は延長の可能性有,https://www.city.hachioji.tokyo.jp/shisei/001/006/001/002/p037425.html,CC BY 4.0,原データNO=37 / 原データ所管部課=拠点整備部市街地活性課 / 原データトイレへの誘導路として点字ブロックを敷設している=有 / 原データトイレの位置等を音声で案内している=無 / 原データ戸の形式=C.手動引き戸 / 原データ車椅子が出入りできる（出入口の有効幅員80cm以上）=有 / 原データ車椅子が転回できる（直径150cm以上の円が内接できる）=有 / 原データ便座に背もたれがある=有 / 原データ便座に手すりがある=有 / 原データオストメイト用設備がある=有 / 原データオストメイト用設備が温水対応している=有 / 原データ大型ベッドを備えている=無 / 原データ乳幼児用おむつ交換台等を備えている=有 / 原データ乳幼児用椅子を備えている=有 / 原データ非常用呼び出しボタンを設置している=有
132012,132012T0038,八王子市,子安市民センター,コヤスシミンセンター,Koyasu Community Center,132012,0071002,東京都八王子市子安町二丁目6番1号,東京都,八王子市,子安町二丁目,6番1号,,１階,35.650701,139.344677,階数,1,6,4,0,2,3,0,3,0,0,0,1,有,無,有,09:00,21:30,,,,原データNO=38 / 原データ所管部課=市民活動推進部協働推進課 / 原データトイレへの誘導路として点字ブロックを敷設している=無 / 原データトイレの位置等を音声で案内している=無 / 原データ戸の形式=C.手動引き戸 / 原データ車椅子が出入りできる（出入口の有効幅員80cm以上）=有 / 原データ車椅子が転回できる（直径150cm以上の円が内接できる）=有 / 原データ便座に背もたれがある=有 / 原データ便座に手すりがある=有 / 原データオストメイト用設備がある=有 / 原データオストメイト用設備が温水対応している=有 / 原データ大型ベッドを備えている=有 / 原データ乳幼児用おむつ交換台等を備えている=無 / 原データ乳幼児用椅子を備えている=有 / 原データ非常用呼び出しボタンを設置している=有
132012,132012T0039,八王子市,子安市民センター,コヤスシミンセンター,Koyasu Community Center,132012,0071002,東京都八王子市子安町二丁目6番1号,東京都,八王子市,子安町二丁目,6番1号,,２階,35.650743,139.344668,階数,2,4,3,0,1,2,0,2,0,0,0,1,有,有,有,09:00,21:30,,,,原データNO=39 / 原データ所管部課=市民活動推進部協働推進課 / 原データトイレへの誘導路として点字ブロックを敷設している=無 / 原データトイレの位置等を音声で案内している=無 / 原データ戸の形式=C.手動引き戸 / 原データ車椅子が出入りできる（出入口の有効幅員80cm以上）=有 / 原データ車椅子が転回できる（直径150cm以上の円が内接できる）=無 / 原データ便座に背もたれがある=有 / 原データ便座に手すりがある=有 / 原データオストメイト用設備がある=有 / 原データオストメイト用設備が温水対応している=無 / 原データ大型ベッドを備えている=無 / 原データ乳幼児用おむつ交換台等を備えている=有 / 原データ乳幼児用椅子を備えている=有 / 原データ非常用呼び出しボタンを設置している=有
132012,132012T0040,八王子市,子安市民センター,コヤスシミンセンター,Koyasu Community Center,132012,0071002,東京都八王子市子安町二丁目6番1号,東京都,八王子市,子安町二丁目,6番1号,,３階,35.650701,139.344677,階数,3,4,3,0,1,2,0,2,0,0,0,1,有,有,有,09:00,21:30,,,,原データNO=40 / 原データ所管部課=市民活動推進部協働推進課 / 原データトイレへの誘導路として点字ブロックを敷設している=無 / 原データトイレの位置等を音声で案内している=無 / 原データ戸の形式=C.手動引き戸 / 原データ車椅子が出入りできる（出入口の有効幅員80cm以上）=有 / 原データ車椅子が転回できる（直径150cm以上の円が内接できる）=無 / 原データ便座に背もたれがある=有 / 原データ便座に手すりがある=有 / 原データオストメイト用設備がある=有 / 原データオストメイト用設備が温水対応している=無 / 原データ大型ベッドを備えている=無 / 原データ乳幼児用おむつ交換台等を備えている=有 / 原データ乳幼児用椅子を備えている=有 / 原データ非常用呼び出しボタンを設置している=有
132012,132012T0041,八王子市,天神公園,テンジンコウエン,Tenjin Park,132012,0082000,東京都八王子市天神町25番地,東京都,八王子市,天神町,25番地,,園内,35.6574,139.329,階数,1,2,2,0,0,0,0,0,1,1,0,0,無,無,無,00:00,23:59,,,,原データNO=41 / 原データ所管部課=まちなみ整備部公園課 / 原データトイレへの誘導路として点字ブロックを敷設している=無 / 原データトイレの位置等を音声で案内している=無
132012,132012T0042,八王子市,竹の花公園,タケノハナコウエン,Takenohana Park,132012,0076000,東京都八王子市新町46番地5号,東京都,八王子市,新町,46番地5号,,園内,35.662145,139.341922,階数,1,1,1,0,0,0,0,0,0,0,0,1,有,有,無,00:00,23:59,,,,原データNO=42 / 原データ所管部課=まちなみ整備部公園課 / 原データトイレへの誘導路として点字ブロックを敷設している=有 / 原データトイレの位置等を音声で案内している=無 / 原データ戸の形式=C.手動引き戸 / 原データ車椅子が出入りできる（出入口の有効幅員80cm以上）=有 / 原データ車椅子が転回できる（直径150cm以上の円が内接できる）=有 / 原データ便座に背もたれがある=無 / 原データ便座に手すりがある=有 / 原データオストメイト用設備がある=無 / 原データオストメイト用設備が温水対応している=無 / 原データ大型ベッドを備えている=無 / 原データ乳幼児用おむつ交換台等を備えている=有 / 原データ乳幼児用椅子を備えている=有 / 原データ非常用呼び出しボタンを設置している=無
132012,132012T0043,八王子市,上野町公園,ウエノマチコウエン,Uenomachi Park,132012,0098000,東京都八王子市上野町27番地2号,東京都,八王子市,上野町,27番地2号,,園内,35.6536319230329,139.328279211144,階数,1,1,1,0,0,0,0,0,1,1,0,0,無,無,無,00:00,23:59,,,,原データNO=43 / 原データ所管部課=まちなみ整備部公園課 / 原データトイレへの誘導路として点字ブロックを敷設している=無 / 原データトイレの位置等を音声で案内している=無
132012,132012T0044,八王子市,いちょう公園,イチョウコウエン,Icho Park,132012,0083000,東京都八王子市寺町28番地4号,東京都,八王子市,寺町,28番地4号,,園内,35.6552846996945,139.331238477237,階数,1,1,1,0,0,0,0,0,1,1,0,0,無,無,無,00:00,23:59,,,,原データNO=44 / 原データ所管部課=まちなみ整備部公園課 / 原データトイレへの誘導路として点字ブロックを敷設している=無 / 原データトイレの位置等を音声で案内している=無
132012,132012T0045,八王子市,本庁舎,ホンチョウシャ,Hachioji City Office,132012,0090003,東京都八王子市元本郷町三丁目24番1号,東京都,八王子市,元本郷町三丁目,24番1号,,議会棟1階,35.666478,139.316031,階数,1,0,0,0,0,0,0,0,0,0,0,1,有,無,有,08:30,17:15,,,,原データNO=45 / 原データ所管部課=契約資産部庁舎管理課 / 原データトイレへの誘導路として点字ブロックを敷設している=無 / 原データトイレの位置等を音声で案内している=無 / 原データ戸の形式=A.自動引き戸（押しボタン） / 原データ車椅子が出入りできる（出入口の有効幅員80cm以上）=有 / 原データ車椅子が転回できる（直径150cm以上の円が内接できる）=有 / 原データ便座に背もたれがある=有 / 原データ便座に手すりがある=有 / 原データオストメイト用設備がある=有 / 原データオストメイト用設備が温水対応している=有 / 原データ大型ベッドを備えている=有 / 原データ乳幼児用おむつ交換台等を備えている=無 / 原データ乳幼児用椅子を備えている=有 / 原データ非常用呼び出しボタンを設置している=有
132012,132012T0046,八王子市,本庁舎,ホンチョウシャ,Hachioji City Office,132012,0090003,東京都八王子市元本郷町三丁目24番1号,東京都,八王子市,元本郷町三丁目,24番1号,,事務棟1階,35.666478,139.316031,階数,1,0,0,0,0,0,0,0,0,0,0,1,有,無,無,08:30,17:15,,,,原データNO=46 / 原データ所管部課=契約資産部庁舎管理課 / 原データトイレへの誘導路として点字ブロックを敷設している=無 / 原データトイレの位置等を音声で案内している=無 / 原データ戸の形式=A.自動引き戸（押しボタン） / 原データ車椅子が出入りできる（出入口の有効幅員80cm以上）=有 / 原データ車椅子が転回できる（直径150cm以上の円が内接できる）=有 / 原データ便座に背もたれがある=有 / 原データ便座に手すりがある=有 / 原データオストメイト用設備がある=無 / 原データオストメイト用設備が温水対応している=無 / 原データ大型ベッドを備えている=有 / 原データ乳幼児用おむつ交換台等を備えている=無 / 原データ乳幼児用椅子を備えている=有 / 原データ非常用呼び出しボタンを設置している=有
132012,132012T0047,八王子市,本庁舎,ホンチョウシャ,Hachioji City Office,132012,0090003,東京都八王子市元本郷町三丁目24番1号,東京都,八王子市,元本郷町三丁目,24番1号,,事務棟3階,35.666478,139.316031,階数,3,0,0,0,0,0,0,0,0,0,0,1,有,無,無,08:30,17:15,,,,原データNO=47 / 原データ所管部課=契約資産部庁舎管理課 / 原データトイレへの誘導路として点字ブロックを敷設している=無 / 原データトイレの位置等を音声で案内している=無 / 原データ戸の形式=A.自動引き戸（押しボタン） / 原データ車椅子が出入りできる（出入口の有効幅員80cm以上）=有 / 原データ車椅子が転回できる（直径150cm以上の円が内接できる）=有 / 原データ便座に背もたれがある=有 / 原データ便座に手すりがある=有 / 原データオストメイト用設備がある=無 / 原データオストメイト用設備が温水対応している=無 / 原データ大型ベッドを備えている=有 / 原データ乳幼児用おむつ交換台等を備えている=無 / 原データ乳幼児用椅子を備えている=有 / 原データ非常用呼び出しボタンを設置している=有
132012,132012T0048,八王子市,本庁舎,ホンチョウシャ,Hachioji City Office,132012,0090003,東京都八王子市元本郷町三丁目24番1号,東京都,八王子市,元本郷町三丁目,24番1号,,議会棟4階,35.666478,139.316031,階数,4,0,0,0,0,0,0,0,0,0,0,1,有,無,無,08:30,17:15,,,,原データNO=48 / 原データ所管部課=契約資産部庁舎管理課 / 原データトイレへの誘導路として点字ブロックを敷設している=無 / 原データトイレの位置等を音声で案内している=無 / 原データ戸の形式=A.自動引き戸（押しボタン） / 原データ車椅子が出入りできる（出入口の有効幅員80cm以上）=有 / 原データ車椅子が転回できる（直径150cm以上の円が内接できる）=有 / 原データ便座に背もたれがある=有 / 原データ便座に手すりがある=有 / 原データオストメイト用設備がある=無 / 原データオストメイト用設備が温水対応している=無 / 原データ大型ベッドを備えている=有 / 原データ乳幼児用おむつ交換台等を備えている=無 / 原データ乳幼児用椅子を備えている=有 / 原データ非常用呼び出しボタンを設置している=有
132012,132012T0049,八王子市,本庁舎,ホンチョウシャ,Hachioji City Office,132012,0090003,東京都八王子市元本郷町三丁目24番1号,東京都,八王子市,元本郷町三丁目,24番1号,,事務棟8階,35.666478,139.316031,階数,8,0,0,0,0,0,0,0,0,0,0,1,有,無,無,08:30,17:15,,,,原データNO=49 / 原データ所管部課=契約資産部庁舎管理課 / 原データトイレへの誘導路として点字ブロックを敷設している=無 / 原データトイレの位置等を音声で案内している=無 / 原データ戸の形式=A.自動引き戸（押しボタン） / 原データ車椅子が出入りできる（出入口の有効幅員80cm以上）=有 / 原データ車椅子が転回できる（直径150cm以上の円が内接できる）=無 / 原データ便座に背もたれがある=有 / 原データ便座に手すりがある=有 / 原データオストメイト用設備がある=無 / 原データオストメイト用設備が温水対応している=無 / 原データ大型ベッドを備えている=有 / 原データ乳幼児用おむつ交換台等を備えている=無 / 原データ乳幼児用椅子を備えている=無 / 原データ非常用呼び出しボタンを設置している=有
132012,132012T0050,八王子市,本庁舎,ホンチョウシャ,Hachioji City Office,132012,0090003,東京都八王子市元本郷町三丁目24番1号,東京都,八王子市,元本郷町三丁目,24番1号,,事務棟西側B階,35.666478,139.316031,階数,-1,5,3,0,2,2,0,2,0,0,0,0,無,無,無,08:30,17:15,,,,原データNO=50 / 原データ所管部課=契約資産部庁舎管理課 / 原データトイレへの誘導路として点字ブロックを敷設している=無 / 原データトイレの位置等を音声で案内している=無
132012,132012T0051,八王子市,本庁舎,ホンチョウシャ,Hachioji City Office,132012,0090003,東京都八王子市元本郷町三丁目24番1号,東京都,八王子市,元本郷町三丁目,24番1号,,事務棟西側1階,35.666478,139.316031,階数,1,1,1,0,0,3,0,3,0,0,0,0,無,無,無,08:30,17:15,,,,原データNO=51 / 原データ所管部課=契約資産部庁舎管理課 / 原データトイレへの誘導路として点字ブロックを敷設している=無 / 原データトイレの位置等を音声で案内している=無
132012,132012T0052,八王子市,本庁舎,ホンチョウシャ,Hachioji City Office,132012,0090003,東京都八王子市元本郷町三丁目24番1号,東京都,八王子市,元本郷町三丁目,24番1号,,事務棟西側2階,35.666478,139.316031,階数,2,5,3,0,2,2,0,2,0,0,0,0,無,無,無,08:30,17:15,,,,原データNO=52 / 原データ所管部課=契約資産部庁舎管理課 / 原データトイレへの誘導路として点字ブロックを敷設している=無 / 原データトイレの位置等を音声で案内している=無
132012,132012T0053,八王子市,本庁舎,ホンチョウシャ,Hachioji City Office,132012,0090003,東京都八王子市元本郷町三丁目24番1号,東京都,八王子市,元本郷町三丁目,24番1号,,事務棟西側3階,35.666478,139.316031,階数,3,5,3,0,2,2,0,2,0,0,0,0,無,無,無,08:30,17:15,,,,原データNO=53 / 原データ所管部課=契約資産部庁舎管理課 / 原データトイレへの誘導路として点字ブロックを敷設している=無 / 原データトイレの位置等を音声で案内している=無
132012,132012T0054,八王子市,本庁舎,ホンチョウシャ,Hachioji City Office,132012,0090003,東京都八王子市元本郷町三丁目24番1号,東京都,八王子市,元本郷町三丁目,24番1号,,事務棟西側4階,35.666478,139.316031,階数,4,1,1,0,0,5,0,5,0,0,0,0,無,無,無,08:30,17:15,,,,原データNO=54 / 原データ所管部課=契約資産部庁舎管理課 / 原データトイレへの誘導路として点字ブロックを敷設している=無 / 原データトイレの位置等を音声で案内している=無
132012,132012T0055,八王子市,本庁舎,ホンチョウシャ,Hachioji City Office,132012,0090003,東京都八王子市元本郷町三丁目24番1号,東京都,八王子市,元本郷町三丁目,24番1号,,事務棟西側5階,35.666478,139.316031,階数,5,5,3,0,2,2,0,2,0,0,0,0,無,無,無,08:30,17:15,,,,原データNO=55 / 原データ所管部課=契約資産部庁舎管理課 / 原データトイレへの誘導路として点字ブロックを敷設している=無 / 原データトイレの位置等を音声で案内している=無
132012,132012T0056,八王子市,本庁舎,ホンチョウシャ,Hachioji City Office,132012,0090003,東京都八王子市元本郷町三丁目24番1号,東京都,八王子市,元本郷町三丁目,24番1号,,事務棟西側6階,35.666478,139.316031,階数,6,5,3,0,2,2,0,2,0,0,0,0,無,無,無,08:30,17:15,,,,原データNO=56 / 原データ所管部課=契約資産部庁舎管理課 / 原データトイレへの誘導路として点字ブロックを敷設している=無 / 原データトイレの位置等を音声で案内している=無
132012,132012T0057,八王子市,本庁舎,ホンチョウシャ,Hachioji City Office,132012,0090003,東京都八王子市元本郷町三丁目24番1号,東京都,八王子市,元本郷町三丁目,24番1号,,事務棟西側7階,35.666478,139.316031,階数,7,5,3,0,2,2,0,2,0,0,0,0,無,無,無,08:30,17:15,,,,原データNO=57 / 原データ所管部課=契約資産部庁舎管理課 / 原データトイレへの誘導路として点字ブロックを敷設している=無 / 原データトイレの位置等を音声で案内している=無
132012,132012T0058,八王子市,本庁舎,ホンチョウシャ,Hachioji City Office,132012,0090003,東京都八王子市元本郷町三丁目24番1号,東京都,八王子市,元本郷町三丁目,24番1号,,事務棟西側8階,35.666478,139.316031,階数,8,5,3,0,2,2,0,2,0,0,0,0,無,無,無,08:30,17:15,,,,原データNO=58 / 原データ所管部課=契約資産部庁舎管理課 / 原データトイレへの誘導路として点字ブロックを敷設している=無 / 原データトイレの位置等を音声で案内している=無
132012,132012T0059,八王子市,本庁舎,ホンチョウシャ,Hachioji City Office,132012,0090003,東京都八王子市元本郷町三丁目24番1号,東京都,八王子市,元本郷町三丁目,24番1号,,事務棟東側B階,35.666478,139.316031,階数,-1,4,3,0,1,2,0,2,0,0,0,0,無,無,無,08:30,17:15,,,,原データNO=59 / 原データ所管部課=契約資産部庁舎管理課 / 原データトイレへの誘導路として点字ブロックを敷設している=無 / 原データトイレの位置等を音声で案内している=無
132012,132012T0060,八王子市,本庁舎,ホンチョウシャ,Hachioji City Office,132012,0090003,東京都八王子市元本郷町三丁目24番1号,東京都,八王子市,元本郷町三丁目,24番1号,,事務棟東側1階,35.666478,139.316031,階数,1,9,5,0,4,0,0,0,0,0,0,0,無,無,無,08:30,17:15,,,,原データNO=60 / 原データ所管部課=契約資産部庁舎管理課 / 原データトイレへの誘導路として点字ブロックを敷設している=無 / 原データトイレの位置等を音声で案内している=無
132012,132012T0061,八王子市,本庁舎,ホンチョウシャ,Hachioji City Office,132012,0090003,東京都八王子市元本郷町三丁目24番1号,東京都,八王子市,元本郷町三丁目,24番1号,,事務棟東側2階,35.666478,139.316031,階数,2,4,3,0,1,2,0,2,0,0,0,0,無,無,無,08:30,17:15,,,,原データNO=61 / 原データ所管部課=契約資産部庁舎管理課 / 原データトイレへの誘導路として点字ブロックを敷設している=無 / 原データトイレの位置等を音声で案内している=無
132012,132012T0062,八王子市,本庁舎,ホンチョウシャ,Hachioji City Office,132012,0090003,東京都八王子市元本郷町三丁目24番1号,東京都,八王子市,元本郷町三丁目,24番1号,,事務棟東側3階,35.666478,139.316031,階数,3,4,3,0,1,2,0,2,0,0,0,0,無,無,無,08:30,17:15,,,,原データNO=62 / 原データ所管部課=契約資産部庁舎管理課 / 原データトイレへの誘導路として点字ブロックを敷設している=無 / 原データトイレの位置等を音声で案内している=無
132012,132012T0063,八王子市,本庁舎,ホンチョウシャ,Hachioji City Office,132012,0090003,東京都八王子市元本郷町三丁目24番1号,東京都,八王子市,元本郷町三丁目,24番1号,,事務棟東側4階,35.666478,139.316031,階数,4,9,5,0,4,0,0,0,0,0,0,0,無,無,無,08:30,17:15,,,,原データNO=63 / 原データ所管部課=契約資産部庁舎管理課 / 原データトイレへの誘導路として点字ブロックを敷設している=無 / 原データトイレの位置等を音声で案内している=無
132012,132012T0064,八王子市,本庁舎,ホンチョウシャ,Hachioji City Office,132012,0090003,東京都八王子市元本郷町三丁目24番1号,東京都,八王子市,元本郷町三丁目,24番1号,,事務棟東側5階,35.666478,139.316031,階数,5,4,3,0,1,2,0,2,0,0,0,0,無,無,無,08:30,17:15,,,,原データNO=64 / 原データ所管部課=契約資産部庁舎管理課 / 原データトイレへの誘導路として点字ブロックを敷設している=無 / 原データトイレの位置等を音声で案内している=無
132012,132012T0065,八王子市,本庁舎,ホンチョウシャ,Hachioji City Office,132012,0090003,東京都八王子市元本郷町三丁目24番1号,東京都,八王子市,元本郷町三丁目,24番1号,,事務棟東側6階,35.666478,139.316031,階数,6,4,3,0,1,2,0,2,0,0,0,0,無,無,無,08:30,17:15,,,,原データNO=65 / 原データ所管部課=契約資産部庁舎管理課 / 原データトイレへの誘導路として点字ブロックを敷設している=無 / 原データトイレの位置等を音声で案内している=無
132012,132012T0066,八王子市,本庁舎,ホンチョウシャ,Hachioji City Office,132012,0090003,東京都八王子市元本郷町三丁目24番1号,東京都,八王子市,元本郷町三丁目,24番1号,,事務棟東側7階,35.666478,139.316031,階数,7,4,3,0,1,2,0,2,0,0,0,0,無,無,無,08:30,17:15,,,,原データNO=66 / 原データ所管部課=契約資産部庁舎管理課 / 原データトイレへの誘導路として点字ブロックを敷設している=無 / 原データトイレの位置等を音声で案内している=無
132012,132012T0067,八王子市,本庁舎,ホンチョウシャ,Hachioji City Office,132012,0090003,東京都八王子市元本郷町三丁目24番1号,東京都,八王子市,元本郷町三丁目,24番1号,,事務棟東側8階,35.666478,139.316031,階数,8,4,3,0,1,2,0,2,0,0,0,0,無,無,無,08:30,17:15,,,,原データNO=67 / 原データ所管部課=契約資産部庁舎管理課 / 原データトイレへの誘導路として点字ブロックを敷設している=無 / 原データトイレの位置等を音声で案内している=無
132012,132012T0068,八王子市,本庁舎,ホンチョウシャ,Hachioji City Office,132012,0090003,東京都八王子市元本郷町三丁目24番1号,東京都,八王子市,元本郷町三丁目,24番1号,,議会棟西側B階,35.666478,139.316031,階数,-1,5,3,0,2,2,0,2,0,0,0,0,無,無,無,08:30,17:15,,,,原データNO=68 / 原データ所管部課=契約資産部庁舎管理課 / 原データトイレへの誘導路として点字ブロックを敷設している=無 / 原データトイレの位置等を音声で案内している=無
132012,132012T0069,八王子市,本庁舎,ホンチョウシャ,Hachioji City Office,132012,0090003,東京都八王子市元本郷町三丁目24番1号,東京都,八王子市,元本郷町三丁目,24番1号,,議会棟西側1階,35.666478,139.316031,階数,1,8,5,0,3,0,0,0,0,0,0,0,無,無,無,08:30,17:15,,,,原データNO=69 / 原データ所管部課=契約資産部庁舎管理課 / 原データトイレへの誘導路として点字ブロックを敷設している=無 / 原データトイレの位置等を音声で案内している=無
132012,132012T0070,八王子市,本庁舎,ホンチョウシャ,Hachioji City Office,132012,0090003,東京都八王子市元本郷町三丁目24番1号,東京都,八王子市,元本郷町三丁目,24番1号,,議会棟西側2階,35.666478,139.316031,階数,2,5,3,0,2,1,0,1,0,0,0,0,無,無,無,08:30,17:15,,,,原データNO=70 / 原データ所管部課=契約資産部庁舎管理課 / 原データトイレへの誘導路として点字ブロックを敷設している=無 / 原データトイレの位置等を音声で案内している=無
132012,132012T0071,八王子市,本庁舎,ホンチョウシャ,Hachioji City Office,132012,0090003,東京都八王子市元本郷町三丁目24番1号,東京都,八王子市,元本郷町三丁目,24番1号,,議会棟西側3階,35.666478,139.316031,階数,3,5,3,0,2,1,0,1,0,0,0,0,無,無,無,08:30,17:15,,,,原データNO=71 / 原データ所管部課=契約資産部庁舎管理課 / 原データトイレへの誘導路として点字ブロックを敷設している=無 / 原データトイレの位置等を音声で案内している=無
132012,132012T0072,八王子市,本庁舎,ホンチョウシャ,Hachioji City Office,132012,0090003,東京都八王子市元本郷町三丁目24番1号,東京都,八王子市,元本郷町三丁目,24番1号,,議会棟西側4階,35.666478,139.316031,階数,4,5,3,0,2,1,0,1,0,0,0,0,無,無,無,08:30,17:15,,,,原データNO=72 / 原データ所管部課=契約資産部庁舎管理課 / 原データトイレへの誘導路として点字ブロックを敷設している=無 / 原データトイレの位置等を音声で案内している=無
132012,132012T0073,八王子市,本庁舎,ホンチョウシャ,Hachioji City Office,132012,0090003,東京都八王子市元本郷町三丁目24番1号,東京都,八王子市,元本郷町三丁目,24番1号,,議会棟西側5階,35.666478,139.316031,階数,5,4,3,0,1,1,0,1,0,0,0,0,無,無,無,08:30,17:15,,,,原データNO=73 / 原データ所管部課=契約資産部庁舎管理課 / 原データトイレへの誘導路として点字ブロックを敷設している=無 / 原データトイレの位置等を音声で案内している=無
132012,132012T0074,八王子市,本庁舎,ホンチョウシャ,Hachioji City Office,132012,0090003,東京都八王子市元本郷町三丁目24番1号,東京都,八王子市,元本郷町三丁目,24番1号,,議会棟東側B階,35.666478,139.316031,階数,-1,2,1,0,1,1,0,1,0,0,0,0,無,無,無,08:30,17:15,,,,原データNO=74 / 原データ所管部課=契約資産部庁舎管理課 / 原データトイレへの誘導路として点字ブロックを敷設している=無 / 原データトイレの位置等を音声で案内している=無
132012,132012T0075,八王子市,本庁舎,ホンチョウシャ,Hachioji City Office,132012,0090003,東京都八王子市元本郷町三丁目24番1号,東京都,八王子市,元本郷町三丁目,24番1号,,議会棟東側1階,35.666478,139.316031,階数,1,0,0,0,0,4,0,4,0,0,0,0,無,無,無,08:30,17:15,,,,原データNO=75 / 原データ所管部課=契約資産部庁舎管理課 / 原データトイレへの誘導路として点字ブロックを敷設している=無 / 原データトイレの位置等を音声で案内している=無
132012,132012T0076,八王子市,本庁舎,ホンチョウシャ,Hachioji City Office,132012,0090003,東京都八王子市元本郷町三丁目24番1号,東京都,八王子市,元本郷町三丁目,24番1号,,議会棟東側2階,35.666478,139.316031,階数,2,5,3,0,2,2,0,2,0,0,0,0,無,無,無,08:30,17:15,,,,原データNO=76 / 原データ所管部課=契約資産部庁舎管理課 / 原データトイレへの誘導路として点字ブロックを敷設している=無 / 原データトイレの位置等を音声で案内している=無
132012,132012T0077,八王子市,本庁舎,ホンチョウシャ,Hachioji City Office,132012,0090003,東京都八王子市元本郷町三丁目24番1号,東京都,八王子市,元本郷町三丁目,24番1号,,議会棟東側3階,35.666478,139.316031,階数,3,5,3,0,2,2,0,2,0,0,0,0,無,無,無,08:30,17:15,,,,原データNO=77 / 原データ所管部課=契約資産部庁舎管理課 / 原データトイレへの誘導路として点字ブロックを敷設している=無 / 原データトイレの位置等を音声で案内している=無
132012,132012T0078,八王子市,本庁舎,ホンチョウシャ,Hachioji City Office,132012,0090003,東京都八王子市元本郷町三丁目24番1号,東京都,八王子市,元本郷町三丁目,24番1号,,議会棟東側4階,35.666478,139.316031,階数,4,5,3,0,2,2,0,2,0,0,0,0,無,無,無,08:30,17:15,,,,原データNO=78 / 原データ所管部課=契約資産部庁舎管理課 / 原データトイレへの誘導路として点字ブロックを敷設している=無 / 原データトイレの位置等を音声で案内している=無
132012,132012T0079,八王子市,本庁舎,ホンチョウシャ,Hachioji City Office,132012,0090003,東京都八王子市元本郷町三丁目24番1号,東京都,八王子市,元本郷町三丁目,24番1号,,来庁者駐車場,35.6669743476627,139.315229420398,階数,1,5,3,1,1,2,1,1,0,0,0,0,無,無,無,00:00,24:00,,,,原データNO=79 / 原データ所管部課=契約資産部庁舎管理課 / 原データトイレへの誘導路として点字ブロックを敷設している=無 / 原データトイレの位置等を音声で案内している=無
132012,132012T0080,八王子市,浅川事務所,アサカワジムショ,Asakawa branch office,132012,0014000,東京都八王子市高尾町1652番地1号,東京都,八王子市,高尾町,1652番地1号,,1階,35.643548,139.276934,階数,1,5,3,0,2,3,0,3,0,0,0,1,有,無,有,08:30,17:00,年末年始（12月29日～1月3日）は利用できない,,,原データNO=80 / 原データ所管部課=市民部浅川事務所 / 原データトイレへの誘導路として点字ブロックを敷設している=無 / 原データトイレの位置等を音声で案内している=無 / 原データ戸の形式=A.自動引き戸（押しボタン） / 原データ車椅子が出入りできる（出入口の有効幅員80cm以上）=有 / 原データ車椅子が転回できる（直径150cm以上の円が内接できる）=有 / 原データ便座に背もたれがある=無 / 原データ便座に手すりがある=有 / 原データオストメイト用設備がある=有 / 原データオストメイト用設備が温水対応している=有 / 原データ大型ベッドを備えている=有 / 原データ乳幼児用おむつ交換台等を備えている=無 / 原データ乳幼児用椅子を備えている=有 / 原データ非常用呼び出しボタンを設置している=有
132012,132012T0081,八王子市,デジタルフロントスポット長房,デジタルフロントスポットナガブサ,Degital Front Spot Nagabusa,132012,0102000,東京都八王子市長房町450番地,東京都,八王子市,長房町,450番地,,1階,35.650997,139.300425,階数,1,3,2,0,1,2,0,2,0,0,0,1,有,有,有,09:00,16:00,金・土・祝・年末年始（12月29日～1月3日）は利用できない,,,原データNO=81 / 原データ所管部課=市民部デジタルフロントスポット長房 / 原データトイレへの誘導路として点字ブロックを敷設している=無 / 原データトイレの位置等を音声で案内している=無 / 原データ戸の形式=C.手動引き戸 / 原データ車椅子が出入りできる（出入口の有効幅員80cm以上）=有 / 原データ車椅子が転回できる（直径150cm以上の円が内接できる）=有 / 原データ便座に背もたれがある=有 / 原データ便座に手すりがある=有 / 原データオストメイト用設備がある=有 / 原データオストメイト用設備が温水対応している=無 / 原データ大型ベッドを備えている=無 / 原データ乳幼児用おむつ交換台等を備えている=有 / 原データ乳幼児用椅子を備えている=有 / 原データ非常用呼び出しボタンを設置している=有
132012,132012T0083,八王子市,館事務所,タテジムショ,Tate branch office,132012,0062000,東京都八王子市館町156番地,東京都,八王子市,館町,156番地,,1階,35.634513,139.3066,階数,1,4,2,0,2,3,0,3,0,0,0,1,有,有,有,09:00,16:00,年末年始（12月29日～1月3日）は利用できない,,,原データNO=83 / 原データ所管部課=市民部館事務所 / 原データトイレへの誘導路として点字ブロックを敷設している=無 / 原データトイレの位置等を音声で案内している=無 / 原データ戸の形式=C.手動引き戸 / 原データ車椅子が出入りできる（出入口の有効幅員80cm以上）=有 / 原データ車椅子が転回できる（直径150cm以上の円が内接できる）=有 / 原データ便座に背もたれがある=無 / 原データ便座に手すりがある=有 / 原データオストメイト用設備がある=有 / 原データオストメイト用設備が温水対応している=無 / 原データ大型ベッドを備えている=無 / 原データ乳幼児用おむつ交換台等を備えている=有 / 原データ乳幼児用椅子を備えている=有 / 原データ非常用呼び出しボタンを設置している=有
132012,132012T0084,八王子市,館事務所,タテジムショ,Tate branch office,132012,0062000,東京都八王子市館町156番地,東京都,八王子市,館町,156番地,,2階,35.634513,139.3066,階数,2,4,3,0,1,3,1,2,0,0,0,0,無,無,無,08:30,16:00,,,,原データNO=84 / 原データ所管部課=市民部館事務所 / 原データトイレへの誘導路として点字ブロックを敷設している=無 / 原データトイレの位置等を音声で案内している=無
132012,132012T0085,八王子市,由木事務所,ユギジムショ,Yugi Branch Office,132012,0037002,東京都八王子市下柚木二丁目10番地6,東京都,八王子市,下柚木二丁目,10番地6,,事務所入り口右手,35.62708,139.382746,階数,1,4,3,0,1,3,0,3,1,0,1,1,有,有,有,09:00,17:30,月～土(日祝除く)のみ使用可能。年末年始（12/29_翌年1/3）は利用不可。,,,原データNO=85 / 原データ所管部課=市民部由木事務所 / 原データトイレへの誘導路として点字ブロックを敷設している=無 / 原データトイレの位置等を音声で案内している=無 / 原データ戸の形式=C.手動引き戸 / 原データ車椅子が出入りできる（出入口の有効幅員80cm以上）=有 / 原データ車椅子が転回できる（直径150cm以上の円が内接できる）=有 / 原データ便座に背もたれがある=無 / 原データ便座に手すりがある=有 / 原データオストメイト用設備がある=有 / 原データオストメイト用設備が温水対応している=有 / 原データ大型ベッドを備えている=無 / 原データ乳幼児用おむつ交換台等を備えている=有 / 原データ乳幼児用椅子を備えている=有 / 原データ非常用呼び出しボタンを設置している=有
132012,132012T0086,八王子市,由木東事務所,ユギヒガシジムショ,Yugihigashi Branch Office,132012,0041000,東京都八王子市鹿島111番地1号,東京都,八王子市,鹿島,111番地1号,,事務所奥右手,35.634224,139.42151,階数,1,6,4,0,2,3,0,3,1,0,1,1,有,有,有,09:00,17:30,月～土(日祝除く)のみ使用可能。年末年始（12/29_翌年1/3）は利用不可。,,,原データNO=86 / 原データ所管部課=市民部由木東事務所 / 原データトイレへの誘導路として点字ブロックを敷設している=有 / 原データトイレの位置等を音声で案内している=無 / 原データ戸の形式=C.手動引き戸 / 原データ車椅子が出入りできる（出入口の有効幅員80cm以上）=有 / 原データ車椅子が転回できる（直径150cm以上の円が内接できる）=有 / 原データ便座に背もたれがある=有 / 原データ便座に手すりがある=有 / 原データオストメイト用設備がある=有 / 原データオストメイト用設備が温水対応している=有 / 原データ大型ベッドを備えている=無 / 原データ乳幼児用おむつ交換台等を備えている=有 / 原データ乳幼児用椅子を備えている=有 / 原データ非常用呼び出しボタンを設置している=有
132012,132012T0087,八王子市,南大沢事務所,ミナミオオサワジムショ,Minamioosawa  Branch Office,132012,0005002,東京都八王子市南大沢二丁目27番地,東京都,八王子市,南大沢二丁目,27番地,フレスコ南大沢公共棟１階,駅側入り口右手,35.612191,139.379534,階数,1,4,2,0,2,2,0,2,1,0,1,1,有,有,無,10:00,17:00,事務所開庁日(月～金及び日、祝日除く)時のみ使用可能。年末年始（12/29_翌年1/3）は利用不可,,,原データNO=87 / 原データ所管部課=市民部南大沢事務所 / 原データトイレへの誘導路として点字ブロックを敷設している=無 / 原データトイレの位置等を音声で案内している=無 / 原データ戸の形式=A.自動引き戸（押しボタン） / 原データ車椅子が出入りできる（出入口の有効幅員80cm以上）=有 / 原データ車椅子が転回できる（直径150cm以上の円が内接できる）=有 / 原データ便座に背もたれがある=無 / 原データ便座に手すりがある=有 / 原データオストメイト用設備がある=無 / 原データオストメイト用設備が温水対応している=無 / 原データ大型ベッドを備えている=無 / 原データ乳幼児用おむつ交換台等を備えている=有 / 原データ乳幼児用椅子を備えている=有 / 原データ非常用呼び出しボタンを設置している=有
132012,132012T0088,八王子市,元八王子事務所,モトハチオウジジムショ,Motohachioji Branch Office,132012,0028000,東京都八王子市大楽寺町419番地1号,東京都,八王子市,大楽寺町,419番地1号,,1階北側,35.671439,139.293107,階数,1,4,3,0,1,3,0,3,0,0,0,1,有,有,有,09:00,16:00,土・日・祝日・年末年始（12/29～翌年1/3）は利用不可。,https://www.city.hachioji.tokyo.jp/shisei/001/006/001/002/p037425.html,CC BY 4.0,原データNO=88 / 原データ所管部課=市民部元八王子事務所 / 原データトイレへの誘導路として点字ブロックを敷設している=無 / 原データトイレの位置等を音声で案内している=無 / 原データ戸の形式=C.手動引き戸 / 原データ車椅子が出入りできる（出入口の有効幅員80cm以上）=有 / 原データ車椅子が転回できる（直径150cm以上の円が内接できる）=有 / 原データ便座に背もたれがある=有 / 原データ便座に手すりがある=有 / 原データオストメイト用設備がある=有 / 原データオストメイト用設備が温水対応している=無 / 原データ大型ベッドを備えている=無 / 原データ乳幼児用おむつ交換台等を備えている=有 / 原データ乳幼児用椅子を備えている=有 / 原データ非常用呼び出しボタンを設置している=有
132012,132012T0089,八王子市,元八王子事務所,モトハチオウジジムショ,Motohachioji Branch Office,132012,0028000,東京都八王子市大楽寺町419番地1号,東京都,八王子市,大楽寺町,419番地1号,,2階北側,35.671439,139.293107,階数,2,4,3,0,1,3,0,3,0,0,0,0,無,無,無,09:00,16:00,土・日・祝日・年末年始（12/29～翌年1/3）は利用不可。,https://www.city.hachioji.tokyo.jp/shisei/001/006/001/002/p037425.html,CC BY 4.0,原データNO=89 / 原データ所管部課=市民部元八王子事務所 / 原データトイレへの誘導路として点字ブロックを敷設している=無 / 原データトイレの位置等を音声で案内している=無
132012,132012T0090,八王子市,恩方事務所,オンガタジムショ,Ongata Branch Office,132012,0010000,東京都八王子市下恩方町3395番地,東京都,八王子市,下恩方町,3395番地,,1階西側,35.667585,139.24918,階数,1,3,2,0,1,2,0,2,0,0,0,1,有,有,有,09:00,16:00,土・日・祝日・年末年始（12/29～翌年1/3）は利用不可。,https://www.city.hachioji.tokyo.jp/shisei/001/006/001/002/p037425.html,CC BY 4.0,原データNO=90 / 原データ所管部課=市民部恩方事務所 / 原データトイレへの誘導路として点字ブロックを敷設している=無 / 原データトイレの位置等を音声で案内している=無 / 原データ戸の形式=C.手動引き戸 / 原データ車椅子が出入りできる（出入口の有効幅員80cm以上）=有 / 原データ車椅子が転回できる（直径150cm以上の円が内接できる）=有 / 原データ便座に背もたれがある=無 / 原データ便座に手すりがある=有 / 原データオストメイト用設備がある=有 / 原データオストメイト用設備が温水対応している=無 / 原データ大型ベッドを備えている=無 / 原データ乳幼児用おむつ交換台等を備えている=有 / 原データ乳幼児用椅子を備えている=有 / 原データ非常用呼び出しボタンを設置している=有
132012,132012T0091,八王子市,恩方事務所,オンガタジムショ,Ongata Branch Office,132012,0010000,東京都八王子市下恩方町3395番地,東京都,八王子市,下恩方町,3395番地,,2階西側,35.667585,139.24918,階数,2,5,2,0,3,5,0,5,0,0,0,0,無,無,無,-,-,令和8年3月31日に2階老人憩の家は廃止となったため通常は使用不可,,,原データNO=91 / 原データ所管部課=市民部恩方事務所 / 原データトイレへの誘導路として点字ブロックを敷設している=無 / 原データトイレの位置等を音声で案内している=無
132012,132012T0092,八王子市,川口事務所,カワグチジムショ,Kawaguchi Branch Office,132012,0107000,東京都八王子市川口町908番地1号,東京都,八王子市,川口町,908番地1号,,1階西側,35.693019,139.279224,階数,1,4,2,0,2,3,0,3,0,0,0,1,有,有,有,09:00,16:00,土・日・祝日・年末年始（12/29～翌年1/3）は利用不可。,https://www.city.hachioji.tokyo.jp/shisei/001/006/001/002/p037425.html,CC BY 4.0,原データNO=92 / 原データ所管部課=市民部川口事務所 / 原データトイレへの誘導路として点字ブロックを敷設している=無 / 原データトイレの位置等を音声で案内している=無 / 原データ戸の形式=C.手動引き戸 / 原データ車椅子が出入りできる（出入口の有効幅員80cm以上）=有 / 原データ車椅子が転回できる（直径150cm以上の円が内接できる）=有 / 原データ便座に背もたれがある=有 / 原データ便座に手すりがある=有 / 原データオストメイト用設備がある=有 / 原データオストメイト用設備が温水対応している=無 / 原データ大型ベッドを備えている=無 / 原データ乳幼児用おむつ交換台等を備えている=有 / 原データ乳幼児用椅子を備えている=有 / 原データ非常用呼び出しボタンを設置している=有
132012,132012T0093,八王子市,川口事務所,カワグチジムショ,Kawaguchi Branch Office,132012,0107000,東京都八王子市川口町908番地1号,東京都,八王子市,川口町,908番地1号,,2階西側,35.693144,139.279224,階数,2,6,4,0,2,3,0,3,0,0,0,0,無,無,無,09:00,16:00,土・日・祝日・年末年始（12/29～翌年1/3）は利用不可。,https://www.city.hachioji.tokyo.jp/shisei/001/006/001/002/p037425.html,CC BY 4.0,原データNO=93 / 原データ所管部課=市民部川口事務所 / 原データトイレへの誘導路として点字ブロックを敷設している=無 / 原データトイレの位置等を音声で案内している=無
132012,132012T0094,八王子市,加住事務所,カスミジムショ,Kasumi Branch Office,132012,0115001,東京都八王子市加住町一丁目170番2号,東京都,八王子市,加住町一丁目,170番2号,,1階西側,35.700528,139.316154,階数,1,5,3,0,2,3,0,3,0,0,0,1,有,有,有,09:00,16:00,土・日・祝日・年末年始（12/29～翌年1/3）は利用不可。,https://www.city.hachioji.tokyo.jp/shisei/001/006/001/002/p037425.html,CC BY 4.0,原データNO=94 / 原データ所管部課=市民部加住事務所 / 原データトイレへの誘導路として点字ブロックを敷設している=無 / 原データトイレの位置等を音声で案内している=無 / 原データ戸の形式=C.手動引き戸 / 原データ車椅子が出入りできる（出入口の有効幅員80cm以上）=有 / 原データ車椅子が転回できる（直径150cm以上の円が内接できる）=有 / 原データ便座に背もたれがある=有 / 原データ便座に手すりがある=有 / 原データオストメイト用設備がある=有 / 原データオストメイト用設備が温水対応している=有 / 原データ大型ベッドを備えている=無 / 原データ乳幼児用おむつ交換台等を備えている=有 / 原データ乳幼児用椅子を備えている=有 / 原データ非常用呼び出しボタンを設置している=有
132012,132012T0095,八王子市,北野事務所,キタノジムショ,Kitanojimusyo,132012,0079000,東京都八王子市北野町549番地5号,東京都,八王子市,北野町,549番地5号,,建物内1階北側,35.64604,139.35316,階数,1,4,2,1,1,2,1,1,0,0,0,1,有,有,有,09:00,16:00,年末年始(12/29～1/3)を除き通年利用可。,,,原データNO=95 / 原データ所管部課=市民部北野事務所 / 原データトイレへの誘導路として点字ブロックを敷設している=無 / 原データトイレの位置等を音声で案内している=無 / 原データ戸の形式=C.手動引き戸 / 原データ車椅子が出入りできる（出入口の有効幅員80cm以上）=有 / 原データ車椅子が転回できる（直径150cm以上の円が内接できる）=有 / 原データ便座に背もたれがある=無 / 原データ便座に手すりがある=有 / 原データオストメイト用設備がある=有 / 原データオストメイト用設備が温水対応している=無 / 原データ大型ベッドを備えている=有 / 原データ乳幼児用おむつ交換台等を備えている=有 / 原データ乳幼児用椅子を備えている=有 / 原データ非常用呼び出しボタンを設置している=有
132012,132012T0096,八王子市,北野事務所,キタノジムショ,Kitanojimusyo,132012,0079000,東京都八王子市北野町549番地5号,東京都,八王子市,北野町,549番地5号,,建物内2階北側,35.64604,139.35316,階数,2,4,2,1,1,3,1,2,0,0,0,0,無,無,無,09:00,17:00,利用終了時間は集会所の利用状況によって異なります。,,,原データNO=96 / 原データ所管部課=市民部北野事務所 / 原データトイレへの誘導路として点字ブロックを敷設している=無 / 原データトイレの位置等を音声で案内している=無
132012,132012T0097,八王子市,由井事務所,ユイジムショ,Yuijimusyo,132012,0059000,東京都八王子市片倉町119番地4号,東京都,八王子市,片倉町,119番地4号,,建物内東側,35.643254,139.333357,階数,1,4,3,0,1,3,0,3,0,0,0,1,有,有,有,09:00,16:00,年末年始(12/29～1/3)を除き通年利用可。,,,原データNO=97 / 原データ所管部課=市民部由井事務所 / 原データトイレへの誘導路として点字ブロックを敷設している=無 / 原データトイレの位置等を音声で案内している=無 / 原データ戸の形式=C.手動引き戸 / 原データ車椅子が出入りできる（出入口の有効幅員80cm以上）=有 / 原データ車椅子が転回できる（直径150cm以上の円が内接できる）=有 / 原データ便座に背もたれがある=有 / 原データ便座に手すりがある=有 / 原データオストメイト用設備がある=有 / 原データオストメイト用設備が温水対応している=有 / 原データ大型ベッドを備えている=無 / 原データ乳幼児用おむつ交換台等を備えている=有 / 原データ乳幼児用椅子を備えている=有 / 原データ非常用呼び出しボタンを設置している=有
132012,132012T0098,八王子市,由井事務所,ユイジムショ,Yuijimusyo,132012,0059000,東京都八王子市片倉町119番地4号,東京都,八王子市,片倉町,119番地4号,,建物内東側,35.643254,139.333357,階数,2,5,4,0,1,3,0,3,0,0,0,0,無,無,無,09:00,17:00,利用終了時間は集会所の利用状況によって異なります。,,,原データNO=98 / 原データ所管部課=市民部由井事務所 / 原データトイレへの誘導路として点字ブロックを敷設している=無 / 原データトイレの位置等を音声で案内している=無
132012,132012T0099,八王子市,石川事務所,イシカワジムショ,Isikawajimusyo,132012,0020000,東京都八王子市石川町481番地,東京都,八王子市,石川町,481番地,,建物内1階西側待合ロビースペース,35.680731,139.366274,階数,1,3,2,0,1,2,1,1,0,0,0,1,有,有,無,09:00,16:00,年末年始(12/29～1/3)を除き通年利用可。,,,原データNO=99 / 原データ所管部課=市民部石川事務所 / 原データトイレへの誘導路として点字ブロックを敷設している=無 / 原データトイレの位置等を音声で案内している=無 / 原データ戸の形式=C.手動引き戸 / 原データ車椅子が出入りできる（出入口の有効幅員80cm以上）=有 / 原データ車椅子が転回できる（直径150cm以上の円が内接できる）=無 / 原データ便座に背もたれがある=有 / 原データ便座に手すりがある=有 / 原データオストメイト用設備がある=無 / 原データオストメイト用設備が温水対応している=無 / 原データ大型ベッドを備えている=有 / 原データ乳幼児用おむつ交換台等を備えている=有 / 原データ乳幼児用椅子を備えている=有 / 原データ非常用呼び出しボタンを設置している=有
132012,132012T0100,八王子市,石川事務所,イシカワジムショ,Isikawajimusyo,132012,0020000,東京都八王子市石川町481番地,東京都,八王子市,石川町,481番地,,建物内2階,35.680731,139.366274,階数,2,3,2,0,1,3,1,2,0,0,0,0,無,無,無,09:00,17:00,,,,原データNO=100 / 原データ所管部課=市民部石川事務所 / 原データトイレへの誘導路として点字ブロックを敷設している=無 / 原データトイレの位置等を音声で案内している=無
132012,132012T0101,八王子市,石川市民センター,イシカワシミンセンター,Ishikawa Community Center,132012,0020000,東京都八王子市石川町438番地,東京都,八王子市,石川町,438番地,,1階,35.68037,139.364296,階数,1,5,3,0,2,3,0,3,0,0,0,1,有,有,有,09:00,21:30,,,,原データNO=101 / 原データ所管部課=市民活動推進部協働推進課 / 原データトイレへの誘導路として点字ブロックを敷設している=無 / 原データトイレの位置等を音声で案内している=無 / 原データ戸の形式=C.手動引き戸 / 原データ車椅子が出入りできる（出入口の有効幅員80cm以上）=有 / 原データ車椅子が転回できる（直径150cm以上の円が内接できる）=無 / 原データ便座に背もたれがある=有 / 原データ便座に手すりがある=有 / 原データオストメイト用設備がある=有 / 原データオストメイト用設備が温水対応している=有 / 原データ大型ベッドを備えている=無 / 原データ乳幼児用おむつ交換台等を備えている=有 / 原データ乳幼児用椅子を備えている=有 / 原データ非常用呼び出しボタンを設置している=有
132012,132012T0102,八王子市,石川市民センター,イシカワシミンセンター,Ishikawa Community Center,132012,0020000,東京都八王子市石川町438番地,東京都,八王子市,石川町,438番地,,2階,35.680399,139.364385,階数,2,5,3,0,2,3,0,3,0,0,0,1,有,有,無,09:00,21:30,,,,原データNO=102 / 原データ所管部課=市民活動推進部協働推進課 / 原データトイレへの誘導路として点字ブロックを敷設している=有 / 原データトイレの位置等を音声で案内している=無 / 原データ戸の形式=D.手動開き戸 / 原データ車椅子が出入りできる（出入口の有効幅員80cm以上）=有 / 原データ車椅子が転回できる（直径150cm以上の円が内接できる）=無 / 原データ便座に背もたれがある=有 / 原データ便座に手すりがある=有 / 原データオストメイト用設備がある=無 / 原データオストメイト用設備が温水対応している=無 / 原データ大型ベッドを備えている=無 / 原データ乳幼児用おむつ交換台等を備えている=有 / 原データ乳幼児用椅子を備えている=有 / 原データ非常用呼び出しボタンを設置している=有
132012,132012T0103,八王子市,大和田市民センター,オオワダシミンセンター,Owada Community Center,132012,0027005,東京都八王子市大和田町五丁目9番1号,東京都,八王子市,大和田町五丁目,9番1号,,1階,35.663087,139.351874,階数,1,3,2,0,1,2,0,2,0,0,0,1,有,有,有,09:00,21:30,,,,原データNO=103 / 原データ所管部課=市民活動推進部協働推進課 / 原データトイレへの誘導路として点字ブロックを敷設している=無 / 原データトイレの位置等を音声で案内している=無 / 原データ戸の形式=C.手動引き戸 / 原データ車椅子が出入りできる（出入口の有効幅員80cm以上）=有 / 原データ車椅子が転回できる（直径150cm以上の円が内接できる）=無 / 原データ便座に背もたれがある=有 / 原データ便座に手すりがある=有 / 原データオストメイト用設備がある=有 / 原データオストメイト用設備が温水対応している=無 / 原データ大型ベッドを備えている=無 / 原データ乳幼児用おむつ交換台等を備えている=有 / 原データ乳幼児用椅子を備えている=有 / 原データ非常用呼び出しボタンを設置している=有
132012,132012T0104,八王子市,大和田市民センター,オオワダシミンセンター,Owada Community Center,132012,0027005,東京都八王子市大和田町五丁目9番1号,東京都,八王子市,大和田町五丁目,9番1号,,2階,35.663086,139.351874,階数,2,3,2,0,1,2,0,2,0,0,0,1,有,有,有,09:00,21:30,,,,原データNO=104 / 原データ所管部課=市民活動推進部協働推進課 / 原データトイレへの誘導路として点字ブロックを敷設している=無 / 原データトイレの位置等を音声で案内している=無 / 原データ戸の形式=C.手動引き戸 / 原データ車椅子が出入りできる（出入口の有効幅員80cm以上）=有 / 原データ車椅子が転回できる（直径150cm以上の円が内接できる）=無 / 原データ便座に背もたれがある=有 / 原データ便座に手すりがある=有 / 原データオストメイト用設備がある=有 / 原データオストメイト用設備が温水対応している=無 / 原データ大型ベッドを備えている=無 / 原データ乳幼児用おむつ交換台等を備えている=有 / 原データ乳幼児用椅子を備えている=有 / 原データ非常用呼び出しボタンを設置している=有
132012,132012T0105,八王子市,大和田市民センター,オオワダシミンセンター,Owada Community Center,132012,0027005,東京都八王子市大和田町五丁目9番1号,東京都,八王子市,大和田町五丁目,9番1号,,3階,35.663086,139.351874,階数,3,3,2,0,1,2,0,2,0,0,0,1,有,有,有,09:00,21:30,,,,原データNO=105 / 原データ所管部課=市民活動推進部協働推進課 / 原データトイレへの誘導路として点字ブロックを敷設している=無 / 原データトイレの位置等を音声で案内している=無 / 原データ戸の形式=C.手動引き戸 / 原データ車椅子が出入りできる（出入口の有効幅員80cm以上）=有 / 原データ車椅子が転回できる（直径150cm以上の円が内接できる）=無 / 原データ便座に背もたれがある=有 / 原データ便座に手すりがある=有 / 原データオストメイト用設備がある=有 / 原データオストメイト用設備が温水対応している=無 / 原データ大型ベッドを備えている=無 / 原データ乳幼児用おむつ交換台等を備えている=有 / 原データ乳幼児用椅子を備えている=有 / 原データ非常用呼び出しボタンを設置している=有
132012,132012T0106,八王子市,台町市民センター,ダイマチシミンセンター,Daimachi Community Center,132012,0053003,東京都八王子市台町三丁目20番1号,東京都,八王子市,台町三丁目,20番1号,,1階,35.655025,139.320135,階数,1,5,3,0,2,3,0,3,0,0,0,1,有,有,有,09:00,21:30,,,,原データNO=106 / 原データ所管部課=市民活動推進部協働推進課 / 原データトイレへの誘導路として点字ブロックを敷設している=有 / 原データトイレの位置等を音声で案内している=無 / 原データ戸の形式=C.手動引き戸 / 原データ車椅子が出入りできる（出入口の有効幅員80cm以上）=有 / 原データ車椅子が転回できる（直径150cm以上の円が内接できる）=無 / 原データ便座に背もたれがある=有 / 原データ便座に手すりがある=有 / 原データオストメイト用設備がある=有 / 原データオストメイト用設備が温水対応している=有 / 原データ大型ベッドを備えている=無 / 原データ乳幼児用おむつ交換台等を備えている=有 / 原データ乳幼児用椅子を備えている=有 / 原データ非常用呼び出しボタンを設置している=有
132012,132012T0107,八王子市,台町市民センター,ダイマチシミンセンター,Daimachi Community Center,132012,0053003,東京都八王子市台町三丁目20番1号,東京都,八王子市,台町三丁目,20番1号,,2階,35.655053,139.320144,階数,2,5,3,0,2,3,0,3,0,0,0,1,有,有,有,09:00,21:30,,,,原データNO=107 / 原データ所管部課=市民活動推進部協働推進課 / 原データトイレへの誘導路として点字ブロックを敷設している=有 / 原データトイレの位置等を音声で案内している=無 / 原データ戸の形式=C.手動引き戸 / 原データ車椅子が出入りできる（出入口の有効幅員80cm以上）=有 / 原データ車椅子が転回できる（直径150cm以上の円が内接できる）=無 / 原データ便座に背もたれがある=有 / 原データ便座に手すりがある=有 / 原データオストメイト用設備がある=有 / 原データオストメイト用設備が温水対応している=無 / 原データ大型ベッドを備えている=無 / 原データ乳幼児用おむつ交換台等を備えている=有 / 原データ乳幼児用椅子を備えている=有 / 原データ非常用呼び出しボタンを設置している=有
132012,132012T0108,八王子市,中野市民センター,ナカノシミンセンター,Nakano Community Center,132012,0111000,東京都八王子市中野町2726番地7号,東京都,八王子市,中野町,2726番地7号,,1階,35.68181,139.318522,階数,1,4,3,0,1,3,0,3,0,0,0,1,有,無,無,09:00,21:30,,,,原データNO=108 / 原データ所管部課=市民活動推進部協働推進課 / 原データトイレへの誘導路として点字ブロックを敷設している=無 / 原データトイレの位置等を音声で案内している=無 / 原データ戸の形式=C.手動引き戸 / 原データ車椅子が出入りできる（出入口の有効幅員80cm以上）=有 / 原データ車椅子が転回できる（直径150cm以上の円が内接できる）=有 / 原データ便座に背もたれがある=有 / 原データ便座に手すりがある=有 / 原データオストメイト用設備がある=無 / 原データオストメイト用設備が温水対応している=無 / 原データ大型ベッドを備えている=無 / 原データ乳幼児用おむつ交換台等を備えている=無 / 原データ乳幼児用椅子を備えている=有 / 原データ非常用呼び出しボタンを設置している=有
132012,132012T0109,八王子市,中野市民センター,ナカノシミンセンター,Nakano Community Center,132012,0111000,東京都八王子市中野町2726番地7号,東京都,八王子市,中野町,2726番地7号,,2階,35.68181,139.318522,階数,2,4,3,0,1,3,0,3,0,0,0,1,有,無,無,09:00,21:30,,,,原データNO=109 / 原データ所管部課=市民活動推進部協働推進課 / 原データトイレへの誘導路として点字ブロックを敷設している=無 / 原データトイレの位置等を音声で案内している=無 / 原データ戸の形式=C.手動引き戸 / 原データ車椅子が出入りできる（出入口の有効幅員80cm以上）=有 / 原データ車椅子が転回できる（直径150cm以上の円が内接できる）=有 / 原データ便座に背もたれがある=有 / 原データ便座に手すりがある=有 / 原データオストメイト用設備がある=無 / 原データオストメイト用設備が温水対応している=無 / 原データ大型ベッドを備えている=無 / 原データ乳幼児用おむつ交換台等を備えている=無 / 原データ乳幼児用椅子を備えている=有 / 原データ非常用呼び出しボタンを設置している=有
132012,132012T0110,八王子市,浅川市民センター,アサカワシミンセンター,Asakawa Community Center,132012,0014000,東京都八王子市高尾町1652番地1号,東京都,八王子市,高尾町,1652番地1号,,2階,35.643574,139.276945,階数,2,4,2,0,2,2,0,2,0,0,0,1,有,無,有,09:00,21:30,,,,原データNO=110 / 原データ所管部課=市民活動推進部協働推進課 / 原データトイレへの誘導路として点字ブロックを敷設している=無 / 原データトイレの位置等を音声で案内している=無 / 原データ戸の形式=A.自動引き戸（押しボタン） / 原データ車椅子が出入りできる（出入口の有効幅員80cm以上）=有 / 原データ車椅子が転回できる（直径150cm以上の円が内接できる）=有 / 原データ便座に背もたれがある=無 / 原データ便座に手すりがある=有 / 原データオストメイト用設備がある=有 / 原データオストメイト用設備が温水対応している=無 / 原データ大型ベッドを備えている=有 / 原データ乳幼児用おむつ交換台等を備えている=無 / 原データ乳幼児用椅子を備えている=有 / 原データ非常用呼び出しボタンを設置している=有
132012,132012T0111,八王子市,由木中央市民センター,ユギチュウオウシミンセンター,Yugi Chuo Community Center,132012,0037002,東京都八王子市下柚木二丁目10番6号,東京都,八王子市,下柚木二丁目,10番6号,,2階,35.627105,139.38276,階数,2,4,3,0,1,3,0,3,0,0,0,1,有,有,有,09:00,21:30,,,,原データNO=111 / 原データ所管部課=市民活動推進部協働推進課 / 原データトイレへの誘導路として点字ブロックを敷設している=無 / 原データトイレの位置等を音声で案内している=無 / 原データ戸の形式=C.手動引き戸 / 原データ車椅子が出入りできる（出入口の有効幅員80cm以上）=有 / 原データ車椅子が転回できる（直径150cm以上の円が内接できる）=有 / 原データ便座に背もたれがある=無 / 原データ便座に手すりがある=有 / 原データオストメイト用設備がある=有 / 原データオストメイト用設備が温水対応している=無 / 原データ大型ベッドを備えている=無 / 原データ乳幼児用おむつ交換台等を備えている=有 / 原データ乳幼児用椅子を備えている=無 / 原データ非常用呼び出しボタンを設置している=有
132012,132012T0112,八王子市,南大沢市民センター,ミナミオオサワシミンセンター,Minamiosawa Community Center,132012,0005002,東京都八王子市南大沢二丁目27番地,東京都,八王子市,南大沢二丁目,27番地,南大沢総合センター3階,3階,35.612097,139.379362,階数,3,5,3,0,2,3,0,3,0,0,0,1,有,無,無,09:00,21:30,,,,原データNO=112 / 原データ所管部課=市民活動推進部協働推進課 / 原データトイレへの誘導路として点字ブロックを敷設している=有 / 原データトイレの位置等を音声で案内している=無 / 原データ戸の形式=A.自動引き戸（押しボタン） / 原データ車椅子が出入りできる（出入口の有効幅員80cm以上）=有 / 原データ車椅子が転回できる（直径150cm以上の円が内接できる）=有 / 原データ便座に背もたれがある=有 / 原データ便座に手すりがある=有 / 原データオストメイト用設備がある=無 / 原データオストメイト用設備が温水対応している=無 / 原データ大型ベッドを備えている=無 / 原データ乳幼児用おむつ交換台等を備えている=無 / 原データ乳幼児用椅子を備えている=有 / 原データ非常用呼び出しボタンを設置している=有
132012,132012T0113,八王子市,由木東市民センター,ユギヒガシシミンセンター,Yugi Higashi Community Center,132012,0041000,東京都八王子市鹿島111番地1号,東京都,八王子市,鹿島,111番地1号,,2階,35.634192,139.421253,階数,2,5,3,0,2,3,0,3,0,0,0,1,有,有,有,09:00,21:30,,,,原データNO=113 / 原データ所管部課=市民活動推進部協働推進課 / 原データトイレへの誘導路として点字ブロックを敷設している=有 / 原データトイレの位置等を音声で案内している=無 / 原データ戸の形式=C.手動引き戸 / 原データ車椅子が出入りできる（出入口の有効幅員80cm以上）=有 / 原データ車椅子が転回できる（直径150cm以上の円が内接できる）=有 / 原データ便座に背もたれがある=有 / 原データ便座に手すりがある=有 / 原データオストメイト用設備がある=有 / 原データオストメイト用設備が温水対応している=無 / 原データ大型ベッドを備えている=無 / 原データ乳幼児用おむつ交換台等を備えている=有 / 原データ乳幼児用椅子を備えている=有 / 原データ非常用呼び出しボタンを設置している=有
132012,132012T0114,八王子市,長房市民センター,ナガブサシミンセンター,Nagabusa Community Center,132012,0102000,東京都八王子市長房町506番地2号,東京都,八王子市,長房町,506番地2号,,1階,35.650429,139.295245,階数,1,4,3,0,1,2,0,2,0,0,0,1,有,無,有,09:00,21:30,,,,原データNO=114 / 原データ所管部課=市民活動推進部協働推進課 / 原データトイレへの誘導路として点字ブロックを敷設している=無 / 原データトイレの位置等を音声で案内している=無 / 原データ戸の形式=C.手動引き戸 / 原データ車椅子が出入りできる（出入口の有効幅員80cm以上）=有 / 原データ車椅子が転回できる（直径150cm以上の円が内接できる）=有 / 原データ便座に背もたれがある=有 / 原データ便座に手すりがある=有 / 原データオストメイト用設備がある=有 / 原データオストメイト用設備が温水対応している=無 / 原データ大型ベッドを備えている=無 / 原データ乳幼児用おむつ交換台等を備えている=無 / 原データ乳幼児用椅子を備えている=有 / 原データ非常用呼び出しボタンを設置している=有
132012,132012T0115,八王子市,長房市民センター,ナガブサシミンセンター,Nagabusa Community Center,132012,0102000,東京都八王子市長房町506番地2号,東京都,八王子市,長房町,506番地2号,,2階,35.650402,139.295351,階数,2,4,3,0,1,2,0,2,0,0,0,1,有,有,無,09:00,21:30,,,,原データNO=115 / 原データ所管部課=市民活動推進部協働推進課 / 原データトイレへの誘導路として点字ブロックを敷設している=無 / 原データトイレの位置等を音声で案内している=無 / 原データ戸の形式=C.手動引き戸 / 原データ車椅子が出入りできる（出入口の有効幅員80cm以上）=有 / 原データ車椅子が転回できる（直径150cm以上の円が内接できる）=有 / 原データ便座に背もたれがある=有 / 原データ便座に手すりがある=有 / 原データオストメイト用設備がある=無 / 原データオストメイト用設備が温水対応している=無 / 原データ大型ベッドを備えている=無 / 原データ乳幼児用おむつ交換台等を備えている=有 / 原データ乳幼児用椅子を備えている=無 / 原データ非常用呼び出しボタンを設置している=有
132012,132012T0116,八王子市,横山南市民センター,ヨコヤマミナミシミンセンター,Yokoyama Minami Community Center,132012,0064000,東京都八王子市椚田町137番地3号,東京都,八王子市,椚田町,137番地3号,,1階,35.63367,139.310501,階数,1,5,3,1,1,4,2,2,0,0,0,1,有,有,無,09:00,21:30,,,,原データNO=116 / 原データ所管部課=市民活動推進部協働推進課 / 原データトイレへの誘導路として点字ブロックを敷設している=無 / 原データトイレの位置等を音声で案内している=無 / 原データ戸の形式=C.手動引き戸 / 原データ車椅子が出入りできる（出入口の有効幅員80cm以上）=有 / 原データ車椅子が転回できる（直径150cm以上の円が内接できる）=有 / 原データ便座に背もたれがある=無 / 原データ便座に手すりがある=有 / 原データオストメイト用設備がある=無 / 原データオストメイト用設備が温水対応している=無 / 原データ大型ベッドを備えている=無 / 原データ乳幼児用おむつ交換台等を備えている=有 / 原データ乳幼児用椅子を備えている=無 / 原データ非常用呼び出しボタンを設置している=有
132012,132012T0117,八王子市,横山南市民センター,ヨコヤマミナミシミンセンター,Yokoyama Minami Community Center,132012,0064000,東京都八王子市椚田町137番地3号,東京都,八王子市,椚田町,137番地3号,,2階,35.63367,139.310501,階数,2,5,3,1,1,4,2,2,0,0,0,1,有,有,無,09:00,21:30,,,,原データNO=117 / 原データ所管部課=市民活動推進部協働推進課 / 原データトイレへの誘導路として点字ブロックを敷設している=無 / 原データトイレの位置等を音声で案内している=無 / 原データ戸の形式=C.手動引き戸 / 原データ車椅子が出入りできる（出入口の有効幅員80cm以上）=有 / 原データ車椅子が転回できる（直径150cm以上の円が内接できる）=有 / 原データ便座に背もたれがある=無 / 原データ便座に手すりがある=有 / 原データオストメイト用設備がある=無 / 原データオストメイト用設備が温水対応している=無 / 原データ大型ベッドを備えている=無 / 原データ乳幼児用おむつ交換台等を備えている=有 / 原データ乳幼児用椅子を備えている=無 / 原データ非常用呼び出しボタンを設置している=有
132012,132012T0118,八王子市,元八王子市民センター,モトハチオウジシミンセンター,Motohachioji Community Center,132012,0113000,東京都八王子市上壱分方町747番地1号,東京都,八王子市,上壱分方町,747番地1号,,1階,35.683195,139.286287,階数,1,5,3,0,2,3,0,3,0,0,0,1,有,有,有,09:00,21:30,,,,原データNO=118 / 原データ所管部課=市民活動推進部協働推進課 / 原データトイレへの誘導路として点字ブロックを敷設している=無 / 原データトイレの位置等を音声で案内している=無 / 原データ戸の形式=C.手動引き戸 / 原データ車椅子が出入りできる（出入口の有効幅員80cm以上）=有 / 原データ車椅子が転回できる（直径150cm以上の円が内接できる）=有 / 原データ便座に背もたれがある=有 / 原データ便座に手すりがある=有 / 原データオストメイト用設備がある=有 / 原データオストメイト用設備が温水対応している=無 / 原データ大型ベッドを備えている=無 / 原データ乳幼児用おむつ交換台等を備えている=有 / 原データ乳幼児用椅子を備えている=有 / 原データ非常用呼び出しボタンを設置している=有
132012,132012T0119,八王子市,元八王子市民センター,モトハチオウジシミンセンター,Motohachioji Community Center,132012,0113000,東京都八王子市上壱分方町747番地1号,東京都,八王子市,上壱分方町,747番地1号,,2階,35.683195,139.286287,階数,2,5,3,0,2,3,0,3,0,0,0,1,有,有,有,09:00,21:30,,,,原データNO=119 / 原データ所管部課=市民活動推進部協働推進課 / 原データトイレへの誘導路として点字ブロックを敷設している=無 / 原データトイレの位置等を音声で案内している=無 / 原データ戸の形式=C.手動引き戸 / 原データ車椅子が出入りできる（出入口の有効幅員80cm以上）=有 / 原データ車椅子が転回できる（直径150cm以上の円が内接できる）=有 / 原データ便座に背もたれがある=有 / 原データ便座に手すりがある=有 / 原データオストメイト用設備がある=有 / 原データオストメイト用設備が温水対応している=無 / 原データ大型ベッドを備えている=無 / 原データ乳幼児用おむつ交換台等を備えている=有 / 原データ乳幼児用椅子を備えている=有 / 原データ非常用呼び出しボタンを設置している=有
132012,132012T0120,八王子市,恩方市民センター,オンガタシミンセンター,Ongata Community Center,132012,0023000,東京都八王子市西寺方町260番地4号,東京都,八王子市,西寺方町,260番地4号,,1階,35.673896,139.268545,階数,1,5,3,0,2,4,0,4,0,0,0,1,無,無,無,09:00,21:30,,,,原データNO=120 / 原データ所管部課=市民活動推進部協働推進課 / 原データトイレへの誘導路として点字ブロックを敷設している=無 / 原データトイレの位置等を音声で案内している=無 / 原データ車椅子が出入りできる（出入口の有効幅員80cm以上）=無 / 原データ車椅子が転回できる（直径150cm以上の円が内接できる）=無 / 原データ便座に背もたれがある=無 / 原データ便座に手すりがある=無 / 原データオストメイト用設備がある=無 / 原データオストメイト用設備が温水対応している=無 / 原データ大型ベッドを備えている=無 / 原データ乳幼児用おむつ交換台等を備えている=無 / 原データ乳幼児用椅子を備えている=無 / 原データ非常用呼び出しボタンを設置している=無
132012,132012T0121,八王子市,恩方市民センター,オンガタシミンセンター,Ongata Community Center,132012,0023000,東京都八王子市西寺方町260番地4号,東京都,八王子市,西寺方町,260番地4号,,2階,35.673896,139.268545,階数,2,5,3,0,2,4,0,4,0,0,0,1,無,無,無,09:00,21:30,,,,原データNO=121 / 原データ所管部課=市民活動推進部協働推進課 / 原データトイレへの誘導路として点字ブロックを敷設している=無 / 原データトイレの位置等を音声で案内している=無 / 原データ車椅子が出入りできる（出入口の有効幅員80cm以上）=無 / 原データ車椅子が転回できる（直径150cm以上の円が内接できる）=無 / 原データ便座に背もたれがある=無 / 原データ便座に手すりがある=無 / 原データオストメイト用設備がある=無 / 原データオストメイト用設備が温水対応している=無 / 原データ大型ベッドを備えている=無 / 原データ乳幼児用おむつ交換台等を備えている=無 / 原データ乳幼児用椅子を備えている=無 / 原データ非常用呼び出しボタンを設置している=無
132012,132012T0122,八王子市,川口やまゆり館,カワグチヤマユリカン,Kawaguchi　Yamayuri-Kan,132012,0107000,東京都八王子市川口町3838番地,東京都,八王子市,川口町,3838番地,川口やまゆり館,エントランス1階東側,35.686559,139.299113,階数,1,7,5,0,2,4,0,4,0,0,0,1,有,無,有,09:00,21:30,第2・４月曜日は休館（祝日の場合は開）,https://www.city.hachioji.tokyo.jp/shisei/001/006/001/002/p037425.html,CC BY 4.0,原データNO=122 / 原データ所管部課=生涯学習スポーツ部図書館課 / 原データトイレへの誘導路として点字ブロックを敷設している=有 / 原データトイレの位置等を音声で案内している=無 / 原データ戸の形式=C.手動引き戸 / 原データ車椅子が出入りできる（出入口の有効幅員80cm以上）=有 / 原データ車椅子が転回できる（直径150cm以上の円が内接できる）=有 / 原データ便座に背もたれがある=無 / 原データ便座に手すりがある=有 / 原データオストメイト用設備がある=無 / 原データオストメイト用設備が温水対応している=無 / 原データ大型ベッドを備えている=無 / 原データ乳幼児用おむつ交換台等を備えている=無 / 原データ乳幼児用椅子を備えている=有 / 原データ非常用呼び出しボタンを設置している=有
132012,132012T0123,八王子市,川口やまゆり館,カワグチヤマユリカン,Kawaguchi　Yamayuri-Kan,132012,0107000,東京都八王子市川口町3838番地,東京都,八王子市,川口町,3838番地,川口やまゆり館,2階生涯学習センター入り口前,35.686559,139.299113,階数,2,7,5,0,2,4,0,4,0,0,0,1,有,無,有,09:00,21:30,第2・4月曜日は休館（祝日の場合は開）,https://www.city.hachioji.tokyo.jp/shisei/001/006/001/002/p037425.html,CC BY 4.0,原データNO=123 / 原データ所管部課=生涯学習スポーツ部図書館課 / 原データトイレへの誘導路として点字ブロックを敷設している=有 / 原データトイレの位置等を音声で案内している=無 / 原データ戸の形式=C.手動引き戸 / 原データ車椅子が出入りできる（出入口の有効幅員80cm以上）=有 / 原データ車椅子が転回できる（直径150cm以上の円が内接できる）=有 / 原データ便座に背もたれがある=無 / 原データ便座に手すりがある=有 / 原データオストメイト用設備がある=無 / 原データオストメイト用設備が温水対応している=無 / 原データ大型ベッドを備えている=無 / 原データ乳幼児用おむつ交換台等を備えている=無 / 原データ乳幼児用椅子を備えている=有 / 原データ非常用呼び出しボタンを設置している=有
132012,132012T0124,八王子市,加住市民センター,カスミシミンセンター,Kasumi Community Center,132012,0115001,東京都八王子市加住町一丁目338番地,東京都,八王子市,加住町一丁目,338番地,,1階,35.699437,139.324165,階数,1,5,3,1,1,3,1,2,0,0,0,1,有,無,無,09:00,21:30,,,,原データNO=124 / 原データ所管部課=市民活動推進部協働推進課 / 原データトイレへの誘導路として点字ブロックを敷設している=有 / 原データトイレの位置等を音声で案内している=無 / 原データ戸の形式=C.手動引き戸 / 原データ車椅子が出入りできる（出入口の有効幅員80cm以上）=有 / 原データ車椅子が転回できる（直径150cm以上の円が内接できる）=有 / 原データ便座に背もたれがある=無 / 原データ便座に手すりがある=有 / 原データオストメイト用設備がある=無 / 原データオストメイト用設備が温水対応している=無 / 原データ大型ベッドを備えている=無 / 原データ乳幼児用おむつ交換台等を備えている=無 / 原データ乳幼児用椅子を備えている=無 / 原データ非常用呼び出しボタンを設置している=有
132012,132012T0125,八王子市,加住市民センター,カスミシミンセンター,Kasumi Community Center,132012,0115001,東京都八王子市加住町一丁目338番地,東京都,八王子市,加住町一丁目,338番地,,2階,35.699437,139.324165,階数,2,5,3,1,1,3,1,2,0,0,0,1,有,無,無,09:00,21:30,,,,原データNO=125 / 原データ所管部課=市民活動推進部協働推進課 / 原データトイレへの誘導路として点字ブロックを敷設している=有 / 原データトイレの位置等を音声で案内している=無 / 原データ戸の形式=C.手動引き戸 / 原データ車椅子が出入りできる（出入口の有効幅員80cm以上）=有 / 原データ車椅子が転回できる（直径150cm以上の円が内接できる）=有 / 原データ便座に背もたれがある=無 / 原データ便座に手すりがある=有 / 原データオストメイト用設備がある=無 / 原データオストメイト用設備が温水対応している=無 / 原データ大型ベッドを備えている=無 / 原データ乳幼児用おむつ交換台等を備えている=無 / 原データ乳幼児用椅子を備えている=無 / 原データ非常用呼び出しボタンを設置している=有
132012,132012T0126,八王子市,由井市民センター,ユイシミンセンター,Yui Community Center,132012,0059000,東京都八王子市片倉町702番地1号,東京都,八王子市,片倉町,702番地1号,,1階,35.641324,139.340335,階数,1,5,3,0,2,2,0,2,0,0,0,1,有,有,有,09:00,21:30,,,,原データNO=126 / 原データ所管部課=市民活動推進部協働推進課 / 原データトイレへの誘導路として点字ブロックを敷設している=有 / 原データトイレの位置等を音声で案内している=無 / 原データ戸の形式=C.手動引き戸 / 原データ車椅子が出入りできる（出入口の有効幅員80cm以上）=有 / 原データ車椅子が転回できる（直径150cm以上の円が内接できる）=有 / 原データ便座に背もたれがある=有 / 原データ便座に手すりがある=有 / 原データオストメイト用設備がある=有 / 原データオストメイト用設備が温水対応している=無 / 原データ大型ベッドを備えている=無 / 原データ乳幼児用おむつ交換台等を備えている=有 / 原データ乳幼児用椅子を備えている=有 / 原データ非常用呼び出しボタンを設置している=有
132012,132012T0127,八王子市,由井市民センター,ユイシミンセンター,Yui Community Center,132012,0059000,東京都八王子市片倉町702番地1号,東京都,八王子市,片倉町,702番地1号,,2階,35.641324,139.340335,階数,2,5,3,0,2,2,0,2,0,0,0,1,有,有,有,09:00,21:30,,,,原データNO=127 / 原データ所管部課=市民活動推進部協働推進課 / 原データトイレへの誘導路として点字ブロックを敷設している=有 / 原データトイレの位置等を音声で案内している=無 / 原データ戸の形式=C.手動引き戸 / 原データ車椅子が出入りできる（出入口の有効幅員80cm以上）=有 / 原データ車椅子が転回できる（直径150cm以上の円が内接できる）=有 / 原データ便座に背もたれがある=有 / 原データ便座に手すりがある=有 / 原データオストメイト用設備がある=有 / 原データオストメイト用設備が温水対応している=無 / 原データ大型ベッドを備えている=無 / 原データ乳幼児用おむつ交換台等を備えている=有 / 原データ乳幼児用椅子を備えている=無 / 原データ非常用呼び出しボタンを設置している=有
132012,132012T0128,八王子市,由井市民センターみなみ野分館,ユイシミンセンターミナミノブンカン,Yui Community Center Minamino Branch,132012,0048001,東京都八王子市みなみ野一丁目7番1号,東京都,八王子市,みなみ野一丁目,7番1号,片柳学園第三学生会館２階,1階,35.632444,139.328281,階数,1,0,0,0,0,0,0,0,0,0,0,1,有,無,無,09:00,21:30,,,,原データNO=128 / 原データ所管部課=市民活動推進部協働推進課 / 原データトイレへの誘導路として点字ブロックを敷設している=無 / 原データトイレの位置等を音声で案内している=無 / 原データ戸の形式=C.手動引き戸 / 原データ車椅子が出入りできる（出入口の有効幅員80cm以上）=有 / 原データ車椅子が転回できる（直径150cm以上の円が内接できる）=無 / 原データ便座に背もたれがある=無 / 原データ便座に手すりがある=有 / 原データオストメイト用設備がある=無 / 原データオストメイト用設備が温水対応している=無 / 原データ大型ベッドを備えている=無 / 原データ乳幼児用おむつ交換台等を備えている=無 / 原データ乳幼児用椅子を備えている=有 / 原データ非常用呼び出しボタンを設置している=有
132012,132012T0129,八王子市,北野市民センター,キタノシミンセンター,Kitano Community Center,132012,0079000,東京都八王子市北野町545番地3号,東京都,八王子市,北野町,545番地3号,きたのタウンビル7.8階,7階,35.645373,139.354628,階数,7,5,3,0,2,3,0,3,0,0,0,1,有,無,有,09:00,21:30,,,,原データNO=129 / 原データ所管部課=市民活動推進部協働推進課 / 原データトイレへの誘導路として点字ブロックを敷設している=無 / 原データトイレの位置等を音声で案内している=無 / 原データ戸の形式=C.手動引き戸 / 原データ車椅子が出入りできる（出入口の有効幅員80cm以上）=有 / 原データ車椅子が転回できる（直径150cm以上の円が内接できる）=有 / 原データ便座に背もたれがある=無 / 原データ便座に手すりがある=有 / 原データオストメイト用設備がある=有 / 原データオストメイト用設備が温水対応している=無 / 原データ大型ベッドを備えている=有 / 原データ乳幼児用おむつ交換台等を備えている=無 / 原データ乳幼児用椅子を備えている=有 / 原データ非常用呼び出しボタンを設置している=有
132012,132012T0130,八王子市,北野市民センター,キタノシミンセンター,Kitano Community Center,132012,0079000,東京都八王子市北野町545番地3号,東京都,八王子市,北野町,545番地3号,きたのタウンビル7.8階,8階,35.645373,139.354628,階数,8,8,5,0,3,6,0,6,0,0,0,1,有,無,有,09:00,21:30,,,,原データNO=130 / 原データ所管部課=市民活動推進部協働推進課 / 原データトイレへの誘導路として点字ブロックを敷設している=無 / 原データトイレの位置等を音声で案内している=無 / 原データ戸の形式=C.手動引き戸 / 原データ車椅子が出入りできる（出入口の有効幅員80cm以上）=有 / 原データ車椅子が転回できる（直径150cm以上の円が内接できる）=有 / 原データ便座に背もたれがある=無 / 原データ便座に手すりがある=有 / 原データオストメイト用設備がある=有 / 原データオストメイト用設備が温水対応している=無 / 原データ大型ベッドを備えている=有 / 原データ乳幼児用おむつ交換台等を備えている=無 / 原データ乳幼児用椅子を備えている=有 / 原データ非常用呼び出しボタンを設置している=有
132012,132012T0131,八王子市,長房ふれあい館,ナガフサフレアイカン,Nagafusafureaikan,132012,0102000,東京都八王子市長房町588番地,東京都,八王子市,長房町,588番地,都営長房アパート西1号棟1階,1階,35.653178,139.291951,階数,1,13,8,2,3,8,3,5,1,0,1,1,有,有,無,09:00,21:30,,,,原データNO=131 / 原データ所管部課=市民活動推進部協働推進課 / 原データトイレへの誘導路として点字ブロックを敷設している=無 / 原データトイレの位置等を音声で案内している=無 / 原データ戸の形式=A.自動引き戸（押しボタン） / 原データ車椅子が出入りできる（出入口の有効幅員80cm以上）=有 / 原データ車椅子が転回できる（直径150cm以上の円が内接できる）=有 / 原データ便座に背もたれがある=無 / 原データ便座に手すりがある=有 / 原データオストメイト用設備がある=無 / 原データオストメイト用設備が温水対応している=無 / 原データ大型ベッドを備えている=有 / 原データ乳幼児用おむつ交換台等を備えている=有 / 原データ乳幼児用椅子を備えている=無 / 原データ非常用呼び出しボタンを設置している=有
132012,132012T0132,八王子市,中央図書館,チュウオウトショカン,Central library,132012,0096003,東京都八王子市千人町三丁目3番6号,東京都,八王子市,千人町三丁目,3番6号,八王子市中央図書館,B1F,35.657242,139.310629,階数,1,3,2,0,1,2,0,2,0,0,0,1,有,有,有,10:00,19:00,,,,原データNO=132 / 原データ所管部課=生涯学習スポーツ部図書館課 / 原データトイレへの誘導路として点字ブロックを敷設している=無 / 原データトイレの位置等を音声で案内している=無 / 原データ戸の形式=A.自動引き戸（押しボタン） / 原データ車椅子が出入りできる（出入口の有効幅員80cm以上）=有 / 原データ車椅子が転回できる（直径150cm以上の円が内接できる）=有 / 原データ便座に背もたれがある=有 / 原データ便座に手すりがある=有 / 原データオストメイト用設備がある=有 / 原データオストメイト用設備が温水対応している=有 / 原データ大型ベッドを備えている=無 / 原データ乳幼児用おむつ交換台等を備えている=有 / 原データ乳幼児用椅子を備えている=有 / 原データ非常用呼び出しボタンを設置している=有
132012,132012T0133,八王子市,中央図書館,チュウオウトショカン,Central library,132012,0096003,東京都八王子市千人町三丁目3番6号,東京都,八王子市,千人町三丁目,3番6号,八王子市中央図書館,1F,35.657242,139.310629,階数,2,3,2,0,1,2,0,2,0,0,0,1,有,有,無,10:00,19:00,,,,原データNO=133 / 原データ所管部課=生涯学習スポーツ部図書館課 / 原データトイレへの誘導路として点字ブロックを敷設している=無 / 原データトイレの位置等を音声で案内している=無 / 原データ戸の形式=A.自動引き戸（押しボタン） / 原データ車椅子が出入りできる（出入口の有効幅員80cm以上）=有 / 原データ車椅子が転回できる（直径150cm以上の円が内接できる）=有 / 原データ便座に背もたれがある=有 / 原データ便座に手すりがある=有 / 原データオストメイト用設備がある=無 / 原データオストメイト用設備が温水対応している=無 / 原データ大型ベッドを備えている=無 / 原データ乳幼児用おむつ交換台等を備えている=有 / 原データ乳幼児用椅子を備えている=有 / 原データ非常用呼び出しボタンを設置している=有
132012,132012T0134,八王子市,中央図書館,チュウオウトショカン,Central library,132012,0096003,東京都八王子市千人町三丁目3番6号,東京都,八王子市,千人町三丁目,3番6号,八王子市中央図書館,2F,35.657242,139.310629,階数,3,3,2,0,1,2,0,2,0,0,0,1,有,有,無,10:00,19:00,,,,原データNO=134 / 原データ所管部課=生涯学習スポーツ部図書館課 / 原データトイレへの誘導路として点字ブロックを敷設している=無 / 原データトイレの位置等を音声で案内している=無 / 原データ戸の形式=A.自動引き戸（押しボタン） / 原データ車椅子が出入りできる（出入口の有効幅員80cm以上）=有 / 原データ車椅子が転回できる（直径150cm以上の円が内接できる）=有 / 原データ便座に背もたれがある=有 / 原データ便座に手すりがある=有 / 原データオストメイト用設備がある=無 / 原データオストメイト用設備が温水対応している=無 / 原データ大型ベッドを備えている=無 / 原データ乳幼児用おむつ交換台等を備えている=有 / 原データ乳幼児用椅子を備えている=有 / 原データ非常用呼び出しボタンを設置している=有
132012,132012T0135,八王子市,中央図書館,チュウオウトショカン,Central library,132012,0096003,東京都八王子市千人町三丁目3番6号,東京都,八王子市,千人町三丁目,3番6号,八王子市中央図書館,3F,35.657242,139.310629,階数,-1,3,2,0,1,2,0,2,0,0,0,1,有,有,無,10:00,19:00,,,,原データNO=135 / 原データ所管部課=生涯学習スポーツ部図書館課 / 原データトイレへの誘導路として点字ブロックを敷設している=無 / 原データトイレの位置等を音声で案内している=無 / 原データ戸の形式=C.手動引き戸 / 原データ車椅子が出入りできる（出入口の有効幅員80cm以上）=有 / 原データ車椅子が転回できる（直径150cm以上の円が内接できる）=有 / 原データ便座に背もたれがある=有 / 原データ便座に手すりがある=有 / 原データオストメイト用設備がある=無 / 原データオストメイト用設備が温水対応している=無 / 原データ大型ベッドを備えている=無 / 原データ乳幼児用おむつ交換台等を備えている=有 / 原データ乳幼児用椅子を備えている=有 / 原データ非常用呼び出しボタンを設置している=有
132012,132012T0136,八王子市,八王子城跡,ハチオウジジョウアト,Ｈａｃｈｉｏｊｉ Castle Ruins,132012,0011003,東京都八王子市元八王子町三丁目2715番2号,東京都,八王子市,元八王子町三丁目,2715番2号,国史跡八王子城跡管理棟,管理棟西側,35.65475,139.259553,階数,1,3,2,0,1,3,0,3,0,0,0,1,有,有,有,08:30,17:00,,https://www.city.hachioji.tokyo.jp/shisei/001/006/001/002/p037425.html,CC BY 4.0,原データNO=136 / 原データ所管部課=生涯学習スポーツ部文化財課 / 原データトイレへの誘導路として点字ブロックを敷設している=無 / 原データトイレの位置等を音声で案内している=無 / 原データ戸の形式=C.手動引き戸 / 原データ車椅子が出入りできる（出入口の有効幅員80cm以上）=有 / 原データ車椅子が転回できる（直径150cm以上の円が内接できる）=有 / 原データ便座に背もたれがある=有 / 原データ便座に手すりがある=有 / 原データオストメイト用設備がある=有 / 原データオストメイト用設備が温水対応している=有 / 原データ大型ベッドを備えている=無 / 原データ乳幼児用おむつ交換台等を備えている=有 / 原データ乳幼児用椅子を備えている=有 / 原データ非常用呼び出しボタンを設置している=有
132012,132012T0137,八王子市,八王子城跡,ハチオウジジョウアト,Ｈａｃｈｉｏｊｉ Castle Ruins,132012,0011003,東京都八王子市元八王子町三丁目2664番2号,東京都,八王子市,元八王子町三丁目,2664番2号,国史跡八王子城跡ガイダンス施設,展示スペース東側,35.65592,139.261686,階数,1,6,4,0,2,4,0,4,0,0,0,1,有,有,有,09:00,17:00,年末年始及び臨時休館日は利用できない,https://www.city.hachioji.tokyo.jp/shisei/001/006/001/002/p037425.html,CC BY 4.0,原データNO=137 / 原データ所管部課=生涯学習スポーツ部文化財課 / 原データトイレへの誘導路として点字ブロックを敷設している=有 / 原データトイレの位置等を音声で案内している=無 / 原データ戸の形式=A.自動引き戸（押しボタン） / 原データ車椅子が出入りできる（出入口の有効幅員80cm以上）=有 / 原データ車椅子が転回できる（直径150cm以上の円が内接できる）=有 / 原データ便座に背もたれがある=有 / 原データ便座に手すりがある=有 / 原データオストメイト用設備がある=有 / 原データオストメイト用設備が温水対応している=有 / 原データ大型ベッドを備えている=有 / 原データ乳幼児用おむつ交換台等を備えている=有 / 原データ乳幼児用椅子を備えている=有 / 原データ非常用呼び出しボタンを設置している=有
132012,132012T0138,八王子市,絹の道資料館,キヌノミチシリョウカン,The Silk Road Museum,132012,0050000,東京都八王子市鑓水989番地2号,東京都,八王子市,鑓水,989番地2号,八王子市絹の道資料館,館内入り口右手,35.61838,139.354801,階数,1,4,3,0,1,3,1,2,0,0,0,1,有,無,無,09:00,17:00,3月～10月は9：00～17：00、11月～2月は9：00～16：30。また、休館日（毎週月曜日、月曜日が祝日の場合は翌日の火曜日）及び年末年始は利用できない。,,,原データNO=138 / 原データ所管部課=生涯学習スポーツ部文化財課 / 原データトイレへの誘導路として点字ブロックを敷設している=無 / 原データトイレの位置等を音声で案内している=無 / 原データ戸の形式=C.手動引き戸 / 原データ車椅子が出入りできる（出入口の有効幅員80cm以上）=有 / 原データ車椅子が転回できる（直径150cm以上の円が内接できる）=有 / 原データ便座に背もたれがある=有 / 原データ便座に手すりがある=有 / 原データオストメイト用設備がある=無 / 原データオストメイト用設備が温水対応している=無 / 原データ大型ベッドを備えている=無 / 原データ乳幼児用おむつ交換台等を備えている=無 / 原データ乳幼児用椅子を備えている=無 / 原データ非常用呼び出しボタンを設置している=有
132012,132012T0139,八王子市,高尾599ミュージアム,タカオゴ―キューキューミュージアム,TAKAO　599　MUSEUM,132012,0014000,東京都八王子市高尾町2435番地3号,東京都,八王子市,高尾町,2435番地3号,高尾599ミュージアム,1階,35.630427,139.268765,階数,1,8,6,0,2,5,0,5,0,0,0,1,有,有,有,08:00,17:00,4月～11月は左記のとおり（12月～3月は、8時～16時）,,,原データNO=139 / 原データ所管部課=産業振興部観光課 / 原データトイレへの誘導路として点字ブロックを敷設している=無 / 原データトイレの位置等を音声で案内している=無 / 原データ戸の形式=C.手動引き戸 / 原データ車椅子が出入りできる（出入口の有効幅員80cm以上）=有 / 原データ車椅子が転回できる（直径150cm以上の円が内接できる）=有 / 原データ便座に背もたれがある=有 / 原データ便座に手すりがある=有 / 原データオストメイト用設備がある=有 / 原データオストメイト用設備が温水対応している=有 / 原データ大型ベッドを備えている=無 / 原データ乳幼児用おむつ交換台等を備えている=有 / 原データ乳幼児用椅子を備えている=無 / 原データ非常用呼び出しボタンを設置している=有
132012,132012T0140,八王子市,高尾599ミュージアム,タカオゴ―キューキューミュージアム,TAKAO　599　MUSEUM,132012,0014000,東京都八王子市高尾町2435番地3号,東京都,八王子市,高尾町,2435番地3号,高尾599ミュージアム,2階,35.630427,139.268765,階数,2,3,2,0,1,2,0,2,0,0,0,1,有,有,無,08:00,17:00,4月～11月は左記のとおり（12月～3月は、8時～16時）,,,原データNO=140 / 原データ所管部課=産業振興部観光課 / 原データトイレへの誘導路として点字ブロックを敷設している=無 / 原データトイレの位置等を音声で案内している=無 / 原データ戸の形式=C.手動引き戸 / 原データ車椅子が出入りできる（出入口の有効幅員80cm以上）=有 / 原データ車椅子が転回できる（直径150cm以上の円が内接できる）=無 / 原データ便座に背もたれがある=無 / 原データ便座に手すりがある=有 / 原データオストメイト用設備がある=無 / 原データオストメイト用設備が温水対応している=無 / 原データ大型ベッドを備えている=無 / 原データ乳幼児用おむつ交換台等を備えている=無 / 原データ乳幼児用椅子を備えている=無 / 原データ非常用呼び出しボタンを設置している=有
132012,132012T0141,八王子市,夕やけ小やけふれあいの里,ユウヤケコヤケフレアイノサト,Yuyake Koyake Fureai no Sato,132012,0032000,東京都八王子市上恩方町2030番地,東京都,八王子市,上恩方町,2030番地,夕やけ小やけふれあいの里（ｵﾝｶﾞﾀVIEW裏）,1階,35.669592,139.216466,階数,1,5,4,1,0,4,2,2,0,0,0,1,有,無,無,00:00,23:59,,https://www.city.hachioji.tokyo.jp/shisei/001/006/001/002/p037425.html,CC BY 4.0,原データNO=141 / 原データ所管部課=産業振興部観光課 / 原データトイレへの誘導路として点字ブロックを敷設している=無 / 原データトイレの位置等を音声で案内している=無 / 原データ戸の形式=C.手動引き戸 / 原データ車椅子が出入りできる（出入口の有効幅員80cm以上）=有 / 原データ車椅子が転回できる（直径150cm以上の円が内接できる）=有 / 原データ便座に背もたれがある=無 / 原データ便座に手すりがある=有 / 原データオストメイト用設備がある=無 / 原データオストメイト用設備が温水対応している=無 / 原データ大型ベッドを備えている=無 / 原データ乳幼児用おむつ交換台等を備えている=無 / 原データ乳幼児用椅子を備えている=無 / 原データ非常用呼び出しボタンを設置している=有
132012,132012T0151,八王子市,南大沢文化会館,ミナミオオサワブンカカイカン,Minamioosawa Caltural Hall,132012,0005002,東京都八王子市南大沢二丁目27番地,東京都,八王子市,南大沢二丁目,27番地,フレスコ南大沢,入口ロビー,35.611632,139.37987,階数,1,1,0,0,1,1,0,1,0,0,0,1,有,無,無,08:30,22:00,月曜休館　休日のときは翌平日,,,原データNO=151 / 原データ所管部課=市民活動推進部学園都市文化課 / 原データトイレへの誘導路として点字ブロックを敷設している=有 / 原データトイレの位置等を音声で案内している=無 / 原データ戸の形式=A.自動引き戸（押しボタン） / 原データ車椅子が出入りできる（出入口の有効幅員80cm以上）=有 / 原データ車椅子が転回できる（直径150cm以上の円が内接できる）=有 / 原データ便座に背もたれがある=有 / 原データ便座に手すりがある=有 / 原データオストメイト用設備がある=無 / 原データオストメイト用設備が温水対応している=無 / 原データ大型ベッドを備えている=無 / 原データ乳幼児用おむつ交換台等を備えている=無 / 原データ乳幼児用椅子を備えている=有 / 原データ非常用呼び出しボタンを設置している=有
132012,132012T0152,八王子市,南大沢文化会館,ミナミオオサワブンカカイカン,Minamioosawa Caltural Hall,132012,0005002,東京都八王子市南大沢二丁目27番地,東京都,八王子市,南大沢二丁目,27番地,フレスコ南大沢,主ホール下手通路,35.611434,139.379816,階数,1,9,6,0,3,9,0,9,0,0,0,1,有,無,無,08:30,22:00,月曜休館　休日のときは翌平日,,,原データNO=152 / 原データ所管部課=市民活動推進部学園都市文化課 / 原データトイレへの誘導路として点字ブロックを敷設している=無 / 原データトイレの位置等を音声で案内している=無 / 原データ戸の形式=A.自動引き戸（押しボタン） / 原データ車椅子が出入りできる（出入口の有効幅員80cm以上）=有 / 原データ車椅子が転回できる（直径150cm以上の円が内接できる）=有 / 原データ便座に背もたれがある=無 / 原データ便座に手すりがある=有 / 原データオストメイト用設備がある=無 / 原データオストメイト用設備が温水対応している=無 / 原データ大型ベッドを備えている=無 / 原データ乳幼児用おむつ交換台等を備えている=無 / 原データ乳幼児用椅子を備えている=有 / 原データ非常用呼び出しボタンを設置している=有
132012,132012T0153,八王子市,南大沢文化会館,ミナミオオサワブンカカイカン,Minamioosawa Caltural Hall,132012,0005002,東京都八王子市南大沢二丁目27番地,東京都,八王子市,南大沢二丁目,27番地,フレスコ南大沢,会議室廊下,35.611723,139.379419,階数,2,4,2,0,2,2,0,2,0,0,0,1,有,無,無,08:30,22:00,月曜休館　休日のときは翌平日,,,原データNO=153 / 原データ所管部課=市民活動推進部学園都市文化課 / 原データトイレへの誘導路として点字ブロックを敷設している=無 / 原データトイレの位置等を音声で案内している=無 / 原データ戸の形式=A.自動引き戸（押しボタン） / 原データ車椅子が出入りできる（出入口の有効幅員80cm以上）=有 / 原データ車椅子が転回できる（直径150cm以上の円が内接できる）=有 / 原データ便座に背もたれがある=無 / 原データ便座に手すりがある=有 / 原データオストメイト用設備がある=無 / 原データオストメイト用設備が温水対応している=無 / 原データ大型ベッドを備えている=無 / 原データ乳幼児用おむつ交換台等を備えている=無 / 原データ乳幼児用椅子を備えている=有 / 原データ非常用呼び出しボタンを設置している=有
132012,132012T0154,八王子市,南大沢文化会館,ミナミオオサワブンカカイカン,Minamioosawa Caltural Hall,132012,0005002,東京都八王子市南大沢二丁目27番地,東京都,八王子市,南大沢二丁目,27番地,フレスコ南大沢,交流ホール横,35.611665,139.379676,階数,2,7,5,0,2,8,0,8,0,0,0,1,有,有,無,08:30,22:00,月曜休館　休日のときは翌平日,,,原データNO=154 / 原データ所管部課=市民活動推進部学園都市文化課 / 原データトイレへの誘導路として点字ブロックを敷設している=有 / 原データトイレの位置等を音声で案内している=無 / 原データ戸の形式=A.自動引き戸（押しボタン） / 原データ車椅子が出入りできる（出入口の有効幅員80cm以上）=有 / 原データ車椅子が転回できる（直径150cm以上の円が内接できる）=有 / 原データ便座に背もたれがある=有 / 原データ便座に手すりがある=有 / 原データオストメイト用設備がある=無 / 原データオストメイト用設備が温水対応している=無 / 原データ大型ベッドを備えている=無 / 原データ乳幼児用おむつ交換台等を備えている=有 / 原データ乳幼児用椅子を備えている=有 / 原データ非常用呼び出しボタンを設置している=有
132012,132012T0155,八王子市,南大沢文化会館,ミナミオオサワブンカカイカン,Minamioosawa Caltural Hall,132012,0005002,東京都八王子市南大沢二丁目27番地,東京都,八王子市,南大沢二丁目,27番地,フレスコ南大沢,主ホール楽屋廊下,35.611464,139.379474,階数,-1,3,2,0,1,2,0,2,0,0,0,1,有,無,無,08:30,22:00,月曜休館　休日のときは翌平日,,,原データNO=155 / 原データ所管部課=市民活動推進部学園都市文化課 / 原データトイレへの誘導路として点字ブロックを敷設している=無 / 原データトイレの位置等を音声で案内している=無 / 原データ戸の形式=A.自動引き戸（押しボタン） / 原データ車椅子が出入りできる（出入口の有効幅員80cm以上）=有 / 原データ車椅子が転回できる（直径150cm以上の円が内接できる）=有 / 原データ便座に背もたれがある=有 / 原データ便座に手すりがある=有 / 原データオストメイト用設備がある=無 / 原データオストメイト用設備が温水対応している=無 / 原データ大型ベッドを備えている=無 / 原データ乳幼児用おむつ交換台等を備えている=無 / 原データ乳幼児用椅子を備えている=有 / 原データ非常用呼び出しボタンを設置している=有
132012,132012T0156,八王子市,南大沢文化会館,ミナミオオサワブンカカイカン,Minamioosawa Caltural Hall,132012,0005002,東京都八王子市南大沢二丁目27番地,東京都,八王子市,南大沢二丁目,27番地,フレスコ南大沢,リハーサル室前,35.611669,139.379396,階数,-1,3,2,0,1,2,0,2,0,0,0,1,有,無,無,08:30,22:00,月曜休館　休日のときは翌平日,,,原データNO=156 / 原データ所管部課=市民活動推進部学園都市文化課 / 原データトイレへの誘導路として点字ブロックを敷設している=無 / 原データトイレの位置等を音声で案内している=無 / 原データ戸の形式=A.自動引き戸（押しボタン） / 原データ車椅子が出入りできる（出入口の有効幅員80cm以上）=有 / 原データ車椅子が転回できる（直径150cm以上の円が内接できる）=有 / 原データ便座に背もたれがある=有 / 原データ便座に手すりがある=有 / 原データオストメイト用設備がある=無 / 原データオストメイト用設備が温水対応している=無 / 原データ大型ベッドを備えている=無 / 原データ乳幼児用おむつ交換台等を備えている=無 / 原データ乳幼児用椅子を備えている=有 / 原データ非常用呼び出しボタンを設置している=有
132012,132012T0157,八王子市,南大沢文化会館,ミナミオオサワブンカカイカン,Minamioosawa Caltural Hall,132012,0005002,東京都八王子市南大沢二丁目27番地,東京都,八王子市,南大沢二丁目,27番地,フレスコ南大沢,主ホール上手通路,35.61176,139.37924,階数,1,5,3,0,2,6,0,6,0,0,0,0,無,無,無,08:30,22:00,月曜休館　休日のときは翌平日,,,原データNO=157 / 原データ所管部課=市民活動推進部学園都市文化課 / 原データトイレへの誘導路として点字ブロックを敷設している=無 / 原データトイレの位置等を音声で案内している=無
132012,132012T0158,八王子市,南大沢文化会館,ミナミオオサワブンカカイカン,Minamioosawa Caltural Hall,132012,0005002,東京都八王子市南大沢二丁目27番地,東京都,八王子市,南大沢二丁目,27番地,フレスコ南大沢,事務室裏手,35.61176,139.37924,階数,1,3,2,0,1,2,0,2,0,0,0,0,無,無,無,08:30,22:00,月曜休館　休日のときは翌平日,,,原データNO=158 / 原データ所管部課=市民活動推進部学園都市文化課 / 原データトイレへの誘導路として点字ブロックを敷設している=無 / 原データトイレの位置等を音声で案内している=無
132012,132012T0159,八王子市,南大沢文化会館,ミナミオオサワブンカカイカン,Minamioosawa Caltural Hall,132012,0005002,東京都八王子市南大沢二丁目27番地,東京都,八王子市,南大沢二丁目,27番地,フレスコ南大沢,２階廊下,35.61176,139.37924,階数,2,0,0,0,0,0,0,0,1,0,1,0,無,無,無,08:30,22:00,月曜休館　休日のときは翌平日,,,原データNO=159 / 原データ所管部課=市民活動推進部学園都市文化課 / 原データトイレへの誘導路として点字ブロックを敷設している=無 / 原データトイレの位置等を音声で案内している=無
132012,132012T0160,八王子市,富士森公園,フジモリコウエン,Fujimori Park,132012,0053002,東京都八王子市台町二丁目2番地,東京都,八王子市,台町二丁目,2番地,,浅間神社付近,35.65108,139.323951,階数,1,0,0,0,0,0,0,0,0,0,0,1,有,有,有,00:00,23:59,,,,原データNO=160 / 原データ所管部課=まちなみ整備部公園課 / 原データトイレへの誘導路として点字ブロックを敷設している=無 / 原データトイレの位置等を音声で案内している=無 / 原データ戸の形式=C.手動引き戸 / 原データ車椅子が出入りできる（出入口の有効幅員80cm以上）=有 / 原データ車椅子が転回できる（直径150cm以上の円が内接できる）=有 / 原データ便座に背もたれがある=無 / 原データ便座に手すりがある=有 / 原データオストメイト用設備がある=有 / 原データオストメイト用設備が温水対応している=無 / 原データ大型ベッドを備えている=無 / 原データ乳幼児用おむつ交換台等を備えている=有 / 原データ乳幼児用椅子を備えている=有 / 原データ非常用呼び出しボタンを設置している=有
132012,132012T0161,八王子市,富士森公園,フジモリコウエン,Fujimori Park,132012,0053002,東京都八王子市台町二丁目2番地,東京都,八王子市,台町二丁目,2番地,,こども広場付近,35.652787,139.322689,階数,1,2,2,0,0,1,0,1,0,0,0,1,有,有,有,00:00,23:59,,,,原データNO=161 / 原データ所管部課=まちなみ整備部公園課 / 原データトイレへの誘導路として点字ブロックを敷設している=無 / 原データトイレの位置等を音声で案内している=無 / 原データ戸の形式=C.手動引き戸 / 原データ車椅子が出入りできる（出入口の有効幅員80cm以上）=有 / 原データ車椅子が転回できる（直径150cm以上の円が内接できる）=有 / 原データ便座に背もたれがある=有 / 原データ便座に手すりがある=有 / 原データオストメイト用設備がある=有 / 原データオストメイト用設備が温水対応している=無 / 原データ大型ベッドを備えている=無 / 原データ乳幼児用おむつ交換台等を備えている=有 / 原データ乳幼児用椅子を備えている=有 / 原データ非常用呼び出しボタンを設置している=有
132012,132012T0162,八王子市,富士森公園,フジモリコウエン,Fujimori Park,132012,0053002,東京都八王子市台町二丁目2番地,東京都,八王子市,台町二丁目,2番地,,野球場1塁側だれでもトイレ,35.651001,139.320897,階数,1,7,5,0,2,3,0,3,0,0,0,1,有,有,有,08:45,22:00,"11月,12月,3月は9:30-15:50",,,原データNO=162 / 原データ所管部課=生涯学習スポーツ部スポーツ施設管理課 / 原データトイレへの誘導路として点字ブロックを敷設している=無 / 原データトイレの位置等を音声で案内している=無 / 原データ戸の形式=C.手動引き戸 / 原データ車椅子が出入りできる（出入口の有効幅員80cm以上）=有 / 原データ車椅子が転回できる（直径150cm以上の円が内接できる）=有 / 原データ便座に背もたれがある=有 / 原データ便座に手すりがある=有 / 原データオストメイト用設備がある=有 / 原データオストメイト用設備が温水対応している=無 / 原データ大型ベッドを備えている=無 / 原データ乳幼児用おむつ交換台等を備えている=有 / 原データ乳幼児用椅子を備えている=有 / 原データ非常用呼び出しボタンを設置している=有
132012,132012T0163,八王子市,富士森公園,フジモリコウエン,Fujimori Park,132012,0053002,東京都八王子市台町二丁目2番地,東京都,八王子市,台町二丁目,2番地,,野球場3塁側だれでもトイレ,35.651356,139.320648,階数,1,7,5,0,2,3,0,3,0,0,0,1,有,有,有,08:45,22:00,"11月,12月,3月は9:30-15:50",,,原データNO=163 / 原データ所管部課=生涯学習スポーツ部スポーツ施設管理課 / 原データトイレへの誘導路として点字ブロックを敷設している=無 / 原データトイレの位置等を音声で案内している=無 / 原データ戸の形式=C.手動引き戸 / 原データ車椅子が出入りできる（出入口の有効幅員80cm以上）=有 / 原データ車椅子が転回できる（直径150cm以上の円が内接できる）=有 / 原データ便座に背もたれがある=有 / 原データ便座に手すりがある=有 / 原データオストメイト用設備がある=有 / 原データオストメイト用設備が温水対応している=無 / 原データ大型ベッドを備えている=無 / 原データ乳幼児用おむつ交換台等を備えている=有 / 原データ乳幼児用椅子を備えている=有 / 原データ非常用呼び出しボタンを設置している=有
132012,132012T0164,八王子市,富士森公園,フジモリコウエン,Fujimori Park,132012,0053002,東京都八王子市台町二丁目2番地,東京都,八王子市,台町二丁目,2番地,,陸上競技場西側だれでもトイレ,35.652011,139.323206,階数,1,0,0,0,0,0,0,0,0,0,0,1,有,有,無,08:30,21:00,,,,原データNO=164 / 原データ所管部課=生涯学習スポーツ部スポーツ施設管理課 / 原データトイレへの誘導路として点字ブロックを敷設している=有 / 原データトイレの位置等を音声で案内している=無 / 原データ戸の形式=C.手動引き戸 / 原データ車椅子が出入りできる（出入口の有効幅員80cm以上）=有 / 原データ車椅子が転回できる（直径150cm以上の円が内接できる）=有 / 原データ便座に背もたれがある=無 / 原データ便座に手すりがある=有 / 原データオストメイト用設備がある=無 / 原データオストメイト用設備が温水対応している=無 / 原データ大型ベッドを備えている=無 / 原データ乳幼児用おむつ交換台等を備えている=有 / 原データ乳幼児用椅子を備えている=有 / 原データ非常用呼び出しボタンを設置している=有
132012,132012T0165,八王子市,富士森公園,フジモリコウエン,Fujimori Park,132012,0053002,東京都八王子市台町二丁目2番地,東京都,八王子市,台町二丁目,2番地,,陸上競技場管理棟内だれでもトイレ,35.651744,139.325373,階数,1,6,3,0,3,4,0,4,0,0,0,1,有,有,有,06:00,22:00,,,,原データNO=165 / 原データ所管部課=生涯学習スポーツ部スポーツ施設管理課 / 原データトイレへの誘導路として点字ブロックを敷設している=有 / 原データトイレの位置等を音声で案内している=無 / 原データ戸の形式=C.手動引き戸 / 原データ車椅子が出入りできる（出入口の有効幅員80cm以上）=有 / 原データ車椅子が転回できる（直径150cm以上の円が内接できる）=有 / 原データ便座に背もたれがある=有 / 原データ便座に手すりがある=有 / 原データオストメイト用設備がある=有 / 原データオストメイト用設備が温水対応している=有 / 原データ大型ベッドを備えている=無 / 原データ乳幼児用おむつ交換台等を備えている=有 / 原データ乳幼児用椅子を備えている=有 / 原データ非常用呼び出しボタンを設置している=有
132012,132012T0166,八王子市,暁公園,アカツキコウエン,Akatsuki Park,132012,0016001,東京都八王子市暁町一丁目7番,東京都,八王子市,暁町一丁目,7番,,園内,35.668019,139.335363,階数,1,1,1,0,0,0,0,0,0,0,0,1,有,有,有,00:00,23:59,,,,原データNO=166 / 原データ所管部課=まちなみ整備部公園課 / 原データトイレへの誘導路として点字ブロックを敷設している=無 / 原データトイレの位置等を音声で案内している=有 / 原データ戸の形式=C.手動引き戸 / 原データ車椅子が出入りできる（出入口の有効幅員80cm以上）=有 / 原データ車椅子が転回できる（直径150cm以上の円が内接できる）=有 / 原データ便座に背もたれがある=無 / 原データ便座に手すりがある=有 / 原データオストメイト用設備がある=有 / 原データオストメイト用設備が温水対応している=無 / 原データ大型ベッドを備えている=無 / 原データ乳幼児用おむつ交換台等を備えている=有 / 原データ乳幼児用椅子を備えている=有 / 原データ非常用呼び出しボタンを設置している=無
132012,132012T0167,八王子市,六本杉公園,ロッポンスギコウエン,Ropponsugi Park,132012,0071002,東京都八王子市子安町二丁目22番,東京都,八王子市,子安町二丁目,22番,,園内,35.6492,139.342,階数,1,1,1,0,0,0,0,0,1,1,0,0,無,無,無,00:00,23:59,,,,原データNO=167 / 原データ所管部課=まちなみ整備部公園課 / 原データトイレへの誘導路として点字ブロックを敷設している=無 / 原データトイレの位置等を音声で案内している=無
132012,132012T0168,八王子市,小門公園,オカドコウエン,Okado Park,132012,0094000,東京都八王子市小門町76番地1号,東京都,八王子市,小門町,76番地1号,,園内,35.658533,139.323573,階数,1,1,1,0,0,0,0,0,0,0,0,1,有,無,無,00:00,23:59,,,,原データNO=168 / 原データ所管部課=まちなみ整備部公園課 / 原データトイレへの誘導路として点字ブロックを敷設している=有 / 原データトイレの位置等を音声で案内している=無 / 原データ戸の形式=C.手動引き戸 / 原データ車椅子が出入りできる（出入口の有効幅員80cm以上）=有 / 原データ車椅子が転回できる（直径150cm以上の円が内接できる）=有 / 原データ便座に背もたれがある=無 / 原データ便座に手すりがある=有 / 原データオストメイト用設備がある=無 / 原データオストメイト用設備が温水対応している=無 / 原データ大型ベッドを備えている=無 / 原データ乳幼児用おむつ交換台等を備えている=無 / 原データ乳幼児用椅子を備えている=有 / 原データ非常用呼び出しボタンを設置している=無
132012,132012T0169,八王子市,元横山公園,モトヨコヤマコウエン,Motoyokoyama Park,132012,0027007,東京都八王子市大和田町七丁目2番,東京都,八王子市,大和田町七丁目,2番,,園内,35.6660492329868,139.34122886132,階数,1,1,1,0,0,0,0,0,0,0,0,1,無,無,無,00:00,23:59,,,,原データNO=169 / 原データ所管部課=まちなみ整備部公園課 / 原データトイレへの誘導路として点字ブロックを敷設している=無 / 原データトイレの位置等を音声で案内している=無
132012,132012T0170,八王子市,八木町公園,ヤギチョウコウエン,Yagicho Park,132012,0095000,東京都八王子市八木町8番地,東京都,八王子市,八木町,8番地,,園内,35.661592,139.321165,階数,1,1,1,0,0,0,0,0,0,0,0,1,有,有,無,00:00,23:59,,,,原データNO=170 / 原データ所管部課=まちなみ整備部公園課 / 原データトイレへの誘導路として点字ブロックを敷設している=無 / 原データトイレの位置等を音声で案内している=無 / 原データ戸の形式=C.手動引き戸 / 原データ車椅子が出入りできる（出入口の有効幅員80cm以上）=有 / 原データ車椅子が転回できる（直径150cm以上の円が内接できる）=有 / 原データ便座に背もたれがある=無 / 原データ便座に手すりがある=有 / 原データオストメイト用設備がある=無 / 原データオストメイト用設備が温水対応している=無 / 原データ大型ベッドを備えている=無 / 原データ乳幼児用おむつ交換台等を備えている=有 / 原データ乳幼児用椅子を備えている=有 / 原データ非常用呼び出しボタンを設置している=有
132012,132012T0171,八王子市,東浅川公園,ヒガシアサカワコウエン,Higashiasakawa Park,132012,0100000,東京都八王子市東浅川町559番地,東京都,八王子市,東浅川町,559番地,,園内,35.646847,139.296007,階数,1,2,1,1,0,1,1,0,0,0,0,2,有,有,有,00:00,23:59,,,,原データNO=171 / 原データ所管部課=まちなみ整備部公園課 / 原データトイレへの誘導路として点字ブロックを敷設している=有 / 原データトイレの位置等を音声で案内している=無 / 原データ戸の形式=C.手動引き戸 / 原データ車椅子が出入りできる（出入口の有効幅員80cm以上）=有 / 原データ車椅子が転回できる（直径150cm以上の円が内接できる）=有 / 原データ便座に背もたれがある=無 / 原データ便座に手すりがある=有 / 原データオストメイト用設備がある=有 / 原データオストメイト用設備が温水対応している=無 / 原データ大型ベッドを備えている=無 / 原データ乳幼児用おむつ交換台等を備えている=有 / 原データ乳幼児用椅子を備えている=有 / 原データ非常用呼び出しボタンを設置している=有
132012,132012T0172,八王子市,狭間公園,ハザマコウエン,Hazama Park,132012,0054000,東京都八王子市狭間町1461番地1号,東京都,八王子市,狭間町,1461番地1号,,園内,35.641232,139.290435,階数,1,1,1,0,0,0,0,0,0,0,0,1,有,有,無,00:00,23:59,,,,原データNO=172 / 原データ所管部課=まちなみ整備部公園課 / 原データトイレへの誘導路として点字ブロックを敷設している=無 / 原データトイレの位置等を音声で案内している=無 / 原データ戸の形式=C.手動引き戸 / 原データ車椅子が出入りできる（出入口の有効幅員80cm以上）=有 / 原データ車椅子が転回できる（直径150cm以上の円が内接できる）=有 / 原データ便座に背もたれがある=無 / 原データ便座に手すりがある=有 / 原データオストメイト用設備がある=無 / 原データオストメイト用設備が温水対応している=無 / 原データ大型ベッドを備えている=無 / 原データ乳幼児用おむつ交換台等を備えている=有 / 原データ乳幼児用椅子を備えている=有 / 原データ非常用呼び出しボタンを設置している=有
132012,132012T0173,八王子市,北八王子公園,キタハチオウジコウエン,Kitahachioji Park,132012,0020000,東京都八王子市石川町2101番地,東京都,八王子市,石川町,2101番地,,園内,35.667996,139.358723,階数,1,2,1,1,0,1,1,0,0,0,0,1,有,有,無,00:00,23:59,,,,原データNO=173 / 原データ所管部課=まちなみ整備部公園課 / 原データトイレへの誘導路として点字ブロックを敷設している=無 / 原データトイレの位置等を音声で案内している=無 / 原データ戸の形式=C.手動引き戸 / 原データ車椅子が出入りできる（出入口の有効幅員80cm以上）=有 / 原データ車椅子が転回できる（直径150cm以上の円が内接できる）=有 / 原データ便座に背もたれがある=有 / 原データ便座に手すりがある=有 / 原データオストメイト用設備がある=無 / 原データオストメイト用設備が温水対応している=無 / 原データ大型ベッドを備えている=無 / 原データ乳幼児用おむつ交換台等を備えている=有 / 原データ乳幼児用椅子を備えている=有 / 原データ非常用呼び出しボタンを設置している=有
132012,132012T0174,八王子市,諏訪町公園,スワマチコウエン,Suwamachi Park,132012,0112000,東京都八王子市諏訪町7番地,東京都,八王子市,諏訪町,7番地,,園内,35.677332,139.289863,階数,1,3,2,1,0,2,1,1,0,0,0,1,有,無,無,00:00,23:59,,,,原データNO=174 / 原データ所管部課=まちなみ整備部公園課 / 原データトイレへの誘導路として点字ブロックを敷設している=無 / 原データトイレの位置等を音声で案内している=無 / 原データ戸の形式=C.手動引き戸 / 原データ車椅子が出入りできる（出入口の有効幅員80cm以上）=有 / 原データ車椅子が転回できる（直径150cm以上の円が内接できる）=有 / 原データ便座に背もたれがある=有 / 原データ便座に手すりがある=無 / 原データオストメイト用設備がある=無 / 原データオストメイト用設備が温水対応している=無 / 原データ大型ベッドを備えている=無 / 原データ乳幼児用おむつ交換台等を備えている=無 / 原データ乳幼児用椅子を備えている=無 / 原データ非常用呼び出しボタンを設置している=有
132012,132012T0175,八王子市,絹ヶ丘緑地,キヌガオカリョクチ,Kinugaoka Park,132012,0057003,東京都八王子市絹ヶ丘三丁目3番,東京都,八王子市,絹ヶ丘三丁目,3番,,園内,35.6354900509426,139.359009992916,階数,1,1,1,0,0,0,0,0,1,1,0,0,無,無,無,00:00,23:59,,,,原データNO=175 / 原データ所管部課=まちなみ整備部公園課 / 原データトイレへの誘導路として点字ブロックを敷設している=無 / 原データトイレの位置等を音声で案内している=無
132012,132012T0176,八王子市,万葉公園,マンヨウコウエン,Manyo Park,132012,0066005,東京都八王子市散田町五丁目37番,東京都,八王子市,散田町五丁目,37番,,園内,35.646279,139.304461,階数,1,1,1,0,0,0,0,0,0,0,0,1,有,有,有,00:00,23:59,,,,原データNO=176 / 原データ所管部課=まちなみ整備部公園課 / 原データトイレへの誘導路として点字ブロックを敷設している=無 / 原データトイレの位置等を音声で案内している=無 / 原データ戸の形式=C.手動引き戸 / 原データ車椅子が出入りできる（出入口の有効幅員80cm以上）=有 / 原データ車椅子が転回できる（直径150cm以上の円が内接できる）=無 / 原データ便座に背もたれがある=無 / 原データ便座に手すりがある=有 / 原データオストメイト用設備がある=有 / 原データオストメイト用設備が温水対応している=無 / 原データ大型ベッドを備えている=無 / 原データ乳幼児用おむつ交換台等を備えている=有 / 原データ乳幼児用椅子を備えている=有 / 原データ非常用呼び出しボタンを設置している=有
132012,132012T0177,八王子市,片倉城跡公園,カタクラジョウセキコウエン,Katakurajoseki Park,132012,0059000,東京都八王子市片倉町2475番地,東京都,八王子市,片倉町,2475番地,,園内,35.640822,139.338591,階数,1,4,3,0,1,3,0,3,0,0,0,1,有,有,有,00:00,23:59,,,,原データNO=177 / 原データ所管部課=まちなみ整備部公園課 / 原データトイレへの誘導路として点字ブロックを敷設している=無 / 原データトイレの位置等を音声で案内している=無 / 原データ戸の形式=C.手動引き戸 / 原データ車椅子が出入りできる（出入口の有効幅員80cm以上）=有 / 原データ車椅子が転回できる（直径150cm以上の円が内接できる）=有 / 原データ便座に背もたれがある=有 / 原データ便座に手すりがある=有 / 原データオストメイト用設備がある=有 / 原データオストメイト用設備が温水対応している=有 / 原データ大型ベッドを備えている=無 / 原データ乳幼児用おむつ交換台等を備えている=有 / 原データ乳幼児用椅子を備えている=有 / 原データ非常用呼び出しボタンを設置している=有
132012,132012T0178,八王子市,東散田公園,ヒガシサンダコウエン,Higashisanda Park,132012,0066003,東京都八王子市散田町三丁目24番地,東京都,八王子市,散田町三丁目,24番地,,園内,35.65168,139.309879,階数,1,1,1,0,0,0,0,0,0,0,0,1,有,有,有,00:00,23:59,,,,原データNO=178 / 原データ所管部課=まちなみ整備部公園課 / 原データトイレへの誘導路として点字ブロックを敷設している=無 / 原データトイレの位置等を音声で案内している=無 / 原データ戸の形式=C.手動引き戸 / 原データ車椅子が出入りできる（出入口の有効幅員80cm以上）=有 / 原データ車椅子が転回できる（直径150cm以上の円が内接できる）=有 / 原データ便座に背もたれがある=無 / 原データ便座に手すりがある=有 / 原データオストメイト用設備がある=有 / 原データオストメイト用設備が温水対応している=無 / 原データ大型ベッドを備えている=無 / 原データ乳幼児用おむつ交換台等を備えている=有 / 原データ乳幼児用椅子を備えている=有 / 原データ非常用呼び出しボタンを設置している=有
132012,132012T0179,八王子市,八石下広場,ハッコクシタヒロバ,Hakkokushita　Park,132012,0025000,東京都八王子市小宮町501番地,東京都,八王子市,小宮町,501番地,,園内,35.6910446326079,139.367960500542,階数,1,2,1,0,1,1,0,1,0,0,0,0,無,無,無,00:00,23:59,,,,原データNO=179 / 原データ所管部課=まちなみ整備部公園課 / 原データトイレへの誘導路として点字ブロックを敷設している=無 / 原データトイレの位置等を音声で案内している=無
132012,132012T0180,八王子市,北楽公園,ホクラクコウエン,Hokuraku Park,132012,0006003,東京都八王子市南陽台三丁目6番地,東京都,八王子市,南陽台三丁目,6番地,,園内,35.636006,139.375941,階数,1,1,1,0,0,0,0,0,0,0,0,1,有,無,無,00:00,23:59,,,,原データNO=180 / 原データ所管部課=まちなみ整備部公園課 / 原データトイレへの誘導路として点字ブロックを敷設している=無 / 原データトイレの位置等を音声で案内している=無 / 原データ戸の形式=C.手動引き戸 / 原データ車椅子が出入りできる（出入口の有効幅員80cm以上）=有 / 原データ車椅子が転回できる（直径150cm以上の円が内接できる）=有 / 原データ便座に背もたれがある=無 / 原データ便座に手すりがある=有 / 原データオストメイト用設備がある=無 / 原データオストメイト用設備が温水対応している=無 / 原データ大型ベッドを備えている=無 / 原データ乳幼児用おむつ交換台等を備えている=無 / 原データ乳幼児用椅子を備えている=無 / 原データ非常用呼び出しボタンを設置している=有
132012,132012T0183,八王子市,高倉南公園,タカクラミナミコウエン,Takakuraminami Park,132012,0009000,東京都八王子市高倉町69番地,東京都,八王子市,高倉町,69番地,,園内,35.661347,139.363801,階数,1,2,1,1,0,1,1,0,0,0,0,1,有,有,無,00:00,23:59,,,,原データNO=183 / 原データ所管部課=まちなみ整備部公園課 / 原データトイレへの誘導路として点字ブロックを敷設している=有 / 原データトイレの位置等を音声で案内している=無 / 原データ戸の形式=C.手動引き戸 / 原データ車椅子が出入りできる（出入口の有効幅員80cm以上）=有 / 原データ車椅子が転回できる（直径150cm以上の円が内接できる）=有 / 原データ便座に背もたれがある=無 / 原データ便座に手すりがある=有 / 原データオストメイト用設備がある=無 / 原データオストメイト用設備が温水対応している=無 / 原データ大型ベッドを備えている=無 / 原データ乳幼児用おむつ交換台等を備えている=有 / 原データ乳幼児用椅子を備えている=有 / 原データ非常用呼び出しボタンを設置している=有
132012,132012T0184,八王子市,高尾梅の郷まちの広場,タカオウメノサトマチノヒロバ,Takaoumenosato Park,132012,0012000,東京都八王子市裏高尾町915番地,東京都,八王子市,裏高尾町,915番地,,園内,35.638517,139.255931,階数,1,1,1,0,0,0,0,0,0,0,0,1,有,有,有,00:00,23:59,,,,原データNO=184 / 原データ所管部課=まちなみ整備部公園課 / 原データトイレへの誘導路として点字ブロックを敷設している=無 / 原データトイレの位置等を音声で案内している=無 / 原データ戸の形式=C.手動引き戸 / 原データ車椅子が出入りできる（出入口の有効幅員80cm以上）=有 / 原データ車椅子が転回できる（直径150cm以上の円が内接できる）=有 / 原データ便座に背もたれがある=無 / 原データ便座に手すりがある=有 / 原データオストメイト用設備がある=有 / 原データオストメイト用設備が温水対応している=無 / 原データ大型ベッドを備えている=無 / 原データ乳幼児用おむつ交換台等を備えている=有 / 原データ乳幼児用椅子を備えている=有 / 原データ非常用呼び出しボタンを設置している=有
132012,132012T0185,八王子市,弐分方公園,ニブカタコウエン,Nibukata Park,132012,0031000,東京都八王子市弐分方町744番地,東京都,八王子市,弐分方町,744番地,,園内,35.6708339793297,139.289930082306,階数,1,0,0,0,0,0,0,0,1,1,0,0,無,無,無,00:00,23:59,,,,原データNO=185 / 原データ所管部課=まちなみ整備部公園課 / 原データトイレへの誘導路として点字ブロックを敷設している=無 / 原データトイレの位置等を音声で案内している=無
132012,132012T0186,八王子市,松竹農村公園,マツタケノウソンコウエン,Matsutakenoson Park,132012,0010000,東京都八王子市下恩方町2282番地,東京都,八王子市,下恩方町,2282番地,,園内,35.666295,139.25118,階数,1,1,1,0,0,0,0,0,0,0,0,1,有,有,有,00:00,23:59,,,,原データNO=186 / 原データ所管部課=まちなみ整備部公園課 / 原データトイレへの誘導路として点字ブロックを敷設している=無 / 原データトイレの位置等を音声で案内している=無 / 原データ戸の形式=C.手動引き戸 / 原データ車椅子が出入りできる（出入口の有効幅員80cm以上）=有 / 原データ車椅子が転回できる（直径150cm以上の円が内接できる）=有 / 原データ便座に背もたれがある=無 / 原データ便座に手すりがある=有 / 原データオストメイト用設備がある=有 / 原データオストメイト用設備が温水対応している=無 / 原データ大型ベッドを備えている=無 / 原データ乳幼児用おむつ交換台等を備えている=有 / 原データ乳幼児用椅子を備えている=有 / 原データ非常用呼び出しボタンを設置している=有
132012,132012T0187,八王子市,北野公園,キタノコウエン,Kitano Park,132012,0079000,東京都八王子市北野町585番地1号,東京都,八王子市,北野町,585番地1号,,園内,35.6497832635983,139.360191007505,階数,1,1,1,0,0,0,0,0,1,1,0,0,無,無,無,00:00,23:59,,,,原データNO=187 / 原データ所管部課=まちなみ整備部公園課 / 原データトイレへの誘導路として点字ブロックを敷設している=無 / 原データトイレの位置等を音声で案内している=無
132012,132012T0188,八王子市,滝山台見晴公園,タキヤマダイミハラシコウエン,Takiyamadaimiharashi Park,132012,0114000,東京都八王子市丸山町37番地1号,東京都,八王子市,丸山町,37番地1号,,園内,35.6916429435138,139.349868870876,階数,1,1,1,0,0,0,0,0,2,1,1,0,無,無,無,00:00,23:59,,,,原データNO=188 / 原データ所管部課=まちなみ整備部公園課 / 原データトイレへの誘導路として点字ブロックを敷設している=無 / 原データトイレの位置等を音声で案内している=無
132012,132012T0189,八王子市,北野台中央公園,キタノダイチュウオウコウエン,Kitanodaichuo Park,132012,0051004,東京都八王子市北野台四丁目20番,東京都,八王子市,北野台四丁目,20番,,園内,35.6292423657146,139.352004794543,階数,1,1,1,0,0,0,0,0,1,1,0,0,無,無,無,00:00,23:59,,,,原データNO=189 / 原データ所管部課=まちなみ整備部公園課 / 原データトイレへの誘導路として点字ブロックを敷設している=無 / 原データトイレの位置等を音声で案内している=無
132012,132012T0190,八王子市,大平公園,オオヒラコウエン,Ohira Park,132012,0005003,東京都八王子市南大沢三丁目11番地,東京都,八王子市,南大沢三丁目,11番地,,園内,35.6075103623175,139.380574444837,階数,1,1,0,1,0,1,1,0,0,0,0,0,無,無,無,00:00,23:59,,,,原データNO=190 / 原データ所管部課=まちなみ整備部公園課 / 原データトイレへの誘導路として点字ブロックを敷設している=無 / 原データトイレの位置等を音声で案内している=無
132012,132012T0191,八王子市,大平公園,オオヒラコウエン,Ohira Park,132012,0005003,東京都八王子市南大沢三丁目11番地,東京都,八王子市,南大沢三丁目,11番地,,大平池付近,35.606345,139.381425,階数,1,1,1,0,0,1,0,1,0,0,0,1,有,無,無,00:00,23:59,,,,原データNO=191 / 原データ所管部課=まちなみ整備部公園課 / 原データトイレへの誘導路として点字ブロックを敷設している=無 / 原データトイレの位置等を音声で案内している=無 / 原データ戸の形式=C.手動引き戸 / 原データ車椅子が出入りできる（出入口の有効幅員80cm以上）=有 / 原データ車椅子が転回できる（直径150cm以上の円が内接できる）=有 / 原データ便座に背もたれがある=無 / 原データ便座に手すりがある=有 / 原データオストメイト用設備がある=無 / 原データオストメイト用設備が温水対応している=無 / 原データ大型ベッドを備えている=無 / 原データ乳幼児用おむつ交換台等を備えている=無 / 原データ乳幼児用椅子を備えている=無 / 原データ非常用呼び出しボタンを設置している=有
132012,132012T0192,八王子市,緑町公園,ミドリチョウコウエン,Midoricho Park,132012,0060000,東京都八王子市緑町94番地,東京都,八王子市,緑町,94番地,,園内,35.6479247096012,139.331928841875,階数,1,1,1,0,0,0,0,0,1,1,0,0,無,無,無,00:00,23:59,,,,原データNO=192 / 原データ所管部課=まちなみ整備部公園課 / 原データトイレへの誘導路として点字ブロックを敷設している=無 / 原データトイレの位置等を音声で案内している=無
132012,132012T0193,八王子市,大塚公園,オオツカコウエン,Otsuka Park,132012,0042000,東京都八王子市松が谷66番地,東京都,八王子市,松が谷,66番地,,運動広場東,35.631789,139.414037,階数,1,3,2,1,0,2,2,0,0,0,0,1,有,無,無,00:00,23:59,,,,原データNO=193 / 原データ所管部課=まちなみ整備部公園課 / 原データトイレへの誘導路として点字ブロックを敷設している=無 / 原データトイレの位置等を音声で案内している=無 / 原データ戸の形式=C.手動引き戸 / 原データ車椅子が出入りできる（出入口の有効幅員80cm以上）=有 / 原データ車椅子が転回できる（直径150cm以上の円が内接できる）=有 / 原データ便座に背もたれがある=無 / 原データ便座に手すりがある=有 / 原データオストメイト用設備がある=無 / 原データオストメイト用設備が温水対応している=無 / 原データ大型ベッドを備えている=無 / 原データ乳幼児用おむつ交換台等を備えている=無 / 原データ乳幼児用椅子を備えている=無 / 原データ非常用呼び出しボタンを設置している=有
132012,132012T0194,八王子市,大塚公園,オオツカコウエン,Otsuka Park,132012,0042000,東京都八王子市松が谷66番地,東京都,八王子市,松が谷,66番地,,管理等西側,35.6323646546126,139.415762037919,階数,1,4,3,0,1,3,0,3,0,0,0,0,無,無,無,00:00,23:59,,,,原データNO=194 / 原データ所管部課=まちなみ整備部公園課 / 原データトイレへの誘導路として点字ブロックを敷設している=無 / 原データトイレの位置等を音声で案内している=無
132012,132012T0195,八王子市,大塚公園,オオツカコウエン,Otsuka Park,132012,0042000,東京都八王子市松が谷66番地,東京都,八王子市,松が谷,66番地,,管理等,35.6324649356458,139.416311890746,階数,1,4,3,1,0,3,2,1,0,0,0,0,無,無,無,00:00,23:59,,,,原データNO=195 / 原データ所管部課=まちなみ整備部公園課 / 原データトイレへの誘導路として点字ブロックを敷設している=無 / 原データトイレの位置等を音声で案内している=無
132012,132012T0196,八王子市,よしの沢公園,ヨシノザワコウエン,Yoshinozawa Park,132012,0024000,東京都八王子市川町128番地318号,東京都,八王子市,川町,128番地318号,,園内,35.6707152463659,139.27037883275,階数,1,3,2,1,0,2,2,0,0,0,0,0,無,無,無,00:00,23:59,,,,原データNO=196 / 原データ所管部課=まちなみ整備部公園課 / 原データトイレへの誘導路として点字ブロックを敷設している=無 / 原データトイレの位置等を音声で案内している=無
132012,132012T0197,八王子市,観栖寺台公園,カンセイジダイコウエン,Kanseijidai Park,132012,0023000,東京都八王子市西寺方町136番地9号,東京都,八王子市,西寺方町,136番地9号,,園内,35.6698062372035,139.264418131329,階数,1,3,2,1,0,2,2,0,0,0,0,0,無,無,無,00:00,23:59,,,,原データNO=197 / 原データ所管部課=まちなみ整備部公園課 / 原データトイレへの誘導路として点字ブロックを敷設している=無 / 原データトイレの位置等を音声で案内している=無
132012,132012T0198,八王子市,久保山公園,クボヤマコウエン,Kuboyama Park,132012,0104002,東京都八王子市久保山町二丁目48番地,東京都,八王子市,久保山町二丁目,48番地,,園内,35.684715,139.356487,階数,1,3,2,0,1,2,0,2,0,0,0,1,有,無,無,08:30,17:00,,,,原データNO=198 / 原データ所管部課=まちなみ整備部公園課 / 原データトイレへの誘導路として点字ブロックを敷設している=無 / 原データトイレの位置等を音声で案内している=無 / 原データ戸の形式=C.手動引き戸 / 原データ車椅子が出入りできる（出入口の有効幅員80cm以上）=有 / 原データ車椅子が転回できる（直径150cm以上の円が内接できる）=有 / 原データ便座に背もたれがある=無 / 原データ便座に手すりがある=有 / 原データオストメイト用設備がある=無 / 原データオストメイト用設備が温水対応している=無 / 原データ大型ベッドを備えている=無 / 原データ乳幼児用おむつ交換台等を備えている=無 / 原データ乳幼児用椅子を備えている=無 / 原データ非常用呼び出しボタンを設置している=無
132012,132012T0199,八王子市,溜池公園,タメイケコウエン,Tameike Park,132012,0005003,東京都八王子市南大沢三丁目1番地,東京都,八王子市,南大沢三丁目,1番地,,園内,35.6099081170833,139.379329303771,階数,1,2,2,0,0,0,0,0,1,1,0,0,無,無,無,00:00,23:59,,,,原データNO=199 / 原データ所管部課=まちなみ整備部公園課 / 原データトイレへの誘導路として点字ブロックを敷設している=無 / 原データトイレの位置等を音声で案内している=無
132012,132012T0200,八王子市,柏木公園,カシワギコウエン,Kashiwagi Park,132012,0005003,東京都八王子市南大沢三丁目12番地,東京都,八王子市,南大沢三丁目,12番地,,園内,35.6075693458874,139.382941615457,階数,1,2,2,0,0,0,0,0,1,1,0,0,無,無,無,00:00,23:59,,,,原データNO=200 / 原データ所管部課=まちなみ整備部公園課 / 原データトイレへの誘導路として点字ブロックを敷設している=無 / 原データトイレの位置等を音声で案内している=無
132012,132012T0201,八王子市,赤石公園,アカイシコウエン,Akaishi Park,132012,0005004,東京都八王子市南大沢四丁目17番地,東京都,八王子市,南大沢四丁目,17番地,,園内,35.6097014122874,139.3752348739,階数,1,2,2,0,0,0,0,0,1,1,0,0,無,無,無,00:00,23:59,,,,原データNO=201 / 原データ所管部課=まちなみ整備部公園課 / 原データトイレへの誘導路として点字ブロックを敷設している=無 / 原データトイレの位置等を音声で案内している=無
132012,132012T0202,八王子市,九反甫公園,クタンポコウエン,Kutanpo Park,132012,0005004,東京都八王子市南大沢四丁目20番地,東京都,八王子市,南大沢四丁目,20番地,,園内,35.6063745948337,139.376491972719,階数,1,2,2,0,0,0,0,0,1,1,0,0,無,無,無,00:00,23:59,,,,原データNO=202 / 原データ所管部課=まちなみ整備部公園課 / 原データトイレへの誘導路として点字ブロックを敷設している=無 / 原データトイレの位置等を音声で案内している=無
132012,132012T0203,八王子市,桝形公園,マスガタコウエン,Masugata Park,132012,0063000,東京都八王子市山田町1683番地1号,東京都,八王子市,山田町,1683番地1号,,園内,35.642172060494,139.316377823968,階数,1,1,1,0,0,0,0,0,1,1,0,0,無,無,無,00:00,23:59,,,,原データNO=203 / 原データ所管部課=まちなみ整備部公園課 / 原データトイレへの誘導路として点字ブロックを敷設している=無 / 原データトイレの位置等を音声で案内している=無
132012,132012T0204,八王子市,向原公園,ムカイハラコウエン,Mukaihara Park,132012,0065002,東京都八王子市めじろ台二丁目68番地1号,東京都,八王子市,めじろ台二丁目,68番地1号,,園内,35.6395053428806,139.311354886218,階数,1,1,1,0,0,0,0,0,1,1,0,0,無,無,無,00:00,23:59,,,,原データNO=204 / 原データ所管部課=まちなみ整備部公園課 / 原データトイレへの誘導路として点字ブロックを敷設している=無 / 原データトイレの位置等を音声で案内している=無
132012,132012T0205,八王子市,下椚田公園,シモクヌギダコウエン,Shimokunugida Park,132012,0064000,東京都八王子市椚田町500番地2号,東京都,八王子市,椚田町,500番地2号,,園内,35.6389232657884,139.315507821217,階数,1,1,1,0,0,0,0,0,1,1,0,0,無,無,無,00:00,23:59,,,,原データNO=205 / 原データ所管部課=まちなみ整備部公園課 / 原データトイレへの誘導路として点字ブロックを敷設している=無 / 原データトイレの位置等を音声で案内している=無
132012,132012T0206,八王子市,椚田中原公園,クヌギダナカハラコウエン,Kunugidanakahara Park,132012,0064000,東京都八王子市椚田町532番地,東京都,八王子市,椚田町,532番地,,園内,35.6375551666991,139.311563395782,階数,1,1,1,0,0,0,0,0,1,1,0,0,無,無,無,00:00,23:59,,,,原データNO=206 / 原データ所管部課=まちなみ整備部公園課 / 原データトイレへの誘導路として点字ブロックを敷設している=無 / 原データトイレの位置等を音声で案内している=無
132012,132012T0207,八王子市,向久保公園,ムカイクボコウエン,Mukaikubo Park,132012,0064000,東京都八王子市椚田町564番地1号,東京都,八王子市,椚田町,564番地1号,,園内,35.6369140620591,139.303719721552,階数,1,1,1,0,0,0,0,0,1,1,0,0,無,無,無,00:00,23:59,,,,原データNO=207 / 原データ所管部課=まちなみ整備部公園課 / 原データトイレへの誘導路として点字ブロックを敷設している=無 / 原データトイレの位置等を音声で案内している=無
132012,132012T0208,八王子市,内裏谷戸公園,ダイリヤトコウエン,Dairiyato Park,132012,0005005,東京都八王子市南大沢五丁目24番地,東京都,八王子市,南大沢五丁目,24番地,,園内,35.609265,139.3698,階数,1,3,2,1,0,2,2,0,0,0,0,1,有,無,無,00:00,23:59,,,,原データNO=208 / 原データ所管部課=まちなみ整備部公園課 / 原データトイレへの誘導路として点字ブロックを敷設している=無 / 原データトイレの位置等を音声で案内している=無 / 原データ戸の形式=C.手動引き戸 / 原データ車椅子が出入りできる（出入口の有効幅員80cm以上）=有 / 原データ車椅子が転回できる（直径150cm以上の円が内接できる）=有 / 原データ便座に背もたれがある=無 / 原データ便座に手すりがある=有 / 原データオストメイト用設備がある=無 / 原データオストメイト用設備が温水対応している=無 / 原データ大型ベッドを備えている=無 / 原データ乳幼児用おむつ交換台等を備えている=無 / 原データ乳幼児用椅子を備えている=無 / 原データ非常用呼び出しボタンを設置している=無
132012,132012T0209,八王子市,鹿島公園,カシマコウエン,Kashima Park,132012,0041000,東京都八王子市鹿島103番地,東京都,八王子市,鹿島,103番地,,園内,35.6333235920551,139.427546534003,階数,1,2,2,0,0,0,0,0,2,1,1,0,無,無,無,00:00,23:59,,,,原データNO=209 / 原データ所管部課=まちなみ整備部公園課 / 原データトイレへの誘導路として点字ブロックを敷設している=無 / 原データトイレの位置等を音声で案内している=無
132012,132012T0210,八王子市,大塚東公園,オオツカヒガシコウエン,Otsukahigashi Park,132012,0041000,東京都八王子市鹿島104番地1号,東京都,八王子市,鹿島,104番地1号,,園内,35.6314945101527,139.424659073208,階数,1,4,3,1,0,2,2,0,0,0,0,0,無,無,無,00:00,23:59,,,,原データNO=210 / 原データ所管部課=まちなみ整備部公園課 / 原データトイレへの誘導路として点字ブロックを敷設している=無 / 原データトイレの位置等を音声で案内している=無
132012,132012T0211,八王子市,清水公園,シミズコウエン,Shimizu Park,132012,0118000,東京都八王子市犬目町143番地2号,東京都,八王子市,犬目町,143番地2号,,園内,35.6829488769127,139.312545868485,階数,1,2,2,0,0,0,0,0,1,0,1,0,無,無,無,00:00,23:59,,,,原データNO=211 / 原データ所管部課=まちなみ整備部公園課 / 原データトイレへの誘導路として点字ブロックを敷設している=無 / 原データトイレの位置等を音声で案内している=無
132012,132012T0212,八王子市,大塚西公園,オオツカニシコウエン,Otsukanishi Park,132012,0042000,東京都八王子市松が谷105番地,東京都,八王子市,松が谷,105番地,,園内,35.6290915819565,139.417440000815,階数,1,4,3,1,0,2,2,0,0,0,0,0,無,無,無,00:00,23:59,,,,原データNO=212 / 原データ所管部課=まちなみ整備部公園課 / 原データトイレへの誘導路として点字ブロックを敷設している=無 / 原データトイレの位置等を音声で案内している=無
132012,132012T0213,八王子市,いせまいり公園,イセマイリコウエン,Isemairi Park,132012,0042000,東京都八王子市松が谷116番地,東京都,八王子市,松が谷,116番地,,園内,35.6307526348393,139.41566243409,階数,1,3,3,0,0,0,0,0,2,1,1,0,無,無,無,00:00,23:59,,,,原データNO=213 / 原データ所管部課=まちなみ整備部公園課 / 原データトイレへの誘導路として点字ブロックを敷設している=無 / 原データトイレの位置等を音声で案内している=無
132012,132012T0214,八王子市,望地公園,ボウチコウエン,Bouchi Park,132012,0042000,東京都八王子市松が谷140番地,東京都,八王子市,松が谷,140番地,,園内,35.6323134027623,139.419872111132,階数,1,2,2,0,0,0,0,0,2,1,1,0,無,無,無,00:00,23:59,,,,原データNO=214 / 原データ所管部課=まちなみ整備部公園課 / 原データトイレへの誘導路として点字ブロックを敷設している=無 / 原データトイレの位置等を音声で案内している=無
132012,132012T0215,八王子市,谷戸山雲の公園,ヤトヤマクモノコウエン,Yatoyamakumono Park,132012,0005005,東京都八王子市南大沢五丁目2番地,東京都,八王子市,南大沢五丁目,2番地,,園内,35.6145150695288,139.373866669402,階数,1,1,1,0,0,0,0,0,1,1,0,0,無,無,無,00:00,23:59,,,,原データNO=215 / 原データ所管部課=まちなみ整備部公園課 / 原データトイレへの誘導路として点字ブロックを敷設している=無 / 原データトイレの位置等を音声で案内している=無
132012,132012T0216,八王子市,多賀公園,タガコウエン,Taga Park,132012,0090004,東京都八王子市元本郷町四丁目19番地,東京都,八王子市,元本郷町四丁目,19番地,,園内,35.66658327636,139.311851130123,階数,1,2,2,0,0,0,0,0,1,0,1,0,無,無,無,00:00,23:59,,,,原データNO=216 / 原データ所管部課=まちなみ整備部公園課 / 原データトイレへの誘導路として点字ブロックを敷設している=無 / 原データトイレの位置等を音声で案内している=無
132012,132012T0217,八王子市,下川口公園,シモカワグチコウエン,Shimokawaguchi Park,132012,0107000,東京都八王子市川口町1543番地4号,東京都,八王子市,川口町,1543番地4号,,園内,35.683254,139.298408,階数,1,2,1,1,0,0,0,0,0,0,0,2,有,無,有,00:00,23:59,,,,原データNO=217 / 原データ所管部課=まちなみ整備部公園課 / 原データトイレへの誘導路として点字ブロックを敷設している=有 / 原データトイレの位置等を音声で案内している=無 / 原データ戸の形式=C.手動引き戸 / 原データ車椅子が出入りできる（出入口の有効幅員80cm以上）=有 / 原データ車椅子が転回できる（直径150cm以上の円が内接できる）=有 / 原データ便座に背もたれがある=無 / 原データ便座に手すりがある=有 / 原データオストメイト用設備がある=有 / 原データオストメイト用設備が温水対応している=無 / 原データ大型ベッドを備えている=無 / 原データ乳幼児用おむつ交換台等を備えている=無 / 原データ乳幼児用椅子を備えている=有 / 原データ非常用呼び出しボタンを設置している=有
132012,132012T0218,八王子市,東中野公園,ヒガシナカノコウエン,Higashinakano Park,132012,0042000,東京都八王子市松が谷195番地,東京都,八王子市,松が谷,195番地,,園内,35.6260194266187,139.415673039711,階数,1,3,2,0,1,2,0,2,0,0,0,0,無,無,無,00:00,23:59,,,,原データNO=218 / 原データ所管部課=まちなみ整備部公園課 / 原データトイレへの誘導路として点字ブロックを敷設している=無 / 原データトイレの位置等を音声で案内している=無
132012,132012T0219,八王子市,乳母ヶ谷公園,ウバガヤコウエン,Ubagaya Park,132012,0042000,東京都八王子市松が谷168番地1号,東京都,八王子市,松が谷,168番地1号,,園内,35.6286794577596,139.411662206182,階数,1,3,3,0,0,0,0,0,2,1,1,0,無,無,無,00:00,23:59,,,,原データNO=219 / 原データ所管部課=まちなみ整備部公園課 / 原データトイレへの誘導路として点字ブロックを敷設している=無 / 原データトイレの位置等を音声で案内している=無
132012,132012T0220,八王子市,秋葉台公園,アキバダイコウエン,Akibadai Park,132012,0038002,東京都八王子市別所二丁目4番地,東京都,八王子市,別所二丁目,4番地,,園内,35.625926,139.405772,階数,1,3,2,1,0,2,2,0,0,0,0,1,有,無,無,00:00,23:59,,,,原データNO=220 / 原データ所管部課=まちなみ整備部公園課 / 原データトイレへの誘導路として点字ブロックを敷設している=無 / 原データトイレの位置等を音声で案内している=無 / 原データ戸の形式=C.手動引き戸 / 原データ車椅子が出入りできる（出入口の有効幅員80cm以上）=有 / 原データ車椅子が転回できる（直径150cm以上の円が内接できる）=有 / 原データ便座に背もたれがある=無 / 原データ便座に手すりがある=有 / 原データオストメイト用設備がある=無 / 原データオストメイト用設備が温水対応している=無 / 原データ大型ベッドを備えている=無 / 原データ乳幼児用おむつ交換台等を備えている=無 / 原データ乳幼児用椅子を備えている=無 / 原データ非常用呼び出しボタンを設置している=有
132012,132012T0221,八王子市,横川下原公園,ヨコカワシタハラコウエン,Yokokawashitahara Park,132012,0019000,東京都八王子市横川町812番地1号,東京都,八王子市,横川町,812番地1号,,園内,35.6667473938753,139.297181748705,階数,1,3,2,1,0,2,2,0,0,0,0,0,無,無,無,00:00,23:59,,,,原データNO=221 / 原データ所管部課=まちなみ整備部公園課 / 原データトイレへの誘導路として点字ブロックを敷設している=無 / 原データトイレの位置等を音声で案内している=無
132012,132012T0222,八王子市,台町見晴公園,ダイマチミハラシコウエン,Daimachimiharashi Park,132012,0053003,東京都八王子市台町三丁目1番18号,東京都,八王子市,台町三丁目,1番18号,,園内,35.6549718443625,139.323716873318,階数,1,1,1,0,0,0,0,0,1,1,0,0,無,無,無,00:00,23:59,,,,原データNO=222 / 原データ所管部課=まちなみ整備部公園課 / 原データトイレへの誘導路として点字ブロックを敷設している=無 / 原データトイレの位置等を音声で案内している=無
132012,132012T0223,八王子市,南大沢中郷公園,ミナミオオサワナカゴウコウエン,Minamiosawanakago Park,132012,0005002,東京都八王子市南大沢二丁目26番地,東京都,八王子市,南大沢二丁目,26番地,,園内,35.612807,139.380353,階数,1,2,2,0,0,1,1,0,0,0,0,2,有,無,無,00:00,23:59,,,,原データNO=223 / 原データ所管部課=まちなみ整備部公園課 / 原データトイレへの誘導路として点字ブロックを敷設している=無 / 原データトイレの位置等を音声で案内している=無 / 原データ戸の形式=C.手動引き戸 / 原データ車椅子が出入りできる（出入口の有効幅員80cm以上）=有 / 原データ車椅子が転回できる（直径150cm以上の円が内接できる）=無 / 原データ便座に背もたれがある=無 / 原データ便座に手すりがある=有 / 原データオストメイト用設備がある=無 / 原データオストメイト用設備が温水対応している=無 / 原データ大型ベッドを備えている=無 / 原データ乳幼児用おむつ交換台等を備えている=無 / 原データ乳幼児用椅子を備えている=無 / 原データ非常用呼び出しボタンを設置している=有
132012,132012T0224,八王子市,南大沢うずまき公園,ミナミオオサワウズマキコウエン,Minamiosawauzumaki Park,132012,0005005,東京都八王子市南大沢五丁目19番地,東京都,八王子市,南大沢五丁目,19番地,,園内,35.6102535076759,139.368306612981,階数,1,1,1,0,0,0,0,0,1,1,0,0,無,無,無,00:00,23:59,,,,原データNO=224 / 原データ所管部課=まちなみ整備部公園課 / 原データトイレへの誘導路として点字ブロックを敷設している=無 / 原データトイレの位置等を音声で案内している=無
132012,132012T0225,八王子市,川久保公園,カワクボコウエン,Kawakubo Park,132012,0059000,東京都八王子市片倉町702番地4号,東京都,八王子市,片倉町,702番地4号,,園内,35.6411913544079,139.340443176415,階数,1,1,1,0,0,0,0,0,1,1,0,0,無,無,無,00:00,23:59,,,,原データNO=225 / 原データ所管部課=まちなみ整備部公園課 / 原データトイレへの誘導路として点字ブロックを敷設している=無 / 原データトイレの位置等を音声で案内している=無
132012,132012T0226,八王子市,来光寺公園,ライコウジコウエン,Raikoji Park,132012,0059000,東京都八王子市片倉町449番地,東京都,八王子市,片倉町,449番地,,園内,35.642717,139.342982,階数,1,1,1,0,0,0,0,0,1,1,0,1,有,無,有,00:00,23:59,,,,原データNO=226 / 原データ所管部課=まちなみ整備部公園課 / 原データトイレへの誘導路として点字ブロックを敷設している=無 / 原データトイレの位置等を音声で案内している=無 / 原データ戸の形式=C.手動引き戸 / 原データ車椅子が出入りできる（出入口の有効幅員80cm以上）=有 / 原データ車椅子が転回できる（直径150cm以上の円が内接できる）=有 / 原データ便座に背もたれがある=無 / 原データ便座に手すりがある=有 / 原データオストメイト用設備がある=有 / 原データオストメイト用設備が温水対応している=無 / 原データ大型ベッドを備えている=無 / 原データ乳幼児用おむつ交換台等を備えている=無 / 原データ乳幼児用椅子を備えている=無 / 原データ非常用呼び出しボタンを設置している=有
132012,132012T0227,八王子市,中土入公園,ナカツチイレコウエン,Nakatsuchiire Park,132012,0059000,東京都八王子市片倉町814番地1号,東京都,八王子市,片倉町,814番地1号,,園内,35.642184,139.344967,階数,1,1,1,0,0,0,0,0,1,1,0,1,有,無,無,00:00,23:59,,,,原データNO=227 / 原データ所管部課=まちなみ整備部公園課 / 原データトイレへの誘導路として点字ブロックを敷設している=無 / 原データトイレの位置等を音声で案内している=無 / 原データ戸の形式=C.手動引き戸 / 原データ車椅子が出入りできる（出入口の有効幅員80cm以上）=有 / 原データ車椅子が転回できる（直径150cm以上の円が内接できる）=有 / 原データ便座に背もたれがある=無 / 原データ便座に手すりがある=有 / 原データオストメイト用設備がある=無 / 原データオストメイト用設備が温水対応している=無 / 原データ大型ベッドを備えている=無 / 原データ乳幼児用おむつ交換台等を備えている=無 / 原データ乳幼児用椅子を備えている=無 / 原データ非常用呼び出しボタンを設置している=有
132012,132012T0228,八王子市,子の澤公園,ネノサワコウエン,Nenosawa Park,132012,0067000,東京都八王子市寺田町400番地20号,東京都,八王子市,寺田町,400番地20号,,園内,35.6249485874435,139.309123960676,階数,1,1,1,0,0,0,0,0,1,1,0,0,無,無,無,00:00,23:59,,,,原データNO=228 / 原データ所管部課=まちなみ整備部公園課 / 原データトイレへの誘導路として点字ブロックを敷設している=無 / 原データトイレの位置等を音声で案内している=無
132012,132012T0229,八王子市,柳沢の池公園,ヤナギサワノイケコウエン,Yanagisawanoike Park,132012,0037003,東京都八王子市下柚木三丁目2290番2号,東京都,八王子市,下柚木三丁目,2290番2号,,園内,35.618405,139.377516,階数,1,1,1,0,0,1,1,0,0,0,0,2,有,無,無,00:00,23:59,,,,原データNO=229 / 原データ所管部課=まちなみ整備部公園課 / 原データトイレへの誘導路として点字ブロックを敷設している=無 / 原データトイレの位置等を音声で案内している=無 / 原データ戸の形式=C.手動引き戸 / 原データ車椅子が出入りできる（出入口の有効幅員80cm以上）=有 / 原データ車椅子が転回できる（直径150cm以上の円が内接できる）=無 / 原データ便座に背もたれがある=無 / 原データ便座に手すりがある=有 / 原データオストメイト用設備がある=無 / 原データオストメイト用設備が温水対応している=無 / 原データ大型ベッドを備えている=無 / 原データ乳幼児用おむつ交換台等を備えている=無 / 原データ乳幼児用椅子を備えている=無 / 原データ非常用呼び出しボタンを設置している=無
132012,132012T0230,八王子市,堀之内引切公園,ホリノウチヒキキリコウエン,Horinouchihikikiri Park,132012,0036000,東京都八王子市堀之内344番地6号,東京都,八王子市,堀之内,344番地6号,,園内,35.6300871199495,139.403374270653,階数,1,2,1,1,0,1,1,0,0,0,0,0,無,無,無,00:00,23:59,,,,原データNO=230 / 原データ所管部課=まちなみ整備部公園課 / 原データトイレへの誘導路として点字ブロックを敷設している=無 / 原データトイレの位置等を音声で案内している=無
132012,132012T0231,八王子市,別所ふれあい公園,ベッショフレアイコウエン,Besshofureai Park,132012,0038001,東京都八王子市別所一丁目8番地1号,東京都,八王子市,別所一丁目,8番地1号,,園内,35.6235128727418,139.398801073094,階数,1,2,1,1,0,1,1,0,0,0,0,0,無,無,無,00:00,23:59,,,,原データNO=231 / 原データ所管部課=まちなみ整備部公園課 / 原データトイレへの誘導路として点字ブロックを敷設している=無 / 原データトイレの位置等を音声で案内している=無
132012,132012T0232,八王子市,別所公園,ベッショコウエン,Bessho Park,132012,0038002,東京都八王子市別所二丁目33番2号,東京都,八王子市,別所二丁目,33番2号,,テニスコート付近,35.617493823986,139.399222356172,階数,1,0,0,0,0,2,2,0,0,0,0,0,無,無,無,00:00,23:59,,,,原データNO=232 / 原データ所管部課=まちなみ整備部公園課 / 原データトイレへの誘導路として点字ブロックを敷設している=無 / 原データトイレの位置等を音声で案内している=無
132012,132012T0233,八王子市,別所公園,ベッショコウエン,Bessho Park,132012,0038002,東京都八王子市別所二丁目33番2号,東京都,八王子市,別所二丁目,33番2号,,テニスコート付近,35.6175804960045,139.399247837156,階数,1,2,1,1,0,0,0,0,0,0,0,0,無,無,無,00:00,23:59,,,,原データNO=233 / 原データ所管部課=まちなみ整備部公園課 / 原データトイレへの誘導路として点字ブロックを敷設している=無 / 原データトイレの位置等を音声で案内している=無
132012,132012T0234,八王子市,別所公園,ベッショコウエン,Bessho Park,132012,0038002,東京都八王子市別所二丁目33番2号,東京都,八王子市,別所二丁目,33番2号,,テニスコート付近,35.617529,139.399288,階数,1,0,0,0,0,0,0,0,0,0,0,1,有,無,無,00:00,23:59,,,,原データNO=234 / 原データ所管部課=まちなみ整備部公園課 / 原データトイレへの誘導路として点字ブロックを敷設している=無 / 原データトイレの位置等を音声で案内している=無 / 原データ戸の形式=C.手動引き戸 / 原データ車椅子が出入りできる（出入口の有効幅員80cm以上）=有 / 原データ車椅子が転回できる（直径150cm以上の円が内接できる）=有 / 原データ便座に背もたれがある=無 / 原データ便座に手すりがある=有 / 原データオストメイト用設備がある=無 / 原データオストメイト用設備が温水対応している=無 / 原データ大型ベッドを備えている=無 / 原データ乳幼児用おむつ交換台等を備えている=無 / 原データ乳幼児用椅子を備えている=無 / 原データ非常用呼び出しボタンを設置している=無
132012,132012T0235,八王子市,上柚木公園,カミユギコウエン,Kamiyugi Park,132012,0004002,東京都八王子市上柚木二丁目40番1号,東京都,八王子市,上柚木二丁目,40番1号,,児童遊園付近,35.621197,139.373915,階数,1,5,3,2,0,3,3,0,0,0,0,1,有,無,無,00:00,23:59,,,,原データNO=235 / 原データ所管部課=まちなみ整備部公園課 / 原データトイレへの誘導路として点字ブロックを敷設している=無 / 原データトイレの位置等を音声で案内している=無 / 原データ戸の形式=C.手動引き戸 / 原データ車椅子が出入りできる（出入口の有効幅員80cm以上）=有 / 原データ車椅子が転回できる（直径150cm以上の円が内接できる）=無 / 原データ便座に背もたれがある=無 / 原データ便座に手すりがある=有 / 原データオストメイト用設備がある=無 / 原データオストメイト用設備が温水対応している=無 / 原データ大型ベッドを備えている=無 / 原データ乳幼児用おむつ交換台等を備えている=無 / 原データ乳幼児用椅子を備えている=無 / 原データ非常用呼び出しボタンを設置している=有
132012,132012T0236,八王子市,上柚木公園,カミユギコウエン,Kamiyugi Park,132012,0004002,東京都八王子市上柚木二丁目40番1号,東京都,八王子市,上柚木二丁目,40番1号,,芝生の丘西,35.6204190497591,139.371070481983,階数,1,5,3,2,0,3,3,0,0,0,0,0,無,無,無,00:00,23:59,,,,原データNO=236 / 原データ所管部課=まちなみ整備部公園課 / 原データトイレへの誘導路として点字ブロックを敷設している=無 / 原データトイレの位置等を音声で案内している=無
132012,132012T0237,八王子市,上柚木公園,カミユギコウエン,Kamiyugi Park,132012,0004002,東京都八王子市上柚木二丁目40番1号,東京都,八王子市,上柚木二丁目,40番1号,,陸上競技場南,35.618959,139.370863,階数,1,6,4,1,1,5,3,2,0,0,0,1,有,有,無,00:00,23:59,,,,原データNO=237 / 原データ所管部課=まちなみ整備部公園課 / 原データトイレへの誘導路として点字ブロックを敷設している=無 / 原データトイレの位置等を音声で案内している=無 / 原データ戸の形式=C.手動引き戸 / 原データ車椅子が出入りできる（出入口の有効幅員80cm以上）=有 / 原データ車椅子が転回できる（直径150cm以上の円が内接できる）=無 / 原データ便座に背もたれがある=無 / 原データ便座に手すりがある=有 / 原データオストメイト用設備がある=無 / 原データオストメイト用設備が温水対応している=無 / 原データ大型ベッドを備えている=無 / 原データ乳幼児用おむつ交換台等を備えている=有 / 原データ乳幼児用椅子を備えている=無 / 原データ非常用呼び出しボタンを設置している=有
132012,132012T0238,八王子市,上柚木公園,カミユギコウエン,Kamiyugi Park,132012,0004002,東京都八王子市上柚木二丁目40番1号,東京都,八王子市,上柚木二丁目,40番1号,,多目的広場付近,35.61889,139.364594,階数,1,3,2,1,0,2,2,0,0,0,0,1,有,無,無,00:00,23:59,,,,原データNO=238 / 原データ所管部課=まちなみ整備部公園課 / 原データトイレへの誘導路として点字ブロックを敷設している=無 / 原データトイレの位置等を音声で案内している=無 / 原データ戸の形式=C.手動引き戸 / 原データ車椅子が出入りできる（出入口の有効幅員80cm以上）=有 / 原データ車椅子が転回できる（直径150cm以上の円が内接できる）=無 / 原データ便座に背もたれがある=無 / 原データ便座に手すりがある=有 / 原データオストメイト用設備がある=無 / 原データオストメイト用設備が温水対応している=無 / 原データ大型ベッドを備えている=無 / 原データ乳幼児用おむつ交換台等を備えている=無 / 原データ乳幼児用椅子を備えている=無 / 原データ非常用呼び出しボタンを設置している=有
132012,132012T0239,八王子市,南浅川緑地,ミナミアサカワリョクチ,Minamiasakawa　Park,132012,0102000,東京都八王子市長房町44番地,東京都,八王子市,長房町,44番地,,園内,35.658463,139.303813,階数,1,1,1,0,0,0,0,0,0,0,0,1,有,無,有,00:00,23:59,,,,原データNO=239 / 原データ所管部課=まちなみ整備部公園課 / 原データトイレへの誘導路として点字ブロックを敷設している=有 / 原データトイレの位置等を音声で案内している=無 / 原データ戸の形式=C.手動引き戸 / 原データ車椅子が出入りできる（出入口の有効幅員80cm以上）=有 / 原データ車椅子が転回できる（直径150cm以上の円が内接できる）=無 / 原データ便座に背もたれがある=無 / 原データ便座に手すりがある=有 / 原データオストメイト用設備がある=有 / 原データオストメイト用設備が温水対応している=無 / 原データ大型ベッドを備えている=無 / 原データ乳幼児用おむつ交換台等を備えている=無 / 原データ乳幼児用椅子を備えている=無 / 原データ非常用呼び出しボタンを設置している=有
132012,132012T0240,八王子市,梶原谷とちの木公園,カジワラダニトチノキコウエン,Kajiwaradanitochinoki Park,132012,0011002,東京都八王子市元八王子町二丁目3344番地10号,東京都,八王子市,元八王子町二丁目,3344番地10号,,園内,35.6626201783599,139.274919783541,階数,1,1,1,0,0,0,0,0,1,1,0,0,無,無,無,00:00,23:59,,,,原データNO=240 / 原データ所管部課=まちなみ整備部公園課 / 原データトイレへの誘導路として点字ブロックを敷設している=無 / 原データトイレの位置等を音声で案内している=無
132012,132012T0241,八王子市,裏宿さくら公園,ウラジュクサクラコウエン,Urajukusakura Park,132012,0011002,東京都八王子市元八王子町二丁目3351番地16号,東京都,八王子市,元八王子町二丁目,3351番地16号,,園内,35.6620655661108,139.278464841944,階数,1,3,2,1,0,2,2,0,0,0,0,0,無,無,無,00:00,23:59,,,,原データNO=241 / 原データ所管部課=まちなみ整備部公園課 / 原データトイレへの誘導路として点字ブロックを敷設している=無 / 原データトイレの位置等を音声で案内している=無
132012,132012T0242,八王子市,長沼山下公園,ナガヌマヤマシタコウエン,Naganumayamashita Park,132012,0008000,東京都八王子市長沼町793番地2号,東京都,八王子市,長沼町,793番地2号,,園内,35.6430924415177,139.363712141066,階数,1,2,1,1,0,1,1,0,0,0,0,0,無,無,無,00:00,23:59,,,,原データNO=242 / 原データ所管部課=まちなみ整備部公園課 / 原データトイレへの誘導路として点字ブロックを敷設している=無 / 原データトイレの位置等を音声で案内している=無
132012,132012T0243,八王子市,上柚木そよ風公園,カミユギソヨカゼコウエン,Kamiyugisoyokaze Park,132012,0004003,東京都八王子市上柚木三丁目101番地,東京都,八王子市,上柚木三丁目,101番地,,園内,35.6182860273871,139.372588069402,階数,1,2,1,1,0,1,1,0,0,0,0,0,無,無,無,00:00,23:59,,,,原データNO=243 / 原データ所管部課=まちなみ整備部公園課 / 原データトイレへの誘導路として点字ブロックを敷設している=無 / 原データトイレの位置等を音声で案内している=無
132012,132012T0244,八王子市,上柚木ひだまり公園,カミユギヒダマリコウエン,Kamiyugihidamari Park,132012,0004003,東京都八王子市上柚木三丁目100番地,東京都,八王子市,上柚木三丁目,100番地,,園内,35.6153991312712,139.370311094591,階数,1,2,1,1,0,1,1,0,0,0,0,0,無,無,無,00:00,23:59,,,,原データNO=244 / 原データ所管部課=まちなみ整備部公園課 / 原データトイレへの誘導路として点字ブロックを敷設している=無 / 原データトイレの位置等を音声で案内している=無
132012,132012T0245,八王子市,九兵衛坂公園,キュウベイザカコウエン,Kyubeizaka Park,132012,0038002,東京都八王子市別所二丁目25番地,東京都,八王子市,別所二丁目,25番地,,園内,35.620608912375,139.400838488391,階数,1,2,2,0,0,0,0,0,1,0,1,0,無,無,無,00:00,23:59,,,,原データNO=245 / 原データ所管部課=まちなみ整備部公園課 / 原データトイレへの誘導路として点字ブロックを敷設している=無 / 原データトイレの位置等を音声で案内している=無
132012,132012T0246,八王子市,大塚なかおね公園,オオツカナカオネコウエン,Otsukanakaone Park,132012,0043000,東京都八王子市大塚272番地3号,東京都,八王子市,大塚,272番地3号,,園内,35.6432090947942,139.41347499386,階数,1,0,0,0,0,0,0,0,1,1,0,0,無,無,無,00:00,23:59,,,,原データNO=246 / 原データ所管部課=まちなみ整備部公園課 / 原データトイレへの誘導路として点字ブロックを敷設している=無 / 原データトイレの位置等を音声で案内している=無
132012,132012T0247,八王子市,堀之内番場公園,ホリノウチバンバコウエン,Horinouchibamba Park,132012,0036003,東京都八王子市堀之内三丁目8番地,東京都,八王子市,堀之内三丁目,8番地,,園内,35.6295186382549,139.40496679072,階数,1,2,1,0,1,1,0,1,0,0,0,0,無,無,無,00:00,23:59,,,,原データNO=247 / 原データ所管部課=まちなみ整備部公園課 / 原データトイレへの誘導路として点字ブロックを敷設している=無 / 原データトイレの位置等を音声で案内している=無
132012,132012T0248,八王子市,打越碁石坂公園,ウチコシゴイシザカコウエン,Uchikoshigoishizaka Park,132012,0051005,東京都八王子市北野台五丁目13番4号,東京都,八王子市,北野台五丁目,13番4号,,園内,35.6306734998265,139.352107255333,階数,1,0,0,0,0,0,0,0,1,1,0,0,無,無,無,00:00,23:59,,,,原データNO=248 / 原データ所管部課=まちなみ整備部公園課 / 原データトイレへの誘導路として点字ブロックを敷設している=無 / 原データトイレの位置等を音声で案内している=無
132012,132012T0249,八王子市,富士見台公園,フジミダイコウエン,Fujimidai Park,132012,0037000,東京都八王子市下柚木905番地3号,東京都,八王子市,下柚木,905番地3号,,第１駐車場付近,35.625798,139.385589,階数,1,5,3,0,2,4,0,4,2,0,2,1,有,有,有,00:00,23:59,,,,原データNO=249 / 原データ所管部課=まちなみ整備部公園課 / 原データトイレへの誘導路として点字ブロックを敷設している=無 / 原データトイレの位置等を音声で案内している=無 / 原データ戸の形式=C.手動引き戸 / 原データ車椅子が出入りできる（出入口の有効幅員80cm以上）=有 / 原データ車椅子が転回できる（直径150cm以上の円が内接できる）=有 / 原データ便座に背もたれがある=有 / 原データ便座に手すりがある=有 / 原データオストメイト用設備がある=有 / 原データオストメイト用設備が温水対応している=無 / 原データ大型ベッドを備えている=無 / 原データ乳幼児用おむつ交換台等を備えている=有 / 原データ乳幼児用椅子を備えている=有 / 原データ非常用呼び出しボタンを設置している=有
132012,132012T0250,八王子市,富士見台公園,フジミダイコウエン,Fujimidai Park,132012,0037000,東京都八王子市下柚木905番地3号,東京都,八王子市,下柚木,905番地3号,,歴史広場西,35.625032,139.38743,階数,1,6,4,2,0,4,4,0,0,0,0,0,無,無,無,00:00,23:59,,,,原データNO=250 / 原データ所管部課=まちなみ整備部公園課 / 原データトイレへの誘導路として点字ブロックを敷設している=無 / 原データトイレの位置等を音声で案内している=無
132012,132012T0251,八王子市,山下こぶし公園,ヤマシタコブシコウエン,Yamashitakobushi Park,132012,0037003,東京都八王子市下柚木三丁目8番地,東京都,八王子市,下柚木三丁目,8番地,,園内,35.6220542095304,139.382172636645,階数,1,2,1,1,0,1,1,0,0,0,0,0,無,無,無,00:00,23:59,,,,原データNO=251 / 原データ所管部課=まちなみ整備部公園課 / 原データトイレへの誘導路として点字ブロックを敷設している=無 / 原データトイレの位置等を音声で案内している=無
132012,132012T0252,八王子市,出羽山公園,デワヤマコウエン,Dewayama Park,132012,0049001,東京都八王子市城山手一丁目1095番1号,東京都,八王子市,城山手一丁目,1095番1号,,園内,35.6554191226277,139.28727061801,階数,1,3,2,1,0,2,2,0,0,0,0,0,無,無,無,00:00,23:59,,,,原データNO=252 / 原データ所管部課=まちなみ整備部公園課 / 原データトイレへの誘導路として点字ブロックを敷設している=無 / 原データトイレの位置等を音声で案内している=無
132012,132012T0253,八王子市,船田運動広場,フナダウンドウヒロバ,Funadaundo Park,132012,0049001,東京都八王子市城山手一丁目1095番220号,東京都,八王子市,城山手一丁目,1095番220号,,園内,35.6561405869059,139.290007893217,階数,1,1,1,0,0,0,0,0,1,1,0,0,無,無,無,00:00,23:59,,,,原データNO=253 / 原データ所管部課=まちなみ整備部公園課 / 原データトイレへの誘導路として点字ブロックを敷設している=無 / 原データトイレの位置等を音声で案内している=無
132012,132012T0254,八王子市,道場根西公園,ドウジョウネニシコウエン,Doujounenishi Park,132012,0011002,東京都八王子市元八王子町二丁目3361番地13号,東京都,八王子市,元八王子町二丁目,3361番地13号,,園内,35.6652514994359,139.27313689884,階数,1,1,1,0,0,0,0,0,1,0,1,0,無,無,無,00:00,23:59,,,,原データNO=254 / 原データ所管部課=まちなみ整備部公園課 / 原データトイレへの誘導路として点字ブロックを敷設している=無 / 原データトイレの位置等を音声で案内している=無
132012,132012T0255,八王子市,打越牛谷戸公園,ウチコシウシヤトコウエン,Uchikoshiushiyato Park,132012,0051005,東京都八王子市北野台五丁目3番5号,東京都,八王子市,北野台五丁目,3番5号,,園内,35.6334449923815,139.353149157733,階数,1,0,0,0,0,0,0,0,1,1,0,0,無,無,無,00:00,23:59,,,,原データNO=255 / 原データ所管部課=まちなみ整備部公園課 / 原データトイレへの誘導路として点字ブロックを敷設している=無 / 原データトイレの位置等を音声で案内している=無
132012,132012T0256,八王子市,蓮生寺公園,レンショウジコウエン,Renshoji Park,132012,0038001,東京都八王子市別所一丁目28番1号,東京都,八王子市,別所一丁目,28番1号,,管理事務所内,35.61907,139.394028,階数,1,3,2,1,0,2,2,0,0,0,0,1,有,無,無,00:00,23:59,,,,原データNO=256 / 原データ所管部課=まちなみ整備部公園課 / 原データトイレへの誘導路として点字ブロックを敷設している=無 / 原データトイレの位置等を音声で案内している=無 / 原データ戸の形式=C.手動引き戸 / 原データ車椅子が出入りできる（出入口の有効幅員80cm以上）=有 / 原データ車椅子が転回できる（直径150cm以上の円が内接できる）=無 / 原データ便座に背もたれがある=無 / 原データ便座に手すりがある=有 / 原データオストメイト用設備がある=無 / 原データオストメイト用設備が温水対応している=無 / 原データ大型ベッドを備えている=無 / 原データ乳幼児用おむつ交換台等を備えている=無 / 原データ乳幼児用椅子を備えている=無 / 原データ非常用呼び出しボタンを設置している=無
132012,132012T0257,八王子市,蓮生寺公園,レンショウジコウエン,Renshoji Park,132012,0038001,東京都八王子市別所一丁目28番1号,東京都,八王子市,別所一丁目,28番1号,,公園内北部,35.6207540578913,139.396268531419,階数,1,3,2,1,0,2,2,0,0,0,0,0,無,無,無,00:00,23:59,,,,原データNO=257 / 原データ所管部課=まちなみ整備部公園課 / 原データトイレへの誘導路として点字ブロックを敷設している=無 / 原データトイレの位置等を音声で案内している=無
132012,132012T0258,八王子市,蓮生寺公園,レンショウジコウエン,Renshoji Park,132012,0038001,東京都八王子市別所一丁目28番1号,東京都,八王子市,別所一丁目,28番1号,,公園内南西部,35.6185618421088,139.396225683546,階数,1,3,2,1,0,2,2,0,0,0,0,0,無,無,無,00:00,23:59,,,,原データNO=258 / 原データ所管部課=まちなみ整備部公園課 / 原データトイレへの誘導路として点字ブロックを敷設している=無 / 原データトイレの位置等を音声で案内している=無
132012,132012T0259,八王子市,別所くすのき公園,ベッショクスノキコウエン,Besshokusunoki Park,132012,0038001,東京都八王子市別所一丁目36番地,東京都,八王子市,別所一丁目,36番地,,公園内,35.6169956046733,139.391273343702,階数,1,2,1,0,1,2,1,1,0,0,0,0,無,無,無,00:00,23:59,,,,原データNO=259 / 原データ所管部課=まちなみ整備部公園課 / 原データトイレへの誘導路として点字ブロックを敷設している=無 / 原データトイレの位置等を音声で案内している=無
132012,132012T0260,八王子市,別所やまざくら公園,ベッショヤマザクラコウエン,Besshoyamazakura Park,132012,0038001,東京都八王子市別所一丁目40番地,東京都,八王子市,別所一丁目,40番地,,公園内,35.616448,139.387284,階数,1,2,1,1,0,1,1,0,0,0,0,1,有,無,無,00:00,23:59,,,,原データNO=260 / 原データ所管部課=まちなみ整備部公園課 / 原データトイレへの誘導路として点字ブロックを敷設している=無 / 原データトイレの位置等を音声で案内している=無 / 原データ戸の形式=C.手動引き戸 / 原データ車椅子が出入りできる（出入口の有効幅員80cm以上）=有 / 原データ車椅子が転回できる（直径150cm以上の円が内接できる）=無 / 原データ便座に背もたれがある=無 / 原データ便座に手すりがある=有 / 原データオストメイト用設備がある=無 / 原データオストメイト用設備が温水対応している=無 / 原データ大型ベッドを備えている=無 / 原データ乳幼児用おむつ交換台等を備えている=無 / 原データ乳幼児用椅子を備えている=無 / 原データ非常用呼び出しボタンを設置している=有
132012,132012T0261,八王子市,松木公園,マツキコウエン,Matsuki Park,132012,0038001,東京都八王子市別所一丁目56番2号,東京都,八王子市,別所一丁目,56番2号,,管理事務所付近,35.611875,139.390046,階数,1,2,1,1,0,2,1,1,0,0,0,1,有,無,無,08:00,17:00,,,,原データNO=261 / 原データ所管部課=まちなみ整備部公園課 / 原データトイレへの誘導路として点字ブロックを敷設している=無 / 原データトイレの位置等を音声で案内している=無 / 原データ戸の形式=C.手動引き戸 / 原データ車椅子が出入りできる（出入口の有効幅員80cm以上）=有 / 原データ車椅子が転回できる（直径150cm以上の円が内接できる）=有 / 原データ便座に背もたれがある=無 / 原データ便座に手すりがある=有 / 原データオストメイト用設備がある=無 / 原データオストメイト用設備が温水対応している=無 / 原データ大型ベッドを備えている=無 / 原データ乳幼児用おむつ交換台等を備えている=無 / 原データ乳幼児用椅子を備えている=無 / 原データ非常用呼び出しボタンを設置している=有
132012,132012T0262,八王子市,松木公園,マツキコウエン,Matsuki Park,132012,0038001,東京都八王子市別所一丁目56番2号,東京都,八王子市,別所一丁目,56番2号,,管理事務所内,35.612118,139.389868,階数,1,3,2,1,0,2,2,0,0,0,0,1,有,無,無,08:00,17:00,,,,原データNO=262 / 原データ所管部課=まちなみ整備部公園課 / 原データトイレへの誘導路として点字ブロックを敷設している=無 / 原データトイレの位置等を音声で案内している=無 / 原データ戸の形式=C.手動引き戸 / 原データ車椅子が出入りできる（出入口の有効幅員80cm以上）=有 / 原データ車椅子が転回できる（直径150cm以上の円が内接できる）=有 / 原データ便座に背もたれがある=無 / 原データ便座に手すりがある=有 / 原データオストメイト用設備がある=無 / 原データオストメイト用設備が温水対応している=無 / 原データ大型ベッドを備えている=無 / 原データ乳幼児用おむつ交換台等を備えている=無 / 原データ乳幼児用椅子を備えている=無 / 原データ非常用呼び出しボタンを設置している=有
132012,132012T0263,八王子市,長池公園,ナガイケコウエン,Nagaike Park,132012,0038002,東京都八王子市別所二丁目58番地,東京都,八王子市,別所二丁目,58番地,,自然館内,35.610578,139.390809,階数,1,7,4,2,1,5,3,2,0,0,0,1,有,有,無,09:00,17:00,12/29～1/3は休館,,,原データNO=263 / 原データ所管部課=まちなみ整備部公園課 / 原データトイレへの誘導路として点字ブロックを敷設している=無 / 原データトイレの位置等を音声で案内している=無 / 原データ戸の形式=C.手動引き戸 / 原データ車椅子が出入りできる（出入口の有効幅員80cm以上）=有 / 原データ車椅子が転回できる（直径150cm以上の円が内接できる）=有 / 原データ便座に背もたれがある=無 / 原データ便座に手すりがある=有 / 原データオストメイト用設備がある=無 / 原データオストメイト用設備が温水対応している=無 / 原データ大型ベッドを備えている=無 / 原データ乳幼児用おむつ交換台等を備えている=有 / 原データ乳幼児用椅子を備えている=無 / 原データ非常用呼び出しボタンを設置している=有
132012,132012T0264,八王子市,長池公園,ナガイケコウエン,Nagaike Park,132012,0038002,東京都八王子市別所二丁目58番地,東京都,八王子市,別所二丁目,58番地,,里山のいえ付近,35.608621,139.392298,階数,1,5,3,1,1,3,2,1,0,0,0,1,有,有,無,10:00,16:00,12/29～1/3は閉鎖,,,原データNO=264 / 原データ所管部課=まちなみ整備部公園課 / 原データトイレへの誘導路として点字ブロックを敷設している=無 / 原データトイレの位置等を音声で案内している=無 / 原データ戸の形式=C.手動引き戸 / 原データ車椅子が出入りできる（出入口の有効幅員80cm以上）=有 / 原データ車椅子が転回できる（直径150cm以上の円が内接できる）=有 / 原データ便座に背もたれがある=無 / 原データ便座に手すりがある=有 / 原データオストメイト用設備がある=無 / 原データオストメイト用設備が温水対応している=無 / 原データ大型ベッドを備えている=無 / 原データ乳幼児用おむつ交換台等を備えている=有 / 原データ乳幼児用椅子を備えている=無 / 原データ非常用呼び出しボタンを設置している=有
132012,132012T0265,八王子市,長池公園,ナガイケコウエン,Nagaike Park,132012,0038002,東京都八王子市別所二丁目58番地,東京都,八王子市,別所二丁目,58番地,,南側駐車場付近,35.603965,139.386747,階数,1,3,2,1,0,2,1,1,0,0,0,1,有,有,無,00:00,23:59,,,,原データNO=265 / 原データ所管部課=まちなみ整備部公園課 / 原データトイレへの誘導路として点字ブロックを敷設している=無 / 原データトイレの位置等を音声で案内している=無 / 原データ戸の形式=C.手動引き戸 / 原データ車椅子が出入りできる（出入口の有効幅員80cm以上）=有 / 原データ車椅子が転回できる（直径150cm以上の円が内接できる）=有 / 原データ便座に背もたれがある=無 / 原データ便座に手すりがある=有 / 原データオストメイト用設備がある=無 / 原データオストメイト用設備が温水対応している=無 / 原データ大型ベッドを備えている=無 / 原データ乳幼児用おむつ交換台等を備えている=有 / 原データ乳幼児用椅子を備えている=無 / 原データ非常用呼び出しボタンを設置している=有
132012,132012T0266,八王子市,長池公園,ナガイケコウエン,Nagaike Park,132012,0038002,東京都八王子市別所二丁目58番地,東京都,八王子市,別所二丁目,58番地,,自然館内,35.6106449428081,139.390903562391,階数,1,0,0,0,0,0,0,0,0,0,0,1,無,無,無,06:30,17:00,,,,原データNO=266 / 原データ所管部課=まちなみ整備部公園課 / 原データトイレへの誘導路として点字ブロックを敷設している=無 / 原データトイレの位置等を音声で案内している=無
132012,132012T0267,八王子市,陵東公園,リョウトウコウエン,Ryotou Park,132012,0049002,東京都八王子市城山手二丁目1095番374号,東京都,八王子市,城山手二丁目,1095番374号,,公園内,35.6518236779268,139.285182261459,階数,1,3,2,1,0,2,2,0,0,0,0,0,無,無,無,00:00,23:59,,,,原データNO=267 / 原データ所管部課=まちなみ整備部公園課 / 原データトイレへの誘導路として点字ブロックを敷設している=無 / 原データトイレの位置等を音声で案内している=無
132012,132012T0268,八王子市,城山手もみじ公園,シロヤマテモミジコウエン,Shiroyamatemomiji Park,132012,0049002,東京都八王子市城山手二丁目1095番536号,東京都,八王子市,城山手二丁目,1095番536号,,公園内,35.6526791004128,139.282614041825,階数,1,2,2,0,0,0,0,0,1,1,0,0,無,無,無,00:00,23:59,,,,原データNO=268 / 原データ所管部課=まちなみ整備部公園課 / 原データトイレへの誘導路として点字ブロックを敷設している=無 / 原データトイレの位置等を音声で案内している=無
132012,132012T0269,八王子市,殿入中央公園,トノイリチュウオウコウエン,Tonoirichuo Park,132012,0062000,東京都八王子市館町2428番地,東京都,八王子市,館町,2428番地,,駐車場付近,35.627958,139.295432,階数,1,3,2,1,0,2,2,0,0,0,0,1,有,無,無,08:15,17:15,,,,原データNO=269 / 原データ所管部課=まちなみ整備部公園課 / 原データトイレへの誘導路として点字ブロックを敷設している=無 / 原データトイレの位置等を音声で案内している=無 / 原データ戸の形式=C.手動引き戸 / 原データ車椅子が出入りできる（出入口の有効幅員80cm以上）=有 / 原データ車椅子が転回できる（直径150cm以上の円が内接できる）=有 / 原データ便座に背もたれがある=無 / 原データ便座に手すりがある=有 / 原データオストメイト用設備がある=無 / 原データオストメイト用設備が温水対応している=無 / 原データ大型ベッドを備えている=無 / 原データ乳幼児用おむつ交換台等を備えている=無 / 原データ乳幼児用椅子を備えている=無 / 原データ非常用呼び出しボタンを設置している=有
132012,132012T0270,八王子市,殿入中央公園,トノイリチュウオウコウエン,Tonoirichuo Park,132012,0062000,東京都八王子市館町2428番地,東京都,八王子市,館町,2428番地,,テニスコート付近,35.6258303146128,139.295739771013,階数,1,0,0,0,0,0,0,0,1,0,1,0,無,無,無,00:00,23:59,,,,原データNO=270 / 原データ所管部課=まちなみ整備部公園課 / 原データトイレへの誘導路として点字ブロックを敷設している=無 / 原データトイレの位置等を音声で案内している=無
132012,132012T0271,八王子市,神子沢公園,ミコノサワコウエン,Mikonosawa Park,132012,0050002,東京都八王子市鑓水二丁目69番地1号,東京都,八王子市,鑓水二丁目,69番地1号,,公園内,35.6141714051108,139.362375595141,階数,1,1,1,0,0,0,0,0,1,1,0,0,無,無,無,00:00,23:59,,,,原データNO=271 / 原データ所管部課=まちなみ整備部公園課 / 原データトイレへの誘導路として点字ブロックを敷設している=無 / 原データトイレの位置等を音声で案内している=無
132012,132012T0272,八王子市,東谷公園,ヒガシヤコウエン,Higashiya Park,132012,0050002,東京都八王子市鑓水二丁目80番地,東京都,八王子市,鑓水二丁目,80番地,,公園内,35.6112130542773,139.36499698692,階数,1,1,1,0,0,0,0,0,1,1,0,0,無,無,無,00:00,23:59,,,,原データNO=272 / 原データ所管部課=まちなみ整備部公園課 / 原データトイレへの誘導路として点字ブロックを敷設している=無 / 原データトイレの位置等を音声で案内している=無
132012,132012T0273,八王子市,清水入緑地,シミズイリリョクチ,Shimizuiri Park,132012,0005002,東京都八王子市南大沢二丁目130番地,東京都,八王子市,南大沢二丁目,130番地,,公園内,35.6064964221026,139.384699277399,階数,1,1,1,0,0,0,0,0,1,1,0,0,無,無,無,00:00,23:59,,,,原データNO=273 / 原データ所管部課=まちなみ整備部公園課 / 原データトイレへの誘導路として点字ブロックを敷設している=無 / 原データトイレの位置等を音声で案内している=無
132012,132012T0274,八王子市,みなみ野の丘公園,ミナミノノオカコウエン,Minaminonooka Park,132012,0048001,東京都八王子市みなみ野一丁目10番地,東京都,八王子市,みなみ野一丁目,10番地,,公園内,35.632287,139.324895,階数,1,1,1,0,0,0,0,0,0,0,0,1,有,無,無,00:00,23:59,,,,原データNO=274 / 原データ所管部課=まちなみ整備部公園課 / 原データトイレへの誘導路として点字ブロックを敷設している=無 / 原データトイレの位置等を音声で案内している=無 / 原データ戸の形式=C.手動引き戸 / 原データ車椅子が出入りできる（出入口の有効幅員80cm以上）=有 / 原データ車椅子が転回できる（直径150cm以上の円が内接できる）=有 / 原データ便座に背もたれがある=無 / 原データ便座に手すりがある=有 / 原データオストメイト用設備がある=無 / 原データオストメイト用設備が温水対応している=無 / 原データ大型ベッドを備えている=無 / 原データ乳幼児用おむつ交換台等を備えている=無 / 原データ乳幼児用椅子を備えている=無 / 原データ非常用呼び出しボタンを設置している=無
132012,132012T0275,八王子市,栃谷戸公園,トチヤトコウエン,Tochiyato Park,132012,0048005,東京都八王子市みなみ野五丁目29番地,東京都,八王子市,みなみ野五丁目,29番地,,公園内,35.629532,139.318483,階数,1,2,1,1,0,1,1,0,0,0,0,1,有,無,無,00:00,23:59,,,,原データNO=275 / 原データ所管部課=まちなみ整備部公園課 / 原データトイレへの誘導路として点字ブロックを敷設している=無 / 原データトイレの位置等を音声で案内している=無 / 原データ戸の形式=C.手動引き戸 / 原データ車椅子が出入りできる（出入口の有効幅員80cm以上）=有 / 原データ車椅子が転回できる（直径150cm以上の円が内接できる）=有 / 原データ便座に背もたれがある=無 / 原データ便座に手すりがある=有 / 原データオストメイト用設備がある=無 / 原データオストメイト用設備が温水対応している=無 / 原データ大型ベッドを備えている=無 / 原データ乳幼児用おむつ交換台等を備えている=無 / 原データ乳幼児用椅子を備えている=無 / 原データ非常用呼び出しボタンを設置している=無
132012,132012T0276,八王子市,みなみ野けやき公園,ミナミノケヤキコウエン,Minaminokeyaki Park,132012,0048006,東京都八王子市みなみ野六丁目13番地,東京都,八王子市,みなみ野六丁目,13番地,,公園内,35.631603,139.321594,階数,1,1,1,0,0,0,0,0,0,0,0,1,有,無,無,00:00,23:59,,,,原データNO=276 / 原データ所管部課=まちなみ整備部公園課 / 原データトイレへの誘導路として点字ブロックを敷設している=無 / 原データトイレの位置等を音声で案内している=無 / 原データ戸の形式=C.手動引き戸 / 原データ車椅子が出入りできる（出入口の有効幅員80cm以上）=有 / 原データ車椅子が転回できる（直径150cm以上の円が内接できる）=有 / 原データ便座に背もたれがある=無 / 原データ便座に手すりがある=有 / 原データオストメイト用設備がある=無 / 原データオストメイト用設備が温水対応している=無 / 原データ大型ベッドを備えている=無 / 原データ乳幼児用おむつ交換台等を備えている=無 / 原データ乳幼児用椅子を備えている=無 / 原データ非常用呼び出しボタンを設置している=無
132012,132012T0277,八王子市,ゆりのき台中央公園,ユリノキダイチュウオウコウエン,Yurinokidaichuo Park,132012,0062000,東京都八王子市館町1870番地129号,東京都,八王子市,館町,1870番地129号,,公園内,35.6280519792341,139.301386702849,階数,1,1,0,1,0,1,1,0,0,0,0,0,無,無,無,00:00,23:59,,,,原データNO=277 / 原データ所管部課=まちなみ整備部公園課 / 原データトイレへの誘導路として点字ブロックを敷設している=無 / 原データトイレの位置等を音声で案内している=無
132012,132012T0278,八王子市,みなみ野かしのき公園,ミナミノカシノキコウエン,Minaminokashinoki Park,132012,0048004,東京都八王子市みなみ野四丁目133番地,東京都,八王子市,みなみ野四丁目,133番地,,公園内,35.628090578624,139.320384983539,階数,1,1,1,0,0,0,0,0,1,0,1,0,無,無,無,00:00,23:59,,,,原データNO=278 / 原データ所管部課=まちなみ整備部公園課 / 原データトイレへの誘導路として点字ブロックを敷設している=無 / 原データトイレの位置等を音声で案内している=無
132012,132012T0279,八王子市,由木めぐみ野公園,ユギメグミノコウエン,Yugimegumino Park,132012,0037000,東京都八王子市下柚木1400番地9号,東京都,八王子市,下柚木,1400番地9号,,公園内,35.630276,139.374197,階数,1,1,1,0,0,0,0,0,0,0,0,1,有,有,無,00:00,23:59,,,,原データNO=279 / 原データ所管部課=まちなみ整備部公園課 / 原データトイレへの誘導路として点字ブロックを敷設している=無 / 原データトイレの位置等を音声で案内している=無 / 原データ戸の形式=C.手動引き戸 / 原データ車椅子が出入りできる（出入口の有効幅員80cm以上）=有 / 原データ車椅子が転回できる（直径150cm以上の円が内接できる）=有 / 原データ便座に背もたれがある=無 / 原データ便座に手すりがある=有 / 原データオストメイト用設備がある=無 / 原データオストメイト用設備が温水対応している=無 / 原データ大型ベッドを備えている=無 / 原データ乳幼児用おむつ交換台等を備えている=有 / 原データ乳幼児用椅子を備えている=無 / 原データ非常用呼び出しボタンを設置している=有
132012,132012T0280,八王子市,鑓水公園,ヤリミズコウエン,Yarimizu Park,132012,0050002,東京都八王子市鑓水二丁目66番地,東京都,八王子市,鑓水二丁目,66番地,,公園内,35.611468,139.359577,階数,1,2,1,1,0,1,1,0,0,0,0,1,有,無,無,00:00,23:59,,,,原データNO=280 / 原データ所管部課=まちなみ整備部公園課 / 原データトイレへの誘導路として点字ブロックを敷設している=無 / 原データトイレの位置等を音声で案内している=無 / 原データ戸の形式=C.手動引き戸 / 原データ車椅子が出入りできる（出入口の有効幅員80cm以上）=有 / 原データ車椅子が転回できる（直径150cm以上の円が内接できる）=無 / 原データ便座に背もたれがある=無 / 原データ便座に手すりがある=有 / 原データオストメイト用設備がある=無 / 原データオストメイト用設備が温水対応している=無 / 原データ大型ベッドを備えている=無 / 原データ乳幼児用おむつ交換台等を備えている=無 / 原データ乳幼児用椅子を備えている=無 / 原データ非常用呼び出しボタンを設置している=有
132012,132012T0281,八王子市,みなみ野菖蒲谷戸公園,ミナミノショウブヤトコウエン,Minaminoshobuyato Park,132012,0048003,東京都八王子市みなみ野三丁目13番地,東京都,八王子市,みなみ野三丁目,13番地,,公園内,35.629094,139.325248,階数,1,1,1,0,0,0,0,0,0,0,0,1,有,無,無,00:00,23:59,,,,原データNO=281 / 原データ所管部課=まちなみ整備部公園課 / 原データトイレへの誘導路として点字ブロックを敷設している=無 / 原データトイレの位置等を音声で案内している=無 / 原データ戸の形式=C.手動引き戸 / 原データ車椅子が出入りできる（出入口の有効幅員80cm以上）=有 / 原データ車椅子が転回できる（直径150cm以上の円が内接できる）=有 / 原データ便座に背もたれがある=無 / 原データ便座に手すりがある=有 / 原データオストメイト用設備がある=無 / 原データオストメイト用設備が温水対応している=無 / 原データ大型ベッドを備えている=無 / 原データ乳幼児用おむつ交換台等を備えている=無 / 原データ乳幼児用椅子を備えている=無 / 原データ非常用呼び出しボタンを設置している=無
132012,132012T0282,八王子市,鑓水小山緑地,ヤリミズオヤマリョクチ,Yarimizuoyama Park,132012,0050002,東京都八王子市鑓水二丁目176番1号,東京都,八王子市,鑓水二丁目,176番1号,,公園内,35.607724,139.356081,階数,1,2,1,1,0,2,2,0,0,0,0,1,有,無,無,00:00,23:59,,,,原データNO=282 / 原データ所管部課=まちなみ整備部公園課 / 原データトイレへの誘導路として点字ブロックを敷設している=無 / 原データトイレの位置等を音声で案内している=無 / 原データ戸の形式=C.手動引き戸 / 原データ車椅子が出入りできる（出入口の有効幅員80cm以上）=有 / 原データ車椅子が転回できる（直径150cm以上の円が内接できる）=無 / 原データ便座に背もたれがある=無 / 原データ便座に手すりがある=有 / 原データオストメイト用設備がある=無 / 原データオストメイト用設備が温水対応している=無 / 原データ大型ベッドを備えている=無 / 原データ乳幼児用おむつ交換台等を備えている=無 / 原データ乳幼児用椅子を備えている=無 / 原データ非常用呼び出しボタンを設置している=有
132012,132012T0283,八王子市,宇津貫公園,ウツヌキコウエン,Utsunuki Park,132012,0046006,東京都八王子市七国六丁目1番地,東京都,八王子市,七国六丁目,1番地,,公園内,35.625035,139.325565,階数,1,2,1,1,0,1,1,0,0,0,0,1,有,無,無,00:00,23:59,,,,原データNO=283 / 原データ所管部課=まちなみ整備部公園課 / 原データトイレへの誘導路として点字ブロックを敷設している=無 / 原データトイレの位置等を音声で案内している=無 / 原データ戸の形式=C.手動引き戸 / 原データ車椅子が出入りできる（出入口の有効幅員80cm以上）=有 / 原データ車椅子が転回できる（直径150cm以上の円が内接できる）=有 / 原データ便座に背もたれがある=無 / 原データ便座に手すりがある=有 / 原データオストメイト用設備がある=無 / 原データオストメイト用設備が温水対応している=無 / 原データ大型ベッドを備えている=無 / 原データ乳幼児用おむつ交換台等を備えている=無 / 原データ乳幼児用椅子を備えている=無 / 原データ非常用呼び出しボタンを設置している=無
132012,132012T0284,八王子市,兵衛下平公園,ヒョウエシモヒラコウエン,Hyoeshimohira Park,132012,0002001,東京都八王子市兵衛一丁目8番地,東京都,八王子市,兵衛一丁目,8番地,,公園内,35.628186,139.330294,階数,1,2,1,1,0,0,0,0,0,0,0,1,有,無,無,00:00,23:59,,,,原データNO=284 / 原データ所管部課=まちなみ整備部公園課 / 原データトイレへの誘導路として点字ブロックを敷設している=無 / 原データトイレの位置等を音声で案内している=無 / 原データ戸の形式=C.手動引き戸 / 原データ車椅子が出入りできる（出入口の有効幅員80cm以上）=有 / 原データ車椅子が転回できる（直径150cm以上の円が内接できる）=有 / 原データ便座に背もたれがある=無 / 原データ便座に手すりがある=有 / 原データオストメイト用設備がある=無 / 原データオストメイト用設備が温水対応している=無 / 原データ大型ベッドを備えている=無 / 原データ乳幼児用おむつ交換台等を備えている=無 / 原データ乳幼児用椅子を備えている=無 / 原データ非常用呼び出しボタンを設置している=無
132012,132012T0285,八王子市,七国君田公園,ナナクニキミタコウエン,Nanakunikimita Park,132012,0046006,東京都八王子市七国六丁目25番地,東京都,八王子市,七国六丁目,25番地,,公園内,35.624265,139.322851,階数,1,2,1,1,0,0,0,0,0,0,0,1,有,無,無,00:00,23:59,,,,原データNO=285 / 原データ所管部課=まちなみ整備部公園課 / 原データトイレへの誘導路として点字ブロックを敷設している=無 / 原データトイレの位置等を音声で案内している=無 / 原データ戸の形式=C.手動引き戸 / 原データ車椅子が出入りできる（出入口の有効幅員80cm以上）=有 / 原データ車椅子が転回できる（直径150cm以上の円が内接できる）=有 / 原データ便座に背もたれがある=無 / 原データ便座に手すりがある=有 / 原データオストメイト用設備がある=無 / 原データオストメイト用設備が温水対応している=無 / 原データ大型ベッドを備えている=無 / 原データ乳幼児用おむつ交換台等を備えている=無 / 原データ乳幼児用椅子を備えている=無 / 原データ非常用呼び出しボタンを設置している=無
132012,132012T0286,八王子市,七国西公園,ナナクニニシコウエン,Nanakuninishi Park,132012,0046004,東京都八王子市七国四丁目39番地,東京都,八王子市,七国四丁目,39番地,,公園内,35.620442,139.317961,階数,1,2,1,1,0,0,0,0,0,0,0,1,有,無,無,00:00,23:59,,,,原データNO=286 / 原データ所管部課=まちなみ整備部公園課 / 原データトイレへの誘導路として点字ブロックを敷設している=無 / 原データトイレの位置等を音声で案内している=無 / 原データ戸の形式=C.手動引き戸 / 原データ車椅子が出入りできる（出入口の有効幅員80cm以上）=有 / 原データ車椅子が転回できる（直径150cm以上の円が内接できる）=有 / 原データ便座に背もたれがある=無 / 原データ便座に手すりがある=有 / 原データオストメイト用設備がある=無 / 原データオストメイト用設備が温水対応している=無 / 原データ大型ベッドを備えている=無 / 原データ乳幼児用おむつ交換台等を備えている=無 / 原データ乳幼児用椅子を備えている=無 / 原データ非常用呼び出しボタンを設置している=無
132012,132012T0287,八王子市,椚田遺跡公園,クヌギダイセキコウエン,Kunugidaiseki Park,132012,0064000,東京都八王子市椚田541番地,東京都,八王子市,椚田,541番地,,公園内,35.636185432462,139.309103733301,階数,1,2,2,0,0,0,0,0,1,1,0,0,無,無,無,00:00,23:59,,,,原データNO=287 / 原データ所管部課=まちなみ整備部公園課 / 原データトイレへの誘導路として点字ブロックを敷設している=無 / 原データトイレの位置等を音声で案内している=無
132012,132012T0288,八王子市,堀之内寺沢里山公園,ホリノウチテラサワサトヤマコウエン,Horinouchiterasawasatoyama Park,132012,0036000,東京都八王子市堀之内700番地3号,東京都,八王子市,堀之内,700番地3号,,公園内,35.632975,139.396235,階数,1,3,2,0,1,2,0,2,0,0,0,1,有,無,有,00:00,23:59,,,,原データNO=288 / 原データ所管部課=まちなみ整備部公園課 / 原データトイレへの誘導路として点字ブロックを敷設している=無 / 原データトイレの位置等を音声で案内している=無 / 原データ戸の形式=A.自動引き戸（押しボタン） / 原データ車椅子が出入りできる（出入口の有効幅員80cm以上）=有 / 原データ車椅子が転回できる（直径150cm以上の円が内接できる）=有 / 原データ便座に背もたれがある=有 / 原データ便座に手すりがある=有 / 原データオストメイト用設備がある=有 / 原データオストメイト用設備が温水対応している=無 / 原データ大型ベッドを備えている=無 / 原データ乳幼児用おむつ交換台等を備えている=無 / 原データ乳幼児用椅子を備えている=有 / 原データ非常用呼び出しボタンを設置している=有
132012,132012T0289,八王子市,みなみ野下大船公園,ミナミノシモオオフネコウエン,Minaminoshimoofune Park,132012,0052000,東京都八王子市大船町1030番地,東京都,八王子市,大船町,1030番地,,公園内,35.625787,139.315619,階数,1,2,1,1,0,0,0,0,0,0,0,1,有,無,無,00:00,23:59,,,,原データNO=289 / 原データ所管部課=まちなみ整備部公園課 / 原データトイレへの誘導路として点字ブロックを敷設している=無 / 原データトイレの位置等を音声で案内している=無 / 原データ戸の形式=C.手動引き戸 / 原データ車椅子が出入りできる（出入口の有効幅員80cm以上）=有 / 原データ車椅子が転回できる（直径150cm以上の円が内接できる）=有 / 原データ便座に背もたれがある=無 / 原データ便座に手すりがある=有 / 原データオストメイト用設備がある=無 / 原データオストメイト用設備が温水対応している=無 / 原データ大型ベッドを備えている=無 / 原データ乳幼児用おむつ交換台等を備えている=無 / 原データ乳幼児用椅子を備えている=無 / 原データ非常用呼び出しボタンを設置している=無
132012,132012T0290,八王子市,七国閑道公園,ナナクニカンドウコウエン,Nanakunikando Park,132012,0046003,東京都八王子市七国三丁目122番地,東京都,八王子市,七国三丁目,122番地,,公園内,35.6183,139.32239,階数,1,2,1,1,0,0,0,0,0,0,0,1,有,無,無,00:00,23:59,,,,原データNO=290 / 原データ所管部課=まちなみ整備部公園課 / 原データトイレへの誘導路として点字ブロックを敷設している=無 / 原データトイレの位置等を音声で案内している=無 / 原データ戸の形式=C.手動引き戸 / 原データ車椅子が出入りできる（出入口の有効幅員80cm以上）=有 / 原データ車椅子が転回できる（直径150cm以上の円が内接できる）=有 / 原データ便座に背もたれがある=無 / 原データ便座に手すりがある=有 / 原データオストメイト用設備がある=無 / 原データオストメイト用設備が温水対応している=無 / 原データ大型ベッドを備えている=無 / 原データ乳幼児用おむつ交換台等を備えている=無 / 原データ乳幼児用椅子を備えている=無 / 原データ非常用呼び出しボタンを設置している=無
132012,132012T0291,八王子市,七国公園,ナナクニコウエン,Nanakuni Park,132012,0046003,東京都八王子市七国三丁目125番地,東京都,八王子市,七国三丁目,125番地,,公園内,35.615818,139.323629,階数,1,2,1,1,0,0,0,0,0,0,0,1,有,無,無,00:00,23:59,,,,原データNO=291 / 原データ所管部課=まちなみ整備部公園課 / 原データトイレへの誘導路として点字ブロックを敷設している=無 / 原データトイレの位置等を音声で案内している=無 / 原データ戸の形式=C.手動引き戸 / 原データ車椅子が出入りできる（出入口の有効幅員80cm以上）=有 / 原データ車椅子が転回できる（直径150cm以上の円が内接できる）=有 / 原データ便座に背もたれがある=無 / 原データ便座に手すりがある=有 / 原データオストメイト用設備がある=無 / 原データオストメイト用設備が温水対応している=無 / 原データ大型ベッドを備えている=無 / 原データ乳幼児用おむつ交換台等を備えている=無 / 原データ乳幼児用椅子を備えている=無 / 原データ非常用呼び出しボタンを設置している=無
132012,132012T0292,八王子市,白山神社下公園,ハクサンジンジャシタコウエン,Hakusanjinjashita Park,132012,0056000,東京都八王子市中山774番地,東京都,八王子市,中山,774番地,,公園内,35.627595,139.359511,階数,1,2,1,1,0,0,0,0,0,0,0,1,有,有,無,00:00,23:59,,,,原データNO=292 / 原データ所管部課=まちなみ整備部公園課 / 原データトイレへの誘導路として点字ブロックを敷設している=無 / 原データトイレの位置等を音声で案内している=無 / 原データ戸の形式=C.手動引き戸 / 原データ車椅子が出入りできる（出入口の有効幅員80cm以上）=有 / 原データ車椅子が転回できる（直径150cm以上の円が内接できる）=有 / 原データ便座に背もたれがある=有 / 原データ便座に手すりがある=有 / 原データオストメイト用設備がある=無 / 原データオストメイト用設備が温水対応している=無 / 原データ大型ベッドを備えている=有 / 原データ乳幼児用おむつ交換台等を備えている=有 / 原データ乳幼児用椅子を備えている=有 / 原データ非常用呼び出しボタンを設置している=有
132012,132012T0293,八王子市,小田野中央公園,オダノチュウオウコウエン,Odanochuo Park,132012,0023000,東京都八王子市西寺方町400番地1号,東京都,八王子市,西寺方町,400番地1号,,公園内,35.676933,139.266136,階数,1,3,2,1,0,2,1,1,0,0,0,1,有,有,無,00:00,23:59,,,,原データNO=293 / 原データ所管部課=まちなみ整備部公園課 / 原データトイレへの誘導路として点字ブロックを敷設している=有 / 原データトイレの位置等を音声で案内している=無 / 原データ戸の形式=C.手動引き戸 / 原データ車椅子が出入りできる（出入口の有効幅員80cm以上）=有 / 原データ車椅子が転回できる（直径150cm以上の円が内接できる）=有 / 原データ便座に背もたれがある=有 / 原データ便座に手すりがある=有 / 原データオストメイト用設備がある=無 / 原データオストメイト用設備が温水対応している=無 / 原データ大型ベッドを備えている=無 / 原データ乳幼児用おむつ交換台等を備えている=有 / 原データ乳幼児用椅子を備えている=有 / 原データ非常用呼び出しボタンを設置している=有
132012,132012T0294,八王子市,片倉つどいの森公園,カタクラツドイノモリコウエン,Katakuratsudoinomori Park,132012,0059000,東京都八王子市片倉町3506番地,東京都,八王子市,片倉町,3506番地,,管理事務所北側,35.639004,139.332446,階数,1,3,2,0,1,3,0,3,0,0,0,1,有,有,無,00:00,23:59,,,,原データNO=294 / 原データ所管部課=まちなみ整備部公園課 / 原データトイレへの誘導路として点字ブロックを敷設している=無 / 原データトイレの位置等を音声で案内している=無 / 原データ戸の形式=C.手動引き戸 / 原データ車椅子が出入りできる（出入口の有効幅員80cm以上）=有 / 原データ車椅子が転回できる（直径150cm以上の円が内接できる）=有 / 原データ便座に背もたれがある=無 / 原データ便座に手すりがある=有 / 原データオストメイト用設備がある=無 / 原データオストメイト用設備が温水対応している=無 / 原データ大型ベッドを備えている=無 / 原データ乳幼児用おむつ交換台等を備えている=有 / 原データ乳幼児用椅子を備えている=有 / 原データ非常用呼び出しボタンを設置している=無
132012,132012T0295,八王子市,片倉つどいの森公園,カタクラツドイノモリコウエン,Katakuratsudoinomori Park,132012,0059000,東京都八王子市片倉町3506番地,東京都,八王子市,片倉町,3506番地,,森のステージ付近,35.637415,139.331916,階数,1,2,1,0,1,1,0,1,0,0,0,1,有,有,無,00:00,23:59,,,,原データNO=295 / 原データ所管部課=まちなみ整備部公園課 / 原データトイレへの誘導路として点字ブロックを敷設している=無 / 原データトイレの位置等を音声で案内している=無 / 原データ戸の形式=D.手動開き戸 / 原データ車椅子が出入りできる（出入口の有効幅員80cm以上）=有 / 原データ車椅子が転回できる（直径150cm以上の円が内接できる）=有 / 原データ便座に背もたれがある=無 / 原データ便座に手すりがある=有 / 原データオストメイト用設備がある=無 / 原データオストメイト用設備が温水対応している=無 / 原データ大型ベッドを備えている=無 / 原データ乳幼児用おむつ交換台等を備えている=有 / 原データ乳幼児用椅子を備えている=有 / 原データ非常用呼び出しボタンを設置している=無
132012,132012T0296,八王子市,戸吹スポーツ公園,トブキスポーツコウエン,Tobukisports Park,132012,0119000,東京都八王子市戸吹町1746番地1号,東京都,八王子市,戸吹町,1746番地1号,,公園内,35.701143,139.28798,階数,1,3,2,0,1,2,1,1,0,0,0,1,有,有,有,07:30,22:00,,,,原データNO=296 / 原データ所管部課=まちなみ整備部公園課 / 原データトイレへの誘導路として点字ブロックを敷設している=無 / 原データトイレの位置等を音声で案内している=無 / 原データ戸の形式=C.手動引き戸 / 原データ車椅子が出入りできる（出入口の有効幅員80cm以上）=有 / 原データ車椅子が転回できる（直径150cm以上の円が内接できる）=有 / 原データ便座に背もたれがある=有 / 原データ便座に手すりがある=有 / 原データオストメイト用設備がある=有 / 原データオストメイト用設備が温水対応している=有 / 原データ大型ベッドを備えている=無 / 原データ乳幼児用おむつ交換台等を備えている=有 / 原データ乳幼児用椅子を備えている=有 / 原データ非常用呼び出しボタンを設置している=有
132012,132012T0297,八王子市,高尾駒木野庭園,タカオコマギノテイエン,Takaokomagino　Park,132012,0012000,東京都八王子市裏高尾町268番地1号,東京都,八王子市,裏高尾町,268番地1号,,公園内,35.640592,139.269969,階数,1,0,0,0,0,0,0,0,0,0,0,1,有,有,有,09:00,18:00,9月-10月は17時まで、11月-3月は16時まで,,,原データNO=297 / 原データ所管部課=まちなみ整備部公園課 / 原データトイレへの誘導路として点字ブロックを敷設している=無 / 原データトイレの位置等を音声で案内している=無 / 原データ戸の形式=C.手動引き戸 / 原データ車椅子が出入りできる（出入口の有効幅員80cm以上）=有 / 原データ車椅子が転回できる（直径150cm以上の円が内接できる）=有 / 原データ便座に背もたれがある=有 / 原データ便座に手すりがある=有 / 原データオストメイト用設備がある=有 / 原データオストメイト用設備が温水対応している=有 / 原データ大型ベッドを備えている=無 / 原データ乳幼児用おむつ交換台等を備えている=有 / 原データ乳幼児用椅子を備えている=有 / 原データ非常用呼び出しボタンを設置している=有
132012,132012T0298,八王子市,高尾駒木野庭園,タカオコマギノテイエン,Takaokomagino　Park,132012,0012000,東京都八王子市裏高尾町268番地1号,東京都,八王子市,裏高尾町,268番地1号,,建物内,35.640537,139.269928,階数,1,2,1,0,1,1,0,1,0,0,0,1,有,無,有,09:00,18:00,9月-10月は17時まで、11月-3月は16時まで,,,原データNO=298 / 原データ所管部課=まちなみ整備部公園課 / 原データトイレへの誘導路として点字ブロックを敷設している=有 / 原データトイレの位置等を音声で案内している=無 / 原データ戸の形式=C.手動引き戸 / 原データ車椅子が出入りできる（出入口の有効幅員80cm以上）=有 / 原データ車椅子が転回できる（直径150cm以上の円が内接できる）=有 / 原データ便座に背もたれがある=有 / 原データ便座に手すりがある=有 / 原データオストメイト用設備がある=有 / 原データオストメイト用設備が温水対応している=無 / 原データ大型ベッドを備えている=無 / 原データ乳幼児用おむつ交換台等を備えている=無 / 原データ乳幼児用椅子を備えている=無 / 原データ非常用呼び出しボタンを設置している=有
132012,132012T0299,八王子市,台町ふれあい公園,ダイマチフレアイコウエン,Daimachifureai Park,132012,0053004,東京都八王子市台町四丁目176番地,東京都,八王子市,台町四丁目,176番地,,公園内,35.657096,139.321688,階数,1,0,0,0,0,0,0,0,0,0,0,1,有,有,有,00:00,23:59,,,,原データNO=299 / 原データ所管部課=まちなみ整備部公園課 / 原データトイレへの誘導路として点字ブロックを敷設している=有 / 原データトイレの位置等を音声で案内している=無 / 原データ戸の形式=C.手動引き戸 / 原データ車椅子が出入りできる（出入口の有効幅員80cm以上）=有 / 原データ車椅子が転回できる（直径150cm以上の円が内接できる）=有 / 原データ便座に背もたれがある=無 / 原データ便座に手すりがある=有 / 原データオストメイト用設備がある=有 / 原データオストメイト用設備が温水対応している=無 / 原データ大型ベッドを備えている=無 / 原データ乳幼児用おむつ交換台等を備えている=有 / 原データ乳幼児用椅子を備えている=有 / 原データ非常用呼び出しボタンを設置している=有
132012,132012T0300,八王子市,堀之内沖ノ谷戸公園,ホリノウチオキノヤトコウエン,Horinouchiokinoyato Park,132012,0036000,東京都八王子市堀之内字2号206番地2号,東京都,八王子市,堀之内字,2号206番地2号,,公園内,35.63517,139.400673,階数,1,2,1,0,1,1,0,1,0,0,0,1,有,有,有,00:00,23:59,,,,原データNO=300 / 原データ所管部課=まちなみ整備部公園課 / 原データトイレへの誘導路として点字ブロックを敷設している=有 / 原データトイレの位置等を音声で案内している=無 / 原データ戸の形式=C.手動引き戸 / 原データ車椅子が出入りできる（出入口の有効幅員80cm以上）=有 / 原データ車椅子が転回できる（直径150cm以上の円が内接できる）=有 / 原データ便座に背もたれがある=無 / 原データ便座に手すりがある=有 / 原データオストメイト用設備がある=有 / 原データオストメイト用設備が温水対応している=無 / 原データ大型ベッドを備えている=無 / 原データ乳幼児用おむつ交換台等を備えている=有 / 原データ乳幼児用椅子を備えている=無 / 原データ非常用呼び出しボタンを設置している=有
132012,132012T0301,八王子市,中田遺跡公園,ナカタイセキコウエン,Nakataiseki Park,132012,0026003,東京都八王子市中野山王三丁目2327番9号,東京都,八王子市,中野山王三丁目,2327番9号,,公園内,35.6746133715994,139.323754796444,階数,1,3,2,0,1,3,1,2,0,0,0,1,無,無,無,00:00,23:59,,,,原データNO=301 / 原データ所管部課=まちなみ整備部公園課 / 原データトイレへの誘導路として点字ブロックを敷設している=無 / 原データトイレの位置等を音声で案内している=無
132012,132012T0302,八王子市,明神町なかよし公園,ミョウジンチョウナカヨシコウエン,Myojinchonakayoshi Park,132012,0070002,東京都八王子市明神町二丁目9番,東京都,八王子市,明神町二丁目,9番,,公園内,35.656821,139.347357,階数,1,1,1,0,0,0,0,0,0,0,0,1,有,有,無,06:00,22:00,,,,原データNO=302 / 原データ所管部課=まちなみ整備部公園課 / 原データトイレへの誘導路として点字ブロックを敷設している=無 / 原データトイレの位置等を音声で案内している=無 / 原データ戸の形式=C.手動引き戸 / 原データ車椅子が出入りできる（出入口の有効幅員80cm以上）=有 / 原データ車椅子が転回できる（直径150cm以上の円が内接できる）=有 / 原データ便座に背もたれがある=無 / 原データ便座に手すりがある=有 / 原データオストメイト用設備がある=無 / 原データオストメイト用設備が温水対応している=無 / 原データ大型ベッドを備えている=無 / 原データ乳幼児用おむつ交換台等を備えている=有 / 原データ乳幼児用椅子を備えている=有 / 原データ非常用呼び出しボタンを設置している=有
132012,132012T0303,八王子市,北野多目的広場,キタノタモクテキヒロバ,Kitanotamokuteki Park,132012,0079000,東京都八王子市北野町595番地4号,東京都,八王子市,北野町,595番地4号,,公園内,35.654564117237,139.35543455467,階数,1,2,1,0,1,1,0,1,0,0,0,0,無,無,無,00:00,23:59,,,,原データNO=303 / 原データ所管部課=まちなみ整備部公園課 / 原データトイレへの誘導路として点字ブロックを敷設している=無 / 原データトイレの位置等を音声で案内している=無
132012,132012T0304,八王子市,十内入まちの広場,トウナイリマチノヒロバコウシュウベンジョ,Tounairi Park,132012,0107000,東京都八王子市川口町133番地,東京都,八王子市,川口町,133130番地,,公園内,35.6969013905278,139.268760437114,階数,1,1,1,0,0,0,0,0,0,0,0,1,無,無,無,00:00,23:59,,,,原データNO=304 / 原データ所管部課=まちなみ整備部公園課 / 原データトイレへの誘導路として点字ブロックを敷設している=無 / 原データトイレの位置等を音声で案内している=無
132012,132012T0305,八王子市,美山町萩園きた広場,ミヤマハギゾノキタヒロバコウシュウベンジョ,Miyamahaginokita Park,132012,0034000,東京都八王子市美山町1445番地8号,東京都,八王子市,美山町,1445番地8号,,公園内,35.6862391833191,139.251483614207,階数,1,1,1,0,0,0,0,0,0,0,0,1,無,無,無,00:00,23:59,,,,原データNO=305 / 原データ所管部課=まちなみ整備部公園課 / 原データトイレへの誘導路として点字ブロックを敷設している=無 / 原データトイレの位置等を音声で案内している=無
132012,132012T0306,八王子市,中野山王せせらぎ公園,ナカノサンノウセセラギコウエン,Nakano Sanno Seseragi Park,132012,0026001,東京都八王子市中野山王一丁目1331番3及び6,東京都,八王子市,中野山王一丁目,1331番3及び6,,公園北側出入口横,35.67171,139.32986,階数,1,1,1,0,0,0,0,0,0,0,0,1,無,無,無,00:00,24:00,,https://www.city.hachioji.tokyo.jp/shisei/001/006/001/002/p037425.html,CC BY 4.0,原データNO=306 / 原データ所管部課=拠点整備部区画整理課 / 原データトイレへの誘導路として点字ブロックを敷設している=無 / 原データトイレの位置等を音声で案内している=無
132012,132012T0307,八王子市,高尾駅北口公衆便所,タカオエキキタグチコウシュウベンジョ,Takao station north exit public toilet,132012,0014000,東京都八王子市高尾町1205番地,東京都,八王子市,高尾町,1205番地,,群言堂横,35.642082,139.281382,階数,1,8,6,0,2,4,1,3,1,0,1,1,有,無,無,00:00,23:59,,,,原データNO=307 / 原データ所管部課=道路交通部管理課 / 原データトイレへの誘導路として点字ブロックを敷設している=無 / 原データトイレの位置等を音声で案内している=無 / 原データ戸の形式=D.手動開き戸 / 原データ車椅子が出入りできる（出入口の有効幅員80cm以上）=有 / 原データ車椅子が転回できる（直径150cm以上の円が内接できる）=有 / 原データ便座に背もたれがある=無 / 原データ便座に手すりがある=有 / 原データオストメイト用設備がある=無 / 原データオストメイト用設備が温水対応している=無 / 原データ大型ベッドを備えている=無 / 原データ乳幼児用おむつ交換台等を備えている=無 / 原データ乳幼児用椅子を備えている=無 / 原データ非常用呼び出しボタンを設置している=有
132012,132012T0308,八王子市,みなみ野駅前公衆便所,ミナミノエキマエコウシュウベンジョ,Minamino station public toilet,132012,0048001,東京都八王子市みなみ野一丁目1番地先,東京都,八王子市,みなみ野一丁目,1番地先,,バス乗り場傍,35.630722,139.330301,階数,1,7,5,2,0,4,4,0,1,0,1,1,有,有,無,00:00,23:59,,,,原データNO=308 / 原データ所管部課=道路交通部管理課 / 原データトイレへの誘導路として点字ブロックを敷設している=無 / 原データトイレの位置等を音声で案内している=無 / 原データ戸の形式=D.手動開き戸 / 原データ車椅子が出入りできる（出入口の有効幅員80cm以上）=有 / 原データ車椅子が転回できる（直径150cm以上の円が内接できる）=有 / 原データ便座に背もたれがある=無 / 原データ便座に手すりがある=有 / 原データオストメイト用設備がある=無 / 原データオストメイト用設備が温水対応している=無 / 原データ大型ベッドを備えている=無 / 原データ乳幼児用おむつ交換台等を備えている=有 / 原データ乳幼児用椅子を備えている=無 / 原データ非常用呼び出しボタンを設置している=有
132012,132012T0309,八王子市,南大沢駅公衆便所,ミナミオオサワエキコウシュウベンジョ,Minamiosawa station public toilet,132012,0005002,東京都八王子市南大沢二丁目1620番1号,東京都,八王子市,南大沢二丁目,1620番1号,,駐輪場横,35.614268,139.380863,階数,1,8,5,2,1,5,4,1,1,0,1,1,有,無,無,00:00,23:59,,,,原データNO=309 / 原データ所管部課=道路交通部管理課 / 原データトイレへの誘導路として点字ブロックを敷設している=無 / 原データトイレの位置等を音声で案内している=無 / 原データ戸の形式=A.自動引き戸（押しボタン） / 原データ車椅子が出入りできる（出入口の有効幅員80cm以上）=有 / 原データ車椅子が転回できる（直径150cm以上の円が内接できる）=無 / 原データ便座に背もたれがある=無 / 原データ便座に手すりがある=有 / 原データオストメイト用設備がある=無 / 原データオストメイト用設備が温水対応している=無 / 原データ大型ベッドを備えている=無 / 原データ乳幼児用おむつ交換台等を備えている=無 / 原データ乳幼児用椅子を備えている=無 / 原データ非常用呼び出しボタンを設置している=有
132012,132012T0310,八王子市,堀之内駅公衆便所,ホリノウチエキコウシュウベンジョ,Horinouchi station pubulic toilet,132012,0036003,東京都八王子市堀之内三丁目2683番地,東京都,八王子市,堀之内三丁目,2683番地,,ロータリー傍,35.625142,139.400896,階数,1,4,2,2,0,2,2,0,1,0,1,1,有,有,無,00:00,23:59,,,,原データNO=310 / 原データ所管部課=道路交通部管理課 / 原データトイレへの誘導路として点字ブロックを敷設している=有 / 原データトイレの位置等を音声で案内している=無 / 原データ戸の形式=D.手動開き戸 / 原データ車椅子が出入りできる（出入口の有効幅員80cm以上）=有 / 原データ車椅子が転回できる（直径150cm以上の円が内接できる）=無 / 原データ便座に背もたれがある=無 / 原データ便座に手すりがある=有 / 原データオストメイト用設備がある=無 / 原データオストメイト用設備が温水対応している=無 / 原データ大型ベッドを備えている=無 / 原データ乳幼児用おむつ交換台等を備えている=有 / 原データ乳幼児用椅子を備えている=無 / 原データ非常用呼び出しボタンを設置している=有
132012,132012T0311,八王子市,高尾山麓公衆便所,タカオサンロクコウシュウベンジョ,Takao Mountain Base Public Toilet,132012,0014000,東京都八王子市高尾町2261番地,東京都,八王子市,高尾町,2261番地,,高尾山麓駐車場内南側　管理事務所横,35.632973,139.270782,階数,1,10,8,0,2,6,0,6,0,0,0,1,有,有,無,00:00,23:59,メンテナンス等で利用できない場合あり,https://www.city.hachioji.tokyo.jp/shisei/001/006/001/002/p037425.html,CC BY 4.0,原データNO=311 / 原データ所管部課=産業振興部観光課 / 原データトイレへの誘導路として点字ブロックを敷設している=無 / 原データトイレの位置等を音声で案内している=無 / 原データ戸の形式=C.手動引き戸 / 原データ車椅子が出入りできる（出入口の有効幅員80cm以上）=有 / 原データ車椅子が転回できる（直径150cm以上の円が内接できる）=有 / 原データ便座に背もたれがある=有 / 原データ便座に手すりがある=有 / 原データオストメイト用設備がある=無 / 原データオストメイト用設備が温水対応している=無 / 原データ大型ベッドを備えている=無 / 原データ乳幼児用おむつ交換台等を備えている=有 / 原データ乳幼児用椅子を備えている=有 / 原データ非常用呼び出しボタンを設置している=有
132012,132012T0312,八王子市,陣馬高原下公衆便所,ジンバコウゲンシタコウシュウベンジョ,Jinba Plateau Base Public Toilet,132012,0032000,東京都八王子市上恩方町3894番地,東京都,八王子市,上恩方町,3894番地,,陣馬高原下バス停横,35.652695,139.166865,階数,1,1,1,0,0,0,0,0,2,1,1,1,有,有,有,00:00,23:59,,https://www.city.hachioji.tokyo.jp/shisei/001/006/001/002/p037425.html,CC BY 4.0,原データNO=312 / 原データ所管部課=産業振興部観光課 / 原データトイレへの誘導路として点字ブロックを敷設している=無 / 原データトイレの位置等を音声で案内している=無 / 原データ戸の形式=C.手動引き戸 / 原データ車椅子が出入りできる（出入口の有効幅員80cm以上）=有 / 原データ車椅子が転回できる（直径150cm以上の円が内接できる）=有 / 原データ便座に背もたれがある=無 / 原データ便座に手すりがある=有 / 原データオストメイト用設備がある=有 / 原データオストメイト用設備が温水対応している=無 / 原データ大型ベッドを備えている=無 / 原データ乳幼児用おむつ交換台等を備えている=有 / 原データ乳幼児用椅子を備えている=有 / 原データ非常用呼び出しボタンを設置している=有
132012,132012T0313,八王子市,小仏公衆便所,コボトケコウシュウベンジョ,Kobotoke　Public Toilet,132012,0012000,東京都八王子市裏高尾町1558番地,東京都,八王子市,裏高尾町,1558番地,,小仏バス停横,35.639833,139.232114,階数,1,1,1,0,0,0,0,0,0,0,0,1,有,有,有,00:00,23:59,,https://www.city.hachioji.tokyo.jp/shisei/001/006/001/002/p037425.html,CC BY 4.0,原データNO=313 / 原データ所管部課=産業振興部観光課 / 原データトイレへの誘導路として点字ブロックを敷設している=無 / 原データトイレの位置等を音声で案内している=無 / 原データ戸の形式=C.手動引き戸 / 原データ車椅子が出入りできる（出入口の有効幅員80cm以上）=有 / 原データ車椅子が転回できる（直径150cm以上の円が内接できる）=有 / 原データ便座に背もたれがある=有 / 原データ便座に手すりがある=有 / 原データオストメイト用設備がある=有 / 原データオストメイト用設備が温水対応している=無 / 原データ大型ベッドを備えている=無 / 原データ乳幼児用おむつ交換台等を備えている=有 / 原データ乳幼児用椅子を備えている=有 / 原データ非常用呼び出しボタンを設置している=有
132012,132012T0314,八王子市,今熊公衆便所,イマクマコウシュウベンジョ,Imakuma　Public　Toilet,132012,0035000,東京都八王子市上川町27番地,東京都,八王子市,上川町,27番地,,今熊神社駐車場横,35.709774,139.221292,階数,1,1,1,0,0,0,0,0,1,1,0,1,有,有,有,00:00,23:59,,https://www.city.hachioji.tokyo.jp/shisei/001/006/001/002/p037425.html,CC BY 4.0,原データNO=314 / 原データ所管部課=産業振興部観光課 / 原データトイレへの誘導路として点字ブロックを敷設している=無 / 原データトイレの位置等を音声で案内している=無 / 原データ戸の形式=C.手動引き戸 / 原データ車椅子が出入りできる（出入口の有効幅員80cm以上）=有 / 原データ車椅子が転回できる（直径150cm以上の円が内接できる）=有 / 原データ便座に背もたれがある=無 / 原データ便座に手すりがある=有 / 原データオストメイト用設備がある=有 / 原データオストメイト用設備が温水対応している=無 / 原データ大型ベッドを備えている=無 / 原データ乳幼児用おむつ交換台等を備えている=有 / 原データ乳幼児用椅子を備えている=有 / 原データ非常用呼び出しボタンを設置している=無
132012,132012T0315,八王子市,道の駅八王子滝山,ミチノエキハチオウジタキヤマ,Hachioji Takiyama Roadside Station,132012,0105001,東京都八王子市滝山町一丁目592番地2,東京都,八王子市,滝山町一丁目,592番地2,,自動販売機横,35.686488,139.341701,階数,1,10,7,0,3,8,0,8,0,0,0,1,有,無,有,00:00,23:59,,,,原データNO=315 / 原データ所管部課=産業振興部農林課 / 原データトイレへの誘導路として点字ブロックを敷設している=有 / 原データトイレの位置等を音声で案内している=無 / 原データ戸の形式=B.自動引き戸（センサー） / 原データ車椅子が出入りできる（出入口の有効幅員80cm以上）=有 / 原データ車椅子が転回できる（直径150cm以上の円が内接できる）=有 / 原データ便座に背もたれがある=有 / 原データ便座に手すりがある=有 / 原データオストメイト用設備がある=有 / 原データオストメイト用設備が温水対応している=有 / 原データ大型ベッドを備えている=有 / 原データ乳幼児用おむつ交換台等を備えている=無 / 原データ乳幼児用椅子を備えている=有 / 原データ非常用呼び出しボタンを設置している=有
132012,132012T0316,八王子市,東浅川町公共トイレ,ヒガシアサカワマチコウキョウトイレ,Higashiasakawamachi pulic toilet,132012,0100000,東京都八王子市東浅川町1054番地1,東京都,八王子市,東浅川町,1054番地1,,原ふれあい広場（東浅川町）西側,35.647132,139.28586,階数,1,0,0,0,0,0,0,0,1,0,1,1,有,無,有,00:00,23:59,,,,原データNO=316 / 原データ所管部課=道路交通部水路管理課 / 原データトイレへの誘導路として点字ブロックを敷設している=有 / 原データトイレの位置等を音声で案内している=無 / 原データ戸の形式=C.手動引き戸 / 原データ車椅子が出入りできる（出入口の有効幅員80cm以上）=有 / 原データ車椅子が転回できる（直径150cm以上の円が内接できる）=有 / 原データ便座に背もたれがある=無 / 原データ便座に手すりがある=有 / 原データオストメイト用設備がある=有 / 原データオストメイト用設備が温水対応している=無 / 原データ大型ベッドを備えている=無 / 原データ乳幼児用おむつ交換台等を備えている=無 / 原データ乳幼児用椅子を備えている=無 / 原データ非常用呼び出しボタンを設置している=有
132012,132012T0317,八王子市,滝ガ原運動場,タキガハラウンドウジョウ,Takigahara Sports Ground,132012,0010000,東京都八王子市下恩方町3247番地2,東京都,八王子市,下恩方町,3247番地2,,滝ガ原運動場管理棟トイレ,35.667527,139.248887,階数,2,3,2,0,1,2,1,1,0,0,0,0,無,無,無,09:00,22:00,,,,原データNO=317 / 原データ所管部課=生涯学習スポーツ部スポーツ施設管理課 / 原データトイレへの誘導路として点字ブロックを敷設している=無 / 原データトイレの位置等を音声で案内している=無 / 原データ戸の形式=C.手動引き戸 / 原データ車椅子が出入りできる（出入口の有効幅員80cm以上）=有 / 原データ車椅子が転回できる（直径150cm以上の円が内接できる）=有 / 原データ便座に背もたれがある=無 / 原データ便座に手すりがある=有 / 原データオストメイト用設備がある=無 / 原データオストメイト用設備が温水対応している=無 / 原データ大型ベッドを備えている=無 / 原データ乳幼児用おむつ交換台等を備えている=無 / 原データ乳幼児用椅子を備えている=無 / 原データ非常用呼び出しボタンを設置している=有
132012,132012T0318,八王子市,富士森体育館分館競技場,フジモリタイイクカンブンカンキョウギジョウ,Fujimori gymnasium Branch Arena,132012,0035000,東京都八王子市上川町925番地1,東京都,八王子市,上川町,925番地1,,分館競技場内,35.70731,139.244834,階数,1,3,2,0,1,2,0,2,0,0,0,1,有,有,有,09:00,22:00,,,,原データNO=318 / 原データ所管部課=生涯学習スポーツ部スポーツ施設管理課 / 原データトイレへの誘導路として点字ブロックを敷設している=無 / 原データトイレの位置等を音声で案内している=無 / 原データ戸の形式=C.手動引き戸 / 原データ車椅子が出入りできる（出入口の有効幅員80cm以上）=有 / 原データ車椅子が転回できる（直径150cm以上の円が内接できる）=無 / 原データ便座に背もたれがある=無 / 原データ便座に手すりがある=有 / 原データオストメイト用設備がある=無 / 原データオストメイト用設備が温水対応している=無 / 原データ大型ベッドを備えている=無 / 原データ乳幼児用おむつ交換台等を備えている=無 / 原データ乳幼児用椅子を備えている=無 / 原データ非常用呼び出しボタンを設置している=無
132012,132012T0319,八王子市,富士森体育館分館競技場,フジモリタイイクカンブンカンキョウギジョウ,Fujimori gymnasium Branch Arena,132012,0066002,東京都八王子市散田町二丁目37番1号,東京都,八王子市,散田町二丁目,37番1号,,分館競技場内,35.649413,139.319207,階数,1,5,4,1,0,0,0,0,0,0,0,0,無,無,無,09:00,21:30,,,,原データNO=319 / 原データ所管部課=生涯学習スポーツ部スポーツ施設管理課 / 原データトイレへの誘導路として点字ブロックを敷設している=無 / 原データトイレの位置等を音声で案内している=無
132012,132012T0320,八王子市,富士森体育館分館競技場,フジモリタイイクカンブンカンキョウギジョウ,Fujimori gymnasium Branch Arena,132012,0066002,東京都八王子市散田町二丁目37番1号,東京都,八王子市,散田町二丁目,37番1号,,分館競技場内,35.649413,139.319207,階数,1,0,0,0,0,2,2,0,0,0,0,0,無,無,無,09:00,21:30,,,,原データNO=320 / 原データ所管部課=生涯学習スポーツ部スポーツ施設管理課 / 原データトイレへの誘導路として点字ブロックを敷設している=無 / 原データトイレの位置等を音声で案内している=無
132012,132012T0321,八王子市,上柚木公園陸上競技場,カミユギコウエンリクジョウキョウギジョウ,Kamiyugi Park Athletic Stadium,132012,0004002,東京都八王子市上柚木二丁目40番1号,東京都,八王子市,上柚木二丁目,40番1号,,陸上競技場管理棟内,35.61998,139.37049,階数,1,19,11,0,8,16,0,16,0,0,0,1,有,無,無,08:45,16:45,大会の利用がない場合は利用できません。年末年始は休場日のため利用できない。,,,原データNO=321 / 原データ所管部課=生涯学習スポーツ部スポーツ施設管理課 / 原データトイレへの誘導路として点字ブロックを敷設している=無 / 原データトイレの位置等を音声で案内している=無 / 原データ戸の形式=A.自動引き戸（押しボタン） / 原データ車椅子が出入りできる（出入口の有効幅員80cm以上）=有 / 原データ車椅子が転回できる（直径150cm以上の円が内接できる）=無 / 原データ便座に背もたれがある=無 / 原データ便座に手すりがある=有 / 原データオストメイト用設備がある=無 / 原データオストメイト用設備が温水対応している=無 / 原データ大型ベッドを備えている=無 / 原データ乳幼児用おむつ交換台等を備えている=無 / 原データ乳幼児用椅子を備えている=無 / 原データ非常用呼び出しボタンを設置している=有
132012,132012T0322,八王子市,上柚木公園陸上競技場,カミユギコウエンリクジョウキョウギジョウ,Kamiyugi Park Athletic Stadium,132012,0004002,東京都八王子市上柚木二丁目40番1号,東京都,八王子市,上柚木二丁目,40番1号,,陸上競技場管理棟内,35.619881,139.370496,階数,1,6,0,0,6,6,0,6,0,0,0,1,有,無,無,08:45,16:45,年末年始は休場日のため利用できない。,,,原データNO=322 / 原データ所管部課=生涯学習スポーツ部スポーツ施設管理課 / 原データトイレへの誘導路として点字ブロックを敷設している=無 / 原データトイレの位置等を音声で案内している=無 / 原データ戸の形式=A.自動引き戸（押しボタン） / 原データ車椅子が出入りできる（出入口の有効幅員80cm以上）=有 / 原データ車椅子が転回できる（直径150cm以上の円が内接できる）=無 / 原データ便座に背もたれがある=無 / 原データ便座に手すりがある=有 / 原データオストメイト用設備がある=無 / 原データオストメイト用設備が温水対応している=無 / 原データ大型ベッドを備えている=無 / 原データ乳幼児用おむつ交換台等を備えている=無 / 原データ乳幼児用椅子を備えている=無 / 原データ非常用呼び出しボタンを設置している=有
132012,132012T0323,八王子市,上柚木公園野球場,カミユギコウエンヤキュウジョウ,Kamiyugi Park baseball field,132012,0004002,東京都八王子市上柚木二丁目51番1号,東京都,八王子市,上柚木二丁目,51番1号,,野球場内,35.61896,139.365656,階数,1,10,6,0,4,6,0,6,0,0,0,1,有,無,無,08:00,18:00,10月-2月は8:30-16:30,,,原データNO=323 / 原データ所管部課=生涯学習スポーツ部スポーツ施設管理課 / 原データトイレへの誘導路として点字ブロックを敷設している=無 / 原データトイレの位置等を音声で案内している=無 / 原データ戸の形式=A.自動引き戸（押しボタン） / 原データ車椅子が出入りできる（出入口の有効幅員80cm以上）=有 / 原データ車椅子が転回できる（直径150cm以上の円が内接できる）=無 / 原データ便座に背もたれがある=無 / 原データ便座に手すりがある=有 / 原データオストメイト用設備がある=無 / 原データオストメイト用設備が温水対応している=無 / 原データ大型ベッドを備えている=無 / 原データ乳幼児用おむつ交換台等を備えている=無 / 原データ乳幼児用椅子を備えている=無 / 原データ非常用呼び出しボタンを設置している=有
132012,132012T0324,八王子市,上柚木公園テニスコート,カミユギコウエンテニスコート,Kamiyugi Park tennis field,132012,0004002,東京都八王子市上柚木二丁目51番1号,東京都,八王子市,上柚木二丁目,51番1号,,テニスコート事務棟横,35.617762,139.366074,階数,1,13,9,3,1,7,6,1,0,0,0,1,有,無,無,08:45,16:45,"11月,12月,3月は9:30-15:50",,,原データNO=324 / 原データ所管部課=生涯学習スポーツ部スポーツ施設管理課 / 原データトイレへの誘導路として点字ブロックを敷設している=無 / 原データトイレの位置等を音声で案内している=無 / 原データ戸の形式=C.手動引き戸 / 原データ車椅子が出入りできる（出入口の有効幅員80cm以上）=有 / 原データ車椅子が転回できる（直径150cm以上の円が内接できる）=無 / 原データ便座に背もたれがある=無 / 原データ便座に手すりがある=有 / 原データオストメイト用設備がある=無 / 原データオストメイト用設備が温水対応している=無 / 原データ大型ベッドを備えている=無 / 原データ乳幼児用おむつ交換台等を備えている=無 / 原データ乳幼児用椅子を備えている=無 / 原データ非常用呼び出しボタンを設置している=有
132012,132012T0325,八王子市,富士森体育館,フジモリタイイクカン,Fujimori gymnasium,132012,0053002,東京都八王子市台町二丁目3番7号,東京都,八王子市,台町二丁目,3番7号,,1階だれでもトイレ,35.650524,139.322385,階数,1,0,0,0,0,0,0,0,0,0,0,1,有,有,有,09:00,21:30,毎月第1月曜日休館日　第1月曜日が祝日の場合は、9時～21時まで利用できます。年末年始12月29日～1月3日。,,,原データNO=325 / 原データ所管部課=生涯学習スポーツ部スポーツ施設管理課 / 原データトイレへの誘導路として点字ブロックを敷設している=無 / 原データトイレの位置等を音声で案内している=無 / 原データ戸の形式=C.手動引き戸 / 原データ車椅子が出入りできる（出入口の有効幅員80cm以上）=有 / 原データ車椅子が転回できる（直径150cm以上の円が内接できる）=有 / 原データ便座に背もたれがある=有 / 原データ便座に手すりがある=有 / 原データオストメイト用設備がある=有 / 原データオストメイト用設備が温水対応している=有 / 原データ大型ベッドを備えている=無 / 原データ乳幼児用おむつ交換台等を備えている=有 / 原データ乳幼児用椅子を備えている=有 / 原データ非常用呼び出しボタンを設置している=有
132012,132012T0326,八王子市,富士森体育館,フジモリタイイクカン,Fujimori gymnasium,132012,0053002,東京都八王子市台町二丁目3番7号,東京都,八王子市,台町二丁目,3番7号,,B1階だれでもトイレ,35.65065,139.322765,階数,-1,0,0,0,0,0,0,0,0,0,0,1,有,有,有,09:00,21:30,毎月第1月曜日休館日　第1月曜日が祝日の場合は、9時～21時まで利用できます。年末年始12月29日～1月3日。,,,原データNO=326 / 原データ所管部課=生涯学習スポーツ部スポーツ施設管理課 / 原データトイレへの誘導路として点字ブロックを敷設している=無 / 原データトイレの位置等を音声で案内している=無 / 原データ戸の形式=C.手動引き戸 / 原データ車椅子が出入りできる（出入口の有効幅員80cm以上）=有 / 原データ車椅子が転回できる（直径150cm以上の円が内接できる）=有 / 原データ便座に背もたれがある=有 / 原データ便座に手すりがある=有 / 原データオストメイト用設備がある=有 / 原データオストメイト用設備が温水対応している=有 / 原データ大型ベッドを備えている=無 / 原データ乳幼児用おむつ交換台等を備えている=有 / 原データ乳幼児用椅子を備えている=有 / 原データ非常用呼び出しボタンを設置している=有
132012,132012T0327,八王子市,富士森体育館,フジモリタイイクカン,Fujimori gymnasium,132012,0053002,東京都八王子市台町二丁目3番7号,東京都,八王子市,台町二丁目,3番7号,,1階男子女子トイレ1（西側）,35.650524,139.322385,階数,1,5,3,0,2,5,0,5,0,0,0,0,無,無,無,09:00,21:30,,,,原データNO=327 / 原データ所管部課=生涯学習スポーツ部スポーツ施設管理課 / 原データトイレへの誘導路として点字ブロックを敷設している=無 / 原データトイレの位置等を音声で案内している=無
132012,132012T0328,八王子市,富士森体育館,フジモリタイイクカン,Fujimori gymnasium,132012,0053002,東京都八王子市台町二丁目3番7号,東京都,八王子市,台町二丁目,3番7号,,1階男子女子トイレ2（中央）,35.650524,139.322385,階数,1,5,3,0,2,5,0,5,0,0,0,0,無,無,無,09:00,21:30,,,,原データNO=328 / 原データ所管部課=生涯学習スポーツ部スポーツ施設管理課 / 原データトイレへの誘導路として点字ブロックを敷設している=無 / 原データトイレの位置等を音声で案内している=無
132012,132012T0329,八王子市,富士森体育館,フジモリタイイクカン,Fujimori gymnasium,132012,0053002,東京都八王子市台町二丁目3番7号,東京都,八王子市,台町二丁目,3番7号,,1階男子女子トイレ3（東側）,35.650524,139.322385,階数,1,4,3,0,1,2,0,2,0,0,0,0,無,無,無,09:00,21:30,,,,原データNO=329 / 原データ所管部課=生涯学習スポーツ部スポーツ施設管理課 / 原データトイレへの誘導路として点字ブロックを敷設している=無 / 原データトイレの位置等を音声で案内している=無
132012,132012T0330,八王子市,富士森体育館,フジモリタイイクカン,Fujimori gymnasium,132012,0053002,東京都八王子市台町二丁目3番7号,東京都,八王子市,台町二丁目,3番7号,,B1階男子女子トイレ4（西側）,35.650524,139.322385,階数,-1,4,2,1,1,2,1,1,0,0,0,0,無,無,無,09:00,21:30,,,,原データNO=330 / 原データ所管部課=生涯学習スポーツ部スポーツ施設管理課 / 原データトイレへの誘導路として点字ブロックを敷設している=無 / 原データトイレの位置等を音声で案内している=無
132012,132012T0331,八王子市,富士森体育館,フジモリタイイクカン,Fujimori gymnasium,132012,0053002,東京都八王子市台町二丁目3番7号,東京都,八王子市,台町二丁目,3番7号,,B1階男子女子トイレ5（北側）,35.650524,139.322385,階数,-1,4,3,0,1,2,0,2,0,0,0,0,無,無,無,09:00,21:30,,,,原データNO=331 / 原データ所管部課=生涯学習スポーツ部スポーツ施設管理課 / 原データトイレへの誘導路として点字ブロックを敷設している=無 / 原データトイレの位置等を音声で案内している=無
132012,132012T0332,八王子市,富士森体育館,フジモリタイイクカン,Fujimori gymnasium,132012,0053002,東京都八王子市台町二丁目3番7号,東京都,八王子市,台町二丁目,3番7号,,B1階男子女子トイレ6（南側）,35.650524,139.322385,階数,-1,3,2,0,1,2,0,2,0,0,0,0,無,無,無,09:00,21:30,,,,原データNO=332 / 原データ所管部課=生涯学習スポーツ部スポーツ施設管理課 / 原データトイレへの誘導路として点字ブロックを敷設している=無 / 原データトイレの位置等を音声で案内している=無
132012,132012T0333,八王子市,甲の原体育館,コウノハラタイイクカン,Kounohara gymnasium,132012,0111000,東京都八王子市中野町2726番地8号,東京都,八王子市,中野町,2726番地8号,,１階ホール,35.681236,139.318316,階数,1,0,0,0,0,0,0,0,0,0,0,1,有,無,有,09:00,21:30,毎月第1月曜日休館日　第1月曜日が祝日の場合は、9時～21時まで利用できます。年末年始12月29日～1月3日。,,,原データNO=333 / 原データ所管部課=生涯学習スポーツ部スポーツ施設管理課 / 原データトイレへの誘導路として点字ブロックを敷設している=無 / 原データトイレの位置等を音声で案内している=無 / 原データ戸の形式=C.手動引き戸 / 原データ車椅子が出入りできる（出入口の有効幅員80cm以上）=有 / 原データ車椅子が転回できる（直径150cm以上の円が内接できる）=有 / 原データ便座に背もたれがある=有 / 原データ便座に手すりがある=有 / 原データオストメイト用設備がある=有 / 原データオストメイト用設備が温水対応している=有 / 原データ大型ベッドを備えている=無 / 原データ乳幼児用おむつ交換台等を備えている=無 / 原データ乳幼児用椅子を備えている=有 / 原データ非常用呼び出しボタンを設置している=有
132012,132012T0334,八王子市,甲の原体育館,コウノハラタイイクカン,Kounohara gymnasium,132012,0111000,東京都八王子市中野町2726番地8号,東京都,八王子市,中野町,2726番地8号,,２階ロビー,35.681236,139.318316,階数,2,0,0,0,0,0,0,0,0,0,0,1,有,有,有,09:00,21:30,毎月第1月曜日休館日　第1月曜日が祝日の場合は、9時～21時まで利用できます。年末年始12月29日～1月3日。,,,原データNO=334 / 原データ所管部課=生涯学習スポーツ部スポーツ施設管理課 / 原データトイレへの誘導路として点字ブロックを敷設している=無 / 原データトイレの位置等を音声で案内している=無 / 原データ戸の形式=C.手動引き戸 / 原データ車椅子が出入りできる（出入口の有効幅員80cm以上）=有 / 原データ車椅子が転回できる（直径150cm以上の円が内接できる）=有 / 原データ便座に背もたれがある=有 / 原データ便座に手すりがある=有 / 原データオストメイト用設備がある=有 / 原データオストメイト用設備が温水対応している=無 / 原データ大型ベッドを備えている=無 / 原データ乳幼児用おむつ交換台等を備えている=有 / 原データ乳幼児用椅子を備えている=有 / 原データ非常用呼び出しボタンを設置している=有
132012,132012T0335,八王子市,甲の原体育館,コウノハラタイイクカン,Kounohara gymnasium,132012,0111000,東京都八王子市中野町2726番地8号,東京都,八王子市,中野町,2726番地8号,,１階プール更衣室,35.681408,139.318209,階数,1,0,0,0,0,0,0,0,0,0,0,1,有,無,有,09:00,21:30,毎月第1月曜日休館日　第1月曜日が祝日の場合は、9時～21時まで利用できます。年末年始12月29日～1月3日。,,,原データNO=335 / 原データ所管部課=生涯学習スポーツ部スポーツ施設管理課 / 原データトイレへの誘導路として点字ブロックを敷設している=無 / 原データトイレの位置等を音声で案内している=無 / 原データ戸の形式=C.手動引き戸 / 原データ車椅子が出入りできる（出入口の有効幅員80cm以上）=有 / 原データ車椅子が転回できる（直径150cm以上の円が内接できる）=有 / 原データ便座に背もたれがある=有 / 原データ便座に手すりがある=有 / 原データオストメイト用設備がある=有 / 原データオストメイト用設備が温水対応している=有 / 原データ大型ベッドを備えている=無 / 原データ乳幼児用おむつ交換台等を備えている=無 / 原データ乳幼児用椅子を備えている=有 / 原データ非常用呼び出しボタンを設置している=有
132012,132012T0336,八王子市,甲の原体育館,コウノハラタイイクカン,Kounohara gymnasium,132012,0111000,東京都八王子市中野町2726番地8号,東京都,八王子市,中野町,2726番地8号,,１階ホール,35.681236,139.318316,階数,1,3,2,0,1,2,0,2,0,0,0,0,無,無,無,09:00,21:30,,,,原データNO=336 / 原データ所管部課=生涯学習スポーツ部スポーツ施設管理課 / 原データトイレへの誘導路として点字ブロックを敷設している=無 / 原データトイレの位置等を音声で案内している=無
132012,132012T0337,八王子市,甲の原体育館,コウノハラタイイクカン,Kounohara gymnasium,132012,0111000,東京都八王子市中野町2726番地8号,東京都,八王子市,中野町,2726番地8号,,１階プール更衣室,35.681236,139.318316,階数,1,4,3,0,1,4,0,4,0,0,0,0,無,無,無,09:00,21:30,,,,原データNO=337 / 原データ所管部課=生涯学習スポーツ部スポーツ施設管理課 / 原データトイレへの誘導路として点字ブロックを敷設している=無 / 原データトイレの位置等を音声で案内している=無
132012,132012T0338,八王子市,甲の原体育館,コウノハラタイイクカン,Kounohara gymnasium,132012,0111000,東京都八王子市中野町2726番地8号,東京都,八王子市,中野町,2726番地8号,,１階更衣室,35.681236,139.318316,階数,1,3,2,0,1,2,0,2,0,0,0,0,無,無,無,09:00,21:30,,,,原データNO=338 / 原データ所管部課=生涯学習スポーツ部スポーツ施設管理課 / 原データトイレへの誘導路として点字ブロックを敷設している=無 / 原データトイレの位置等を音声で案内している=無
132012,132012T0339,八王子市,甲の原体育館,コウノハラタイイクカン,Kounohara gymnasium,132012,0111000,東京都八王子市中野町2726番地8号,東京都,八王子市,中野町,2726番地8号,,２階ロビー,35.681236,139.318316,階数,2,3,2,0,1,3,0,3,0,0,0,0,無,無,無,09:00,21:30,,,,原データNO=339 / 原データ所管部課=生涯学習スポーツ部スポーツ施設管理課 / 原データトイレへの誘導路として点字ブロックを敷設している=無 / 原データトイレの位置等を音声で案内している=無
132012,132012T0340,八王子市,総合体育館エスフォルタアリーナ八王子,ソウゴウタイイクカンエスフォルタアリーナハチオウジ,ESFORTA ARENA HACHIJI,132012,0054000,東京都八王子市狭間町1453番地1号,東京都,八王子市,狭間町,1453番地1号,,トレーニングジム横,35.639556,139.292548,階数,1,0,0,0,0,4,0,4,0,0,0,1,有,無,有,08:30,22:30,施設休館日は終日利用不可,,,原データNO=340 / 原データ所管部課=生涯学習スポーツ部スポーツ施設管理課 / 原データトイレへの誘導路として点字ブロックを敷設している=無 / 原データトイレの位置等を音声で案内している=無 / 原データ戸の形式=C.手動引き戸 / 原データ車椅子が出入りできる（出入口の有効幅員80cm以上）=有 / 原データ車椅子が転回できる（直径150cm以上の円が内接できる）=有 / 原データ便座に背もたれがある=無 / 原データ便座に手すりがある=有 / 原データオストメイト用設備がある=有 / 原データオストメイト用設備が温水対応している=有 / 原データ大型ベッドを備えている=有 / 原データ乳幼児用おむつ交換台等を備えている=無 / 原データ乳幼児用椅子を備えている=無 / 原データ非常用呼び出しボタンを設置している=有
132012,132012T0341,八王子市,総合体育館エスフォルタアリーナ八王子,ソウゴウタイイクカンエスフォルタアリーナハチオウジ,ESFORTA ARENA HACHIJI,132012,0054000,東京都八王子市狭間町1453番地1号,東京都,八王子市,狭間町,1453番地1号,,１階子どもコーナー隣,35.63977,139.292541,階数,1,6,3,1,2,4,1,3,0,0,0,1,有,無,有,08:30,22:30,施設休館日は終日利用不可,,,原データNO=341 / 原データ所管部課=生涯学習スポーツ部スポーツ施設管理課 / 原データトイレへの誘導路として点字ブロックを敷設している=無 / 原データトイレの位置等を音声で案内している=無 / 原データ戸の形式=C.手動引き戸 / 原データ車椅子が出入りできる（出入口の有効幅員80cm以上）=有 / 原データ車椅子が転回できる（直径150cm以上の円が内接できる）=有 / 原データ便座に背もたれがある=有 / 原データ便座に手すりがある=有 / 原データオストメイト用設備がある=有 / 原データオストメイト用設備が温水対応している=有 / 原データ大型ベッドを備えている=無 / 原データ乳幼児用おむつ交換台等を備えている=無 / 原データ乳幼児用椅子を備えている=無 / 原データ非常用呼び出しボタンを設置している=有
132012,132012T0342,八王子市,総合体育館エスフォルタアリーナ八王子,ソウゴウタイイクカンエスフォルタアリーナハチオウジ,ESFORTA ARENA HACHIJI,132012,0054000,東京都八王子市狭間町1453番地1号,東京都,八王子市,狭間町,1453番地1号,,トレーニングジム横,35.639556,139.292548,階数,1,5,3,0,2,0,0,0,0,0,0,1,有,無,有,08:30,22:30,施設休館日は終日利用不可,,,原データNO=342 / 原データ所管部課=生涯学習スポーツ部スポーツ施設管理課 / 原データトイレへの誘導路として点字ブロックを敷設している=無 / 原データトイレの位置等を音声で案内している=無 / 原データ戸の形式=C.手動引き戸 / 原データ車椅子が出入りできる（出入口の有効幅員80cm以上）=有 / 原データ車椅子が転回できる（直径150cm以上の円が内接できる）=有 / 原データ便座に背もたれがある=無 / 原データ便座に手すりがある=有 / 原データオストメイト用設備がある=有 / 原データオストメイト用設備が温水対応している=有 / 原データ大型ベッドを備えている=有 / 原データ乳幼児用おむつ交換台等を備えている=無 / 原データ乳幼児用椅子を備えている=無 / 原データ非常用呼び出しボタンを設置している=有
132012,132012T0343,八王子市,総合体育館エスフォルタアリーナ八王子,ソウゴウタイイクカンエスフォルタアリーナハチオウジ,ESFORTA ARENA HACHIJI,132012,0054000,東京都八王子市狭間町1453番地1号,東京都,八王子市,狭間町,1453番地1号,,２階ホール,35.640006,139.292567,階数,2,0,0,0,0,0,0,0,0,0,0,1,有,無,有,08:30,22:30,施設休館日は終日利用不可,,,原データNO=343 / 原データ所管部課=生涯学習スポーツ部スポーツ施設管理課 / 原データトイレへの誘導路として点字ブロックを敷設している=無 / 原データトイレの位置等を音声で案内している=無 / 原データ戸の形式=C.手動引き戸 / 原データ車椅子が出入りできる（出入口の有効幅員80cm以上）=有 / 原データ車椅子が転回できる（直径150cm以上の円が内接できる）=有 / 原データ便座に背もたれがある=無 / 原データ便座に手すりがある=有 / 原データオストメイト用設備がある=有 / 原データオストメイト用設備が温水対応している=有 / 原データ大型ベッドを備えている=有 / 原データ乳幼児用おむつ交換台等を備えている=無 / 原データ乳幼児用椅子を備えている=無 / 原データ非常用呼び出しボタンを設置している=有
132012,132012T0344,八王子市,総合体育館エスフォルタアリーナ八王子,ソウゴウタイイクカンエスフォルタアリーナハチオウジ,ESFORTA ARENA HACHIJI,132012,0054000,東京都八王子市狭間町1453番地1号,東京都,八王子市,狭間町,1453番地1号,,２階ホール,35.640003,139.292416,階数,2,10,5,0,5,13,0,13,0,0,0,1,有,無,有,08:30,22:30,施設休館日は終日利用不可,,,原データNO=344 / 原データ所管部課=生涯学習スポーツ部スポーツ施設管理課 / 原データトイレへの誘導路として点字ブロックを敷設している=無 / 原データトイレの位置等を音声で案内している=無 / 原データ戸の形式=C.手動引き戸 / 原データ車椅子が出入りできる（出入口の有効幅員80cm以上）=有 / 原データ車椅子が転回できる（直径150cm以上の円が内接できる）=有 / 原データ便座に背もたれがある=有 / 原データ便座に手すりがある=有 / 原データオストメイト用設備がある=有 / 原データオストメイト用設備が温水対応している=有 / 原データ大型ベッドを備えている=無 / 原データ乳幼児用おむつ交換台等を備えている=無 / 原データ乳幼児用椅子を備えている=無 / 原データ非常用呼び出しボタンを設置している=有
132012,132012T0345,八王子市,総合体育館エスフォルタアリーナ八王子,ソウゴウタイイクカンエスフォルタアリーナハチオウジ,ESFORTA ARENA HACHIJI,132012,0054000,東京都八王子市狭間町1453番地1号,東京都,八王子市,狭間町,1453番地1号,,２階メインアリーナ東側,35.640006,139.292567,階数,2,0,0,0,0,0,0,0,0,0,0,1,有,無,有,08:30,22:30,施設休館日は終日利用不可,,,原データNO=345 / 原データ所管部課=生涯学習スポーツ部スポーツ施設管理課 / 原データトイレへの誘導路として点字ブロックを敷設している=無 / 原データトイレの位置等を音声で案内している=無 / 原データ戸の形式=C.手動引き戸 / 原データ車椅子が出入りできる（出入口の有効幅員80cm以上）=有 / 原データ車椅子が転回できる（直径150cm以上の円が内接できる）=有 / 原データ便座に背もたれがある=無 / 原データ便座に手すりがある=有 / 原データオストメイト用設備がある=有 / 原データオストメイト用設備が温水対応している=有 / 原データ大型ベッドを備えている=有 / 原データ乳幼児用おむつ交換台等を備えている=無 / 原データ乳幼児用椅子を備えている=無 / 原データ非常用呼び出しボタンを設置している=有
132012,132012T0346,八王子市,総合体育館エスフォルタアリーナ八王子,ソウゴウタイイクカンエスフォルタアリーナハチオウジ,ESFORTA ARENA HACHIJI,132012,0054000,東京都八王子市狭間町1453番地1号,東京都,八王子市,狭間町,1453番地1号,,３階ホール,35.640003,139.292416,階数,3,19,13,0,6,21,0,21,0,0,0,1,有,無,有,08:30,22:30,施設休館日は終日利用不可,,,原データNO=346 / 原データ所管部課=生涯学習スポーツ部スポーツ施設管理課 / 原データトイレへの誘導路として点字ブロックを敷設している=無 / 原データトイレの位置等を音声で案内している=無 / 原データ戸の形式=C.手動引き戸 / 原データ車椅子が出入りできる（出入口の有効幅員80cm以上）=有 / 原データ車椅子が転回できる（直径150cm以上の円が内接できる）=有 / 原データ便座に背もたれがある=有 / 原データ便座に手すりがある=有 / 原データオストメイト用設備がある=有 / 原データオストメイト用設備が温水対応している=有 / 原データ大型ベッドを備えている=無 / 原データ乳幼児用おむつ交換台等を備えている=無 / 原データ乳幼児用椅子を備えている=無 / 原データ非常用呼び出しボタンを設置している=有
132012,132012T0347,八王子市,総合体育館エスフォルタアリーナ八王子,ソウゴウタイイクカンエスフォルタアリーナハチオウジ,ESFORTA ARENA HACHIJI,132012,0054000,東京都八王子市狭間町1453番地1号,東京都,八王子市,狭間町,1453番地1号,,１階駐車場横,35.639556,139.292548,階数,1,5,3,0,2,0,0,0,0,0,0,0,無,無,無,08:30,22:30,,,,原データNO=347 / 原データ所管部課=生涯学習スポーツ部スポーツ施設管理課 / 原データトイレへの誘導路として点字ブロックを敷設している=無 / 原データトイレの位置等を音声で案内している=無
132012,132012T0348,八王子市,総合体育館エスフォルタアリーナ八王子,ソウゴウタイイクカンエスフォルタアリーナハチオウジ,ESFORTA ARENA HACHIJI,132012,0054000,東京都八王子市狭間町1453番地1号,東京都,八王子市,狭間町,1453番地1号,,１階駐車場横,35.639556,139.292548,階数,1,0,0,0,0,3,0,3,0,0,0,0,無,無,無,08:30,22:30,,,,原データNO=348 / 原データ所管部課=生涯学習スポーツ部スポーツ施設管理課 / 原データトイレへの誘導路として点字ブロックを敷設している=無 / 原データトイレの位置等を音声で案内している=無
132012,132012T0350,八王子市,総合体育館エスフォルタアリーナ八王子,ソウゴウタイイクカンエスフォルタアリーナハチオウジ,ESFORTA ARENA HACHIJI,132012,0054000,東京都八王子市狭間町1453番地1号,東京都,八王子市,狭間町,1453番地1号,,３階メインアリーナ西,35.639556,139.292548,階数,3,16,10,0,6,0,0,0,0,0,0,0,無,無,無,08:30,22:30,,,,原データNO=350 / 原データ所管部課=生涯学習スポーツ部スポーツ施設管理課 / 原データトイレへの誘導路として点字ブロックを敷設している=無 / 原データトイレの位置等を音声で案内している=無
132012,132012T0351,八王子市,総合体育館エスフォルタアリーナ八王子,ソウゴウタイイクカンエスフォルタアリーナハチオウジ,ESFORTA ARENA HACHIJI,132012,0054000,東京都八王子市狭間町1453番地1号,東京都,八王子市,狭間町,1453番地1号,,３階メインアリーナ東,35.639556,139.292548,階数,3,0,0,0,0,12,0,12,0,0,0,0,無,無,無,08:30,22:30,,,,原データNO=351 / 原データ所管部課=生涯学習スポーツ部スポーツ施設管理課 / 原データトイレへの誘導路として点字ブロックを敷設している=無 / 原データトイレの位置等を音声で案内している=無
132012,132012T0352,八王子市,総合体育館エスフォルタアリーナ八王子,ソウゴウタイイクカンエスフォルタアリーナハチオウジ,ESFORTA ARENA HACHIJI,132012,0054000,東京都八王子市狭間町1453番地1号,東京都,八王子市,狭間町,1453番地1号,,３階サブアリーナ,35.639556,139.292548,階数,3,6,2,0,4,0,0,0,0,0,0,0,無,無,無,08:30,22:30,,,,原データNO=352 / 原データ所管部課=生涯学習スポーツ部スポーツ施設管理課 / 原データトイレへの誘導路として点字ブロックを敷設している=無 / 原データトイレの位置等を音声で案内している=無
132012,132012T0353,八王子市,総合体育館エスフォルタアリーナ八王子,ソウゴウタイイクカンエスフォルタアリーナハチオウジ,ESFORTA ARENA HACHIJI,132012,0054000,東京都八王子市狭間町1453番地1号,東京都,八王子市,狭間町,1453番地1号,,３階サブアリーナ,35.639556,139.292548,階数,3,0,0,0,0,5,0,5,0,0,0,0,無,無,無,08:30,22:30,,,,原データNO=353 / 原データ所管部課=生涯学習スポーツ部スポーツ施設管理課 / 原データトイレへの誘導路として点字ブロックを敷設している=無 / 原データトイレの位置等を音声で案内している=無
132012,132012T0354,八王子市,恩方農村環境改善センター,オンガタノウソンカンキョウカイゼンセンター,Ongata Rural Environment Improvement Center,132012,0010000,東京都八王子市下恩方町3247番地2,東京都,八王子市,下恩方町,3247番地2,恩方農村環境改善センター,階段横,35.667527,139.248887,階数,1,3,2,1,0,2,2,0,0,0,0,1,有,無,無,09:00,22:00,,,,原データNO=354 / 原データ所管部課=産業振興部農林課 / 原データトイレへの誘導路として点字ブロックを敷設している=有 / 原データトイレの位置等を音声で案内している=無 / 原データ戸の形式=C.手動引き戸 / 原データ車椅子が出入りできる（出入口の有効幅員80cm以上）=有 / 原データ車椅子が転回できる（直径150cm以上の円が内接できる）=有 / 原データ便座に背もたれがある=無 / 原データ便座に手すりがある=有 / 原データオストメイト用設備がある=有 / 原データオストメイト用設備が温水対応している=無 / 原データ大型ベッドを備えている=無 / 原データ乳幼児用おむつ交換台等を備えている=無 / 原データ乳幼児用椅子を備えている=無 / 原データ非常用呼び出しボタンを設置している=有
132012,132012T0355,八王子市,恩方農村環境改善センター,オンガタノウソンカンキョウカイゼンセンター,Ongata Rural Environment Improvement Center,132012,0010000,東京都八王子市下恩方町3247番地2,東京都,八王子市,下恩方町,3247番地2,恩方農村環境改善センター,階段横,35.667527,139.248887,階数,2,3,2,0,1,2,1,1,0,0,0,0,無,無,無,09:00,22:00,,,,原データNO=355 / 原データ所管部課=産業振興部農林課 / 原データトイレへの誘導路として点字ブロックを敷設している=無 / 原データトイレの位置等を音声で案内している=無 / 原データ戸の形式=C.手動引き戸 / 原データ車椅子が出入りできる（出入口の有効幅員80cm以上）=有 / 原データ車椅子が転回できる（直径150cm以上の円が内接できる）=有 / 原データ便座に背もたれがある=無 / 原データ便座に手すりがある=有 / 原データオストメイト用設備がある=無 / 原データオストメイト用設備が温水対応している=無 / 原データ大型ベッドを備えている=無 / 原データ乳幼児用おむつ交換台等を備えている=無 / 原データ乳幼児用椅子を備えている=無 / 原データ非常用呼び出しボタンを設置している=有
132012,132012T0356,八王子市,上川農村環境改善センター,カミカワノウソンカンキョウカイゼンセンター,Kamikawa Rural Environment Improvement Center,132012,0035000,東京都八王子市上川町925番地1,東京都,八王子市,上川町,925番地1,上川農村環境改善センター,事務所横,35.70731,139.244834,階数,1,3,2,0,1,2,0,2,0,0,0,1,有,有,有,09:00,22:00,,,,原データNO=356 / 原データ所管部課=産業振興部農林課 / 原データトイレへの誘導路として点字ブロックを敷設している=無 / 原データトイレの位置等を音声で案内している=無 / 原データ戸の形式=C.手動引き戸 / 原データ車椅子が出入りできる（出入口の有効幅員80cm以上）=有 / 原データ車椅子が転回できる（直径150cm以上の円が内接できる）=無 / 原データ便座に背もたれがある=無 / 原データ便座に手すりがある=有 / 原データオストメイト用設備がある=無 / 原データオストメイト用設備が温水対応している=無 / 原データ大型ベッドを備えている=無 / 原データ乳幼児用おむつ交換台等を備えている=無 / 原データ乳幼児用椅子を備えている=無 / 原データ非常用呼び出しボタンを設置している=無
132012,132012T0359,八王子市,フレスコ南大沢,フレスコミナミオオサワ,Furesukominamiosawa,132012,0005002,東京都八王子市南大沢二丁目27番地,東京都,八王子市,南大沢二丁目,27番地,南大沢総合センター（1階）,共用廊下脇,35.612288,139.379566,階数,1,3,2,0,1,1,0,1,1,0,1,1,有,無,無,08:00,22:30,(1)毎月第二月曜日は19時30分に終了。（祝日の場合は、22時30分に終了）(2)年末年始は公共棟各施設が稼働しないため閉館。,,,原データNO=359 / 原データ所管部課=契約資産部資産管理課 / 原データトイレへの誘導路として点字ブロックを敷設している=無 / 原データトイレの位置等を音声で案内している=無 / 原データ戸の形式=A.自動引き戸（押しボタン） / 原データ車椅子が出入りできる（出入口の有効幅員80cm以上）=有 / 原データ車椅子が転回できる（直径150cm以上の円が内接できる）=無 / 原データ便座に背もたれがある=有 / 原データ便座に手すりがある=有 / 原データオストメイト用設備がある=無 / 原データオストメイト用設備が温水対応している=無 / 原データ大型ベッドを備えている=無 / 原データ乳幼児用おむつ交換台等を備えている=無 / 原データ乳幼児用椅子を備えている=有 / 原データ非常用呼び出しボタンを設置している=有
132012,132012T0360,八王子市,フレスコ南大沢,フレスコミナミオオサワ,Furesukominamiosawa,132012,0005002,東京都八王子市南大沢二丁目27番地,東京都,八王子市,南大沢二丁目,27番地,南大沢総合センター（B1階）,図書館入口近く,35.612288,139.379566,階数,-1,5,3,0,2,2,0,2,1,0,1,1,有,有,有,08:00,22:30,(1)毎月第二月曜日は19時30分に終了。（祝日の場合は、22時30分に終了）(2)年末年始は公共棟各施設が稼働しないため閉館。,,,原データNO=360 / 原データ所管部課=契約資産部資産管理課 / 原データトイレへの誘導路として点字ブロックを敷設している=有 / 原データトイレの位置等を音声で案内している=無 / 原データ戸の形式=A.自動引き戸（押しボタン） / 原データ車椅子が出入りできる（出入口の有効幅員80cm以上）=有 / 原データ車椅子が転回できる（直径150cm以上の円が内接できる）=有 / 原データ便座に背もたれがある=有 / 原データ便座に手すりがある=有 / 原データオストメイト用設備がある=有 / 原データオストメイト用設備が温水対応している=有 / 原データ大型ベッドを備えている=無 / 原データ乳幼児用おむつ交換台等を備えている=有 / 原データ乳幼児用椅子を備えている=有 / 原データ非常用呼び出しボタンを設置している=有
132012,132012T0362,八王子市,心身障害者福祉センター,シンシンショウガイシャフクシセンター,Shinshinsyougaisyahukusisennta-,132012,0053002,東京都八王子市台町二丁目7番22号,東京都,八王子市,台町二丁目,7番22号,,２階奥,35.649106,139.321083,階数,2,2,1,0,1,2,1,1,0,0,0,1,有,無,無,09:00,21:00,火曜日と祝日は休館日となっております。,,,原データNO=362 / 原データ所管部課=福祉部障害者福祉課 / 原データトイレへの誘導路として点字ブロックを敷設している=無 / 原データトイレの位置等を音声で案内している=無 / 原データ戸の形式=D.手動開き戸 / 原データ車椅子が出入りできる（出入口の有効幅員80cm以上）=有 / 原データ車椅子が転回できる（直径150cm以上の円が内接できる）=有 / 原データ便座に背もたれがある=無 / 原データ便座に手すりがある=有 / 原データオストメイト用設備がある=無 / 原データオストメイト用設備が温水対応している=無 / 原データ大型ベッドを備えている=無 / 原データ乳幼児用おむつ交換台等を備えている=無 / 原データ乳幼児用椅子を備えている=無 / 原データ非常用呼び出しボタンを設置している=有
132012,132012T0363,八王子市,小児・障害メディカルセンター,ショウニショウガイメディカルセンター,Infant and obstacle Medical Center,132012,0053004,東京都八王子市台町四丁目33番13号,東京都,八王子市,台町四丁目,33番13号,小児・障害メディカルセンター,1階,35.657456,139.318614,階数,1,0,0,0,0,0,0,0,0,0,0,1,有,無,有,09:00,17:00,,,,原データNO=363 / 原データ所管部課=健康医療部健康医療政策課 / 原データトイレへの誘導路として点字ブロックを敷設している=無 / 原データトイレの位置等を音声で案内している=無 / 原データ戸の形式=C.手動引き戸 / 原データ車椅子が出入りできる（出入口の有効幅員80cm以上）=有 / 原データ車椅子が転回できる（直径150cm以上の円が内接できる）=有 / 原データ便座に背もたれがある=有 / 原データ便座に手すりがある=有 / 原データオストメイト用設備がある=有 / 原データオストメイト用設備が温水対応している=有 / 原データ大型ベッドを備えている=無 / 原データ乳幼児用おむつ交換台等を備えている=無 / 原データ乳幼児用椅子を備えている=無 / 原データ非常用呼び出しボタンを設置している=有
132012,132012T0364,八王子市,小児・障害メディカルセンター,ショウニショウガイメディカルセンター,Infant and obstacle Medical Center,132012,0053004,東京都八王子市台町四丁目33番13号,東京都,八王子市,台町四丁目,33番13号,小児・障害メディカルセンター,１階,35.657475,139.318612,階数,1,0,0,0,0,0,0,0,0,0,0,1,有,有,無,09:00,17:00,,,,原データNO=364 / 原データ所管部課=健康医療部健康医療政策課 / 原データトイレへの誘導路として点字ブロックを敷設している=無 / 原データトイレの位置等を音声で案内している=無 / 原データ戸の形式=C.手動引き戸 / 原データ車椅子が出入りできる（出入口の有効幅員80cm以上）=有 / 原データ車椅子が転回できる（直径150cm以上の円が内接できる）=有 / 原データ便座に背もたれがある=有 / 原データ便座に手すりがある=有 / 原データオストメイト用設備がある=無 / 原データオストメイト用設備が温水対応している=無 / 原データ大型ベッドを備えている=有 / 原データ乳幼児用おむつ交換台等を備えている=有 / 原データ乳幼児用椅子を備えている=無 / 原データ非常用呼び出しボタンを設置している=有
132012,132012T0365,八王子市,小児・障害メディカルセンター,ショウニショウガイメディカルセンター,Infant and obstacle Medical Center,132012,0053004,東京都八王子市台町四丁目33番13号,東京都,八王子市,台町四丁目,33番13号,小児・障害メディカルセンター,１階,35.657444,139.318558,階数,1,0,0,0,0,0,0,0,0,0,0,1,有,無,無,09:00,17:00,,,,原データNO=365 / 原データ所管部課=健康医療部健康医療政策課 / 原データトイレへの誘導路として点字ブロックを敷設している=無 / 原データトイレの位置等を音声で案内している=無 / 原データ戸の形式=C.手動引き戸 / 原データ車椅子が出入りできる（出入口の有効幅員80cm以上）=有 / 原データ車椅子が転回できる（直径150cm以上の円が内接できる）=無 / 原データ便座に背もたれがある=無 / 原データ便座に手すりがある=有 / 原データオストメイト用設備がある=無 / 原データオストメイト用設備が温水対応している=無 / 原データ大型ベッドを備えている=無 / 原データ乳幼児用おむつ交換台等を備えている=無 / 原データ乳幼児用椅子を備えている=有 / 原データ非常用呼び出しボタンを設置している=有
132012,132012T0366,八王子市,小児・障害メディカルセンター,ショウニショウガイメディカルセンター,Infant and obstacle Medical Center,132012,0053004,東京都八王子市台町四丁目33番13号,東京都,八王子市,台町四丁目,33番13号,小児・障害メディカルセンター,１階,35.657354,139.318578,階数,1,0,0,0,0,0,0,0,0,0,0,1,有,無,無,09:00,17:00,,,,原データNO=366 / 原データ所管部課=健康医療部健康医療政策課 / 原データトイレへの誘導路として点字ブロックを敷設している=無 / 原データトイレの位置等を音声で案内している=無 / 原データ戸の形式=E.手動折れ戸 / 原データ車椅子が出入りできる（出入口の有効幅員80cm以上）=有 / 原データ車椅子が転回できる（直径150cm以上の円が内接できる）=有 / 原データ便座に背もたれがある=有 / 原データ便座に手すりがある=有 / 原データオストメイト用設備がある=無 / 原データオストメイト用設備が温水対応している=無 / 原データ大型ベッドを備えている=無 / 原データ乳幼児用おむつ交換台等を備えている=無 / 原データ乳幼児用椅子を備えている=無 / 原データ非常用呼び出しボタンを設置している=有
132012,132012T0367,八王子市,小児・障害メディカルセンター,ショウニショウガイメディカルセンター,Infant and obstacle Medical Center,132012,0053004,東京都八王子市台町四丁目33番13号,東京都,八王子市,台町四丁目,33番13号,小児・障害メディカルセンター,１階,35.657784,139.318501,階数,1,0,0,0,0,0,0,0,0,0,0,1,有,有,有,09:00,17:00,,,,原データNO=367 / 原データ所管部課=健康医療部健康医療政策課 / 原データトイレへの誘導路として点字ブロックを敷設している=無 / 原データトイレの位置等を音声で案内している=無 / 原データ戸の形式=C.手動引き戸 / 原データ車椅子が出入りできる（出入口の有効幅員80cm以上）=有 / 原データ車椅子が転回できる（直径150cm以上の円が内接できる）=有 / 原データ便座に背もたれがある=有 / 原データ便座に手すりがある=有 / 原データオストメイト用設備がある=有 / 原データオストメイト用設備が温水対応している=無 / 原データ大型ベッドを備えている=有 / 原データ乳幼児用おむつ交換台等を備えている=有 / 原データ乳幼児用椅子を備えている=無 / 原データ非常用呼び出しボタンを設置している=有
132012,132012T0368,八王子市,小児・障害メディカルセンター,ショウニショウガイメディカルセンター,Infant and obstacle Medical Center,132012,0053004,東京都八王子市台町四丁目33番13号,東京都,八王子市,台町四丁目,33番13号,小児・障害メディカルセンター,１階,35.657383,139.318396,階数,1,0,0,0,0,0,0,0,0,0,0,1,有,有,有,09:00,17:00,日曜日・祝日は9：～16：も利用可能　第3土曜日は13：～17：も利用可能,,,原データNO=368 / 原データ所管部課=健康医療部健康医療政策課 / 原データトイレへの誘導路として点字ブロックを敷設している=無 / 原データトイレの位置等を音声で案内している=無 / 原データ戸の形式=C.手動引き戸 / 原データ車椅子が出入りできる（出入口の有効幅員80cm以上）=有 / 原データ車椅子が転回できる（直径150cm以上の円が内接できる）=有 / 原データ便座に背もたれがある=有 / 原データ便座に手すりがある=有 / 原データオストメイト用設備がある=有 / 原データオストメイト用設備が温水対応している=無 / 原データ大型ベッドを備えている=無 / 原データ乳幼児用おむつ交換台等を備えている=有 / 原データ乳幼児用椅子を備えている=有 / 原データ非常用呼び出しボタンを設置している=有
132012,132012T0369,八王子市,小児・障害メディカルセンター,ショウニショウガイメディカルセンター,Infant and obstacle Medical Center,132012,0053004,東京都八王子市台町四丁目33番13号,東京都,八王子市,台町四丁目,33番13号,小児・障害メディカルセンター,２階,35.657347,139.318418,階数,2,0,0,0,0,0,0,0,0,0,0,1,有,有,有,09:00,17:00,,,,原データNO=369 / 原データ所管部課=健康医療部健康医療政策課 / 原データトイレへの誘導路として点字ブロックを敷設している=無 / 原データトイレの位置等を音声で案内している=無 / 原データ戸の形式=C.手動引き戸 / 原データ車椅子が出入りできる（出入口の有効幅員80cm以上）=有 / 原データ車椅子が転回できる（直径150cm以上の円が内接できる）=有 / 原データ便座に背もたれがある=有 / 原データ便座に手すりがある=有 / 原データオストメイト用設備がある=有 / 原データオストメイト用設備が温水対応している=無 / 原データ大型ベッドを備えている=無 / 原データ乳幼児用おむつ交換台等を備えている=有 / 原データ乳幼児用椅子を備えている=有 / 原データ非常用呼び出しボタンを設置している=有
132012,132012T0370,八王子市,小児・障害メディカルセンター,ショウニショウガイメディカルセンター,Infant and obstacle Medical Center,132012,0053004,東京都八王子市台町四丁目33番13号,東京都,八王子市,台町四丁目,33番13号,小児・障害メディカルセンター,３階,35.657416,139.318561,階数,3,0,0,0,0,0,0,0,0,0,0,1,有,無,無,09:00,17:00,,,,原データNO=370 / 原データ所管部課=健康医療部健康医療政策課 / 原データトイレへの誘導路として点字ブロックを敷設している=無 / 原データトイレの位置等を音声で案内している=無 / 原データ戸の形式=C.手動引き戸 / 原データ車椅子が出入りできる（出入口の有効幅員80cm以上）=有 / 原データ車椅子が転回できる（直径150cm以上の円が内接できる）=有 / 原データ便座に背もたれがある=有 / 原データ便座に手すりがある=有 / 原データオストメイト用設備がある=無 / 原データオストメイト用設備が温水対応している=無 / 原データ大型ベッドを備えている=無 / 原データ乳幼児用おむつ交換台等を備えている=無 / 原データ乳幼児用椅子を備えている=無 / 原データ非常用呼び出しボタンを設置している=有
132012,132012T0371,八王子市,小児・障害メディカルセンター,ショウニショウガイメディカルセンター,Infant and obstacle Medical Center,132012,0053004,東京都八王子市台町四丁目33番13号,東京都,八王子市,台町四丁目,33番13号,小児・障害メディカルセンター,１階,35.657354,139.318578,階数,1,1,1,0,0,3,0,3,0,0,0,0,無,無,無,09:00,17:00,,,,原データNO=371 / 原データ所管部課=健康医療部健康医療政策課 / 原データトイレへの誘導路として点字ブロックを敷設している=無 / 原データトイレの位置等を音声で案内している=無
132012,132012T0372,八王子市,小児・障害メディカルセンター,ショウニショウガイメディカルセンター,Infant and obstacle Medical Center,132012,0053004,東京都八王子市台町四丁目33番13号,東京都,八王子市,台町四丁目,33番13号,小児・障害メディカルセンター,1階,35.657354,139.318578,階数,1,6,4,0,2,0,0,0,0,0,0,0,無,無,無,09:00,17:00,,,,原データNO=372 / 原データ所管部課=健康医療部健康医療政策課 / 原データトイレへの誘導路として点字ブロックを敷設している=無 / 原データトイレの位置等を音声で案内している=無
132012,132012T0373,八王子市,小児・障害メディカルセンター,ショウニショウガイメディカルセンター,Infant and obstacle Medical Center,132012,0053004,東京都八王子市台町四丁目33番13号,東京都,八王子市,台町四丁目,33番13号,小児・障害メディカルセンター,1階,35.657784,139.318501,階数,1,0,0,0,0,0,0,0,1,0,1,0,無,無,無,09:00,17:00,,,,原データNO=373 / 原データ所管部課=健康医療部健康医療政策課 / 原データトイレへの誘導路として点字ブロックを敷設している=無 / 原データトイレの位置等を音声で案内している=無
132012,132012T0374,八王子市,小児・障害メディカルセンター,ショウニショウガイメディカルセンター,Infant and obstacle Medical Center,132012,0053004,東京都八王子市台町四丁目33番13号,東京都,八王子市,台町四丁目,33番13号,小児・障害メディカルセンター,１階,35.657383,139.318396,階数,1,1,0,0,1,0,0,0,0,0,0,0,無,無,無,09:00,17:00,,,,原データNO=374 / 原データ所管部課=健康医療部健康医療政策課 / 原データトイレへの誘導路として点字ブロックを敷設している=無 / 原データトイレの位置等を音声で案内している=無
132012,132012T0375,八王子市,小児・障害メディカルセンター,ショウニショウガイメディカルセンター,Infant and obstacle Medical Center,132012,0053004,東京都八王子市台町四丁目33番13号,東京都,八王子市,台町四丁目,33番13号,小児・障害メディカルセンター,１階,35.657383,139.318396,階数,1,0,0,0,0,1,0,1,0,0,0,0,無,無,無,09:00,17:00,,,,原データNO=375 / 原データ所管部課=健康医療部健康医療政策課 / 原データトイレへの誘導路として点字ブロックを敷設している=無 / 原データトイレの位置等を音声で案内している=無
132012,132012T0376,八王子市,小児・障害メディカルセンター,ショウニショウガイメディカルセンター,Infant and obstacle Medical Center,132012,0053004,東京都八王子市台町四丁目33番13号,東京都,八王子市,台町四丁目,33番13号,小児・障害メディカルセンター,２階,35.657347,139.318418,階数,2,0,0,0,0,0,0,0,1,0,1,0,無,無,無,09:00,17:00,,,,原データNO=376 / 原データ所管部課=健康医療部健康医療政策課 / 原データトイレへの誘導路として点字ブロックを敷設している=無 / 原データトイレの位置等を音声で案内している=無
132012,132012T0377,八王子市,小児・障害メディカルセンター,ショウニショウガイメディカルセンター,Infant and obstacle Medical Center,132012,0053004,東京都八王子市台町四丁目33番13号,東京都,八王子市,台町四丁目,33番13号,小児・障害メディカルセンター,２階,35.657347,139.318418,階数,2,0,0,0,0,0,0,0,2,0,2,1,無,無,無,09:00,17:00,,,,原データNO=377 / 原データ所管部課=健康医療部健康医療政策課 / 原データトイレへの誘導路として点字ブロックを敷設している=無 / 原データトイレの位置等を音声で案内している=無
132012,132012T0378,八王子市,小児・障害メディカルセンター,ショウニショウガイメディカルセンター,Infant and obstacle Medical Center,132012,0053004,東京都八王子市台町四丁目33番13号,東京都,八王子市,台町四丁目,33番13号,小児・障害メディカルセンター,３階,35.657416,139.318561,階数,3,3,2,0,1,0,0,0,0,0,0,0,無,無,無,09:00,17:00,,,,原データNO=378 / 原データ所管部課=健康医療部健康医療政策課 / 原データトイレへの誘導路として点字ブロックを敷設している=無 / 原データトイレの位置等を音声で案内している=無
132012,132012T0379,八王子市,小児・障害メディカルセンター,ショウニショウガイメディカルセンター,Infant and obstacle Medical Center,132012,0053004,東京都八王子市台町四丁目33番13号,東京都,八王子市,台町四丁目,33番13号,小児・障害メディカルセンター,３階,35.657416,139.318561,階数,3,0,0,0,0,2,0,2,0,0,0,0,無,無,無,09:00,17:00,,,,原データNO=379 / 原データ所管部課=健康医療部健康医療政策課 / 原データトイレへの誘導路として点字ブロックを敷設している=無 / 原データトイレの位置等を音声で案内している=無
132012,132012T0380,八王子市,東浅川保健福祉センター,ヒガシアサカワホケンフクシセンター,Higashi-Asakawa Health and Welfare Center,132012,0100000,東京都八王子市東浅川町551番地1号,東京都,八王子市,東浅川町,551番地1号,東浅川保健福祉センター,１階男子トイレ,35.645399,139.291974,階数,1,6,4,0,2,0,0,0,0,0,0,1,有,無,無,08:30,21:00,,,,原データNO=380 / 原データ所管部課=健康医療部東浅川保健福祉センター / 原データトイレへの誘導路として点字ブロックを敷設している=無 / 原データトイレの位置等を音声で案内している=無 / 原データ戸の形式=A.自動引き戸（押しボタン） / 原データ車椅子が出入りできる（出入口の有効幅員80cm以上）=有 / 原データ車椅子が転回できる（直径150cm以上の円が内接できる）=有 / 原データ便座に背もたれがある=有 / 原データ便座に手すりがある=有 / 原データオストメイト用設備がある=無 / 原データオストメイト用設備が温水対応している=無 / 原データ大型ベッドを備えている=無 / 原データ乳幼児用おむつ交換台等を備えている=無 / 原データ乳幼児用椅子を備えている=有 / 原データ非常用呼び出しボタンを設置している=有
132012,132012T0381,八王子市,東浅川保健福祉センター,ヒガシアサカワホケンフクシセンター,Higashi-Asakawa Health and Welfare Center,132012,0100000,東京都八王子市東浅川町551番地1号,東京都,八王子市,東浅川町,551番地1号,東浅川保健福祉センター,１階女子トイレ,35.645381,139.291985,階数,1,0,0,0,0,3,0,3,0,0,0,1,有,有,有,08:30,21:00,,,,原データNO=381 / 原データ所管部課=健康医療部東浅川保健福祉センター / 原データトイレへの誘導路として点字ブロックを敷設している=無 / 原データトイレの位置等を音声で案内している=無 / 原データ戸の形式=A.自動引き戸（押しボタン） / 原データ車椅子が出入りできる（出入口の有効幅員80cm以上）=有 / 原データ車椅子が転回できる（直径150cm以上の円が内接できる）=有 / 原データ便座に背もたれがある=有 / 原データ便座に手すりがある=有 / 原データオストメイト用設備がある=有 / 原データオストメイト用設備が温水対応している=有 / 原データ大型ベッドを備えている=無 / 原データ乳幼児用おむつ交換台等を備えている=有 / 原データ乳幼児用椅子を備えている=有 / 原データ非常用呼び出しボタンを設置している=有
132012,132012T0382,八王子市,東浅川保健福祉センター,ヒガシアサカワホケンフクシセンター,Higashi-Asakawa Health and Welfare Center,132012,0100000,東京都八王子市東浅川町551番地1号,東京都,八王子市,東浅川町,551番地1号,東浅川保健福祉センター,１階プール,35.645294,139.291999,階数,1,3,2,0,1,0,0,0,0,0,0,1,有,無,無,10:00,20:00,,,,原データNO=382 / 原データ所管部課=健康医療部東浅川保健福祉センター / 原データトイレへの誘導路として点字ブロックを敷設している=無 / 原データトイレの位置等を音声で案内している=無 / 原データ戸の形式=C.手動引き戸 / 原データ車椅子が出入りできる（出入口の有効幅員80cm以上）=有 / 原データ車椅子が転回できる（直径150cm以上の円が内接できる）=有 / 原データ便座に背もたれがある=有 / 原データ便座に手すりがある=有 / 原データオストメイト用設備がある=無 / 原データオストメイト用設備が温水対応している=無 / 原データ大型ベッドを備えている=無 / 原データ乳幼児用おむつ交換台等を備えている=無 / 原データ乳幼児用椅子を備えている=無 / 原データ非常用呼び出しボタンを設置している=有
132012,132012T0383,八王子市,東浅川保健福祉センター,ヒガシアサカワホケンフクシセンター,Higashi-Asakawa Health and Welfare Center,132012,0100000,東京都八王子市東浅川町551番地1号,東京都,八王子市,東浅川町,551番地1号,東浅川保健福祉センター,２階男子トイレ,35.645399,139.291974,階数,2,6,4,0,2,0,0,0,0,0,0,1,有,無,有,09:00,21:00,,,,原データNO=383 / 原データ所管部課=健康医療部東浅川保健福祉センター / 原データトイレへの誘導路として点字ブロックを敷設している=無 / 原データトイレの位置等を音声で案内している=無 / 原データ戸の形式=A.自動引き戸（押しボタン） / 原データ車椅子が出入りできる（出入口の有効幅員80cm以上）=有 / 原データ車椅子が転回できる（直径150cm以上の円が内接できる）=有 / 原データ便座に背もたれがある=有 / 原データ便座に手すりがある=有 / 原データオストメイト用設備がある=有 / 原データオストメイト用設備が温水対応している=無 / 原データ大型ベッドを備えている=無 / 原データ乳幼児用おむつ交換台等を備えている=無 / 原データ乳幼児用椅子を備えている=有 / 原データ非常用呼び出しボタンを設置している=有
132012,132012T0384,八王子市,東浅川保健福祉センター,ヒガシアサカワホケンフクシセンター,Higashi-Asakawa Health and Welfare Center,132012,0100000,東京都八王子市東浅川町551番地1号,東京都,八王子市,東浅川町,551番地1号,東浅川保健福祉センター,２階女子トイレ,35.645381,139.291985,階数,2,0,0,0,0,3,0,3,0,0,0,1,有,無,無,09:00,21:00,,,,原データNO=384 / 原データ所管部課=健康医療部東浅川保健福祉センター / 原データトイレへの誘導路として点字ブロックを敷設している=無 / 原データトイレの位置等を音声で案内している=無 / 原データ戸の形式=A.自動引き戸（押しボタン） / 原データ車椅子が出入りできる（出入口の有効幅員80cm以上）=有 / 原データ車椅子が転回できる（直径150cm以上の円が内接できる）=有 / 原データ便座に背もたれがある=有 / 原データ便座に手すりがある=有 / 原データオストメイト用設備がある=無 / 原データオストメイト用設備が温水対応している=無 / 原データ大型ベッドを備えている=有 / 原データ乳幼児用おむつ交換台等を備えている=無 / 原データ乳幼児用椅子を備えている=有 / 原データ非常用呼び出しボタンを設置している=有
132012,132012T0385,八王子市,東浅川保健福祉センター,ヒガシアサカワホケンフクシセンター,Higashi-Asakawa Health and Welfare Center,132012,0100000,東京都八王子市東浅川町551番地1号,東京都,八王子市,東浅川町,551番地1号,東浅川保健福祉センター,２階廊下,35.645154,139.291864,階数,2,0,0,0,0,0,0,0,0,0,0,1,有,無,無,09:00,21:00,,,,原データNO=385 / 原データ所管部課=健康医療部東浅川保健福祉センター / 原データトイレへの誘導路として点字ブロックを敷設している=無 / 原データトイレの位置等を音声で案内している=無 / 原データ戸の形式=C.手動引き戸 / 原データ車椅子が出入りできる（出入口の有効幅員80cm以上）=有 / 原データ車椅子が転回できる（直径150cm以上の円が内接できる）=有 / 原データ便座に背もたれがある=無 / 原データ便座に手すりがある=有 / 原データオストメイト用設備がある=無 / 原データオストメイト用設備が温水対応している=無 / 原データ大型ベッドを備えている=有 / 原データ乳幼児用おむつ交換台等を備えている=無 / 原データ乳幼児用椅子を備えている=無 / 原データ非常用呼び出しボタンを設置している=有
132012,132012T0386,八王子市,東浅川保健福祉センター,ヒガシアサカワホケンフクシセンター,Higashi-Asakawa Health and Welfare Center,132012,0100000,東京都八王子市東浅川町551番地1号,東京都,八王子市,東浅川町,551番地1号,東浅川保健福祉センター,３階男子トイレ,35.645399,139.291974,階数,3,6,4,0,2,0,0,0,0,0,0,1,有,有,無,09:00,21:00,,,,原データNO=386 / 原データ所管部課=健康医療部東浅川保健福祉センター / 原データトイレへの誘導路として点字ブロックを敷設している=無 / 原データトイレの位置等を音声で案内している=無 / 原データ戸の形式=A.自動引き戸（押しボタン） / 原データ車椅子が出入りできる（出入口の有効幅員80cm以上）=有 / 原データ車椅子が転回できる（直径150cm以上の円が内接できる）=有 / 原データ便座に背もたれがある=有 / 原データ便座に手すりがある=有 / 原データオストメイト用設備がある=無 / 原データオストメイト用設備が温水対応している=無 / 原データ大型ベッドを備えている=無 / 原データ乳幼児用おむつ交換台等を備えている=有 / 原データ乳幼児用椅子を備えている=有 / 原データ非常用呼び出しボタンを設置している=有
132012,132012T0387,八王子市,東浅川保健福祉センター,ヒガシアサカワホケンフクシセンター,Higashi-Asakawa Health and Welfare Center,132012,0100000,東京都八王子市東浅川町551番地1号,東京都,八王子市,東浅川町,551番地1号,東浅川保健福祉センター,３階女子トイレ,35.645381,139.291985,階数,3,0,0,0,0,3,0,3,0,0,0,1,有,無,有,09:00,21:00,,,,原データNO=387 / 原データ所管部課=健康医療部東浅川保健福祉センター / 原データトイレへの誘導路として点字ブロックを敷設している=無 / 原データトイレの位置等を音声で案内している=無 / 原データ戸の形式=A.自動引き戸（押しボタン） / 原データ車椅子が出入りできる（出入口の有効幅員80cm以上）=有 / 原データ車椅子が転回できる（直径150cm以上の円が内接できる）=有 / 原データ便座に背もたれがある=有 / 原データ便座に手すりがある=有 / 原データオストメイト用設備がある=有 / 原データオストメイト用設備が温水対応している=有 / 原データ大型ベッドを備えている=無 / 原データ乳幼児用おむつ交換台等を備えている=無 / 原データ乳幼児用椅子を備えている=有 / 原データ非常用呼び出しボタンを設置している=有
132012,132012T0388,八王子市,東浅川保健福祉センター,ヒガシアサカワホケンフクシセンター,Higashi-Asakawa Health and Welfare Center,132012,0100000,東京都八王子市東浅川町551番地1号,東京都,八王子市,東浅川町,551番地1号,東浅川保健福祉センター,４階男子トイレ,35.645399,139.291974,階数,4,6,4,0,2,0,0,0,0,0,0,1,有,有,無,09:00,21:00,,,,原データNO=388 / 原データ所管部課=健康医療部東浅川保健福祉センター / 原データトイレへの誘導路として点字ブロックを敷設している=無 / 原データトイレの位置等を音声で案内している=無 / 原データ戸の形式=A.自動引き戸（押しボタン） / 原データ車椅子が出入りできる（出入口の有効幅員80cm以上）=有 / 原データ車椅子が転回できる（直径150cm以上の円が内接できる）=有 / 原データ便座に背もたれがある=有 / 原データ便座に手すりがある=有 / 原データオストメイト用設備がある=無 / 原データオストメイト用設備が温水対応している=無 / 原データ大型ベッドを備えている=無 / 原データ乳幼児用おむつ交換台等を備えている=有 / 原データ乳幼児用椅子を備えている=有 / 原データ非常用呼び出しボタンを設置している=有
132012,132012T0389,八王子市,東浅川保健福祉センター,ヒガシアサカワホケンフクシセンター,Higashi-Asakawa Health and Welfare Center,132012,0100000,東京都八王子市東浅川町551番地1号,東京都,八王子市,東浅川町,551番地1号,東浅川保健福祉センター,４階女子トイレ,35.645381,139.291985,階数,4,0,0,0,0,3,0,3,0,0,0,1,有,無,有,09:00,21:00,,,,原データNO=389 / 原データ所管部課=健康医療部東浅川保健福祉センター / 原データトイレへの誘導路として点字ブロックを敷設している=無 / 原データトイレの位置等を音声で案内している=無 / 原データ戸の形式=A.自動引き戸（押しボタン） / 原データ車椅子が出入りできる（出入口の有効幅員80cm以上）=有 / 原データ車椅子が転回できる（直径150cm以上の円が内接できる）=有 / 原データ便座に背もたれがある=有 / 原データ便座に手すりがある=有 / 原データオストメイト用設備がある=有 / 原データオストメイト用設備が温水対応している=有 / 原データ大型ベッドを備えている=無 / 原データ乳幼児用おむつ交換台等を備えている=無 / 原データ乳幼児用椅子を備えている=有 / 原データ非常用呼び出しボタンを設置している=有
132012,132012T0390,八王子市,あったかホール,アッタカホール,Attaka Hall,132012,0079000,東京都八王子市北野町596番地3号,東京都,八王子市,北野町,596番地3号,北野環境学習センター,1階多目的ホール前,35.656307,139.352392,階数,1,6,3,1,2,5,3,2,0,0,0,1,有,有,無,08:30,21:00,,,,原データNO=390 / 原データ所管部課=環境部環境政策課 / 原データトイレへの誘導路として点字ブロックを敷設している=無 / 原データトイレの位置等を音声で案内している=無 / 原データ戸の形式=A.自動引き戸（押しボタン） / 原データ車椅子が出入りできる（出入口の有効幅員80cm以上）=有 / 原データ車椅子が転回できる（直径150cm以上の円が内接できる）=有 / 原データ便座に背もたれがある=無 / 原データ便座に手すりがある=有 / 原データオストメイト用設備がある=無 / 原データオストメイト用設備が温水対応している=無 / 原データ大型ベッドを備えている=無 / 原データ乳幼児用おむつ交換台等を備えている=有 / 原データ乳幼児用椅子を備えている=無 / 原データ非常用呼び出しボタンを設置している=有
132012,132012T0391,八王子市,あったかホール,アッタカホール,Attaka Hall,132012,0079000,東京都八王子市北野町596番地3号,東京都,八王子市,北野町,596番地3号,北野環境学習センター,2階エレベータ付近,35.656588,139.352399,階数,2,5,3,1,1,4,2,2,0,0,0,1,有,有,無,08:30,21:00,,,,原データNO=391 / 原データ所管部課=環境部環境政策課 / 原データトイレへの誘導路として点字ブロックを敷設している=無 / 原データトイレの位置等を音声で案内している=無 / 原データ戸の形式=A.自動引き戸（押しボタン） / 原データ車椅子が出入りできる（出入口の有効幅員80cm以上）=有 / 原データ車椅子が転回できる（直径150cm以上の円が内接できる）=有 / 原データ便座に背もたれがある=無 / 原データ便座に手すりがある=有 / 原データオストメイト用設備がある=無 / 原データオストメイト用設備が温水対応している=無 / 原データ大型ベッドを備えている=無 / 原データ乳幼児用おむつ交換台等を備えている=有 / 原データ乳幼児用椅子を備えている=無 / 原データ非常用呼び出しボタンを設置している=有
132012,132012T0392,八王子市,あったかホール,アッタカホール,Attaka Hall,132012,0079000,東京都八王子市北野町596番地3号,東京都,八王子市,北野町,596番地3号,北野環境学習センター,3階フロア中央付近,35.65647,139.352613,階数,3,5,3,1,1,3,2,1,0,0,0,1,有,無,無,09:00,17:00,,,,原データNO=392 / 原データ所管部課=環境部環境政策課 / 原データトイレへの誘導路として点字ブロックを敷設している=無 / 原データトイレの位置等を音声で案内している=無 / 原データ戸の形式=A.自動引き戸（押しボタン） / 原データ車椅子が出入りできる（出入口の有効幅員80cm以上）=有 / 原データ車椅子が転回できる（直径150cm以上の円が内接できる）=有 / 原データ便座に背もたれがある=無 / 原データ便座に手すりがある=有 / 原データオストメイト用設備がある=無 / 原データオストメイト用設備が温水対応している=無 / 原データ大型ベッドを備えている=無 / 原データ乳幼児用おむつ交換台等を備えている=無 / 原データ乳幼児用椅子を備えている=無 / 原データ非常用呼び出しボタンを設置している=有
132012,132012T0393,八王子市,あったかホール,アッタカホール,Attaka Hall,132012,0079000,東京都八王子市北野町596番地3号,東京都,八王子市,北野町,596番地3号,北野環境学習センター,1階フロア中央付近,35.656307,139.352392,階数,1,2,1,0,1,2,0,2,0,0,0,0,無,無,無,08:30,21:00,,,,原データNO=393 / 原データ所管部課=環境部環境政策課 / 原データトイレへの誘導路として点字ブロックを敷設している=無 / 原データトイレの位置等を音声で案内している=無
132012,132012T0394,八王子市,大横保健福祉センター,オオヨコホケンフクシセンター,Oyoko Health and Welfare Center,132012,0092000,東京都八王子市大横町11番35号,東京都,八王子市,大横町,11番35号,大横保健福祉センター1階,ロビー,35.664417,139.327869,階数,1,3,2,0,1,2,0,2,0,0,0,1,有,有,有,08:30,21:00,12月29日から1月3日、第1日曜日は休暇日,https://www.city.hachioji.tokyo.jp/shisei/001/006/001/002/p037425.html,CC BY 4.0,原データNO=394 / 原データ所管部課=健康医療部大横保健福祉センター / 原データトイレへの誘導路として点字ブロックを敷設している=無 / 原データトイレの位置等を音声で案内している=無 / 原データ戸の形式=A.自動引き戸（押しボタン） / 原データ車椅子が出入りできる（出入口の有効幅員80cm以上）=有 / 原データ車椅子が転回できる（直径150cm以上の円が内接できる）=無 / 原データ便座に背もたれがある=有 / 原データ便座に手すりがある=有 / 原データオストメイト用設備がある=有 / 原データオストメイト用設備が温水対応している=有 / 原データ大型ベッドを備えている=有 / 原データ乳幼児用おむつ交換台等を備えている=有 / 原データ乳幼児用椅子を備えている=有 / 原データ非常用呼び出しボタンを設置している=有
132012,132012T0395,八王子市,大横保健福祉センター,オオヨコホケンフクシセンター,Oyoko Health and Welfare Center,132012,0092000,東京都八王子市大横町11番35号,東京都,八王子市,大横町,11番35号,大横保健福祉センター2階,廊下横,35.664407,139.327842,階数,2,3,2,0,1,4,0,4,0,0,0,1,有,有,有,08:30,21:00,12月29日から1月3日、第1日曜日は休暇日,https://www.city.hachioji.tokyo.jp/shisei/001/006/001/002/p037425.html,CC BY 4.0,原データNO=395 / 原データ所管部課=健康医療部大横保健福祉センター / 原データトイレへの誘導路として点字ブロックを敷設している=無 / 原データトイレの位置等を音声で案内している=無 / 原データ戸の形式=C.手動引き戸 / 原データ車椅子が出入りできる（出入口の有効幅員80cm以上）=有 / 原データ車椅子が転回できる（直径150cm以上の円が内接できる）=無 / 原データ便座に背もたれがある=有 / 原データ便座に手すりがある=有 / 原データオストメイト用設備がある=有 / 原データオストメイト用設備が温水対応している=有 / 原データ大型ベッドを備えている=無 / 原データ乳幼児用おむつ交換台等を備えている=有 / 原データ乳幼児用椅子を備えている=有 / 原データ非常用呼び出しボタンを設置している=有
132012,132012T0396,八王子市,大横保健福祉センター,オオヨコホケンフクシセンター,Oyoko Health and Welfare Center,132012,0092000,東京都八王子市大横町11番35号,東京都,八王子市,大横町,11番35号,大横保健福祉センター3階,廊下横,35.664417,139.32787,階数,3,3,2,0,1,2,0,2,0,0,0,1,有,有,有,08:30,21:00,12月29日から1月3日、第1日曜日は休暇日,https://www.city.hachioji.tokyo.jp/shisei/001/006/001/002/p037425.html,CC BY 4.0,原データNO=396 / 原データ所管部課=健康医療部大横保健福祉センター / 原データトイレへの誘導路として点字ブロックを敷設している=無 / 原データトイレの位置等を音声で案内している=無 / 原データ戸の形式=C.手動引き戸 / 原データ車椅子が出入りできる（出入口の有効幅員80cm以上）=有 / 原データ車椅子が転回できる（直径150cm以上の円が内接できる）=無 / 原データ便座に背もたれがある=有 / 原データ便座に手すりがある=有 / 原データオストメイト用設備がある=有 / 原データオストメイト用設備が温水対応している=有 / 原データ大型ベッドを備えている=無 / 原データ乳幼児用おむつ交換台等を備えている=有 / 原データ乳幼児用椅子を備えている=有 / 原データ非常用呼び出しボタンを設置している=有
132012,132012T0397,八王子市,大横保健福祉センター,オオヨコホケンフクシセンター,Oyoko Health and Welfare Center,132012,0092000,東京都八王子市大横町11番35号,東京都,八王子市,大横町,11番35号,大横保健福祉センター4階,廊下横,35.664417,139.327869,階数,4,3,2,0,1,2,0,2,0,0,0,1,有,有,有,08:30,21:00,12月29日から1月3日、第1日曜日は休暇日,https://www.city.hachioji.tokyo.jp/shisei/001/006/001/002/p037425.html,CC BY 4.0,原データNO=397 / 原データ所管部課=健康医療部大横保健福祉センター / 原データトイレへの誘導路として点字ブロックを敷設している=無 / 原データトイレの位置等を音声で案内している=無 / 原データ戸の形式=C.手動引き戸 / 原データ車椅子が出入りできる（出入口の有効幅員80cm以上）=有 / 原データ車椅子が転回できる（直径150cm以上の円が内接できる）=無 / 原データ便座に背もたれがある=有 / 原データ便座に手すりがある=有 / 原データオストメイト用設備がある=有 / 原データオストメイト用設備が温水対応している=有 / 原データ大型ベッドを備えている=無 / 原データ乳幼児用おむつ交換台等を備えている=有 / 原データ乳幼児用椅子を備えている=有 / 原データ非常用呼び出しボタンを設置している=有
132012,132012T0398,八王子市,大横保健福祉センター,オオヨコホケンフクシセンター,Oyoko Health and Welfare Center,132012,0092000,東京都八王子市大横町11番35号,東京都,八王子市,大横町,11番35号,大横保健福祉センター地下1階,エレベーター横,35.664417,139.327869,階数,-1,2,1,0,1,1,0,1,0,0,0,0,無,無,無,08:30,21:00,12月29日から1月3日、第1日曜日は休暇日,https://www.city.hachioji.tokyo.jp/shisei/001/006/001/002/p037425.html,CC BY 4.0,原データNO=398 / 原データ所管部課=健康医療部大横保健福祉センター / 原データトイレへの誘導路として点字ブロックを敷設している=無 / 原データトイレの位置等を音声で案内している=無
132012,132012T0399,八王子市,南大沢保健福祉センター,ミナミオオサワホケンフクシセンター,Minamiosawa Health and Welfare Center,132012,0005002,東京都八王子市南大沢二丁目27番地,東京都,八王子市,南大沢二丁目,27番地,フレスコ南大沢公共棟1階,ロビー,35.611914,139.379088,階数,1,5,3,0,2,2,0,2,0,0,0,1,有,有,無,09:00,17:00,日曜日、敬老の日を除く祝日、年末年始（12月29日～1月3日）は利用不可,https://www.city.hachioji.tokyo.jp/shisei/001/006/001/002/p037425.html,CC BY 4.0,原データNO=399 / 原データ所管部課=健康医療部南大沢保健福祉センター / 原データトイレへの誘導路として点字ブロックを敷設している=有 / 原データトイレの位置等を音声で案内している=無 / 原データ戸の形式=A.自動引き戸（押しボタン） / 原データ車椅子が出入りできる（出入口の有効幅員80cm以上）=有 / 原データ車椅子が転回できる（直径150cm以上の円が内接できる）=有 / 原データ便座に背もたれがある=有 / 原データ便座に手すりがある=有 / 原データオストメイト用設備がある=無 / 原データオストメイト用設備が温水対応している=無 / 原データ大型ベッドを備えている=無 / 原データ乳幼児用おむつ交換台等を備えている=有 / 原データ乳幼児用椅子を備えている=有 / 原データ非常用呼び出しボタンを設置している=有
132012,132012T0400,八王子市,西寺方グラウンド,ニシテラカタグラウンド,Nishiterakata Ground,132012,0023000,東京都八王子市西寺方町713番地,東京都,八王子市,西寺方町,713番地,,管理棟横,35.681441,139.274437,階数,1,2,1,0,1,0,0,0,0,0,0,1,有,有,有,08:45,16:45,,,,原データNO=400 / 原データ所管部課=生涯学習スポーツ部スポーツ施設管理課 / 原データトイレへの誘導路として点字ブロックを敷設している=無 / 原データトイレの位置等を音声で案内している=無 / 原データ戸の形式=C.手動引き戸 / 原データ車椅子が出入りできる（出入口の有効幅員80cm以上）=有 / 原データ車椅子が転回できる（直径150cm以上の円が内接できる）=有 / 原データ便座に背もたれがある=無 / 原データ便座に手すりがある=有 / 原データオストメイト用設備がある=有 / 原データオストメイト用設備が温水対応している=有 / 原データ大型ベッドを備えている=無 / 原データ乳幼児用おむつ交換台等を備えている=有 / 原データ乳幼児用椅子を備えている=有 / 原データ非常用呼び出しボタンを設置している=有
132012,132012T0401,八王子市,館クリーンセンター,タテクリーンセンター,Tate Clean Center,132012,0062000,東京都八王子市館町2700番地,東京都,八王子市,館町,2700番地,工場棟　2階,男子トイレと女子トイレの間,35.621471,139.290944,階数,2,7,4,0,3,4,0,4,0,0,0,1,有,有,有,09:00,17:00,10～2月9:00～16:00、3～9月9:00～17:00,,,原データNO=401 / 原データ所管部課=館クリーンセンター / 原データトイレへの誘導路として点字ブロックを敷設している=無 / 原データトイレの位置等を音声で案内している=無 / 原データ戸の形式=C.手動引き戸 / 原データ車椅子が出入りできる（出入口の有効幅員80cm以上）=有 / 原データ車椅子が転回できる（直径150cm以上の円が内接できる）=有 / 原データ便座に背もたれがある=有 / 原データ便座に手すりがある=有 / 原データオストメイト用設備がある=有 / 原データオストメイト用設備が温水対応している=無 / 原データ大型ベッドを備えている=無 / 原データ乳幼児用おむつ交換台等を備えている=有 / 原データ乳幼児用椅子を備えている=有 / 原データ非常用呼び出しボタンを設置している=有
132012,132012T0402,八王子市,館クリーンセンター,タテクリーンセンター,Tate Clean Center,132012,0062000,東京都八王子市館町2700番地,東京都,八王子市,館町,2700番地,工場棟　3階,男子トイレと女子トイレの入り口横,35.621471,139.290944,階数,3,7,4,0,3,4,0,4,0,0,0,1,有,無,無,09:00,17:00,10～2月9:00～16:00、3～9月9:00～17:00,,,原データNO=402 / 原データ所管部課=館クリーンセンター / 原データトイレへの誘導路として点字ブロックを敷設している=無 / 原データトイレの位置等を音声で案内している=無 / 原データ戸の形式=C.手動引き戸 / 原データ車椅子が出入りできる（出入口の有効幅員80cm以上）=有 / 原データ車椅子が転回できる（直径150cm以上の円が内接できる）=有 / 原データ便座に背もたれがある=有 / 原データ便座に手すりがある=有 / 原データオストメイト用設備がある=無 / 原データオストメイト用設備が温水対応している=無 / 原データ大型ベッドを備えている=無 / 原データ乳幼児用おむつ交換台等を備えている=無 / 原データ乳幼児用椅子を備えている=有 / 原データ非常用呼び出しボタンを設置している=有
132012,132012T0403,八王子市,館クリーンセンター,タテクリーンセンター,Tate Clean Center,132012,0062000,東京都八王子市館町2700番地,東京都,八王子市,館町,2700番地,環境事務所棟　屋上,南側,35.621425,139.289961,階数,2,3,2,0,1,2,0,2,0,0,0,1,有,有,無,09:00,17:00,10～2月9:00～16:00、3～9月9:00～17:00,,,原データNO=403 / 原データ所管部課=館クリーンセンター / 原データトイレへの誘導路として点字ブロックを敷設している=無 / 原データトイレの位置等を音声で案内している=無 / 原データ戸の形式=C.手動引き戸 / 原データ車椅子が出入りできる（出入口の有効幅員80cm以上）=有 / 原データ車椅子が転回できる（直径150cm以上の円が内接できる）=有 / 原データ便座に背もたれがある=有 / 原データ便座に手すりがある=有 / 原データオストメイト用設備がある=無 / 原データオストメイト用設備が温水対応している=無 / 原データ大型ベッドを備えている=無 / 原データ乳幼児用おむつ交換台等を備えている=有 / 原データ乳幼児用椅子を備えている=無 / 原データ非常用呼び出しボタンを設置している=有
132012,132012T0404,八王子市,川町運動場,カワマチウンドウジョウ,Kawamachi Sports Ground,132012,0024000,東京都八王子市川町128番地,東京都,八王子市,川町,128番地,,管理棟横,35.673122172098,139.27401172594,階数,1,3,2,0,1,2,0,2,0,0,0,0,無,無,無,08:45,16:45,,,,原データNO=404 / 原データ所管部課=生涯学習スポーツ部スポーツ施設管理課 / 原データトイレへの誘導路として点字ブロックを敷設している=無 / 原データトイレの位置等を音声で案内している=無
132012,132012T0405,八王子市,下恩方地区運動場トイレ,シモオンガタチクウンドウジョウトイレ,Restroom at Shimo-Ongata District Sports Ground,132012,0010000,東京都八王子市下恩方町357番地2号,東京都,八王子市,下恩方町,357番地2号,,下恩方地区運動場トイレ,35.6777734683435,139.261428813104,階数,1,1,1,0,0,0,0,0,1,0,1,0,無,無,無,08:45,22:00,冬季は9:30-15:50,,,原データNO=405 / 原データ所管部課=生涯学習スポーツ部スポーツ施設管理課 / 原データトイレへの誘導路として点字ブロックを敷設している=無 / 原データトイレの位置等を音声で案内している=無
132012,132012T0406,八王子市,戸吹スポーツ公園スポーツ施設,トブキスポーツコウエンスポーツシセツ,Tobuki Sports Park Sports Facilities,132012,0119000,東京都八王子市戸吹町1746番地1号,東京都,八王子市,戸吹町,1746番地1号,,戸吹スポーツ公園トイレ,35.7011484045597,139.287982683732,階数,1,5,3,1,1,3,1,2,0,0,0,1,無,無,無,07:30,22:30,,,,原データNO=406 / 原データ所管部課=生涯学習スポーツ部スポーツ施設管理課 / 原データトイレへの誘導路として点字ブロックを敷設している=無 / 原データトイレの位置等を音声で案内している=無
132012,132012T0407,八王子市,戸吹スポーツ公園スポーツ施設,トブキスポーツコウエンスポーツシセツ,Tobuki Sports Park Sports Facilities,132012,0119000,東京都八王子市戸吹町1800番地,東京都,八王子市,戸吹町,1800番地,,サッカー兼ラグビー場トイレ,35.7003403081594,139.291322033944,階数,1,3,2,0,1,2,0,2,0,0,0,0,無,無,無,08:00,22:00,,,,原データNO=407 / 原データ所管部課=生涯学習スポーツ部スポーツ施設管理課 / 原データトイレへの誘導路として点字ブロックを敷設している=無 / 原データトイレの位置等を音声で案内している=無
132012,132012T0408,八王子市,富士森公園陸上競技場,フジモリコウエンリクジョウキョウギジョウ,Fujimori Park Athletics Stadium,132012,0053002,東京都八王子市台町二丁目2番,東京都,八王子市,台町二丁目,2番,,管理棟内,35.652011,139.323206,階数,1,12,8,1,3,10,1,9,0,0,0,0,無,無,無,08:30,21:00,,,,原データNO=408 / 原データ所管部課=生涯学習スポーツ部スポーツ施設管理課 / 原データトイレへの誘導路として点字ブロックを敷設している=無 / 原データトイレの位置等を音声で案内している=無
132012,132012T0409,八王子市,上川の里トイレ,カミカワノサトトイレ,Toilet at KAMIKAWA no SATO,132012,0035000,東京都八王子市上川町1265番地1,東京都,八王子市,上川町,1265番地1,,駐車場内,35.7071919822162,139.255156292165,階数,1,0,0,0,0,0,0,0,1,0,1,1,無,無,無,00:00,23:59,,,,原データNO=409 / 原データ所管部課=環境部環境保全課 / 原データトイレへの誘導路として点字ブロックを敷設している=無 / 原データトイレの位置等を音声で案内している=無
132012,132012T0411,八王子市,椚田運動場,クヌギダウンドウジョウ,Kunugida Sports Ground,132012,0064000,東京都八王子市椚田町517番地1号,東京都,八王子市,椚田町,517番地1号,,管理棟横,35.6355766896395,139.313379181372,階数,1,6,4,0,2,4,2,2,0,0,0,0,無,無,無,08:45,16:45,,,,原データNO=411 / 原データ所管部課=生涯学習スポーツ部スポーツ施設管理課 / 原データトイレへの誘導路として点字ブロックを敷設している=無 / 原データトイレの位置等を音声で案内している=無
132012,132012T0412,八王子市,富士森公園野球場,フジモリコウエンヤキュウジョウ,Fujimori Park Baseball Field,132012,0053002,東京都八王子市台町二丁目2番地,東京都,八王子市,台町二丁目,2番地,,野球場内,35.6512752940041,139.320780059319,階数,1,11,8,3,0,1,1,0,0,0,0,0,無,無,無,08:45,22:00,"11月,12月,3月は9:30-15:50",,,原データNO=412 / 原データ所管部課=生涯学習スポーツ部スポーツ施設管理課 / 原データトイレへの誘導路として点字ブロックを敷設している=無 / 原データトイレの位置等を音声で案内している=無
132012,132012T0413,八王子市,富士森公園野球場,フジモリコウエンヤキュウジョウ,Fujimori Park Baseball Field,132012,0053002,東京都八王子市台町二丁目2番地,東京都,八王子市,台町二丁目,2番地,,野球場内,35.6512426013768,139.320621808995,階数,2,3,2,0,1,1,0,1,0,0,0,0,無,無,無,08:45,22:00,"11月,12月,3月は9:30-15:50",,,原データNO=413 / 原データ所管部課=生涯学習スポーツ部スポーツ施設管理課 / 原データトイレへの誘導路として点字ブロックを敷設している=無 / 原データトイレの位置等を音声で案内している=無
