prefecture_code,prefecture_name,municipality_code,municipality_name,ward_name,facility_name,formal_name,facility_category,postal_code,address,latitude,longitude,homepage_url,multipurpose_toilet,wheelchair_toilet,toilet_floor,unisex_toilet_count,male_toilet_count,female_toilet_count,washlet,adult_bed,ostomate,voice_guidance,baby_bed,baby_chair,child_toilet,child_chair,flush_type,emergency_call_type,male_urinal_with_rail,male_western_toilet,female_western_toilet,male_baby_bed,female_baby_bed,male_baby_chair,female_baby_chair,entrance_step,stroller_rental,nursing_space,diaper_changing_space,kids_room,source_dataset,source_name,source_url,source_updated_at,source_row,attribute_note,note
09,栃木県,09201,宇都宮市,,栃木県庁本庁舎,,,,宇都宮市塙田 1-1-20,,,,yes,,,,,,,,yes,,,,,,,,,,,,,,,,,,,,ostomate_toilet_list,栃木県 オストメイト対応トイレ一覧表,https://www.pref.tochigi.lg.jp/e05/welfare/shougaisha/fukushi/documents/20260805165831.pdf,2026-05-01,sheet2:2,ostomate_type=multipurpose_toilet_with_waste_sink,source_processing=栃木県公式PDFをAdobe AcrobatでExcelへ変換。変換後の元データをsheet1に保持し、正規化処理のためsheet2・sheet3へ手作業で整理。normalized CSVはsheet2・sheet3から生成
09,栃木県,09201,宇都宮市,,栃木県庁河内庁舎,,,,宇都宮市竹林町 1030-2,,,,yes,,,,,,,,yes,,,,,,,,,,,,,,,,,,,,ostomate_toilet_list,栃木県 オストメイト対応トイレ一覧表,https://www.pref.tochigi.lg.jp/e05/welfare/shougaisha/fukushi/documents/20260805165831.pdf,2026-05-01,sheet2:3,ostomate_type=multipurpose_toilet_with_waste_sink,source_processing=栃木県公式PDFをAdobe AcrobatでExcelへ変換。変換後の元データをsheet1に保持し、正規化処理のためsheet2・sheet3へ手作業で整理。normalized CSVはsheet2・sheet3から生成
09,栃木県,09201,宇都宮市,,とちぎ福祉プラザ,,,,宇都宮市若草 1-10-6,,,,yes,,,,,,,,yes,,,,,,,,,,,,,,,,,,,,ostomate_toilet_list,栃木県 オストメイト対応トイレ一覧表,https://www.pref.tochigi.lg.jp/e05/welfare/shougaisha/fukushi/documents/20260805165831.pdf,2026-05-01,sheet2:4,ostomate_type=multipurpose_toilet_with_waste_sink,source_processing=栃木県公式PDFをAdobe AcrobatでExcelへ変換。変換後の元データをsheet1に保持し、正規化処理のためsheet2・sheet3へ手作業で整理。normalized CSVはsheet2・sheet3から生成
09,栃木県,09201,宇都宮市,,とちぎ男女共同参画センター（パルティ）,,,,宇都宮市野沢町 4-1,,,,yes,,,,,,,,yes,,,,,,,,,,,,,,,,,,,,ostomate_toilet_list,栃木県 オストメイト対応トイレ一覧表,https://www.pref.tochigi.lg.jp/e05/welfare/shougaisha/fukushi/documents/20260805165831.pdf,2026-05-01,sheet2:5,ostomate_type=multipurpose_toilet_with_waste_sink,source_processing=栃木県公式PDFをAdobe AcrobatでExcelへ変換。変換後の元データをsheet1に保持し、正規化処理のためsheet2・sheet3へ手作業で整理。normalized CSVはsheet2・sheet3から生成
09,栃木県,09201,宇都宮市,,とちぎ健康の森,,,,宇都宮市駒生町 3337-1,,,,yes,,,,,,,,yes,,,,,,,,,,,,,,,,,,,,ostomate_toilet_list,栃木県 オストメイト対応トイレ一覧表,https://www.pref.tochigi.lg.jp/e05/welfare/shougaisha/fukushi/documents/20260805165831.pdf,2026-05-01,sheet2:6,ostomate_type=multipurpose_toilet_with_waste_sink,source_processing=栃木県公式PDFをAdobe AcrobatでExcelへ変換。変換後の元データをsheet1に保持し、正規化処理のためsheet2・sheet3へ手作業で整理。normalized CSVはsheet2・sheet3から生成
09,栃木県,09201,宇都宮市,,地方独立行政法人 栃木県立リハビリテーションセンター,,,,宇都宮市駒生町 3337-1,,,,yes,,,,,,,,yes,,,,,,,,,,,,,,,,,,,,ostomate_toilet_list,栃木県 オストメイト対応トイレ一覧表,https://www.pref.tochigi.lg.jp/e05/welfare/shougaisha/fukushi/documents/20260805165831.pdf,2026-05-01,sheet2:7,ostomate_type=multipurpose_toilet_with_waste_sink,source_processing=栃木県公式PDFをAdobe AcrobatでExcelへ変換。変換後の元データをsheet1に保持し、正規化処理のためsheet2・sheet3へ手作業で整理。normalized CSVはsheet2・sheet3から生成
09,栃木県,09201,宇都宮市,,栃木県立美術館,,,,宇都宮市桜 4-2-7,,,,yes,,,,,,,,yes,,,,,,,,,,,,,,,,,,,,ostomate_toilet_list,栃木県 オストメイト対応トイレ一覧表,https://www.pref.tochigi.lg.jp/e05/welfare/shougaisha/fukushi/documents/20260805165831.pdf,2026-05-01,sheet2:8,ostomate_type=multipurpose_toilet_with_waste_sink,source_processing=栃木県公式PDFをAdobe AcrobatでExcelへ変換。変換後の元データをsheet1に保持し、正規化処理のためsheet2・sheet3へ手作業で整理。normalized CSVはsheet2・sheet3から生成
09,栃木県,09201,宇都宮市,,栃木県立博物館,,,,宇都宮市睦町 2-2,,,,yes,,,,,,,,yes,,,,,,,,,,,,,,,,,,,,ostomate_toilet_list,栃木県 オストメイト対応トイレ一覧表,https://www.pref.tochigi.lg.jp/e05/welfare/shougaisha/fukushi/documents/20260805165831.pdf,2026-05-01,sheet2:9,ostomate_type=multipurpose_toilet_with_waste_sink,source_processing=栃木県公式PDFをAdobe AcrobatでExcelへ変換。変換後の元データをsheet1に保持し、正規化処理のためsheet2・sheet3へ手作業で整理。normalized CSVはsheet2・sheet3から生成
09,栃木県,09201,宇都宮市,,栃木県立図書館,,,,宇都宮市塙田 1-3-23,,,,yes,,,,,,,,yes,,,,,,,,,,,,,,,,,,,,ostomate_toilet_list,栃木県 オストメイト対応トイレ一覧表,https://www.pref.tochigi.lg.jp/e05/welfare/shougaisha/fukushi/documents/20260805165831.pdf,2026-05-01,sheet2:10,ostomate_type=multipurpose_toilet_with_waste_sink,source_processing=栃木県公式PDFをAdobe AcrobatでExcelへ変換。変換後の元データをsheet1に保持し、正規化処理のためsheet2・sheet3へ手作業で整理。normalized CSVはsheet2・sheet3から生成
09,栃木県,09201,宇都宮市,,栃木県総合文化センター,,,,宇都宮市本町 1-8,,,,yes,,,,,,,,yes,,,,,,,,,,,,,,,,,,,,ostomate_toilet_list,栃木県 オストメイト対応トイレ一覧表,https://www.pref.tochigi.lg.jp/e05/welfare/shougaisha/fukushi/documents/20260805165831.pdf,2026-05-01,sheet2:11,ostomate_type=multipurpose_toilet_with_waste_sink,source_processing=栃木県公式PDFをAdobe AcrobatでExcelへ変換。変換後の元データをsheet1に保持し、正規化処理のためsheet2・sheet3へ手作業で整理。normalized CSVはsheet2・sheet3から生成
09,栃木県,09201,宇都宮市,,地方独立行政法人栃木県立がんセンター,,,,宇都宮市陽南 4-9-13,,,,yes,,,,,,,,yes,,,,,,,,,,,,,,,,,,,,ostomate_toilet_list,栃木県 オストメイト対応トイレ一覧表,https://www.pref.tochigi.lg.jp/e05/welfare/shougaisha/fukushi/documents/20260805165831.pdf,2026-05-01,sheet2:12,ostomate_type=multipurpose_toilet_with_waste_sink,source_processing=栃木県公式PDFをAdobe AcrobatでExcelへ変換。変換後の元データをsheet1に保持し、正規化処理のためsheet2・sheet3へ手作業で整理。normalized CSVはsheet2・sheet3から生成
09,栃木県,09201,宇都宮市,,栃木県グリーンスタジアム,,,,宇都宮市清原工業団地 32,,,,yes,,,,,,,,yes,,,,,,,,,,,,,,,,,,,,ostomate_toilet_list,栃木県 オストメイト対応トイレ一覧表,https://www.pref.tochigi.lg.jp/e05/welfare/shougaisha/fukushi/documents/20260805165831.pdf,2026-05-01,sheet2:13,ostomate_type=multipurpose_toilet_with_waste_sink,source_processing=栃木県公式PDFをAdobe AcrobatでExcelへ変換。変換後の元データをsheet1に保持し、正規化処理のためsheet2・sheet3へ手作業で整理。normalized CSVはsheet2・sheet3から生成
09,栃木県,09201,宇都宮市,,栃木県ライフル射撃場,,,,宇都宮市新里町乙 1067,,,,yes,,,,,,,,yes,,,,,,,,,,,,,,,,,,,,ostomate_toilet_list,栃木県 オストメイト対応トイレ一覧表,https://www.pref.tochigi.lg.jp/e05/welfare/shougaisha/fukushi/documents/20260805165831.pdf,2026-05-01,sheet2:14,ostomate_type=multipurpose_toilet_with_waste_sink,source_processing=栃木県公式PDFをAdobe AcrobatでExcelへ変換。変換後の元データをsheet1に保持し、正規化処理のためsheet2・sheet3へ手作業で整理。normalized CSVはsheet2・sheet3から生成
09,栃木県,09201,宇都宮市,,とちぎアグリプラザ,,,,宇都宮市一の沢 2-2-13,,,,yes,,,,,,,,yes,,,,,,,,,,,,,,,,,,,,ostomate_toilet_list,栃木県 オストメイト対応トイレ一覧表,https://www.pref.tochigi.lg.jp/e05/welfare/shougaisha/fukushi/documents/20260805165831.pdf,2026-05-01,sheet2:15,ostomate_type=multipurpose_toilet_with_waste_sink,source_processing=栃木県公式PDFをAdobe AcrobatでExcelへ変換。変換後の元データをsheet1に保持し、正規化処理のためsheet2・sheet3へ手作業で整理。normalized CSVはsheet2・sheet3から生成
09,栃木県,09201,宇都宮市,,農業総合研究センター,,,,宇都宮市瓦谷町 1080,,,,yes,,,,,,,,yes,,,,,,,,,,,,,,,,,,,,ostomate_toilet_list,栃木県 オストメイト対応トイレ一覧表,https://www.pref.tochigi.lg.jp/e05/welfare/shougaisha/fukushi/documents/20260805165831.pdf,2026-05-01,sheet2:16,ostomate_type=multipurpose_toilet_with_waste_sink,source_processing=栃木県公式PDFをAdobe AcrobatでExcelへ変換。変換後の元データをsheet1に保持し、正規化処理のためsheet2・sheet3へ手作業で整理。normalized CSVはsheet2・sheet3から生成
09,栃木県,09201,宇都宮市,,栃木県林業センター・林業大学校,,,,宇都宮市下小池町 280,,,,yes,,,,,,,,yes,,,,,,,,,,,,,,,,,,,,ostomate_toilet_list,栃木県 オストメイト対応トイレ一覧表,https://www.pref.tochigi.lg.jp/e05/welfare/shougaisha/fukushi/documents/20260805165831.pdf,2026-05-01,sheet2:17,ostomate_type=multipurpose_toilet_with_waste_sink,source_processing=栃木県公式PDFをAdobe AcrobatでExcelへ変換。変換後の元データをsheet1に保持し、正規化処理のためsheet2・sheet3へ手作業で整理。normalized CSVはsheet2・sheet3から生成
09,栃木県,09201,宇都宮市,,とちぎボランティア NPO センター（ぽ・ぽ・ら）,,,,宇都宮市昭和 2-2-7,,,,yes,,,,,,,,yes,,,,,,,,,,,,,,,,,,,,ostomate_toilet_list,栃木県 オストメイト対応トイレ一覧表,https://www.pref.tochigi.lg.jp/e05/welfare/shougaisha/fukushi/documents/20260805165831.pdf,2026-05-01,sheet2:18,ostomate_type=multipurpose_toilet_with_waste_sink,source_processing=栃木県公式PDFをAdobe AcrobatでExcelへ変換。変換後の元データをsheet1に保持し、正規化処理のためsheet2・sheet3へ手作業で整理。normalized CSVはsheet2・sheet3から生成
09,栃木県,09201,宇都宮市,,宇都宮市役所本庁舎,,,,宇都宮市旭 1-1-5,,,,yes,,,,,,,,yes,,,,,,,,,,,,,,,,,,,,ostomate_toilet_list,栃木県 オストメイト対応トイレ一覧表,https://www.pref.tochigi.lg.jp/e05/welfare/shougaisha/fukushi/documents/20260805165831.pdf,2026-05-01,sheet2:19,ostomate_type=multipurpose_toilet_with_waste_sink,source_processing=栃木県公式PDFをAdobe AcrobatでExcelへ変換。変換後の元データをsheet1に保持し、正規化処理のためsheet2・sheet3へ手作業で整理。normalized CSVはsheet2・sheet3から生成
09,栃木県,09201,宇都宮市,,宇都宮市平石地区市民センター,,,,宇都宮市下平出町 158－1,,,,yes,,,,,,,,yes,,,,,,,,,,,,,,,,,,,,ostomate_toilet_list,栃木県 オストメイト対応トイレ一覧表,https://www.pref.tochigi.lg.jp/e05/welfare/shougaisha/fukushi/documents/20260805165831.pdf,2026-05-01,sheet2:20,ostomate_type=multipurpose_toilet_with_waste_sink,source_processing=栃木県公式PDFをAdobe AcrobatでExcelへ変換。変換後の元データをsheet1に保持し、正規化処理のためsheet2・sheet3へ手作業で整理。normalized CSVはsheet2・sheet3から生成
09,栃木県,09201,宇都宮市,,宇都宮市清原地区市民センター,,,,宇都宮市清原工業団地 15-4,,,,yes,,,,,,,,yes,,,,,,,,,,,,,,,,,,,,ostomate_toilet_list,栃木県 オストメイト対応トイレ一覧表,https://www.pref.tochigi.lg.jp/e05/welfare/shougaisha/fukushi/documents/20260805165831.pdf,2026-05-01,sheet2:21,ostomate_type=multipurpose_toilet_with_waste_sink,source_processing=栃木県公式PDFをAdobe AcrobatでExcelへ変換。変換後の元データをsheet1に保持し、正規化処理のためsheet2・sheet3へ手作業で整理。normalized CSVはsheet2・sheet3から生成
09,栃木県,09201,宇都宮市,,宇都宮市横川地区市民センター,,,,宇都宮市屋板町 576-1,,,,yes,,,,,,,,yes,,,,,,,,,,,,,,,,,,,,ostomate_toilet_list,栃木県 オストメイト対応トイレ一覧表,https://www.pref.tochigi.lg.jp/e05/welfare/shougaisha/fukushi/documents/20260805165831.pdf,2026-05-01,sheet2:22,ostomate_type=multipurpose_toilet_with_waste_sink,source_processing=栃木県公式PDFをAdobe AcrobatでExcelへ変換。変換後の元データをsheet1に保持し、正規化処理のためsheet2・sheet3へ手作業で整理。normalized CSVはsheet2・sheet3から生成
09,栃木県,09201,宇都宮市,,宇都宮市瑞穂野地区市民センター,,,,宇都宮市下桑島町 1030－1,,,,yes,,,,,,,,yes,,,,,,,,,,,,,,,,,,,,ostomate_toilet_list,栃木県 オストメイト対応トイレ一覧表,https://www.pref.tochigi.lg.jp/e05/welfare/shougaisha/fukushi/documents/20260805165831.pdf,2026-05-01,sheet2:23,ostomate_type=multipurpose_toilet_with_waste_sink,source_processing=栃木県公式PDFをAdobe AcrobatでExcelへ変換。変換後の元データをsheet1に保持し、正規化処理のためsheet2・sheet3へ手作業で整理。normalized CSVはsheet2・sheet3から生成
09,栃木県,09201,宇都宮市,,宇都宮市城山地区市民センター,,,,宇都宮市大谷町 1059－5,,,,yes,,,,,,,,yes,,,,,,,,,,,,,,,,,,,,ostomate_toilet_list,栃木県 オストメイト対応トイレ一覧表,https://www.pref.tochigi.lg.jp/e05/welfare/shougaisha/fukushi/documents/20260805165831.pdf,2026-05-01,sheet2:24,ostomate_type=multipurpose_toilet_with_waste_sink,source_processing=栃木県公式PDFをAdobe AcrobatでExcelへ変換。変換後の元データをsheet1に保持し、正規化処理のためsheet2・sheet3へ手作業で整理。normalized CSVはsheet2・sheet3から生成
09,栃木県,09201,宇都宮市,,宇都宮市国本地区市民センター,,,,宇都宮市宝木本町 1868-1,,,,yes,,,,,,,,yes,,,,,,,,,,,,,,,,,,,,ostomate_toilet_list,栃木県 オストメイト対応トイレ一覧表,https://www.pref.tochigi.lg.jp/e05/welfare/shougaisha/fukushi/documents/20260805165831.pdf,2026-05-01,sheet2:25,ostomate_type=multipurpose_toilet_with_waste_sink,source_processing=栃木県公式PDFをAdobe AcrobatでExcelへ変換。変換後の元データをsheet1に保持し、正規化処理のためsheet2・sheet3へ手作業で整理。normalized CSVはsheet2・sheet3から生成
09,栃木県,09201,宇都宮市,,宇都宮市富屋地区市民センター,,,,宇都宮市徳次郎町 80-2,,,,yes,,,,,,,,yes,,,,,,,,,,,,,,,,,,,,ostomate_toilet_list,栃木県 オストメイト対応トイレ一覧表,https://www.pref.tochigi.lg.jp/e05/welfare/shougaisha/fukushi/documents/20260805165831.pdf,2026-05-01,sheet2:26,ostomate_type=multipurpose_toilet_with_waste_sink,source_processing=栃木県公式PDFをAdobe AcrobatでExcelへ変換。変換後の元データをsheet1に保持し、正規化処理のためsheet2・sheet3へ手作業で整理。normalized CSVはsheet2・sheet3から生成
09,栃木県,09201,宇都宮市,,宇都宮市豊郷地区市民センター,,,,宇都宮市岩曽町 825-1,,,,yes,,,,,,,,yes,,,,,,,,,,,,,,,,,,,,ostomate_toilet_list,栃木県 オストメイト対応トイレ一覧表,https://www.pref.tochigi.lg.jp/e05/welfare/shougaisha/fukushi/documents/20260805165831.pdf,2026-05-01,sheet2:27,ostomate_type=multipurpose_toilet_with_waste_sink,source_processing=栃木県公式PDFをAdobe AcrobatでExcelへ変換。変換後の元データをsheet1に保持し、正規化処理のためsheet2・sheet3へ手作業で整理。normalized CSVはsheet2・sheet3から生成
09,栃木県,09201,宇都宮市,,宇都宮市篠井地区市民センター,,,,宇都宮市下小池町 466-1,,,,yes,,,,,,,,yes,,,,,,,,,,,,,,,,,,,,ostomate_toilet_list,栃木県 オストメイト対応トイレ一覧表,https://www.pref.tochigi.lg.jp/e05/welfare/shougaisha/fukushi/documents/20260805165831.pdf,2026-05-01,sheet2:28,ostomate_type=multipurpose_toilet_with_waste_sink,source_processing=栃木県公式PDFをAdobe AcrobatでExcelへ変換。変換後の元データをsheet1に保持し、正規化処理のためsheet2・sheet3へ手作業で整理。normalized CSVはsheet2・sheet3から生成
09,栃木県,09201,宇都宮市,,宇都宮市姿川地区市民センター,,,,宇都宮市西川田町 805－1,,,,yes,,,,,,,,yes,,,,,,,,,,,,,,,,,,,,ostomate_toilet_list,栃木県 オストメイト対応トイレ一覧表,https://www.pref.tochigi.lg.jp/e05/welfare/shougaisha/fukushi/documents/20260805165831.pdf,2026-05-01,sheet2:29,ostomate_type=multipurpose_toilet_with_waste_sink,source_processing=栃木県公式PDFをAdobe AcrobatでExcelへ変換。変換後の元データをsheet1に保持し、正規化処理のためsheet2・sheet3へ手作業で整理。normalized CSVはsheet2・sheet3から生成
09,栃木県,09201,宇都宮市,,宇都宮市雀宮地区市民センター,,,,宇都宮市新富町 9-4,,,,yes,,,,,,,,yes,,,,,,,,,,,,,,,,,,,,ostomate_toilet_list,栃木県 オストメイト対応トイレ一覧表,https://www.pref.tochigi.lg.jp/e05/welfare/shougaisha/fukushi/documents/20260805165831.pdf,2026-05-01,sheet2:30,ostomate_type=multipurpose_toilet_with_waste_sink,source_processing=栃木県公式PDFをAdobe AcrobatでExcelへ変換。変換後の元データをsheet1に保持し、正規化処理のためsheet2・sheet3へ手作業で整理。normalized CSVはsheet2・sheet3から生成
09,栃木県,09201,宇都宮市,,宇都宮市上河内地区市民センター,,,,宇都宮市中里町 181-3,,,,yes,,,,,,,,yes,,,,,,,,,,,,,,,,,,,,ostomate_toilet_list,栃木県 オストメイト対応トイレ一覧表,https://www.pref.tochigi.lg.jp/e05/welfare/shougaisha/fukushi/documents/20260805165831.pdf,2026-05-01,sheet2:31,ostomate_type=multipurpose_toilet_with_waste_sink,source_processing=栃木県公式PDFをAdobe AcrobatでExcelへ変換。変換後の元データをsheet1に保持し、正規化処理のためsheet2・sheet3へ手作業で整理。normalized CSVはsheet2・sheet3から生成
09,栃木県,09201,宇都宮市,,宇都宮市河内地区市民センター,,,,宇都宮市中岡本町 3221-4,,,,yes,,,,,,,,yes,,,,,,,,,,,,,,,,,,,,ostomate_toilet_list,栃木県 オストメイト対応トイレ一覧表,https://www.pref.tochigi.lg.jp/e05/welfare/shougaisha/fukushi/documents/20260805165831.pdf,2026-05-01,sheet2:32,ostomate_type=multipurpose_toilet_with_waste_sink,source_processing=栃木県公式PDFをAdobe AcrobatでExcelへ変換。変換後の元データをsheet1に保持し、正規化処理のためsheet2・sheet3へ手作業で整理。normalized CSVはsheet2・sheet3から生成
09,栃木県,09201,宇都宮市,,宇都宮市駅東出張所 (東市民活動センター、東生涯学習センター),,,,宇都宮市中今泉 3-5-1,,,,yes,,,,,,,,yes,,,,,,,,,,,,,,,,,,,,ostomate_toilet_list,栃木県 オストメイト対応トイレ一覧表,https://www.pref.tochigi.lg.jp/e05/welfare/shougaisha/fukushi/documents/20260805165831.pdf,2026-05-01,sheet2:33,ostomate_type=multipurpose_toilet_with_waste_sink,source_processing=栃木県公式PDFをAdobe AcrobatでExcelへ変換。変換後の元データをsheet1に保持し、正規化処理のためsheet2・sheet3へ手作業で整理。normalized CSVはsheet2・sheet3から生成
09,栃木県,09201,宇都宮市,,宇都宮市陽南出張所,,,,宇都宮市春日町 11-1,,,,yes,,,,,,,,yes,,,,,,,,,,,,,,,,,,,,ostomate_toilet_list,栃木県 オストメイト対応トイレ一覧表,https://www.pref.tochigi.lg.jp/e05/welfare/shougaisha/fukushi/documents/20260805165831.pdf,2026-05-01,sheet2:34,ostomate_type=multipurpose_toilet_with_waste_sink,source_processing=栃木県公式PDFをAdobe AcrobatでExcelへ変換。変換後の元データをsheet1に保持し、正規化処理のためsheet2・sheet3へ手作業で整理。normalized CSVはsheet2・sheet3から生成
09,栃木県,09201,宇都宮市,,宇都宮市田原コミュニティプラザ,,,,宇都宮市上田原町 1,,,,yes,,,,,,,,yes,,,,,,,,,,,,,,,,,,,,ostomate_toilet_list,栃木県 オストメイト対応トイレ一覧表,https://www.pref.tochigi.lg.jp/e05/welfare/shougaisha/fukushi/documents/20260805165831.pdf,2026-05-01,sheet2:35,ostomate_type=multipurpose_toilet_with_waste_sink,source_processing=栃木県公式PDFをAdobe AcrobatでExcelへ変換。変換後の元データをsheet1に保持し、正規化処理のためsheet2・sheet3へ手作業で整理。normalized CSVはsheet2・sheet3から生成
09,栃木県,09201,宇都宮市,,宇都宮市保健所,,,,宇都宮市竹林町 972,,,,yes,,,,,,,,yes,,,,,,,,,,,,,,,,,,,,ostomate_toilet_list,栃木県 オストメイト対応トイレ一覧表,https://www.pref.tochigi.lg.jp/e05/welfare/shougaisha/fukushi/documents/20260805165831.pdf,2026-05-01,sheet2:36,ostomate_type=multipurpose_toilet_with_waste_sink,source_processing=栃木県公式PDFをAdobe AcrobatでExcelへ変換。変換後の元データをsheet1に保持し、正規化処理のためsheet2・sheet3へ手作業で整理。normalized CSVはsheet2・sheet3から生成
09,栃木県,09201,宇都宮市,,宇都宮市サン・アビリティーズ,,,,宇都宮市屋板町 251-1,,,,yes,,,,,,,,yes,,,,,,,,,,,,,,,,,,,,ostomate_toilet_list,栃木県 オストメイト対応トイレ一覧表,https://www.pref.tochigi.lg.jp/e05/welfare/shougaisha/fukushi/documents/20260805165831.pdf,2026-05-01,sheet2:37,ostomate_type=multipurpose_toilet_with_waste_sink,source_processing=栃木県公式PDFをAdobe AcrobatでExcelへ変換。変換後の元データをsheet1に保持し、正規化処理のためsheet2・sheet3へ手作業で整理。normalized CSVはsheet2・sheet3から生成
09,栃木県,09201,宇都宮市,,宇都宮市総合福祉センター,,,,宇都宮市中央 1-1-15,,,,,,,,,,,,yes,,,,,,,,,,,,,,,,,,,,ostomate_toilet_list,栃木県 オストメイト対応トイレ一覧表,https://www.pref.tochigi.lg.jp/e05/welfare/shougaisha/fukushi/documents/20260805165831.pdf,2026-05-01,sheet2:38,ostomate_type=simple_pouch_washing_faucet,source_processing=栃木県公式PDFをAdobe AcrobatでExcelへ変換。変換後の元データをsheet1に保持し、正規化処理のためsheet2・sheet3へ手作業で整理。normalized CSVはsheet2・sheet3から生成
09,栃木県,09201,宇都宮市,,宇都宮美術館,,,,宇都宮市長岡町 1077,,,,yes,,,,,,,,yes,,,,,,,,,,,,,,,,,,,,ostomate_toilet_list,栃木県 オストメイト対応トイレ一覧表,https://www.pref.tochigi.lg.jp/e05/welfare/shougaisha/fukushi/documents/20260805165831.pdf,2026-05-01,sheet2:39,ostomate_type=multipurpose_toilet_with_waste_sink,source_processing=栃木県公式PDFをAdobe AcrobatでExcelへ変換。変換後の元データをsheet1に保持し、正規化処理のためsheet2・sheet3へ手作業で整理。normalized CSVはsheet2・sheet3から生成
09,栃木県,09201,宇都宮市,,宇都宮市文化会館,,,,宇都宮市明保野町 7-66,,,,,,,,,,,,yes,,,,,,,,,,,,,,,,,,,,ostomate_toilet_list,栃木県 オストメイト対応トイレ一覧表,https://www.pref.tochigi.lg.jp/e05/welfare/shougaisha/fukushi/documents/20260805165831.pdf,2026-05-01,sheet2:40,ostomate_type=simple_pouch_washing_faucet,source_processing=栃木県公式PDFをAdobe AcrobatでExcelへ変換。変換後の元データをsheet1に保持し、正規化処理のためsheet2・sheet3へ手作業で整理。normalized CSVはsheet2・sheet3から生成
09,栃木県,09201,宇都宮市,,宇都宮市教育センター,,,,宇都宮市天神 1-1-24,,,,yes,,,,,,,,yes,,,,,,,,,,,,,,,,,,,,ostomate_toilet_list,栃木県 オストメイト対応トイレ一覧表,https://www.pref.tochigi.lg.jp/e05/welfare/shougaisha/fukushi/documents/20260805165831.pdf,2026-05-01,sheet2:41,ostomate_type=multipurpose_toilet_with_waste_sink,source_processing=栃木県公式PDFをAdobe AcrobatでExcelへ変換。変換後の元データをsheet1に保持し、正規化処理のためsheet2・sheet3へ手作業で整理。normalized CSVはsheet2・sheet3から生成
09,栃木県,09201,宇都宮市,,宇都宮市立南図書館,,,,宇都宮市雀宮町 56-1,,,,yes,,,,,,,,yes,,,,,,,,,,,,,,,,,,,,ostomate_toilet_list,栃木県 オストメイト対応トイレ一覧表,https://www.pref.tochigi.lg.jp/e05/welfare/shougaisha/fukushi/documents/20260805165831.pdf,2026-05-01,sheet2:42,ostomate_type=multipurpose_toilet_with_waste_sink,source_processing=栃木県公式PDFをAdobe AcrobatでExcelへ変換。変換後の元データをsheet1に保持し、正規化処理のためsheet2・sheet3へ手作業で整理。normalized CSVはsheet2・sheet3から生成
09,栃木県,09201,宇都宮市,,宇都宮市悠久の丘,,,,宇都宮市上欠町 719-1,,,,yes,,,,,,,,yes,,,,,,,,,,,,,,,,,,,,ostomate_toilet_list,栃木県 オストメイト対応トイレ一覧表,https://www.pref.tochigi.lg.jp/e05/welfare/shougaisha/fukushi/documents/20260805165831.pdf,2026-05-01,sheet2:43,ostomate_type=multipurpose_toilet_with_waste_sink,source_processing=栃木県公式PDFをAdobe AcrobatでExcelへ変換。変換後の元データをsheet1に保持し、正規化処理のためsheet2・sheet3へ手作業で整理。normalized CSVはsheet2・sheet3から生成
09,栃木県,09201,宇都宮市,,宇都宮市夜間休日救急診療所,,,,宇都宮市竹林町 968,,,,yes,,,,,,,,yes,,,,,,,,,,,,,,,,,,,,ostomate_toilet_list,栃木県 オストメイト対応トイレ一覧表,https://www.pref.tochigi.lg.jp/e05/welfare/shougaisha/fukushi/documents/20260805165831.pdf,2026-05-01,sheet2:44,ostomate_type=multipurpose_toilet_with_waste_sink,source_processing=栃木県公式PDFをAdobe AcrobatでExcelへ変換。変換後の元データをsheet1に保持し、正規化処理のためsheet2・sheet3へ手作業で整理。normalized CSVはsheet2・sheet3から生成
09,栃木県,09201,宇都宮市,,済生会宇都宮病院,,,,宇都宮市竹林町 911-1,,,,yes,,,,,,,,yes,,,,,,,,,,,,,,,,,,,,ostomate_toilet_list,栃木県 オストメイト対応トイレ一覧表,https://www.pref.tochigi.lg.jp/e05/welfare/shougaisha/fukushi/documents/20260805165831.pdf,2026-05-01,sheet2:45,ostomate_type=multipurpose_toilet_with_waste_sink,source_processing=栃木県公式PDFをAdobe AcrobatでExcelへ変換。変換後の元データをsheet1に保持し、正規化処理のためsheet2・sheet3へ手作業で整理。normalized CSVはsheet2・sheet3から生成
09,栃木県,09201,宇都宮市,,栃木医療センター,,,,宇都宮市中戸祭 1-10-37,,,,yes,,,,,,,,yes,,,,,,,,,,,,,,,,,,,,ostomate_toilet_list,栃木県 オストメイト対応トイレ一覧表,https://www.pref.tochigi.lg.jp/e05/welfare/shougaisha/fukushi/documents/20260805165831.pdf,2026-05-01,sheet2:46,ostomate_type=multipurpose_toilet_with_waste_sink,source_processing=栃木県公式PDFをAdobe AcrobatでExcelへ変換。変換後の元データをsheet1に保持し、正規化処理のためsheet2・sheet3へ手作業で整理。normalized CSVはsheet2・sheet3から生成
09,栃木県,09201,宇都宮市,,宇都宮法務総合庁舎,,,,宇都宮市小幡 2-1-11,,,,yes,,,,,,,,yes,,,,,,,,,,,,,,,,,,,,ostomate_toilet_list,栃木県 オストメイト対応トイレ一覧表,https://www.pref.tochigi.lg.jp/e05/welfare/shougaisha/fukushi/documents/20260805165831.pdf,2026-05-01,sheet2:47,ostomate_type=multipurpose_toilet_with_waste_sink,source_processing=栃木県公式PDFをAdobe AcrobatでExcelへ変換。変換後の元データをsheet1に保持し、正規化処理のためsheet2・sheet3へ手作業で整理。normalized CSVはsheet2・sheet3から生成
09,栃木県,09201,宇都宮市,,宇都宮東年金事務所,,,,宇都宮市元今泉 6-6-13,,,,yes,,,,,,,,yes,,,,,,,,,,,,,,,,,,,,ostomate_toilet_list,栃木県 オストメイト対応トイレ一覧表,https://www.pref.tochigi.lg.jp/e05/welfare/shougaisha/fukushi/documents/20260805165831.pdf,2026-05-01,sheet2:48,ostomate_type=multipurpose_toilet_with_waste_sink,source_processing=栃木県公式PDFをAdobe AcrobatでExcelへ変換。変換後の元データをsheet1に保持し、正規化処理のためsheet2・sheet3へ手作業で整理。normalized CSVはsheet2・sheet3から生成
09,栃木県,09201,宇都宮市,,宇都宮第２地方合同庁舎,,,,宇都宮市明保野町 1-4,,,,yes,,,,,,,,yes,,,,,,,,,,,,,,,,,,,,ostomate_toilet_list,栃木県 オストメイト対応トイレ一覧表,https://www.pref.tochigi.lg.jp/e05/welfare/shougaisha/fukushi/documents/20260805165831.pdf,2026-05-01,sheet2:49,ostomate_type=multipurpose_toilet_with_waste_sink,source_processing=栃木県公式PDFをAdobe AcrobatでExcelへ変換。変換後の元データをsheet1に保持し、正規化処理のためsheet2・sheet3へ手作業で整理。normalized CSVはsheet2・sheet3から生成
09,栃木県,09201,宇都宮市,,バンバ出張所,,,,宇都宮市馬場通り 4-1-1,,,,yes,,,,,,,,yes,,,,,,,,,,,,,,,,,,,,ostomate_toilet_list,栃木県 オストメイト対応トイレ一覧表,https://www.pref.tochigi.lg.jp/e05/welfare/shougaisha/fukushi/documents/20260805165831.pdf,2026-05-01,sheet2:50,ostomate_type=multipurpose_toilet_with_waste_sink,source_processing=栃木県公式PDFをAdobe AcrobatでExcelへ変換。変換後の元データをsheet1に保持し、正規化処理のためsheet2・sheet3へ手作業で整理。normalized CSVはsheet2・sheet3から生成
09,栃木県,09201,宇都宮市,,宇都宮市体育館,,,,宇都宮市今泉 5-6-18,,,,yes,,,,,,,,yes,,,,,,,,,,,,,,,,,,,,ostomate_toilet_list,栃木県 オストメイト対応トイレ一覧表,https://www.pref.tochigi.lg.jp/e05/welfare/shougaisha/fukushi/documents/20260805165831.pdf,2026-05-01,sheet2:51,ostomate_type=multipurpose_toilet_with_waste_sink,source_processing=栃木県公式PDFをAdobe AcrobatでExcelへ変換。変換後の元データをsheet1に保持し、正規化処理のためsheet2・sheet3へ手作業で整理。normalized CSVはsheet2・sheet3から生成
09,栃木県,09201,宇都宮市,,河内地区市民センター,,,,宇都宮市中岡本町 3221-4,,,,yes,,,,,,,,yes,,,,,,,,,,,,,,,,,,,,ostomate_toilet_list,栃木県 オストメイト対応トイレ一覧表,https://www.pref.tochigi.lg.jp/e05/welfare/shougaisha/fukushi/documents/20260805165831.pdf,2026-05-01,sheet2:52,ostomate_type=multipurpose_toilet_with_waste_sink,source_processing=栃木県公式PDFをAdobe AcrobatでExcelへ変換。変換後の元データをsheet1に保持し、正規化処理のためsheet2・sheet3へ手作業で整理。normalized CSVはsheet2・sheet3から生成
09,栃木県,09201,宇都宮市,,宇都宮市茂原健康交流センター,,,,宇都宮市白沢町 385,,,,yes,,,,,,,,yes,,,,,,,,,,,,,,,,,,,,ostomate_toilet_list,栃木県 オストメイト対応トイレ一覧表,https://www.pref.tochigi.lg.jp/e05/welfare/shougaisha/fukushi/documents/20260805165831.pdf,2026-05-01,sheet2:53,ostomate_type=multipurpose_toilet_with_waste_sink,source_processing=栃木県公式PDFをAdobe AcrobatでExcelへ変換。変換後の元データをsheet1に保持し、正規化処理のためsheet2・sheet3へ手作業で整理。normalized CSVはsheet2・sheet3から生成
09,栃木県,09201,宇都宮市,,宇都宮市立中央図書館,,,,宇都宮市明保野町 7-57,,,,yes,,,,,,,,yes,,,,,,,,,,,,,,,,,,,,ostomate_toilet_list,栃木県 オストメイト対応トイレ一覧表,https://www.pref.tochigi.lg.jp/e05/welfare/shougaisha/fukushi/documents/20260805165831.pdf,2026-05-01,sheet2:54,ostomate_type=multipurpose_toilet_with_waste_sink,source_processing=栃木県公式PDFをAdobe AcrobatでExcelへ変換。変換後の元データをsheet1に保持し、正規化処理のためsheet2・sheet3へ手作業で整理。normalized CSVはsheet2・sheet3から生成
09,栃木県,09201,宇都宮市,,宇都宮市立東図書館,,,,宇都宮市中今泉 3-5-1,,,,yes,,,,,,,,yes,,,,,,,,,,,,,,,,,,,,ostomate_toilet_list,栃木県 オストメイト対応トイレ一覧表,https://www.pref.tochigi.lg.jp/e05/welfare/shougaisha/fukushi/documents/20260805165831.pdf,2026-05-01,sheet2:55,ostomate_type=multipurpose_toilet_with_waste_sink,source_processing=栃木県公式PDFをAdobe AcrobatでExcelへ変換。変換後の元データをsheet1に保持し、正規化処理のためsheet2・sheet3へ手作業で整理。normalized CSVはsheet2・sheet3から生成
09,栃木県,09201,宇都宮市,,清原球場,,,,宇都宮市清原工業団地 14,,,,yes,,,,,,,,yes,,,,,,,,,,,,,,,,,,,,ostomate_toilet_list,栃木県 オストメイト対応トイレ一覧表,https://www.pref.tochigi.lg.jp/e05/welfare/shougaisha/fukushi/documents/20260805165831.pdf,2026-05-01,sheet2:56,ostomate_type=multipurpose_toilet_with_waste_sink,source_processing=栃木県公式PDFをAdobe AcrobatでExcelへ変換。変換後の元データをsheet1に保持し、正規化処理のためsheet2・sheet3へ手作業で整理。normalized CSVはsheet2・sheet3から生成
09,栃木県,09201,宇都宮市,,栃木県総合運動公園,,,,宇都宮市西川田 4-1-1,,,,yes,,,,,,,,yes,,,,,,,,,,,,,,,,,,,,ostomate_toilet_list,栃木県 オストメイト対応トイレ一覧表,https://www.pref.tochigi.lg.jp/e05/welfare/shougaisha/fukushi/documents/20260805165831.pdf,2026-05-01,sheet2:57,ostomate_type=multipurpose_toilet_with_waste_sink,source_processing=栃木県公式PDFをAdobe AcrobatでExcelへ変換。変換後の元データをsheet1に保持し、正規化処理のためsheet2・sheet3へ手作業で整理。normalized CSVはsheet2・sheet3から生成
09,栃木県,09201,宇都宮市,,宮原運動公園,,,,宇都宮市陽南 4-5-6,,,,yes,,,,,,,,yes,,,,,,,,,,,,,,,,,,,,ostomate_toilet_list,栃木県 オストメイト対応トイレ一覧表,https://www.pref.tochigi.lg.jp/e05/welfare/shougaisha/fukushi/documents/20260805165831.pdf,2026-05-01,sheet2:58,ostomate_type=multipurpose_toilet_with_waste_sink,source_processing=栃木県公式PDFをAdobe AcrobatでExcelへ変換。変換後の元データをsheet1に保持し、正規化処理のためsheet2・sheet3へ手作業で整理。normalized CSVはsheet2・sheet3から生成
09,栃木県,09201,宇都宮市,,うつのみや文化の森,,,,宇都宮市長岡町 1077,,,,yes,,,,,,,,yes,,,,,,,,,,,,,,,,,,,,ostomate_toilet_list,栃木県 オストメイト対応トイレ一覧表,https://www.pref.tochigi.lg.jp/e05/welfare/shougaisha/fukushi/documents/20260805165831.pdf,2026-05-01,sheet2:59,ostomate_type=multipurpose_toilet_with_waste_sink,source_processing=栃木県公式PDFをAdobe AcrobatでExcelへ変換。変換後の元データをsheet1に保持し、正規化処理のためsheet2・sheet3へ手作業で整理。normalized CSVはsheet2・sheet3から生成
09,栃木県,09201,宇都宮市,,とちぎ福祉プラザ 障害者スポーツセンター（わかくさアリーナ）,,,,宇都宮市若草 4-5-6,,,,yes,,,,,,,,yes,,,,,,,,,,,,,,,,,,,,ostomate_toilet_list,栃木県 オストメイト対応トイレ一覧表,https://www.pref.tochigi.lg.jp/e05/welfare/shougaisha/fukushi/documents/20260805165831.pdf,2026-05-01,sheet2:60,ostomate_type=multipurpose_toilet_with_waste_sink,source_processing=栃木県公式PDFをAdobe AcrobatでExcelへ変換。変換後の元データをsheet1に保持し、正規化処理のためsheet2・sheet3へ手作業で整理。normalized CSVはsheet2・sheet3から生成
09,栃木県,09201,宇都宮市,,コジマ子どもサイエンスパーク （栃木県子ども総合科学館）,,,,宇都宮市西川田町 567,,,,yes,,,,,,,,yes,,,,,,,,,,,,,,,,,,,,ostomate_toilet_list,栃木県 オストメイト対応トイレ一覧表,https://www.pref.tochigi.lg.jp/e05/welfare/shougaisha/fukushi/documents/20260805165831.pdf,2026-05-01,sheet2:61,ostomate_type=multipurpose_toilet_with_waste_sink,source_processing=栃木県公式PDFをAdobe AcrobatでExcelへ変換。変換後の元データをsheet1に保持し、正規化処理のためsheet2・sheet3へ手作業で整理。normalized CSVはsheet2・sheet3から生成
09,栃木県,09201,宇都宮市,,とちぎ歯の健康センター,,,,宇都宮市一の沢 2-2-5,,,,yes,,,,,,,,yes,,,,,,,,,,,,,,,,,,,,ostomate_toilet_list,栃木県 オストメイト対応トイレ一覧表,https://www.pref.tochigi.lg.jp/e05/welfare/shougaisha/fukushi/documents/20260805165831.pdf,2026-05-01,sheet2:62,ostomate_type=multipurpose_toilet_with_waste_sink,source_processing=栃木県公式PDFをAdobe AcrobatでExcelへ変換。変換後の元データをsheet1に保持し、正規化処理のためsheet2・sheet3へ手作業で整理。normalized CSVはsheet2・sheet3から生成
09,栃木県,09202,足利市,,足利市役所,,,,足利市本城 3-2145,,,,yes,,,,,,,,yes,,,,,,,,,,,,,,,,,,,,ostomate_toilet_list,栃木県 オストメイト対応トイレ一覧表,https://www.pref.tochigi.lg.jp/e05/welfare/shougaisha/fukushi/documents/20260805165831.pdf,2026-05-01,sheet2:63,ostomate_type=multipurpose_toilet_with_waste_sink,source_processing=栃木県公式PDFをAdobe AcrobatでExcelへ変換。変換後の元データをsheet1に保持し、正規化処理のためsheet2・sheet3へ手作業で整理。normalized CSVはsheet2・sheet3から生成
09,栃木県,09202,足利市,,マルニ学縁 生涯学習センター,,,,足利市相生町 1-1,,,,yes,,,,,,,,yes,,,,,,,,,,,,,,,,,,,,ostomate_toilet_list,栃木県 オストメイト対応トイレ一覧表,https://www.pref.tochigi.lg.jp/e05/welfare/shougaisha/fukushi/documents/20260805165831.pdf,2026-05-01,sheet2:64,ostomate_type=multipurpose_toilet_with_waste_sink,source_processing=栃木県公式PDFをAdobe AcrobatでExcelへ変換。変換後の元データをsheet1に保持し、正規化処理のためsheet2・sheet3へ手作業で整理。normalized CSVはsheet2・sheet3から生成
09,栃木県,09202,足利市,,あしかがフラワーパークプラザ（足利市民プラザ）,,,,足利市朝倉町 264,,,,yes,,,,,,,,yes,,,,,,,,,,,,,,,,,,,,ostomate_toilet_list,栃木県 オストメイト対応トイレ一覧表,https://www.pref.tochigi.lg.jp/e05/welfare/shougaisha/fukushi/documents/20260805165831.pdf,2026-05-01,sheet2:65,ostomate_type=multipurpose_toilet_with_waste_sink,source_processing=栃木県公式PDFをAdobe AcrobatでExcelへ変換。変換後の元データをsheet1に保持し、正規化処理のためsheet2・sheet3へ手作業で整理。normalized CSVはsheet2・sheet3から生成
09,栃木県,09202,足利市,,太平記館,,,,足利市伊勢町 3-6-4,,,,yes,,,,,,,,yes,,,,,,,,,,,,,,,,,,,,ostomate_toilet_list,栃木県 オストメイト対応トイレ一覧表,https://www.pref.tochigi.lg.jp/e05/welfare/shougaisha/fukushi/documents/20260805165831.pdf,2026-05-01,sheet2:66,ostomate_type=multipurpose_toilet_with_waste_sink,source_processing=栃木県公式PDFをAdobe AcrobatでExcelへ変換。変換後の元データをsheet1に保持し、正規化処理のためsheet2・sheet3へ手作業で整理。normalized CSVはsheet2・sheet3から生成
09,栃木県,09202,足利市,,足利赤十字病院,,,,足利市五十部町 284-1,,,,yes,,,,,,,,yes,,,,,,,,,,,,,,,,,,,,ostomate_toilet_list,栃木県 オストメイト対応トイレ一覧表,https://www.pref.tochigi.lg.jp/e05/welfare/shougaisha/fukushi/documents/20260805165831.pdf,2026-05-01,sheet2:67,ostomate_type=multipurpose_toilet_with_waste_sink,source_processing=栃木県公式PDFをAdobe AcrobatでExcelへ変換。変換後の元データをsheet1に保持し、正規化処理のためsheet2・sheet3へ手作業で整理。normalized CSVはsheet2・sheet3から生成
09,栃木県,09202,足利市,,アシコタウンあしかが,,,,足利市大月町 3-2,,,,yes,,,,,,,,yes,,,,,,,,,,,,,,,,,,,,ostomate_toilet_list,栃木県 オストメイト対応トイレ一覧表,https://www.pref.tochigi.lg.jp/e05/welfare/shougaisha/fukushi/documents/20260805165831.pdf,2026-05-01,sheet2:68,ostomate_type=multipurpose_toilet_with_waste_sink,source_processing=栃木県公式PDFをAdobe AcrobatでExcelへ変換。変換後の元データをsheet1に保持し、正規化処理のためsheet2・sheet3へ手作業で整理。normalized CSVはsheet2・sheet3から生成
09,栃木県,09203,栃木市,,農業総合研究センターいちご研究所,,,,栃木市大塚町 2920,,,,yes,,,,,,,,yes,,,,,,,,,,,,,,,,,,,,ostomate_toilet_list,栃木県 オストメイト対応トイレ一覧表,https://www.pref.tochigi.lg.jp/e05/welfare/shougaisha/fukushi/documents/20260805165831.pdf,2026-05-01,sheet2:69,ostomate_type=multipurpose_toilet_with_waste_sink,source_processing=栃木県公式PDFをAdobe AcrobatでExcelへ変換。変換後の元データをsheet1に保持し、正規化処理のためsheet2・sheet3へ手作業で整理。normalized CSVはsheet2・sheet3から生成
09,栃木県,09203,栃木市,,栃木 JIMINIE 倶楽部 自然の家みかも,,,,栃木市岩舟町下津原 1808-1,,,,yes,,,,,,,,yes,,,,,,,,,,,,,,,,,,,,ostomate_toilet_list,栃木県 オストメイト対応トイレ一覧表,https://www.pref.tochigi.lg.jp/e05/welfare/shougaisha/fukushi/documents/20260805165831.pdf,2026-05-01,sheet2:70,ostomate_type=multipurpose_toilet_with_waste_sink,source_processing=栃木県公式PDFをAdobe AcrobatでExcelへ変換。変換後の元データをsheet1に保持し、正規化処理のためsheet2・sheet3へ手作業で整理。normalized CSVはsheet2・sheet3から生成
09,栃木県,09203,栃木市,,栃木市役所,,,,栃木市万町 9-25,,,,yes,,,,,,,,yes,,,,,,,,,,,,,,,,,,,,ostomate_toilet_list,栃木県 オストメイト対応トイレ一覧表,https://www.pref.tochigi.lg.jp/e05/welfare/shougaisha/fukushi/documents/20260805165831.pdf,2026-05-01,sheet2:71,ostomate_type=multipurpose_toilet_with_waste_sink,source_processing=栃木県公式PDFをAdobe AcrobatでExcelへ変換。変換後の元データをsheet1に保持し、正規化処理のためsheet2・sheet3へ手作業で整理。normalized CSVはsheet2・sheet3から生成
09,栃木県,09203,栃木市,,きららの杜とちぎ蔵の街楽習館,,,,栃木市入舟町 6－8,,,,yes,,,,,,,,yes,,,,,,,,,,,,,,,,,,,,ostomate_toilet_list,栃木県 オストメイト対応トイレ一覧表,https://www.pref.tochigi.lg.jp/e05/welfare/shougaisha/fukushi/documents/20260805165831.pdf,2026-05-01,sheet2:72,ostomate_type=multipurpose_toilet_with_waste_sink,source_processing=栃木県公式PDFをAdobe AcrobatでExcelへ変換。変換後の元データをsheet1に保持し、正規化処理のためsheet2・sheet3へ手作業で整理。normalized CSVはsheet2・sheet3から生成
09,栃木県,09203,栃木市,,栃木第三地区コミュニティセンター,,,,栃木市境町 19-3,,,,yes,,,,,,,,yes,,,,,,,,,,,,,,,,,,,,ostomate_toilet_list,栃木県 オストメイト対応トイレ一覧表,https://www.pref.tochigi.lg.jp/e05/welfare/shougaisha/fukushi/documents/20260805165831.pdf,2026-05-01,sheet2:73,ostomate_type=multipurpose_toilet_with_waste_sink,source_processing=栃木県公式PDFをAdobe AcrobatでExcelへ変換。変換後の元データをsheet1に保持し、正規化処理のためsheet2・sheet3へ手作業で整理。normalized CSVはsheet2・sheet3から生成
09,栃木県,09203,栃木市,,栃木県立学悠館高等学校,,,,栃木市河合町 12-2,,,,yes,,,,,,,,yes,,,,,,,,,,,,,,,,,,,,ostomate_toilet_list,栃木県 オストメイト対応トイレ一覧表,https://www.pref.tochigi.lg.jp/e05/welfare/shougaisha/fukushi/documents/20260805165831.pdf,2026-05-01,sheet2:74,ostomate_type=multipurpose_toilet_with_waste_sink,source_processing=栃木県公式PDFをAdobe AcrobatでExcelへ変換。変換後の元データをsheet1に保持し、正規化処理のためsheet2・sheet3へ手作業で整理。normalized CSVはsheet2・sheet3から生成
09,栃木県,09203,栃木市,,栃木市総合運動公園,,,,栃木市川原田町 760,,,,yes,,,,,,,,yes,,,,,,,,,,,,,,,,,,,,ostomate_toilet_list,栃木県 オストメイト対応トイレ一覧表,https://www.pref.tochigi.lg.jp/e05/welfare/shougaisha/fukushi/documents/20260805165831.pdf,2026-05-01,sheet2:75,ostomate_type=multipurpose_toilet_with_waste_sink,source_processing=栃木県公式PDFをAdobe AcrobatでExcelへ変換。変換後の元データをsheet1に保持し、正規化処理のためsheet2・sheet3へ手作業で整理。normalized CSVはsheet2・sheet3から生成
09,栃木県,09203,栃木市,,栃木市観光交流館,,,,栃木市河合町 1-2,,,,yes,,,,,,,,yes,,,,,,,,,,,,,,,,,,,,ostomate_toilet_list,栃木県 オストメイト対応トイレ一覧表,https://www.pref.tochigi.lg.jp/e05/welfare/shougaisha/fukushi/documents/20260805165831.pdf,2026-05-01,sheet2:76,ostomate_type=multipurpose_toilet_with_waste_sink,source_processing=栃木県公式PDFをAdobe AcrobatでExcelへ変換。変換後の元データをsheet1に保持し、正規化処理のためsheet2・sheet3へ手作業で整理。normalized CSVはsheet2・sheet3から生成
09,栃木県,09203,栃木市,,栃木保健福祉センター,,,,栃木市今泉町 2-1-40,,,,yes,,,,,,,,yes,,,,,,,,,,,,,,,,,,,,ostomate_toilet_list,栃木県 オストメイト対応トイレ一覧表,https://www.pref.tochigi.lg.jp/e05/welfare/shougaisha/fukushi/documents/20260805165831.pdf,2026-05-01,sheet2:77,ostomate_type=multipurpose_toilet_with_waste_sink,source_processing=栃木県公式PDFをAdobe AcrobatでExcelへ変換。変換後の元データをsheet1に保持し、正規化処理のためsheet2・sheet3へ手作業で整理。normalized CSVはsheet2・sheet3から生成
09,栃木県,09203,栃木市,,栃木市大平まちづくり交流センター （プラッツおおひら）,,,,栃木市大平町富田 558-11,,,,yes,,,,,,,,yes,,,,,,,,,,,,,,,,,,,,ostomate_toilet_list,栃木県 オストメイト対応トイレ一覧表,https://www.pref.tochigi.lg.jp/e05/welfare/shougaisha/fukushi/documents/20260805165831.pdf,2026-05-01,sheet2:78,ostomate_type=multipurpose_toilet_with_waste_sink,source_processing=栃木県公式PDFをAdobe AcrobatでExcelへ変換。変換後の元データをsheet1に保持し、正規化処理のためsheet2・sheet3へ手作業で整理。normalized CSVはsheet2・sheet3から生成
09,栃木県,09203,栃木市,,栃木市大平健康福祉センター（ゆうゆうプラザ）,,,,栃木市大平町西野田 666-1,,,,yes,,,,,,,,yes,,,,,,,,,,,,,,,,,,,,ostomate_toilet_list,栃木県 オストメイト対応トイレ一覧表,https://www.pref.tochigi.lg.jp/e05/welfare/shougaisha/fukushi/documents/20260805165831.pdf,2026-05-01,sheet2:79,ostomate_type=multipurpose_toilet_with_waste_sink,source_processing=栃木県公式PDFをAdobe AcrobatでExcelへ変換。変換後の元データをsheet1に保持し、正規化処理のためsheet2・sheet3へ手作業で整理。normalized CSVはsheet2・sheet3から生成
09,栃木県,09203,栃木市,,栃木市役所藤岡総合支所,,,,栃木市藤岡町藤岡 1022-5,,,,yes,,,,,,,,yes,,,,,,,,,,,,,,,,,,,,ostomate_toilet_list,栃木県 オストメイト対応トイレ一覧表,https://www.pref.tochigi.lg.jp/e05/welfare/shougaisha/fukushi/documents/20260805165831.pdf,2026-05-01,sheet2:80,ostomate_type=multipurpose_toilet_with_waste_sink,source_processing=栃木県公式PDFをAdobe AcrobatでExcelへ変換。変換後の元データをsheet1に保持し、正規化処理のためsheet2・sheet3へ手作業で整理。normalized CSVはsheet2・sheet3から生成
09,栃木県,09203,栃木市,,渡良瀬遊水地ハートランド城,,,,栃木市藤岡町藤岡 1218-1,,,,yes,,,,,,,,yes,,,,,,,,,,,,,,,,,,,,ostomate_toilet_list,栃木県 オストメイト対応トイレ一覧表,https://www.pref.tochigi.lg.jp/e05/welfare/shougaisha/fukushi/documents/20260805165831.pdf,2026-05-01,sheet2:81,ostomate_type=multipurpose_toilet_with_waste_sink,source_processing=栃木県公式PDFをAdobe AcrobatでExcelへ変換。変換後の元データをsheet1に保持し、正規化処理のためsheet2・sheet3へ手作業で整理。normalized CSVはsheet2・sheet3から生成
09,栃木県,09203,栃木市,,栃木市藤岡保健福祉センター,,,,栃木市藤岡町赤麻 502-1,,,,yes,,,,,,,,yes,,,,,,,,,,,,,,,,,,,,ostomate_toilet_list,栃木県 オストメイト対応トイレ一覧表,https://www.pref.tochigi.lg.jp/e05/welfare/shougaisha/fukushi/documents/20260805165831.pdf,2026-05-01,sheet2:82,ostomate_type=multipurpose_toilet_with_waste_sink,source_processing=栃木県公式PDFをAdobe AcrobatでExcelへ変換。変換後の元データをsheet1に保持し、正規化処理のためsheet2・sheet3へ手作業で整理。normalized CSVはsheet2・sheet3から生成
09,栃木県,09203,栃木市,,つがの里体験交流館,,,,栃木市都賀町木 2388-2,,,,yes,,,,,,,,yes,,,,,,,,,,,,,,,,,,,,ostomate_toilet_list,栃木県 オストメイト対応トイレ一覧表,https://www.pref.tochigi.lg.jp/e05/welfare/shougaisha/fukushi/documents/20260805165831.pdf,2026-05-01,sheet2:83,ostomate_type=multipurpose_toilet_with_waste_sink,source_processing=栃木県公式PDFをAdobe AcrobatでExcelへ変換。変換後の元データをsheet1に保持し、正規化処理のためsheet2・sheet3へ手作業で整理。normalized CSVはsheet2・sheet3から生成
09,栃木県,09203,栃木市,,栃木市北部健康福祉センター（ゆったり～な）,,,,栃木市西方町本城 2-1,,,,yes,,,,,,,,yes,,,,,,,,,,,,,,,,,,,,ostomate_toilet_list,栃木県 オストメイト対応トイレ一覧表,https://www.pref.tochigi.lg.jp/e05/welfare/shougaisha/fukushi/documents/20260805165831.pdf,2026-05-01,sheet2:84,ostomate_type=multipurpose_toilet_with_waste_sink,source_processing=栃木県公式PDFをAdobe AcrobatでExcelへ変換。変換後の元データをsheet1に保持し、正規化処理のためsheet2・sheet3へ手作業で整理。normalized CSVはsheet2・sheet3から生成
09,栃木県,09203,栃木市,,栃木市静和地区公民館,,,,栃木市岩舟町静和 2170-1,,,,yes,,,,,,,,yes,,,,,,,,,,,,,,,,,,,,ostomate_toilet_list,栃木県 オストメイト対応トイレ一覧表,https://www.pref.tochigi.lg.jp/e05/welfare/shougaisha/fukushi/documents/20260805165831.pdf,2026-05-01,sheet2:85,ostomate_type=multipurpose_toilet_with_waste_sink,source_processing=栃木県公式PDFをAdobe AcrobatでExcelへ変換。変換後の元データをsheet1に保持し、正規化処理のためsheet2・sheet3へ手作業で整理。normalized CSVはsheet2・sheet3から生成
09,栃木県,09203,栃木市,,とちぎ花センター,,,,栃木市岩舟町下津原 1612,,,,yes,,,,,,,,yes,,,,,,,,,,,,,,,,,,,,ostomate_toilet_list,栃木県 オストメイト対応トイレ一覧表,https://www.pref.tochigi.lg.jp/e05/welfare/shougaisha/fukushi/documents/20260805165831.pdf,2026-05-01,sheet2:86,ostomate_type=multipurpose_toilet_with_waste_sink,source_processing=栃木県公式PDFをAdobe AcrobatでExcelへ変換。変換後の元データをsheet1に保持し、正規化処理のためsheet2・sheet3へ手作業で整理。normalized CSVはsheet2・sheet3から生成
09,栃木県,09203,栃木市,,CITY GYM ＆ SPA 遊楽々館 （栃木市岩舟健康福祉センター）,,,,栃木市岩舟町三谷 1038-1,,,,yes,,,,,,,,yes,,,,,,,,,,,,,,,,,,,,ostomate_toilet_list,栃木県 オストメイト対応トイレ一覧表,https://www.pref.tochigi.lg.jp/e05/welfare/shougaisha/fukushi/documents/20260805165831.pdf,2026-05-01,sheet2:87,ostomate_type=multipurpose_toilet_with_waste_sink,source_processing=栃木県公式PDFをAdobe AcrobatでExcelへ変換。変換後の元データをsheet1に保持し、正規化処理のためsheet2・sheet3へ手作業で整理。normalized CSVはsheet2・sheet3から生成
09,栃木県,09203,栃木市,,嘉右衛門町伝統的建造物群保存地区 拠点施設ガイダンスセンター,,,,栃木市嘉右衛門町 2-11,,,,yes,,,,,,,,yes,,,,,,,,,,,,,,,,,,,,ostomate_toilet_list,栃木県 オストメイト対応トイレ一覧表,https://www.pref.tochigi.lg.jp/e05/welfare/shougaisha/fukushi/documents/20260805165831.pdf,2026-05-01,sheet2:88,ostomate_type=multipurpose_toilet_with_waste_sink,source_processing=栃木県公式PDFをAdobe AcrobatでExcelへ変換。変換後の元データをsheet1に保持し、正規化処理のためsheet2・sheet3へ手作業で整理。normalized CSVはsheet2・sheet3から生成
09,栃木県,09203,栃木市,,栃木市立美術館,,,,栃木市入舟町 7-26,,,,yes,,,,,,,,yes,,,,,,,,,,,,,,,,,,,,ostomate_toilet_list,栃木県 オストメイト対応トイレ一覧表,https://www.pref.tochigi.lg.jp/e05/welfare/shougaisha/fukushi/documents/20260805165831.pdf,2026-05-01,sheet2:89,ostomate_type=multipurpose_toilet_with_waste_sink,source_processing=栃木県公式PDFをAdobe AcrobatでExcelへ変換。変換後の元データをsheet1に保持し、正規化処理のためsheet2・sheet3へ手作業で整理。normalized CSVはsheet2・sheet3から生成
09,栃木県,09203,栃木市,,栃木市立文学館,,,,栃木市入舟町 7-31,,,,yes,,,,,,,,yes,,,,,,,,,,,,,,,,,,,,ostomate_toilet_list,栃木県 オストメイト対応トイレ一覧表,https://www.pref.tochigi.lg.jp/e05/welfare/shougaisha/fukushi/documents/20260805165831.pdf,2026-05-01,sheet2:90,ostomate_type=multipurpose_toilet_with_waste_sink,source_processing=栃木県公式PDFをAdobe AcrobatでExcelへ変換。変換後の元データをsheet1に保持し、正規化処理のためsheet2・sheet3へ手作業で整理。normalized CSVはsheet2・sheet3から生成
09,栃木県,09203,栃木市,,栃木市斎場（あじさいの杜）,,,,栃木市岩舟町三谷 1211-1,,,,yes,,,,,,,,yes,,,,,,,,,,,,,,,,,,,,ostomate_toilet_list,栃木県 オストメイト対応トイレ一覧表,https://www.pref.tochigi.lg.jp/e05/welfare/shougaisha/fukushi/documents/20260805165831.pdf,2026-05-01,sheet2:91,ostomate_type=multipurpose_toilet_with_waste_sink,source_processing=栃木県公式PDFをAdobe AcrobatでExcelへ変換。変換後の元データをsheet1に保持し、正規化処理のためsheet2・sheet3へ手作業で整理。normalized CSVはsheet2・sheet3から生成
09,栃木県,09203,栃木市,,栃木市聖地公園 管理棟,,,,栃木市皆川城内町 450-1,,,,yes,,,,,,,,yes,,,,,,,,,,,,,,,,,,,,ostomate_toilet_list,栃木県 オストメイト対応トイレ一覧表,https://www.pref.tochigi.lg.jp/e05/welfare/shougaisha/fukushi/documents/20260805165831.pdf,2026-05-01,sheet2:92,ostomate_type=multipurpose_toilet_with_waste_sink,source_processing=栃木県公式PDFをAdobe AcrobatでExcelへ変換。変換後の元データをsheet1に保持し、正規化処理のためsheet2・sheet3へ手作業で整理。normalized CSVはsheet2・sheet3から生成
09,栃木県,09203,栃木市,,栃木市消防本部・栃木市消防署,,,,栃木市平柳町 1-34-5,,,,yes,,,,,,,,yes,,,,,,,,,,,,,,,,,,,,ostomate_toilet_list,栃木県 オストメイト対応トイレ一覧表,https://www.pref.tochigi.lg.jp/e05/welfare/shougaisha/fukushi/documents/20260805165831.pdf,2026-05-01,sheet2:93,ostomate_type=multipurpose_toilet_with_waste_sink,source_processing=栃木県公式PDFをAdobe AcrobatでExcelへ変換。変換後の元データをsheet1に保持し、正規化処理のためsheet2・sheet3へ手作業で整理。normalized CSVはsheet2・sheet3から生成
09,栃木県,09203,栃木市,,西方総合支所別館,,,,栃木市西方町元 347-1,,,,yes,,,,,,,,yes,,,,,,,,,,,,,,,,,,,,ostomate_toilet_list,栃木県 オストメイト対応トイレ一覧表,https://www.pref.tochigi.lg.jp/e05/welfare/shougaisha/fukushi/documents/20260805165831.pdf,2026-05-01,sheet2:94,ostomate_type=multipurpose_toilet_with_waste_sink,source_processing=栃木県公式PDFをAdobe AcrobatでExcelへ変換。変換後の元データをsheet1に保持し、正規化処理のためsheet2・sheet3へ手作業で整理。normalized CSVはsheet2・sheet3から生成
09,栃木県,09203,栃木市,,都賀総合支所,,,,栃木市都賀町原宿 573,,,,yes,,,,,,,,yes,,,,,,,,,,,,,,,,,,,,ostomate_toilet_list,栃木県 オストメイト対応トイレ一覧表,https://www.pref.tochigi.lg.jp/e05/welfare/shougaisha/fukushi/documents/20260805165831.pdf,2026-05-01,sheet2:95,ostomate_type=multipurpose_toilet_with_waste_sink,source_processing=栃木県公式PDFをAdobe AcrobatでExcelへ変換。変換後の元データをsheet1に保持し、正規化処理のためsheet2・sheet3へ手作業で整理。normalized CSVはsheet2・sheet3から生成
09,栃木県,09204,佐野市,,佐野市役所１階、２階,,,,佐野市高砂町１,,,,yes,,,,,,,,yes,,,,,,,,,,,,,,,,,,,,ostomate_toilet_list,栃木県 オストメイト対応トイレ一覧表,https://www.pref.tochigi.lg.jp/e05/welfare/shougaisha/fukushi/documents/20260805165831.pdf,2026-05-01,sheet2:96,ostomate_type=multipurpose_toilet_with_waste_sink,source_processing=栃木県公式PDFをAdobe AcrobatでExcelへ変換。変換後の元データをsheet1に保持し、正規化処理のためsheet2・sheet3へ手作業で整理。normalized CSVはsheet2・sheet3から生成
09,栃木県,09204,佐野市,,佐野市役所田沼行政センター,,,,佐野市田沼町 974-3,,,,yes,,,,,,,,yes,,,,,,,,,,,,,,,,,,,,ostomate_toilet_list,栃木県 オストメイト対応トイレ一覧表,https://www.pref.tochigi.lg.jp/e05/welfare/shougaisha/fukushi/documents/20260805165831.pdf,2026-05-01,sheet2:97,ostomate_type=multipurpose_toilet_with_waste_sink,source_processing=栃木県公式PDFをAdobe AcrobatでExcelへ変換。変換後の元データをsheet1に保持し、正規化処理のためsheet2・sheet3へ手作業で整理。normalized CSVはsheet2・sheet3から生成
09,栃木県,09204,佐野市,,佐野市役所葛生行政センター,,,,佐野市葛生東 1-11-8,,,,yes,,,,,,,,yes,,,,,,,,,,,,,,,,,,,,ostomate_toilet_list,栃木県 オストメイト対応トイレ一覧表,https://www.pref.tochigi.lg.jp/e05/welfare/shougaisha/fukushi/documents/20260805165831.pdf,2026-05-01,sheet2:98,ostomate_type=multipurpose_toilet_with_waste_sink,source_processing=栃木県公式PDFをAdobe AcrobatでExcelへ変換。変換後の元データをsheet1に保持し、正規化処理のためsheet2・sheet3へ手作業で整理。normalized CSVはsheet2・sheet3から生成
09,栃木県,09204,佐野市,,佐野市上下水道局,,,,佐野市大橋町 1165,,,,yes,,,,,,,,yes,,,,,,,,,,,,,,,,,,,,ostomate_toilet_list,栃木県 オストメイト対応トイレ一覧表,https://www.pref.tochigi.lg.jp/e05/welfare/shougaisha/fukushi/documents/20260805165831.pdf,2026-05-01,sheet2:99,ostomate_type=multipurpose_toilet_with_waste_sink,source_processing=栃木県公式PDFをAdobe AcrobatでExcelへ変換。変換後の元データをsheet1に保持し、正規化処理のためsheet2・sheet3へ手作業で整理。normalized CSVはsheet2・sheet3から生成
09,栃木県,09204,佐野市,,佐野市消防本部,,,,佐野市富岡町 1391,,,,yes,,,,,,,,yes,,,,,,,,,,,,,,,,,,,,ostomate_toilet_list,栃木県 オストメイト対応トイレ一覧表,https://www.pref.tochigi.lg.jp/e05/welfare/shougaisha/fukushi/documents/20260805165831.pdf,2026-05-01,sheet2:100,ostomate_type=multipurpose_toilet_with_waste_sink,source_processing=栃木県公式PDFをAdobe AcrobatでExcelへ変換。変換後の元データをsheet1に保持し、正規化処理のためsheet2・sheet3へ手作業で整理。normalized CSVはsheet2・sheet3から生成
09,栃木県,09204,佐野市,,グランディ新都市セントラルパーク （新都市中央公園）,,,,佐野市高萩町 1294-3,,,,yes,,,,,,,,yes,,,,,,,,,,,,,,,,,,,,ostomate_toilet_list,栃木県 オストメイト対応トイレ一覧表,https://www.pref.tochigi.lg.jp/e05/welfare/shougaisha/fukushi/documents/20260805165831.pdf,2026-05-01,sheet2:101,ostomate_type=multipurpose_toilet_with_waste_sink,source_processing=栃木県公式PDFをAdobe AcrobatでExcelへ変換。変換後の元データをsheet1に保持し、正規化処理のためsheet2・sheet3へ手作業で整理。normalized CSVはsheet2・sheet3から生成
09,栃木県,09204,佐野市,,ＮＥＸＣＯ東日本 佐野ＳＡ（上り）,,,,佐野市黒袴町 1010,,,,yes,,,,,,,,yes,,,,,,,,,,,,,,,,,,,,ostomate_toilet_list,栃木県 オストメイト対応トイレ一覧表,https://www.pref.tochigi.lg.jp/e05/welfare/shougaisha/fukushi/documents/20260805165831.pdf,2026-05-01,sheet2:102,ostomate_type=multipurpose_toilet_with_waste_sink,source_processing=栃木県公式PDFをAdobe AcrobatでExcelへ変換。変換後の元データをsheet1に保持し、正規化処理のためsheet2・sheet3へ手作業で整理。normalized CSVはsheet2・sheet3から生成
09,栃木県,09204,佐野市,,ＮＥＸＣＯ東日本 佐野ＳＡ（下り）,,,,佐野市黒袴町 1021,,,,yes,,,,,,,,yes,,,,,,,,,,,,,,,,,,,,ostomate_toilet_list,栃木県 オストメイト対応トイレ一覧表,https://www.pref.tochigi.lg.jp/e05/welfare/shougaisha/fukushi/documents/20260805165831.pdf,2026-05-01,sheet2:103,ostomate_type=multipurpose_toilet_with_waste_sink,source_processing=栃木県公式PDFをAdobe AcrobatでExcelへ変換。変換後の元データをsheet1に保持し、正規化処理のためsheet2・sheet3へ手作業で整理。normalized CSVはsheet2・sheet3から生成
09,栃木県,09204,佐野市,,清酒開華スタジアム（佐野市運動公園陸上競技場）,,,,佐野市赤見町 2130-2,,,,yes,,,,,,,,yes,,,,,,,,,,,,,,,,,,,,ostomate_toilet_list,栃木県 オストメイト対応トイレ一覧表,https://www.pref.tochigi.lg.jp/e05/welfare/shougaisha/fukushi/documents/20260805165831.pdf,2026-05-01,sheet2:104,ostomate_type=multipurpose_toilet_with_waste_sink,source_processing=栃木県公式PDFをAdobe AcrobatでExcelへ変換。変換後の元データをsheet1に保持し、正規化処理のためsheet2・sheet3へ手作業で整理。normalized CSVはsheet2・sheet3から生成
09,栃木県,09204,佐野市,,コンチネンタルホームフィールド （佐野市運動公園第１多目的競技場）,,,,佐野市赤見町 2130-2,,,,yes,,,,,,,,yes,,,,,,,,,,,,,,,,,,,,ostomate_toilet_list,栃木県 オストメイト対応トイレ一覧表,https://www.pref.tochigi.lg.jp/e05/welfare/shougaisha/fukushi/documents/20260805165831.pdf,2026-05-01,sheet2:105,ostomate_type=multipurpose_toilet_with_waste_sink,source_processing=栃木県公式PDFをAdobe AcrobatでExcelへ変換。変換後の元データをsheet1に保持し、正規化処理のためsheet2・sheet3へ手作業で整理。normalized CSVはsheet2・sheet3から生成
09,栃木県,09204,佐野市,,花・花薬局さの体育館 （佐野市運動公園市民体育館）,,,,佐野市赤見町 2130-2,,,,yes,,,,,,,,yes,,,,,,,,,,,,,,,,,,,,ostomate_toilet_list,栃木県 オストメイト対応トイレ一覧表,https://www.pref.tochigi.lg.jp/e05/welfare/shougaisha/fukushi/documents/20260805165831.pdf,2026-05-01,sheet2:106,ostomate_type=multipurpose_toilet_with_waste_sink,source_processing=栃木県公式PDFをAdobe AcrobatでExcelへ変換。変換後の元データをsheet1に保持し、正規化処理のためsheet2・sheet3へ手作業で整理。normalized CSVはsheet2・sheet3から生成
09,栃木県,09204,佐野市,,ＤＡＩＫＹＯアリーナ佐野（佐野市アリーナたぬま）,,,,佐野市戸奈良町 21,,,,,,,,,,,,yes,,,,,,,,,,,,,,,,,,,,ostomate_toilet_list,栃木県 オストメイト対応トイレ一覧表,https://www.pref.tochigi.lg.jp/e05/welfare/shougaisha/fukushi/documents/20260805165831.pdf,2026-05-01,sheet2:107,ostomate_type=simple_pouch_washing_faucet,source_processing=栃木県公式PDFをAdobe AcrobatでExcelへ変換。変換後の元データをsheet1に保持し、正規化処理のためsheet2・sheet3へ手作業で整理。normalized CSVはsheet2・sheet3から生成
09,栃木県,09204,佐野市,,佐野新都市バスターミナル,,,,佐野市越名町 2043-2,,,,yes,,,,,,,,yes,,,,,,,,,,,,,,,,,,,,ostomate_toilet_list,栃木県 オストメイト対応トイレ一覧表,https://www.pref.tochigi.lg.jp/e05/welfare/shougaisha/fukushi/documents/20260805165831.pdf,2026-05-01,sheet2:108,ostomate_type=multipurpose_toilet_with_waste_sink,source_processing=栃木県公式PDFをAdobe AcrobatでExcelへ変換。変換後の元データをsheet1に保持し、正規化処理のためsheet2・sheet3へ手作業で整理。normalized CSVはsheet2・sheet3から生成
09,栃木県,09204,佐野市,,佐野市こどもの国,,,,佐野市堀米町 579,,,,yes,,,,,,,,yes,,,,,,,,,,,,,,,,,,,,ostomate_toilet_list,栃木県 オストメイト対応トイレ一覧表,https://www.pref.tochigi.lg.jp/e05/welfare/shougaisha/fukushi/documents/20260805165831.pdf,2026-05-01,sheet2:109,ostomate_type=multipurpose_toilet_with_waste_sink,source_processing=栃木県公式PDFをAdobe AcrobatでExcelへ変換。変換後の元データをsheet1に保持し、正規化処理のためsheet2・sheet3へ手作業で整理。normalized CSVはsheet2・sheet3から生成
09,栃木県,09204,佐野市,,菊川第３公園,,,,佐野市堀米町 3527,,,,,,,,,,,,yes,,,,,,,,,,,,,,,,,,,,ostomate_toilet_list,栃木県 オストメイト対応トイレ一覧表,https://www.pref.tochigi.lg.jp/e05/welfare/shougaisha/fukushi/documents/20260805165831.pdf,2026-05-01,sheet2:110,ostomate_type=simple_pouch_washing_faucet,source_processing=栃木県公式PDFをAdobe AcrobatでExcelへ変換。変換後の元データをsheet1に保持し、正規化処理のためsheet2・sheet3へ手作業で整理。normalized CSVはsheet2・sheet3から生成
09,栃木県,09204,佐野市,,小種島西公園,,,,佐野市大橋町 3192-15,,,,,,,,,,,,yes,,,,,,,,,,,,,,,,,,,,ostomate_toilet_list,栃木県 オストメイト対応トイレ一覧表,https://www.pref.tochigi.lg.jp/e05/welfare/shougaisha/fukushi/documents/20260805165831.pdf,2026-05-01,sheet2:111,ostomate_type=simple_pouch_washing_faucet,source_processing=栃木県公式PDFをAdobe AcrobatでExcelへ変換。変換後の元データをsheet1に保持し、正規化処理のためsheet2・sheet3へ手作業で整理。normalized CSVはsheet2・sheet3から生成
09,栃木県,09204,佐野市,,小種島東公園,,,,佐野市大橋町 3185-1,,,,,,,,,,,,yes,,,,,,,,,,,,,,,,,,,,ostomate_toilet_list,栃木県 オストメイト対応トイレ一覧表,https://www.pref.tochigi.lg.jp/e05/welfare/shougaisha/fukushi/documents/20260805165831.pdf,2026-05-01,sheet2:112,ostomate_type=simple_pouch_washing_faucet,source_processing=栃木県公式PDFをAdobe AcrobatでExcelへ変換。変換後の元データをsheet1に保持し、正規化処理のためsheet2・sheet3へ手作業で整理。normalized CSVはsheet2・sheet3から生成
09,栃木県,09204,佐野市,,西部第一地区菊沢川北公園,,,,佐野市大橋町 3217-1,,,,,,,,,,,,yes,,,,,,,,,,,,,,,,,,,,ostomate_toilet_list,栃木県 オストメイト対応トイレ一覧表,https://www.pref.tochigi.lg.jp/e05/welfare/shougaisha/fukushi/documents/20260805165831.pdf,2026-05-01,sheet2:113,ostomate_type=simple_pouch_washing_faucet,source_processing=栃木県公式PDFをAdobe AcrobatでExcelへ変換。変換後の元データをsheet1に保持し、正規化処理のためsheet2・sheet3へ手作業で整理。normalized CSVはsheet2・sheet3から生成
09,栃木県,09204,佐野市,,三ツ橋公園,,,,佐野市大橋町 3197-1,,,,,,,,,,,,yes,,,,,,,,,,,,,,,,,,,,ostomate_toilet_list,栃木県 オストメイト対応トイレ一覧表,https://www.pref.tochigi.lg.jp/e05/welfare/shougaisha/fukushi/documents/20260805165831.pdf,2026-05-01,sheet2:114,ostomate_type=simple_pouch_washing_faucet,source_processing=栃木県公式PDFをAdobe AcrobatでExcelへ変換。変換後の元データをsheet1に保持し、正規化処理のためsheet2・sheet3へ手作業で整理。normalized CSVはsheet2・sheet3から生成
09,栃木県,09204,佐野市,,関川第１公園,,,,佐野市関川町 1196-16,,,,yes,,,,,,,,yes,,,,,,,,,,,,,,,,,,,,ostomate_toilet_list,栃木県 オストメイト対応トイレ一覧表,https://www.pref.tochigi.lg.jp/e05/welfare/shougaisha/fukushi/documents/20260805165831.pdf,2026-05-01,sheet2:115,ostomate_type=multipurpose_toilet_with_waste_sink,source_processing=栃木県公式PDFをAdobe AcrobatでExcelへ変換。変換後の元データをsheet1に保持し、正規化処理のためsheet2・sheet3へ手作業で整理。normalized CSVはsheet2・sheet3から生成
09,栃木県,09204,佐野市,,関川第２公園,,,,佐野市関川町 906-33,,,,,,,,,,,,yes,,,,,,,,,,,,,,,,,,,,ostomate_toilet_list,栃木県 オストメイト対応トイレ一覧表,https://www.pref.tochigi.lg.jp/e05/welfare/shougaisha/fukushi/documents/20260805165831.pdf,2026-05-01,sheet2:116,ostomate_type=simple_pouch_washing_faucet,source_processing=栃木県公式PDFをAdobe AcrobatでExcelへ変換。変換後の元データをsheet1に保持し、正規化処理のためsheet2・sheet3へ手作業で整理。normalized CSVはsheet2・sheet3から生成
09,栃木県,09204,佐野市,,奈良渕第２公園,,,,佐野市奈良渕町 305-1,,,,,,,,,,,,yes,,,,,,,,,,,,,,,,,,,,ostomate_toilet_list,栃木県 オストメイト対応トイレ一覧表,https://www.pref.tochigi.lg.jp/e05/welfare/shougaisha/fukushi/documents/20260805165831.pdf,2026-05-01,sheet2:117,ostomate_type=simple_pouch_washing_faucet,source_processing=栃木県公式PDFをAdobe AcrobatでExcelへ変換。変換後の元データをsheet1に保持し、正規化処理のためsheet2・sheet3へ手作業で整理。normalized CSVはsheet2・sheet3から生成
09,栃木県,09204,佐野市,,新吉水第１公園,,,,佐野市吉水駅前 1 丁目 13-1,,,,yes,,,,,,,,yes,,,,,,,,,,,,,,,,,,,,ostomate_toilet_list,栃木県 オストメイト対応トイレ一覧表,https://www.pref.tochigi.lg.jp/e05/welfare/shougaisha/fukushi/documents/20260805165831.pdf,2026-05-01,sheet2:118,ostomate_type=multipurpose_toilet_with_waste_sink,source_processing=栃木県公式PDFをAdobe AcrobatでExcelへ変換。変換後の元データをsheet1に保持し、正規化処理のためsheet2・sheet3へ手作業で整理。normalized CSVはsheet2・sheet3から生成
09,栃木県,09204,佐野市,,新吉水第２公園,,,,佐野市吉水駅前 2 丁目 8-5,,,,,,,,,,,,yes,,,,,,,,,,,,,,,,,,,,ostomate_toilet_list,栃木県 オストメイト対応トイレ一覧表,https://www.pref.tochigi.lg.jp/e05/welfare/shougaisha/fukushi/documents/20260805165831.pdf,2026-05-01,sheet2:119,ostomate_type=simple_pouch_washing_faucet,source_processing=栃木県公式PDFをAdobe AcrobatでExcelへ変換。変換後の元データをsheet1に保持し、正規化処理のためsheet2・sheet3へ手作業で整理。normalized CSVはsheet2・sheet3から生成
09,栃木県,09204,佐野市,,吉水新田公園,,,,佐野市吉水町 60-1,,,,yes,,,,,,,,yes,,,,,,,,,,,,,,,,,,,,ostomate_toilet_list,栃木県 オストメイト対応トイレ一覧表,https://www.pref.tochigi.lg.jp/e05/welfare/shougaisha/fukushi/documents/20260805165831.pdf,2026-05-01,sheet2:120,ostomate_type=multipurpose_toilet_with_waste_sink,source_processing=栃木県公式PDFをAdobe AcrobatでExcelへ変換。変換後の元データをsheet1に保持し、正規化処理のためsheet2・sheet3へ手作業で整理。normalized CSVはsheet2・sheet3から生成
09,栃木県,09204,佐野市,,栃本公園,,,,佐野市栃本町 113-1,,,,yes,,,,,,,,yes,,,,,,,,,,,,,,,,,,,,ostomate_toilet_list,栃木県 オストメイト対応トイレ一覧表,https://www.pref.tochigi.lg.jp/e05/welfare/shougaisha/fukushi/documents/20260805165831.pdf,2026-05-01,sheet2:121,ostomate_type=multipurpose_toilet_with_waste_sink,source_processing=栃木県公式PDFをAdobe AcrobatでExcelへ変換。変換後の元データをsheet1に保持し、正規化処理のためsheet2・sheet3へ手作業で整理。normalized CSVはsheet2・sheet3から生成
09,栃木県,09204,佐野市,,岩崎ＡＷＳ第２公園,,,,佐野市岩崎町 3018,,,,,,,,,,,,yes,,,,,,,,,,,,,,,,,,,,ostomate_toilet_list,栃木県 オストメイト対応トイレ一覧表,https://www.pref.tochigi.lg.jp/e05/welfare/shougaisha/fukushi/documents/20260805165831.pdf,2026-05-01,sheet2:122,ostomate_type=simple_pouch_washing_faucet,source_processing=栃木県公式PDFをAdobe AcrobatでExcelへ変換。変換後の元データをsheet1に保持し、正規化処理のためsheet2・sheet3へ手作業で整理。normalized CSVはsheet2・sheet3から生成
09,栃木県,09204,佐野市,,秋山川堀米緑地,,,,佐野市堀米町外,,,,,,,,,,,,yes,,,,,,,,,,,,,,,,,,,,ostomate_toilet_list,栃木県 オストメイト対応トイレ一覧表,https://www.pref.tochigi.lg.jp/e05/welfare/shougaisha/fukushi/documents/20260805165831.pdf,2026-05-01,sheet2:123,ostomate_type=simple_pouch_washing_faucet,source_processing=栃木県公式PDFをAdobe AcrobatでExcelへ変換。変換後の元データをsheet1に保持し、正規化処理のためsheet2・sheet3へ手作業で整理。normalized CSVはsheet2・sheet3から生成
09,栃木県,09204,佐野市,,秋山川栃本緑地,,,,佐野市栃本町地先,,,,,,,,,,,,yes,,,,,,,,,,,,,,,,,,,,ostomate_toilet_list,栃木県 オストメイト対応トイレ一覧表,https://www.pref.tochigi.lg.jp/e05/welfare/shougaisha/fukushi/documents/20260805165831.pdf,2026-05-01,sheet2:124,ostomate_type=simple_pouch_washing_faucet,source_processing=栃木県公式PDFをAdobe AcrobatでExcelへ変換。変換後の元データをsheet1に保持し、正規化処理のためsheet2・sheet3へ手作業で整理。normalized CSVはsheet2・sheet3から生成
09,栃木県,09204,佐野市,,旗川戸奈良緑地,,,,佐野市戸奈良町地先,,,,,,,,,,,,yes,,,,,,,,,,,,,,,,,,,,ostomate_toilet_list,栃木県 オストメイト対応トイレ一覧表,https://www.pref.tochigi.lg.jp/e05/welfare/shougaisha/fukushi/documents/20260805165831.pdf,2026-05-01,sheet2:125,ostomate_type=simple_pouch_washing_faucet,source_processing=栃木県公式PDFをAdobe AcrobatでExcelへ変換。変換後の元データをsheet1に保持し、正規化処理のためsheet2・sheet3へ手作業で整理。normalized CSVはsheet2・sheet3から生成
09,栃木県,09204,佐野市,,佐野市立図書館,,,,佐野市大蔵町 2977,,,,,,,,,,,,yes,,,,,,,,,,,,,,,,,,,,ostomate_toilet_list,栃木県 オストメイト対応トイレ一覧表,https://www.pref.tochigi.lg.jp/e05/welfare/shougaisha/fukushi/documents/20260805165831.pdf,2026-05-01,sheet2:126,ostomate_type=simple_pouch_washing_faucet,source_processing=栃木県公式PDFをAdobe AcrobatでExcelへ変換。変換後の元データをsheet1に保持し、正規化処理のためsheet2・sheet3へ手作業で整理。normalized CSVはsheet2・sheet3から生成
09,栃木県,09204,佐野市,,葛生あくと保健センター,,,,佐野市あくと町 3084,,,,,,,,,,,,yes,,,,,,,,,,,,,,,,,,,,ostomate_toilet_list,栃木県 オストメイト対応トイレ一覧表,https://www.pref.tochigi.lg.jp/e05/welfare/shougaisha/fukushi/documents/20260805165831.pdf,2026-05-01,sheet2:127,ostomate_type=simple_pouch_washing_faucet,source_processing=栃木県公式PDFをAdobe AcrobatでExcelへ変換。変換後の元データをsheet1に保持し、正規化処理のためsheet2・sheet3へ手作業で整理。normalized CSVはsheet2・sheet3から生成
09,栃木県,09204,佐野市,,葛生あくと福祉センター,,,,佐野市あくと町 3084,,,,,,,,,,,,yes,,,,,,,,,,,,,,,,,,,,ostomate_toilet_list,栃木県 オストメイト対応トイレ一覧表,https://www.pref.tochigi.lg.jp/e05/welfare/shougaisha/fukushi/documents/20260805165831.pdf,2026-05-01,sheet2:128,ostomate_type=simple_pouch_washing_faucet,source_processing=栃木県公式PDFをAdobe AcrobatでExcelへ変換。変換後の元データをsheet1に保持し、正規化処理のためsheet2・sheet3へ手作業で整理。normalized CSVはsheet2・sheet3から生成
09,栃木県,09204,佐野市,,佐野市文化会館（休館中）,,,,佐野市浅沼町 508-5,,,,yes,,,,,,,,yes,,,,,,,,,,,,,,,,,,,,ostomate_toilet_list,栃木県 オストメイト対応トイレ一覧表,https://www.pref.tochigi.lg.jp/e05/welfare/shougaisha/fukushi/documents/20260805165831.pdf,2026-05-01,sheet2:129,ostomate_type=multipurpose_toilet_with_waste_sink,source_processing=栃木県公式PDFをAdobe AcrobatでExcelへ変換。変換後の元データをsheet1に保持し、正規化処理のためsheet2・sheet3へ手作業で整理。normalized CSVはsheet2・sheet3から生成
09,栃木県,09204,佐野市,,佐野市民病院,,,,佐野市田沼町 1832-1,,,,yes,,,,,,,,yes,,,,,,,,,,,,,,,,,,,,ostomate_toilet_list,栃木県 オストメイト対応トイレ一覧表,https://www.pref.tochigi.lg.jp/e05/welfare/shougaisha/fukushi/documents/20260805165831.pdf,2026-05-01,sheet2:130,ostomate_type=multipurpose_toilet_with_waste_sink,source_processing=栃木県公式PDFをAdobe AcrobatでExcelへ変換。変換後の元データをsheet1に保持し、正規化処理のためsheet2・sheet3へ手作業で整理。normalized CSVはsheet2・sheet3から生成
09,栃木県,09204,佐野市,,みかもリフレッシュセンター,,,,佐野市町谷町 1126-6,,,,yes,,,,,,,,yes,,,,,,,,,,,,,,,,,,,,ostomate_toilet_list,栃木県 オストメイト対応トイレ一覧表,https://www.pref.tochigi.lg.jp/e05/welfare/shougaisha/fukushi/documents/20260805165831.pdf,2026-05-01,sheet2:131,ostomate_type=multipurpose_toilet_with_waste_sink,source_processing=栃木県公式PDFをAdobe AcrobatでExcelへ変換。変換後の元データをsheet1に保持し、正規化処理のためsheet2・sheet3へ手作業で整理。normalized CSVはsheet2・sheet3から生成
09,栃木県,09204,佐野市,,イオン佐野新都市ショッピングセンター,,,,佐野市高萩町 1324-1,,,,yes,,,,,,,,yes,,,,,,,,,,,,,,,,,,,,ostomate_toilet_list,栃木県 オストメイト対応トイレ一覧表,https://www.pref.tochigi.lg.jp/e05/welfare/shougaisha/fukushi/documents/20260805165831.pdf,2026-05-01,sheet2:132,ostomate_type=multipurpose_toilet_with_waste_sink,source_processing=栃木県公式PDFをAdobe AcrobatでExcelへ変換。変換後の元データをsheet1に保持し、正規化処理のためsheet2・sheet3へ手作業で整理。normalized CSVはsheet2・sheet3から生成
09,栃木県,09204,佐野市,,佐野プレミアム・アウトレット,,,,佐野市越名町 2058,,,,yes,,,,,,,,yes,,,,,,,,,,,,,,,,,,,,ostomate_toilet_list,栃木県 オストメイト対応トイレ一覧表,https://www.pref.tochigi.lg.jp/e05/welfare/shougaisha/fukushi/documents/20260805165831.pdf,2026-05-01,sheet2:133,ostomate_type=multipurpose_toilet_with_waste_sink,source_processing=栃木県公式PDFをAdobe AcrobatでExcelへ変換。変換後の元データをsheet1に保持し、正規化処理のためsheet2・sheet3へ手作業で整理。normalized CSVはsheet2・sheet3から生成
09,栃木県,09204,佐野市,,イオンタウン佐野,,,,佐野市浅沼町 742,,,,yes,,,,,,,,yes,,,,,,,,,,,,,,,,,,,,ostomate_toilet_list,栃木県 オストメイト対応トイレ一覧表,https://www.pref.tochigi.lg.jp/e05/welfare/shougaisha/fukushi/documents/20260805165831.pdf,2026-05-01,sheet2:134,ostomate_type=multipurpose_toilet_with_waste_sink,source_processing=栃木県公式PDFをAdobe AcrobatでExcelへ変換。変換後の元データをsheet1に保持し、正規化処理のためsheet2・sheet3へ手作業で整理。normalized CSVはsheet2・sheet3から生成
09,栃木県,09204,佐野市,,佐野駅前交流プラザ（ぱるぽーと）,,,,佐野市若松町 481-4,,,,yes,,,,,,,,yes,,,,,,,,,,,,,,,,,,,,ostomate_toilet_list,栃木県 オストメイト対応トイレ一覧表,https://www.pref.tochigi.lg.jp/e05/welfare/shougaisha/fukushi/documents/20260805165831.pdf,2026-05-01,sheet2:135,ostomate_type=multipurpose_toilet_with_waste_sink,source_processing=栃木県公式PDFをAdobe AcrobatでExcelへ変換。変換後の元データをsheet1に保持し、正規化処理のためsheet2・sheet3へ手作業で整理。normalized CSVはsheet2・sheet3から生成
09,栃木県,09204,佐野市,,佐野市観光物産会館（中央公民館内）,,,,佐野市金井上町 2519,,,,yes,,,,,,,,yes,,,,,,,,,,,,,,,,,,,,ostomate_toilet_list,栃木県 オストメイト対応トイレ一覧表,https://www.pref.tochigi.lg.jp/e05/welfare/shougaisha/fukushi/documents/20260805165831.pdf,2026-05-01,sheet2:136,ostomate_type=multipurpose_toilet_with_waste_sink,source_processing=栃木県公式PDFをAdobe AcrobatでExcelへ変換。変換後の元データをsheet1に保持し、正規化処理のためsheet2・sheet3へ手作業で整理。normalized CSVはsheet2・sheet3から生成
09,栃木県,09204,佐野市,,多田公園,,,,佐野市多田町 799-3,,,,yes,,,,,,,,yes,,,,,,,,,,,,,,,,,,,,ostomate_toilet_list,栃木県 オストメイト対応トイレ一覧表,https://www.pref.tochigi.lg.jp/e05/welfare/shougaisha/fukushi/documents/20260805165831.pdf,2026-05-01,sheet2:137,ostomate_type=multipurpose_toilet_with_waste_sink,source_processing=栃木県公式PDFをAdobe AcrobatでExcelへ変換。変換後の元データをsheet1に保持し、正規化処理のためsheet2・sheet3へ手作業で整理。normalized CSVはsheet2・sheet3から生成
09,栃木県,09204,佐野市,,若原西公園,,,,佐野市石塚町 2655,,,,yes,,,,,,,,yes,,,,,,,,,,,,,,,,,,,,ostomate_toilet_list,栃木県 オストメイト対応トイレ一覧表,https://www.pref.tochigi.lg.jp/e05/welfare/shougaisha/fukushi/documents/20260805165831.pdf,2026-05-01,sheet2:138,ostomate_type=multipurpose_toilet_with_waste_sink,source_processing=栃木県公式PDFをAdobe AcrobatでExcelへ変換。変換後の元データをsheet1に保持し、正規化処理のためsheet2・sheet3へ手作業で整理。normalized CSVはsheet2・sheet3から生成
09,栃木県,09204,佐野市,,京路戸公園,,,,佐野市多田町 143,,,,yes,,,,,,,,yes,,,,,,,,,,,,,,,,,,,,ostomate_toilet_list,栃木県 オストメイト対応トイレ一覧表,https://www.pref.tochigi.lg.jp/e05/welfare/shougaisha/fukushi/documents/20260805165831.pdf,2026-05-01,sheet2:139,ostomate_type=multipurpose_toilet_with_waste_sink,source_processing=栃木県公式PDFをAdobe AcrobatでExcelへ変換。変換後の元データをsheet1に保持し、正規化処理のためsheet2・sheet3へ手作業で整理。normalized CSVはsheet2・sheet3から生成
09,栃木県,09204,佐野市,,わしのみや公園,,,,佐野市堀米町 427,,,,yes,,,,,,,,yes,,,,,,,,,,,,,,,,,,,,ostomate_toilet_list,栃木県 オストメイト対応トイレ一覧表,https://www.pref.tochigi.lg.jp/e05/welfare/shougaisha/fukushi/documents/20260805165831.pdf,2026-05-01,sheet2:140,ostomate_type=multipurpose_toilet_with_waste_sink,source_processing=栃木県公式PDFをAdobe AcrobatでExcelへ変換。変換後の元データをsheet1に保持し、正規化処理のためsheet2・sheet3へ手作業で整理。normalized CSVはsheet2・sheet3から生成
09,栃木県,09204,佐野市,,山崎公園,,,,佐野市赤見町 1758-2,,,,yes,,,,,,,,yes,,,,,,,,,,,,,,,,,,,,ostomate_toilet_list,栃木県 オストメイト対応トイレ一覧表,https://www.pref.tochigi.lg.jp/e05/welfare/shougaisha/fukushi/documents/20260805165831.pdf,2026-05-01,sheet2:141,ostomate_type=multipurpose_toilet_with_waste_sink,source_processing=栃木県公式PDFをAdobe AcrobatでExcelへ変換。変換後の元データをsheet1に保持し、正規化処理のためsheet2・sheet3へ手作業で整理。normalized CSVはsheet2・sheet3から生成
09,栃木県,09205,鹿沼市,,上都賀庁舎,,,,鹿沼市今宮町 1664-1,,,,yes,,,,,,,,yes,,,,,,,,,,,,,,,,,,,,ostomate_toilet_list,栃木県 オストメイト対応トイレ一覧表,https://www.pref.tochigi.lg.jp/e05/welfare/shougaisha/fukushi/documents/20260805165831.pdf,2026-05-01,sheet2:142,ostomate_type=multipurpose_toilet_with_waste_sink,source_processing=栃木県公式PDFをAdobe AcrobatでExcelへ変換。変換後の元データをsheet1に保持し、正規化処理のためsheet2・sheet3へ手作業で整理。normalized CSVはsheet2・sheet3から生成
09,栃木県,09205,鹿沼市,,鹿沼市役所,,,,鹿沼市今宮町 1688-1,,,,yes,,,,,,,,yes,,,,,,,,,,,,,,,,,,,,ostomate_toilet_list,栃木県 オストメイト対応トイレ一覧表,https://www.pref.tochigi.lg.jp/e05/welfare/shougaisha/fukushi/documents/20260805165831.pdf,2026-05-01,sheet2:143,ostomate_type=multipurpose_toilet_with_waste_sink,source_processing=栃木県公式PDFをAdobe AcrobatでExcelへ変換。変換後の元データをsheet1に保持し、正規化処理のためsheet2・sheet3へ手作業で整理。normalized CSVはsheet2・sheet3から生成
09,栃木県,09205,鹿沼市,,鹿沼市高齢者・障害者トレーニングセンター,,,,鹿沼市酒野谷 1004-1,,,,,,,,,,,,yes,,,,,,,,,,,,,,,,,,,,ostomate_toilet_list,栃木県 オストメイト対応トイレ一覧表,https://www.pref.tochigi.lg.jp/e05/welfare/shougaisha/fukushi/documents/20260805165831.pdf,2026-05-01,sheet2:144,ostomate_type=simple_pouch_washing_faucet,source_processing=栃木県公式PDFをAdobe AcrobatでExcelへ変換。変換後の元データをsheet1に保持し、正規化処理のためsheet2・sheet3へ手作業で整理。normalized CSVはsheet2・sheet3から生成
09,栃木県,09205,鹿沼市,,鹿沼市民情報センター,,,,鹿沼市文化橋町 1982-18,,,,yes,,,,,,,,yes,,,,,,,,,,,,,,,,,,,,ostomate_toilet_list,栃木県 オストメイト対応トイレ一覧表,https://www.pref.tochigi.lg.jp/e05/welfare/shougaisha/fukushi/documents/20260805165831.pdf,2026-05-01,sheet2:145,ostomate_type=multipurpose_toilet_with_waste_sink,source_processing=栃木県公式PDFをAdobe AcrobatでExcelへ変換。変換後の元データをsheet1に保持し、正規化処理のためsheet2・sheet3へ手作業で整理。normalized CSVはsheet2・sheet3から生成
09,栃木県,09205,鹿沼市,,まちの駅「新鹿沼宿」,,,,鹿沼市仲町 1604-1,,,,yes,,,,,,,,yes,,,,,,,,,,,,,,,,,,,,ostomate_toilet_list,栃木県 オストメイト対応トイレ一覧表,https://www.pref.tochigi.lg.jp/e05/welfare/shougaisha/fukushi/documents/20260805165831.pdf,2026-05-01,sheet2:146,ostomate_type=multipurpose_toilet_with_waste_sink,source_processing=栃木県公式PDFをAdobe AcrobatでExcelへ変換。変換後の元データをsheet1に保持し、正規化処理のためsheet2・sheet3へ手作業で整理。normalized CSVはsheet2・sheet3から生成
09,栃木県,09205,鹿沼市,,鹿沼市自然体験交流センター（体験棟）,,,,鹿沼市板荷 6130,,,,yes,,,,,,,,yes,,,,,,,,,,,,,,,,,,,,ostomate_toilet_list,栃木県 オストメイト対応トイレ一覧表,https://www.pref.tochigi.lg.jp/e05/welfare/shougaisha/fukushi/documents/20260805165831.pdf,2026-05-01,sheet2:147,ostomate_type=multipurpose_toilet_with_waste_sink,source_processing=栃木県公式PDFをAdobe AcrobatでExcelへ変換。変換後の元データをsheet1に保持し、正規化処理のためsheet2・sheet3へ手作業で整理。normalized CSVはsheet2・sheet3から生成
09,栃木県,09205,鹿沼市,,スノーピーク鹿沼 キャンプフィールド＆スパ,,,,鹿沼市上南摩町 1901,,,,yes,,,,,,,,yes,,,,,,,,,,,,,,,,,,,,ostomate_toilet_list,栃木県 オストメイト対応トイレ一覧表,https://www.pref.tochigi.lg.jp/e05/welfare/shougaisha/fukushi/documents/20260805165831.pdf,2026-05-01,sheet2:148,ostomate_type=multipurpose_toilet_with_waste_sink,source_processing=栃木県公式PDFをAdobe AcrobatでExcelへ変換。変換後の元データをsheet1に保持し、正規化処理のためsheet2・sheet3へ手作業で整理。normalized CSVはsheet2・sheet3から生成
09,栃木県,09206,日光市,,日光自然博物館,,,,日光市中宮祠 2480-1,,,,yes,,,,,,,,yes,,,,,,,,,,,,,,,,,,,,ostomate_toilet_list,栃木県 オストメイト対応トイレ一覧表,https://www.pref.tochigi.lg.jp/e05/welfare/shougaisha/fukushi/documents/20260805165831.pdf,2026-05-01,sheet2:149,ostomate_type=multipurpose_toilet_with_waste_sink,source_processing=栃木県公式PDFをAdobe AcrobatでExcelへ変換。変換後の元データをsheet1に保持し、正規化処理のためsheet2・sheet3へ手作業で整理。normalized CSVはsheet2・sheet3から生成
09,栃木県,09206,日光市,,英国大使館別荘記念公園,,,,日光市中宮祠 2482,,,,yes,,,,,,,,yes,,,,,,,,,,,,,,,,,,,,ostomate_toilet_list,栃木県 オストメイト対応トイレ一覧表,https://www.pref.tochigi.lg.jp/e05/welfare/shougaisha/fukushi/documents/20260805165831.pdf,2026-05-01,sheet2:150,ostomate_type=multipurpose_toilet_with_waste_sink,source_processing=栃木県公式PDFをAdobe AcrobatでExcelへ変換。変換後の元データをsheet1に保持し、正規化処理のためsheet2・sheet3へ手作業で整理。normalized CSVはsheet2・sheet3から生成
09,栃木県,09206,日光市,,千手ヶ浜公衆トイレ,,,,日光市中宮祠奥日光国有林,,,,yes,,,,,,,,yes,,,,,,,,,,,,,,,,,,,,ostomate_toilet_list,栃木県 オストメイト対応トイレ一覧表,https://www.pref.tochigi.lg.jp/e05/welfare/shougaisha/fukushi/documents/20260805165831.pdf,2026-05-01,sheet2:151,ostomate_type=multipurpose_toilet_with_waste_sink,source_processing=栃木県公式PDFをAdobe AcrobatでExcelへ変換。変換後の元データをsheet1に保持し、正規化処理のためsheet2・sheet3へ手作業で整理。normalized CSVはsheet2・sheet3から生成
09,栃木県,09206,日光市,,日光市役所,,,,日光市今市本町 1,,,,yes,,,,,,,,yes,,,,,,,,,,,,,,,,,,,,ostomate_toilet_list,栃木県 オストメイト対応トイレ一覧表,https://www.pref.tochigi.lg.jp/e05/welfare/shougaisha/fukushi/documents/20260805165831.pdf,2026-05-01,sheet2:152,ostomate_type=multipurpose_toilet_with_waste_sink,source_processing=栃木県公式PDFをAdobe AcrobatでExcelへ変換。変換後の元データをsheet1に保持し、正規化処理のためsheet2・sheet3へ手作業で整理。normalized CSVはsheet2・sheet3から生成
09,栃木県,09206,日光市,,日光市日光行政センター,,,,日光市御幸町 4-1,,,,yes,,,,,,,,yes,,,,,,,,,,,,,,,,,,,,ostomate_toilet_list,栃木県 オストメイト対応トイレ一覧表,https://www.pref.tochigi.lg.jp/e05/welfare/shougaisha/fukushi/documents/20260805165831.pdf,2026-05-01,sheet2:153,ostomate_type=multipurpose_toilet_with_waste_sink,source_processing=栃木県公式PDFをAdobe AcrobatでExcelへ変換。変換後の元データをsheet1に保持し、正規化処理のためsheet2・sheet3へ手作業で整理。normalized CSVはsheet2・sheet3から生成
09,栃木県,09206,日光市,,日光市藤原行政センター,,,,日光市鬼怒川温泉大原 1406-2,,,,yes,,,,,,,,yes,,,,,,,,,,,,,,,,,,,,ostomate_toilet_list,栃木県 オストメイト対応トイレ一覧表,https://www.pref.tochigi.lg.jp/e05/welfare/shougaisha/fukushi/documents/20260805165831.pdf,2026-05-01,sheet2:154,ostomate_type=multipurpose_toilet_with_waste_sink,source_processing=栃木県公式PDFをAdobe AcrobatでExcelへ変換。変換後の元データをsheet1に保持し、正規化処理のためsheet2・sheet3へ手作業で整理。normalized CSVはsheet2・sheet3から生成
09,栃木県,09206,日光市,,日光市足尾行政センター,,,,日光市足尾町通洞 8-2,,,,yes,,,,,,,,yes,,,,,,,,,,,,,,,,,,,,ostomate_toilet_list,栃木県 オストメイト対応トイレ一覧表,https://www.pref.tochigi.lg.jp/e05/welfare/shougaisha/fukushi/documents/20260805165831.pdf,2026-05-01,sheet2:155,ostomate_type=multipurpose_toilet_with_waste_sink,source_processing=栃木県公式PDFをAdobe AcrobatでExcelへ変換。変換後の元データをsheet1に保持し、正規化処理のためsheet2・sheet3へ手作業で整理。normalized CSVはsheet2・sheet3から生成
09,栃木県,09206,日光市,,日光市栗山行政センター,,,,日光市黒部 54-1,,,,yes,,,,,,,,yes,,,,,,,,,,,,,,,,,,,,ostomate_toilet_list,栃木県 オストメイト対応トイレ一覧表,https://www.pref.tochigi.lg.jp/e05/welfare/shougaisha/fukushi/documents/20260805165831.pdf,2026-05-01,sheet2:156,ostomate_type=multipurpose_toilet_with_waste_sink,source_processing=栃木県公式PDFをAdobe AcrobatでExcelへ変換。変換後の元データをsheet1に保持し、正規化処理のためsheet2・sheet3へ手作業で整理。normalized CSVはsheet2・sheet3から生成
09,栃木県,09206,日光市,,西参道第一駐車場公衆トイレ（日光東照宮側）,,,,日光市安川町 2282-1,,,,yes,,,,,,,,yes,,,,,,,,,,,,,,,,,,,,ostomate_toilet_list,栃木県 オストメイト対応トイレ一覧表,https://www.pref.tochigi.lg.jp/e05/welfare/shougaisha/fukushi/documents/20260805165831.pdf,2026-05-01,sheet2:157,ostomate_type=multipurpose_toilet_with_waste_sink,source_processing=栃木県公式PDFをAdobe AcrobatでExcelへ変換。変換後の元データをsheet1に保持し、正規化処理のためsheet2・sheet3へ手作業で整理。normalized CSVはsheet2・sheet3から生成
09,栃木県,09206,日光市,,足尾銅山観光多目的トイレ,,,,日光市足尾町通洞 9-2,,,,yes,,,,,,,,yes,,,,,,,,,,,,,,,,,,,,ostomate_toilet_list,栃木県 オストメイト対応トイレ一覧表,https://www.pref.tochigi.lg.jp/e05/welfare/shougaisha/fukushi/documents/20260805165831.pdf,2026-05-01,sheet2:158,ostomate_type=multipurpose_toilet_with_waste_sink,source_processing=栃木県公式PDFをAdobe AcrobatでExcelへ変換。変換後の元データをsheet1に保持し、正規化処理のためsheet2・sheet3へ手作業で整理。normalized CSVはsheet2・sheet3から生成
09,栃木県,09206,日光市,,藤原龍王峡内,,,,日光市藤原 1357,,,,yes,,,,,,,,yes,,,,,,,,,,,,,,,,,,,,ostomate_toilet_list,栃木県 オストメイト対応トイレ一覧表,https://www.pref.tochigi.lg.jp/e05/welfare/shougaisha/fukushi/documents/20260805165831.pdf,2026-05-01,sheet2:159,ostomate_type=multipurpose_toilet_with_waste_sink,source_processing=栃木県公式PDFをAdobe AcrobatでExcelへ変換。変換後の元データをsheet1に保持し、正規化処理のためsheet2・sheet3へ手作業で整理。normalized CSVはsheet2・sheet3から生成
09,栃木県,09206,日光市,,湯西川観光センター,,,,日光市西川 481-1,,,,yes,,,,,,,,yes,,,,,,,,,,,,,,,,,,,,ostomate_toilet_list,栃木県 オストメイト対応トイレ一覧表,https://www.pref.tochigi.lg.jp/e05/welfare/shougaisha/fukushi/documents/20260805165831.pdf,2026-05-01,sheet2:160,ostomate_type=multipurpose_toilet_with_waste_sink,source_processing=栃木県公式PDFをAdobe AcrobatでExcelへ変換。変換後の元データをsheet1に保持し、正規化処理のためsheet2・sheet3へ手作業で整理。normalized CSVはsheet2・sheet3から生成
09,栃木県,09206,日光市,,中央公民館,,,,日光市平ヶ崎 160,,,,yes,,,,,,,,yes,,,,,,,,,,,,,,,,,,,,ostomate_toilet_list,栃木県 オストメイト対応トイレ一覧表,https://www.pref.tochigi.lg.jp/e05/welfare/shougaisha/fukushi/documents/20260805165831.pdf,2026-05-01,sheet2:161,ostomate_type=multipurpose_toilet_with_waste_sink,source_processing=栃木県公式PDFをAdobe AcrobatでExcelへ変換。変換後の元データをsheet1に保持し、正規化処理のためsheet2・sheet3へ手作業で整理。normalized CSVはsheet2・sheet3から生成
09,栃木県,09206,日光市,,市立三依診療所,,,,日光市中三依 321,,,,yes,,,,,,,,yes,,,,,,,,,,,,,,,,,,,,ostomate_toilet_list,栃木県 オストメイト対応トイレ一覧表,https://www.pref.tochigi.lg.jp/e05/welfare/shougaisha/fukushi/documents/20260805165831.pdf,2026-05-01,sheet2:162,ostomate_type=multipurpose_toilet_with_waste_sink,source_processing=栃木県公式PDFをAdobe AcrobatでExcelへ変換。変換後の元データをsheet1に保持し、正規化処理のためsheet2・sheet3へ手作業で整理。normalized CSVはsheet2・sheet3から生成
09,栃木県,09206,日光市,,落合公民館,,,,日光市小代 439-3,,,,yes,,,,,,,,yes,,,,,,,,,,,,,,,,,,,,ostomate_toilet_list,栃木県 オストメイト対応トイレ一覧表,https://www.pref.tochigi.lg.jp/e05/welfare/shougaisha/fukushi/documents/20260805165831.pdf,2026-05-01,sheet2:163,ostomate_type=multipurpose_toilet_with_waste_sink,source_processing=栃木県公式PDFをAdobe AcrobatでExcelへ変換。変換後の元データをsheet1に保持し、正規化処理のためsheet2・sheet3へ手作業で整理。normalized CSVはsheet2・sheet3から生成
09,栃木県,09206,日光市,,小林公民館,,,,日光市沓掛 260,,,,yes,,,,,,,,yes,,,,,,,,,,,,,,,,,,,,ostomate_toilet_list,栃木県 オストメイト対応トイレ一覧表,https://www.pref.tochigi.lg.jp/e05/welfare/shougaisha/fukushi/documents/20260805165831.pdf,2026-05-01,sheet2:164,ostomate_type=multipurpose_toilet_with_waste_sink,source_processing=栃木県公式PDFをAdobe AcrobatでExcelへ変換。変換後の元データをsheet1に保持し、正規化処理のためsheet2・sheet3へ手作業で整理。normalized CSVはsheet2・sheet3から生成
09,栃木県,09206,日光市,,豊岡公民館,,,,日光市大桑町 130-3,,,,yes,,,,,,,,yes,,,,,,,,,,,,,,,,,,,,ostomate_toilet_list,栃木県 オストメイト対応トイレ一覧表,https://www.pref.tochigi.lg.jp/e05/welfare/shougaisha/fukushi/documents/20260805165831.pdf,2026-05-01,sheet2:165,ostomate_type=multipurpose_toilet_with_waste_sink,source_processing=栃木県公式PDFをAdobe AcrobatでExcelへ変換。変換後の元データをsheet1に保持し、正規化処理のためsheet2・sheet3へ手作業で整理。normalized CSVはsheet2・sheet3から生成
09,栃木県,09206,日光市,,今市運動公園屋外トイレ,,,,日光市今市 1659,,,,yes,,,,,,,,yes,,,,,,,,,,,,,,,,,,,,ostomate_toilet_list,栃木県 オストメイト対応トイレ一覧表,https://www.pref.tochigi.lg.jp/e05/welfare/shougaisha/fukushi/documents/20260805165831.pdf,2026-05-01,sheet2:166,ostomate_type=multipurpose_toilet_with_waste_sink,source_processing=栃木県公式PDFをAdobe AcrobatでExcelへ変換。変換後の元データをsheet1に保持し、正規化処理のためsheet2・sheet3へ手作業で整理。normalized CSVはsheet2・sheet3から生成
09,栃木県,09206,日光市,,丸山公園屋外トイレ,,,,日光市瀬尾 1640-22,,,,yes,,,,,,,,yes,,,,,,,,,,,,,,,,,,,,ostomate_toilet_list,栃木県 オストメイト対応トイレ一覧表,https://www.pref.tochigi.lg.jp/e05/welfare/shougaisha/fukushi/documents/20260805165831.pdf,2026-05-01,sheet2:167,ostomate_type=multipurpose_toilet_with_waste_sink,source_processing=栃木県公式PDFをAdobe AcrobatでExcelへ変換。変換後の元データをsheet1に保持し、正規化処理のためsheet2・sheet3へ手作業で整理。normalized CSVはsheet2・sheet3から生成
09,栃木県,09206,日光市,,大沢体育館地下階,,,,日光市大沢町 809-1,,,,yes,,,,,,,,yes,,,,,,,,,,,,,,,,,,,,ostomate_toilet_list,栃木県 オストメイト対応トイレ一覧表,https://www.pref.tochigi.lg.jp/e05/welfare/shougaisha/fukushi/documents/20260805165831.pdf,2026-05-01,sheet2:168,ostomate_type=multipurpose_toilet_with_waste_sink,source_processing=栃木県公式PDFをAdobe AcrobatでExcelへ変換。変換後の元データをsheet1に保持し、正規化処理のためsheet2・sheet3へ手作業で整理。normalized CSVはsheet2・sheet3から生成
09,栃木県,09206,日光市,,大沢公民館,,,,日光市大沢町 809-1,,,,yes,,,,,,,,yes,,,,,,,,,,,,,,,,,,,,ostomate_toilet_list,栃木県 オストメイト対応トイレ一覧表,https://www.pref.tochigi.lg.jp/e05/welfare/shougaisha/fukushi/documents/20260805165831.pdf,2026-05-01,sheet2:169,ostomate_type=multipurpose_toilet_with_waste_sink,source_processing=栃木県公式PDFをAdobe AcrobatでExcelへ変換。変換後の元データをsheet1に保持し、正規化処理のためsheet2・sheet3へ手作業で整理。normalized CSVはsheet2・sheet3から生成
09,栃木県,09206,日光市,,石屋町街区公園,,,,日光市石屋町 410,,,,yes,,,,,,,,yes,,,,,,,,,,,,,,,,,,,,ostomate_toilet_list,栃木県 オストメイト対応トイレ一覧表,https://www.pref.tochigi.lg.jp/e05/welfare/shougaisha/fukushi/documents/20260805165831.pdf,2026-05-01,sheet2:170,ostomate_type=multipurpose_toilet_with_waste_sink,source_processing=栃木県公式PDFをAdobe AcrobatでExcelへ変換。変換後の元データをsheet1に保持し、正規化処理のためsheet2・sheet3へ手作業で整理。normalized CSVはsheet2・sheet3から生成
09,栃木県,09206,日光市,,稲荷町防災公園,,,,日光市稲荷町 2 丁目,,,,yes,,,,,,,,yes,,,,,,,,,,,,,,,,,,,,ostomate_toilet_list,栃木県 オストメイト対応トイレ一覧表,https://www.pref.tochigi.lg.jp/e05/welfare/shougaisha/fukushi/documents/20260805165831.pdf,2026-05-01,sheet2:171,ostomate_type=multipurpose_toilet_with_waste_sink,source_processing=栃木県公式PDFをAdobe AcrobatでExcelへ変換。変換後の元データをsheet1に保持し、正規化処理のためsheet2・sheet3へ手作業で整理。normalized CSVはsheet2・sheet3から生成
09,栃木県,09206,日光市,,川治湯元駅前公衆トイレ,,,,日光市川治温泉川治,,,,yes,,,,,,,,yes,,,,,,,,,,,,,,,,,,,,ostomate_toilet_list,栃木県 オストメイト対応トイレ一覧表,https://www.pref.tochigi.lg.jp/e05/welfare/shougaisha/fukushi/documents/20260805165831.pdf,2026-05-01,sheet2:172,ostomate_type=multipurpose_toilet_with_waste_sink,source_processing=栃木県公式PDFをAdobe AcrobatでExcelへ変換。変換後の元データをsheet1に保持し、正規化処理のためsheet2・sheet3へ手作業で整理。normalized CSVはsheet2・sheet3から生成
09,栃木県,09206,日光市,,鬼怒川公園駅前公衆トイレ,,,,日光市藤原地内,,,,yes,,,,,,,,yes,,,,,,,,,,,,,,,,,,,,ostomate_toilet_list,栃木県 オストメイト対応トイレ一覧表,https://www.pref.tochigi.lg.jp/e05/welfare/shougaisha/fukushi/documents/20260805165831.pdf,2026-05-01,sheet2:173,ostomate_type=multipurpose_toilet_with_waste_sink,source_processing=栃木県公式PDFをAdobe AcrobatでExcelへ変換。変換後の元データをsheet1に保持し、正規化処理のためsheet2・sheet3へ手作業で整理。normalized CSVはsheet2・sheet3から生成
09,栃木県,09206,日光市,,鬼怒川温泉駅前公衆トイレ,,,,日光市鬼怒川温泉大原 1404-1,,,,yes,,,,,,,,yes,,,,,,,,,,,,,,,,,,,,ostomate_toilet_list,栃木県 オストメイト対応トイレ一覧表,https://www.pref.tochigi.lg.jp/e05/welfare/shougaisha/fukushi/documents/20260805165831.pdf,2026-05-01,sheet2:174,ostomate_type=multipurpose_toilet_with_waste_sink,source_processing=栃木県公式PDFをAdobe AcrobatでExcelへ変換。変換後の元データをsheet1に保持し、正規化処理のためsheet2・sheet3へ手作業で整理。normalized CSVはsheet2・sheet3から生成
09,栃木県,09206,日光市,,川治ふれあい公園公衆トイレ,,,,日光市川治温泉高原 45,,,,yes,,,,,,,,yes,,,,,,,,,,,,,,,,,,,,ostomate_toilet_list,栃木県 オストメイト対応トイレ一覧表,https://www.pref.tochigi.lg.jp/e05/welfare/shougaisha/fukushi/documents/20260805165831.pdf,2026-05-01,sheet2:175,ostomate_type=multipurpose_toilet_with_waste_sink,source_processing=栃木県公式PDFをAdobe AcrobatでExcelへ変換。変換後の元データをsheet1に保持し、正規化処理のためsheet2・sheet3へ手作業で整理。normalized CSVはsheet2・sheet3から生成
09,栃木県,09206,日光市,,鬼怒川松原公園トイレ,,,,日光市鬼怒川温泉大原 1436-1,,,,yes,,,,,,,,yes,,,,,,,,,,,,,,,,,,,,ostomate_toilet_list,栃木県 オストメイト対応トイレ一覧表,https://www.pref.tochigi.lg.jp/e05/welfare/shougaisha/fukushi/documents/20260805165831.pdf,2026-05-01,sheet2:176,ostomate_type=multipurpose_toilet_with_waste_sink,source_processing=栃木県公式PDFをAdobe AcrobatでExcelへ変換。変換後の元データをsheet1に保持し、正規化処理のためsheet2・sheet3へ手作業で整理。normalized CSVはsheet2・sheet3から生成
09,栃木県,09206,日光市,,湯の街公園トイレ,,,,日光市鬼怒川温泉滝 548-7,,,,yes,,,,,,,,yes,,,,,,,,,,,,,,,,,,,,ostomate_toilet_list,栃木県 オストメイト対応トイレ一覧表,https://www.pref.tochigi.lg.jp/e05/welfare/shougaisha/fukushi/documents/20260805165831.pdf,2026-05-01,sheet2:177,ostomate_type=multipurpose_toilet_with_waste_sink,source_processing=栃木県公式PDFをAdobe AcrobatでExcelへ変換。変換後の元データをsheet1に保持し、正規化処理のためsheet2・sheet3へ手作業で整理。normalized CSVはsheet2・sheet3から生成
09,栃木県,09206,日光市,,滝見公園トイレ,,,,日光市鬼怒川温泉滝 858,,,,yes,,,,,,,,yes,,,,,,,,,,,,,,,,,,,,ostomate_toilet_list,栃木県 オストメイト対応トイレ一覧表,https://www.pref.tochigi.lg.jp/e05/welfare/shougaisha/fukushi/documents/20260805165831.pdf,2026-05-01,sheet2:178,ostomate_type=multipurpose_toilet_with_waste_sink,source_processing=栃木県公式PDFをAdobe AcrobatでExcelへ変換。変換後の元データをsheet1に保持し、正規化処理のためsheet2・sheet3へ手作業で整理。normalized CSVはsheet2・sheet3から生成
09,栃木県,09206,日光市,,高徳大瀞公衆トイレ,,,,日光市高徳 941,,,,yes,,,,,,,,yes,,,,,,,,,,,,,,,,,,,,ostomate_toilet_list,栃木県 オストメイト対応トイレ一覧表,https://www.pref.tochigi.lg.jp/e05/welfare/shougaisha/fukushi/documents/20260805165831.pdf,2026-05-01,sheet2:179,ostomate_type=multipurpose_toilet_with_waste_sink,source_processing=栃木県公式PDFをAdobe AcrobatでExcelへ変換。変換後の元データをsheet1に保持し、正規化処理のためsheet2・sheet3へ手作業で整理。normalized CSVはsheet2・sheet3から生成
09,栃木県,09206,日光市,,湯西川公民館,,,,日光市湯西川 709,,,,yes,,,,,,,,yes,,,,,,,,,,,,,,,,,,,,ostomate_toilet_list,栃木県 オストメイト対応トイレ一覧表,https://www.pref.tochigi.lg.jp/e05/welfare/shougaisha/fukushi/documents/20260805165831.pdf,2026-05-01,sheet2:180,ostomate_type=multipurpose_toilet_with_waste_sink,source_processing=栃木県公式PDFをAdobe AcrobatでExcelへ変換。変換後の元データをsheet1に保持し、正規化処理のためsheet2・sheet3へ手作業で整理。normalized CSVはsheet2・sheet3から生成
09,栃木県,09208,小山市,,産業技術センター紬織物技術支援センター,,,,小山市福良 2358,,,,yes,,,,,,,,yes,,,,,,,,,,,,,,,,,,,,ostomate_toilet_list,栃木県 オストメイト対応トイレ一覧表,https://www.pref.tochigi.lg.jp/e05/welfare/shougaisha/fukushi/documents/20260805165831.pdf,2026-05-01,sheet2:181,ostomate_type=multipurpose_toilet_with_waste_sink,source_processing=栃木県公式PDFをAdobe AcrobatでExcelへ変換。変換後の元データをsheet1に保持し、正規化処理のためsheet2・sheet3へ手作業で整理。normalized CSVはsheet2・sheet3から生成
09,栃木県,09208,小山市,,小山市総合福祉センター,,,,小山市中央町 2-2-21,,,,,,,,,,,,yes,,,,,,,,,,,,,,,,,,,,ostomate_toilet_list,栃木県 オストメイト対応トイレ一覧表,https://www.pref.tochigi.lg.jp/e05/welfare/shougaisha/fukushi/documents/20260805165831.pdf,2026-05-01,sheet2:182,ostomate_type=simple_pouch_washing_faucet,source_processing=栃木県公式PDFをAdobe AcrobatでExcelへ変換。変換後の元データをsheet1に保持し、正規化処理のためsheet2・sheet3へ手作業で整理。normalized CSVはsheet2・sheet3から生成
09,栃木県,09208,小山市,,小山市間々田市民交流センター（間々田公民館）,,,,小山市間々田 1960-1,,,,,,,,,,,,yes,,,,,,,,,,,,,,,,,,,,ostomate_toilet_list,栃木県 オストメイト対応トイレ一覧表,https://www.pref.tochigi.lg.jp/e05/welfare/shougaisha/fukushi/documents/20260805165831.pdf,2026-05-01,sheet2:183,ostomate_type=simple_pouch_washing_faucet,source_processing=栃木県公式PDFをAdobe AcrobatでExcelへ変換。変換後の元データをsheet1に保持し、正規化処理のためsheet2・sheet3へ手作業で整理。normalized CSVはsheet2・sheet3から生成
09,栃木県,09208,小山市,,小山市城南市民交流センター,,,,小山市東城南 4-1-12,,,,,,,,,,,,yes,,,,,,,,,,,,,,,,,,,,ostomate_toilet_list,栃木県 オストメイト対応トイレ一覧表,https://www.pref.tochigi.lg.jp/e05/welfare/shougaisha/fukushi/documents/20260805165831.pdf,2026-05-01,sheet2:184,ostomate_type=simple_pouch_washing_faucet,source_processing=栃木県公式PDFをAdobe AcrobatでExcelへ変換。変換後の元データをsheet1に保持し、正規化処理のためsheet2・sheet3へ手作業で整理。normalized CSVはsheet2・sheet3から生成
09,栃木県,09208,小山市,,小山市桑市民交流センター（桑公民館）,,,,小山市羽川 858-1,,,,,,,,,,,,yes,,,,,,,,,,,,,,,,,,,,ostomate_toilet_list,栃木県 オストメイト対応トイレ一覧表,https://www.pref.tochigi.lg.jp/e05/welfare/shougaisha/fukushi/documents/20260805165831.pdf,2026-05-01,sheet2:185,ostomate_type=simple_pouch_washing_faucet,source_processing=栃木県公式PDFをAdobe AcrobatでExcelへ変換。変換後の元データをsheet1に保持し、正規化処理のためsheet2・sheet3へ手作業で整理。normalized CSVはsheet2・sheet3から生成
09,栃木県,09208,小山市,,小山市立中央図書館,,,,小山市城東 1-19-40,,,,,,,,,,,,yes,,,,,,,,,,,,,,,,,,,,ostomate_toilet_list,栃木県 オストメイト対応トイレ一覧表,https://www.pref.tochigi.lg.jp/e05/welfare/shougaisha/fukushi/documents/20260805165831.pdf,2026-05-01,sheet2:186,ostomate_type=simple_pouch_washing_faucet,source_processing=栃木県公式PDFをAdobe AcrobatでExcelへ変換。変換後の元データをsheet1に保持し、正規化処理のためsheet2・sheet3へ手作業で整理。normalized CSVはsheet2・sheet3から生成
09,栃木県,09208,小山市,,小山市役所本庁,,,,小山市中央町 1-1-1,,,,yes,,,,,,,,yes,,,,,,,,,,,,,,,,,,,,ostomate_toilet_list,栃木県 オストメイト対応トイレ一覧表,https://www.pref.tochigi.lg.jp/e05/welfare/shougaisha/fukushi/documents/20260805165831.pdf,2026-05-01,sheet2:187,ostomate_type=multipurpose_toilet_with_waste_sink,source_processing=栃木県公式PDFをAdobe AcrobatでExcelへ変換。変換後の元データをsheet1に保持し、正規化処理のためsheet2・sheet3へ手作業で整理。normalized CSVはsheet2・sheet3から生成
09,栃木県,09208,小山市,,小山市立博物館,,,,小山市乙女 1-31-7,,,,,,,,,,,,yes,,,,,,,,,,,,,,,,,,,,ostomate_toilet_list,栃木県 オストメイト対応トイレ一覧表,https://www.pref.tochigi.lg.jp/e05/welfare/shougaisha/fukushi/documents/20260805165831.pdf,2026-05-01,sheet2:188,ostomate_type=simple_pouch_washing_faucet,source_processing=栃木県公式PDFをAdobe AcrobatでExcelへ変換。変換後の元データをsheet1に保持し、正規化処理のためsheet2・sheet3へ手作業で整理。normalized CSVはsheet2・sheet3から生成
09,栃木県,09208,小山市,,小山市立文化センター,,,,小山市中央町 1-1-1,,,,,,,,,,,,yes,,,,,,,,,,,,,,,,,,,,ostomate_toilet_list,栃木県 オストメイト対応トイレ一覧表,https://www.pref.tochigi.lg.jp/e05/welfare/shougaisha/fukushi/documents/20260805165831.pdf,2026-05-01,sheet2:189,ostomate_type=simple_pouch_washing_faucet,source_processing=栃木県公式PDFをAdobe AcrobatでExcelへ変換。変換後の元データをsheet1に保持し、正規化処理のためsheet2・sheet3へ手作業で整理。normalized CSVはsheet2・sheet3から生成
09,栃木県,09208,小山市,,小山市市民活動交流センター,,,,小山市城山町 3-7-5,,,,,,,,,,,,yes,,,,,,,,,,,,,,,,,,,,ostomate_toilet_list,栃木県 オストメイト対応トイレ一覧表,https://www.pref.tochigi.lg.jp/e05/welfare/shougaisha/fukushi/documents/20260805165831.pdf,2026-05-01,sheet2:190,ostomate_type=simple_pouch_washing_faucet,source_processing=栃木県公式PDFをAdobe AcrobatでExcelへ変換。変換後の元データをsheet1に保持し、正規化処理のためsheet2・sheet3へ手作業で整理。normalized CSVはsheet2・sheet3から生成
09,栃木県,09208,小山市,,小山市健康医療介護総合支援センター,,,,小山市神鳥谷 2251-7,,,,,,,,,,,,yes,,,,,,,,,,,,,,,,,,,,ostomate_toilet_list,栃木県 オストメイト対応トイレ一覧表,https://www.pref.tochigi.lg.jp/e05/welfare/shougaisha/fukushi/documents/20260805165831.pdf,2026-05-01,sheet2:191,ostomate_type=simple_pouch_washing_faucet,source_processing=栃木県公式PDFをAdobe AcrobatでExcelへ変換。変換後の元データをsheet1に保持し、正規化処理のためsheet2・sheet3へ手作業で整理。normalized CSVはsheet2・sheet3から生成
09,栃木県,09208,小山市,,小山市立体育館,,,,小山市塚崎 1408-1,,,,yes,,,,,,,,yes,,,,,,,,,,,,,,,,,,,,ostomate_toilet_list,栃木県 オストメイト対応トイレ一覧表,https://www.pref.tochigi.lg.jp/e05/welfare/shougaisha/fukushi/documents/20260805165831.pdf,2026-05-01,sheet2:192,ostomate_type=multipurpose_toilet_with_waste_sink,source_processing=栃木県公式PDFをAdobe AcrobatでExcelへ変換。変換後の元データをsheet1に保持し、正規化処理のためsheet2・sheet3へ手作業で整理。normalized CSVはsheet2・sheet3から生成
09,栃木県,09208,小山市,,小山市大谷市民交流センター（大谷公民館）,,,,小山市大字横倉 499-6,,,,yes,,,,,,,,yes,,,,,,,,,,,,,,,,,,,,ostomate_toilet_list,栃木県 オストメイト対応トイレ一覧表,https://www.pref.tochigi.lg.jp/e05/welfare/shougaisha/fukushi/documents/20260805165831.pdf,2026-05-01,sheet2:193,ostomate_type=multipurpose_toilet_with_waste_sink,source_processing=栃木県公式PDFをAdobe AcrobatでExcelへ変換。変換後の元データをsheet1に保持し、正規化処理のためsheet2・sheet3へ手作業で整理。normalized CSVはsheet2・sheet3から生成
09,栃木県,09209,真岡市,,芳賀庁舎,,,,真岡市荒町 116-1,,,,yes,,,,,,,,yes,,,,,,,,,,,,,,,,,,,,ostomate_toilet_list,栃木県 オストメイト対応トイレ一覧表,https://www.pref.tochigi.lg.jp/e05/welfare/shougaisha/fukushi/documents/20260805165831.pdf,2026-05-01,sheet2:194,ostomate_type=multipurpose_toilet_with_waste_sink,source_processing=栃木県公式PDFをAdobe AcrobatでExcelへ変換。変換後の元データをsheet1に保持し、正規化処理のためsheet2・sheet3へ手作業で整理。normalized CSVはsheet2・sheet3から生成
09,栃木県,09209,真岡市,,井頭公園,,,,真岡市下籠谷 99,,,,yes,,,,,,,,yes,,,,,,,,,,,,,,,,,,,,ostomate_toilet_list,栃木県 オストメイト対応トイレ一覧表,https://www.pref.tochigi.lg.jp/e05/welfare/shougaisha/fukushi/documents/20260805165831.pdf,2026-05-01,sheet2:195,ostomate_type=multipurpose_toilet_with_waste_sink,source_processing=栃木県公式PDFをAdobe AcrobatでExcelへ変換。変換後の元データをsheet1に保持し、正規化処理のためsheet2・sheet3へ手作業で整理。normalized CSVはsheet2・sheet3から生成
09,栃木県,09209,真岡市,,真岡市役所,,,,真岡市荒町 5191,,,,yes,,,,,,,,yes,,,,,,,,,,,,,,,,,,,,ostomate_toilet_list,栃木県 オストメイト対応トイレ一覧表,https://www.pref.tochigi.lg.jp/e05/welfare/shougaisha/fukushi/documents/20260805165831.pdf,2026-05-01,sheet2:196,ostomate_type=multipurpose_toilet_with_waste_sink,source_processing=栃木県公式PDFをAdobe AcrobatでExcelへ変換。変換後の元データをsheet1に保持し、正規化処理のためsheet2・sheet3へ手作業で整理。normalized CSVはsheet2・sheet3から生成
09,栃木県,09209,真岡市,,真岡市複合交流拠点施設monaca,,,,真岡市荒町 5131,,,,yes,,,,,,,,yes,,,,,,,,,,,,,,,,,,,,ostomate_toilet_list,栃木県 オストメイト対応トイレ一覧表,https://www.pref.tochigi.lg.jp/e05/welfare/shougaisha/fukushi/documents/20260805165831.pdf,2026-05-01,sheet2:197,ostomate_type=multipurpose_toilet_with_waste_sink,source_processing=栃木県公式PDFをAdobe AcrobatでExcelへ変換。変換後の元データをsheet1に保持し、正規化処理のためsheet2・sheet3へ手作業で整理。normalized CSVはsheet2・sheet3から生成
09,栃木県,09209,真岡市,,真岡市民会館（市民“いちご”ホール）,,,,真岡市荒町 1201,,,,yes,,,,,,,,yes,,,,,,,,,,,,,,,,,,,,ostomate_toilet_list,栃木県 オストメイト対応トイレ一覧表,https://www.pref.tochigi.lg.jp/e05/welfare/shougaisha/fukushi/documents/20260805165831.pdf,2026-05-01,sheet2:198,ostomate_type=multipurpose_toilet_with_waste_sink,source_processing=栃木県公式PDFをAdobe AcrobatでExcelへ変換。変換後の元データをsheet1に保持し、正規化処理のためsheet2・sheet3へ手作業で整理。normalized CSVはsheet2・sheet3から生成
09,栃木県,09209,真岡市,,真岡市スポーツ交流館,,,,真岡市田町 1321-1,,,,yes,,,,,,,,yes,,,,,,,,,,,,,,,,,,,,ostomate_toilet_list,栃木県 オストメイト対応トイレ一覧表,https://www.pref.tochigi.lg.jp/e05/welfare/shougaisha/fukushi/documents/20260805165831.pdf,2026-05-01,sheet2:199,ostomate_type=multipurpose_toilet_with_waste_sink,source_processing=栃木県公式PDFをAdobe AcrobatでExcelへ変換。変換後の元データをsheet1に保持し、正規化処理のためsheet2・sheet3へ手作業で整理。normalized CSVはsheet2・sheet3から生成
09,栃木県,09209,真岡市,,ザ･ビッグエクストラ真岡店,,,,真岡市台町 2668,,,,yes,,,,,,,,yes,,,,,,,,,,,,,,,,,,,,ostomate_toilet_list,栃木県 オストメイト対応トイレ一覧表,https://www.pref.tochigi.lg.jp/e05/welfare/shougaisha/fukushi/documents/20260805165831.pdf,2026-05-01,sheet2:200,ostomate_type=multipurpose_toilet_with_waste_sink,source_processing=栃木県公式PDFをAdobe AcrobatでExcelへ変換。変換後の元データをsheet1に保持し、正規化処理のためsheet2・sheet3へ手作業で整理。normalized CSVはsheet2・sheet3から生成
09,栃木県,09209,真岡市,,真岡市二宮コミュニティセンター,,,,真岡市石島 893-15,,,,yes,,,,,,,,yes,,,,,,,,,,,,,,,,,,,,ostomate_toilet_list,栃木県 オストメイト対応トイレ一覧表,https://www.pref.tochigi.lg.jp/e05/welfare/shougaisha/fukushi/documents/20260805165831.pdf,2026-05-01,sheet2:201,ostomate_type=multipurpose_toilet_with_waste_sink,source_processing=栃木県公式PDFをAdobe AcrobatでExcelへ変換。変換後の元データをsheet1に保持し、正規化処理のためsheet2・sheet3へ手作業で整理。normalized CSVはsheet2・sheet3から生成
09,栃木県,09209,真岡市,,ケーズデンキ真岡店,,,,真岡市台町 2753-9,,,,yes,,,,,,,,yes,,,,,,,,,,,,,,,,,,,,ostomate_toilet_list,栃木県 オストメイト対応トイレ一覧表,https://www.pref.tochigi.lg.jp/e05/welfare/shougaisha/fukushi/documents/20260805165831.pdf,2026-05-01,sheet2:202,ostomate_type=multipurpose_toilet_with_waste_sink,source_processing=栃木県公式PDFをAdobe AcrobatでExcelへ変換。変換後の元データをsheet1に保持し、正規化処理のためsheet2・sheet3へ手作業で整理。normalized CSVはsheet2・sheet3から生成
09,栃木県,09209,真岡市,,真岡市総合運動公園,,,,真岡市小林 1900,,,,yes,,,,,,,,yes,,,,,,,,,,,,,,,,,,,,ostomate_toilet_list,栃木県 オストメイト対応トイレ一覧表,https://www.pref.tochigi.lg.jp/e05/welfare/shougaisha/fukushi/documents/20260805165831.pdf,2026-05-01,sheet2:203,ostomate_type=multipurpose_toilet_with_waste_sink,source_processing=栃木県公式PDFをAdobe AcrobatでExcelへ変換。変換後の元データをsheet1に保持し、正規化処理のためsheet2・sheet3へ手作業で整理。normalized CSVはsheet2・sheet3から生成
09,栃木県,09210,大田原市,,美原公園陸上競技場,,,,大田原市美原 1-15-25,,,,yes,,,,,,,,yes,,,,,,,,,,,,,,,,,,,,ostomate_toilet_list,栃木県 オストメイト対応トイレ一覧表,https://www.pref.tochigi.lg.jp/e05/welfare/shougaisha/fukushi/documents/20260805165831.pdf,2026-05-01,sheet2:204,ostomate_type=multipurpose_toilet_with_waste_sink,source_processing=栃木県公式PDFをAdobe AcrobatでExcelへ変換。変換後の元データをsheet1に保持し、正規化処理のためsheet2・sheet3へ手作業で整理。normalized CSVはsheet2・sheet3から生成
09,栃木県,09210,大田原市,,栃木県立県北体育館,,,,大田原市美原 3-2-62,,,,yes,,,,,,,,yes,,,,,,,,,,,,,,,,,,,,ostomate_toilet_list,栃木県 オストメイト対応トイレ一覧表,https://www.pref.tochigi.lg.jp/e05/welfare/shougaisha/fukushi/documents/20260805165831.pdf,2026-05-01,sheet2:205,ostomate_type=multipurpose_toilet_with_waste_sink,source_processing=栃木県公式PDFをAdobe AcrobatでExcelへ変換。変換後の元データをsheet1に保持し、正規化処理のためsheet2・sheet3へ手作業で整理。normalized CSVはsheet2・sheet3から生成
09,栃木県,09210,大田原市,,那須庁舎,,,,大田原市本町 2-2828-4,,,,yes,,,,,,,,yes,,,,,,,,,,,,,,,,,,,,ostomate_toilet_list,栃木県 オストメイト対応トイレ一覧表,https://www.pref.tochigi.lg.jp/e05/welfare/shougaisha/fukushi/documents/20260805165831.pdf,2026-05-01,sheet2:206,ostomate_type=multipurpose_toilet_with_waste_sink,source_processing=栃木県公式PDFをAdobe AcrobatでExcelへ変換。変換後の元データをsheet1に保持し、正規化処理のためsheet2・sheet3へ手作業で整理。normalized CSVはsheet2・sheet3から生成
09,栃木県,09210,大田原市,,大田原市役所本庁舎,,,,大田原市本町 1-4-1,,,,yes,,,,,,,,yes,,,,,,,,,,,,,,,,,,,,ostomate_toilet_list,栃木県 オストメイト対応トイレ一覧表,https://www.pref.tochigi.lg.jp/e05/welfare/shougaisha/fukushi/documents/20260805165831.pdf,2026-05-01,sheet2:207,ostomate_type=multipurpose_toilet_with_waste_sink,source_processing=栃木県公式PDFをAdobe AcrobatでExcelへ変換。変換後の元データをsheet1に保持し、正規化処理のためsheet2・sheet3へ手作業で整理。normalized CSVはsheet2・sheet3から生成
09,栃木県,09210,大田原市,,中央多目的公園,,,,大田原市中央 2-2360-2,,,,yes,,,,,,,,yes,,,,,,,,,,,,,,,,,,,,ostomate_toilet_list,栃木県 オストメイト対応トイレ一覧表,https://www.pref.tochigi.lg.jp/e05/welfare/shougaisha/fukushi/documents/20260805165831.pdf,2026-05-01,sheet2:208,ostomate_type=multipurpose_toilet_with_waste_sink,source_processing=栃木県公式PDFをAdobe AcrobatでExcelへ変換。変換後の元データをsheet1に保持し、正規化処理のためsheet2・sheet3へ手作業で整理。normalized CSVはsheet2・sheet3から生成
09,栃木県,09210,大田原市,,美原公園本球場,,,,大田原市美原 1-3462,,,,yes,,,,,,,,yes,,,,,,,,,,,,,,,,,,,,ostomate_toilet_list,栃木県 オストメイト対応トイレ一覧表,https://www.pref.tochigi.lg.jp/e05/welfare/shougaisha/fukushi/documents/20260805165831.pdf,2026-05-01,sheet2:209,ostomate_type=multipurpose_toilet_with_waste_sink,source_processing=栃木県公式PDFをAdobe AcrobatでExcelへ変換。変換後の元データをsheet1に保持し、正規化処理のためsheet2・sheet3へ手作業で整理。normalized CSVはsheet2・sheet3から生成
09,栃木県,09210,大田原市,,大田原市役所黒羽庁舎,,,,大田原市黒羽田町 848,,,,yes,,,,,,,,yes,,,,,,,,,,,,,,,,,,,,ostomate_toilet_list,栃木県 オストメイト対応トイレ一覧表,https://www.pref.tochigi.lg.jp/e05/welfare/shougaisha/fukushi/documents/20260805165831.pdf,2026-05-01,sheet2:210,ostomate_type=multipurpose_toilet_with_waste_sink,source_processing=栃木県公式PDFをAdobe AcrobatでExcelへ変換。変換後の元データをsheet1に保持し、正規化処理のためsheet2・sheet3へ手作業で整理。normalized CSVはsheet2・sheet3から生成
09,栃木県,09210,大田原市,,トコトコ大田原,,,,大田原市中央一丁目 3-15,,,,yes,,,,,,,,yes,,,,,,,,,,,,,,,,,,,,ostomate_toilet_list,栃木県 オストメイト対応トイレ一覧表,https://www.pref.tochigi.lg.jp/e05/welfare/shougaisha/fukushi/documents/20260805165831.pdf,2026-05-01,sheet2:211,ostomate_type=multipurpose_toilet_with_waste_sink,source_processing=栃木県公式PDFをAdobe AcrobatでExcelへ変換。変換後の元データをsheet1に保持し、正規化処理のためsheet2・sheet3へ手作業で整理。normalized CSVはsheet2・sheet3から生成
09,栃木県,09211,矢板市,,矢板市役所,,,,矢板市本町 5-4,,,,yes,,,,,,,,yes,,,,,,,,,,,,,,,,,,,,ostomate_toilet_list,栃木県 オストメイト対応トイレ一覧表,https://www.pref.tochigi.lg.jp/e05/welfare/shougaisha/fukushi/documents/20260805165831.pdf,2026-05-01,sheet2:212,ostomate_type=multipurpose_toilet_with_waste_sink,source_processing=栃木県公式PDFをAdobe AcrobatでExcelへ変換。変換後の元データをsheet1に保持し、正規化処理のためsheet2・sheet3へ手作業で整理。normalized CSVはsheet2・sheet3から生成
09,栃木県,09211,矢板市,,シルバー大学校北校,,,,矢板市矢板 54,,,,yes,,,,,,,,yes,,,,,,,,,,,,,,,,,,,,ostomate_toilet_list,栃木県 オストメイト対応トイレ一覧表,https://www.pref.tochigi.lg.jp/e05/welfare/shougaisha/fukushi/documents/20260805165831.pdf,2026-05-01,sheet2:213,ostomate_type=multipurpose_toilet_with_waste_sink,source_processing=栃木県公式PDFをAdobe AcrobatでExcelへ変換。変換後の元データをsheet1に保持し、正規化処理のためsheet2・sheet3へ手作業で整理。normalized CSVはsheet2・sheet3から生成
09,栃木県,09211,矢板市,,子ども未来館,,,,矢板市本町 2-25,,,,yes,,,,,,,,yes,,,,,,,,,,,,,,,,,,,,ostomate_toilet_list,栃木県 オストメイト対応トイレ一覧表,https://www.pref.tochigi.lg.jp/e05/welfare/shougaisha/fukushi/documents/20260805165831.pdf,2026-05-01,sheet2:214,ostomate_type=multipurpose_toilet_with_waste_sink,source_processing=栃木県公式PDFをAdobe AcrobatでExcelへ変換。変換後の元データをsheet1に保持し、正規化処理のためsheet2・sheet3へ手作業で整理。normalized CSVはsheet2・sheet3から生成
09,栃木県,09211,矢板市,,矢板市文化スポーツ複合施設,,,,矢板市末広 49-1,,,,yes,,,,,,,,yes,,,,,,,,,,,,,,,,,,,,ostomate_toilet_list,栃木県 オストメイト対応トイレ一覧表,https://www.pref.tochigi.lg.jp/e05/welfare/shougaisha/fukushi/documents/20260805165831.pdf,2026-05-01,sheet2:215,ostomate_type=multipurpose_toilet_with_waste_sink,source_processing=栃木県公式PDFをAdobe AcrobatでExcelへ変換。変換後の元データをsheet1に保持し、正規化処理のためsheet2・sheet3へ手作業で整理。normalized CSVはsheet2・sheet3から生成
09,栃木県,09213,那須塩原市,,塩原温泉ビジターセンター,,,,那須塩原市塩原前山国有林,,,,yes,,,,,,,,yes,,,,,,,,,,,,,,,,,,,,ostomate_toilet_list,栃木県 オストメイト対応トイレ一覧表,https://www.pref.tochigi.lg.jp/e05/welfare/shougaisha/fukushi/documents/20260805165831.pdf,2026-05-01,sheet2:216,ostomate_type=multipurpose_toilet_with_waste_sink,source_processing=栃木県公式PDFをAdobe AcrobatでExcelへ変換。変換後の元データをsheet1に保持し、正規化処理のためsheet2・sheet3へ手作業で整理。normalized CSVはsheet2・sheet3から生成
09,栃木県,09213,那須塩原市,,県北家畜保健衛生所,,,,那須塩原市千本松 800-3,,,,yes,,,,,,,,yes,,,,,,,,,,,,,,,,,,,,ostomate_toilet_list,栃木県 オストメイト対応トイレ一覧表,https://www.pref.tochigi.lg.jp/e05/welfare/shougaisha/fukushi/documents/20260805165831.pdf,2026-05-01,sheet2:217,ostomate_type=multipurpose_toilet_with_waste_sink,source_processing=栃木県公式PDFをAdobe AcrobatでExcelへ変換。変換後の元データをsheet1に保持し、正規化処理のためsheet2・sheet3へ手作業で整理。normalized CSVはsheet2・sheet3から生成
09,栃木県,09213,那須塩原市,,那須塩原市役所,,,,那須塩原市共墾社 108-2,,,,yes,,,,,,,,yes,,,,,,,,,,,,,,,,,,,,ostomate_toilet_list,栃木県 オストメイト対応トイレ一覧表,https://www.pref.tochigi.lg.jp/e05/welfare/shougaisha/fukushi/documents/20260805165831.pdf,2026-05-01,sheet2:218,ostomate_type=multipurpose_toilet_with_waste_sink,source_processing=栃木県公式PDFをAdobe AcrobatでExcelへ変換。変換後の元データをsheet1に保持し、正規化処理のためsheet2・sheet3へ手作業で整理。normalized CSVはsheet2・sheet3から生成
09,栃木県,09213,那須塩原市,,那須塩原市役所西那須野庁舎,,,,那須塩原市あたご町 2-3,,,,yes,,,,,,,,yes,,,,,,,,,,,,,,,,,,,,ostomate_toilet_list,栃木県 オストメイト対応トイレ一覧表,https://www.pref.tochigi.lg.jp/e05/welfare/shougaisha/fukushi/documents/20260805165831.pdf,2026-05-01,sheet2:219,ostomate_type=multipurpose_toilet_with_waste_sink,source_processing=栃木県公式PDFをAdobe AcrobatでExcelへ変換。変換後の元データをsheet1に保持し、正規化処理のためsheet2・sheet3へ手作業で整理。normalized CSVはsheet2・sheet3から生成
09,栃木県,09213,那須塩原市,,那須塩原市役所塩原庁舎,,,,那須塩原市中塩原 1-2,,,,yes,,,,,,,,yes,,,,,,,,,,,,,,,,,,,,ostomate_toilet_list,栃木県 オストメイト対応トイレ一覧表,https://www.pref.tochigi.lg.jp/e05/welfare/shougaisha/fukushi/documents/20260805165831.pdf,2026-05-01,sheet2:220,ostomate_type=multipurpose_toilet_with_waste_sink,source_processing=栃木県公式PDFをAdobe AcrobatでExcelへ変換。変換後の元データをsheet1に保持し、正規化処理のためsheet2・sheet3へ手作業で整理。normalized CSVはsheet2・sheet3から生成
09,栃木県,09214,さくら市,,さくら市役所,,,,さくら市氏家 2771,,,,yes,,,,,,,,yes,,,,,,,,,,,,,,,,,,,,ostomate_toilet_list,栃木県 オストメイト対応トイレ一覧表,https://www.pref.tochigi.lg.jp/e05/welfare/shougaisha/fukushi/documents/20260805165831.pdf,2026-05-01,sheet2:221,ostomate_type=multipurpose_toilet_with_waste_sink,source_processing=栃木県公式PDFをAdobe AcrobatでExcelへ変換。変換後の元データをsheet1に保持し、正規化処理のためsheet2・sheet3へ手作業で整理。normalized CSVはsheet2・sheet3から生成
09,栃木県,09214,さくら市,,庁舎前公衆トイレ,,,,さくら市氏家 2771,,,,yes,,,,,,,,yes,,,,,,,,,,,,,,,,,,,,ostomate_toilet_list,栃木県 オストメイト対応トイレ一覧表,https://www.pref.tochigi.lg.jp/e05/welfare/shougaisha/fukushi/documents/20260805165831.pdf,2026-05-01,sheet2:222,ostomate_type=multipurpose_toilet_with_waste_sink,source_processing=栃木県公式PDFをAdobe AcrobatでExcelへ変換。変換後の元データをsheet1に保持し、正規化処理のためsheet2・sheet3へ手作業で整理。normalized CSVはsheet2・sheet3から生成
09,栃木県,09214,さくら市,,氏家駅東公衆トイレ,,,,さくら市氏家 2337-7,,,,yes,,,,,,,,yes,,,,,,,,,,,,,,,,,,,,ostomate_toilet_list,栃木県 オストメイト対応トイレ一覧表,https://www.pref.tochigi.lg.jp/e05/welfare/shougaisha/fukushi/documents/20260805165831.pdf,2026-05-01,sheet2:223,ostomate_type=multipurpose_toilet_with_waste_sink,source_processing=栃木県公式PDFをAdobe AcrobatでExcelへ変換。変換後の元データをsheet1に保持し、正規化処理のためsheet2・sheet3へ手作業で整理。normalized CSVはsheet2・sheet3から生成
09,栃木県,09214,さくら市,,さくらテラス,,,,さくら市氏家 1857-5,,,,yes,,,,,,,,yes,,,,,,,,,,,,,,,,,,,,ostomate_toilet_list,栃木県 オストメイト対応トイレ一覧表,https://www.pref.tochigi.lg.jp/e05/welfare/shougaisha/fukushi/documents/20260805165831.pdf,2026-05-01,sheet2:224,ostomate_type=multipurpose_toilet_with_waste_sink,source_processing=栃木県公式PDFをAdobe AcrobatでExcelへ変換。変換後の元データをsheet1に保持し、正規化処理のためsheet2・sheet3へ手作業で整理。normalized CSVはsheet2・sheet3から生成
09,栃木県,09214,さくら市,,氏家公民館,,,,さくら市櫻野 1322-8,,,,yes,,,,,,,,yes,,,,,,,,,,,,,,,,,,,,ostomate_toilet_list,栃木県 オストメイト対応トイレ一覧表,https://www.pref.tochigi.lg.jp/e05/welfare/shougaisha/fukushi/documents/20260805165831.pdf,2026-05-01,sheet2:225,ostomate_type=multipurpose_toilet_with_waste_sink,source_processing=栃木県公式PDFをAdobe AcrobatでExcelへ変換。変換後の元データをsheet1に保持し、正規化処理のためsheet2・sheet3へ手作業で整理。normalized CSVはsheet2・sheet3から生成
09,栃木県,09214,さくら市,,喜連川保健センター,,,,さくら市喜連川 807-8,,,,yes,,,,,,,,yes,,,,,,,,,,,,,,,,,,,,ostomate_toilet_list,栃木県 オストメイト対応トイレ一覧表,https://www.pref.tochigi.lg.jp/e05/welfare/shougaisha/fukushi/documents/20260805165831.pdf,2026-05-01,sheet2:226,ostomate_type=multipurpose_toilet_with_waste_sink,source_processing=栃木県公式PDFをAdobe AcrobatでExcelへ変換。変換後の元データをsheet1に保持し、正規化処理のためsheet2・sheet3へ手作業で整理。normalized CSVはsheet2・sheet3から生成
09,栃木県,09214,さくら市,,総合公園さくらスタジアム,,,,さくら市櫻野 1789,,,,yes,,,,,,,,yes,,,,,,,,,,,,,,,,,,,,ostomate_toilet_list,栃木県 オストメイト対応トイレ一覧表,https://www.pref.tochigi.lg.jp/e05/welfare/shougaisha/fukushi/documents/20260805165831.pdf,2026-05-01,sheet2:227,ostomate_type=multipurpose_toilet_with_waste_sink,source_processing=栃木県公式PDFをAdobe AcrobatでExcelへ変換。変換後の元データをsheet1に保持し、正規化処理のためsheet2・sheet3へ手作業で整理。normalized CSVはsheet2・sheet3から生成
09,栃木県,09215,那須烏山市,,那須烏山市役所烏山庁舎,,,,那須烏山市中央 1-1-1,,,,yes,,,,,,,,yes,,,,,,,,,,,,,,,,,,,,ostomate_toilet_list,栃木県 オストメイト対応トイレ一覧表,https://www.pref.tochigi.lg.jp/e05/welfare/shougaisha/fukushi/documents/20260805165831.pdf,2026-05-01,sheet2:228,ostomate_type=multipurpose_toilet_with_waste_sink,source_processing=栃木県公式PDFをAdobe AcrobatでExcelへ変換。変換後の元データをsheet1に保持し、正規化処理のためsheet2・sheet3へ手作業で整理。normalized CSVはsheet2・sheet3から生成
09,栃木県,09215,那須烏山市,,那須烏山市保健福祉センター,,,,那須烏山市田野倉 85-1,,,,yes,,,,,,,,yes,,,,,,,,,,,,,,,,,,,,ostomate_toilet_list,栃木県 オストメイト対応トイレ一覧表,https://www.pref.tochigi.lg.jp/e05/welfare/shougaisha/fukushi/documents/20260805165831.pdf,2026-05-01,sheet2:229,ostomate_type=multipurpose_toilet_with_waste_sink,source_processing=栃木県公式PDFをAdobe AcrobatでExcelへ変換。変換後の元データをsheet1に保持し、正規化処理のためsheet2・sheet3へ手作業で整理。normalized CSVはsheet2・sheet3から生成
09,栃木県,09215,那須烏山市,,山あげ会館,,,,那須烏山市金井 2-5-26,,,,yes,,,,,,,,yes,,,,,,,,,,,,,,,,,,,,ostomate_toilet_list,栃木県 オストメイト対応トイレ一覧表,https://www.pref.tochigi.lg.jp/e05/welfare/shougaisha/fukushi/documents/20260805165831.pdf,2026-05-01,sheet2:230,ostomate_type=multipurpose_toilet_with_waste_sink,source_processing=栃木県公式PDFをAdobe AcrobatでExcelへ変換。変換後の元データをsheet1に保持し、正規化処理のためsheet2・sheet3へ手作業で整理。normalized CSVはsheet2・sheet3から生成
09,栃木県,09216,下野市,,下野市役所,,,,下野市笹原 26,,,,yes,,,,,,,,yes,,,,,,,,,,,,,,,,,,,,ostomate_toilet_list,栃木県 オストメイト対応トイレ一覧表,https://www.pref.tochigi.lg.jp/e05/welfare/shougaisha/fukushi/documents/20260805165831.pdf,2026-05-01,sheet2:231,ostomate_type=multipurpose_toilet_with_waste_sink,source_processing=栃木県公式PDFをAdobe AcrobatでExcelへ変換。変換後の元データをsheet1に保持し、正規化処理のためsheet2・sheet3へ手作業で整理。normalized CSVはsheet2・sheet3から生成
09,栃木県,09216,下野市,,下野市保健福祉センターきらら館,,,,下野市下古山 1220,,,,yes,,,,,,,,yes,,,,,,,,,,,,,,,,,,,,ostomate_toilet_list,栃木県 オストメイト対応トイレ一覧表,https://www.pref.tochigi.lg.jp/e05/welfare/shougaisha/fukushi/documents/20260805165831.pdf,2026-05-01,sheet2:232,ostomate_type=multipurpose_toilet_with_waste_sink,source_processing=栃木県公式PDFをAdobe AcrobatでExcelへ変換。変換後の元データをsheet1に保持し、正規化処理のためsheet2・sheet3へ手作業で整理。normalized CSVはsheet2・sheet3から生成
09,栃木県,09216,下野市,,下野市保健福祉センターゆうゆう館,,,,下野市小金井 789,,,,yes,,,,,,,,yes,,,,,,,,,,,,,,,,,,,,ostomate_toilet_list,栃木県 オストメイト対応トイレ一覧表,https://www.pref.tochigi.lg.jp/e05/welfare/shougaisha/fukushi/documents/20260805165831.pdf,2026-05-01,sheet2:233,ostomate_type=multipurpose_toilet_with_waste_sink,source_processing=栃木県公式PDFをAdobe AcrobatでExcelへ変換。変換後の元データをsheet1に保持し、正規化処理のためsheet2・sheet3へ手作業で整理。normalized CSVはsheet2・sheet3から生成
09,栃木県,09216,下野市,,下野市ふれあい館,,,,下野市三王山 698-5,,,,yes,,,,,,,,yes,,,,,,,,,,,,,,,,,,,,ostomate_toilet_list,栃木県 オストメイト対応トイレ一覧表,https://www.pref.tochigi.lg.jp/e05/welfare/shougaisha/fukushi/documents/20260805165831.pdf,2026-05-01,sheet2:234,ostomate_type=multipurpose_toilet_with_waste_sink,source_processing=栃木県公式PDFをAdobe AcrobatでExcelへ変換。変換後の元データをsheet1に保持し、正規化処理のためsheet2・sheet3へ手作業で整理。normalized CSVはsheet2・sheet3から生成
09,栃木県,09216,下野市,,下野市石橋公民館,,,,下野市石橋 629-1,,,,yes,,,,,,,,yes,,,,,,,,,,,,,,,,,,,,ostomate_toilet_list,栃木県 オストメイト対応トイレ一覧表,https://www.pref.tochigi.lg.jp/e05/welfare/shougaisha/fukushi/documents/20260805165831.pdf,2026-05-01,sheet2:235,ostomate_type=multipurpose_toilet_with_waste_sink,source_processing=栃木県公式PDFをAdobe AcrobatでExcelへ変換。変換後の元データをsheet1に保持し、正規化処理のためsheet2・sheet3へ手作業で整理。normalized CSVはsheet2・sheet3から生成
09,栃木県,09216,下野市,,下野市立石橋図書館,,,,下野市大松山 1-7-3,,,,yes,,,,,,,,yes,,,,,,,,,,,,,,,,,,,,ostomate_toilet_list,栃木県 オストメイト対応トイレ一覧表,https://www.pref.tochigi.lg.jp/e05/welfare/shougaisha/fukushi/documents/20260805165831.pdf,2026-05-01,sheet2:236,ostomate_type=multipurpose_toilet_with_waste_sink,source_processing=栃木県公式PDFをAdobe AcrobatでExcelへ変換。変換後の元データをsheet1に保持し、正規化処理のためsheet2・sheet3へ手作業で整理。normalized CSVはsheet2・sheet3から生成
09,栃木県,09216,下野市,,下野市立国分寺図書館,,,,下野市駅東 3-1-19,,,,yes,,,,,,,,yes,,,,,,,,,,,,,,,,,,,,ostomate_toilet_list,栃木県 オストメイト対応トイレ一覧表,https://www.pref.tochigi.lg.jp/e05/welfare/shougaisha/fukushi/documents/20260805165831.pdf,2026-05-01,sheet2:237,ostomate_type=multipurpose_toilet_with_waste_sink,source_processing=栃木県公式PDFをAdobe AcrobatでExcelへ変換。変換後の元データをsheet1に保持し、正規化処理のためsheet2・sheet3へ手作業で整理。normalized CSVはsheet2・sheet3から生成
09,栃木県,09216,下野市,,下野市立南河内図書館,,,,下野市田中 681-1,,,,yes,,,,,,,,yes,,,,,,,,,,,,,,,,,,,,ostomate_toilet_list,栃木県 オストメイト対応トイレ一覧表,https://www.pref.tochigi.lg.jp/e05/welfare/shougaisha/fukushi/documents/20260805165831.pdf,2026-05-01,sheet2:238,ostomate_type=multipurpose_toilet_with_waste_sink,source_processing=栃木県公式PDFをAdobe AcrobatでExcelへ変換。変換後の元データをsheet1に保持し、正規化処理のためsheet2・sheet3へ手作業で整理。normalized CSVはsheet2・sheet3から生成
09,栃木県,09216,下野市,,しもつけ風土記の丘資料館,,,,下野市国分寺 993,,,,yes,,,,,,,,yes,,,,,,,,,,,,,,,,,,,,ostomate_toilet_list,栃木県 オストメイト対応トイレ一覧表,https://www.pref.tochigi.lg.jp/e05/welfare/shougaisha/fukushi/documents/20260805165831.pdf,2026-05-01,sheet2:239,ostomate_type=multipurpose_toilet_with_waste_sink,source_processing=栃木県公式PDFをAdobe AcrobatでExcelへ変換。変換後の元データをsheet1に保持し、正規化処理のためsheet2・sheet3へ手作業で整理。normalized CSVはsheet2・sheet3から生成
09,栃木県,09216,下野市,,南河内体育センター,,,,下野市仁良川 1141,,,,yes,,,,,,,,yes,,,,,,,,,,,,,,,,,,,,ostomate_toilet_list,栃木県 オストメイト対応トイレ一覧表,https://www.pref.tochigi.lg.jp/e05/welfare/shougaisha/fukushi/documents/20260805165831.pdf,2026-05-01,sheet2:240,ostomate_type=multipurpose_toilet_with_waste_sink,source_processing=栃木県公式PDFをAdobe AcrobatでExcelへ変換。変換後の元データをsheet1に保持し、正規化処理のためsheet2・sheet3へ手作業で整理。normalized CSVはsheet2・sheet3から生成
09,栃木県,09216,下野市,,国分寺 B＆G 海洋センター,,,,下野市小金井 277-2,,,,yes,,,,,,,,yes,,,,,,,,,,,,,,,,,,,,ostomate_toilet_list,栃木県 オストメイト対応トイレ一覧表,https://www.pref.tochigi.lg.jp/e05/welfare/shougaisha/fukushi/documents/20260805165831.pdf,2026-05-01,sheet2:241,ostomate_type=multipurpose_toilet_with_waste_sink,source_processing=栃木県公式PDFをAdobe AcrobatでExcelへ変換。変換後の元データをsheet1に保持し、正規化処理のためsheet2・sheet3へ手作業で整理。normalized CSVはsheet2・sheet3から生成
09,栃木県,09216,下野市,,国分寺運動公園,,,,下野市小金井 277-2,,,,yes,,,,,,,,yes,,,,,,,,,,,,,,,,,,,,ostomate_toilet_list,栃木県 オストメイト対応トイレ一覧表,https://www.pref.tochigi.lg.jp/e05/welfare/shougaisha/fukushi/documents/20260805165831.pdf,2026-05-01,sheet2:242,ostomate_type=multipurpose_toilet_with_waste_sink,source_processing=栃木県公式PDFをAdobe AcrobatでExcelへ変換。変換後の元データをsheet1に保持し、正規化処理のためsheet2・sheet3へ手作業で整理。normalized CSVはsheet2・sheet3から生成
09,栃木県,09216,下野市,,国分寺聖武館,,,,下野市国分寺 628-2,,,,yes,,,,,,,,yes,,,,,,,,,,,,,,,,,,,,ostomate_toilet_list,栃木県 オストメイト対応トイレ一覧表,https://www.pref.tochigi.lg.jp/e05/welfare/shougaisha/fukushi/documents/20260805165831.pdf,2026-05-01,sheet2:243,ostomate_type=multipurpose_toilet_with_waste_sink,source_processing=栃木県公式PDFをAdobe AcrobatでExcelへ変換。変換後の元データをsheet1に保持し、正規化処理のためsheet2・sheet3へ手作業で整理。normalized CSVはsheet2・sheet3から生成
09,栃木県,09216,下野市,,大松山運動公園,,,,下野市大松山 1-7-1,,,,yes,,,,,,,,yes,,,,,,,,,,,,,,,,,,,,ostomate_toilet_list,栃木県 オストメイト対応トイレ一覧表,https://www.pref.tochigi.lg.jp/e05/welfare/shougaisha/fukushi/documents/20260805165831.pdf,2026-05-01,sheet2:244,ostomate_type=multipurpose_toilet_with_waste_sink,source_processing=栃木県公式PDFをAdobe AcrobatでExcelへ変換。変換後の元データをsheet1に保持し、正規化処理のためsheet2・sheet3へ手作業で整理。normalized CSVはsheet2・sheet3から生成
09,栃木県,09216,下野市,,大松山運動公園陸上競技場,,,,下野市大松山 1-7-1,,,,yes,,,,,,,,yes,,,,,,,,,,,,,,,,,,,,ostomate_toilet_list,栃木県 オストメイト対応トイレ一覧表,https://www.pref.tochigi.lg.jp/e05/welfare/shougaisha/fukushi/documents/20260805165831.pdf,2026-05-01,sheet2:245,ostomate_type=multipurpose_toilet_with_waste_sink,source_processing=栃木県公式PDFをAdobe AcrobatでExcelへ変換。変換後の元データをsheet1に保持し、正規化処理のためsheet2・sheet3へ手作業で整理。normalized CSVはsheet2・sheet3から生成
09,栃木県,09216,下野市,,自治医科大学附属病院,,,,下野市薬師寺 3311-1,,,,yes,,,,,,,,yes,,,,,,,,,,,,,,,,,,,,ostomate_toilet_list,栃木県 オストメイト対応トイレ一覧表,https://www.pref.tochigi.lg.jp/e05/welfare/shougaisha/fukushi/documents/20260805165831.pdf,2026-05-01,sheet2:246,ostomate_type=multipurpose_toilet_with_waste_sink,source_processing=栃木県公式PDFをAdobe AcrobatでExcelへ変換。変換後の元データをsheet1に保持し、正規化処理のためsheet2・sheet3へ手作業で整理。normalized CSVはsheet2・sheet3から生成
09,栃木県,09216,下野市,,石橋総合病院,,,,下野市下古山 1-15-4,,,,yes,,,,,,,,yes,,,,,,,,,,,,,,,,,,,,ostomate_toilet_list,栃木県 オストメイト対応トイレ一覧表,https://www.pref.tochigi.lg.jp/e05/welfare/shougaisha/fukushi/documents/20260805165831.pdf,2026-05-01,sheet2:247,ostomate_type=multipurpose_toilet_with_waste_sink,source_processing=栃木県公式PDFをAdobe AcrobatでExcelへ変換。変換後の元データをsheet1に保持し、正規化処理のためsheet2・sheet3へ手作業で整理。normalized CSVはsheet2・sheet3から生成
09,栃木県,09301,上三川町,,上三川町役場,,,,上三川町しらさぎ 1-1,,,,yes,,,,,,,,yes,,,,,,,,,,,,,,,,,,,,ostomate_toilet_list,栃木県 オストメイト対応トイレ一覧表,https://www.pref.tochigi.lg.jp/e05/welfare/shougaisha/fukushi/documents/20260805165831.pdf,2026-05-01,sheet2:248,ostomate_type=multipurpose_toilet_with_waste_sink,source_processing=栃木県公式PDFをAdobe AcrobatでExcelへ変換。変換後の元データをsheet1に保持し、正規化処理のためsheet2・sheet3へ手作業で整理。normalized CSVはsheet2・sheet3から生成
09,栃木県,09301,上三川町,,上三川いきいきプラザ,,,,上三川町上蒲生 127-1,,,,yes,,,,,,,,yes,,,,,,,,,,,,,,,,,,,,ostomate_toilet_list,栃木県 オストメイト対応トイレ一覧表,https://www.pref.tochigi.lg.jp/e05/welfare/shougaisha/fukushi/documents/20260805165831.pdf,2026-05-01,sheet2:249,ostomate_type=multipurpose_toilet_with_waste_sink,source_processing=栃木県公式PDFをAdobe AcrobatでExcelへ変換。変換後の元データをsheet1に保持し、正規化処理のためsheet2・sheet3へ手作業で整理。normalized CSVはsheet2・sheet3から生成
09,栃木県,09301,上三川町,,ORIGAMI プラザ,,,,上三川町上三川 4173 番地 1,,,,yes,,,,,,,,yes,,,,,,,,,,,,,,,,,,,,ostomate_toilet_list,栃木県 オストメイト対応トイレ一覧表,https://www.pref.tochigi.lg.jp/e05/welfare/shougaisha/fukushi/documents/20260805165831.pdf,2026-05-01,sheet2:250,ostomate_type=multipurpose_toilet_with_waste_sink,source_processing=栃木県公式PDFをAdobe AcrobatでExcelへ変換。変換後の元データをsheet1に保持し、正規化処理のためsheet2・sheet3へ手作業で整理。normalized CSVはsheet2・sheet3から生成
09,栃木県,09301,上三川町,,上三川日産スポーツセンター,,,,上三川町上三川 4270,,,,yes,,,,,,,,yes,,,,,,,,,,,,,,,,,,,,ostomate_toilet_list,栃木県 オストメイト対応トイレ一覧表,https://www.pref.tochigi.lg.jp/e05/welfare/shougaisha/fukushi/documents/20260805165831.pdf,2026-05-01,sheet2:251,ostomate_type=multipurpose_toilet_with_waste_sink,source_processing=栃木県公式PDFをAdobe AcrobatでExcelへ変換。変換後の元データをsheet1に保持し、正規化処理のためsheet2・sheet3へ手作業で整理。normalized CSVはsheet2・sheet3から生成
09,栃木県,09301,上三川町,,田川ふれあい公園,,,,上三川町川中子 30,,,,yes,,,,,,,,yes,,,,,,,,,,,,,,,,,,,,ostomate_toilet_list,栃木県 オストメイト対応トイレ一覧表,https://www.pref.tochigi.lg.jp/e05/welfare/shougaisha/fukushi/documents/20260805165831.pdf,2026-05-01,sheet2:252,ostomate_type=multipurpose_toilet_with_waste_sink,source_processing=栃木県公式PDFをAdobe AcrobatでExcelへ変換。変換後の元データをsheet1に保持し、正規化処理のためsheet2・sheet3へ手作業で整理。normalized CSVはsheet2・sheet3から生成
09,栃木県,09301,上三川町,,桃畑緑地公園,,,,上三川町上郷 88 番地先,,,,yes,,,,,,,,yes,,,,,,,,,,,,,,,,,,,,ostomate_toilet_list,栃木県 オストメイト対応トイレ一覧表,https://www.pref.tochigi.lg.jp/e05/welfare/shougaisha/fukushi/documents/20260805165831.pdf,2026-05-01,sheet2:253,ostomate_type=multipurpose_toilet_with_waste_sink,source_processing=栃木県公式PDFをAdobe AcrobatでExcelへ変換。変換後の元データをsheet1に保持し、正規化処理のためsheet2・sheet3へ手作業で整理。normalized CSVはsheet2・sheet3から生成
09,栃木県,09301,上三川町,,蓼沼緑地公園,,,,上三川町東蓼沼 1013 番地先,,,,yes,,,,,,,,yes,,,,,,,,,,,,,,,,,,,,ostomate_toilet_list,栃木県 オストメイト対応トイレ一覧表,https://www.pref.tochigi.lg.jp/e05/welfare/shougaisha/fukushi/documents/20260805165831.pdf,2026-05-01,sheet2:254,ostomate_type=multipurpose_toilet_with_waste_sink,source_processing=栃木県公式PDFをAdobe AcrobatでExcelへ変換。変換後の元データをsheet1に保持し、正規化処理のためsheet2・sheet3へ手作業で整理。normalized CSVはsheet2・sheet3から生成
09,栃木県,09301,上三川町,,愛宕山公園,,,,上三川町上三川 4829 番地,,,,yes,,,,,,,,yes,,,,,,,,,,,,,,,,,,,,ostomate_toilet_list,栃木県 オストメイト対応トイレ一覧表,https://www.pref.tochigi.lg.jp/e05/welfare/shougaisha/fukushi/documents/20260805165831.pdf,2026-05-01,sheet2:255,ostomate_type=multipurpose_toilet_with_waste_sink,source_processing=栃木県公式PDFをAdobe AcrobatでExcelへ変換。変換後の元データをsheet1に保持し、正規化処理のためsheet2・sheet3へ手作業で整理。normalized CSVはsheet2・sheet3から生成
09,栃木県,09342,益子町,,益子町福祉センター,,,,益子町益子 1532-5,,,,yes,,,,,,,,yes,,,,,,,,,,,,,,,,,,,,ostomate_toilet_list,栃木県 オストメイト対応トイレ一覧表,https://www.pref.tochigi.lg.jp/e05/welfare/shougaisha/fukushi/documents/20260805165831.pdf,2026-05-01,sheet2:256,ostomate_type=multipurpose_toilet_with_waste_sink,source_processing=栃木県公式PDFをAdobe AcrobatでExcelへ変換。変換後の元データをsheet1に保持し、正規化処理のためsheet2・sheet3へ手作業で整理。normalized CSVはsheet2・sheet3から生成
09,栃木県,09343,茂木町,,茂木町役場,,,,茂木町茂木 155,,,,yes,,,,,,,,yes,,,,,,,,,,,,,,,,,,,,ostomate_toilet_list,栃木県 オストメイト対応トイレ一覧表,https://www.pref.tochigi.lg.jp/e05/welfare/shougaisha/fukushi/documents/20260805165831.pdf,2026-05-01,sheet2:257,ostomate_type=multipurpose_toilet_with_waste_sink,source_processing=栃木県公式PDFをAdobe AcrobatでExcelへ変換。変換後の元データをsheet1に保持し、正規化処理のためsheet2・sheet3へ手作業で整理。normalized CSVはsheet2・sheet3から生成
09,栃木県,09343,茂木町,,茂木町まちなか文化交流館「ふみの森もてぎ」,,,,茂木町茂木 1720-1,,,,yes,,,,,,,,yes,,,,,,,,,,,,,,,,,,,,ostomate_toilet_list,栃木県 オストメイト対応トイレ一覧表,https://www.pref.tochigi.lg.jp/e05/welfare/shougaisha/fukushi/documents/20260805165831.pdf,2026-05-01,sheet2:258,ostomate_type=multipurpose_toilet_with_waste_sink,source_processing=栃木県公式PDFをAdobe AcrobatでExcelへ変換。変換後の元データをsheet1に保持し、正規化処理のためsheet2・sheet3へ手作業で整理。normalized CSVはsheet2・sheet3から生成
09,栃木県,09345,芳賀町,,芳賀町総合情報館,,,,芳賀町祖母井南 1-1-1,,,,yes,,,,,,,,yes,,,,,,,,,,,,,,,,,,,,ostomate_toilet_list,栃木県 オストメイト対応トイレ一覧表,https://www.pref.tochigi.lg.jp/e05/welfare/shougaisha/fukushi/documents/20260805165831.pdf,2026-05-01,sheet2:259,ostomate_type=multipurpose_toilet_with_waste_sink,source_processing=栃木県公式PDFをAdobe AcrobatでExcelへ変換。変換後の元データをsheet1に保持し、正規化処理のためsheet2・sheet3へ手作業で整理。normalized CSVはsheet2・sheet3から生成
09,栃木県,09361,壬生町,,城址公園ホール（壬生中央公民館）,,,,壬生町本丸 1-8-33,,,,yes,,,,,,,,yes,,,,,,,,,,,,,,,,,,,,ostomate_toilet_list,栃木県 オストメイト対応トイレ一覧表,https://www.pref.tochigi.lg.jp/e05/welfare/shougaisha/fukushi/documents/20260805165831.pdf,2026-05-01,sheet2:260,ostomate_type=multipurpose_toilet_with_waste_sink,source_processing=栃木県公式PDFをAdobe AcrobatでExcelへ変換。変換後の元データをsheet1に保持し、正規化処理のためsheet2・sheet3へ手作業で整理。normalized CSVはsheet2・sheet3から生成
09,栃木県,09361,壬生町,,壬生町自成館,,,,壬生町通町 9-23,,,,yes,,,,,,,,yes,,,,,,,,,,,,,,,,,,,,ostomate_toilet_list,栃木県 オストメイト対応トイレ一覧表,https://www.pref.tochigi.lg.jp/e05/welfare/shougaisha/fukushi/documents/20260805165831.pdf,2026-05-01,sheet2:261,ostomate_type=multipurpose_toilet_with_waste_sink,source_processing=栃木県公式PDFをAdobe AcrobatでExcelへ変換。変換後の元データをsheet1に保持し、正規化処理のためsheet2・sheet3へ手作業で整理。normalized CSVはsheet2・sheet3から生成
09,栃木県,09361,壬生町,,壬生町保健福祉センター,,,,壬生町壬生甲 3843-1,,,,yes,,,,,,,,yes,,,,,,,,,,,,,,,,,,,,ostomate_toilet_list,栃木県 オストメイト対応トイレ一覧表,https://www.pref.tochigi.lg.jp/e05/welfare/shougaisha/fukushi/documents/20260805165831.pdf,2026-05-01,sheet2:262,ostomate_type=multipurpose_toilet_with_waste_sink,source_processing=栃木県公式PDFをAdobe AcrobatでExcelへ変換。変換後の元データをsheet1に保持し、正規化処理のためsheet2・sheet3へ手作業で整理。normalized CSVはsheet2・sheet3から生成
09,栃木県,09361,壬生町,,壬生町役場,,,,壬生町壬生甲 3841-1,,,,yes,,,,,,,,yes,,,,,,,,,,,,,,,,,,,,ostomate_toilet_list,栃木県 オストメイト対応トイレ一覧表,https://www.pref.tochigi.lg.jp/e05/welfare/shougaisha/fukushi/documents/20260805165831.pdf,2026-05-01,sheet2:263,ostomate_type=multipurpose_toilet_with_waste_sink,source_processing=栃木県公式PDFをAdobe AcrobatでExcelへ変換。変換後の元データをsheet1に保持し、正規化処理のためsheet2・sheet3へ手作業で整理。normalized CSVはsheet2・sheet3から生成
09,栃木県,09364,野木町,,野木町役場本館,,,,野木町丸林 571,,,,yes,,,,,,,,yes,,,,,,,,,,,,,,,,,,,,ostomate_toilet_list,栃木県 オストメイト対応トイレ一覧表,https://www.pref.tochigi.lg.jp/e05/welfare/shougaisha/fukushi/documents/20260805165831.pdf,2026-05-01,sheet2:264,ostomate_type=multipurpose_toilet_with_waste_sink,source_processing=栃木県公式PDFをAdobe AcrobatでExcelへ変換。変換後の元データをsheet1に保持し、正規化処理のためsheet2・sheet3へ手作業で整理。normalized CSVはsheet2・sheet3から生成
09,栃木県,09364,野木町,,日東工業エニスホール（野木町文化会館）,,,,野木町友沼 181,,,,,,,,,,,,yes,,,,,,,,,,,,,,,,,,,,ostomate_toilet_list,栃木県 オストメイト対応トイレ一覧表,https://www.pref.tochigi.lg.jp/e05/welfare/shougaisha/fukushi/documents/20260805165831.pdf,2026-05-01,sheet2:265,ostomate_type=simple_pouch_washing_faucet,source_processing=栃木県公式PDFをAdobe AcrobatでExcelへ変換。変換後の元データをsheet1に保持し、正規化処理のためsheet2・sheet3へ手作業で整理。normalized CSVはsheet2・sheet3から生成
09,栃木県,09364,野木町,,野木町交流センター野木ホフマン館,,,,野木町野木 3324-10,,,,,,,,,,,,yes,,,,,,,,,,,,,,,,,,,,ostomate_toilet_list,栃木県 オストメイト対応トイレ一覧表,https://www.pref.tochigi.lg.jp/e05/welfare/shougaisha/fukushi/documents/20260805165831.pdf,2026-05-01,sheet2:266,ostomate_type=simple_pouch_washing_faucet,source_processing=栃木県公式PDFをAdobe AcrobatでExcelへ変換。変換後の元データをsheet1に保持し、正規化処理のためsheet2・sheet3へ手作業で整理。normalized CSVはsheet2・sheet3から生成
09,栃木県,09364,野木町,,野木町総合サポートセンターひまわり館,,,,野木町丸林 582-1,,,,yes,,,,,,,,yes,,,,,,,,,,,,,,,,,,,,ostomate_toilet_list,栃木県 オストメイト対応トイレ一覧表,https://www.pref.tochigi.lg.jp/e05/welfare/shougaisha/fukushi/documents/20260805165831.pdf,2026-05-01,sheet2:267,ostomate_type=multipurpose_toilet_with_waste_sink,source_processing=栃木県公式PDFをAdobe AcrobatでExcelへ変換。変換後の元データをsheet1に保持し、正規化処理のためsheet2・sheet3へ手作業で整理。normalized CSVはsheet2・sheet3から生成
09,栃木県,09384,塩谷町,,塩谷町役場,,,,塩谷町玉生 955-3,,,,yes,,,,,,,,yes,,,,,,,,,,,,,,,,,,,,ostomate_toilet_list,栃木県 オストメイト対応トイレ一覧表,https://www.pref.tochigi.lg.jp/e05/welfare/shougaisha/fukushi/documents/20260805165831.pdf,2026-05-01,sheet2:268,ostomate_type=multipurpose_toilet_with_waste_sink,source_processing=栃木県公式PDFをAdobe AcrobatでExcelへ変換。変換後の元データをsheet1に保持し、正規化処理のためsheet2・sheet3へ手作業で整理。normalized CSVはsheet2・sheet3から生成
09,栃木県,09407,那須町,,那須町役場,,,,那須町寺子丙 3-13,,,,yes,,,,,,,,yes,,,,,,,,,,,,,,,,,,,,ostomate_toilet_list,栃木県 オストメイト対応トイレ一覧表,https://www.pref.tochigi.lg.jp/e05/welfare/shougaisha/fukushi/documents/20260805165831.pdf,2026-05-01,sheet2:269,ostomate_type=multipurpose_toilet_with_waste_sink,source_processing=栃木県公式PDFをAdobe AcrobatでExcelへ変換。変換後の元データをsheet1に保持し、正規化処理のためsheet2・sheet3へ手作業で整理。normalized CSVはsheet2・sheet3から生成
09,栃木県,09407,那須町,,ゆめプラザ・那須,,,,那須町寺子乙 2566-1,,,,yes,,,,,,,,yes,,,,,,,,,,,,,,,,,,,,ostomate_toilet_list,栃木県 オストメイト対応トイレ一覧表,https://www.pref.tochigi.lg.jp/e05/welfare/shougaisha/fukushi/documents/20260805165831.pdf,2026-05-01,sheet2:270,ostomate_type=multipurpose_toilet_with_waste_sink,source_processing=栃木県公式PDFをAdobe AcrobatでExcelへ変換。変換後の元データをsheet1に保持し、正規化処理のためsheet2・sheet3へ手作業で整理。normalized CSVはsheet2・sheet3から生成
09,栃木県,09407,那須町,,殺生石園地公衆トイレ,,,,那須町湯本上山地内,,,,yes,,,,,,,,yes,,,,,,,,,,,,,,,,,,,,ostomate_toilet_list,栃木県 オストメイト対応トイレ一覧表,https://www.pref.tochigi.lg.jp/e05/welfare/shougaisha/fukushi/documents/20260805165831.pdf,2026-05-01,sheet2:271,ostomate_type=multipurpose_toilet_with_waste_sink,source_processing=栃木県公式PDFをAdobe AcrobatでExcelへ変換。変換後の元データをsheet1に保持し、正規化処理のためsheet2・sheet3へ手作業で整理。normalized CSVはsheet2・sheet3から生成
09,栃木県,09407,那須町,,那須高原ビジターセンター,,,,那須町湯本 207-2,,,,yes,,,,,,,,yes,,,,,,,,,,,,,,,,,,,,ostomate_toilet_list,栃木県 オストメイト対応トイレ一覧表,https://www.pref.tochigi.lg.jp/e05/welfare/shougaisha/fukushi/documents/20260805165831.pdf,2026-05-01,sheet2:272,ostomate_type=multipurpose_toilet_with_waste_sink,source_processing=栃木県公式PDFをAdobe AcrobatでExcelへ変換。変換後の元データをsheet1に保持し、正規化処理のためsheet2・sheet3へ手作業で整理。normalized CSVはsheet2・sheet3から生成
09,栃木県,09407,那須町,,那須平成の森フィールドセンター,,,,那須町高久丙 3254,,,,yes,,,,,,,,yes,,,,,,,,,,,,,,,,,,,,ostomate_toilet_list,栃木県 オストメイト対応トイレ一覧表,https://www.pref.tochigi.lg.jp/e05/welfare/shougaisha/fukushi/documents/20260805165831.pdf,2026-05-01,sheet2:273,ostomate_type=multipurpose_toilet_with_waste_sink,source_processing=栃木県公式PDFをAdobe AcrobatでExcelへ変換。変換後の元データをsheet1に保持し、正規化処理のためsheet2・sheet3へ手作業で整理。normalized CSVはsheet2・sheet3から生成
09,栃木県,09411,那珂川町,,那珂川町役場,,,,那珂川町馬頭 555,,,,yes,,,,,,,,yes,,,,,,,,,,,,,,,,,,,,ostomate_toilet_list,栃木県 オストメイト対応トイレ一覧表,https://www.pref.tochigi.lg.jp/e05/welfare/shougaisha/fukushi/documents/20260805165831.pdf,2026-05-01,sheet2:274,ostomate_type=multipurpose_toilet_with_waste_sink,source_processing=栃木県公式PDFをAdobe AcrobatでExcelへ変換。変換後の元データをsheet1に保持し、正規化処理のためsheet2・sheet3へ手作業で整理。normalized CSVはsheet2・sheet3から生成
09,栃木県,09411,那珂川町,,那珂川町馬頭総合福祉センター,,,,那珂川町馬頭 560-1,,,,yes,,,,,,,,yes,,,,,,,,,,,,,,,,,,,,ostomate_toilet_list,栃木県 オストメイト対応トイレ一覧表,https://www.pref.tochigi.lg.jp/e05/welfare/shougaisha/fukushi/documents/20260805165831.pdf,2026-05-01,sheet2:275,ostomate_type=multipurpose_toilet_with_waste_sink,source_processing=栃木県公式PDFをAdobe AcrobatでExcelへ変換。変換後の元データをsheet1に保持し、正規化処理のためsheet2・sheet3へ手作業で整理。normalized CSVはsheet2・sheet3から生成
09,栃木県,09411,那珂川町,,那珂川町立馬頭中学校体育館,,,,那珂川町馬頭 2558-1,,,,yes,,,,,,,,yes,,,,,,,,,,,,,,,,,,,,ostomate_toilet_list,栃木県 オストメイト対応トイレ一覧表,https://www.pref.tochigi.lg.jp/e05/welfare/shougaisha/fukushi/documents/20260805165831.pdf,2026-05-01,sheet2:276,ostomate_type=multipurpose_toilet_with_waste_sink,source_processing=栃木県公式PDFをAdobe AcrobatでExcelへ変換。変換後の元データをsheet1に保持し、正規化処理のためsheet2・sheet3へ手作業で整理。normalized CSVはsheet2・sheet3から生成
09,栃木県,09411,那珂川町,,那珂川町小川総合福祉センター,,,,那珂川町小川 1065,,,,yes,,,,,,,,yes,,,,,,,,,,,,,,,,,,,,ostomate_toilet_list,栃木県 オストメイト対応トイレ一覧表,https://www.pref.tochigi.lg.jp/e05/welfare/shougaisha/fukushi/documents/20260805165831.pdf,2026-05-01,sheet2:277,ostomate_type=multipurpose_toilet_with_waste_sink,source_processing=栃木県公式PDFをAdobe AcrobatでExcelへ変換。変換後の元データをsheet1に保持し、正規化処理のためsheet2・sheet3へ手作業で整理。normalized CSVはsheet2・sheet3から生成
09,栃木県,09411,那珂川町,,エコグリーンとちぎ,,,,那珂川町和見 1918,,,,yes,,,,,,,,yes,,,,,,,,,,,,,,,,,,,,ostomate_toilet_list,栃木県 オストメイト対応トイレ一覧表,https://www.pref.tochigi.lg.jp/e05/welfare/shougaisha/fukushi/documents/20260805165831.pdf,2026-05-01,sheet2:278,ostomate_type=multipurpose_toilet_with_waste_sink,source_processing=栃木県公式PDFをAdobe AcrobatでExcelへ変換。変換後の元データをsheet1に保持し、正規化処理のためsheet2・sheet3へ手作業で整理。normalized CSVはsheet2・sheet3から生成
08,茨城県,08234,鉾田市,,とちぎ海浜自然の家,,,,茨城県鉾田市玉田 336-2,,,,yes,,,,,,,,yes,,,,,,,,,,,,,,,,,,,,ostomate_toilet_list,栃木県 オストメイト対応トイレ一覧表,https://www.pref.tochigi.lg.jp/e05/welfare/shougaisha/fukushi/documents/20260805165831.pdf,2026-05-01,sheet2:279,ostomate_type=multipurpose_toilet_with_waste_sink,source_processing=栃木県公式PDFをAdobe AcrobatでExcelへ変換。変換後の元データをsheet1に保持し、正規化処理のためsheet2・sheet3へ手作業で整理。normalized CSVはsheet2・sheet3から生成
09,栃木県,09201,宇都宮市,,宇都宮駅,,,,,,,,yes,,,,,,,,yes,,,,,,,,,,,,,,,,,,,,ostomate_toilet_list,栃木県 オストメイト対応トイレ一覧表,https://www.pref.tochigi.lg.jp/e05/welfare/shougaisha/fukushi/documents/20260805165831.pdf,2026-05-01,sheet3:2:1,ostomate_type=multipurpose_toilet_with_waste_sink,source_processing=栃木県公式PDFをAdobe AcrobatでExcelへ変換。変換後の元データをsheet1に保持し、正規化処理のためsheet2・sheet3へ手作業で整理。normalized CSVはsheet2・sheet3から生成 | operator=JR 東日本
09,栃木県,09201,宇都宮市,,雀宮駅,,,,,,,,yes,,,,,,,,yes,,,,,,,,,,,,,,,,,,,,ostomate_toilet_list,栃木県 オストメイト対応トイレ一覧表,https://www.pref.tochigi.lg.jp/e05/welfare/shougaisha/fukushi/documents/20260805165831.pdf,2026-05-01,sheet3:2:2,ostomate_type=multipurpose_toilet_with_waste_sink,source_processing=栃木県公式PDFをAdobe AcrobatでExcelへ変換。変換後の元データをsheet1に保持し、正規化処理のためsheet2・sheet3へ手作業で整理。normalized CSVはsheet2・sheet3から生成 | operator=JR 東日本
09,栃木県,09208,小山市,,小山駅,,,,,,,,yes,,,,,,,,yes,,,,,,,,,,,,,,,,,,,,ostomate_toilet_list,栃木県 オストメイト対応トイレ一覧表,https://www.pref.tochigi.lg.jp/e05/welfare/shougaisha/fukushi/documents/20260805165831.pdf,2026-05-01,sheet3:2:3,ostomate_type=multipurpose_toilet_with_waste_sink,source_processing=栃木県公式PDFをAdobe AcrobatでExcelへ変換。変換後の元データをsheet1に保持し、正規化処理のためsheet2・sheet3へ手作業で整理。normalized CSVはsheet2・sheet3から生成 | operator=JR 東日本
09,栃木県,09216,下野市,,自治医大駅,,,,,,,,yes,,,,,,,,yes,,,,,,,,,,,,,,,,,,,,ostomate_toilet_list,栃木県 オストメイト対応トイレ一覧表,https://www.pref.tochigi.lg.jp/e05/welfare/shougaisha/fukushi/documents/20260805165831.pdf,2026-05-01,sheet3:2:4,ostomate_type=multipurpose_toilet_with_waste_sink,source_processing=栃木県公式PDFをAdobe AcrobatでExcelへ変換。変換後の元データをsheet1に保持し、正規化処理のためsheet2・sheet3へ手作業で整理。normalized CSVはsheet2・sheet3から生成 | operator=JR 東日本
09,栃木県,09364,野木町,,野木駅,,,,,,,,yes,,,,,,,,yes,,,,,,,,,,,,,,,,,,,,ostomate_toilet_list,栃木県 オストメイト対応トイレ一覧表,https://www.pref.tochigi.lg.jp/e05/welfare/shougaisha/fukushi/documents/20260805165831.pdf,2026-05-01,sheet3:2:5,ostomate_type=multipurpose_toilet_with_waste_sink,source_processing=栃木県公式PDFをAdobe AcrobatでExcelへ変換。変換後の元データをsheet1に保持し、正規化処理のためsheet2・sheet3へ手作業で整理。normalized CSVはsheet2・sheet3から生成 | operator=JR 東日本
09,栃木県,09208,小山市,,間々田駅,,,,,,,,yes,,,,,,,,yes,,,,,,,,,,,,,,,,,,,,ostomate_toilet_list,栃木県 オストメイト対応トイレ一覧表,https://www.pref.tochigi.lg.jp/e05/welfare/shougaisha/fukushi/documents/20260805165831.pdf,2026-05-01,sheet3:2:6,ostomate_type=multipurpose_toilet_with_waste_sink,source_processing=栃木県公式PDFをAdobe AcrobatでExcelへ変換。変換後の元データをsheet1に保持し、正規化処理のためsheet2・sheet3へ手作業で整理。normalized CSVはsheet2・sheet3から生成 | operator=JR 東日本
09,栃木県,09216,下野市,,小金井駅,,,,,,,,yes,,,,,,,,yes,,,,,,,,,,,,,,,,,,,,ostomate_toilet_list,栃木県 オストメイト対応トイレ一覧表,https://www.pref.tochigi.lg.jp/e05/welfare/shougaisha/fukushi/documents/20260805165831.pdf,2026-05-01,sheet3:2:7,ostomate_type=multipurpose_toilet_with_waste_sink,source_processing=栃木県公式PDFをAdobe AcrobatでExcelへ変換。変換後の元データをsheet1に保持し、正規化処理のためsheet2・sheet3へ手作業で整理。normalized CSVはsheet2・sheet3から生成 | operator=JR 東日本
09,栃木県,09213,那須塩原市,,那須塩原駅,,,,,,,,yes,,,,,,,,yes,,,,,,,,,,,,,,,,,,,,ostomate_toilet_list,栃木県 オストメイト対応トイレ一覧表,https://www.pref.tochigi.lg.jp/e05/welfare/shougaisha/fukushi/documents/20260805165831.pdf,2026-05-01,sheet3:2:8,ostomate_type=multipurpose_toilet_with_waste_sink,source_processing=栃木県公式PDFをAdobe AcrobatでExcelへ変換。変換後の元データをsheet1に保持し、正規化処理のためsheet2・sheet3へ手作業で整理。normalized CSVはsheet2・sheet3から生成 | operator=JR 東日本
09,栃木県,09213,那須塩原市,,西那須野駅,,,,,,,,yes,,,,,,,,yes,,,,,,,,,,,,,,,,,,,,ostomate_toilet_list,栃木県 オストメイト対応トイレ一覧表,https://www.pref.tochigi.lg.jp/e05/welfare/shougaisha/fukushi/documents/20260805165831.pdf,2026-05-01,sheet3:2:9,ostomate_type=multipurpose_toilet_with_waste_sink,source_processing=栃木県公式PDFをAdobe AcrobatでExcelへ変換。変換後の元データをsheet1に保持し、正規化処理のためsheet2・sheet3へ手作業で整理。normalized CSVはsheet2・sheet3から生成 | operator=JR 東日本
09,栃木県,09213,那須塩原市,,黒磯駅,,,,,,,,yes,,,,,,,,yes,,,,,,,,,,,,,,,,,,,,ostomate_toilet_list,栃木県 オストメイト対応トイレ一覧表,https://www.pref.tochigi.lg.jp/e05/welfare/shougaisha/fukushi/documents/20260805165831.pdf,2026-05-01,sheet3:2:10,ostomate_type=multipurpose_toilet_with_waste_sink,source_processing=栃木県公式PDFをAdobe AcrobatでExcelへ変換。変換後の元データをsheet1に保持し、正規化処理のためsheet2・sheet3へ手作業で整理。normalized CSVはsheet2・sheet3から生成 | operator=JR 東日本
09,栃木県,09211,矢板市,,矢板駅,,,,,,,,yes,,,,,,,,yes,,,,,,,,,,,,,,,,,,,,ostomate_toilet_list,栃木県 オストメイト対応トイレ一覧表,https://www.pref.tochigi.lg.jp/e05/welfare/shougaisha/fukushi/documents/20260805165831.pdf,2026-05-01,sheet3:2:11,ostomate_type=multipurpose_toilet_with_waste_sink,source_processing=栃木県公式PDFをAdobe AcrobatでExcelへ変換。変換後の元データをsheet1に保持し、正規化処理のためsheet2・sheet3へ手作業で整理。normalized CSVはsheet2・sheet3から生成 | operator=JR 東日本
09,栃木県,09206,日光市,,日光駅,,,,,,,,,,,,,,,,yes,,,,,,,,,,,,,,,,,,,,ostomate_toilet_list,栃木県 オストメイト対応トイレ一覧表,https://www.pref.tochigi.lg.jp/e05/welfare/shougaisha/fukushi/documents/20260805165831.pdf,2026-05-01,sheet3:2:12,ostomate_type=simple_pouch_washing_faucet,source_processing=栃木県公式PDFをAdobe AcrobatでExcelへ変換。変換後の元データをsheet1に保持し、正規化処理のためsheet2・sheet3へ手作業で整理。normalized CSVはsheet2・sheet3から生成 | operator=JR 東日本
09,栃木県,09203,栃木市,,栃木駅,,,,,,,,yes,,,,,,,,yes,,,,,,,,,,,,,,,,,,,,ostomate_toilet_list,栃木県 オストメイト対応トイレ一覧表,https://www.pref.tochigi.lg.jp/e05/welfare/shougaisha/fukushi/documents/20260805165831.pdf,2026-05-01,sheet3:2:13,ostomate_type=multipurpose_toilet_with_waste_sink,source_processing=栃木県公式PDFをAdobe AcrobatでExcelへ変換。変換後の元データをsheet1に保持し、正規化処理のためsheet2・sheet3へ手作業で整理。normalized CSVはsheet2・sheet3から生成 | operator=JR 東日本
09,栃木県,09204,佐野市,,佐野駅,,,,,,,,yes,,,,,,,,yes,,,,,,,,,,,,,,,,,,,,ostomate_toilet_list,栃木県 オストメイト対応トイレ一覧表,https://www.pref.tochigi.lg.jp/e05/welfare/shougaisha/fukushi/documents/20260805165831.pdf,2026-05-01,sheet3:2:14,ostomate_type=multipurpose_toilet_with_waste_sink,source_processing=栃木県公式PDFをAdobe AcrobatでExcelへ変換。変換後の元データをsheet1に保持し、正規化処理のためsheet2・sheet3へ手作業で整理。normalized CSVはsheet2・sheet3から生成 | operator=JR 東日本
09,栃木県,09202,足利市,,足利駅,,,,,,,,yes,,,,,,,,yes,,,,,,,,,,,,,,,,,,,,ostomate_toilet_list,栃木県 オストメイト対応トイレ一覧表,https://www.pref.tochigi.lg.jp/e05/welfare/shougaisha/fukushi/documents/20260805165831.pdf,2026-05-01,sheet3:2:15,ostomate_type=multipurpose_toilet_with_waste_sink,source_processing=栃木県公式PDFをAdobe AcrobatでExcelへ変換。変換後の元データをsheet1に保持し、正規化処理のためsheet2・sheet3へ手作業で整理。normalized CSVはsheet2・sheet3から生成 | operator=JR 東日本
09,栃木県,09205,鹿沼市,,鹿沼駅,,,,,,,,yes,,,,,,,,yes,,,,,,,,,,,,,,,,,,,,ostomate_toilet_list,栃木県 オストメイト対応トイレ一覧表,https://www.pref.tochigi.lg.jp/e05/welfare/shougaisha/fukushi/documents/20260805165831.pdf,2026-05-01,sheet3:2:16,ostomate_type=multipurpose_toilet_with_waste_sink,source_processing=栃木県公式PDFをAdobe AcrobatでExcelへ変換。変換後の元データをsheet1に保持し、正規化処理のためsheet2・sheet3へ手作業で整理。normalized CSVはsheet2・sheet3から生成 | operator=JR 東日本
09,栃木県,09201,宇都宮市,,東武宇都宮駅,,,,,,,,yes,,,,,,,,yes,,,,,,,,,,,,,,,,,,,,ostomate_toilet_list,栃木県 オストメイト対応トイレ一覧表,https://www.pref.tochigi.lg.jp/e05/welfare/shougaisha/fukushi/documents/20260805165831.pdf,2026-05-01,sheet3:3:1,ostomate_type=multipurpose_toilet_with_waste_sink,source_processing=栃木県公式PDFをAdobe AcrobatでExcelへ変換。変換後の元データをsheet1に保持し、正規化処理のためsheet2・sheet3へ手作業で整理。normalized CSVはsheet2・sheet3から生成 | operator=東武鉄道
09,栃木県,09202,足利市,,足利市駅,,,,,,,,yes,,,,,,,,yes,,,,,,,,,,,,,,,,,,,,ostomate_toilet_list,栃木県 オストメイト対応トイレ一覧表,https://www.pref.tochigi.lg.jp/e05/welfare/shougaisha/fukushi/documents/20260805165831.pdf,2026-05-01,sheet3:3:2,ostomate_type=multipurpose_toilet_with_waste_sink,source_processing=栃木県公式PDFをAdobe AcrobatでExcelへ変換。変換後の元データをsheet1に保持し、正規化処理のためsheet2・sheet3へ手作業で整理。normalized CSVはsheet2・sheet3から生成 | operator=東武鉄道
09,栃木県,09203,栃木市,,栃木駅,,,,,,,,,,,,,,,,yes,,,,,,,,,,,,,,,,,,,,ostomate_toilet_list,栃木県 オストメイト対応トイレ一覧表,https://www.pref.tochigi.lg.jp/e05/welfare/shougaisha/fukushi/documents/20260805165831.pdf,2026-05-01,sheet3:3:3,ostomate_type=simple_pouch_washing_faucet,source_processing=栃木県公式PDFをAdobe AcrobatでExcelへ変換。変換後の元データをsheet1に保持し、正規化処理のためsheet2・sheet3へ手作業で整理。normalized CSVはsheet2・sheet3から生成 | operator=東武鉄道
09,栃木県,09203,栃木市,,新栃木駅,,,,,,,,yes,,,,,,,,yes,,,,,,,,,,,,,,,,,,,,ostomate_toilet_list,栃木県 オストメイト対応トイレ一覧表,https://www.pref.tochigi.lg.jp/e05/welfare/shougaisha/fukushi/documents/20260805165831.pdf,2026-05-01,sheet3:3:4,ostomate_type=multipurpose_toilet_with_waste_sink,source_processing=栃木県公式PDFをAdobe AcrobatでExcelへ変換。変換後の元データをsheet1に保持し、正規化処理のためsheet2・sheet3へ手作業で整理。normalized CSVはsheet2・sheet3から生成 | operator=東武鉄道
09,栃木県,09206,日光市,,鬼怒川温泉駅,,,,,,,,yes,,,,,,,,yes,,,,,,,,,,,,,,,,,,,,ostomate_toilet_list,栃木県 オストメイト対応トイレ一覧表,https://www.pref.tochigi.lg.jp/e05/welfare/shougaisha/fukushi/documents/20260805165831.pdf,2026-05-01,sheet3:3:5,ostomate_type=multipurpose_toilet_with_waste_sink,source_processing=栃木県公式PDFをAdobe AcrobatでExcelへ変換。変換後の元データをsheet1に保持し、正規化処理のためsheet2・sheet3へ手作業で整理。normalized CSVはsheet2・sheet3から生成 | operator=東武鉄道
09,栃木県,09206,日光市,,鬼怒川公園駅,,,,,,,,yes,,,,,,,,yes,,,,,,,,,,,,,,,,,,,,ostomate_toilet_list,栃木県 オストメイト対応トイレ一覧表,https://www.pref.tochigi.lg.jp/e05/welfare/shougaisha/fukushi/documents/20260805165831.pdf,2026-05-01,sheet3:3:6,ostomate_type=multipurpose_toilet_with_waste_sink,source_processing=栃木県公式PDFをAdobe AcrobatでExcelへ変換。変換後の元データをsheet1に保持し、正規化処理のためsheet2・sheet3へ手作業で整理。normalized CSVはsheet2・sheet3から生成 | operator=東武鉄道
09,栃木県,09206,日光市,,東武日光駅,,,,,,,,yes,,,,,,,,yes,,,,,,,,,,,,,,,,,,,,ostomate_toilet_list,栃木県 オストメイト対応トイレ一覧表,https://www.pref.tochigi.lg.jp/e05/welfare/shougaisha/fukushi/documents/20260805165831.pdf,2026-05-01,sheet3:3:7,ostomate_type=multipurpose_toilet_with_waste_sink,source_processing=栃木県公式PDFをAdobe AcrobatでExcelへ変換。変換後の元データをsheet1に保持し、正規化処理のためsheet2・sheet3へ手作業で整理。normalized CSVはsheet2・sheet3から生成 | operator=東武鉄道
09,栃木県,09206,日光市,,東武鬼怒川温泉駅,,,,,,,,yes,,,,,,,,yes,,,,,,,,,,,,,,,,,,,,ostomate_toilet_list,栃木県 オストメイト対応トイレ一覧表,https://www.pref.tochigi.lg.jp/e05/welfare/shougaisha/fukushi/documents/20260805165831.pdf,2026-05-01,sheet3:3:8,ostomate_type=multipurpose_toilet_with_waste_sink,source_processing=栃木県公式PDFをAdobe AcrobatでExcelへ変換。変換後の元データをsheet1に保持し、正規化処理のためsheet2・sheet3へ手作業で整理。normalized CSVはsheet2・sheet3から生成 | operator=東武鉄道
09,栃木県,09206,日光市,,東武鬼怒川公園駅,,,,,,,,yes,,,,,,,,yes,,,,,,,,,,,,,,,,,,,,ostomate_toilet_list,栃木県 オストメイト対応トイレ一覧表,https://www.pref.tochigi.lg.jp/e05/welfare/shougaisha/fukushi/documents/20260805165831.pdf,2026-05-01,sheet3:3:9,ostomate_type=multipurpose_toilet_with_waste_sink,source_processing=栃木県公式PDFをAdobe AcrobatでExcelへ変換。変換後の元データをsheet1に保持し、正規化処理のためsheet2・sheet3へ手作業で整理。normalized CSVはsheet2・sheet3から生成 | operator=東武鉄道
09,栃木県,09204,佐野市,,佐野ＳＡ,,,,,,,,yes,,,,,,,,yes,,,,,,,,,,,,,,,,,,,,ostomate_toilet_list,栃木県 オストメイト対応トイレ一覧表,https://www.pref.tochigi.lg.jp/e05/welfare/shougaisha/fukushi/documents/20260805165831.pdf,2026-05-01,sheet3:4:1,ostomate_type=multipurpose_toilet_with_waste_sink,source_processing=栃木県公式PDFをAdobe AcrobatでExcelへ変換。変換後の元データをsheet1に保持し、正規化処理のためsheet2・sheet3へ手作業で整理。normalized CSVはsheet2・sheet3から生成 | operator=NEXCO 東日本
09,栃木県,09201,宇都宮市,,大谷ＰＡ,,,,,,,,yes,,,,,,,,yes,,,,,,,,,,,,,,,,,,,,ostomate_toilet_list,栃木県 オストメイト対応トイレ一覧表,https://www.pref.tochigi.lg.jp/e05/welfare/shougaisha/fukushi/documents/20260805165831.pdf,2026-05-01,sheet3:4:2,ostomate_type=multipurpose_toilet_with_waste_sink,source_processing=栃木県公式PDFをAdobe AcrobatでExcelへ変換。変換後の元データをsheet1に保持し、正規化処理のためsheet2・sheet3へ手作業で整理。normalized CSVはsheet2・sheet3から生成 | operator=NEXCO 東日本
09,栃木県,09361,壬生町,,壬生ＰＡ,,,,,,,,yes,,,,,,,,yes,,,,,,,,,,,,,,,,,,,,ostomate_toilet_list,栃木県 オストメイト対応トイレ一覧表,https://www.pref.tochigi.lg.jp/e05/welfare/shougaisha/fukushi/documents/20260805165831.pdf,2026-05-01,sheet3:4:3,ostomate_type=multipurpose_toilet_with_waste_sink,source_processing=栃木県公式PDFをAdobe AcrobatでExcelへ変換。変換後の元データをsheet1に保持し、正規化処理のためsheet2・sheet3へ手作業で整理。normalized CSVはsheet2・sheet3から生成 | operator=NEXCO 東日本
09,栃木県,09407,那須町,,那須高原ＳＡ,,,,,,,,yes,,,,,,,,yes,,,,,,,,,,,,,,,,,,,,ostomate_toilet_list,栃木県 オストメイト対応トイレ一覧表,https://www.pref.tochigi.lg.jp/e05/welfare/shougaisha/fukushi/documents/20260805165831.pdf,2026-05-01,sheet3:4:4,ostomate_type=multipurpose_toilet_with_waste_sink,source_processing=栃木県公式PDFをAdobe AcrobatでExcelへ変換。変換後の元データをsheet1に保持し、正規化処理のためsheet2・sheet3へ手作業で整理。normalized CSVはsheet2・sheet3から生成 | operator=NEXCO 東日本
09,栃木県,09201,宇都宮市,,うつのみや ろまんちっく村,,,,宇都宮市新里町丙 254,,,,yes,,,,,,,,yes,,,,,,,,,,,,,,,,,,,,ostomate_toilet_list,栃木県 オストメイト対応トイレ一覧表,https://www.pref.tochigi.lg.jp/e05/welfare/shougaisha/fukushi/documents/20260805165831.pdf,2026-05-01,sheet3:5,ostomate_type=multipurpose_toilet_with_waste_sink,source_processing=栃木県公式PDFをAdobe AcrobatでExcelへ変換。変換後の元データをsheet1に保持し、正規化処理のためsheet2・sheet3へ手作業で整理。normalized CSVはsheet2・sheet3から生成 | operator=道の駅
09,栃木県,09204,佐野市,,どまんなかたぬま,,,,佐野市吉水町 366-2,,,,yes,,,,,,,,yes,,,,,,,,,,,,,,,,,,,,ostomate_toilet_list,栃木県 オストメイト対応トイレ一覧表,https://www.pref.tochigi.lg.jp/e05/welfare/shougaisha/fukushi/documents/20260805165831.pdf,2026-05-01,sheet3:6,ostomate_type=multipurpose_toilet_with_waste_sink,source_processing=栃木県公式PDFをAdobe AcrobatでExcelへ変換。変換後の元データをsheet1に保持し、正規化処理のためsheet2・sheet3へ手作業で整理。normalized CSVはsheet2・sheet3から生成 | operator=道の駅
09,栃木県,09208,小山市,,思川,,,,小山市下国府塚 25-1,,,,,,,,,,,,yes,,,,,,,,,,,,,,,,,,,,ostomate_toilet_list,栃木県 オストメイト対応トイレ一覧表,https://www.pref.tochigi.lg.jp/e05/welfare/shougaisha/fukushi/documents/20260805165831.pdf,2026-05-01,sheet3:7,ostomate_type=simple_pouch_washing_faucet,source_processing=栃木県公式PDFをAdobe AcrobatでExcelへ変換。変換後の元データをsheet1に保持し、正規化処理のためsheet2・sheet3へ手作業で整理。normalized CSVはsheet2・sheet3から生成 | operator=道の駅
09,栃木県,09214,さくら市,,きつれがわ,,,,さくら市喜連川 4145-10,,,,yes,,,,,,,,yes,,,,,,,,,,,,,,,,,,,,ostomate_toilet_list,栃木県 オストメイト対応トイレ一覧表,https://www.pref.tochigi.lg.jp/e05/welfare/shougaisha/fukushi/documents/20260805165831.pdf,2026-05-01,sheet3:8,ostomate_type=multipurpose_toilet_with_waste_sink,source_processing=栃木県公式PDFをAdobe AcrobatでExcelへ変換。変換後の元データをsheet1に保持し、正規化処理のためsheet2・sheet3へ手作業で整理。normalized CSVはsheet2・sheet3から生成 | operator=道の駅
09,栃木県,09345,芳賀町,,はが,,,,芳賀町祖母井 842-1,,,,yes,,,,,,,,yes,,,,,,,,,,,,,,,,,,,,ostomate_toilet_list,栃木県 オストメイト対応トイレ一覧表,https://www.pref.tochigi.lg.jp/e05/welfare/shougaisha/fukushi/documents/20260805165831.pdf,2026-05-01,sheet3:9,ostomate_type=multipurpose_toilet_with_waste_sink,source_processing=栃木県公式PDFをAdobe AcrobatでExcelへ変換。変換後の元データをsheet1に保持し、正規化処理のためsheet2・sheet3へ手作業で整理。normalized CSVはsheet2・sheet3から生成 | operator=道の駅
09,栃木県,09203,栃木市,,みかも,,,,栃木市藤岡町大田和 678,,,,yes,,,,,,,,yes,,,,,,,,,,,,,,,,,,,,ostomate_toilet_list,栃木県 オストメイト対応トイレ一覧表,https://www.pref.tochigi.lg.jp/e05/welfare/shougaisha/fukushi/documents/20260805165831.pdf,2026-05-01,sheet3:10,ostomate_type=multipurpose_toilet_with_waste_sink,source_processing=栃木県公式PDFをAdobe AcrobatでExcelへ変換。変換後の元データをsheet1に保持し、正規化処理のためsheet2・sheet3へ手作業で整理。normalized CSVはsheet2・sheet3から生成 | operator=道の駅
09,栃木県,09343,茂木町,,もてぎ,,,,茂木町茂木 1090-1,,,,yes,,,,,,,,yes,,,,,,,,,,,,,,,,,,,,ostomate_toilet_list,栃木県 オストメイト対応トイレ一覧表,https://www.pref.tochigi.lg.jp/e05/welfare/shougaisha/fukushi/documents/20260805165831.pdf,2026-05-01,sheet3:11,ostomate_type=multipurpose_toilet_with_waste_sink,source_processing=栃木県公式PDFをAdobe AcrobatでExcelへ変換。変換後の元データをsheet1に保持し、正規化処理のためsheet2・sheet3へ手作業で整理。normalized CSVはsheet2・sheet3から生成 | operator=道の駅
09,栃木県,09203,栃木市,,にしかた,,,,栃木市西方町元 369-1,,,,yes,,,,,,,,yes,,,,,,,,,,,,,,,,,,,,ostomate_toilet_list,栃木県 オストメイト対応トイレ一覧表,https://www.pref.tochigi.lg.jp/e05/welfare/shougaisha/fukushi/documents/20260805165831.pdf,2026-05-01,sheet3:12,ostomate_type=multipurpose_toilet_with_waste_sink,source_processing=栃木県公式PDFをAdobe AcrobatでExcelへ変換。変換後の元データをsheet1に保持し、正規化処理のためsheet2・sheet3へ手作業で整理。normalized CSVはsheet2・sheet3から生成 | operator=道の駅
09,栃木県,09407,那須町,,那須高原友愛の森,,,,那須町高久乙 593-8,,,,yes,,,,,,,,yes,,,,,,,,,,,,,,,,,,,,ostomate_toilet_list,栃木県 オストメイト対応トイレ一覧表,https://www.pref.tochigi.lg.jp/e05/welfare/shougaisha/fukushi/documents/20260805165831.pdf,2026-05-01,sheet3:13,ostomate_type=multipurpose_toilet_with_waste_sink,source_processing=栃木県公式PDFをAdobe AcrobatでExcelへ変換。変換後の元データをsheet1に保持し、正規化処理のためsheet2・sheet3へ手作業で整理。normalized CSVはsheet2・sheet3から生成 | operator=道の駅
09,栃木県,09211,矢板市,,やいた,,,,矢板市矢板 114-1,,,,yes,,,,,,,,yes,,,,,,,,,,,,,,,,,,,,ostomate_toilet_list,栃木県 オストメイト対応トイレ一覧表,https://www.pref.tochigi.lg.jp/e05/welfare/shougaisha/fukushi/documents/20260805165831.pdf,2026-05-01,sheet3:14,ostomate_type=multipurpose_toilet_with_waste_sink,source_processing=栃木県公式PDFをAdobe AcrobatでExcelへ変換。変換後の元データをsheet1に保持し、正規化処理のためsheet2・sheet3へ手作業で整理。normalized CSVはsheet2・sheet3から生成 | operator=道の駅
09,栃木県,09216,下野市,,しもつけ,,,,下野市薬師寺 41,,,,yes,,,,,,,,yes,,,,,,,,,,,,,,,,,,,,ostomate_toilet_list,栃木県 オストメイト対応トイレ一覧表,https://www.pref.tochigi.lg.jp/e05/welfare/shougaisha/fukushi/documents/20260805165831.pdf,2026-05-01,sheet3:15,ostomate_type=multipurpose_toilet_with_waste_sink,source_processing=栃木県公式PDFをAdobe AcrobatでExcelへ変換。変換後の元データをsheet1に保持し、正規化処理のためsheet2・sheet3へ手作業で整理。normalized CSVはsheet2・sheet3から生成 | operator=道の駅
09,栃木県,09384,塩谷町,,湧水の郷しおや,,,,塩谷町大字船生 3733-1,,,,yes,,,,,,,,yes,,,,,,,,,,,,,,,,,,,,ostomate_toilet_list,栃木県 オストメイト対応トイレ一覧表,https://www.pref.tochigi.lg.jp/e05/welfare/shougaisha/fukushi/documents/20260805165831.pdf,2026-05-01,sheet3:16,ostomate_type=multipurpose_toilet_with_waste_sink,source_processing=栃木県公式PDFをAdobe AcrobatでExcelへ変換。変換後の元データをsheet1に保持し、正規化処理のためsheet2・sheet3へ手作業で整理。normalized CSVはsheet2・sheet3から生成 | operator=道の駅
09,栃木県,09344,市貝町,,サシバの里いちかい,,,,市貝町大字市塙 1270,,,,yes,,,,,,,,yes,,,,,,,,,,,,,,,,,,,,ostomate_toilet_list,栃木県 オストメイト対応トイレ一覧表,https://www.pref.tochigi.lg.jp/e05/welfare/shougaisha/fukushi/documents/20260805165831.pdf,2026-05-01,sheet3:17,ostomate_type=multipurpose_toilet_with_waste_sink,source_processing=栃木県公式PDFをAdobe AcrobatでExcelへ変換。変換後の元データをsheet1に保持し、正規化処理のためsheet2・sheet3へ手作業で整理。normalized CSVはsheet2・sheet3から生成 | operator=道の駅
09,栃木県,09206,日光市,,道の駅日光 日光街道ニコニコ本陣,,,,日光市今市 719-１,,,,yes,,,,,,,,yes,,,,,,,,,,,,,,,,,,,,ostomate_toilet_list,栃木県 オストメイト対応トイレ一覧表,https://www.pref.tochigi.lg.jp/e05/welfare/shougaisha/fukushi/documents/20260805165831.pdf,2026-05-01,sheet3:18,ostomate_type=multipurpose_toilet_with_waste_sink,source_processing=栃木県公式PDFをAdobe AcrobatでExcelへ変換。変換後の元データをsheet1に保持し、正規化処理のためsheet2・sheet3へ手作業で整理。normalized CSVはsheet2・sheet3から生成 | operator=道の駅
09,栃木県,09342,益子町,,ましこ,,,,益子町長堤 2271,,,,yes,,,,,,,,yes,,,,,,,,,,,,,,,,,,,,ostomate_toilet_list,栃木県 オストメイト対応トイレ一覧表,https://www.pref.tochigi.lg.jp/e05/welfare/shougaisha/fukushi/documents/20260805165831.pdf,2026-05-01,sheet3:19,ostomate_type=multipurpose_toilet_with_waste_sink,source_processing=栃木県公式PDFをAdobe AcrobatでExcelへ変換。変換後の元データをsheet1に保持し、正規化処理のためsheet2・sheet3へ手作業で整理。normalized CSVはsheet2・sheet3から生成 | operator=道の駅
09,栃木県,09209,真岡市,,にのみや,,,,真岡市久下田2204-1,,,,yes,,,,,,,,yes,,,,,,,,,,,,,,,,,,,,ostomate_toilet_list,栃木県 オストメイト対応トイレ一覧表,https://www.pref.tochigi.lg.jp/e05/welfare/shougaisha/fukushi/documents/20260805165831.pdf,2026-05-01,sheet3:20,ostomate_type=multipurpose_toilet_with_waste_sink,source_processing=栃木県公式PDFをAdobe AcrobatでExcelへ変換。変換後の元データをsheet1に保持し、正規化処理のためsheet2・sheet3へ手作業で整理。normalized CSVはsheet2・sheet3から生成 | operator=道の駅
09,栃木県,09206,日光市,,湯西川,,,,日光市西川478番地1,,,,yes,,,,,,,,yes,,,,,,,,,,,,,,,,,,,,ostomate_toilet_list,栃木県 オストメイト対応トイレ一覧表,https://www.pref.tochigi.lg.jp/e05/welfare/shougaisha/fukushi/documents/20260805165831.pdf,2026-05-01,sheet3:21,ostomate_type=multipurpose_toilet_with_waste_sink,source_processing=栃木県公式PDFをAdobe AcrobatでExcelへ変換。変換後の元データをsheet1に保持し、正規化処理のためsheet2・sheet3へ手作業で整理。normalized CSVはsheet2・sheet3から生成 | operator=道の駅
09,栃木県,09361,壬生町,,みぶ,,,,壬生町大字国谷1870-2,,,,yes,,,,,,,,yes,,,,,,,,,,,,,,,,,,,,ostomate_toilet_list,栃木県 オストメイト対応トイレ一覧表,https://www.pref.tochigi.lg.jp/e05/welfare/shougaisha/fukushi/documents/20260805165831.pdf,2026-05-01,sheet3:22,ostomate_type=multipurpose_toilet_with_waste_sink,source_processing=栃木県公式PDFをAdobe AcrobatでExcelへ変換。変換後の元データをsheet1に保持し、正規化処理のためsheet2・sheet3へ手作業で整理。normalized CSVはsheet2・sheet3から生成 | operator=道の駅
09,栃木県,09386,高根沢町,,たかねざわ 元気あっぷむら,,,,高根沢町上柏崎588-1,,,,yes,,,,,,,,yes,,,,,,,,,,,,,,,,,,,,ostomate_toilet_list,栃木県 オストメイト対応トイレ一覧表,https://www.pref.tochigi.lg.jp/e05/welfare/shougaisha/fukushi/documents/20260805165831.pdf,2026-05-01,sheet3:23,ostomate_type=multipurpose_toilet_with_waste_sink,source_processing=栃木県公式PDFをAdobe AcrobatでExcelへ変換。変換後の元データをsheet1に保持し、正規化処理のためsheet2・sheet3へ手作業で整理。normalized CSVはsheet2・sheet3から生成 | operator=道の駅
09,栃木県,09210,大田原市,,那須与一の郷,,,,大田原市南金丸1584-6,,,,yes,,,,,,,,yes,,,,,,,,,,,,,,,,,,,,ostomate_toilet_list,栃木県 オストメイト対応トイレ一覧表,https://www.pref.tochigi.lg.jp/e05/welfare/shougaisha/fukushi/documents/20260805165831.pdf,2026-05-01,sheet3:24,ostomate_type=multipurpose_toilet_with_waste_sink,source_processing=栃木県公式PDFをAdobe AcrobatでExcelへ変換。変換後の元データをsheet1に保持し、正規化処理のためsheet2・sheet3へ手作業で整理。normalized CSVはsheet2・sheet3から生成 | operator=道の駅
